,Q_C,Q_i,cannonsville_storage_pct,T_C_mu,T_C_sd,T_i_mu,T_i_sd,Tavg_L_mu,Tavg_L_sd,T_L_mu,T_L_sd,thermal_releases,remained_bank_amounts
1979-01-01,38.7789474072,280.68753049535803,55.558734084064,4.7536893,0.8172041,-1.1704372,1.2189677,-0.4513276822863951,1.0755854312702118,-0.04784077353441124,1.541980111577471,0.0,4860.0
1979-01-02,38.7789474072,2160.444930495358,63.70079710312151,4.0388026,1.0051054,0.6716428,0.71869916,0.7310159599936529,0.7062487415723803,1.1910148532070712,1.1726299368140236,,
1979-01-03,38.7789474072,4513.705930495358,69.48258874576639,2.4504266,0.70867634,0.961497,0.49237102,0.9741799990851105,0.4882142358667879,1.4458013021524159,0.9545928558995505,,
1979-01-04,255.5128974072,3020.7745304953582,71.3358645996105,1.7224802,0.72875386,0.29667455,0.36043644,0.4078710594229527,0.33715141955175615,0.8524247310046741,0.8035361416546747,,
1979-01-05,228.1173274072,1753.245330495358,72.25038047080578,1.730909,0.74643517,0.10425359,0.31135744,0.29153292583822543,0.28860240133714915,0.7305260323166118,0.7549884224052226,,
1979-01-06,92.9431774072,1371.9342304953582,72.90690657478383,2.0787296,0.7461769,0.105243206,0.32008743,0.23045648174256966,0.3034939808088509,0.6665303429725633,0.7698806900163362,,
1979-01-07,104.4664324072,2162.897930495358,73.48047991724349,2.6329079,0.783837,0.11917788,0.35434845,0.23499534788600931,0.3399459973209122,0.6712861514023217,0.8063326552429491,,
1979-01-08,308.4431474072,5758.203430495358,75.5886841285071,2.6858892,0.77785105,0.34844834,0.47171593,0.4672895478663605,0.44947595103562316,0.914683220083735,0.9158600156759112,,
1979-01-09,722.2798474072,2692.3577304953583,76.43953128647918,1.7694726,0.8060221,-0.09835619,0.32499444,0.2967355493416903,0.30778590098215786,0.7359773234392636,0.7741718636301607,,
1979-01-10,431.5173774072,1181.419030495358,76.90865326158813,1.6919568,0.8360783,-0.5635166,0.31630617,0.03990206165945465,0.32204036734496,0.4668680729871743,0.7884292509131882,,
1979-01-11,331.91334740720004,1028.782030495358,77.19981592924997,1.4783106,0.8513358,-0.47557127,0.27053553,0.0010375820443711788,0.2914846247927926,0.4261460040980673,0.7578739569294523,,
1979-01-12,277.4978074072,841.959530495358,77.39845451122737,1.4352844,0.841423,-0.4520104,0.25048882,0.015823567720430937,0.2810648737233795,0.4416387093460792,0.7474540349987138,,
1979-01-13,123.4690974072,817.0032304953581,77.68572961068325,2.1591344,0.836059,-0.27996325,0.27776474,0.040251572793504956,0.26508974090509213,0.4672342895586882,0.7314786204471465,,
1979-01-14,38.7789474072,590.0350304953581,78.15766282775107,2.541717,0.7789594,-0.15500277,0.33931723,0.011303893314125188,0.3219951307803356,0.4369030099528861,0.7883843442568125,,
1979-01-15,54.9368420988,651.022730495358,78.52023961648189,2.0443585,0.74764997,-0.018369853,0.30209273,0.14214894361703592,0.284594869624719,0.5740020063888469,0.7509825813218902,,
1979-01-16,79.5365070988,606.3844304953581,78.782390973919,2.057683,0.77243626,-0.18443322,0.26398975,0.07555314440290808,0.2499761618281418,0.5042231556186351,0.7163646354352113,,
1979-01-17,87.7272740988,608.600670495358,79.22467888395803,2.2688265,0.78137416,-0.23041046,0.26404998,0.08445733788206619,0.2509020165219543,0.5135529391086342,0.7172903879641667,,
1979-01-18,100.8873720988,573.132160495358,79.60199058710053,1.9540316,0.76878065,-0.22672218,0.252206,0.09969345870033901,0.24337760624500548,0.5295172944199469,0.709765803081414,,
1979-01-19,99.8452720988,531.134850495358,79.93204262462127,1.4391348,0.79449034,-0.30977023,0.24731801,-0.033026323453732756,0.24319810236556674,0.39045396035878976,0.709587829083266,,
1979-01-20,55.1918067488,588.571530495358,80.30977883142104,2.0745587,0.7742856,-0.2621597,0.25951594,-0.06182566140924834,0.24637798254880175,0.36027811249461245,0.7127680439001142,,
1979-01-21,249.0295720988,1331.305530495358,81.22560080624586,2.8501303,0.9104943,-0.31975508,0.28126615,0.1797561988924024,0.2769979733516413,0.6134067599124049,0.7433852570316375,,
1979-01-22,54.9368420988,6112.483215495358,83.89099634428909,2.7989779,0.7363832,0.25112557,0.42756256,0.27382079463640785,0.42380477000148925,0.711967321789239,0.8901909901904717,,
1979-01-23,318.0325120988,2922.793830495358,85.12375154795404,2.499794,0.82485104,-0.0011461377,0.34818643,0.2442790077712294,0.3242827602929805,0.6810135384954517,0.7906693133906688,,
1979-01-24,976.1663737036,3101.999930495358,86.04499480636842,2.6750293,0.91000944,-0.2675115,0.37575346,0.43682696650339725,0.35935408896830584,0.8827646314627472,0.8257384901712734,,
1979-01-25,1419.9199737036,8662.623930495358,89.2937999247619,2.6890593,0.83347404,0.93984324,0.60309756,1.1861845168303635,0.5312918902670701,1.6679389111447023,0.9976683202524002,,
1979-01-26,1603.7478737036,5334.378930495359,90.68549637021913,2.8971367,0.6032918,1.0681715,0.64238846,1.4909367680139234,0.5132096358925599,1.9872572781913806,0.9795830077650782,,
1979-01-27,3191.1444629766893,5205.025615029758,89.67355002646727,2.8630838,0.6239413,0.8629888,1.3118565,1.6231678227326607,0.8471268677030418,2.125808525316425,1.313498945706115,,
1979-01-28,2596.379144141201,3947.7885046129218,88.81424242758007,3.1080284,0.5425935,2.1478343,1.3856297,2.52878847234249,0.8631606155154805,3.0747147462682816,1.3295243694836,,
1979-01-29,2003.7110478301377,3063.5701030161767,87.91255860057322,3.0763962,0.5062863,2.2744846,0.7597537,2.591577582157785,0.5010623337837424,3.1405049608989133,0.9674255453903418,,
1979-01-30,680.5704137036,1646.056630495358,88.00327421533616,2.9525466,0.5023679,1.2959852,0.51761675,1.780552210324345,0.394590341101617,2.290715348643377,0.8609609051724268,,
1979-01-31,1103.8983738230577,2149.787785340396,87.53152882699746,2.967279,0.4910559,0.15662807,0.59453124,1.1102151085264307,0.42669079977518276,1.5883384248122725,0.8930680086306815,,
1979-02-01,786.6402321683687,1688.6499510275216,86.98998694864277,2.8188233,0.48177725,-0.7052685,0.46215805,0.4146779355014768,0.35049516162168026,0.8595569524916098,0.8168798082021174,,
1979-02-02,579.0358737035999,883.031230495358,86.69481724371423,2.7038631,0.49641457,-1.7813431,0.48937976,-0.0050256474269052345,0.35497998512226137,0.41979297298417695,0.8213693873956026,,
1979-02-03,569.4195537036,808.048790495358,86.4714086263585,2.6972632,0.5055219,-2.05135,0.5592641,-0.08836250242193737,0.3889767586368929,0.33247290119316986,0.8553671291722282,,
1979-02-04,543.6346837036,801.793330495358,86.17055915187863,2.8798957,0.4857775,-1.7329298,0.67405355,0.13093201759554446,0.4470862269705597,0.5622489496466716,0.9134740666433363,,
1979-02-05,515.0111737036,733.400430495358,85.90116862915448,2.6660738,0.48859346,-1.6294237,0.6266933,0.14261139940734158,0.41972581508738155,0.5744865659851032,0.8861135215114124,,
1979-02-06,169.1869420988,715.806830495358,85.96307282679501,2.6294732,0.48555675,-0.65599394,0.2867344,-0.027901224892174798,0.24980541865355368,0.3958240211123172,0.7161950859196171,,
1979-02-07,164.32446209879998,683.827170495358,85.97070541177244,3.0442948,0.46998516,-0.44582295,0.24673012,0.23036713517225452,0.2187773853230826,0.6664367259416031,0.685164095540347,,
1979-02-08,157.2814320988,664.781930495358,85.9580356177079,2.9847393,0.4571451,-0.5306815,0.2798393,0.14190707361594057,0.242613017223626,0.5737485758284905,0.709000731678811,,
1979-02-09,148.2030720988,625.273890495358,85.92490794955047,2.47855,0.5005816,-0.4414562,0.22715187,0.11803542651447557,0.20716877791039268,0.5487359455967189,0.6735567649001095,,
1979-02-10,136.5551660988,613.321230495358,85.87707453969846,2.1533327,0.5263243,-0.4293666,0.198671,0.04095216439226603,0.18865342051185943,0.46796836704101746,0.6550422919839091,,
1979-02-11,123.5542970988,595.3685304953581,85.80763009560471,2.0431929,0.5300844,-0.40751004,0.19767092,0.013668508947499967,0.1873411399240666,0.439380646130502,0.6537303260868934,,
1979-02-12,122.7908920988,556.4461604953581,85.72912239437551,2.283051,0.48478463,-0.37855697,0.20278311,0.10260232381169271,0.1878238332629588,0.5325651933401654,0.6542119967939739,,
1979-02-13,119.3273620988,549.297230495358,85.60226793779488,2.0416813,0.5046102,-0.40439475,0.21194622,0.03214887527580443,0.19603108772581315,0.4587443107973274,0.662420060642348,,
1979-02-14,121.5359220988,532.586360495358,85.35217871944741,1.9479021,0.5037714,-0.41350305,0.21348323,0.0252460303245167,0.19741785584008364,0.45151153345356315,0.6638069083633618,,
1979-02-15,118.3213220988,512.870080495358,85.10568349648882,2.3765903,0.44684526,-0.40110815,0.22519764,0.11959119437429126,0.20124399647663785,0.5503660738421073,0.6676319656848307,,
1979-02-16,113.3919280988,496.420070495358,84.95340917702798,2.1614203,0.47132704,-0.3950652,0.22819261,0.08030234206517449,0.20539766785513455,0.5091993486948377,0.6717860869596207,,
1979-02-17,97.5942440988,503.641960495358,84.80297926531763,1.7034733,0.52492833,-0.4152156,0.23843102,-0.07130444293938801,0.21714452047516888,0.35034627760892584,0.6835346921725062,,
1979-02-18,86.6372200988,516.8812304953581,84.6423345288811,2.013369,0.4800252,-0.33680582,0.2511865,0.0005701457821320978,0.2258947883601685,0.42565622598034414,0.6922841259024229,,
1979-02-19,116.4270020988,509.905530495358,84.47185510093057,2.66039,0.42465824,-0.4458257,0.24832253,0.1315790385831216,0.21702764424560672,0.5629268960257243,0.6834154765325133,,
1979-02-20,106.0117660988,515.178130495358,84.29158377120365,2.9707937,0.40366778,-0.44211817,0.25394925,0.1403266194375679,0.22159095585120872,0.572092581342904,0.6879786883297649,,
1979-02-21,108.4658920988,483.002650495358,84.10167755119461,3.264234,0.39525315,-0.44334888,0.25561228,0.23656266321082353,0.22096372887593968,0.6729283790420626,0.6873503690940757,,
1979-02-22,105.7941020988,464.8743504953581,83.92022177634713,3.5053153,0.3857645,-0.61171925,0.324727,0.1515224740407127,0.2740237705244994,0.5838235595249647,0.7404113753879817,,
1979-02-23,134.4339520988,580.825460495358,83.74074529071478,3.4091487,0.39129838,-0.6293739,0.3473171,0.12967175336380893,0.29146960276263917,0.5609284490926569,0.7578574568229504,,
1979-02-24,205.9567520988,801.1955304953581,83.98586105933694,3.6599483,0.41702533,-0.45048857,0.28060266,0.39007174475679157,0.23895646180246738,0.8337746699413838,0.7053413816396679,,
1979-02-25,574.0428420988,1792.959400495358,84.20299765160689,3.7827134,0.37865165,-0.8388679,0.4414335,0.2819530351731056,0.34675799442291566,0.7204882556249173,0.8131441231441934,,
1979-02-26,666.3286420988,1605.421700495358,84.06576481153029,3.7016482,0.40257683,-1.3298782,0.5691969,0.14592224196634565,0.4192186047756394,0.5779556555008786,0.8856062734550147,,
1979-02-27,543.5251420988,1511.749435495358,83.90366041681557,3.6517448,0.3562672,-0.9625584,0.41150466,0.2577115678142685,0.3170051983555848,0.6950881289916385,0.7833915999569978,,
1979-02-28,447.3998820988,1371.942990495358,83.72942338933413,3.730411,0.35145655,-0.80279315,0.37023637,0.31198024592437706,0.2922619748435315,0.7519506644072145,0.7586477664875916,,
1979-03-01,421.5996420988,1312.397400495358,83.83493640404907,4.0243073,0.32350186,-0.6505039,0.42791334,0.48611784390708745,0.3332858667463987,0.9344114443138984,0.7996697238947732,,
1979-03-02,403.0854920988,1251.800886495358,83.95830844451241,4.002263,0.32212913,-0.41431773,0.54785365,0.6614417127582759,0.4217736823371865,1.1181151947815098,0.8881556268387055,,
1979-03-03,373.0741720988,1012.735490495358,84.12434529410511,4.161717,0.32790005,0.18297887,0.5641903,1.2540959571839945,0.4216483378099689,1.7390962862035915,0.8880240771251731,,
1979-03-04,54.9368420988,1529.676430495358,85.08266753200037,4.4162884,0.34873736,2.367915,0.7638611,2.4389298253597294,0.7374779897258332,2.980561163126163,1.20384252772026,,
1979-03-05,54.9368420988,45.06893049535805,93.76468007162686,4.413777,0.36216915,3.6414685,5.4505157,4.065725852819887,2.4643913316237738,4.68511247977489,2.9307431052688746,,
1979-03-06,3546.4624715071823,2310.1197,100.0,3.7955785,0.43843922,3.5366735,4.9445543,3.6934538325267843,1.9683594540905802,4.295047129460018,2.434713881656287,,
1979-03-07,4455.09444339921,7374.775615029758,100.0,3.4894395,0.45313177,1.9364042,1.0725068,2.5212727618207356,0.69003761569352,3.0668398104747583,1.1564014348831704,,
1979-03-08,2924.5394379352,5989.754615029759,99.6972028147422,3.2350101,0.3879854,2.1955924,0.8446974,2.5365973294137265,0.581672999324525,3.0828968400142807,1.0480366855956023,,
1979-03-09,2982.9764479352,4789.542915029758,98.64783972456752,2.8266497,0.36044505,2.5982237,0.8648327,2.6858901538674242,0.5505841582606634,3.239325351144875,1.0169465636832424,,
1979-03-10,2678.1251416319787,4654.895615029758,97.70341256109018,2.6672196,0.37179112,3.2185574,0.90354985,3.017200856056501,0.5894138355749877,3.586471572369611,1.0557734895812843,,
1979-03-11,2260.2261707811454,5934.961115029758,98.07876798814851,2.170387,0.40740538,3.1544623,0.6732663,2.883055146023822,0.5003593529469966,3.4459141559515394,0.9667201058623044,,
1979-03-12,2216.358295313127,4195.139615029758,97.48816162941606,1.9238111,0.40805376,2.4857216,0.7885945,2.2914775849989155,0.5349226719648602,2.8260612097163706,1.0012885165030718,,
1979-03-13,826.3811990222018,3295.687815029757,98.0654309940806,2.5090919,0.31389746,2.808487,0.6811152,2.748465025216793,0.5481910372355933,3.3048910874432464,1.0145529133812858,,
1979-03-14,387.7894737036,2625.037492087029,99.17677561090667,2.663414,0.32398275,3.7425146,0.6595976,3.6036205211439465,0.5762098472176246,4.200920092872893,1.0425649389404512,,
1979-03-15,969.4736841976,2178.6953444818146,99.01093671052304,2.2401528,0.33545983,2.3425784,0.7670954,2.311036616841812,0.5408274180167844,2.846555096422152,1.007193087816217,,
1979-03-16,1040.6370241976,1570.408912787153,98.52127411457384,2.2143662,0.323046,0.58643794,0.83433187,1.2352516565737681,0.5180611737131975,1.7193512924402152,0.9844371041492934,,
1979-03-17,387.7894737036,1454.2548551514064,98.63856907819309,2.521576,0.30032477,1.7700236,0.5854785,1.9282413227395723,0.4665268574201765,2.4454634957820773,0.9328960265812573,,
1979-03-18,420.2221992426074,1368.2868975758445,98.6696387967712,2.6710777,0.36312094,2.905817,0.6973581,2.85066345921246,0.5402879671402682,3.4119742572360363,1.0066489884896497,,
1979-03-19,403.8769697036,1155.0394255928302,98.86491889326344,2.7572536,0.40673083,3.543859,0.7018901,3.340068866292016,0.530615866223559,3.9247715698253027,0.9969729596954195,,
1979-03-20,448.8632079364359,1168.5532098008396,98.96060505923924,3.039599,0.4302921,4.3119087,0.73157763,3.9588190394332234,0.5418727705956544,4.573095886151004,1.008225290155691,,
1979-03-21,421.2618777036,1135.8205604493005,99.04916290692984,3.3274264,0.4762244,5.5425887,0.81050456,4.943286196380114,0.6051017503320354,5.604617207967331,1.0714478950355073,,
1979-03-22,414.3070027036,1028.779222148498,99.26693646164996,3.74157,0.53498816,7.53156,0.97853523,6.443461846683592,0.7143085088929662,7.176496126261395,1.1806470707647312,,
1979-03-23,420.6200517036,946.201644369016,99.48670490292746,3.9702277,0.5488598,9.166415,1.0924331,7.567361980611167,0.7748844863773553,8.354114844730297,1.2412190538756096,,
1979-03-24,1133.3645341976,1173.053556329692,99.25572129562188,3.9065418,0.47836724,10.487254,1.4135278,7.253518688600863,0.756380447290047,8.025270916181524,1.2227159848093476,,
1979-03-25,1243.0837919163016,5299.787697488903,100.0,3.775041,0.47445592,8.966252,0.89722985,7.979971220432298,0.7323335761828252,8.786445395780751,1.1986670398108281,,
1979-03-26,1686.269772006161,4224.985867553263,100.0,3.6423144,0.37389794,6.5163765,0.8322525,5.696509402416982,0.6043274609956925,6.393841908488039,1.0706694767007576,,
1979-03-27,1250.5932720061612,2872.0945675532635,100.0,3.5400681,0.3354123,3.9468303,0.70178074,3.823441358873108,0.4993745898341789,4.4312476152255655,0.9657280727126472,,
1979-03-28,1032.2565720061612,2409.415167553263,100.0,3.556459,0.32583332,3.6870775,0.68539846,3.6479012469619847,0.4896786266519132,4.247317286018944,0.9560333898443654,,
1979-03-29,1109.1993720061612,2639.909467553264,100.0,3.7095757,0.38516262,4.891196,0.79228055,4.541605417475251,0.56939812399204,5.183737460907868,1.0357467358943877,,
1979-03-30,1001.979472006161,2475.2690675532635,100.0,3.7957277,0.3108281,6.9217052,0.9634418,6.020945560396738,0.6916469606050347,6.733785005789701,1.1579873977601882,,
1979-03-31,969.4736841976,2200.519167553264,99.92144565079263,3.9062815,0.32774767,8.358014,1.0885321,6.996548059022576,0.7622471993986752,7.756017968919548,1.2285836150416911,,
1979-04-01,402.5069356351046,2001.8965269603325,100.0,3.8269663,0.44747362,9.283094,0.9327186,8.369716329466407,0.7801821893341111,9.194818988749683,1.2465147890958501,,
1979-04-02,1040.3515681976,1767.994762379787,99.84172483102276,3.9326634,0.3650456,8.363859,1.0599359,6.722323236900365,0.6808478482543588,7.468686137690556,1.1471852842847932,,
1979-04-03,349.9809860977661,2152.728768927978,100.0,3.9367418,0.4305514,7.5943565,0.85987127,7.082872694329231,0.7420727231767901,7.846468626707857,1.2084088354058273,,
1979-04-04,1113.3432341976,1509.7103946177804,99.71401561520304,4.011808,0.4101331,7.5070496,1.1179333,6.023510073875404,0.6665641135580839,6.736472094246297,1.1329045387151053,,
1979-04-05,271.17243618251507,2306.717603816029,100.0,3.835639,0.39678907,7.113993,0.8173895,6.7691377735061415,0.7325969381098728,7.5177382491186,1.1989341938557976,,
1979-04-06,1061.1707941976,1557.101725063672,99.73915879361454,3.7642808,0.33783305,5.5147038,0.93583465,4.805267393926019,0.5731416058224682,5.460001578549604,1.0394885774543314,,
1979-04-07,83.1961120988,1622.5150923771166,99.91300377720704,3.5263844,0.4051942,4.715848,0.66679645,4.657831847670711,0.6345812663222503,5.3055191171664955,1.10092914536827,,
1979-04-08,74.0480473574101,1527.022278332589,100.0,3.7814374,0.40815488,4.0902205,0.6216251,4.075939515742765,0.5931759723270487,4.695814320871822,1.059527675392948,,
1979-04-09,998.8924881976,2194.644807681545,99.8551718817374,3.59058,0.4351361,3.5503826,0.6788119,3.562955773504802,0.4859389483792198,4.158311709302083,0.9522943437796885,,
1979-04-10,633.8343905736933,4028.339349799408,100.0,3.6688962,0.43667802,4.846626,0.66004246,4.686510466209738,0.5733896717421416,5.335568475638734,1.0397373723337833,,
1979-04-11,1117.5493463681598,3004.612304928836,100.0,3.8864298,0.4570747,5.794988,0.75460154,5.277563479223065,0.5638093201586541,5.954871802260447,1.0301535523471006,,
1979-04-12,1229.5468799735631,2597.605988444527,100.0,4.119781,0.48987558,7.403663,0.99992853,6.348652506993338,0.6966911498565815,7.077155224223462,1.1630301147597668,,
1979-04-13,1181.66241365034,2293.4771812732056,100.0,4.1578293,0.50480896,8.331338,1.0504357,6.912206937606424,0.7141874933067339,7.667645630205405,1.180524213623635,,
1979-04-14,1391.051639088797,3813.802065820956,100.0,4.0013037,0.4439733,6.9973664,0.83446693,6.196637292984247,0.6228536740595283,6.91787420262275,1.0891933066312327,,
1979-04-15,1012.9522111648002,4146.107567849939,100.0,4.099934,0.38688895,6.779082,0.7887136,6.253046318152582,0.6383897787382461,6.976979386369525,1.1047291604708822,,
1979-04-16,838.4307321026183,3041.932925272087,100.0,4.1219835,0.34929562,6.6002297,0.79714364,6.0647547256004515,0.6294457473687621,6.7796880993360125,1.0957859805950658,,
1979-04-17,978.6743820803453,2826.8835276954896,100.0,4.151422,0.3350238,6.7528377,0.8505259,6.08383224567315,0.6376439926111794,6.799677459654947,1.1039841377189195,,
1979-04-18,756.0860553557404,2298.681313426782,100.0,4.190371,0.43665117,7.3236594,0.8657838,6.548138613299929,0.6603969469565246,7.286176084502367,1.1267350757921137,,
1979-04-19,627.8894969538096,1926.492399333016,100.0,4.3559976,0.51703,7.746519,0.8811078,6.913099129624193,0.6765676948687821,7.668580465951817,1.1429044119201515,,
1979-04-20,536.7371571058372,1613.4286106863285,100.0,4.557033,0.54133797,8.230232,0.9146737,7.313306430924823,0.6995237113074892,8.087916308214396,1.1658590553495167,,
1979-04-21,427.9328463937154,1359.6038711392666,100.0,4.9810658,0.59731483,9.391155,1.0100052,8.335388314613914,0.7814073493591848,9.15885021213169,1.247740018231239,,
1979-04-22,341.0715127702915,1137.777396917426,100.0,5.3473372,0.6799504,10.624716,1.1073126,9.407577612756494,0.8662426381224335,10.282286493629721,1.332573784811486,,
1979-04-23,299.5145199963804,1065.5030796248184,100.0,5.623266,0.7021205,11.97472,1.0770597,10.581073039407434,0.854728377308831,11.511870990281137,1.3210593650882139,,
1979-04-24,263.6445468779691,929.948316414806,100.0,5.9598627,0.7603208,12.995464,1.0590097,11.441418504903071,0.8420105602378448,12.413338028083617,1.3083424322074575,,
1979-04-25,237.57460420904528,847.2047266113915,100.0,6.1428328,0.8358293,12.742647,1.0289979,11.297239563276277,0.8242240612188413,12.262267825898117,1.290555725962666,,
1979-04-26,265.31081297135006,926.9853447250116,100.0,6.6280375,0.9547726,11.885187,1.0127169,10.715361472057007,0.8155265189485679,11.652577950969317,1.281857588978535,,
1979-04-27,1046.79710308124,2539.8066942262526,100.0,6.9398336,0.98882616,12.364848,1.177222,10.781486890618583,0.8821775999134814,11.7218639384997,1.3485087180236632,,
1979-04-28,1623.073449755918,6076.585091143694,100.0,7.0960217,0.90251684,12.66886,1.0690577,11.4941165658922,0.8648862920109911,12.468554876248717,1.3312182456559127,,
1979-04-29,973.952647903772,3477.1107193596213,100.0,7.1741304,1.1372937,11.238253,1.0399213,10.348967933734068,0.8496340233506345,11.268672053968196,1.315964917601995,,
1979-04-30,745.0379448195739,2793.8291206594545,100.0,7.3291464,1.2295157,11.059469,1.0234071,10.274124080301233,0.8484015111617517,11.190250920182185,1.3147323883925246,,
1979-05-01,602.9726465248057,2142.0296987340434,100.0,7.350113,1.3002452,10.583538,1.0020202,9.873277491306837,0.8324457061637567,10.770245234459374,1.298776601283406,,
1979-05-02,500.9252799120232,1726.1601398091527,100.0,7.2837367,1.2888749,10.353973,0.96453947,9.663403033285007,0.801831739127766,10.550339494764046,1.2681627169154222,,
1979-05-03,522.5057345433097,1555.1010951206426,100.0,7.542065,1.33639,10.827171,1.0404152,10.000986701036531,0.8481872813515903,10.904058507862054,1.3145181508231258,,
1979-05-04,758.0920211177769,2350.055372066707,100.0,7.7577934,1.2923783,11.91358,1.0978603,10.899963725279694,0.8879224497248949,11.846003560864814,1.3542536664881666,,
1979-05-05,540.8592796135013,1617.456443077197,100.0,7.7975125,1.2931163,11.681866,1.0006112,10.708473138741962,0.816886256044653,11.645360378868402,1.2832173213536966,,
1979-05-06,385.9808742557488,1209.693720030759,100.0,7.781732,1.3394637,10.764517,0.9967127,10.043005145729936,0.8221526214804219,10.948085290578934,1.288483486591843,,
1979-05-07,309.9811863401213,1016.4414403443908,100.0,8.837879,1.5973566,11.947433,1.0406115,11.220739498996407,0.8804745733869207,12.182111320048058,1.3468061378331484,,
1979-05-08,243.85307189644985,857.8098981813373,100.0,10.112241,1.8013479,15.52334,1.0953742,14.325593495836397,0.9415121559927622,15.435366724524565,1.407853168289945,,
1979-05-09,204.6304445663108,747.2794040675863,100.0,11.362958,2.104895,19.083893,1.1989987,17.424136557799095,1.0443651797220879,18.682009553009497,1.5107266124552412,,
1979-05-10,185.53374977459305,678.281690495358,100.0,12.079698,2.284291,21.491741,1.3275361,19.47018465868032,1.1520938040909874,20.825851759047303,1.6184747396239332,,
1979-05-11,170.56566859607992,654.301460495358,100.0,12.139773,2.4921293,22.350765,1.3357302,20.239340742909583,1.178200653717195,21.63177087487418,1.6445901587622016,,
1979-05-12,135.5973202964,628.459730495358,99.99005126806492,11.512317,2.6660984,21.374893,1.2660879,19.624580248945286,1.1438432528355347,20.98762693075201,1.6102258542958419,,
1979-05-13,315.44783252004004,671.0332929716164,100.0,11.737514,2.8231652,22.121767,1.359361,18.801186269774405,1.2922901002879308,20.124877534008274,1.7586641322599497,,
1979-05-14,380.6966212753627,661.0190404062355,100.0,11.661792,2.9545062,22.289099,1.3118815,18.405332762555837,1.363375047166482,19.710103582302178,1.8297452352251606,,
1979-05-15,311.2072152143767,561.834930495358,100.0,11.37436,2.8856788,21.74858,1.300711,18.050555131667593,1.3261816264280053,19.338368793404136,1.792548521697943,,
1979-05-16,361.9915826513194,604.8516189319414,100.0,10.85703,2.939918,22.312683,1.2827848,18.023621526524142,1.362204026567817,19.310147854002754,1.8285706777376753,,
1979-05-17,282.01686090564544,568.589030495358,100.0,10.154689,2.940468,20.516527,1.1717987,17.0810782193253,1.2505951560957689,18.32255419864292,1.7169537874335528,,
1979-05-18,229.33893136228355,530.2290304953578,100.0,9.802796,2.836811,19.146046,1.1973817,16.32500672276378,1.1967827962790867,17.530345069046877,1.6631357287493536,,
1979-05-19,338.25906398288754,544.632580495358,100.0,10.275449,3.1730354,20.150045,1.3119359,16.36682712277789,1.4604199316067437,17.574164341225778,1.926773162217239,,
1979-05-20,504.6575004159173,598.7563304953579,100.0,11.112031,3.3156672,24.099634,1.5509114,18.15962220275096,1.7343299261242473,19.452648897658158,2.2006978183533246,,
1979-05-21,388.6804562964,583.940930495358,99.99027449514564,11.037785,3.347797,24.726433,1.4306167,19.256154118382245,1.5898353088413253,20.60159129054978,2.056213980067775,,
1979-05-22,328.7397362964,566.928600495358,99.85638159081869,10.295388,3.0567749,24.036911,1.3220416,18.99332021668959,1.3996397492117936,20.326194826808962,1.8660157114797982,,
1979-05-23,453.2077062964001,733.0553304953581,99.84109658728632,10.270942,3.0984023,21.810188,1.4444617,17.4016589005144,1.4825581833993347,18.65845754054262,1.9489194284609883,,
1979-05-24,1726.2092789886392,5401.33464982354,100.0,11.981393,2.8369458,15.239792,1.1974899,14.45064505301201,1.1382344624551355,15.566395318665808,1.6045760862549536,,
1979-05-25,2689.6381526654536,8261.165261525965,100.0,12.948352,2.7783697,14.999872,1.3452485,14.495996173239334,1.222934510518758,15.61391406741495,1.6892763605049756,,
1979-05-26,2854.661464582913,10749.984055737386,100.0,13.347745,2.7547214,14.94982,1.3033434,14.613656400322222,1.180986135663919,15.737198051151033,1.6473285834425497,,
1979-05-27,2284.367741033677,8203.219363985458,100.0,13.68051,2.643528,13.845789,1.2120485,13.80978840576204,1.1092061270595532,14.894907914336146,1.5755448060982489,,
1979-05-28,2066.0501046496333,7318.644903950934,100.0,14.544721,2.6671042,14.229003,1.2708107,14.298508523148342,1.1519221847384837,15.406987182727368,1.6182630669464166,,
1979-05-29,1837.9979877185465,5907.45809100524,100.0,14.60675,2.6048853,14.007042,1.2671871,14.149352643028546,1.1472518842229968,15.250702161401716,1.61359206506706,,
1979-05-30,1777.880872006161,5484.024167553264,100.0,15.05115,2.489061,14.022584,1.3022856,14.274400591959582,1.1569481865050073,15.381726974836624,1.6232889536281898,,
1979-05-31,1283.859372006161,3602.101667553264,100.0,15.091538,2.3099067,14.389938,1.4617229,14.574294272211997,1.2368092166782771,15.695954547869844,1.7031514627086255,,
1979-06-01,802.5957685195726,2419.3968734481227,100.0,15.567179,2.1876035,14.6538315,1.4421276,14.881345543848573,1.2122747362750894,16.017681820688384,1.678618603081179,1.5045138437834973,4858.495486156216
1979-06-02,624.4746462067518,1921.160064659844,100.0,15.642827,2.1427305,15.499687,1.3583084,15.534801109654056,1.1520082109038212,16.702370328813267,1.6183558859011176,1.5166182495096177,4856.978867906707
1979-06-03,594.3646681193799,1944.8381775882567,100.0,15.811494,2.1251478,15.346519,1.3052056,15.455358493224342,1.1166152740255055,16.61913062687921,1.5829624599729932,1.508054836645829,4855.470813070061
1979-06-04,488.24260947727436,1417.5005289879994,100.0,15.984832,2.4972284,15.218651,1.3112528,15.414942857116722,1.1664293816117655,16.576783261519587,1.6327763215300821,1.4982327076560318,4853.972580362405
1979-06-05,394.7918972430142,1057.7515836794994,100.0,15.453129,3.165094,16.177952,1.3535085,15.980949622914643,1.308245851813154,17.16984321592531,1.7745964073948395,1.6292480054225786,4852.3433323569825
1979-06-06,338.08377665976514,909.6806858123188,100.0,14.326707,3.5652523,17.069273,1.2958404,16.326170321648757,1.3511818438358436,17.53156428398099,1.817534784574428,1.8946642799074982,4850.448668077075
1979-06-07,307.9320862000492,751.6381409378876,100.0,13.764171,3.5760558,17.700922,1.3076726,16.5568241226087,1.393053500036215,17.773242548176242,1.859408110332089,2.05723725446415,4848.391430822611
1979-06-08,269.0874992045391,675.219590495358,100.0,13.161202,3.695882,19.797031,1.3455892,17.906101383461316,1.4265011136669372,19.187010649824035,1.8928667094544855,2.2407241806904943,4846.150706641921
1979-06-09,232.78223946766317,630.341290495358,100.0,12.117308,3.7397466,21.593819,1.444135,19.038027544612408,1.4593054531700893,20.373039012182137,1.9256818706491883,2.5364184780552654,4843.614288163865
1979-06-10,191.83817664940028,635.2290304953581,99.99512247562616,11.147702,3.5151367,22.04932,1.5053198,19.520690742811155,1.414736941574196,20.87877186135318,1.88111841906769,2.8335866494003223,4840.780701514465
1979-06-11,403.5399177396862,519.834052524094,100.0,11.400119,3.5616338,26.564098,1.7445433,19.937020652542383,1.840481374614035,21.31500091761696,2.3068674306909953,2.8517295159215816,4837.928971998544
1979-06-12,382.33474946025945,590.2978871564173,100.0,11.917787,3.8599145,20.684988,1.2227463,17.238665501318096,1.6890573196830636,18.487673614029795,2.155417221157866,2.8120689446942633,4835.1169030538495
1979-06-13,298.9622614299576,483.503160495358,100.0,11.374776,3.551799,19.18529,1.198703,16.20106961758435,1.546047113482209,17.400484193897668,2.01239917414412,3.032851375330308,4832.084051678519
1979-06-14,271.8701623930523,457.310350495358,100.0,10.173074,2.9664626,21.732063,1.2579796,17.42237000945794,1.3585786916091114,18.680158569696278,1.8249401095719975,3.4487988383835977,4828.635252840136
1979-06-15,221.0618134873769,421.975030495358,99.9809227700347,9.382871,2.280461,25.123718,1.4343846,19.712363770756692,1.2249941250154506,21.079606204833045,1.6913776858133214,3.7662694873768903,4824.868983352759
1979-06-16,487.4874339416593,557.157130495358,99.7709805384912,8.934115,1.6539872,31.842474,1.9611516,21.1521996864672,1.2999211368724695,22.588261355481656,1.766321690256147,4.009130238059288,4820.859853114699
1979-06-17,224.19526773653328,409.7154704953581,99.5904082155489,8.259992,1.4170234,28.129675,1.7999916,21.102362245971936,1.2667409812743915,22.536041855691487,1.7331409068881318,4.346803044933301,4816.513050069766
1979-06-18,219.5006100110516,378.0390804953579,99.42738193808594,8.337634,1.2526966,28.08788,1.6802036,20.832811584657914,1.1583240674790793,22.2536075941795,1.6247206469509612,4.521985319451776,4811.991064750314
1979-06-19,218.01590823742245,372.6034704953578,99.24597893999392,8.096519,1.0577806,28.063587,1.5795853,20.69312397630771,1.0702774181593373,22.107243395648354,1.5366722962587986,4.795493545822447,4807.195571204491
1979-06-20,213.87979350696304,342.2576804953578,99.04243535637664,8.090822,1.0182168,28.064604,1.5932575,20.383070945766658,1.0558229403535782,21.782370890110705,1.5222141217711642,5.0321988153629915,4802.163372389128
1979-06-21,213.73507294136752,327.40990535933605,98.82028982616428,8.027726,0.9731412,28.019672,1.5962775,20.123488829322987,1.0394707166784096,21.5103816358381,1.5058588876964678,5.3066357430639135,4796.856736646064
1979-06-22,215.1322282852286,337.74293431540247,98.65103250557762,7.8048825,0.95197386,27.368088,1.7676529,19.755743751598676,1.1416013664880515,21.125059600472227,1.6079854046146203,5.658437933610416,4791.198298712454
1979-06-23,221.2848581524925,366.1936304953583,98.63903807577958,7.7998533,0.955125,25.735464,1.6042471,18.979677863770796,1.0627256135306344,20.3119004160547,1.5291014373469787,5.984033460892412,4785.214265251561
1979-06-24,219.34666389288873,341.98893028966245,98.6219733899078,7.383992,0.9462766,23.833809,1.6833459,17.405902931406054,1.0901873559448063,18.662904421603404,1.5565486363966732,6.4771425074503295,4778.737122744111
1979-06-25,230.41720940956705,392.1549106092815,98.579822402737,7.492012,0.926466,21.38948,1.3291984,16.2459545284196,0.904748351025744,17.44751445003945,1.3711007253917802,6.839318680936587,4771.897804063175
1979-06-26,238.41752242169642,421.74635289745686,98.50814531569718,7.5926886,0.9391539,21.959394,1.2530029,16.770873009330398,0.8693739228882437,17.997522239993724,1.3357301369776968,7.255977118421677,4764.641826944753
1979-06-27,226.13652646443455,447.22366520105845,98.38126142446816,7.843813,0.95868737,22.780045,1.2723533,17.763966122049133,0.9043095021381405,19.038081808781435,1.3706738425904024,7.657817356300081,4756.984009588453
1979-06-28,267.82035996371155,407.4236287057487,98.2045292136651,7.663096,0.88599694,25.149569,1.8870378,18.213952000472172,1.1915825594552638,19.509575473993323,1.657950953377228,8.287465344701051,4748.696544243752
1979-06-29,260.94302633119435,338.64880869882444,98.08686937894802,7.9236197,0.9129515,26.772217,2.198298,18.569286621878334,1.3036189857976697,19.881893875652057,1.7699907441831577,8.802589510277318,4739.893954733475
1979-06-30,377.5446240079361,217.024690495358,97.77702571272552,8.014457,0.9364979,32.992622,4.4310555,17.13177668459883,1.7232429473752766,18.37567587725249,2.1896019842388292,9.47576931633607,4730.418185417138
1979-07-01,307.82236095980875,308.994600495358,97.53145960513709,8.026756,0.95480883,31.520666,2.9893281,19.79603589051766,1.571486444957697,21.167277565899756,2.0378709283634717,10.25836626820886,4720.159819148929
1979-07-02,275.4059965735327,429.3152294953581,97.44588141981704,7.7826467,0.90326315,27.721323,2.1244335,19.929261657126105,1.3414788551563956,21.30687106874258,1.80786482409157,11.352596881932566,4708.807222266997
1979-07-03,246.10673131355014,353.5140283771892,97.21241056057788,7.8891773,0.8846648,27.60257,1.7652653,19.511457901182453,1.1022566412498915,20.869097721455514,1.5686380194516032,12.4400272251924,4696.367195041805
1979-07-04,284.47533755247395,411.5202692977568,96.90309147404618,7.4875793,0.8592964,25.880745,1.973937,18.362878531027878,1.218827888773662,19.665620183629713,1.6851976752218616,14.112192582488806,4682.255002459316
1979-07-05,277.4355711453627,377.1378095776017,96.59066165689276,7.3558245,0.89655006,22.896185,1.7564306,16.309530308614153,1.0809735404298018,17.514128935204372,1.5473263630748018,15.92345254110419,4666.331549918212
1979-07-06,291.3400347805477,413.042715637716,96.21841710897183,7.631469,0.9226084,21.780703,1.4780222,15.928432258907394,0.9469858926223891,17.114815701440143,1.413336097301638,17.803261452563756,4648.528288465648
1979-07-07,299.8148659839663,422.9150241180225,95.82291881566518,7.7864237,0.9086561,23.488735,1.6180786,16.974840468418833,1.0191139069676867,18.21123864639871,1.4854716980664484,20.28035878960816,4628.24792967604
1979-07-08,308.81142642684534,441.2615100078334,95.48117366633188,8.101414,0.9271176,26.186657,1.7700131,18.740808039976226,1.1090392660285568,20.061613431218394,1.5754127001204046,23.166632718308833,4605.081296957732
1979-07-09,341.67545418590424,455.0103323716867,95.09964283149414,8.153486,0.9242951,29.405035,2.0669334,20.290861401585474,1.24526370822535,21.685754044920216,1.7116538114568904,27.159827698176432,4577.921469259555
1979-07-10,394.9551503624475,502.1082071803798,94.59221888127026,7.9755254,0.9112722,30.101141,2.5598533,20.359771248377132,1.4879251008691983,21.75795754683199,1.9543160089306555,32.98242381653529,4544.9390454430195
1979-07-11,467.41335198308786,567.1805237667221,94.0545451526012,7.877621,0.8899184,29.80869,2.602821,19.900575199160958,1.4824673114028621,21.27681349614645,1.9488529587562413,40.99544563027018,4503.943599812749
1979-07-12,537.9409740308975,641.0734916632462,93.5490062661025,8.019477,0.8931148,30.061676,2.166518,20.00463057142274,1.2465042618779842,21.38584235950685,1.7128910801995039,51.757649289495156,4452.185950523254
1979-07-13,543.7339584312824,656.9013777992913,93.06697513139144,8.234263,0.88526624,32.603127,2.0106347,21.56715415430789,1.170852298784492,23.023049228434246,1.6372581893290148,66.72241551208158,4385.463535011173
1979-07-14,621.970498976158,653.6028669975275,92.52764289584906,8.2535,0.9092146,36.053246,2.4240272,22.498069434297722,1.3188184572654638,23.9984590766329,1.7852370374379791,154.82520772697265,4230.6383272842
1979-07-15,633.3073444341134,656.025183665425,92.03850452290936,8.144371,0.88015246,36.151253,2.5865383,22.39455034628376,1.3852460949045646,23.889992130074173,1.8516632150156465,178.83314052211065,4051.8051867620898
1979-07-16,519.3227832725175,586.1984631658441,91.6588465853995,7.7751007,0.8048271,32.163193,4.1363854,20.70679435030418,2.2256491521162998,22.12156716679202,2.6920441957339136,164.40259455411947,3887.4025922079704
1979-07-17,443.4230086164528,476.1431009948423,91.37653211638796,8.131114,0.9266267,31.617592,2.983907,20.29220202239188,1.6083546199264895,21.687158742818486,2.074744738763975,123.16473986774263,3764.2378523402276
1979-07-18,308.3481086615629,263.8746849057063,91.22714004557773,7.8828073,0.77369976,33.24037,4.7676506,19.57618858153719,2.2377344279078786,20.936922307060446,2.704116504289763,80.19012807826385,3684.0477242619636
1979-07-19,318.68268819110546,360.4934397216381,91.0272776744748,8.072185,0.7935247,33.731102,2.5039039,21.691437393671574,1.380194929131797,23.153272781798513,1.8466024565211088,52.86799564634294,3631.1797286156207
1979-07-20,387.2981733414803,477.684049360071,90.61093656869478,8.142556,0.8100941,34.102383,2.3332186,22.478798835880436,1.338594116618515,23.978267409484513,1.8050124240653047,38.49946643864986,3592.6802621769707
1979-07-21,434.44906016877127,560.5223206692879,90.1534521412736,7.9444385,0.7545463,33.330044,2.114689,22.245551723797973,1.2360403277598333,23.733871882759875,1.7024553678590486,30.313787332338062,3562.3664748446326
1979-07-22,604.5955926655058,543.70298481951,89.79479535608091,7.978842,0.7856144,37.308098,2.7717261,21.86582585857473,1.3760152360566105,23.335996419206893,1.8424250899625314,24.524300602400096,3537.8421742422324
1979-07-23,470.7885563657098,576.4566657822319,89.40573171739672,8.084764,0.8096738,33.646065,2.1883268,22.15499480539109,1.2583584401906314,23.638986653206484,1.724772228520174,20.32885395000074,3517.5133202922316
1979-07-24,393.25175415748333,569.7850215936289,88.98596286066822,8.059781,0.79953456,31.266262,2.080767,21.78999948279042,1.273651579451033,23.256545801859595,1.740060417485295,17.45615569155144,3500.05716460068
1979-07-25,376.8981611133355,536.3499398554031,88.5728612258235,8.172441,0.80074906,31.20784,1.941638,21.701113722329257,1.1872429293177902,23.16341160588916,1.6536505848879797,15.114490326060627,3484.9426742746195
1979-07-26,398.4106810789411,553.6708924957411,88.18746275207656,7.93716,0.7429582,31.218388,2.3236632,21.476060898366683,1.3866007997740553,22.927602026245765,1.8530055018097653,13.558729087079236,3471.38394518754
1979-07-27,412.72843569034796,554.80416181951,87.82648246331573,8.139296,0.7662806,32.897987,2.0013015,22.336466071675595,1.1932358526463542,23.829131625690895,1.6596521588861162,11.92482840907788,3459.4591167784624
1979-07-28,420.1838444023463,594.6063181828941,87.3651321093225,8.180969,0.7596052,33.13781,2.0030165,22.804184558361413,1.21506100928446,24.319205457224633,1.6814839786594449,11.54638163285552,3447.912735145607
1979-07-29,633.3975988812866,649.1507688195094,86.82099585690224,8.127556,0.74478734,36.432217,2.4244022,22.45371521889138,1.2810315045315688,23.951984881347435,1.7474494576202213,9.755423129442873,3438.157312016164
1979-07-30,328.74006492701244,479.379720242413,86.49071250575717,8.240814,0.7507896,31.633251,1.9691176,22.117296509792624,1.2073566371000448,23.599486507943585,1.673769907089078,8.903681123993326,3429.2536308921703
1979-07-31,335.129500683597,412.8767821930032,86.05466715674055,8.229912,0.74400765,32.99486,2.346873,21.899413007703725,1.33760324849451,23.37118891925233,1.8040135544794176,8.236612028200494,3421.01701886397
1979-08-01,331.5821382890293,378.1856666866159,85.66540622754965,8.088423,0.7278198,34.401207,2.7773702,22.10866680914421,1.5184252995978627,23.590444337103335,1.9848384511595607,7.697642490054472,3413.3193763739155
1979-08-02,288.71373831004064,370.4687839795207,85.3229699317181,8.294166,0.75639784,34.98347,2.7467387,23.29388745983328,1.5788504467711029,24.832314483421225,2.045280660444645,7.274017823947436,3406.045358549968
1979-08-03,211.9046628582861,361.283173593448,85.07128151644268,8.279911,0.74618393,32.995945,2.39153,23.858551429295375,1.532427466465438,25.423967460416392,1.9988663736189765,6.561040378194097,3399.484318171774
1979-08-04,266.3289336732351,421.5641104768269,84.68868696172409,8.348873,0.7576406,32.945015,2.184166,23.422220272344447,1.3702950782423753,24.966781165686655,1.8367272357061284,6.22704148259679,3393.257276689177
1979-08-05,309.9080522459803,444.1691221799536,84.2400693722349,8.413901,0.77263385,33.596622,2.2500932,23.247114057543396,1.3628649841798186,24.783305472388765,1.8292944940819693,6.288144481091948,3386.9691322080853
1979-08-06,324.3821422085358,449.6508021297461,83.76678079270953,7.9930706,0.6948985,31.738108,2.6815424,21.787024783833022,1.5847475778351408,23.253428922460532,2.0511563761503413,5.640515679741347,3381.328616528344
1979-08-07,335.89882014578757,454.966046440902,83.27849165460127,8.122109,0.7380391,29.228973,2.02305,20.26439422237848,1.205288433388634,21.658021825020658,1.6716782289408725,5.337203138581994,3375.991413389762
1979-08-08,339.5474942648701,464.6595318145934,82.77624137053957,8.256398,0.7635062,28.320942,1.9622434,19.849409938707613,1.1786951208717882,21.223202711143127,1.6450801969865327,5.035719252234786,3370.955694137527
1979-08-09,345.8701967676661,471.2787301145904,82.263104569609,8.305996,0.7658504,28.273943,1.8744586,19.82221825818094,1.128619987679935,21.194711361237392,1.5950047614290666,4.781126105593033,3366.174568031934
1979-08-10,318.07870835235826,428.7023722425801,81.7971664891081,8.132417,0.7469737,29.116096,2.6768343,20.178454754431176,1.5692732613123725,21.567974744274846,2.035662063346137,4.602465863969747,3361.572102167964
1979-08-11,325.2724930114331,391.9571036837765,81.37933975548493,7.70766,0.60658604,27.851566,6.137946,18.716055745015712,3.3655732103840683,20.035678061170255,3.8319464005773076,4.514682991800479,3357.057419176164
1979-08-12,248.17098845088205,181.01083617935225,81.11076514672692,7.815083,0.67006516,26.341253,19.519192,15.628642167518697,8.241486690878254,16.800696668464226,8.707834952860916,4.286771417119888,3352.770647759044
1979-08-13,172.53805111138774,308.863200495358,80.89266099468152,8.883033,0.9384656,22.247803,1.6193157,17.45776251211658,1.0920303082398977,18.717242712998786,1.5583920228031083,3.8663111113877444,3348.9043366476562
1979-08-14,210.31334977118405,326.1922147775733,80.51559000165363,8.7821665,0.7636438,25.6622,2.2231722,19.045127735347663,1.3844272835154934,20.38047856776375,1.8508037734992104,3.7378177866709947,3345.1665188609854
1979-08-15,271.919590708047,406.4675405376883,80.06637236526859,8.214108,0.7835092,24.890703,2.189733,18.206182511465574,1.3490810243020945,19.501434629970877,1.8154493462721166,3.727310252494102,3341.4392086084913
1979-08-16,281.64405773532826,417.43142604803927,79.59327131575449,8.567822,0.81682634,23.026293,1.7512063,17.201253372478707,1.0962392574464679,18.44847331331885,1.5625988548126746,3.515279752352087,3337.9239288561394
1979-08-17,304.3639049725619,425.9542472455499,79.0895078758891,8.3663435,0.7378661,23.454887,1.8536013,17.166657903655196,1.123986873038719,18.412224299344267,1.5903461906162515,3.4321365573171807,3334.491792298822
1979-08-18,284.4915245620834,395.7353521044122,78.62952237520773,7.7213054,0.593554,22.347198,2.5104954,16.230206092491557,1.4814764026846032,17.431013292707384,1.9478286667212208,3.4313467161063333,3331.0604455827156
1979-08-19,207.33790540623914,341.5287641848828,78.31400378658749,8.845961,0.8657566,22.310802,2.156686,17.224372076976756,1.3812601879618491,18.472697012864568,1.8476199730620397,3.1065694767870524,3327.9538761059284
1979-08-20,268.3869002418733,397.5793889239067,77.87499688986928,8.913543,0.81580096,25.138004,2.3876781,18.59948573858761,1.4628585096497964,19.91353640690952,1.9292305606303985,2.9938231203613213,3324.960052985567
1979-08-21,299.7414470184739,420.5145349420375,77.33688652339218,8.896521,0.77224827,26.843449,2.6612484,19.374662109861383,1.58663343995461,20.725763558922317,2.053013358448107,2.901586469454714,3322.0584665161123
1979-08-22,311.76968472389996,432.6236625756811,76.78456572527766,8.8134,0.7784072,27.56543,2.7093406,19.71163260416171,1.6080000654008724,21.07884009097419,2.074383618171839,2.827700894298898,3319.2307656218136
1979-08-23,317.3572596697788,450.5773006002817,76.2545553212967,8.770387,0.75212276,27.018116,2.8455698,19.477044575462585,1.6982931590994865,20.833039556402305,2.1646741680722767,2.754063764207307,3316.4767018576063
1979-08-24,334.3972894026869,436.1558256143712,75.69469204087399,8.682625,0.71855074,26.743797,3.8407338,18.905781979444818,2.196219037292558,20.234472561058382,2.6625941148627033,2.692880845532804,3313.7838210120735
1979-08-25,259.5885211364519,393.4221160347101,75.38527605830684,8.900509,0.7693159,25.86845,3.3209715,19.123257155732446,2.0240375222020877,20.46234230737086,2.490414813822664,2.5811655970998073,3311.202655414974
1979-08-26,248.5732539360539,390.9751452412068,74.94120985680335,8.854472,0.7205837,26.289648,3.7248967,19.5131188505555,2.294299635078075,20.87083805853092,2.7606810311347707,2.516972916085327,3308.6856824988886
1979-08-27,269.54432847196654,432.5718738068121,74.47693579550698,9.047567,0.7743731,25.534521,3.3371027,19.205134516012038,2.077361516434613,20.548133125588063,2.543739655637351,2.422092294177332,3306.2635902047114
1979-08-28,267.9019416382591,435.5786290603651,74.00832551645975,9.262015,0.8122568,26.50902,3.1295834,19.940955021111005,1.962298154701334,21.319123335554195,2.4286842549917464,2.323428573395263,3303.940161631316
1979-08-29,292.0129566140227,453.96147497844674,73.50272251299386,9.235109,0.7744901,27.21045,3.2469242,20.173971928131337,1.9990338961061795,21.56327765420165,2.465422646547162,2.269027182837492,3301.671134448479
1979-08-30,306.3297437992182,451.9544988518942,73.01998986339431,9.299395,0.8136782,27.75653,3.2033763,20.300263742891804,1.9373734461597811,21.695605786000694,2.403763658885752,2.2041903616643013,3299.4669440868147
1979-08-31,319.4224295930929,448.51239922024337,72.5153670162588,9.272113,0.8377588,28.193659,2.7780094,20.32324331615512,1.659494980093842,21.719683704314257,2.125885460852517,0.0,3297.3105583332003
1979-09-01,330.23139730145056,455.4370197402853,71.76949264882379,9.153561,0.7995312,27.622316,2.8780246,19.859546626805706,1.7018461583660933,21.233823898281777,2.168231347414939,,
1979-09-02,283.8386187639954,461.474387120381,71.14342319700125,9.12172,0.7767621,26.084484,2.4160151,19.624530489556754,1.5248886203805658,20.9875747930348,1.991271221299579,,
1979-09-03,336.675358658268,438.6457252354949,70.43322369431017,9.184955,0.75203246,26.697222,4.0132146,19.092696439207913,2.293880809009527,20.430320893063037,2.760257786234677,,
1979-09-04,289.3633852690566,538.9647670826548,69.73499668209895,9.354184,0.81329024,24.41343,1.9716754,19.152719320447385,1.3139844980056894,20.493212662847803,1.7803620937312956,,
1979-09-05,311.268375688311,571.469391786815,69.00130859395553,9.2151785,0.77335954,25.23191,2.2908063,19.58413805510879,1.5078926203373184,20.945251738294854,1.974274782791929,,
1979-09-06,553.2837720987991,499.6370504953607,69.7364747791761,9.539163,0.8840571,28.656055,9.575648,18.610602515782077,4.567567856630641,19.925184528053084,5.033940015582776,,
1979-09-07,516.9318420988,653.1836304953581,70.54092078743876,9.725619,0.94598633,25.925709,3.5898795,18.768857776044552,2.0470616852935195,20.091003848787558,2.5134353966223446,,
1979-09-08,374.2038120988,466.4210304953581,70.8713216546356,9.348486,1.0028502,24.594337,2.542499,17.807652765072202,1.4796562272108287,19.08385652400569,1.946020951043399,,
1979-09-09,326.9090320988,343.56869049535806,71.07784011848864,9.193755,0.9261671,23.201708,2.1727738,16.37176241255262,1.201473617423067,17.579335520981292,1.6678268833494958,,
1979-09-10,276.5652020988,307.24672049535803,71.21924260533018,9.110216,0.88120747,22.446575,1.9308068,16.128833635367553,1.0985451779481055,17.324795578657262,1.5648967385848545,,
1979-09-11,253.8379120988,298.696820495358,71.31816011829503,9.111436,0.9117254,22.022606,1.7804599,16.091133639695887,1.0496923598748786,17.285293652063476,1.516043661918171,,
1979-09-12,236.70299043636976,259.91875883292784,71.38449635817987,9.146699,0.92635554,22.572393,1.9320511,16.17335424241864,1.10337625763982,17.37144411853931,1.56972812574739,,
1979-09-13,213.8380638524058,245.84563224896385,71.42731211382643,8.895697,0.8675978,22.072874,2.0562408,15.943045814704261,1.171428788340904,17.13012773525016,1.6377790903460248,,
1979-09-14,303.1961615770619,116.80916297361998,71.4953217067513,9.238478,0.9728597,24.390488,13.339324,13.452456668140094,3.7757353918549112,14.520496941133311,4.242072632913677,,
1979-09-15,213.2490120988,209.28967049535805,71.79272429808606,9.47225,1.1363014,21.971352,2.4430778,15.663240233044082,1.339103137351043,16.836948403254155,1.8054516182891736,,
1979-09-16,182.4609166140713,209.27601101062933,71.9798218209618,9.386924,1.0151781,21.180668,2.1699972,15.687447287773008,1.2519924577554584,16.862312472451446,1.7183410927030542,,
1979-09-17,228.50568171348127,188.29513011003945,72.0746699403899,9.578713,1.0838562,21.53307,2.5197089,14.97924765545082,1.2840706829934856,16.12026331856359,1.7504150892488286,,
1979-09-18,262.88503176517617,211.8966901617342,72.09978721336897,9.550236,1.0754552,22.73078,2.6526356,15.432757121498167,1.325203373675363,16.595448986843447,1.7915504218073333,,
1979-09-19,233.89283375492283,244.21039215148087,72.12607193463462,9.256873,1.1068037,20.36614,1.8243808,14.93137679636818,1.0777617273410582,16.07010439605515,1.5441058684541726,,
1979-09-20,134.40463841995592,380.2008339494405,72.23196582552931,9.015568,1.1441064,14.989784,1.1071215,13.429438604267236,0.8708365499714706,14.496378692490646,1.337173703407212,,
1979-09-21,252.9431720988,177.27695049535805,72.33680291007201,9.248656,1.0930785,16.214993,11.99046,12.119212022658076,4.982422622213003,13.123527759066077,5.448755786975741,,
1979-09-22,448.6127420988,1013.582190495358,72.8561948639982,9.790671,1.3240335,11.512173,1.1131322,10.984002737421777,0.8720131209231488,11.934059350514296,1.3383444173969816,,
1979-09-23,416.0904420988,546.203430495358,73.24796342189512,10.021111,1.4975224,13.912624,1.1172951,12.229955733912194,0.9063501348229122,13.239564641159705,1.3726835607532148,,
1979-09-24,362.0909220988,388.10566049535805,73.52289093485999,9.92876,1.3467591,15.452914,1.2460415,12.786618093495678,0.9154665943577779,13.822833558676196,1.3818015455325705,,
1979-09-25,307.3505120988,286.17656049535805,73.75431711031177,9.855448,1.2360646,16.047497,1.6113688,12.84102226886608,1.0066486372532941,13.879838067657934,1.4729837565062947,,
1979-09-26,268.3691120988,287.23510049535804,73.95493137353786,9.91612,1.1124611,16.428194,1.3253436,13.282718176759438,0.8707469992295593,14.342645530086665,1.337083608385456,,
1979-09-27,231.0451620988,256.34247049535804,74.12634040165423,9.94465,1.2139052,17.849394,1.1725166,14.102165209848058,0.8434721956624659,15.20125933021737,1.3098121599190007,,
1979-09-28,213.2310820988,257.52529049535804,74.28415130019901,9.530244,1.295199,18.646112,1.513133,14.51704137197827,1.0145698245693382,15.635965154714192,1.48091178031647,,
1979-09-29,149.4448380988,396.5616804953581,74.57375389153378,10.342244,1.2679971,17.038605,1.0043899,15.205775841697836,0.8078332261459134,16.35761877776535,1.27417892261743,,
1979-09-30,168.6532220988,405.20240049535806,74.80724610669299,10.407214,1.4488018,18.82542,1.1679085,16.351352780513803,0.9281034794914467,17.557950378297857,1.394456599551276,,
1979-10-01,575.2224474072002,841.951230495357,75.15928813701281,10.131154,1.478576,18.653545,1.938589,15.194356947850524,1.2987107900548291,16.345654099825673,1.7650564200841732,,
1979-10-02,781.3025074072016,1572.4373304953567,75.81439820267857,10.330552,1.5758333,17.093077,1.2061614,14.84831823898186,0.9606816376655828,15.983075923547236,1.4270253249610971,,
1979-10-03,815.2506474072014,1091.496330495357,76.29533922822563,10.422816,1.5369676,18.163107,1.5081276,14.853660499924363,1.0849648344403067,15.988673526301184,1.5513085506875934,,
1979-10-04,835.2448874071995,1472.0684304953584,76.90220803279905,10.337546,1.8331409,17.240152,1.37895,14.741416563020456,1.101978396368869,15.871064712899974,1.5683215111845488,,
1979-10-05,737.6468474072018,1228.088130495359,77.4916737882737,10.578281,1.9559044,17.359627,1.3006359,14.814910372490314,1.0949715907867905,15.948071275236472,1.5613150977724741,,
1979-10-06,408.2074720988006,5040.284230495358,79.5871809495159,10.4284,2.129371,13.079731,0.92882186,12.88109012269912,0.8739184750979929,13.921821027939087,1.3402537203027656,,
1979-10-07,424.8545020988007,2343.68493049536,80.77478872962445,10.313617,2.071554,12.026684,0.9348138,11.763799976989933,0.8528232354352329,12.751128232530299,1.3191556567754508,,
1979-10-08,269.80439209880035,2041.4285304953585,81.71734747062726,9.976303,1.8538778,10.690837,0.84802616,10.60742499358087,0.7796681740223027,11.539482477784414,1.2459991763154006,,
1979-10-09,78.2467590988015,1884.8794304953567,82.86926237807612,9.998666,1.5702853,10.021811,0.76646894,10.020888023682103,0.7385755880579432,10.924911045700815,1.2049064552126618,,
1979-10-10,117.4495180988,1854.413430495358,83.55216819690085,9.429473,1.4488684,9.448159,0.7685043,9.44704621132853,0.7278641679916493,10.323641556296845,1.1941952837391616,,
1979-10-11,192.9772820988,1474.961130495358,84.0644834502962,9.309726,1.3343356,8.2526245,0.75192004,8.374929103140728,0.682610841319521,9.200280915186662,1.1489434307046034,,
1979-10-12,212.5692120988,1335.382430495358,84.56072120738429,9.331828,1.251657,8.275666,0.71851236,8.420701451549249,0.6432339615605369,9.248241025384164,1.1095664611648322,,
1979-10-13,177.3369320988,1314.066230495358,85.03442944453148,9.124364,1.1645906,8.63054,0.7035706,8.689258580145697,0.6351900986623604,9.529634266710904,1.1015221197775007,,
1979-10-14,171.5002720988,966.244890495358,85.42986119020931,8.907815,1.1195104,8.00569,0.7054254,8.141673274913305,0.6224049775470955,8.955876255715129,1.08873806167591,,
1979-10-15,156.6534860988,830.4156304953581,85.76715293744272,8.928198,1.0955689,7.1360745,0.6541013,7.420494712286138,0.5771072597650014,8.200227823019972,1.0434422671736445,,
1979-10-16,151.2902020988,766.010230495358,86.05628037522266,9.1380005,1.1134776,7.9017596,0.6565197,8.105652616876476,0.578180652539055,8.918133933354598,1.044513818615917,,
1979-10-17,148.0904620988,673.943030495358,86.3601535783085,9.280875,1.1162103,8.895644,0.64437467,8.965044084639741,0.5652662240727804,9.818601375594177,1.0315978396723924,,
1979-10-18,136.8528220988,647.1170904953581,86.64488874818616,9.281122,1.1018285,9.927763,0.63314927,9.814882868434912,0.5568936984169532,10.709059548226204,1.023224611479107,,
1979-10-19,467.8847937036,1125.4428995576673,86.49550661541501,9.49424,1.1736495,9.960333,0.74736375,9.823463438214931,0.6304419848753311,10.718050239910497,1.0967728950565494,,
1979-10-20,471.2798437036,940.0832463117714,86.38778635210797,9.692006,1.2788128,10.774013,0.76424646,10.412710901742368,0.6644378725830856,11.335461717952857,1.1307687863825637,,
1979-10-21,474.7794737036,765.5978025853327,86.31121540158976,9.875749,1.3288603,12.469192,0.7391876,11.476498854647758,0.6832903468210382,12.450095098629923,1.149622272807297,,
1979-10-22,476.5028937036,660.014470495358,86.20383522680383,10.042676,1.4008249,14.486414,0.7645026,12.623306470667515,0.7362433528686027,13.651716198529702,1.2025778198359278,,
1979-10-23,492.0247537036001,489.8626004953597,86.098924533958,10.267732,1.3213618,15.812464,0.8826502,13.033992858247405,0.7951947874915428,14.082031991574725,1.2615305302137694,,
1979-10-24,532.0256537035997,646.3537804953595,86.17591631711376,9.818236,1.3529127,12.040193,0.8361457,11.037003229129645,0.7638414834545416,11.989593084552684,1.2301728343527765,,
1979-10-25,491.9448237036,750.329330495358,86.18767077720003,9.383811,1.2687243,7.8149447,0.9034626,8.43622115848957,0.7417551982982501,9.264502521264768,1.208087668005203,,
1979-10-26,489.0561037036,663.9123004953581,86.14835273989864,8.9107895,1.2336651,5.407346,1.0052547,6.89340603849658,0.7803205293101665,7.647946112385768,1.246657318652385,,
1979-10-27,482.1130537036,647.3636304953579,86.07628360541855,8.71091,1.2259421,3.8784356,1.1760159,5.94115982851628,0.8533218596466972,6.650185788659238,1.319662673838423,,
1979-10-28,521.0439437036,669.5048769716363,85.99770938211925,8.87978,1.2048688,3.4267874,1.5045699,5.813290673204112,0.996961869160584,6.51620492482199,1.4633033027967874,,
1979-10-29,492.3568337036,836.5827748168155,85.92306102088891,8.795634,1.1337184,5.2018313,0.91359496,6.533293974377813,0.7121700691120864,7.270621922583634,1.1785082585957078,,
1979-10-30,480.5779237036,859.239727675775,85.82153192820611,8.6706,1.1287572,6.055847,0.94554573,6.993730360996206,0.7291292425477094,7.753065594559336,1.1954656682380151,,
1979-10-31,481.8813137036,855.971838222522,85.697477548167,8.674952,1.146585,5.5806394,1.1166605,6.6951796401422214,0.8252266494482924,7.4402451697931165,1.2915641911577342,,
1979-11-01,481.9736397036,790.5013475408439,85.55471896105651,8.8648815,1.1435162,5.589166,1.1594676,6.8299044627782886,0.8404930652699276,7.58140937841742,1.3068300907395791,,
1979-11-02,418.7377157035992,708.0780389587694,85.56631416844269,9.245032,1.0464169,7.079826,0.89387506,7.884441532259288,0.683169306823474,8.686349715064972,1.1495030087034424,,
1979-11-03,387.78947370360055,2953.805480495358,87.3948366302575,8.810775,1.1112897,9.86766,0.78420186,9.745008920624711,0.7050902469280751,10.635845864562816,1.171421186585538,,
1979-11-04,507.6734142753231,2209.645511257408,88.07374042775594,8.503913,1.141464,7.39343,0.7573816,7.600900373811748,0.6517579650057234,8.389256258480604,1.1180924355068307,,
1979-11-05,704.0473285766768,2005.4266633686948,88.26187361434164,8.529559,1.1486809,6.124512,0.8541868,6.749455220741297,0.6991456761913085,7.497114937613037,1.1654830074300793,,
1979-11-06,765.6938144084547,1909.0392587326069,88.23614528757764,8.556295,1.1609993,5.8619018,0.9979153,6.633223788628879,0.7859720060340272,7.375328040362919,1.2523097921149349,,
1979-11-07,772.5394321614763,1808.8437477200653,88.10411298956771,8.380026,1.0954984,6.1044817,0.77143466,6.785491634699418,0.6322169169678601,7.5348737689740375,1.0985541103252259,,
1979-11-08,753.398035490967,1644.5948611773108,87.8571694930501,8.128016,1.0861721,5.940324,0.7797686,6.627650026984691,0.6343853008898471,7.369487871965091,1.1007231091704994,,
1979-11-09,705.3937662809727,1560.198373225888,87.52366208435535,8.28755,1.054238,6.047846,0.7119053,6.745179356727205,0.5899899155586532,7.492634701915382,1.0563272632561742,,
1979-11-10,612.6180814652164,1442.310785573978,87.34777381824938,8.521832,1.0259092,6.900561,0.6810058,7.383896468763151,0.5674588736443479,8.161880308561424,1.0337939945152872,,
1979-11-11,407.1522687036,1216.6982699006105,87.33445809975858,8.274624,0.97615504,8.369375,0.77345395,8.345617974461902,0.6290884984197003,9.169568814752068,1.0954211465560795,,
1979-11-12,479.1299437036,1045.4804595806231,87.35953263108202,8.039516,0.98011166,6.945952,0.81781167,7.289619738054756,0.6398221941420009,8.06309747239405,1.1061576143467897,,
1979-11-13,460.5889037036,903.7663895876256,87.35710525909184,7.814781,0.94704056,5.605151,0.72261524,6.351094018509929,0.5756199068845965,7.079713431644657,1.0419588612800315,,
1979-11-14,451.7698437036,934.3018828102936,87.35554580902716,7.586502,0.91572756,5.598263,0.69676816,6.246300356171524,0.556480030951317,6.96991099046569,1.0228194424902401,,
1979-11-15,430.5914937036,888.9116394814788,87.3095098510054,7.443065,0.90716654,5.2504992,0.6994322,5.96599602143223,0.5564656283378385,6.676209066698292,1.0228063243828731,,
1979-11-16,398.5016707036,945.0423624291184,87.2130274397235,7.1995745,0.9223087,4.040757,0.6473891,4.97767769468194,0.5312230285481091,5.640652502326529,0.9975689705883772,,
1979-11-17,408.5224697036,930.8354246503908,87.09919962171713,7.4839315,0.9357683,3.3896255,0.8041678,4.638444854952784,0.6275499411977317,5.28520549246777,1.0938979414133008,,
1979-11-18,387.7894737036,930.236261214898,87.00244685764982,7.60353,0.8985344,4.0298095,0.7747684,5.081269349937369,0.6073694227294429,5.749195484592808,1.0737147624955932,,
1979-11-19,392.2036347036,865.8446012097573,86.89823573825525,7.752946,0.8969057,4.5654974,0.9321833,5.559202450429038,0.699854793201601,6.249972153555405,1.1661975132316642,,
1979-11-20,399.6700037036,794.1973010114575,86.81638316021026,7.898226,0.91777027,5.1185775,1.0521348,6.049118122112009,0.76437858348998,6.763304119651878,1.230718889251753,,
1979-11-21,405.4639937036,737.3895376240966,86.67378465132018,7.652425,0.8879335,5.692656,1.0488889,6.387946951318614,0.7464891856227983,7.118327808666147,1.2128279822391068,,
1979-11-22,408.9696137036,719.0799904953581,86.52934016871305,7.7320824,0.8919336,5.425116,0.98573995,6.261496940257595,0.7066877032673671,6.9858339193241505,1.1730270477353022,,
1979-11-23,408.3375027036,701.069730495358,86.43118144175648,8.141768,0.9719401,6.322984,1.1960176,6.99242082494995,0.8361902478280017,7.751693467166494,1.302526678190915,,
1979-11-24,402.7439917036,692.506810495358,86.34626963225027,8.407972,1.0170454,8.880748,0.8431422,8.706899508236356,0.6512026365614683,9.5481183708618,1.117534629133038,,
1979-11-25,387.7894737036,847.1532715637857,86.47239686140655,8.495395,1.0892334,10.290301,0.6831682,9.726675280584058,0.5801850177281456,10.616635939198634,1.046515965288569,,
1979-11-26,501.8630737036,3166.592483083335,87.55015433089721,8.661565,1.0429119,11.471363,0.8068826,11.086968610690832,0.7109602297145714,12.041946640554382,1.1772916348627647,,
1979-11-27,437.76911254671467,6211.295319988502,92.57509702625714,8.07337,1.0805792,10.253729,0.8599192,10.110175772069343,0.8064470895222936,11.018466443246067,1.2727779518580502,,
1979-11-28,1822.9224319907053,5883.098315029758,93.12712151948122,8.254819,0.8631705,7.538502,1.120014,7.707952808762063,0.879107799939624,8.501425433881101,1.3454419694390372,,
1979-11-29,2000.2932565533824,4370.575415029758,92.72178517481328,7.9360275,0.7428246,6.0078745,1.4334142,6.613266267940291,1.0106376593401896,7.3544166184067885,1.476975525074101,,
1979-11-30,1902.2740404477497,3372.896215029758,91.98706326421602,7.7865586,0.6916148,4.6433554,1.1112351,5.776822854586796,0.7530148371684093,6.477994069133767,1.219356450895038,,
1979-12-01,1714.7997782783573,2960.79011502976,91.21942145796469,7.623046,0.6535883,3.5068665,1.07173,5.016499206696809,0.7197556680278432,5.681329549911008,1.1861013829248859,,
1979-12-02,1516.5132332115547,2742.084215029758,90.41224668930109,7.3040104,0.63293034,2.6168804,1.200707,4.285996767569775,0.805311925812672,4.915911591291368,1.2716622037831362,,
1979-12-03,1278.5651952794576,2505.260865029758,89.54639292711616,7.0859876,0.6288053,1.9532408,1.0224657,3.687609967430718,0.7095325133146491,4.2889239475886125,1.1758869838046624,,
1979-12-04,894.4711954045251,1767.224552790112,89.25631427600068,7.148032,0.5711733,2.4339943,0.82818615,4.018161497208363,0.5824100723385995,4.635274710555751,1.048762176237835,,
1979-12-05,387.7894737035992,1188.49484988025,89.15900100282562,6.9634686,0.53629106,3.2997718,0.6134968,4.201095880254512,0.4810151941809785,4.826952731781601,0.9473660420701095,,
1979-12-06,387.7894737036,1076.2508731064738,89.17819855768921,7.172959,0.55044043,4.1760283,0.6723058,4.96984390182938,0.5152849024934464,5.632444280954098,0.9816308905779443,,
1979-12-07,394.7774359036,1034.0578872437193,89.16253845579928,7.048571,0.53814876,4.849759,0.6712076,5.4572758341684695,0.5080040867370247,6.143173793456289,0.9743473435503873,,
1979-12-08,398.4432967036,1018.6737529653705,89.07300031035184,6.731809,0.5154551,4.404072,0.6678588,5.058549387109898,0.5014791304770247,5.725389585206492,0.9678246012846443,,
1979-12-09,410.5087037036,1040.4438993970205,88.85568084031767,6.511757,0.4905075,3.3390374,0.6575245,4.236674569017375,0.4914943224370157,4.864231960247666,0.9578449304917697,,
1979-12-10,412.2296187036,1086.3558416119774,88.6002162861372,6.6248093,0.4983973,3.3945389,0.6546025,4.28311892016419,0.4939428483247486,4.912896192617226,0.9602931454785136,,
1979-12-11,419.5214877036,1119.6870726299971,88.31714861654439,6.918255,0.52961034,4.616943,0.6535198,5.244180702091904,0.49683041517128257,5.919893442495732,0.9631748326101146,,
1979-12-12,419.6825517036,1085.5013451871237,88.07285344547458,7.113854,0.5555866,5.8342943,0.67864543,6.1910672319147855,0.513353370502028,6.91203791167447,0.9796930280400431,,
1979-12-13,503.4231937036,991.7838948844084,87.9221235752863,6.5195723,0.49565247,5.432551,0.85126275,5.798541520910803,0.588794672981265,6.500750813466515,1.05513617927059,,
1979-12-14,526.0476537036,951.9160909764892,87.76333602413044,6.067031,0.46929696,3.1409512,0.76335245,4.182422838590657,0.5192542924190366,4.8073871825568135,0.9856052667615962,,
1979-12-15,482.4737837036,794.1584991844286,87.63408617762188,6.0636244,0.47563538,1.6223298,0.7851676,3.300814869638367,0.5204588393620182,3.8836413663146843,0.986816237775584,,
1979-12-16,469.3099337036,717.419230495358,87.41853350937014,6.2869687,0.5069272,1.8709989,1.1784171,3.6173606910858496,0.7400639558618307,4.215316995969598,1.2064189454027694,,
1979-12-17,456.3653437036,794.708130495358,87.2724321308179,5.769779,0.4965064,1.9216665,1.109103,3.3253772459619455,0.7274330334351075,3.909377740264247,1.193790240831372,,
1979-12-18,486.90795370359984,759.1647304953572,87.15093012290761,5.4795,0.4650455,-0.191383,0.76015496,2.0245374514319967,0.49749668047553963,2.546362250254151,0.9638649535618975,,
1979-12-19,438.4861177036,732.006690495358,86.97722850674808,5.355474,0.46696967,-1.1572853,0.6033554,1.2825028772263778,0.41590726843904213,1.7688609599198022,0.8822827204156598,,
1979-12-20,424.3313287036,723.2906804953581,86.74954926280877,5.248808,0.49586082,-1.8020252,0.8862557,0.8050086121718073,0.587885019526123,1.2685441012281133,1.0542654239983043,,
1979-12-21,424.4140277036,714.734900495358,86.56079693475036,5.081139,0.51027393,-2.4219236,1.2876093,0.373501080511473,0.8299508453077795,0.8164119845891211,1.2963359495556643,,
1979-12-22,414.1673957036,729.0871904953581,86.3836565040846,5.257147,0.55172205,-2.533372,1.4661908,0.2889031000355165,0.9561569063279487,0.7277705098301432,1.4225429569380164,,
1979-12-23,420.0931537036,717.811430495358,86.2153420076877,5.4264364,0.574179,-1.8163437,1.3406298,0.8575556859992365,0.8718559082750164,1.3236027455613077,1.3382357549709734,,
1979-12-24,424.8444837036,786.5352304953581,86.1119271309363,5.6418962,0.6033719,0.31666836,1.1679965,2.184285645667247,0.7873366588593577,2.713745862101962,1.2537034688098427,,
1979-12-25,747.3142737036001,1939.786340495358,86.26325354295889,6.0402,0.5107369,3.2124615,1.4249965,3.9988888676542693,1.0384485529595675,4.615080915189161,1.5048007914112367,,
1979-12-26,666.6299237036,1782.776460495358,86.36050109973777,5.7430344,0.5417533,4.5634794,0.7561135,4.88450684642931,0.5697389719540337,5.543028406016035,1.0360854661657948,,
1979-12-27,518.7274737036,1419.801507495358,86.38677146412007,5.414022,0.5876054,2.8626585,0.85833174,3.545373249421245,0.6480177149796746,4.139888800670184,1.1143732422691386,,
1979-12-28,455.6449437036,1251.285930495358,86.38398663168185,5.2094193,0.60935986,0.87057054,1.0302378,2.028774722048317,0.7725465182779965,2.5508020479215463,1.238914752178383,,
1979-12-29,448.0997077036,1162.045080495358,86.37486324680638,5.237486,0.62682426,0.102613986,1.1261283,1.5316373965919328,0.831239785514421,2.02990325768728,1.2976127570048939,,
1979-12-30,391.5287854036,1152.194948394916,86.33368174050956,5.116764,0.64283895,0.64548635,0.8592647,1.7795195332704485,0.6617324701630432,2.2896333131563344,1.1281030440751998,,
1979-12-31,387.7894737036,1104.9651378365254,86.25002635460281,4.8476424,0.6194135,0.13399994,0.8519836,1.3585152938351697,0.6508591010418648,1.8485065102070468,1.1172337886838424,,
1980-01-01,419.0588407036,995.3274898374068,86.11205258663763,4.5567064,0.6367471,-0.42684615,0.8965605,1.0496965204491477,0.6585268737060461,1.5249272550973396,1.1249047077458738,,
1980-01-02,397.0078497036,921.066930495358,85.99989502659709,4.6584573,0.7033087,-0.25829017,0.8578073,1.2226480591306093,0.6357640058167965,1.706145286122516,1.1021400643065185,,
1980-01-03,412.6696367036,854.629180495358,85.82920939458259,4.5259805,0.6953129,-0.4496895,0.88634884,1.1705344642874307,0.6391727398225243,1.6515408395872457,1.1055493297190377,,
1980-01-04,440.6000507036,734.339330495358,85.60786221135383,4.3645773,0.68347526,-1.404363,1.0015539,0.7589787007709862,0.6764118260493235,1.2203141174077137,1.1427927217135263,,
1980-01-05,436.3661487036,697.750400495358,85.3660236933063,4.389053,0.67414886,-1.3634106,0.948812,0.8499248251296275,0.638779468599809,1.3156071556269244,1.1051593960998092,,
1980-01-06,420.2965837036,698.388630495358,85.019515082752,4.2302623,0.66870993,-1.3190588,0.85941595,0.7658536300732366,0.5924384531826214,1.2275176448298415,1.0588192753295362,,
1980-01-07,422.8208987036,521.050010495358,84.82164689012659,4.300031,0.65747833,-1.6895968,1.0398663,0.9935454362821748,0.6451910022135809,1.4660923410500644,1.1115694200648412,,
1980-01-08,81.3688030988,493.440480495358,84.54464136143773,4.308956,0.648194,0.06049347,0.55399024,0.661896983245629,0.48433952487472914,1.118592225641894,0.9507214644553532,,
1980-01-09,78.45317209880045,460.6616304953592,84.4605418458731,4.101339,0.63143176,-0.24753797,0.39837694,0.38532015363758343,0.3525880617685042,0.8287959690091793,0.8189730344528412,,
1980-01-10,75.65197409879988,469.7161504953593,84.378525048627,4.0653644,0.62524027,-0.48034167,0.34500983,0.15022623089910173,0.30954983362848626,0.5824653603921702,0.7759374532597587,,
1980-01-11,124.3417920987992,475.36993049535977,84.33631191889073,4.565152,0.6915599,-0.9585706,0.38172346,0.1866956377586956,0.33483287941767015,0.6206778802352219,0.8012200842949747,,
1980-01-12,307.7706620988,620.424890495358,84.5400572810187,4.6120963,0.6787769,-1.7458314,1.3210145,0.3623274181535083,0.9112259423342534,0.8047042593656997,1.3776111711081962,,
1980-01-13,225.1901520988,540.8922604953581,84.41975251150654,4.295481,0.6553541,-1.0776742,0.8318295,0.5017664578192508,0.6180997341938339,0.9508080084789525,1.0844834191995212,,
1980-01-14,143.47695209879998,579.5787304953581,84.31515788645063,4.52715,0.65561384,-0.67475104,0.4027981,0.3574694991551308,0.3480944946761333,0.7996141484451651,0.8144797776341897,,
1980-01-15,54.9368420988,673.392290495358,84.24935371763574,4.752834,0.6519735,0.50903606,0.44365278,0.8291397618516718,0.4131260891198935,1.2938286373744667,0.8795062370529306,,
1980-01-16,81.24713309879999,628.777330495358,84.25271208619077,4.8318806,0.6564856,1.0322602,0.61900586,1.4670455698476832,0.553297123722889,1.9622241624207695,1.0196707315012568,,
1980-01-17,95.2565670988004,586.1106804953589,84.19217554007618,4.8114324,0.6454099,0.97762096,0.6798402,1.5135958162754053,0.5917170445873124,2.0109993515036795,1.0580901933234992,,
1980-01-18,75.61493309880079,579.3005304953563,84.13102704369155,4.91662,0.64042896,1.17658,0.5833137,1.6083957771946205,0.521237093719194,2.110330426497378,0.9876093152734314,,
1980-01-19,62.96235709880023,572.7270304953587,84.12502526245723,4.786169,0.6270042,1.3920727,0.7492032,1.7282436317453036,0.6778485797611885,2.235906598816188,1.144219643862947,,
1980-01-20,67.8874950988,565.996630495358,84.33914661032283,4.6361895,0.6176529,0.9265734,0.54186505,1.3238645287051167,0.4883335674731217,1.8121995569514924,0.9547086027227166,,
1980-01-21,117.8534790988,479.130530495358,84.50735362172027,4.4258237,0.5927148,-0.03981453,0.5274545,0.8417685461387978,0.4392008634574402,1.307061034381178,0.9055808773988108,,
1980-01-22,78.5799080988,506.028130495358,84.71595632799756,4.3477054,0.558935,-0.08557665,0.45971003,0.5103215732446488,0.4049485356064257,0.9597720291774856,0.871332126619884,,
1980-01-23,69.6329930988,501.188770495358,84.92344773855906,4.08433,0.5233366,-0.22611767,0.40305957,0.2997021172572651,0.3596035923420524,0.7390856831604977,0.8259895216924262,,
1980-01-24,123.6508770988,420.1628304953581,85.0578550425375,3.3146944,0.45880654,-0.6924747,0.30996487,0.2186644602345744,0.26122138712512755,0.654174703145495,0.7276082296828337,,
1980-01-25,406.0273257036,435.9712104953581,84.90108898015772,3.2856617,0.43134817,-3.1389031,0.92267406,-0.040858705072283466,0.5210609898391113,0.3822472176725295,0.9874508074712081,,
1980-01-26,54.9368420988,452.8634304953581,85.08750367180596,3.5037665,0.4022503,-0.5857569,0.33657733,-0.14332802320286245,0.3033025988682431,0.27488021640914984,0.7696936123746518,,
1980-01-27,387.7894737035996,603.1684904953574,84.7066867557222,3.5282826,0.4162552,-2.452457,0.70862156,-0.11202683895319562,0.4610523522741762,0.3076774902682051,0.9274429992047608,,
1980-01-28,72.07829648438327,458.9429699384467,84.55569386705017,3.480382,0.37878034,-0.5031971,0.32223246,0.03751496386493226,0.2832002471837411,0.46436688007795934,0.7495891582537422,,
1980-01-29,78.15353193544473,444.8236039937981,84.38859385669468,3.3500838,0.3703799,-0.46744466,0.27454278,0.1030455485909608,0.23998522768387628,0.5330296027487944,0.7063733861409864,,
1980-01-30,78.48705079858291,438.592996219546,84.21139013801826,2.8848472,0.35576007,-0.44325423,0.24063627,0.06191487029042477,0.2111328489760161,0.4899330186236829,0.6775214792415527,,
1980-01-31,113.69981228504064,444.3591708252631,83.99712701339989,2.573182,0.35651174,-0.5156317,0.21791856,0.11368808759532831,0.18810911821237233,0.544180818737871,0.6544971549043215,,
1980-02-01,160.4926955281456,457.6400073411952,83.65371548312815,2.5978475,0.35089108,-0.7185613,0.22130166,0.14251494296305028,0.18746912217874728,0.5743854992524946,0.6538568297026002,,
1980-02-02,164.07067173844155,457.7993379129688,83.30267967259486,2.6352243,0.34564584,-0.673277,0.22413637,0.19961929648894627,0.18852506942068809,0.6342192456754612,0.6549121276866127,,
1980-02-03,172.72866272258864,451.9043808711072,82.93217615988378,2.608419,0.34464383,-0.67956436,0.22645225,0.22965580692999618,0.1895353962540379,0.6656913986409188,0.6559221145109331,,
1980-02-04,171.10944813106002,445.62022462763935,82.56418742731016,2.7678123,0.32995877,-0.7587695,0.2422228,0.2196680206986812,0.1975152663309006,0.6552262303692862,0.6639020975336412,,
1980-02-05,196.2193392718044,462.66240245311366,82.17041197142645,2.8674107,0.3254726,-0.93477345,0.2722958,0.19754212170342836,0.2143690853580758,0.6320427890356624,0.6807561671754583,,
1980-02-06,198.94506475332253,461.1448963820576,81.81452773890514,3.0052605,0.31875294,-1.0098277,0.31025767,0.20028305349383949,0.23708513377463175,0.6349147279962485,0.7034721845157756,,
1980-02-07,208.6483442651176,453.31582388355065,81.44492157794436,3.2539992,0.30859286,-1.2255292,0.40222117,0.18639947897114728,0.2921123216754332,0.6203675660699969,0.758499529914725,,
1980-02-08,232.5084631056017,470.5207181239821,81.05302520920877,3.14264,0.31488854,-1.3239812,0.43831766,0.15323667478079392,0.3112922674033889,0.5856196932007197,0.7776798527403395,,
1980-02-09,237.41699755554328,470.11066230388906,80.64783091844293,3.0544329,0.31348544,-1.2195182,0.3847258,0.2146428869367516,0.2764255055189443,0.6499609123910968,0.7428123935910181,,
1980-02-10,239.61479980983552,473.9117692255637,80.23510527415434,3.1355205,0.30925986,-1.2168682,0.3737867,0.24474065975040304,0.26910988092523586,0.6814972558611514,0.7354964288128572,,
1980-02-11,233.5200225514384,486.4679971803896,79.82820047339592,3.0732646,0.3110152,-1.1556516,0.37228647,0.21594986274770941,0.27101247494194675,0.6513303571781451,0.7373993482202247,,
1980-02-12,238.2752268247336,484.9652988080968,79.40565688029344,3.2385383,0.30259034,-1.2443846,0.40936664,0.23253684201322436,0.2920404655934664,0.6687101373527995,0.7584271512916705,,
1980-02-13,250.39564613577247,492.5867064095728,78.92405510988735,3.2594538,0.3040747,-1.3887562,0.4766497,0.177756863723937,0.3322125761990736,0.6113118633572723,0.7985998825932826,,
1980-02-14,248.5263577965981,493.3891761051044,78.44060361987746,3.3678045,0.29949385,-1.4527344,0.52468204,0.1620464632769052,0.36306086728639225,0.5948505594721897,0.82944835232368,,
1980-02-15,255.96031168176256,505.7002717246652,77.94937818641391,3.2370267,0.31179944,-1.4158119,0.5015635,0.14780061175901663,0.34910613447776767,0.5799238049487533,0.8154937817487038,,
1980-02-16,248.72326480979672,504.9403175896763,77.45904494403912,3.0539584,0.32743245,-1.2621809,0.40758985,0.16222685272635015,0.2936801600828442,0.5950395709206876,0.7600676430673207,,
1980-02-17,238.1943107686004,507.401589050444,76.97967727537511,2.8048787,0.32679877,-0.87521183,0.29095525,0.3004607130880677,0.22384242926519576,0.7398805372788826,0.6902283501024828,,
1980-02-18,240.0091930716736,513.0437827017578,76.48925874425545,2.9659705,0.31669825,-0.9437082,0.29250893,0.3023646176982683,0.2233863813466549,0.7418754420212784,0.6897722808209104,,
1980-02-19,233.2477461476564,517.1249045711975,76.00594707512536,3.3808928,0.3026307,-1.2141207,0.40282115,0.2142049551694824,0.29311263479272104,0.649502048982347,0.7594995278222272,,
1980-02-20,228.57990753731096,522.1331177350542,75.52289953146152,3.6907191,0.29704002,-1.4325656,0.62467545,0.127391301823724,0.4437859322317127,0.5585389997642896,0.9101738123309226,,
1980-02-21,215.75547161365463,528.0750392373498,75.05844752756063,3.8600216,0.29794094,-1.4426955,0.7668652,0.09541057519125247,0.5512446953858773,0.5250297037194309,1.0176329412772729,,
1980-02-22,198.9511094394547,524.7681773085487,74.61281475452225,3.67303,0.3063378,-1.2317947,0.67030644,0.11654616327451313,0.4932800878710856,0.5471755006646779,0.9596680918848097,,
1980-02-23,210.7074040730952,509.1139728965389,74.16328655978027,3.8366995,0.2920107,-1.2278756,0.5928535,0.25463590650215584,0.42793612181515184,0.6918654615824291,0.894322558086547,,
1980-02-24,195.61429424777344,494.4781298912212,73.74012409256466,3.956685,0.29416826,-1.2469312,0.7472721,0.22809111613069893,0.5419034396042693,0.6640519209700431,1.0082901755477738,,
1980-02-25,192.74032197356607,493.62699692004304,73.31179544235525,3.8619528,0.29842737,-1.1027206,0.7442695,0.29142027869572773,0.5417898641935888,0.7304080010257678,1.0081758865269153,,
1980-02-26,197.23912053886005,502.0801628763355,72.92163754394177,3.2785444,0.31459516,-0.91569436,0.47372797,0.26726740170004004,0.3514991066453522,0.7051006990721659,0.8178854005989065,,
1980-02-27,215.450050435523,506.6060865405162,72.49673301516509,2.8706381,0.31944636,-0.9050231,0.3365838,0.22157407471063778,0.25466348631365854,0.6572233872474946,0.7210502959531786,,
1980-02-28,215.59073817460003,496.8176958830922,72.0707772666154,2.9530578,0.31284064,-0.8497894,0.28989857,0.3010372857973075,0.2232377951475188,0.7404846681927089,0.6896237095148525,,
1980-02-29,216.8357306789568,509.4304091785025,71.65057114500347,2.4847803,0.34765303,-0.5903585,0.23254168,0.3277621953477169,0.19333815448160724,0.7684869370650946,0.6597237693751451,,
1980-03-01,208.45668890293712,501.75617800535673,71.37367133217903,2.5735445,0.34001097,-0.5769528,0.23773426,0.3477590139818758,0.19536847940006616,0.7894395352742615,0.6617538707475202,,
1980-03-02,228.312839282838,505.5950795590106,71.08019136799109,2.7201576,0.33048156,-0.6704637,0.27498445,0.38433128295873853,0.2155390072530088,0.8277598336921709,0.6819239909387983,,
1980-03-03,251.55980045772927,496.7567763042377,70.75603916759981,3.117238,0.30998233,-1.0217855,0.3614209,0.3696201837675191,0.26157578674206894,0.812345594246988,0.7279609342248364,,
1980-03-04,281.876002821286,513.0362401407472,70.41603796195487,3.8144083,0.3008579,-1.5118879,0.65748465,0.37681754207387114,0.4375458607615228,0.8198869616774451,0.9039309280762253,,
1980-03-05,280.12290429975985,517.5861887068139,70.06687401256015,3.9689837,0.29828778,-1.5985445,1.2951477,0.35654436641874954,0.8468476374596459,0.7986447975263928,1.313232930739479,,
1980-03-06,262.8018429549464,491.7720651172009,69.91023150373175,4.157562,0.31574413,-1.5725497,0.83324397,0.4231247336804102,0.5540653949539693,0.868407478749561,1.0204499478906026,,
1980-03-07,199.2890511411848,485.9955196669874,69.8093127852647,4.615394,0.32971025,-1.1600474,0.7909365,0.5195209177066892,0.5690587590346053,0.9694110708584256,1.0354422490712778,,
1980-03-08,227.09278208522448,228.4069961396832,70.46110757689273,4.9942527,0.3731718,-0.80707085,6.1922398,2.0852218870651242,3.1106216492301453,2.609947194471176,3.576989363069761,,
1980-03-09,484.5236830034026,32.31844701225931,71.80753014674177,4.451652,0.36065832,-2.4997196,7.1765113,4.016978628629169,0.5618662744387265,4.634035304901906,1.0282183865839585,,
1980-03-10,85.70749008559397,192.674268637095,72.01454291965189,4.716692,0.3756378,0.20515591,1.0459486,1.594156517645138,0.7331042091092018,2.0954105790159043,1.1994765692733025,,
1980-03-11,38.778947407200285,287.2260304953605,72.17609317341974,4.155282,0.37649873,0.47948992,0.5117705,0.9167327811049634,0.4531130644798801,1.3856083035263085,0.9194922868031841,,
1980-03-12,80.80838167299669,367.8555900729909,72.10964561823958,3.613181,0.3947873,0.32592613,0.37502772,0.9179900582995291,0.31559624056738506,1.3869256742729872,0.7819754496687013,,
1980-03-13,222.9746051553503,368.2287014610995,71.90146712013386,3.3570218,0.40799743,-1.0616156,0.47498637,0.6048905334030054,0.33346921291839904,1.0588610623635932,0.799851770509291,,
1980-03-14,168.62438011881068,434.6825733630629,71.81553617315033,3.5989676,0.38634774,-0.79389846,0.3788391,0.43390821877646074,0.293537434681588,0.8797063775717031,0.7599218681877389,,
1980-03-15,65.47156870373226,444.05234889125074,71.82957069666787,3.4905214,0.36323035,-0.20166552,0.29470474,0.2727641642271458,0.2610428953082017,0.7108601880583245,0.727429127387228,,
1980-03-16,88.72496295298238,441.09092271438686,71.79420533904445,3.8208513,0.39151704,-0.34947562,0.27734065,0.3489030297044944,0.2400245509716056,0.7906382310377991,0.7064099295438402,,
1980-03-17,83.75629820473681,487.3419354742397,72.24825033755891,4.545357,0.36642888,0.30925637,1.3600401,0.9305157402184335,1.1618224411865765,1.4000500409707137,1.6282015186619307,,
1980-03-18,38.77894740720165,1356.6796304953605,76.69642616532872,4.6439996,0.40670437,1.635534,1.0197928,1.719137480208809,0.9915177731045145,2.226365204364071,1.4578889245740294,,
1980-03-19,38.77894740720438,2458.662230495355,77.90188501841452,4.6420264,0.4596332,2.6859522,0.8530572,2.716325074108034,0.8398417179151253,3.271214956536415,1.306203865350794,,
1980-03-20,38.77894740720165,1903.7194304953605,78.98150933103283,5.037227,0.58487195,3.8783345,1.1918998,3.9014700043254256,1.168163717643488,4.513005763202923,1.6345166427281468,,
1980-03-21,935.3899074072012,4249.504930495357,82.58245920042036,5.471763,0.62393177,3.8614445,1.1706023,4.151956792234164,0.965998242017788,4.775464963327449,1.4323494235317948,,
1980-03-22,38.77894740719989,5228.449530495359,90.04277201324025,4.320698,0.4830388,3.983901,0.9776259,3.9863806246489975,0.9704348515285862,4.601974820925526,1.436787177534232,,
1980-03-23,202.33070740719984,6036.736730495357,92.71994219837684,4.5343285,0.53673124,4.045776,0.73017114,4.061619474050462,0.706706341336858,4.680809830137241,1.173058143391783,,
1980-03-24,430.8594220987998,4980.775930495359,94.45216181434772,4.5353675,0.5278339,4.119166,0.6327525,4.152302715632787,0.5838887750404447,4.775827420682047,1.0502399541961882,,
1980-03-25,54.9368420988004,5372.789930495358,96.5122727871157,4.2982807,0.548813,4.2166424,0.64397746,4.217468683768281,0.6374836362992434,4.844108099335699,1.1038343736402156,,
1980-03-26,54.936842098799374,3892.2793304953584,97.63864579911582,4.121244,0.574419,4.397187,0.629491,4.393346690244767,0.6207812853893576,5.028392473312873,1.087130854547579,,
1980-03-27,54.93684209879994,2863.5940304953574,98.45096008593308,4.03943,0.61210525,4.625985,0.6292497,4.614944152325918,0.6175125384581077,5.2605815365884725,1.0838606861304314,,
1980-03-28,54.93684209880006,2479.8511304953595,99.3451899264946,4.047013,0.63031393,5.3798323,0.6580952,5.350945870511438,0.6439770893923391,6.0317616210072496,1.1103209188415213,,
1980-03-29,762.1123887557966,4228.983930495358,100.0,3.9764175,0.53330237,5.554644,0.70210856,5.3136577710467225,0.6004480404044977,5.992691277851112,1.0667920737296224,,
1980-03-30,1805.895814582913,4313.451230495359,100.0,3.794033,0.49143687,5.556338,0.81359464,5.036259660364915,0.5915465469505816,5.702034485716718,1.057892146891903,,
1980-03-31,1562.5980623967164,3787.237130495358,100.0,3.7653332,0.4879945,5.380394,0.7648047,4.908661527466526,0.5598657423336831,5.568337598238183,1.0262120924408815,,
1980-04-01,1577.8828452466282,3554.779330495358,100.0,3.7222939,0.47703782,5.7549486,0.8374886,5.130069952699869,0.598279909140127,5.8003285893508405,1.0646249694358798,,
1980-04-02,1678.5221911995582,3321.486846316372,100.0,3.5854955,0.36396146,6.33417,0.94618076,5.41142933960513,0.6403097821980084,6.0951359931712235,1.106653284330162,,
1980-04-03,1408.8267471008,2894.3785389317613,100.0,3.7015023,0.3603178,6.5995517,0.926513,5.650759051341134,0.6342485584584299,6.345904847020516,1.1005908064475918,,
1980-04-04,1569.2582149938037,3831.3198188975416,100.0,3.868239,0.41524225,7.4360914,0.933144,6.399372426322494,0.6729041309004755,7.130299382319182,1.1392428789161317,,
1980-04-05,1509.8907209407882,3819.80895189448,100.0,3.776638,0.41597408,7.2098227,0.8787311,6.237209951413734,0.6407192442392077,6.960386095434472,1.1070586960254032,,
1980-04-06,1183.2698731007922,2524.965233676733,100.0,3.8987947,0.46603855,7.046429,0.9547002,6.042042710469505,0.6668551489125621,6.755890527518947,1.133195487587828,,
1980-04-07,1015.5848128596674,2095.528057897265,100.0,4.0917354,0.49553412,7.7448173,1.0321546,6.552313273394406,0.7137912218212935,7.290550279078999,1.180129333646641,,
1980-04-08,1004.9419741976,1821.550100801041,99.91240686631156,4.0826197,0.46187523,7.925834,1.0535705,6.55940275921973,0.6985563655662365,7.2979786180925785,1.1648944485501411,,
1980-04-09,1911.7975632528853,4400.729057739819,100.0,4.0767035,0.5222455,7.819732,0.99969107,6.686126984129736,0.7146492954273047,7.43075982776819,1.1809868725691175,,
1980-04-10,2861.862649189796,7659.318009453267,100.0,3.9270487,0.41369817,8.235345,0.96326387,7.0634467522640305,0.7102183246355049,7.8261141910162015,1.1765545043996923,,
1980-04-11,2268.099131751375,5141.202053796081,100.0,3.9855247,0.44126636,8.028086,1.0670354,6.790596640818456,0.7526207056602864,7.540222776934975,1.218957879605144,,
1980-04-12,1825.7302061706384,3486.83326751892,100.0,4.3201356,0.54235125,8.069323,1.1769956,6.780866650435581,0.79467311219337,7.530027726272106,1.2610103231636272,,
1980-04-13,1482.9247454699128,2924.53546189537,100.0,4.364771,0.6176855,7.9704213,1.0814247,6.757271793400252,0.7470603652560908,7.5053051157254735,1.213397666461191,,
1980-04-14,1573.688295738768,2505.871975933001,100.0,4.299381,0.5408866,7.5555778,1.1181991,6.299501431044533,0.7178456389073975,7.025654894858852,1.1841848167965807,,
1980-04-15,2586.3169009092508,5673.912152304446,100.0,4.106197,0.47743085,7.6343665,1.0631682,6.529679863826331,0.7454276853406474,7.26683506990201,1.2117658896279309,,
1980-04-16,2000.473232006161,4034.1014675532633,100.0,3.922607,0.40090832,6.911301,0.98733205,5.920543207683916,0.673276998308715,6.628583763825479,1.1396179111103448,,
1980-04-17,1540.5319420061612,3072.691567553263,100.0,4.2677565,0.40638834,5.9751954,0.88472944,5.40501617646149,0.6047089818829156,6.088416302751619,1.0710525185227469,,
1980-04-18,1245.7662241976,2701.188167553263,99.98295041568292,4.3400693,0.40726218,6.4354024,0.9063048,5.774058241736982,0.6334301710267861,6.475097317240088,1.0997717984680326,,
1980-04-19,852.9554676433727,2346.9419498904813,100.0,4.6412024,0.5015725,7.74855,0.9527199,6.920264313925802,0.7114411450540657,7.676088121570086,1.1777778359130018,,
1980-04-20,1133.6384341976,1902.388871139097,99.76447931924058,5.204509,0.6858722,9.9935,1.2867501,8.20531286436073,0.8459794283175786,9.022557599997086,1.3123123712915363,,
1980-04-21,573.3841926035177,1595.7578486898342,100.0,5.470117,0.78940314,10.286715,1.0338991,9.01351031266374,0.7887059285183948,9.869384123644211,1.2550374818405154,,
1980-04-22,1109.5129341976,1298.818500495358,99.59650106548268,5.5267024,0.75604755,11.913948,1.3775696,8.97135819537011,0.8205236083562583,9.82521727923375,1.2868552156902384,,
1980-04-23,273.8574770704456,912.9167325860374,100.0,5.430683,0.8117941,9.775084,1.0189643,8.772579000687399,0.8059042310335203,9.616937118537889,1.2722361204632378,,
1980-04-24,1110.2022641976,1106.981090495358,99.48641756202149,5.9699545,0.78349406,13.898023,1.7297703,9.928229533553848,0.9485601537158866,10.827823796481633,1.4148910355128972,,
1980-04-25,164.2651474071999,657.4849704953581,99.90568962340777,6.3828845,0.9630232,11.742853,1.2016636,10.671413047752981,0.9805376042139915,11.606528942213732,1.4468686450553314,,
1980-04-26,433.06379423187934,1048.089916469803,100.0,6.4653144,0.9563695,12.315348,1.200814,10.604898856024441,0.8945440950146463,11.536835599487958,1.3608750958820173,,
1980-04-27,1152.0479041976,1017.327630495358,99.39570318475292,6.4034033,0.86513674,12.397284,1.6374316,9.214230599511376,0.8948216199469355,10.079698154075189,1.361152943954124,,
1980-04-28,707.8255474072,1646.0873246111692,99.9618486963506,6.687316,0.90440094,9.425194,1.0603528,8.601909327816818,0.7898012737833283,9.438110018709185,1.256133441476929,,
1980-04-29,2172.0312344136846,5378.018067553264,100.0,6.168145,0.9460737,9.535551,1.1177758,8.566801003110607,0.8414427547981974,9.401323636093823,1.3077749838648387,,
1980-04-30,1489.6061420061612,3625.809767553263,100.0,6.640793,1.0301698,9.728434,1.2239424,8.829314412214067,0.9179330427592199,9.67638428879523,1.3842648470645986,,
1980-05-01,1163.2732261665783,2346.2664163106942,100.0,7.154994,1.2219329,10.209389,1.3171377,9.196977999825664,0.9692403343149915,10.06162093909956,1.4355716762223953,,
1980-05-02,979.8117671472048,2074.855819942923,100.0,7.9094963,1.4237156,10.5570965,1.263756,9.707855203450329,0.9723111765693612,10.596916326711128,1.4386421326423156,,
1980-05-03,872.0987293833492,1865.097924580446,100.0,8.6486,1.488806,11.138899,1.3187462,10.345464155405653,1.0160970292004652,11.265000807012749,1.4824279225120656,,
1980-05-04,738.941150162343,1388.9845618472032,100.0,9.280265,1.5096953,12.471413,1.2872657,11.363258170257119,0.9903865455790027,12.331441896619326,1.456718302259225,,
1980-05-05,664.2773393245869,1092.781530495358,100.0,10.076531,1.7744937,13.49555,1.308684,12.202948801000467,1.0547658432695346,13.211266869173379,1.5210992042159313,,
1980-05-06,429.95599850637706,1048.8640769871015,100.0,10.999139,2.1504912,14.660738,1.2103431,13.5961551196702,1.0620036626937035,14.671063687437973,1.5283414644704987,,
1980-05-07,582.0841668948315,889.647830495358,100.0,10.419362,2.0982614,17.053024,1.2642902,14.42934704922047,1.1281777822501873,15.544079343096616,1.5945193006390346,,
1980-05-08,414.2891530995876,931.5445778645096,100.0,9.4809885,2.0059123,14.75611,1.0973248,13.132264952006182,0.9788647245251427,14.185001155488823,1.4452008011225201,,
1980-05-09,491.0749357277752,929.5230124959764,100.0,9.196123,1.9865912,12.613147,1.0557505,11.431943700711638,0.974061690929866,12.403410360639832,1.4403935485516184,,
1980-05-10,481.8597937036,743.569980495358,99.97060098646888,9.376263,1.7985016,12.397006,1.1418217,11.209198452749309,0.9900294429405786,12.170018651241442,1.4563609928366743,,
1980-05-11,244.5506411019041,574.5552304953579,100.0,9.891587,1.8786801,11.949074,1.0852764,11.334794650767087,0.9455778946809292,12.301617918195344,1.4119096111120168,,
1980-05-12,436.2524539308585,532.6057895211965,100.0,11.250375,1.8012539,14.053572,1.3023984,12.791362768201294,1.081858408009528,13.827805012613881,1.5481933737079445,,
1980-05-13,712.1612737036,609.319400495358,99.93632224328276,12.463071,1.8735745,18.810198,1.5486441,15.389657440179503,1.2366730584822536,16.550289288086642,1.7030198454261982,,
1980-05-14,502.7375496247399,1045.640182968611,100.0,11.932367,1.7007003,15.883312,1.1979462,14.600493236037867,0.9794805959155816,15.723405732609912,1.4458229760299766,,
1980-05-15,487.6439137036,815.889430495358,99.9816248238775,11.393937,1.6196091,15.129564,1.1713209,13.732088828622185,0.9510980218228133,14.813494563011725,1.4174363757566248,,
1980-05-16,253.94850630975333,583.705230495358,100.0,11.6641865,1.674402,13.510226,1.0759043,12.950568932956294,0.9054114941847476,13.99462068782512,1.3717469621461393,,
1980-05-17,233.96255002398664,502.996230495358,100.0,12.249847,1.909157,14.318214,1.0887209,13.661569253266157,0.9589225135042835,14.739604393012787,1.425260578352551,,
1980-05-18,253.73718267061665,472.7609904953581,100.0,11.51494,2.0137324,15.835722,1.1545486,14.326643188738487,1.029136758575194,15.436466589159178,1.495477775930945,,
1980-05-19,363.8493067472223,609.9822631769345,100.0,13.060191,2.1488483,16.997734,1.2319595,15.52656358790298,1.1135818442124086,16.69373908168105,1.579929468164003,,
1980-05-20,494.7531237036,625.589180495358,99.85955661733018,13.0337715,2.5262718,22.920788,1.3879322,18.55459349869085,1.3584020072857117,19.866498471402142,1.8247736236886607,,
1980-05-21,285.6909262964,473.064130495358,99.99675684395766,12.221158,2.7887976,21.726694,1.2786309,18.14761363416614,1.318382153533985,19.440066360544222,1.7847499353288652,,
1980-05-22,361.4490168054131,509.1452318724344,100.0,12.455766,2.8145826,24.424397,1.4339799,19.45531954433004,1.438329503677641,20.81027614304493,1.9047102802545561,,
1980-05-23,521.1305337036001,596.602180495358,99.8096554950106,12.940122,2.8694465,29.058939,1.722935,21.543718417228902,1.6234427140183882,22.998493343233942,2.089848297886608,,
1980-05-24,218.65508629640004,416.3870904953581,99.73772632355282,13.16339,3.056507,28.02224,1.5510187,22.90610229452075,1.4634885822018548,24.425994512784033,1.929913036683104,,
1980-05-25,209.71464129639992,389.07450049535805,99.60767261184724,12.110391,3.5387192,28.325909,1.5155004,22.646728290055623,1.5829468617731755,24.15422331753115,2.049367560097861,,
1980-05-26,202.35231329809008,355.6396428984833,99.4579555773538,10.543214,3.1045156,25.545551,1.3164572,20.105046906863564,1.4041043476007364,21.491058252525676,1.870492307677142,,
1980-05-27,221.2567401873025,366.2886125878931,99.27473444678088,9.277165,2.5888689,23.27853,1.2509333,18.00592214459496,1.2484520827259389,19.291602502119666,1.7148185739374375,,
1980-05-28,249.51830255163003,379.9894438431999,99.1115637304827,8.689314,2.2451067,23.165455,1.2627687,17.427539573540344,1.1717201360183973,18.68557522127055,1.6380815972145253,,
1980-05-29,255.88261083735773,381.637099840253,99.03670408227966,8.463268,1.6965972,25.049952,1.3448792,18.39252002609495,1.0544539269519286,19.696678440836607,1.520823993586955,,
1980-05-30,265.9508672743794,393.9522478044685,98.81936217013248,8.2526455,1.3326126,27.51434,1.4729445,19.751587468267303,1.0303641576522586,21.12070466100516,1.4967481499522433,,
1980-05-31,281.0467418669529,375.3265306173019,98.52374350431452,7.9835725,1.0874032,30.173077,1.8011998,20.67194654791676,1.1303122403009962,22.085053758571735,1.5967068624102658,,
1980-06-01,475.08865521290835,575.0877639208445,98.05554716054831,7.7924023,0.97735894,31.76115,1.8271967,20.91794336078478,1.0939281547286066,22.342808378196807,1.560325782032658,2.9967778265912606,4857.003222173409
1980-06-02,368.10068436310655,485.9038429086569,97.7775590375776,7.7766476,0.9383769,31.608414,1.8933794,21.33623229518803,1.1507050594248773,22.78109009381534,1.6171079555508916,3.0891593792548298,4853.914062794154
1980-06-03,441.71478273415454,408.2109777754386,97.45893087766773,7.471179,0.88022166,34.929794,3.0004935,20.659281689937888,1.5119723281947137,22.071783563674124,1.9783667974577284,3.2491210293829322,4850.664941764771
1980-06-04,384.626061904911,191.76693049535805,97.1716221037444,7.34969,0.9035967,36.013153,6.185877,16.886072969185843,2.1445624446757687,18.118228364138897,2.610919543606257,3.3982319049110297,4847.26670985986
1980-06-05,365.32688518701826,306.2389409590725,96.79581987487398,7.4590755,0.8573272,32.30739,2.4401581,18.790088312186185,1.2065148760955131,20.113249131983807,1.6728887978601241,3.498212430414886,4843.768497429445
1980-06-06,504.30699798200146,576.4670055533248,96.22127121198422,7.3283873,0.8611272,30.51506,1.8196007,19.695775820935243,1.0504350371509417,21.0622254077132,1.5168184159931146,3.643288415714533,4840.1252090137305
1980-06-07,311.54348540218405,442.1555032669353,95.86860571292524,7.5648947,0.84293574,27.929981,1.5213231,19.512018435673234,0.958083558445052,20.869685047578862,1.4244649426720821,3.738320027676391,4836.386888986054
1980-06-08,316.52542881845994,462.2421228435861,95.53511263090827,7.2004814,0.87520444,28.047102,2.0234034,19.574117323303692,1.252575949757421,20.93475204976363,1.7189580037246746,3.952994570607555,4832.433894415447
1980-06-09,353.2886890992556,456.75204314246696,94.96245594671576,7.023056,0.9647659,24.802832,2.082755,17.048414654339535,1.2474919312554456,18.288329426905644,1.7138503028815442,4.157261208018925,4828.276633207428
1980-06-10,367.00637054134467,488.639318034356,94.4380479982906,6.940942,0.95934033,20.815289,1.639992,14.86425798732594,1.0229689770356425,15.99977753737486,1.4893127508113975,4.333117223430684,4823.943515983998
1980-06-11,367.42575555780013,459.26521461892537,94.02699576591546,6.9138317,0.8568302,19.60007,1.6534661,13.96162659261139,0.9943886857330784,15.05400344748402,1.460728020012823,4.515423699961674,4819.428092284036
1980-06-12,464.170846759012,602.493907554398,93.47473519590726,6.9919653,0.83070797,20.134731,1.6300849,14.415512768096384,0.9891563452333093,15.529583830624924,1.4554977954295911,4.713889445364697,4814.714202838672
1980-06-13,425.03967085822103,539.9936572348028,92.98386348368268,7.3645506,0.81676,23.325703,1.6866753,16.295766365851268,1.0100288690040993,17.499707123027104,1.4763815942061733,4.875321630059605,4809.838881208612
1980-06-14,436.4608842825937,559.775983099918,92.4678568965859,7.4737296,0.7770172,27.269737,1.764447,18.59691727508756,1.0482414759751941,19.910845179634023,1.514613502029729,5.088111765605538,4804.750769443007
1980-06-15,439.7612161814303,562.1453576712754,91.94375532669189,7.3997025,0.7269214,28.678905,2.3877015,19.338944648758694,1.3771517739887282,20.68833892527295,1.843531314874269,5.3596958208222105,4799.391073622185
1980-06-16,393.54821491028224,539.1843677876718,91.4795210476022,7.243412,0.7179016,26.783825,1.7500881,18.53913104036163,1.0560458695062644,19.850296960420557,1.522417336759028,5.6949253760713425,4793.696148246114
1980-06-17,421.6342805473376,571.64668689021,90.97981981091952,7.247747,0.72271806,25.328724,1.4912062,17.65359475134395,0.9113944132005811,18.9224350638422,1.3777577947903277,6.016378166397841,4787.679770079716
1980-06-18,461.0233056184314,603.0735579298471,90.43394174752748,7.360573,0.70448637,26.07138,1.5521166,17.96486441508506,0.9311050617150821,19.24858235348802,1.397471183246227,6.335225990756273,4781.34454408896
1980-06-19,472.1791102639637,622.2718562486174,89.85000358767505,7.4394655,0.68174,27.42347,1.6948749,18.801768319080765,1.0075410704512537,20.12548740328184,1.473915108207155,6.6934518445000935,4774.6510922444595
1980-06-20,475.1989772352018,587.2822420180386,89.2783611020679,7.0085335,0.63738126,26.893469,2.4035437,17.99985193138132,1.3587893664540314,19.2852421534644,1.825155802888408,7.279061995943825,4767.372030248515
1980-06-21,461.16654902948335,601.4940317756141,88.7669418926551,7.3357935,0.6859197,25.99862,1.7030933,17.899447034098486,1.0089083826316534,19.180038245308417,1.4752739191326787,7.665862764548264,4759.706167483967
1980-06-22,340.44662894735444,410.4194299858349,88.35906428174562,7.6670723,0.6757974,27.572636,1.831049,18.547348303164124,1.046695410163846,19.8589069802957,1.513066956645922,8.081703312098,4751.624464171869
1980-06-23,345.7648323094826,417.5999699893776,87.82659484696184,7.7495346,0.6643804,30.952986,1.9363573,20.443020706204045,1.1012033114557909,21.845186044168994,1.5675951990675299,8.61960934658942,4743.004854825279
1980-06-24,352.3684861238882,426.1642541489855,87.30860327881331,7.852435,0.6698446,33.615517,2.2693112,21.954994793358484,1.2786693077552138,23.429427324264555,1.745080364697201,9.19795402991798,4733.806900795361
1980-06-25,405.06198168869304,425.1307729308943,86.78685460757879,7.866299,0.6755241,36.23827,2.813378,22.39521156023612,1.4779151026611805,23.890684947793208,1.944332232059331,59.02131887482937,4674.7855819205315
1980-06-26,434.0268635595088,439.7155793931906,86.30401546618891,7.8400016,0.66902125,36.66798,2.811784,22.34783672365837,1.4535468886858003,23.84104575596982,1.9199633539464545,79.6226337667225,4595.162948153809
1980-06-27,389.87307625267243,440.81648132164486,85.81428899358357,7.6247015,0.63909364,35.36813,2.7352593,22.347121326650193,1.4821698397241367,23.84029616543011,1.9485862949754604,30.845973341861622,4564.316974811948
1980-06-28,406.85012242670336,440.7513007074923,85.32762343128019,7.1424737,0.5498408,33.526123,2.6206205,20.86192655685696,1.3880407452691326,22.284114162525103,1.8544376821661308,37.52683994723233,4526.790134864716
1980-06-29,200.5474323484895,270.1776154738435,85.22369562301482,7.5112576,0.56027967,27.673737,3.9983392,19.08372548903492,2.307269801177193,20.420921162137432,2.773646686315842,46.515914706761244,4480.274220157954
1980-06-30,182.344297512404,64.63,85.40607936463233,7.775429,0.7125899,29.100845,11.197164,13.356016252023858,2.977011535429945,14.41944700279179,3.443348413417624,59.544297512404015,4420.72992264555
1980-07-01,202.50496069008017,151.96370718015214,85.48852786410527,7.8342447,0.6513515,30.335217,4.2134166,17.480601088824834,1.8442573682466032,18.741172895603924,2.310619274964697,79.70304142443568,4341.026881221114
1980-07-02,231.38440581518577,298.4521693131686,85.49388211132334,7.7277994,0.63928795,30.602991,3.3729706,20.613188804278114,1.92036608939663,22.02348759564046,2.3867600039343624,108.57874150414516,4232.448139716969
1980-07-03,273.8048956456715,307.80407872862946,85.30644017662513,7.7074203,0.6208914,31.632973,3.441179,20.369505924191483,1.8444779724486942,21.76815750687394,2.3108689946435828,145.07092050544907,4087.3772192115202
1980-07-04,331.6043236802295,319.1847545141762,85.06507521118884,7.6333833,0.6047952,33.063347,3.312487,20.10571410650149,1.653605073085613,21.491757342025586,2.119993040786775,167.07534209946078,3920.3018771120596
1980-07-05,306.1352136424288,250.5736902109886,84.85017038870414,7.2292166,0.5303493,32.62613,9.362698,18.660321879986604,4.22421295067811,19.977280307909442,4.690585594258188,140.46201407146688,3779.8398630405927
1980-07-06,268.46849831039816,275.9617152533369,84.84635822725616,7.4609485,0.5843284,28.501692,5.57922,18.126116344942005,2.842645856068848,19.417541574379978,3.3090134405803946,87.96023831039814,3691.879624730195
1980-07-07,224.09059332875262,192.22984049535805,84.73173909851586,7.660042,0.61677736,28.532734,3.4843569,17.297700565832802,1.6427468622087629,18.54953035282703,2.1091072468121634,57.036643328752625,3634.842981401442
1980-07-08,214.06412868625125,315.7502350719984,84.52147056652095,7.6870584,0.6014463,27.200323,2.4850528,19.316259775969193,1.5008058398159212,20.664569793108473,1.9671851416325385,40.79195432671717,3594.051027074725
1980-07-09,227.92802599494962,358.7968294628216,84.22931487801027,7.767722,0.6174828,27.546621,2.29029,19.863010499884325,1.4209628227506388,21.237453332652894,1.8873480504178577,31.15946911878218,3562.891557955943
1980-07-10,232.79589461243833,359.39297626846485,83.944739856745,7.9706225,0.65526706,29.366432,2.1704822,20.95550639675988,1.342192388048891,22.382166798888704,1.808590480326735,24.715595314948054,3538.175962640995
1980-07-11,242.88327483705038,367.93073355513474,83.63905208633199,7.8169513,0.6312332,30.56186,2.3028708,21.51760403842838,1.4096864742584894,22.971130786394294,1.8760917171377827,20.732610746874908,3517.44335189412
1980-07-12,255.135630370094,336.22913909452603,83.38913295719341,7.722467,0.6157856,29.889235,2.5631695,20.325708752666905,1.48134581262421,21.72226698026363,1.9477363221754875,17.866763410328897,3499.576588483791
1980-07-13,306.2502547707223,352.60892651949086,83.01224474207305,7.8072877,0.6621756,28.883274,2.6537035,19.086755515150934,1.4531817040179824,20.42409601314417,1.9195586202494561,15.492276665652835,3484.0843118181383
1980-07-14,322.0707130483057,406.7423274596151,82.57874303199635,8.002427,0.68698907,28.08292,2.1648655,19.209123461584042,1.2457454054708919,20.552312729122878,1.7121235861624187,13.5107064910491,3470.5736053270894
1980-07-15,316.4997533162409,427.44994694469153,82.1299470774989,8.024815,0.6985125,28.991804,2.7011569,20.07178304131908,1.5801934110896465,21.456204487915,2.0465809916719,12.030173298792683,3458.5434320282966
1980-07-16,296.14310581248355,408.9377562169656,81.7156779191973,8.107403,0.72584194,30.966738,2.6213605,21.365520621349607,1.550619595172973,22.811778301850307,2.0170228677119484,10.756950156425422,3447.7864818718713
1980-07-17,294.05696695911746,398.5697949008759,81.30322018460787,8.161998,0.7185049,33.10893,3.1882465,22.517627224821105,1.859852399283834,24.018951662688337,2.326271256680587,9.760881995288155,3438.0255998765833
1980-07-18,299.3464597048768,415.01550606396944,80.82528708556788,8.207875,0.74604976,32.09637,2.5921571,22.08612815630088,1.5380461424644138,23.566828413698623,2.0044589851246135,8.910928903604532,3429.1146709729787
1980-07-19,316.3062401014879,429.8762435846407,80.29962586438131,8.158664,0.7406782,31.44469,3.0081725,21.573759941481907,1.761222183001572,23.029970749654424,2.2276281601018035,8.272590480487484,3420.8420804924913
1980-07-20,324.0781065144942,440.7895008000908,79.74690228907231,8.383894,0.80825335,32.54535,2.4778736,22.308023651695944,1.4684770920408072,23.799329755261766,1.9348930011547532,7.5495627114530475,3413.2925177810384
1980-07-21,312.7339559233108,439.6293007974843,79.25592169336758,8.396422,0.7801777,33.45629,2.4694784,23.03968480725197,1.4789850929180508,24.56596181299483,1.9454115118926398,8.379048806775502,3404.9134689742627
1980-07-22,259.87875088571246,419.735449966271,78.84224721691503,8.191013,0.67255145,31.720339,3.171281,22.72292277474944,1.9754223168488296,24.234059638135516,2.4418441106159996,6.992731443984756,3397.920737530278
1980-07-23,283.446994445066,374.6235151507319,78.45249391732064,8.308496,0.7141636,30.590393,3.4217353,20.993037574535244,1.972049171065491,22.421491838667816,2.438447729533873,6.169003725076811,3391.751733805201
1980-07-24,304.3378400394414,412.2425928224441,77.97086380104236,8.349267,0.77989584,29.781363,2.247134,20.67896821566473,1.3345159448308495,22.09241103803569,1.8009106517603684,5.812998998630714,3385.9387348065707
1980-07-25,327.2963281639922,430.82188983172114,77.45689997202858,8.413594,0.7841914,30.337852,2.2312844,20.87266743596106,1.312408491190819,22.29536841893452,1.7788055601911483,5.4748300447691935,3380.4639047618016
1980-07-26,341.8435913958064,452.840510909654,76.95204468825227,8.386634,0.79434156,30.046387,2.6161559,20.72916534731313,1.5294409459368614,22.14500742098657,1.9958362608789437,5.204758362509597,3375.259146399292
1980-07-27,312.13545654080735,402.5355787407176,76.5200773178971,8.493799,0.83491564,30.105024,2.8160625,20.666234616660788,1.6275129752467872,22.079068816526988,2.0939075283987236,4.918383768314655,3370.3407626309777
1980-07-28,343.94570353159054,451.87146104357873,75.97161632301756,8.311062,0.7861485,28.99487,3.9240026,20.05549597496453,2.2538378054342947,21.439138955463253,2.7202252006652845,4.747665459654514,3365.5930971713233
1980-07-29,335.194502654597,446.5200556332792,75.46150554482331,8.122427,0.7392307,27.710192,3.2008455,19.311075974616955,1.8556158033217012,20.659138223771535,2.321995050590417,4.588763505377053,3361.0043336659464
1980-07-30,245.05484421124999,386.9474836855591,75.070236356986,8.611501,0.81104577,26.639076,2.9047174,19.648999600422822,1.8060222632869127,21.013213443756797,2.272405130728213,4.2580912117968035,3356.7462424541495
1980-07-31,290.667951481662,438.818926129806,74.57268190364859,8.700857,0.85871685,28.54615,2.1699862,20.638686957675443,1.3494427188117486,22.050204473609103,1.8158369399181282,4.047549992085536,3352.698692462064
1980-08-01,319.59026947586136,446.35372975509495,74.04440730038415,8.745695,0.81333524,30.17286,3.3240056,21.232371181556893,1.9665664896225499,22.672264773984093,2.432968058832724,3.8670885216499418,3348.8316039404144
1980-08-02,281.3066138638043,390.5573844847232,73.60511134305322,8.799222,0.8511911,30.61131,3.0700867,21.47868047347111,1.8198915196608423,22.930346808085613,2.286296255742103,3.7030433273875993,3345.128560613027
1980-08-03,199.6411803829196,324.32346120199344,73.29444535813671,8.98468,0.84465677,30.348354,3.0337515,22.208360170375528,1.9052093433884116,23.6949027002168,2.371623868253771,3.512328689288639,3341.6162319237383
1980-08-04,256.0450774641942,412.2905724167904,72.85411200078889,9.330884,0.8969384,30.936493,2.311899,22.659200191753936,1.4670031028867636,24.16729133349758,1.933423980064819,3.400553286573406,3338.2156786371647
1980-08-05,262.2978560982451,480.0549031644813,72.38922143667291,9.0890045,0.8972006,29.992935,2.1849883,22.606883025815872,1.448084995986928,24.11247358586496,1.9145051241018671,3.289254940197609,3334.926423696967
1980-08-06,268.6037354622531,527.3965872715166,71.91133074662301,9.350729,0.977968,28.80647,1.9479483,22.24129144009657,1.332151886659193,23.729407972060596,1.7985668676583004,3.0896154230241955,3331.836808273943
1980-08-07,312.8868038494988,524.1129174781885,71.38567304595402,9.316794,0.9648883,30.173563,2.0503757,22.376896526682287,1.3336090334305957,23.87149451824231,1.800025905770078,2.9980028305175472,3328.8388054434254
1980-08-08,333.1794608200156,523.4155659534952,70.8337666041813,9.397239,0.95920825,31.012402,2.1404538,22.605011765771547,1.3600804273979317,24.110512885987102,1.8265005287786293,2.921856870074428,3325.916948573351
1980-08-09,344.96247631811616,514.0098206150026,70.26733878149291,9.376433,0.99361056,31.302786,2.2250385,22.497183082327183,1.3899736779997642,23.997530360068012,1.856392245618935,2.8117410237333833,3323.1052075496177
1980-08-10,354.5454835983606,506.948228987745,69.68856663805542,9.220172,0.97639006,29.97496,2.4219425,21.433381459759563,1.480762756079588,22.882882656365588,1.9471669045331457,2.768392601784795,3320.336814947833
1980-08-11,340.1527239346685,458.8208955112617,69.1570785203368,9.110433,0.93946666,27.812311,3.4188375,19.850227349121678,2.0036378554156222,21.224059190980807,2.470022940632883,2.723968624790316,3317.6128463230425
1980-08-12,358.9481482964034,438.4461121166742,68.61122838630888,9.262197,1.016432,27.451292,3.734695,19.26344510701213,2.1038730029212718,20.609230763513178,2.570251750419967,2.624318314357971,3314.9885280086846
1980-08-13,353.22673128533836,458.6575578003256,68.04447751014919,9.414898,1.07018,27.131798,3.0838733,19.42370106496737,1.8033159879007548,20.777146408451088,2.2696964272143774,2.525839203254031,3312.4626888054304
1980-08-14,360.87890466150156,463.8921324282828,67.46992706673566,9.160416,1.0084797,26.882208,3.5276937,19.128030434834653,2.0326243627243112,20.467343732897515,2.4990017035467424,2.5030292649046557,3309.9596595405255
1980-08-15,302.60067903882043,413.0225347395721,67.0164596934146,9.486711,1.0395669,25.954521,3.145961,18.991121189906217,1.8681475899781546,20.32389069406234,2.3345235299145877,2.3850439104749377,3307.5746156300506
1980-08-16,334.633949996702,454.3231023020213,66.47430264655857,9.552716,1.0740464,25.130756,2.6136737,18.523373778102865,1.5725231017457513,19.83378655488933,2.038894417285924,2.3162711706077848,3305.258344459443
1980-08-17,351.1840111587917,471.1335629184486,65.90437516035573,9.662931,1.1850001,24.558899,2.2129433,18.197335247875106,1.3651391517344362,19.49216449742364,1.83150739185548,2.243076611622377,3303.0152678478207
1980-08-18,364.97930805831584,480.231655234601,65.31710960320257,9.652186,1.1359658,24.469807,2.3767734,18.07125645020345,1.4367656029402527,19.36005956420209,1.9031326863906806,2.191732310319008,3300.823535537502
1980-08-19,357.9431665690874,467.2590602673693,64.75808205579273,9.595786,1.1719991,24.797386,3.2850113,18.20347659100277,1.9283101338819528,19.498599375759675,2.3946784308091034,2.1490846789132556,3298.6744508585884
1980-08-20,351.2783821182468,459.7237333228836,64.2041627680517,9.874036,1.2062707,24.792961,3.0212195,18.330960791140942,1.7905326486615964,19.632176884881517,2.2569021345301046,2.0586440853189174,3296.6158067732695
1980-08-21,360.08065738339354,469.6396777545879,63.6250978888571,9.752667,1.2629621,24.498095,2.8956556,18.098898504202452,1.7282202355064848,19.38902281389261,2.1945875709945772,2.0314141656330165,3294.5843926076363
1980-08-22,366.2494686665189,476.5826193876962,63.03872600016227,9.635578,1.2378982,22.337164,2.6890135,16.81773828239861,1.6128613529771023,18.046627512913677,2.0792179252035217,2.0034308432864396,3292.58096176435
1980-08-23,369.2309450251726,481.6949237464924,62.44978986645512,10.0007,1.2624094,21.605728,2.430968,16.57011262868238,1.4811476622572863,17.78716619941576,1.9475023705938457,1.9091520026536255,3290.6718097616963
1980-08-24,379.51150149195524,486.1853721162082,61.84435044595942,10.192264,1.3478906,23.083027,2.4011965,17.431865286622656,1.4723185043022486,18.690107688651487,1.9386800016979486,1.8445545972433708,3288.8272551644527
1980-08-25,385.63912794492546,489.95496791489234,61.217855301391445,10.288495,1.3180096,24.030266,2.6108062,17.977958567435678,1.5720287197588976,19.262302361560877,2.038394958979337,1.7946086441273932,3287.032646520325
1980-08-26,391.4409661111547,492.85862846534,60.58267370793645,10.471183,1.5240922,24.298943,2.891127,18.177994794317907,1.746883913014413,19.471899636298442,2.213251974522186,1.7349595815547971,3285.2976869387703
1980-08-27,394.6341650329944,494.8027244300836,59.94601352942722,10.914224,1.8796344,24.744606,2.7446308,18.608205049884866,1.7397796413954818,19.922672471481313,2.206151777050314,1.6424980745482534,3283.655188864222
1980-08-28,399.1088657150967,494.8259969820974,59.306844349894746,10.939909,1.7881539,25.728933,2.8478067,19.12618073919977,1.7669987671768292,20.465405628134153,2.2333760889299348,1.6085247771281619,3282.046664087094
1980-08-29,403.3129453319331,493.9544397968651,58.66554988008544,11.062966,1.9006426,25.504261,3.1108663,19.013039799693885,1.9138267016369082,20.34685693847284,2.380202864408469,1.5646676194027065,3280.4819964676913
1980-08-30,364.6910822835476,464.3582680013844,58.13204671894753,11.2751465,1.4063491,25.343338,3.2006712,19.154871677763527,1.89646537556936,20.49546789548619,2.3628429935502506,1.5103263545186096,3278.971670113173
1980-08-31,389.65768989671255,465.0135886285611,57.59952934666048,11.623302,1.780356,25.35465,3.9611418,19.09431919815863,2.3029798392604603,20.432021214344473,2.7693568331530045,0.0,3277.5303351606185
1980-09-01,383.13502563403296,487.282311614153,57.01701307866677,12.002671,2.274624,25.17376,3.2028763,19.3761897127586,2.0536561338104815,20.72736417601617,2.520036068486451,,
1980-09-02,390.7140107612896,496.5046171563846,56.42183060400748,11.910163,2.1356912,25.738098,3.2324355,19.64854156864038,2.038826050101435,21.012733519620856,2.505208912547477,,
1980-09-03,390.77870865039137,490.0076053115812,55.90442064496405,11.683738,1.8080165,25.21909,2.4993062,19.21385623477227,1.6052365946001534,20.55727171269133,2.0716148245405757,,
1980-09-04,399.974525146,508.8372617586319,55.275688946012416,11.738622,1.6990798,24.410843,2.2119663,18.83370830772973,1.446708012298784,20.158954014206834,1.9130823680394446,,
1980-09-05,402.8047081305804,500.1651039189194,54.67506641667808,11.677215,1.7040461,24.598635,2.8058183,18.834534102650153,1.7301140004561564,20.159819279301615,2.196488364433648,,
1980-09-06,409.3808665886127,442.3386916045621,54.16483630344027,11.768922,1.7946339,25.560444,3.1727793,18.931518682910593,1.8599019594575426,20.261439390973305,2.3262772962241565,,
1980-09-07,397.93014930760825,489.8739637268318,53.53148889771372,11.716282,1.711242,24.055798,2.143806,18.524999456872315,1.4098180339952733,19.835489935546853,1.8761893651745187,,
1980-09-08,400.7754609161012,504.9164577509958,52.87640337358516,11.738271,1.6363586,22.43449,1.9014981,17.70133294642282,1.2837727915032593,18.972454981460984,1.7501365861138498,,
1980-09-09,401.94376274409575,509.8469964875007,52.20920500621413,11.999087,1.4934975,21.52066,1.9599459,17.323275345839168,1.2784974252375458,18.57632751989469,1.7448580203759856,,
1980-09-10,399.89500455106014,505.1501641775508,51.56236353941508,12.130136,1.5204368,19.709402,1.6315725,16.360496487708822,1.1316478002990762,17.5675311234406,1.5980009856496116,,
1980-09-11,401.3226052065684,509.3545145589442,50.93292181173092,12.169774,1.5196357,18.791557,1.5642358,15.873430513889874,1.101781493624497,17.057185061024843,1.5681313341831393,,
1980-09-12,403.3074781094429,510.9667540363212,50.26947712769119,12.423211,1.3538829,18.910866,1.3832573,16.049011475379263,0.9768933130411348,17.241158192279936,1.4432443280808396,,
1980-09-13,406.04117630118986,515.0607401207766,49.60305360946551,12.787875,1.1935515,20.267637,1.5798779,16.97040017384207,1.0282423933436453,18.20658612091956,1.494600149604925,,
1980-09-14,406.7715577809605,514.5877391015895,49.1129438534159,13.027745,1.1352872,21.04603,2.0566902,17.50603190385772,1.2532706786828385,18.76781921666449,1.7196328000677694,,
1980-09-15,403.3940496065434,513.5249405992068,48.439542416839096,12.960066,1.3629994,19.844894,1.7587807,16.81594757051796,1.1531808542645945,18.04475121112637,1.6195374127605258,,
1980-09-16,406.2240473478348,515.4364676854541,47.74699627456852,13.097417,1.3911513,17.910494,1.6221341,15.789118814822439,1.0949533158128986,16.96884355094711,1.5613026049306695,,
1980-09-17,364.7682824002083,536.1391531739098,47.022348419888665,13.364011,1.3035117,16.758976,1.2816719,15.384389021085513,0.9275324425918994,16.544769056569148,1.3938791977544565,,
1980-09-18,232.61247208893192,444.8351478334513,46.46978603387452,13.38415,1.3178751,16.363386,1.1100136,15.340417631249545,0.857918325653977,16.4986959846077,1.3242648168001478,,
1980-09-19,307.486685635097,497.7603957238658,45.78704558413382,13.460158,1.2757505,16.519846,1.1938338,15.351492514964637,0.8842544423887899,16.510300209906774,1.350600999823293,,
1980-09-20,355.81383321728634,542.6182909320166,45.05107796519873,13.737699,1.1623158,17.467962,1.2288619,15.990633712419745,0.8733470696868552,17.17999017180535,1.3396976903186415,,
1980-09-21,363.795718338272,542.4802748156465,44.31722045240091,14.214461,1.1825742,19.580582,1.3653933,17.426523058213732,0.9451587530347624,18.68451011998611,1.411520205727324,,
1980-09-22,366.1939407758588,540.6290147158527,43.57530611269252,14.377618,1.2270664,21.204521,1.6022751,18.44767583976141,1.076115455463744,19.75447051385561,1.542486046134294,,
1980-09-23,374.4169648980139,545.8436912448457,42.82613052656792,14.083909,1.1709738,21.048077,1.6881329,18.214637563737334,1.1088638292895152,19.510293804839076,1.5752322295636807,,
1980-09-24,381.85975892390405,550.7527212796521,42.06656868859815,14.139548,1.348178,17.696173,1.3863196,16.239906827187074,0.9874059110987491,17.441177689361044,1.4537582430626275,,
1980-09-25,384.8132432898098,554.4164015597105,41.30046178173992,14.426753,1.2309014,15.413628,1.327891,15.009293700343033,0.9320602053080657,16.151745461694386,1.398404779318107,,
1980-09-26,321.0970439573836,474.990429656796,40.83055557069643,14.513082,1.3005924,14.083975,1.2258114,14.257052422620188,0.9000659115226682,15.363549622304557,1.3664065962416463,,
1980-09-27,350.23473708140654,502.525517373508,40.267218722702175,14.417409,1.4461017,12.057718,1.1617296,13.026860114618446,0.906323215483874,14.074558327182366,1.3726589344028628,,
1980-09-28,360.9218223567265,515.5205386807181,39.68423359310434,14.9363785,1.2889161,11.303499,1.1996557,12.799530746749157,0.8829756246971562,13.836363392615494,1.3493106154583716,,
1980-09-29,364.4577355874614,522.4631058484183,39.09300512093233,15.31408,1.175818,12.111622,1.0217735,13.42759130465135,0.7718427432991137,14.494443098267798,1.2381798897289946,,
1980-09-30,365.76167526425405,521.8835437678156,38.502046401438,15.526139,1.0683889,13.875866,0.9514364,14.555874933504786,0.7118470062589306,15.676654827735787,1.1781891584906523,,
1980-10-01,370.13243889280847,526.220068709543,37.90177081271599,15.707631,1.1059939,15.662422,0.9880024,15.681090384634919,0.7382436517412816,16.855651731073344,1.2045922461802754,,
1980-10-02,347.7006405580293,495.511851736335,37.356706061970776,15.690446,1.0532132,15.935808,1.0824354,15.834632471808177,0.7702099673496737,17.016532605156115,1.2365595531398839,,
1980-10-03,328.7256479970208,473.2967540314891,36.83663627557242,15.653161,1.1314497,14.859154,1.1036028,15.18459423897641,0.7995077372993995,16.335424766839527,1.265853310641527,,
1980-10-04,314.813704204728,456.5458444245971,36.32941518413704,15.5687,1.201004,13.342094,1.1538442,14.250835228254818,0.8406252317055736,15.35703526730094,1.3069658869765175,,
1980-10-05,315.7666927022189,453.00850358707385,35.80925198575639,15.593923,1.249767,11.121727,1.3006566,12.958636438094818,0.9224500421004064,14.003073792131879,1.3887855362848633,,
1980-10-06,329.62889650754795,471.1522474032256,35.25734272131388,15.694284,1.2174302,10.402357,1.246136,12.580695317781974,0.8880853869419796,13.607068378195171,1.3544197325882215,,
1980-10-07,340.57501610454045,484.3783127825239,34.69270082857505,15.745978,1.1426069,11.011145,1.1475582,12.965880758361802,0.8225083748174122,14.010664366144155,1.2888438926126429,,
1980-10-08,368.51051354238433,523.6007575942955,34.088802728851924,15.890505,1.0832059,11.8150425,1.1418643,13.498521641108924,0.8058282423675239,14.568763662344818,1.272165660601999,,
1980-10-09,375.9855925734234,529.792909276127,33.48140073484765,15.624635,1.2733779,11.9427805,1.0160444,13.471105740204344,0.7953422865980185,14.540037375093569,1.2616795990927083,,
1980-10-10,357.35643575861525,500.9553608442001,32.945450302932215,15.69868,1.2676574,10.137728,1.2914281,12.453019290784614,0.9201573710027023,13.473289873546001,1.3864913655674438,,
1980-10-11,332.8975180730346,502.1854721335538,32.429477139213226,16.015814,1.0920608,10.135765,1.4768211,12.479787955551803,0.9890620172514883,13.50133798898496,1.4553960838795466,,
1980-10-12,308.9140946094018,470.6059948796317,31.9547773485206,15.676633,1.1967521,10.971198,0.9169379,12.835903238818055,0.7289422626512053,13.87447436547214,1.1952773659450115,,
1980-10-13,310.54810790875183,471.4513133296716,31.457874614150803,15.259549,1.2959218,8.943628,1.1261784,11.451810811191908,0.8519531975249782,12.424227051088739,1.3182850853499153,,
1980-10-14,304.96603002068935,461.9328875751608,30.97962416438669,15.130912,1.292555,7.342786,1.2437747,10.439822238019714,0.9085461769243267,11.363868883428793,1.374877100446732,,
1980-10-15,310.0513869113244,466.9556929677129,30.48428392022156,15.195058,1.1522331,7.2226787,1.4272932,10.403920241136975,0.9732124380959815,11.326250893819896,1.4395433489233582,,
1980-10-16,321.28321167545494,484.6703525312575,29.96501667408885,15.592061,1.0096489,8.92132,1.4306916,11.580526662798675,0.94985270626882,12.559095080409183,1.416184800712692,,
1980-10-17,323.94339715341323,488.150884992176,29.44888112621051,15.950658,1.2579623,12.822313,1.0507604,14.070206045658699,0.8066835160330705,15.167772627226697,1.2730233350454174,,
1980-10-18,312.86684530698096,475.6651427782674,28.959409855974467,15.605067,1.0251918,14.824093,0.901488,15.133961071695172,0.6791033133752775,16.282371507243067,1.1454485944643664,,
1980-10-19,287.9956976986474,443.0940295746388,28.52371838191357,15.265742,1.0604203,13.8390045,0.9517674,14.401034495403653,0.7122091651272106,15.51441354598898,1.1785505441909456,,
1980-10-20,290.465679414942,444.728513227968,28.067096406751528,14.672985,1.0951279,10.596574,1.1656762,12.207110983449214,0.8272944870549099,13.215627989715466,1.2936278579619462,,
1980-10-21,289.3314816604076,442.9937371027339,27.613343652610784,14.609241,1.0341339,8.519254,1.6805284,10.92532259106019,1.0956075087672497,11.872574493744672,1.5619387487322673,,
1980-10-22,285.86946513651185,438.25188071244617,27.16466532168093,14.00868,1.0833944,7.4648213,1.2952201,10.048213589696207,0.8929818408333872,10.953542680362618,1.359312705545018,,
1980-10-23,293.36379001234,447.3506608168416,26.69500478571734,13.421811,1.1095649,5.962236,1.3097007,8.916639264972748,0.904862274959843,9.7678829710107,1.3711939554396302,,
1980-10-24,298.24978553774474,453.25432898887647,26.21963690291109,12.540124,1.1059754,3.7004771,1.3732165,7.208671843974393,0.9373469662835477,7.9782805456831785,1.4036826516138712,,
1980-10-25,123.073272858528,248.9248451035243,26.05614928996661,11.833423,1.1772352,4.2260866,1.4479964,6.7429266205388645,1.0442853664545293,7.490274292637832,1.5106227228317428,,
1980-10-26,32.315789505999994,403.509550495358,26.39301198129122,10.9402685,0.9511788,6.061565,0.9422725,6.423313411789786,0.8752506708282105,7.155384665053645,1.341589317490067,,
1980-10-27,76.43051032888481,387.21672969398367,26.407302240912205,10.632112,0.95928323,6.0458126,1.0183539,6.801846803594079,0.865058534490722,7.552010659034515,1.3313956657604664,,
1980-10-28,264.1987539374528,402.4236479883044,26.197752407210423,10.470195,0.90032876,4.6671247,1.9091276,6.9670232764571,1.2064674919874274,7.725082002672862,1.6728040133602389,,
1980-10-29,265.91761838142406,424.9546972772311,25.9377274182292,10.123427,0.9649709,3.9152393,1.5380204,6.304778681899163,1.0163330133831596,7.031184380264953,1.4826721682720658,,
1980-10-30,251.3553319449494,415.079542212408,25.661870437506508,10.05921,0.9537473,3.4566731,1.4029378,5.946913171455416,0.9449467373134516,6.656214121724046,1.4112875240735276,,
1980-10-31,270.3825538141802,425.664764792974,25.339829672998803,10.427567,0.92224777,3.651743,1.749654,6.283840550287607,1.1283748717609,7.009245477535788,1.594714118093707,,
1980-11-01,268.6016577530919,440.50029650071895,24.99789746700537,9.874019,0.8961536,4.163046,1.2099918,6.326312742742074,0.8247537464917949,7.053747695605652,1.2910928078571973,,
1980-11-02,277.34868579527114,436.5869608245986,24.63488391841386,9.629951,0.92779887,3.918635,1.2317246,6.13735851479416,0.8350204743267476,6.855762101469543,1.3013603744204092,,
1980-11-03,280.6547408397697,444.93355154446544,24.44005580719495,9.6599245,0.9081673,3.8019066,1.2696418,6.067765225964836,0.8541273167293076,6.782842491326934,1.3204675360225286,,
1980-11-04,283.4948026764734,452.0629897836037,24.049219243359,10.364848,0.7976017,4.457858,1.4794569,6.734499018761229,0.9598121216087548,7.48144388030354,1.4261495105086168,,
1980-11-05,278.5492933141923,451.3227165536373,23.65845265881792,9.678576,0.88737416,5.907739,1.2273154,7.346846365982375,0.8310541751247554,8.123059337517168,1.2973894124193104,,
1980-11-06,286.6791417249712,464.0821156147799,23.252559325801936,9.305888,0.926743,4.876146,1.348866,6.567648589214207,0.9057878903431332,7.306618570573832,1.3721259398536696,,
1980-11-07,286.89222524805984,464.2144510959527,22.8497042442284,10.2172165,0.8012833,4.5323887,1.537344,6.703761876016001,0.9982180580606884,7.449237607204757,1.464555566265548,,
1980-11-08,271.4682537102521,451.9148453232104,22.45803328768893,9.466098,0.9064251,6.0664563,1.2215985,7.3422598945015025,0.8355385964639462,8.118253648377577,1.3018738482799117,,
1980-11-09,252.9374162561817,427.3952865147337,22.11061177517293,8.976649,0.9241811,5.4184794,1.3848263,6.741353211138619,0.93536321868704,7.488625679646685,1.4017005811299725,,
1980-11-10,231.29131742119628,376.7784096606621,21.86625472798446,8.393785,0.9780296,4.063001,1.2344755,5.710300415165496,0.8505843208307843,6.408292084503712,1.3169262669855595,,
1980-11-11,261.7880307262121,378.9821821686484,21.582892878780267,7.7101507,0.99959123,1.4808599,1.2970314,4.025849873333572,0.8690577769848177,4.643330564778346,1.3354098273259563,,
1980-11-12,288.1528625332718,422.9600349394591,21.24243079657455,7.7631493,1.0087113,-0.21181768,1.6858525,3.019750134624538,1.0828306092889743,3.589142697738927,1.5491902426110724,,
1980-11-13,289.2020496685198,432.4329836624447,20.88789842202408,8.048223,0.9789004,-0.5468174,1.8340414,2.897725954837365,1.1669504685509624,3.4612861792767187,1.6333111002821732,,
1980-11-14,306.79835717132846,428.3812788427474,20.534062191081624,8.396849,0.83904815,0.22873276,1.3116711,3.6373752526253176,0.8406843042530862,4.236288185134296,1.307039145337502,,
1980-11-15,312.39130076453785,419.8475735996733,20.183808353359883,7.7816095,0.9525123,1.48024,1.0940936,4.168560832614214,0.7474428615308285,4.792862620079593,1.2137939300044778,,
1980-11-16,291.23380903947964,403.25833686060446,19.84999338589454,7.1132436,1.0414367,0.6299799,1.36034,3.348722784358004,0.9025770249236961,3.9338391155929058,1.3689340514053085,,
1980-11-17,286.54315975020927,407.64401038352906,19.49120208981708,6.9232244,1.1191514,-0.5327718,1.72733,2.5448775800576238,1.114572918609657,3.0915728583343354,1.5809365331732286,,
1980-11-18,233.31244859328856,369.5267215183203,19.22328961540711,6.176444,0.9875668,-1.0389782,1.0405406,1.7535540541482382,0.7435787205536363,2.2624267728906324,1.209949542315966,,
1980-11-19,238.2439722449881,352.9778123142304,18.95838486440869,5.821775,0.91565835,-1.5293721,1.6782314,1.4329112988153723,1.067737882725741,1.9264583899152823,1.5341118286842481,,
1980-11-20,251.0439193981684,370.9440133212959,18.651101409956443,5.574188,0.92004085,-2.080914,1.7846507,1.0088032744170612,1.127258207301676,1.482079451691488,1.5936364661581357,,
1980-11-21,254.51841897368925,393.4839851057242,18.323114710827923,5.7035685,0.881667,-2.3143,1.6858037,0.8349092730642551,1.080652012133455,1.2998739115009241,1.5470320988292319,,
1980-11-22,258.0397847419399,389.72207335888993,18.01035541583899,5.8350706,0.854076,-2.0743318,1.434569,1.0764256662392722,0.9277366850194071,1.552933962687218,1.3941142424187405,,
1980-11-23,235.0393284364281,386.5719127744098,17.715591062821783,5.9406238,0.8265031,-1.2349689,1.0855821,1.4782163963983757,0.7439329025789012,1.9739289162950246,1.2103063999733417,,
1980-11-24,25.852632096,293.729207495358,17.92885579281368,5.514764,0.9204293,1.0210569,0.72085255,1.3845761457028443,0.6667098588690257,1.875812981709431,1.133084285979786,,
1980-11-25,25.852632096,452.351510495358,18.833086704503245,5.1400857,0.6991091,2.6782255,0.949471,2.8113183950508054,0.8989356566561895,3.370748633501828,1.3652970056770144,,
1980-11-26,25.852632096,359.844980495358,19.29009350803139,4.6680074,0.7848774,2.6513677,0.8374326,2.7865394745252026,0.7830702046395943,3.344785365277604,1.2494317609314005,,
1980-11-27,25.852632096,305.513530495358,19.570435474531926,4.6251564,0.7955642,1.6785598,0.7885927,1.9084483053107277,0.7297125558611514,2.424724439779179,1.1960819105180658,,
1980-11-28,25.852632096,193.8913204953581,19.92184788509152,4.5769773,0.75187796,1.1525457,0.8379411,1.5554262625716457,0.7446310349342905,2.0548291501426528,1.211003773284982,,
1980-11-29,25.852632096,114.52828049535805,20.326555497674388,4.198191,0.68084747,1.3749473,0.8899842,1.8948775720222564,0.7368308544989061,2.41050507182875,1.203200336596638,,
1980-11-30,25.852632096,227.0987104953581,20.56121049665776,4.150715,0.7061676,1.7864282,0.8409508,2.0280677023349694,0.7584440508460151,2.5500612350827265,1.2248122912834416,,
1980-12-01,25.852632096,211.7569304953581,20.78340695834519,4.9631333,0.76540756,1.7484512,0.9797854,2.098218274217282,0.877144115442494,2.6235647645032802,1.343511710059409,,
1980-12-02,25.852632096,196.30111049535805,21.010910497817783,5.682704,0.7739054,2.1138337,1.2351549,2.5291527594786336,1.0951261077981014,3.0750964450842795,1.5614898586065689,,
1980-12-03,25.852632096,56.601980495358056,21.42564630275125,3.2037778,0.9185456,2.389374,0.95173585,2.644720328159128,0.7139918211312968,3.1961877484997308,1.1803545772226474,,
1980-12-04,25.852632096,168.94251049535805,21.672490458185127,1.9929326,0.75608927,0.18913597,1.0048898,0.42853048838806834,0.8772816932699318,0.8740716100535972,1.3436661863195154,,
1980-12-05,28.55770751677555,192.5394383509047,21.92930954301316,1.9724531,0.7717012,-1.0787476,0.7190422,-0.6846434991961136,0.6340518320125995,-0.2923082889421929,1.1004493621925167,,
1980-12-06,96.624587417003,178.88864012025266,22.11028781479698,2.3796911,0.8651704,-1.9669212,0.92573625,-0.4425311575395158,0.6733157984005209,-0.03862380497404666,1.1397103724787214,,
1980-12-07,124.96522767657436,157.672958518669,22.26119303498696,3.701199,0.9679115,-2.5279493,1.488173,0.22619707924210505,0.9340047024312268,0.6620673555926156,1.4003914597878757,,
1980-12-08,174.08033770257478,97.83959085594346,22.41253821890737,4.7107496,0.7803223,-1.9427575,1.7555479,2.3167492408674857,0.8053286136667687,2.8525407643486242,1.2716942325126328,,
1980-12-09,138.47811538268283,56.404068975701705,22.60249664106769,4.3948984,0.91373944,0.040642142,1.3568091,3.13466125168089,0.7587976099145965,3.709546173386569,1.2251563185947514,,
1980-12-10,53.995112171707575,131.57328406632854,22.84017749118464,3.1360798,0.8412477,1.2869929,0.9044211,1.8250244665708824,0.6863902782398941,2.337313226717696,1.152760419649964,,
1980-12-11,92.51914423208686,155.79597033695794,22.94501686671195,2.1226687,0.85183674,1.0792977,0.86129886,1.4680448378472883,0.6267003735016041,1.963271192014929,1.093073971399947,,
1980-12-12,116.74215273263702,194.09923338224323,23.29067679280758,2.1429827,0.81452703,-0.6200919,0.77137226,0.41763116689810514,0.5706019434691004,0.8626513382538805,1.0369865572998305,,
1980-12-13,121.33348120318747,165.33621797787447,23.587389593925447,2.4819326,0.85907465,-1.1990904,1.0158075,0.35890944256145796,0.6895262602012284,0.8011229162241144,1.1559115270956728,,
1980-12-14,149.328828729161,157.70097586503513,23.62038643113377,1.6693811,0.8494585,-1.6173733,1.1466314,-0.018808026227751604,0.7194107722664353,0.40535184358935517,1.1858003341244319,,
1980-12-15,130.6384542380637,176.07573715059013,23.62849071168487,1.443887,0.81398827,-1.7559732,0.68440026,-0.39306011044771977,0.5239920770342308,0.013211789060422585,0.9903860553353789,,
1980-12-16,141.81709837286505,187.9027437835932,23.682122938059333,1.6739771,0.840056,-1.8780943,0.6845618,-0.35029888999102043,0.5317399146464279,0.0580168496830325,0.9981333802311865,,
1980-12-17,147.85882990785387,188.59298473760413,23.704838075720545,1.3090998,0.7940279,-1.4661454,0.52647114,-0.2465219952296023,0.45700286960662784,0.16675392527047833,0.9233950995771022,,
1980-12-18,142.0610994195878,194.69980505970472,23.711129756056685,1.3834612,0.8315556,-1.8181828,0.6334134,-0.4675834260237488,0.5071119958482027,-0.06487348625493033,0.9735068726967393,,
1980-12-19,153.30915955181936,193.13700345728657,23.770885607594025,1.3807381,0.85508126,-1.8658124,0.69646734,-0.4291507084662686,0.5421534068775362,-0.024603816173875304,1.0085478195396795,,
1980-12-20,145.26083358871654,205.8974712276902,23.81462281565504,1.2440796,0.7864742,-1.4533926,0.4814911,-0.337550974194355,0.4307495191941497,0.07137407227820841,0.8971428323331291,,
1980-12-21,149.11310016796483,214.8991523693118,23.71206274725765,1.26545,0.77975804,-1.4142889,0.47396567,-0.3165671145895532,0.42464392879857205,0.09336088864238401,0.8910369914069833,,
1980-12-22,145.67782167470537,237.77765404476511,23.620528196397835,1.2755433,0.8055005,-1.3184694,0.48041782,-0.3329830869686995,0.4270739997333929,0.0761602888987089,0.8934672582925709,,
1980-12-23,134.00858420059316,261.3316518358848,23.55487683297053,1.4704411,0.8410369,-1.428831,0.5871798,-0.44606395729565196,0.481590625941276,-0.04232546048225433,0.9479852426718299,,
1980-12-24,155.45061600501276,272.9371810841593,23.43116303424346,1.3513143,0.90941674,-1.3561903,0.59437716,-0.3737084103774823,0.5023055568414858,0.03348843424354003,0.9686993028525466,,
1980-12-25,168.48003957681405,296.09966790535555,23.29386433351252,1.1639922,0.7776002,-0.94480705,0.3886907,-0.18005006866147102,0.37535772416349666,0.23640298270565246,0.8417491691587609,,
1980-12-26,180.28554372883343,313.9534443557131,23.253046250784465,1.2078956,0.76925147,-1.1916744,0.4532383,-0.31637355495867675,0.40203167004118506,0.09356369976196588,0.8684247303409918,,
1980-12-27,173.92924541877744,325.14703750289016,23.20792694225697,1.222905,0.82965815,-1.331765,0.56444025,-0.44145658538960747,0.4677896115361618,-0.03749787194861387,0.9341841726436206,,
1980-12-28,175.17104564132364,336.21180957632043,23.052202753919147,1.3774395,0.90454775,-1.5436608,0.7188505,-0.5430558676399488,0.5651266028359748,-0.14395325259074937,1.0315223961472004,,
1980-12-29,179.8601006348442,330.7524162677702,22.895059906208463,2.3021965,0.85926676,-1.9313191,1.1596886,-0.4400894271480495,0.8098793625714386,-0.03606536821650608,1.2762739071783715,,
1980-12-30,187.14801410853607,335.80082113057176,22.75258020562052,1.5753387,1.0418783,-1.1021553,0.8634891,-0.14395892251727715,0.668177900990031,0.27421916226412757,1.1345689218965729,,
1980-12-31,190.69704623386704,339.10799502363943,22.49365614110073,1.1864438,0.9090549,-1.2050961,0.61738086,-0.3442896678795733,0.5130449380035251,0.06431329206990866,0.9794383317039332,,
1981-01-01,209.1515251261534,393.516193489234,22.29698581063228,1.3452783,0.76348704,-1.2314516,0.40073496,-0.3372159341120193,0.3723877514172042,0.07172512613120252,0.8387810605521171,,
1981-01-02,197.38263046813967,385.8004360461436,22.02400424065473,1.2336614,0.7721458,-0.9926344,0.32194918,-0.23912809467124632,0.3371343920736871,0.17450122900073906,0.8035265344789615,,
1981-01-03,206.0482395412146,396.1675042123792,21.73473711376265,1.1176989,0.78124577,-0.7641885,0.26776385,-0.12030035807099049,0.3201239823200617,0.29900852521819,0.7865147260349379,,
1981-01-04,196.80545686955003,388.10377613435617,21.44602350720492,1.079419,0.7842732,-0.56478715,0.23268612,-0.011558156824540524,0.30573381848351316,0.412948231967601,0.7721232963689912,,
1981-01-05,192.1184789940532,380.1768232015612,21.154611102460503,1.107887,0.7820206,-0.70346594,0.24600399,-0.0953980829699164,0.3092323693877959,0.32510104394492645,0.7756228220305816,,
1981-01-06,198.75836553571108,385.3788310818597,20.848552896838875,1.1882434,0.77569723,-0.849509,0.2994609,-0.15614392022892146,0.32969081462931465,0.2614517633141976,0.7960819785490493,,
1981-01-07,200.0427406682892,382.2150246312782,20.627929327617856,1.1957926,0.77510583,-0.9881121,0.34028745,-0.23780132392594225,0.3475803432340757,0.17589141485232976,0.8139724699331556,,
1981-01-08,197.94679508006348,383.9439971535819,20.399794701804524,1.079419,0.7842732,-0.6306058,0.26401412,-0.048891962881048856,0.31862969356580806,0.3738299976008232,0.7850196045168346,,
1981-01-09,201.95215184533564,385.733363785342,20.08154274926503,1.1065623,0.7821253,-0.7331624,0.26819,-0.10095973009201861,0.32128380070160323,0.31927356910192733,0.787674318290622,,
1981-01-10,196.2910728845736,376.1123992895073,19.76946026754784,1.1025785,0.7824402,-0.6642803,0.26527074,-0.05838143291444992,0.31996241415034643,0.3638869633379561,0.7863524354315576,,
1981-01-11,191.742717367596,371.50972227515,19.452235969425363,1.079419,0.7842732,-0.510401,0.24268772,0.03080643168282186,0.3112920972528764,0.45733770298951415,0.7776810856468133,,
1981-01-12,202.68682181102383,386.1808503922876,19.12325877312211,1.079419,0.7842732,-0.5199312,0.24090455,0.03056126003782167,0.31277752129852393,0.45708081297796027,0.7791665125193348,,
1981-01-13,217.49792285698177,408.4456891362435,18.778746748234663,1.079419,0.7842732,-0.6059717,0.25579745,-0.020345494148763306,0.31956840337464193,0.4037408899572903,0.7859579830482764,,
1981-01-14,221.4460728651201,417.0455721726105,18.43037049385805,1.1565658,0.7781839,-0.92145264,0.3217136,-0.20073996880979808,0.34205253984604467,0.21472417605512092,0.808444228629405,,
1981-01-15,205.9323174945884,393.538691566252,18.10043533707571,1.5011735,0.7615329,-1.2630469,0.47313112,-0.3134724933498716,0.4060897726504407,0.09660342219888896,0.8724827983541361,,
1981-01-16,180.53159834833323,355.3731142719647,17.812098109660806,1.5441248,0.7584292,-1.2585021,0.56645703,-0.31437397368405673,0.4542878845325948,0.09565885418628611,0.9206809209857083,,
1981-01-17,189.9268100743965,365.13686675047177,17.492690465166778,1.2011597,0.7746856,-1.0261248,0.42738983,-0.26401218470376875,0.38640622304092265,0.14842776452666845,0.8527986603947069,,
1981-01-18,208.48592569485007,393.4007978370887,17.147791757118764,1.1677632,0.777304,-0.90133214,0.34401563,-0.18462375057043606,0.35078979057778137,0.23161069443578838,0.8171812894223811,,
1981-01-19,215.4925486261681,396.8561839424911,16.795973299111203,1.4851384,0.76180094,-1.2868894,0.4677967,-0.3113810110932143,0.4047031609832814,0.09879487015804,0.871096161751334,,
1981-01-20,200.33468815237475,371.26888409316905,16.472879402168626,1.314613,0.7678405,-1.1040069,0.5088237,-0.25633293696442033,0.4261994208268509,0.15647405405776255,0.8925917670837885,,
1981-01-21,204.4284055070065,365.9896488158113,16.267789487084734,1.2208306,0.77314746,-1.0476836,0.44988644,-0.23468560621339532,0.4001207343761855,0.17915605322098824,0.8665128241995881,,
1981-01-22,222.921307755686,392.9738271082974,16.12694985314369,1.3470695,0.765925,-1.2784809,0.5066958,-0.32817117845875127,0.42588186899027797,0.08120219018674629,0.8922750700797465,,
1981-01-23,222.42828633194333,401.8375234878666,15.771842013663464,1.4956394,0.75947154,-1.3248998,0.59673893,-0.31993091732648377,0.46986472077681213,0.08983630763321265,0.9362578235124659,,
1981-01-24,227.24336709125683,392.2604716569786,15.409848537628406,1.409559,0.7628238,-1.3460215,0.63736635,-0.3352329598823407,0.49108650150539773,0.07380287975060146,0.9574797869443983,,
1981-01-25,206.66420581787943,358.96634120435937,15.093185768533049,1.3510957,0.7657723,-1.2343587,0.57689416,-0.28971225266084655,0.4607844175852135,0.12149932117252976,0.9271771603023796,,
1981-01-26,208.3075718005156,362.0769067922986,14.75860418922124,1.8839839,0.77369773,-1.5028847,0.7071377,-0.2659815693459776,0.5304140388243204,0.14636425003056663,0.9968064995512464,,
1981-01-27,211.9304717334625,365.7020790115087,14.42973407415254,1.8782312,0.82779473,-1.5328683,0.9917848,-0.2813530749627645,0.6974993929621914,0.13025803899016064,1.1638920362743121,,
1981-01-28,209.2206760688904,365.8637053684313,14.12472465401722,1.6652948,0.77637887,-1.3470103,0.9466217,-0.2511076127050325,0.6651796149708641,0.16194913095487168,1.1315718992797357,,
1981-01-29,216.7098551725566,371.9005535277199,13.807867035149345,1.3036289,0.76670665,-1.2510461,0.70286936,-0.31048633406096837,0.5262130130430295,0.09973230969412689,0.9926060031458457,,
1981-01-30,227.4359280170873,391.5501454812984,13.47765671997225,1.1476039,0.7788888,-0.8967062,0.40859473,-0.14555917342334052,0.3856265212426997,0.2725424248349384,0.8520175609214242,,
1981-01-31,239.3987663608704,404.2571866859906,13.134998787232716,1.208166,0.77413744,-1.0638214,0.416596,-0.21878770644589673,0.38905474902622655,0.19581381825312155,0.8554466508648764,,
1981-02-01,226.01153876150684,406.0891078994916,12.80584100126855,1.7029079,0.79227847,-1.1329302,0.4756637,-0.11895852166398138,0.41669342262544784,0.3004144968186158,0.8830841506380966,,
1981-02-02,25.8526316048,22.448430495358053,15.381451902441691,1.9137647,0.8619137,-0.65819323,0.50929403,0.7184200028137795,0.5185097008452917,1.1778168523311257,0.9848910313251694,,
1981-02-03,25.8526316048,22.6205,17.323423810999383,1.2103376,0.77396756,-0.6937138,0.43616834,0.3217918859877654,0.46024235205727076,0.762231267326219,0.926628033782019,,
1981-02-04,25.8526316048,99.4002,17.860113721348675,1.159637,0.7779425,-0.39977777,0.29157308,-0.07790899958078229,0.28164643795992095,0.34342604573662033,0.748036686604086,,
1981-02-05,25.8526316048,114.18034049535804,18.246618378068387,1.1372539,0.77970374,-0.3160162,0.2820811,-0.04771612917258424,0.2713348916157229,0.37506203214116596,0.7377247889029812,,
1981-02-06,25.8526316048,319.30417049535805,18.59907934504178,1.2839651,0.7682314,-0.3829912,0.26783413,-0.25813429778639846,0.25436685664837894,0.1545865943461378,0.7207592242683217,,
1981-02-07,25.8526316048,443.915380495358,18.897424376800963,1.7597574,0.75026894,-0.3163135,0.27898523,-0.2020615874111801,0.2668456330385313,0.21333938860232002,0.7332373374110901,,
1981-02-08,61.283029929611246,400.2907658210575,19.12038868930747,1.9664971,0.8021534,-0.586753,0.40283433,-0.24775867838754861,0.3652233784559879,0.16545813288497208,0.8316156230784746,,
1981-02-09,98.10391335027612,416.6779072606997,19.24720166072656,1.2871317,0.76798564,-0.6200417,0.4097875,-0.2565845001005991,0.3625475537246825,0.15621046706360003,0.8289399029647777,,
1981-02-10,64.2371948252542,418.2071771043933,19.38262848640376,1.5375595,0.7699415,-0.4409244,0.31052515,-0.1774903935057237,0.28804005423616075,0.2390850015840327,0.7544314691049165,,
1981-02-11,25.8526316048,4139.454730495359,25.389037873005755,2.6151023,1.045051,0.21720344,0.40310645,0.2320863725479743,0.40065701166475987,0.6682381369869633,0.8670437024531112,,
1981-02-12,25.8526316048,4146.624730495359,33.05402280819709,1.3466296,0.7659218,0.12982851,0.34566528,0.13736780120723804,0.34355631683568816,0.5689923417153785,0.8099440830640453,,
1981-02-13,25.8526316048,4876.032930495358,35.01731317703524,1.2922292,0.7675902,0.0115945935,0.3169837,0.01834868307893953,0.31533790601180045,0.4442845165870495,0.7817270381328345,,
1981-02-14,25.8526316048,3017.587130495358,36.19391880188175,1.723674,0.75165415,0.0019695163,0.3311549,0.016594610497146483,0.3284039777008427,0.4424466053318439,0.7947931300731519,,
1981-02-15,25.8526316048,2056.3139304953584,36.9977945416708,2.2855582,0.758289,0.14358187,0.3650628,0.17017711020141085,0.3606530112078155,0.6033698235264606,0.8270404037562258,,
1981-02-16,25.8526316048,1635.399330495358,37.795855282991575,3.6499782,0.84385985,0.2748153,0.41133913,0.32734004013095547,0.40515070451606217,0.7680446042720375,0.8715363241338359,,
1981-02-17,25.8526316048,1767.022330495358,39.19107193962832,5.1669607,1.00649,1.3370216,0.76684415,1.3922479756203276,0.7559258581195211,1.8838514988721313,1.2223002086826968,,
1981-02-18,25.8526316048,2057.3006304953583,40.70704314171961,6.268678,1.3218033,3.102448,1.0549614,3.14174196677713,1.0419981496843105,3.716965322460196,1.5083568018828002,,
1981-02-19,25.8526316048,1966.482330495358,42.40124036261968,5.4651237,1.170318,3.7802305,0.78167886,3.802093774191406,0.7716851829564246,4.4088796889691455,1.2380388196528092,,
1981-02-20,25.8526316048,3594.253830495358,45.248144375578256,5.4341516,1.1040951,3.7043395,1.2846645,3.7166927862805816,1.275514555546471,4.319396825764858,1.7418688128040758,,
1981-02-21,25.8526316048,5991.523430495358,48.62833459543338,5.783826,0.905318,3.5268784,1.0378857,3.536574947626351,1.0334338654199176,4.130669970124984,1.4997894588394032,,
1981-02-22,234.721149506,4446.574930495359,51.06845871507828,5.617091,0.8386404,3.8410172,0.812423,3.9300699589896406,0.7728327497982442,4.542972697936033,1.2391854721776845,,
1981-02-23,403.470489506,3556.027130495358,52.94574939689662,4.716336,0.93881136,3.5946174,0.7474953,3.708919815753932,0.6781078065769554,4.311252333817604,1.1444621207305126,,
1981-02-24,1013.798289506,4818.062230495359,55.133479472654365,4.9279027,0.6761546,4.0083947,0.66103023,4.168240039310042,0.5586241764807672,4.792526493952059,1.0249752471353915,,
1981-02-25,792.800349506,3287.9768304953577,56.75548227568484,4.2807207,0.59897345,4.010886,0.65354013,4.063308780247073,0.5392770437958273,4.682579879395446,1.0056288341610173,,
1981-02-26,127.3214683952,2753.172130495358,58.16307872668899,4.2490244,0.5389083,4.0183954,0.6427471,4.028589516589287,0.6147985077954756,4.6462011536166825,1.0811505390682858,,
1981-02-27,35.5473683952,1985.321130495358,59.338585836000334,4.44665,0.62314737,3.90737,0.6599945,3.9168561023778503,0.648477725835974,4.529127264147508,1.1148305417537732,,
1981-02-28,35.5473683952,1679.579730495358,60.39225407383832,4.2886653,0.64430875,3.81001,0.69045234,3.8199304675892853,0.6762740114716651,4.427568915339758,1.1426275196117064,,
1981-03-01,35.5473683952,1511.054230495358,61.114769674303695,4.5136228,0.70215964,4.0250506,0.6317729,4.036280069309827,0.6174630320135946,4.654259288468425,1.0838150098048707,,
1981-03-02,35.5473683952,1304.576630495358,61.669585630045965,4.003966,0.7280057,3.9228725,0.7181621,3.9250235784734278,0.6993792150797663,4.537685117681334,1.1657319731579994,,
1981-03-03,35.5473683952,1062.319730495358,62.114368448473066,2.6867723,0.7220646,2.7570724,0.7319908,2.7547962318415085,0.7086757347763621,3.311524904102476,1.1750375576202665,,
1981-03-04,35.5473683952,826.967430495358,62.4453144384558,3.0121903,0.66061085,1.6466489,0.5588547,1.7029278083475994,0.5365135185474018,2.2093807655978868,1.0028848257730716,,
1981-03-05,35.5473683952,808.240730495358,62.74259004685155,3.430698,0.625198,1.5159435,0.54499435,1.596608897831459,0.5226986853536624,2.0979801745920894,0.989071021628922,,
1981-03-06,35.5473683952,766.309560495358,62.95527143477663,3.2895346,0.64691913,1.2716203,0.509895,1.3610770585311853,0.4881338955845206,1.8511907184985776,0.9545085575820322,,
1981-03-07,35.5473683952,695.419430495358,63.02801691666152,3.485392,0.6288023,1.0621275,0.48018238,1.1799723312189343,0.45785310609570395,1.661429804296341,0.9242295995232086,,
1981-03-08,38.976206695200005,642.238430495358,62.96991301508128,3.8178296,0.5917549,1.345188,0.53131044,1.486662065707927,0.5020540718890463,1.9827782597274963,0.9684274859227768,,
1981-03-09,53.769013395200005,604.588070495358,63.081331815960986,3.748704,0.58087707,1.5994194,0.57927674,1.774954661900758,0.5340775638127411,2.2848502565394044,1.0004481812424417,,
1981-03-10,48.2862113952,574.331430495358,63.17399021287366,4.0627675,0.58194023,1.7283013,0.5676561,1.9093474404825836,0.525573674110269,2.42566655053871,0.9919430203309723,,
1981-03-11,52.7101143952,543.730460495358,63.20198472973468,3.831688,0.58388835,1.9464413,0.6509706,2.113048948160809,0.5956805624465519,2.639104293965185,1.0620480212498473,,
1981-03-12,44.5522573952,535.180660495358,63.20101438098881,3.781443,0.6090641,1.8434311,0.57683915,1.9923666110799387,0.5345624060862072,2.512653753703781,1.000930977355845,,
1981-03-13,35.5473683952,510.36239049535806,63.19751413673615,4.5405393,0.6531883,2.5390983,0.66645634,2.669423759733659,0.6245095487300042,3.222071919659068,1.0908720941744239,,
1981-03-14,35.5473683952,480.718960495358,63.15761993418925,3.474317,0.712841,2.8364644,0.6871594,2.880383565635476,0.6417250421769876,3.443114883152971,1.1080858171866264,,
1981-03-15,45.7657053952,437.147230495358,63.01019661380497,4.5764074,0.8366325,3.112833,0.60522723,3.2515361106680527,0.5535773326982255,3.8320072511165995,1.0199351164247092,,
1981-03-16,35.5473683952,410.2903704953581,63.10211698189726,3.8286567,0.83130133,3.5525694,0.76501733,3.5745822777567304,0.7071344236211149,4.170493920714037,1.1734897320037163,,
1981-03-17,44.2678863952,420.207910495358,63.36107385842743,2.9086423,0.79473346,2.4135404,0.7387152,2.4607271404935815,0.6725888824923271,3.003400315413019,1.1389532294546003,,
1981-03-18,48.4296943952,414.6594304953581,63.09770531734876,2.6361065,0.79695326,1.6949077,0.6004021,1.793337900493342,0.5440343360086158,2.304112151096757,1.0104047783336232,,
1981-03-19,54.49240672960032,389.9214239419226,62.81861745408158,2.8226552,0.79036146,0.97710085,0.57230926,1.2033960079414918,0.5114011456554531,1.6859730526964034,0.9777774000982893,,
1981-03-20,80.7434126942785,370.5326846346925,62.50118193463396,2.805921,0.7791157,0.39808863,0.6055884,0.8289038485849967,0.5164062258056508,1.2935814482600736,0.9827863762434677,,
1981-03-21,77.47264425356184,362.8756254819222,62.17677922442429,3.811386,0.8273056,0.26436624,0.5844651,0.8884109497457278,0.5031498993095675,1.3559327854414385,0.969529419954575,,
1981-03-22,81.22984831418194,378.0656228843359,61.843163159919314,5.081396,0.8836996,0.9706906,0.7853424,1.697699700759821,0.6650730486277638,2.2039027723388043,1.131444406153567,,
1981-03-23,103.44168465758648,363.10784979584776,61.479023196599215,5.586158,1.0031393,2.0502949,1.0282526,2.834253685247607,0.8306038688909134,3.3947801521696697,1.296965026688094,,
1981-03-24,117.82066554241422,379.9084951413566,61.10932278898428,5.274834,0.9757282,3.0204763,1.0527031,3.554119854808772,0.8360487362628848,4.14905346389646,1.3024041978986358,,
1981-03-25,130.68578284667285,385.8228043812741,60.72424299713967,4.788937,0.8937294,3.2943072,1.1235782,3.6724749490334405,0.8692222614970658,4.273065527048418,1.335576843338239,,
1981-03-26,149.4321619679405,381.544938988515,60.30061007406231,5.9628563,1.0402398,4.079881,0.9112516,4.609804308159754,0.7172632774206736,5.255196025440845,1.1836114574274759,,
1981-03-27,164.71390747191896,367.3919468700023,59.87454388504558,5.788836,1.0427513,4.9158707,1.3308539,5.186097972558549,0.9739316330020125,5.859034557036561,1.4402763757961232,,
1981-03-28,175.6651023573246,378.5184713461599,59.46508024055822,7.1621118,1.1913517,6.142013,1.1001108,6.465363941943271,0.8409556337426508,7.19944506680592,1.307294103971126,,
1981-03-29,192.7123545497478,375.09059284654666,59.2769503269017,8.788552,1.2653878,8.563024,2.1939216,8.639568027348878,1.5115985804230747,9.477568675349053,1.977930683852454,,
1981-03-30,135.2510642246297,377.6822799526972,59.26899854890447,8.047813,1.0775267,9.459537,1.9968628,9.087291193799327,1.4975271279930207,9.946691478690754,1.963858591667297,,
1981-03-31,90.63762379606976,308.1012572545839,59.61688826387884,8.806143,1.1709154,10.17894,1.696669,9.866888336360423,1.3377434814390314,10.763550699746755,1.8040743783318094,,
1981-04-01,80.06359386123464,317.4582324811834,59.77791602308534,9.432217,1.3304254,10.792719,1.7095134,10.518704501662675,1.3912540300511425,11.44652144962836,1.8575849866446357,,
1981-04-02,35.5473683952,363.004030495358,60.386959672672624,8.006184,1.1542315,10.312082,0.94746,10.106415895790306,0.8690736474450307,11.014526857733387,1.3354045097998073,,
1981-04-03,35.5473683952,205.07967049535804,60.91820114136595,9.429139,1.4476932,11.610685,1.7267696,11.288409733934166,1.4871355131666728,12.253015960896716,1.9534671659921856,,
1981-04-04,110.6832815021686,198.88830422521136,61.31905667595598,10.538902,1.5308789,14.733068,2.1660652,13.23349906849353,1.4953879026364547,14.291073916692751,1.9617243347222966,,
1981-04-05,134.20294243225595,137.99352912419752,61.70894540849356,9.146971,1.165783,17.36267,1.9950161,13.31202642129114,1.1633116022866,14.373354608521762,1.6296483181976291,,
1981-04-06,35.5473683952,304.311830495358,62.24146243110872,6.5704875,0.8282827,10.810236,0.97962064,10.366782036422803,0.8814256765002941,11.287337609870988,1.3477565757468133,,
1981-04-07,35.5473683952,252.44160049535807,62.6174734284481,7.536284,0.9577673,9.6681795,1.1738118,9.405033057114037,1.0356938544890177,10.279620316925683,1.5020250032340208,,
1981-04-08,64.3288540709056,256.3482182024503,62.98641068735247,9.414404,1.3408755,11.782647,1.7673775,11.307569911852063,1.438213309596202,12.273091929823297,1.9045449883969015,,
1981-04-09,69.20954204463342,254.8210480071293,63.32786284872967,8.689292,1.0396762,13.495657,2.0055742,12.469067713955782,1.592760682580065,13.490105356485962,2.059094720250016,,
1981-04-10,35.5473683952,412.235890495358,63.69174468419385,9.322577,1.3387109,12.386964,0.88894147,12.143696886550092,0.8252441674630148,13.149182915754812,1.2915773887607227,,
1981-04-11,35.5473683952,359.591530495358,63.937847195780165,9.39997,1.2527269,13.171605,1.3302507,12.832302396241687,1.215813513352273,13.870701414929487,1.6821486054379742,,
1981-04-12,35.5473683952,398.59417049535807,64.15880689612327,8.096189,0.9336937,12.782785,0.9528115,12.399048383946736,0.878129837125588,13.416739341851589,1.3444636888884807,,
1981-04-13,35.5473683952,481.453790495358,64.28065982288233,7.3180346,0.90496564,11.111452,0.87584627,10.850628687883562,0.8179958357331655,11.794310477324535,1.2843270094654458,,
1981-04-14,35.5473683952,706.147430495358,64.47067665710419,6.570511,1.0136418,9.634237,0.8283092,9.487401404829594,0.7901055701353694,10.365925590099932,1.25643665608852,,
1981-04-15,35.5473683952,967.599300495358,64.81237144146192,5.9292808,0.9434893,8.100765,0.72875404,8.023816801060958,0.7037246555046582,8.83238664528484,1.1700580132761107,,
1981-04-16,35.5473683952,726.2593904953579,65.06999191671716,7.697051,1.0777997,8.422168,1.0539176,8.388332436938617,1.0059977418162034,9.214324882523085,1.4723303046630236,,
1981-04-17,35.5473683952,704.705070495358,65.1883736209057,7.597209,1.0343844,8.963115,1.1072632,8.89752312031621,1.0552614350873277,9.747853139984851,1.521593141927903,,
1981-04-18,35.5473683952,743.396330495358,65.45097785355416,9.853105,1.4793345,10.420334,1.0638697,10.394448155947233,1.0175615861716067,11.316326075336788,1.4838924938954232,,
1981-04-19,35.5473683952,638.002930495358,65.65310508073688,9.068908,1.2969637,11.889155,0.8416295,11.740313672047268,0.8001446835624155,12.72651936249529,1.2664770608649993,,
1981-04-20,35.5473683952,615.722630495358,65.7089409960017,6.7707872,0.8692398,10.209629,0.8118263,10.021931518296821,0.7689805002636511,10.926004415791109,1.23531136730939,,
1981-04-21,35.5473683952,579.159530495358,65.74830066551954,6.5869,0.9105497,8.715261,0.89436454,8.592182247641329,0.8442886359637362,9.427918017351669,1.310620820520105,,
1981-04-22,35.5473683952,543.3645304953579,65.76806978798989,7.5182533,1.0278978,8.699514,1.2947605,8.62698051601802,1.2168952648779907,9.464379524004837,1.6832273896073637,,
1981-04-23,58.39095639520001,605.9274804953579,65.84977079532631,7.3814535,1.1641302,9.534509,1.5208277,9.345263691309762,1.3909216882313,10.21699417974732,1.8572528873987442,,
1981-04-24,77.17228839520001,1012.283930495358,66.05573970954617,8.498673,1.1336597,9.355307,0.81993264,9.294626496914168,0.7660727522546504,10.163936700554206,1.232403997337726,,
1981-04-25,35.5473683952,903.171930495358,66.30223001557682,6.822014,0.9345775,9.804849,0.80435044,9.69189485378436,0.7747001363009147,10.580193126888851,1.2410310999103735,,
1981-04-26,35.5473683952,774.971330495358,66.49274418674588,7.773778,1.002525,9.139124,0.8000249,9.0792431813487,0.7662003734871177,9.93825879875574,1.2325318466376345,,
1981-04-27,35.5473683952,709.3926304953579,66.59339547080785,9.229455,1.2878069,10.081136,0.8727973,10.04049487992127,0.8334174639455693,10.94545504264553,1.2997483292607546,,
1981-04-28,35.5473683952,676.144100495358,66.69156585202649,8.093861,1.0448452,10.623611,0.8397127,10.497256156618349,0.7994761070485009,11.424047947008413,1.2658070539453683,,
1981-04-29,35.5473683952,1239.796839495358,67.0924139428098,9.523288,1.1921453,9.739971,0.87794507,9.733931595913162,0.8541209060053279,10.624239081595997,1.3204518503918508,,
1981-04-30,35.5473683952,1768.692410495358,67.87778610402412,9.5866585,1.2696617,10.749916,0.8065132,10.72699742311444,0.791018793565761,11.664770060711787,1.257349871693704,,
1981-05-01,54.9368420988,1290.243130495358,68.6436218894296,9.777389,1.3454577,11.005104,0.82515347,10.954964445326167,0.7933595221150428,11.903633127318953,1.2596907901328303,,
1981-05-02,54.9368420988,1033.591930495358,69.19930866063837,8.594604,1.0227873,11.188686,0.8446929,11.057765882076817,0.8037214791092555,12.011348121337152,1.2700528522038093,,
1981-05-03,54.9368420988,864.8816304953581,69.66555274707727,9.718522,1.3040165,11.418012,0.84977686,11.316508385915993,0.802810096371688,12.282457632392838,1.269141787433787,,
1981-05-04,54.9368420988,750.017830495358,70.04614233861872,10.835019,1.4673285,12.790199,1.142705,12.6567614256681,1.0694163701107189,13.686770186019272,1.535750933785204,,
1981-05-05,54.9368420988,673.2172304953581,70.24812738896232,10.729875,1.4256845,13.985634,1.0722039,13.739997469052307,0.9971281537757477,14.82178120942007,1.463466540484674,,
1981-05-06,54.9368420988,629.481660495358,70.40646660784672,9.142553,0.9775985,14.088205,0.9535607,13.691228192090154,0.8805238614299222,14.770680927728561,1.3468620471680024,,
1981-05-07,54.9368420988,602.3429904953581,70.6265960728771,9.681239,1.2488868,13.368853,0.9005477,13.06063406090827,0.8318532906493834,14.109946552654385,1.2981891227926132,,
1981-05-08,54.9368420988,552.899030495358,70.73607554969925,10.253068,1.3119056,13.433178,0.92152226,13.145756281097533,0.8465787726987183,14.199137323992941,1.3129148959945856,,
1981-05-09,54.9368420988,528.865360495358,70.82212623561477,10.5747175,1.3915495,14.26931,0.92929345,13.92164217005548,0.8519686789729164,15.012107906209847,1.3183078381466806,,
1981-05-10,54.9368420988,509.33073049535807,70.88943481446522,10.953818,1.3689572,14.739382,1.139524,14.370820999769334,1.037179631742759,15.482755948543009,1.5035208631381027,,
1981-05-11,525.7182420988,461.349000495358,71.00425599616088,10.818141,1.5560911,24.055073,7.154664,17.004999378247867,3.4452167375088125,18.242839049024493,3.911574765823768,,
1981-05-12,1169.2553420988002,1233.733930495358,72.2805214867171,10.749145,1.2991145,20.031425,2.4198036,15.514819148024033,1.3939371158072462,16.681433297722247,1.8602846671159072,,
1981-05-13,941.3734262964,3462.4186304953582,73.65509317184242,9.936714,1.0241194,12.9767475,1.1065097,12.326896982898527,0.8970990900211571,13.3411393504705,1.363432756082394,,
1981-05-14,690.5637262964,2238.6017304953584,74.5242163932543,9.72243,0.96530694,12.7710905,1.0867316,12.05235534793236,0.8611447359087977,13.053475563826582,1.3274777497934183,,
1981-05-15,473.1072762964,2415.542630495358,75.2942683429378,10.867579,1.1784034,12.957083,1.0997092,12.614860865726282,0.9396319743897658,13.642866922542135,1.4059664171460262,,
1981-05-16,648.8297762964,5902.168680495359,77.2918305547137,10.354385,1.0571178,13.86747,1.050946,13.519523777850193,0.952628379178746,14.590769629430106,1.4189658789974202,,
1981-05-17,626.5933862964,3585.372530495358,78.58855403514544,10.405253,1.1105589,13.279625,0.9964266,12.85201886969084,0.8641334833045071,13.891360268412116,1.330468636942084,,
1981-05-18,337.2898262964,2342.790230495358,79.34648240714743,9.998655,1.1411105,12.041046,0.90549576,11.784009922971116,0.8044606437167613,12.772304144845137,1.2707931034563567,,
1981-05-19,222.8074962964,1766.021230495358,79.89228505242318,10.245472,1.1782451,11.413111,0.88298523,11.28230073951539,0.7950982214572853,12.246614977427276,1.261429866089201,,
1981-05-20,204.9971362964,1442.121330495358,80.32095499085052,10.913505,1.3492794,12.291957,0.9110785,12.120397429703807,0.8151719654547094,13.124769824516484,1.281505132938729,,
1981-05-21,205.3706262964,1096.895230495358,80.63735923601946,11.480266,1.4296066,14.352216,0.99938154,13.899301949174214,0.8714451151612844,14.988699899136682,1.3377841772955164,,
1981-05-22,187.5533162964,899.118970495358,80.91403765357167,11.586333,1.4992244,16.533785,1.0651948,15.679883497467063,0.9185480123841665,16.8543871588244,1.3848965991376367,,
1981-05-23,188.0184862964,754.603530495358,81.11149883891224,11.609263,1.5735781,18.04443,1.0845363,16.76085034177956,0.9232039877955973,17.98702052319473,1.3895601256194388,,
1981-05-24,203.0078462964,622.751530495358,81.1999846986899,11.664152,1.627951,19.369589,1.1535627,17.47525479465649,0.9576110711159415,18.735571066849722,1.423972932798928,,
1981-05-25,198.0274262964,594.120060495358,81.23060388522617,11.765382,1.9553275,20.846664,1.2976018,18.576452058116793,1.0890752268455433,19.889401795248897,1.5554470545616004,,
1981-05-26,180.3758962964,551.611580495358,81.2311929739191,11.382596,2.8311057,22.403492,1.3955969,19.68772968363007,1.2620469316076683,21.053794692549182,1.7284302223038757,,
1981-05-27,193.3604262964,514.4511804953579,81.19108370326265,11.29346,2.515995,23.702423,1.7952752,20.312534611411124,1.4747948533079325,21.708463160089373,1.9411852090856385,,
1981-05-28,204.5077702964,475.8509604953581,81.03174287881427,11.277991,2.2399528,24.249264,1.5249035,20.350253005725513,1.2612832501013735,21.747984364718107,1.727674046671713,,
1981-05-29,213.4140812964,543.1554304953579,80.94157840359836,10.81342,1.6589646,22.545675,1.4199283,19.23622600769145,1.1216735875261241,20.580710684288803,1.588052050591403,,
1981-05-30,136.4256262964,634.836070495358,80.95384670033832,11.738045,2.2728322,20.532162,1.3272032,18.97660291739505,1.1640676938403374,20.30867849775337,1.6304434864794723,,
1981-05-31,103.4105262964,622.814330495358,80.99777945025683,11.462949,2.1431234,20.937622,1.2599936,19.588479390471644,1.1228425775009634,20.949800574647938,1.589224786991779,,
1981-06-01,136.9564440932582,615.6163904698712,80.99303433238988,11.332678,2.2056959,20.439411,1.2053635,18.78212863089535,1.0645806618375817,20.10490900513608,1.5309545046459216,2.3563519437162173,4857.643648056283
1981-06-02,333.3776376783077,568.2653693367487,80.92663187029383,10.48487,1.7559026,20.278133,1.356693,16.657127069608293,1.0736105782590697,17.878339633173947,1.539965933566219,2.589780404980941,4855.053867651302
1981-06-03,398.9898591186008,501.979930495358,80.99063925832324,10.99853,1.7363483,20.846603,1.7238815,16.48543467688988,1.2303492690266429,17.698440930984678,1.6967033560780727,2.552409118600818,4852.501458532702
1981-06-04,441.8613505777002,545.467150495358,81.08658806715407,11.766596,1.8251157,21.678463,1.5048124,17.242582728312097,1.1654695042010856,18.49177807108374,1.6318294376100675,2.454450577700199,4850.047007955001
1981-06-05,381.8594378077602,497.734230495358,81.13999919439799,12.101847,2.2366786,24.67997,1.5310915,19.219408637694674,1.3013487600767477,20.563089501493483,1.767727047827722,2.4376078077601666,4847.609400147241
1981-06-06,308.15218535389283,505.494180495358,81.16867996053644,11.975357,2.2914646,26.327084,1.563152,20.891656011176224,1.302408899080868,22.31526458313577,1.7688062019466158,2.51698535389286,4845.092414793348
1981-06-07,258.5906912098681,522.133630495358,81.07987508278701,11.418899,2.23205,24.630648,1.3571109,20.25466598319591,1.1706051387180318,21.64782860925948,1.6369948213813945,2.720471209868137,4842.37194358348
1981-06-08,241.92630407525257,460.0872004953581,81.02074587699113,11.249356,2.3047051,23.458874,1.3585608,19.251257486426127,1.193143480452628,20.596460616324457,1.6595221004887146,2.845264075252566,4839.526679508227
1981-06-09,286.33424113821604,463.7816701010843,80.89508448366227,11.209093,2.2149682,23.691109,1.4302254,18.926473779944214,1.2234447048660717,20.25615335889027,1.6898199907653693,2.940733753771973,4836.585945754455
1981-06-10,287.49984318062667,435.8201004018827,80.65311190739916,11.028926,2.157698,23.66646,1.6033971,18.64338675393787,1.2918410170854084,19.959535740725414,1.7582134952768516,3.077340278004544,4833.508605476451
1981-06-11,277.7570400637632,451.3405247101492,80.38185836393836,11.331155,2.4576535,23.165127,1.3395376,18.656856320147742,1.2506859396834042,19.973649106156707,1.7170585493920965,3.094340530880824,4830.41426494557
1981-06-12,263.1798539493242,435.3549326543539,80.09691748653607,11.188739,2.408995,25.128284,1.4357675,19.876423482280032,1.2745499629808887,21.25150740975713,1.7409353403175134,3.2234934402791566,4827.19077150529
1981-06-13,322.53886397521717,602.1879468769221,79.74196293771071,10.994781,2.352988,25.072998,1.4279976,20.16260480637975,1.2402877582377785,21.5513672228869,1.7066763779577214,3.3812801876342524,4823.8094913176565
1981-06-14,435.9636215600847,728.1542203739327,79.57946697602658,11.329619,2.1281266,25.362297,1.4661902,20.10704131998156,1.2150142103185058,21.49314799177315,1.6814021931885739,3.4008630709109426,4820.408628246745
1981-06-15,406.5434832804375,679.485530495358,79.46300833779335,11.510994,2.395242,26.202099,1.632648,20.702638998660994,1.3591836348862958,22.117213203544647,1.8255786281691413,3.4562532804375423,4816.952374966308
1981-06-16,349.5868190593573,664.929930495358,79.28245427680842,11.372085,2.3615494,28.74996,1.6864706,22.76181222843856,1.3725774043531012,24.27480787477403,1.8389997597891046,30.239899059357278,4786.71247590695
1981-06-17,256.98128178430403,668.128630495358,79.07481443516122,11.027831,2.3539183,27.040112,1.5115311,22.592146707134045,1.27250306115239,24.09703292152373,1.7389229788414515,7.379761784304024,4779.332714122646
1981-06-18,218.6923477063844,577.704700495358,78.8463683717454,10.673062,2.440928,25.707445,1.4095107,21.578971184742635,1.2225780766702576,23.035431072529274,1.688984122088673,5.485563706384399,4773.847150416262
1981-06-19,343.74329869549285,696.9043987067807,78.56138519053394,10.30425,2.4784155,26.929047,1.507205,21.437598824269553,1.299613402491882,22.887301596482818,1.7660176055548837,5.945862077628674,4767.901288338633
1981-06-20,257.3218233759886,492.5463996303421,78.35329510066325,10.171673,2.2598648,26.454914,1.5317565,20.867221207757414,1.270301718351419,22.28966187963974,1.7366987203514652,6.359987557311941,4761.541300781321
1981-06-21,233.8910098039092,542.206430495358,78.10405155044323,10.461706,2.2234035,24.571905,1.4337739,20.31954130221548,1.2051337595059313,21.715804746763002,1.6715241970436852,6.606085803909217,4754.935214977412
1981-06-22,320.2559356486447,590.7289904953581,77.91928148155432,10.712483,2.238645,25.87944,1.5606873,20.54751018006989,1.2820147672254336,21.954669757706228,1.7484078955211646,6.871635648644708,4748.063579328767
1981-06-23,316.6599792987582,566.317850495358,77.7387467029142,10.707349,2.468096,25.457394,1.4490929,20.167624491675213,1.2834521957252318,21.556626831980548,1.7498408731529609,7.320369298758189,4740.743210030009
1981-06-24,291.2739081553377,487.557130495358,77.48316288909083,10.40032,2.5267115,25.969723,1.4878744,20.14694406349806,1.3268408864430956,21.534957950029035,1.7932293263076589,8.002548155337731,4732.740661874672
1981-06-25,265.0976454041716,450.23390049535794,77.20250010330227,10.070427,2.453868,26.778076,1.551074,20.586320059964876,1.334189785292892,21.995334617195258,1.8005833775874702,8.789205404171609,4723.9514564705005
1981-06-26,264.4870709060886,455.681070495358,76.98147410468155,9.828439,2.2887368,25.702139,1.6392499,19.87240524049742,1.335052669808246,21.247297109752985,1.8014380022855463,9.6768709060886,4714.274585564412
1981-06-27,237.4006823266804,433.8439804953581,76.74692388056008,9.941378,2.5065737,24.21371,1.3525356,19.165981075143655,1.2450242158366072,20.507108284085515,1.7114019487724317,10.437932326680396,4703.836653237731
1981-06-28,252.00190647624288,477.6276027799,76.49735700624292,9.861525,1.9420127,25.407623,1.3912966,20.038259164067522,1.1310990909830034,21.42107828392646,1.5974862903847202,11.435111541037438,4692.401541696694
1981-06-29,313.992234910239,537.3025206244679,76.21346091815278,9.60683,1.5726523,27.743153,1.52697,21.053736823232637,1.1248569999685831,22.485092303962944,1.591256315816264,12.751954977318656,4679.649586719375
1981-06-30,420.82868123643664,599.4761609107338,75.72585998634652,9.334683,1.5056689,29.79233,1.7032671,21.35449436154938,1.1777780251638101,22.800225024523016,1.6441811558784196,14.38668715678683,4665.262899562588
1981-07-01,474.42004618885244,634.2043089714015,75.20494904747783,9.254833,1.437042,30.547394,1.7935579,21.435544933532977,1.196209003773953,22.885149536789907,1.6626131802391724,16.19787382957631,4649.065025733012
1981-07-02,439.4425392512424,548.8670009060857,74.82148247423129,9.177566,1.6289736,28.794811,2.0049462,20.072187514130054,1.3283176164776545,21.456628293143716,1.7947052016667788,18.534490221576007,4630.530535511436
1981-07-03,356.3507796348182,373.2014134509996,74.65178214052109,9.498023,1.7669842,29.395638,2.3674724,19.676620148285853,1.4871534216836844,21.042154159391558,1.953536590795861,20.84229958774198,4609.688235923694
1981-07-04,365.833720247379,391.8231201206669,74.46084233678552,9.433991,1.7096759,29.688473,3.2040408,19.908620106635762,1.8512255017799757,21.285242922698412,2.3176112392236847,24.300199165105614,4585.388036758589
1981-07-05,354.37116405546453,280.36769004704297,74.34425733384631,9.778306,2.0710576,32.672455,4.29092,19.890779161691654,2.220177249318183,21.266549241572193,2.6865627870712405,28.02540561230593,4557.362631146283
1981-07-06,293.4448375874965,303.03713049535804,74.17262416530797,9.942857,1.9791203,33.477356,3.843281,21.89934076845854,2.1818370538631684,23.371113227218164,2.6482473588743605,32.98667758749649,4524.375953558787
1981-07-07,269.38243815665334,312.050920495358,73.98103552867238,10.008758,1.8942087,35.099045,2.7633815,23.474526457820442,1.723289898118039,25.02158740802865,2.1897228532363293,39.73185815665335,4484.644095402134
1981-07-08,261.1190307784808,320.899890495358,73.75061907199803,9.958156,1.75677,36.746254,2.7905924,24.727946627046222,1.7287353647967498,26.334916776740922,2.195188369534037,49.26855477848081,4435.375540623653
1981-07-09,275.4789292081859,525.7106838066042,73.60370675174349,9.779481,1.7003016,32.7959,1.9494922,24.881993982130748,1.406449643157964,26.496327068813947,1.8729052359282448,63.99187341199455,4371.383667211659
1981-07-10,326.09347211338985,535.6230886006599,73.31941373187833,9.778888,1.6329302,33.614388,1.9309129,24.594483251584165,1.3499459241448972,26.195074308153504,1.816396708592432,84.0913391851995,4287.2923280264595
1981-07-11,479.510917867226,627.7783186961383,73.01119683256096,9.667231,1.4881228,35.771584,2.1337428,24.46710968475814,1.3706676535303002,26.06161272023795,1.83711633798347,111.54316099770429,4175.749167028755
1981-07-12,656.3385845116367,651.3908324084839,72.57198029054278,9.407937,1.8145434,37.09412,2.6416295,23.198653647243752,1.6002368513384175,24.732528820130423,2.0666656347234125,147.04212473019342,4028.707042298562
1981-07-13,740.9374887674651,680.50285481951,72.02096404667863,9.50594,2.1885684,36.58546,2.8927898,22.47003766711021,1.794266392104744,23.969087486795626,2.2606845757001093,146.24505290638996,3882.461989392172
1981-07-14,747.6946021452626,701.28024481951,71.44166925405952,9.584807,1.9088048,34.94155,2.923233,21.85705873690725,1.7238983359201274,23.326810259092614,2.1903080720338943,110.4279618685742,3772.034027523598
1981-07-15,842.1033655872649,675.50649481951,70.7531534669162,9.482096,2.0424902,32.719906,3.1596014,19.825525924676615,1.806207333503469,21.198177122884868,2.2725921439879735,75.48505036543057,3696.5489771581674
1981-07-16,402.7525812140352,588.1931924232773,70.32297765874269,9.565957,1.38506,26.17063,2.2542415,19.42195075413681,1.4516393857633103,20.775312438745964,1.9180198064403688,52.02432761159074,3644.5246495465767
1981-07-17,336.5083889147282,419.2764928884038,69.93075572686553,9.28084,1.1984001,27.181726,2.4555092,19.211471118106612,1.4629839675380716,20.554772595602167,1.929362172655941,39.409240150547774,3605.115409396029
1981-07-18,331.86531480874874,420.39748790321016,69.52222067085796,9.15586,1.1540865,28.888882,2.2305808,20.18353901987467,1.3465117211830429,21.573302020226844,1.8129005817593509,30.879872316917627,3574.2355370791115
1981-07-19,336.95035794768296,438.8347302095132,69.06816397242262,9.202123,1.1698431,30.186913,2.2801685,21.072490825259006,1.386284550523026,22.504742683178826,1.852684101226913,24.868893501853705,3549.366643577258
1981-07-20,217.1985695334717,319.057346219184,68.7320836551194,9.408054,1.1888719,29.137138,4.3099422,21.14631029308066,2.6091147274936435,22.582090469223125,3.075515206544495,20.492916829333296,3528.8737267479246
1981-07-21,211.69351050188632,294.831910495358,68.54596757698774,9.864753,1.2758111,28.495358,3.364432,20.70901953801757,2.0296173760571152,22.12389871087169,2.4960124466370766,17.049860501886325,3511.823866246038
1981-07-22,228.05067444914607,297.773050495358,68.30334820903936,9.95486,1.4164549,29.847496,3.4613903,21.220024677998577,2.05418846760604,22.6593281497601,2.5205898798990667,14.812350449146065,3497.011515796892
1981-07-23,221.2275657747844,283.39397827304714,68.0252222316914,9.916659,1.3964084,28.245989,2.5120876,20.210357007802276,1.5378813806310512,21.601401816304687,2.0042705504909635,13.249069311542346,3483.7624464853498
1981-07-24,276.8480858401079,346.2869071311152,67.66379113774008,9.760523,1.1686447,26.794836,2.009884,19.226785691270496,1.231707931170074,20.570819153013034,1.6980862957840437,12.05681415108256,3471.705632334267
1981-07-25,283.76376687356776,366.8121539415308,67.27535888394897,9.692491,1.2478569,26.043577,2.1448915,18.911671781905667,1.326183868815659,20.24064387594358,1.7925590056356604,10.962073911996251,3460.743558422271
1981-07-26,307.6443373149233,356.2871563599202,66.83527617007596,9.765696,1.2656077,26.744862,2.968996,18.87726632903121,1.6977601710994625,20.20459396003088,2.1641349623706194,9.935611542181377,3450.8079468800893
1981-07-27,266.4985858623516,158.3196748928572,66.53797327679538,10.013075,1.3751998,30.472897,9.03186,17.637964431926736,3.474755952829491,18.906057668586417,3.941119199755315,8.96591072231084,3441.8420361577782
1981-07-28,281.59043983319583,290.2670025045057,66.13697284063669,9.79424,1.5110261,28.155685,7.3871574,19.114258119759295,3.822729363847193,20.45291314823986,4.289106562778648,8.409655731225621,3433.4323804265528
1981-07-29,285.19920648891656,323.11769526604206,65.70436101765543,10.030488,1.8994004,25.23122,4.3869863,18.104611141019888,2.4945790623250694,19.395008495222246,2.9609464500093945,7.680850115602959,3425.75153031095
1981-07-30,288.5613689221944,361.2761013506285,65.3556062165585,10.150828,1.8855091,24.673737,2.3320987,18.224815933283,1.5433700259206247,19.52095866565601,2.0097385205674003,7.104467792328155,3418.6470625186216
1981-07-31,306.77867879526184,402.1790242669573,64.90533658594445,10.182767,1.4731097,26.113125,2.130507,19.219774033497487,1.3663972046304351,20.563472361966628,1.8327754961870768,6.635758287047207,3412.0113042315743
1981-08-01,320.37763954390056,417.7361643577576,64.33346169123075,10.034564,1.3267215,27.770836,2.2394116,20.07242286453177,1.3920892374122178,21.45687489249013,1.8584768252820258,6.299995869317333,3405.711308362257
1981-08-02,314.2154246004533,408.4905414148645,64.03056573114378,10.03617,1.2413487,28.786392,2.1071537,20.634240010471427,1.3075925168863705,22.045544977529865,1.7739866844728305,5.931073792887497,3399.7802345693694
1981-08-03,328.9044868607153,444.8362684885114,63.71642587525722,9.80183,1.1937319,28.693008,2.182369,20.66267887584384,1.3534077242016527,22.07534312345368,1.819802234445719,5.706725005065671,3394.0735095643035
1981-08-04,330.45334199370495,470.5991705598965,63.151522641938094,10.072559,1.3525176,27.33799,2.2298346,20.215586339321515,1.423845711941105,21.606881091994968,1.8902349422050935,5.309643218978156,3388.7638663453254
1981-08-05,311.3691798938743,414.41484941336034,62.591828767306566,10.10393,1.3895595,27.32473,2.442227,19.936821141985043,1.5165642679565285,21.31479187113697,1.9829503217919102,5.040408829141983,3383.7234575161833
1981-08-06,310.6114653951776,430.6232108566741,62.082340563612846,10.210755,1.4340905,27.1721,2.1786113,20.064515509895816,1.4010954653661967,21.448589593332517,1.867482963204484,4.7629220756350605,3378.9605354405485
1981-08-07,320.46618952384,430.3480234663543,61.52290571759731,10.0099325,1.4436259,26.564842,2.5791636,19.498794805677477,1.6015866337997706,20.855829373272027,2.067967875978596,4.624156458600603,3374.3363789819477
1981-08-08,308.6115912076684,409.1439290644374,60.99352296540611,10.045127,1.4906712,25.15968,2.4866073,18.660912123682913,1.555622049679215,19.977898763236787,2.0219946990295337,4.415979926042045,3369.920399055906
1981-08-09,282.0176958235427,400.7275768006345,60.47983184401482,10.26963,1.6179367,25.17978,2.5347602,19.020928999906012,1.6309551891488894,20.355123215487225,2.097331432260299,4.1567316998697565,3365.763667356036
1981-08-10,309.54501858594415,422.42531236144487,59.92710042332081,10.345536,1.6346279,26.31467,2.6043005,19.5614378506814,1.6543118519196076,20.921466541692602,2.120693768779754,3.96315147889836,3361.8005158771375
1981-08-11,333.0396039511652,431.0028531349009,59.35449587179388,10.369878,1.676797,27.242847,2.8175306,19.88806359512435,1.7493962578929336,21.26370388020567,2.215781765283031,3.8006402284501863,3357.9998756486875
1981-08-12,316.67221832905835,399.1812908463181,58.79494287436224,10.536126,1.678013,27.433432,2.7191193,19.95856820111844,1.6882133593680337,21.33757836535834,2.1545996578079345,3.6121402327013006,3354.3877354159863
1981-08-13,321.8207034066328,416.97298084505326,58.19117452219553,10.48332,1.6621438,27.424181,2.7279723,20.044692179241505,1.7014046190958745,21.427818775235597,2.16779189154404,3.4977693453727374,3350.8899660706134
1981-08-14,334.11980346668975,431.3109978009536,57.58101209496803,10.480281,1.6269263,26.883533,2.6518762,19.723315302094008,1.6544723227774771,21.091081181932346,2.120856003876753,3.3808475289664295,3347.509118541647
1981-08-15,331.59765671039224,438.2844791851657,56.97429483411971,10.410861,1.6869757,26.571646,2.9225397,19.610998003291307,1.815507343376262,20.973395500184356,2.281889797190818,3.2858661794482784,3344.2232523621983
1981-08-16,292.66694420144745,407.0577788699388,56.4292361192104,10.821582,1.992609,25.496666,2.7304907,19.358663563144713,1.7938033533205235,20.709000336360887,2.2601831024957004,3.078566771559453,3341.144685590639
1981-08-17,313.234409377733,442.6783573846311,55.87646307299848,10.842689,1.8896832,23.073368,1.9415063,18.005230793064232,1.3805428602911518,19.290878106349037,1.846909345261823,2.983474759144023,3338.161210831495
1981-08-18,330.1308788101653,453.3680988717445,55.29083963850505,10.746836,1.5972917,22.38206,1.8468,17.47950449049349,1.2629175260063685,18.740023883620875,1.7292794234844788,2.916649247819705,3335.244561583675
1981-08-19,344.81835708597004,460.5588944205373,54.64776565762829,10.705468,1.4389822,22.413818,1.7873508,17.400945117366287,1.1934278265366691,18.657709640999975,1.6597890656482364,2.8402969243317875,3332.4042646593434
1981-08-20,349.5365593812329,459.13058907317793,54.00036421614448,10.815333,1.3995128,22.854141,1.8036166,17.65051266009684,1.1893522608572338,18.91920565916908,1.6557156158709314,2.7340437070567107,3329.670220952287
1981-08-21,355.82701381191066,463.7889766026879,53.33163709335549,10.785039,1.3174776,23.994347,1.9802912,18.259675067683236,1.258103708396077,19.557483947520588,1.7244725271501573,2.6637802955406706,3327.0064406567462
1981-08-22,358.6065798051534,467.8286132627345,52.683340260175136,10.735156,1.3274888,24.144045,2.5166256,18.325662747740708,1.5366595366562463,19.626625613117206,2.0030289727440964,2.601503373900025,3324.4049372828463
1981-08-23,357.6521521265515,466.3989701552286,52.03872943376678,10.897646,1.349181,23.57705,2.2698362,18.07397334525503,1.4118479339037724,19.362906317549896,1.8782150420878765,2.4993615525764596,3321.90557573027
1981-08-24,352.2109749350588,467.49927293484905,51.4233414222461,10.868079,1.3633801,23.767147,2.6248763,18.224709007438946,1.6075649836439467,19.52084662912212,2.073933477298703,2.4406291812579877,3319.464946549012
1981-08-25,351.80739067205275,469.4264828974665,50.80573925901307,10.9847765,1.4825511,22.810932,2.4916496,17.744739568956685,1.559443601984673,19.017936292173854,2.025807774402332,2.3569149273814975,3317.1080316216303
1981-08-26,361.6678670308212,483.3144328315814,50.15971211200212,11.118537,1.4858454,22.304054,2.195723,17.51644842732788,1.4077553951510215,18.77873361434942,1.8741176046775125,2.273914030835674,3314.8341175907944
1981-08-27,365.4206875499832,482.9328898304133,49.51427356635046,11.253613,1.3834492,22.830616,2.422608,17.84392608950858,1.5023313685089332,19.12186358935597,1.9686964123232031,2.1948252049998938,3312.6392923857948
1981-08-28,368.08438689564093,483.7304132428357,48.86200801422685,11.538469,1.3183799,22.587698,2.5548613,17.81312895751673,1.5587007275997846,19.08959445972964,2.02506549964364,2.092412712927951,3310.546879672867
1981-08-29,347.84434617250236,447.498068099046,48.324396477349616,11.735654,1.3088207,22.239826,2.3712687,17.64580872142352,1.4517998288229168,18.914276888306787,1.91816314329675,2.0111584728160317,3308.535721200051
1981-08-30,328.7051803177571,458.01116205378287,47.79588191672236,11.821606,1.3392602,22.05763,2.0605009,17.780822984552525,1.3236762937886406,19.05574437169019,1.7900407819128628,1.9534569407410804,3306.58226425931
1981-08-31,316.69297387627256,437.1386261699871,47.31099890666015,11.938484,1.312348,21.746727,2.0779514,17.626175954260813,1.3251212273442081,18.89370574198496,1.7914843728905312,0.0,3304.6891709470474
1981-09-01,311.81949700753165,461.7058150349762,46.7830401552648,12.050845,1.2952337,20.617857,1.6296911,17.16436776693648,1.1040098411002244,18.409824701918836,1.5703691402047206,,
1981-09-02,311.1188577762044,478.9610826797776,46.25482183433932,12.222661,1.29618,20.466816,1.7278928,17.220420319574313,1.1652191308440087,18.468556374966692,1.6315788838108936,,
1981-09-03,304.173511950842,473.55540382275655,45.73522223910936,12.40405,1.272163,19.507301,1.8497771,16.72918559102022,1.2313215501098385,17.953842305589628,1.697677447741473,,
1981-09-04,309.15511326192865,486.9653563046257,45.20115396936043,12.519978,1.2288651,19.398315,1.804864,16.72727078068724,1.202708437856891,17.951835973868185,1.6690643210005431,,
1981-09-05,311.3014816050394,497.84129233037913,44.692521163869856,12.59018,1.2321715,19.270298,1.5398746,16.70025650420947,1.0594180291520114,17.923530507318464,1.5257737083450695,,
1981-09-06,305.3954546009347,487.2718991659606,44.19600175128856,12.670232,1.2444239,19.11764,1.5213258,16.633610140080442,1.0509330522662474,17.853698674803265,1.5172882318662506,,
1981-09-07,294.26174166993,498.3877696279625,43.72283151431368,12.749179,1.2659308,18.168972,1.296318,16.156938016887338,0.9408570057808912,17.35424325354367,1.407208760249948,,
1981-09-08,278.4936921220852,393.3334619566069,43.308133921965926,12.802125,1.3201553,19.574142,1.5163798,16.766926136535115,1.0429062819941866,17.993386720170538,1.5092624660369385,,
1981-09-09,142.2611377193566,316.5819080266847,43.19081407019388,12.622668,1.4203866,17.7211,1.1795608,16.140366125705015,0.9253544813921333,17.336879282611008,1.391706121457704,,
1981-09-10,250.68307158886307,395.7421580343796,42.81354493742551,12.506884,1.4235486,17.635065,1.2698367,15.646361326894928,0.9534691334473703,16.819262743088725,1.419817507395536,,
1981-09-11,292.3836252581905,419.46719087700274,42.400891268671046,12.886292,1.250355,18.495087,1.267256,16.191346127718074,0.9063013891845018,17.390295954453872,1.3726533821918103,,
1981-09-12,293.40334729877617,442.95186073829353,41.9593990071414,13.348463,1.2276096,20.011896,1.4322517,17.356827564133084,0.9907366207012274,18.611483419530536,1.457097493180376,,
1981-09-13,293.34871859854724,458.5293619289021,41.49800439204184,13.397986,1.1978508,19.947136,1.4091362,17.39195488281214,0.9782149858435735,18.64828970396572,1.4445761500625534,,
1981-09-14,282.0954629133055,462.679308066722,41.04370747691733,13.750917,1.1775353,20.641506,1.5073998,18.031584508884382,1.0372366548702134,19.31849143969972,1.503603378122451,,
1981-09-15,299.783591170072,464.2070371930599,40.69779099151782,13.74571,1.1465074,20.65886,1.5776556,17.94619692357429,1.0589142625209231,19.229022619694664,1.5252802166090058,,
1981-09-16,229.3871592102775,419.7112356803762,40.42188718213832,13.507649,1.1883559,18.371532,1.327264,16.652667754760895,0.9554587177196885,17.873667178320247,1.421814039660396,,
1981-09-17,218.6961328928544,407.5401416908,40.06407276945348,13.6628275,1.1563503,16.761309,1.1916925,15.679247666818846,0.8743652225349351,16.853720937644677,1.3407138052400709,,
1981-09-18,245.8570309272541,382.7360423148703,39.7047205538701,13.713064,1.1611677,16.812508,1.2240176,15.600244890496965,0.8727528619915067,16.77094209867209,1.3391009452836145,,
1981-09-19,281.86637188026566,383.9978520976483,39.32370766827484,13.774154,1.1733694,16.853758,1.2914284,15.550133460073662,0.8951921171339017,16.718435513171908,1.361539887348289,,
1981-09-20,314.71116938290004,418.04444416221537,38.89836576815363,13.8291235,1.241341,15.872965,1.2168821,14.995155541443728,0.8753376263955535,16.136931547128572,1.341682121340052,,
1981-09-21,318.697313371904,433.7819140847144,38.45056924293456,13.992375,1.2875183,14.569725,1.1370049,14.325200298009605,0.8526245369201368,15.434954733185732,1.3189655473227868,,
1981-09-22,297.726751836738,444.8211623766566,38.00982926221069,14.233852,1.2378681,13.887157,1.0907516,14.026165790032168,0.8205406782526824,15.121627397925302,1.286880299030165,,
1981-09-23,252.0288721119693,460.5371738811885,37.67567178703872,13.791146,1.4069355,12.475632,0.9625528,12.940918621383625,0.7966447185483971,13.98450912434722,1.2629801552396622,,
1981-09-24,367.3798286403732,464.1586291297016,37.4301974901975,14.045455,1.28091,10.845328,1.5903163,12.259167905778725,1.052747189711371,13.27017305498464,1.5190806868709998,,
1981-09-25,372.6590508972288,479.1828116690185,37.16364531707209,14.366276,1.1868753,11.407312,1.113488,12.70178327864984,0.8135914042448983,13.733943929674034,1.279926100083138,,
1981-09-26,343.6245835087721,519.6661401375701,36.81442636412834,14.450493,1.046411,13.527583,0.91337997,13.894938481439144,0.6897705861369307,14.984127872559645,1.1561096293841397,,
1981-09-27,318.550980383436,502.96343083785024,36.44813389771186,14.918651,1.2094684,14.945536,0.934764,14.935110701453908,0.7399139980306585,16.07401676904026,1.2062581597305042,,
1981-09-28,312.4246115436548,469.0553949748224,36.164649017869706,14.350864,1.1435844,15.272644,1.0171833,14.904129632834298,0.7627357727431966,16.041554911244116,1.229079764112919,,
1981-09-29,330.793479612398,495.8066730520612,35.82797557981773,14.336162,1.2150747,13.060548,1.0500784,13.571030098913534,0.7957122627640149,14.644737776574726,1.2620499647981358,,
1981-09-30,331.64038555838914,503.0392073798556,35.43835036342185,14.431249,1.2287046,11.263318,1.0491983,12.522021084520029,0.7988553142375285,13.545589717151138,1.2651894962269823,,
1981-10-01,251.5063218608745,411.8329984827012,35.27204125451034,14.068484,1.3726126,9.960983,1.2562662,11.518349837348373,0.9376400387034,12.4939464152432,1.403972030972983,,
1981-10-02,212.3714405114989,363.4742500504719,35.336753838998284,14.214919,1.1712834,9.113195,1.266674,10.994707120885465,0.908756258484956,11.945275366916444,1.3750875656918318,,
1981-10-03,228.34010559042505,374.8558331331933,35.257557063900535,13.760203,1.138269,8.698499,1.0757742,10.614609390380549,0.7953697303179869,11.547010264192485,1.2617007367057838,,
1981-10-04,293.39823811781804,420.1154579447495,35.07985785516256,13.914489,1.0721955,8.449377,1.2174597,10.696641775773031,0.8415696831052373,11.632963517193048,1.30790074043231,,
1981-10-05,305.0285151971663,467.89597085536,34.8396543123056,14.124488,0.9074678,9.088603,1.1188557,11.075975018412336,0.7661591580464752,12.03042759214469,1.232490551013346,,
1981-10-06,311.3868008116326,483.55337009210064,34.59422697276073,14.045163,0.88490325,11.051552,0.90633357,12.224182276878546,0.6512261901842524,13.233515232615423,1.1175596021523932,,
1981-10-07,338.43202812558746,431.302522914497,34.497956822635935,13.257918,1.0431757,11.100099,1.0780966,12.048835174539834,0.758476076646205,13.049787138179004,1.2248090827283873,,
1981-10-08,404.9053521367559,361.9788496139737,34.47549338790168,13.09633,1.0352885,8.733428,2.2729335,11.036986009420865,1.2040788494076076,11.989575041800686,1.6704102002876384,,
1981-10-09,389.4043219373012,394.0767384862942,34.36767357910997,12.971096,1.014987,7.4685025,1.5920534,10.203391475108306,0.946427937425763,11.116137538248353,1.4127588044596537,,
1981-10-10,367.996196525849,433.9100943407647,34.19777705568155,12.765655,1.0086346,7.659573,1.1941218,10.002762784119522,0.7948185625435099,10.905919481645174,1.2611494317898722,,
1981-10-11,353.9261541691636,462.41175477204985,34.04600318043295,12.770652,0.95549035,8.024661,1.2110698,10.082301946183952,0.8013817822197757,10.989260343765261,1.2677126450809308,,
1981-10-12,312.5206693805663,455.068984316812,33.88403627120154,12.5925865,0.92102176,8.264339,1.149591,10.026565742207879,0.7778910150606808,10.930860139763814,1.2442218816374824,,
1981-10-13,302.03110353320983,474.5319942759343,33.696480381172805,12.445432,0.9647358,8.463004,1.212088,10.011902077225885,0.8302865181906338,10.915495601720911,1.2966173863353596,,
1981-10-14,298.56146685996123,491.26558764833385,33.474870832338354,12.451431,0.92990464,8.551278,1.3070449,10.025569785906947,0.8857098056089642,10.929816580156205,1.3520406722844742,,
1981-10-15,299.214735612731,497.8257990865174,33.22237673003925,12.441653,0.89289886,8.710451,1.3225516,10.111171175970584,0.8914754029964131,11.019509424051169,1.3578062653298415,,
1981-10-16,303.83204238954534,499.7939363236477,32.9433931113573,12.332675,0.8547476,8.761925,1.3044626,10.111941251281142,0.8732703540413065,11.0203163063292,1.339601216373711,,
1981-10-17,302.0932075020442,507.45042918305137,32.64789229859227,11.8718,0.95773864,8.435197,1.1794236,9.717616428877879,0.82115857757383,10.607144105347034,1.2874895291811035,,
1981-10-18,296.58922924551166,509.73515790358897,32.332180935827125,11.551514,0.9069059,7.413634,1.3858265,8.93566467664782,0.9374408413000398,9.787817732328724,1.4037724959591527,,
1981-10-19,254.2208151149601,488.0379496305251,32.12125748686675,11.069496,0.9300867,6.940683,1.1670756,8.354785791203339,0.8308496135055907,9.179174821795133,1.2971822431603663,,
1981-10-20,253.7957765123248,481.42300065065456,31.87882037910516,11.1705,0.9335523,6.862839,1.2184514,8.349833427938046,0.8604696159763147,9.173985752494566,1.3268022556027295,,
1981-10-21,273.71161634837455,508.0645113394986,31.58149561488685,11.695542,0.8191338,7.2339635,1.3966593,8.79602955185902,0.9518980831579892,9.641508525893816,1.418229936956724,,
1981-10-22,275.7761582791653,508.1899261999928,31.26147707582082,11.648305,0.7417266,8.09263,1.1145903,9.343411877679463,0.7681790539248783,10.2150538557556,1.2345102547198024,,
1981-10-23,237.2212384870736,462.808618891316,31.016387882793367,11.067874,0.8739284,9.001089,1.0017817,9.701466742394478,0.7255019536306477,10.590222519054668,1.1918329126852736,,
1981-10-24,177.65532282888032,345.105398249906,31.12925487069684,10.245222,0.9724553,7.8567123,1.0356535,8.668424954118471,0.7593797498226144,9.507804864575764,1.2257118051056128,,
1981-10-25,164.76336150321788,384.0376017616954,31.09560743648585,10.2353325,0.9591277,6.042213,1.2598248,7.3010891577878265,0.9274300928333404,8.075115091184111,1.3937654760789477,,
1981-10-26,122.26318693020384,368.3598990286173,31.111372023995777,10.559984,0.7998136,5.6399617,1.1858426,6.866030460105531,0.9123677137163657,7.61926207492636,1.3787046042877436,,
1981-10-27,245.2679671434496,108.60322643690915,31.73666243279796,11.456348,0.7526371,6.6633906,2.9486358,9.985387547479402,1.0445254401147461,10.887713768087933,1.5108563117189602,,
1981-10-28,32.315789505999994,25.679930495358057,34.49899443392326,10.603442,0.8367284,10.3264885,0.9154883,10.480809837578377,0.6178168793642898,11.40681555013726,1.0841478191823248,,
1981-10-29,190.5082443318245,25.85321724261225,35.98400986783245,9.908111,0.8844769,8.527757,1.8242179,9.743170939858473,0.8087199745004487,10.633920034598775,1.2750509149328588,,
1981-10-30,387.61366767597065,29.08610519307526,36.62609956384057,9.827622,0.8964527,6.3199315,11.436193,9.58278170736486,1.1543708565417585,10.465864745055132,1.620701879479296,,
1981-10-31,390.7669195941838,124.80629457160497,37.050214604917095,10.192021,0.8520389,3.4455824,2.8515599,8.558891433146325,0.9452671652590086,9.39303601572276,1.4115994083469947,,
1981-11-01,367.5703604187844,213.9186656536908,37.37619098570706,10.47489,0.7732438,4.868674,2.345676,8.412470375971502,0.9917433670429385,9.239616532530325,1.4580758826154725,,
1981-11-02,310.769099362005,308.81735345335267,37.637205510319575,10.736153,0.7182567,7.0441546,1.4942305,8.895968688073157,0.8273192478970268,9.746224411194142,1.2936509568995087,,
1981-11-03,306.3728767181847,357.5835762095305,37.79242195688684,9.9056225,0.81310546,7.8892837,1.2035754,8.819693360299281,0.7489587623549286,9.666303383486838,1.215290580836254,,
1981-11-04,296.75203051912683,389.2577749369072,37.86726687388155,10.069541,0.7877522,6.9239717,1.6161009,8.284672442912209,0.9782803139494104,9.105710295126178,1.4446130873909389,,
1981-11-05,310.92864513671003,392.4371866737737,38.01604128194916,10.240453,0.75451714,6.4221854,1.7192665,8.110081873719157,1.0155840763490325,8.922774893533703,1.4819172322691847,,
1981-11-06,172.39516884001975,418.5838572301868,38.40128574622217,9.297751,0.82704794,7.117742,0.88426614,7.753675091362568,0.6711762160748171,8.549333085296105,1.1375102610105607,,
1981-11-07,73.7362584094735,518.6247593438387,39.06024884472054,7.6950626,0.86000884,6.665689,0.7919467,6.793823961388497,0.7015818493820005,7.543604352396221,1.1679190110698932,,
1981-11-08,148.90916727957142,495.0171794517774,39.5013177855699,8.018188,0.8961624,5.0488153,1.0562533,5.735488340720016,0.83802167907267,6.434683906799122,1.3043634987621362,,
1981-11-09,212.3056196736916,465.7424205959557,39.89321345153905,8.197691,0.84811616,3.5129051,1.2046332,4.9797722192618865,0.8690158620051726,5.642847138021622,1.3353617917464664,,
1981-11-10,257.15241543438856,441.0827117768279,40.176280072826174,7.910235,0.90479755,2.7424355,1.1952059,4.645679885634858,0.8252892839253986,5.292786332884733,1.2916372388714357,,
1981-11-11,278.2923518754146,433.8665561955572,40.40720918477053,8.289267,0.84615916,1.9138033,1.2838086,4.405161154343877,0.8491539409574459,5.040771628410194,1.315503432911929,,
1981-11-12,295.839315889058,430.3000034293975,40.59337068541535,7.426527,0.94028467,1.479707,1.3136163,3.9025246628696264,0.8675877248852862,4.514110830820367,1.3339406424783289,,
1981-11-13,321.7009966778579,419.93561069326427,40.71186762933207,7.6430016,0.92726535,-0.045127034,1.9848232,3.28976583058829,1.1936708937043545,3.8720642209672644,1.660028378269347,,
1981-11-14,329.40585605410814,418.9142768375504,40.80208011204059,8.482463,0.8059228,0.2515388,1.8250693,3.874740261508449,1.0815252350229312,4.48499843005035,1.5478783504031588,,
1981-11-15,320.1686135358606,424.6780758696308,40.88649466634602,8.225237,0.75067604,1.8232092,1.3105376,4.575088674164926,0.8139047172372339,5.218821102810522,1.280253116429374,,
1981-11-16,286.4488424495145,440.923229959441,40.8009596135356,7.8381805,0.7449119,3.6228833,1.4799613,5.282923697625859,0.9438776860607282,5.960488220779904,1.410221888622575,,
1981-11-17,223.5202392595424,499.1693583009908,40.69454047571668,8.107785,0.7618596,4.763942,1.2652081,5.798157135811206,0.9051034661822764,6.500348056073111,1.3714449743683779,,
1981-11-18,247.2120363270691,487.8208629662397,40.52920404036376,7.8340883,0.72686344,4.504495,1.3407501,5.624330067412766,0.9227891591883063,6.318212648003334,1.3891315424538169,,
1981-11-19,255.5257925634873,491.8919557710203,40.359073044271945,7.546563,0.7501598,4.1762714,1.3393097,5.328500512983542,0.9179817108940477,6.008243452115136,1.3843256628746743,,
1981-11-20,153.95387063014,526.6093358014011,40.31945077538322,7.879698,0.7462736,4.661871,1.0290602,5.389792908204431,0.81397000604985,6.072465414310011,1.2803136247907525,,
1981-11-21,54.9368420988,608.273530495358,40.44460772126077,6.3893967,0.7544152,5.0343747,0.80975133,5.146617571036999,0.7453003340025287,5.817667127279282,1.2116453001520444,,
1981-11-22,131.24297162076402,549.1167712860376,40.43745300619584,5.6998653,0.77142423,3.7432218,0.9419226,4.120662842549248,0.7746509603241157,4.7426752698206105,1.2410023557445307,,
1981-11-23,196.07220786376823,515.9076901259332,40.324967229226,5.5574284,0.7952515,2.3940067,0.9987309,3.265181695326458,0.756102227519866,3.846305048076579,1.2224599042728608,,
1981-11-24,230.8872732038301,496.7683757308352,40.15749948220383,5.7395315,0.83847624,1.1891617,0.96566343,2.6330073705988557,0.710915637363026,3.1839149516068197,1.1772784935750165,,
1981-11-25,252.36617941551384,493.9897822804345,40.03110794265582,5.4823656,0.8917219,-0.058369398,1.1754203,1.8151255512962807,0.8343604715551769,2.3269411771307174,1.300730706848067,,
1981-11-26,278.79873479490504,481.6749215116729,39.855439705567306,5.7125044,0.8889103,-1.3916296,1.444196,1.212830872979809,0.9710529808690381,1.6958588720320795,1.4374291392280512,,
1981-11-27,276.38281519802644,472.5075830464218,39.79753474744756,7.027026,0.77932155,-1.1329952,1.3474779,1.8785131098698205,0.8975143027176418,2.393358444324543,1.3638839387717834,,
1981-11-28,272.7709645030617,482.4377501600093,39.76256302934345,6.017272,0.7943445,0.38707605,0.9070146,2.4206251187674868,0.6465563884540647,2.9613815541303206,1.112921087291054,,
1981-11-29,284.7740387693258,486.1307733605028,39.67202452517218,5.231,0.7926888,0.4429558,0.91433924,2.2116704896270747,0.6466752661775779,2.742439607992664,1.1130418282399315,,
1981-11-30,289.57972113827435,495.2289166471671,39.5455910759968,4.7338924,0.8293077,0.108810425,0.8713164,1.8153792569364018,0.629232908041713,2.327207009033187,1.0956031409270208,,
1981-12-01,276.5672587887091,503.5934985585797,39.34252235489582,4.7646666,0.88574517,-0.7521051,0.8382029,1.203592353088142,0.6255714770498771,1.6861787824698913,1.0919477294921147,,
1981-12-02,54.9368420988,940.986530495358,39.5407738265364,6.220848,0.7400391,1.6541262,0.57817584,1.906034384056901,0.5478057938990714,2.4221951413409966,1.0141751712093774,,
1981-12-03,54.9368420988,917.213680495358,39.75863397380351,5.536377,0.708705,2.5823643,0.6505901,2.7492974466142805,0.6151300016711062,3.3057632957380436,1.08149187080611,,
1981-12-04,54.9368420988,745.327930495358,39.89354475773029,5.6693926,0.6822293,2.8309236,0.7862939,3.025779722590461,0.7338122066245317,3.5954604793985054,1.2001717910536613,,
1981-12-05,54.9368420988,669.041330495358,39.987816851483096,5.3291554,0.7085693,2.9339108,0.7936196,3.115666567076993,0.735366499347228,3.689643607788687,1.201725359827968,,
1981-12-06,54.9368420988,624.327930495358,40.02915835326452,4.4518666,0.7749395,2.2696204,0.6928488,2.4461137687075185,0.6398900837511593,2.9880884744088947,1.1062545587253223,,
1981-12-07,83.51283406031183,596.2395452402993,39.99004571506526,4.6684947,0.76459867,0.97135025,0.6594896,1.425573025873694,0.5860437405380542,1.918769372611623,1.0524177593733919,,
1981-12-08,84.5054952844875,559.2785490786034,39.98984516379424,4.570453,0.72315836,0.6054627,0.63724077,1.1259221142193305,0.5616735382097618,1.60479617168558,1.0280505854893074,,
1981-12-09,54.9368420988,547.044830495358,40.019001445034434,3.7695236,0.7289904,1.0144796,0.60176665,1.2659049266275266,0.5508813208569981,1.7514696840195818,1.0172569406113388,,
1981-12-10,106.15460235860216,551.6923713531263,39.991403429127374,3.1642766,0.7486794,-0.2866776,0.48383534,0.27019152923985384,0.42336395655755876,0.7081645899127529,0.8897502175912535,,
1981-12-11,169.03395420885113,556.7280870441225,39.91450013058719,3.2543364,0.68478614,-0.9307016,0.52771413,0.044016650226374965,0.4350926311979761,0.471179324822576,0.9014814673772897,,
1981-12-12,201.01664655643515,538.8084984991244,39.759868441084265,3.6394415,0.6761241,-1.3891712,0.69683355,-0.02285532989093614,0.5397250423434485,0.4011110926460859,1.0061146511059844,,
1981-12-13,227.666008841356,530.238876481353,39.51813808629039,3.4830704,0.70669174,-1.5430831,0.7608977,-0.03328373294908141,0.5730984220936712,0.3901842475694738,1.0394881517981376,,
1981-12-14,236.4146032202915,528.2693770642661,39.24911857331582,3.665441,0.7145621,-1.4827718,0.69375443,0.10888272724296179,0.5277344796897712,0.539145778586964,0.994122571345561,,
1981-12-15,143.0736907338502,530.3183171299006,39.07101622072415,4.0669107,0.6672622,-0.9805738,0.6348945,0.09185095151584578,0.5197108434435659,0.5212999422003046,0.9860991301218858,,
1981-12-16,91.10379405971705,530.984997720255,39.00346652206492,3.3831692,0.6461306,-0.45287573,0.5708156,0.1089062017451864,0.49632433311428015,0.5391703750901514,0.9627124245015038,,
1981-12-17,97.66834538813094,500.3914731035944,38.89370533561375,3.1575494,0.63501775,-0.5001899,0.59577864,0.09715058704881291,0.5091558005948547,0.5268528821958498,0.9755440265540964,,
1981-12-18,170.6317830969507,486.695571955492,38.68683335912792,2.5328708,0.68614966,-0.9135448,0.58172727,-0.01890981786515754,0.4660946662929551,0.40524518665963855,0.9324842293303938,,
1981-12-19,243.7286230549292,479.1672075902625,38.44010951441432,2.0690832,0.68367875,-1.2875432,0.57294655,-0.1558366525328275,0.44425401961573785,0.2617737173558228,0.9106451799270388,,
1981-12-20,150.4238894102496,447.36263499366254,38.47849068745081,1.9796274,0.64937913,-0.91003084,0.4748066,-0.18289229040506327,0.39110121355802185,0.2334249124783655,0.8574926920140489,,
1981-12-21,96.47269774172976,440.1921513640975,38.56423393119629,1.9564527,0.67962646,-0.6670501,0.43913493,-0.19544033184177825,0.38034996762200396,0.2202771175543094,0.8467415939133707,,
1981-12-22,32.315789505999994,457.808330495358,38.756479524195406,2.67915,0.65098053,-0.6453607,0.53023714,-0.4261627800970712,0.4971328949054458,-0.021473075042352407,0.9635272715504481,,
1981-12-23,32.315789505999994,415.244900495358,39.30253492910676,3.2963314,0.6713266,-0.6616298,0.9749712,-0.3758481268077621,0.905871901910722,0.0312464466821476,1.3722656735850318,,
1981-12-24,32.315789505999994,673.995230495358,40.19387116996377,2.8396778,0.63722986,0.052065372,0.7662092,0.1796067731053419,0.7317339555847723,0.6132501920835094,1.1981212409622193,,
1981-12-25,32.315789505999994,631.923230495358,40.75101750486467,2.7002273,0.6426974,0.032986224,0.74909776,0.1627497535634459,0.7133391285279699,0.5955874646303494,1.179726605562105,,
1981-12-26,35.58007517146102,548.0500842761828,41.20999146184973,2.6917615,0.64994264,-0.16236418,0.8538742,0.011633002484508532,0.8027975496413278,0.4372478494166103,1.2691867593158852,,
1981-12-27,37.37566262026735,527.4509606669629,41.382819008824015,2.9337184,0.5993514,-0.2524433,0.9759945,-0.04160886997403794,0.9122735956726975,0.3814611974527816,1.3786634220160165,,
1981-12-28,44.2714541971196,513.4394932889951,41.51123396271904,2.8437986,0.583199,0.03582269,1.0552849,0.2587216287104235,0.9726180559409675,0.6961464673459092,1.439004446158963,,
1981-12-29,94.61812119379724,505.1086715017472,41.54944691348273,2.8906054,0.61851704,-0.33235204,1.1691936,0.17612979700400164,0.98955463991839,0.6096070284099733,1.455941964800887,,
1981-12-30,49.626577181093474,491.0580309192442,41.58749754869023,2.2073884,0.65261227,-0.06872904,0.834684,0.14018372483879432,0.7604356317048807,0.5719428568707697,1.226823365813136,,
1981-12-31,32.315789505999994,480.608310495358,41.62527998920084,2.2340918,0.6486092,-0.35900962,0.7347876,-0.19563629317228273,0.6897053833197111,0.22007178994206708,1.156097011921233,,
1982-01-01,32.315789505999994,570.2888804953581,41.76664980838202,2.8990202,0.8242099,0.12666202,0.38371095,0.27533484872018843,0.3658138023637303,0.7135537424826893,0.8322000055175995,,
1982-01-02,32.315789505999994,641.630030495358,41.90662397448065,2.1300552,0.792255,0.18566656,0.3285433,0.2789002481022804,0.31508805845827975,0.7172895557675372,0.7814742215070388,,
1982-01-03,32.315789505999994,566.820622125358,42.07229196466306,1.873621,0.7466635,0.015734017,0.3002485,0.1159433900602104,0.286894652495867,0.5465439169512086,0.7532826634007093,,
1982-01-04,32.315789505999994,2063.845230495358,42.83860248358112,2.4290004,0.94738704,0.35121563,0.3978253,0.3832481196283763,0.39196437268216966,0.826624898857226,0.8583493684197259,,
1982-01-05,32.315789505999994,5619.644330495358,45.06188709900054,2.0121744,0.78316325,0.56171376,0.47411263,0.570006945254893,0.4714230922134735,1.022310157945582,0.9378060298119488,,
1982-01-06,70.56483839520001,2603.1250304953583,45.86276295156943,1.97896,0.81460655,0.37680265,0.42658636,0.41908727935503814,0.4158838372620019,0.8641770479087835,0.8822684349489187,,
1982-01-07,35.5473683952,2069.2516304953583,46.47132313015712,1.9358263,0.8452126,0.5087731,0.44294798,0.5328741956455075,0.43570105697530354,0.9834025898368224,0.9020844006116243,,
1982-01-08,35.5473683952,1538.176030495358,46.89617042473228,1.289426,0.6323208,0.3875541,0.36261874,0.40792565042091505,0.3547155513139383,0.852481931265729,0.8211002728109573,,
1982-01-09,35.5473683952,1233.451730495358,47.20898682066584,1.0478834,0.51682556,0.091961145,0.29429132,0.11873856412785547,0.28641372320963926,0.5494726907844626,0.7528017021625585,,
1982-01-10,35.5473683952,1095.074230495358,47.552616421572,0.6479892,0.40973634,-0.08649057,0.2643945,-0.06339812083224979,0.25640560330304535,0.35863049488637516,0.7227956829528361,,
1982-01-11,42.435715395200006,753.036430495358,47.810496440450976,0.58384484,0.38411528,-0.15265596,0.254468,-0.11336616314591066,0.2417629510788049,0.306274150957329,0.7081536136716025,,
1982-01-12,35.5473683952,770.405080495358,47.87948427839082,0.6825925,0.41187072,-0.13235182,0.25936243,-0.09640785120365049,0.2485876267811958,0.3240430122413399,0.7149780912129404,,
1982-01-13,35.5473683952,681.050280495358,47.91019185509763,0.7894894,0.44123724,-0.15575767,0.26325515,-0.10886797054711035,0.2511517642390334,0.3109873417860498,0.7175423742375665,,
1982-01-14,35.5473683952,632.283380495358,47.91236485500194,1.0249104,0.6516775,-0.13558626,0.26581955,-0.07381521541477347,0.25404971072360305,0.34771549879186325,0.7204399116669866,,
1982-01-15,35.5473683952,584.169530495358,47.89474405135347,1.0105003,0.5374786,-0.12101817,0.26871487,-0.056113527853157714,0.25517053002171414,0.3662632665087325,0.7215605249255586,,
1982-01-16,35.5473683952,558.427430495358,47.85792980987847,0.94711185,0.5457832,-0.15959376,0.2641243,-0.0933612003360325,0.250456389569236,0.327235282605975,0.7168468184351364,,
1982-01-17,35.684674106,515.6998904953581,47.9661111128632,0.65356994,0.44299954,-0.23088539,0.26250204,-0.17364493761035296,0.24718168470531454,0.2431142571261688,0.7135730543284393,,
1982-01-18,32.315789505999994,501.092500495358,48.06469886307886,0.62304974,0.42523092,-0.19941562,0.27009672,-0.14958771941417306,0.2550377748378588,0.26832132811663967,0.7214288617875113,,
1982-01-19,32.315789505999994,505.7181704953579,48.15355958090162,0.82975984,0.5092201,-0.17120695,0.2660134,-0.11108615132783163,0.25189960488818824,0.3086631395464817,0.7182902408194884,,
1982-01-20,32.315789505999994,522.3125604953581,48.134821331757074,1.1160367,0.73011917,-0.18334705,0.26570594,-0.10763759132632596,0.2538148520810809,0.31227652892774677,0.7202054476976674,,
1982-01-21,32.315789505999994,559.337130495358,48.17329269598764,0.9842332,0.5594234,-0.16967434,0.2677207,-0.10664847862517564,0.2549356620479577,0.31331291783489945,0.7213262461040257,,
1982-01-22,32.315789505999994,562.788730495358,48.20185975509805,0.85116714,0.5164195,-0.1651845,0.27059603,-0.10999384717326968,0.2574338908161344,0.3098076521057768,0.723824513976596,,
1982-01-23,32.315789505999994,546.029170495358,48.21081095213949,1.0569792,0.64793456,-0.24375892,0.26841503,-0.17107845549087028,0.2559900662809431,0.24580340831788253,0.7223814057162488,,
1982-01-24,32.315789505999994,536.170290495358,48.30849971593926,1.2441152,0.7068294,-0.16437608,0.26298752,-0.08430990003996548,0.25127122974764426,0.3367192041158718,0.7176615530135166,,
1982-01-25,32.315789505999994,533.0676604953579,48.3966571004287,0.9852324,0.58565384,-0.18974131,0.2689564,-0.12258299176764462,0.2557834244083512,0.2966167894336287,0.7221741948394347,,
1982-01-26,32.315789505999994,510.60253049535794,48.36773685546387,0.8781264,0.54573786,-0.1817841,0.27751747,-0.11869570129136763,0.2630126339937213,0.30068987910663403,0.729403358931076,,
1982-01-27,32.315789505999994,514.5250504953581,48.329257498691305,0.93359256,0.56560045,-0.17845613,0.27682725,-0.11273914271138663,0.2626038534366635,0.3069311408252612,0.7289945086967557,,
1982-01-28,32.315789505999994,512.245630495358,48.28108504891979,1.2393779,0.75470454,-0.20949757,0.2642571,-0.12351727270453168,0.25257774382331605,0.29563785306163803,0.7189685251910491,,
1982-01-29,32.315789505999994,511.155610495358,48.232943560485786,1.6561449,0.78475815,-0.18932325,0.2755052,-0.07958838502163926,0.2632912036445572,0.34166639141238236,0.7296814718624673,,
1982-01-30,32.315789505999994,501.029080495358,48.17518884321165,1.7944475,0.7964934,-0.21970993,0.27922222,-0.09767053086352205,0.26670657047876156,0.32271998080998093,0.7330970496538249,,
1982-01-31,32.315789505999994,477.2253304953579,48.24487789996003,2.3236132,0.9604945,-0.25169325,0.2964769,-0.08836382002986176,0.28427725155294375,0.3324715206080907,0.7506676221036508,,
1982-02-01,32.315789505999994,1003.830030495358,49.058906471015575,2.29034,0.78480005,0.007054627,0.3187716,0.07826677329465877,0.3097980526778482,0.5070664866953352,0.7761864951397028,,
1982-02-02,32.315789505999994,1079.651660495358,51.36239583440667,1.9028147,0.74410754,0.031060278,0.30206025,0.08545685574189749,0.2940780084222145,0.5146002305054845,0.7604663684018266,,
1982-02-03,32.315789505999994,2714.108630495358,53.19582206644302,2.9321523,0.93229604,0.033952773,0.3654232,0.06805442284401265,0.36129003174691665,0.49636602080232173,0.8276785914630689,,
1982-02-04,32.315789505999994,2489.192630495358,59.045399621535786,2.7177227,0.7434786,0.17286491,0.38915128,0.2054799496108276,0.3842820384094925,0.640360017982928,0.8506690302526569,,
1982-02-05,35.5473683952,4162.183170495358,61.38903229810012,2.153009,0.7360001,0.3280006,0.40182897,0.343455204425391,0.39847493721657146,0.7849300183328136,0.8648603766380556,,
1982-02-06,35.5473683952,3078.035230495358,62.74805272018309,2.0570598,0.7766826,0.110079885,0.34799957,0.13230830110906858,0.34414076687986184,0.5636910148075523,0.810528590842669,,
1982-02-07,35.5473683952,2160.334730495358,63.53252981624601,1.3574681,0.6066897,0.034239054,0.29863665,0.055659744484356455,0.2939663605418908,0.4833789191861624,0.7603550627291822,,
1982-02-08,35.5473683952,1866.185130495358,64.16547373086769,1.7017162,0.70599264,-0.0014706254,0.30126658,0.03036550771325017,0.29592965570635527,0.4568757043614201,0.7623186491842755,,
1982-02-09,35.5473683952,1544.603130495358,64.58025357367762,2.0486422,0.81559336,0.04656136,0.3386529,0.09160055361244897,0.33154258953616095,0.5210375761330679,0.7979308790841386,,
1982-02-10,35.5473683952,1359.037530495358,64.88452327190876,1.8713968,0.70073783,0.14196348,0.30921474,0.18604599176804248,0.30186189522286483,0.6199971833869192,0.7682491074750658,,
1982-02-11,35.5473683952,1225.894630495358,65.1167828250822,1.1304473,0.54972327,-0.038190067,0.27609667,-0.005257928900157735,0.26876309785479746,0.4195495892505175,0.7351525028159012,,
1982-02-12,35.5473683952,1103.916430495358,65.28472311440498,1.2009113,0.673892,-0.05652368,0.2734749,-0.017296015930745055,0.26577620626616555,0.40693612281001,0.7321657506061541,,
1982-02-13,35.5473683952,885.721490495358,65.50209747179136,1.5389724,0.75755924,-0.04639995,0.28398103,0.014772000800440773,0.2745838507404753,0.4405368811219152,0.7409730241590674,,
1982-02-14,35.5473683952,849.934330495358,65.68220650208033,1.5898218,0.78056514,-0.0054291487,0.2878484,0.05861167089008745,0.2780641006886605,0.48647193758343166,0.7444527689289775,,
1982-02-15,35.5473683952,710.6385304953579,65.93186203702471,2.0757885,0.90164524,-0.11045706,0.2926518,-0.006307042649572733,0.2820006722050431,0.4184503314500964,0.748390089306362,,
1982-02-16,36.0575879952,697.679630495358,66.06482543656864,2.7009764,0.72292477,-0.021916866,0.3261386,0.11189256854550086,0.3121396595877392,0.5422994800151366,0.778527716813794,,
1982-02-17,84.0938543952,838.888180495358,66.1410003083488,2.5876985,0.6832641,0.09695798,0.33634582,0.3238919404053414,0.3119752049492702,0.7644316971662783,0.7783608631615149,,
1982-02-18,52.4736263952,797.602430495358,66.1711786192811,2.4386635,0.7066848,0.10421646,0.31856745,0.24831756372247418,0.3020692581798854,0.6852451236160529,0.7684557657078895,,
1982-02-19,53.3998683952,769.315730495358,66.19524579490029,2.6698892,0.7467171,-0.040109575,0.30751228,0.13578787839889742,0.2916085931836224,0.5673369039974951,0.7579963774374904,,
1982-02-20,60.7607933952,742.699530495358,66.21749096683764,2.9748216,0.6389763,0.016964912,0.3176238,0.24064953226504607,0.29755373442316674,0.6772105864668141,0.763940328490526,,
1982-02-21,77.21848839520001,699.864830495358,66.23032694057645,3.2746286,0.6284167,0.01041913,0.38076547,0.33478244884570446,0.34856807274230156,0.7758427346827499,0.8149536091037668,,
1982-02-22,86.04669339520001,669.658990495358,66.23380796181513,3.0002537,0.63437164,-0.061804295,0.35643002,0.28684990914379976,0.3240000267444607,0.7256191834322844,0.7903861004244248,,
1982-02-23,97.0474783952,628.385490495358,66.20125972598025,2.8987489,0.62657726,-0.17171371,0.3032238,0.2390487783802071,0.2757098882093912,0.6755333220181832,0.7420965003509132,,
1982-02-24,119.32442839520002,616.7318304953579,66.1782619200181,2.5976276,0.6499641,-0.2952279,0.2844993,0.1737421530940249,0.26062718443685506,0.6071052632828521,0.7270145364555249,,
1982-02-25,126.3730883952,532.5521304953579,66.34942546611106,2.0151973,0.6833137,-0.37251234,0.24938585,0.08541858988214954,0.24041513450815086,0.5145601356684459,0.7068034949265797,,
1982-02-26,136.4396183952,498.0863004953581,66.49158731941405,2.0933943,0.68193066,-0.44629622,0.23608539,0.09980346598080919,0.23631552158347083,0.5296325596723825,0.702703717160162,,
1982-02-27,138.6795323952,470.0009919953581,66.614508650251,2.7029846,0.6682418,-0.56413543,0.23657261,0.1802331753210316,0.23780103222553095,0.6139065341838602,0.704188310487329,,
1982-02-28,139.08764439520002,387.592567795358,66.7179310678173,2.7218513,0.71346545,-0.6935483,0.26095727,0.2084029645722443,0.2690361626671845,0.6434227430676736,0.7354231213965141,,
1982-03-01,145.9109933952,326.80590049535806,66.48224632363073,2.9519887,0.73288894,-0.8704567,0.28271267,0.30939706394017524,0.29895568519716315,0.7492440151543336,0.7653415057987859,,
1982-03-02,157.7275483952,305.624030495358,66.26272374634154,3.1923938,0.7617757,-1.1692652,0.36890793,0.3154686913317579,0.3556014808553378,0.755605845580414,0.8219872334059084,,
1982-03-03,158.4081983952,285.20690049535807,66.0427073350688,2.337164,0.751016,-1.0379784,0.30069587,0.1672335356107753,0.3305933283693364,0.600285556132499,0.7969807543931813,,
1982-03-04,161.2002183952,264.850470495358,65.92516091580434,2.6643176,0.7685939,-0.8751229,0.23095642,0.46405714706770385,0.32431499475807307,0.9112963215763119,0.7906990950608872,,
1982-03-05,140.7638583952,369.80423049535807,65.88803862021612,3.5468044,0.7970689,-0.64812255,0.3783052,0.5084207599342256,0.3512413651297252,0.9577803634884294,0.8176249770195607,,
1982-03-06,69.3421533952,537.906430495358,65.94353529998436,3.3954182,0.8073238,-0.33865678,0.29412723,0.0877399263429251,0.27636969163348085,0.5169924240769549,0.7427580254348278,,
1982-03-07,212.8280983952,409.70940049535807,65.95108418836071,3.6577635,0.8282303,-0.9515648,0.593635,0.6242351787703599,0.4825040924475427,1.0791303156531453,0.9488864399054844,,
1982-03-08,221.0134683952,474.9843104953581,65.930446179878,3.189302,0.7939689,-1.2978989,0.40751812,0.1270077055070315,0.37538294585952936,0.5581370688549175,0.8417708303393446,,
1982-03-09,180.8218283952,413.032430495358,66.00515651919473,2.8433542,0.7715175,-1.0094422,0.30883667,0.16369023003650454,0.3183164887946585,0.5965728926639623,0.7847039551274438,,
1982-03-10,95.0302553952,624.895680495358,66.08920994559615,3.351748,0.7915821,-0.3932042,0.2521316,0.1011296441735297,0.24251463341667345,0.5310221246494017,0.7089028138080982,,
1982-03-11,44.748179395200005,485.174630495358,66.14194342219972,4.2131143,0.825477,0.122237146,0.65500087,0.46768236856636825,0.6037282931520659,0.9150948162704128,1.0701123534592445,,
1982-03-12,35.5473683952,1040.406330495358,67.28336670748017,5.110257,0.9134725,0.81488466,1.1053532,0.9567952191102603,1.0692605629370533,1.4275855891216653,1.5356393648378732,,
1982-03-13,35.5473683952,2049.853430495358,68.67164310347631,5.0641007,0.9134707,2.4605694,1.1054484,2.504948710835575,1.0867166520529188,3.049735525653484,1.5530806131256176,,
1982-03-14,35.5473683952,2747.825030495358,70.22829487587727,4.407122,0.8605646,2.6959977,0.83731097,2.7178510502373965,0.8266904675984085,3.272813869108473,1.2930526021267605,,
1982-03-15,35.5473683952,2563.038430495358,71.66777095070586,4.0922217,0.84178364,2.2387946,0.7404995,2.264148532152552,0.7304605874608523,2.7974259215636446,1.1968266768872282,,
1982-03-16,35.5473683952,2148.188330495358,72.72746442249233,3.9053054,0.8338916,2.1779766,0.75528103,2.2060944763947385,0.7431103614565094,2.7365970803884694,1.209476973923512,,
1982-03-17,35.5473683952,2596.122430495358,73.72210481935217,3.827519,0.8124514,2.6188645,0.8090302,2.6351904763286527,0.7981776103724708,3.1862024023279276,1.2645404479116988,,
1982-03-18,38.7789474072,2762.8026304953582,74.73587907972387,4.5645843,0.88426274,3.3344073,0.79894733,3.3514351993447216,0.7879835436050725,3.936681174744062,1.254340549107425,,
1982-03-19,38.7789474072,3889.051130495358,75.91790704960445,4.6649756,0.8868716,3.7638836,0.8301566,3.7727799534782838,0.8220072496838782,4.37816476783022,1.2883610984472837,,
1982-03-20,38.7789474072,3559.121730495358,76.80678569869089,4.875446,0.9190842,3.9447436,0.7519221,3.9547749418760207,0.743883635503,4.568858494554623,1.2102361835362618,,
1982-03-21,38.7789474072,4634.350430495359,77.92818639584418,5.489617,0.9956224,4.3226376,0.6595544,4.332321481911142,0.6541334362640224,4.96445046862514,1.1204834067442058,,
1982-03-22,38.7789474072,4616.861730495358,79.05974184743845,5.09582,0.93842477,4.406781,0.69888616,4.4125205135717485,0.6931088896968425,5.048482739852448,1.1594583336409585,,
1982-03-23,38.7789474072,3930.329430495358,80.38185840345687,5.148167,0.9422587,4.534116,0.6291767,4.540115190286502,0.6230975153263978,5.1821760059535835,1.0894461367255643,,
1982-03-24,38.7789474072,3715.127030495358,81.40485128692205,5.607503,1.0093491,5.09887,0.6362758,5.10412412973188,0.6297892382802589,5.773142644736341,1.0961344468229839,,
1982-03-25,38.7789474072,3979.171530495358,82.5067763309928,6.253231,1.0752466,5.8067584,0.65726244,5.811067500992415,0.6510016540923678,6.513875492578107,1.1173430986638118,,
1982-03-26,38.7789474072,5216.133444495358,84.76433470839689,4.742502,0.94503176,4.727366,0.930657,4.727477669434561,0.9238155006805391,5.3784937711383245,1.3901629479829027,,
1982-03-27,38.7789474072,4342.132975495359,86.44617166469335,3.7618299,0.81292415,3.661519,1.1282969,3.6624069815589624,1.1183325378154019,4.2625163451442845,1.5846871938735845,,
1982-03-28,38.7789474072,2872.460330495358,87.46155271712355,3.8883986,0.8276793,3.2459302,0.91230947,3.254488148341278,0.9002246450577507,3.8351003860995694,1.3665824056239169,,
1982-03-29,38.7789474072,2175.176630495358,88.35509663514455,4.559425,0.87545455,3.7530727,1.0187246,3.7671965483044487,1.0009983539270855,4.372314494974991,1.4673522431943227,,
1982-03-30,38.7789474072,1852.990130495358,89.01044759353086,5.4897614,0.94162786,4.7693243,1.1087605,4.784092379175529,1.0862037881220876,5.437814470477208,1.5525508885499273,,
1982-03-31,38.7789474072,1961.004230495358,90.00563219873015,5.5675883,1.0425457,5.305076,0.6627348,5.31016664768824,0.6501977037707996,5.9890332907299015,1.1165417562653566,,
1982-04-01,38.7789474072,2564.266730495358,92.42331529116623,4.990685,0.9101753,6.397284,0.6952953,6.376329181429965,0.6850712890818458,7.106154749090182,1.1514101352698662,,
1982-04-02,38.7789474072,1855.371230495358,94.04007511610456,4.71502,0.891198,6.0016932,0.6396297,5.975351183660639,0.6268001975817777,6.686011373702197,1.093140849306875,,
1982-04-03,409.5264174072,3548.209930495358,95.78909243376764,4.424616,0.96279174,5.507412,0.76539266,5.395369726753083,0.6933880011687199,6.078308785721889,1.1597315898023495,,
1982-04-04,496.3643674072,5752.079430495358,98.86449737805538,3.987585,0.8194995,5.3203273,0.75251186,5.2144568016425925,0.6957858967170896,5.888748841211014,1.1621304801748187,,
1982-04-05,1212.0870538501429,3897.8939304953583,100.0,3.7905426,0.8256281,4.4322934,0.6331961,4.2800701770479455,0.5211946489367187,4.909701730001632,0.9875449664232818,,
1982-04-06,1771.7855043713205,3174.785730495358,100.0,3.1213174,0.8990828,2.6046271,0.6942587,2.7896976103680435,0.5497772593770982,3.3480944492181854,1.016138789212654,,
1982-04-07,1132.8230719997605,2175.595330495358,100.0,2.3321738,0.73680234,1.1095722,0.5521698,1.528198594497351,0.4421449721039774,2.026300092607534,0.9085179773495284,,
1982-04-08,999.1583664740724,1701.668330495358,100.0,1.5325582,0.79404235,1.5407107,0.5364223,1.537694713491956,0.447792088889904,2.0362500936292225,0.9141650009549989,,
1982-04-09,807.6509141025124,1599.942830495358,100.0,2.09896,0.7524933,2.1341925,0.6647378,2.1223733646188663,0.5087830539949306,2.6488743856560144,0.9751504275375769,,
1982-04-10,1115.9372088520329,1510.592530495358,100.0,2.0170465,0.68808043,4.319483,0.8369157,3.341243586225139,0.5631594626608735,3.92600243735565,1.0295165470341667,,
1982-04-11,1074.0789920061611,1586.676630495358,100.0,2.5706887,0.68094635,5.043117,0.9499468,4.045060968875853,0.6296476837895258,4.663459885017703,1.0959996005994963,,
1982-04-12,1018.879482006161,1473.503730495358,100.0,2.485988,0.61941904,5.7365575,0.9383128,4.407733474866576,0.6097930438691542,5.04346689706084,1.0761425190355083,,
1982-04-13,1010.7447220061608,1409.523630495358,100.0,3.0529447,0.51049745,6.628157,1.0420198,5.1350883478787495,0.6432136159337276,5.805586846664746,1.1095586476446715,,
1982-04-14,1065.901816006161,1552.1833304953582,100.0,2.5523028,0.49026343,7.857924,1.0751752,5.697844804768666,0.6679586817757326,6.395241138507288,1.1343006907366378,,
1982-04-15,940.0626220061612,1306.456630495358,100.0,3.1410112,0.57894397,9.198511,1.2201099,6.663732390343505,0.7497689034729885,7.407294848951066,1.2161065686706571,,
1982-04-16,875.7084720061611,1163.7557304953582,100.0,3.4569077,0.7317895,10.72769,1.3903638,7.605749489161252,0.8533250929796953,8.394337144967942,1.3196595495630183,,
1982-04-17,971.875002006161,549.200330495358,100.0,3.954247,0.6849839,15.30382,1.8174613,8.05213020050124,0.788774617693817,8.862053328433854,1.2551079082765118,,
1982-04-18,1757.5018314144345,251.41303049535807,100.0,3.8324184,0.6345071,20.317692,2.4495234,5.895528538108301,0.6341222738799002,6.60237347855252,1.1004633069801726,,
1982-04-19,1085.4545230960034,525.5547604953581,100.0,4.2090387,0.6792048,16.216131,2.1042159,8.12607675196072,0.8250100153841968,8.939534272279458,1.2913431348133857,,
1982-04-20,892.2079837299573,552.9463304953581,100.0,4.4636135,0.8223651,12.894163,1.8265977,7.689318496392572,0.8638426096390892,8.481900465078558,1.3301768305907793,,
1982-04-21,746.3725648152598,440.756210495358,100.0,4.5962524,0.7912637,12.640442,1.715105,7.582892588292082,0.8080734014908287,8.370387762369633,1.2744079239127228,,
1982-04-22,517.8876253954147,407.502490495358,100.0,4.5027714,0.6467008,12.155521,1.4892261,7.872717346085617,0.7490327181216924,8.674065152869325,1.2153664499610124,,
1982-04-23,429.3298852048077,458.2219304953581,100.0,4.7106996,0.63878936,12.806625,1.4647026,8.890433842211781,0.8168871558667262,9.740425018620515,1.2832188725895202,,
1982-04-24,345.67442701920135,446.7160304953581,100.0,4.994802,0.73381,13.918536,1.3593384,10.025623704647298,0.8305112274598926,10.92987307602803,1.2968420941300298,,
1982-04-25,260.7596281128379,391.582330495358,100.0,5.915867,0.9503544,15.662279,1.1835724,11.766361033762644,0.8056500016518389,12.75381169906221,1.2719824278322764,,
1982-04-26,426.45206557768734,431.85478049535806,100.0,5.887718,1.0813056,18.290302,1.2554867,12.128045011765757,0.8292619870510781,13.132782934859042,1.2955951721299142,,
1982-04-27,693.4535961161716,418.600790495358,100.0,6.0313473,1.0921161,18.868301,1.5408105,10.863448299288134,0.894528696489025,11.807742822332596,1.3608598811351142,,
1982-04-28,545.332411402082,404.9180504953581,100.0,5.9703584,1.0890863,18.18219,1.4689419,11.174029646248341,0.8845549860038059,12.133168896008279,1.3508864925010216,,
1982-04-29,370.4290755860216,460.660050495358,100.0,6.0202065,1.175485,15.792117,1.2868155,11.436627771611194,0.8850126090224716,12.408318314116691,1.3513444737245606,,
1982-04-30,307.4231959422329,488.117200495358,100.0,6.284464,1.2422365,15.685779,1.2085004,12.052798778039929,0.8833208248169604,13.053940188377503,1.3496538396854456,,
1982-05-01,373.6800014496126,469.430400495358,100.0,6.4998164,1.341253,17.647215,1.2906841,12.706509772492858,0.9326418001677449,13.738896333766037,1.3989765100152962,,
1982-05-02,333.5492014496125,470.7948304953581,100.0,6.69613,1.4397422,17.681705,1.2607532,13.126154804176211,0.9492145671779567,14.178598963479077,1.4155506226943397,,
1982-05-03,308.9422262964,482.4026304953581,99.98801018496346,6.666589,1.5808378,17.466515,1.2312685,13.250207255484726,0.9717292734129115,14.308580697908047,1.438065765297282,,
1982-05-04,299.9048262964,452.534710495358,99.95591575132713,6.8507023,1.6262743,17.091228,1.2115402,13.009593907408444,0.9752361147953627,14.056466854289303,1.4415717763348548,,
1982-05-05,294.8369162964,437.09467049535806,99.89923715886113,7.2756867,1.6565881,18.686525,1.2215362,14.090007682455932,0.9886532028542009,15.188520714574329,1.4549931117209909,,
1982-05-06,281.3717362964,425.0193004953581,99.82345261028226,8.112968,1.8460789,20.644829,1.3104535,15.653101661572236,1.0781479714711026,16.826325242722927,1.5444963881050078,,
1982-05-07,280.0124862964,419.078630495358,99.82212325405628,9.673761,2.0830176,23.506117,1.4048094,17.9657342736483,1.1854472545030126,19.24949378831712,1.6518133838463036,,
1982-05-08,275.4723062964,398.963910495358,99.8018159315674,9.27465,2.4680028,24.036884,1.5490742,18.007275081235193,1.3623064416897759,19.293020104506517,1.8286729451158095,,
1982-05-09,243.4679162964,457.02233049535806,99.80352336351945,8.676852,2.2981234,19.596478,1.4095274,15.801166401227832,1.2180765451823556,16.981466970800067,1.6844259125995624,,
1982-05-10,211.8826562964,510.111030495358,99.84354004312036,8.553864,2.2750247,16.8973,1.0943977,14.44876180938718,1.0215838318284334,15.564422062433259,1.4879254462865381,,
1982-05-11,231.1553002964,437.2917004953581,99.80097722400852,8.888617,2.3741434,19.11015,1.1521286,15.575446578265515,1.1145062619581219,16.744958511884768,1.5808541899605795,,
1982-05-12,244.2846362964,385.711730495358,99.71863759404364,9.981803,2.5794184,22.176777,1.302939,17.448107115841456,1.2793438334834009,18.70712582178703,1.7457054669892607,,
1982-05-13,248.3719962964,394.216710495358,99.698572821189,10.209533,2.8348045,23.838127,1.4747958,18.57043232352662,1.4209701891291873,19.88309433792275,1.8873419585961908,,
1982-05-14,238.3207762964,366.48570049535806,99.53852565179466,9.63697,2.7691936,23.820038,1.2926542,18.23127520221572,1.3432167610617378,19.527726665563808,1.8095853156595174,,
1982-05-15,229.7356162964,342.291090495358,99.33807396457712,9.267541,2.588027,24.411808,1.3114815,18.329613790847397,1.3023840634351396,19.63076550257843,1.7687535366441285,,
1982-05-16,215.8118962964,335.19148049535806,99.12569984266784,9.140436,2.5889173,25.657242,1.3689734,19.188092451312393,1.3121493056241775,20.53027650845116,1.7785272677783104,,
1982-05-17,212.4020422964,312.720530495358,98.90618924217968,8.606073,2.408735,27.418098,1.5846692,19.808993925030542,1.3563948233239635,21.180854950167525,1.822779450326922,,
1982-05-18,207.1668812964,295.12167049535805,98.67766982246476,8.092597,2.0663044,29.04929,1.9881124,20.40578657642927,1.445968101206678,21.80617225026949,1.9123595497255654,,
1982-05-19,238.4993618834609,289.3672155607379,98.37455344350865,8.023758,1.7364085,30.565731,2.1438785,20.380872917734205,1.4130405971158653,21.780067803851882,1.8794317527192865,,
1982-05-20,214.25069347700293,301.2665720190437,98.08391479405248,7.9397383,1.498803,30.64455,2.185597,21.20835477285244,1.421054399623691,22.647100463039553,1.8874556637589677,,
1982-05-21,224.06499890601188,314.1149657499011,97.6955671091334,7.554636,1.3377393,29.557962,2.1933818,20.397132150564847,1.3960978127916388,21.797104172432423,1.8624891594780608,,
1982-05-22,254.20484045971384,301.3416769459802,97.37578967001876,6.961384,1.5645832,26.629898,5.064003,17.630054906429283,2.8385988891335523,18.897770094807548,3.304962068020859,,
1982-05-23,195.8467522964,419.056160495358,97.20226098236428,6.8044696,1.7930549,19.329617,2.0538442,15.340353683569326,1.5117162596403344,16.49862898044696,1.9780627504041561,,
1982-05-24,138.10253929639998,622.6696904953579,97.15256672716204,7.5486984,1.9176803,15.09906,1.0490468,13.72844731363279,0.9264999749289841,14.809678996053732,1.3928383137956233,,
1982-05-25,172.9400062964,592.622080495358,97.0450027567798,8.77289,2.4428957,17.040363,1.188701,15.17274617720362,1.0729666573281116,16.32301040821457,1.5393121620208268,,
1982-05-26,170.66218229639998,504.21055049535806,96.83018911215044,9.107399,2.638508,21.350588,1.3328003,18.254523613396746,1.198637702706825,19.55208627132857,1.665006473477094,,
1982-05-27,201.93723212579457,465.51107182040687,96.54871356755449,8.861402,2.547876,25.378483,1.4377389,20.381221378491105,1.2648065603255019,21.780432919841807,1.7311977200209607,,
1982-05-28,213.0910977220344,436.3466176834834,96.25569041612528,7.746711,2.0714471,24.316288,2.3978732,18.87953969008034,1.7485925950654977,20.206975979967062,2.2149674091272393,,
1982-05-29,456.0144262964,489.87448049535794,96.03293503770432,8.369382,2.5358038,26.721954,3.7459824,17.874152312399108,2.2930967485235003,19.15353452237749,2.759462060124798,,
1982-05-30,196.0956962964,832.1520044953581,96.09376519793622,8.744286,2.5002363,19.644217,1.2007786,17.56550578679026,1.082455548981863,18.830135747899906,1.548818175285537,,
1982-05-31,220.7740862964,679.696446495358,96.14827477160252,8.802109,2.608966,21.217505,1.4836583,18.173542983491757,1.2897044842124348,19.467235044132558,1.7560725046673318,,
1982-06-01,238.84241736456423,718.380659495358,96.07651311980094,9.220117,2.8406248,21.655956,1.452016,18.55301602743408,1.299942014358762,19.864845602411613,1.7663136155329706,2.7691633645642435,4857.2308366354355
1982-06-02,516.8534024001528,1051.276673495358,96.13691096417892,9.40723,2.8445184,23.540058,1.3364011,18.881898570687497,1.2967962155527282,20.209447607003813,1.7631710532686409,2.813402400152907,4854.417434235283
1982-06-03,401.70718117507136,1002.010032495358,96.13871855439363,8.964789,2.515023,19.398718,1.2121272,16.412800231484102,1.1254648166371117,17.622334807376934,1.5918183773006478,2.9836811750713683,4851.4337530602115
1982-06-04,407.5211186676136,1020.320307495358,96.12311810570112,9.238126,2.6298764,17.124058,1.1915317,14.87332897123301,1.1350636307325614,16.00928208330508,1.601407453852183,3.0125186676135947,4848.421234392598
1982-06-05,336.63360144175294,912.892454495358,95.97814110070324,10.880838,2.8195322,16.500965,1.2798754,14.986852234765994,1.2047202003100628,16.12823137077508,1.6710646489261143,2.753021441752918,4845.668212950845
1982-06-06,290.4418878093734,889.481490495358,95.93356449728564,12.19192,2.473142,16.087624,1.1304859,15.12868384961826,1.0473157793277328,16.27684205199016,1.513661030125584,2.524787809373394,4843.143425141472
1982-06-07,224.82414722645817,489.398270495358,95.97477264292064,12.540063,1.9379156,17.230799,1.7117403,15.754240923988226,1.3220651159649086,16.93229861615513,1.7884141793408581,2.510627226458142,4840.632797915014
1982-06-08,225.81070536716283,476.8360304953581,96.20621477352312,13.783397,1.6849614,17.12161,1.7097002,16.04880349444233,1.2803919849229812,17.24094027056516,1.746742998550621,2.267991367162826,4838.364806547851
1982-06-09,206.94080181389018,516.649370495358,96.4429505002533,14.94363,2.2523994,19.359695,1.2341074,18.09673732423788,1.0915126658125978,19.386758336913353,1.5578799815637674,2.0371718138901778,4836.327634733961
1982-06-10,211.650042974683,520.1447304953581,96.60310347613807,14.870454,3.1203032,22.275566,1.3359286,20.133855902716512,1.3099895368345538,21.521244219901767,1.7763778266035926,2.0905669746830133,4834.237067759278
1982-06-11,212.58814654196715,501.892010495358,96.71561918252384,13.692602,3.545984,22.690779,1.3287895,20.0134396047775,1.408710312649101,21.395072434543792,1.875097230669854,2.4398725419671763,4831.797195217311
1982-06-12,229.33927889971008,485.8704104953581,96.79778747641753,12.631677,3.5297768,22.449154,1.3885698,19.301079732431347,1.4734109331407508,20.6486641953799,1.9397900753081552,2.7927588997100856,4829.004436317601
1982-06-13,361.83269328969,519.590710495358,96.95294965197256,11.624349,2.832398,22.009941,2.9061937,17.746556585411735,2.0704820854852217,19.019840155804292,2.5368462737650006,3.159313289689969,4825.8451230279115
1982-06-14,429.9715277241422,762.0085304953581,97.19663821206257,12.129204,3.3332238,19.302471,1.5302843,16.714927261793783,1.550066064922946,17.93890247696583,2.016421854772771,3.1138777241422195,4822.731245303769
1982-06-15,347.625535591,652.235580495358,97.35348473117824,11.527593,3.5443227,22.603409,1.3196523,18.752637480474743,1.5031756192749137,20.07400827853582,1.9695491701764596,3.390245591000004,4819.340999712769
1982-06-16,315.5470371861468,575.032480495358,97.48271138949188,11.369323,3.1790738,24.294636,1.7456956,19.71498382744015,1.5935113144977084,21.082351491269755,2.0598949040641434,3.5486571861468015,4815.792342526623
1982-06-17,151.5064245395891,1149.581330495358,97.85911140400908,10.840518,3.1817286,18.687988,1.0858556,17.774181998980378,1.028465569553548,19.048785969708764,1.4948299994616434,3.8512515395891103,4811.941090987034
1982-06-18,187.65347619140468,965.870530495358,98.05503351202697,10.094164,2.9255257,20.868362,1.1852214,19.115632708082128,1.100627240380914,20.454353437185727,1.567004453464492,4.230608191404697,4807.710482795629
1982-06-19,210.46295968458838,762.411300495358,98.00302531413716,9.535102,2.7335584,23.182972,1.3086619,20.23051319931305,1.1838360129573373,21.622521404869183,1.6502254158136789,4.577469684588365,4803.133013111041
1982-06-20,194.6711328571288,708.827500495358,97.91153513641588,9.054352,2.2829182,22.065544,1.2292442,19.26210485845042,1.0825865384003204,20.607826455651626,1.5489652718738927,4.953382857128808,4798.179630253912
1982-06-21,201.42695667556913,643.023130495358,97.7951692405902,8.693332,1.981128,21.47377,1.2470305,18.42524796644203,1.06066324024101,19.73097066485741,1.5270336174046089,5.321896675569132,4792.857733578343
1982-06-22,193.55459444663987,579.807660495358,97.732308059623,8.595918,1.7854718,21.27679,1.2211267,18.103062913634574,1.018743789087966,19.393386267860265,1.4851111626224864,5.634814446639876,4787.222919131703
1982-06-23,231.98098190913908,603.156730495358,97.81086789773153,8.436749,1.6132303,21.323502,1.2154112,17.74387469663107,0.9855658526290934,19.017030081907492,1.4519300174979497,6.002346909139072,4781.2205722225635
1982-06-24,220.47607173529877,588.7114304953581,97.85549207038152,8.240006,1.4084213,21.11119,1.207929,17.604230844046988,0.9589409307505853,18.87071173051852,1.425303887994854,6.424781735298776,4774.795790487265
1982-06-25,210.1456523481056,519.584850495358,97.91033797371934,8.319568,1.2369423,22.498177,1.2711109,18.41506232378665,0.972635630751693,19.720298183300983,1.439005911140809,6.787892348105615,4768.007898139159
1982-06-26,212.53655241955397,467.945060495358,97.94023092807102,7.9787188,1.0887344,23.352047,1.736576,18.550456277360375,1.2416578144976502,19.862163505034456,1.7080293909663573,7.366627727953982,4760.641270411205
1982-06-27,209.23282037661687,436.6920304953581,97.96177027740704,7.8953295,0.99271953,24.453556,1.9212393,19.089891163521827,1.3381106768495612,20.427381534788513,1.8044876252687623,7.910259685016873,4752.731010726188
1982-06-28,149.81662902564315,551.8618589610446,98.2230182665924,7.9543433,0.9462749,23.857288,1.3613755,20.46182211998574,1.0896014401380765,21.864886101260037,1.5559935500724986,8.439582669902684,4744.291428056285
1982-06-29,150.5693326912078,703.2603361864933,99.0705264292136,7.9913955,0.92406106,23.276876,1.3081543,20.581345063961603,1.089719555120003,21.9901218333892,1.5561130878388507,9.083772313520742,4735.2076557427645
1982-06-30,831.7863188141084,2580.4702598512663,100.0,9.861964,2.9559288,21.785908,1.2457075,18.879276061237423,1.1860217468024232,20.206699750566624,1.6523965582209668,8.78375405052643,4726.423901692238
1982-07-01,978.3487044447802,1709.5756675532634,99.93334777200477,10.748093,3.4988496,22.874928,1.36171,18.46101122642587,1.5401011827209186,19.76844328641789,2.006471900613217,8.875020247180142,4717.548881445058
1982-07-02,605.8634402062115,1278.8680975532632,100.0,9.677114,2.820564,21.172626,1.2258278,17.47729329232134,1.230424736847156,18.7377069977347,1.6967866156978002,10.375650391491677,4707.173231053566
1982-07-03,980.581872251825,1124.3170996063277,99.54098794638912,9.958575,3.2230752,24.635796,2.0594418,17.798310090477752,1.8613324678675573,19.07406730150196,2.3276971095282795,11.108188054224861,4696.065042999341
1982-07-04,449.35341854117934,1088.537842021923,99.34189497230292,9.020612,2.173115,19.268389,1.3438467,16.27411097390877,1.143650207345362,17.47701667737501,1.6100027796749579,12.947109380489996,4683.117933618852
1982-07-05,408.338768830925,924.7549533377426,99.07252599778468,8.844681,1.6901628,21.046806,1.3842835,17.30918396046528,1.0909329062428652,18.561562614468922,1.5572933852865958,14.561559501027947,4668.556374117824
1982-07-06,404.20979336901587,754.2205484254459,98.7616431860946,8.75879,1.376302,24.399757,1.4811119,18.942172271803102,1.077271794932829,20.272602184997403,1.5436472392142686,16.420319665415875,4652.136054452408
1982-07-07,408.2452673290937,567.479730495358,98.5389810455584,8.559651,1.2337905,28.960148,1.7803732,20.424539813538207,1.1570065248145007,21.8258218280075,1.623398194287533,18.802662125493658,4633.333392326914
1982-07-08,409.4164593157817,578.728730495358,98.38541776643214,8.494815,1.1311003,30.888699,1.8687379,21.610280111218305,1.1905830166815272,23.06823645866627,1.6569894732062533,21.6269856121817,4611.706406714732
1982-07-09,413.11536358176005,559.8621904953579,98.0862955211572,8.416432,1.0366995,32.374603,1.8783157,22.202232452819366,1.1669993775919416,23.68848209870801,1.6334138177185806,25.32588987816009,4586.380516836572
1982-07-10,436.35495794783606,509.990630495358,97.8368207051673,8.412712,1.0346894,33.77859,2.0165806,22.082518151388577,1.1868578036453978,23.563045862891695,1.6532705968829529,30.173881244236014,4556.206635592335
1982-07-11,473.32850186194224,464.43313049535794,97.5768585506247,8.234976,1.0277828,35.12079,2.458045,21.550366160201172,1.3232890852069235,23.00545882559611,1.7896947560026502,37.21716815834224,4518.989467433993
1982-07-12,525.6400402712432,486.948230495358,97.36138903589504,7.9779596,0.98432076,35.261158,2.4310827,21.09830236798738,1.2758795352180201,22.53178792941727,1.742279409817192,47.4082365676432,4471.58123086635
1982-07-13,527.9958713128267,492.2939304953581,97.10084364258624,8.354811,1.0861264,34.208984,2.2068684,20.829553428381395,1.2040623229527654,22.25019370917041,1.6704588624867287,60.276727609226675,4411.3045032571235
1982-07-14,543.282795109801,372.472080495358,96.82035865773904,8.356715,1.0100071,37.148987,2.9855072,20.06761906532751,1.3541082133005222,21.451841488104872,1.820495746466733,80.41781140620104,4330.886691850923
1982-07-15,553.7918664359665,168.66438049535807,96.57327422750004,8.193969,1.0631415,41.27214,11.925242,15.916387073600665,2.9008851965987237,17.102194797450156,3.3672353212409925,110.58369273236652,4220.302999118557
1982-07-16,428.84515294861995,359.8707938162103,96.26055102571355,8.274938,0.92812026,36.142975,3.229095,20.99040600455764,1.5573802894991848,22.418734488640858,2.02377881522723,143.77410793810253,4076.528891180454
1982-07-17,489.98920665170095,491.7097240081805,95.8607509090085,8.146669,0.93580556,35.2702,2.8508468,21.732202340629524,1.5023735265101048,23.195986153873054,1.9687815946309808,161.54890147668016,3914.9799897037738
1982-07-18,459.2422667764253,479.3862859080618,95.48487682692516,8.20199,0.9107598,35.064354,2.6980546,21.921420229387888,1.4482373721051522,23.39424801090507,1.9146479750039531,130.67362175231324,3784.3063679514607
1982-07-19,459.50628959448494,540.6574748431867,95.06320890741844,8.17099,0.8914867,34.236084,2.459654,22.260970452929477,1.3912666025212008,23.750027574437574,1.8576818566877147,85.9517304370732,3698.3546375143874
1982-07-20,446.8681401501531,456.7085098358783,94.7583703345525,7.729044,0.7961393,33.814404,2.4856143,20.913764592150716,1.3165947753487706,22.338429878706442,1.7829923510256733,58.45638526805491,3639.8982522463325
1982-07-21,312.7072276242936,361.4664556954088,94.5357682603024,8.129129,0.9089721,30.312527,1.8092562,20.023028850261312,1.057717367470126,21.405120013182536,1.5241043941212882,41.03213157418197,3598.8661206721504
1982-07-22,262.3964134042565,196.0439104953581,94.3360648165959,8.274783,0.91479707,33.307808,3.0379767,18.97971421295415,1.4006835560188502,20.311938502604765,1.8670593802038074,31.347652712656515,3567.518467959494
1982-07-23,391.84304373342525,442.6402814511255,93.93525459689336,8.252883,0.89069253,34.020008,2.2499518,21.920702523624474,1.2646184690017213,23.39349600125952,1.7310290622087483,25.04887556827517,3542.469592391219
1982-07-24,424.521261588049,519.2914983885324,93.46908975552768,8.162254,0.8638195,33.13453,1.9478171,21.90215120577415,1.1399589604678415,23.37405799383046,1.6063693033654203,20.98748461239013,3521.482107778829
1982-07-25,441.31251383935904,541.5916354711958,92.9261810946454,8.277241,0.88147056,32.65009,1.8559827,21.70696418580316,1.0965782574376812,23.169541701518305,1.562985990560009,17.79046957568812,3503.6916382031404
1982-07-26,450.35710476965016,570.1426798564305,92.3743423799108,8.289479,0.88041097,32.8626,1.9683942,22.018226898136827,1.1663388661319407,23.495681707503167,1.6327507816876143,15.433668244392372,3488.257969958748
1982-07-27,420.74844073675854,533.5300716629664,91.84107950747158,7.997247,0.8093591,31.829556,1.9212646,21.321714851870496,1.131889508847137,22.765878766332627,1.5982922187587938,13.894287814339322,3474.363682144409
1982-07-28,388.33269501352777,484.3499306993846,91.36887847201804,7.885647,0.8130695,30.217144,1.9308134,20.27991112515647,1.1310550269663804,21.674280382709554,1.5974450028045073,12.507174638273773,3461.856507506135
1982-07-29,274.79813136898383,471.01873878431456,91.07935685819338,8.185129,0.85345674,26.69242,1.5213938,19.873360807354143,1.0109811434243037,21.248298349439015,1.4773664865678013,11.078221313061793,3450.778286193073
1982-07-30,337.02062406061043,473.48686745085047,90.78198711368292,8.230272,0.8284724,28.604336,1.7322451,20.132508362491528,1.0689818721030748,21.519832271860366,1.5353701464295917,10.036234720918419,3440.742051472155
1982-07-31,386.56090534288234,518.9317765093497,90.3426874391462,7.9632387,0.7651951,29.660004,1.8675935,20.397509035013158,1.1190463366675696,21.797499070669048,1.5854376877868264,9.32134609092752,3431.4207053812274
1982-08-01,391.57625588938583,548.4998577865199,89.86474439535812,8.202806,0.8141403,29.178223,1.7023019,20.44119081876509,1.0495279491491953,21.843268694365616,1.51591981514449,8.463562687181662,3422.9571426940456
1982-08-02,410.9854630170665,583.8616872720423,89.45586220746,8.165244,0.8043657,29.254618,1.7523246,20.542298450324274,1.080766486077053,21.94920892509418,1.54715955219412,7.855543017430345,3415.1015996766155
1982-08-03,367.8939344114215,528.9493260978696,89.08002719746125,8.141827,0.76588124,28.213062,1.6435364,19.979643829217505,1.018983450019779,21.35966133643711,1.4853699860280951,7.33378745436061,3407.767812222255
1982-08-04,279.051532116629,395.0851997883476,88.77873957796977,8.115547,0.7852498,28.513895,1.9822077,20.070221886476254,1.2063120145825796,21.454568715207227,1.6726995773853222,6.861406343719255,3400.9064058785357
1982-08-05,289.80874245299407,402.0243723846333,88.41898678737904,8.2118435,0.7910368,29.209997,2.09944,20.413875130907275,1.264186075773833,21.814647410002202,1.7305776195442681,6.394105365785802,3394.51230051275
1982-08-06,307.6063722821428,424.0642050331688,88.03172223471795,8.170814,0.77768576,29.5981,2.049811,20.589715936142525,1.2322047188824956,21.998892804645976,1.6985983518590464,6.030851264291889,3388.481449248458
1982-08-07,322.2612208838737,446.3441530683581,87.62452651403969,8.218722,0.8010279,29.324621,2.03841,20.475330050577064,1.2304673055167017,21.879039664759073,1.696859575428997,5.681448797446574,3382.8000004510113
1982-08-08,328.48359811399405,438.4756029430955,87.2171920797336,8.117847,0.77785,28.59885,1.9397256,19.826971008224167,1.1579146312704738,21.19969127648622,1.6242994578081902,5.421433074759037,3377.3785673762522
1982-08-09,339.0179887638006,177.53811049535804,86.97092249793258,8.135355,0.7605557,33.701347,10.56717,16.922276652865524,3.666031714648949,18.156162460142365,4.132389094791048,5.153308763800542,3372.225258612452
1982-08-10,280.8436815329742,160.23555649535805,86.70117038251878,8.375449,0.7971471,32.81111,11.928515,17.252452685921586,4.363022097664987,18.5021197789282,4.829382111614051,4.834711532974224,3367.3905470794775
1982-08-11,228.35641723809607,143.42605449535807,86.42480699440733,8.204351,0.835063,30.27865,8.8816805,16.720163309159734,3.4645479090679534,17.94438878949734,3.9309037384711862,4.655307238096074,3362.7352398413814
1982-08-12,231.47153132551568,165.84901903326465,86.12863323942516,8.274463,0.8412343,27.940592,5.1500936,16.48347232323307,2.2049014478909417,17.69638478353104,2.6712555206417306,4.427216377568989,3358.3080234638123
1982-08-13,239.9218406825699,215.35441828793,85.80196891034836,8.082125,0.77880335,26.471283,4.1722407,16.780549895819405,2.015772736132417,18.007661648578125,2.4821290239653275,4.284632361793929,3354.023391102018
1982-08-14,255.02712393530496,255.58084886926784,85.47665023699571,8.197771,0.8026947,25.089603,2.8073988,16.652846357812695,1.461293367045053,17.8738543179874,1.9276486903217054,4.077871327550061,3349.9455197744683
1982-08-15,264.97575073848446,286.1595734338822,85.09448120185492,8.366498,0.8398328,25.195095,2.4134727,17.104214389939173,1.3165648933940781,18.346796199125095,1.7829237094283341,3.877657338778704,3346.0678624356897
1982-08-16,281.95656887578497,314.53273068576493,84.67416654457233,8.518064,0.87179464,26.545027,2.6027553,18.02379981931154,1.4329823862948876,19.310334668575926,1.8993490390778913,3.6954825381061034,3342.3723798975834
1982-08-17,283.25983118583207,319.3837900227953,84.25598873181595,8.23258,0.8078662,27.547367,2.870433,18.46886184465017,1.567922220131412,19.776669137357317,2.0342930130149735,3.6181489312094826,3338.754230966374
1982-08-18,284.25354480817896,323.0197828077253,83.84123607340976,8.539188,0.84618884,26.403318,2.7830865,18.04144566643755,1.5324466365156064,19.32882392687525,1.9988134491333496,3.4260075434499564,3335.328223422924
1982-08-19,304.31771682921783,351.8138266985376,83.39643446752557,8.677772,0.9048346,25.567192,2.3435433,17.733778277202656,1.324820492075023,19.006451088143283,1.7911845688833077,3.280447477833117,3332.047775945091
1982-08-20,312.57252192030114,367.1218025461783,82.94636622105418,8.429059,0.8096747,25.360092,2.490822,17.573980767042528,1.3959375963211043,18.839015803237963,1.8623002949045555,3.2194013119988276,3328.828374633092
1982-08-21,308.72277555823314,374.6371748263476,82.49909661047691,8.27555,0.8272187,24.396212,2.790715,17.113350765781156,1.5749301200677042,18.356369262501186,2.041289009206409,3.1415856901950026,3325.6867889428972
1982-08-22,320.59285022056116,384.0588229660033,81.97041438733402,8.321763,0.89142513,22.539047,2.2724526,16.070660322767154,1.3032743258882789,17.263841780570083,1.7696254881811329,3.0290867422363505,3322.657702200661
1982-08-23,321.2592918801395,387.30210807382446,81.47289366960113,8.609312,0.9157579,22.431988,2.1048028,16.164834331356133,1.223121091961597,17.362516984851872,1.6894729010530707,2.8856611698522543,3319.772041030809
1982-08-24,323.6254346428389,388.2265867691283,80.9391049711868,8.859628,0.9740389,23.591244,2.076304,16.893888824438587,1.2158709141790245,18.126417790555557,1.6822280736921933,2.759271250372208,3317.0127697804364
1982-08-25,386.8752819449334,178.5072181953581,80.64526686061699,8.734867,0.8844789,30.414303,14.178519,15.579677048932362,4.5172862826275155,16.74939118458835,4.983634237071872,2.696041944933409,3314.316727835503
1982-08-26,332.5295245861564,159.6009648953581,80.42687261046146,9.1589365,1.0123394,29.62997,12.314431,15.797819594799272,4.051803286194109,16.977960198464707,4.518152631843166,2.551684586156392,3311.765043249347
1982-08-27,310.4536503371482,197.12332799861923,80.1302704024835,9.104754,0.947307,28.432137,9.341427,16.61076445477687,3.673827794987868,17.82976104383625,4.14018280450158,2.4957669359605816,3309.2692763133864
1982-08-28,343.5158715998636,279.06483754189844,79.76432441250952,8.78042,1.0071952,26.474743,5.531591,16.711702441365972,2.540989393832455,17.93552352114507,3.0073451593373997,2.4816148112975185,3306.7876615020887
1982-08-29,354.9453724890053,333.80734495545994,79.36242030554969,8.652343,0.9632241,23.280998,3.0392027,15.742191601125935,1.554358357267157,16.919673376848568,2.0207073429790365,2.4324263338234866,3304.355235168265
1982-08-30,364.0345280250193,371.00459711071335,78.93784794840737,8.431594,0.93293256,21.11484,2.4206965,14.833351685549596,1.3062699787487826,15.967394020021514,1.772613585108584,2.3959847087257895,3301.9592504595394
1982-08-31,365.099677350627,396.1320833523183,78.50369263739807,8.9601755,1.0611306,20.760042,2.5899563,15.1006257832142,1.4406589108924475,16.247442905923688,1.907004001171941,0.0,3299.696935803789
1982-09-01,313.25847386649065,346.9105886727331,78.08419245388369,9.003928,0.98311514,23.120548,2.4763079,16.422035536525446,1.3823614494522676,17.632011528429942,1.8487150767100329,,
1982-09-02,305.92806488484456,330.46465132903967,77.66630400817883,9.410396,1.0146613,24.865349,3.1896017,17.435810728881496,1.726619495325626,18.694241709563478,2.1929810257572746,,
1982-09-03,264.47247882610964,260.8792950799768,77.31498597598197,9.528721,1.089363,26.254839,4.749473,17.83458011591507,2.4214140141165816,19.112070910172303,2.8877789753423384,,
1982-09-04,284.75298011378175,316.5770631660089,76.9557472251874,9.39384,1.0912007,24.04464,2.3218336,17.106920547998524,1.3270866725395851,18.34963170228914,1.7934455102171374,,
1982-09-05,322.6834256070589,373.81765649785086,76.5476887369357,9.349173,1.1046455,23.094215,2.1250107,16.72624611051034,1.2500701928345148,17.950762327959488,1.7164260682269525,,
1982-09-06,340.8714307949631,411.9573879555304,76.11198342383247,9.36562,1.0456759,23.134005,2.0324912,16.89985287723999,1.208789542005424,18.13266690469377,1.6751467477944741,,
1982-09-07,342.2296689224238,405.95189777346127,75.68403171283153,9.302211,1.0547223,23.025646,1.934027,16.748337381036208,1.1549627466033017,17.973909485701263,1.621318789373351,,
1982-09-08,334.99634116290133,382.16963413972087,75.27973420644427,9.164883,1.0585015,22.851582,2.1429942,16.458369658056444,1.244420016770742,17.67008229676814,1.7107739069744907,,
1982-09-09,336.3051530618609,391.0412802821649,74.85063488970764,9.426023,1.0721972,22.555405,2.025803,16.484736456591147,1.196649626661394,17.69770933814241,1.6630037086240428,,
1982-09-10,340.8711219359148,399.20536325128097,74.412572819669,9.527413,1.0818119,23.70145,2.1431048,17.173044184041565,1.258825886560519,18.418915822102697,1.7251852556836837,,
1982-09-11,350.3385739985036,410.09856342658594,73.9570030830382,9.608243,1.0760883,24.794724,2.3327496,17.79820839023729,1.3521958372899836,19.073960740337647,1.8185604780567686,,
1982-09-12,353.4235227626861,419.8049515795147,73.49831732302239,9.644944,1.0748367,25.297283,2.442897,18.142987946905965,1.4143741292381409,19.435219581245132,1.8807418685378847,,
1982-09-13,355.4582271672561,424.82990717951793,73.03444294048559,9.674094,1.085129,25.372383,2.4795976,18.22106849098328,1.437679708242519,19.517032108424356,1.9040481681296844,,
1982-09-14,358.874641275948,427.60374286543095,72.56706458151052,9.7056875,1.1090112,25.361423,2.5360737,18.217620505252683,1.4687777836505809,19.513419320762182,1.9351462115699472,,
1982-09-15,360.85784604813824,423.94549787861104,72.10288232264573,9.575793,1.055465,25.14265,2.7974002,17.98490509744985,1.5871547416825877,19.2695809119642,2.0535210434175335,,
1982-09-16,346.2763257150943,407.18112052757175,71.64302502508924,9.595035,1.1963321,24.143929,2.8733227,17.4575024291686,1.6472579457471237,18.716970198974938,2.1136196581255327,,
1982-09-17,316.06300626327,450.1120494330262,71.14748955420795,9.4752035,1.2019393,20.598972,1.6662043,16.010188355576997,1.0972740813235657,17.200479460061317,1.5636248336350107,,
1982-09-18,323.1502656448943,460.80370669852414,70.63351169376328,9.247972,1.1630484,18.75798,1.5929362,14.837900874818907,1.0519181716602433,15.972160644987271,1.5182618025939245,,
1982-09-19,328.8702235912782,465.3775107589246,70.11889821175295,9.244864,1.2756402,16.500996,1.3244531,13.496485358151087,0.938741966783537,14.566630052022282,1.4050793771347632,,
1982-09-20,336.76766093402625,465.55308007924896,69.59300621692279,8.701152,1.2348279,15.127346,1.3565202,12.430002849521426,0.9424546198284627,13.449173325068202,1.4087885530864641,,
1982-09-21,325.44896733710203,457.0949234168398,69.10884418809326,9.567696,1.3747166,14.203888,1.1152605,12.275760940665949,0.8667427638224037,13.287559180219022,1.3330763018762166,,
1982-09-22,317.8423532055601,437.9135852816497,68.62188296736979,9.129681,1.4824322,14.9445915,1.0189985,12.499060013412938,0.8586750590154733,13.521531185333624,1.3250091780328295,,
1982-09-23,280.5885110048425,401.30663022790446,68.20518486603892,9.746112,1.5670164,14.138573,0.99220645,12.331148108849048,0.8699096387960482,13.34559366570971,1.3362433156336633,,
1982-09-24,253.8216723786366,396.2394699029839,67.81209569481213,9.974865,1.5868912,14.550403,0.95895964,12.763846653203084,0.8518174186115924,13.79897372137789,1.3181523004404938,,
1982-09-25,288.9737184292547,431.5328004233313,67.33511366751695,10.092945,1.7095009,15.568598,0.9686193,13.372476483621895,0.8981341305385094,14.436693977193725,1.3644710697414804,,
1982-09-26,314.93699042126866,459.10314964395366,66.82900113221102,10.159142,1.8563561,16.125523,1.0178984,13.697955874314562,0.9669475050389287,14.777730170165864,1.433285718339027,,
1982-09-27,240.6577146097067,315.1304792487237,66.51171221163901,10.477389,2.1822047,16.413832,1.0918835,13.8433369239332,1.1296527247267283,14.930059936996015,1.595991546270983,,
1982-09-28,166.51534553440922,268.519874213784,66.2396027783892,10.827833,2.0967593,16.237461,1.0635678,14.166856181581691,1.0368522840686436,15.269042309264847,1.5031925459004378,,
1982-09-29,253.45676951748865,358.39673636031614,65.82570888517424,11.62409,2.0491216,16.070662,1.1556726,14.228695128005507,1.085713654990783,15.333836945941858,1.552054205753128,,
1982-09-30,297.14954451684696,412.0343785672078,65.35748246982268,12.247982,1.931209,16.056536,1.0653131,14.460743770244344,1.0187569556184637,15.57697672006111,1.4850986295815383,,
1982-10-01,308.8969280008923,432.4026092134286,64.80014077342811,12.92736,1.8091915,16.6426,1.0628053,15.094471772148012,0.9760450385980953,16.240994754164973,1.4423900937912906,,
1982-10-02,303.9370546693814,439.1792196740817,64.24719283317005,13.202404,1.6921904,16.033747,1.059959,14.875718036850653,0.9335072529151296,16.011785338092636,1.3998510890463225,,
1982-10-03,314.19182304565544,449.4376009508349,63.67560602540917,13.967597,1.5580362,15.208368,1.1322591,14.697858645161668,0.9246756884778103,15.825424875462831,1.391018573779835,,
1982-10-04,316.6941161783658,461.1110316175627,63.10490047893551,14.5012045,1.3910792,14.733918,1.0126913,14.639165590917466,0.825371330178742,15.763926493857925,1.2917139096495358,,
1982-10-05,319.0951949990869,464.5779681950463,62.52995884733499,14.784526,1.2931869,15.139795,1.0304172,14.995137078427527,0.8064770502516163,16.136912201643312,1.2728215450930127,,
1982-10-06,324.8927226938916,473.2606018931829,61.946594698363135,15.435922,1.4891349,15.637008,1.0223252,15.555154527445453,0.8572557155987892,16.723696570400413,1.3236035170534894,,
1982-10-07,322.1814577048421,471.17462358738976,61.373444460472015,15.592683,1.4730455,16.73881,1.0834382,16.273368159189545,0.8785672982794901,17.47623835865139,1.344919865374828,,
1982-10-08,332.8303580018206,475.6196603004087,60.78178939053027,15.701344,1.5081836,17.772697,1.1950527,16.91994285835409,0.9379857233797377,18.15371711823096,1.4043430853489218,,
1982-10-09,309.0700175792274,434.2136554827858,60.276902996074,14.721322,1.1792191,16.999683,1.1873279,16.052301917439213,0.8494332697119182,17.244605906222535,1.3157843070983168,,
1982-10-10,311.4867518757434,442.4298007719119,59.74982624735531,14.614034,1.3378289,14.163584,1.1421716,14.34969081111346,0.8687826271007772,15.46061580909932,1.3351237558427744,,
1982-10-11,332.0902750282068,455.3577060914121,59.25192381246238,14.78411,1.3856184,11.684639,1.5691682,12.991778282932533,1.0792836581102985,14.037799703863108,1.545619260801879,,
1982-10-12,335.8032388386973,465.9798240938237,58.744345850116,15.252895,1.1853099,10.578466,1.4249895,12.536213404935754,0.9655661750846856,13.560460381968715,1.4319003962989654,,
1982-10-13,341.7097927833808,438.2308490441442,58.13425839483459,14.990592,1.1758568,11.691639,1.0764884,13.136985559887112,0.7945114767280156,14.189947392289872,1.2608475696414891,,
1982-10-14,320.4135712906632,399.8272070579486,57.58193508991213,14.956382,1.2197082,12.089973,1.038472,13.36515275528956,0.7916846545466619,14.429020199682018,1.2580215664745593,,
1982-10-15,301.8957986914922,420.4002508520493,57.02810052118258,14.77498,1.2331926,11.613533,0.9835467,12.93491285905004,0.7703106896738533,13.97821630710376,1.2366461069582797,,
1982-10-16,302.07654923545084,432.4728741358827,56.50724324792857,14.443733,1.4135606,9.913948,1.0259887,11.776779647047539,0.8383403265838147,12.764728286447875,1.3046727725320448,,
1982-10-17,301.454658805145,463.9746749443734,55.95690261873749,14.4304905,1.4673834,8.082856,1.1172441,10.58279164250549,0.89029383502556,11.51367173673253,1.3566248237272773,,
1982-10-18,309.57248370314323,473.61436274269136,55.39420680401928,14.727124,1.3983109,7.146202,1.2156938,10.142734654559828,0.9197596799248837,11.052581529022625,1.3860905427721948,,
1982-10-19,319.7626260673125,478.7851903806776,54.81705807488789,15.003935,1.2585763,7.761088,1.3396121,10.661342228972028,0.9482106960871245,11.595976772720421,1.4145417305509835,,
1982-10-20,319.9444326708795,481.1435347790046,54.23996228040829,15.106139,1.1250046,9.232776,1.1532431,11.578523006307917,0.8256204406061407,12.556995655987322,1.2919525316884826,,
1982-10-21,313.7858638792137,472.612987385163,53.6787909164745,14.628615,1.3122469,9.9033165,0.9476631,11.78878719660229,0.7736470352073946,12.777309755825588,1.2399795040921897,,
1982-10-22,311.2469625900038,473.9317039708973,52.9989136508332,14.381478,1.3821893,7.9998794,1.0988816,10.529562569981298,0.8603146404715523,11.457898496496163,1.326645602174502,,
1982-10-23,318.9901363664848,480.06875199870194,52.37707198449007,14.18581,1.4243847,5.9229736,1.2541088,9.22155821318216,0.9439466084456976,10.087376002631242,1.4102779249532187,,
1982-10-24,327.04750526717777,485.8921096975158,51.79870374640871,14.087646,1.3912419,4.9248385,1.3761507,8.611057188738291,0.9948902007435493,9.447695116112307,1.4612223526772552,,
1982-10-25,321.8774998483366,457.8483351539317,51.26147214748024,13.939174,1.2858355,5.083819,1.4757868,8.739385177991432,1.0162161777311363,9.582156744584461,1.4825481186711373,,
1982-10-26,299.4016613245173,410.39966506994426,50.75535342062483,13.888349,1.1577106,5.81741,1.5787129,9.22181673477396,1.0352128845151625,10.087646880671416,1.5015442007592137,,
1982-10-27,291.86574632649825,421.2484514280956,50.20370630773281,13.754275,1.0653552,6.84592,1.3792418,9.673394651983699,0.9240817756033194,10.560808678681894,1.3904127483132,,
1982-10-28,307.08499169255657,446.9774960584164,49.64469294248065,13.639007,1.0063936,7.50409,1.3819734,10.002478095552327,0.9159826715112582,10.905621185937628,1.3823135407934708,,
1982-10-29,311.98983611517616,460.913128608586,48.94777684511424,13.622556,0.933957,7.996444,1.3888891,10.267479125263694,0.9100156208885523,11.183288359008495,1.3763464969178372,,
1982-10-30,317.41813430945734,466.68627849301583,48.260234808598895,13.498321,0.9177433,8.61518,1.2900958,10.591954207976292,0.853000468800518,11.523272241512172,1.319331462476588,,
1982-10-31,318.72682456838896,472.7636985567507,47.5704364619009,13.430835,0.82833815,8.787775,1.1248797,10.657497595983413,0.7501432897835555,11.59194837941717,1.2164743218433451,,
1982-11-01,311.39804118841226,468.1780982320871,47.06528298009084,13.5556,0.8284502,10.693531,1.1101418,11.83677115846797,0.7443106914541066,12.82758718704348,1.2106432536430831,,
1982-11-02,313.8259348233947,469.52374452176537,46.55001656054047,13.560473,0.84538364,13.558483,0.89408326,13.559280486077443,0.6339451488244955,14.632426572409111,1.1002828044621318,,
1982-11-03,315.4033532975529,474.65727306176177,46.03358127840183,13.474257,0.83341664,14.909609,0.7716298,14.336596314168172,0.5706202450163564,15.446895439961345,1.0369613103997746,,
1982-11-04,341.9371642339868,379.406206592482,45.61435287091117,13.186917,0.9530902,14.078403,0.8229384,13.655813809590764,0.625674206198389,14.73357385880371,1.0920122477040326,,
1982-11-05,153.5554824072,311.96697049535805,45.72729860519448,12.210387,1.1025411,12.183284,0.8949971,12.192224039196505,0.7014237760703211,13.200029500415951,1.167757111442285,,
1982-11-06,129.4030974072,280.703260495358,45.65465678408636,11.673426,1.0667515,7.2160892,1.2360896,8.622536938549123,0.9105574366742482,9.459723558722535,1.3768895689661134,,
1982-11-07,178.9439336562089,247.98684038552025,45.4260209131792,11.771192,0.9811521,3.7475362,1.5490379,7.110574289482678,0.9892983316028858,7.875494263416473,1.4556343482726788,,
1982-11-08,206.9769675698056,330.1161580433711,45.115126170103856,11.874666,0.8584489,3.8236632,1.3293835,6.926239125333239,0.881514612683762,7.682348508538927,1.3478512817465864,,
1982-11-09,205.05889657764368,359.58589066698374,44.73082778874339,11.176869,0.9279829,5.2281866,1.1101061,7.38853653982387,0.783173965380457,8.166742159157556,1.2495090717813924,,
1982-11-10,192.0166960149189,347.4801540594172,44.42302920036939,10.76014,0.93585527,4.544118,1.1712066,6.756512867390432,0.8246186292571718,7.504509915646643,1.2909559333752356,,
1982-11-11,203.33259187179883,362.91623413919615,44.07423074040587,10.604125,0.8684356,3.61978,1.2144103,6.1277675381414545,0.838478578810571,6.845712708917952,1.3048185225655247,,
1982-11-12,202.45282901604145,365.28754722512167,43.73794468278869,11.226447,0.7305572,4.7365174,1.5532898,7.050787609908004,1.0327917584532562,7.81284998492867,1.4991279824597903,,
1982-11-13,54.5304114072,84.38955449535806,43.8408072144056,9.902421,0.9104384,7.10508,0.9345315,8.203123504641534,0.6708197350615074,9.020263596367265,1.1371526828146035,,
1982-11-14,61.5396454072,242.6915604953581,43.78409442220088,9.156718,0.9179131,5.631331,0.9720624,6.344443492438143,0.7973541382553088,7.072745033160325,1.2636931212892122,,
1982-11-15,78.32551340719999,163.40411049535803,43.67016681936862,8.787943,0.8962498,2.8192506,0.9690476,4.753233193770697,0.7165419373424898,5.4054803214968725,1.182889226387999,,
1982-11-16,64.80780285673428,236.4688244932977,43.5190161419832,8.601481,0.9323497,1.7060158,0.8814744,3.1893037256481493,0.7203427892015029,3.766800370823511,1.1867010634939106,,
1982-11-17,78.53337892456662,256.66594947877144,43.3881055184588,8.880237,0.85021067,1.4875671,0.83578527,3.219585214286412,0.6702540585724767,3.798529211106592,1.1366120936085142,,
1982-11-18,93.28470433786268,272.0752570748448,43.23106650202106,8.893062,0.8212356,2.137791,0.9105421,3.8625651091422473,0.7097401473381709,4.47224134701972,1.1760933496671322,,
1982-11-19,105.94930273126752,278.78788225098435,43.05674221254412,8.767826,0.78488433,2.7553244,1.0224363,4.411052973811946,0.7717615247012596,5.046945056708661,1.2381109782142434,,
1982-11-20,119.71995016071084,298.3217651935787,42.86370822019714,8.4892645,0.8022089,3.3162975,1.0893438,4.797746208471603,0.8106114842593122,5.452120906140353,1.2769585015796898,,
1982-11-21,131.95772902049768,296.0439652985222,42.6151958956807,8.920675,0.78394145,3.7220201,1.4337367,5.324823908702823,1.020728133717823,6.004391118717641,1.4870721058243186,,
1982-11-22,130.0666744997186,283.27267004133324,42.441391428006256,9.020303,0.8587927,5.56051,1.4266199,6.649213002104643,1.0143612926844467,7.392081483586433,1.4806990152790542,,
1982-11-23,66.58657553891896,285.6397678751507,42.498410697720765,9.075754,0.9116508,8.0675335,1.1971747,8.258132416807193,0.9860331785727524,9.077901746495883,1.4523660079089058,,
1982-11-24,88.48177271019301,321.5955083496722,42.51583021603388,7.556605,0.7917344,7.632397,1.1100454,7.616043578846485,0.8871360053812211,8.405123256951544,1.3534704325079063,,
1982-11-25,121.39407395789964,342.00216122250265,42.456252150236814,6.7026663,0.8416252,4.654897,1.1136547,5.19134315496451,0.850972681350149,5.864530441231768,1.31731739460445,,
1982-11-26,161.0485844653616,387.3478651987325,42.33738612581119,7.049693,0.77387047,2.2550306,1.0784444,3.6630878963490296,0.7949151308850367,4.263229805333727,1.2612697819201344,,
1982-11-27,166.95803042741534,399.1246147860485,42.21217799977851,5.976671,0.8767614,1.8327299,0.93904066,3.054926518961867,0.7107904699615516,3.6260003930031255,1.1771498186301907,,
1982-11-28,150.83047193447635,374.8477760847287,42.127081156882426,5.7201586,0.9699921,-0.11484313,0.87700593,1.5593674055784752,0.6845055653589195,2.0589586663130857,1.1508782651474196,,
1982-11-29,38.784677096072485,175.3598982859508,42.36477506057143,6.901822,0.7894667,-0.11718023,0.80112576,1.1540625196597432,0.6714314137970614,1.6342815923128806,1.1378081723053008,,
1982-11-30,38.7789474072,240.56291049535807,42.64022270646427,6.9253426,0.70869744,1.4865944,0.9153491,2.241615289846049,0.7943938060163197,2.773815667300926,1.2607600979993203,,
1982-12-01,89.34563456680783,223.2375839872481,42.770473881722175,7.556075,0.81156737,2.4221578,1.4712284,3.889584915309036,1.0760092824937513,4.500552607558694,1.5423622920903781,,
1982-12-02,110.37408220218856,258.25861784577825,42.84789253645474,8.334299,0.95015854,3.5923653,1.9488897,5.012170381119112,1.3946872312117313,5.676793821268046,1.8610329713511895,,
1982-12-03,137.72299253058225,321.0581252311163,42.866288025457486,8.733035,1.0620023,4.9759083,1.7723031,6.103772368207222,1.2805881685270342,6.820570651884248,1.7469282219767857,,
1982-12-04,149.7819947149781,354.6035013765529,42.853010552049206,8.619647,1.1066518,6.8267646,1.4924431,7.359177808401194,1.0995088855240152,8.135980180730678,1.5658440838948033,,
1982-12-05,128.17056751908314,339.95566208710085,42.84118402772494,8.565242,1.0746262,7.4644628,1.3757334,7.765850433057971,1.041489201014389,8.562090366705226,1.5078232131833254,,
1982-12-06,93.06632749425842,276.0455283990441,42.88737123979065,8.570868,1.0787754,7.683634,1.2804031,7.907337226322573,0.995448954926431,8.710339745039468,1.4617825987532784,,
1982-12-07,102.26280780090964,289.8065133206102,42.89119972752915,7.105422,0.82688206,6.114976,0.9733344,6.373312383437559,0.7510923749490495,7.1029937584661464,1.2174312340346538,,
1982-12-08,112.77515400410846,297.82027962874963,42.85170861407215,6.355131,0.826059,4.0044518,1.0358359,4.6500951499591245,0.7848411470855728,5.2974126317508725,1.251189074434749,,
1982-12-09,114.9448686603231,300.8074919568479,42.77027924861173,4.814211,1.1357006,2.361803,1.0458165,3.039830946935486,0.8192363577006573,3.610183304235515,1.2855958283519815,,
1982-12-10,135.9962556610575,312.94744438634734,42.62811180588085,4.2432218,1.1896614,-0.5684358,0.99560857,0.8891354172670812,0.7820023462413713,1.3566918800338443,1.2483818592439309,,
1982-12-11,133.46799454531208,312.7406029503513,42.49869652474039,4.656987,1.1218252,-1.7128485,0.8876873,0.1924692956085118,0.7068862633262273,0.6267274991939973,1.1732734026811469,,
1982-12-12,140.7450754562377,314.35702012349384,42.31494196331391,4.0579133,1.1075991,-1.4818815,0.717709,0.23135789267506618,0.6025772824273169,0.667474838266314,1.0689639814477268,,
1982-12-13,157.05160856589134,341.1085283493508,42.095060426127226,3.6751938,1.0942563,-1.4876245,0.535304,0.14002261121041693,0.5033524140765018,0.5717740425616953,0.9697401500222705,,
1982-12-14,139.12500793551288,313.5813848553257,41.92248180463119,4.1167927,1.2565287,-1.5220844,0.57426506,0.2108463578445081,0.5543883277192311,0.6459829221860295,1.0207752587756915,,
1982-12-15,139.6864278840264,305.4949058168361,41.7240494925998,4.684178,1.1628969,-1.7129735,0.794346,0.29428773071918446,0.6559552652226471,0.7334125074540514,1.1223412553532615,,
1982-12-16,54.9368420988,300.188130495358,42.31198988443729,4.485606,1.0020294,-1.0398263,0.95196635,-0.1850572928040898,0.8194938952385388,0.23115643036535596,1.2858853991887926,,
1982-12-17,54.9368420988,669.767080495358,42.81199300153326,3.9413056,0.9429043,1.2420468,0.63763726,1.4466666096030525,0.5936196180170964,1.940871157538436,1.0599934275366703,,
1982-12-18,54.9368420988,430.406460495358,43.06876403591137,3.3885899,0.92520815,-0.16708744,0.6214903,0.2353857848842873,0.5610043172453987,0.6716952499544753,1.0273909707569193,,
1982-12-19,57.6122632988,418.360710495358,43.22719263086178,3.320818,0.92403376,-0.60630906,0.5563064,-0.13096552335049896,0.5015991263819418,0.28783360149536463,0.9679899949742468,,
1982-12-20,54.9368420988,437.6093104953581,43.33317780355807,3.4576392,0.7801526,-0.7311362,0.6324245,-0.2639351240213872,0.5685839324372276,0.14850850844624908,1.0349763688765268,,
1982-12-21,54.9368420988,435.4662104953581,43.41805552453611,3.4739556,0.74360454,-0.2894603,0.6641246,0.1321320719571684,0.5955810941005695,0.5635063625046006,1.061968920074872,,
1982-12-22,54.9368420988,416.5244104953581,43.436469732145326,3.2356057,0.8010923,-0.2854203,0.64888686,0.1248659108691703,0.5808257325710583,0.5558929037547253,1.0472136415128992,,
1982-12-23,54.9368420988,402.45663049535807,43.433469835087074,3.1271992,0.80062664,-0.583539,0.71418834,-0.13784782679105095,0.635723252867983,0.2806223474763317,1.102114202113578,,
1982-12-24,54.9368420988,425.388270495358,43.46156932129511,3.6977096,0.656425,-0.12956852,0.9930934,0.30817368261540906,0.8827076748296218,0.7479621603841635,1.3490935091480551,,
1982-12-25,54.9368420988,515.3243604953581,43.59280582504862,4.7456627,0.7760322,1.2685373,1.2851939,1.6035106048754064,1.1637868346025722,2.105211759640432,1.6301591036846355,,
1982-12-26,54.9368420988,413.3860104953581,44.020519067061095,4.3126707,0.77743214,2.177291,1.2997899,2.4277826910030726,1.150936219670047,2.968881233851831,1.6173008555681796,,
1982-12-27,54.9368420988,452.843130495358,44.25478295041226,3.445891,0.6795231,2.0679646,0.9649761,2.21704274986191,0.8637096184177723,2.748068643902571,1.3300761319509413,,
1982-12-28,54.9368420988,398.775430495358,44.5466295558736,4.3403826,0.7142161,1.6920263,1.270004,2.0126971797659303,1.1195731182579653,2.5339560540763904,1.585941500951137,,
1982-12-29,54.9368420988,452.9780504953581,44.80797454801697,4.4290996,0.74885803,2.455349,1.1322527,2.6688328142376627,1.0130298260426438,3.2214527289884094,1.4793923765179269,,
1982-12-30,54.9368420988,420.5016704953581,44.99274033289903,3.3873487,0.6931779,2.1842148,0.87153095,2.323236746006817,0.7749759375905548,2.8593383500571887,1.241341498616577,,
1982-12-31,54.9368420988,400.6271304953581,45.11826052034312,3.2352386,0.70155853,0.9553542,0.7615197,1.2302873810320873,0.6750100593443962,1.7141497414971691,1.1413860401962737,,
1983-01-01,35.5473683952,397.669610495358,45.20236471249739,3.8203244,0.8841405,0.884208,0.5380833,1.1251293546930228,0.49923059052056845,1.6039655209638277,0.9656076459483698,,
1983-01-02,35.5473683952,411.3219804953581,45.31130342227798,3.9914384,1.2681872,0.14879167,0.537303,0.454464858806835,0.5047458851644928,0.9012455547261706,0.9711300913677142,,
1983-01-03,35.5473683952,420.17651049535806,45.29062094584362,2.7907295,1.1001561,-0.14890152,0.46738857,0.08039554244051073,0.43939267462974724,0.5092970037295255,0.9057810926649084,,
1983-01-04,46.52485885545397,423.1232885792933,45.23997907303368,1.8941364,0.8203394,-0.2956363,0.38162562,-0.07871035390986014,0.35329401067054,0.3425863894099053,0.8196842686543298,,
1983-01-05,54.79560296711317,433.8579662664922,45.16129858534623,2.0704422,0.83338505,-0.5239749,0.39100894,-0.2330476250558868,0.3595210235363899,0.18087232427866717,0.8259130939781278,,
1983-01-06,35.5473683952,468.1824604953581,45.084832336371065,2.5486274,0.8404703,-0.337103,0.46396452,-0.1334618602801,0.4352830175880278,0.2852179481938296,0.9016739154284923,,
1983-01-07,37.554227695200005,440.78030049535806,44.996134460410666,2.657731,0.92833275,-0.0532943,0.64613587,0.15954934196850115,0.5998517490381102,0.592234084301226,1.066239262496175,,
1983-01-08,52.18814411096553,432.65602129932296,44.89018541468883,2.199587,0.8215984,-0.0003247261,0.5996803,0.23647159723540942,0.5423895713634809,0.6728329604243172,1.0087762126101927,,
1983-01-09,99.76342703411616,414.2432066627873,44.75134011999957,2.006411,0.7907157,-0.52903926,0.5866379,-0.03693430176040461,0.49706292709425626,0.38635919404781455,0.9634526991650603,,
1983-01-10,121.39916410213596,384.2601679930132,44.64838257778012,2.0205693,0.9170411,-0.85837185,0.7467017,-0.16719297041028647,0.6086479345470488,0.24987460630345193,1.0750392282943135,,
1983-01-11,173.54579839520002,730.795890495358,44.729616603230106,2.9422598,0.84645045,-0.24262929,0.8234091,0.36856018074234137,0.6849345856055233,0.8112349267006459,1.151319744900181,,
1983-01-12,178.5250483952,583.732630495358,44.703820841870055,1.9562446,0.82172763,-0.09214032,1.0668099,0.3876029829726408,0.8393193567805763,0.8311879097829906,1.3057043040720924,,
1983-01-13,175.11731839520002,522.348930495358,44.74565171137802,1.3721914,0.74836195,-0.7363739,0.4812526,-0.20696289843114574,0.40645851521380777,0.20820381166989357,0.8728502774173885,,
1983-01-14,125.4871343952,515.316860495358,44.75745167018167,1.5168383,0.78291506,-0.57500684,0.34265393,-0.1653657414923812,0.31533359903903463,0.2517891705175635,0.7817248713065299,,
1983-01-15,106.4647283952,531.257930495358,44.684049294624685,1.78883,0.7582777,-0.48242438,0.3189051,-0.10324938500182573,0.29428446895316757,0.3168744765142252,0.7606750132899489,,
1983-01-16,101.7935843952,536.861290495358,44.59801904346815,1.4103131,0.64620864,-0.34110296,0.3141837,-0.061949179545997136,0.28347994338175775,0.3601486906131527,0.7498700061703302,,
1983-01-17,100.4143383952,502.19283049535807,44.47726196272146,1.0980585,0.5639357,-0.38079023,0.27689004,-0.13436499833940735,0.2491514503435248,0.28427164322251036,0.7155423587672992,,
1983-01-18,96.7070513952,502.5507704953581,44.33512838449823,0.78722465,0.46669385,-0.3779235,0.23302898,-0.1898941682723071,0.20943365275300818,0.22608836878378955,0.6758252136797884,,
1983-01-19,118.0118533952,477.830911995358,44.17408895784119,0.6927281,0.44074157,-0.46182084,0.22481388,-0.2331523589506961,0.20030879125881054,0.1807625844617009,0.6667008629397366,,
1983-01-20,129.5442683952,468.0012232953581,44.11749282346645,0.7848661,0.47193295,-0.5023658,0.22435096,-0.22330168946769088,0.20332943273889956,0.19108408227316467,0.6697213879237761,,
1983-01-21,123.7917983952,458.907120495358,44.05208865844216,1.1069471,0.5844401,-0.5349573,0.23614389,-0.18614199899059056,0.2236140954940236,0.2300198789310231,0.690005612219371,,
1983-01-22,132.6423683952,443.0192534953581,43.88001966492745,1.434448,0.74041265,-0.67876387,0.2830024,-0.1918433966132122,0.27665827022597056,0.22404597399129292,0.7430498541214702,,
1983-01-23,282.966229506,743.2693854953579,43.9140525593611,1.7288548,0.7091077,-1.2256297,0.426579,-0.41098311264917964,0.36562858488885186,-0.005567871379549005,0.8320227787124779,,
1983-01-24,319.274489506,1303.435430495358,44.573602739612056,2.2426963,0.79432064,-0.5587237,0.3977677,-0.007533410142987274,0.3556808765081981,0.4171653477826242,0.8220703078024858,,
1983-01-25,278.3244983952,912.633290495358,45.16426907976014,2.3232803,0.79252666,-0.93745065,0.6451281,-0.17542421502855096,0.5279186915820081,0.24124993632953654,0.994310082138008,,
1983-01-26,226.8481783952,894.846490495358,45.51618198257758,1.9162083,0.7570192,-0.49888134,0.39219657,-0.010460833753817652,0.3483283201363707,0.41409800333009317,0.8147177853172034,,
1983-01-27,126.3184883952,885.110470495358,45.775277173237086,1.713394,0.78773683,-0.11239475,0.29007643,0.11563004470868658,0.27224608370744213,0.5462155947629995,0.7386340981947244,,
1983-01-28,64.28311639520001,862.526030495358,45.98336354935534,1.8434334,0.7471702,-0.036134362,0.28807804,0.09423171407376463,0.2730598838442743,0.5237944970702623,0.7394481432417066,,
1983-01-29,108.0713883952,741.495130495358,46.15094258795513,1.9608091,0.74431807,-0.19260895,0.27266762,0.08132236987539097,0.25612573993681204,0.5102681303475919,0.7225141473386533,,
1983-01-30,68.92258239520001,733.289730495358,46.28710639021815,2.2007465,0.77325755,-0.0795508,0.2995587,0.11636239720807531,0.2817659327694176,0.5469829512084372,0.7481539388839769,,
1983-01-31,69.6659083952,748.874080495358,46.40816051744424,2.6049154,0.77674705,-0.014385343,0.3275637,0.20854324575434474,0.30688979859724325,0.6435697292107512,0.773276755737621,,
1983-02-01,59.287250395200005,713.146780495358,46.42518074856245,2.6430507,0.7482446,0.1080783,0.37651494,0.30264707396814927,0.3523281944816789,0.7421713987353313,0.8187140907869468,,
1983-02-02,217.8271983952,741.403130495358,46.48326682532319,2.6528664,0.9276444,-0.9309344,0.77800596,-0.11710560957544792,0.6371622165000548,0.30235597177111806,1.1035529228332308,,
1983-02-03,1169.0925683952,5777.500430495358,49.400750591077816,3.4303775,0.7592857,0.6683023,0.62344766,1.1331519834100816,0.5340369082099553,1.6123716039095775,1.0004138812115722,,
1983-02-04,1176.8166683952,5338.257040495359,51.31866636120032,1.9994953,0.66423297,0.6544932,0.4843657,0.8974407077355552,0.41461414224827775,1.3653941349964962,0.8809935676807465,,
1983-02-05,932.2404683952,2442.0767304953583,52.17005939136277,1.6588509,0.6445192,-0.8174839,0.421927,-0.13333377993912793,0.3534843244179722,0.2853521503372794,0.8198752207576188,,
1983-02-06,542.2898283952,1436.737230495358,52.51696997768326,1.8659842,0.632675,-0.8955835,0.39347765,-0.13886314428642338,0.3341489284221494,0.2795585012753697,0.8005398895707714,,
1983-02-07,300.4349383952,1397.077730495358,52.74826613453338,2.172925,0.68088114,-0.09579897,0.33563262,0.30573202196272964,0.3013718882857589,0.7454037966986854,0.7677577499857251,,
1983-02-08,178.9092183952,1212.200430495358,52.99192957096916,1.8152399,0.67311364,0.16577685,0.3215253,0.3779126402654386,0.29324343624425203,0.8210344018191635,0.7596284913663509,,
1983-02-09,170.99357839520002,1048.767430495358,53.17138631981263,1.4377255,0.69585013,-0.07201105,0.26077998,0.1396330811212541,0.24452265734748188,0.5713658942658125,0.7109103977359943,,
1983-02-10,164.7427983952,917.154830495358,53.302313120354775,1.3488629,0.70662594,-0.23653173,0.22946288,0.004879596358559541,0.22229816330444904,0.43017165356320497,0.6886874510201898,,
1983-02-11,153.1757333952,863.3849304953579,53.40363603611108,1.3676553,0.70552826,-0.2985928,0.22963458,-0.04752193403405703,0.2221251731570997,0.3752655091434919,0.6885150681878668,,
1983-02-12,183.4801883952,827.218380495358,53.4441231057944,1.5808792,0.67123157,-0.3274982,0.22281459,0.018944804647770937,0.21932965571094667,0.44490913072913135,0.6857187809503857,,
1983-02-13,251.2425483952,773.233430495358,53.498748654490136,1.8586279,0.6495046,-0.7423105,0.2684562,-0.10445623048369787,0.25773324108930523,0.31560994794371444,0.7241237995268752,,
1983-02-14,258.0554283952,688.971830495358,53.528782690999776,2.3847766,0.6305203,-1.2065579,0.33591184,-0.22795525373058673,0.2987307159719177,0.18620809354591605,0.7651227261769795,,
1983-02-15,200.4471483952,663.3260304953579,53.5955384372179,2.8491035,0.6368356,-1.1083007,0.38319522,-0.18994573619627578,0.32929548312280127,0.2260343360893313,0.7956870446571758,,
1983-02-16,180.13873839520002,648.306230495358,53.68458044056427,2.9026008,0.6554618,-0.90696883,0.409657,-0.078608365302904,0.3508348939534309,0.3426932527236433,0.817225150748523,,
1983-02-17,179.59924839520002,623.679230495358,53.76657152441285,3.2895217,0.67854905,-0.7285696,0.4444299,0.16980646591381063,0.3769416300920838,0.6029814637088972,0.8433290268550547,,
1983-02-18,183.1100183952,639.097630495358,53.878784055700265,3.2588444,0.7091249,-0.3603549,0.5160181,0.4456600362475392,0.4310687664785206,0.8920198917463207,0.8974530699810059,,
1983-02-19,177.76480839520002,651.767930495358,54.00716577511108,3.052193,0.74087745,-0.13883173,0.47008765,0.5449892417361047,0.4020277631523612,0.9960966937173368,0.8684109741402388,,
1983-02-20,178.26783839520002,622.918570495358,54.13756625889721,3.4185023,0.7808606,0.008182585,0.48367745,0.7669951693368531,0.41425378189795653,1.228713745768102,0.8806345918430143,,
1983-02-21,119.58642839520002,705.851330495358,54.287045254500185,4.0706224,0.8297141,0.96936035,0.5556886,1.4186599543196767,0.4901508537564781,1.9115258798684767,0.9565249413022732,,
1983-02-22,105.6862783952,842.648830495358,54.48320594138825,4.0450616,0.8350791,1.903879,0.5865562,2.142501039964487,0.5294317347243768,2.6699640950801395,0.9957989245624148,,
1983-02-23,149.5853783952,944.895230495358,54.71235864452447,3.7306566,0.80720997,2.2031994,0.64350796,2.411960754280651,0.5664062924861724,2.9523030626386624,1.0327710675901134,,
1983-02-24,164.4273083952,937.753030495358,54.91540305002405,3.6381416,0.79849106,2.283855,0.54962003,2.4858924176978765,0.4825596380086572,3.029768406844483,0.9489237650976116,,
1983-02-25,151.7017283952,862.920930495358,55.08479846588982,3.271309,0.77837366,2.2075152,0.6304885,2.36656879065293,0.548704610735599,2.9047415183142014,1.0150697867994012,,
1983-02-26,192.4421583952,712.892390495358,55.22007317023968,2.342269,0.7606768,1.2355183,0.6297559,1.4707744368963307,0.5215875243211353,1.966131256567848,0.9879610952370363,,
1983-02-27,211.4212083952,616.595230495358,55.33019595464309,3.707909,0.83029115,0.77054846,0.5344105,1.5205581338726595,0.45090424719033073,2.0182944440825903,0.9172773274825894,,
1983-02-28,130.26264839520002,726.381770495358,55.454929329598535,5.1503105,0.9380603,2.5263758,0.69236267,2.925375264017101,0.6041614280956262,3.4902570309208105,1.0705218321065344,,
1983-03-01,133.8757523952,710.621230495358,55.532736129699856,5.267622,0.9999096,3.7323546,0.8898463,3.9757362943976298,0.7653757391295772,4.590821728073966,1.2317281397832847,,
1983-03-02,291.1583483952,696.685230495358,55.69758494604932,5.1356287,0.9822752,4.3732305,0.9934308,4.597940743408244,0.7580873809378568,5.242765422847779,1.2244356356930455,,
1983-03-03,347.5731283952,674.669730495358,55.87552340050809,4.8409953,0.9542561,4.9851403,1.0241432,4.936129531053223,0.7497636297676245,5.597118478501651,1.2161098168141309,,
1983-03-04,342.1073983952,606.867030495358,56.023564890417376,5.393425,1.0306909,5.602536,2.182605,5.527151142500952,1.4443816799747176,6.216388902670272,1.910724567518134,,
1983-03-05,285.7452483952,655.402090495358,56.227210180178965,5.70979,1.0466375,5.815841,1.1437446,5.783642668587359,0.8575390491394398,6.485139846931189,1.3238806290718952,,
1983-03-06,258.2616783952,637.971670495358,56.44599342412374,6.048256,1.1156706,6.2750773,1.0353787,6.20971570322749,0.8040885818697217,6.93157771616931,1.2704281559604178,,
1983-03-07,308.0477083952,648.390370495358,56.83631543697547,6.241401,1.2021104,6.727807,1.4423379,6.571146399006758,1.0516564935141963,7.310283563717802,1.5179945288491097,,
1983-03-08,270.1905083952,631.4098304953579,57.32450150440046,4.1374583,0.8548526,6.482054,1.3194692,5.779428543053174,0.9589063460708532,6.480724300601738,1.425247946879254,,
1983-03-09,166.36409839520002,1058.317230495358,58.00876919169713,4.780447,0.885124,4.8949685,0.7956769,4.879411591953011,0.6980236538373796,5.537689615793025,1.164370178532175,,
1983-03-10,396.3559283952,1131.175730495358,58.671898514167374,4.7470946,1.0102687,4.6939273,1.0319952,4.707722872276389,0.8079274855448662,5.357794762204389,1.2742750547462427,,
1983-03-11,430.6932683952,1397.804830495358,59.39258652926709,3.847714,0.8216454,4.2666836,0.6554478,4.16799744918803,0.5371378848040239,4.792272308851468,1.0034889571080219,,
1983-03-12,264.4263783952,1612.737130495358,60.10303560418953,3.5448284,0.82424897,3.7249722,0.7443954,3.6995963119017596,0.6499904486702432,4.301483198352101,1.1163448311603645,,
1983-03-13,216.9431774072,1461.659930495358,60.699138248334016,4.1703663,0.85756075,3.5002728,0.5950756,3.5868758437817347,0.5298882225728067,4.183375077171584,0.9962434391131025,,
1983-03-14,181.7674274072,1426.377530495358,61.24647120110315,5.4316015,1.0408859,4.111997,0.73122245,4.261151030125208,0.6591574054925183,4.889878312527856,1.1255078493930588,,
1983-03-15,72.7359074072,1468.208230495358,61.76627897458006,5.716672,1.0669272,4.936646,0.7608143,4.973464902697748,0.7266494934883477,5.636238353286202,1.1929954602811759,,
1983-03-16,41.1049297072,1334.928130495358,62.19682092581023,5.928363,1.0830265,5.34746,0.63416314,5.364812558705629,0.6160694374732087,6.04629108949622,1.082413191510696,,
1983-03-17,38.7789474072,1281.3037304953582,62.7837944101163,5.899422,1.0602156,5.5741487,0.6439221,5.583703938629832,0.6257816606393958,6.27564472913805,1.0921242534069426,,
1983-03-18,38.7789474072,1385.130630495358,63.4242499280757,5.06586,1.0060235,5.2760777,0.74850684,5.270352642984828,0.728637205125013,5.947316312699034,1.1949814772204919,,
1983-03-19,1136.2827474071998,834.0439304953579,64.67500394836301,6.823909,1.2033676,12.580764,5.5362535,9.260799111654817,2.4441035916847733,10.128492481912591,2.910434869075076,,
1983-03-20,1010.8800874072,1743.688230495358,66.16280431361784,5.573251,0.99342453,7.848974,1.2210454,7.01382212348459,0.8546058395657129,7.774117674614411,1.3209421938117,,
1983-03-21,1173.8342474072,2557.072330495358,67.89345446594609,4.933515,0.8911548,6.288318,0.8880844,5.862064047948423,0.6701442080224393,6.567309500155638,1.136485403176688,,
1983-03-22,855.8971474072,4583.600430495359,70.1595478918212,3.822276,0.72316915,5.5052857,0.716644,5.240466587757839,0.614508286342198,5.916001806192564,1.0808527244704806,,
1983-03-23,694.7025474072,3240.534930495358,71.77166158480341,2.9148374,0.6680099,3.518548,0.63676333,3.4119726577438754,0.5374502351153176,4.000112116717746,1.0038067745781638,,
1983-03-24,375.5162174072,2414.958130495358,73.08031103270866,3.3372035,0.7824376,2.8305693,0.676212,2.898747414770584,0.5946105377408724,3.462356461503059,1.0609711610437653,,
1983-03-25,197.4998074072,1877.120230495358,74.15907187763996,3.6205282,0.82010543,2.553968,0.7493224,2.6555024234984224,0.6824687208280616,3.207485191139494,1.1488313848943255,,
1983-03-26,193.9280074072,1509.324830495358,74.74180154030815,3.9296012,0.8367928,2.7929897,0.85370386,2.9224014018722144,0.7624792448848297,3.487141028331038,1.228839673346572,,
1983-03-27,290.2255574072,1393.106630495358,75.21449305808386,3.5303364,0.8408897,2.534768,0.6681365,2.7064153645274427,0.5716326983109049,3.2608315967125194,1.0379949296316573,,
1983-03-28,833.0244874072,2298.777796495358,76.09046512187095,3.936193,0.84142417,3.628199,0.7353396,3.710122040747261,0.5843098226199165,4.312512021056014,1.0506641279690085,,
1983-03-29,613.2046474072,1953.251730495358,76.87117129524589,3.4758582,0.8175887,3.5766306,0.66346884,3.5525529992935305,0.5414155282290801,4.147411718043617,1.0077710016195194,,
1983-03-30,441.8720874072,1469.587930495358,77.4008770169924,3.6827965,0.8297605,3.0549798,0.65396696,3.200112141388142,0.5381361427901296,3.778125391889154,1.004494331564067,,
1983-03-31,344.9926974072,1419.8563304953582,77.78316488484283,4.310948,0.8657014,3.2005434,0.6720899,3.417605279544078,0.5665729507317016,4.006013958585845,1.0329294470456782,,
1983-04-01,275.5886474072,1330.7993304953582,78.00887774834685,5.252988,0.97690535,4.340113,0.66619974,4.496724085704748,0.5767934412755569,5.136710954897892,1.0431423403082127,,
1983-04-02,261.4933374072,1109.302730495358,78.18569325879366,5.5909624,1.0582677,5.4757953,0.69041413,5.4977645763037515,0.5940632803418646,6.185597759061796,1.060406322504032,,
1983-04-03,503.2746474072,1448.124730495358,78.54543755942294,5.216503,1.0965917,5.925552,0.74951905,5.742685040648699,0.623986899548131,6.442224584383709,1.0903286832371764,,
1983-04-04,528.5332774072,1508.765565595358,78.93769547772894,5.1855717,0.95028186,6.5493026,0.8488257,6.195511984861104,0.6752298795232733,6.916695108617994,1.1415695171360105,,
1983-04-05,435.0916474072,1255.755930495358,79.28210012052634,5.7321057,1.0054997,7.314255,0.8646598,6.9071339548339585,0.6923290504849194,7.662330176197539,1.1586657893868617,,
1983-04-06,368.3966874072,1140.0457304953582,79.58097438254129,5.8522243,1.0558635,7.746028,0.86197025,7.283517105309751,0.7006364334624767,8.056703154664639,1.1669718733937802,,
1983-04-07,334.9293074072,1066.202768495358,80.15484934390174,5.957057,1.0965961,7.833248,0.8680254,7.384759798441591,0.7106437775478305,8.162784902447347,1.1769788957246223,,
1983-04-08,383.8020474072,1569.783330495358,81.04756279698321,6.5574875,1.0825404,8.317967,0.8735653,7.972102929961273,0.7334555861306825,8.778201027921614,1.1997890689878266,,
1983-04-09,518.2857474072,1178.690330495358,81.83825926991838,6.89099,1.1927022,9.945365,0.9558129,9.012506122007057,0.7572617876577074,9.868331936106793,1.2235933422429228,,
1983-04-10,806.1681074072,1885.7630304953584,82.96382199154738,6.0832634,1.1263673,8.638213,0.9191539,7.873067651555598,0.7268964198836079,8.674432201743313,1.1932301508254977,,
1983-04-11,844.3731474072,5501.220110495358,84.99559568496323,6.059722,0.83462393,8.7055435,0.8710871,8.353478613040146,0.7632989787592495,9.177805164984104,1.229631611043318,,
1983-04-12,725.4997074072,3671.310930495358,86.5095907994867,5.892578,0.76950794,7.5936165,0.8374919,7.312935115726811,0.7107347259085317,8.087527245419198,1.177070071139544,,
1983-04-13,409.4082774072,2941.242330495358,87.79457180742709,6.2685633,0.91579384,7.364928,0.78747547,7.230965516858451,0.7002540269984502,8.001639779923986,1.166589638563371,,
1983-04-14,241.6633574072,2205.440330495358,88.84856389164753,6.180351,0.9695069,7.3757315,0.7775742,7.257681827803057,0.7072951044529568,8.029633039206603,1.1736306283676206,,
1983-04-15,900.1529074072,2250.857530495358,90.00441511902366,6.529065,1.0538183,7.992478,0.87465596,7.574423025992314,0.6935368787304336,8.361513383943686,1.1598714257003617,,
1983-04-16,2777.8856474072,7050.676370495358,94.58411462226188,5.9147606,0.87039244,8.010552,0.85546744,7.4182104139634575,0.661153813984784,8.197834343045951,1.1274888284304097,,
1983-04-17,1427.8985474072,7479.6677904953585,98.04962721632212,5.8535566,0.7993159,7.43737,0.8055634,7.183481783980933,0.6884588037539054,7.951886486929943,1.1547945731172362,,
1983-04-18,1878.8101353863976,6431.280570495358,100.0,5.077135,0.75857854,7.0042357,0.8043026,6.5685417939421145,0.6456547082789561,7.307554467434465,1.1119927541682586,,
1983-04-19,3000.7211301109483,5398.791450495359,100.0,4.1089973,0.72288734,7.322531,1.0037866,6.17449805845776,0.6949507143315728,6.894676788365085,1.161290446346255,,
1983-04-20,2564.1961861919017,4960.634130495359,100.0,3.9447803,0.55529094,6.1425376,0.88790977,5.393619610797421,0.6151668314951595,6.0764750202060185,1.081510429573217,,
1983-04-21,2170.526867890288,4281.331680495358,100.0,4.132169,0.5512049,6.4309325,0.900311,5.657585051599842,0.6255463933249952,6.353057106758076,1.0918886065051883,,
1983-04-22,1976.8093346696576,3439.420080495358,100.0,4.383955,0.55039495,8.297073,1.0921857,6.868867815051625,0.7220669378281499,7.622235045739865,1.1884038178677674,,
1983-04-23,2025.852444582913,4616.905735482796,100.0,4.5029755,0.5784699,8.429299,1.0052005,7.2318821617912965,0.7205725848208565,8.002600237351228,1.1869081933649455,,
1983-04-24,3135.9268145829133,7545.151674009972,100.0,4.580221,0.6192385,7.56232,0.88085586,6.686786511315818,0.6482559259427693,7.4314508780992865,1.114593500500007,,
1983-04-25,6167.662814582913,9448.25203053339,100.0,4.4893928,0.61662066,8.858467,1.3804785,7.1328571946696,0.8700261972750893,7.89884221530103,1.3363621377148653,,
1983-04-26,3973.499814582912,9060.512323261535,100.0,4.698025,0.5657493,8.752399,1.0695106,7.516398201597839,0.7632069064576228,8.300715171291094,1.2295416238121892,,
1983-04-27,3325.221014582913,8000.171742102678,100.0,4.7478113,0.53909844,9.358121,1.0393485,8.004499132454288,0.7510562559282782,8.812145658152918,1.2173896600674812,,
1983-04-28,3044.1705145829133,7166.052104420399,100.0,4.942962,0.5844013,11.17388,1.1863316,9.316136075662147,0.8506633108199836,10.186474363639523,1.3169945360407969,,
1983-04-29,2549.238814582913,6126.767352103158,100.0,5.701944,0.64206195,11.4531975,1.129339,9.76332789635299,0.8195193353061679,10.655040424710622,1.28585026745098,,
1983-04-30,2869.8497145829133,5153.148885579259,100.0,6.906354,0.7180703,12.641636,1.50253,10.590109019213282,0.9986672577559662,11.521338859033753,1.4649982504225623,,
1983-05-01,2121.218114582913,4486.246638340682,100.0,8.224227,1.0371329,11.946661,1.2595576,10.751634639764484,0.9177260702241934,11.69058485209959,1.3840571660093512,,
1983-05-02,2859.9376145829133,3469.6743945312305,100.0,9.519987,1.1102781,12.619299,1.753475,11.21892266144462,1.0842321414193277,12.180207643871844,1.5505637035649118,,
1983-05-03,1910.4813145829128,3382.7441904041984,100.0,10.183233,1.7333121,12.59524,1.4952958,11.724675346902409,1.1421689693302794,12.710133578865447,1.6085013176603664,,
1983-05-04,2390.858022037792,3750.1984419084215,100.0,9.57108,2.1130989,12.037022,1.5354735,11.076972517997161,1.247413319392702,12.031472768799889,1.7137447134591384,,
1983-05-05,1652.905522037792,2986.799041908422,100.0,8.114003,1.9765613,10.4544525,1.326325,9.620662006316886,1.106724871496758,10.50555559280974,1.5730558722945043,,
1983-05-06,1279.332348268944,2548.280330856363,100.0,7.7123184,1.7956876,10.24338,1.216313,9.397403600845026,1.0079483636825783,10.271626198727006,1.4742795186364221,,
1983-05-07,1012.8349566896654,2259.09414068642,100.0,8.666689,1.826791,10.6522255,1.2500477,10.037597001096186,1.0318452731416174,10.94241865511851,1.498176138700993,,
1983-05-08,944.4431329746504,2076.540098305812,100.0,8.585073,2.5618951,11.051371,1.2166924,10.280337738865972,1.1579741840072575,11.19676157038599,1.624305062407228,,
1983-05-09,1063.8616936834503,2342.134643860194,100.0,8.3721485,2.8368928,9.537129,1.0886642,9.17324805345066,1.1600042854947383,10.036756782404595,1.626335652579015,,
1983-05-10,777.7936765114048,1847.674935719512,100.0,8.400286,2.4669347,8.872995,1.0592378,8.732955393109476,1.0439297419843812,9.575419637964268,1.5102616930478436,,
1983-05-11,669.2196111880614,1538.9134177701003,100.0,9.530732,2.1679723,8.855668,1.0644971,9.06025996518064,0.9910083814144863,9.918368249745726,1.457339877210504,,
1983-05-12,557.8408689158582,1304.510391622237,100.0,10.0379305,1.8616605,9.435062,1.0942947,9.615642979251774,0.9478922431745829,10.500296673407602,1.414223246811463,,
1983-05-13,496.5551840146126,1165.319378220839,100.0,10.401809,1.7449718,11.313149,1.1815954,11.040847940425232,0.9789413994050323,11.993621559905712,1.4452727543762585,,
1983-05-14,330.6307272873254,860.8502399451896,100.0,11.457646,1.7895607,13.115165,1.1800901,12.655210695564667,0.9866955646484239,13.6851453363178,1.45303012381197,,
1983-05-15,370.5866640864909,921.92179859977,100.0,11.661999,2.087803,14.345087,1.1331679,13.575794801306014,1.00579964728652,14.649730215454245,1.4721373681803387,,
1983-05-16,475.759764948245,1433.957231868521,100.0,10.6695,1.9783674,13.25437,1.0155377,12.610412095414064,0.9079549640756017,13.638205516216352,1.3742893941113516,,
1983-05-17,363.0980796454599,1269.934377245193,100.0,10.255478,1.8616053,11.59754,0.90172017,11.299137912462715,0.8142778800013593,12.264256909686486,1.2806095473191816,,
1983-05-18,264.232658207825,931.4264149835932,100.0,10.637126,1.8228403,11.603319,0.8964132,11.38979693329999,0.8061736413870136,12.359249121817424,1.2725054364294266,,
1983-05-19,230.632709161828,802.239935847045,100.0,11.262898,1.9043016,12.164889,0.9774942,11.963481539887871,0.8701922848405641,12.960353891557482,1.3365251060751753,,
1983-05-20,355.85520976809624,908.2881261187132,100.0,12.271891,1.9077127,13.65919,1.0938147,13.268666608342679,0.9518610535406556,14.32792234473247,1.4181976118622097,,
1983-05-21,351.60276932809825,878.1078226318806,100.0,13.423017,1.947861,15.086559,1.1481392,14.610913854572456,0.9911359110824662,15.734324421089353,1.4574783447469082,,
1983-05-22,368.6878008771237,783.0526237935812,100.0,13.275248,2.0653932,15.952148,1.1262907,15.095236001812566,1.011684641445779,16.241795511395104,1.4780297009937753,,
1983-05-23,673.1364194109144,1438.8352008932266,100.0,14.282132,1.9999675,16.143963,1.1790487,15.550552396373606,1.0254509096745277,16.71887447319493,1.49179868249437,,
1983-05-24,553.6798514207039,1308.7312441092638,100.0,13.613578,2.237224,16.511045,1.1020998,15.649651620041858,1.0208571049813686,16.822710301000775,1.487205499760079,,
1983-05-25,344.7550142996459,869.7345229141404,100.0,12.947484,2.6969066,16.244345,1.0763549,15.308470649665724,1.0863896495979923,16.465222046509464,1.55273595031255,,
1983-05-26,326.76397791700657,930.3898377642142,100.0,12.374017,2.7046556,16.002533,1.064476,15.059395872857507,1.055856608722432,16.204242346789343,1.522201464761901,,
1983-05-27,368.43579054318445,1917.461230096428,100.0,12.339238,2.8843026,14.506329,0.98046523,14.157041776152681,0.9447325074930929,15.258758808805197,1.411072723871119,,
1983-05-28,439.877792659947,1503.3612132685116,100.0,11.971157,2.8910527,13.712286,0.96211296,13.31815848754788,0.9911090212306494,14.379779766584154,1.4574457596019788,,
1983-05-29,475.0171441950633,1450.206147985585,100.0,12.041528,2.6479254,12.658932,0.9829683,12.506597466059794,0.9874663045372353,13.529428902451507,1.4538004441600183,,
1983-05-30,721.5600648857943,2128.3658714893604,100.0,13.474368,2.1991074,13.424841,1.1100013,13.437380490449938,0.998593754086943,14.5047001736849,1.4649309376866466,,
1983-05-31,635.1163404630349,2085.876670912023,100.0,13.627427,1.9935483,14.801667,1.1040299,14.527583788809984,0.9658186302025913,15.647011463033014,1.4321606391202026,,
1983-06-01,529.4787639638632,1716.360168608625,100.0,13.932067,2.2381387,14.858894,1.067018,14.640385605014844,0.9712879794945933,15.765204820458747,1.4376305652824042,1.8205582843897357,4858.179441715611
1983-06-02,448.5137778354999,1391.6979365698762,100.0,13.636123,2.7164917,14.754026,1.0423965,14.48156036351991,1.0294814493708804,15.598788275337283,1.495823227104024,1.914910316585153,4856.264531399025
1983-06-03,473.48121081472635,1276.6451662905122,100.0,13.535862,2.9530976,15.215963,1.0994071,14.761426792438392,1.1320139701250564,15.892031362882541,1.5983571911052383,1.97653878036497,4854.287992618661
1983-06-04,1065.744066259302,1877.417899017812,100.0,13.872666,2.6954803,17.183523,1.3799535,15.984633667134089,1.314361014598256,17.17370334486517,1.780711594913815,1.9515982391987803,4852.336394379462
1983-06-05,831.2149217164712,1426.1377302077583,100.0,14.312415,2.8150644,16.791256,1.3279588,15.878483423786733,1.3335541588421402,17.062479482742265,1.7999040327075582,1.8961341893763461,4850.440260190086
1983-06-06,771.052505322258,1118.53327093535,100.0,14.135607,2.8020828,17.482529,1.3589184,16.1168047460926,1.398010873446502,17.31219174959367,1.8643623513975953,1.9735416351731678,4848.466718554912
1983-06-07,1173.3749223929267,1664.011507015462,100.0,14.318148,2.8491266,18.359539,1.4905081,16.688258997959224,1.4670772050170782,17.91095956128088,1.9334327938997855,1.9744420662922828,4846.4922764886205
1983-06-08,851.3656230528737,1013.05841992122,100.0,13.618986,2.9415402,17.71817,1.4391133,15.846329699150854,1.5542504197069191,17.0287889199808,2.0206000821260313,2.173259095100254,4844.31901739352
1983-06-09,755.5151310154329,795.3648089931751,100.0,13.06614,3.0425396,18.044447,1.5064086,15.61925206402122,1.6714383077114654,16.790857750118032,2.137786510504614,2.3530363573588295,4841.965981036161
1983-06-10,567.6036909898494,722.909590495358,100.0,13.027811,3.2161934,17.733732,1.423834,15.663936998867781,1.62393526271588,16.83767847210245,2.090283748077588,2.4203224104687138,4839.545658625692
1983-06-11,484.0978651277711,716.707630495358,100.0,13.0099325,3.5105124,19.561623,1.3830134,16.920346240785516,1.6383821143684438,18.154139780963717,2.1047394794782623,2.4903553141131334,4837.055303311579
1983-06-12,413.9194979813227,650.9396804953581,99.97463410898632,12.374014,3.7958367,22.533924,1.3977277,18.584683662959012,1.70500814712135,19.89802684266424,2.171380054556361,2.7183479813227236,4834.336955330256
1983-06-13,395.93263505743187,608.3844304953581,100.0,11.122756,3.5532346,25.552092,1.4974706,19.863604307113327,1.6688601514244334,21.238075521837615,2.135245385713327,3.1175978801120854,4831.219357450144
1983-06-14,389.6093318121301,571.637680495358,100.0,9.683414,2.361261,27.591972,1.6042408,20.333337281601658,1.3513347736236276,21.730260126804644,1.8177253723087077,3.589719049972782,4827.629638400172
1983-06-15,345.2757903803663,655.791370495358,100.0,9.134444,1.7260829,27.610397,1.5869873,21.237898509935786,1.198017138895748,22.67805628976527,1.6644187784116449,3.848439402617554,4823.781198997554
1983-06-16,1129.5588165558188,733.175880495358,99.2718080980951,9.488866,3.0982678,36.67031,3.109996,20.18753377958944,2.2423759465227335,21.57748771580058,2.7087648531172546,3.922002358218847,4819.859196639335
1983-06-17,171.92121232867547,1261.380240495358,99.68101508958942,9.175537,2.1061015,20.57002,1.4311545,19.20327858193213,1.2845758106958614,20.546188484203327,1.7509539306013395,4.17257232867548,4815.68662431066
1983-06-18,560.2229082241322,926.723987495358,99.63096774759671,8.928949,1.9082955,25.74519,1.6390234,19.409493967487467,1.2491553491197755,20.76226026027618,1.7155356372634532,4.419434520532138,4811.267189790127
1983-06-19,492.9459436062325,1125.658824495358,99.74468754461728,9.053591,2.2534482,23.182003,1.4451326,18.879196280606514,1.2169843317742093,20.206616156694274,1.683359142392871,4.584289902632519,4806.682899887494
1983-06-20,685.2808872054284,626.117860495358,99.69152221235883,9.546532,2.7942705,29.997437,2.0416965,19.310668489135953,1.7556501173076335,20.65871126187746,2.22202936028978,4.634453501828341,4802.0484463856665
1983-06-21,659.2806618959828,671.291330495358,99.567507276804,9.424967,2.5630999,30.041443,1.991882,19.826254170416377,1.6194875926374286,21.198940176281607,2.085872411211605,4.882688192382881,4797.165758193283
1983-06-22,611.8844355233049,663.369630495358,99.39555948680972,9.027554,1.890619,30.011543,1.9748962,19.943136480111054,1.3705056600920473,21.3214090608375,1.8368917849047786,5.2472018197048635,4791.918556373578
1983-06-23,570.4676824948122,491.90929049535794,99.17993702925764,8.880874,1.4544774,31.258812,2.1378922,19.242464732339382,1.2609085443564647,20.587247598648894,1.7272870725401697,5.578158791212225,4786.340397582366
1983-06-24,542.4257204420528,454.488150495358,98.91668091663904,8.571066,1.2151417,31.713524,2.2111046,19.121599127001637,1.2055150787511928,20.460605030534406,1.6718923532872891,5.996276738452841,4780.344120843913
1983-06-25,283.6286809759638,432.39249288950447,98.55115195556868,8.079063,1.0711613,26.372383,1.5740954,19.12607486986015,1.0409686063504064,20.465294698601994,1.5073459270121767,6.528028981347237,4773.816091862565
1983-06-26,340.3830372537207,404.24221003742406,98.30376715840156,7.8954554,1.079302,26.547411,1.6684219,18.021230416434097,1.0314081921381362,19.307642457024006,1.497774821677382,7.016790088284809,4766.79930177428
1983-06-27,327.5812024220321,424.6234214944869,98.07147618899886,8.167824,0.96231186,27.470877,1.6500819,19.064497526309502,1.0214128372228042,20.400774168521245,1.4877895252970572,7.365576552517033,4759.433725221763
1983-06-28,204.7995443531487,623.4541804953581,98.20347445929548,7.925438,0.9013272,22.791489,1.2419544,19.11560971991652,0.9610590049968779,20.454329350264384,1.4274362178437627,7.9929996615486765,4751.440725560215
1983-06-29,435.63315031662694,1648.8600304953582,98.43206153087748,9.229445,2.0912051,18.754868,1.0930928,16.76417280158436,0.9688240150588807,17.99050178522094,1.435180178151629,7.955655625026964,4743.485069935187
1983-06-30,597.7252584080015,716.092830495358,98.36291704149976,9.083108,1.8175259,26.66648,1.5932782,18.66687462931599,1.1991178599576309,19.984146256257322,1.6654905676199294,8.602834704401499,4734.882235230786
1983-07-01,569.822260531102,569.8950104953581,98.11254239002636,8.925647,1.4963795,29.57735,1.8595837,19.252157814722406,1.1934570364301649,20.59740397723568,1.6598356658764053,9.366636827502004,4725.5155984032845
1983-07-02,284.3569074584766,563.1167304953581,97.80297982708387,8.679271,1.1738843,26.835522,1.5716559,20.743467454644595,1.1161206533281003,22.15999312015917,1.582516142031738,10.274332766876544,4715.241265636408
1983-07-03,298.36709585571504,520.986350495358,97.60888435786916,8.529881,0.98924124,30.5289,1.7801994,22.51796954533802,1.1878791005329055,24.019310344955798,1.654297962785815,51.34507616411502,4663.8961894722925
1983-07-04,250.2701559041991,455.296710495358,97.4048854022147,8.411084,0.9503816,31.818478,1.894339,23.51568977534934,1.2680331887110663,25.06471819142567,1.7344667737572181,17.2460152125991,4646.650174259694
1983-07-05,361.22899299055115,530.5783746433699,97.07546921102345,8.004611,0.96053165,32.08222,2.1170785,22.3295180896062,1.3182711349909997,23.82185155382907,1.784687344134561,20.085230798037554,4626.564943461656
1983-07-06,373.8420042234346,555.9713379410567,96.70731294787782,7.829827,0.8936773,29.657316,1.6793352,20.881326441467166,1.0664904733762324,22.30444129530449,1.5328876489707128,23.67323807709088,4602.891705384565
1983-07-07,365.9533745651595,527.8517514158782,96.32998835304171,7.8973336,0.95038927,27.756443,1.563816,19.625466941579784,1.0021663727269277,20.98855600426343,1.4685489838333585,28.02105530884341,4574.870650075722
1983-07-08,503.3151393554013,668.9642166522474,95.8021016629694,8.165315,1.0008391,29.1367,1.7001113,20.132689232473147,1.0610768337950178,21.520021786808833,1.5274651101941452,33.33074688704817,4541.539903188674
1983-07-09,484.6384407677873,627.3723972315076,95.29435772490878,7.9032307,0.9605977,29.310898,1.8189837,19.980972183994492,1.1083400020675558,21.361053182031682,1.5747265530663486,41.794512267842805,4499.745390920831
1983-07-10,556.7816797153386,683.9320097894195,94.77811381166396,7.7909274,0.95988566,28.36327,1.7900797,19.131241940257006,1.076688035841546,20.470708737301074,1.543065409782092,53.7668385069279,4445.978552413902
1983-07-11,516.0373164103227,583.8413597817305,94.3182356164532,7.89526,0.9866398,27.527256,1.9275393,18.316383185000173,1.1230260768206592,19.616902518998273,1.5893954257946554,70.69248452952748,4375.286067884375
1983-07-12,542.8902179538753,602.0911875378603,93.77004261069008,8.298166,0.96461964,30.234793,2.2602272,19.83359331084207,1.2735110532787814,21.20663010253205,1.7398959534131855,93.6921592331157,4281.59390865126
1983-07-13,581.2984723015859,611.4831551872692,93.2205282759225,8.282511,0.9198523,32.939312,2.5703886,20.92289543613118,1.3918839804290455,22.347997145816944,1.858281668940013,126.3422651764988,4155.251643474761
1983-07-14,623.4291274092142,621.7262596692345,92.65077059882816,8.250803,0.9144199,33.212963,2.7224422,20.714813991762053,1.4343888126114943,22.129970119697806,1.900783953428759,157.5368340057734,3997.714809468988
1983-07-15,611.8154641841546,614.6598859283818,92.08486135491836,8.2577505,0.8791137,32.400295,2.8793564,20.35701838351665,1.5081821385955443,21.755073104441372,1.9745730144009086,152.7525638092514,3844.9622456597363
1983-07-16,551.1657759994068,614.6037268557008,91.53354164677812,8.175766,0.9225536,30.179993,2.7426786,19.776583900577233,1.5103179361762835,21.146895837333474,1.9767022043811593,108.08272522261245,3736.8795204371236
1983-07-17,528.6883380299955,628.1765216043277,90.95074689148132,8.209759,0.8424123,29.291065,2.4851763,19.656888171348957,1.403290053885388,21.02147906140747,1.8696730073964578,69.53770556245587,3667.3418148746678
1983-07-18,530.4091154166204,643.4864192963835,90.34595306043856,8.174349,0.8385811,29.116076,2.5466685,19.6538342876337,1.4464974837211855,21.0182792124898,1.912880403903829,48.23704210079905,3619.1047727738687
1983-07-19,509.73500441618734,601.2498079562115,89.7819544420071,8.000843,0.7899917,29.442541,2.477262,19.604797220901432,1.3887932560528085,20.966898341592557,1.8551756425319124,36.32456588103414,3582.7802068928345
1983-07-20,460.4463808935674,553.7889171286765,89.26848674263594,7.97375,0.77453226,28.792345,2.3245826,19.341040492051075,1.3170651401399875,20.69053494271043,1.7834447031426712,28.576018799932452,3554.204188092902
1983-07-21,469.46466654842186,559.5334702384155,88.6826006594935,7.9989233,0.7636355,29.257275,2.2215776,19.558476874962366,1.2572529908361094,20.918364041455785,1.7236348757047741,23.28747622221396,3530.916711870688
1983-07-22,397.5864979685107,489.5633703724794,88.18607772428527,7.957559,0.7383055,28.429743,1.9845774,19.254896357897415,1.1440587279139336,20.600273413413213,1.6104373859888887,19.63287638034704,3511.2838354903406
1983-07-23,326.887234339996,391.6401769009793,87.7179577019293,8.027582,0.7676569,28.039713,1.9473962,18.935383735379762,1.1174240493327872,20.265489179738477,1.5837994250900769,16.808083478092907,3494.4757520122475
1983-07-24,349.85459745397077,403.5898829551925,87.17465959978861,7.7946157,0.69354826,29.170525,2.259715,19.244829763706193,1.2525463905331633,20.58972567043058,1.7189249434141751,14.872991849622235,3479.602760162625
1983-07-25,308.8029650378259,390.042964599058,86.68774543412053,8.090743,0.75361955,29.300283,2.120232,19.92830503919967,1.2293160831621006,21.3058687277493,1.6957020413582027,12.931997037500219,3466.6707631251247
1983-07-26,320.1380003500077,419.00963889757935,86.13115593791784,8.229229,0.75953555,30.583317,2.1285377,20.90136343206853,1.250670377988204,22.325435985563573,1.7170678005708742,11.473989223665962,3455.196773901459
1983-07-27,341.1601530947591,438.5731153726041,85.5694341787202,8.241799,0.74642265,31.455547,2.1544433,21.298733285677883,1.2550369747317058,22.741798759834563,1.7214393903528373,10.376096294651916,3444.8206776068073
1983-07-28,352.48753532998757,447.8995847986481,84.9992996377113,8.262318,0.75884145,32.404808,2.317277,21.772544332018057,1.3391271838653322,23.238256354547758,1.8055357889777293,9.447460609235689,3435.3732169975715
1983-07-29,355.74470454905094,450.8760711683952,84.4171281969381,8.070119,0.70876724,31.445904,2.4297833,21.13645981887061,1.3936812439203425,22.571769176017995,1.860081598732318,8.8103848968948,3426.5628321006766
1983-07-30,354.6703720832248,445.50932107186406,83.87591973122252,8.204145,0.77024233,31.770527,2.3864086,21.325001523858315,1.3718213084243844,22.769322530006537,1.8382240604728821,8.07317008398642,3418.48966201669
1983-07-31,355.53074808899504,440.4804459571778,83.33124249042257,8.041488,0.7260046,32.668392,2.5987878,21.669022020418208,1.4741692923545433,23.129786030326756,1.9405765232219445,7.559462113828833,3410.930199902861
1983-08-01,327.5063748066276,427.22875014277736,82.83226590516858,8.006324,0.6904066,31.25401,2.1930308,21.16601290621365,1.2770362411092198,22.602734799913858,1.7434369689916658,7.08167346723472,3403.8485264356264
1983-08-02,276.582418122514,422.1051847153258,82.43621639626168,8.267731,0.7271893,29.343073,1.8603988,21.00018963587168,1.1602201320528542,22.42898574408804,1.6266187795426803,6.537765785323076,3397.310760650303
1983-08-03,315.30384939799706,465.0585547160766,81.94921482305746,8.408167,0.78170615,30.326109,1.7643957,21.470208825179522,1.0979077030717879,22.92147024396457,1.5643123290788248,6.0869742322119675,3391.223786418091
1983-08-04,348.89511589490365,473.5715074475918,81.41451494241936,8.347144,0.7513164,31.437672,2.0592384,21.642535844827506,1.227785177225068,23.10203390608128,1.6941920584602799,5.761925073546233,3385.461861344545
1983-08-05,355.7127233812851,457.2944498466221,80.87265650805574,8.27131,0.7500982,31.169228,2.1171832,21.150766570554268,1.2352532068178481,22.58675974152695,1.7016537421098397,5.489257470168707,3379.972603874376
1983-08-06,325.5680449740914,447.1364603566408,80.36498373660862,8.374479,0.7873453,30.797737,2.0058312,21.3500165989629,1.2071786107009645,22.795533240191364,1.6735816838604023,5.171177454479338,3374.801426419897
1983-08-07,340.8065804719207,459.9211569029257,79.82223930516287,8.375655,0.7983044,31.534172,2.0833902,21.677419781905222,1.2439579799917415,23.138585176106538,1.7103653218816972,4.910591053055623,3369.890835366841
1983-08-08,363.1459031632937,471.4508496573229,79.25329025830138,8.577797,0.8511674,32.58504,2.140899,22.139119329621778,1.2647992997890751,23.622352383962994,1.7312128696374571,4.614224596802843,3365.276610770038
1983-08-09,372.99201891254097,475.42145757653645,78.66900194430958,8.372716,0.79576594,32.89701,2.2070155,22.11527936779187,1.285264779778235,23.597372953450453,1.751678022077948,4.464012054542389,3360.812598715496
1983-08-10,373.6650059896914,475.49619527941104,78.07845462457455,8.440118,0.8190393,29.792032,1.7342768,20.396333036041476,1.0358474884074578,21.79626686296647,1.5022388256954025,4.285341460034308,3356.5272572554613
1983-08-11,276.09046074142555,391.3876774192042,77.65530761833264,8.369155,0.7679543,25.922901,1.4800856,18.662106221874886,0.9241796801007357,19.979149935240518,1.3905523411258136,4.139455618491854,3352.3878016369695
1983-08-12,162.9351943514159,328.47643049535804,77.38702961130372,8.289915,0.7083545,22.599998,1.9700655,17.85526696935727,1.3376400769503842,19.13374652449457,1.804005221115898,3.991984351415895,3348.3958172855537
1983-08-13,140.01463017766636,310.122660495358,77.1041599978294,8.68261,0.7997659,21.767506,1.5133573,17.697465405615926,1.0718958666555154,18.968402585424048,1.5382596277079417,3.746208177666363,3344.6496091078875
1983-08-14,256.4204007049747,400.8165506882582,76.6502151843485,8.667644,0.81162083,24.180695,1.452517,18.128291784387304,0.940714747602815,19.419820992394396,1.4070823520546112,3.6096320638707327,3341.0399770440167
1983-08-15,307.37399552227913,437.08749333602987,76.13703427498696,8.686443,0.83041364,25.629292,1.5194764,18.633911616976405,0.9557305223943053,19.949607724606324,1.4221029081945245,3.4739241530025984,3337.5660528910144
1983-08-16,318.6183958883263,436.520940474441,75.60478477689637,8.753451,0.86306,26.440441,1.6251539,18.977712014219,1.0075561534497812,20.30984060561425,1.4739319573329208,3.3373337448244733,3334.22871914619
1983-08-17,331.25295820538133,443.9623365082479,75.05441352677899,8.86378,0.88470787,27.367247,1.7517388,19.46063269470323,1.0720775246861112,20.81584324384386,1.5384583580487308,3.19989058543825,3331.0288285607517
1983-08-18,300.9317421295601,453.44963915780784,74.56350541518249,8.716882,0.8134177,26.435024,1.709641,19.367045617075064,1.0776559662244285,20.71778302381649,1.5440358040733697,3.1251061536816436,3327.90372240707
1983-08-19,311.8229888702871,468.7076041609331,74.08229623105548,9.209373,0.91325694,27.370668,1.9908336,20.115207421495377,1.2499268286075733,21.501704405024906,1.7163149048534638,2.9264549108029896,3324.977267496267
1983-08-20,326.7035646486872,482.8535541965306,73.544588230586,9.185224,0.9292179,29.316753,2.5600367,21.192505700640446,1.5722855087775982,22.63049385935317,2.0386865719469416,2.8325822135510554,3322.1446852827157
1983-08-21,352.62687405719146,496.6314759577506,72.97020357297683,9.13915,0.95485574,28.574394,2.096265,20.504541824040746,1.288379427646396,21.90964766113887,1.754772044234577,2.765549777057762,3319.379135505658
1983-08-22,359.34561132852446,496.0041538790263,72.38255763637405,9.019451,0.9327947,27.044092,1.8357464,19.47166284489919,1.1343615520172379,20.827400597514504,1.6007425033705749,2.7152882768777564,3316.66384722878
1983-08-23,357.2642831169318,490.5026055949327,71.79353713234912,9.243788,0.9998937,25.845306,1.5066078,18.849126513401185,0.9681990547695083,20.175109157404886,1.434573564426574,2.6033420138477084,3314.060505214932
1983-08-24,365.08547202319824,496.0288633911948,71.19663470712948,9.306876,1.010034,26.192842,1.5386858,19.0337223481105,0.984356556190744,20.368528042004016,1.4507329297347833,2.5214866654707127,3311.5390185494616
1983-08-25,371.02203534955686,497.8082818260347,70.5736310911699,9.215119,0.9886936,25.465683,1.6275421,18.526103331028118,1.02364939530743,19.836646571113896,1.4900207371076966,2.471877709255783,3309.067140840206
1983-08-26,373.6946253594956,497.93510853315206,69.94472084442268,9.207078,1.0273551,25.545864,1.6394271,18.54092115472262,1.0349576595806813,19.852172636128802,1.501329144086815,2.4091246502255452,3306.65801618998
1983-08-27,366.0800668083126,484.8674433093149,69.3336218478348,9.660174,1.0145769,26.349033,1.9058689,19.16943821045113,1.1703911897225552,20.51073065864306,1.6367689584600162,2.2744686291606215,3304.3835475608194
1983-08-28,369.229037208548,486.3113671153801,68.71595544909368,9.437926,0.96128327,26.807129,2.025484,19.311031789419197,1.2238020415765074,20.659091926672364,1.6901812883804053,2.25377234506154,3302.129775215758
1983-08-29,300.01860292999726,416.39784957327714,68.22572514742002,9.643569,1.0673784,25.862488,2.0392504,19.070380573048315,1.2667451819531268,20.406938404783983,1.733121930276925,2.169796272520987,3299.959978943237
1983-08-30,299.1059266969268,447.8224511400445,67.7183526177697,9.88509,1.011918,24.705954,1.775122,18.770969320975563,1.1388114090029013,20.09321631834832,1.6051851412381504,2.0846188986525673,3297.8753600445843
1983-08-31,327.90727056991574,453.7966692768703,67.17307074551269,9.796465,1.0993577,24.442131,1.9050859,18.298602579738276,1.1982400992239333,19.598272061584815,1.6646092815538391,0.0,3295.822895770764
1983-09-01,327.2145842742785,460.3227559130272,66.5966008958465,9.8731985,1.1830113,23.649664,1.8075569,17.92566815529614,1.1652746837463508,19.207512646466903,1.6316404541562188,,
1983-09-02,346.66486530507524,480.41655895824215,65.99370920908304,9.912757,1.1923089,23.772316,1.8097638,17.963187598802346,1.1639589482511703,19.2468253911189,1.630325054725373,,
1983-09-03,358.9267299425729,490.8295130457833,65.43239432720168,9.952513,1.2022749,24.190372,1.9047139,18.176473216539026,1.2117328355500472,19.470305332302985,1.67810088302387,,
1983-09-04,371.1144436333808,503.5612894810192,64.76332135284004,9.934898,1.2332162,24.20594,2.0539742,18.15090800641752,1.2930890116877871,19.443518192527968,1.7594568237622334,,
1983-09-05,373.2547670485756,504.1097997726222,64.09946421103335,10.05924,1.290935,24.017807,2.0910747,18.079452819595577,1.3210452966855255,19.368647692033274,1.7874124547785546,,
1983-09-06,376.20794533146096,505.3979453939694,63.42402398905167,10.132638,1.3747078,23.732431,2.1062112,17.928987493530162,1.342391260565883,19.210990637721917,1.8087570606423933,,
1983-09-07,380.4627141122792,505.9623981271986,62.70650253678759,10.3679,1.7123182,23.483387,2.0906937,17.854085939575295,1.4015061604762993,19.132509045526163,1.8678712941844573,,
1983-09-08,385.7627457074223,508.90235969500793,61.98160404975137,10.444342,1.9596848,22.1517,1.7567149,17.10370701764812,1.3086235129747585,18.346264576172892,1.7749823249520875,,
1983-09-09,389.0083852908602,508.7566994389725,61.25041457032838,10.905213,1.9492352,21.140228,1.6670684,16.70531908041065,1.2672279345972093,17.92883505735651,1.7335836519478245,,
1983-09-10,389.4040400035474,510.5188978874804,60.54188801201008,11.4870615,1.9546587,21.711674,1.8822589,17.287400118758157,1.3621849890437516,18.538737579592535,1.828545289063773,,
1983-09-11,395.3846991132114,517.0332853793369,59.8585755055883,12.259917,2.340572,22.179277,1.9309905,17.880849178555856,1.4919904950621645,19.16055147584444,1.9583558661352414,,
1983-09-12,326.46550311133166,418.03585385935713,59.25716778847714,12.296491,1.5842844,22.10425,1.8138705,17.80352566489282,1.2328565600279995,19.07953216254552,1.69922124754908,,
1983-09-13,317.1453806876189,412.3871847255713,58.660952707926754,12.6477785,1.4913777,20.076454,1.5676706,16.847029899430737,1.0980131274225085,18.077319169111554,1.5643699247663456,,
1983-09-14,322.6426506089293,419.81020858209126,58.24344861664047,12.860555,1.4513227,18.154251,1.48154,15.853805732975106,1.0485904009925853,17.036622282666308,1.5149401124693935,,
1983-09-15,338.4799569126436,431.8290737323469,57.5762623422042,12.982815,1.4666932,16.413477,1.3316946,14.906016519307205,0.9862394466158189,16.043531984440428,1.4525834483280196,,
1983-09-16,357.0103347141164,452.8848333442977,56.87618963088891,13.27958,1.3452148,16.063457,1.3049079,14.83629497237808,0.940255102574753,15.970477985899278,1.406598724830943,,
1983-09-17,351.33598321505696,516.8240569580285,56.050881484605696,13.961362,1.2730061,16.034697,1.1177061,15.19563805346492,0.8415079639758333,16.346996437909194,1.3078536014520137,,
1983-09-18,342.20771424450203,556.2881777236202,55.20732483873738,14.116569,1.2912467,17.399918,1.1118418,16.14939728394774,0.8460051518185958,17.346342099346263,1.3123568541915183,,
1983-09-19,326.4342730113828,576.7508632860198,54.40435381417952,14.862815,1.6418267,18.650894,1.2649481,17.2817851637574,1.0022989947857155,18.53285424893651,1.4686592487489447,,
1983-09-20,345.8962667225757,567.9475388941781,53.557102267325305,14.743815,1.4855559,20.076233,1.4251173,18.05787562589968,1.04911340520656,19.34603918223666,1.5154803669657309,,
1983-09-21,293.7627285177334,514.9751912902487,52.90643304102623,14.008359,1.3565772,19.293829,1.3358725,17.37395597043696,0.9830518494797944,18.62943050510521,1.4494128640377146,,
1983-09-22,85.56778256751265,422.7851520825342,52.52246214766962,13.900362,1.4141291,16.01908,1.0602467,15.662449159077426,0.9133448046317036,16.836119518656044,1.3796932805481932,,
1983-09-23,262.3715188868852,494.5662799610459,51.839155311079566,13.836076,1.4198027,14.127858,1.097602,14.026719883300686,0.8697697008431503,15.12220797495798,1.3361093241009494,,
1983-09-24,309.2694672000673,578.6031160596469,51.0927301663482,13.890613,1.4107506,12.689796,1.0499989,13.108072424851652,0.842426652313458,14.159652308234325,1.3087626456928891,,
1983-09-25,324.47182904027767,554.7716980027827,50.31582824748375,14.07602,1.3233973,12.783207,0.9881216,13.260300581571263,0.7919785288638755,14.31915645047921,1.258315057026916,,
1983-09-26,331.1509083099154,569.0961043949101,49.52291191235591,14.312931,1.2450819,13.077931,0.98090523,13.532219229898757,0.7708863595567012,14.60407188068936,1.2372239089363517,,
1983-09-27,323.6223350160405,557.5406209071183,48.749333181175714,14.564179,1.1620618,13.364267,0.9396633,13.804955809526794,0.7318769597681659,14.889844336520259,1.1982156183852928,,
1983-09-28,339.3015349092063,543.954311439846,48.05566661781421,14.627021,1.1530411,14.684519,0.9477098,14.66243104377481,0.7326940258087872,15.788303955832877,1.199036726037274,,
1983-09-29,358.59477448963,535.5542090823151,47.38205407668729,14.7053385,1.2093729,15.151394,1.0113488,14.972505200778013,0.7759983967026878,16.113198597605354,1.242342765455036,,
1983-09-30,350.5279891102952,527.0459816718662,46.72810285453859,14.916995,1.1527545,14.508757,0.9997017,14.671818663148407,0.7566232381046052,15.798140271322561,1.2229659872341594,,
1983-10-01,339.25523174584885,513.8167808160795,46.10782061958905,15.13524,1.0494436,14.194576,0.9383395,14.568665383606932,0.7025687757108986,15.69005661763085,1.1689109930355281,,
1983-10-02,312.1482090144949,510.4833989919048,45.52459738101952,15.347857,1.0947787,15.2119465,0.8953588,15.263518018390455,0.6937409131756876,16.418120833122117,1.1600869479104572,,
1983-10-03,334.1593360167557,534.0211765256421,44.94730481490592,15.285909,1.1131752,16.731867,1.0138996,16.17532311763374,0.7566498422263503,17.373507099259427,1.2230017239838207,,
1983-10-04,343.8655159302747,538.6085633816031,44.272254484897296,15.187312,0.93728757,17.330694,1.0831672,16.495502322204505,0.75527556117959,17.708989775330817,1.2216297216681797,,
1983-10-05,339.4113754560552,527.2616593963817,43.62506638305256,15.201767,0.9610196,16.85595,1.1161004,16.208129159816185,0.7763357230298751,17.407881158116346,1.242687832878784,,
1983-10-06,315.1637428476628,497.4448910641356,43.025757075658696,15.037834,1.1067256,16.237429,1.0900428,15.772175558055288,0.7934121852047514,16.951090464424116,1.2597613644861205,,
1983-10-07,331.6531739144433,521.0277550867213,42.34453481972743,14.99723,1.2382609,14.736178,1.0362289,14.837715149789359,0.7955410332618638,15.971966042936181,1.2618846631918292,,
1983-10-08,332.65049058640795,516.2182386845162,41.673314515903016,15.29979,1.1500132,14.020725,1.0092276,14.521958985245956,0.7614251471213029,15.641117813086055,1.2277671276545064,,
1983-10-09,349.9621767313823,535.59680590423,40.95859702871388,15.359551,1.1981455,13.727118,0.988096,14.372235626767262,0.762453834461927,15.484238189875777,1.22879507274796,,
1983-10-10,357.0780022049679,544.1918360880951,40.261399592775824,15.404855,1.2773812,12.638819,1.0127848,13.734706541535248,0.7937829548042948,14.816237393653827,1.260121319578554,,
1983-10-11,351.4659252855221,533.7991582667117,39.61431436092283,15.581064,1.2312073,11.753704,1.0029353,13.273233873629062,0.7775998373713179,14.332707909687127,1.2439364121910905,,
1983-10-12,337.22881627515653,472.0322126339879,39.11473900870939,15.795053,1.0294912,11.5992775,1.1358176,13.347707479825614,0.7892781755823314,14.410741099684586,1.2556150227875333,,
1983-10-13,330.35099703325346,453.0369428860176,38.61613300301688,15.87927,0.9682116,13.13217,0.93963677,14.290608776342529,0.6796915062628329,15.39870985502817,1.1460323506862884,,
1983-10-14,365.9513200437083,408.583062418585,38.28636105705759,15.596066,1.185775,14.460888,1.0044031,14.997236073861025,0.7711152710395678,16.13911152188347,1.237459777604788,,
1983-10-15,357.3195427882936,508.302529185628,37.80356832379722,15.480385,1.3146143,12.036048,1.0223864,13.457833404006493,0.8092626920634255,14.526130666594671,1.2755999536771574,,
1983-10-16,375.942263153865,506.25398718718833,37.2656198233564,15.547673,1.3620359,9.516388,1.3848926,12.08658140745978,0.9841166991652388,13.089337512003482,1.4504497896504822,,
1983-10-17,378.855473182894,526.8983671301038,36.69836525278588,15.7933,1.205052,8.901434,1.4284534,11.784138865343788,0.9718868753365826,12.772439250222456,1.4382193353226713,,
1983-10-18,347.7407884581167,508.835491076914,36.14941628669081,15.816953,1.1479172,9.597422,1.0219878,12.122339375059495,0.7653334285066045,13.126804588221965,1.2316666004521275,,
1983-10-19,308.3233652411096,363.3423581667152,35.78612864708617,15.688285,1.2603797,10.257677,1.0390339,12.750558898066982,0.806639379375512,13.785050856968201,1.2729742210132098,,
1983-10-20,293.3363838852973,400.9637887509959,35.35018233886906,15.572344,1.3263794,8.905869,1.1803284,11.722402118577348,0.8824264427861049,12.707751697997091,1.3487587869279585,,
1983-10-21,331.1105589968236,422.28407745743925,34.86028499255791,15.486279,1.3790888,7.240071,1.4655142,10.864209237754096,1.0208363802021543,11.808540131056093,1.4871675655019683,,
1983-10-22,331.4595503514412,449.1656731658831,34.34230839249142,15.457448,1.3897327,6.0775127,1.4733287,10.060306316624374,1.032895948720038,10.966213398301033,1.4992268126231036,,
1983-10-23,342.49151608728494,419.0306198304512,33.838271949605286,15.402297,1.3406794,5.269675,1.9853798,9.826780855290115,1.2478152634711517,10.721526218181852,1.7141461725611165,,
1983-10-24,263.222069506,362.259785495358,33.659058540382595,15.57348,1.1454976,6.672126,1.3932872,10.418090242647693,0.9399729325612772,11.3410981729651,1.40630384822309,,
1983-10-25,195.043629506,230.1805604953581,33.44914606496378,15.263837,1.2247567,7.95777,1.1078836,11.308947570971355,0.8217364743948079,12.2745354363392,1.2880681550793618,,
1983-10-26,235.1624681280137,297.06176130305914,33.15427455152587,15.064807,1.1901885,7.056271,1.4643252,10.594830493922855,0.9718833586034029,11.526286004094889,1.43821435386081,,
1983-10-27,247.87504919959724,367.4274033598788,32.80371573102337,14.624881,1.2206649,6.0353417,1.3790139,9.49564391466747,0.959128995079865,10.37456206373245,1.4254600751766253,,
1983-10-28,257.1752859184211,407.074002652279,32.41939562431677,14.782277,1.1361778,6.127224,1.5456948,9.478173384473283,1.0444098448065127,10.356256501915,1.5107409374084682,,
1983-10-29,266.2357574158004,450.02567387005786,31.999214621392664,14.424343,1.15664,6.6680236,1.2204207,9.551062533686279,0.8790902174894666,10.432629503301285,1.3454212602283433,,
1983-10-30,283.7930264093952,470.8755534082759,31.55175799159785,13.690505,1.246267,4.9868894,1.3345213,8.259882960392524,0.9555040652801995,9.079735960080658,1.4218368909048036,,
1983-10-31,284.471645538229,479.3770327198399,31.09426635990812,13.583311,1.1341971,3.5011282,1.6112897,7.255923141483347,1.0958898676837434,8.02779029369258,1.5622253973431637,,
1983-11-01,284.9584309970488,489.22957231020746,30.628571645492723,13.513701,1.0358207,4.1418567,1.4138191,7.591388527471278,0.9713772169374024,8.379289778399679,1.4377117148172414,,
1983-11-02,284.8092276339437,487.8717613179113,30.15963702596656,13.417954,0.93158484,5.252382,1.3100188,8.262201469714535,0.8955911646413207,9.082165286222834,1.3619239853555545,,
1983-11-03,266.27824729478743,461.1247546028328,29.716027494624715,13.118094,0.89520794,6.498738,1.150708,8.92186595098566,0.7997001413646591,9.773359474748498,1.2660318147097116,,
1983-11-04,251.56796537579848,440.386733564572,29.288816639355023,12.151363,1.0414635,6.7498164,1.0744202,8.71360997160653,0.7816335868148325,9.555149571442497,1.247965568622115,,
1983-11-05,254.2491417534113,446.68906081055866,28.84703677031789,11.6991625,1.0001597,4.8105607,1.296405,7.309241876630174,0.9023080501692925,8.083657482118447,1.3686434072349756,,
1983-11-06,277.67215780018927,477.7744522691501,28.377492138973903,11.704437,0.9382491,3.853251,1.268334,6.739035105087571,0.8731362307300666,7.486196776050446,1.3394736021147897,,
1983-11-07,280.3576321104365,485.5205785926213,27.903223803455912,11.720378,0.9035053,4.513976,1.2870449,7.151953941945982,0.8803944710990306,7.918851721818258,1.346730346660566,,
1983-11-08,283.4928810416497,481.0978979844774,27.42508242476676,11.698455,0.84366316,5.3049226,1.3439175,7.675499018101864,0.9016261838240694,8.467420462965078,1.3679604431900032,,
1983-11-09,282.65939488235887,478.7519092236464,26.945274099174043,11.870623,0.7786673,6.2473273,1.3638577,8.334868240497805,0.9049605164615278,9.158305280250616,1.3712931863909774,,
1983-11-10,270.5584076067022,456.98141849134606,26.50289672308524,11.057523,0.9192232,7.0258293,1.0504937,8.525140449746818,0.7431270798170994,9.357671850688721,1.2094593835397858,,
1983-11-11,118.54325693615728,317.0047673907128,26.309852352989623,11.023068,0.83972317,7.199904,1.0243804,8.240455963715984,0.7798175028910447,9.059380419370846,1.2461503699016718,,
1983-11-12,77.20280518556197,276.0405938136155,26.16739986089706,9.362983,1.0098033,6.059523,0.9300349,6.781507867633023,0.759542241344922,7.530699591459695,1.2258794498718315,,
1983-11-13,145.26094872135093,351.3126920593136,25.90392754639221,9.257686,1.0396495,3.0364428,1.2492753,4.856321164086256,0.93469036355668,5.513495544404918,1.4010370267651746,,
1983-11-14,202.51491967383683,407.0509540855944,25.659786028153853,9.320133,0.97119534,0.85197675,1.2894129,3.665336388193118,0.9195038819756076,4.265585767401878,1.3858585164274246,,
1983-11-15,225.66969003045853,372.4804440329782,25.34695296589003,9.097003,0.96427,0.80968523,0.9678568,3.936319033313933,0.7039903826392426,4.549520456651635,1.1703430608522294,,
1983-11-16,305.146582096,449.57431949535805,25.209176434708663,9.266495,0.88452524,1.4770072,1.3518727,4.626430351341772,0.8811277333023457,5.272616736653678,1.347475808824821,,
1983-11-17,221.578672096,488.5011304953581,25.11901565042755,8.179085,0.93734485,2.9657068,0.94028693,4.592528711543784,0.7099283748397139,5.237094714360304,1.1762766637477837,,
1983-11-18,201.280412096,409.014870495358,24.987645064703845,7.9850864,0.98451084,2.103161,0.95189655,4.043068533224299,0.7158311812214532,4.661372217752806,1.1821831118606916,,
1983-11-19,178.00096429045809,345.4142667036164,24.84185443876651,8.565589,0.8487027,1.4665682,1.1143087,3.8807748858178646,0.7899724329657082,4.491321488773424,1.2563255053125595,,
1983-11-20,192.45772511038209,401.2607151699275,24.642564585860168,8.989487,0.799417,2.798243,1.2920064,4.805175267143047,0.9108344557903932,5.4599050484213265,1.3771814279815024,,
1983-11-21,284.540032096,493.039430495358,24.712293997606423,8.993694,0.8026545,4.0421515,1.6854818,5.854071943448037,1.1083391294678635,6.5589354003797755,1.5746803635138684,,
1983-11-22,186.605502096,608.961930495358,24.773795660039426,8.266182,0.8229071,5.546598,0.9518676,6.184494023762716,0.7537341927616308,6.905150526642119,1.2200738798079411,,
1983-11-23,195.003532096,498.46366049535794,24.77507474395217,7.8058443,0.8688199,4.8700185,1.1952515,5.695575064493221,0.8932078478946962,6.392862912405396,1.359549868319645,,
1983-11-24,169.711042096,488.501030495358,24.75105985490652,7.9968815,0.77672,4.2821593,1.1625043,5.239949977603486,0.8857064863727474,5.915460503838776,1.3520509273800534,,
1983-11-25,157.665182096,1453.570130495358,25.19290790099868,6.9452763,0.97212255,6.122477,0.7164076,6.2029909221818755,0.653267524043803,6.9245315135772305,1.1196071281803852,,
1983-11-26,162.351432096,1348.745230495358,25.49358465093132,6.4634686,0.82421815,4.793288,0.69565976,4.972731527703794,0.6272012833347781,5.635469925474453,1.0935472544386777,,
1983-11-27,158.53398209600002,1109.572330495358,25.729452501307087,6.3919835,0.82730436,3.7778358,0.7269042,4.104646961628821,0.6443837095922073,4.725893884539737,1.1107352149207124,,
1983-11-28,154.723952096,1084.497530495358,25.956107947694672,5.8231897,0.86235994,3.3354216,0.6857082,3.6460337724140928,0.6096763785599036,4.245360552571306,1.0760311555623518,,
1983-11-29,80.261777096,3373.930320495358,26.6253409070666,6.0103636,0.7380529,4.5015774,0.6088229,4.536635607541365,0.5949234803809343,5.178530111047587,1.0612721239644385,,
1983-11-30,70.624569506,2423.420378195358,27.12373597874344,5.4158726,0.7471679,3.9632487,0.5973976,4.0043830860619645,0.5808663999473591,4.620837738455697,1.0472185999976928,,
1983-12-01,97.813523506,1722.781560195358,27.5135547995984,4.728602,0.72578543,3.2881389,0.53603214,3.365529368704262,0.5087298167937735,3.9514489972204805,0.9750867134197683,,
1983-12-02,62.418736506,1311.952730495358,27.81377797791275,4.6069603,0.744455,2.713429,0.52995175,2.7994259811627975,0.507011940007052,3.3582878028821566,0.9733733884180429,,
1983-12-03,53.309592506,1148.777730495358,28.058946078679085,4.398983,0.7849647,1.9992329,0.5114282,2.1056558561861802,0.48998575048897586,2.6313578374661897,0.956353276963931,,
1983-12-04,128.619069506,1172.3038304953582,28.2692586831382,4.0503616,0.8256946,0.91350913,0.46239144,1.2236420753974115,0.42459745932230053,1.7071868129689969,0.8909735077061347,,
1983-12-05,166.86194950599997,1121.006330495358,28.452993399857256,4.2024193,0.7047697,0.8658069,0.53600496,1.2981132392352623,0.475409555947557,1.7852174438713584,0.9417848504167867,,
1983-12-06,187.993709506,1310.361530495358,28.84652928127353,4.7026834,0.8016681,1.4666724,0.5963704,1.8726840931474913,0.531156161040717,2.3872508205283833,0.9975258520080521,,
1983-12-07,32.315789505999994,4762.365430495358,30.705156714539584,3.8970428,0.6641728,2.804719,0.65045416,2.8120811510781945,0.6460856505177468,3.3715478466599755,1.1124469931694012,,
1983-12-08,32.315789505999994,2455.578130495358,31.44536381690132,3.1136775,0.6590037,1.6121079,0.4923468,1.6316120839986645,0.4860269848455832,2.134656393405681,0.9523989809014548,,
1983-12-09,32.315789505999994,1841.808830495358,31.93136422600959,3.367642,0.6390802,1.515768,0.4562951,1.5477001679803688,0.44856252622164605,2.0467337746402463,0.9149353402199997,,
1983-12-10,32.33855469699999,1545.109530495358,32.41772743099543,3.7042418,0.6223577,2.0135784,0.46101394,2.048237944656128,0.4517431182653817,2.5711955460383122,0.9181111724350393,,
1983-12-11,32.315789505999994,1272.453630495358,32.806782847145485,3.420238,0.6620779,1.9016184,0.50306857,1.9392306724368904,0.49088281463440764,2.4569780988297145,0.9572518809991146,,
1983-12-12,297.076789506,1256.660430495358,33.17605783056299,4.0732093,0.9313661,0.8486729,1.2157533,1.465208912651705,0.9992947038585094,1.960299719289122,1.4656683297993662,,
1983-12-13,559.099689506,6828.090930495358,37.69885862939413,3.935895,1.24078,3.1648722,0.7844763,3.223227047332921,0.7311589655445694,3.8023451113237408,1.1975169718768446,,
1983-12-14,54.9368420988,10345.26243049536,44.24440398919032,5.0510883,0.5905555,3.5867586,0.7786886,3.59449362408715,0.7745816433344268,4.191356961335519,1.24093680305083,,
1983-12-15,649.3870420988,7599.537430495358,47.448109500457335,5.774275,0.5580059,4.5834517,0.63477427,4.677197917950226,0.5864499480151423,5.3258108194057705,1.0527977064515315,,
1983-12-16,904.6092074072,5597.536530495358,49.51912669604177,4.407269,0.60733026,4.8603005,0.65605885,4.797272654627114,0.57107028459451,5.45162471804086,1.037417304793723,,
1983-12-17,685.3916774072001,4201.000930495358,51.26076381683483,2.9766035,0.63413763,3.8842778,0.62476736,3.7569625453797513,0.5444490247086555,4.361591341693682,1.0108029883092298,,
1983-12-18,414.8867974072,2768.908030495358,52.2704385872903,2.4671242,0.62350094,2.8815594,0.53174883,2.827553482536333,0.46953875380261056,3.387759702672294,0.9358999674007278,,
1983-12-19,310.6391474072,1735.314230495358,52.76547396110839,1.5782526,0.7257676,1.1084185,0.59083796,1.1797538442899413,0.5131027660194584,1.6612008744390023,0.979479261679072,,
1983-12-20,279.0946074072,1218.2041304953582,53.10674921741294,1.1777413,0.7765207,-0.20776963,0.33724266,0.05048786624764222,0.31021823030239476,0.4779598428489145,0.7766069919899907,,
1983-12-21,280.8418174072,796.3118804953581,53.27951046680192,1.1808192,0.77627933,-1.0499861,0.40158287,-0.46835751363174044,0.35930740460675586,-0.06568457260449789,0.8257022908219921,,
1983-12-22,360.8526174072,862.419430495358,53.46164831256846,1.6969877,0.6857343,-1.4809674,0.6690913,-0.5435034621478475,0.5132594586190373,-0.14442224058610037,0.9796552573848336,,
1983-12-23,367.8154174072,962.462880495358,53.66695246704592,1.4479443,0.7245921,-1.1139797,0.6099641,-0.40562029617796075,0.4846595286313495,5.126938712313178e-05,0.9510536579290876,,
1983-12-24,362.0186474072,742.180230495358,53.74521479557107,1.1701658,0.77711535,-1.3990179,0.5532024,-0.5566946590623113,0.45074673299498236,-0.1582439316212247,0.9171426926169703,,
1983-12-25,385.5698974072,563.075970495358,53.70784253425423,1.0994356,0.7826887,-1.7931868,0.63038677,-0.6175024308633841,0.49112402407901545,-0.2219581070534194,0.9575207277758455,,
1983-12-26,340.9568974072,637.077870495358,53.53866985262119,1.1157807,0.78139716,-1.4230052,0.50307125,-0.5379481641608136,0.4261315894475122,-0.13860141834512235,0.8925273205303854,,
1983-12-27,292.8574074072,692.5941304953581,53.36052852716432,1.207383,0.76230866,-1.2219089,0.4841094,-0.4999696748290829,0.4087617358055795,-0.0988076870463061,0.8751570051230078,,
1983-12-28,344.5442674072,546.8794304953581,53.43567279498852,1.3797516,0.7221551,-1.7340459,0.8784137,-0.5305316918354975,0.6068929741269427,-0.13083046399459858,1.0732886149062875,,
1983-12-29,190.5445074072,1290.049930495358,53.8429211266928,1.7526058,0.6738008,-0.16420668,0.31724322,0.08247672969315613,0.28969823440721293,0.5114776646186646,0.7560866285666707,,
1983-12-30,176.49084740720002,1003.771230495358,53.99946182521256,1.1994195,0.7641852,-0.16736263,0.30013874,0.03701954936311543,0.2796687037059558,0.4638477864564454,0.7460576204844477,,
1983-12-31,185.4969974072,755.3597904953581,54.03093993230077,1.1850612,0.76572686,-0.54779804,0.40637842,-0.20615179268313405,0.35949376647385917,0.20905368550003395,0.8258855191052317,,
1984-01-01,179.80950740720002,767.3955304953581,53.837306752756064,1.8008099,0.6592244,-0.45788956,0.2527523,-0.029116890650250814,0.23998327890197688,0.39455025068655064,0.706372960267163,,
1984-01-02,174.0779274072,740.637130495358,53.62353101312776,2.270183,0.6464452,-0.34982145,0.25930512,0.14878733181965967,0.24334524120840798,0.5809576868553612,0.7097328772349657,,
1984-01-03,168.36878740720002,719.3143804953581,53.390156370678135,2.4490266,0.66167474,-0.36653817,0.28266254,0.16749609233808593,0.2611784144900638,0.6005606621738698,0.7275658375276126,,
1984-01-04,161.8484374072,710.5660904953581,53.14683876062141,2.8283591,0.68373084,-0.45246255,0.32606173,0.15618831725613372,0.29430879455046505,0.5887124140966957,0.7606963462730071,,
1984-01-05,161.8590974072,704.556080495358,52.9028150699122,2.9428205,0.70077044,-0.5160788,0.45498097,0.13009444345273283,0.3924621851781156,0.5613713423229376,0.8588500344126742,,
1984-01-06,168.8327674072,651.1337304953581,52.81564914664679,2.8935785,0.71436226,-0.57854784,0.58158976,0.13637003561254823,0.4846963538379148,0.5679468863359536,0.9510841314495558,,
1984-01-07,174.4507574072,595.4332704953581,52.77310275825566,2.1717901,0.71525353,-0.6716775,0.53169197,-0.02736604495689176,0.44200025369620444,0.3963847808190857,0.908389914755861,,
1984-01-08,161.9855134072,570.794330495358,52.72116334875256,1.5384157,0.7097378,-0.5112381,0.32068416,-0.05814946481687731,0.2949789658063331,0.36413001871764944,0.7613689843893185,,
1984-01-09,146.7395374072,529.928090495358,52.64745984593024,1.7426646,0.6922834,-0.49617803,0.27588066,-0.010671240240643982,0.2630916680089949,0.4138775401324351,0.7294811356257763,,
1984-01-10,142.9783874072,470.239090495358,52.56310504430098,2.0170534,0.725353,-0.62637794,0.31194982,-0.01003290932534117,0.29296226730477926,0.4145463810834643,0.7593517275315389,,
1984-01-11,124.3005774072,436.695910495358,52.47371136424901,1.2968947,0.7672285,-0.42219996,0.2785254,-0.04129837202010682,0.2755105453710054,0.38178653614752645,0.7419003681086169,,
1984-01-12,110.1154974072,423.001210495358,52.36918956884239,1.1374602,0.74821615,-0.4155302,0.25915253,-0.09475932692415372,0.2572263260486076,0.3257703303461983,0.7236167712345724,,
1984-01-13,92.6260424072,424.63763049535805,52.27237269793126,1.3669043,0.7331758,-0.43175745,0.25245336,-0.10967236188639228,0.24533257853125004,0.3101445032904245,0.7117231979332779,,
1984-01-14,76.64087740720001,446.051350495358,52.18518957849489,1.8599491,0.7481327,-0.38748038,0.26430443,-0.057946172673181286,0.25081116225273414,0.3643430275308947,0.7172011784710997,,
1984-01-15,73.7483844072,453.585430495358,52.30485387821273,1.3550737,0.7479766,-0.25318885,0.27385452,-0.02827104388030983,0.2577377743361303,0.3954365260407123,0.7241274458911242,,
1984-01-16,76.3474894072,448.324780495358,52.40404327769882,1.3267,0.7499114,-0.3461827,0.26229972,-0.10275380612172597,0.24928432396164293,0.3173937423707421,0.7156748625085605,,
1984-01-17,83.42714740720001,418.595030495358,52.34528855929676,1.4411554,0.7309225,-0.4006163,0.25796154,-0.0945466209638154,0.24702031119836257,0.3259932029243418,0.7134107539013071,,
1984-01-18,81.6857124072,408.3261904953581,52.29346341399735,1.7723451,0.74124646,-0.38923407,0.27252358,-0.02889561242789432,0.2585347770274918,0.394782105251534,0.724924455826198,,
1984-01-19,87.11007740720001,393.008100495358,52.217869327333055,1.3475292,0.75405544,-0.37630975,0.26880968,-0.06354562659469923,0.25910290071543257,0.35847593885270385,0.7254929820818712,,
1984-01-20,126.79660907970684,442.2361305618828,52.10849826159043,1.0860857,0.7156309,-0.41956115,0.26036105,-0.0840603960438389,0.25762760862624606,0.33698063355012653,0.724017928982523,,
1984-01-21,104.8178414688277,451.4459688420113,52.00425264184487,1.0063542,0.68647456,-0.37326252,0.26985806,-0.1132987344309683,0.25435599250351393,0.30634480253435215,0.7207466543077432,,
1984-01-22,103.229777926666,469.7442600819552,52.025148354545806,1.11222,0.7178429,-0.40671325,0.26296246,-0.13305486759760213,0.2514031188764609,0.285644393735316,0.7177940119479376,,
1984-01-23,64.86948390906419,433.4592157415899,52.09587343745638,1.467026,0.73936784,-0.3825153,0.26709285,-0.14175295879189395,0.25147160956676873,0.2765305635148743,0.717862604600447,,
1984-01-24,94.7634824072,421.1114304953581,52.06096143601076,1.9131615,0.76734173,-0.6242173,0.3380591,-0.15811426093417566,0.30987477669756036,0.259387247058505,0.7762659637587845,,
1984-01-25,38.7789474072,515.694500495358,52.41391157894788,2.502981,0.73180795,-0.3796867,0.38804412,-0.1780777488397879,0.3645160290482341,0.238469572672774,0.8309074508293007,,
1984-01-26,38.7789474072,801.5565704953581,52.73791434007504,2.4542594,0.7213031,0.106594086,0.33716592,0.21493175278350554,0.3233246792739459,0.6502635850378871,0.7897115640761488,,
1984-01-27,38.7789474072,725.8152904953581,52.89703799791917,2.8659737,0.7231871,0.03485191,0.32394907,0.17844169530982343,0.3096985938025522,0.6120294275519844,0.7760858924159552,,
1984-01-28,38.7789474072,671.9583004953581,52.994498003526026,1.8386993,0.7481197,0.09743315,0.32407907,0.19243938487857037,0.3091037994184867,0.6266961588334093,0.7754909391127501,,
1984-01-29,38.7789474072,628.102330495358,53.164264996489344,1.9121501,0.71877563,-0.110171854,0.2899691,0.007425566575901789,0.2762872567539034,0.43283931245397234,0.7426765150427326,,
1984-01-30,38.7789474072,602.180890495358,53.29099741636016,2.2663267,0.7231541,-0.16556567,0.2951591,-0.018432854969566828,0.2807318683355876,0.4057449467512224,0.7471214258466417,,
1984-01-31,38.7789474072,597.5648304953581,53.26968943597825,1.7677009,0.7331049,-0.080770254,0.2941776,0.03187603639044968,0.27983951623160835,0.4584584311459058,0.7462284922936111,,
1984-02-01,46.2596617072,523.369100495358,53.43566140525616,1.2555115,0.7461166,-0.19660968,0.27977246,-0.07868263314539983,0.2640969537371068,0.3426154351321481,0.7304872113978043,,
1984-02-02,65.0321654072,503.385510495358,53.59258329093951,1.4900423,0.7347074,-0.35642147,0.26676556,-0.14516917445812036,0.25075363672385204,0.27295106441755135,0.7171446718273167,,
1984-02-03,81.30267740720001,438.470030495358,53.7594452497681,2.4471936,0.7099487,-0.4970739,0.30948448,-0.036532525144581045,0.2837115689927932,0.38678017421246985,0.7501013364000697,,
1984-02-04,38.7789474072,478.54057049535805,54.264501877011526,3.279427,0.6165215,-0.46204507,0.48491013,-0.18157943140235897,0.4509351304754587,0.2348005216536151,0.9173265934743786,,
1984-02-05,38.7789474072,645.0842804953581,54.57710912647229,3.2358289,0.6683627,-0.037629664,0.46569163,0.14799411490506184,0.44091615704871373,0.580126556883722,0.9073038021144559,,
1984-02-06,38.8966112072,537.988450495358,54.678370147404834,2.550459,0.66020083,0.09609729,0.34752634,0.2615832008609465,0.3271370169155291,0.6991448128634322,0.7935233748898516,,
1984-02-07,55.1103454072,482.80937049535805,54.70243344856257,1.4039555,0.75287646,-0.15912378,0.29661515,0.001015056793279724,0.2771752418706893,0.4261224022169724,0.7435645742678331,,
1984-02-08,62.805200407200005,421.500730495358,54.6789729252689,1.3695341,0.74746346,-0.3102274,0.28334755,-0.09239450639481554,0.26496923033254616,0.32824818121310423,0.7313596479157201,,
1984-02-09,45.2804074072,424.425530495358,54.65480928807763,2.0643134,0.6691885,-0.33335853,0.2783209,-0.10221909745523199,0.2596325019154841,0.31795400828368436,0.7260230342156982,,
1984-02-10,38.7789474072,434.0800904953581,54.64991381180592,2.7248473,0.6484118,-0.2821362,0.2895743,-0.03553489708203469,0.2710929383109953,0.38782548548618495,0.7374826941393371,,
1984-02-11,45.22349439520001,432.7612804953581,54.61398469564527,3.371665,0.656806,-0.4975568,0.44201952,-0.13147876322680296,0.4049947413148255,0.28729583050739604,0.8713856159198883,,
1984-02-12,35.5473683952,656.799030495358,55.1253805775609,4.1694927,0.6272445,-0.11060727,0.64674234,0.10914731204063598,0.6143810774578562,0.5394230096335291,1.0807691660866312,,
1984-02-13,35.5473683952,911.113384495358,55.81444061252832,4.762507,0.7279752,1.1686954,0.78186005,1.303644048225796,0.7529973200844655,1.791012606625515,1.2193725588150959,,
1984-02-14,38.7789474072,1523.933430495358,57.6697881554184,4.828093,1.0846944,2.6486902,1.6329082,2.702772439237534,1.5926148214201574,3.25701455204647,2.058977083606278,,
1984-02-15,38.7789474072,7440.106330495358,62.98030633571706,4.379833,0.8878356,2.1425102,1.2596858,2.154110973083096,1.25316258514587,2.6821289433152473,1.719529669231119,,
1984-02-16,38.7789474072,6657.679930495358,67.54393266648594,4.305986,0.5880629,1.956397,1.1573037,1.97000343943334,1.1506068528565863,2.4892216988971527,1.6169756321020152,,
1984-02-17,38.7789474072,5830.955930495358,69.98304875692043,4.5440454,0.58672017,2.8573422,1.1542504,2.8684856042224696,1.146631290220605,3.4306482398555693,1.6129921637271107,,
1984-02-18,38.7789474072,4912.848530495358,71.90306026696727,4.5013256,0.5489683,3.2244315,0.78726244,3.234431582208902,0.7811087822592138,3.814085184666007,1.2474667003760471,,
1984-02-19,38.7789474072,3879.534730495358,73.50104950866849,4.406605,0.5367079,3.4622827,0.75070226,3.4716284681987712,0.7432916459554042,4.0626192709892,1.2096477302658928,,
1984-02-20,38.7789474072,3351.845030495358,74.71864309608691,4.2698183,0.51736987,3.8362484,0.6926232,3.8412071855826655,0.6847271468746476,4.449862587722399,1.1510805021405417,,
1984-02-21,38.7789474072,2307.060130495358,75.90352779145505,4.0942197,0.517113,3.6343904,0.7492521,3.6419917696114417,0.7369158005738041,4.241125355851583,1.203270607480568,,
1984-02-22,38.7789474072,1802.661030495358,76.61098480625068,4.041975,0.5016235,3.2308307,0.7167279,3.2479125860236238,0.7017138163937782,3.8282105343805664,1.1680716285623785,,
1984-02-23,38.7789474072,1552.115930495358,77.49864860686635,4.376844,0.5002743,3.6894107,0.66673857,3.7061672540943977,0.6506007402168056,4.308368209119905,1.1169550745349044,,
1984-02-24,299.2529474072,1946.133130495358,78.35587792201679,4.7123837,0.48540747,4.7563667,0.70990086,4.750504915004793,0.6186806951864057,5.4026216403321135,1.0850280009601145,,
1984-02-25,212.9292774072,1865.9677304953584,79.15276018387567,4.6863766,0.5144798,4.6744995,0.6562413,4.67571600959257,0.5913787357492669,5.324258080894269,1.0577265033996537,,
1984-02-26,85.0209214072,1792.064530495358,79.95585234124135,3.9143772,0.4737922,3.8106523,0.8602199,3.815350385959469,0.821537324009951,4.422769921464262,1.2878908651257954,,
1984-02-27,97.4937144072,1415.479730495358,80.57116054465948,3.9926362,0.454316,2.4779906,0.67907,2.5755920913189376,0.6359859189379625,3.1237554182416356,1.1023492681966935,,
1984-02-28,38.7789474072,1474.9369304953582,80.8278099807407,3.9551115,0.45854455,2.1344538,0.72185427,2.181096073677079,0.7034596192361567,2.7104038394736705,1.1698264581144657,,
1984-02-29,38.7789474072,1360.085930495358,81.13398886862758,3.6913767,0.42073956,1.5702721,0.6117586,1.629072766338013,0.5949139271153275,2.1319957050410734,1.0612859478053949,,
1984-03-01,45.1097889072,1169.4261304953582,81.51817771861175,3.1867332,0.4308766,0.54448545,0.41415027,0.6426227205102525,0.39908906496842483,1.0983967190335377,0.8654712130866872,,
1984-03-02,63.6881674072,1086.617630495358,81.82931839806797,3.3421793,0.4061278,0.22834927,0.31677046,0.4007504930390931,0.30007571368812047,0.8449638258881045,0.7664605148506185,,
1984-03-03,59.4204214072,1013.093490495358,81.95359579735964,3.2260218,0.4005707,0.18277961,0.31095803,0.351384165656846,0.2945672340834686,0.7932379568073342,0.7609525849540089,,
1984-03-04,57.1228724072,914.108230495358,82.04109428713376,3.4892125,0.40092087,0.12331325,0.29347605,0.3212783191532363,0.27721995358156076,0.7616931537525399,0.7436056410570426,,
1984-03-05,52.6487584072,899.4686704953581,82.10403290023258,3.5873637,0.40251535,0.089559615,0.31061065,0.2829759283445348,0.29427790645734647,0.7215600395933555,0.7606640236789455,,
1984-03-06,44.4436114072,882.198170495358,82.17967241195576,3.9172459,0.37536436,0.2079792,0.32747406,0.385883123049581,0.31228711621211624,0.8293858464346556,0.7786720826337665,,
1984-03-07,68.3047924072,839.7460304953581,82.19414179784869,3.5403872,0.40329838,0.25013912,0.34067148,0.49763595709296643,0.3165029523254319,0.9464800839373622,0.7828866827415227,,
1984-03-08,107.1986634072,733.212570495358,82.13956083310396,3.1868205,0.41236857,-0.12716454,0.25861397,0.2955508537294856,0.23167655879703616,0.7347360034264748,0.6980625347452217,,
1984-03-09,137.6748174072,702.188460495358,82.04143496305632,2.8837328,0.42166618,-0.3202622,0.23070042,0.20495356077033078,0.20489408336245046,0.6398084695552256,0.6712810811699317,,
1984-03-10,144.6623774072,648.8837304953581,81.9159818148779,2.8457994,0.40629467,-0.37525582,0.22429058,0.21193817651770688,0.197794009982633,0.6471269260596118,0.66418092867581,,
1984-03-11,154.6514374072,623.8195304953581,81.77533749616408,3.1389003,0.37718567,-0.42777836,0.22726947,0.28077982543617086,0.1969326874925122,0.7192589704729739,0.6633188294048464,,
1984-03-12,136.8875574072,612.1845304953581,81.63693643942422,3.029521,0.39053172,-0.45278835,0.22826974,0.1835787305001998,0.1997399012630168,0.6174119954643844,0.6661271415284009,,
1984-03-13,122.4049474072,592.437830495358,81.4985495863678,3.300828,0.38366947,-0.45214784,0.23727621,0.19048690600586068,0.20733061527128696,0.6246503581447993,0.6737177771190682,,
1984-03-14,111.5788074072,611.939630495358,81.50591295289192,3.7616763,0.36590642,-0.34644926,0.2860189,0.28709334294661926,0.248404207063258,0.7258742525387418,0.7147902780077192,,
1984-03-15,106.2526474072,625.6403304953581,81.40593434422003,4.046252,0.4056816,-0.1895895,0.42832503,0.4253492446837775,0.3708493204522696,0.8707383137747788,0.8372338487408606,,
1984-03-16,98.9939324072,679.706830495358,81.20221419342701,4.3243017,0.41090643,0.32042065,1.5800201,0.829422249389427,1.3801457313972056,1.2941246268508912,1.8465258763310501,,
1984-03-17,38.7789474072,861.6118304953579,81.183744326317,4.109192,0.49765173,0.99013174,0.77233285,1.124466596646258,0.7393799442043565,1.6032710853479524,1.2057570064447651,,
1984-03-18,51.5572764072,864.382330495358,81.05993543099382,4.1327033,0.49263644,1.1324329,0.5410079,1.3013149986498402,0.5113076213996673,1.7885722364412862,0.9776828835978195,,
1984-03-19,92.8198674072,878.381430495358,81.15990378045808,4.0584674,0.49063364,1.6508144,0.5948907,1.880919161931723,0.5400751334250399,2.395879497450327,1.0064447468239077,,
1984-03-20,135.4089974072,920.397330495358,81.13001485378692,4.432396,0.5944621,3.0865188,0.8291768,3.25912985185425,0.726843052264276,3.8399639471735916,1.1932007764339452,,
1984-03-21,112.7599574072,1467.441730495358,81.54335570392477,4.4403586,0.6362941,4.231543,0.95044345,4.246443716029971,0.8837888399248494,4.874468039093305,1.350139382379533,,
1984-03-22,38.7789474072,2143.066930495358,82.27812879154123,4.172666,0.62150735,4.4745426,0.68113536,4.469177227520409,0.6691204014565172,5.107847451056566,1.1354694778623027,,
1984-03-23,38.7789474072,1809.2584304953584,82.85347476433793,3.4834814,0.618745,3.9056072,0.75541526,3.896749396809287,0.7396776785088959,4.508059526784102,1.2060306371413039,,
1984-03-24,38.7789474072,1547.079830495358,83.33837078309887,3.7814279,0.6794638,3.470316,0.6436898,3.477923541940404,0.6281694474401164,4.0692152277370495,1.094525483958849,,
1984-03-25,38.7789474072,1400.667630495358,83.76397212705179,4.46285,0.74249715,4.078204,0.8141752,4.0885665851292305,0.7924936583173025,4.709044921011483,1.2588452742916192,,
1984-03-26,38.7789474072,1212.110330495358,84.12751847461851,4.45427,0.79620785,4.5620193,0.79996896,4.558678995965632,0.7755619284615858,5.2016270980869805,1.2419104317398295,,
1984-03-27,38.7789474072,1026.017560495358,84.42332682592259,4.7298512,0.8114424,4.8581333,0.8580328,4.853461396461888,0.8273119871977634,5.510499089663731,1.293658667603725,,
1984-03-28,38.7789474072,1156.069530495358,84.70048866463891,4.196739,0.88122374,4.2873807,0.9363467,4.28443891488232,0.9064087978791985,4.914279278570707,1.3727590862329002,,
1984-03-29,39.5042209072,1402.049630495358,84.98184640324223,3.5638933,0.8146,3.3907533,0.7750751,3.395497984584553,0.7541654469330091,3.9828500104972613,1.2205221128088406,,
1984-03-30,38.7789474072,1168.739630495358,85.24404019934862,3.829136,0.78002167,3.5112386,0.6528045,3.5214477126883597,0.6323363384352004,4.1148197050668225,1.0986920457613474,,
1984-03-31,38.7789474072,1091.943830495358,85.48679655581918,4.108482,0.80559695,3.918826,0.72621095,3.925330484029996,0.7018490592228993,4.538006692274402,1.1682018151292084,,
1984-04-01,91.9441774072,1203.132030495358,85.74371837551995,4.5557313,0.8116626,4.463652,0.82243955,4.470189311298261,0.7662201981438475,5.108907908979364,1.232569268017509,,
1984-04-02,103.2127374072,1534.9687304953582,86.01298732809852,4.920216,0.8070696,4.9107575,0.8620777,4.911353471971556,0.809361886350426,5.571158208488602,1.275708220439062,,
1984-04-03,113.3667874072,1837.9379304953584,86.4786538728503,5.356559,0.82709944,5.79859,0.816854,5.772909069784374,0.7708955736718756,6.473893218796394,1.2372372068164756,,
1984-04-04,275.3115974072,2370.804530495358,87.02943910687618,4.8359365,0.86662805,5.682478,0.71220994,5.594400687943945,0.6444479896342311,6.286852746504369,1.1107905270573861,,
1984-04-05,1913.9757474072,2180.095930495358,89.45989314056631,5.4576902,0.772588,6.476278,1.1196005,6.000088817412551,0.6970612092199693,6.711931381786079,1.1634017442331932,,
1984-04-06,1867.8402474072,5181.603930495358,92.91939757174951,4.3548274,0.61583096,6.20274,0.82019645,5.7131121036237325,0.624566546570526,6.411238162058976,1.0909084785722003,,
1984-04-07,1111.2659474072,6441.694930495358,95.67148748175762,3.8639903,0.48479787,5.8718987,0.71634007,5.576475411870108,0.615094764086963,6.268070703508694,1.0814373943286053,,
1984-04-08,924.7825474072,5324.119930495359,97.65099545112112,3.966638,0.5031874,6.1024127,0.7128498,5.7863368627356015,0.611902453584874,6.487962814350076,1.0782440201814674,,
1984-04-09,779.0028420988,4162.209930495358,99.13231351382804,4.049891,0.54336756,6.184836,0.71824926,5.84825292324906,0.6110487857297909,6.552838250906612,1.0773900481386904,,
1984-04-10,846.7974670820224,3346.0409528110617,100.0,4.1321607,0.56313336,6.345764,0.73865664,5.898698557744715,0.6003468151682874,6.605695014291385,1.0666878329839433,,
1984-04-11,1386.5605032512406,2943.094637672202,100.0,4.126856,0.53744066,7.672602,0.94307405,6.53708637903847,0.6637600653342495,7.274595591223384,1.130098239299966,,
1984-04-12,1197.9177041976,2416.9555561333777,99.90668551927465,4.246352,0.54389524,8.722597,1.0893224,7.239233070521222,0.7503067108297168,8.010302494390618,1.2166422951834126,,
1984-04-13,450.8945374638068,2395.4420738100966,100.0,4.3827777,0.6927806,8.880524,0.90731764,8.168025697355242,0.7714335490286268,8.98348823386854,1.2377665741449029,,
1984-04-14,1042.3118978953507,2322.926576923941,100.0,4.228451,0.6378443,8.158194,0.9679431,6.941038334499192,0.6967385733464372,7.697855069314446,1.1630751885975625,,
1984-04-15,1526.0802915576432,3361.3869488840487,100.0,4.3805943,0.6347823,8.271994,1.0521847,7.056929143830007,0.7503003034561697,7.819285063178361,1.2166365059758097,,
1984-04-16,2659.583372006161,6791.171467553263,100.0,4.146353,0.63498175,8.250232,0.92844564,7.095338989031273,0.690683262681216,7.85953076768276,1.1570193317979893,,
1984-04-17,2940.5476059387265,7087.175049213397,100.0,3.5574846,0.528023,8.189968,1.0195229,6.831530238234218,0.737004814885678,7.583112860382708,1.2033418342524371,,
1984-04-18,2031.677827845985,6135.12570911653,100.0,3.8631268,0.48204875,8.46097,0.9127451,7.317152030635436,0.6960867033755095,8.091945714445652,1.1624220351128522,,
1984-04-19,1756.8114842237042,6379.309831669244,100.0,4.078547,0.5524423,8.646016,0.8835336,7.659774410352091,0.7029496871757157,8.450944272716749,1.1692839905172911,,
1984-04-20,1472.0260181021708,6105.2824316713895,100.0,4.3327894,0.63632095,8.582843,0.87013566,7.757194876377164,0.7119109922687884,8.553021104002616,1.1782450277145113,,
1984-04-21,1169.5834638868614,4719.262665028983,100.0,4.4904757,0.747323,7.8725486,0.83258295,7.20083522906339,0.6835332300257374,7.9700693673675564,1.1498689414209167,,
1984-04-22,915.3720115127232,3456.179923853729,100.0,4.7199693,0.7180877,7.476653,0.82368964,6.8994230314256395,0.6683484791741302,7.654250697008775,1.1346852463816697,,
1984-04-23,778.4392010079791,3025.442532561566,100.0,4.5573964,0.6352367,7.208752,0.82748574,6.666169764197431,0.6708619354692402,7.409848720943464,1.1371995910553034,,
1984-04-24,816.0956817415117,3222.739021441625,100.0,4.630053,0.6441492,7.4736905,0.8532593,6.899098968586637,0.6931774793506027,7.653911145073822,1.1595142477492153,,
1984-04-25,756.0518448051288,2918.360958718633,100.0,4.463067,0.57345724,7.698192,0.8751457,7.0325286777800375,0.7050188360993274,7.793718338260024,1.171355124241712,,
1984-04-26,617.2269673017145,2450.122316609815,100.0,5.0457516,0.6627081,8.696779,0.9546618,7.962101673315991,0.7741324121211101,8.767721745396274,1.2404659195223093,,
1984-04-27,503.288420776448,2008.629534787992,100.0,5.433613,0.80538934,10.366254,1.0557879,9.377948837378549,0.859533448444564,10.251241564069613,1.3258646195320047,,
1984-04-28,441.7419606832132,1691.535984476876,100.0,5.732114,0.996458,11.0009575,1.0377016,9.90992791636653,0.8482999786599283,10.80864742455371,1.314630864510403,,
1984-04-29,492.3613171753219,1526.802218104302,100.0,6.3291945,1.0740011,11.774244,1.0980693,10.446500504456523,0.8706336471331237,11.37086634817277,1.3369645731796032,,
1984-04-30,444.6571274855306,1381.4671101575127,100.0,6.8420334,1.3248457,12.6316595,1.1370343,11.221898623282035,0.9186727019095873,12.183325846512272,1.3850042678255754,,
1984-05-01,631.387335006161,1508.2987975532633,100.0,6.5986376,1.4229261,12.553196,1.0352294,10.79610051551971,0.8419241158527194,11.737176044716923,1.308255245263327,,
1984-05-02,554.780298006161,1330.5966975532633,100.0,6.454301,1.4568598,10.523647,0.97756696,9.326224602287313,0.8122522127714256,10.197045087351468,1.27858342885865,,
1984-05-03,545.4838861417179,1079.375075371567,100.0,6.542365,1.3124789,9.627238,1.0405184,8.591610775508244,0.8196977811950646,9.427319230804102,1.2860299667454977,,
1984-05-04,1992.468070574545,5402.30644984978,100.0,7.780593,1.1860788,10.515563,1.1263028,9.778645263538817,0.8827109817414863,10.67108990968813,1.3490419078992626,,
1984-05-05,1436.1407251171884,4145.307686679393,100.0,7.8916388,1.1317604,10.209884,1.0650477,9.613385126246751,0.8429060748951331,10.497930902747022,1.3092370798186188,,
1984-05-06,992.8491286423136,2945.208600361472,100.0,8.194994,1.1848948,10.166536,1.1191766,9.669478073701066,0.8887252552663398,10.556704901345505,1.3550562299530322,,
1984-05-07,776.2905452317983,2366.687870549324,100.0,8.130486,1.2899774,10.134167,1.0633931,9.639273481831546,0.861803410982708,10.525056633233854,1.3281344015039394,,
1984-05-08,906.0436492405436,2233.7679414168624,100.0,8.633942,1.3750873,10.170126,1.149196,9.726835018908554,0.9087822267602381,10.616803312469003,1.375113174250144,,
1984-05-09,1018.1890855222662,3034.396403200544,100.0,8.452903,1.2921102,10.207489,1.0418699,9.766659191927996,0.8449576711728918,10.658530944826648,1.3112886019927792,,
1984-05-10,710.6118381198544,2310.319528322645,100.0,8.282249,1.1966021,9.595338,1.0305461,9.286460882307349,0.8368869364012654,10.15538079748194,1.303218189163168,,
1984-05-11,623.5504752829296,1960.5257487224364,100.0,8.714176,1.2496619,9.572797,1.0335349,9.365607379796563,0.8401215654143506,10.23831022700237,1.3064527469608265,,
1984-05-12,546.6773949239437,2047.1715523679209,100.0,9.299168,1.2812685,10.523191,1.0501977,10.26521723445373,0.8717386414056506,11.1809183575497,1.33806951703748,,
1984-05-13,558.3829145829129,2054.3833250003768,100.0,9.299009,1.2510252,11.541031,1.0168344,11.061881040746188,0.8430417023819557,12.015659970523952,1.3093730799343684,,
1984-05-14,1561.1956145829129,2191.556822387374,100.0,9.441693,1.2212409,11.45162,1.4127742,10.615463453658586,0.9689222387686541,11.547905148775744,1.435253245647145,,
1984-05-15,1181.7357145829128,1938.40954600264,100.0,9.031448,1.205241,9.902531,1.2655221,9.572613635777758,0.9091223000367401,10.455210674403979,1.3754533291965831,,
1984-05-16,1025.2192145829129,1836.1156128343807,100.0,8.796089,1.1932337,8.725346,1.1443019,8.750693102238511,0.8496942761733681,9.594005148956347,1.3160261994241624,,
1984-05-17,1160.473454458537,1873.9158106218,100.0,8.975964,1.0966696,8.999194,1.2543272,8.990309840205896,0.880876937045099,9.84507474790973,1.347208519843828,,
1984-05-18,1051.695272006161,1625.3431675532634,100.0,9.059991,1.1145372,9.322411,1.2702847,9.21931697290474,0.8868670546788147,10.085027638729859,1.3531983734736814,,
1984-05-19,936.582372006161,1547.6928275532632,100.0,10.004018,1.1467389,10.214756,1.3531406,10.13530681629069,0.9473941456550455,11.044798665475017,1.4137250082788986,,
1984-05-20,864.9973720061611,1518.0924675532633,100.0,10.484668,1.285427,10.972308,1.2652011,10.79530784569898,0.9312763620169378,11.73634548798837,1.3976074908083242,,
1984-05-21,1032.0300720061612,1943.622717553264,100.0,12.059907,1.2763009,11.758158,1.392511,11.86281183493301,1.0115480316688321,12.85487251882795,1.4778806455959528,,
1984-05-22,760.329172006161,1457.6301475532632,100.0,13.2628975,1.447869,12.752083,1.2984884,12.927193021360365,0.9872046314843388,13.970127487561463,1.4535400238837106,,
1984-05-23,610.0351352501875,1363.664024363642,100.0,12.737878,1.5198134,13.917763,1.174629,13.553081418008187,0.9377162456439249,14.6259312100766,1.4040538768665136,,
1984-05-24,735.3552490086645,2105.9217188091125,100.0,12.720693,1.5174233,13.805058,1.1204009,13.524411385357773,0.9186104919952027,14.595890847869098,1.384948010872477,,
1984-05-25,474.3239524612684,1229.5150443807613,100.0,13.246259,1.9262404,14.099993,1.1720445,13.862325640470882,1.0014328884585002,14.94995624927452,1.467771791232482,,
1984-05-26,442.8861546625597,1049.8833684035412,100.0,13.207499,2.3143363,15.510516,1.2356024,14.827239478336734,1.1075439455430947,15.960989670197412,1.5738875189231463,,
1984-05-27,421.4425168727346,993.6810534288188,100.0,12.363709,2.397304,16.029478,1.1431667,14.93776369048894,1.0742796662187768,16.076796561882375,1.5406238425554575,,
1984-05-28,832.6492391857032,1211.2613364222532,100.0,11.116096,1.8981365,13.7560215,1.048758,12.680567237785406,0.9920771564587195,13.711713834579687,1.4584117897274447,,
1984-05-29,5580.538430046021,12274.907330338896,100.0,11.520769,1.7052763,12.153544,1.4261253,11.955776923320018,1.115905978831679,12.952281020654599,1.5822387837906815,,
1984-05-30,6323.8138145829125,16519.463958809774,100.0,13.19247,1.8793507,12.072443,1.2108492,12.382505324476575,1.018544485944216,13.399405580688375,1.484878294602864,,
1984-05-31,3784.412214582912,12017.787747790226,100.0,13.513463,1.731911,11.7967205,1.0965924,12.207857014908939,0.9314210487709439,13.216409678928786,1.3977544214654238,,
1984-06-01,2668.7168399707857,8436.78524287905,100.0,13.44584,1.6404912,11.661513,1.076527,12.090297393009072,0.9078860714149213,13.093231108959568,1.3742191702974647,1.8944613665375658,4858.105538633463
1984-06-02,1937.419824045572,6109.138694511587,100.0,13.685855,1.6979837,12.029273,1.1095054,12.428138531289257,0.936333564030572,13.447219898797389,1.4026674923492906,1.8875945101107936,4856.217944123352
1984-06-03,1601.7173131088086,4369.655517433402,100.0,13.207178,1.8049086,12.017355,1.1385896,12.336504412747692,0.9636288472768503,13.351205982625101,1.42996253772184,2.023477805948735,4854.194466317404
1984-06-04,1228.0553889512041,3388.6042675532635,100.0,13.845832,1.7083542,12.635143,1.244499,12.957192718182862,1.020249529812483,14.001561067343243,1.486585019298724,1.9380469450431337,4852.25641937236
1984-06-05,975.3092650827615,2595.4378675532635,100.0,14.340707,1.834559,13.470684,1.3180863,13.708320949491888,1.0811940139446716,14.78859066050543,1.5475322698098024,1.8784530766002496,4850.3779662957595
1984-06-06,757.9370515035461,1929.700806196568,100.0,14.735783,2.1487365,13.769421,1.3252448,14.041943040628176,1.128082316743902,15.138158747167966,1.594422008283257,1.832602097489503,4848.54536419827
1984-06-07,530.1904874434395,1331.3856630591808,100.0,14.554868,2.3761058,15.330326,1.3431622,15.109469881138892,1.1750561528326489,16.256709721497145,1.6414012936114744,1.9143659703775315,4846.630998227893
1984-06-08,428.9962602810903,1033.1149559930614,100.0,14.272925,2.4999306,18.099854,1.4268229,16.976999219995918,1.2467768804050594,18.213500578921852,1.7131346884490117,2.023156023223413,4844.607842204669
1984-06-09,359.032507589976,794.5692845130442,100.0,14.124806,2.6934235,20.50402,1.4897203,18.518634297169562,1.3249638172880516,19.82882054296852,1.7913350872515408,2.0999290499247585,4842.5079131547445
1984-06-10,300.0535642567908,670.8690304953581,100.0,13.555454,2.8978822,22.108635,1.5351473,19.46536310912902,1.3882247956755778,20.82079975590909,1.8546056796229182,2.2797453273559607,4840.2281678273885
1984-06-11,261.8436889946006,586.747230495358,100.0,12.504642,3.2290413,23.31126,1.5136497,19.976738443239483,1.4450245873851162,21.356617082940904,1.911411090613199,2.592300763197473,4837.635867064191
1984-06-12,238.31634633286004,500.189470495358,99.96369451879204,11.12016,3.3275318,23.816727,1.4513388,19.719535721709324,1.4557851717926535,21.087120950525122,1.9221688113581445,3.01678633286001,4834.619080731331
1984-06-13,248.27937543863914,462.9594304953581,99.8873575143831,10.342675,3.0821667,24.651518,2.534693,19.65658439564776,1.96970081246167,21.02116076626616,2.4360837626570193,3.309515438639137,4831.309565292692
1984-06-14,270.0685768732046,447.616350495358,99.73267338723645,10.0582905,2.985975,26.269066,2.4306226,20.168866634847888,1.886986256752216,21.557928345350824,2.3533749484644364,3.4933568732046245,4827.816208419487
1984-06-15,242.45901225332878,437.768200495358,99.55201177546157,9.661795,2.7454534,24.106539,1.3045721,18.95787914305028,1.2893836504657354,20.289059790998945,1.7557592534958775,3.730772253328767,4824.085436166159
1984-06-16,247.55468313440255,405.912180495358,99.41231765567608,9.1941595,2.564572,22.651608,1.2729874,17.55348477413852,1.2526629317514404,18.81754017193519,1.7190254556734947,4.002293134402562,4820.083143031756
1984-06-17,267.0753032784435,376.442150495358,99.24340352039836,8.490718,2.235614,22.94075,2.1001859,16.943637349606764,1.539555268759765,18.178544125169946,2.0059128155238626,4.3517832784435075,4815.731359753312
1984-06-18,370.40667173411396,382.6866904953581,99.03545134532708,8.851018,2.5715055,26.139717,4.294009,17.63632319105218,2.522076736284904,18.90433798200836,2.98843996908673,4.445251734113954,4811.286108019198
1984-06-19,396.035216861968,413.51970049535805,98.92887298487936,9.05489,2.6757255,29.497444,5.0721664,19.49692248260048,2.9027461696003867,20.853867559552164,3.369127391682881,4.573776861968044,4806.7123311572295
1984-06-20,298.77999830860927,402.7613704953581,98.7595296157114,9.026875,1.841733,28.98387,2.367997,20.484369450985028,1.569540519338525,21.888511117606896,2.035932896423262,4.77743830860926,4801.934892848621
1984-06-21,269.8938188818457,343.926730495358,98.42579290593775,8.585649,1.3991723,28.488836,1.8603892,19.737504395608415,1.2103923002520296,21.105948465613753,1.676776137420923,5.154948881845683,4796.779943966775
1984-06-22,249.82828756019978,301.3508327064849,98.14934454706132,8.382006,1.1964724,28.425434,1.9979931,19.340519218029268,1.219589641954371,20.689988753572266,1.6859691994556532,5.488043204543368,4791.291900762232
1984-06-23,254.58161751071944,327.0044651927834,97.90089335108637,8.2523575,1.0622483,28.861437,2.0865858,19.840084863213907,1.2619960405920123,21.213431928917,1.728381012918684,5.820274538535537,4785.471626223697
1984-06-24,381.23514920246174,314.99313049535806,97.68477152979057,7.6310186,0.9245718,32.141808,4.564974,18.720384522166036,2.126467192376656,20.04021373907118,2.5928404251732813,6.376359202461747,4779.0952670212355
1984-06-25,501.76083172129586,548.661450495358,97.57475782334376,7.564267,1.0197713,29.413834,1.9996312,18.976834303553762,1.1524648579798138,20.308920943379515,1.6188406529646215,6.79083172129584,4772.3044352999395
1984-06-26,327.2526586255706,435.8573304953581,97.4042097225268,7.8270936,1.0032405,26.101606,1.5480249,18.264750642315327,0.9832866172885455,19.56280211727011,1.4496554833493254,7.141048625570616,4765.163386674369
1984-06-27,295.23497575801025,333.46287049535795,97.11131598586068,7.9835153,0.96713406,27.843485,1.7654401,18.517291567941665,1.0407199447489943,19.827413635873416,1.5070912018049487,7.56017575801026,4757.603210916358
1984-06-28,266.3662876620038,283.23956049535803,96.9367873542692,8.096956,0.9183525,30.048529,2.3947172,19.40970655358431,1.3119236210325798,20.762483007261764,1.7783039114365686,8.0361476620038,4749.567063254354
1984-06-29,258.86895271977096,300.92589077571785,96.66527821108656,7.923195,0.8082819,31.133675,3.420362,20.400327126009493,1.8762731932447445,21.800451856781844,2.3426645775149337,8.69892406226804,4740.868139192086
1984-06-30,560.754195331574,550.084150495358,96.44227615629936,7.332164,0.8575004,33.301193,3.4071968,20.191957087556524,1.7418771092114955,21.582122442768167,2.2082660667822402,9.697175331574034,4731.1709638605125
1984-07-01,617.057141567773,671.488390495358,96.30677824002602,8.055999,1.1629319,28.131897,2.5875695,18.517974894449317,1.4589121189766994,19.828129623052302,1.9252833826011522,10.202421567773055,4720.96854229274
1984-07-02,589.9798319585638,719.9147304953581,96.1975052564516,8.3394985,1.5891081,27.376606,1.6080947,18.80224451856062,1.137274012114876,20.125986363469025,1.6036480546031076,10.978601958563731,4709.989940334176
1984-07-03,511.4287742025873,573.4507304953579,96.19078090743665,8.243175,1.311323,28.282516,1.7178632,18.835664517634832,1.0984869328456992,20.161003724258432,1.5648613080996976,12.094044202587334,4697.895896131588
1984-07-04,496.409428313488,615.0486304953581,96.1535301836274,8.29123,1.1875063,29.201937,1.7966274,19.862608272117477,1.1268247194984422,21.23703187977374,1.5932099426805602,13.310433621887983,4684.585462509701
1984-07-05,477.7444553715053,538.2843804953579,96.11596762073772,8.196658,1.1152556,29.776432,1.9042122,19.629458874449302,1.1369914692144154,20.99273873787837,1.6033741237592927,14.92466067990529,4669.660801829796
1984-07-06,521.9588173833495,606.1393604953581,96.09478959655324,8.218904,1.1116537,29.714796,1.9849967,19.768879247324115,1.1841058663038573,21.138822927991896,1.6504900493903711,16.781192691749425,4652.879609138046
1984-07-07,742.042757430962,865.7083904953581,96.2328635933686,8.211944,1.4568312,29.909178,2.4247584,19.8950188844552,1.4685990485932814,21.27099160859107,1.9349846337678653,19.17266273936194,4633.7069463986845
1984-07-08,588.1901738695765,850.1551304953581,96.2869263619786,8.214425,1.4689271,24.01588,1.9284347,17.554107581805848,1.2884283349782697,18.818192747680055,1.7547908642006484,22.131209177976586,4611.575737220708
1984-07-09,525.1167245592164,726.945270495358,96.27976901219006,8.286655,1.3449358,22.080742,1.9124578,16.29548082749717,1.2454294765832703,17.499407936915745,1.7117821997661467,25.836559867616447,4585.739177353092
1984-07-10,495.4716390309877,621.8584804953581,96.14305028595984,7.952982,1.2120063,21.168715,1.9128903,15.30829729725859,1.1926032273886251,16.465040408449845,1.6589495270730366,31.39524433938769,4554.343933013704
1984-07-11,564.9176621727386,544.431080495358,95.91266625055148,8.167714,1.3063784,24.714443,2.1593893,16.288292661539668,1.2512561665142623,17.49187620119699,1.7176088388964128,38.13099748113861,4516.212935532566
1984-07-12,565.2064928667469,747.305730495358,95.76365975681736,8.5169115,1.1876521,27.064142,2.1411445,19.077157388980314,1.3220380770914342,20.414039129352147,1.7884148948671095,47.017698175146904,4469.1952373574195
1984-07-13,486.81618495649667,604.9585804953581,95.54562428492451,8.492431,1.0224135,29.080692,2.1683,19.900503037711708,1.2850516975510666,21.2767378856266,1.7514373440966857,60.7408902648967,4408.454347092523
1984-07-14,475.02150186049414,499.826230495358,95.29557058223402,8.396141,0.9490657,30.469673,2.2755144,19.71373453819904,1.2550192439275105,21.081042490273404,1.7214028197756075,81.36438716889413,4327.089959923629
1984-07-15,481.84600269701997,418.3068104953581,95.0339326985442,8.27386,0.9085338,32.06151,2.4148188,19.328133321435704,1.2230336089038372,20.677010853460597,1.6894130357787223,111.23136800541998,4215.858591918209
1984-07-16,645.7021657357116,596.384030495358,94.8215209992002,7.988487,0.9016791,32.72978,2.6082551,19.867945054740886,1.3371941593653982,21.24262374236367,1.8035794420711657,148.19483104411154,4067.663760874097
1984-07-17,588.6977683139635,520.0569304953581,94.60093618901932,8.002686,0.88670313,31.411793,2.4831803,18.98263309833418,1.2562791651261602,20.31499690072825,1.7226550189161314,164.3286536223635,3903.3351072517335
1984-07-18,698.8230784861083,884.8463304953581,94.48462139104484,7.7579165,0.9170982,27.64747,1.9420762,18.87084115138031,1.1581071499531916,20.19786168085164,1.6244818768434999,131.6456437945084,3771.689463457225
1984-07-19,538.0145685860178,979.113321495358,94.37238658378446,8.24362,1.0951949,23.125566,1.5912627,17.848025866129007,1.0979462714786112,19.126159321284465,1.5643113515533116,81.54932389441784,3690.1401395628072
1984-07-20,460.6467577650926,684.4998304953581,94.13168922912438,8.30779,0.9348183,25.434174,1.7216092,18.544913080539104,1.0956279768794552,19.856355362353597,1.5619994998735194,54.51666307349261,3635.6234764893147
1984-07-21,428.77571044373656,406.9024504953581,93.9884555771004,8.096782,0.8720418,28.28067,1.9556568,17.92457674643306,1.0521155335272827,19.20636907199096,1.5184812941854178,40.18469575213656,3595.438780737178
1984-07-22,348.0055169035425,541.753990495358,93.87437487042357,8.153006,0.85909563,26.214424,1.6781156,19.150185717826197,1.0755972806858434,20.490557962682008,1.5419748502208925,30.859172211942525,3564.5796085252355
1984-07-23,356.6778778365231,480.88689049535793,93.72899974643222,8.201649,0.844183,28.52332,1.7968879,19.869313496311708,1.0925216965522566,21.24405759076379,1.558906994526143,24.794813144923125,3539.7847953803125
1984-07-24,343.18040808712755,415.794210495358,93.5911018755058,8.120141,0.81784683,30.191513,1.8407845,20.211650394721772,1.0741147968626383,21.602757022697713,1.5405039816595694,20.750133395527605,3519.034661984785
1984-07-25,322.71830150722224,366.723560495358,93.43718542507698,7.956992,0.7855835,29.61212,1.7349828,19.475650801734332,0.9934240195438099,20.83157916505422,1.4598050135909955,17.9090468156222,3501.1256151691628
1984-07-26,309.27253838871104,323.169730495358,93.27238406918288,7.716483,0.7561061,28.512772,2.0078895,18.343114632368877,1.0905956317288372,19.644911638174317,1.5569652319166658,15.777153697111071,3485.348461472052
1984-07-27,417.9362232924154,587.236930495358,93.07727157067042,7.3995895,0.6754306,23.354797,1.9397453,16.72085645969087,1.1675071167043807,17.94511507025445,1.633862951346063,14.105828600815384,3471.2426328712363
1984-07-28,262.43266350832,919.693870495358,92.95498825813004,7.9109473,0.92296636,17.99842,1.0187569,15.758996732948667,0.8186490102963654,16.93728173652696,1.2849981043716456,12.193308816720013,3459.049324054516
1984-07-29,287.44190835287884,630.297530495358,92.8100371461148,8.132856,0.8573441,21.213661,1.2367306,17.116668798752176,0.8908142507258608,18.35984588610609,1.3571731664373397,10.878663661278877,3448.170660393237
1984-07-30,287.894988207767,510.555830495358,92.63217834685062,8.098689,0.80999166,23.668621,1.3724551,18.054617946302773,0.9249143500521373,19.342625796690843,1.3912812822154903,9.919163516167025,3438.25149687707
1984-07-31,282.115484445895,452.79879049535793,92.43606757170195,8.218137,0.8212113,25.054987,1.4629513,18.591734975680854,0.9548971193316841,19.90541518403048,1.421269095116726,9.024049754295,3429.227447122775
1984-08-01,262.9302358419885,410.581330495358,92.17057740302948,8.036876,0.7906105,25.999224,1.6733019,18.986954539810586,1.0657376468289421,20.31952489233512,1.5321135444673462,8.405651150388508,3420.8217959723866
1984-08-02,262.8145081665555,444.665430495358,91.92062284034245,8.236554,0.8413183,25.5086,1.5834264,19.09238395817987,1.0431349564588277,20.429993476510017,1.5095119304748237,7.701263474955525,3413.120532497431
1984-08-03,270.96851927515115,524.864150495358,91.63763108242432,8.154658,0.81754994,25.253746,1.5024723,19.43177534072764,1.029260309277103,20.785606606992168,1.4956408346075267,7.205394583551143,3405.9151379138802
1984-08-04,262.3416784916043,414.549550495358,91.34638324104932,8.179067,0.80169976,26.9705,1.8058904,19.687534050812648,1.1488011770174564,21.053589709151826,1.615184465571415,6.727083800004283,3399.1880541138758
1984-08-05,300.5565758141366,401.244680495358,91.05209704992792,8.241453,0.8225625,28.617233,2.4666076,19.89100965818451,1.453579700374499,21.266790755009495,1.9199652407051437,6.291061122536655,3392.896992991339
1984-08-06,274.7362419652856,401.85523049535794,90.78923928784708,8.27572,0.8167406,28.802275,2.513271,20.46727666219706,1.5291316005565165,21.870601351943638,1.9955237750653638,5.906217273685625,3386.9907757176534
1984-08-07,257.23404386181033,346.71526049535794,90.44180638575538,8.235148,0.82740426,29.34877,2.9306448,20.356057915104547,1.7189369723565633,21.75406672892237,2.1853278369098876,5.5976091702103465,3381.393166547443
1984-08-08,251.0936457504043,336.08263049535793,90.0844127369589,8.276247,0.8113479,28.820847,3.0943582,20.035378537304595,1.8047844058306264,21.418059973051196,2.2711715725383606,5.2970610588042915,3376.0961054886384
1984-08-09,251.2736845420556,316.8253483844022,89.71477232289912,8.262849,0.856198,28.470434,3.057709,19.532495328762106,1.7468101360292163,20.891140666160627,2.2131917406135093,5.042666951677203,3371.053438536961
1984-08-10,268.71802341131695,328.69050102458465,89.3292033175153,8.299679,0.82967,28.614576,3.0933897,19.47681065892082,1.7423986143468444,20.832794459449445,2.2087796208145205,4.791094360950436,3366.2623441760106
1984-08-11,235.6100371173687,328.57997049535805,88.99619685188557,8.150982,0.82822067,27.066235,2.3155284,19.16708124100609,1.3921938232965352,20.508261034115446,1.8585715676240495,4.612832425768712,3361.649511750242
1984-08-12,227.08177919610867,265.84423049535803,88.71211097859745,8.242573,0.733745,27.536491,3.447593,18.648144503442538,1.889827305045206,19.964520894392848,2.3561998296677604,4.387724504508675,3357.261787245733
1984-08-13,221.1457144639558,260.7646417953716,88.47895598228,8.5315,0.9074693,27.616404,3.8391252,18.858458013359183,2.1187021729795426,20.18488667116274,2.5850767759228708,4.128606657511429,3353.133180588222
1984-08-14,216.60456286655273,288.0772979403389,88.13411364837721,8.5019,0.87786347,27.460396,3.1877666,19.323593050890892,1.8582059834027158,20.67225357350388,2.3245853624381088,3.9654271570900796,3349.1677534311316
1984-08-15,205.57665658298492,307.41909475575346,87.91771015933067,8.724502,0.9127922,28.007914,3.1877954,20.28032646629239,1.9450317015518412,21.674715575731998,2.4114216822194656,3.749945104982435,3345.417808326149
1984-08-16,218.95951566268877,341.5679950159052,87.6627042338906,8.544757,0.93770117,27.670597,2.409789,20.199447803236612,1.5134459950422627,21.589971189052033,1.9798350389904593,3.6511846004454576,3341.7666237257035
1984-08-17,252.6087133472914,324.68999926458343,87.39269425920112,8.660899,0.94723934,27.912737,2.7012618,19.48870639963601,1.5747947045762196,20.84525877590727,2.041175838519864,3.5000670705507115,3338.2665566551527
1984-08-18,268.36657421980044,397.71637336506046,87.05917753271886,8.605103,0.96077484,26.037624,1.6888767,19.014015395972955,1.0801685530695768,20.34787916491914,1.546544725772288,3.391878715017895,3334.874677940135
1984-08-19,270.76387601432333,371.0018608060845,86.71548939216562,8.4598055,0.8883427,24.58771,1.5892371,17.78327358405297,0.9922389393704039,19.0583121014698,1.4586034489897803,3.3083904937549584,3331.56628744638
1984-08-20,191.19517084365435,300.9902811218572,86.48868431597475,8.598035,0.8972282,23.330639,1.4743959,17.607587274309324,0.9666702037601352,18.87422858667401,1.4330331897688915,3.1711494789074766,3328.3951379674727
1984-08-21,221.72262657978462,347.6041078934411,86.20243090982314,8.722285,0.9989613,23.435013,1.4030378,17.705184235165245,0.9408331831317691,18.976490348640326,1.407197011176504,3.045568395232129,3325.3495695722404
1984-08-22,254.2822405452558,350.3016685840297,85.8522276744096,8.750316,0.9700258,24.991398,1.4893026,18.160553195469053,0.954502413882558,19.453624388645736,1.4208703146801955,2.945093972702617,3322.404475599538
1984-08-23,254.01123869084125,314.85907936421506,85.58315042710288,8.620665,0.87899345,25.917543,1.7356035,18.194163453186125,1.0377112363816952,19.488841101790765,1.5040794471812076,2.8787636062134667,3319.5257119933244
1984-08-24,180.52260620555447,315.4625759609623,85.37165228338601,8.908211,0.9441422,23.467777,1.4380707,18.16856472748918,0.9770815293234044,19.46201884451037,1.4434495038975925,2.7438291786998987,3316.7818828146246
1984-08-25,228.35005256404648,333.63398031030323,85.06411766116221,8.942116,1.0447469,24.118038,1.456639,17.951630461941022,0.9633420897958483,19.2347158626217,1.4297080925803942,2.660469677348485,3314.1214131372762
1984-08-26,274.93390813829916,392.2716019729951,84.69034581691064,9.008101,1.0285324,24.68227,1.4159997,18.22344984988341,0.9341860359021484,19.519527288139642,1.4005545178758814,2.575600955317598,3311.545812181959
1984-08-27,308.4047339421495,426.1726968814616,84.2932378634376,8.978722,1.0176632,25.604612,1.5041963,18.62440414838692,0.9716526400028112,19.939645831517915,1.4380249331997286,2.510164336954586,3309.0356478450044
1984-08-28,318.81154691439184,432.120408027822,83.88433403218659,8.9658,1.0205876,25.745625,1.6174638,18.621674505105968,1.0266756995761712,19.936785720618953,1.4930479662053004,2.4461999409148194,3306.5894479040894
1984-08-29,355.4759237815613,475.3001118245287,83.43033810060093,8.962202,1.0327471,25.54763,1.6545198,18.45098792811454,1.0446435601758737,19.75794090871021,1.511014182425302,2.384314540310909,3304.2051333637787
1984-08-30,415.20927743672615,549.016808525713,82.92589746288688,8.958068,1.0289466,26.473629,1.7796991,18.931182702588565,1.1059693066881946,20.261087351940375,1.5723446400662437,2.323593320975753,3301.881540042803
1984-08-31,348.5556174900702,436.5856156268434,82.53091582444542,8.986419,0.9739289,27.079393,2.0739062,19.047197789646052,1.2316038533647384,20.38264756358147,1.6979803644979654,0.0,3299.619618072738
1984-09-01,305.5651325955796,436.6755080969997,82.13081522916256,8.959798,1.0525534,23.899017,1.7474372,17.748849410775602,1.1156412123698494,19.02224257038292,1.582005420670834,,
1984-09-02,403.2460450504221,554.5497673971106,81.6179354258126,8.641609,0.9879203,20.978369,1.629394,15.784412553057994,1.03101481250841,16.963912345957876,1.4973640710844243,,
1984-09-03,414.8128590643955,574.6756792994481,81.11915896062544,9.147399,1.1125714,19.855373,1.4631447,15.366382032492938,0.9693512889652374,16.52590139547566,1.4356979357415,,
1984-09-04,303.8246599362638,461.67204413162665,80.75378673965223,9.259794,1.2494705,19.92869,1.5343965,15.694218929898689,1.0498993494576412,16.869407775923033,1.5162480276075498,,
1984-09-05,296.73021724494384,451.87360152217934,80.36204581938092,9.287927,1.2227309,18.696518,1.382479,14.967157685065025,0.9650285289229658,16.107595488920854,1.4313728679682425,,
1984-09-06,363.1278372019344,519.196091306639,79.8990456831785,8.950564,1.2368171,17.59412,1.3815401,14.036791969237495,0.9591666878902435,15.132761472172866,1.425506356295447,,
1984-09-07,416.5328318306412,579.1805118211673,79.38094618319916,9.159373,1.1731539,16.940447,1.2717174,13.685421067789862,0.8877156686858318,14.764596242737376,1.3540538306748686,,
1984-09-08,437.1991131954271,610.9305241414042,78.83495843481322,9.249123,1.1489671,17.745602,1.2327442,14.201523739633567,0.8637058973303441,15.305366858086483,1.3300463206009498,,
1984-09-09,508.240670452689,627.71424481951,78.24914763807598,9.336183,1.1098186,19.25327,1.3172973,14.816238574537103,0.8811520691367707,15.949462960800865,1.3474955832666966,,
1984-09-10,442.58646832806,597.6453426387252,77.69342706667088,9.39823,1.071117,19.229137,1.2561642,15.04639014512031,0.853548839141109,16.190614989724164,1.319893621694328,,
1984-09-11,664.351314464656,626.19332481951,77.04722515910721,9.354586,0.99612623,23.378307,1.7718241,16.15912432620852,1.0010335179404894,17.35653406097688,1.4673852875261089,,
1984-09-12,564.5201145509985,582.81395481951,76.45779167401585,9.609939,1.067015,21.371666,1.7325841,15.584570601425124,1.0247977381402174,16.754518632162494,1.4911457231964933,,
1984-09-13,308.72382336335954,415.7078370874996,76.17794807065178,9.60119,1.0253987,19.838303,1.337086,15.475654155891998,0.8829854945451876,16.640396352845126,1.3493328047466076,,
1984-09-14,295.8981356228447,410.89273950339697,75.76685274950768,9.549822,1.12066,19.7231,1.4419764,15.464055535061947,0.9606508417373351,16.6282433575873,1.4269980808720955,,
1984-09-15,317.71928080235654,420.2839000190333,75.33411057490575,8.78568,1.2712278,17.964903,1.4834191,14.013136510222573,1.0065699790504024,15.107975363079172,1.4729095416054534,,
1984-09-16,306.33888110762626,423.7076235592814,74.86829809615902,8.75796,1.4845072,14.7372,1.3509226,12.22821779997516,1.0013858295764222,13.23774363992131,1.467719251299805,,
1984-09-17,285.1944449386471,465.2402988843265,74.35474352275797,9.332128,1.3938733,13.171288,1.0550644,11.712257148691652,0.8416977617878937,12.697121833229703,1.3080300873105348,,
1984-09-18,293.2701359352329,470.2876853913505,73.92676190692727,9.450429,1.2591927,13.913375,0.9928689,12.199229979000082,0.7796569534651205,13.207370300193531,1.245990305528657,,
1984-09-19,297.12613209098043,475.8536494537857,73.49047924823417,9.496535,1.2170029,14.550022,0.9810649,12.607509488499986,0.7639371595698569,13.635164174613847,1.2302715813182932,,
1984-09-20,301.26150372971887,471.31789249988606,72.9448193092835,9.681562,1.1496943,15.402943,0.9611761,13.17193362325983,0.7381185374819913,14.226565853627829,1.2044547519811826,,
1984-09-21,295.735719385874,461.6061860734486,72.47061894287263,9.566829,1.2134509,16.420176,0.99035066,13.744000579377133,0.7673931313248222,14.825975654734476,1.2337315346507713,,
1984-09-22,298.1811614968871,470.5055362110237,71.97766634824157,9.64893,1.1808741,16.476856,1.0453407,13.82823605791513,0.7869112350515681,14.91423730120201,1.2532499922918845,,
1984-09-23,304.822775506413,479.6273256557037,71.47053920614742,9.752915,1.1687794,16.892479,1.0856265,14.118176820674057,0.8042762028321452,15.218036241307898,1.270616240295571,,
1984-09-24,303.4914064987914,479.1683439880952,70.90207390717677,9.760399,1.2486743,18.305794,1.220931,14.992152151143413,0.8906125757742573,16.13378460503848,1.356957053952184,,
1984-09-25,303.2001557913729,480.51791043138667,70.45401625270567,9.941431,1.3727262,19.315195,1.4072235,15.688729343971179,1.0131488137540732,16.8636558065534,1.4794974568770185,,
1984-09-26,311.0218162268108,488.99144026466064,69.98800328401397,9.958245,1.964551,18.372454,1.3886353,15.101254917268289,1.141817614118205,16.248102110434974,1.6081627079870653,,
1984-09-27,304.2896346340398,475.7034750092396,69.43788309527396,9.590423,1.7613127,14.456984,1.1391647,12.558448783317823,0.9771488519021464,13.583758535429608,1.4434831350339188,,
1984-09-28,300.2415711356832,458.7546790408856,68.95780629046772,9.539504,1.694931,11.702547,1.2420433,10.84689668608627,1.0065374126809203,11.790400098598543,1.4728685832713355,,
1984-09-29,291.33792906452,451.3810706622704,68.4872613666781,10.548446,1.9533359,10.661709,1.2269276,10.617280392767142,1.0691506089487623,11.549808931362794,1.5354816168739336,,
1984-09-30,293.26815239975184,459.2731939046696,68.24049550576525,10.876,2.0706127,11.819068,0.964387,11.451551034480877,0.9987660755702876,12.423954857938922,1.4650979629973835,,
1984-10-01,289.72582067928863,479.87788455921486,67.85422707455938,10.877879,2.0887308,11.48777,0.91683537,11.258169896370692,0.9721775527224135,12.22133076246742,1.438509165406511,,
1984-10-02,293.8373952979426,403.7317151574319,67.46026126967318,11.188113,2.0544362,10.482595,1.1276737,10.779781056492855,1.0839147132757188,11.720076571333864,1.550245830082733,,
1984-10-03,267.8844757988435,462.580904291461,66.99596597366639,11.888239,2.031355,9.57933,1.0916775,10.426079311577805,1.0163158932051257,11.349469092080804,1.482646811693843,,
1984-10-04,275.7312350221345,471.7968737398031,66.53255339524775,11.822204,2.154393,9.916544,0.9285363,10.6194605328388,0.987386386970163,11.552093274677441,1.4537173961562266,,
1984-10-05,298.82028466914926,489.7937204596541,66.0299899576079,11.784833,2.0860806,9.80732,0.9773641,10.55663564028688,0.9966416615009344,11.48626556701769,1.4629726365308766,,
1984-10-06,289.30275759800287,510.8078260399777,65.59883511564601,11.496088,2.1390996,8.699944,1.0530583,9.710969176727023,1.0247971385158616,10.600179137265862,1.491128093152361,,
1984-10-07,310.822679087351,502.865839639543,65.33953401430172,11.742661,2.1275904,8.487498,1.376161,9.730945279565834,1.1763638078033936,10.621110029535478,1.6426947534888339,,
1984-10-08,337.2061555964012,568.5054267241137,64.99041311453281,12.00904,1.9001622,9.243745,1.0598478,10.273293907402874,0.9711081265207155,11.189381067857088,1.4374390035986224,,
1984-10-09,342.8320434739257,561.3388330977168,64.63541920669087,12.733003,1.7827955,11.135405,0.9863243,11.741161559496248,0.9120905513837548,12.727407776065974,1.3784229302651798,,
1984-10-10,331.9426209560269,543.701775918906,64.34488081541619,13.037377,1.7119305,13.379542,0.8146105,13.249833138814795,0.8227966310111865,14.308188699740148,1.2891331215531003,,
1984-10-11,312.0775394973343,532.8429713721013,64.07280166861246,13.25325,1.755396,14.412629,0.8295513,13.984404054604386,0.8331073623383651,15.077869594299422,1.2994467971862056,,
1984-10-12,313.16075939190824,529.504878359988,63.58109140296666,13.608916,1.7043307,14.789703,0.91553825,14.350886163219098,0.855650835942965,15.4618682949495,1.3219919704785195,,
1984-10-13,317.23004561205084,511.3309015346399,63.07452728026615,13.913871,1.63177,14.6676445,0.94715184,14.379048154679973,0.8555567391144632,15.491376333335253,1.3218980106165685,,
1984-10-14,319.7657447589878,514.5480877937798,62.54349186352957,14.197319,1.5494117,14.17631,0.98005134,14.184361832371195,0.8473371403168033,15.287384670322016,1.3136774834965679,,
1984-10-15,319.8730164735775,518.5113294067783,61.99491250592264,14.401942,1.4355948,13.609259,0.9758351,13.911695232197117,0.8150116593403938,15.00168553872376,1.2813507752370077,,
1984-10-16,321.2001385270864,523.6269643940711,61.40879466238604,14.546111,1.3649999,13.735018,0.9039228,14.043392459518127,0.7636838522830754,15.139677443326265,1.2300235503374357,,
1984-10-17,321.2585844998124,521.8567610594362,60.83350674042028,14.545759,1.3360624,14.169512,0.9173022,14.312876175388597,0.7625888222463679,15.422041559631344,1.2289297733577138,,
1984-10-18,319.2067349920013,519.0477575583461,60.262875152808434,14.761458,1.2018085,14.341108,0.8946843,14.501177341889726,0.7185718594407786,15.61934287821589,1.1849137354175303,,
1984-10-19,317.7144471837127,512.6831895915446,59.69741505212144,14.706393,1.1845133,15.035272,0.91997796,14.90944106020692,0.7266383603523919,16.04712020668894,1.1929823808457258,,
1984-10-20,312.0886030461708,506.5847872627818,59.14966489900338,14.535275,1.2228436,14.937097,0.9317295,14.783917319826706,0.7414239882710298,15.915596860599994,1.2077673291215685,,
1984-10-21,314.09583263113313,510.1309336681133,58.58367884340437,14.778422,1.1637522,14.457751,0.9647059,14.57995241398475,0.7437583237477355,15.701883129477944,1.2101005986695057,,
1984-10-22,303.59068335770013,459.9775187778818,58.09851332752138,14.809952,1.0798368,14.0764885,0.87076104,14.368109623152955,0.6778528024381739,15.479914977392744,1.1441940206327208,,
1984-10-23,194.1339378898984,373.1995593005077,57.75378200164695,14.40594,1.1044012,13.612248,0.8017936,13.883839087160158,0.6488450873419793,14.972497965175505,1.1151840826442365,,
1984-10-24,211.3962738389185,410.6548954160087,57.36206077408465,13.935103,1.1301397,11.918261,0.9060328,12.603659272730441,0.7108186879151395,13.631129931691822,1.1771530986855865,,
1984-10-25,242.6965261599493,443.5108786177423,56.88660493238237,14.05649,1.2063651,10.527353,1.1205574,11.775531608935136,0.8405758219766561,12.763420596379904,1.3069082655503712,,
1984-10-26,262.1897164407495,456.5685413948664,56.40352913587719,14.4942045,1.0324751,9.805513,1.2278651,11.515861175348943,0.8661352304081879,12.491338803707263,1.332467218680222,,
1984-10-27,269.3291740252265,465.5558623138031,55.9389463041273,14.441119,0.97636324,11.320045,1.0252594,12.46389269392403,0.741556024172528,13.484682988186613,1.207890047910471,,
1984-10-28,269.00033028410905,464.6433875436526,55.47860602675535,14.427077,0.9271475,13.595964,0.8601798,13.9007031337374,0.6421491927501989,14.990168055532278,1.1084882609539979,,
1984-10-29,263.3553445867313,461.2204293830085,55.07425274141119,13.97782,1.0386596,14.338045,0.81203616,14.20711732817487,0.6400730564014407,15.311227801039335,1.1064135058488807,,
1984-10-30,260.92146417746187,461.309408022723,54.618628014830094,13.981054,1.1187474,12.342756,0.94801164,12.93462673608282,0.7280189294211014,13.977916508436769,1.194354345781988,,
1984-10-31,273.2931945225595,472.46387039874185,54.12718742476089,14.215945,1.0179348,10.091213,1.0842962,11.602779448940314,0.7816927950899989,12.582411473661047,1.2480249271760109,,
1984-11-01,280.37991521958827,475.8927898054332,53.72868996883289,14.109417,1.0228654,9.995412,0.97203124,11.520634706304865,0.7196765856651481,12.496340493125379,1.1860085816111638,,
1984-11-02,276.3990765314187,471.9054795703067,53.23307697460968,13.69741,1.2370548,9.906139,1.0215615,11.306509836723162,0.7898197833237703,12.27198118672692,1.2561514606763677,,
1984-11-03,275.9807558525739,470.8655869239889,52.74513918802999,13.392376,1.3308291,7.0074143,1.240441,9.366837463146002,0.9238339264806592,10.239599104131083,1.3901651069768577,,
1984-11-04,282.89896875141346,472.1101045500798,52.24375319485792,13.654706,1.1650763,5.132261,1.5916144,8.325587931634033,1.086776617437536,9.148581404346304,1.5531093062873764,,
1984-11-05,220.75841445485432,403.8377993779085,51.88424361711685,13.764668,0.9409581,5.920251,1.2601205,8.692796014062093,0.8800049564421148,9.53334077787639,1.3463369718050455,,
1984-11-06,205.1316231246477,383.7809818522783,51.58753180238234,12.706198,1.0498469,7.780571,0.93289214,9.496278548254185,0.7094523054463292,10.375227030635223,1.1757833850953976,,
1984-11-07,225.0159620718572,406.2030918888989,51.18021395857429,12.19791,1.1161602,6.535612,1.1419872,8.554099142767795,0.835692758481903,9.388014670245761,1.302025010100024,,
1984-11-08,250.507612084048,435.80964796528616,50.7222491972539,12.071683,1.1204921,3.9790015,1.4136643,6.932851604038551,0.9864500848266168,7.689277041122725,1.4527867298147177,,
1984-11-09,260.7841014958416,447.3098250137191,50.27457031514066,12.14434,0.9425468,3.046867,1.2384028,6.397377534669207,0.8558682645953709,7.128209141664064,1.3222070210859584,,
1984-11-10,257.13876334650774,438.3765978503161,49.89163089156765,12.151686,0.8186425,4.444086,1.3539113,7.2936602903597665,0.9054399903221936,8.067331149287302,1.3717753974894975,,
1984-11-11,274.0528753483326,427.05307465544087,49.51974189942087,11.818973,0.77536935,6.682752,1.3014735,8.690431548279518,0.848706679237173,9.53086329871193,1.3150386984433675,,
1984-11-12,270.69871055131296,431.187260689488,49.12649009500548,10.9033,0.9351283,7.770456,1.1372274,8.97871043586567,0.7862276915950153,9.832920931692621,1.2525592893618382,,
1984-11-13,280.572424598426,442.51801136246416,48.73342213691304,9.812202,0.98932034,4.7820187,1.3335989,6.733822740962103,0.9019094959419962,7.480735278737357,1.3682468874551779,,
1984-11-14,298.52211339962594,446.765444318878,48.34437747613749,9.82184,1.0141038,0.7574287,2.584576,4.38814449281351,1.6016959752567386,5.0229416286272235,2.0680455784602736,,
1984-11-15,303.36155125260336,451.993909846436,47.95085463830912,10.166795,0.950525,-0.88362586,2.388631,3.5543810345011937,1.4794229566828916,4.149327127085382,1.9457784163595226,,
1984-11-16,299.94611981238484,443.9271270677686,47.60922163142985,10.076129,0.8392728,-0.39792383,1.4768069,3.8254455510058643,0.9440649408940168,4.433347600891279,1.4104184093582377,,
1984-11-17,346.49948852322484,416.7434043641092,47.27891157292559,9.22854,0.87993395,0.017042518,1.4135226,4.198908266588752,0.8690607423009685,4.824660557660601,1.3354116049839495,,
1984-11-18,343.45787504009274,453.5968863355351,46.890293347484544,9.298846,0.83527285,0.01668638,1.4281458,4.016450332739631,0.8888767384101366,4.633481758274737,1.355228854238734,,
1984-11-19,342.7946711544158,464.4750543629757,46.49524188767508,8.461895,0.9201127,0.10110211,1.6033013,3.6513841987335747,1.0018145933870166,4.250966710979341,1.4681693308336556,,
1984-11-20,338.3343239897971,468.5512006380136,46.08671439942257,7.9338183,0.88693964,-1.1614996,1.789891,2.6522486254306097,1.1039060469400972,3.2040758726465923,1.5702687387634924,,
1984-11-21,332.0134136467117,460.3169710444904,45.68486139990237,7.963769,0.9038275,-1.6792825,2.251102,2.361484424446289,1.361549185242022,2.89941413678292,1.827914406364185,,
1984-11-22,318.20153343279014,452.4100050989122,45.28523167678152,7.764248,0.93703765,-1.9579724,2.4527261,2.0565345830992907,1.4910227980941504,2.5798887354384186,1.9573907757812057,,
1984-11-23,316.0062027151092,453.8092592199368,44.87525676390093,7.918316,0.9191276,-2.1167378,2.276453,2.002612027721738,1.3940083031361215,2.5233888662388533,1.8603767793151809,,
1984-11-24,317.2784696529801,455.1160077224244,44.46270586505409,7.911129,0.88962287,-1.7530183,1.8794566,2.216748410101986,1.1661631362427833,2.747760235708273,1.632529652433954,,
1984-11-25,306.3595500439354,443.1728067742883,44.06503806493573,8.078845,0.82837933,-1.0642008,1.5479906,2.672875254721569,0.9758930694223102,3.2256883843090547,1.4422555854912873,,
1984-11-26,229.39842663816887,335.52078430059817,43.73287493490509,8.102333,0.769044,0.21759802,1.0417871,3.4193758671446983,0.6930871703205963,4.007869174221323,1.1594436530784282,,
1984-11-27,233.1823057428068,349.0593480191886,43.39280763559553,8.322687,0.8224447,1.0036712,1.334112,3.9348682262131773,0.8649812084740839,4.548000305930799,1.3313338969369295,,
1984-11-28,237.0822692453897,359.9581044879574,43.04628305045116,8.744648,0.9430556,2.5541725,1.8189566,5.01238478299637,1.1588326945374772,5.677018470822142,1.6251784334262023,,
1984-11-29,313.96930553445634,244.98151649973624,43.479377105344525,7.2399826,0.9945311,3.0315309,2.0344326,5.395468113413911,1.0522118656298651,6.078411874928787,1.518555453732659,,
1984-11-30,348.914737783031,112.3438034247524,43.83762349859231,6.238883,0.93737984,1.2012912,2.1794543,5.011930725933332,0.8857539600754833,5.676542711383607,1.3520997016130543,,
1984-12-01,457.3679536103178,180.80113326645616,44.370337519904574,6.7627625,0.803823,-0.40514207,2.7439697,4.7320072118472245,0.9675902990617525,5.383239810194848,1.433937718477007,,
1984-12-02,450.5123079455678,267.3501337562476,44.80146517305044,6.265156,0.78753555,0.47895402,1.7704526,4.1102278720077905,0.8240315374086353,4.731741543357433,1.2903830044051534,,
1984-12-03,378.7673068057296,242.19705605160183,45.21925295277921,6.0503035,0.7273014,0.73108584,1.6828636,3.975629088667353,0.7922330888305553,4.590709398276246,1.2585854902367493,,
1984-12-04,367.1760945086357,156.02686778695292,45.78378093344538,5.109606,0.7473662,0.5401765,1.5113131,3.746934341854619,0.6915324432947855,4.351083824319747,1.1578864798500867,,
1984-12-05,408.0813224698614,224.75652204205107,46.05727962679574,4.803557,0.83915544,-0.8582777,1.8302574,2.7927191293437077,0.8457844857731548,3.3512603864723403,1.3121459903075996,,
1984-12-06,345.9157204948806,212.25082604379145,46.3813774549162,4.442459,0.894758,-1.4143466,1.3890218,2.2153248367008977,0.7658169233314082,2.7462686203648548,1.2321834523793955,,
1984-12-07,326.2238002040704,202.29647923559943,46.33041972929243,3.4988341,0.8320562,-2.024311,2.5490773,1.3847944803778967,1.102598785302644,1.876041752035611,1.5689732102339855,,
1984-12-08,333.6422618573315,252.9756547481772,46.160578367312674,3.7460861,0.8476685,-2.6633954,2.7605097,0.9820335071559652,1.2843742602816635,1.454030181063183,1.7507527982695432,,
1984-12-09,289.56773988071893,220.7617786676087,45.94554292891368,4.247953,0.91377664,-2.7288947,2.6462784,1.2298612141605736,1.2566908144571012,1.7137032053059758,1.7230667996383224,,
1984-12-10,286.1117696617828,221.6302721666344,45.77786519415562,5.0242457,0.84109366,-2.8610463,1.9140388,1.582302232442258,0.9605529796277862,2.0829896995021735,1.4269254553624373,,
1984-12-11,335.82021207176416,209.13612403953533,45.70140313214943,4.9134374,0.823525,-1.7112621,1.6544722,2.3710979550823654,0.8128206692661244,2.90948716132119,1.2791858052167364,,
1984-12-12,386.4114103868122,214.7676178026772,45.5971592619736,4.878902,0.82079303,-1.535066,1.8656251,2.587550204078938,0.850017587396852,3.1362850879148003,1.316380833655937,,
1984-12-13,467.8697148509375,185.83046467795816,45.66975598828704,5.6902056,0.9194549,-1.1415567,3.0570545,3.74810795022025,1.0900926081056193,4.352313527153476,1.5564466361170306,,
1984-12-14,477.7899094784319,184.1379659724529,45.76722317720317,4.4899936,0.7073184,0.5911961,1.9903581,3.405409194905985,0.7531491024557783,3.99323494279228,1.2195056922440013,,
1984-12-15,449.680799738592,223.66363528633923,45.82149154477195,4.8475084,0.7372259,0.21752232,2.3353684,3.3095740981705246,0.9187854088600704,3.8928192560287544,1.3851427390754998,,
1984-12-16,446.2142096455376,238.6087464680508,45.8763674211759,4.8488836,0.77697253,0.41051057,1.999323,3.3024479807415954,0.8611412400739085,3.885352534546136,1.3274986257656438,,
1984-12-17,441.30716537690967,280.57182931590563,45.87636598824338,5.9088087,0.97095746,0.40669197,2.7785738,3.7703076988379407,1.2323206085591711,4.375574347869048,1.6986744752527154,,
1984-12-18,412.8742733339917,294.07346642754186,45.866978383575855,5.4334555,0.94524854,1.5369891,2.03812,3.812618014764228,1.0117002966953008,4.419906952266032,1.4780538574951747,,
1984-12-19,368.1624752982774,275.61491787362814,45.88716440760487,4.3301616,0.7167763,1.4879112,1.5867869,3.1133332014617388,0.7934260097841613,3.6871987152732353,1.259784888941009,,
1984-12-20,424.5687120194365,217.0628942509188,45.99569192648531,3.847106,0.77983564,0.38388124,1.9957597,2.675502870118078,0.849775900822651,3.228441590739463,1.3161383945373029,,
1984-12-21,231.96494214259903,75.7558842648832,46.11510707309716,3.4352112,0.8211543,0.20364147,1.0734537,2.6396510513586433,0.6730507021471644,3.190876177596639,1.1394135015506917,,
1984-12-22,38.7789474072,255.96954,46.6405155314546,4.0927505,0.7074143,1.1717116,0.8020461,1.5560216522341879,0.7027147201334121,2.055452997395827,1.169087452657363,,
1984-12-23,38.7789474072,143.84520049535806,47.11239229770052,3.7662988,0.7167204,1.5205984,0.7540882,1.9974570150225968,0.6131507997178715,2.5179874615542226,1.0795193237270426,,
1984-12-24,255.2613149154112,53.678758903644656,47.36448721775368,4.0956683,0.69103026,-1.0068592,1.5203763,3.2090972082844433,0.6291128495630984,3.787539914269184,1.0954709673469778,,
1984-12-25,211.2473756899549,112.07987559457408,47.55380079578436,3.5690646,0.781466,-0.42918825,1.1612419,2.1830890078203806,0.6501722728333795,2.7124920290565178,1.1165390936354083,,
1984-12-26,210.16630965669376,166.68836740607244,47.66219570150164,3.2591681,0.7447906,-1.4291133,1.2816875,1.1854723101303795,0.7027865903863902,1.667192663399016,1.169163027642918,,
1984-12-27,201.27931964964893,172.63179077303582,47.776673993287645,2.9817252,0.7209048,-1.779548,0.8176608,0.7834831547233004,0.5413956940979253,1.245989800494663,1.0077763279699026,,
1984-12-28,147.77880949803023,131.81116008068508,47.799615516441705,3.6321726,0.6603944,-1.4495381,0.96153647,1.2364279050213072,0.5721279488072175,1.7205837615427426,1.0385038673017957,,
1984-12-29,38.7789474072,343.09373049535805,48.07495836615509,5.162893,0.7975819,0.95541096,1.0748241,1.3826782829410638,0.9690669868298925,1.8738244075951564,1.4354414328874325,,
1984-12-30,38.7789474072,609.445030495358,48.39120791388311,4.471367,0.71712136,3.0385132,0.8823164,3.124231330591443,0.8306418644796204,3.6986177377219485,1.2970006564619176,,
1984-12-31,38.7789474072,396.542680495358,48.5219662912872,3.8017573,0.5793294,2.6747482,0.8488967,2.775143443833355,0.774996183890961,3.332844643274068,1.241357835744123,,
1985-01-01,38.7789474072,385.386630495358,48.74456893906802,4.911975,0.64548343,3.0688615,0.7248944,3.237366432114195,0.661260114207305,3.8171603103644904,1.1276180092412322,,
1985-01-02,38.7789474072,461.7572304953581,49.07354382753604,5.6496515,0.982019,2.1558294,0.8272445,2.42651264766597,0.7669369721550651,2.9675504867846403,1.2333016192168258,,
1985-01-03,38.7789474072,407.770860495358,49.33188909555384,3.7857985,0.72011954,1.0769982,1.0043805,1.312233862892435,0.9192883288441727,1.8000129850704067,1.3856634810773851,,
1985-01-04,38.7789474072,357.60393049535804,49.42449184506527,3.2756572,0.6260336,-0.06477189,0.8557013,0.2620291150334529,0.7744120121821737,0.6996120402091031,1.2407983651328598,,
1985-01-05,38.7789474072,354.24791049535804,49.49752935624771,2.3549857,0.6325803,-0.5500281,0.6118788,-0.2633978590730111,0.5550268790191321,0.1490714528226092,1.0214193090828556,,
1985-01-06,38.7789474072,372.791060495358,49.50373984996605,2.3983498,0.6019604,-0.56972635,0.43502665,-0.2900682942365948,0.3980986452129267,0.12112626202652799,0.8644913921658153,,
1985-01-07,38.7789474072,365.395800495358,49.45885623035984,3.1982436,0.5606008,-0.6325954,0.46646196,-0.2650417655624,0.4251231699850508,0.14734897322244073,0.8915156195576011,,
1985-01-08,63.68534524422648,363.55183679698473,49.348959285117466,2.155138,0.63741386,-0.67438114,0.4646891,-0.25260393283587196,0.4066763460769497,0.16038129183669259,0.8730686481220356,,
1985-01-09,114.58707786381828,433.0629790297015,49.12942211016993,1.2588202,0.7155113,-0.5957637,0.30720636,-0.20772146104215586,0.28535427874565605,0.20740899235909374,0.7517460499020416,,
1985-01-10,104.11989964224507,412.6197213575706,48.89908177148448,1.4066741,0.6627925,-0.6088214,0.2663917,-0.20271126484670068,0.251163458458259,0.21265865880619275,0.717555170494843,,
1985-01-11,133.32640943213917,440.0312123386283,48.63691864605356,1.4731293,0.6458603,-0.59434545,0.26816154,-0.11358271014224948,0.2547767765784748,0.30604725375479414,0.7211674417037908,,
1985-01-12,144.05249024505727,463.0532214928048,48.27766920141484,1.6872804,0.6227581,-0.6904491,0.27958736,-0.12626753699092846,0.2594406598919937,0.29275613554365965,0.7258314734599871,,
1985-01-13,111.73229441858244,440.1575757216066,48.105589438257375,2.088542,0.5979432,-0.6187011,0.28846276,-0.07060899395014913,0.2599677380584774,0.35107496668257687,0.7263579016563421,,
1985-01-14,130.4516698703455,448.3703855555928,47.91536737409612,2.2424111,0.5962917,-0.7259011,0.3044445,-0.056919549814045754,0.27143396783380025,0.3654187194533622,0.737823972111586,,
1985-01-15,127.59228423937924,433.37282514935566,47.710624390274845,1.5429575,0.6602978,-0.65042806,0.2849514,-0.1515394906171792,0.26648981033958763,0.2662762689219259,0.7328809201979813,,
1985-01-16,152.70746004505372,468.5394221385439,47.45026565006402,1.1724144,0.72546774,-0.55993223,0.23415378,-0.13410754766380134,0.2509712187033589,0.28454139916035925,0.7173621241101349,,
1985-01-17,140.9545640778796,460.9200963521809,47.19396805672476,1.3451449,0.6763862,-0.5818182,0.22914392,-0.1305378147540806,0.2364006995232366,0.28828175310064313,0.7027915631050383,,
1985-01-18,155.5529061428553,454.14545431307806,46.917809754200704,1.9368947,0.61065036,-0.7278435,0.27260464,-0.04798640904684028,0.25593664717770326,0.374778833812826,0.7223265476056072,,
1985-01-19,165.17019153805336,449.2740610493886,46.625474854204434,1.8941344,0.62785643,-0.8934212,0.35725424,-0.14409186231101342,0.31100003111212937,0.2740798684026826,0.7773910535780464,,
1985-01-20,194.6891189527009,477.6447730678546,46.300534889966094,1.1715484,0.73860496,-0.70935273,0.261808,-0.16469630131829652,0.2834409881145396,0.25249060764360265,0.749832252513467,,
1985-01-21,205.73247916606792,478.4133351311866,45.954149138155486,1.0991195,0.76891905,-0.58084846,0.22981209,-0.07565793284546896,0.2815863545664504,0.34578470576699494,0.7479765769788098,,
1985-01-22,177.2947518621982,446.6841142793081,45.64321217386856,1.273355,0.7021191,-0.6084887,0.22494893,-0.07378946478355243,0.2563800256914122,0.3477424802152326,0.7227702263348099,,
1985-01-23,188.65284865695943,450.5213857437033,45.321811480894006,1.6727839,0.64406294,-0.8041842,0.30417246,-0.0731048564477932,0.2865343003032282,0.3484598104892246,0.7529244929714585,,
1985-01-24,196.60142301612728,455.1828968544789,44.99519975518857,1.9655358,0.6362397,-1.0315892,0.39997897,-0.127549264274749,0.33890451913556746,0.29141314607703805,0.8052953477130556,,
1985-01-25,198.75723345855067,457.6830263487464,44.67259834207834,2.0734181,0.63764894,-1.1185514,0.44736245,-0.1520856206778722,0.3668281143153195,0.265704035711184,0.8332192305846462,,
1985-01-26,175.33776139372495,429.5296303009943,44.415033455168334,1.3324587,0.72699803,-0.7498996,0.32164344,-0.14626970899616515,0.31077483392247574,0.2717979280905771,0.7771658819372715,,
1985-01-27,203.6279168816513,449.753606748215,44.12491953766124,1.2665929,0.733421,-0.745044,0.28026128,-0.11811254922431338,0.2991026396617592,0.3013009038490878,0.7654933577758603,,
1985-01-28,204.59626697209185,449.1681023845008,43.82923247216556,1.782767,0.65966016,-0.96295774,0.3479063,-0.10368019277941538,0.3158365488430027,0.3164230775975095,0.7822270982131532,,
1985-01-29,199.0149595836876,445.7763531920463,43.534573952780775,1.5056995,0.70921767,-0.87800884,0.3675893,-0.1422768108953594,0.3354113325743718,0.2759816730715621,0.8018023337515976,,
1985-01-30,210.35201778749544,454.32601128644507,43.22427283879461,1.393024,0.72590274,-0.86166,0.34086794,-0.14811554738008634,0.3272010821886295,0.2698638649415874,0.7935921518616752,,
1985-01-31,215.7597893638584,457.0284558774764,42.90801143494249,1.5407968,0.7032051,-1.0295023,0.38340554,-0.20522036652738182,0.34451495999490933,0.21002963064211008,0.8109067016350484,,
1985-02-01,212.0734214483607,461.2329514259016,42.59124886064345,2.2397041,0.7023876,-1.2891725,0.536468,-0.17767117242117006,0.42894839385193395,0.23889558205438982,0.8953398108481505,,
1985-02-02,206.19657579789163,451.19465439527954,42.28092979296349,1.7166004,0.7478007,-1.2392138,0.6014787,-0.31209653478414007,0.47480072516547867,0.09804514688058336,0.941193734463781,,
1985-02-03,222.1341151983834,457.9527993309041,41.95310345160451,1.2085725,0.7741056,-0.8524072,0.36354363,-0.17923751233595525,0.3519333031988019,0.23725437644594305,0.8183247386297421,,
1985-02-04,234.8101847002609,470.4910093479323,41.60825196913678,1.1810095,0.77626437,-0.77440023,0.31582278,-0.12340158000752442,0.3334280513011507,0.29575907547408653,0.7998188313145365,,
1985-02-05,195.76154698122352,430.67947394267526,41.30199292201992,1.2168161,0.77346116,-0.6032455,0.28621742,-0.034479953696145135,0.311675716102741,0.38893085155977647,0.7780654596881578,,
1985-02-06,200.45101520649067,434.0873494064102,40.99129605916953,1.535142,0.72875345,-0.935747,0.36885288,-0.15519185441138425,0.34156957439315716,0.2624493346233389,0.8079607271325477,,
1985-02-07,207.1895426197044,439.936554360872,40.670054922477206,1.2818081,0.7683988,-0.8577589,0.37634334,-0.17273641828989295,0.3549418417909701,0.24406620056452888,0.8213332007269264,,
1985-02-08,219.1055440770423,450.478201654068,40.336792010397424,1.1008528,0.7825766,-0.62435913,0.28835148,-0.059824057406943264,0.3212647138088852,0.3623753863260867,0.7876547518719168,,
1985-02-09,223.70782572771105,453.3245475873685,39.99868918318854,1.1528062,0.7784795,-0.6337693,0.28888127,-0.04344165846005414,0.32183973879311406,0.37954080794220785,0.7882295864222307,,
1985-02-10,216.72372930952804,448.0106147930371,39.67143944817912,1.4328748,0.7470703,-0.9049387,0.36073348,-0.14273998805054294,0.3441427196639145,0.27549635763165264,0.8105337262733752,,
1985-02-11,216.11544533772536,447.6879446224745,39.34849660952423,1.8990318,0.729461,-1.173633,0.5086542,-0.173261004489892,0.41723640422287245,0.24351654093737807,0.8836277693295688,,
1985-02-12,64.65735487994047,321.5922716191757,39.23977333291784,2.5160918,0.8887148,-0.61187756,0.43845636,-0.08826222832253698,0.39420906811421486,0.33257796805175177,0.8605994374797288,,
1985-02-13,68.6758086048,387.953190495358,39.23481827010305,2.2786534,0.803263,-0.7822566,0.49593857,-0.3219037373402835,0.43832767250097243,0.08776919356650115,0.9047207987766726,,
1985-02-14,25.8526316048,455.857790495358,39.26272023942302,1.8058355,0.7485482,-0.29703903,0.35954913,-0.18418110382405029,0.34261611188192237,0.23207449818353917,0.8090076055138697,,
1985-02-15,25.8526316048,411.283416195358,39.21220324072024,1.3792684,0.76086956,-0.23956966,0.28957304,-0.1438300778719753,0.2761384880361574,0.27435416524304146,0.742529507431379,,
1985-02-16,25.8526316048,362.452263995358,39.129429423136855,1.5143126,0.7577574,-0.30680382,0.2840992,-0.1855572115196969,0.26994067808023237,0.2306326172440295,0.7363321879180963,,
1985-02-17,25.8526316048,318.330887495358,39.02701024540357,2.3356538,0.75899905,-0.42505503,0.3206609,-0.2176901072954981,0.3020049836306863,0.19696387889095426,0.7683968725014365,,
1985-02-18,28.252522367720587,283.4243022561152,38.92142524500899,2.7095795,0.77230835,-0.5957365,0.4516212,-0.29612002256708175,0.4166073556257953,0.11478528176864217,0.8830001745964939,,
1985-02-19,34.630094450430974,275.9572758180754,38.80320210741456,2.4696965,0.77451366,-0.66416633,0.5064179,-0.31474463232770045,0.4581650507379209,0.0952704793265094,0.9245580916111062,,
1985-02-20,27.59817216516685,260.4078430324212,38.68167973715182,1.9042782,0.75958914,-0.50739896,0.4167578,-0.2763000382618421,0.38378749671800777,0.1355525935724453,0.8501800799795465,,
1985-02-21,52.08321239497967,250.7478585078247,38.53822140333649,2.6844501,0.7928322,-0.7196286,0.4502016,-0.13416898088836982,0.3969290226234116,0.28447702963765537,0.863319928750101,,
1985-02-22,25.8526316048,324.792700495358,38.430145572046825,3.7719202,0.85286534,-0.43541467,0.78382784,-0.12521325573373562,0.7287551147533885,0.29386080784106616,1.1951459159767712,,
1985-02-23,25.8526316048,447.747130495358,38.5533147180259,5.192936,0.94671434,0.17756915,1.7951081,0.45134553433986746,1.6979042625726404,0.8979771372125593,2.164288503236375,,
1985-02-24,25.8526316048,811.127690495358,39.7367275557908,6.2007685,0.99529433,1.9163653,1.7145102,2.0487018271470476,1.6618368039575628,2.571681600526595,2.12820485384884,,
1985-02-25,25.8526316048,223.7280904953581,41.62299629453491,6.137713,1.2521052,1.1510539,1.3615997,1.6675932370238158,1.22743103397741,2.172357322550016,1.693802681768655,,
1985-02-26,25.8526316048,756.0247804953581,42.68889679921424,4.134579,0.81694967,2.8249555,0.75053716,2.8682579287385943,0.7262233338632762,3.4304096822618346,1.192584209256164,,
1985-02-27,25.8526316048,705.405280495358,43.67362613324286,3.3818746,0.80730325,2.3652089,0.5783308,2.4011517009285925,0.5586142989290998,2.9409773734852758,1.0249791692986903,,
1985-02-28,32.315789505999994,601.600100495358,44.34812489475193,2.707522,0.79384154,1.3685026,0.4924234,1.436763196052272,0.46906954956588776,1.930494394673054,0.9354434572956147,,
1985-03-01,32.315789505999994,503.010430495358,44.74021772984962,4.481667,0.9036163,1.2264156,0.6185677,1.4229238852878212,0.5837809727750709,1.9159936121613796,1.0501550179343102,,
1985-03-02,32.315789505999994,477.303400495358,45.13387109672852,4.684994,0.9306723,2.0504344,0.8959223,2.2174961176016144,0.8411831588683354,2.7485436810704735,1.3075496683076122,,
1985-03-03,32.315789505999994,462.443330495358,45.427490105715314,3.3362784,0.81602097,2.1868052,0.55168074,2.2618844780494696,0.5183943653881602,2.7950536534137167,0.9847604751404136,,
1985-03-04,32.315789505999994,454.958070495358,45.623490103436914,2.610417,0.8257671,1.196979,0.70999354,1.2907176261080038,0.6651653653234799,1.7774683457172558,1.1315407343791601,,
1985-03-05,32.315789505999994,572.725460495358,46.07104600377743,3.4701262,0.83042914,1.1828241,0.61964315,1.3049909631622547,0.5882220570704926,1.7924238994917379,1.0545972822324279,,
1985-03-06,32.315789505999994,767.422180495358,46.417836127153976,2.9049873,0.8196676,1.4922416,0.53571105,1.549327810291567,0.5151299357819423,2.048439212690103,0.9815027338380653,,
1985-03-07,32.315789505999994,546.669070495358,46.59235422791305,3.0202312,0.829295,0.91642123,0.44486406,1.033844480388688,0.42257681567730343,1.508317541709478,0.8889548141679977,,
1985-03-08,32.315789505999994,542.862430495358,46.86157851418132,4.4602284,0.9023637,1.6449244,0.9590594,1.8030993289252013,0.9065943490621357,2.3143401424398853,1.372964698564306,,
1985-03-09,32.315789505999994,549.791560495358,47.209880194140055,4.858021,0.96555215,2.9141097,0.7870292,3.0220262640859676,0.7452673227908825,3.5915276184080533,1.2116269376513242,,
1985-03-10,32.315789505999994,508.990830495358,47.49404832026124,5.209993,1.0151603,3.6936154,0.80133545,3.7841425659922723,0.7559293569391812,4.390070474381229,1.2222831233846125,,
1985-03-11,32.315789505999994,471.200870495358,47.76194087219493,6.2142177,1.1621486,4.5052476,1.1522831,4.614929598384032,1.0809058118904598,5.260566287017915,1.5472539596542987,,
1985-03-12,32.315789505999994,25.679930495358057,49.23558374061386,5.2569337,1.1404054,5.1299753,3.58072,5.200717780035037,1.7081053957507184,5.874353141335113,2.1744500562873945,,
1985-03-13,32.315789505999994,474.19004,50.6096635996284,5.313563,0.97084934,5.072083,0.8152352,5.087489754420242,0.7657314331392904,5.755713203146574,1.2320767371310821,,
1985-03-14,32.315789505999994,422.653430495358,51.61222559030437,5.0269933,0.9586361,5.229371,1.0623074,5.214996475890758,0.9891994754781651,5.889314310043458,1.455544055912609,,
1985-03-15,32.315789505999994,366.031250495358,52.36104170846206,3.5816965,0.8252337,3.8815808,0.8216043,3.8572528001242943,0.7579143975786978,4.466675127789928,1.2242676378985833,,
1985-03-16,32.315789505999994,378.725310495358,52.8608457367556,4.1132,0.86749715,3.269659,0.6510405,3.3359777099852446,0.603720854283056,3.920484870231986,1.0700779794544988,,
1985-03-17,32.315789505999994,350.854930495358,53.30603847978268,4.3398747,0.88699174,3.4506474,0.8346861,3.5256428683120737,0.7679427114367018,4.119215374788928,1.2342983871474964,,
1985-03-18,32.315789505999994,337.915400495358,53.60693317683275,3.4006534,0.8353596,3.4667091,0.7239339,3.460943430106889,0.6647559859506778,4.051423524601502,1.1311121514849656,,
1985-03-19,32.315789505999994,341.069130495358,53.751506034802354,3.8132067,0.85833764,3.1159887,0.8013842,3.1763316831838955,0.7357856497803079,3.7532083090721744,1.2021440268866437,,
1985-03-20,32.315789505999994,338.701960495358,53.90467837030592,5.2676034,0.9998474,3.792612,1.3731638,3.9210843903260755,1.2565821249240259,4.53355764980598,1.7229349108888599,,
1985-03-21,32.315789505999994,343.828760495358,53.971934143307,4.4308176,0.9197505,4.883329,0.9637331,4.844452210828201,0.8844725040836988,5.501059295753114,1.3508192387283449,,
1985-03-22,32.315789505999994,350.434630495358,54.06480411915575,4.7736664,0.95754683,4.885608,1.1688294,4.876156898695533,1.0731941536381067,5.534279359323452,1.5395406978200754,,
1985-03-23,32.315789505999994,402.831110495358,54.176416136895135,5.1633325,0.9765563,5.1788826,1.6095635,5.177727782101147,1.491794613803279,5.85026430008736,1.9581394038017836,,
1985-03-24,32.315789505999994,458.714480495358,54.27306685426295,5.707492,1.0157588,5.7859416,1.348943,5.780778650589593,1.2619379325317173,6.482138938663286,1.7282795266497408,,
1985-03-25,32.315789505999994,434.433810495358,54.346995186292254,5.2664332,0.9897228,5.598226,0.92785096,5.575254122919222,0.8663247640408361,6.266791041120722,1.3326674006197803,,
1985-03-26,32.315789505999994,397.956080495358,54.405181483758746,5.229683,0.9935783,5.3120875,1.0909942,5.30589849509187,1.011810108136264,5.984561135029375,1.4781541840857866,,
1985-03-27,32.315789505999994,379.672230495358,54.47332734792956,7.5457535,1.2165487,6.764418,2.0707603,6.825705025748804,1.9107168523569107,7.5770092226529835,2.377053893604544,,
1985-03-28,75.03683179806713,296.0325977061043,54.5596356814072,9.308806,1.4659964,9.984163,3.3179367,9.847594126489223,2.6635396604721353,10.74333429259767,3.129870563002867,,
1985-03-29,174.50175474761477,196.1814713992225,54.63689115398101,10.352416,1.5830106,14.536352,6.341249,12.566734589189231,3.437802895511254,13.592440374498059,3.9041372018606246,,
1985-03-30,152.09605301875226,192.6311786192098,54.71068152056788,8.130666,1.1983206,12.688885,1.7573801,10.677766818174208,1.115293079106934,11.613186401141816,1.5816241240315654,,
1985-03-31,32.315789505999994,240.83639049535807,54.90903104941932,4.9941115,0.9431429,8.556851,1.7829247,8.135354655688019,1.5759473862122757,8.949255628089993,2.042280484608805,,
1985-04-01,32.315789505999994,657.002680495358,55.3181187194117,5.2550726,0.9403805,5.9106226,0.95330334,5.879889899400934,0.9096806198966152,6.585987366372954,1.3760217285685994,,
1985-04-02,32.315789505999994,561.377870495358,55.7492230676954,4.810193,0.88526,5.344952,0.8912797,5.315844231678566,0.8441421956532509,5.994982243827116,1.310486216979823,,
1985-04-03,32.315789505999994,465.296350495358,56.080669409675735,5.165683,0.9538314,4.791716,0.873792,4.816002140041527,0.8193911501519598,5.47124940883454,1.2857380566861392,,
1985-04-04,32.315789505999994,413.875530495358,56.44818148977303,7.141131,1.1025224,5.7276373,0.97363114,5.830010781144166,0.9066383024141085,6.533724196766748,1.3729796539893135,,
1985-04-05,32.315789505999994,333.781830495358,56.83100393186694,9.646425,1.533947,8.962633,1.5499828,9.022992121420037,1.4196363736794944,9.879319130447117,1.8859679151320305,,
1985-04-06,32.315789505999994,244.88736049535805,57.184411718216985,8.668882,1.2737538,10.755878,1.3426851,10.512580614489712,1.1954160435789856,11.44010486158199,1.661746997350249,,
1985-04-07,32.315789505999994,219.18355049535808,57.51944854862949,7.289444,1.0011677,10.140951,1.2063538,9.774553749665266,1.0591874334931701,10.666802835437565,1.525518361223912,,
1985-04-08,32.315789505999994,357.145290495358,57.84291773409882,5.3180003,0.935682,8.140314,1.0484926,7.90613075781019,0.9646226932506751,8.7090756114563,1.430956340121616,,
1985-04-09,32.315789505999994,359.868250495358,58.164277269714006,4.063185,0.83521205,6.010114,0.8367686,5.849688115871715,0.7708973724351033,6.5543420408306705,1.2372386278450318,,
1985-04-10,32.315789505999994,339.557800495358,58.4095152782045,4.377346,0.88267577,5.043649,0.8561628,4.985747497838413,0.7855162983941798,5.649108014488639,1.2518621930764227,,
1985-04-11,32.315789505999994,319.702730495358,58.63127124063017,5.6270676,1.008577,5.1703305,1.2499311,5.212259619799535,1.1389553173775289,5.886446641586549,1.605299913147432,,
1985-04-12,32.315789505999994,331.269330495358,58.81824443066234,7.554228,1.1757712,7.1747556,1.4112974,7.208483426433312,1.2900995879818808,7.978083122427706,1.7564352739380635,,
1985-04-13,32.315789505999994,325.020030495358,58.97172381284822,6.9588933,1.0525262,7.8480744,1.5812548,7.767661029945309,1.4413998375830606,8.563987503934563,1.9077338448937218,,
1985-04-14,32.315789505999994,328.262730495358,59.25208401534567,7.878347,1.1267906,8.666337,1.461784,8.59571571837222,1.3346020136686325,9.43162037590493,1.8009341920868964,,
1985-04-15,32.315789505999994,342.978930495358,59.414385262613344,8.581001,1.1475211,9.350239,1.7718832,9.284001476694662,1.6223222514358973,10.152803840688023,2.088653506525534,,
1985-04-16,32.315789505999994,358.15637049535803,59.53153439068927,10.147605,1.5497746,11.167078,1.481911,11.082705607805549,1.3653047049519988,12.037479880703529,1.8316361053602122,,
1985-04-17,32.315789505999994,359.948230495358,59.61790251563039,8.417897,1.2698288,11.615961,0.8319848,11.352495773535328,0.7705776023905541,12.320165094123645,1.2369093437431495,,
1985-04-18,32.315789505999994,352.767970495358,59.66648706690382,7.3926487,0.9831175,9.917452,1.4870653,9.70557325965479,1.364768475516124,10.594525313802595,1.8310994326487655,,
1985-04-19,70.50270450468284,310.94817706040806,59.71642166520055,10.176869,1.3800577,12.547899,3.2044108,12.109667155966518,2.6245710244901357,13.113526680374159,3.090904167399755,,
1985-04-20,69.31833106474335,278.6022814137788,59.90312282926524,10.625161,1.5297642,16.021008,2.5131614,14.945960382200418,2.035397907153509,16.085385027438672,2.5017421287631016,,
1985-04-21,52.1652143921733,314.43861911106984,60.00791057292511,11.232973,1.5486914,17.955925,1.9255353,16.99929498398578,1.6661819861222587,18.236862004216174,2.1325399694892937,,
1985-04-22,66.92856171840194,316.7266823867503,60.049036198166746,11.419946,1.5795059,20.271938,2.1690083,18.727710419783968,1.8117019168788353,20.04788978955292,2.2780752218250186,,
1985-04-23,96.39090322082782,315.8785575849355,60.0635002335417,11.226455,1.5260096,21.736197,1.4596161,19.27896017277633,1.1738844928742385,20.625487396385303,1.6402634028809127,,
1985-04-24,92.47739648573808,327.0233423934405,60.05948942746953,10.111967,1.3805044,20.079765,1.1565548,17.882400824713162,0.9515730977878243,19.162177285384026,1.4179384826476729,,
1985-04-25,90.01756480748978,329.8309063166998,60.134383149427975,9.730169,1.2029953,17.82114,1.1441272,16.086396552425814,0.9350966224611238,17.28033014821482,1.401447892126531,,
1985-04-26,67.33121894720335,338.6276627317951,60.22878687128661,9.916645,1.2074093,16.78195,1.1276495,15.643289478899732,0.961701810826771,16.816044071259945,1.4280501653385231,,
1985-04-27,112.93496562442152,336.5686890807904,60.25291637509172,9.855827,1.2462626,17.477009,1.0959009,15.562234912050004,0.8782736059368013,16.731115373185975,1.344621451493567,,
1985-04-28,160.30140381287373,333.63878940396626,60.38328791970332,8.401264,0.8995525,17.128971,1.3119655,14.296515493239959,0.9330336816318274,15.404898892802196,1.3993745543003693,,
1985-04-29,153.3040566198782,341.1332864173304,60.507819534527016,9.652941,1.1372079,15.7735195,1.0574335,13.875787544725812,0.8103064171000925,14.964061586535617,1.2766453777110787,,
1985-04-30,181.90484089498287,348.1576323934826,60.5731277175063,10.755771,1.3859427,19.583717,1.169127,16.554175897648197,0.9032736090705304,17.770467747115134,1.3696281998523143,,
1985-05-01,173.91882897499653,381.28764179149937,60.37225611468463,10.698683,1.3374069,20.857876,1.1841397,17.675501248577138,0.9147784328460435,18.94538861675952,1.3811420036426523,,
1985-05-02,75.7011924072,376.474960495358,60.302685788318335,9.189008,1.0458027,17.416878,1.0760531,16.039406676898125,0.912853032105435,17.23109431726376,1.379203981985976,,
1985-05-03,652.9684474072,800.034350495358,60.255475921722166,9.26843,1.0052172,20.498966,1.6210332,15.45204822968815,1.000358638267944,16.61566214406156,1.4667058039940484,,
1985-05-04,477.2068674072,847.819595495358,60.18220141562756,9.379961,0.96957356,14.864983,1.2813472,12.889557928965175,0.8911359707634904,13.93069356639891,1.3574712428215239,,
1985-05-05,351.9753474072,846.088963495358,60.09356507045249,9.270474,0.9023586,13.816193,1.200208,12.480721128757724,0.8880929217132457,13.50231576468023,1.3544269908682618,,
1985-05-06,279.2057374072,844.239490495358,60.02660398128579,9.7644205,0.8918657,14.185888,1.087517,13.087037058877291,0.8467653162999729,14.13761152367219,1.3131012378655942,,
1985-05-07,230.1270574072,854.113530495358,60.05241341868095,9.863257,1.097544,14.365541,1.0139688,13.40994415657583,0.832032675644445,14.475952476838026,1.2983697553444746,,
1985-05-08,212.1772474072,746.923230495358,60.02586536391311,9.590356,1.1950184,14.415526,0.9548389,13.348076813990065,0.7892009186255162,14.411128086759593,1.2555377671973567,,
1985-05-09,201.1143374072,658.9158804953581,59.97329688072311,10.1851845,1.2703679,14.3398075,0.98624426,13.36826692867649,0.8119144758194258,14.432283219911575,1.2782513993376499,,
1985-05-10,184.1882074072,611.3857904953579,59.84995268810812,11.266173,1.4031585,16.674519,1.1365336,15.422399468450546,0.9318643430023297,16.584596273386015,1.3982113281720463,,
1985-05-11,175.4130074072,573.811630495358,59.71402376195082,11.517963,1.5137421,20.39524,1.2411393,18.31683886919018,1.014475785554764,19.61737998333488,1.4808451388042927,,
1985-05-12,164.8821124072,531.987730495358,59.574131387517646,11.58367,1.5106145,21.945396,1.3036065,19.49377161288524,1.0574056632255135,20.850566089035247,1.523786851497614,,
1985-05-13,154.7407674072,543.8457504953581,59.45387650524749,11.730623,1.5534188,23.031708,1.3782037,20.528455201388944,1.1267494894550707,21.93470401618052,1.593142390565726,,
1985-05-14,134.7636774072,502.192800495358,59.323340348160194,11.414569,1.5227298,23.15089,1.3173714,20.667785314741703,1.0874678479409705,22.080693632675374,1.5538624198100324,,
1985-05-15,132.1932974072,432.418870495358,59.17351696014291,10.899815,1.4219385,21.624376,1.2514472,19.11342231156602,1.0146189174166205,20.45203739127201,1.480996107744039,,
1985-05-16,128.2819074072,404.5056304953581,59.01931404234506,9.739377,0.9888702,19.15789,1.2602003,16.89014799317667,0.9859557971480656,18.122498160346712,1.4523129276563842,,
1985-05-17,144.1507674072,495.63558049535806,58.90148388316791,10.409505,1.0561135,16.927666,1.1380557,15.459053747458873,0.9131868115185635,16.623002501634556,1.3795340200540276,,
1985-05-18,38.7789474072,1046.748580495358,59.15548047425197,10.316744,1.2603543,14.030849,0.9356725,13.898168246720315,0.9033696648164331,14.987512009580856,1.3697087220414041,,
1985-05-19,38.7789474072,806.325490495358,59.28624138971414,10.064771,1.2357838,13.941393,0.949017,13.763507986743274,0.9072437273935197,14.846415449489982,1.3735822119575343,,
1985-05-20,38.7789474072,605.648000495358,59.35698987212528,11.487631,1.5531493,15.900208,1.1065185,15.634677808534295,1.0441242365884338,16.807020792488565,1.5104725366693523,,
1985-05-21,38.7789474072,523.4792904953581,59.35892892924905,11.150517,1.5624559,18.304955,1.1938038,17.811513045920677,1.1166789850397845,19.08790131308301,1.583043742853916,,
1985-05-22,38.7789474072,543.4518304953581,59.33279178992561,11.035692,1.4470078,18.37104,1.118778,17.882476204184925,1.0487007387479614,19.16225626773687,1.515066124277646,,
1985-05-23,38.7789474072,466.3662904953581,59.27862198602536,10.879414,1.4518249,17.59154,1.1235652,17.076263472141026,1.0432817884907266,18.317509323001627,1.509640381469245,,
1985-05-24,38.7789474072,430.728960495358,59.20369034304465,11.39368,1.5008456,18.628662,1.1690532,18.031089628123258,1.0796355838084069,19.317972905329878,1.5460023025787797,,
1985-05-25,38.7789474072,405.762190495358,59.11001695502737,11.499528,1.5541369,20.446198,1.2440704,19.665746839455956,1.1436099959852544,21.03076114356814,1.6099930462353413,,
1985-05-26,38.9626990672,397.400590495358,59.00186004558897,11.612542,1.5889882,21.337387,1.2963417,20.469059671437645,1.18908665321112,21.87246958293101,1.6554788488357697,,
1985-05-27,38.7789474072,372.9907304953581,58.89338698150063,11.566361,1.5974352,21.653158,1.3466601,20.703220924206402,1.2290784375665682,22.117822943141913,1.6954734378972285,,
1985-05-28,38.7789474072,436.6929504953581,58.9329908557613,10.896771,1.3030496,20.178663,1.2468427,19.421642709722445,1.1500724986169637,20.77498967086159,1.616452916014459,,
1985-05-29,78.25147440719999,651.2122704953581,58.918131051861046,10.652279,1.2607634,17.59014,1.112468,16.845897038022073,1.002297279591397,18.07613216080005,1.4686540682105154,,
1985-05-30,38.7789474072,549.5012704953581,58.90385539634116,11.157178,1.5084429,17.56627,1.0910338,17.143788703138824,1.0239532607225257,18.388262029217664,1.4903123940982628,,
1985-05-31,38.7789474072,460.322530495358,58.84043641793725,11.100581,1.4778951,18.499725,1.1514384,17.924830184331082,1.0681645032356555,19.206634623354173,1.5345302661581355,,
1985-06-01,349.5762471223761,1119.955664879012,58.67784971413095,11.217192,1.3920578,19.002512,1.1460346,17.150518819923555,0.9340812835368669,18.395313822578952,1.400440471058759,2.3812605050887985,4857.618739494911
1985-06-02,100.15470221570205,833.145780495358,58.647291413384295,11.403821,1.5237192,18.134626,1.1147051,17.412327597646414,1.008428391328684,18.669636164928427,1.4747897253938829,2.402843326502053,4855.215896168409
1985-06-03,103.65966991593547,611.6756304953581,58.56889336342135,11.608884,1.6478972,20.30706,1.2523946,19.046602254633964,1.097210627468666,20.38202356403154,1.563587132516877,2.4170340267354584,4852.798862141673
1985-06-04,90.7672382603451,528.796730495358,58.4643405381188,11.381929,1.5453618,20.713211,1.2222614,19.346161475345767,1.0674821125094318,20.6959006915014,1.5338617295742694,2.526534371145083,4850.272327770528
1985-06-05,241.67160143416777,660.8706904953581,58.34510396151008,10.577186,1.1836485,20.11029,1.2706399,17.55763371825105,0.9829057559813603,18.821887421393843,1.449268315220833,2.7762225449677738,4847.49610522556
1985-06-06,227.56443257006896,857.3105304953581,58.241511627325615,11.389892,1.4451941,18.182028,1.0877903,16.757302690683332,0.911500872643672,17.983303306503142,1.3778569834998544,2.6703836808689374,4844.825721544691
1985-06-07,185.09153612223068,686.265290495358,58.13825268976941,11.421195,1.4847734,19.631317,1.1457602,17.88734260793377,0.9559094017534914,19.16735526894994,1.4222748305406907,2.7381972330306836,4842.087524311661
1985-06-08,177.31912558523643,593.327930495358,58.03743394188322,11.076854,1.4029528,19.949642,1.2020817,17.908091417833074,0.9801745714154565,19.18909580103617,1.4465401849429316,2.8994966960364374,4839.188027615624
1985-06-09,158.0439875644467,623.457630495358,57.95890474365266,11.71968,1.6310458,20.733433,1.2623383,18.910570955783225,1.0596971110285829,20.23949043409547,1.5260722367715502,2.8225186752466844,4836.365508940377
1985-06-10,141.3649078435719,582.451870495358,57.87673984524804,11.713294,1.5551882,21.909666,1.244091,19.918265425492223,1.0461762604772873,21.295349254825336,1.5125621060309666,2.9000689543719163,4833.465439986006
1985-06-11,127.94441741819864,503.2825604953581,57.75211727461641,11.068908,1.4378312,21.309053,1.2730613,19.233461724898074,1.056032972539358,20.57781427822713,1.5224114067658938,3.1619745289986376,4830.3034654570065
1985-06-12,169.6795026326394,623.1484034571113,57.56547947204756,11.315475,1.4527647,20.090221,1.1822624,18.212267166047692,0.9798730235120111,19.50781011024267,1.4462414018251433,3.2012164753665577,4827.10224898164
1985-06-13,174.51046747092667,676.5819123117708,57.3795081140692,10.215217,1.1042801,17.882986,1.0984228,16.310764227906034,0.9020779509257946,17.515421831620465,1.368430782317006,3.6092450350954435,4823.493003946544
1985-06-14,179.80972718508636,681.7492623585968,57.17742843086982,10.363389,1.1637461,16.488499,1.0525235,15.210171477923463,0.8675501646812565,16.36222451037683,1.333895886769049,3.690975808727659,4819.802028137817
1985-06-15,245.18259487682855,702.5853040326487,56.89668218549284,11.1667,1.4538714,18.61067,1.1173161,16.684954082835198,0.909666366572611,17.907496682511212,1.3760219306067292,3.598990099503347,4816.203038038313
1985-06-16,606.5872283747035,1046.1625553343345,56.60626909999591,11.275142,1.355239,23.272446,1.4105034,18.869231453278754,1.022026644323358,20.196175044683304,1.4884013550917434,3.69303469122459,4812.510003347088
1985-06-17,306.0877093139709,723.3854934953581,56.546023282586646,11.234187,1.6121545,21.235771,1.2451614,18.26205419079013,0.9976411365546176,19.559976784579366,1.4640099774795559,3.8457304247708444,4808.664272922318
1985-06-18,257.47331594716024,637.668530495358,56.46013811917483,11.331321,2.0944483,22.106472,1.2815027,19.00717112368133,1.093760461080113,20.34070775980795,1.5601365641340394,3.9566370579602235,4804.707635864357
1985-06-19,188.6939600624836,606.447930495358,56.38009831244872,10.882659,1.8968235,21.433372,1.230528,18.929598085943365,1.0408776135513058,20.259426996036275,1.5072529309492775,4.269847173283601,4800.437788691073
1985-06-20,167.651636201325,506.27087049535805,56.24441946626904,10.597133,1.8275309,21.142565,1.2195158,18.51917866180671,1.0227412242289418,19.829390926374504,1.4891124994259464,4.555503312124979,4795.882285378949
1985-06-21,162.88092090028616,505.19270671536856,56.06216039256186,10.893731,2.071827,21.376694,1.213627,18.820875724652097,1.047564797046503,20.145508077524084,1.513939024889704,4.645584307232838,4791.236701071716
1985-06-22,230.3371300239483,599.4464791216154,55.77630588830574,10.941636,2.3887708,23.12682,1.3030199,19.74437125773734,1.1514213599922167,21.113143540279243,1.6178052727742154,4.82842769257807,4786.408273379138
1985-06-23,296.8460356091446,630.0916954486142,55.48016916784587,10.968784,2.6052365,25.465452,1.4314334,20.822984593452468,1.2817385254632745,22.24331090638632,1.7481349845144918,5.026244509564588,4781.382028869573
1985-06-24,374.13508415439827,651.1559803728518,55.142790423255086,10.327338,1.7761328,26.912203,1.6587275,20.86028262079251,1.2368564066040615,22.282391651936287,1.703253323293736,5.543961371771859,4775.838067497802
1985-06-25,337.7156066747894,683.13168850269,54.78459347974432,9.908569,1.6619544,23.161833,1.3156867,18.77740240979737,1.0380020458719104,20.099956886825396,1.504375841832653,6.0598939830515866,4769.77817351475
1985-06-26,212.07597483828738,514.4118747466168,54.52761789203686,9.359447,1.3533049,19.446785,1.1746249,16.502094107337705,0.9207835917001908,17.715896625260495,1.3871378003345127,6.661472243115383,4763.116701271635
1985-06-27,405.0458355036115,684.7807991957294,54.07542470572299,10.448241,1.5855461,21.004734,1.2586522,17.08129951105847,0.9862644604445857,18.32278606736449,1.452623093546046,6.543869742294319,4756.572831529341
1985-06-28,422.2094325723932,693.6122269697255,53.62540616401693,9.523438,1.3504461,20.417212,1.6213448,16.295178490045476,1.1299896894721164,17.49909114876735,1.5963424105171014,7.428705528339996,4749.144126001001
1985-06-29,345.9838516544075,711.8490773163296,53.29172365513484,9.733447,1.4805665,18.618816,1.5034118,15.712691779036032,1.1216139359442032,16.888763564102867,1.5879627322154681,7.81392324214913,4741.330202758852
1985-06-30,82.00203837343638,421.3167946185066,53.22208379457848,10.74513,2.4368777,19.627195,1.2099638,18.18010565963711,1.087868647462209,19.47411139376427,1.5542367284434857,7.7739747928462775,4733.556227966005
1985-07-01,98.91766473363779,376.02095596230106,53.07107893032558,10.634906,2.1474714,22.692852,1.4507462,20.18148775523835,1.2326028670063893,21.57115271215281,1.6989917039599471,8.366674760238741,4725.189553205767
1985-07-02,147.87865923778867,427.2678435523318,52.83198474600076,10.596668,1.9725646,23.53881,1.548252,20.21119477596827,1.2570306866693362,21.60227962692525,1.7234198662042162,9.02301588354652,4716.16653732222
1985-07-03,172.01190535374957,413.4694887649919,52.55709303681518,10.589538,2.4170349,24.403738,1.7137691,20.345185596723844,1.4032172791701818,21.74267475088823,1.8696080164261142,9.747797995926673,4706.418739326294
1985-07-04,188.51806712768706,406.4162149215285,52.26197092833306,10.55303,2.4439695,25.767315,1.5987332,20.946332714998057,1.338844028297891,22.372554646497328,1.8052420068705002,10.5901486330498,4695.828590693244
1985-07-05,206.58426692768907,414.9895401719671,51.93606879436488,10.551187,2.6325443,27.128979,1.7370967,21.619237161763873,1.452780805716043,23.07762162560977,1.9191873800587547,11.529272525796346,4684.299318167448
1985-07-06,217.3700450194316,359.2136633269894,51.63815147763206,10.554336,2.9077506,28.944256,2.2511373,22.011320105126444,1.7800539893522558,23.488444793396578,2.2464658108998674,12.62965364427239,4671.669664523176
1985-07-07,122.91838266511203,293.85075049535806,51.50065581722875,10.372766,2.3309195,27.249702,2.3290787,22.272160633520325,1.7802506609506126,23.761752607408948,2.2466660706471875,14.40415177591204,4657.2655127472635
1985-07-08,147.38414306003202,366.8923724343583,51.2945753166408,10.219136,1.8582126,25.11615,1.9274527,20.84688322010425,1.4745916873971199,22.26835180569869,1.9409884394960863,16.121432869808952,4641.144079877455
1985-07-09,225.32160126616418,393.7028889269636,51.00042089545502,10.736848,2.574598,26.39346,2.0124865,20.694536552827792,1.5863507710949614,22.108723488497446,2.052745666287718,17.514957477393793,4623.629122400061
1985-07-10,258.16961968411294,384.36412451263993,50.6734978324866,10.616471,2.6203752,28.572205,2.683553,21.357603210715826,1.919771605757977,22.803482466052547,2.3861747764458348,20.05178762984697,4603.577334770213
1985-07-11,248.31894903501603,408.3118673091907,50.328226637955744,10.412712,2.0200512,27.44063,2.243689,21.001159616741898,1.590640672787222,22.430002086728138,2.0570393323548677,23.527637476773755,4580.04969729344
1985-07-12,220.40034021425743,349.5598540879914,50.073464602465776,9.770099,1.76096,27.272762,2.8808928,20.504582602204284,1.8935469237451623,21.90969038835923,2.3599395408179675,29.01158047287221,4551.038116820568
1985-07-13,168.9090249730375,267.89843049535807,50.05304734346239,10.4605,2.5181925,26.876371,2.124464,20.528519865259288,1.626622354812279,21.934771770762822,2.0930152566931945,33.18529108383753,4517.85282573673
1985-07-14,174.29507543330044,193.06088049535808,49.98213165760268,10.38207,3.09295,31.087818,3.567108,21.263804274235557,2.380724742139944,22.705200261044144,2.8471267116337615,74.78051954410043,4443.072306192629
1985-07-15,154.11707775450054,174.34274320945806,49.92094905070438,10.306126,2.561673,32.428818,6.7445483,22.048599402179093,3.7763234933767955,23.527505913415443,4.2427358229785055,59.98088498773268,4383.0914212048965
1985-07-16,141.0662738247842,150.05162000301775,49.93716822812186,10.476885,2.4494324,32.066082,10.241867,21.604658424125102,5.410777659309018,23.062346074146788,5.8771840419348385,76.42927325215594,4306.66214795274
1985-07-17,169.4155424427471,232.5009176626292,49.8157878696387,10.251991,2.218321,29.773342,4.0125127,21.544716103179297,2.5024260127445226,22.99953871516235,2.968831609655505,104.77477313616494,4201.887374816575
1985-07-18,225.87285136326736,273.611812196836,49.60451545170304,10.310882,2.08359,29.576864,2.5568433,20.86455984574768,1.6880433724902508,22.286873313623353,2.1544403417621734,129.3400040746885,4072.547370741887
1985-07-19,267.7965445114858,305.13225108581383,49.34985748255769,10.612685,1.9624653,29.882078,3.369896,20.875240163835617,2.0155760668406306,22.29806411440705,2.481973167502822,136.8719662855501,3935.6754044563368
1985-07-20,265.137885529966,317.96039903545307,49.08233821995632,10.665301,2.8688524,29.913143,3.0954258,21.161047293097297,2.1332477408057744,22.597531847464644,2.599648405933823,115.94069269847631,3819.7347117578606
1985-07-21,250.08221666763967,327.41232893096577,48.79375940761131,10.263051,2.5092638,30.555481,3.7922583,21.767907298289277,2.409025218001666,23.23339768645765,2.8754337612959526,85.30115175055948,3734.433560007301
1985-07-22,201.29568589852596,274.59538049535803,48.68081012599167,10.1419935,2.6228957,29.735147,3.6398323,21.44750006587205,2.3752579367128344,22.89767608358821,2.8416622680640833,59.838957009325966,3674.594602997975
1985-07-23,139.99411197468189,265.54521884111443,48.471145303358895,9.700347,2.0198839,26.87444,2.159221,20.945860636131364,1.576437574417952,22.372060003874527,2.0428355471418778,45.332656829642055,3629.261946168333
1985-07-24,197.19377470350872,345.0478055488732,48.16635553917248,9.881999,1.8940402,25.370695,1.6509079,19.738013003252348,1.2562066513049537,21.10648138296448,1.7225904940724317,34.36855440240994,3594.893391765923
1985-07-25,218.335827201461,366.59833611614494,47.82676213054091,10.325228,1.9214752,26.122604,2.1109416,20.22598640691114,1.504903189514649,21.617778247264525,1.9712925400028776,26.537364166144553,3568.3560275997784
1985-07-26,160.35238019632135,211.8668587148666,47.68941898407592,10.33107,2.6845815,28.16603,3.440998,20.482713800550084,2.2745776922575818,21.886776332740716,2.7409700497056986,22.0293774659452,3546.326650133833
1985-07-27,180.3885225375651,405.6985104953581,47.60491856508551,10.282658,2.3160403,25.875786,1.9708216,21.07646217776039,1.5392449772516688,22.508903852754386,2.0056445777403598,18.817803648365114,3527.508846485468
1985-07-28,122.6202858982783,319.163130495358,47.472336774233945,10.19015,2.1439598,26.178505,1.693197,21.740817720848362,1.3603017423262755,23.205013319816146,1.8267099249700818,16.396853009078292,3511.1119934763897
1985-07-29,135.17260710052793,285.4418388675082,47.23548722688557,10.284477,2.2174323,27.140562,1.8516037,21.723532393021973,1.4445588970129253,23.186901812406592,1.9109668499711774,14.336468470692973,3496.7755250056966
1985-07-30,178.9768533277343,324.3313165070165,46.94023313946686,10.389082,2.3095198,28.239624,2.056397,21.89195466082791,1.5589986598669474,23.363374088890932,2.025408865352012,12.678137906163167,3484.0973870995335
1985-07-31,140.55730559722025,236.9866283442649,46.77694999858406,9.695609,1.5772909,28.923107,3.306104,21.76482680695897,2.1567413379619915,23.230169958171885,2.623149840202633,12.030474405566412,3472.066912693967
1985-08-01,120.75290678647784,432.46823049535806,46.79260457959365,9.9735985,2.3899693,22.833416,1.2912269,20.026472721717376,1.1362205767689288,21.408728489921913,1.6026076424591609,10.74839789727784,3461.318514796689
1985-08-02,107.64649445654179,315.194000495358,46.68222125207573,9.953966,1.8023623,24.242664,1.535755,20.605055618139605,1.233315540410919,22.014965671006436,1.699709357318333,9.807485567341784,3451.5110292293475
1985-08-03,135.50793121682952,314.522972771628,46.44833203679285,10.055895,1.7020885,24.845676,1.5428014,20.392354025820367,1.193857338148776,21.792097669658357,1.660248628649994,8.952405916350207,3442.5586233129975
1985-08-04,168.08514221706096,333.6886988980225,46.16757916947164,10.323638,1.7246251,26.073595,1.8253415,20.797644888647156,1.3443494604543635,22.21676005031076,1.8107456095004,8.100329323171387,3434.458293989826
1985-08-05,184.19260461380517,340.11805166496487,45.8612975826744,10.386901,1.6609379,26.345226,2.1654682,20.738997455887972,1.521095625310504,22.15530947074191,1.987491059681361,7.5038921457619825,3426.954401844064
1985-08-06,195.56525595922625,349.1212218409156,45.53089291682858,10.253921,1.5988797,26.286839,1.887406,20.53034955000267,1.3390448359092448,21.93668890818247,1.805437759586896,7.0924456036029895,3419.8619562404606
1985-08-07,203.75995134664376,353.8584127173709,45.18866049649362,10.10446,2.0420394,26.585222,2.541336,20.56296835550963,1.7769646141770141,21.97086678109086,2.2433579270795256,6.724067710876158,3413.1378885295844
1985-08-08,114.43249554343647,256.4738389863345,45.052617079700745,10.254756,2.9415584,25.900848,2.346024,21.073695995049196,1.8588257269417987,22.50600545596532,2.325225292751767,6.237040049507859,3406.9008484800765
1985-08-09,107.54372141020933,273.2632230833321,44.81314002037096,10.50044,2.6531274,27.283466,2.125856,22.543770350282422,1.6995686483343282,24.0463443401809,2.165987876982822,5.822897658734569,3401.077950821342
1985-08-10,172.1495413827064,330.3757092968883,44.49554102011201,10.574624,2.2510798,28.95174,2.4080951,22.65631108584565,1.7609818142172773,24.164264138202796,2.227402649948271,5.6170887893001336,3395.460862032042
1985-08-11,202.20381120106637,353.0945424521571,44.14139386642357,10.573104,2.3269944,29.090363,2.564924,22.34757239610968,1.837924421940008,23.84076879446786,2.3043408835023094,5.130817481556374,3390.3300445504856
1985-08-12,190.3523994428039,333.2121055209398,43.812048037428106,10.262606,1.8106933,28.194923,2.201116,21.675268848610845,1.5478291299365563,23.136331435553288,2.014236443382431,5.022462256380698,3385.307582294105
1985-08-13,205.51647103602585,343.2901277115545,43.44236566637583,10.357012,1.7607206,27.66407,2.3152392,21.182942604675507,1.591263359470068,22.620473680090914,2.0576643015184546,4.76362172734272,3380.5439605667625
1985-08-14,220.1447223492818,361.26064988469255,43.05590147797119,10.49647,2.681967,28.257301,2.3587031,21.532297797191635,1.7830398471139595,22.986526856598328,2.2494452817613233,4.493926072433697,3376.050034494329
1985-08-15,222.0588805129069,366.1425916969733,42.668519367500544,10.40215,3.0387313,29.498207,3.3702576,22.289029240401096,2.3910820061223874,23.77942747603617,2.8574976505428595,4.317276308316409,3371.7327581860127
1985-08-16,221.58752919146494,365.1276475346756,42.28770603934293,10.015271,2.035983,28.743618,4.3113146,21.67039362026171,2.7910517854922756,23.1312231879542,3.2574590344873955,4.274603989244141,3367.4581541967686
1985-08-17,223.66625961860512,387.8930671260377,41.90062168316351,10.277504,1.9196801,26.432438,2.2756276,20.52407628998446,1.6050586960473678,21.930115807779462,2.071451545008632,4.039623624704297,3363.4185305720644
1985-08-18,242.24933512646115,396.6824421921815,41.48910661398914,10.311095,1.5494286,26.159525,2.118461,20.150633688465195,1.4404856682073162,21.538823926457248,1.9068741504200277,3.87701690838483,3359.5415136636793
1985-08-19,253.80091471674947,404.3473609919616,41.06428503140422,10.700117,1.5902104,25.789665,2.2963264,19.970701237037765,1.5383107642700145,21.3502913189199,2.0046971994137333,3.6206079826974062,3355.920905680982
1985-08-20,252.651653903429,401.11472436148097,40.639799308046655,10.631952,1.4426198,25.699223,2.7831595,19.876392143400675,1.7962979318971466,21.251474572986467,2.2626833088838354,3.5120493265549766,3352.408856354427
1985-08-21,256.90589534851443,402.2714979938232,40.20639786211069,10.461517,1.3317078,24.477608,2.6915445,19.015017098056948,1.722598962408523,20.3489287449386,2.188975145309263,3.4427606616903805,3348.9660956927364
1985-08-22,262.39982547326207,403.7650736784655,39.766165977275705,10.435172,1.3133153,23.645042,2.348018,18.441724628681044,1.5142471377921054,19.748234855228798,1.980617671752762,3.334948932515678,3345.631146760221
1985-08-23,269.9040436439804,404.2907165304642,39.31826275310885,10.415862,1.2786475,23.36739,2.3719754,18.182434416928178,1.5116949195067175,19.476551457693393,1.978063021977542,3.229909044500685,3342.40123771572
1985-08-24,274.8459629288794,410.9175120150082,38.86217140905229,10.393445,1.1729825,22.81802,2.7600095,17.83839589461605,1.719349988177703,19.1160690700516,2.1857149831106732,3.1315401527074416,3339.2696975630124
1985-08-25,240.3620295752938,369.721680795269,38.50719391437914,10.325895,1.1068798,23.128792,2.9069817,18.084680427669728,1.8148560425341294,19.374125161903684,2.281223248274002,3.048457322874559,3336.221240240138
1985-08-26,173.27870031065433,321.80265837942954,38.23492763415982,11.122935,1.4681973,24.052673,2.5560212,19.52725915402696,1.7390670183563113,20.88565422017211,2.205448566547119,2.7662177785989663,3333.4550224615386
1985-08-27,188.57736014870386,339.76642174172264,37.88112904656847,11.059871,1.5529162,26.031696,2.682684,20.687926893373096,1.8120282231806906,22.101797909914804,2.2784230384109656,2.693845274483353,3330.761177187055
1985-08-28,223.82382269326305,371.32395773426526,37.48515253282631,10.889633,1.439477,26.514091,2.6179383,20.638028264827422,1.7207570883782615,22.04951429749458,2.187151301555711,2.6575742874383437,3328.103602899617
1985-08-29,244.51967468271584,387.5190508795394,37.063070718369566,10.875176,1.4041207,25.612724,2.583118,19.91114263501291,1.6743449380982318,21.287886019309155,2.1407307038055365,2.594323060085763,3325.5092798395312
1985-08-30,229.02262812729464,364.7418341800965,36.68763163709309,10.432829,1.0940835,24.72818,2.9809499,19.21427825788034,1.879156515163847,20.557713907061352,2.345534749497055,2.619874457957602,3322.889405381574
1985-08-31,104.71868960840929,278.8453395522607,36.50785322780408,10.690192,1.3270454,22.936161,1.8522577,19.592829263037103,1.3944524359828423,20.954358356252733,1.860834692623973,0.0,3320.393171334033
1985-09-01,159.50100058312125,346.64591055559686,36.21766067414596,10.538385,1.2812346,23.229933,1.8187634,19.230472423407633,1.3094221193625717,20.574682098343864,1.77580052241266,,
1985-09-02,206.2752220244072,414.89065376376607,35.83232005708526,11.066178,1.4529462,23.523045,1.7937949,19.38639936054789,1.2916187805623935,20.738061810069855,1.757998823461512,,
1985-09-03,228.16067517554683,423.4111873275488,35.4173438876523,11.249378,1.4868785,24.81248,2.003512,20.063094323665336,1.402191800818929,21.447100479258303,1.8685792824834602,,
1985-09-04,243.50191506432705,432.45476204976666,34.980394090455604,11.574948,1.5297083,25.94114,2.6012886,20.765962886248705,1.753077571659466,22.183563756497172,2.2194733341415653,,
1985-09-05,243.6246376347456,428.11839017208297,34.71893224867424,11.588559,1.5569271,26.269157,3.0380208,20.94486629974688,2.016861864950668,22.371018141609834,2.483259825356387,,
1985-09-06,257.7335067662285,455.6232786317413,34.49618344223738,11.697664,1.6743577,26.210629,2.9522402,20.967141314971872,1.9802676200896154,22.394357826419252,2.4466658567174338,,
1985-09-07,280.968580178284,492.758679995598,34.12497034243557,11.6307125,1.6206778,26.973003,2.722645,21.401658151678713,1.83110854889833,22.84964308259918,2.2975122872276015,,
1985-09-08,259.45143395365506,451.1864071677319,33.70916196657204,11.606929,1.3118689,27.344603,3.151972,21.598831971858857,2.0577158690010857,23.056241137378947,2.524122175074423,,
1985-09-09,193.5773553931145,366.2504625909667,33.41821784079838,11.336209,1.1379169,25.864666,3.4391727,20.841013831272626,2.2841203274347786,22.262201880144413,2.750517007502122,,
1985-09-10,249.69737811649304,308.74318356086764,33.32350910159689,11.418306,1.4114107,27.15922,4.5039563,20.120932997187204,2.5688145187331894,21.5077036436629,3.0352026604940203,,
1985-09-11,123.13355450417714,322.50393077667803,33.19350079879054,10.656255,1.1742381,23.034088,1.7904003,19.613983969820996,1.3357019874100413,20.97652418570715,1.8020844736654464,,
1985-09-12,202.53670157092768,396.8594833342319,32.875446648009685,10.347448,1.022679,19.378426,1.555964,16.326847376482288,1.0866143030018054,17.53227369972117,1.5529672485521284,,
1985-09-13,230.46511572348447,431.4549417844569,32.50087694659538,10.368014,1.0986254,16.45182,1.3325673,14.333581098775472,0.9490951679593828,15.443736107579872,1.4154362187812615,,
1985-09-14,244.2353897689469,438.1912858146568,32.098838733571746,10.733792,1.1715693,15.865687,1.1538332,14.029020609791766,0.8513045731786091,15.124618668310696,1.3176442067390255,,
1985-09-15,252.87520125437788,445.1427244484271,31.678379167592656,10.809235,1.140234,16.176535,1.1310881,14.232090210520443,0.83122804431982,15.337394301795499,1.2975686110716844,,
1985-09-16,257.6036626246065,443.3605212286221,31.24632742396212,11.223238,1.1746025,16.173338,0.9971082,14.35418097292023,0.7642525549108288,15.465320585291602,1.2305937054239195,,
1985-09-17,254.98273829339144,436.4592796790448,30.81841579203348,11.592887,1.2587154,16.867725,0.9966266,14.92252575115044,0.7818103531334603,16.060830301131784,1.2481544455104001,,
1985-09-18,249.0991705581952,429.5308710188093,30.38279761780268,11.724686,1.266746,18.386341,1.1678108,15.941101804780615,0.8732391746274201,17.12809080829743,1.3395894636714054,,
1985-09-19,254.4232012488834,435.882481848862,29.945950383816616,12.324687,1.4269284,20.165201,1.3517114,17.275454272497743,1.0025365128835313,18.526220762715706,1.4688967149607282,,
1985-09-20,257.1103750425142,435.7194539728686,29.540438599011047,12.532685,1.5089693,22.0168,1.6058311,18.497228205547312,1.1547665225287786,19.806391313339788,1.6211375869629925,,
1985-09-21,262.20347002029,440.7207462179183,29.12692328006501,12.485619,1.443828,23.302786,2.0058656,19.267786464320913,1.3681095511464578,20.61377962286113,1.8344883440896862,,
1985-09-22,267.3616414031318,444.3266852212345,28.66694006059248,12.485333,1.4612225,23.144882,2.0772502,19.14038424099207,1.408277710659745,20.48028800875988,1.8746551789433155,,
1985-09-23,264.7633199684975,439.6029156011029,28.215456406202687,12.262691,1.3290948,22.43489,1.9790654,18.611275472642536,1.3323681278047983,19.925889649951085,1.798740293297554,,
1985-09-24,261.9964114964538,441.606768345305,27.76482035043959,11.743238,1.1069139,20.996948,1.8584971,17.55120093990179,1.2371405879236028,18.81514717822884,1.7035030924131764,,
1985-09-25,258.57895106448325,435.3121974951159,27.332224836940032,11.241104,1.1288834,18.099638,1.3255329,15.543801245061681,0.9319245379088367,16.71180063992795,1.3982722687662603,,
1985-09-26,258.4052704766224,425.8193586454015,26.893525586325246,10.462654,0.8842301,17.594547,1.6366338,14.901106109200443,1.0718861603772376,16.03838687351596,1.53823013518279,,
1985-09-27,1906.288532096,4738.724430495358,29.00586471838471,10.894933,1.6245654,14.124945,1.216361,13.19833479847814,0.9846892848544281,14.25422891477367,1.4510255921306228,,
1985-09-28,736.482889506,6292.198230495359,31.57546228734331,12.144132,0.9131969,14.609097,1.0682572,14.35081130736665,0.9610977127922777,15.461789861243187,1.4274388469649777,,
1985-09-29,196.686429506,2224.697230495358,32.247643828020664,11.971765,1.1684387,14.551143,0.9385746,14.341622539798353,0.8675425628445946,15.452161901995355,1.3338836525245437,,
1985-09-30,128.297395506,1290.2339304953582,32.46869354074471,11.92307,1.2711172,14.527768,0.8638917,14.292189275023304,0.7941238014324102,15.400365896143223,1.2604646534096773,,
1985-10-01,63.67138650599999,886.716060495358,32.55729381120076,11.739254,1.135308,14.347157,0.7871186,14.172439602332153,0.7383137168601385,15.274892598441212,1.204654004599771,,
1985-10-02,39.671553506,730.863580495358,32.580210516315326,11.085303,1.0137832,14.286483,0.8079589,14.121667790364464,0.7681359611404472,15.221694067416225,1.2344760146039138,,
1985-10-03,88.857409506,792.868430495358,32.55422680345706,10.12255,0.769111,12.956605,0.7719573,12.67099828762207,0.6984757923658398,13.701687521308363,1.1648103975826563,,
1985-10-04,99.788139506,834.420730495358,32.4567720352174,10.510643,0.7546093,12.571243,0.73544085,12.351138901679201,0.6618110936682849,13.36653995010204,1.1281448214586378,,
1985-10-05,32.315789505999994,550.401830495358,33.108618360266654,10.322953,0.73291457,12.385546,0.70224303,12.27116047264444,0.6645428779686596,13.282738825551998,1.1308764046528876,,
1985-10-06,32.315789505999994,866.632030495358,34.02386213550891,9.858338,0.7751656,11.885622,0.72664505,11.81274429921868,0.7010773140242195,12.802411926053784,1.1674098291641006,,
1985-10-07,32.315789505999994,612.942990495358,34.654600169402904,10.004525,0.8875365,11.643763,0.74087745,11.561666455080365,0.7051751999915831,12.539333419232332,1.1715072629755376,,
1985-10-08,54.9368420988,535.5008304953581,35.149221680211426,10.222542,0.9602014,11.706932,0.7440977,11.568818060169313,0.6807516598347261,12.546826846597993,1.1470837347000846,,
1985-10-09,54.9368420988,502.77145049535807,35.56798534782622,11.499932,1.2416216,12.331155,0.67826074,12.249275565426698,0.62356108585463,13.259807894579062,1.0898945587840325,,
1985-10-10,54.9368420988,476.56423049535806,35.935478816903924,11.912004,1.3379596,13.702974,0.6760034,13.517856672756324,0.6217068462847961,14.589022842411465,1.0880443396090562,,
1985-10-11,54.9368420988,458.255300495358,36.26969938107045,9.789432,0.87596524,14.04697,0.8173029,13.591203965097447,0.7358107694139685,14.665875884601318,1.2021485514782808,,
1985-10-12,54.9368420988,446.078790495358,36.55408130364868,8.899351,0.82405585,11.77182,0.8270451,11.456851107744484,0.7418820398432735,12.429508256587136,1.2082139354025696,,
1985-10-13,54.9368420988,355.402230495358,36.937467646289605,9.426234,0.7851319,10.345122,0.8915779,10.222100150592711,0.7793333926706729,11.135740424468503,1.2456642618450053,,
1985-10-14,54.9368420988,401.0568504953581,37.34140200355957,11.556209,1.094264,11.428886,0.6388081,11.444225835026073,0.5771060493524545,12.41627953899012,1.0434379255929747,,
1985-10-15,54.9368420988,370.9520804953581,37.70113007033842,11.65119,1.1819956,13.48311,0.6653977,13.246804835700901,0.599285827586541,14.305015654089146,1.0656223072677764,,
1985-10-16,59.22706048847128,354.5898181887094,37.842202603589136,9.704767,0.8069002,13.628044,0.788886,13.066529675247645,0.6857717682851457,14.116123957206032,1.1521076203266611,,
1985-10-17,110.81283946706552,359.5899199906391,37.79569266611427,9.007577,0.80493593,11.27973,0.84899306,10.744478487642295,0.6761291736984276,11.683086660368044,1.1424602642833106,,
1985-10-18,163.0220722519477,342.2115152807655,37.65697225550996,9.613917,0.7743632,9.210096,1.2309064,9.340395960230133,0.8703693229714209,10.211893787761591,1.3367005264253016,,
1985-10-19,199.5628545320625,270.4341263798205,37.54607407867773,10.11946,0.6752502,9.510497,1.3320674,9.769065556517482,0.8183363958150159,10.661052325417767,1.2846673256857386,,
1985-10-20,265.27952257389074,247.44415009686668,37.52558377223023,9.881198,0.75101626,10.644873,1.068096,10.249752876380045,0.6455208498495004,11.164714856022357,1.111851722920728,,
1985-10-21,202.1184038902404,280.7448036772769,37.448414269004914,9.374479,0.8117781,9.931524,1.0039203,9.698354631425262,0.6753983995420678,10.586961659819345,1.141729360066111,,
1985-10-22,207.25356773891448,290.10891973076326,37.33374638140273,9.079391,0.8050452,8.573435,1.3375137,8.78426923274312,0.8492318563347585,9.629186103724816,1.3155637279236068,,
1985-10-23,200.93541127845103,304.24143487344946,37.20461374611033,9.881177,0.6964147,8.2403145,1.3107978,8.892971818887665,0.8366125502270878,9.743084301905867,1.3029442634054205,,
1985-10-24,126.02381227256564,327.5560746453092,37.14869919755344,9.742171,0.69500476,10.492336,0.7711938,10.28390848780751,0.5894505243956281,11.200502988920938,1.0557814034874717,,
1985-10-25,54.9368420988,694.661800495358,37.4049829873594,9.641289,0.7356627,11.38204,0.7133774,11.254463248679206,0.663290045919876,12.217446949686824,1.129621653755599,,
1985-10-26,54.9368420988,498.3664504953581,37.56317328081211,9.043642,0.8194799,10.407433,0.76626223,10.272023378182375,0.6949604407475424,11.188049811682937,1.1612913175930237,,
1985-10-27,123.29938765805196,451.5453756050996,37.69486967929542,9.8487215,0.7160043,9.076692,0.99237114,9.242285570659515,0.7945003500224994,10.109094056943087,1.2608316456485373,,
1985-10-28,105.42111703299896,425.60859255769753,37.81262828323855,7.984665,0.9555246,8.624696,0.7572929,8.497635526699648,0.6359056289173491,9.328852286340773,1.1022379830170252,,
1985-10-29,128.33362897561128,418.147091273159,37.87612582977039,7.556756,0.97191465,6.087792,0.9925392,6.432758332589557,0.7930104246215519,7.165281020781799,1.2593490314788025,,
1985-10-30,134.85300106791823,417.3741398359782,37.914880072130536,8.137354,0.8638101,4.9519596,1.1074347,5.7298278953039405,0.8631724423245289,6.428752911441423,1.329514290371149,,
1985-10-31,126.35972749571064,422.673695300142,37.94814327329132,8.822458,0.7716227,5.8939495,0.95396197,6.567944120532602,0.7555746372922273,7.306928227279023,1.2219126856045186,,
1985-11-01,127.89516306871212,435.3303050919205,38.09507532024789,8.8786,0.77324814,7.3876863,0.86907,7.72623747771108,0.694294416846803,8.520584047502867,1.160628536245407,,
1985-11-02,192.24837887343648,416.22857949883394,38.155833975559,8.580926,0.7905859,7.304133,1.0727363,7.707535863708829,0.7751534007044624,8.500988560279577,1.241487571350783,,
1985-11-03,215.8533337964604,407.7077123120136,38.17584679500487,8.788656,0.7086165,6.592445,1.2706922,7.3526904925329655,0.8662810737688166,8.129182793339728,1.332616292594909,,
1985-11-04,230.43074201670743,397.96743752710495,38.162102500323,8.5955925,0.7080813,6.906653,1.1446806,7.525979353419114,0.7700284580704032,8.310754269417897,1.2363631470253518,,
1985-11-05,155.0651380988,484.091060495358,38.3583910895679,8.718247,0.71582305,8.46271,0.8015457,8.52470600136055,0.6314347395239892,9.357216637154677,1.0977670440356693,,
1985-11-06,142.3330970988,565.837930495358,38.5453073702737,7.801856,0.71362096,8.725423,0.74481916,8.539798030590838,0.6121599869388205,9.373030013792652,1.0784922641686538,,
1985-11-07,118.3353320988,562.950370495358,38.49013643512906,8.155589,0.75741816,8.369553,0.7859904,8.332388405347897,0.6626591173617817,9.155706917457435,1.128991792337394,,
1985-11-08,107.2759950988,486.6929304953581,38.40290398706722,7.942539,0.758513,7.4207406,0.7918203,7.514982007933072,0.6631158026508007,8.299231288410168,1.1294505242120318,,
1985-11-09,99.21966309493324,430.5682043961264,38.28964140212332,7.926786,0.7650863,6.8636003,0.8631288,7.062715659722319,0.7159649944254616,7.825348154750111,1.182301176739752,,
1985-11-10,102.60571988645282,432.3372862887403,38.18277546737243,8.487283,0.68776286,7.0668006,0.8963332,7.339258767990918,0.7363237405444877,8.115109078278625,1.202659001875462,,
1985-11-11,104.9812958124742,404.9814930740967,38.297120103158925,7.91859,0.72284275,8.3032465,0.83529264,8.224060856979639,0.6798243526510949,9.042201682576373,1.1461572549246726,,
1985-11-12,54.9368420988,414.56765049535807,38.55253260471631,7.151847,0.7848695,8.150213,0.8098942,8.033394136082405,0.7210011225642933,8.84242174418183,1.1873344575057518,,
1985-11-13,54.9368420988,689.9468904953579,39.14271866426719,8.560341,0.747144,8.540578,0.63233465,8.542035453435593,0.5882849701187369,9.375374377801139,1.054617243326157,,
1985-11-14,54.9368420988,400.937800495358,39.82808895936456,8.312767,0.75576067,9.60799,0.82244503,9.45190464890277,0.7290444751341434,10.328732210579398,1.1953755871960294,,
1985-11-15,70.80746184829835,70.81227736916082,41.23694804481805,6.5400677,0.8328182,8.018163,1.1054728,7.27914033000558,0.6920426668701744,8.052117184462187,1.1583781209754571,,
1985-11-16,54.9368420988,873.3023004953579,42.35415213803103,4.9896336,0.9947051,5.991642,0.6947312,5.932339199238292,0.6562601159288798,6.640943563453575,1.1226009722504349,,
1985-11-17,423.7401474072,7582.0288284953585,45.000859641217325,6.257745,0.72248703,5.996124,0.7233767,6.009971220107606,0.686155270490725,6.722286129548655,1.1524957590745337,,
1985-11-18,520.1649074072,5611.915445495359,46.64978979244661,7.2183056,0.766764,6.4930644,0.7368589,6.554584310602133,0.6774829459916878,7.292929864102103,1.143821048571745,,
1985-11-19,284.7403874072,4140.092930495358,47.85663790920944,8.727174,0.81872493,7.9335694,0.7288983,7.984638296648887,0.6840253081984882,8.79133554228689,1.1503587604541836,,
1985-11-20,133.6857074072,2866.8739304953583,48.66621022418274,8.702479,0.9375032,8.374529,0.7206919,8.38914025639276,0.6898481916223982,9.215171312985744,1.1561807528763215,,
1985-11-21,71.2428834072,2072.192030495358,49.21033268441003,6.6704817,0.7314948,7.3901076,0.70838743,7.3661889079049345,0.685273699487091,8.143326386824453,1.151608875805142,,
1985-11-22,192.9261674072,1826.0185304953584,49.81422425675381,5.0018196,0.7717118,5.3030896,0.6060398,5.274300881638516,0.553066242474357,5.951453263663989,1.019410492711677,,
1985-11-23,222.1073574072,2078.006430495358,50.47164907544632,5.179968,0.724423,4.753994,0.60211784,4.795127577175724,0.5484545218539,5.4493771132198745,1.0148015550967107,,
1985-11-24,190.8576374072,1651.893030495358,50.91176441618583,5.564973,0.7078967,4.360208,0.59073484,4.484988112237716,0.5346026700438066,5.124414042016555,1.000951644537826,,
1985-11-25,182.6146574072,1293.547130495358,51.1352492024625,4.7242265,0.779007,3.4880614,0.61305225,3.640986302802903,0.545787572108219,4.240071831166613,1.0121423864567212,,
1985-11-26,333.8716474072,1332.657830495358,51.34697303819732,4.3903065,0.8069447,2.341712,0.6569709,2.752126347829248,0.5496648166650447,3.3087274087609715,1.0160266619808431,,
1985-11-27,329.7944174072,3317.5445304953582,52.06904203328075,4.789863,0.69077283,3.9255567,0.6177011,4.003707729882605,0.565309381458856,4.620130102559554,1.0316615862276688,,
1985-11-28,542.5826874072,2704.803130495358,52.553151507863525,4.428221,0.742973,3.6404543,0.6227307,3.7720766875916514,0.5333313541304682,4.3774278882382,0.99968520799363,,
1985-11-29,530.2785774072,2761.078430495358,53.01959442027283,4.782456,0.6656321,3.8016949,0.618645,3.9597076816549714,0.5299380828262339,4.57402700243328,0.9962905961321252,,
1985-11-30,430.4997774072,2640.2345304953583,53.48366160645436,4.651563,0.665671,3.7035928,0.6163106,3.8364929246114303,0.5380622652184134,4.444923001191634,1.0044156543118317,,
1985-12-01,431.9970874072,2910.523930495358,54.328995189032895,5.17029,0.6226782,4.051221,0.6136567,4.195852622118345,0.5403721687895691,4.821458863829706,1.0067230521456643,,
1985-12-02,476.6146474072,5379.067930495358,55.86247179449465,4.890942,0.6582024,4.1298757,0.6337441,4.1918215401346774,0.584621312097298,4.817235109906784,1.0509722227422136,,
1985-12-03,235.2097774072,4251.044930495358,56.950360643022194,3.1147027,0.6898324,2.6766937,0.6307408,2.6996580461039286,0.598765015288122,3.2537513015670987,1.065127303873556,,
1985-12-04,86.5777714072,2947.412230495358,57.73655764733371,2.9204593,0.6457886,1.4956675,0.47791743,1.536325238193709,0.46464518995059223,2.0348151620930364,0.9310181154472699,,
1985-12-05,71.58147240720001,2292.4049304953583,58.34662758790438,3.5034428,0.59097743,1.4945061,0.45819554,1.5553366917650546,0.44468158332383445,2.054735298157689,0.9110543225511398,,
1985-12-06,88.9976324072,1993.434030495358,58.83224997875166,3.7514467,0.54768336,1.881576,0.46682554,1.9614892834763047,0.44748722661253015,2.4803005953895574,0.9138560851892703,,
1985-12-07,100.6942154072,1686.779930495358,59.21051786968757,3.7267709,0.54783726,1.8476903,0.4481529,1.9535450441834847,0.42403155175221324,2.471976648614564,0.8904004844247777,,
1985-12-08,122.8913074072,1470.0347304953582,59.56499436428575,4.203594,0.5280281,1.8078406,0.44420177,1.9926685612921842,0.4119515110830826,2.5129701361040064,0.8783200795485192,,
1985-12-09,119.0997274072,1254.988030495358,59.86682277899943,4.305543,0.5134517,1.861175,0.50850874,2.073041731506361,0.4665608688102168,2.5971848691124833,0.932928694560142,,
1985-12-10,108.6590374072,1131.842230495358,60.11997306897845,4.310171,0.52215385,2.0639844,0.5855555,2.2607342842884224,0.5362191582135973,2.793848484322632,1.0025852782941291,,
1985-12-11,168.4927674072,1147.692930495358,60.41661414435969,4.745475,0.50800055,2.2858548,0.66947776,2.600725416421671,0.5873850316656137,3.150090030370306,1.0537481646310587,,
1985-12-12,163.9362274072,2127.073630495358,60.97806331279717,4.4193716,0.5379479,3.775084,0.6456614,3.82118686539935,0.600694903813186,4.4288853646703625,1.0670484029115712,,
1985-12-13,154.7311874072,1642.984830495358,61.32779734790369,3.8298812,0.55954146,2.7437096,0.58445686,2.83719742542119,0.5363187950200551,3.3978645930608775,1.0026799283172758,,
1985-12-14,110.4868024072,1444.3527304953582,61.63686730334055,2.982078,0.58406806,2.056622,0.6013997,2.122384878628361,0.5602038463742383,2.6488864499958042,1.026571219811664,,
1985-12-15,101.2020434072,1196.108030495358,61.75389559019144,2.2812924,0.6097784,0.39892352,0.37401015,0.5457654973915421,0.3480993944546449,0.9969100517396068,0.8144825969489686,,
1985-12-16,88.57645940719999,1055.285330495358,61.82090713373521,2.7743478,0.5711152,0.11946076,0.34958345,0.3250454698446188,0.3255310811283579,0.7656403613696101,0.791916726427671,,
1985-12-17,103.7730724072,915.058270495358,61.83177534324852,2.9088058,0.5519078,-0.077423096,0.4132689,0.22673927078845688,0.37540810736743835,0.6626354620414939,0.84179485859389,,
1985-12-18,105.8219874072,845.621990495358,61.83323300206396,2.1869073,0.61095,-0.1414296,0.37326285,0.11753387058146253,0.3386353136779111,0.5482104170045909,0.8050233064007111,,
1985-12-19,127.3489174072,700.732770495358,61.76142857394241,1.8237636,0.64855695,-0.4950776,0.38877112,-0.13846796245774687,0.34377000134999663,0.2799725714445954,0.8101609578655828,,
1985-12-20,104.7741474072,701.4238304953581,61.68996032617352,1.9047828,0.633223,-0.46746993,0.3905751,-0.15917003264134041,0.34963840330952123,0.25828101307271284,0.8160296027725236,,
1985-12-21,89.4207774072,700.047130495358,61.67167794849787,2.1587894,0.59873843,-0.42874348,0.38409743,-0.13566101533896446,0.34727796103907177,0.2829136810405869,0.813668884651688,,
1985-12-22,87.3906174072,670.614130495358,61.59534867907368,1.8214543,0.6389091,-0.30267894,0.3832818,-0.05778692205192637,0.3470013491515874,0.36450988978747456,0.813391363517641,,
1985-12-23,89.3592204072,658.219770495358,61.54362481336855,2.5591831,0.558706,-0.5818287,0.4939614,-0.20637893191625833,0.440014951736503,0.20881568978800294,0.9064067070483677,,
1985-12-24,94.8839694072,635.423390495358,61.44789255963554,3.7111292,0.47259638,-0.80098283,0.7236172,-0.21475418109566427,0.6325894038217366,0.2000401323271785,1.098981258011915,,
1985-12-25,125.6414774072,567.889730495358,61.30641617484035,2.4427307,0.61651057,-0.44059968,0.63092196,0.08175011526092524,0.5285579363556784,0.5107163205003803,0.9949463388504072,,
1985-12-26,136.5242374072,544.088550495358,61.1204422778884,1.5813165,0.6783644,-0.49918664,0.4826518,-0.0818581553964192,0.40912809618736895,0.3392881337725098,0.8755183908652634,,
1985-12-27,134.8685374072,538.6247304953581,60.94004176526766,1.8333168,0.64197105,-0.74701214,0.555066,-0.23029548070435757,0.4621528330678686,0.1837560117224647,0.9285448709513411,,
1985-12-28,105.6809674072,557.1317604953581,60.79358022251826,2.1904535,0.5898771,-0.6066705,0.5557825,-0.16068815600107197,0.4765401867691753,0.2566903286058312,0.9429314040672717,,
1985-12-29,108.8645374072,534.6023104953581,60.6455634218982,2.037425,0.6087271,-0.5741793,0.5485377,-0.13233664121233488,0.46722534143491834,0.28639694888666495,0.9336162260909492,,
1985-12-30,103.6261914072,527.154680495358,60.50025778550731,1.9964314,0.6091912,-0.5265757,0.5731433,-0.11209004999019906,0.48932955899938424,0.30761125795970906,0.9557202066691199,,
1985-12-31,96.3036434072,511.3093304953581,60.34971105087897,2.452952,0.5643677,-0.70223486,0.67063826,-0.20215340636944396,0.5713903742181058,0.21324318101171855,1.0377820796737927,,
1986-01-01,96.4788474072,450.921860495358,60.22409084649488,3.0223386,0.65371567,-0.45739162,0.31742838,0.15590748426825463,0.285740625938327,0.5884181582519755,0.7521281808586713,,
1986-01-02,98.8748834072,434.001270495358,60.01195771641955,3.3081698,0.7088582,-0.631935,0.36677212,0.0991493313339874,0.3263923590135266,0.5289471596254901,0.7927805620810595,,
1986-01-03,107.5012674072,403.503370495358,59.946195465363616,3.7401628,0.6940777,-0.9115294,0.5329009,0.06705820275674598,0.44540690543218164,0.4953221848002917,0.911795476592935,,
1986-01-04,116.4239574072,364.455370495358,59.8756193360588,3.0828357,0.77341694,-0.81641495,0.55668944,0.12761853497352646,0.4615966486094297,0.5587770938818949,0.9279845261137548,,
1986-01-05,122.8540874072,361.070150495358,59.61259667396608,2.9797828,0.7492602,-0.83748186,0.4735342,0.1316090290492529,0.40126707076868967,0.5629583199336194,0.8676549027132608,,
1986-01-06,124.8521474072,323.602100495358,59.426391336184025,2.062537,0.7127742,-0.69254947,0.41550943,0.07448185814593127,0.35954994328364165,0.5031006655405836,0.8259384291885354,,
1986-01-07,166.0853850162015,309.8508035004017,59.18064479922851,1.3886468,0.7399225,-0.6445942,0.33086205,0.06493710189213464,0.3362579351854298,0.49309970256497254,0.8026465307172225,,
1986-01-08,178.31426754924874,355.3414553358425,59.01369355333208,1.3484681,0.7356494,-0.5142685,0.27648878,0.10814120313172068,0.30710852612008005,0.5383688121579789,0.773496626259794,,
1986-01-09,174.38341508804953,328.36833558484096,58.65018536982791,1.5716053,0.7436759,-0.8082893,0.34603816,0.01719595214191737,0.3429571249067116,0.4430766890516512,0.8093462703359614,,
1986-01-10,177.4389251749613,348.42657198906954,58.46294408178208,2.0362592,0.74343634,-1.0808909,0.4852473,-0.029093883658679414,0.4077965587230301,0.3945743573336737,0.8741862398213687,,
1986-01-11,189.0277854793189,376.2239823342147,58.25211433216165,2.0040634,0.7341243,-1.0906621,0.5496898,-0.05574433950487364,0.44060050982814997,0.36665010079805727,0.906990500438625,,
1986-01-12,225.5242773945805,370.7612100518058,57.875128640315566,2.4079275,0.7264838,-1.5406445,0.7385075,-0.047234281355972144,0.5351214687109741,0.37556691063629777,1.0015113603993795,,
1986-01-13,276.3353931167249,338.3613842710407,57.41606813126984,1.7850826,0.7198508,-1.807633,0.996511,-0.19253675420603214,0.636874305516952,0.22331947627566057,1.1032658975836738,,
1986-01-14,298.4860804310948,351.42978132088064,56.92691647753309,1.2874986,0.744373,-1.2805306,0.5744134,-0.10111488894860057,0.4618957059251472,0.31911099418238476,0.9282862253265434,,
1986-01-15,344.8979696123548,363.0553258204336,56.38836614962575,1.241698,0.74972767,-1.3884975,0.55646646,-0.10712892256054586,0.46351135924778203,0.312809510321734,0.929901948919027,,
1986-01-16,259.6774854305482,366.4933182058322,55.93276835050419,1.5726275,0.7613651,-1.2502133,0.5170789,-0.07956110628224349,0.437363135834897,0.34169497398227355,0.9037534037348394,,
1986-01-17,245.95816241462205,403.71418722601743,55.62504586471576,2.263517,0.7389213,-1.5306607,0.7076809,-0.0942305794427283,0.5211989183905048,0.326324350149803,0.9875893574042385,,
1986-01-18,198.42101205778627,390.77477563604265,55.3823355485792,3.3380132,0.5924972,-1.685295,1.172764,0.006383585920731089,0.8030023737466232,0.4317475286853172,1.2693916440780093,,
1986-01-19,112.8762174072,623.2938704953581,55.39186646932256,4.115692,0.70350754,-0.3469255,0.87777203,0.3373231660367727,0.7509714875275191,0.778504889470544,1.2173569954811363,,
1986-01-20,420.3625674072,4159.689630495358,56.92183605185386,3.724853,0.70992625,1.8807815,0.7949781,2.05003257910818,0.7249481619772944,2.5730759578825215,1.1913161995964336,,
1986-01-21,38.7789474072,3091.239205495358,58.141448330449705,3.3481278,0.60014033,1.2745986,0.5609441,1.3002883157763427,0.554044225610409,1.7874964816359753,1.0204194981553956,,
1986-01-22,38.7789474072,1869.991030495358,58.88578090190615,3.7941213,0.6613324,1.4049634,0.5764413,1.4535019771575044,0.5648900082358342,1.9480332322964558,1.031263750035863,,
1986-01-23,38.7789474072,1354.0004304953582,59.344086178014976,2.966351,0.58083326,1.7478046,0.5698605,1.781732446185307,0.5542299685496256,2.2919519957440584,1.0206005213743556,,
1986-01-24,38.7789474072,1022.577130495358,59.75953044660808,2.4553833,0.5911686,0.46490875,0.35311368,0.5376350558710332,0.3408968859689732,0.9883910029069416,0.8072801774583032,,
1986-01-25,38.7789474072,1026.610400495358,60.10624115641932,2.766365,0.6127528,0.10334039,0.30942014,0.20027142348597177,0.29899064160509364,0.6349025421137598,0.7653776924780785,,
1986-01-26,169.8049174072,1916.894630495358,60.84038707317497,3.0726142,0.71722484,0.19326985,0.38440338,0.42757613840647857,0.3579133180463484,0.8730716454051697,0.8242978216661629,,
1986-01-27,151.9133574072,1830.1679304953584,61.34391430882871,1.9810417,0.69357926,0.29072532,0.35206595,0.4202768345668907,0.32940004708569204,0.8654234597934715,0.7957846315858956,,
1986-01-28,198.7455774072,902.054430495358,61.4715824070007,1.1662577,0.7085049,-0.2587912,0.23517185,-0.0015036230217124183,0.23130305761062056,0.42348333811649985,0.6976924191376683,,
1986-01-29,163.8705534072,892.9082304953581,61.56581873428958,1.2019935,0.6873106,-0.2916839,0.22940624,-0.06006520245439499,0.22120186233671835,0.3621227153696799,0.6875919032051838,,
1986-01-30,129.6968974072,811.5322304953581,61.57588914652629,1.4778568,0.75276405,-0.2363733,0.24325849,-0.0001605557275701982,0.23398642436342806,0.42489059943625623,0.7003757703562683,,
1986-01-31,93.4132774072,781.6466304953581,61.545604156725695,1.6342568,0.73222405,-0.14204901,0.25830215,0.04757291877723795,0.24360899818305426,0.47490557085367435,0.7099977934193826,,
1986-02-01,78.94387240719999,790.903930495358,61.554542707253255,1.8094451,0.7093019,-0.16596079,0.26134434,0.013319072975715161,0.24619087195057,0.439014508313753,0.7125800621493255,,
1986-02-02,77.9006404072,748.414130495358,61.57373415504806,2.3343158,0.71488386,-0.21789294,0.26352662,0.02271596219158228,0.2480153039625315,0.4488605367124797,0.714404385677348,,
1986-02-03,93.8389104072,709.6508304953579,61.60364997208879,2.4438028,0.6626559,-0.21305329,0.29757473,0.09723876954540367,0.2739787666563786,0.5269452795143408,0.740366991605566,,
1986-02-04,99.7250154072,691.483630495358,61.64685790332965,2.4402738,0.7023837,-0.20825213,0.27709132,0.12557167916607292,0.2578410358322277,0.5566324053636716,0.7242289367127154,,
1986-02-05,111.3622524072,718.5088304953581,61.78173635842571,2.7823577,0.66306907,-0.31818366,0.30315918,0.09788490229802248,0.2771492185020366,0.5276222952038404,0.7435374360506017,,
1986-02-06,97.0579774072,821.668990495358,61.90491615134695,2.4352396,0.6271004,-0.0874939,0.29042384,0.17901771658741736,0.2680579146805754,0.6126329806776171,0.7344452067498504,,
1986-02-07,128.3802874072,623.560930495358,61.98293425640309,1.6391432,0.7059411,-0.38073623,0.23374389,-0.035878549485324256,0.22825249257751082,0.38746540767273513,0.6946422523943135,,
1986-02-08,100.7422174072,611.599830495358,61.986534810603466,2.033596,0.66604346,-0.32880867,0.22710124,0.005291910430127717,0.21654385038247354,0.43060367483796896,0.68293313333209,,
1986-02-09,87.0312014072,603.365030495358,61.95538202225188,2.338293,0.6631139,-0.29752254,0.25404045,0.03474780878964127,0.23723152929621205,0.46146746444911585,0.7036204722547825,,
1986-02-10,86.14192340720001,585.077380495358,61.87941339221234,2.4032373,0.65585077,-0.33693588,0.27160752,0.014728310524102898,0.25126729234372447,0.44049110259971613,0.7176564662668694,,
1986-02-11,100.6161894072,560.162330495358,61.85977851476204,1.7817098,0.67531395,-0.35597408,0.24998079,-0.03047075366326651,0.2355471831122326,0.393131677649462,0.7019368801813228,,
1986-02-12,99.0881274072,562.5613304953581,61.7240740557684,1.7128679,0.6684045,-0.34679365,0.22526558,-0.03834028636778345,0.2161103734701976,0.38488600818232094,0.6825001618620897,,
1986-02-13,101.1297874072,532.645550495358,61.636587303985856,1.5417924,0.68420863,-0.34052813,0.22843763,-0.040171422143637364,0.22085851422134206,0.38296735037580576,0.6872483238729925,,
1986-02-14,86.12466240719999,550.840930495358,61.51595388108699,1.5699806,0.68934554,-0.3125726,0.23231584,-0.05803096806937552,0.22147245775839655,0.36425417920462094,0.6878624749630654,,
1986-02-15,77.9447174072,560.7217304953581,61.39551916890175,1.7999942,0.70691925,-0.28112328,0.24257651,-0.027137625254199993,0.22978307104091114,0.3966241182027524,0.6961727294517159,,
1986-02-16,68.93425140720001,567.434030495358,61.30530024960152,1.646278,0.68762547,-0.2686497,0.24697562,-0.061216183249614024,0.23247804437061897,0.36091672162688043,0.6988680986302842,,
1986-02-17,76.6799254072,603.8315904953581,61.10748583234306,2.0653963,0.7333858,-0.3594941,0.25037807,-0.08625783974620495,0.23703695554994794,0.3346781595503729,0.7034273015342015,,
1986-02-18,257.9393474072,571.090530495358,60.98555806224658,2.500023,0.6784256,-1.3752297,0.4603749,-0.1695070343057962,0.380960542624294,0.24744993806396856,0.8473518635797366,,
1986-02-19,264.7228474072,1123.229730495358,61.10006265304821,2.990324,0.6252833,-0.7758292,0.41368404,-0.05751445015564959,0.35539018502071956,0.36479538490899477,0.8217801962176035,,
1986-02-20,38.7789474072,2788.272890495358,61.9550169552172,3.3564181,0.5732027,0.3644865,0.3889312,0.40552710564458694,0.38367677283111795,0.8499687442481076,0.8500615209525317,,
1986-02-21,38.7789474072,3048.533436495358,63.04956655519183,3.2022533,0.64552104,0.22805351,0.39972395,0.2654116795291789,0.3947863915161816,0.7031562797250064,0.8611727063665471,,
1986-02-22,38.7789474072,4287.842220495359,64.7303550266398,2.8548067,0.6376197,0.18542612,0.38271224,0.20935142947823196,0.37932510593260615,0.6444165413540024,0.845712053919201,,
1986-02-23,38.7789474072,2987.540930495358,65.78148644479624,3.0626602,0.6061914,0.23656619,0.4028144,0.2727794602349994,0.3977286234940436,0.7108762151630668,0.864114855400938,,
1986-02-24,38.7789474072,2185.950530495358,66.48177846901329,2.901785,0.6150695,0.35355783,0.38566485,0.3979756136686338,0.3790940068079859,0.8420563167691879,0.8454788387956405,,
1986-02-25,38.7789474072,1814.983430495358,66.96312566564413,2.1838508,0.6396875,0.17887098,0.32067838,0.22081324792954574,0.314255137523834,0.6564261955470226,0.7806419557701019,,
1986-02-26,38.7789474072,1526.327130495358,67.25939271598448,1.8599979,0.6564561,-0.026346684,0.27735403,0.020391654050904717,0.27097057124022217,0.44642513458792765,0.7373596797790001,,
1986-02-27,38.7789474072,1348.242830495358,67.46362193978355,1.973089,0.6258386,-0.03548485,0.27833307,0.02067171480589529,0.27111653261876345,0.446718581289667,0.7375056379251388,,
1986-02-28,38.7789474072,1125.170230495358,67.57453057842065,1.9967813,0.6139128,-0.03439027,0.27435842,0.033281667995040086,0.26600522516627767,0.45993124713628436,0.7323941850241362,,
1986-03-01,38.7789474072,972.781780495358,67.62174333409016,2.5785022,0.6069712,-0.07291281,0.27336112,0.028731191564556058,0.2639094017678017,0.45516327348744867,0.7302984140918081,,
1986-03-02,38.7789474072,911.960860495358,67.62913489853709,2.459813,0.60074437,-0.008251011,0.28235224,0.09241683515614053,0.2719417820327802,0.5218928731442289,0.7383300622261166,,
1986-03-03,38.7789474072,828.814530495358,67.75779079086261,3.052143,0.58071613,-0.06591314,0.28883556,0.07345505635316221,0.27714359922657067,0.5020247861320666,0.743532096919861,,
1986-03-04,38.7789474072,797.760030495358,67.87032187906111,3.263887,0.5456211,0.301764,0.39461845,0.4390774084309855,0.3771743751503704,0.8851226368217233,0.8435587514532663,,
1986-03-05,38.7789474072,774.2062304953581,67.99974731762607,3.430286,0.54379827,0.47823584,0.3981608,0.6190470121308528,0.3800549330707011,1.0736941723831301,0.8464373368435805,,
1986-03-06,38.7789474072,745.880630495358,68.41766351051585,3.5473275,0.55189514,0.67669153,0.43883583,0.8185622810228266,0.41803872039986617,1.282745589119312,0.8844189807005307,,
1986-03-07,38.7789474072,644.639430495358,68.75121327498708,2.2821445,0.60332376,0.3061578,0.40097827,0.41828045726904617,0.3797718651059187,0.8633316624850644,0.846156471737714,,
1986-03-08,91.8420074072,525.8279004953581,68.66655490320468,1.7838678,0.62635005,-0.2060833,0.25758293,0.08980469102557503,0.23824058203689485,0.5191558774533904,0.70462889216826,,
1986-03-09,38.7789474072,643.1104304953581,68.67517746746401,2.714085,0.53509974,-0.07956332,0.30553985,0.07931105016711644,0.2897661945420659,0.5081606764326143,0.7561546250206533,,
1986-03-10,38.7789474072,643.379080495358,68.75444214681684,3.7390413,0.46333915,0.4588113,1.1845124,0.6452840392502547,1.1174863429763222,1.101185239712049,1.5838684622752044,,
1986-03-11,38.7789474072,3072.5706304953583,70.84299873555481,4.004404,0.49020272,1.6330435,1.0797722,1.6625994689645458,1.0663317831266705,2.167124869447855,1.5327034791645464,,
1986-03-12,38.7789474072,3127.8714304953583,71.98785021640718,3.810276,0.52890354,0.879153,0.56603956,0.9150476816659311,0.559145320408679,1.3838426620943147,1.025524560455941,,
1986-03-13,38.7789474072,3000.8759304953583,73.04843492609969,3.8710828,0.57113254,0.6732392,0.6618329,0.7140362403163886,0.6534300985548352,1.1732235609715018,1.1198114761441396,,
1986-03-14,38.7789474072,3585.979630495358,76.50308007758866,4.064958,0.6785824,1.4933951,1.7019131,1.5209065793235568,1.683721088468997,2.0186595440349393,2.150094165337276,,
1986-03-15,38.7789474072,5110.137530495358,91.09531922824247,3.6914382,0.5416681,3.2704253,1.2142687,3.273596168594893,1.2051303542702443,3.8551217044038073,1.671487965164775,,
1986-03-16,38.7789474072,12138.61093049536,97.76720310198932,4.148554,0.4211605,2.600337,1.5514628,2.605267331239104,1.5465227296251423,3.1548490331902532,2.0128858235806755,,
1986-03-17,1105.3141387447547,7520.327430495358,100.0,3.8693333,0.4109774,2.9708424,0.82704425,3.0859775306663093,0.7229850657874529,3.6585355369244668,1.1893441643617044,,
1986-03-18,2303.260101245647,5727.617824495359,100.0,3.763835,0.45049128,3.6555295,0.9794221,3.686591561488163,0.7103715505710434,4.28785686532325,1.176726028545439,,
1986-03-19,2955.407401245647,5551.649530495359,100.0,3.5049567,0.4756302,5.1196856,1.1555294,4.558718224596325,0.7719820847695011,5.201668201712125,1.2383305877985518,,
1986-03-20,3143.203101245648,5227.470930495359,100.0,3.2135892,0.4334884,5.7953653,1.0930043,4.825903765006848,0.701719577815479,5.481624297626191,1.1680664244210348,,
1986-03-21,1803.301250632046,4267.373630495358,100.0,2.8876781,0.37079704,2.822916,0.72537374,2.842153694919965,0.521661494030766,3.403057755299534,0.9880225861006727,,
1986-03-22,1494.601674169036,3088.441930495358,100.0,3.0857291,0.34304228,2.4344826,0.77326524,2.646864184687385,0.5329648235416717,3.1984340740416313,0.9993275613246373,,
1986-03-23,1104.6663324411566,2260.292830495358,100.0,3.175427,0.36796823,3.7258568,0.7406719,3.545158810479643,0.5119752809295685,4.1396641122801965,0.9783308098297512,,
1986-03-24,969.4736841976,1814.115430495358,99.897277201593,3.1593046,0.35510328,4.170113,0.76001966,3.8180668007789285,0.5105254615031128,4.425616171626492,0.9768789830583411,,
1986-03-25,969.4736841976,1475.067730495358,99.56924928301883,3.2179437,0.37281024,5.792125,0.9215119,4.771237927936799,0.5753730133539201,5.424345620410009,1.0417201922184571,,
1986-03-26,984.3587181976,1317.899730495358,99.1485851053015,3.3884754,0.34128597,8.698277,1.2407252,6.428006753816385,0.7250730281393659,7.1603023327857285,1.1914116550088827,,
1986-03-27,389.2881264036,1326.997930495358,99.36304075778064,3.5664601,0.38965243,8.484771,0.92668754,7.369199202554066,0.721926602114863,8.146480563267636,1.1882617689815742,,
1986-03-28,387.7894737036,1238.458530495358,99.58994169761613,3.6437793,0.42161685,8.132312,0.9173665,7.061991877083605,0.7058115335871422,7.824589777775393,1.1721477184266407,,
1986-03-29,387.7894737036,1090.389190495358,99.73949559662606,3.9388409,0.4352014,9.2478485,1.0873271,7.855068781017042,0.8101599275633539,8.655573046719075,1.2764937047973173,,
1986-03-30,387.7894737036,817.728980495358,99.78689905952112,4.0613647,0.48190618,12.1678,1.1729147,9.560133292009306,0.8105746024237478,10.442133812865317,1.2769056393825313,,
1986-03-31,387.7894737036,1007.1813915161796,99.78167615236386,3.9054303,0.53980666,12.735123,1.052845,10.280546861147156,0.7748334908334048,11.196980687997366,1.241164369273493,,
1986-04-01,282.9904021715986,1167.907902625713,100.0,4.2175455,0.65640426,11.7654085,1.0071678,10.293235875911869,0.8207715722736789,11.210276194292604,1.2871024532416115,,
1986-04-02,969.4736841976,989.1154849648132,99.5342497034612,4.283432,0.6043892,15.230088,1.4056909,9.811649640885836,0.7703561276049758,10.705671783452518,1.2366870417745335,,
1986-04-03,54.9368420988,906.210830495358,99.81172537300046,4.3054323,0.6823679,10.10187,0.9154644,9.770559454874137,0.8640194374790063,10.662617627009233,1.330350366763809,,
1986-04-04,100.13092467406668,751.382133264724,100.0,4.176467,0.6150957,9.220867,0.89004374,8.6276872247902,0.7887055347789876,9.465120011040563,1.2550376583076996,,
1986-04-05,995.1142981976,886.997790495358,99.43501367253516,4.4693155,0.54539156,11.97016,1.8559198,8.004297369956861,0.9209622029609941,8.811934252097805,1.387295607586735,,
1986-04-06,157.3633020988,500.540950495358,99.71717590494896,4.2843103,0.5378086,8.380527,1.1054813,7.40075767039777,0.8508430640783202,8.179547417997043,1.3171781324856537,,
1986-04-07,147.17199770931273,750.0264628558858,100.0,4.44469,0.5513056,8.032779,0.9957313,7.444206447910193,0.8372945015704837,8.225072898552344,1.3036294362855418,,
1986-04-08,1039.8693941976,896.4197304953581,99.40040071537736,4.5302105,0.523886,13.385177,1.9170731,8.629684215486183,0.9310506536738086,9.467212451065443,1.3973827738128264,,
1986-04-09,113.0591450988,436.275630495358,99.71017499669556,4.287162,0.5440759,9.31003,1.1635747,8.276268414182221,0.9308578243144295,9.096904582550632,1.3971906153681,,
1986-04-10,81.1597980988,448.16485049535794,99.94376415781696,4.2558064,0.5630924,8.365214,0.95228547,7.735130869772407,0.8108837208983425,8.529902513304185,1.2772178160668808,,
1986-04-11,191.61579653986905,622.8696413463126,100.0,4.149721,0.56105876,7.512462,0.91685975,6.72134388942955,0.7134753339936315,7.467659980758367,1.1798127738223363,,
1986-04-12,982.1241381976,887.880230495358,99.36939881487407,4.110088,0.48565492,8.624246,2.2033446,6.253415186853028,1.0767958548549856,6.9773658857329375,1.543135234959317,,
1986-04-13,68.2961590988,474.47701049535794,99.66461179137984,4.4809623,0.55517286,5.861647,0.89668787,5.687918069405822,0.7869658614315723,6.384839939126947,1.2533079205740711,,
1986-04-14,72.7488960988,449.1254304953581,99.92770032188014,4.861873,0.60144585,7.6978164,0.85982877,7.302487979066635,0.7447038635815729,8.076580771338415,1.2110392423298975,,
1986-04-15,143.89182216186376,470.9327512774043,100.0,5.0250716,0.62703747,9.600864,0.8962048,8.529958674432041,0.7019703036102934,9.362720370043622,1.1683025985971647,,
1986-04-16,720.9820714647167,545.9318307623618,100.0,5.309041,0.56470716,14.13725,5.6865277,9.113246069389952,2.471391884814287,9.973886908612307,2.9377233184323606,,
1986-04-17,1056.3657458005807,525.5803117852257,100.0,5.405618,0.6014534,15.08056,4.2573915,8.619987458661479,1.4703760153938517,9.457052222411223,1.936708152034854,,
1986-04-18,924.7721950323598,439.95240957305487,100.0,5.7868624,0.6339325,17.413486,4.0809603,9.5349894855708,1.3839530693847435,10.415788218428853,1.8502841225968534,,
1986-04-19,885.4708239848769,600.6015248932367,100.0,5.964999,0.6626785,20.164341,3.501339,11.703714631156767,1.469135201023555,12.688171012557786,1.9354675109592823,,
1986-04-20,717.8684756946031,564.0957292579603,100.0,6.165966,0.7728147,21.268307,3.0531464,12.81136678441308,1.4114396769933042,13.848765152420281,1.8777747042078707,,
1986-04-21,698.1074538185289,590.9555021417136,100.0,6.0766687,0.6508145,20.77275,4.1425333,12.81391190167373,1.9315244484317629,13.851431917585943,2.397859483505868,,
1986-04-22,708.3620271641305,723.3632245455922,100.0,5.7449403,0.6835662,15.94827,2.9108016,10.900058810172014,1.5090368438002726,11.846103190489956,1.975368060649167,,
1986-04-23,684.8382627624517,798.4167829874589,100.0,5.4231763,0.7186876,11.698,2.4156272,8.800831762808146,1.341972802335496,9.646540266110772,1.8083046489152983,,
1986-04-24,801.2926651403743,919.5164221450796,100.0,5.999734,0.688816,11.129318,2.0530896,8.740733521460122,1.1429973111245306,9.583569534261875,1.6093292499476117,,
1986-04-25,1001.621213711496,1404.1237677215709,100.0,6.336599,0.72627735,12.517247,2.0527256,9.943961782619567,1.235652269518862,10.84430799327469,1.7019831481376815,,
1986-04-26,989.214581983269,989.6985391395986,100.0,6.5794573,0.9088472,14.849855,2.2990053,10.715667645085095,1.2362857650317978,11.652898758021546,1.7026168352728606,,
1986-04-27,874.3839847417655,1106.3639741839352,100.0,7.0015287,1.0526984,13.93449,2.0952418,10.873994574631302,1.259201587897524,11.81879317358653,1.7255327816629735,,
1986-04-28,752.2759930689533,1058.565261325708,100.0,7.323907,1.0602345,13.468536,1.8577713,10.91587902406417,1.1719182632473195,11.86267955652746,1.638249494486122,,
1986-04-29,664.0115948451685,961.6156082016636,100.0,7.396578,1.2025299,13.946146,1.7704476,11.270877535209422,1.1567490391002344,12.234645783003753,1.6230806685254826,,
1986-04-30,580.8852345349675,938.7348061484596,100.0,7.531066,1.2438747,13.662601,1.6276469,11.318779752951118,1.1122257641314017,12.284837563007962,1.5785574583238218,,
1986-05-01,495.5140375841718,630.7258146016324,100.0,7.595153,1.3680823,14.121979,1.7573944,11.250357896374494,1.153661659518572,12.213145375575392,1.6199932620027477,,
1986-05-02,430.9913984482847,661.9369538926178,100.0,7.337125,1.441718,14.109974,1.5816352,11.439131220037229,1.1139350795352247,12.41094141881988,1.5802669480317606,,
1986-05-03,371.2161379785514,549.5943661302582,100.0,6.896739,1.1787331,11.962105,1.3875036,9.920049979230384,0.9547951714969365,10.819253287421915,1.4211260550582157,,
1986-05-04,350.342794344876,458.05833049535806,100.0,7.130513,1.1633707,11.91566,1.4232775,9.84188536439146,0.9510918523599602,10.737352671186061,1.4174227566404762,,
1986-05-05,325.8270829443125,431.278630495358,100.0,7.837569,1.3633231,13.907322,1.7474746,11.295150631915673,1.1554765371355091,12.260079050759133,1.6218081990516868,,
1986-05-06,282.6049018040899,400.629400495358,100.0,9.320904,1.7800742,18.975357,2.514765,14.982003953657339,1.648189790167816,16.12315135840245,2.114534211769259,,
1986-05-07,273.8945462964,400.28093049535806,99.94643354358944,9.795289,2.0256212,22.449123,1.6091661,17.308301244143973,1.26097301406854,18.560637707324872,1.7273334858473925,,
1986-05-08,252.1185062964,408.523110495358,99.80110928898408,9.189054,2.3187845,21.801924,1.2892631,16.988515213470965,1.1910780458072656,18.225566997519554,1.6574359443364277,,
1986-05-09,240.8836662964,396.49563049535806,99.72132598406704,9.299453,2.4589036,19.122343,1.1901488,15.409994958250037,1.188153289593907,16.57159887000062,1.654500199520363,,
1986-05-10,237.2883762964,372.360930495358,99.6193553029362,9.793107,2.4586482,19.49157,1.1907275,15.716723242175231,1.2019532331593934,16.89298771739925,1.668302055261013,,
1986-05-11,238.3713262964,338.793730495358,99.5031285288002,9.976832,2.5969741,20.973171,1.3148911,16.431642179529785,1.321406846223844,17.642077336131223,1.7877605428569954,,
1986-05-12,231.7827962964,343.05993049535806,99.3741734295416,10.251868,2.6443381,21.374733,1.2210166,16.889873777165096,1.2914432622976646,18.122210837747147,1.7578003906804558,,
1986-05-13,233.4068762964,322.027630495358,99.2140804523458,10.137025,2.7353778,22.041279,1.3623213,17.038826349417484,1.3946803686633267,18.278282833784303,1.8610386642833776,,
1986-05-14,237.3616662964,298.32511049535805,99.02684852384564,10.302287,2.7235644,22.841793,1.2836016,17.285564760842963,1.4026320161285957,18.536814497842855,1.8689923010900868,,
1986-05-15,243.4905162964,259.019830495358,98.82201061418957,10.328413,2.9539723,25.09919,1.8253937,17.94203552338544,1.7129032366887147,19.22466231880182,2.179269153504322,,
1986-05-16,237.8353462964,278.855130495358,98.65301998836895,9.967236,2.921721,26.151695,2.6660216,18.701903263799235,1.969509079239284,20.020849139729467,2.4358821302947766,,
1986-05-17,133.9681202964,179.50073049535808,98.7582871802374,9.71147,2.8774166,27.587994,2.6086786,19.94805010637281,1.9348576601721392,21.32655754163818,2.4012438402400864,,
1986-05-18,154.8761862964,292.135530495358,98.73400226738868,9.434392,2.772792,30.221909,2.040189,23.01965598466532,1.643374173561089,24.54497568115364,2.1098002966875966,,
1986-05-19,165.3064192964,265.59423049535803,98.60665572524128,9.059417,2.6785853,31.859932,2.335551,23.112970149637867,1.7686932022303734,24.642749944233362,2.235120707619819,,
1986-05-20,112.5139892964,303.546300495358,98.58983543030357,8.441757,2.416723,26.371,2.9237266,21.522446572186762,2.23094565803003,22.97620477671295,2.697350964081905,,
1986-05-21,103.4105262964,51.53193049535805,99.42660363413188,9.457725,2.9138925,27.373451,8.766578,15.416272023102088,3.504734530114157,16.578175957095524,3.9710814780940304,,
1986-05-22,1104.8407535320405,3590.458726226297,100.0,11.887862,3.0265996,18.517292,1.2207696,16.95733524757309,1.1741594913298516,18.19289673583514,1.6405171452176366,,
1986-05-23,2055.883905703048,3942.9015672804303,100.0,12.9381895,2.4010997,18.655535,1.6747718,16.69610510462347,1.3743795090954465,17.9191806850231,1.8407351570205233,,
1986-05-24,1413.3722275466682,2507.601249207227,100.0,14.077306,2.4727314,17.59457,1.648092,16.326720784870844,1.3803683416390458,17.53214105746343,1.8467212862896591,,
1986-05-25,1022.6612493501398,1940.717927698261,100.0,14.774643,2.855159,17.300833,1.5932024,16.429045418211793,1.4350974450223664,17.639356458498813,1.9014511228923232,,
1986-05-26,828.5584439732347,1519.2827764762153,100.0,14.46668,3.1160476,17.576393,1.5644941,16.47896822435181,1.4947130643624083,17.69166540411975,1.9610671043062569,,
1986-05-27,662.3737292233035,1222.5619520817356,100.0,14.032887,3.2406473,18.050865,1.4715263,16.638932177900756,1.485846661852245,17.859275087838913,1.9522018811605764,,
1986-05-28,594.983278541373,1173.7028742698394,100.0,13.86876,3.3276632,18.859207,1.4033289,17.18042850786731,1.456135858423511,18.426653091365264,1.922495287205966,,
1986-05-29,495.6437120061611,1042.0441675532634,100.0,13.492641,3.502384,20.064571,1.3961977,17.94623788155947,1.4729874116128356,19.229065535331525,1.939353366067866,,
1986-05-30,422.7946220061611,922.9156175532632,100.0,12.96625,3.6606667,21.08514,1.402174,18.53435117513647,1.4991650421587996,19.845288633976786,1.9655364633605148,,
1986-05-31,362.4814520061611,828.3198775532633,100.0,11.992417,3.7156029,21.902887,1.3843212,18.88612756277646,1.485421400640175,20.21387873045854,1.9517962807791227,,
1986-06-01,241.7284209731201,527.9180173604177,100.0,10.914783,3.390203,22.186146,1.4145467,18.646067238668625,1.4405525921221831,19.962344343463517,1.906925096469425,2.442099930906391,4857.557900069093
1986-06-02,366.5095675188095,720.6523500679053,100.0,10.353587,3.1021361,23.80243,1.2936743,19.268487011637927,1.352440923353104,20.614513653945195,1.8188197236315529,2.6162257966873965,4854.941674272406
1986-06-03,254.14767023067137,600.649323014972,100.0,9.520103,2.6720908,19.642637,1.0877042,16.633012275209012,1.1024251414958277,17.85307223403468,1.568780316637117,2.8596574226844846,4852.082016849721
1986-06-04,194.85789338919722,651.225329842519,99.93790856861276,9.013631,2.3991647,17.722313,1.0924699,15.716652734655032,1.0061613902755668,16.892913839860604,1.4725102119252715,3.0415345266825637,4849.040482323038
1986-06-05,290.74508078376886,679.5723627407499,99.78865849374418,9.339417,2.0890756,19.392954,1.2266678,16.380520903781886,1.0629708776367777,17.58851263815191,1.5293242063057755,3.0763746343822835,4845.964107688656
1986-06-06,675.8821758857936,1477.5350827860295,100.0,11.439379,4.0674763,19.467892,1.344265,16.948022966742712,1.5749697293235696,18.183139359813513,2.0413273103618024,2.702957222666201,4843.26115046599
1986-06-07,1598.708929638194,5842.535383695303,100.0,14.029193,4.5469775,18.574741,1.3220428,17.59815618857658,1.425405923589355,18.8643467272818,1.8917688288068002,2.1522068138652344,4841.108943652124
1986-06-08,1220.7574601766482,3452.652840729902,100.0,14.655857,4.025882,18.026054,1.3943734,17.145713640417792,1.4721039562302431,18.390278971918498,1.9384631050874885,2.048917419992754,4839.060026232131
1986-06-09,962.98860941244,2774.4150387911354,100.0,14.308179,3.8781161,16.795973,1.258554,16.15496172779413,1.3679745455889774,17.352172504587415,1.8343262863982956,2.175086581738034,4836.884939650393
1986-06-10,661.2268710183231,1834.0379936652903,100.0,13.545972,3.9003503,16.127197,1.2394534,15.443191485068601,1.3777479452773982,16.60638207732446,1.8440950569619903,2.4142957888612853,4834.470643861531
1986-06-11,653.1134675787523,1464.1776689558674,100.0,13.805043,4.0450974,16.401217,1.3177636,15.600383920318066,1.5451131733899524,16.77108777364339,2.011461257554662,2.4073254927999876,4832.063318368731
1986-06-12,993.3768073856115,2183.9759717580587,100.0,14.130952,3.7763999,16.210445,1.3481398,15.56030650538756,1.5008849242096076,16.729094795276996,1.9672327577490965,2.3788991149823135,4829.684419253749
1986-06-13,1153.3787524459608,2545.0737935114857,100.0,14.680932,3.31908,15.830187,1.3746768,15.471786661710976,1.402228024802217,16.636344005662618,1.8685753112897656,2.2876762284053354,4827.396743025344
1986-06-14,858.5575947128643,1949.183226597804,100.0,14.988664,3.6320093,16.01157,1.3605949,15.698783280540736,1.4579488018766382,16.87419028692332,1.924297509176176,2.2586517986896544,4825.138091226655
1986-06-15,674.6533249573689,1470.130691490864,100.0,14.9878,3.9277391,16.785034,1.3625854,16.219704409596954,1.5487904403655346,17.420009665268626,2.015142630987743,2.3129485606420834,4822.825142666013
1986-06-16,1031.4972979788429,1320.726363659108,99.522425493013,15.284643,3.9736629,19.978054,1.6511766,17.919899155501604,1.973811810931435,19.201467908202524,2.4401775298107466,2.2856487812427932,4820.53949388477
1986-06-17,195.1125208067356,1671.9884692167,100.0,13.539686,4.138916,16.946833,1.1415534,16.59078499959811,1.1099949431750062,17.808826638996297,1.5763498044307773,2.8531029575547207,4817.686390927215
1986-06-18,972.4905639399171,1089.716330495358,99.4774343007328,13.270022,4.606459,19.139248,1.4495503,16.37145265815134,2.3033925645493256,17.579010961378476,2.7697458282583955,3.0168797423171223,4814.669511184898
1986-06-19,147.99426120420912,689.881600495358,99.74544507257706,11.99764,3.8338912,15.091709,1.0795401,14.545202729664236,1.1174291048265934,15.665472529032764,1.5837712028887345,3.5050065126091225,4811.164504672289
1986-06-20,391.40186748331917,743.3833125207433,99.86464681562516,12.065446,4.0815873,16.909973,1.159495,15.239033971188418,1.5996324697246704,16.392466532158352,2.0659783605621875,3.612393779719172,4807.5521108925695
1986-06-21,391.99831359579633,973.111330495358,99.84120556585184,10.732322,3.312331,18.868103,1.1598401,16.53187123926557,1.2602647142867842,17.74709700230648,1.7266191410295089,4.20883989219633,4803.3432710003735
1986-06-22,392.617853849514,641.916110495358,99.78028863313156,9.440902,2.2852361,22.048138,1.3257027,17.263542788291687,1.195327116750887,18.513739950281973,1.6616872213294773,4.828380145914027,4798.51489085446
1986-06-23,395.1946260421366,595.7751304953581,99.68457663620622,8.987088,1.8141702,24.354946,1.4410331,18.226308174667764,1.1287159219135807,19.522522231077993,1.595084430406195,5.208727838536562,4793.306163015923
1986-06-24,409.1191497495305,560.696290495358,99.472758967542,8.497793,1.7355975,26.241623,1.4958183,18.75634249923388,1.1331162765587186,20.077890384526672,1.5994898640783435,5.640518545930505,4787.665644469992
1986-06-25,393.8145101456652,601.616530495358,99.22338559912028,8.301052,1.7363923,23.47419,1.2826223,17.471361302212046,1.0357725213832962,18.731491478775673,1.502134350289583,6.025036442065266,4781.640608027927
1986-06-26,401.74137280997957,541.656330495358,98.93504418102636,8.256566,1.7982014,22.41263,1.3690765,16.384338324177495,1.0973944676471563,17.592512518193235,1.5637478236901832,6.388079706379577,4775.252528321547
1986-06-27,421.98237354542084,554.8573273652892,98.70626390846266,8.585624,1.7786645,23.776909,1.4936991,17.214466181196936,1.144652074669854,18.46231764912808,1.611011779255004,6.655534404790912,4768.596993916756
1986-06-28,424.9561407961935,454.39979947892766,98.48440463236248,8.549829,1.5586011,27.615614,1.8405164,18.401913071599186,1.2132014579875552,19.706520441807427,1.679571613620165,7.091526539464798,4761.505467377291
1986-06-29,442.14326623266953,461.67887729336456,98.14806699229486,8.476221,1.3424925,29.552746,1.880892,19.242262109775865,1.1637824067692935,20.587035291419472,1.6301609328373696,7.59176204983658,4753.913705327454
1986-06-30,361.29188882984334,661.5236895623739,97.89346165012692,8.224781,1.2021496,25.585331,1.4442788,19.45301737047072,1.0261012389664992,20.807863933144723,1.4924819909483436,8.249003961834548,4745.66470136562
1986-07-01,392.2188298312939,673.4343719068718,97.49479292473625,7.382248,1.0900832,22.625347,1.3729934,17.01505053585987,0.9559276001134197,18.253370617612187,1.4222857077172777,9.305783839377266,4736.358917526243
1986-07-02,330.8815443026936,486.7467312116403,97.27486114824146,8.0315275,1.34451,21.275152,1.3114866,15.915661689892795,0.9516381745947278,17.101434742880652,1.4179882944223163,9.75986209061178,4726.599055435631
1986-07-03,240.37715957180342,505.9736994668261,97.17452330037774,8.047075,1.337465,19.994524,1.2136992,16.14661017551499,0.9287394507978176,17.343421776657685,1.3950911339320986,10.609871787549576,4715.989183648082
1986-07-04,253.78559867718872,461.26897712442894,96.94040705125896,8.186938,1.1903309,22.1918,1.2852625,17.221224717347454,0.9305306340060556,18.469399220203695,1.39689039351237,11.541607055323832,4704.447576592758
1986-07-05,380.25465337790274,602.0297295063124,96.49771601666336,8.456582,1.0669041,26.662336,1.5742183,19.614659623800186,1.0495016873508078,20.977232133636935,1.5158841809482284,12.492252134745982,4691.955324458012
1986-07-06,417.1576554958016,627.7716455833909,96.05962490109066,8.437418,0.947627,30.45654,1.7791516,21.666044951347466,1.1338511470785688,23.126666667531033,1.6002583386070033,13.762700948643385,4678.192623509369
1986-07-07,434.9015747855852,638.1889815291006,95.59464259411774,8.190117,0.9106472,31.920498,1.9205055,22.303061591606482,1.2003119912119424,23.79413052566198,1.666727831138123,15.572936903189769,4662.619686606179
1986-07-08,450.2706698578203,657.067332578487,95.09346859183243,8.087376,0.8958111,31.17079,1.8276209,21.784509922820302,1.144006119661009,23.250793859688024,1.6104148844049317,17.729583202041436,4644.890103404137
1986-07-09,478.123126914651,639.67977154763,94.57199219094686,7.8616915,0.8896895,30.51734,1.9032907,20.82673200659508,1.1537538157013822,22.24723743306726,1.620150320660649,20.640881527441454,4624.249221876696
1986-07-10,450.1501886578613,611.2880974524112,94.06934479741228,7.7721868,0.8246484,28.370487,1.6881322,19.634860320751415,1.0331949873116593,20.998398354849805,1.499577700661691,24.244351806125994,4600.004870070569
1986-07-11,331.9486065139587,430.93446290732686,93.64812881773236,7.4483366,0.7606539,24.924706,1.5779455,17.32032085302167,0.9508104842458232,18.573231812419944,1.4171710550242667,29.329726413757445,4570.675143656812
1986-07-12,178.45070176200414,335.0164023682416,93.47998012082844,7.3382087,0.68080056,21.715961,1.6507244,16.719107611375694,1.1027135522494749,17.943282632967946,1.5690693736753816,35.906090880025545,4534.769052776786
1986-07-13,166.92817231352512,484.976760495358,93.41080941236356,7.7103457,0.7695589,20.213085,1.2471402,17.011606957665112,0.9484902890350341,18.249762448151003,1.4148483694610965,44.12817231352511,4490.640880463261
1986-07-14,179.57822084082244,519.516730495358,93.39722339325472,7.7061143,0.7330038,22.42067,1.3460879,18.640905948966136,1.0178814967286345,19.956936361756235,1.484253950720047,56.778220840822456,4433.8626596224385
1986-07-15,227.24642715619495,470.9589382998994,93.24553457741442,7.839551,0.7433766,24.854874,1.4365064,19.31685937312682,0.9987138587063557,20.665198048960615,1.465093166834373,74.94571113533021,4358.916948487108
1986-07-16,320.16485749198705,509.5137598943248,92.991524946328,7.8055325,0.743768,26.38998,1.6863797,19.21842379269983,1.0746579914711871,20.562057584274413,1.541036268965573,102.50646444424227,4256.410484042866
1986-07-17,378.30196585295676,508.6568317261069,92.69631004354108,7.9374447,0.7750384,28.001709,1.7919867,19.443982686547283,1.0795332349561266,20.798397422213267,1.5459138904752812,137.49467665147142,4118.915807391395
1986-07-18,477.79879956977436,455.82859778024846,92.38991851047616,7.975166,0.78816044,32.95677,3.3583963,20.172034175611454,1.6885659490257516,21.56124728373519,2.154954677172281,163.90037466203856,3955.0154327293562
1986-07-19,620.217037949031,169.13038568154573,92.21237615420308,7.79986,0.85248977,41.658333,29.328148,15.054582567498299,6.319626157005459,16.199198981887427,6.785970985825765,147.07227895092066,3807.9431537784358
1986-07-20,420.6653033487696,370.0680386780736,91.99388842542064,8.0556345,0.867086,32.932384,3.216882,19.698105593546998,1.5746031565476313,21.064666535491867,2.040986560926437,95.23997467919308,3712.703179099243
1986-07-21,334.66202177647983,432.1858403238531,91.70895751504192,8.064349,0.7822311,29.04416,1.9261488,19.888307985452773,1.1379644919552987,21.263959951556387,1.604350002077598,62.10699001620813,3650.5961890830345
1986-07-22,356.90783233700677,467.2324845416816,91.25738642940114,8.045885,0.7704207,29.598515,1.883387,20.264785690508727,1.118667903748799,21.65843200398936,1.5850577038459945,43.96924879658665,3606.6269402864477
1986-07-23,350.24753127457336,494.4980322094898,90.74769894053112,8.25753,0.8008238,29.945602,1.7966712,20.95331636528143,1.1029050803883804,22.37987209139183,1.56930314551265,32.86942720415365,3573.7575130822943
1986-07-24,340.04510176054913,509.0687621921684,90.23086377877128,8.055317,0.7610542,30.130558,1.8474108,21.290073926765956,1.148746239147235,22.732725513167182,1.615148544037536,26.549434917156468,3547.208078165138
1986-07-25,340.81842401579127,513.7897688259335,89.58259638787655,8.165595,0.78218853,30.147459,1.8156419,21.381074270655628,1.1352592576216416,22.828075362425665,1.601662730454478,21.78005204404904,3525.428026121089
1986-07-26,296.236741270453,462.02201589257385,89.19840559508728,7.957102,0.7331457,29.687225,1.8415467,21.197694666248307,1.1580704266484665,22.635930839779494,1.6244715555821752,18.716378188624788,3506.711647932464
1986-07-27,201.60741988117368,346.26717246418724,88.9444006033918,7.915002,0.6484576,28.643532,2.0950634,21.01582740212872,1.345449085241066,22.445370942117133,1.8118479275773152,16.211962825468678,3490.4996851069955
1986-07-28,139.22819631963804,543.70298481951,88.93393607287078,8.153926,0.7527762,24.013622,1.3949933,20.78032882290309,1.1211512882472696,22.19861633581614,1.58754722587132,14.056823553280745,3476.442861553715
1986-07-29,161.07414387842698,318.9870245904543,88.96677919880159,7.975089,0.6913376,27.289299,1.9241514,20.808833531421172,1.2994159592770127,22.228483471962914,1.765812245114056,12.63750742616859,3463.8053541275463
1986-07-30,154.89157581512742,543.875054324152,89.25460668217599,7.690103,0.61728305,23.030357,1.361743,19.62997150882743,1.0686889218300006,20.99327587442742,1.5350715819544587,11.578406889194323,3452.226947238352
1986-07-31,133.12491496417147,613.6313,90.05960623339358,8.001565,0.7237075,20.982166,1.2300773,18.668102595804744,1.0189907375227327,19.985432915346642,1.4853634571993188,10.32491496417146,3441.9020322741803
1986-08-01,132.10635367303186,178.47143449535807,90.6597676180214,8.238539,0.80643207,26.367071,2.6199043,18.655977811129958,1.5440935812860532,19.972728607410904,2.010466182410633,9.306353673031875,3432.5956786011484
1986-08-02,564.0655592124565,411.879030495358,91.08366644180192,8.146608,0.9163655,34.98795,8.33983,19.474490726882514,3.5592940388380163,20.83036364259,4.025675020463919,8.602564520856541,3423.993114080292
1986-08-03,594.4047678813265,573.3536604953581,91.41904126933292,8.315134,1.0235074,31.237312,2.3302035,19.569614853196985,1.2571319333236555,20.930034376976746,1.7235139385832419,7.883303189726503,3416.1098108905653
1986-08-04,310.37116268657144,626.2221904953581,91.694249009051,8.525183,0.9551562,25.246868,1.5881249,19.70558500890191,1.1080189452713747,21.07250344133364,1.5744024316739802,7.243907994971426,3408.865902895594
1986-08-05,246.1490231060798,492.750480495358,91.8953588629466,8.450574,0.89751333,25.336803,1.5162542,19.711506790630228,1.0544236262276172,21.078708263985973,1.5208071776174379,6.805462414479792,3402.0604404811143
1986-08-06,222.9949703085803,354.737430495358,92.06320890637794,8.302718,0.83974516,27.509605,1.980194,20.096070620677207,1.258334001707669,21.481652930543508,1.7247218592525786,6.435965616980288,3395.624474864134
1986-08-07,144.96138192425764,541.9370604953581,92.43408851337487,8.439632,0.8770359,23.61602,1.3702389,20.41323211877836,1.09679682267433,21.813973664091552,1.5631883588698594,6.0034872326576405,3389.620987631476
1986-08-08,144.6564592138246,440.8537504953581,92.66695388122976,8.34047,0.8768973,24.723839,1.4522972,20.676155201722136,1.1147467338767085,22.089463571642444,1.581141406818851,5.698564522224626,3383.922423109251
1986-08-09,144.4046534072804,476.542030495358,92.8981147611495,8.198403,0.8239896,24.010447,1.3970075,20.33326672657681,1.0891155309224985,21.730186199490788,1.5555061287828895,5.446758715680409,3378.4756643935707
1986-08-10,144.14328207455992,548.9733604953581,92.84819596116878,8.148821,0.8124634,23.313911,1.3357545,20.16011914365965,1.0713729453716223,21.54876275398559,1.537761536526317,5.185387382959945,3373.2902770106107
1986-08-11,143.86409700612876,549.512390495358,92.80459726391788,8.259467,0.85357124,22.636265,1.3081595,19.65331823045027,1.0517561438795668,21.01773848953706,1.5181390584312962,4.90620231452877,3368.384074696082
1986-08-12,143.6437006858447,571.4638104953581,92.67760833297125,8.2395735,0.87288296,21.988508,1.2189884,19.22675864628601,0.9897839129528503,20.570790815370742,1.4561622772849192,4.685805994244692,3363.698268701837
1986-08-13,170.90190312090434,488.24499222755486,92.48358739351474,8.0675335,0.8531931,21.694338,1.2490487,18.161215238014798,0.9512770145254167,19.45431807456209,1.417644921416886,4.524274375918022,3359.173994325919
1986-08-14,201.70977892962932,509.26429509531295,92.355862176109,8.164264,0.8806469,21.478813,1.2087349,17.701355000348777,0.9011345918004444,18.972478089489215,1.367498386602443,4.303202849424319,3354.8707914764946
1986-08-15,228.33245968199634,500.46695166782274,91.97701103790853,8.203617,0.89754575,22.676556,1.2984812,18.1421918516156,0.934957316580704,19.4343854353212,1.4013250485693693,4.112441838628746,3350.7583496378656
1986-08-16,200.32766491619503,456.75830106737806,91.69423033865984,8.408446,0.92492,23.656322,1.3599392,19.00765916020473,0.9864910241240359,20.3412191228089,1.4528671321425533,3.895687589332977,3346.8626620485325
1986-08-17,171.27323383491625,472.36878320427934,91.46824882267111,8.479062,0.93613,24.258276,1.4429346,20.059424883094778,1.087873796742155,21.44325565197183,1.554261236657435,3.721029040318393,3343.1416330082143
1986-08-18,178.49784604686948,419.8383304953581,91.28344650380716,8.355166,0.9165091,25.061262,1.7730621,20.07743829656473,1.2738054774071466,21.46213004502987,1.7401931224186893,3.609344355269476,3339.5322886529448
1986-08-19,162.72866922712095,425.297830495358,91.16222811165912,8.514212,0.9973462,23.851088,1.524615,19.60680706750369,1.136714391503386,20.96900425199209,1.603096799802973,3.45074853552095,3336.0815401174236
1986-08-20,206.79056440482847,471.20727353346285,90.93961409250686,8.549377,1.0247324,23.622656,1.570695,19.025278739932702,1.135491556648673,20.359680858218347,1.6018678440861955,3.3277922926056664,3332.7537478248178
1986-08-21,268.4575297685939,416.0887044165775,90.54275937680734,8.0857,0.90117604,23.787344,1.9771858,17.6296524513367,1.2526825267923054,18.89734840373726,1.7190457022195662,3.3076260349341466,3329.446121789884
1986-08-22,260.828408265412,323.01525049535803,90.26609881125673,8.667545,1.140682,23.850779,2.0098407,17.06776654490952,1.2231652932847616,18.308606271693748,1.6895238186326265,3.0888435738120177,3326.357278216072
1986-08-23,210.36720258471476,361.9543092756801,89.97293813211215,8.585754,1.0607408,23.89648,1.8299636,18.26874411097003,1.2212386359010052,19.566986460075515,1.6876075392034644,3.0060272234519108,3323.35125099262
1986-08-24,263.3751154533054,365.6225504953581,89.72030695999824,8.737026,1.0917575,24.239046,2.2621999,17.7480104423584,1.3921631738758684,19.021363502143245,1.8585273748501903,2.887180761705369,3320.464070230915
1986-08-25,204.67675265888062,417.4968373161543,89.39966438679488,8.941544,1.231414,21.36243,1.4303331,17.27632525412792,1.041783543036988,18.527133374290504,1.5081437522497625,2.765496815961132,3317.6985734149534
1986-08-26,256.18362071789045,472.5800458649164,89.04042441209404,9.0654125,1.20928,21.728,1.4266073,17.276697947191277,1.0181049797112895,18.527523880808303,1.484465191977643,2.6650926729740805,3315.0334807419795
1986-08-27,282.54452722328074,467.93732982947984,88.63816594134978,8.868618,1.1531416,23.22116,1.7571223,17.817655922389292,1.1784746191905047,19.094337798048453,1.6448394311147299,2.6242265118232484,3312.4092542301564
1986-08-28,290.63146631137613,469.186470076505,88.26423729724718,8.463368,1.118181,21.624199,1.5475639,16.59016209731046,1.0469665317416468,17.808173964108583,1.5133213883824972,2.615247526000592,3309.794006704156
1986-08-29,309.4295670170521,472.0908528612841,87.9103364853819,8.434286,1.2056236,19.737408,1.5321822,15.26213112931052,1.0413862496296953,16.416667655485007,1.5077322761951448,2.541657257569582,3307.2523494465863
1986-08-30,325.58907377395224,474.6282966118079,87.44725834507416,8.737933,1.241362,19.296213,1.4581643,15.00030465042841,1.0015540208567089,16.142326765921375,1.4678985445703627,2.426991578145426,3304.8253578684407
1986-08-31,332.53631037761323,481.14994033655887,87.01481520147692,8.943447,1.2070136,19.52448,1.3087738,15.200236793571317,0.9177450673406538,16.35181498207267,1.3840907315639455,0.0,3302.489435233869
1986-09-01,323.5760407793094,490.290085563565,86.51355075587817,8.870781,1.1497743,19.914448,1.3138359,15.523718306959468,0.9140068934545205,16.69075780603454,1.3803544997927077,,
1986-09-02,320.4250394265345,497.38854479846736,86.01646517292934,8.9573965,1.190659,20.39161,1.3858984,15.911605287635131,0.9633794940592184,17.09718445846119,1.4297295869738305,,
1986-09-03,328.9067379623591,499.6217286009506,85.51072708978286,8.968874,1.1794852,21.177044,1.5161504,16.33068134240407,1.0271971916820442,17.536290916108253,1.4935501644897413,,
1986-09-04,334.2799638825274,497.6212977004572,85.00727923639549,8.783658,1.1249242,21.12017,1.6222421,16.163033051454995,1.0704988299796867,17.36062960992883,1.5368506266046063,,
1986-09-05,329.1354009962144,458.196469071527,84.55721851542195,8.850825,1.236833,20.70644,1.7719269,15.750331075234149,1.1535565400672563,16.928201889995755,1.6199055782240261,,
1986-09-06,245.94529434453247,431.02763646146445,84.20451104103886,9.394064,1.3373741,19.625132,1.4139141,15.908169182162842,1.0229839932942073,17.093584118893062,1.4893340634260421,,
1986-09-07,275.0785314283527,488.59653557786646,83.77253063037335,9.3158655,1.416819,19.74549,1.3981205,15.988700836774585,1.0298557250391787,17.17796491131156,1.4962063326788586,,
1986-09-08,320.61501997554126,500.9917012841611,83.27819694570844,9.198094,1.3987863,19.174332,1.4170519,15.281311516210463,1.022045986445228,16.436764799313895,1.4883921261858304,,
1986-09-09,339.25423113372085,505.8403680234312,82.7574907144875,9.339955,1.2611529,18.576675,1.3348165,14.868692458091752,0.9458681716878644,16.004423960684797,1.4122119695742656,,
1986-09-10,350.80784793481195,513.4139799372501,82.22140372480702,9.334225,1.2515814,18.932367,1.3517956,15.036256801500956,0.9502802429518139,16.17999730691891,1.4166249683826944,,
1986-09-11,352.32843022198784,524.1450215645832,81.6797274231552,9.555203,1.0927454,19.736656,1.3625406,15.643873620498702,0.9256824285456551,16.81665613283056,1.3920307867525983,,
1986-09-12,351.2314329088956,532.4958232409758,81.14135334118569,9.504387,1.2878691,21.771284,1.6379378,16.895888610656073,1.1117853251161391,18.128513159718313,1.5781425001413831,,
1986-09-13,352.1590030120618,533.9983937071671,80.7862300317894,9.572871,1.3077605,21.31665,1.5666282,16.649671833778235,1.077646925359002,17.87052806255566,1.5440022248957583,,
1986-09-14,382.1882077374321,538.1278620652412,80.2457089437987,9.274732,1.2176719,19.487057,1.4878712,15.24608957601483,1.0062738731820542,16.39985937077709,1.4726198054163422,,
1986-09-15,380.4970984682632,539.2170131110446,79.66804242219938,9.009123,1.1764944,17.247522,1.4257851,13.83919462658228,0.9672997880031814,14.925719651991457,1.4336385918823544,,
1986-09-16,362.824599276152,549.3297578905027,79.10614904104624,8.967439,1.2986171,15.434454,1.2104818,12.862090850341767,0.8934486130667343,13.901913655308816,1.359783798319104,,
1986-09-17,347.72141026287267,566.3193243292691,78.4990278397173,9.020479,1.2447772,14.882352,1.074903,12.652365228639448,0.8171770768034062,13.682163865800298,1.2835116276968903,,
1986-09-18,344.4850485898164,578.6531875916016,78.04852307427468,8.984917,1.1809,14.386414,1.0435385,12.370751298821917,0.7887148603274365,13.387089752786551,1.2550486385502544,,
1986-09-19,360.4532635554308,559.8735148013263,77.57690527721927,9.377263,1.2147202,15.113491,0.99977833,12.866851986415009,0.7721778771399898,13.906902357411228,1.238513077377407,,
1986-09-20,362.6188764177596,557.9778409719377,76.94357822544949,9.495856,1.144205,16.533707,0.9936916,13.761529283820758,0.7522435343992183,14.844342171331627,1.2185820107031442,,
1986-09-21,349.2941483745303,574.7183661206888,76.41674676763327,9.542899,1.2375587,17.20472,1.0434909,14.308407000375182,0.8000613456610102,15.417358773329399,1.2664022753140918,,
1986-09-22,361.3134082084238,569.6180333749761,75.87160926725792,9.064809,1.2483541,16.43225,1.0739813,13.572795818320335,0.8164521342501889,14.646587891333361,1.282789843270372,,
1986-09-23,346.952425385982,547.5087837820867,75.36657633572914,9.678954,1.2141653,16.325602,1.102901,13.74743448568817,0.8231411879427085,14.82957369002896,1.2894796055375028,,
1986-09-24,273.05912990466896,564.6560464303636,74.83816885304554,10.007312,1.3191981,17.037102,1.0582244,14.745692476135481,0.8328760272881098,15.87554500004542,1.299219164751223,,
1986-09-25,285.03969739551883,599.2552331002607,74.45012630589545,10.088087,1.3368305,17.770311,1.0882524,15.294057329044442,0.8541333007554572,16.450119818431958,1.3204795159362723,,
1986-09-26,325.2947773466539,547.6423462229025,74.01958387852704,10.067334,1.3780422,19.23045,1.335654,15.815869706948064,0.9827662868693703,16.99687304427299,1.4491157500709242,,
1986-09-27,301.7874520371431,489.8802228471298,73.49037911171207,9.98459,1.9773949,18.949202,1.4384636,15.531849199817858,1.1664075371079374,16.699277327777494,1.6327551938041223,,
1986-09-28,255.560110765872,530.9052040142515,73.06981023958598,10.858648,2.0333138,16.624731,1.1027244,14.75105561741683,0.9953281519834579,15.881164481147037,1.4616713178820853,,
1986-09-29,308.54557804020993,539.8699495386946,72.57903557468941,10.99669,2.089333,17.528564,1.1196038,15.153099865174912,1.041589961739471,16.30242506962845,1.5079353529523876,,
1986-09-30,339.75749214407324,549.4222793075137,72.32219550975951,10.980975,2.1039937,19.756517,1.3109978,16.403363946914805,1.1412808386842102,17.61244750066155,1.6076343314050343,,
1986-10-01,285.3408705614181,533.1040456993608,71.80313955630238,11.046437,2.4820242,19.819458,1.2516351,16.76085097525187,1.1888873982037491,17.98702118694485,1.6552435360324071,,
1986-10-02,276.93799791143186,537.0668914472858,71.30509208968108,11.037656,2.8650606,18.967234,1.2463957,16.269459434947514,1.2752968048116011,17.472142810751897,1.7416493443744365,,
1986-10-03,281.7714157781988,495.8592229780351,70.89518651164968,11.706683,2.0971975,18.877766,1.3632836,16.279352003795733,1.1546225430869157,17.482508210575006,1.6209751523654599,,
1986-10-04,38.7789474072,594.9924304953581,70.9103179005761,12.246071,1.6688945,16.077646,0.98331046,15.843201365965577,0.9287747563952633,17.025511063162938,1.3951243983052386,,
1986-10-05,38.7789474072,497.697800495358,70.88592613194513,12.137355,1.6249713,15.912312,0.9590129,15.63944073890179,0.8974114377306421,16.81201137464636,1.3637597679056064,,
1986-10-06,176.1181673834851,544.2023466933365,70.66090191414078,11.783161,1.739364,13.681255,0.9652671,13.217171836795528,0.8442023128475751,14.273966299131434,1.3105386868067788,,
1986-10-07,224.08733733181228,574.6956016270823,70.25060258309654,11.538049,1.8038125,10.948851,0.99008864,11.114141888886191,0.8737787107397348,12.070418708560275,1.3401101465900789,,
1986-10-08,246.2590229052556,564.1665886328715,69.90067340646954,11.451759,1.7535233,10.484349,0.9409098,10.778310176417872,0.8443559874574967,11.71853538821925,1.3106871031435086,,
1986-10-09,257.4924856990816,564.0554424755808,69.52281957807429,11.380359,1.5926117,11.910055,0.88217974,11.744035802865392,0.7848666335896826,12.730419398443054,1.25119901782932,,
1986-10-10,262.1019518910712,560.1052820917986,69.08260300356794,10.783952,1.7030896,11.609036,0.9303784,11.346017223928682,0.8345321803552647,12.313376891991616,1.3008639125450951,,
1986-10-11,279.91091517020766,571.6029655142305,68.5898868599252,10.485722,1.7504982,9.281423,0.9845527,9.67730157291792,0.8763083205719094,10.56490233708163,1.342639291327333,,
1986-10-12,286.1658631554388,567.7487201187673,68.09910838467708,10.426612,1.5623863,8.8055315,1.0902178,9.34879177695986,0.8941874573954072,10.220690895831336,1.3605186534730227,,
1986-10-13,287.99959289440073,567.8543148377141,67.61866628549245,10.657944,1.2380301,10.115429,0.8671229,10.29798816793483,0.7103273171998333,11.215255629629366,1.1766581991618965,,
1986-10-14,229.6095749700943,469.7586246704258,67.27164480075128,10.925796,1.2976621,12.084267,0.7497468,11.703929011070164,0.6596336724499112,12.688395639098223,1.125965982775781,,
1986-10-15,169.82603609892465,473.5729930842633,66.9702889490296,10.277714,1.3314849,11.664938,0.8263255,11.298778286829046,0.7024539465165268,12.263880095176846,1.1687856133464114,,
1986-10-16,192.7303460572752,464.5154514349374,66.58489883570583,10.314172,1.2746167,9.279411,0.9829632,9.582843829636078,0.7888839138388279,10.465929836558558,1.2552149367387135,,
1986-10-17,223.5829128933932,489.7342788166064,66.15732729283344,10.165473,1.1611804,8.275745,0.98695385,8.868063654477517,0.7691635191729806,9.716985612381215,1.2354952674559563,,
1986-10-18,226.89773021891085,488.28873183684647,65.72125493066308,9.982087,1.2257206,8.452706,0.91122574,8.937912713485957,0.7336676222332429,9.790173217643195,1.1999992738687424,,
1986-10-19,235.7748910052709,494.4989663221912,65.26962586074356,9.887279,1.3026956,7.7719097,1.0979804,8.454873855769938,0.8542058195584911,9.284046753714081,1.3205382536971961,,
1986-10-20,242.4234636235145,500.1636506699118,64.80671366122066,9.747307,1.2666636,7.2684846,1.1907692,8.077715805113353,0.9023578260147993,8.888861837486411,1.3686910566705413,,
1986-10-21,246.4934548213008,499.9150684539294,64.3384241286173,9.869201,1.1085935,7.468822,1.1860801,8.261521470859716,0.8746914863362453,9.081452785747214,1.341024308490011,,
1986-10-22,248.55985405521847,497.6457715740466,63.86527640755235,9.94295,1.0392816,8.492358,1.0427607,8.97554800636497,0.7768204601236324,9.829607348872013,1.2431520619980125,,
1986-10-23,251.2324749007261,500.8603406601376,63.4803371553646,10.044192,0.94267565,9.989227,0.9007226,10.007588057752503,0.677472275862162,10.91097538686344,1.1438031445149883,,
1986-10-24,254.7507778525345,504.1868114626214,63.05389657446765,9.724332,1.0345542,10.098999,0.8550889,9.973235385238699,0.6658001021212262,10.874980774032212,1.1321309755797175,,
1986-10-25,254.41150521687305,498.5603562087718,62.62429678602972,9.679318,1.1020936,8.135877,1.2019281,8.657369376173673,0.8786340177108551,9.496220867796808,1.3449660913269992,,
1986-10-26,225.16392288851463,443.18144419334976,62.28408139824756,9.592353,1.0134486,6.779533,1.3396937,7.727165087690023,0.9517070841761527,8.521555994067928,1.4180412010432555,,
1986-10-27,127.86537388497744,437.1358503737408,62.10390744104581,9.781497,0.92901164,8.341655,0.8697761,8.66750533575205,0.7050157413141072,9.506841291594986,1.1713477981167515,,
1986-10-28,150.64190357901896,438.5323819318044,61.96260345005232,9.7727785,0.8723241,10.4120865,0.7733877,10.248626246253465,0.617344274993934,11.16353437682692,1.083675147889303,,
1986-10-29,227.7655015250092,517.6511977891744,61.70019817646516,9.836133,0.9096034,10.413597,0.89944714,10.237150293610735,0.6836617119366634,11.151509912876449,1.149992583123431,,
1986-10-30,241.7656780176785,522.3341295805737,61.45685667207233,9.383411,0.99939775,9.234127,0.9160674,9.281361496027126,0.7015279669591947,10.1500376779689,1.1678592245551713,,
1986-10-31,244.1685038744824,516.6719824117358,61.20623075538781,9.035684,1.0718429,6.612051,1.1882945,7.389841837334431,0.8772021358522012,8.168109845427185,1.3435372381870205,,
1986-11-01,250.28538529769065,513.6562810699096,60.86766033894999,9.256902,0.9507258,5.488011,1.336576,6.7227888015835235,0.9511305730537118,7.469173954774115,1.4174680072788992,,
1986-11-02,249.1634272047347,512.62249604924,60.467685637854615,9.157646,0.8711462,6.113038,1.0784079,7.10886244042147,0.7796181559269221,7.873700593821803,1.2459541784764556,,
1986-11-03,253.73806227727417,518.0307759545268,60.02927761395795,8.820582,0.9128327,6.2202888,1.043325,7.075199493549156,0.7619044819410317,7.83842867316002,1.2282406207947203,,
1986-11-04,258.6735354387223,515.6777303593383,59.58493863071188,8.846878,0.9193584,5.2057576,1.2274245,6.42208092905193,0.8731912913856795,7.154093273853951,1.3395299432492278,,
1986-11-05,233.62760014103912,480.8120492591688,59.18447976709603,8.177167,0.96009326,3.8625636,1.0889156,5.273474135678475,0.797252494486895,5.9505870020731475,1.2635967492997535,,
1986-11-06,68.53230341133258,465.58639420558217,59.11919174004132,8.365941,0.8343675,4.1460004,0.8174968,4.6874572845516855,0.7206013759909212,5.3365605486608905,1.18694907070697,,
1986-11-07,41.43994199640809,547.0075349964039,59.02278397971413,8.679286,0.8030601,5.440141,0.74421775,5.668249873356006,0.6941157830710155,6.364231670538315,1.1604579419729633,,
1986-11-08,56.9054654072,533.127830495358,59.02934691184451,8.838285,0.89410585,6.2596154,0.83835363,6.50831395901491,0.762391419344447,7.244447947876295,1.2287297114532592,,
1986-11-09,38.7789474072,633.882070495358,59.58673405119633,8.64035,0.76484,7.9586043,0.7352988,7.997907033293148,0.6943102825978196,8.80523847918584,1.1606437026575618,,
1986-11-10,38.7789474072,639.9446904953579,60.06448225914537,7.6306725,0.779684,7.406625,0.7484554,7.4194257809924355,0.7070969678682455,8.19910780046439,1.173431978569083,,
1986-11-11,38.7789474072,628.4232604953581,60.42320134505596,7.217289,0.80346173,4.8116136,0.7770796,4.951435579413052,0.7334026288868947,5.613156103651971,1.1997487254451586,,
1986-11-12,38.7789474072,756.6770304953579,60.73322295557541,7.005043,0.7136922,4.056883,0.72313154,4.200607402958771,0.6887578117318337,4.8264409069409,1.155108662923843,,
1986-11-13,38.7789474072,677.9204004953581,60.99889614937407,6.3501835,0.76752746,2.972334,0.70783734,3.1551015519351884,0.6708246296348417,3.730963450121352,1.137183175422323,,
1986-11-14,38.7789474072,561.5209804953581,61.20043220157153,5.8878427,0.7730561,0.94071496,0.6092152,1.2602958780855666,0.572044308972816,1.7455925421308893,1.0384199854965388,,
1986-11-15,78.60029970351427,540.4026405362395,61.32629247106676,6.197404,0.77186906,-0.06963611,0.6070126,0.7261456117419592,0.5389221669772408,1.1859117189573993,1.00530341448854,,
1986-11-16,75.16924253767857,532.71171814665,61.4502196065913,6.8056974,0.69333076,0.34769407,0.68845904,1.1462767739402666,0.6093869860643982,1.6261237145622534,1.075763824377825,,
1986-11-17,74.90055090446482,530.2231015151565,61.64413387353043,7.0344214,0.65501565,1.6802068,0.79467875,2.3429368254839074,0.7010197706239535,2.8799800259919315,1.1673851563681321,,
1986-11-18,81.29561378541828,536.8401576943224,61.83328621917214,6.747011,0.7480512,2.6154163,0.88024116,3.158792935555967,0.7707786052427509,3.7348312692608405,1.2371371216638225,,
1986-11-19,38.7789474072,632.816580495358,62.039855673642585,5.5417314,0.7658524,2.568751,0.71249443,2.7404154994622765,0.6728087406794488,3.2964568218735915,1.1391706846594722,,
1986-11-20,56.5611394072,547.758590495358,62.151682005994125,5.32518,0.81431544,0.5231632,0.60274494,0.9726066501206195,0.5516217807760272,1.4441527524856466,1.0180004172539023,,
1986-11-21,38.7789474072,5403.673930495358,64.46694400727718,5.278396,0.7580833,1.1977832,0.5193802,1.2268587012901888,0.5157077820809661,1.7105571825839634,0.9820837977699998,,
1986-11-22,38.7789474072,3726.746800495358,65.66540175454023,5.2286997,0.6889803,0.92377895,0.47073287,0.9681128120609755,0.4659390917471778,1.4394441243281686,0.9323177752115765,,
1986-11-23,38.7789474072,2336.1947304953583,66.44168667015087,5.9386554,0.6373319,1.7054825,0.51503855,1.774602402230076,0.5067357960655849,2.2844811600606034,0.9731064168544156,,
1986-11-24,38.7789474072,3220.804330495358,68.05578986927931,6.1128716,0.62435144,3.1078863,0.62869656,3.143636334634856,0.6212614357067845,3.718950234625949,1.087620072803944,,
1986-11-25,38.7789474072,2779.731030495358,69.56048111755409,5.7166724,0.60082895,3.3220806,0.6125349,3.355027009578599,0.6041637812662173,3.94044466122913,1.0705207590005468,,
1986-11-26,38.7789474072,3687.199930495358,71.70479859362405,5.736511,0.6975154,3.4731755,0.6297208,3.496731691477694,0.6232091370099854,4.088922342529779,1.0895650310085432,,
1986-11-27,38.7789474072,5622.037930495359,75.52705567261984,5.859678,0.6420583,4.0871844,0.6304386,4.099326745085945,0.6261353080589597,4.720319379832362,1.0924868499620621,,
1986-11-28,38.7789474072,4962.812930495358,77.85859592820914,6.009243,0.6198769,4.361713,0.63030976,4.374486762167457,0.6254412440967709,5.008631105142906,1.091790936829389,,
1986-11-29,38.7789474072,3776.152730495358,79.57558007094579,5.83504,0.6202382,4.2982426,0.6180647,4.3138641830302,0.6118145230391511,4.945110973950808,1.0781646157395168,,
1986-11-30,54.9368420988,2516.2779304953583,80.84256066646026,5.075913,0.57105577,3.4678593,0.61251014,3.502217110356621,0.599547357310435,4.0946699456801525,1.0659032098190147,,
1986-12-01,54.9368420988,1710.267230495358,81.68380214293839,4.7531147,0.60034204,2.2818732,0.5114894,2.3587834286524196,0.49592284391205654,2.8965840426229956,0.9622880889828431,,
1986-12-02,54.9368420988,1537.255430495358,82.38099053686688,4.9977612,0.5958976,2.0058732,0.45443502,2.109105007629413,0.4392367287767972,2.6349718465580745,0.905604223672637,,
1986-12-03,542.1580620988,2951.073330495358,83.55265447938469,5.6109047,0.7119004,3.766271,0.6234684,4.052562760740449,0.5381686241701884,4.6713202368898346,1.0045204889518051,,
1986-12-04,180.5904670988,2740.876930495358,84.49556199353479,5.2719865,0.64899516,4.1487775,0.6156038,4.218208633795369,0.5789418960407451,4.844883416444689,1.045292628392861,,
1986-12-05,185.4200120988,1734.489930495358,84.9295819800055,5.032079,0.60536736,3.163259,0.5395705,3.343744923352675,0.490953704983027,3.928623329847489,0.9573107699879526,,
1986-12-06,186.6457520988,1456.860830495358,85.20867036831568,4.8511095,0.575352,2.5516982,0.5487812,2.8128321488015353,0.4908271268196891,3.372334739507335,0.9571884632010075,,
1986-12-07,498.2460437036,1275.639130495358,85.08225737918679,4.932899,0.6264088,0.21469504,1.174436,1.539936653834237,0.8626946023965173,2.0385991910561745,1.3290674924776682,,
1986-12-08,451.9116587036,1171.252730495358,85.02534889506741,4.77639,0.6239696,0.6496538,1.0323997,1.7985948677457022,0.7649525352269012,2.309620383413736,1.2313229275491067,,
1986-12-09,521.3636137036,1072.525130495358,85.01014122837208,4.9083977,0.67929786,-0.23827255,1.3755897,1.445211695074775,0.9519282172940922,1.9393467030690834,1.4183020412347322,,
1986-12-10,568.7025137036,1656.553930495358,85.23055247475216,5.083647,0.6815424,1.7181087,0.9205331,2.5782297398199048,0.7070647414535968,3.1265191373245984,1.1734280679792297,,
1986-12-11,580.1164037036,1200.104530495358,85.36679536633206,4.770247,0.6631919,0.31114143,1.5321163,1.7642196568642006,1.0552166422061173,2.273602154957879,1.5215873620679967,,
1986-12-12,550.1285537036,1007.086260495358,85.02120021573573,4.67942,0.6510647,-0.36672795,1.6170009,1.4159612762478626,1.0707467890859348,1.9086982142097992,1.5371209034692832,,
1986-12-13,525.8894237036,850.458090495358,84.59630817903701,4.0788436,0.7322385,-1.6164397,2.8271072,0.5596744122372238,1.7691590781588946,1.0114837651696653,2.2355421285828667,,
1986-12-14,190.4352720988,681.695930495358,84.54151417352557,3.863964,0.65193826,-1.0234488,0.96645254,0.0437481791764759,0.768717577635769,0.47089802177421414,1.2351064169065515,,
1986-12-15,114.6458320988,825.873330495358,84.60418755854892,4.5195293,0.54181385,-0.1223129,0.43262872,0.4435106203850846,0.3855911733958323,0.8897677411530514,0.851975500664282,,
1986-12-16,135.4453260988,742.063130495358,84.61987158098084,4.6874723,0.5691985,0.7259652,0.5922267,1.3374323878439547,0.5084631117956168,1.8264159133777607,0.9748380107723748,,
1986-12-17,147.6044320988,690.740730495358,84.60741073402927,4.857921,0.6105217,0.9697041,0.64002883,1.654288547315069,0.5381852889023415,2.1584167141529975,1.0045570652983091,,
1986-12-18,399.0367220988,577.697530495358,84.52044127110739,4.8359323,0.69916993,-0.09188002,1.196967,1.921337034708848,0.7634081226903634,2.4382292063846123,1.2297773565060441,,
1986-12-19,509.0943120988,591.900780495358,84.75958444975123,4.6474347,0.656874,-0.3893932,2.0516431,1.9396094012184648,1.1440310475549667,2.4573749295524285,1.6104001103794374,,
1986-12-20,357.4520420988,632.069530495358,84.8176617583655,4.508273,0.6298056,-0.087429166,1.0324149,1.5727096468218091,0.6976093136064603,2.0729386210796807,1.1639818829793804,,
1986-12-21,316.52180209880004,577.075030495358,84.70657818990588,4.3671665,0.62729543,-0.762642,1.3420749,1.0543924418304675,0.894726035158469,1.5298476254684823,1.36110382053744,,
1986-12-22,273.7949620988,545.4232304953581,84.55648045645053,4.2331867,0.6261705,-1.1123956,1.4912759,0.6741778651936275,1.0146849545934256,1.131460091766912,1.4810667615227535,,
1986-12-23,261.9801720988,500.3766704953581,84.4363094548646,4.3486214,0.6017037,-1.5479883,1.4601368,0.4783525572506511,0.9804203549813428,0.926275003499589,1.446804297655751,,
1986-12-24,235.9433420988,538.648550495358,84.35288906006947,4.5591955,0.6513509,-0.90565515,0.64566875,0.758957074151643,0.49087808170896613,1.2202914571098928,0.9572589776045191,,
1986-12-25,722.2152420988,621.671930495358,84.54794199102903,4.944881,0.73107815,-2.4995584,5.391249,1.5011402119783044,2.5247078787145525,1.9979484118985307,2.9910811500353853,,
1986-12-26,598.6546720988,1071.886030495358,84.81446850315982,4.8130894,0.7250859,0.46711767,1.4776685,2.024539321807873,0.9830925914698118,2.5463642100276007,1.449460864538868,,
1986-12-27,524.4926920988,787.375130495358,84.9055456013225,4.736627,0.7075402,-1.0324911,1.6263504,1.2740372667701159,1.016288249934184,1.7599907222219726,1.4826637874447075,,
1986-12-28,461.4246420988,690.050860495358,84.95266638387557,4.6696653,0.6896514,-0.8750104,1.5115482,1.3468779783654439,0.9470530198276226,1.836312970838041,1.4134278240590568,,
1986-12-29,386.1708820988,687.073130495358,84.99481421392278,4.558244,0.66705483,-1.0938088,1.4708269,0.9398930408750287,0.9717084186159737,1.4098755445439954,1.438087397667513,,
1986-12-30,336.5491420988,656.961130495358,85.04031740024094,4.5612245,0.67580384,-1.0143589,0.975557,0.8743561569417512,0.6845056551869723,1.3412062215853375,1.1508853242155175,,
1986-12-31,615.3407937036,655.775780495358,85.0018696647603,4.538217,0.6639479,-2.6083207,4.553655,0.8512803333973666,2.3711400120701493,1.3170274525562882,2.837519925211657,,
1987-01-01,585.0374937035999,816.628730495358,84.89306218799702,4.546344,0.72348297,-1.983179,1.7946225,0.742160037155908,1.0883033818333243,1.2026915791635602,1.5546844575762941,,
1987-01-02,216.7047220988,851.741830495358,84.78119619551502,4.7030716,0.76066256,-0.3783729,0.4135414,0.6522570438232963,0.3639804647831953,1.1084915300676583,0.8303625086099238,,
1987-01-03,202.9419820988,818.696190495358,84.81025121000995,4.595939,0.7239866,-0.35334873,0.37372652,0.629796104993427,0.33222880997613935,1.0849570351405995,0.7986110971071991,,
1987-01-04,202.3867820988,755.112930495358,84.70766447420819,4.401457,0.71255785,-0.4681003,0.33805436,0.5611783288405386,0.30620229518048486,1.013059563845737,0.7725853291749358,,
1987-01-05,194.0549620988,697.155630495358,84.5798718031823,4.2861433,0.6950554,-0.5975152,0.32501385,0.46586774881965487,0.2958801126209789,0.9131934639027738,0.7622641929462614,,
1987-01-06,182.1593520988,673.5483304953581,84.44509476664784,4.434988,0.6882307,-0.6868733,0.33922288,0.4034463823099919,0.30456381614897354,0.8477885694507159,0.7709485873722197,,
1987-01-07,179.3473720988,643.596130495358,84.30428252678112,4.536537,0.67166877,-0.7451186,0.41246328,0.40593377258134666,0.3542324337007332,0.8503948484743231,0.8206171773075881,,
1987-01-08,171.21577209880002,648.4152304953581,84.13748865710109,4.435571,0.6768646,-0.5647603,0.41238508,0.479777543256435,0.3555625547312237,0.9277680989653785,0.8219464817058237,,
1987-01-09,165.2755320988,628.035730495358,83.9533972668344,4.514888,0.6750666,-0.6256664,0.3661273,0.4452976527817995,0.3221687529673621,0.8916401875896647,0.7885530604763297,,
1987-01-10,168.74873209880002,629.341530495358,83.76547497162105,4.554403,0.70871425,-0.6899444,0.3829815,0.41892385141570904,0.33713725719044996,0.8640058086726048,0.8035218566891598,,
1987-01-11,179.5110520988,709.426470495358,83.61523754344888,4.526065,0.6738604,-0.566429,0.40329325,0.46194351911014014,0.3494374377020009,0.9090816694274524,0.8158215613305713,,
1987-01-12,189.0631220988,645.738330495358,83.41288077943571,4.4778237,0.6603488,-0.7611511,0.46956724,0.4253549267895321,0.3928051859981002,0.8707442674657653,0.8591897142237395,,
1987-01-13,173.3908320988,609.6095304953581,83.14884584055811,4.4677844,0.66441053,-0.7331836,0.4121102,0.41854020437332085,0.3529765302622811,0.8636038246130223,0.8193611340142943,,
1987-01-14,179.7263020988,577.3676304953581,82.87774148319234,4.5637074,0.66384995,-0.9883338,0.42562494,0.32966357131364465,0.36081992050865663,0.7704791923026653,0.8272055141268861,,
1987-01-15,161.8325180988,628.246660495358,82.67217189351813,4.760105,0.6309431,-0.59399664,0.5145996,0.502688088620705,0.42911728530447807,0.9517736900822791,0.89550096018049,,
1987-01-16,141.6225520988,828.682530495358,82.51778201521009,4.627159,0.6416298,0.2830172,0.49633607,0.9170739173649105,0.4341142680806218,1.385965744933365,0.9004934868162332,,
1987-01-17,221.72261209880003,652.9679324953581,82.27430505932418,4.166898,0.61745924,-0.7699871,0.39847022,0.48144863629950607,0.33612826488049874,0.9295190645435625,0.80251217344676,,
1987-01-18,193.2535220988,632.666572695358,81.98686271303242,4.103625,0.5759605,-0.8293941,0.32616627,0.3248619662823586,0.28387682410855497,0.7654480869643494,0.7502624714619566,,
1987-01-19,156.3206620988,629.519230495358,81.74809531656707,4.142118,0.54341036,-0.5707799,0.32197517,0.3667180701946774,0.27966278021915986,0.8093047695657434,0.7460479600439922,,
1987-01-20,152.8374920988,610.622930495358,81.51250961991306,3.9304824,0.4909405,-0.5044615,0.33391774,0.38337192908578016,0.28458034711148017,0.8267546259834723,0.7509653414714083,,
1987-01-21,153.8051970988,608.689506095358,81.26425200619431,3.8245945,0.46536902,-0.5574508,0.31154725,0.32646531814785973,0.26582981235173125,0.7671280735682373,0.7322154417589536,,
1987-01-22,160.48767709880002,598.642231495358,80.96604945153823,3.5968928,0.41532037,-0.6912217,0.25123006,0.21532871313062402,0.21670231642851123,0.6506795187326567,0.6830891967374031,,
1987-01-23,165.42760209879998,573.2662925953581,80.6497713937694,2.8360286,0.37169948,-0.67002356,0.24206252,0.11514307199796099,0.2054701144948667,0.5457053464213342,0.6718581345498724,,
1987-01-24,167.8061920988,551.561366495358,80.40338066289038,2.319296,0.39377576,-0.5701655,0.21323176,0.10385642091021204,0.1875284072225294,0.5338792319930774,0.6539165563975968,,
1987-01-25,165.90417209880002,547.790192495358,80.14350502212311,2.430445,0.37454057,-0.65213776,0.20385389,0.06443415196498212,0.17905877906399503,0.4925727133505504,0.6454473803753398,,
1987-01-26,164.9793380988,537.064128595358,79.82802792150885,2.5927029,0.3567659,-0.5723306,0.22068314,0.17144831708444444,0.1884946478250909,0.6047017897530998,0.6548820259199224,,
1987-01-27,176.9580670988,512.6184304953581,79.48636094060645,2.4998312,0.3630038,-0.6737503,0.22374488,0.140649348894297,0.19063712316965675,0.5724307361644693,0.6570248519676003,,
1987-01-28,176.8900220988,522.434529495358,79.13168202133049,2.828188,0.33723766,-0.7701093,0.24282907,0.14005877498676678,0.20046181309684422,0.5718119348429349,0.6668495486301598,,
1987-01-29,174.9694220988,526.681995495358,78.71731354174358,3.048584,0.32690653,-0.8120234,0.2874496,0.15068860398449874,0.23065497848856423,0.5829498333305059,0.6970425928519095,,
1987-01-30,168.1409420988,536.954738495358,78.3165420260905,3.1269398,0.3314491,-0.8756219,0.33597717,0.07885066470593463,0.26778838447932024,0.507678286120137,0.734176820240761,,
1987-01-31,155.4507820988,524.336739495358,77.93701173158246,3.2795682,0.3215579,-0.9437516,0.35701668,0.022018377009749596,0.2850241977749542,0.4481296093435311,0.7514132875396888,,
1987-02-01,151.1685420988,512.119645995358,77.72840670199393,3.1346993,0.32641053,-0.8736738,0.33676112,0.039865649446853925,0.27044339096648395,0.4668299203952802,0.7368322749541686,,
1987-02-02,140.66743209880002,505.485890495358,77.528670415381,3.4712958,0.31940275,-0.9259833,0.3386656,0.03130336461653249,0.2739109425332454,0.4578583876187759,0.7402999251976654,,
1987-02-03,127.9750020988,515.614802495358,77.33346528923583,3.5706687,0.31352463,-0.89160585,0.4428444,-0.004302184828745405,0.36022253615344774,0.4205510146214957,0.8266119300558942,,
1987-02-04,136.4368520988,497.925156495358,77.1298025407521,3.4458203,0.31569758,-0.94162536,0.46142876,0.002014505658632079,0.36849555014620533,0.42716962132164354,0.8348848709861887,,
1987-02-05,151.0386620988,466.615325295358,76.9168881240156,3.0283961,0.32768726,-0.8506099,0.31802413,0.09794688682744285,0.25326639145406843,0.5276872423818836,0.7196546082927053,,
1987-02-06,142.10355209879998,463.087090695358,76.73751282047945,3.3332834,0.31282282,-0.8903974,0.2835641,0.10135625907686042,0.22907670792725432,0.5312595709704673,0.6954648857240497,,
1987-02-07,133.3360520988,471.575683495358,76.56885832547698,3.5820646,0.30733573,-0.88306594,0.37467292,0.10114852896464747,0.29983964577772243,0.5310419120689804,0.7662278259529234,,
1987-02-08,139.8312820988,455.229001895358,76.39230489110909,3.6432667,0.30484843,-1.1021154,0.50870425,0.012986516853650619,0.39570367135820733,0.43866605714584,0.8620928653980616,,
1987-02-09,133.9802520988,458.774079495358,76.21439726233757,3.2209883,0.31646705,-0.98306715,0.39822045,-0.03282457355459214,0.3164024635705241,0.3906653532134618,0.7827921879473374,,
1987-02-10,140.2237380988,442.188674695358,76.03006833726354,3.000795,0.31737003,-0.85452545,0.29109305,0.0736955473502964,0.23384479806753214,0.5022767717767864,0.700233292999711,,
1987-02-11,126.1971570988,461.18677549535806,75.85078622519272,3.3052783,0.30743173,-0.775097,0.27097586,0.10155577949358323,0.2227746150610501,0.5314686277810831,0.6891627905734833,,
1987-02-12,127.7667070988,445.37659319535805,75.66643717394975,3.4152374,0.30506328,-0.8693938,0.33773765,0.08574815372023445,0.271115894958778,0.5149054515314337,0.7375042515979621,,
1987-02-13,131.9781820988,425.04810849535806,75.43130993319133,3.0589218,0.3179895,-0.78797007,0.29900348,0.12348744613440103,0.24027744524524278,0.55444855311768,0.7066653699336827,,
1987-02-14,148.10591387864946,420.181906169042,75.1727066195177,2.7532425,0.32944182,-0.7163968,0.24081562,0.18785290678437436,0.19767440816491308,0.6218904627644017,0.6640615999058902,,
1987-02-15,152.87943312760058,458.98203922176106,74.90616898061005,2.3943386,0.35712022,-0.6194844,0.22304304,0.13354804690593167,0.18962019192165006,0.5649900162156465,0.6560080017348897,,
1987-02-16,173.97600569544238,461.9362619674426,74.61023921780703,2.798461,0.32296938,-0.83792603,0.25728825,0.15693460699048406,0.2067324219321271,0.5894943739292842,0.6731199651572202,,
1987-02-17,151.43084802175943,429.18835034054047,74.33271308893684,3.055224,0.30762228,-0.7536881,0.29908594,0.23971133192529503,0.23518934851545337,0.6762275433579004,0.701575953175707,,
1987-02-18,156.38238156810806,426.4330725809193,74.05010480366752,3.1822977,0.3054506,-0.98682964,0.36986408,0.13184018855200832,0.2827599692547894,0.5632005280704273,0.749147798560754,,
1987-02-19,186.7193565568998,426.9491873873267,73.72773589667534,3.1212611,0.31126335,-1.0928758,0.38065544,0.18934882359695235,0.28125917621257845,0.6234578792870852,0.7476463509754572,,
1987-02-20,187.34154148658297,430.9001180049306,73.40471665015369,3.2241573,0.30733636,-1.010433,0.35437232,0.2727459742363284,0.26396385951719237,0.7108411286481255,0.730350091800918,,
1987-02-21,198.7921234789449,432.2074703973837,73.06066052053907,3.5204816,0.30021644,-1.2665464,0.4468107,0.24157417787008725,0.32032759022457796,0.6781794269710333,0.7867141738530692,,
1987-02-22,198.4336664631369,431.34314343511153,72.71678435123356,3.8245096,0.29941347,-1.4158715,0.62785465,0.23529764861968783,0.4402534557405547,0.6716029010777067,0.9066401102476789,,
1987-02-23,163.96496347932012,410.61238758115854,72.40983557585051,3.6316462,0.29804465,-1.2625502,0.6057049,0.13408806124533923,0.44113394949456736,0.5655558413945311,0.9075217531450207,,
1987-02-24,163.66004579753138,416.1498873624456,72.09470798822274,3.5427809,0.30253956,-1.0462538,0.41718805,0.249070033122975,0.3113697697601054,0.6860335584817097,0.7777562687995632,,
1987-02-25,189.38488826341165,415.2182227263858,71.75169017649269,3.5405312,0.30388004,-1.1215161,0.39152962,0.3388159418574176,0.28523857166735744,0.7800690148726168,0.751624062933638,,
1987-02-26,188.3676968331183,423.0130635090672,71.44151996016137,3.6559482,0.30342942,-1.1187022,0.40401942,0.3523776270910644,0.29475850884439836,0.7942789023021302,0.7611438486249906,,
1987-02-27,200.2977045110591,412.40030065979386,71.11731881926835,3.999629,0.305434,-1.4322046,0.5373281,0.3435214422220645,0.3751998213627253,0.7849994220697456,0.8415852600441656,,
1987-02-28,196.91660324053527,418.6601910285779,70.78911998586803,3.787826,0.30597752,-1.3662618,0.65079176,0.28247718301324387,0.45330359086724314,0.7210374559401045,0.9196897136957407,,
1987-03-01,38.7789474072,730.3344454953581,70.96020071314989,4.183066,0.35482216,-0.20305145,0.42302886,0.018098014858071658,0.40209778537993296,0.44402186728209053,0.8684869203947887,,
1987-03-02,38.7789474072,1502.652760495358,71.97344621958425,3.9779658,0.28531796,0.4316343,0.40716237,0.5208520146955268,0.39698398619342323,0.9708057897332021,0.8633674616272968,,
1987-03-03,117.8042174072,1926.4283304953576,72.77683458967562,3.8938084,0.29087853,0.39012456,0.3856932,0.5920334514062935,0.3638529584726793,1.0453894557971748,0.8302356559614761,,
1987-03-04,687.9208474072,1311.766080495358,73.36968724991777,3.5345945,0.29998848,-2.4906454,1.0104197,-0.41787686142044594,0.6708068925490566,-0.012791117776980498,1.1372011693671862,,
1987-03-05,241.9000474072,1185.756836495358,73.8397429652968,3.8382416,0.2900237,-0.24754512,0.39804038,0.44474446526647865,0.3342293296419162,0.8910605596020884,0.80061364326717,,
1987-03-06,38.7789474072,890.950240495358,74.27805071417343,4.3391647,0.30350947,0.37821645,0.3706351,0.5434273556322389,0.3554014673664318,0.9944601547967467,0.8217846954460808,,
1987-03-07,38.7789474072,1150.378530495358,74.82450320318141,4.766663,0.33357292,1.832594,0.87055933,1.9282753164543602,0.8422402515647782,2.4454991142802305,1.3086094204076626,,
1987-03-08,447.9590974072,3357.907330495358,76.1718708187801,4.8124776,0.39767823,4.0905414,0.96240735,4.1755148914614,0.8504189731917156,4.800149059168414,1.3167699944157882,,
1987-03-09,395.9779174072,4469.863220495358,77.91926326096997,4.38498,0.39644614,3.5770402,1.0003836,3.6427896500815113,0.9195393997942928,4.241961372280705,1.3858942007965451,,
1987-03-10,562.0084974072,2968.6164244953584,78.91819520159245,3.0337868,0.34647486,0.7400544,0.4780104,1.1051730965869535,0.4056865990358718,1.5830554219373438,0.8720638598177121,,
1987-03-11,358.8228474072,2031.056930495358,79.7539019498912,3.4909606,0.3089583,0.31874162,0.33531344,0.7950269360932927,0.28871946552372807,1.2580853351536985,0.7550999763061448,,
1987-03-12,38.7789474072,1864.580430495358,80.41260151610523,3.875111,0.29484886,0.6021221,0.41701582,0.6688058393473785,0.40856373165846205,1.125831301448564,0.8749455965922244,,
1987-03-13,38.7789474072,1472.969230495358,80.89100279815656,4.0558534,0.29327217,1.1314287,0.53568715,1.20644525325821,0.5220000616046073,1.6891680415159371,0.9883762849830692,,
1987-03-14,38.7789474072,1244.406030495358,81.40643851507915,4.114746,0.31912848,1.9348197,0.6372399,2.000698938268105,0.6180571805085968,2.5213843376489056,1.0844256744344607,,
1987-03-15,38.7789474072,1095.016230495358,81.86832418148401,4.231514,0.33658764,2.5248399,0.731615,2.583212877381465,0.7066855024865274,3.1317404518275977,1.1730487860857115,,
1987-03-16,38.7789474072,984.986070495358,82.26956768420227,4.0422654,0.34240028,2.8579154,0.71195936,2.9027771090685195,0.6851139936497682,3.4665787614136154,1.1514745837142977,,
1987-03-17,38.7789474072,887.0777304953581,82.59245574306077,4.1480327,0.374065,2.9924312,0.7250579,3.040832834282358,0.6948659517466741,3.611233078372787,1.1612254142939804,,
1987-03-18,48.8548024072,808.0049304953579,82.88527845067456,4.2816377,0.44501117,3.6731877,0.8501745,3.7078791766426895,0.8021022702738009,4.310161955714091,1.2684565920497872,,
1987-03-19,95.0083024072,801.678880495358,83.21526820958086,4.3546658,0.5200573,4.3122544,0.9236221,4.3167481121594795,0.8275963202531296,4.948132745034249,1.2939463938310678,,
1987-03-20,104.9763074072,817.0440304953581,83.5863831673511,4.187967,0.48610154,4.252589,0.8679838,4.245231664467041,0.7711484255954744,4.873198055608858,1.2374989761831843,,
1987-03-21,137.5603474072,742.415830495358,83.86217822104842,4.231308,0.451859,4.460606,0.8046413,4.424761572924753,0.6825225014465661,5.061308879998558,1.1488718656706882,,
1987-03-22,145.6454634072,678.7083004953581,84.2077694333933,4.5207,0.5020625,5.2321525,1.0294904,5.106454210501434,0.8522305575468212,5.7755840954016975,1.3185757527446684,,
1987-03-23,131.8807234072,713.9258904953581,84.80081530754026,4.7736654,0.57858586,6.25144,1.1519239,6.02102096337924,0.9764886939564434,6.7338640127770155,1.442829130758715,,
1987-03-24,38.7789474072,777.368130495358,85.65638069577733,4.8926306,0.67235404,7.0198903,0.9234021,6.918814294663021,0.8801069407707228,7.674568796343187,1.3464436369254857,,
1987-03-25,38.7789474072,651.9150904953581,86.70279734745507,4.9448633,0.7330745,7.8723836,0.8115537,7.70801826261145,0.7670941028292476,8.501494016200747,1.2334282721486325,,
1987-03-26,38.7789474072,32.14293049535805,88.5629100283909,4.694732,0.71765023,10.777364,1.7521735,7.451478205266805,0.8857726184904127,8.232692221053343,1.352107531041132,,
1987-03-27,38.7789474072,32.315,90.31131079710104,4.574918,0.72762793,11.824491,2.388206,7.870134222890195,1.155814437562779,8.671358565215128,1.6221481760240075,,
1987-03-28,38.7789474072,32.315,91.8937370621539,4.63225,0.76267064,12.820461,3.8067684,8.354114524820693,1.7796321055758373,9.178471471174005,2.245964736580572,,
1987-03-29,38.7789474072,32.315,93.08826182885105,4.8384333,0.74004394,12.8981085,3.2081444,8.50187318041033,1.513067832426131,9.33329248541313,1.9794001787078919,,
1987-03-30,38.7789474072,32.315,94.06082184212408,4.5527263,0.6836527,13.471338,3.2432208,8.606586792741766,1.520605339993854,9.443011050468431,1.9869374996171802,,
1987-03-31,38.7789474072,834.24756,95.34220567984856,4.7355447,0.6467963,8.054431,0.8308875,7.9070094166581475,0.7944999377282026,8.709996267193644,1.260833582381996,,
1987-04-01,38.7789474072,2371.1239304953583,96.89531888708812,3.8270526,0.60860413,7.4153304,0.7155558,7.357589644591508,0.7041095512883279,8.134316108119757,1.1704447546623422,,
1987-04-02,54.9368420988,1404.051930495358,97.90614056418434,4.1581383,0.59551597,6.519146,0.68840665,6.4302444543928035,0.6628647332780994,7.162646987800502,1.129203350719856,,
1987-04-03,54.9368420988,1392.519930495358,98.9045212382014,4.0165567,0.59575266,6.430227,0.6913829,6.338618256276369,0.6655263273287682,7.066641370622593,1.1318653354888393,,
1987-04-04,4062.559595480968,8108.660573403579,100.0,4.2805233,0.5187329,5.939777,0.9963325,5.385944452585184,0.6859833608551402,6.068433015667452,1.152327000393237,,
1987-04-05,8892.944814582912,9827.824009773009,100.0,3.9726238,0.45766914,5.4407573,1.1196012,4.743348430481024,0.6266760694717488,5.395123100311327,1.0930234191652595,,
1987-04-06,4217.611588125182,8402.56986477988,100.0,3.8707352,0.40527052,4.9765415,0.96926636,4.606985685409977,0.6594010240738023,5.252242682158608,1.1257492218252334,,
1987-04-07,3831.380329670571,8084.792914946082,100.0,3.9080048,0.39332694,5.1309414,0.9515317,4.73773333221391,0.657858059756041,5.389239619541297,1.1242054439507756,,
1987-04-08,3011.002020431879,6443.221463405112,100.0,3.7042146,0.39167497,5.547365,0.9172417,4.960354501015761,0.6374410675340879,5.622501319219482,1.1037871114878883,,
1987-04-09,2205.3444738290896,4459.165753345004,100.0,3.6861205,0.40525317,6.2101774,0.96829724,5.374945008144977,0.6616122847543354,6.056907835382724,1.1279559838272237,,
1987-04-10,1716.4713866677062,3227.7807064251183,100.0,4.376101,0.49206123,8.055527,1.1092325,6.778158823620297,0.7440220639281659,7.527190474591295,1.2103592852217397,,
1987-04-11,1361.9809908188745,2434.1828249608016,100.0,4.8133693,0.63720906,9.522686,1.2056565,7.833085613837846,0.8061877652381418,8.63253915929441,1.2725215995142067,,
1987-04-12,1295.283815067362,2614.9765027879857,100.0,4.9819307,0.70543826,9.695574,1.0822011,8.134167381742017,0.7605097074562426,8.948011606507865,1.226842808538784,,
1987-04-13,2666.0125098549347,4285.976963590396,100.0,5.054402,0.635897,9.169915,1.3530605,7.591660506844619,0.8690902579214306,8.37957475745735,1.3354247550169716,,
1987-04-14,1896.459181167268,2597.167989825381,100.0,5.2877593,0.7543357,9.980185,1.4863515,7.9998260138159205,0.916153485243612,8.807249180417895,1.3824869006637075,,
1987-04-15,1382.8189409636782,2404.5943566302767,100.0,5.760292,0.79006314,9.628803,1.2481191,8.216374732626315,0.8432896359002493,9.034148187752661,1.3096225548111602,,
1987-04-16,1330.212672006161,2188.505067553264,100.0,5.7192354,0.7634542,8.949664,1.2196791,7.728435956939479,0.8116415017811777,8.522887606523257,1.277975615181603,,
1987-04-17,861.80345378575,2225.899624670504,100.0,6.0128307,0.83223844,8.92416,1.0523005,8.111583937980695,0.7933612568164958,8.924348751332392,1.2596944092973659,,
1987-04-18,764.1791205139554,2242.239091668313,100.0,6.183114,0.9569446,9.307113,1.1078552,8.51304667694565,0.8613169425609558,9.345000036888154,1.3276492683275576,,
1987-04-19,605.0203320028556,1849.394198050196,100.0,6.471534,1.0241874,10.067942,1.138039,9.181416643418569,0.8939018269762222,10.045315803050041,1.3602331853211362,,
1987-04-20,483.6054051367038,1482.0828245430705,100.0,6.7813225,1.0702808,11.194618,1.1333836,10.108843968054165,0.8941928987219715,11.017070983551507,1.360523761062616,,
1987-04-21,445.438768063843,1323.133540639004,100.0,7.193416,1.0987726,12.712257,1.1403387,11.322262843978109,0.8968915773627069,12.288487133879691,1.3632232763668672,,
1987-04-22,379.34705109560457,1163.3617905873252,100.0,7.0598593,1.2544129,12.837523,1.0610763,11.41681476188453,0.8575563496310797,12.387558310252476,1.3238881845556896,,
1987-04-23,319.1041838134646,1036.679934767522,100.0,7.0211935,1.2422152,12.220993,1.0516447,10.997142013854413,0.8556275167976907,11.947826639446044,1.3219588264642745,,
1987-04-24,400.34794749689047,1076.9735984186832,100.0,6.9959726,1.1724002,11.8443775,1.0379971,10.5304801136819,0.8206975583317799,11.458859895649187,1.287028520472675,,
1987-04-25,337.3930736162721,1286.0686343908635,100.0,6.923564,1.2535402,11.481829,0.9782626,10.534515340068637,0.8175733168996995,11.463087992063478,1.2839042809780459,,
1987-04-26,355.40707390209286,969.6278439255676,100.0,6.725407,1.2483026,11.608004,0.9830818,10.298370708406303,0.7934969037348581,11.215656454227727,1.2598277857780682,,
1987-04-27,310.4765450364889,837.9819136752185,100.0,6.956908,1.3330193,12.172329,0.98190475,10.762381732604942,0.8019816792074409,11.701845619240723,1.2683127829123957,,
1987-04-28,220.69523368863435,777.4623377298981,100.0,6.519194,1.267639,11.032652,0.9335931,10.0347146547166,0.7793181708702377,10.939398542434787,1.245649036682023,,
1987-04-29,271.16408895821223,866.6155189189842,100.0,6.628545,1.3155305,10.1497755,0.9065518,9.310569645227654,0.7583425261092023,10.18064187685815,1.2246737564193866,,
1987-04-30,181.1896067466106,793.5036070541289,100.0,6.3729734,1.3226469,9.988532,0.8640188,9.316421461670087,0.7451367259329452,10.186773390123099,1.2114679508937858,,
1987-05-01,204.2180708853896,657.8103287795768,100.0,6.738353,1.4056625,10.908257,0.84234804,9.920389192524137,0.7239307857513807,10.819608713951567,1.190261669237973,,
1987-05-02,173.3193256564494,559.7401684546012,100.0,6.9763865,1.5081133,11.662956,0.87943506,10.554897335398095,0.7603045615330498,11.48444417709732,1.2266355356821081,,
1987-05-03,165.49019442282423,557.972180495358,100.0,7.135358,1.5699894,12.448844,0.9870109,11.233397406024595,0.841696716256061,12.195374231763303,1.3080282968356536,,
1987-05-04,491.7332430082805,726.723130495358,100.0,7.343198,1.5296048,14.450737,1.0775872,11.582342721893271,0.891141434393902,12.560997940920611,1.3574735318885396,,
1987-05-05,345.46732629498587,654.177500495358,100.0,6.7655835,1.5182029,13.192296,1.0889175,10.9712879968638,0.8849187787053587,11.920736888820816,1.3512500626006991,,
1987-05-06,299.51954271964604,606.65488115326,100.0,7.221452,1.6332997,12.539769,1.051477,10.781895837369023,0.8871099861365889,11.722292431506897,1.3534411045596788,,
1987-05-07,313.2167004892653,736.7495902577755,100.0,8.009611,1.7423812,14.543261,1.0207644,12.594199790942843,0.8849799947454781,13.621218319010397,1.3513143786164272,,
1987-05-08,287.5558252064818,633.4193099897694,100.0,8.205463,1.8880159,16.972689,1.0382587,14.235300226914427,0.9259693131260435,15.340757746000223,1.3923098950079627,,
1987-05-09,273.0375127537649,562.7731125407282,100.0,8.788682,2.1377287,18.676762,1.1030519,15.44658413244154,1.0194618625189376,16.609936881644643,1.485808994893966,,
1987-05-10,255.5225785115016,520.3328308420471,100.0,9.437791,2.4694278,21.668903,1.1989447,17.640671593575643,1.1436714691935799,18.908894223308174,1.6100347394231085,,
1987-05-11,219.38578625798152,483.51875049535806,100.0,9.558782,2.771788,24.583279,1.3121239,19.893934766212446,1.250236628035441,21.269855673202184,1.7166222010821486,,
1987-05-12,179.84128976714203,460.90253049535806,100.0,8.807112,2.4223912,23.644798,1.2650216,19.48021861390211,1.135914308055727,20.836365303029332,1.6022953510268585,,
1987-05-13,166.72267943342823,439.7765904953581,100.0,8.34969,2.2457983,21.317215,1.1583642,17.752527352487082,1.0424118424160569,19.026096305135795,1.5087760828457935,,
1987-05-14,156.1244362964,419.967480495358,99.8900675947165,7.9455557,2.1196392,19.55561,1.1549864,16.409214682945237,1.019265794297697,17.618577881874494,1.4856193291327324,,
1987-05-15,158.82034329639998,409.590830495358,99.7571649653783,7.675537,2.0816224,19.015305,1.1418005,15.846848624885922,1.0075911994597613,17.029332648592145,1.473940865281997,,
1987-05-16,145.0366132964,387.914730495358,99.61402892167892,7.4985275,1.9363284,19.006332,1.1055244,15.874614907016651,0.9618562724483358,17.058426064094437,1.4282061208114074,,
1987-05-17,136.08083629639998,361.35633049535807,99.45886961858366,8.098423,1.7246447,21.67908,1.2102413,17.9639022327925,0.99775912291577,19.24757418217093,1.4641252358066228,,
1987-05-18,141.85786111955446,356.9015076138055,99.28995491095276,7.4715347,1.3629808,22.141766,1.8062007,17.96923731096979,1.3493634473107339,19.25316425884804,1.8157296081233456,,
1987-05-19,213.5325562964,409.03199049535806,99.130837620074,6.6605616,1.7329804,20.544083,2.6268437,15.782192871475234,1.8253538210534264,16.961586571183062,2.291703065233386,,
1987-05-20,197.1707862964,433.58753049535807,98.94923410560918,6.5110455,1.5831319,16.82985,2.061515,13.604260927951414,1.5010241027330695,14.67955692564671,1.9673619368427822,,
1987-05-21,192.9824762964,423.72559049535806,98.6876495498307,7.61038,1.9136109,15.455032,2.0530672,13.000255957486704,1.5324524040874472,14.04668258228149,1.998788034736897,,
1987-05-22,163.9855262964,377.685730495358,98.48701300739016,9.1466255,2.6271923,18.016003,1.9046749,15.330887911779842,1.5480044874558656,16.48871077712306,2.014350921674514,,
1987-05-23,185.2483862964,476.782630495358,98.3034463377507,9.296972,2.6875553,21.248634,1.866843,17.904340710610747,1.5404979966766559,19.185165822829767,2.0068635767726697,,
1987-05-24,527.7731262963999,672.361021495358,98.15225197074182,9.729354,2.9743373,26.850937,2.9181767,19.32151911937373,2.0937232148818063,20.67008051514958,2.560102572072637,,
1987-05-25,369.5771562964,658.100372495358,97.97750535626837,9.7630205,2.903393,23.221123,1.4021447,18.38127073503508,1.3771092799802398,19.684891472117855,1.8434792401628228,,
1987-05-26,324.7336162964,580.815778495358,97.7504762818688,9.626742,2.7094815,21.176132,1.7380524,17.0344750489748,1.4787835189588459,18.273723556054634,1.9451417801210225,,
1987-05-27,221.5698362964,531.240180495358,97.63296733468992,10.29166,2.9927404,17.916447,1.3544874,15.672291279176848,1.2997998726417817,16.846432058452613,1.7661484110857903,,
1987-05-28,189.3908122964,594.526630495358,97.48428726862632,11.180707,3.5333955,19.221786,1.2373413,17.27909904352741,1.2685922647109587,18.530039741341565,1.7349524966539769,,
1987-05-29,175.3211662964,506.086710495358,97.2308950289204,10.751859,3.3852274,24.745766,1.4802338,21.145237756397314,1.402593303005916,22.5809666689526,1.8689937685240419,,
1987-05-30,162.8439757190775,463.1902776250632,97.0365502079353,9.925349,2.9740453,28.34309,1.6125344,23.552268911132995,1.4219405046603621,25.103045684860263,1.8883746511072552,,
1987-05-31,181.0032947390989,472.68548057759904,96.85146771324035,9.354229,2.7575543,28.235088,1.6308849,23.007068710565,1.4049071586961748,24.53178677837877,1.8713330961292283,,
1987-06-01,764.8866002448849,492.56650494892375,96.53506410426984,9.531196,3.053278,40.351204,5.1724377,21.60393513059758,2.7485668071785367,23.061588209661107,3.2149731802990518,2.687954879394527,4857.312045120605
1987-06-02,558.4363241793365,495.40292055534815,96.39922424143512,10.213748,3.1806371,33.005486,2.443981,20.927994393319732,2.0397743433276294,22.353339815729196,2.5061720948902475,2.639056653526296,4854.6729884670785
1987-06-03,228.1278434391206,567.867690495358,96.2311030475014,9.660308,2.7840514,23.21231,1.4878194,19.328382972818467,1.3278718793544109,20.677272437326067,1.7942513088604826,2.836903439120596,4851.836085027958
1987-06-04,186.8184922335957,576.452430495358,96.08272917547632,9.141384,2.6138256,21.178093,1.2814404,18.231983353193378,1.1601380872050364,19.528468663737506,1.6265066483783444,3.029752233595703,4848.806332794362
1987-06-05,125.95740012801365,638.1453704953581,96.00712890220788,8.985677,2.2293382,20.022959,1.1538279,18.203534199798344,1.0313229625477291,19.498659738058755,1.4976912600079528,3.1574001280136454,4845.648932666349
1987-06-06,151.328924845888,547.5884013614323,95.80874148111904,8.536907,1.493866,21.633389,1.2046852,18.797750649690773,0.9977319405260416,20.12127770302872,1.4641059383658508,3.3516897568330504,4842.297242909515
1987-06-07,320.5933786182721,688.4235958729113,95.41453443421398,7.807213,1.3008428,22.635906,1.3361382,17.924408757551827,1.00092971666151,19.206193053815447,1.4672954758187862,3.6179779735017314,4838.679264936013
1987-06-08,333.4867348643513,694.8586970230922,95.03059147275331,8.212533,1.2125537,23.984318,1.388315,18.8696152224291,1.0171736784669687,20.19657715668719,1.483548393078723,3.6674231993881854,4835.011841736625
1987-06-09,339.07105922628455,714.1284999618697,94.64064356529644,7.573135,1.013835,24.30835,1.392065,18.92055113502609,0.9987390408094876,20.249947631790608,1.465114267028411,3.9401927656501323,4831.071648970975
1987-06-10,478.9140386232489,792.3587613398392,94.11044537571227,7.365141,0.9483357,24.157896,1.3496908,17.831727356680044,0.913952520858405,19.10908179879751,1.380317456894792,4.146999957158112,4826.924649013817
1987-06-11,406.87451000936045,737.8114052711707,93.59338568772958,7.404273,0.88664484,22.390352,1.272501,17.063604049855808,0.8786594644040299,18.304244823605245,1.3450179566509584,4.3141681086881825,4822.6104809051285
1987-06-12,407.32509687974,716.6648513233005,93.07371151895607,7.3012443,0.79227936,22.506569,1.3656435,16.996279118312184,0.9168600898215277,18.233701990472603,1.3832180494400095,4.5264250701647795,4818.084055834964
1987-06-13,367.0477404280004,667.7625157372056,92.67475911875384,7.4583254,0.7870191,23.740559,1.5845175,17.96524195765706,1.059910589462975,19.248977941304396,1.5262767143847,4.698035296293389,4813.38602053867
1987-06-14,410.4675931758431,667.4495875724033,92.3088389851906,7.6536994,0.75334364,27.855423,1.5996171,20.162667906568313,1.0311939627308786,21.551433339048778,1.4975825831760612,4.8536531109515755,4808.532367427719
1987-06-15,431.55406393364285,686.0131615024293,91.86309713564926,7.7187295,0.70958763,30.311054,1.6851423,21.586917255562657,1.0700929974477857,23.04375693837221,1.5364991470970981,5.045129712556561,4803.487237715162
1987-06-16,465.38475093168006,733.5990206916326,91.3279931706961,7.5641956,0.68517566,30.668642,1.671102,21.700666586066337,1.0564866890610747,23.16294309804133,1.522894338705758,5.338451114234522,4798.148786600927
1987-06-17,412.2183572202154,639.8574732780421,90.86027201264028,7.466754,0.66458654,28.970512,1.5405316,20.54503228945314,0.972441149840453,21.952073432388243,1.4388342485697794,5.674899575937643,4792.473887024989
1987-06-18,430.58699455801286,665.1424874976865,90.44452770993384,7.4938703,0.6654816,28.688034,1.5541325,20.35939871289362,0.978982688669996,21.75756720542581,1.445373592365843,5.987171820883657,4786.486715204106
1987-06-19,447.35466306303044,676.7512805480176,89.87737153460017,7.7329273,0.68838423,30.282421,1.6865026,21.308515001293273,1.0516429382697943,22.752048008019244,1.5180454790769122,6.237285849327385,4780.249429354779
1987-06-20,392.1228699011554,574.7447351815483,89.35856250054658,7.4951453,0.6368696,30.807285,1.7483653,21.35281275483317,1.0709126045297914,22.798463042754054,1.5373157136270872,6.694140951856502,4773.555288402922
1987-06-21,300.64660181137816,450.9231743545614,88.9264363401357,7.32771,0.5878048,29.917274,1.759643,20.880886949133778,1.0816100807205393,22.303980796739896,1.5480072509027132,7.198454309613346,4766.356834093309
1987-06-22,281.5077293693177,450.74886624045183,88.68857448925174,7.291964,0.5568674,28.620499,2.3880587,20.42098583221867,1.4855035926206668,21.822097978529566,1.9518952201891469,7.719038038153817,4758.637796055155
1987-06-23,309.1467132486569,316.86920078395275,88.59353452648013,7.36534,0.6047375,32.706406,3.641258,20.19217572132856,1.8671258524898109,21.582351526487145,2.3335148125807716,8.257171036911984,4750.380625018243
1987-06-24,313.35326516449567,475.2896681888452,88.24781040152536,7.600446,0.598828,31.680508,1.9045632,22.112722852465687,1.1722203070793449,23.594694245430688,1.6386335142924398,8.722918815982146,4741.657706202262
1987-06-25,348.5134562279242,484.7512365609268,87.82964866696993,7.7507763,0.6284406,33.433846,2.0102737,22.691886451015876,1.1986495635554526,24.201539884219855,1.6650709103146244,42.83494310061544,4698.822763101646
1987-06-26,330.0202115141357,513.6246760629459,87.37848108052437,7.07976,0.5161128,29.433273,1.7978332,20.68894110119161,1.1130144781816147,22.10286059340015,1.5794093056783511,14.036415990687535,4684.786347110959
1987-06-27,228.6977748515389,441.2996858502658,87.10646434091908,7.178365,0.52598596,25.39177,1.471796,19.174783148128988,0.9858971267264823,20.516331066071164,1.4522749508423096,15.728428565562606,4669.057918545396
1987-06-28,286.42645534051104,447.24471285744505,86.71751237435691,7.269291,0.54075754,26.110584,1.6311253,18.75491172085932,1.016495566906253,20.076391219836676,1.4828691402831025,17.761716975501468,4651.296201569895
1987-06-29,330.16689018281426,480.6554749099428,86.23938351748936,7.544728,0.57890546,27.96339,1.6125845,19.648910378621043,0.9845760952661797,21.01311995745788,1.4509589617344154,20.0685482928758,4631.227653277019
1987-06-30,335.62752726534166,474.6567630675706,85.73515940929693,7.584401,0.58147115,30.46133,1.8611312,20.98548681382651,1.1165199040654208,22.41358017740819,1.5829183686132242,23.167907808384196,4608.059745468635
1987-07-01,326.5018381189242,456.0058208649654,85.5412271031542,7.1040883,0.507747,29.98433,2.9051008,20.43753357210895,1.706150157316477,21.839436643820985,2.1725419801202213,28.066574134163183,4579.993171334471
1987-07-02,238.35894051144786,396.0576067094228,85.51951975781556,7.176878,0.48938155,26.192596,3.352978,19.048131927070926,2.101278349506484,20.383626349582066,2.5676548701852915,33.98162901620262,4546.011542318269
1987-07-03,163.97561541290784,538.007230495358,85.66903634185098,7.7029243,0.5985952,22.30582,1.3021746,18.894741537188334,1.0077481825023953,20.222904423401904,1.4741231491154752,41.17561541290785,4504.835926905361
1987-07-04,212.5014360374808,429.3382109921687,85.55594624551266,7.5351324,0.5411354,27.625557,1.9198642,20.973982701964925,1.2966689400111429,22.40152620832446,1.7630672615896872,52.649040969798314,4452.186885935563
1987-07-05,314.6413208668309,522.0865585064745,85.27493718684529,7.472307,0.53220767,29.376467,1.8398678,21.13967452521841,1.1653215871605258,22.5751375343403,1.631721982505716,69.6921045143054,4382.494781421257
1987-07-06,377.303294695316,508.4668947824399,84.89545851746237,7.3615313,0.5242845,30.373798,2.0155988,20.571476839128007,1.178388286538879,21.979781941141397,1.6447817011691643,95.57469348672491,4286.920087934533
1987-07-07,415.2572844297928,486.6623633789028,84.54825524494116,7.0021534,0.49090585,29.007725,4.114159,18.87603084698327,2.2314151431298557,20.20329942616433,2.6977899220177073,133.79932904009698,4153.120758894435
1987-07-08,583.6471197343999,550.548510495358,84.43970355986393,7.400156,0.7160683,30.09683,3.9091318,18.417320892724867,1.9329737410802856,19.722664704113914,2.399344042917982,165.85413973439992,3987.2666191600356
1987-07-09,348.7721892541446,618.764030495358,84.23360312397415,7.8983316,0.67657095,27.053894,1.9639171,20.1488011910884,1.279434969344509,21.53690384196992,1.745823430522549,153.75385925414463,3833.512759905891
1987-07-10,281.35853115851035,538.7829781456369,84.02825559946677,7.8341,0.60625935,29.028862,1.847635,21.757766582912677,1.2314738715553206,23.222772279550348,1.6978822797454236,105.23838440286954,3728.2743755030215
1987-07-11,322.43248819146265,534.0691807236178,83.71623468378947,7.7498198,0.5749367,31.401136,2.2554724,22.497531010378065,1.4229501789202141,23.99789491789039,1.88936875146696,67.71934460099787,3660.5550309020236
1987-07-12,246.87247520779044,570.166091291192,83.44564377179844,7.7160954,0.5701038,28.65767,1.7438412,22.33006309349378,1.2290618977124306,23.822422607039474,1.6954781144702815,47.07237830689764,3613.482652595126
1987-07-13,271.18399779335454,553.2960919905488,83.12893298043792,7.6845937,0.56864166,29.741411,1.8727499,22.48658961798506,1.2706152823353714,23.98643056434228,1.7370336999895122,35.264820770344514,3578.2178318247816
1987-07-14,390.7553908287344,284.69229049535807,83.1419867839877,7.243088,0.50340104,36.331093,14.781783,19.503298317983347,6.237129311236834,20.860548138071632,6.703510601769928,28.732500828734356,3549.485330996047
1987-07-15,145.78182603063,791.214460495358,83.42756623249691,7.608286,0.5639072,21.390087,1.0989497,19.245856486346252,0.9321086803567232,20.59080146690316,1.3984872439614797,22.98182603062998,3526.503504965417
1987-07-16,142.13996335327784,440.475230495358,83.48023155967911,7.6074367,0.5472567,22.89621,1.3098414,19.166225216928975,0.9992407837814803,20.507364095013614,1.4656185192451563,19.339963353277824,3507.1635416121394
1987-07-17,139.3488605825808,397.3393648498193,83.36625528334685,7.6647053,0.5490008,24.319515,1.3694526,19.995163248813707,1.0238514693997378,21.375922531239528,1.4902381806705285,16.54758691613808,3490.615954696001
1987-07-18,156.39222100669141,419.2770643773672,83.17976377604121,7.8604875,0.5906264,26.079403,1.484156,21.129865531448043,1.0927989794307937,22.564859704198074,1.5591992511344621,14.278811299369718,3476.3371433966313
1987-07-19,190.07418640503946,420.5240066578019,82.9240316810559,7.916873,0.6012322,28.042637,1.8364781,21.77765239999928,1.2785700284998913,23.243608570717427,1.7449787017383942,12.615618118890639,3463.7215252777405
1987-07-20,204.75851226928182,401.4741396610053,82.70074473017065,7.818383,0.5924939,29.145224,2.10861,21.941962463693844,1.410681396552105,23.41577209379074,1.8770922770993015,11.391604986398217,3452.329920291342
1987-07-21,213.03258873231243,423.3414084403848,82.46318327929625,8.040782,0.6364971,29.985098,2.1194382,22.639017675838467,1.4259442606645498,24.14614416231183,1.892364848504079,10.433519697986137,3441.8964005933562
1987-07-22,246.05338631965307,436.87133186371625,82.16383833449741,8.18345,0.6829588,31.267086,2.2164397,22.950200250884905,1.439064221639754,24.472200200721073,1.905489322379738,10.892335394021943,3431.0040651993345
1987-07-23,275.84199582398946,450.2913820714583,81.82528839920333,8.217772,0.69172686,32.01689,2.2854722,22.976132652639404,1.4414258718604356,24.499372082633954,1.907851353679594,9.936686088909191,3421.0673791104255
1987-07-24,290.5564339339014,458.0410987225183,81.40366385675,8.237942,0.7012402,32.19343,2.340436,22.895482720658425,1.4576680233165962,24.414867359592286,1.9240923224993352,8.864948362502822,3412.202430747923
1987-07-25,270.59743137061497,395.43217834199794,80.95955015702594,8.053215,0.6578171,31.830334,3.1602452,22.170061632995203,1.895225785161767,23.6547736236667,2.361639781110183,7.1118843313299305,3405.090546416593
1987-07-26,129.47969321490692,397.0556349309641,80.89270224725526,8.102775,0.64139545,27.227276,2.0404758,22.524391883029008,1.5467674743721807,24.02603964843475,2.0131864277571636,6.672756771182965,3398.4177896454103
1987-07-27,176.59285671550498,402.95292890432216,80.64110111938653,8.216866,0.68444014,27.886723,1.8402914,21.89313874535989,1.2964229407107724,23.364614768615954,1.76283316214691,6.20591297427842,3392.211876671132
1987-07-28,240.33974980680372,427.7579882864025,80.27294376880182,8.048612,0.6460444,28.741226,1.9277978,21.297318633785444,1.2559862087497153,22.74031649241741,1.7223886062752451,5.9247173960133415,3386.2871592751185
1987-07-29,274.0853328491419,454.474961996542,79.89175458365972,7.9006953,0.61899066,27.816622,1.8705424,20.32422428023841,1.1898513198110499,21.72071155512747,1.6562418120250821,5.665459657291706,3380.621699617827
1987-07-30,287.4432886754491,456.9507665426841,79.58248282398816,7.8419995,0.6127118,26.89994,2.1347048,19.540831176906764,1.3315889229935791,20.89987493935193,1.7979706174194496,5.393480396424085,3375.228219221403
1987-07-31,274.22317073016666,481.4388213064212,79.1954802370699,8.022091,0.6499495,25.776953,1.9027461,19.33386766228476,1.2349879237314225,20.683019276200373,1.7013674110610504,5.071012274065883,3370.157206947337
1987-08-01,317.0569337988867,476.69137298095,78.75986739924723,7.997313,0.64986175,27.440622,1.895451,19.674135171054118,1.1675493190023554,21.039550408742617,1.633932460937969,4.829137365346506,3365.3280695819903
1987-08-02,219.50708585464977,413.2834447115846,78.45858706703956,7.7311683,0.5900692,26.1119,2.2034702,19.735855279356585,1.4535977051405713,21.104220527242305,1.9199815241585734,4.670732218989855,3360.6573373630004
1987-08-03,127.12882233825198,361.5829441958303,78.40711462099719,8.280486,0.62370145,24.387722,1.9481218,20.19773914123154,1.450458533862809,21.588180858843888,1.9168475581023179,4.320805143693233,3356.336532219307
1987-08-04,190.2482914727383,419.6030917845736,78.12447132058786,8.480274,0.7440847,27.896152,1.8292611,21.839205222548117,1.2798337460833018,23.3081034077763,1.7462432425948053,4.0644324669961875,3352.272099752311
1987-08-05,208.47614979663612,409.3998185069603,77.8297530487283,8.257789,0.6732321,28.840845,2.448918,21.895962024941557,1.6384567005572037,23.367572991310723,2.1048669600328527,3.952109600232427,3348.319990152079
1987-08-06,162.77252900669404,375.8939567916485,77.5868878312701,8.326078,0.72888315,26.649149,1.8156693,21.11234164499155,1.2860173262201677,22.54649823587137,1.7524173773105567,3.7964016473248505,3344.523588504754
1987-08-07,223.33879137258677,379.0381024450716,77.25442836258497,8.460798,0.74687964,27.4749,1.9087813,20.425182766819432,1.2325855279951867,21.826495512257743,1.6989772050507441,3.633855672030285,3340.889732832724
1987-08-08,252.95489151385883,395.5696851101046,76.87304721148838,8.44948,0.7670679,28.515144,2.3146186,20.68859757268891,1.4431635857414156,22.10250064540931,1.9095584090831723,3.501164688896753,3337.3885681438273
1987-08-09,239.41578894660117,406.3972561481595,76.51485274673159,7.8251443,0.5913908,26.487186,3.1921842,19.568794837801637,2.020706413628896,20.929175167648584,2.487088410020061,3.5107799052242004,3333.877788238603
1987-08-10,162.12697131561706,349.80201931580206,76.31494063759719,8.508727,0.7354121,23.339144,1.8434514,18.642378022688963,1.2809844782194937,19.95847879557098,1.7473569465700045,3.262985233791453,3330.6148030048116
1987-08-11,214.32830439332338,361.0238098613095,76.01933334414665,8.572329,0.8088704,25.663612,2.0445912,19.296822732694732,1.3178560882540569,20.6442037256077,1.7842351856977055,3.139714728917352,3327.4750882758944
1987-08-12,268.6192573328331,386.60375550276456,75.635117471794,8.627661,0.82060146,27.344208,2.3132794,19.671057004621254,1.4057615482947583,21.036325116476448,1.8721446565762783,3.026628127186779,3324.4484601487075
1987-08-13,294.1588113958772,403.3477713634883,75.30325779061677,8.682788,0.83201396,27.184147,2.3496273,19.38158572537805,1.4032971651983708,20.733018099593483,1.8696771570576904,2.9249020784268542,3321.5235580702806
1987-08-14,301.2180893575524,410.5996915282839,74.87305155479122,8.755392,0.8545145,26.713959,2.3153808,19.114478530713264,1.3836724144664074,20.45314409408399,1.850049615666966,2.825718073085299,3318.6978399971954
1987-08-15,306.7465634878996,421.7396261003573,74.42161477635234,8.862758,0.88640296,26.891953,2.4310708,19.30032808008089,1.456060593629151,20.647876616616486,1.9224397278982397,2.7239607457014188,3315.973879251494
1987-08-16,317.44266638522225,423.0223034612884,74.00698899815833,8.9366255,0.9092879,28.314392,2.5514016,20.007003960075103,1.508823507630332,21.38832918802377,1.9752103528047533,2.630231538799151,3313.3436477126947
1987-08-17,328.2977223586806,432.0440384268317,73.58186097379468,9.016402,0.9316298,30.205751,2.869481,21.056687891287094,1.6793931597204799,22.48818442298268,2.145792512497702,2.536115546026578,3310.8075321666684
1987-08-18,320.7352002207728,444.747747712542,73.13828706549688,8.946648,0.9249219,29.585459,3.412044,20.937855001521157,2.01993203739864,22.363671727295845,2.48632991097789,2.4811042963509786,3308.3264278703173
1987-08-19,324.39045367824303,454.4370693599493,72.67574089368155,8.994207,0.9555246,28.217731,2.9841185,20.2109167221599,1.7861043708154765,21.601988283095316,2.2524935471391623,2.4152889539501694,3305.9111389163672
1987-08-20,328.8340121625176,455.7329507608982,72.21062952477446,8.971505,0.9372035,26.787884,3.022199,19.320539947305786,1.7989207251409092,20.66905454200392,2.265300072019904,2.3626160820257214,3303.5485228343414
1987-08-21,335.37113439225186,452.93210246134464,71.73864046910575,9.157472,1.0094763,25.599869,2.617547,18.604711180653652,1.5640702240604967,19.91901160724404,2.0304423257755264,2.2786753317119874,3301.2698475026295
1987-08-22,340.3858716622967,453.9955616339184,71.2590182714832,9.000613,0.97474957,25.73971,3.6506834,18.567145438152806,2.1277916199353952,19.87965035066372,2.5941633576148377,2.246568046066121,3299.0232794565636
1987-08-23,339.9427741614375,454.45712765112654,70.78198041007055,8.985261,1.0155549,24.648026,2.9127092,17.94555284148447,1.7220296405427686,19.228347752682634,2.1883955888606965,2.1961853760062944,3296.8270940805573
1987-08-24,344.81596760632385,462.4573579927247,70.30441844200335,9.002993,1.0421162,22.629066,2.1578596,16.808871886483875,1.3138590661725318,18.037337333582474,1.7802155704507179,2.141792541999927,3294.6853015385573
1987-08-25,348.3115762224464,465.9538981264718,69.8200111286142,9.037008,1.0992582,21.545715,1.9847797,16.194969653715376,1.2292575127343937,17.394092672607442,1.6956095309410204,2.0865839084594984,3292.598717630098
1987-08-26,351.26357499324473,468.0493945817653,69.33142325322065,8.544747,1.0331839,20.455019,1.9969146,15.348735132077593,1.2237589964911724,16.507411033543374,1.6901055374083414,2.0998391759010313,3290.4988784541965
1987-08-27,263.6025631525076,348.500561498718,69.10363218258685,8.764417,0.97250724,20.28083,3.6059558,15.321280195764851,2.0953310285680637,16.478643845124886,2.5616774054984037,2.024972492365305,3288.4739059618314
1987-08-28,444.9022536539134,364.675530495358,68.95376143902541,9.400252,1.0807406,22.957735,14.447187,15.507240823981972,6.53480258506854,16.673492755696177,7.001150089586697,1.9013536539134213,3286.572552307918
1987-08-29,838.2229612416514,305.07927049535806,68.89188229869112,9.998114,1.420174,30.06918,19.361538,15.353885687645427,5.270317049788793,16.512807768061055,5.736663621565979,1.784411241651453,3284.7881410662667
1987-08-30,376.0993247026854,387.520160495358,68.68488209030869,10.232091,1.2426683,24.693617,2.2695463,17.57099855126445,1.3042665285349293,18.835891047739885,1.7706292016748677,1.7245847026854086,3283.0635563635815
1987-08-31,317.53664395485686,359.25962927723504,68.35003163099402,10.046841,1.1370081,25.192997,2.8869941,18.08678225205355,1.6226792623272732,19.376327446308327,2.0890464872329555,0.0,3281.3479389911836
1987-09-01,319.2974920988,365.4774104953581,68.24983865136271,9.963023,1.1313196,23.820524,2.8433545,17.35903547120238,1.606622260498135,18.61379685701039,2.0729831512728616,,
1987-09-02,253.7529766234105,421.388947939294,68.06120255405315,9.698403,1.1543096,20.434559,1.870975,16.39936075816509,1.2457542193513074,17.608252973173816,1.7121076832793154,,
1987-09-03,294.49993114039273,485.082221289961,67.64455698684635,9.896283,1.255365,19.15974,1.3782206,15.660317676504059,0.9799661780834069,16.833886158501777,1.4463146404730667,,
1987-09-04,308.987498531144,500.1147947590367,67.1416667565953,9.910157,1.1571113,19.99047,1.3927656,16.14090707333293,0.9676701453083358,17.3374460856864,1.4340217891033613,,
1987-09-05,312.0821961249889,505.22192468600224,66.6535933059465,9.894479,1.0942336,20.388964,1.3968179,16.381713751807933,0.9592331349656203,17.58976250023606,1.4255864721865248,,
1987-09-06,313.4877794453801,503.7965605995777,66.1612450524672,9.568237,1.0427593,20.208967,1.6899133,16.127476073042526,1.1158569533705438,17.323373129493692,1.5822085046672303,,
1987-09-07,269.59938442999174,426.2173059699966,65.80404229103924,10.061435,1.1467187,20.45395,2.3213384,16.4272927237879,1.4897177384578224,17.637519991272747,1.9560714036678453,,
1987-09-08,914.1551420988,740.652630495358,65.66748358736442,11.03851,1.5739046,25.783703,18.45659,17.63810806058099,8.306361992711839,18.906208162199373,8.772725240873832,,
1987-09-09,2224.1425420988,5822.373734495359,66.9436285815364,12.633922,2.90948,20.706326,1.4604546,18.47502737275639,1.327974891101257,19.78312935663121,1.7943457429290457,,
1987-09-10,878.8711420988,2100.995130495358,67.23253103876077,11.414466,2.0527997,20.413742,1.2474873,17.75952761607942,1.0677949966674198,19.033431157398645,1.5341592982908736,,
1987-09-11,631.6121120988,1352.472130495358,67.37824710668646,11.348642,1.5641868,19.548954,1.1887705,16.938472027070766,0.9511015959292386,18.1731319178735,1.4174591023539165,,
1987-09-12,654.4892420987999,997.537530495358,67.32653911039995,11.400023,1.383373,19.08515,1.2048432,16.04050631613746,0.9108484804974515,17.232246515499806,1.3771994378326213,,
1987-09-13,3219.3634420988,2448.079430495358,68.21280197289875,13.374258,2.8235216,23.467701,1.939626,17.734169652869944,1.8095348750085682,19.006861170229616,2.2758989552282443,,
1987-09-14,1541.2138420988,3953.6711304953583,69.16659421187336,12.909322,2.6150455,17.73732,1.1928942,16.38315554922531,1.1290156139942196,17.59127321064145,1.595368961554,,
1987-09-15,768.0769420987999,2108.802530495358,69.56543127025624,11.931148,2.3024273,15.950408,1.1744244,14.877335136128666,1.0578134191970456,16.013479729188358,1.524157264139153,,
1987-09-16,421.1977020988,1732.405130495358,69.85279116413687,11.585401,1.8031474,15.948128,1.0788491,15.094873548981395,0.9367654978524075,16.241415734557584,1.4031105553349597,,
1987-09-17,96.9112260988,2109.8471304953578,70.30387616938553,11.686872,1.4639513,15.76214,0.9700038,15.583172200982284,0.9296311717162239,16.75305339295868,1.3959791480219246,,
1987-09-18,54.9368420988,3128.731630495358,71.57671073795701,11.832001,1.5943986,15.3548355,0.94435483,15.294046072033217,0.9284669367994642,16.450108023374074,1.3948131519135691,,
1987-09-19,54.9368420988,3804.342230495358,73.14056689025898,11.685842,2.0460029,13.636086,0.9021679,13.608324725451745,0.8898023475364006,14.683814958776159,1.3561401978843057,,
1987-09-20,54.9368420988,2869.9799304953576,74.16419439401155,11.691696,2.0233347,13.029471,0.85328406,13.00434482036865,0.8381194009383195,14.050966878832112,1.3044550451014993,,
1987-09-21,54.9368420988,2038.066230495358,74.9146962950124,11.772713,1.9442203,13.530403,0.8362324,13.484267532888673,0.8158806434830396,14.553828256476871,1.2822180066338706,,
1987-09-22,54.9368420988,1586.816230495358,75.51695456468256,11.860245,1.8566244,13.709562,0.81145835,13.647679873658573,0.7867618664321956,14.72505114853843,1.2530998750132587,,
1987-09-23,54.9368420988,1300.586930495358,75.88524511324,11.747834,1.880703,13.88925,0.81897974,13.802462234464807,0.7894760872343871,14.88723157709417,1.2558147353246198,,
1987-09-24,54.9368420988,1030.392430495358,76.16574208201055,11.728272,1.9110286,13.90797,0.8285004,13.797639188587473,0.7924893462907262,14.882178006110657,1.2588279740401345,,
1987-09-25,54.9368420988,876.1951304953581,76.32761139478859,11.448306,2.06258,12.989599,0.81332284,12.898662840170237,0.7749511835249302,13.940233661235993,1.2412864845481222,,
1987-09-26,54.9368420988,728.9087904953581,76.40295101080838,11.306669,1.9841546,11.70821,0.74741775,11.680067484558673,0.7088092128365795,12.663393613186031,1.1751414800603839,,
1987-09-27,54.9368420988,645.590530495358,76.41482228821216,11.264056,1.8250511,11.850859,0.66464514,11.804840393293908,0.6290215366513567,12.794130240443959,1.095354036458239,,
1987-09-28,54.9368420988,594.992830495358,76.47962406237852,11.289384,1.7836785,13.351048,0.66974086,13.17678139675168,0.6313946322172815,14.231645334121303,1.0977308636923975,,
1987-09-29,54.9368420988,561.593330495358,76.50744512065708,11.296899,1.8299253,15.279343,0.74840575,14.92448104611957,0.7009474522179507,16.062879052516596,1.167291555353547,,
1987-09-30,54.9368420988,638.4916704953581,76.65665399814097,11.510339,1.8818057,15.72312,0.81935334,15.38936235802363,0.7690295713780835,16.549980102012405,1.2353763565411253,,
1987-10-01,38.7789474072,548.1936304953581,77.09884900817123,11.165675,2.119864,14.00807,0.8264538,13.820284252618688,0.7844563584438029,14.905905426794284,1.2507950819278166,,
1987-10-02,68.53151997133739,527.8274830243133,77.36829165397565,11.111997,2.0433023,12.866766,0.8235948,12.665113936736144,0.765835292327812,13.695521918564738,1.2321698803463292,,
1987-10-03,38.7789474072,503.275010495358,77.677381585636,10.915398,1.7324853,11.919802,0.77867794,11.847945890377718,0.7335179798881623,12.839296032939604,1.1998505641843198,,
1987-10-04,38.7789474072,531.263170495358,78.24197471478853,10.6321945,1.700405,10.607903,0.77893335,10.609555067707925,0.7351022752899885,11.541714362173447,1.201433278790951,,
1987-10-05,54.9368420988,196.34717049535809,78.8309104827168,10.7083025,1.75576,9.768667,0.8798169,9.974094515463467,0.7873714838339295,10.875880967744934,1.2537023571557793,,
1987-10-06,104.18743934796365,77.08254174324986,79.4765500709465,10.649014,1.643757,11.123165,0.9757572,10.850640454501074,1.0318715900343698,11.794322806346141,1.4982027637765811,,
1987-10-07,124.8636513897245,106.11190264304292,79.96972970438574,10.7050905,1.5409925,13.027049,0.84354097,11.771815699670116,0.9187760180428156,12.759527079354216,1.3851084545571979,,
1987-10-08,125.08817709280204,127.0558702566021,80.36785402642876,10.200547,1.4600524,12.187121,0.8651921,11.201585763669364,0.8454136973422072,12.16204210164615,1.311745237724152,,
1987-10-09,131.23749165448464,158.4177820723641,80.62792371465602,10.219891,1.5106238,10.29698,1.0078018,10.262052151929064,0.878781988856032,11.17760199489965,1.3451128639415215,,
1987-10-10,136.1252538056196,195.12355971975376,80.88805140223783,10.170753,1.3694457,9.333242,1.1200849,9.67741353938739,0.8671975164225123,10.565019655165603,1.3335284871221815,,
1987-10-11,104.2341872615206,161.09030471765672,81.32283088685747,9.698821,1.2246915,9.297026,0.94468015,9.454873210277777,0.7486327841513889,10.331842659040609,1.2149638939746024,,
1987-10-12,109.68897101136224,143.56301312626087,81.78068270582817,9.43963,1.3189428,8.41656,1.0461847,8.859673888947125,0.823444345223648,9.708194844737449,1.2897761054906112,,
1987-10-13,132.0655628906676,173.85315809077602,82.12138499813587,9.503914,1.2549515,7.1720047,1.134628,8.178693330717701,0.8421907868864078,8.994665743640244,1.3085237883398668,,
1987-10-14,164.58084935965817,210.19189491601443,82.26358570226823,9.52384,1.2525231,7.555726,1.1835955,8.42002011251693,0.8620944220219847,9.24752712067514,1.3284269229451318,,
1987-10-15,173.11873154873547,230.36705045813983,82.33904721008228,9.659139,1.2730643,8.532196,1.1855247,9.015719599225932,0.8697712091379235,9.871699006552006,1.3361027596852109,,
1987-10-16,158.726427792214,264.8804039259858,82.27102379756943,9.7578535,1.2259707,9.734573,1.0491728,9.743296486212671,0.8008869988217144,10.634051581639545,1.2672179392010676,,
1987-10-17,100.40809378540392,330.88085325215235,82.33489524237714,9.633183,1.1649364,11.921986,0.7847654,11.38913089400809,0.6603300153596405,12.358551248124112,1.1266618094294287,,
1987-10-18,119.61692872541543,337.9462439794523,82.36281434901865,9.658062,1.1507584,12.128386,0.8075414,11.4825894327156,0.6680062960864215,12.456476785509807,1.134338231594342,,
1987-10-19,131.5837379862972,366.7015972895202,82.33988096012385,9.674693,1.1500485,12.073082,0.80662686,11.439732061347428,0.6667942679119772,12.411570978290833,1.1331261373202677,,
1987-10-20,130.65828822966768,360.3366584037939,82.19573892535472,9.822675,1.2236739,11.417155,0.8022188,10.992849280436937,0.6727937448510944,11.943328728045188,1.1391250501857564,,
1987-10-21,100.39314023933804,310.1204266542537,82.16728703474017,9.490474,1.0904022,11.361919,0.7770943,10.904248034022457,0.6447785647455634,11.850492644920303,1.1111097853770686,,
1987-10-22,120.67063857700012,347.9365443565075,82.36061862194255,9.230306,1.1585833,9.72343,0.85629255,9.596445734400403,0.7023092901791884,10.480181865874833,1.1686403049413172,,
1987-10-23,132.1084321763555,376.4385282542455,82.45876415271086,9.214831,1.1066176,8.21455,1.0032263,8.474399371550206,0.7963122067285633,9.30450552240401,1.2626446040609804,,
1987-10-24,147.48478136008487,380.1441807324189,82.4625574374813,9.423369,1.1088727,8.430006,0.9831515,8.70767460021495,0.7731847619331788,9.548930509587452,1.2395167532587885,,
1987-10-25,172.61704063932845,355.9399937193956,82.32563635578362,9.007821,1.1196988,9.517912,0.8371815,9.351325594959869,0.6719800831514064,10.223345821670321,1.1383112770187376,,
1987-10-26,175.95607342351613,386.1287970573017,82.1167729502514,8.862705,1.1693504,7.727183,1.0767518,8.082648858311039,0.8253049927534095,8.894030673764147,1.2916382119409837,,
1987-10-27,120.05699209975238,382.5586479261378,81.95061459036343,9.071247,1.0482901,6.5391545,1.1496382,7.143981346754877,0.9101528267305506,7.910498063829971,1.376488729327025,,
1987-10-28,54.9368420988,1946.647830495358,83.95193288709723,9.015998,1.044802,7.8573856,0.674901,7.889185688191081,0.6570033341871094,8.691320625433221,1.1233370239887983,,
1987-10-29,54.9368420988,236.25222049535805,85.22332571835119,8.525197,1.0243677,6.737697,1.2098247,7.074933692151617,1.0004191155518474,7.838150167364274,1.4667552553290266,,
1987-10-30,387.7894737036,323.132250495358,85.95024032430494,8.561708,1.0757644,4.1043396,4.9772353,6.535719401185303,2.3371467637251797,7.273163276501615,2.803484943282452,,
1987-10-31,592.4927536679133,920.1145220376447,86.0467623740975,8.782944,1.1028986,3.4939504,2.3189561,5.565664743538442,1.4752843165377452,6.256743322185195,1.941627002935524,,
1987-11-01,633.1193880504312,1053.5254458557515,85.91536894111856,8.875992,1.146669,5.4325128,1.7761523,6.72509867518036,1.190005147237853,7.471594232432973,1.656342572510074,,
1987-11-02,615.9117372594279,1028.4035757846964,85.6389691392377,8.807327,1.1098013,6.391352,1.0581874,7.296304776340512,0.7815455356917091,8.070102032658204,1.247880934336268,,
1987-11-03,568.8907455871964,961.2231305460416,85.26677169684777,8.938478,1.0770702,6.9326816,0.76718825,7.678429518916788,0.6266075921405525,8.47049103170154,1.0929418433422735,,
1987-11-04,489.83755211268846,874.9838677024014,84.97700253949492,9.314593,1.1129812,8.734892,0.7830484,8.942948068054584,0.6415419458713043,9.795449244947703,1.107873590755217,,
1987-11-05,54.9368420988,350.146130495358,85.05735709732798,8.873427,1.065374,10.647825,0.7145635,10.40718364145892,0.6343294751099801,11.329670273521854,1.100660387030389,,
1987-11-06,387.7894737036,399.176930495358,84.95724460990488,8.01752,0.95469,5.4917173,1.6139197,6.736344377885008,0.9441809218165451,7.483377441285391,1.4105183035881033,,
1987-11-07,54.9368420988,426.908160495358,84.92415547637569,7.9229555,0.9005559,4.4307637,0.81867576,4.828920780265823,0.7325667640794556,5.484785515901394,1.1989135924471068,,
1987-11-08,54.9368420988,368.971130495358,84.90914684221647,8.289857,0.9108391,4.774409,0.93367064,5.229997363155497,0.8211985842180354,5.905032188441483,1.2875430807499795,,
1987-11-09,54.9368420988,458.9662104953581,84.89058251110293,8.159931,0.8568601,5.9313865,0.8451532,6.169620527469189,0.7603430360025393,6.889566128068266,1.226682790001023,,
1987-11-10,54.9368420988,566.458630495358,84.86651542569257,7.45521,0.8332321,6.053553,0.80696726,6.177471958692706,0.739303439873861,6.897792830865492,1.205643158498058,,
1987-11-11,54.9368420988,630.8898304953581,84.92290050725816,6.895765,0.8211309,3.8619776,0.77999073,4.104993338775996,0.7205196054761275,4.7262568173305155,1.1868711084245351,,
1987-11-12,54.9368420988,583.214990495358,84.96970029462818,6.769374,0.82897234,2.462779,0.67736673,2.8335226661349147,0.6231537960461976,3.3940141928422545,1.0895149599289904,,
1987-11-13,54.9368420988,576.817280495358,85.02809427294727,7.0902543,0.81186336,1.9088885,0.709184,2.359455962043901,0.6513512555314216,2.897288720811649,1.11771649463835,,
1987-11-14,387.7894737036,793.169930495358,85.1048649382864,7.485277,0.8713541,0.891984,1.6214608,3.057011578749301,1.1259850203851431,3.628185111520979,1.5923443522255367,,
1987-11-15,387.7894737036,681.687400495358,85.12609984101654,7.3867283,0.8788008,1.7456024,1.3886312,3.7910596422918017,0.9407289068736944,4.397318163283034,1.4070826232797367,,
1987-11-16,387.7894737036,609.3699304953581,85.04870773488406,7.501723,0.9055792,1.7780904,1.5053319,4.003977621142062,0.9850250452777775,4.620412893698636,1.451377248160891,,
1987-11-17,387.7894737036,569.164390495358,84.97265643377372,7.857477,0.94431496,2.5572777,1.7788458,4.7050944707058555,1.125075677742947,5.355040732023524,1.5914232631967882,,
1987-11-18,401.9628720988,1109.347230495358,85.14613511249867,7.859749,0.9655529,5.5179467,0.99389404,6.140795402541542,0.773428046792231,6.859363260702837,1.2397679312656498,,
1987-11-19,462.1011497036,1064.017490495358,85.29564397918433,7.3298273,0.92644364,5.2116075,1.0190558,5.852993914217758,0.7638652056932472,6.557805845037348,1.2302064449908274,,
1987-11-20,428.3168837036,927.745090495358,85.39023395762548,6.8670607,0.92445135,3.1862774,1.0405188,4.348865568058932,0.7694243851181376,4.981785305537665,1.2357742463781345,,
1987-11-21,387.7894737036,829.693700495358,85.38376448513965,5.9247704,0.96127295,0.3628775,1.8475605,2.1344366796159426,1.2957743404115447,2.6615142858735714,1.7621416037971032,,
1987-11-22,422.9177657036,835.688080495358,85.31282549200569,5.7369766,0.95798695,-2.2571173,1.8658445,0.4290646965779426,1.2800196372810728,0.8746313515688482,1.7464041244143047,,
1987-11-23,414.5616487036,824.508090495358,85.23277542244048,6.359536,0.92782456,-2.5094285,1.9631721,0.45790457177116983,1.3427208798205361,0.9048496742121301,1.8091050480366735,,
1987-11-24,387.7894737036,646.1776662373725,85.25477350670259,6.8530097,0.8713819,-1.3952259,1.9853102,1.6982756537138632,1.2830396167214566,2.204506253875253,1.7494109687044281,,
1987-11-25,387.7894737036,617.165530495358,85.20664942228896,6.7811003,0.8979508,0.57530767,1.2264352,2.9699830890320604,0.8290620628657558,3.5369969574872635,1.2954221013286455,,
1987-11-26,409.1802307036,598.899530495358,85.17618737452,6.557265,0.87937284,1.4720223,1.5031911,3.536125537073079,0.9617348132981168,4.130199079283499,1.4280904100978502,,
1987-11-27,387.7894737036,598.526080495358,85.13844405644086,6.1677914,0.8421997,1.6165235,1.1512265,3.4059445080114847,0.7731015547889992,3.9937958420343462,1.2394581404708618,,
1987-11-28,399.8993587036,555.4390804953581,85.04787974870145,6.0325394,0.80303645,0.5891684,1.1113205,2.8677332375045173,0.7283377134896182,3.4298599125803357,1.194698593230008,,
1987-11-29,807.3276237036,820.676780495358,84.9574731628881,6.5188723,0.86218,-0.5699712,4.409384,2.9453873139766578,2.263516860819467,3.511225588460664,2.7298771005560685,,
1987-11-30,1963.0393420988,2060.193230495358,85.49763734406356,7.0723147,0.85334766,0.21893829,17.364628,3.5628781084187295,8.901719387683045,4.1582303320903815,9.368074783665312,,
1987-12-01,1006.9839337036,2139.891930495358,85.80189510765727,6.6374216,1.00878,2.9169292,1.8768575,4.107467479313908,1.3164631041155361,4.728849213328714,1.7828145900671142,,
1987-12-02,737.4673337035999,1985.3417761682583,85.8896817583741,6.338785,1.0231221,2.1678882,0.96344006,3.2975671727710156,0.7551744550582774,3.8802384406387698,1.2215318787802567,,
1987-12-03,606.7574937036,1895.922580746222,85.88139145927317,6.105091,0.9622931,2.4291072,0.72204936,3.320324090748915,0.594669123150336,3.9040830615053803,1.0610263697877351,,
1987-12-04,552.0820737035999,1808.153580953232,85.85251157488365,6.0023704,0.92759013,2.1135945,0.69163424,3.023217017240116,0.5725578898532739,3.592775285492584,1.038917495057893,,
1987-12-05,466.0625037036,1562.8300861721982,85.7826027728046,5.6725836,0.9091157,1.5046291,0.6611931,2.4620614278017423,0.5504611671071903,3.004798377093477,1.0168255023933872,,
1987-12-06,424.7960637036,1368.4426417234697,85.67180675331855,5.5537367,0.88204235,0.47544897,0.78325176,1.678432499434667,0.633177819368186,2.183714664651941,1.0995493625354493,,
1987-12-07,421.8589537036,1201.4997139768907,85.53098096652606,5.4165096,0.8720895,-0.33187473,1.0064638,1.161946359150367,0.7786271310946377,1.6425422523815991,1.2450038088628408,,
1987-12-08,421.5150097036,1010.886690495358,85.42262780144169,5.647798,0.82200855,-0.36804628,1.2275357,1.4022453091635871,0.8994444112205925,1.8943266707845834,1.365818662133888,,
1987-12-09,444.7932437036,1019.406130495358,85.28884446054624,5.999177,0.9032647,0.7264229,1.0270596,2.3281756649870857,0.7658999194253753,2.8645133324818643,1.232265436465585,,
1987-12-10,423.8889567036,1123.794160495358,85.21060421487925,5.893303,0.8715656,2.2111564,0.74192864,3.2196452777977087,0.589242384368043,3.7985921454484117,1.0556004189305561,,
1987-12-11,408.6078277036,863.849570495358,85.17608530682345,5.7456164,0.82980776,1.773216,0.930655,3.048821708385763,0.6856984537972516,3.619603793349735,1.1520578517656082,,
1987-12-12,411.6045577036,805.730830495358,85.09700340435315,5.6860266,0.8295413,1.5873474,0.8865463,2.9731898187346784,0.6503778001368062,3.5403569579080094,1.1167378124091587,,
1987-12-13,403.3375097036,764.165370495358,84.99779694090591,5.4969134,0.79385066,1.508053,0.8265676,2.886085567622546,0.6065551983248073,3.449089421343704,1.0729159261879986,,
1987-12-14,63.8504600988,712.683630495358,84.83922447746194,5.337229,0.71302485,2.76546,0.56714195,2.9769235168812758,0.5238001999224613,3.5442691140630056,0.9901601817151489,,
1987-12-15,122.5034160988,803.135130495358,84.83450124771326,5.2430773,0.68483007,2.5015392,0.65421116,2.864367439537957,0.5748199646185204,3.4263332409763785,1.0411808722548244,,
1987-12-16,198.3041220988,1005.067530495358,84.97547612005725,5.1845245,0.71264064,2.3811212,0.694889,2.8430951833926517,0.5921400707283032,3.4040442437028977,1.0585011549698815,,
1987-12-17,106.2251950988,857.578430495358,85.07435839672041,4.747704,0.67797554,1.8526794,0.67084134,2.17175324836397,0.6015637040037881,2.7006144590474457,1.0679306276837999,,
1987-12-18,445.7770537036,908.981630495358,85.04343863839021,4.5292444,0.72147363,-1.9118606,1.7031522,0.20755510601450333,1.1671364052816584,0.6425343597691321,1.6335233736150812,,
1987-12-19,480.1606897036,703.467830495358,84.98079651714629,4.736205,0.70279354,-3.0386071,2.1203947,0.11538852499225837,1.2920646248640615,0.5459625312297198,1.7584526421126863,,
1987-12-20,191.7895820988,785.083580495358,85.09991678936854,4.957547,0.6707981,-0.5802983,0.49579027,0.5069473209515868,0.41965235862370626,0.9562364991591197,0.8860359866989664,,
1987-12-21,637.7096237036,1009.753030495358,85.20227282881613,4.9109025,0.68058836,-2.4540467,2.9321198,0.39682153945426807,1.8163444651343224,0.8408470817523808,2.2827293099447727,,
1987-12-22,510.8902837036,964.272230495358,85.23197015247165,4.8711195,0.6783374,-0.6436815,1.5647362,1.2662492328419195,1.0494569617936031,1.7518304468940706,1.51583257806438,,
1987-12-23,476.2750387036,764.289080495358,85.21440627601037,5.005124,0.71728027,-1.2151027,1.4352719,1.172955064419046,0.9261326458559324,1.6540771361307447,1.3925092110006083,,
1987-12-24,466.3035037036,728.648230495358,85.16541231378959,5.049563,0.7210296,-0.74084485,1.5946118,1.518733810783425,1.012240476299024,2.016382924585827,1.4786135745201583,,
1987-12-25,667.9277737036,681.189730495358,85.2784896462103,5.383126,0.8002694,-1.5441025,3.086041,1.8854639507991124,1.607770843929403,2.400641511689994,2.0741404145528133,,
1987-12-26,450.4654987036,915.965230495358,85.5354348454332,4.9756694,0.7291931,1.3311015,0.9421793,2.5325909630269967,0.6757768534008962,3.0786989830093434,1.1421405743955102,,
1987-12-27,450.4581897036,934.065930495358,85.50634853383332,4.735678,0.66984147,-0.24475372,1.1820688,1.3756415577628534,0.8267222520367076,1.8664513510072693,1.293096768379362,,
1987-12-28,416.6134737036,891.615230495358,85.5036849105855,4.6289682,0.6791816,-0.58536327,1.110611,1.0751726569269062,0.7872257078877597,1.551621063812919,1.2536032782372002,,
1987-12-29,430.4213237036,870.856530495358,85.4738859106762,4.226905,0.7892226,-1.7439471,1.3401428,0.2310207808366906,0.9340856339618338,0.6671216136344233,1.400472336791922,,
1987-12-30,534.6119537036,778.478830495358,85.36376416621125,3.9479623,0.8125058,-2.9397273,1.0972921,-0.13547246521807066,0.7298177388346702,0.28311124321273307,1.1962086602374291,,
1987-12-31,517.3197037036,817.4319304953581,85.27398332849188,4.145906,0.81572145,-3.263822,1.3526183,-0.3919781931038211,0.8866552212783861,0.014345418355010242,1.3530491865813306,,
1988-01-01,387.7894737036,763.686070495358,85.3366925984276,4.377827,0.7247391,-1.5354689,0.59496033,0.45598802147702955,0.46397767614762253,0.9028415193653294,0.9303618655278563,,
1988-01-02,387.7894737036,671.1912604953579,85.31938343668524,4.211935,0.7139023,-1.5019308,0.5250135,0.5904368272719496,0.42316769665657467,1.0437165184869956,0.8895504115314314,,
1988-01-03,392.1095077036,660.845930495358,85.05152353263826,4.234824,0.70679814,-1.6696578,0.5451804,0.5291090435020799,0.4316834040276198,0.9794574762914676,0.8980667889230236,,
1988-01-04,407.3133647036,474.161150495358,84.90492097239797,4.276418,0.6990926,-2.2726064,0.9078312,0.7535789473196869,0.5855155159708755,1.214656274199576,1.0518964694154163,,
1988-01-05,108.80373970089477,460.0171212079638,84.69919764839055,3.8490171,0.66683877,-0.50245833,0.37008864,0.3298894888263347,0.3253446165586037,0.7707159079002014,0.7917302076492204,,
1988-01-06,151.82062065035518,433.76619277961873,84.49293827734772,3.649322,0.65127474,-0.7198695,0.25886503,0.41289742280116215,0.2554978315846622,0.8576913373705983,0.7218824979148214,,
1988-01-07,109.73802022928152,421.5930514755736,84.30948143179509,3.7311683,0.64650947,-0.55961525,0.2415921,0.32657814607349933,0.23361564878082194,0.7672462942830395,0.7000012769252817,,
1988-01-08,122.66106695183346,428.2610786608954,84.2460317507756,3.757936,0.64763254,-0.539441,0.24333669,0.4173563564182171,0.23785010424479286,0.8623633927724464,0.7042347211225988,,
1988-01-09,154.80301358184872,459.93198383234807,84.13712087906265,3.9981718,0.6503821,-0.8088255,0.29596496,0.40167605874499085,0.2754218189077305,0.8459336304708561,0.7418066097904035,,
1988-01-10,170.92418975886346,475.8323589934623,83.86162991538761,3.8075395,0.6539043,-0.75157225,0.29051188,0.4533053448961101,0.27485876749229,0.900030620014113,0.741242986503859,,
1988-01-11,191.59946628937263,469.55706841296967,83.55025245164308,3.8298311,0.6521897,-0.8884922,0.28133413,0.47885149335308835,0.2750334841059264,0.9267977870421951,0.7414174212830331,,
1988-01-12,161.66093184771177,417.0820477619601,83.21944520523328,4.168759,0.6598911,-0.9168395,0.31563267,0.5037264653835792,0.29277625516408134,0.9528616977049054,0.7591599186284226,,
1988-01-13,119.38970054657452,394.4050505608583,82.97275638767529,4.1016607,0.6599699,-0.80917,0.3457373,0.3319522201126641,0.30652027378944335,0.7728772306909233,0.7729058418044856,,
1988-01-14,169.46057246364606,412.7611892701221,82.81457334970615,2.94342,0.6431773,-0.66950524,0.24518985,0.3820672174109022,0.255460140031378,0.8253875535504689,0.7218451489097166,,
1988-01-15,193.80100825933008,446.5082016813296,82.59998675336291,3.2725787,0.6250597,-0.7309406,0.23234071,0.4807959747685092,0.24908068499531702,0.9288352080223958,0.7154646007507528,,
1988-01-16,180.66751167050896,434.1198718519537,82.38312173258423,3.9115677,0.6288251,-0.9191036,0.3000138,0.5004853098413597,0.2811196858325135,0.9494656260071037,0.7475033849209549,,
1988-01-17,195.5750464250177,484.2326855217973,82.21275914031355,4.166602,0.6369494,-1.0752597,0.43408716,0.4327804862353881,0.35942425768399683,0.8785247432701281,0.8258087036739143,,
1988-01-18,128.94936041282585,467.3333893441179,82.13763580883072,4.4363413,0.65131503,-0.8896812,0.4667286,0.2620998702788447,0.3919764848314254,0.6996861773133598,0.8583628369850089,,
1988-01-19,56.60165373930055,463.6246068063985,82.34155922200365,4.523613,0.6524652,-0.48175073,0.41879892,0.0628428177446512,0.37992395161759723,0.49090531879419164,0.8463125712173573,,
1988-01-20,54.9368420988,737.710130495358,82.58285395558116,4.5639763,0.6525927,0.011185706,0.3385122,0.3267308928256804,0.31828071955934417,0.7674063418078361,0.7846663459942957,,
1988-01-21,91.2686940988,913.059346495358,82.90483213232721,4.5302167,0.6310913,0.23943174,0.34502387,0.6293584596808511,0.31886952990162376,1.0844984718780983,0.7852518217791318,,
1988-01-22,82.6626210988,762.079520495358,83.11469049990792,4.31264,0.61263573,0.12562329,0.3216391,0.5353457026557996,0.29629322215570353,0.9859922264337824,0.7626765387177042,,
1988-01-23,104.3459320988,645.377441795358,83.22677658726326,4.228035,0.5818911,-0.18006223,0.2927734,0.4334534007243603,0.26471821261271833,0.87922982077143,0.7311026511534363,,
1988-01-24,86.3669150988,612.8164754953581,83.07898024800922,4.2711625,0.5639092,-0.19366813,0.3046149,0.3578519086587651,0.2759244272240675,0.8000148358158716,0.7423097059158376,,
1988-01-25,63.0925470988,639.375502495358,82.90355676656857,4.2777433,0.558685,-0.1392852,0.3183256,0.25743259660896534,0.2940480870721724,0.6947958239163372,0.7604344918178052,,
1988-01-26,56.4069496988,662.8653304953581,82.70216278605466,3.6561756,0.48657754,-0.017757833,0.29639268,0.2703602897356913,0.27580136139792166,0.7083414165834124,0.7421876205320073,,
1988-01-27,56.0627541988,650.116019495358,82.48142776650879,3.053687,0.44061592,-0.16506165,0.26523513,0.0904712614200081,0.24667122285574777,0.5198543076341205,0.7130595253467458,,
1988-01-28,55.9935927988,615.899586495358,82.32612343289567,2.9807675,0.41750166,-0.25451767,0.25440475,0.015101434042494246,0.23578466616322757,0.4408820601468276,0.7021738357774628,,
1988-01-29,54.9368420988,650.341488495358,82.18356014857861,2.909842,0.40165514,-0.22021657,0.2580218,0.023595731131789262,0.23997173084391343,0.4497823556006889,0.7063608024072607,,
1988-01-30,54.9368420988,600.883860495358,82.07861983974253,3.653389,0.39732072,-0.3661791,0.25764698,-0.02946760141296162,0.2383991211736474,0.394182777148227,0.7047888066066423,,
1988-01-31,54.9368420988,577.538730495358,82.03680316717826,4.154676,0.416161,-0.47868192,0.56897104,-0.07622835472614002,0.5208061849013198,0.3451870196703175,0.9871964139602889,,
1988-02-01,54.9368420988,155.58436449535805,82.75260073666377,4.2159295,0.42937282,-1.2327863,2.1734009,0.1890905986843948,1.6101415144582865,0.6231873121064051,2.076528692151739,,
1988-02-02,54.9368420988,45.068930495358046,85.71073845280625,3.9623451,0.42463243,-1.891677,1.9895829,1.3241522436238744,0.9264782798354724,1.8125010236598624,1.3928533121931324,,
1988-02-03,387.7894737036,1805.7249,87.43503182367263,3.5940871,0.39323375,-0.30240643,0.46214175,0.3864512324881612,0.3867397600168473,0.829981109562415,0.8531247201189984,,
1988-02-04,387.7894737036,1498.270430495358,88.38567874000717,3.1620827,0.3843892,-0.6120833,0.29196075,0.16391634295576385,0.2450273354300627,0.5968098130078339,0.7114147991901397,,
1988-02-05,1154.584140441794,2429.0873734787383,88.0675112632009,2.7287064,0.38317338,-1.635347,0.3440752,-0.22934012782380794,0.2638791720339757,0.18475702720499412,0.7302711986175103,,
1988-02-06,1052.8999279395418,2273.476169594101,87.6723730986476,2.5118399,0.37369198,-1.6783878,0.34106666,-0.35205236248690014,0.2614019078556046,0.05617956719579564,0.7277953944237763,,
1988-02-07,387.7894737036,1089.246430495358,87.83472172174453,2.4513135,0.36649516,-0.6335541,0.22110717,0.17636472247241128,0.18933045815586866,0.6098531825127204,0.6557177803687307,,
1988-02-08,387.7894737036,1046.660030495358,87.96323545263475,2.8372684,0.34210762,-0.729597,0.24627149,0.23467038103448107,0.20209808411508604,0.670945652246134,0.6684847457081977,,
1988-02-09,387.7894737036,831.227070495358,88.01841050658871,3.0303884,0.3416917,-1.1047257,0.3222449,0.2107229667522998,0.2451489327723342,0.645853633421405,0.7115358652261079,,
1988-02-10,387.7894737036,744.446370495358,87.99891254125671,3.051651,0.33623695,-1.3973886,0.39341834,0.1264023583658273,0.2831496582869283,0.5575027881896395,0.749537549680048,,
1988-02-11,387.7894737036,708.788960495358,87.90487010361542,3.1267967,0.33751252,-1.4866098,0.3985934,0.14485623998509817,0.28394108109507593,0.5768387022688729,0.7503287619258441,,
1988-02-12,387.7894737036,781.338830495358,87.7748489198926,3.180221,0.3543422,-1.254145,0.32473192,0.2166948231590705,0.24680360527480172,0.6521109241506494,0.7131904701216687,,
1988-02-13,54.9368420988,771.233230495358,87.95507572112781,2.7686381,0.3348443,-0.23905563,0.25320402,-0.03905662236011978,0.2374134142537496,0.384135433778223,0.7038032109619524,,
1988-02-14,54.9368420988,735.0864304953581,88.1072020730422,2.973592,0.32812992,-0.15357208,0.24597602,0.0638854630187763,0.2300058750595527,0.4919977989483153,0.6963944826763804,,
1988-02-15,54.9368420988,632.866030495358,88.153958720417,3.251431,0.32159308,-0.22874337,0.25224862,0.049228406602589966,0.2335178209130203,0.47664018533807617,0.6999065970948055,,
1988-02-16,54.9368420988,606.646080495358,88.28363955479274,3.3990583,0.32420626,-0.24124527,0.2737624,0.06104001885709157,0.2524690587707162,0.48901635228236634,0.7188576990926482,,
1988-02-17,54.9368420988,578.894330495358,88.32197652689405,3.5134435,0.32727116,-0.30346036,0.2822019,0.027366920715526814,0.2592984735361495,0.45373379515536244,0.7256875015945583,,
1988-02-18,54.9368420988,617.669700495358,88.35072261083471,3.637226,0.32824677,-0.2652111,0.2774213,0.05353033297466959,0.25616904573529176,0.4811477290853416,0.7225577724168717,,
1988-02-19,54.9368420988,610.363830495358,88.30438188037253,3.609796,0.33264875,-0.23880649,0.28032154,0.07898978010690558,0.25863689558095565,0.5078240507617322,0.7250253297460427,,
1988-02-20,54.9368420988,1122.592030495358,88.38286484299371,3.7433672,0.33261722,0.08909947,0.33777702,0.2595869460042044,0.3223919373418756,0.6970531438483937,0.788778317808646,,
1988-02-21,54.9368420988,1092.045130495358,88.54962775888634,3.4071546,0.321773,0.16072077,0.3088659,0.31621477073984466,0.2944757825954537,0.7563875850338625,0.7608615267868433,,
1988-02-22,106.4903620988,812.145130495358,88.49250153538969,3.4296794,0.3182314,-0.15270746,0.25167143,0.26257115519304247,0.22553456300405342,0.7001799880354495,0.6919209098484609,,
1988-02-23,54.9368420988,831.652830495358,88.4848161282323,3.5657406,0.31542885,-0.013013363,0.31297496,0.20874135256134516,0.2942316095928411,0.643777304845932,0.76061856448932,,
1988-02-24,54.9368420988,778.240190495358,88.370505999332,3.4344463,0.31229216,0.091928124,0.30376723,0.3123223359268561,0.2844840640539004,0.7523091051424358,0.7508698518636914,,
1988-02-25,54.9368420988,727.480980495358,88.21586632779457,3.2075343,0.30746058,-0.040272355,0.27186987,0.18776979446039432,0.25370090429663295,0.6218033779554408,0.7200880969809791,,
1988-02-26,54.9368420988,713.8684904953581,88.04505121180705,3.2444987,0.3101818,-0.14255399,0.25297752,0.09947604808443007,0.2359437994544522,0.5292894923197785,0.7023319987805177,,
1988-02-27,54.9368420988,689.129170495358,87.86944649461871,3.2203522,0.30700615,-0.1362623,0.25936687,0.11156759384464106,0.24128405096957495,0.5419589726344461,0.7076721119125338,,
1988-02-28,58.3428750988,673.129330495358,87.6864713523558,3.412745,0.30960897,-0.15842682,0.25383154,0.12641302622473588,0.23488743489310235,0.5575139659357377,0.7012753261643874,,
1988-02-29,67.0778900988,647.817730495358,87.49548755653979,3.5205774,0.3102291,-0.19490224,0.27025563,0.15371723540434748,0.24662166995756893,0.5861232229793648,0.7130092498210365,,
1988-03-01,74.75561009879999,650.582076495358,87.43467581109175,3.468658,0.31188875,-0.21584135,0.27017677,0.1638948718804744,0.2444540903035002,0.5967873156885408,0.7108415543078722,,
1988-03-02,94.1940620988,600.241830495358,87.34946561582886,3.6281152,0.31699803,-0.377535,0.29640946,0.16579588804150916,0.25978719964257846,0.5987791939237743,0.7261746420194917,,
1988-03-03,54.9368420988,651.443080495358,87.32422845669197,3.8425202,0.33061948,0.11645877,0.43496278,0.4062434117593522,0.401957965249211,0.8507192873465887,0.8683427054187745,,
1988-03-04,86.2492490988,862.086966495358,87.36586253136703,3.649763,0.32252645,0.30367714,0.41801536,0.6079968515017045,0.38112818794676057,1.062115851848993,0.8475107117661554,,
1988-03-05,161.6473120988,849.688951495358,87.56173000253459,3.6504035,0.3184532,-0.19454819,0.28758833,0.4200111098624758,0.24692466026625448,0.86514503435652,0.7133092477119863,,
1988-03-06,156.1320020988,727.396260495358,87.73717561372307,3.9130135,0.3354714,-0.106740296,0.40303928,0.6036073275553254,0.33707064041720325,1.057516523662814,0.8034532119621669,,
1988-03-07,93.5400180988,824.441830495358,87.96125597935249,4.0460486,0.3459401,0.6855565,0.57686716,1.0279820856131652,0.5192836852580732,1.5021749445032793,0.9856617446386964,,
1988-03-08,61.4927936988,935.253230495358,88.12616559232892,4.144789,0.36623722,1.3679307,0.63868695,1.539244894179047,0.599709868430953,2.037874367654129,1.0660827652947247,,
1988-03-09,54.9368420988,1097.654630495358,88.45253493715136,4.2108502,0.38028172,1.9130647,0.93442667,2.0225858133795396,0.8900729632931585,2.544317330574127,1.3564412544350295,,
1988-03-10,54.9368420988,1845.129130495358,89.85843644905138,4.0442953,0.3749182,2.8979301,0.84213614,2.9310751428608954,0.8178592013272684,3.4962293444892776,1.28421955850254,,
1988-03-11,167.99515209880002,2015.035395495358,90.39862384695932,3.979538,0.37818107,2.511475,0.7804151,2.624449889379277,0.720945916700932,3.1749484520372317,1.1873088461601962,,
1988-03-12,215.1782620988,1910.637203495358,90.85847206707506,4.1369023,0.4386506,3.0133119,0.7734617,3.127043392525976,0.6965872423064058,3.7015642066043997,1.162946011816957,,
1988-03-13,54.9368420988,2370.900450495358,91.57237024646236,4.176498,0.4591446,4.364372,0.97664434,4.360117082528442,0.9545833544363452,4.9935746039374385,1.420933141595308,,
1988-03-14,54.9368420988,2524.160884495358,92.2226152231848,3.9150023,0.44158557,3.7615757,1.0085384,3.7648438090149847,0.9871005345688084,4.369849302789928,1.453454440914256,,
1988-03-15,54.9368420988,2023.226778495358,92.7304541356523,3.8138723,0.42355162,2.5376024,0.7356654,2.571340980130742,0.7163053769451146,3.1193011184703408,1.1826687628596368,,
1988-03-16,54.9368420988,1711.586703295358,93.22761424741395,3.9174495,0.41097522,2.247232,0.66210157,2.2991737960443603,0.6416382756522057,2.8341252733416065,1.1080040513809009,,
1988-03-17,54.9368420988,1500.954630495358,93.5050297435386,4.0978203,0.4638597,2.716354,0.6574665,2.7651319746550778,0.6344634718191046,3.3223546600915648,1.1008252077459324,,
1988-03-18,54.9368420988,1261.561630495358,93.70431599350904,4.085223,0.46519405,2.9634337,0.7245744,3.010245471866662,0.6946095487279452,3.5791837445912886,1.160969259206262,,
1988-03-19,54.9368420988,1122.188830495358,93.8306849080886,4.0594015,0.46325874,2.8851943,0.68839,2.9399949381206008,0.6566186807359794,3.505575475471602,1.1229789646922754,,
1988-03-20,54.9368420988,1004.638930495358,93.8583786066983,3.802586,0.46395883,1.8931551,0.65815634,1.9921551987541064,0.6244957378063251,2.512432236591451,1.0908643110394036,,
1988-03-21,54.9368420988,887.023090495358,93.81783640290566,3.6451411,0.46107438,0.7494787,0.45051745,0.9183590758228096,0.4250938255792812,1.3873123295724572,0.8914730308002169,,
1988-03-22,54.9368420988,791.1652304953581,93.7577733421872,4.010534,0.5315769,0.80208176,0.46529418,1.0104044107835233,0.43644981859934695,1.483757116903056,0.9028280607865455,,
1988-03-23,54.9368420988,717.163130495358,93.71045603353215,4.063702,0.620625,2.148747,0.9330831,2.2850008098755477,0.8678161657130795,2.819274866881854,1.3341820682106813,,
1988-03-24,54.9368420988,654.558190495358,93.85395375945852,4.383521,0.68119276,4.4700747,3.7958376,4.4633727321348955,3.502319694312112,5.1017655206332995,3.9686688082035118,,
1988-03-25,54.9368420988,452.020010495358,94.48242387989768,4.794793,0.7226156,7.6356664,3.5953054,7.327812548339287,3.2066531203008775,8.10311576845459,3.672988418016421,,
1988-03-26,54.9368420988,45.068930495358046,97.62719574247252,4.578589,0.6162964,9.333995,3.8447895,6.721675831980781,1.7654708660545992,7.468007789028857,2.2318083045957855,,
1988-03-27,768.7880220044701,1148.9135,100.0,4.124582,0.48436925,8.451483,0.9937454,6.716869960811791,0.6262283245852176,7.462972213646039,1.0925657817794188,,
1988-03-28,2274.8564258545643,2164.0940838308293,100.0,4.156865,0.46669906,7.009791,1.2674537,5.547734376774205,0.6625864723575339,6.23795594518152,1.1289292521894954,,
1988-03-29,1711.3668720061612,2322.703977966117,100.0,4.096493,0.46169084,7.7715907,1.2615945,6.212510290966578,0.7523331546899191,6.934505875649507,1.2186727163097912,,
1988-03-30,1079.0760591976464,2268.4099674692743,100.0,4.3025393,0.5044715,8.8903265,1.0393809,7.411434208749557,0.7228613746977444,8.190734258386126,1.1891964100531789,,
1988-03-31,1120.0730610135497,884.8117675637354,100.0,4.3816233,0.50571567,10.660931,1.4438643,7.152857291088102,0.6970431664786233,7.919798247961427,1.163379038981502,,
1988-04-01,1086.6766936776255,1419.823883039949,100.0,4.2025228,0.4039678,9.7542305,1.2724655,7.347324443787977,0.7417686833106107,8.123560265807651,1.208103919092889,,
1988-04-02,1100.0351823530495,1499.442002236466,100.0,4.23185,0.46374893,9.278364,1.3809453,7.142802839089075,0.8203813846479244,7.909263227526271,1.286717291246866,,
1988-04-03,1076.7240548833308,1354.011665136224,100.0,4.5126038,0.5184995,10.298943,1.4823688,7.73581316810791,0.8570822273468305,8.530617423167806,1.3234163206601819,,
1988-04-04,1048.9093326517796,1230.8948126976632,100.0,4.610639,0.55734026,11.46785,1.5763419,8.31293300455135,0.8888771243489852,9.135321615007774,1.3552098391580265,,
1988-04-05,969.4736841976,1091.723911789324,99.96175686343597,4.4942174,0.54149395,12.020323,1.5588623,8.480457845549015,0.8640485955898302,9.310853570750105,1.3303809815904515,,
1988-04-06,316.8011728911262,1185.2441531110342,100.0,4.5633144,0.54124284,11.176596,1.0908904,9.781767435755341,0.8683435503731918,10.674361311063993,1.334674475343542,,
1988-04-07,969.4736841976,842.938000495358,99.79927041022094,4.228622,0.42590022,11.089148,1.5502082,7.4193968742649785,0.7561258943764181,8.199077512094172,1.2224609051663031,,
1988-04-08,203.95462642586176,619.9681122046687,100.0,4.2432504,0.42505187,9.372256,1.1036644,8.10261722783753,0.8371011627321178,8.91495346309555,1.303434335782375,,
1988-04-09,969.4736841976,835.895030495358,99.68324519764668,4.0728216,0.4279221,9.570675,1.5392619,6.61835605394393,0.7488163946793417,7.359749678782838,1.215154240055995,,
1988-04-10,54.9368420988,419.403070495358,99.89774576098272,4.2093616,0.50676817,9.263527,1.0619164,8.678166340399388,0.9407605631988577,9.518011855821646,1.4070926024438557,,
1988-04-11,72.04412669136156,403.041800495358,100.0,4.2583127,0.5548186,9.682497,0.9743771,8.859949775386378,0.8308889611537248,9.708483917605427,1.2972207210253301,,
1988-04-12,969.4736841976,408.343860495358,99.47564002893554,4.4268856,0.48723173,12.2639885,1.6846579,6.7495682136947295,0.6056530845867959,7.497233331243397,1.0719904153909154,,
1988-04-13,54.9368420988,416.860430495358,99.8641110248052,4.4401746,0.5674434,9.385333,1.034654,8.809510761179705,0.9165619366146184,9.655634090936822,1.3828937702146131,,
1988-04-14,54.9368420988,408.573730495358,99.96732615371832,4.4976444,0.5755268,9.335573,0.8893043,8.762165501428917,0.7868632110053999,9.606025889611619,1.2531951164591555,,
1988-04-15,113.72673245946056,479.9109629866204,100.0,4.509561,0.5810165,9.650198,0.8720589,8.665375347260532,0.7137263543750499,9.504609496934576,1.1800584147011606,,
1988-04-16,212.1611851278427,637.2228404339326,100.0,4.126855,0.5568216,8.249574,0.8310858,7.21979108561571,0.6388197627337386,7.989931249065724,1.1051554112016109,,
1988-04-17,201.060612088934,602.3773989286647,100.0,4.723854,0.5625388,7.9679184,0.9478249,7.156090288396829,0.7244410071483506,7.923185771490062,1.1907768687122466,,
1988-04-18,196.3038909441894,567.1789473038526,100.0,4.7960997,0.60497785,8.787774,0.9870252,7.761449483263352,0.7495624095998211,8.557479066554318,1.2158964335932176,,
1988-04-19,184.8029278718043,558.3156564914348,100.0,4.5633206,0.57762015,8.066623,0.7559883,7.195401776301649,0.5858676673300305,7.9643762141371335,1.0522033968382973,,
1988-04-20,171.99054289258663,444.5615662030333,100.0,4.7551756,0.5889426,7.8696446,0.97806466,7.00084666833352,0.7241116357313231,7.760522037061494,1.1904480360639393,,
1988-04-21,174.18783248255403,385.85119027371127,100.0,4.852182,0.6199196,7.9284606,0.9713574,6.9716517065676,0.6964597252039842,7.729931655921147,1.1627962299362475,,
1988-04-22,137.13050441072335,319.3170636341656,99.91617840720754,5.0273128,0.63028115,8.429654,0.9242648,7.407488991524277,0.673744362841388,8.186600473263526,1.1400794103950438,,
1988-04-23,142.33224039659615,290.77643298534633,99.9002377441651,5.0857058,0.67231923,9.721582,1.7505211,8.198097081801638,1.1958364964381165,9.014996927697588,1.662169455184098,,
1988-04-24,213.4222354012428,202.8362796498456,100.0,5.4477863,0.66338974,11.654139,2.7575326,8.472044939228502,1.3860826988124866,9.302038556265552,1.8524151005599716,,
1988-04-25,253.57805941399727,319.1861221245689,100.0,5.665793,0.68373114,11.164572,1.8169485,8.730114951977853,1.0568167089017506,9.572443433456117,1.5231486644524423,,
1988-04-26,186.1394605415793,259.3119043295312,99.9919017420494,6.045311,0.709062,12.945978,1.7730386,10.062416524676664,1.073830296486489,10.968424467084837,1.5401611602655985,,
1988-04-27,233.6646768155506,325.29771187950274,100.0,6.4133015,0.7557618,15.290655,2.6116312,11.579629103206617,1.552372145597786,12.558154620536778,2.0187042385352565,,
1988-04-28,863.4669692752186,912.5539157057658,100.0,6.626631,0.7143152,16.871742,2.1752055,11.89076740653201,1.1703749650843631,12.884164271188041,1.6367076354174355,,
1988-04-29,849.1628438241378,970.0969562426244,100.0,6.5575128,0.7120703,12.831682,1.9617885,9.90313315003648,1.097629565387888,10.80152789161983,1.5639604528407967,,
1988-04-30,860.836972006161,1025.5613675532634,100.0,6.778886,0.732484,12.171799,2.0111299,9.710802699340213,1.1433262912603106,10.600004702829038,1.609657245973324,,
1988-05-01,413.5281319299322,601.5964534952592,100.0,6.7704782,0.7441016,11.340359,1.6415602,9.478740793378632,1.0189732661925135,10.356851031026434,1.4853043583828396,,
1988-05-02,364.7822063601968,523.2380583570862,100.0,6.9571466,0.81737494,11.597618,1.4959605,9.691398746987781,0.9432319339171831,10.579673307883253,1.4095628977655734,,
1988-05-03,320.56259480713845,453.796818464309,100.0,7.049775,0.8778222,11.71722,1.428097,9.785031824826296,0.9123957292271092,10.677781726773784,1.3787266529678683,,
1988-05-04,282.0076449821562,371.5950530346951,100.0,7.603651,0.8035979,13.722466,1.3912299,11.082402814712387,0.8636189296432004,12.03716261513556,1.3299503297155326,,
1988-05-05,156.37864090768142,236.72911457631827,100.0,7.0750465,0.91513634,17.047678,2.8215392,13.080555668236018,1.737689072813859,14.13082034471379,2.2040249723542904,,
1988-05-06,410.4705734511869,517.013830495358,100.0,7.2765884,1.0123957,17.63246,2.1435294,13.049330940771055,1.276123409827683,14.098103182012393,1.742459203932928,,
1988-05-07,428.2718442256031,735.9962545089254,100.0,8.27864,0.96958005,17.695343,1.1881264,14.2314425115614,0.8314581451215971,15.336715645040263,1.2977987088220333,,
1988-05-08,238.5323239010899,667.4510304953579,100.0,8.384557,1.041188,18.573753,1.0669016,15.89108515039905,0.8324337581895851,17.075683528809805,1.2987837152477988,,
1988-05-09,222.4815973093555,604.538230495358,100.0,8.183981,1.0650638,18.878237,1.0898424,16.001310439667826,0.8466145572468208,17.191177210119324,1.312965249720773,,
1988-05-10,248.07122102580024,592.3660225610183,100.0,8.2723875,1.1074975,19.303112,1.1320199,16.047181473989678,0.862252538100449,17.239240723079476,1.3286035407172485,,
1988-05-11,270.28216111053774,614.4630381166935,100.0,7.640895,1.1475861,18.805197,1.1346986,15.394597145428456,0.8625195421196372,16.555465094360958,1.3288663588908596,,
1988-05-12,187.05413098483683,575.554030495358,100.0,7.3118267,1.2340231,16.785006,1.0711241,14.461404368362436,0.8632047249054595,15.577668892511104,1.329546402153981,,
1988-05-13,158.0555722964,541.125590495358,99.97776163183416,8.4382305,1.3215116,17.35661,1.0885642,15.34053748079488,0.8938827087103254,16.498821562551615,1.3602292005731007,,
1988-05-14,163.2280162964,563.277930495358,99.9686651701378,8.710505,1.354879,18.750046,1.0731248,16.494407802440925,0.8859579915368412,17.707842941263966,1.3523121440359798,,
1988-05-15,138.3760762964,540.835830495358,99.89283795308862,9.111807,1.4483018,18.839165,1.0798538,16.8574067574081,0.9090723007488014,18.08819200542872,1.3754291780781798,,
1988-05-16,134.8431372964,512.822580495358,99.7790512607356,9.425384,1.5870755,19.849285,1.1391125,17.679042745555957,0.9605713028827519,18.949099385187925,1.4269349043188722,,
1988-05-17,103.4105262964,462.2482704953581,99.77676701852396,9.548457,1.7191796,20.352522,1.175796,18.37738418376236,1.0109397747861177,19.68081915697981,1.477309698223761,,
1988-05-18,242.5074962964,563.0873304953581,99.7455990853965,8.9680395,1.749181,20.777939,1.2257378,17.22281532060501,1.005628535580071,18.47106584885976,1.4719883080195266,,
1988-05-19,933.8289262964,402.17973049535806,99.91407841479209,9.082961,1.5711682,30.069912,13.771212,15.400679312537612,4.288554014444245,16.56183796826708,4.754900867979574,,
1988-05-20,3412.316979305316,273.44255334041605,100.0,10.847194,1.6234967,28.78252,17.30985,12.177796393079772,1.9769498390769646,13.18491226213328,2.44328314025207,,
1988-05-21,2114.6152861439023,1150.4079764581256,100.0,11.768577,1.6318431,22.054207,10.66077,15.39264607063393,3.9020992658291576,16.553420764860668,4.368446070815928,,
1988-05-22,2013.9122690528416,2877.0288840886374,100.0,12.5824995,1.646728,15.754627,2.8228798,14.448460021570467,1.7936267022552412,15.564105850190515,2.2599683152167236,,
1988-05-23,1352.6694790159877,2546.685362947888,100.0,12.957036,1.6249737,14.4273815,2.036526,13.917324965590053,1.4445841825263093,15.007584354128598,1.9109233229028757,,
1988-05-24,1194.0839659566427,3924.4460736492288,100.0,12.731706,1.6119266,15.430023,1.3131819,14.800542137267104,1.0747659582312814,15.933016287484948,1.541109388060888,,
1988-05-25,1446.670016073551,5791.550855820322,100.0,11.302264,1.5105344,13.516556,1.1255325,13.0739954827686,0.9498344985269445,14.123946604805901,1.4161703758233504,,
1988-05-26,1712.909014582913,4793.499986468915,100.0,12.109117,1.4671731,13.134408,1.3107599,12.864484763780247,1.0400655718962672,13.90442198962647,1.506400764679923,,
1988-05-27,1130.2461230233805,3218.106008908704,100.0,12.731625,1.5370138,13.824078,1.4362924,13.540121584774292,1.135561203191723,14.612351941115097,1.6018987835139629,,
1988-05-28,833.2105307908101,2416.5278185068128,100.0,13.6055155,1.7585446,14.891828,1.4853334,14.562026019269805,1.1929882919549255,15.683099914373939,1.6593304754672784,,
1988-05-29,614.3208168394701,1964.86949395714,100.0,13.28228,2.0460663,16.108473,1.3776534,15.435320053448217,1.1571472336051867,16.598134418179765,1.6234942973356812,,
1988-05-30,463.60624583038896,1435.39004985886,100.0,13.427836,2.377441,16.268251,1.3962191,15.574814502858537,1.204431066032577,16.744296225433978,1.6707789900861032,,
1988-05-31,386.3429475992992,1157.5475216248076,100.0,13.071317,2.528346,17.397596,1.3647599,16.31498871211017,1.2030485495596517,17.519848231728883,1.6694014109078488,,
1988-06-01,450.9042413661607,1131.5017175015469,100.0,12.910478,2.7006068,18.618855,1.3339137,16.992260958584815,1.2255403889084293,18.229491776445656,1.691898316901915,2.036578459011651,4857.963421540989
1988-06-02,411.56119376431656,1175.4979123751596,100.0,12.410026,2.8675241,17.08702,1.105046,15.874167646218309,1.1058375629602357,17.05795742575882,1.5721874083759424,2.1816214993718432,4855.781800041617
1988-06-03,359.2281278901424,976.6954827875908,100.0,12.27976,2.9471936,15.106056,1.0538708,14.346068920767118,1.105305345950454,15.456820804775235,1.5716464571480786,2.2497694241734645,4853.5320306174435
1988-06-04,272.01577121636353,787.6064947051428,100.0,12.217053,3.1471016,14.394547,1.0202134,13.835562678803395,1.1080304219000374,14.921914109523934,1.5743692103066924,2.311727489225807,4851.220303128218
1988-06-05,148.6743896462254,638.825180495358,100.0,11.991851,3.2398953,14.995951,1.0489622,14.428797740352312,1.0479569719478485,15.543503779142279,1.5142984876248444,2.4237141681596883,4848.796588960058
1988-06-06,125.53292610502203,589.0651704953581,99.92571059677763,10.963017,3.238778,18.004602,1.123141,16.76761233988068,1.0866864784421197,17.994105721690353,1.553042667707512,2.732926105022034,4846.0636628550365
1988-06-07,125.86323656880232,544.7993604953581,99.81019286913082,9.853032,2.8026142,19.458403,1.1643207,17.655762934395657,1.082221040426598,18.924706878632215,1.5485844407185159,3.063236568802318,4843.000426286234
1988-06-08,143.70622788955973,509.722610495358,99.71780234786291,9.195248,2.5478559,19.76524,1.1456649,17.440619803942138,1.0548396828521291,18.69928064197302,1.5212012535751627,3.306610889559734,4839.693815396674
1988-06-09,194.39036457673333,587.9233624885693,99.53747215282708,8.54112,2.3125024,18.441572,1.110289,15.981494439836897,1.0131184801165474,17.170414073234085,1.4794690393550376,3.558948649452009,4836.134866747222
1988-06-10,172.46688866452897,538.8833804953581,99.36710018318948,8.107404,2.1512818,16.701275,1.0308657,14.617690627427143,0.9390948715153771,15.741425100521255,1.405437340071316,3.770472664528978,4832.364394082693
1988-06-11,158.8911879338615,472.076250495358,99.08046069795806,8.2809725,1.9387228,16.774607,1.051874,14.635726709451111,0.926122882629357,15.760323245612707,1.3924654443033935,3.8782579338614918,4828.486136148832
1988-06-12,219.06134044015297,531.1338877658326,98.81428584468264,8.542141,1.5019944,19.965797,1.2304772,16.630023743599313,0.9753464044721653,17.849940860829822,1.441701557331926,3.9886766548073096,4824.497459494025
1988-06-13,296.3097273297536,586.2600412637223,98.4493970768389,8.470327,1.1550347,24.3115,1.4376907,18.993061293620652,1.0307360751541734,20.325923528102415,1.4971120347924736,4.16622056223412,4820.331238931791
1988-06-14,346.8090388151628,649.6897100228014,97.93071933587298,8.388239,0.9709639,26.970144,1.5806122,20.503128887735468,1.0845062252307704,21.908167191308078,1.5508988250282263,4.347056040466504,4815.984182891324
1988-06-15,412.03225238415644,715.5588044261958,97.36171361464208,8.291781,0.88895744,29.08329,1.6895297,21.485879586837537,1.1202871911034011,22.93789001446202,1.5866920207890123,4.545873126389134,4811.438309764935
1988-06-16,423.5000786124915,698.0342376481058,96.83264874994182,7.9445887,0.88705015,29.787392,1.7821155,21.53937940466308,1.1586479014651796,22.993946940699647,1.625053428622664,4.845866772685422,4806.59244299225
1988-06-17,352.3562855509452,589.5634154356218,96.44108437460366,7.7813973,0.87412834,28.489334,1.6563061,20.742843963112378,1.0870576363665752,22.159339827863015,1.55345311749031,5.141959700717389,4801.450483291533
1988-06-18,357.89288392299864,587.3400829722054,96.04129003319176,7.8156943,0.8695999,27.71217,1.5982317,20.178781392878424,1.0462532552331574,21.568316994923315,1.512642061027097,5.404917481792536,4796.04556580974
1988-06-19,367.60441436113706,593.0670623134254,95.62117124152948,7.9937844,0.8355767,28.230103,1.6146026,20.486602238705263,1.0467950856443344,21.890850624947753,1.5131874892157144,5.63315498304258,4790.412410826697
1988-06-20,384.1824518643461,611.232643500441,95.17548534290452,8.138581,0.8366924,29.87796,1.7498646,21.487603319899772,1.1219765475407317,22.939696136072342,1.5883813996474658,5.873257018370812,4784.539153808326
1988-06-21,545.5984327542199,724.18448481951,94.61943585234953,8.1326275,0.8336963,32.355087,1.9403515,21.94721683434339,1.1631593018593163,23.421277605396163,1.62957025350195,6.197625280779537,4778.341528527546
1988-06-22,497.2337449311303,715.21342481951,94.07630069840457,7.9590764,0.85012984,32.131046,2.0589876,22.217938812276888,1.263629958299606,23.704939168458097,1.7300446157116738,6.62393399757817,4771.717594529968
1988-06-23,406.57114096109865,625.067317554506,93.60213117121415,7.5866613,0.81131804,30.275398,1.7897453,21.333713715016305,1.1305591344963857,22.778451134120743,1.5969619982994514,7.214484013983638,4764.503110515984
1988-06-24,427.32512389666704,637.808759888515,93.152449736672,7.663309,0.9103088,27.335674,1.5698,19.44324309058757,1.0084590796784647,20.79762247609486,1.4748397273051377,7.726133795759856,4756.776976720224
1988-06-25,444.37649787594125,652.1154814875068,92.63729720525708,7.9110274,0.9217621,26.148417,1.6329689,18.757329994403023,1.0405422947052256,20.078925078589315,1.506915891987282,8.190165421781185,4748.5868112984435
1988-06-26,448.5251535614544,656.3849822709966,92.11493277659018,7.7323947,0.80500376,26.927101,1.6447319,19.13523791094825,1.0302703357578782,20.474895701731814,1.496647750922672,8.895834132434482,4739.690977166009
1988-06-27,357.51612690649836,513.4829693563345,91.6756752727768,7.513741,0.7480682,25.768778,1.5880415,18.275693075649624,0.9852719310887422,19.574267561512947,1.4516408992382683,9.745777066142097,4729.945200099867
1988-06-28,314.77902243673196,448.7788337406189,91.241757731734,7.6689873,0.7461449,25.896597,1.5577626,18.382210021373297,0.9658607487865113,19.685875653132246,1.432230717852058,10.527997201396746,4719.41720289847
1988-06-29,320.2506447794264,449.8713987755724,90.77568593750657,7.556299,0.7154817,26.19642,1.5211718,18.44503766957925,0.937089215514748,19.751706248156875,1.403459781040821,11.593023234216743,4707.824179664253
1988-06-30,332.4014382941558,456.4467044621774,90.17606966233816,7.155207,0.6779126,23.916908,1.5325425,16.853934728133318,0.9316403800821069,18.08455402502314,1.3979972306351347,13.043617542163389,4694.78056212209
1988-07-01,332.91651294276,450.7172250215138,89.64046987095945,7.033608,0.6482297,21.943104,1.5431615,15.609000087026208,0.9293118202288081,16.78011576366729,1.395659958514865,14.587799650481845,4680.192762471608
1988-07-02,334.71878889392434,450.7927069259641,89.1425521601618,7.3462667,0.6697008,22.671238,1.4686037,16.14102695962901,0.8898103244053504,17.337571702137623,1.356161969026953,16.191679897998924,4664.001082573609
1988-07-03,342.1536717491241,463.4833443242092,88.66964398690068,7.7122984,0.7054455,26.27483,1.5670047,18.391331250196014,0.9499795625749532,19.69543284551333,1.416349617953713,18.07754313255671,4645.9235394410525
1988-07-04,357.79530990180103,465.8317804392748,88.1810567679358,7.9047194,0.72830224,30.217915,1.8248295,20.52474555452256,1.0795021338823143,21.930817060874716,1.5458949908125736,20.454727506488947,4625.468811934564
1988-07-05,366.4056641164182,464.7664745620075,87.68274723244012,8.026031,0.7526485,32.294216,2.0820107,21.596070424724886,1.2105541022907755,23.053347597731847,1.6769603720943054,23.53391562450787,4601.934896310056
1988-07-06,379.22461116719774,463.87661559072507,87.13972700684228,8.172837,0.7669542,34.078747,2.283711,22.426339991123033,1.303000175208271,23.923301211269298,1.7694177423858442,29.182668201777464,4572.752228108278
1988-07-07,387.5787099402435,468.0585391062905,86.59455354451889,8.3017645,0.7784406,35.52027,2.4605923,23.19108183592444,1.3914355512136882,24.72459510211299,1.8578642213247734,40.63867889539197,4532.113549212886
1988-07-08,396.131159258994,471.9849377666392,86.03758736609414,8.290723,0.7682862,36.078613,2.4956377,23.398685689995656,1.401408841791274,24.942121710750538,1.8678406413793904,42.7388318389925,4489.374717373894
1988-07-09,399.93337097117853,469.7784106619731,85.48555299779191,8.392104,0.79572827,36.252853,2.5416417,23.44120291517644,1.4208049328297978,24.986671113957097,1.887237379411963,53.96293918895237,4435.411778184942
1988-07-10,405.6523721790185,453.9560930151852,84.96212897255636,8.365696,0.7896707,36.636787,2.6248314,23.295556168384064,1.435380517385931,24.834062950536545,1.9018107562137319,70.98276452588289,4364.429013659059
1988-07-11,475.7118521014085,453.5596840525124,84.44481539869304,8.133164,0.76824534,37.06711,2.9108248,22.255269597235184,1.4741466634706077,23.744054237328495,1.9405618384571186,134.62741338214767,4229.801600276911
1988-07-12,498.043822046234,464.6382814879886,83.88218867767881,7.9456754,0.7427249,35.79152,2.7940257,21.38546505918544,1.4022111377063462,22.832676015638043,1.8686146671321118,143.91065608464643,4085.8909441922647
1988-07-13,509.7219959748394,462.313508255575,83.34764372198401,8.055634,0.73852587,35.008244,2.6242218,20.874667046117036,1.3068182862075028,22.297463603620628,1.7732153798158352,163.3752696511865,3922.515674541078
1988-07-14,482.6240429031744,478.2409943679953,82.79041272062018,7.8929214,0.6944989,34.011616,2.531681,20.892697536695493,1.307460098295321,22.316355890014588,1.7738574140005392,135.96050035728038,3786.5551741837976
1988-07-15,442.9126382026984,483.0636385974285,82.2248571637125,8.143637,0.7228549,32.505707,2.284869,20.852850225705865,1.2411053754465207,22.274604013770873,1.7075022008154785,86.75663240393921,3699.798541779858
1988-07-16,417.07979282396076,485.54641995803735,81.65149319207772,8.125229,0.71906227,32.756622,2.3306496,21.375104334626144,1.2969984366721479,22.82182008386118,1.7634018325937595,57.518130235512714,3642.2804115443455
1988-07-17,342.9422044236665,393.480889217995,81.2802677828557,8.066791,0.6998504,33.55167,2.48413,21.68370880531466,1.3667314670486015,23.145174793336995,1.8331388921353498,41.49107723407543,3600.78933431027
1988-07-18,331.5547287281615,401.7067827921678,80.8719430021211,8.314542,0.7252673,34.850372,2.6788242,22.851815259394467,1.5037497384868315,24.36911274294966,1.9701734004403026,35.29373108175478,3565.4956032285154
1988-07-19,357.01478501947145,441.774958292884,80.34851699976673,8.043387,0.67640275,33.93238,2.3923962,22.361434201768322,1.3572253863609594,23.855293147052773,1.8236420419791757,24.930611730963403,3540.564991497552
1988-07-20,255.89310364502018,353.7245413085896,80.01952293410415,7.688385,0.55471337,30.989492,2.1503952,21.208619533185146,1.2692855451498455,22.647377878011124,1.7356868126447167,21.28725346931498,3519.277738028237
1988-07-21,255.2133537590028,323.918550787418,79.93825320287162,7.83422,0.56185055,30.248709,2.814856,20.371033513855497,1.5937482999618982,21.769758110102092,2.0601393400767254,18.017658041572595,3501.260079986664
1988-07-22,217.33254489693962,340.09552872784656,79.8506993865313,8.196747,0.64502007,29.528984,2.6718652,21.211876217037933,1.6494306111800723,22.65079022021966,2.115831920006186,15.270431013406562,3485.9896489732573
1988-07-23,226.88438580702638,433.7242096663666,79.50852453530038,8.071817,0.5889775,27.956505,1.8187164,21.127158179898903,1.2110953921881513,22.562022950499504,1.677495629785257,13.593785586661294,3472.395863386596
1988-07-24,257.39394197748464,305.289440495358,79.43959927524742,7.953518,0.57973266,31.192738,3.0647557,20.562186643394682,1.6838277912827069,21.970047705808966,2.1502210948431886,12.243841977484625,3460.1520214091115
1988-07-25,195.27185367198535,303.983700495358,79.37217082814428,8.066642,0.5841923,29.86085,2.6069036,21.336567023380017,1.6036374217955853,22.781440820870696,2.0700403222179795,10.93182367198534,3449.220197737126
1988-07-26,384.35491899533474,162.63482357939628,79.21936261904943,7.875991,0.56876653,36.976086,21.951803,16.528234986285526,6.539088459949508,17.743286948863897,7.005442860003437,10.131289611086428,3439.0889081260398
1988-07-27,385.23381347940455,64.45793049535806,79.18531806638214,8.192332,0.65753514,38.899414,38.342697,12.593825002641477,5.524757261591257,13.620825617109377,5.991091644398546,8.98339347940453,3430.105514646635
1988-07-28,271.9635642612859,64.63,79.13549256499712,8.237422,0.6244933,36.465492,26.111479,13.65754992578214,5.039043786826103,14.735392955414419,5.505381835369005,8.316544261285898,3421.7889703853493
1988-07-29,240.1835506887764,113.3322375843047,79.0694767049958,8.338991,0.6830915,35.450623,15.237505,17.030602550859935,4.906928818382562,18.269665965767352,5.373287048896701,7.733127560094886,3414.0558428252543
1988-07-30,211.0341298546572,299.33052166708103,78.99511257343426,8.279875,0.6634749,32.077576,4.542702,22.23730347196801,2.678396957772496,23.725229392687677,3.1448118834679515,7.1382390245688025,3406.9176038006854
1988-07-31,226.47205403464795,274.7533523809775,78.85905102758561,8.348901,0.6255283,32.707172,5.408827,21.701210343376925,2.978361098988301,23.163512845092622,3.444768755838955,6.6737635729961005,3400.2438402276894
1988-08-01,199.2032225552907,320.8353772057159,78.66857413941499,8.460194,0.7135971,30.162071,2.9484239,21.849065319983506,1.8394397410269363,23.318434784164044,2.30584936982037,6.225630857319648,3394.0182093703697
1988-08-02,234.68380754466142,345.7626105995686,78.41111883872344,8.496058,0.7207974,31.541382,3.329305,22.22378753963057,2.0045117094264633,23.711067444986412,2.4709264478232447,5.847271758628001,3388.170937611742
1988-08-03,257.63617777184203,361.6314765006063,78.12383560676017,8.492823,0.7325056,32.338474,3.551865,22.417880974213247,2.096437626281763,23.914437882266924,2.5628550743850598,5.529059389531927,3382.64187822221
1988-08-04,268.7623297222405,381.8168674441751,77.81304849556709,8.479915,0.73098624,31.883965,3.0736752,22.215461462708706,1.8290034429052096,23.702343410048954,2.295418066026315,5.2509147539751035,3377.390963468235
1988-08-05,281.97908830346836,399.5938355713437,77.41834776231423,8.360968,0.71494013,30.786186,2.4007373,21.508466301143873,1.4382519508642355,22.961556296503378,1.9046570746115068,5.043842634472355,3372.347120833763
1988-08-06,288.79965903868265,408.84877367521295,77.06984078597226,8.190836,0.6822268,29.775467,2.1801598,20.840258623183455,1.308497960898921,22.26141057569013,1.7748946317008911,4.862831385808376,3367.4842894479543
1988-08-07,281.8722430973439,421.1135379510009,76.67631982343022,8.365022,0.67519563,28.967546,2.0958562,20.70666832949982,1.2843503698709209,22.121435122623993,1.7507454119617243,4.592432191998989,3362.8918572559555
1988-08-08,295.92248691976613,429.6653129361578,76.24669066542529,8.474712,0.7437741,29.03323,1.9801251,20.648679241188056,1.2111558014565602,22.060674354116706,1.6775501429045954,4.361732092283042,3358.5301251636724
1988-08-09,307.2585203487803,432.4029274575984,75.7921938041457,8.624448,0.7695206,29.92139,2.1903152,21.07454969200114,1.3197474986988664,22.506899956713347,1.7861470752104194,4.132898574827317,3354.397226588845
1988-08-10,322.2284824903687,438.1295985174888,75.36982946882227,8.616663,0.7841042,30.909222,2.5294194,21.46196577000009,1.4948885885311403,22.91283319892504,1.9612931075128777,3.961165175522206,3350.436061413323
1988-08-11,331.0566880079685,439.6773485213464,74.90755381212155,8.647036,0.81123173,30.863686,2.4585886,21.320872883843567,1.4451776802041805,22.764996555112134,1.911580379323357,3.801957395206076,3346.634104018117
1988-08-12,323.04453219601504,454.7331457344927,74.62877737444774,8.713471,0.83795184,30.906765,2.4588199,21.688935335482057,1.4790965336905768,23.150651133780396,1.9455040279529157,3.637966429903207,3342.9961375882135
1988-08-13,286.4944002477063,481.6115930201091,74.26661186796466,8.803804,0.85793954,30.115461,2.0615819,22.166466770308418,1.3316566700887498,23.65100693883191,1.7980706164768656,3.4782283344896983,3339.5179092537237
1988-08-14,323.62318525412144,450.66539035301,73.75458906313972,8.82872,0.89531606,31.799929,2.7519484,22.19883687389486,1.6448702547724692,23.684924222718116,2.1112846479609537,3.3512752198675493,3336.166634033856
1988-08-15,342.6195858885723,461.0538294898213,73.21121804903014,8.751822,0.889331,30.695696,2.3252785,21.340651060233906,1.386805164167683,22.78572006072562,1.8532081170207568,3.2671409228572967,3332.8994931109987
1988-08-16,354.67483123263116,465.6466909738047,72.65374010849457,8.901851,0.928927,28.978123,1.9090385,20.297930622523836,1.1556794007948683,21.69316115045451,1.6220695863411896,3.1418869893369905,3329.757606121662
1988-08-17,357.8902495103102,463.53818728370095,72.09618723864878,8.9180155,0.9656267,28.922321,1.9965158,20.206594315855277,1.2026385971344267,21.59745928054474,1.6690277235507773,3.039291355795078,3326.7183147658666
1988-08-18,348.10884149679157,469.8636649720974,71.49981705150657,8.999866,0.92794544,27.16541,1.8027815,19.4346036240107,1.1083066758943732,20.788570072548154,1.5746872313726674,2.935418061375253,3323.782896704491
1988-08-19,354.0819240280482,479.3346399025916,70.95297459257324,9.145502,1.0066216,25.125298,1.630965,18.33618755566883,1.0309315118455036,19.637653470887035,1.497301046856383,2.824940903251896,3320.957955801239
1988-08-20,363.7150824675759,479.0497172900196,70.43155721952775,9.156194,1.0280511,24.069344,1.5822351,17.63322102930386,1.0028676457419474,18.90108754753268,1.469230851855968,2.7417162402541932,3318.216239560985
1988-08-21,369.3109373730957,481.7876767886654,69.95701707704472,9.208329,1.0689019,24.369736,1.6531053,17.790858535352992,1.0444252908571408,19.066259587514104,1.5107898670505757,2.6548171056720493,3315.561422455313
1988-08-22,374.0818664307878,485.0500833719456,69.47829844709082,9.0376625,1.0432657,23.235538,1.7144209,17.05352191828979,1.0692235144747955,18.293680800614414,1.5355819266288533,2.610325279776095,3312.9510971755367
1988-08-23,378.55614947127776,483.32667581242777,68.99641417847212,8.675997,0.95763814,20.895214,1.6904922,15.528289813262564,1.037115739360931,16.69554781471201,1.5034633740030512,2.591960414015263,3310.3591367615213
1988-08-24,268.38060430235333,335.30730362635063,68.76991603546969,9.431323,1.0191195,21.781612,1.4458,16.29106326625093,0.9220351767105327,17.494779231342612,1.3883878686663025,2.4047439956249836,3307.9543927658965
1988-08-25,223.74510164372214,341.4206665461404,68.4516083985847,9.92706,1.0298465,22.236427,1.5602323,17.363236526924382,1.0269480123104473,18.618198708835315,1.4933089379121525,2.265569083931572,3305.688823681965
1988-08-26,326.49282171233017,438.6450685611462,68.01624484365144,9.994887,1.1698349,24.802166,1.9364756,18.483736007630625,1.2172252804500656,19.792254234483455,1.683596215608976,2.1996508115433384,3303.4891728704215
1988-08-27,353.6383272471883,459.8476544763138,67.53027782527096,10.169409,1.2582386,26.61143,2.2748084,19.463760136946295,1.3974042511803804,20.81912016713552,1.8637851179834601,2.117561613585184,3301.3716112568363
1988-08-28,359.06624509051136,465.7460411447607,66.9800571042918,10.187394,1.070113,26.62355,2.1023564,19.468384306197414,1.2752688570116257,20.82396535586991,1.741649773279548,2.0672205825906738,3299.3043906742455
1988-08-29,203.49178658871705,442.981130495358,66.97706562930604,10.648107,1.0739763,23.323326,1.6553777,19.333517720437726,1.1836147169342253,20.682652608329267,1.6499942005734862,1.9515465887170367,3297.3528440855284
1988-08-30,124.71314724981254,746.323630495358,67.11500533574274,10.655196,1.2689893,18.45562,1.062179,17.338772160278708,0.9280576079497298,18.59256502909123,1.3944183310239628,1.9131472498125326,3295.439696835716
1988-08-31,126.82638631234057,492.0182977962969,66.89827430934314,10.650283,1.2874529,19.784906,1.1331699,17.912851375676873,0.9387788342132227,19.1940832685938,1.405144490191151,0.0,3293.5650365477327
1988-09-01,303.25448381862407,505.4063020620295,66.5971819800922,10.583737,1.2727706,22.659908,1.5314565,18.13124430701582,1.0695542946558323,19.422914635511862,1.5359219261793398,,
1988-09-02,333.62274872602995,491.9776512986582,66.14075003867546,10.519532,1.1929384,23.788418,1.7076304,18.426499277318047,1.125991817931765,19.73228178411591,1.5923622069923358,,
1988-09-03,322.3157300977884,465.5595961812649,65.666867183276,10.467729,1.1460408,23.959328,1.7729938,18.43998413721391,1.1477914794886774,19.746411174219105,1.6141619968716099,,
1988-09-04,497.5077720988,392.039790495358,65.4335804767045,10.422826,1.155615,26.56858,6.6773257,17.538553629205467,3.0129562192993573,18.8018953693139,3.4793186162846177,,
1988-09-05,454.9931420988,704.469780495358,65.24288899982284,10.374881,1.5082959,19.590359,1.7360567,15.974047092152903,1.2095134249116113,17.16261076778828,1.6758639341929884,,
1988-09-06,274.70104209880003,503.6586604953581,65.02996309278839,10.283452,1.4941307,17.167553,1.4002637,14.73799539422587,1.0483497412248435,15.867480023931687,1.5146928379353137,,
1988-09-07,304.6320664742864,469.7574752394184,64.92078417292059,10.272332,1.2083579,17.462204,1.3889884,14.633827067758338,0.967420472253641,15.758332807540619,1.4337630241025294,,
1988-09-08,297.0709885269674,519.332366494853,64.74214657447169,10.211448,1.0744768,17.715986,1.1228026,14.985251906318746,0.8142495714244854,16.1265545520985,1.280594011120539,,
1988-09-09,312.45557224361664,511.3935110420852,64.51330391249141,10.135206,1.0283171,18.668116,1.1755664,15.431897792118404,0.8273993520105114,16.594548584456803,1.2937463949141101,,
1988-09-10,305.2930621394362,530.0500364148725,64.30478461663637,10.264027,1.0862193,19.3607,1.1914226,16.03613677837267,0.8538848180091931,17.227668128766375,1.3202357457307436,,
1988-09-11,302.19456325240714,553.6722390400612,64.09000456831218,10.194588,1.1289774,19.62717,1.2270749,16.296657860718955,0.8882793305978143,17.500641228302047,1.3546320621047352,,
1988-09-12,314.21765921551054,549.0253207573476,63.65427529787495,10.100868,1.0768977,19.622791,1.3463178,16.15684201970025,0.9417215173286199,17.35414266801919,1.4080732711340591,,
1988-09-13,225.144439243364,383.0648408072095,63.32212097018351,10.091287,0.9655787,20.259235,1.4107137,16.495305451138233,0.9577023594683324,17.708783494500548,1.42405651851976,,
1988-09-14,196.05062097560096,392.8066265008885,62.97495681829764,10.126237,1.1309116,19.824923,1.3271389,16.59589999003733,0.9620309233772493,17.814186108493793,1.428385822545433,,
1988-09-15,275.9414183139475,488.9821893324794,62.49896228032959,9.828517,1.0327679,18.61438,1.3125014,15.44493465748787,0.9180233545936314,16.608208567426633,1.3843704769075096,,
1988-09-16,316.131209012981,541.840843147032,61.90603371277757,9.718446,0.9970348,16.82872,1.2523906,14.208844993208,0.8720851705272339,15.313038042555322,1.338425628067021,,
1988-09-17,304.03449206269875,552.9056717980898,61.33657534377488,9.189311,0.9556022,14.513834,1.0448198,12.62474219886287,0.7545827048623975,13.653220549625004,1.2209171759536463,,
1988-09-18,277.4784642785932,541.0670560901647,60.79564405266902,10.195489,1.0797689,14.883599,0.9101576,13.294378366469182,0.7042224608406081,14.35486303700617,1.1705591123510082,,
1988-09-19,283.9786827286951,547.303925807162,60.24404222371381,10.325052,1.0164052,17.974379,1.0569859,15.3612532887412,0.7777165426443923,16.52052751530432,1.2440631586179631,,
1988-09-20,293.7799658893966,553.1092502736929,59.68808957764108,10.300017,0.9936089,20.958235,1.373837,17.2609734530351,0.9611875722874983,18.511047809582955,1.4275476558566829,,
1988-09-21,259.8927513555617,490.43703702518656,59.20462423831744,10.434175,1.3299959,20.929522,1.4881244,17.29423390918441,1.076255984069637,18.54589800184102,1.5426163401926174,,
1988-09-22,245.0640341621317,479.1334227049538,58.70918750048087,10.46765,1.313046,18.790241,1.2541304,15.973926901165248,0.9412200470942728,17.162484832082267,1.4075705555699238,,
1988-09-23,252.7730794161336,475.7113764291937,58.20156137393003,10.478646,1.275458,18.978003,1.3155826,16.028854573758412,0.9663893176541876,17.22003785966453,1.4327401960706532,,
1988-09-24,253.32794568169007,481.3190056218033,57.6920101687388,10.517763,1.4114949,18.626587,1.2254971,15.830425212872232,0.9389169569435414,17.012124253624826,1.4052665152101294,,
1988-09-25,267.9513533821165,492.6995235726717,57.16256643210323,10.468045,1.3824979,17.662485,1.140207,15.128129397576313,0.884665605787339,16.27626109903591,1.3510108534044862,,
1988-09-26,280.6980580762024,499.1935264599289,56.61760394678533,10.543189,1.496627,17.152939,1.0831629,14.773962112756927,0.8779754941863716,15.905165828662453,1.344318781906134,,
1988-09-27,292.7416492170775,506.81054021699504,56.06110591523512,10.6845255,1.6784945,17.356285,1.0804772,14.913540348997154,0.9201809243674733,16.051415427470634,1.386524967360082,,
1988-09-28,298.3564097770959,508.4273305421124,55.49600238082834,10.854079,1.9836802,17.110632,1.1337463,14.796898402098785,1.0240222245315427,15.929198394231069,1.4903656348321632,,
1988-09-29,307.04736204399416,512.4692305402398,54.98016585070236,11.19975,1.9579561,15.584217,1.1474985,13.941493694284743,1.0261817368854558,15.032908265438229,1.4925209827675376,,
1988-09-30,311.454227503325,513.6789172194221,54.40050919513448,12.263547,1.6389598,14.903178,0.9775293,13.906824688600514,0.8677854005298273,14.99658219979236,1.3341244952769444,,
1988-10-01,306.12130758085186,515.1570818063348,53.81954970396006,13.023125,1.4264588,16.199795,0.93992484,15.015730498859694,0.7939164800536339,16.15848991717705,1.2602610901362423,,
1988-10-02,301.89198712017145,527.5169820255245,53.24150770928393,13.439389,1.2972385,17.836763,1.0455247,16.23618746514721,0.8155574309020783,17.43728055452968,1.2819097368092212,,
1988-10-03,292.4672816431184,513.821400050151,52.67240306888459,13.442306,1.425383,17.099619,1.0539966,15.772991716099394,0.8476283701430434,16.951945632032835,1.3139775547077144,,
1988-10-04,296.3798920033719,516.3723324186801,52.09559470372236,13.582923,1.4677739,14.997249,1.0651503,14.481497735837461,0.8628136666643872,15.598722654265696,1.3291554440845905,,
1988-10-05,291.1756083221787,516.1870623875059,51.53328494672373,13.827317,1.481282,13.097712,1.0357673,13.360844085687912,0.8508397159001235,14.42450559040186,1.3171766118103094,,
1988-10-06,301.73495370350645,530.8602221381982,50.96838703893978,13.980487,1.503422,11.598164,1.0441928,12.461524600514021,0.8602970149766059,13.482201708006528,1.3266310323494663,,
1988-10-07,305.9938210622444,534.8717481402267,50.3940102227396,14.217403,1.3773807,10.264853,0.99622023,11.703199143618383,0.8079610098033223,12.687630886477173,1.274293318801147,,
1988-10-08,311.5041022025638,538.558764447185,49.810081064424494,14.184697,1.4075857,9.3706665,0.9628752,11.13475990639313,0.798871298935238,12.092022196824878,1.2652027586446857,,
1988-10-09,312.6170862122475,539.4264071583233,49.223148040998296,14.329978,1.4028015,8.862744,0.9646447,10.868687301469675,0.7986733026002991,11.813232230909783,1.2650044917606502,,
1988-10-10,307.77303490408883,536.6280070015421,48.63848493535494,14.785031,1.1670592,8.861888,0.9175344,11.020795519415051,0.7217741197897699,11.972610701717016,1.1881054537038271,,
1988-10-11,302.3470307641932,524.849877039018,48.061741949814895,14.530969,1.2605486,10.238779,0.8705763,11.807608409853117,0.7193042492914655,12.797030558732706,1.1856367544599673,,
1988-10-12,313.8971341212092,534.5125572627694,47.4766738974213,14.301012,1.3486855,9.08663,0.9454205,11.01586245000764,0.7770250906867441,11.967441848454785,1.2433564194910431,,
1988-10-13,311.6072479689836,530.5164408978712,47.07145433782836,14.086114,1.3654044,7.213675,0.9828468,9.756652738048455,0.7991441412199949,10.648046216657017,1.265475076057854,,
1988-10-14,325.27385446333426,554.6475839274674,46.49479381552603,14.071885,1.3555709,6.0351634,1.111818,9.006037088130336,0.8615418836344522,9.86155370452405,1.3278734463842203,,
1988-10-15,316.1061549138925,538.9098025916717,45.90571513360584,14.283252,1.0920349,6.3676558,1.2253033,9.294114138954567,0.8714624600175254,10.163399853635545,1.3377937055801727,,
1988-10-16,314.7104470317812,531.2889742419102,45.312002556766615,14.377595,0.893326,8.139698,1.1613194,10.46018581925337,0.8014533741186641,11.385205774235999,1.267784305496931,,
1988-10-17,319.3666934585584,538.5818899684907,44.67055454350989,14.143052,0.904971,11.480413,0.88014036,12.471566196508764,0.6471107032640886,13.492723257964341,1.1134447476713307,,
1988-10-18,297.9954807801063,503.3951231313069,44.192948221362336,13.859059,0.9335463,11.737895,0.83385324,12.526645689577505,0.6283762563286058,13.55043536252194,1.094710451074269,,
1988-10-19,290.1708830653609,494.40320274251184,43.7120254535105,13.311177,1.1298169,9.682142,1.0085033,11.024323077223363,0.7605799442456268,11.976306864730212,1.2269112818306571,,
1988-10-20,300.37437797792245,507.2066064819194,43.08678435892372,13.176576,1.2229208,6.9056954,1.2428437,9.238107645209647,0.9034348043931453,10.104716440938239,1.3697661041886335,,
1988-10-21,310.4275375552913,512.8774653703972,42.521626588654335,12.937901,1.2659101,4.910393,1.5541748,7.937168633076711,1.079437173118316,8.741596991062892,1.5457707422057354,,
1988-10-22,274.03394839980274,358.8831048792881,42.24167709230011,12.209761,1.2663423,4.3444433,1.4643825,7.749887930769489,0.9950373651995913,8.545364911372438,1.4613714203620771,,
1988-10-23,171.2255318848649,460.64362431925167,41.970159566684,12.078757,1.0254539,5.4219155,1.0924313,7.225803660475854,0.8434883680101946,7.996231204451224,1.3098239966041167,,
1988-10-24,193.5329390030041,497.2560044118516,41.60401290027395,11.775525,0.9136428,5.9163938,1.0895108,7.557900787792903,0.8249853429756263,8.34420143923679,1.2913199380694655,,
1988-10-25,240.75636245649585,512.4608076122885,41.37698571421795,11.203258,0.90584177,5.7246194,1.2295986,7.475796937309866,0.8852616761324267,8.258173305358635,1.3515965149989118,,
1988-10-26,289.35862492969534,560.0786776632085,41.03889499687872,11.031184,0.9057644,5.038463,1.3202621,7.079868086051388,0.9235814914012072,7.843320408425073,1.3899176140476825,,
1988-10-27,308.2985854319362,564.6636715648473,40.518828785872685,10.8540745,0.9875301,3.9882092,1.4984118,6.412983653793314,1.0300653363295993,7.144561179935453,1.496404026641926,,
1988-10-28,290.7583891122144,523.0645705992783,40.07011400505833,11.010422,0.88243556,3.498055,1.3419198,6.182033891993046,0.9183017180732864,6.902572808983399,1.3846414161762723,,
1988-10-29,292.12596105711634,504.63460030110974,39.63983350161793,10.607142,0.9242735,3.8575163,1.2875234,6.332213361248036,0.8830731088873494,7.059930343505943,1.3494121447186438,,
1988-10-30,271.11394749764867,469.4634950863805,39.50596005805316,10.064626,0.9545861,2.8695889,1.2361964,5.503580573744857,0.8580324519756956,6.191691741299595,1.3243754634583365,,
1988-10-31,276.3238616936912,505.62412148421066,39.35021780132637,10.009462,0.9692202,1.8410012,1.42185,4.727562398017486,0.9811221820241876,5.378582549457884,1.447469628804686,,
1988-11-01,288.7463849593521,518.4171471276371,38.97987485816584,9.871924,0.95868105,1.4417869,1.2770404,4.457497624685503,0.8890164034109423,5.095609603130877,1.3553655552832087,,
1988-11-02,275.2894072439855,391.02162064416535,38.80742427705745,9.742999,0.8532898,1.8884671,1.0372341,5.1336024064829635,0.7034172402853758,5.804029882349678,1.169762280457249,,
1988-11-03,326.9891989381255,332.47876077378106,38.6801950913642,9.678853,0.89326113,2.523417,1.5635026,6.071353273995507,0.9041700837164637,6.786602035788343,1.3705102864171574,,
1988-11-04,316.26339957595764,356.12808926724733,38.52293524587898,10.250987,0.7832319,3.2520995,1.5755892,6.544068557389705,0.9122002992825838,7.281911493832425,1.3785384447213795,,
1988-11-05,240.2931216475796,322.2313183155062,38.6524360346997,10.5174,0.8195226,5.862408,1.458191,7.8508772653785766,0.9056892365439738,8.65118119096107,1.372023024611469,,
1988-11-06,127.88292403628284,29.08612012837612,40.28295007699321,10.045343,0.7290311,8.599666,1.3862021,9.777461555602535,0.6471055763369018,10.669849624558799,1.1134365029477813,,
1988-11-07,365.0975426491301,32.320486188206914,40.83843396756441,9.165316,0.7564097,7.500941,4.1677785,9.029958397760288,0.7731520866593031,9.886618370983408,1.2394836194567942,,
1988-11-08,518.3244152339928,32.323485819131264,41.13193028778432,8.707748,0.8188248,5.5397887,7.1012444,8.521786567190418,0.8762606162908013,9.354157664010799,1.3425929261100111,,
1988-11-09,474.907805858953,220.5260050614285,41.35456169096102,9.217093,0.7666245,3.5028372,2.345568,7.405070395210434,0.9095629440473763,8.184066276313441,1.3758979990878946,,
1988-11-10,407.0008758501833,329.96176509536093,41.51780328362861,9.411952,0.7249354,4.8378215,2.026768,7.363967356706329,0.9918420044387862,8.140998653072547,1.458177187738427,,
1988-11-11,373.0110137810457,393.1191756921513,41.56892030355376,8.438042,0.78134495,5.284717,1.4641749,6.819997670393365,0.8421242584045538,7.571029075221173,1.3084613211280027,,
1988-11-12,355.63805621199845,447.5493016828585,41.54664517500077,7.8815517,0.88709605,3.6689196,1.443725,5.534203304430669,0.895239080413326,6.22377813383362,1.3615819309984205,,
1988-11-13,282.6448308654259,387.2423780465997,41.67764907344021,8.214739,0.86043334,2.2026615,1.3059691,4.739331207205092,0.8376980899560005,5.390913867494996,1.3040454643291344,,
1988-11-14,181.8373994341503,262.6827092265792,42.05022085402908,8.534123,0.7651457,3.0286865,1.378452,5.280765357769565,0.8726394317262852,5.958226719656396,1.3389836462135953,,
1988-11-15,220.43321936923385,341.43176796927565,42.21464734557255,8.177058,0.7556271,3.5910287,1.3515518,5.390238956338882,0.8731698173291821,6.07293278202055,1.3395134336607195,,
1988-11-16,231.77045211339905,420.8417129330296,42.29020060268336,8.705985,0.7460506,3.8887782,1.5115395,5.599574102820132,1.01009608227368,6.292273432927203,1.4764385929768216,,
1988-11-17,254.13031084379023,269.5852093901692,42.53178141720388,8.322546,0.7898984,4.5118246,1.8603959,6.360957917527814,1.0315059368359323,7.090048791317544,1.4978448488486393,,
1988-11-18,297.934318706605,204.65952398300925,42.97983451365065,7.249501,0.79575676,3.1052074,1.6249733,5.5619174951845345,0.8126289640172323,6.252816968169299,1.2789716699113298,,
1988-11-19,274.79265526036966,281.249435852864,43.29383279656161,7.0294,0.80758053,1.7299798,1.3022835,4.348921284954864,0.7701762171071066,4.981843685510763,1.2365260779998024,,
1988-11-20,737.2445874072,1164.385630495358,44.34952091004016,7.847023,0.9552899,0.94871575,2.83399,3.6231261783927535,1.7743603424634782,4.221358053861439,2.240715289192368,,
1988-11-21,38.7789474072,5526.542160495358,46.51630853564296,6.664669,0.6773179,5.617112,0.7142775,5.624411496507045,0.7093161339111397,6.318297969129968,1.1756585167586298,,
1988-11-22,38.7789474072,2638.8849304953583,47.73792136057221,5.8046355,0.6799506,3.9548788,0.60453033,3.981667687876649,0.5958566823195255,4.597036621885827,1.062209041360735,,
1988-11-23,38.7789474072,1721.127630495358,48.38678266378612,5.686248,0.648603,3.3137245,0.54655564,3.3660022680908015,0.5347035063528095,3.951944499581171,1.0010603993296323,,
1988-11-24,38.7789474072,1314.192130495358,48.83975431182762,5.09665,0.65690494,2.7611308,0.5570942,2.8280716203585636,0.5414542046291853,3.3883026057112615,1.0078154139102917,,
1988-11-25,38.7789474072,965.605730495358,49.26570393197501,5.276445,0.6666755,2.0423968,0.6109696,2.167262271158679,0.5879440018472574,2.6959088284833794,1.0543109663258898,,
1988-11-26,38.7789474072,794.0766304953581,49.573527967673066,6.634305,0.6242226,2.050222,0.8131585,2.2636633874147147,0.7758412830756702,2.796917588565723,1.2422073768570108,,
1988-11-27,38.7789474072,696.4915304953581,49.66663737955991,7.673465,0.81153935,3.1605744,1.0871202,3.3985890748358196,1.0306734107786566,3.986088844296175,1.4970300529123688,,
1988-11-28,38.7789474072,914.370630495358,50.24829879529069,6.755545,0.7173091,4.4233613,0.8301768,4.518246339919957,0.7969355225909813,5.159261899294442,1.2632842836465838,,
1988-11-29,38.7789474072,817.3575304953581,50.62832021817071,5.648815,0.5894046,4.230173,0.7963829,4.294430909381284,0.7607790837617857,4.924748856250797,1.2271293055660764,,
1988-11-30,38.7789474072,666.3776304953581,50.79331654678205,5.56122,0.6052955,3.735506,0.8688924,3.8359082573675507,0.8217834807944258,4.444310388852082,1.2881368740849382,,
1988-12-01,38.7789474072,586.3673304953579,50.83704888058812,5.1126695,0.60077316,3.1531167,0.81709135,3.274671283613142,0.7673112199539327,3.8562482062448318,1.2336688224395786,,
1988-12-02,38.7789474072,546.781660495358,50.83987958467225,4.5533905,0.6261604,2.5603566,0.74716514,2.6923459536901695,0.6989151236683047,3.2460897161310998,1.1652774742786574,,
1988-12-03,38.7789474072,517.343460495358,50.7892991210616,5.0169706,0.64461386,1.7290599,0.7208157,1.9583290924436134,0.672057423450157,2.476989358028076,1.1384263114933169,,
1988-12-04,38.7789474072,484.734930495358,50.73090016660824,4.2061067,0.69827056,1.1189942,0.7091721,1.3476700657851186,0.6586746719516337,1.8371429173287608,1.1250494682425598,,
1988-12-05,38.7789474072,455.8038804953581,50.7992634113664,4.2367373,0.6307049,0.06477451,0.58876896,0.39188721201995647,0.544853947971457,0.8356769103338637,1.0112388476238694,,
1988-12-06,38.7789474072,442.9648604953581,50.75063747398934,5.113526,0.623308,0.31580025,0.69362164,0.7020029290052864,0.6397576999897904,1.160615098513546,1.1061392070061569,,
1988-12-07,38.7789474072,427.274490495358,50.69963358872369,5.5595207,0.625171,0.71008015,0.7636135,1.113587954488327,0.7020054214761481,1.5918724812816503,1.1683825956118288,,
1988-12-08,38.7789474072,430.0656304953581,50.79195184153142,4.7500663,0.6336256,1.168828,0.6884209,1.4650384330806336,0.6336514282573964,1.9601210913773088,1.1000250558843014,,
1988-12-09,38.7789474072,420.7723604953581,50.85131450963014,4.0439034,0.6311004,0.8963901,0.6348566,1.1619910035187269,0.5837190214687032,1.6425890305981574,1.0500956987798966,,
1988-12-10,109.36288860566953,431.80388706416215,50.685140588729936,3.5001774,0.6529541,0.15201026,0.63549095,0.8286320436781148,0.5239542631424621,1.2932966520077616,0.9903344164662128,,
1988-12-11,169.5290753644107,471.5373825848083,50.42619935526872,2.6739178,0.73700994,-0.7943224,0.70615816,0.12284859745792433,0.554778443805647,0.5537791696582627,1.0211663757925757,,
1988-12-12,197.25438395315453,509.3974782994272,50.01460875798032,2.2148983,0.7254986,-1.2306957,0.42247397,-0.2688946277974713,0.3657321150912406,0.1433119573428837,0.8321246103991926,,
1988-12-13,179.58011334697338,491.9532370621341,49.707580879469866,2.4795165,0.6871692,-1.2689749,0.44333592,-0.26656078151472384,0.37316249315552247,0.1457573535000921,0.8395549607575251,,
1988-12-14,175.67727236318024,476.1704557169744,49.57180978783131,2.995399,0.6821988,-1.371174,0.58044404,-0.19435369149832382,0.46215621206245794,0.22141569559168675,0.9285478255444006,,
1988-12-15,181.43660560370145,466.23743652220287,49.42738356407526,3.111237,0.7139839,-1.4252845,0.65905654,-0.15444297277828237,0.5148689128380596,0.2632340102385793,0.9812600567838762,,
1988-12-16,206.46420794512383,473.5527923687752,49.21417363367354,2.4480238,0.6771703,-1.1650736,0.52106684,-0.06807856010081752,0.4170617486043979,0.35372634662005115,0.8834518827365008,,
1988-12-17,212.3964658851828,477.1815299905725,49.00097637041878,2.3709388,0.65782547,-1.2668582,0.5295253,-0.14638275451255484,0.4187144821022837,0.27167947938493076,0.8851055314433935,,
1988-12-18,231.68065711348208,483.8753458944445,48.741893032984144,2.5216944,0.63907504,-1.3882493,0.60002625,-0.12229899346886368,0.45546599996981685,0.29691436188029174,0.9218567670766271,,
1988-12-19,220.8622329884868,465.0264518705607,48.54126767607968,2.8091269,0.66085356,-1.4677466,0.71897537,-0.0905554683586685,0.5318837696569756,0.33017511898094204,0.9982741657788461,,
1988-12-20,226.2630191734496,466.20799043255465,48.36898492573968,4.218223,0.6962066,-2.057969,1.42738,-0.007240364278673679,0.987545279168383,0.4174724002375248,1.4539347070710424,,
1988-12-21,226.7466101812993,456.1288680238831,48.23291175689363,4.235972,0.692637,-1.5940171,1.395821,0.3418120075033132,0.9602906344803006,0.7832082822148483,1.4266760922620634,,
1988-12-22,214.3084333059022,465.0617539662349,48.14338965544532,3.4289927,0.67952734,-0.86140335,0.933652,0.49200909749557864,0.6741190048773932,0.9405842796856767,1.1405027971861283,,
1988-12-23,227.5745881461118,466.4323635576819,47.99882483052439,3.1198783,0.6911563,-1.2331936,0.92507744,0.19423954575665953,0.6617520681129009,0.6285823612479291,1.1281391873857625,,
1988-12-24,107.7616653187024,438.8241746863931,47.77421217516798,3.3068829,0.63825136,-0.7019377,0.8991738,0.08841791931384059,0.7327829353515489,0.517702822794277,1.1991712613800047,,
1988-12-25,38.7789474072,510.642870495358,47.758337247279904,3.48416,0.5949339,0.3116293,0.7262455,0.5355508711906297,0.6762910042977129,0.9862072013232437,1.1426743186124926,,
1988-12-26,44.198564378232845,464.35731705926673,47.66763621536359,2.8267722,0.6242901,0.28002122,0.6616844,0.5013592126064582,0.6066087776260772,0.9503812983370867,1.07299246710812,,
1988-12-27,120.30725178145408,506.3444580440155,47.439349606223416,2.8066387,0.6394152,-0.6968535,0.70663106,-0.024238226835829574,0.5840163295391474,0.39966209795442326,1.050405954332484,,
1988-12-28,115.11702618491672,453.5455030912928,47.36870789575342,3.1855125,0.6724066,-0.9623214,0.9079235,-0.1226558976647191,0.7368107187336324,0.2965403988838904,1.2032014900181132,,
1988-12-29,72.27119934328157,395.5557119731968,47.456113799538,2.8717074,0.6252145,-0.38597953,0.7436775,0.11727698946492174,0.6361668019607857,0.5479412578487837,1.1025547976200012,,
1988-12-30,107.485824467925,406.77315061521927,47.410336427330265,2.4702816,0.6704244,-0.72710717,0.7073749,-0.05881748335759042,0.5768052717043022,0.36343007117419734,1.0431952980577677,,
1988-12-31,118.65774863351112,402.2066528399414,47.32426250949496,2.5277185,0.64185965,-0.93594515,0.72105,-0.1468903912372744,0.5756681133331828,0.27114757936003897,1.0420591686303544,,
1989-01-01,186.6711643464516,373.6189076517814,47.17228860413315,2.9491587,0.7246478,-1.1994585,0.60648996,0.18273126829223688,0.47100870849483195,0.6165240274597855,0.9373959583838731,,
1989-01-02,223.925930785922,380.6686998280839,46.97629960322332,3.9271588,0.8032413,-1.8730723,0.91521025,0.2751805988607868,0.6485051905798793,0.713392120007285,1.114891395469144,,
1989-01-03,208.9563065806717,347.95498540288,46.78186517306086,3.098034,0.8769833,-1.5850803,0.9453614,0.17205099450816583,0.6761274159775086,0.6053332730975254,1.142514787220564,,
1989-01-04,271.7701319896837,333.4363641013759,46.3960813980493,1.3536947,0.7684051,-1.5549914,0.6177546,-0.24883554062239702,0.48466574042464405,0.1643298003163673,0.9510579978070361,,
1989-01-05,310.2747611163344,340.1326651675412,45.94165292175597,1.1297857,0.7802923,-1.4872831,0.47109246,-0.23881891131616043,0.44637706609048705,0.17482519026330762,0.9127692048354963,,
1989-01-06,284.8237408399869,326.87936004212725,45.53309411137316,1.3311169,0.7428887,-1.5084156,0.4755726,-0.18626065501826122,0.4292271395811365,0.2298955515508351,0.8956186577040333,,
1989-01-07,258.9012397776655,343.6489211723612,45.170683473469246,2.0139885,0.71399856,-1.7163535,0.62959355,-0.11351573211565244,0.4722836395019965,0.3061174331021096,0.9386743038439982,,
1989-01-08,115.53290703154728,382.548157744096,44.99718458347141,2.6928742,0.77030283,-0.9633881,0.5195386,-0.1152959979824234,0.4372058793411261,0.30425207661244136,0.9035965645052433,,
1989-01-09,102.03942248072944,358.2430638618091,44.85589884347444,2.023882,0.7722054,-0.7664356,0.48099348,-0.14785377767543656,0.41164687505849434,0.27013814634330446,0.8780379416598132,,
1989-01-10,146.44747000670637,382.8463884304661,44.6485085606081,1.8398865,0.7668712,-0.9306922,0.4320269,-0.1641156699105558,0.3777195185489042,0.2530989912478442,0.8441107761235326,,
1989-01-11,163.5343308164764,394.118183674106,44.39526759768975,1.8054264,0.7668016,-0.9907216,0.43925178,-0.17073750588876263,0.3833251403111493,0.246160654145493,0.8497164757366586,,
1989-01-12,116.06496816947424,404.5997510950176,44.20256031569826,1.8773652,0.84839106,-0.742895,0.37678707,-0.15879470238464843,0.3485620028811315,0.25867428283267235,0.8149531979351157,,
1989-01-13,35.5473683952,488.366660495358,44.15502961654301,1.9805062,0.8030075,-0.2214657,0.31078067,-0.07206274832147873,0.2947732666959342,0.34955172782170846,0.7611634472254245,,
1989-01-14,35.5473683952,427.4682804953581,44.03916934580991,1.8857069,0.74631983,-0.24325359,0.3116053,-0.07980567276637121,0.2933327420255604,0.34143871805621323,0.7597230127762604,,
1989-01-15,35.5473683952,409.5154904953581,43.96562703745926,2.6415763,0.81725365,-0.5135869,0.3580983,-0.2615825938274674,0.33590014082533215,0.15097348154171608,0.8022925493502432,,
1989-01-16,35.5473683952,476.63119049535806,43.88799429023712,2.2869577,0.8116838,-0.3050691,0.50598204,-0.12517141261400644,0.474222691811122,0.29390465091888485,0.9406134925445886,,
1989-01-17,35.5473683952,432.09017049535805,43.79980692441521,2.3005886,0.8418604,-0.3314184,0.4647211,-0.1313469406199839,0.4341378314545173,0.2874339537842081,0.9005287045152102,,
1989-01-18,35.5473683952,415.193230495358,43.67356798074585,2.667109,0.8905273,-0.40045297,0.5173702,-0.1585316619714105,0.4817152414828505,0.25894989567850446,0.9481064334469853,,
1989-01-19,32.315789505999994,431.796630495358,43.59499399492418,2.7483387,0.8934232,-0.08034992,0.59804535,0.116609482764907,0.5598706935890603,0.5472418466102658,1.0262586968789174,,
1989-01-20,32.315789505999994,445.235110495358,43.51690605925925,2.0436816,0.8392274,0.03292507,0.596437,0.16899262880933735,0.558968573254517,0.602128727972793,1.0253559792721028,,
1989-01-21,49.88713072672156,371.0828614707867,43.38095718187988,1.203337,0.70374215,-0.22379702,0.343732,-0.05467423398753028,0.31426556744689116,0.36777135370115693,0.7806555456137632,,
1989-01-22,32.315789505999994,459.881380495358,43.26896113754201,1.5472397,0.7524196,-0.26486135,0.27039513,-0.14588570248165628,0.25742658172381516,0.27220028880381897,0.7238176252333381,,
1989-01-23,32.315789505999994,416.789310495358,43.18093985809442,2.6435575,0.7493276,-0.42746603,0.33377635,-0.20648757864543898,0.31441683820650024,0.2087018501165577,0.7808085948005363,,
1989-01-24,123.11447042310076,408.82037491198815,42.97831689534788,3.296237,0.855258,-1.2283119,0.94212866,-0.1811207879393175,0.7506458695113399,0.2352810867063957,1.217037327110829,,
1989-01-25,154.4711770197314,393.1161838458038,42.74290149101656,2.3815732,0.79081464,-1.3094295,1.1122243,-0.26821934453674234,0.8290504930462665,0.1440195168351352,1.2954429803370417,,
1989-01-26,142.976080386382,392.37236728625874,42.52933232141184,2.1727626,0.82601714,-1.109502,0.7166052,-0.23290405619583507,0.5696695898045228,0.1810227552394638,1.0360616585476061,,
1989-01-27,32.315789505999994,462.315090495358,42.532057969863935,2.1816807,0.7658685,-0.1477502,0.3922278,0.0044388394317796545,0.3700012461031566,0.42970982996197715,0.8363905389140203,,
1989-01-28,41.66393581483769,459.3779977627636,42.45975360127441,2.7564278,0.76083237,-0.16799027,0.44820657,0.07518851083081027,0.41577780252991936,0.5038410938082285,0.8821662803226505,,
1989-01-29,80.96130348054459,459.4839481043072,42.3414052852808,3.5639439,0.8831385,-0.09435946,0.90099424,0.45367201189075235,0.7773615607971571,0.9004148124377109,1.2437457757582433,,
1989-01-30,49.109759506,485.526030495358,42.31539553143405,3.9003158,0.99786544,0.8028299,1.1910224,1.087354054377399,1.0854961672401253,1.5643846904215213,1.5518736117684444,,
1989-01-31,32.315789505999994,512.679870495358,42.33745049023097,3.3296318,0.85480845,1.3081088,0.73582834,1.4279760211690509,0.6940503098981433,1.9212872228678695,1.1604243048624094,,
1989-02-01,49.82433015890231,427.2491122013462,42.36918788816957,4.361163,0.9694584,1.5260111,0.806807,1.8221071361904555,0.7296053749606464,2.33425645791748,1.1959755440274769,,
1989-02-02,74.94089973365834,418.6826936735824,42.43043797497822,3.2680483,0.8983863,1.8128752,1.4914839,2.033796488148362,1.2723811984203564,2.5560638372751248,1.7387493859063987,,
1989-02-03,47.02533840824081,408.60056956242806,42.44976665488044,1.667696,0.75252867,0.866617,0.8235709,0.9492967163010729,0.7426424456691062,1.4197286835105483,1.2090213261209724,,
1989-02-04,41.55946232273884,414.8469054230924,42.389885727766455,1.230512,0.7723916,-0.047381103,0.3424215,0.06898132083631556,0.3190889927789064,0.4973372213502144,0.7854775418478506,,
1989-02-05,75.45593206017764,402.7981170601228,42.32604430904041,1.3463175,0.76340693,-0.3821342,0.30147713,-0.10942989803074193,0.28103099100579565,0.3103985560895537,0.7474216075732949,,
1989-02-06,117.63447476857792,408.2980371235388,42.17311576181584,1.7912328,0.74768835,-0.8011998,0.38979286,-0.2213545807656883,0.3457444230636372,0.19312425611526485,0.8121363552347365,,
1989-02-07,220.13933322710903,410.6199124810006,41.88867700721558,1.715668,0.75117904,-1.555245,0.6488909,-0.4136738118785825,0.4971649491525256,-0.008387176834422083,0.9635591753632732,,
1989-02-08,258.2446342136532,395.4952865216092,41.62704940736601,1.502643,0.7588834,-1.7103714,0.65799236,-0.4411453527785735,0.49832275141383303,-0.03717176348266793,0.9647173087647709,,
1989-02-09,280.9714705123349,392.0283597132777,41.32608297701311,1.1794828,0.7763841,-1.4585739,0.46706706,-0.35720859900672286,0.4231843435435027,0.050776880196038154,0.889577891835571,,
1989-02-10,294.2443347538627,366.34347208701297,40.94361773178928,1.2167823,0.7734638,-1.5590798,0.44795156,-0.3226329414008018,0.4247456920595569,0.08700513604454946,0.8911388270373786,,
1989-02-11,283.8381172162213,348.4027034450013,40.5813390357166,1.5279284,0.75690454,-1.742164,0.5706525,-0.2740891453095696,0.4629845383853787,0.1378691596502769,0.9293770953817179,,
1989-02-12,155.71321725575507,294.83263110979004,40.35155784422504,1.8141578,0.7479536,-1.0459013,0.45512432,-0.057435835627862065,0.3943658096932678,0.36487775694248026,0.8607558199757877,,
1989-02-13,160.85915350206096,290.5146780765799,40.10689493251791,1.7414029,0.7520407,-1.2507261,0.4693543,-0.18440081124952515,0.40383910691277075,0.2318442894941589,0.8702306031319869,,
1989-02-14,190.355878789456,271.0182424439678,39.91532460061421,2.428668,0.84233016,-1.8254231,0.76484346,-0.07025043008618227,0.5680070900893176,0.3514506686735521,1.0343972495114224,,
1989-02-15,165.90293342179913,311.69790398074656,40.03492714121469,2.4364944,0.9188434,-1.6915792,1.052426,-0.257621278038568,0.7573856447394096,0.1551241346842443,1.2237780062748833,,
1989-02-16,25.8526316048,332.14515049535805,40.42409724530442,1.8197436,0.7498276,-0.5407413,0.42124957,-0.3702800783746554,0.39456246988610305,0.03708062879693541,0.8609561747894794,,
1989-02-17,31.37251367677903,382.387280971468,40.40505452917335,1.2769321,0.7687775,-0.27336955,0.2703431,-0.15582100924067085,0.2565546770545277,0.2617901083438706,0.7229458371821227,,
1989-02-18,66.02035395880684,393.77847434790624,40.31443393880068,1.3618591,0.7636987,-0.3908881,0.2522741,-0.13921936072292637,0.24228610599369588,0.2791852589108668,0.7086770713186838,,
1989-02-19,85.30515459636686,375.14568751553566,40.24625576709947,1.8613452,0.7469977,-0.60812426,0.3108456,-0.1506194541758861,0.2886026139532411,0.26724027996012556,0.7549937130122463,,
1989-02-20,181.2340116339202,356.1074882340162,40.10074525134264,2.7900083,0.79282874,-1.6832553,0.73936665,-0.17451736812266289,0.5582106096949606,0.24220012741762498,1.0246019895816194,,
1989-02-21,25.8526316048,22.448430495358053,41.37274940585982,3.6717095,0.9905244,-1.1277602,1.5807438,1.4411051263122552,0.905987862531068,1.9350438543573183,1.372361727188943,,
1989-02-22,25.8526316048,759.6568,42.88134379784342,2.9832692,0.7902673,0.14153624,0.7417774,0.23506315332904723,0.7178354297049506,0.6713571977137556,1.1842220868610203,,
1989-02-23,25.8526316048,774.485530495358,43.41362466136358,2.1644669,0.7547751,0.3251478,0.3697924,0.3845617404369895,0.35867691507042454,0.8280013062501027,0.8250618961922127,,
1989-02-24,25.8526316048,666.620430495358,43.61403059176434,1.2614143,0.7034155,0.031048834,0.29505575,0.07698301803755937,0.28525162066072196,0.5057213723252442,0.7516400778556103,,
1989-02-25,25.8526316048,592.629890495358,43.73253971965727,1.3185217,0.6889197,-0.15259188,0.2714815,-0.09109918682585463,0.2617226287162468,0.32960541262963305,0.7281130311828292,,
1989-02-26,25.8526316048,544.8925304953581,43.79418352884592,1.5354676,0.7548037,-0.15473026,0.27403092,-0.07817058687397135,0.2638429482548759,0.34315195546500826,0.7302331999477079,,
1989-02-27,25.8526316048,510.8652104953581,43.82803000261137,2.2664814,0.75505275,-0.14901233,0.28342617,-0.03266279572249553,0.27221461218202586,0.39083486347292273,0.738604334681779,,
1989-02-28,25.8526316048,505.150270495358,43.833394282019455,3.0955863,0.78949374,-0.2462244,0.3370987,-0.0835235957904368,0.32298191872394877,0.33754309102068136,0.7893722328205612,,
1989-03-01,25.8526316048,470.4866304953581,43.816484256307376,2.5603108,0.7758662,-0.2297377,0.36175087,-0.08441351744365341,0.3452816057004148,0.336610634154486,0.8116719301746442,,
1989-03-02,25.8526316048,442.393380495358,43.7887233834441,1.988817,0.76122147,-0.1621018,0.29969794,-0.04334604554605949,0.2862532648794754,0.37964099082665503,0.7526431113980596,,
1989-03-03,25.8526316048,440.2132604953581,43.72784234414791,2.5643277,0.7678697,-0.3294872,0.34310007,-0.16896756052074177,0.3268554913383724,0.2480151968518497,0.7932468059502713,,
1989-03-04,25.8526316048,408.5303304953581,43.67651180641911,2.6290631,0.76828235,-0.34085906,0.56176203,-0.16410188306679171,0.5303033118035712,0.2531134370556123,0.9966945692161642,,
1989-03-05,25.8526316048,386.808260495358,43.796211070153205,4.2080655,0.87375516,-0.3910458,0.89330393,-0.10291787395483423,0.8391270314631478,0.3172218326560491,1.3055175719268441,,
1989-03-06,25.8526316048,405.7862304953581,44.03729261897568,2.4369245,0.7823053,-0.31798518,0.78313136,-0.15298227729877206,0.7377158892914784,0.26476452196887246,1.2041070160872525,,
1989-03-07,25.8526316048,443.733890495358,44.09038521255159,1.4580175,0.76310515,-0.11788434,0.30292147,-0.031124588787437017,0.2893110418091523,0.3924465914413797,0.7557007464630423,,
1989-03-08,25.8526316048,439.6981304953581,44.02811448673501,2.0400422,0.7851681,-0.269835,0.28782734,-0.14156455075726226,0.2753183563871406,0.27672797680952077,0.7417093492113147,,
1989-03-09,25.8526316048,433.966630495358,43.9619573136875,2.991623,0.829016,-0.25054908,0.40709522,-0.06826293798397087,0.387023861329996,0.3535331561043473,0.853413997608849,,
1989-03-10,25.8526316048,394.705690495358,43.89073111242684,3.3977594,0.8524111,-0.17869002,0.6585422,0.04116208348511258,0.620277457506328,0.46818831954892953,1.0866663265604617,,
1989-03-11,25.8526316048,373.9649704953581,43.80476595609824,3.4059415,0.8443934,-0.16598886,1.0220677,0.06497595479809706,0.9575375897947361,0.49314041250702795,1.4239261848800702,,
1989-03-12,25.8526316048,368.254230495358,43.71406843822315,2.917049,0.8200269,-0.31236923,0.90847296,-0.10052577585042846,0.8505815759639856,0.3197282648728671,1.3169720884842238,,
1989-03-13,25.8526316048,300.17627049535804,43.58360865702518,2.8761144,0.83189726,-0.44047642,0.6657147,-0.17748562371464197,0.6164660191609374,0.23908999935482345,1.0828574339735613,,
1989-03-14,25.8526316048,286.575030495358,43.52418747143849,4.427605,0.9337087,0.021056771,1.4556922,0.3856879667785012,1.3374706764241036,0.8291813623609265,1.8038556450167056,,
1989-03-15,61.31539460057087,195.3049432976002,43.725403283766354,6.8616266,1.2977536,1.6409333,6.10856,2.8883358601298657,4.659344953380462,3.451447270140634,5.125705662647561,,
1989-03-16,25.8526316048,342.65373049535805,43.89648311176378,5.504504,1.0628599,2.9265413,0.8975239,3.1073987880622544,0.8378824009630754,3.680980657199033,1.3042413276466385,,
1989-03-17,25.8526316048,380.6366004953581,43.91362522698983,5.936958,1.0679543,3.9863238,0.86334664,4.1103837550696,0.8112861984040649,4.731904877096738,1.2776376643304255,,
1989-03-18,25.8526316048,303.679480495358,44.03788943865684,6.1243114,1.152758,4.5404606,1.8913146,4.664717711460402,1.7452808694660624,5.312734101707186,2.2116287055785833,,
1989-03-19,25.8526316048,462.938790495358,44.16752943958996,3.4882684,0.82401973,4.232676,0.84724134,4.193303618054941,0.803612684000071,4.818788026085406,1.2699635846097488,,
1989-03-20,25.8526316048,448.5718704953581,44.14083629565276,3.3356347,0.85039604,3.1904235,0.73333687,3.1983364276692767,0.6949222314822108,3.7762648051245007,1.1612804342967995,,
1989-03-21,25.8526316048,495.107430495358,44.11274404054553,3.2859173,0.8555584,2.7889667,0.74312514,2.813627819616991,0.7075225868524267,3.3731684406679046,1.1738839165911217,,
1989-03-22,25.8526316048,501.6178904953581,44.03546235044711,2.9931016,0.8348916,2.9346619,0.6960076,2.937526140656001,0.6631582450869165,3.5029886779273562,1.1295185492994617,,
1989-03-23,25.8526316048,454.700600495358,43.96383627374234,4.0226755,0.9095191,3.5528636,0.88518274,3.578138371996133,0.8389900056611999,4.174219984102184,1.3053452874593012,,
1989-03-24,25.8526316048,791.923345495358,44.25666000224614,3.3604646,0.90849024,2.9188604,1.2413348,2.932821018089862,1.2024350830522625,3.498058666586213,1.6687954258891922,,
1989-03-25,25.8526316048,2965.528880495358,44.96995465530583,4.814788,0.9296766,3.8640904,0.9398375,3.872306723369207,0.931749746729815,4.482448577106686,1.398102879475576,,
1989-03-26,25.8526316048,1964.491630495358,45.49973300742507,7.693443,1.3729893,4.7639623,0.9019021,4.802013365297339,0.8903658868617268,5.456592018475813,1.3567128782527114,,
1989-03-27,25.8526316048,1543.150930495358,45.93818084752759,9.154698,1.4508735,6.307615,0.94334215,6.35452648944695,0.9281065516879898,7.083309962959153,1.3944454913223243,,
1989-03-28,25.8526316048,1079.887430495358,46.42242262702405,10.235477,1.6730864,7.699362,1.152055,7.758657168801992,1.1257993432198776,8.554553289006755,1.592133374727144,,
1989-03-29,25.8526316048,845.791330495358,47.258262107669935,9.996503,1.6555625,8.253782,0.8489655,8.305470709043316,0.8252476817813195,9.127502647283036,1.2915804119837067,,
1989-03-30,25.8526316048,327.870630495358,48.5810407732688,6.8560038,1.1285261,8.769585,2.008323,8.629726446785025,1.8633666617020317,9.467256700876009,2.329698781769415,,
1989-03-31,25.8526316048,181.9787204953581,50.49149289759285,6.4266725,1.0978998,9.801574,5.4079165,9.381761828962546,4.737182115845363,10.255236803617265,5.203513283736628,,
1989-04-01,25.8526316048,667.641330495358,52.179277792189296,4.821823,0.91400546,6.115735,0.9753309,6.067499553226978,0.9395897219655226,6.782564120340363,1.405929942487903,,
1989-04-02,32.315789505999994,804.515680495358,53.22468571533447,5.912687,1.055711,5.3759103,0.7815881,5.396638897616508,0.7525107449669438,6.079638618614141,1.2188543267537368,,
1989-04-03,32.315789505999994,863.618160495358,54.11025794634483,5.9778104,1.0934997,5.8966947,1.0468584,5.899620454681979,1.0098694109033948,6.606660974750903,1.476210424276175,,
1989-04-04,32.315789505999994,664.7495704953581,55.17229590358298,8.327833,1.2146866,7.257831,1.2862475,7.307436146534596,1.2279093135950585,8.081765444296881,1.6942446764527288,,
1989-04-05,32.315789505999994,644.779130495358,56.24164911682949,9.069728,1.3725814,8.544045,1.0750949,8.569134756874409,1.0258774792722893,9.403768935309996,1.4922097042155416,,
1989-04-06,32.315789505999994,834.602480495358,57.373366802385306,7.5400324,1.0394263,8.77648,0.78632075,8.730389134248396,0.7580002975393929,9.572730720701946,1.2243322526565388,,
1989-04-07,32.315789505999994,518.820250495358,58.66506620162972,6.564372,0.91366655,8.5126505,0.8859444,8.398413439459514,0.83571605978297,9.224887722504297,1.3020486028050509,,
1989-04-08,32.315789505999994,610.9383304953581,59.57158566357007,6.0739174,0.947047,7.470202,0.83911264,7.40005544822726,0.7983762292651306,8.178811632007209,1.2647112998509384,,
1989-04-09,32.315789505999994,701.004530495358,60.28292832300258,5.414443,0.95377445,6.91216,0.89764434,6.8461588791580015,0.8591159280087571,7.59844070033714,1.3254528925979947,,
1989-04-10,32.315789505999994,616.644330495358,61.00007949404157,4.8300743,0.8961727,6.300717,0.8299191,6.2274843713817205,0.7898538988745246,6.95019566592216,1.2561933938248444,,
1989-04-11,32.315789505999994,509.145080495358,61.4019815056162,4.898851,0.91078573,5.7669063,0.9291851,5.7150984664243545,0.8754182080001378,6.413319466211426,1.3417601300085749,,
1989-04-12,32.315789505999994,507.519590495358,61.68681434268716,5.7839375,1.023841,5.8104706,1.1041107,5.808882246956232,1.0398239219055334,6.511585790868912,1.5061653772312165,,
1989-04-13,32.315789505999994,479.684730495358,61.92162675671703,5.9159584,1.0129298,6.435406,1.13862,6.402620370482678,1.068668144039674,7.13370256710768,1.535006878266773,,
1989-04-14,32.315789505999994,452.860530495358,62.10580776515686,6.2946167,1.0324926,6.908959,1.1000808,6.868039862859178,1.029108941499789,7.621367520262833,1.4954458246116673,,
1989-04-15,32.315789505999994,532.915160495358,62.26086381833616,6.0556273,1.0562505,6.9974084,1.1964097,6.943564208337181,1.129623009045952,7.700501671287624,1.5959596151377227,,
1989-04-16,32.315789505999994,794.109500495358,62.67811910453636,6.220866,0.9488022,6.8722606,0.8449175,6.846789032431765,0.8127258655125029,7.599100972783319,1.2790628277476055,,
1989-04-17,32.315789505999994,570.7280904953581,63.34915036337484,8.163528,1.1533765,8.285285,1.0133903,8.27876033126252,0.961074416640985,9.099515604749175,1.4274072024639732,,
1989-04-18,35.5473683952,478.709800495358,63.85304010380206,9.064306,1.3062952,10.193764,1.0368822,10.115691431083246,0.9694234370939783,11.024245731906497,1.4357542994310915,,
1989-04-19,35.5473683952,393.055960495358,64.30626739142468,8.230117,1.1865431,11.486104,0.8729419,11.216059969582608,0.8065680650880139,12.17720812512445,1.2728996236162606,,
1989-04-20,35.5473683952,336.27340049535803,64.499294222042,8.016315,1.0769323,10.986568,1.1827282,10.702601857014201,1.0745988631681245,11.639208469944027,1.5409299244961243,,
1989-04-21,35.5473683952,303.291190495358,64.57687011917965,8.233448,1.0635493,10.995652,1.4917494,10.705870865925155,1.3399044571296146,11.642633726306375,1.8062355206693126,,
1989-04-22,35.5473683952,284.120890495358,64.66263257563347,6.1676893,0.93832076,9.978875,1.1512265,9.555068219130288,1.0285155981227214,10.436826646816767,1.4948466382974814,,
1989-04-23,35.5473683952,293.481010495358,64.73934359630888,5.9620543,0.97294945,8.638889,1.363846,8.349691030407193,1.2210324915450779,9.173836548848499,1.6873651314586267,,
1989-04-24,35.5473683952,282.646630495358,64.82044745786652,7.15736,1.0851803,8.966217,1.8215526,8.764138733122696,1.622591275238731,9.608093435035205,2.0889231776466013,,
1989-04-25,50.75991243494588,277.6159574176686,64.85984226827055,7.267746,1.0862061,9.459762,2.0416417,9.120922707948772,1.734194819102505,9.981930464252962,2.200526243978544,,
1989-04-26,46.40176512407861,288.6670448329322,64.87615886152285,8.777232,1.2239845,10.271764,2.1316495,10.064794654721371,1.8442554154617177,10.97091626361645,2.310586279107237,,
1989-04-27,72.6141330601001,292.74550733778847,64.84047936429857,8.872798,1.2376024,11.818828,1.5424472,11.233313066721836,1.2601295103171282,12.195285861330172,1.726461090788618,,
1989-04-28,101.05553344216868,287.6455793057952,64.81970358457343,9.258178,1.2716497,12.894131,1.4304262,11.948846135083265,1.1089672603919147,12.945018964431844,1.5753000507679902,,
1989-04-29,124.26963175593504,282.5128465161029,64.69988410447696,8.927379,1.1324096,13.19322,1.7854341,11.89003089449384,1.287347739464645,12.883392556392087,1.7536804083001927,,
1989-04-30,147.25114092651603,264.67001588507475,64.59155547164218,10.821858,1.4893827,15.266924,2.5675874,13.677928157777039,1.7335262555875939,14.756745197239171,2.1998643869903214,,
1989-05-01,168.8623674072,389.766590495358,64.89294313579992,8.747227,1.3286507,15.308145,1.6545508,13.32491024978254,1.2222814852887038,14.386854239973886,1.6886182484398782,,
1989-05-02,1101.0465420988,639.489130495358,66.23012707509707,8.722863,1.2108603,21.300936,21.604713,13.3441650204509,7.9746463863178,14.407029322861051,8.440983220422847,,
1989-05-03,54.9368420988,977.133270495358,67.44912658388219,8.133565,1.0343746,8.97203,0.98266566,8.927398411125148,0.9319864101317517,9.779156367570884,1.3983180759587108,,
1989-05-04,54.9368420988,727.3273304953581,68.47283089935488,9.680421,1.2950181,11.526102,0.91132843,11.39648358205596,0.8521944797637776,12.366255369526764,1.3185262845988985,,
1989-05-05,259.8189820988,975.549780495358,69.39823855861022,8.508705,1.3190552,12.191898,0.8871454,11.417260408809282,0.7534926291470971,12.388025257576865,1.2198244647365453,,
1989-05-06,2082.0139420988,7872.672330495358,73.9099453819199,10.226022,1.3443952,10.842053,0.9703846,10.713210932358448,0.8173186185250416,11.650324622824419,1.2836496870753082,,
1989-05-07,796.9823262964001,8449.578100495357,77.63353174107324,8.097403,1.0727826,9.819005,0.9148424,9.670616135550151,0.8410881312345698,10.557897358660707,1.3074191053450406,,
1989-05-08,544.4291462964,6094.504450495359,80.02021475644395,7.6681466,0.7404881,9.454662,0.8940066,9.30815818793619,0.8229365912328739,10.17811516015131,1.2892678237588486,,
1989-05-09,352.8230262964,4979.359530495358,81.80753831517931,8.3926325,0.7188841,9.68545,0.89876664,9.599905708505517,0.8406433833367071,10.483807214914842,1.306974396062561,,
1989-05-10,904.2464662964,5744.581230495358,83.65841468040418,7.7806053,0.8520931,9.785069,0.9337949,9.51246056273914,0.8150781489667273,10.39218249009711,1.2814092173560818,,
1989-05-11,325.0196162964,7772.735930495358,87.00955120119905,7.987748,0.71851677,9.969608,0.90499073,9.890062385140991,0.8691457087549931,10.787832388842512,1.3354765994389224,,
1989-05-12,458.2010562964,6075.227230495359,89.13815444499612,8.528112,0.6850519,10.19044,0.92698365,10.073858147006753,0.8633105096153482,10.980412959851076,1.3296413728110366,,
1989-05-13,283.7257462964,4898.180330495358,90.53926855925354,8.864562,0.6736691,10.252807,0.9250284,10.176795879538835,0.8751577986913026,11.088270764123155,1.3414886633714826,,
1989-05-14,241.8856362964,4027.8791304953584,91.49577847386853,9.070445,0.67344415,10.195099,0.9185372,10.131386326307222,0.8673408011231398,11.040690789471864,1.3336716636544934,,
1989-05-15,246.7582862964,3169.414730495358,92.22775641356183,9.979125,0.6923561,10.622562,0.97909033,10.576085398700053,0.9097439389583737,11.50664495739734,1.3760749240801347,,
1989-05-16,514.4929862964,2824.5304304953584,92.74696183496884,10.293537,0.95999956,11.316608,1.0160025,11.158968623239184,0.8720884862026173,12.117388007582816,1.338419974546925,,
1989-05-17,1207.8630262964,2950.119530495358,93.4391243779054,10.982257,0.9050332,12.606678,1.2809138,12.134795748150804,0.9460809791163036,13.139856333367058,1.412414179782167,,
1989-05-18,647.0807262964,2107.6549304953583,93.7538458181212,12.117259,1.2277423,13.46777,1.1990552,13.15053795813416,0.9616619875365061,14.204147548846572,1.4279981274334972,,
1989-05-19,459.3312762964,1671.619830495358,93.91486875258984,12.734312,1.7180374,14.386702,1.2100573,14.030525326384609,1.018907872066247,15.12619530521306,1.4852475123680353,,
1989-05-20,381.6521062964,1454.560830495358,93.97613749688088,12.270468,2.0567162,15.247597,1.215715,14.628808187316002,1.0536470627279186,15.753074041769324,1.5199895886384822,,
1989-05-21,321.2573862964,1209.355530495358,93.98149450658464,11.545943,2.2460213,15.733093,1.1587801,14.854260442026701,1.0298015956555568,15.989302143585215,1.4961453151562,,
1989-05-22,228.7417102964,1009.323730495358,93.93181842328949,10.9236,2.4289808,15.299166,1.0826273,14.490747761995571,0.9901444652947569,15.60841480005453,1.456486288984431,,
1989-05-23,235.4502862964,882.826670495358,93.8220072362659,10.739696,2.6019852,14.993921,1.0550493,14.0982051871938,0.9969309931812971,15.1971100320169,1.4632709393773884,,
1989-05-24,480.7081962964,1124.538930495358,93.79958644111149,11.409236,2.5903683,15.476648,1.1115938,14.258618761021864,1.0991489492577637,15.365190826327575,1.5654896414027493,,
1989-05-25,304.6344662964,922.923780495358,93.74869261542209,11.084416,2.6836965,16.414679,1.1252565,15.09190502707398,1.0766987793258893,16.23830532745038,1.5430438198979195,,
1989-05-26,244.6988362964,812.466130495358,93.64564404211583,10.857707,2.6231074,18.328115,1.2417165,16.59896220027525,1.1310770918806354,17.81739468191344,1.5974320137603013,,
1989-05-27,264.8885962964,851.454630495358,93.50890970385724,10.575234,2.9379687,19.08435,1.1672511,17.065287107395044,1.1307482439709005,18.30600832554161,1.59710674959943,,
1989-05-28,190.8392162964,718.3733604953579,93.2638442475213,9.962649,2.8014574,17.376972,1.0620172,15.82074255674002,1.0246245467273087,17.001978799628,1.4909740417274777,,
1989-05-29,161.2064062964,598.406330495358,92.95051769400668,9.691018,2.7249906,17.595997,1.126581,15.918387787279348,1.059284042383468,17.104291138403585,1.5256341803084439,,
1989-05-30,149.3995892964,529.1063304953581,92.84434315688748,9.042878,2.5012255,18.821531,1.2346648,16.668378727617657,1.1091938342482432,17.89012908197429,1.5755492738460408,,
1989-05-31,131.8686792964,547.9143304953581,92.79581537851637,8.956313,2.5903008,18.868923,1.3338019,16.946011350133375,1.1866964937788238,18.181031594806615,1.6530540590932956,,
1989-06-01,188.13556180476238,465.02006049535805,92.8815242962616,8.947915,2.3951375,22.565346,1.9377545,18.642968178853707,1.5424850585049708,19.959097159183052,2.008857532612758,2.8168548047623796,4857.183145195238
1989-06-02,327.606375775734,494.6515904953581,92.94266567446992,8.733639,2.4178224,25.750793,2.0098743,18.970769907404176,1.5459257534249116,20.30256668982408,2.0123014869522433,2.9388557757339777,4854.244289419504
1989-06-03,214.03686828121397,441.800490495358,92.93328026263748,8.792468,1.7482051,23.967827,1.434211,19.015247940587862,1.122030984495227,20.349170620953398,1.5884071697462685,3.0186682812139733,4851.22562113829
1989-06-04,219.85484171550087,427.360670495358,92.922771699147,8.331053,1.4900419,23.90826,1.4664538,18.616785652676196,1.0926197034482275,19.931663197754744,1.5589919225151465,3.2041617155008724,4848.021459422789
1989-06-05,190.80824726201166,422.064310495358,93.01484924165416,7.8393483,1.2738179,22.278152,1.3629333,17.782857518317353,1.018949618113322,19.05787614921427,1.4853141240827412,3.406087262011667,4844.615372160777
1989-06-06,473.9392849724975,301.142380495358,93.1975904883703,7.4470625,1.5563264,28.76884,4.9283233,15.731210291176858,2.138245615431962,16.90816719782166,2.6045945305082805,3.592744972497485,4841.022627188279
1989-06-07,464.24591453966116,515.6285304953581,93.3295027901282,7.867736,2.2372901,22.994825,1.83284,15.827897462311462,1.4331021906858923,17.009475685227933,1.899451732425831,3.6501145396611534,4837.372512648618
1989-06-08,556.4690012446888,552.0468304953581,93.31751678598076,9.621667,3.0929494,23.275537,1.725111,16.421367700336393,1.7744805179128686,17.631311771953936,2.240834140351708,3.4008412446887957,4833.971671403929
1989-06-09,574.423475292678,469.921710495358,93.3146187638171,11.433131,3.779816,24.724045,2.181077,17.413614423531172,2.2990215862550145,18.670984496691684,2.7653829310643476,3.0569152926780534,4830.91475611125
1989-06-10,723.871355176496,1067.958480495358,93.55602156162163,13.031579,3.3686984,21.699678,1.8251652,18.197901222641875,1.742245844611333,19.492757523849573,2.208614089965718,2.7114551764959236,4828.203300934754
1989-06-11,442.6554050045461,774.554430495358,93.62606782714565,12.720145,3.6776133,20.056557,1.4974984,17.388567914077846,1.6421698976294394,18.644740849703698,2.1085310336574574,2.875665004546098,4825.327635930208
1989-06-12,315.8909035016458,608.1060604953581,93.67498618816389,11.52003,3.577964,20.945793,1.452721,17.723366079684656,1.5525232827723519,18.995541223176236,2.0188872688879558,3.3081935016458166,4822.019442428562
1989-06-13,300.2245068165356,723.4254004953581,93.84731115603444,10.993516,3.1389308,19.434134,1.311461,16.958599436923418,1.306342213351647,18.194221349115,1.7726998771367732,3.5750368165355795,4818.4444056120265
1989-06-14,351.62556605844094,891.0805304953581,94.1216040948206,11.485855,3.0643032,17.154612,1.1678461,15.550628382317585,1.2054114820884478,16.718954091007287,1.6717592553808847,3.5441760584409385,4814.900229553586
1989-06-15,439.8495153650539,1158.303630495358,94.68934737559088,11.920189,2.689889,15.814191,1.1414634,14.742469496867486,1.110184636531089,15.872167973385618,1.576527756921707,3.5222653650539018,4811.377964188532
1989-06-16,863.4018613103954,2758.766530495358,95.40555972967752,13.170436,2.3538377,16.762667,1.2540964,15.906400946310029,1.1077636575030694,17.091731367410897,1.574113715916043,3.2401613103953606,4808.137802878136
1989-06-17,649.3269475813178,3298.972930495358,96.27269639416608,13.729928,2.3031452,17.510931,1.2283963,16.889117269471164,1.0940369576375015,18.121418171571435,1.5603940801568292,3.1575475813178273,4804.9802552968185
1989-06-18,200.52977461594762,2310.7824304953583,96.9401599340204,13.5370655,3.1207733,16.49301,1.1218913,16.256975674230937,1.0619592390204784,17.459062368946668,1.5283116907664784,3.3221446159476304,4801.658110680871
1989-06-19,153.7716229852483,1665.686730495358,97.54691324279943,12.496165,3.4660733,16.375044,1.1635092,16.04722023099149,1.1047213996935896,17.239281332533487,1.5710724025734502,3.811281985248327,4797.846828695622
1989-06-20,156.4450327153604,1240.2826304953578,97.80959699389916,11.830647,3.1060624,17.23598,1.1834517,16.630537301467584,1.106986231646641,17.850478965008687,1.5733413883345968,4.211082715360413,4793.635745980262
1989-06-21,384.1006324737128,2063.511630495358,98.0070420966795,12.113273,3.2831898,17.92428,1.2195089,17.012366261915133,1.1500069183204369,18.250558044548622,1.6163650047380005,4.273902473712779,4789.361843506549
1989-06-22,541.5214005256106,2579.015930495358,98.16472709961968,12.609245,3.4764304,18.797926,1.2860488,17.72397532558356,1.222150117241542,18.996179588946507,1.6885141086604059,4.247100525610551,4785.114742980939
1989-06-23,390.4512626207133,2929.926230495358,98.46856288365464,12.612099,3.3264463,18.39015,1.2525653,17.710694960023677,1.172449814513981,18.98226446730952,1.6388136904284003,4.420662620713276,4780.694080360226
1989-06-24,415.17856566898354,5034.740330495358,99.6571052028865,12.703335,3.3335235,18.327267,1.2345735,17.89883169842561,1.1684532508938443,19.1793934986938,1.6348187819151314,4.566570977383572,4776.127509382842
1989-06-25,732.8959571789703,3966.426580847317,99.6856484587564,13.114492,3.827318,18.755238,1.3319476,17.875519430195343,1.2728551454636092,19.154966983731125,1.7392204692014834,4.5728284635680145,4771.554680919274
1989-06-26,638.6680846580333,2692.831657139144,99.50476594000156,12.908837,4.0313225,18.640142,1.3481268,17.541417557472414,1.3359162856547047,18.80489618356216,1.8022787069678268,4.873080943426603,4766.681599975847
1989-06-27,482.2618995955368,1960.640679322283,99.35788597460962,11.974575,3.996646,18.579939,1.3509535,17.275951024564456,1.3409404796275932,18.526741257833148,1.8073006857743596,5.575695891936821,4761.105904083911
1989-06-28,543.4204821867208,1693.712224177815,99.15750215946332,11.842685,3.9718015,19.373907,1.2945184,17.54450266200077,1.3752629677631336,18.80812874554107,1.8416254152934104,5.9390484831208035,4755.16685560079
1989-06-29,575.6377436185783,1424.1323531552846,98.95823584600922,11.461772,3.7022681,18.636223,1.1417519,16.571043087111242,1.3404674951561852,17.78814113057691,1.806822210365098,6.478369914978326,4748.688485685811
1989-06-30,477.83594724714504,1061.252344235328,98.71434588442816,10.214591,3.016657,18.229319,1.1166075,15.741011110836675,1.2124238902786788,16.918436463158788,1.6787728683906231,7.585003543545054,4741.103482142266
1989-07-01,424.8920039312946,841.7576304953581,98.59395932999782,9.354583,2.0171335,19.046143,1.1849649,15.79515181545689,1.0382458443928517,16.975164908389107,1.5045951726994322,8.619503227694633,4732.483978914572
1989-07-02,400.9662066770016,759.350730495358,98.42571360810196,9.060377,1.516635,22.04874,1.3139015,17.56040225893486,1.0069957822162516,18.824788288858556,1.4733583650335644,9.49726697340164,4722.98671194117
1989-07-03,406.6405404718114,705.1500604953579,98.15183066570276,8.769338,1.2649614,25.044617,1.4508266,19.091887595848263,1.029948277559047,20.42947338975569,1.4963252464776726,10.489105768211408,4712.4976061729585
1989-07-04,415.5777540080358,565.4570504953581,97.98298824908872,8.326372,1.1964135,26.799812,1.5784358,18.974248188559276,1.0414329941651446,20.306211220928486,1.5078087629367425,11.780382304435802,4700.7172238685225
1989-07-05,915.7154075030139,726.677630495358,98.16928264234356,9.686347,2.8011563,30.483498,2.434619,18.888056816575656,1.8972409923388949,20.215900195994514,2.3636158918378998,11.920733799413918,4688.796490069109
1989-07-06,713.3961336913457,876.3050904953581,98.2490418236554,10.140328,3.3024096,25.29305,2.0724947,18.4930978055675,1.871222063540984,19.80206349436001,2.3375930883777207,12.761599987745623,4676.034890081363
1989-07-07,629.1088470102928,839.767030495358,98.24532164586924,10.086396,2.3211508,24.833473,1.9571489,18.517407469239036,1.4967538512162817,19.827535076856613,1.9631251093863036,14.180673306692846,4661.85421677467
1989-07-08,571.5730999291635,1303.0002304953582,98.29846801834766,9.232359,1.7523148,22.43197,1.5153894,18.407298510083997,1.181094913066488,19.71216328584261,1.6474651197707588,16.793666225563424,4645.060550549107
1989-07-09,523.8149598725407,855.7580304953581,98.15075944685438,8.967911,1.4317154,24.46109,1.633323,18.578429901629015,1.1497869210100289,19.891474172920084,1.616158767873434,19.422680168940694,4625.637870380166
1989-07-10,495.98132466844174,683.320410495358,97.8543806836266,8.75512,1.2228342,26.86892,1.849986,19.250762117202267,1.1889221046241667,20.595941570145033,1.6553007194830922,22.70017096484176,4602.937699415324
1989-07-11,421.1235345240633,589.9751604953581,97.5856005953837,8.5629,1.1172646,28.39766,1.7795745,20.136463676057975,1.1378823057116692,21.523976635894726,1.6042706253711272,26.92841732046334,4576.00928209486
1989-07-12,461.78570951540075,599.9807304953581,97.25616814115143,8.015842,1.0929646,28.00103,1.7545758,19.309029867481662,1.0995356606600504,20.656994319709444,1.565914886406528,33.41260281180077,4542.5966792830595
1989-07-13,488.78011967627407,587.785680495358,96.91277248479943,8.11282,1.1061227,26.492764,1.684358,18.14794042341282,1.0478179674965324,19.44040876919982,1.5141857522944764,41.16871997267406,4501.427959310386
1989-07-14,482.8694031494662,432.807880495358,96.69558855769958,8.016103,1.0455554,27.636917,1.7963082,17.290159505565416,1.0123652305183837,18.54162885565669,1.4787255531855488,52.6746334458662,4448.75332586452
1989-07-15,262.32773655091523,399.7396704953581,96.38432520012908,8.20237,1.0164841,24.712002,1.4620496,18.1704708676329,0.9702877394085494,19.46401609163715,1.4366557315467987,68.57367185931521,4380.179654005205
1989-07-16,296.0881724613969,424.8588803838826,96.1873714421389,7.7923307,0.9394955,24.924301,1.6379163,17.88831454063432,1.0394972405971095,19.16837365671119,1.5058626780270732,94.68731493990207,4285.492339065303
1989-07-17,349.19290955388664,408.9064804953581,96.00253584727724,7.861537,0.98427814,25.870346,1.8376986,17.575195689105996,1.0899884806509816,18.84028879442306,1.556351189602757,128.80640486228663,4156.685934203017
1989-07-18,348.19113148705634,364.427130495358,95.80186819601226,8.125726,0.96569246,27.907791,1.8538575,18.242111629749427,1.058976877860083,19.53908103729115,1.5253455331421488,159.23425679545633,3997.45167740756
1989-07-19,341.2191734347545,383.7358042043659,95.55721269010834,8.138937,0.9422316,30.262093,2.1734958,19.849246140069738,1.2330005574868894,21.22303108349028,1.6993856317776976,153.6727648699541,3843.7789125376057
1989-07-20,556.4476729314173,532.1009048965294,95.3576211061133,7.731195,0.92143065,32.560726,3.3308825,19.86828860844275,1.6949535552951551,21.2429837167581,2.1613388418338544,110.38493969814915,3733.3939728394566
1989-07-21,247.56005261321812,629.7085804953581,95.2772618820782,8.287629,1.119149,22.774857,1.1654125,18.686646124330803,0.8941698135313361,20.004862761148367,1.3605427148453604,68.13929792161812,3665.2546749178387
1989-07-22,296.00122180923336,560.410330495358,95.0868005054736,8.303786,0.99884135,25.70335,1.5066801,19.68954499089798,1.0446218933472855,21.05569676529918,1.5110052039238373,47.30004711763335,3617.9546278002053
1989-07-23,398.75160421970156,674.013630495358,94.86386549953552,8.392406,0.97798973,28.753809,1.6799289,21.185385192528084,1.1163387374545122,22.623033015293274,1.5827397104294418,35.09115952810155,3582.863468272104
1989-07-24,280.2201971480935,552.861350495358,94.59687232238127,8.514501,0.94753885,28.867743,1.6575534,22.02160667133262,1.1452520210754722,23.49922302230454,1.6116639826529653,27.451242456493514,3555.4122258156103
1989-07-25,247.23886047603207,497.9628804953581,94.30177233085786,8.413096,0.956737,29.028297,1.72514,22.18870148323592,1.1956855307191938,23.674304395031783,1.6620997838813767,22.707065784432068,3532.7051600311784
1989-07-26,226.8775156466276,457.8323397416259,93.98701929316154,8.355026,0.94657654,28.57412,1.7017946,21.874555328223057,1.1803423978238083,23.345143127664212,1.6467523691033068,19.275719001697905,3513.4294410294806
1989-07-27,253.81676823498745,500.0127616663834,93.60218891888177,8.307253,0.8958302,28.76918,1.7055023,21.87958512804604,1.1707759031396339,23.35041333472522,1.6371859420877248,16.66034929947146,3496.769091730009
1989-07-28,304.23271798828193,578.01099276178,93.31333383133196,8.01947,0.8667369,27.825043,1.6392612,20.995293662598765,1.114792743053923,22.423855760028722,1.5811913295974358,14.891590944747245,3481.877500785262
1989-07-29,323.82258495173903,658.3769449508447,92.98477811892394,8.209551,0.93296015,25.075188,1.3811911,19.514734895826845,0.9755828542418916,20.872531345242063,1.4419642676738857,13.10514269480825,3468.7723580904535
1989-07-30,366.6550721904099,666.8719949019526,92.53339588508533,8.253071,0.94906396,24.602707,1.4110112,18.802494038812153,0.9707011872129574,20.126247809935638,1.4370752321809512,11.729513469172952,3457.0428446212804
1989-07-31,395.84772369880255,679.3290228532719,92.06564970654296,8.088643,0.8852804,24.311272,1.3834664,18.338587993173327,0.9329045638244193,19.640168641098764,1.3992741214148319,10.716824391397488,3446.326020229883
1989-08-01,302.63828452008926,614.2206899041428,91.64166093245242,8.040665,0.8663523,22.976368,1.3343065,18.046366997055312,0.9385053181673809,19.333980480273812,1.4048721754256617,9.791261734092158,3436.534758495791
1989-08-02,336.5888405664375,634.9551588730972,91.15206299327322,8.032531,0.8612328,23.584381,1.3672854,18.196483828123068,0.9420903173186563,19.491272382717888,1.408458549567654,8.98422448083353,3427.550534014957
1989-08-03,301.9233727019258,608.4052903968682,90.78735074961912,8.440451,0.9328284,25.194567,1.5001683,19.63782724123629,1.0492659056016065,21.001507083991946,1.5156486512664809,8.08029763280495,3419.470236382152
1989-08-04,317.8545582715305,580.8768186479224,90.42320195802344,8.315672,0.91405565,27.214056,1.68559,20.530259629814903,1.13639823588609,21.936594690117108,1.602791158492447,7.544723098304072,3411.925513283848
1989-08-05,454.6137970451305,580.7807424386447,90.02931167315147,8.418157,0.9267494,30.903378,2.4245765,21.030723906651954,1.4195790439094969,22.460979448635424,1.8859780721160673,6.9857234986343535,3404.9397897852136
1989-08-06,388.9926521467656,668.4731628805889,89.7103191669893,8.482858,0.9097072,28.632137,1.828839,21.22015140088579,1.2035515780561072,22.65946092956814,1.6699529919588256,6.516835640703384,3398.42295414451
1989-08-07,334.33548460266286,513.5888484149702,89.43185496176143,8.012987,0.7656824,27.189661,1.9205115,19.62832293468539,1.2017958530408257,20.99154850407676,1.6681784952230547,6.330370188123209,3392.092583956387
1989-08-08,421.56778804550555,622.2266970667583,88.95273662131684,8.0835905,0.9165349,23.344545,1.4239309,17.180949872895628,0.9260369185846126,18.42719937585974,1.3923963515816271,5.9531757882527305,3386.139408168134
1989-08-09,460.02938394671065,683.2480789764638,88.46457757307545,8.153735,0.91392666,22.454239,1.3892238,16.70003474191508,0.9080303628998464,17.923298145544457,1.374386040422112,5.600351646956513,3380.539056521178
1989-08-10,421.929362008466,619.9533911592256,87.9974245383035,8.452215,0.9419307,22.800892,1.2845587,16.990134399439185,0.8542490995520026,18.227263575042144,1.320607010815839,5.2170747536919,3375.321981767486
1989-08-11,411.3934042307547,633.0135896718082,87.51357805921349,7.823952,0.7755437,20.666744,1.2707889,15.607950136004572,0.8285932423311839,16.7790156285759,1.2949413740175655,5.128412989614217,3370.1935687778714
1989-08-12,264.53815667905076,497.6534979485144,87.18460057570788,8.197606,0.8129943,19.387802,1.1693175,15.503957667567077,0.8139506125199304,16.67005267562756,1.2802980967874336,4.77706801934329,3365.416500758528
1989-08-13,289.02416339487434,887.9354239442587,86.92861538453678,8.661384,0.89129514,18.960125,1.1188354,16.431078830585392,0.8720005073155669,17.641487061033,1.3383541998775212,4.442176969170815,3360.974323789357
1989-08-14,126.98355882148365,655.6346814953581,86.75087937014685,8.922745,0.994964,20.335384,1.2016518,18.48362891576033,1.0195405018715045,19.792142023987836,1.4859114360051484,4.183558821483659,3356.7907649678737
1989-08-15,126.81056364458476,532.389195995358,86.49172539125888,8.912302,0.98542935,21.775024,1.348004,19.30061653800475,1.10506878235357,20.64817886184306,1.5714479196536801,4.010563644584767,3352.780201323289
1989-08-16,223.96545123356097,516.9444042764287,86.2889712039054,8.852503,0.9516403,22.971514,1.597835,18.70355776224377,1.1513503219372028,20.02258271754403,1.617723389246797,3.87135066936445,3348.9088506539247
1989-08-17,294.30570326200035,614.2164948387831,86.00678766536919,8.708753,0.9985074,22.977915,1.4650171,18.355577768173006,1.0419197752468716,19.657970469266786,1.5082894928386676,3.7584286152449415,3345.1504220386796
1989-08-18,239.17290965265292,496.52837726590894,85.77444592361738,8.582189,0.94429505,22.568289,1.4767028,18.0214756626994,1.0428419743476545,19.30789942522246,1.509208606105162,3.64712899311142,3341.503293045568
1989-08-19,224.79734954047262,464.5601446980928,85.48407332512991,8.414038,0.82402736,21.07125,1.428857,16.943772783795925,0.9997021353770617,18.17868603265039,1.4660596831992647,3.549480503677874,3337.9538125418903
1989-08-20,167.6254446076386,611.782953495358,85.31853666488655,8.952516,0.9587072,19.019663,1.1659229,16.854546290891168,0.938110045741144,18.085194818390296,1.404466901009554,3.3114746076386017,3334.642337934252
1989-08-21,142.4193827365718,523.0677921867539,85.09915121989404,9.074835,0.94217664,20.275723,1.2373216,17.87864624193142,0.9932075489956584,19.158243246379715,1.459572900499811,3.17650167547176,3331.46583625878
1989-08-22,235.84561714611323,556.3204959181815,84.7734720980141,9.0865965,1.0587518,22.61822,1.4168506,18.58955177918006,1.0437574147680406,19.90312763819983,1.5101293693847693,3.0702669446824324,3328.395569314098
1989-08-23,247.85894918829305,548.3533162368676,84.43422930083312,8.907062,0.949627,23.329905,1.6031059,18.84010847999735,1.1429540858451037,20.165660092830954,1.6093285054442152,3.007827433192651,3325.387741880905
1989-08-24,220.59560180771683,530.8482757872417,84.03387671252239,9.04867,1.0389689,21.783731,1.3715636,18.045197324475193,1.0157954443184265,19.33275490134269,1.4821622909643009,2.891197040222053,3322.4965448406833
1989-08-25,255.95885529508772,537.5056873192274,83.60189693670812,8.942294,1.0323714,21.17183,1.3298851,17.22677857851955,0.960469427636045,18.47521853695489,1.4268292323132026,2.8247638729939015,3319.6717809676893
1989-08-26,289.51132247865803,538.3452288350086,83.19250323033015,8.888495,0.9930577,20.988739,1.3541831,16.757139333451484,0.946614292708534,17.98313214135402,1.4129704023232945,2.7509888878982385,3316.920792079791
1989-08-27,298.32800748440746,526.2402967007856,82.64802560327574,8.8657875,0.9752108,20.945278,1.3735741,16.574930238732946,0.9449579093400299,17.79221407475857,1.4113126532701,2.6759441291080828,3314.244847950683
1989-08-28,296.64927062142516,532.3534005410202,82.17870103381185,8.979216,0.9963149,21.124329,1.3674908,16.77833669332549,0.947762242094193,18.005342662570452,1.4141185130517784,2.5833789985094,3311.6614689521734
1989-08-29,288.186936104578,530.1926557384172,81.77629896919771,8.785625,0.90265983,22.267399,1.5432528,17.519881910119953,1.0491195293781834,18.782331205882176,1.5154817679849868,2.5456332343588657,3309.1158357178147
1989-08-30,279.84502430118147,514.7894902603201,81.35824747635714,9.185615,0.98250645,22.925823,1.6249658,18.08695836710637,1.1081100900339902,19.37651197905865,1.5744773165458341,2.414674291450216,3306.7011614263643
1989-08-31,298.9281271039817,524.7189968529376,80.90002006275566,9.142343,1.0271884,23.024937,1.6027993,17.986495169320015,1.0870179414697803,19.27124698383437,1.5533842575221577,0.0,3304.3409367296986
1989-09-01,319.5907328996135,537.5863805519967,80.33823337242794,9.017479,0.92542124,22.06458,1.6569619,17.200086967616723,1.0949618095608045,18.447251158291618,1.5613213974714903,,
1989-09-02,306.2546850034049,546.9038750026391,79.85201331682636,9.237029,1.1210073,20.982744,1.4574177,16.766435010911607,1.0172316191930866,17.992872120421055,1.48358779949825,,
1989-09-03,322.295703572801,557.8067435688113,79.33892551859587,9.139037,1.0995423,20.645607,1.4372715,16.431872512302178,0.995962452767687,17.642318678022782,1.4623161510655063,,
1989-09-04,341.83194893147913,557.3387620995343,78.79793104601302,9.058683,1.0466759,19.797121,1.3526142,15.714758237185094,0.9280326450611829,16.89092879188762,1.3943814545703181,,
1989-09-05,345.9717578076365,555.7487262468718,78.21060040999916,9.111129,1.1087444,19.599318,1.3624012,15.575213451878163,0.9412877431912556,16.744714242853004,1.4076356697371881,,
1989-09-06,342.25604179468075,560.1148312244393,77.83666568240683,9.301425,1.0320848,19.434082,1.2471187,15.59091377431722,0.8674532315689191,16.76116498703578,1.3338012563460624,,
1989-09-07,354.77201791805777,545.6421999279717,77.44407482017799,9.370023,1.0728025,20.808872,1.4255043,16.301853540491607,0.9617136834247288,17.506085243807288,1.4280664516947186,,
1989-09-08,368.8662151267234,542.5103547396725,76.92226167494873,9.454598,1.0552499,22.007776,1.6055998,16.927062811756485,1.0468443195271782,18.16117738106765,1.5132017369578754,,
1989-09-09,379.14111556924,540.8842915584025,76.38926967690199,9.503917,1.0074501,23.096012,1.8981128,17.49472962534269,1.1906322757586059,18.755976727871346,1.6569943016473325,,
1989-09-10,382.2954956149128,543.368623921938,75.85515374519063,9.552615,0.9866961,24.336922,2.1535625,18.23106356100116,1.328206585389016,19.527504908622653,1.7945751380217145,,
1989-09-11,396.087829865492,549.3056306708013,75.29108478784559,9.665533,1.1675771,24.358103,2.1457825,18.202413867360317,1.3393034338080447,19.497485857559855,1.8056717209021436,,
1989-09-12,387.8379682731682,556.5507490743053,74.75147420521566,9.672169,1.1595315,22.436611,1.6975875,17.19455847771756,1.107978526518934,18.441458425473474,1.5743380696337965,,
1989-09-13,395.6521784644117,550.2880628805817,74.2034961971501,9.606322,1.078291,21.695133,1.6418297,16.638826090900732,1.0562431095532314,17.85916393024293,1.5225983280697193,,
1989-09-14,400.6006536907705,549.0285502906665,73.63668281738822,9.557153,1.0403539,21.062263,1.6536778,16.20883768407635,1.0519923727509415,17.40862354741418,1.518344487539604,,
1989-09-15,381.48301410494327,537.15648546064,73.05194747962406,9.713429,1.0833957,20.645512,1.698603,16.105750751472794,1.0903700497883213,17.300609411817224,1.5567214519010122,,
1989-09-16,323.83293491130485,555.8883190825275,72.5577427209368,9.599708,1.0114882,17.948513,1.3240097,14.875246183884402,0.9157431631581142,16.011290932167544,1.3820869967189364,,
1989-09-17,166.45704142326974,378.43930268817496,72.29993669044119,9.864276,1.1328773,18.31861,1.2151538,15.735946820452645,0.9121456916782626,16.91313011700581,1.3784946372046523,,
1989-09-18,208.18914553330853,496.88358127011736,71.93134840558521,9.679558,1.2017852,18.061457,1.0889908,15.586505800143721,0.845510284134072,16.756546326764692,1.3118582813036597,,
1989-09-19,267.4020420988,412.045350495358,71.72516394316091,9.18604,1.2021438,19.107079,1.4118861,15.202573188498995,0.978243718555753,16.354263048691326,1.4445893963772094,,
1989-09-20,400.4330420988,584.408930495358,71.90283193008634,9.85923,1.3391786,18.05657,1.4043194,14.723562434309196,0.9954506091625767,15.852357217867603,1.4617936296395584,,
1989-09-21,141.82726209880002,791.495430495358,72.09951309076523,10.309331,1.5372931,16.437069,0.987334,15.505900855385779,0.8692766573913648,16.67208874118154,1.335624153643047,,
1989-09-22,182.3245520988,658.8218304953581,72.12975174040663,10.496291,1.5006818,18.059206,1.0576735,16.41988960594444,0.8899893036398276,17.629763029702662,1.3563429154149498,,
1989-09-23,184.3254720988,367.1471904953581,72.26487314519056,10.066259,2.501377,20.061121,1.4622749,16.72041580161004,1.2832572260285156,17.94465335022367,1.7496130573398834,,
1989-09-24,54.9368420988,490.1206104953581,72.4786509187984,10.356317,2.3942466,14.916865,0.9526632,14.457203441346666,0.8899845051121869,15.573267175544132,1.3563261614761437,,
1989-09-25,79.4900620988,434.43241049535806,72.44710188111902,10.409503,1.9849702,13.632268,0.9354273,13.133792401339273,0.8482540083373404,14.186601611678713,1.3145900902113357,,
1989-09-26,188.7692420988,644.695770495358,72.43922719227542,10.424516,1.9171934,12.846975,0.89244556,12.298318986749578,0.8155279765691265,13.311195423794626,1.281861570723195,,
1989-09-27,113.0559750988,680.685280495358,72.42825040068578,10.038588,2.1886182,12.88356,0.871847,12.478338516375352,0.8100511285026603,13.499819271570535,1.276385191207729,,
1989-09-28,90.8025520988,575.1457304953581,72.34672102141111,10.261596,1.8868626,12.493626,0.8689588,12.189286673524283,0.7933499239126385,13.19695173870548,1.2596832523030645,,
1989-09-29,74.0366670988,510.7987104953581,72.32348434334234,10.348845,1.5258776,12.959238,0.81226885,12.628777817317289,0.7352681514866254,13.657449056846472,1.2016026341822372,,
1989-09-30,70.08169709879999,445.8655104953581,72.19174652026346,10.244468,1.6811413,14.32608,0.83948475,13.771670233820991,0.7605468857330773,14.854967824076768,1.2268854044177,,
1989-10-01,40.6700887072,416.96913049535794,72.14578215091672,10.448167,1.5266027,14.547506,0.80017555,14.183200797585034,0.7415799819025076,15.286168142041875,1.2079203196761439,,
1989-10-02,140.4391274072,673.1421304953581,72.15087213876191,10.623223,1.5637385,14.658777,0.7864062,13.962166213348098,0.7044274860133671,15.054568860247342,1.1707668226688077,,
1989-10-03,105.3615274072,709.789030495358,72.17811949883755,10.502024,2.126426,15.12024,0.88514644,14.523316930067374,0.8182778448793068,15.642540663028035,1.2846198322617846,,
1989-10-04,78.1877574072,598.2150704953581,72.15916489805643,10.000472,1.9733604,13.037317,0.87390256,12.686277767367963,0.8058439541146295,13.717697307955822,1.2721786041739878,,
1989-10-05,72.3569734072,492.167950495358,72.11967504616753,10.165407,1.8029513,12.053102,0.8308271,11.811149688171422,0.7603073042164562,12.800741098049372,1.2266398162571552,,
1989-10-06,69.8538054072,452.5489704953581,72.07477105838497,10.323407,1.5190856,12.4235935,0.74939466,12.142764216151528,0.6802248842648765,13.148205666899372,1.1465581033965084,,
1989-10-07,64.4394734072,434.344930495358,72.02073768877081,10.163035,1.6335734,13.333851,0.7990584,12.924203571265913,0.7271271045330371,13.966995151971421,1.193462487314164,,
1989-10-08,62.3035024072,402.1715604953581,71.95496309537522,10.176282,1.6291612,12.25454,0.83914423,11.975768137441658,0.7587355846207383,12.973227746474707,1.225068431950627,,
1989-10-09,60.1427324072,381.401260495358,71.8820315263519,9.87897,1.6093874,10.338112,0.82413954,10.275572156090524,0.744871213929789,11.191768209044206,1.2112020914290935,,
1989-10-10,61.9189444072,371.383290495358,71.80144746840685,9.901784,1.5459458,9.196964,0.8047033,9.297683085611062,0.7242272996285392,10.167139383742386,1.1905585418568594,,
1989-10-11,70.8941474072,392.0097504953581,71.73406823690199,9.959823,1.4749559,10.103466,0.74204576,10.081466921493362,0.667768065512459,10.98838540774885,1.1340989284030631,,
1989-10-12,60.921273407200005,380.136250495358,71.65862721922791,10.046513,1.4677118,11.8624935,0.7746406,11.611660316165835,0.6977435094764981,12.591716815982222,1.164075656743239,,
1989-10-13,60.8025794072,351.08251049535795,71.57395136034258,10.090833,1.4547586,12.800843,0.79987526,12.400790810624509,0.7148189604478311,13.418565050568372,1.1811528167689744,,
1989-10-14,61.8368254072,329.339460495358,71.47695416976603,10.170186,1.3743657,13.236907,0.798795,12.75212227891828,0.7067441739271033,13.786688962080042,1.1730790202830452,,
1989-10-15,38.78469991596609,312.45835929831327,71.39197283823486,10.359982,1.3430667,13.77986,0.7558222,13.402232316538175,0.6885247245978801,14.467872037208178,1.154861775248664,,
1989-10-16,44.565066533376346,345.5506462807895,71.30956153585363,10.4575205,1.4660463,14.880445,0.7645204,14.375189553037231,0.6975867481897859,15.487333303723958,1.163928000871859,,
1989-10-17,39.9136588072,621.5698704953579,71.31214625990548,10.753747,1.3768102,14.150097,0.7895421,13.94516246128069,0.7465382390449196,15.036752386955529,1.2128775010009414,,
1989-10-18,38.7789474072,630.4514604953581,71.48478833194567,10.012945,1.3225926,12.170011,0.7868738,12.045018150968385,0.7452291391900427,13.045787673928682,1.2115621368278369,,
1989-10-19,688.7347474072,1755.6126304953582,71.7156942776934,9.865615,1.4723005,7.969424,1.0475333,8.503706550830582,0.8591636973231497,9.335213484672408,1.325496040228948,,
1989-10-20,611.2095474072,7541.820630495358,74.30116454730948,9.917577,1.5691856,9.59869,0.8160857,9.622596068641938,0.7640168204821006,10.507582096702668,1.2303478201934883,,
1989-10-21,38.7789474072,6100.371430495358,78.27676366611877,8.939963,1.2234455,8.951015,0.7838929,8.950945659814971,0.7789796769031043,9.803829094255837,1.2453113111231637,,
1989-10-22,54.9368420988,4702.322860495359,79.83801482966882,8.977495,1.1142619,8.657272,0.7608481,8.660970272867043,0.7521719060918135,9.49999387504307,1.218503973721343,,
1989-10-23,54.9368420988,2723.484930495358,80.6999625543126,9.122828,1.1362251,8.299005,0.72289073,8.31529374206706,0.7089533153797536,9.137795187706956,1.1752860253322883,,
1989-10-24,54.9368420988,1911.958430495358,81.21801717550812,9.192237,1.110495,8.555583,0.7040266,8.573365215266575,0.6850651133460515,9.408201595152208,1.1513973308306062,,
1989-10-25,54.9368420988,1574.477330495358,81.53295622721566,9.4633255,1.1971853,9.443008,0.68425965,9.443693427379454,0.6624202647300221,10.320128520735922,1.1287513830367115,,
1989-10-26,54.9368420988,1270.596630495358,81.7071308066139,9.670244,1.3072208,10.6410265,0.7070767,10.60079234669064,0.6799337908291065,11.532532813045401,1.1462647893943814,,
1989-10-27,54.9368420988,1053.363670495358,81.77843543527177,9.844082,1.4024987,11.193489,0.7147728,11.126600925496863,0.6828904374528219,12.08347324453185,1.1492218876625888,,
1989-10-28,54.9368420988,945.193080495358,81.94079538535772,10.006027,1.4918892,11.600809,0.70714325,11.513208198543623,0.6733057439758264,12.488559023679397,1.139637727994173,,
1989-10-29,54.9368420988,826.599130495358,82.07874378990068,10.154096,1.5834637,12.327202,0.7307737,12.191775047838671,0.6923013336075594,13.199559048806014,1.1586346679117205,,
1989-10-30,54.9368420988,792.165530495358,82.20372759140021,10.368823,1.6060616,12.646137,0.756453,12.498447355075955,0.7150219730111418,13.520889244022399,1.1813560903565057,,
1989-10-31,54.9368420988,807.408130495358,82.33267541271387,10.521808,1.9556173,11.852566,0.68162316,11.767788037617088,0.6502461105306294,12.755306908822927,1.1165785394112597,,
1989-11-01,56.2503600988,813.0406304953581,82.66169600653555,10.646434,1.6330583,11.629757,0.7515501,11.566127741278615,0.7108172194136236,12.544007939660714,1.177149289802525,,
1989-11-02,54.9368420988,720.580230495358,82.86674175139804,9.892638,1.7561394,9.343752,0.7322992,9.382634455536532,0.6917028343613152,10.256151138758563,1.158034001523454,,
1989-11-03,54.9368420988,685.2434904953581,83.07127832897832,8.322119,1.0004251,7.130533,0.6934401,7.218973756206711,0.6462521952189894,7.989074854104875,1.1125878463916523,,
1989-11-04,54.9368420988,680.580100495358,83.27228741765416,7.3898144,0.95275503,5.5751405,0.7005488,5.710681138535271,0.652118269717026,6.408691005149126,1.1184602139548376,,
1989-11-05,54.9368420988,598.368190495358,83.43452976702174,7.5976744,0.9457988,4.8851905,0.7320333,5.113285008358263,0.6751768211247937,5.782741382046168,1.1415219772369638,,
1989-11-06,54.9368420988,580.813630495358,83.59303919172169,8.195791,1.1259694,5.9178157,0.738504,6.114661443155729,0.6816676122527151,6.831980187392853,1.1480076158410504,,
1989-11-07,54.9368420988,560.560630495358,83.74690376413211,8.535589,1.3033992,8.05369,0.689186,8.09670235690054,0.6383621585897608,8.908755881546746,1.1046953452589081,,
1989-11-08,54.9368420988,538.219830495358,83.8866561430418,8.920321,1.4501497,8.804557,0.6664498,8.815278706169655,0.6194602698377815,9.661677723980556,1.0857920948592263,,
1989-11-09,456.6663420988,1158.477530495358,84.19992933805192,9.073814,1.5414459,8.165947,0.83021873,8.4226377148475,0.7379337063840301,9.250269835449288,1.2042662022432442,,
1989-11-10,126.3867720988,1667.534230495358,84.62705032109747,8.090167,1.3371742,9.142863,0.73027843,9.068697868305343,0.68533415913204,9.92720945579626,1.1516656448114087,,
1989-11-11,54.9368420988,1118.240030495358,84.96984210911344,7.508232,1.0699239,6.948086,0.66122127,6.974315990519185,0.6322462482502005,7.732723283538219,1.0985827434147017,,
1989-11-12,54.9368420988,943.335900495358,85.35078816476776,7.1995378,1.0364461,5.91342,0.6120285,5.984197688256772,0.5811531604771727,6.6952807109777615,1.0474937703841705,,
1989-11-13,387.7894737036,1196.5898567243046,85.39473562777651,6.931842,1.0137862,4.864897,0.9099633,5.370798061817281,0.7306653852882581,6.05256267919619,1.197009106842524,,
1989-11-14,387.7894737036,1092.1569647337612,85.42940024461265,7.8586645,1.2805496,5.5583916,0.8575922,6.161130704182357,0.7163257547965474,6.880670520249332,1.1826655471249021,,
1989-11-15,387.7894737036,1037.5573463206156,85.45726591475135,8.4724455,1.6131405,7.9769325,0.64466417,8.111745125754352,0.6425215760515987,8.924517643330637,1.10885472816355,,
1989-11-16,996.6161737036,1574.023813036509,86.03901635083172,8.419803,1.3411207,6.9324965,1.9470717,7.5091130090099405,1.300653219489163,8.29308177140068,1.7669879585081332,,
1989-11-17,393.477845568034,2883.004816342712,86.77796189836198,7.0393453,1.2649446,7.467686,0.75114304,7.4162460569523425,0.6781697703369484,8.195776096484524,1.144504790838722,,
1989-11-18,539.2856678820765,2264.9130376972425,87.01333082577632,6.3848176,1.0785202,4.958873,0.6463949,5.233101434849993,0.5617763770542952,5.9082846241522375,1.0281208562567783,,
1989-11-19,554.625186016329,2027.73320497346,87.11556570325921,5.8120966,0.9985736,3.3835874,0.5741634,3.9051696438930468,0.49925968699511525,4.516882232895291,0.9656125858055091,,
1989-11-20,530.4983546221957,1819.0979377005,87.22108791634811,6.0920763,0.99261546,3.2848167,0.58512235,3.918647575881927,0.5054180783724943,4.531004363961234,0.971770881597095,,
1989-11-21,553.3428965868807,2002.2869186674816,87.41715932100632,5.3201613,0.97307765,2.897056,0.56558955,3.4217048856712116,0.49066606836325727,4.010309511872053,0.957022533294891,,
1989-11-22,602.2152723302562,1773.1382769962183,87.3344405213129,5.014366,0.97777414,0.572938,0.6288009,1.6989581277875065,0.530820946747718,2.2052213478766958,0.9971922921632157,,
1989-11-23,575.7879539108369,1609.1811920885089,87.3618998778564,4.911151,0.9495915,-0.3299173,0.5876241,1.0512207085338563,0.4999109439422305,1.526524294162321,0.9662887621850993,,
1989-11-24,503.7625312101735,1377.4073485480224,87.40252714434769,4.757228,0.9431373,-0.7759037,0.6511319,0.7058255189749449,0.5395301501304277,1.164620395216884,1.0059116160141002,,
1989-11-25,413.8467739355799,1217.23247656596,87.48969252373178,4.976466,0.87767696,-0.38096893,0.7202021,0.9783502065333098,0.5817754378189867,1.450170831261498,1.0481540142771908,,
1989-11-26,405.50198430781353,1192.5314084386257,87.62224752655138,5.3076296,0.91194665,1.0050395,0.6516355,2.096824421211826,0.5385350318175421,2.6221042900888114,1.004902639211758,,
1989-11-27,427.76934111432377,1213.5774740801612,87.77510597053448,5.1538405,0.8668136,1.4241786,0.8294899,2.3962065815625757,0.6535910587482057,2.9357958943176086,1.119955972746176,,
1989-11-28,455.1388130939801,1211.8220256784311,87.84329129855138,5.4728427,0.9407315,1.3138132,1.1197684,2.449374225035053,0.8535935341086153,2.991504769403573,1.3199579805002948,,
1989-11-29,446.97686788918753,1156.7591755630374,87.89209621403413,4.652798,0.83407176,0.7918156,1.0536714,1.8679090640041822,0.7947602368684832,2.382247561314645,1.261129972848702,,
1989-11-30,471.6303678235514,1137.0491006482926,87.83075078475785,4.618668,0.82401437,-0.87175596,1.094861,0.7379187842068743,0.8107029059661449,1.1982476088215606,1.277084027171612,,
1989-12-01,451.1026884168488,1086.198545014684,87.47042237730068,4.197364,0.8586781,-1.3927132,1.2114574,0.24762816202061058,0.8922849174486076,0.6845227708694421,1.3586714327542648,,
1989-12-02,387.7894737036,960.1289934967637,87.1885730118144,4.1604857,0.8316695,-1.9316653,0.91278553,-0.17898358854827565,0.692809485696046,0.23752043692267868,1.1592009181382905,,
1989-12-03,387.7894737036,822.904912821713,86.92892029838978,4.020483,0.82298696,-2.1484566,0.9495864,-0.17252452678935523,0.6971862201629351,0.24428821975447743,1.1635775766064878,,
1989-12-04,387.7894737036,715.9843823865149,86.715017465727,3.7125926,0.8207947,-2.1277394,0.6993777,-0.07585237656309571,0.5375586477186262,0.34558096830433827,1.0039488723966203,,
1989-12-05,387.7894737036,648.319550495358,86.62308967619778,3.8399239,0.7739557,-2.4579716,0.8672841,-0.10082816635361955,0.6151529870852844,0.3194114211372937,1.0815435031375569,,
1989-12-06,387.7894737036,641.385750495358,86.40585355538497,4.3527675,0.69759977,-2.605051,1.3097312,0.016629615819975293,0.8575091652339304,0.4424832837894442,1.3238983172020586,,
1989-12-07,387.7894737036,642.4599304953581,86.1775801628042,4.0040793,0.73053503,-2.420372,1.4176126,-0.0021860844429349036,0.9257969785737068,0.4227682573722206,1.3921863479950416,,
1989-12-08,387.7894737036,641.0674504953579,86.03573253511139,3.7272367,0.7373063,-2.3423967,0.8830028,-0.054673420172061005,0.6163886755444954,0.36777220641422376,1.0827786537019044,,
1989-12-09,387.7894737036,636.092170495358,85.87707316961021,3.5881653,0.7421699,-2.3379412,0.75937045,-0.09346133604103052,0.5491571306298542,0.32713036075657487,1.0155475606645452,,
1989-12-10,387.7894737036,616.607230495358,85.57694767287424,3.7085252,0.709383,-2.4683743,0.89178073,-0.0835231568488114,0.6121593237536166,0.337543550942216,1.0785496378451107,,
1989-12-11,387.7894737036,575.9639004953581,85.26788561004058,4.0356154,0.64822733,-2.538105,1.0714929,0.1069903669714107,0.6914352590372953,0.5371629699631427,1.1578233723451985,,
1989-12-12,387.8644617336,567.980500495358,84.90176812094131,4.0041137,0.63869864,-2.375977,1.0640204,0.2129474705885858,0.6833179222809345,0.6481844609369796,1.1497048295465133,,
1989-12-13,78.31455332964256,408.2216868241495,84.57971259181595,3.628193,0.6318677,-0.677662,0.385942,0.015423261455238022,0.3394163706239244,0.4412192698097886,0.8058055365217561,,
1989-12-14,88.51837201912208,422.1034530141967,84.51139633767241,3.4224424,0.64051795,-0.7591716,0.33673856,-0.034271788447334375,0.29969208921338786,0.3891489663959031,0.7660818303831366,,
1989-12-15,114.72649366139734,453.8932520682587,84.41104702609444,3.5712252,0.6165122,-0.84362364,0.40997356,0.047130028398823305,0.35009888061244177,0.47444151182911654,0.816487680946937,,
1989-12-16,103.82823360489397,450.012742998012,84.27896645783393,3.5701494,0.6153324,-0.7802814,0.4244016,0.03529122045098448,0.3636222600309612,0.46203684933031147,0.8300111967265895,,
1989-12-17,93.08129006522827,442.353832896857,84.17873608878665,3.424974,0.6230045,-0.6682507,0.40786234,0.043325035018946925,0.35393640121334924,0.4704546527724012,0.8203252453568431,,
1989-12-18,84.04772642853791,442.1551273454261,84.07417662497723,3.26834,0.64034104,-0.56200504,0.38451913,0.049796659118470143,0.3389036253408452,0.4772355983817414,0.8052923949828081,,
1989-12-19,90.69839207208751,456.2469264246942,84.00723549180114,3.3338346,0.6272356,-0.6336266,0.41322443,0.02428627110583825,0.36005158422390454,0.45050590102500465,0.8264406478198758,,
1989-12-20,78.15454383526014,424.87254144886725,83.97437919875938,3.342515,0.6179035,-0.59198964,0.4333736,0.019308290527511533,0.37842111196751127,0.44528998999140923,0.8448102330110885,,
1989-12-21,108.55128785247194,456.342854614643,83.91086706292079,3.2247658,0.633397,-0.55352557,0.40341458,0.17251912080760154,0.34788091651060815,0.6058237742338644,0.8142682824318719,,
1989-12-22,124.20966071127386,483.62296572058574,83.85790262074119,3.1269832,0.6511945,-0.48724186,0.39883256,0.2513194521549979,0.3441034943778375,0.688390492054209,0.8104899680456416,,
1989-12-23,124.52698039523456,470.9226367551505,83.79915628096103,3.116808,0.65808725,-0.5276731,0.44084552,0.23450088374669248,0.3748314236616266,0.6707680535673866,0.8412180871695576,,
1989-12-24,155.41989535536015,464.2452273721059,83.42472748268912,3.1212416,0.6650143,-0.6767343,0.4984309,0.27584633981478907,0.40897595058498015,0.7140896811031671,0.8753621479844897,,
1989-12-25,151.16511242176307,454.1128614716767,83.05236448347453,3.2029085,0.6456837,-0.71985376,0.51504296,0.2598362775706396,0.4187111585992208,0.6973143926114072,0.885097536256443,,
1989-12-26,139.6729860909358,437.2226173544077,82.70293594966795,3.2563267,0.6447341,-0.7507473,0.5477682,0.21941086071230656,0.4435241418344846,0.6549567790146202,0.9099109759467984,,
1989-12-27,161.5213358053534,435.6838246532851,82.32302591250252,3.0484395,0.6842928,-0.6424339,0.514346,0.35580732381049957,0.4183946652252737,0.7978725268009226,0.884779966729048,,
1989-12-28,170.92294265129107,443.929453103371,82.02112362844913,3.3639698,0.6174481,-0.9405619,0.6267487,0.2560557510655926,0.483978316720757,0.6933531698625023,0.9503647369857996,,
1989-12-29,169.07808923814528,444.7272745155343,81.71738046708451,3.4311266,0.6069954,-0.90587366,0.66930676,0.2887912305716896,0.5129558393672496,0.727653293388352,0.9793418912341717,,
1989-12-30,165.55875917262563,444.792098959294,81.41193694737665,3.6470094,0.5687028,-1.0019037,0.73549175,0.25912229907201917,0.5577455566538247,0.6965662883811661,1.024131942356576,,
1989-12-31,66.02454895459225,478.09237990064,81.27009948641282,3.8184738,0.56593347,-0.64557827,0.6831604,-0.1038986931447041,0.6041793241113695,0.3161941336616661,1.0705698760344635,,
1990-01-01,170.6326320988,616.022330495358,81.7109115082247,3.7668138,0.69102967,-0.65618956,0.40195572,0.30320017598922966,0.34863449366748156,0.7427509371423346,0.8150203837675454,,
1990-01-02,132.2596870988,893.842620495358,82.14627817135846,4.0116835,0.7799847,-0.041310012,0.30212912,0.48110149091176596,0.2817347686963525,0.9291553267929455,0.7481186810864169,,
1990-01-03,245.6698720988,671.2801864953581,82.31514608363369,4.203843,0.8035633,-1.0427554,0.44025722,0.36291680398860904,0.38759472352310703,0.8053218158290035,0.853979945725011,,
1990-01-04,157.9763620988,693.579081495358,82.52150117218729,4.4884496,0.72954744,-0.6640924,0.48459324,0.29178173330138457,0.4172538140531535,0.7307867319260042,0.8836398323266723,,
1990-01-05,170.9457420988,637.269130495358,82.85417926409202,4.590825,0.73676455,-0.7362088,0.5755534,0.39051355201246696,0.4798278246107075,0.834237594073638,0.9462127395354449,,
1990-01-06,278.7948120988,552.766870495358,82.99054965294542,4.5570908,0.7407117,-1.4217774,0.9124414,0.5827370910277072,0.6554004197818495,1.0356487611705103,1.1217832185420797,,
1990-01-07,271.3588520988,525.251700495358,83.08051740905084,4.483915,0.73574185,-1.3393744,0.8400879,0.6442813144011158,0.6079791834408951,1.1001345880427646,1.0743613135973185,,
1990-01-08,213.09277209880003,521.354630495358,83.15571912495676,4.6764307,0.6975256,-1.053234,0.63524044,0.6091725115004444,0.4942641882888063,1.06334770437688,0.9606466993294526,,
1990-01-09,200.2652120988,542.500110495358,83.22365513168526,4.744468,0.6942235,-0.88926566,0.7086315,0.6297079328755172,0.5503758192915863,1.084864648696855,1.0167581073788923,,
1990-01-10,231.8300720988,560.996030495358,83.29570394224352,4.73001,0.6724513,-0.9164711,0.81408566,0.7346149458699048,0.6086747106488248,1.1947858583056903,1.0750558672827812,,
1990-01-11,228.8354820988,607.4183493953581,83.34359100358701,4.732721,0.6651309,-0.7185855,0.7750989,0.77312942611662,0.591687460283133,1.235141199053034,1.0580682046849392,,
1990-01-12,199.1512720988,590.627460495358,83.38000575639501,4.5376687,0.66601956,-0.61379683,0.6093504,0.6852010690586045,0.48565843341180004,1.1430101670956976,0.9520401214214375,,
1990-01-13,185.99159209880003,529.5452204953581,83.35679863218854,4.177746,0.6652025,-0.48888958,0.3787671,0.7241227136935399,0.3293517898863234,1.1837921332971966,0.7957330591157842,,
1990-01-14,120.8244220988,454.62707049535794,83.32323506834976,4.1825056,0.6490792,-0.39235342,0.28666338,0.5682048674635414,0.26431762270385845,1.0204219469958984,0.7307005799712295,,
1990-01-15,54.9368420988,493.0518104953581,83.194619420971,4.3995137,0.6335313,-0.25103986,0.28813222,0.2151864482811339,0.26691304772008867,0.650530454109669,0.7332999296392975,,
1990-01-16,54.9368420988,501.54980049535794,83.07475665442007,4.7286596,0.6228199,-0.4030602,0.3965934,0.10354761678467925,0.3626909990567908,0.5335556680859384,0.8290791517666456,,
1990-01-17,54.9368420988,469.7853304953581,83.11829053282449,4.968849,0.62399876,-0.38588214,0.9322741,0.17474221487333658,0.8372206719461239,0.6081531245966747,1.3036080125980472,,
1990-01-18,54.9368420988,251.60137049535803,83.72005054909445,5.096207,0.65075886,-0.50204957,1.7354752,0.5012529011172431,1.4292150981083842,0.9502699055220947,1.895598788759012,,
1990-01-19,54.9368420988,579.2089124953579,84.09600157488232,4.8792176,0.6579726,0.6650909,0.865705,1.0301660006674564,0.7927597836573166,1.5044632432318255,1.2591378203500514,,
1990-01-20,54.9368420988,530.467760495358,84.23725911031077,4.7690935,0.70413345,0.13612479,0.36807874,0.5709021558283827,0.3400193012024333,1.02324815652436,0.8064022290314548,,
1990-01-21,54.9368420988,993.218830495358,84.48617093530152,4.742456,0.6606047,0.22059447,0.34593603,0.4575981831775557,0.3296280443335373,0.9045286412910782,0.7960122159327832,,
1990-01-22,54.9368420988,1090.693179495358,84.61983025937299,4.746589,0.59847295,0.6770097,0.41078582,0.8721598297818247,0.3921388307229538,1.3389049174949355,0.8585185229596388,,
1990-01-23,54.9368420988,910.276080495358,84.71024478257421,4.842653,0.6138198,0.7399598,0.41243467,0.9734719822732558,0.39052606991875527,1.445059444557189,0.8569046973515705,,
1990-01-24,54.9368420988,885.1425304953581,84.77922829008891,4.9874244,0.6143866,1.1178629,0.52065265,1.3439943620071957,0.4915395106969414,1.8332915274750181,0.9579143438420765,,
1990-01-25,54.9368420988,1200.103630495358,85.00445239736558,5.0077252,0.64604664,2.093978,1.3342572,2.2215212858586675,1.2761662356474321,2.7527612386108644,1.742532708749911,,
1990-01-26,387.7894737036,5563.263230495359,87.34786226244324,4.881178,0.64802706,2.160572,1.0964466,2.337855360225259,1.0258681373389205,2.87465568406404,1.492233568253063,,
1990-01-27,387.7894737036,3987.672190495358,88.35811653713426,4.818699,0.5947676,2.06776,0.6705126,2.311570867608163,0.6133556062828683,2.84711488254889,1.0797212713154865,,
1990-01-28,1022.4825833582242,3189.417632548279,88.25676641302212,4.7783504,0.59048486,2.433073,0.67243296,3.0024135027848877,0.5289853911278836,3.5709774341596527,0.9953451652615921,,
1990-01-29,960.7407613486846,2907.477146705593,87.97050251880502,4.5984945,0.572143,2.115202,0.64546835,2.7319718581639134,0.5055374719441411,3.2876096033843103,0.9718994871593819,,
1990-01-30,878.7322356818362,6932.734342781395,88.94115280083331,4.396131,0.52294916,1.909135,0.6674333,2.1889036524581735,0.5952660080880354,2.7185845938316286,1.0616327761761215,,
1990-01-31,1283.9983976959195,4506.424331663389,88.58877741618022,4.1841726,0.49655268,1.7812006,0.6107504,2.314048130177715,0.4879060993961484,2.8497105498011677,0.9542717423298326,,
1990-02-01,1011.4569287076956,3420.858746100195,88.28683776316628,4.106236,0.4732784,2.1623569,0.6399419,2.6059511631724095,0.5055773182040584,3.155565549952408,0.9719404062882919,,
1990-02-02,863.9280763459129,5072.278698169418,88.80087734596194,4.0330696,0.4759547,2.6199942,0.6868569,2.825646627974265,0.59096849708583,3.385761706980415,1.0573297265740853,,
1990-02-03,649.9250078589941,4909.182825221861,89.42328481641371,3.9420834,0.45146394,2.5518155,0.6797755,2.7143541526499555,0.6026176679798171,3.269149831769899,1.0689798320902684,,
1990-02-04,855.8065703683372,4712.315285912134,89.79990417557046,3.6814036,0.43170908,1.8039124,0.58981925,2.0924781648126083,0.5035562038561875,2.6175502974906455,0.9699238511063331,,
1990-02-05,874.5880621113854,3496.3922762234142,89.67860427480764,3.5587869,0.3932216,0.9575945,0.4379609,1.4780662627872159,0.35905597210729234,1.9737716068104576,0.825429470984324,,
1990-02-06,831.6667659264859,2882.230750229377,89.4406453077324,3.6644416,0.3811177,1.1884209,0.49298096,1.7428853361370962,0.3919894947167566,2.251248126627746,0.8583604185394349,,
1990-02-07,519.4011840860479,2446.113119792738,89.4132828876296,3.6838741,0.39172754,2.3641362,0.6401277,2.5952844663545083,0.5324501469314112,3.14438902148889,0.9988133266595203,,
1990-02-08,543.2758982340833,2330.161019495284,89.70833867341855,3.687203,0.39125,2.9637737,0.69542134,3.10055127338008,0.5687700902958972,3.673805854722109,1.0351290718689412,,
1990-02-09,778.7834487961404,2347.664040157694,90.07950318043008,3.7252436,0.38736483,3.5842118,0.72376055,3.6193421737514595,0.551974406863444,4.217393186733264,1.0183293816864505,,
1990-02-10,561.6399238939408,3484.2756249920467,91.92222820458076,3.6346974,0.38774112,4.029157,0.66650975,3.974399634787252,0.5765053312218424,4.589421180703354,1.0428577412586222,,
1990-02-11,946.2230306085232,3303.167358666938,92.70327255295868,3.4847531,0.35519174,3.4195662,0.68465734,3.4340815116602736,0.5380477263192607,4.023277698276012,1.0044040966248515,,
1990-02-12,1074.1150529059903,2576.0143196661857,92.57906554566868,3.4018168,0.34228238,2.96132,0.7198153,3.090943924604623,0.5178860180536655,3.663739307516263,0.9842450767293335,,
1990-02-13,1022.5581662027066,2306.727345391821,92.14091866669284,3.4178653,0.34955359,3.0009623,0.7118484,3.129010027712755,0.5047609955950343,3.7036248402305003,0.9711197493951864,,
1990-02-14,901.1101097928896,2246.6869797157174,91.80466602068242,3.349537,0.35429102,3.3904781,0.705527,3.378758012818472,0.5136701519359663,3.9653099253034925,0.9800269465783896,,
1990-02-15,778.7312914463733,2143.345810757159,91.44820175018768,3.2167587,0.34593755,2.9810367,0.69659215,3.0438564113569164,0.5192014938454633,3.614401172095928,0.985560931942765,,
1990-02-16,606.7468627710939,1789.4318180960572,93.1640978335856,3.4181533,0.3526873,3.4607983,0.71359086,3.449999942639979,0.5403306719812719,4.039956975842113,1.006686920839337,,
1990-02-17,990.999815687325,2302.1775674010696,94.36940765479312,3.1521587,0.33661076,3.2399545,0.7131654,3.2135345292367736,0.5087422721094961,3.792189323994813,0.9751003548686297,,
1990-02-18,1034.4605513557478,2180.682881957736,94.24995683266894,3.073454,0.32924363,1.5766001,0.79852927,2.0582072779219995,0.5518679348210208,2.581641379355832,1.018235897097865,,
1990-02-19,860.8407920781319,2061.09065430891,94.04324264510862,3.2068028,0.32131913,1.9906943,0.6878389,2.3489764261442807,0.4943409034631654,2.8863082989185287,0.9607062355587633,,
1990-02-20,787.1215279332844,1846.6998461683208,93.64378296553666,2.989704,0.32128558,1.8767256,0.7052554,2.209340825766806,0.5037244529772889,2.7399985941634317,0.9700910360944307,,
1990-02-21,703.6202045731583,1679.9013963558673,93.24129718707246,3.1658092,0.31953356,1.3279115,0.5865099,1.8704624534717016,0.42399666792744584,2.3849229940703864,0.8903663798343225,,
1990-02-22,605.3610620376595,1594.9327757015235,92.94393485953354,3.2540078,0.33042622,2.7008128,0.7214781,2.8530119032988033,0.5308222774414179,3.4144349489219525,0.9971832792885994,,
1990-02-23,538.6088923167982,2179.878461189703,93.15145212417944,3.4566846,0.37791368,4.4892197,0.73915213,4.284645392661444,0.5974160001908727,4.914495625281864,1.0637662871682205,,
1990-02-24,449.8989517036,2276.532970624586,93.32393105926754,3.0558462,0.35719353,3.9167233,0.66087615,3.7746666412576713,0.5549614116322122,4.380141632836143,1.0213152467170317,,
1990-02-25,387.7894737036,1797.2672204249473,93.31159515632012,2.5860336,0.37639385,1.2018646,0.53613466,1.4475177965883876,0.4460156916423595,1.941763028352033,0.9123894927261176,,
1990-02-26,425.2311937036,1350.9394637841383,93.10605597036464,2.4566293,0.35079858,-0.2567166,0.27390367,0.39288274388926936,0.2246201300189706,0.8367200252234742,0.6910050186044274,,
1990-02-27,387.7894737036,1056.6001057181809,93.02280842608909,2.7118735,0.326842,-0.39368963,0.3105645,0.4400914485228266,0.24354219672153618,0.8861851445636317,0.7099265618064524,,
1990-02-28,387.7894737036,995.3925561032074,92.9849793648911,2.8139088,0.32549244,-0.41368926,0.43571216,0.49120144583178066,0.3265650017998777,0.9397380250331682,0.7929488029953488,,
1990-03-01,387.7894737036,869.4760947888238,93.07584398018618,2.8053055,0.37329164,-0.40889275,0.5088579,0.5824906704598464,0.3702631239106301,1.0353905625418522,0.8366459253566279,,
1990-03-02,387.7894737036,864.6836722745547,93.11850108882152,3.2351375,0.38264567,0.017350852,0.60443914,1.0136387010859544,0.433785515960438,1.487145995226075,0.9001637244847239,,
1990-03-03,387.7894737036,814.125630495358,93.22118421110764,3.3064804,0.3869085,1.2044965,0.8132884,1.8826868587034868,0.5648534251082573,2.3977316840852123,1.0312230218667935,,
1990-03-04,387.7894737036,651.9274694993959,93.25728008556185,2.7585726,0.38175645,1.1689799,0.71460694,1.76185981914052,0.4701548766468304,2.2711295250577077,0.9365256190436768,,
1990-03-05,387.7894737036,608.3047704953581,93.24503155714235,2.7152934,0.35740086,0.27939713,0.5820861,1.2277159672324574,0.38173515687037884,1.7114554229078554,0.8481111638478877,,
1990-03-06,54.9368420988,639.442030495358,93.59807819236428,2.6993966,0.3758256,0.553264,0.3634959,0.7230585703320213,0.33605535652498775,1.1826771275205894,0.8024366371811424,,
1990-03-07,95.8389620988,601.793230495358,93.84820637408563,2.8024201,0.36566654,0.10212302,0.29651847,0.47308307211914535,0.2606697040378174,0.9207536549916311,0.7270537047890365,,
1990-03-08,105.5560470988,578.299890495358,94.06671412524403,3.1024728,0.36434928,-0.015939951,0.29862744,0.4654002016106391,0.25871942447724494,0.9127035695353973,0.725103509960917,,
1990-03-09,115.8511490988,584.1955304953581,94.2000307497328,3.2850451,0.3771195,0.790749,0.41565898,1.2035315916204252,0.3524410501096037,1.6861151168117203,0.8188173031709469,,
1990-03-10,139.1833860988,630.5384704953581,94.3264759686769,3.4882393,0.37946644,2.2937164,0.60881186,2.509713592077697,0.5034227895282198,3.0547281519310476,0.9697867091547144,,
1990-03-11,207.0065920988,646.311730495358,94.54459542422424,3.676381,0.37829748,4.9245796,0.8694326,4.621778997411902,0.664880748977588,5.267743063905819,1.131228853699076,,
1990-03-12,54.9368420988,280.544100495358,95.27927328620432,3.9509711,0.38876066,8.6953535,1.5588001,7.918434903528822,1.3050916555952436,8.721967853280663,1.7714252714991425,,
1990-03-13,387.7894737036,514.4778024159025,95.92781357408695,4.1415553,0.4337021,11.328861,2.9964035,8.239796990695515,1.7187039507518354,9.058689949692585,2.185036819173866,,
1990-03-14,387.7894737036,480.4371600853361,96.36781308106288,4.167727,0.48147964,12.222351,3.503256,8.624789894267654,1.9504344751432523,9.462084198023067,2.416766603598006,,
1990-03-15,428.9301053077705,672.7127893961709,96.66827328193556,4.324275,0.5188883,11.722445,1.7823838,8.841930671335172,1.1069958392793755,9.6896035619758,1.573327625156023,,
1990-03-16,447.0328062523048,710.8991799451054,96.90762556235724,4.466356,0.56303954,12.437994,1.0726105,9.360452456258198,0.693464801236358,10.232908915740095,1.1597959872030654,,
1990-03-17,460.0736998367857,1679.9612795044332,97.3151968770814,4.3343053,0.5769915,9.01619,0.81071913,8.009658444749293,0.6484031601645163,8.817551567939399,1.1147365518781678,,
1990-03-18,520.0499029585744,2442.3636647438675,98.13222886414968,3.7818437,0.4432322,7.4917927,0.750475,6.840513381747766,0.6236028551093283,7.5925253674488635,1.0899398408093512,,
1990-03-19,679.4511749999853,1971.060971850292,98.29388574981628,3.7970366,0.45638976,6.365053,0.7409067,5.706749516518064,0.5632616954513916,6.404571465039073,1.029603659493125,,
1990-03-20,589.0332557501144,2671.546439021337,99.25409657409296,3.574966,0.45673028,4.6154904,0.67221296,4.427516646270205,0.5569216647838008,5.064195636432175,1.0232710110891114,,
1990-03-21,969.4736841976,2324.64626780084,99.46987842402535,3.6022987,0.4305086,4.3518176,0.69542146,4.131230977116191,0.5068475258342334,4.753748525094492,0.9731988488920613,,
1990-03-22,969.4736841976,1856.7286249995825,99.64908635443147,3.6759877,0.41525766,4.987302,0.8174838,4.5374810499052725,0.5556314740548803,5.179415962666489,1.0219801122469305,,
1990-03-23,1438.437155773843,930.3570701659546,100.0,3.6442266,0.3698355,7.1743093,1.2016691,5.030686111242323,0.5226707773958986,5.696194539998291,0.9890164097159237,,
1990-03-24,1287.3027638954118,1331.0849915459066,100.0,3.4111357,0.3327172,4.731112,0.89544934,4.08215954236972,0.48370916168309624,4.7023316435094475,0.9500608218253614,,
1990-03-25,1276.7568680671463,1299.384663987936,100.0,3.4628296,0.30664465,4.2364087,0.8008268,3.853016554817607,0.4315743383126656,4.462236404438462,0.897927608951146,,
1990-03-26,1203.6080253044977,1056.4144571850484,100.0,3.4243922,0.3120527,4.089126,0.77723503,3.7351123571406046,0.39951295906392037,4.3386967891478365,0.8658670817713299,,
1990-03-27,973.917566263228,934.088913752856,100.0,3.3903298,0.3042787,3.0833516,0.6773091,3.2400447311180116,0.3661579240934858,3.8199666229053824,0.8325157980709033,,
1990-03-28,969.4736841976,914.8732254412392,99.85620066728904,3.4421096,0.30721012,2.8780723,0.6464314,3.16826263957714,0.3514024011867065,3.744753592763662,0.817760842343818,,
1990-03-29,969.4736841976,1086.2000675532634,99.62479223239724,3.51721,0.3034654,4.19565,0.7790122,3.875691830641241,0.4357937156041115,4.485995480934912,0.9021468241958597,,
1990-03-30,387.7894737036,982.329530495358,99.96105158984555,3.3254714,0.38422248,3.4711618,0.6983681,3.4299265778787107,0.5123798831455098,4.018924172862621,0.9787362851982981,,
1990-03-31,969.4736841976,1181.404130495358,99.69658445654176,3.3529902,0.32579258,3.8764563,0.8241798,3.640512305627054,0.475915472437222,4.239575178546037,0.9422702902943092,,
1990-04-01,238.98360037501232,1185.9634164396834,100.0,3.597086,0.354102,4.4498496,0.7088154,4.306829180512488,0.5929188265323148,4.9377397223607025,1.0592689659194723,,
1990-04-02,1002.3319721976,1385.1447904953582,99.63489974733672,3.6260347,0.39733368,6.8490696,1.1139352,5.495946106611479,0.6674541321659583,6.1836923727343605,1.1337971839285361,,
1990-04-03,1482.1391208836185,2886.084191858394,100.0,3.6149611,0.4115319,6.3891773,0.8901643,5.447885170294815,0.6044798072670392,6.133334287949853,1.0708231141328883,,
1990-04-04,1869.9643284440656,3621.688091436628,100.0,3.3870974,0.3358686,5.2669654,0.8439263,4.626850922687615,0.5681897104386484,5.273057409872202,1.0345377833221945,,
1990-04-05,1361.8158905858045,2926.008517273693,100.0,3.4827127,0.29987153,5.2434444,0.79640484,4.684234881893411,0.5517481060700871,5.333184126170782,1.018095820787328,,
1990-04-06,1100.1568427255445,2696.655435083865,100.0,3.4927306,0.29775083,5.384652,0.7542634,4.836452686719727,0.5426123764814127,5.492677421737261,1.0089591593640057,,
1990-04-07,969.4736841976,2188.3541394351173,99.98273356580272,3.4517813,0.28788558,4.9423366,0.74870044,4.484726389989055,0.5263185016903686,5.12413981033906,0.9926674778690365,,
1990-04-08,339.9635711464683,2074.2397277160003,100.0,3.4808006,0.33102077,4.5832286,0.6590133,4.42798675482523,0.568127766506301,5.064688214569144,1.0344771097549244,,
1990-04-09,969.4736841976,1486.199430495358,99.76005892549854,3.5760956,0.3181133,5.114287,0.89452565,4.507025291482054,0.555752382702866,5.147504523098443,1.0221012156294083,,
1990-04-10,418.4125689008587,1636.7841669085938,100.0,4.018895,0.44708493,6.191854,0.80201304,5.7494665249351415,0.6451858738571059,6.449330200437698,1.111527623676992,,
1990-04-11,2768.770043433929,3485.6968667713004,100.0,3.5446243,0.37808904,7.6713605,1.3561683,5.844508798974776,0.7741213422237987,6.548915170290667,1.2404626229026725,,
1990-04-12,1796.9586255930078,2112.2055382158737,100.0,3.6854606,0.36949348,6.282765,1.0584949,5.08884000878645,0.5966151054289032,5.757127995055873,1.0629604016610512,,
1990-04-13,1417.188410251492,1825.8525256113164,100.0,3.7037148,0.3372643,5.351836,0.93359214,4.6316175788715,0.545890224473362,5.278051895927677,1.0122382674620451,,
1990-04-14,1180.169636478857,1558.6308246113713,100.0,3.8647466,0.32032722,5.797549,0.9702186,4.964689823149692,0.5691360204948581,5.627043854931857,1.035482038911464,,
1990-04-15,1053.6482069257272,1664.4005484926035,100.0,4.1484394,0.36062843,7.039429,1.058473,5.918740608397918,0.6630618810201266,6.626695006455488,1.1294028024667522,,
1990-04-16,969.4736841976,1414.0346418989384,99.94513726465372,4.34745,0.48272774,8.863266,1.1969037,7.0264924704377805,0.736718649439204,7.787393620840549,1.2030549588680786,,
1990-04-17,450.0009214535469,1396.603671519215,100.0,4.268209,0.43729445,7.9279666,0.90535235,7.036116598803606,0.6929689082818302,7.797477749643824,1.1593051837912745,,
1990-04-18,969.4736841976,1203.534990495358,99.7824057026481,4.059084,0.44302976,7.279556,1.0566769,5.842763227745348,0.6177231488121151,6.547086166723409,1.084064438014226,,
1990-04-19,179.87525263723688,844.4930780182169,100.0,4.5173106,0.5056228,6.907855,0.85101146,6.488084363858555,0.707172674105102,7.223251447222878,1.173511049846002,,
1990-04-20,969.4736841976,1030.555860495358,99.56475756693938,4.8172626,0.52282685,9.829354,1.3525666,7.3998447034879105,0.7415850482521754,8.178590814389713,1.2079201194918778,,
1990-04-21,245.14650039556528,1067.5231064767931,100.0,5.2529287,0.57949734,8.79101,1.0265812,8.130258551520077,0.8418481718995423,8.943915947562983,1.3081812818365612,,
1990-04-22,969.4736841976,1144.878430495358,99.62292303914666,5.4499445,0.59427094,11.518466,1.523791,8.735924783755559,0.8689309729674218,9.57853095533288,1.335262919349811,,
1990-04-23,38.7789474072,649.772830495358,99.99229472604904,5.82518,0.7992769,10.480663,1.0747339,10.218468435296538,1.0152038030553954,11.131935125595572,1.4815346717829128,,
1990-04-24,184.34640645576707,749.501135002113,100.0,6.1118464,0.83712804,12.049284,1.0495065,10.877202646396784,0.8583856631017288,11.822154580216155,1.3247168596664314,,
1990-04-25,969.4736841976,979.254730495358,99.47491022871584,6.4809923,0.8658444,17.033773,1.5958838,11.783866098419821,0.910309757669154,12.77215344597193,1.3766422171338288,,
1990-04-26,38.7789474072,582.088490495358,99.87226342238358,7.0889883,1.1855223,13.283318,1.0882002,12.896424077870142,1.0229155458033392,13.93788789375078,1.4892508396956388,,
1990-04-27,43.25039554609907,506.540450495358,100.0,8.704555,1.5487044,15.965759,1.1286713,15.394542098078865,1.0469946419813534,16.555407415936227,1.513341458420031,,
1990-04-28,157.65797059020088,616.2828358970702,100.0,10.118789,1.9953249,19.33411,1.2512157,17.456875101602705,1.076053977749688,18.716312887295807,1.542415684858611,,
1990-04-29,969.4736841976,864.683880495358,99.37981751899102,9.970666,1.7679842,28.804392,1.7218312,18.849521017101576,1.237816082153912,20.175522517033613,1.704190595752784,,
1990-04-30,38.7789474072,392.43796942629245,99.74661305362498,9.425629,2.1499815,17.55528,1.0461446,16.824188430125556,0.9714997939042027,18.05338595565324,1.4378564156182618,,
1990-05-01,138.85306432527304,875.2766575532632,100.0,9.647349,2.3984451,16.518358,1.0582957,15.5775903816287,0.970634997174677,16.747204781720487,1.436982938574086,,
1990-05-02,387.7894737036,802.7166375532634,99.9400729658334,9.490843,2.395215,19.31884,1.1189414,16.117517640792148,1.0853270496974954,17.312938718222945,1.5516785325443587,,
1990-05-03,238.71316030871867,753.3984575532634,100.0,9.157005,2.4677992,15.641527,0.9932003,14.081278631467743,0.959911704026757,15.179374444787673,1.4262515732282155,,
1990-05-04,387.7894737036,761.2971375532634,99.89198745904136,9.403382,2.5849166,15.823926,1.0826991,13.657144785481732,1.1293937272107495,14.734968450792552,1.595731774111127,,
1990-05-05,902.5638703087216,1780.1230675532634,100.0,10.197972,2.3765886,14.815969,1.3715676,13.26228933417836,1.2114624760378108,14.321240258662717,1.6777990113628107,,
1990-05-06,631.5161520061611,1459.5115575532634,100.0,10.076661,2.4299738,13.52693,1.2175912,12.484906150191978,1.1228762296322818,13.506700815833263,1.5892103101322483,,
1990-05-07,478.4468180061611,1234.7276275532631,100.0,9.876555,2.473781,12.573325,1.1474354,11.820184756272242,1.0775897369712915,12.810208011520576,1.5439222666104062,,
1990-05-08,543.884872006161,1198.7551675532632,100.0,10.727584,2.1194115,12.906502,1.2646378,12.226452851138673,1.0928613398464146,13.235894332563614,1.5591947573010196,,
1990-05-09,482.9655720061611,1076.1133675532633,100.0,12.192187,2.075959,15.34358,1.2675265,14.367353671631095,1.0858015561416379,15.47912289397223,1.5521427706572055,,
1990-05-10,1725.296863847429,2225.7942341149246,100.0,12.281884,2.2033563,18.4948,1.9811212,15.78184739342833,1.4735079102421655,16.961224580466475,1.9398571521819854,,
1990-05-11,2514.7884866816403,6922.856107020695,100.0,11.065514,1.8599837,11.787264,1.1787914,11.594943718258934,0.9966542624274664,12.574201221838202,1.4629863811941886,,
1990-05-12,1337.3788703090825,3978.3050866612193,100.0,11.09711,1.6645607,10.93126,1.1246845,10.97298641680513,0.9401505009061042,11.922516487429581,1.4064817864709642,,
1990-05-13,2310.433471746676,4537.054770478609,100.0,11.996294,1.9459686,11.669579,1.4923097,11.779816690588959,1.1869342271229393,12.76791049028896,1.6532666788568848,,
1990-05-14,2763.37304424556,5708.63703087067,100.0,13.382227,1.9853144,12.617919,1.6412276,12.867218489685623,1.281540947845384,13.907286378285349,1.7478761492373969,,
1990-05-15,1477.6003595241432,3513.3226563467365,100.0,13.39428,1.9338928,12.521412,1.39806,12.779831202425527,1.1385801463070442,13.815722277412718,1.60491507675167,,
1990-05-16,1928.647188776151,3656.595039075376,100.0,13.425102,2.0231593,12.86698,1.5318112,13.059705645042431,1.2222097707276107,14.108973761683789,1.6885455997409677,,
1990-05-17,2229.2272215272533,6046.116076689869,100.0,13.880723,2.066395,13.544755,1.322043,13.635258665450163,1.1148263572476989,14.712036249037434,1.5811643156961503,,
1990-05-18,1540.528637582913,5767.307725900272,100.0,12.972455,1.880829,12.573189,1.0972698,12.657356112633348,0.9524123289602334,13.687393296988624,1.418746894365341,,
1990-05-19,1258.3948115867784,4071.663801855425,100.0,12.675103,1.7460369,11.706217,1.1296645,11.934965063565752,0.9563620189867049,12.930474425145864,1.4226947803211185,,
1990-05-20,1142.0974363238104,2876.830554709464,100.0,12.847726,1.7277461,11.337043,1.2511183,11.766348149017029,1.0213362565367776,12.753798198469799,1.4876686826928451,,
1990-05-21,1723.713110126161,4053.871395164909,100.0,12.710244,1.8428092,11.178019,1.2376399,11.635150329280169,1.0278055696886297,12.616329571426828,1.4941377575434598,,
1990-05-22,1422.3418220170174,2924.8732925918134,100.0,12.931077,1.7297564,11.166642,1.3431352,11.743938081374498,1.0662740286054557,12.73031700619894,1.5326064126627639,,
1990-05-23,1222.723799655485,2161.004816810036,100.0,12.35334,1.6067886,10.559423,1.3295897,11.207662385142255,1.0286655964872944,12.168409164853555,1.4949971444583126,,
1990-05-24,1055.306460340763,1770.7615318336157,100.0,13.164199,1.5885597,10.946021,1.397933,11.774330011069988,1.0578834328880466,12.76216156624426,1.5242158741772873,,
1990-05-25,902.0809581570834,1332.7253381998053,100.0,13.555137,1.6298629,12.639696,1.5044229,13.009214275113123,1.1125309486513237,14.056069076867974,1.5788666089330432,,
1990-05-26,793.5578843876037,1108.4277721237058,100.0,13.571414,1.6099777,12.6561165,1.4908929,13.038002411884053,1.0982351822927723,14.086233188169231,1.5645709384211435,,
1990-05-27,647.063057864894,928.980176653679,100.0,13.881988,1.5931761,13.147337,1.4393239,13.448956395760586,1.0712670454106383,14.516829367699145,1.5376042731058246,,
1990-05-28,573.4515932366296,873.3531804953581,100.0,14.407265,1.6529586,14.743307,1.3110868,14.610114263051571,1.027421879169183,15.733486611827036,1.4937643087202408,,
1990-05-29,525.8708101343414,1238.4642733009978,100.0,12.882758,1.7154418,13.754257,1.1337022,13.49450160251801,0.945894142451985,14.564551479651072,1.4122315451278764,,
1990-05-30,1145.6208062798628,2288.7375666617822,100.0,13.421852,1.6433886,13.376436,1.3562111,13.391585897434787,1.057068099018449,14.45671675566461,1.523405109677677,,
1990-05-31,626.9022827643425,1473.201830495358,100.0,13.342877,1.7137388,13.649733,1.2790295,13.558133213660966,1.0328200029791799,14.631224464292881,1.499157654094966,,
1990-06-01,292.6352344103748,975.731490495358,100.0,13.965056,2.1242092,14.659088,1.2008054,14.49896241581208,1.0457151803513656,15.61702208624308,1.512057045213525,1.8132200696899925,4858.18677993031
1990-06-02,304.779583867288,873.5649461543933,100.0,14.355667,2.748225,17.102036,1.3235064,16.391685536296016,1.2116083771458,17.60021090193583,1.6779617859212563,1.7772433010123887,4856.409536629298
1990-06-03,458.1530941888106,885.971630495358,99.9105704502196,14.495801,3.0556965,19.744495,1.420187,17.955445949669997,1.4004033685145103,19.23871371762153,1.8667694055144015,1.783084485210649,4854.626452144087
1990-06-04,185.1136524658468,693.734730495358,99.9276695369958,13.318814,3.4323783,18.606232,1.1950597,17.492532024998265,1.1885191482039086,18.753674089742578,1.6548811555414404,2.0661584658467222,4852.560293678241
1990-06-05,178.64213904569203,648.968790495358,99.88941012702026,12.37925,3.4683309,16.937923,1.0479501,15.95392090043523,1.1116400600937033,17.141522612904446,1.577990434685093,2.3148070456919556,4850.245486632549
1990-06-06,178.68482347952846,611.0156704953581,99.81746814119342,12.211445,3.36593,16.160547,1.0765553,15.266987393027685,1.1286597224655122,16.421756032007544,1.595005777645892,2.405373479528411,4847.84011315302
1990-06-07,292.52265413258397,649.1927304953581,99.74373593502538,11.67881,3.3858855,19.817204,1.230307,17.28919508391601,1.3511169935919327,18.54061833794915,1.8174773083428002,2.5969941325838897,4845.243119020436
1990-06-08,230.26773158157954,565.480970495358,99.66006919466432,11.530306,3.334726,19.838337,1.2131646,17.43422184366505,1.2939909883234066,18.69257688106502,1.7603525054488722,2.702236581579552,4842.540882438857
1990-06-09,188.3690963277253,638.9595304953582,99.61306131323975,11.524302,3.3906798,18.433176,1.2567853,16.860139152742462,1.240210143556514,18.091054999919837,1.7065670419678665,2.7787763277254185,4839.762106111131
1990-06-10,125.77639403046365,663.6240304953579,99.59733134424027,11.054066,3.335364,19.15503,1.1873785,17.864290202767663,1.1308417667854636,19.143201037617597,1.5972069908992879,2.9763940304637613,4836.7857120806675
1990-06-11,128.92732166516126,620.0321304953579,99.48986139777082,10.385736,3.0498948,18.815731,1.1505277,17.364575555293253,1.0875874944728003,18.61960173818298,1.5539484311793645,3.2363342651613753,4833.549377815506
1990-06-12,138.25994905197385,549.1874504953576,99.33657316050902,9.631205,2.7530973,19.521278,1.2024552,17.532179146519923,1.1087710500255636,18.795216208146066,1.5751333928959566,3.5332210519739555,4830.016156763532
1990-06-13,149.53929143360355,497.201430495358,99.12012812443638,9.012056,2.3852682,20.497086,1.2965385,17.841518860386063,1.139163051364476,19.119341302910097,1.6055280738969897,3.8165114336035444,4826.199645329929
1990-06-14,155.20520282939313,470.68053049535786,99.02363396257502,8.672109,2.026291,21.048492,1.3445128,17.97943516956199,1.129075801141216,19.263849540221315,1.5954420536455505,4.050588829392939,4822.149056500536
1990-06-15,160.9826351042023,551.678230495358,98.88696642442385,8.477554,1.7536478,21.230072,1.3255044,18.349411664382693,1.0998971364112762,19.65150964679307,1.566266795895567,4.266169104202356,4817.882887396334
1990-06-16,156.26201879235475,516.2205304953579,98.74197849466044,8.427255,1.500905,21.884483,1.3845431,18.757482168256114,1.1185814851140161,20.079084525832403,1.5849550839005708,4.461547792354736,4813.4213396039795
1990-06-17,127.44918125240909,589.1285804953579,98.61496912882728,8.438535,1.2405324,22.270447,1.406828,19.81032875687355,1.1774690534263368,21.182253582409732,1.6438536952324219,4.649181252409049,4808.77215835157
1990-06-18,127.74962641846805,617.593630495358,98.40547134169634,8.145028,1.1202492,22.141426,1.3790216,19.74248493339997,1.158681139295719,21.11116705608663,1.6250650313014563,4.949626418468059,4803.822531933102
1990-06-19,128.046926717957,768.2410704953579,98.22809284203544,7.992065,1.0786067,20.723074,1.2796379,18.904276226513147,1.1075957229549513,20.232894838283737,1.5739707853839868,5.246926717957064,4798.5756052151455
1990-06-20,128.30443577947855,750.8148780953576,98.02169936042856,8.043933,0.9439573,20.65285,1.2349647,18.81262129668785,1.0636853541078783,20.136859116119496,1.5300594997818613,5.504435779478394,4793.071169435667
1990-06-21,128.64005203196075,680.733730495358,97.84074360868853,7.9372816,0.97739166,20.160805,1.2627871,18.218025421253902,1.0733831009371215,19.513843590364125,1.5397515326099385,5.840052031960605,4787.231117403706
1990-06-22,128.97088074629465,680.425130495358,97.74873966639504,7.935785,0.84750575,20.735813,1.2986162,18.696229422130834,1.1000127088353298,20.014904107824375,1.5663857041737141,6.170880746294523,4781.060236657411
1990-06-23,148.23821988775993,734.2189804953578,97.64966722313478,7.8319016,0.84898233,21.169453,1.3321235,18.928964591010857,1.1174864990432585,20.258763222211485,1.5838618100535498,6.574759887759791,4774.4854767696515
1990-06-24,129.87273007773786,638.170390495358,97.56482294786488,7.6219773,0.8450672,20.619692,1.2517546,18.421835212581865,1.0498587877037713,19.727394793028644,1.5162291324293484,7.072730077737731,4767.4127466919135
1990-06-25,130.36382166301775,597.3798304953582,97.4172991400354,7.595497,0.86629397,19.460117,1.2038666,17.334757361468604,1.0003231375455341,18.58835833662191,1.4666838274487606,7.563821663017605,4759.848925028896
1990-06-26,130.791432025182,586.3742304953583,97.24069396913424,7.8637953,0.81817716,20.052582,1.25012,17.829679987472975,1.0329661235119487,19.106936572340924,1.4993310414761565,7.99143202518166,4751.857493003714
1990-06-27,131.32545715771965,536.2695804953584,97.03600533670851,7.9744344,0.87823784,21.907282,1.3787258,19.16649222885283,1.120904440442788,20.5076438691947,1.5872821786711917,8.52545715771951,4743.332035845994
1990-06-28,151.9893981666117,500.1537466999361,96.80870359036588,7.960537,0.83170253,23.487345,1.4137056,19.868645090874363,1.1014162556437677,21.243357237831372,1.5678015461597836,9.191343564569147,4734.140692281425
1990-06-29,170.56499191072152,442.9043027848326,96.56767224019308,7.6571407,0.79007787,23.822609,1.4828632,19.3280678528266,1.0928817421491899,20.67694225567577,1.559261168334084,10.140806672255861,4723.999885609169
1990-06-30,452.9930228128575,271.07601089440624,96.74906754216592,7.9278774,0.85653883,32.85663,10.032404,17.260670379388067,3.7939527215722793,18.510730250051598,4.2603128026637345,10.934003900261189,4713.065881708908
1990-07-01,254.8142923435234,697.315147337549,96.71305388347017,7.95995,0.96243036,22.036583,1.3541805,18.26931442108614,1.0246680573873757,19.567584029065667,1.4910369660098337,11.978303417338394,4701.087578291569
1990-07-02,136.00015783839447,503.1072504953581,96.7261353961082,8.019886,0.9421231,20.664646,1.2372227,17.97387875757627,0.9943652423072531,19.25802755073632,1.4607314448376292,13.200157838394473,4687.887420453175
1990-07-03,153.54331206908512,467.2484904953581,96.6602028838224,8.155135,0.9201376,22.350517,1.3599114,18.83950765987965,1.048553772118907,20.16503055556543,1.514928185721275,14.585417377485026,4673.30200307569
1990-07-04,329.49225342420755,551.4592642598701,96.38331782027636,8.315221,0.9257808,27.615913,1.7083373,20.397095378975045,1.1240483894070934,21.797065643286324,1.5904397356610245,16.185198341000156,4657.11680473469
1990-07-05,379.7462564633518,579.8634456164827,96.00889171511376,8.300454,0.95653445,29.694933,1.7751917,21.228497870445203,1.1375233978480666,22.668206331841514,1.6039249178118646,18.322613313270224,4638.79419142142
1990-07-06,527.5580710762073,673.7228131106607,95.49927203207012,7.4126377,0.9118792,28.031742,1.7613076,18.976595144007753,1.0658953301175809,20.308670352824734,1.5322711226779144,22.219145442069944,4616.57504597935
1990-07-07,403.32678408638077,638.7418688580705,95.12586642589362,7.6105943,0.9102862,23.32471,1.4128356,17.242650816243017,0.934930924593116,18.49184941338501,1.4012908585573223,25.892276619108134,4590.682769360242
1990-07-08,440.2392837352726,658.8487048583233,94.71255193041496,7.711573,0.90743166,23.28341,1.4684484,17.04611602118976,0.9523510455908274,18.285920926948798,1.4187093989861868,30.838274734771975,4559.844494625469
1990-07-09,416.08811102479024,650.7957335853233,94.35604214677304,7.9181023,0.8702167,24.957563,1.5847503,18.312119069360108,1.0245381329350842,19.61243459320676,1.4909074419118142,37.36362699529011,4522.480867630179
1990-07-10,434.8667621634836,661.5510841244782,93.97184613589482,7.95072,0.85974234,28.264862,1.7175288,20.20776477198357,1.0909740060785962,21.59868568047496,1.5573631460071495,46.70006511941201,4475.780802510767
1990-07-11,454.49436570118877,661.4898077191151,93.5323086641441,7.262167,0.8399889,25.659344,1.6278288,18.166931753931614,1.023730104835796,19.460307820398796,1.490098064366311,62.91448852634664,4412.86631398442
1990-07-12,932.2785513354654,708.2196073825074,93.39886529890724,7.0393877,1.1558342,27.036781,8.498633,15.672464292838901,3.7272796318471944,16.846613341576294,4.193628171391359,86.18768048754899,4326.678633496871
1990-07-13,627.5239233342448,1477.524930495358,93.48602542939324,8.078537,1.7238971,17.914024,1.0483954,14.982024172407174,0.8975469420034107,16.12317254353941,1.3638913637174566,112.23622333424477,4214.442410162626
1990-07-14,388.66620303100467,864.786300495358,93.36139957556678,8.089664,1.3511716,18.438593,1.179589,15.229633085497683,0.9153392936748018,16.382616316266922,1.38168512944374,147.9962730310045,4066.446137131622
1990-07-15,1044.712598740845,543.5189704953586,93.18174257409784,8.408251,2.3651419,30.659397,3.6806982,16.02295912490749,2.001735021762509,17.213860628511117,2.468085860307518,160.53609874084498,3905.910038390777
1990-07-16,993.3826466673661,1014.6845314953572,93.0282475784397,8.723832,2.4545557,26.131714,2.8644054,17.52010573943927,1.8892799384488956,18.782565733477835,2.3556421789519177,125.76674666736591,3780.143291723411
1990-07-17,524.396631994333,882.593530495358,92.81650104317602,8.915742,1.4129416,22.142065,1.9944129,17.212507268235868,1.357395273943343,18.460265106823684,1.8237549626197538,81.24211199433283,3698.901179729078
1990-07-18,377.4535758632294,768.6237604953583,92.57545481681365,8.772391,1.0437392,23.186787,1.757994,18.439493524444643,1.228098814806039,19.745897111836545,1.6944693275166396,55.585305863228825,3643.3158738658494
1990-07-19,308.2926196615735,679.3539304953578,92.3171371933794,8.428161,0.8983209,25.629086,1.7245266,20.25983862853854,1.218910316785963,21.653248489367684,1.685300059460501,41.175339661573254,3602.1405342042763
1990-07-20,303.9479237098556,621.8135804953586,92.0629383827874,8.071497,0.8163624,26.360779,1.665826,20.356004125579886,1.150553771670474,21.7540103684423,1.6169446355936765,32.323083709856355,3569.81745049442
1990-07-21,304.41117546609365,662.795932483809,91.83139596715613,8.142216,0.83419526,25.71969,1.5509208,20.187493899855625,1.094745276229676,21.57744592995181,1.561134182364707,25.805000856265917,3544.012449638154
1990-07-22,256.21336106687954,610.3547804953578,91.57052627214335,8.008452,0.7758451,25.109589,1.503088,20.053391221296398,1.083244921128965,21.436933601764526,1.549632292429413,21.566461066879278,3522.445988571275
1990-07-23,227.78592068089006,530.0859804953575,91.30365701576544,7.8865175,0.72358066,25.085213,1.4805547,19.915974198156867,1.0581494526263082,21.29294851465552,1.5245352724890346,18.440850680891085,3504.005137890384
1990-07-24,196.66665242353812,494.6901229253589,91.04166456776171,7.928097,0.70580214,25.320494,1.4611633,20.372969347173065,1.0646173037845605,21.771786469634925,1.5310083666122076,15.895594423539732,3488.109543466844
1990-07-25,181.2194603093255,460.1238304953573,90.75667457871364,8.08021,0.7416303,25.881508,1.4981302,20.8515314346193,1.0950531378398414,22.27322218897843,1.5614499470116097,13.83681030932593,3474.2727331575184
1990-07-26,218.0969636491436,443.64267632391113,90.4161486071728,8.076661,0.7376435,27.557991,1.5934253,21.137310375973392,1.095576697735335,22.57266038684281,1.5619770632705663,12.326462428012942,3461.9462707295056
1990-07-27,310.26139257583986,540.3436877429152,89.97699741638903,8.07532,0.7471981,27.957218,1.666321,20.70522135001722,1.0930477345022604,22.119918982468374,1.5594427590634234,11.126731460589449,3450.8195392689163
1990-07-28,449.59982680002054,705.1409741147477,89.43913551412714,8.044975,0.7508684,28.938759,1.7164781,20.8037371495317,1.0881726040846669,22.223143500440234,1.5545688275962066,10.123275927592228,3440.696263341324
1990-07-29,371.17121461946647,583.528034900299,88.9852968668659,8.153399,0.76859057,28.473255,1.7046258,20.573232693700724,1.0838990076458044,21.981621719560604,1.5502924432794607,9.213984763008673,3431.4822785783153
1990-07-30,386.712313270658,601.8317858355117,88.51698366131868,8.179061,0.7695552,29.122656,1.7114978,20.929651578791884,1.0845878152167021,22.35507620900211,1.5509855872778084,8.4651804569898,3423.0170981213255
1990-07-31,425.841989347259,653.0411746332753,88.03298138940366,7.7206516,0.6849701,27.56757,1.6909082,19.73386598153644,1.0586027497962438,21.10213614778643,1.524986546923306,8.072255607439633,3414.9448425138858
1990-08-01,361.9723750671561,588.0441794780602,87.70927311708873,7.9750257,0.7538382,24.952276,1.454021,18.48365662137824,0.9447349665431922,19.792171053839574,1.4111059009420805,7.412342309213911,3407.532500204672
1990-08-02,284.53489834793396,408.6607657341135,87.4428173633352,8.164824,0.78636986,25.578445,1.4949366,18.430704335455456,0.9385618974804139,19.736687829658013,1.404932326534143,6.849262704785605,3400.683237499886
1990-08-03,311.1733855642935,415.0870807612604,87.16579655300876,8.310787,0.78963476,28.33218,2.1249518,19.75381884688183,1.2607395791143825,21.123042691889875,1.7271235960147724,6.357035569493232,3394.326201930393
1990-08-04,331.9257839023571,443.5187901295171,86.80131999524964,8.336898,0.78808755,30.092718,2.4926815,20.78023088696319,1.4650652445093089,22.198513718873087,1.9314611809385767,5.959247528790124,3388.366954401603
1990-08-05,448.49138281927196,279.720376284146,86.53601093049512,8.097584,0.74742687,34.043335,12.816435,18.063854151814063,4.944517600789132,19.352303461253182,5.410884616894413,5.740971843686656,3382.6259825579164
1990-08-06,652.0588214462356,465.63173049535806,86.61113742336718,9.159223,1.3969777,31.682774,5.8062806,18.542571155690144,2.5525130044615354,19.853901501502325,3.018884504873852,5.09732144623623,3377.5286611116803
1990-08-07,393.1419826794456,872.858930495358,86.75357450770447,8.983774,1.2172939,21.821793,1.3035253,17.835094045096053,0.9749939466099232,19.112609403411355,1.4413589123745747,4.90454267944638,3372.624118432234
1990-08-08,276.6983917878878,652.022990495358,86.67141504828419,9.123123,1.1363235,22.026478,1.2355233,18.182119810354283,0.9311446000816668,19.476221814000695,1.3975126996489697,4.633101787888523,3367.9910166443456
1990-08-09,282.9626781657643,471.572490495358,86.52017343229078,8.6788645,0.88507426,23.002773,1.4728385,17.631079869087994,0.9785143513943004,18.898844047177686,1.444877539094402,4.554918165765077,3363.4360984785803
1990-08-10,371.9579438309598,527.849730495358,86.38839352997346,8.915347,1.0763558,22.628605,1.4340062,16.95988776615218,0.9516449286737667,18.195571256076963,1.4180026025471058,4.28999383096052,3359.1461046476197
1990-08-11,345.5087995176527,685.911790495358,86.34804259297944,9.303767,1.2415309,22.262413,1.302875,17.921481493954737,0.9610792970550449,19.203125877024764,1.4274450300645232,4.008909517653432,3355.137195129966
1990-08-12,221.89299594215979,629.454430495358,86.24507355799238,9.473467,1.1598771,22.912163,1.3321899,19.409535763999067,1.0303195350388756,20.762304054518157,1.4966998236269484,3.800595942160499,3351.3365991878054
1990-08-13,291.0018261836467,557.376510495358,86.15074884110795,9.2896595,1.0443106,26.212372,1.6228389,20.407720790245826,1.1247549942755297,21.808198912894696,1.5911464655650887,3.694476183647442,3347.642123004158
1990-08-14,343.4923686993245,722.0474704953581,86.11976942887635,9.229874,1.1221616,24.936256,1.421825,19.873073957365758,1.0291507317301305,21.247997789001733,1.4955360716716508,3.579368699325242,3344.0627543048327
1990-08-15,264.6850304032675,607.653530495358,85.99442469210061,9.046482,1.0402001,23.775248,1.3344411,19.30624446468033,0.9816659934359256,20.654075784175628,1.448045189891483,3.4982204032682396,3340.5645339015646
1990-08-16,243.39482355532505,514.269030495358,85.81904952353918,8.881159,0.95723736,24.012444,1.3948876,19.15161198323729,0.9954742171739271,20.49205239870431,1.4618518014517767,3.4127475553257742,3337.1517863462386
1990-08-17,230.7557411372202,451.170970495358,85.62807180106341,8.80118,0.93438625,24.951359,1.4684917,19.486333829664154,1.0217263856954812,20.842772805200983,1.488107494201507,3.310071137220948,3333.841715209018
1990-08-18,217.31182300301336,394.729230495358,85.42714043876678,8.744544,0.9059478,26.797094,2.0281448,20.387340299071194,1.3470010412607694,21.78684430390914,1.8133922728344425,3.20295300301406,3330.638762206004
1990-08-19,359.65804532486845,394.4919904953581,85.18639505603322,8.231198,0.7037268,29.861225,4.1363835,19.545753675624717,2.1895941925815277,20.905032716681877,2.655975940098106,3.202485324869216,3327.4362768811347
1990-08-20,338.6789228277471,407.7542604953581,84.9156507480687,8.426398,0.9179636,23.948675,1.843545,16.90575673983234,1.089805518334213,18.138852951736695,1.5561627699721843,3.0691128277478366,3324.367164053387
1990-08-21,533.4550446117881,418.9520704953581,84.70140184540605,8.512522,1.0270433,24.769375,3.1529508,15.663709675357305,1.5015116074656825,16.83744028330524,1.9678600913841142,2.9520446117888475,3321.415119441598
1990-08-22,504.6398859588697,454.540850495358,84.45899943780864,9.196828,1.28326,22.263605,2.1493025,15.388970630011558,1.2219669463866734,16.549569650740413,1.6883137291856818,2.739815958870376,3318.675303482728
1990-08-23,404.0118063929803,464.226030495358,84.233256823481,9.472343,1.4773765,20.474285,1.7152648,15.354818841857956,1.1461640829859958,16.513785523855116,1.612510660357506,2.6131763929810155,3316.062127089747
1990-08-24,578.6210770728492,425.519910495358,84.20280957468705,9.767389,1.6664033,23.559263,2.2176976,15.61190419501136,1.3435967494015577,16.783158678086938,1.809944905948528,2.491697072849881,3313.570430016897
1990-08-25,424.2480584507767,259.0959504953586,84.22376149953706,10.053781,1.6017317,24.761436,3.0673642,15.6303189270443,1.5301910385646358,16.802453571363436,1.9965393111271827,2.377228450777791,3311.193201566119
1990-08-26,346.6816610437482,383.9756004953581,84.15965397141109,10.122886,1.4231058,22.55157,1.9545262,16.65441848931665,1.2292136735996193,17.875501592003182,1.695569008637337,2.3101710437489635,3308.88303052237
1990-08-27,333.33125142753414,343.383800495358,84.02288892618793,10.102798,1.4551644,23.44923,2.2392793,16.875144426769644,1.3434577400996592,18.10677747475256,1.809814754437369,2.258031427534902,3306.624999094835
1990-08-28,433.38778788624114,329.529730495358,83.93931218769255,10.232623,1.39198,25.326035,2.577318,16.751975043438218,1.3654840700669915,17.977721015931362,1.8318401404518168,2.182817886241891,3304.442181208593
1990-08-29,742.3335357167124,414.827030495358,83.90721034498047,10.075509,1.4844108,30.580711,4.91918,17.426357713661307,2.00414931511243,18.684336872529283,2.4705107664219286,2.158635716713115,3302.28354549188
1990-08-30,384.34855857114366,441.755050495358,83.82191915958003,10.078612,1.3892454,23.745783,1.7687973,17.38706799700984,1.1456071803382577,18.64316924172705,1.6119683038861163,2.108798571144359,3300.1747469207357
1990-08-31,321.14224980611687,352.386030495358,83.71436886044258,9.892197,1.2685006,23.85228,1.6477753,17.196029887497662,1.0531120062021992,18.443000163611302,1.5194715612360747,0.0,3298.084907114618
1990-09-01,282.3105220988001,303.14473049535945,83.5509840174959,9.762602,1.2270876,24.324364,1.7248554,17.30258266877963,1.071345489736994,18.554645803606082,1.5377059144727614,,
1990-09-02,263.862942098801,297.15655049535866,83.37846133986496,9.712573,1.1623063,25.07666,1.7883356,17.850506199658792,1.0936593825593404,19.12875820627838,1.5600244845806557,,
1990-09-03,249.78545209880167,302.9839604953596,83.1992689503782,9.797626,1.3658134,23.760551,1.6155775,17.450984241020198,1.0793885755574422,18.710140463714353,1.5457502332057063,,
1990-09-04,236.0887020988013,262.0513904953595,83.0064619442228,9.666812,1.2563186,22.56815,1.7074882,16.453684780185696,1.077664723245348,17.665173497749624,1.5440185794603751,,
1990-09-05,231.29330363812872,286.7042774394057,82.84127133252552,9.616981,1.2658592,21.264767,1.6615294,16.063864150502848,1.079445666607514,17.256720774503098,1.5457967826158099,,
1990-09-06,228.77315313774025,298.8958760388325,82.66877692721214,9.713312,1.2836628,21.223482,1.6226598,16.233198953407886,1.0745084427954306,17.43414920214493,1.540860727777419,,
1990-09-07,229.1619688252522,320.86122989797013,82.43762855988781,9.780925,1.3121406,22.33469,1.7950749,17.10428239792958,1.1812892453182247,18.346867457664967,1.647648061896292,,
1990-09-08,232.3543999074931,345.80707792455814,82.18118100978592,9.7588415,1.4449506,20.921011,1.4229671,16.435102993506,1.030332415034964,17.6457035651853,1.496686136686608,,
1990-09-09,252.1027751028201,369.4787257154197,81.89142787655268,9.19283,1.3161368,18.668873,1.4127167,14.825552736865028,0.9950444988518944,15.959222308249196,1.4613880631382863,,
1990-09-10,290.8142937240151,328.0741093921672,81.63622429114398,9.60589,1.3767648,19.22447,1.6594288,14.704720704178753,1.0919448496028823,15.832614917444156,1.5582877709182006,,
1990-09-11,262.9603853739899,377.6233912606388,81.40278359405703,9.87353,1.3034784,20.365715,1.4044949,16.058661029054743,0.9858032139915162,17.251268961635756,1.4521542946002457,,
1990-09-12,267.9290204302531,386.77465220778913,81.1445837201751,9.9636545,1.3100914,21.897179,1.581876,17.013538058695662,1.0773856202340204,18.251785849209675,1.5437437158992657,,
1990-09-13,276.37871047985857,394.6790849029673,80.862180654177,10.028015,1.3774191,22.572895,1.7060966,17.40621975408135,1.1526931581107671,18.66323638731957,1.6190544412053878,,
1990-09-14,290.39699151219645,392.2901800680828,80.54915693629954,10.000701,1.4035231,22.55777,1.7294874,17.216326196652698,1.159349706788785,18.464266566964486,1.6257094264835685,,
1990-09-15,317.2917420988022,494.91353049535786,80.34522248312553,9.889212,1.5273834,20.246922,1.4548589,16.200634320613982,1.0686107892069552,17.400028091220108,1.5349628468378225,,
1990-09-16,170.87004209879802,388.1827704953578,80.20190939593246,9.678699,1.7521585,17.27149,1.1968595,14.95081379631305,0.9886547414431981,16.09047041815532,1.454998989895946,,
1990-09-17,167.21033984869925,338.38815537266527,80.02959821546769,9.398829,1.8350282,14.875135,1.1001637,13.064024452059154,0.9541834629989637,14.113498992912808,1.4205193065802442,,
1990-09-18,216.6743729598915,380.75734763238336,79.77528990467412,9.477654,1.7147632,13.5199795,1.0288424,12.053923677104708,0.9037225899336709,13.055118853772303,1.3700556072990453,,
1990-09-19,245.6259704034885,391.00506619783306,79.54730050722502,8.771408,1.7201934,12.29497,1.151948,10.935503624024271,0.9700720977560164,11.883242145282315,1.4364033472429583,,
1990-09-20,219.7695337112772,315.2190384309739,79.38671821230137,9.7857685,1.8920529,12.159221,1.0888271,11.184223270330069,1.0078117781664733,12.143849740475952,1.4741432970971917,,
1990-09-21,220.57585530336044,372.588450402283,79.16063843812367,9.77761,1.8583543,13.968269,0.8583519,12.409918146493045,0.8764991772068998,13.428128641891186,1.3428330574622183,,
1990-09-22,226.19521154475663,377.184832644089,78.85677252918137,9.663822,1.8531129,14.314449,0.8734579,12.57102143424557,0.883592033527627,13.596932116094242,1.3499263519199582,,
1990-09-23,207.6018607542861,360.6841958777546,78.59442751285262,9.773703,1.8820734,13.997787,0.9024859,12.454677512801208,0.8948818567686108,13.475027352906642,1.3612158557736018,,
1990-09-24,236.93564693536115,394.36944518900486,78.26059897020735,9.860756,1.9111544,13.351875,0.932045,12.041620342437303,0.9238440298386029,13.042227461764643,1.3901770199734564,,
1990-09-25,251.6540410619343,415.5672743319855,77.90366434988944,9.858044,1.7252473,13.255854,0.92921376,11.97431094279428,0.870841434583875,12.971700902904356,1.3371742788098304,,
1990-09-26,264.11458854343266,418.46158825897294,77.60440552812359,9.577101,1.6555823,13.479597,0.8917058,11.969573376222737,0.8421562985389223,12.966736896845253,1.3084891326902908,,
1990-09-27,267.1921455738259,417.762894178235,77.30381449855246,9.929312,1.5596954,14.145081,0.8614694,12.500563409357744,0.8038898293295955,13.523106438465488,1.2702239524516559,,
1990-09-28,286.35587450573786,420.8136234410064,76.98656390798433,9.935726,1.4146847,15.561026,0.9246244,13.28315935249719,0.794288680265297,14.343107792516598,1.260625291020891,,
1990-09-29,306.5731889877705,422.14652830436273,76.59104087071448,9.952725,1.3376672,16.623798,1.0095898,13.817270616609441,0.8116348518326612,14.902747749285396,1.2779735625423505,,
1990-09-30,296.49849161292457,428.4874346795253,76.32382975861243,9.926821,1.5457128,17.135223,1.0876774,14.187193047240466,0.901593402614353,15.290351207584013,1.3679337589835718,,
1990-10-01,293.0021787277208,397.9961614244578,75.70684610890504,9.787819,1.5939038,16.03336,1.0715737,13.385079636978983,0.9152690441847855,14.449899518199556,1.3816060304681161,,
1990-10-02,271.21634848388067,452.0598317609689,75.13353785980176,9.710591,1.360501,14.254831,0.9906745,12.550818085782087,0.8022857231277002,13.575763116635898,1.2686199849470055,,
1990-10-03,271.9948832341971,475.0781986421208,74.69371095435154,9.653764,1.3707515,13.688297,0.9711218,12.219401530413013,0.7940020871662085,13.228505982811,1.260335487601751,,
1990-10-04,287.9284400201504,448.4840035376718,74.28621343399243,9.514396,1.2753862,13.542644,1.0633605,11.967646920114612,0.8173416091173459,12.964718362720422,1.2836744391793857,,
1990-10-05,264.1844475615311,394.21580674189846,73.9399784844619,9.830041,1.4796834,14.194833,0.9306346,12.44345114394277,0.8142479638453634,13.463264401992191,1.280581932850741,,
1990-10-06,250.413881692217,449.8586436923483,73.5993669610264,10.0775385,1.1942652,15.0087595,0.9284091,13.245380029306471,0.7335485700336244,14.30352274681952,1.1998850446085754,,
1990-10-07,283.47635815055264,451.9357946758397,73.14725589572102,10.0566435,1.2515348,16.56456,1.0197107,14.055979615344738,0.7908345767531048,15.152866222174348,1.2571743314866142,,
1990-10-08,303.78333384175966,467.8512122805145,72.5647838150924,9.975318,1.4395434,17.769018,1.1278828,14.700731187952236,0.8881628705812211,15.828434715979492,1.3545057709523025,,
1990-10-09,283.6776004878625,485.11342178787,72.00344758685559,10.254113,1.5587952,17.617598,1.156404,14.900532057116257,0.9291381929420857,16.03778538370445,1.3954821646039135,,
1990-10-10,232.17157555609987,516.7779068993323,71.527657921352,10.4791155,1.4810787,17.915989,1.1577168,15.610585602818274,0.9213722827424448,16.781777061694402,1.3877204309969653,,
1990-10-11,241.5111264705098,508.3827042980416,71.03002310484257,10.33897,1.6650021,17.985023,1.1533456,15.522532312181967,0.9481083486513713,16.689515124760796,1.4144559476505187,,
1990-10-12,419.3147109077216,337.25547991044624,70.67665843748176,10.684831,1.7327787,21.432953,2.8280106,15.476009540779534,1.5847719836570655,16.640768723915464,2.0511192960384164,,
1990-10-13,436.018877407203,118.45654449535874,70.49950173236104,10.736262,1.7384613,23.51337,7.2543435,13.465927199902453,2.0665740204451075,14.534611318267201,2.5329113130633254,,
1990-10-14,256.2447074072008,220.88179049535685,70.7405124696224,10.727509,1.9046426,20.961803,2.4006088,15.465391244788572,1.5104349447650744,16.629642909672963,1.9767821920761095,,
1990-10-15,180.12496740720326,269.54433049535453,70.62700977912894,10.557073,2.0721347,17.84608,1.3433369,14.926307604778108,1.1564456314284552,16.064792914435234,1.6227897446183097,,
1990-10-16,169.48846446013007,327.06734183669363,70.40531844351278,10.313413,1.9568331,14.965528,1.0601474,13.377629869210274,0.9662960192043542,14.442093676997262,1.4326329776363655,,
1990-10-17,210.24696499024344,371.04613223797617,70.11739216064903,10.337184,1.8885834,13.592373,1.0496609,12.415008843725778,0.956823351097793,13.433462657049967,1.423157244743595,,
1990-10-18,801.6860474072016,116.88184049535936,70.25562218653775,10.673084,1.9288186,17.669254,796.2734,11.563301783425443,101.33463764543463,12.541046910682214,101.80096971113029,,
1990-10-19,809.8886874072032,1197.2539044953526,71.16985653050402,10.935325,1.8348875,10.294114,1.2184757,10.552844697153324,1.037511359251897,11.482293429761041,1.5038423323652335,,
1990-10-20,293.9442274072032,837.8484304953574,71.30738735304917,10.981341,1.6495618,9.109773,0.930514,9.595848294878273,0.8112018800736739,10.47955587078579,1.277532895188796,,
1990-10-21,239.1485774072032,611.7228904953575,71.25384443473747,10.7483225,1.4229672,9.708424,0.89751655,10.000700821292053,0.7591524538242792,10.903758964043021,1.225483323332396,,
1990-10-22,229.2108274072032,526.7613304953557,71.10611355404333,10.682793,1.1472496,9.648804,1.0994889,9.962309255931816,0.8413932191061142,10.863532413093564,1.3077240943760102,,
1990-10-23,1334.937547407203,489.1590104953599,71.10291163886644,11.214604,1.5433913,14.6839075,62.990482,12.14495035058828,16.92956923522585,13.150496291089274,17.395902459436225,,
1990-10-24,1072.9481474072024,3863.36463049536,73.15048014199374,11.127621,1.7010684,10.376894,0.9702364,10.540070614645908,0.8445811092431751,11.468908789775787,1.3109120760192694,,
1990-10-25,644.5344474072003,2072.028430495356,74.07806755378084,10.828857,1.5328796,10.260455,0.8958187,10.395314832033948,0.7740401719987249,11.317234175577864,1.2403710800022454,,
1990-10-26,245.1805574072032,1594.0622304953567,74.58441406075652,9.879436,1.2387336,8.529906,0.8027107,8.709805490076455,0.7150339606496001,9.551163248700254,1.1813659485533474,,
1990-10-27,159.31825740719978,1182.6965304953571,74.93113337238736,9.421481,1.2057036,6.5456767,0.725514,6.887079913052894,0.6552098332245582,7.641317619770652,1.1215466458833139,,
1990-10-28,153.09263740720317,910.4579304953564,75.16766854991255,9.266533,1.0186238,5.6218495,0.6487158,6.146482972387411,0.5743672236979023,6.865322676945354,1.040707082351675,,
1990-10-29,151.05761209879864,820.5805304953569,75.3209939431156,8.694806,0.9965527,5.946937,0.68479055,6.3741398807233285,0.5987213023346052,7.103860807293517,1.0650601578814107,,
1990-10-30,122.78817209879948,715.2524604953549,75.39009089275697,8.958802,1.0341992,5.2972484,0.7091579,5.833732500407731,0.6239332234468473,6.53762380148905,1.0902745567996475,,
1990-10-31,121.74382609880011,643.6937304953587,75.40712291794479,9.111554,0.9693536,5.744985,0.76807845,6.280442232007814,0.6640603617266075,7.00568473125879,1.1303996229483142,,
1990-11-01,116.23842409880078,594.7020304953564,75.4833258673884,9.206742,0.9291125,6.973248,0.76338464,7.338423251122511,0.6563917925050178,8.11423362655998,1.122727056486814,,
1990-11-02,122.4602920987977,547.3258604953594,75.6305235755275,9.468265,1.0565748,8.529401,0.7689474,8.701057897155184,0.6573815920958921,9.541997550739497,1.1237135940799519,,
1990-11-03,117.55814609879783,514.1412604953555,75.74884082186813,9.655712,1.1878747,10.49813,0.67826074,10.341357392427698,0.5946542459626465,11.260697754802715,1.0609851381906328,,
1990-11-04,115.37621209880028,483.9432004953615,75.84213191861488,9.830742,1.2589054,11.270367,0.6895868,10.993221541736641,0.6072880016508153,11.943718782162506,1.0736193073603022,,
1990-11-05,123.58863609880032,459.5186704953556,75.91622464561557,9.840985,1.4064027,10.761148,0.6607157,10.566121383161825,0.5999668177331866,11.496204695976667,1.0662977976309058,,
1990-11-06,586.2642920988009,554.7423304953568,76.1493743704807,9.404822,1.1595628,7.501862,3.3624482,8.479628217450127,1.739963997807407,9.309984289264031,2.2062963853572874,,
1990-11-07,251.53453209880084,685.2148304953579,76.34019795950444,8.606269,1.1294073,6.59826,0.86245054,7.137447475463471,0.6999738535794563,7.903651895825758,1.1663097783863843,,
1990-11-08,229.13004209880063,563.0519604953587,76.426133924325,8.012127,1.032845,4.480319,0.9796975,5.501856106834777,0.7577080479292431,6.189884850766007,1.2240510685044537,,
1990-11-09,174.71254209880044,532.3248804953605,76.46822914492779,7.864342,1.0034032,3.2739916,0.8749462,4.408290564855202,0.703860040966155,5.044050614046606,1.1702095124976843,,
1990-11-10,1660.5257420987978,2738.432730495358,78.64250124070348,8.631105,1.5269252,2.942614,2.6308556,5.089914711164017,1.7362217431224785,5.758254064533401,2.202567033180016,,
1990-11-11,54.93684209879898,5149.30393049536,82.97090025572173,7.5111384,0.837618,5.5589647,0.65284634,5.579572203777459,0.6460153001647697,6.271315511483362,1.1123579143447209,,
1990-11-12,54.936842098795736,4345.011930495362,84.80971774549536,7.0521774,0.7669485,4.998561,0.6332537,5.024201932779189,0.6254203379401818,5.689400439969674,1.0917660079737848,,
1990-11-13,54.93684209879926,2843.1014304953565,85.98107527161848,6.730237,0.7484986,3.8875213,0.60607773,3.9414093840225957,0.5947578618257671,4.554854108723678,1.0611105040947932,,
1990-11-14,1478.2609710468191,3348.311715029758,85.50679238396306,6.9612427,0.89403415,1.969082,1.1909062,3.498058514196814,0.8703559232944112,4.090312582839356,1.3367118072541455,,
1990-11-15,1322.4901679513628,3031.675015029759,84.98031559354664,7.607671,0.7764708,3.5462708,1.5282897,4.779839455458412,1.0899234704317333,5.433358271544305,1.5562705967896098,,
1990-11-16,54.93684209880068,1320.3849304953594,85.63212267168923,7.5591784,0.6609365,5.9409485,0.5823659,6.005588224025179,0.5597264129825293,6.717693641236011,1.0260669221447067,,
1990-11-17,1339.255357416756,2792.253715029757,85.05505264008787,7.2926254,0.706285,6.460197,1.2244098,6.730034033593675,0.8585968533731124,7.476765484107766,1.3249342595365543,,
1990-11-18,387.7894737036011,1171.5361304953576,85.44699023412149,6.778592,0.69840306,4.2471952,0.62941307,4.87672961157589,0.5037719627308397,5.534879445921768,0.970118503482865,,
1990-11-19,399.626823340406,1409.9957607469885,85.47315982589083,6.6031113,0.67671245,3.7055788,0.6444248,4.345453496079492,0.5238805730895602,4.978210148181192,0.9902304568496363,,
1990-11-20,387.7894737036013,971.8257753526406,85.6438940736773,6.6332192,0.63585645,3.4458375,0.6567469,4.354942547838716,0.5032446653232707,4.988152744177806,0.9695944865430755,,
1990-11-21,387.7894737036,881.1846704953598,85.73954350534078,6.587577,0.62624395,3.728301,0.6838747,4.602075403457331,0.511998792082656,5.247097705513585,0.9783470207684497,,
1990-11-22,387.7894737036,827.8261801765724,85.79270555483976,6.7242184,0.6223438,4.251052,0.6740733,5.0400084443200415,0.5001320533494539,5.705962448730323,0.9664776315327572,,
1990-11-23,387.7894737036004,1139.671985299664,86.08802007762193,6.7955227,0.6578643,5.6234636,0.63007724,5.921024111181759,0.4989010455969624,6.629087652866633,0.9652419560928793,,
1990-11-24,387.7894737036004,1106.7979512963852,86.31258130886809,6.520626,0.6280119,5.6988397,0.68445337,5.912062465374029,0.5324112249878123,6.619697671023147,0.9987521784941966,,
1990-11-25,387.7894737036004,1200.729566388679,86.44452268640472,6.639918,0.6478874,4.9919286,0.70994496,5.394235932100047,0.5594554553384657,6.077120799560121,1.0257990500901712,,
1990-11-26,387.7894737036004,1075.2415114405712,86.51787500438024,6.4859157,0.6346151,4.5960507,0.7732431,5.096976372954414,0.5926602005497714,5.765653249618296,1.0590054500679886,,
1990-11-27,387.7894737036004,1031.7855196777018,86.54668208724603,6.6890335,0.66720843,4.3040576,0.76711494,4.95556847800359,0.5865943625844592,5.61748654066753,1.0529404347552687,,
1990-11-28,387.7894737036004,988.8013883752476,86.55405581587985,7.11656,0.73284376,5.466789,0.9580661,5.931533907102727,0.7184745559400217,6.6400997811066835,1.1848154161123134,,
1990-11-29,387.7894737036004,981.7045782849302,86.54700398547499,6.814321,0.74274015,6.938679,0.8919935,6.9034656355743635,0.6731148508706604,7.658486523816858,1.13945160322995,,
1990-11-30,387.7894737036004,955.8138329291836,86.50915443302208,6.2667675,0.6408879,4.697041,0.923279,5.150093954070558,0.6823526515816665,5.821309669538424,1.148697597992409,,
1990-12-01,387.7894737036009,872.7747482141183,86.20932116003502,6.343897,0.6525567,2.761899,1.0573355,3.8638349729586645,0.7590911971364886,4.473571905985749,1.2254443903888113,,
1990-12-02,387.7894737036,684.1522304953563,86.02250735248785,6.327944,0.6597762,2.162516,1.1680812,3.6694161689414533,0.7827883668361031,4.26986054772395,1.2491429712131144,,
1990-12-03,556.3801237036005,759.489630495358,85.81025990655101,5.91297,0.7156162,0.95078075,1.7940973,3.048909000300124,1.07881332407431,3.61969525751921,1.5451727213374358,,
1990-12-04,3038.502473703601,4696.747090495359,87.29384326109685,6.0963583,0.7467006,2.996612,1.7460692,4.214231038415569,1.1000175273455803,4.840715705602465,1.5663682865226165,,
1990-12-05,1767.4395491778437,5544.467025107906,88.1674013555102,5.9158697,0.7326275,2.249326,1.028484,3.135605693170954,0.7997319013977336,3.710535755951447,1.2660906025409249,,
1990-12-06,1303.2919969499262,4138.861400118268,88.17590304582677,5.914341,0.71442723,2.595633,0.834765,3.390400319041993,0.6575050449312816,3.9775086939672644,1.1238617499852523,,
1990-12-07,939.112167944698,3341.4920630017496,88.00875636519795,5.9695745,0.6627042,3.407793,0.70147514,3.9698165259755673,0.5665526983623183,4.5846190149570445,1.0329051405870824,,
1990-12-08,754.4642243695374,2773.823530672574,87.75770067994719,5.8917904,0.6387222,3.7284203,0.6412301,4.191020102682418,0.5222881948039321,4.816395366483883,0.9886391108764747,,
1990-12-09,687.2298187522016,2481.381748321069,87.42880878455264,5.7451563,0.61540043,3.6309705,0.6449648,4.089509336583217,0.5224185542236773,4.710032732762335,0.988770163702952,,
1990-12-10,588.6653539004068,2155.9419994627906,87.0950234987365,5.6762543,0.627203,3.3377237,0.6551799,3.8392934397794716,0.53194708194389,4.447857371411626,0.9983004509389424,,
1990-12-11,543.9103380017615,1867.5027686384265,86.82197779097203,5.3978195,0.5966199,2.7754364,0.6625897,3.366932434949116,0.5304906465055822,3.952919125235697,0.9968475323054327,,
1990-12-12,497.9020687036004,1356.6501369641128,86.81167363408377,5.8110933,0.6685644,2.9088426,0.663519,3.6880261618300056,0.5175054518129688,4.289360034657497,0.9838599192446629,,
1990-12-13,456.7088437036004,1124.138730495358,86.7540891699973,5.956648,0.7154946,3.9840398,0.66488427,4.553928730594157,0.5160098775194927,5.196649786268718,0.9823584109860065,,
1990-12-14,403.8262017036004,1027.570770495358,86.63940212680303,5.406683,0.64325273,3.4176064,0.6556169,3.978765326206466,0.5044286591270042,4.593995537249037,0.9707810385250999,,
1990-12-15,544.8707737036004,944.614330495358,86.50713715676194,5.3635488,0.61041754,1.7807277,0.85352653,3.091364856952945,0.5855459100793947,3.66418035899195,1.0519049653747097,,
1990-12-16,407.2025427036004,1107.738430495358,86.49925627614064,5.536898,0.6924909,3.0991993,0.6562135,3.754430874359827,0.5146673158593259,4.35893866545309,0.9810212978668401,,
1990-12-17,406.7284197036004,1069.506530495358,86.38889752527493,5.3528376,0.68239295,3.1565695,0.7057142,3.7616795590584786,0.5447504467877148,4.366533812501948,1.0111043761119989,,
1990-12-18,914.7089037036004,1201.019570495358,86.46579211810145,5.573069,0.64320785,1.0474488,1.9961606,3.0040444476863537,1.1667684477564535,3.572686332652302,1.6331282086286532,,
1990-12-19,912.2850737036,2102.8287304953587,87.02499550460021,5.5425615,0.6408636,4.0192637,0.90073216,4.480169011574462,0.6574429358539363,5.119364604814869,1.1237919413800048,,
1990-12-20,534.313703703601,1875.7425028192915,87.14375257756627,5.3916497,0.71547043,3.9005904,0.6413004,4.2311608922018165,0.523721647741529,4.858454748527884,0.9900722928689467,,
1990-12-21,638.0817537036005,2124.224121984836,87.76598375656582,5.806694,0.7702887,3.9103208,0.6522471,4.348375499131748,0.5322062157883642,4.981271812990978,0.9985560802791826,,
1990-12-22,691.9502363880669,2747.242268512724,88.5414864479118,6.314962,0.82158947,6.138805,0.6828687,6.174246917053032,0.56997457337722,6.894413643259694,1.0363143065231717,,
1990-12-23,762.2964003259954,3048.5241236668203,88.86945135422455,6.2810435,0.78152657,7.6320987,0.743548,7.361840742816429,0.6150136802314228,8.138770394308176,1.081348870219586,,
1990-12-24,1767.751445102741,5892.977930903926,89.8801155002569,5.820265,0.6211542,6.841499,0.8047449,6.605844013519713,0.6354232597228083,7.346639605596614,1.1017611551960953,,
1990-12-25,1332.0268765433711,5216.991238679591,89.91476144076772,5.309672,0.64967215,4.5722623,0.6600158,4.722246510400554,0.5421235426933211,5.373012580584315,1.008471022231646,,
1990-12-26,1143.441477229475,3951.470159662627,89.52424935858741,5.2155757,0.6473662,3.2381873,0.64422977,3.6819688845109124,0.520341218118874,4.283013240188318,0.9866957300807654,,
1990-12-27,1061.822408919125,3207.361781323337,89.05248915493928,5.0424204,0.6672762,2.048974,0.5688397,2.7934976446773367,0.4584535991629851,3.3520761121776954,0.9248150971801146,,
1990-12-28,875.0690979746926,2942.5350310767803,88.79738936406237,5.1752872,0.6747267,1.7198391,0.53543407,2.5118950018307253,0.440730013425096,3.0570138256134944,0.9070939140857723,,
1990-12-29,663.1435270974146,2585.556607535315,88.64845431377628,5.4312215,0.63629925,2.5445635,0.5988259,3.13380490760098,0.49397188217560906,3.708648898986906,0.9603305976905621,,
1990-12-30,1497.2445108451725,2820.427649447501,89.455464940225,5.954443,0.5665546,3.9380784,0.9651293,4.637295638791407,0.6603528902634486,5.2840013477022785,1.1267008976751642,,
1990-12-31,1993.7625356568187,4197.583287141885,90.36383965927747,5.658746,0.60151666,3.6789513,1.545666,4.316492796379555,1.065676380946666,4.947865226032797,1.532026456217139,,
1991-01-01,1221.447410587318,3219.112589803002,90.5877625189286,4.6981316,0.7374799,1.8260789,1.170134,2.6160831470628345,0.8721881036207485,3.166181808038341,1.3385511047756309,,
1991-01-02,934.6494232020908,3023.052371286461,90.55874685807768,4.6063895,0.73791707,1.9798143,0.8949376,2.6001053469323194,0.7054525123293064,3.1494403236789648,1.171815650622277,,
1991-01-03,901.3906928846476,2877.6684968394707,90.40951814848678,4.5687027,0.72154766,2.014948,0.8419103,2.624075904039328,0.6637951503834681,3.174556591476438,1.1301580830457485,,
1991-01-04,925.0836592752576,2589.985003280577,90.07266583000512,4.4607534,0.7061572,1.1947234,0.7993719,2.054265909084952,0.6176198056254475,2.577511626561269,1.0839878042184663,,
1991-01-05,867.8543967460155,2204.287710508083,89.68012136733195,4.460351,0.7066085,0.58586884,0.7746589,1.6803775709851074,0.590580365077304,2.185752703973598,1.0569518894843402,,
1991-01-06,780.8830741127749,1997.5299230663445,89.35674140981652,4.5116043,0.6914652,1.2528281,0.8005335,2.168719016467583,0.6074657014386053,2.6974352012384144,1.0738326526807982,,
1991-01-07,582.1318729419295,1657.5332908991832,89.14767231860527,4.390227,0.6887174,1.2381392,0.7192567,2.0574271154674033,0.5616019835397006,2.580823927802758,1.0279699530036313,,
1991-01-08,497.7646931259932,1207.6547990775298,89.00041212268486,4.2855306,0.6736476,-0.07940948,0.54877657,1.1945955685588225,0.4355135356870321,1.6767519823940398,0.9018898798445063,,
1991-01-09,487.5963837036004,1080.7977436194756,88.93594717678646,4.41685,0.6714158,-0.3570546,0.5797021,1.1270995625187996,0.45072627898507706,1.606029897988858,0.917103314163729,,
1991-01-10,468.9916537036004,1021.8432173237104,88.87228573587134,4.358737,0.67344874,-0.21922183,0.6876356,1.2209272568039702,0.5167422161007287,1.7043422353269322,0.9831182920880419,,
1991-01-11,466.9871437036004,980.9494593008436,88.74865723427902,4.230889,0.6949309,-0.406273,0.50410885,1.0893000468163898,0.4085000560218209,1.5664236946470536,0.8748774804657868,,
1991-01-12,598.5421637036004,995.1711085863616,88.62820726016368,4.4602294,0.68035066,-0.907302,0.70210105,1.108552350958198,0.5074421164766323,1.5865961931161308,0.973819342453217,,
1991-01-13,525.1302337036004,1064.2071205993834,88.4796791910114,4.209054,0.66142255,-0.18160123,0.80560005,1.269107646342459,0.5820110140134857,1.7548254827889382,1.0483866013691197,,
1991-01-14,504.5350837036004,1011.8325852764452,88.20745567465688,4.126415,0.6279798,-0.44638765,0.59356844,1.0751030170171947,0.44780770273419856,1.5515480953535754,0.9141852738034345,,
1991-01-15,437.2655667036004,1017.8213311515028,88.0441660814135,4.395154,0.62640226,-0.18235278,0.5768839,1.1932256116302895,0.4452716122535846,1.6753165462072863,0.9116479703848261,,
1991-01-16,643.9730037036004,1069.9160268550356,88.0773567473847,4.4193707,0.63661724,0.3660519,1.0567098,1.8890372379275657,0.7016934393753114,2.4043855897285167,1.1680629763836035,,
1991-01-17,851.6224537036005,2245.493265836168,88.22647455147391,4.3399057,0.61119515,1.6381224,0.82040936,2.381039246894519,0.6181056840566738,2.9199036128993585,1.0844707320430695,,
1991-01-18,649.9362337036005,1677.8371811343382,88.08254568468828,4.1708083,0.57421213,1.6834018,0.6956639,2.377909113550246,0.5264354589762423,2.9166238698810547,0.9928005346470223,,
1991-01-19,561.8346737036004,1410.753206189302,87.990516558681,4.2082767,0.55496293,1.6050029,0.6395648,2.346470238490309,0.4839445578960665,2.8836823240616707,0.9503099122485715,,
1991-01-20,536.5263937036004,1352.1509655049722,87.88671164819232,4.263375,0.5475451,2.319601,0.7188093,2.8717789697584903,0.5376066217800137,3.434099017006405,1.0039674680063022,,
1991-01-21,604.4014137036004,1092.9314227277648,87.71111389878408,3.7081752,0.49100244,1.2285466,0.7489232,2.1115148721499946,0.5129566800742027,2.63749689436503,0.9793241529143148,,
1991-01-22,590.1213237036004,1009.1483815216012,87.53559205415762,3.031721,0.4291552,-0.86114585,0.40704098,0.5752996694239828,0.30173832321976146,1.0278558562376816,0.7681212030719209,,
1991-01-23,532.6411137036005,973.3962836226432,87.24342148219777,3.280167,0.40340006,-1.0052428,0.38960993,0.5103805726083709,0.28942428592227143,0.9598338485091142,0.7558078762878138,,
1991-01-24,500.3338077036004,836.2356485128671,87.00935200219556,3.3598428,0.38487473,-0.83712447,0.5411968,0.7339757795634806,0.367981448565542,1.1941161420346997,0.8343626120549963,,
1991-01-25,485.7471937036004,768.701130495358,86.76339925238669,3.0189333,0.37140065,-0.74514925,0.5429134,0.7123779312537486,0.36243996815259283,1.1714859904043136,0.8288213635683874,,
1991-01-26,464.2554437036004,777.695930495358,86.57548026241648,2.972456,0.35527185,-0.93988514,0.45324033,0.5225921356718872,0.31334875567230325,0.9726290825439268,0.7797322120192358,,
1991-01-27,421.9045287036004,825.8122904953581,86.45427909351041,3.3019915,0.34749502,-0.72815275,0.5019626,0.6346052628108088,0.35239534661752175,1.0899960542623686,0.8187775816056588,,
1991-01-28,404.3999207036004,818.3450704953581,86.33878873885841,3.5788918,0.34212527,0.067876935,0.70776916,1.2290790864523617,0.48701478371534757,1.712883694566881,0.9533907768425878,,
1991-01-29,403.1705657036004,810.115130495358,86.21235003856387,3.6289954,0.34490296,0.82087064,0.88171554,1.7540006170319815,0.599776698257878,2.2628946799537197,1.0661475157510834,,
1991-01-30,481.26872970360085,772.741430495358,86.14248761072031,3.7301202,0.36418995,0.9965036,0.9892443,2.045621234888813,0.6254068444940769,2.568453766488895,1.0917749228022138,,
1991-01-31,631.1828737036009,727.6048904953597,86.263131410337,3.4562407,0.3638791,0.84578454,1.3315985,2.0583912757366845,0.732806057934984,2.5818341716370936,1.1991740185168875,,
1991-02-01,611.3810437036004,719.600330495358,86.0456106060466,3.1379566,0.34865803,0.5480765,0.9649275,1.7377277217084774,0.5457214602294493,2.245843995859862,1.0120924334381762,,
1991-02-02,536.1301437036004,737.353030495358,85.84607784216888,3.5314765,0.34183028,1.1882539,0.709452,2.1747390600547605,0.4352549187460914,2.7037429823305694,0.901621815314036,,
1991-02-03,551.1334237036003,718.317030495358,85.6547358953578,3.7909918,0.3422247,2.9017482,0.874807,3.2878143475805195,0.5168255171208178,3.8700194637425334,0.9831830169163954,,
1991-02-04,315.0881220987994,607.487260495358,85.54185856685167,4.057268,0.34268084,4.3042016,0.88494885,4.2198661635376435,0.5943483660349046,4.846620170442662,1.0606990872139739,,
1991-02-05,372.6893420987994,648.549760495358,85.62872124887426,4.1205955,0.3437651,5.538695,1.1599015,5.0211759618162946,0.747215621777234,5.686229837938518,1.2135613094270847,,
1991-02-06,365.6109420987994,953.929530495358,85.83654356288622,4.1789308,0.36966464,4.940581,0.865906,4.729547071323676,0.6343096493399328,5.380662083363843,1.1006570838986642,,
1991-02-07,790.2649020987992,2699.555530495359,86.76750879376829,4.0031567,0.39657497,4.152307,0.7074161,4.118532142810547,0.554542560920219,4.740442729917832,1.020893970945525,,
1991-02-08,754.1986237035997,2865.645630495359,87.65398659008943,3.8963413,0.37010935,4.361189,0.6993396,4.264337375361089,0.558975971739102,4.8932169541740365,1.025326394320452,,
1991-02-09,472.76227370359976,2454.564742868228,88.01648894513234,3.9360943,0.3626335,4.2398453,0.6826922,4.190789598559559,0.5754257358771463,4.816153845051891,1.0417766535108832,,
1991-02-10,401.5161922896684,2312.26357491712,88.18787952664367,3.862749,0.35975873,3.599843,0.6824163,3.638741187559626,0.5838809488454102,4.23771940708925,1.0502357798148045,,
1991-02-11,496.9572233055076,1845.1528296721624,88.1111577848294,3.4577804,0.35725042,1.8336501,0.53530014,2.1782638325086747,0.4284767503268374,2.707436226858949,0.8948436149019099,,
1991-02-12,469.629430955203,1476.7696579594558,87.98103262894863,3.2456884,0.3583833,0.04127866,0.32573473,0.8144423702557938,0.2618319495427515,1.2784287607008256,0.7282122536450337,,
1991-02-13,180.07606209879884,801.6905704953613,88.20201729066554,3.5224996,0.35532865,-0.08529168,0.31473106,0.5764509532239919,0.26513814825831333,1.0290621674678644,0.7315210155536216,,
1991-02-14,226.0868520987988,759.2599704953593,88.38466696647001,3.7362347,0.36675057,0.57306784,0.52869344,1.2988533367226671,0.4159856517640227,1.7859929154887644,0.8823609387726423,,
1991-02-15,248.73439209879936,681.6445304953587,88.5604335126641,3.3223014,0.35725415,0.70096743,0.60705477,1.4017742661956598,0.4549000175152897,1.8938331135729691,0.9212742731212091,,
1991-02-16,156.83549209879973,731.9411304953586,88.68728448293717,2.93248,0.3625456,-0.005903721,0.30861074,0.5126099982323811,0.2620809451201646,0.9621698330570418,0.7284645110056395,,
1991-02-17,219.5941420987988,700.8245304953572,88.79614895992576,3.2336454,0.3491557,-0.42998362,0.29536182,0.4440876119917156,0.23982615821672304,0.8903723109861321,0.7062104791048919,,
1991-02-18,163.22551209879936,698.3146304953581,88.90261746271054,3.3388004,0.3491883,-0.070727944,0.39140752,0.5752338483004705,0.32407669698248087,1.0277868890894637,0.7904595775525856,,
1991-02-19,54.93684209879972,889.575090495358,89.15994427017975,3.6515117,0.35820377,1.2318898,0.4852427,1.372625368356749,0.45749357294378573,1.863290998057881,0.9238681194304627,,
1991-02-20,54.93684209879943,2134.5555304953587,90.62406112304546,3.6453452,0.3630627,2.4865456,0.6591614,2.5156211576623115,0.6426868584908942,3.060918078956604,1.1090507267678613,,
1991-02-21,681.3241431917274,1940.3280929899715,90.88479439952616,3.4289098,0.36847526,1.9708002,0.7618557,2.3497387833232333,0.571935698366153,2.8871070941646475,1.0383010236928474,,
1991-02-22,641.460759111613,1759.4516583245445,90.98763808779384,3.364747,0.3727268,2.5646498,0.759248,2.7784147918982396,0.5652382080899118,3.3362723505939105,1.0315998324960047,,
1991-02-23,539.1914126311208,1622.6403241696312,90.85109159648664,2.9706752,0.34735376,2.3291888,0.59556264,2.4891846067772234,0.4553386477315769,3.033217951308037,0.9217027461096812,,
1991-02-24,526.8474437036006,955.1500304953588,90.947376350317,3.0257592,0.33389235,0.84090185,0.5245799,1.6176147269962813,0.35832374705749154,2.119990010586155,0.8246958789949361,,
1991-02-25,104.66732609879983,950.2185304953572,90.9695177686772,3.1621513,0.35272983,1.9467577,0.52969176,2.067350820870145,0.4784168334618285,2.5912219524012605,0.944784711557541,,
1991-02-26,59.0306445987979,933.8863304953588,91.11331008267362,3.0358279,0.35135636,2.209404,0.57871586,2.258536331839307,0.5447108773786407,2.7915454772597736,1.011077017200111,,
1991-02-27,54.936842098799374,841.9193304953578,91.3835270651186,2.926475,0.35114196,1.4430639,0.45352876,1.533930070916686,0.4262908892378605,2.0323055140076414,0.8926638382310905,,
1991-02-28,69.30530559879995,749.2773304953585,91.60650897527512,3.0966573,0.34775597,1.2789786,0.42817825,1.4328723673903998,0.39303089764997073,1.9264175977012767,0.8594048439949455,,
1991-03-01,58.89485089880012,701.8127704953588,91.8178391019152,3.529316,0.36814085,2.527945,0.6240885,2.605472318357172,0.5764759039764933,3.1550638179918513,1.0428389961719755,,
1991-03-02,151.68784209880016,917.2465304953582,92.2803745496426,3.643299,0.39751115,4.451258,0.77800417,4.33660421269133,0.6699798729557823,4.968937899296837,1.1363298151323515,,
1991-03-03,285.37468209879995,1298.594530495358,92.95878348156955,3.8752065,0.4378064,5.8889337,0.8220793,5.526131937725786,0.6785699105642885,6.21532098339083,1.1449128034537637,,
1991-03-04,1348.2758420988005,3837.691530495357,95.25748029625215,3.2602124,0.39622736,5.500643,0.73419017,4.9181635770226775,0.5529910159184278,5.578293813281987,1.0193373095201657,,
1991-03-05,1417.8455689146476,4801.542646090304,96.05379158162944,3.163817,0.34336665,4.7123647,0.6768759,4.359339346645715,0.5283975205221324,4.992759694938075,0.9947473127985063,,
1991-03-06,1211.4701411600188,3781.1362716032113,96.04504018980374,3.2365856,0.29997966,4.7661076,0.6881234,4.394964711169235,0.526207247653653,5.030087830106603,0.9925568062291921,,
1991-03-07,951.060217423698,4021.293759791841,96.42100013030536,3.1337485,0.28730547,4.574557,0.6547316,4.298973983336511,0.5323452329970828,4.929509073611362,0.9986954245810201,,
1991-03-08,989.1950228665978,3131.2730108426845,96.30306596166412,3.1024303,0.27950668,2.8907862,0.6741037,2.9415952927654465,0.5166485040379001,3.5072523215979325,0.9830087748671615,,
1991-03-09,893.8780328703314,2667.2375738820306,96.2789319661304,3.139134,0.279971,2.141358,0.57163906,2.3918103340630363,0.4338806710765791,2.9311895212154115,0.9002456238839809,,
1991-03-10,789.8653341665204,2209.587703343869,96.286945840571,3.1473737,0.28202885,2.169252,0.5874629,2.42682703638494,0.439089040934956,2.967879902209693,0.9054536852330812,,
1991-03-11,665.1297924272602,1696.085503767746,96.0711570776908,2.982223,0.30387667,1.4735898,0.5270294,1.89855607644605,0.38812747310385054,2.414359396189663,0.8544969206364676,,
1991-03-12,387.7894737036004,1111.1423366778638,96.07465670593064,3.0185137,0.31040397,0.96028584,0.46239004,1.4927710990378151,0.35204630767619216,1.9891792839678675,0.8184196614631862,,
1991-03-13,387.7894737036004,956.7886304953572,96.23600528536689,3.1144328,0.38596672,1.4935203,0.5276813,1.9610072905102143,0.39164557263358013,2.4797955648072985,0.8580144357038064,,
1991-03-14,387.7894737035998,933.6301604953584,96.38799932781504,3.2389932,0.4045295,2.1611123,0.6592916,2.47743184875604,0.4807026758061366,3.0209034516282345,0.9470668767357162,,
1991-03-15,387.7894737036001,939.2352304953577,96.50813937804462,3.2171545,0.39508498,2.6882682,0.7428152,2.8428218612720144,0.5382737422292986,3.403757857719199,1.0046348287434028,,
1991-03-16,421.09134370359993,911.526460495358,96.54536355813804,3.4331226,0.3868684,3.4880934,0.70257586,3.470723277070746,0.49587480193112454,4.061670814819496,0.9622308931174872,,
1991-03-17,441.7909957036,914.906280495358,96.62122343324566,3.6188688,0.39189798,4.377315,0.7750997,4.130336801658521,0.5380517240700801,4.752811611106531,1.0044030532455985,,
1991-03-18,494.2469937036,887.1864804953582,96.77053677425728,3.481966,0.40291008,5.1577234,0.84611964,4.558173700668604,0.5621917163844812,5.20109765140202,1.0285402228726856,,
1991-03-19,647.6288737035999,1000.6174304953576,97.00114672425404,3.5303211,0.38737497,6.731235,1.0467565,5.473532059894458,0.6534392282082099,6.160207011202852,1.119782398613874,,
1991-03-20,634.6660937035997,939.0113304953584,97.20412795480996,3.5677185,0.39151382,7.2015777,1.0494424,5.736037673373766,0.6458013710481997,6.435259495675922,1.112143187987623,,
1991-03-21,244.9057020987998,826.0737304953578,97.32957613095203,3.5063558,0.38996732,6.254451,0.86905164,5.626031499182113,0.6762273559692865,6.319995402395202,1.1425697305019857,,
1991-03-22,201.62529209879983,809.003230495358,97.57473943396133,3.6978574,0.3883018,6.372519,0.87573177,5.838911046929351,0.7052864647845826,6.543049864832428,1.1716277728083688,,
1991-03-23,243.0455120987998,1051.3830804953582,97.87842137592304,3.5008712,0.39907697,5.9010873,0.7848295,5.4504160341313375,0.6418565779269595,6.135986118426436,1.1081998712933097,,
1991-03-24,388.94754209879983,1359.391230495358,98.28894309452656,3.5618424,0.39586416,5.322927,0.78027606,4.93114394073163,0.6130489802977428,5.591894594005074,1.0793951968765456,,
1991-03-25,656.7180337035998,1856.1173756580165,98.6252055816356,3.4560795,0.37782806,5.7647066,0.8214054,5.161357477503241,0.6147174296026575,5.833111550888761,1.081062312154473,,
1991-03-26,488.3409497036,1785.6491713011355,98.76687239696676,3.7097359,0.41771153,6.4828734,0.8396712,5.887340230649546,0.6654252955350549,6.593793797987566,1.1317663681693846,,
1991-03-27,389.6626139036,1452.5132304953584,99.28566231315972,3.7861795,0.42926353,7.038221,0.8670693,6.350339248927401,0.6896674495947082,7.078922586656135,1.156006407237784,,
1991-03-28,387.7894737036,1751.0267925552726,99.67213506969505,3.963398,0.478834,7.8443713,0.8868656,7.140710778937136,0.7312397826759985,7.907071174050419,1.1975756963839428,,
1991-03-29,387.7894737035999,1505.093677234853,99.84645057265142,3.9632964,0.49145424,8.312977,0.85817647,7.421870441360134,0.6897522117266254,8.201669307241012,1.1560872149000931,,
1991-03-30,969.4736841976004,1499.212322852393,99.71851811277294,3.8498497,0.43032563,7.3079743,0.9995424,5.9499398119622695,0.6300985155738232,6.659385425301074,1.096439287918226,,
1991-03-31,247.2634872984393,1277.7362582100818,99.9079176539218,3.8580265,0.4830221,5.5059457,0.7012111,5.238752036139408,0.5927136622680367,5.914205304867672,1.059058109952541,,
1991-04-01,414.96567762920034,1341.749783131881,100.0,3.7360978,0.48333496,4.870898,0.745407,4.602838972836072,0.5806643706717448,5.247897770898499,1.047012594545305,,
1991-04-02,969.4736841976,1276.520030495358,99.73417595555328,3.7773652,0.40341514,5.193326,0.9664993,4.582132512843708,0.5762533802503848,5.226201612899992,1.0426017348581313,,
1991-04-03,267.56061865175457,1105.0946584958858,100.0,3.9384341,0.4843088,5.1524987,0.758408,4.915850904991984,0.6178324247307216,5.5758706034337004,1.0841787320756269,,
1991-04-04,969.4736841976,1186.624770495358,99.675621283329,4.3346424,0.48496616,8.296629,1.2538834,6.515151078875729,0.7237173088421814,7.251611858694936,1.1900555727911737,,
1991-04-05,54.936842098799886,706.9537004953581,99.90448427695378,4.610699,0.5847543,8.302925,0.9798871,8.036693647811283,0.9102085666450209,8.845878961292533,1.3765418937455587,,
1991-04-06,169.97933917805904,837.3356538959735,100.0,4.8349605,0.602648,9.989424,0.9642339,9.119633993836315,0.8079497403590115,9.980580154011179,1.27428116669791,,
1991-04-07,969.4736841976,1085.310630495358,99.63173199633928,4.9883103,0.5173669,16.141203,1.4222378,10.879124668127458,0.7898721006613941,11.824168468015454,1.2562032989088254,,
1991-04-08,54.936842098799886,604.3733704953581,99.74683349209,5.562031,0.8135755,13.984614,1.0316136,13.282804912365428,0.9480814284344962,14.342736411358132,1.4144180379048776,,
1991-04-09,234.4364142522923,640.2029510281948,100.0,5.680349,0.8403384,16.217777,1.1712741,13.393348095804697,0.8864231690239602,14.458563181092828,1.3527601862936494,,
1991-04-10,980.1052128144078,877.4317304953581,100.0,5.9318585,0.80259514,23.048733,1.7699183,14.017236663474252,0.9371786467072335,15.112271489640609,1.4035182275632279,,
1991-04-11,969.4736841976,415.535180495358,99.85662558181444,5.7172832,0.75452465,20.331614,2.72647,10.101925492289874,0.9736909871259771,11.00982182829531,1.440021849524656,,
1991-04-12,170.17174717085453,523.2466629838993,100.0,5.489059,0.7026,8.90574,1.1038522,8.067252465573157,0.8506150036154465,8.87789838608333,1.3169482586880772,,
1991-04-13,969.4736841976,839.337230495358,99.69448585291228,4.978332,0.6395328,12.076402,2.241025,8.27202851945337,1.0949324434878747,9.092462035347097,1.561265243457659,,
1991-04-14,78.01049482716762,476.31191049535806,100.0,5.7600965,0.6642405,8.103327,1.1624476,7.773561034192935,1.0032195341788557,8.570169508217068,1.4695535256843757,,
1991-04-15,435.2876363637172,1061.1175273589463,100.0,5.7063904,0.7051936,9.6866255,1.1373732,8.528819312400971,0.8322021872899441,9.36152655040218,1.29853448434017,,
1991-04-16,969.4736841976,1071.183630495358,99.66697052965009,6.2084436,0.7635663,12.210192,1.8978034,9.358886519427069,1.060187963058951,10.231268132481325,1.526519150374433,,
1991-04-17,38.77894740719994,558.6656304953581,99.97260862476504,6.4645395,0.9224929,10.009625,1.1824988,9.779520911333726,1.1073651477845614,10.672007410454384,1.5736960736081858,,
1991-04-18,181.6378578053884,729.8091853805538,100.0,6.5073347,0.9558454,11.418637,1.0416232,10.43988762272631,0.8555190663181812,11.363937393300859,1.3218499898650515,,
1991-04-19,969.4736841976,924.836470495358,99.44951534501642,6.6742287,0.9115165,14.93366,1.8189358,10.70663217370597,1.0031103314625556,11.643431421996713,1.4694413955190828,,
1991-04-20,38.7789474072,471.201250495358,99.74098380495155,6.1319485,0.9943791,10.1022415,1.116271,9.80034001911761,1.0341575705162178,10.693821600423778,1.5004884886534642,,
1991-04-21,462.0476436200556,766.0284221121867,100.0,6.613763,0.97748643,10.796325,1.9354053,9.222690235866708,1.2620089931268612,10.088562132130484,1.7283403084812563,,
1991-04-22,1888.620188832468,4438.537300818722,100.0,6.2667437,1.0535372,8.434185,1.0076377,7.787216222162077,0.7736605373274814,8.584477367493212,1.2399944924057067,,
1991-04-23,1541.0807652386225,2591.547364936257,100.0,6.764093,1.08854,7.7985578,1.2688106,7.412799879556533,0.8932269084920492,8.192165203589362,1.3595619396291125,,
1991-04-24,854.9276454759275,2512.908957830174,100.0,6.9463816,1.2556309,9.164015,1.0388364,8.601067086324033,0.8381043161082126,9.437227520952105,1.3044364852576351,,
1991-04-25,1221.539614582913,3300.360983051391,100.0,7.5168524,1.301036,9.753498,1.1507668,9.14929387927477,0.9104706018256229,10.011657680586346,1.3768019949779013,,
1991-04-26,1242.991613216179,2154.4350588504835,100.0,8.487607,1.3722669,10.426447,1.4036531,9.71709775628937,1.021938960130496,10.606600641981789,1.4882699119723164,,
1991-04-27,1088.4363410369235,1769.660030495358,100.0,9.524947,1.6659956,11.10158,1.4328166,10.501157606818639,1.0906834705594997,11.428135873191838,1.557014419181031,,
1991-04-28,577.3594729732307,1842.499770041231,100.0,9.684208,1.8553505,11.793608,1.1305751,11.290321432743303,0.9679796517307165,12.255019032374115,1.4343113071290354,,
1991-04-29,969.4736841976,1394.218130495358,99.84223542751,9.78873,1.9393061,11.66448,1.317816,10.895136770844339,1.1121557786129446,11.840945894507566,1.5784869910431878,,
1991-04-30,146.23525870998145,980.7827803116684,100.0,9.400473,2.1014593,10.802702,1.038707,10.620756889138514,0.9441614760631756,11.553451592376907,1.4104924860015693,,
1991-05-01,842.5471140436595,1303.2250576177605,100.0,11.048245,1.8304443,14.690423,1.2801987,13.260305569258746,1.058828553694664,14.319161676561107,1.5251650818756606,,
1991-05-02,854.192535552979,1253.5832096011568,100.0,10.460859,1.902111,14.95705,1.2034914,13.134933895485231,1.0519149915169836,14.187797665342845,1.5182510773360454,,
1991-05-03,667.3408786566982,904.5711181689348,100.0,9.642814,1.83886,12.59297,1.2039562,11.340508024680918,1.0437709093041059,12.307604371852065,1.510102633739915,,
1991-05-04,609.6931758954615,769.915830495358,100.0,9.850809,1.6661385,12.962877,1.2770164,11.587555192300654,1.0247214689613238,12.566459549595528,1.4910535752332497,,
1991-05-05,300.76753361364274,743.0376872382919,100.0,10.23777,1.6824805,12.975714,1.1111083,12.186788227168753,0.9277004560580383,13.194333875154667,1.3940337785179178,,
1991-05-06,793.8154159510916,1134.149390495358,100.0,10.670365,2.1187396,14.290447,1.3133732,12.79992375104403,1.165308275069107,13.836775181172245,1.6316432670381493,,
1991-05-07,564.1910445829128,1996.6186457371364,100.0,9.9607,1.9182338,12.238082,1.0889869,11.736334974367693,0.9484291181093838,12.722350496667131,1.4147614880142645,,
1991-05-08,725.6501618677211,1395.5360734268536,100.0,10.376641,1.752168,12.47686,1.2199806,11.758382777797292,1.0017520289254296,12.745452109734018,1.4680844400522335,,
1991-05-09,686.9635888285723,1163.309186048724,100.0,10.511797,1.8594748,12.146769,1.2549586,11.539741332647854,1.0484176055334067,12.516360350894827,1.5147496324563818,,
1991-05-10,704.712015686534,1061.332698666119,100.0,11.21947,1.7092556,12.6140175,1.3235582,12.057545532461331,1.0477959346980845,13.058913821434281,1.5141289601125643,,
1991-05-11,660.2358995205561,956.647320855591,100.0,12.0094,1.6626287,14.990762,1.3315381,13.773356694019217,1.039993295993557,14.856734891307594,1.5063318217375805,,
1991-05-12,547.3459226295478,841.7485304953581,100.0,12.923228,2.0019574,16.608562,1.2914071,15.15642748583203,1.1111464158879585,16.30591173917807,1.5774918262906172,,
1991-05-13,130.62128119064926,631.407730495358,100.0,13.014386,2.542436,16.464008,1.127563,15.872700049724374,1.030928691447125,17.0564196831692,1.4972785271932532,,
1991-05-14,152.5098661658476,568.382700495358,100.0,12.439314,2.863735,18.67411,1.2118562,17.355095586494304,1.1313651703431868,18.60966865928109,1.597726028474396,,
1991-05-15,219.6836915813322,677.6056522965008,100.0,12.210234,2.8895795,20.373775,1.2267326,18.37509243764828,1.1656310923887798,19.678417873235418,1.6320009941674756,,
1991-05-16,414.2463504979152,681.8843704953581,100.0,12.377358,3.0027204,24.472404,1.4298575,19.90148188231724,1.4418445773948918,21.27776351565826,1.9082302348979985,,
1991-05-17,103.4105262964,443.4648304953581,99.94122937346197,11.608445,3.1381443,22.45636,1.324234,20.405090677399723,1.2268811860339295,21.80544308964514,1.6932726263613418,,
1991-05-18,183.40124764894028,509.2046214989825,100.0,10.462227,3.1274087,22.396149,1.2292567,19.236059737088805,1.2257945122320586,20.580536466519717,1.6921729735624507,,
1991-05-19,396.21050091003474,630.8862604953581,100.0,9.746161,2.8519735,22.434256,1.2721903,17.539725383010047,1.3494493131710328,18.8031231289449,1.8158117201087136,,
1991-05-20,103.4105262964,464.1789004953581,99.85203709105292,9.153831,2.560841,18.37761,1.0844672,16.69710611573919,1.0021225144264772,17.920229541048364,1.4684781698892795,,
1991-05-21,103.4105262964,437.95777049535815,99.77110216629004,8.683767,2.3376424,20.613178,1.2137312,18.33445844182173,1.0786530283888633,19.635841711308725,1.5450225471390469,,
1991-05-22,103.4105262964,426.310710495358,99.66734593905036,8.613686,1.668167,23.498726,1.3438227,20.592914791389028,1.1294522349534615,22.002244554238523,1.5958459062637695,,
1991-05-23,103.4105262964,404.005130495358,99.54398227670367,8.319096,1.2566966,25.572952,1.447241,22.056642961046723,1.1804145842271299,23.535933926901414,1.6468270236573914,,
1991-05-24,103.4105262964,398.2631904953578,99.4089837708646,8.05605,1.0379285,26.969147,1.5237312,23.070570442691672,1.228417796253967,24.598323676231285,1.694844672342648,,
1991-05-25,109.35712831235016,400.1085236729263,99.4239984905012,7.9694033,0.94159216,27.538815,1.5778118,23.338227887341702,1.255508553799047,24.878774231794385,1.7219394369454382,,
1991-05-26,128.7713729535265,407.1988304251401,99.27460777423616,7.640848,0.8175249,27.359184,1.583408,22.6216872986297,1.2189104431158189,24.127985452313414,1.6853307828769395,,
1991-05-27,105.94352772013454,415.26773376980526,99.10709397782182,7.5548706,0.7959475,26.283772,1.5767931,22.47685869609982,1.2666625180699325,23.97623453765442,1.7330807980825578,,
1991-05-28,144.3930662963999,429.694990495358,98.95154752551706,7.747879,0.76862955,27.99657,1.6038774,22.90367477077443,1.2159412439784645,24.423450961700713,1.6823656629487291,,
1991-05-29,115.24642896952648,395.5795552058199,98.91403970570198,7.6812906,0.8057551,27.85704,1.6476781,23.305229836089026,1.2888331875457981,24.844198986490024,1.7552635722580203,,
1991-05-30,148.72715139823504,462.811540750366,98.854191912784,7.7321253,0.7281726,26.613314,1.5823646,22.02137959012763,1.2105546222299113,23.498985087394193,1.6769665807148675,,
1991-05-31,148.86433429639987,474.554510495358,98.75854619619464,7.7040157,0.7998424,26.525852,1.6873782,22.03144177612251,1.2985762739637545,23.509528211483765,1.764988369538552,,
1991-06-01,243.45173915516636,620.8020066802012,98.35851177020402,7.631625,0.7260621,27.377682,1.544013,21.81541274190711,1.127780260015988,23.28317372789118,1.5941894377879833,3.0104133321639748,4856.989586667836
1991-06-02,361.4099807075336,639.2791257545662,97.8205483582862,7.511936,0.77082556,28.779354,1.6521894,21.098390001724855,1.0915796883089568,22.531879751747834,1.5579795640090952,3.1355740749880288,4853.854012592848
1991-06-03,549.7862774064151,754.5178511636597,97.14943534325508,7.529644,0.7669257,30.580276,1.8263844,20.86404455861107,1.104882669265895,22.286333397523034,1.571279632202005,3.2394529820994715,4850.614559610749
1991-06-04,341.5497327343852,709.8250367315638,96.63864830275068,7.290068,0.81889033,23.418604,1.4008712,18.179085854671698,0.9824848895000879,19.47304284560754,1.4488529610726553,3.4101007151822427,4847.204458895567
1991-06-05,279.26071438326636,649.8596561857553,96.21409701397964,7.2988386,0.8904367,20.369167,1.2493081,16.440688899158808,0.9138775941957514,17.65155645803385,1.3802313562572364,3.5284760900210377,4843.675982805546
1991-06-06,332.9873895371482,661.4860519955033,95.7178015594025,7.3868675,0.8498645,21.173103,1.275275,16.556949213193707,0.8947240514705248,17.773373617663616,1.3610786626883575,3.643283484071793,4840.032699321474
1991-06-07,396.0382572213825,672.1858416395021,95.17644317174792,7.615832,0.80666614,24.473625,1.4056091,18.22369026908808,0.9336802010176319,19.519779198560464,1.4000486852215592,3.7393041764448256,4836.2933951450295
1991-06-08,392.31816473653583,638.5548613745707,94.65966786449988,7.723981,0.7862739,27.45404,1.5479537,19.94539437436417,1.00445717178667,21.323774874717692,1.470843321986678,3.8507733245318287,4832.442621820498
1991-06-09,407.6584962932233,650.7545522111766,94.11924454148736,7.7293344,0.77186894,28.977524,1.6165636,20.79356861523391,1.037437009340926,22.212488944962406,1.5038331085865022,3.991498027711175,4828.451123792787
1991-06-10,413.28013922397633,652.6982937587329,93.56551567234048,7.8047075,0.76797825,29.932693,1.7070506,21.35366708374961,1.086807688395524,22.799358205672323,1.5532108084749456,4.128908574014626,4824.322215218773
1991-06-11,412.90685128426384,654.7765890925666,93.02342846481574,7.5723014,0.70291525,29.981949,1.7364267,21.3154315842789,1.0990448897168765,22.75929518002843,1.5654475191081536,4.35609364108194,4819.9661215776905
1991-06-12,392.1517227684893,666.3996528104554,92.56583993136856,7.236537,0.6755338,27.830376,1.5330306,20.201167011623635,0.9970221786610355,21.591772569723137,1.463411242442937,4.644062245114918,4815.322059332576
1991-06-13,355.67848114494467,614.9953410624164,92.16374888271352,7.3652487,0.7610314,24.623947,1.290299,18.299940545688948,0.8637550909858607,19.59967397773432,1.3301242858429256,4.849093690675029,4810.472965641901
1991-06-14,415.78988569170036,659.7100668604481,91.63337546457332,7.6710067,0.80664486,25.303364,1.3387526,18.486668239796597,0.8784085908578275,19.795326617323624,1.3447795540941754,5.006479308228765,4805.466486333673
1991-06-15,432.22285716974693,674.5110824842702,91.07376671913356,8.035069,0.7820815,28.72979,1.5542809,20.64769267136441,0.9952972257989593,22.05964062962791,1.4616915553602023,5.129550244225375,4800.336936089448
1991-06-16,297.0549428474915,461.06368345953865,90.63281051817896,7.9985676,0.77634126,31.616146,1.8012857,22.362029132875588,1.136935207363454,23.855916513833293,1.60335187131522,5.41707436321666,4794.919861726231
1991-06-17,387.0505866937183,450.33611837552985,90.16441774363322,7.6561837,0.69203115,35.34558,2.4855397,22.547196008866546,1.3744307802103266,24.04993373353532,1.840850057563604,102.55781818477227,4692.362043541459
1991-06-18,300.32391313139135,459.5181166340438,89.67188553854979,7.259308,0.6018262,30.037247,1.921945,21.034375767308305,1.186396045199819,22.464805855747887,1.6527951190110017,14.654220754126099,4677.707822787333
1991-06-19,202.00871038780264,339.4156054191221,89.35152446719299,7.2355366,0.58045036,27.264492,2.1235971,19.791566743816933,1.3487707597660126,21.162594809263744,1.8151551936905244,16.5747853728472,4661.133037414485
1991-06-20,175.53599549718584,274.910841495358,89.04195109099784,7.67367,0.6069357,29.991837,1.9806536,21.2946023941639,1.231728351463066,22.737470425826956,1.6981307142500732,18.362485497186572,4642.770551917299
1991-06-21,302.8810028146724,357.4994478680683,88.59606843059184,7.702819,0.64058524,34.7551,2.4895823,22.347673434024667,1.3793968126887994,23.840874661649803,1.8458132756647685,57.97870440816855,4584.79184750913
1991-06-22,302.83729201064597,394.7259880868635,88.12293305539505,7.44577,0.63446724,32.03151,2.3119674,21.357956162334805,1.3369413332041629,22.80385228755241,1.8033445084309332,32.25648202610409,4552.535365483026
1991-06-23,280.3520147995206,369.0309422349639,87.71812140652897,7.4841714,0.6216362,29.556313,1.9870427,20.02731402318009,1.1606490955710687,21.4096100027187,1.6270361708001944,39.88083754520524,4512.654527937821
1991-06-24,306.3366756170989,384.7732289652601,87.26921792197493,7.6133933,0.63966215,29.750463,1.9224287,19.938136326796656,1.1072242587779382,21.316169917286842,1.5736103273907693,50.34354691100167,4462.310981026819
1991-06-25,353.87764164513203,430.2618790866985,86.75778676205252,7.7224436,0.6619667,31.762997,1.9786646,20.913633763728157,1.1260556427111288,22.3382927971325,1.592453216772017,65.43368813510484,4396.877292891714
1991-06-26,381.9115538251434,445.0640782444333,86.21997953694157,7.8460326,0.69332296,33.610886,2.122487,21.712233880009695,1.1863128420603812,23.175063269094363,1.6527206450698255,87.46846701534011,4309.408825876374
1991-06-27,421.3263744259798,448.4890138194432,85.67572640930275,7.9703517,0.71928436,35.49904,2.351212,22.16452881835997,1.2613901168149233,23.64897635940488,1.727804036491741,121.24565266804633,4188.163173208328
1991-06-28,457.75763539516174,446.1503661355232,85.13198570774736,8.11323,0.74239886,37.472454,2.6735542,22.604337980964047,1.3721240370717083,24.109806896569022,1.8385441288271847,153.382461232207,4034.780711976121
1991-06-29,468.83823075762945,448.5842327806835,84.56391437883465,8.051019,0.7544685,37.845814,2.8673975,22.61952537722866,1.4540955741791906,24.125720198459565,1.9205158830172335,158.78531597438422,3875.995396001737
1991-06-30,431.0161457870905,444.85037684868666,84.01608316998573,7.52115,0.64878595,35.588943,2.7600658,21.77671090247284,1.4377278274290786,23.242622072827572,1.904136488108623,122.20187162950131,3753.7935243722354
1991-07-01,392.5301183927828,456.2507027442497,83.45073415209384,7.433021,0.61604476,31.179111,1.972493,20.197412261406253,1.0978960386317846,21.587838355280336,1.5642850591012545,78.33112901489514,3675.4623953573405
1991-07-02,376.6704146145339,458.9156236877689,83.06891334370974,7.1862845,0.56772435,27.949268,2.358834,18.58960774634367,1.3205411776694227,19.90318628040255,1.786913132828742,53.294875111429796,3622.1675202459105
1991-07-03,372.65570421539826,480.1345127530165,82.70064659155942,7.5729628,0.6225109,28.165293,1.9136003,19.1667734357671,1.111198806171262,20.507938516838212,1.5775765473114614,37.926741368573175,3584.240778877337
1991-07-04,362.8444877354182,494.87538685044655,82.04568485784996,7.5344796,0.59586215,29.669765,1.9389632,20.305791645207915,1.1467629340162804,21.701397903151328,1.6131532111643039,29.476764775026528,3554.7640141023107
1991-07-05,342.12951922646135,449.7534611237049,81.3771883662423,7.253261,0.52543974,29.675858,2.6341782,19.988274485352544,1.513218503956932,21.368704508432984,1.9796051373981867,24.27498486443114,3530.4890292378795
1991-07-06,331.3818164106249,448.0986652580309,80.80739218559411,7.572029,0.58561105,30.35714,2.348457,20.670468178125393,1.3728171344541602,22.083504727757894,1.8392117387122213,19.893016884190004,3510.5960123536897
1991-07-07,333.1321569273623,455.7457928293469,80.17426689704654,7.8242264,0.63884664,32.370483,2.1804047,22.00494136779888,1.288214945717054,23.481761174229383,1.7546266804923865,16.73015931547195,3493.8658530382177
1991-07-08,328.5462267470706,477.4603845108372,79.58432966744927,7.8919525,0.6513356,33.83951,2.2535348,23.26270939743346,1.361089583631506,24.79964621621557,1.8275193279095083,15.049169258449496,3478.816683779768
1991-07-09,343.93745248609775,479.8009738667821,79.00824364426525,7.654664,0.5982099,32.37456,2.0115914,22.053204164349278,1.1980134801974363,23.532330767476772,1.6644258726645476,13.04680348418699,3465.769880295581
1991-07-10,359.80629705634476,491.316009239967,78.40894029539982,7.790207,0.6399422,30.772305,1.813989,21.056775539689923,1.0815190999130808,22.488276260679555,1.5479184537872839,11.661381482292853,3454.1084988132884
1991-07-11,369.26891001208924,491.7580230137593,77.79847579737431,7.8327994,0.64873415,30.151154,1.824244,20.579473531391468,1.0783884461545892,21.988160847959726,1.5447819564691017,10.545882286452432,3443.562616526836
1991-07-12,369.0949264362723,491.84307490595154,77.18075765859359,8.00194,0.68694824,30.379848,1.8074689,20.78615816221417,1.0737609134411952,22.20472429761969,1.5401569222007847,9.523568437599124,3434.0390480892365
1991-07-13,351.49301036734016,486.80542651390886,76.60927930864575,7.640707,0.607768,29.354435,2.2126458,20.250011926236617,1.3099246751408677,21.642952104286632,1.7763143038356766,8.938605925101541,3425.100442164135
1991-07-14,353.74674181074727,496.00787611789343,76.03715164186457,7.8157907,0.61426973,28.489258,2.0919924,19.883041976509308,1.2475987671280375,21.258442245386377,1.7139842183932403,8.180972198776665,3416.9194699653585
1991-07-15,363.7986853942422,502.9541282839892,75.44953421346334,8.0975685,0.6920219,29.589563,1.7829882,20.568814486822383,1.0746203185516,21.976992337496362,1.541013701341796,7.462706481328631,3409.45676348403
1991-07-16,374.1407531009686,507.6948250232789,74.83714566559676,8.245475,0.71604043,30.93281,1.8325068,21.30714171346769,1.0978891256885883,22.750609081729948,1.5642916489138254,6.888945415205405,3402.5678180688246
1991-07-17,383.4822511956378,512.5608701618116,74.20813052114,8.34557,0.74518317,32.50919,1.9457718,22.167812977849746,1.1578227931866603,23.65241749049193,1.6242367581324333,6.397241082214019,3396.1705769866107
1991-07-18,385.2532524750171,505.1365940027721,73.5757859922375,8.35158,0.75103515,34.089714,2.0864563,22.95335616912497,1.227484835618275,24.475506961065044,1.6939099826937025,7.231705558610303,3388.9388714280003
1991-07-19,383.27919848305856,502.318935154073,72.94610012888651,8.595917,0.7846159,35.378166,2.259231,23.78704070609546,1.3256844210042042,25.3490387690947,1.7921222070350737,5.484869946252942,3383.4540014817476
1991-07-20,366.3017426485998,474.31933174402747,72.3548292410243,8.657375,0.8061182,36.988255,2.436636,24.64303653862417,1.419032167027917,26.24594827634291,1.8854837568495273,5.150536698405119,3378.3034647833424
1991-07-21,373.14008869656396,487.0819724662541,71.73195289213201,8.458887,0.7710199,36.377266,2.376323,24.267059945930143,1.3864830859641737,25.852001287729795,1.852928509649731,4.974691503706739,3373.3287732796357
1991-07-22,362.125294478221,467.94098572192456,71.13909451528468,8.417419,0.72405094,35.15536,2.412907,23.490648058039895,1.3964448775227905,25.03847956562966,1.8628780791214004,4.7986465192621255,3368.5301267603736
1991-07-23,310.5540607234011,424.2941487063524,70.64420812520453,8.402536,0.7622615,34.263885,2.3257692,23.334625716853537,1.3809744338632501,24.87499988987029,1.8474052625384907,4.731973333856762,3363.798153426517
1991-07-24,302.03315625485556,420.3796036448131,70.13402436813526,8.69072,0.7952923,34.342373,2.3268182,23.617687179505396,1.3942290415417182,25.1715907228397,1.8606641958132664,4.278307580883245,3359.5198458456334
1991-07-25,334.1559661299649,448.98665910985903,69.54856256262106,8.284906,0.66317564,31.020187,2.804284,21.31936208786982,1.6324472400789203,22.76341354825524,2.098849919834506,4.254215820926407,3355.265630024707
1991-07-26,337.2939080861732,447.7861116272958,68.9956290443859,8.185569,0.67107606,28.280968,3.1825273,19.647382013735356,1.8379723093265823,21.011518541955112,2.304355159127683,4.12366080265589,3351.141969222051
1991-07-27,314.81621420897693,431.1598546674928,68.47957030379,8.713039,0.8327587,28.76337,1.9849896,20.301746074682796,1.1999063239285324,21.697158968184198,1.666296553926137,3.827967844533809,3347.3140013775173
1991-07-28,335.55382668965433,451.78515463022666,67.8949130876934,8.737106,0.8085264,30.067036,2.1107702,20.976491974265386,1.2592503901998857,22.404155415263364,1.7256487429499257,3.668980643927686,3343.6450207335897
1991-07-29,359.7647194237704,470.9964264027491,67.28642322497336,8.636134,0.8070504,29.790314,2.0858178,20.629404454574672,1.2331104852886097,22.040478298590767,1.6995045947038245,3.5615940112186517,3340.083426722371
1991-07-30,367.8734601872988,470.4283764661783,66.67857124768152,8.379683,0.77000046,28.417398,2.7876692,19.624212556644622,1.6004287899415648,20.987241664016267,2.0668113874020966,3.497946711339331,3336.5854800110314
1991-07-31,373.4713237177323,474.85556059370674,66.06669298346264,8.727504,0.8837621,27.548153,2.5432026,19.262463904221026,1.4757819198174045,20.60820266258273,1.9421606570480345,3.3076292167909185,3333.2778507942407
1991-08-01,378.16180991287814,478.1926105721955,65.41661752395672,8.97572,0.9285232,29.695572,2.230826,20.545789572609994,1.3114515115762508,21.952866911091352,1.7778446193408002,3.13683067625144,3330.1410201179892
1991-08-02,383.288794394385,483.814937089248,64.78542351606201,9.29737,0.95061916,31.168823,2.386915,21.500910791850778,1.396536445915367,22.95363965969329,1.8629414712307968,2.962272302672245,3327.178747815317
1991-08-03,390.72215341305116,493.595963554525,64.14418057873013,8.963592,0.9067251,29.907042,3.50586,20.653505161867905,1.9974389178150145,22.06573093730847,2.463833317424707,2.946163522137807,3324.232584293179
1991-08-04,388.5400989306606,488.2239098840205,63.52041525073737,9.138476,0.9706792,28.193861,3.3168602,19.749421047599505,1.8964156027604144,21.118434692834978,2.3627995711815863,2.8327451569260043,3321.399839136253
1991-08-05,382.456880766047,499.1185383896401,62.89308041684354,9.163524,0.99403536,26.428051,2.7136402,18.938122029565857,1.5957484503125494,20.26835835502628,2.062123853704107,2.7502249036769104,3318.649614232576
1991-08-06,390.4284242203008,504.1696323415299,62.24667736923833,9.136029,1.03482,25.015415,2.4699693,18.08519263207807,1.463433885822888,19.37466184793186,1.9298010962329097,2.6793626738197434,3315.970251558756
1991-08-07,400.06028292800363,511.18726198882814,61.5885536888654,9.401775,1.082269,24.85566,2.3241315,18.071020898154465,1.3876610881770757,19.35981275357036,1.8540281694835166,2.559099580588324,3313.4111519781677
1991-08-08,405.2974786811382,511.7544473896732,60.9263625107988,9.414053,1.1032172,25.74612,2.8941925,18.52804960322247,1.6870759577498113,19.83868586846614,2.1534473182796994,2.487900488508602,3310.923251489659
1991-08-09,440.8416353264116,434.633875380478,60.361267064335,9.147471,0.966335,26.815615,4.9660068,17.918903052612794,2.512957582151247,19.200424195000636,2.979323292136901,2.4679044396209218,3308.455347050038
1991-08-10,327.3214927466253,452.4563711272491,59.87429442087085,9.906264,1.086454,24.421846,2.7796795,18.328749603934856,1.676110877521152,19.629860010485544,2.1424803426093417,2.28050528659923,3306.174841763439
1991-08-11,372.82489829311976,517.0431008291674,59.3129839271954,9.928739,1.1256663,25.402193,2.9224007,18.91933370523166,1.7622908947078995,20.248672013013582,2.228666108664188,2.2206244224433074,3303.9542173409955
1991-08-12,399.59438907320566,507.27420282914943,58.71815828594856,10.066413,1.226338,26.442188,3.251411,19.226514459803965,1.8973143519859026,20.570534957609564,2.3636927137727555,2.1456041975580114,3301.8086131434375
1991-08-13,405.7563718108354,513.4827460522798,58.090444057327474,10.240953,1.1603601,27.463469,2.72484,19.861371222276762,1.6059494690457174,21.23573570317928,2.072334678435085,2.0666652892968114,3299.7419478541406
1991-08-14,401.791403532917,510.5168859428501,57.49637010493379,10.248113,1.1406978,28.7806,2.8364513,20.618672299727134,1.664850596524248,22.02923318342755,2.1312445769282418,2.015455086067722,3297.726492768073
1991-08-15,395.0057343331781,504.72000200948776,56.886656186533614,10.232678,1.142659,28.117207,3.6610885,20.26537918462273,2.1141454724599806,21.659053865093256,2.580535279447995,1.9768232745123409,3295.7496694935608
1991-08-16,389.8062350780059,496.0540804978877,56.2740894302115,10.417105,1.232238,28.06575,3.3045409,20.29979436467916,1.9282460232280354,21.695113973113973,2.394636230485492,1.9077105240431458,3293.8419589695177
1991-08-17,389.26200339704013,502.17262683642105,55.6628549791873,10.711899,1.2520576,29.07665,2.6944048,21.0573300308127,1.6133076371499973,22.48885725458257,2.0797069979642453,1.8209605906096034,3292.020998378908
1991-08-18,393.432404195784,525.7404106050466,55.05613518917771,10.576495,1.3265365,29.427965,2.9451706,21.358993755570403,1.7776699858500842,22.80493947419783,2.2440731744209947,1.802390483103008,3290.2186078958052
1991-08-19,345.2009690940545,467.543640678406,54.57849328870961,10.525887,1.2511591,27.78403,3.4988618,20.453895355552007,2.0817429172851525,21.85658046458266,2.5481349334380083,1.7806188163023478,3288.437989079503
1991-08-20,301.84479223943185,416.4347197737469,54.17375535426402,10.815574,1.3281455,25.812958,3.6590075,19.510561268380254,2.1935650001570153,20.868158232670357,2.659946368721355,1.7110228395150864,3286.726966239988
1991-08-21,363.9959714691519,422.0802151673048,53.70494675696917,11.145496,1.3270288,26.52872,4.0058846,19.40545235225658,2.236995069447791,20.75802546965283,2.7033753146290196,1.6345814803658707,3285.0923847596223
1991-08-22,350.77839960004684,490.1840237246936,53.20386614299325,11.1868,1.5073698,26.00063,2.4884942,19.821552652447746,1.5809134512938419,21.19401394182541,2.0472982176521817,1.5984802329287462,3283.4939045266938
1991-08-23,368.41304586931733,512.8142332497267,52.65844852504723,11.351608,1.4956166,27.717129,2.4300237,20.87522611498719,1.546177253155015,22.298049394071693,2.0125743536442906,1.5436608563667253,3281.950243670327
1991-08-24,350.44274910206246,477.5691199208958,52.10559102156365,11.290595,1.4310917,28.5108,2.6078923,21.222623985060753,1.6215130287897066,22.66205169481456,2.0879144741039877,1.5235255796148344,3280.4267180907123
1991-08-25,303.1365787229439,473.0192070736356,51.62872005230826,11.213234,1.4757373,26.2364,2.5795023,20.368929891315933,1.6743753942475155,21.76755394159601,2.1407664096857366,1.5128635427617614,3278.9138545479505
1991-08-26,382.5089104854179,521.114463722368,51.05312208626018,11.396068,1.4703003,25.664816,2.6497672,19.624773650976763,1.649991462500413,20.98782957673948,2.1163740660646195,1.4677749793749497,3277.4460795685754
1991-08-27,412.5536907691909,505.0631814345651,50.45713278121016,11.53773,1.5549797,27.704714,3.169272,20.436158766843594,1.8792686874782767,21.83799612756348,2.3456604940497257,1.423231393254275,3276.022848175321
1991-08-28,405.20680922469813,513.9643953502824,49.87894726403098,11.704467,1.7200785,28.645569,3.211047,21.177264941588188,1.9490445037282458,22.61452464411614,2.415445373915913,1.3767062957571463,3274.646141879564
1991-08-29,406.74864632079533,505.1365614526941,49.25348094538544,11.810711,1.8065202,29.675766,3.575956,21.707014102254544,2.1385162046792257,23.169594003805432,2.6049239384634006,1.3398367798619792,3273.306305099702
1991-08-30,427.9276015100487,496.3529747930359,48.6043248380167,11.889895,1.8834066,30.605679,4.084208,21.940560642947304,2.3602655282533984,23.414303270804396,2.8266763898382794,1.30912311125783,3271.997181988444
1991-08-31,428.2194528097674,508.9839799928735,47.96348613435368,11.73512,1.5871385,29.16622,3.9718735,21.201741780233206,2.2757133319201293,22.640171391978505,2.7421145121678716,0.0,3270.684403043412
1991-09-01,406.2175392763257,479.1673754684025,47.35326983807056,11.479754,1.7658516,24.105976,2.2332113,18.313023676513346,1.455032342234942,19.61338243748968,1.9214016596951202,,
1991-09-02,385.88533889127393,514.6556894282733,46.75046450785167,11.407897,1.7096834,20.011795,1.7765926,16.32499121182159,1.252029408618812,17.53032881673467,1.7183823409788714,,
1991-09-03,389.5862059999104,511.5791037368698,46.14796935214636,11.866897,1.5114188,19.926119,1.5716927,16.442005808837195,1.1058988410408148,17.65293631149323,1.5722526126343521,,
1991-09-04,385.5618365964702,514.3220849242924,45.545340832045184,12.300765,1.2816502,20.3122,1.7319993,16.87964250777981,1.1320208537910652,18.111490548659088,1.598377902929795,,
1991-09-05,356.6781366983452,503.9706320244428,44.97858191482016,12.545697,1.2708665,20.297707,1.4648998,17.085046148295504,1.0065888808164292,18.32671178105421,1.4729475437867732,,
1991-09-06,356.0059846849278,510.9498647076062,44.445617690009215,12.681376,1.2592351,21.84233,1.7170979,18.08048467371626,1.1364452009081176,19.36972886525371,1.602812368403468,,
1991-09-07,365.053356290402,511.0856800527264,43.90799243238229,12.870671,1.233813,22.577026,1.922665,18.532762434453065,1.2337697737845772,19.84362395691955,1.7001411796855423,,
1991-09-08,362.9755096848239,488.2938863647757,43.33833347508102,13.25387,1.2864257,23.313824,2.3319159,19.02432752538586,1.4457035303931827,20.358684178867733,1.9120798081354864,,
1991-09-09,372.49809440172976,503.6520240266689,42.745672525379454,13.49425,1.2926737,23.596699,2.640768,19.301609686327268,1.614459331233842,20.649219479260488,2.080838478970357,,
1991-09-10,375.2010862125462,503.664843976206,42.15957626251031,13.761184,1.2549441,24.06153,3.1121361,19.664156753230632,1.8622488615151345,21.029095056656683,2.3286318943944484,,
1991-09-11,355.9473704166376,525.4701375437677,41.597495850559625,13.507949,1.2888964,22.135742,2.1774614,18.651535992144385,1.398589657740516,19.96807448466142,1.8649622154765773,,
1991-09-12,378.177905372635,517.4061499830166,40.9728269291162,13.714419,1.3450229,19.710026,1.6986231,17.17826356502284,1.13385249743652,18.424384671653314,1.6002119087215485,,
1991-09-13,389.8016645500029,521.5276469544658,40.3423399879899,14.384757,1.2294508,18.68308,1.5159843,16.844564469361508,1.0144906557494937,18.074735899912667,1.4808474341077287,,
1991-09-14,380.261471548416,509.0095398998231,39.74295997947354,15.056273,1.2638468,18.995285,1.4469144,17.31092299132299,0.9889298356747277,18.56338476505705,1.4552903290335308,,
1991-09-15,362.09217690620426,509.3428692829108,39.215139716817895,15.117438,1.1482335,19.2486,1.8133054,17.53205057888267,1.162291128708544,18.795081495415243,1.6286534704879663,,
1991-09-16,356.51305322574626,526.2604059506893,38.71980760085795,15.895717,1.6934032,20.85889,2.2809694,18.854484702753613,1.5220797730059714,20.18072344989231,1.9884543362162574,,
1991-09-17,368.09907187061617,542.1510558076415,38.1309430592806,15.524419,1.4845079,22.334799,2.2467396,19.58072663618584,1.4666620609092862,20.94167726520874,1.933044186417993,,
1991-09-18,370.4835550415519,543.0030491155397,37.54478182147154,15.234693,1.2603667,22.541595,2.11532,19.578128512648576,1.3573382343317515,20.938954960247635,1.8237203317115265,,
1991-09-19,228.26059390466253,557.4378559745487,37.34207999609491,14.7020035,1.3185287,20.173006,1.5729866,18.583574007735777,1.1799141638034356,19.896864149714503,1.646286060487475,,
1991-09-20,294.9188890153624,549.3239531273217,37.02133174416336,14.919751,1.2687981,16.104273,1.2022331,15.690484535299523,0.8990987575126151,16.865494890027417,1.3654474118310218,,
1991-09-21,342.41208083494087,562.6505610596075,36.53033568160592,15.075736,1.2240537,13.429665,1.1513792,14.052422329167594,0.8525235194696346,15.149138909877912,1.318863258166545,,
1991-09-22,353.73179816073605,569.5848312307238,35.98475435230521,15.57871,1.3510019,12.826462,1.0658706,13.88087534412931,0.8367977804088463,14.96939256535883,1.3031367629327517,,
1991-09-23,334.29599964787485,528.3593857246905,35.4828762201314,15.377414,1.1221977,13.225327,0.98908144,14.059302837235208,0.745721251697896,15.156348282711317,1.212061021425895,,
1991-09-24,304.8949794986281,516.8714701938216,35.032326623160294,15.714879,1.2664517,13.495023,0.9439483,14.318642464968594,0.7571627155747294,15.42808345814219,1.223503694406047,,
1991-09-25,120.08258717649004,334.35598312433785,34.83338415546518,15.342883,1.1387655,13.781897,0.8481203,14.194377643594178,0.6927741535859717,15.29787920308412,1.1591145434663914,,
1991-09-26,123.8530921040292,332.4571090264181,34.588250998666126,15.722447,1.3647028,13.680433,0.89805335,14.234682909866166,0.7518741097426329,15.340110923307249,1.2182146887139815,,
1991-09-27,208.684919006348,417.8662226492553,34.22980597528815,15.436791,1.2626299,12.902659,0.95488197,13.746700862781523,0.7631657333883577,14.82880500245514,1.22950414793361,,
1991-09-28,260.0289108460553,471.8324449223588,33.800199157117675,15.641547,1.2561948,11.362931,0.98930544,12.883115145699215,0.7784617460480036,13.923942840116391,1.2447969976671047,,
1991-09-29,289.6039515520528,502.1724732964723,33.33182046759386,15.957492,1.3603076,10.997644,1.0123512,12.81178207189926,0.8122874460856664,13.849200289228714,1.2786224745821702,,
1991-09-30,302.89424387681413,515.8795159002161,32.84399772571129,15.897403,1.3959829,11.020512,0.98949945,12.824651336757384,0.8095563913201225,13.862684660955674,1.2758914596401074,,
1991-10-01,284.46818754768594,482.444506450275,32.392331583670334,16.350796,1.4094307,11.285334,1.067748,13.164247410037614,0.8511667865265715,14.218512265687595,1.3175029741652882,,
1991-10-02,276.4170795522847,464.8027988743099,31.940565394069232,16.760027,1.7003686,14.5881195,0.81940454,15.398071216078492,0.8161559988732247,16.55910521371255,1.282502836638541,,
1991-10-03,283.4830940741964,469.2017346525041,31.46542333156316,16.720816,1.6310701,17.320305,1.0099674,17.094519720957113,0.8796313974501251,18.33663815810526,1.3459901360171516,,
1991-10-04,282.9386038018389,466.0721487090928,30.99840540360892,16.649967,1.5843112,17.985184,1.133946,17.480806045269244,0.9252236879558743,18.741387648265768,1.3915855964010921,,
1991-10-05,283.2158612627905,464.7128185609779,30.530228508706703,16.836512,1.6150088,18.644197,1.2258433,17.959686601801497,0.9767882641639242,19.24315705842897,1.4431543392113508,,
1991-10-06,250.1801259342652,458.6715468633886,30.17793812884994,16.075193,1.1351464,17.270191,1.2202375,16.8484320172809,0.8853981959819978,18.078788303402053,1.3517550041262614,,
1991-10-07,255.44087613951763,421.639945571606,29.870787345213976,15.831532,1.169416,13.566229,1.1366457,14.420854898132777,0.8340622194870309,15.535181296215898,1.3004036959900394,,
1991-10-08,270.4493840921756,460.2726636344432,29.474849420204546,15.994309,1.2571028,10.629999,1.3726076,12.61539759188082,0.9818292531809113,13.643429302372152,1.44816369747338,,
1991-10-09,303.16811007289346,506.7434832330362,29.019741744261868,16.212605,1.3949215,10.559881,1.2200006,12.675822576697087,0.9248292829175262,13.70674239491016,1.391163902263924,,
1991-10-10,304.72690807720267,506.05639094331,28.551320986679148,15.873704,1.0415537,11.608254,1.0121678,13.211392097891027,0.7432037190307453,14.267910308464348,1.2095400724865484,,
1991-10-11,278.04858104550715,480.5749686301954,28.13243512693373,15.466399,1.1516157,10.77757,1.0728647,12.496106412745641,0.8000435656145952,13.518436412650809,1.2663776765752992,,
1991-10-12,209.71789797255465,443.7903879790432,27.929535777358627,15.481776,1.0883154,9.75548,1.0552124,11.593110452059044,0.7971629125858981,12.572280331780664,1.2634950282465447,,
1991-10-13,228.27336536702623,437.2086431379126,27.63629239199784,15.169347,1.0375441,8.926847,1.1078519,11.068147022798238,0.8101913278310319,12.022225445098902,1.2765227122084424,,
1991-10-14,281.04255409472955,498.7143614534752,27.246948029595,15.213443,1.1903257,8.372659,1.1795222,10.83823664174137,0.8678541327244733,11.781326133736837,1.3341852960856184,,
1991-10-15,227.1412484800245,431.8651171650389,26.94246348259209,14.806563,1.0517524,8.150621,1.2728215,10.444740327362332,0.9094842490928183,11.369022040630341,1.3758151744690819,,
1991-10-16,32.31835318724816,216.11352417660623,27.34639824589669,14.750604,1.0911874,9.271231,0.83245814,9.984039025747919,0.7379458459011787,10.886300791627376,1.2042767177028295,,
1991-10-17,32.315789505999994,336.98526049535803,27.4753059755677,13.819924,1.0796095,8.58626,0.8807786,9.044233088230294,0.8092391134278878,9.901575342862293,1.2755706286636106,,
1991-10-18,32.315789505999994,449.777070495358,27.72436258898009,15.020409,1.3290572,9.098159,0.859729,9.495140815613562,0.8070318598285142,10.374034918263522,1.273362940280505,,
1991-10-19,32.315789505999994,359.806210495358,27.778767995474603,14.020153,1.026231,10.560228,0.75180525,10.845369702363842,0.6950120403519373,11.788800130273914,1.1613432096614211,,
1991-10-20,129.3387328997129,375.65614107073816,27.71708070984685,13.045253,0.9955701,8.22797,0.99744636,9.461767275576873,0.7845721934908166,10.33906623709482,1.2509032981539137,,
1991-10-21,179.44648550889963,439.50375897135393,27.55945051573971,13.004029,0.963074,6.23725,1.3636553,8.19907924940061,1.0077562136392098,9.01602603955042,1.4740891702348997,,
1991-10-22,196.34533702160013,449.96179988214885,27.36419859876815,13.496981,1.0368638,6.2757215,1.381389,8.469509107193202,1.0120001610249478,9.299381520127275,1.4783325675347565,,
1991-10-23,224.46269957568325,463.31550889011135,27.20494885583672,14.149656,1.2615682,7.740715,1.2234399,9.832331540633884,0.9212791110606979,10.727342207310985,1.3876100183529334,,
1991-10-24,243.33697719907383,475.6213174532986,27.00529261782017,14.105498,1.243102,9.817481,1.0068463,11.268793542859024,0.7878268312676212,12.232462182942777,1.254158457934739,,
1991-10-25,248.3358121177924,477.5735567695887,26.78468470361324,14.301418,1.3213284,11.417813,1.004273,12.40430337963874,0.800541592919944,13.422245508374367,1.2668754584406499,,
1991-10-26,255.9913407474405,479.1861821354802,26.54512989865155,14.302648,1.3476081,12.89602,0.9309565,13.385812520576156,0.7670639331863596,14.450667431127439,1.2334009222130404,,
1991-10-27,260.49404686142213,484.5782590994362,26.289884414799143,14.329374,1.3377402,14.142086,0.87250185,14.20756622837994,0.7353590446486987,15.31169815713972,1.2016994961984495,,
1991-10-28,261.7293971088585,483.18387459041367,26.05894451537869,12.931924,1.0377513,12.499493,0.89615995,12.651429745951068,0.6861811958818331,13.681183670237202,1.1525157440584541,,
1991-10-29,267.0582361180695,480.599022365668,25.81263101589716,12.145061,0.9275975,8.4299965,1.4282359,9.756992838967752,0.9760382374256007,10.64840257323768,1.442369172125016,,
1991-10-30,273.4670936917568,487.625600165551,25.54308998107201,12.138776,0.915664,6.570334,1.6345681,8.571122595214893,1.0977182932962077,9.40585178552807,1.564050514732164,,
1991-10-31,272.16588065815444,489.3586198566829,25.25818108094297,11.909716,0.8519306,6.4914327,1.2600384,8.427905832720956,0.8650602085448091,9.255789751348933,1.3313926942362417,,
1991-11-01,274.6555014029404,491.0925785126962,24.88832190252788,12.218913,0.80089986,7.463039,1.170516,9.168857108103493,0.8037666143016072,10.03215596487953,1.2700979861151807,,
1991-11-02,256.4373958131193,461.8125214838399,24.54346716430638,12.274844,0.82731545,9.133831,1.0222752,10.255269693128547,0.7206105979202208,11.170495357753143,1.186941471873543,,
1991-11-03,203.9362204742748,382.8163983930772,24.29071936280804,11.135598,0.89455736,9.04674,0.9073782,9.772759224678614,0.6686839087880988,10.664922538290828,1.1350148372147792,,
1991-11-04,209.6434171664978,394.09312661720287,23.973509922442915,10.0111475,1.0030621,5.9039345,1.20961,7.330136323715651,0.8629923537321514,8.105550612350516,1.3293276440488917,,
1991-11-05,216.62056604394368,399.7928941440466,23.64314629465608,9.7637005,1.0325689,3.105277,1.1082069,5.44518613901045,0.805163111054861,6.130506252196271,1.2715064323252778,,
1991-11-06,235.16466847525865,428.2148406996306,23.28748332594054,9.781518,1.0050297,2.192606,1.1050138,4.882836756151081,0.7973202042101661,5.541278491131424,1.2636667084101925,,
1991-11-07,262.91341728538373,464.686406241809,22.900861233282377,10.097618,0.923469,2.5309324,1.1683521,5.265104596957943,0.8173903224274898,5.9418174280116105,1.2837346236046934,,
1991-11-08,275.12203427406985,484.134374556208,22.49639810541351,9.374069,1.0014719,2.9126902,1.026489,5.254017450923591,0.7484005753241539,5.93020035429633,1.2147449380436626,,
1991-11-09,280.94607430900487,492.979066326832,22.08085917322148,9.171472,1.0524763,1.4353307,1.3846364,4.243662313466837,0.9611894505773658,4.871553694995402,1.4275400116981247,,
1991-11-10,269.23313118354326,475.1484320599697,21.68068547299336,8.608702,1.0619236,0.22907776,1.1984329,3.2598787668994413,0.8559834929394048,3.840748657797905,1.322341211238994,,
1991-11-11,211.5800806194775,431.9390549380905,21.403099713891407,8.473342,1.0896604,0.3740169,0.7541762,3.0369615667361916,0.6201661896718235,3.6071767774711803,1.0865256835392032,,
1991-11-12,210.272776642737,423.7543940756036,21.213424529285373,8.594134,0.99278617,1.2902732,0.9401847,3.71257184377127,0.7094113149174256,4.315078916290338,1.175765602330562,,
1991-11-13,216.6221653052044,415.1088348016135,20.95455247317106,8.636969,0.914812,1.5990807,1.0030032,4.012390338130279,0.7299155544939636,4.629227709801455,1.196267698640162,,
1991-11-14,261.01165172895253,470.88845729565287,20.640030332930927,8.81687,0.9226036,2.1491065,1.183228,4.526977298522471,0.8293225439021578,5.168410167872868,1.2956712491354851,,
1991-11-15,255.03361263839952,453.2706356969727,20.342769820586643,8.965974,0.8161107,2.7073116,1.3089012,4.960819555656085,0.8876641286290801,5.622988601881903,1.3540101698424492,,
1991-11-16,259.5364379013831,455.3725175562192,20.05578699751012,8.635186,0.9046126,3.843286,1.3571181,5.582909926995835,0.9247176397313527,6.274812766462141,1.3910602366122895,,
1991-11-17,255.68396173611384,444.0051967033559,19.76357637263264,7.624249,1.0397506,2.6191301,1.1092974,4.448126054124813,0.7999271401909404,5.0857901035324975,1.266276352729399,,
1991-11-18,251.4183516972108,433.12649580795335,19.467300675248147,8.009823,0.97144616,0.38387817,1.5758607,3.1847208730764605,1.0589954813230464,3.761998473564593,1.525353791916284,,
1991-11-19,257.3719693593803,436.65156152863057,19.167130413507262,9.034318,0.7968942,0.7999049,1.4555948,3.853557991906755,0.9623017191272966,4.462803720369661,1.428654985889595,,
1991-11-20,267.1477315786024,447.67769840476535,18.856582795140955,10.106967,0.77561575,3.373694,1.9196543,5.890082617005315,1.236683350124614,6.596667261036762,1.7030244095098575,,
1991-11-21,261.2701868373251,443.9462722141914,18.57322570899933,9.944825,0.72513443,7.3322244,1.2425714,8.300146616563339,0.8270681774623727,9.121924081382016,1.293400918686317,,
1991-11-22,25.852632096,1341.903130495358,19.3868762624305,9.267959,0.8666424,9.382505,0.5867287,9.380340311275978,0.5758716686542409,10.253747342244495,1.042202837735125,,
1991-11-23,25.852632096,1536.899430495358,24.951273527307112,9.193228,0.6385812,9.486233,0.6404125,9.481385571389332,0.629906740785448,10.359622220385324,1.0962378310619658,,
1991-11-24,25.852632096,990.094180495358,27.35404696773231,7.557542,0.7813354,8.516345,0.6821808,8.491946516748914,0.6651187284202708,9.322891361161302,1.13145109304772,,
1991-11-25,25.852632096,757.522430495358,28.720852383079134,5.8401556,0.7879805,5.4918275,0.7173638,5.503322873742834,0.6941768604366909,6.191421724118378,1.1605198732778863,,
1991-11-26,32.315789505999994,753.553130495358,29.531464008028884,5.316454,0.78179216,3.7413082,0.7086663,3.806079927104038,0.6802852084600588,4.413056366365019,1.1466388163950396,,
1991-11-27,32.315789505999994,562.800830495358,30.04942359536108,5.1829767,0.8339259,2.6321964,0.6926652,2.770707898532852,0.6566157402641897,3.328197094070354,1.1229774293517447,,
1991-11-28,32.315789505999994,497.642670495358,30.39540199147071,5.8357544,0.77564526,1.9746132,0.72983974,2.210057730818542,0.6869657161455327,2.7407497648260235,1.1533322927828453,,
1991-11-29,32.315789505999994,463.526400495358,30.64669898737135,6.864999,0.65716255,2.7392282,0.9844295,3.008119310997649,0.921266824181853,3.5769559605006545,1.3876265519338942,,
1991-11-30,73.34681320903192,435.0726762165504,30.760139636664853,8.258878,0.70355916,4.1372914,1.4491626,4.731889452214359,1.244246797194734,5.383116422054073,1.710594217334704,,
1991-12-01,81.83744796320802,461.05784154939096,30.836792007229164,8.32515,0.75283784,5.871289,1.0966567,6.241190129592481,0.938232426306891,6.964556512524605,1.4045718604594328,,
1991-12-02,36.4016999541328,457.2003219351906,31.01761104333261,6.455662,0.8913752,6.1052747,0.92535245,6.131114696939245,0.8596275641690485,6.8492198504645865,1.3259674926746792,,
1991-12-03,38.033780906,2353.619823495358,31.60809611977486,5.0463853,0.91200507,5.735398,0.691257,5.7244406472151885,0.6804187358011973,6.423108171309415,1.1467606108703678,,
1991-12-04,32.315789505999994,2714.802980495358,32.3653155817152,3.7930722,0.7698879,4.18083,0.6019273,4.176268605041291,0.5949154428963627,4.800938797680983,1.0612664590026262,,
1991-12-05,32.315789505999994,1633.595360495358,32.84615072015181,2.8666456,0.7025174,1.984038,0.4575987,2.0011590529331467,0.44892894961067176,2.521866444222113,0.9152974392678925,,
1991-12-06,32.315789505999994,1264.537447495358,33.337380374494714,3.1207528,0.663564,1.1396163,0.401224,1.1889834347587802,0.39157530911932104,1.670871607782475,0.8579517105350181,,
1991-12-07,32.315789505999994,1043.9207304953582,33.76583838829424,3.508902,0.6584305,1.0435344,0.45431444,1.117561158325378,0.4411161714764703,1.5960355906803945,0.9074933047289817,,
1991-12-08,32.315789505999994,1115.5285304953582,34.06272602256429,4.9290175,0.6291942,1.73287,0.54111683,1.8228525962271818,0.526180781802558,2.335037548395734,0.9925509438013819,,
1991-12-09,32.315789505999994,1056.853130495358,34.69706517550021,6.043,0.60465664,2.866269,0.7014937,2.9605231542986803,0.6809166468343211,3.527084870210797,1.1472767626284808,,
1991-12-10,32.315789505999994,868.322030495358,35.26363278118356,4.6743274,0.68402356,3.3557768,0.74885017,3.403087706095552,0.7223977350584998,3.990802494752321,1.1887543426585414,,
1991-12-11,32.315789505999994,633.730590495358,35.760455118695894,5.0297346,0.65891385,2.5491247,0.84044063,2.669481001571104,0.8003022278031532,3.222131897460671,1.2666647727602802,,
1991-12-12,32.315789505999994,523.4039604953581,36.219673388780336,5.415574,0.6530746,2.611196,0.9236523,2.7742740857497434,0.8707693191404036,3.331933732845812,1.33713097828966,,
1991-12-13,32.315789505999994,545.480530495358,36.6632849110543,6.181327,0.6733001,3.3718486,1.0819783,3.5289809595795636,1.0221578357860157,4.12271301540831,1.4885134863548086,,
1991-12-14,32.315789505999994,884.454160495358,37.46109397591066,5.7902384,0.6775533,4.4632287,0.82300425,4.510005285288695,0.7943527839745741,5.150626950422443,1.26070159780018,,
1991-12-15,32.315789505999994,635.504090495358,38.58946330206225,3.2052145,0.67761123,3.4929519,0.85163856,3.479028264894681,0.8110908306859933,4.070372752672235,1.2774468588224213,,
1991-12-16,32.315789505999994,398.047450495358,39.518703931634,2.1661806,0.7166214,1.4737638,0.653902,1.5257571004996247,0.6071898969864974,2.0237419035425463,1.0735629262058175,,
1991-12-17,70.2682264594748,342.769092527766,40.308532714859375,2.0738611,0.698129,-0.20645785,0.6192199,0.18148280676534592,0.527421526205495,0.6152158937395614,0.9938087902733789,,
1991-12-18,116.16056359976469,328.83761411646753,40.76980137206687,1.768873,0.72436696,-1.0333567,0.71804047,-0.3018737280907745,0.5632905204362751,0.10875656878897533,1.0296834079170318,,
1991-12-19,139.63148041525213,363.6969280037031,41.06433048005882,1.3737524,0.764963,-1.253661,0.4770956,-0.5247738617150457,0.40482236629455803,-0.12479742927654686,0.8712179370094904,,
1991-12-20,96.813457277827,347.43463033841823,41.46244928736875,1.7242342,0.7164358,-1.1553086,0.46145913,-0.5277797430223512,0.39321984014349076,-0.12794698143525024,0.859615447430895,,
1991-12-21,90.66994399144814,366.35197888871215,41.84164500947156,2.574421,0.62349874,-1.224022,0.60549873,-0.47043758952390446,0.5008863569508255,-0.06786406901392361,0.9672812683390175,,
1991-12-22,86.20954922467428,380.1475031857038,42.32437136556506,2.6646886,0.6526476,-0.9207518,0.63666624,-0.25795664310391697,0.5328127350917672,0.15477274031515975,0.9992051006046724,,
1991-12-23,119.4085498009886,404.0198633037065,42.72928768970841,2.946488,0.6109907,-1.1716467,0.7562884,-0.2321859010676746,0.6001677310845404,0.18177523572785984,1.0665597913310276,,
1991-12-24,85.15510651235077,416.3534586131453,43.14105794623276,2.1694264,0.66716486,-0.52281666,0.6166231,-0.06567940491403253,0.5243062075940177,0.35624017322366275,0.9906963137958007,,
1991-12-25,135.46827047190908,417.3791788907432,43.43194511607002,2.09313,0.6604131,-1.037433,0.64867866,-0.27032815208148314,0.5157725108431437,0.14180991549835376,0.982165023172078,,
1991-12-26,169.62505031599153,434.5070976265554,43.55081371029325,1.9701583,0.6817488,-1.0808312,0.69371325,-0.22419036611688628,0.5343949940200875,0.1901529299179269,1.0007869597100845,,
1991-12-27,171.28688321441936,419.1225379704164,43.61628194483902,2.4515648,0.6385165,-1.3452195,0.8000081,-0.2437137876848285,0.5973615285365126,0.16969635553651502,1.0637537252423135,,
1991-12-28,196.1283698304952,418.4624108904388,43.61837297288941,2.6870284,0.65944093,-1.3945922,0.94842386,-0.09206434653238559,0.6791868106692205,0.3285941215883633,1.1455772243991926,,
1991-12-29,32.315789505999994,502.979280495358,43.86821215174911,3.0022388,0.63478106,-0.6017412,0.6415999,-0.38416874950883595,0.6040832249065493,0.022528126658588166,1.0704770964261798,,
1991-12-30,32.315789505999994,725.987630495358,44.303077035937946,2.4986544,0.64259934,0.77333885,0.5918116,0.8468647430556081,0.5672524256977249,1.312400812090134,1.0336323856199816,,
1991-12-31,75.5913280988,531.9645904953579,44.524835700071606,2.2621655,0.6540614,-0.21585453,0.71317434,0.09245755331240375,0.6297223470776866,0.5219355374891735,1.09611062680441,,
1992-01-01,79.61124917565512,475.22099460438426,44.654310493531696,3.35704,0.7449147,-0.046770334,0.518499,0.44163240371300383,0.45678259798110865,0.8877997521444077,0.923166946021214,,
1992-01-02,32.315789505999994,484.540250495358,44.765167143559005,4.106213,1.0927535,-0.08922231,0.49547967,0.17309213718417477,0.46949832185022405,0.6064241788344793,0.9358856812576168,,
1992-01-03,32.315789505999994,450.45477049535793,44.91842901120477,4.6888304,1.0282086,0.09458226,0.67095804,0.40211293231056633,0.6298172991540272,0.8463913850994885,1.0962020851848902,,
1992-01-04,214.603449506,403.659910495358,45.14771813811862,3.8099022,1.248648,-0.73575675,1.9614717,0.8420726188325984,1.351985487424103,1.3073796407103218,1.8183654981415043,,
1992-01-05,215.857989506,404.65240049535794,45.45252938624459,3.0806518,0.941084,-0.3207507,1.4764491,0.8625008667226277,1.0169686607442807,1.3287842890190225,1.4833484551107186,,
1992-01-06,72.353639506,469.530030495358,45.716883625886176,2.6995,0.851779,0.9431175,0.62684137,1.1776340190288868,0.5549236387292292,1.6589797287767296,1.0213001560482642,,
1992-01-07,34.52390130599999,436.14423049535793,45.93832052709471,2.3543248,0.7745901,0.94376165,0.50759065,1.0472276356429746,0.47377760318151896,1.522340366036892,0.940155462814948,,
1992-01-08,48.59474419825585,415.4085192847514,46.11156578285678,2.0272923,0.74048936,0.36653808,0.5463984,0.54046772553461,0.4952835583147798,0.9913590644974406,0.9616668187894093,,
1992-01-09,58.867572681961065,396.3237286610685,46.25559930561602,2.0065196,0.82336754,-0.023821652,0.6810497,0.23875203582463325,0.6024578056258681,0.6752223961828165,1.0688444211182417,,
1992-01-10,32.315789505999994,400.588590495358,46.46720174138682,2.1476502,0.82831794,0.048424363,0.6291214,0.20512904148097738,0.5854327985814196,0.6399923376439903,1.0518197944005587,,
1992-01-11,32.315789505999994,397.385100495358,46.64107357109701,1.8112608,0.7992023,-0.08916676,0.53858995,0.05375548866356355,0.501698439333769,0.48138364644650844,0.9680871634251731,,
1992-01-12,49.81228615007791,391.63202505557626,46.740538821241806,2.0720484,0.80681705,-0.41080928,0.4603017,-0.13064524581121323,0.4183868735102544,0.28816918720621426,0.8847777383505653,,
1992-01-13,85.65197756603571,410.3360405176669,46.81646264879939,2.8301816,0.8643605,-0.4975828,0.8969205,0.07708754283652028,0.7568958433777586,0.5058308930522952,1.2232842993729962,,
1992-01-14,342.501889506,359.934360495358,47.2913137366078,2.7374406,1.0380186,-2.4721975,5.0761404,0.06797732208755486,2.649843093873717,0.49628523489326104,3.116231654475564,,
1992-01-15,32.315789505999994,1043.489930495358,47.93416503814245,1.3264544,0.71636415,0.75437933,0.47611073,0.7715637150504732,0.46231006220049964,1.233500652350041,0.928690823327512,,
1992-01-16,38.899504006,562.448330495358,48.24567210770218,1.0120201,0.5637589,-0.08850306,0.27144504,-0.017313306726728452,0.25649175765601756,0.4069180055730842,0.722881302196321,,
1992-01-17,57.51628271085721,475.4146205399161,48.45359544350553,1.0570505,0.55542797,-0.28413844,0.24648501,-0.1393913455261716,0.22790778548544216,0.2790050538219271,0.6942987528268727,,
1992-01-18,32.315789505999994,409.023630495358,48.65101536572983,1.1257691,0.589791,-0.22986948,0.25352982,-0.1306068076753254,0.23890154704208794,0.28820946255360336,0.7052924114321109,,
1992-01-19,32.315789505999994,389.254000495358,48.82945670906176,0.9662684,0.55193174,-0.27413082,0.25297338,-0.17904696621581528,0.2373822836647452,0.2374540300192764,0.7037737168529412,,
1992-01-20,32.315789505999994,397.559970495358,48.99890811508962,1.0824441,0.58234876,-0.3184551,0.2502186,-0.21314289832982838,0.23551303603270382,0.20172842890132672,0.701904871193824,,
1992-01-21,32.315789505999994,417.844690495358,49.16316328287296,1.2855927,0.767404,-0.2879783,0.2563628,-0.1750159361018786,0.24425289668164193,0.24167772959327213,0.7106442824339945,,
1992-01-22,32.315789505999994,406.816830495358,49.32179830436581,1.5148774,0.79500437,-0.2547574,0.26898053,-0.12452989564316387,0.25596200314343287,0.2945768302080176,0.7223527963660106,,
1992-01-23,32.315789505999994,548.830830495358,49.54252425584821,2.1608531,0.8985811,-0.37206054,0.28387174,-0.23121293940139606,0.2727033282774191,0.1827947016358834,0.7390953770135983,,
1992-01-24,173.109599506,1702.8672304953582,50.25045664411222,1.7876748,0.85698766,0.13702518,0.33465415,0.28934224656739266,0.3138978875061099,0.7282306460650958,0.7802839331825008,,
1992-01-25,32.315789505999994,753.818530495358,50.46991557365105,1.2802147,0.70358616,-0.05811155,0.27775922,-0.003096690049093241,0.26790708794769824,0.42181412793083745,0.7342964679031787,,
1992-01-26,32.315789505999994,643.289230495358,50.64942037570816,1.1963677,0.63240325,-0.1889053,0.265517,-0.12264440569935009,0.2546199210282194,0.29655244012592075,0.7210106921781809,,
1992-01-27,32.315789505999994,581.850430495358,50.80229644213309,1.4441689,0.81917536,-0.19054174,0.27017376,-0.1045276259382351,0.2595617808403256,0.31553514003050354,0.7259523401121326,,
1992-01-28,32.315789505999994,552.089630495358,50.93571268619647,1.9438941,0.8307344,-0.17071384,0.28501114,-0.05378264253382133,0.27314147145028056,0.36870556017860023,0.7395314392503805,,
1992-01-29,32.315789505999994,530.722030495358,51.04944758229747,2.4468164,0.7627026,-0.19441712,0.3219403,-0.04282242176133756,0.30660354667578005,0.3801896420383683,0.7729933871127224,,
1992-01-30,32.315789505999994,528.394130495358,51.18823673127204,2.6573677,0.7557727,-0.24400473,0.37297142,-0.07678788670481167,0.3541644492786091,0.3446007439757297,0.8205546848576593,,
1992-01-31,32.315789505999994,507.482360495358,51.31519231702821,2.42486,0.79444003,-0.20550561,0.4020964,-0.0480350042864091,0.3810044089597019,0.37472791588692034,0.8473943099522903,,
1992-02-01,32.315789505999994,503.65103049535793,51.655704106474566,1.7832427,0.74757713,-0.09329438,0.3256488,0.019850266346369504,0.309315877080271,0.44585787040175695,0.7757049918678867,,
1992-02-02,32.315789505999994,470.358760495358,51.90266068170985,1.5017534,0.75532305,-0.20702183,0.28289542,-0.09716860372600915,0.269125590528078,0.3232458983489149,0.735516063842314,,
1992-02-03,32.315789505999994,434.35028049535794,52.14039778986048,1.8084233,0.74652284,-0.27963984,0.2752454,-0.1350452089196709,0.2613488873459053,0.28355892090169377,0.7277398037412577,,
1992-02-04,32.315789505999994,417.5677504953579,52.37343742674675,2.0512652,0.75127894,-0.26254177,0.28214234,-0.09633764549969077,0.2673782385758471,0.3241165735379627,0.7337687021879082,,
1992-02-05,32.315789505999994,423.353180495358,52.60171005213877,1.7559971,0.74799436,-0.17925,0.29074916,-0.042003358251967896,0.2752887785164763,0.3810478539836573,0.7416786094410132,,
1992-02-06,55.6462522752296,419.5221209576063,52.79555832771968,1.8881189,0.7444861,-0.34071052,0.276742,-0.07969566967511454,0.2594225052829005,0.3415539789192052,0.7258127747513552,,
1992-02-07,76.30395891087667,413.3718230345964,52.95820887431872,2.3420238,0.7343725,-0.47010875,0.30943254,-0.03190686361825476,0.28518140648255597,0.3916269265477216,0.7515711202118501,,
1992-02-08,77.0199481684771,437.2405984396047,53.11530474039781,2.06853,0.7449309,-0.48991334,0.36827344,-0.10673952044160283,0.3324002447579241,0.31321752453085794,0.7987908298780209,,
1992-02-09,165.66338850539805,391.92389213124375,53.12697256014782,1.3584292,0.7291762,-0.8327091,0.39803413,-0.1817053609043472,0.35384838119291573,0.2346685731519003,0.8202398456743967,,
1992-02-10,272.6629286075239,364.023779524244,52.83460627792866,1.2396446,0.6528823,-1.3391813,0.5518021,-0.23479161422131198,0.4215568485309363,0.17904497839266342,0.8879489396088006,,
1992-02-11,235.0865372263299,318.22763997831777,52.57206462124909,1.6956375,0.794031,-1.371926,0.62743264,-0.06861059945238779,0.4939922200702821,0.35316887760616134,0.9603823603971356,,
1992-02-12,258.50577904334784,324.52890803968086,52.28069451021528,1.2135593,0.71505374,-1.1286674,0.5475282,-0.0901714783112344,0.4397686524879966,0.33057746244003916,0.9061590441292477,,
1992-02-13,218.0314145126695,336.741828916898,52.04176750124048,1.2207198,0.71872103,-0.8512716,0.40189,-0.03695833887822102,0.37322179184476484,0.3863340080379333,0.8396115641945798,,
1992-02-14,198.9212148291744,336.9278830420928,51.82256954798493,1.8352206,0.79923916,-1.1351919,0.5001761,-0.03249702822517765,0.4323641406261018,0.3910085540899646,0.898753861202535,,
1992-02-15,138.12450366278037,394.1543323640506,51.67936364021168,2.2485368,0.7906321,-0.8919343,0.5460785,-0.07699296534661075,0.4534432269633211,0.3443858632758789,0.9198334649321892,,
1992-02-16,32.315789505999994,616.225580495358,51.95855422581022,2.7059684,0.7235444,-0.28676724,0.39314172,-0.1376439671574344,0.3752878621623114,0.2808359509035758,0.8416788090181094,,
1992-02-17,32.315789505999994,697.369380495358,52.39020607577657,3.2854586,0.66410977,-0.12467158,0.37752917,0.02635389452975961,0.36200619869422657,0.45267234978077237,0.8283952384374412,,
1992-02-18,32.315789505999994,612.283630495358,52.79940877431383,3.2280545,0.748959,0.084095955,0.51170784,0.2417124530876118,0.4875024324416374,0.6783243112712853,0.9538890145091424,,
1992-02-19,32.315789505999994,740.259030495358,53.32650922624712,4.115786,0.7015238,0.6106216,0.8568875,0.7572379967261921,0.8215692339845915,1.2184902136598774,1.2879501482716456,,
1992-02-20,32.315789505999994,820.181930495358,53.94360541485753,3.5870385,0.72440696,1.4728254,0.8704713,1.552969277224938,0.8379242672964209,2.0522547292951567,1.3042970296965217,,
1992-02-21,32.315789505999994,668.009760495358,54.41711438298727,3.3209505,0.6832745,1.0177478,0.46288878,1.1240266399819998,0.4426535450113481,1.6028101002590593,0.9090306117744267,,
1992-02-22,32.315789505999994,614.898330495358,54.85066487671785,3.2768364,0.6902622,0.85348976,0.5803463,0.9744889088824442,0.5524453679112716,1.4461249767821067,1.0188239847155494,,
1992-02-23,32.315789505999994,578.997530495358,55.35702943523422,3.8986363,0.66892606,1.1020362,0.7897859,1.2498726046275577,0.7488708773411645,1.7346710718317653,1.2152466594547537,,
1992-02-24,32.315789505999994,590.645830495358,55.71162136411039,3.3510065,0.708348,1.2374549,1.0447685,1.3470942124108225,0.9912529850535929,1.8365395401316296,1.4576277871172556,,
1992-02-25,32.315789505999994,632.993590495358,55.988220671405976,3.1232862,0.6519938,1.0992227,0.5183766,1.1975366396905618,0.4942134084915502,1.6798336266723275,0.960589722656904,,
1992-02-26,32.315789505999994,918.424030495358,56.295654697030415,3.3245945,0.6789914,1.3759074,0.5223873,1.4421435879945663,0.5051587728663027,1.9361319509582402,0.9715326272258555,,
1992-02-27,32.315789505999994,882.304080495358,56.56667021602637,3.1507173,0.6569262,1.5539939,0.5918634,1.610410137223208,0.5714229923059334,2.112441066049587,1.0377951942704147,,
1992-02-28,32.315789505999994,840.729430495358,56.7781938030969,3.5700703,0.66062623,1.5880382,0.66437906,1.6614031697905947,0.6402541963800426,2.165871391262733,1.1066259039800386,,
1992-02-29,141.049619506,1186.980930495358,57.23490284555457,2.581225,0.71018463,1.2204564,0.5230977,1.3649830725027257,0.47358504914579624,1.8552834265859166,0.9399596720567202,,
1992-03-01,167.01936950599998,869.428430495358,57.5696615804006,2.5170135,0.6848937,0.070061445,0.42039865,0.46437787652765367,0.3695203379975676,0.9116323808080886,0.8359044347612945,,
1992-03-02,32.315789505999994,878.661930495358,57.930850730900914,3.4046183,0.6191686,1.1681641,0.5449208,1.2474995330071863,0.5260491660464448,1.7321845754998797,0.9924249722170904,,
1992-03-03,38.182469506,812.335230495358,58.242611730931024,4.0380964,0.723925,1.691467,0.57993287,1.7968147717628395,0.5548504287926723,2.3077552049278465,1.021220838043114,,
1992-03-04,131.847229506,781.379730495358,58.54680743315549,4.586382,0.8714821,1.8236811,0.726742,2.2225463072093756,0.6344202709522968,2.753835252478276,1.1007867348044593,,
1992-03-05,160.267739506,812.987180495358,58.94021438929845,5.771948,1.0378801,3.3280058,0.9313037,3.730454381510423,0.7964968306222153,4.3338161782050255,1.2628509873182772,,
1992-03-06,99.333399506,842.113630495358,59.388907186611725,4.480276,0.8738467,4.548487,1.032121,4.541290139641426,0.9278129748195004,5.183407113871309,1.3941615887308174,,
1992-03-07,205.047949506,957.304690495358,59.91680160356974,4.306347,0.8715065,4.009932,1.0696386,4.062221901872482,0.8942607123004532,4.681441051949856,1.3606125101862974,,
1992-03-08,159.920229506,1311.3518304953582,60.62177964691755,4.810185,0.76764023,4.9221263,0.8589018,4.909958805683251,0.7700769940657942,5.569696881919144,1.2364233364524333,,
1992-03-09,54.25352650599999,1117.122930495358,61.27749032016323,5.8851614,0.8824298,5.854427,0.7539731,5.855850363149718,0.7202126780128317,6.560798822463973,1.1865539033982428,,
1992-03-10,32.315789505999994,1000.252530495358,61.92306239521559,5.574671,0.98224986,6.022069,0.94113994,6.008066973502694,0.912203671771729,6.720290866465369,1.378544169293364,,
1992-03-11,565.036549506,2583.8525304953578,64.02996690178898,3.3865805,0.86025065,3.724352,0.9212825,3.663742191578053,0.7715665951589137,4.263915373638101,1.2379212413677976,,
1992-03-12,32.315789505999994,2508.282930495358,65.53453645288049,1.9454565,0.7473733,2.073968,0.71749955,2.0723332999558117,0.7084369252763988,2.5964425769554698,1.1748047575405578,,
1992-03-13,35.5473683952,1782.593730495358,66.62722313045506,2.3343954,0.76048315,0.83083075,0.46181214,0.8602276829105385,0.4530270903704994,1.3264024547912054,0.9194069087881196,,
1992-03-14,35.5473683952,1440.710030495358,67.43659953523292,2.7273643,0.7670286,0.5185303,0.3824983,0.5717176705056927,0.3737446178219058,1.0241026500155481,0.8401275367519943,,
1992-03-15,35.5473683952,1202.412630495358,68.07492876132737,2.1797695,0.7543546,0.3078377,0.33779174,0.36158922975947594,0.32880648229565856,0.8039307880898033,0.7951917193014466,,
1992-03-16,35.5473683952,939.738230495358,68.53412936673217,2.9073243,0.7919823,0.17496318,0.31736636,0.27455272014095916,0.3071583502800702,0.7127342308309457,0.7735445622335944,,
1992-03-17,35.5473683952,847.510630495358,68.80478106047991,3.106175,0.7724504,0.1880663,0.34014627,0.3055343330647945,0.327931289657904,0.7451966589471947,0.7943171535751127,,
1992-03-18,35.5473683952,754.626930495358,68.96583433381902,3.957706,0.8408032,0.30815455,0.40856293,0.4723359863549931,0.3920121412898309,0.9199708610817372,0.8583961502775094,,
1992-03-19,35.5473683952,765.1897304953579,69.05669777142374,3.263752,0.8099416,0.35550317,0.4045703,0.48460995597758927,0.3882785133923654,0.9328314844958274,0.8546623871430615,,
1992-03-20,35.5473683952,716.560970495358,69.1963897015983,3.4227552,0.80935824,0.36949593,0.3873638,0.5138040392295744,0.3710327715863,0.9634209451322762,0.8374163243630199,,
1992-03-21,35.5473683952,669.729030495358,69.21530058364223,3.0163174,0.7870087,0.37079957,0.39048615,0.5041390617907547,0.37292050438868585,0.9532940148099536,0.8393041633189705,,
1992-03-22,35.5473683952,615.806430495358,69.10431643726886,3.111164,0.81535757,0.2556197,0.37536967,0.4114598771648735,0.3576628595725597,0.856185081966899,0.824047541850842,,
1992-03-23,35.5473683952,620.1299304953579,68.99652920500266,2.912881,0.7878133,0.31098542,0.368566,0.4520464798370875,0.35119119680732924,0.8987115855084842,0.8175754297264496,,
1992-03-24,35.5473683952,566.5502304953579,68.91949325903023,2.862433,0.78221434,0.31904408,0.39970613,0.46920376082346216,0.37893243098332813,0.9166889258767765,0.8453164745100636,,
1992-03-25,35.5473683952,553.430430495358,68.9027225790792,4.0831404,0.85280037,0.81349266,0.6711255,1.0108300972579538,0.6327171153786463,1.484203149735828,1.0990953531345613,,
1992-03-26,308.6000683952,742.352160495358,69.06386446005537,4.5256042,1.0139787,0.12780356,2.608263,1.4191672955096708,1.866280275208879,1.9120574702330935,2.332654357710246,,
1992-03-27,1508.0798683952,2640.325730495358,69.98004573353629,4.0484834,1.0157677,0.12533343,1.0125254,1.5515255663567527,0.7427372968591078,2.050742013982551,1.209110073393727,,
1992-03-28,628.2213183952,2292.460430495358,70.6004181229626,2.3908634,0.76596624,2.61091,0.59115064,2.563579237649194,0.49237989039087804,3.1111683912303643,0.9587433432854051,,
1992-03-29,280.3852583952,1687.204430495358,71.06115792251944,3.836482,0.84655255,2.8812084,0.5375288,3.017336721652097,0.4764549125986412,3.5866139318762427,0.9428145655023714,,
1992-03-30,181.8787883952,1564.392630495358,71.50060873942166,3.1840448,0.800906,3.1594067,0.8189604,3.16197279319932,0.7383904800806506,3.738163113229746,1.2047489712171962,,
1992-03-31,229.3350683952,1579.331630495358,71.95019479095694,4.0997667,0.87684846,3.5686908,0.67489195,3.636030071792135,0.5997134219316277,4.234878709255558,1.0660682729794626,,
1992-04-01,190.7700683952,1530.862130495358,72.4201856462797,4.0594077,0.869435,4.180569,0.804856,4.167143551617304,0.7221270620562255,4.791377597895764,1.1884781401664204,,
1992-04-02,109.2694883952,1404.749930495358,72.84427637533842,3.4075933,0.8087334,3.968299,0.7395792,3.9278317819456112,0.6886803301392415,4.540627543680125,1.1550330683482612,,
1992-04-03,35.5473683952,1188.664930495358,73.20135851142935,3.263081,0.79447067,3.5018826,0.7111754,3.494948490955404,0.6909102813406582,4.0870539111180895,1.1572661888341937,,
1992-04-04,38.7789474072,1024.285530495358,73.51810887557576,4.111099,0.8553655,3.7435575,0.71363753,3.7569647916093127,0.6883127382898276,4.361593695285338,1.1546667018740735,,
1992-04-05,38.7789474072,926.107030495358,73.79371207720777,4.5801754,0.90802735,4.3368306,0.776564,4.346610688242379,0.7462466223317525,4.979422650173801,1.2125964984595141,,
1992-04-06,38.7789474072,831.9709304953581,74.00738921283424,5.576324,1.0519178,5.077728,0.905497,5.0999328342052435,0.8664380086460785,5.768751019610758,1.3327832412088918,,
1992-04-07,38.7789474072,787.4449904953581,74.1196801190786,6.025548,1.1043756,5.4524984,0.99600935,5.479394604384419,0.9506756278592506,6.166349765279327,1.41701876717753,,
1992-04-08,38.7789474072,797.800100495358,74.25468016601504,6.7570343,1.1326978,6.5110765,0.79580456,6.522477628285749,0.760729790188342,7.259288592122199,1.2270680240210599,,
1992-04-09,38.7789474072,742.0764604953581,74.38610059896621,6.114667,1.0852659,6.763742,0.81383044,6.731507517631473,0.7752895293906129,7.478309395645717,1.241626929854402,,
1992-04-10,38.7789474072,719.938280495358,74.57369749189378,7.377388,1.1133443,7.6172776,0.76526594,7.605016575969217,0.7283785055198757,8.393569201030667,1.1947129642050587,,
1992-04-11,38.7789474072,847.0004304953579,74.82574018975295,7.03578,1.2293108,7.8969026,0.8899044,7.8592030739711625,0.8526450261855884,8.659904944744028,1.3189787927536047,,
1992-04-12,203.3982274072,721.1375004953579,75.48449315184256,5.9922686,1.1552746,8.887342,0.75300837,8.25042504699386,0.6399791763393972,9.069825990751797,1.10631202205861,,
1992-04-13,65.5553624072,746.6907304953581,76.00729773453031,5.194752,0.9771297,7.021348,0.7580543,6.873925747144992,0.7013208470773179,7.6275347296976195,1.167657708365622,,
1992-04-14,38.7789474072,641.916830495358,76.47546789951029,5.5962305,1.0233386,6.557026,0.9393439,6.502289806170075,0.8877462555949285,7.238135861118013,1.354084572559527,,
1992-04-15,38.7789474072,564.8739304953581,76.86515769781725,5.8425436,1.0719209,6.9808707,0.93369085,6.907744049104151,0.8764195060917452,7.662969430888344,1.3427562427570299,,
1992-04-16,38.7789474072,583.370430495358,77.1667364489115,5.143397,1.0328976,6.5923486,1.0085918,6.502034537537255,0.9479144914966077,7.237868391517137,1.4142528095153668,,
1992-04-17,38.7789474072,500.1790604953581,78.33212415221871,5.4868546,1.12297,7.5832725,1.3264986,7.432431615263461,1.2337035605996425,8.212735269155349,1.700038531332682,,
1992-04-18,186.0734074072,718.919970495358,79.83737537424068,5.511632,1.1311705,8.161623,1.0731549,7.616765023563317,0.8836622823398544,8.405879184259705,1.3499967074066634,,
1992-04-19,102.2040914072,1173.384630495358,81.38587347258114,6.536071,1.1723534,7.3745418,0.73960984,7.307360889438142,0.6868038067948904,8.081686590168468,1.1531391698940332,,
1992-04-20,38.7789474072,1139.7794304953582,82.57440418690342,7.8116093,1.312269,8.469132,0.7361965,8.447497469771873,0.7132810386674119,9.276317801680223,1.1796134868243495,,
1992-04-21,38.7789474072,1123.356030495358,83.50800485782729,8.113852,1.3709544,9.312555,0.8260365,9.272556112348537,0.7997821637954237,10.140811427050174,1.2661134298086756,,
1992-04-22,330.5300474072,1523.151430495358,84.41176119386927,8.573756,1.4928178,10.965335,0.8515973,10.538892365860974,0.7486673135516714,11.467674224726576,1.2149982797526362,,
1992-04-23,40.8116248072,1790.746430495358,85.40076160355869,8.194726,1.5884149,11.331624,0.83379036,11.26172621618313,0.8159794244871286,12.225057062210222,1.2823110418377397,,
1992-04-24,352.6184874072,1317.897830495358,86.16648382656437,8.278201,1.8392383,12.195853,0.9050813,11.368901378088573,0.8127537441465679,12.337354830494784,1.2790855089166984,,
1992-04-25,386.4488074072,1468.797230495358,87.25079227679879,6.446562,1.3383919,11.322533,0.88441235,10.306865147855543,0.7536490705405497,11.22455689884585,1.2199799544287764,,
1992-04-26,38.7789474072,1428.903930495358,88.36175654255042,6.009676,1.2340165,9.076777,0.8016877,8.99573885733169,0.7811863335004975,9.85076325349597,1.2475179093463882,,
1992-04-27,38.7789474072,1194.0330304953582,89.30301272567083,6.625933,1.4054459,8.588826,0.7786917,8.527082031869911,0.7554920462465611,9.359706233800333,1.2218243464458143,,
1992-04-28,38.7789474072,989.798570495358,90.1212928183781,6.8735275,1.5148443,9.039941,0.78086585,8.95826373510095,0.7535932684390009,9.811496948524898,1.21992489296536,,
1992-04-29,38.7789474072,810.800130495358,90.85789644567662,7.2371655,1.6432954,9.959057,0.79318875,9.834816408222327,0.7606908749377557,10.72994584307606,1.2270217814366233,,
1992-04-30,38.7789474072,659.317930495358,91.48581445637224,7.321226,1.7102207,10.321667,0.81781757,10.154993678566864,0.7782087658254399,11.06542649247182,1.2445396291795703,,
1992-05-01,103.4105262964,600.439330495358,92.01249272447558,7.529439,1.8172317,11.575069,0.86413956,10.980680197291331,0.7840386747225788,11.93057800432315,1.2503699678916287,,
1992-05-02,103.4105262964,640.559130495358,92.51661020975116,9.040583,2.262401,13.048496,1.3685101,12.491403023711506,1.2195317107976729,13.513508217698572,1.6858658089493535,,
1992-05-03,103.4105262964,727.521490495358,93.62848870033204,8.917134,2.3875852,14.713392,0.9807628,13.99204072062646,0.9086618349914056,15.085871266852713,1.3750013036898259,,
1992-05-04,103.4105262964,597.766030495358,94.36577898794474,7.6154833,1.8585682,14.534217,0.94686127,13.513832106636045,0.8524858541437962,14.584805915787927,1.3188233318029607,,
1992-05-05,103.4105262964,696.607490495358,95.03967531965694,6.676058,1.5578912,11.679993,0.90040845,11.033182820767786,0.8094694737865783,11.98559007373054,1.275800820654315,,
1992-05-06,103.4105262964,624.344530495358,95.76721233320046,6.5337405,1.470618,10.512787,0.98645324,9.947383337180517,0.8717008378793345,10.847893086447653,1.3380317158444188,,
1992-05-07,103.4105262964,511.515430495358,96.36210517316792,7.7345276,1.837419,12.058767,1.2579206,11.331570976696918,1.0910485983795135,12.2982401635242,1.557380310310549,,
1992-05-08,103.4105262964,598.498430495358,96.86051311469537,7.054287,1.6452947,12.020071,1.1300979,11.288474232839857,0.9936235553959982,12.25308354262962,1.4599552083082468,,
1992-05-09,347.4124262964,1306.788230495358,97.32808301436066,8.621474,2.290485,11.727387,0.9249848,11.075088795027504,0.8748464924174096,12.029499010311467,1.341177884408332,,
1992-05-10,189.6417162964,1043.181330495358,97.71201961854648,8.640812,2.2823162,13.367595,0.93879735,12.640486960158453,0.8685078904831048,13.669717856689742,1.3348424069536189,,
1992-05-11,146.6725802964,898.599980495358,98.04778791328346,9.103131,2.5098064,14.4924965,0.98559296,13.73626110351722,0.9175707071614283,14.817866258384534,1.3839090783771337,,
1992-05-12,114.5283107964,787.315500495358,98.30843721105612,9.093518,2.5003455,16.001554,1.0023246,15.124278722905842,0.9308660176725037,16.27222637527906,1.3972112432093318,,
1992-05-13,109.4823542964,715.180730495358,98.52806668970916,9.050886,2.5185645,16.66312,1.051196,15.652519300966684,0.971023029949886,16.82571504727113,1.43737144289372,,
1992-05-14,103.4105262964,665.877930495358,98.7210837360875,8.524479,2.3119721,17.067453,1.0553373,15.919075973440657,0.9648954262329918,17.105012217510957,1.4312455687278829,,
1992-05-15,103.4105262964,614.840330495358,98.87704152941016,7.9898415,2.1585448,16.86417,1.0691131,15.586484174405992,0.966514348920088,16.756523667390624,1.4328623459542864,,
1992-05-16,296.8940262964,682.429930495358,99.04183480025075,7.8895993,2.224862,18.374958,1.1719657,15.19619339718551,1.0591941363651212,16.347578325161283,1.5255397770699979,,
1992-05-17,215.8514962964,762.345430495358,99.15102838996668,8.103836,2.242254,17.645437,1.1016085,15.539962529344075,0.9908953054214867,16.707778446721036,1.457243012442256,,
1992-05-18,200.6349962964,679.494700495358,99.19796133021252,7.9173136,2.1488564,18.841078,1.1562154,16.35088868405133,1.018219312845469,17.55746409961091,1.484572429593964,,
1992-05-19,168.29402629639998,637.732530495358,99.19978390527434,7.755906,1.6712191,19.130753,1.11017,16.755745570390655,0.9451446446566875,17.981671761183225,1.4115007436808822,,
1992-05-20,157.49742129639998,591.7848304953579,99.21354393197718,7.832103,1.4280335,19.59182,1.1313069,17.119954059311606,0.9425813223767672,18.36328817089016,1.4089402644109632,,
1992-05-21,151.9229312964,543.4819304953579,99.17067078435797,8.05567,1.1945033,21.368523,1.2204794,18.460105200539232,0.9888984769636582,19.767493955590965,1.455269186205884,,
1992-05-22,155.14782977617898,500.2173436826128,99.06597246889424,7.98188,0.9881109,24.055489,1.3304826,20.250303995172022,1.0421041656853696,21.64325813311876,1.5084937977662882,,
1992-05-23,216.92660317879148,479.7541020820467,98.87111443684444,7.9445763,0.8636572,27.111988,1.489109,21.14379991053241,1.060117836255823,22.579460098970383,1.526518283634,,
1992-05-24,202.45577521790835,447.6965060159207,98.70288399618534,6.9782925,0.9271262,24.556427,1.5106552,19.082640387273702,1.0795608794135447,20.419784196221265,1.5459377534199,,
1992-05-25,111.9826162964,518.886360495358,98.6571502450994,6.9421854,1.0649763,17.72563,1.0616863,15.811510771445581,0.8934587828022051,16.992305766553766,1.3598082175817903,,
1992-05-26,133.2240762964,496.676160495358,98.56689930488074,6.673855,1.194565,15.367395,1.0599933,13.528709137763238,0.873156009360342,14.600394018148414,1.339493545018727,,
1992-05-27,152.5455212964,489.828990495358,98.4616731609003,6.7524815,1.1968557,14.275297,1.0060449,12.488844212362462,0.8180960979068229,13.510827103913904,1.2844301891005652,,
1992-05-28,189.438006257122,480.9336448320364,98.29580576722216,6.9329815,1.2164842,15.782291,1.0156538,13.281595528940054,0.8056637543923155,14.341469223539095,1.27200035947851,,
1992-05-29,252.6617345621621,473.5939545424577,98.0289841756686,7.503894,1.1520648,19.7535,1.1063548,15.4919061968036,0.8253130206995075,16.65742518575748,1.2916604307386854,,
1992-05-30,312.8192980385405,452.5387333972335,97.7002418155922,6.636687,1.1082265,21.302805,2.2665594,15.308427682105846,1.414642090985038,16.4651770252471,1.8809883914442578,,
1992-05-31,1915.3417262964,51.53193049535805,97.79372692337591,8.779525,2.6539576,33.05744,56.590424,9.41560425969847,2.979520446885031,10.290696786857804,3.4458515871372373,,
1992-06-01,2360.5070303689577,72.737721,98.0020725488018,8.789295,2.6245043,32.82609,79.972244,9.507834423483546,3.4924919444552134,10.387335237198764,3.9588230160329396,2.7422303689570886,4857.257769631043
1992-06-02,1425.3548326602847,367.142330495358,97.98880991926428,10.431664,3.3606339,28.119617,11.239756,14.054541209911937,3.527191449642115,15.151359065878802,3.993531197889407,2.593632660284723,4854.664136970758
1992-06-03,844.79347332874,620.026330495358,97.9013596303746,10.65261,3.2664118,22.937918,4.3764153,15.852713173389553,2.642022334139097,17.035477502467295,3.108372038442547,2.633123328739978,4852.031013642018
1992-06-04,600.0646046919211,638.6217304953581,97.88721644895874,10.3017435,3.0575223,24.214054,3.3768988,17.47442606498925,2.28582200866376,18.73470272673726,2.752183863368775,2.785264691921213,4849.245748950097
1992-06-05,585.111860880758,644.726670495358,97.89617730013572,10.607851,3.147327,24.363379,6.281003,17.81900535265915,3.6172152037047463,19.095751726472415,4.083580027521333,2.7998108807579265,4846.445938069339
1992-06-06,1256.916410997979,64.45793049535806,97.90504947012482,12.378771,3.345965,32.211357,21.637218,13.346223750845452,3.3531949973779653,14.409186453531046,3.8195318390945325,2.4435109979789797,4844.00242707136
1992-06-07,675.4351457362434,514.15017,97.89005771932965,12.576918,3.3503177,25.883633,5.2952385,18.32820735814144,2.976003076348867,19.62929184719678,3.442372536341987,2.4834157362433467,4841.519011335117
1992-06-08,604.50803102791,367.6963304953581,97.76689533112588,12.912953,3.3931541,28.937775,6.68023,18.973683214265048,3.291612230375932,20.30561924279426,3.7579879934218923,2.4622110279099862,4839.056800307208
1992-06-09,446.23542454024187,420.713880495358,97.65376212551072,12.581361,3.7316887,27.703587,3.181458,19.91988712392334,2.4643443190536476,21.297048464897962,2.930730182794649,2.603924540241862,4836.452875766966
1992-06-10,340.5050700612004,428.395700495358,97.43463987322352,11.623559,3.6522725,26.058754,2.3751585,19.66617736631629,2.089776814068129,21.031212248140715,2.5561598690219705,2.923850061200434,4833.529025705766
1992-06-11,273.8444192785624,431.560960495358,97.2826811775495,10.424747,3.066462,25.18509,1.8212274,19.454997873253866,1.6305161726416326,20.80993909719089,2.0968969457816393,3.3277492785624165,4830.201276427203
1992-06-12,241.88291165192098,426.2430904953581,97.24414379976338,9.524763,2.4290879,26.562096,1.7305577,20.394038139384552,1.4114754062221724,21.793862278094057,1.8778667165236334,3.664601651920965,4826.536674775282
1992-06-13,261.35611484446343,416.3930804953581,97.1707944337738,9.063354,1.6612829,28.68742,1.9000602,21.119915902130657,1.3315846105070757,22.554434516610424,1.7979847569089014,3.9105448444634723,4822.626129930819
1992-06-14,258.9781448140152,398.6603504953581,96.9204617428016,8.688625,1.268043,29.820763,2.0667715,21.49892358048567,1.34872370524423,22.95155746641787,1.8151287046814608,4.156434814015206,4818.469695116803
1992-06-15,211.59706308105115,384.8729304953581,96.65162272687613,8.1395645,1.0530833,27.281776,1.6448196,20.491098161903697,1.12515146174113,21.89556143790653,1.5915439186630922,4.491573081051134,4813.978122035753
1992-06-16,192.36678206060446,358.902050495358,96.36395472854946,7.9484553,1.0106208,25.813583,1.5705103,19.57949758999365,1.081585048331123,20.940389474809844,1.5479671605324348,4.757182060604468,4809.220939975148
1992-06-17,267.88260490094694,367.3140564548271,95.93419807043568,8.099704,0.9571264,27.694088,1.8130168,19.430513882213386,1.1234310601972226,20.784284855073015,1.5898115720841746,4.944166011643798,4804.276773963505
1992-06-18,339.23605859875124,359.8059338705527,95.3881450443865,7.8626757,0.9051857,30.111797,2.508041,19.314585688036978,1.3636127003354381,20.66281568949568,1.8299919845326695,5.256876977203173,4799.019896986301
1992-06-19,416.5090663702578,379.8239140982684,94.78827827917937,7.5937066,0.82711047,30.801958,3.123876,18.66325807850388,1.5515150318094195,19.98035684667895,2.017887704097804,5.615403170275625,4793.404493816026
1992-06-20,261.2441355236359,336.06835241440587,94.3446466754451,7.465851,0.7879679,27.631498,2.7547672,18.811731034836157,1.5877783915607853,20.1359263027945,2.0541525283772555,5.962951872948473,4787.441541943077
1992-06-21,174.51610337330249,308.511890495358,94.10813319864351,7.339343,0.7328134,24.24785,2.037321,18.138873601980432,1.3279073283316225,19.430908584696343,1.7942750298543755,6.355210373302508,4781.086331569774
1992-06-22,338.07862391351506,342.75022974629564,93.66023636249533,7.01431,0.71559304,25.35691,2.8582628,16.248540501052506,1.482163605134011,17.450224023324505,1.9485159976438051,6.847083084873207,4774.2392484849015
1992-06-23,424.2265905060265,373.8564338098712,92.929845326257,7.1559567,0.75158316,25.223148,2.7069106,15.619406806154135,1.3294797428210468,16.791019888395944,1.7958279465887788,7.241860206362369,4766.997388278539
1992-06-24,431.2416101334628,403.2401497794839,92.28208773963244,7.2583766,0.7105969,25.71886,3.0112207,16.178893141671963,1.500711370618214,17.37724775824316,1.9670632771374033,7.713270738273178,4759.2841175402655
1992-06-25,389.8659987954652,376.61245276381646,91.69813704069544,7.447474,0.7857443,26.35079,2.855185,16.735698867532548,1.4587259762286657,17.960666894454725,1.9250819231729317,8.205234634100746,4751.078882906165
1992-06-26,391.11749679298686,360.75493203736767,91.09309267262894,7.6666117,0.77550393,28.326834,3.2032108,17.579565940022277,1.5889899355168693,18.844867928394184,2.055352681778967,8.7411082746689,4742.337774631496
1992-06-27,451.9680532898626,538.2853192214354,90.45851613840952,7.389232,0.7236168,27.450256,2.7442992,18.294072383639875,1.527878707472674,19.59352533759861,1.9942478474022853,9.579834763196422,4732.7579398683
1992-06-28,176.94841278763155,349.382130495358,90.08317792030992,7.808659,0.74060494,24.544247,1.7472469,18.91786663516308,1.1862598017359978,20.24713482201065,1.6526350009173865,10.19035878763158,4722.567581080669
1992-06-29,220.27251114875213,313.2101184134453,89.65297945138558,7.9052095,0.7415944,27.737099,2.1031098,19.548603357015914,1.2721459941412847,20.908018603102427,1.738527772405241,11.057301109459631,4711.5102799712095
1992-06-30,505.51511624641427,377.676373636157,88.9183166574604,7.8424287,0.73974633,32.95818,4.56399,18.58259747893481,1.9970852816756421,19.895840946174946,2.4634571688996796,12.211325181342247,4699.298954789867
1992-07-01,626.5636945249853,410.1315534058413,88.07485930578345,7.6942806,0.71792126,33.492764,5.9902315,17.900531580316017,2.409216779863346,19.18117462912781,2.8755823260236166,13.636414744236513,4685.6625400456305
1992-07-02,542.8065713372588,444.950555816759,87.280740866364,7.5892596,0.68553823,30.30978,3.4335685,17.824071346299174,1.5919225309755236,19.101059857291197,2.0582873994566673,15.327168511078263,4670.335371534552
1992-07-03,504.24035913679245,514.411597466314,86.66194374007628,6.9218464,0.5905112,27.185633,3.060406,17.154906486418252,1.5728822410585095,18.39991120453361,2.039241463908613,17.88773402961928,4652.447637504933
1992-07-04,561.1478160968377,662.064579578084,86.1027026844668,7.436311,0.70494556,23.788082,2.0955858,16.28671864951318,1.1794394901532614,17.490226956776127,1.6457921514193268,20.030253439240692,4632.417384065692
1992-07-05,426.6734248595741,662.5580999491904,85.68152937661645,7.3285384,0.59949106,23.616451,1.7703228,17.236155247967222,1.1021604230250224,18.485043379149623,1.5685203040448596,23.4190351725467,4608.998348893146
1992-07-06,377.1912189858034,655.4228315000171,85.21863893011276,7.4216638,0.60092676,23.423822,1.6572075,17.57858552895385,1.0745253448261058,18.843840657028057,1.5408880827161997,27.58922884578477,4581.409120047361
1992-07-07,387.2609287645489,624.9144827898954,84.71863363846863,7.5261517,0.60884655,24.248571,1.6533765,17.85053037916812,1.0470324387864463,19.1287835414856,1.5133975410217424,33.15151633664655,4548.257603710715
1992-07-08,503.847594737858,685.21960481951,84.12025656941695,7.3998513,0.58175117,25.39183,1.8198793,17.7680263324661,1.0773170695051315,19.042336083377197,1.543681445496537,41.29787628199562,4506.959727428719
1992-07-09,281.56568282797264,497.1322026029386,83.95161368906392,7.6061954,0.609858,23.938099,1.6055557,18.032723234867337,1.0484623993178968,19.31968459289212,1.5148291328840169,52.18389769151737,4454.775829737201
1992-07-10,243.88586670832973,352.7374103978232,83.71357018354045,7.8067884,0.6265293,26.84944,1.8286227,19.06524201285987,1.111045178548202,20.40155423898382,1.5774218742447146,67.93129240005955,4386.844537337141
1992-07-11,320.7806142814637,440.5463637795964,83.4916621219032,7.8205643,0.6183585,27.858072,1.7768477,19.415386925421085,1.0606805488529523,20.768434881454954,1.5270608996723578,91.94562254113605,4294.898914796006
1992-07-12,405.2470598504344,434.93609964840607,83.20569381181372,7.5931396,0.5724824,30.218,2.3541727,19.305310482064154,1.249570952586646,20.653097160383062,1.7159501392225542,127.1354973162041,4167.763417479801
1992-07-13,429.1393787357422,411.3440069568613,82.85862955079395,7.662799,0.5938384,30.681303,2.4886594,18.928368064000615,1.25515666368131,20.25813818324928,1.7215319686770965,161.4228554814391,4006.3405619983623
1992-07-14,397.6708320178281,391.2675967052425,82.5195782936038,7.4201274,0.5612038,31.697765,3.423301,19.460424469354283,1.7211635099560245,20.815625066035018,2.187544341092573,161.6210130629044,3844.719548935458
1992-07-15,272.4200389842003,365.7464425676576,82.25455088745657,7.6254253,0.5758372,29.29197,3.5092232,20.0429709250386,2.0261747262699403,21.426015250965605,2.4925619791687454,111.18466726803958,3733.5348816674186
1992-07-16,192.07379491777442,339.25833049535805,82.1619689643512,7.937278,0.6198493,26.90313,1.758668,20.04707297627667,1.1450566229076422,21.430313366230695,1.611443922401592,69.27379491777444,3664.261086749644
1992-07-17,175.98317122211617,339.7538554452619,81.94598468702794,7.70137,0.56062806,26.161076,1.5862653,19.862133682215443,1.0623554721972446,21.236534606096694,1.5287406900876146,48.5605434767164,3615.700543272928
1992-07-18,158.45520085170244,385.552830495358,81.86344101366875,7.916311,0.56492096,24.815067,1.4738936,19.89290493022953,1.0574678235238306,21.268776614579604,1.5238533850511542,35.655200851702446,3580.0453424212255
1992-07-19,168.88737036264786,397.0233998414674,81.64328081103444,7.9137106,0.5801671,25.246418,1.5283139,20.073737907218657,1.0861016761047155,21.458252789722202,1.5524892789542637,28.080501704124114,3551.9648407171017
1992-07-20,232.86341881222964,455.0297703155121,81.18627743154806,7.890865,0.5905535,26.765217,1.5553398,20.37593110833221,1.0480736573303162,21.7748897928532,1.5144647549161212,22.987781255451548,3528.9770594616502
1992-07-21,251.15023162492923,469.57173458059526,80.70155431278994,7.683039,0.54592824,26.649326,1.606441,20.040137718252815,1.0637926283892598,21.423046626580295,1.53017984911694,19.59620395686285,3509.380855504787
1992-07-22,262.6588042965401,475.4249931184372,80.24398360494993,7.555122,0.52567506,24.598347,1.4111204,18.533245340904855,0.9280014949774879,19.844129944649005,1.3943729055288945,16.989216983762674,3492.3916385210246
1992-07-23,244.69015063231623,433.69340053382166,79.92296744247498,7.286578,0.4845935,22.612755,1.4330536,17.084666080478172,0.9326819868447171,18.326313547294408,1.3990406467843588,15.03226265258374,3477.359375868441
1992-07-24,177.8231517888536,330.084880016618,79.69407422701613,7.838333,0.5604055,22.36511,1.3779427,17.279155544742505,0.9167542832301957,18.5300989431216,1.3831145156363134,12.91063451597761,3464.4487413524635
1992-07-25,204.59405390116777,426.4891287484487,79.37207695848771,7.6026745,0.5266347,22.626808,1.3781294,17.75605815935083,0.9468664394397674,19.02979587249817,1.4132307107275086,11.72548589378667,3452.7232554586767
1992-07-26,323.66314022735304,391.7574987925634,78.96997123579335,7.50819,0.5139846,25.308498,1.819607,17.25546867708946,1.023172836060197,18.50527992416425,1.4895328746423464,10.652561340878215,3442.0706941177987
1992-07-27,329.49223871934856,353.32396049535805,78.6235679384903,8.040289,0.63466966,26.887833,2.2727387,17.792970245791878,1.2152545883027828,19.068472230493445,1.6816191830426699,9.433328719348543,3432.63736539845
1992-07-28,207.79501417845938,315.6958410539223,78.27925950056428,7.9672112,0.60477185,24.950483,1.5014015,18.209125328047563,0.9367167618480494,19.50451810312597,1.403085111062884,8.708330397877056,3423.929035000573
1992-07-29,265.5075701459218,400.5564648191559,77.85557293171415,7.720641,0.562913,25.327784,1.588133,18.309194735341485,0.9810743149890341,19.609370486018385,1.447443596547625,8.15820674820275,3415.7708282523704
1992-07-30,320.9649310206568,390.1287776230853,77.56526121580677,8.074812,0.6194614,26.435902,1.7098753,18.148293666343278,0.9788749895493478,19.44077889593485,1.4452427775935917,7.429740895714033,3408.3410873566563
1992-07-31,367.5794577177478,357.390030495358,77.31170643413418,7.7209516,0.5621985,28.19867,2.7887073,17.815903600414117,1.403997059004854,19.09250172107288,1.8703618554891905,7.073387717747762,3401.2676996389087
1992-08-01,277.81456313266295,439.268200495358,77.1146374745985,8.067808,0.61525965,23.215164,1.3822757,17.346725682824253,0.8796611351140734,18.600898702826697,1.3460219239562012,6.497853132662953,3394.769846506246
1992-08-02,185.14695695251777,337.291490495358,76.8567745989299,8.202119,0.6477003,23.112162,1.2939951,17.828191708332124,0.8663764718139199,19.10537715854457,1.3327413766440592,6.066042952517756,3388.703803553728
1992-08-03,227.38933184671524,418.0879201391338,76.54358327751687,8.034833,0.6087217,24.297314,1.3886898,18.568351720879942,0.9246895358200407,19.880914289581742,1.3910612851640425,5.777203219251507,3382.9266003344765
1992-08-04,231.47076068460103,298.7383273566858,76.27880491929638,7.6935062,0.5343131,26.381245,2.059417,18.222831073562183,1.1835614608781124,19.51887893642544,1.6499299371122107,5.569207153035377,3377.3573931814412
1992-08-05,237.27850211571925,341.12758089235604,75.94836703715703,7.946036,0.57186294,24.464428,1.640508,17.688117244020884,0.9955600538607081,18.958607613659854,1.4619237338709519,5.207784168950426,3372.1496090124906
1992-08-06,244.3631289127535,395.1033322594535,75.58402195866842,8.157491,0.6348619,23.589432,1.3634917,17.692332188522006,0.8766884575484101,18.96302401810006,1.3430521740869759,4.892548875230669,3367.25706013726
1992-08-07,257.88335235470277,405.82319515934455,75.16355320973967,8.261542,0.6507527,24.198084,1.3497978,18.005936493854453,0.8631967658110261,19.291617537224713,1.3295632571520613,4.635322996182322,3362.6217371410776
1992-08-08,276.4098072355558,431.2281565113873,74.71837696038422,7.890286,0.5885329,24.8628,1.4723411,18.233182435540087,0.9262136458455654,19.529725058121528,1.3925822181542475,4.5201782366508185,3358.101558904427
1992-08-09,469.32626404628166,278.97810049535804,74.50552672304197,8.05515,0.61688864,31.322994,5.239446,16.72972054794774,1.9912862360834218,17.954402831629626,2.457642137763437,4.2820640462816915,3353.819494858145
1992-08-10,283.01046627204204,259.40977049535803,74.30005753043154,8.627521,0.6970632,27.90842,2.5046902,17.848514737518837,1.251851783500512,19.12667155905561,1.7182168679003127,3.969546272042031,3349.849948586103
1992-08-11,230.47574314765737,267.518870851906,74.02048358700067,8.481366,0.6596447,27.461464,2.562669,18.677328486309985,1.4100906288856685,19.995099771880906,1.876463438882483,3.845505509748079,3346.004443076355
1992-08-12,218.788672971565,271.3093314712782,73.73505975032013,8.308928,0.6519519,26.00423,1.8997041,18.10472505736718,1.0911719502949215,19.395127856381535,1.5575393390204773,3.7386986049717943,3342.265744471383
1992-08-13,239.40168677496501,355.33793228718184,73.36944828466146,7.969759,0.5596393,24.342072,1.760145,17.751692963760263,1.0754879238588604,19.02522203548005,1.5418521569984167,3.669631762063093,3338.59611270932
1992-08-14,227.1992748085796,383.453747557392,73.03089941521279,8.119317,0.58030653,21.92588,1.512503,16.789016989144805,0.9739938898107228,18.016533440021167,1.4403502422556118,3.5043393328543506,3335.091773376466
1992-08-15,234.0318756710032,402.6631728208541,72.65779181280712,8.132741,0.6211381,21.153496,1.5521362,16.36741856208192,1.0078149626161412,17.574784049306803,1.4741681974573873,3.3765007522646107,3331.715272624201
1992-08-16,257.2222811948711,413.9691450730568,72.41752383636391,8.383848,0.679868,20.86583,1.6332303,16.082330197120065,1.0404738396638966,17.276069435025594,1.5068250815563264,3.2128861918685883,3328.5023864323325
1992-08-17,242.223061231248,367.8878830569623,72.20913911590347,8.753086,0.7826239,21.511793,1.7055106,16.44639788825615,1.074311202881517,17.65753831729484,1.5406650062801304,3.040981649284027,3325.4614047830487
1992-08-18,272.17857764211055,253.0577804953581,72.09130228503734,8.8319025,0.7178463,25.242096,3.5442424,16.73829943541062,1.7476564879798282,17.963391760587776,2.2140124546267916,2.9329476421105642,3322.528457140938
1992-08-19,228.71337847677654,304.094930495358,71.92900998064628,8.901069,0.76563627,24.233551,2.4809668,17.651927246449464,1.4536277188873925,18.920687857913837,1.9199910860973413,2.833328476776538,3319.6951286641615
1992-08-20,205.65288956173762,269.193230495358,71.74261373328115,8.733682,0.75485665,23.551735,2.0377202,17.13412859058564,1.2005655472731087,18.378140196305882,1.6669246030203766,2.779249561737627,3316.915879102424
1992-08-21,234.84183932914567,300.94189122325287,71.49930934645535,8.636998,0.7306924,23.127815,1.889913,16.776278348300103,1.1087987096984258,18.003185935688954,1.5751549649664778,2.7146815527071766,3314.2011975497167
1992-08-22,245.56783548114217,360.1948775341094,71.19145637693566,8.733481,0.74272305,22.639648,1.752068,17.002280431667526,1.0844400761882316,18.239990146091866,1.5507980830745365,2.622978108348186,3311.5782194413687
1992-08-23,260.59394139649896,379.6706463353663,70.84657101324369,8.867558,0.75962347,23.201843,1.7530513,17.36764894792345,1.0845445242623428,18.62282202847503,1.5509054864649874,2.5303370954929285,3309.0478823458757
1992-08-24,287.5724726071386,394.6456111544738,70.39869449441679,8.902829,0.77303195,24.301346,2.0106313,17.810474922836217,1.2078816956385696,19.08681357126376,1.6742464443125604,2.457785545492331,3306.5900968003834
1992-08-25,269.57947823855716,365.9294956683137,70.00475327145034,8.975659,0.7579565,24.873611,2.2116086,18.12978594545142,1.3134178709615454,19.421386569249844,1.7797854891120743,2.382853719250663,3304.2072430811327
1992-08-26,220.48834956172237,357.2194657052014,69.74489418959887,9.144238,0.78270555,24.680996,2.0849586,18.751226737093344,1.32336904304559,20.072530106443175,1.7897425800083604,2.296286842657161,3301.9109562384756
1992-08-27,208.17569567905048,408.4043973574146,69.39294939719251,9.231456,0.78823245,24.764256,2.0083795,19.519922428545197,1.3566502244640348,20.877966824291658,1.8230316936912092,2.2245625258843638,3299.6863937125913
1992-08-28,241.51281829937724,371.6832295020136,69.09439075851277,9.095851,0.7880371,26.300655,2.3349237,19.524387287633985,1.4489261383046195,20.88264508838253,1.9153076555788027,2.191471635462263,3297.494922077129
1992-08-29,283.35886182334775,276.7186765690517,68.90762120712913,9.163709,0.8373978,27.024612,4.571771,17.988282618907416,2.2981726429005302,19.27311986740196,2.764538975051033,2.1352763768795993,3295.3596457002495
1992-08-30,248.8080341031184,391.231003737866,68.60952594701601,9.066826,0.8020024,22.99357,1.844508,17.579703819707426,1.1697874331459501,18.845012398256966,1.6361501805855292,2.100104960362586,3293.259540739887
1992-08-31,271.2063810787436,403.26592188747657,68.26477606763716,8.955503,0.7841839,22.668488,1.7177135,17.154474933113594,1.074334222835411,18.399459024456178,1.5406934422097969,0.0,3291.192116824927
1992-09-01,287.03795555307664,430.4757540206974,67.78965858157802,8.59749,0.7504131,21.63321,1.6128167,16.418331718278235,1.0131151334332646,17.628130680331385,1.4794687339717054,,
1992-09-02,288.53136789580725,448.6539857407097,67.32281727903701,8.743621,0.79978573,20.659863,1.51335,15.995893700586747,0.9727731579413623,17.185501569426364,1.4391238139505622,,
1992-09-03,255.3914344284043,420.4892304640865,66.89883513289891,8.866511,0.7637354,20.863537,1.4969808,16.330284579004854,0.9750122881042526,17.535875188774824,1.441365258090402,,
1992-09-04,197.48461128414024,390.1160119657218,66.54107247578222,9.153795,0.84053016,21.001055,1.3823725,17.019351292407745,0.9602674266630502,18.25787693562165,1.4266255682288675,,
1992-09-05,222.67036816345163,460.4106432946688,66.05333971839518,9.196179,0.8704185,22.085468,1.4791529,17.883825065307967,1.0365691672737791,19.163669599810742,1.5029345647907917,,
1992-09-06,258.1196522893376,478.7686566724494,65.5920801307584,8.739763,0.8031361,21.580105,1.5059066,17.08234789443683,1.018054614478247,18.32388455988461,1.4844132559359955,,
1992-09-07,215.99541667369684,400.099983313343,65.18602673071739,8.990862,0.8567873,20.344383,1.3973331,16.363979272892134,0.9558686149154683,17.571180373850368,1.4222218251600012,,
1992-09-08,204.9939358037584,389.1787509785029,64.79692274665081,9.145288,0.8881432,20.949303,1.4384172,16.87683117778566,0.9907282579860827,18.10854484670127,1.4570852853712364,,
1992-09-09,231.1874491668964,422.3904518273521,64.6308801069844,9.355254,0.8999181,22.29557,1.5530883,17.718245024560947,1.052988931735458,18.990175399123068,1.5193528732909538,,
1992-09-10,249.46203681134904,435.6231483405285,64.45963254919424,9.385843,0.8443375,23.32306,1.7148954,18.24806064743914,1.1329597402716398,19.54531439769073,1.5993284508847898,,
1992-09-11,247.67956723470687,219.1942448016143,64.4235722615991,9.439081,0.87513864,26.623875,4.4299526,17.507230936378964,2.1310217359071117,18.76907555884156,2.597383867431584,,
1992-09-12,169.6614324400471,422.9813996756968,64.38010065304802,9.092532,0.8160512,19.725449,1.326678,16.681463701727143,0.9752715372380271,17.90383947311746,1.4416270750426592,,
1992-09-13,225.14996527352696,468.2593511446557,64.10925377422478,8.981324,0.8628284,18.748749,1.2930053,15.577266577223403,0.9170112856157298,16.746865500571488,1.383359224991299,,
1992-09-14,287.9099627188056,454.0007670851501,63.70179395227715,9.056678,0.89035237,19.728086,1.4209851,15.58688087350827,0.9356802329875943,16.756939327353944,1.4020282325054365,,
1992-09-15,306.2355612751792,452.1699595943459,63.314450883614256,9.141398,0.9023728,20.247543,1.4017164,15.763007786334665,0.9116964853826954,16.941484504553706,1.3780456053699255,,
1992-09-16,314.20260389968047,467.6727605536005,62.85176190283822,9.247949,0.90295035,21.141224,1.5016967,16.36182014854632,0.9687516881974999,17.568918050741424,1.4351048830075672,,
1992-09-17,312.3384833347839,479.75127401410776,62.37992360520494,9.448308,0.9472197,22.438862,1.6505965,17.31639958632146,1.0672249984984248,18.569123122575643,1.5335855369611708,,
1992-09-18,320.36270436290226,478.1359936475533,61.9007207468597,9.426259,0.918859,23.878908,1.8842938,18.080414349266576,1.187001499547667,19.369655179535723,1.6533686664021778,,
1992-09-19,288.6604011019574,443.1170413350344,61.45613216460664,9.333687,0.9705647,23.589222,1.8379726,17.965915948064595,1.1769666992360484,19.24968414614949,1.6433328302110553,,
1992-09-20,243.90638111757352,387.9429142625757,61.08717327742412,9.361306,0.9646246,21.502869,1.6325928,16.815984322747664,1.06930813512337,18.044789719987023,1.5356646939010663,,
1992-09-21,258.5294289720677,415.64496401896224,60.64481179428337,8.96309,1.1276852,19.603659,1.5198226,15.523260210801421,1.0319823633582914,16.690277814446063,1.4983299668615486,,
1992-09-22,256.7658461902638,382.5770151160589,60.27717432247128,9.739652,1.1765896,19.785425,1.5897287,15.750952149771475,1.0621751503969694,16.928852649772928,1.5285241925586062,,
1992-09-23,192.5989435764376,262.3420638274517,60.0260913544902,9.3024645,1.3665351,19.730282,1.9637177,15.315672964716622,1.2716013454987884,16.472768607599914,1.7379476890434555,,
1992-09-24,202.61355897352573,376.1824586522697,59.65580872853911,9.276069,1.1063012,15.715483,1.3821198,13.461298934698823,0.9782190905885819,14.52976183780777,1.4445563654683709,,
1992-09-25,240.6027502931773,407.4743239256992,59.23274619129862,9.367417,1.0689896,14.444576,1.3342084,12.559648605394363,0.9280174892316745,13.58501570490002,1.3943517757205979,,
1992-09-26,315.2228126441132,300.6525715241925,58.90265743467786,9.623646,1.0360727,15.394219,2.6515613,12.44067312505776,1.398828548309784,13.46035360330066,1.865162509913862,,
1992-09-27,297.2410492236657,255.1422910082679,58.61192554171375,10.013272,1.1507778,16.215258,1.9672348,12.877929196872882,1.0995952750027467,13.91850902066344,1.5659305102045544,,
1992-09-28,277.3586743586312,326.3662625783884,58.26997042449861,10.350181,1.2214,16.555885,1.0414022,13.70490812201337,0.7948565697525146,14.785014711539604,1.2611948115890206,,
1992-09-29,291.5476458851231,375.2358675265094,57.873673203563214,9.973815,1.3241556,16.715832,1.1694295,13.767919751006845,0.8765369047741626,14.851038081004491,1.342875407771195,,
1992-09-30,292.1809843477019,400.1143483420189,57.556516307797736,9.576057,1.3739964,14.11719,1.2158148,12.200620039087774,0.9110643287077607,13.208826800401733,1.377397684089774,,
1992-10-01,314.6791816941044,420.73806592683707,57.38565231648326,9.376465,1.344162,11.734547,1.2015347,10.725542236828744,0.8962889427491905,11.663245321495939,1.3626200198559322,,
1992-10-02,315.01152092260327,485.79406024490754,57.09447211265075,9.559392,1.1189587,11.692146,1.0448419,10.853188382212526,0.7716794616325485,11.796992516292546,1.2380106375289721,,
1992-10-03,330.380541615236,473.89840863102967,56.75504925676948,9.692617,0.9063775,13.931284,0.9016798,12.190130654501523,0.6487608165784775,13.197836059088427,1.115094146973869,,
1992-10-04,375.814843828384,446.03975689449175,56.42190743165456,9.471013,1.1306145,15.238962,1.0515075,12.601414254475554,0.7700426819289087,13.628777609238561,1.236377086306037,,
1992-10-05,348.8720345645282,488.8988172164462,56.05647966753921,9.062859,1.1729954,12.721207,1.1380026,11.197764620807858,0.8244017190032656,12.158038321217788,1.2907332546346266,,
1992-10-06,342.6933712402904,500.2494066643316,55.60670658884784,8.801479,1.0044748,10.725206,1.1680068,9.943126594110083,0.8045073674996694,10.843432885609403,1.2708382462800962,,
1992-10-07,340.9945409226584,493.9677710627686,55.15824781119038,8.861733,0.8302076,11.319166,1.0350755,10.315562620359316,0.6999544856778164,11.233670080804481,1.1662853715406716,,
1992-10-08,312.1262516527382,438.84684958526645,54.71650238548054,8.93618,0.80850786,13.186016,0.942682,11.419660711779603,0.6452804026228031,12.390540286824141,1.111612241797049,,
1992-10-09,606.1865614846444,102.97776178518868,54.46398614008767,9.452968,0.7126204,17.017385,22.013899,10.551396869113475,3.254159020116593,11.48077640049004,3.7204899925022814,,
1992-10-10,710.7393974072,656.11834,54.64306241919735,9.337068,0.85132885,13.79808,2.0054166,11.478440666801845,1.059544541166643,12.452129722767223,1.5258764701840128,,
1992-10-11,538.8336974072,445.7849904953581,54.64554118636493,9.535842,0.82374376,13.586685,1.3052907,11.369856608533565,0.7432765753811493,12.338355717689755,1.2096083415242698,,
1992-10-12,454.9003174072,414.364300495358,54.54755520551624,9.291311,0.9050072,13.582199,1.3427402,11.336707681491129,0.7962295845076011,12.303622385248627,1.2625613036147825,,
1992-10-13,308.1309074072,424.129650495358,54.41010019056925,9.209491,0.9590252,12.335094,1.0996481,11.019858930287247,0.7540058737971237,11.971629346830472,1.2203372067389051,,
1992-10-14,305.519066936822,404.489921176444,54.21115302800288,9.048911,0.98494077,10.881515,1.1495765,10.092939606001037,0.7800854925348941,11.000406447358582,1.2464163550906808,,
1992-10-15,284.2713954102934,418.4719950951593,54.13806013006378,9.50882,0.88353276,10.43212,1.5266868,10.05862980847638,0.9768471713979104,10.964456758794423,1.4431780354030868,,
1992-10-16,182.43776391558043,478.8186542969286,54.20015483206097,9.545424,0.8171834,13.102371,0.8191234,12.12102510805201,0.634535393024159,13.125427503744119,1.1008685619497602,,
1992-10-17,172.41492524736526,530.2229664111597,54.34078884110923,9.112626,0.97519743,13.12763,0.9019124,12.142419145676465,0.7214414238245743,13.147844103235165,1.187774642155051,,
1992-10-18,226.61131554078457,543.0721621500941,54.37103194713365,8.946914,1.0906864,9.609226,0.9759549,9.414227226563984,0.7598069826617531,10.289253936246642,1.2261381240130134,,
1992-10-19,237.37496088803323,532.9577582681164,54.39769122729889,8.539443,1.0025141,7.249495,1.0381691,7.646987366530585,0.781876926112175,8.437546051910896,1.2482112654226576,,
1992-10-20,251.9206246597299,538.2113675317432,54.27665253738592,8.272317,1.0876853,5.6252427,0.9953403,6.46921890429295,0.7615361999199876,7.203484283178384,1.2278746540752152,,
1992-10-21,259.81868597314184,534.7703490048705,54.1414099142279,8.590536,0.9130751,4.9119806,1.1687139,6.11481305082453,0.8413198014292677,6.832139041389978,1.307659804324344,,
1992-10-22,261.94547880960624,553.0180303364182,54.01442184194952,8.562062,0.92225546,6.066114,1.0529265,6.868361373439243,0.7735467568413005,7.621704397949596,1.2398836387600647,,
1992-10-23,275.0049348135668,550.9837513244809,53.84116198178823,8.762081,0.91481364,6.7280097,1.1733392,7.4052340921668405,0.8398615180861082,8.184237797424792,1.306196572619685,,
1992-10-24,182.69884546602023,530.7877106971314,53.763645768464585,8.943838,0.8022473,7.418024,0.92145926,7.808731447981832,0.7156247305537824,8.60702094756103,1.1819586286696042,,
1992-10-25,198.9851898875896,508.3909262327934,53.90556827256877,8.374665,0.81610614,7.7396507,0.8813102,7.91828057365008,0.6737172811628972,8.721806146961269,1.140050897454141,,
1992-10-26,191.9616727700132,516.4986843180736,53.93299469458464,8.452147,0.9049585,6.122264,1.077299,6.753559874289106,0.822785154917229,7.501415779569375,1.2891224703759485,,
1992-10-27,228.04357572141063,502.27407768111885,53.8411028387613,8.434774,0.86130834,4.9384694,1.2256466,6.0301996834172495,0.884800395807489,6.743481444256957,1.3511407897024286,,
1992-10-28,260.9920827005242,513.4972660088243,53.673060091869154,8.603455,0.85542667,5.214684,1.2674345,6.356652318113625,0.8883956559423716,7.085537398969312,1.354734586441486,,
1992-10-29,279.02338401880127,509.9659202215648,53.45645522238737,8.733673,0.77514,5.8653417,1.255333,6.879717318947287,0.8564441202414729,7.633603118834566,1.3227809600945688,,
1992-10-30,262.14763511466845,535.1025891304027,53.268631093662265,8.589331,0.75627494,6.7754683,1.0342124,7.3718930403971985,0.7373469326808636,8.149303157351246,1.2036820910985935,,
1992-10-31,280.902226782258,537.8090107534895,53.03541063090624,8.443456,0.8027344,6.5873895,1.0933099,7.224211235240328,0.7691919577660307,7.994562666732873,1.2355275916195259,,
1992-11-01,294.12352320702666,541.3748895830014,52.72419245836508,8.058521,0.8370746,5.2204003,1.1910071,6.219514295324222,0.8260790299537444,6.941844647473456,1.2924185603575529,,
1992-11-02,290.78683128426013,540.2061692292964,52.52938716975365,7.594651,0.9361688,3.3881717,1.1314509,4.860132156577764,0.8051793578846715,5.517488689310294,1.271525998189961,,
1992-11-03,1027.9672474072,836.341430495358,52.88428809894147,8.438326,1.0219915,1.3187059,16.107256,5.244416409159123,7.247763761602743,5.920140415555039,7.714108177729102,,
1992-11-04,445.2717474072,1305.2440304953582,53.26761475083113,8.53385,0.7295553,7.2656574,0.68479955,7.5882424622659705,0.5432864026057405,8.375993342031844,1.0096209095639317,,
1992-11-05,333.7705474072,962.187630495358,53.54536842133889,8.4479,0.7549918,7.63905,0.7041708,7.847367103031941,0.5578021809809462,8.647503254853156,1.0241359781363848,,
1992-11-06,307.5700474072,1029.861500495358,53.921688161884326,7.600423,0.72551787,6.763654,0.7482943,6.956086485272163,0.5998787185345112,7.713622470254836,1.066215279325609,,
1992-11-07,147.3197114072,940.829130495358,54.2348648907176,7.0049257,0.7517928,4.74397,0.71692246,5.050070833539505,0.6281622456057119,5.71650578575792,1.0945077654661741,,
1992-11-08,98.6815074072,801.996530495358,54.59110473802277,6.755935,0.7731243,3.1108418,0.6614641,3.5102112263847984,0.5950515950499293,4.103046153127958,1.061407387155152,,
1992-11-09,82.61115740720001,702.7326304953581,54.88950863735661,6.77798,0.7925998,2.258627,0.63162905,2.7340225297300216,0.5713037636172394,3.289758290041408,1.0376657615243874,,
1992-11-10,83.16979740720001,657.285330495358,55.16120439897736,7.14551,0.72082865,2.237657,0.69042414,2.7889195773069577,0.6181988835906795,3.347279228836353,1.084560419942894,,
1992-11-11,77.3420674072,633.810290495358,55.41123789484313,7.3124495,0.6580059,3.3599362,0.8243607,3.789795662438271,0.7381835030956295,4.395993769513203,1.2045372286414464,,
1992-11-12,161.8757414072,704.062180495358,55.74606523300588,7.767629,0.7041744,4.814363,1.0422683,5.366437388836858,0.8575928424825502,6.047993580953518,1.3239365876980609,,
1992-11-13,1429.0984474072,1947.655130495358,56.9008911510787,7.9802837,0.9618137,6.5187726,2.9625657,7.137308496352556,1.7565732907270073,7.903506273988418,2.222909216006894,,
1992-11-14,283.9083574072,1817.317530495358,57.66067205298933,6.4529095,0.6835028,5.0518537,0.6109202,5.241158127434276,0.5363854838045458,5.916726399101624,1.0027299180794156,,
1992-11-15,172.2377474072,1516.415630495358,58.261563729712186,5.9800863,0.58447933,4.073292,0.5951562,4.267779292710043,0.5377665756032147,4.896823383406664,1.0041169751684382,,
1992-11-16,124.6853274072,1239.368730495358,58.74157899968054,5.6389756,0.57157636,2.8543253,0.52249444,3.108864354418486,0.4776006551344002,3.6825162726173044,0.9439595700769917,,
1992-11-17,71.2910624072,1046.831630495358,59.1266895868973,5.7783074,0.5487674,2.4321404,0.52162784,2.6454906455983362,0.48962086550916817,3.1969948844793348,0.9559836150214567,,
1992-11-18,62.239244407200005,945.752430495358,59.6823811486517,5.9684396,0.50463676,2.7739644,0.60479605,2.9712098050512763,0.5683072852628146,3.5382823063388793,1.034667313705276,,
1992-11-19,56.3886674072,826.2991804953581,60.15954413151372,5.514696,0.5218675,2.59697,0.6261064,2.7833629082380122,0.5870562770312958,3.3414569699804346,1.0534178599452533,,
1992-11-20,50.7725684072,732.8886004953581,60.57213322722842,5.4490643,0.5332452,1.8602529,0.6139079,2.0927681066724366,0.5751719747840943,2.6178540975802567,1.04153961937475,,
1992-11-21,109.9870314072,688.865030495358,60.8815367124444,6.181119,0.5675887,1.5360297,0.805968,2.175571864093513,0.6993808488102649,2.704615591555576,1.1657477378179169,,
1992-11-22,376.6215674072,1700.765630495358,61.83225272600884,7.183065,0.6413927,4.3894815,0.8186691,4.895946471809657,0.6802599462169125,5.5550148063851585,1.1466063720977648,,
1992-11-23,663.4239474072,6113.895230495358,63.50889469797928,7.324806,0.77205503,7.487332,0.75567263,7.47142241865959,0.6858771834500357,8.253589699670421,1.1522120355211443,,
1992-11-24,77.3417034072,4806.134330495358,64.7481942457073,6.3522763,0.57578707,6.0741405,0.7006732,6.0785455042306005,0.6896366457843669,6.794138030043264,1.1559768152697336,,
1992-11-25,381.0261474072,4443.066800495359,66.03172297529275,6.734984,0.6320008,6.203963,0.6932483,6.245904973784372,0.6404411002827844,6.969496710151979,1.1067805135702757,,
1992-11-26,452.8498474072,3574.358210495358,67.05830325885988,7.0428047,0.7141366,6.621921,0.6783922,6.669248415923977,0.6074399772426313,7.413074521698695,1.0737776206979683,,
1992-11-27,303.6672474072,3492.311928095358,68.00788598318142,6.263666,0.5970087,6.446102,0.72156906,6.431507796010769,0.6655613718129693,7.16397071282929,1.131899983934612,,
1992-11-28,81.70489240719999,2375.785730495358,68.96035526710587,5.841917,0.50655425,5.228035,0.6122508,5.248444885430394,0.5921346805120083,5.92436143922142,1.0584790742166883,,
1992-11-29,38.7789474072,1946.5410304953584,69.60364735853759,5.635641,0.4888214,4.567319,0.5748855,4.588186287907885,0.5637372086524239,5.232544737718443,1.0300855249877832,,
1992-11-30,38.7789474072,1649.534630495358,70.05044604632576,5.397691,0.46756518,4.476936,0.5794696,4.498084722734267,0.5662615998036306,5.138136625726317,1.0326104900976898,,
1992-12-01,38.7789474072,1406.3916304953582,70.53224717462314,5.4910016,0.47050244,4.1468363,0.5947927,4.182904906387218,0.5789700461745519,4.807892291546184,1.0453210172475447,,
1992-12-02,38.7789474072,1163.257830495358,70.90541693935293,5.4870954,0.47314087,4.1609635,0.66488814,4.203745916908549,0.6436191856322713,4.829729431129003,1.109970015607724,,
1992-12-03,38.7789474072,1019.708130495358,71.19639719520082,5.061432,0.45046392,3.7899747,0.68106556,3.8365560533336844,0.656321420124987,4.444989147251017,1.1226748087652525,,
1992-12-04,38.7789474072,912.818280495358,71.40530856383255,4.804025,0.46715492,3.0107288,0.636011,3.0838082254313517,0.6103895870435766,3.6562625463146774,1.0767487030542546,,
1992-12-05,38.7789474072,863.0789704953581,71.58057633274208,4.208458,0.51208043,1.966801,0.57890147,2.0631899499263495,0.5544467026097512,2.5868622060495774,1.0208146190011704,,
1992-12-06,38.7789474072,778.058330495358,71.68014118629111,3.8213415,0.51797134,0.47138494,0.5268261,0.6304224806539013,0.5024174137309302,1.0856133494164864,0.9687996940690622,,
1992-12-07,38.7789474072,715.4041004953581,71.75083299908779,4.2804666,0.45719954,-0.0428254,0.478372,0.1794717084830759,0.4543833914934565,0.6131086718339944,0.9207706784052361,,
1992-12-08,38.7789474072,664.3367304953581,71.77770456110078,3.8752007,0.48817083,0.06749332,0.4662391,0.2774998529584313,0.44134662012073517,0.7158222265228235,0.9077327989199939,,
1992-12-09,107.7673124072,515.555770495358,71.51128262502525,3.4199762,0.528786,-0.59851587,0.5042934,0.09624757906522886,0.4270069597285971,0.5259067135174288,0.8933951960315283,,
1992-12-10,137.4265534072,595.924830495358,71.25650921559549,3.541985,0.54370993,-0.83057344,0.50856286,-0.011176825754074478,0.4256355488420142,0.4133477893597203,0.8920250223123409,,
1992-12-11,207.9047474072,737.900530495358,71.05884704963489,4.246883,0.5427063,-0.97221816,0.7311465,0.17503267397118383,0.5827686078004786,0.6084574666465143,1.0491559451512449,,
1992-12-12,270.7350974072,711.431080495358,70.84133637482915,4.3118973,0.48490208,-0.91868293,1.07292,0.523131777015762,0.7885790201134798,0.973194516899367,1.254962470541928,,
1992-12-13,124.0069174072,694.3313304953581,70.64216507556426,4.333992,0.4605401,0.17413986,0.75214565,0.8045032100427474,0.641973763833316,1.268014542604915,1.1083541736855644,,
1992-12-14,139.7561474072,626.291830495358,70.41999602840265,4.283738,0.46686226,-0.19923294,0.82745016,0.6186306758536833,0.6818327095236385,1.0732579366550863,1.1482151178169726,,
1992-12-15,166.85078740720002,574.863080495358,70.19558264707251,4.4916,0.45096692,-0.5786656,1.0164499,0.5619060440282426,0.7943013190316507,1.0138220613318432,1.260684345077113,,
1992-12-16,76.4801374072,601.3169304953581,70.00055554725765,4.598309,0.4297837,0.2632823,0.8005747,0.7524308311291701,0.7118944929679665,1.2134532819797914,1.1782754587022812,,
1992-12-17,439.5735074072,675.1174304953581,70.01257301568215,4.7779536,0.5982563,-0.9746742,2.231506,1.2938494660323305,1.3719578191027215,1.780749876884306,1.838333156565445,,
1992-12-18,223.8728474072,1835.395630495358,70.46408054669125,4.200597,0.49538904,2.9905457,0.6527677,3.122096142027028,0.584289601961842,3.6963804944429315,1.0506484110128955,,
1992-12-19,163.7130374072,1281.2558304953582,70.65111524526178,4.3219924,0.4617811,1.5966446,0.5715374,1.9054228906675124,0.5094764576696186,2.421554420657881,0.9758458407195287,,
1992-12-20,236.0089474072,1369.549530495358,70.98743526386183,4.3087254,0.5072798,1.2614288,0.5763478,1.7093659558073975,0.49725046939858025,2.2161266344985573,0.963621714725148,,
1992-12-21,83.8785674072,1506.024230495358,71.36136537140968,3.8525176,0.48422334,1.1095667,0.42270938,1.254276663027998,0.401222585406394,1.7392856291692262,0.867598322890826,,
1992-12-22,69.3085774072,1166.624930495358,71.57476575564337,4.317494,0.44239593,0.6225427,0.4738938,0.829747850248147,0.44800623965029135,1.2944657903176473,0.9143863811273188,,
1992-12-23,38.7789474072,1026.263630495358,71.72588340478666,4.5768805,0.44287246,1.153657,0.5755964,1.278298928454663,0.554872874973371,1.7644560767672794,1.021248369415142,,
1992-12-24,38.7789474072,901.529230495358,71.81432991684977,3.514801,0.50183254,0.8312894,0.5571343,0.9419592507801618,0.5345584671223793,1.4120405122196087,1.0009374245005707,,
1992-12-25,38.7789474072,646.9636304953581,71.8440598795871,3.1776695,0.51063865,-0.1477279,0.46411848,0.0403243103717276,0.4388235970097886,0.4673105037445089,0.9052124757139641,,
1992-12-26,38.7789474072,588.859360495358,71.95838840190424,3.213729,0.4926663,-0.34194458,0.4642427,-0.12225550734926754,0.4366215850421443,0.2969599264877547,0.9030123516399464,,
1992-12-27,38.7789474072,559.861070495358,72.06595793037745,2.8761406,0.5194271,-0.32952785,0.42748818,-0.12186975575021042,0.40120960360711366,0.2973641156946209,0.8676003656897608,,
1992-12-28,38.7789474072,478.07729049535806,72.12847056552401,3.5531945,0.47706848,-0.6536242,0.5869609,-0.33799288698126523,0.5441007321506471,0.07091103757068717,1.010494050571126,,
1992-12-29,38.7789474072,397.720830495358,72.34968238904999,4.4819627,0.46792385,-0.9714774,1.3854542,-0.48698993624931736,1.2630537520569105,-0.08520756133144453,1.729448863936931,,
1992-12-30,38.7789474072,572.683030495358,73.25958806852029,4.8854003,0.6515833,0.9651686,1.6968201,1.2137898741670752,1.589744883429291,1.6968637101979156,2.0561210320276206,,
1992-12-31,758.5521974072,755.0176304953579,75.26279473663568,5.298513,0.65263784,-0.47321975,10.5418825,2.419385816708265,5.268794486786263,2.9600830176690103,5.735159196526787,,
1993-01-01,177.71441740720002,1391.894730495358,77.51825609985298,4.296837,0.6446014,4.028495,0.7390833,4.058877077180482,0.6594537645740886,4.6779363560712905,1.125805585612921,,
1993-01-02,54.9368420988,1071.718330495358,79.09408873298503,4.3185377,0.644025,1.372026,0.54640573,1.5157008499978948,0.5207102405779965,2.013204998642406,0.9870833686145419,,
1993-01-03,54.9368420988,1074.986430495358,80.32418771930409,4.445368,0.6279686,0.5385866,0.3776507,0.7285342235063689,0.36058427757119194,1.188414498199087,0.8269654994439917,,
1993-01-04,54.9368420988,997.580630495358,81.53090896267648,4.8859444,0.60204357,0.7922928,0.42458788,1.0059636124633091,0.4036512595019028,1.4791040636032453,0.8700295479289921,,
1993-01-05,568.1435120988,2353.300130495358,83.66982142861939,4.9232254,0.8011137,0.97910863,0.79838526,1.746135016052633,0.6617220988241148,2.2546531301347703,1.1280929915455375,,
1993-01-06,132.8885220988,2342.693230495358,85.41376795934808,4.7919097,0.63737506,2.3953762,0.63891864,2.5240214393211686,0.6055889322479199,3.0697198653638282,1.0719527275769838,,
1993-01-07,1718.2180132311871,3160.706615029758,85.02119738335536,4.603084,0.71679056,-1.3901373,1.2341214,0.7205042210123812,0.838404037321368,1.180000689035077,1.304785345411224,,
1993-01-08,1337.011032683118,3034.9228150297577,84.84233685432217,4.5016813,0.6488128,-1.0390265,0.87394136,0.6554153091327362,0.6382982494741792,1.1118007496628994,1.1046802591357892,,
1993-01-09,979.7516645161902,2841.1131150297574,84.82234631375822,4.3112745,0.63176954,-0.46589744,0.54840547,0.7590718942435248,0.4387828215327698,1.2204117652096738,0.9051637162000437,,
1993-01-10,758.8468467237947,2433.738251743426,84.76506116105682,4.083437,0.61590713,-0.14922386,0.41779026,0.8568390050536919,0.35052045293812534,1.3228518097164172,0.8169003072202645,,
1993-01-11,54.9368420988,1073.813530495358,85.37597525413818,4.307237,0.5630232,0.35448718,0.34473702,0.5468694878143215,0.3291013244207436,0.9980668091307927,0.7954845148367261,,
1993-01-12,577.0766798770121,1811.3499898128048,85.34580147422116,4.4849167,0.6123557,-0.05524504,0.46197763,1.041720374694053,0.38031647632040266,1.5165698768402418,0.8466943930697588,,
1993-01-13,465.3042537036,1455.8309632833966,85.578203087115,4.5731726,0.67641956,0.15884936,0.54643756,1.2280106278992844,0.44532020266086586,1.7117641673473096,0.911696206644231,,
1993-01-14,393.3754807036,1372.4993304953582,85.83586684560603,4.524179,0.5936596,0.40092278,0.54926485,1.3194408276324552,0.4469221475127523,1.8075644180892234,0.9132972272386106,,
1993-01-15,399.8731877036,1149.064790495358,85.98601930053741,4.503102,0.57253635,0.054528832,0.5688481,1.2029705961418686,0.44713072922436625,1.685527307666956,0.9135069880019563,,
1993-01-16,402.4168512036,1044.991530495358,86.02184788875186,4.5039334,0.5765218,-0.15878624,0.60041255,1.137570057325642,0.4621679336062343,1.6170008466558716,0.9285448612470493,,
1993-01-17,387.7894737036,1011.013890495358,86.01952435554165,4.3656015,0.5778236,-0.186881,0.57537216,1.0752011821259944,0.44564782821429594,1.5516509524190152,0.9120253982689028,,
1993-01-18,404.5435497036,922.350117890446,85.89816882522649,4.0029364,0.5650664,-0.77973163,0.5007081,0.6784089377816218,0.3883553020578204,1.1358933951614143,0.8547370633253829,,
1993-01-19,462.4901737036,666.229860495358,85.72874524336433,3.702149,0.53985,-1.8399359,0.51263803,0.4309193090990206,0.37481811659004477,0.876574608228758,0.8412025831859897,,
1993-01-20,464.0242837036,597.4690304953581,85.54070776114983,3.8977675,0.51058614,-2.018664,0.6050875,0.567662208790517,0.40719906984043436,1.0198533510932892,0.8735820330314163,,
1993-01-21,429.4006377036,648.026460495358,85.3818022537147,4.078631,0.49953482,-1.484773,0.66878533,0.7324806509015184,0.4488172671100974,1.1925495513335373,0.9151984466376585,,
1993-01-22,387.7894737036,679.075870495358,85.41218648026573,4.259549,0.4727655,-0.63345206,0.683869,1.1450801346438686,0.467985040578949,1.6248698799979944,0.9343618911642726,,
1993-01-23,387.7894737036,750.2100304953581,85.5567500689856,4.2598534,0.43513826,0.48661184,0.72450453,1.7723974148694723,0.5001070367973502,2.2821707818415353,0.9664776786160503,,
1993-01-24,438.6309437036,907.144380495358,85.60648200144627,4.23223,0.458088,0.87687385,0.6900422,1.970491105871793,0.48851116865590066,2.4897326741243595,0.9548799433599696,,
1993-01-25,387.7894737036,1506.734330495358,86.02718630517596,3.9995627,0.4184252,1.7276638,0.50682205,2.192698034591915,0.412079611566236,2.722560334460917,0.8784463452763609,,
1993-01-26,503.4988137036,1122.226930495358,86.14554851865826,3.73874,0.41904706,0.54983,0.48687282,1.537458087424921,0.3602726088364789,2.036002157645049,0.826645523222209,,
1993-01-27,440.0988797036,1133.0543344131115,86.15804884233931,3.6735773,0.3738377,0.30839536,0.47044352,1.2498248328011912,0.3546071918674376,1.7346210166753984,0.820982974465251,,
1993-01-28,404.6679237036,1060.803930855829,86.09712414563911,3.5069275,0.36862013,-0.10668033,0.4517262,0.8911629007039026,0.3424655788997516,1.3588162702483404,0.8088450705174668,,
1993-01-29,399.8347277036,997.6670660037162,86.02236582069804,3.3798099,0.35615978,-0.73038554,0.42011958,0.4455691976773233,0.31675839029001224,0.8919247114029647,0.7831426947967873,,
1993-01-30,410.2761697036,883.7955594535317,85.96801001291446,3.1275744,0.34753263,-1.1903346,0.41000244,0.17862755286979787,0.30091216334349086,0.6122241684680033,0.7672994598453406,,
1993-01-31,429.2387497036,785.6461915508603,85.86639896616398,3.3675456,0.3363973,-1.5406636,0.46445066,0.1934871090880346,0.3230141414596839,0.6277939606786199,0.7894012692678938,,
1993-02-01,459.8612587036,720.639741469664,85.70548300928976,2.9835339,0.34340268,-1.9216954,0.4872203,-0.010875387194250123,0.32612326540718595,0.41366363565228803,0.7925127353874957,,
1993-02-02,471.0485137036,643.037270495358,85.50679683441575,2.6211472,0.35174465,-2.1183658,0.3733999,-0.11444420984369512,0.2618547667271126,0.30514457731250877,0.7282454419282034,,
1993-02-03,387.7894737036,546.5510304953581,85.42298115459734,3.1460452,0.31629437,-2.0781589,0.41288662,0.09009922089228219,0.2748925822030026,0.5194644848409262,0.741280888958343,,
1993-02-04,54.9368420988,553.4981604953581,85.15301090553208,3.324718,0.30594626,-0.47640038,0.31102443,-0.13318961494998355,0.2842867309020516,0.2855032059201015,0.7506776255524262,,
1993-02-05,54.9368420988,540.0397304953581,85.19216267120973,3.7141447,0.2990502,-0.31978476,0.30970263,0.052685949104350746,0.2824593228404976,0.48026298655240335,0.7488480592363291,,
1993-02-06,64.2578590988,515.660970495358,85.09613850864424,3.2501006,0.3072037,-0.37998378,0.3016389,0.02224742562372954,0.2703672153768284,0.44836960569829576,0.7367563024983512,,
1993-02-07,92.2272720988,471.484300495358,84.96781066712039,2.9935002,0.31095994,-0.5786358,0.2501272,0.005791365082172601,0.21530177058294417,0.4311270017150812,0.6816910477593997,,
1993-02-08,61.2677727988,467.02166049535793,84.96771679376408,3.3980694,0.29258186,-0.53790236,0.2505425,-0.08143246024334273,0.2240702205538218,0.33973417569873726,0.6904605102687007,,
1993-02-09,66.26224009879999,498.94448049535794,84.95495987530393,3.3508162,0.29602468,-0.43652856,0.25732392,0.007482348287164432,0.22979220197226172,0.43289880813693477,0.6961814596048792,,
1993-02-10,67.9633970988,439.8940304953581,84.78439276593646,3.8195806,0.28308493,-0.7373048,0.29466963,-0.12748521455305192,0.2580319503935072,0.2914802571564892,0.7244227782209052,,
1993-02-11,75.4996570988,431.411890495358,84.60771577287498,3.8133464,0.28284788,-0.7046014,0.4254566,-0.031696023890641606,0.3645313359011349,0.3918478436935951,0.8309210471843455,,
1993-02-12,87.9642200988,435.469350495358,84.38429044106904,3.2673302,0.3057591,-0.62021255,0.36133233,0.0330979759211245,0.30496950226178704,0.4597387752091555,0.7713584642371225,,
1993-02-13,97.6421620988,495.830890495358,84.1848130877891,3.2592316,0.30400887,-0.68664515,0.23489891,-0.037443080445376135,0.2025253432448011,0.3858260974808743,0.6689151212213986,,
1993-02-14,82.7152670988,500.6083004953581,84.14899311424743,3.3768063,0.2910819,-0.5546322,0.24014513,0.0028456851056500284,0.21018516045055236,0.4280405283049842,0.6765744716800342,,
1993-02-15,79.6050550988,475.9080104953581,84.09079395361712,3.4666924,0.2868245,-0.56922007,0.2472478,0.00912643543974618,0.21576813219901686,0.4346214770353792,0.6821573708329404,,
1993-02-16,79.5604590988,453.247580495358,83.99890041378288,3.4563503,0.32288453,-0.52606714,0.27068865,0.06859911773216679,0.235262062687605,0.4969367502441833,0.7016506161467687,,
1993-02-17,103.1552820988,401.33398049535793,83.93087286193477,3.5735412,0.29167303,-0.9867686,0.3277825,-0.054300708709217244,0.26749262465673435,0.36816273221094103,0.7338825984804175,,
1993-02-18,123.7300470988,368.238460495358,83.85317478384098,2.9935007,0.30958042,-0.93568254,0.34063417,0.05250679081729798,0.2665878715441289,0.48007526511165144,0.7329766100011996,,
1993-02-19,116.4221250988,360.543080495358,83.80963509869109,2.805656,0.3207803,-0.8669138,0.2572938,0.02952135337464744,0.20966052468297616,0.4559912023310294,0.6760495278948652,,
1993-02-20,102.8014240988,370.342950495358,83.79506816114791,3.0086288,0.30343956,-0.79775345,0.2205958,0.029270055759379843,0.1848250983957751,0.45572789354876997,0.6512141045055417,,
1993-02-21,107.6563420988,345.557700495358,83.7840457375646,3.0434337,0.3044198,-0.7145909,0.26486212,0.17808924192486503,0.21450296425117218,0.6116601281000266,0.6808902668689547,,
1993-02-22,92.4403740988,416.491570495358,83.81068036759743,3.6309514,0.28648236,-0.7279842,0.34237203,0.06375553339548717,0.28497595179152246,0.4918616591331752,0.7513645609015399,,
1993-02-23,85.9220330988,426.98217049535793,83.8286625449579,3.3354645,0.29138136,-0.5848304,0.37317795,0.07189984795586267,0.3144743476471722,0.50039524408959,0.780862863197629,,
1993-02-24,112.3256320988,439.0018304953581,83.6050829440774,2.9262152,0.30865136,-0.66266143,0.29253992,0.06852440557036883,0.24127750497762349,0.49685846709644216,0.7076660592949965,,
1993-02-25,115.3211460988,452.5752552953579,83.34556407896096,2.9336805,0.3095073,-0.6869284,0.22757842,0.04829861451845672,0.191946284766512,0.4756659523706566,0.65833507164975,,
1993-02-26,110.6162660988,446.5810979953581,83.08289630770426,3.1060462,0.29845813,-0.5968354,0.23358317,0.13827028069725983,0.19636404685633074,0.5699379566400515,0.6627518027894822,,
1993-02-27,101.9571320988,435.4525854953581,82.82765421814055,3.1821227,0.29726174,-0.4655887,0.27384755,0.22645349145734112,0.22894801009237564,0.6623360234352387,0.6953347645499013,,
1993-02-28,91.2429870988,445.942474495358,82.6546086457099,3.2841697,0.2932086,-0.3310634,0.28865233,0.282997651284338,0.24474433161420708,0.721582800815425,0.7111304485916031,,
1993-03-01,100.79712741775624,418.41623051369686,82.41142534632489,3.496509,0.2835735,-0.31880844,0.3656446,0.42187559932503066,0.2997589454645345,0.8670986400419466,0.7661435122443156,,
1993-03-02,120.3617004696125,415.0698614885076,82.16172864100429,3.8980412,0.28382808,-0.33086944,0.6374899,0.619763506010375,0.49828778717580374,1.0744449122208817,0.9646701831696709,,
1993-03-03,105.06516150138842,382.7391360340979,81.94245479352065,4.204739,0.28716734,-0.10185373,1.3883172,0.8257167598256145,1.0910506901629733,1.290242027552511,1.5574308744455465,,
1993-03-04,101.0822504072,359.970510495358,81.7483944662174,4.039417,0.30046117,-0.26029646,1.3221573,0.6823823977036628,1.034384192531676,1.1400567728851356,1.5007659109362683,,
1993-03-05,143.0261014072,389.33199629535807,81.50234934916244,3.8988004,0.2788238,-0.2953626,0.90277404,0.8314630921591665,0.6644661548191994,1.2962630149287524,1.1308462780879647,,
1993-03-06,133.9072474072,358.058880495358,81.29627131791541,3.9755683,0.2692117,-0.121370375,0.7824997,0.9937669258445989,0.5742073872376027,1.4663244170564482,1.0405858027789197,,
1993-03-07,105.3726074072,364.0746604953581,81.10455053263038,4.144062,0.28794286,0.24604064,0.79166496,1.1209944586498204,0.6173595611819592,1.599632991024195,1.0837366591212976,,
1993-03-08,107.4776624072,387.23998049535805,80.99252548353851,4.13542,0.28540576,0.54209244,1.2312942,1.322744669264833,0.9657872905720551,1.8110261720580112,1.432162337078696,,
1993-03-09,106.5047274072,410.52150049535805,80.9797270315389,4.0559716,0.28605717,0.7705873,0.9460665,1.4473594889356216,0.7534893832502174,1.9415971541346124,1.2198631859028444,,
1993-03-10,105.6099474072,399.787860495358,80.86354259301227,4.00207,0.30466568,0.7319468,0.84161854,1.415284833692175,0.6687876552638391,1.9079894400122532,1.1351617763755135,,
1993-03-11,109.5836874072,368.110370495358,80.69003359454332,3.819015,0.28595185,0.58163935,0.7606692,1.3242978738839304,0.5898296564824683,1.812653614548537,1.0562046873763777,,
1993-03-12,129.6862074072,347.678948395358,80.54738390210878,3.772799,0.2997475,0.5301423,0.6717866,1.4110776777032965,0.4960120144753649,1.9035811963485494,0.9623861774458234,,
1993-03-13,128.3305974072,312.59073049535795,80.44360076790966,4.035296,0.38733116,0.048234224,0.59465754,1.2086725666765672,0.43639433887966533,1.6915018129020019,0.9027705395739539,,
1993-03-14,168.8747274072,181.0418604953581,80.47380945788805,3.4007726,0.34134528,0.18173003,0.6828273,1.7352857940561865,0.3898063765808534,2.243285352413104,0.8561773731825428,,
1993-03-15,103.5759774072,333.361190495358,80.4998175707565,3.685938,0.3248132,0.14174068,0.5028774,0.9818928028827665,0.3913201196102888,1.453882751606699,0.8576986590674729,,
1993-03-16,75.6502014072,431.682880495358,80.44248690440604,4.230555,0.30634373,0.101605296,0.5108526,0.7172873641720752,0.4370712193277584,1.1766300774340792,0.9034525619772571,,
1993-03-17,44.8817249072,579.2777304953581,80.39539985661037,4.201959,0.3439947,0.15983647,0.54862154,0.45049526954929237,0.5097720226333936,0.8970862326714795,0.9761562726922969,,
1993-03-18,38.7789474072,699.2162364953581,80.41181911974529,3.6806293,0.34838897,0.064118266,0.35466102,0.2541526896797211,0.3365231838385655,0.691359148647676,0.8029096255579411,,
1993-03-19,38.7789474072,676.281020495358,80.52440482316459,4.3010716,0.3685956,-0.021770597,0.31667408,0.21266466684752117,0.3001666389126222,0.6478881401438082,0.7665535493800915,,
1993-03-20,38.7789474072,681.000436495358,80.59091488302354,4.4243913,0.340759,0.10242689,0.3818582,0.33527772010185247,0.3617513002895215,0.7763616782119418,0.8281368311127624,,
1993-03-21,38.7789474072,679.9395004953581,80.63986434733772,4.669839,0.3469827,0.2369057,0.77581924,0.4760876495613099,0.7341981268407494,0.9239018409648969,1.200582094473595,,
1993-03-22,38.7789474072,687.767328495358,80.66367904938512,4.635842,0.34442893,0.52492833,0.7237539,0.7443457370995163,0.6853706147361751,1.2049817480930314,1.1517516670583972,,
1993-03-23,45.1287671072,667.6794574953581,80.58167351215431,4.817287,0.42042994,0.35032788,0.67597735,0.6331365638392655,0.6337396409220418,1.088457156500482,1.1001218918316293,,
1993-03-24,38.7789474072,982.441930495358,80.6300432301301,4.762144,0.39878583,0.40694743,0.62499464,0.5723278581827399,0.6014523009965521,1.0247420025777358,1.0678352132687423,,
1993-03-25,38.7789474072,1409.193868495358,80.83074722291593,4.796751,0.38772964,1.0931678,1.064333,1.1923554586456895,1.0358805197500451,1.6744048028844916,1.5022568867580928,,
1993-03-26,38.7789474072,1839.923240495358,81.18628800738634,4.9881577,0.5188797,2.865333,1.6630532,2.9091510450119977,1.6287607335711196,3.473257349706982,2.095121271099056,,
1993-03-27,38.7789474072,2968.0800604953583,81.97746653422399,5.4524727,0.67518026,4.018535,1.6803403,4.037028385005779,1.6586921018851892,4.655043371096654,2.1250440744761496,,
1993-03-28,38.7789474072,5468.498160495358,83.86834499624368,5.4331007,0.6999825,3.5370407,1.6031888,3.550391629458697,1.591907717278005,4.1451470421189525,2.0582632068878386,,
1993-03-29,38.7789474072,6307.808430495358,89.20128056564741,4.938297,0.665026,3.267716,1.255038,3.2779235218226432,1.247376106356111,3.859655890323527,1.7137336834128079,,
1993-03-30,38.7789474072,4609.827930495359,99.75618638296793,4.36472,0.6725538,3.76721,0.82482785,3.7721944685286215,0.8179663438676033,4.377551298701344,1.2843201968766333,,
1993-03-31,7447.001183083199,5579.231930495358,100.0,2.5791655,0.6800719,0.72922313,5.766551,1.7868214857251274,2.5002699326503195,2.297284273977871,2.9666404370015056,,
1993-04-01,7627.11727200616,11512.254828875744,100.0,2.361954,0.6942467,2.3916912,1.6043719,2.37984079969318,1.003897705142045,2.918647884018482,1.470262763726753,,
1993-04-02,5997.53497200616,14180.739067553262,100.0,2.470942,0.6764597,3.3217106,0.80659544,3.068838897995387,0.6014554228873065,3.6405777361973595,1.0678146593650348,,
1993-04-03,3884.600472006161,10431.807367553263,100.0,2.4994493,0.6384319,4.1117063,0.69857687,3.6742379765490094,0.5376953590656308,4.274912821252623,1.0040499279224004,,
1993-04-04,2650.6271420061607,7798.071327553263,100.0,2.4219284,0.51379,4.4303846,0.6839485,3.9208792068316516,0.5268221035620676,4.533342659241907,0.9931748909799385,,
1993-04-05,2323.868002006161,6358.644667553263,100.0,2.5654278,0.4268751,4.27993,0.7245616,3.8210448511865858,0.5427939899238703,4.428736562663679,1.009147490044169,,
1993-04-06,2359.496802006161,5824.388967553264,100.0,2.475618,0.40863287,4.9966135,0.7780002,4.2697850418581735,0.5660900260256964,4.898925000507765,1.0324404121847088,,
1993-04-07,2159.684148988361,5088.295851113927,100.0,2.5897791,0.40520617,5.4302535,0.81919014,4.583875967932518,0.5876334152203654,5.228028399182344,1.0539817588015703,,
1993-04-08,2298.499132006161,4706.301967553263,100.0,2.6169825,0.4003594,6.2978363,1.004531,5.090030508155549,0.6875789778433928,5.758375396225297,1.153924267235707,,
1993-04-09,2274.906692006161,4401.806967553263,100.0,2.6716332,0.3989872,6.9527087,1.0639863,5.494049903430703,0.7145138069141882,6.18170553752339,1.1808568686915897,,
1993-04-10,4240.505872006161,7375.180467553264,100.0,2.662644,0.43653765,6.96145,1.3359241,5.392097040598963,0.8630632090772341,6.07487967635672,1.329406815374628,,
1993-04-11,5266.53977200616,11891.222167553264,100.0,2.5828347,0.4194545,6.7909417,0.9487663,5.499271919952509,0.6700308974378,6.187177148584368,1.1363739316449795,,
1993-04-12,2997.151432006161,8402.479167553262,100.0,2.6722202,0.3810207,5.224322,0.717049,4.5533321171757075,0.5379349287295541,5.196024656768289,1.0042834659894122,,
1993-04-13,2152.166274870852,6130.604181965196,100.0,2.752019,0.35817325,5.3993096,0.7356132,4.711446823040647,0.5523706829747731,5.361696705085489,1.0187182291629906,,
1993-04-14,1638.19399870632,4303.567258884357,100.0,2.938962,0.38516268,5.966596,0.7884227,5.131851701515202,0.5808377904889993,5.802195499668943,1.0471828406326025,,
1993-04-15,1319.7409054410978,3256.5339766285456,100.0,3.2179675,0.4257349,6.692156,0.9069515,5.690243022994916,0.6569723054442256,6.3872760175501435,1.1233143528235214,,
1993-04-16,2797.6699021716668,5194.714304277034,100.0,3.5251517,0.5116564,6.894484,1.0479441,5.715076326911584,0.7042735437330583,6.413296268505626,1.1706154658528525,,
1993-04-17,3951.281850637072,9338.88621696364,100.0,3.7122211,0.51837325,6.4847264,0.86043215,5.660436641889131,0.62395127609482,6.356044993315519,1.090293474749201,,
1993-04-18,2566.164478881208,6879.898608183136,100.0,3.8119903,0.48074144,5.778171,0.7771772,5.244028607026983,0.5809164399601654,5.919734077806618,1.0472608582459322,,
1993-04-19,1862.698948088217,5169.927285860521,100.0,4.278021,0.48455495,5.9864874,0.79872406,5.533973817986801,0.601032386652494,6.223537678722195,1.0673752384393649,,
1993-04-20,1458.7444720061612,3828.9121675532633,100.0,4.6881742,0.5912009,6.900718,0.90852654,6.290327542474147,0.6778005054161746,7.016042525774171,1.1441397233644848,,
1993-04-21,1350.5311309175613,3321.3103018117667,100.0,4.819748,0.85802877,6.8701816,0.879726,6.27744430759737,0.6728058253516349,7.002543516309419,1.1391450997189791,,
1993-04-22,3187.220269444415,6401.807508728148,100.0,4.9664984,0.77674603,6.439056,0.928473,5.949604291912763,0.6714819589104847,6.659033868540119,1.1378227328524293,,
1993-04-23,2582.0690867424155,5672.072667267242,100.0,4.8167257,0.711667,5.817564,0.87505275,5.504480753763188,0.641205728928991,6.19263494684569,1.1075487356666178,,
1993-04-24,2117.410641992163,4292.392759672512,100.0,5.121072,0.6989682,6.379205,0.97500056,5.963594184339818,0.6925439388141512,6.673692430003132,1.1588846462540006,,
1993-04-25,1754.0257612161188,3310.988036845644,100.0,5.3843575,0.74856424,7.4749713,1.0859672,6.750986981261684,0.7557445603491454,7.4987199110502365,1.222081885696917,,
1993-04-26,2160.5202939580745,4919.735559871176,100.0,5.2958965,0.91995275,6.6001534,0.85153913,6.202163091918312,0.6549095167575818,6.923664115856864,1.1212491245964313,,
1993-04-27,2928.912384018324,7514.416359038095,100.0,5.6607227,0.79788035,5.983516,0.7878158,5.892986285137306,0.609435571428538,6.599709714579769,1.0757766167948817,,
1993-04-28,2033.806291543992,4941.306376799793,100.0,5.731044,0.80924475,6.5328608,0.8646111,6.299066634534354,0.6563858849943472,7.025199316561764,1.12272506477996,,
1993-04-29,1623.5367997643884,3519.27589444278,100.0,6.2068615,0.9072784,7.7189875,1.0153394,7.241623753174127,0.7515263916888819,8.012807443502194,1.2178619681886302,,
1993-04-30,1327.4653196975426,2601.9306750141213,100.0,7.7901616,1.4544319,8.729079,1.1242672,8.411885305600688,0.8919868194487776,9.23900349779575,1.3583193361592945,,
1993-05-01,1022.6800120799492,2124.780352107696,100.0,8.767126,2.034734,9.277755,1.1305484,9.111840139783437,1.0097424854522647,9.972413780376531,1.4760739206786915,,
1993-05-02,882.3089499204957,1713.7605794352266,100.0,9.182758,2.0558743,10.149006,1.1799917,9.820613734310493,1.0464113238915935,10.715064329900652,1.5127422350202633,,
1993-05-03,697.8828601218324,1202.3653214438789,100.0,9.246351,2.0267618,10.522276,1.2419311,10.05368136138129,1.0823888902414438,10.959271792843607,1.5487197545667628,,
1993-05-04,584.0686286889244,1012.094760495358,100.0,9.263904,1.8230538,10.757103,1.2759784,10.210710973034072,1.0486228278929395,11.123806883154517,1.5149536957165723,,
1993-05-05,506.7888871785073,1286.41827185474,100.0,10.334274,2.0188575,10.671516,1.1326245,10.576206425342251,0.9928443601313036,11.506771768699327,1.4591753453172158,,
1993-05-06,1042.1096685065063,1548.3855449818834,100.0,10.927826,1.6761634,11.7280655,1.4036248,11.406143496283407,1.0763555065969173,12.376376994633517,1.5426873256694469,,
1993-05-07,732.7759626512529,1252.221842096276,100.0,11.133653,1.6552442,12.427374,1.3077253,11.949787565983346,1.0266208637415835,12.946005392510829,1.4929536560952794,,
1993-05-08,572.8734996054267,969.762490495358,100.0,11.2649765,1.9665295,12.978086,1.2545078,12.341905732826197,1.0748336523889528,13.356865467339869,1.541167356588907,,
1993-05-09,241.41264323219264,755.600470495358,100.0,11.838004,2.4943602,12.887432,1.1054598,12.633327934131575,1.0327990964802134,13.662216653690685,1.4991335922819617,,
1993-05-10,217.6303018467136,688.882700495358,100.0,12.151902,2.7963727,14.834606,1.1319385,14.190558403381825,1.0911547348908217,15.293877416245035,1.5574951069497622,,
1993-05-11,168.37345629639998,631.828070495358,99.9744392113022,12.278446,2.9265258,15.98471,1.1644169,15.204860687105347,1.1065699243254603,16.35665988191164,1.5729156154665458,,
1993-05-12,158.8886562964,601.070200495358,99.92763818172084,11.810342,3.0259016,16.927158,1.1549566,15.857358202425674,1.111164914394406,17.040344548013103,1.577514649204904,,
1993-05-13,192.3681362964,569.011230495358,99.80460577269508,10.712381,3.2159932,17.266151,1.1158155,15.610292879690197,1.1643074580038246,16.781470347401427,1.6306556044177185,,
1993-05-14,161.1126162964,557.173930495358,99.64961540631562,9.672678,2.7528248,15.645567,1.0345573,14.30584010103716,1.0125579093757267,15.414669184977527,1.4788988267144447,,
1993-05-15,155.7793562964,518.2786304953579,99.48426954551368,9.356881,2.7271261,14.749046,1.0684997,13.502880509284545,1.0354654262480005,14.573330869519188,1.501802861373303,,
1993-05-16,174.89333629639998,492.668130495358,99.2655383297818,8.83432,2.5098264,16.93932,1.0960745,14.815904043434616,1.0424540472000208,15.949112440255217,1.5087975595303533,,
1993-05-17,165.48618629639998,473.6918704953581,99.07008983336864,8.325371,2.2848096,17.942844,1.0695732,15.452835525047561,0.9890560627826218,16.616487069447913,1.455403233316936,,
1993-05-18,157.64556629639998,445.68907049535807,98.81384133863318,7.7534595,2.0887048,17.127285,1.0907027,14.677994100915603,0.9731521298311449,15.80461087390535,1.4394949111841437,,
1993-05-19,177.0751762964,470.1701704953581,98.59117279166072,7.5031767,2.025275,16.15388,1.1249845,13.787196000282382,0.9873369181349406,14.871235669102836,1.4536755019321774,,
1993-05-20,172.4736262964,454.700230495358,98.49094974320656,8.040724,2.2471783,15.505915,1.0609084,13.452977485115534,0.9866602029201161,14.521042651379853,1.4529974459684907,,
1993-05-21,148.0725762964,446.62806049535806,98.41257129015078,7.845127,2.1523218,15.988297,1.028071,13.960755974616042,0.9398505422944551,15.053091216924553,1.4061898727419808,,
1993-05-22,147.0396502964,418.796530495358,98.26667275683148,7.893759,2.1410341,16.672665,1.0423032,14.391355506026263,0.9511488718116639,15.50427193400532,1.417490203455703,,
1993-05-23,148.36001632079035,387.0588441132878,98.0745810016338,7.820261,2.0017855,18.921326,1.0776619,15.84531499531606,0.9563408296821362,17.027725716771297,1.4226904854476934,,
1993-05-24,155.7275812964,366.55923049535807,97.87627310706158,7.583076,1.8518181,19.985611,1.3259186,16.287610690944696,1.0820529110974835,17.49116163473878,1.548405578663031,,
1993-05-25,141.31534629639998,349.19846049535806,97.67140495247884,7.856232,1.5923789,21.369564,1.1948036,17.47641946142842,0.966413064753574,18.73679140071214,1.4327749362444768,,
1993-05-26,194.01400766486816,396.5804624162261,97.39094947010793,7.4916987,1.22659,22.784477,1.19595,17.76070306419029,0.8984925024276643,19.034662787911145,1.364856814331946,,
1993-05-27,219.7469244139137,416.7223077346852,97.04087956316482,7.387004,1.0986562,22.078346,1.1744721,17.006023609498243,0.8574419542633264,18.243912235027476,1.3237999906526785,,
1993-05-28,227.1829216747033,413.94340070953,96.67069481462929,7.44201,1.0647892,23.062386,1.2813474,17.527310098728385,0.9092800849392075,18.790114436514102,1.3756423865061165,,
1993-05-29,221.7907542488978,409.4122515660633,96.29678361932832,7.291585,0.9540998,22.348211,1.220777,17.057646324143157,0.8598697379135941,18.298002338968995,1.3262281828180529,,
1993-05-30,238.6451426276254,410.2334441161595,95.93894185305246,7.2702,0.9041319,21.772663,1.1929418,16.438934275478562,0.8242510012620362,17.64971796933957,1.2906047506262899,,
1993-05-31,245.55928615256155,404.8427732750777,95.6219446678888,6.958388,0.9308485,20.74485,1.9023621,15.539771556004503,1.235177783456952,16.707578345508644,1.7015254892923048,,
1993-06-01,185.1613478136608,341.5223084623117,95.48998988551956,6.9580145,0.8904183,18.66524,1.767352,14.5494375510224,1.1880042245257558,15.669909760375836,1.6543463440672586,3.126259033787971,4856.873740966212
1993-06-02,200.37886616766443,343.46914725304146,95.28962449316246,6.984438,0.8376307,19.156197,1.8333583,14.67155541193413,1.1982890016054821,15.79786443760012,1.6646317493623601,3.2273540097479274,4853.646386956464
1993-06-03,270.0151854145718,434.7271496424378,94.9934099350578,7.1429024,0.7962247,20.630356,1.7953103,15.462768951359113,1.1487039117876032,16.62689527958144,1.615051143048733,3.3203332287079226,4850.3260537277565
1993-06-04,296.135669895954,469.5183713395566,94.66929539726,6.9998274,0.73390305,21.614117,1.8263267,15.961678212144939,1.155361798535923,17.149650697596837,1.621712224986502,3.4630359684943195,4846.863017759262
1993-06-05,340.7574233139738,516.2122174265761,94.26899956035538,6.6317024,0.7231928,21.754593,3.010509,15.741267632333464,1.836096742213268,16.91870524550625,2.302445721976549,3.64625617360229,4843.21676158566
1993-06-06,318.29898661465677,527.6986004030574,94.02767247521253,6.837562,0.9356029,18.987942,2.444589,14.416470627377747,1.5649384355777236,15.530587472305657,2.0312798904884755,3.7366401539757965,4839.480121431684
1993-06-07,380.83894061928476,611.6679981137398,93.62723841016049,7.1562557,0.9366988,19.772234,1.7477813,14.931304796009512,1.1355180887017222,16.070028954325455,1.6018622294180225,3.831999400311529,4835.648122031373
1993-06-08,430.4103474256817,653.668916475895,93.14942226420708,7.1501007,0.8120331,22.444786,2.2176263,16.372360318060316,1.375483041375866,17.57996200432842,1.8418363115826772,3.9980439837408692,4831.650078047632
1993-06-09,475.05676180346535,533.1945444037985,92.80393846966878,7.1751633,0.7938215,26.701357,5.269344,17.50121972580749,2.8115816332655506,18.762777032953068,3.277943713973147,4.161173921449662,4827.488904126182
1993-06-10,410.70061773661695,509.541681421098,92.5413826363172,7.447072,0.85810155,27.710537,3.8988461,18.667030077243624,2.1925116837701863,19.98430913406452,2.658884392953275,4.278531591003043,4823.210372535179
1993-06-11,462.32000114586776,645.0677535001644,92.06512904914575,7.236691,0.6905359,27.479347,2.152779,19.02830123123707,1.2867329643100283,20.362847814275195,1.7531092825610484,4.509345108890132,4818.701027426288
1993-06-12,469.2978406409622,671.1787560465708,91.71942004563016,7.16502,0.62843686,27.411644,1.765661,19.080305182221174,1.070798897236358,20.417337376349725,1.5371757472899041,4.731305780240587,4813.969721646048
1993-06-13,352.7890766130488,610.4849282378649,91.4134747522981,7.307863,0.5982798,26.968388,1.4592181,19.767925219550094,0.9503978211104527,21.137823300951457,1.416781993661918,4.916061204936347,4809.053660441112
1993-06-14,438.111514556593,622.9812954058975,90.8951680783564,7.278769,0.5806671,29.78111,1.6512172,20.49018453031945,0.9986567106298706,21.894604137855648,1.4650491567084116,5.154795929209708,4803.8988645119025
1993-06-15,461.43137151341654,620.7368659048207,90.3637292660636,7.025925,0.5383153,30.16654,1.7561264,20.29949236010466,1.0331432180266602,21.694797533753167,1.4995334217657303,5.48823814743124,4798.410626364472
1993-06-16,474.14740815648923,621.5297636140153,89.84021553231895,7.1215315,0.5979645,29.588453,1.670726,19.866034118488162,0.9824211240409544,21.24062146989027,1.4488063854294073,5.768153208007066,4792.642473156465
1993-06-17,467.33364220190805,643.7478131439351,89.28937754567326,7.2832494,0.5962308,29.565567,1.6952966,20.193367878050843,1.013744417034147,21.583600664225568,1.480133390868192,6.043274927367842,4786.599198229097
1993-06-18,473.5437026543917,658.1013712503386,88.66148929831529,7.5863295,0.6121689,31.220188,1.8259112,21.33045751263915,1.0923100547361744,22.77503929640073,1.5587128767605465,6.277623094659024,4780.321575134438
1993-06-19,406.36621135644594,554.6048187139279,88.16087977531139,7.534292,0.5791871,31.993532,1.8633103,21.65044340488368,1.1029099246818195,23.1103194204775,1.5693169102172282,6.667274257042417,4773.654300877395
1993-06-20,335.36977299791965,436.9934267258111,87.77147073896595,7.2606277,0.51623267,32.240223,2.7735035,21.393769902664577,1.585142431664744,22.841377802246797,2.0515460681920117,7.200402198525255,4766.45389867887
1993-06-21,188.31172945976,285.1609739017202,87.63264670388054,7.2344303,0.5202474,31.446815,3.128142,21.816954899454252,1.8953315875470171,23.284789595297475,2.361740785959142,7.6861320533979,4758.767766625472
1993-06-22,178.0988561517766,290.600280495358,87.50485410262556,7.3047786,0.5429353,31.32615,2.715171,22.198378729523046,1.6960400407750997,23.68444418061142,2.16245442763152,8.208219151776603,4750.559547473696
1993-06-23,243.90339043239712,347.9598721213196,87.24014713067906,7.2405243,0.50497407,29.707851,2.0474448,20.449197249877873,1.221560291595825,21.85165780551697,1.68795225219929,8.92818804845951,4741.631359425236
1993-06-24,311.45382206769915,436.90453969802377,86.87939834548926,7.3062263,0.51491565,28.959408,1.811332,19.947727708828904,1.0789822181680913,21.32621973459373,1.545368394609734,9.651949618203842,4731.979409807032
1993-06-25,329.08966588136934,485.0123699652223,86.40529256113663,7.471285,0.5415673,28.954823,1.6894609,20.270394884089075,1.030052253775916,21.66430929784878,1.4964421190152628,10.410183757302553,4721.56922604973
1993-06-26,337.547721734045,474.3984794398751,85.92603497731237,7.505792,0.5455951,30.363792,1.8848242,20.861111199619636,1.1243680261493136,22.283259833998994,1.5907649530235237,11.346134080766843,4710.223091968963
1993-06-27,232.30744953785884,467.8067497724054,85.6448172093543,7.536503,0.53711534,28.417595,1.6379418,21.48896348427764,1.1088664363053555,22.941121311657984,1.5752713061065613,12.441063496245391,4697.782028472718
1993-06-28,313.59945550795334,445.0370077781956,85.20044868474652,7.484114,0.5319873,31.738235,2.0525377,21.712248584375125,1.223992114826804,23.175078676278197,1.6903999180313032,13.819927204157564,4683.96210126856
1993-06-29,342.50589105407926,453.95535255119626,84.72569052469865,7.3834715,0.52382886,31.840927,2.1620288,21.323375011522817,1.252701895035374,22.767618275941356,1.7191046262295957,15.574643377410156,4668.38745789115
1993-06-30,330.43609707163483,456.87642254824686,84.23789836385689,7.4737806,0.53524786,30.229218,1.8944421,20.678730818979258,1.12205990394308,22.09216229460015,1.588454608003977,17.593981607547427,4650.793476283603
1993-07-01,338.9987729782394,464.7781331954214,83.66659501485681,7.497092,0.53399974,30.362724,1.8247225,20.718976999606024,1.0789012161153042,22.134332105086187,1.5452964074180449,20.128777454681906,4630.664698828921
1993-07-02,345.2465251159531,453.64452227671615,83.34593204094304,6.897523,0.45750117,27.544512,3.493288,18.621766716981544,1.9934672204773765,19.936882339906973,2.4598394880038708,24.196410694435823,4606.468288134485
1993-07-03,317.26005553724247,441.8271905443233,83.0984569533162,7.284054,0.50777,26.597328,2.442349,18.52535683470637,1.4373244023006917,19.835864394819737,1.9036957369183265,28.25780923470549,4578.210478899779
1993-07-04,328.71713259355516,435.4693541077669,82.57545862215406,7.870781,0.5823857,30.81449,1.9899465,20.945183672796283,1.1613071636164982,22.371350684006114,1.627705127953829,33.03296351485942,4545.17751538492
1993-07-05,370.7253107566305,445.9778713390487,81.97016226594431,7.9043756,0.6034797,35.926666,2.531482,23.206534077015455,1.4092497220002342,24.740785907507313,1.8756786233456506,44.04965222690497,4501.127863158015
1993-07-06,384.3893858581926,458.8646039447584,81.43684911436897,7.8868246,0.60364556,37.21484,2.7132385,23.845940485691017,1.5018570319012807,25.4107537568161,1.968295740919909,51.86567978237132,4449.262183375644
1993-07-07,419.60777745770383,470.1292726544152,80.85457383579988,7.7092404,0.5765517,37.018433,2.7042603,23.195961148289367,1.4545480337251877,24.729707628929866,1.9209767768230277,69.8207341478274,4379.4414492278165
1993-07-08,508.8818013114765,415.0251171706768,80.29094404516766,7.6815114,0.61398554,39.625015,3.3570118,22.030745254314912,1.545446526688167,23.508798398314706,2.0118586127696414,155.3900477084017,4224.051401519415
1993-07-09,495.96100512582865,461.6428591936117,79.67660798195227,8.054297,0.663821,39.808247,2.987776,23.36228066403936,1.4808147910258196,24.903976648997887,1.9472460382726458,142.56732210765216,4081.4840794117627
1993-07-10,508.2453587739127,461.5350404734291,79.08346460981844,8.082106,0.6441364,39.861244,2.9455354,23.20633996348209,1.4419049288191188,24.740582516010598,1.9083338272580397,160.53474834221547,3920.949331069547
1993-07-11,478.1340340213037,457.6201573332685,78.48543138063826,7.99839,0.6175507,38.62622,2.6448412,22.976589327544122,1.331363850032866,24.499850585038054,1.7977893385697945,132.9877200005445,3787.9616110690026
1993-07-12,443.22802150350685,461.2082409166713,77.84797496851262,7.612953,0.5361929,35.86183,2.5684335,22.018186691718547,1.335845663740346,23.495639579355533,1.8022575787486141,89.34248960520296,3698.6191214637997
1993-07-13,427.23751853954275,481.38172651643634,77.19145438461709,7.8351727,0.5815176,34.72908,2.0514414,22.08342429236451,1.120710954372313,23.56399531430879,1.5871237600139587,57.88698698078433,3640.732134483015
1993-07-14,396.3778884152106,434.622227927144,76.57582629682474,7.8871117,0.5865371,35.706955,2.2743502,22.437196596988784,1.2219683879707883,23.93467672578398,1.68838610809242,41.59775655253417,3599.134377930481
1993-07-15,366.81874843041066,454.4243656066025,75.958371726648,7.7539587,0.53117067,34.50558,2.0981865,22.55662643762492,1.1849984607764525,24.059814904552038,1.651417872277476,32.2239346781445,3566.910443252337
1993-07-16,375.09687882097694,467.96792906517663,75.30712787391329,7.671079,0.5189413,33.276955,1.9496136,21.884373811636067,1.1065464708565116,23.355430901021556,1.5729565742562042,25.756874711453495,3541.1535685408835
1993-07-17,388.5869468291351,472.1666704521821,74.68983662035313,7.5450273,0.48333278,31.626968,1.8463395,20.7551837189522,1.036048128225294,22.172269381850633,1.5024437594483917,21.58946490266508,3519.5641036382185
1993-07-18,387.6504217813368,472.2295952801032,74.06135425645324,7.6263723,0.506792,31.41125,1.8388807,20.688570008241122,1.0353998005774985,22.102471763475144,1.501794623585869,18.242629965923356,3501.3214736722953
1993-07-19,390.2418411858199,445.94832604239537,73.42373990923068,7.2753034,0.43973398,29.35617,3.2166917,19.051244042942105,1.7277242376446857,20.386887213953653,2.1941007901321727,16.149283453506296,3485.172190218789
1993-07-20,369.4694184668536,443.21733849508985,72.80410597905865,7.941457,0.5794331,30.900848,2.0849662,20.462886913485114,1.1671989726951928,21.866001788248866,1.6335910952326622,13.632971826341539,3471.5392183924478
1993-07-21,371.823401786373,461.0380725427133,72.14551419318089,7.7470136,0.50562733,32.15684,2.2683372,21.259296541522495,1.2757876923700116,22.70047707411631,1.7421896043908813,12.262015151174584,3459.277203241273
1993-07-22,382.1546063255449,470.5621581679613,71.4925522805488,7.5377183,0.46290082,30.83953,2.1855772,20.396561590571142,1.2237978494019768,21.79650634162138,1.6901891893779029,11.204278113071776,3448.0729251282014
1993-07-23,380.55421515849883,471.9357106762679,70.83218418287328,7.4158344,0.43673262,28.516764,2.4824567,19.09724173103815,1.3880398902781235,20.435083434305458,1.8544169141956641,10.263569221742605,3437.8093559064587
1993-07-24,381.09046566352396,469.06332214053896,70.19634772086684,7.791316,0.5190274,28.631317,1.989613,19.289565281601735,1.1221322948810328,20.636599393160814,1.588511316126159,9.193349216536472,3428.6160066899224
1993-07-25,380.0652352474412,469.8522278962985,69.55468934529603,8.087502,0.5895022,31.339382,2.1401322,20.94162960059259,1.2121225971239946,22.36762673930007,1.6785205174401159,8.291928580581489,3420.324078109341
1993-07-26,378.81603098587567,469.689857067591,68.91013224298081,7.8218374,0.5121889,30.70266,3.3685699,20.487500977392493,1.8786380768072342,21.89179232027205,2.3450304910415904,7.817132423914666,3412.506945685426
1993-07-27,368.3467471535237,458.2138689628472,68.29754767526981,7.892026,0.5365086,29.446714,3.7926922,19.84112804373986,2.1160750606814,21.21452496990616,2.58246004461373,7.262861891335419,3405.244083794091
1993-07-28,364.3794112287713,463.35637776718255,67.6664840207977,8.156341,0.6103332,30.255085,3.0026727,20.52694761036696,1.7021971832514793,21.933124367461126,2.1685900664054367,6.677444395399669,3398.566639398691
1993-07-29,367.69502871852205,467.87402930993176,67.10447295045833,8.107241,0.5994762,31.029747,3.4999545,20.942619508315754,1.9774626135742135,22.368663961228574,2.4438605461500122,6.280406263624218,3392.286233135067
1993-07-30,375.10818913238325,478.2922253793157,66.5345856642715,7.6310153,0.48248714,29.075287,3.87649,19.64955688311442,2.1829230681746377,21.013797362656078,2.6493059416939424,6.097000277763637,3386.1892328573035
1993-07-31,364.2770408666637,464.10153495077066,65.99782536981972,8.014159,0.5216272,26.176558,3.7121935,18.18969632204164,2.092378810491973,19.4841604570477,2.558746980014778,5.648384807419953,3380.5408480498836
1993-08-01,372.1246100590497,471.0217176034317,65.33309662374121,8.274758,0.59788084,26.976427,3.109433,18.722401698848834,1.7570055798053605,20.042327329904044,2.2233788324621537,5.268761884981467,3375.2720861649022
1993-08-02,370.7080185019264,461.8034689570204,64.68186548171516,8.265677,0.5811133,28.492533,4.083738,19.485741167952497,2.2800264728058646,20.842151816285423,2.746407574958645,5.002294451391812,3370.2697917135106
1993-08-03,379.0030101474318,475.2518888056202,64.01725534456521,8.453779,0.6515501,29.6811,3.3077147,20.263280938175583,1.8627635034724843,21.656855329638432,2.329153286100417,4.702173484008792,3365.567618229502
1993-08-04,380.2684279146531,473.3976372432321,63.35834437152253,8.290231,0.6097953,29.399761,3.9176629,19.996449664614197,2.1894424459709154,21.37727043331789,2.6558291717816975,4.536466375895465,3361.0311518536064
1993-08-05,389.29746298076947,478.8290134787661,62.700528710644186,8.250973,0.6028031,27.77756,2.836407,19.021173196175962,1.5876472583121966,20.355379083504136,2.0540235039115204,4.356710625603687,3356.6744412280027
1993-08-06,377.70870659982,455.5176858529574,62.086192579211165,7.8829513,0.5153588,25.08738,3.3614187,17.288463842063074,1.8524486712250716,18.539852145235272,2.318808979974369,4.263196711476789,3352.411244516526
1993-08-07,366.3267470898681,458.8367291105717,61.48827048673472,8.095022,0.55213666,22.804544,2.9601934,16.274333658480817,1.6641826960010524,17.47725000550839,2.130535269899922,4.033878553510477,3348.3773659630156
1993-08-08,349.69183988931394,460.0442422967202,60.883115551754926,8.410408,0.6554464,23.424595,2.7670088,16.940582689601968,1.597331451724043,18.175343462858756,2.063688974628594,3.8065856432773395,3344.5707803197383
1993-08-09,366.1879810492608,472.4376403171119,60.229164453752006,8.554554,0.6835398,25.33915,3.2116024,18.010113754706648,1.8337019715859695,19.29599445686639,2.3000685006468182,3.63189853154084,3340.9388817881977
1993-08-10,380.41474875993936,480.0754852585322,59.58225903484734,8.725621,0.7340129,26.87025,3.439687,18.848678356853927,1.9462757293481172,20.174639580506618,2.4126502345275034,3.461038047763868,3337.477843740434
1993-08-11,395.3346336526761,470.4977555032648,58.98697905804456,8.443222,0.6512565,27.588604,4.1268725,18.84692065772591,2.26219249644428,20.172797869368676,2.7285669840641327,3.398305534425877,3334.079538206008
1993-08-12,409.63952162590556,452.9367966692498,58.39604824191296,8.798743,0.6897329,26.323177,5.19126,18.00078238546221,2.7455279198962725,19.286217080069758,3.211894364724259,3.2140955006341843,3330.8654427053734
1993-08-13,386.9259748942807,466.82220943291793,57.77637580486529,9.000001,0.7330004,25.879711,4.1122236,18.2296822035034,2.272936351171099,19.526057526958432,2.7393048909792017,3.0695526828223776,3327.7958900225512
1993-08-14,379.1854608108764,461.5191305282808,57.19952708292981,9.016121,0.7915479,26.595446,4.323794,18.66659117652248,2.4003194103126178,19.983849255389217,2.8666921152018903,2.9691360642690485,3324.826753958282
1993-08-15,383.7759198000311,464.7147198311034,56.59588008602283,9.166717,0.845644,27.158173,3.94658,19.020560635476865,2.1951054372499126,20.354737244497557,2.661481676608491,2.8493678374519003,3321.97738612083
1993-08-16,387.36668289902616,467.2103200746584,55.98738078980817,8.919898,0.770983,27.02108,4.1314025,18.816091119337614,2.2855771168631867,20.140494784430924,2.751951297068244,2.811301623264258,3319.166084497566
1993-08-17,320.0689003498577,397.37601913091663,55.52599691347568,9.257894,0.81795067,26.267067,3.8670173,18.6788782653776,2.17271292585288,19.9967236250903,2.639085751031371,2.6707292444822723,3316.4953552530837
1993-08-18,355.9667688964794,436.81149840024375,54.97439665457128,9.256051,0.837677,26.121002,4.2055163,18.54844072539164,2.3475180115322805,19.860051616571432,2.8138895685531025,2.5975703072507703,3313.897784945833
1993-08-19,382.43878575987316,475.99978239211407,54.39939726634022,9.463407,0.95346403,26.56145,3.474158,18.94418341231979,1.9726783491671465,20.27470945115605,2.439053813759353,2.490902993526845,3311.406881952306
1993-08-20,383.86766470315507,473.5944278838508,53.79068022602284,9.302838,0.92618567,27.269882,4.0506315,19.22641621785113,2.2753474104797475,20.570432020027205,2.7417257712426197,2.4514842958709395,3308.955397656435
1993-08-21,380.1241724893994,467.43525728731385,53.1897042886578,9.557855,0.99665445,26.334679,3.0664287,18.810396440300675,1.7492333206238402,20.134527919202306,2.2156074441636813,2.3489109950149554,3306.6064866614197
1993-08-22,382.4342861827354,472.7337060035813,52.57557422439759,9.723852,1.0301143,24.945879,2.4632788,18.138532336919805,1.4375051909670948,19.430551008332372,1.9038728893572983,2.2659258256645947,3304.3405608357552
1993-08-23,385.78852978321186,478.9148252709454,51.95076812148004,9.689771,1.0789967,24.38091,2.7196746,17.82643952115893,1.5813431256880255,19.10354122281405,2.0477080150583533,2.217406744378898,3302.1231540913764
1993-08-24,385.5963460190305,477.8775491685512,51.3290336712758,9.822261,1.0960205,25.370483,3.0237474,18.427207136553665,1.7435572666590813,19.733023476603297,2.209927662450492,2.144230913132739,3299.978923178244
1993-08-25,367.10446841789894,452.000261775728,50.77361242428257,10.003483,1.1472341,27.317421,3.746361,19.557700104336515,2.1303052545984555,20.917550143849276,2.5966871310762616,2.0641748768508656,3297.914748301393
1993-08-26,369.5250777984129,471.0484855279052,50.17483203896773,10.249172,1.218577,28.35985,3.5245166,20.398203400438092,2.046460432428705,21.798226624387723,2.512851791715365,1.9775310535038393,3295.9372172478893
1993-08-27,376.7234947341759,480.20563047735294,49.55737976540362,10.313494,1.2506164,28.608845,3.676308,20.565835861657153,2.132229779030796,21.973871344230155,2.59862312620808,1.9252309574370128,3294.011986290452
1993-08-28,390.9615409863426,481.2158266276453,48.97264902019499,10.352324,1.340581,27.917767,3.9771693,20.043894886665946,2.275161247596874,21.426983374800333,2.7415485109892677,1.8829426441004307,3292.129043646352
1993-08-29,392.21733784392643,480.11371745947537,48.34829683321062,10.575873,1.35584,26.212368,3.1004732,19.181890003994084,1.8120599979168357,20.52377760535304,2.2784378957166807,1.8167662584195476,3290.312277387932
1993-08-30,369.1950177464627,441.5063611021383,47.778921184029,10.871957,1.4581803,24.9282,3.2054372,18.52695882027163,1.867713489960046,19.837542949818907,2.334084839992435,1.7411018485266057,3288.5711755394054
1993-08-31,356.367424128373,455.36808152838427,47.20112394920321,11.195493,1.860476,24.374805,2.6569505,18.588834911898925,1.699624190439993,19.902376507113146,2.165996138107152,0.0,3286.908177246244
1993-09-01,352.9759024327919,456.2308457112688,46.62917537285187,11.8268,1.711082,24.021212,2.5703166,18.702010647040527,1.6300596123534687,20.020961655522623,2.096432664463819,,
1993-09-02,343.72760779390813,466.78123266244825,46.06156596081531,12.130226,2.4012382,22.845106,2.4142308,18.301047031631555,1.7234200425229111,19.600833349922652,2.1897892477413716,,
1993-09-03,372.9028815202849,416.2160835180193,45.581535988330906,11.992112,1.8314725,24.920055,3.35418,18.8108785782215,1.9694944632447786,20.13503310166764,2.4358685915807228,,
1993-09-04,379.993316858527,359.19931732180214,45.148731511598456,12.332448,1.6957427,24.597012,4.3984985,18.29222446240655,2.3083123641602707,19.591589092047137,2.7746814868010325,,
1993-09-05,338.07235888637376,429.4842522372148,44.66219884668637,13.196958,2.0701852,22.177567,1.9641447,18.222033340768768,1.4280351043346269,19.518043074731413,1.8944035731697753,,
1993-09-06,341.84890298799047,469.5701116615776,44.19633491427491,13.374093,1.8250582,22.761372,1.8028804,18.80653346018093,1.2960462466361955,20.13048030183777,1.7624203317583498,,
1993-09-07,346.6924383086276,492.7237088484544,43.7062613186403,13.41744,1.5336592,22.33928,1.7107849,18.654415541305458,1.1872878329067615,19.971091666429146,1.6536604187682253,,
1993-09-08,341.27735526994235,487.4331429052448,43.18032627251236,13.17377,1.3251903,20.773457,1.6757877,17.643773822804306,1.1266641069618102,18.912144728489526,1.5930274039061565,,
1993-09-09,334.44768870145464,461.03360149399793,42.69556248341513,13.606861,1.4335657,20.300592,1.6497496,17.4863176025288,1.1302530722266948,18.747162639122013,1.5966150271346409,,
1993-09-10,287.09958916299126,407.0680716246924,42.33369407357983,13.322503,1.4122018,19.984417,1.564382,17.22912765093956,1.0875243181054153,18.477679887006676,1.5538841418987395,,
1993-09-11,309.8818934127876,418.1672955413245,41.872206191255714,13.417613,1.3803967,17.930723,1.4440414,16.009793748951,1.0164282433157326,17.200065992587493,1.4827789929655997,,
1993-09-12,313.9148523138369,450.31258887250806,41.368261627194286,13.9584255,1.3250653,16.586098,1.2869625,15.506752374910974,0.9334390295673795,16.672980960429268,1.39978653107198,,
1993-09-13,334.8419570483711,472.05563397957474,40.83109239206217,14.793424,1.5387479,17.839907,1.2166901,16.57569379297138,0.956235607774135,17.793014124279516,1.4225903573479401,,
1993-09-14,330.119629326586,476.34202968671326,40.28154560784777,15.237693,1.6848816,19.903845,1.3180932,17.993787050035376,1.0400983526011816,19.27888739152188,1.506464734348631,,
1993-09-15,341.49603268499084,470.07300301323903,39.79038849102084,15.300617,1.5540414,21.680977,1.6711849,18.996217578421852,1.168154197419549,20.329230672527892,1.6345301891193031,,
1993-09-16,302.02133030784444,425.9330016791167,39.41800289461101,14.929427,1.300193,20.077847,1.4770186,17.941816281984018,1.018756647275652,19.22443259841085,1.4851225621281254,,
1993-09-17,295.0737423887973,405.7027963828783,38.99455142131467,14.694184,1.2486649,18.257347,1.5165453,16.757017508205262,1.0233677518738162,17.983004493277466,1.489723860562794,,
1993-09-18,284.06974724414414,432.4299968499429,38.566166771477015,15.023192,1.2013007,17.662033,1.3914844,16.615815256353073,0.9654595834461698,17.835053256462494,1.4318146305117434,,
1993-09-19,305.6153618602029,491.6504141394288,38.078996402616895,14.792852,1.2828337,14.556268,1.1647063,14.646957580662676,0.8704509999326547,15.77209091407737,1.336793619778275,,
1993-09-20,334.10618791327613,503.2609034764045,37.55941008884257,15.015778,1.3064274,12.023225,1.1741315,13.217241653284352,0.8773050090933702,14.27403945260977,1.3436413833004788,,
1993-09-21,347.68202877773604,484.9605965280672,37.04787803156856,15.009427,1.2600785,10.76247,1.2808809,12.535848787679258,0.9129130156507747,13.56007833725374,1.3792472358544396,,
1993-09-22,359.4971402976687,455.4685032951425,36.55658830311896,15.861641,1.4796826,13.055155,0.9544328,14.293150224965915,0.8429528602221509,15.401372776208246,1.309293716793564,,
1993-09-23,349.4476031526846,467.3295614395501,36.04513295178237,15.617248,1.1721554,15.10765,0.97948927,15.325674657339407,0.7520456601916317,16.48324834694099,1.2183920633119012,,
1993-09-24,340.19717101987897,470.1273156361305,35.61780926690526,15.649974,1.4118401,14.413301,1.0289831,14.932491569357714,0.8412625774991279,16.07127245138292,1.3076067247568275,,
1993-09-25,327.77094606906826,466.4863754123496,35.16569234393807,15.63613,1.3209345,13.621223,1.0206423,14.45272719225833,0.8102414149750579,15.568576977050665,1.2765830491079202,,
1993-09-26,278.2983997065284,312.1041480654212,34.93914422210769,15.581899,1.1076181,14.734148,1.0874413,15.133752759543993,0.7765587193645025,16.282153238483144,1.2429039992572766,,
1993-09-27,265.089849506,268.709130495358,34.78687927310739,15.520907,1.0485607,14.815544,1.6053969,15.165834501866547,0.9613776232899073,16.315768378422764,1.427723088009504,,
1993-09-28,316.787709506,298.07150049535795,34.68112012912923,15.600017,1.19224,13.27766,1.406096,14.474184544692456,0.9175867942032861,15.591059917582852,1.3839285351115114,,
1993-09-29,217.87621918053725,193.86166050744376,34.45380778820367,15.255099,1.1403153,11.758168,1.1083212,13.60861278530486,0.7977607874564611,14.68411678690557,1.2640986389561175,,
1993-09-30,308.9865883588339,349.50080133475774,34.07625389971172,15.203124,1.1787286,10.014954,1.4069458,12.449434678554981,0.9292824093122121,13.469533929105177,1.3956163942891229,,
1993-10-01,276.8580472995643,378.3091535175213,33.67662749200447,15.498672,1.3122228,9.401279,1.0994612,11.97789205063764,0.8429275823709658,12.975453175461224,1.309260434229298,,
1993-10-02,267.8736997642261,391.7583269355971,33.29906932934553,15.648671,1.1397091,9.994732,1.1349614,12.290772063449488,0.817659651067693,13.303287783358659,1.2839932263883134,,
1993-10-03,251.48499667725616,311.97617284981885,33.027806456384425,15.499898,1.1993191,10.953466,0.8955059,12.982637870206283,0.7296346158381184,14.02822241065348,1.1959701884783291,,
1993-10-04,253.23507798814973,391.05610713040215,32.71526289840308,15.653954,1.1861194,10.786333,1.081594,12.699524320207628,0.8051742453396544,13.731577000740147,1.2715089344913728,,
1993-10-05,267.3679109169708,428.2118393737375,32.36180635717468,15.423174,1.2647073,10.623303,0.91469187,12.468284302098375,0.7439122692157033,13.48928450021973,1.2102463047746126,,
1993-10-06,266.9628739591202,431.40911599756754,32.103601096101855,15.522899,1.3385605,10.055893,1.0126802,12.1457355819761,0.8081810582306417,13.151319053853252,1.2745142842665727,,
1993-10-07,265.2261328170596,435.0243951172813,31.834784910617504,15.895438,1.4507568,11.086836,1.0478514,12.908136881595325,0.8518778471626248,13.95016052945581,1.318213178425937,,
1993-10-08,250.6523335851057,421.1985441775475,31.454792268905464,16.032978,1.5039097,13.728899,0.8436402,14.58849867100855,0.7710622313729524,15.710837868373563,1.2374045500027648,,
1993-10-09,262.2771403853652,440.3752007592128,31.046914188788914,15.588741,1.2221403,14.35908,0.94372183,14.818072548281165,0.7469479680865434,15.95138459222077,1.2132914920845144,,
1993-10-10,288.8803491048123,440.3764937654702,30.63292918202852,14.289105,1.0900129,9.7799225,1.0348369,11.566144104975704,0.7595713293334905,12.544025085486586,1.2259033997495947,,
1993-10-11,288.55889118402195,461.5835100566861,30.18925413306204,13.914704,1.0714732,6.7725296,1.4129617,9.51992531606127,0.9621836779713604,10.400004033111054,1.4285147412675643,,
1993-10-12,231.563239506,540.513980495358,29.99353548354153,13.068397,1.148808,5.5924764,1.3460815,7.834672167844471,1.0033754002591815,8.63420154515919,1.4697092303999368,,
1993-10-13,261.849439506,665.725852495358,29.832283057590224,12.815487,1.0176786,6.1575856,1.0916599,8.037074795873506,0.8344996931474701,8.84627832692924,1.3008330193430542,,
1993-10-14,164.481559506,461.2587801953581,29.65803506875685,12.42349,0.96146894,5.791323,1.1349074,7.534648652102047,0.873927955463312,8.31983793094336,1.34026261881196,,
1993-10-15,208.09296735012904,426.77275429493113,29.42155959660892,13.018029,0.91364413,6.4961214,1.5011581,8.633838252725957,1.0526147388744846,9.471565037085412,1.5189468519770473,,
1993-10-16,212.2062039063408,424.6488634849749,29.14223346954169,13.327121,1.0651993,8.196791,1.1318591,9.906265783052904,0.8340083589983391,10.80481025378607,1.300339245705907,,
1993-10-17,234.1419040139284,439.47583601674,28.82330723947283,13.121856,0.9132026,9.781602,1.0538116,10.94263633998139,0.7572559398247793,11.890715780680216,1.2235871960532978,,
1993-10-18,244.12362004976816,439.72334692776855,28.496122371267003,12.644643,0.95324856,10.379168,1.0589519,11.187909938489845,0.7612194547181195,12.147712618771521,1.2275509781748544,,
1993-10-19,256.1332680371789,439.3425728447799,28.15266980117997,12.204711,0.868292,9.038219,1.3801528,10.204390540250715,0.9286571874670927,11.117184355289435,1.3949880546051667,,
1993-10-20,288.827509506,302.530000495358,27.97986789225211,11.959239,0.8374864,7.7862535,2.3016527,9.824399589464132,1.2465161227937807,10.719031135989336,1.71284703266578,,
1993-10-21,471.998959506,373.269650495358,27.8465855457762,12.399207,0.77227384,7.7059293,3.8546138,10.32666099582672,1.7559692088506436,11.245298920681329,2.222300097358861,,
1993-10-22,374.151449506,491.378230495358,27.768295380857104,11.679186,0.8492662,8.825212,0.9734729,10.058928475074305,0.6634837106588805,10.964769700634786,1.1298145746456307,,
1993-10-23,253.245919506,481.562470495358,27.662886511255525,11.094445,0.89136887,8.215227,0.97059506,9.207526950396089,0.7063856283068372,10.072674093447468,1.1727169592288695,,
1993-10-24,226.765539506,429.236750495358,27.53497760135967,11.388738,0.847927,7.67337,1.3973503,8.95769067897515,0.9601505114605745,9.810896502275178,1.4264821367438074,,
1993-10-25,219.2966754334459,420.2623202211335,27.375341085829376,11.5855055,0.8555134,7.8452487,1.2392982,9.127735356535094,0.8655812968561297,9.989068734153836,1.3319127140304838,,
1993-10-26,220.1939784136407,430.5678402767856,27.169837849524587,11.315484,0.80818856,8.400122,1.0632666,9.386573594453585,0.7547767615615163,10.26027855505058,1.2211079254431336,,
1993-10-27,234.8187139499965,429.4808707508951,26.92991383079686,11.122113,0.7907567,8.493134,1.179657,9.42243358117353,0.8122768092110816,10.297852526554506,1.2786079440446398,,
1993-10-28,240.06047583751587,424.8177320395892,26.68481083527925,10.3488655,0.8715246,8.131844,1.0752561,8.93232000914604,0.7556597749979497,9.784313201153532,1.2219914341663436,,
1993-10-29,248.3796446162172,444.2746160915303,26.43981335695576,10.342793,0.88177055,7.4627833,1.2966263,8.495529300488814,0.8897474094225492,9.326645389716834,1.3560797674155776,,
1993-10-30,250.10497224146343,361.89142323832624,26.22654211751245,9.83801,0.953562,6.5764985,1.4668852,7.909382501951358,0.9509282471088292,8.712482777851884,1.417261885778955,,
1993-10-31,439.829739506,334.7825604953579,26.12721979563092,9.048534,1.0610483,4.099745,2.666807,6.909698678352956,1.3005399268264706,7.665017484733676,1.766876656328784,,
1993-11-01,517.030912096,465.6718304953581,26.131948206875204,8.5507555,1.0846217,1.5758348,3.044627,5.245560580413679,1.5515092364755807,5.92133927428441,2.0178536462318286,,
1993-11-02,394.006309506,493.79440049535793,26.15463150102952,8.503008,1.0776507,0.5018934,2.1044805,4.052791204785178,1.2644488394942088,4.6715595997790045,1.7308007026924717,,
1993-11-03,354.016089506,446.1993704953579,26.151802039696147,8.812621,0.9717164,0.060337782,2.0236642,3.932356351011401,1.2075078258151506,4.5453683716807936,1.6738605320299245,,
1993-11-04,346.561989506,414.70846049535794,26.16427149029168,8.910174,0.9564484,0.61924124,2.010108,4.393619030895705,1.17841505675216,5.028677830915975,1.6447646241289253,,
1993-11-05,290.040549506,502.108530495358,26.29859928350263,9.423662,0.8167427,2.448514,1.0768845,5.00242191460809,0.7452227787804054,5.666579411381264,1.2115685758439734,,
1993-11-06,32.315789505999994,684.111430495358,26.82562456196922,8.719533,0.8992037,5.581597,0.63147527,5.723139327895181,0.6043539929285182,6.421744653374248,1.0706958745301116,,
1993-11-07,32.315789505999994,538.535400495358,27.194198144665005,7.678774,0.975025,4.7103796,0.7811989,4.878419899619771,0.739039450960623,5.536650523956186,1.2053859815918007,,
1993-11-08,59.912235266839645,523.5761503466293,27.543304951234383,7.7363105,0.970111,3.3119197,0.76576126,3.7662134654200874,0.6943158436702748,4.371284424089258,1.1606697400728052,,
1993-11-09,49.961350363308966,487.2329052524756,27.83781668753187,7.9594846,0.9515752,3.079239,0.7649301,3.5331224951718667,0.6994102260029162,4.127052502244794,1.165765845395998,,
1993-11-10,64.54629133618727,481.3267993204572,28.0739726425685,7.8670325,0.95839685,2.9725165,0.77431476,3.551264345545459,0.6920975873196353,4.146061471051431,1.1584530703797726,,
1993-11-11,94.942293126297,475.6945809846309,28.172409637675926,8.131572,0.8883927,2.8198462,0.89097816,3.703608548161757,0.7573025105605012,4.305687205790183,1.2236568636307763,,
1993-11-12,118.76987506288978,461.5458509978088,28.23701923207212,8.034543,0.8874133,3.1810741,0.93734974,4.1744056487188175,0.7673123998695771,4.798986798414492,1.233663428626728,,
1993-11-13,125.90182670339362,480.6485548445048,28.300128682031723,7.750145,0.9222524,3.4063768,0.97082436,4.308013961827348,0.7927700085084599,4.938981132172441,1.2591201400290215,,
1993-11-14,169.22972950599998,433.643630495358,28.42610787216961,9.217886,0.7388233,4.0533757,1.6651057,5.503080966955129,1.215524904947648,6.191168255013138,1.6818679190642079,,
1993-11-15,104.38828064468692,451.4330370016905,28.70258773522524,9.724554,0.7131252,6.7164187,1.1407448,7.281373817547024,0.9361328362738807,8.054457425073316,1.4024682831433823,,
1993-11-16,167.92091228962175,448.46068127549006,28.809376548826904,8.273516,0.82353246,7.223863,1.0101043,7.5098201035504655,0.7684040054773338,8.29382266264316,1.2347387423909155,,
1993-11-17,173.26469844789025,388.4409354302215,28.99817591133996,7.719811,0.92918575,5.5924306,1.2796603,6.248646047242193,0.9301926379459087,6.972368797551193,1.3965320391147527,,
1993-11-18,276.5405954422148,123.028649995441,30.71333973220092,7.4246283,0.8877001,3.4317183,2.2554066,6.195198512644714,0.9272067870941637,6.916366653501211,1.3935464261114174,,
1993-11-19,340.7601590325566,148.79882473107537,31.67873849183896,7.2941923,0.85859597,1.5643692,2.1843226,5.55264334184519,0.8932763478257368,6.24309954200244,1.3596191020407904,,
1993-11-20,357.0684181061726,155.2993443322938,32.456846907617425,6.5966954,0.89897734,1.0348996,1.7375071,4.910907773819026,0.8184423036916649,5.570691207487923,1.2847886404318793,,
1993-11-21,355.4098250079339,214.969969288954,32.87947268220562,6.328985,0.9184986,0.02902019,1.722499,3.954596602871329,0.8654517678546029,4.568671631555128,1.3318043171439244,,
1993-11-22,328.9123016087473,280.67352472377735,33.163273316731896,6.940596,0.8814187,-0.21993792,1.66754,3.643648837720363,0.903151680309489,4.242861626151707,1.369506474954356,,
1993-11-23,285.67523691263574,316.5360747107341,33.25408883205272,7.116596,0.84546274,0.6353564,1.2415317,3.709907963852494,0.7659720025954843,4.312287712017462,1.2323263095122423,,
1993-11-24,255.00700856391484,336.8763895007588,33.30285202589884,6.982849,0.8205774,1.2376304,1.2513406,3.712900078756082,0.7951328660907211,4.315422839785408,1.2614871511012433,,
1993-11-25,230.0084796168524,367.2135429980327,33.395053346305,5.266073,0.9635668,1.653062,0.91912645,3.044543195475267,0.6760923115768681,3.615120782147482,1.1424517441219812,,
1993-11-26,262.32071614866067,378.7620846616573,33.37653145551249,5.368854,0.9394731,-0.45750618,1.8257545,1.9265462156188378,1.1451368983915726,2.4436873683354055,1.6115060834212869,,
1993-11-27,243.2231340940244,392.78419279002895,33.265025736055456,5.8481474,0.9673933,-0.5947976,1.0641965,1.8691256964185052,0.7541940826983495,2.383522344599523,1.2205638072072347,,
1993-11-28,2190.276189506,4371.990930495358,35.22626299789671,8.264637,1.2401377,2.5650792,2.714941,4.467410444769832,1.8555359665739481,5.1059962221299555,2.3218850543855933,,
1993-11-29,1166.4674420988,5186.219430495358,37.18975922765082,6.9822917,1.0096523,4.195707,0.63891333,4.7073738872949535,0.5535642473409157,5.357429096933786,1.019911818699752,,
1993-11-30,622.2224420988,3275.8454304953584,38.3593277414908,5.0301895,0.99874425,3.6563025,0.6203627,3.875606833353074,0.5451690824189035,4.48590642106692,1.011522191616979,,
1993-12-01,198.1300320988,2171.6446304953583,39.451380019345926,4.503511,0.73783827,2.7618935,0.5413182,2.9075051273873593,0.4998811117943631,3.4715327628461736,0.9662416628841777,,
1993-12-02,93.8280720988,1765.440330495358,40.37146260023136,4.813198,0.7251705,2.5374103,0.47078976,2.652258004913874,0.4485267703281767,3.2040857004370946,0.9148894620715411,,
1993-12-03,54.9368420988,1684.762830495358,41.353086455933926,5.539982,0.6655756,3.0859027,0.53182083,3.163398456937602,0.5154554884681714,3.7396569188213302,0.9818139682723563,,
1993-12-04,241.9888120988,1693.315830495358,42.257679695126576,4.9269896,0.7505292,3.130177,0.7138003,3.3548489001600523,0.6315586708648024,3.940258038789213,1.0979156499757352,,
1993-12-05,1315.5775420988,4706.750830495358,43.90093688416248,5.6126785,0.87029076,3.926032,0.6378769,4.294479960400625,0.533552793414785,4.924800251741189,0.9999030148926642,,
1993-12-06,997.9222474072,3629.304530495358,45.25525415124604,5.2589674,0.9042758,3.4818788,0.7461702,3.8651312706355436,0.6168861956495937,4.474930162260412,1.0832393796382376,,
1993-12-07,492.6176974072,2606.4512304953582,46.39740391571727,4.758768,0.7152675,3.6201024,0.5813891,3.8011009172091366,0.5020178637111291,4.407839376817036,0.9683715075741298,,
1993-12-08,227.8944074072,2096.592930495358,47.38487541477574,4.3305507,0.631487,3.3958254,0.5457112,3.4874665240065315,0.49608772704957305,4.079214331724885,0.9624436912050809,,
1993-12-09,129.7065974072,1750.018030495358,47.889178133643576,4.1533074,0.6274896,3.0739703,0.4985753,3.148447793540824,0.4661872230925524,3.7239916648204727,0.9325458218526592,,
1993-12-10,228.1283574072,1719.5628304953582,48.741015434040754,4.1542068,0.6334166,2.921227,0.520848,3.0656429167291854,0.4657887823127693,3.637228997951549,0.9321480445436487,,
1993-12-11,149.0982524072,2251.770630495358,49.63011243075069,2.8937244,0.68387556,3.025846,0.6382883,3.0176410190815934,0.6001540600086545,3.58693277368268,1.0665137104430493,,
1993-12-12,121.0761874072,1513.953830495358,50.082435436543726,1.8654116,0.7011339,0.70504045,0.43107477,0.7909675127410224,0.40251567661570636,1.2538318852416341,0.8688962306657586,,
1993-12-13,187.7083874072,1213.3183304953582,50.76037778961863,2.5357437,0.65804994,-0.09129059,0.4013944,0.2606772651671261,0.35862220688282903,0.6981955765402335,0.8250085750640568,,
1993-12-14,77.0371334072,1126.784930495358,51.40591160842632,4.0228343,0.5671694,0.5853044,0.49120435,0.8052849389636512,0.4612007202548556,1.2688336354960315,0.927581121785628,,
1993-12-15,89.7162034072,1074.7865304953582,52.038138175405365,4.8284345,0.5273516,1.4641868,0.61169964,1.723376843891022,0.5660327554819323,2.230807195138754,1.0324038662656414,,
1993-12-16,58.5800034072,990.181030495358,52.39750984044432,4.329771,0.57292503,2.3055944,0.62878656,2.418657638034749,0.594526711038165,2.9593200345440542,1.0608914271861163,,
1993-12-17,38.7789474072,847.697370495358,52.4447576962388,3.591741,0.611124,1.5638313,0.59063256,1.6525423351277495,0.5654276554338701,2.156587038992252,1.0317994487239601,,
1993-12-18,50.1834454072,753.7923304953581,52.37778061029748,3.489747,0.5876511,0.893237,0.5996736,1.055308818775212,0.5634377985779521,1.5308078020987077,1.0298155744640298,,
1993-12-19,57.4151794072,759.420530495358,52.30053386918374,3.4921932,0.57988065,1.0828022,0.6116114,1.252157675343255,0.5700803909455593,1.7370653611165496,1.0364561499002884,,
1993-12-20,68.82102140719999,746.6497704953581,52.33116767856517,3.5970569,0.5471668,1.6920701,0.69480693,1.8528399964759916,0.6378429967838721,2.366458243869637,1.1042128749870075,,
1993-12-21,550.5938874072,950.351980495358,52.633464051608506,3.3986301,0.6738043,-0.7313907,1.7824737,0.7836301047446861,1.1553558268846886,1.2461437742247474,1.6217364591888028,,
1993-12-22,518.9287474072,1029.608870495358,53.08394721210898,2.6407828,0.62423927,-0.022868454,1.1543097,0.8697448151218787,0.7954878863779096,1.3363744733895588,1.261867604139927,,
1993-12-23,377.6904774072,812.6970304953579,53.43772069653841,1.9748409,0.66975784,-1.1787771,1.000876,-0.17818571828604893,0.7155949553668611,0.2383564426560568,1.1819863784186126,,
1993-12-24,320.6009074072,680.960430495358,53.70017202840776,1.7500913,0.6835703,-1.8102416,0.804354,-0.6705750280010089,0.5890293573717825,-0.2775673929146251,1.0554267139469165,,
1993-12-25,276.8830874072,635.352100495358,53.94324375735129,1.9042351,0.64912486,-1.6220139,0.6588096,-0.5517211586086448,0.4993580654386135,-0.15303271484693365,0.9657539643893414,,
1993-12-26,247.6638774072,629.3472804953581,54.176020961738914,1.4624704,0.7237063,-1.2266456,0.44751856,-0.46725172069396687,0.3806565712455703,-0.06452592654426276,0.8470514440805794,,
1993-12-27,221.9189974072,585.6599304953581,53.98813424158907,1.2636365,0.7499552,-1.0177261,0.34758306,-0.39081806912901845,0.3255908632776637,0.015560992290123032,0.7919848146443131,,
1993-12-28,179.1548974072,592.338130495358,53.73238105816775,1.3475227,0.7263621,-0.8848413,0.36156672,-0.3664452526681064,0.3248311427258187,0.04109874606356151,0.7912248016633381,,
1993-12-29,155.3289774072,560.952330495358,53.47588781205052,1.2936388,0.73890764,-0.74858725,0.3593606,-0.305720901219175,0.32385054790147355,0.1047255139359407,0.7902434812120949,,
1993-12-30,138.4646774072,544.3573304953579,53.21796677073996,1.3737425,0.7189962,-0.7163724,0.38452694,-0.292532669308702,0.3394576047727242,0.11854409825001883,0.8058503810475357,,
1993-12-31,127.4786074072,502.098430495358,52.94962227070423,1.5662532,0.69046295,-0.8080076,0.43944985,-0.3272603024507035,0.37732523959229497,0.08215660295430488,0.8437184298059457,,
1994-01-01,115.4625174072,488.9010504953581,52.9002964959419,2.8329587,0.64536196,-0.64364207,0.2931643,0.020555937732106077,0.26729120400326806,0.4465972704675148,0.7336803106459073,,
1994-01-02,114.5350074072,464.815600495358,52.86275532446631,3.0440345,0.72191757,-0.73577046,0.33581024,0.011479960009212429,0.3048888485652452,0.4370874920341446,0.7712780600077572,,
1994-01-03,110.1956874072,469.9847604953581,52.82907198951731,2.3208852,0.76247865,-0.4663216,0.3051114,0.06306227389839938,0.28646330816388965,0.49113526420191567,0.7528519252413768,,
1994-01-04,149.8204674072,433.842730495358,52.65982544273383,1.7185951,0.74876577,-0.46414697,0.25153142,0.09614095744642755,0.26813673627914186,0.5257949957497166,0.7345249738034537,,
1994-01-05,178.5031574072,413.965590495358,52.46776140337076,1.3571767,0.7625698,-0.67441225,0.27453947,-0.06232083366161624,0.2993037270958543,0.359759272701243,0.7656937942091082,,
1994-01-06,176.2702774072,412.852160495358,52.266221543736016,1.1551687,0.7013293,-0.54349947,0.24720138,-0.035244000477827955,0.27211255519354766,0.3881302859536925,0.7385023076458226,,
1994-01-07,169.2956574072,414.726330495358,52.06433726403856,1.4624667,0.744014,-0.58956707,0.255456,0.005274251256710537,0.2818207301429054,0.4305851716164273,0.7482100132966483,,
1994-01-08,153.1984374072,417.3859704953581,51.8621465475595,1.3238754,0.72181773,-0.47842848,0.25303775,0.005479136897393292,0.2679951001782324,0.43079985009036814,0.7343843809636781,,
1994-01-09,143.5775314072,424.451830495358,51.65948048102818,1.1684706,0.6777595,-0.46040142,0.25226152,-0.04868075184747835,0.2547156903160376,0.37405130379980955,0.7211055988125712,,
1994-01-10,138.39338702970167,417.5038612953106,51.44657166254024,1.0130743,0.6271683,-0.46343815,0.2516694,-0.09585303374120491,0.24516392666980868,0.32462434808194174,0.7115543846239619,,
1994-01-11,156.08384789327363,403.0856321239495,51.19859177103524,1.2932917,0.7768796,-0.6895337,0.26858157,-0.13605747661894577,0.2907078478528035,0.2824982702666576,0.7570987761121835,,
1994-01-12,140.91147135985625,420.2842197282681,50.890852668145705,1.7366843,0.81402135,-0.7770636,0.3593131,-0.14588285403455412,0.33791669386088263,0.27220327339695566,0.8043077373369873,,
1994-01-13,142.9149711889915,406.4612491151056,50.55764925984049,1.8985109,0.7972113,-0.92162204,0.45057225,-0.18799140849969734,0.39260456155965784,0.22808207396927116,0.8589961000694706,,
1994-01-14,114.98567702298756,388.3660356823253,50.37676073557783,1.6070175,0.7912087,-0.6507126,0.3586776,-0.13495668641594769,0.3305359797538005,0.28365167447849593,0.796926895111703,,
1994-01-15,162.288375898909,412.3900150346974,50.13465784467367,0.9300649,0.61148655,-0.46122718,0.25210035,-0.068328231805066,0.250093873470551,0.3534647414617996,0.7164840105096428,,
1994-01-16,150.2925053290125,391.8950715723714,49.90248610379029,0.8352869,0.5652702,-0.39428222,0.2655042,-0.053449945360280346,0.24775084623604732,0.36905415913976813,0.714140810168021,,
1994-01-17,131.52616790027304,381.8442753663568,49.683971126155335,1.1603736,0.6497153,-0.5766604,0.28372568,-0.13163005899319105,0.26878228434941576,0.2871373033205533,0.7351731607270109,,
1994-01-18,96.7005513952,365.634760495358,49.49386110620594,1.1708534,0.69043404,-0.39525497,0.26503804,-0.0676928372947922,0.2545340602078033,0.354130505657677,0.7209241898489809,,
1994-01-19,87.27668839520001,373.88168049535807,49.30355190130356,0.8584309,0.58309305,-0.3546586,0.27377108,-0.1250749212020873,0.2478778721784478,0.2940057542904543,0.7142686717821616,,
1994-01-20,96.6927003952,357.91186049535804,49.11384813004799,0.8692871,0.5916458,-0.32731998,0.27962446,-0.0728061070683327,0.2535777433940648,0.3487728390677996,0.7199679325822596,,
1994-01-21,107.61917154890656,350.0138784474058,48.90338433773317,0.9228385,0.6253895,-0.38720417,0.2669624,-0.07912828313329417,0.25163437362838614,0.3421484845982107,0.7180246364833489,,
1994-01-22,134.69418352317055,358.1114730294665,48.65797632705444,1.210808,0.7217161,-0.5277786,0.26695183,-0.052586208143014936,0.27666414013905427,0.36995918004348083,0.7430540940293198,,
1994-01-23,114.16640173814622,365.07108370426977,48.43817887936947,1.322369,0.76531816,-0.55858946,0.28850466,-0.11049793140557566,0.2855541448401815,0.30927947437029235,0.7519447738940503,,
1994-01-24,85.48397187343195,374.9241778486989,48.24289674920247,2.0418956,0.7984918,-0.64045966,0.3445335,-0.14242680510437633,0.3173262846533301,0.27582450965208366,0.7837172875896914,,
1994-01-25,112.7988037001783,377.0689737259132,48.01285378431579,1.9024866,0.74749774,-0.78071666,0.4569294,-0.16287215491949492,0.39157294915250057,0.2544019420047344,0.8579641921130985,,
1994-01-26,118.73720992266708,395.0504433155117,47.79348234166266,1.1874213,0.77576166,-0.43210733,0.2908405,-0.05783147391393541,0.28661855551090093,0.3644632084987544,0.7530085703951533,,
1994-01-27,129.03128633862713,428.81992116924175,47.57326311801062,1.0705904,0.7105797,-0.40970397,0.2623546,-0.06731108605025213,0.2601632467962225,0.35453050330675473,0.7265533719928828,,
1994-01-28,64.22431350599999,88.24131649535806,47.53084740805102,1.8296238,0.82803917,-0.9374751,0.45098022,0.22813205839041073,0.43564762668327,0.6640948201298149,0.9020343621639446,,
1994-01-29,35.5473683952,464.5894304953581,48.05851375173798,2.262052,0.7749271,-0.6066195,0.4819557,-0.4027278137570459,0.4510758197314697,0.0030820025803011686,0.9174699142402505,,
1994-01-30,35.5473683952,1362.546330495358,48.94946003272902,1.700885,0.75119954,0.19959134,0.33369568,0.23776262925289524,0.32577165158807214,0.6741856993590667,0.7921582782536676,,
1994-01-31,35.5473683952,1134.913030495358,49.4559223638768,1.417321,0.75797004,-0.035208523,0.28172562,0.008905400559112969,0.2741377106020091,0.4343898774430216,0.7405269517899812,,
1994-02-01,35.5473683952,898.7413304953579,49.963217562996206,1.3041105,0.743958,-0.10595769,0.27084914,-0.05230808766822569,0.2620770772438523,0.37025059372625774,0.7284670279009031,,
1994-02-02,35.5473683952,880.751580495358,50.40640556253359,1.2191752,0.70546037,-0.12506622,0.26869482,-0.0729170332619217,0.2597169328135899,0.34865661098133927,0.7261071232939162,,
1994-02-03,35.5473683952,832.341000495358,50.78879789853911,1.3598546,0.7502603,-0.1373586,0.26885694,-0.07603506408466898,0.25966966830690025,0.3453895489437198,0.7260598951135868,,
1994-02-04,35.5473683952,784.184560495358,51.114427434126654,1.4194977,0.76125205,-0.12525088,0.27216187,-0.05826343068923905,0.26244411566239684,0.3640106056661616,0.7288341355710122,,
1994-02-05,35.5473683952,752.919830495358,51.38522298570604,2.114976,0.7731615,-0.13765973,0.28758252,-0.0361015791199631,0.27682049394092345,0.38723171798394923,0.7432102563463006,,
1994-02-06,35.5473683952,732.606990495358,51.636702678033394,2.1253746,0.69638985,0.0017809272,0.3047361,0.10005305719908747,0.2924152585684929,0.5298940804977096,0.758803451287112,,
1994-02-07,35.5473683952,689.783530495358,51.85961658143703,1.6020622,0.75438714,-0.08174181,0.28995615,0.0007788747634752411,0.27821332139956784,0.42587493149349115,0.7446026565279773,,
1994-02-08,35.5473683952,677.179070495358,52.01675921002352,1.2308483,0.7544,-0.21564162,0.27454862,-0.14349765394624453,0.2635550621222818,0.2747024778960878,0.7299460776183295,,
1994-02-09,35.7011162052,641.518230495358,52.14536110715756,1.1495358,0.70180064,-0.25419223,0.2677947,-0.18019160538958168,0.2563609787804826,0.23625468100575722,0.7227524254418045,,
1994-02-10,45.3432423952,621.294670495358,52.25540302519024,1.0656989,0.68516374,-0.23258501,0.2725069,-0.14427860353658556,0.25821198323133576,0.27388420158487115,0.7246030078877495,,
1994-02-11,39.2142263952,610.826330495358,52.36538992754895,1.2374239,0.7381064,-0.26227736,0.26676762,-0.17180666383220047,0.25459855208985493,0.24504039410709244,0.7209899000898249,,
1994-02-12,35.5473683952,598.669670495358,52.41870086153661,1.920516,0.69331247,-0.2505691,0.27361238,-0.12888148432022997,0.26118361429522197,0.2900172504673495,0.7275744584754843,,
1994-02-13,45.5686243952,573.873030495358,52.44266344270078,2.177651,0.6935265,-0.18507332,0.2892448,-0.011261799223430489,0.27278030941778025,0.4132587544489963,0.7391697838719378,,
1994-02-14,47.3576593952,557.066730495358,52.45767806529869,1.2950304,0.767373,-0.2009533,0.28674254,-0.08374048902672918,0.271028965907739,0.33731583102910667,0.7374192825335186,,
1994-02-15,55.7686343952,540.284970495358,52.43751690024789,1.5622194,0.7258181,-0.31945848,0.28133073,-0.14340283445899912,0.26389600811426,0.27480182943069936,0.7302870224981436,,
1994-02-16,58.3853863952,537.614400495358,52.40851050771976,1.7603441,0.7116233,-0.27707183,0.2831413,-0.07748230030525718,0.2647471761926738,0.34387313977891704,0.7311374198640433,,
1994-02-17,63.2770763952,531.175190495358,52.36997938164932,2.1968822,0.69635916,-0.29402757,0.28692192,-0.028880137207313413,0.2668806506639065,0.3947983201347593,0.7332703292831266,,
1994-02-18,55.7815373952,532.491660495358,52.33131803614314,3.0363073,0.7093762,-0.3866341,0.34603098,-0.06206223396164236,0.3203607100349617,0.3600302325828968,0.7867507741390534,,
1994-02-19,65.66320950599999,551.680930495358,52.31402287999754,3.6203914,0.7771323,-0.42926514,0.50448936,0.0014726377134175277,0.45834488833728865,0.42660185394093064,0.9247342154430384,,
1994-02-20,101.03891950599998,685.092890495358,52.37656676251442,4.5578604,0.8567239,-0.08566594,0.9136067,0.5111511264160552,0.8037620115054859,0.9606412321547995,1.2701455934093682,,
1994-02-21,32.315789505999994,1872.5989304953584,53.06125244043491,4.3043337,0.86497825,2.4326432,0.9186947,2.4643953349260315,0.9032287573785694,3.0072438370002446,1.3695930722461154,,
1994-02-22,86.30010950599998,2717.180130495358,53.88016793762003,2.8546913,0.7781659,1.3982452,0.53990114,1.4430792941260628,0.5238292472007223,1.9371123806442707,0.9902030922820255,,
1994-02-23,47.37472339520001,2288.914130495358,54.50490285678411,1.9142,0.7654823,0.3403782,0.3643797,0.3722917874570004,0.3573281933698332,0.8151448914604063,0.8237133110879231,,
1994-02-24,37.364730895200005,1932.986830495358,54.98040594005067,2.2927523,0.778591,0.13195807,0.3312958,0.1729342542710121,0.32534846647016763,0.6062587496577633,0.7917358276722866,,
1994-02-25,46.901246395200005,1650.973030495358,55.32828488663704,1.7668601,0.749187,0.11800969,0.31207868,0.16355672246307143,0.3041628365777474,0.5964330038848918,0.7705503044296067,,
1994-02-26,35.5473683952,1297.304230495358,55.57463138821,1.3958483,0.76484036,-0.050553262,0.2733825,-0.01197749858015765,0.2668720728502783,0.4125088471095134,0.7332615555911972,,
1994-02-27,35.5473683952,1080.415230495358,55.74981552668882,1.3436122,0.767111,-0.113433,0.26814353,-0.0670209440474304,0.2607496668419797,0.35483451310551056,0.7271397886607895,,
1994-02-28,35.5473683952,1029.995290495358,55.88196922185943,1.722586,0.7562313,-0.110913396,0.27389282,-0.049746365914316214,0.2659548191296484,0.37293475702319634,0.7323447400102516,,
1994-03-01,35.5473683952,946.632680495358,56.33829712531914,2.6761093,0.6986421,-0.08526945,0.28473938,0.014671235245818723,0.2755963954702545,0.44043129931823205,0.7419855700525309,,
1994-03-02,35.5473683952,874.710380495358,56.76109894727418,2.6066747,0.7283293,-0.0886724,0.2898702,0.016586243310412058,0.27999857129362665,0.44243783822218535,0.746387723762546,,
1994-03-03,35.5473683952,857.424030495358,57.17633591029504,3.179645,0.72953326,-0.22339427,0.294207,-0.0879262260174254,0.28398405609207283,0.3329300301184812,0.7503744215377881,,
1994-03-04,35.5473683952,821.946530495358,57.57180683360848,3.662075,0.7952962,-0.14922702,0.29763153,0.00877032096768987,0.2871918855233334,0.434248341508875,0.7535811282721718,,
1994-03-05,36.6293181952,791.162430495358,57.93854585514553,3.7338028,0.80336106,-0.11092365,0.3095268,0.05920332969268983,0.2979585721917947,0.487091875654314,0.76434723362927,,
1994-03-06,35.5473683952,747.793830495358,58.29486878472856,3.228508,0.8071141,-0.051925004,0.30853203,0.09693830211796695,0.2967996781575511,0.5266304507709691,0.7631879065483702,,
1994-03-07,35.5473683952,726.075070495358,58.70901148442653,3.8606906,0.7923888,-0.17979556,0.30868298,0.008786918836260151,0.29659060639612395,0.43426573269882596,0.7629798489531703,,
1994-03-08,35.5473683952,980.920230495358,59.55680747566056,4.0132027,0.76601607,0.13087547,0.36428753,0.26664616603487085,0.35256706133604854,0.7044497704657895,0.8189533622847398,,
1994-03-09,35.5473683952,1252.880930495358,60.36306620461664,3.4110708,0.8050999,0.14651966,0.33992574,0.23658769416979536,0.33129276878031794,0.6729546063953092,0.7976794087157348,,
1994-03-10,35.5473683952,3075.867930495358,61.85817524831084,3.7199297,0.8064212,0.11249125,0.37081817,0.153705594975125,0.3666973931419008,0.5861110261774163,0.8330849731379473,,
1994-03-11,35.5473683952,4369.602190495359,63.58404069522047,3.689485,0.7889133,0.18617839,0.40595925,0.21444833067865895,0.40273367486485695,0.6497570570089246,0.8691205651393005,,
1994-03-12,35.5473683952,3169.592360495358,64.75793425791069,3.8467546,0.8283253,0.20935965,0.39152297,0.24970104360678716,0.38728967115096236,0.6866947291096467,0.8536761630725409,,
1994-03-13,35.5473683952,2475.722930495358,65.59612752872385,4.486504,0.8607617,0.30649638,0.45334455,0.36566495215826655,0.44709345471816814,0.8082013160870961,0.9134786462816598,,
1994-03-14,38.7789474072,2088.035530495358,66.28207545680715,4.8099523,0.89934814,1.1924552,0.66357344,1.2584142539356435,0.6516806121128487,1.7436209827786102,1.1180563076886156,,
1994-03-15,38.7789474072,1934.723330495358,66.81749684361563,4.6107583,0.87920654,1.8957958,0.71861416,1.9491443226740115,0.7047053184581947,2.4673655876600518,1.171074292207297,,
1994-03-16,38.7789474072,1932.438330495358,67.30762317295284,3.44521,0.80271435,1.6004345,0.6175092,1.6367260507622905,0.6055671076951978,2.1400147902993876,1.071939054162301,,
1994-03-17,38.7789474072,1683.631430495358,67.69910652423363,2.9925773,0.788858,0.2592309,0.32850736,0.3207704250519484,0.32160202432150914,0.7611609840493596,0.7879877174845,,
1994-03-18,38.7789474072,1525.0157304953582,68.00642926945382,3.357854,0.82092446,0.06710893,0.30321017,0.1487127532075183,0.29639110799392687,0.5808795436404938,0.7627787448703223,,
1994-03-19,38.7789474072,1361.161930495358,68.24191962177953,3.934946,0.82667637,0.1522935,0.32915926,0.2570745600269083,0.32085960275278413,0.6944206744095447,0.7872460115338945,,
1994-03-20,38.7789474072,1166.958930495358,68.48717503130861,4.0235505,0.8435555,0.28141809,0.34529558,0.4017725660939554,0.33528962779942756,0.8460347505412074,0.801674417610295,,
1994-03-21,38.7789474072,1084.019030495358,68.72689305986313,4.404687,0.9336072,0.2934116,0.39544532,0.4354059270406832,0.38314674949535316,0.8812756711712959,0.8495311664244305,,
1994-03-22,38.7789474072,2787.055830495358,69.54213702572581,5.0517917,0.94683313,0.7818444,0.54449755,0.8404408894941141,0.5371825760080563,1.3056699202872455,1.0035626040273138,,
1994-03-23,38.7789474072,4147.216180495359,70.69618702011078,6.791915,1.1832511,1.2697544,1.2604411,1.3209115579059252,1.248812458726787,1.8091054442423253,1.7151875236633163,,
1994-03-24,38.7789474072,6408.707130495359,72.652984108191,7.8707952,1.2771149,2.5010319,1.6207198,2.5333287691540036,1.6109901318135456,3.0794720537471574,2.077353846412149,,
1994-03-25,38.7789474072,7413.899030495359,75.55782445645931,6.2960157,1.1341343,2.6350527,1.8920735,2.654101980338554,1.8822376418678959,3.20601781158376,2.3486003178794173,,
1994-03-26,38.7789474072,6393.950050495359,77.54541781552558,5.200526,0.95294476,2.0993552,1.235531,2.1180502641885917,1.2280961715082748,2.644344655802952,1.694463584568148,,
1994-03-27,38.7789474072,5962.822630495359,79.25859865896938,4.95925,0.94989836,2.017264,1.2654523,2.036273335731781,1.2572905898461888,2.5586590697063514,1.7236587544502555,,
1994-03-28,38.7789474072,6656.257160495358,81.30765181171307,4.859318,0.8635037,2.430192,0.872024,2.4442619613096546,0.866987500043502,2.9861481569475,1.333351991256773,,
1994-03-29,38.7789474072,5914.776350495359,82.86105627062186,4.729864,0.8809896,2.8294759,1.0391363,2.8418542068965795,1.0323837203330288,3.4027439527723793,1.4987448148933438,,
1994-03-30,38.7789474072,4827.097430495358,84.0372431746717,4.691711,0.85189414,3.3569021,0.7068349,3.3675399762487364,0.7012345986997711,3.953555704932663,1.1675914798124944,,
1994-03-31,38.7789474072,4157.910710495358,85.02004805155335,4.9304347,0.9096458,3.7301936,0.67989457,3.7412842816173044,0.6736645243185168,4.345163710516854,1.1400186020284029,,
1994-04-01,241.6943974072,4614.278830495359,86.3199712869695,5.5022287,1.0259944,4.2621136,0.6356666,4.3238373232605305,0.6061826509479924,4.955560796192674,1.0725326775600286,,
1994-04-02,467.3555174072,5215.891630495359,87.82203990470796,6.169345,1.1635351,4.953713,0.6399231,5.053679084518616,0.5950428843406843,5.720286498799643,1.0613883833154887,,
1994-04-03,613.9620474072,5293.749770495359,90.09295073770244,5.474642,1.115448,4.6995387,0.63890713,4.780091702886494,0.5841267813827068,5.433622575537185,1.050473906202056,,
1994-04-04,791.7655774072,5204.178930495358,92.9292287598296,5.155464,1.0359759,4.7337832,0.6315479,4.7894662892553965,0.5649645861896228,5.4434452350891,1.0313116538823648,,
1994-04-05,1142.9159474071998,4410.130930495358,95.33236084060307,5.862932,1.0734923,5.376518,0.68066084,5.476630525944268,0.583978354620678,6.163453573338266,1.0503215085911717,,
1994-04-06,758.4481474072,4019.771130495358,97.91337261403643,5.0286827,0.88271475,5.4441857,0.6838892,5.378232816763419,0.5921507305502061,6.060352790014315,1.0584944118132422,,
1994-04-07,2470.647836215773,3751.901230495358,100.0,4.011628,0.8991239,3.2958417,2.0029905,3.5800429500471203,1.259366552593615,4.1762155944735335,1.7257218201594986,,
1994-04-08,2844.298814582913,4395.874330495358,100.0,3.9661665,0.81230617,4.7288804,1.448035,4.429248583895129,0.9352981610485668,5.066010354755238,1.4016474960939156,,
1994-04-09,2422.547311776896,3731.2174304953583,100.0,3.2034502,0.6595662,6.322274,0.85374004,5.094489424938559,0.579119148877125,5.76304743398849,1.045464412665813,,
1994-04-10,3145.922782117417,2617.153930495358,100.0,3.2116613,0.5480622,7.7548366,1.42417,5.274828198829194,0.712594569485526,5.952005784813838,1.1789388168048727,,
1994-04-11,2983.2772726009143,2730.004230495358,100.0,3.2847352,0.4380287,8.973528,1.6071874,6.003037835717074,0.8013065386160387,6.715021353084844,1.267647059762519,,
1994-04-12,2897.479828778969,2805.389530495358,100.0,3.210905,0.53001565,7.712342,1.3976156,5.425278686646166,0.7383792939844658,6.109647291659197,1.2047227217571095,,
1994-04-13,4491.68777116193,6426.43456200818,100.0,3.1984081,0.44520783,6.946551,1.3629154,5.404574460145488,0.8228585943275522,6.087953473905644,1.2892021333458832,,
1994-04-14,4363.033550689942,9918.883886093156,100.0,3.185505,0.4214965,6.6910763,0.9346926,5.620146863985104,0.6617976247189428,6.313829501751395,1.1281400294693449,,
1994-04-15,2975.6926592586296,7544.822749055601,100.0,3.4900503,0.3569202,7.4504843,0.9349419,6.3302887526193805,0.6780541877586108,7.057913745163783,1.144393231914006,,
1994-04-16,3426.5275997344547,7334.15898411726,100.0,2.9871292,0.42325526,7.302761,0.9657657,5.928533552018963,0.6718932426316189,6.636956019306116,1.1382341171575034,,
1994-04-17,2615.6090026123616,6853.01793537361,100.0,3.323028,0.42419857,6.245239,0.80764705,5.438008688677854,0.5961726046379379,6.122985744272665,1.0625159642545121,,
1994-04-18,1589.3561612422684,5186.637992288811,100.0,3.523559,0.3631629,6.374573,0.7557532,5.7058482020338595,0.5847240352298531,6.403627070803513,1.0510660038140769,,
1994-04-19,1403.1251711459777,3913.6138443812624,100.0,3.610649,0.387804,7.2559385,0.9028773,6.293920772862979,0.6724355548721703,7.019807500292745,1.1387747571186468,,
1994-04-20,1014.742092204886,3019.309009812688,100.0,3.6797261,0.47160596,8.051619,0.8802667,6.951894457120825,0.6694356916979503,7.709230077487596,1.135772267634187,,
1994-04-21,774.674029967353,2472.464591488509,100.0,4.0260596,0.62548023,7.5048785,0.8466883,6.674932231055191,0.6617369991176006,7.419030003764031,1.128074620205639,,
1994-04-22,970.2706972976,1786.7273077714813,99.91868907448924,4.3906546,0.88709414,8.369784,0.9836309,6.96940864574897,0.7098049148686868,7.7275813844629075,1.1761414276623443,,
1994-04-23,462.2085376564463,1660.9178598339224,100.0,4.774897,1.0038676,7.730046,0.8677852,7.086704466650367,0.7131770381300937,7.850483544647686,1.1795131370887684,,
1994-04-24,375.1169659799488,1378.9711738897936,100.0,5.146777,1.0756705,9.06399,0.98641455,8.226282097940318,0.8088665492390738,9.04452909126204,1.2751994467171535,,
1994-04-25,969.4736841976,1198.316300495358,99.60874896451163,5.8916664,1.0328332,12.403927,1.5251122,9.491529816947791,0.9612985055415402,10.370251326205109,1.427629588551697,,
1994-04-26,176.78403168360254,918.279350373996,100.0,6.3652744,1.207828,11.959217,1.1071866,11.056146300014124,0.9486998006400481,12.009651128788127,1.4150311719854565,,
1994-04-27,1095.0129741976,1033.438190495358,99.50554332763367,8.1104355,1.2574478,16.39021,1.790272,12.130557960220484,1.0835471602554876,13.135415993659823,1.549880351130474,,
1994-04-28,109.9793974072,663.5997804953581,99.909873576367,7.345903,1.4790864,13.6188755,1.1184185,12.72704986445608,0.9821874695706154,13.760418171912308,1.4485222405957205,,
1994-04-29,263.01752695517337,819.0267822373655,100.0,6.937604,1.6851342,12.510723,1.0721463,11.156039200091906,0.9090498848608062,12.11431856802283,1.3753813697044475,,
1994-04-30,1085.7138881976,1032.200700495358,99.3594419782859,7.961403,1.3203558,15.539337,1.7865723,11.654634479713676,1.1028522601866126,12.63674499764782,1.5691844821867011,,
1994-05-01,818.799781544457,978.887444017642,100.0,7.915724,1.3724208,14.0533905,1.6278509,11.257842932945477,1.08465207021526,12.22098817130815,1.5509836824710503,,
1994-05-02,919.4758989240316,1079.4779241142903,100.0,7.4104414,1.1904129,12.36714,1.6069362,10.08716482098927,1.026093995999607,10.994355647363369,1.4924248587051068,,
1994-05-03,713.7354509802649,861.209530495358,100.0,7.785227,1.2553016,12.1517315,1.5961455,10.172913680989002,1.041828852196091,11.084203009753272,1.5081597166003629,,
1994-05-04,384.1438535805642,791.4175305545104,100.0,7.823347,1.5614214,12.044378,1.33905,10.665051595622923,1.0358610399984212,11.599863434417394,1.5021920767977914,,
1994-05-05,524.3641906551204,791.441530495358,100.0,8.0872755,1.6310989,13.121046,1.4115672,11.115028776764488,1.069292496875191,12.07134798664748,1.5356239337418311,,
1994-05-06,258.6158780744192,629.8948923605708,100.0,7.9283504,1.837612,13.171661,1.1890486,11.645508284754582,0.9983278829428702,12.627182601766018,1.4646600888955774,,
1994-05-07,449.9686656760345,778.096430495358,100.0,7.878769,1.5552738,14.029565,1.2175078,11.775885106255597,0.9590667937043342,12.763790989663914,1.4253992379504319,,
1994-05-08,1072.9228681589295,972.4905908249882,100.0,8.804275,1.5624586,14.952583,1.8558338,11.727484234042063,1.204274031023571,12.713076721208676,1.6706063845369616,,
1994-05-09,829.7132519192191,1129.790211089795,100.0,9.071722,1.3625131,12.822598,1.7099824,11.23436351093694,1.142319375095235,12.196386513187994,1.608650956913721,,
1994-05-10,667.7223862340848,905.7343023068728,100.0,9.57311,1.4986798,13.504762,1.568935,11.836300072141809,1.1045945912640223,12.827093584401256,1.5709271525241775,,
1994-05-11,643.1405937036,763.892330495358,99.97183605116804,9.776201,1.7351078,14.2370205,1.6197741,12.198024895580469,1.1842034363087024,13.206107617905833,1.6505367854971436,,
1994-05-12,641.3505496185257,750.0863739978081,100.0,9.298679,1.6745892,13.7802925,1.5541407,11.714596959838193,1.1391549410721444,12.699573479350805,1.6054872708786312,,
1994-05-13,590.0486392418316,815.176116081027,100.0,8.996664,1.5208343,13.52406,1.4723823,11.623023452025294,1.0664643722404754,12.603623070892825,1.5327965390626261,,
1994-05-14,509.2226477036,741.347870495358,99.96437728535552,9.45955,1.7279906,14.266233,1.4548091,12.308989063775021,1.1130404930277749,13.322375494028051,1.579374113920324,,
1994-05-15,301.06480741088615,593.727254953797,100.0,9.660021,2.0692477,13.262575,1.2468308,12.050447361924954,1.0812889140702202,13.051476382610147,1.5476219237240447,,
1994-05-16,874.2208950901806,1001.7857386184106,100.0,10.699191,1.694564,15.231954,1.6159719,13.119681924856538,1.1697093815076498,14.171816702654354,1.6360454147381345,,
1994-05-17,617.847246006635,1328.5627238209763,100.0,10.092258,1.4839505,12.99258,1.3021078,12.071933703426291,1.0058919836312126,13.073989697787864,1.472225041169735,,
1994-05-18,516.973740833634,835.920130495358,100.0,10.302018,1.3664596,12.111408,1.263677,11.419996163610564,0.9393027479860973,12.390891772105938,1.4056345876618577,,
1994-05-19,283.43777011061326,720.5548478012546,100.0,10.2864275,1.3124319,11.311669,1.0775717,11.022232695340687,0.8575364057804699,11.974116569739158,1.323867741188414,,
1994-05-20,442.1986242934822,782.939370495358,100.0,11.21068,1.2451438,12.01293,1.1227776,11.723367591677265,0.8466519721250222,12.70876331741088,1.3129843180449574,,
1994-05-21,173.12879758270958,584.4030804953579,100.0,12.05131,1.3725373,13.6410885,1.0589439,13.277755248702027,0.8750836265296806,14.33744539103303,1.3414202177054035,,
1994-05-22,198.95256336570304,524.3732281958531,100.0,13.498861,1.9730781,17.36272,1.1466426,16.299956384248343,0.9927282327494557,17.504097409980698,1.4590809875921595,,
1994-05-23,402.0553657036,628.130310495358,99.89976651069482,13.529494,2.5608554,22.66531,1.2969826,19.09983256038589,1.274458297279907,20.437798096439714,1.7408353478228142,,
1994-05-24,109.6318482964,477.3786304953581,99.92920638673604,12.255038,2.8997529,21.042446,1.172217,19.401283326127164,1.0963834217639692,20.753657178325525,1.5627636226479384,,
1994-05-25,111.0391242964,430.387150495358,99.96366840609136,11.599466,2.8451273,20.444685,1.2624635,18.630651604584767,1.1608531163510825,19.94619189476616,1.627225470386945,,
1994-05-26,265.99429388548504,328.511630495358,100.0,11.377527,3.0131567,24.284824,1.596902,18.50983164807724,1.6112607983001879,19.81959715733993,2.077631983682151,,
1994-05-27,222.4409864656504,400.062200495358,100.0,10.364276,2.9532695,20.867374,1.1449075,17.11426979753785,1.286488644240335,18.357332220834298,1.75284754073793,,
1994-05-28,143.0655782964,408.724160495358,99.96507345163424,9.727929,2.7162213,17.660395,1.0553712,15.603700439031106,1.0521805492773366,16.77456281061396,1.518528654264283,,
1994-05-29,121.4073412964,375.3854504953581,99.95959706161165,9.51721,2.6978624,18.977684,1.1308165,16.665712075237398,1.0792588609571463,17.88733497272575,1.5456142805648994,,
1994-05-30,136.1610972802935,395.5603752884224,99.93669432572628,9.030361,2.4135897,23.275246,1.3001672,19.627472907674022,1.1478355613820437,20.99065784867992,1.6142181943142322,,
1994-05-31,154.3804385955097,410.0026271028757,99.9561913091163,8.754312,1.7402093,25.760246,1.404416,21.10847017010533,1.1258366646345328,22.542441717719566,1.5922366670331531,,
1994-06-01,180.41871761256584,476.3378643701096,99.95179438766188,8.091946,1.471689,25.17215,1.3952174,20.480017765525336,1.0897076434765336,21.88395143645772,1.5560999689553952,2.95265177453635,4857.047348225464
1994-06-02,195.21489621534488,487.6932575532634,99.92275978229895,7.4031763,1.3057076,21.76538,1.2112887,17.659826905287886,0.9421218887285068,18.928965093441104,1.4084853240896402,3.1731408768689717,4853.874207348595
1994-06-03,210.28586681655128,428.4771124989992,99.75790410121394,7.441765,1.2704358,20.505535,1.1880419,16.204837763544102,0.9000103247413308,17.404432444353535,1.3663624116505133,3.2696130393318414,4850.604594309263
1994-06-04,238.86910157395275,434.9579181936337,99.47735159449512,7.740649,1.1811345,22.367928,1.2585706,17.18261332348335,0.913963645064036,18.428942333699332,1.3803230915099667,3.3339098926846686,4847.270684416579
1994-06-05,266.37974783581075,454.3580422968873,99.11794730208337,7.7398596,1.1096636,24.213306,1.3838192,18.124833369389147,0.9639655685877008,19.41619727698133,1.4303331413419298,3.4501786123839384,4843.820505804195
1994-06-06,252.11009392989047,439.5214232409803,98.74754673604455,7.4979773,0.95324385,25.079494,1.649094,18.67076692760831,1.104077442585169,19.988224593102856,1.5704501883352102,3.6174903221953634,4840.2030154819995
1994-06-07,174.15402947087364,357.59863566377044,98.51054173151488,7.7682214,0.8156123,25.916111,1.4327208,19.97250542180649,0.9998343515430541,21.352181737553273,1.4662208070290321,3.6915093119104037,4836.511506170089
1994-06-08,177.43031305327173,420.5449990961682,98.331540233598,7.359521,0.8028393,24.831306,1.3904223,19.64710517708908,1.0064563718461983,21.011228473463465,1.472839218628624,3.9169786258513546,4832.594527544237
1994-06-09,235.06478417720598,449.244725143563,97.9048268957226,7.450493,0.84946537,24.225643,1.3515809,18.463269508489176,0.9340523653187207,19.770809506644273,1.4004231047755291,4.064876792374188,4828.529650751863
1994-06-10,270.726880890983,483.0176180596874,97.5351525158667,7.7752194,0.87196046,24.595284,1.3515947,18.553921365277038,0.9210184858505,19.865794212308725,1.3873900957643963,4.163697391078845,4824.365953360784
1994-06-11,294.0643407198542,482.7430641887025,97.16147908841792,7.196046,0.76986796,23.533913,2.2431183,17.34913121351576,1.4241140696399928,18.603419209662363,1.8904748783877676,4.471446835549117,4819.894506525236
1994-06-12,214.49558070000225,603.4512270058258,97.01412879793388,7.3880196,0.71303195,19.690172,1.5487217,16.464097653473054,1.157788841289279,17.676084070785492,1.6241427730836575,4.627811729886951,4815.2666947953485
1994-06-13,248.56852312762246,643.5492304953581,96.90183509506112,7.8086524,0.7346365,21.795267,1.7526191,17.898211871707346,1.2807538485404555,19.178744046377172,1.7471193740424478,4.743763127622453,4810.522931667726
1994-06-14,127.70134960845711,175.02653049535806,97.2795732046391,7.990637,0.7633432,28.942719,4.3982334,20.104387834884793,2.563209220891355,21.490367679159245,3.029597173436387,4.901349608457105,4805.621582059269
1994-06-15,192.72677366892563,145.22905649535804,97.46513287046652,8.087028,0.75161684,36.409462,6.092392,20.257968430527757,2.652925923615524,21.65128890228494,3.1193156445891645,5.11135966892565,4800.510222390343
1994-06-16,290.11282508402877,141.08687449535805,97.50958892083858,8.04234,0.77696407,41.209267,10.387068,18.894430353587957,3.4385753753802835,20.222578366289156,3.9049503388679705,5.402125084028788,4795.108097306314
1994-06-17,268.1945107948475,187.82653049535807,97.45690218424116,7.9636664,0.7805972,40.158665,6.490974,21.224183555067416,2.7126403024457684,22.66368580693642,3.1790417675763294,78.29070479484747,4716.817392511467
1994-06-18,151.29594440001972,233.6662584319726,97.375804992124,8.062363,0.80186176,36.220516,3.0291824,25.153937719629294,1.8654801010681736,26.78126878737176,2.331940328756791,11.13757847225668,4705.67981403921
1994-06-19,137.59129085398217,309.58332666039934,97.25151153169826,7.964205,0.7749386,33.63596,2.3472006,25.737009756066552,1.642390299112416,27.392209674018673,2.1088607493532416,12.242188684292657,4693.437625354917
1994-06-20,145.2912819523793,286.5507255255361,97.12825668207284,7.900556,0.7685862,32.875946,2.288892,24.473089534115974,1.540660591869865,26.067878385953996,2.007109374497344,13.74500623284406,4679.692619122073
1994-06-21,245.85255121361928,423.08412243540994,96.91000012497678,7.7388916,0.7937699,31.174793,2.1905892,22.56145742910922,1.4158685053800273,24.064876800915364,1.8822879856412307,53.38904416424958,4626.303574957823
1994-06-22,243.45929217351085,459.3948678923378,96.6609339787481,7.7778788,0.7537872,29.002039,1.7266166,21.65027338113317,1.1583505522005977,23.110141270172914,1.6247575354926522,23.703865016168415,4602.5997099416545
1994-06-23,313.7882119719038,532.9233684350214,96.31102492557804,7.8950386,0.8166855,29.841269,1.7708038,21.70807606859727,1.1549138974165838,23.17070672850919,1.6213216452821497,27.882835320625325,4574.716874621029
1994-06-24,370.77968656853614,620.5711839807625,95.87325759266666,7.6309285,0.7835882,28.417114,1.7268691,20.64277757932616,1.1200187127416257,22.054490612991636,1.5864129830994382,34.273409358821915,4540.443465262208
1994-06-25,312.11859925960596,661.8412758514523,95.56363899756744,7.533656,0.7533122,25.911255,1.651355,20.021905095321184,1.1478294633469361,21.403942546597634,1.6142164772623613,42.87476402134919,4497.568701240858
1994-06-26,176.72113496021004,436.989270495358,95.38513444548076,7.819923,0.7537604,26.661976,1.5630673,21.236307743633578,1.1339405590009608,22.67638949027158,1.600342178279276,53.92113496021004,4443.647566280648
1994-06-27,194.52669112033425,401.27141049535805,95.14274725761308,7.663618,0.7030182,27.55579,2.272737,21.061042212364306,1.5478078030908995,22.492746865722882,2.014207210376096,71.72669112033424,4371.920875160314
1994-06-28,316.637608795018,642.9963927276151,94.93683404161568,7.5188484,0.71269375,26.151257,1.6490649,20.003369813995253,1.1296914122673885,21.384521342184012,1.5960782163271146,98.88298079655375,4273.03789436376
1994-06-29,257.3575820680243,875.2783804953581,94.81137911724824,7.5821943,0.67560595,23.27819,1.3456327,19.71174580136251,1.051147874669387,21.078958698614244,1.517531428683017,134.55758206802432,4138.4803122957355
1994-06-30,290.6294702262725,916.870720495358,94.80331398851816,7.3547306,0.6694075,23.16757,1.3544017,19.361626890016588,1.0409592848051885,20.71210530012761,1.5073390653202259,167.8294702262725,3970.650842069463
1994-07-01,275.16136128545565,722.373830495358,94.67570342470104,7.609634,0.7066127,24.431034,1.3792044,19.79099792056934,1.0176042550295767,21.16199879820934,1.4839886826578597,152.36136128545567,3818.2894807840075
1994-07-02,221.50316062346883,632.3620791953581,94.56604953154276,8.026296,0.74393773,25.831715,1.4114373,21.21276963300031,1.0629588060217872,22.651726338411045,1.5293601261885454,98.70316062346883,3719.586320160539
1994-07-03,186.79289571712022,623.622695495358,94.57758931769716,7.9812045,0.75391406,26.381441,1.4426514,22.140365901473967,1.1236521420389218,23.623658537688527,1.590065729032427,63.99289571712022,3655.593424443419
1994-07-04,168.13813032771534,625.245613495358,94.50499594197834,7.892807,0.7557571,25.6891,1.41405,21.917614526637994,1.1258279164278118,23.39026040857288,1.5922384679417811,45.33813032771534,3610.2552941157037
1994-07-05,156.97965903236036,556.671196495358,94.38219836702864,7.9049206,0.75243497,25.731451,1.4344445,21.810202077688995,1.1310890946974101,23.277714011735203,1.5974982027503501,34.17965903236038,3576.0756350833435
1994-07-06,152.69008421050432,505.671603495358,94.23396715218384,8.0512495,0.7582535,27.364597,1.5280614,22.88536233536312,1.1867685606602243,24.40426325447467,1.6531927119644514,29.89008421050434,3546.185550872839
1994-07-07,144.2950981091984,473.057156495358,94.07092080029976,8.023832,0.72624546,28.284801,1.600643,23.549160669970455,1.238211770770409,25.099788880395145,1.7046458694539046,21.495098109198402,3524.6904527636407
1994-07-08,140.97148458049708,532.9974064953581,93.91570809320292,8.093327,0.77543926,28.07449,1.6405445,23.89510646089716,1.307497382648637,25.46226969757162,1.7739368651580802,18.17148458049708,3506.5189681831434
1994-07-09,139.06591025011437,565.878826495358,93.73354757142808,7.9279685,0.74624175,27.04861,1.5848659,23.276641947792527,1.2807050781627558,24.81424469485576,1.7471350320623653,16.265910250114374,3490.253057933029
1994-07-10,137.1530738385027,471.40726349535805,93.54274434410524,7.614599,0.6863106,26.747707,1.7092081,22.435621231244525,1.3330031243858063,23.933026062942265,1.7994208223058803,14.353073838502702,3475.8999840945266
1994-07-11,257.6163351885271,507.6038153327969,93.22492242510468,7.6912556,0.72603965,27.080318,1.6901264,20.55286446417475,1.147469545492659,21.960279958288595,1.6138627377001424,12.789462972604854,3463.110521121922
1994-07-12,358.6422982880637,637.7421923243456,92.7817411144118,7.9442554,0.7859059,27.194942,1.5135131,20.265779346847314,1.0091912515465944,21.659473153704287,1.4755810631809574,11.336836247865202,3451.773684874057
1994-07-13,414.23732592715766,657.3845508461231,92.3211854458652,8.052694,0.80574,29.308868,1.6966075,21.092256836245532,1.0863849454863668,22.525453441923776,1.5527847441550766,10.190869360070952,3441.582815513986
1994-07-14,408.5734312985151,610.540246871669,91.84589427317223,7.908578,0.80502105,30.164062,1.8902177,21.241603803543065,1.1775029326902604,22.681938683741063,1.6439046193557776,9.389051364312255,3432.193764149674
1994-07-15,352.8527658837346,606.5794319899342,91.42127137568676,7.9319396,0.81634027,28.22608,1.9440159,20.762453469136027,1.2651979335766719,22.17988660124285,1.7315936533096625,8.641494550985998,3423.552269598688
1994-07-16,345.8903717346501,584.1058521949227,90.99877029581089,8.1028,0.8284027,28.38586,1.6825737,20.842050040082473,1.1007779351182476,22.26328761619327,1.567174627899521,7.9176491492526475,3415.6346204494353
1994-07-17,393.8242158732934,640.2802188510368,90.49224621247043,8.020415,0.79601306,29.085693,1.7246971,21.063276732084468,1.1100663050507533,22.495088187847344,1.576465740316383,7.3931813051083966,3408.2414391443267
1994-07-18,449.45087037976685,685.2490276549164,89.93716618337821,7.8145585,0.74467915,28.513138,2.019402,20.314499126013242,1.2546880030126994,21.710521571774116,1.7210783817083757,7.001557519632027,3401.2398816246946
1994-07-19,393.0860904664242,555.3242739944999,89.4509992753734,8.025901,0.78153217,29.202747,1.964406,20.425614457478936,1.1949622401945834,21.82694783625511,1.6613539223414526,6.481626237549293,3394.7582553871453
1994-07-20,376.30980802487187,578.7554269847917,88.95090087293876,7.997853,0.7641226,30.018154,1.8376105,21.341830196030365,1.153548038887385,22.786955555182473,1.6199510068816982,6.085708870355002,3388.67254651679
1994-07-21,385.7208504289088,596.9634022417866,88.44264024775454,8.06219,0.7683231,31.350513,1.8382555,22.20943697979409,1.1567139710584708,23.696030977444682,1.6231285108192008,5.6993119385118876,3382.973234578278
1994-07-22,412.81609941140215,533.1561603549584,88.09427396579336,8.005095,0.76051295,32.00048,3.442812,21.529051282578614,1.9685692268849802,22.98312516968446,2.434974619140877,5.431764964997364,3377.5414696132807
1994-07-23,163.25212721240732,617.4721058157089,88.0790837856572,8.075741,0.7462866,24.21289,1.51254,20.838556996928723,1.2063980639922367,22.25962761751714,1.6727947139199633,5.148011968972683,3372.393457644308
1994-07-24,127.68522489245807,676.3271404953581,87.96236345750658,8.11807,0.73503345,23.218723,1.311374,20.82058809407903,1.1092736011207804,22.240799862534857,1.5756700308218659,4.885224892458073,3367.50823275185
1994-07-25,203.87038894036297,538.7418594953581,87.71133286762213,8.274715,0.7669783,26.77549,1.5269611,21.69644609728403,1.127595986236997,23.15852088432225,1.5940035799624925,4.598788940362966,3362.9094438114867
1994-07-26,221.38341015823883,497.0208691843839,87.40045425321668,8.018232,0.70289606,28.210924,1.6812911,21.988345720006386,1.183180371933709,23.46437231120179,1.6495918811703543,4.452427977758831,3358.457015833728
1994-07-27,174.75499412013258,426.4448628090264,87.15197164002497,7.9529467,0.67675483,27.537514,1.7959677,21.844729771439997,1.2890200142668289,23.31389201122049,1.7554295848813524,4.27797426013874,3354.179041573589
1994-07-28,170.8994729984035,623.083030495358,86.99048858595657,7.7891717,0.6612432,23.781517,1.3694254,20.339270660143328,1.0840496250071352,21.736477100558364,1.5504402930654215,4.160870998403515,3350.0181705751856
1994-07-29,126.71075861438274,554.847430495358,86.78288568920458,8.134066,0.7064391,23.589058,1.3087436,20.715768701747173,1.073495155279426,22.130970461556704,1.5398903076728636,3.9107586143827446,3346.107411960803
1994-07-30,165.45550574057185,451.7762442991272,86.51631594405765,8.153774,0.7196686,26.512203,1.5875996,21.59103195929087,1.1779313356589016,23.04806831087322,1.6443375393103337,3.741749225914016,3342.3656627348887
1994-07-31,239.30226778243733,453.63038288589513,86.18730072750111,8.168698,0.7157187,28.98291,1.8858459,21.794782865807356,1.2590742517623743,23.261557814233562,1.7254831536869952,3.595877767823465,3338.7697849670653
1994-08-01,249.75664706072027,449.0275822304955,85.91955188428197,8.045419,0.71299887,29.551596,1.9863074,21.864944471922318,1.3015608991740564,23.335072905285365,1.767970741233984,3.489160646956971,3335.2806243201085
1994-08-02,266.62643900932954,473.5745825218894,85.59572251789751,8.13087,0.71673244,29.210464,1.9520098,21.61742274468166,1.275286013064618,23.075720485593305,1.7416925635336988,3.3545713900042617,3331.926052930104
1994-08-03,300.4840378180405,447.6958792749494,85.53733609036294,8.211346,0.75868773,29.931868,2.2783027,21.208471016666483,1.3969273713810244,22.647222262910546,1.863328636991331,3.231734638583233,3328.694318291521
1994-08-04,284.3362746445521,507.5120505755509,85.32002493945407,8.119647,0.74396014,28.615213,1.8213112,21.255681521420684,1.1974937624145574,22.69668926841096,1.6638956283612227,3.1412754467939665,3325.5530428447273
1994-08-05,273.5999497233577,489.9768699509748,85.05357691637191,7.501787,0.5916512,27.639524,2.573015,20.423899569464417,1.6646232704529775,21.825150982455547,2.131014932375905,3.152115521754076,3322.400927322973
1994-08-06,264.1119118726852,490.9320764058894,84.77209204977795,7.9959526,0.73759663,23.712105,1.5351424,18.214646282458236,1.0309613314939234,19.510302940285033,1.4973297318488772,2.9847695282051308,3319.416157794768
1994-08-07,298.2010185521979,517.0064216598913,84.40268105196412,8.212465,0.7458547,23.410952,1.3830551,17.8513800502153,0.9185891782833411,19.12967382390438,1.3849542880383816,2.858612550099824,3316.5575452446683
1994-08-08,315.15564827868315,541.8735947786195,83.99077013336291,8.238232,0.7344671,23.994755,1.3558812,18.20060330504999,0.8988213025340334,19.495588756560192,1.3651895728785362,2.7694620325667727,3313.7880832121014
1994-08-09,317.58956491266974,539.2334190303762,83.54580695550374,8.086747,0.719825,25.955406,1.4969529,19.332218261102707,0.9791460250396864,20.681291039280016,1.4455254949765197,2.708758429315546,3311.079324782786
1994-08-10,329.0013988135035,540.4884511204439,83.08730331697205,8.128058,0.69031286,26.157734,1.6173383,19.33558590165841,1.0387403549033003,20.684819641542575,1.5051198603549238,2.626075873750101,3308.4532489090357
1994-08-11,338.47637925265377,540.7181110821426,82.6042746888565,7.920132,0.6862498,24.052155,2.2370865,17.841573622331243,1.4009789825274366,19.119398682289063,1.8673440055440143,2.5878416677398257,3305.865407241296
1994-08-12,329.49646186499785,532.9710685303945,82.16426604639861,8.053733,0.71699107,22.490416,2.3438582,16.97503591714292,1.474086098174948,18.2114434369037,1.9404438908076713,2.4986255383034095,3303.3667817029927
1994-08-13,332.7990523919715,500.8552357002219,81.90004599288248,8.362322,0.7925361,24.53346,2.6890142,18.077859376311462,1.646234472176018,19.36697808760709,2.1126016157518808,2.3904740414605214,3300.9763076615322
1994-08-14,626.5276461957104,64.45793049535806,81.86068340812335,8.121521,0.7711841,39.2548,105.15171,11.025759131039877,9.833868536289444,11.97781155701025,10.300199875372988,2.3050461957104336,3298.6712614658218
1994-08-15,307.5583227078255,369.4195531399233,81.86095531037319,8.850207,0.9617979,26.302647,4.9301887,18.373815943554845,2.7256042158130476,19.677080367087793,3.191974105530394,2.20604441146062,3296.4652170543613
1994-08-16,310.6990467346498,429.2859421837775,81.79322138495826,8.890605,0.89787334,24.459612,1.9931123,17.922620357674383,1.216166236012521,19.204319174537197,1.682531979193741,2.1493615767859984,3294.3158554775755
1994-08-17,532.3437206198378,189.07190649535804,81.61483312815304,8.5858755,0.79775655,33.623596,30.244526,15.14787584132684,7.948452765455412,16.29695135529787,8.414798126567943,2.1328906198378124,3292.1829648577377
1994-08-18,1911.5280615290626,3482.926850495358,82.58194210065697,9.538781,2.7918084,20.18766,1.6916167,16.414224075509157,1.4736195562225545,17.623826706279218,1.9399731271468301,1.964561529062693,3290.218403328675
1994-08-19,1121.5281799629747,2525.049170495358,83.56045496855968,9.492845,2.29043,21.63459,1.3834342,17.90031866666026,1.1890749139771084,19.18095153892712,1.6554404582410094,1.930149962974701,3288.2882533657003
1994-08-20,504.9706380457645,1566.365540495358,83.91280518233492,9.512004,1.0902203,20.62365,1.2489932,17.914743685967256,0.9811851572730262,19.196066024847525,1.4475508301342321,1.887588045764455,3286.400665319936
1994-08-21,280.1768356719309,1039.930590495358,84.32313620118116,8.979235,0.9351808,20.1968,1.1670195,17.816007613348233,0.9405153240935742,19.092610705469696,1.4068801214942814,1.9158356719308758,3284.484829648005
1994-08-22,984.8765955440954,2850.6283804953578,84.98302293038908,8.487696,1.2642283,17.65388,1.1802139,15.300197022589776,0.9353033205978506,16.456552968341263,1.401649572184731,1.928195544095389,3282.5566341039093
1994-08-23,1546.3920229333833,1292.406350495358,85.38302439219733,9.11645,2.3731887,24.22538,2.1289437,15.995021465444921,1.6157471367296277,17.184587644426347,2.0820977868701958,1.8180229333833369,3280.738611170526
1994-08-24,826.6971857034405,1113.750360495358,85.57012681000528,9.686807,1.3995473,22.231365,1.534513,16.88695316401876,1.0636045239884695,18.11915062927603,1.5299616297380811,1.7161857034405412,3279.022425467085
1994-08-25,587.3537696951721,887.0917804953581,85.61331423596644,9.222402,1.1157606,21.052603,1.3921584,16.33997486506134,0.9482090803793013,17.546028637380225,1.4145621193285582,1.7373696951721223,3277.285055771913
1994-08-26,370.80626204189844,997.842570495358,85.60046811287883,9.135226,1.0566766,21.100607,1.2321986,17.858841774370564,0.9428734622702222,19.13749219296764,1.4092386380983477,1.7156120418984564,3275.5694437300144
1994-08-27,276.2191571010987,895.1053304953581,85.52474396407487,9.038679,0.9895172,22.200157,1.2054887,19.09644644349489,0.9503071289888072,20.434250134736185,1.4166841447348975,1.691792409498728,3273.8776513205157
1994-08-28,225.79204809197893,836.861930495358,85.47768450500558,9.02402,1.0128791,23.024246,1.2353368,20.04948700850777,0.9963740586266444,21.432842780950487,1.4627613855505461,1.6582834003789289,3272.219367920137
1994-08-29,589.0989657280778,628.378630495358,85.54323718172691,9.055758,1.0690799,30.177366,1.7408341,19.957287187844056,1.0367711331300125,21.336236124028364,1.503157417146465,1.6250710364777963,3270.594296883659
1994-08-30,399.1525799489624,634.830630495358,85.49241639148975,9.127379,1.1118528,24.671494,1.3841072,18.67093840665535,0.9520373361424099,19.988404268262173,1.4184100835708426,1.5925452573624055,3269.0017516262965
1994-08-31,275.99496443096496,626.575760495358,85.51309061170642,8.967999,1.0621113,21.132278,1.2365171,17.412592380317438,0.9177920513561805,18.669913603306014,1.3841533876319825,0.0,3267.4200218869314
1994-09-01,234.2153879012,584.008700495358,85.36801694037408,9.012345,1.1740276,19.68644,1.1611179,16.63099645273963,0.8942957036212468,17.850960062142008,1.3606508637320922,,
1994-09-02,231.2862379012,534.395780495358,85.19223314077843,8.876252,1.1786613,19.490051,1.2491829,16.283987128573596,0.9417419879685494,17.48736487847287,1.408094629950623,,
1994-09-03,213.9445179012,503.4424104953581,85.2324261307322,8.88126,1.168158,18.643082,1.190924,15.731837865085545,0.9054597766678812,16.908824767617926,1.3718086957772555,,
1994-09-04,191.9364479012,465.612490495358,85.0578058533639,9.04229,1.2024894,18.363628,1.1117531,15.642759222622054,0.8619416081832413,16.815488470544786,1.328289959341011,,
1994-09-05,183.7786419012,448.77161049535806,84.79398975283985,8.989632,1.3022956,18.731907,1.1815155,15.901424877004256,0.91967923810462,17.086517459002152,1.3860292635582283,,
1994-09-06,192.3093309012,417.889890495358,84.54283041652604,9.066727,1.2758178,19.307827,1.2687558,16.080259540016566,0.9574203768435883,17.273899807590738,1.4237716046008133,,
1994-09-07,226.9286791301572,431.15365988634767,84.346668462268,9.174657,1.1766202,19.831821,1.3019766,16.156876626097674,0.9445910166910644,17.354178928484114,1.4109427707357325,,
1994-09-08,258.59830792785465,433.1652959098469,84.09769009956563,9.28922,1.303712,20.97015,1.4805452,16.60353002161416,1.0473769042450733,17.822180829498034,1.5137318600228098,,
1994-09-09,239.97718026007763,445.6434933659788,83.84572429706196,9.382781,1.1893854,21.525738,1.4857432,17.275526779805606,1.051620745791158,18.52629673562503,1.517980948462343,,
1994-09-10,208.61535135401445,419.2562575085997,83.58368360003547,9.197586,1.3450415,20.69838,1.4445913,16.877149134430375,1.063109142511586,18.10887800058672,1.529466172356579,,
1994-09-11,236.1228544085492,439.29522784599374,83.20557033433558,9.005088,1.2556995,19.19276,1.45687,15.631200004688234,1.0443037098173378,16.80337676150694,1.5106519879405278,,
1994-09-12,254.7806890081348,457.0142776064645,82.80138429036742,9.175574,1.3055328,18.328012,1.3270394,15.051978480749188,0.9717719027250961,16.196470428693335,1.438116716830379,,
1994-09-13,269.2636786911167,473.2100932007572,82.39407876490984,9.47873,1.1235803,19.463507,1.2742077,15.842452659743333,0.9085995124513321,17.024726571342597,1.3749491494545008,,
1994-09-14,273.152019384987,460.8819015489656,82.02597053819764,9.616263,1.1662693,22.254166,1.6142988,17.551292356216003,1.1025857756192734,18.81524296393038,1.5689482808865671,,
1994-09-15,274.17765969442337,455.8054792373383,81.64976870998454,9.760177,1.2737957,23.742609,2.1288493,18.490884185038805,1.4127426386779052,19.799744070336924,1.8791136423010488,,
1994-09-16,269.1845551758006,468.67300847756457,81.27198925401166,9.802201,1.1946962,24.31784,2.431188,19.02225765893107,1.6045726977182788,20.356515379871887,2.0709489543671205,,
1994-09-17,251.0612631316668,464.63574927044857,80.86968013550566,9.885318,1.2337427,24.675646,2.473164,19.487307226929538,1.6629024776407837,20.84379272752826,2.1292835965823547,,
1994-09-18,151.01444673482206,382.441570451075,80.55673007654791,9.944173,1.5242641,23.360409,1.7105347,19.562447226579163,1.3000056110873977,20.922524162307898,1.766387538855507,,
1994-09-19,223.2729522361037,438.2071025868388,80.22310971686775,9.726877,1.2173282,21.47922,1.5725036,17.51238759502499,1.119834234915389,18.77447868814371,1.5861964100655535,,
1994-09-20,258.2977309196498,486.79727713292255,79.8315198647432,9.56449,1.1974208,20.551497,1.4338374,16.742695296300937,1.0246278892269154,17.96799772860215,1.4909838891958507,,
1994-09-21,276.7416178243774,467.31553968044,79.40662682618729,9.60773,1.0953764,21.257715,1.4255911,16.92466668083559,0.9836954853316439,18.1586667232795,1.4500528840909932,,
1994-09-22,283.61506760698217,467.433646950902,78.95541990379031,9.364452,1.1600783,21.22738,1.5498145,16.747637731540078,1.0593845757403875,17.97317639535085,1.5257406132008864,,
1994-09-23,208.8392603754729,301.7369300393869,78.78103852678817,9.283665,1.1784767,21.505365,2.3160348,16.506364290138567,1.4511139500472934,17.720370908202348,1.9174681898971206,,
1994-09-24,183.33183188289945,353.09645532930165,78.4661058919205,9.634211,1.1813327,20.83213,1.5975145,17.005085498989228,1.1263850856665936,18.2429292860429,1.5927431146604245,,
1994-09-25,205.85759597677787,435.84986020178536,78.07221841555929,9.834528,1.2587686,21.868217,1.501721,18.00785030699016,1.0969997194039258,19.293622824086263,1.5633662280238265,,
1994-09-26,289.1563120988,902.835430495358,77.79744047073677,9.793929,1.2086922,19.462204,1.1719807,17.11684988969235,0.9348498381679945,18.360035632574178,1.4012087553301193,,
1994-09-27,933.5987120988,201.9158704953581,77.77083668072935,9.641362,1.306255,32.449688,127.8519,13.697111911547971,22.759827452592127,14.776845868863973,23.226165662431832,,
1994-09-28,461.8009820988,427.28147049535806,77.82097806488379,9.850638,1.2313253,22.643936,3.0416362,15.9989310104711,1.5955622930330031,17.18868405234067,2.0619129694848284,,
1994-09-29,470.1161420988,613.414930495358,77.87784854621694,9.077592,1.4290612,18.19677,2.3226767,14.240194030016868,1.4537793093236135,15.345885456162332,1.9201199142946075,,
1994-09-30,289.4910220988,656.3956304953581,77.92547107667221,9.204638,1.6291028,14.583305,1.3845078,12.937150353128276,1.0824430152537543,13.980560745750445,1.5487784397635296,,
1994-10-01,689.3438820988,198.15844049535804,77.9426032894311,8.781335,1.4236937,21.636778,17.94925,11.651653604145078,4.157409828357416,12.633621646416657,4.623742045105496,,
1994-10-02,697.0442020987999,222.94929049535804,77.8734382543069,8.856506,1.721527,21.674324,3.9914641,11.962749361590786,1.6238621376962727,12.959586717640622,2.0901949573812755,,
1994-10-03,410.0769420988,444.0707004953581,77.74852762310971,8.864588,1.5093629,15.162081,1.3077496,12.138649526728035,0.993666757053353,13.143894309386797,1.4599999666407206,,
1994-10-04,315.34486209880004,453.566210495358,77.60207640364256,8.6314,1.3917893,14.033684,1.1399707,11.818105852193947,0.882041261007212,12.808029742933716,1.348373786588788,,
1994-10-05,289.7112220988,431.763450495358,77.61639770139848,8.27596,1.3830155,12.051251,1.1052009,10.535267082063509,0.8636397733543454,11.463875664756005,1.329970737795687,,
1994-10-06,288.0523420988,389.385670495358,77.64300339618153,8.374712,1.3893355,12.190062,1.0507089,10.567742830548763,0.8448288931160488,11.49790364300606,1.311159873856142,,
1994-10-07,251.41044143889965,383.6698939963435,77.61066050378341,8.770168,1.3298502,13.7194195,0.9549644,11.760150150352757,0.7810170172657677,12.747303956656173,1.24734943172103,,
1994-10-08,218.29379239140093,430.0452026249793,77.43246351857124,8.866308,1.1938386,15.240303,0.8889557,13.094198124956067,0.713622397909398,14.145114864230653,1.1799583438657644,,
1994-10-09,201.8948662182117,406.3578053142412,77.20558349780146,8.792666,1.1966075,15.301114,0.8604292,13.140791195980938,0.6987030861190381,14.193934924780066,1.1650391922046963,,
1994-10-10,207.6188320988,523.2159304953581,76.99103948588987,8.1898155,1.3705987,13.671865,0.9241785,12.114500016615068,0.7677010635634912,13.1185905352414,1.2340342175249959,,
1994-10-11,193.8133820988,437.479670495358,76.80625631236653,8.299312,1.3758788,11.515022,1.0335817,10.527766434576021,0.8315406769642189,11.456016511958294,1.2978716378126567,,
1994-10-12,188.91111924244404,474.8518208464502,76.58151683956065,8.334868,1.3218684,10.37541,0.9844354,9.794659056561713,0.7984460347190308,10.687869107277107,1.2647769549044965,,
1994-10-13,198.1798169242201,474.15680673232976,76.32552450391694,8.322869,1.2264501,10.909477,0.91634154,10.14704147092382,0.7404826540598721,11.057094196486702,1.2068135170656515,,
1994-10-14,206.81463941481832,469.8845463529309,76.04608623312605,8.423897,1.1124215,11.730207,0.849763,10.719723819173604,0.6809944743072208,11.65714880336615,1.1473255473549933,,
1994-10-15,216.01921624947823,475.8248436336633,75.71638702205267,8.251103,1.2510077,12.489237,0.8820697,11.165935360856938,0.7215310468280315,12.124687731444098,1.1878625435370327,,
1994-10-16,226.044728747118,483.16664798242937,75.37195986106036,8.293234,1.2361808,11.653452,0.9604216,10.582460107896365,0.763780095051387,11.513324355902382,1.2301110835749143,,
1994-10-17,231.0857629914301,491.3108160148271,75.04718247414732,8.220352,1.1769882,10.544323,0.9666704,9.800913350339993,0.7576202792411424,10.694422334918757,1.2239511971737302,,
1994-10-18,231.91703562233133,495.7295681403406,74.70504366396128,8.045286,1.1235529,10.228157,0.922035,9.532427911336056,0.7230656997878944,10.413104209701991,1.1893967546964304,,
1994-10-19,238.3024471159655,492.0270592050729,74.33043163676028,8.331168,1.1869911,11.869137,0.7332816,10.714717364865937,0.6277416997384391,11.651903057656284,1.0940727693246668,,
1994-10-20,237.20813568437785,484.4925865472419,74.08079095659723,8.763633,1.2538316,13.21295,0.74796623,11.750551070062027,0.6495869190692926,12.73724607314036,1.1159193154897846,,
1994-10-21,264.35775648310255,434.7677138590971,73.84475187628314,8.586978,1.2568073,13.580175,0.84471124,11.69211591803867,0.708370926257863,12.676017920600861,1.1747032151638568,,
1994-10-22,263.2268721598708,454.0724602415113,73.42049025320817,8.589693,1.161473,12.575405,0.85161215,11.11277094676587,0.6872356965843429,12.068982240092934,1.153567130865477,,
1994-10-23,238.65146280680648,471.34623846059975,73.04964021977793,8.587209,1.1523179,12.347416,0.8003552,11.083497827637713,0.6575233329185081,12.038309965935602,1.1238547342060083,,
1994-10-24,177.2456437791317,417.05300635226655,72.74705120426344,8.503263,1.3003274,12.599371,0.82198733,11.377733977039558,0.6950815887784915,12.346609597482896,1.1614133662838522,,
1994-10-25,205.34532434958945,450.38406684800975,72.43928819198592,8.363949,1.2434646,11.308517,0.84370863,10.38640932830879,0.6981740339667659,11.307903019216585,1.164504939137137,,
1994-10-26,243.51442216105508,468.5105171733787,72.05973470167834,8.099988,1.1982439,9.4840355,0.99068123,9.01068756465377,0.7699785374432706,9.866426457928446,1.2363100943188465,,
1994-10-27,250.1636399980592,461.5921055981686,71.7887549226518,8.056674,1.1709185,8.326587,1.0468205,8.231719419668556,0.7938912503963179,9.050226298382333,1.2602241361594289,,
1994-10-28,271.6281858346912,464.0294087294489,71.48167191626878,8.215341,1.2179695,8.230756,1.1105894,8.225064026840974,0.8324520385442884,9.043252800527915,1.2987849386513963,,
1994-10-29,281.9080174224972,466.2355231082916,70.99322673025395,8.315997,1.2549593,8.5286875,1.1869028,8.448543610859188,0.8779079078440115,9.277413944735459,1.3442403540090542,,
1994-10-30,271.2136264806732,487.3844284647855,70.55201027686341,8.456571,1.2622607,8.839439,1.1237378,8.702556327298282,0.8514168908387153,9.543567600721309,1.317748890404658,,
1994-10-31,281.4764171222339,479.6039582315896,70.11373587417192,8.75055,1.2013547,9.291582,1.0834829,9.091487993847409,0.8146059604210166,9.95108887143509,1.280937419183103,,
1994-11-01,657.6289125687667,131.77316312078673,70.15138931141057,9.2539835,1.5225767,10.022539,14.424362,9.382276810990255,2.721490755008706,10.255776400025521,3.1878219224695705,,
1994-11-02,743.8139474072,321.04654,70.51898928500681,8.819978,1.3907839,7.9393196,4.971275,8.554466686109736,1.7861010684392882,9.388399780903063,2.2524333194022628,,
1994-11-03,380.6045074072,418.952710495358,70.7473545866908,9.141601,1.173695,7.701114,1.1460296,8.386813232465807,0.8202100016240298,9.212733065269616,1.2865425674685116,,
1994-11-04,334.3587777568567,447.2004658696521,70.80090898936785,9.521775,1.0041735,8.510922,1.1855718,8.94337526779154,0.8029578884846421,9.795896863371777,1.2692895327970843,,
1994-11-05,367.5210228327286,439.0134738011728,70.75858534283476,9.450578,0.97603524,11.551184,1.1583326,10.59398118049245,0.7715869765487517,11.525396096385744,1.2379179713382351,,
1994-11-06,302.4114081151747,384.6819222518925,70.6872465645027,9.230042,0.92209387,12.702211,0.99021274,11.174000514556472,0.6870627768293657,12.13313837192112,1.1533942832912187,,
1994-11-07,272.679235978302,321.9065250025127,70.65111539550907,8.662888,0.9613637,10.688182,1.0495954,9.759374395258348,0.7192247243793302,10.650897959778023,1.1855556581130016,,
1994-11-08,279.7329766454957,361.3207609323939,70.50481405119845,8.924901,0.9644614,8.07579,1.5285288,8.446311974134268,0.9588326104554943,9.275075643403556,1.4251650608711763,,
1994-11-09,269.62117923199594,369.160195973404,70.33283873099636,8.823883,0.8718778,7.7008834,1.257653,8.174886711954718,0.8146710673874875,8.990677181512666,1.2810040772698068,,
1994-11-10,264.2427674072,397.5531804953581,70.31362659917212,8.276145,0.99239105,8.131664,1.0429462,8.189352724527982,0.7413046462492514,9.005834620037342,1.2076376241881779,,
1994-11-11,222.9210174072,420.74723049535805,70.276336247498,7.8534355,0.9941195,5.939281,1.1345996,6.602208320233108,0.8176729884746511,7.342830138598905,1.2840108985383691,,
1994-11-12,256.5445633739779,423.04695274506525,70.09197079108282,8.095271,1.010164,3.749926,1.3533998,5.390285945388212,0.9247768750612837,6.072982016985814,1.3911204911390194,,
1994-11-13,287.8119573338444,424.8314749015714,69.8663187265591,8.433541,0.9071622,3.5036898,1.492191,5.494685760005934,0.9620402474292997,6.182371785869351,1.4283833058479574,,
1994-11-14,318.75242784995214,438.69268745715465,69.5851943887688,8.598531,0.8484828,5.2004595,1.6071378,6.630455464822064,0.9969487183144999,7.372427400141181,1.463286515416928,,
1994-11-15,314.2650808065413,446.7302367331408,69.39112557043497,8.432342,0.81110513,7.0073915,1.2509365,7.595847196439966,0.8071283384280812,8.383961556503873,1.2734628234612808,,
1994-11-16,323.94407850846244,452.49961647595626,69.19085442058345,8.1275015,0.83691293,7.012335,1.2751533,7.477599259041935,0.8210838469320786,8.26006177190857,1.2874186803645649,,
1994-11-17,343.3793545761923,465.9761737261416,69.06524942718114,8.132504,0.870956,5.8270288,1.565237,6.805156081370324,0.9739813535287534,7.555478108976264,1.4403184722730056,,
1994-11-18,329.0834975752207,454.7230055461624,68.94863578499823,8.387467,0.7987574,5.3944583,1.5836532,6.651082085410041,0.978044698467273,7.394039902684688,1.4443824136596415,,
1994-11-19,306.0636395981523,436.8337844529718,68.8556195910672,8.110826,0.820937,6.5004478,1.2553655,7.163901507141853,0.8119650003406982,7.931370339789782,1.278300835524341,,
1994-11-20,313.50052938931015,430.0839732950886,68.6233844703712,7.854643,0.8385255,5.888352,1.3335541,6.717354205205938,0.8484774974513158,7.4634796032669195,1.3148149527648239,,
1994-11-21,428.3870674072,213.03658049535807,68.59338496149046,8.116776,0.9014959,3.4485044,3.034519,6.566299319352859,1.1740009880249507,7.3052048102253595,1.6403390430074318,,
1994-11-22,521.2766874072,497.483330495358,68.62283830337242,7.629813,0.86481047,4.0053325,2.1877794,5.859898091235664,1.1563580294401814,6.565040018115961,1.6226992351273488,,
1994-11-23,291.1041774072,511.002530495358,68.63529934136422,6.4253244,0.8743134,3.1991358,0.949652,4.369998692563319,0.6831621528515315,5.003928521153389,1.1495118750508881,,
1994-11-24,267.9262874072,450.303670495358,68.62207954166107,5.8520193,0.804534,0.27195767,1.772235,2.3535266442730367,1.1509445582466382,2.8910760019196964,1.6173098499510976,,
1994-11-25,243.7881974072,443.6826604953581,68.60766295916943,6.5906286,0.736833,-0.9935576,1.3032699,1.6959165491189672,0.8807604888615466,2.202034392144917,1.3471318635503735,,
1994-11-26,235.8844774072,414.20470049535805,68.58533965716411,5.8913546,0.7498788,-0.61048937,1.6403575,1.7487008927992742,1.079992178319006,2.25734164701889,1.5463630464920837,,
1994-11-27,223.6637774072,395.0836004953581,68.53131781766335,5.3905954,0.7681096,-1.49953,1.3001889,0.9911011583162191,0.8753983689713886,1.4635312349526823,1.3417768123180647,,
1994-11-28,2909.1644474072,32.14293049535805,68.91453468288618,7.48977,1.3008547,1.4268712,2953.8699,7.423513911246495,32.30584593265922,8.20339132937002,32.77218093077611,,
1994-11-29,1561.4875474071998,1636.2863,69.63675461120677,7.521121,0.78549635,-2.1549168,21.213736,2.569936598999749,10.861746334309752,3.1178296127219234,11.328109732338284,,
1994-11-30,792.9709474072,1317.673830495358,70.09975479750264,6.7297034,0.7276595,0.50634277,3.299202,2.844464393138197,2.077752870286484,3.4054788969938707,2.544113943145108,,
1994-12-01,485.7173474072,1264.308530495358,70.32731674435644,6.073102,0.61964375,1.0403496,1.0690072,2.4371833147979487,0.7912228202736741,2.978731175329677,1.257587373598069,,
1994-12-02,365.4699274072,1089.030430495358,70.46739043540988,5.922865,0.57455933,1.4174566,0.86619973,2.549523202648591,0.6644252101975644,3.0964405258048844,1.1307887845640783,,
1994-12-03,291.7390774072,955.621130495358,70.49442548881369,6.2995753,0.51332766,1.6381018,0.900599,2.7283514275748737,0.7003300771618216,3.283816128588937,1.1666921229459861,,
1994-12-04,258.5048974072,844.552730495358,70.4750694868361,6.608681,0.5382027,2.1180053,1.0924592,3.17040878595893,0.8458943853811228,3.747002317606267,1.3122528094951997,,
1994-12-05,1773.6290474072,753.8666304953581,70.84929523922126,7.6003847,0.92738944,0.40306973,9.009016,5.453668641347742,2.7647681100176427,6.139394189149303,3.2311113860455083,,
1994-12-06,1079.7121474071998,2276.298930495358,71.57574812711228,7.067149,0.69185364,4.708787,1.444322,5.467530679477199,1.0046165464709698,6.153918785316341,1.4709597487409405,,
1994-12-07,481.8487474072,1916.461930495358,72.14395855382665,6.216672,0.6717853,4.5851398,0.6305394,4.9129337067479835,0.5216208506670692,5.57281397308558,0.9879671753562924,,
1994-12-08,197.7436974072,1957.227130495358,72.79080579060536,4.8771334,0.5918551,3.6538677,0.64413303,3.766116606318651,0.5875417662647188,4.371182935453869,1.05389566337032,,
1994-12-09,164.9073774072,1569.3364304953582,73.25715319982568,4.6849604,0.5576895,1.6148688,0.44265994,1.9068004670028418,0.40406289398452183,2.42299784043303,0.8704322641048172,,
1994-12-10,238.5435174072,1481.734830495358,73.69129350864908,4.8923874,0.55885714,1.2592344,0.4669217,1.7630279498590582,0.4095737421893511,2.2723534884315373,0.8759444734304875,,
1994-12-11,758.5528074072,2257.415130495358,74.3612651447031,4.8837895,0.7128547,0.23560274,0.816466,1.4046785427357027,0.6368726679156747,1.8968762046038532,1.1032468945926523,,
1994-12-12,209.6078074072,1893.525030495358,74.87190089556431,3.9703217,0.62457067,0.85528725,0.4318446,1.1657457846312245,0.3937563654621271,1.6465232774127554,0.860133004345004,,
1994-12-13,277.3219574072,1320.893930495358,75.14273944884619,4.14169,0.5695807,-0.26504004,0.38637543,0.49961444000354865,0.3342764953332903,0.9485531315679647,0.8006602039956598,,
1994-12-14,145.8580574072,1308.134130495358,75.3495627283364,4.537869,0.47817042,0.34136537,0.37567,0.7623400254046782,0.3413713624482094,1.2238361018687827,0.8077522221612219,,
1994-12-15,100.0075674072,1241.259930495358,75.61626426225688,4.782279,0.43878686,0.7761358,0.4548937,1.074841793411949,0.42224533358400684,1.5512743861529472,0.888622907353289,,
1994-12-16,109.3709074072,1051.398030495358,75.81537816297634,4.550762,0.45058584,0.76602155,0.5463955,1.1226304346734817,0.49673021487702984,1.6013471611094832,0.9631072959942961,,
1994-12-17,99.6130274072,1022.314830495358,75.89429717394681,4.655964,0.441108,0.6985166,0.54639804,1.0498879567224597,0.4994228143171819,1.5251278413701237,0.9658006463727837,,
1994-12-18,91.1388414072,1020.549030495358,76.02304445274534,4.962772,0.45488924,1.4856515,0.6439852,1.7707141735703662,0.5923648333950555,2.2804070873622044,1.0587354912712605,,
1994-12-19,87.8751974072,953.504690495358,76.12885236375558,4.5152025,0.43274486,1.6717083,0.6232527,1.9116521113922789,0.5718276461880674,2.4280813768397653,1.0381969707892238,,
1994-12-20,97.8296474072,829.6672304953581,76.2273880199053,4.4649796,0.43827254,0.9544351,0.6630113,1.3247170405124233,0.5948777045247243,1.8130928159090225,1.0612527312056654,,
1994-12-21,101.2283374072,748.510930495358,76.43678776842904,4.8661394,0.4493577,0.67065775,0.8174816,1.1704600449556317,0.7220830582765039,1.6514628632657764,1.1884596489340982,,
1994-12-22,107.5416374072,721.084530495358,76.62964998763303,5.201711,0.5123671,1.3233414,0.9719726,1.8266880605738667,0.8484368697784113,2.3390563348273115,1.3148069954216999,,
1994-12-23,113.2753234072,685.4951304953581,76.80886022671855,5.2863536,0.55620056,2.1965373,1.0779061,2.6347106295180844,0.9284026835259256,3.1856996204800883,1.394765525168961,,
1994-12-24,376.8609174072,116.00051049535806,77.19918394542788,5.0717497,0.67684937,-0.57176864,3.4296613,3.743483829789009,0.958874498760429,4.347468389572387,1.425228560444643,,
1994-12-25,54.9368420988,907.807270495358,78.09366266965631,5.0304413,0.5196985,3.0354357,0.79475325,3.1492762149041447,0.7499889756814928,3.724859681893143,1.216347567843522,,
1994-12-26,54.9368420988,589.525630495358,78.69349975334138,4.9212265,0.5103458,2.5135703,0.8941341,2.718809610763676,0.8190702968911551,3.2738182455512335,1.2854324233129804,,
1994-12-27,54.9368420988,558.0470304953581,79.07013117022164,4.8720446,0.5116298,2.0661347,0.8592741,2.3176059525167734,0.7836069329316128,2.853438423886226,1.2499725441392824,,
1994-12-28,54.9368420988,545.7627504953581,79.25535839348447,4.918376,0.52886164,1.8870331,0.8604037,2.1642638643677152,0.7832105730968205,2.6927671080973483,1.249577564827545,,
1994-12-29,54.9368420988,470.581630495358,79.3562086288776,4.0042515,0.5167416,1.5557679,0.80583084,1.8117283655490948,0.7236097565334968,2.3233816175175144,1.1899800240716392,,
1994-12-30,182.4520320988,384.597160495358,79.27970131466424,3.4477835,0.5670896,-1.2149701,0.96627635,0.2853033694008773,0.6802966771832736,0.7239987243762318,1.1466827682435246,,
1994-12-31,56.2627372988,483.836970495358,79.27995032240125,3.9280524,0.4722318,-0.85830534,0.519152,-0.3597055665077821,0.46766584926826293,0.0481605661838847,0.9340594274617702,,
1995-01-01,353.7932920988,1011.882430495358,79.71605356477099,4.2337866,0.64637125,-1.1220759,0.601509,0.26541907629786315,0.4761001213178222,0.7031640300339492,0.9424864360848868,,
1995-01-02,302.8661620988,1187.672830495358,80.16054974210111,4.47183,0.7336469,-0.41733575,0.4095649,0.576105443119367,0.35877987044259835,1.0287001431613056,0.8251627415061658,,
1995-01-03,228.0035420988,778.103960495358,80.40086851875652,4.3815217,0.7152075,-0.39654708,0.36115763,0.6862563028860154,0.3229322769196903,1.1441158374929223,0.7893139535526209,,
1995-01-04,172.2164720988,678.109730495358,80.56662724508202,4.0739756,0.7203462,-0.35081887,0.30812803,0.5453342569233183,0.285769331560473,0.9964581994511237,0.7521525387732141,,
1995-01-05,160.2390820988,555.066460495358,80.63453231777267,3.7055025,0.7207513,-0.48571873,0.2743717,0.4531771767050269,0.2672058892421124,0.8998963258216172,0.733590109669561,,
1995-01-06,66.8348020988,609.876360495358,80.82354537689699,3.8912258,0.70617026,-0.21931702,0.25877842,0.18665724596185798,0.24342559458584462,0.6206376534417312,0.7098127998989663,,
1995-01-07,54.9368420988,449.3498104953581,81.14718485744837,4.2404575,0.67626154,-0.3131765,0.27490926,0.18289506355055754,0.25579929517234623,0.6166956515715478,0.7221865432012884,,
1995-01-08,54.9368420988,589.518230495358,81.48780060056434,4.114002,0.7039444,-0.09275609,0.3094768,0.2658507792411337,0.2893854225023708,0.7036163669022055,0.7557717324077915,,
1995-01-09,70.1370030988,540.4263504953581,81.66567479099784,3.986539,0.7192776,-0.18359822,0.28003553,0.2954362934338152,0.26127580147672985,0.7346159675402761,0.7276617787111308,,
1995-01-10,102.1009880988,511.3767604953581,81.75798283510802,3.6363301,0.72709465,-0.3224796,0.26072368,0.3363843651874548,0.24874977693456043,0.777521217149759,0.7151352953840832,,
1995-01-11,54.9368420988,588.180530495358,81.82146587471625,3.7986841,0.679188,-0.20231837,0.26873338,0.1394581877563186,0.2525324706265655,0.5711826415958761,0.7189202130098618,,
1995-01-12,54.9368420988,492.128350495358,82.0237767239646,4.316743,0.61868984,-0.45855665,0.32202548,0.020983777215993555,0.296274924691217,0.447045559216236,0.762664026395939,,
1995-01-13,54.9368420988,406.0806304953581,82.76315619536541,4.7893476,0.5543966,-0.7954793,1.3340353,-0.1299670896747895,1.1769214981606881,0.2888797568877982,1.6433123550569084,,
1995-01-14,54.9368420988,891.455730495358,83.37155927732603,5.0331583,0.56974727,1.3432558,1.453259,1.5574497400337333,1.3692986615414393,2.056949342910517,1.8356713800911573,,
1995-01-15,780.6811020988,1198.245330495358,84.15672017423046,5.1719537,0.74285495,1.9784639,7.7853336,3.238286935506795,4.723140918847501,3.8181248106726735,5.1894988066436,,
1995-01-16,817.6263420987999,2792.079230495358,85.29415693839543,5.011219,0.6969903,4.3703313,1.2281759,4.515497336466223,0.9630133125818716,5.156381502872619,1.429362091231554,,
1995-01-17,446.9805897036,2065.479730495358,85.96850134100985,4.911896,0.6719797,5.088825,0.6998689,5.057348578498888,0.5876471563566658,5.724131382048634,1.0539926341065904,,
1995-01-18,387.7894737036,1679.198130495358,86.47114075127821,4.9528255,0.65303767,5.042517,0.6723893,5.0256900531122595,0.55981286924758,5.690959687367781,1.0261585306216574,,
1995-01-19,387.7894737036,1496.561630495358,86.84024188902556,4.9821615,0.64382184,5.2851186,0.69018584,5.222771622444228,0.563934895725557,5.897461082024175,1.0302794326401645,,
1995-01-20,1118.1793037036,2034.421930495358,87.54019010880646,4.9898477,0.7782319,4.7015433,0.84581447,4.803800454650376,0.6116429696802104,5.458464524591067,1.0779899502181272,,
1995-01-21,1662.4972556129806,4669.3355830368255,88.06000750447966,4.7887073,0.73551285,4.2713084,0.69483495,4.407157577282947,0.5475819070304061,5.042863473541322,1.0139313859546712,,
1995-01-22,1313.5779307390085,3628.9381707332286,88.07911578461123,4.6831293,0.6979426,3.2594109,0.70546865,3.63779407438133,0.5501874601548553,4.236727025138576,1.0165422981375856,,
1995-01-23,1012.8005132867636,3055.3088476499324,87.95088493877742,4.5707455,0.66945803,2.644971,0.74116176,3.124413628618614,0.5810578117625549,3.698808748971664,1.0474166022877984,,
1995-01-24,789.1911095393651,2658.118807277819,87.7966153106953,4.5136275,0.6381542,2.4019837,0.6984731,2.885401401787822,0.5580347140918044,3.4483725547207844,1.0243954476099912,,
1995-01-25,648.2895241891958,2272.936937558372,87.64888117341772,4.4220057,0.6117951,2.1453106,0.6490605,2.6505633299361198,0.5229509910518775,3.2023100257883605,0.9893136972567595,,
1995-01-26,563.2252981354676,1993.568576000025,87.51076407892295,4.288836,0.58755577,1.6657386,0.58620834,2.2435696081059664,0.4750470580970911,2.775863395293165,0.9414133324892695,,
1995-01-27,448.992651394434,1643.725093228628,87.4494268863659,4.098213,0.5515954,0.97766054,0.49689937,1.6471751981655136,0.40783753940642675,2.150963371229861,0.8742093846439181,,
1995-01-28,493.6649087036,1261.5913289133778,87.20649695002074,3.7356248,0.4966027,-0.4213401,0.4376013,0.7478041189646446,0.34414271334730845,1.208605428789426,0.8105237286225886,,
1995-01-29,532.2463337035999,1033.5785151467262,86.9778324361962,3.7228627,0.47866926,-1.0344092,0.48426747,0.5826558093787574,0.35868462955284514,1.035563594536588,0.8250674291989663,,
1995-01-30,495.0371337036,1004.2442059181228,86.77739893488562,3.7960882,0.46333262,-0.7791678,0.5768788,0.7315037426776453,0.4155860107747958,1.1915259502359568,0.8819672007829417,,
1995-01-31,446.9846837036,958.8951946527874,86.6454003565859,3.7484307,0.44254315,-0.27359152,0.6309408,1.0051680468649404,0.45275754197242774,1.4782704726887794,0.9191358386857396,,
1995-02-01,428.2318487036,967.705004809564,86.49623044343565,3.9198565,0.42557588,0.32834476,0.6558065,1.4301136051508192,0.4729987987987174,1.923526976057001,0.939372772534026,,
1995-02-02,445.7686877036,833.471160495358,86.33581433327878,3.6667228,0.42188296,0.4564066,0.75419134,1.5750853408729526,0.5129029804072607,2.075427865185565,0.9792755265799802,,
1995-02-03,556.1443737036,718.991030495358,86.1042071063365,3.3663292,0.40272358,-0.7756804,0.67194295,1.0308377996132974,0.41761247848733235,1.5051671518708478,0.8839905082020926,,
1995-02-04,477.6739737036,745.608680495358,85.89477498714572,3.5456629,0.40256882,-1.0269424,0.50584435,0.7585930585371966,0.3460807775222966,1.2199100427934009,0.8124616773119783,,
1995-02-05,221.7017020988,503.441550495358,85.68039681864666,2.8549495,0.36408973,-0.49991035,0.34392768,0.5257878529055026,0.2634491470036794,0.975977544137296,0.7298325683066262,,
1995-02-06,207.0841220988,474.391290495358,85.42433529955203,2.560346,0.37637144,-0.539263,0.22810389,0.4026341966287721,0.19568948235035555,0.8469375640702516,0.6620742625924714,,
1995-02-07,150.4603520988,554.0579104953581,85.21520472609275,2.8447895,0.33976316,-0.41881657,0.22271867,0.27817504425033823,0.1895890751442988,0.7165296896504576,0.6559752463492781,,
1995-02-08,91.3007680988,581.397230495358,85.14962236776188,2.9158843,0.3311742,-0.2496202,0.23386897,0.18001239791643805,0.20706486525725107,0.6136752043740169,0.6734521460269305,,
1995-02-09,95.0614380988,591.878230495358,85.08706397904285,2.962447,0.32529986,-0.25289547,0.22667654,0.1920563702939768,0.20042888157562955,0.626294837460942,0.6668160256153687,,
1995-02-10,98.5607220988,600.885930495358,84.99621252614428,3.2553663,0.30905986,-0.3846128,0.25608015,0.12830547686635796,0.22426448153685496,0.5594968692490103,0.6906523511970184,,
1995-02-11,106.4284520988,617.118830495358,84.91440152061838,3.2897482,0.30902615,-0.40363133,0.28388944,0.13963747255688722,0.24636114756771835,0.5713704955970575,0.7127488879061438,,
1995-02-12,114.5419720988,584.795070495358,84.77925944719276,2.7530875,0.3357422,-0.39764476,0.21926135,0.1184026792644832,0.1914180486635676,0.5491207517727861,0.6578060314555491,,
1995-02-13,98.1717890988,529.5658804953581,84.5290537233517,2.8490381,0.3225394,-0.36541033,0.21048987,0.13729672757299488,0.18459681070522618,0.5689178710043715,0.6509845777444089,,
1995-02-14,110.41654885570456,515.289351924436,84.26165134485301,3.0077057,0.31094685,-0.3935598,0.22293608,0.20665188020826006,0.19161971826741026,0.6415879628568734,0.6580066968330014,,
1995-02-15,95.3315020988,548.385980495358,84.01257653721134,3.086141,0.30995303,-0.3477621,0.22757603,0.16078265071384318,0.1992330979674363,0.5935263409887404,0.6656205973878098,,
1995-02-16,96.0670120988,524.960810495358,83.90135363871116,3.456586,0.3015163,-0.59335935,0.26501086,0.03312810038510823,0.22882028242105154,0.4597703395195424,0.6952092440491301,,
1995-02-17,76.4887220988,511.335170495358,83.80534603541814,3.5016775,0.30553415,-0.5595331,0.28578648,-0.03108094950564697,0.25175834468503244,0.3924923165316659,0.7181480488326708,,
1995-02-18,101.7968200988,496.397930495358,83.70197334587623,3.7434845,0.30779457,-0.76978016,0.29144827,-0.0017426765620095408,0.2474584132458938,0.4232328586341402,0.7138477775381029,,
1995-02-19,104.7684820988,525.5145504953581,83.67351984606903,3.9419842,0.31493884,-0.7423363,0.38245797,0.03631255251439426,0.32315266365164913,0.4631069975751032,0.7895415885771084,,
1995-02-20,107.0869050988,512.742700495358,83.89082683656785,4.1203403,0.32288477,-0.4968269,0.5859862,0.300873230764965,0.4879456094181168,0.7403127718906144,0.954331525626339,,
1995-02-21,121.5949820988,578.522230495358,84.13816699321087,3.6549487,0.31267783,-0.49810064,0.6586376,0.2231928139901545,0.5469493000390964,0.6589194967311889,1.013336091369054,,
1995-02-22,135.6106120988,589.359270495358,84.35664264619662,3.5584955,0.30459914,-0.7184377,0.29437402,0.08159215324809913,0.24599873266973082,0.5105508084433072,0.712387136976582,,
1995-02-23,105.3247420988,551.3418304953581,84.58348234306952,3.836267,0.314389,-0.44465137,0.33555737,0.24197810697415068,0.2862133938475196,0.6786026625055084,0.7525999729161246,,
1995-02-24,109.9179750988,676.401690495358,85.033174892607,3.595273,0.31914705,-0.24248981,0.37047946,0.2939829938603799,0.3217983956765326,0.7330932052150867,0.7881843892290257,,
1995-02-25,103.6726670988,693.273830495358,85.40361596879022,3.312016,0.30243286,-0.29719198,0.2579289,0.1723203665994373,0.22779873846366097,0.6056155202539573,0.6941861066443881,,
1995-02-26,98.5916120988,665.5660304953581,85.71535975134755,3.297924,0.3021617,-0.3069049,0.2264739,0.1581900868372717,0.20106978033734743,0.590809861421105,0.6674573092686572,,
1995-02-27,84.1440700988,631.853530495358,85.72638142181597,3.439188,0.30578285,-0.30583644,0.22794276,0.134279001148779,0.20433959869551527,0.5657559075726599,0.6707274001669918,,
1995-02-28,117.8390520988,555.717610495358,85.92311821432064,3.648889,0.3168428,-0.31829238,0.41080058,0.3757678635767014,0.3434338151868241,0.8187871121362571,0.8098188941897235,,
1995-03-01,54.9368420988,1006.637780495358,86.42922071975782,3.8231869,0.3182726,0.1848998,0.35706928,0.37318238069135073,0.33899120578713676,0.8160780520070178,0.8053763135848275,,
1995-03-02,54.9368420988,835.076330495358,86.68288075809097,3.6479602,0.31569353,0.114498734,0.31382647,0.3326047353765328,0.2950993446888295,0.7735609339538929,0.7614849054052597,,
1995-03-03,54.9368420988,678.3042804953581,86.89050148420365,3.8106155,0.32324103,-0.09823656,0.2562428,0.1946275244141405,0.23827821009239133,0.6289888839589989,0.704665324964427,,
1995-03-04,54.9368420988,635.418300495358,86.90669693288386,3.8176913,0.3117831,0.20324111,0.38600037,0.4908705755463936,0.3561486327900158,0.9393913402791632,0.8225324376263272,,
1995-03-05,54.9368420988,629.200230495358,86.93812160656358,4.0602694,0.33269706,0.4249338,0.6074125,0.7168546121329457,0.5592751950972894,1.1761766413267682,1.025656542396874,,
1995-03-06,54.9368420988,706.260890495358,87.09025627724041,4.2133756,0.35056606,1.2904449,1.2880185,1.5013973753649736,1.1953279379663486,1.9982178668160135,1.661701206754456,,
1995-03-07,54.9368420988,859.209030495358,87.45837280184531,4.1364274,0.3683613,3.2657871,1.1238445,3.318109438723616,1.0565374804622374,3.901762556683681,1.5228947443070961,,
1995-03-08,284.9759620988,3302.024530495358,89.54321133108681,4.261437,0.43885043,3.0051494,2.5026295,3.104957480202521,2.3040672432876645,3.6784226631687975,2.770426189534531,,
1995-03-09,54.9368420988,5264.715430495358,91.77589113514544,3.2708411,0.3856183,1.6241012,0.9949803,1.6411072910248115,0.984713026153266,2.1446054388699363,1.4510849301604385,,
1995-03-10,54.9368420988,3807.192430495358,93.70395893193675,3.5097208,0.37211752,0.8530023,0.56312996,0.890792791169031,0.5551449682089133,1.358428470742858,1.0215244637300014,,
1995-03-11,54.9368420988,2727.112130495358,94.77350052364004,3.8146348,0.37579864,1.0743375,0.5677572,1.1284498588046876,0.5565952263835939,1.6074447338214546,1.0229722476869072,,
1995-03-12,54.9368420988,2459.079930495358,95.58482734964224,3.7993932,0.3871238,2.1256194,0.83224595,2.162195080362321,0.814103489270845,2.6905994432882805,1.2804704998104461,,
1995-03-13,387.7894737036,2725.4976464953584,96.34589991064465,3.8155427,0.45506096,3.7483006,0.9629881,3.7566762001071186,0.8449421534416406,4.36129131009584,1.3112961191237686,,
1995-03-14,387.7894737036,2911.812330495358,97.4348609773942,3.8515854,0.5361413,5.452913,0.7938334,5.264714972089467,0.7033652676693748,5.941409180406288,1.1697095710069167,,
1995-03-15,387.7894737036,2408.567730495358,98.3910177930779,3.9522705,0.5070942,6.1732974,0.72413605,5.865292816150088,0.6276670946238346,6.57069259244035,1.094008274086736,,
1995-03-16,387.7894737036,1796.263730495358,99.41147190268197,4.0925446,0.49746758,7.2550273,0.76896626,6.693512806141944,0.6385708049464175,7.438498666825413,1.104908353172858,,
1995-03-17,1476.111343628443,3022.5160127468303,99.01239820461976,3.8776188,0.46875367,6.940244,0.8477015,5.935320751612106,0.5899526772730994,6.6440676238389305,1.0562935193439582,,
1995-03-18,1069.2202093969624,2480.8281000684005,98.85683891573002,3.7370996,0.45774716,6.851831,0.7903862,5.913721566122098,0.5692802155821552,6.621436071115622,1.0356211611189332,,
1995-03-19,846.2856690833967,2185.553873269065,98.62420134571909,3.800263,0.4437263,6.526405,0.80506814,5.765449399834418,0.5934171271452371,6.466077002122436,1.0597587973489884,,
1995-03-20,387.7894737036,1104.870530495358,98.73479708991866,3.9361963,0.48215833,6.4954343,0.79563856,5.830550427447264,0.6021077368651696,6.534289636318445,1.0684490857971587,,
1995-03-21,387.7894737036,1235.726630495358,98.88030123311988,4.13747,0.4821391,6.513877,0.8075628,5.946253548480221,0.6253653668606146,6.655522971025444,1.0917061567638184,,
1995-03-22,387.7894737036,1337.315430495358,99.14095106209132,3.8018994,0.44355235,6.0433574,0.78624254,5.539495959314066,0.6176032268511404,6.229323759528407,1.0839460497363387,,
1995-03-23,387.7894737036,1589.1017364696145,99.12187921348038,3.7361593,0.45048332,5.213342,0.72474855,4.923576135445586,0.5892447371685071,5.583965073495605,1.055590998629761,,
1995-03-24,387.7894737036,945.393880495358,99.36123443639616,3.7299352,0.4710656,4.5043488,0.699185,4.279091339338834,0.5143948317723275,4.908676107196014,0.9807451557892479,,
1995-03-25,387.7894737036,740.272300495358,99.46174623272589,3.8458195,0.49369213,4.4148126,0.6694607,4.2192119899764275,0.47096449267324986,4.845934729621401,0.9373152182615851,,
1995-03-26,387.7894737036,812.2789704953581,99.5209187336567,4.0856843,0.5079345,5.0053306,0.70908815,4.70815656214708,0.5072430412338251,5.358249180968404,0.9735906077542822,,
1995-03-27,387.7894737036,756.910330495358,99.52216721063098,4.133486,0.5104409,6.1717095,0.7612182,5.481221332774214,0.5322158749415524,6.168263805041796,0.9985590045812498,,
1995-03-28,387.7894737036,568.952130495358,99.5166486797584,4.2215095,0.509797,7.6377096,0.8910338,6.253044775322401,0.5687414732427639,6.976977769797336,1.035080854982211,,
1995-03-29,387.7894737036,518.083910495358,99.48189139605358,4.3307443,0.5151034,8.983736,1.0047174,6.991866907524232,0.6154715136948996,7.751113074381299,1.081807946034858,,
1995-03-30,54.9368420988,528.412630495358,99.60858415445722,4.3460994,0.5634796,7.2111344,0.8372552,6.941320221285113,0.760261029210112,7.698150429325153,1.226597643438694,,
1995-03-31,54.9368420988,540.525330495358,99.72096513504104,4.209121,0.56221944,7.144138,0.78537285,6.873355679224655,0.7147994708578187,7.626937414479371,1.1811363342580774,,
1995-04-01,54.9368420988,518.748330495358,99.81621063232556,4.0694637,0.56700873,6.600962,0.77361655,6.358542562759178,0.7016381162813844,7.087517990847445,1.1679770386619837,,
1995-04-02,54.9368420988,505.244410495358,99.87438288293096,4.13435,0.5669196,6.174435,0.857881,5.974364457404304,0.7757437358597219,6.684977485303764,1.2420843922546976,,
1995-04-03,54.9368420988,478.645710495358,99.94462057700868,4.2106657,0.5715323,6.1983,0.9356962,5.9936561147280765,0.8414184608403064,6.705191217902381,1.307759026135612,,
1995-04-04,204.89214495502608,484.080530495358,100.0,4.276459,0.54595053,6.252862,1.1955292,5.66510368790051,0.8555403078891846,6.360935108172743,1.3218824827900084,,
1995-04-05,969.4736841976,474.3403304953581,99.48238610734307,3.5594192,0.5192973,10.857749,9.560104,5.957160241214285,3.160104866122749,6.666950966389533,3.6264456041190716,,
1995-04-06,54.9368420988,493.314200495358,99.59180632731626,3.760765,0.56180364,2.8812728,0.8097288,2.969401268491069,0.7307624877819247,3.5363873279132667,1.1971225309980165,,
1995-04-07,54.9368420988,459.658070495358,99.72815023437232,4.215355,0.5630755,3.9654365,0.79469776,3.9921171168783687,0.7123985421845629,4.607985497874243,1.1787508280142585,,
1995-04-08,70.86095562998918,463.06427902238,99.90800926762388,3.8906002,0.5789156,4.395795,0.9333308,4.328746947998456,0.8131000742970684,4.96070508421036,1.2794500684166108,,
1995-04-09,192.1563161323161,509.7661704953581,100.0,4.1441455,0.5606255,4.4302197,1.1478033,4.351904796324694,0.8475947148626464,4.984969798525448,1.3139445560924028,,
1995-04-10,1010.1034181976,800.938070495358,99.55681913159388,4.186396,0.4902646,10.642172,3.619225,7.041480666003159,1.623801396301675,7.80309820091937,2.090137652951893,,
1995-04-11,54.9368420988,676.371230495358,99.72047139888382,4.470339,0.56306964,5.7371974,0.91178346,5.6420292856529946,0.8443492236663697,6.3367578283736945,1.3106915162503472,,
1995-04-12,67.3343250988,602.778230495358,99.86219377752649,4.908131,0.6141245,7.362942,1.3171631,7.116277614413365,1.1864176907250976,7.881470187783006,1.6527536878296898,,
1995-04-13,968.0694326550364,1974.3582014371243,100.0,4.7826204,0.5176636,8.563565,0.9651658,7.31962060508134,0.6696430302246108,8.09453227831167,1.1359783540722215,,
1995-04-14,1063.0022332304577,1563.3689304953582,100.0,4.4941154,0.46251944,9.504479,1.285644,7.476575563599466,0.7878535505647536,8.258989147323279,1.254188387083225,,
1995-04-15,749.3298196287254,1493.325720126164,100.0,4.375996,0.50290316,7.599117,1.0233505,6.522187955136476,0.7018344069001462,7.258985073586589,1.1681726419224194,,
1995-04-16,652.2116093278527,1286.7836386033005,100.0,4.600162,0.50481284,7.7841997,0.9463426,6.7131984601875985,0.6505754979728994,7.459125227842407,1.1169129694350852,,
1995-04-17,389.46793177317255,834.0061356302454,100.0,4.7457623,0.5400944,8.646697,0.94082534,7.404914313877384,0.6639782105716447,8.183902734826209,1.1303132660955488,,
1995-04-18,436.0619149120417,946.1619826559104,100.0,5.153431,0.57474285,10.171978,1.0518805,8.588734324014418,0.7425137911033511,9.424305294761528,1.2088459816629844,,
1995-04-19,536.3411403409077,1187.5847545562945,100.0,5.771349,0.6829847,12.494335,1.1269702,10.402705768036379,0.8049054122742585,11.32497837305656,1.2712363226979737,,
1995-04-20,278.4204450862051,922.7706335875562,100.0,5.9500284,0.7144465,13.502716,1.0264709,11.752101451141012,0.8057490969233311,12.73887055713521,1.272081496249546,,
1995-04-21,282.2037860310399,859.4354448083059,100.0,5.9691496,0.6621348,12.956002,1.0256425,11.228909984336912,0.7892695732670298,12.190672326658433,1.2556011481061298,,
1995-04-22,288.45028446992825,877.9811823854716,100.0,6.1196895,0.6887249,12.217749,0.9889345,10.709741567041043,0.7636140255939886,11.646689433704273,1.2299450917682735,,
1995-04-23,276.26988935007734,806.518257173319,100.0,5.995471,0.69326997,11.408613,0.9374371,10.0274675001239,0.7203095623773383,10.931804998625715,1.1866404288657457,,
1995-04-24,164.26956661445163,609.0273295292313,100.0,6.038825,0.7501045,10.07493,0.90229005,9.217550253161408,0.7282645111087691,10.083176475822023,1.1945958317107488,,
1995-04-25,200.81749934159672,612.8301520200584,100.0,6.583151,0.7090566,10.822104,0.89762306,9.775882470331457,0.6983620879908647,10.668195064409595,1.164693015208686,,
1995-04-26,173.17361742994942,565.4550192557417,100.0,6.824107,0.7809849,11.964989,0.9273643,10.759694182173975,0.7331735421934296,11.699029613086088,1.1995046439054748,,
1995-04-27,81.83957424215112,451.92930628165215,99.93357031733466,7.048395,0.8595677,13.239533,1.2212551,12.290283405547815,1.042372501433783,13.302775769279679,1.5087060755371966,,
1995-04-28,117.63877379643448,439.4270765972353,99.96104520404396,7.4119062,0.90954614,14.793312,0.97514087,13.234538491198867,0.7928328106793479,14.292163020250316,1.2591692464759654,,
1995-04-29,116.43054241766008,473.1238991047522,99.9460503465097,7.0217285,0.8315162,13.77481,0.9712992,12.441150270215296,0.7965883401591248,13.460853554365688,1.2629223030338026,,
1995-04-30,78.0300329914601,457.4974037888826,99.91704968945506,7.267041,0.9726719,12.179895,0.9353823,11.464058735012715,0.8115613673302646,12.437060383800747,1.2778932740001843,,
1995-05-01,258.7896276529646,761.1287250499695,100.0,7.207358,0.96583873,12.051442,0.9523662,10.82232536515916,0.7517823764157879,11.764654352523976,1.2181135267180336,,
1995-05-02,423.1402262964,529.726450495358,99.91379848747044,7.29675,0.94344515,15.514677,1.4020219,11.865335994774634,0.8848885425291056,12.857517324881595,1.3512211615125125,,
1995-05-03,103.41052629640004,461.6424304953581,99.7512342927688,7.332219,1.0134803,12.422097,0.96036434,11.490596954774526,0.8062327087712078,12.464867039750807,1.2725646568621916,,
1995-05-04,103.4105262964,428.7129904953581,99.56133997932712,7.788088,1.0373392,14.281668,0.9834248,13.019734172970836,0.8175542826500602,14.067091789882813,1.2838899778466166,,
1995-05-05,113.29348029639992,465.2317004953581,99.38875152219624,7.1600122,1.0595082,14.553717,0.9844194,13.1057960967103,0.8183779354821986,14.157267179389054,1.2847139210659262,,
1995-05-06,103.41052629639994,458.99633049535805,99.28191156791422,7.0957193,1.0654056,13.763797,0.960857,12.537728183390929,0.8082813034750198,13.562047561656035,1.2746155288894605,,
1995-05-07,117.92537710089456,436.0092404325976,99.15764418588184,7.241503,1.0761744,13.688683,0.9279889,12.316162976374526,0.7655192136930804,13.329892295127019,1.2318528526361687,,
1995-05-08,148.82073090412345,454.5820288177532,99.22966993415984,7.2057724,1.0726601,13.926477,1.0292397,12.268910874938324,0.819282189313802,13.280381704765396,1.2856157104471926,,
1995-05-09,166.82456796227677,477.4585521116712,98.90571396393972,7.2677517,1.1030079,14.1426735,1.1382153,12.362546366468852,0.8905365291042753,13.378492652714167,1.3568702861749238,,
1995-05-10,129.1243417785303,443.9077685305922,98.69342210683897,6.761338,1.1539466,13.914347,1.1110393,12.30252164597226,0.89910403124997,13.315598955762079,1.3654376359200702,,
1995-05-11,138.4301222964001,464.0278104953581,98.57353432071008,7.0256777,1.3255829,13.51842,1.0975566,12.026546522162526,0.8985626232808513,13.026433164408008,1.3648955802893727,,
1995-05-12,136.02386829639994,512.922230495358,98.34481103861016,7.7217135,1.4788636,13.545083,0.9519566,12.324462030138529,0.8137709603320563,13.338588015292045,1.2801046202301278,,
1995-05-13,133.7414322964,502.215650495358,98.32649822819332,8.514268,1.6648957,15.308418,0.98545694,13.879612110798197,0.8533514028957905,14.968068953792637,1.3196903799762447,,
1995-05-14,134.73687149925664,461.36315248556537,98.26271174515172,7.826929,1.6828431,15.635405,1.0405468,13.870449852754264,0.8906599763736394,14.958468771133816,1.3569989140272531,,
1995-05-15,151.82784391652498,477.5349409116353,98.16712625817938,8.205068,1.837852,15.144732,1.0107247,13.47060369667144,0.8858345642093512,14.539511335595941,1.3521718747757359,,
1995-05-16,176.1305204657062,501.6506629710485,98.04072927596394,9.094676,2.020076,17.06718,1.0181036,14.99541850483977,0.9183583719050094,16.137207079276052,1.3847028683180052,,
1995-05-17,171.49217854651653,465.8224257233021,97.90357057544172,9.079152,2.1624763,17.962757,1.163298,15.572306985703499,1.0303196897844362,16.741668857530446,1.4966675981765907,,
1995-05-18,155.63295329639982,456.283850495358,97.80068498062649,8.39597,2.1148722,17.458014,1.4595908,15.153202593221321,1.2140262564070106,16.302532707724318,1.6803716482121505,,
1995-05-19,180.3115462964001,468.2185304953581,97.69731570320018,7.9043083,1.91439,16.339449,1.5387361,13.994217302731613,1.2318453384847574,15.08815188214222,1.6981848168433937,,
1995-05-20,168.79064629639953,474.8386904953581,97.61270243491047,9.390194,2.3868363,16.08679,1.0573676,14.330619682412737,1.0001610071847737,15.440633145638094,1.466502043715049,,
1995-05-21,169.67524111310823,459.81450164945807,97.48455133993596,9.849624,2.6880376,19.706669,1.1945748,17.049760562989,1.1341817363978246,18.289739665387795,1.6005401187012933,,
1995-05-22,208.3269255237161,485.89907354629247,97.29564995036908,9.441693,2.582172,20.770893,1.1302907,17.371168274956325,1.1073736893631834,18.62650956730986,1.5737346807745325,,
1995-05-23,228.2145242913276,483.2685821754484,97.107686385327,9.364648,2.6021988,22.250973,1.1893228,18.11756961258404,1.1615888072017884,19.408586337430847,1.6279563134257091,,
1995-05-24,234.0767267356183,469.3567261149665,96.90278376037176,9.076575,2.591471,23.395363,1.6639525,18.630598095174218,1.4058081734518584,19.946135827788698,1.8721805269664467,,
1995-05-25,208.35411629640004,452.6384704953581,96.88207890898543,8.55621,2.351837,22.712467,2.4065397,18.250216621698243,1.8070309002692544,19.547573420149593,2.273399630944848,,
1995-05-26,204.31666629639983,525.488810495358,96.92663230514272,8.2718525,2.2426765,19.759792,1.8174212,16.543623575713834,1.451441576187904,17.759411060263616,1.917796089291985,,
1995-05-27,148.9564742964002,499.686230495358,96.914377698878,9.005349,2.5595913,19.572916,1.1655684,17.146144726029995,1.0731873696610794,18.390730661949373,1.5395465219859563,,
1995-05-28,145.54138229640017,427.429230495358,96.85060851360852,8.591553,2.342442,20.200508,1.5562443,17.251694730422884,1.304536570446982,18.501325595747602,1.7708965782070862,,
1995-05-29,174.43865629640013,461.905560495358,96.79692153043844,8.839673,2.5445023,20.464844,1.729282,17.278079253746967,1.4360207115698829,18.528971209095594,1.9023809351550542,,
1995-05-30,103.4105262964,529.8020704953581,96.86223976628273,8.478631,2.2762995,18.619837,1.3544372,16.963667247303373,1.1926581068174338,18.199531383507676,1.6590158102968078,,
1995-05-31,116.54519096556908,467.4088707989978,96.83401420315585,8.669118,2.462982,21.219276,1.3176551,18.714523546310843,1.1636055668172358,20.034072628604854,1.629978741935865,,
1995-06-01,459.02928075368015,670.2298844797649,96.22638146985976,8.664078,1.9545429,27.819931,1.8995689,20.033323827829562,1.3792379881788297,21.41590705548693,1.845625131572215,2.859296020241097,4857.140703979759
1995-06-02,463.726067521327,718.8715963584204,95.710240516255,8.226533,1.64798,28.356213,1.8666872,20.462862676659327,1.305819718673986,21.865976392985655,1.7722118409245704,3.0192853465745384,4854.1214186331845
1995-06-03,413.07497095402647,809.6759478489944,95.33311024795807,8.040669,1.510783,26.397068,1.5677686,20.195830556044054,1.1568137275786843,21.586181049808612,1.6232027298074234,3.1509423802417618,4850.970476252943
1995-06-04,325.00122682588386,752.7922192317777,95.08362096258676,7.998872,1.2134207,25.837465,1.404995,20.45835968116876,1.0473238328242362,21.86125816970336,1.5137159017857011,3.260269848161773,4847.710206404781
1995-06-05,218.64506648077435,579.738408966932,94.8450470759104,8.089871,0.99403846,26.421967,1.4155468,21.40154430549215,1.0633232410214721,22.84952379495406,1.5297269778809928,3.342414561822229,4844.367791842959
1995-06-06,368.3691954043832,716.0776733868429,94.4202691618956,7.9959254,0.8617477,28.822079,1.5429766,21.747768706534394,1.060068848221895,23.212296538857217,1.5264771233259384,3.47173405460754,4840.896057788352
1995-06-07,401.1814787357248,737.4184057659651,93.91023550417312,7.857253,0.80606323,30.208624,1.6431859,22.333200643959202,1.1014617221233967,23.825710121691966,1.567877982722802,3.63299403792104,4837.263063750431
1995-06-08,479.05655163178636,785.34243481951,93.33932067598256,7.327359,0.78892785,29.716633,1.7307553,21.233766010534822,1.1157882064323161,22.67372627101918,1.582189793380942,3.873360454494166,4833.389703295937
1995-06-09,540.5836528523802,769.85152481951,92.74531270460254,7.222327,0.7432127,29.266186,1.6962601,20.172603896134213,1.0426125071077137,21.561844234951444,1.5090012418086116,4.064145192641887,4829.3255581032945
1995-06-10,576.0623662293827,755.95768481951,92.14240585932836,7.4034214,0.75702715,28.744,2.0151439,19.514781125711703,1.189588070246014,20.872579784757388,1.6559694841751038,4.2035641929404886,4825.121993910354
1995-06-11,418.0148690549599,741.43375481951,91.6206165999013,7.383084,0.66893864,26.852661,1.8592067,19.83331362293225,1.2131231682139014,21.206337046496206,1.679508065238991,4.385245798214691,4820.736748112139
1995-06-12,156.30584162005673,437.153790495358,91.45296773004938,7.081759,0.73237467,23.247675,2.313023,18.989883908070365,1.7147015291954024,20.32259427438417,2.1810774565694135,4.655568620056724,4816.081179492083
1995-06-13,127.55649181842206,474.8213304953581,91.36393622222568,7.5984416,0.8436194,21.218548,1.2217175,18.334422769801275,0.9794416951389933,19.63580433428763,1.445811213553751,4.756491818422984,4811.32468767366
1995-06-14,178.91177233156705,386.8356383885985,91.05601700279723,7.590005,0.7077215,24.357796,1.4066323,19.0551551512553,0.9874962173214593,20.39098525987476,1.4538728097997657,4.981730653931526,4806.342957019729
1995-06-15,210.70742005548354,407.7899373259834,90.69098488822098,7.321802,0.5821946,25.056446,1.3696895,19.01467237213553,0.9245927537571698,20.348567542296525,1.390968933148229,5.300870401022243,4801.042086618706
1995-06-16,255.87251007660595,446.5023713823665,90.31546825667355,7.4208817,0.57002497,26.41858,1.4278213,19.497789882301905,0.9311225431118757,20.854776417994263,1.3975037745039913,5.547698767556113,4795.494387851149
1995-06-17,267.29332380224224,456.8727069717946,89.92468487052611,7.4722166,0.5651206,28.141031,1.5061656,20.51206783075022,0.9728570140032804,21.917533385242688,1.4392497200657348,5.819820944372234,4789.674566906777
1995-06-18,295.7416313837675,489.70046181985606,89.49663306422994,7.618329,0.581294,30.421991,1.6298674,21.835753930493468,1.0394796938091793,23.30448715575909,1.5058891440448068,6.072546332078454,4783.602020574698
1995-06-19,310.8245949929475,490.6552084790736,89.05663486701896,7.7497873,0.6022892,33.06407,1.7981056,23.246853381451913,1.1252847715860732,24.783032336871187,1.591714277572994,17.402989449000074,4766.199031125698
1995-06-20,306.9719886717223,485.0783605189421,88.6110624561438,7.914155,0.6251711,35.06119,1.9849032,24.539916231381287,1.2395334280349697,26.137899170912956,1.7059833105715958,7.312919924425431,4758.886111201272
1995-06-21,312.7426656963775,484.0773759288795,88.14935128002378,7.6265435,0.59323186,34.05982,1.9069872,23.685063147119315,1.1816826897437709,25.242187031392344,1.6481188871133574,8.012207178665514,4750.873904022606
1995-06-22,318.71053549590147,471.9729765617456,87.68391093843552,7.4863605,0.58257073,32.79706,1.8920141,22.594763699823602,1.153531142470259,24.099774997518107,1.619951097510294,15.134409639418092,4735.739494383189
1995-06-23,304.72805918681297,451.20468668136346,87.23356023328904,7.4102345,0.5516164,30.80183,1.8614063,21.372320006997217,1.1330785777492975,22.818902674889337,1.599481937814098,10.062241047986602,4725.677253335202
1995-06-24,307.9487801918036,453.0265147116771,86.7899059053144,6.8887453,0.549135,28.217005,2.5994518,19.585960469047286,1.5633889242018861,20.94716125739,2.029771106398819,11.324928402740776,4714.352324932462
1995-06-25,307.20657584441784,442.8483934497653,86.35002810669472,7.297419,0.5028436,27.824986,2.0537555,19.417330528915002,1.2299469565949668,20.770471382552007,1.6963273280946622,12.243012298075039,4702.109312634387
1995-06-26,409.33968388109633,341.2064966366244,86.03367307189666,7.3094425,0.59506404,33.81937,5.441717,19.36114541109917,2.4950612598080526,20.711600808163794,2.961441035230332,13.557739294432992,4688.551573339953
1995-06-27,327.34232258312403,403.1026812681195,85.71704079131204,7.1867514,0.56381553,30.008776,7.2450686,19.781291895190293,4.006232390973281,21.151828857995564,4.472616711223873,15.228089921906706,4673.323483418047
1995-06-28,335.6961957916476,471.5472014136624,85.2856382200732,7.514042,0.6180233,26.92193,2.1693623,18.851063049318014,1.293021724710226,20.177138253118823,1.7593962537184997,16.9657362046464,4656.3577472134
1995-06-29,355.6486649599138,503.17920291070567,84.78341408690576,7.706311,0.6037939,28.43929,1.7182984,19.853568746786575,1.0373204021066853,21.22756029603209,1.5037055245410147,19.136794270460214,4637.22095294294
1995-06-30,361.83093607174203,491.2617685765838,84.26660718114276,7.525817,0.55724317,30.100216,2.1440778,20.525505127315164,1.2571061351424022,21.931612938650336,1.723499001117586,22.271759151271677,4614.949193791668
1995-07-01,308.41887227647686,355.7887660963098,83.8672188050023,7.457552,0.53784025,31.241684,2.9849486,20.19773512996428,1.618301042978571,21.588176655851765,2.0846900671718154,26.291537105043496,4588.657656686625
1995-07-02,204.46242863033905,320.98635749535805,83.62056417666408,7.3202057,0.501109,28.341553,2.2635696,20.161734294262704,1.3964509488352392,21.550455103266355,1.862839558550449,31.755461630339063,4556.9021950562865
1995-07-03,196.24416282645495,304.8871892090383,83.29565235358952,7.3539724,0.5099721,26.843708,1.9409509,19.21148380879504,1.197638056584577,20.55478589286212,1.6640162618345047,39.11567005526319,4517.786525001024
1995-07-04,305.9796237880008,404.58485268026953,82.80128950592393,7.4212956,0.51804084,27.471165,2.5476768,18.837393110075283,1.4676614825912524,20.16281493750864,1.9340358750917295,49.48172785706735,4468.304797143956
1995-07-05,361.8482434053383,447.24158775437513,82.26240601926138,7.698729,0.57330734,29.243256,2.4651227,19.607923669816955,1.386561506185106,20.970174224079013,1.8529439266094063,63.81907661855664,4404.4857205254
1995-07-06,429.4048257405416,395.6408213017529,81.72781199289983,7.5924754,0.57233256,33.51686,3.8287144,20.024205981645537,1.8600214565588473,21.406353407423104,2.326408496552221,86.36021775056739,4318.125502774833
1995-07-07,444.5939726558762,355.5435354156488,81.27037294160098,7.529764,0.564892,34.44645,5.277661,19.490275071527172,2.366056740128762,20.846902424952592,2.8324378908945294,118.94645355676299,4199.17904921807
1995-07-08,416.6021221002819,369.3433658061296,80.81906367753889,7.368278,0.52903014,31.517525,5.1922054,18.716856512485613,2.456060549237983,20.03651710258793,2.9224337473106794,157.46937119396867,4041.7096780241013
1995-07-09,470.74175988479294,423.7504169348341,80.2913945814977,7.2451015,0.4874291,29.217472,4.424244,17.654137388108673,2.1115493648415873,18.923003636789367,2.57791275111147,168.98316782718265,3872.7265101969188
1995-07-10,450.00283271006515,458.1775576009318,79.7682863168705,7.366434,0.5044331,27.463263,3.5318494,17.505296241728352,1.7992654546082016,18.767048392400074,2.265627569772867,123.61229062000177,3749.114219576917
1995-07-11,391.9078132705745,431.713429206258,79.23890711466817,7.586419,0.5275093,27.313736,3.481864,17.926788160966858,1.842251269355669,19.20868618458013,2.3086170497741985,76.39718168386705,3672.71703789305
1995-07-12,353.68744022109337,428.7290098107841,78.67327411583113,7.73012,0.5610885,29.793459,2.7334757,19.81983708131142,1.5191450564394597,21.192216372253153,1.9855298037506763,50.94305698780516,3621.773980905245
1995-07-13,353.1604382098475,452.11652850065246,78.10606801447763,7.796999,0.5759897,32.749844,2.4727457,21.80658071421882,1.4110977769275932,23.27391955947017,1.8775068365447165,37.055285261721465,3584.7186956435235
1995-07-14,356.4476448146491,465.22309223784606,77.55132623240102,8.176671,0.6772186,35.783455,2.4886618,23.80740092776163,1.4393599707972529,25.37037213975858,1.9057980754341113,28.031867292692898,3556.6868283508306
1995-07-15,358.8888606226825,467.0519584464628,76.95047269145401,8.279677,0.69592035,37.642075,2.6017082,24.88348821802374,1.5019659684589624,26.497892724074834,1.9684215864655794,22.663323183714315,3534.023505167116
1995-07-16,340.78406645668554,444.7082805354043,76.35232607668648,8.112249,0.6559162,36.565666,2.4706655,24.221216087768937,1.4274257995712698,25.803966249857876,1.8938704824537849,19.451768999073128,3514.571736168043
1995-07-17,248.3281654411567,365.03962735839775,75.88620401263059,7.8715916,0.5948504,31.892094,3.3243952,22.167150015951094,1.9930838470167687,23.651722841280744,2.4594978028232615,17.197269698536935,3497.3744664695064
1995-07-18,144.03392841232218,211.52872049535804,75.60663317079835,8.1664095,0.62163043,32.072388,3.7365434,22.388378523737476,2.237134435282562,23.883525315507494,2.7035514687315256,15.279071112322178,3482.0953953571843
1995-07-19,187.41121809094898,252.5114878294096,75.22908100533087,8.086158,0.6138196,32.482536,3.5337765,22.08944918180031,2.0451406353347354,23.570308172864564,2.511553523474474,13.082516889437807,3469.0128784677463
1995-07-20,284.7472361170886,388.2663095849125,74.71813016420639,8.0640955,0.62441635,32.203545,2.4601486,21.99031568233009,1.443655835471861,23.466436430990584,1.9100673714642804,11.755476804051712,3457.2574016636945
1995-07-21,307.9584033354357,411.2815722825068,74.18717350869039,8.034308,0.61775774,31.745222,2.5123937,21.592873279983348,1.4608037068688884,23.049997640400555,1.9272099346924167,10.671990891403434,3446.585410772291
1995-07-22,316.1419567623277,421.4217415944185,73.57250261836604,7.9047704,0.5893215,30.315725,3.2501748,20.70971683222276,1.8741531776703297,22.124629333356303,2.3405482567004907,9.832351314370458,3436.7530594579207
1995-07-23,318.5237966377429,417.55123464428266,72.9626405855679,8.028006,0.64070594,29.855722,3.340111,20.41015378243645,1.9149132008828527,21.810748193795266,2.3813047008210617,8.963765334801495,3427.7892941231194
1995-07-24,311.5486370347987,401.3320459568802,72.48169178477093,8.051665,0.6400616,30.304241,3.6585937,20.57924813520727,2.0785945303008533,21.9879246786084,2.544988037917392,8.256543784500915,3419.5327503386184
1995-07-25,331.0225410605542,431.6514780596221,71.97097385755042,8.2081785,0.6948203,29.25121,4.0424137,20.11792645123712,2.3076793149347483,21.50455339509377,2.7740674222884825,7.6047857929247415,3411.9279645456936
1995-07-26,326.7079843789073,473.6249554906824,71.4908787321333,8.063915,0.6919953,28.493977,3.3727481,20.154117231081383,2.015832063013881,21.542473970502595,2.482220585223689,7.14953119434975,3404.7784333513437
1995-07-27,365.6257727387937,459.8215848847661,71.09425506366446,8.36447,0.69669795,30.127956,3.735919,20.487981620354425,2.103877029610632,21.892295936324565,2.5702694495478977,6.569874258852483,3398.208559092491
1995-07-28,351.72220861499426,456.9210649456932,70.69431222403537,8.651991,0.75326043,31.506538,2.9606593,21.565873345554483,1.704691170838605,23.021707201400652,2.1710970446064493,6.046414694035958,3392.1621443984554
1995-07-29,331.4952973978973,509.81252105147416,70.17649610269658,8.590307,0.7379264,29.569244,2.981418,21.303044003871484,1.8299159089835868,22.746315515622364,2.2963183797596276,5.7384141343916815,3386.4237302640636
1995-07-30,348.28465897811645,516.2001511251873,69.60852766684368,8.6346,0.7887037,30.018112,2.3690307,21.403097470138956,1.449841514586747,22.851151195561755,1.9162452714988547,5.416402558029516,3381.007327706034
1995-07-31,357.9044303787221,504.8522954486459,69.01718799731881,8.713773,0.8043919,31.079361,2.3726866,21.801261051541122,1.4279428957590259,23.268345635100832,1.8943518842527298,5.107333436858389,3375.8999942691757
1995-08-01,363.0023535512179,501.9885963874432,68.55870319649839,8.844955,0.8384646,32.14228,2.3179584,22.36531833896173,1.390462005970866,23.859362932726764,1.8568787160037765,4.807716026259445,3371.092278242916
1995-08-02,365.27866334220204,497.7968147747504,68.10535787403566,8.749477,0.8345754,32.939613,2.3434653,22.701643718489102,1.3970324636167257,24.21176351572475,1.8634539507885821,4.789699849911022,3366.302578393005
1995-08-03,369.2665866030525,505.1894419866413,67.60305837153152,9.04968,0.8665729,34.122902,2.4497578,23.534944535478367,1.4618142200936657,25.08489326326976,1.9282481004628982,4.298643506441295,3362.003934886564
1995-08-04,362.1362475185758,512.2221585167389,67.14963498934092,8.7324705,0.8448567,33.182247,2.388305,23.055792944244786,1.442224730677137,24.58283986387299,1.9086513879195937,5.250312248466403,3356.7536226380976
1995-08-05,343.8458132543469,465.6381377415573,66.75406599263783,8.68848,0.75974745,31.497028,3.4801502,21.80860436478833,2.0277267516974886,23.276039933619394,2.494135838379135,4.031056012869627,3352.722566625228
1995-08-06,304.1425733381935,405.5991588221261,66.32768735829613,9.122443,0.7845182,30.354237,3.3685377,21.25586744995327,1.9541678619811085,22.69688408369184,2.420569730297108,3.7758521462845547,3348.9467144789432
1995-08-07,332.0648416834039,468.0101308045738,65.8192001123826,9.0918,0.8373355,29.241056,2.3811274,20.878265493571675,1.4355602704487203,22.30123404456292,1.9019574083525028,3.6481054343749535,3345.2986090445684
1995-08-08,359.3986953429862,487.49174198544927,65.27070486613725,9.072158,0.8743933,29.06427,2.1980479,20.580127666922824,1.3185434758045267,21.98884624893343,1.784936993949317,3.5243716423831244,3341.7742374021855
1995-08-09,371.58408225314406,489.4068043223254,64.75478619225228,9.126632,0.87443674,29.125767,2.1558156,20.494594987799697,1.2822098116147191,21.899225400127055,1.7486023100475176,3.389344091500762,3338.3848933106847
1995-08-10,376.7035009312477,487.7111588625124,64.18741923772603,8.977223,0.8686264,28.374271,2.961361,19.921226543068954,1.7131725625269814,21.298451903700162,2.1795584412918148,3.311533204007631,3335.0733601066772
1995-08-11,377.0260465112901,488.0614893574409,63.64443369373896,9.164763,0.9219628,27.827269,3.159712,19.693698016100544,1.8273575371872668,21.06004829091002,2.293740893259861,3.1640615111287613,3331.9092985955485
1995-08-12,378.35381823654126,486.7523025585278,63.09673409584873,9.237418,0.94613785,28.071955,3.6673014,19.834677648635843,2.104490356152556,21.20776626796574,2.5708752683424807,3.0468429999810103,3328.8624555955676
1995-08-13,376.1432206178722,484.8369728964185,62.54924992982858,9.477009,0.996899,28.054224,2.8615339,19.938249214763736,1.6692117226263816,21.31628820091286,2.135597792507717,2.904169223401027,3325.9582863721666
1995-08-14,381.9553052882577,494.9948298714325,61.99235047477414,9.250006,0.9749245,26.712982,3.5681775,19.106989275800963,2.0583350233952475,20.44529687838762,2.524712147525982,2.866809430103204,3323.0914769420633
1995-08-15,380.919360904318,488.95297392191264,61.44223760824432,9.513719,1.0063452,26.558887,3.2418444,19.094763638394742,1.8747614111351454,20.43248689730463,2.3411384095930705,2.7331958212708964,3320.3582811207925
1995-08-16,380.8180547168061,494.3266274990757,60.88905538390993,9.973716,1.0986588,28.36356,3.2629435,20.36124337639171,1.9040736920166548,21.759500037533446,2.370464617331006,2.562604276166048,3317.7956768446265
1995-08-17,375.1258004139955,485.0085270320284,60.33479377394048,9.9855385,1.053489,29.00602,2.9816153,20.71071852961142,1.7429083501221088,22.12567890845601,2.2093034412923696,2.4895162065603693,3315.306160638066
1995-08-18,377.9549746920977,493.0748149924582,59.76588863377344,10.1199045,1.1539146,28.715996,2.854961,20.64682836315353,1.6919292472202274,22.058735010439044,2.158323566368675,2.401664970019893,3312.9044956680464
1995-08-19,383.52873272705904,493.8088828291497,59.18718366158817,9.993483,1.1842954,26.516655,2.6101124,19.293538974363923,1.5576534377840128,20.640763014853643,2.024032500742872,2.372336436291241,3310.532159231755
1995-08-20,392.9509144643067,495.2437168572953,58.60542697243986,10.158559,1.2477984,24.94861,2.3311183,18.405264915780762,1.4121696432813209,19.710032492683176,1.878539830696535,2.288271665732154,3308.2438875660227
1995-08-21,394.2716571468636,494.3546277578871,58.01864507633576,10.250537,1.1953855,25.519566,2.516851,18.744900758040856,1.4972444020532767,20.065901767216257,1.9636178765405266,2.217015078769859,3306.026872487253
1995-08-22,400.571670741849,495.77533525023625,57.42502468267768,10.2882185,1.2969952,24.943739,2.2635663,18.394281786680814,1.379653843039828,19.6985244075562,1.8460239263595635,2.1599247899101566,3303.8669476973428
1995-08-23,405.5236472726057,500.40831306087415,56.82799261883496,10.361513,1.3222423,23.217548,2.0371368,17.462782532265447,1.271419210155388,18.722502672950686,1.7377809669039466,2.0996199406410785,3301.767327756702
1995-08-24,402.7697220430396,499.3329976950624,56.15727433580096,10.465001,1.2906052,22.412888,2.0857117,17.078409795917217,1.2903006464160325,18.31975823371748,1.7566592564911154,2.0362487589100255,3299.731078997792
1995-08-25,403.96648157751207,496.9865568882969,55.55814577488359,10.469669,1.342218,20.887066,1.7383,16.216146483246536,1.1320998433983869,17.41628168220082,1.5984520091767034,1.9896098576483432,3297.7414691401436
1995-08-26,402.5116632642887,490.59391660803897,54.96104917960854,10.443607,1.2820951,19.965967,2.374961,15.674357107812506,1.42683220077854,16.848596626635373,1.8931807523609359,1.9494317357279864,3295.7920374044156
1995-08-27,399.47984116732397,487.7527658357452,54.370137049139046,10.795905,1.3938313,19.743229,2.8087146,15.714662489142668,1.6667446299702597,16.890828467416064,2.133093438865919,1.8564175097079543,3293.9356198947075
1995-08-28,398.4651186986515,485.7534557196485,53.77865426131213,10.938147,1.4726137,19.636555,2.4975822,15.716695616406607,1.5241278980911992,16.892958771213323,1.990476720015752,1.7985663392600284,3292.1370535554474
1995-08-29,399.7120217741646,485.5076109915064,53.18361812464643,11.272151,1.5965544,19.926765,2.4323688,16.018861334416947,1.516382795356038,17.20956697764272,1.9827336062107332,1.7162117755609092,3290.4208417798864
1995-08-30,402.09154541061037,480.4263555213413,52.58316573774224,11.169618,1.5668645,19.925264,1.9478693,15.936029113300798,1.2783021959629228,17.122775659505002,1.7446524512065282,1.6989668858750608,3288.7218748940113
1995-08-31,397.41131659214733,472.0266725529783,51.95096758981848,11.179448,1.5740789,20.31584,2.3913872,16.139687499243674,1.4843444051965613,17.336168220124584,1.9506960405839515,0.0,3287.0549302800164
1995-09-01,374.51168753259367,455.1812297905164,51.40479513740711,11.596272,1.6114933,19.606691,2.2965188,15.990901187490076,1.4548103437348083,17.180270431269726,1.921160966164804,,
1995-09-02,381.7458041242057,464.7461090418609,50.806223435388674,11.891287,1.4899716,18.363733,1.7113587,15.444828535315624,1.1551245266287977,16.608097372977316,1.6214716482954787,,
1995-09-03,385.82274161491534,467.04236493942494,50.21136980146539,12.110896,1.4453708,17.568892,1.4737396,15.099780362845717,1.0386795617524158,16.246557077351518,1.505024647209288,,
1995-09-04,383.7696985316777,464.2235843699354,49.62790110199767,12.658158,1.4324275,18.06875,1.6873027,15.620120972527785,1.128474018245722,16.791768189480997,1.5948222265117087,,
1995-09-05,386.8050914305887,464.6257801861207,49.03647273888339,13.036785,1.5169033,18.560995,1.7005298,16.051346208335033,1.1558737722584103,17.243604517490105,1.6222248031529345,,
1995-09-06,385.2371487544862,464.9272600912537,48.4590107526728,13.145453,1.457861,19.098251,1.8419493,16.400844979624328,1.2045977081971413,17.609808135345247,1.6709511827982302,,
1995-09-07,386.6247556058256,463.0206087123202,47.87186667355945,13.454505,1.5019484,19.376566,2.176327,16.681776471638344,1.3688366980118958,17.904167192361268,1.8351922381663603,,
1995-09-08,380.9074296774157,456.98882969075794,47.29287777101922,13.4601145,1.3487736,19.27879,2.0550342,16.633621303684656,1.2775697326089082,17.8537103719896,1.7439249122921705,,
1995-09-09,363.8458248927055,432.8433196226741,46.76865309560462,13.343248,1.313812,18.549318,1.9029415,16.171719940259557,1.1953706648551,17.369731702323605,1.6617225216356788,,
1995-09-10,339.4660728998239,433.1660026414527,46.28476689782588,13.165068,1.4995236,14.964656,1.4325147,14.173983110176817,1.0387813421346346,15.276509880684634,1.5051216370426457,,
1995-09-11,353.36178643442526,442.7448421311087,45.79578229280242,13.385501,1.4400558,13.260521,1.3542107,13.315994843812017,0.987805954026209,14.377512708073763,1.4541426844677159,,
1995-09-12,368.8275465980433,446.7914336685221,45.2910773026718,14.166376,1.2449865,13.963266,1.2218839,14.055113754060276,0.8746285935330355,15.151958975680287,1.3409683443618237,,
1995-09-13,359.9790406715385,430.30105126627984,44.73955366148725,14.50196,1.1493618,17.110569,1.2260497,15.922326190243735,0.8483826356897121,17.108417783566914,1.3147327997750589,,
1995-09-14,352.72834241127475,441.564501844235,44.13580388784383,14.689048,1.1971291,16.96918,1.4391515,15.956621941245022,0.9605766997798172,17.1443527542319,1.4269270924203985,,
1995-09-15,336.93474394063304,421.816716348686,43.58581297720313,14.451701,1.2101992,15.349443,1.2523582,14.950787778081983,0.8795126117912526,16.09044315634175,1.3458568601000274,,
1995-09-16,318.7947023820189,449.9066785860971,43.05287058511422,14.688474,1.1859081,14.48208,1.2331331,14.567675560304277,0.8733722804615934,15.68901948415787,1.339714492742154,,
1995-09-17,289.3900606409395,404.6539071785843,42.60395578962431,14.754233,1.1275338,14.679256,1.1994281,14.710518976950832,0.8426552328415823,15.838690327834337,1.308998184629235,,
1995-09-18,284.45903650511406,428.5027238082394,42.0960933172548,14.728927,1.2192633,13.030165,1.1163179,13.707940458651166,0.8287282510964823,14.788191983503163,1.2950665053969237,,
1995-09-19,308.65295226540707,451.4074833818382,41.54014771864546,14.927442,1.2264869,12.493225,1.1603658,13.481736107746038,0.8502937559188075,14.551175837865662,1.3166311093114866,,
1995-09-20,319.5368726916224,458.2611610814723,40.9962530628588,15.544135,1.2747167,13.44316,1.1440582,14.306287711876163,0.8535754944889767,15.415138190084551,1.3199164139745068,,
1995-09-21,328.6890990726161,451.0762730325332,40.46373261615268,15.939773,1.4311353,15.233986,1.2189994,15.531491284560161,0.9279942566573307,16.698902305393954,1.3943419111352067,,
1995-09-22,314.3849811469537,389.86267643191263,40.01992477474437,15.063762,1.3686826,15.355206,1.3583487,15.225101359653136,0.9689006779444261,16.377867989417933,1.4352464872034916,,
1995-09-23,239.5369242257108,374.3329436277579,39.67968434863298,15.316068,1.2963521,12.479309,1.2044067,13.586234944747618,0.8917845927567625,14.660669362064512,1.3581223550656505,,
1995-09-24,264.73323849368103,437.8763728353901,39.229042236572525,15.435562,1.2002838,10.081619,1.4071813,12.098908255218035,0.9867197663951597,13.10225354094736,1.453052884797036,,
1995-09-25,282.27782675959395,429.716699387939,38.74502127735341,15.540271,1.1377176,9.956146,1.3682126,12.17003200579936,0.9409312764522899,13.176776763682094,1.4072645593225408,,
1995-09-26,241.19825751483685,343.6209084145251,38.371951161437885,15.760809,1.1230744,10.760233,1.2303272,12.822631514055367,0.8585640686045173,13.860568297632918,1.3248991306617008,,
1995-09-27,233.4461688675921,326.60265350227644,37.990749406481896,16.040806,1.3757619,12.60007,1.0721811,14.034278165966644,0.8484163783603588,15.130127517698675,1.3147560354867538,,
1995-09-28,277.22353640602364,368.0853126463636,37.547389313178215,15.945985,1.3466284,13.285642,1.017215,14.428520375160419,0.8193470412762978,15.543213156842338,1.2856885555841167,,
1995-09-29,289.7373187210939,416.3413432395043,37.03903134630735,16.015215,1.3631132,12.823776,1.0710323,14.133373793311724,0.8436297986706557,15.233959577289394,1.309969905887572,,
1995-09-30,298.7725094478698,431.3155574341465,36.51277663834755,16.141005,1.4069471,12.191343,1.2170867,13.807655445878634,0.9211367366071544,14.892673006261473,1.3874754066291026,,
1995-10-01,254.30438169602493,355.2340194578394,36.16069521156774,16.290045,1.4658676,12.324721,1.2319856,13.97908655077215,0.9431497768150221,15.072297931960984,1.4094891881316824,,
1995-10-02,267.39284975270004,364.6918067487872,35.77127318861288,16.555206,1.562003,13.430405,1.4130895,14.752299769538402,1.0494534266516824,15.882468099487099,1.5157965991515374,,
1995-10-03,275.429977435987,367.6067525983189,35.31407290530466,16.491608,1.507827,14.03777,1.3182534,15.088815019898599,0.992492352109366,16.235067628494676,1.4588373750895247,,
1995-10-04,236.8070989072695,339.0018167140094,34.926282320127164,16.575739,1.192987,15.41135,1.4180979,15.890216576022215,0.96837942014578,17.074773439546828,1.4347293714641003,,
1995-10-05,195.3541720988,198.1559204953581,34.72442179655432,15.662791,1.225108,15.597674,2.5455303,15.630000998469088,1.4187949229025985,16.802120446889116,1.8851431934588576,,
1995-10-06,520.0515920988,732.039630495358,34.89797193203117,16.79742,1.1748555,16.142567,1.5981423,16.414557863302917,1.0541084363560003,17.624176447988525,1.5204620096860082,,
1995-10-07,118.0321720988,522.686550495358,34.900719677729924,16.447092,1.402552,16.290802,1.0052096,16.3195935042746,0.8597730752882916,17.524673117218075,1.326125969313591,,
1995-10-08,100.1907250988,292.001180495358,34.81645193229132,15.990065,1.2402049,14.24515,0.9665538,14.690911744302074,0.7862908743661458,15.818145936488941,1.2526337232644686,,
1995-10-09,126.52879229486804,286.8360027071193,34.5579337927673,16.104713,1.3574668,12.030567,1.0705254,13.277641940683738,0.8511565629998563,14.337326667278791,1.3174931537654049,,
1995-10-10,184.82402305261272,347.1898827168111,34.22349093043387,16.268412,1.3316383,11.319857,1.3132348,13.039006899196254,0.9739007673371899,14.087285686541287,1.4402365268269952,,
1995-10-11,225.83667665957785,403.004158922048,33.83184856779036,16.537144,1.5179836,12.260775,1.1217381,13.796554304051098,0.9022154533218834,14.881041267801935,1.36855407649954,,
1995-10-12,223.60598575330368,397.0326591062609,33.46753020220616,16.449049,1.4965229,13.62059,0.9928027,14.639637799483234,0.8331114261886239,15.764421272378971,1.2994540081042283,,
1995-10-13,223.2114840018297,412.9179448395881,33.0992788346439,16.698145,1.6328223,15.086987,1.004852,15.652325975267969,0.8681612074334459,16.825512481264866,1.3345096191523762,,
1995-10-14,140.093177530495,271.5709454786999,32.91622776513383,15.829579,1.1170713,14.804714,0.9845841,15.15348546431001,0.7525897083488021,16.3028290990841,1.2189351017847454,,
1995-10-15,32.315789506001416,25.679930495358057,33.51787842957616,15.660001,1.096335,12.466795,1.6106073,14.246080879787716,0.9390333214416463,15.352053677229037,1.4053739542232242,,
1995-10-16,32.315789505999994,255.67256,33.547033494902664,15.430072,1.1004741,9.078995,1.2222891,9.791662712713144,1.0921371185785103,10.684729548435067,1.5584680398591497,,
1995-10-17,32.315789505999994,281.434660495358,33.559376828767896,15.613426,1.2251649,8.304665,0.9858449,9.057455249429244,0.893262752389475,9.915429478168855,1.3595942515662478,,
1995-10-18,90.43756633270476,252.8984489308989,33.45893606798075,15.80976,1.3339546,8.69679,1.1350111,10.570405381731726,0.9068773730257621,11.500693455034094,1.3732083551556264,,
1995-10-19,123.44832468887456,330.39370034368267,33.28388487191101,16.046097,1.4149032,10.01445,1.0764514,11.655101759689627,0.8730553977086292,12.637234612009305,1.3393876205329402,,
1995-10-20,132.0282239054803,348.8012286459825,33.07139027511077,15.943805,1.2039665,11.0334,0.97280234,12.38171979889763,0.7792835114645438,13.39858250967194,1.2456173180842276,,
1995-10-21,1599.816289506,3897.997930495358,34.97524514626008,14.838811,1.7225517,10.118001,1.0635128,11.491715761354756,0.905441992741365,12.466039321461123,1.371773942596287,,
1995-10-22,54.93684209880301,5486.577430495358,37.86587036627458,14.672478,0.9850727,10.359009,0.80815685,10.401771173136478,0.8002046179268311,11.323999107715197,1.2665355280410582,,
1995-10-23,54.936842098801534,2441.9231304953582,39.05109809110408,14.887427,1.1598154,10.551914,0.7665317,10.64730578771368,0.7501003869644467,11.581269437551098,1.216431412733057,,
1995-10-24,54.93684209879829,1428.695630495358,39.70745805636829,14.837522,1.2402246,11.080217,0.72857344,11.219345097532688,0.703096760454747,12.180650270960896,1.169428323134921,,
1995-10-25,54.93684209879693,947.531000495358,40.006965431404026,13.993512,1.0013902,10.866621,0.73220474,11.037979655917052,0.6942510639588391,11.99061618120278,1.1605824158898745,,
1995-10-26,54.93684209880273,650.907030495358,40.13186563010009,13.868748,0.9907213,10.348639,0.72851866,10.622613686156479,0.6762277120945593,11.555397137945189,1.1425587231138787,,
1995-10-27,38.77894740720142,588.1895604953581,40.26991304943822,13.706349,0.9506477,10.095821,0.7003927,10.319137980027904,0.6596979745393923,11.237416330443473,1.1260288612390728,,
1995-10-28,38.77894740720363,494.302290495358,41.60982920934337,13.643758,0.8920512,10.249558,0.6868313,10.496469181250513,0.6401653024601358,11.423223356908135,1.1064962490112253,,
1995-10-29,38.7789474072,670.967530495358,42.75728306373496,12.552087,0.9983577,9.75034,0.6958774,9.9034215666769,0.6601138380858967,10.80183009358976,1.126444725469714,,
1995-10-30,38.7789474072,616.986990495358,43.38249573195701,12.317584,0.9900488,8.4857645,0.6964755,8.71236048781732,0.6578994211754832,9.553840366599308,1.1242314049831663,,
1995-10-31,38.7789474072,451.899280495358,43.83588202859055,12.083952,0.9030215,7.1914835,0.784218,7.578141731102042,0.7257576530705293,8.365409830445902,1.192092189252123,,
1995-11-01,38.7789474072,435.4316304953581,44.55676648480681,12.039315,0.82343,7.8441815,0.7484768,8.187241933492102,0.690560345950705,9.003622940405325,1.1568933285356993,,
1995-11-02,38.7789474072,1030.786480495358,45.27735014687469,12.372808,0.7568556,9.986849,0.60305,10.073355930611049,0.5818328462881128,10.979886739228398,1.048163709506268,,
1995-11-03,42.8908664072,1272.078830495358,46.04774693328949,11.872439,0.824106,10.985403,0.6876902,11.014335861829503,0.6658023688245276,11.965842294580114,1.1321336960532,,
1995-11-04,38.7789474072,954.429430495358,46.71158390779206,10.679879,0.9628985,8.74597,0.7236907,8.821477564268122,0.6964502826342085,9.668172866306394,1.1627820984786377,,
1995-11-05,38.77894740719731,699.7623304953581,47.25420679800869,10.360984,0.98587924,5.798915,0.67697245,6.038457690186123,0.6435118230569957,6.752134155520798,1.109852178430961,,
1995-11-06,38.77894740719801,609.872530495358,47.54874140711285,10.34331,1.0144681,4.4439178,0.69286895,4.796606742782342,0.654263581252209,5.450926977886215,1.1206106055000766,,
1995-11-07,38.77894740720206,589.9236304953581,47.90004498051586,9.936366,0.94762796,3.9104795,0.70647806,4.2821617133793515,0.6654737543897588,4.91189323462012,1.1318240579262202,,
1995-11-08,38.77894740720284,733.1899304953581,48.26965183458684,9.490406,0.92096364,4.1551466,0.6777673,4.423157073143714,0.6453807406837696,5.059627690612693,1.11173011534745,,
1995-11-09,38.778947407202985,593.945660495358,48.58515518013385,8.852123,0.94705975,3.166556,0.6698793,3.515017622384864,0.6314964382558609,4.108082278426984,1.0978521940792452,,
1995-11-10,38.77894740719657,517.216260495358,48.92161438433315,9.172304,0.899897,2.546596,0.6901201,3.0087187132219535,0.6450472351630978,3.5775840121023266,1.1114069580448485,,
1995-11-11,112.2810774072,489.65071049535806,49.26636542362151,9.968373,0.9442962,3.5994067,1.2403419,4.787439057558747,1.0242351958378755,5.441321108647096,1.4905822758755913,,
1995-11-12,657.2054474072,3709.965930495358,51.48151832288897,9.2400465,1.0620053,6.202845,0.7023174,6.659906460851762,0.6176618412198391,7.403286053107904,1.0839995215184843,,
1995-11-13,38.7789474072,2705.6929304953583,53.15905596614808,7.570448,0.8912518,4.407537,0.6102679,4.4522284077002805,0.6017766848069575,5.090088535585678,1.0681258707767627,,
1995-11-14,38.7789474072,2367.358530495358,54.59062579331522,7.456057,0.9139447,3.2281742,0.64039785,3.2963136441276815,0.630248909102816,3.8789249976112576,1.0966063425964276,,
1995-11-15,1046.3708474072,4631.045230495358,56.15428924639668,7.3597574,0.97766024,3.1926398,0.6566528,3.9606565293402256,0.5651245156352084,4.575021201794416,1.0314770222642333,,
1995-11-16,397.1330474071975,4236.460330495358,57.59972522161458,6.2293396,0.76259327,3.1003308,0.64758873,3.3685099050903102,0.5956821943814724,3.954571993057328,1.0620390680121559,,
1995-11-17,130.94976240720305,2771.244930495358,58.724740325208366,5.9651947,0.6136374,2.6737065,0.56566054,2.8222215828971176,0.540846575509602,3.382172956456511,1.007207833549773,,
1995-11-18,55.893201407191896,2096.998430495358,59.68434533552692,5.9263744,0.5489964,2.9390397,0.5557335,3.016596653925609,0.541493218315979,3.5858384914422237,1.0078528772257076,,
1995-11-19,64.95242040720171,1984.566630495358,60.34974282338441,5.68319,0.53200877,3.2891746,0.57223535,3.3650445950958026,0.5543567718926661,3.9509410530906526,1.0207136722597268,,
1995-11-20,89.24465740720001,1846.984830495358,60.878616705009705,5.727442,0.5335582,3.2776113,0.55339617,3.390528803853056,0.5284615858802861,3.977643319913093,0.9948182899464211,,
1995-11-21,68.93036640720096,1685.774530495358,61.42441396989313,5.997034,0.5311473,3.5248766,0.55089563,3.6219907708921797,0.5296658302129883,4.220168377763534,0.996020785369924,,
1995-11-22,38.778947407203525,1573.0701304953582,61.912706841587536,5.26054,0.5185608,3.2204657,0.5223364,3.269547138597074,0.5099223494132765,3.850879144613009,0.9762799919886795,,
1995-11-23,38.77894740719716,1327.221830495358,62.30232813914463,5.334159,0.509503,2.955123,0.5091894,3.022660617850846,0.4949456212428792,3.5921922921144636,0.9613052309591417,,
1995-11-24,38.7789474072029,1097.865630495358,62.52960519953184,4.808898,0.53877825,2.2352643,0.5482382,2.323069061649843,0.5298529012826175,2.8591626509611516,0.9962184638025193,,
1995-11-25,38.7789474072,946.056870495358,62.70407275138581,4.731044,0.5405804,1.2673749,0.5059658,1.4037604851726042,0.4865087628492377,1.8959142670274614,0.9528829986697682,,
1995-11-26,38.7789474072,853.256330495358,62.91304009265248,5.1859045,0.5113824,1.1524891,0.55298144,1.3278314645330045,0.5294089466165874,1.8163560987516616,0.9957839420013052,,
1995-11-27,38.7789474072,799.0283704953581,63.12999073628834,6.066593,0.48294216,1.9103872,0.6988861,2.102762291553948,0.6669120115030197,2.6283259703356925,1.1332795644808427,,
1995-11-28,191.9656374072012,1075.117430495358,63.54513956200629,5.6070037,0.51442623,2.7379074,0.7763975,3.1725812759364724,0.6633658878340309,3.7492786451784506,1.1297242947012376,,
1995-11-29,90.87365740720034,1319.185430495358,63.94454641540979,4.144097,0.588802,2.4415731,0.6114984,2.551295180561811,0.5733464522815942,3.098297198205153,1.039710011322263,,
1995-11-30,38.778947407199375,948.709430495358,64.2162500122485,3.6828823,0.55792016,0.47618788,0.4570645,0.6021156802205219,0.43966170542933614,1.055953580684348,0.9060442931974104,,
1995-12-01,38.77894740719744,868.319030495358,64.63996552536322,4.4464083,0.49424028,0.2701164,0.4820716,0.4486552095568136,0.4619462481397247,0.8951582241012908,0.9283305185335644,,
1995-12-02,38.778947407203525,932.451730495358,65.0661095160003,4.411413,0.49918333,0.7581901,0.49139786,0.904054666613718,0.4721983337392879,1.372324218500348,0.9385776894912984,,
1995-12-03,38.77894740719545,785.853530495358,65.36552207035552,4.4594445,0.49169752,0.34817743,0.5338136,0.5415127848539197,0.5092358470252318,0.9924540740798566,0.9756190960598974,,
1995-12-04,38.7789474072021,921.040570495358,65.78819003261079,4.679043,0.46622163,1.042639,0.5407504,1.1895582128963444,0.5192445737326405,1.6714738583502342,0.9856209692824646,,
1995-12-05,38.77894740719875,838.035330495358,66.11646691749917,4.531299,0.48265862,1.0085818,0.5745712,1.1643813088848622,0.5495743173666036,1.645093584389944,1.0159509702123461,,
1995-12-06,38.77894740719665,776.170430495358,66.29665858028974,4.5859423,0.46978822,0.860733,0.6176026,1.0379951428593797,0.5886389134204244,1.512666591657939,1.0550168688239068,,
1995-12-07,38.77894740720108,698.6472604953581,66.42285872772725,4.081407,0.47949362,0.5636116,0.59639984,0.7486015320993118,0.5655993721283799,1.2094409555461096,1.0319803788635364,,
1995-12-08,38.77894740720159,639.432970495358,66.55271928590906,3.711886,0.49518412,0.12482154,0.5701049,0.329923485249523,0.5382525308622225,0.7707515292362072,1.004638121572485,,
1995-12-09,38.778947407199205,646.9114804953581,66.66040190710966,3.6776042,0.5163349,-0.022574127,0.52669334,0.1866879758703618,0.49776369536926585,0.6206698521348165,0.9641509003335467,,
1995-12-10,38.778947407201535,565.498530495358,66.73822895635409,2.7849483,0.5692678,0.0004733801,0.47361708,0.1791644819826454,0.44472616240952156,0.6127867609570445,0.9111134528114682,,
1995-12-11,38.77894740719989,524.245350495358,66.78121531289682,2.532424,0.5655125,-0.31496453,0.41908714,-0.11884736787210151,0.3921611363031267,0.3005309633817873,0.8585518630151414,,
1995-12-12,61.42707440719943,470.5027304953581,66.74357341768615,2.4772387,0.5770768,-0.413499,0.46549186,-0.07967758882504312,0.41709512791855036,0.3415729239721037,0.883485397176248,,
1995-12-13,38.77894740720017,493.328430495358,66.639414779447,2.583373,0.5590408,-0.33907843,0.4503531,-0.12609586386586927,0.41951526673726947,0.29293601405726144,0.8859060782950505,,
1995-12-14,38.77894740719966,489.188160495358,66.49271394426512,3.0485864,0.6004967,-0.36132252,0.56558007,-0.11086624267648675,0.5258913115137123,0.3088935590796408,0.9922819448738077,,
1995-12-15,38.778947407201024,518.126230495358,66.45442617008652,3.8402948,0.46990812,-0.52153337,0.9195063,-0.2178064280040149,0.8561039379139571,0.1968419984501928,1.3224958281589463,,
1995-12-16,38.77894740719943,552.6736304953581,66.53938651230081,4.1596837,0.45456687,-0.24917221,1.0189166,0.03989710448776577,0.9525770966551519,0.46686287887962397,1.4189659802804848,,
1995-12-17,38.77894740720176,549.2924304953581,66.56646343199333,3.7777743,0.4735494,0.009793878,0.93589175,0.25826425286355026,0.8747341853444118,0.6956672304970166,1.3411205807169027,,
1995-12-18,38.77894740720125,523.2017304953581,66.55747713997057,3.4171848,0.49394003,-0.08230698,0.83279634,0.15917215550810762,0.7760788271783201,0.5918388696173731,1.2424663449299207,,
1995-12-19,56.33892440719846,500.0998304953581,66.55279618328726,2.7614465,0.57059556,-0.1781193,0.6480798,0.1195090942945671,0.5853204069838367,0.5502800496592175,1.0517083771303168,,
1995-12-20,88.6040934072,444.628500495358,66.72329424451918,2.2910337,0.5827652,-0.30983818,0.6046093,0.12233326540771994,0.5133605991125616,0.553239206497633,0.9797485369872109,,
1995-12-21,75.41813040720001,446.46938049535805,66.90814904556302,2.3217363,0.5723423,-0.36852765,0.5857165,0.02024325464296278,0.5078547067325917,0.4462696421955641,0.9742438169842009,,
1995-12-22,59.8718634072,468.8019904953581,67.1079447661471,2.8687248,0.5094265,-0.46627867,0.6617083,-0.0885923685470019,0.5895997582879963,0.3322320482530853,1.0559901315050477,,
1995-12-23,38.7789474072,467.848330495358,67.32688489634455,3.2533236,0.47717306,-0.36738384,0.73135424,-0.09024277624861465,0.6763608463272229,0.330502756704972,1.142751238800407,,
1995-12-24,46.47764373005596,456.6792333490064,67.52006475870203,3.1923919,0.48547733,-0.2837354,0.7747228,0.03736168683100178,0.7045886244561506,0.46420627692575833,1.1709775372922802,,
1995-12-25,67.58750016397775,442.64174384337065,67.6773623990805,3.2249937,0.48145527,-0.38288212,0.88285893,0.0950350351103614,0.7685617035405586,0.5246362141063928,1.2349499537342887,,
1995-12-26,81.47522746653684,430.7197101396089,67.80673599839045,2.7962627,0.528253,-0.28765547,0.8175622,0.20290567791796615,0.6926281173715487,0.6376627049028553,1.1590151383858451,,
1995-12-27,113.191448406111,441.2948829379832,67.63764041399537,2.4585524,0.5476929,-0.4775604,0.7267083,0.12181029110086368,0.5890674396916413,0.5526912358066073,1.0554553835416352,,
1995-12-28,113.73323236360037,442.0503771606764,67.42735842581192,2.8159165,0.5190617,-0.6021904,0.888184,0.09727672154629413,0.7143706115067151,0.5269850454911413,1.1807588360211978,,
1995-12-29,150.92545436534763,450.9040167452735,67.17311199457544,2.8040357,0.53409,-0.68299735,1.0049168,0.19147302585542547,0.7647266242119505,0.6256836111522912,1.2311137748703214,,
1995-12-30,162.35071900366952,440.7728496601597,66.89726198482452,2.741566,0.54390156,-0.7220181,1.115615,0.2103204436993004,0.8283516051205068,0.6454318711424285,1.2947385421326785,,
1995-12-31,150.90259812952962,440.2697048819518,66.64806124453456,3.2407565,0.4899272,-0.8190938,1.3405297,0.21722327137340422,1.0061484930426685,0.6526646303832184,1.4725353519089794,,
1996-01-01,148.08751660476233,450.0899264600796,66.68560787504805,3.6219254,0.5550406,-0.5565262,0.5962332,0.47791020047655725,0.46919851655959144,0.9258115035838144,0.9355824641081452,,
1996-01-02,136.4694045228543,438.4165036328595,66.73186638861472,3.6525097,0.7086239,-0.36136997,0.50354487,0.5914656453413267,0.41923880431422905,1.0447945105432506,0.8856215079856814,,
1996-01-03,182.10325429881425,395.6458855496074,66.73835083762971,2.4066267,0.64910805,-0.5208932,0.40467808,0.40184446918657984,0.3444675863003872,0.8461100903558707,0.8108523753127095,,
1996-01-04,180.72315827986864,405.1909805131531,66.73743107976794,1.5052751,0.6505726,-0.3720081,0.27387863,0.20703332923685872,0.27593512421394206,0.6419876438451207,0.7423220984581846,,
1996-01-05,193.3112057033503,415.9476152564897,66.70542108280118,1.4784476,0.6460525,-0.45575356,0.2556295,0.15794744034423908,0.2692148315519989,0.590555617255151,0.7356023632457266,,
1996-01-06,185.4068567677162,424.36495363570793,66.68300478733457,1.3176224,0.6851107,-0.40634406,0.26303762,0.1178441740360521,0.2773180547837818,0.5485355519035906,0.7437060439595945,,
1996-01-07,209.01298404533853,453.6890119331924,66.6505435939812,1.5100685,0.6357196,-0.53226554,0.25609702,0.1118766844166211,0.26634629034458535,0.5422828366791936,0.7327343477523123,,
1996-01-08,112.2900289787043,423.5810978333987,66.64001358041514,1.5288213,0.6351296,-0.36262155,0.27208933,0.03372408071636071,0.25292202472334874,0.4603948056733719,0.7193109794815336,,
1996-01-09,81.7534424072003,411.68626049535806,66.67214371321985,1.735604,0.606011,-0.35792005,0.26226833,-0.01106348273734501,0.2407514568184099,0.4134665497852057,0.7071409289764536,,
1996-01-10,58.770972407200304,412.212530495358,66.6982394887058,1.9983314,0.59793127,-0.2830789,0.2691489,0.0016034697815335774,0.24709740690931234,0.4267389393346756,0.7134867325021845,,
1996-01-11,45.7281008072003,434.972000495358,66.72425436550216,1.6181415,0.62328106,-0.24683869,0.27261627,-0.06942661153058506,0.2537082784346647,0.352313862940024,0.7200984282633077,,
1996-01-12,65.0541494072003,402.442370495358,66.74594549099234,2.1176648,0.5939616,-0.39845634,0.26464802,-0.048327266316851684,0.24235069814940519,0.3744216847304704,0.7087406025381816,,
1996-01-13,85.13530740720037,394.897870495358,66.7380660967526,2.488534,0.590202,-0.4685986,0.29767948,0.05585762643380604,0.26631822483847595,0.48358625921637005,0.7327069247498252,,
1996-01-14,68.9866050236923,385.5323992830806,66.74177810517912,2.937446,0.5767245,-0.63168776,0.42137673,-0.08996689330849769,0.3679833206578725,0.33079182590656786,0.8343737099119756,,
1996-01-15,111.78012479722538,377.5007724183762,66.69827481751358,2.05274,0.59468204,-0.6709821,0.4008216,-0.04872604960578373,0.33777788837045514,0.37400384096349987,0.8041677973933918,,
1996-01-16,187.63526769333768,356.56356221881606,66.44114307261285,1.8436959,0.60556984,-1.0150477,0.43324175,-0.029376474461688628,0.35238343458992727,0.394278259656269,0.8187731189659493,,
1996-01-17,38.77894740720051,378.2855104953581,66.47281131218557,2.9476497,0.57501173,-0.39223003,0.3236087,-0.08168565934372936,0.29834896451106624,0.33946887454686997,0.7647392571778708,,
1996-01-18,74.8440334895962,216.4462982450588,66.80254370432826,3.589076,0.49202543,-1.1365446,0.87322295,0.07765468596060804,0.6610583040072581,0.5064251436790326,1.1274467534935058,,
1996-01-19,38.77894740720051,32.14293049535805,79.86284013626447,3.8499012,0.583837,-0.845883,1.0426016,1.7216966172815178,0.5702527404586074,2.2290466594408826,1.0366238673652435,,
1996-01-20,54.93684209879966,10277.698,92.20553641048905,3.2208095,0.51638657,0.41352612,0.4305804,0.4284519604387588,0.428299885854431,0.8739893287367451,0.8946843797737385,,
1996-01-21,2712.9159479352,9242.423015029755,93.1979776253387,3.2997956,0.4899506,0.69181657,0.51194465,1.2836214518291942,0.41109345705696526,1.7700329985649772,0.8774688977379809,,
1996-01-22,2950.5083879351987,7027.045615029758,92.52212567636792,3.1844387,0.51684123,0.9871923,0.5465927,1.6369501223030116,0.41418764279925474,2.140249571693805,0.88055958709428,,
1996-01-23,2806.5583429352,5599.542415029758,91.24552078064066,3.236518,0.49287438,1.260766,0.63551426,1.9204134774611241,0.45419233436436013,2.4372615062574696,0.9205615768327453,,
1996-01-24,2816.4044279352006,6453.816115029758,90.521236783555,3.408639,0.5188278,1.3403655,0.6247091,1.9687318560146043,0.462598144460135,2.487889338137692,0.9289669355483758,,
1996-01-25,2866.1817579352005,7276.444615029758,90.20460717545694,3.2253747,0.47995445,1.3905566,0.62170565,1.9090536617981433,0.46618501785459304,2.425358730237386,0.9325543668315978,,
1996-01-26,3447.4420079352003,4454.134615029759,88.85431482861364,3.3311634,0.47765878,1.573503,0.6674753,2.3403667143397717,0.43011703512677096,2.8772870723205917,0.8964824437133915,,
1996-01-27,2460.3671387944864,6240.507015029758,90.45990407734472,3.5367188,0.50930583,1.2923028,0.5947336,1.9269617640204448,0.450215458836186,2.444122778530128,0.9165846399754672,,
1996-01-28,595.1612644571117,8231.778615029758,93.41281173075438,3.2998548,0.45400494,1.0380087,0.56394947,1.1905149018566579,0.5268149847706287,1.672476273772573,0.993191370557843,,
1996-01-29,1704.3486378878204,6152.710615029759,94.04672161036824,3.4070258,0.46113604,1.0858765,0.53449786,1.5893788064094911,0.43034180832422475,2.0904045095149826,0.8967142150481611,,
1996-01-30,1471.4865271372444,5091.335115029758,94.06749190024286,3.3859487,0.44481325,1.0149323,0.5067597,1.5465509677661549,0.40558973247480806,2.045529646584137,0.871962557731031,,
1996-01-31,1625.4594442845275,3710.075115029758,93.54744325892908,3.1162915,0.443921,0.082642674,0.51375604,1.0068374513094023,0.3819831353653191,1.480019668959113,0.848361414691764,,
1996-02-01,1587.690881232588,2975.927615029758,92.76280894429767,3.0012343,0.43201664,-1.227926,0.570599,0.24340627520244684,0.40129583928262497,0.6800990922931682,0.8676824022303795,,
1996-02-02,1376.8510360676405,2975.097215029758,92.09230677871004,3.1048265,0.42558593,-1.1463451,0.48276657,0.19862260209351698,0.3564403253892574,0.6331749126949597,0.8228273949553034,,
1996-02-03,1343.942269066823,2594.4881150297574,91.378952173631,2.7664638,0.47415018,-1.4019214,0.5133649,0.020490190759912947,0.3748971917058745,0.44652838101479564,0.8412862991073521,,
1996-02-04,903.8811347586864,1961.058996839963,90.8186970363674,2.703652,0.46908012,-1.0919946,0.38837823,0.1055219371018983,0.3042632728333783,0.5356243541654441,0.7706514029456657,,
1996-02-05,420.0345257036,1148.8862007109446,90.7074249189086,2.772974,0.45042413,-0.5075896,0.25386652,0.37068932328755716,0.22158679804423323,0.8134658349814132,0.6879719336146015,,
1996-02-06,387.7894737036,1063.5840812259496,90.58517173083769,3.0347662,0.42378944,-0.48990095,0.26750135,0.45184751782236854,0.22638114141497542,0.8985031137895793,0.6927653765323323,,
1996-02-07,387.7894737036,897.8134608743937,90.41267272274315,3.175158,0.41812176,-0.68814445,0.34032997,0.4771827259918396,0.2690635446127716,0.9250492583054744,0.7354475001775511,,
1996-02-08,387.7894737036,944.3705112830874,90.25745513437484,3.5577722,0.40410596,-0.31277978,0.45829287,0.8139312100745124,0.3455255368092709,1.2778931688101927,0.8119058463474035,,
1996-02-09,387.7894737036,1100.3672854805425,90.24803462968976,3.6475234,0.38155854,0.6837814,0.65741193,1.4560844040130507,0.49616545866039574,1.9507390903281125,0.9625391748896377,,
1996-02-10,387.7894737036,1128.2624957672583,90.12594125625904,3.5907197,0.3874976,0.9548669,0.66822207,1.6290891397135503,0.507079680609334,2.132012861007992,0.9734517011405377,,
1996-02-11,387.7894737036,1076.1123722971577,89.90535536762405,3.7221003,0.37412632,1.1475611,0.681182,1.8295598002952647,0.5104494933345315,2.342065333890841,0.9768195917682343,,
1996-02-12,387.7894737036,1001.5500806732882,89.66240754303078,3.2461486,0.39933962,0.68884885,0.5523576,1.402636864473248,0.41349128358192627,1.8947369410995814,0.8798655305946628,,
1996-02-13,474.1206937036,694.8251742823179,89.26796328027446,2.892994,0.4201539,-1.1270436,0.36246365,0.503470720505041,0.2746982470580777,0.9525937290953932,0.7410819133329185,,
1996-02-14,457.3197437036,710.654630495358,89.04954849816718,3.2154284,0.3917694,-1.2425724,0.43832442,0.5029554022289237,0.30766683901677194,0.9520537803672047,0.7740505109549125,,
1996-02-15,434.8115877036,707.034130495358,88.82787255936742,3.2870903,0.3831196,-0.36851704,0.60683864,1.0235277923252375,0.403084210290296,1.4975077512224286,0.8694623159618347,,
1996-02-16,431.6626087036,688.973247095358,88.5587562419514,3.1906295,0.3870069,-0.11391187,0.61688304,1.158978815477641,0.4075086253855355,1.6394328702653573,0.8738853335366283,,
1996-02-17,117.6182520988,633.810828495358,88.51647348068552,3.2828932,0.38347536,0.33421862,0.37298277,0.7957631058423476,0.32027614873948457,1.2588566913002877,0.7866566516774052,,
1996-02-18,111.3160150988,496.07000149535793,88.38299913176124,3.2535005,0.38140887,0.021392405,0.3132236,0.6137428698014595,0.2651970428365975,1.0681365101816953,0.7315795042150888,,
1996-02-19,118.4712200988,460.265436495358,88.25689776160156,3.4510064,0.36924285,-0.23805487,0.31844035,0.5171203646432139,0.26429273481781734,0.9668957795643962,0.7306762511948772,,
1996-02-20,54.9368420988,505.42095049535794,88.26019808423186,3.9908767,0.37164253,0.40060902,0.42326218,0.7525947834401012,0.38350078322318404,1.213625070650742,0.8498817472024128,,
1996-02-21,860.4219420988,3057.934630495358,89.58965089829891,4.1537695,0.31932035,2.6983187,0.69857824,3.0179174490092917,0.5496699285724225,3.5872224160159942,1.016029576763715,,
1996-02-22,1267.8748420988002,1215.475930495358,90.4418148694066,4.0777345,0.31727144,6.1995854,3.337008,5.11627433652079,1.6413111008527113,5.785873589876356,2.107656239876797,,
1996-02-23,1146.5292420988,1233.985030495358,91.38222999622418,3.8639956,0.32531115,6.671619,2.1143637,5.319380747586256,1.1071631235085904,5.998687793106218,1.5735071254395394,,
1996-02-24,1702.9201737036,2365.907430495358,92.39915611775248,3.6226664,0.3720177,5.195204,0.9575714,4.537052106829681,0.5781602616954052,5.178966517578154,1.0445089026227579,,
1996-02-25,1831.7162126231683,2823.678110370981,92.8690320462155,3.4552546,0.3671762,4.1287165,0.79632396,3.8637354551771317,0.5041447323303841,4.473467631594444,0.9704979262939659,,
1996-02-26,1781.4631353372763,2366.8243301468183,92.94442896399,3.4731312,0.35509914,4.193459,0.7846351,3.8841175217845674,0.4729373791225918,4.494823891313105,0.939290427650769,,
1996-02-27,1335.5459541748812,2332.6270752055243,92.86689114171809,3.6055102,0.35497046,4.4481134,0.75534916,4.14132984795027,0.4974173021532099,4.764330087433177,0.963768556180959,,
1996-02-28,1320.3905255197856,2597.146720364767,92.95692863569516,3.4454927,0.37522885,4.411986,0.72601235,4.08623316491554,0.49765095546676663,4.706599971287976,0.9640025875214442,,
1996-02-29,1024.5144855783496,2169.317744228508,93.08726593119395,3.3882895,0.36433542,3.289639,0.703379,3.321283996039934,0.4918370409097504,3.905088846988038,0.9581942800905955,,
1996-03-01,746.9142360404483,1630.1876860026014,92.97365971593553,3.3826494,0.37502393,1.6346475,0.49630213,2.1838908829769377,0.36017930807020493,2.7133322311044847,0.8265461216003593,,
1996-03-02,505.9252737036,1419.8504933061429,92.97770659608985,3.5118518,0.3630418,1.1808071,0.45847982,1.7932015755942685,0.35122895362129314,2.303969310333511,0.8175993972434051,,
1996-03-03,387.7894737036,1061.571980495358,93.06866414486583,3.423955,0.36779076,0.8652907,0.49371436,1.5498839509095896,0.3747670262769795,2.049021934928595,0.8411398188865791,,
1996-03-04,437.8904637036,759.212180495358,93.12901971696245,3.3964028,0.34901306,-0.15948337,0.5145321,1.1412310379896657,0.3504049913390161,1.6208368096811994,0.8167818814090902,,
1996-03-05,90.5584580988,767.7027804953581,93.3945442453174,3.6965117,0.3417249,0.6708584,0.4018811,0.9901067552452526,0.36128084190773085,1.4624893028141204,0.8276592956286355,,
1996-03-06,178.3999120988,1060.763080495358,93.85371672597958,3.856596,0.3262275,1.7809371,0.5788112,2.079765696731889,0.4977018762094637,2.6042302168910663,0.9640696401591502,,
1996-03-07,498.7239637036,1010.279070495358,94.06880356851266,3.4194922,0.3869744,0.75427115,0.7225268,1.6351240031836927,0.5003539679457597,2.1383361703228583,0.9667259299442732,,
1996-03-08,539.2134037036,653.382730495358,94.10500976904584,2.9372425,0.3932813,-0.8486277,0.60908026,0.8630934024601584,0.37811422850689036,1.329405145939325,0.8444940166050368,,
1996-03-09,203.0245420988,578.471090495358,94.39258769790644,2.9674978,0.37180746,-0.47194648,0.33214507,0.4215858410008821,0.26415095064705696,0.866795032260393,0.7305355206382507,,
1996-03-10,165.5650920988,580.062630495358,94.56733974981697,3.4867563,0.3540826,-0.29616034,0.2942862,0.5438284732458702,0.24206487224513742,0.9948804444611576,0.7084480959350768,,
1996-03-11,139.4487220988,601.552570495358,94.65244567186926,3.8380594,0.34614122,0.031449437,0.3521661,0.7478137723862476,0.2932192549056339,1.2086155436115829,0.7596002700775235,,
1996-03-12,164.6894320988,578.681780495358,94.7121131558442,3.9809813,0.33974108,0.58341616,0.4977657,1.3361263462974664,0.39473116716125994,1.82504744750983,0.8611060792464795,,
1996-03-13,182.7293820988,663.019530495358,94.7952466127172,4.0993204,0.33478805,1.6022153,0.66630405,2.141730587237887,0.5273293325066264,2.669156817346869,0.9936965293680331,,
1996-03-14,289.8694420988,661.310390495358,94.99160849619554,4.3435616,0.32328138,3.4735131,0.8601272,3.7386580246396344,0.6060667909660675,4.342411927433061,1.072420887817827,,
1996-03-15,457.3728820988,1113.302230495358,95.76711312514784,4.0169163,0.34607968,4.204849,0.78451216,4.150123747449473,0.5651242478137343,4.773544305268,1.0314754418264407,,
1996-03-16,401.5428920988,1252.141330495358,96.4018133071206,3.8246727,0.36939368,4.0448356,0.70868844,3.991376246920724,0.5440514580961211,4.607209216865161,1.0104037491124385,,
1996-03-17,609.8362137035999,983.176630495358,96.62967822097276,3.8429828,0.3777226,4.3274856,0.66110116,4.142008495384453,0.43288379654302733,4.765041171894874,0.8992350459361149,,
1996-03-18,487.2261037036,1066.412990495358,96.8040382131664,3.899963,0.37060916,4.7943506,0.84038436,4.513867823011183,0.5884294460152915,5.1546741042446405,1.0547782350982113,,
1996-03-19,443.4426757036,1235.035730495358,96.97551200465465,3.8092499,0.40328705,5.189413,0.7957304,4.824783262609732,0.5951190537206236,5.480450239044739,1.061465907102285,,
1996-03-20,1255.6415420988,1273.834230495358,97.6428935850978,3.5025826,0.4290987,7.697873,1.914006,5.61531467703637,0.9871413026948259,6.308766352784517,1.4534837322882046,,
1996-03-21,1248.6292876438351,2129.633182415964,97.88339672396096,3.2059388,0.41328532,5.450178,0.9396405,4.620691692565581,0.611721814167885,5.266603789604608,1.0780699257185296,,
1996-03-22,803.120671257454,2154.418967738744,98.0000000785,3.0437088,0.3531462,4.1048393,0.6926445,3.816689050569653,0.513589018914095,4.424172569666817,0.9799425503893024,,
1996-03-23,506.1321437036,1918.4481361483668,98.35151432084812,3.047596,0.33908302,3.1236196,0.68219846,3.1077496027072784,0.544410474188977,3.681348239584889,1.010769398061864,,
1996-03-24,418.6188857036,1686.337776973383,98.46276244586238,3.238783,0.41217887,2.7330904,0.6578778,2.833658943067623,0.533380136826498,3.3941569833465066,0.9997412995747617,,
1996-03-25,453.5539237036,1514.6346723812808,98.48195923061218,3.7655735,0.44731694,4.312146,0.75573635,4.186192715462247,0.5906471880117851,4.811337246656186,1.0569981367926948,,
1996-03-26,166.8282070988,1539.908630495358,98.96726659109817,3.736864,0.49203524,5.2994895,0.7020631,5.146747734165055,0.6352618190023807,5.817803511759919,1.1016067844125859,,
1996-03-27,423.4148937036,1750.5249439872557,99.07954646721444,3.775569,0.53682613,4.145055,0.6576306,4.073090629713543,0.539768426021943,4.692829267828833,1.0061201487624256,,
1996-03-28,387.7894737036,1329.351353826626,99.273277835525,3.737506,0.5326528,3.1158142,0.6881336,3.2562135837798896,0.546141530950148,3.83690829145404,1.0124992779839632,,
1996-03-29,387.7894737036,1041.330280495358,99.67794425959792,3.6804466,0.5222588,2.9961238,0.689091,3.1818137518980265,0.5217226909607626,3.7589524019313267,0.9880810245937921,,
1996-03-30,387.7894737036,1212.9429394490835,99.77832195797592,3.933713,0.5440808,3.755228,0.70161927,3.798467356892282,0.5477421843400234,4.4050799413194115,1.0140958472179864,,
1996-03-31,461.9130236626343,888.645770495358,100.0,4.1248055,0.55524796,6.3593755,0.8980773,5.595116266542823,0.6206853161604919,6.287602527314191,1.0870278498859527,,
1996-04-01,1046.8835941976,817.217530495358,99.63635156809458,4.264902,0.53944504,10.673178,1.6827843,7.074275004925205,0.7975114280150312,7.8374599971400505,1.2638475700810774,,
1996-04-02,447.6829309278661,1399.6557957175328,100.0,4.0023127,0.5292284,7.2083583,0.90586334,6.4314071620931985,0.6982171992460899,7.163865268954459,1.1645558117914496,,
1996-04-03,1046.9020541976,1372.021130495358,99.65918452732996,3.9051967,0.49784845,6.712537,1.0466962,5.497529165721307,0.6315800334230726,6.185351096658222,1.097923076827851,,
1996-04-04,274.18696336814617,1111.9084357084146,100.0,4.0468135,0.5333209,5.559584,0.780071,5.260339231782102,0.6345938530904254,5.936824294669951,1.100938180701894,,
1996-04-05,1010.2238641976,1257.092360495358,99.57009567946506,3.7721286,0.45433286,5.686256,0.97596043,4.833398660832342,0.5777380039669894,5.489477423852124,1.044084805284974,,
1996-04-06,125.44150142004524,770.399530495358,100.0,3.8760486,0.53612655,4.3277745,0.6909606,4.264520910926705,0.5989312814109569,4.8934092621123035,1.0652817027646613,,
1996-04-07,1064.4852641976,775.160530495358,99.50905629681102,3.846414,0.45397466,5.2645802,1.2621341,4.443978270601151,0.5931561582395659,5.081444070134892,1.0595053976604698,,
1996-04-08,188.8303820988,935.968130495358,99.97698528232496,3.5798979,0.5218129,4.1665034,0.6829951,4.068024503016696,0.5750460581814292,4.687520997593564,1.0413978159318258,,
1996-04-09,310.5378358124327,1004.6161323473056,100.0,3.6952238,0.5171608,3.5597525,0.681806,3.591740337195283,0.5349402607657927,4.188472076741861,1.0012954410123416,,
1996-04-10,1004.7884041976,1361.963130495358,99.56375894650948,3.772922,0.4234849,3.6353292,0.82488286,3.6937433387438787,0.5075912544162963,4.295350473084662,0.97394567985654,,
1996-04-11,132.5873120988,823.654200495358,99.91738575763434,4.194452,0.5191987,4.9230313,0.722404,4.822010406951566,0.6263898813462963,5.477544850364646,1.0927367515026472,,
1996-04-12,382.4134299835155,836.0990382107473,100.0,4.655467,0.5397967,7.2342634,0.93985,6.424943534412195,0.666770817346429,7.15709270196511,1.1331094571310234,,
1996-04-13,1545.6621841976,1401.6791878195786,99.8344111524172,4.5233326,0.49316266,9.971031,1.5952997,7.114116891127836,0.801553674129927,7.879206189310492,1.2678896786424818,,
1996-04-14,1619.5183208082713,5813.1428632274165,100.0,4.3168826,0.43457428,7.537914,0.82504463,6.836076477058991,0.6521845303554309,7.587876393882764,1.1185215326724072,,
1996-04-15,1757.0605488297372,4178.591494632613,100.0,4.271594,0.4204863,6.10755,0.8269145,5.564073875171542,0.5952913521752289,6.255076415748468,1.0616340468480732,,
1996-04-16,4433.512097428013,8507.883681427908,100.0,4.2556596,0.4657427,5.3887014,0.9778253,5.000539692430773,0.6623436135105416,5.664607225417926,1.1286894215774665,,
1996-04-17,3165.0302227652583,8592.495536770628,100.0,4.00685,0.4665874,4.1866536,0.6626794,4.13825188177737,0.5003138850758343,4.761105004998713,0.9666651601304348,,
1996-04-18,2170.220937941555,6599.434035745376,100.0,4.568824,0.5077013,5.5753984,0.72881013,5.326302061545162,0.5626589496280432,6.005939922213032,1.0290029136412167,,
1996-04-19,1599.5281910523634,4862.082257407704,100.0,4.7970257,0.55903846,7.9265895,0.9197713,7.151887024755861,0.705788000300204,7.918781606215194,1.1721238760883521,,
1996-04-20,1325.655169952933,3490.467476773901,100.0,4.986464,0.6714219,9.462822,1.0816164,8.230688255218492,0.805388514969747,9.049145847796416,1.2717214029519526,,
1996-04-21,1151.1775327280045,2693.2003229704706,100.0,5.138385,0.66607237,10.358844,1.1243492,8.795606442532796,0.8125291501851906,9.641065193388124,1.2788610046212294,,
1996-04-22,994.5079917652978,2127.814712442878,100.0,5.309135,0.737127,10.821548,1.1959879,9.065759646745727,0.8481902748659155,9.924130797289903,1.3145217640588323,,
1996-04-23,983.431159634782,2007.316100593754,100.0,5.583359,0.86838764,11.327141,1.2339138,9.438444190105473,0.8760177370812797,10.314628387863866,1.3423488594205306,,
1996-04-24,1369.9555203956572,2748.272040385034,100.0,5.01175,0.70740086,10.419585,1.0859455,8.6206332974343,0.7619476858788351,9.457728930069695,1.228279821417403,,
1996-04-25,1069.9165988508646,2020.519607864644,100.0,4.995073,0.7982869,9.179758,1.1492497,7.731009775756969,0.8005913894802797,8.525584445082066,1.2669254958655003,,
1996-04-26,969.4736841976,1757.5160942424702,99.98187789929604,5.049035,0.7819415,9.530253,1.2549691,7.93713293508324,0.8552533008155125,8.74155958682736,1.3215868699917612,,
1996-04-27,645.9926833996728,1985.731878779932,100.0,5.0214934,0.7135152,9.975667,1.0178641,8.759597536767176,0.7877325131332975,9.603335185017194,1.2540644225576387,,
1996-04-28,969.4736841976,1470.1883062374611,99.83026999407312,4.9777865,0.67513996,9.980658,1.3104804,7.992615039505177,0.8340489892410458,8.79969354618458,1.3003824221174165,,
1996-04-29,1193.608770472979,2514.3810715856894,100.0,5.3652344,0.72098035,9.622982,1.1165355,8.252405202084317,0.7918934000792529,9.071900790486758,1.2582262415828922,,
1996-04-30,2913.7825252369585,6471.853491499002,100.0,5.4166923,0.74896914,10.424555,1.2746708,8.869857581816413,0.9091830589491727,9.718865283314678,1.3755148046801404,,
1996-05-01,3007.242372006161,8349.821767553261,100.0,5.309954,0.7654351,10.076163,1.0228161,8.814116528791308,0.7788191485872492,9.66045999849623,1.2451509753341161,,
1996-05-02,1942.6205520061608,6154.158667553264,100.0,5.51005,0.81254256,10.180989,1.0085061,9.060313658766557,0.7909418724766193,9.918424509701508,1.2572733682080033,,
1996-05-03,1512.736172006161,4569.286167553263,100.0,5.6210537,0.91610795,10.260593,1.0413744,9.106635213893954,0.8148666242106893,9.96696007682168,1.2811980654111168,,
1996-05-04,1473.8848720061612,4040.160967553263,100.0,6.209429,0.9437468,10.63283,1.1273601,9.450470319128785,0.8636813427586552,10.327229324745225,1.3300124559058195,,
1996-05-05,1483.178072006161,3445.138267553264,100.0,6.67297,0.85979635,10.654072,1.1713029,9.45595813844956,0.8587120771693504,10.332979443070363,1.3250431861769052,,
1996-05-06,1519.0945720061611,4158.139767553264,100.0,6.575202,0.9840495,9.524218,0.9716775,8.73513028786408,0.7588273588420805,9.577698485253638,1.2251593064759585,,
1996-05-07,1485.1315720061612,3645.8008675532633,100.0,6.5938663,0.87241095,9.256784,1.0782785,8.486011528523466,0.8067141324288118,9.31667270078642,1.2730465080786815,,
1996-05-08,1221.436072006161,2848.671067553264,100.0,6.949705,0.88880694,9.7261715,1.157571,8.89295603745168,0.8529621421539898,9.743067766171189,1.3192938553543396,,
1996-05-09,1120.746972006161,2541.348867553263,100.0,7.153778,0.9938357,9.779291,1.1213112,8.975779732258932,0.8354755569496687,9.82985015047159,1.3018071585226807,,
1996-05-10,1123.7765004389678,3019.239955662776,100.0,7.9919376,1.0492004,11.001627,1.1980828,10.185260878676404,0.9183187142816276,11.097140361283348,1.384649579623189,,
1996-05-11,2117.2382350745365,6546.9405677824825,100.0,8.879012,1.1181425,11.844978,1.0895352,11.120194456551834,0.8674463160093135,12.076760568270668,1.3337777588132527,,
1996-05-12,4849.455124289554,8000.879891815107,100.0,7.698399,0.96812224,10.794703,1.6909479,9.626220566122125,1.114408905809821,10.511379832772683,1.5807399034968586,,
1996-05-13,2922.758836609375,6727.42032146172,100.0,7.517804,1.0185925,9.421251,1.066084,8.844752468320998,0.8046844285324655,9.692560231211717,1.2710162103121911,,
1996-05-14,1752.8189614349872,4880.703470929103,100.0,7.7540836,1.0546865,9.401617,0.97971356,8.966278534032863,0.7728343237949914,9.819894827448536,1.239165937775033,,
1996-05-15,1332.4681936157333,3237.17235135222,100.0,8.099453,1.0806539,10.153609,1.0889403,9.554634824311503,0.8332913125413607,10.436372537207129,1.2996223529926598,,
1996-05-16,1104.3011862354947,2416.628145802656,100.0,7.5798535,1.2021548,9.506654,1.056526,8.902333845664545,0.8173221312866449,9.752893801560194,1.2836538314539674,,
1996-05-17,973.8763493521724,2113.9314411940672,100.0,9.288423,1.1757803,10.544666,1.2479485,10.148454441282215,0.9313629330659626,11.058574701998229,1.397693796128354,,
1996-05-18,884.0654373264639,1766.891824307906,100.0,11.890759,1.540944,12.89392,1.412112,12.559376827692335,1.0723412625839193,13.584730937152859,1.5386755483122532,,
1996-05-19,861.7722167181208,1644.4234725912013,100.0,13.325213,1.9347335,15.077269,1.4170575,14.474812665952717,1.1432848768224844,15.591718060892228,1.6096266208642787,,
1996-05-20,773.6968618037541,1171.9975378054878,100.0,13.509488,2.1422036,18.141644,1.4410707,16.299687196742557,1.216187857804186,17.50381535623231,1.6825406107420258,,
1996-05-21,705.1959540256121,988.5339658044772,100.0,12.607837,2.1737537,19.293375,1.4076967,16.509805746773463,1.222351373859111,17.72397685470036,1.6887056388815394,,
1996-05-22,685.8221150604826,973.753892942306,100.0,12.621388,2.3031566,17.68988,1.3113701,15.595318963380576,1.2239016818618784,16.765780729077978,1.6902497342513343,,
1996-05-23,579.5607817891917,845.027527856175,100.0,12.317144,2.3795745,17.475983,1.2832335,15.377228715940383,1.2314882582621691,16.53726651331436,1.6978349702815512,,
1996-05-24,498.80400004048425,743.967430495358,100.0,11.635888,2.4839172,16.893751,1.1830021,14.78343298457673,1.2228858011971102,15.915089375780688,1.6892291394601364,,
1996-05-25,250.18356758303145,653.8837812874948,100.0,11.071521,2.6172745,14.672081,1.0440836,13.675693949777699,1.0463458828433154,14.75440420173472,1.5126840051383592,,
1996-05-26,387.7894737036,653.549660495358,99.97326694981231,11.074796,2.7838209,14.26832,1.0954032,13.079067619740156,1.243919948397037,14.129261172586466,1.710255842887534,,
1996-05-27,103.4105262964,508.871930495358,99.92065941022618,11.468698,2.8909328,13.151338,1.0544367,12.867150654226538,1.0031876422583943,13.907215300523204,1.4695228434366934,,
1996-05-28,103.4105262964,498.15773049535807,99.85136751691954,11.127756,3.0863156,13.690884,1.0373282,13.25027799849808,1.009640209492198,14.308654822195615,1.4759767016304361,,
1996-05-29,103.4105262964,470.813210495358,99.76281841213624,11.240365,3.2200365,13.970255,0.9934858,13.478635812916291,0.9998985580851585,14.54792735954088,1.4662358995367881,,
1996-05-30,103.4105262964,443.5467904953581,99.64328681860373,10.604255,3.1114738,15.064661,0.9456371,14.22135397228698,0.9664998582059693,15.326144908074472,1.4328403744393943,,
1996-05-31,104.2616897964,396.420030495358,99.47993729144748,9.948709,2.8456857,15.852886,0.97175103,14.623403446064282,0.9711452836996394,15.747410972360955,1.4374877817099079,,
1996-06-01,149.20708069224654,337.352610495358,99.34827547345849,9.450484,2.6642725,19.306734,1.3065609,16.284243140499335,1.2199033502075805,17.487633126893524,1.6862559939966848,2.724032692246539,4857.2759673077535
1996-06-02,162.867756568171,322.05023049535805,99.18597514727996,8.966469,2.1599927,21.86174,1.2158256,17.530649158360475,1.0855018337574305,18.7936130917826,1.5518641636462165,2.896516568170999,4854.379450739582
1996-06-03,167.27097897680798,292.24498049535805,99.01759981618146,8.097706,1.7716426,22.453503,1.2763388,17.227768624328032,1.036731054229919,18.476255903568717,1.5030908669630536,3.144608976807983,4851.2348417627745
1996-06-04,163.7112835283632,254.8220304953581,98.91908123201092,8.100676,1.5814538,22.00219,1.4809815,16.56454672369602,1.0934805744374434,17.781334263197145,1.5598352416849788,3.2464335283631915,4847.9884082344115
1996-06-05,173.85408528085935,327.63536049535804,98.72618696159157,8.103224,1.3114287,21.987373,1.3272709,17.17407939244675,0.9790950156670427,18.42000050993097,1.4454543931500856,3.358055280859355,4844.630352953553
1996-06-06,184.44394193463916,281.32400049535806,98.577971524861,8.005618,1.0966868,24.16483,1.4437044,17.765787299642195,0.974159217276237,19.039990032438062,1.4405235736669897,3.495001934639174,4841.135351018914
1996-06-07,145.10959472140155,363.02965049535806,98.42952407225155,7.844905,0.9227651,22.766796,1.6019124,18.505543696113545,1.1743992043137879,19.815104255930002,1.6407703485264373,3.652097721401561,4837.483253297512
1996-06-08,286.1376802497073,385.1548288977197,99.89723945030408,8.042649,1.0196112,26.37741,3.453671,18.562239281264073,2.0286485775786027,19.874509696246566,2.495020267833446,3.7493577572251513,4833.733895540287
1996-06-09,1380.6761232269096,1649.1880707083576,100.0,8.346384,2.898589,30.985716,3.0755315,20.669218859729437,2.1323898495202354,22.082195696213194,2.5987844386948153,3.810446295643246,4829.923449244644
1996-06-10,1130.5816793814793,1643.8279508888031,100.0,10.657298,3.8130083,22.012985,2.5576394,17.385502791859206,2.17042685313308,18.641529225120603,2.6367879636602884,3.395440364038305,4826.528008880606
1996-06-11,1183.8299558218196,1017.3470734918792,100.0,13.422574,4.257009,23.36675,3.4252024,18.018605576740185,2.7835018233015814,19.304892158965288,3.2498684291033633,2.7212701033804807,4823.806738777225
1996-06-12,874.378802052532,787.1330381002776,100.0,13.708373,4.175342,21.34812,3.2062886,17.32766536619138,2.6712080296661944,18.580927368213203,3.1375686610190896,2.713327850950227,4821.093410926275
1996-06-13,900.3542837950936,1366.0470151409008,100.0,14.453046,4.2947025,18.768578,2.398594,17.054182387871894,2.2362841307031402,18.29437283838484,2.702642548100438,2.5656564213659143,4818.527754504909
1996-06-14,701.4975024041128,846.8748329451805,100.0,14.738222,4.440266,19.220478,2.509859,17.189770538601458,2.435432055426909,18.43644163923437,2.9017915597746695,2.5465643895496615,4815.98119011536
1996-06-15,538.1711500663699,685.7314699566706,100.0,13.606809,4.536993,20.31422,2.2514546,17.364855466704494,2.3603518672379056,18.619895028402848,2.8267128062660962,2.9651115786844784,4813.016078536675
1996-06-16,972.5505409983474,543.910980495358,99.49198474338286,13.5259495,4.4426293,27.632322,3.555537,18.585498283192404,3.1215657937240757,19.89888039896015,3.587937709052487,3.076856800747301,4809.939221735928
1996-06-17,126.234484255763,675.7679304953581,99.66855706404628,12.743951,3.9596968,16.829666,1.5940394,16.18657809524919,1.4806979806917486,17.385300026331677,1.9470499405633033,3.434484255763003,4806.504737480165
1996-06-18,142.65749175001346,673.494130495358,99.602699238951,12.324921,4.111922,17.617624,1.3115462,16.692497377928653,1.2992100843332122,17.91540052132467,1.7655657051012106,3.6995970584134623,4802.805140421752
1996-06-19,391.58488068388704,691.540870495358,99.59412127017036,12.432289,3.8140712,19.100266,1.381769,16.689577056010766,1.6369774482384565,17.91234061800173,2.1033330470347007,3.795406980287067,4799.009733441465
1996-06-20,391.66395455725933,825.738030495358,99.62695126964816,12.603354,3.891489,19.115976,1.3846213,17.02072819766144,1.5650750429203686,18.259319652239757,2.0314331953637197,3.8744808536593616,4795.135252587806
1996-06-21,392.0996352248573,718.138230495358,99.4918294866944,11.853471,3.8857498,22.990767,1.4699591,19.057438609514488,1.6695254491394895,20.39337785963313,2.13590206497409,4.310161521257336,4790.825091066548
1996-06-22,392.518262236687,595.8340304953581,99.39549032318612,11.251343,3.557724,25.404634,1.5877638,19.783738460434346,1.7066301690091226,21.15439236069512,2.1730145163158947,4.728788533087015,4786.096302533461
1996-06-23,400.8532065364087,618.4189604953581,99.24662904085427,10.283399,3.0800514,24.891415,1.4407299,19.146462263776254,1.493773012135288,20.48665654025647,1.9601505431932735,5.352112532808721,4780.744190000652
1996-06-24,415.7348618241648,523.492300495358,99.08592276375076,9.688377,2.700361,26.11029,1.5738628,18.841376182719497,1.4826290284246657,20.166988387409795,1.9490034606779836,5.88478212056481,4774.859407880088
1996-06-25,402.21870769442944,501.441000495358,98.9146572782894,9.156047,2.263768,25.951195,1.5107299,18.475678680118445,1.3107315193962799,19.78381179425879,1.7771023774532932,6.441217390829441,4768.418190489258
1996-06-26,396.5162980018536,577.062380495358,98.49153315771632,8.940965,1.7524922,25.831577,1.3991398,18.952417631712215,1.0941577172532826,20.283337238088162,1.560533265052163,6.928477198253656,4761.489713291005
1996-06-27,215.47735438207798,539.1896336116245,98.18716652971786,8.650171,1.4379094,23.244343,1.267935,19.07732142971904,0.9945985398091454,20.414211010677437,1.4609753592666355,7.515867963642254,4753.973845327362
1996-06-28,215.8070357916811,531.0669041810803,97.9059062140055,8.614782,1.2643827,23.641518,1.3038226,19.299586517442116,0.9964753899591514,20.647099609818483,1.4628545164365792,8.059130718422455,4745.91471460894
1996-06-29,235.16632329796772,520.8635774738299,97.67935268455837,8.141748,1.0961454,24.047544,1.3578532,19.099978817445294,0.9956859076454094,20.437951344086603,1.4620629596915964,8.908605681154114,4737.006108927786
1996-06-30,227.73341008356772,510.349170495358,97.58290405789178,7.9516573,1.0619919,23.24213,1.3385913,18.52429565488803,0.9818631698298724,19.834752494233545,1.448234494238153,9.748575391967705,4727.257533535819
1996-07-01,192.68236077007958,559.090900495358,97.66724550754128,8.488842,1.085746,23.560608,1.3691274,19.69765669314728,1.0555574965653196,21.064196179187533,1.5219408960232463,10.270384078479582,4716.987149457339
1996-07-02,188.32025746560322,446.373580495358,97.69419914109882,8.383849,0.98683393,27.181637,1.5090377,21.604137862970884,1.1009413262204286,23.061800631948845,1.567347702005131,11.206972774003237,4705.780176683335
1996-07-03,204.9980400968661,459.001530495358,97.74232768583713,7.892115,0.8876775,25.613337,1.4178932,20.14222509610206,1.0177367106012272,21.530013432122487,1.4841250963259154,12.735259405266113,4693.044917278069
1996-07-04,153.458418151396,568.058630495358,98.0506009556956,7.495255,0.8977433,20.260166,1.2112521,17.545215661640775,0.9725601118233355,18.8088758241266,1.438922565414217,14.500523459796007,4678.544393818273
1996-07-05,403.6955133786994,661.934480495358,98.2312410791484,7.9654646,1.1311252,23.367168,1.3669323,17.53249900829946,0.9510932547781806,18.795551358225275,1.4174556003628673,15.906039675099413,4662.638354143174
1996-07-06,405.3821143121389,704.642860495358,98.07330745329938,8.360287,1.0961591,26.062653,1.4538703,19.597732725994682,1.005995945145764,20.959496187978033,1.4723782549637763,17.592640608538925,4645.045713534635
1996-07-07,407.9193267448335,684.454960495358,97.81423144887869,8.300697,1.0300349,28.057209,1.5749357,20.67964343061755,1.059128980203501,22.093118525955145,1.5255236952924436,20.12985304123353,4624.915860493402
1996-07-08,411.20979366353237,658.710090495358,97.52014328525132,8.189291,0.9472371,29.917915,1.6740382,21.566801148374687,1.0930526652873005,23.022679350024124,1.5594585512077863,23.42031995993237,4601.4955405334695
1996-07-09,415.64780995223583,553.012990495358,97.30698163178124,8.056869,0.9514705,31.611824,1.838187,21.504503025759075,1.1260497390188593,22.957403590102967,1.5924548111251404,27.858336248635858,4573.637204284833
1996-07-10,421.8905366369451,491.263480495358,97.04861803565936,7.8944454,0.94514775,30.66552,1.855895,20.144949718610786,1.089758522390894,21.532868282273476,1.5561469393715863,34.10106293334515,4539.536141351488
1996-07-11,279.8800632917299,443.54891377587006,96.65003285076187,8.100816,0.97348225,26.46398,1.4467214,19.359642390192782,0.9636581937011002,20.7100259479959,1.4300379532271474,41.89848451246681,4497.6376568390215
1996-07-12,445.06042001722267,667.4659429902322,96.18536271517368,8.016608,0.91802275,27.649551,1.561928,19.795493980865306,1.0064811832311553,21.16670975481844,1.4728656606358266,53.6509540043768,4443.986702834644
1996-07-13,703.9050591506573,2111.952391704759,97.25223685801848,8.909298,1.3065506,21.610302,1.1582129,18.435318454740973,0.9280550606669883,19.7415224880728,1.3944255336276101,67.6350596974585,4376.351643137185
1996-07-14,464.0412026832381,3517.263130495358,98.89355228712104,11.436225,3.877061,18.630585,1.2328918,17.792045613737706,1.1792136244733027,19.067503404187782,1.6455782110918258,76.25172897963816,4300.099914157548
1996-07-15,526.7487821117982,1802.2956483654173,99.55745320951686,12.850949,4.9409842,19.902573,1.2714821,18.30774088024758,1.4889094997945653,19.607847141620745,1.9552787677256576,87.85720401568217,4212.242710141865
1996-07-16,1304.654108179846,3825.661826285718,100.0,14.732123,5.1128244,21.05366,1.427107,19.446074623366044,1.6801889628858313,20.800589346461035,2.146569640732146,84.88307846244732,4127.359631679418
1996-07-17,1053.4582640311185,2259.5799663815383,99.89269892074762,15.595222,5.0131493,21.259022,1.462844,19.458083843870718,1.8805299082298934,20.813172566654366,2.3469107143469654,83.9845798335185,4043.3750518458996
1996-07-18,941.2008254468727,1835.9235680939569,99.48244683506,15.906896,5.1440954,20.864069,1.4386603,19.184023374721487,1.9859465835531815,20.52601294390865,2.4523245034831254,80.1837001775966,3963.191351668303
1996-07-19,892.1541712023686,1537.041293296479,99.18115573112168,15.7945795,4.7140403,20.097393,1.4161649,18.51712784324839,1.9494359434839938,19.827242085699467,2.4158071989662186,74.06606805583736,3889.125283612466
1996-07-20,877.9736961937839,1396.5631552362386,98.92397386250072,15.622087,4.852461,19.458746,1.3876414,17.977791246913466,2.057731126714528,19.26212704368966,2.5240973644298665,63.98679908725676,3825.138484525209
1996-07-21,671.7685532702543,1201.1120117639805,98.7379783211781,14.5941305,4.9139705,19.108418,1.3451965,17.489224007540393,1.9623560881737556,18.750207960358114,2.4287180675968436,59.20611906986873,3765.9323654553405
1996-07-22,442.0181395731141,875.249706870296,98.84667931208988,13.212228,4.721894,19.95697,1.3083729,17.693726264327985,1.8072840301930357,18.96448472596416,2.273647758817667,54.22866586951416,3711.703699585826
1996-07-23,432.6235943419089,747.5301287904156,98.7780507544645,12.48962,4.135995,20.950794,1.3211551,17.849076671365857,1.7317958677927427,19.12726035141964,2.198160957164373,44.834120638308946,3666.8695789475173
1996-07-24,425.2183994989702,637.3874116761363,98.56160598619846,11.746448,3.5125241,23.303715,1.3751036,18.67889282386159,1.6297360537658254,19.996738879420057,2.096108879086945,37.428925795370205,3629.440653152147
1996-07-25,418.5481446818864,590.4890087435507,98.42448843072016,11.396155,2.9661393,25.332237,1.4532839,19.5515569209895,1.4956788781215853,20.9111133373377,1.9620606882635874,30.758670978286435,3598.681982173861
1996-07-26,413.3294738114891,784.3224781741335,98.61264534468108,11.23454,3.234589,23.003763,1.3192948,18.942009840696127,1.411600971304827,20.272431990238758,1.877976413946056,25.540000107889117,3573.1419820659717
1996-07-27,409.6884459798621,1022.1758496854724,98.539849642816,10.980791,3.2583253,20.972315,1.1978581,18.11351610101385,1.2650624143201905,19.40433908186384,1.7314298834433575,21.898972276262104,3551.2430097897095
1996-07-28,407.4019860493213,981.19494492341,98.2661880640961,10.356221,2.6315784,21.892212,1.222213,18.50765486693133,1.1584304356156971,19.8173163334962,1.6248016000954082,19.612512345721328,3531.630497443988
1996-07-29,405.3910541005304,874.8268117189342,98.05434417975452,9.857458,2.2127752,21.469416,1.2488377,17.792397996768553,1.1041890623482418,19.06787262992294,1.570553652061752,17.60158039693047,3514.028917047058
1996-07-30,402.8289990283411,807.2628700924074,97.88929322642952,10.139674,2.6606112,20.898022,1.2164983,17.31666191056181,1.2012684546435684,18.56939798501797,1.6676289952676155,15.039525324741149,3498.9893917223167
1996-07-31,400.530552276491,835.6855315848838,97.65072827847942,10.733182,2.8598683,21.100216,1.2204349,17.741325915974546,1.2406536379072997,19.014359478248156,1.7070177805347924,12.74107857289103,3486.2483131494255
1996-08-01,399.0529775833171,965.4094870643216,97.58363052330049,10.967675,2.8791158,21.098568,1.2274834,18.135670100926433,1.2096668247538898,19.427551967242582,1.6760344968762193,11.263503879717113,3474.9848092697084
1996-08-02,398.1977901406728,914.1635011429267,97.39879430190464,10.779323,2.8737001,22.20726,1.277859,18.739785518230956,1.2460383878340169,20.060542036429016,1.7124118118364966,10.408316437072836,3464.5764928326357
1996-08-03,397.48143304906824,802.9679981247771,97.21184126521804,10.564744,2.6324594,23.117043,1.3524345,18.960844467270615,1.256225142262078,20.292166847580557,1.7226007752942862,9.691959345468288,3454.8845334871676
1996-08-04,396.58296154461647,700.1435604953581,97.02854307786694,10.732614,2.6651144,24.154701,1.4065533,19.3011929324724,1.3172116729263748,20.64878280599596,1.783590816283334,8.793487841016466,3446.091045646151
1996-08-05,395.881286732405,663.452880495358,96.82717139462216,10.785169,2.8768666,25.806122,1.5085074,20.192676648833473,1.4312369383541215,21.58287639661446,1.8976259042195351,8.091813028805017,3437.999232617346
1996-08-06,395.5061097703416,644.582550495358,96.58600327858564,10.438771,2.483925,27.5647,1.6038924,21.052360957366957,1.3711973988566322,22.483650676412047,1.8375966974901887,7.7166360667416365,3430.2825965506045
1996-08-07,395.2127921474013,605.9421104953581,96.3164208529626,9.997346,2.0198302,28.915646,1.6988323,21.447516524137484,1.3011390450799818,22.897693328502474,1.76754337664457,7.423318443801283,3422.8592781068032
1996-08-08,394.86976533359933,582.091630495358,96.01786672832571,9.72837,1.7986847,29.275314,1.731984,21.37480007599733,1.2623148440681722,22.821501282709963,1.7287182360710838,7.080291629999349,3415.7789864768038
1996-08-09,394.49472472037075,638.7929704953581,95.87184217576036,9.632428,1.7968622,27.171936,1.6095821,20.475598355603527,1.2086256126258987,21.87932079384865,1.6750178857179119,6.705251016770757,3409.073735460033
1996-08-10,394.0798289575109,666.796430495358,95.73842796039756,9.703399,2.0717492,25.076494,1.4494998,19.36590658137828,1.1925982434185438,20.716589546107,1.6589780692129077,6.2903552539109695,3402.783380206122
1996-08-11,393.74739872957934,664.548680495358,95.48371632654124,9.654327,1.9021814,24.394398,1.3897741,18.910238369811456,1.1235973902101184,20.23914195165114,1.5899725126067208,5.957925025979361,3396.8254551801424
1996-08-12,393.51902106723907,651.289310495358,95.1846600484156,9.4235,1.6704332,22.943377,1.3488748,17.851219064327616,1.0501593221771486,19.129505143441566,1.5165244305073713,5.72954736363908,3391.0959078165033
1996-08-13,393.20520918622503,682.403350495358,94.90128078322768,9.452367,1.8785572,21.725159,1.2738175,17.23865135734683,1.0605274218505172,18.48765879402505,1.5268873232100466,5.415735482625075,3385.680172333878
1996-08-14,392.8277732731709,640.896370495358,94.57315920937992,9.742246,2.0707572,23.768322,1.378194,18.43824204602646,1.1616108778971892,19.74458581702794,1.6279813786906296,5.038299569570951,3380.641872764307
1996-08-15,392.57398429166994,609.948830495358,94.2288548046607,9.765399,1.7191019,25.664202,1.5274241,19.438451806547498,1.1475086821895686,20.79260218505586,1.6138892787019603,4.784510588069979,3375.857362176237
1996-08-16,392.3764724152965,600.945410495358,93.90310199612932,9.712738,1.6801515,25.398273,1.495448,19.20226070900088,1.1220529611923382,20.545121960425387,1.5884310705160536,4.586998711696552,3371.2703634645404
1996-08-17,392.15515969384074,558.470010495358,93.62706270665848,9.778018,1.7874458,25.895105,1.4808714,19.24642913569438,1.1404232016722682,20.591401486932625,1.6068017712586626,4.365685990240752,3366.9046774742997
1996-08-18,392.0038242107063,521.750950495358,93.3010961239136,9.662893,1.5786551,26.963022,1.5601467,19.541209629508415,1.1190436222056919,20.90027148069426,1.5854253207123103,4.214350507106311,3362.6903269671934
1996-08-19,391.88744540129676,482.237580495358,92.9916134067551,9.464094,1.3967547,27.91755,1.6902767,19.644502242648233,1.123236089006064,21.00850112765403,1.5896189074099238,4.097971697696787,3358.5923552694967
1996-08-20,392.07862153989595,409.6142102429869,92.72862734481323,9.281289,1.3065624,29.461275,2.457362,19.591982548843053,1.408805112744878,20.953471172014552,1.8751873602063793,3.9840672343795513,3354.6082880351173
1996-08-21,508.98169836688476,478.6654949460491,92.04190781618546,9.111912,1.2786483,31.12277,2.807631,19.779525235801742,1.5118813391020107,21.149977758327264,1.9782656398196492,3.8701088170907214,3350.7381792180267
1996-08-22,374.4071265090382,599.0578186204074,91.540898627859,9.147658,1.1953814,26.890715,1.5738097,20.06650720268459,1.0720891365333434,21.450676482228335,1.5384766570419015,3.711077431325833,3347.0271017867008
1996-08-23,431.1415932325978,627.8247856767017,91.01717461520394,9.036435,1.1754919,27.693392,1.7521263,20.097503785983708,1.1437204233134424,21.483154596252632,1.6101082972224812,3.6003795846602524,3343.4267222020403
1996-08-24,411.64699151413765,667.8974656658204,90.60066464932814,9.132501,1.1903788,25.379673,1.5381868,19.184375000132334,1.0543606448381353,20.526381375812164,1.520738568416095,3.457084485619998,3339.9696377164205
1996-08-25,380.3065812568214,628.1158805556745,90.20701374547411,9.402912,1.3205985,24.815975,1.4384998,19.00324338586755,1.0251117146252438,20.33659228955297,1.491487777733856,3.278785443997353,3336.690852272423
1996-08-26,391.8456836118272,564.1629255800373,89.76982325154461,9.337693,1.2219074,26.507175,1.5352771,19.469804194465738,1.0352164549316967,20.825453109943812,1.5015973863931018,3.1818604763807388,3333.508991796042
1996-08-27,440.2056525966216,586.207126607204,89.27325646902456,9.227652,1.1406846,27.322014,1.6618589,19.5617436129418,1.067786490090355,20.92178691834385,1.5341684102546413,3.1016409041142476,3330.4073508919278
1996-08-28,467.70554289733155,486.1216732661454,88.89870028460983,9.233166,1.1304374,28.281609,1.8126414,18.94127717861355,1.077356675884215,20.27166430941311,1.5437321111274807,3.0063586658189174,3327.400992226109
1996-08-29,422.6313335321525,535.2717162711882,88.43693975401156,9.385467,1.2377707,26.373837,1.5109507,18.878487750590764,1.0055343563993844,20.205873761365762,1.4719091599146332,2.884784763729108,3324.51620746238
1996-08-30,436.0553881505056,546.3392611112627,87.95101163148074,9.292411,1.2113818,26.19561,1.5151408,18.692789166941115,0.9995587331869065,20.01129942019651,1.465931694759922,2.8178897587217633,3321.698317703658
1996-08-31,457.902718472796,576.098105419614,87.41506897051087,9.228148,1.147478,25.901157,1.5091434,18.517588688863945,0.9824511351334884,19.827724958160125,1.4488223950454617,0.0,3318.9497745506687
1996-09-01,466.1992383740879,590.3535801678911,86.88507693205388,9.184026,1.1105179,26.100061,1.5026643,18.63593581973527,0.9721487679820962,19.95172867733767,1.4385211735115147,,
1996-09-02,465.24077926673726,600.5494364120461,86.37436411917743,9.126618,1.0851436,26.6371,1.5506104,18.993391266375657,0.9938783052417203,20.32626927242715,1.4602542682313413,,
1996-09-03,482.2396295978239,619.441418911671,85.84527892010053,9.123047,1.0807866,27.403305,1.6375785,19.401474628307028,1.0351891504450608,20.753857624095655,1.5015693533612429,,
1996-09-04,488.4976736968076,618.8878058989524,85.30969411461169,8.78842,0.9548979,24.45532,1.5957559,17.54422692682214,0.9862998281314004,18.807839831163456,1.4526622733180425,,
1996-09-05,463.3855649851955,578.4909978135621,84.77479127423135,9.147622,1.1643271,22.640392,1.4455557,16.639340774643276,0.9551855983194957,17.85970321410901,1.4215408206777527,,
1996-09-06,362.9952314867944,416.4579759350344,84.49948064530327,9.296565,1.0295495,22.419933,1.774683,16.308315514143978,1.0625343914802647,17.51285607771109,1.5288872055163136,,
1996-09-07,392.833850515616,327.5988968247192,84.22084168574804,9.635807,1.1833869,23.567707,2.0935926,15.97099251513724,1.150085386913402,17.159410192432816,1.6164358757228947,,
1996-09-08,377.8049194456029,326.3177991838958,83.85808246195433,9.973669,1.3153164,24.64344,3.3112595,16.77221044846507,1.689074669361319,17.998923604147226,2.1554308936364523,,
1996-09-09,336.683388702404,307.15778377966564,83.48351045703241,10.006913,1.331537,24.140623,2.4247956,16.74969261167619,1.350191565927118,17.97532949173321,1.8165476189834315,,
1996-09-10,344.6516433825707,345.7897827489124,83.08024785372129,10.052185,1.407422,24.024017,2.2130663,17.049616939501085,1.3122627563110394,18.289589177188113,1.7786211374750147,,
1996-09-11,362.15303261643015,372.263195452105,82.63761316954039,10.02387,1.4462181,22.962181,2.0115418,16.58208183691583,1.244269831170802,17.79970749488808,1.7106246279873212,,
1996-09-12,359.4609042756329,379.0111312344126,82.1975660564016,9.987132,1.3625917,22.138535,1.8460331,16.22368075145983,1.1565374787343339,17.424176062680104,1.6228896971392301,,
1996-09-13,354.57307667265684,359.82815831122093,81.77659589059476,9.823494,1.4245518,20.78729,1.8093321,15.345716696089386,1.15343228478239,16.504248326632936,1.6197788076284279,,
1996-09-14,267.2550398981189,285.52691882442184,81.45441172141858,9.904775,1.4547971,19.647049,1.6099963,14.936924349561115,1.0891639475918995,16.075917103327345,1.5555081192969726,,
1996-09-15,302.91180091620674,336.70054278045643,81.00601009624815,9.601663,1.3364531,18.924116,1.5570952,14.509127577714535,1.035598397459179,15.627673108136603,1.501940313376763,,
1996-09-16,339.1067740240288,367.8205582550085,80.53044916026076,9.724346,1.4139895,17.964216,1.4000726,14.011623609681484,0.9953542872188081,15.106390151063811,1.4616938430259174,,
1996-09-17,343.08015298222915,153.87412137878724,80.33216316555557,9.50548,1.4049389,19.010872,4.533077,12.448675855594642,1.7061156169496663,13.46873883700124,2.172449599898824,,
1996-09-18,470.8114420988,345.4471504953581,80.46836372903299,9.922777,1.6776843,18.634874,3.0310624,13.609806223828866,1.6068269956170316,14.685367267711458,2.0731648518894312,,
1996-09-19,186.2440279012,515.180030495358,80.4867232026444,10.415097,1.8659896,15.419852,0.97719884,14.090976062050844,0.8721353441458345,15.189535379403639,1.3384752574183696,,
1996-09-20,201.2684579012,324.165290495358,80.29001991042722,10.359506,1.7211239,17.160559,1.0843396,14.555401603044606,0.9392475194061605,15.67615887369761,1.4055896692326084,,
1996-09-21,231.2339231379508,289.43890028185456,80.0091494106798,10.2829485,1.433487,17.836483,1.1719157,14.481913031428444,0.9108713140386905,15.59915779956631,1.3772130935341418,,
1996-09-22,194.50893454866105,301.32075329410696,79.74178224450004,10.078494,1.5318325,16.915695,1.0684206,14.233530855667048,0.8846949776409809,15.338903804855512,1.351035551181708,,
1996-09-23,67.8631579012,614.455390495358,79.73234281369173,10.232778,2.0145445,15.015319,0.9360659,14.539649032052287,0.8664506326451364,15.659653383659329,1.3327927025695545,,
1996-09-24,67.8631579012,552.710130495358,79.61977761917987,9.843068,2.0345426,13.624228,0.8981039,13.21073660778539,0.8302572725188173,14.267223488172343,1.2965936236517068,,
1996-09-25,96.81170938256771,488.75312846228326,79.413610829062,10.270831,2.0660126,12.589447,0.84181935,12.206109164649993,0.7812667282686396,13.214578287402189,1.2476000967763836,,
1996-09-26,176.25943651285723,488.2642315190035,79.14224278239953,10.265365,2.0567372,12.913849,0.84230447,12.211360221608611,0.8250035441021127,13.220080326933589,1.2913369251985645,,
1996-09-27,230.3949133347244,485.2759805443179,78.86760720318053,10.363608,1.9386971,13.184888,0.82128423,12.276637379579737,0.8364532459402095,13.288477509916934,1.3027867861627964,,
1996-09-28,200.6149753226209,475.49710074834536,78.5855845800963,10.865588,2.1046295,13.635935,0.8009374,12.813921671246417,0.8409921762930869,13.851442154110808,1.307327211397376,,
1996-09-29,67.8631579012,887.835270495358,78.8587279295164,10.859345,2.2127976,14.31394,0.82230955,14.068632854357073,0.7799104909611982,15.16612424275854,1.2462503028540604,,
1996-09-30,67.8631579012,666.662180495358,78.857484353769,10.725323,2.2447362,14.243181,0.8499396,13.918164548155385,0.7988053479556461,15.008464065870584,1.2651444919861028,,
1996-10-01,54.9368420988,632.254643495358,78.82318105806631,10.725669,1.9259787,14.182854,0.82037306,13.906472487696748,0.7703334088622724,14.996213164889333,1.2366725020810696,,
1996-10-02,64.4608280988,553.7752694953581,78.76856922053088,10.572465,2.0343888,14.562998,0.7987103,14.146922058776044,0.7462150178331106,15.248155403530479,1.2125551874587264,,
1996-10-03,66.5577710988,510.175770495358,78.71084028942718,10.690975,2.2492275,14.407223,0.89573866,13.978350250344608,0.8337994407603123,15.071526438889922,1.3001388488212224,,
1996-10-04,132.28600834298413,473.9587035835367,78.59761944114038,10.246556,2.201052,11.886069,0.9109483,11.528318329884625,0.8589894514228769,12.504391367647099,1.3253214597759102,,
1996-10-05,169.2808162593575,470.8854876252161,78.44203838269623,10.077592,2.125339,9.63028,0.8957917,9.748563493364943,0.8660387993107579,10.639570333729333,1.3323697374804695,,
1996-10-06,190.948826964426,478.0266839830183,78.2515345548035,10.102933,2.1137378,9.071186,0.93971187,9.365682426515034,0.902720779826579,10.23838886069745,1.3690519613089285,,
1996-10-07,199.31253562343608,472.0685262795868,78.04662944338124,10.306335,1.8841214,10.310798,0.8650122,10.309472987919309,0.8263089200811434,11.22728938475021,1.2926398045523584,,
1996-10-08,165.59334529430114,412.8638966436898,77.87848516373252,10.123371,1.989056,11.108929,0.7430512,10.82679586078995,0.7781250415263928,11.769338522564293,1.244456195468469,,
1996-10-09,79.7478580988,468.132280495358,77.88926200657991,10.60094,1.856394,11.517897,0.69929034,11.384427041413765,0.6557627560891982,12.353622567455094,1.122094543304341,,
1996-10-10,54.9368420988,508.347530495358,77.93173331800712,10.942445,1.8219547,12.142352,0.7531585,12.025325747274897,0.7025467311078734,13.02515404065376,1.1688796854449874,,
1996-10-11,54.9368420988,505.749430495358,77.94391036656182,10.750093,1.9750406,10.80513,0.8068558,10.799737445586967,0.7530871239767931,11.740986807609172,1.219418256237726,,
1996-10-12,66.0074620988,424.278730495358,77.94068629683186,10.776581,2.0532584,8.843866,0.8316536,9.104068610830353,0.7709504111608028,9.964270798905131,1.237281855318479,,
1996-10-13,69.3992960988,389.6770804953581,77.8947627080388,10.841777,1.8044742,8.494768,0.9167188,8.849569130899173,0.8245658941384553,9.697607113796192,1.2908976689459866,,
1996-10-14,65.6335270988,379.5230604953581,77.84219128137386,11.055074,1.8308651,10.762259,0.74450886,10.80543096707804,0.6897550262011828,11.74695245996519,1.1560861629546082,,
1996-10-15,78.5240252600698,360.393378916712,77.77763728798374,10.86514,1.9536115,9.902599,0.8074618,10.074801584506643,0.7494866699018228,10.981401490438481,1.2158175330560865,,
1996-10-16,107.24172148668448,366.7506797622408,77.68065507252042,10.961641,2.001556,8.737456,1.1542264,9.240682589893519,1.001334701973716,10.107414459175992,1.4676659991971226,,
1996-10-17,127.16819929183303,365.2545649782192,77.56364500163222,10.909085,1.8021145,10.220821,0.85899425,10.398565559555353,0.7890279350717965,11.320640276762736,1.2553588441320853,,
1996-10-18,131.59371725742167,381.7552812826465,77.41917065045637,11.09128,1.7243382,12.452202,0.75292766,12.10333826910545,0.713368201119783,13.106895294355349,1.1797013295967718,,
1996-10-19,902.5252820988,45.068930495358046,77.44540070337167,11.179011,2.0759993,12.76898,694.30975,11.25463252013058,33.081503505149755,12.217624311734948,33.547835113206546,,
1996-10-20,693.2255420987999,454.1389,79.51529260750878,11.096913,2.0496957,8.309281,1.9791099,9.993539310743628,1.4653624374495258,10.89625515777078,1.9316933079045313,,
1996-10-21,54.9368420988,2981.824330495358,81.43433341446719,11.340785,1.6045351,10.696415,0.73298866,10.70807199107477,0.7203135639557893,11.644940057713972,1.1866446289915782,,
1996-10-22,311.0300720988,2340.797430495358,82.8854848797328,11.612918,1.6373744,10.445304,0.7945129,10.582252138868204,0.7271443286330544,11.513106446665581,1.1934753170448689,,
1996-10-23,54.9368420988,1911.0946304953584,84.01606027394303,11.873682,1.5864838,10.735458,0.74624753,10.767263771698332,0.7267484605905193,11.706961003114362,1.193079567936805,,
1996-10-24,613.5950520178458,3212.955515029758,84.53576188587432,11.6581135,1.7147104,10.627134,0.84273255,10.792453896995871,0.7591425483241525,11.733355130292988,1.2254736748920312,,
1996-10-25,786.4466140144857,2858.024515029758,84.63392545628756,11.706551,1.8344743,9.921425,0.8594031,10.306640179040691,0.7816128019128723,11.224321177290667,1.2479436857511712,,
1996-10-26,54.9368420988,1154.973030495358,85.33745417760926,11.751657,1.5549368,10.307233,0.7422776,10.372817969480094,0.7120827751153546,11.293662039895613,1.1784136761367054,,
1996-10-27,1051.324565673914,2357.2306550297576,84.90249740558876,11.9706955,1.807504,10.093925,0.869821,10.672790801086084,0.8201543205143715,11.607972547446542,1.2864853622372128,,
1996-10-28,54.9368420988,936.810130495358,85.49896884613035,11.671502,1.4502593,10.562168,0.7445106,10.623618580010998,0.7078427333093011,11.556450062290896,1.1741737449152592,,
1996-10-29,579.6498795497706,1081.377430495358,85.61241217137547,11.533975,1.6649066,7.4781775,0.8451125,8.89353194067571,0.8001734601062049,9.7436711956007,1.266505172503281,,
1996-10-30,427.02873428690975,903.222530495358,85.75660517000958,11.752774,1.6082206,7.26557,0.7337779,8.706023653457562,0.7174631822920791,9.547200653218539,1.1837951762724115,,
1996-10-31,387.7894737036,845.134980495358,85.8064608533446,11.359792,1.5152112,7.915308,0.79676735,8.998695175191777,0.7248570482125277,9.853860873244102,1.1911886202864956,,
1996-11-01,387.7894737036,782.239830495358,85.8817382392407,10.985508,1.4678262,6.324837,0.8269724,7.869549851819857,0.7364465376961499,8.6707462632052,1.2027802776564886,,
1996-11-02,387.7894737036,761.382030495358,85.91341063036145,10.714305,1.4669477,4.6848683,0.89996827,6.719509842894745,0.7749770724332528,7.465738273068572,1.2413145193780166,,
1996-11-03,387.7894737036,714.742470495358,85.91644611448118,10.488054,1.4573766,3.6542192,1.0168847,6.057858646371614,0.8350610122226093,6.772462411093105,1.30140127740415,,
1996-11-04,387.7894737036,955.1392277211849,85.88972345857998,10.613826,1.4294097,4.04424,0.9020115,5.941299921593164,0.7628565009322172,6.650332577706314,1.2291973144555366,,
1996-11-05,387.7894737036,903.7929985288492,85.82712902629426,10.8219595,1.3754143,4.784293,0.9374529,6.5970643258528545,0.7751493722980861,7.337440278871141,1.2414873030310378,,
1996-11-06,387.7894737036,875.3236920441707,85.73733412378908,10.785206,1.2939163,5.961164,0.84112185,7.442197287707181,0.705381782873908,8.222967707359599,1.1717167237235566,,
1996-11-07,397.8049187036,865.0231470507058,85.62977155148246,11.0251,1.2867069,7.192406,0.8493293,8.399747381035342,0.7090551838713534,9.2262854219276,1.1753877242788868,,
1996-11-08,1045.2384737036,1294.3481602741067,86.27416319025212,11.77259,1.4435399,7.26298,2.2115998,9.277702367539792,1.383102608837253,10.146203655647977,1.8494338699203081,,
1996-11-09,387.7894737036,5739.715219917024,97.54731313623182,11.070252,1.2965021,11.904185,0.9124289,11.851408445884049,0.8586138099806773,12.842924086762984,1.3249464011558576,,
1996-11-10,2808.3652433800075,7121.542215029758,100.0,10.714036,0.9527358,7.354994,1.905165,8.30499434277586,1.3926636279740974,9.127003512336373,1.8589963591613032,,
1996-11-11,2712.9159479352,7187.888015029758,99.90863774720056,10.136083,0.9228365,5.910723,1.1555102,7.06851252154262,0.8761714441391263,7.831422086749841,1.342507606250341,,
1996-11-12,2712.9159479352,5279.746979029758,98.9296693293019,9.705401,0.88224185,5.57508,0.7930143,6.977017567114979,0.6033962569261265,7.735553986260415,1.0697327423972336,,
1996-11-13,2712.9159479352,3833.336615029758,97.49441460001346,9.352429,0.84376496,4.767122,0.75655913,6.667377547245068,0.564396131839122,7.411114231892179,1.0307337826648988,,
1996-11-14,2712.9159479352,3332.884315029757,95.7971254924596,9.066474,0.79682654,3.8669324,0.7181965,6.200108916366413,0.5334809597131523,6.921511757735433,0.9998205767421826,,
1996-11-15,2712.9159479352,3072.6589150297577,93.91559129608652,8.824408,0.8135243,3.1802897,0.72838336,5.826875027110394,0.5432882205303078,6.5304385644092005,1.0096295874711922,,
1996-11-16,2263.581081091187,2759.8362150297576,92.35060016851595,8.744978,0.77958256,2.472623,0.8358357,5.298982720329608,0.5781594994521019,5.977314809873871,1.0445036134504129,,
1996-11-17,387.7894737036,2573.5869150297576,92.66647790968896,8.9436035,0.6087088,3.548956,0.6247553,4.255379984527713,0.5487641312274764,4.883831430678134,1.0151146137704732,,
1996-11-18,387.7894737036,2541.797065029758,92.95930037395496,9.0419235,0.52266234,4.2163315,0.6341671,4.85509527100494,0.5545549465285886,5.51221105782482,1.0209016171079548,,
1996-11-19,387.7894737036,3023.899913024054,93.69701144846128,8.751196,0.47776622,4.359237,0.6249008,4.858448923204627,0.5565273546999938,5.515725003135766,1.022874005119088,,
1996-11-20,473.6266234589991,2724.183492529042,94.2366036621992,8.492164,0.4460211,3.849319,0.6316945,4.536969206743583,0.5421739439033231,5.17887965515132,1.0085225853593407,,
1996-11-21,817.3863767480517,2293.83288931832,94.22841134794432,8.423378,0.41582122,3.2187319,0.65743136,4.586107967417135,0.49686810455613345,5.230367080612617,0.963216434026055,,
1996-11-22,1047.1900319545164,2058.961318453515,93.9070851620004,8.4165325,0.39267024,3.1475239,0.8704773,4.923887199092234,0.5920010383263689,5.584291004921245,1.0583472979415038,,
1996-11-23,1216.5628756734202,1902.1939849786568,93.34183552389456,8.333938,0.40092525,2.8463917,1.1269659,4.986970440617685,0.7049269444185151,5.650389409752339,1.1712728319303585,,
1996-11-24,1275.964118780636,1831.477565353759,92.6781575230853,8.252602,0.40483278,2.548181,1.1389498,4.89050529061384,0.6915550397967775,5.549313555327929,1.1579014981601052,,
1996-11-25,1051.3105913732777,1789.956058478831,92.21924809160396,8.250014,0.41856462,2.947569,0.8813848,4.9095519483388586,0.5764540744940003,5.569270578184462,1.0428004193017835,,
1996-11-26,885.7986270650171,3206.2418529601287,92.1554526762622,8.034975,0.44228598,3.961412,0.6677745,4.843210805620316,0.5319096354517299,5.499758555619825,0.9982563775773787,,
1996-11-27,767.4994951697648,2752.469477163421,92.59250792896478,7.502963,0.4504288,2.8139334,0.6258899,3.836336680868563,0.49917679784256724,4.44475928953195,0.9655301880575591,,
1996-11-28,813.2329244734254,2327.715763699916,92.7512531196991,7.183387,0.44244093,1.1801527,0.532769,2.7344689288613755,0.41111045810851793,3.290226025525302,0.8774724522486022,,
1996-11-29,857.7584015887634,2100.34776219588,92.7999794837716,7.371023,0.3887894,1.4819033,0.5593242,3.189564149327433,0.41282913538792226,3.76707324186445,0.879187407618232,,
1996-11-30,915.0114617006424,1937.9838809980265,92.68966476099786,7.3252296,0.3740163,2.1696901,0.69880223,3.8231725878287928,0.48960462167506397,4.43096599784408,0.955958106486896,,
1996-12-01,962.12596516897,4431.08264250315,93.42317626264858,7.2744713,0.56617564,4.134864,0.63994354,4.694956749558495,0.5353938652159338,5.3444184624593865,1.0017415134293906,,
1996-12-02,1666.2647378158567,8151.900096087808,100.0,7.255884,0.52276075,5.055844,0.6620953,5.429218050549662,0.5568425101701483,6.113774943691237,1.0231859168317468,,
1996-12-03,4053.082747305081,8038.024635029758,100.0,7.2882557,0.55437636,5.8704624,0.8809009,6.345723555899047,0.6143908141517537,7.0740862792789825,1.0807297916695218,,
1996-12-04,2712.9159479352,6964.801865029757,99.71564855702805,7.3173084,0.53009224,5.2881255,0.72004163,5.856958248765161,0.5390805822743605,6.561959661224717,1.0054218022663908,,
1996-12-05,2712.9159479352,5321.701265029758,98.75159188939568,7.2087975,0.5519705,5.513169,0.7956086,6.085703615328611,0.5589557049827283,6.801638274382981,1.0252958414690796,,
1996-12-06,2700.3710915359,4893.865735029758,97.5542554478859,7.104056,0.579277,4.940827,0.7540477,5.710031377611754,0.5277766808128048,6.40801018787456,0.9941186283222994,,
1996-12-07,2366.3235087548824,4352.129845029758,96.49404678357676,7.084747,0.5568103,4.5999393,0.71297204,5.475119699852299,0.5017676432052606,6.161870534923603,0.9681108051882461,,
1996-12-08,2091.513766784424,3822.318815029758,95.55651203982192,6.994404,0.53459543,3.9435973,0.83530384,5.022559859738696,0.5720348049662587,5.687679881450991,1.0383804845581932,,
1996-12-09,1734.8834801234898,3420.310715029758,94.80704081399908,6.9756546,0.48091456,3.467904,1.0020462,4.648371437765003,0.6842421149753354,5.295606532006087,1.1505900530956292,,
1996-12-10,630.8108739991739,3144.742815029758,95.0603286332382,6.8171062,0.45408696,4.007062,0.62918425,4.476557730242087,0.5295247455530633,5.115580716579354,0.9958737743509751,,
1996-12-11,700.067000573992,2980.894915029758,95.15738119779644,6.824683,0.42308617,3.857163,0.63755095,4.421543415755535,0.5225303815028248,5.05793690591737,0.9888797666686164,,
1996-12-12,945.9435290723602,3479.825115029758,95.45577965436256,6.9324074,0.3891869,4.1956873,0.6362769,4.780621316455587,0.5071503638736319,5.434177502824487,0.9734974854629572,,
1996-12-13,2354.915731471184,5692.441145029758,96.3440840854336,6.7536983,0.5214198,3.7728024,1.4834167,4.645108500477654,1.0603569772204915,5.292187637470196,1.526704935739504,,
1996-12-14,2629.2118394133004,6860.761555029758,97.02077011740104,6.667486,0.5512448,3.8720694,1.2181184,4.646543925320782,0.8937816181562799,5.293691670714072,1.360129567700029,,
1996-12-15,2409.0731046889523,6043.154135029758,96.97878951898645,6.684329,0.50923,4.4310083,0.7555,5.073254947558466,0.5593256050582357,5.740798021176058,1.0256709909814978,,
1996-12-16,2360.713602461496,5596.854905029758,96.68919721966006,6.817173,0.45852628,5.327812,0.7217786,5.769649964519752,0.5255624735339898,6.470478339440817,0.9919041228617824,,
1996-12-17,2588.633717061752,6105.858335029759,96.66410448710458,6.924571,0.4365165,6.1707463,0.7872679,6.39518451691917,0.5679428360272467,7.12591130516203,1.0342816018397198,,
1996-12-18,2494.37708375846,6287.339615029759,96.90285578098931,6.957567,0.42915192,6.60127,0.78844523,6.702473544655672,0.5775049385381604,7.447887698009344,1.043842451767222,,
1996-12-19,2195.855816931773,5660.936215029758,96.80397744773371,6.5693774,0.4828711,5.421522,0.8083772,5.742330517172234,0.5978782954708949,6.441853115896946,1.064220080932004,,
1996-12-20,1851.13172067677,4639.229415029758,96.43535302592537,6.2049093,0.49200162,3.3726902,0.98999375,4.1804743210459145,0.7214143819893292,4.805345532534107,1.187765369550183,,
1996-12-21,1671.5285388373136,3770.0844150297576,96.02256878681236,6.2065244,0.4666417,2.3258057,1.1149632,3.5178662032223373,0.785660773567902,4.111067011691103,1.2520165079007932,,
1996-12-22,1370.474236515148,3358.4046150297577,95.6826022617246,6.2513733,0.42867157,2.0572085,0.9713012,3.272717524028709,0.7009066254204612,3.854201063630856,1.167264243188188,,
1996-12-23,1283.2570227529795,3080.8880150297578,95.33664024422532,6.4723053,0.3725853,2.6481776,1.0024947,3.772644993923455,0.7161453860614005,4.378023357670006,1.182499235803426,,
1996-12-24,1243.186118890366,3758.5239150297575,95.40362158708405,6.5191393,0.3893123,3.7975197,0.84247476,4.473984271380105,0.6404282187000847,5.112884255180698,1.1067772640909985,,
1996-12-25,1553.9314747885346,5385.715512029758,95.9465142696521,6.2649293,0.39193514,3.8437543,0.7575302,4.385905794393263,0.5944179236317444,5.020595928075097,1.0607675414957656,,
1996-12-26,1365.7993328153275,3475.628715029758,95.76323928448052,6.165546,0.39125213,2.904904,0.99726146,3.8247528867143026,0.7243856247414276,4.432621829614336,1.1907390981868045,,
1996-12-27,1329.2047961449384,3149.506615029757,95.52175357482665,6.338025,0.35682762,3.0057468,1.0431852,3.994709922000794,0.7411901779838943,4.61070223021846,1.2075424456670354,,
1996-12-28,1313.5719280582318,3030.9469150297577,95.20672923203452,6.395537,0.3488473,3.6191812,1.064488,4.458616568585405,0.7500911730135261,5.0967820287242755,1.2164403176491012,,
1996-12-29,1455.456324447805,3082.526815029757,94.97184323157305,6.5542097,0.3691137,4.8328595,1.0559173,5.384943988038553,0.7269597103133447,6.06738473233541,1.1933033552607628,,
1996-12-30,1485.1941515371914,3329.328815029758,94.84273368138388,6.3333883,0.36822456,4.813853,1.1567557,5.282602300731133,0.807942130267171,5.960151462212251,1.2742863346044928,,
1996-12-31,1391.6903577778712,2705.768115029758,94.36729896897874,5.94387,0.40387788,2.9363046,1.1400212,3.957815813890123,0.7652120473208112,4.572044709856298,1.2315645739425005,,
1997-01-01,1216.0184411122689,2073.74756159846,93.71199564462393,4.6635437,0.65006274,0.2990588,1.2737917,1.9123328477553454,0.8381341870256247,2.4287946500740056,1.3045035052421239,,
1997-01-02,1001.718203964735,2154.784382337396,93.26890847625528,4.669135,0.68304515,0.59572864,1.0686527,1.8884268957970494,0.7610382664871168,2.4037460753305115,1.2274078092360694,,
1997-01-03,789.4672611863923,2420.0628677547606,93.09052377330138,4.707945,0.6615318,2.8065586,0.8092368,3.274253923778596,0.6315082283412811,3.855810898036868,1.0978658340911005,,
1997-01-04,773.7063329985314,2375.9499712889724,92.8892743475768,4.659353,0.66011745,4.033252,0.73327255,4.187052137779979,0.5764242217819608,4.812237746422917,1.0427751647378325,,
1997-01-05,846.1619480292755,2406.7182934277016,92.58231852808548,4.758156,0.6496475,5.0759115,0.81333125,4.993254688140124,0.6250401729454329,5.656974022824725,1.091386023638241,,
1997-01-06,761.6194065914525,2286.882859775095,92.3368466230243,4.5968685,0.678329,4.5925508,0.70668805,4.5936294777619135,0.5565620800071286,5.2382480934408795,1.0229103619660478,,
1997-01-07,660.4611861977338,2037.364735086473,92.04432170005838,4.5343537,0.66706365,2.938552,0.68853325,3.3292239477891195,0.5450131385240446,3.913408301289467,1.0113703160676688,,
1997-01-08,645.4752315141535,1778.7456906469902,91.6557946069251,4.438627,0.6468263,0.74934965,0.568683,1.7316598782269415,0.4514104040710614,2.239486130201794,0.9177814354205576,,
1997-01-09,628.8301493927918,1690.1314718857525,91.25222246551004,4.44842,0.6670273,-0.09030825,0.49733624,1.1404534706945348,0.4050975191091513,1.620022077327342,0.8714744171577125,,
1997-01-10,579.0583410299839,1583.4917591943615,90.86063105997678,4.4748387,0.66769654,0.28534037,0.57838005,1.407147430091562,0.4597007707625466,1.8994630963358534,0.9260749728549951,,
1997-01-11,496.3737996780205,1439.1243811990523,90.51821747843016,4.396926,0.6535648,0.43649632,0.57917225,1.4521797795107914,0.46210781987100746,1.9466478381219363,0.9284815747661822,,
1997-01-12,430.26181472633664,1285.341378998974,90.20350930829734,4.304465,0.6421893,-0.07175255,0.43141663,1.0257735184755128,0.36112408738677376,1.4998608154060562,0.8275021697169329,,
1997-01-13,400.5687587036,1178.3978487268869,89.91114785164199,4.3516254,0.63661426,-0.4010439,0.40369278,0.80466295892528,0.3418372568078936,1.2681819269379584,0.8082176649595643,,
1997-01-14,387.7894737036,1086.7328011992636,89.65598947548092,4.3085394,0.62836885,-0.36879778,0.43828338,0.8613105415735306,0.36283647229251387,1.3275370703967213,0.8292162792523249,,
1997-01-15,387.7894737036,1000.867716580762,89.3178682741676,4.331681,0.61463106,-0.2981789,0.5013219,0.9947325888193334,0.40001978221998047,1.4673362354204211,0.866398187690929,,
1997-01-16,414.1317947036,893.3520970774375,89.02487330891644,4.25208,0.5395221,-0.3557433,0.52786314,1.1037363461312273,0.39910415516919323,1.5815499997211198,0.8654814307530665,,
1997-01-17,438.4848397036,791.6259963971227,88.75819392243733,3.5225663,0.43736452,-0.8082191,0.49142453,0.7355310352938342,0.3525914205496509,1.1957457336725885,0.8189725673587331,,
1997-01-18,422.6609257036,710.8643339142279,88.53403205741303,2.9928002,0.37025884,-0.98134017,0.32406533,0.5005093508499878,0.24568865411010185,0.9494908160937641,0.7120723529342603,,
1997-01-19,401.3567907036,668.5664791046077,88.2955682730517,3.060029,0.35086092,-1.1155807,0.3109132,0.450802032679456,0.2346664884802023,0.8974076580306477,0.7010507351493704,,
1997-01-20,388.8315626036,621.8816604953579,88.05836836680665,3.323215,0.3369955,-1.127022,0.4199855,0.5850290078942385,0.28911100118395083,1.038050223828736,0.7554937749676293,,
1997-01-21,387.7894737036,618.2885504953581,87.86483290150815,3.417666,0.3362021,-0.72222245,0.60694826,0.873483956543866,0.3948715887342488,1.3402923329899015,0.861251266978497,,
1997-01-22,387.7894737036,617.578730495358,87.61155635325122,3.5665116,0.3345062,0.00072956085,0.8091227,1.3761189421293214,0.513502857782433,1.8669515527145977,0.9798773693550258,,
1997-01-23,387.7894737036,693.3791504953581,87.44437834089447,3.476902,0.33621415,0.42495584,0.92165554,1.5196163537957768,0.6032557847036714,2.017307650137347,1.0696288742509745,,
1997-01-24,387.7894737036,721.374830495358,87.20662217546004,3.3677568,0.34454992,-0.25068462,0.6205572,1.0144061390781185,0.4211899968691249,1.487950114130909,0.8875681974075724,,
1997-01-25,387.7894737036,728.359630495358,87.01788420795768,3.6616764,0.3403922,-0.14839292,0.65957046,1.175359235148669,0.4463645563528723,1.6565962180029972,0.9127410969203412,,
1997-01-26,387.7894737036,699.479500495358,86.84600558868279,3.31429,0.33310398,0.57679677,0.89968956,1.5531614987780193,0.5908702439207801,2.052456138381399,1.0572430044391332,,
1997-01-27,440.4035297036,620.3375604953579,86.59581009041356,3.2246475,0.34029397,-0.46571875,0.62265354,1.0664650688972515,0.39058593644637657,1.5424972828408474,0.8569635968401043,,
1997-01-28,441.4531777036,625.499130495358,86.32434625019455,3.4692578,0.3474109,-0.5853932,0.6815269,1.0922249790202143,0.42461415115347495,1.5694884286118402,0.8909915454177137,,
1997-01-29,429.7667987036,628.419930495358,86.04524161972445,3.1064734,0.34193924,-0.11960459,0.7538194,1.1906190152794953,0.46871257581475223,1.672585363461128,0.935088960539596,,
1997-01-30,410.0947867036,592.794070495358,85.75897284109456,3.1202965,0.33495456,-0.6442336,0.51306987,0.8951335568403743,0.3327641380177475,1.3629767101751264,0.7991435877686559,,
1997-01-31,402.6881277036,589.6495104953581,85.45894948954495,3.434578,0.33874142,-0.45291388,0.6230363,1.1246205626697874,0.39490584160113046,1.6034324104211002,0.8612829022588504,,
1997-02-01,411.7868587036,630.1448104953579,85.31080990775702,3.5642242,0.33009174,0.80027163,1.0399308,1.8926267219960204,0.642322305118537,2.408146638865406,1.108691808374041,,
1997-02-02,402.2726987036,472.914970495358,85.15500660819963,3.509029,0.3354426,1.2597225,1.1469133,2.2935973803758416,0.6386355600598579,2.828282324066156,1.1050013856388556,,
1997-02-03,73.55097609879999,473.17633049535794,85.18864284455783,3.7067947,0.33518052,2.0153403,0.7073991,2.242890921395799,0.6138912604903148,2.775152269678226,1.0802575409908586,,
1997-02-04,72.3034170988,461.65303049535794,85.23446253648616,3.7930527,0.34896696,1.8574241,0.5986799,2.119528957376293,0.5197647146327915,2.645894025470366,0.9861321141736055,,
1997-02-05,54.9368420988,690.002330495358,85.36692078035098,3.913972,0.35546786,1.6998634,0.52920634,1.863146734974034,0.4908795549092549,2.377257609236063,0.9572493358086055,,
1997-02-06,54.9368420988,708.5854804953581,85.53051545700752,3.9326844,0.34498316,2.0088315,0.5692956,2.147256273916795,0.5289164850035617,2.674946612960414,0.9952836315083936,,
1997-02-07,69.44614309880001,622.907630495358,85.5754835727681,3.9110727,0.344076,1.7275386,0.50249374,1.9465567097820604,0.4534068159808733,2.4646542957171778,0.9197758138932128,,
1997-02-08,114.7037220988,547.075330495358,85.56736594661814,3.781477,0.33577177,1.3019562,0.51036716,1.7317223704837656,0.425902112265962,2.239551609374875,0.8922731430164561,,
1997-02-09,104.9988650988,521.4762304953581,85.54935328347138,3.8130894,0.33759287,1.1485186,0.4954351,1.5951076012525367,0.41626227927246395,2.09640712116862,0.8826346301711632,,
1997-02-10,85.91073409879999,502.831990495358,85.52782751323448,3.8263373,0.33905447,0.97037596,0.44589773,1.3871246106198536,0.384031630918135,1.8784832545379817,0.8504060325934901,,
1997-02-11,84.8568920988,524.9237904953579,85.56128186661563,3.7334533,0.33510625,0.7529967,0.418904,1.1677561048888985,0.3636122055187277,1.6486296841068102,0.8299888238336031,,
1997-02-12,77.66437509880001,528.5853504953579,85.5424474126072,3.8176765,0.33075747,0.9164499,0.4857705,1.2881151514242752,0.4256544906718875,1.7747414816397595,0.8920298859889965,,
1997-02-13,102.8678620988,541.490260495358,85.51343093127232,3.7444253,0.34135935,0.96189064,0.46731865,1.4061054022131103,0.3964771717249275,1.898371263086806,0.8628513841927647,,
1997-02-14,85.14922309880001,492.9919004953581,85.48540864491531,3.7708669,0.34432903,0.57831174,0.41186464,1.0485145653432524,0.35484732606063873,1.523688806577694,0.8212251723522899,,
1997-02-15,106.6710620988,480.207480495358,85.4584994715568,3.8326397,0.3353239,1.0409691,0.6075226,1.548383261073925,0.5008217452523575,2.0474495172486376,0.9671945525596659,,
1997-02-16,115.0374020988,442.267480495358,85.42468089642577,3.623311,0.34208736,1.2477691,0.58884066,1.7381222081200092,0.4725987674411482,2.2462573373733807,0.9389697368714489,,
1997-02-17,113.2721650988,420.36095049535794,85.38978638809914,3.6297169,0.3422499,0.7124982,0.433976,1.331724519513825,0.3494916114515174,1.8204352284528225,0.8158665677313022,,
1997-02-18,99.1920680988,436.88351049535794,85.363506999418,3.970667,0.34302965,0.8984376,0.5339184,1.46690368398304,0.43973045807022726,1.9620754948968089,0.9061040672515503,,
1997-02-19,54.9368420988,604.700230495358,85.43381738059571,4.1094303,0.35601634,2.595796,0.75166994,2.7218567660875364,0.6897059001302859,3.277011044483395,1.1560680007893605,,
1997-02-20,54.9368420988,1198.627840495358,86.10300011046417,3.9218168,0.363932,3.3673205,0.69324195,3.3916210586791755,0.6630528268027257,3.978787780786215,1.1294095224719884,,
1997-02-21,122.8124980988,2283.400006495358,86.82458430925475,3.9583902,0.38548136,3.8891683,0.6873136,3.892701335085505,0.652529981735352,4.50381798154753,1.1188829691562525,,
1997-02-22,54.9368420988,6085.116490495358,89.68231299042748,3.7017913,0.3864022,4.157271,0.67779016,4.153195599769384,0.6717346861589273,4.776762981628201,1.1380858592282446,,
1997-02-23,54.9368420988,4262.229530495359,91.51813696940584,3.1852217,0.3653301,2.635357,0.6451878,2.6423540468927773,0.6369946216126412,3.1937083670775763,1.1033573979179705,,
1997-02-24,387.7894737036,2437.050630495358,92.37479769696854,3.0149941,0.3682263,1.2721908,0.46076205,1.5114400280348779,0.40071057537998866,2.0087405239544482,0.8670837453201579,,
1997-02-25,1142.9053169409876,2679.0859579434214,91.9722651536688,2.7453837,0.3647049,0.22695386,0.37766436,0.9800500089847501,0.2863141803278406,1.4519518784596332,0.7526927390304885,,
1997-02-26,387.7894737036,1483.821330495358,92.34070290004088,3.0930128,0.35861373,0.6426141,0.39195976,1.1503258864310224,0.31950731589156284,1.6303663607888688,0.7858841126922635,,
1997-02-27,387.7894737036,4887.226090495358,93.99167840116134,3.56561,0.38892317,3.60178,0.70413536,3.599120922364624,0.6529975258161251,4.196205428653028,1.1193526510481666,,
1997-02-28,1384.9644791583748,5510.561719466815,94.12669055938969,3.151085,0.34870207,3.6630998,0.70190555,3.56026172534209,0.5652834541859396,4.155488894846337,1.0316388697719088,,
1997-03-01,1254.8726495307287,3708.746086114474,94.45775421923864,3.0782125,0.30739805,3.3628578,0.7101422,3.290895477288681,0.5362692325099994,3.8732478609184295,1.002626708260518,,
1997-03-02,920.5240062548096,4209.817259333806,95.36239368188372,3.204845,0.30723977,4.2380085,0.68907034,4.052630607375452,0.5681131915931027,4.671391326362069,1.034465055904466,,
1997-03-03,882.716346772009,3218.691197347616,96.13004616384208,3.027619,0.29623216,4.0974226,0.6823513,3.8671764668025714,0.5392757866531716,4.47707311181307,1.005628956030222,,
1997-03-04,941.3181373706956,2619.4106387860493,96.55241788237446,3.0435467,0.2855146,3.3186045,0.6977367,3.2458898916563568,0.5188022119234442,3.8260911621367786,0.985160039975301,,
1997-03-05,1077.6600106862384,2589.6099176926728,96.6923836726774,3.0574508,0.29495063,3.302003,0.6983946,3.23013907837429,0.5007236561086577,3.809587513821291,0.967081608004228,,
1997-03-06,1295.5461120236314,5583.843365623365,97.58694844799876,2.9792075,0.30987036,3.384481,0.69133615,3.3081587115458913,0.5641679501729105,3.8913362187617206,1.0305252914024001,,
1997-03-07,1016.0904427940266,3203.540692575782,97.91425004592156,2.951757,0.29281506,2.2664266,0.651988,2.4314546517476017,0.4999855837664749,2.9727287017679784,0.9663501873986011,,
1997-03-08,1052.947388936846,2699.219306720197,97.58024792841957,2.9390512,0.3021856,1.5632544,0.6365286,1.9493357222695593,0.4656895475018798,2.467566135502,0.9320585194639888,,
1997-03-09,882.1819638833795,2368.6336953987065,97.17348584973568,2.9967885,0.2861442,1.5376555,0.55653226,1.9336240467964907,0.4128726939440931,2.4511034956489945,0.8792418127369402,,
1997-03-10,613.1058804044808,2139.1724924579644,96.98179932327636,3.0811868,0.2831757,2.098124,0.576276,2.3171140666254075,0.45232326739305334,2.8529230275306805,0.9186888829861334,,
1997-03-11,421.5656751362966,1860.6700174790485,96.92904945853928,3.0724177,0.29092765,2.749526,0.68965024,2.80916932148085,0.564822989447519,3.36849684156147,1.0311843564171301,,
1997-03-12,387.7894737036,1555.528514651639,96.78597666948944,2.9804783,0.31049606,2.3633647,0.5966017,2.4865098306540134,0.48155241640140706,3.0304153300294026,0.9479165381050209,,
1997-03-13,387.7894737036,1234.5585624758603,96.50352850948872,2.9047475,0.37180862,1.4838967,0.4435335,1.8235223574945032,0.34902060173457483,2.3357393219621687,0.8153907573836645,,
1997-03-14,387.7894737036,1099.844730495358,96.2646403825132,2.9574342,0.40149477,0.9919642,0.4072935,1.5043136667316774,0.3187918069419394,2.0012735469412024,0.7851650470136582,,
1997-03-15,387.7894737036,1096.064430495358,96.22030703021753,3.109232,0.38961247,1.5855659,0.5670178,1.983759873493278,0.4310327270542601,2.503635643481138,0.897401378298207,,
1997-03-16,453.6458197036,749.980800495358,96.03423592817566,2.7781258,0.3946204,1.3409399,0.6614233,1.8826139810495561,0.4381497596657099,2.3976553231285433,0.9045193571102141,,
1997-03-17,113.5814760988,702.1706304953581,95.98270130492122,2.9271827,0.3779481,1.2884423,0.450975,1.5166127416209123,0.39173407362946155,2.0141604755678584,0.8581071927005836,,
1997-03-18,89.61899209879999,706.459370495358,95.964566456109,3.2417874,0.36987022,1.7853984,0.47799972,1.949352224202281,0.42622733443477406,2.467583426170697,0.8925963062428155,,
1997-03-19,97.9949620988,731.721930495358,95.97509402934249,3.4447927,0.3798537,2.4406826,0.5457037,2.5592745836366086,0.483339128610071,3.1066579894707007,0.9497026186813353,,
1997-03-20,88.1140270988,738.286330495358,96.00721892417144,3.1333966,0.37259343,2.6671948,0.616606,2.7169030943779577,0.5522917419488812,3.271820604199378,1.0186538844951099,,
1997-03-21,99.3505520988,698.606430495358,96.03128822907114,3.3806953,0.3749428,2.919643,0.5826753,2.9770467869362265,0.512260165864653,3.5443982760052055,0.9786201466513098,,
1997-03-22,120.3078670988,1250.223330495358,96.3550840086591,3.249734,0.3810669,2.837317,0.6312434,2.873519742443394,0.5768024171399344,3.4359229926751134,1.043163248951742,,
1997-03-23,74.9374560988,761.807760495358,96.4992934973598,3.1050935,0.3755017,2.1605864,0.5020137,2.245174783305684,0.45828972666602785,2.777545292380412,0.9246559866132882,,
1997-03-24,126.6052120988,711.719730495358,96.57193098082487,3.3544974,0.38935855,1.6608027,0.42524287,1.9165872837716527,0.3657793030310228,2.43325243358883,0.8321485813569784,,
1997-03-25,101.0888650988,690.903630495358,96.65202111536254,3.4357953,0.40078142,1.7111192,0.49626592,1.931254534619374,0.43593503439354897,2.448620728889584,0.9023041753547569,,
1997-03-26,288.9320020988,2544.297307295358,97.3416419750717,3.5050254,0.40724108,2.3906121,0.68271315,2.50425970546307,0.6144952403467525,3.0490135881794203,1.0808592074147518,,
1997-03-27,91.6034150988,1811.599930495358,97.88992646907782,3.7088823,0.42861557,3.604261,0.651964,3.6092964729891066,0.6209270229477462,4.206867335813981,1.087282072433898,,
1997-03-28,54.9368420988,1880.026430495358,98.49832608058428,3.8523908,0.49157235,5.7194476,0.75829965,5.66643874762019,0.7369024239587564,6.362333979183351,1.2032445920691968,,
1997-03-29,54.9368420988,1994.633930495358,99.31218870493043,4.0078025,0.5481812,6.6893244,0.71423715,6.61744867369027,0.6952479643684957,7.358798928854778,1.1615858133721635,,
1997-03-30,299.0402794878991,1930.332506809354,100.0,3.984941,0.5280345,7.2402086,0.7368704,6.803558396230265,0.6419485489142711,7.553804059947924,1.1082856737041378,,
1997-03-31,1980.9627582998564,5629.262053197003,100.0,3.9502845,0.44383755,4.3932858,0.6585145,4.277971284284381,0.5006150121153268,4.907502517338675,0.9669653436060865,,
1997-04-01,1836.6268720061607,4684.836215553263,100.0,3.8588505,0.4331334,3.595512,0.673819,3.6696754376404397,0.499186071685279,4.270132208580482,0.9655406741516898,,
1997-04-02,1596.255872006161,4287.264599553264,100.0,3.7869067,0.40344736,3.7226434,0.6707171,3.7400786406276367,0.5008523550765414,4.343900444009158,0.9672064415729458,,
1997-04-03,1788.5777820061612,5422.845134553264,100.0,3.933527,0.3801666,4.670407,0.6980946,4.487645815559774,0.5333537061660089,5.127198774472503,0.9997026635574136,,
1997-04-04,2354.5113720061613,6575.172937553264,100.0,4.0169497,0.3883947,5.9605107,0.7748092,5.44804729982863,0.5796318821925296,6.133504166721172,1.0459751881933685,,
1997-04-05,2497.444972006161,5536.082625553264,100.0,3.9564323,0.41257107,7.4735484,0.9689511,6.380155287348004,0.6799324381196413,7.110163729792214,1.146271267965052,,
1997-04-06,2187.2784720061613,4683.466767553264,100.0,4.296197,0.45414302,8.744442,1.0900431,7.328358243548635,0.7569661791050121,8.10368754602958,1.2233014750825302,,
1997-04-07,1842.3072720061607,3500.983667553264,100.0,4.3311553,0.524846,8.931032,1.1185547,7.345045805833952,0.7548999455512545,8.121172716748557,1.2212351885437662,,
1997-04-08,1484.5871720061612,2681.505667553263,100.0,3.8870544,0.50185215,6.907017,0.93596655,5.830853499858868,0.6284184357037502,6.534607194555323,1.0947597831514206,,
1997-04-09,1217.2038720061612,2270.2116375532632,100.0,3.5346637,0.45509517,4.1992397,0.72404444,3.9672844208093183,0.4973783358446177,4.581965883819418,0.9637307958631066,,
1997-04-10,1002.7856842251506,1874.2647880105949,100.0,3.8477545,0.43415394,4.002675,0.698628,3.9486780413504126,0.47962087376796436,4.562470183025103,0.9459734647629491,,
1997-04-11,969.4736841976,1442.0775608558993,99.89537358793108,3.7489977,0.36526325,3.092464,0.7357484,3.3563987150091608,0.46382569523959194,3.941881929490332,0.9301826623732597,,
1997-04-12,409.8561556868637,1593.8676501634231,100.0,3.9825845,0.46089894,3.8714414,0.68992233,3.8941753801029053,0.5568393148397028,4.5053624808779915,1.0231922917755072,,
1997-04-13,969.4736841976,1657.5700149950403,99.879534001892,4.0315285,0.45653746,5.8837,0.95683455,5.200181971549255,0.6267956440861141,5.87379172303528,1.0931403076331678,,
1997-04-14,107.32255439356952,1430.612339270695,100.0,4.0003333,0.5018593,6.0543184,0.71643955,5.910984057676277,0.6673634145640506,6.618567719123795,1.1337043732523298,,
1997-04-15,969.4736841976,966.1006604953582,99.60704126468345,4.284167,0.48107842,9.694853,1.160452,6.984795361835139,0.627336274852949,7.743703532981137,1.0936727324635438,,
1997-04-16,38.7789474072,534.091530495358,99.9831106191594,4.5230064,0.59215975,8.411349,0.962619,8.14813824104672,0.8983517932746471,8.96265022513034,1.3646848628525527,,
1997-04-17,222.77572622968628,771.1773476907462,100.0,4.484057,0.56405056,8.966642,0.9560704,7.9619558902382375,0.7524811469337234,8.767568994385739,1.2188146546935343,,
1997-04-18,969.4736841976,942.487330495358,99.50085673950232,4.2654448,0.48507246,9.087471,1.2366974,6.6424276624256,0.6573689075041044,7.384971827865256,1.123706657004668,,
1997-04-19,38.7789474072,537.7317304953581,99.90757056063804,4.179752,0.5735899,6.3340974,0.83982676,6.18918549647868,0.78428546553721,6.910066235716909,1.2506251315176202,,
1997-04-20,250.5230700514145,723.1591914191501,100.0,4.4785323,0.5494456,6.2246737,0.8729211,5.775401197792651,0.6635573996227736,6.476504462004553,1.1298990204008277,,
1997-04-21,969.4736841976,670.5233204953581,99.69011235952732,4.611721,0.5051701,9.88562,1.5507445,6.767988588006689,0.7008388700994407,7.516534136480567,1.167176130240911,,
1997-04-22,236.4649113799832,547.3490224145752,100.0,4.9801874,0.581486,8.690481,1.1742532,7.571141187412839,0.838553448603546,8.358074684698517,1.304888005107554,,
1997-04-23,969.4736841976,659.2673804953581,99.53026438080865,5.1744833,0.57249814,11.620754,1.8329468,7.783747749249702,0.816439592531107,8.580843113432007,1.2827735568418066,,
1997-04-24,49.871931179822106,467.9086607744037,100.0,5.3840885,0.6547123,9.3616295,1.1250113,8.978518082150268,1.0186056578837397,9.83271938412715,1.4849372559000766,,
1997-04-25,969.4736841976,602.0098104953581,99.49076756667004,5.378332,0.57448083,11.893409,1.8601559,7.874152211902518,0.7958620463106718,8.675568600367432,1.2621957744749701,,
1997-04-26,38.7789474072,349.6469782877307,99.92658323031108,5.6779127,0.6911956,9.035728,1.1626275,8.700497072059882,1.0488277534954686,9.541409920121724,1.51515975638523,,
1997-04-27,174.4610468553756,350.3301348351952,100.0,5.9942894,0.6774986,10.865806,1.010132,9.246323724326574,0.7109437292989494,10.113325220551694,1.1772750209139995,,
1997-04-28,969.4736841976,1179.326490495358,99.68560759607831,6.0093527,0.63395256,12.308603,1.5162653,9.466571830571286,0.8799534990407132,10.344100433394416,1.3462846001398086,,
1997-04-29,235.39914432135552,753.4061892419961,100.0,6.308674,0.71282357,9.414551,1.1156439,8.675152696376715,0.8668221477214487,9.514854169916315,1.3331541919164476,,
1997-04-30,969.4736841976,824.757860495358,99.54194777385533,6.6798387,0.7071044,14.83519,1.8591213,10.428624590732499,0.9361053663883535,11.352136026878492,1.4024362857930428,,
1997-05-01,103.4105262964,371.063630495358,99.96669961080109,6.7319193,1.0473156,12.85939,1.2582555,11.52392237540839,1.0101491281199504,12.499785301573716,1.4764811293664162,,
1997-05-02,429.9834637907096,734.5054798383612,100.0,6.697956,0.92917657,14.749624,1.2415898,11.77657398273088,0.8549959198668864,12.764512792079909,1.3213283654236974,,
1997-05-03,1015.162408898201,1851.4555827867368,100.0,6.7355757,0.76698303,12.664377,1.3217423,10.564796289223224,0.8958388398924708,11.49481626707741,1.3621698191040104,,
1997-05-04,1260.04189015034,2632.4114446366843,100.0,6.9659314,0.8446862,11.885401,1.3938633,10.292899351165925,0.9815075287454641,11.209923584814158,1.4478384096439787,,
1997-05-05,911.459229397007,1884.8780465065188,100.0,7.119248,0.9230305,11.909622,1.2958088,10.348211526185526,0.9238069704065939,11.267879492724484,1.390137864453887,,
1997-05-06,914.2983145971966,2118.138480431572,100.0,6.90574,0.931594,11.764059,1.2198724,10.299245970230514,0.8971751938369424,11.216573550575202,1.363506076066448,,
1997-05-07,938.222286402504,1753.8764971838011,100.0,6.5739193,0.8226933,10.985974,1.2601855,9.448330756668426,0.8696236378714796,10.324987498512991,1.3359547526419062,,
1997-05-08,763.2283205919135,1199.5207098955398,100.0,7.1789002,0.85147166,11.794299,1.3517504,9.99956985349105,0.8899945590124261,10.90257393984715,1.356325428666178,,
1997-05-09,765.5738562780854,1454.8911855158533,100.0,7.3181224,0.94744134,11.688538,1.31828,10.181702063912784,0.9234672626855266,11.093411447339227,1.3897981277390479,,
1997-05-10,1138.0118704338104,1964.056801236809,100.0,7.440512,1.0024241,11.806753,1.3864462,10.20497235088116,0.9517379519549309,11.117793974479195,1.418068819154203,,
1997-05-11,953.2373681373896,1645.0328845764252,100.0,7.6907053,1.0353601,11.869846,1.4196522,10.336628848129537,0.9757862933964855,11.255743202250823,1.4421171844006864,,
1997-05-12,886.4417546387637,1383.3685099685235,100.0,7.7840285,1.12133,12.143793,1.5043138,10.441149752673962,1.016042673216289,11.365259848745632,1.4823735972363707,,
1997-05-13,898.6152536312778,1338.3779561454703,100.0,7.8807526,1.1950687,12.223335,1.4780871,10.478890517828082,1.0062322000812751,11.404804493463768,1.4725631390933545,,
1997-05-14,812.0940574894587,1123.8368272993748,100.0,8.02871,1.1807019,12.447098,1.495212,10.593650328312235,0.9993601444912911,11.525049430602275,1.4656911390987168,,
1997-05-15,675.2200146318424,828.4348712067192,100.0,8.104351,1.1941649,12.751009,1.525609,10.664415531507634,0.9970194285487926,11.59919696861167,1.4633504649465627,,
1997-05-16,617.4813009753261,798.252600495358,100.0,7.7724676,1.232559,12.444564,1.3881128,10.40679951655438,0.9495194019930095,11.329267788759942,1.4158503137841285,,
1997-05-17,334.81037341660004,869.3164696873554,100.0,7.4826074,1.1162041,11.07572,1.1688176,10.0766462438519,0.8990918160283732,10.983334318194789,1.3654226791045825,,
1997-05-18,518.5086360805695,760.093830495358,100.0,7.944724,1.1489275,13.41817,1.2799461,11.198536399963894,0.8922111185023363,12.158846988779288,1.3585426550918553,,
1997-05-19,371.5543411082703,1520.2380903808958,100.0,8.678839,1.3707683,12.917843,1.1224029,12.085288319275971,0.9412819601106269,13.087982618624688,1.4076150476774834,,
1997-05-20,1535.8149613858566,3218.881982553274,100.0,10.111968,1.3957046,15.720581,1.4260378,13.908942609287855,1.0654892831678355,14.998801349848808,1.5318283871083247,,
1997-05-21,1081.5365629458431,2013.479563561818,100.0,9.443993,1.5461253,13.161623,1.3143013,11.862517269169645,1.0114233169591589,12.854563873828019,1.4777559302966932,,
1997-05-22,937.3457242085972,1622.511929211366,100.0,9.257844,1.5311302,11.938582,1.3322991,10.956973650179698,1.0136222370387191,11.90573836529636,1.4799535069943675,,
1997-05-23,820.9659420010219,1224.6307233295638,100.0,9.81127,1.4933021,12.573526,1.4556205,11.464940976329359,1.0576236020495793,12.437984793236536,1.5239555100835638,,
1997-05-24,728.0387266510195,921.24894835496,100.0,10.531428,1.6106462,13.512885,1.5535403,12.196792083640672,1.1218351519544947,13.20481588176947,1.588168498203404,,
1997-05-25,614.4460709877519,837.222630495358,100.0,10.937045,1.9071441,12.830949,1.2932239,12.0293184673294,1.0990490204241992,13.029337599078438,1.5653819835048652,,
1997-05-26,534.330676265511,1192.06382778628,100.0,10.911002,1.6778293,13.327011,1.1447096,12.579240136756448,0.9457413280790349,13.605543644490913,1.4120756696188042,,
1997-05-27,554.5726178074683,725.4917304953581,100.0,11.014938,1.642734,14.816105,1.2273884,13.16929480588192,0.9951987461448363,14.2238009097996,1.4615349514147191,,
1997-05-28,256.7836005854341,606.5429151530699,100.0,11.738942,1.9380717,14.928945,1.0971503,13.980125921944758,0.9625266966697029,15.073386981522729,1.4288661125832776,,
1997-05-29,413.3389283608039,564.876030495358,100.0,11.797553,2.1974077,18.386457,1.164842,15.602354980711526,1.146545447212191,16.773153043985925,1.6128935437503742,,
1997-05-30,308.2413228460477,546.004156177178,100.0,11.090617,2.4813788,17.51595,1.1322242,15.197467143795166,1.1512572587198981,16.348912952504794,1.6176029068315048,,
1997-05-31,387.7894737036,678.9352958700523,99.96770823270762,11.877198,2.329123,17.569609,1.1500311,15.500230604275652,1.1192334394190264,16.666147471451133,1.5855809007127797,,
1997-06-01,124.82488182779683,403.6672689959166,99.98482911076536,12.977376,2.7409794,17.768097,1.1424774,16.636573637762304,1.0865588936060064,17.85680381754411,1.5529140953130056,2.0222930849241427,4857.977706915076
1997-06-02,222.54996092609105,422.302990495358,99.92719601641674,11.674933,2.7659469,19.755554,1.324743,16.966791533718187,1.2899073791350113,18.202805000133278,1.7562651071003774,2.3377749260910408,4855.639931988985
1997-06-03,322.70618378549034,384.070780495358,99.847973631921,11.895884,2.3929806,20.056347,1.5892793,16.33037375999641,1.3927139311007286,17.535968632312926,1.859066901721065,2.3464637854903816,4853.293468203495
1997-06-04,249.4599635939872,377.921430495358,99.74430353383556,12.988251,2.7473602,19.234402,1.1887275,16.7508014425401,1.3061789719368784,17.97649132092207,1.7725350334108325,2.1662735939872135,4851.127194609508
1997-06-05,214.23803686490317,332.872830495358,99.6230499180248,12.568709,3.182856,21.620228,1.3013608,18.075828210325533,1.476577236110723,19.364849838830228,1.9429443611857282,2.310236864903168,4848.816957744604
1997-06-06,196.49921822666767,332.10390049535795,99.45129769825483,11.99717,3.2737126,22.42902,1.322612,18.551157322153802,1.4735819408404884,19.862898057372604,1.9399535240746046,2.4965742266676583,4846.3203835179365
1997-06-07,185.20924919961175,329.28465049535805,99.22727889092228,11.52747,3.371214,21.996372,1.3727419,18.22774136178301,1.4982247798105746,19.524023919638243,1.9645933016034867,2.672749199611755,4843.647634318325
1997-06-08,183.60599986922296,322.6937151331463,98.98671346236073,10.838181,3.3306348,21.889261,1.32301,17.881665226766103,1.4730554636239357,19.161406528369614,1.9394208419474657,2.9117752244415613,4840.735859093883
1997-06-09,202.315766422211,355.7407786604797,98.70091431392228,9.817952,2.8638885,23.824718,1.3453132,18.746756953430047,1.3466436177036514,20.067846682399963,1.813017110517988,3.2405673670506143,4837.495291726832
1997-06-10,224.94839833988874,375.4622865665008,98.36882785655638,9.277025,2.2549882,27.135246,1.4873632,20.44452886575434,1.2565332775882392,21.846766288590405,1.7229251830187315,3.4616038931647393,4834.0336878336675
1997-06-11,235.28040618369909,386.2763962692168,98.00951634555685,8.9314575,1.5925152,28.97272,1.565707,21.38641948788821,1.14463436074048,22.833676062770255,1.6110379024708055,3.6534611574466562,4830.38022667622
1997-06-12,254.0570425584539,408.1128973032516,97.62796168580144,8.436122,1.2570566,29.31526,1.6531645,21.30448848295336,1.1272744262360321,22.747829035866648,1.5936769154986905,3.909101375822481,4826.471125300398
1997-06-13,215.72391643204395,471.455795620339,97.39186904932347,8.01444,1.1020572,27.008478,1.4952017,21.04574626227163,1.0825871268119287,22.476719821502368,1.5489863427160446,4.1688397940841,4822.302285506314
1997-06-14,191.07783157665898,482.8177836866606,97.07483951768867,7.7939305,1.016013,24.863892,1.3707658,20.023837633748904,1.0234763629202481,21.405967453756148,1.4898633987384073,4.413319320338576,4817.888966185975
1997-06-15,261.09632475401145,483.41681899721016,96.66225933871416,7.7159176,0.991601,24.558884,1.3626753,18.652155789480428,0.9506776872607282,19.968723906191453,1.4170502510497314,4.642577651911997,4813.246388534063
1997-06-16,305.4231598879349,512.4467050181546,96.25288734613692,7.960845,0.9619967,24.5349,1.3455871,18.34552913734711,0.9164419628689582,19.64744154823694,1.3828115857877896,4.797878633256788,4808.448509900806
1997-06-17,356.5686235076848,562.1408132205754,95.80006395342964,7.4556885,0.8834371,24.070633,1.6261307,17.62205666202592,1.0524199020418505,18.889389561662334,1.5187830122002193,5.164963446233408,4803.283546454572
1997-06-18,466.92341727370206,677.7939147343476,95.2683966962196,7.353284,0.87846655,24.516953,2.1058178,17.515993774218174,1.297332651715719,18.77825723037522,1.7636948573924796,5.458389693352794,4797.82515676122
1997-06-19,389.1201122394686,659.0562759028246,94.80061952600931,7.6697288,0.8255177,25.526382,1.6443211,18.897361637567666,1.0783548403604015,20.225649755623003,1.5447298332930242,5.656566793130616,4792.168589968089
1997-06-20,308.827614406142,566.1689791054903,94.48204503381967,7.71288,0.78937525,27.851086,1.5561886,20.743362023880895,1.0447692128200983,22.159882650165365,1.5111647002419633,5.929155530793134,4786.239434437296
1997-06-21,420.3437270890958,717.8925687148957,94.00237735124472,7.9394855,0.8098736,31.092093,1.7578652,22.541975865149038,1.1483279745198172,24.04446408479228,1.6147471776603195,7.941882492564314,4778.297551944732
1997-06-22,514.4196848041664,720.5583347802276,93.50178777664098,7.642428,0.76933634,33.533325,2.0174038,22.748690162310687,1.2199146401780987,24.261058618740783,1.6863368059027424,48.12909188063692,4730.168460064095
1997-06-23,414.82588420397514,610.3967210772014,93.04489008862,7.6920714,0.74146646,32.000366,1.814659,22.164736543000867,1.121291951343659,23.649194012573542,1.5877058738833942,10.37306344359198,4719.795396620502
1997-06-24,420.7105049513249,615.684882981373,92.5923876145094,7.394432,0.70829964,30.16892,1.8536515,20.923929033032504,1.1381051593383513,22.349080145116975,1.6045028606279597,11.580319326980346,4708.215077293522
1997-06-25,411.0381230861976,601.9285299787502,92.15014217742788,7.7706127,0.74176866,30.717794,1.846036,21.406365983618688,1.1375029273854786,22.854575932812963,1.6039067265056957,12.503571802421572,4695.7115054911
1997-06-26,344.6678644603316,924.656384002652,91.8671365124352,7.397618,0.67436576,26.60158,1.5430336,21.38700306936922,1.1388613450211413,22.834287537451186,1.605264894275552,14.144398292949793,4681.567107198151
1997-06-27,330.42802988617063,713.0819020025288,91.50699771813684,7.7160974,0.71112835,27.73558,1.5373111,21.39639942225148,1.0743832014185741,22.844133003881392,1.5407868718732713,15.607785201020494,4665.95932199713
1997-06-28,478.2568514470456,781.081734813478,90.9240784989028,7.8647156,0.7256144,31.027172,1.7274436,22.230805770397364,1.106285213897358,23.718421123193234,1.5727000495240593,17.453660395887013,4648.505661601243
1997-06-29,486.1027345955397,743.5605914940145,90.37939554887711,7.924304,0.7252629,32.01683,1.8087329,22.49272515852042,1.1306702796508072,23.99285936274194,1.5970887841463135,20.40092809198709,4628.104733509256
1997-06-30,492.16429276587485,719.192671062839,89.82927626855887,7.845659,0.71321106,32.753235,1.8848236,22.63349317358485,1.1559445612036412,24.140355607735057,1.6223650699245364,30.660015123011057,4597.444718386245
1997-07-01,514.3522895658979,733.6875148195099,89.16424872661281,7.586025,0.66979164,31.839417,1.9342488,21.843912126960113,1.1701166017124314,23.31303528612944,1.6365261613573572,29.34713791559369,4568.097580470651
1997-07-02,469.1705530453041,674.9569163041344,88.77713686601375,7.4402795,0.6321439,29.878101,2.0325828,20.677059003867715,1.2267845498463836,22.09041057244109,1.6931792337074512,36.14089373343346,4531.956686737218
1997-07-03,325.77133934380413,451.9342381155311,88.54370479677101,7.5949545,0.64418066,29.22546,2.3240347,20.16470625079982,1.3772186411848397,21.55356910916682,1.843607285060103,44.95575686824902,4487.000929868968
1997-07-04,379.87227989498075,503.45179828723,87.98034289540722,7.372529,0.5759017,30.222427,2.1936355,20.395860662309097,1.2745596857085892,21.795771911384413,1.7409510174412355,58.700457544753704,4428.300472324215
1997-07-05,381.0801242545669,465.8351419064373,87.38163223960538,7.3302746,0.5580824,30.379078,1.8956808,20.007980367549155,1.0725079228436623,21.389352264437402,1.538894779067185,78.86120911572813,4349.439263208486
1997-07-06,417.0021196925272,468.9659048631579,86.85839242240013,7.581229,0.6068156,31.517925,1.8483225,20.251544630536774,1.0192020101503645,21.644558066613047,1.4855916566157135,106.94891626871868,4242.490346939768
1997-07-07,466.84166086928417,489.5417892654807,86.28083595204775,7.5335846,0.59793997,33.30362,2.2693431,20.724432824870803,1.1977114890452982,22.140048700148817,1.6641067465417225,144.0932948070525,4098.3970521327155
1997-07-08,495.3957154117094,494.1849208854314,85.67859701987136,7.486651,0.602162,34.14425,2.314003,20.799141593466675,1.194257271223616,22.218328292504424,1.6606534385598941,168.44893254044933,3929.9481195922663
1997-07-09,440.29063735793073,491.2282246416749,85.11019851714549,7.3869,0.5832612,32.46128,2.5204735,20.609652705477316,1.3574385750209539,22.019782483404533,1.8238324471022584,142.14286054820445,3787.805259044062
1997-07-10,268.9981894511161,322.3485886591401,84.73478939737427,7.571733,0.5984908,30.807371,2.014673,20.23769388379783,1.1314589068971768,21.630045301526394,1.5978483928711915,89.96629261448842,3697.8389664295737
1997-07-11,310.1931695690869,393.2206062705465,84.22605835160381,7.764432,0.6198758,31.440327,1.9294432,20.99967129952322,1.1126924225888908,22.428442633033963,1.5790910636250377,58.14504154120242,3639.6939248883714
1997-07-12,354.4405898823995,467.4448161108037,83.62068568179856,7.79049,0.6129221,32.294937,1.8886015,21.727319580073893,1.106180996877673,23.190870014053743,1.5725890001304337,41.486688489970824,3598.2072363984007
1997-07-13,337.10067380400903,445.5191515353836,83.01372123542787,7.9243107,0.6411171,33.55603,1.9833653,22.515586798166538,1.1623437032650397,24.01681371061453,1.628762531719092,31.710266536136444,3566.4969698622645
1997-07-14,354.86607236670056,474.46820824975714,82.38954174100728,8.068782,0.6698676,35.143734,2.136015,23.558560008170588,1.255194913492156,25.109637474831214,1.7216291566462198,24.877354832348786,3541.6196150299156
1997-07-15,355.50331307745716,475.3120336504156,81.76437480476908,8.07656,0.6768291,36.128914,2.428096,24.125398566690993,1.4189903557960157,25.703568978808217,1.885433498094794,20.649904848059304,3520.9697101818565
1997-07-16,335.6942753886172,494.7637055177268,81.1832945686382,7.9593515,0.6510959,34.83369,2.1199899,23.970333315925735,1.2901614253434979,25.541092139120423,1.756602096687533,17.789419224544186,3503.1802909573125
1997-07-17,343.2482546460907,494.2117050008936,80.61913809066363,8.081671,0.6708668,35.213886,2.1673665,24.093252363527554,1.308254197576273,25.66988629701986,1.7746968253692463,15.34777840215005,3487.8325125551623
1997-07-18,341.5815102253875,479.41321075545,80.0303348928331,8.052854,0.66866034,34.79914,2.1697686,23.671131223103345,1.2972018705377708,25.22758920903231,1.763637851791232,13.620308313045268,3474.212204242117
1997-07-19,348.84883687354187,483.3801474603453,79.38665766067618,7.6220884,0.5676015,32.351982,2.0028815,21.985851147696934,1.1874063437991247,23.461758506863212,1.6538178191611763,12.580075844221943,3461.632128397895
1997-07-20,362.1098568804431,493.5496296930857,78.72957514932243,7.619408,0.57941073,29.109598,1.744857,20.01508128959315,1.0358834109566684,21.396792586281816,1.5022703475675563,11.39799290379224,3450.2341354941027
1997-07-21,358.3538018044591,492.3858416497457,78.06637161743166,7.528155,0.55828846,27.59041,1.9128691,19.139663233246022,1.1318190766161975,20.479532539308217,1.598196537455932,10.399103732452307,3439.8350317616505
1997-07-22,319.3216996448052,471.6170055120174,77.51072575698143,7.932,0.6159059,27.869839,1.7011437,19.820435577643803,1.0443826587567817,21.192843474664368,1.5107674127124198,9.27788494925273,3430.5571468123976
1997-07-23,342.1738052452222,482.62826432615634,76.890790629946,7.6174603,0.548456,28.47077,2.3909123,19.819656394789195,1.4174101534859098,21.192027049532815,1.8837948987912507,8.68539074428021,3421.8717560681175
1997-07-24,308.4783211522248,424.8579026442332,76.36084423609121,7.334422,0.4959963,26.055717,3.0761743,18.180593379139605,1.7943510102290645,19.4746224245918,2.2607190957104564,8.166958395663181,3413.7047976724543
1997-07-25,263.3106511863399,347.2195632894921,75.87712760869798,7.968704,0.650272,26.585522,2.0861323,18.556424667311468,1.2191175308480136,19.86841716362329,1.6854891649324393,7.330146416726057,3406.374651255728
1997-07-26,295.7708400798891,384.2066258583058,75.30168095075712,7.905631,0.63340026,28.790985,3.279146,19.706450663532735,1.8731829157913233,21.073410471296725,2.3395664116913517,6.8585367067328304,3399.516114548995
1997-07-27,327.2092070777453,439.2731767020774,74.70784733543047,7.962431,0.6525903,29.262932,3.6110032,20.169806988193297,2.0881432822065777,21.558913644371707,2.554531984733918,6.404652169010905,3393.111462379984
1997-07-28,352.68278632675504,435.8417956150868,74.11010790131601,8.422252,0.7382957,31.157337,3.4368072,20.988632901385614,1.928116646534797,22.416876637198257,2.394515150207473,5.856302968846011,3387.255159411138
1997-07-29,360.84812475365203,478.6288743695603,73.55519960396846,8.256597,0.70158774,30.050282,2.4587371,20.682293649720247,1.4339238847913527,22.09589541647163,1.9003186319110756,5.5991033215410395,3381.656056089597
1997-07-30,361.0195854979701,477.7178904300075,72.99243274998172,8.222239,0.6954445,28.34514,2.168422,19.683596270308886,1.2708214427867657,21.049463716200613,1.737204688229938,5.332392742699035,3376.323663346898
1997-07-31,367.4188887592637,479.17278165202015,72.42370152377767,8.39751,0.7401382,27.769094,1.9880271,19.36187001246592,1.1701789450926567,20.71236004299895,1.6365587281793794,5.0166052085171815,3371.3070581383804
1997-08-01,367.2970500590719,475.12673313428286,71.83904019798806,8.4270115,0.7492803,27.879364,2.3642797,19.398131834282704,1.3728878263781936,20.75035505594374,1.839267993789726,4.768444363159068,3366.538613775221
1997-08-02,380.3768617551494,486.2150311215712,71.32934395543222,8.325274,0.74661505,26.801506,3.6999385,18.691655210349133,2.101617121817721,20.01011126435567,2.5679900722641604,4.582880076484796,3361.9557336987364
1997-08-03,362.1691110206317,464.2683734368432,70.87092950011176,8.438711,0.80283415,26.862698,3.3269713,18.788767129762547,1.9018211176569233,20.111864801556553,2.3681950263110156,4.350546604798006,3357.605187093938
1997-08-04,353.0247890123929,453.14122019786737,70.42550110779786,8.467508,0.7713657,26.903679,4.037661,18.83037246070453,2.294545128956961,20.155458725096857,2.760919451432395,4.158930453546889,3353.4462566403913
1997-08-05,363.7572666711493,441.30807151597793,69.96715542365456,8.41323,0.7907141,25.76917,3.798977,17.927136961759068,2.1128885397525208,19.20905165685789,2.5792543232883176,4.005779853061287,3349.44047678733
1997-08-06,366.0653771068643,452.3184813094207,69.48839430943843,8.578458,0.8498176,24.416609,2.9255638,17.332159806641762,1.6610316354432135,18.58563662755364,2.127392303894785,3.8100954911252862,3345.630381296205
1997-08-07,366.6041903234155,466.5899240076004,68.99505058619148,8.819091,0.90239674,24.12223,2.434102,17.388871474901602,1.4197516835746076,18.64505891969716,1.8861128221287364,3.6123384108252723,3342.0180428853796
1997-08-08,377.7533161735533,469.6567520989085,68.4939449549333,8.891224,0.9384545,24.558296,2.961748,17.57432381977821,1.6939471295399204,18.839375252721744,2.1603098310508635,3.4664741280218974,3338.551568757358
1997-08-09,379.77974288389356,463.4698420740787,67.95631070822606,9.11585,0.9800356,25.712673,2.864936,18.237855310307552,1.635328860171584,19.534621280329453,2.1016974758909797,3.2971692247954687,3335.2543995325623
1997-08-10,387.41752828417384,459.9833059419261,67.38690532275203,9.204568,0.9931105,27.951147,3.3640063,19.380523742112022,1.8816385752308835,20.731905357157547,2.34801855583338,3.1639273033667377,3332.0904722291957
1997-08-11,387.7597183807714,460.32641381587393,66.82428964555073,8.981929,0.9624385,28.240871,4.5814652,19.43534817307192,2.5253738214678867,20.789350208509386,2.9917543848841657,3.1068725964656307,3328.98359963273
1997-08-12,390.7062486126732,458.42898863353855,66.25575875984542,9.319592,1.0203102,27.515053,4.292603,19.14291166713106,2.364553262980537,20.482936237228742,2.8309307573624816,2.944335626607478,3326.0392640061227
1997-08-13,351.55831711061444,491.790340744268,65.78851230550119,9.156795,0.9271184,26.72167,3.0886676,19.399576198704967,1.8421235619261536,20.751868456048072,2.3085037446770733,2.8854137893061136,3323.1538502168164
1997-08-14,327.09389037689607,483.0154954467097,65.32946520922847,9.647624,1.0418912,25.242794,2.2938094,18.94600878472222,1.4308862474593578,20.276622070119593,1.897261730490239,2.7102352195044457,3320.443614997312
1997-08-15,360.75772189549974,519.1444046577448,64.77476117029238,9.436877,1.0281662,25.99012,3.07142,19.203330880800642,1.8605298141465174,20.54624328277898,2.3269079345957246,2.6721364183413323,3317.771478578971
1997-08-16,352.4052163460587,490.6183623653513,64.23287566486381,9.600482,1.0366206,28.04441,2.6047378,20.334381170837474,1.5766118082855338,21.731353910377575,2.043002419172874,2.561740175007524,3315.2097384039635
1997-08-17,294.49694141626736,383.6653117007097,63.78576616194136,9.779607,1.1469296,30.558437,3.7466183,21.535077511836306,2.1773522379460934,22.989439432101037,2.643757708899244,2.4506759185888294,3312.7590624853747
1997-08-18,165.58335791986613,153.3362090680779,63.48420346814638,10.025322,1.1874021,30.028603,6.897544,19.642879299991566,3.373148650492072,21.006800613886124,3.8395314512056746,2.3610924132134166,3310.397970072161
1997-08-19,176.82998080425588,184.457665962814,63.16846250751914,10.082702,1.2727424,27.753965,4.868188,19.104875800862988,2.5623579822979496,20.44308238657216,3.028735084691109,2.295682649069503,3308.1022874230916
1997-08-20,253.26871126647205,288.9884290685665,62.74115835008003,9.94654,1.167919,25.609537,5.534592,18.293917224156022,2.999601511804063,19.593362762021815,3.4659706502818772,2.26539847205743,3305.8368889510343
1997-08-21,233.40935512238278,139.67608049535804,62.48894149089072,10.380743,1.1972096,26.889156,11.39796,16.561178516511866,4.3324142199677524,17.77780506722323,4.798768862367473,2.139825122382765,3303.6970638286516
1997-08-22,209.9010715385082,189.66027576138296,62.142043079138446,10.462312,1.3197244,27.14299,7.4661,18.3801498450662,3.6111191883354725,19.68371700744003,4.0774891379189615,2.078678950912515,3301.618384877739
1997-08-23,268.3454013873048,297.7048023272736,61.710387366728135,10.367741,1.3216058,26.569164,4.7601314,18.88861314737417,2.580719848312931,20.216483117503476,3.0470947533955046,2.0465925610676092,3299.5717923166717
1997-08-24,287.88567743264053,355.76181343782343,61.20301879993109,10.3800335,1.2659278,25.361782,2.8796968,18.660861305194203,1.6893994151153944,19.97784551579803,2.155772063968894,2.0008362958845907,3297.570956020787
1997-08-25,304.14460795600434,381.6445370121066,60.72309663581574,10.318354,1.1893483,25.578424,3.4253814,18.810647090767176,1.9778709255691551,20.1347905499043,2.4442450516023273,1.9670760703199512,3295.603879950467
1997-08-26,319.51480627906466,403.3513207365505,60.28486890793929,10.425733,1.246357,25.354427,3.9987848,18.755779503970455,2.2982809517960705,20.07730048001416,2.7646545337503925,1.9100291299573884,3293.69385082051
1997-08-27,323.1426977135801,414.22361318625343,59.84758026945338,10.528691,1.2639117,25.606813,3.858509,18.998991792585763,2.237211557164089,20.33213748464566,2.70358757705364,1.8553127839042558,3291.8385380366058
1997-08-28,331.6009711515025,362.67265697030047,59.48706025823014,10.644267,1.3304318,27.53752,5.4972396,19.468915570543796,2.9410986319321486,20.824522012836013,3.4074795538845835,1.8002024512510604,3290.0383355853546
1997-08-29,283.4147059516862,355.6538329261522,59.13264564948515,10.685412,1.3827804,26.314137,3.9643862,19.383095505251244,2.2898967933237184,20.734600041783693,2.7562768011886414,1.7598648367533627,3288.278470748601
1997-08-30,304.8949208453127,383.6192112461375,58.72804234038209,10.627676,1.3465172,26.202538,3.6050255,19.305516907762144,2.0952485074803984,20.653313452523783,2.5616276962865268,1.734674056592267,3286.543796692009
1997-08-31,314.9273653045293,403.1108050185519,58.3137231733832,10.602423,1.3443872,26.332455,3.287653,19.43335414841824,1.9376047272503005,20.787260876293495,2.4039852694087767,0.0,3284.8387359758594
1997-09-01,243.36672122769065,442.6259966113434,58.07014094714717,10.825631,1.3605869,24.611492,2.6670663,19.72074083068879,1.7872957007000105,21.08838365959435,2.253679353506663,,
1997-09-02,275.490127055818,419.7840308668557,57.630515774990855,10.876393,1.3735187,25.818771,2.9468658,19.898117503699996,1.8605968659722392,21.274238331243666,2.326982485818045,,
1997-09-03,327.779648332228,482.691243526629,57.12308964524445,10.829208,1.6591828,26.029684,2.574051,19.88213869888831,1.6734513030408302,21.25749579418279,2.139836744213471,,
1997-09-04,333.3424150988004,473.5101645188059,56.60469015828347,10.553138,1.5003148,22.315884,1.8303775,17.45623242967834,1.2401838748057796,18.715639497850322,1.7065455765167923,,
1997-09-05,336.3275198507412,461.5546218725849,56.08217152331888,10.398885,1.3184445,20.739647,1.8032131,16.380753910392208,1.1819271170681345,17.588756781681717,1.6482804474075028,,
1997-09-06,336.98492234390113,462.4158106201288,55.61924661756993,10.379369,1.3675808,20.762589,1.7852224,16.385574137115857,1.182689137652806,17.593807398765634,1.649042502561194,,
1997-09-07,338.161195198277,455.23627641307576,55.29916699975548,10.766805,1.4005052,21.48805,2.0155518,16.918450213948475,1.3014505852108,18.152153130525107,1.767807935560248,,
1997-09-08,309.3975969858049,531.3673726860754,54.98456329349815,10.943369,1.4724507,21.035728,1.5140244,17.32178709985888,1.0996398808646517,18.57476814084386,1.5660004637311533,,
1997-09-09,346.86764138405016,506.5538684538601,54.63410296932116,11.020603,1.4681897,22.020315,1.892443,17.54955352435364,1.27194086512624,18.813421021848896,1.7383033556021372,,
1997-09-10,360.3004740684719,508.2480174491157,54.28987838973672,11.110464,1.6066455,20.65252,1.9246728,16.69418296678128,1.3086878943330855,17.917166675562555,1.7750435277874619,,
1997-09-11,244.8988420988,57.994930495358055,54.20598944502132,11.560796,1.5144355,23.133724,10.384379,13.7766590356541,2.335085947887937,14.860195073584133,2.8014244874647463,,
1997-09-12,264.8293620988,58.167,54.19050540564506,11.801591,1.5075547,24.39038,17.721254,14.068650955944936,3.4223572024589632,15.166143209540424,3.888697014433728,,
1997-09-13,165.1188501082561,179.1847333367112,54.15713761317251,11.937235,1.3049191,21.864428,2.5068367,17.103609729424065,1.4469541124977428,18.346162637904293,1.9133129236971929,,
1997-09-14,154.10030384282985,332.2102635438147,54.093763382325065,12.0904045,1.2779379,19.897205,1.4336456,17.423415016904848,1.0597753445737146,18.68125352492697,1.5261367712735694,,
1997-09-15,243.4008640108832,351.5239033991535,53.69917992775246,12.038348,1.3867221,20.722713,1.6058596,17.169689413450634,1.1055368776946521,18.41540070494523,1.571896219734617,,
1997-09-16,284.7561967528214,374.1313169067933,53.18745173560056,11.966213,1.3790982,21.358889,1.6936836,17.299587958341643,1.1314255677904337,18.551507956246066,1.597785967905541,,
1997-09-17,264.7681784588038,419.415609743528,52.70136177489041,11.9317665,1.4359176,20.615112,1.5056475,17.25479642373763,1.0773487247747473,18.504575539400186,1.5437087578653717,,
1997-09-18,275.0278629227155,439.2417225485479,52.20338349544251,11.890756,1.3871859,20.800594,1.459949,17.369881416929882,1.044672603921697,18.625161201868657,1.511033584651107,,
1997-09-19,292.3718680748437,448.2276255509489,51.68790799089341,11.91509,1.4236171,21.48344,1.5936458,17.70607271324785,1.116305472045207,18.977421292938168,1.5826693078054832,,
1997-09-20,294.3254045642007,463.2880241194426,51.16955894525513,12.088792,1.4571862,21.211082,1.7453887,17.667161808385046,1.2081593618934534,18.936650579833195,1.6745228605974565,,
1997-09-21,301.7165034101369,465.23946015604696,50.65414096298577,11.791316,1.7712091,16.346733,1.2808293,14.554655617542922,1.0436339741282326,15.675377232638969,1.509976120164404,,
1997-09-22,311.61344588911265,464.8093953457074,50.12030207011709,11.532815,1.803876,13.251028,1.361827,12.561431786024045,1.090320335756347,13.586884115468303,1.556654627237724,,
1997-09-23,316.37035893293734,463.7762549313628,49.58123048881343,12.0036745,1.3876923,12.433567,1.2066497,12.259234101543992,0.9117197013384508,13.27024241468121,1.378053198660596,,
1997-09-24,312.4135562113004,467.10442749482456,49.04567848306137,11.9300785,1.6506788,12.314942,1.029096,12.160697444953552,0.9043902270967621,13.166996042736455,1.3707234880516899,,
1997-09-25,334.0713505420417,455.2011851329967,48.5057768076304,12.212164,1.5519829,12.225757,1.1227076,12.220003324095806,0.922377382402106,13.229136540174704,1.3887107842879178,,
1997-09-26,333.60547604615766,460.07357968969967,47.958037416690125,12.748216,1.4019386,12.398582,1.0145385,12.545543065442299,0.8325292515284073,13.570235968355624,1.2988634986535623,,
1997-09-27,335.15335098315694,474.6549185932267,47.40742818558557,12.794005,1.4977322,12.978013,1.0056988,12.901858248632506,0.8553992470573594,13.9435817992998,1.3217345582684779,,
1997-09-28,326.5462850688484,474.2073988294976,46.85395528528147,13.202323,1.3508434,13.699667,0.9864169,13.496850749632285,0.8029321081738876,14.567012907967253,1.2692695199393382,,
1997-09-29,315.22461708198824,455.6290451392644,46.40329916255672,13.526265,1.1631743,14.256784,0.9441856,13.958053725021838,0.7332819782617259,15.050259809036923,1.19962129682022,,
1997-09-30,320.3827723170044,454.6907273403909,45.89903242913401,13.496119,1.2843845,13.722632,0.9853327,13.629001108267614,0.7848525170963622,14.705479602011948,1.2511904503558444,,
1997-10-01,308.3140707602716,466.9858896229869,45.41540917625474,13.2518215,1.575342,11.615717,1.0691212,12.266347774109123,0.8984151547064255,13.277696096478081,1.3647486695224704,,
1997-10-02,319.4684457238511,498.2775892975694,44.90034577204383,13.311941,1.6409025,9.515052,1.1827674,10.998380739635966,0.9645459591419719,11.949124572085582,1.4308772700625085,,
1997-10-03,336.7177959812243,502.7496315513155,44.41473101146741,14.005874,1.2421144,9.41433,1.2527474,11.25603842193698,0.9006194224056522,12.219097410841858,1.3669510322998155,,
1997-10-04,336.6192348509186,500.4661973949121,43.8505667036312,14.408799,1.083335,11.831016,0.94203126,12.867626074183434,0.7120331986922894,13.907713443928898,1.178368401368496,,
1997-10-05,312.637444129945,519.9069992843532,43.33135224550728,14.491421,1.0325961,15.092741,0.89390993,14.866932969796524,0.6796893294672942,16.002580374863566,1.146033117784496,,
1997-10-06,320.5198108270931,519.171003814557,42.78932393065943,14.542153,1.0188427,16.932386,1.060382,16.020006474171264,0.7622902292766679,17.21076685116283,1.2286410478675702,,
1997-10-07,334.88879373126383,514.1088939834716,42.20591700593912,14.556254,1.0604728,16.917196,1.1665487,15.985918141936953,0.8209642870512703,17.175049213172855,1.2873148759941637,,
1997-10-08,324.12621893456503,504.20656831788256,41.61935770583562,14.753549,0.98586154,16.870228,1.1991795,16.041972270024303,0.8256091038123946,17.233782536971326,1.2919600710876489,,
1997-10-09,334.99754668442426,507.3720838427481,41.02305883827161,14.768029,1.0075316,17.416672,1.2622181,16.36334703563028,0.8593773461824787,17.57051791780859,1.3257305519069218,,
1997-10-10,325.6472545366992,507.3314749502554,40.43988868418159,14.742941,1.1042106,17.12005,1.2449765,16.190735954442257,0.8725315321668166,17.389656616981245,1.3388835209322352,,
1997-10-11,332.04794388851394,523.1751746025565,39.86891174260741,14.769481,1.2572842,14.429991,1.0901521,14.561800740657963,0.8264596831911747,15.682863868214529,1.292801865557136,,
1997-10-12,307.540120864721,488.4444691382448,39.35739642539509,15.076068,1.2388566,12.236477,1.2686429,13.333593825335527,0.9138621013998216,14.395952860754987,1.3801988964974967,,
1997-10-13,310.06826495203666,468.2499606719582,38.82943003022741,15.407752,1.1018839,11.807291,1.3798664,13.241651245581155,0.9390675382379797,14.299615739978341,1.40540399946054,,
1997-10-14,274.1608375078783,419.4468248572133,38.50847300453207,15.5322895,1.0221997,12.817745,1.2240132,13.890717406276913,0.8432951360060164,14.979705044433683,1.3096341610032627,,
1997-10-15,278.7929459527752,426.5585610805778,38.02281403117507,15.175125,1.1799737,12.132669,1.1370622,13.335211970714631,0.8308786478000864,14.39764834795186,1.2972154488603813,,
1997-10-16,283.92809594035657,425.9760948157712,37.5231661505544,15.211944,1.2130829,10.18043,1.3874527,12.19279769393899,0.9635942352830338,13.200630573894188,1.4299275720196132,,
1997-10-17,292.1179055003233,435.1644182296489,37.008798624609206,15.133515,1.2830074,9.032152,1.2928813,11.482806310189966,0.9295159913469399,12.45670402898609,1.3958479271946966,,
1997-10-18,305.0069023301598,453.6893963366656,36.47512867277016,15.186793,1.2399132,8.659309,1.3182309,11.283452486475715,0.9326604263242879,12.247821773955254,1.3989920724977016,,
1997-10-19,314.6610226452357,473.7201599330591,35.93068134430207,15.223194,1.1797478,8.831131,1.3193663,11.382350073383815,0.9220675765223538,12.351446327453072,1.3883993607189085,,
1997-10-20,313.65318014671345,475.1345904378308,35.38944829624311,15.070323,1.2010062,8.90652,1.2495252,11.357491515398522,0.8913892064392412,12.325399615370811,1.357720954890214,,
1997-10-21,315.2899504696354,477.68567197883885,34.844228521937374,14.6198225,1.2715963,7.7971606,1.2675567,10.509875448300628,0.9157860589920616,11.437270397696215,1.3821170115302923,,
1997-10-22,318.9393100622412,488.9866149629849,34.2911707933781,14.11304,1.2542646,6.050057,1.3356014,9.233024786859083,0.94794479376973,10.0993906393334,1.4142760986646852,,
1997-10-23,317.093968252283,491.1046778286569,33.74135814678789,13.463831,1.1799096,4.7857037,1.3300707,8.190537151854947,0.9314130524496689,9.007075658941774,1.3977460277837812,,
1997-10-24,291.5246652688428,446.1182769887411,33.27934722639061,13.1827755,1.0749356,4.684279,1.5170286,8.042978974143717,1.011064208754462,8.852464704738344,1.4773975209530763,,
1997-10-25,241.51096829667333,369.6932040547097,32.953442807172465,12.547431,1.1327919,5.039946,1.4424554,8.006450617017808,0.9806039560470879,8.814190417007758,1.446937355482807,,
1997-10-26,191.36268194998087,294.47458222393334,32.67197788395782,12.091487,1.1338234,4.7999263,1.3718022,7.671942703867378,0.9438186630018491,8.463694169066835,1.41015293228867,,
1997-10-27,174.39251128657892,212.4656714537188,32.47650619797863,12.075597,0.97365475,4.088832,1.7490265,7.689200334931021,1.0561061258381212,8.48177665590306,1.5224403471173409,,
1997-10-28,160.4501124771025,260.0449952030529,32.20553772601738,11.004199,1.0244681,3.9695258,1.1768721,6.653776089039103,0.826145042398468,7.396862670478228,1.2924827469286475,,
1997-10-29,193.5940229374717,316.0570783080051,31.886650013780425,11.054967,0.9709107,2.9515495,1.6326069,6.029681156753889,1.0775323062675783,6.742938133791582,1.543872702583882,,
1997-10-30,217.88073937730184,369.1758084586935,31.52016241280276,11.30766,0.8616803,3.5929413,1.5894599,6.456189546199248,1.0494606876641723,7.189832166306435,1.515799196213606,,
1997-10-31,239.53359477800083,414.4274071414171,31.11375702406812,11.342914,0.8125857,5.153007,1.3556972,7.420253202966157,0.909226207238081,8.199974770380056,1.3755612153904329,,
1997-11-01,79.39109722726238,211.77124891562568,31.12073114986226,11.322087,0.7517332,6.77562,0.9967046,8.015303042187595,0.7533547523016374,8.82346595784016,1.2196881304558647,,
1997-11-02,268.899769506,79.52008749535806,31.15505520897265,11.052741,0.8127246,7.7653737,2.8720887,10.302463092780815,0.9072504684434207,11.219944440586223,1.373581351365206,,
1997-11-03,191.446479506,41.40306749535805,31.26412227748744,10.660257,0.8327878,8.047298,1.9505899,10.195646111209845,0.7675426504551882,11.108021972431747,1.233873516720117,,
1997-11-04,121.60539386677996,25.681734856138004,31.350180030550007,10.260549,0.8108626,7.608187,1.5195763,9.798069333394391,0.7200021655675618,10.69144238368494,1.1863330845190547,,
1997-11-05,77.42365334750569,200.77480413016497,31.44465228350769,9.598352,0.90534633,7.5904355,0.93802744,8.149246166705934,0.7223393530611014,8.963811105848809,1.188672420150161,,
1997-11-06,61.55484934059483,308.8093657037484,31.53189110276301,9.668957,0.85854614,7.020147,0.9254261,7.460381319508724,0.7847021364613839,8.242020873722252,1.2510370219577367,,
1997-11-07,67.76248168518508,323.8930663929824,31.597269051592992,9.314397,0.8025666,6.4330325,0.95729893,6.931553214469701,0.8037566029053631,7.687916592970807,1.2700932526166973,,
1997-11-08,88.42054140215745,298.39394776539706,31.670041513757013,8.842285,0.8873584,6.3121686,0.98906046,6.890518898229722,0.7894768131111517,7.64492097668335,1.255813613088979,,
1997-11-09,96.62139087402896,306.3002841700024,32.07689022878417,8.958265,0.82990885,6.5903573,1.0883183,7.158186186213367,0.8509370262795408,7.925381846057762,1.3172728807582654,,
1997-11-10,32.319877995291854,419.72744725066457,32.52172241277715,8.594061,0.8771347,7.047296,0.79346174,7.157884581789744,0.7393961376888208,7.925065825973673,1.205731993186808,,
1997-11-11,32.321653871606536,429.8612995921308,32.81770015770174,8.124893,0.8788932,6.0687795,0.82015544,6.212568839127653,0.7652720534544882,6.934567222212545,1.2316116148131853,,
1997-11-12,32.32328575289762,466.84547188301264,33.04886867436771,7.2591014,0.9135402,4.648937,0.8158585,4.817956381474291,0.7653178372625938,5.473297056327549,1.2316647319600356,,
1997-11-13,32.323558644108225,442.97438872458486,33.240963065758386,7.0710764,0.9560205,3.4990125,0.7763937,3.74193760453427,0.7265085770562918,4.345848260035978,1.1928626500055597,,
1997-11-14,48.60101388886682,359.7608411120079,33.421919477227604,6.1854453,1.0734346,2.0214114,0.6702209,2.5169921555387265,0.6041176302761225,3.0623546058449898,1.070481486641857,,
1997-11-15,61.06502755591002,320.20772251391,33.512069275652784,6.001091,0.89433086,0.9182183,0.6985603,1.732296322441574,0.6039106655324551,2.24015299427431,1.0702816907817034,,
1997-11-16,77.46283192624968,357.7938533782895,33.50864286598463,5.7849236,0.90415674,0.33330846,0.6355698,1.3035348973451484,0.5466759038289022,1.7908982387058858,1.0130511436591991,,
1997-11-17,118.42246231042486,398.95474021234446,33.44312889622583,5.565408,0.95123726,-0.4488896,0.8129744,0.9277229553207854,0.6636265701300279,1.3971237705016155,1.1300056769377849,,
1997-11-18,145.6982014965281,431.7748462835418,33.29666024626331,5.402068,0.9694826,-1.2695135,0.74317425,0.4137467920763907,0.6071235523800612,0.8585813035937592,1.073508209288433,,
1997-11-19,158.20502740154004,393.451233106784,33.164405389700235,5.5547276,0.9221896,-1.566213,0.84393024,0.47594381312725026,0.6574451959967289,0.9237511296409695,1.1238291652147963,,
1997-11-20,138.67145670422312,403.21913926618754,33.092264149101105,5.8176293,0.8839225,-1.2507223,0.7389616,0.5580904561786842,0.5945676750122774,1.0098241014260103,1.060950742742957,,
1997-11-21,164.30206886424787,434.2379597517861,33.00693519573766,6.2312927,0.8636763,-1.1383599,0.85662514,0.8846445997514549,0.6651636747825934,1.351986416792063,1.131543235168704,,
1997-11-22,156.90475692275862,252.8553382286211,33.16337704342039,5.86112,0.83346367,-0.72731006,1.0362171,1.7955223584756341,0.7146516789552545,2.3064010187034065,1.1810221004984711,,
1997-11-23,161.197699506,330.296130495358,33.45418162461721,5.8098135,0.7405883,0.46354216,1.1471016,2.216985620247918,0.8082420169750563,2.7480087836883182,1.27460853102412,,
1997-11-24,131.274199506,385.552230495358,33.673570442812704,4.867506,0.8125031,1.3195041,0.85626656,2.2206985860473645,0.6712852399535519,2.75189921656084,1.1376517204813634,,
1997-11-25,92.673997506,353.983760495358,33.83653043696489,4.3576264,0.79554385,0.45916742,0.72219855,1.2680323174708077,0.5956803603565713,1.7536987568730498,1.0620559585889224,,
1997-11-26,116.41811162713444,400.8851538765301,34.016999575769134,5.7849493,0.7262901,-0.2938906,0.90139604,1.074140710402567,0.7174065315386959,1.5505397937722492,1.1837841125548627,,
1997-11-27,43.271919506,691.384130495358,34.4961020561913,5.2101936,0.7780609,1.6497692,0.61416036,1.8594814735328047,0.579799770324437,2.3734171608270125,1.0461695858128444,,
1997-11-28,54.9368420988,601.957730495358,34.82282241304549,5.049061,0.707068,1.2904109,0.6826081,1.6047510568177143,0.6283096465308078,2.1065115009453095,1.0946819035419333,,
1997-11-29,57.2151692988,679.893360495358,35.14258034634342,5.153469,0.72027,1.9969261,0.71764314,2.2419403863977645,0.6642957283316189,2.7741563023565265,1.130662017388122,,
1997-11-30,208.8420220988,801.5529304953579,35.58134401056669,5.055806,0.7205542,1.5663998,0.8743623,2.287637261102326,0.7094462945054316,2.822037331465015,1.1758121734041596,,
1997-12-01,129.10108209880002,2288.962230495358,36.31987798698615,4.35908,0.70080996,3.583016,0.63284373,3.6244501902032447,0.6002233777714072,4.222745348910564,1.0665783146741177,,
1997-12-02,54.9368420988,1467.131630495358,36.7574538094877,3.9116693,0.7112553,1.9334923,0.48831236,2.004891715457016,0.471386998785115,2.525777515255155,0.9377554538220801,,
1997-12-03,54.9368420988,653.8894304953579,37.02565487239765,3.9513965,0.70275784,0.4290737,0.61020344,0.7020676498798235,0.5655391841403152,1.1606829128246485,1.0319206904601184,,
1997-12-04,54.9368420988,875.033560495358,37.32245896561064,4.972951,0.6266188,1.2174556,0.6277917,1.4393068288233042,0.5918643852248203,1.9331596043955679,1.0582382677191515,,
1997-12-05,54.9368420988,831.545890495358,37.68862174220919,4.152278,0.65137357,2.054832,0.6575934,2.1848142740861274,0.6181606461260198,2.714299757152239,1.084527451283233,,
1997-12-06,54.9368420988,730.0801304953579,37.96214715203659,3.4275136,0.6384492,1.9278097,0.6846065,2.032761580457881,0.6382623075535353,2.554979464534694,1.1046305046024911,,
1997-12-07,54.9368420988,636.925930495358,38.15724821494655,3.6244464,0.6062532,1.4862101,0.7074458,1.655995148668669,0.6530483008134789,2.160204885217575,1.1194200607019171,,
1997-12-08,107.2742101425208,564.999471536398,38.233495340506735,3.5899925,0.6586083,0.99905646,0.7619907,1.412490194535138,0.6489664101864763,1.9050612266565057,1.115340559100947,,
1997-12-09,155.06378166692804,542.5309139115263,38.20711981034654,3.388814,0.6777832,-0.22451556,0.7540784,0.5786679314114536,0.6055021440959074,1.0313851096343258,1.0718849872152911,,
1997-12-10,187.5768995627539,512.8211676203715,38.117473686773785,3.45294,0.70699114,-0.83681643,0.81414676,0.3120434059553307,0.6254545010408875,0.7520168432717459,1.091840291977017,,
1997-12-11,188.2472923413481,506.1217253394467,38.01489421651493,3.359352,0.5872851,-0.5807854,0.9054212,0.48740773988172637,0.6788905582484249,0.9357629929068363,1.1452744011967013,,
1997-12-12,205.62653584726093,506.8868988350298,37.86159702054457,3.2298875,0.60325813,-0.15630198,0.91022414,0.8209292945684171,0.6705349021973267,1.285225737821151,1.1369151373414135,,
1997-12-13,236.5589047256252,487.8541098205008,37.65251891665533,2.8174243,0.64688206,-0.6988667,0.8859342,0.4493870145830506,0.6329220083064925,0.8959250069062314,1.099306270612519,,
1997-12-14,201.2047689897751,481.57986998650495,37.51389852593944,2.4514651,0.6822353,-1.2556137,0.7924633,-0.1632019724956268,0.5939950324634717,0.25405636027588846,1.0603862792999779,,
1997-12-15,246.6381001077316,448.9003590695981,37.29391334513163,2.34867,0.70864445,-1.8914727,1.0267088,-0.3879171042223399,0.7086840190171236,0.018600613402888377,1.1750779355419028,,
1997-12-16,235.08737576828588,452.3582124342491,37.06157824304842,3.2557173,0.71544313,-2.06312,1.2010556,-0.2442247016716284,0.8273315402344261,0.1691610216076182,1.293723742991597,,
1997-12-17,217.84380227814387,482.22855451045535,36.83725788024436,3.450655,0.7225998,-1.4942187,0.93866086,0.04449379327460616,0.684556816321687,0.47167927367748075,1.1509456470068575,,
1997-12-18,220.8995108399241,465.8190294545505,36.61336995363489,3.168395,0.7440895,-1.3246924,0.9214493,0.12061710400102903,0.6693050253485646,0.5514410184421066,1.1356929828327198,,
1997-12-19,244.7427077572694,458.6982828197282,36.3460788745517,3.5836291,0.6694383,-1.3836783,1.0910406,0.34455801187058305,0.7485986333338606,0.7860855362041272,1.2149840604348452,,
1997-12-20,237.7075089730707,466.5087134332353,36.0832848892869,3.2309198,0.64583254,-0.67480195,0.9430518,0.6435706881590427,0.6616691876781189,1.0993899962954747,1.1280513255299254,,
1997-12-21,217.4656671767364,472.75778581163377,35.82777061331817,2.3310077,0.7093584,-0.58873355,0.7689324,0.3311764856107179,0.5721269141310078,0.7720644187314998,1.0385124908235457,,
1997-12-22,306.8909224735819,417.0505160241921,35.459863328679795,2.1506042,0.76342577,-2.0493956,1.2384405,-0.26894517212479496,0.7834150982119314,0.14325899716949114,1.2498075941199827,,
1997-12-23,236.55806268035872,401.3748828615247,35.17072715145336,2.7726536,0.6864677,-1.7602667,0.9547048,-0.07937082757025296,0.6523932135661223,0.341894347366262,1.1187834792481528,,
1997-12-24,157.842909581679,427.4172335629824,34.980101176001924,2.5983248,0.7230306,-0.94903386,0.74696904,0.007678153433114364,0.579318499877909,0.4331039720995347,1.045707755247685,,
1997-12-25,84.423165506,405.626370495358,34.99073552293203,3.0346417,0.72489285,-0.78396034,0.7728005,-0.1261115900880273,0.6517425849860075,0.29291953617544164,1.1181333967279339,,
1997-12-26,59.534343506,777.2775304953581,35.216285444029424,3.417973,0.5824838,1.1748291,0.6696327,1.3344158910625905,0.6233711257761527,1.8232552383616256,1.089746055031798,,
1997-12-27,36.55349150599999,752.821780495358,35.391643015156546,3.3012462,0.6042387,1.9880114,0.71997935,2.048823142639195,0.6872092309754115,2.571808714484571,1.1535772797478385,,
1997-12-28,71.59057750599999,664.354730495358,35.45281500634637,2.509799,0.6659158,1.2875297,0.6884716,1.406428440139877,0.624865903928289,1.898709741122222,1.0912401131795306,,
1997-12-29,116.978753506,607.805780495358,35.44895384184132,2.2402573,0.83640456,-0.16312647,0.6250873,0.22477479020996255,0.5413025911134783,0.6605770860065885,1.0076893645525953,,
1997-12-30,140.123769506,652.439630495358,35.420392886322674,2.1558142,0.7610281,-0.4563824,0.6677781,0.005449213996758247,0.5659426543523232,0.4307684969773691,1.0323319354836482,,
1997-12-31,139.421199506,576.420630495358,35.36109924532858,1.574184,0.7537575,-0.45691454,0.50653964,-0.06132689439804686,0.4334982281047683,0.3608007188639996,0.8998882836525932,,
1998-01-01,128.897959506,569.106080495358,35.52834569517201,1.2811345,0.7566983,-0.32743716,0.25547862,-0.030387874227485952,0.2508294002415837,0.3932185184389637,0.7172190963492677,,
1998-01-02,73.005025506,533.425200495358,35.740241549404146,2.372157,0.69021815,-0.3918234,0.26092497,-0.05908196964473824,0.24409162589871342,0.363152943346625,0.7104816553288593,,
1998-01-03,32.315789505999994,534.331730495358,36.09094098775332,3.2462568,0.8342015,-0.251997,0.48232758,-0.05249231047101646,0.45730191321097197,0.3700575657032277,0.9236918660096454,,
1998-01-04,32.315789505999994,1105.689330495358,37.05580293393949,3.3525043,1.0159918,1.2317579,0.64373904,1.2919804496283478,0.6261239244797175,1.7787915278851258,1.0924992807951057,,
1998-01-05,32.315789505999994,1876.233870495358,39.29555725212147,3.961845,0.96188897,2.808403,0.7619962,2.827933230473569,0.7492710366727193,3.3881576012628263,1.21563224710683,,
1998-01-06,32.315789505999994,2031.548100495358,42.19943037908089,3.8450446,1.0666894,3.4647236,0.890817,3.4706786184098415,0.8770277080486286,4.061624021627258,1.3433837995742448,,
1998-01-07,32.315789505999994,2364.800930495358,45.43664813829579,4.66137,0.9632557,4.235219,1.1040554,4.240963986733351,1.0892489299812538,4.868726397467824,1.5555995092190185,,
1998-01-08,35.5473683952,4931.037430495358,51.74304149899351,5.527729,0.87361336,4.8446937,1.3235396,4.84958235408143,1.3140815248795108,5.5064346423173305,1.7804282286273863,,
1998-01-09,38.7789474072,1914.690930495358,60.34222317838296,4.8470597,0.68834096,4.580939,1.170879,4.586221666302638,1.1477168490560867,5.230486213916187,1.6140651778073267,,
1998-01-10,38.7789474072,1980.168230495358,65.6072755996742,4.020504,0.5513887,5.0146947,0.7363387,4.9955987633741366,0.7222731077039689,5.659430136842103,1.188618944674544,,
1998-01-11,38.7789474072,3467.298730495358,68.14607796871883,3.6658897,0.55305237,4.395547,0.9115948,4.387476545133889,0.901532874111948,5.022241755331781,1.367882481689049,,
1998-01-12,38.7789474072,2666.992930495358,69.68062924058478,3.3283372,0.5512723,3.5361753,0.9490874,3.533196529406597,0.9355184814950439,4.127130075062871,1.401874100331006,,
1998-01-13,38.7789474072,1931.017830495358,70.81963484891884,3.183157,0.5609315,2.4695082,0.76395386,2.483557614882505,0.7489954796577789,3.027322008435661,1.2153596271158258,,
1998-01-14,38.7789474072,1524.5719304953582,71.6127940622686,2.596907,0.55457014,1.1108332,0.52096283,1.147695254414609,0.5082265387661378,1.6276099935544364,0.9746033625347402,,
1998-01-15,38.7789474072,1474.531430495358,72.10628911678867,2.7840242,0.563364,0.5049623,0.37512138,0.5633638423073495,0.3657937802558491,1.015349537385457,0.8321767903792909,,
1998-01-16,38.7789474072,2588.077730495358,72.98125125594824,3.0349584,0.5856291,0.68584496,0.43204364,0.7205237227351468,0.4257533832557025,1.1800211228735273,0.8921346911360817,,
1998-01-17,38.7789474072,1966.8282304953584,73.61087577755296,3.0783043,0.5756759,0.88745856,0.44528005,0.9298191468159377,0.43681227369068804,1.399320152784764,0.9031913584814738,,
1998-01-18,38.7789474072,1621.8346304953582,74.02656345485255,3.128738,0.58590305,1.1121204,0.45925754,1.1592128059168398,0.44874150695629145,1.6396780446476937,0.9151182127113315,,
1998-01-19,38.7789474072,1425.719130495358,74.34024569850534,3.1101685,0.58250254,1.1968107,0.45641288,1.2474751787159386,0.44459500693540477,1.7321590571567613,0.9109708133529759,,
1998-01-20,38.7789474072,1227.847430495358,74.56884467152071,2.9298344,0.59488714,1.046026,0.4286992,1.103700541055042,0.4159730758835998,1.5815124832846863,0.8823503518363829,,
1998-01-21,38.7789474072,1055.508770495358,74.70242123074297,2.8734627,0.5866092,0.6245215,0.37859276,0.7042186068685635,0.36576755096028024,1.1629366782047719,0.8321490341329749,,
1998-01-22,38.7789474072,995.596230495358,74.7460711859945,2.6902854,0.5973382,0.42116243,0.35558292,0.506232335385896,0.3429839149867585,0.9554873397274446,0.809367550916883,,
1998-01-23,38.7789474072,968.079830495358,74.76374695106838,2.9464521,0.627313,0.2666789,0.3385606,0.36988978457579474,0.326416421455988,0.812628081052315,0.7928015659347283,,
1998-01-24,38.7789474072,1179.848530495358,74.84003087706182,3.0989852,0.5935173,0.48079556,0.37771735,0.5641111282766703,0.36618507959673463,1.0161325410696422,0.832568081559288,,
1998-01-25,38.7789474072,1031.747790495358,74.86368158466443,2.9815695,0.58277196,0.5698436,0.37651452,0.6572063716001993,0.3634891234064677,1.1136774187938667,0.8298711136979964,,
1998-01-26,38.7789474072,909.886890495358,74.78592756917406,2.762981,0.5969458,0.3374109,0.33650115,0.4365617774341267,0.32366701116940727,0.882486767262469,0.7900514153069473,,
1998-01-27,63.6248904072,867.273360495358,74.64099054427929,2.918363,0.5901186,0.2415123,0.3220787,0.4244692848610845,0.30276389420988603,0.8698162948805533,0.7691484322479376,,
1998-01-28,38.7789474072,810.0968304953581,74.5061526520909,3.0410266,0.57458115,0.3878931,0.3454854,0.5090954423871783,0.3307458825800804,0.9584872934563466,0.7971294870594963,,
1998-01-29,49.4539644072,753.1317604953581,74.31611928445841,3.2065969,0.55017203,0.3370812,0.36897117,0.5138958578097608,0.34789147407604143,0.9635171523267294,0.8142750258448005,,
1998-01-30,38.9602498172,777.2233304953581,74.14552451661694,3.1721501,0.54609096,0.6916586,0.44373113,0.810064047858268,0.42335306923611826,1.2738411694592444,0.8897334199086426,,
1998-01-31,47.9876154072,749.3002304953579,73.94688033393744,3.0829525,0.5422976,0.46151596,0.40363446,0.619296479819929,0.38074193462132666,1.0739555637749816,0.8471243356856554,,
1998-02-01,91.0541174072,717.8154804953581,73.74566694729103,3.2451663,0.5217141,0.124706805,0.3806351,0.4759756447962022,0.3428546238726901,0.9237844827548862,0.8092385927399386,,
1998-02-02,95.6455674072,698.950230495358,73.53721917192986,3.4592915,0.48988146,0.33227444,0.49518496,0.708673756041135,0.43955274784852433,1.1676047682786266,0.9059341830948171,,
1998-02-03,64.0686484072,656.770490495358,73.32891517922285,3.6305466,0.4619162,0.85189366,0.567758,1.0988621290448541,0.5189219481599924,1.5764428117196956,0.9852992739777736,,
1998-02-04,79.2128574072,642.3044904953581,73.15716995388057,3.469964,0.47248474,1.0428611,0.6464884,1.3093242158718932,0.5778457051926861,1.7969642668684138,1.0442208867159122,,
1998-02-05,103.6934174072,719.119930495358,73.0554256178995,3.42173,0.4671408,0.9233911,0.58618146,1.238239304685974,0.5156804797510124,1.7224817399194206,0.98205637985898,,
1998-02-06,115.9935974072,653.229970495358,72.95258173573134,3.4351387,0.46507233,0.68841493,0.52485937,1.1026018914835907,0.4511976507473211,1.5803613220192654,0.9175749380205113,,
1998-02-07,119.6875324072,628.636830495358,72.85603727330347,3.3839226,0.4684131,0.7097976,0.54635996,1.1374990737988468,0.46504901659273346,1.6169264703591406,0.9314259449621669,,
1998-02-08,119.2292174072,617.1737304953581,72.75853555906201,3.4336205,0.4625736,0.83681655,0.554356,1.2572587787430913,0.4705993333172385,1.7424102798216485,0.9369750405945662,,
1998-02-09,122.4058314072,618.153060495358,72.66176687225261,3.5553703,0.4619808,1.1794358,0.6147821,1.572150377057576,0.5188158718530205,2.0723526201324853,0.9851884466885127,,
1998-02-10,112.5925174072,606.6757704953579,72.5673674016252,3.7861767,0.46422273,1.994428,0.7005176,2.2749040357465744,0.5953121273512147,2.8086955014636117,1.061678120298546,,
1998-02-11,106.8984924072,621.507430495358,72.4850079406559,3.9228148,0.5275142,2.5292244,0.9462518,2.733743213467094,0.8110860118696109,3.2894656234159076,1.277448012133963,,
1998-02-12,311.26344740720003,1886.278212495358,72.81529096880578,3.860496,0.47992635,3.3272996,1.1096946,3.402822424765098,0.9549381752128261,3.99052453388109,1.4212947848486532,,
1998-02-13,68.2338554072,1773.994130495358,73.21617194716703,3.3129559,0.4624102,3.1393127,0.9013059,3.1457442711284855,0.8680916297239255,3.7211589232783533,1.334450250022074,,
1998-02-14,211.3551374072,1137.388630495358,73.24610749659173,2.5855384,0.4903213,1.3907075,0.4813257,1.577943685416556,0.41310788482795335,2.0784228288275908,0.8794804030956294,,
1998-02-15,216.9757474072,987.092880495358,73.22183793106156,2.4059958,0.47812968,0.2828288,0.3279905,0.6654280586185507,0.28235293261799727,1.122292074347264,0.7487348340402342,,
1998-02-16,137.7871474072,933.668330495358,73.24142149059593,3.0489142,0.4362917,0.3836713,0.33043846,0.7264165056826195,0.29335996039644474,1.1861955607024186,0.7597412049997377,,
1998-02-17,82.7917834072,1002.910870495358,73.31412983441261,3.1222048,0.43735617,1.0602146,0.53308254,1.21745459810381,0.49355969684493206,1.7007035954115943,0.959935808153505,,
1998-02-18,288.3815774072,1580.7767304953582,73.5163091114047,3.3537178,0.47346884,1.225591,0.58352184,1.5539272752034405,0.49887081944495454,2.0532585163022796,0.9652435724671797,,
1998-02-19,384.7724774072,2501.633430495358,74.01499525865742,3.4737616,0.4167673,2.293683,0.79650044,2.4509934737282815,0.6925549198600691,2.993201412649213,1.158919352061275,,
1998-02-20,247.5620474072,2261.056530495358,74.39200491246676,3.771,0.41245094,3.0018606,0.8303004,3.077762829878152,0.749468599447521,3.6499282015191854,1.2158277640782331,,
1998-02-21,297.0057874072,1947.998930495358,74.63650860064564,3.6177535,0.4206686,3.1915913,0.762425,3.247970945008358,0.663895763838165,3.8282716827252803,1.1302535755485694,,
1998-02-22,239.1503774072,1644.672230495358,74.7667950107354,3.6559944,0.43198636,3.3919473,0.67885345,3.4254679280817952,0.5952051388352841,4.014252414846545,1.0615615749778764,,
1998-02-23,192.4241174072,1484.462130495358,74.84854573777787,3.4496264,0.44157606,3.3974462,0.8638743,3.4034338880520814,0.7664208763238384,3.9911652230230086,1.2327774812673786,,
1998-02-24,197.6893674072,1550.4687304953582,74.92577255823316,3.1203318,0.5306715,2.5019374,0.8982393,2.5718681312891882,0.7989195121098,3.119853465652185,1.2652828934777662,,
1998-02-25,176.74629740720002,1483.5863304953582,74.98876991160382,3.2562895,0.4416866,2.2775412,0.5457586,2.3817312120330287,0.48992276297176457,2.9206286516061244,0.9562878048396046,,
1998-02-26,163.9982624072,1367.864130495358,75.01212107897656,3.4306054,0.46237642,2.8443756,0.66025037,2.907136253350534,0.5916396857204267,3.471146257891321,1.05800023985008,,
1998-02-27,175.7070474072,1292.864230495358,75.01646763266714,3.734046,0.5011066,3.1630082,0.65488285,3.231329963519019,0.5796385103376253,3.8108353192051005,1.045996452859724,,
1998-02-28,320.27598740720003,1664.6561304953582,75.11198901947563,3.4818854,0.51229125,3.5007067,0.97147185,3.49766979750201,0.8189038670099301,4.089905286815302,1.2852597539105106,,
1998-03-01,783.4407474072,4429.435660495358,76.11710580858295,3.7052112,0.46162966,4.0187507,0.67794114,3.9716289626011676,0.5802164932680104,4.586518079857844,1.04656892276084,,
1998-03-02,489.6792174072,3913.209876495358,77.1417411974813,3.7869935,0.4464081,4.3257227,0.65827215,4.265806470542135,0.5871634473370811,4.894756267082885,1.0535138600929237,,
1998-03-03,313.5837274072,3151.3932129953578,78.21642662973419,3.4897819,0.44269997,4.071465,0.691404,4.018822133144844,0.6301062969987381,4.635966922631725,1.0964583962932541,,
1998-03-04,183.3448074072,2457.5362304953583,79.00491995627034,3.5084658,0.437058,3.887497,0.6896416,3.8611824729038875,0.6424797105535632,4.470792625495472,1.1088329227673268,,
1998-03-05,90.3630374072,2101.605530495358,79.63731944790577,3.2790656,0.432047,3.6798296,0.77620995,3.6633082605278466,0.7444240927024058,4.263460702167014,1.2107787421119982,,
1998-03-06,46.6200328072,1774.566630495358,80.56059790613003,3.44599,0.43700328,3.577426,0.699387,3.574061367720824,0.6815754271987843,4.169948112959056,1.1479307394767975,,
1998-03-07,49.6403584072,1559.581730495358,81.3838275034121,3.8098192,0.44026762,3.9753542,0.71113014,3.970247866898977,0.689327403762134,4.585070972502129,1.1556798429564905,,
1998-03-08,182.0101374072,1663.456430495358,81.77895029752412,3.2924743,0.46270618,3.9283576,0.7582433,3.865643264034112,0.6849829797732732,4.47546662719327,1.1513361601036092,,
1998-03-09,807.3500474072,4994.299130495358,83.35385087024005,3.4101548,0.5221,4.164598,0.65432143,4.059610645859225,0.5679333680410245,4.678704986825298,1.0342851840009746,,
1998-03-10,38.7789474072,4901.386630495358,88.25429242423766,2.8489285,0.45363444,3.8666124,1.0852487,3.8586238937146873,1.0767356978655014,4.468111754967094,1.543088928376935,,
1998-03-11,38.7789474072,4376.935430495358,90.77646967505198,2.3177052,0.46809402,2.489788,1.0051554,2.488276817781684,0.9963366193244307,3.0322667731016324,1.462700725618034,,
1998-03-12,38.7789474072,3188.261630495358,92.09842938928624,2.231721,0.46032062,1.3970413,0.6616415,1.4070715623386796,0.6537140164719184,1.899383602363724,1.1200882193197341,,
1998-03-13,38.7789474072,2070.732730495358,93.0025360425524,2.7138615,0.41932026,1.1028244,0.53403187,1.1324399858576817,0.5242714917658328,1.6116255753080146,0.9906484720796873,,
1998-03-14,38.7789474072,1752.136630495358,93.73514792047897,2.8439374,0.41400513,1.2329984,0.5272139,1.2678802608858872,0.5158759238564936,1.7535394325031497,0.9822515236269704,,
1998-03-15,38.7789474072,1547.969230495358,94.24266000739192,2.9295053,0.40158862,1.2623191,0.5124571,1.3030638824010812,0.500029332860502,1.7904047108575762,0.9664045774363077,,
1998-03-16,38.7789474072,1203.707930495358,94.541058969958,2.9837794,0.40179375,1.1253731,0.49252942,1.1833753797935451,0.47732196342097516,1.6649955069600786,0.9436984220892553,,
1998-03-17,38.7789474072,1033.759830495358,94.80912777169264,3.1820073,0.40085077,1.5542508,0.5709526,1.6131043567211458,0.5504999227498434,2.115264060029798,1.0168720985201527,,
1998-03-18,38.7789474072,1081.246030495358,95.09603773338377,3.0304022,0.3952917,1.925093,0.6923632,1.9633624910952452,0.6685314242527763,2.482263335929443,1.1349002653686462,,
1998-03-19,38.7789474072,1465.145130495358,95.62227465432252,3.345152,0.38056976,2.5118825,0.6979893,2.533368540810871,0.680062320165626,3.0795137263532704,1.146426034419468,,
1998-03-20,38.7789474072,1667.364230495358,96.3562745846657,3.6843987,0.3968769,3.85638,0.7752242,3.8524710201262597,0.7576578423251693,4.461664795053685,1.2240111168695056,,
1998-03-21,158.2334574072,2365.152430495358,97.0746113157156,2.9949346,0.45577902,3.4972625,1.3696095,3.465763100883864,1.2840437795508013,4.056473559166395,1.750399908431529,,
1998-03-22,132.2739674072,2046.1253304953584,97.62265964510226,2.7864141,0.40105414,2.223618,0.7456096,2.2577914142614754,0.7007589020353806,2.790764955168095,1.1671250485485913,,
1998-03-23,95.2544224072,1672.348830495358,97.96528619387524,2.937397,0.38646606,1.6913502,0.581196,1.7584984723926906,0.5502701633483732,2.2676075174255215,1.0166409378549632,,
1998-03-24,66.8975824072,1455.360330495358,98.25016896442966,3.0269408,0.4057469,1.9544394,0.62402326,2.0015718563725056,0.5968661713729876,2.5222989782547756,1.0632346572006939,,
1998-03-25,45.2234889072,1379.495330495358,98.5697823502934,3.184,0.45548478,2.8663101,0.78566813,2.8763942465985863,0.7608667908721923,3.438934888302923,1.2272275988892327,,
1998-03-26,103.5060374072,1898.409630495358,99.0986869889616,3.3810606,0.55286694,4.164679,1.1920447,4.124163237558839,1.1307732308173346,4.746342971746158,1.5971246022555472,,
1998-03-27,101.9604160191556,2699.280430495358,100.0,3.5453815,0.6384829,7.1114173,1.1596245,6.981619640194518,1.1176577111969639,7.7403760227017555,1.5839941801748203,,
1998-03-28,1185.2627245829128,2334.472930495358,100.0,3.606677,0.5001738,7.2850447,0.89197344,6.046363005252922,0.6151131083941661,6.760417317624822,1.0814534269654212,,
1998-03-29,1205.6261657745354,1955.892430495358,100.0,3.6365209,0.54559624,7.550896,0.87776953,6.05817260884593,0.5815311601424767,6.7727913799004655,1.0478714238679878,,
1998-03-30,1081.262523773864,1582.950730495358,100.0,3.8745184,0.5458086,8.6923895,0.93179387,6.737071741152639,0.5962994482190194,7.484139570030848,1.0626368271819688,,
1998-03-31,969.4736841976,1322.220130495358,99.9037945687444,4.4276166,0.6365541,11.145937,0.9932301,8.303831812673765,0.6331733041392378,9.125785417269308,1.0995060377308974,,
1998-04-01,1176.5723164352407,1262.931130495358,100.0,4.820695,0.80653584,11.375975,1.1389139,8.214363767259034,0.7063722010612581,9.032041105114965,1.172705124336243,,
1998-04-02,1586.3794449495451,1947.143630495358,100.0,4.533053,0.68518287,8.752465,1.3078421,6.85815499680732,0.7835896804484591,7.61101019140342,1.2499266003004128,,
1998-04-03,1198.9463310866774,1264.130430495358,100.0,4.640162,0.7059631,8.534434,1.253857,6.638828143354753,0.7295246981261985,7.381200264087163,1.1958624619213376,,
1998-04-04,982.8288310866776,2232.8286854248104,100.0,4.2187004,0.54301614,7.722427,0.94772935,6.651553085439798,0.6786728007250455,7.394533414905834,1.1450105140527156,,
1998-04-05,969.4736841976,2136.739290212395,99.84938877437098,4.325659,0.5017143,6.4552345,0.88638884,5.790577066834611,0.6295258661428337,6.4924056857106045,1.0958674117678588,,
1998-04-06,519.1653881597016,1762.7019500839222,100.0,4.5736175,0.51967764,6.385245,0.79120076,5.973067407134947,0.6225199764398658,6.683618440465277,1.0888606389750841,,
1998-04-07,969.4736841976,1419.7085899554488,99.53482605716314,4.7158575,0.59591013,8.296492,1.1000948,6.843554947959401,0.6969913872088463,7.595712310128341,1.1633283615307006,,
1998-04-08,54.9368420988,1330.226290083922,99.95465609790284,4.822461,0.63573056,7.4979177,0.82154256,7.391806588977712,0.7893622174883053,8.170168505482847,1.2556973137064253,,
1998-04-09,664.9843875823768,1993.8164836602623,100.0,5.242996,0.65201324,7.199807,0.81575006,6.7103952873993915,0.6330882506962924,7.456188072977091,1.099425733062394,,
1998-04-10,1414.5231326584906,4000.3460191188656,100.0,5.177432,0.653316,7.4638863,0.8732341,6.8665971542577084,0.6673125479692166,7.619855855121865,1.1336494364363898,,
1998-04-11,969.7514962705002,2485.7542286258827,100.0,5.328965,0.7350653,7.251851,0.89345515,6.712213291587562,0.6750104948747281,7.458092971550919,1.1413479701680456,,
1998-04-12,913.0782383941514,2295.5935580462465,100.0,5.5743,0.80941206,8.112687,0.9752988,7.39034891304456,0.7347954674503446,8.168641157622908,1.2011305682061044,,
1998-04-13,826.9106405345924,2039.310906525477,100.0,5.884782,0.9041982,9.525097,1.0795729,8.474858729528014,0.8112019199752654,9.304986836122922,1.2775343164470265,,
1998-04-14,644.6185905513821,1705.489195584346,100.0,6.2482305,1.0423967,10.456724,1.0842745,9.302362950159967,0.8372029334510862,10.172042929819412,1.3035341713292692,,
1998-04-15,564.7794492136372,1543.9509106814542,100.0,6.4115825,1.0587922,10.14045,1.0473459,9.141750249237274,0.8175895348032792,10.003753490819667,1.2839209363007578,,
1998-04-16,448.2868000364319,1319.6703744938304,100.0,6.5417933,1.165869,10.18791,1.0467033,9.263393340189912,0.8353559405808948,10.131210705703737,1.3016872154472123,,
1998-04-17,317.19751738765774,1085.2703972784216,100.0,6.6769056,1.1966733,11.069028,1.000095,10.075657382113192,0.8198646703096386,10.982298192245224,1.2861955334272064,,
1998-04-18,313.55621182907896,1029.244112952152,100.0,6.789158,1.212075,11.944338,0.930159,10.7405559606885,0.7670827067240826,11.678976650034343,1.2334137944833725,,
1998-04-19,711.1418562872899,1451.933107684751,100.0,6.724224,1.0172,9.863849,0.8788969,8.831652160356661,0.6781397520845944,9.678833773307849,1.1444715529614529,,
1998-04-20,2349.359012558246,6630.093291111708,100.0,6.3629513,1.0932664,8.94582,0.9568792,8.270045279385444,0.7622299879132265,9.09038400318329,1.228562792060643,,
1998-04-21,1379.5182392304273,3856.613809740322,100.0,6.713279,1.1403059,8.844791,1.004593,8.283220287110682,0.7985862985858807,9.104188731241283,1.2649190750648875,,
1998-04-22,919.5636384545696,2782.3436903408688,100.0,7.200036,1.3165646,9.724461,1.0662284,9.09738682045399,0.8655373480873382,9.957269641789336,1.3318687999791368,,
1998-04-23,750.5950078926822,2357.2266948374304,100.0,7.2839546,1.4730191,10.339792,1.0423601,9.60175233478165,0.8669670594567963,10.485742103614598,1.3332980711014721,,
1998-04-24,619.6645784445205,1929.4781452228503,100.0,7.770341,1.5316919,10.708984,1.0809658,9.994637060843065,0.8989321431622548,10.897405376572499,1.3652630134683101,,
1998-04-25,523.6890384445204,1599.1046952228503,100.0,7.7593913,1.4512098,10.79842,0.98881054,10.048697563714525,0.8264425386625032,10.95404978668463,1.2927734033385605,,
1998-04-26,571.4962466785887,1757.2681593549023,100.0,7.2555532,1.1673703,9.275474,0.9448946,8.779769995314048,0.768410980887212,9.624471818126507,1.234742859324,,
1998-04-27,546.8366935903538,1839.6559908547613,100.0,6.951851,1.1488163,8.258209,0.8580346,7.958872600113017,0.7118838227846234,8.764338333532232,1.1782173381347134,,
1998-04-28,337.3120550265062,1188.9323509623248,100.0,6.7020106,1.1838667,7.7738943,0.83590364,7.536999560438452,0.7017620012528158,8.322301204662066,1.1680966576724576,,
1998-04-29,478.67623619684775,1322.8089116225865,100.0,7.0725813,1.226859,9.780171,0.956264,9.060732190917475,0.7741559414583952,9.91886304625856,1.240487436686085,,
1998-04-30,476.1092830061611,1257.0756675532634,100.0,7.3862205,1.438734,10.87542,1.0650921,9.916929808369574,0.8677394284630864,10.815983983059729,1.3340703127175262,,
1998-05-01,320.2520399190248,990.6215208616776,100.0,8.365764,1.9100804,11.71162,1.0237147,10.894213179730361,0.9034581452880776,11.839978158895478,1.3697893568922752,,
1998-05-02,388.91754012335673,1148.538308008135,100.0,8.683688,2.1219044,12.196486,0.9911234,11.307882823701965,0.91450239587692,12.273419797789987,1.3808340751053143,,
1998-05-03,1371.986164372272,2155.068958629204,100.0,9.868506,1.936817,13.108327,1.4112637,11.84807190624239,1.145063167780052,12.839428071931843,1.6113957523263236,,
1998-05-04,1017.5001060133372,2003.7010004828785,100.0,10.464511,1.8944495,12.540186,1.3119806,11.841126359328925,1.0789765414019392,12.83215055161808,1.5453091121899059,,
1998-05-05,934.7890426367852,1999.603102860493,100.0,10.987536,1.8672698,12.375865,1.2347463,11.933594742681233,1.0304345211520467,12.929038607607271,1.4967672796314582,,
1998-05-06,935.6150592658992,1933.0846019009748,100.0,11.755863,1.6714582,12.503308,1.2763019,12.259532028130472,1.0182571796652726,13.270554581140113,1.4845906777189157,,
1998-05-07,811.1434900827495,1765.9379897960605,100.0,12.579963,1.7796056,13.180844,1.2473432,12.991715176600085,1.0219246425543924,14.037733581263687,1.488260245038168,,
1998-05-08,742.4731834833713,1571.3610423895732,100.0,11.882216,1.7972835,13.369707,1.1655258,12.892394641109876,0.9793471562130034,13.933665863687313,1.4456824372852086,,
1998-05-09,806.4391957204916,1793.359458162408,100.0,12.046359,1.7710959,12.825649,1.1505576,12.583918941089438,0.9652567455569335,13.610446079677327,1.431591100308759,,
1998-05-10,2012.6333469016577,4428.2241767358855,100.0,11.877945,1.9104798,11.768059,1.2356343,11.802395907921277,1.0383076812719536,12.79156891702657,1.5046401763511796,,
1998-05-11,2495.569439046428,6505.254146388267,100.0,11.77982,1.9157019,11.264826,1.16702,11.407613292083997,0.9967592321530053,12.37791704164913,1.4630910534011707,,
1998-05-12,2098.6733222921525,5463.486785890031,100.0,12.254113,1.8159714,11.158183,1.2301921,11.462328901417678,1.0217285616858824,12.435247870073008,1.4880604656838288,,
1998-05-13,1444.369306016726,3677.472965995385,100.0,12.31877,1.7449832,11.1450615,1.2369251,11.476049649527948,1.0153277025668048,12.449624423040916,1.481659627852482,,
1998-05-14,1104.358838074461,2771.076093985408,100.0,12.663141,1.8823757,11.743731,1.3024167,12.005729354548626,1.0747128806379964,13.004621007342092,1.5410457923258467,,
1998-05-15,896.6972123674495,2214.838735255795,100.0,13.408736,2.1622305,12.637257,1.3841243,12.859585280670611,1.1657530532451972,13.89928832797224,1.6320882306220292,,
1998-05-16,722.597593421599,1725.7348916136198,100.0,13.485622,2.3640268,14.203569,1.325024,13.991675487662869,1.1657980676787028,15.08548857700195,1.6321375347566585,,
1998-05-17,646.214980440764,1303.8893428546326,100.0,13.159472,2.5333903,16.18288,1.3307351,15.180999898630205,1.2232910204944847,16.33165862931141,1.6896365729935112,,
1998-05-18,518.7075442406468,980.3787228622722,100.0,12.61667,2.6301298,17.355824,1.2872355,15.71600136952723,1.2397183590698007,16.892231341706275,1.706067176544878,,
1998-05-19,432.2354117289712,770.57752014299,100.0,12.7289095,2.7281115,18.055038,1.3408561,16.141073709338816,1.303459264120245,17.33762068632375,1.7698109090641765,,
1998-05-20,387.7894737036,730.5474074955041,99.98642586091358,13.081794,2.901176,19.337788,1.3812269,17.16848730312401,1.3513477356825399,18.4141411378542,1.817707068020951,,
1998-05-21,251.71344544492257,637.282004362061,100.0,12.437606,3.2598503,19.711283,1.2629658,17.651787074679923,1.2929137407857785,18.920540986412867,1.7592771067870951,,
1998-05-22,408.3560837036,647.0828604953581,99.89680203798204,11.928601,3.2834156,19.335934,1.1912105,16.469989355230457,1.4653408762243612,17.682257375747124,1.9316948508371767,,
1998-05-23,131.7242122964,482.940010495358,99.9558278930712,11.1915865,3.3023996,16.324152,1.071096,15.224229267086917,1.0995801281963948,16.37695421380815,1.5659259323565529,,
1998-05-24,126.5334092964,457.217230495358,99.9524619379471,10.1107855,2.9671922,18.344734,1.1387993,16.559948821357683,1.099656837494965,17.77651659684418,1.566011470826257,,
1998-05-25,161.33446129639998,461.2520504953581,99.93254125608742,9.438827,2.6859636,19.631716,1.2163825,16.990373151177227,1.1386711001126042,18.227513738297134,1.6050290132544438,,
1998-05-26,184.4566162964,480.94873049535806,99.90161610598552,9.053972,2.6211414,19.425312,1.2429523,16.55027916968998,1.1554510680729733,17.766384768880812,1.6218056301553518,,
1998-05-27,159.6530032964,416.12653049535805,99.8441902025601,8.820852,2.1793408,21.641087,1.3278036,18.08627299325794,1.134043147204044,19.3757938466831,1.6004103674655077,,
1998-05-28,132.5591942964,381.0334604953581,99.76755861966647,8.672881,1.5180097,23.271835,1.4105113,19.503818809845612,1.117397727875831,20.8610935076657,1.583779023998947,,
1998-05-29,125.4289222964,364.1547004953581,99.68456914504304,8.325169,1.2141106,24.515736,1.7887036,20.36779178635139,1.3663233453121248,21.76636143910458,1.8327143474018814,,
1998-05-30,137.17969629639998,400.44389049535806,99.62808998799714,8.1206045,1.0190834,24.783787,1.4824133,20.53201966798633,1.134366705841589,21.93843885209674,1.6007596494184242,,
1998-05-31,117.2424892964,388.018380495358,99.58762950524964,7.7184067,0.93311393,23.636414,1.4764571,19.942743898180876,1.154343588400949,21.320997714833034,1.6207297088001684,,
1998-06-01,125.83915859827708,633.785830495358,99.97400332796973,7.631874,0.93519664,20.92124,1.2314267,18.71972906716917,1.0390438233183705,20.039526955566025,1.505417049662698,3.039158598277088,4856.960841401723
1998-06-02,240.68700055684954,574.2518134648947,100.0,7.5306225,0.8326273,21.189133,1.2660896,17.155178487357237,0.9254287093667066,18.400196206187687,1.3917879344076072,3.15542529600308,4853.80541610572
1998-06-03,605.2342106792903,887.519002522179,100.0,7.4812636,1.1614178,23.231846,1.4038901,16.845799513793615,0.9583535360511393,18.07602997524684,1.4247103239192445,3.2678731968926544,4850.537542908827
1998-06-04,428.715663251928,484.583160495358,99.89122618678276,7.3962784,1.2008923,21.754911,1.363175,15.014761618890052,0.9170121828664273,16.15747472805681,1.3833567875162902,3.382854548327972,4847.154688360499
1998-06-05,159.52387167473626,332.56529049535806,99.99926086681695,7.5073514,1.1269615,17.7282,1.1145808,14.414839002432647,0.8371794588996536,15.528877861265611,1.3035209057803692,3.476656674736264,4843.678031685762
1998-06-06,144.52281667056064,266.23611049535805,99.99887177518224,7.345337,1.0540448,18.308428,1.1698569,14.45113665762007,0.8440852960537543,15.566910420293668,1.3104269222928142,3.6325096705606486,4840.045522015202
1998-06-07,194.16256234275838,243.68790737552607,100.0,6.9086537,1.0526295,19.317139,1.7302929,13.814659180488567,1.0701691298597276,14.90001149544469,1.5365078295083545,3.838438186124369,4836.207083829077
1998-06-08,414.3735786776234,347.70261330550466,99.76195118470032,6.920376,1.0768038,21.86821,1.9820737,13.740430045469212,1.077328816008543,14.822234461511016,1.5436672045122228,3.987146974023398,4832.219936855054
1998-06-09,139.9828848032595,223.51216049535805,99.79228416942183,7.348195,1.0511771,19.408607,1.2735013,14.764111381867153,0.8815184361746944,15.894844266509187,1.3478616714328366,4.084477803259523,4828.135459051794
1998-06-10,143.29374291281803,379.7745469901585,99.80456561588274,7.523041,0.93665045,20.426556,1.1375049,16.89165784484739,0.8648295766067752,18.124080177766125,1.3311867188199298,4.23641451213335,4823.89904453966
1998-06-11,152.78321441888997,269.9073991233821,99.80353862833378,7.180297,0.92481035,22.484814,2.0128045,16.95293482715698,1.3280268256461045,18.188285990365227,1.7943844450972404,4.494711698193341,4819.404332841467
1998-06-12,465.7002288926755,771.770130495358,99.7835784385394,7.07599,0.8830273,21.232328,1.7588929,15.904839237552517,1.1461946441663209,17.09009501431321,1.6125446922321514,4.716358892675506,4814.687973948792
1998-06-13,512.3425643995464,1366.6056362430866,100.0,7.177961,1.0290189,17.852003,1.1380641,14.941456567227645,0.8740062123191531,16.08066594550572,1.340350409043245,4.905411811252676,4809.78256213754
1998-06-14,1056.8782562594108,3151.309974230056,100.0,8.274904,2.5044289,16.927114,1.1871866,14.75412878222108,1.0890307129645742,15.884384532723843,1.5553738951720268,4.85703276390982,4804.92552937363
1998-06-15,2203.7543479535007,3478.4925211222976,100.0,10.666233,4.274308,17.126549,1.9662342,14.621034812726977,2.0486142565784005,15.744929126446895,2.514956742371865,4.318218516107463,4800.607310857522
1998-06-16,1557.7360188266027,2274.139101114123,100.0,13.144885,3.9871888,16.248697,1.7441038,14.986933800637733,1.923185903064166,16.128316835216665,2.3895303521349325,3.598751709380607,4797.008559148141
1998-06-17,1447.2642002411706,1958.4669577782608,100.0,15.181361,3.9399345,15.6792345,1.7271137,15.467663426715474,1.9466878945137815,16.632023694128907,2.4130351557382026,2.970969403586703,4794.037589744555
1998-06-18,1650.9686528560349,1867.607057002465,100.0,16.214006,3.4885173,15.675279,1.918114,15.928057832834678,1.9276582315624702,17.114423379081064,2.394008433751261,2.6868209510001635,4791.350768793554
1998-06-19,1272.80158322304,1398.627887055304,100.0,16.324842,2.955519,15.651009,1.8427417,15.972056493199187,1.706950664048593,17.160525025009097,2.1733011599876937,2.7172700855713847,4788.633498707983
1998-06-20,972.0575216750302,1057.971703754704,99.98034573578978,16.897255,3.0181856,16.008059,1.7457299,16.433840617526204,1.7077540341383817,17.644380851948885,2.174107746662625,2.583837477430138,4786.049661230552
1998-06-21,616.4113847342901,825.1453635713859,100.0,16.664728,3.5425603,17.263893,1.4102948,17.007689474814807,1.7164738588854307,18.245657723011696,2.182831908409983,2.7346269718928706,4783.31503425866
1998-06-22,972.5806256270013,650.270370495358,99.60303088258766,15.885697,3.5500555,22.310751,1.709071,18.460192492597255,2.235060143764295,19.76758541991097,2.701430853839881,3.1069414294011963,4780.208092829258
1998-06-23,391.29328060591996,393.793780495358,99.77372777015492,15.157653,3.7669826,21.49697,1.4314463,18.33740639059687,2.0101008940684055,19.638930561958258,2.4764704405433395,3.5038069023199987,4776.704285926938
1998-06-24,392.88463077742404,423.671240495358,100.0,14.727141,3.8916347,22.03571,1.4554242,18.519202866947065,2.0189934802289518,19.829416288437827,2.485364755658672,3.8098668551910353,4772.894419071747
1998-06-25,973.3358808650572,483.932590495358,99.47155534334593,14.897443,3.6570995,28.573912,1.9659734,19.4391515893292,2.5283858229104332,20.793335415062437,2.994766426886597,3.862196667457174,4769.032222404289
1998-06-26,391.9016954193441,506.082280495358,99.46066962762848,14.657747,3.777089,24.330666,1.4965796,20.109172565318335,1.8516607306916746,21.495381103351725,2.3180487379242543,4.1122217157441066,4764.920000688545
1998-06-27,392.2855598626445,472.9484304953581,99.43098090697356,14.198082,4.018414,25.583757,1.5369022,20.42164390247421,2.006254240505303,21.82278750229382,2.472645875831918,4.496086159044524,4760.4239145295005
1998-06-28,392.93684418374926,491.8246804953581,99.35756303073715,13.328347,4.10077,26.047894,1.5314937,20.398938127428465,2.010373683028547,21.7989964688167,2.4767650509579595,5.147370480149286,4755.276544049351
1998-06-29,406.6832048058138,657.840130495358,99.26869970493117,12.706332,3.920631,25.544527,1.501832,20.63991101470616,1.7620370666558238,22.051487036381662,2.2284313024979485,5.740873102213749,4749.535670947138
1998-06-30,909.913688474769,1013.375030495358,100.0,13.028816,3.72989,26.874218,1.7017741,20.32391669159729,1.979366095917735,21.720389264800744,2.4457565845397355,5.854453031654588,4743.681217915483
1998-07-01,1550.9238183542677,1929.159135905228,100.0,14.557895,3.7214108,22.16873,1.7634652,18.776906785033965,1.9251404103391947,20.099437572892505,2.391514201388649,5.242641732809766,4738.438576182673
1998-07-02,1039.6425820505438,1389.288530495358,99.97610694126342,14.761344,3.7207255,20.146805,1.6640397,17.84169438530802,1.8553055950856714,19.11952521732332,2.3216706191697365,5.367927852943586,4733.07064832973
1998-07-03,495.2348683776169,1136.7124162518123,100.0,13.970827,4.0350227,18.87779,1.331185,17.38871088894565,1.5359310819652232,18.644890658281447,2.0022922191830075,6.162171711741564,4726.9084766179885
1998-07-04,1000.0940003005975,1024.8836928371406,99.58719336566536,14.059041,4.095932,24.309128,2.1769807,19.246824983077182,2.3034976340023423,20.59181625446719,2.7698762077238,6.426125102997537,4720.482351514991
1998-07-05,451.3886614348863,1164.3284370416352,99.76901792795547,12.987721,4.214967,19.019588,1.4037466,17.33444421719481,1.5523893352420473,18.588030225122257,2.018750022558793,7.624044731286371,4712.858306783704
1998-07-06,396.9297902892188,1007.395873268582,99.5853976135973,11.761015,3.7958205,19.78415,1.3158283,17.5164266105191,1.4290008989424714,18.778710754771758,1.8953631082842255,9.140316585618864,4703.717990198085
1998-07-07,404.99615545726243,933.7242570686286,99.34576120044532,11.221219,3.440304,19.73957,1.2729268,17.162557823759585,1.3680161526298373,18.407928249645067,1.8343754371389482,10.350658453662513,4693.367331744423
1998-07-08,1520.463032109035,1395.8191952412471,100.0,13.446503,4.526261,21.710842,2.269309,17.402060734063713,2.5978204408477086,18.658878580361993,3.0641816892592972,9.110473053445395,4684.256858690977
1998-07-09,3656.6892972659944,3240.585619169864,100.0,15.312353,4.17218,19.004984,2.2683387,17.047282698089855,2.4553002300256788,18.28714336701663,2.9216585926733396,7.930427557573446,4676.326431133404
1998-07-10,2025.1255417266532,1519.7298766766917,100.0,15.953088,3.4426696,19.007711,2.1926246,17.262648340151912,2.179843172793416,18.512802750578636,2.6462032700572644,7.800933905424233,4668.52549722798
1998-07-11,1352.3785620565025,841.1148997724983,100.0,16.12142,3.3137593,18.944775,2.1317186,17.204060800952085,2.2005260367023127,18.45141492727654,2.666885656833461,8.119064152337426,4660.406433075643
1998-07-12,1030.7788116518407,637.0635753836866,100.0,16.35326,3.6288633,18.810452,2.0654516,17.291830251544795,2.37746830130494,18.543379457582724,2.843828637688668,8.392543422785185,4652.013889652858
1998-07-13,978.5108199876743,943.7444933624556,99.81887006040604,16.282637,4.024437,18.32188,1.9498899,17.283817389549878,2.2612511353424405,18.534983608175047,2.7276114059708836,9.037135790074219,4642.976753862784
1998-07-14,487.4078898277866,932.1479070360645,100.0,15.44947,4.295611,18.269833,1.4192382,17.301454190720815,1.7446677242944675,18.553463388153567,2.211028139751381,10.777310013059068,4632.199443849725
1998-07-15,981.2983508109462,999.9373721608436,99.55332064331267,15.318351,4.576309,24.203299,1.7568496,19.8026184783566,2.4338899564299177,21.174174778935942,2.900274512758031,11.824666613346208,4620.374777236379
1998-07-16,402.1174641173485,819.2741860127913,99.63551263735924,14.450638,4.46864,21.859968,1.4513656,19.42060228826377,1.7641468748042328,20.773899520813693,2.23052728112579,14.327990413748575,4606.04678682263
1998-07-17,404.43757328164304,845.9697332243579,99.50944066869047,14.030309,4.38967,21.643852,1.4171528,19.181292198117628,1.713224711645077,20.523151226399186,2.1796026032446343,16.648099578043112,4589.398687244587
1998-07-18,409.23688106420923,809.3844733063187,99.28481310314466,12.708621,4.405687,22.194818,1.3820088,19.009167882162156,1.7411241409406295,20.342799956518583,2.2075002643084654,21.447407360609223,4567.951279883978
1998-07-19,415.6215970419132,676.5643328091348,98.98645667424168,11.42039,3.198184,23.8959,1.3968223,19.14845663587785,1.493280437233556,20.4887462365271,1.9596579888988164,27.832123338313046,4540.119156545665
1998-07-20,422.8314990727764,553.4361072229024,98.7123581720659,10.790371,2.636105,25.306227,1.4664185,19.019260918837176,1.4122994319466406,20.353375405845348,1.8786756580651762,35.04202536917647,4505.077131176488
1998-07-21,432.71647954464936,478.2237783111344,98.45259196072853,10.255518,2.4240677,27.157112,1.5582602,19.128486466500483,1.4124899589859135,20.467821561318104,1.878867304510377,44.92151653413897,4460.155614642349
1998-07-22,564.7398611291261,600.3644206359431,98.08124594758397,9.792069,1.9813803,29.75008,1.7062603,20.07619567393439,1.3020697459668236,21.46082802928549,1.7684573768182592,58.96498647493179,4401.190628167417
1998-07-23,649.2973109273792,657.2771640057358,97.68196751447164,10.142549,2.3941643,31.703773,1.8711048,20.989003203565076,1.517081829349017,22.41726463855608,1.98348033762753,75.76587383030238,4325.424754337115
1998-07-24,574.0386276227496,630.4746366263435,97.38546708983954,9.823975,2.2921138,29.656128,1.694498,20.204657022147664,1.4070972836466928,21.59542939082021,1.8734863877016101,103.13002154331022,4222.2947327938045
1998-07-25,627.450838044647,629.2701824980693,97.04216645480405,9.383941,2.0470178,29.139912,1.7684085,19.27622645067357,1.3522655217447208,20.622623011710793,1.8186444030978532,135.62808719754102,4086.6666455962636
1998-07-26,597.7003483143749,687.3494348195106,96.7275017501198,9.358422,1.7158078,27.610943,1.7255256,19.12135898145901,1.2201352572493118,20.460353406855738,1.6865125293111871,151.9222939253886,3934.744351670875
1998-07-27,600.2381213419368,684.3227948195102,96.37277631547268,9.143136,1.5042702,28.439121,1.8519623,19.422666072205054,1.2113788579807023,20.77606194657268,1.6777592862737396,130.4879983784968,3804.256353292378
1998-07-28,592.9192862429395,675.5562748195102,95.9716510024879,8.944024,1.4202569,28.507584,1.9573423,19.363054460292673,1.2358700197601273,20.713601103382988,1.7022498153765944,89.2430897103323,3715.013263582046
1998-07-29,535.0282769132285,677.8772748195103,95.59080123639843,8.831289,1.3517861,27.64451,1.880916,19.345755936190326,1.2085631684069393,20.695475768960595,1.674942781189412,60.145002759459125,3654.8682608225868
1998-07-30,513.0059853246856,686.9848148195102,95.2086740496078,8.785884,1.2847476,27.42149,1.82556,19.454614202367214,1.180650857906019,20.80953708814737,1.647031626946832,43.275915559866775,3611.59234526272
1998-07-31,488.3009299439522,678.4538848195102,94.8333222568076,8.681398,1.2547647,26.67311,1.7556596,19.143361641670257,1.1480384355839737,20.483407719012753,1.6144159346131521,33.29501222801486,3578.297333034705
1998-08-01,354.2712427364524,670.3547048195105,94.58388006134412,8.774996,1.2002244,24.143112,1.4904554,18.829483632591682,1.059751406195503,20.15452741403852,1.526125719809647,26.46121913194181,3551.836113902763
1998-08-02,404.59607620812716,667.0536948195085,94.19613320921844,8.790261,1.1343051,25.46342,1.5383532,19.16855184051229,1.0489575031549825,20.509801923251047,1.515335262712011,21.868267501953913,3529.967846400809
1998-08-03,476.9882135827986,667.7618262485258,93.6143790933716,8.728878,1.079901,28.046368,1.723931,19.997261249927902,1.1016930612513902,21.378120809635323,1.5680797962362636,18.604996521217693,3511.362849879591
1998-08-04,526.6507194626423,659.0723648195093,92.99031025869176,8.608336,1.0580556,29.70372,1.9307454,20.333995305612135,1.1715700957313282,21.730949602113476,1.6379607021080564,16.208494487490842,3495.1543553921
1998-08-05,362.74258602718317,490.75299556132114,92.48090226950008,8.433121,1.0324197,27.820017,1.8085252,19.580427822446236,1.1286714801420086,20.941364169193825,1.5950536024151758,14.417071575858712,3480.7372838162414
1998-08-06,341.99079285446646,458.7525518882852,91.95330480231333,8.379162,1.0291122,27.186605,1.7508616,19.15410340776183,1.095152256187684,20.494662904804613,1.561529866224087,12.863663253566614,3467.8736205626747
1998-08-07,345.86100545012766,460.6407866925712,91.4003389100429,8.428094,0.988223,28.139874,1.7133628,19.68665495490032,1.0664246690609243,21.052668595459927,1.5328079479890113,11.50277849237726,3456.3708420702974
1998-08-08,357.7058893130125,475.2442460525946,90.83136478509763,8.607394,1.0223285,29.902243,1.8262908,20.757286226346796,1.1307142810137476,22.17447238191163,1.5971099378288605,10.280158747019552,3446.090683323278
1998-08-09,371.6720555364522,488.2018698668532,90.2432550508918,8.664698,1.0566856,30.515398,1.9221022,21.07064748170638,1.1830183152340126,22.502811234105536,1.6494178428359052,9.357699549436832,3436.732983773841
1998-08-10,358.3026167124079,474.50175717310935,89.67889075806477,8.476273,1.0080558,29.895782,1.8849471,20.680333222217868,1.1582395518363124,22.093841287236025,1.6246342752613636,8.727166877542626,3428.0058168962987
1998-08-11,276.2074367213183,364.4249159322295,89.26149058042982,8.721525,1.0004766,29.773056,2.0854728,20.696728011960282,1.262312660681068,22.11101969188534,1.7287075823967324,7.951099663590589,3420.0547172327083
1998-08-12,316.9979353693238,435.20147675365183,88.74140772188666,8.672967,1.0311793,30.091612,1.8760659,21.06519399493189,1.1691993885999648,22.497097089305036,1.6355988478779189,7.410294548350662,3412.644422684358
1998-08-13,346.22996319347374,458.8364387413175,88.18269730456036,8.73882,1.0303413,30.182968,1.804733,20.960615080381576,1.1199691132124812,22.387519660124354,1.5863672688527475,6.89852557548522,3405.7458971088727
1998-08-14,347.1524961581563,453.0287500857048,87.6215356308555,8.525027,1.0133063,29.45574,1.9651059,20.375110812215038,1.1962653231087286,21.77403028938567,1.6626564110668307,6.569313495649496,3399.176583613223
1998-08-15,326.3185178513346,427.4648636536299,87.10370892446126,8.6595745,1.0359402,28.588497,1.9153731,19.96111605725447,1.1751334345433242,21.34024800030826,1.641519761676148,6.135008591906248,3393.041575021317
1998-08-16,348.59900099239013,458.57916589638,86.52894480731716,8.793655,1.0947222,29.802624,1.9124436,20.729403386464426,1.1849158508644868,22.145256837595603,1.6513111686966804,5.728163498655832,3387.313411522661
1998-08-17,329.35402992968386,442.57573069227664,85.99850278407958,8.527681,0.9592556,29.307678,2.0486174,20.44161804356944,1.2438133570490162,21.84371633905522,1.7102052280907711,5.518064671997209,3381.795346850664
1998-08-18,275.59086246243686,387.95840347702176,85.55809377262622,8.79282,1.05417,28.065563,1.9208188,20.06104537623564,1.2053752490389942,21.444953599145443,1.671762707389621,5.155086896309706,3376.6402599543544
1998-08-19,282.3983170473802,380.8612180053038,85.08694738527053,8.918576,1.1109022,26.756004,1.8048488,19.16130058980326,1.1392236709265828,20.502204087545287,1.6056013554136948,4.875714261925949,3371.7645456924283
1998-08-20,318.138314479361,428.4672397679808,84.54045326061659,9.078273,1.1698645,25.507105,1.559286,18.506566357925138,1.0243341432436792,19.816175797480398,1.4907052972731594,4.606525729480876,3367.1580199629475
1998-08-21,336.0178315078747,443.59651583408754,83.97288062846022,9.078497,1.15966,26.440733,1.6550754,18.957519084292148,1.066148985155876,20.28868252266297,1.53252458454376,4.4003616074645695,3362.757658355483
1998-08-22,341.2992961455685,447.2233726176989,83.4045078825854,9.131205,1.1462069,27.424742,1.6827536,19.506679782806156,1.075645494562523,20.86409122535401,1.5420268214176895,4.194525818662075,3358.563132536821
1998-08-23,337.4184757824749,440.60596369105,82.85024869652958,9.109535,1.1461147,28.64465,2.0070715,20.172539693916857,1.2405626674918946,21.561776964087564,1.7069514014541576,4.022193505252524,3354.540939031568
1998-08-24,338.44806973613714,439.1033985296981,82.29144870236141,9.199662,1.1753917,29.788391,2.5645177,20.8266492344245,1.5359618966025468,22.247150704669867,2.0023584005476316,3.832684651032736,3350.7082543805354
1998-08-25,346.7116354808194,447.7358136305865,81.69598561609857,9.269958,1.1024992,30.534098,2.6209,21.254031621204135,1.553480831461787,22.694960508603963,2.0198826763850866,3.664582200070841,3347.0436721804645
1998-08-26,144.09744205684225,169.993981240936,81.333567689602,9.597674,1.1046014,30.331087,5.0320206,20.81910582382257,2.7701996227097716,22.239246744827025,3.2365960342606535,3.458444630497777,3343.5852275499665
1998-08-27,164.2428145977236,182.57573573259145,80.94795065100654,9.695609,1.2853968,30.482971,5.355569,20.638702896357415,2.8842995446484254,22.05022117410559,3.3506937659466707,3.3187347416050605,3340.2664928083614
1998-08-28,269.9704853773244,325.7001274850972,80.40966051485977,9.796079,1.2923796,30.42094,4.0218797,21.073318058221528,2.2757487382800736,22.5056094550492,2.7421482993526514,3.180893973610262,3337.085598834751
1998-08-29,299.0253521150515,363.1842089815033,79.86696178962148,9.598212,1.2150059,28.77848,2.8378816,20.117496431517147,1.6502855595156303,21.504102821901128,2.1166736619490374,3.1328509622213963,3333.95274787253
1998-08-30,310.7906575457441,381.3034472602627,79.33723782906041,9.751753,1.3032283,26.819464,1.8872893,19.155065132526037,1.1931656808233726,20.495670596725056,1.6595433008048368,3.0078685491434154,3330.9448793233864
1998-08-31,320.91998220402917,400.88924611934567,78.79588715330567,9.854852,1.4214022,26.698746,1.7216004,19.209866461157276,1.1461389134939846,20.5530912415359,1.6125171019154163,0.0,3328.0506397116437
1998-09-01,330.77779319251044,419.6121822254373,78.25316067185271,9.787805,1.2777314,25.618622,1.5454439,18.64027329158831,1.0315397968804363,19.956273465518382,1.4979122447014586,,
1998-09-02,309.6208983518763,411.32658781886033,77.7709112327948,9.378417,1.2568316,22.33215,1.3566437,16.7689894035757,0.9436328736942311,17.995548604322735,1.4099890734419729,,
1998-09-03,269.8701656935566,368.216845549312,77.34742130575506,9.836337,1.2597752,22.251265,1.2821118,17.000540959578338,0.9117422149887082,18.238167533182903,1.3781002081702631,,
1998-09-04,311.1810417963165,415.8290611836471,76.82030008696346,9.858686,1.2300271,23.771986,1.282369,17.816697306297332,0.9028726154344604,19.09333336338416,1.3692374189117857,,
1998-09-05,334.95052575060726,438.0070851992334,76.25995266766598,9.801533,1.374072,24.366718,1.4347138,18.055095911565424,1.007726442071384,19.343126607059205,1.4740933785762622,,
1998-09-06,338.7841030916283,434.9503885201792,75.70600919067024,9.852749,1.1778499,24.79088,1.620734,18.250133370610985,1.0469259454850028,19.547486189944944,1.5132946753858034,,
1998-09-07,288.8938904972794,377.8852867445149,75.27275789458646,9.7060585,1.2080079,24.489845,1.680639,18.084507762193567,1.086803395434115,19.37394424360799,1.5531705995997351,,
1998-09-08,162.6460314219713,243.5737299203728,74.97873137642709,9.802438,1.3603052,22.481428,1.7845469,17.404896521362787,1.2006735464714506,18.661849908600306,1.6670348185291815,,
1998-09-09,250.2750781131352,374.3112352277034,74.60583712166778,9.627986,1.2288859,19.867283,1.546275,15.764341800641082,1.0493826424734791,16.942882280183873,1.5157317710827003,,
1998-09-10,301.38052823425033,435.3998220230385,74.17974790402799,9.676325,1.307001,19.529886,1.4970996,15.499279920388336,1.0337023742155926,16.665151348123754,1.5000498296518399,,
1998-09-11,321.8420134343754,453.1190093998683,73.75002307663739,9.760999,1.2437555,20.774065,1.5402443,16.200328629669993,1.038195302193626,17.399707789293945,1.504547357696047,,
1998-09-12,341.28286889330934,476.1604747859669,73.26306002761334,9.863297,1.1195209,21.933567,1.5542886,16.894225465810468,1.0189026751644064,18.126770522234263,1.4852598372885373,,
1998-09-13,302.27326178502983,411.50367325023575,72.69398625289601,9.899888,1.2255238,23.07468,1.6593268,17.49536381744635,1.088341840989745,18.756641232189683,1.5547038722330748,,
1998-09-14,355.70952524632645,471.3106142734281,72.05366589232183,9.9885435,1.1309223,23.710608,1.9626536,17.80861234853814,1.2196887443120472,19.084861972281125,1.6860534765901172,,
1998-09-15,348.61858341792464,458.3584437776777,71.47938353588144,10.00005,1.152038,24.81649,2.2264395,18.41570507907385,1.3590137759347105,19.72097166009376,1.8253840624271813,,
1998-09-16,331.8726757691965,446.63107937695656,70.94929419329186,10.146009,1.5242141,24.310165,2.112711,18.272048944804382,1.375250276170511,19.57044925367014,1.8416192103064744,,
1998-09-17,309.6609670472535,482.3599353519066,70.39239202735011,10.244058,1.4929684,21.741808,1.6055051,17.246466387296863,1.1387707858629432,18.495847355692355,1.6051307509497725,,
1998-09-18,317.0102575581513,487.24102958081374,69.82875968683885,10.173029,1.4836842,21.192629,1.542562,16.849053335059622,1.1024372638778657,18.07943931804673,1.5687940768088202,,
1998-09-19,321.41540269904,486.4784993807148,69.2641531243097,10.214282,1.5203894,21.292877,1.5668217,16.885329230897014,1.1207209063358414,18.117449077702204,1.5870779995050655,,
1998-09-20,281.75937926898405,426.1471466911614,68.77378159185685,10.342638,1.7050893,21.847355,1.6001947,17.268273094956136,1.178345895193898,18.51869634943524,1.64470603847186,,
1998-09-21,318.78188420816247,483.09819942075535,68.18660970428236,10.527199,1.8792441,22.10854,1.6654104,17.504457606946954,1.2509262168565278,18.76616967374285,1.7172883249310145,,
1998-09-22,318.43686383344374,491.57749025474953,67.52979657790299,10.599059,2.347673,21.22229,1.6903931,17.046032759949362,1.3799206328971136,18.285833686105722,1.8462789856322315,,
1998-09-23,313.88160678364125,487.9656635903614,66.93925127648963,10.488881,2.3804088,18.213879,1.4514816,15.189942872620492,1.2839336580161986,16.341029046888405,1.7502792624016927,,
1998-09-24,323.51018932264026,493.9875571762367,66.38095687109202,10.628896,2.0935428,16.088594,1.3778278,13.928015817039928,1.17454985179077,15.01878619173293,1.6408890387544914,,
1998-09-25,323.7147699335086,488.42396948288047,65.82981208811867,10.9337435,2.0615919,14.817321,1.0978955,13.269344737413121,1.0541476343189269,14.328632886054411,1.5204841950885615,,
1998-09-26,268.95828559266533,404.84446302323744,65.3434631111739,11.362845,1.9602901,15.916563,1.02551,14.09887961729999,0.9959563877360216,15.197816697576743,1.462296337006714,,
1998-09-27,274.79341852626027,419.1864403251121,64.8242573601772,11.567545,1.9834379,18.81369,1.2965559,15.944452701846792,1.1091255156010635,17.1316018667889,1.5754758269889013,,
1998-09-28,331.7031237432859,505.56727577159126,64.28269283349717,11.709432,2.2565942,20.223259,1.5079718,16.850318617427895,1.2760668285134567,18.080765076587056,1.742423651193631,,
1998-09-29,373.4946941351174,552.003881718669,63.56638733919638,11.700146,2.164707,18.065737,1.3278493,15.496835484407171,1.1791501173988912,16.662590076458578,1.6454975577788327,,
1998-09-30,362.47423881631136,529.1882711021846,62.86747624654369,12.083775,1.675303,16.589758,1.2165155,14.758007825855078,0.9925070662690955,15.888448981383696,1.458850269077473,,
1998-10-01,292.53078000044724,437.2351716018243,62.4418497847401,12.183631,1.8493582,15.22049,1.1328113,14.003148265377407,1.0050975803562183,15.097509714273514,1.4714370984094307,,
1998-10-02,334.22403771515746,502.2047309253576,61.917458092643166,11.976762,1.926043,13.194986,1.1152397,12.708202608766602,1.0201392867530503,13.740670081826995,1.4864740016243772,,
1998-10-03,333.01584739698944,509.20120747593865,61.387589547759234,12.306936,1.6615822,11.850853,1.0421492,12.031190048059944,0.9102987247471039,13.031298634970224,1.376631691932572,,
1998-10-04,321.23140935029977,499.42432036265006,60.879003680247045,12.340992,1.6736044,12.307058,0.9543239,12.32034106723695,0.8754739237862946,13.334270084450578,1.341807573269152,,
1998-10-05,270.30218658582834,424.3568771601517,60.46339810820006,12.097334,1.6589475,13.265795,0.91034395,12.811129238118536,0.8520340894558318,13.84851625222487,1.318369115937213,,
1998-10-06,293.79795360475265,446.5813476184129,59.98689999200428,11.85086,1.6916226,13.602441,0.94919974,12.907376872996156,0.882272125102411,13.94936419504356,1.3486074539360702,,
1998-10-07,349.2554316501821,528.7827511186256,59.406893615683465,12.111924,1.4928259,12.822374,0.93232954,12.539780048424063,0.8172238012165232,13.564197498823804,1.283558032324538,,
1998-10-08,239.7027231439781,345.07521766508665,59.235118259024766,12.4833,1.5457102,12.199266,0.9788805,12.315692968747515,0.8573798035014797,13.329399822742078,1.3237134412601632,,
1998-10-09,142.00192740719783,307.2629904953604,59.08377379700522,12.910152,1.3224115,12.612398,0.79153246,12.706511177701975,0.6839350449369433,13.738897806139347,1.1502697547886636,,
1998-10-10,209.6599574071991,440.826330495357,58.8942866114548,12.943524,1.2377723,12.833372,0.8020001,12.868875577628193,0.6742098234279966,13.909022669367102,1.1405450300422517,,
1998-10-11,158.27489103818343,402.4511350780672,58.68947289455336,12.922465,1.231561,13.193031,0.7842537,13.116659250423604,0.6615777932758691,14.168649554716021,1.1279138161158047,,
1998-10-12,238.5058320564261,462.6450096592637,58.31592904653946,12.914331,1.2215667,13.58293,0.8348797,13.35549700389259,0.6900293113279016,14.418902936374808,1.1563661873895485,,
1998-10-13,297.659484042758,515.1644270028205,57.82427856165494,13.010064,1.2161747,13.246301,0.8364336,13.159789885751051,0.6923790096989457,14.21384168697742,1.158715181791218,,
1998-10-14,136.83801586456724,412.0759271184375,57.625951089392224,12.945954,1.3065647,13.044991,0.78831124,13.020301934770185,0.6755061206470838,14.067686688755375,1.1418418177316036,,
1998-10-15,132.8115579671369,375.6321485589185,57.34033825621721,12.88587,1.32838,12.09647,0.80703527,12.302670596926554,0.6898470936246881,13.315755026062826,1.1561806986678689,,
1998-10-16,216.55325158071503,441.0914960744967,56.944683025055824,12.785882,1.4249258,11.047623,0.90729564,11.62000725182061,0.7684218970298041,12.600462706628722,1.2347540586468218,,
1998-10-17,244.12342730658247,448.50955629734494,56.515305890239695,12.9031725,1.3182174,10.6543045,0.9774052,11.446934041147458,0.7851398005689308,12.419117188106567,1.2514716809380992,,
1998-10-18,254.5963552212013,470.2496414326666,56.01390411196299,13.128926,1.1654108,11.853376,0.79700416,12.301403078415358,0.6594802388097436,13.31442692449959,1.1258138406789546,,
1998-10-19,237.66388540515587,439.19613888398266,55.55124631687504,13.06675,1.2476895,13.552149,0.81976527,13.381711997930482,0.6891096159656459,14.446370917516237,1.1554465896510324,,
1998-10-20,207.41391740615745,388.1037375050979,55.104679670965865,13.021745,1.3054907,12.522511,0.8510327,12.696389707749855,0.7171843708809889,13.728292564522029,1.1835190507639173,,
1998-10-21,238.83478485541104,415.09939877140806,54.600774452639975,13.008204,1.3531606,10.210808,1.0330312,11.232494150600129,0.8211209797116845,12.194427803817172,1.2874525591339445,,
1998-10-22,252.64531321204635,433.1782661862461,54.11985274112039,13.101272,1.4036173,8.116824,1.1586801,9.953006708416941,0.8960764519067751,10.853785235606647,1.3624073288265253,,
1998-10-23,255.9148004056405,441.04906999752575,53.63223237002255,13.308042,1.4448415,7.5879817,1.1997992,9.688302883286312,0.9262385119447547,10.576429472479534,1.3925694772905128,,
1998-10-24,267.06974308374265,456.70071238178525,53.1224035721674,13.744512,1.2637731,8.077511,1.1982753,10.168621942824846,0.8883535827682796,11.079706141175443,1.3546844468875994,,
1998-10-25,264.99615142715885,458.5581726644007,52.57041506706421,13.9374,1.2214755,9.587446,0.9703553,11.18058295196539,0.7604706740981367,12.140035427337247,1.2268021885749945,,
1998-10-26,265.6744195535604,455.70796635425467,52.00882690268544,14.0876665,1.1360527,9.80319,0.97853917,11.381099217004918,0.7464384047701463,12.350135684415102,1.2127701871511334,,
1998-10-27,267.1515359194537,456.0081633793274,51.451299896666,14.059045,1.1407919,9.584171,0.9860406,11.237290711471585,0.7511397413688551,12.19945362390206,1.2174713269475823,,
1998-10-28,268.2465395276762,451.6519999620953,50.883902429706986,14.059828,1.1620682,9.471075,1.0057911,11.18092301223979,0.765294674899315,12.140391741330326,1.2316261897915883,,
1998-10-29,250.9058450483656,434.8537817688274,50.35562949115657,13.923951,1.3403617,9.077538,0.948438,10.850744146214456,0.7760243142132253,11.794431454168972,1.2423554880429606,,
1998-10-30,266.0308153417571,450.9957158674015,49.77410491106517,14.050794,1.3953439,7.430903,1.1778896,9.887011401664134,0.9038256601425333,10.784635578784727,1.3701565516087784,,
1998-10-31,270.8803313927207,454.8095107267703,49.26727023917989,14.29959,1.3751507,6.2262444,1.2753817,9.239805369466158,0.9499421374043806,10.10649531061083,1.4162734355031805,,
1998-11-01,271.5335017105706,453.3387592446941,48.751692474082205,14.57805,1.2989403,5.8246727,1.2540959,9.103643665271468,0.9229903828651277,9.963825542401135,1.3893218275131547,,
1998-11-02,273.2943767268459,455.0966528777562,48.22976441451586,14.558425,1.3216393,5.8878856,1.1583127,9.141096495966064,0.8773007619210308,10.003068490376837,1.3436321641447937,,
1998-11-03,276.72972700948065,458.2466335624273,47.70394020692795,14.384576,1.3540983,5.080219,1.1889929,8.583450086303554,0.8997162074140873,9.418768488551349,1.3660484072006247,,
1998-11-04,277.63929742790685,456.8511955014357,47.18141232706673,13.998428,1.3742276,3.5027642,1.1703668,7.470152285560353,0.8943005948158197,8.252258858550773,1.3606354507249654,,
1998-11-05,298.4691087331951,483.3799935630964,46.6143162371561,13.824869,1.281952,2.1488624,1.4200165,6.606151282654254,1.005113595964753,7.34696156114544,1.4714514902056286,,
1998-11-06,280.23767516890024,457.8541568597098,46.10563682729715,13.403722,1.1758494,2.043765,1.2160784,6.356897566026402,0.8765678538400264,7.085794368893982,1.3429067832855814,,
1998-11-07,291.2150442651219,472.74630077287657,45.55659407475817,12.99296,1.0466787,2.3655996,1.0710914,6.4166517346780605,0.7736238811930455,7.148404582547783,1.2399625559911849,,
1998-11-08,257.6697999314703,427.236658325877,45.0932138873364,12.668561,1.0224347,3.6813793,1.1460974,7.062461907350675,0.8118317539263664,7.825082273882511,1.2781679371259063,,
1998-11-09,257.7654915749162,431.0958497847255,44.59933877520245,12.48355,0.9075488,4.166246,1.2183834,7.2785036009029325,0.8346824926930301,8.051450021884982,1.3010179488621554,,
1998-11-10,341.0059262805384,551.8405336951457,43.99705646230984,12.21556,0.89275676,4.9851885,1.3834096,7.74669299004706,0.9205210688694396,8.542017263404835,1.3868551326722107,,
1998-11-11,226.7381524124664,395.2415774817372,43.64230705909392,12.189438,0.8530604,6.4517255,1.2554862,8.543366483971555,0.8562733981245414,9.37676902704682,1.3226056689417662,,
1998-11-12,239.6443926995566,415.2520413915634,43.20341274627375,11.66886,0.9016302,6.7663054,1.1036385,8.56028347402432,0.7736644153655282,9.39449459139627,1.2399966559806461,,
1998-11-13,226.36111512052847,390.9604832789137,42.95648899692446,11.581904,0.89269966,5.660196,1.2834618,7.8315835805295455,0.8762742096445777,8.630965333928417,1.3426080478383042,,
1998-11-14,222.8351647918437,378.9801348099512,42.57469837104504,11.424158,0.86997604,4.6304765,1.251427,7.145984413299649,0.8513537494771096,7.912596870108443,1.3176896452743803,,
1998-11-15,296.14465220708547,494.4215973973604,42.045041570561935,11.48508,0.8215217,4.257061,1.28799,6.964663439095256,0.8622950126709784,7.722609373151823,1.3286315425375201,,
1998-11-16,271.1769354774676,456.037221179048,41.55971609864128,10.975854,0.8693335,4.520389,1.1658361,6.927621057522771,0.799745013375995,7.68379649236322,1.2660816774033448,,
1998-11-17,295.6985161081147,494.8291052471457,40.972854968218925,10.912408,0.80731815,3.8451233,1.2381142,6.48865592411111,0.8317503412005215,7.223850326101724,1.2980887145720832,,
1998-11-18,287.4969091268849,479.3903073425776,40.52364157101632,10.4107,0.9307288,3.8505654,1.1682961,6.309881909347689,0.8093859928030773,7.03653152454101,1.275725125480461,,
1998-11-19,274.5101052516284,460.5881464970984,40.095383761829,10.631512,0.8518393,2.4582102,1.1488315,5.510392490204054,0.7869759570006486,6.198829244080169,1.2533189325994565,,
1998-11-20,274.67041203294934,465.037959439019,39.53877222291233,10.857472,0.7444936,2.8904462,1.246919,5.848782826119818,0.8312266586071301,6.55339348132321,1.29756791843159,,
1998-11-21,242.44978870680416,437.5107988577653,39.14078853103749,9.868924,0.8168128,4.26364,1.1774985,6.2622851398605235,0.8116954051718216,6.986659792173774,1.278034746168198,,
1998-11-22,249.5344692659624,433.14299452247394,38.708447330482485,9.683526,0.898694,3.5324192,1.2023486,5.7807916217612805,0.8305822085922809,6.48215252981264,1.2969238026460368,,
1998-11-23,266.4478143627696,453.7007724786915,38.23744198304724,10.290494,0.808731,2.3082087,1.3479303,5.26157485692022,0.9003837185645667,5.938118978465897,1.3667280393193253,,
1998-11-24,279.00043042867253,464.2208163096129,37.75230823465303,10.080663,0.79105043,2.5621214,1.2275512,5.384532992367115,0.8222330414116604,6.066954092475795,1.2885766885815855,,
1998-11-25,272.5048435913526,450.34754233313606,37.32905404799901,9.511476,0.8640135,2.6525583,1.1149534,5.238270437640168,0.7672077284394783,5.913700687606431,1.2335521788088237,,
1998-11-26,171.32648274429667,324.45587584828627,37.11766857729081,9.399987,0.87472016,2.5512204,1.0344393,4.917934575533461,0.7413899375958367,5.578053866304388,1.2077362325581544,,
1998-11-27,114.23648014559204,215.116925502264,36.95632018072929,8.766468,0.82959783,2.942452,1.0378993,4.962516381656229,0.7364446677086108,5.624766530364544,1.2027906989251766,,
1998-11-28,159.08464961293578,302.8482402514802,36.66330766115145,9.076041,0.8128859,2.8013983,1.2297893,4.962316878551718,0.8534822273738952,5.624557491693605,1.3198282597656572,,
1998-11-29,249.9751817988196,446.3449081058316,36.258380799193255,9.585135,0.71931344,2.949678,1.562412,5.331771643413999,1.0342697043863465,6.011670931398369,1.5006136384736792,,
1998-11-30,250.6804570157112,448.2789013994237,36.10956415132538,9.55592,0.7441614,4.357289,1.5391872,6.2217679828406025,1.0226032740664688,6.944206053549274,1.4889427944377756,,
1998-12-01,243.75518538731808,494.7747283764588,35.730040015423285,8.819403,0.7831582,4.955493,1.2194871,6.230794099118948,0.8569053473491272,6.953663587331489,1.3232448275980513,,
1998-12-02,257.2833409324781,466.1844382282544,35.33379178056922,8.781913,0.79935837,3.719079,1.4035227,5.519550066345361,0.9480191888042269,6.208424521057423,1.4143621162463567,,
1998-12-03,245.66799004092843,444.02909839835945,34.94889579246665,9.197423,0.73684657,3.1586637,1.4150991,5.309651288466856,0.9480980078545125,5.988493299099403,1.4144420631800396,,
1998-12-04,245.6925336478133,439.0521246258522,34.5216030321687,9.5307455,0.81934935,4.1233797,1.4956683,6.063591124033067,1.0030595461508665,6.77846888159128,1.4693997847652838,,
1998-12-05,217.9534908017414,395.55268070674754,34.18198892001932,8.75227,0.7460934,5.331104,1.2397534,6.546503246018511,0.8421207243720373,7.284462552255121,1.3084588598765947,,
1998-12-06,173.2725014176723,357.884273033422,33.90893522184993,9.367183,0.848056,5.845327,1.3460615,6.994217018895441,0.9482084256966271,7.753575513042597,1.4145448496509694,,
1998-12-07,171.8284283648198,353.8795936529879,33.607812229733426,8.913389,0.8073719,6.4041443,1.1912916,7.224294622896344,0.8442202802911404,7.994650040033799,1.3105559138691452,,
1998-12-08,239.1019907512984,451.4518725963741,33.21950570364071,7.6850386,0.7789843,5.6137733,1.1147007,6.330942076607326,0.7770522480792571,7.058598295805076,1.243391289408494,,
1998-12-09,199.0666977883773,395.61305008044815,32.92478278284786,7.083683,0.86537343,4.054078,1.1410178,5.068226385381319,0.812463410908108,5.735529110916123,1.2788088258297254,,
1998-12-10,186.6856711177105,383.4318357542761,32.61630168798146,7.368821,0.8596346,2.2852678,1.0995747,3.949883546280762,0.7912787212209389,4.5637333069703105,1.2576313037179785,,
1998-12-11,228.7063275635068,443.6394661471824,32.242218049115735,6.7070026,0.8949746,1.3148849,0.93379146,3.149077153529561,0.6872581709839709,3.724651106065312,1.1536167647313806,,
1998-12-12,234.6576238857132,446.3664911795595,31.85594198628936,6.9284086,0.9139838,0.14322734,1.0113999,2.4811688044511886,0.733909943584022,3.024819021031467,1.200274111888782,,
1998-12-13,234.54008709154724,442.15029554944647,31.466597791283764,7.073415,0.90281266,-0.17198873,1.0373342,2.3392595765353073,0.7465397658495688,2.876127017113635,1.212905184278454,,
1998-12-14,227.9404111343272,430.1158467632596,31.08676310845344,6.1744175,0.99367404,-0.16531062,1.0136486,2.030672193464945,0.7466081057056763,2.5527902119857075,1.2129763220650402,,
1998-12-15,212.16376398144243,397.875265264799,30.74092827730207,6.429483,1.0413572,-1.0262574,1.1309812,1.5667536353497107,0.8217548424517446,2.0666979326188226,1.2881274700173695,,
1998-12-16,226.1904442654037,421.7864209384832,30.3532497520563,6.671686,0.9622682,-0.5598024,1.030315,1.9645062524676173,0.7500770653757837,2.483461765185662,1.216445895832198,,
1998-12-17,249.32423846924345,459.2391736920984,29.943749708976995,5.9179177,0.9644151,-0.041407228,0.8137114,2.055517523224749,0.6271347573274404,2.578823063578519,1.0935027443860341,,
1998-12-18,243.057917553378,449.32939822822345,29.543341622086217,5.276676,1.0449387,-0.12117493,0.8574473,1.7737044517830878,0.666474558292514,2.2835402906517395,1.1328451876447956,,
1998-12-19,244.6004811325889,443.74387287703365,29.136502420532185,5.568057,1.0923811,-0.9902328,0.9923205,1.3402299032390357,0.7482638766215415,1.8293471404458985,1.2146387475267948,,
1998-12-20,194.6679381003454,374.5733640303183,28.83493701815852,5.940191,0.91745055,-0.3693663,0.8297704,1.7883627145154566,0.6297313778928197,2.298899168235951,1.09610186756951,,
1998-12-21,193.73911689503103,390.0229878893193,28.5232074896934,6.1611776,0.8918635,0.6617656,1.0503819,2.48691185875327,0.7616479535318246,3.030836573697539,1.2280120717290113,,
1998-12-22,166.5061161352558,399.7921204812223,28.546485036408736,4.735389,1.2800814,1.7024186,1.1582006,2.5941892502441553,0.9001263001378532,3.143241457792271,1.3664894892829744,,
1998-12-23,307.6097799642081,363.6591955820792,28.455548905729263,3.5454302,1.1121157,-1.4362324,2.139454,0.846620181668627,1.2661398861043798,1.3121445615048466,1.7325198486182813,,
1998-12-24,288.14287601598267,421.7363920932792,28.249045261823102,3.5899734,1.1246471,-2.4308772,1.5380123,0.013010509549299889,1.0214146541512723,0.4386911966103264,1.4878038479140012,,
1998-12-25,246.30471047804537,440.9707798659093,27.98477958158245,3.2813802,1.1310179,-2.1875615,0.78940225,-0.2276107816939305,0.6487172670038304,0.1865690301684057,1.1151092731352696,,
1998-12-26,236.08392022813288,435.34635551033966,27.71277833879812,3.1830006,1.1319219,-2.0542808,0.6969346,-0.2127821680637526,0.6021639494011701,0.2021064008410262,1.0685557803025154,,
1998-12-27,230.8394264276135,426.69648533735705,27.43785867554656,3.1437035,1.1400588,-1.9413484,0.7074052,-0.15615245924249652,0.6090357560844105,0.2614428161649628,1.0754269201044255,,
1998-12-28,248.6571328214177,431.6662216674334,27.162551432108256,3.5299397,1.1319549,-2.2736697,1.0271485,-0.15245947939979268,0.7719579987635224,0.26531230782032783,1.238349119421713,,
1998-12-29,243.9348766654633,427.723570235909,26.88714766063448,3.172402,1.0768896,-1.7328309,0.8142659,0.04866588978338157,0.6494978977399837,0.4760507821377772,1.1158866803959446,,
1998-12-30,232.4871627342289,413.9258064469138,26.609474188479915,2.471739,1.1481521,-1.5783552,0.8114798,-0.12170910905275144,0.6637249661062841,0.2975324407550751,1.13011572630864,,
1998-12-31,226.9638968804485,427.2818596885029,26.29171397322713,1.9754589,0.96265465,-1.651647,0.5675413,-0.3933704513191555,0.498909809992122,0.012886614956179432,0.9653037920219664,,
1999-01-01,122.8085634719164,325.39878687318804,26.180174972607485,1.3452249,0.74723,-0.76051855,0.26340288,-0.18354603401700534,0.28015686190322237,0.23273992215648334,0.7465483480569153,,
1999-01-02,84.25939946103608,293.9095713020423,26.069421479759114,1.1675256,0.77732265,-0.5260035,0.22753887,-0.14867017549909242,0.247525957973276,0.2692827274943942,0.7139170341548434,,
1999-01-03,31.496182904801,371.3209604953553,26.04936102437712,1.567652,0.76138353,-0.48889112,0.24258602,-0.32809047593926927,0.23140708276823932,0.08128675001079178,0.6978002828940851,,
1999-01-04,25.852631604801,485.3995104953553,26.122523170271712,1.323109,0.7660109,-0.09961206,0.26992586,-0.027668917740472008,0.25918723881972394,0.3960674317517691,0.7255769033917135,,
1999-01-05,25.852631604801,352.3480904953553,26.125820917467475,1.2046642,0.7744114,-0.21484375,0.2546585,-0.11781057493837406,0.24308478749235446,0.30161731147364756,0.7094755020733153,,
1999-01-06,127.73964596107932,382.1076377568759,25.98926085932024,1.1853812,0.7759216,-0.67882264,0.2657889,-0.2117558454653304,0.2783379110017022,0.2031817781513447,0.7447297297842702,,
1999-01-07,155.84856076442762,422.2355572783207,25.82358532497941,1.2396438,0.7716793,-0.7921094,0.28706777,-0.24435896605270802,0.2953724951162081,0.1690203398480828,0.7617646994636834,,
1999-01-08,97.96858250276443,429.06454737062495,25.682285493157693,1.2467859,0.77112263,-0.4733069,0.25693095,-0.15356409022588927,0.25357299934115335,0.2641549003726671,0.7199641329677074,,
1999-01-09,25.852631604801108,553.2197544953565,25.81292689341616,1.5571488,0.7628753,-0.3334998,0.26576918,-0.2490919621474357,0.25617805699002283,0.1640611227189649,0.7225703174109883,,
1999-01-10,25.85263160480159,558.5856304953533,26.223590734734547,1.2481246,0.7710183,-0.10055822,0.27099997,-0.04089922503748104,0.2612481248998984,0.3822047609915061,0.7276379430025132,,
1999-01-11,25.85263160480068,547.3677304953524,26.40274656956197,1.1625812,0.7777111,-0.16898179,0.26305956,-0.10892738587048104,0.25363241161295647,0.3109250866133232,0.7200230223060413,,
1999-01-12,25.852631604801136,480.1737304953517,26.547004624659326,1.4712394,0.7595293,-0.31593454,0.25033498,-0.22462872130788802,0.2406940122697732,0.18969362284723754,0.7070859831419359,,
1999-01-13,25.852631604800965,443.7370704953553,26.68179209770858,1.5538709,0.757673,-0.25564098,0.2807671,-0.15602073142387402,0.26856892927605913,0.26158084012302646,0.7349600917490988,,
1999-01-14,30.685253177154447,411.9233369156025,26.83190551323108,1.1572188,0.77813256,-0.29036176,0.27091148,-0.19000361839254623,0.257836388085542,0.22597368732193948,0.7242279503019118,,
1999-01-15,78.3134374114356,295.24104881339724,27.002404543051284,1.3534844,0.7643699,-0.6455231,0.2696602,-0.22644325389378017,0.266649564158378,0.1877923618064091,0.7330415564839945,,
1999-01-16,25.852631604799942,292.70053049535693,27.257747099021923,1.418177,0.76143646,-0.48884106,0.3152384,-0.33407431338659344,0.29617319880689874,0.0750169055882105,0.7625664704025226,,
1999-01-17,25.8526316048,449.9182504953571,27.53438249514184,2.0504894,0.74069226,-0.36594582,0.3030988,-0.234640575532793,0.2894408910987684,0.17920323621419368,0.7558329803892975,,
1999-01-18,25.85263160480108,382.0442904953521,28.68125675055124,2.5571237,0.98383707,-0.55691135,0.40638396,-0.35954285847243517,0.3857011083577006,0.04833105110713165,0.8520946846025454,,
1999-01-19,25.85263160480176,3918.130190495356,32.42633384730388,2.0050595,0.7378741,0.681367,0.45667493,0.6900437254166291,0.4537072238269948,1.1480842858738431,0.9200888596373802,,
1999-01-20,25.852631604802728,3516.8264914953534,33.72439282593799,2.0879352,0.74283665,0.28783673,0.39820215,0.3009729139186494,0.3953334481634958,0.7404172195582952,0.8617193632531532,,
1999-01-21,25.852631604800965,2340.209930495353,34.665611720557074,2.38819,0.7734218,0.22409064,0.407573,0.2477365297264076,0.4032082606077555,0.6846363181811397,0.8695947746908,,
1999-01-22,25.852631604801307,2960.808888495353,35.68807536088363,2.376872,0.8111498,0.70599186,0.54573214,0.7204550532656091,0.5410538352510517,1.1799491712380807,1.007435143869042,,
1999-01-23,25.852631604800624,5436.541530495355,37.611281537941736,3.4276881,0.94342524,0.6848404,0.78732526,0.6978218376429017,0.7836117156585407,1.156234165276385,1.24999326768436,,
1999-01-24,25.852631604802045,7097.341430495358,43.57481277428465,3.4628835,1.1120046,0.20792937,1.1377254,0.21974277117242913,1.1336033020807925,0.6553045536601576,1.5999901324378016,,
1999-01-25,32.315789505995845,6198.253630495356,47.76119336494095,2.1730175,0.74512964,0.35928696,0.79175407,0.36869415136220607,0.7876569987693529,0.8113753006581845,1.25404215657107,,
1999-01-26,32.315789506000506,5096.901117795357,49.819694421030746,2.3305864,0.74356025,0.4378276,0.5404186,0.4497526036687157,0.5370342471586045,0.8963080699004877,1.0034185054244174,,
1999-01-27,35.547368395197104,3812.295391595358,51.06357922470608,2.6478236,0.75286424,0.53969073,0.5162947,0.5591662103429923,0.5115723269278215,1.0109512729620906,0.9779553829042245,,
1999-01-28,35.547368395202106,2636.788630495356,51.98847467526795,2.9591913,0.81257516,1.3981686,0.60575885,1.4189332622535116,0.5977987757335571,1.9118122509872923,1.0641728605618503,,
1999-01-29,35.547368395202106,1998.398430495356,52.633505235547695,2.404717,0.7434751,1.9358749,0.5964641,1.944068913628979,0.5861837026585598,2.4620475914120847,1.052552723809263,,
1999-01-30,35.54736839519796,1432.0553304953555,52.96646621491742,1.7471201,0.75719917,0.59673446,0.37672392,0.6245983973139049,0.3680563813600096,1.079510894801471,0.8344387248765495,,
1999-01-31,35.547368395201254,901.7847304953566,53.04824052031969,1.5111861,0.65617543,0.18017524,0.29325145,0.23065248129390803,0.2832255294244922,0.6667357106324647,0.7496122364168574,,
1999-02-01,50.57748139519858,775.2070304953666,53.25713973296913,2.2307963,0.7411868,0.02639103,0.28479162,0.16140599613895118,0.27117552073325346,0.5941794801943688,0.7375630130592845,,
1999-02-02,196.76661839520028,2520.852830495352,54.12034709316264,2.7728968,0.84436774,0.6684673,0.46677917,0.8208364728613458,0.4372772478163521,1.2851284795537765,0.9036574839468257,,
1999-02-03,116.0430883952003,2172.694130495352,55.07853971981383,3.3073034,0.6738017,1.4532876,0.54494214,1.5472895343899733,0.5184394138893114,2.0463035141679105,0.9848122319101669,,
1999-02-04,172.80520839519863,1559.246830495361,55.68389407918798,3.2886848,0.7655742,2.0131788,0.56000894,2.140434865367931,0.5098906682646895,2.6677991644007326,0.9762578769392959,,
1999-02-05,95.34511839520114,1454.522930495357,56.23376850412107,2.9359016,0.69246036,2.0019348,0.5535846,2.05939074332502,0.521272567779119,2.5828814103596422,0.9876405191548601,,
1999-02-06,36.69500759520143,1256.555230495355,56.6769579895565,2.5327272,0.73145366,1.4676453,0.5023123,1.497866190816511,0.4885006414018322,1.994517903716885,0.9548739449741281,,
1999-02-07,38.77894740719767,1139.53803049536,57.03717989623696,2.867951,0.6838217,1.0768182,0.42961773,1.1357652187984548,0.4160878771979741,1.6151097430166166,0.8824648233665482,,
1999-02-08,38.77894740719767,964.6889304953604,57.34418738285471,2.8545203,0.6831386,0.9621042,0.38621908,1.0352364926333648,0.3722310389831995,1.5097760873810946,0.8386090230214926,,
1999-02-09,38.77894740719949,860.9736304953535,57.34332454813759,3.0140142,0.6828556,1.1424154,0.4490124,1.2230805057675553,0.43066694618211737,1.7065984022304632,0.8970430002751355,,
1999-02-10,38.77894740719949,840.0150304953667,57.30630180746434,3.1901479,0.6874436,1.3726705,0.47058922,1.452871192822529,0.45084502531065107,1.947372298626497,0.9172187733577665,,
1999-02-11,38.77894740719949,758.2670804953664,57.25745957880783,3.5962682,0.73291373,1.8425351,0.528214,1.9278600991751897,0.5037781897247755,2.4450640510344646,0.970147362454369,,
1999-02-12,285.7256774071995,1006.1741304953664,57.26603912653585,3.6359982,0.8773023,1.7218777,0.8626486,2.1452181024566825,0.6993157398687049,2.6728110238716485,1.1656829049436952,,
1999-02-13,208.9116374071995,1448.6700304953663,57.46050956245613,2.2314098,0.7352511,1.9186496,0.64669985,1.9580679755833914,0.5727399142586768,2.476715760674519,1.039108804737067,,
1999-02-14,83.3144174072,921.122480495358,57.44100885940044,1.928328,0.74465764,0.64697695,0.35661653,0.7532603984788632,0.33281822993150917,1.2143224998130657,0.7991991867857395,,
1999-02-15,141.8550974072,743.442130495358,57.36374675613578,2.7214117,0.732989,0.08294529,0.33516917,0.5057184518831802,0.3049856348488516,0.954948894349922,0.7713692764248847,,
1999-02-16,122.8713983952,824.673580495358,57.297797734388354,3.8120708,0.7178393,1.1950493,0.56201845,1.5344074229200984,0.4979179683856855,2.032805681805071,0.9642909126955768,,
1999-02-17,83.82163839520001,859.6968904953579,57.24852336258868,3.8522854,0.7723094,2.4541297,0.8304744,2.5783410356965777,0.7597997274678933,3.1266357527637307,1.2261630530344754,,
1999-02-18,110.3931283952,752.981530495358,57.16188211513593,3.7306948,0.74012667,2.5180845,0.68889153,2.6731317434706687,0.6082155667747166,3.2259571323435985,1.074578080661279,,
1999-02-19,108.3681183952,708.842090495358,57.04630139014921,3.2045183,0.7722974,2.4706182,0.6687779,2.567938825765471,0.5890638093912182,3.115736352756093,1.0554272246561722,,
1999-02-20,106.0976533952,652.575730495358,56.88382051887201,2.819098,0.76574355,2.0974634,0.6740768,2.198381290169522,0.5896157558473829,2.728515230227896,1.0559824380967227,,
1999-02-21,95.7440483952,622.004530495358,56.69172526932938,1.9488682,0.7435225,1.2237034,0.67221415,1.3204367155111236,0.5909270787565155,1.8086079060042197,1.0573021484676814,,
1999-02-22,108.5489283952,581.873470495358,56.461748097111744,1.680653,0.7524492,0.08935809,0.40071368,0.33954312991993213,0.3578340426299558,0.7808309600387515,0.8242195257681209,,
1999-02-23,43.4884533952,563.816090495358,56.269223304679294,1.9972968,0.7607098,-0.09477037,0.2811848,0.055040405993287314,0.26667244069208473,0.48272997843232285,0.7330611500029955,,
1999-02-24,35.5473683952,586.812680495358,56.19476196167821,2.698996,0.745978,-0.0147327185,0.29490605,0.14026745713050942,0.28130740920423186,0.5720305912798043,0.7476951423575255,,
1999-02-25,35.5473683952,493.638830495358,56.205732190757374,3.177588,0.7327315,-0.028185248,0.39793313,0.18715824015979582,0.3744515014340147,0.6211625934497674,0.8408387010600691,,
1999-02-26,35.5473683952,524.5826604953579,56.317044256302765,3.8835287,0.809457,0.17562091,0.4958238,0.4109347827826114,0.4671902978462025,0.8556348898681101,0.9335749859504681,,
1999-02-27,35.5473683952,479.615710495358,56.40748894454952,4.143755,0.8559961,0.6365719,0.6546084,0.8785751136242569,0.6122945903103947,1.3456268299754852,1.0786742147735615,,
1999-02-28,98.2454283952,537.9806104953581,56.42723527210055,3.7131891,0.8501639,0.7720845,1.0688665,1.2262470970917534,0.9132978861814207,1.709916345795507,1.3796739080860814,,
1999-03-01,164.58876839520002,672.118280495358,56.80079128423322,3.5124636,0.82035375,0.8156423,1.084015,1.3461344120295036,0.8856046812190034,1.8355338645729973,1.3519794929051847,,
1999-03-02,103.6798683952,598.801830495358,57.12498261507017,4.099008,0.83226186,1.7413545,0.7273671,2.0893225580443646,0.632064943984303,2.6142438635057816,1.0984326201854486,,
1999-03-03,196.7670983952,651.350580495358,57.43875182469499,4.902268,1.0473446,1.740802,1.3623134,2.474276287949208,1.0740967206196947,3.017597065801581,1.5404609491107664,,
1999-03-04,264.4438683952,5990.469150495358,59.86568704267928,4.009916,0.9012147,2.5132842,1.3798707,2.5765584764836866,1.3220819383922042,3.1247679933138373,1.788445279321029,,
1999-03-05,105.6978733952,2913.4177304953582,60.73905957431872,3.1720505,0.79592735,1.9594476,0.70241374,2.001900300411886,0.6783950614570832,2.5226431207965088,1.1447635442380033,,
1999-03-06,47.3003634072,2214.617530495358,61.2514966351084,3.406376,0.8073062,1.9942639,0.76174223,2.023793434361281,0.7460040073866204,2.54558267171075,1.2123722873557132,,
1999-03-07,77.1060234072,1648.6344304953582,61.5169144691478,2.8019915,0.78547597,1.4399724,0.6278214,1.5008273649453354,0.6007962576549217,1.9976206118467998,1.067169532056993,,
1999-03-08,93.0453044072,1292.947630495358,61.64510283610256,2.5374472,0.7804858,0.66077995,0.4517863,0.7867654989498528,0.4247012107875067,1.2494290295551123,0.8910818096448507,,
1999-03-09,70.8460074072,1063.223530495358,61.694971976307066,2.8486314,0.80042434,0.65117824,0.4373854,0.7884544626621044,0.41309911488547474,1.251198719959376,0.8794796957304822,,
1999-03-10,38.7789474072,912.423390495358,61.70528521264532,3.008102,0.80430543,1.1377913,0.5365126,1.2140407509753555,0.515683439567067,1.6971265780600522,0.9820595856121537,,
1999-03-11,38.7789474072,795.735730495358,61.675630382107926,2.7999415,0.7995829,1.5551676,0.5903412,1.613010786294768,0.5641336633602029,2.1151660172568936,1.0305058400400986,,
1999-03-12,38.7789474072,702.796430495358,61.697164761691226,2.3824067,0.7701992,0.9542605,0.5051793,1.0289420876291713,0.4804532240325652,1.5031808313340478,0.9468312734394096,,
1999-03-13,38.7789474072,652.8192604953581,61.7386959468985,2.9079943,0.7995575,1.0052243,0.4911134,1.1119155067171114,0.4657387577184835,1.5901200962239472,0.9321159490685875,,
1999-03-14,38.7789474072,640.537430495358,61.78998650950103,3.1439452,0.833633,1.1721649,0.6221056,1.284724494598404,0.588519702850654,1.7711887630079923,1.0548951323943123,,
1999-03-15,38.7789474072,652.4317304953581,61.8167137541322,2.9600852,0.7964301,1.3845612,0.6241238,1.4729526993450106,0.5908007080274316,1.968413632515557,1.0571742574170369,,
1999-03-16,38.7789474072,658.857130495358,61.78533580994932,3.4029846,0.8252652,1.9399476,0.6437728,2.0212722917684727,0.6097160400638624,2.5429410271201003,1.076084343360186,,
1999-03-17,96.8564074072,895.716430495358,61.97391557164323,5.159973,1.0161071,2.995523,0.96809244,3.206732530866169,0.8792335899344851,3.7850622133535614,1.345591726392478,,
1999-03-18,110.1848774072,1145.410430495358,62.37756296315856,5.350583,1.0479652,4.220898,1.0629396,4.320033752012971,0.9740125593803013,4.951575427241338,1.4403626111837857,,
1999-03-19,65.8731954072,1026.952130495358,62.53773762345918,3.9051886,0.8542383,4.111329,0.87464905,4.098903364963156,0.8235383869464196,4.7198757635869555,1.2898899317615005,,
1999-03-20,78.1942844072,928.706430495358,62.5966619241384,4.327494,0.8904102,4.1223464,0.7011887,4.138277843850223,0.6504215802169173,4.761132207969902,1.116772855094115,,
1999-03-21,95.7527594072,987.376270495358,62.638788593874175,3.7676277,0.95534366,3.2121444,1.2799764,3.2612512321634313,1.169874080712812,3.8421867222099757,1.6362317882565303,,
1999-03-22,431.8166074072,3510.199330495358,63.770568078906265,3.1560807,0.8300853,3.0043244,0.9467605,3.02094813479113,0.8479398847053893,3.590397958218323,1.314299508309785,,
1999-03-23,127.3062274072,2184.598230495358,64.50689239152456,4.155817,0.87139094,3.7102685,0.71839315,3.734802860401692,0.6805282134986979,4.338372499522765,1.146882338463696,,
1999-03-24,38.7789474072,1824.053130495358,65.1182777281763,5.8649597,1.0989726,4.5508337,0.8077216,4.578190125790515,0.7912379149696692,5.2220707932220325,1.257586294523996,,
1999-03-25,38.7789474072,1772.607630495358,65.86273641906001,4.9639935,0.9847023,4.59563,0.74958247,4.603516251505215,0.7338379252262757,5.248607421172865,1.2001861448319895,,
1999-03-26,38.7789474072,1822.7421304953584,66.46907397219249,4.673367,0.9253001,4.4344225,0.7726832,4.439400152106598,0.7568322864941753,5.076647133225816,1.2231815556094374,,
1999-03-27,38.7789474072,2098.137930495358,67.08527952510246,5.6014657,1.0491984,4.8076797,0.8301577,4.822084606285346,0.8153150370629146,5.477622596172942,1.2816619067702741,,
1999-03-28,184.9415874072,2365.3939304953583,67.72302902058388,5.475969,1.0259632,5.0343785,0.7628796,5.066401143730614,0.7114589645680129,5.733616628953791,1.177804390022458,,
1999-03-29,371.3857874072,2405.635330495358,68.35147036559508,6.6562967,1.1687871,6.2952867,0.67393124,6.343566450620476,0.604365759742294,7.071826071741792,1.0707047465566868,,
1999-03-30,326.6227274072,2210.658830495358,68.9506501641068,6.829442,1.1195865,7.1334224,0.7151408,7.094291167214124,0.6395324732488418,7.858432863564551,1.1058685459824615,,
1999-03-31,292.6193574072,1985.670230495358,69.48075274213784,8.0038395,1.2108275,8.1420555,0.75257784,8.12430329824266,0.6741023286074179,8.937676053535922,1.1404354520681683,,
1999-04-01,265.8391174072,1797.390930495358,70.3546136897991,6.7289305,1.0651181,8.440456,0.7740305,8.219932973871144,0.6881234658880256,9.037876500765753,1.1544563770883915,,
1999-04-02,213.9976074072,1637.760830495358,71.1222346174127,7.3378353,1.0367588,8.453279,0.7894552,8.324372860638523,0.7084272790400183,9.147308257110721,1.174759970374399,,
1999-04-03,154.7064774072,1395.023330495358,71.88087123092039,7.855392,1.0237099,9.26458,0.80726093,9.123903328280122,0.7338245168780412,9.985053548047409,1.2001559383779634,,
1999-04-04,59.0429494072,1280.403230495358,72.67086675432905,6.567157,0.93498254,8.587283,0.7568664,8.498235721251804,0.7246765762752727,9.329481168140859,1.19100892926642,,
1999-04-05,38.7789474072,1112.828130495358,73.23851213827113,6.6969376,0.92533916,7.4086933,0.6943604,7.3847258168499135,0.6717017758083567,8.162749296651748,1.138036894091177,,
1999-04-06,38.7789474072,878.562830495358,73.71797267989852,7.3090897,0.9531378,7.4431987,0.7418452,7.437529467104011,0.7116266157131902,8.218076780887744,1.1779615708329687,,
1999-04-07,38.7789474072,752.6154304953579,74.23823204497957,8.237236,1.0420556,8.570687,0.7663292,8.554347919272022,0.7305651045097044,9.38827533741649,1.196897355684364,,
1999-04-08,38.7789474072,617.071730495358,74.62123216320418,9.149812,1.2260373,10.496759,0.81355,10.417117486083919,0.768871737172864,11.34007892196278,1.2352026524954558,,
1999-04-09,63.4210624072,777.2256904953581,74.97405368546386,6.2488413,0.94529563,9.779564,0.78925717,9.513194969732451,0.73318974747032,10.392951999234256,1.1995208153557668,,
1999-04-10,70.8679324072,769.632430495358,75.31874889002194,6.1036553,0.9097387,8.128798,0.72465855,7.958044909985001,0.6679767922886172,8.763471082645415,1.134310309678122,,
1999-04-11,38.7789474072,635.743830495358,75.56301894114466,5.4230595,0.97717804,7.4573865,0.8983567,7.34043112390606,0.8485710004225951,8.116337468799012,1.3149062580354134,,
1999-04-12,190.1636974072,856.5442304953581,75.81231074621893,5.8033705,0.957388,7.3577228,0.80727655,7.07533130178289,0.6831268925099256,7.838566781376762,1.1494630309056946,,
1999-04-13,105.4800874072,788.607130495358,76.03323604153039,6.109569,0.9407902,7.5517354,0.8190428,7.381595590033801,0.7308924283171728,8.159469455693971,1.197227556372507,,
1999-04-14,82.6412074072,680.6448804953579,76.13388960857972,6.6430063,0.9481816,7.9928737,0.92709905,7.8467231375556405,0.8330713748596604,8.646828510028373,1.2994051736838799,,
1999-04-15,72.4402574072,643.974470495358,76.18705196880353,7.489429,0.9873452,8.792813,0.96968746,8.661021629575055,0.8773363751051241,9.500047686426171,1.3436684426493786,,
1999-04-16,97.9329234072,704.682930495358,76.44592319010884,6.3402543,0.95225006,9.112192,0.8383791,8.77396811368365,0.7451963932885757,9.618392626386916,1.2115282805901362,,
1999-04-17,160.1979474072,984.138290495358,76.88442030935036,6.200535,1.0064981,8.757637,0.7683919,8.399663107936723,0.6756778578830964,9.22619712086294,1.1420103984557464,,
1999-04-18,55.2927454072,1067.023530495358,77.18814579865291,6.2799873,0.9831459,8.088454,0.75189304,7.99935716876159,0.7164888762389363,8.806757926172633,1.182822292792201,,
1999-04-19,38.7789474072,979.553880495358,77.42813767896111,6.324151,0.99458545,8.074908,0.75358963,8.00823798901474,0.7258810877185357,8.816063219276318,1.192214482850138,,
1999-04-20,38.7789474072,1030.235890495358,77.77422395194294,6.701865,1.03824,8.095437,0.7496096,8.044884664899394,0.7233983004725467,8.854461480997864,1.1897316081618725,,
1999-04-21,38.7789474072,932.123030495358,78.09138430231887,7.4184017,1.0329138,8.502576,0.75273037,8.459272705172523,0.7238420995627418,9.288655853081396,1.190174525371407,,
1999-04-22,38.7789474072,870.2645704953579,78.44105833947577,7.1947694,1.0167441,8.865281,0.78058803,8.794018635251371,0.7485465232962001,9.639401494346295,1.214878380125684,,
1999-04-23,38.7789474072,1312.274530495358,78.97701761785045,6.3866997,1.1509264,8.900494,0.76050985,8.828340827882629,0.7394194288329031,9.675364170460782,1.2057512345679755,,
1999-04-24,38.7789474072,1482.463530495358,79.57143965566004,6.4511223,1.0070242,8.135872,0.7244992,8.092924876977838,0.7064970872330266,8.904797850996408,1.1728302826206956,,
1999-04-25,38.7789474072,1101.1997304953582,79.96647634750383,7.0396338,1.0042822,7.78882,0.7214985,7.763334536024609,0.6977918870390425,8.559454218393833,1.1641259059649722,,
1999-04-26,38.7789474072,1022.628930495358,80.34624555643074,7.890751,1.0749656,8.295218,0.8574058,8.280441088116788,0.8270132106170245,9.101276696035699,1.2933459929160147,,
1999-04-27,38.7789474072,874.8150304953581,80.67359846047368,7.50858,1.0438695,9.161011,0.7105246,9.090870703684597,0.6818065639314134,9.950442076912598,1.1481380234147502,,
1999-04-28,38.7789474072,745.9102304953581,80.87910309888528,7.238291,1.0183699,8.741251,0.7175605,8.66697544885582,0.6839531786054988,9.506286077916446,1.1502852362842069,,
1999-04-29,38.7789474072,667.172590495358,81.02230009301992,8.216807,1.1021241,9.780376,0.77833295,9.694487305348732,0.7380651857392233,10.582909488776147,1.2043961481047027,,
1999-04-30,38.7789474072,599.5281804953581,81.1561777936766,8.894902,1.1320261,10.976694,0.78378475,10.850219414527722,0.7393731274633343,11.793881642101317,1.2057043008502815,,
1999-05-01,103.4105262964,553.9099304953579,81.21562257772294,9.68492,1.259876,12.891802,0.84310263,12.38729097847918,0.7375942809221178,13.404419972593365,1.2039281020179864,,
1999-05-02,103.4105262964,521.031260495358,81.18941097898404,9.887267,1.3096461,14.373838,0.87950826,13.630840902017027,0.7652354886826519,14.707407331613563,1.231573429343333,,
1999-05-03,103.4105262964,488.73097049535806,81.12296691911277,8.459635,1.1108642,13.828433,0.8811902,12.890835762787832,0.7527297295894522,13.932032476310233,1.2190650057068972,,
1999-05-04,103.4105262964,474.19283049535807,81.03922426926509,8.07227,1.122453,12.8200245,0.94135725,11.970016012874378,0.7985225759887463,12.967200690015765,1.2648554110803087,,
1999-05-05,103.4105262964,446.138070495358,80.94238539779894,9.219227,1.4891353,13.919549,1.0737119,13.035072546669635,0.9156011562294983,14.083163285412807,1.3819369025599086,,
1999-05-06,103.4105262964,432.3927704953581,80.82203728359121,10.227159,1.9494047,16.868877,1.097069,15.587019595908673,0.961961525928543,16.757084680210887,1.4283095263149375,,
1999-05-07,103.4105262964,417.4384504953581,80.72118617922118,9.314212,1.5929362,18.123535,1.1329677,16.374512309931582,0.9615271162843047,17.582216854054916,1.4278804019005262,,
1999-05-08,346.2879362964,655.585430495358,80.71317585855023,9.799322,1.6554468,19.307846,1.2331218,16.021315813210204,0.9891897373538269,17.212138772132082,1.4555405647920532,,
1999-05-09,251.9972862964,694.030770495358,80.8416624729152,8.971961,1.719862,17.171677,1.1328933,14.987485513316091,0.9490207312091866,16.128894917875115,1.4153651833558494,,
1999-05-10,176.8027762964,563.4068104953581,80.89767314364454,9.420234,1.8889693,16.666447,1.0595547,14.935652338219603,0.9241069835684915,16.074584294191858,1.3904511482559534,,
1999-05-11,160.8104402964,523.1679304953581,80.91825153134434,9.734163,1.935897,17.499195,1.0808209,15.673555227294573,0.9437204832871092,16.847756418969777,1.4100690297690752,,
1999-05-12,152.1916922964,516.109830495358,80.7993778613487,9.984784,2.005463,18.094505,1.0896987,16.247685949457573,0.9574815046764383,17.449328627084473,1.4238338911896629,,
1999-05-13,155.40369672594235,499.3433547695629,80.63041015525275,9.67364,2.0303872,18.643589,1.0830648,16.514578747944075,0.9563024288074831,17.728977989011238,1.42265672876454,,
1999-05-14,183.9942597710233,480.1037690434304,80.40372341985159,9.513588,2.1144938,18.997925,1.1039668,16.3702050058393,0.9900384259480934,17.577703675550804,1.4563916807270272,,
1999-05-15,177.27514600244731,459.87522761268286,80.15788765181571,9.37136,2.1901457,19.585999,1.123903,16.743966820716405,1.0145789645037342,17.969330027538188,1.4809349741153344,,
1999-05-16,232.21533604960183,474.0019567246179,79.84108222646829,8.885635,2.179956,20.589287,1.179577,16.740942424616026,1.0679971670559898,17.966161075642592,1.5343531537349717,,
1999-05-17,285.5261334513891,475.695451536213,79.45055334374835,8.88063,2.2198007,22.035538,1.2416939,17.101271347508227,1.1381374890141633,18.343712489326236,1.6044962815200772,,
1999-05-18,306.0588779561195,452.11371480940886,79.16795153770714,8.942955,2.1289265,24.715828,1.3549645,18.348639473762837,1.1795882194946599,19.650700548101184,1.645957871705122,,
1999-05-19,280.9384962964,439.550760495358,79.21701196305524,8.314005,1.7150075,24.095482,2.5903265,17.941851726439474,1.715956167512983,19.224469736990116,2.18232208268283,,
1999-05-20,140.5300822964,445.17658049535805,79.42501485925733,8.684199,1.6657783,19.600533,1.1591779,16.981349073153982,0.9674682017244215,18.218058340191643,1.433826043928876,,
1999-05-21,122.8139442964,398.25117049535805,79.56298958831664,8.704015,1.4006696,20.856117,1.1742111,17.99189242611531,0.9562474614803864,19.27690221105488,1.4226138261526677,,
1999-05-22,123.79891977739288,351.72129481362987,79.65867552272495,8.7559,1.2518518,23.121658,1.32281,19.3816168706855,1.0312772051400751,20.733050733540168,1.4976571973295487,,
1999-05-23,185.3536762964,331.15217049535806,79.60269432031676,7.981252,1.0378816,24.39898,2.532776,18.507301341370543,1.66602851094469,19.816945910622078,2.13239967203023,,
1999-05-24,345.0486462964,51.53193049535805,79.5662883808679,7.837143,1.0158083,30.547892,25.076237,10.788191963316494,3.376157601920133,11.728889490752428,3.8424887251848885,,
1999-05-25,153.29399925707065,57.40621033832339,79.74990229588177,7.892235,1.2277088,24.664524,15.272431,12.461919701417514,4.25583146960004,13.482615693382623,4.7221654880344275,,
1999-05-26,227.3056923572212,92.5586691448257,79.69176452125974,7.161214,1.4827502,24.031757,19.878733,12.043017664768863,5.847988791913102,13.043691571327143,6.314321785131883,,
1999-05-27,239.37078206047653,168.7244217843988,79.62418792683083,7.868892,1.806641,22.325825,7.5698833,13.846020964266073,3.3042565458218203,14.932872265281867,3.770595378822808,,
1999-05-28,242.1672326585893,231.06889261224967,79.45917085403408,8.438002,1.7301145,24.085625,3.8062785,16.078329029319026,2.058611789521618,17.271877025080972,2.5249630041047553,,
1999-05-29,260.5326420782081,276.1619343483835,79.2308617651249,8.796789,1.3722074,28.434258,2.945566,18.901458529003648,1.6555915922959137,20.2299424644651,2.1219666263985357,,
1999-05-30,268.03722125047364,305.87671727701684,78.95435499682986,8.797428,1.1080587,32.435947,2.2925344,21.395959366260342,1.3269167978578968,22.843671914718133,1.7933204626342119,,
1999-05-31,255.0579418654081,350.830830402882,78.66115811294972,8.751332,0.9425972,33.96821,2.2068586,23.35278714187136,1.3380385886481012,24.894029368922237,1.804469692107138,,
1999-06-01,806.4274040317191,658.6598824715244,77.8674070181322,8.455023,1.0461259,39.950005,3.6452787,22.61423447072609,1.7370271583668138,24.120176404712232,2.203447391548828,101.55810480443924,4758.44189519556
1999-06-02,664.635752579988,744.51842481951,77.26627729951372,8.3648,1.0641276,34.41273,2.6205199,22.127073353207532,1.472700513813154,23.60973065105326,1.9391139180748835,7.777203662990266,4750.66469153257
1999-06-03,736.1839107603051,712.58909481951,76.69688873431159,7.5801096,1.2749448,31.66253,3.7214417,19.425216270056797,1.941685296383067,20.77873403516432,2.408065751832777,8.796086139059334,4741.868605393511
1999-06-04,783.3093343591319,699.71595481951,76.06545838454122,7.7419176,1.0923861,27.771221,3.1340437,17.192075581597226,1.5872749484268363,18.43885685540594,2.0536344714348527,9.450211768189575,4732.418393625321
1999-06-05,826.9004209371377,685.17683481951,75.35588764506652,7.579422,0.85590196,25.515512,3.054979,15.70691260645922,1.4613102423852822,16.882708166831996,1.9276590016607051,10.335940602849103,4722.082453022472
1999-06-06,848.8642321376512,678.92573481951,74.62479893694177,7.6745753,0.7639384,26.542076,2.9322405,16.058994725262824,1.370430528924433,17.251618607381896,1.836781611802544,11.254550388828466,4710.827902633643
1999-06-07,719.0767584089843,667.82468881951,73.99617788471835,7.7344723,0.71834195,27.125721,2.9568574,17.07180093413319,1.4717012916569328,18.31283349093144,1.938059849105921,12.360093696844071,4698.467808936799
1999-06-08,725.3291247352412,664.04443081951,73.35225890197079,7.7704363,0.74471253,28.86898,3.0083878,17.85438431213198,1.4894788718344218,19.13282167927112,1.955844008184351,13.67477651148862,4684.79303242531
1999-06-09,389.723646524261,662.36642981951,73.06028737488299,7.4974937,0.563745,24.349373,2.0974405,18.10696460514718,1.3369001208154814,19.39747444688991,1.8032675300142085,15.505356379393886,4669.287676045917
1999-06-10,162.75487108990754,668.30337481951,72.98652963876121,7.1207666,0.45384517,19.787617,1.4080746,17.306934342352605,1.1357995777895236,18.559205472300395,1.6021600383203427,17.869498493232335,4651.418177552684
1999-06-11,282.3113884181027,580.2212881064855,72.58834579634731,7.21001,0.46009696,22.425081,1.5269682,17.445110067457204,1.0381638705764893,18.703985524734907,1.5045254789437168,20.43133549232018,4630.986842060363
1999-06-12,329.45240021450155,543.7399629951059,72.1417423964178,7.289872,0.48538008,25.287323,1.7230296,18.49694825013386,1.0884532076444497,19.806097977014552,1.5548242693941599,23.699091436604185,4607.287750623759
1999-06-13,341.86604783012626,530.3244514300698,71.66382217030491,7.315849,0.485872,25.681631,1.8190496,18.482931489755863,1.1223260713345342,19.791411263404385,1.5886969987915442,28.05395515134353,4579.233795472415
1999-06-14,343.89259743847106,525.6599976520398,71.20504583624326,7.154701,0.4614962,25.539783,1.73052,18.268810194503878,1.0619319067047777,19.567055702176386,1.5283008106236617,34.244277353452574,4544.989518118963
1999-06-15,361.6322707234448,508.69367569158027,70.74486657103964,7.149088,0.4651321,25.89141,1.6789157,18.1037206814975,1.0001545675731307,19.39407547477857,1.4665219471188924,42.627186107500776,4502.362332011462
1999-06-16,376.81678521956127,542.3938570508556,70.42662547631458,7.187341,0.47057045,24.630634,1.5716583,17.48001471611242,0.9472306103501742,18.740558496280272,1.4135925121272959,54.7070472697985,4447.655284741663
1999-06-17,389.87536973623594,520.4511322078812,70.12011836156549,6.7637963,0.373436,23.078861,1.6302555,16.09143205667717,0.9456709187865586,17.28560633235638,1.4120222228703836,74.09983492661365,4373.5554498150495
1999-06-18,428.69366100450884,486.9876343617853,69.84357195057306,7.224389,0.4467738,23.230663,1.6422511,15.737020772882586,0.8980967401844473,16.91425540069078,1.3644456926186015,99.79836115416695,4273.757088660883
1999-06-19,476.79238514817393,521.952517298798,69.44285120967537,7.4235883,0.48716512,26.687126,1.7092198,17.490875794347982,0.9230322183151775,18.751938696928754,1.3893942116751736,135.90308004988427,4137.854008610999
1999-06-20,515.9733124647887,522.9183044847407,69.00014626725806,7.067155,0.41272447,29.34636,2.2811544,18.28122532597019,1.1663556969959075,19.580064234487786,1.632724716811338,170.6787546797856,3967.1752539312133
1999-06-21,490.1571800412048,514.2002560167565,68.56800680501858,6.914822,0.3767742,28.178076,2.4020193,17.80095695558491,1.2434312851900962,19.07684067771338,1.7097959501207207,157.1931030532412,3809.9821508779723
1999-06-22,443.8349242918134,525.2412287735982,68.11793027552277,7.3751125,0.46226686,26.665686,1.8114929,17.830642057546164,1.0044002539480208,19.10794462607494,1.4707651804038482,99.8438943717806,3710.1382565061917
1999-06-23,428.66790665002327,531.5344127564113,67.64113677548008,7.614322,0.5171331,28.556625,1.8981823,19.207248590649787,1.0758304693313145,20.550348245766894,1.5422086305201526,62.87035815386944,3647.2678983523224
1999-06-24,420.45770211823566,536.1945857810854,67.08231469160447,7.603608,0.51450443,29.353403,1.8906875,19.794163097854195,1.083570563512882,21.165315260148795,1.5499550261807897,44.172077539348436,3603.095820812974
1999-06-25,397.9042883284367,547.7231396325425,66.56044874160216,7.318448,0.4462418,29.023312,2.07983,19.89026615958696,1.219218151784843,21.266011719720506,1.6856036838013382,33.88018973669697,3569.215631076277
1999-06-26,385.1655887508363,552.5507229707736,66.10238074594784,7.816781,0.56473446,28.809395,1.9635115,20.186709755976175,1.1800258075973955,21.576624306675384,1.6464147046979636,26.149902516790426,3543.0657285594866
1999-06-27,397.46161632724403,546.6493755006021,65.51137146228719,7.8579893,0.5753522,30.599052,2.118821,21.025284321306298,1.250500358797825,22.455279869704537,1.7168993191028603,21.51702159119361,3521.548706968293
1999-06-28,347.7344756333693,547.0301209770988,65.05378718538412,7.6409793,0.52760196,29.68957,1.7470932,21.120773865042384,1.0876189560826606,22.555333487216533,1.5540191132848855,18.47679312388048,3503.071913844413
1999-06-29,345.37690933109485,529.1205377645051,64.68231719654051,7.4332867,0.45171908,29.367615,1.820574,20.704798787720414,1.1159038155850476,22.11947622313824,1.5822988350274707,16.1772085602067,3486.8947052842063
1999-06-30,327.2039053720533,531.5735130276688,64.28313305749963,7.8212366,0.5177585,28.659378,1.563096,20.719810575695277,0.9874449211769675,22.13520552326307,1.4538401225910025,13.903779395978644,3472.9909258882276
1999-07-01,336.3483705448836,517.3484034062332,63.87185487672914,7.850974,0.48042238,29.584906,1.6761515,21.021944298361557,1.033249156508392,22.451780205080336,1.4996480751371806,12.354754914621372,3460.636170973606
1999-07-02,293.2785230518632,479.535212963131,63.51939458753512,7.7076197,0.45114064,29.386322,1.6986077,21.159374812997957,1.067809791517144,22.595779428533643,1.5342104355150796,11.203958109059302,3449.4322128645467
1999-07-03,299.6933065532253,482.39991441438286,63.16673328973861,7.8980737,0.5180148,31.141062,1.7723366,22.23449185742336,1.1110636947744321,23.722283392578817,1.5774785814903949,10.014361397275172,3439.4178514672717
1999-07-04,202.17041909031613,543.70298481951,63.17630326037088,8.043384,0.545088,29.632282,1.7173333,23.78056979936384,1.260535486291938,25.342258575140995,1.7269731711623464,9.009661086476548,3430.408190380795
1999-07-05,362.6280267752561,543.875054324152,63.841715449382974,8.187918,0.6126279,34.06446,2.0184193,23.71307867987486,1.2355404674627544,25.271541610847297,1.7019771000891877,8.253295978711074,3422.154894402084
1999-07-06,413.1053333788831,543.875054324152,63.77538860956015,7.990366,0.59349364,35.194775,2.17534,23.451288086751642,1.2625648741361413,24.99723832225916,1.728997474489792,7.810686346844504,3414.3442080552395
1999-07-07,382.20861491628403,543.875054324152,63.70555663285232,7.928452,0.53875333,33.11189,1.8977408,22.718306917867928,1.1364784968893138,24.229223159073587,1.6029002241058095,7.626130773679647,3406.71807728156
1999-07-08,424.017235064601,543.875054324152,63.51569333422794,7.8598976,0.52659076,31.67934,1.8029693,21.244445523579945,1.0390515561392781,22.68491622828177,1.5054532789761328,6.8629452714282335,3399.855132010132
1999-07-09,429.63233149205615,543.875054324152,63.27055756309817,7.2771053,0.41433626,28.37533,1.8066572,19.06417365709573,1.0257656298188094,20.400434819466145,1.4921423145773975,6.67458551122566,3393.180546498906
1999-07-10,353.679098331632,543.875054324152,63.264148115666416,7.6862984,0.4695821,26.440601,1.5729554,19.050512463818407,0.9709311038878106,20.38612066784862,1.4373076488968919,6.13870907796302,3387.041837420943
1999-07-11,403.1900918007436,543.875054324152,63.015775661648775,7.570369,0.44557384,28.328981,1.6176195,19.49150388565941,0.9481268055389837,20.848189972199858,1.4145079694842724,5.820094015946458,3381.2217434049967
1999-07-12,419.744672502795,543.875054324152,62.68273939039497,7.678237,0.47535574,29.413315,1.7175272,19.945697165473536,0.9912541795221121,21.324092138207046,1.4576403331270815,5.466813931371241,3375.7549294736255
1999-07-13,431.53010721263496,543.875054324152,62.33683511123604,7.4508824,0.42196614,28.977581,1.8141233,19.45392981081193,1.0286171742361925,20.80881998501522,1.4949979359652876,5.2518245149516325,3370.5031049586737
1999-07-14,437.89201984536044,543.875054324152,61.966052256815786,7.58891,0.45652172,28.93904,1.80623,19.416361791291422,1.021115189503111,20.76945634258148,1.4874955506947243,4.95496971916566,3365.548135239508
1999-07-15,365.6240476576723,543.875054324152,61.574630214420665,7.862946,0.52426237,29.187277,1.7795186,20.61476904316056,1.0848113144301144,22.025143364539712,1.5512052479457221,4.6362851641986795,3360.9118500753093
1999-07-16,362.03889234920837,543.875054324152,61.12008126957473,8.187616,0.6077235,31.590942,1.9393604,22.2380515636038,1.1893766153050085,23.726013240546436,1.655791551373334,4.3183032767999805,3356.593546798509
1999-07-17,356.1122737034734,543.4920191268419,60.65253020616096,8.2939005,0.630527,33.027428,2.0382073,23.23655331643427,1.256415781153412,24.77223996395471,1.7228451325004654,4.50193456467393,3352.0916122338353
1999-07-18,350.2854929180125,519.072898743102,60.19608740502566,8.402983,0.65343064,33.394993,2.0458972,23.3251083403734,1.2496065875496214,24.865027615327925,1.7160372723767592,4.050997914191249,3348.040614319644
1999-07-19,349.64280434483135,521.5998730735399,59.68431403619932,8.14856,0.5867967,32.289356,2.0702298,22.601291054702063,1.2615887941774717,24.106614337647112,1.7280088424131583,3.842583061241533,3344.198031258403
1999-07-20,361.9375059168416,522.6280967329175,59.14369788344014,8.181733,0.61513567,31.21574,1.9000552,21.790920782777196,1.1504797393283703,23.25751113683643,1.6168885896661545,3.660916992709926,3340.5371142656927
1999-07-21,348.3071364661376,478.6278217479231,58.68017866334624,8.232344,0.640092,31.078447,1.9301513,21.455609573311897,1.1492388476616051,22.90617319776272,1.6156432841694786,3.52229646543401,3337.0148178002587
1999-07-22,336.130795873241,493.3957166660367,58.18823091436916,8.410723,0.6970357,30.99912,1.8741531,21.84612068677383,1.14995679742701,23.31534940755267,1.6163663867039444,3.356555325772478,3333.658262474486
1999-07-23,340.65236793121306,490.37733715754814,57.69535194346306,8.736192,0.7848736,32.62866,1.9531093,22.834754112350122,1.1965636224009526,24.351236131397208,1.6629870359771903,3.6703099383954867,3329.9879525360907
1999-07-24,343.78687483896465,485.40959384079554,57.19812440182093,8.68892,0.78340584,33.19967,2.1185539,23.037452726910267,1.2820230940312483,24.56362304684278,1.7484494800128139,3.921834161498435,3326.0661183745924
1999-07-25,347.49236486176284,487.4923861441167,56.679452830934174,8.932774,0.8356143,33.200813,2.0012913,23.101277347532296,1.219074309441893,24.630498266156987,1.6855016410803705,3.6269164266225205,3322.43920194797
1999-07-26,349.34872454001146,481.8965127476369,56.16161471567974,8.779389,0.81972003,32.381634,2.0781493,22.462281924014153,1.2530506224545281,23.96096104569126,1.7194686964847916,2.8166358612326006,3319.6225660867376
1999-07-27,350.38531535718494,481.6940363139694,55.64583902277346,9.081052,0.92395365,31.96899,1.9416026,22.330970186503215,1.1894356746330526,23.82337305599402,1.6558519040647202,2.6821212568794692,3316.9404448298583
1999-07-28,353.0030882063948,477.3829573939403,55.18688638108614,9.330897,0.96818644,32.827103,1.9491581,22.83869656190928,1.193753931479024,24.355367016568707,1.6601774024201257,3.008610687031913,3313.9318341428266
1999-07-29,356.61122647058994,478.6369557813916,54.73134321109242,9.39988,0.99573666,33.29171,2.0394683,23.091035659200234,1.2436341989772932,24.619767060132112,1.710061378556241,3.1926475163462054,3310.73918662648
1999-07-30,357.3026256055404,480.0074826648191,54.27206547504306,9.227681,0.9917722,32.923187,2.0811262,22.811680826537142,1.2658946601762093,24.32706002139445,1.7323177383793993,2.7502650191064113,3307.988921607374
1999-07-31,358.73313956162843,481.2891782197513,53.80856280729503,9.788001,1.1405298,33.527863,2.0694492,23.389709235278154,1.28182926135513,24.932716212182015,1.7482609246107164,2.3180100841234466,3305.67091152325
1999-08-01,356.20886738165234,477.1383833676047,53.26703768950111,10.084465,1.1764342,33.82228,2.1008472,23.675705740101787,1.3037347779057966,25.232382372306073,1.7701708300960548,2.1401107376082837,3303.530800785642
1999-08-02,358.4710265156833,473.3985321528854,52.71921308612965,10.208661,1.2414043,32.021282,1.9233224,22.62174040346652,1.2182546698174739,24.12804109537991,1.6846750103382477,2.1230137963824065,3301.4077869892594
1999-08-03,362.6249259209893,476.33355085212327,52.16040996542011,10.354547,1.2318738,30.143406,1.7434882,21.590022331182897,1.124012319435649,23.047010425992926,1.590418509834746,2.027354185153921,3299.3804328041056
1999-08-04,363.9589599760816,478.6350926574488,51.59844575290589,10.419079,1.171656,29.824907,1.7689868,21.44254912277367,1.125123275876263,22.89248850233368,1.5915275430652027,1.975082472974612,3297.405350331131
1999-08-05,360.00404197307085,482.1333373817871,51.04036391303579,10.438422,1.1867058,29.549782,1.8738251,21.379895423387516,1.1866874578992153,22.826840170287827,1.6530909155416273,1.9311791688535076,3295.474171162278
1999-08-06,361.35366771230207,483.5226075892534,50.47773171897182,10.612275,1.206506,29.670021,1.7674352,21.51902120930707,1.1355253309390898,22.972615693196627,1.6019305923031084,1.86458209456735,3293.6095890677107
1999-08-07,361.9891006723179,480.05897732299866,49.91611442978001,10.587772,1.2149322,29.764032,1.8084137,21.520325987652253,1.1557383069906753,22.97398283548655,1.6221435853754684,1.8309006000938501,3291.778688467617
1999-08-08,351.82517373180866,465.69337732532233,49.378067374349136,10.395541,1.2325678,28.578524,1.8980871,20.753342238672733,1.2043390732902064,22.170339885108593,1.6707346821026996,1.8276342421573657,3289.9510542254598
1999-08-09,350.03334819794577,463.8220623585913,48.83360736720411,10.442109,1.250949,26.749264,1.665187,19.735674040250924,1.0909055391453593,21.104030625526928,1.5572893561687544,1.7908383489134008,3288.1602158765463
1999-08-10,359.8564620974569,471.4544856375397,48.26799638698828,10.309389,1.1977121,25.839836,1.7724888,19.117042766711197,1.1310461867711188,20.455830891797223,1.59742341437425,1.7765613561732336,3286.383654520373
1999-08-11,361.37395119232076,475.6364719901286,47.70308863659472,10.532084,1.1391919,26.030445,1.692017,19.339126013550455,1.0799937523155518,20.688528958681797,1.5463732951148117,1.7118860562951064,3284.671768464078
1999-08-12,363.46432720116684,476.2714114682277,47.13659068335278,10.9406595,1.3140081,28.707397,1.8339968,21.017388385700876,1.1855186375104712,22.447006535368082,1.651917499311908,1.6177840347975572,3283.0539844292803
1999-08-13,342.3661281625055,443.1005181319923,46.64521184038154,10.929221,1.5813457,31.13446,2.376535,22.327479810398703,1.5074693748605137,23.819715851842965,1.9738855555301347,1.5811160894279954,3281.472868339852
1999-08-14,267.3869040562746,392.6512225043526,46.23473556958281,10.817561,1.2835531,29.716183,2.241494,22.060194810037732,1.4312427500536304,23.539655542132806,1.8976552380051737,1.5702059738526852,3279.9026623659993
1999-08-15,245.10879778790942,362.1893890793693,45.85467009776246,11.013539,1.3844786,28.55018,2.516231,21.47229824264942,1.601324134467995,22.923659528447214,2.067728787615728,1.5230496354319805,3278.3796127305673
1999-08-16,301.1897129567674,441.2396206687261,45.39541325055789,11.226817,1.4555072,27.694004,1.8601222,21.013573909656856,1.2533153675711572,22.443009740408293,1.7197141818116695,1.4739900453243837,3276.905622685243
1999-08-17,314.38415242067254,454.69661651305216,44.90998490161788,11.433993,1.7896484,28.570839,1.879119,21.565654436310524,1.3302105679425957,23.021477829043135,1.7966164388432442,1.4212804948860776,3275.484342190357
1999-08-18,323.9242443620586,464.7239005738484,44.40471583416657,11.3675165,1.5778733,28.64103,1.9028804,21.546218281269855,1.2951203276999785,23.001112692230695,1.7615259442511026,1.4072839283913388,3274.0770582619657
1999-08-19,332.661270118283,462.5838516748259,43.89355352966931,11.695639,1.4585261,26.870667,2.0901437,20.52275703622247,1.3603087442938462,21.92873349819729,1.8267015775481332,1.3517308774642112,3272.7253273845013
1999-08-20,329.4188247771961,451.6346063108386,43.39891166543648,12.051429,1.3601714,23.070568,1.8690835,18.423111495397443,1.2235889977020582,19.728732077800053,1.6899593545570681,1.2951622976712232,3271.43016508683
1999-08-21,272.4273067033483,420.61601369794187,42.994661267555344,12.244871,1.454092,20.588833,1.6720661,17.30891809300264,1.1646986158256014,18.56128403945039,1.6310590926811122,1.2542263999771102,3270.175938686853
1999-08-22,288.9813396949368,439.23685550457583,42.54745724924253,12.648288,1.3759857,20.626505,1.7298653,17.460481461221722,1.1776390251670124,18.720091618576888,1.6440007625751225,1.1898823135051606,3268.9860563733478
1999-08-23,304.6968216819363,443.2319360111461,42.09665267376088,13.141957,1.5377843,22.364311,1.7605474,18.607239567264774,1.2169599183507307,19.921660842092315,1.6833320446253706,1.116972961152114,3267.869083412196
1999-08-24,318.0367104005281,450.88694338320335,41.60504516542513,13.551021,1.6026939,24.499163,1.9610535,19.97087034481519,1.3273219677936425,21.35046850947102,1.7937084048439007,1.0542252738848037,3266.814858138311
1999-08-25,331.0918678243983,459.844695852272,41.09435113537851,13.659972,1.5201347,24.518381,2.0571904,19.97297121025615,1.3547799040168744,21.35266978909861,1.8211663647552414,1.0297805173715264,3265.78507762094
1999-08-26,218.93170833602738,304.4955819516766,40.73154508746678,13.685334,1.425659,23.648327,1.9036863,19.48114826950957,1.257776256437181,20.837339392996963,1.7241573093683908,1.0163977835479248,3264.768679837392
1999-08-27,173.82871762577636,369.22365258664325,40.41606445486438,13.873866,1.6179047,22.748062,1.7549076,19.90747031541376,1.30071404549811,21.28403817538636,1.7670997700614308,0.9835783659716776,3263.78510147142
1999-08-28,253.1338387534512,405.575116325388,39.9877436970388,14.135207,1.7408947,24.791409,2.2442112,20.696359979588827,1.5352216820074445,22.110634068824584,2.0016165992684836,0.9428179358486812,3262.8422835355714
1999-08-29,292.0659136897839,422.0238225051369,39.537929430563565,13.898559,1.5322144,25.438156,2.185395,20.718408846997292,1.435567747272839,22.133736796724893,1.9019629316843325,0.9575054342256079,3261.8847781013455
1999-08-30,308.75092033014704,431.134251150518,39.05985541872819,13.930501,1.4961036,24.02272,1.8909131,19.81128032779622,1.2664244476436792,21.183250635169724,1.7328091000038168,0.9466384735904508,3260.938139627755
1999-08-31,324.4619537909148,445.146006400418,38.55912633618021,14.506852,1.553898,22.787235,1.7933153,19.296276978659602,1.2268219356604813,20.64363188639526,1.6932010273719729,0.0,3260.0592099325745
1999-09-01,327.57247194257855,446.4698808830564,38.049997898275365,15.12377,1.6242832,23.062632,1.8536886,19.702928368448415,1.271111354351771,21.06971982254774,1.7374948116127231,,
1999-09-02,319.810164444884,465.3572673501559,37.54472940183148,15.520881,1.6696177,23.674011,1.9189919,20.35312206674216,1.3251661925133298,21.750990557043956,1.7915570226792634,,
1999-09-03,322.11537421611195,468.5547698258607,37.03669479489039,15.934993,1.7996155,24.349373,2.027408,20.92139318525087,1.4074805170224993,22.346423092479743,1.8738781869629064,,
1999-09-04,323.39763753290083,469.1053807768923,36.52671855627601,15.971295,1.7228111,24.938244,2.2113888,21.279090655491398,1.4858303342014763,22.721217279070135,1.952232498767434,,
1999-09-05,316.9647964081529,457.1087046746044,36.0330614079275,16.115126,1.6577212,24.26889,2.101495,20.930116514657524,1.4144976989516411,22.355563367212824,1.8808954767643167,,
1999-09-06,287.3212766418734,422.9549323137627,35.58954590275166,16.10812,1.6942874,23.639902,2.0529652,20.59314194534825,1.401513648017745,22.002482565380507,1.8679073220506168,,
1999-09-07,233.560658000977,365.4892931547925,35.21972788120717,15.846853,1.3262386,22.993874,1.9392009,20.207356762114024,1.2911938679739443,21.598258169128364,1.7575830031920945,,
1999-09-08,187.4268268875827,311.73360932121386,34.89367165519807,16.14639,1.8136792,22.82264,1.9529252,20.315814022953223,1.3968807039361013,21.711899316293074,1.863271097973792,,
1999-09-09,246.9387945549612,395.2904301687504,34.44557558775457,16.154549,1.80935,23.68813,2.1068487,20.791448170309636,1.4715924770328168,22.210267150019128,1.937988550380102,,
1999-09-10,235.573411801554,384.18688585808655,34.073640598639265,15.993943,1.7403471,23.594067,1.940008,20.705228778053943,1.3725354768622988,22.119926765539862,1.8389305015134438,,
1999-09-11,259.41070147914854,407.0522356010354,33.61740082170212,15.803771,1.6580573,22.766457,1.7235721,20.05633567859677,1.2347791922476106,21.440018794058734,1.7011665970272416,,
1999-09-12,289.3317195559217,442.2005949026387,33.12328305236244,16.026392,1.6802845,22.206482,1.6339052,19.7621660543565,1.1904445503856902,21.13178886734833,1.6568286593624888,,
1999-09-13,299.5030940263247,445.3946028456977,32.63124090072806,16.18948,1.675788,22.144104,1.6230808,19.74991165779948,1.181452901942176,21.118948752525444,1.6478368757705022,,
1999-09-14,306.0142701706942,445.6919882494652,32.13802547490068,16.276812,1.5256828,22.150227,1.7178943,19.75920113267685,1.1929820698829734,21.128682232547472,1.6593661461451792,,
1999-09-15,290.5934305512425,440.89321358961087,31.679734697712025,16.294466,1.3371505,21.369146,1.6177487,19.353157706127206,1.1103814864595343,20.703231318198775,1.5767611774319552,,
1999-09-16,309.357489506,25.679930495358057,31.88379519243403,15.1282015,1.580244,24.500374,10.091466,15.846559257022978,1.6514607270604573,17.02902944993451,2.117810390984976,,
1999-09-17,32.315789505999994,1261.5277,34.82917468031284,16.007078,1.2701389,14.888361,0.90772796,14.916302710186507,0.8856243675237344,16.054309820082178,1.3519684256886224,,
1999-09-18,32.315789505999994,25.679930495358057,35.87645030194295,15.987126,1.5424701,21.0275,1.7952718,18.21895395609003,1.1707333791149714,19.51481650599138,1.6371018193957374,,
1999-09-19,32.315789505999994,56.037968,36.43794128407464,16.097013,1.5859077,21.424166,1.5620773,19.47573550940702,1.1480539993437058,20.831667921464103,1.6144349942979432,,
1999-09-20,54.9368420988,156.65246549535806,36.81559519721256,16.250162,1.3806518,20.968159,1.4110023,19.743182672637133,1.1044443370482848,21.111898144874225,1.5708282367385533,,
1999-09-21,54.9368420988,635.217770495358,37.42711701478007,15.427453,1.1057673,16.451317,0.9806762,16.369816482026444,0.9068951499213512,17.577296581627795,1.3732484019197693,,
1999-09-22,132.1660670988,1629.473400495358,38.49575105397934,14.821248,1.303895,12.892363,0.8702163,13.037076203608263,0.8108513386329472,14.085262710303944,1.2771870916628612,,
1999-09-23,54.9368420988,1157.879230495358,39.36922868727806,15.701324,1.3987827,13.316759,0.88040954,13.424772594190957,0.8429144315602481,14.491489663082678,1.3092515673077265,,
1999-09-24,54.9368420988,738.970430495358,39.84495168506489,16.0586,1.6184767,15.326988,0.8884176,15.377614298608378,0.8344903339213854,16.537670525515836,1.300837048262535,,
1999-09-25,54.9368420988,594.178730495358,40.18594707196383,15.869044,1.5425831,17.009462,0.97154576,16.912944927111866,0.8988522841425608,18.14638470979659,1.365209591657225,,
1999-09-26,54.9368420988,520.9769304953579,40.4396122027695,15.903913,1.5439445,17.548923,1.0179834,17.392004677477882,0.9325801380424235,18.648341878646267,1.39894130267596,,
1999-09-27,54.9368420988,501.294880495358,40.62719413813056,16.19781,1.6442378,17.59531,0.9939694,17.457284478016796,0.9103997891773336,18.716741830503107,1.3767614997249247,,
1999-09-28,83.00255516027141,496.4412960675572,40.74657278969809,16.330349,1.5375003,17.584984,0.9377142,17.405263394241913,0.8330323041976654,18.662234316748965,1.2993935793152283,,
1999-09-29,88.53300411458004,506.1544712601762,40.82226116959004,15.880515,1.2396206,16.95375,0.89553905,16.79397464748899,0.7842401231574547,18.021728057487298,1.2505965134720505,,
1999-09-30,210.1273820988,1050.815890495358,41.21311066701309,15.011096,1.2486109,15.386261,0.92095363,15.323742363956638,0.7951883231848228,16.48122369653974,1.2615347147863698,,
1999-10-01,38.7789474072,569.344590495358,41.30622162557965,15.630321,1.3049414,15.270281,0.9262691,15.293239924690168,0.8711858982831626,16.449263344943706,1.3375321086203305,,
1999-10-02,73.40338632978718,457.7666162358057,41.34932376477642,15.857767,1.4611875,15.624193,0.90584916,15.656471211996038,0.8063598369728014,16.829855846138756,1.2727082749651495,,
1999-10-03,70.72917506586413,408.2633269882864,41.35646143690413,15.67721,1.3709075,15.694621,0.8717506,15.6920501020852,0.7701076993393103,16.86713528555383,1.236456363646634,,
1999-10-04,110.7799474072,359.840630495358,41.45353823205142,14.902669,1.1936929,15.1628685,0.8821299,15.101619813521411,0.7306719645661258,16.248484447481662,1.1970170605170178,,
1999-10-05,38.7789474072,394.59807049535794,41.611401584885904,14.784968,1.10358,13.457225,0.855701,13.576032476202935,0.7853650959471842,14.649979250398788,1.2517028177824503,,
1999-10-06,38.7789474072,321.65163049535795,41.73461395829562,14.653067,1.0388055,12.245747,0.84834856,12.504751653384414,0.7652796475007513,13.527494866239838,1.2316137820715567,,
1999-10-07,38.7789474072,266.284760495358,41.82507814447219,14.065723,1.0919536,11.430061,0.84776294,11.76510021415248,0.7529033145451807,12.752490616584575,1.219235738341819,,
1999-10-08,54.001603422570845,277.9593304979148,41.77224730149016,14.150788,1.1003326,10.471975,0.9087094,11.07042466002066,0.7816561616032992,12.024611945594842,1.2479875484726735,,
1999-10-09,46.852030856626286,299.7752740237756,41.72358825171006,15.011153,1.3139576,11.031976,0.8478223,11.569823005204022,0.7544287801366708,12.547879824570126,1.2207608566762944,,
1999-10-10,54.8207694072,339.751130495358,41.76101537389082,14.670432,1.021559,13.479435,0.69112045,13.644908936931222,0.6117896207240119,14.722147770507483,1.0781276181061454,,
1999-10-11,38.7789474072,370.768880495358,41.8833281517022,14.303767,1.1688799,14.390635,0.80435985,14.382409310072902,0.7365601475109229,15.494898140466429,1.202901435420682,,
1999-10-12,38.7789474072,300.79413049535805,41.9293569592981,14.005662,1.1579368,13.923822,0.8816864,13.933168409031442,0.7921142317547898,15.024185060008383,1.2584534412184674,,
1999-10-13,41.00156226782401,332.5789717217994,41.91336164755355,14.323118,1.1486328,13.09675,0.828024,13.231347748583913,0.7478480675330926,14.288819771045373,1.2141844919425724,,
1999-10-14,79.28793011054609,252.89667271748823,41.996139764651566,13.355615,0.9951236,13.380447,0.9124433,13.37452015509901,0.7341411279448246,14.438835329181504,1.200478074769797,,
1999-10-15,43.46814147940574,326.34773153530176,42.06382869772262,13.109443,0.9806298,11.682296,0.88530314,11.850042584596235,0.7897017023053723,12.841492941974575,1.2560342907653725,,
1999-10-16,52.00098849260534,339.41420537305703,42.110986625705216,13.814997,1.1689622,11.29641,0.8316117,11.631013427897882,0.737662101131427,12.611994940299757,1.2039942817923726,,
1999-10-17,60.498702869745074,346.07489250873664,42.12268547449162,14.4058275,1.4202427,13.167795,0.72367865,13.352016074103856,0.6512380751386181,14.415255630041136,1.1175749382965154,,
1999-10-18,67.31014780363213,344.19294593257945,42.115860400127296,12.511344,0.94494927,14.17003,0.85119265,13.89871605771685,0.7285468647879576,14.988086004070427,1.194885924384926,,
1999-10-19,85.3133498882344,369.4553492654717,42.06029193398649,12.283248,0.9867392,11.718636,0.8917943,11.824555281240631,0.7477702002997811,12.81478743264256,1.2141027384852676,,
1999-10-20,42.6474674072,222.13841049535804,42.107626813608825,12.501254,0.88190293,10.000694,1.0693465,10.403444390225769,0.9082887559748621,11.32575229886175,1.3746196666438766,,
1999-10-21,38.7789474072,225.3834504953581,42.176797918429095,12.151149,0.8895781,10.552443,0.73462844,10.787132067043963,0.6402448084747951,11.727778935061144,1.1065759309213257,,
1999-10-22,38.7789474072,241.94409049535807,42.19575352391088,12.175651,0.82257205,10.920274,0.7291669,11.093690939171067,0.6386303558453716,12.048990273356843,1.1049617685102702,,
1999-10-23,38.7789474072,80.47970049535806,42.34486908860514,11.274873,0.9028607,10.710863,0.81134725,10.894260305781444,0.6212664700787924,11.84002753741071,1.0875976817251152,,
1999-10-24,38.7789474072,162.08143049535806,42.48517164976949,11.096082,0.8981462,9.248953,0.8646354,9.60556731578965,0.7189298823344696,10.48973942767392,1.1852608917578706,,
1999-10-25,38.7789474072,194.56463049535805,42.58152198032389,11.102478,0.92505306,8.592153,0.8556985,9.009339041235274,0.72986573519888,9.865013479700242,1.1961972937752803,,
1999-10-26,42.39038706307205,217.53219871736715,42.64248694265811,11.451047,0.85415894,8.633926,0.88566196,9.093366383115653,0.7541972973150858,9.953057041289403,1.2205287538851177,,
1999-10-27,38.78733027693925,285.5898240006354,42.63734636627471,10.910702,0.90353566,8.845141,0.73005855,9.092130355925027,0.6517788000339868,9.951761936224214,1.1181102580459914,,
1999-10-28,41.5135237970702,330.0352248531167,42.59350135628928,10.835004,0.9204706,8.228091,0.78214127,8.519364267186846,0.7023227130669474,9.351619586347276,1.1686550272972973,,
1999-10-29,41.36637474684027,320.3440217408717,42.51256320584781,11.339986,0.8124445,8.068525,0.8998592,8.442660157281445,0.8023463607271537,9.271249282188279,1.268678818110805,,
1999-10-30,61.26739688142913,334.57517424107203,42.39433211888596,11.57392,0.7385019,9.1850605,0.82426333,9.55480147643445,0.70600061017871,10.436547154731883,1.1723316505236467,,
1999-10-31,70.87667934756098,360.74264428026754,42.24732855402127,11.546668,0.75889164,11.27679,0.70811844,11.321106689236384,0.6048151864146325,12.28727571889343,1.0711468838200764,,
1999-11-01,95.31649783952378,375.96726223820434,42.225083842130815,11.28942,0.74211794,12.039272,0.73708266,11.887615727335684,0.6068623757086367,12.880861952499606,1.0731950396378602,,
1999-11-02,56.9618141291738,243.9365325538316,42.36678783569291,11.264396,0.7657758,11.465099,0.7687723,11.42710496726549,0.6398767241405235,12.39834035227534,1.1062085744745063,,
1999-11-03,148.3598974072,32.14293049535805,42.73499945323429,10.443284,0.8318585,10.542965,1.4042647,10.461034650030088,0.7280197713905675,11.38609517622226,1.1943507031065939,,
1999-11-04,82.9405874072,141.09158,43.03595053306309,9.979936,0.86965346,7.759154,1.0926992,8.58132571845016,0.759754603998558,9.41654258317635,1.2260868075034936,,
1999-11-05,85.0662014072,151.69772449535807,43.2889661708882,10.465953,0.83297575,7.024358,1.175821,8.260878177398723,0.8106317872648783,9.080778745057776,1.2769646107809591,,
1999-11-06,74.6861387426722,217.84856615733068,43.43239741714493,10.456964,0.793567,7.3700147,0.9325498,8.158134120878406,0.723413690976886,8.973123873848774,1.1897467381508386,,
1999-11-07,52.272786321207306,288.66993697506257,43.479271867148206,9.245008,0.9019344,6.8804216,0.797631,7.2429562628233,0.6893516599531838,8.014203642557641,1.155687232078166,,
1999-11-08,47.57890357840184,316.843507375679,43.533929668432805,8.836481,0.91949326,4.7770452,0.86885023,5.307044231392306,0.7648928505471035,5.985761633608468,1.2312369201983655,,
1999-11-09,53.48157215120322,387.8008493567969,43.45570394891693,9.859229,0.8314047,4.324544,0.9390298,4.995324496078307,0.8313523388376549,5.65914276050707,1.2976981774134682,,
1999-11-10,48.90017813245227,424.7126642803908,43.37545922205784,10.675855,0.7248606,5.7876024,0.9773101,6.292310880096497,0.879593326178934,7.0181206601551684,1.3459325354585547,,
1999-11-11,43.68832437017342,457.2103494814317,43.422918589703215,9.2516165,0.8802335,7.789391,0.7383616,7.91692617422517,0.6783205268690625,8.720387011873632,1.144654146560813,,
1999-11-12,96.05109820245345,473.5008221025543,43.39994465864224,8.397253,0.88012993,5.204227,0.95027375,5.742709327202008,0.8038388551897697,6.4422500317512466,1.2701806387574255,,
1999-11-13,114.840389682571,488.8432289385625,43.333995984087,9.179944,0.7956001,3.6374002,1.0075305,4.691773468221931,0.8297846586339088,5.341083031156438,1.2961323265783613,,
1999-11-14,115.70857434905012,469.4100684291308,43.26331386380016,9.381028,0.7547925,4.4479475,1.0708982,5.423475694395987,0.871995353069378,6.10775812254268,1.338338790510175,,
1999-11-15,116.02504443244914,471.5758832568736,43.18510069164834,7.9879436,0.8497821,4.730661,0.88798064,5.373829358654707,0.7321313379376787,6.055738861660475,1.1984750430567792,,
1999-11-16,137.0708014104206,494.70653997517866,43.0814695786307,7.1321816,0.86595905,2.7375937,0.8646491,3.6910461707092193,0.70263863632183,4.292524389637753,1.1689930815675427,,
1999-11-17,143.52022724290018,502.0347738354045,42.96344675624162,7.1891055,0.90190715,1.2610602,0.82150084,2.5789872979200346,0.6695915137659249,3.1273129041123315,1.1359548337638632,,
1999-11-18,151.2304729177613,500.1956869977849,42.80581534451282,7.7790823,0.89617753,0.35855132,0.8861398,2.0812491173974563,0.7115167591532382,2.6057845399936275,1.177884509475706,,
1999-11-19,155.1277608530524,507.5368087415509,42.662207942596176,8.795278,0.7595044,0.9281366,1.005428,2.769810376480088,0.7903194983795172,3.327256673531494,1.2566811950041,,
1999-11-20,142.8702233310732,513.0770624404752,42.54836220598501,8.86321,0.72842,2.7985363,1.1581943,4.119467517661573,0.9197186430809307,4.7414228124893185,1.386070046694066,,
1999-11-21,130.36320882828528,486.06201082129496,42.4360922141415,9.041161,0.7981292,4.320676,1.3580723,5.318976239772785,1.0840844661226117,5.998263951202004,1.5504284702713138,,
1999-11-22,147.0672741404408,488.5212779966757,42.28660608047077,9.425482,0.875986,5.662713,1.3289101,6.533370869881687,1.0413340206629693,7.270702493429739,1.5076722098317834,,
1999-11-23,151.3107595088209,518.7961780215983,42.05547355635301,9.6319475,0.9305408,7.8837233,1.0891074,8.278473895801232,0.8689716388176794,9.09921547865197,1.3353044252415514,,
1999-11-24,163.56744916781662,547.462809141228,41.83543805994631,9.394742,0.94164926,8.941828,0.9230863,9.046017470241248,0.7430147821313109,9.903445012233764,1.2093462951881442,,
1999-11-25,116.96532246587972,544.0387505214346,41.65281670526848,8.440433,0.7888682,8.508178,0.815726,8.496190175779745,0.6857405078020621,9.327337852587583,1.1520728645729186,,
1999-11-26,207.0566574072,1180.212550495358,41.79749476731599,8.613296,0.9105022,8.181729,0.70000315,8.246142670849585,0.6108331524145935,9.065338931666396,1.0771660072659406,,
1999-11-27,38.7789474072,5501.957730495358,44.844724304594685,8.354672,0.8006802,9.078461,0.7688409,9.073394986657368,0.7634804668261888,9.932131080349217,1.2298119469092168,,
1999-11-28,38.7789474072,3595.173130495358,46.64895227447526,7.1241827,0.74249035,7.289078,0.7183064,7.287318587968911,0.7106853197881796,8.060686335200188,1.1770207474263408,,
1999-11-29,38.7789474072,2159.8698804953583,47.763267935727065,5.90337,0.7410128,5.276237,0.6053134,5.287298146845799,0.5947807325244071,5.965071753719252,1.0611249109324756,,
1999-11-30,38.7789474072,1630.957075495358,48.52455161756337,4.9660034,0.7702002,3.688496,0.52906334,3.7181657060520164,0.5170855553695003,4.320940146066442,0.9834398018535346,,
1999-12-01,38.7789474072,1181.203495495358,49.09374834397477,4.4503136,0.8091146,1.7784663,0.4648564,1.8633949619852137,0.45081445996810104,2.3775177006498556,0.9171842385254898,,
1999-12-02,38.7789474072,972.584890495358,49.47222803799328,4.9064245,0.81255955,0.40543038,0.42486694,0.5780129909375786,0.4097623693222642,1.0306988652446019,0.8761452195831231,,
1999-12-03,38.7789474072,812.542830495358,49.748135109232265,6.389667,0.7155142,0.5057086,0.63426924,0.7737314563102279,0.6062540899831506,1.235772004231959,1.0726348279547084,,
1999-12-04,38.7789474072,882.822497495358,50.04833294847116,7.104884,0.7296231,2.0540047,0.7525017,2.266534489686648,0.7214916092779888,2.7999259197118826,1.187857677290425,,
1999-12-05,38.7789474072,767.688100495358,50.30173635882724,7.9369974,0.86917704,3.5350347,1.1326561,3.7467029233068,1.0790021133551941,4.350841344756407,1.5453561515954124,,
1999-12-06,38.7789474072,764.909430495358,50.58665318872231,7.8864884,0.91626036,4.5009284,0.930472,4.664285815315592,0.8866784710027853,5.312281562403017,1.353026309806593,,
1999-12-07,38.7789474072,741.8365304953579,50.96059313756491,6.3227644,0.6806779,4.6669755,0.81407297,4.749230785762608,0.7743705631625438,5.401286612067544,1.2407178767513791,,
1999-12-08,38.7789474072,703.117130495358,51.19382821277906,6.1886597,0.691847,3.6727476,0.8550847,3.8042544688296482,0.8111958631801381,4.411143657425131,1.2775494842841453,,
1999-12-09,78.34460129766266,632.6669304034407,51.33769311202403,6.6135406,0.68530095,3.0294242,0.9298589,3.4243491143189466,0.8308386582076192,4.013080125610306,1.2971951029079705,,
1999-12-10,88.49037959009132,628.2412586202048,51.44615683176037,6.265622,0.6842729,3.2234035,0.89008266,3.599007197115291,0.7847504879327487,4.196086267725527,1.25110561401202,,
1999-12-11,112.16496180768696,595.6340267922892,51.65076855292058,5.311714,0.69259167,2.8905525,0.8678708,3.274234199529687,0.7385401869777167,3.8557902310362846,1.2048977928818045,,
1999-12-12,196.38842082201293,533.6824739880825,51.613087991981565,5.4941044,0.7029849,1.0682514,0.9732324,2.258801892418185,0.7361369830973381,2.7918237307265485,1.2025031205333792,,
1999-12-13,259.46443012142873,503.1646875026975,51.568369702375975,5.5651445,0.651839,0.024576366,1.0124308,1.9096084612566988,0.7038301568380373,2.425940047213573,1.1701995006098642,,
1999-12-14,38.7789474072,564.2226304953581,51.70448061675257,5.13542,0.73006946,1.7184681,0.6434796,1.938211762340147,0.603925307360573,2.4559104883133167,1.0702943832505418,,
1999-12-15,94.0147374072,850.144390495358,51.91717938701878,5.573602,0.6010404,2.7699008,0.8071778,3.049079639705405,0.7292629431578999,3.6198740529047617,1.195622339042456,,
1999-12-16,75.0170794072,1078.441630495358,52.261507641581694,5.619698,0.6290859,3.4487324,0.7361572,3.589924689940476,0.689494940780882,4.186569647754753,1.1558501345707208,,
1999-12-17,38.7789474072,880.6274304953581,52.38799882824032,5.2248154,0.6413532,2.9527822,0.6973837,3.0486125275207137,0.6685168183277952,3.6193846143543853,1.134876217986158,,
1999-12-18,38.7789474072,745.8322304953581,52.47697847786929,5.009227,0.6605597,1.9977916,0.6349079,2.1466300644843437,0.6044103350099725,2.674290472857681,1.0707774872198093,,
1999-12-19,38.7789474072,655.8349304953581,52.53377879199566,5.046974,0.6725308,1.25505,0.60587764,1.4667457295731752,0.5732834958899741,1.9619099908060926,1.039657106633164,,
1999-12-20,38.7789474072,659.2914304953581,52.6398375825447,4.971789,0.6798743,0.8352044,0.57142335,1.0649984322559518,0.5409997906994423,1.54096054598154,1.0073774662680424,,
1999-12-21,38.7789474072,813.3796904953581,52.81101098971492,4.9993157,0.6331089,1.2339363,0.5585606,1.405286389888098,0.5339202435115363,1.8975131047723115,1.0002944641350857,,
1999-12-22,38.7789474072,710.5134304953581,52.86506443562021,4.279019,0.6767041,0.6169971,0.5217687,0.8065217372870785,0.49600301780877404,1.2701295485515351,0.9623834061753003,,
1999-12-23,38.7789474072,615.4485904953581,52.86538976982362,4.1252866,0.64331686,-0.12213224,0.4728441,0.12963097753333275,0.4464480070489135,0.5608857243168692,0.9128358615747635,,
1999-12-24,38.7789474072,592.488530495358,52.81023275111166,3.5656543,0.6879046,-0.081834376,0.41404727,0.1422319282361144,0.39090308216223013,0.5740889573890486,0.8572907929131532,,
1999-12-25,38.7789474072,488.960370495358,52.75277358461818,3.4917197,0.7058356,-0.4396943,0.42633936,-0.15080905003919254,0.3984018784312693,0.26704162206265414,0.8647929797156717,,
1999-12-26,38.7789474072,471.81493049535806,52.69535929191511,3.8178859,0.7095932,-0.61708987,0.49003482,-0.28025917191669747,0.45601308170467847,0.1314042268625092,0.9224057120143159,,
1999-12-27,38.7789474072,446.352830495358,52.62963713285773,3.68367,0.6615831,-0.56718206,0.49283668,-0.22739073757459777,0.4565152619132428,0.18679959164445936,0.9229072654425776,,
1999-12-28,38.7789474072,424.019150495358,52.55030150587787,3.2613697,0.69316924,-0.48059165,0.47797352,-0.16704386053204706,0.4417579625313917,0.25003084312416457,0.9081492545256702,,
1999-12-29,38.7789474072,419.8199304953581,52.49462606397277,3.535056,0.658946,-0.6184907,0.53592324,-0.2672683509689585,0.493759823389182,0.14501596464465016,0.9601522993903446,,
1999-12-30,83.33448388239778,417.8196540421644,52.370515545553296,4.202754,0.65050703,-0.9399097,0.7682554,-0.08476116196999141,0.6495756825096506,0.3362463734081524,1.115966011038103,,
1999-12-31,64.9885594032421,412.6949491858332,52.24071274406859,4.231096,0.6077014,-0.68091834,0.7719676,-0.012641713155451395,0.6720468763772453,0.41181288534802457,1.1384363668093302,,
2000-01-01,147.4140801449779,349.3845672344859,51.99629015797996,4.267421,0.89173746,-1.1092806,0.74026024,0.4861373736079651,0.5839895925830478,0.9344319074677192,1.0503734495164112,,
2000-01-02,153.51167473384646,348.13420883804304,51.723650435832205,5.9815006,1.0375004,-1.4717478,1.3875444,0.8090656200014412,1.013924120108612,1.2727950201638163,1.4803044814040327,,
2000-01-03,38.7789474072,421.58033049535806,51.69025770747256,6.738825,0.9141767,0.2904913,0.81688666,0.8336748628294591,0.7520282640354146,1.2985805006765252,1.21840836382995,,
2000-01-04,38.7789474072,512.3048604953581,51.88984702861676,6.43198,1.0098327,2.727941,0.9234417,2.9885887549025183,0.8613965337949488,3.5564919105860424,1.3277564204623633,,
2000-01-05,38.7789474072,552.784455495358,52.400087995545,4.4145813,0.69318175,3.0193672,0.6822436,3.1108281386831678,0.6391376177631318,3.684573919056977,1.1054965169772704,,
2000-01-06,38.7789474072,617.9769304953579,52.60746248281848,3.0590048,0.61131835,1.2088778,0.5632307,1.3181207935992783,0.5312018733695071,1.806181290941571,0.9975769663714338,,
2000-01-07,38.7789474072,578.5784304953581,52.69233301777601,3.377633,0.5370415,0.47316542,0.522357,0.6556078832918336,0.4907063482442942,1.11200252820852,0.9570883558230665,,
2000-01-08,38.7789474072,553.426380495358,52.76089867349468,3.4443555,0.5413453,0.13016474,0.44983464,0.3471854657832512,0.42187041245864004,0.7888385734323191,0.8882558102114679,,
2000-01-09,38.7789474072,517.112730495358,52.8369912856079,3.9238958,0.51773804,0.14238149,0.52071524,0.40617954885507296,0.4857348308080522,0.8506523720137893,0.952119571686546,,
2000-01-10,80.95722340719999,870.536430495358,53.00605059596614,4.1299977,0.6301892,1.0001472,0.70959103,1.266448533701492,0.651426390143846,1.7520392736534547,1.117802004398232,,
2000-01-11,38.7789474072,1600.469050495358,53.64827212849691,3.775517,0.5564773,2.3044405,0.74574065,2.3392410885326114,0.7282179872607745,2.876107645447608,1.1945834058540266,,
2000-01-12,38.7789474072,1146.5937314953578,53.94638089862591,3.483234,0.55909973,1.9675931,0.62235415,2.0171765998059477,0.6022719129557502,2.5386495750821894,1.0686402541635418,,
2000-01-13,38.7789474072,1008.596521795358,54.09462889810259,1.8584138,0.639963,0.64656657,0.42270935,0.6914350644263504,0.4077476221443515,1.1495421261321745,0.8741292429623782,,
2000-01-14,38.7789474072,900.135930495358,54.20887331895708,1.2320439,0.7031911,-0.035610914,0.26872584,0.016745608249126673,0.25925884808757405,0.4426048202602087,0.7256479987164323,,
2000-01-15,38.7789474072,792.732230495358,54.298483475447526,1.4492826,0.6377983,-0.16008794,0.25217414,-0.08503219025258646,0.2422466388261444,0.33596239090011315,0.7086369705154184,,
2000-01-16,38.7789474072,697.4675804953581,54.39706085608381,2.222699,0.5551892,-0.16784388,0.25878012,-0.041931252261428784,0.24688779528320345,0.38112340639406217,0.7132776253703556,,
2000-01-17,38.7789474072,622.912430495358,54.55298114602712,1.213935,0.6995203,-0.1824758,0.2564692,-0.10063804274364828,0.2448944039517522,0.31961063200591655,0.7112849177832975,,
2000-01-18,38.7789474072,563.1667904953581,54.603955663377626,1.3088222,0.665059,-0.26983774,0.2472834,-0.1681362628903871,0.2352865805801716,0.24888622766728652,0.7016778854176915,,
2000-01-19,35.5473683952,535.5825104953581,54.622024095549314,1.6059295,0.6017485,-0.23860681,0.25530767,-0.1238020805829117,0.24232898297208902,0.2953394323402385,0.7087197676739686,,
2000-01-20,35.5473683952,512.2963504953581,54.70174225218531,2.2614691,0.5504969,-0.22844845,0.26808155,-0.06688774573855903,0.2532188006666827,0.3549740778382303,0.7196089209348222,,
2000-01-21,47.8420089007735,496.6735771287397,54.687350141843474,1.4797467,0.6349912,-0.22623396,0.2636832,-0.07634377433637897,0.24690163502656687,0.3450660833972513,0.7132918654304615,,
2000-01-22,39.11586524993256,493.5515928026413,54.68718355429489,1.2593435,0.6814638,-0.26480353,0.2615701,-0.15287942099635157,0.24747440923651953,0.26487229445095195,0.7138655348247486,,
2000-01-23,53.6736703538259,491.48485483924674,54.64736573886431,1.467459,0.6264717,-0.31710768,0.25316408,-0.1414078815669481,0.23642606408540595,0.2768921342515851,0.7028170550723153,,
2000-01-24,94.78911167877982,466.50053621564297,54.57405608126693,2.3887546,0.53854966,-0.45919132,0.25416285,0.021762256082232555,0.22998747848095516,0.4478612467111843,0.6963765712013861,,
2000-01-25,74.5905637475114,456.346377426983,54.50226159823251,1.8060715,0.60902846,-0.3184954,0.28154048,-0.020018056896939466,0.25666829196524965,0.40408397759046305,0.7230578678444297,,
2000-01-26,35.5473683952,424.42599049535806,54.48795065291287,1.6834271,0.61696166,-0.25703466,0.27463743,-0.10707312895921041,0.25785953094097364,0.31286797066649236,0.7242501199601187,,
2000-01-27,60.78468400891466,412.4778528768358,54.40330355290733,1.3398259,0.6725938,-0.31497002,0.26841435,-0.10243207583431758,0.24938014265456654,0.3177308502661086,0.7157706774428493,,
2000-01-28,71.9861424178514,424.5030140308978,54.29783551412548,1.2784649,0.68194383,-0.33893967,0.2714405,-0.10443159151769929,0.2522685448059513,0.3156357645680637,0.7186591029556229,,
2000-01-29,77.78604166813562,433.4159047212533,54.18637177079789,1.565326,0.616716,-0.38961363,0.2664651,-0.09214407735316169,0.24463356218761406,0.32851057990690025,0.7110239768480904,,
2000-01-30,81.66099700277584,437.7159322956279,54.06081171050619,1.9473816,0.5984734,-0.3667698,0.27121732,-0.00291860590745313,0.24718501452836766,0.42200072388569776,0.7135743924236453,,
2000-01-31,58.25607025245093,425.1340054586651,53.9597729007373,2.2179117,0.58320045,-0.31783676,0.27807897,-0.012239379322965054,0.2544651830338109,0.4122344493623944,0.7208546688070756,,
2000-02-01,89.42631394295455,419.7228424261223,53.82488519474009,2.0151436,0.6044112,-0.4617281,0.29072592,-0.026693477853657308,0.2621220485344272,0.3970894943307991,0.7285117017948813,,
2000-02-02,96.61454862253214,409.5828431756402,53.697349291585525,1.5036175,0.6565129,-0.36087072,0.2724582,-0.005008177919079995,0.2535783199315541,0.4198112774747597,0.7199677220027557,,
2000-02-03,111.66412378585318,424.3411442980484,53.54048496088309,1.7174865,0.62626886,-0.40491223,0.2633292,0.037239754843039694,0.24593100842466922,0.4640785170055753,0.7123199226657745,,
2000-02-04,106.91718540500804,416.9036269666972,53.59087161240355,2.4218884,0.5716335,-0.41231275,0.27325088,0.16617668594545648,0.24679920244451528,0.5991781926658378,0.713186640489668,,
2000-02-05,161.53160550844794,387.0661014373365,53.64445506746908,2.3451319,0.59443146,-0.7940968,0.40188822,0.1302319580604115,0.33322305112614076,0.5615154296587931,0.7996108987907717,,
2000-02-06,182.32813534950336,381.1675027354462,53.66696069615943,2.2002788,0.6144472,-0.7824806,0.41038036,0.18263947604162487,0.34144722528224886,0.6164278478533703,0.8078344762137188,,
2000-02-07,187.1608282096032,366.96271349749566,53.670842804360205,2.2829194,0.6017953,-0.9135717,0.43418732,0.1660754766071858,0.3521259299694043,0.5990721458671646,0.818513369165846,,
2000-02-08,218.4406648440031,338.7651458966248,53.33349410473599,1.4955971,0.6740538,-0.77763987,0.41251558,0.11353425662373991,0.36431673379130414,0.5440196351716855,0.8307047722423669,,
2000-02-09,153.8818145724708,328.6590524212529,53.11821571445614,2.2133121,0.5984147,-0.6610056,0.36948255,0.25561153196769953,0.3158286933161823,0.6928877186102169,0.7822151185887982,,
2000-02-10,169.07715384854782,312.5562189472909,52.87713285262344,2.8531623,0.59120506,-1.0708481,0.5401249,0.30667377321009576,0.40735006070334423,0.74639056043646,0.8737359118414152,,
2000-02-11,128.81648343296877,298.67027836990894,52.68752035695123,2.549876,0.6365248,-1.0474308,0.64438564,0.03656165022803627,0.4893658664311499,0.4633680013079594,0.9557547884861055,,
2000-02-12,73.33543799028078,293.67805194315474,52.56605851482414,1.8059678,0.6729727,-0.30576968,0.34598085,0.1161908126435305,0.3077781134283343,0.5468031654882397,0.7741661215045033,,
2000-02-13,84.66404331455827,329.17295704544813,52.44279074236866,1.9507283,0.64816165,-0.36879015,0.2872919,0.10574405118822208,0.26420348615873035,0.535857084545835,0.7305916137290354,,
2000-02-14,241.097859506,1028.916560495358,52.6493941024195,2.579329,0.73105955,-0.59607637,0.31798548,0.006738393188407493,0.29262373840783706,0.43211929452754055,0.7590130046384447,,
2000-02-15,32.315789505999994,780.812080495358,53.50419566518717,2.3605149,0.69441223,-0.04196918,0.31782776,0.05351170551647145,0.30644170924159314,0.48112821129831634,0.7728304361374647,,
2000-02-16,32.315789505999994,669.820580495358,54.18851436484095,2.708877,0.66669077,-0.09864372,0.3081521,0.03057227734312273,0.2955665019721995,0.4570923568727939,0.7619554930659773,,
2000-02-17,32.315789505999994,594.5451584953581,54.63882008483939,2.1743054,0.7239157,-0.07126951,0.309346,0.044493844391455706,0.29576256092689157,0.47167932723754097,0.7621513916114737,,
2000-02-18,50.228890506,547.121630495358,54.902681861131576,1.9165046,0.75809795,-0.28761876,0.28834835,-0.10228256269782977,0.2716863828034383,0.31788750961943546,0.7380769158450644,,
2000-02-19,90.787473506,460.659610495358,55.07404656487808,2.433734,0.6767626,-0.42001235,0.2940509,0.049814077574932135,0.2697277838609492,0.4772538493808802,0.736116553302455,,
2000-02-20,79.26221550599999,438.256230495358,55.18680275916141,2.6058774,0.6740172,-0.49546027,0.372675,-0.020464845571392373,0.3320512194720386,0.403615833944642,0.7984408005287883,,
2000-02-21,74.735579506,431.100890495358,55.26355983643268,2.9050922,0.7054828,-0.36289883,0.34308147,0.11993548966857671,0.31041543871600996,0.5507268252745451,0.7768034039894814,,
2000-02-22,91.226193506,431.955870495358,55.33085948634541,3.2953162,0.7701921,-0.5267798,0.39065608,0.13967134127615427,0.3493801885458748,0.5714059831253311,0.8157679284980075,,
2000-02-23,62.197951506,508.045530495358,55.43474998913368,3.6058512,0.7561243,-0.43483007,0.43498352,0.005897626490133661,0.39621708255122495,0.4312383420551064,0.8626063584994491,,
2000-02-24,32.315789505999994,601.797830495358,55.63193019626066,4.4630218,0.74640006,0.13671243,0.8505536,0.3571904298879832,0.8081032706788442,0.7993217406209984,1.2744885567503947,,
2000-02-25,32.315789505999994,1555.2186304953582,56.49991780549344,4.710413,0.8367393,1.9388652,1.1780949,1.9952827049330097,1.1542392874634664,2.5157092268748604,1.6206078316558012,,
2000-02-26,32.315789505999994,3783.689800495358,58.31612650463337,4.8009486,0.7367323,2.654235,0.9414735,2.6724143011390527,0.9335214814473051,3.225205398720985,1.3998840014386391,,
2000-02-27,32.315789505999994,3785.015330495358,62.59405725184018,5.5097895,0.90839654,2.6222095,1.4680839,2.6466544875409106,1.455676001711558,3.1982143540883694,1.9220387412850908,,
2000-02-28,35.5473683952,3544.663830495358,71.40128133354102,4.3149757,0.690573,3.3487182,1.3286505,3.358311989725025,1.3154763738970006,3.943886652197412,1.781833326248305,,
2000-02-29,38.7789474072,4801.202240495359,75.38902727625334,4.039005,0.7106869,3.156129,0.98284674,3.163202670947773,0.9749885768541195,3.7394517749304486,1.4413470582144368,,
2000-03-01,38.7789474072,4653.433850495359,77.7509086421632,4.3989844,0.69150627,3.0342321,0.761935,3.04551117991642,0.7556595770990978,3.6161350329360324,1.2220190018196226,,
2000-03-02,38.7789474072,4226.056830495359,79.55739021705944,3.9120717,0.6637349,3.3826036,0.92130435,3.3874179488768092,0.9129471203289623,3.9743837767029073,1.3793038483177358,,
2000-03-03,38.7789474072,3246.642120495358,80.96217177563895,3.8634024,0.67543423,2.8964605,0.75567704,2.907873677981666,0.7468000771975554,3.471918928899061,1.2131606252503522,,
2000-03-04,38.7789474072,2283.7889304953583,81.95167230866804,3.9868193,0.7360086,2.9567127,0.71578,2.973911982224225,0.7039362025649342,3.541113638343764,1.170296208940735,,
2000-03-05,38.7789474072,1921.4659304953584,82.7529830820315,4.091825,0.6912389,3.4986925,0.7563776,3.5104262780853364,0.741540463370236,4.103271483564664,1.2078962538515423,,
2000-03-06,38.7789474072,1657.928330495358,83.7515086398365,4.052283,0.7650711,3.8990145,0.72590834,3.9025174842744583,0.7095328970002917,4.514103309112889,1.1758858146443223,,
2000-03-07,38.7789474072,1532.976930495358,84.62770072405694,4.4648194,0.779287,4.375094,0.79548067,4.377307677792238,0.7760924708037752,5.011586850891734,1.2424421450272618,,
2000-03-08,146.0832234072,1781.622530495358,85.17272267263193,4.9974213,0.8252781,6.4315634,0.78746015,6.322882837195356,0.7304678926028304,7.050153852298346,1.1968069688289744,,
2000-03-09,165.5494934072,2352.192530495358,85.89869495196146,5.5646715,0.9450337,8.135147,0.7692197,7.966130203494439,0.7213225638697451,8.771942825546411,1.1876560613707798,,
2000-03-10,38.7789474072,2719.005605495358,87.23268066164566,4.5654016,0.8075005,7.211163,0.72680324,7.173959323489541,0.7166731552814581,7.9419088853779645,1.1830089566003579,,
2000-03-11,38.7789474072,3376.786390495358,88.64536902180576,3.9305391,0.81659466,5.070739,0.9288949,5.057793426623952,0.9183953927113305,5.72459749239344,1.3847408678892363,,
2000-03-12,38.7789474072,4589.686320495359,91.84196740814528,3.5170722,0.7697448,4.128399,0.9550449,4.1232769802525375,0.9470651719926371,4.745414354370134,1.4134165495015258,,
2000-03-13,38.7789474072,3991.561820495358,93.86375702901854,3.7085438,0.72748446,4.0282993,0.87525797,4.02522272238222,0.8668647087312147,4.642673438155328,1.3332167634386254,,
2000-03-14,38.7789474072,3160.7151464953577,95.30907434059192,4.0428243,0.67924386,4.121253,0.70502615,4.120302430769064,0.6965296545670762,4.742297631589339,1.1628810524575703,,
2000-03-15,38.7789474072,2269.490630495358,96.3844235225937,4.301204,0.67149204,4.364022,0.6261735,4.362966442367675,0.6157571186006751,4.9965601534369375,1.0821068870170936,,
2000-03-16,38.7789474072,2018.2395304953584,97.20402714555684,3.8229074,0.7222809,4.6555037,0.64204156,4.639807630169932,0.6300849385151269,5.286633403681884,1.0964329301992457,,
2000-03-17,38.7789474072,4029.162185495358,99.02310166255802,3.3971138,0.6957328,4.377579,0.92980623,4.3682326126658255,0.9209664355743772,5.002078028673837,1.3873161693753724,,
2000-03-18,204.14401702491992,2622.308230495358,100.0,3.5662184,0.6856698,3.531726,0.9109072,3.5342171465215744,0.8465655972739674,4.128199474187139,1.3129212084302588,,
2000-03-19,1001.1621259568929,2091.975230495358,100.0,3.5629182,0.58505857,3.754284,0.6894614,3.6923441694688868,0.50328666783099,4.293884428301146,0.9696411035443804,,
2000-03-20,820.7766259568929,1671.524030495358,100.0,3.6287403,0.54921246,4.020794,0.7908757,3.8916809068776432,0.5604103576060788,4.502748780359492,1.0267633522868886,,
2000-03-21,618.0822788063067,1419.415530495358,100.0,3.5736966,0.5188364,4.3519273,0.7887691,4.1158482122812625,0.5715895759937722,4.737630516683805,1.0379410044234811,,
2000-03-22,477.53284990844617,1180.1825304953582,100.0,3.6584988,0.549558,5.1404815,0.8090134,4.713571379715311,0.5973238782732323,5.363922808306768,1.0636714113392833,,
2000-03-23,294.92206458291287,941.463000495358,100.0,3.6955304,0.6262789,6.735762,0.8673102,6.010558106005246,0.677111111498181,6.722901066586033,1.1434515973282013,,
2000-03-24,207.4675145829128,792.279470495358,100.0,3.7882981,0.6720509,8.261635,0.8408597,7.333327904815709,0.6808023622008365,8.108894740117282,1.147137642365783,,
2000-03-25,151.26557458291288,728.803700495358,100.0,4.0149446,0.6734378,9.197653,0.8465326,8.30685323365025,0.710522960180139,9.128951251840256,1.1768556875258247,,
2000-03-26,288.6814145829129,724.1389604953581,100.0,3.922598,0.6351679,10.585369,0.88950944,8.68629769567262,0.6612410650570748,9.52653186208129,1.127573090997903,,
2000-03-27,130.4868137792549,599.2156804953581,100.0,4.1341863,0.6181477,9.124602,0.80681986,8.232206451136872,0.6717005733025374,9.05073660829,1.138033458017966,,
2000-03-28,1628.2876937792548,3572.581530495358,100.0,4.089743,0.53456795,8.368473,0.99317443,7.028888655414834,0.7024599549824468,7.789904335268558,1.1687962559562646,,
2000-03-29,1474.264014582913,2596.996948895358,100.0,3.857409,0.4851962,7.029241,1.0402561,5.8806736155006325,0.6864302285568922,6.586808541423218,1.1527713334350114,,
2000-03-30,1166.428314582913,1896.405930495358,100.0,3.8511486,0.41857138,6.068197,0.985561,5.223871697068372,0.6307036079841648,5.898613736454935,1.0970481387469064,,
2000-03-31,876.4662145829128,1444.5502304953582,100.0,3.8677945,0.4026011,5.9866643,0.93611574,5.186533050750454,0.6021272749293537,5.859490430478799,1.068472015271995,,
2000-04-01,793.2843282419163,1164.196130495358,100.0,4.0657983,0.5035493,7.268688,1.0819623,5.970691909420923,0.6750711408692408,6.681129402080755,1.1414118146550665,,
2000-04-02,502.64905458291287,1114.3228304953582,100.0,4.2561836,0.5006538,8.117689,1.0494374,6.917308278213482,0.7397673636281353,7.6729907974554195,1.2061040652857866,,
2000-04-03,866.8183422684002,1512.123430495358,100.0,4.585715,0.5672175,8.849018,1.1779658,7.295592315780446,0.7767498768343559,8.069355518918792,1.2430852777742714,,
2000-04-04,3246.942014582913,3845.4087304953578,100.0,4.346259,0.5572278,9.8334875,1.7145659,7.321384957517251,0.9639893135160744,8.09638096076288,1.4303246317289653,,
2000-04-05,3204.3573325573248,3089.618380495357,100.0,4.15612,0.5187427,8.254312,1.4737171,6.167860748140016,0.77012550892491,6.887722237302662,1.2364652708616763,,
2000-04-06,2089.5791418548893,2376.154830495358,100.0,4.425292,0.5920074,8.395457,1.3558227,6.537761634054971,0.7727693036809298,7.275303121121429,1.2391074748853375,,
2000-04-07,1488.6167727358006,1737.4539104953578,100.0,4.7862234,0.7472941,9.261358,1.3732623,7.196381559909808,0.8160290452782504,7.9654028280525395,1.2823647715177917,,
2000-04-08,1253.1512592249371,1654.586828495358,100.0,5.256014,0.87017405,9.201758,1.2901995,7.501256290735473,0.8243979146313603,8.28484952884954,1.2907326770823475,,
2000-04-09,2079.621583230049,3483.592130495358,100.0,5.340817,0.68853426,8.011759,1.1437753,7.01331643586556,0.7610575448746031,7.773587816855798,1.2273939009131012,,
2000-04-10,1473.6254694784518,2567.8778404953578,100.0,4.6347265,0.5775616,5.9948,0.9675883,5.498885849443151,0.6498519671974469,6.186772625224378,1.1161950034418613,,
2000-04-11,1220.127624484842,2331.2639074953577,100.0,4.3993044,0.48191816,5.553441,0.88746345,5.156922104085996,0.6056348713248005,5.828464181783737,1.0719797790057974,,
2000-04-12,1278.2673109739787,2202.037515495358,100.0,4.298255,0.49590176,4.95853,0.8636403,4.716020178232614,0.5759929615531525,5.366488651022399,1.0423404795007856,,
2000-04-13,1119.040966100736,1878.6112024953584,100.0,4.5579967,0.5641745,5.5249,0.8718046,5.163949375227409,0.5855425351687418,5.835827332464184,1.051887403046241,,
2000-04-14,1088.9519177294103,1740.675460495358,100.0,5.0582957,0.67081434,7.1374545,1.0447298,6.337312426932824,0.6925877160476532,7.0652731271001805,1.1589267298455228,,
2000-04-15,1022.151997102014,1548.837730495358,100.0,5.5594597,0.7646147,8.480396,1.2054355,7.319115410241792,0.7872480498524288,8.094002936885714,1.2535833753141092,,
2000-04-16,924.1935143516946,1409.468530495358,100.0,6.0628586,0.9040824,9.885712,1.3260628,8.371758079940646,0.8772934456452134,9.196958327917216,1.3436260413388985,,
2000-04-17,883.4633247255763,1470.444530495358,100.0,5.926516,0.82700443,9.592179,1.0549417,8.216390935139671,0.7284415106374962,9.034165164690771,1.194774429513264,,
2000-04-18,1848.1111229765347,4186.76871230984,100.0,5.598821,0.93558735,7.6758113,0.9569971,7.03975744015417,0.7231112200079752,7.801292610765352,1.1894474827131993,,
2000-04-19,1433.437642482286,3610.991006920549,100.0,5.7120733,0.8357727,7.6140676,0.97850525,7.073592049276201,0.7396182852777147,7.836744398545592,1.2059544297174822,,
2000-04-20,1061.0859831096825,3063.9319371993947,100.0,6.118967,1.131578,8.310583,1.019002,7.746829665596918,0.8109235566510644,8.542160471578775,1.277257620083976,,
2000-04-21,1340.112285214713,4024.872040875681,100.0,6.528264,1.0894883,8.71623,0.9347245,8.169701194477893,0.7521967843323947,8.985243814026253,1.2185298057234868,,
2000-04-22,1720.361511214713,5810.304029875681,100.0,6.165015,1.0435658,8.429882,0.89053625,7.912478946310518,0.7272790110987165,8.715727221666747,1.1936126419709308,,
2000-04-23,1665.7929525898726,5238.949146094271,100.0,6.0343337,0.88200015,7.916819,0.8832061,7.462662973527151,0.703101260233845,8.244411583003316,1.1694361388114087,,
2000-04-24,1479.7024384771737,4377.916259925679,100.0,6.071163,1.0307069,8.12946,0.9467075,7.609510594181106,0.7539432127492798,8.398278017951052,1.2202776585561126,,
2000-04-25,1176.3087420956238,3278.1270499635,100.0,6.607377,1.222973,8.480854,0.9678088,7.986114081923566,0.7820349908376579,8.79288186505298,1.2483684395024781,,
2000-04-26,976.8974869688664,2578.815976559013,100.0,6.7280765,1.3114924,8.119615,0.9554634,7.737303110342746,0.7810395250489719,8.532178579548354,1.2473736143129825,,
2000-04-27,777.142420866392,2115.424108380162,100.0,6.6988153,1.1656262,7.818327,0.94503784,7.517549094295662,0.7587768423204793,8.301921072725744,1.225111556258121,,
2000-04-28,747.6795487306882,1944.969606734652,100.0,6.793045,1.1298739,8.148648,0.9958,7.7722320474221664,0.7847367409397271,8.568777000421573,1.25107073600191,,
2000-04-29,699.2223931789277,1644.2913719115863,100.0,7.2868285,1.1696525,9.452026,1.1233177,8.806007195281106,0.8619652504210991,9.65196306656461,1.3282970892504544,,
2000-04-30,555.9622924311643,1259.2823289718422,100.0,7.2031183,1.3449262,10.83147,1.0943091,9.720199774423019,0.86370391809401,10.609850925978508,1.3300348685376617,,
2000-05-01,423.41486694330575,993.88330158466,100.0,7.0707226,1.5825098,10.610548,1.1383674,9.55303256448887,0.9277757480495391,10.434693694842027,1.3941067895250676,,
2000-05-02,381.2124325643119,944.0390511199172,100.0,7.245742,1.626846,10.945252,1.1274264,9.88107747307964,0.9295122728920523,10.778418028698015,1.3958431659103323,,
2000-05-03,343.58683805217044,816.3243985070992,100.0,7.71618,1.7122682,11.818394,1.1394727,10.603243233175007,0.948875642205949,11.535100843525784,1.4152066421428624,,
2000-05-04,103.51904424410768,478.7860390961871,100.0,8.703871,2.0618837,12.85939,1.0983586,12.120644508869848,0.9746517177779926,13.125028713222063,1.4409848858294225,,
2000-05-05,103.4105262964,441.70035497567534,99.977076572041,10.171382,2.5752041,14.830669,1.1510911,13.946776998423912,1.0529167895557285,15.038444093455178,1.5192560585903871,,
2000-05-06,103.4105262964,395.619886948112,99.95829699817948,11.090901,2.69254,17.656027,1.1960795,16.295582543510253,1.1002019667967635,17.499514514606556,1.5665546906989187,,
2000-05-07,103.4105262964,357.03573049535805,99.89878403194402,11.447095,2.7378035,20.672226,1.5016545,18.600375782023917,1.3167779910199118,19.914468991379625,1.7831500506398434,,
2000-05-08,103.4105262964,353.52378049535804,99.76181522481646,11.716197,2.8732,22.685883,1.8846629,20.203291658383566,1.5965536913480436,21.59399876733545,2.062942779645672,,
2000-05-09,103.4105262964,369.042430495358,99.56433627559686,10.426047,2.8582368,23.632946,2.2888267,20.74221938317566,1.894146314730999,22.15868539514034,2.3605417882620445,,
2000-05-10,284.3179262964,785.9613009807334,99.85464277426,10.096568,2.8971791,22.477787,1.3645684,19.188736463668842,1.2635197129800262,20.5309513023968,1.7298976818187126,,
2000-05-11,551.1834026706624,1532.8474220115806,100.0,10.332304,3.1521757,20.540226,1.1740553,17.840440017173204,1.2003068096444562,19.118210894679503,1.6666718226413169,,
2000-05-12,613.4860581416333,1897.946080917336,100.0,10.403594,2.9448028,16.701542,1.1099488,15.163095704376966,1.1050205797697987,16.312898675775294,1.5713660286648945,,
2000-05-13,886.7478958983429,2530.891752098104,100.0,12.097112,2.8549776,16.380314,1.2721757,15.268985323671435,1.198442647904152,16.42384945690648,1.6647887148649205,,
2000-05-14,1619.06123377542,3532.09498793977,100.0,12.407958,2.765453,17.223684,1.3976921,15.710052148118917,1.2938410744645852,16.88599776785104,1.7601898538332998,,
2000-05-15,1235.7263527102398,2329.068970755169,100.0,12.4019,2.7357407,14.775139,1.3740823,13.952462328525455,1.3058777766779335,15.044401162901247,1.7722170706625944,,
2000-05-16,1012.2419048203826,1906.003717426326,100.0,12.780142,2.8942163,14.513189,1.4247231,13.912053045996284,1.3688400643402505,15.002060454799404,1.8351791817916792,,
2000-05-17,582.6296097703074,1196.092918944899,100.0,12.776112,3.0982664,14.583448,1.377109,13.991446047814847,1.373847857135266,15.085248170713493,1.8401873231953219,,
2000-05-18,695.4413529509739,1651.509360076966,100.0,13.128192,3.0725691,15.534458,1.321938,14.82144061765158,1.3016322391161284,15.95491364379392,1.7679757812466574,,
2000-05-19,1096.953579256888,2776.932146583364,100.0,12.411275,2.7798197,13.870543,1.1743057,13.457327230789803,1.1524772036193707,14.52560030002849,1.6188144632966204,,
2000-05-20,1078.308709396426,2737.496917475028,100.0,12.37482,2.61436,12.212978,1.2193362,12.258713130516634,1.1450003127842399,13.269696543019593,1.6113338088274909,,
2000-05-21,871.0867573964256,2538.6510174750274,100.0,12.295354,2.2528765,11.650824,1.1950716,11.815481946051042,1.0596857289768582,12.805280423046554,1.5260182494442347,,
2000-05-22,888.116939022544,2615.838246005156,100.0,12.7942095,2.122895,11.826044,1.1675817,12.071436516054353,1.0243466213297638,13.073468746559097,1.4906796777542812,,
2000-05-23,1274.395892013598,3235.644517764132,100.0,13.333652,2.040759,12.491312,1.2956254,12.72933074098811,1.0938656992060605,13.762808066545784,1.5602004770544002,,
2000-05-24,3143.6777342877926,8027.319138834026,100.0,14.435123,2.2806659,14.253314,1.4444195,14.304477781775777,1.220344414797509,15.413241751512304,1.6866853256037397,,
2000-05-25,2895.0075948076023,7533.925219939151,100.0,14.676023,2.278633,14.582193,1.4123338,14.608239770854063,1.2004451010987611,15.731522525310117,1.666787521009629,,
2000-05-26,2145.702698546419,5633.51594463787,100.0,14.657271,2.2525094,14.213291,1.3439543,14.335751995369334,1.154661448785223,15.446010765610081,1.6210025100900793,,
2000-05-27,1623.0652536731766,4038.4477480423566,100.0,14.594104,2.2166438,13.894955,1.3674755,14.09538955853547,1.1641810704018891,15.194159825933445,1.6305210037676754,,
2000-05-28,1262.9135709228572,2954.839945605177,100.0,14.340191,2.156316,13.459648,1.3489921,13.72330730322405,1.1445648033519584,14.804293310717702,1.6109031209770466,,
2000-05-29,985.3687845540876,2322.391333130176,100.0,14.579099,2.0272133,12.904699,1.3492146,13.403496342032927,1.1234099775805244,14.469196478800724,1.5897470329880257,,
2000-05-30,640.1766229765348,1643.0272150513194,100.0,14.859054,2.0678823,13.174642,1.3316476,13.646925848357172,1.1200267861599928,14.724261083405128,1.5863647916927417,,
2000-05-31,431.9440326154335,1144.407641068624,100.0,14.932282,2.5412567,14.496933,1.2655755,14.616225274830814,1.1528511607675385,15.739889709079879,1.6191936217743816,,
2000-06-01,228.66115410886357,924.2160912820844,100.0,15.067882,3.2418144,15.188217,1.3075165,15.164349858508752,1.2296802207071194,16.314212774187467,1.696025676847529,1.6007161131582575,4858.399283886842
2000-06-02,157.8695065160058,770.3212830032387,100.0,14.057466,3.52524,17.821548,1.3449627,17.181341816921826,1.267051406368893,18.427610053470598,1.7334108425344705,1.8355691476968186,4856.563714739144
2000-06-03,223.54505686013067,612.5509593474694,99.96926839361532,12.736038,3.7006073,20.242191,1.229177,18.235288530198044,1.3378790579821576,19.531931816904812,1.804247649853236,2.1483463071592497,4854.415368431985
2000-06-04,294.82546346898994,597.0627848453296,99.73227404775788,12.073508,3.605411,19.481543,1.1897266,17.032718805505063,1.4334411729094905,18.271883370150462,1.899799420170138,2.3404572354961566,4852.07491119649
2000-06-05,277.2646893513681,626.5129149243867,99.4194154761419,11.80474,3.3310423,17.345675,1.1307559,15.645803337425154,1.287919056295768,16.81867808362969,1.7542674267125813,2.452317799352389,4849.622593397137
2000-06-06,493.4083281550032,1085.2389194503155,99.79836474545326,11.557094,2.6616063,14.385677,0.97329676,13.501599678663878,1.067577718790281,14.571988819573154,1.5339151489500478,2.551972914599718,4847.070620482537
2000-06-07,1033.6155547797039,3467.524837057905,100.0,13.390438,2.890747,13.982519,1.0669719,13.846557115648464,1.0565346614222066,14.933434042867596,1.522873496712725,2.199421374774328,4844.8711991077635
2000-06-08,689.1979655163186,1818.745337057905,100.0,13.4958,2.9102266,14.255934,1.096899,14.047044418342637,1.1279895546611651,15.143503953298989,1.5943292691413997,2.226693510157536,4842.6445055976055
2000-06-09,556.8124355743865,1036.2674180532688,100.0,13.955409,3.2379296,16.042498,1.2506356,15.313019526448047,1.393769753150474,16.469988344052425,1.8601160809089998,2.177502329620608,4840.467003267985
2000-06-10,477.45654834017,666.118584816842,100.0,13.445085,3.5099733,21.263882,1.4068635,17.99943864607548,1.6790211254716496,19.284809114533683,2.1453875581781046,2.3592696397469,4838.107733628238
2000-06-11,413.54741813044274,536.7747146424679,100.0,12.861554,3.5064638,24.368439,1.6183757,19.361039395186243,1.7787500597503838,20.711489725052626,2.245129834051334,2.5615613735321516,4835.546172254706
2000-06-12,1410.6055605086444,4299.656868436322,100.0,14.372127,3.5967247,20.63178,1.3637311,19.085458907522963,1.3578836915064165,20.422737432103812,1.8242605944313757,2.237340658742116,4833.308831595964
2000-06-13,1029.7292518395066,3863.31437997034,100.0,13.984617,3.1294706,16.349754,1.1372409,15.85201692505073,1.1135460702190043,17.03474797583788,1.5798957699518468,2.3887606030178317,4830.920070992946
2000-06-14,1275.5121649264686,3941.429339373912,100.0,14.453044,3.063054,15.642092,1.2330946,15.351376405825826,1.1953021121697147,16.51017855114803,1.6616486689085233,2.3188133643714735,4828.601257628575
2000-06-15,1011.8470286183831,2737.573377177141,100.0,14.887677,3.1801412,16.03852,1.3494476,15.727945424908212,1.3066384958641384,16.904746282105755,1.7729873899663113,2.2584793140579698,4826.342778314517
2000-06-16,975.9235814241667,2158.0504179541285,99.89095534276964,15.357943,3.2611172,17.035975,1.4055856,16.513433178739902,1.4028803910845835,17.72777766551504,1.8692346826545954,2.185762226566753,4824.15701608795
2000-06-17,612.0623202150413,1862.0012886769016,100.0,15.032683,3.4581943,16.897907,1.2880439,16.436466712699982,1.2929231515889972,17.647132465495112,1.7592768831028351,2.323755854959649,4821.83326023299
2000-06-18,972.0683289971986,2187.149493474056,99.7859037828146,14.268302,2.9495275,16.157763,1.2430028,15.576389264831452,1.2506688243954491,16.745946255646142,1.71701675828825,2.594644799598564,4819.238615433392
2000-06-19,606.2958458444286,2277.755309282444,100.0,14.397695,3.263554,15.311175,1.1674033,15.119140060088387,1.1492439758532549,16.266842101944572,1.6155891719506705,2.620906791403676,4816.617708641988
2000-06-20,972.0997332192165,1489.480630495358,99.67385106776312,14.632128,3.4031577,18.09592,1.4595169,16.728038324439453,1.6081368177451494,17.952640203588036,2.0744927066957453,2.626049021616495,4813.991659620372
2000-06-21,390.63564387227274,1276.211930495358,99.87112263528812,14.146682,3.447475,16.530277,1.2397782,15.971667476384413,1.246513638281934,17.160117414520364,1.7128641316141227,2.8461701686727348,4811.145489451699
2000-06-22,763.470886018859,2087.3688795164294,100.0,14.681179,3.6696634,17.147898,1.3320583,16.487296618113962,1.3845830921897477,17.700391866634543,1.850937192814135,2.7549755415012993,4808.390513910198
2000-06-23,972.2628034191922,1447.0520304953582,99.69760830197352,14.811206,3.661624,19.416397,1.4301009,17.56568462293593,1.7020671030759924,18.830323131802018,2.1684297309040415,2.78911922159212,4805.601394688606
2000-06-24,390.9897466320931,937.534430495358,99.8825527538306,13.839608,3.8578274,18.37531,1.255581,17.04043624359932,1.4401988628621396,18.27996967540488,1.9065571712364027,3.2002729284931037,4802.401121760113
2000-06-25,391.43059046239773,854.968970495358,99.91039748509112,12.902589,3.9361575,20.581623,1.3629546,18.17002971825264,1.5498818007544017,19.463553856824504,2.0162497888273263,3.6411167587977693,4798.760005001315
2000-06-26,391.97862394625724,845.022330495358,99.98430639440004,11.7821665,3.725101,22.746029,1.4193504,19.271820017158202,1.5275650639981364,20.61800596573603,1.9939438991831697,4.189150242657267,4794.570854758658
2000-06-27,496.25174106438516,720.589880495358,100.0,11.966622,3.8188214,25.413977,1.4909246,19.929883362391312,1.79024278768409,21.307522489394273,2.25662876359914,4.282288352772349,4790.288566405886
2000-06-28,973.6195006176398,705.9612293520397,99.44877888352836,12.721393,4.300312,30.812294,2.0575833,20.325358756387885,2.638566239235631,21.721900255358875,3.104956744699053,4.1458164200397265,4786.142749985846
2000-06-29,392.27746171415976,615.2520664394661,99.42661455294206,12.342431,3.944068,23.463772,1.4658295,19.133723718242905,1.7774470651117567,20.473309135791165,2.2438244646533025,4.487988010559777,4781.654761975286
2000-06-30,392.7796207982525,499.4570004953581,99.17145056244382,11.6548815,3.742766,23.836374,1.4360687,18.47384823234099,1.833285926496001,19.781893857334644,2.2996567670475057,4.990147094652538,4776.664614880634
2000-07-01,393.65158213402543,449.675620495358,99.08176619981168,10.258875,2.7872257,26.001629,1.5456903,18.65316437339783,1.5401197172002885,19.969780696972435,2.006492290840063,5.862108430425428,4770.802506450209
2000-07-02,394.33749537391503,444.0675704953581,98.78161086374308,9.438756,1.8330961,28.848642,1.7083867,19.719348784174713,1.2498523283956111,21.086925078015373,1.7162359659072708,6.548021670315064,4764.254484779894
2000-07-03,394.92199173575295,638.0080304953581,98.6125385263217,9.019904,1.6225364,27.757553,1.6059158,20.59355409773362,1.1699325454717113,22.002914417241026,1.6363262244446046,7.1325180321529755,4757.121966747741
2000-07-04,395.45240123122636,558.383670495358,98.4515388626109,8.931271,1.7411555,28.212486,1.6921676,20.21865665582675,1.2257244846070423,21.610098159133802,1.6921137503508645,7.662927527626394,4749.459039220114
2000-07-05,396.0380658067946,479.034490495358,98.1268636407615,8.861255,1.4967681,29.446323,1.6649832,20.129986440995474,1.1356123420013315,21.517189811137555,1.602000587432748,8.248592103194623,4741.21044711692
2000-07-06,396.9516869347424,450.465530495358,97.81281337419752,8.373175,1.3859475,28.970652,1.8291843,19.32227175254964,1.1691612699163556,20.670869121618548,1.6355406350340453,9.162213231142374,4732.048233885777
2000-07-07,397.7214004156679,297.36890049535805,97.47036376559838,8.396988,1.3622541,29.52456,2.3473184,17.435645408702335,1.2712236736173201,18.694068487644873,1.737585202664354,9.931926712067916,4722.116307173709
2000-07-08,382.76183099172374,354.24735742359024,97.0489708345992,8.38579,1.2571431,28.818302,1.9117804,18.206784772861745,1.1272341744903862,19.502065677403056,1.5936025020353826,10.827102554475665,4711.289204619234
2000-07-09,362.3706995253024,560.2043059415445,96.65917017780478,8.220165,1.167805,25.631083,1.5438044,18.792390572069067,1.0436314164263913,20.11566143201921,1.5100053610418382,11.977018242965592,4699.312186376268
2000-07-10,366.81977933934144,562.0432956559704,96.38455778108776,8.209307,1.1045399,26.660444,1.6290618,19.373856619138802,1.0779243116548427,20.72491956849663,1.5443042216165481,13.23126687532323,4686.080919500945
2000-07-11,387.89152401516407,575.6703572431492,95.94880999488144,8.170777,0.99438816,28.02482,1.5897453,20.03237568087127,1.0306880466045218,21.414913590345108,1.4970751792411143,14.752216666044921,4671.3287028349005
2000-07-12,404.86922066022476,584.1025402971168,95.588839410639,8.229175,1.0112344,28.825562,1.6465632,20.393730155080274,1.0569352578778952,21.793539573192827,1.5233265645581207,16.52267216797656,4654.806030666924
2000-07-13,413.87873126813116,585.9870358708113,95.18794431405485,8.318722,1.0105845,28.98967,1.702464,20.433255503661588,1.0818985484360342,21.83495409832568,1.5482903207358196,18.686396753060265,4636.119633913864
2000-07-14,447.92790723062245,629.9885934590438,94.85549428761364,8.095725,0.96269673,28.934052,1.7697355,20.2746906514627,1.1089911757461675,21.668810388218517,1.5753810908985657,21.796027890532216,4614.323606023332
2000-07-15,666.8827804354073,536.991424435801,94.48964986585202,7.5691767,0.82310086,31.729132,5.6496058,18.345791548212187,2.5609386607690015,19.64771650144436,3.027308286158663,26.36907680336421,4587.954529219968
2000-07-16,340.7903242596246,248.3556010467736,94.54232142986784,8.035075,1.0386188,28.302946,5.3113103,16.579035255706806,2.3181965035595336,17.79651529751148,2.7845512778392716,30.860759016608977,4557.093770203359
2000-07-17,316.1726291368908,285.1606618378086,94.53575554635349,8.001349,0.9156876,29.567421,4.168722,18.228282362109756,2.03464992674308,19.52459077793129,2.501018453557207,37.83984660748224,4519.253923595877
2000-07-18,307.8812811308076,285.29239955501185,94.46451030942026,8.005999,0.8649086,31.398945,4.059679,19.257053713376344,2.0034833403888133,20.602533883109484,2.469862021022789,47.528137379553826,4471.725786216322
2000-07-19,258.3443329869575,614.79829481951,94.42249679146074,7.7014766,0.84580636,23.511211,1.3385239,18.83344711364188,0.9751423238327728,20.158680335934434,1.441516676968334,62.74001663320504,4408.985769583117
2000-07-20,343.47068462980974,608.48069481951,94.29502962314908,7.92946,0.9058313,23.123772,1.3155427,17.64155826157254,0.9021678387502466,18.909823271004402,1.3685311166141851,83.55980422806056,4325.425965355056
2000-07-21,395.5349675616202,280.5058029463245,94.1348720952107,7.8915486,0.8884994,28.98349,3.0442371,16.643109492103385,1.3659157549129455,17.863652063380993,1.8322710054113822,114.46689641905371,4210.959068936002
2000-07-22,288.3154811721452,272.3597325904896,94.11589371212813,8.048811,0.9036878,26.711493,2.290579,17.11459956458164,1.2058368846069796,18.357677749615526,1.6721957837453276,149.34023739480142,4061.6188315412005
2000-07-23,302.48775615998983,319.69329101694626,94.09009445922064,8.067255,0.9102608,26.50679,1.8645192,17.54198219287351,1.0553132726090673,18.805487806605317,1.5216756987196358,163.5216722285987,3898.097159312602
2000-07-24,265.79428918132885,395.0277664625861,94.05602190038512,8.188403,0.9340614,24.83314,1.5330155,18.13833283278929,0.9904312499914525,19.43034196858639,1.4567989465504236,126.82881853063262,3771.268340781969
2000-07-25,220.08524102484,415.238862948165,94.01614171010512,8.278287,0.9298259,24.159748,1.3544289,18.65818567525059,0.9420157105502766,19.975041999889296,1.4083883332500797,81.12043927905795,3690.1479015029113
2000-07-26,195.26279276893592,385.6988723955656,93.97208572765751,7.7002535,0.8105038,24.1338,1.6198311,18.610440741867702,1.1093677820187133,19.9250150218986,1.5757399393986093,56.29863061892511,3633.8492708839863
2000-07-27,181.82616105774136,266.920220495358,93.9392808452802,7.998414,0.90488374,24.474598,1.7867678,17.798663842108578,1.1242592047558773,19.074437961251498,1.5906238495261416,39.94855496614136,3593.900715917845
2000-07-28,169.3927446729516,256.28233049535805,93.93204339380723,8.21647,0.9219917,25.54016,1.7784868,18.64638630615732,1.1318721292382496,19.962678661287494,1.5982446366994552,30.434849981351604,3563.465865936493
2000-07-29,169.04875317439217,144.45552049535806,93.89860799405814,8.152409,0.8940689,29.33752,4.6321354,17.914018369376755,2.1881509829169974,19.19530604060337,2.654516649306412,24.730903482792186,3538.734962453701
2000-07-30,373.9248006273473,89.34354249535807,93.86896370205648,7.7422996,0.820917,36.163456,30.932152,13.223457146837749,6.002101048325497,14.280552025508417,6.468437444624962,20.891695935747293,3517.8432665179535
2000-07-31,363.9774815867439,173.58370049535804,93.8439613296223,8.104874,0.9597054,33.604828,13.8290825,16.339055298572042,4.5125752349964205,17.545065118756117,4.978928267396763,17.62268689514397,3500.2205796228095
2000-08-01,371.74977566747225,148.20869049535807,93.81137554632345,8.17193,0.9227004,34.82932,14.907154,15.770338506176719,4.300032569975799,16.9491656077454,4.766381737368018,15.259840975872262,3484.9607386469374
2000-08-02,337.9688419660885,154.95011549535806,93.770703075142,8.242852,0.9078383,34.98156,13.784932,16.648221408466558,4.377800511572409,17.869008311872115,4.8441558002663525,13.44090727448851,3471.519831372449
2000-08-03,363.7106030733554,135.52512349535806,93.7207182541677,8.089787,0.89493805,36.602615,19.187197,15.830027145987266,5.249304198966617,17.011707160503484,5.715653754630125,12.107808381755396,3459.4120229906935
2000-08-04,354.1126071499007,126.13161049535806,93.6647326248162,8.191301,0.8568996,36.16812,17.118296,15.539149029323028,4.540139919292608,16.706926064179793,5.006487621264082,10.85433245830072,3448.557690532393
2000-08-05,273.49455032106533,153.82550049535806,93.60770933217592,8.24884,0.9469903,31.775137,7.775693,16.717772095899512,2.8639411514190147,17.941883284417234,3.330296962754993,9.865925629465302,3438.6917649029274
2000-08-06,254.86536503244938,152.39847049535803,93.54302225042144,7.720232,0.7785711,28.40357,8.490063,15.459954583197803,3.214132616653579,16.623946394242452,3.6804798306979483,9.293680340849365,3429.398084562078
2000-08-07,373.0336615987866,228.78165049535804,93.50571353165984,8.264211,1.0566689,29.659931,7.76301,16.39784928912493,3.022937129498583,17.606669261080235,3.4892905825601614,8.313956907186597,3421.0841276548913
2000-08-08,263.13198456956206,213.91428049535804,93.47862467228867,8.609045,0.9660263,30.620865,5.702471,18.47945582147304,2.6119962185489363,19.78776947005862,3.0783671127407954,7.558069877962067,3413.526057776929
2000-08-09,222.71929861853522,181.10465049535807,93.42557286132516,8.428744,0.90650976,32.77869,6.857518,19.349068565264155,3.115794319893952,20.698946730380495,3.5821739676622424,7.118523926935216,3406.407533849994
2000-08-10,145.53913792502613,284.05357173393503,93.43954690994214,8.520889,0.9148211,28.191244,2.2615132,21.52724256718663,1.5271287772706585,22.981230003879524,1.993534145914424,6.58003111843681,3399.827502731557
2000-08-11,174.91688185512135,171.7485246110278,93.25356597588494,8.216693,0.90412986,29.918354,4.7372417,18.968352039358365,2.3908987308573315,20.300033255950748,2.8572744398933607,6.348868826928138,3393.478633904629
2000-08-12,145.03855262682055,382.325210495358,93.36985995635187,7.929906,0.8014871,22.528572,1.4039428,18.513564676428846,1.0414182419949034,19.823508611686027,1.5077894632353888,6.080657935220568,3387.3979759694084
2000-08-13,144.5458960766729,253.24763049535804,93.45473820173238,8.405266,0.9572334,23.610235,1.5705699,18.08521838812578,1.058646116247655,19.37468883503061,1.525013326892522,5.58800138507291,3381.8099745843356
2000-08-14,144.34778360345828,239.16559049535803,93.51270430634784,8.090678,0.8500632,24.987041,2.3374658,18.62754333845528,1.4923841737621903,19.94293506414076,1.9587564975235734,5.3898889118583035,3376.4200856724774
2000-08-15,392.8087327882062,258.298170495358,93.43088774831092,8.434516,1.0208845,31.572462,7.344382,17.613483529603457,2.977947059156908,18.880406662815865,3.4443100957275554,5.019259084606251,3371.400826587871
2000-08-16,392.51757770973603,77.38393049535806,93.34447441191128,8.421056,0.9649599,36.591732,22.63333,13.060235735583563,3.813443932870208,14.109529188740762,4.279779763670484,4.728104006136064,3366.672722581735
2000-08-17,392.330123384853,89.239188,93.22678839976912,8.325439,0.9631524,34.273594,24.732698,13.133869264629572,4.649879864323264,14.186682148771544,5.116215946462856,4.540649681253027,3362.132072900482
2000-08-18,392.1206561166643,77.38393049535806,93.03049178779266,8.258151,1.0396912,31.222816,32.129047,12.043196233567631,5.366241628252786,13.043878675104086,5.8325746218658345,4.331182413064314,3357.8008904874177
2000-08-19,391.916351660678,77.556,92.82633578864522,8.339013,1.0024055,30.204184,24.750572,11.951100490241787,4.173503628610671,12.947381070060816,4.639836423724059,4.126877957078037,3353.6740125303395
2000-08-20,142.9575406581009,77.556,92.63354530757049,8.349917,1.0196759,24.11438,3.3907855,13.894378072826216,1.3635201244710433,14.983540678330678,1.8298591652941334,3.999645966500908,3349.6743665638387
2000-08-21,142.77306377425558,77.556,92.42841846820517,8.474484,1.0792085,24.10315,3.1766577,13.975786540087341,1.3188620323707256,15.068840192045963,1.7852014291003404,3.815169082655578,3345.859197481183
2000-08-22,142.5979157295003,102.14530939526932,92.21032682993469,8.706433,1.1071448,24.15313,2.6097813,15.153220822180595,1.2658970014099962,16.302551807965532,1.7322423933202264,3.6341769855865405,3342.2250204955963
2000-08-23,165.2885600277024,142.27675080532256,92.04201648549352,8.343494,0.8940375,25.32469,3.5513968,16.198831894168972,1.7116587466663575,17.398139514952312,2.178010791748942,3.5876133361024127,3338.6374071594937
2000-08-24,142.33482314452883,214.57288049535808,91.89679773074432,8.757151,1.0358666,23.634613,2.3209805,17.701479747720594,1.4552392388376674,18.972608799358976,1.9216030347223712,3.376928452928825,3335.2604787065648
2000-08-25,142.19518996746814,174.99853049535804,91.68559334245316,8.877654,1.1643623,25.291376,2.656584,17.933247081893903,1.5558332301680897,19.215453819848772,2.0221990683332023,3.237295275868139,3332.0231834306965
2000-08-26,151.70799827083096,206.98089100424252,91.46040665272224,8.974704,1.1203486,25.982346,2.3278947,18.78893823344642,1.4244344787167542,20.112044083411625,1.890808389068651,3.1094419292574775,3328.913741501439
2000-08-27,167.7922451705316,226.16800410949844,91.2063266301004,8.874703,1.0898925,26.789463,3.1521807,19.15935887281558,1.8682188277331988,20.500169563123023,2.334596492128531,3.028428342740681,3325.885313158698
2000-08-28,182.93083808474265,234.5546340919805,90.96211879020088,8.861146,1.1257844,26.326136,3.0210304,18.673449712236135,1.7675263045836986,19.99103560566525,2.233899076595978,2.9395072089757175,3322.9458059497224
2000-08-29,194.7291829122562,248.3874618774325,90.7426497879248,8.844827,1.1147628,26.223448,3.0912478,18.586351050993635,1.8007062176087778,19.899773926147237,2.26707814120104,2.8540732899292807,3320.0917326597933
2000-08-30,212.5865399991553,267.35292411595333,90.44308174034104,8.7615595,1.0980899,26.16023,3.3329742,18.453585159494093,1.919305439427136,19.760662278871514,2.385676086448463,2.784995282501656,3317.3067373772915
2000-08-31,231.01291880902423,287.6222175884182,90.14837050548434,8.945708,1.1898358,25.977146,3.2830758,18.390922426779138,1.8962794138348724,19.69500448173462,2.362649465342943,0.0,3314.6329524654952
2000-09-01,231.4806069461397,284.6415692608899,89.71160198837202,8.92924,1.1242081,27.068336,3.6590686,18.93295845948015,2.080014028882176,20.262947983941256,2.5463893801712696,,
2000-09-02,192.86186451236927,253.30602187849365,89.38599802580978,9.049278,1.059271,26.977911,3.5630558,19.228026606374637,2.0740528496853545,20.5721193796173,2.5404312272347807,,
2000-09-03,129.35625397644657,316.8654042021654,89.1775434160241,9.384545,1.1752379,24.487705,1.9928142,20.109414413486842,1.4555462814775466,21.49563451103597,1.9219342914750488,,
2000-09-04,208.3300479012,182.52540049535807,89.01095977126748,9.191738,1.4281708,29.002834,7.197996,18.443312544274967,3.446506357139664,19.749898667760093,3.912876906227821,,
2000-09-05,173.56263844779417,204.7687009406428,88.77501481388666,9.293979,1.5617923,24.382475,3.2399359,17.460502174705187,1.8943134525617453,18.720113322094058,2.3606751901439247,,
2000-09-06,211.31074169972865,287.2148803776065,88.45922296416852,9.321921,1.3922768,21.97324,1.9957026,16.610708089055738,1.2923892081150947,17.829701984026325,1.758744217209902,,
2000-09-07,223.5014319248062,303.8465872642723,88.11133828696866,9.323601,1.4039079,21.66558,1.7409319,16.434784201410856,1.1662834536944298,17.645369535917744,1.6326371730409281,,
2000-09-08,237.1272196921201,301.5228934667573,87.70080559228177,9.435279,1.3057283,22.672836,1.8303461,16.845333240501965,1.1748105276275194,18.075541415685723,1.6411673119051047,,
2000-09-09,231.0323382727208,317.1014200007217,87.27333767232179,9.483502,1.1833867,23.728111,1.9234133,17.724165610681943,1.2193942557005908,18.996378969022135,1.6857582487759029,,
2000-09-10,229.7817680681778,329.8843646310772,86.86473603398599,9.681175,1.2821295,24.777946,2.0749624,18.579674707944616,1.3315189732923083,19.892778476722413,1.7978908322088794,,
2000-09-11,250.30718311712803,333.27096913536843,86.40776846170726,9.701452,1.3287774,25.931858,2.4421523,18.970344608477227,1.5066285916634456,20.302121063062234,1.9730043208823138,,
2000-09-12,242.1170087530488,297.4573778350567,86.00606267676577,10.070552,1.3078709,24.821007,2.6569045,18.20220479403228,1.5778986830460247,19.49726679124142,2.0442669682057852,,
2000-09-13,472.7714279012,70.92093049535806,86.18287143179121,9.9591675,1.6219369,32.98191,101.74949,12.962326062456212,13.347244956080512,14.006939767925399,13.813580462282737,,
2000-09-14,242.2621279012,190.82106,86.24486347419742,9.98533,1.4343222,26.49289,4.1177483,17.25873608321132,1.9838163455778288,18.508703501129666,2.450176410858232,,
2000-09-15,270.6828379012,176.47125049535808,86.26431823454627,9.739796,1.5627172,26.381805,6.4418397,16.307635149821873,2.712595029526228,17.512143194300098,3.178947838741439,,
2000-09-16,131.1798619012,211.53051049535807,86.15212185945065,9.690138,1.5582751,20.456984,1.842974,16.33573878874604,1.2844283027075254,17.541590091097355,1.750781311496578,,
2000-09-17,141.87779593459646,186.00041510700763,85.98011346072713,9.622651,1.5597848,20.305979,1.8921008,15.683143427283975,1.267931297405304,16.85780290214305,1.734279904922013,,
2000-09-18,175.83023195647306,266.7579521539181,85.83946392866929,9.721555,1.3827559,20.062449,1.4621849,15.954246314604566,1.0384832164195203,17.141863580758702,1.504833593184986,,
2000-09-19,193.00647371921968,268.3664505108618,85.6690790519424,9.679711,1.3550653,20.7678,1.5433991,16.12931137858994,1.061738027278996,17.325296156372595,1.5280895912031316,,
2000-09-20,247.67290417779344,118.90897259562756,85.41120297427801,9.959365,1.3931755,25.00951,4.6294937,14.84121369618629,1.7722939250685656,15.975631807891702,2.2386375739123894,,
2000-09-21,184.18450085463564,237.9245230162671,85.05882155602787,9.986677,1.6480043,23.08825,1.7797072,17.371464277688634,1.2342592913760564,18.626819717960938,1.70062028524473,,
2000-09-22,193.06906867090905,301.1602282768433,84.6949257853693,9.843422,1.6498513,20.942036,1.5332409,16.606398286972155,1.1350246749341215,17.82518618813547,1.6013796520096197,,
2000-09-23,215.88091077480763,329.4781185879124,84.30532726668247,9.604924,1.4269269,19.440527,1.570894,15.547093888664149,1.1044272460898734,16.715250660639278,1.5707749974065226,,
2000-09-24,203.67403414861604,339.50141069249025,83.93896958890316,9.377166,1.7483608,17.421227,1.5564243,14.404951906008634,1.1730952180122467,15.51851819542988,1.6394366162987766,,
2000-09-25,208.8500223927961,342.1990191651479,83.54334935114859,9.259041,1.9591162,15.76711,1.182922,13.30052293962946,1.044484620944204,14.361301299759337,1.5108212948367314,,
2000-09-26,223.525523489244,327.2609462907611,83.15878749649002,8.816132,1.734804,14.578033,1.3459808,12.239682381648993,1.0654821626179753,13.24975618940944,1.531815612156804,,
2000-09-27,183.7878179325148,276.1171070530239,82.89909728555567,9.662427,1.9935929,13.778856,1.1765699,12.133843312972955,1.0647468500335227,13.138858375043444,1.5310800484971145,,
2000-09-28,198.4954818469887,316.1962688085912,82.52903325815394,9.441075,1.8909312,13.772251,1.0152985,12.101894401825005,0.9596161738276571,13.105382415154512,1.425949299018415,,
2000-09-29,220.5157670078537,346.0184712574571,82.13251535156236,9.356077,1.8412768,12.836787,1.0667814,11.481968061853498,0.9685898976460606,12.455825715244549,1.4349218321806219,,
2000-09-30,238.62866926050128,373.7157846097722,81.70581090405243,9.548728,1.6940403,12.333504,1.0453262,11.248285553239018,0.918049288268859,12.21097398152199,1.3843808880589454,,
2000-10-01,238.87520452003537,374.23522355850207,81.27524370786242,9.690685,1.5064007,13.214907,0.92221856,11.84182759616081,0.8132247012597477,12.83288530517347,1.2795572734342773,,
2000-10-02,235.8907779801553,382.9640161634825,80.84565110383726,9.730273,1.4274578,14.514786,0.8940688,12.6910584702464,0.7759935329848957,13.722706512089832,1.2423281971296063,,
2000-10-03,247.08403823133983,395.8572765952738,80.43823469299919,9.8096895,1.3800144,15.598296,0.9298114,13.373719408195504,0.7803845410892121,14.437996309313228,1.2467214849271793,,
2000-10-04,242.75102272959185,406.8783875529724,80.0324112738113,9.429181,1.5673127,15.621693,0.945876,13.30769872446083,0.8330505945186817,14.368820062576454,1.2993872946042735,,
2000-10-05,236.45123447181305,395.0366730436535,79.75993489480625,9.800027,1.7283493,13.866721,0.9524312,12.344008102909058,0.8796566090782652,13.359068323526099,1.3459903186411224,,
2000-10-06,438.5630620988,639.4822304953581,79.7849214497125,10.192636,1.5966171,13.93289,1.2045193,12.41130505234951,0.9656085803560286,13.42958183710669,1.431942464256503,,
2000-10-07,256.29865346558205,497.7260784545059,79.73692887002775,9.323212,1.8989186,13.062099,0.9217175,11.791223496535412,0.8870105835476275,12.77986250256744,1.353343057106315,,
2000-10-08,318.16234372190195,576.647505881436,79.44683975387568,9.133965,1.7866443,10.052407,1.0224737,9.725841916271408,0.9152800917018792,10.615762742920552,1.3816110396306702,,
2000-10-09,279.3002974585258,512.596281443524,79.14023751809765,8.837916,1.5958557,7.7631145,1.0603768,8.142194883415785,0.8876535646500451,8.956422795320996,1.3539866476030857,,
2000-10-10,291.9301657603271,511.3385649768485,78.9123038127207,9.031958,1.5898638,6.542554,1.0999995,7.447272352894125,0.907840543929438,8.228285343314237,1.374175469292234,,
2000-10-11,276.71063092139264,492.6303323564382,78.58912880216694,9.60706,1.7027107,7.290499,1.1570245,8.123702104686467,0.9612237878595269,8.93704612498282,1.4275569126877765,,
2000-10-12,294.2373023558883,514.2150048876115,78.22610918573297,9.478924,1.7072567,9.25052,0.9905167,9.333647711290766,0.8848770623099067,10.204822995590657,1.3512082717510028,,
2000-10-13,302.93064303390906,529.0877583337468,77.91701773163369,9.426171,1.6244568,10.435968,1.0243388,10.068310083800622,0.8798394459726195,10.974599718188797,1.3461703094325104,,
2000-10-14,300.0550247892268,532.8768729409924,77.53142817807712,9.553054,1.3482317,11.804325,0.93083453,10.99332812798561,0.7684560814220643,11.943830462869828,1.2347873872389008,,
2000-10-15,274.237613943804,501.3755651650259,77.20243737254381,9.568145,1.4436939,13.65103,0.83126897,12.207422628364846,0.7411557132121318,13.21595453019276,1.207489084865772,,
2000-10-16,289.3714432489746,536.991211512586,76.86195110474003,9.534482,1.6992078,13.849932,0.88041216,12.338769632083386,0.8254471652265464,13.353579471701776,1.2917808614360653,,
2000-10-17,277.4478908393243,556.4912757594172,76.54436860539819,9.422498,1.837652,11.887646,0.86021286,11.067501839409442,0.8386222617112157,12.02154942414957,1.3049536453838093,,
2000-10-18,604.1747420987999,559.230800495358,76.59976470581991,9.646092,1.9986033,10.638335,5.9718547,10.123047975359968,3.0524515680698157,11.031953893852558,3.518782430462893,,
2000-10-19,353.9300720988,623.686730495358,76.71533016930137,9.500885,1.7838832,10.152126,0.93469685,9.91635511792649,0.879016823211902,10.815381824377946,1.3453477075952263,,
2000-10-20,294.9544220988,446.680810495358,76.71968093307146,9.582012,1.7894421,10.156044,1.1860764,9.927746833837714,1.0083642669870452,10.827318025369095,1.4746951488860458,,
2000-10-21,240.6277120988,409.745330495358,76.71522203237306,9.701075,1.5940741,10.743681,1.1542556,10.357933136812603,0.9363022333289007,11.278065763107872,1.4026331300487773,,
2000-10-22,245.89921562741245,461.6389944184596,76.62137327011192,9.352024,1.594915,10.955584,0.8994479,10.398279364371158,0.8072444913634121,11.320340402427046,1.2735754003301776,,
2000-10-23,248.34198200165,503.82719843339487,76.4789313043081,9.231311,1.6133178,9.027681,1.238226,9.094913236004775,0.9857195928509682,9.954677828458975,1.4520510476188737,,
2000-10-24,270.5131151166976,534.6399281504526,76.26076071607052,9.214863,1.4053684,8.139462,1.4199078,8.50077253718649,1.0544734904098803,9.332139235205553,1.520805838720209,,
2000-10-25,270.074811080025,533.4589532050541,76.02416059593772,9.427917,1.3705347,9.410219,1.0039113,9.416167423216908,0.8101872094592829,10.291286867667345,1.2765183492626353,,
2000-10-26,271.56969058630506,527.1356528371368,75.75306384384828,9.550931,1.3357418,12.140691,0.79913074,11.260140447116756,0.6960152928114123,12.223395498803157,1.16234690807943,,
2000-10-27,269.7560104393774,528.4500493999011,75.43353694976909,9.694366,1.3441586,13.090019,0.805061,11.942448704590376,0.7003076129062242,12.938315758629917,1.1666403898703617,,
2000-10-28,253.7071988124369,539.8097427886541,75.14837772804778,9.314713,1.4324688,11.628911,0.86599207,10.889003920467328,0.746199854009416,11.834519914846636,1.2125310609728024,,
2000-10-29,266.8685870731318,531.8820720761132,74.80715005351448,8.459351,1.4032544,7.2855573,1.2347443,7.6777304221328455,0.9464846488349933,8.469758520481067,1.4128189019834672,,
2000-10-30,284.7369749739231,530.193768116587,74.45720405574924,8.065209,1.2958313,4.5718746,1.485914,5.792446530281368,1.0675074599479242,6.494364503119677,1.5338489963333268,,
2000-10-31,287.906481482866,516.5573643670899,74.11310695297475,7.9612846,1.2092174,3.9855356,1.3249515,5.408401193918605,0.9545114930770032,6.091963112472081,1.4208550114970138,,
2000-11-01,272.41376943307364,515.9684123851266,73.65451425472077,7.9210787,1.1258365,4.6983023,1.2082723,5.811884857404684,0.8812794700875869,6.51473191583289,1.3476209106379975,,
2000-11-02,286.6860131359535,537.0986103473895,73.2058281126183,8.070615,1.0869982,5.36507,1.3056128,6.3066289491700225,0.9315148081894327,7.033123083986538,1.3978539550217084,,
2000-11-03,296.6553244189929,538.9642355540552,72.76714733545847,8.248214,1.0241232,6.1931877,1.3359002,6.92274749184549,0.9352056831555476,7.678689986906016,1.4015423649508925,,
2000-11-04,243.2777298687872,482.7896223313935,72.37621066844572,8.226672,0.94425046,7.254909,1.0569772,7.580510139452549,0.7707526484099867,8.367891440619564,1.2370871777288364,,
2000-11-05,265.2818465385103,529.2579474516656,71.94378819459466,7.6439595,0.9050385,7.2143426,0.9816521,7.357783580806908,0.7203409935550853,8.134519313823315,1.1866761963179835,,
2000-11-06,229.3017599946824,474.29278509558486,71.5553895855629,7.625904,0.9669834,5.6659284,1.1744214,6.304685280199261,0.8520949750723528,7.031086514283075,1.3184341303680625,,
2000-11-07,228.57532756358032,488.4036901936034,71.18320789802799,7.803099,0.9743639,4.842522,1.2458482,5.786364074599174,0.9037300438904255,6.487991326847708,1.3700716103523665,,
2000-11-08,246.3693900138348,473.7942778762581,70.76363373618922,8.0368395,0.9022059,5.0990014,1.3693572,6.104041521969465,0.9523018597317533,6.8208526702762695,1.4186419119474065,,
2000-11-09,286.825090985353,502.36560497960494,70.24908992311498,8.034309,0.87399524,6.487269,1.1423562,7.049528494778488,0.7935263858697938,7.811530688400033,1.2598626142868223,,
2000-11-10,339.9874474072,301.401380495358,70.05156722964595,8.181938,0.98910284,7.2728896,1.7658684,7.7547581548623565,0.9815753745527751,8.550467915528916,1.447909416566861,,
2000-11-11,299.26121740720004,468.849870495358,69.92929128145326,7.5452,0.91031766,8.104753,1.0819031,7.8867470779374,0.7495986220547178,8.688765457945385,1.2159323180617174,,
2000-11-12,247.5218362204708,446.67811978029545,69.72865718740543,7.555105,0.90813506,7.0780034,1.1314707,7.248117382013647,0.7967969670887748,8.019611445602882,1.263132522288437,,
2000-11-13,269.62038079041645,466.5935550606792,69.46188169781784,7.4709992,0.9008056,5.7232933,1.3590113,6.363347936858988,0.9223241028604114,7.092553045402876,1.3886630046205464,,
2000-11-14,215.5038360166173,419.6439633527302,69.33276681331746,7.332885,0.83936316,4.970349,1.2213824,5.771950542840623,0.8557507019839357,6.472888877541291,1.3220923398868711,,
2000-11-15,135.5639674072,443.640700495358,69.28340476922853,6.6744137,0.78011364,4.949848,0.932141,5.3534860512611475,0.7369487723636419,6.034423213713621,1.2032925879820178,,
2000-11-16,173.7137136225777,492.55329319614,69.13602713305927,6.5971766,0.78387374,3.984764,1.0229783,4.6658902302781025,0.7833898588070036,5.313962662916317,1.249737687614249,,
2000-11-17,179.52194548909,515.107898698795,68.96320602691765,6.5789375,0.7459773,3.014135,0.96999377,3.9354317612946907,0.7446946227940748,4.54859077606286,1.2110473072752954,,
2000-11-18,197.502520107151,525.9527698631632,68.73731823292113,6.3102746,0.7239199,2.7453692,0.93287724,3.718584557275498,0.7064108838801942,4.321379016946635,1.1727651273010231,,
2000-11-19,207.64246659767605,552.7875933655957,68.51549161225644,6.121935,0.72337925,2.2248578,0.8848859,3.2889907771218425,0.6729035706735977,3.8712521225945085,1.1392610612870675,,
2000-11-20,229.9504539007905,576.8139006839114,68.21279682361151,6.093753,0.7195036,1.5225024,0.8709899,2.825436925198972,0.6556326114764578,3.3855419811292964,1.1219938427124552,,
2000-11-21,227.09173357672387,582.5671373774148,67.94871526866638,5.690201,0.7142622,0.85885936,0.75655824,2.213945735118714,0.5800534622843839,2.744823602441266,1.0464200037897564,,
2000-11-22,234.4431194299013,573.9016046835036,67.61874435483367,5.3254166,0.72778153,-0.26227534,0.99991804,1.3583153344712744,0.7406283935681849,1.8482969934690843,1.207003083212165,,
2000-11-23,256.9420922055741,574.9974319468794,67.36855629854416,4.987196,0.7703874,-1.4600013,1.0979979,0.5311967120403793,0.7953095139759822,0.9816449282495598,1.2616928759924093,,
2000-11-24,305.44946884385774,520.5953366216229,67.10138293504876,4.9065714,0.7880078,-2.2194314,1.0875057,0.415575505305737,0.7447440281902012,0.8604974230643248,1.2111286648160295,,
2000-11-25,308.8705539916944,531.2214164676616,66.84074094512569,5.2049203,0.7683254,-2.4669685,1.2075812,0.3536994807891902,0.8141746021720965,0.7956639360884956,1.280559927198668,,
2000-11-26,228.2627001620139,428.3938141179314,66.83743204073008,5.742058,0.7002616,-1.8612062,0.9208523,0.7817913857881573,0.6481943647247417,1.244217170787443,1.1145750166485915,,
2000-11-27,144.7754474072,475.45650049535806,66.94275407885804,6.102893,0.7190771,-0.07052058,0.84333014,1.3704866080122984,0.6679130039786837,1.861050012279952,1.134287571846595,,
2000-11-28,165.97700385653152,471.68765218079216,66.95784153451461,6.2359214,0.72566575,1.5767734,1.1244211,2.7894977023411403,0.8529240777212826,3.3478849862709477,1.3192856092311644,,
2000-11-29,169.87728349854342,476.2981605265512,66.93166888109505,6.134691,0.7267951,2.4499764,1.1847676,3.4186751861828135,0.8939546410806757,4.007135003104619,1.3603111292027006,,
2000-11-30,163.48385528034987,488.8752376667998,66.9093677360298,5.675607,0.6683915,2.5801268,1.0479494,3.355866814275614,0.8029934611214731,3.941324605719933,1.2693504323654616,,
2000-12-01,155.2399939937537,550.5671095843411,66.86649288136309,5.294814,0.65300006,2.071115,0.86248213,2.7801572258878458,0.6879417154684108,3.338098066972007,1.1543033252602333,,
2000-12-02,212.90946427795143,554.8935773611338,66.72174436913716,4.7593827,0.7237109,0.47282425,1.108725,1.6614739642789558,0.8260275133675025,2.165945569485639,1.2923992202832308,,
2000-12-03,250.5354172229652,547.6643554243229,66.5200798872717,4.541487,0.7683606,-1.589058,1.0585706,0.33517041198123254,0.7653042997015966,0.7762492411299706,1.231689831724755,,
2000-12-04,263.7293728190198,520.6986895910368,66.29516233477297,4.8923345,0.74222106,-2.2607064,1.0823075,0.1441883986540336,0.7605329685718223,0.5761389404050848,1.2269206570159983,,
2000-12-05,267.60777652750073,519.2461051334437,66.05836213785577,4.969026,0.6892726,-2.0869737,0.9028106,0.3127608323003943,0.6402267105001014,0.7527685601437043,1.1066124933952612,,
2000-12-06,262.6386979112355,527.1666798104386,65.8162158402241,4.3986382,0.7345275,-1.6868917,0.6794631,0.336765925060984,0.5151108875711519,0.7779210142809456,0.9814964017546681,,
2000-12-07,253.7693380004348,536.8812100575145,65.57402872379492,4.403254,0.7241772,-1.6154922,0.57024455,0.31630084993310237,0.45162236526205135,0.7564777785183109,0.9180081084890381,,
2000-12-08,246.01918075812569,530.3111809930191,65.32649232274277,4.5739217,0.6893455,-1.5454909,0.5673089,0.3937516759079703,0.4448600398761548,0.8376304892223736,0.9112449188029454,,
2000-12-09,245.48184179995127,533.3194474419508,65.08367732193592,4.4073014,0.6912767,-1.432974,0.56551325,0.40790838959808395,0.4443518760221,0.8524638454345699,0.9107365977106947,,
2000-12-10,265.85200217265344,543.1217244717366,64.80665012430747,4.5125146,0.7141291,-1.7834955,0.75905156,0.28555422148031734,0.5610471996633543,0.7242615663275742,1.0274332879042993,,
2000-12-11,214.19509079538847,567.3384037714818,64.61119926944228,5.1318088,0.59979415,-1.4173061,0.70243,0.37761155981054173,0.5357572208481949,0.8207189307477147,1.0021422793223265,,
2000-12-12,170.64805286352697,610.1396461001214,64.50078555388762,4.6797147,0.68763995,-0.91957366,0.5970768,0.3042002941954281,0.49018799200693125,0.7437988575800563,0.9565738708876428,,
2000-12-13,256.89911524910934,540.6460930750687,64.27220809459135,3.96947,0.71410894,-1.2816507,0.59710056,0.4097998589478831,0.4655611003664338,0.8544457205536249,0.9319458010638884,,
2000-12-14,152.07439979843994,485.1839414756151,64.09653300103435,4.30169,0.69459033,-1.028878,0.5744634,0.24320100621333957,0.46773000220123234,0.6798840121480585,0.9341165674658748,,
2000-12-15,83.04094238486681,424.5400571727464,64.04349646708364,4.1036325,0.648974,-0.69925153,0.53939825,0.08650682410715521,0.4634768696882195,0.5157003837694643,0.9298652176278885,,
2000-12-16,111.22584403690507,465.0039261228176,63.90747113134581,4.6417046,0.6296673,-1.0663201,0.7316983,0.035462402764986065,0.6028425219396255,0.46221621357376486,1.069231456662409,,
2000-12-17,690.5005474072,5278.427930495358,68.05623932824396,5.202791,0.9612095,1.1260427,0.8536252,1.597651166383426,0.7630214074649265,2.0990722600180236,1.2293937335894434,,
2000-12-18,38.7789474072,4439.605930495358,72.47485103293918,4.580767,0.607102,1.6575754,0.60906285,1.682887686516656,0.6038117748376662,2.1883827944471537,1.0701832750410158,,
2000-12-19,38.7789474072,4296.883630495358,74.19925799968496,4.4402957,0.59917724,1.1191576,0.5073337,1.1488624107624437,0.5028245817068747,1.6288329359859732,0.9692013935094073,,
2000-12-20,38.7789474072,3234.2154304953583,75.35621533215698,4.168454,0.56629443,0.76719534,0.42965528,0.807493988549485,0.4246176725449911,1.2711482701008099,0.8909980505642876,,
2000-12-21,38.7789474072,1594.037930495358,76.09834135119169,3.8794074,0.56171215,0.38518307,0.35610327,0.46816992383117956,0.34790178323963206,0.9156056750102577,0.8142858381689524,,
2000-12-22,54.9368420988,1322.197930495358,76.70160531578001,3.647368,0.56653905,0.23353082,0.32467178,0.36971606094787873,0.31253814411654945,0.8124460540288291,0.7789232905309958,,
2000-12-23,54.9368420988,942.203530495358,77.13870687037713,3.3327837,0.58275145,0.07258546,0.32225308,0.25220410157894413,0.30618671190623264,0.6893174246965972,0.7725731755974814,,
2000-12-24,54.9368420988,847.540790495358,77.40932941994882,3.6560788,0.51924336,-0.11862278,0.36997753,0.11115597368962041,0.3488904960269849,0.5415276784430687,0.8152785616780303,,
2000-12-25,54.9368420988,776.7902304953581,77.63003640559862,3.1216455,0.58679634,-0.07168573,0.34592992,0.13923866517948197,0.3253972876182871,0.5709526265902671,0.791785032505445,,
2000-12-26,54.9368420988,740.185830495358,77.8244971433461,3.0098004,0.5976327,-0.18873602,0.35483658,0.032258170027832184,0.33289095878340896,0.45885882946489664,0.7992799304399453,,
2000-12-27,54.9368420988,708.1407304953581,77.99407710636987,3.4174795,0.51842594,-0.2987603,0.4015039,-0.03121412795164676,0.3744628075695331,0.39235277261119506,0.8408525132621583,,
2000-12-28,54.9368420988,636.107730495358,78.1432378644542,3.0894375,0.56400913,-0.21749169,0.40096503,0.045403433462438775,0.3718025367143174,0.47263239155684234,0.8381913569260061,,
2000-12-29,54.9368420988,586.2245304953581,78.28374135077662,3.0334048,0.58281124,-0.29630435,0.4571137,-0.01100377206201299,0.42091942194076787,0.4135291144267078,0.8873088934074884,,
2000-12-30,54.9368420988,565.043170495358,78.40896200015557,3.2852435,0.56055474,-0.2515781,0.4827743,0.06182202683394394,0.44279015149837986,0.4898357375673517,0.9091787828311082,,
2000-12-31,54.9368420988,545.152330495358,78.51804042907521,3.4688148,0.5047107,-0.32771814,0.56493986,0.019846094822608133,0.5152965728138479,0.44585349949341946,0.9816856876496136,,
2001-01-01,54.9368420988,475.837850495358,78.63009192038815,3.214435,0.6973529,-0.18387377,0.29189906,0.16786183303893182,0.2714582145438275,0.6009438840299941,0.7378456334216066,,
2001-01-02,54.9368420988,455.4823304953581,78.73564848310272,3.2272944,0.77866894,-0.19157445,0.27747035,0.17640126244549817,0.2614051155034072,0.6098914689716152,0.7277924373010438,,
2001-01-03,54.9368420988,456.632890495358,78.83057295558855,3.3261862,0.8237112,-0.24709404,0.27116364,0.1366361162917959,0.2577011024508672,0.5682256847621179,0.7240888770267422,,
2001-01-04,54.9368420988,437.234330495358,78.79118184511003,3.412712,0.8138185,-0.23775423,0.2712511,0.16971598612860786,0.25752697380086464,0.6028866592992513,0.7239143715926963,,
2001-01-05,54.9368420988,420.395900495358,78.72904732802716,3.4838347,0.85628223,-0.26349175,0.27836168,0.16960756237210017,0.2653367378623086,0.6027730532578107,0.7317241368870575,,
2001-01-06,54.9368420988,413.411330495358,78.65794747134137,3.5480247,0.80010355,-0.30322444,0.2953742,0.14852379763067763,0.27710413667085393,0.5806815566329925,0.7434917757004627,,
2001-01-07,54.9368420988,412.1746704953581,78.56773653837554,3.6599708,0.7602162,-0.39781857,0.33338922,0.07941679588144461,0.30746619549123066,0.5082714764306138,0.7738546247564363,,
2001-01-08,54.9368420988,406.424530495358,78.46853709966257,3.861569,0.6672871,-0.47146142,0.38603225,0.04449639545367238,0.34922468878858326,0.4716820002318112,0.8156135194437915,,
2001-01-09,54.9368420988,397.4173304953581,78.3594263025379,3.34158,0.63766205,-0.2963804,0.3628275,0.1454372357908255,0.3280355539802255,0.5774474676880792,0.7944232281880416,,
2001-01-10,54.9368420988,396.1685704953581,78.23207329015723,3.059359,0.5863016,-0.2605338,0.29388013,0.14377176066147074,0.2677852255709806,0.5757023885406832,0.7341729187650985,,
2001-01-11,85.69432309478015,397.7723819259642,78.0631235070129,3.274928,0.5499206,-0.47982502,0.30472797,0.18570380158470223,0.2689963985372738,0.619638637682534,0.7353836146742723,,
2001-01-12,113.43041766166164,403.0184907794781,77.79622851836113,3.1520166,0.5381225,-0.5976018,0.36968768,0.22594684204574716,0.31176308120253177,0.6618051579136649,0.7781498413885586,,
2001-01-13,125.79915362077178,397.94134558411247,77.50188818950157,3.1829858,0.5154238,-0.6852846,0.39316404,0.24384945599502614,0.32336596307092114,0.6805634556126952,0.7897525210166221,,
2001-01-14,146.79628115144334,419.2594504004619,77.17646395517632,3.3661466,0.4901411,-0.90099084,0.47889492,0.20561380269349674,0.3767896079686862,0.6405002687853948,0.8431765982952615,,
2001-01-15,126.82370995224704,432.7724530922985,76.86367580360884,3.5113478,0.4479638,-0.7668909,0.5325253,0.2027049322702591,0.4241658280169501,0.6374523642994026,0.8905528513063746,,
2001-01-16,139.81099218928307,429.16667267960406,76.51800091159377,3.5353947,0.4274675,-0.8065349,0.61947644,0.2603777827547388,0.4789175028030159,0.6978817798922634,0.9453038743586284,,
2001-01-17,115.60438045626825,408.8664807632681,76.1779387216252,3.4295926,0.42503694,-0.6094674,0.56518626,0.28082616971520596,0.45045765877672383,0.7193075298501269,0.9168438001679535,,
2001-01-18,135.15310077157204,420.7339234476696,75.8135543978893,3.3697405,0.42111972,-0.66468644,0.52294505,0.31620587183725574,0.40882962657570965,0.7563782607941492,0.8752153708668,,
2001-01-19,64.2100720988,371.912800495358,75.51873300035277,3.422051,0.42169547,-0.37439072,0.43115288,0.18455678852023424,0.3728796427283832,0.6184368013144524,0.839266871888104,,
2001-01-20,51.8531794072,342.11528049535804,75.23164902673639,3.1889338,0.41464865,-0.35440803,0.42445856,0.1119580940102912,0.37261072674115076,0.5423681373731564,0.8389987832177714,,
2001-01-21,50.0840454072,336.94048049535803,74.93448128091521,2.882669,0.42412958,-0.23015124,0.31710467,0.17267240485278557,0.2814718954188303,0.6059843847324329,0.7478592595975722,,
2001-01-22,53.6968784072,306.31090049535806,74.62766662665604,2.917387,0.41405135,-0.29543507,0.28660953,0.1837726758002144,0.2515589136076743,0.6176152106867708,0.7179461516707595,,
2001-01-23,63.57387596254056,306.8440229578701,74.31075239083434,3.0724711,0.4030028,-0.3998047,0.30753246,0.19613310656515662,0.263974026218637,0.6305664277902585,0.7303611240145467,,
2001-01-24,59.04455443445854,317.5182652133318,74.0253116665515,3.3092694,0.39156717,-0.44374263,0.34237918,0.1447247180615937,0.2951511048019027,0.5767008940470102,0.7615387871319836,,
2001-01-25,83.16070370670903,337.8462772572776,73.70998592719806,3.020329,0.40173265,-0.5194577,0.3617889,0.17974959787072467,0.300974796588593,0.6133998433844554,0.7673620803435751,,
2001-01-26,116.56949391157542,367.5645469183851,73.32592295796584,2.9117346,0.406428,-0.5462564,0.33682835,0.2863565050158932,0.2738115975050065,0.7251021962736816,0.7401976767296363,,
2001-01-27,113.97676495742324,365.64689077013713,72.94989832337745,3.2606783,0.38836917,-0.64689267,0.3667255,0.28169434371030116,0.29441691668483827,0.7202171995944833,0.7608030483145942,,
2001-01-28,134.36312880105916,396.4746854127378,72.55180517484587,3.1718926,0.39427418,-0.6648474,0.41151753,0.3062899099091875,0.32315200936299904,0.7459883497819394,0.7895378648060376,,
2001-01-29,126.50849064475332,385.9478695641772,72.12050991782203,3.1712737,0.39334086,-0.5892534,0.37765282,0.3390960860551751,0.3005417072739174,0.7803625490054023,0.7669271954088258,,
2001-01-30,88.7914334072,351.71999049535805,71.80068301292631,3.3253937,0.42166543,-0.5496502,0.36732018,0.2314208106153348,0.30534865962845037,0.6675407634690533,0.7717353579378432,,
2001-01-31,56.4858754072,427.8055904953581,71.83023087618544,3.738422,0.36693776,-0.4902488,0.43110278,0.002966927228224981,0.38321799921778466,0.42816756538657275,0.849607309045472,,
2001-02-01,38.7789474072,703.427730495358,71.857007900625,3.7806854,0.36904883,0.06378275,0.39122105,0.25798414798358316,0.3712814990572141,0.6953737375612776,0.8376678975865253,,
2001-02-02,38.7789474072,609.112170495358,71.79201215153016,3.410851,0.38453755,0.06756145,0.3422699,0.2676710743829016,0.3226057221891531,0.7055236659293822,0.7889920115975744,,
2001-02-03,38.7789474072,549.6774804953579,71.63744692818275,2.8661923,0.405116,-0.07538694,0.30373076,0.11846147770723355,0.2849683625611651,0.5491823605801075,0.7513563446810889,,
2001-02-04,64.2407204072,556.493930495358,71.38977330976658,2.8761969,0.39436343,-0.25315297,0.2770779,0.07070794097467614,0.2517332542312054,0.499146368029033,0.7181217834692121,,
2001-02-05,68.39486240720001,580.2550304953581,71.13562395467328,3.1823592,0.41421515,-0.29907262,0.2858039,0.06801608578537466,0.25937191938026727,0.4963258513633295,0.7257604795368157,,
2001-02-06,94.3767604072,564.368930495358,70.87293651180569,3.4569216,0.37939227,-0.4015602,0.363717,0.15123433424946284,0.3163132873008297,0.5835216476366497,0.7827008954468542,,
2001-02-07,41.9006269072,522.3824904953581,70.59017778367162,3.522181,0.38306358,-0.15408343,0.3594612,0.11889618000553197,0.33398299605643933,0.5496378401623091,0.8003709732079012,,
2001-02-08,38.7789474072,520.251430495358,70.44573229772378,3.4620566,0.383449,-0.12227291,0.32078716,0.1263656849009017,0.2997173612791638,0.5574643618584524,0.7661052530911225,,
2001-02-09,38.7789474072,605.096130495358,70.42215161185375,3.9880748,0.36975965,-0.28165448,0.40028283,-0.024499615923073422,0.37683343089720983,0.39938821536232305,0.8432230587208633,,
2001-02-10,38.7789474072,2264.480130495358,71.86418219406451,3.8312187,0.38280618,1.0598699,0.5573895,1.1065298516261368,0.5480428694447904,1.584477025229565,1.0144201162509123,,
2001-02-11,38.7789474072,1119.632030495358,72.52055979821887,2.8381467,0.4099368,0.15056312,0.31372407,0.2405326253920021,0.30353222909173383,0.6770880918448647,0.7699188244789931,,
2001-02-12,38.7789474072,934.589460495358,72.80146833236277,3.0130353,0.3843434,-0.09079915,0.28133103,0.03285745232479695,0.27055647060719057,0.4594867554071123,0.7369454353551763,,
2001-02-13,38.7789474072,974.203480495358,73.07509607111385,3.6528058,0.35637417,-0.00733757,0.31029117,0.13277987266710284,0.2987243131566384,0.564185125874074,0.7651121317370596,,
2001-02-14,38.7789474072,1102.5321304953582,73.47028401758698,3.666429,0.3755143,0.3011723,0.3918199,0.41551544590699857,0.3787218081291581,0.8604344930316294,0.8451064454210538,,
2001-02-15,38.7789474072,1825.788530495358,74.24676012906573,3.8149881,0.357525,0.66232896,0.4369294,0.7278974111937349,0.4279068281348372,1.1877472484347429,0.8942880568423135,,
2001-02-16,38.7789474072,1050.639430495358,74.59455403952934,3.6774778,0.36134154,0.463175,0.40043557,0.5775913545222114,0.3863957925407785,1.030257076049872,0.8527786473994231,,
2001-02-17,38.7789474072,873.3912804953579,74.75096386637381,3.3343635,0.36855644,0.24981332,0.33947372,0.3809463064643247,0.3254191499736701,0.8242130668922873,0.7918041713266983,,
2001-02-18,38.7789474072,796.5386304953581,74.83613881453036,3.0515513,0.37764165,0.05063957,0.305864,0.18995448766398051,0.29219094905866516,0.6240924920261582,0.7585781169482101,,
2001-02-19,38.7789474072,771.3520304953581,74.89090137626275,3.3232436,0.35896015,-0.0471192,0.29545712,0.11421165371466042,0.2818385930322581,0.544729409527986,0.7482266237372389,,
2001-02-20,38.7789474072,677.536430495358,74.98636013235826,3.9467683,0.33433428,-0.070070565,0.33347636,0.14738781637684434,0.31594193522914166,0.5794912793583835,0.7823295872045057,,
2001-02-21,38.7789474072,702.6509304953581,75.07950766516555,3.536405,0.35575628,0.033908665,0.40504333,0.21709945444428438,0.38430909731566193,0.6525348954281337,0.8506959575832056,,
2001-02-22,38.7789474072,651.6619304953581,75.06712416307995,2.9512658,0.37864885,-0.015609622,0.31136072,0.15102637841199648,0.29464150845568016,0.5833037522210138,0.7610291189708351,,
2001-02-23,38.7789474072,633.939990495358,75.04638269805884,3.289031,0.34809265,-0.1457442,0.2918622,0.052253741756014535,0.27576876362285646,0.4798101211702436,0.742157504991352,,
2001-02-24,38.7789474072,591.003630495358,75.04187820524062,3.2254982,0.3651963,-0.118959844,0.29861698,0.08697561223085595,0.2811303769492727,0.5161915783630059,0.7475187195137751,,
2001-02-25,38.7789474072,676.650990495358,75.06990754149402,3.5440173,0.35369298,-0.1653713,0.31052575,0.03569127679260038,0.2943191685857268,0.4624560269975324,0.7607081006708312,,
2001-02-26,38.7789474072,620.6283304953581,75.37374760903846,3.8742461,0.33735815,-0.16881663,0.3883753,0.06895102203501706,0.3660734313499955,0.4973054743697851,0.8324619807669642,,
2001-02-27,38.7789474072,724.8576304953581,75.43646557251252,3.739162,0.34373274,0.07300645,0.3791866,0.25918094315696777,0.36035378900616233,0.6966277354529105,0.8267401740480556,,
2001-02-28,38.7789474072,689.338670495358,75.42067611905546,3.4183064,0.3536402,0.08872473,0.3303993,0.2660555197466772,0.3133690347629707,0.7038308933040436,0.7797553423627706,,
2001-03-01,76.4440814072,597.809730495358,75.35821495480747,3.2410464,0.35269797,-0.13820761,0.2999893,0.24491809670702608,0.2689668615825247,0.6816831736977631,0.73535340746771,,
2001-03-02,38.7789474072,588.949270495358,75.27946672117449,3.4663582,0.3379558,-0.09009433,0.30784786,0.1296113998302126,0.2895836310081519,0.5608652108664629,0.7559714857575217,,
2001-03-03,38.7789474072,544.063100495358,75.18937805615981,3.8082376,0.33160865,-0.112801015,0.34051573,0.14808227016838363,0.3186245917427566,0.5802189256672869,0.7850122358038809,,
2001-03-04,38.7789474072,540.867600495358,75.08733432744931,3.6152544,0.38759586,-0.21135855,0.3856093,0.04464577619696911,0.3607447998618568,0.471838520864005,0.8271336287970495,,
2001-03-05,40.6086614072,550.6768704953581,74.99542137629501,3.408411,0.39915815,-0.23051095,0.33146435,0.019405109820418008,0.3099146661156036,0.44539143691555644,0.7763037860415827,,
2001-03-06,56.2849194072,521.584330495358,74.90085191553523,3.5193825,0.35122135,-0.2661096,0.31390995,0.10260031824169388,0.2853925764031728,0.5325630919107763,0.7517807399571476,,
2001-03-07,51.8146234072,506.285810495358,74.76152875549485,3.779202,0.37619632,-0.2535857,0.35035998,0.12082249674888124,0.31974546404846255,0.5516562282612061,0.7861334191855456,,
2001-03-08,81.80763040720001,494.7681304953581,74.55342429070897,3.8611898,0.39477757,-0.39093578,0.3996636,0.21237838202306106,0.34750123940205285,0.6475881718833547,0.8138881531109183,,
2001-03-09,51.8215034072,479.2003604953581,74.37765088862976,3.8367357,0.39180696,-0.31987453,0.405958,0.08576186563182434,0.3683312263704632,0.5149198188255257,0.8347195828524099,,
2001-03-10,48.2050974072,466.861410495358,74.20434820330168,3.8666615,0.39029744,-0.2728505,0.40996233,0.11456660473699116,0.3733849803328929,0.5451013259958447,0.839773006979194,,
2001-03-11,95.6384404072,478.568530495358,74.02918036642016,3.913396,0.37955907,-0.6576606,0.5320671,0.10368284127732257,0.4479309621758565,0.5336973558470882,0.914319113337824,,
2001-03-12,87.7943974072,490.2639604953581,73.87788504927363,3.8302722,0.4316125,-0.49284208,0.5007387,0.16374424666507853,0.42971682427262153,0.5966294911027354,0.8961042899908014,,
2001-03-13,42.1028484072,675.821530495358,73.84280252092063,3.9589305,0.40137208,-0.04919249,0.48768568,0.18586485100334377,0.45968828971789816,0.6198073847128667,0.9260755040265272,,
2001-03-14,38.7789474072,745.7194704953581,74.02350855229129,4.091951,0.35778254,0.5113741,0.5893385,0.6883674601901929,0.5604856823832474,1.1463279008996092,1.026867336259151,,
2001-03-15,38.7789474072,684.3356304953579,74.03456380589229,4.257851,0.3773425,0.70525146,0.6642524,0.8957690854498069,0.6289557141395618,1.363642614879644,1.0953351571910968,,
2001-03-16,38.7789474072,726.910530495358,74.05037568426717,4.297319,0.39208874,1.1302555,0.7558934,1.2906538878604572,0.7178852802951664,1.7774015609993548,1.1842606499939332,,
2001-03-17,38.7789474072,816.6846304953581,74.12334087021087,4.0966806,0.3943006,1.5766195,0.93356574,1.6908561849797228,0.8914255470216672,2.196732159897806,1.3577969704368362,,
2001-03-18,38.7789474072,813.2283804953581,74.186109731361,4.1037097,0.45882684,1.4299734,0.49393442,1.551667951792883,0.47191539113891917,2.0508912049558083,0.9382881662794208,,
2001-03-19,38.7789474072,800.583330495358,74.16485406830672,4.2760754,0.5796068,1.6836628,0.64242274,1.8034335007067523,0.6133273416835985,2.314690286490285,1.0796976880100098,,
2001-03-20,78.8876074072,850.5110904953581,74.1648829666197,4.641379,0.6842897,2.2207608,0.8613315,2.426223523518062,0.7903585786918123,2.967247543490784,1.2567232282952199,,
2001-03-21,195.6716774072,1109.592930495358,74.34567163381098,4.5850368,0.78529215,2.2001996,1.5253215,2.5577095547145587,1.3019941647089566,3.1050181575159606,1.7683576683016975,,
2001-03-22,761.1966074072,1397.547330495358,74.70680642917293,4.081987,0.57989854,0.037545145,1.8291981,1.4636593270692495,1.2017271533673883,1.9586760688128184,1.6681007946349165,,
2001-03-23,665.6984474072,1520.6118304953582,75.06595169748988,4.5785522,0.6006485,2.4271288,0.6154962,3.082204728517719,0.4655175350381098,3.654582407729853,0.9318766639408234,,
2001-03-24,589.0865074072,1454.725330495358,75.34067266208612,4.333957,0.59921634,2.8893604,0.5718802,3.3057355796941814,0.44217311725838115,3.888797269490561,0.908530477349182,,
2001-03-25,431.6936474072,1362.802730495358,75.57079944034402,4.0753117,0.60063416,2.8323193,0.5511048,3.1313401604087154,0.4427681273819661,3.7060663453041673,0.9091268625736562,,
2001-03-26,299.6932874072,1222.063330495358,75.89671006443655,3.602034,0.61024624,2.1994314,0.6110108,2.475658643177945,0.5051824914357106,3.0190454928849064,0.9715467078515292,,
2001-03-27,261.9487174072,1006.522390495358,76.16444207685153,3.8794785,0.60703737,1.3495947,0.4751441,1.8720345198057828,0.3973174172045211,2.3865701998013966,0.863687114293673,,
2001-03-28,194.9920674072,954.047470495358,76.61335379744555,4.4309974,0.6470281,2.1171777,0.5338929,2.509833035348624,0.45668736120171577,3.0548533041820285,0.9230512797895947,,
2001-03-29,149.7663774072,873.278790495358,77.04372122126892,4.335367,0.708922,2.6180618,0.77146643,2.869462813844276,0.6666569077950276,3.431672156756874,1.1330177732056348,,
2001-03-30,1685.2597474072,3286.839430495358,78.22562260538487,4.137288,0.66759,0.78997505,0.8070111,1.9245244069136775,0.579483791953635,2.4415689240853458,1.0458529959146745,,
2001-03-31,1303.2049474071998,3071.027430495358,79.41663809608389,3.7632895,0.49625194,2.666288,0.7121021,2.9931150373879443,0.5213501508012465,3.561234533901949,0.9877100006005721,,
2001-04-01,846.0129474072,2418.2628304953582,80.16562427025792,3.7571216,0.42006674,3.4339375,0.66851544,3.517698199213301,0.5070792168708056,4.110890977664727,0.9734349524709087,,
2001-04-02,488.3424874072,2190.766730495358,80.6297716028174,3.620389,0.4184619,3.7920609,0.6548598,3.7607688591117125,0.540898461835479,4.365579584210798,1.0072523977754033,,
2001-04-03,485.3147474072,1955.701130495358,80.99850044631492,3.5211058,0.43163738,3.9134216,0.6611879,3.835422681144299,0.536638831848147,4.443801603745218,1.0029922286247155,,
2001-04-04,708.3828874072,2192.946930495358,81.463053982035,3.331129,0.45132008,4.686385,0.6926749,4.355488539783229,0.5350234479621352,4.988724832670886,1.001373265586559,,
2001-04-05,897.6938074072,3152.397130495358,82.1859610377436,3.3783388,0.5358004,6.1415086,0.7641749,5.529058037942608,0.6065371979708747,6.218386941195643,1.0728800755151982,,
2001-04-06,788.7440474072,4052.015210495358,83.15923124866951,3.8977532,0.51650107,6.3591127,0.74996763,5.95806353396928,0.6333852592601392,6.667897433450465,1.099725992963632,,
2001-04-07,867.9274474072,6087.580150495359,84.97668278550752,3.5467749,0.58890134,6.359835,0.7299978,6.008813716706241,0.6431187656457741,6.7210733014414314,1.1094592596619797,,
2001-04-08,196.4736774072,7187.363030495359,87.86788712717355,4.02573,0.55032957,6.787992,0.7334537,6.714492034567162,0.7140876722826186,7.460480630655452,1.1804251387160274,,
2001-04-09,38.7789474072,6158.658950495358,92.33234520854477,4.74759,0.75382084,7.8440557,0.75022936,7.824680278770613,0.7455499082533106,8.623732077943163,1.2118837644856797,,
2001-04-10,38.7789474072,3703.595930495358,99.3410305062684,4.0613604,0.74217045,8.354875,0.7694753,8.31038468971682,0.7615407211505395,9.13265149943513,1.2278734412091252,,
2001-04-11,4428.929766505032,4056.567230495358,100.0,3.201797,0.49169403,5.5590034,1.081173,4.3286804446193905,0.5770705619656114,4.960635402197105,1.043420556525097,,
2001-04-12,4188.716472006161,3387.723530495358,100.0,3.5232568,0.43716872,6.8297753,1.2642026,5.001730931226124,0.6147772392231022,5.665855401355649,1.0811230403256467,,
2001-04-13,4434.574372006161,1240.7901304953582,100.0,3.1894646,0.38204086,6.0331707,1.028638,3.8111766194448076,0.3737469374838256,4.418396663177507,0.8401005086709659,,
2001-04-14,3411.893472006161,5215.115756231581,100.0,3.366705,0.359113,6.708693,1.1922837,5.386971091786203,0.7346077832995067,6.069508724712889,1.2009514172879514,,
2001-04-15,2324.840172006161,4134.782967553264,100.0,3.427401,0.36934766,7.914295,1.1323354,6.299446853644076,0.7368929431390906,7.025597708845217,1.2032321212663093,,
2001-04-16,1753.9593720061612,3009.9434675532634,100.0,3.5535402,0.40470406,8.390502,1.1375252,6.60964399621544,0.7339976038059579,7.3506212144756065,1.2003354840456608,,
2001-04-17,1402.023972006161,2407.069067553264,100.0,3.4827237,0.47481918,7.5158157,1.0337639,6.03134380484088,0.6762373486926998,6.744680250773652,1.1425777372460224,,
2001-04-18,958.1088443467492,1893.1647836211405,100.0,3.5046477,0.439087,6.5130563,0.8648593,5.502145642544094,0.5928942948572814,6.190188225292502,1.0592373139056241,,
2001-04-19,969.4736841976,1809.998285557857,99.60444614392908,3.5491266,0.4416158,6.5266643,0.87876004,5.48810570732082,0.5926189845897852,6.175477229158672,1.0589620777881925,,
2001-04-20,197.8096106259791,558.7194387708032,100.0,4.0886397,0.506827,7.909607,0.92608726,6.910538842105934,0.6966634359216313,7.66589780544209,1.1630001623464077,,
2001-04-21,969.4736841976,892.0033821807112,99.74101018536648,4.2895193,0.53289473,11.1168375,1.4746283,7.5611099344879475,0.7591776711693764,8.347563972173937,1.2255122568915815,,
2001-04-22,434.3167280664322,750.8185283145161,100.0,4.8395357,0.66905856,11.748219,1.3197143,9.216392314131562,0.8712893692285564,10.081963191264768,1.3376206910168864,,
2001-04-23,969.4736841976,655.6308130182854,99.6324722319487,5.054973,0.68145645,18.031712,1.9104961,10.290297744141471,0.8714078348689098,11.207197629867084,1.3377387152351377,,
2001-04-24,220.7704312748132,518.4445716709193,100.0,5.7049365,1.0190878,14.518568,1.2653854,11.886330831589575,0.9382100238306461,12.87951564312903,1.4045426851523697,,
2001-04-25,969.4736841976,574.3143904953581,99.52316274357902,5.7545633,0.91147375,16.441057,1.8636637,9.73011367828448,0.8990630697408437,10.62023868055556,1.36539401578981,,
2001-04-26,38.7789474072,214.0233004953581,99.95324096683557,5.6456666,1.0714896,11.871092,1.2050197,10.916134202427175,1.0333296566274253,11.862946931543934,1.4996608881006814,,
2001-04-27,134.68335606012218,348.26626564507285,100.0,5.9950542,1.1909026,12.91214,1.1285427,10.983126456596048,0.87897717197664,11.933141186460514,1.3453084675776494,,
2001-04-28,969.4736841976,648.1069604953581,99.37799853328198,6.033673,0.9792014,19.31785,1.8425611,11.356169590814865,0.9430947643243421,12.32401450731083,1.409426510894234,,
2001-04-29,38.77924291438356,232.60841239703532,99.5551023769761,5.8751607,1.1083624,12.7059555,1.1666828,11.729886601353478,1.0124369199028613,12.715593913465495,1.478769277856555,,
2001-04-30,43.42851496867247,234.90461000318183,99.54898763116206,6.2908545,1.3104924,13.266527,1.0363731,12.178108011822102,0.8982501835026202,13.185238775186278,1.3645834854138184,,
2001-05-01,103.4105262964,272.46288049535804,99.50608128016157,7.456032,1.5932951,17.263721,1.4199982,14.565423762997424,1.1187779775695017,15.686660058637132,1.5851201783792384,,
2001-05-02,103.4105262964,265.751500495358,99.3378659836872,9.754423,2.055332,21.806181,1.8985065,18.430214500933676,1.4830137666470844,19.73617458272051,1.9493841910410907,,
2001-05-03,103.41220738383193,256.17974158279,99.17499535040716,11.238717,2.4009337,24.277676,2.2362566,20.52790456325043,1.736337282761659,21.934127059421247,2.202730177313442,,
2001-05-04,114.1398153690967,246.3441506225232,99.06930938393992,11.755012,2.6179502,25.744831,2.4549854,21.315243174328376,1.8712743649300627,22.759097764726317,2.337676991907554,,
2001-05-05,120.416424672832,246.61391901730616,98.9791792268032,9.982646,2.7697043,24.660294,1.3769406,19.84480658774677,1.2968033981541605,21.218379335742128,1.7631884230211914,,
2001-05-06,141.6849976613736,263.9493931865318,98.83596884064453,9.0818615,2.4634788,21.004173,1.1873703,16.839800742401064,1.1564491546077194,18.0697444830875,1.6228058963014886,,
2001-05-07,143.84916716258124,275.4971976908945,98.7182691111412,8.76066,2.3384125,19.224314,1.1472522,15.634947100459335,1.1006909621711811,16.807302955647092,1.5670392639528987,,
2001-05-08,149.6026915332037,270.6630645431983,98.54655276597522,8.811816,2.3914962,19.84416,1.1803333,15.916958512431384,1.141304262077522,17.10279354910362,1.6076543905130973,,
2001-05-09,148.53094486227167,278.2862432447297,98.36763183379328,8.763265,2.4293857,21.55803,1.3071942,17.105494187432143,1.2004742778787743,18.348137166563458,1.666833104147544,,
2001-05-10,167.31348100097932,286.69553803724705,98.04724417794236,8.593478,2.4137511,24.58963,1.3493398,18.694655029945388,1.2317829740978345,20.013254465074255,1.6981559539822169,,
2001-05-11,184.42899268541044,310.4649518841997,97.67133335849532,8.536511,2.0858974,27.536057,1.4913546,20.45561635105004,1.2163742614951367,21.85838371778257,1.6827662980029883,,
2001-05-12,183.17318542263783,319.2204076183884,97.3565777111218,7.7947884,1.7303535,27.818737,1.7970554,20.51798615795355,1.3045441839704692,21.92373458825555,1.7709369604394987,,
2001-05-13,190.18517342538647,323.481353145928,97.02564031179156,7.2053127,1.4430919,23.493975,1.4057025,17.463093094460255,1.0339889660188402,18.722828078956802,1.5003507253781305,,
2001-05-14,212.79132267348143,349.6168572586468,96.57660006153615,6.9292297,1.5374352,19.749773,1.3545282,14.899025007894176,1.0234224078332037,16.036206302681144,1.4897663712436582,,
2001-05-15,218.15363657407545,350.08060036061715,96.11889020256316,7.14793,1.3653437,18.313187,1.1442254,14.026677402506083,0.8784650914297424,15.12216346372661,1.34480471449737,,
2001-05-16,211.6209288731767,330.9764691311462,95.68561050166213,7.208237,1.1977516,19.304691,1.3517797,14.586897106063818,0.947696777524361,15.709159754099149,1.4140390879569447,,
2001-05-17,212.84959175954248,331.7837296292588,95.23193186320346,6.8869815,1.0960959,19.24488,2.0739837,14.415257342398117,1.3340882952663449,15.52931619645141,1.8004297442056287,,
2001-05-18,216.21357503968432,344.24635532276227,94.80420840250606,6.8875017,0.9951391,19.703781,2.567356,14.759531878146408,1.6229826565636725,15.890045878164841,2.089325867470735,,
2001-05-19,204.9335407969625,325.2752378010646,94.37955222901046,7.1521225,0.8144544,22.0131,2.1388361,16.269112028809392,1.3493779984760303,17.47177879978792,1.8157305355926314,,
2001-05-20,223.56910560342624,343.5147182280938,93.9325796355121,6.8191576,0.84459364,22.824942,3.1044774,16.51476548348569,1.9098086116754374,17.72917364987342,2.3761629129997814,,
2001-05-21,211.20157342121783,324.55038455049134,93.53391569732972,6.225688,1.1637406,20.518839,3.8156002,14.884261323393693,2.3565196644706403,16.020736964528666,2.8228635471845553,,
2001-05-22,237.6083862964,544.507760495358,93.23676846607472,6.7058125,0.94661117,17.07022,2.1597013,13.921493757512172,1.5308351385112156,15.011952400054293,1.9971742970384345,,
2001-05-23,185.0169062964,646.528903495358,93.0536500283328,6.9328394,1.2696037,14.067387,1.3045504,12.479967339601597,1.0528929380854763,13.50152594697914,1.519227005199215,,
2001-05-24,157.55143329639998,559.0668410953581,92.9039563906539,7.288104,1.3349224,15.731956,1.3739873,13.875540545095742,1.1113629717534874,14.963802781167555,1.577701931301411,,
2001-05-25,139.9941362964,434.889690495358,92.6748537061741,7.608765,1.1541287,18.27885,1.4665374,15.680500550797035,1.1444562962377165,16.855033705194256,1.6108048869204081,,
2001-05-26,161.9637332964,481.7653604953581,92.55103199275848,7.2322645,0.8616269,18.21393,1.5255312,15.450917587357736,1.162103615815205,16.614477460892658,1.628450774637434,,
2001-05-27,211.5007822964,494.458110495358,92.55294361848114,7.145545,0.8950176,18.638865,1.8563246,15.195539285860953,1.3275435679006589,16.34689294955138,1.7938892048026542,,
2001-05-28,210.0526922964,448.8569704953581,92.57729592354563,7.179024,0.9493385,19.19067,1.8829045,15.361497851598434,1.3178762249210956,16.520783767430135,1.784222842362802,,
2001-05-29,127.7025412964,487.24563049535806,92.54180121416935,7.1449924,0.8433701,17.344788,1.2680475,15.226658244026604,1.0198700746925564,16.37949928754251,1.4862158930564984,,
2001-05-30,120.2838062964,465.7722904953581,92.50722540647511,6.9349833,0.7231586,16.377087,1.0110145,14.439162708707984,0.8171042602429898,15.554364157554481,1.2834458271483797,,
2001-05-31,104.0398334964,427.638680495358,92.48180763541708,6.892028,0.6746341,15.703018,0.9685446,13.978867328289867,0.7901244543885277,15.072068231393422,1.256463864735772,,
2001-06-01,142.5836148605944,406.469590495358,92.4204681588286,6.35382,0.6544452,16.244896,1.4736308,13.676282602645697,1.1041023514994148,14.7550209901976,1.570440476193531,3.197141860594412,4856.8028581394055
2001-06-02,539.7687229610103,615.683880495358,92.64774142690368,6.7085743,0.9688423,18.935196,3.824653,13.223539795696196,2.0876208462669203,14.280638624699776,2.55395724286045,3.2496629610103205,4853.553195178395
2001-06-03,512.8737895635691,753.017680495358,92.90940436107164,7.4170613,1.644553,17.413237,2.8468902,13.363303094553212,1.8198366458242956,14.427082131485221,2.2861735508733787,3.2551295635690716,4850.298065614826
2001-06-04,508.0730062816114,899.460330495358,93.1142205121119,7.0391073,1.6205392,17.576687,2.0685813,13.772968983240872,1.445537131250335,14.856328649279368,1.9118756553711411,3.4339862816113857,4846.864079333214
2001-06-05,349.1831653762716,780.104960495358,93.27071202287588,7.4123263,1.1263703,18.382189,1.4174429,14.990236636914586,1.0392568162477123,16.131777535777374,1.505601283737576,3.5102253762716,4843.353853956943
2001-06-06,270.72503568862794,720.146730495358,93.41749750951074,7.432921,0.8065261,19.566414,1.1622108,16.251312548317983,0.872943146777313,17.453128564973504,1.3392955587448991,3.6455056886279515,4839.708348268315
2001-06-07,217.9212798541484,630.449030495358,93.4916045939129,7.197444,0.6416531,21.066097,1.1566148,17.50364977690854,0.8751751406841163,18.76532323219003,1.3415372419296214,3.831329854148421,4835.877018414166
2001-06-08,185.72943697103082,575.1746304953581,93.51482443221778,7.1606555,0.5691,22.212196,1.1814054,18.538258560250938,0.9037749371052071,19.849382778742996,1.3701463959502145,3.988140971030822,4831.888877443135
2001-06-09,245.57595844410253,618.4570361766873,93.43615890265473,7.0526376,0.53669393,23.55466,1.2485204,18.864446194478646,0.9065901697634319,20.19116106687014,1.3729648326225785,4.171367985582563,4827.717509457552
2001-06-10,241.62297271828814,599.1902032738794,93.3209203474482,7.1154957,0.5290158,23.955166,1.2683219,19.11598007840219,0.9165419998698822,20.45471741061966,1.3829192165301656,4.335222564009279,4823.382286893543
2001-06-11,308.6272175947473,823.4987210976167,93.06808589737142,7.0247297,0.5095947,23.460445,1.2751567,18.979928683517418,0.937883610768419,20.312163224127826,1.4042594371283283,4.5472677336361,4818.835019159907
2001-06-12,338.92744781492786,945.307635463277,92.79589411844024,7.233959,0.55376595,24.756792,1.3286589,20.132273473240808,0.98886669064359,21.51958615570639,1.4552549622785391,4.698158916876935,4814.136860243029
2001-06-13,180.88609368611463,572.8658304953581,92.60647261191302,7.682557,0.58160025,27.27653,1.4512012,22.5743494855185,1.111736717697199,24.07838505355172,1.5781563815834456,32.23519068611463,4781.901669556914
2001-06-14,301.73064505447434,643.7433945507021,92.20080992207676,7.6929064,0.57206446,31.04856,1.6512289,23.595032288501955,1.1389958693300162,25.147853005488166,1.6054306740298188,6.646441822541057,4775.255227734373
2001-06-15,211.88589766336443,478.3017213548585,91.89507308218616,7.5939097,0.56270856,31.45721,1.6794622,24.131236020278205,1.1766220235271345,25.70968544272256,1.643065259382127,6.861715582912634,4768.3935121514605
2001-06-16,225.19015864064568,589.8701552471821,91.75163669778344,7.1859965,0.4663185,26.850187,1.7480284,21.41723692556763,1.2716153670132113,22.86596646862661,1.738019306603734,7.584782259966244,4760.808729891494
2001-06-17,310.41736229185136,1553.322930495358,92.1991481046868,7.231285,0.5437748,21.040098,1.2067693,18.740155782049943,1.009844118174457,20.060929997592865,1.4762175458302447,8.176002291851361,4752.632727599643
2001-06-18,155.2630266510504,889.747830495358,92.34287011850611,7.4319115,0.5384337,21.880852,1.2088252,19.734092997616262,1.032327697678356,21.102374014458853,1.498711497303355,8.7008866510504,4743.931840948592
2001-06-19,148.92427710505737,708.9650304953581,92.46853332887532,7.565774,0.5597398,23.898895,1.3314997,21.063566438747888,1.1046414300148888,22.495391741498963,1.5710408689086144,9.299950105057377,4734.631890843535
2001-06-20,151.64758711318447,621.914030495358,92.5098463558353,7.471176,0.51753855,25.806269,1.4162726,22.211891100643072,1.1431403885007865,23.698602396881252,1.6095549622140177,10.089139113184467,4724.542751730351
2001-06-21,181.47378292522478,571.395430495358,92.45472826495174,7.2589493,0.53907216,25.805162,1.5003597,21.334729319680132,1.1460984058520989,22.779515281215833,1.612501282688357,11.173162925224812,4713.369588805126
2001-06-22,186.43658950069977,557.231530495358,92.39746392394444,7.364503,0.53975964,25.22026,1.4404801,20.743846368233637,1.0878028610354924,22.160390144522516,1.5541983543458704,12.256271500699757,4701.113317304426
2001-06-23,200.68552128267623,512.526560495358,92.45384338861412,6.952159,0.47938102,24.71118,1.5174756,19.714099006729562,1.098795304586073,21.08142437915381,1.5651788844361831,13.894441282676247,4687.2188760217505
2001-06-24,138.10196162822828,336.316570495358,92.56359736500546,7.3016725,0.54278195,25.034733,1.6232173,19.872686533397314,1.161500080244514,21.24759184749194,1.6278854158615441,15.301961628228286,4671.916914393522
2001-06-25,139.8542740176941,371.103330495358,92.62666451174248,7.527247,0.56622636,25.709778,1.495184,20.73303488200405,1.09694047490558,22.14906190620837,1.5633358368369834,17.054274017694123,4654.862640375828
2001-06-26,141.9572505351969,422.7755603298696,92.65080261428534,7.726246,0.5859857,26.898579,1.4922782,22.079217003897533,1.126832297016274,23.55958693183499,1.5932450450726268,19.1539191973682,4635.70872117846
2001-06-27,226.95371975227346,619.6104516869364,92.5422917828824,7.746638,0.59538436,28.065435,1.5347198,22.618209021817385,1.1345636479636454,24.12434092575937,1.6009839379757946,40.49171354105122,4595.217007637409
2001-06-28,397.7950089096532,634.4422607878444,92.15728750784412,7.696479,0.6125846,32.215828,1.8006794,22.766765231886062,1.131646039727009,24.279997614855326,1.5980684668218845,97.34606195298551,4497.8709456844235
2001-06-29,406.6042746298718,676.2346407785201,91.70419714448649,7.6283827,0.6277021,31.654556,1.8795754,22.63276665608928,1.197228620959037,24.139594365186678,1.6636491192777767,57.361850028847535,4440.509095655576
2001-06-30,386.6926251485733,626.0412494103655,91.35314115289658,7.492378,0.59132147,30.588266,1.8142508,21.769553146523407,1.1440164835941624,23.235122200611322,1.610425048827082,73.40701370299986,4367.102081952576
2001-07-01,384.1658320155947,587.7647691631465,91.07401748102704,7.0071144,0.5777098,29.42318,2.8322117,20.562993175085122,1.7279047753870358,21.97089278695722,2.1942980885861707,103.11145946403346,4263.990622488543
2001-07-02,445.63004442160343,581.1060121520184,90.75486818542116,7.2194033,0.71596944,27.230621,1.9955137,18.54523433817586,1.1713794802042883,19.856691975007223,1.6377510062965324,140.28012667577306,4123.710495812769
2001-07-03,470.77472987453405,547.6604409924166,90.41496726817498,7.429476,0.7177393,25.774372,2.0839615,17.294388440566042,1.1687254003036218,18.546059919294454,1.6350857576958666,168.9328418389222,3954.777653973847
2001-07-04,491.1159627275172,613.6389366556641,90.02354097677724,7.4982877,0.6693553,26.534964,1.8719736,18.072258050451296,1.0815316056136184,19.361109037517984,1.5478986981812874,149.5395381019572,3805.23811587189
2001-07-05,445.92594634833455,639.9212619753977,89.62533488975934,7.4949036,0.65960205,27.459806,1.8846225,19.260800043116724,1.1432179280071866,20.606459274605267,1.6095966478284027,97.29360593133686,3707.944509940553
2001-07-06,425.36271845860864,625.9843556876821,89.19103391772272,7.314377,0.5957536,25.621122,1.6657126,18.21442742959211,1.0206541310141795,19.51007362700002,1.487022529341255,63.20075192502994,3644.743758015523
2001-07-07,441.13163969909283,657.0418979586175,88.71678574350356,7.2940874,0.57534426,24.39178,1.74862,17.52371011119038,1.0714299093831832,18.78634238187772,1.5377921804293095,44.32442191037456,3600.4193361051484
2001-07-08,213.5774878313706,348.78080194375366,88.4509904295414,7.2111278,0.544126,24.4543,2.565186,17.90553295559041,1.6043217802949812,19.186415053043973,2.070687371016178,33.55621195810741,3566.863124147041
2001-07-09,148.55215871900245,293.8862626494016,88.26943611562959,7.7952504,0.6099076,26.058708,2.131255,19.926609469076322,1.430403845821342,21.304092115170068,1.896789784985404,25.749326564958885,3541.1137975820825
2001-07-10,208.16278989459627,355.29134186370914,87.94285114430032,7.6013703,0.56460905,29.60706,2.404434,21.477266142252297,1.5304201949438156,22.92886487666919,1.9968249126426154,21.440654155838473,3519.673143426244
2001-07-11,194.2077154674172,344.1740998266248,87.65985861765336,7.3745565,0.5153512,28.483845,2.2988276,20.86919930836048,1.48129465878497,22.291734526689833,1.947691685115973,18.467752863904714,3501.2053905623393
2001-07-12,185.7817588613819,322.1346516443064,87.3014072994773,7.2524815,0.50005525,26.226156,2.0891662,19.28611137952651,1.3375718445342084,20.632980406372965,1.8039508295367574,16.136566168258625,3485.068824394081
2001-07-13,227.80775164144328,371.7287124862404,86.87315351246542,7.1861334,0.49705,24.599854,2.14349,17.98310763260317,1.3423740765441983,19.267697534442174,1.808740362097772,14.22510207048207,3470.8437223235987
2001-07-14,243.3814143639868,392.57146830055706,86.41748072034076,7.3940187,0.5184356,23.650873,1.9070932,17.429317535217642,1.1938441421551085,18.687438163438365,1.6602056182274538,12.50937520934597,3458.334347114253
2001-07-15,261.33204587401735,417.7416895912532,85.94553601636515,7.3948936,0.5178584,24.435003,1.9883223,17.877355001658465,1.2392733601424404,19.156890289235598,1.7056387001789457,11.244444077326712,3447.0899030369264
2001-07-16,261.95020731027444,418.4511363519879,85.47376666190743,7.6325974,0.5603822,25.575321,2.027271,18.66748621146319,1.2653130102500716,19.984787069940566,1.731685723895806,10.070407559337214,3437.0194954775893
2001-07-17,236.4611198798365,382.5562739814114,85.05930299183629,7.6055593,0.5509371,26.803604,2.5724702,19.470060331453613,1.6036705253129893,20.82572148940415,2.0700514595154282,9.214293452029784,3427.8052020255595
2001-07-18,259.7301701549619,417.93237969457607,84.57884743022296,7.681589,0.56456316,27.136124,2.3925436,19.67971402524893,1.4913261033722245,21.045395913097583,1.9577093063299682,8.447278148788286,3419.357923876771
2001-07-19,283.81821739515004,438.2525353570667,84.09356563215823,7.6870966,0.5688179,27.73493,2.4369593,19.854898436769037,1.495887285368929,21.228953540650398,1.9622724226171275,7.818446070693548,3411.5394778060777
2001-07-20,285.15171966432956,428.4912925928523,83.60511181182359,7.8772745,0.61048675,27.933714,2.0282142,19.91972360276056,1.241987241900812,21.29687712798257,1.7083731038077898,7.202388992776385,3404.3370888133013
2001-07-21,290.66319139701653,427.86388182304125,83.04824114032283,7.9100537,0.62633395,28.768612,2.130537,20.330773844638177,1.293731324315817,21.727574166316977,1.7601218930415812,6.716426642790118,3397.620662170511
2001-07-22,294.8062792432503,430.01878503821854,82.49295086299402,7.9620514,0.6363352,28.647327,2.1060815,20.234057018312487,1.2760039704180839,21.62623460630285,1.7423934142873794,6.2904089472777835,3391.3302532232333
2001-07-23,300.9845151397488,434.5032020950696,81.95501114133198,8.089527,0.6746103,29.422905,2.2047524,20.692621328658774,1.3314349712156897,22.106716723160016,1.7978298432332662,5.876091006254181,3385.454162216979
2001-07-24,310.22644580054157,441.4341834099125,81.36131516442312,8.26395,0.7131627,31.48336,2.223586,21.900212337636354,1.3386248768980131,23.372026454423366,1.8050351936575166,5.472184730467387,3379.981977486512
2001-07-25,306.97136867810053,435.0052067831927,80.80770384112851,8.120747,0.683349,32.336235,2.4132674,22.31777641361589,1.4428174916471688,23.809548665863336,1.9092335368293636,5.222421333829337,3374.7595561526823
2001-07-26,246.00974630551502,510.2425938280026,80.32118369082983,7.545285,0.5378692,28.179821,2.496205,21.467383055127087,1.6932511164298758,22.91850941176304,2.159655705739231,5.141552230228146,3369.618003922454
2001-07-27,316.9250105360029,455.9176180223326,79.81624845435441,7.89147,0.6312467,26.467646,1.9543346,18.8499826712991,1.1816101763531752,20.17600623672369,1.6479846945650347,4.839060985681208,3364.778942936773
2001-07-28,317.9019609859258,473.1007461733653,79.27529899610654,7.918835,0.6016259,25.391918,1.6732432,18.369530893409006,1.0295659162778494,19.672590506192694,1.4959357655201995,4.609926868889454,3360.1690160678836
2001-07-29,318.85726808537737,468.9207460756115,78.71381410035102,7.8899326,0.59328717,25.5677,1.7038424,18.412530937758106,1.0422445382007977,19.717645805673385,1.5086147945574484,4.410952547198486,3355.758063520685
2001-07-30,323.5166727467221,468.6596041997175,78.17849380399416,7.7793016,0.57140625,25.857016,2.3066506,18.474262498513827,1.3844466607967076,19.782327924014446,1.8508175053097162,4.246107951209657,3351.5119555694755
2001-07-31,328.2649277992399,467.5677834504409,77.62924531667841,8.001507,0.61987287,25.957676,2.2450905,18.551118652175976,1.3435887911011177,19.862857539102027,1.8099603739620358,4.0202085237511,3347.4917470457244
2001-08-01,324.7608534706384,453.1139249527813,77.02973552286555,8.244563,0.68426025,27.93209,2.160533,19.712595203156667,1.2905320174475883,21.079848698910624,1.7569155807863008,3.8002599834906743,3343.6914870622336
2001-08-02,333.20964598252795,460.5185403431217,76.404985665332,8.287486,0.6909839,29.713228,2.4187512,20.718632746431727,1.4330180635030896,22.13397139778693,1.8994132506302643,3.636585438643299,3340.0549016235905
2001-08-03,340.1686142595982,470.461112768714,75.77483316255447,8.098187,0.6648467,29.902126,2.8827538,20.752430190793415,1.696151896002366,22.169384244458325,2.1625474937167763,3.5418123624260693,3336.5130892611646
2001-08-04,308.03869794650507,450.3696293899407,75.21968709960935,8.337512,0.67006093,28.646622,2.7330804,20.397778067777708,1.6456597697447104,21.7977809622801,2.1120511240283726,3.373437714454776,3333.13965154671
2001-08-05,313.7871937143845,441.8802696346298,74.66280260216563,8.500396,0.74838954,30.0701,2.396405,21.113386975069414,1.4353548550756956,22.547593529153676,1.9017549193162009,3.2189632989112704,3329.920688247799
2001-08-06,331.81811551430246,446.8950716380463,74.09012199664701,8.611633,0.767406,32.094795,2.480173,22.088365818571397,1.4604240922616192,23.569173028576603,1.9268369655639344,3.0790331492850895,3326.841655098514
2001-08-07,337.19639913553715,451.9113567694291,73.50864125358225,8.613246,0.7796833,33.04637,2.562705,22.605767023879377,1.504968271965842,24.111304242850764,1.9713883841362485,3.0144993398675606,3323.8271557586463
2001-08-08,332.3759483304874,446.3394158721362,72.92036855661294,8.747969,0.80741334,33.204407,2.574478,22.765763598342,1.515332338851065,24.278948106651775,1.9817547514522835,3.1257908313573677,3320.701364927289
2001-08-09,347.98472779299965,457.86437353604646,72.29079936701746,8.785083,0.8281524,34.197144,2.6601741,23.223613865503737,1.553178684112595,24.758682051500998,2.0196078413652634,3.1430829091482413,3317.5582820181407
2001-08-10,327.43975914636115,483.12626382713273,71.73432784071329,8.422257,0.7346047,31.788982,3.0457425,22.349659031269884,1.8394660963450111,23.842955163655915,2.305882587104751,2.733823369783573,3314.824458648357
2001-08-11,317.55906248106714,471.4968958386521,71.20086575185955,8.67685,0.74421275,29.067905,2.8018372,20.86143505527383,1.7008051132046924,22.283599168846415,2.167202044059811,2.6336659320434257,3312.1907927163134
2001-08-12,319.9544424514903,457.01970822143096,70.65596453659084,8.704015,0.7871027,28.482113,2.9288,20.33758150352454,1.7529597623889186,21.73470720802729,2.2193504106934463,2.561760650430273,3309.629032065883
2001-08-13,327.7250558552273,455.055670846035,70.09001408794656,8.805293,0.7906114,27.916714,3.723227,19.91537798895462,2.189595538461592,21.292323808691446,2.6559813516401594,2.4805039873114842,3307.148528078572
2001-08-14,323.61642508142387,438.5931086497865,69.57773759616055,8.888565,0.86795145,27.811783,3.1841576,19.777425070619504,1.8689298254309152,21.14777721242837,2.335314102932858,2.4041721645905523,3304.7443559139815
2001-08-15,330.0424371229984,442.15198038807154,69.031960259493,9.032386,0.88881326,27.829609,2.8636274,19.795516492512444,1.6831200276354716,21.16673334244536,2.14950450528943,2.3217397469963146,3302.4226161669853
2001-08-16,354.1877855065235,471.6280845163642,68.43324997792894,8.6108465,0.78544,25.125843,2.883275,18.042653852470693,1.6807597621381505,19.330089860070796,2.147126585712575,2.331640205881206,3300.090975961104
2001-08-17,328.57454538268087,489.3685046273487,67.89004472153644,8.8773155,0.8843823,23.313,2.3089175,17.514064977265562,1.4263572789286605,18.776236243521538,1.8927194682761503,2.237032258185867,3297.853943702918
2001-08-18,332.2258941213113,483.82180926943096,67.33465591706374,9.425522,0.97745645,24.881632,2.4528563,18.58920563241751,1.507722156672026,19.902764946805277,1.97409410793301,2.105307526585776,3295.748636176332
2001-08-19,351.8138320506328,490.9967940144618,66.77126161710608,9.156943,0.8772523,25.462881,2.9794831,18.65630524122371,1.773966478898928,19.973071687543875,2.240339083222799,2.0952010160355274,3293.653435160297
2001-08-20,356.3060268607159,476.1609255874442,66.19093684804436,9.382024,0.9418112,25.09237,3.2291408,18.368149353295525,1.8905055851743073,19.67114293318435,2.356875421371617,2.018226288426796,3291.63520887187
2001-08-21,353.20329329672927,479.1504824911443,65.60445062311135,9.212822,0.96155304,23.796646,2.6240656,17.608106015141768,1.5646998416858178,18.87477212154502,2.031062832141314,1.997774364218293,3289.6374345076515
2001-08-22,357.34001971177156,477.1315105243585,65.01978088910802,9.446111,1.0630597,23.220848,2.0827284,17.322186786240486,1.27489967977177,18.57518693086825,1.7412602659337997,1.924288894378281,3287.7131456132734
2001-08-23,356.32423065146037,470.0930798062689,64.43330120117808,9.263223,1.049019,23.671013,2.4095917,17.45884296408564,1.4433539992194135,18.718374806878625,1.9097157228596844,1.9078209212432515,3285.80532469203
2001-08-24,343.2617463214731,453.4021675089063,63.87457553122498,9.508651,1.1187066,22.911,2.1501422,17.136276133962593,1.3152151941000896,18.38039038491524,1.7815742670957477,1.8373811216210505,3283.967943570409
2001-08-25,357.7989958023996,468.9165039635885,63.28088424173784,9.637677,1.1460611,22.885975,2.0186448,17.15216729073618,1.2478037743235406,18.397041084661407,1.7141629751158574,1.7846803806294236,3282.1832631897796
2001-08-26,361.7025878224391,472.2389398638363,62.69107557842039,9.718303,1.1472269,22.821205,1.9722325,17.138128384721153,1.2226536533037926,18.38233116692846,1.6890127411803801,1.7401015044204677,3280.443161685359
2001-08-27,362.0485221963777,471.6409992271937,62.09994278611239,9.674446,1.1239171,23.132729,2.222482,17.28816515753582,1.3487324375709704,18.539539184608614,1.8150927438690299,1.7125021160807041,3278.7306595692785
2001-08-28,359.4063870426527,464.1560832262474,61.55907642437016,9.468103,1.1090282,23.327087,2.5636837,17.278964102637865,1.5237851901836075,18.529898350738772,1.9901454210206284,1.7047460181983205,3277.02591355108
2001-08-29,370.3270968291961,472.9657938135078,60.949938589506814,9.980155,1.2079175,22.44074,2.219748,16.968747948976933,1.3532551145760539,18.20485492535372,1.8196128578801307,1.6129137438308223,3275.4129998072494
2001-08-30,371.5081091297036,470.77078111658415,60.32194826228047,10.094789,1.2273071,22.624165,2.291721,17.097770828147233,1.3905929102511998,18.34004465710571,1.856951674784883,1.5711596905090779,3273.8418401167405
2001-08-31,380.3533841560442,466.2332782122018,59.72009349842195,10.054629,1.2491837,23.52994,2.4170487,17.47576928390319,1.4445974393020482,18.736110146923725,1.910959305317471,0.0,3272.293032044316
2001-09-01,374.1175300925475,445.4082138469975,59.18653300638284,10.236363,1.3352801,21.397715,2.186718,16.302502932032382,1.3356750184365713,17.506765674043876,1.8020277913036309,,
2001-09-02,366.40157457658046,481.8551136402029,58.61551649601672,10.318179,1.329813,18.963556,1.6285664,15.229215201754505,1.0889344460855794,16.382178459109284,1.5552802794089815,,
2001-09-03,367.71455383248025,484.6082266243054,58.08402851068415,10.476674,1.252016,18.72098,1.4319258,15.164168551869585,0.9770433300430199,16.314022801710713,1.4433887851359004,,
2001-09-04,371.8354454282432,472.9821727269799,57.49516577773892,10.585235,1.1549516,20.224606,1.6199309,15.981962293852908,1.0396852936857988,17.17090428907278,1.5060358560647904,,
2001-09-05,357.89648084356065,470.8019284263231,56.93481463336758,10.564515,1.34237,18.67746,1.4318212,15.17365870764738,0.9988984804650758,16.323966554494213,1.4652439904394203,,
2001-09-06,373.7041782960842,501.7176911289809,56.32681575142933,10.549441,1.2415301,18.61431,1.3724743,15.171540784901532,0.9484762431250622,16.32174740228087,1.4148217408425547,,
2001-09-07,378.4358295382173,501.5254480490082,55.67622760347442,10.641604,1.1007695,19.680517,1.3090218,15.793245630793843,0.8835815417007142,16.973167614615132,1.3499308576207145,,
2001-09-08,382.6632069952986,501.8437120661707,55.020524560855534,10.734575,1.0626934,20.977184,1.5449253,16.54593618139421,0.9898003554603853,17.76183420059027,1.4561548855771127,,
2001-09-09,380.0889009631053,496.1341364744633,54.3735426247104,10.822221,1.0625966,21.997097,1.9771799,17.1496480934178,1.210693286003871,18.39440147832265,1.6770524665175452,,
2001-09-10,374.467001672189,486.6490168007688,53.75562077075774,10.8546915,1.1372585,22.423843,2.5440664,17.39285392030071,1.5204271124243736,18.649231712373034,1.9867882841285698,,
2001-09-11,371.0364364397292,484.6071077507151,53.16399171770373,10.905343,1.2679349,20.700966,1.8555804,16.45324729502275,1.1860737058278872,17.664715102291357,1.6524275588702473,,
2001-09-12,365.1182957559511,471.4747156240133,52.5578472921375,10.842324,1.2556913,19.752632,1.6940153,15.863863785303671,1.1008012220175025,17.047161075514445,1.5671509995960449,,
2001-09-13,379.8699475299706,495.6155255888612,51.91498106688087,10.896875,1.2306137,19.639267,1.5358194,15.845975205495524,1.02030667574525,17.028417482740522,1.4866563358397638,,
2001-09-14,348.1285942631799,472.1981446638338,51.52537604263545,10.85905,1.4111506,17.679962,1.4150611,14.785317232958246,1.0109949409545211,15.917063684793858,1.4773382892854632,,
2001-09-15,349.06505701749694,470.945459539039,50.92678837154991,10.920653,1.528438,15.690408,1.4087459,13.66000136015024,1.0382236137555472,14.737961559965504,1.5045616722410822,,
2001-09-16,365.70586197899365,489.50927383791503,50.28243463736644,11.032279,1.4921383,15.325882,1.2536149,13.489857664636014,0.9602085143149817,14.559685577412825,1.4265458990406477,,
2001-09-17,346.2438672493251,526.6061380303918,49.57184079146984,11.164762,1.3747346,16.483149,1.1600697,14.37344028337506,0.8872625664842689,15.485500424951516,1.3536038106400237,,
2001-09-18,354.1630139644525,531.2072328316419,48.841544180664805,11.386357,1.3786252,17.215115,1.1824862,14.883513485864539,0.8985950231376619,16.019953382921976,1.3649389017706193,,
2001-09-19,355.61576744830825,530.0585890165636,48.118906427701255,11.618499,1.4488138,17.633816,1.2222717,15.218547057760166,0.9346159515424873,16.37100041429924,1.400961722501483,,
2001-09-20,320.2839084532276,497.6397873378537,47.46248189825981,11.854791,1.4431723,18.138952,1.1746515,15.678189914448996,0.911113189169314,16.852612628327293,1.3774617651407637,,
2001-09-21,110.35167693722354,246.13333977378736,47.11126874493299,11.917237,1.4265201,17.99607,1.2451581,16.11433825614846,0.9664912816555099,17.30960736986147,1.4328427426725856,,
2001-09-22,278.17676267343046,459.015997699545,46.49307254055768,12.014049,1.3007656,18.62846,1.373365,16.132538054392207,0.985987843625176,17.32867705624837,1.452339429759142,,
2001-09-23,299.4169731744807,478.81489296755217,45.84072390899564,12.089168,1.3364406,18.534647,1.2718146,16.054812873592173,0.9363141720297232,17.247236877496334,1.4026652264773483,,
2001-09-24,318.4324769778104,499.7970623889318,45.17162916001147,12.215144,1.516454,19.375282,1.4463524,16.588753067369773,1.0624564944631139,17.80669758735326,1.5288113406664658,,
2001-09-25,263.36745883284334,113.55195077007066,45.23012652259496,12.301664,1.5999423,20.741875,5.0021954,14.844389202537464,1.8763708747844958,15.978959092591536,2.3427145408078767,,
2001-09-26,184.5303955911874,374.63205962361286,44.8118155116009,11.929021,1.7314585,13.850461,1.0834483,13.216362448626878,0.9238113288683155,14.273118224975079,1.3901476999539453,,
2001-09-27,247.14862543757428,462.9424579548485,44.26336839706913,12.204978,1.4349337,11.910179,1.1319482,12.01278446940449,0.8910856254994276,13.012013332571362,1.3574185524913125,,
2001-09-28,279.86381826907405,505.67449522001033,43.745019971422415,12.549251,1.428114,10.899246,1.144739,11.487093453758366,0.8954871973550425,12.461196083362193,1.3618191399315815,,
2001-09-29,285.7065089712038,520.9345287407875,43.2424056541344,12.885833,1.37271,11.188955,1.018008,11.789977221550323,0.8176903862585321,12.778556659898241,1.284022857425469,,
2001-09-30,292.04599420827924,511.9383365278161,42.72059791199946,12.753362,1.4911193,11.795403,0.9469002,12.14337963164526,0.8105047864848239,13.148850497150011,1.2768380070456131,,
2001-10-01,318.7059486525216,502.8614458768403,42.176667150392376,13.01872,1.4599018,12.208747,1.0488145,12.522955019561516,0.8560584360434068,13.546568291095111,1.322392620606995,,
2001-10-02,319.0810861787935,512.5918014154734,41.72624530320288,13.80738,1.2356826,13.000788,1.0676695,13.310246238861968,0.8110362160415511,14.371489339457723,1.2773729254402506,,
2001-10-03,323.2456025592909,514.7386187068367,41.09586038548744,14.3296385,1.0515937,14.929869,1.0230609,14.69833477034659,0.7479725217949105,15.825923757804038,1.2143154095939852,,
2001-10-04,322.9265025099851,511.0191016801928,40.46721888841565,14.442297,1.0427024,16.564568,1.0543586,15.742766463229946,0.7618704659622635,16.920275715396084,1.2282194553756525,,
2001-10-05,326.1071794992377,510.9145772642296,39.82318652417297,14.5718975,1.0365566,17.402205,1.1593595,16.29950505841841,0.8147922620353839,17.503624512318876,1.2811450136843967,,
2001-10-06,302.39655186854577,477.1347905043285,39.32810752270681,14.463124,1.2770969,15.7054,1.2068349,15.223495485781916,0.8894264348501848,16.376185360265076,1.3557722347207806,,
2001-10-07,317.7887447693321,473.4287601326241,38.79102320298231,14.524804,1.4338171,11.414488,1.3298475,12.663731566590878,0.9822503248349993,13.694073475851924,1.4485849088189828,,
2001-10-08,317.1075430096323,470.728427947558,38.25787642032621,14.719835,1.4500766,8.667009,1.3225219,11.103299176602814,0.9823844403255605,12.059057751693711,1.4487158638238347,,
2001-10-09,300.8862286111427,444.6247172958566,37.76169317447545,14.909219,1.4120436,8.075704,1.2884495,10.833692109363069,0.9566998135645693,11.77656438824556,1.423030973166328,,
2001-10-10,315.83716121077686,465.2730900907313,37.21439253605018,15.322746,1.1777786,9.646795,1.423324,11.941831407990854,0.9724079862161054,12.93766895736306,1.4387407618885835,,
2001-10-11,312.1693948575688,462.27850679689055,36.68882290078128,15.481469,1.0501177,12.563198,1.1785965,13.73951338514084,0.8210442592042095,14.821273987952395,1.2873826439049323,,
2001-10-12,312.17817289242123,458.4182128235057,36.1626096292948,15.748639,1.0234331,14.955122,1.1743432,15.276585638285948,0.8123685670438748,16.431813040579193,1.278714678860057,,
2001-10-13,313.0349343788948,458.554679623329,35.73855432173886,15.640225,0.9613316,16.543913,1.4345917,16.177285674138627,0.9375479906642125,17.375563459256583,1.4038998860321885,,
2001-10-14,314.2281514134192,456.1695992454917,35.31473842877924,15.540847,1.0046631,15.738899,1.380738,15.658118048165585,0.9145124471430983,16.831581395447778,1.3808608955789088,,
2001-10-15,282.9939042155186,413.33985644669104,34.98467700142031,15.3863945,1.1258895,14.336815,1.24462,14.763369862092253,0.8690183801946848,15.894067304623805,1.335361611508238,,
2001-10-16,288.3590233298848,438.1434681084731,34.60981488239657,15.411746,1.1534083,12.501472,1.3943576,13.656600843590981,0.957458447697297,14.734398510338796,1.4237964923927153,,
2001-10-17,261.1050712876249,400.88993029609054,34.31360718176809,14.973031,1.2308898,10.687511,1.2929505,12.377812576220055,0.9212829997939076,13.39448853510655,1.3876167962822206,,
2001-10-18,292.02115800269524,474.70701845674927,33.82177921338828,14.87191,1.2415162,8.765639,1.3682928,11.09131393394767,0.9701865604135939,12.046499655409153,1.4365179704146898,,
2001-10-19,310.0966646236101,479.45169673210233,33.33906096197339,14.906722,1.1574632,8.687011,1.4331555,11.129814555955306,0.9818586009335096,12.086840475540962,1.4481900548758884,,
2001-10-20,315.52959651307646,478.99969226669697,32.90545323388211,14.993902,1.0248768,9.625412,1.2960563,11.757388211017762,0.8810065476827545,12.744410006062182,1.347338956938081,,
2001-10-21,323.17946640528913,463.9799032904152,32.469520586286656,15.099166,0.9917728,10.823717,1.3605514,12.579063384840095,0.899409169517198,13.605358444437154,1.3657435105583442,,
2001-10-22,316.4850613376521,456.6147230128873,31.988668610194026,14.873845,0.9536661,11.897348,1.0785139,13.115841486742317,0.7471180199912191,14.167792704726153,1.2134540400218594,,
2001-10-23,303.3617909437225,433.012442419562,31.532937558145907,14.814191,0.97397286,11.262212,1.3576272,12.725509511185642,0.8934917738142467,13.758804195020979,1.3598265402347562,,
2001-10-24,217.4197307898661,318.6430189841391,31.227396749185367,15.602674,1.2361969,13.108303,1.3257366,14.119985665516316,0.9340166910047631,15.219931542750391,1.400356736756865,,
2001-10-25,252.9926293565188,374.2270695487979,30.8150787931735,14.561198,0.9682569,13.748205,1.0343391,14.076130550851069,0.7303310036511124,15.173980303515355,1.1966708495002374,,
2001-10-26,266.2407842752907,396.9899998065231,30.39143689026631,13.806964,1.0887774,11.052091,1.1687983,12.157979634190186,0.8249115978478474,13.164148329908972,1.291244852440736,,
2001-10-27,307.02753266662336,440.5969289935085,29.91366617192114,13.305806,1.0915449,7.7807775,1.7361063,10.049745389995804,1.1170289525465735,10.95514769548034,1.5833598171465308,,
2001-10-28,314.9284825105554,457.51253231807567,29.42975572854991,12.890578,1.1023273,5.6323123,1.5073379,8.59154755900195,0.9995263912294684,9.427252992764902,1.4658585768898882,,
2001-10-29,302.26217343769275,428.1575574778083,29.00281702081973,12.806413,1.0269269,5.3389874,1.5528443,8.429156084473588,1.0045606261975675,9.25709976086157,1.4708931094806004,,
2001-10-30,290.4660133951746,419.3458457977526,28.56242826082257,12.5032425,0.99733007,5.8684416,1.3501605,8.5835049401567,0.8960000245665787,9.418825964231166,1.3623322242571707,,
2001-10-31,308.678123289091,427.6280853649241,28.090622151410123,12.204339,0.93613183,5.8260655,1.5422148,8.499998568012765,0.9778848231021253,9.331328272951005,1.4442171728397668,,
2001-11-01,293.02861079604514,425.46961482359217,27.64126635261701,12.797726,0.84053266,6.662534,1.7754172,9.164679072758025,1.105815112536778,10.027778233726448,1.572146488870807,,
2001-11-02,289.4207933213424,426.2982714826935,27.18566638436726,13.236316,0.9841259,9.436533,1.2448756,10.973080193535745,0.8415207746795971,11.92261474636736,1.3078520603367343,,
2001-11-03,303.84789111742754,411.84491218751504,26.73644752464764,12.334614,0.7937636,11.472936,1.106077,11.838761739699278,0.7201980544374962,12.829672911253182,1.1865306205540218,,
2001-11-04,308.5668767953824,402.41689202463886,26.316506962677032,11.952415,0.8769056,9.538061,1.4125557,10.585890650896914,0.8854658407517816,11.516918867131633,1.3517968311252027,,
2001-11-05,303.33652345369364,416.7568130328777,25.885974233419567,11.234084,0.9292123,7.1860976,1.504141,8.89129622872341,0.9544805450590745,9.74132862425948,1.4208122605766593,,
2001-11-06,291.446979244877,407.8162618503026,25.470680286179515,10.974735,0.97034323,5.529376,1.4496824,7.798955503376885,0.9372186767649388,8.596777746221363,1.403552600697327,,
2001-11-07,271.5928825414689,421.6732524957007,25.049680783473647,11.089537,0.87388486,5.291575,1.429667,7.562975582555227,0.9345475125332147,8.349518791841435,1.4008820928126036,,
2001-11-08,276.4223405519218,425.9480448641838,24.6228945004624,11.116319,0.85350394,6.1273503,1.3767878,8.090790622053166,0.8999788283405258,8.902561585981923,1.366312028661326,,
2001-11-09,287.54627947925235,426.6064028528234,24.18881258753986,10.515847,0.9318505,6.2560697,1.2792269,7.971225557580106,0.8513016298805873,8.777281720139776,1.3176351148863104,,
2001-11-10,231.7748461618617,347.594095310513,23.85042130738109,10.252938,0.927166,5.3106613,1.3626306,7.287804719467399,0.8977214320294673,8.061195702122546,1.3640568580967802,,
2001-11-11,266.6934229767272,404.6403134687673,23.41639803010144,9.642776,0.9896461,3.7894268,1.2729915,6.114722739820839,0.8621418551096243,6.832044413829023,1.328481858417664,,
2001-11-12,286.7861204803761,447.1430232547999,22.952347348431555,9.246047,1.0043942,2.0019302,1.3546911,4.832601516568354,0.9139032695772765,5.488642178817218,1.3802500757089164,,
2001-11-13,294.35891384283536,455.9725397939312,22.492944369077524,9.391213,0.9713734,1.1627593,1.688161,4.390824452549352,1.0943772426096772,5.025749681277455,1.5607268282705915,,
2001-11-14,287.7603193253586,444.5656562971713,22.054568917892283,9.344924,0.88060534,1.7402068,1.2488513,4.728405951320596,0.833361052510075,5.37946642172534,1.2997084940953585,,
2001-11-15,284.8182023377296,442.2075992400704,21.61568938570071,10.089284,0.72164255,3.401535,1.5729636,6.021514432177277,0.997637560659658,6.734381067696759,1.4639779951526832,,
2001-11-16,286.49026510965643,447.560673057448,21.1688608882484,10.106898,0.73625034,6.1111865,1.5040727,7.670659388802516,0.9610181546506,8.462349515928667,1.4273524275209777,,
2001-11-17,275.1626000006617,430.3883853749002,20.73738618719551,8.987481,0.90546614,6.675473,1.1971865,7.577148810406675,0.8111843198952915,8.364369451535426,1.2775188589558995,,
2001-11-18,301.7200921898381,472.0567549278916,20.23756569869606,9.162956,0.8692659,4.7848406,1.7089967,6.492006498186875,1.09631869261373,7.227361046164946,1.5626570521033802,,
2001-11-19,293.14074332083163,458.4796491033156,19.774653230441714,9.492718,0.7909946,4.1266885,1.5408047,6.219502649015994,0.9892075091358173,6.941832444511506,1.4555470395914858,,
2001-11-20,288.1344461434964,457.6766212021143,19.3269679979228,8.473803,0.9018102,4.708738,1.3092587,6.163321838326878,0.8757316808165813,6.882966383115943,1.342071463244507,,
2001-11-21,288.29442671536043,462.9419973596381,18.863870389974945,7.8370924,0.98087394,3.2669673,1.1883185,5.020798120509398,0.8233710992856786,5.685833937108737,1.2897167891359378,,
2001-11-22,288.26588416999897,463.3769901751136,18.39658194362943,8.051527,0.9335273,1.6125531,1.4069605,4.0819924888573995,0.938355669106998,4.702156605410282,1.4047073304015005,,
2001-11-23,285.83921293752144,459.6063645471722,17.933920633378964,8.222431,0.8688466,1.7695645,1.2037559,4.243899842306373,0.8135249614286885,4.8718025769015165,1.2798755209550388,,
2001-11-24,284.6683914679925,456.2366126194023,17.471666325478434,8.260416,0.7930164,2.5824046,1.3250594,4.763993842894029,0.8709815684670978,5.4167552928648615,1.3373287916176415,,
2001-11-25,280.75426242445906,449.104759167537,17.065259020002582,8.970409,0.7003619,4.811639,1.5821878,6.411389642818156,1.010156860375288,7.142890980684536,1.4764955574342977,,
2001-11-26,231.7123223081257,358.1143549877023,16.846279802171733,8.431284,0.77897686,6.844131,1.30425,7.467641105085527,0.8489513793656149,8.249627652233292,1.3152862428683751,,
2001-11-27,245.22890956255964,451.4721321901276,16.48841592390157,7.857997,0.7902577,6.0292187,1.2094558,6.672922749556201,0.831641853388695,7.416924475918458,1.297979482380346,,
2001-11-28,271.7639067303575,509.0991826410753,16.075428060880796,8.36044,0.7441111,5.699343,1.3262421,6.625485239206082,0.9026189627370137,7.367219614730621,1.368956779649383,,
2001-11-29,284.8052033254955,523.669672779734,15.655279166050695,8.073038,0.7312131,6.1608357,1.1712853,6.834456157802784,0.8012074666331147,7.586178628904895,1.2675444750240714,,
2001-11-30,276.36289430071844,486.0744855885183,15.277202206781649,8.933619,0.7065273,7.4058414,1.2322261,7.959619193283647,0.8262673599418894,8.765120611304317,1.2926008734530585,,
2001-12-01,117.06667303847648,207.8927577106239,15.388958105693462,8.11141,0.75784385,8.258871,0.9973793,8.205748258462675,0.69402723339849,9.023013804448784,1.1603601754226827,,
2001-12-02,112.41826900959406,346.8506185879773,15.228257532578503,6.9044805,0.86983544,6.4056315,0.86813694,6.527738075104695,0.6893426407358808,7.2648004703171525,1.1556808529830427,,
2001-12-03,142.97355415248586,376.7409246294925,15.000006851540792,6.8571196,0.8827502,4.8293104,1.0257999,5.3871611066665395,0.7822516951132594,6.069707821654973,1.2485953280746824,,
2001-12-04,161.86189837781671,387.7606322172976,14.73964106319817,7.0091777,0.8192297,4.078328,1.1588669,4.941452997357647,0.8524383735735316,5.602696388298067,1.3187845291177047,,
2001-12-05,175.0908265820855,402.8459796734949,14.454457000640955,7.745191,0.67837995,4.691288,1.3473029,5.616493679152093,0.9613515221432108,6.310001707171154,1.427693945672705,,
2001-12-06,187.0392661243072,415.4364783266187,14.148698316852816,7.5994616,0.724275,6.187119,1.151239,6.625582324839802,0.8250656844414161,7.367321340725762,1.2914035009665583,,
2001-12-07,193.98756607707315,424.374490102835,13.825655001181026,6.670497,0.8759787,5.7309313,1.0163558,6.025684256379319,0.7496945355685419,6.738750195241828,1.216034950559495,,
2001-12-08,203.9116422594417,429.7409669300733,13.493780302695162,5.811507,1.0537302,4.1547194,1.1160071,4.6878795275872,0.8293612921615422,5.3370029734701365,1.2957089842576428,,
2001-12-09,159.30677633647224,359.1262839835209,13.261410335610316,5.404442,0.93480533,1.9788821,0.9292668,3.0315056899096584,0.7049007640483622,3.6014601283823207,1.171260302085023,,
2001-12-10,153.95829321865835,349.76532009174923,12.98739996836647,5.3941107,0.95011425,0.47080815,0.8591003,1.9755683674411406,0.6634529300833883,2.4950526114409715,1.1298216575219633,,
2001-12-11,173.58217187053452,382.27218595848063,12.68609243164783,5.6824245,0.9158166,-0.17357975,0.86330694,1.6551329852831282,0.6590042894323145,2.159301513369363,1.125376057659828,,
2001-12-12,201.73704772181424,414.8113607914208,12.36107296638436,5.564025,0.9331329,0.25822675,0.888571,1.9943046407960892,0.6712826869119425,2.51468441461554,1.137651240184979,,
2001-12-13,206.7750300111008,411.7891684645631,12.04987969418844,5.9127436,0.80998176,0.55294526,1.1205186,2.3446306780327397,0.7935694024198896,2.8817548389024528,1.2599347731137014,,
2001-12-14,233.2849479902388,330.9052322620604,11.804523087234712,6.5289364,0.6568495,1.9592799,1.8226409,3.8487705563371235,1.1029662814762033,4.4577874617448305,1.5693195825236756,,
2001-12-15,192.1284124326621,251.5432428088762,11.850513704234896,5.3680015,0.88245493,3.05752,1.3843322,4.05805521081075,0.8729453569012723,4.677075207298494,1.3392971836310492,,
2001-12-16,188.96220274497915,367.4185156302164,11.807603579768806,4.64349,0.98374593,2.0382442,1.03259,2.923057342425447,0.7593465049509589,3.4878283206004945,1.2257069280187463,,
2001-12-17,239.0339011867755,337.28674480042525,11.689386389358765,4.3825006,1.1068,0.35009,0.98324394,2.0225666919510497,0.736109239077705,2.544297295206719,1.2024775303964987,,
2001-12-18,472.358532096,370.485330495358,12.01499870572948,4.425098,0.9821802,-1.1785722,2.3512166,1.9619162444980587,1.1709586896212836,2.480747963688658,1.637327544217807,,
2001-12-19,126.862202096,498.2828104953581,12.257291350575729,4.4193335,0.9210527,1.6788404,0.7533816,2.234975339180097,0.6289128715898071,2.7668583496906773,1.0952792233716435,,
2001-12-20,78.287828096,451.854070495358,12.434963192161105,4.019706,0.9033836,1.7333925,0.73987347,2.0710200116949826,0.6445703541852777,2.5950665180050243,1.1109381985270215,,
2001-12-21,60.46452098601336,457.0604584625178,12.561628360089488,3.2866693,0.9065941,1.7276287,0.660225,1.9097776737913885,0.5926307153119582,2.4261173475289968,1.0590000574962883,,
2001-12-22,84.18519898110473,470.363378503929,12.72942155790106,3.0603151,0.95028543,0.58403325,0.69444126,0.959953939053378,0.6064280093576673,1.4308952850805199,1.0728067781883601,,
2001-12-23,100.42351636652825,461.3528915995319,12.845148136206422,3.3388143,1.0069218,-0.59026587,0.5982785,0.11209905127260969,0.5232631367427377,0.5425158319107753,0.9896511916072053,,
2001-12-24,78.6572528029263,448.47774293308726,12.915438273025044,3.4790545,1.0296118,-0.43712795,0.5975612,0.14723118496925025,0.5311020574895072,0.5793271615049241,0.9974897112499741,,
2001-12-25,91.55039089248258,464.3171465485211,12.96566650010241,3.085112,0.9778664,-0.40385163,0.5734751,0.17077446721831474,0.505373900538598,0.6039957321668097,0.9717612862948493,,
2001-12-26,112.50825670650694,467.7241847341477,12.944706351283338,2.8194118,0.97606707,-0.5561564,0.57662565,0.09837316920494367,0.5018709823012275,0.5281338995998556,0.968259194257638,,
2001-12-27,151.99438109557917,453.3119710741519,12.818142312687415,2.39712,0.94643545,-0.9321288,0.55735326,-0.09614365831498337,0.4803142287106363,0.32431983264698705,0.9467046900578386,,
2001-12-28,165.24830417965308,452.8544820635124,12.69069940414544,2.5331755,0.9822216,-1.2565845,0.62072873,-0.24340123889648438,0.5251469354052896,0.1700238430885474,0.9915391284093459,,
2001-12-29,180.03778548717906,448.81277733830274,12.616907334438036,2.2512708,0.982655,-1.2566732,0.59576005,-0.2523607385940009,0.5098417659681187,0.16063610993200722,0.9762340651303951,,
2001-12-30,205.7337623008034,440.8733209973211,12.48328879595532,2.0589857,0.9782583,-1.3859967,0.6086506,-0.28989179966715617,0.5187489105010777,0.12131119243306926,0.985141655354244,,
2001-12-31,221.71552676190365,437.6109107069829,12.196087905155467,2.1836946,1.0203083,-1.5695666,0.6523511,-0.3074356831947607,0.5524434346063125,0.10292877124361094,1.0188363883499112,,
2002-01-01,213.21729828898603,445.0969506666984,11.913020098189996,1.6152835,0.9141415,-1.1892473,0.42278466,-0.28090527215711203,0.4115481361433024,0.130727245239186,0.8779407741325296,,
2002-01-02,206.2871283928833,456.2887463847957,11.63563222412423,1.5168397,0.7595215,-1.1373078,0.3673662,-0.3109624521145432,0.34629774721621026,0.09923343482511932,0.8126907429946049,,
2002-01-03,221.49112609142824,453.1804157556828,11.337954974010591,1.3442194,0.76570493,-1.2205176,0.4132551,-0.37852791281949166,0.3744918302106883,0.02843857605944755,0.840885634033096,,
2002-01-04,226.18735191783745,451.9497683236965,11.034396353936556,1.2884881,0.7678804,-1.2412168,0.4438361,-0.3974534131926619,0.3912725219125352,0.008608501462026352,0.8576665530087715,,
2002-01-05,227.792780266976,449.8090614154971,10.77503579502002,1.4177544,0.76167554,-1.4207894,0.5275217,-0.4665419872226116,0.4338114035650845,-0.06378227023907923,0.9002062678129701,,
2002-01-06,230.09116727222977,450.990879339457,10.496611960437514,1.7315147,0.83926183,-1.3972534,0.5571681,-0.3402560694829639,0.4653008437671708,0.06853968268170968,0.9316941892394656,,
2002-01-07,214.9803138850868,444.6043014762241,10.241200775191343,1.3388238,0.7075779,-1.2931234,0.55566394,-0.43528524427687165,0.439861589721159,-0.031031561826363574,0.9062560763623277,,
2002-01-08,217.2209858716147,452.7736228788722,9.998383710854355,1.2526654,0.7706647,-1.1682447,0.4380351,-0.38335410082413285,0.3873715058017463,0.023381712765682905,0.8537653675423078,,
2002-01-09,219.2371870331667,439.6347607959901,9.726062802876989,1.4479654,0.78030187,-1.4713911,0.52106375,-0.49998608950925766,0.4339318167857872,-0.09882488629208247,0.9003270863024389,,
2002-01-10,217.79606280637228,425.6687583856673,9.480965879004636,1.8030903,0.8076413,-1.6667854,0.8221215,-0.49232291863429284,0.6086926726734652,-0.09079544204453355,1.0750878492164473,,
2002-01-11,203.1554887575496,423.27391236354754,9.199147356256267,1.6402752,0.88756925,-1.5041066,1.0080944,-0.48436134041478546,0.7394841418616314,-0.08245332760142737,1.2058792218816197,,
2002-01-12,181.0992318939969,410.8536961192523,9.147382497439304,1.6060752,0.7724588,-1.1837585,0.74281806,-0.3302502030566524,0.5671457940473073,0.07902379531985548,1.0335390199637877,,
2002-01-13,189.3523908471836,410.562757284315,9.07370533512552,1.4870458,0.77171123,-1.1850134,0.6798809,-0.34162615194394874,0.5251887919312629,0.06710411496248231,0.9915821537829963,,
2002-01-14,216.31885507398,412.5181143208207,8.862475432052355,1.3357067,0.7642258,-1.41234,0.6922858,-0.46701660371113135,0.5247438706861183,-0.06427957177335492,0.9911387406763639,,
2002-01-15,217.1729165397372,407.4721533929388,8.646471741921408,1.6341081,0.8867764,-1.5488394,0.8168546,-0.44221101621379566,0.6156211723360344,-0.03828836198730551,1.0820157425497956,,
2002-01-16,210.28066489251103,414.9060659897368,8.440674809475494,1.5414464,0.7691341,-1.4355708,0.9757461,-0.43425532050151394,0.6973177654975161,-0.029952411215162067,1.1637122397153823,,
2002-01-17,205.81460028094693,407.98288751155934,8.23451830588044,1.5185965,0.8491433,-1.3259882,0.83994657,-0.37216044471633375,0.626714361931923,0.03511038737183558,1.0931080893803158,,
2002-01-18,223.77596490438663,409.1994047944765,8.002715294775461,1.3405509,0.7638518,-1.3834423,0.817424,-0.4204281877904825,0.5934415420966962,-0.015464388826231967,1.0598358496442648,,
2002-01-19,228.952424191199,401.3134218107608,7.827962690523109,1.3385174,0.7657749,-1.4225951,0.66269433,-0.4195843970577279,0.5054054983741804,-0.014580267780805956,0.9717997957578917,,
2002-01-20,230.18314650733072,422.3855674040757,7.653733812312816,1.3338308,0.7643706,-1.4125651,0.61638623,-0.4438179950290967,0.4815271845651765,-0.03997214889679568,0.9479217741780277,,
2002-01-21,231.0373234298137,411.1532327597548,7.369576751512325,1.3992512,0.7825338,-1.5274919,0.7793883,-0.4745538277475103,0.5729319772337251,-0.07217704935396135,1.0393269384509698,,
2002-01-22,222.9875888265029,425.3640846752284,7.114999970528042,1.6573329,0.7716626,-1.5031954,0.8269621,-0.4161949169572536,0.6039794387268541,-0.011028782117887104,1.0703736952908818,,
2002-01-23,225.3479415081894,420.5680548393509,6.885546380037599,1.9261637,0.85970634,-1.4892334,1.1019526,-0.2976655878380513,0.7776698524498055,0.11316584376097083,1.244062689820016,,
2002-01-24,121.33636110456654,484.78352216426,6.848682756630639,1.7740089,0.973845,-0.11366743,1.0476631,0.26421783701279294,0.860315316585289,0.7019053756172837,1.32670164488129,,
2002-01-25,25.8526316048,780.162180495358,7.284754825426738,1.846225,0.78534395,1.4422325,0.49633068,1.455190402998414,0.4810709956765219,1.9498023591209657,0.947444720757159,,
2002-01-26,25.8526316048,674.967830495358,7.747990250758834,1.9376849,0.8093718,1.4079372,0.529626,1.4274790824557855,0.510961657138076,1.92076653218281,0.9773356570383311,,
2002-01-27,25.8526316048,659.685190495358,8.159860248191912,2.637165,0.9335314,2.0391173,0.79125655,2.061670588964494,0.7622305541364384,2.585270224827421,1.2285984845166438,,
2002-01-28,25.8526316048,777.918930495358,8.471498002199883,3.301877,1.2879014,3.5215826,0.9892601,3.514515959482435,0.9583370628253565,4.107556637752668,1.4246928224343876,,
2002-01-29,47.0409006048,1021.631170495358,8.889039191551182,3.867374,1.7121538,4.9471307,0.9893931,4.899601853698054,0.948839797622978,5.558844903032524,1.4151862017011394,,
2002-01-30,25.8526316048,2494.321880495358,10.205195676867138,2.7365594,0.99030745,4.732059,1.1680298,4.7115886273273375,1.1560924530664254,5.36184528713235,1.6224399983786384,,
2002-01-31,25.8526316048,2320.357380495358,11.511824721165508,1.8179212,0.7636344,3.7016,1.1057248,3.6808440227729853,1.0935733421615232,4.281834613904465,1.5599278623974782,,
2002-02-01,25.8526316048,3085.527080495358,13.204101832339528,2.0867941,0.8260049,3.3188062,0.96080476,3.308569313116104,0.9528460887249799,3.8917664456834182,1.419203426759071,,
2002-02-02,25.8526316048,2234.044490495358,15.297275631888429,1.3537086,0.76382416,2.3293142,0.84732527,2.3181535590686764,0.8376776689206011,2.8540122041594103,1.3040432752464082,,
2002-02-03,25.8526316048,1137.4760353953582,16.655044260725386,1.602468,0.7543232,1.5162258,0.5357133,1.5181423736228241,0.5240763436703466,2.0157632187506764,0.990449447704757,,
2002-02-04,25.8526316048,860.029430495358,17.618393890185718,1.4414685,0.76012975,1.3119636,0.5841414,1.3157428908040356,0.5675281186358824,1.80368973252117,1.0339032355582802,,
2002-02-05,25.8526316048,685.097930495358,18.34307988328241,1.2379827,0.7718088,0.20059437,0.38327053,0.23831741015316493,0.37039830605980417,0.6747669968899456,0.8367849264602032,,
2002-02-06,25.8526316048,621.6362304953581,18.927688415564063,1.5445094,0.75864017,-0.042114794,0.3245819,0.021235192858967206,0.3130908526991982,0.4473089916675224,0.7794799515022997,,
2002-02-07,25.8526316048,545.300830495358,19.40929112662274,1.887859,0.7501816,0.11464834,0.43524882,0.19491076650297065,0.41693279936899963,0.6292856640514605,0.8833199110283407,,
2002-02-08,25.8526316048,499.970460495358,19.83777349297961,2.1295671,0.77187556,0.18998945,0.5065533,0.2853507743724331,0.48314084821331194,0.7240483951433823,0.9495269387407768,,
2002-02-09,55.41769500521516,469.4245293893554,20.14380503995489,2.2769012,0.7874057,0.29599226,0.55645573,0.5051549428401921,0.5045966639889761,0.9543584515009385,0.9709803117564884,,
2002-02-10,56.7419746048,801.2284004953581,20.459774788568524,2.6793923,0.8929329,0.94085157,0.69989926,1.0558301733392028,0.6562736971810444,1.5313540756286959,1.1226514676667567,,
2002-02-11,41.6534346048,3671.989130495358,22.119401784004847,2.0332484,0.78081536,1.4192047,0.6744543,1.4260920278524094,0.666946865833834,1.9193131811108015,1.1333208795129084,,
2002-02-12,25.8526316048,1695.293430495358,22.924941177516665,1.8739665,0.7587693,0.9865952,0.5006625,0.9999240541911825,0.49327395082191383,1.4727758350909081,0.9596523021721977,,
2002-02-13,25.8526316048,1398.414030495358,23.510177460538024,1.5793344,0.7571163,0.9324467,0.49122658,0.9441887246880291,0.48250582453972457,1.4143765473591967,0.9488847585374984,,
2002-02-14,25.8526316048,1105.439430495358,23.975384862627426,1.7150791,0.75913894,0.63319314,0.39367977,0.6579167229396713,0.38507425141301976,1.1144217224991508,0.8514562340232172,,
2002-02-15,25.8526316048,973.147330495358,24.39089497533769,2.6198206,0.7989245,0.9496579,0.50140136,0.9928792404125183,0.4888632352257339,1.4653943032951149,0.955241660025175,,
2002-02-16,25.8526316048,852.7445704953581,24.78250180694687,3.1652865,0.83061236,1.9100178,0.7034087,1.9469539991963147,0.6831483268690379,2.4650705742073673,1.1495173210709746,,
2002-02-17,25.8526316048,777.065630495358,25.143733531842223,2.2950294,0.7806339,2.0477977,0.7609259,2.055758129835361,0.7368541716971684,2.5790751703626458,1.2032221565386234,,
2002-02-18,25.8526316048,508.9200804953581,25.46010538475329,2.2066863,0.7707616,1.3384969,0.58273816,1.380467986161222,0.5558170861465273,1.8715084661847599,1.0221915542751359,,
2002-02-19,50.03060233805128,501.2790901885593,25.67104145726009,2.6768622,0.8051572,1.4485102,0.657652,1.559981444243263,0.6024185277006907,2.059602053927064,1.0687912214827167,,
2002-02-20,25.8526316048,560.894530495358,25.89183343164005,3.75106,0.8735638,2.642531,0.86882395,2.691373752072476,0.8314341375963332,3.245071046599385,1.2977964964580038,,
2002-02-21,25.8526316048,826.935630495358,26.21836808053032,4.365151,0.9297869,3.9631119,1.0182227,3.9752998588426687,0.9877571242540222,4.5903644323913575,1.4541095279711918,,
2002-02-22,25.8526316048,740.1214604953581,26.549481135828884,3.0404935,0.8143435,3.9469967,0.9429269,3.9164010152637303,0.9115163371977686,4.528650425424971,1.3778691563405991,,
2002-02-23,25.8526316048,590.820030495358,26.80352181818253,2.5949304,0.7818511,3.1513128,0.65596586,3.127987731039796,0.6293201099529429,3.70255368127112,1.0956788719191257,,
2002-02-24,25.8526316048,560.448430495358,26.991990315427188,3.184929,0.8337203,3.1526484,0.71529514,3.1540718378975265,0.6847421259525651,3.729884519272592,1.1511006799346066,,
2002-02-25,64.60226172855357,507.4250185554091,27.122942069538823,3.879613,0.88128185,3.8185043,0.9178425,3.8254056705610258,0.8202461213088305,4.433305814297502,1.2865995900598288,,
2002-02-26,62.872442459922055,505.9803229584301,27.240261471963134,4.7322245,0.9502699,5.09479,1.1883148,5.054717434043974,1.0621817046201585,5.721374477882893,1.528527197587438,,
2002-02-27,26.01693358870718,532.3533927299007,27.418411203970976,3.0631304,0.82113034,4.536477,1.05031,4.467827374382551,1.0021020715598672,5.106433079552961,1.4684511566796083,,
2002-02-28,105.48694309308154,476.6219846932221,27.48216045599445,2.248903,0.78541875,2.8268638,0.79936534,2.722128538883497,0.6698050679110504,3.2772958070899936,1.1361671662728863,,
2002-03-01,181.93572498848368,427.7087127456223,27.41224774833456,2.509707,0.8003482,2.089642,0.8511783,2.2150017036921517,0.6431564744666016,2.7459300427028657,1.109523006433245,,
2002-03-02,185.89998948358968,426.6997338073156,27.3744288344936,3.1473866,0.86143214,2.2482133,0.9515208,2.521077109373537,0.7124617648074606,3.066634806509388,1.1788255856958507,,
2002-03-03,97.0639716048,689.4748004953581,27.61396607917293,4.093088,0.92041427,3.5134778,0.95046836,3.585005467957251,0.8408811942563968,4.18141530377625,1.307236424758678,,
2002-03-04,25.8526316048,589.570430495358,27.87943908364348,2.3281841,0.7969995,3.1348014,0.8129889,3.100917089078341,0.7795561963372053,3.674189155160268,1.2459151749765254,,
2002-03-05,25.8526316048,503.499580495358,28.022657943459283,1.7097846,0.77205503,1.4500992,0.5851083,1.4627818081643427,0.5578084710117294,1.9577566075039055,1.0241821209598565,,
2002-03-06,25.8526316048,446.184670495358,28.19293398516662,2.6923943,0.7814374,1.1393923,0.626001,1.2244473750613896,0.5932617981876999,1.708030603204134,1.059637838385104,,
2002-03-07,57.57651649123449,421.8515848947386,28.303244905236745,4.1442103,0.8913417,2.0846524,0.9590941,2.331993307506306,0.8506743925895695,2.8685134452635452,1.3170398756491233,,
2002-03-08,99.66761211366013,399.6229935157679,28.38076756586118,6.1696,1.1701131,4.3517632,1.0351042,4.714636988077059,0.8607752612922045,5.365039349105608,1.3271227877785485,,
2002-03-09,102.51570949750166,408.2605994183761,28.452063056800185,7.5235558,1.5614135,6.5032544,1.3650748,6.7080346944276,1.1352098601263436,7.4537146517305315,1.6015473516817635,,
2002-03-10,41.23599143087058,310.8400973496183,28.68337360501785,4.5954685,0.87771523,6.788138,1.0648718,6.531327242769059,0.9457550518768381,7.268561187926918,1.4120932494144838,,
2002-03-11,129.28121480253225,289.64450662653485,28.735519124553704,2.6459765,0.7621131,4.097725,0.9929068,3.6497128126289815,0.7256639113515491,4.249215438332296,1.192018661151263,,
2002-03-12,144.85068974624113,305.83263611847264,28.76040477476488,2.9432542,0.8135442,3.053462,1.1427155,3.018040981475761,0.8183413773585673,3.5873518529120862,1.2847010245474786,,
2002-03-13,130.8129990174645,332.0824687944711,28.797329648271976,3.3928838,0.8345841,3.3698368,1.1848534,3.3763498183337624,0.8821308291907342,3.9627866273544146,1.3484876423837489,,
2002-03-14,89.40681462706986,374.843199012682,28.91229335498318,5.2865343,0.9898878,4.7778206,0.908351,4.875790370949892,0.7577886444388864,5.533895312804482,1.224135190816165,,
2002-03-15,125.4556428414083,361.9325531554514,28.993060101034708,6.068852,1.0334761,7.415352,1.8301636,7.068757480648478,1.3848626291084332,7.831678754063609,1.851198790366769,,
2002-03-16,57.4058026048,429.7246104953581,29.19037096306671,5.513603,1.0164827,7.0978866,0.9975029,6.911186953940003,0.888068212513466,7.666576894806369,1.354404936564747,,
2002-03-17,85.36784201040233,401.9314463525397,29.28982667003428,4.082368,0.84233046,6.450938,0.947699,6.035998695104433,0.7954823394413323,6.749557628879857,1.2618227062775729,,
2002-03-18,86.89987575841388,395.58540811028246,29.32909382911466,3.0243254,0.80470693,5.09582,1.0224582,4.722725417285416,0.8507410903204526,5.373514377581212,1.3170885669063093,,
2002-03-19,58.73053755700198,401.9074048910557,29.39934334786213,4.289145,0.9070818,4.6864758,0.7503124,4.635816771906023,0.6647859513137053,5.282451796035026,1.1311339679879926,,
2002-03-20,25.8526316048,463.791910495358,29.535130699370534,3.4791288,0.89979285,4.6435328,1.1010964,4.582053653611725,1.0440413312598487,5.226118984466287,1.5103896863664255,,
2002-03-21,92.3834816048,596.618230495358,29.734125686149483,3.840497,0.8868804,4.3634806,0.69184816,4.293357315090714,0.6107711515013586,4.923623947823035,1.0771213804506052,,
2002-03-22,66.2570236048,709.3513304953581,29.976471825536667,2.5823736,0.8302129,3.1837406,0.7093712,3.132368312943165,0.6526374950602593,3.7071436400152002,1.1189962220430876,,
2002-03-23,58.4155246048,627.464300495358,30.20980819004988,2.990561,0.83727604,2.4698734,0.6142499,2.514219736596042,0.5664415335316264,3.059449674753885,1.032805413986364,,
2002-03-24,59.9120016048,635.983280495358,30.41874902152864,4.1596155,0.9137948,3.3121877,0.80967873,3.385145629152398,0.7441410440255146,3.9720028478632057,1.2104977894955409,,
2002-03-25,102.9537216048,698.925530495358,30.605016226746542,3.5127087,0.87834793,3.715249,0.8388432,3.6892447876764534,0.7397895168422178,4.290636906653741,1.2061439753202292,,
2002-03-26,526.5737616048,1994.669530495358,31.172669356729344,3.6506367,0.9839932,2.496371,0.90711164,2.7374449497708286,0.7465029568088574,3.293344290061208,1.2128649258407813,,
2002-03-27,25.8526316048,7152.570430495359,34.65023109951058,4.859144,0.961418,3.0650558,0.6980356,3.071517141679394,0.6955302857004133,3.643383990774344,1.161889500605905,,
2002-03-28,25.8526316048,4911.209570495358,36.51331869706287,6.1446776,1.1662288,3.4973626,0.7136666,3.5112251208310346,0.7099557962792594,4.104108508262899,1.1763115807287412,,
2002-03-29,25.8526316048,3898.483960495358,37.95598498912419,5.7170353,1.0543588,4.2247276,0.693829,4.234558612068071,0.6892932035881008,4.862014867789221,1.1556438258659396,,
2002-03-30,25.8526316048,3276.293890495358,39.392455126395504,8.198759,1.4237828,5.5085635,0.698993,5.52962516261048,0.6936101602363063,6.21898117248402,1.1599530348076286,,
2002-03-31,25.8526316048,2441.642685095358,40.58484291785041,8.603606,1.3943336,6.098106,0.7095095,6.124356727951532,0.7022277413847628,6.842138873660222,1.1685677006922106,,
2002-04-01,25.8526316048,2136.576830495358,41.47487635612333,6.526929,1.0151522,6.0483885,0.6820605,6.0541096061140856,0.6740154782095822,6.7685341795267195,1.1403557607863481,,
2002-04-02,25.8526316048,1552.241430495358,42.13991003635982,6.263961,1.0195512,5.6721873,0.6397545,5.68188187248171,0.6294955176665998,6.3785152326235695,1.0958376073783587,,
2002-04-03,25.8526316048,1441.735530495358,42.67797945327343,6.090352,1.0705922,5.713595,0.74486464,5.720231764285796,0.7319863029146019,6.418698118163344,1.198328199118715,,
2002-04-04,25.8526316048,1239.002130495358,43.18510509031377,4.817559,0.89821833,5.2632437,0.6358863,5.254134227941496,0.6231598007374292,5.930322712856509,1.0895041628080016,,
2002-04-05,25.8526316048,911.222530495358,43.5271961561977,3.7684345,0.8296169,4.3698153,0.7139802,4.353224069014793,0.6946596107217821,4.9863521279404255,1.1610094432600702,,
2002-04-06,25.8526316048,812.381530495358,44.09044320544203,3.465958,0.8322629,3.5612216,0.70663863,3.558283504480065,0.6853255036032143,4.153416121789316,1.1516809340165415,,
2002-04-07,25.8526316048,675.1054704953581,44.46575430722489,4.0632515,0.88951594,3.5833268,0.7657448,3.601027326592118,0.7382320490613522,4.19820295248588,1.204587160093277,,
2002-04-08,25.8526316048,611.271030495358,44.52748348888831,5.986419,1.0909449,4.338023,1.2630068,4.404910318407592,1.2125659745751345,5.040508803373595,1.6789154681670915,,
2002-04-09,25.8526316048,648.410330495358,44.55578299043284,7.6687584,1.0811715,6.5163903,1.7203563,6.560574490392367,1.6549136202672914,7.299206354009904,2.1212516984898953,,
2002-04-10,25.8526316048,776.439430495358,44.82785168918976,9.06272,1.5101761,7.6433415,0.726662,7.689078845519209,0.7049280743484331,8.481649359712653,1.1712622959644237,,
2002-04-11,25.8526316048,574.696600495358,45.06555448979013,9.406729,1.440236,8.42671,0.86008567,8.468898277371968,0.8253922877388329,9.298741494728603,1.2917246953968866,,
2002-04-12,25.8526316048,532.984900495358,45.29592323782085,9.360821,1.4811074,8.783435,0.9249769,8.810145573871383,0.8848429722334048,9.656299245505162,1.3511748048873917,,
2002-04-13,25.8526316048,618.129730495358,45.60338924857559,9.804805,1.4748281,9.562822,1.3601916,9.572536712625265,1.3069285694096122,10.455130074587746,1.773259598616979,,
2002-04-14,25.8526316048,896.970460495358,46.05850512023495,10.190619,1.6769708,10.115765,0.9738326,10.117861655691657,0.9477161127732833,11.026519685832648,1.4140469751204692,,
2002-04-15,115.8646816048,2162.373230495358,46.95505157920943,11.00743,1.7572687,10.985277,0.96952355,10.98640380924223,0.9245458711815784,11.936575185360114,1.39087717005151,,
2002-04-16,25.8526316048,1442.877230495358,47.67891862548918,11.277511,1.6810219,12.809143,1.0572741,12.782183221837196,1.0390852956697354,13.818186715312288,1.5054202332925035,,
2002-04-17,25.8526316048,1206.879630495358,48.28846708017442,11.389083,1.6549528,15.030102,1.0881957,14.95374300598179,1.0659394571912004,16.093539634033228,1.5322837218577923,,
2002-04-18,25.8526316048,858.909790495358,48.93913587066341,11.290026,1.5892385,17.048532,1.1686286,16.880269740476052,1.135431413564538,18.11214776093412,1.6017884675579173,,
2002-04-19,25.8526316048,680.253230495358,49.4771449643197,11.128909,1.5615221,18.187569,1.220717,17.92913018548435,1.1774117502279504,19.21114014986375,1.643777551580055,,
2002-04-20,25.8526316048,601.212770495358,50.02481900288838,8.917357,1.1941568,17.24151,1.0495648,16.898322489580426,1.0074970382159947,18.13106336973545,1.473854232126683,,
2002-04-21,25.8526316048,516.946230495358,50.47423654684328,7.478952,0.8941682,13.328357,0.9123925,13.049759055451734,0.869979723646496,14.098551759111372,1.3363155191897975,,
2002-04-22,25.8526316048,517.672980495358,50.7631793852178,6.53992,0.8978658,10.866287,0.91451854,10.660504873582994,0.8720660642544065,11.595099394606146,1.3383970981932225,,
2002-04-23,25.8526316048,484.991860495358,51.00887462926215,6.3466454,0.92320764,9.49292,0.94273436,9.333694406954079,0.8962434170447233,10.204871923147055,1.362574626444211,,
2002-04-24,25.8526316048,421.796570495358,51.19989569050556,7.9233017,1.1007493,10.194408,1.3221564,10.06324748740621,1.2474201561210558,10.969295146992351,1.7137510198527512,,
2002-04-25,25.8526316048,578.258630495358,51.389757087463884,6.2045517,1.0369385,9.301011,1.0267638,9.16849969418502,0.9838252579836505,10.031781467797511,1.4501566301831497,,
2002-04-26,25.8526316048,561.177490495358,51.84536404177935,5.6685586,0.9271619,8.514852,0.93103546,8.389501675994845,0.8909690558085781,9.215550007209357,1.3573016163500788,,
2002-04-27,25.8526316048,445.616330495358,52.02373579763497,7.727853,1.0849885,9.415967,1.3120654,9.323400568279196,1.2415455909925774,10.19408607417124,1.7078768096247923,,
2002-04-28,605.2768916048,1182.149330495358,52.3437834037735,8.042986,1.3572572,12.923347,1.4086305,11.270708591265613,1.0388290730043472,12.234468764116937,1.5051607022058158,,
2002-04-29,512.1300716048,2706.847630495358,53.28661468360632,6.8728676,0.99032104,9.80047,0.7950988,9.33469719251426,0.6869143892328451,10.205922638429163,1.1532455977393947,,
2002-04-30,171.8458316048,2160.820430495358,54.35859234360228,7.105632,0.98516923,8.790173,0.77849746,8.666073681782429,0.7247890059696527,9.50534120945948,1.1911210651399937,,
2002-05-01,25.8526316048,1918.457630495358,55.604201904616126,8.027863,1.1906077,8.460616,0.74995786,8.454861979477153,0.7401553424334627,9.284034309775098,1.2064877765946878,,
2002-05-02,277.9084216048,2461.972430495358,56.64768697368589,8.675123,1.1697195,9.481851,0.8231932,9.400023583748213,0.7491508498322011,10.274371407857002,1.2154820026464006,,
2002-05-03,77.5799616048,1966.453930495358,57.55239433874102,8.040545,1.1766676,10.291403,0.80432236,10.205973006770371,0.77508252486255,11.118842458299339,1.2414133921679817,,
2002-05-04,25.8526316048,1519.284630495358,58.24976342074315,8.760806,1.2725029,9.628626,0.7715614,9.61410584892242,0.7589506356514374,10.498686073502922,1.225281640163596,,
2002-05-05,25.8526316048,1263.559630495358,58.81648701244181,9.6674,1.383263,10.310785,0.8059559,10.297885467701821,0.7902833127188836,11.215148020676283,1.2566141946591898,,
2002-05-06,25.8526316048,972.092930495358,59.29377530450903,10.233722,1.4927486,12.028815,0.86708254,11.98231183916842,0.8455048353821352,12.980084214775482,1.3118376966805383,,
2002-05-07,25.8526316048,970.188630495358,59.703637706810895,10.441581,1.5493153,13.421955,0.93945116,13.344598353765956,0.9159505094648855,14.407483368027293,1.3822873451716466,,
2002-05-08,25.8526316048,820.382080495358,60.08227858324884,10.226945,1.4970161,14.488435,0.94989157,14.358245464568634,0.9220071628432852,15.46957934574703,1.3883483330834394,,
2002-05-09,53.3073796048,972.175830495358,60.35678322060344,8.36025,0.9964069,13.394521,0.90400326,13.132825829274873,0.8585745191050591,14.185588840773695,1.3249105976396933,,
2002-05-10,25.8526316048,1158.702930495358,60.7103385323697,9.66335,1.3307813,12.189984,0.8785957,12.134841155934284,0.8599111904171596,13.13990391148737,1.326244391188043,,
2002-05-11,25.8526316048,792.702930495358,60.98724951600407,9.606345,1.3906159,12.860542,0.8659958,12.757764229232949,0.8397941302512077,13.792600578333708,1.3061289936576617,,
2002-05-12,300.4368016048,1114.046330495358,61.27362576043799,8.750534,1.0994533,12.842836,0.9101878,11.973629676130953,0.7539409285625825,12.970987074023315,1.2202737713382221,,
2002-05-13,937.4495316048,2877.749930495358,62.02541682566219,9.475043,1.3399802,12.721588,1.0080849,11.923865245594211,0.8286077688458983,12.918844073818113,1.2949405071160989,,
2002-05-14,537.0663116048,6004.965480495358,64.04625660585866,8.403287,1.1344126,11.161627,0.90700746,10.935181657227314,0.837739492438603,11.882904789573052,1.3040707416226065,,
2002-05-15,79.7798416048,4694.755950495359,65.67107280634816,9.483173,1.3964899,10.650326,0.8579204,10.630823306626617,0.8439076997923649,11.563999150210616,1.3102387156381377,,
2002-05-16,38.7789474072,2951.273330495358,66.83699369251957,9.545268,1.3821759,10.589083,0.87046164,10.575545150653634,0.8593593366049932,11.506078887341047,1.3256903214405955,,
2002-05-17,38.7789474072,2338.283775495358,67.88031740000761,9.555636,1.3245971,11.382101,0.88618404,11.352304463338832,0.8719947841899425,12.319964639953719,1.3383265252712757,,
2002-05-18,707.8904474072,5460.568770495358,69.56403295702542,7.334315,1.07112,10.500536,0.86945397,10.137181418636859,0.7794295129941333,11.046762867405326,1.2457603756684283,,
2002-05-19,38.7789474072,4681.414510495359,71.30394328938284,7.244032,0.99514043,9.387388,0.8071486,9.369779395563794,0.800559170718443,10.242681650861952,1.266890348709762,,
2002-05-20,38.7789474072,3200.3593404953576,72.59549123929511,6.9496536,0.9889382,8.209651,0.76212823,8.194566311151322,0.7530971167249937,9.011297398279522,1.2194300832101184,,
2002-05-21,38.7789474072,2201.782530495358,73.6486368545988,6.7416716,0.96654284,7.121829,0.71520376,7.115249384578434,0.7030242748021064,7.880392812076794,1.169360275431282,,
2002-05-22,38.7789474072,1678.9868304953582,74.51770524942181,8.021214,1.0469089,6.98039,0.70641994,7.003886894730434,0.6908767198018761,7.763707575887687,1.1572131093188474,,
2002-05-23,38.7789474072,1309.489830495358,75.20364382188328,10.091137,1.3443812,8.624958,0.8104018,8.667128320067292,0.7880422284803235,9.50644625584926,1.254374285906256,,
2002-05-24,38.7789474072,988.255480495358,75.75095864744863,10.747408,1.3814931,11.2040615,0.9392983,11.186819101048464,0.905336056621216,12.146569643029283,1.3716675787371417,,
2002-05-25,38.7789474072,747.098130495358,76.21527980530239,10.754682,1.4394164,13.266117,0.84695745,13.142190812501683,0.8082912770252253,14.195401438186153,1.2746273879594456,,
2002-05-26,54.9368420988,582.156730495358,76.536005461911,11.004646,1.3853712,13.678154,0.9081084,13.447616318495248,0.8383567718790101,14.515425239321349,1.3046939944616671,,
2002-05-27,54.9368420988,570.958470495358,76.80226224704626,11.100026,1.374057,15.316128,1.081567,14.946066992553943,0.9939784586048234,16.085496733402668,1.4603226808037648,,
2002-05-28,54.9368420988,1496.650786495358,77.45093339999762,11.16401,1.2927978,14.785833,1.0374305,14.657595976826823,1.0017447276871596,15.783237789212626,1.468087402768614,,
2002-05-29,54.9368420988,1383.803030495358,77.72288966721696,11.326907,2.0511277,15.58238,1.1065289,15.419889312078839,1.0671550716645333,16.581966140120283,1.5335020415939447,,
2002-05-30,54.9368420988,1259.002130495358,77.8942161183106,11.14719,2.4930356,16.477116,1.1818609,16.25426717030139,1.1372334479395751,17.456224407787847,1.6035858806561722,,
2002-05-31,54.9368420988,1203.570430495358,78.25699842102387,11.00428,1.958647,16.830532,1.1993403,16.57620228802636,1.1501685783854205,17.79354692365992,1.6165233317180863,,
2002-06-01,89.58902167060701,1206.2330304953582,78.40441207662577,11.437628,2.4573424,17.336388,1.2048104,16.928566110925384,1.1343087473133753,18.16275253279805,1.600666176461568,2.336390065807014,4857.663609934193
2002-06-02,89.76829027463637,900.047380495358,78.38877060161117,10.850958,2.1316557,18.111454,1.1342306,17.452985626210726,1.0493274286217316,18.712237508275596,1.5156891030695123,2.515658669836369,4855.147951264356
2002-06-03,89.92922875246981,758.495860495358,78.41119733347813,10.388494,1.9675584,17.085451,1.0604465,16.37560385905426,0.9707118010948149,17.583360575494382,1.4370650945291352,2.6765971476698094,4852.471354116687
2002-06-04,90.16576127345293,681.553030495358,78.46386894169427,9.571186,1.6455976,15.678713,1.0711354,14.965124155009821,0.965327570397317,16.105464763080285,1.4316718981543006,2.9131296686529344,4849.558224448034
2002-06-05,172.83299559602506,800.7727104025275,78.5010737588645,11.192469,1.670559,16.333303,1.7239587,15.420710320338113,1.4486041611883385,16.582826389767874,1.914951136101673,2.652851925872871,4846.905372522161
2002-06-06,562.912256341078,1656.9216304953582,78.97181179305977,11.384023,1.7098575,18.285141,1.2506901,16.535134342305653,1.029315800931923,17.750516070517516,1.4956702516375298,2.687724736278066,4844.217647785883
2002-06-07,796.7109889816892,2835.557730495358,80.0546512157023,11.919587,2.1265206,17.385918,1.1696789,16.186918928178542,1.0253528653490667,17.385657149909974,1.4917048275883993,2.6333573768891982,4841.584290408994
2002-06-08,196.31646849601182,1409.609730495358,80.69300247547743,11.61588,2.5444117,15.972668,1.0861359,15.440072128883495,1.0028182236185414,16.603113626576693,1.4691653162910097,2.7756668912118245,4838.8086235177825
2002-06-09,90.21107981339533,1080.029030495358,81.20241407106776,11.22063,2.5086045,16.49047,1.1681669,16.084231123653698,1.0953219147971571,17.278061219349542,1.5616731696704542,2.9584482085953305,4835.850175309187
2002-06-10,90.43321899215351,840.133230495358,81.60585910448465,10.721582,2.4341435,18.185184,1.2471509,17.459865442725093,1.1505321393431394,18.719446156501874,1.616893871574656,3.1805873873535186,4832.669587921833
2002-06-11,90.61662664396847,656.502880495358,81.90427471405114,10.413203,2.438068,19.427652,1.3760589,18.334307904121466,1.2447932303027565,19.63568397842098,1.7111627476374358,3.3639950391684703,4829.305592882664
2002-06-12,126.34419070048207,894.325360495358,82.24948575894135,10.173484,2.3483357,19.447283,1.299616,18.299320043797287,1.1752593907608084,19.59902381797332,1.6416285798079597,3.544190700482083,4825.761402182182
2002-06-13,126.48178571567337,739.1934604953581,82.5286697923373,10.142019,2.4633746,19.10614,1.2468796,17.79641340106105,1.1238901057368182,19.072079956814644,1.5902547307277317,3.6817857156733647,4822.079616466509
2002-06-14,487.7465770189717,1288.950030495358,82.83445935889347,9.970262,2.049107,18.331211,1.1666172,16.035926408418288,1.016244075896064,17.22744770384729,1.4825950021924275,3.8633270189717206,4818.216289447537
2002-06-15,807.5429080618118,1739.1520304953578,83.31315580800921,11.627401,2.292905,16.853004,1.296068,15.19599455508763,1.145432241116886,16.347369979090832,1.61177788066568,3.505358061811744,4814.710931385725
2002-06-16,903.4965022458983,2392.8919304953583,83.99082268554712,12.4359045,2.433979,15.592016,1.2536273,14.72696771158373,1.128359814716694,15.855925255755501,1.5947028531585445,3.363062245898345,4811.347869139827
2002-06-17,371.8223291094723,2212.281930495358,84.65599478412776,11.797261,2.6412735,15.413576,1.108047,14.893230780336452,1.02191070930547,16.030135130852734,1.488254641015648,3.6907991094723487,4807.657070030355
2002-06-18,325.4539444411511,1743.736930495358,85.06721617775234,11.408605,2.6740801,15.882329,1.1336685,15.178676531157274,1.0438438773599463,16.32922421281531,1.5101894163939364,3.961184441151144,4803.6958855892035
2002-06-19,259.2772802101161,1293.073430495358,85.31913729722474,10.830911,2.884803,16.68915,1.1982685,15.710692920675582,1.108342089777807,16.88666916714554,1.5746908732488971,4.3262302101160595,4799.369655379088
2002-06-20,193.1255923344825,1015.782730495358,85.47817278451323,10.18159,2.8183906,18.631123,1.2672304,17.281292382879197,1.156067600353441,18.532337914816814,1.6224278502763452,4.754802334482494,4794.614853044605
2002-06-21,152.08451955354354,795.4915004953581,85.51659703318654,9.732087,2.113369,20.283255,1.3542538,18.589808183017134,1.1864185066836048,19.903396297263846,1.6527904637861472,5.13970955354356,4789.475143491061
2002-06-22,295.62856691326766,758.8035709811971,85.36623115732253,9.268548,1.8744853,22.68517,1.4598927,18.923583852783594,1.1747036787216178,20.253125303090094,1.6410789354951425,5.57037573869331,4783.904767752368
2002-06-23,433.2060614365051,851.007208014925,85.17082070169725,9.10942,1.9121555,24.216503,1.5373878,19.120402502710977,1.2058082160097288,20.459351211693107,1.672185478217652,5.931660062921224,4777.973107689447
2002-06-24,422.418968781302,765.3878784332801,84.8422025661147,9.187034,1.5263178,25.062012,1.5396972,19.416403697904055,1.1309150160102226,20.769500252186948,1.597295377647731,6.235289266159237,4771.7378184232875
2002-06-25,573.7936583867266,730.0551971993909,84.23337642929285,8.852236,1.399845,28.998028,2.128379,20.132331714481907,1.3415371962119074,21.519647180679726,1.80792546851423,6.73978956265319,4764.998028860634
2002-06-26,645.1827587500248,729.4493003652565,83.57469761522435,8.88236,1.3461095,30.618635,3.0948954,20.416727259552843,1.7596424556633337,21.817635860647517,2.2260340330385318,7.150455304110536,4757.8475735565235
2002-06-27,455.0447765528832,692.3190347119939,83.22534771108859,8.866925,1.2216693,28.174732,1.7950152,20.51725110109772,1.186543355047565,21.922964398194676,1.6529361227699124,7.636944437500777,4750.210629119023
2002-06-28,157.94518674645525,519.8651989815567,83.16136171947768,8.69203,1.0700353,23.665752,1.4458741,20.176535603801597,1.1366387447901405,21.56596386480546,1.6030275247336156,8.278647035208317,4741.931982083815
2002-06-29,299.08668868424473,490.923688137238,82.9849856509193,8.545221,0.9782317,26.621944,1.581909,19.778354251344613,1.0504688878262496,21.148750804815894,1.516853175598942,9.00202138024202,4732.929960703573
2002-06-30,566.3056949108046,557.3154625852037,82.4757562970924,8.480696,0.91622156,32.95325,3.5359702,20.61906932927317,1.8136122124382004,22.02964918962871,2.2800061976125403,9.757134726486493,4723.172825977086
2002-07-01,730.4527547076732,554.0426255111673,81.63255417391878,8.522108,0.8950474,37.098167,7.139982,20.847847187778314,3.121472470965538,22.269361847732412,3.587869234898489,10.580978332873217,4712.591847644213
2002-07-02,790.0644875248067,559.2180652899594,80.71973251417411,8.563111,0.8887175,38.215157,8.142242,20.852575318515008,3.4144874839273633,22.274315966956017,3.880884305919789,11.549378656665892,4701.042468987547
2002-07-03,833.1964400339516,560.9299752348727,79.72589370631812,8.573856,0.8853922,38.26654,6.8483715,20.520776242609113,2.8058067577422916,21.92665802942022,3.2721995674170734,12.727632292659617,4688.314836694887
2002-07-04,878.5057276470736,574.7978756035318,78.61926216252361,8.489528,0.87535733,36.46976,3.7655306,19.556023761334863,1.580517637347684,20.91579367738244,2.046899495719591,14.239294844423574,4674.075541850463
2002-07-05,839.7904000386056,547.5031534985817,77.52999472862271,8.204604,0.78286165,34.077427,3.3153121,18.415458236475075,1.391585283609712,19.720713019262554,1.8579555677582054,16.260397400291534,4657.815144450172
2002-07-06,471.61797093409297,375.20577282275246,76.81674953911303,8.119334,0.7369191,27.133036,2.401479,16.54381522440121,1.140439780491649,17.759611869103132,1.6067942950053582,18.549041678823958,4639.2661027713475
2002-07-07,478.12526569044695,369.1977703980727,76.08891118691086,8.136288,0.73213804,27.346115,2.4011357,16.506443051771043,1.1248425027480826,17.720453434371624,1.5911967431738618,21.32653561297245,4617.939567158375
2002-07-08,449.0190107057434,346.7068745119485,75.36812724907888,8.249463,0.752389,30.421722,3.8909543,17.91017021209433,1.7476870665576507,19.19127395455711,2.214052698621128,24.773498425117026,4593.166068733258
2002-07-09,484.5605780398205,363.2302287769252,74.5956099970204,7.9853115,0.7003671,32.731533,6.934393,18.58766251260313,2.9978397137902846,19.90114807113866,3.464211650093049,29.876111539973703,4563.289957193284
2002-07-10,499.5812517803989,373.0095050935764,73.88463594800739,7.916886,0.6753663,31.778284,4.5277205,18.1170034575337,1.9737264573937714,19.407993122104404,2.440093958434691,36.55636749129474,4526.733589701989
2002-07-11,537.9835336569157,367.1124569637837,73.09879443312514,7.964424,0.6609448,30.438305,3.8254008,17.07996731511108,1.600569019281616,18.321390197004696,2.066927641766433,45.694715893332095,4481.038873808658
2002-07-12,567.6373188368859,364.3677978252164,72.24274451864306,7.9447803,0.6536006,30.779213,4.4374676,16.871911513507605,1.7799152683818504,18.103390039287753,2.246272257721256,59.106133893175766,4421.932739915482
2002-07-13,602.4735742815315,362.32163646026345,71.3962850837021,8.155964,0.6949066,32.85539,7.2466817,17.431648408894336,2.755816418765182,18.68988044490911,3.222177914345439,78.04229152111306,4343.890448394369
2002-07-14,601.6064909410852,349.1750125864111,70.60908231629706,8.188863,0.6918725,34.409225,10.679814,17.818304926890473,3.9465238841041814,19.09501782274628,4.412888701747743,106.09095402534338,4237.7994943690255
2002-07-15,633.930619272566,345.15904995547163,69.77464813077215,8.360209,0.72838575,35.381653,13.799259,17.886094594970512,4.887467553200839,19.166047605233157,5.3538329708918555,140.05435220077493,4097.745142168251
2002-07-16,665.6272739990328,338.00735111074454,68.91947963300147,8.256201,0.6864501,35.727844,15.053567,17.50819070801074,5.0901897902029685,18.770081204276522,5.556551929844873,163.05331423095916,3934.6918279372917
2002-07-17,672.2456533193723,338.3988158081212,67.99418721314845,8.408942,0.7336969,36.06936,17.124132,17.67060892060353,5.754485171924004,18.94026245223236,6.220848700417883,136.8996252324678,3797.792202704824
2002-07-18,631.7872758760918,336.116547647601,67.08671186240915,8.481352,0.7418887,36.738823,22.775108,18.29410741280806,7.923749029277102,19.593562041041295,8.390118169534478,89.65392044186692,3708.138282262957
2002-07-19,508.72609647849384,320.2576388166252,66.39839518762302,8.278991,0.69865936,35.8189,19.526237,18.91836311879558,7.555660066114533,20.247655035863637,8.022035270295746,60.035495404561516,3648.1027868583956
2002-07-20,352.41984953065554,217.06046406145103,65.91838350917135,8.467738,0.6961087,34.596317,15.410784,18.426785686587504,5.889677968767241,19.732581882769406,6.356048360551131,42.425923948775086,3605.6768629096205
2002-07-21,489.419939943563,300.8160992825211,65.24241119241981,8.460631,0.7199741,36.37568,20.229126,19.08694468352573,7.713442501240588,20.42429422312064,8.179819419413574,32.454673508714514,3573.222189400906
2002-07-22,514.1044014380261,315.93513657664863,64.50698151670757,8.627795,0.7682903,37.27229,25.72418,19.530651923836643,9.802864197610836,20.889209152781092,10.269245782338123,25.730132477793042,3547.4920569231126
2002-07-23,469.38384045446105,306.4717820381885,63.82743772118118,8.120237,0.645206,36.441967,21.363928,19.30764220734718,8.448016921788845,20.65554033416401,8.914396132941768,22.026585832070758,3525.4654710910418
2002-07-24,253.68391944107,232.1940914664584,63.398566595311344,8.315071,0.6061924,30.778866,7.204886,19.050194503348834,3.4576273699218243,20.385787509955495,3.924003911680816,18.455152680020404,3507.010318411021
2002-07-25,446.6597968619269,314.82763930213866,62.7222280396919,8.356789,0.6315564,32.14724,7.8836803,18.192658783910396,3.280394910569157,19.48726451446711,3.746763107462837,15.961919830498601,3491.0483985805226
2002-07-26,499.8449487264521,316.88607764811024,61.97614062332312,7.942321,0.5365855,32.003494,8.08556,17.277892301282247,3.154283464482386,18.528775320942124,3.6206436865354883,14.374206957901434,3476.674191622621
2002-07-27,493.24670585694884,332.7201950675718,61.23851350196724,8.487165,0.7157967,31.38006,8.084839,17.70899794415549,3.284708172596912,18.980486339883793,3.7510720337662646,12.375543915759595,3464.2986477068616
2002-07-28,498.2050867755039,328.5639034893108,60.49235015253781,8.5886545,0.7162085,34.68353,15.829707,18.95894402943723,6.305625743225877,20.290175575315057,6.772001357028993,11.067810367916389,3453.230837338945
2002-07-29,581.650707533316,288.64711841974486,59.68696292773785,8.91721,0.7954013,38.348793,41.617188,18.678628632522393,13.813187095446185,19.99646206063794,14.27955991817908,9.86529409612438,3443.365543242821
2002-07-30,546.5115542041467,309.6816249584523,58.90465995846955,8.888969,0.7899661,38.413128,32.195847,19.56773864712755,11.656019668786168,20.92806849467068,12.122401653755823,9.051763310766376,3434.3137799320543
2002-07-31,544.8555741484561,309.60754203213634,58.10216012752492,9.008838,0.8219426,37.236458,24.108648,19.236879049792382,8.75127547978082,20.581394939569847,9.217653949660322,8.296493630816693,3426.0172863012376
2002-08-01,564.0475463722037,309.9443945117096,57.271586291801725,9.013488,0.8464306,38.07745,29.889002,19.320461687649406,10.613625009154793,20.66897254180348,11.080004355209669,7.696896281492,3418.3203900197454
2002-08-02,547.7502633695232,314.83312418592857,56.639025704342274,8.903224,0.8378339,38.348793,32.45109,19.65052173388988,11.856222607567599,21.014808330000427,12.322605491610888,7.222000647321417,3411.098389372424
2002-08-03,484.2447825014673,299.5678219093505,56.095571903105046,9.344021,0.88229215,37.439884,23.898077,20.08206784446956,9.149932447905726,21.46698086949923,9.616320145688082,6.558303550016663,3404.5400858224075
2002-08-04,543.0977102975363,303.3245510516785,55.27975465428148,9.39408,0.9071765,38.301003,26.303627,19.753187715775486,9.44414362756782,21.12238139487406,9.910527637509567,6.155663869753544,3398.384421952654
2002-08-05,547.2053671594932,315.0894012853321,54.47003014008352,9.112452,0.8560882,37.101517,19.15896,19.33987970178131,7.0218844772578075,20.68931867063373,7.488264028010212,5.926286768419002,3392.4581351842353
2002-08-06,545.2928858419843,309.5910720154531,53.65747352137602,9.344714,0.8816123,34.911827,11.013988,18.6036899886656,4.028095173351223,19.91794160576973,4.494467265148925,5.523987935297398,3386.9341472489377
2002-08-07,570.2721590830429,318.1612125285648,52.81230180452966,9.469359,0.8826895,33.002586,8.342812,17.89695820915689,3.0409342105635297,19.177430463042235,3.5072997249035307,5.199482757448345,3381.734664491489
2002-08-08,581.6066300378167,315.5742779786602,51.94902394198674,9.469935,0.9207914,32.4031,8.479309,17.536442956183745,3.041656711087279,18.799683813336717,3.5080190901492667,4.946276280628699,3376.7883882108604
2002-08-09,598.7435696452079,318.10728299442195,51.06365261169803,9.658732,0.9671914,33.398396,11.230648,17.895360775187555,3.9474051421513376,19.17575667718972,4.413770642271181,4.653381255289124,3372.135006955571
2002-08-10,618.8279613320797,319.1958399471913,50.15446200281254,9.869115,0.99691445,35.366398,17.38838,18.545468979677207,5.953451126842574,19.856937831570253,6.419822655197755,4.378769325035813,3367.7562376305355
2002-08-11,614.0131074772577,314.3383283298936,49.24851764965165,9.973685,1.0096147,37.2292,25.194664,19.20235893691658,8.556968391285764,20.54522488329968,9.0233465016306,4.158869198667228,3363.5973684318683
2002-08-12,591.8116399783146,337.77123641296447,48.363249499260114,10.044223,0.9909518,37.688934,27.832142,20.089145795462212,10.132686267910655,21.474397122354567,10.5990740464198,3.962692749993491,3359.634675681875
2002-08-13,548.0876744834662,396.7726458352959,47.52122993443699,10.116614,0.9779367,37.124256,22.995602,21.4578605145951,9.67312877773566,22.9085317263448,10.139533243444998,3.770527644113232,3355.8641480377614
2002-08-14,479.28373715570183,467.4850522094681,46.80390313709925,10.158015,0.98034686,35.67447,13.404945,22.757248394698657,6.637525491360356,24.270025905382045,7.103947780792726,3.9212787481459417,3351.9428692896154
2002-08-15,428.323094737785,519.9754501132353,46.17850013844973,10.217195,1.0053724,32.60387,4.5714474,22.492360333694396,2.5474376167742796,23.99247710053632,3.013856116104916,3.454277860185828,3348.4885914294296
2002-08-16,354.02216079443775,498.3751624852711,45.69272336959171,10.269197,0.9932305,29.951864,2.8611026,21.777155063114225,1.7229264402703601,23.24308746282933,2.1893351068745894,3.3289068099674446,3345.159684619462
2002-08-17,313.98290116096166,458.2730831001592,45.25361872611683,10.355097,1.0232837,30.30823,3.4086592,22.19570898958241,2.065113806141342,23.68164683622767,2.5315281561037617,3.1908283215266047,3341.9688562979354
2002-08-18,341.16072736761134,498.90523026828953,44.78326799253375,10.429535,1.0350536,30.648476,3.2542133,22.437324528409828,1.9778232613262259,23.934810771889637,2.4442409832509138,3.0693581987355745,3338.8994980991997
2002-08-19,351.02620356211327,497.3111498374336,44.29491590618412,10.402532,1.0837687,30.276482,2.600555,22.0530111046528,1.5890822954921828,23.532128480186742,2.0554946853231066,2.9851711341805607,3335.914326965019
2002-08-20,348.9719020155489,496.7278423699412,43.807153855072855,10.583589,1.1053029,28.661781,2.2804596,21.20194543287448,1.4149679338669923,22.64038477851988,1.8813691166973752,2.865885746153722,3333.0484412188653
2002-08-21,353.0457522828164,495.9305523467909,43.313243740169,10.671979,1.0640672,27.645138,2.1718407,20.58687055688117,1.3436353130656744,21.99591142598237,1.8100289119542095,2.7697573870169734,3330.2786838318484
2002-08-22,361.81607441548266,507.9880372251602,42.8073407017311,10.516394,1.0010878,27.052631,2.2305894,20.17398302945182,1.367660478516511,21.5632892861273,1.8340492290852297,2.72866758374743,3327.550016248101
2002-08-23,355.1869923343902,501.0272047889051,42.31368591239168,10.762153,0.9944872,26.13414,2.1031299,19.757312850548683,1.2979859221478882,21.126703696988347,1.764369977580253,2.6042720393531615,3324.9457442087482
2002-08-24,305.69440073141425,505.564275488395,41.92234731267522,10.78238,1.0294788,24.423065,1.5663391,19.283051064551834,1.0503774544971616,20.629773818803663,1.5167564073985293,2.5332718492726856,3322.4124723594755
2002-08-25,248.81278655430557,478.9200827233899,41.57514021263918,10.801335,1.059293,23.245289,1.3911074,18.99068543558278,0.9845224560292166,20.323434112171796,1.4508983915411309,2.464726197653267,3319.947746161822
2002-08-26,342.8587685678369,517.5444943883367,41.08151390655957,10.861166,1.045719,27.1437,1.5822563,20.655335787723054,1.0389749937873562,22.06764906082181,1.505369415466589,2.3801176327568814,3317.567628529065
2002-08-27,384.9298547248061,518.9813596837922,40.53884987072304,10.914275,1.0050808,29.10378,1.7267541,21.35779460568031,1.0798625846516543,22.803683009042082,1.546265757800809,2.3049509006024955,3315.262677628463
2002-08-28,380.97710042847024,512.3942396996283,40.00798961346136,10.722032,1.0496382,27.727318,1.7892644,20.475434585464335,1.1196065526086973,21.879149196056623,1.5859988237598395,2.292798277495939,3312.969879350967
2002-08-29,223.9655508953716,340.80099166492033,39.6708435557162,10.639445,1.1100137,23.353329,2.0792732,18.311472140909903,1.3296862250222041,19.611756743788053,1.796055527932583,2.26285883002389,3310.707020520943
2002-08-30,178.31975133852796,333.25792211773893,39.36816634906929,10.994786,1.1881652,20.924454,1.3725114,17.4632865920158,0.9853608576285052,18.723030825034062,1.4517226186144827,2.1472044710291014,3308.559816049914
2002-08-31,256.7185867618492,431.7077252199638,38.95472503834232,11.112745,1.1801462,22.17933,1.2402121,18.052530105293656,0.8936086797354577,19.340438164018416,1.359975592937285,0.0,3306.4817863464923
2002-09-01,316.80542005138784,467.30810741445976,38.47090695906993,11.130223,1.4037298,22.663042,1.3569627,18.003436827009313,0.9877591914479126,19.28899839484906,1.4541256602270085,,
2002-09-02,329.5107333759704,483.2502319905505,37.9833741731256,11.757056,1.2604326,21.16777,1.2902254,17.3524649600113,0.9217547734255784,18.606912297844545,1.38811560977088,,
2002-09-03,338.2486026262316,496.97441956111805,37.48852578785178,12.227958,1.3566592,22.293589,1.2857753,18.217209634907235,0.941903423151455,19.512988812218712,1.4082718472623674,,
2002-09-04,296.9167432517435,470.47704093194193,37.11562410495944,12.2612705,1.362233,23.92255,1.3531107,19.410617402891965,0.98284789134128,20.76343739205274,1.4492281914304153,,
2002-09-05,311.0552858985124,514.1964177380228,36.693630738749405,12.381043,1.3652675,23.362595,1.3519886,19.223409524534404,0.9871377449584174,20.567281617047804,1.453516074387709,,
2002-09-06,333.5680303381439,507.2731641409676,36.22538101226971,12.853253,1.3390043,22.551897,1.3624794,18.704372103699804,0.9786759959974185,20.023435981737975,1.445049071308405,,
2002-09-07,348.39962435770803,516.486552012566,35.73337395605273,13.750398,1.455003,22.177753,1.2981815,18.782985832210503,0.9718670739756012,20.1058071777439,1.4382409252834916,,
2002-09-08,352.3064904596237,515.1191415164012,35.23678518595004,14.298373,1.4934014,23.029171,1.3530649,19.483141673998468,1.0067455734474497,20.839428075406314,1.4731266477387863,,
2002-09-09,354.4405750260568,519.2282749442855,34.737924595326355,14.972365,1.6560333,24.148882,1.5195359,20.42604139117261,1.1255699930831187,21.827395175919943,1.5919616802654062,,
2002-09-10,356.4672279828175,520.0698414813903,34.237090717400754,15.367913,1.7713889,25.216225,1.6646006,21.211145597300657,1.2224550437122856,22.650024679356438,1.6888563432648995,,
2002-09-11,358.8790120226682,523.0459785811729,33.73333336929089,14.895769,1.4226985,24.253956,1.8247527,20.44585782725902,1.2273333399790483,21.84815876991218,1.6937252611132425,,
2002-09-12,360.7794744317312,522.0287446251352,33.23432469920199,15.244239,1.5277104,21.263252,1.5399579,18.803446780823602,1.1040922647795248,20.12724608975845,1.5704663192166382,,
2002-09-13,354.8644377113656,521.361559300759,32.75320485096917,15.864966,1.604822,20.326448,1.5124485,18.519584316759655,1.1100794372590947,19.829815970247537,1.5764507163562818,,
2002-09-14,355.1774981318774,520.3591623233143,32.25329255386392,16.246126,1.6457543,20.73518,1.5002947,18.914112956169486,1.1139167103537955,20.24320172999247,1.5802918717429921,,
2002-09-15,312.1707508027245,493.9352224958397,31.80302507692216,16.34332,1.3284725,20.745392,1.3757871,19.04065592460956,0.9875850951920663,20.375793019758483,1.4539615395045256,,
2002-09-16,167.32187068675927,322.4190470299951,31.531110840196664,16.196827,1.4064449,21.38594,1.6026536,19.613059899593765,1.1593682203945344,20.97555594808183,1.6257506966093462,,
2002-09-17,270.11456756138494,450.4145951557605,31.099308970808,16.224874,1.6507593,20.953304,1.4949573,19.180693499671253,1.1208470700842497,20.52252391221362,1.5872249554746718,,
2002-09-18,354.60648768488,484.6382892513709,30.56714567203668,16.351498,1.6525373,22.214039,1.6899208,19.736936577262064,1.1999528568349538,21.105353507491436,1.6663366877538404,,
2002-09-19,370.0447696122167,493.4906028851415,30.03259709119859,16.45698,1.6473578,22.49897,1.7276434,19.909838222636036,1.2137199753777297,21.286519260479576,1.6801057264688757,,
2002-09-20,359.7313051935477,504.0237759072129,29.51840005489612,16.719477,1.7009826,22.102274,1.6752875,19.86048026648896,1.2072707338670003,21.234802162750402,1.6736559333235508,,
2002-09-21,345.594006898941,512.9269494959335,29.022385462947696,16.780577,1.66584,21.916615,1.6298416,19.849124066645167,1.1823170131597596,21.222903175373304,1.6487020860912713,,
2002-09-22,150.85540277800692,719.1670279297884,28.95436082653957,15.785555,1.214469,18.153605,1.0909553,17.743002358750605,0.9260519726615891,19.016116049258276,1.392416129917348,,
2002-09-23,81.67021772348264,781.725900762436,29.02914368688563,16.274824,1.3034084,16.929386,1.0234334,16.867469922685917,0.9347912733991551,18.098736155607607,1.4011482284137224,,
2002-09-24,328.2308786433225,568.078640974683,28.629509545225584,16.440237,1.533179,19.844776,1.4427152,18.598025072128483,1.0730043044894788,19.912005925586687,1.5393763412938832,,
2002-09-25,401.4650822743447,511.8516533941839,28.082181408130825,16.483685,1.5195708,21.068733,1.6767148,19.053291176586296,1.1528964997389168,20.38903219358826,1.6192730731560259,,
2002-09-26,409.7107320515448,509.6269457690229,27.50718158250111,16.106417,1.0280993,18.518526,1.3862619,17.443548817377838,0.8946868396111664,18.702349652238613,1.361048434887015,,
2002-09-27,358.793909506,397.778110495358,27.398398069259773,15.61354,1.365189,18.731562,2.2326267,17.252882485245998,1.340537924729898,18.502570121191123,1.8068979421887097,,
2002-09-28,416.621989506,479.656430495358,27.45348668376533,16.343824,1.2267287,20.42443,1.6181055,18.527620275747907,1.036837920685236,19.838236020605876,1.503209277083191,,
2002-09-29,181.86009726952403,565.3452421649196,27.32013480006793,16.403423,1.4900595,17.347504,1.0148592,17.11772673771353,0.8491910091317036,18.36095439093341,1.3155499333184317,,
2002-09-30,260.8594442077783,552.4517372051309,27.02024089082789,16.621078,1.5590438,17.847565,1.0640204,17.45418450361807,0.8788686893047286,18.713493687924853,1.3452303738180138,,
2002-10-01,309.0741728311381,533.508190625458,26.639527743717515,16.720787,1.6311766,18.747297,1.1353251,18.003937346275634,0.9353004551678178,19.28952283722537,1.4016669284640177,,
2002-10-02,326.205638345368,536.5309378995219,26.21154733615797,16.908697,1.5397608,19.782572,1.2327251,18.69594333009416,0.9626325395266575,20.014604341566304,1.4290055320565938,,
2002-10-03,301.40954165086373,538.1596110766025,25.82922873845449,16.696331,1.317851,19.082996,1.1832439,18.22617152539926,0.8939180188934328,19.522379050441565,1.360286526118034,,
2002-10-04,298.7854551686914,538.5027742358486,25.448374882535656,16.570606,1.2324688,17.571987,1.124204,17.21464538663042,0.8462891536239731,18.462505419968704,1.3126488596647068,,
2002-10-05,280.3660857383128,510.0662817387959,25.10403306238348,16.521627,1.4157847,17.117275,1.114402,16.905999166396573,0.8771102964920583,18.139106965462002,1.3434675500135467,,
2002-10-06,290.8068083983535,518.051330037751,24.729657079190986,16.37518,1.48348,16.44033,1.0973743,16.416906846906556,0.8822956289677347,17.62663770497882,1.3486492192313397,,
2002-10-07,312.882197972544,517.4690587648912,24.318561070422177,16.410927,1.3654199,15.254602,1.0810549,15.69031359991893,0.847696631992627,16.865315784519947,1.3140452852205702,,
2002-10-08,324.59021219322074,515.4495964284249,23.902362752315312,16.243782,1.4374213,13.580799,1.0358949,14.609772002530104,0.8441029434600896,15.733127992422602,1.3104453712506607,,
2002-10-09,333.2272574080882,518.8793986300263,23.459861615804595,16.325861,1.4169364,12.453245,1.0372397,13.967681340195568,0.8402232756375273,15.060347591305602,1.3065626365925698,,
2002-10-10,332.17731768185695,513.1634790917632,23.02450706495451,16.24262,1.1044191,11.884878,0.878803,13.5972563580678,0.6877049245473777,14.672217561266581,1.1540427307124452,,
2002-10-11,371.412992096,315.10389049535803,22.89402750006615,15.369264,1.4574696,11.072265,1.2896739,13.396987176768501,0.985973326593583,14.462376197687126,1.4523103575256444,,
2002-10-12,1185.122732096,1088.412130495358,23.54584389652749,15.535203,1.1183448,12.935608,1.6197754,14.290695646991827,0.9701252311528876,15.398800877797552,1.4364660759914574,,
2002-10-13,301.420292096,1009.554330495358,24.12729309429617,15.776473,0.9528551,10.780876,0.81377167,11.929467632399506,0.6638600674938085,12.924714235561899,1.1301928173875457,,
2002-10-14,239.311732096,789.9432304953581,24.475031707657504,15.344528,1.1217573,11.626125,0.8626922,12.490689959629579,0.711627456396793,13.512761071591017,1.1779615526087521,,
2002-10-15,162.55118209600002,664.987930495358,24.81819851377784,15.00546,1.0928339,9.061718,0.8624007,10.22923048369412,0.7254869808708821,11.143211563118337,1.1918178509663544,,
2002-10-16,1971.911432096,3552.212830495358,25.82962347711134,14.20753,1.7715904,8.746645,1.3789846,10.695982306418275,1.089139220406432,11.632272527457417,1.555470277293308,,
2002-10-17,587.748692096,5750.935290495359,28.310661449849235,14.071288,0.9335909,10.809687,0.9219659,11.112115680812407,0.8409448653322482,12.068295654666809,1.30727629886411,,
2002-10-18,261.65796950600003,3227.429860495358,29.743705318710425,13.541636,0.9696743,10.283946,0.85181504,10.528250768111146,0.7912832028877365,11.456523994980788,1.2576141639662326,,
2002-10-19,103.224019506,2117.493130495358,30.809540305648937,13.147916,0.90653193,9.4786625,0.75179726,9.649217790649928,0.7180894032666246,10.535476246020835,1.184420388459403,,
2002-10-20,32.315789505999994,1723.0608304953582,31.76989539708066,12.981893,0.91763747,10.21459,0.74929553,10.265535017719133,0.7356952865856149,11.181251329768903,1.2020261622729311,,
2002-10-21,32.315789505999994,1249.6650304953582,32.52018346656882,12.506381,0.9348094,9.577383,0.7249259,9.651216347733758,0.7070449457000763,10.537570327301546,1.173375929835619,,
2002-10-22,32.315789505999994,924.224430495358,33.14245571578528,12.253223,0.930834,8.946522,0.6893634,9.058235487922301,0.6668158938556192,9.916247009394768,1.133147392091003,,
2002-10-23,32.315789505999994,737.606330495358,33.684196188617214,11.468783,1.0231296,8.697681,0.71801823,8.813992343445534,0.6892201606621834,9.660329877515434,1.155551987593513,,
2002-10-24,32.315789505999994,608.905270495358,33.98930833889015,11.016774,1.0627397,6.8766813,0.6780666,7.085330696053197,0.6461175869038931,7.8490441125119705,1.1124536906183395,,
2002-10-25,32.315789505999994,593.638430495358,34.162324797839425,10.57838,1.1413525,6.078951,0.62767154,6.3112403812641125,0.5981763491485194,7.0379549267713335,1.0645154759182467,,
2002-10-26,383.830739506,1455.029830495358,34.672669475007,11.101012,0.9397068,6.545654,0.690422,7.496507090646845,0.5804537799960161,8.279873333231004,1.0467885566453394,,
2002-10-27,154.746293506,1002.465880495358,35.15850163754352,11.259072,0.8824858,7.4535003,0.67400646,7.9623941279911605,0.5956822601025686,8.768028178405212,1.0620157667844319,,
2002-10-28,102.198699506,803.282230495358,35.423858301684824,10.3320465,0.9465314,7.0632186,0.6657081,7.432160611891486,0.6001567399835388,8.212451312748573,1.0664917115474162,,
2002-10-29,72.001595506,720.718330495358,35.64067833769217,9.979508,0.9927662,5.6517735,0.70361,6.04485531043026,0.6460260933305192,6.7588375601434345,1.1123664189152394,,
2002-10-30,62.19997950599999,679.334130495358,35.82997729023474,9.517165,0.9372525,4.4507356,0.70798784,4.875708357133086,0.6533489377467636,5.533809379007582,1.1196954846152831,,
2002-10-31,53.903125506,613.979630495358,35.9950251402415,9.384987,0.9877211,4.2068124,0.7351203,4.6247297291013165,0.6804760621878477,5.270834830483415,1.1468241483831603,,
2002-11-01,45.284929506,548.853530495358,36.12909724991589,9.170351,0.94591403,3.5457668,0.7191415,3.9744697609133057,0.6682296433466123,4.589494658618519,1.1345820528910706,,
2002-11-02,32.315789505999994,528.359130495358,36.35186321600519,8.582475,0.9716576,3.2434902,0.6909418,3.5512148787748843,0.6535218274941537,4.146009639938316,1.1198773109255136,,
2002-11-03,32.315789505999994,513.5119004953581,36.55712207655634,8.839018,0.9173131,2.875566,0.7118224,3.2286328409783884,0.6718774469664291,3.80800928342668,1.1382354107199353,,
2002-11-04,71.91412051348942,498.8434906541226,36.6961755964518,8.90123,0.87272334,2.9543595,0.8147412,3.7036512464947298,0.7205258577853495,4.3057319449575155,1.1868802105426368,,
2002-11-05,69.14978879090847,475.0749899721699,36.82327759398336,8.977165,0.9606532,3.4794145,0.87717116,4.17796461851865,0.7753846429341293,4.802715874805028,1.2417356475266255,,
2002-11-06,228.198989506,936.471730495358,37.13512407208936,9.20964,0.86901444,3.7637424,0.9097175,4.8307807044679,0.7510286045944363,5.486734338122498,1.2173754217240038,,
2002-11-07,47.05390050599999,822.694330495358,37.49867357004908,8.477138,0.9540852,4.349603,0.7135644,4.572905260071544,0.6769309220003292,5.216533328987104,1.1432793350240384,,
2002-11-08,32.315789505999994,700.186330495358,37.729651981822606,9.285899,0.8696996,3.854341,0.77097577,4.093965031876006,0.7379607461409815,4.7147013950590875,1.2043123249367063,,
2002-11-09,32.315789505999994,648.346930495358,37.91009362544927,10.164603,0.7447967,4.571034,0.89772785,4.836599560149467,0.8558372836101258,5.492831315214881,1.3221840656063975,,
2002-11-10,32.315789505999994,608.724030495358,38.06702843587573,10.450047,0.6898465,5.966384,0.8331209,6.192412165727457,0.7918859862788417,6.91344712872596,1.2582256377853007,,
2002-11-11,32.315789505999994,545.124730495358,38.23927874172444,10.765225,0.738806,8.697239,0.85944647,8.81297138934947,0.8124013711408571,9.659260125303534,1.2787331995893618,,
2002-11-12,148.4119920988,717.8218904953579,38.43413856628762,9.822345,0.8296761,9.111216,0.71639806,9.23305347105089,0.6104386716907282,10.099420694531524,1.0767699765568226,,
2002-11-13,143.8284360988,1500.650730495358,39.03869864816366,9.24941,0.77862775,8.224936,0.6686656,8.314537465739674,0.6139715648660125,9.137002763956323,1.080304276373664,,
2002-11-14,54.9368420988,942.229930495358,39.51670898460444,9.249423,0.802421,6.536916,0.65226066,6.686355758931213,0.6179091421258479,7.43099953722315,1.084246718371075,,
2002-11-15,54.9368420988,790.410130495358,39.9465922173347,9.402656,0.7239969,5.8426375,0.6603043,6.073993605133577,0.6191831279819584,6.7893685657292915,1.08552331848214,,
2002-11-16,54.9368420988,896.549830495358,40.35985228510615,8.034404,0.9340046,6.025044,0.6904389,6.14106018115633,0.6528056847266872,6.859640694830311,1.1191455679972795,,
2002-11-17,1006.8280420988,2981.886430495358,41.24380578259892,7.744946,0.9969572,5.5717883,0.7300565,6.120334996709257,0.6009991698303311,6.837924917412167,1.0673391474930232,,
2002-11-18,455.2434220988,2749.913630495358,42.25578201272152,7.4727216,0.8789482,4.3485713,0.6233583,4.792308951904931,0.5491971818619975,5.446423767296126,1.0155442322520563,,
2002-11-19,229.6893620988,2127.9151304953584,43.058781490629485,7.488596,0.8366371,3.8536468,0.60444003,4.207781287668838,0.5516079357908753,4.833957678817409,1.017958738503515,,
2002-11-20,189.0697120988,2100.623130495358,43.88804221995938,8.592289,0.7428921,4.3615036,0.59945536,4.71085760915481,0.5533664247511706,5.361079328790036,1.019713974579538,,
2002-11-21,125.1329020988,2051.156030495358,44.67940927232711,8.24212,0.7187228,4.8636184,0.5943329,5.057876443423928,0.5616820617221868,5.7246844771126755,1.0280275364201321,,
2002-11-22,146.1553170988,2409.3489304953578,45.67353522659565,8.298949,0.71931744,5.539552,0.6247146,5.697368638121477,0.5904207222660552,6.394742212722058,1.0567627336315026,,
2002-11-23,38.7789474072,2513.084480495358,47.49934079043992,6.7134523,0.7338469,5.304851,0.63227254,5.326256618826192,0.6227641726437806,6.005892307487433,1.0891081369057292,,
2002-11-24,38.7789474072,1686.421810495358,48.95401667821313,6.6252346,0.6951576,4.1250052,0.5793048,4.181205233738654,0.566498773590294,4.806111380355058,1.0328497561922956,,
2002-11-25,38.7789474072,1476.622800495358,50.22463791603858,6.682998,0.6679761,4.0956435,0.5840575,4.16185361310727,0.569368184671375,4.7858348184077,1.035719298769838,,
2002-11-26,38.7789474072,1252.342250495358,51.31183052272507,6.162839,0.6820934,3.8873553,0.637191,3.955699693195939,0.6183923432663927,4.569827445826529,1.0847448847871206,,
2002-11-27,38.7789474072,1202.9296304953582,52.259851896391694,5.0346656,0.7663393,2.923215,0.5918113,2.9891561775594666,0.5738281625316494,3.5570864541063556,1.0401880445759315,,
2002-11-28,38.7789474072,963.474170495358,53.08143566295278,4.4459558,0.7361978,1.133661,0.4598724,1.2618195782137624,0.4429958523379048,1.7471890699167045,0.9093715134366449,,
2002-11-29,38.7789474072,828.5516804953581,53.81482408991094,4.925957,0.673041,0.5481112,0.4751127,0.7438476985367549,0.4548665734679144,1.2044599049894298,0.9212476311263609,,
2002-11-30,38.7789474072,802.0286304953581,54.49732484706764,6.0097256,0.6132333,1.094383,0.5949307,1.321083873197311,0.5681962167418584,1.8092859956156089,1.034571279945786,,
2002-12-01,38.7789474072,683.563460495358,55.20489686859216,4.968391,0.6770063,1.3979189,0.589126,1.5895997054859776,0.5586822415357633,2.0906359668122194,1.0250546461064145,,
2002-12-02,38.7789474072,584.2139704953581,55.790220975934886,4.7165127,0.66515726,0.31945542,0.5779955,0.5931555607546918,0.5435965253343696,1.0465651981366875,1.0099792106059668,,
2002-12-03,38.7789474072,500.120710495358,56.10477932864254,3.5086074,0.7522401,-0.0777092,0.4821714,0.18036033353133005,0.45073677489393776,0.6140397701219423,0.9171240517113302,,
2002-12-04,39.35987067174756,471.8522021231448,56.35153834435141,3.3149939,0.7307217,-0.47726846,0.4300834,-0.18528991808516018,0.40093682908096046,0.23091268639104018,0.867328335770838,,
2002-12-05,38.7789474072,459.550000495358,56.590855170676846,3.541335,0.7199945,-0.50380075,0.44221157,-0.18901648676847774,0.4116305059073611,0.2270080004632978,0.8780220564934054,,
2002-12-06,38.7789474072,472.566180495358,56.81454509601394,3.7347174,0.6501319,-0.53365755,0.49491763,-0.2099562432201158,0.4600342064582638,0.20506739523224804,0.9264260039941059,,
2002-12-07,38.7789474072,442.52893049535805,56.99264668788526,3.5045671,0.6758263,-0.4702214,0.4965247,-0.14997292090176986,0.45975559724305437,0.2679177153146811,0.9261466887136303,,
2002-12-08,45.98111409706076,429.5644876071455,57.1684457052329,3.8731008,0.6314951,-0.65657353,0.57662004,-0.21859351762925414,0.5244326815371833,0.19601728863139842,0.9908245810814333,,
2002-12-09,41.41760818108301,432.2107073588425,57.25913344768093,2.7125826,0.7087033,-0.3394438,0.449055,-0.07255175040658815,0.41444612574111334,0.34903935310850076,0.8808363119664695,,
2002-12-10,97.2218122286743,417.1273652769877,57.2708237794236,3.120749,0.65704197,-0.84061563,0.60796165,-0.09184210281191946,0.5084463423945473,0.3288269877989656,0.9748367535308463,,
2002-12-11,38.7789474072,613.239430495358,57.392726419100896,3.5654764,0.67834336,-0.0938822,0.7320754,0.12375901730414815,0.6897160222570998,0.5547331044610214,1.1561039438431324,,
2002-12-12,38.7789474072,864.037130495358,57.65764004846399,4.021063,0.5555046,0.11981386,1.01582,0.28738545368471025,0.9724799273095824,0.7261803251715829,1.43886599497164,,
2002-12-13,38.7789474072,828.856490495358,57.89556597275749,4.3966846,0.5447747,0.45758453,1.2328172,0.6336425258770153,1.1779681196736693,1.0889873017940914,1.6443503650980902,,
2002-12-14,48.4022864072,1466.255230495358,58.29367685655821,4.8756166,0.4969345,2.1792355,0.79474497,2.2654008181500713,0.7695120312309255,2.79873806255112,1.2358781094172382,,
2002-12-15,59.5203304072,1714.800030495358,58.8924287961043,4.8583865,0.4739349,3.200953,0.71224487,3.2565523180675484,0.6885358797330517,3.837263216082744,1.1548936241106207,,
2002-12-16,44.7276307072,1482.368254495358,59.313151892677816,4.0456486,0.545585,2.3022509,0.62085503,2.353313830613188,0.6028824148850696,2.890853016494374,1.0692477084780942,,
2002-12-17,81.5968714072,1243.622058495358,59.60085843805699,3.0002828,0.5861763,0.45993203,0.3873774,0.6163474467991026,0.3653129702177816,1.0708655770565247,0.8316954033052573,,
2002-12-18,50.3134234072,1093.931667495358,59.82840780397143,3.0813012,0.5786951,0.22908723,0.33190688,0.3545014919943236,0.31833129100586915,0.7965042806876963,0.7847166070816751,,
2002-12-19,65.7850574072,1068.8747104953582,60.14715785822988,3.9914722,0.5141925,0.07917023,0.41476485,0.3059968230729049,0.39185337260944697,0.7456812543967497,0.8582392313395226,,
2002-12-20,38.7789474072,2739.9987104953584,61.42276992470603,4.997538,0.49247146,1.2793705,0.52974963,1.3312590532198756,0.5224019737052676,1.8199475144611392,0.9887769346596531,,
2002-12-21,38.7789474072,2169.471670495358,63.19786587881501,4.5070696,0.4488159,2.4872797,0.55743307,2.5227490549818596,0.5477007294218245,3.0683866654025285,1.0140645357950668,,
2002-12-22,38.7789474072,1406.6118304953582,64.31578268392573,4.890262,0.44562113,2.7009907,0.62247616,2.759727486135362,0.6058934710708058,3.3166918554949265,1.0722552524307343,,
2002-12-23,38.7789474072,1181.983530495358,65.20532180136371,4.426451,0.44816214,2.5244074,0.627445,2.5848280325441415,0.6076802526209472,3.1334328058859184,1.0740435223127267,,
2002-12-24,38.7789474072,920.723500495358,65.93088721303809,4.257751,0.46130508,1.9702636,0.64791065,2.062713966989449,0.6220043788555621,2.5863634727553593,1.0883722996290817,,
2002-12-25,38.7789474072,667.7319804953581,66.81926933905582,3.6432528,0.63898546,0.6011433,0.6609513,0.768118504384139,0.6256568646649548,1.2298907723907195,1.0920376626041945,,
2002-12-26,38.7789474072,912.481830495358,67.60035066047584,3.5523958,0.543378,0.97280884,0.6662702,1.0779678755164954,0.6394928836811464,1.5545498842961138,1.1058704251438967,,
2002-12-27,38.7789474072,617.291490495358,68.40593804250193,3.1866565,0.5582366,0.10164893,0.60448575,0.28399725178681207,0.5697121966774539,0.7226301788049541,1.036098302418215,,
2002-12-28,38.7789474072,546.581830495358,69.10130525733888,3.069425,0.5436484,-0.24809146,0.56358904,-0.028312811189697785,0.5274834085187067,0.39539276239671,0.9938730805581016,,
2002-12-29,38.7789474072,549.8366304953581,69.71907832379547,3.6559892,0.4854469,-0.3931843,0.6688826,-0.12641819899344045,0.6256335209090652,0.29259827241243985,1.0920243362412683,,
2002-12-30,38.7789474072,562.8205304953581,70.26789339652166,3.3916955,0.5229597,-0.16815221,0.63328296,0.061314653634421505,0.5934199476219832,0.48930411366326065,1.059808584786901,,
2002-12-31,38.7789474072,708.3480704953581,70.84617618084658,4.074475,0.46249908,-0.14431483,0.7411103,0.07465760825292811,0.7030536265219037,0.5032848159019232,1.1694421104091852,,
2003-01-01,114.2575574072,1557.593030495358,71.83342636329066,3.7403045,0.7694529,0.9096082,0.5248472,1.1030635368639015,0.4917976020967595,1.580845032470699,0.9581748846130204,,
2003-01-02,782.8075074072,2556.1693304953583,73.08656411104296,3.6661243,0.9196042,0.06278145,0.37816048,0.9075683455164315,0.3609622271264256,1.3760058392437007,0.8273415458808975,,
2003-01-03,274.3032874072,1742.554530495358,74.03868728199276,2.9781947,0.7871007,0.2069673,0.37385082,0.5838688212055199,0.34028222555408516,1.0368345841821962,0.8066650119803438,,
2003-01-04,187.4639274072,1691.508630495358,74.94537179045564,2.7188382,0.7948711,0.23599207,0.37305316,0.4837040944763604,0.345070266452489,0.9318823259113724,0.811454150178256,,
2003-01-05,118.1131174072,1462.622330495358,75.75647787676594,2.481906,0.80342525,0.3079295,0.36201748,0.4703697831504597,0.340304313897863,0.9179106800851566,0.8066883445655573,,
2003-01-06,135.6408874072,1185.982730495358,76.455177212815,2.509932,0.81890607,0.1945709,0.3392269,0.4322010652206744,0.3158005725150486,0.8779176279115627,0.7821850249196028,,
2003-01-07,85.4677404072,1026.732030495358,77.08855707133011,2.2537055,0.80684763,0.18118817,0.3213844,0.3404521565206093,0.30309694210730403,0.781783435003589,0.7694824150857109,,
2003-01-08,117.9212974072,959.178880495358,77.67714602075432,2.4420137,0.83278775,0.039051354,0.3019208,0.30212850131554564,0.2839046023896578,0.7416280400825852,0.7502905045130654,,
2003-01-09,103.1147174072,943.441730495358,78.2567833505338,2.7135243,0.76684725,0.12455195,0.33534753,0.37963724315047914,0.31160535548205787,0.8228414348268491,0.7779903914055539,,
2003-01-10,102.5159504072,859.9913304953579,78.30901279023234,2.659255,0.7615151,0.17792845,0.3472429,0.44221273696605895,0.32068487724362504,0.8884078233431889,0.787069218865253,,
2003-01-11,91.5526874072,802.967700495358,78.30386314506107,2.1425714,0.76983666,0.057475805,0.29685426,0.2708819079166493,0.27787636928733883,0.7088879663303577,0.7442626225501694,,
2003-01-12,93.5963374072,699.044790495358,78.26087713625344,2.117936,0.7857403,-0.10810006,0.26572984,0.15475384376496065,0.2520501514646907,0.5872093776761469,0.7184377195223093,,
2003-01-13,76.76919740720001,612.4396804953581,78.18664931367402,2.0267863,0.7888795,-0.14535457,0.2612031,0.09659459712521765,0.24818471929576869,0.5262703178544631,0.7145729516236003,,
2003-01-14,57.6012184072,577.783530495358,78.09188743071891,1.8066487,0.7912637,-0.1554923,0.2591288,0.02238686841790357,0.24631382498396487,0.44851571338137,0.7127029104963528,,
2003-01-15,67.6345804072,544.354970495358,77.96068511493156,1.720459,0.80124104,-0.2034049,0.2537297,0.009212659451960578,0.24243843524936817,0.43471182226063537,0.7088276728869921,,
2003-01-16,82.0846034072,571.4374304953581,77.84259051678325,1.8069427,0.798578,-0.22011876,0.25399786,0.03448709396831104,0.24369457360018348,0.4611942883505351,0.710083519563671,,
2003-01-17,70.7564544072,559.3156304953579,77.82530059654053,1.5618176,0.79252726,-0.21930623,0.25419962,-0.019287830450858145,0.24257039311532977,0.4048491063645128,0.7089599605328388,,
2003-01-18,59.4900144072,520.9219304953581,78.12054151043705,1.3188651,0.71656305,-0.21596915,0.2564476,-0.058654483124509535,0.24159685530402822,0.3636008622612311,0.7079868797614063,,
2003-01-19,54.9595904072,513.2742304953581,78.41045792067628,1.345726,0.72858083,-0.20932746,0.25741434,-0.05892264574083737,0.24296099449066202,0.3633198823885108,0.7093510220674367,,
2003-01-20,58.0201354072,502.860400495358,78.69135904355922,1.4368048,0.7495198,-0.20945996,0.25933734,-0.03916255032446628,0.24509696333040337,0.3840244428192774,0.7114867612684279,,
2003-01-21,61.6109594072,498.8086304953581,78.96264942454037,1.2187246,0.69830996,-0.2251761,0.26190674,-0.06643769836066926,0.24542931677169388,0.3554456359423732,0.711819431800614,,
2003-01-22,64.5343354072,486.837690495358,79.22453319110146,1.0679376,0.64052874,-0.24304152,0.26388457,-0.0896003489940884,0.24476277872624036,0.33117588978623685,0.7111531637035341,,
2003-01-23,61.2449584072,475.244830495358,79.47645664418292,0.9964301,0.6187969,-0.2444247,0.26533574,-0.10277037259896447,0.24543120914325514,0.3173763840725212,0.7118217478837149,,
2003-01-24,55.4738994072,470.719680495358,79.46303640036922,1.1119261,0.65871954,-0.20243275,0.2701968,-0.06386661871461886,0.25148963349645725,0.3581396044067087,0.7178797185986354,,
2003-01-25,50.7389184072,445.0666704953581,79.43918208976642,1.3055139,0.69563633,-0.22275943,0.26618877,-0.06636156482836666,0.2493270843837086,0.3555254083972704,0.7157171985263444,,
2003-01-26,62.5373094072,433.406530495358,79.40796610448814,1.7208198,0.8070996,-0.288962,0.26528728,-0.035533415470543915,0.25319037124969346,0.38782703791364037,0.71958012706084,,
2003-01-27,38.7789474072,446.0937104953581,79.39666625943644,1.2012994,0.6367478,-0.25020325,0.27321216,-0.13411556324265853,0.25646816796868793,0.2845330004642326,0.7228590734693953,,
2003-01-28,64.29558440948259,430.5222787138685,79.32406907257216,1.0908058,0.6219906,-0.25060606,0.273766,-0.0763058499778373,0.25153132308062764,0.3451058204104933,0.7179215530426075,,
2003-01-29,42.71570370012151,433.39754332746656,79.29717592839812,1.5462701,0.8204984,-0.27507806,0.26592395,-0.1116712004885867,0.25301144553524774,0.3080501270357331,0.7194020883072993,,
2003-01-30,44.4934584072,433.624500495358,79.252547546287,1.756357,0.7699627,-0.24925327,0.27386814,-0.06261201936036193,0.25851059523755726,0.3594541693214658,0.7249006657392478,,
2003-01-31,58.8682594072,443.360330495358,79.20894488870182,2.001061,0.77503,-0.31663358,0.27100074,-0.04496716082292908,0.25590310829464274,0.37794239178105643,0.7222929736436996,,
2003-02-01,57.69158038270279,432.0485065765276,79.17427877241036,2.4699817,0.7098794,-0.3268404,0.280916,0.00262637081436606,0.26155250712501765,0.4278107315402652,0.7279418208902413,,
2003-02-02,66.60838268801405,426.5431936122715,79.1370150536581,2.6109312,0.6670399,-0.36952662,0.35387668,0.03303413375485489,0.3190640648847225,0.45967188160557176,0.7854530275959959,,
2003-02-03,82.91254698574258,428.07681201716696,79.0749289896414,2.558579,0.6535735,-0.38121772,0.35065386,0.09579031849388098,0.31231309779653016,0.5254275974538375,0.7787013393376017,,
2003-02-04,113.9988774072,1050.838334495358,79.17581711497391,2.7350488,0.6561056,-0.1941219,0.29799613,0.09254662992487847,0.276394289154101,0.5220288716592314,0.7427825678600508,,
2003-02-05,38.7789474072,1022.142996495358,79.4326318146266,2.3746457,0.60660815,0.06940758,0.3001257,0.1536689255696362,0.2900043270577169,0.5860726040996933,0.7563919074714114,,
2003-02-06,38.7789474072,801.236540495358,79.43037103070544,2.3912606,0.60121673,-0.032155573,0.28338385,0.07972037489033992,0.2717227716035773,0.5085895654784014,0.7381111973854292,,
2003-02-07,38.7789474072,756.760097495358,79.39717825549631,2.2470338,0.6096782,-0.0771963,0.2806903,0.036099456759337255,0.2686567582926396,0.4628837165713859,0.7350456856737864,,
2003-02-08,45.9743634072,659.449080495358,79.39864544873365,2.3116627,0.59508234,-0.10101378,0.27922752,0.05622690327178255,0.263894929761601,0.4839731862248921,0.7302836254258276,,
2003-02-09,60.522109407200006,630.5713304953581,79.38009661440346,2.34579,0.59909356,-0.16274667,0.27498364,0.05693697607507328,0.25632883504497805,0.4847171980809177,0.722717522542961,,
2003-02-10,73.77088740720001,605.2946685953581,79.35317828343433,2.5557585,0.60333717,-0.24164283,0.27785525,0.06225533315122904,0.25619631876565757,0.4902897544454195,0.7225849451178186,,
2003-02-11,68.0265554072,589.256775995358,79.34828429706316,2.3780622,0.5723204,-0.19493979,0.28070328,0.07135703525559656,0.25852858000253415,0.4998264867977636,0.7249171017863094,,
2003-02-12,90.95954819110622,586.7626885489329,79.28774802760675,2.2100677,0.593311,-0.2541896,0.27332118,0.07654726651032825,0.24967665457839078,0.5052647933645535,0.7160651167746154,,
2003-02-13,168.7497435873446,569.5581338134792,79.02787897673406,1.8019774,0.6184108,-0.41568828,0.2611425,0.09118768293755206,0.24609498921929407,0.5206049716512386,0.7124832834990875,,
2003-02-14,160.2199563616267,555.0355041244702,78.76729607800439,1.8820975,0.63047755,-0.36488223,0.27161375,0.13844981145760596,0.25371292395385003,0.5701260683570469,0.7201006778390814,,
2003-02-15,103.36638378237664,541.9953859497606,78.56979499941623,1.7411199,0.61273646,-0.3217398,0.27983248,0.00866456753542411,0.25468093770797495,0.43413753342404693,0.7210701816788259,,
2003-02-16,211.68917787134785,591.3554599625986,78.39720151010191,1.6742808,0.6361653,-0.41567826,0.26114452,0.13525214267943853,0.25515455648894064,0.566775561941967,0.7215423468557235,,
2003-02-17,233.4164395413765,574.2436039075762,78.19773302453474,2.008949,0.60881376,-0.38254058,0.2679276,0.3086078741967388,0.25931969236353003,0.7484171048388711,0.7257055218135195,,
2003-02-18,67.83612128681709,586.2036515862319,78.18061243173672,2.3468728,0.62897635,-0.34097314,0.27641323,-0.06219339006601116,0.256189211320624,0.3598928076650739,0.7225792769508873,,
2003-02-19,64.1975374072,547.946730495358,78.20524664338788,2.7022047,0.58880395,-0.32652032,0.27979755,-0.008888192769252597,0.2579542231142202,0.41574581117791615,0.7243436700896471,,
2003-02-20,68.5943234072,528.823030495358,78.4366120295937,2.9869845,0.5295612,-0.2702731,0.29224482,0.10371902591131707,0.265739450615765,0.5337352699828967,0.7321276013635378,,
2003-02-21,74.9885234072,530.532360495358,78.66858878466051,3.211618,0.5056847,-0.27188993,0.29187936,0.15951239078026977,0.2632888614436371,0.5921953669725085,0.7296763753223123,,
2003-02-22,93.0119574072,546.422780495358,78.95482519489978,3.3289566,0.5487015,-0.30613315,0.3077521,0.22262575650492825,0.2748312374260114,0.6583253358365578,0.7412180351696162,,
2003-02-23,62.9893014072,1623.6607304953582,79.73323713282973,3.1781878,0.5331886,0.056078255,0.32224774,0.17267594787779883,0.3108515636131423,0.6059880971019306,0.7772389277516076,,
2003-02-24,38.7789474072,1558.3463304953582,80.69414457755173,2.782723,0.53214765,0.0610739,0.30147624,0.12715680889347877,0.29443989711543295,0.5582932988735525,0.7608277798924927,,
2003-02-25,149.3750014072,1100.6544304953582,81.36020955623403,2.4731674,0.5448416,-0.13438141,0.26947868,0.17721333834535602,0.24604710208022282,0.6107423593235437,0.7124344146501502,,
2003-02-26,147.5268724072,955.106030495358,81.93334694870943,2.4036913,0.53974056,-0.194642,0.26978418,0.15300223951265307,0.24459193769692597,0.5853740527281386,0.7109795257041401,,
2003-02-27,86.1854574072,893.980330495358,81.95178070751373,2.6014462,0.5358984,-0.14735419,0.2775818,0.09434636887242026,0.2575220059502285,0.5239146319763659,0.723910264034008,,
2003-02-28,64.8264594072,831.313100495358,81.9490508299544,2.906423,0.5195539,-0.13084066,0.2885841,0.08887406396086744,0.27033344181032587,0.5181807695961793,0.7367217626095797,,
2003-03-01,68.6427584072,770.4664804953579,81.9187535333773,2.974503,0.5176063,-0.092660725,0.29866531,0.15824651268357912,0.27748285281494217,0.5908689842299839,0.7438703811038796,,
2003-03-02,86.4339974072,734.0369304953581,81.9048308450588,3.1744332,0.5082823,-0.18359512,0.30411977,0.1701624639409135,0.2773006085370913,0.6033544772247772,0.7436880012520397,,
2003-03-03,94.8607344072,647.438630495358,81.82774694693362,2.8425484,0.50002205,-0.23028779,0.30127037,0.16239945785976967,0.2704278978895615,0.5952204259894635,0.7368153789098462,,
2003-03-04,91.8304534072,619.2643904953579,81.80023438419019,2.7441897,0.49040896,-0.28606868,0.28505436,0.10525746764935444,0.25619370307485134,0.5353472439771122,0.7225818362139301,,
2003-03-05,94.4984454072,625.9672304953581,81.73572836310872,3.3246694,0.4624315,-0.30795574,0.284503,0.16851029454658906,0.2545195161578627,0.6016233397810625,0.7209069276607093,,
2003-03-06,119.8038424072,598.6607304953579,81.66606663871752,2.9195132,0.48208606,-0.38061893,0.3009378,0.16967753231804894,0.2633267960743047,0.6028463675279956,0.729714194303404,,
2003-03-07,123.5143274072,580.2737904953581,81.6899422371944,3.0901155,0.47225288,-0.22376436,0.3029541,0.35781926930572616,0.26317690766071833,0.7999806364133295,0.7295621867166173,,
2003-03-08,57.4173254072,541.3355604953581,81.7503232933053,3.6988406,0.47495577,-0.2450509,0.29800472,0.1331480266967603,0.27325015679832115,0.5645708764078774,0.7396379711769119,,
2003-03-09,64.9704874072,537.0362104953581,81.80562958195978,3.5968828,0.4763697,-0.30168033,0.31583434,0.11906507172773934,0.2864006585632304,0.5498148043315105,0.7527886337843901,,
2003-03-10,71.60038540720001,491.796800495358,81.8223885413879,2.798634,0.50428975,-0.23910558,0.29937893,0.14695124239790291,0.26907556075706396,0.5790338386356022,0.7354632177080609,,
2003-03-11,49.3265124072,491.480060495358,81.84871485527414,3.3528605,0.48604107,-0.20392251,0.30764163,0.12048867056123301,0.2830747366835513,0.551306446322916,0.7494626956353708,,
2003-03-12,38.7789474072,470.602950495358,81.88228105776886,3.827135,0.42334345,-0.32686663,0.40332803,-0.010624894135040266,0.37401407892873534,0.4139261014234604,0.8404035460089475,,
2003-03-13,38.7789474072,437.301010495358,81.90880151438017,3.743875,0.47347006,-0.46384096,0.43228644,-0.12110274217033488,0.3989431936371474,0.2981677899017097,0.8653339467425405,,
2003-03-14,52.1694924072,446.753710495358,81.90336748544304,3.6557932,0.47591332,-0.25961876,0.35030878,0.14979305565771187,0.3176018554411285,0.5820114808549774,0.7839894800078919,,
2003-03-15,46.7125724072,510.043730495358,81.9446874422495,4.112072,0.47449088,-0.27465546,0.58158785,0.09339663379185278,0.5342771405976484,0.5229195028054542,1.0006654095634329,,
2003-03-16,182.6379274072,851.2556604953581,82.20001434840921,4.3159947,0.5543452,0.105909705,2.7630856,0.8496237719504701,2.277091467989866,1.315291713134902,2.7434713986791173,,
2003-03-17,735.6771474072,3356.808770495358,83.26112406532525,4.5556936,0.5971994,2.8037524,1.9924564,3.118686458342026,1.6378088903727597,3.692807839533207,2.104167726691729,,
2003-03-18,885.0146474072,5982.444310495358,85.46847848109161,4.642437,0.5769736,4.207965,0.7634347,4.263955644334127,0.6691939817031803,4.8928169777088675,1.1355444068380032,,
2003-03-19,340.4780474072,6311.344300495359,88.08104657636405,4.2948585,0.6119084,3.0421658,0.7204114,3.106285683366827,0.6842538807471087,3.679814349904122,1.1506128163496372,,
2003-03-20,536.5224174072,6718.383230495359,90.86268497290062,4.441042,0.6694983,1.786811,0.6992565,1.9830994747953872,0.6494343913818019,2.5029436799829483,1.1158030487657113,,
2003-03-21,38.7789474072,8417.579960495357,98.80330955450871,4.190609,0.582319,2.1905904,0.77928317,2.1997620140964758,0.7757141641750622,2.729961948038789,1.2420808339277891,,
2003-03-22,5769.8606156710175,6537.429080495358,100.0,2.7236967,0.63140005,0.89372265,6.926409,1.7516447052772801,3.6910826353979105,2.260426163670425,4.1574534754161165,,
2003-03-23,4803.3272720061605,6483.964130495358,100.0,2.836608,0.6959343,1.7064521,4.997843,2.187391976863503,2.8862361662910483,2.717000665310937,3.3526029480798436,,
2003-03-24,3074.564972006161,5817.544200495358,100.0,2.9436574,0.6278432,3.612989,2.0073597,3.381558666061706,1.3311095075859893,3.9682444401981987,1.7974662806630088,,
2003-03-25,2605.720772006161,5416.628280495359,100.0,2.8584266,0.49351716,4.9888973,1.1598936,4.296904011154259,0.7993881290967524,4.927340163834645,1.2657383344471378,,
2003-03-26,2575.357788006161,5284.934660495358,100.0,2.8282511,0.5406369,4.9975324,1.1445953,4.28678586769637,0.7897010272056688,4.916738407706611,1.2560512999177642,,
2003-03-27,2201.9679720061613,4358.647320495358,100.0,3.1390982,0.5123486,5.787946,0.9687525,4.898901778879006,0.6661826811700314,5.558111367030211,1.1325290894226376,,
2003-03-28,1753.9755720061612,3093.448345795358,100.0,3.0828543,0.49760413,6.580936,0.8874409,5.31520184000898,0.5942648971432297,5.994309148031629,1.0606089219944617,,
2003-03-29,1921.4746020061607,3485.855130495358,100.0,3.1294212,0.57360524,6.8983793,0.8996601,5.559094021002227,0.6147441457036519,6.24985854157264,1.0810868662984314,,
2003-03-30,2317.698372006161,3996.897930495358,100.0,2.9769952,0.5113533,6.3749766,0.8747396,5.127787488785655,0.5846229539099819,5.79793703146374,1.0509680272161919,,
2003-03-31,1803.9031720061607,3075.344330495358,100.0,2.7664242,0.42217943,4.173187,0.64693236,3.6530935648535316,0.4366080886280534,4.252757778956656,0.9029628134442149,,
2003-04-01,1488.2692720061611,2253.031330495358,100.0,2.696701,0.41511804,2.9500346,0.63367796,2.849259886343919,0.41580080477775516,3.410503598382253,0.8821618377858473,,
2003-04-02,1342.861972006161,2366.260130495358,100.0,3.0927243,0.39705652,3.5980058,0.6226195,3.415072122267225,0.422416699599385,4.003359725050323,0.8887732153142002,,
2003-04-03,1348.928972006161,2412.805930495358,100.0,3.2462344,0.38990626,5.4632683,0.7210596,4.668257124984339,0.4831654775829732,5.316442687098687,0.9495132916482796,,
2003-04-04,1414.464372006161,2435.481722495358,100.0,3.0856056,0.3703997,5.9557805,0.7976395,4.9012825946518,0.522616422984079,5.5606059776585335,0.9889628170425133,,
2003-04-05,1605.2518720061612,3391.944310495358,100.0,2.9741387,0.3735415,5.344457,0.7916854,4.5830385598791645,0.5506059062326849,5.227150965886577,1.016954255109672,,
2003-04-06,1686.4830720061611,3793.802133096282,100.0,3.0177438,0.35564405,4.709221,0.7403691,4.1886918768539,0.5240856057964021,4.813955859419404,0.9904365376407069,,
2003-04-07,1323.4483720061612,3355.373197553264,100.0,2.9407558,0.37242106,3.9909344,0.72620916,3.6938815687343753,0.531341337389349,4.295495309996189,0.9976957618147857,,
2003-04-08,1065.4704083184656,2740.50488280325,100.0,3.0801272,0.32992175,4.185779,0.66948116,3.8762554525819204,0.49083023640332796,4.486586042077711,0.9571833409746943,,
2003-04-09,944.4149595860384,2428.422376848117,100.0,3.1576495,0.3215455,4.5949526,0.62541455,4.192498986584268,0.45920750857744713,4.81794493598093,0.9255584146350209,,
2003-04-10,768.1668416141553,2235.8246013199064,100.0,3.1980386,0.3373599,5.753594,0.6893776,5.1000990918067854,0.5202948791966698,5.76892522375733,0.9866401108062871,,
2003-04-11,772.7363177421907,2174.092114473111,100.0,3.366015,0.40732244,5.924202,0.7406487,5.253377703229465,0.5567723067527376,5.929530028849293,1.0231166730276346,,
2003-04-12,875.5892577421906,2214.2021144731107,100.0,3.4844213,0.4455514,7.2921357,0.9058674,6.213100441549019,0.6613262748270423,6.93512423341246,1.127665833814515,,
2003-04-13,678.3105077421907,1847.1123144731107,100.0,3.6981382,0.58046794,8.117176,0.8838233,6.9302541035491485,0.664970354537015,7.68655538898904,1.1313070089761361,,
2003-04-14,536.7217171275747,1540.6268336814417,100.0,4.0051966,0.6113784,8.472198,0.8955119,7.318064575318488,0.6826662933786439,8.092901875645175,1.1490016221986197,,
2003-04-15,452.3110131237406,1320.5285844352886,100.0,4.336812,0.6552362,10.726931,1.0635111,9.096596423671969,0.8096208235174802,9.956441466742971,1.2759522763275348,,
2003-04-16,341.96442026455634,1082.43432507567,100.0,4.450061,0.69662416,12.881731,1.0692741,10.857486616203266,0.8295991864526349,11.801496191175266,1.2959303659999413,,
2003-04-17,325.4762021211846,916.0080449378534,100.0,3.9179564,0.60076416,11.347831,0.90726364,9.39996287617683,0.6876880887113379,10.274307798671224,1.1540192415750261,,
2003-04-18,262.0557172479419,771.6311383423401,100.0,4.1424017,0.5943848,8.507443,0.83048236,7.400837364591283,0.6379925408715728,8.179630921300584,1.10432760903171,,
2003-04-19,220.2626172479419,696.0167583423402,100.0,4.561447,0.6234858,8.156252,0.89277804,7.292103780846786,0.6945294482059912,8.065700243940263,1.1608648603934095,,
2003-04-20,166.02012862310156,593.5453195609299,100.0,4.760567,0.64611995,10.071419,0.91390604,8.910612588739838,0.7279809943320635,9.76156824025502,1.1943126830774051,,
2003-04-21,121.65550337597722,526.7588814955446,100.0,4.699689,0.66060805,11.599347,0.91773695,10.304833279880436,0.7557833360024929,11.222427914527128,1.2221142194418826,,
2003-04-22,285.1876370853995,835.8798319737587,100.0,4.870831,0.62900555,11.579921,0.9354147,9.873199712852845,0.7155750101671476,10.770163738461154,1.1819059053081016,,
2003-04-23,290.8673009611983,815.1137080667073,100.0,4.4373813,0.6105362,10.120155,0.89254916,8.625615065402743,0.6771265834922009,9.462948809517707,1.1434587105430207,,
2003-04-24,233.83449408539948,710.1864719737588,100.0,4.7932153,0.6000307,8.782777,0.80159265,7.794560318303284,0.6210835324641331,8.592172486325431,1.0874174680390583,,
2003-04-25,174.98990819051156,610.2027209686294,100.0,5.0721474,0.65639716,9.950616,1.0324848,8.86338871646482,0.8156088033390649,9.712087228311988,1.2819405582898162,,
2003-04-26,1133.8760110943458,1889.1002702147823,100.0,5.394807,0.6209388,11.865936,1.1544688,9.438706381243797,0.7581068370309292,10.314903110842346,1.2244379591680121,,
2003-04-27,1310.2863303210218,2987.1729223006846,100.0,5.858377,0.67964536,11.781038,1.2592231,9.975231250380704,0.8994839065221416,10.877072034705481,1.3658147796644948,,
2003-04-28,814.7233498395532,2187.131773657092,100.0,6.208024,0.8360285,12.413858,1.1406199,10.729553884086426,0.8614674752563451,11.667448711779409,1.3277985551841927,,
2003-04-29,704.028344787874,1898.3242151526097,100.0,6.385563,0.9837041,13.158884,1.11258,11.326461281240618,0.8541065992187354,12.29288624209171,1.3204383040413,,
2003-04-30,551.0019838318848,1431.609345164785,100.0,6.194929,1.0603385,12.559353,1.0783738,10.790569421379574,0.8325712918013364,11.73138058318399,1.2989024169061292,,
2003-05-01,498.86547695608607,1297.1933790718367,100.0,6.8752313,1.2005997,12.566023,1.0976586,10.985373408288742,0.8600587399653655,11.9354955347633,1.3263900378062226,,
2003-05-02,1204.4655388382753,2791.224773908374,100.0,7.1639442,1.1286703,14.999395,1.2054625,12.637467862605549,0.9082205118602961,13.666554456594078,1.3745550196072505,,
2003-05-03,1182.8117736987374,1932.2111130167104,100.0,7.37946,1.0832227,14.127639,1.3582584,11.565273847495908,0.9375518308085041,12.543113232674083,1.4038838997783312,,
2003-05-04,869.2406873299678,1553.2822205417087,100.0,7.418386,1.1792284,12.950417,1.2889197,10.96543386357047,0.9284554963336598,11.914602947967417,1.394786774499765,,
2003-05-05,724.1770595860384,1371.5063068481177,100.0,7.496746,1.3025733,12.368611,1.2471576,10.685106506607704,0.9320806457041915,11.620876901592963,1.3984116954031989,,
2003-05-06,607.4699589842029,1164.936253543625,100.0,7.717016,1.295804,12.615632,1.2786865,10.936693030341964,0.9505631561288048,11.884488401156212,1.4168944067358864,,
2003-05-07,458.7512413734211,879.8321819981094,100.0,8.257426,1.3154807,13.706907,1.1790959,11.839293991963597,0.8965940837935251,12.830230603356323,1.3629266509609876,,
2003-05-08,348.0423066333259,834.6887575506712,100.0,8.459851,1.6297865,14.210138,1.0665411,12.518001172107807,0.8924997499648839,13.541377666666994,1.358833920885946,,
2003-05-09,332.687406633326,724.2419575506713,100.0,8.670007,1.5561806,14.246578,1.0564822,12.49125268458107,0.8740833272453213,13.51335069287161,1.3404174249879917,,
2003-05-10,228.628106633326,578.2467975506712,100.0,9.491252,1.5728987,16.208248,1.086406,14.304986413605102,0.8971103961617969,15.413774694204399,1.363451309406731,,
2003-05-11,201.67250663332592,671.5817975506711,100.0,10.104356,1.9077322,17.217213,1.1377401,15.574543793033776,0.9796481896553993,16.74401257660497,1.4459961120177884,,
2003-05-12,580.2935516333259,1215.9739575506712,100.0,9.826442,1.9392078,18.643204,1.1435827,15.794902971896276,0.995872727311475,16.974904170956925,1.462222054000809,,
2003-05-13,537.3106009611982,1152.9880880667072,100.0,9.749164,1.9412161,14.868639,1.0659252,13.241264846745429,0.9536443703752993,14.299210872599106,1.4199808302151145,,
2003-05-14,490.5323723363581,1069.126629285297,100.0,9.893025,1.8737413,13.006767,1.0747994,12.027456290837739,0.9434563593023005,13.027386416916007,1.4097893183027668,,
2003-05-15,415.9429009611983,878.2039380667073,100.0,10.4484,1.7038352,12.952616,1.0890373,12.14775270613393,0.9197999987527139,13.153432589650633,1.3861332294814117,,
2003-05-16,379.1405080777312,809.9734134814527,100.0,10.59697,1.7295594,13.990273,1.0748017,12.908342694713193,0.916563653659294,13.950376179737175,1.3828989855806788,,
2003-05-17,380.7019662598455,725.3989334814527,99.95712610430292,10.500578,1.6493372,14.176035,1.0877011,12.911002318309068,0.9116455345502752,13.953162924249463,1.3779808749799731,,
2003-05-18,402.2859977588404,622.5193834814527,99.84198776607812,11.093409,1.6188757,16.410471,1.1525301,14.32326515446875,0.9455118911622191,15.432927096398581,1.4118528922434048,,
2003-05-19,434.19706516099575,539.8434934814527,99.64322041280408,11.940237,1.8856541,20.562954,1.2923875,16.719214240113953,1.1043596155660658,17.943394358195402,1.570715437797649,,
2003-05-20,401.7175971046655,471.2565247000424,99.4315929648921,11.781245,2.2388935,23.582298,1.3869064,18.15179288923595,1.2735796268712658,19.4444453697203,1.7399474470810508,,
2003-05-21,273.7208304134115,564.5999934814527,99.37632978585796,10.765162,2.491553,20.21206,1.2012862,17.127546244103833,1.1473362253095927,18.37124323616287,1.6136952282223889,,
2003-05-22,240.1751894904505,335.2883745998127,99.20150531799943,10.34011,2.6609278,19.970762,1.5731541,15.951317902078397,1.439957014618256,17.13879520012406,1.9063073718234986,,
2003-05-23,267.976837636294,349.6224149595537,99.04626149441332,10.739639,2.4657745,19.16906,1.6264306,15.511527087239836,1.4115299303946105,16.67798388768591,1.8778774613691802,,
2003-05-24,124.7858162964,500.25768932600863,99.11166001247116,10.918574,2.3858387,14.939705,1.1043563,14.136912681231918,1.0040516234448595,15.23766761195509,1.470391746943045,,
2003-05-25,117.9516542964,555.0195434814526,99.19162774682992,11.647763,2.1918986,15.100334,0.99694484,14.495202101842619,0.9075348724200148,15.613082042119869,1.373876718425609,,
2003-05-26,246.6397762964,646.3248097500397,99.26015475876196,11.679103,2.0439756,16.203613,1.0681518,14.953928527452522,0.9573096581228885,16.093734022796085,1.4236539238167143,,
2003-05-27,163.8223532964,735.5230499013273,99.42972562071884,12.076896,2.0448952,14.324313,0.9653911,13.914929611919177,0.8729954551528875,15.005074510740362,1.3393345851092293,,
2003-05-28,181.3674762964,731.9126200526152,99.59971838912696,12.55023,2.0734842,15.157167,0.9833671,14.639458069818554,0.889172337758067,15.764232952250696,1.3555149187431097,,
2003-05-29,189.0908362964,776.0391382314665,99.81081829034852,13.175874,2.521345,15.971287,1.0058849,15.423602006675452,0.9477326472186923,16.5858562888274,1.4140796396921205,,
2003-05-30,167.58333586967882,759.0068475532632,100.0,12.941754,2.9827492,17.255709,1.038557,16.475485814640383,1.0073471069784312,17.68801654712814,1.473701121573019,,
2003-05-31,609.7884320061611,819.3457175532633,100.0,12.646546,2.729966,22.323948,1.6539338,18.194757155287164,1.5019882654515755,19.489463180822764,1.9683564817386685,,
2003-06-01,1904.6902392814893,1642.5345975532637,100.0,12.603566,2.3746076,20.14206,6.8973317,16.094248715226573,3.4389061782171932,17.28855761755618,3.9052575015659436,2.0965672753283235,4857.903432724672
2003-06-02,1345.3203512615655,1850.426497553264,100.0,13.291013,2.4062967,14.536495,2.39816,14.01218181367256,1.7188223598646784,15.106975035297536,2.185161918161222,1.987679255404689,4855.915753469267
2003-06-03,1000.8700083520127,1484.7556675532635,100.0,13.303952,2.313954,14.110554,2.1606154,13.785764984144734,1.591802296020797,14.869736255285492,2.0581408738050437,2.0246363458519046,4853.891117123415
2003-06-04,891.5839222725965,1363.0844975532632,100.0,13.078875,1.9070953,13.682519,1.9907359,13.443814406637348,1.4202782530053384,14.511441609072826,1.886615461094499,2.1127302664354817,4851.7783868569795
2003-06-05,787.4563776024754,1269.8712675532631,100.0,13.9383,1.7543378,12.863781,1.8915167,13.275060610528067,1.3468511421221112,14.334621958365515,1.8131877235472396,1.9702555963143844,4849.8081312606655
2003-06-06,474.38252563092124,999.1260067481228,100.0,14.910762,2.0761845,13.1995735,1.6398757,13.750474863869021,1.2973682456037898,14.832759387893843,1.7637066758434663,1.803640569804454,4848.004490690861
2003-06-07,396.2370334881929,788.4427978397757,100.0,13.862982,2.1141849,14.502294,1.3287972,14.288464499217552,1.1323056165147634,15.396463088786463,1.5986464506944607,2.0746642376947912,4845.929826453166
2003-06-08,361.3956199422329,847.3475825006739,100.0,14.791202,2.590699,14.564715,1.3221223,14.632431276355838,1.207883732818311,15.756870302080353,1.6742262774506487,1.91039057136788,4844.019435881798
2003-06-09,396.60785920979794,877.2399799391494,100.0,14.497983,3.0231009,17.029257,1.3364602,16.241153980889194,1.3164253871885436,17.442484452746942,1.7827777278931487,2.023809402195782,4841.995626479602
2003-06-10,375.14607853190097,804.8373507686404,100.0,13.630631,3.24643,18.672787,1.3347787,17.06976015452089,1.3762764139557406,18.310695169029728,1.8426349551641779,2.2769794912328543,4839.718646988369
2003-06-11,431.96963667292954,876.702882741077,100.0,13.771322,3.158625,19.476948,1.3957239,17.593621778585277,1.4004607856261746,18.859595587993013,1.866823652035845,2.296119260935851,4837.422527727434
2003-06-12,507.5340841318053,1044.3009767994165,100.0,13.823463,3.0984688,19.23619,1.359436,17.465935895476015,1.3652182706385583,18.725806756143488,1.8315800539008955,2.3368191218101195,4835.085708605623
2003-06-13,912.0382098356457,1288.2851275532632,100.0,14.257264,2.8087788,20.848701,1.8279722,18.116538158384543,1.5814396444182541,19.407505583246465,2.0478071411997565,2.2798978294844696,4832.805810776139
2003-06-14,2771.547744523307,6990.408267553264,100.0,14.846135,2.5873132,17.554653,1.607051,16.785669265017404,1.3652507595048495,18.0130257061241,1.8316070863936185,2.1789725171456946,4830.626838258993
2003-06-15,1382.6604394338817,4052.209791553264,100.0,15.136184,2.7981076,16.12058,1.3506017,15.87014475843076,1.233202081820657,17.05374225768658,1.6995519007365714,2.148737427720671,4828.478100831273
2003-06-16,765.3687549642814,2561.8486049891467,100.0,14.653841,3.10358,15.148261,1.2373952,15.03452829647548,1.1905580767759978,16.178186185261815,1.6569027924749038,2.3202298942183726,4826.157870937054
2003-06-17,504.0204425732157,1783.2174018981148,100.0,13.891404,3.368435,14.818556,1.1796699,14.614246777994229,1.181883637586736,15.737816646857658,1.648226088404801,2.585125724716307,4823.572745212338
2003-06-18,446.54309846927174,1669.6837374884988,100.0,13.655879,3.1463447,14.559008,1.170395,14.368439295737197,1.1373204547537097,15.480260407199582,1.6036616745528744,2.718242742417403,4820.854502469921
2003-06-19,371.3638652015456,1276.7659660186266,100.0,14.067546,3.3434498,14.726692,1.201346,14.578170453198252,1.1973589229813029,15.70001599705718,1.6637011888001323,2.6723798485729655,4818.182122621348
2003-06-20,755.9980185842511,1627.303653770557,100.0,13.139327,2.815829,15.504379,1.1855325,14.75417009192313,1.2054260029128245,15.88442781688844,1.671769185339575,3.0309578893478917,4815.151164732
2003-06-21,2312.593543709395,2957.348540145564,100.0,14.096206,2.8077269,13.759523,1.7178929,13.907268726737557,1.564432878799727,14.997047461434487,2.030771975473879,2.81010117064387,4812.341063561356
2003-06-22,1961.4553589293052,3855.768356145564,100.0,14.649028,2.7228394,13.062681,1.4236366,13.597566608006694,1.3165462677530562,14.67254264009202,1.7828840751546742,2.709246390553817,4809.631817170803
2003-06-23,1354.5927991014048,2622.1636886070937,99.76346004010396,15.405061,2.8390906,13.846914,1.6267537,14.377661900361291,1.4442223920135533,15.489923820798811,1.91056365675235,2.549654903804878,4807.082162266997
2003-06-24,577.1867721080617,2051.908041006451,99.92907377887654,15.124614,3.2443845,14.885275,1.3063197,14.93781891551119,1.2436921403185257,16.07685442647191,1.7100363169599744,2.7108484044618213,4804.371313862535
2003-06-25,469.32211798411987,1478.0157304953582,99.90211498423866,14.348012,3.616877,16.562834,1.3663533,16.02904615064219,1.3547421550974317,17.22023859326848,1.821093034810216,3.056608280519872,4801.314705582015
2003-06-26,395.71357149407413,976.731930495358,99.72861497553954,13.165065,3.764721,18.858643,1.403962,17.217028401632877,1.4753212898799133,18.465002334942348,1.9416810152800115,3.5831434904741335,4797.7315620915415
2003-06-27,391.9612965124928,801.245270495358,99.50341114054802,11.944995,3.9100857,21.903757,1.3704803,18.632362653413963,1.580098652314881,19.947984725880463,2.046471023021056,4.171822808892844,4793.5597392826485
2003-06-28,392.6734768229777,678.742330495358,99.2111104655622,10.560119,3.1693375,23.20224,1.340589,18.568907443456922,1.4389137306613216,19.88149657379826,1.9052854853796308,4.884003119377724,4788.675736163271
2003-06-29,393.3057701603119,629.094530495358,98.8583065094897,9.533223,2.1573348,23.92189,1.3929119,18.3867336334207,1.1930273788946806,19.690615478372322,1.6593973907547932,5.516296456711928,4783.159439706559
2003-06-30,393.76446258398596,590.2513304953579,98.43109537409154,9.109275,1.7215459,25.5402,1.4548903,18.96518882998787,1.1118373292995896,20.296718855985233,1.5782130063046265,5.974988880385981,4777.184450826173
2003-07-01,394.21097989160126,536.560980495358,97.9765995759384,8.845848,1.4366713,27.11549,1.5155525,19.377726326077255,1.0646778992142643,20.72897423419881,1.5310578501708483,6.421506188001264,4770.762944638172
2003-07-02,146.04850427116102,509.67426049535794,97.7043682782154,8.789201,1.2108846,23.899305,1.3687999,20.53384620590978,1.0975797645314818,21.940352692289224,1.5639727298748705,6.81781783956104,4763.9451267986105
2003-07-03,156.16188188441868,510.69513049535794,97.45748227454844,8.546752,1.0796417,24.970226,1.4484835,21.124243403950416,1.137730537423514,22.558968858224343,1.604130738310342,7.3506541928187055,4756.594472605791
2003-07-04,159.4073028401838,486.621860495358,97.34142450733242,8.438563,1.0078988,26.116112,1.5511414,21.75418744520882,1.1945732158245366,23.21902207129892,1.6609815763580567,7.8867911485838365,4748.707681457207
2003-07-05,159.37907917569615,476.97116049535794,97.25451466952148,8.393971,0.9834112,26.904013,1.6042618,22.268022711129237,1.2274276930928467,23.757416906472343,1.6938430452605941,8.484286484096147,4740.223394973112
2003-07-06,148.66383557669434,486.10559049535794,96.96803633163556,8.3456,0.97927785,26.716599,1.5944955,22.414086494960486,1.2424147674103105,23.91046203987666,1.7088321621267812,9.705940885094348,4730.517454088017
2003-07-07,149.1142550233207,397.432180495358,96.75075087463286,8.074047,0.9053781,26.610046,1.7557759,21.552870002748218,1.3004232133795561,23.00808234325795,1.766828916929236,10.156360331720709,4720.361093756296
2003-07-08,149.89871985150742,393.804630495358,96.54985083974344,8.256254,0.91235566,27.478596,2.2223935,22.179006560285817,1.6292153778479463,23.6641460879051,2.095629497179033,10.94082515990744,4709.420268596389
2003-07-09,152.13482957949844,442.691110495358,96.36464493504812,7.7755327,0.8818349,25.225225,1.5589374,20.762229048735332,1.1819368042357246,22.179651454314143,1.648332521235472,12.402951047898467,4697.017317548491
2003-07-10,152.79775661969978,423.369730495358,96.09550605414648,7.751147,0.8419595,22.733173,1.3575639,18.75998831258569,1.022226412360989,20.081710455294107,1.4886000359288662,13.839861928099788,4683.177455620391
2003-07-11,154.2769709118597,974.482385495358,96.42217339730996,7.974236,0.8482853,19.184776,1.1907729,17.65253811107016,1.0345374358103956,18.92132791977527,1.500900808287792,15.319076220259706,4667.8583794001315
2003-07-12,156.16021791508055,564.7701504953579,96.625743850533,8.072872,0.9599263,20.909298,1.2726184,18.128808820884863,1.0184098299454187,19.420362741469138,1.484777439137208,17.202323223480562,4650.656056176651
2003-07-13,158.61732923595557,536.2129904953581,96.6111975216304,8.055364,0.9463027,21.502136,1.2733598,18.432478657703946,1.0061389274673604,19.738546958444765,1.472509373402249,19.659434544355566,4630.9966216322955
2003-07-14,161.47549441663588,481.8965304953581,96.3905311385812,8.234368,0.9750609,22.724194,1.3541696,19.087492557955485,1.043401155038605,20.424868284075323,1.509778078834882,22.517599725035886,4608.479021907259
2003-07-15,165.17005738616237,434.518030495358,96.13856886067812,8.376089,0.99660367,24.04926,1.5083152,19.732451072614243,1.1268288348674647,21.10065361105438,1.59321261642712,26.212162694562377,4582.2668592126965
2003-07-16,298.1781477639296,355.58436172031,95.75523610158338,8.264927,0.9468976,29.230255,4.08662,19.668062978910946,2.2642988635792562,21.03318798657175,2.7306819391370003,31.58271157061358,4550.684147642083
2003-07-17,296.8055483839099,386.16065288525743,95.320187708197,8.377196,0.9936438,28.340185,3.0657573,19.664608185137855,1.7864076895819458,21.029568065465927,2.2527907273925987,38.484664153076245,4512.1994834890065
2003-07-18,206.49911703317073,725.7943783906824,95.07251756688996,8.159618,0.99832815,21.718554,1.3049716,18.715306010731645,1.0397123540529383,20.03489249215025,1.5060855368695456,49.11036378106718,4463.089119707939
2003-07-19,202.68661669893945,498.764090495358,94.9325184022556,8.238425,0.9664317,22.42852,1.3100802,18.328243011223677,0.972484960751652,19.62932920437447,1.4388544210797665,63.728722007339464,4399.3603977006
2003-07-20,311.51527451320123,505.3694969761084,94.56649501175124,8.350091,1.0194306,25.029037,1.4870743,18.66859745106969,0.9987509771222387,19.985951423001676,1.465123701640921,84.96218428883282,4314.398213411767
2003-07-21,310.4875346051724,581.4250430187038,94.3919819778818,8.369912,0.94376934,24.87212,1.5218649,19.127465180378472,1.0450669051276178,20.466751461210553,1.5114442401221773,115.19081199737471,4199.207401414392
2003-07-22,357.67894585771455,900.1428394589869,94.64360292122096,8.269704,0.9361041,22.686344,1.382701,18.586773954070544,1.0246907913397625,19.900217042545602,1.4910627190305272,150.1770756442047,4049.030325770187
2003-07-23,300.9991522389124,535.808890495358,94.63451202019844,8.102498,0.91806984,23.391659,1.4219629,17.89216047188613,0.9685206736947108,19.172403410330176,1.434886145334631,162.04125754731245,3886.9890682228747
2003-07-24,261.60132628469177,471.03780049535794,94.65165323812305,8.258212,0.9693839,23.023323,1.363936,17.75118774554884,0.9427602896524647,19.024692669565123,1.4091245183782402,122.64343159309176,3764.345636629783
2003-07-25,217.16295651979948,525.229160495358,94.56210251687794,8.387676,0.9814849,23.215103,1.3618062,18.87781589697137,1.0053209386623625,20.205169795439975,1.4716957354424305,78.20506182819949,3686.140574801583
2003-07-26,191.53045163841654,472.525460495358,94.43296598503532,8.4911785,1.0128937,24.504745,1.4683416,19.886029411119402,1.0849092702588832,21.261572469158796,1.5512947549101352,52.57255694681655,3633.568017854767
2003-07-27,198.80356976957293,494.82380143486216,94.23370819238018,8.384495,1.0001957,24.817509,1.5191445,20.107570819908194,1.1210099879527855,21.493702799986274,1.5873979768751436,38.85812733541325,3594.7098905193534
2003-07-28,311.28402655770583,594.6898906280035,93.9353727462809,8.309058,0.9635041,25.305952,1.4646231,19.465980891480548,1.01679410765772,20.82144706614524,1.4831749982132096,30.412813092803635,3564.2970774265495
2003-07-29,326.2874418515136,600.0677114431733,93.59311134546004,8.419379,1.0050579,25.151224,1.451749,19.257813978136745,1.004828871003921,20.603330485926598,1.471207559589096,24.472638857334957,3539.8244385692146
2003-07-30,381.42486495323715,635.2758382913257,93.17923968818526,8.506585,1.0121176,26.088324,1.5213165,19.492368460110853,1.0236108266812411,20.84909587035468,1.4899919999004703,20.34258989992568,3519.481848669289
2003-07-31,417.6629039597352,675.6313503409931,92.66390065770383,8.516657,1.0098091,26.523323,1.5413418,19.64437307902145,1.0276684890364427,21.00836579044741,1.4940513060322942,17.40168145023302,3502.080167219056
2003-08-01,722.3075331918061,543.70298481951,92.16350130348847,8.159482,0.95291454,32.43596,3.6939998,18.585298171971207,1.6770050763120024,19.898670723106626,2.143376989701332,15.519368179922129,3486.560799039134
2003-08-02,585.9999782491338,552.271412824152,92.2520800504482,8.475425,1.1551167,28.171888,2.0185044,18.031839745410693,1.1457551501472758,19.318758875659505,1.6121218757111606,13.438420843024714,3473.1223781961094
2003-08-03,461.4363029099161,543.70298481951,92.18171546650365,8.523213,0.99910146,26.97786,1.8886962,18.505756399804543,1.119874932033153,19.81532712613034,1.586246078287509,11.98124304716051,3461.1411351489487
2003-08-04,149.91686860890198,276.5824663901934,92.72274927853978,8.266368,0.8772848,26.210533,2.5236192,19.903060092787985,1.6653523502313867,21.279417159194665,2.1317380254037737,10.954705885263746,3450.186429263685
2003-08-05,148.80356803354238,317.96362,93.16231753585154,8.496057,1.0027254,24.56519,2.147722,19.44241218727406,1.497551921387513,20.796751858443265,1.9639325601480786,9.845673341942375,3440.3407559217426
2003-08-06,147.80751539459408,627.1985304953581,93.64690483486451,8.851996,1.2221694,20.758827,1.2311589,18.487981602162918,1.0232564089729335,19.79670275392155,1.4896273847885029,8.849620702994084,3431.4911352187487
2003-08-07,147.10061919415568,486.575130495358,94.03320075684528,8.889764,1.2128774,22.927273,1.3514328,19.66862472363943,1.0752311204572689,21.033776580778028,1.5416142021539283,8.1427245025557,3423.348410716193
2003-08-08,146.5509946867861,446.342460495358,94.3299744625137,8.808729,1.1333486,23.956507,1.4337357,20.212289536434568,1.1151081340460254,21.603426713199582,1.5814973262249588,7.593099995186125,3415.755310721007
2003-08-09,394.9623940658567,727.3406482186923,94.35001897042596,8.633138,1.150605,25.761703,1.5402436,19.733795612712967,1.0772016888602733,21.10206241557374,1.5435854852130548,7.172920362256731,3408.58239035875
2003-08-10,394.5010063388621,620.6389341556069,94.41140069366348,8.646236,1.1589035,26.422943,1.5708822,19.5146062435988,1.0607642178576577,20.87239654387729,1.527145629906307,6.711532635262156,3401.870857723488
2003-08-11,394.0529005480572,445.9738909519954,94.56265240900927,8.784559,1.1952507,27.51812,1.8308338,18.73028833830443,1.1221181927106971,20.050590923766485,1.5884915230602683,6.263426844457236,3395.6074308790307
2003-08-12,393.58527201452733,427.6982999222362,95.2843736544788,9.086218,1.5708044,27.837204,2.234118,18.851133617695776,1.3857525439300746,20.177212194423817,1.8521270736435973,5.795798310927333,3389.8116325681035
2003-08-13,521.3179999120738,658.4949646023659,95.63527468567268,9.150183,1.4979765,28.381496,1.6959876,19.88385290614981,1.155053598548028,21.259291934691667,1.621439058874759,5.449026574570567,3384.3626059935327
2003-08-14,565.4536074712865,788.3559896292633,95.6516656197462,9.164946,1.3682343,30.186726,1.9509284,21.406435264057194,1.2717109784534382,22.85464852461961,1.7381147784684436,5.1349421695485225,3379.227663823984
2003-08-15,531.6154017794255,742.7320596442538,95.40781298494171,9.172616,1.2757713,30.97198,2.0596535,21.878009448473293,1.3131222000705587,23.34876234305509,1.779532217817077,4.8738134232372134,3374.353850400747
2003-08-16,438.9725076624666,639.0043086586368,95.160815329604,8.993401,1.2919525,28.686174,1.828626,20.666905169782236,1.2049028472997572,22.07977141979547,1.6712974085450187,4.727057654917975,3369.626792745829
2003-08-17,392.348714782745,583.319556739198,95.02644771034949,8.896156,1.2812085,26.195923,1.5577052,19.23911041199268,1.0643157147690372,20.58373295325579,1.5306942079355579,4.55924107914499,3365.067551666684
2003-08-18,392.161079584558,547.6280394339138,94.87005705030478,8.867287,1.2603633,25.539238,1.4856234,18.582261899310073,1.0129311066800444,19.895489326991267,1.4793029906534474,4.37160588095804,3360.6959457857256
2003-08-19,391.94049226987613,459.842576716178,94.71366536184622,8.996604,1.1928601,27.170013,1.6109579,18.807678802760552,1.0284133727266869,20.131680387877545,1.4947874692375973,4.151018566276151,3356.5449272194496
2003-08-20,391.7785513888222,278.9565602030591,94.59439986844257,8.963851,1.1288928,33.43746,7.26864,19.14234646198005,3.0940826856532078,20.482344017203573,3.5604601741981714,3.9890776852222327,3352.5558495342275
2003-08-21,391.62545535734534,251.42088749535804,94.42176490293475,8.935327,1.1029966,36.269955,12.561587,19.622731199463928,4.957105839442722,20.9856895030261,5.42348842079054,3.8359816537453764,3348.719867880482
2003-08-22,391.4978096691431,252.9016654953581,94.1743268761768,8.853417,1.0946908,36.72359,12.652426,19.791373673486515,5.0099237826593095,21.16239251083151,5.47630821444671,3.708335965543149,3345.011531914939
2003-08-23,391.39616558805545,267.501120495358,93.90944207643956,8.719154,1.0620534,34.5017,8.405023,19.186431058860816,3.4701259639342164,20.52853570711958,3.936503908846045,3.6066918844554623,3341.4048400304837
2003-08-24,391.27673708845344,255.8460104953581,93.68406867159815,8.694793,1.120673,31.114187,5.7911873,17.558509345621204,2.3877636574914045,18.822804900759106,2.854126224187072,3.4872633848534784,3337.91757664563
2003-08-25,391.13581060938765,265.724100495358,93.3873659136248,8.783482,1.2006472,29.346476,4.253832,17.10197233335634,1.863438741113268,18.344446979901686,2.3297975392223598,3.3463369057876835,3334.5712397398424
2003-08-26,391.02274624233775,275.08148649535804,93.01771084495056,8.785208,1.1478071,29.187399,4.2567043,17.210713542857643,1.882602603777714,18.458385647503924,2.348962277890757,3.2332725387377392,3331.3379672011047
2003-08-27,390.9050447084228,288.19543049535804,92.64562446407272,8.844645,1.0876119,30.552914,5.3224792,18.05716050338198,2.343900045837411,19.34528987930714,2.810267001098698,3.115571004822785,3328.222396196282
2003-08-28,390.8132873281148,309.275610495358,92.2545196151178,8.806046,1.0700397,29.993523,4.371002,18.16595673634013,2.021241270656086,19.45928620029937,2.4876092212057626,3.0238136245148723,3325.198582571767
2003-08-29,390.70959704522903,312.171734495358,91.84711312091753,8.86408,1.1029639,29.056612,3.455905,17.832219610042443,1.6527976973282124,19.10959758018795,2.119162637710447,2.9201233416290515,3322.2784592301377
2003-08-30,390.6392758845827,260.39000049535804,91.59960892452555,8.752785,1.0449435,27.755617,4.945222,16.35328400128787,2.074924778599276,17.559973904823377,2.5412779124410365,2.849802180982677,3319.428657049155
2003-08-31,425.23358214458045,222.8492664350892,91.07284084583428,8.941409,1.2961056,26.266634,4.7833033,14.898847520311328,1.8516312465449074,16.036020331798547,2.3179752089837558,0.0,3316.7040936268977
2003-09-01,184.5053079012,350.76196049535804,90.88728647494382,8.843025,1.1130544,19.357698,1.1858262,15.733316497391655,0.8666289369995098,16.910374073493816,1.332977865612982,,
2003-09-02,1052.8478579012,3593.418730495358,92.8336159404559,11.387022,3.0636492,15.476675,1.0873464,14.549956272467893,1.0904818317693818,15.670453274933262,1.5568239539432924,,
2003-09-03,387.7894737036,1422.9438740486114,93.7327606617752,11.799265,1.8874627,15.192984,0.974088,14.466179541140749,0.8656492414853822,15.58267230222511,1.331990942497795,,
2003-09-04,670.0299749885883,3439.0925598200483,96.1808886308584,12.966693,2.0075438,15.973172,1.107724,15.482938273257233,0.9831939282242048,16.64802862612091,1.449541283135263,,
2003-09-05,1224.4375527278844,2775.795915029758,96.9502951007202,14.179185,2.1550345,16.929756,1.2290208,16.08782962245758,1.0781639982770035,17.281831714095397,1.5445152777347047,,
2003-09-06,1505.2668832229213,2399.804445029758,96.80595592251684,15.23962,2.1131673,17.027153,1.4500865,16.33812233939049,1.2073132975748622,17.54408756731485,1.6736663233318996,,
2003-09-07,1514.3911317608995,2110.684615029758,96.28912108230932,15.964574,2.0916045,18.134634,1.5402349,17.228081965554015,1.2520892107642365,18.476584221434198,1.718449026047254,,
2003-09-08,1459.8437857680897,1925.5249150297573,95.47963856141354,16.1594,1.8548956,17.984661,1.5119468,17.197569668267704,1.1744485693203317,18.444613540638674,1.6408081368297038,,
2003-09-09,1278.6294005034683,1839.0597550297573,94.55211090708583,16.154593,1.6712247,17.069208,1.4175301,16.694105183381136,1.0811852162825155,17.91708517438177,1.5475408491513931,,
2003-09-10,773.6791407922896,1293.600251092236,93.88784675715156,15.919538,1.7530671,16.002447,1.3006811,15.971418223349854,1.0454105335638813,17.159856248042782,1.5117610252258458,,
2003-09-11,483.87775930989017,968.680927206504,93.48386703350026,15.706399,2.1111093,16.141998,1.1119629,15.996891020442314,1.0219862438876801,17.18654655776186,1.4883369066081817,,
2003-09-12,387.7894737036,442.46958049535806,93.30877264514363,15.298606,2.1444917,16.906076,1.043041,16.155274448638703,1.1455341856796755,17.352500172419376,1.611885928650164,,
2003-09-13,387.7894737036,446.487750495358,93.1741531777598,15.200658,2.0094543,16.202053,0.9122706,15.736583659887035,1.0539404667421033,16.91379739518824,1.5202894163645457,,
2003-09-14,389.3341715036,468.7804904953581,92.95972348628187,15.350507,2.0147316,15.628057,0.8325294,15.50212976571573,1.0209934900971789,16.668137406316088,1.4873409630954453,,
2003-09-15,939.6818737036,648.608030495358,92.99384954832226,14.377976,2.1213439,18.945328,1.154587,16.24314017020099,1.340696940665248,17.444565575118396,1.8070492952938129,,
2003-09-16,933.8343737036,784.843170495358,93.07529709095816,14.952764,1.972886,18.522606,1.3443465,16.582950900384105,1.2353011908866394,17.80061809661939,1.7016559941339149,,
2003-09-17,645.0832737036,863.848222144057,93.03190048521373,15.008834,2.090117,16.777483,1.1474415,16.021367844436355,1.1090267162850003,17.21219329027298,1.575377544074847,,
2003-09-18,602.4490237036,904.4213712535064,92.917389375812,14.972022,2.049448,15.621808,1.0521587,15.362022645232173,1.0344894822042858,16.52133364440565,1.5008361027966124,,
2003-09-19,599.5279537036,867.3892078944324,92.78348353720877,14.790528,1.9713197,15.577099,1.0853144,15.25562804764927,1.03002656555238,16.40985374875002,1.4963725538414705,,
2003-09-20,613.1225437036,844.8531656785043,92.52386206296434,15.056829,2.0608015,15.52703,1.0349365,15.329296552627097,1.0538991075699573,16.4870433564426,1.5202455322924506,,
2003-09-21,550.4975437036,815.5287253412054,92.19884538692752,14.929219,2.051307,15.952156,1.0246414,15.539920797283381,1.0283809547915863,16.707734720010496,1.4947286615533113,,
2003-09-22,539.3866737036,727.396866673595,91.88642175971644,14.926917,1.9922324,15.41709,1.010675,15.20837838355971,1.027796520687159,16.360345712231876,1.4941422323227378,,
2003-09-23,1707.5581737036,4956.793384751383,93.07431465981956,14.851351,2.123664,15.240522,1.1546539,15.140807785059765,1.0166735286255033,16.28954547010217,1.4830188490621723,,
2003-09-24,1133.429625292526,3223.5184404853985,93.4896652239932,15.341462,1.5460798,14.484161,1.1968701,14.707182184785395,0.972573407301141,15.835194048409646,1.4389163415478665,,
2003-09-25,1041.4215033962028,2492.0228545766527,93.32991894800196,15.5109625,1.4656687,14.106807,1.1733317,14.520657328173245,0.9334795609620125,15.63975394125476,1.3998215349318284,,
2003-09-26,921.539756303376,2132.6870650214387,93.28943417332708,15.641181,1.3479178,14.063757,1.1361305,14.539706850562299,0.8915040029712455,15.659713965696476,1.3578460731884183,,
2003-09-27,851.1880476913195,1796.0768379971205,93.14289455401136,15.846948,1.4479156,14.434551,1.0951302,14.888685982817464,0.8768136323089011,16.025373107547953,1.343157539181317,,
2003-09-28,696.2670377458353,1338.740576450316,93.76866930245474,15.560056,1.4244387,13.843885,1.0290407,14.431063971038753,0.8341453714631587,15.54587832790881,1.3004868983304032,,
2003-09-29,926.5594867012472,2022.7425150297577,93.97061165612732,15.426268,1.2679291,12.784681,1.1010832,13.614568136870075,0.8537823872750078,14.69035678391825,1.3201202626072446,,
2003-09-30,1039.2424134255798,2144.4882150297576,93.80376326658131,15.511245,1.1710433,12.0657835,1.2103988,13.190460776102531,0.9004600211887533,14.245978541044506,1.3667963007112307,,
2003-10-01,845.9727116984762,1934.3385950297577,93.71609914042384,15.411774,1.057701,11.532008,1.1300367,12.712514735860518,0.8495178973335357,13.745188313855731,1.315852625016631,,
2003-10-02,779.9718099585334,1848.6079408600976,93.6182812904184,15.114556,1.0152733,10.519989,1.0888144,11.883323327943604,0.822863697833199,12.876364391089417,1.2891963530590351,,
2003-10-03,789.8185574032826,1674.026960477039,93.3009220112902,14.99105,1.0117704,9.15098,1.0954288,11.023092288500793,0.8118735583083581,11.975017248513945,1.2782048946109443,,
2003-10-04,723.3316545479214,2186.476466947322,93.22009109136252,14.905083,1.0201964,9.279312,0.94705546,10.677788515654584,0.7554709000489294,11.613209135687583,1.2218019449875839,,
2003-10-05,736.0175617112848,2154.8467043373835,93.07594295332568,14.667948,0.93333066,8.844542,0.9853359,10.327187863055263,0.7719521680463615,11.245850970362392,1.2382830566836636,,
2003-10-06,625.8043389165906,1539.232516707716,93.06333345324124,14.619954,0.89956754,8.449501,0.9645824,10.233071739987102,0.7334101805040188,11.147236418331444,1.19974105111983,,
2003-10-07,609.5014810985493,1335.452519695385,92.965412448948,14.667301,0.8966901,8.9941845,0.977424,10.7720018716568,0.7275765434465321,11.71192556805446,1.193907654352857,,
2003-10-08,620.2909699240134,1263.839535371405,92.77750808012271,14.957706,0.9335628,10.054634,1.00749,11.66881713490007,0.7424115077095212,12.651605535271143,1.2087437548372584,,
2003-10-09,595.6508295956102,1192.42479456004,92.44742204126725,15.259094,0.9995015,11.082248,0.9711349,12.473655374617408,0.7282040821903951,13.49491229164508,1.1945381322366984,,
2003-10-10,533.5223174507231,1142.0849372105274,92.06863224183964,15.333406,1.1073499,11.761777,0.9390703,12.899002879405476,0.7307533980335785,13.94058995318431,1.197088700140363,,
2003-10-11,488.091241625196,1086.4491066812648,91.69650340924248,15.401563,1.3501086,12.188515,0.9436932,13.18452639012751,0.7740578653687048,14.239760511705564,1.2403941240210001,,
2003-10-12,412.1446724365972,965.9845974156342,91.3759246704546,15.36132,1.6154317,12.374462,0.87769955,13.26771459502562,0.7822313355393465,14.32692482843315,1.2485678904249715,,
2003-10-13,387.7894737036,864.5173087431228,91.09279835307544,15.015417,1.6929837,12.4312725,0.8379929,13.231479041935518,0.7807046585884763,14.288957339770382,1.2470410834662866,,
2003-10-14,387.7894737036,776.2269480426579,90.82525605450856,13.921618,1.5604502,12.414337,0.8082634,12.91648456132491,0.7488441638070075,13.958907199741354,1.2151795218002923,,
2003-10-15,1388.1984737036,2361.0759043458693,91.15512010132662,14.737405,1.3179199,10.038463,0.9679041,11.778283124296776,0.7807955666274954,12.766303624770245,1.247128015438604,,
2003-10-16,602.4069537036,1787.3885359828855,91.02730364768176,14.262589,1.0858113,9.82262,0.87253463,10.941824210417467,0.7076647319745007,11.889864834099262,1.173995987432489,,
2003-10-17,569.1401433100207,1548.7780352822906,90.80991874665608,14.122003,0.9559571,9.198799,0.8717182,10.521792984445668,0.6872801923430533,11.44975755133093,1.1536111503761635,,
2003-10-18,527.2561679798871,1447.6234845611484,90.571907439283,13.765555,0.85766035,8.204656,0.8470853,9.689312538019875,0.6618041277307217,10.57748738525803,1.1281350925869382,,
2003-10-19,518.4752941775209,1597.490937403983,90.41769142386902,13.574436,0.8641784,7.6733766,0.82437015,9.119313447425817,0.6574102005151856,9.980244286577992,1.1237416272182412,,
2003-10-20,436.9437400943256,1459.895865348054,90.21485789435069,13.552682,0.8574151,7.287287,0.7937495,8.730543154281994,0.6420407926576106,9.572892102366659,1.1083727475312526,,
2003-10-21,452.2309508705754,1358.7440944807968,89.95642417524726,13.828256,0.83849066,7.81867,0.7320028,9.319364536981936,0.5877696199064623,10.189857134374455,1.0541008421917408,,
2003-10-22,425.82712490836616,1292.3101652837204,89.69102609425215,13.258023,0.8101693,8.58905,0.8303391,9.74621936614879,0.6560304212167399,10.637114165245245,1.1223613603659532,,
2003-10-23,387.7894737036,1110.083879904626,89.53647204395463,12.675615,0.7757805,6.3696303,0.7720524,8.002208009849575,0.6063997125498076,8.809745027719512,1.0727331222166518,,
2003-10-24,387.7894737036,976.1352150251292,89.367999473609,12.525653,0.7622764,5.0294366,0.6745029,7.160752046290752,0.5291493252457717,7.928070345475892,0.9954851710574601,,
2003-10-25,387.7894737036,886.5553738456075,89.16573081099712,12.620308,0.76822925,5.256469,0.7003305,7.497321642270266,0.5403989949671651,8.28072681763762,1.0067337691794502,,
2003-10-26,388.2109195236,843.5050904715229,88.95724408827547,13.082923,0.77953255,6.553573,0.8074959,8.611486539119266,0.6051139052279603,9.448144987973832,1.0714460564243347,,
2003-10-27,1771.1224737036,1443.5518337609628,89.81097464731508,13.073771,0.82924956,9.282362,1.3120108,11.37123628905401,0.745548821970372,12.339801342222875,1.2118805900984035,,
2003-10-28,904.4629188810652,5161.643214011624,91.4799754656276,12.59381,0.8830172,9.682326,0.8203256,10.116431663221991,0.7103223549630114,11.025021344611117,1.176653217302955,,
2003-10-29,1273.673214071373,6716.312215029759,94.28583946555946,12.470372,0.8289335,8.967442,0.8401461,9.525839188971682,0.7184753292232773,10.406200568931022,1.184806388529733,,
2003-10-30,1868.1768626830728,5796.372615029758,96.40176518063062,12.511524,0.71648294,7.839767,0.85770845,8.978473014600025,0.6717461997077717,9.832672162502062,1.1380777977825747,,
2003-10-31,2482.614485537488,5396.921855029758,96.11245513514334,12.806843,0.6884145,9.166514,1.0004458,10.31347681240211,0.7187429185562135,11.231484578356898,1.1850738039376312,,
2003-11-01,2441.294804631504,3874.4062150297577,95.26407432780232,13.060273,0.6715241,10.759007,1.1060494,11.648547351454345,0.7264696461038567,12.6303669254655,1.1928018573898393,,
2003-11-02,2236.9762681842,3189.600315029758,94.28436315102276,12.866387,0.6506141,10.540897,1.0914662,11.499524941915952,0.6953408861284337,12.474221754158796,1.1616728483353738,,
2003-11-03,1997.598354082564,2929.072215029757,93.3332725741404,13.339779,0.6663592,11.471848,1.0905676,12.229230551747023,0.7024216979086797,13.23880479776595,1.1687551220831542,,
2003-11-04,1620.8258527748908,2686.5853150297576,92.59887081785124,13.074058,0.62703586,11.433853,1.0402429,12.051041906142252,0.6903823871229489,13.052099344008685,1.1567153980946778,,
2003-11-05,1267.660774965953,2849.015315029758,92.24731241905532,12.915851,0.65472126,11.206783,0.93855923,11.733061677344942,0.6801150275992816,12.718920747235897,1.1464473914316056,,
2003-11-06,721.367020647357,2830.8311150297577,92.45145895911334,12.645876,0.6118276,10.861244,0.87592316,11.223660492706081,0.7090154196793275,12.185171927272137,1.1753469878322953,,
2003-11-07,478.6575956970654,2461.694765029757,92.7014552546053,12.123778,0.5746729,9.570886,0.8626977,9.986469004996893,0.7282932179926219,10.888846915577982,1.1946240894400029,,
2003-11-08,586.5665418546303,2269.3473150297577,92.73866127106784,11.244449,0.5579037,6.5428276,0.8097941,7.508477741988032,0.6535960218294125,8.292416140786676,1.119930762740391,,
2003-11-09,712.7255058738685,1778.0471554931464,92.56688188239973,10.738547,0.55009377,3.897325,0.6901311,5.85491582604694,0.5171882454125056,6.559819617682238,0.9835294753484985,,
2003-11-10,799.6966267691836,1484.4868855152754,92.25755855959744,10.601691,0.5295939,3.4095817,0.71740025,5.927551755743326,0.5017515398600431,6.635927296524606,0.9680924190850422,,
2003-11-11,849.0461095738764,1364.3775386015186,91.91022731607322,10.471768,0.5026482,3.894116,0.76957285,6.417234457123809,0.5120599936307757,7.149015157134501,0.9783986659657008,,
2003-11-12,850.5793871829279,1303.3690634799557,91.64937097868568,10.767294,0.4886158,5.591848,0.66481066,7.635595839661139,0.44616197647687095,8.425610048997079,0.9124963479882982,,
2003-11-13,827.3168668812092,1473.8863173474952,91.45885976603506,10.411696,0.500172,6.462383,0.815831,7.882219950727755,0.5526029836959798,8.68402194953033,1.0189366912407847,,
2003-11-14,747.3159097599483,1268.215039638818,91.29793785027184,9.755645,0.4736216,4.978871,0.72839904,6.7499968124340395,0.490815156561735,7.497682415537354,0.9571524857172912,,
2003-11-15,669.1371952518615,1216.8047455611918,91.14824139572627,9.523763,0.467928,3.666914,0.6642064,5.744939421942183,0.4595796646040936,6.444586717396803,0.9259214370281159,,
2003-11-16,623.1193135725955,1185.8697386783915,90.92492304425517,9.410205,0.4452034,3.819838,0.6599093,5.745480186127941,0.4589760531089945,6.445153328262132,0.9253178228317113,,
2003-11-17,585.5423921782616,1234.0729936388548,90.64590166673318,9.471671,0.41621715,4.694143,0.6381481,6.23152558795084,0.45304626601325554,6.954430038829076,0.9193857430146885,,
2003-11-18,551.5388926560823,1202.828809451454,90.39209720834964,9.503727,0.41493028,5.849714,0.69727415,6.998464071669049,0.49554222733349873,7.75802556042096,0.9618786361496227,,
2003-11-19,1048.7255450427351,2408.192046969201,90.72142521945425,9.694526,0.5656828,7.278813,0.7792513,8.011668005618505,0.5693296510407212,8.819657178948818,1.035663037922838,,
2003-11-20,655.3371204904588,6232.453896585156,94.30165046597912,9.339086,0.5542735,8.549358,0.8100129,8.62449676209386,0.734839161713873,9.461777055133389,1.201171290667545,,
2003-11-21,1660.3185993983575,5673.339035029758,95.05290297960572,9.5777445,0.42890126,7.158751,0.8887288,7.706404045074941,0.6943464076448038,8.499802644583918,1.1606805814054653,,
2003-11-22,1887.7328257507413,4397.208095029758,94.93587510122008,9.583461,0.44335878,7.0568347,1.0021499,7.8157272802488515,0.7136800112249844,8.614351156696358,1.1800138909331321,,
2003-11-23,1876.1997040035992,3380.754815029757,94.4596513541713,9.596547,0.44191775,7.4664145,0.88696766,8.226655819519289,0.5918135497384196,9.044920675454982,1.0581464464102162,,
2003-11-24,1776.517334075958,2963.1600150297577,93.83664249653523,9.565551,0.4693124,7.775619,0.91037625,8.446518036272266,0.5957144436845675,9.275291554607362,1.0620468937075205,,
2003-11-25,1644.3151204721169,2863.331015029758,93.43365313881743,9.204153,0.4614852,6.613026,0.8514483,7.558226595651267,0.5664469246502079,8.344542819597065,1.0327815187920568,,
2003-11-26,1568.8250113294268,2630.407815029758,92.81412257495666,9.188245,0.43730393,5.7601056,0.8285588,7.040851583494326,0.5441176049658163,7.802439050417025,1.010453863826087,,
2003-11-27,1354.4038104927631,2424.069915029758,92.20569313820904,9.263462,0.42536944,5.9434867,0.7656066,7.133540565925558,0.5142950323261146,7.899558249367034,0.9806309704370466,,
2003-11-28,764.9230315128694,2439.6642723548043,92.07409427959544,9.34819,0.49485043,6.9934235,0.68423647,7.555497521168842,0.5341359106536074,8.341683304683254,1.0004705127733922,,
2003-11-29,634.0032368090017,4362.658815597774,93.12875679128508,8.910105,0.4499163,6.913271,0.75613844,7.166639915457763,0.6626591665879166,7.934239634662412,1.1289949925398557,,
2003-11-30,864.2582895217159,2940.1075735923187,93.24504406736057,8.853752,0.39701307,5.250542,0.7145098,6.069102785925607,0.559507939335316,6.784243982081611,1.025848152441419,,
2003-12-01,961.1611427123072,2759.917251738736,93.21137190658234,8.751162,0.38627324,4.5592103,0.6660777,5.64199874251613,0.5040033167365995,6.336725825379295,0.9703456094767554,,
2003-12-02,1037.1284228591946,2649.481972678482,92.93880409117769,8.2867,0.4137379,3.222735,0.7270851,4.647345017852352,0.5353456080064091,5.294531052730253,1.0016935525422008,,
2003-12-03,1017.6949966665392,2347.151358611364,92.5124688825934,7.9333,0.43755192,1.7662637,0.6864518,3.6314787492464515,0.4967857747311636,4.230109849050109,0.9631406595048544,,
2003-12-04,985.8214481500386,2105.3689637479165,92.02715362248404,7.860939,0.43062007,1.3122787,0.7004986,3.40073299941187,0.49647191893065123,3.9883352411383206,0.9628285446036742,,
2003-12-05,936.3033857383436,2006.9002141916287,91.49459494074202,7.857474,0.40603635,1.6263535,0.7180997,3.608621762237793,0.5064058740805417,4.206160376195138,0.9727609285855148,,
2003-12-06,808.6780701439142,1721.479396686787,91.07930845671736,7.4602094,0.42959583,1.3554466,0.6147713,3.3066246592725843,0.44024038491838846,3.889728844033645,0.9065977380879413,,
2003-12-07,550.9394481281723,1289.4032201330142,90.84897816361274,7.167881,0.4300953,1.2038082,0.4732044,2.9892599125422596,0.35566631254560555,3.5571951472667256,0.8220261937447365,,
2003-12-08,472.06243324153337,1174.5727461312608,90.68488932104236,7.091745,0.4065475,1.2288805,0.47333026,2.909664499951464,0.35718484854527577,3.4737953460373965,0.8235453818431281,,
2003-12-09,431.79932083939786,1097.9176071498027,90.50497438859526,7.1089287,0.37516207,1.8748752,0.57328063,3.3523124195382024,0.4248676475517722,3.937600323064164,0.8912246462710378,,
2003-12-10,419.8693520734711,1104.1701260133168,90.30409049769078,7.087098,0.36741605,2.914132,0.6701177,4.0637746027355615,0.49594147932271737,4.683067966606549,0.9622932664650627,,
2003-12-11,2222.8268702768937,5703.39959685306,92.03445185949823,7.067842,0.49522653,2.9527988,1.1850264,4.106819429808388,0.8639341339527994,4.728170189272076,1.3302856243556658,,
2003-12-12,1279.869934623203,6964.440011019551,93.40392654251812,6.8028917,0.53899926,3.5068378,0.6513421,4.0185265489285,0.5565520485227885,4.635657210500243,1.0229041498775038,,
2003-12-13,1645.6107705842226,5308.323415029759,93.16762350594414,6.5718575,0.5261941,3.0148993,0.71638614,3.8566341000214424,0.5608549962592171,4.466026855937081,1.0272082410058283,,
2003-12-14,1477.8404138997928,4125.259915029758,92.80749783280832,6.361556,0.61875623,1.810912,0.7240438,3.0111628165279476,0.5574964469551126,3.5801449351915977,1.0238561499821754,,
2003-12-15,1335.1541070596743,3602.8569150297576,92.39417899601744,6.386444,0.55134654,1.6070455,0.7844813,2.899313529220489,0.5914657290114212,3.4629496342885044,1.057826347643678,,
2003-12-16,1244.8728495771147,3124.0629150297577,91.9293289185144,6.4191966,0.51040196,1.5989305,0.80419695,2.972404191896062,0.5931564313407202,3.5395337807920386,1.0595164500284877,,
2003-12-17,1142.0678657358417,3492.0611150297577,91.96067667846248,6.501068,0.49385104,2.38304,0.71682703,3.397916243226828,0.5537086926342338,3.9853838536362334,1.0200653399349167,,
2003-12-18,1178.1029366124458,3458.59634486169,92.24010513759907,6.394377,0.45212495,2.6669865,0.7962745,3.6140502582347334,0.6049624618813245,4.211848335744347,1.071317476021305,,
2003-12-19,1017.9415434035444,2693.619799372001,92.29502606612846,6.1559668,0.4689525,2.122305,0.70663375,3.2285865003729364,0.52871299141895,3.807960727898695,0.9950709555373162,,
2003-12-20,845.7317413400041,2236.276064805244,92.38031878364797,6.0308037,0.46837026,1.8611624,0.6090002,3.0053509473773743,0.46019664621945233,3.574055278562508,0.9265563964704604,,
2003-12-21,901.3592081019503,1858.039674069491,92.27556054321347,5.930382,0.4516593,1.5363866,0.64749813,2.971687619257993,0.4602781390540802,3.5387829584313506,0.9266381635939827,,
2003-12-22,921.9496362447215,1766.3809036990956,92.090060685075,6.0889235,0.41600004,1.8146304,0.7071733,3.2804780139732745,0.48606024255197994,3.862332478466864,0.952417799643821,,
2003-12-23,927.735264577831,2045.508014540584,91.95473965835431,6.3539,0.3812168,3.6039495,0.7508884,4.462011175382142,0.5301080953310999,5.100338886122014,0.9964572180210551,,
2003-12-24,954.2862758674104,3677.902814820408,94.67435679120568,6.3459854,0.41803923,5.364654,0.6728847,5.566820042194671,0.5411590907110668,6.257953840168001,1.0075017711012553,,
2003-12-25,1693.6216167255786,4896.103615029758,98.1851157831394,6.2112722,0.38688323,4.7952166,1.0112964,5.159156242921174,0.7579341907991384,5.830805104818215,1.2242790858195205,,
2003-12-26,2615.3615703209293,4977.971869029759,98.13505507434654,6.145343,0.40470588,3.933196,1.2339212,4.695122785199168,0.8208454314364606,5.3445924340361195,1.2871930786210934,,
2003-12-27,2594.165066716336,3933.976215029758,97.34380910286256,6.203557,0.4061067,3.8526673,0.7824562,4.786868297565891,0.49837396175534826,5.440723068277626,0.9647210452695962,,
2003-12-28,2366.155078132549,3241.5669150297576,96.38348600346195,6.338195,0.39410156,4.8931317,0.7527468,5.502870131166502,0.4658207292358818,6.19094734199452,0.9321637444640503,,
2003-12-29,2117.897252967265,2851.1027150297577,95.44788430632656,6.494624,0.36926457,6.2173824,0.8479342,6.335548954097958,0.5113498964684122,7.063425366291938,0.9776889178830093,,
2003-12-30,1887.4374980989,3082.8965150297577,94.7282026728334,6.3498125,0.36908117,5.7461214,0.80022126,5.975367412643781,0.5157534304046987,6.686028378375257,0.9820940820529982,,
2003-12-31,1709.156294679722,2822.895715029758,94.0506081145567,6.280346,0.3463164,4.71433,0.77116686,5.3049160105546616,0.497778779140359,5.983531691089744,0.9641228604919216,,
2004-01-01,1152.072068868237,2612.3664150297577,93.7665961047844,4.785824,0.48535466,2.8851728,0.9375409,3.4668497431277348,0.6673556635115677,4.057612139195022,1.1337117841320592,,
2004-01-02,594.444162870421,2426.353899325471,93.50977110615553,4.731141,0.646101,3.6700382,0.6575567,3.878846092108346,0.5432479469397167,4.489300505317842,1.009601033036418,,
2004-01-03,531.0648844331442,2596.736085173736,93.45728862620236,4.882699,0.6629943,4.096402,0.6814485,4.22990639277632,0.5768367914238801,4.857140288318141,1.0431874449911116,,
2004-01-04,624.8893027302614,3028.016010104636,93.69333159208078,4.9242764,0.6903069,4.5701275,0.68155384,4.630710452850061,0.5771723369509585,5.277101412383268,1.0435203856268287,,
2004-01-05,1339.2164202756478,3718.021516363026,93.87581544170467,4.720129,0.7105289,3.7020116,0.7192818,3.9716211219424125,0.5612844080130269,4.5865098644424025,1.027636837560927,,
2004-01-06,1052.0273763240318,3534.468140723087,93.77921465753498,4.6338825,0.68062645,2.7784271,0.7033323,3.204022192758971,0.5640416299725701,3.782222330349667,1.0303997878422613,,
2004-01-07,1111.109532374343,2924.0067573279416,93.3689598210714,4.581232,0.6685592,0.7328215,0.6426766,1.7925197672717448,0.500775195565167,2.3032549139038156,0.9671456456748704,,
2004-01-08,1050.9653045571338,2549.8546780896363,92.8646285069838,4.557413,0.66584873,0.07486075,0.6669667,1.3831758070773303,0.510720668354087,1.8743457116844355,0.9770951094443363,,
2004-01-09,1017.5295928697574,2052.4645955339665,92.2258415390272,4.4246206,0.6448383,-1.0606505,0.58522236,0.7574069364082748,0.44582428018608483,1.2186672280812723,0.9122051926655927,,
2004-01-10,901.0508310153182,1590.0013194668643,91.62631148134302,4.336378,0.62558925,-1.3178376,0.48001075,0.7273768121000626,0.3808882505073245,1.187201766483972,0.8472694848025473,,
2004-01-11,742.0907985735568,1464.2616285101385,91.2013642963318,4.3521457,0.6261868,-1.0857981,0.43423477,0.7432152170855287,0.35694183019645104,1.2037971930868645,0.8233228946320164,,
2004-01-12,630.0226913653985,1446.9637742048594,90.90553844171453,4.4406996,0.6226424,-0.70887613,0.48796228,0.8531704196590275,0.3888894915836715,1.3190078784803199,0.8552693847075694,,
2004-01-13,479.6449163900295,1287.7061558520488,90.68117526782214,4.255158,0.57125485,-0.16595757,0.47709116,1.0338977479212155,0.380617854163836,1.5083733552479743,0.8469958521014457,,
2004-01-14,417.4453437036,1193.191044294339,90.47024144121468,3.5795932,0.42157722,-0.36176336,0.26777562,0.6597589095072761,0.22647463367754242,1.1163519592874873,0.6928565963700816,,
2004-01-15,387.7894737036,1173.6772622743526,90.11922009563403,3.1102815,0.3538342,-0.4399364,0.23772115,0.4417584112048759,0.19912214479393506,0.8879317823636561,0.6655064914403666,,
2004-01-16,387.7894737036,1087.297761991947,89.78254485637707,2.9661589,0.34227872,-0.44900537,0.23893039,0.4488159350835681,0.19777305803453862,0.8953266317588113,0.6641573266520084,,
2004-01-17,387.7894737036,1004.3073258135088,89.45722710999527,3.2492619,0.32976624,-0.54546857,0.28013906,0.511610590364414,0.22199948133639155,0.961122656909291,0.6883830581950987,,
2004-01-18,387.7894737036,947.1957218380244,89.1789312621182,3.3971224,0.32792997,-0.52950335,0.42577255,0.6111116439597312,0.316755980898776,1.065379520739128,0.7831384708656197,,
2004-01-19,387.7894737036,890.4950060979484,88.88318663348997,3.199924,0.32858938,-0.322204,0.49277902,0.7462938089781628,0.35746617461383534,1.2070229311483267,0.8238472060662039,,
2004-01-20,387.7894737036,800.6577641452809,88.61646739647745,3.0153136,0.33054435,-0.63794196,0.36133194,0.554112696202106,0.2662535712201335,1.005656218119844,0.7326366824254797,,
2004-01-21,387.7894737036,691.224924902394,88.44115802015445,3.022274,0.32753828,-0.8461355,0.33670875,0.5441411216505072,0.24572847278893795,0.9952080363908011,0.7121116930574756,,
2004-01-22,387.7894737036,629.075410495358,88.2024146485844,3.1787596,0.32040805,-0.941311,0.43042672,0.6299105295925712,0.2929769888589289,1.085076928844442,0.7593592747490416,,
2004-01-23,387.7894737036,632.5368104953579,87.97800407248847,2.8481398,0.3341878,-0.7070147,0.3976765,0.6441721822289898,0.27732872038844686,1.1000202397258607,0.7437108517266269,,
2004-01-24,387.7894737036,623.027530495358,87.69972133756934,2.7564025,0.33828354,-0.7801614,0.31408164,0.5766047177897645,0.23306370638592686,1.029223281454263,0.6994465720042665,,
2004-01-25,387.7894737036,610.6340104953581,87.40870713662363,2.6925306,0.33929968,-0.78432095,0.28167617,0.5660944460362412,0.2168986947225877,1.018210654638488,0.6832816750290118,,
2004-01-26,387.7894737036,594.266530495358,87.10453412474733,2.8602438,0.3242531,-0.8362707,0.33290312,0.6233908786486634,0.23869518629025804,1.0782456608717272,0.7050775429105558,,
2004-01-27,387.7894737036,597.469430495358,86.79608663205072,2.9024124,0.33023036,-0.8159702,0.36230692,0.647553389062941,0.255273295014227,1.1035630566883974,0.7216553897447515,,
2004-01-28,387.7894737036,614.057430495358,86.47867162089031,3.0163317,0.31860584,-0.9010227,0.46792477,0.6152856310565606,0.3121935578790696,1.0697530101511248,0.7785760024990922,,
2004-01-29,387.7894737036,587.7042604953581,86.15233350780969,2.823954,0.3306316,-0.7788974,0.43143892,0.6533495098222725,0.2912701522105881,1.1096362122069772,0.7576521842180737,,
2004-01-30,387.7894737036,599.827580495358,85.82158755926751,2.6987457,0.33734405,-0.8135979,0.3279772,0.5655296378119862,0.23921647218556855,1.017618850511814,0.7055994586587562,,
2004-01-31,387.7894737036,567.423770495358,85.47980688490969,2.9122143,0.31816262,-0.9929589,0.39810687,0.592430602491541,0.2694616699185289,1.045805589346704,0.7358443630830959,,
2004-02-01,387.7894737036,574.5697104953581,85.12750108869072,3.013791,0.31443232,-0.9732245,0.50742126,0.6333717569709935,0.32838034635947644,1.088703591059939,0.7947625947192838,,
2004-02-02,54.9368420988,404.134210495358,84.80751474977222,3.1567655,0.3092828,-0.1298846,0.4079735,0.2634274464788997,0.3610535383145407,0.7010772071176853,0.8274398755132013,,
2004-02-03,124.8871610420662,401.0484347992179,84.6023212798983,3.3976169,0.33001727,-0.1641885,0.41672418,0.6815876022948177,0.32729019219438704,1.1392239889726201,0.7936719191712449,,
2004-02-04,54.9368420988,390.373400495358,84.43081452415379,3.4733114,0.31712586,0.18859571,0.49833944,0.5938231045804607,0.4386088517822811,1.0472646482754437,0.9049915297865389,,
2004-02-05,54.9368420988,379.224330495358,84.25379547001138,3.367721,0.3153179,0.2682157,0.43622312,0.6604134439694683,0.3831086789058129,1.1170377782595582,0.8494906345224821,,
2004-02-06,65.5377990988,367.1286504953581,84.10646921155575,3.583208,0.33562896,-0.04849887,0.4081887,0.5016109925870508,0.3500698971434525,0.9506451125400848,0.8164535838579592,,
2004-02-07,84.2858830988,378.3032304953581,83.96021990106132,3.4993515,0.3180732,0.42701876,0.62517565,0.9868120437074271,0.5145399791689407,1.4590371153271948,0.9809184672703952,,
2004-02-08,77.9183880988,352.219130495358,83.80740152262008,3.1040478,0.31766713,0.1931392,0.4518954,0.7204433589672579,0.37448330408887914,1.1799369179922432,0.840864612832484,,
2004-02-09,74.0164700988,329.396050495358,83.64976964494008,3.4724612,0.31558436,-0.51852965,0.3625496,0.21372093819791912,0.30164003597417244,0.6489948976540723,0.7680269344830553,,
2004-02-10,79.2899340988,334.166010495358,83.48756778791686,3.6992393,0.32036805,0.02442956,0.576451,0.7291610366535296,0.4699363431624792,1.1890712708720284,0.9363175583083727,,
2004-02-11,85.1461600988,325.42046049535804,83.31853212365586,3.465508,0.31531683,0.46294367,0.61433095,1.085636334226744,0.49129810436302224,1.5625848691193978,0.9576755666233219,,
2004-02-12,78.67368509880001,334.860250495358,83.14451308421017,3.402009,0.3099089,0.1912694,0.5021803,0.8021037101636156,0.4108939304485895,1.2655003548338408,0.8772743658477917,,
2004-02-13,85.3812330988,310.040460495358,82.9295376112632,3.6254244,0.31316125,0.10631597,0.57256854,0.8661777097202519,0.454000821439261,1.332636872543274,0.9203805769157554,,
2004-02-14,75.6859610988,305.50667049535804,82.71259145921731,3.682446,0.31748894,0.5109986,0.6258412,1.1406908524573707,0.5055258524283648,1.6202708051269923,0.9719027480411183,,
2004-02-15,71.2349170988,310.32946049535803,82.49243582526591,3.1903062,0.31416857,0.62858754,0.6747399,1.1068392515651115,0.5518970283080451,1.584801213427992,1.018274271927382,,
2004-02-16,65.8831630988,310.617390495358,82.27160736301626,3.0225472,0.31471938,-0.43656957,0.3173938,0.16873513582894045,0.26758226727672063,0.6018589277081289,0.7339696762225666,,
2004-02-17,114.96107109367333,327.69943349487176,82.02298450468982,3.2057314,0.30312508,-0.9451008,0.3035586,0.13289038039579393,0.23811284553663797,0.5643009154944447,0.7045006628557917,,
2004-02-18,129.18816771536203,350.3445537599247,81.7652739723106,3.4848027,0.3059641,-0.65807235,0.43470564,0.4580359256874318,0.3281164206077097,0.9049873063965785,0.794500587373485,,
2004-02-19,150.14775952662862,381.3537208409117,81.48907943829099,3.5976443,0.30737242,-0.25617385,0.5743472,0.8325195721732807,0.42114437741420774,1.297369991076145,0.8875244894695149,,
2004-02-20,160.7564032745692,393.0756964934882,81.20606940580365,3.5899649,0.3048638,-0.09405422,0.6563696,0.9752764623180834,0.4741805727214666,1.4469501725798528,0.940559181295342,,
2004-02-21,160.17084327884072,406.56648399191823,80.93229169770186,3.7506022,0.3006607,0.2865908,0.7633348,1.265586912590815,0.5541552150975452,1.751136469998992,1.0205308380695552,,
2004-02-22,141.03414261013373,371.4217135827672,80.68425232013101,3.7748227,0.3096719,0.7440213,0.8308497,1.5781350526092395,0.6081905894632763,2.078623342717928,1.0745631058630334,,
2004-02-23,85.07015573198758,351.5557121327998,80.46346769076109,3.679502,0.3091079,1.2551553,0.83064634,1.7275037707224221,0.6715131924028743,2.2351313749655013,1.1378842635995916,,
2004-02-24,144.78310096835472,360.32759997590193,80.21499430035738,3.5081592,0.30002984,0.5592058,0.7463861,1.4044830842274807,0.539345232044836,1.8966714038470798,1.0057194606684356,,
2004-02-25,142.81153366205567,348.70762036004135,79.9792840255084,3.5386925,0.30561858,0.5141226,0.7612546,1.3929153403194914,0.5473224395429754,1.8845507613226429,1.0136967834505364,,
2004-02-26,183.09905250576384,403.2527559105674,79.75852508135634,3.7380533,0.31090784,0.06503701,0.6020274,1.2120033836505848,0.42526397397817006,1.6949918315415493,0.8916401407601884,,
2004-02-27,166.63039140892295,353.5964874426515,79.56518821668267,3.9020014,0.315516,0.34009612,0.7165015,1.4809861634130606,0.49737901577132054,1.9768310687050368,0.9637524858185316,,
2004-02-28,198.54949224081847,397.6197195867901,79.34622924392657,4.075293,0.32214782,0.5428399,0.8064682,1.7192957821972141,0.548476128830009,2.2265310726463934,1.0148472787799065,,
2004-02-29,206.5203029158721,415.7597859320841,79.14061865850626,4.2912807,0.32652003,1.5413704,0.89507544,2.4540017448395313,0.6077594906460809,2.99635346883632,1.0741238964919142,,
2004-03-01,204.3754362904113,422.2001656448057,78.96679180458992,4.4804773,0.34205577,3.5933948,0.99296224,3.8827419445723197,0.6783180434660572,4.493382566212288,1.1446711017946596,,
2004-03-02,130.1994174072,617.372530495358,78.9886733110992,4.6139975,0.36089313,5.3363757,1.1485837,5.210564106754428,0.9506230083912917,5.884670088813707,1.4169676136659812,,
2004-03-03,274.4511274072,1082.200330495358,79.37573681429349,4.4267235,0.36468378,4.682983,0.84010583,4.631141535086046,0.6742007731724217,5.277553098876552,1.1405488191455233,,
2004-03-04,119.8075174072,2591.3291454953583,80.02274754279475,4.5168886,0.39103675,4.1422086,0.9240154,4.158766017330408,0.8833513862376727,4.782599646107123,1.3497025213563172,,
2004-03-05,206.7476474072,5471.338530495359,81.7062580623096,4.448482,0.37893093,3.393279,0.69195706,3.4317006005663444,0.666904595416562,4.020782987770531,1.133260983911906,,
2004-03-06,38.7789474072,5457.349530495359,85.70641821609823,4.411666,0.39265803,2.845889,0.79568875,2.8569367184513528,0.7900794847710381,3.4185473568224842,1.256440454039429,,
2004-03-07,54.9368420988,5190.863370495358,88.72604357919553,4.112214,0.37576523,2.4515617,1.0320375,2.4689529347409405,1.0212370222198794,3.012019274506931,1.4876012972323152,,
2004-03-08,54.9368420988,4527.629230495359,90.61419836165624,4.019529,0.3682491,2.0212648,0.72288436,2.0452204347208207,0.7142318954019229,2.568033809442939,1.1805999774080305,,
2004-03-09,54.9368420988,3088.816830495358,91.87310874523384,3.8072443,0.35381544,1.9530617,0.5924294,1.9854633914056485,0.5821095798644351,2.5054205837265355,1.0484782152724703,,
2004-03-10,54.9368420988,1912.773030495358,92.72167778525912,3.857038,0.35824534,1.7530879,0.5248213,1.8118284366763753,0.5102667444564982,2.323486471702603,0.9766370110446014,,
2004-03-11,54.9368420988,1589.012930495358,93.3981596449718,3.929525,0.39938566,2.124163,0.5573817,2.184493761898535,0.5389206188478042,2.7139639255776964,1.0052874269111833,,
2004-03-12,54.9368420988,1380.463330495358,93.97858093438192,3.6594787,0.40089643,2.3910074,0.6968641,2.439555421097993,0.670368766435871,2.9812166602022234,1.1367332989399896,,
2004-03-13,54.9368420988,1127.944630495358,94.34566644531763,3.5017362,0.39811754,1.5755208,0.49066412,1.6649804286393404,0.46824129909008566,2.1696196308562015,0.9346129721210772,,
2004-03-14,54.9368420988,999.331560495358,94.56193095915782,3.5357418,0.39444962,1.1624835,0.4182056,1.2861515054896473,0.39694584618310214,1.7726839801418444,0.8633212613203805,,
2004-03-15,54.9368420988,937.406330495358,94.77702285021849,3.573032,0.4071811,1.9187301,0.5409812,2.0103134923714387,0.511528979112136,2.53145843457267,0.9778973838907733,,
2004-03-16,54.9368420988,821.5331604953581,95.05135763714578,3.3894897,0.44392082,1.9608015,0.695146,2.0503511713975304,0.6521683535258532,2.5734097777942497,1.1185363882072485,,
2004-03-17,54.9368420988,836.974930495358,95.15820892683683,3.0475223,0.43872935,1.0988672,0.44076315,1.2188935778692704,0.41449640073341903,1.7022113534909373,0.8808724974041042,,
2004-03-18,54.9368420988,747.748500495358,95.22615499138998,3.100222,0.43245944,0.766206,0.39271057,0.9259491611459044,0.3670283235887619,1.3952651950285873,0.8334074490311723,,
2004-03-19,54.9368420988,664.658130495358,95.25410294876848,3.3778253,0.45157677,0.9172087,0.4062758,1.105062269970983,0.3768393367649106,1.5829392981879717,0.8432165986884512,,
2004-03-20,54.9368420988,710.161930495358,95.34217633125417,3.4151897,0.45894626,1.2148317,0.50155103,1.3728253260582477,0.46670277104456787,1.86350051305399,0.9330773155325306,,
2004-03-21,55.8792137988,1372.420300495358,95.70885893040798,3.1828508,0.44861227,1.2779369,0.5429573,1.3524626845052177,0.522010376529338,1.8421646068409332,0.9883851247905826,,
2004-03-22,54.9368420988,897.762230495358,95.92170174481662,2.9308062,0.45305154,0.71262354,0.404336,0.8405337571724291,0.38191478402793155,1.3057672267231317,0.8482948110623955,,
2004-03-23,70.4026940988,791.983180495358,96.03250773246587,3.1604033,0.43840194,0.5559209,0.3887478,0.7685433220860043,0.35880102209065373,1.2303358949265673,0.8251818154899639,,
2004-03-24,54.9368420988,897.841930495358,96.23468398530314,3.5739088,0.46676177,1.7525662,0.81072754,1.8575841018700179,0.7644552086949089,2.3714291012845847,1.230825042094839,,
2004-03-25,54.9368420988,1183.522546495358,96.53935748319468,3.5619788,0.46703127,3.2362885,1.239888,3.2507358479859407,1.1850688505326419,3.8311687386138438,1.651426640539332,,
2004-03-26,54.9368420988,1235.398402495358,96.92671419534356,3.8686152,0.50110435,5.016581,0.78369373,4.967705681277875,0.75063072455348,5.630203860769371,1.2169767252178656,,
2004-03-27,54.9368420988,2033.121430495358,97.84846427747672,4.074156,0.5642284,6.8544126,0.81644815,6.781263962106625,0.7951059845004623,7.530444028082885,1.2614431939567146,,
2004-03-28,54.9368420988,1479.8263871953582,98.95356534993654,3.976647,0.57874465,6.981894,0.6924098,6.874321210810803,0.6679463456177117,7.627949095174831,1.1342832054411436,,
2004-03-29,54.9368420988,1131.418630495358,99.86454785892624,4.0158377,0.5850996,6.8554177,0.6747974,6.723924626285048,0.6441195219961422,7.47036406801375,1.1104569518181615,,
2004-03-30,969.4736841976,1072.167230495358,99.78372119424822,4.1012125,0.48374295,10.1392,1.2061667,7.27206028047814,0.6737827262240514,8.044698732769273,1.1401182033041266,,
2004-03-31,557.6766317466061,951.615930495358,100.0,4.2618504,0.491082,8.572566,1.0443592,6.979776497504825,0.6830169342091365,7.738444784091963,1.1493534097896763,,
2004-04-01,969.4736841976,922.136500495358,99.82049290870076,4.4311075,0.4813368,10.941982,1.6909791,7.605078196453408,0.8604525745864913,8.393633766763363,1.3267870330949345,,
2004-04-02,787.6584115712008,752.178530495358,100.0,4.270137,0.45202944,11.224436,1.8044652,7.667168193653771,0.9112668183152726,8.458691453585864,1.3776011009440725,,
2004-04-03,969.4736841976,583.092060495358,99.81587820842256,4.277667,0.4344075,14.400683,2.9492261,8.079535331335112,1.140363193008516,8.890768330841832,1.6066964194310553,,
2004-04-04,515.6398815227989,1457.7739183396388,100.0,4.049639,0.456946,7.226844,1.0087415,6.396661432122979,0.7546688749773304,7.127458811864,1.2210076345112584,,
2004-04-05,969.4736841976,1121.2008624296154,99.72016022742402,3.856217,0.41424444,7.289518,1.1435465,5.697450406507534,0.6426486843124236,6.394827889357457,1.1089906952649393,,
2004-04-06,377.4941096509461,1241.8645775532632,100.0,4.003309,0.49532348,5.0867753,0.7076901,4.834204803063343,0.5548652576794513,5.490322096926107,1.0212120541301843,,
2004-04-07,969.4736841976,1004.6382935540483,99.62253819343698,4.2283273,0.4376245,7.91249,1.2200154,6.103221346269939,0.6570178139497429,6.819993292981938,1.1233578699262459,,
2004-04-08,54.9368420988,889.6328004953581,99.91588067906083,4.292155,0.5534445,6.7444577,0.79641104,6.60183003930415,0.7507815511078275,7.342433777134632,1.2171194626904964,,
2004-04-09,192.0548595804052,609.2872819066404,100.0,4.3707876,0.53950673,7.8396745,0.8589417,7.0082985313468535,0.6657591220775646,7.768330073653946,1.1320954959188811,,
2004-04-10,969.4736841976,861.6899004953581,99.46119137907752,4.282328,0.47939652,11.061878,1.5106679,7.472578240176076,0.7548247774775417,8.254800765504417,1.2211596260576387,,
2004-04-11,54.9368420988,443.5744804953581,99.58507183740738,4.271144,0.5628892,7.6270366,0.96299595,7.2572111799618915,0.8591144449683737,8.02913989600746,1.325449970420064,,
2004-04-12,54.9368420988,453.80291049535793,99.68197286796664,4.38021,0.56784433,7.546146,1.0637935,7.204268708894144,0.9508977310037016,7.973666955797457,1.417233430970361,,
2004-04-13,459.3113126142248,1485.4078374664443,100.0,4.56618,0.5081099,6.7906003,0.8192471,6.26522813881521,0.6371577971687047,6.989743456418355,1.1034971252091694,,
2004-04-14,1512.219912227616,2789.235301705223,100.0,4.539485,0.5123645,7.9377227,1.1453499,6.743037984693739,0.7642218378105602,7.490390979618629,1.230559193758556,,
2004-04-15,780.9904946378658,2310.0349219860013,100.0,4.4239497,0.5346163,9.062941,0.9060293,7.8908351331883395,0.690450515843673,8.693048908263002,1.1567842014520244,,
2004-04-16,555.7638373245878,1951.5975679920325,100.0,4.5618606,0.5538793,8.88222,0.8621767,7.924600164412021,0.6822103061450219,8.72842779255919,1.1485439065973275,,
2004-04-17,440.5358756767027,1719.974009146027,100.0,5.2189846,0.63768965,10.1378,0.96221244,9.134835704225106,0.776971188245031,9.996508454192107,1.243302597448952,,
2004-04-18,387.7224373670833,1802.5925425001712,100.0,5.725043,0.72349983,12.364515,0.993651,11.189217469222863,0.8277261879037966,12.149082645004007,1.294057712969484,,
2004-04-19,969.4736841976,1712.162830495358,99.7480087727522,6.206513,0.70819664,15.84252,1.1849605,12.358880201486818,0.7987170913636884,13.374651257578149,1.2650508390079178,,
2004-04-20,177.55447140927745,1261.5916456445748,100.0,6.4052124,0.88322484,14.332554,0.9596572,13.354519106566595,0.8482875185027845,14.417878298899405,1.3146243909379822,,
2004-04-21,969.4736841976,1381.332960495358,99.58877647094624,6.4658747,0.9221951,15.80677,1.1985686,11.95458088894847,0.8004039542904273,12.95102781992853,1.2667367567289562,,
2004-04-22,38.7789474072,866.5805304953581,99.92779186996404,6.8190613,1.2073537,13.077548,0.9541186,12.809480442434955,0.9147142090534541,13.84678864974374,1.381049230447616,,
2004-04-23,287.9714185633711,1203.4190922423186,100.0,7.1735783,1.042541,13.470148,0.96322215,12.254348380685412,0.8028799955823058,13.265123173066591,1.2692134809230433,,
2004-04-24,969.4736841976,1217.026930495358,99.6088603609705,6.909628,1.0007346,14.738031,1.3883824,11.266991358683244,0.8911136504304754,12.230573860523853,1.3574452747164365,,
2004-04-25,38.7789474072,695.751030495358,99.994079767184,6.454466,1.0140662,10.236572,0.89526016,10.036898856004811,0.8496838711395989,10.941687141078257,1.3160147367592396,,
2004-04-26,966.2820459098546,2297.592769374776,100.0,6.8549795,1.0150485,9.835517,1.0987593,8.95311795483863,0.8297937375976641,9.80610521755601,1.296125368933856,,
2004-04-27,993.6745531976,1810.086528088787,99.98046975177871,6.890317,1.0574542,10.557821,1.2836784,9.25802945790421,0.909533226562583,10.125590448180292,1.375864506656042,,
2004-04-28,629.7122561133959,1754.6534955953257,100.0,6.884852,1.1959952,10.956167,1.0299516,9.880930700052987,0.8211234205077231,10.778264240422406,1.2874543135649024,,
2004-04-29,969.4736841976,1403.2297479466483,99.77756216497087,7.09606,1.2055598,12.522633,1.530524,10.305364543627242,1.0305121234901464,11.222984570864996,1.4968430070464356,,
2004-04-30,309.11990403576027,1083.315257057654,100.0,8.316049,1.56822,13.120005,1.1437778,12.053528835856868,0.9555389338622251,13.054705140462515,1.4218719503510227,,
2004-05-01,622.9733296154784,815.3111577626132,100.0,9.330989,1.903709,16.836275,1.2985743,13.585462632668103,1.1053384568692164,14.659860136107612,1.5716762161101452,,
2004-05-02,611.5891977504582,1077.085530495358,100.0,9.687734,2.2562108,16.256706,1.1973658,13.877614155885933,1.1184669538620449,14.965975503465234,1.5848059223367552,,
2004-05-03,769.2822145829128,3767.444577583368,100.0,9.356827,2.2420485,14.294994,1.0222524,13.457640759946136,0.9301541482758616,14.52592881480675,1.3964914091525547,,
2004-05-04,746.4778719908505,1982.6061599395384,100.0,8.917415,2.0117002,11.799931,0.97567654,11.011484956590122,0.8973187417219136,11.962855125815622,1.3636500660152382,,
2004-05-05,696.3216590294521,1859.6696700002733,100.0,9.324329,2.054983,10.600227,1.032832,10.252637992913463,0.9370731693359333,11.167737871263796,1.4034040428641257,,
2004-05-06,767.7910321338029,1895.8693281949609,100.0,9.301469,1.7684728,11.658088,1.1233885,10.978800359498731,0.9482471113006941,11.928608316709969,1.4145784026055457,,
2004-05-07,639.4738725148661,1479.361030495358,100.0,10.174842,1.7636865,12.803857,1.1618713,12.010408346129282,0.9702567389901069,13.00952363872597,1.4365896608213202,,
2004-05-08,331.6513173586446,1306.4641690674705,100.0,9.519585,1.8884591,12.316154,0.97338647,11.74996282871148,0.8653591146962086,12.73662971586406,1.331691510014939,,
2004-05-09,604.3517559061363,1177.392030495358,100.0,9.968242,2.013532,11.831186,1.1240923,11.199291938840007,1.0090678762108651,12.159638639831,1.47539941373904,,
2004-05-10,340.55276428944615,1026.3674240068235,100.0,11.384138,2.129172,12.503049,1.123667,12.224284879975254,0.9966178251082999,13.233622739789423,1.4629512373242368,,
2004-05-11,869.7364443858344,1006.014190495358,100.0,13.479293,2.0727844,18.562698,1.4431125,16.205656368319435,1.2339970752878149,17.405290175638868,1.7003491679011904,,
2004-05-12,454.783310353444,1110.9646786376857,100.0,13.629204,2.3036342,17.565987,1.205733,16.422518371931332,1.0861020635027976,17.632517441717738,1.5524556942448906,,
2004-05-13,663.2842879239388,898.681781096041,100.0,14.035138,2.421412,20.50169,1.4341108,17.75568775485178,1.318374576904698,19.029407763930234,1.7847388449545654,,
2004-05-14,561.3036777916486,751.3397433542979,100.0,13.931586,2.6744063,21.607376,1.3834393,18.32510690514843,1.391004405788567,19.62604320314907,1.857373836655555,,
2004-05-15,549.6690947180932,728.1593785177056,100.0,13.459578,2.6759171,22.60956,1.441493,18.673615027527504,1.4141055844863786,19.991208822462443,1.880478358117227,,
2004-05-16,630.8054918778805,773.9225069297199,100.0,13.441925,2.7507186,23.429367,1.4385899,18.944418179074454,1.46764598199254,20.274955438959076,1.934021448955988,,
2004-05-17,480.2220245259336,649.390290495358,100.0,13.012569,2.7850711,23.046053,1.3984935,18.780607436204082,1.4311523546099971,20.103315102538513,1.8975261823370515,,
2004-05-18,231.5655855119093,451.924810495358,100.0,12.894147,2.8970032,21.931084,1.3607023,18.86938220647015,1.3314655117885965,20.196333003361925,1.797840224066724,,
2004-05-19,270.0989592023043,556.9965559585424,100.0,12.738173,3.1459775,22.298393,1.352836,19.176376966691468,1.373128140704694,20.518001063712735,1.8395059813402392,,
2004-05-20,387.7894737036,561.320130495358,99.94757332128336,12.253901,3.0803099,24.184471,1.4357725,19.30985003874311,1.5182275722100214,20.657853692353573,1.9846068065829998,,
2004-05-21,153.13564629639998,758.281380495358,99.9599051600946,11.760055,3.1677222,19.496946,1.1850327,18.196999238064386,1.1204127099766308,19.49181242749256,1.5867809469909002,,
2004-05-22,124.4837092964,544.749580495358,99.94038758608788,10.931993,3.1931953,21.756256,1.344014,19.74284090064969,1.2448542300369134,21.111540037354068,1.7112381259630163,,
2004-05-23,103.4105262964,576.738830495358,99.94678421731432,10.121656,3.0537043,22.152874,1.3523113,20.32363673936512,1.237131683047485,21.720095931808842,1.703522168400287,,
2004-05-24,103.4105262964,476.8815104953581,99.982049508733,9.745334,2.893339,23.565046,1.420555,21.102314329558684,1.2761997246878105,22.535991649037477,1.7425996496993452,,
2004-05-25,263.4983076197539,449.4845002858712,99.91040407605216,9.225982,2.6873612,26.793247,1.5468994,20.30088207718722,1.391914153185192,21.696253674561763,1.8583043731154814,,
2004-05-26,103.4105262964,438.05637049535807,99.96947327470257,8.987653,2.3462567,22.483704,1.2806233,19.906198454602148,1.1287962955070563,21.282705523975594,1.5951820058242807,,
2004-05-27,1466.3990384732604,1271.8938939273094,100.0,10.581267,3.1218777,32.56626,4.1740694,20.79295041408758,2.560052529695831,22.2118411959145,3.0264486213904074,,
2004-05-28,953.1092443128114,1152.238040812488,100.0,11.673464,3.0082471,21.731693,2.435523,17.17824427889537,1.905621265103917,18.42436446371488,2.371980676233096,,
2004-05-29,761.2098886247514,640.769757338441,100.0,11.727721,3.1254911,19.219622,2.3851738,15.151867380287618,2.0169760000205974,16.30113367617658,2.4833213841292268,,
2004-05-30,643.3103989665584,440.87287097395495,100.0,11.649802,3.2678077,19.24358,2.6771386,14.737740059235557,2.2236868486604173,15.867212484801657,2.690029944020163,,
2004-05-31,565.9912483346504,502.1754804953581,100.0,12.133304,3.3014767,17.042786,2.4622028,14.441390401507451,2.0976610143738417,15.556698326454775,2.564002592305546,,
2004-06-01,523.6169609692466,955.061249673754,100.0,13.003158,3.5544777,14.730057,1.8046205,14.118541913310361,1.7154778238351254,15.21841878412421,2.181817862971215,2.0043750548716073,4857.995624945129
2004-06-02,677.8055115244374,831.4556227617136,100.0,13.448998,3.4610274,17.389025,1.9724627,15.619568495493926,1.896508404868499,16.791189305933468,2.3628566096545978,1.96393291471702,4856.031692030412
2004-06-03,665.3368148267746,726.8005716700646,100.0,13.688119,3.586869,18.807798,2.04964,16.360977222784626,2.020818224943423,17.568034836009716,2.4871714137292957,1.9568011482523597,4854.07489088216
2004-06-04,581.9894828351863,568.527900495358,100.0,13.121677,3.7552445,20.343977,2.0479453,16.69057507382579,2.152341561693685,17.913386337656757,2.618697167997663,2.120104249631364,4851.954786632528
2004-06-05,311.75832000557784,549.7573442292395,100.0,12.646291,3.585659,16.520252,1.5066905,15.118374394167432,1.6149434850689661,16.266039839809896,2.081288676782465,2.2657341507561544,4849.689052481772
2004-06-06,488.5845101584251,596.0369304953581,100.0,12.927121,3.3135011,16.958857,1.7098998,15.142698980047436,1.7637597085690286,16.291527057745526,2.230105039883712,2.2554521276219046,4847.43360035415
2004-06-07,212.42437002611607,449.0933714083226,99.96579544959336,13.121083,3.578376,15.992416,1.3253038,15.070383469601108,1.4594122578618178,16.21575511309807,1.9257571761352468,2.263317958835682,4845.170282395315
2004-06-08,206.04482480001892,455.7884316799762,99.84467209267385,12.244529,3.7608948,22.03485,1.4745663,18.986883790294826,1.549885457257671,20.31945076123435,2.016261354178028,2.5318082223572844,4842.638474172957
2004-06-09,208.97317045105504,483.6208297432001,99.69004801379091,10.746291,3.276839,25.808857,1.6218399,21.26409895262406,1.5033533369315681,22.70550902405231,1.969755310183302,2.941219339916197,4839.6972548330405
2004-06-10,242.46390740846655,548.1552677406227,99.58363354386609,10.475493,3.0478947,25.371643,1.5084095,20.803351834109005,1.402649801986052,22.22273976825747,1.869046020786637,3.102544388894728,4836.594710444146
2004-06-11,246.4497400008396,549.3884863100318,99.43074917473696,10.396132,3.1309564,22.98322,1.2815937,19.085336214627688,1.3125543754956668,20.422608874907546,1.7789312771615822,3.23609677844832,4833.358613665698
2004-06-12,263.2741918786018,581.375150633105,99.20469655446036,9.611997,2.7265613,22.629179,1.2440748,18.57176962244498,1.2064463187637844,19.884495555158075,1.672818101167379,3.542851492978395,4829.81576217272
2004-06-13,404.33386208119674,764.2548071680634,98.80297282646976,8.881186,2.4582658,22.263336,1.2962242,17.633087063486087,1.2008760181512903,18.900947178606756,1.6672392231130546,3.8568451781475384,4825.958916994572
2004-06-14,440.42410958508606,811.5142274920936,98.37051439291103,8.825581,2.1738534,23.796976,1.3945253,18.530132400955164,1.1840384775853268,19.84086821681077,1.650409858163464,4.020290643987313,4821.938626350585
2004-06-15,418.7602363277467,755.0391297487682,97.94394033290024,8.676377,1.6163096,26.479597,1.5521833,20.128187520068234,1.1529819409580804,21.5153049079393,1.6193701657826722,4.210016118211909,4817.728610232373
2004-06-16,427.45035216159147,745.4900314739434,97.4850063251789,8.414768,1.272408,28.387903,1.6047493,21.109167050703974,1.1203959268503467,22.543171906828658,1.586795938012411,4.443592785867695,4813.285017446506
2004-06-17,236.93585350928683,502.5913027188765,97.23185575337692,8.133008,1.0566539,26.361736,1.4972022,20.521464901970514,1.0723563047897935,21.92737960434503,1.5387491226619157,4.728394058435088,4808.556623388071
2004-06-18,326.9679851181293,443.1144280778037,97.04163735115462,8.157217,1.0994505,29.347095,1.8738725,20.350120948251163,1.1749613948029756,21.7478459953479,1.6413521898271999,4.948214765342838,4803.608408622728
2004-06-19,212.90499543819564,445.1721637585488,96.8155307677399,7.6831446,0.9692072,25.569431,1.4954649,19.782754556442985,1.0591243349816928,21.15336142945628,1.5255086714068027,5.33616142173196,4798.272247200996
2004-06-20,384.83233318369986,656.4541682319352,96.34423969111248,7.567728,0.9374259,24.715414,1.3504002,18.37807652784072,0.9191217916866097,19.681544592738454,1.3854917216686737,5.665527447535153,4792.606719753461
2004-06-21,392.31788098914717,650.7239117105039,95.93594984330656,7.7658877,0.95233387,24.541412,1.3428371,18.231657254545922,0.9111229806280617,19.528126978689414,1.377491538773313,5.920660417741116,4786.6860593357205
2004-06-22,443.5039256780144,728.9418497373536,95.42022010323356,7.8289967,0.92853296,25.527954,1.4710723,18.832926262255427,0.9797310351316096,20.15813458963215,1.4461053830725332,6.2377598485936385,4780.448299487127
2004-06-23,333.8984623115435,569.0704202863877,95.01553694324215,7.9262123,0.8678228,26.392145,1.4566948,19.563840548277042,0.9725104049781972,20.923984080020105,1.4388923478053484,6.5713674269424915,4773.876932060184
2004-06-24,368.1636250968303,591.5355856704577,94.54308799093046,8.017395,0.84950227,28.827677,1.5834912,20.844353786336505,1.0289949976076642,22.265701473643283,1.49539171865952,6.924855039225836,4766.952077020958
2004-06-25,405.20865660910636,650.667230666172,94.02190607400289,7.700089,0.7609737,28.721502,1.5692372,20.654210725006156,1.0101529488227259,22.06647022395288,1.476547356938047,7.51448865493149,4759.437588366027
2004-06-26,422.13577897305487,497.9425503210484,93.656509059169,7.369896,0.77214545,29.294682,1.8079774,19.23549836942969,1.040627637680028,20.579948267405435,1.507006093153278,8.215627745249147,4751.221960620777
2004-06-27,447.9032051451866,679.926781027811,93.15581391838997,7.5700626,0.9117427,25.744465,1.4160848,18.526734264758904,0.9273181319387137,19.837307661320278,1.3936894798101898,8.76871962609123,4742.453240994686
2004-06-28,280.7428959672369,452.624807873707,92.76723431346204,7.4988165,0.8145923,23.161472,1.3968519,17.165599672592833,0.9167826207815096,18.411115488454506,1.3831419298222383,9.519573606798158,4732.933667387888
2004-06-29,233.2576217481231,442.00759682156274,92.39062217200494,7.6293106,0.73368126,22.982906,1.2900065,17.67929654850368,0.881611127379099,18.949365319048965,1.3479747310115642,10.282608680231785,4722.651058707656
2004-06-30,284.91461924764815,456.3864059887552,91.9443609012009,7.7020674,0.7271375,26.178774,1.4401217,19.07736214636666,0.9296225709338146,20.41425367344163,1.3959993908087536,11.182313359360782,4711.468745348296
2004-07-01,287.3077067845111,440.7484540739593,91.46951061391395,7.8403106,0.74187857,28.294434,1.5477586,20.222766193415605,0.9816499110059872,21.614404118571652,1.4480392242554978,12.174122994968199,4699.294622353327
2004-07-02,306.38545638396107,461.84109005936193,90.9805614514722,7.87556,0.74229074,29.569553,1.6087241,20.91751687504286,1.011425258382973,22.342361507894292,1.4778228804170352,13.41950745885778,4685.875114894469
2004-07-03,321.60035890969283,476.5207491801989,90.46605345464263,7.8253803,0.74378556,29.857183,1.6358128,20.979538544425214,1.021617598170864,22.407347601062654,1.488015988776671,15.013209644648065,4670.861905249822
2004-07-04,328.6148524163058,483.0394920593201,89.93997628631952,8.016709,0.7775078,30.365078,1.6757133,21.31688410280048,1.0457691979155466,22.760817123970153,1.512171845916908,16.722740932769366,4654.139164317052
2004-07-05,333.59483402198464,488.8016728423625,89.41718189810427,7.7246437,0.6991039,30.560804,1.8156672,21.297602053563125,1.1158025311961932,22.74061345869164,1.5822049323469203,19.346960730759832,4634.792203586292
2004-07-06,335.22599520059737,495.76759519446114,88.93020492164253,7.841025,0.7308906,30.210186,1.7453296,21.186380781657498,1.082196421163259,22.624076190179824,1.548597406745682,22.250606280985778,4612.541597305306
2004-07-07,354.3098186885558,504.6218123622697,88.49072282105948,7.7627954,0.7184654,30.208317,1.812676,20.949525632584972,1.1054155953448381,22.375900174630456,1.5718136134818568,26.26983056099253,4586.271766744313
2004-07-08,349.52022212234976,510.5874652194458,88.06865710449509,7.823513,0.71761304,29.609041,1.8054539,20.75610016761634,1.1107391581918389,22.173229633628196,1.577134800569457,31.415436081567375,4554.856330662746
2004-07-09,383.053751454392,530.433691700561,87.60610945206656,7.7125635,0.67943686,29.214125,1.7029033,20.197850041045804,1.0290499451532502,21.58829705929018,1.4954389706718398,38.858328329120035,4515.998002333626
2004-07-10,394.8113804706526,534.6752914317104,87.13603925886815,7.665209,0.6727087,29.005331,1.7432933,19.940840532005076,1.0427225971172125,21.31900337426036,1.5091086961207747,49.28085561024281,4466.717146723383
2004-07-11,409.32608143094745,532.9061875462477,86.66184890570435,7.8685884,0.71272904,29.766613,1.719013,20.253637407111817,1.0203487181663455,21.64675087075458,1.486738388900184,63.654837060116655,4403.062309663266
2004-07-12,409.2464209669243,485.32624018738056,86.22288239295563,7.5021033,0.6151325,29.06787,2.9973161,19.202027230886195,1.6502830776337094,20.544877322854926,2.1166611845303636,87.58006811137959,4315.482241551887
2004-07-13,354.76050694097535,293.30172870597903,85.96419526744444,7.6922793,0.67803234,30.622137,4.294507,18.069935282221696,1.9787423148803243,19.358675248906994,2.4451093863063442,119.2440392863441,4196.238202265542
2004-07-14,456.4619198468563,372.7169193256518,85.65643273523223,7.5745006,0.63348705,31.838696,7.3078,18.481286371204234,3.3033246989702105,19.789687513809547,3.7696956106802917,156.790764676529,4039.447437589013
2004-07-15,415.3881268071556,370.8017083285751,85.531228813083,7.6107063,0.66100645,29.61383,4.9124827,17.988347569465986,2.3431171157140986,19.273187922375207,2.809483448449628,165.4795089739385,3873.9679286150745
2004-07-16,432.52759065062844,400.7145886568616,85.2930076538624,7.5552444,0.6560434,29.276703,4.236548,18.00131342548881,2.0656632471551495,19.28677350199436,2.5320296967740816,122.79104679272919,3751.1768818223454
2004-07-17,372.4007656048218,478.9858000235994,84.99507033915825,7.8146477,0.67003196,27.355713,2.1752734,18.808352689063902,1.2584015287598207,20.132386483642627,1.7247756319722451,76.13815694676327,3675.0387248755824
2004-07-18,309.1776630644346,462.21019544432806,84.7240125911018,7.618912,0.60552275,26.900578,2.2546215,19.172350869742818,1.3725805319201758,20.513782533092463,1.838958330831359,52.00224308224931,3623.036481793333
2004-07-19,284.21854061634036,389.26013049535806,84.5946536773952,7.4853673,0.5824752,27.624123,2.6782608,19.125252658596775,1.5673883133090234,20.46443318845082,2.0337656254956116,38.306460616340374,3584.730021176993
2004-07-20,201.11423074183259,536.085689230417,84.38241295402823,7.838317,0.62584037,24.211073,1.389102,19.744449771469352,1.024470635302888,21.113225806699262,1.4908545489497371,29.145913298428514,3555.5841078785643
2004-07-21,306.3633467119407,512.230542917379,84.01146471292628,8.086063,0.7010625,28.700647,1.684432,20.985523877315504,1.0861896106860696,22.413619012405263,1.5525880756947301,23.310129354220557,3532.273978524344
2004-07-22,324.93115335142636,509.8359417323632,83.59348465753484,8.081001,0.688262,30.205868,1.9635466,21.593814863895894,1.2288006209272948,23.05098422880548,1.695206861113045,19.554767499767564,3512.7192110245765
2004-07-23,222.2146400930748,398.3111914444452,83.59899520591148,7.7431507,0.6299847,28.849297,2.1768172,21.29103812611632,1.4153791093093842,22.73373579795054,1.8817814265250628,17.138709143987597,3495.580501880589
2004-07-24,154.85681550654752,329.3868595859761,83.65550901251079,7.9488144,0.64007604,27.267403,1.8539921,21.089490140385127,1.277605688465334,22.52255450745872,1.744005452398929,14.79346641592946,3480.7870354646598
2004-07-25,140.62608266696378,271.7387644251122,83.66464555177558,7.782176,0.6292985,27.0732,2.3833158,20.494508603242398,1.5851436785556021,21.89913488668321,2.051536175962761,13.25076173720962,3467.53627372745
2004-07-26,216.72614058988657,323.10469856342377,83.58323404073911,7.4284935,0.5565989,26.145357,3.086673,18.631089096962764,1.8609299738530773,19.946650297784334,2.3273023321509982,12.135421521820865,3455.4008522056292
2004-07-27,387.30606302484273,3016.248050495358,84.71400077767653,8.33535,0.7183898,17.61178,1.0562181,16.55617255389398,0.9395892615762689,17.772559836704236,1.4059438670701563,10.407963024842733,3444.9928891807863
2004-07-28,132.17311769716008,3193.6767304953582,86.79507664448826,8.588028,0.9332934,17.141434,1.0744921,16.80151148299022,1.0324569708234232,18.029625127962106,1.498813418762945,9.373117697160072,3435.619771483626
2004-07-29,131.29916719511982,1805.976885495358,87.74790321127975,8.835785,1.0523463,18.506075,1.0937946,17.850669589828623,1.0221538790630451,19.128929405939807,1.4885189825303247,8.499167195119815,3427.1206042885065
2004-07-30,130.8029865605661,1192.820730495358,88.24702707686741,8.55623,0.89317495,20.17594,1.174953,19.0276579544688,1.062514447209881,20.362173791076334,1.5288907589019902,8.002986560566109,3419.1176177279403
2004-07-31,130.32216077450553,1075.568230495358,88.59203663961601,8.362045,0.81820124,20.797234,1.1926823,19.45334642581681,1.0674561770253441,20.808208716211535,1.5338369325222512,7.5221607745055366,3411.5954569534347
2004-08-01,129.78654441957556,934.289930495358,88.99068604562478,8.418446,0.8105503,21.659233,1.232741,20.044240095743895,1.0868879269676583,21.42734508369217,1.5532751942809009,6.986544419575558,3404.608912533859
2004-08-02,129.31605780946242,1075.978730495358,89.2633372152877,8.479668,0.8679289,21.898182,1.2389188,20.45850974418588,1.109908436858899,21.86141540521973,1.5763005075958585,6.516057809462424,3398.0928547243966
2004-08-03,128.9030632782125,859.6665304953581,89.37777846150925,8.494766,0.8706381,23.294641,1.3161339,21.364833751231625,1.1501351085362486,22.811058601688636,1.6165383722363535,6.103063278212513,3391.989791446184
2004-08-04,128.65794345659864,730.6919304953581,89.36810913432636,8.189946,0.7973781,23.9359,1.3229978,21.578487388044632,1.1312413106106844,23.034924152002883,1.5976473496853307,5.857943456598639,3386.1318479895854
2004-08-05,128.37729953676796,785.442790495358,89.26040308895845,8.197782,0.81273377,21.2687,1.1930815,19.432441957759703,1.0318089942023492,20.786305086039647,1.4981895266377026,5.577299536767973,3380.5545484528175
2004-08-06,128.1313950640999,649.093730495358,89.07055686433321,8.0786915,0.8219776,20.044132,1.1106974,18.071539523743503,0.9374364059205305,19.36035616768972,1.4038034919475684,5.331395064099913,3375.2231533887175
2004-08-07,233.58671367179187,593.3305215405724,88.92706993333438,7.8107557,0.76441365,19.923653,1.1478535,16.50201422620472,0.8514446088118679,17.715812926082414,1.3177988168624486,5.134928866529952,3370.0882245221874
2004-08-08,236.3336801045651,621.349174665428,88.77097006651472,8.017706,0.822587,20.053616,1.1324753,16.73713232009851,0.8511578798960504,17.96216886115333,1.3175138376996347,4.830405560708616,3365.2578189614787
2004-08-09,256.3157942810014,629.344678852449,88.5100574862552,8.343659,0.87695134,22.215693,1.203496,18.20103758735364,0.8920612047190843,19.496043796073433,1.3584294790808111,4.522806806191285,3360.735012155287
2004-08-10,273.92166657442453,629.3623759698052,88.0407242195934,8.248988,0.858463,24.144382,1.3288074,19.324090409908237,0.961749013133657,20.672774704582118,1.4281283974084258,4.341909973775693,3356.3931021815115
2004-08-11,249.39735257976358,621.9994505276766,87.85403331169289,8.461892,0.8156161,23.608593,1.3417612,19.273544842405045,0.9857807679775425,20.61981323173365,1.4521596212316674,4.107133485053127,3352.2859686964584
2004-08-12,230.49033309881312,110.36044526297556,87.9504086314849,8.460071,0.83678836,30.948988,7.8859177,15.741517770712052,2.615247147186621,16.91896733964428,3.0815961285602205,3.9414741399223265,3348.344494556536
2004-08-13,598.3643445739077,282.74577,88.7679959118554,8.55114,1.103704,36.038166,28.572426,17.371649621985565,9.199396709059288,18.627013921081694,9.665757704466685,3.774369882307775,3344.5701246742283
2004-08-14,214.98790425821224,299.98168049535803,89.34269902294687,8.976207,1.1348804,26.897938,2.7592642,19.416029131108747,1.675708770684429,20.769107782379216,2.1420891283365404,3.531229566612227,3341.038895107616
2004-08-15,187.86522913762772,370.423360495358,89.78163034720453,8.848476,1.036525,24.909517,1.9647704,19.504944848757976,1.3494757393745294,20.862273367388905,1.8158570475922335,3.433800446027722,3337.6050946615883
2004-08-16,142.23086856505412,77.38393049535806,90.6333955440638,9.061095,1.1735035,28.593157,6.614277,15.94345335731255,2.451407688528175,17.130554757002006,2.9177579932510187,3.2729738734541396,3334.332120788134
2004-08-17,142.12437184841505,1550.2376845343997,91.36919632826708,9.075086,1.2823418,18.305922,1.0499557,17.530717010684285,0.9677908596643553,18.793684187215547,1.4341531901287963,3.1664771568150574,3331.165643631319
2004-08-18,222.38821004534532,1550.2376845343997,91.8175530429112,9.002107,1.1754802,19.379623,1.1026148,18.077691978466145,0.9754956799169254,19.36680268871699,1.441862821967868,3.0789132235894554,3328.0867304077296
2004-08-19,385.18331612237506,1606.3867595343995,91.99767686745923,8.885308,1.1422869,20.754284,1.1819263,18.458742587342908,0.9785976216952028,19.766066214141716,1.4449683179299622,3.003824787811134,3325.0829056199186
2004-08-20,435.9327380077815,1656.7886463413072,92.05287258898616,8.800018,1.0846928,21.772308,1.2243923,19.0700633411471,0.9953264037546332,20.406606010282296,1.4617031488285819,2.924785238361451,3322.158120381557
2004-08-21,353.9651619219469,2057.5019013400247,92.66169391166098,8.530164,1.0024405,18.972603,1.1132867,17.439818218700346,0.9612030102682094,18.69844074369675,1.427564574273566,2.887652168532161,3319.270468213025
2004-08-22,456.44851828731817,1482.2807321856126,93.19587088505575,9.008569,1.4316556,19.239006,1.1177893,16.830383004386544,0.9186884819547357,18.059876609388812,1.3850451512403792,2.718644936040154,3316.551823276985
2004-08-23,557.163237031165,1138.4937702674256,93.28796311273148,9.088977,1.2819792,22.469435,1.2907909,18.07285029198899,0.9636070552013807,19.3617295861767,1.4299741531605714,2.6289550137410855,3313.922868263244
2004-08-24,480.5750462481494,709.3019804953581,93.4019037767462,9.093522,1.1927251,24.976711,1.4291756,18.561708534717365,0.9787134666191274,19.87395358182919,1.4450851517452417,2.555257719726402,3311.3676105435175
2004-08-25,425.84268545329525,682.814980495358,93.47855904490412,8.950448,1.1354651,24.949251,1.4118208,18.804005891472265,0.9727806383432075,20.127831923984896,1.4391546983376973,2.509398161776441,3308.858212381741
2004-08-26,400.20320802154276,640.0738604953581,93.52322183494474,8.879898,1.1206522,25.355335,1.4453778,19.017098042582212,0.988318844407482,20.351109151498818,1.4546950484973626,2.4536038386222345,3306.4046085431187
2004-08-27,402.4719814627229,639.0921053303732,93.51625344034576,8.918131,1.1359003,26.12233,1.4876086,19.474435373661652,1.0128287791959545,20.8303056436744,1.4792097602292116,2.382463673334868,3304.022144869784
2004-08-28,407.7382654599628,856.040022902384,93.46976166669478,8.740165,1.1125772,25.086792,1.4499544,19.8128088129665,1.0456894242693708,21.184852176706283,1.5120740935843926,2.346805079671812,3301.675339790112
2004-08-29,390.0547756785494,766.3465984293445,93.40402777196522,8.898128,1.086974,25.538326,1.5162815,19.92557871793213,1.0696372810631634,21.303012097644633,1.536023208659097,2.2653019749494017,3299.4100378151625
2004-08-30,390.00375349100193,793.3190950203191,93.30644112870988,8.846287,1.0824562,26.23161,1.4991157,20.501692892016266,1.066473843525533,21.906662559902205,1.5328664262605742,2.2142797874019218,3297.1957580277603
2004-08-31,595.9941119972905,1680.3584112334042,93.36293692241186,8.843395,1.1303875,21.693283,1.3022857,18.32892829899968,1.0058479629391746,19.63004724656363,1.472217429706499,0.0,3295.02344973407
2004-09-01,387.7894737036,913.103490495358,93.20908673041994,8.883425,1.1916479,21.550238,1.2651316,17.774326153382436,0.9564164322459656,19.048937014198476,1.42278086341721,,
2004-09-02,387.7894737036,781.756030495358,93.04644390777852,8.863906,1.15211,21.023628,1.2653801,16.991795095323454,0.9280800252840179,18.229003646512876,1.394437949612113,,
2004-09-03,387.7894737036,721.066070495358,92.8488558719873,8.96631,1.1902909,21.447475,1.2936236,17.08255632785262,0.9385765201973234,18.324102955705182,1.4049351633165699,,
2004-09-04,388.6537038636,675.707930495358,92.62643679622336,9.004308,1.1702149,22.505175,1.4087102,17.575307049768156,0.9911576369977774,18.840405477744206,1.4575203469000055,,
2004-09-05,387.7894737036,639.419800495358,92.38451481557333,8.742788,1.1267904,22.903503,1.6342207,17.557585701835166,1.1026317606647567,18.821837109957414,1.5689943194953824,,
2004-09-06,411.8639457036,613.664930495358,92.13076867449232,8.860806,1.2003436,22.38925,1.6911138,16.95607460675994,1.1209025364936518,18.19157584070041,1.5872601805136966,,
2004-09-07,427.5175317036,618.2659604953581,91.86238811384808,8.888313,1.2543535,22.41866,2.1436799,16.887437755120636,1.3671494741466765,18.119658382176087,1.8335065836509332,,
2004-09-08,872.1294437035999,1028.787430495358,91.7534956039434,9.123,1.2539351,22.740145,3.9816108,16.49267915516519,2.2303448233748226,17.70603167055754,2.696698963258484,,
2004-09-09,1388.8508137036,2302.392230495358,92.08605970208242,10.353755,3.4147053,21.282219,1.8634514,17.17032333368352,1.7325408364738333,18.4160649243983,2.198900183630476,,
2004-09-10,1021.5048037036,2246.661330495358,92.36871552525356,9.811083,2.3245578,19.571686,1.3298069,16.52089143352966,1.167728530210863,17.735592399388977,1.634082876411847,,
2004-09-11,811.8453537036,1713.770430495358,92.39941881670416,9.745296,1.7201647,19.374989,1.3201944,16.279576500768016,1.052730980847334,17.48274343773516,1.5190835917092702,,
2004-09-12,703.6922137035999,1527.469409709146,92.28381213822416,9.498108,1.4999335,19.273582,1.3040643,16.190468598549643,1.0103638091401672,17.389376482390873,1.4767157960470771,,
2004-09-13,636.4629737036,1419.4055258833591,92.11290509945395,9.392072,1.4172533,19.76102,1.2862507,16.550965116669108,0.9905247477620421,17.76710350178075,1.4568793148951615,,
2004-09-14,587.3097537036,1295.7129869112127,91.868191869049,9.289949,1.3682833,19.04405,1.2739724,16.0017722799147,0.9749854914984399,17.191661124751278,1.4413361870829906,,
2004-09-15,543.4699137036,1178.69049661987,91.6311179342545,9.154262,1.3722868,17.483345,1.2262857,14.85489867291303,0.944439693262749,15.989970879726227,1.410783416224832,,
2004-09-16,517.1785237035999,1048.970570198864,91.43328889914352,9.491733,1.585582,18.369305,1.2450497,15.437725773625866,0.9846578378148906,16.60065512355836,1.4510049161939218,,
2004-09-17,712.2816937036,1821.126030495358,91.68542533152076,11.332641,1.8133243,17.630716,1.1019255,15.859977264877037,0.9420009648039843,17.043088792696825,1.408350716826516,,
2004-09-18,2621.3750142715203,9432.390123381863,100.0,14.777391,5.8601756,15.552883,1.2709448,15.384234217266723,1.6165721669931707,16.54460685365699,2.082918921222364,,
2004-09-19,6125.30337200616,10438.320526495168,100.0,16.697908,2.4929981,12.376062,1.632847,13.974300682717097,1.3815959813409548,15.067283315772569,1.847935371506697,,
2004-09-20,2516.797264002782,8032.772837553264,99.86320194566709,17.483873,3.1572022,13.448935,1.1221656,14.411544677110372,1.1390403613543878,15.525426078454021,1.605381792031372,,
2004-09-21,2486.7013915756143,5685.982645029758,98.94708779302748,18.11261,2.5049477,15.315597,1.3428236,16.16664340813034,1.2057065162790077,17.364412529311867,1.6720583378947325,,
2004-09-22,2284.4187327963914,3823.889615029758,97.80029265353244,18.240608,2.5213025,16.23256,1.4577157,16.98354041140435,1.312199561605324,18.220354416919662,1.7785574210271102,,
2004-09-23,2018.0169141542208,3136.131315029758,96.61678120532169,18.545715,2.513015,16.542961,1.4437345,17.32710462867658,1.3190202288475479,18.580339829361982,1.785380855573541,,
2004-09-24,1736.2104692436264,2694.099015029758,95.53429050578472,18.721622,2.6665838,16.46066,1.4054703,17.34671756263175,1.3500116020795043,18.600890194516747,1.8163723908544491,,
2004-09-25,1420.5092621723686,2491.408715029758,94.68594495998909,18.412178,3.1075194,16.136808,1.3271365,16.963048534682834,1.409864106812368,18.198883098538836,1.8762218054440254,,
2004-09-26,387.7894737036,1645.2363524810212,94.84200112122836,16.519428,4.2536273,14.446329,1.0766457,14.841762373333463,1.190559699361476,15.97620670993095,1.6569033511728306,,
2004-09-27,387.7894737036,1282.3548084453096,94.88506877117484,15.099343,3.3344495,14.520948,1.0834235,14.655245459886682,1.136406477051042,15.780774925597587,1.6027491399171894,,
2004-09-28,1251.4749737036,2715.847274751248,95.63028297280349,15.804809,2.119654,15.365084,1.1758906,15.50379305582551,1.046439616477832,16.669880196007444,1.5127870997303272,,
2004-09-29,799.6912127597918,3133.8673067979644,96.48728739584652,14.997008,2.3834515,14.874126,1.1101799,14.899108283871955,1.0085135204850393,16.036293558965994,1.4748574843513773,,
2004-09-30,1042.03110463138,2561.006962121322,96.47169659071628,14.523877,1.836075,14.139421,1.1221622,14.250609513311604,0.9582135011448026,15.356798763955007,1.4245541553474688,,
2004-10-01,1091.1561257482967,2594.0609284442603,96.24624558883536,14.354468,1.7783027,13.88994,1.1398146,14.02748240841404,0.9596720164587944,15.12300694616519,1.4260116431304983,,
2004-10-02,1212.7094508992727,2426.49095864856,95.73935661520036,14.545081,1.563371,14.078623,1.2007195,14.234063120862865,0.9551786947274074,15.339461510508233,1.4215192707769693,,
2004-10-03,1184.39302571199,2431.391275503314,95.25851242390864,14.352802,1.6014968,13.216278,1.1340077,13.588560055520297,0.9255681769935299,14.663105605184132,1.3919059485428875,,
2004-10-04,1046.3347232065191,2020.930168666357,94.84786754282156,14.335168,1.6119003,12.939352,1.180032,13.41550608214515,0.9522822597696528,14.481780243437068,1.41861936046277,,
2004-10-05,942.9180477494458,1886.0714524667887,94.44248254204486,14.180444,1.6985612,11.407042,1.0769168,12.331432043566176,0.9143312989635785,13.345891171535735,1.3806649765216892,,
2004-10-06,744.9461232429933,1539.436308710587,94.16942862225716,14.183528,1.7381974,10.653811,1.0890634,11.804865927902265,0.9273250325649927,12.794156995519309,1.393657532421295,,
2004-10-07,567.8739768964425,1326.2465271838964,93.88637743467724,14.481142,1.7007867,11.77784,1.0810887,12.5883134778705,0.9126942236779925,13.615050660294552,1.3790285908619588,,
2004-10-08,507.3645115652552,1207.3547808467467,93.38218196015268,14.732041,1.7033333,12.802,1.0426584,13.373075715415872,0.8904973703853509,14.437321850219083,1.3568343118226995,,
2004-10-09,415.07878034526135,1091.4749104648597,92.89557431206204,14.546319,1.6994071,13.666733,1.0492126,13.909072359217724,0.8927673587235535,14.998937301381796,1.359106463227422,,
2004-10-10,387.7894737036,1006.3142434599554,92.58303794289398,14.059102,1.6509753,12.586517,0.9352167,12.99613739900442,0.8164721870736298,14.042367170782338,1.2828078041305362,,
2004-10-11,387.7894737036,987.0771284124804,92.50476962346092,13.990961,1.628663,10.710108,0.88203716,11.635492390830866,0.7823262627608282,12.616687982350369,1.2486584512113639,,
2004-10-12,410.607453860565,1004.2237493831468,92.37892129341452,13.918614,1.6607435,9.03639,0.8767092,10.453292614381247,0.7870989059736284,11.37798309773423,1.2534298346395327,,
2004-10-13,446.3721899940616,1036.4404591908262,92.1959207835003,14.143666,1.6357526,8.635564,0.8515313,10.29367200043509,0.7724801165840771,11.210733164077219,1.238810997642166,,
2004-10-14,448.4183380170653,1017.0539485168548,91.74591348773686,13.946142,1.4961699,8.792265,0.7494113,10.369294470572596,0.6928889110893074,11.289970129784816,1.1592198110695309,,
2004-10-15,440.4979237036,1064.6077087179428,91.22095229837586,14.117202,1.5364937,9.585,0.7284673,10.911435489021654,0.6838979416588701,11.858023635699377,1.150229168826967,,
2004-10-16,643.3805537036,1076.8567239970166,90.8780083685136,13.886312,1.4975866,8.771686,0.83152807,10.684590817481073,0.7646391180106897,11.620336564288873,1.2309701673722353,,
2004-10-17,497.3785397036,858.3702068670835,90.53374075959135,13.444105,1.5528502,7.606315,0.79719806,9.748003615320602,0.7611177698960381,10.638983695428319,1.2274487082991254,,
2004-10-18,469.6225137036,781.8722721423624,90.3682853032722,13.57553,1.5097302,7.005944,1.0136857,9.471176276577882,0.8497180573414345,10.348924956180616,1.3160491550497444,,
2004-10-19,917.0015737036,1168.9635677253646,90.3995980183219,13.849419,1.3951865,6.1202846,1.7040157,9.518053760922369,1.1349229355366657,10.398043024034104,1.6012540001038325,,
2004-10-20,718.2500437036,1287.667117566177,90.49936724329844,13.49409,1.3124441,7.3100457,0.7489153,9.524339618414151,0.6722868051172893,10.404629324026866,1.138617865431633,,
2004-10-21,705.6512937036,1358.481118824996,90.25803963698024,13.431992,1.2138196,7.5546384,0.77772903,9.563890242811606,0.6589268718495073,10.446070333073473,1.1252579064418375,,
2004-10-22,600.7999437036,1585.8253310396758,89.92794889156113,13.344249,1.1210309,8.193666,0.817699,9.608847010443519,0.668247553175068,10.493175880521168,1.134578560702172,,
2004-10-23,561.1885337036,1370.92737284663,89.59170221607711,13.273337,1.0983133,7.7430086,0.83164775,9.349308252201402,0.6708027709045153,10.22123205682394,1.1371339665310065,,
2004-10-24,534.9683837036,1279.2212752958474,89.28686371236833,13.213716,1.0796658,7.302053,0.809444,9.045284482485881,0.6535457546708293,9.902676990169285,1.1198772686222653,,
2004-10-25,498.4699437036,1193.9958428298323,89.29714962491019,13.279216,0.96849096,7.3608403,0.75749606,9.103937476131081,0.6057579089566091,9.964133396415496,1.0720893532655817,,
2004-10-26,481.5491097036,1145.933595892115,89.28832292512185,13.3408785,1.0073955,8.378834,0.7843154,9.847032607536205,0.6275551987394948,10.742745934958153,1.093886101440684,,
2004-10-27,451.0328167036,1074.841417448458,89.25550720756965,13.118485,1.0144141,8.300169,0.80054814,9.724414053969515,0.6386780133760488,10.614266633681531,1.1050089619378367,,
2004-10-28,440.3951367036,1031.765449937389,88.9677920480074,13.013984,1.0286998,8.038187,0.81390065,9.526690854332449,0.6481381539150537,10.407092940984759,1.1144692126502354,,
2004-10-29,431.4402187036,988.8301019381088,88.58628027199833,13.083869,1.0447608,7.770532,0.7862101,9.384582061657918,0.6327316768112535,10.258191833794992,1.0990628423492046,,
2004-10-30,491.3981697036,879.551211128814,88.25340247569765,13.574271,1.0658374,8.049993,0.73891634,10.030095146417207,0.6088393084624497,10.934558237429682,1.0751701746985882,,
2004-10-31,449.3995317036,912.8888042682336,87.95681386096669,13.52048,1.092811,9.848934,0.7554631,11.060124933669382,0.6214884351706239,12.013819927531827,1.0878198108183161,,
2004-11-01,412.0013237036,846.6693482287703,87.87795882262036,12.98973,1.0612946,9.3335705,0.8123573,10.530343032888965,0.6475245445174267,11.458716262862938,1.1138555065928315,,
2004-11-02,419.6218677036,808.8750959324213,87.76590712805668,12.916556,1.0546663,7.4831405,0.80875427,9.339050732237775,0.6429145199588332,10.21048426246963,1.109245724602077,,
2004-11-03,441.0597067036,838.218981872498,87.67440681280335,12.72198,1.022006,7.048495,0.9227816,9.004554723276987,0.6998121792767287,9.860000487697922,1.1661437439041267,,
2004-11-04,468.4052497036,836.9826234806015,87.57893944195915,12.3091,1.039932,5.7626066,1.0527208,8.111649384033269,0.7712584012957625,8.924417325482564,1.2375915536268391,,
2004-11-05,561.6314737036,818.041393525814,87.28543946525717,12.245803,0.9108044,4.6628327,1.115747,7.749676580364234,0.7583670538611887,8.545143459140277,1.2247011095948825,,
2004-11-06,451.6015307036,768.476930495358,86.89356990894677,12.253484,0.87840337,5.6196117,0.83585966,8.075082318023949,0.6187778371114376,8.886102478716259,1.0851110739008023,,
2004-11-07,451.7255777036,741.709870495358,86.53798057305757,12.453097,0.87561494,6.1203456,0.99110705,8.51734657605988,0.6994688374271741,9.349505456481573,1.1658011553369725,,
2004-11-08,442.2361337036,725.007970495358,86.29399885733808,11.913985,0.8537626,6.0975013,0.94752336,8.301204321151184,0.6715669415449957,9.123032340633577,1.1378996805767745,,
2004-11-09,424.7232577036,716.354280495358,85.96147262060123,11.104853,0.796867,3.665985,1.0573242,6.434824175541013,0.7270288813971053,7.167445603964603,1.1933674795616809,,
2004-11-10,411.4925887036,698.5350104953579,85.77653431537782,10.89951,0.7834981,1.5066048,1.2514906,4.988600229961088,0.8394076598059383,5.652097097455201,1.3057535377646043,,
2004-11-11,408.8651417036,681.126070495358,85.58888868167473,11.252866,0.7218334,1.8541125,1.3576578,5.379666245124111,0.8905489391311469,6.061854731350718,1.356892612633262,,
2004-11-12,422.1697757036,679.007600495358,85.32857279303646,10.878403,0.6951368,2.7186804,1.0853181,5.846957641687986,0.7203401405716253,6.551481059314618,1.1866814092992173,,
2004-11-13,420.8876377036,677.442690495358,85.01226215626053,10.440621,0.71062493,1.5157005,1.5217683,4.935790740899521,0.9773212930256144,5.596763495336699,1.4436674820780544,,
2004-11-14,407.4716117036,505.028930495358,84.83734962696352,10.223075,0.69075847,-0.5050945,2.8816319,4.28550480921166,1.6244110808761258,4.915396119005411,2.0907613621252397,,
2004-11-15,81.18105378316493,492.6172803511939,84.51053708338958,10.426917,0.6400638,1.559871,0.69321185,2.8143816547935283,0.6019862825366747,3.3739583065890235,1.068347605982677,,
2004-11-16,117.0385073492152,489.1646512033512,84.3363899713515,10.35525,0.61124545,2.0829396,0.7252553,3.680059149739038,0.5970116300653037,4.281012226622449,1.063366156075349,,
2004-11-17,122.96029760050696,523.296720492765,84.17243525618214,10.355149,0.6020601,2.8674712,0.83858156,4.292116669857609,0.6886231074082798,4.922324003988722,1.1549733446158772,,
2004-11-18,130.46944713525673,541.5647689932955,83.97807098098656,10.499503,0.5785968,3.8837657,1.069263,5.168152095134203,0.868965984395332,5.840230928016244,1.3353108284949964,,
2004-11-19,126.49248219898912,539.1484579744244,83.78801929249646,10.563872,0.59079117,5.4718356,1.0257542,6.439480969485616,0.8383800462909639,7.172324976741304,1.3047186248785367,,
2004-11-20,114.41664980931893,509.10687135569344,83.59763329011494,10.286147,0.5799725,6.323849,0.90837026,7.050931400596067,0.7492808166408494,7.813000648320099,1.2156170401438215,,
2004-11-21,84.8826330988,504.785390495358,83.4704370704227,10.405274,0.59051734,6.7413487,0.9225547,7.268770350197023,0.7943146171067764,8.041251555066784,1.2606501048822003,,
2004-11-22,85.34244450453792,513.7069331718251,83.30296861212332,10.212457,0.5799206,6.895803,0.8287171,7.368303819058581,0.7154417053795598,8.145542383501782,1.181776875056399,,
2004-11-23,116.5591051674718,528.5944505355595,83.08124572355034,10.154292,0.6108944,6.2070837,0.8664938,6.920221024939892,0.7184733452400551,7.676042763518625,1.1848100362570584,,
2004-11-24,132.0618720988,468.099600495358,82.91734252020801,10.215661,0.67089516,5.647181,0.9824654,6.652447201529303,0.7803706651292749,7.395470266688034,1.2467083749178196,,
2004-11-25,455.1517420988,1408.349530495358,83.17204231439574,10.011967,0.73616946,5.966121,1.0456204,6.954300630038665,0.8104304225085451,7.711751257245817,1.2767669897492,,
2004-11-26,78.9456960988,1413.858730495358,83.58447317166704,9.335297,0.62245834,5.317909,0.6573099,5.5303649142070235,0.6234182955734725,6.219756281678165,1.0897611662673956,,
2004-11-27,105.0571020988,1084.640330495358,83.80062234325706,9.2519045,0.60562193,3.7600617,0.6617438,4.245022932138965,0.6056737638596813,4.872979346589015,1.0720243158481824,,
2004-11-28,1841.4854420988,5535.873630495358,85.22888009753338,9.585563,0.712706,5.1254706,1.0294117,6.2387680299711565,0.7926781106986471,6.9620186448209145,1.2590175555798233,,
2004-11-29,1417.0667737036,6217.21855268394,86.819492553137,9.216985,0.65219617,5.105705,0.6688638,5.868835579999553,0.5580005188108859,6.574404688291487,1.0243416810701853,,
2004-11-30,1325.7924835574531,5239.692972062784,87.49040069153689,9.309583,0.5670143,5.5648127,0.70868415,6.321007768494589,0.5770505854039814,7.0481891617232835,1.043389669759918,,
2004-12-01,1466.142223737706,8311.018071204255,89.3547382550358,9.235599,0.61284846,6.034086,0.7246901,6.514171679133143,0.6228358660982607,7.2505856469925645,1.0891741340777936,,
2004-12-02,1570.359479757068,7387.994628317224,90.22638860221352,9.032821,0.53569204,5.8554673,0.71760726,6.412443181788763,0.5992176061681749,7.143994875216595,1.0655562987677345,,
2004-12-03,1678.9518985371426,6205.385340304125,90.2210970384403,8.781331,0.49675304,5.2005067,0.70098466,5.963035191573396,0.5617611285994901,6.673106719293296,1.0281018386922638,,
2004-12-04,1621.1198437556282,4897.214998785431,89.91010302407305,8.617595,0.4975806,4.1508937,0.9020343,5.261769065420063,0.6889027741466294,5.938322469468165,1.1552470938238484,,
2004-12-05,1506.534515082688,3969.093774246208,89.5051897084236,8.683454,0.4756819,3.6532478,1.1037905,5.037231212820209,0.8107330361258727,5.703052475058289,1.277078630426741,,
2004-12-06,1200.556406940475,3047.589792240476,89.22282645352881,8.409856,0.4544544,3.1173577,0.9781555,4.613055434955015,0.7133780555804115,5.258602544983499,1.1797262151310415,,
2004-12-07,942.3076898145777,2990.994223957527,89.25353302844165,8.569412,0.4630049,3.78475,0.70047754,4.9310194873309365,0.544089801424283,5.59176419215725,1.0104360187406531,,
2004-12-08,956.0241078052144,3296.502517057668,89.35567997077013,8.619963,0.42742386,4.3943906,0.6427587,5.3443549599965126,0.5074391620248074,6.024855687499611,0.9737830273946726,,
2004-12-09,751.7705219978191,2491.607264713552,89.35024990639332,8.449524,0.44655573,4.2163167,0.6338367,5.197516120814831,0.49780162351729423,5.8709984537485065,0.9641463020470014,,
2004-12-10,1535.6073326454884,4054.394497742564,89.91144667335584,8.455408,0.44906038,4.6554356,1.0722964,5.699311014126746,0.7874526296600769,6.396777427660698,1.2537946312185586,,
2004-12-11,1137.8549252879573,6096.443331732957,91.5427559357768,8.401324,0.44673234,5.527374,0.6665143,5.979406399036849,0.5660587258429358,6.69026041451133,1.0323993583876108,,
2004-12-12,1549.5542510055514,5695.746097639735,91.96832215913936,8.351471,0.41138297,5.381322,0.7023705,6.016548446997301,0.5591201682203972,6.729177725400551,1.025460625965046,,
2004-12-13,1409.2284802330455,5274.416119849987,91.92436675599592,8.199677,0.41758755,5.0112967,0.6747722,5.683558244572345,0.5397284051049489,6.380271729569746,1.006070486322836,,
2004-12-14,1315.9990078498763,4250.220006788334,91.49951343649904,7.633834,0.45961568,3.4088783,0.6738204,4.407767753680413,0.525861586163393,5.043502814284803,0.992211061106079,,
2004-12-15,1195.6339441772088,3447.489284866764,90.92216659337944,7.2115335,0.4879569,2.0325599,0.63962567,3.366178734689449,0.4912591087493047,3.952129400680013,0.9576160003644723,,
2004-12-16,1036.2753963858893,2973.7859347037297,90.36631125369904,7.1390953,0.47214913,1.563981,0.6007456,3.0046956120516777,0.4619076674854711,3.5733686204483948,0.928267423063785,,
2004-12-17,872.5615113087952,2711.8042598373536,89.93276995505953,6.9870186,0.4478095,1.5722368,0.5303831,2.8903863459561157,0.41581322734031234,3.4535957621801434,0.8821739196675351,,
2004-12-18,677.2953182260578,2184.7446355643738,89.5160584220034,6.726099,0.4403884,1.2041547,0.50526714,2.5109104256895813,0.3995287211119092,3.0559821900984088,0.8658926303321064,,
2004-12-19,387.7894737036,1858.3346650693777,89.38190956265977,6.4049387,0.43102702,0.99141943,0.47942692,1.9260542348900396,0.4035748914936939,2.443171872609523,0.8699440811296684,,
2004-12-20,387.7894737036,1545.065779217124,89.11050139651068,5.5265455,0.48505878,0.22362924,0.38484097,1.2875553183508917,0.32265620383257354,1.774154890459162,0.7890316047999395,,
2004-12-21,459.4710437036,1386.8202860683227,88.70386189529296,5.3348494,0.47523013,0.0011388063,0.3495965,1.328494632741261,0.2879987717193175,1.8170509641333457,0.7543737604414229,,
2004-12-22,420.9015437036,1514.9767579446411,88.470221520703,5.968398,0.43998155,0.69479597,0.44664305,1.8413903954965833,0.3623873686530335,2.3544613911019163,0.8287573550919045,,
2004-12-23,742.1315437036,3889.260575300064,89.24032086645435,6.0985823,0.46969536,2.7715716,0.671138,3.304689859074595,0.5685984577089093,3.8877015669999753,1.0349558259415237,,
2004-12-24,425.7734669433776,4565.034206460085,90.67952091623442,5.742317,0.56519276,2.877871,0.64979446,3.1222413376068876,0.5963121095315628,3.696532629875182,1.0626709174217537,,
2004-12-25,878.5631695258173,3459.581564213708,90.57287540427735,5.469133,0.47374165,1.1404252,0.52363545,2.0170771811084673,0.42846836504007163,2.538545404510815,0.8948367071683635,,
2004-12-26,906.3736591328054,3127.875647097854,90.20725414560457,5.5299253,0.45764697,1.1466999,0.5096734,2.131477934757334,0.4083226624279248,2.6584141231246847,0.8746899528160873,,
2004-12-27,824.7424261745284,2731.1115727739484,89.7609436841713,5.148003,0.5079923,0.54430485,0.443212,1.612083577720922,0.3602274911296518,2.1141944912827215,0.8265996768233654,,
2004-12-28,773.3801398633067,2293.367841311996,89.33442823869122,4.988948,0.52274007,0.26602435,0.4060534,1.4570629603365959,0.33103431023391916,1.9517644182988958,0.7974080167756417,,
2004-12-29,695.5500278656627,2164.652494219384,89.05813351133737,5.378827,0.45458862,0.8736799,0.45551237,1.9692509938665337,0.362030978233471,2.4884332890043597,0.8283997644865311,,
2004-12-30,635.1807921981333,1984.4740923177967,88.78733618045395,5.5113587,0.49283135,1.9481663,0.5793033,2.8121241106220354,0.45481947165852793,3.371592859523162,0.9211808139514811,,
2004-12-31,455.853482884576,1771.441301341737,88.71284032552975,5.4146795,0.57728165,3.0009856,0.66013604,3.4949888324649403,0.5381579591848138,4.087096180813881,1.0045138663730109,,
2005-01-01,387.7894737036,1575.9108228735872,88.75962602443902,4.701335,0.57386607,2.8699303,0.702865,3.2315941426973067,0.5753355877695977,3.8111121252450593,1.041693528212559,,
2005-01-02,387.7894737036,1326.3823796936083,88.68815666769457,4.6588182,0.7082667,2.5154848,0.83972603,3.0003615992740973,0.669222826938556,3.5688274566751277,1.135582617760985,,
2005-01-03,551.1182437036,1505.1916363516723,88.65212095177888,4.8861637,0.760891,2.1337318,0.96407574,2.871419985520465,0.7345654094129085,3.4337228745489283,1.2009262586121996,,
2005-01-04,729.2182437035999,2698.686272927473,88.96052338137405,4.817499,0.7468249,3.4099894,0.7941973,3.7094089651320576,0.645116298272557,4.311764862863931,1.1114706088436415,,
2005-01-05,633.0073196460613,2316.9783207501755,88.90763485507324,4.6974363,0.75193876,2.8393807,0.7397426,3.238081932635528,0.602996931259417,3.817910009364927,1.06935482066735,,
2005-01-06,630.0131417514774,2556.23016162098,88.83764766442415,4.7722116,0.7738764,1.8757284,0.5850211,2.448447491671757,0.4936593499645901,2.990533741353391,0.9600238044791538,,
2005-01-07,531.5395578590608,2622.586974329012,88.81111823209672,4.706987,0.7538263,1.7298883,0.5511883,2.2315947825940303,0.4755817453954176,2.7633162140556515,0.9419481276416299,,
2005-01-08,582.3729376715944,2489.482566768532,88.67676541099995,4.6683364,0.75496465,1.5052698,0.5336114,2.104934821757782,0.45551806751267154,2.630602340056847,0.9218856005908622,,
2005-01-09,491.3381273236851,2277.09883865116,88.55236383537608,4.531737,0.7424681,1.03424,0.4523956,1.6549706111479177,0.3947481423094405,2.159131378305538,0.8611199121075752,,
2005-01-10,467.7030272251653,1972.8687200422185,88.39965613814901,4.5371394,0.74073225,0.8946769,0.45701954,1.5927062834561236,0.39577081501232375,2.0938910285900327,0.8621431893065132,,
2005-01-11,437.21362623783193,1715.6965059947977,88.27168759016136,4.516633,0.73836964,0.85737455,0.45033234,1.6004978440026352,0.38894528221820784,2.1020549990965502,0.8553175806250163,,
2005-01-12,450.8255757036,1782.707832157636,88.3104702256578,4.6205134,0.75160384,1.0674641,0.50853145,1.7846262126398333,0.4333122529573594,2.2949840743432657,0.8996827782150804,,
2005-01-13,387.7894737036,4753.474244643011,89.5831952732929,4.793092,0.775144,2.6161742,0.6906832,2.780372316760178,0.6412580265596816,3.3383234384527856,1.1076196345477187,,
2005-01-14,1815.8322768898145,9023.412350441527,94.67945631377366,4.570467,0.8345803,2.367432,0.67488694,2.73649305996499,0.5789622642196007,3.292346903176523,1.0453242412813484,,
2005-01-15,2125.6056052066056,7705.676615029758,96.22576373669544,4.4193897,0.7300067,2.1691291,0.66647327,2.6556543309893548,0.5456998210677158,3.2076443592892234,1.0120624838384003,,
2005-01-16,2714.549504815448,6815.783915029759,95.97016769481534,4.391672,0.71252924,1.8751329,0.6514929,2.5919252887621615,0.508209422660898,3.1408692866904033,0.9745726312766195,,
2005-01-17,2513.8983967745216,5695.559615029758,95.19457508795185,4.3457813,0.69998306,1.3369045,0.60360134,2.258282106845148,0.47043689846712905,2.7912791011799185,0.9368030405722809,,
2005-01-18,2322.7065420187496,4142.518015029758,93.99685160223775,4.200635,0.6639109,-0.33170855,0.7129688,1.2965881654704408,0.5153456858906533,1.7836194767937823,0.9817209957354822,,
2005-01-19,2012.7098489855248,3511.0452150297574,92.87636312351302,4.2472014,0.6609319,-1.2115532,0.7397806,0.7774722091933132,0.5283066994124407,1.239691552315732,0.9946873974385297,,
2005-01-20,1701.0341446356313,3358.079615029758,92.04887529825434,4.2680125,0.6378074,-1.1814357,0.667262,0.6508412409831837,0.49209370891797166,1.1070080566914682,0.9584757680641114,,
2005-01-21,1300.775634902505,3022.727815029757,91.4567983848857,3.9654112,0.5770042,-1.0640433,0.46024063,0.44912581811752983,0.36561396596667445,0.8956513261425143,0.8319982311593397,,
2005-01-22,467.7451573414068,2435.936046244855,91.521345052108,3.5888128,0.40944707,-0.23800921,0.27545935,0.37844188779265225,0.2403148225086985,0.8215889455690359,0.7066998717387529,,
2005-01-23,387.7894737036,1878.2170176890788,91.6105046380682,3.3368583,0.35921255,-0.21616495,0.26335436,0.39187612015240764,0.22677649016190102,0.8356652883129616,0.6931613899376239,,
2005-01-24,387.7894737036,1664.5289942372913,91.64177751904865,3.2861142,0.34952554,-0.25526798,0.25815025,0.4138829160080469,0.2195415562132514,0.8587239337840321,0.6859262116117197,,
2005-01-25,422.3076874698833,1491.117182301557,91.6164734460466,3.4713812,0.33801156,-0.30045247,0.28549892,0.5320204289344567,0.23466131623490297,0.9825080159954387,0.7010446692255021,,
2005-01-26,579.1347417702372,1479.87852974771,91.37524636575502,3.4118862,0.34316152,-0.42772615,0.3577529,0.6522343082621037,0.2746474252992839,1.1084677078243583,0.7410294693719999,,
2005-01-27,666.3631478361634,1477.499787416545,91.01879806249164,2.8591442,0.36260355,-0.6181315,0.2782298,0.46268776475739665,0.22241947350965105,0.9098614874725713,0.688803588924229,,
2005-01-28,682.0294044542245,1455.2437097696595,90.7144654510201,2.8947177,0.3465131,-0.79395986,0.27326006,0.38314125260469023,0.2164377413707972,0.8265129239551143,0.682822738297477,,
2005-01-29,679.7615455595566,1424.3368911595082,90.34369099825086,3.2661343,0.3288242,-0.96447575,0.38270795,0.40228825161390985,0.28000273191807046,0.8465750840662327,0.746387516001942,,
2005-01-30,569.556765112119,1294.1305052520174,90.0134421965946,3.352859,0.32994577,-0.73656654,0.45576984,0.513192486452063,0.33215820362830045,0.9627801622224883,0.7985417631187366,,
2005-01-31,467.06791795011617,1235.5383732162236,89.75738163003238,3.3530812,0.33148354,-0.42787123,0.42261204,0.6093395474989135,0.31987651593093147,1.063522724125092,0.7862590251561207,,
2005-02-01,392.7781934503515,1146.871475001704,89.57332120848058,3.4402113,0.3267148,-0.36953473,0.38925412,0.6023650412566124,0.301693563277823,1.0562148603255657,0.7680761483336772,,
2005-02-02,387.7894737036,1023.0121923968676,89.39969535498955,3.4682593,0.32691798,-0.43235743,0.41445208,0.6398117899032782,0.31367777771418065,1.0954514355522356,0.7800599562807617,,
2005-02-03,387.7894737036,931.184309419226,89.23597741282825,3.5371313,0.32203943,-0.36329556,0.480678,0.7834630085549616,0.3523155899688082,1.2459686914083439,0.8186962240557341,,
2005-02-04,387.7894737036,843.2628914140485,89.07642801786311,3.626391,0.31380072,0.17302865,0.6588365,1.2608601499357333,0.4619975287884045,1.746183784246627,0.9283731995994842,,
2005-02-05,387.7894737036,754.5241199270007,88.94422798597013,3.7056046,0.3176895,0.5908717,0.8379039,1.6482526279288294,0.5638645873694111,2.152092298452854,1.0302364221760416,,
2005-02-06,387.7894737036,677.701824366655,88.82492798637183,3.888537,0.31541675,1.1475439,0.96284276,2.14513839123873,0.6230791067770921,2.672727502729957,1.0894462725784426,,
2005-02-07,387.7894737036,636.960760495358,88.71122071022492,4.009178,0.31750315,2.190351,1.0057378,2.8786377748567267,0.6365846501196634,3.4412856495426847,1.1029454395716376,,
2005-02-08,400.3154877036,599.2155304953579,88.56255666804108,3.9324384,0.3129405,2.999044,1.0064346,3.37287150711588,0.6162343658109635,3.9591420647503295,1.082591205809506,,
2005-02-09,387.7894737036,767.047730495358,88.49176926132236,3.9736204,0.34224766,2.8604698,0.964124,3.234261104407416,0.6506060847502102,3.8139065586083594,1.116964004208172,,
2005-02-10,387.7894737036,2354.5732204953583,88.7657026373718,3.7349405,0.32437456,3.1216884,0.68695027,3.2084065575214313,0.5915915377754959,3.7868162527605715,1.057949661012858,,
2005-02-11,437.0337237036,1350.830130495358,88.71320013360884,3.5959716,0.3280608,1.7459643,0.4946058,2.1981886431442117,0.3822095135041127,2.7283133753333066,0.8485761974972293,,
2005-02-12,438.5836637036,1182.989330495358,88.62997607127467,3.5791154,0.32584065,0.900386,0.4936841,1.6248966608810884,0.370784082077009,2.1276199960186104,0.8371561432959617,,
2005-02-13,419.8884767036,1040.049530495358,88.5206028102699,3.5918503,0.32934064,0.73333126,0.541976,1.5554615110966403,0.39754887184276727,2.0548660834266514,0.8639216098484902,,
2005-02-14,450.5677867036,1016.644380495358,88.39360608674993,3.7540884,0.36055756,0.3881275,0.52197963,1.421784113155782,0.37825303938756205,1.914799362817545,0.8446270958749245,,
2005-02-15,194.6587820988,2910.4690004953577,89.00841598485246,4.0972714,0.32588947,2.062758,0.60835135,2.1903005187252345,0.5705800095428306,2.7200482255313068,1.0369467649730773,,
2005-02-16,438.5445837036,3634.910940495358,89.59244277782979,4.088916,0.3520419,2.6984973,0.6890914,2.8481885124742115,0.6160713361721658,3.4093810165038816,1.0824323780810896,,
2005-02-17,387.7894737036,3101.0560600552067,90.159517742176,3.7940102,0.3355849,2.020928,0.577054,2.2180081804014127,0.5142682696060411,2.7490802187217027,0.9806347744216943,,
2005-02-18,387.7894737036,2362.341695700093,90.34475623839263,3.4626255,0.3404924,0.2882079,0.36040875,0.7358249877100531,0.3132891797450461,1.1960537360094765,0.7796703234017512,,
2005-02-19,414.1137917036,2021.617081402166,90.32120543471376,3.3928766,0.34210208,-0.09964329,0.29496908,0.4941417954168554,0.2516337373499813,0.9428189132773273,0.7180175061958446,,
2005-02-20,390.2099399036,1741.214462748041,90.23614528934208,3.5874052,0.3431697,-0.16217405,0.31774262,0.5242791503783238,0.2670667990409407,0.9743967307865598,0.7334502368867466,,
2005-02-21,387.7894737036,1362.715530495358,90.2778196523341,3.5996785,0.34078872,0.077810764,0.38597873,0.8580103288697694,0.3098118959354123,1.3240791188069332,0.7761917378192065,,
2005-02-22,387.7894737036,1105.665230495358,90.30923829344847,3.7047825,0.33820173,0.36716747,0.5579068,1.2338104086612682,0.4222733886485502,1.7178411578041575,0.8886493337186503,,
2005-02-23,54.9368420988,920.744160495358,90.35574860952384,3.713601,0.33344218,1.1797035,0.44853234,1.3223774977070826,0.42369339615292334,1.8106414509549134,0.8900684463507567,,
2005-02-24,103.5593420988,771.959430495358,90.27321090052082,3.61873,0.3400586,0.31747895,0.33572692,0.7079621792638279,0.29873630693443054,1.1668591805637678,0.765117749834009,,
2005-02-25,81.6758060988,700.0941304953581,90.39904272786984,3.6497707,0.3343967,-0.049728394,0.28971937,0.3367786329770314,0.26179239806458027,0.7779343295919403,0.7281779121060192,,
2005-02-26,113.4241890988,639.1874304953581,90.57366095063048,3.635293,0.3291579,-0.04520321,0.33366224,0.5094750446302428,0.28768602953476663,0.9588850393890243,0.7540696298450248,,
2005-02-27,108.9836750988,609.558630495358,90.73479678417394,3.739697,0.33843496,0.14132297,0.3461408,0.6871001930285504,0.29809338338151803,1.1450000626995764,0.7644750509172007,,
2005-02-28,91.6362860988,600.988000495358,90.79857380771476,3.8951578,0.35515088,-0.07548332,0.30215454,0.44984449871422955,0.2663558458702335,0.8964043572150495,0.7327401031205161,,
2005-03-01,87.06680509879999,599.9301304953581,90.817638510223,3.9760656,0.36307266,0.0036964417,0.33809677,0.5071360881431816,0.2988120698550001,0.9564342887772044,0.7651956958565528,,
2005-03-02,82.5371480988,553.937030495358,90.84176263586674,3.8248358,0.34642667,0.40573812,0.4024904,0.849122276964761,0.353164899489641,1.3147662484031508,0.8195448354917834,,
2005-03-03,81.7684360988,534.132010495358,90.85429602153503,3.7524605,0.35039714,0.17009282,0.31860247,0.6456966343603668,0.2801927769043444,1.1016175554580385,0.7465748917359654,,
2005-03-04,88.9333820988,535.211530495358,90.84451124196568,3.813241,0.3541024,-0.28276289,0.2652545,0.3008699727258894,0.23298769741014486,0.7403093581284081,0.6993736136549265,,
2005-03-05,74.4748860988,525.424190495358,90.8323890592605,3.9143233,0.3585366,-0.26778138,0.27882093,0.2514089067300136,0.24822978891892228,0.6884842222521252,0.7146162615778697,,
2005-03-06,82.3049280988,495.622270495358,90.80766410943036,3.8308449,0.3533356,-0.06845057,0.35786432,0.4868637192499232,0.31099735090671815,0.9351929699484745,0.777381199843731,,
2005-03-07,76.13614809879999,481.86318049535794,90.83390158582418,3.9432855,0.3559819,0.4855516,0.5243268,0.9573416579478993,0.4553828802251672,1.4281581458678356,0.9217616764042456,,
2005-03-08,105.6225020988,952.537030495358,91.14990207825768,3.7325015,0.383525,1.1676005,0.6508753,1.4236217005286513,0.587156060276616,1.9167247805853593,1.0535300985010472,,
2005-03-09,197.1698420988,646.407330495358,91.23630444080632,2.9501977,0.37723044,-0.11209303,0.4124471,0.6036581753999473,0.32811401478309576,1.0575698018605941,0.7944965857750848,,
2005-03-10,118.4068620988,636.070550495358,91.31309033789132,2.9901454,0.36195302,-0.572245,0.22910932,-0.013167331184107022,0.20133279174725138,0.4112621445743346,0.6677222882660035,,
2005-03-11,79.5270440988,583.429930495358,91.39112690599418,3.1893678,0.35675064,-0.42565,0.25285196,0.008000581240568823,0.22659814718107874,0.43344181085402117,0.6929873988247816,,
2005-03-12,54.9368420988,549.1850304953581,91.43350961374614,3.5525727,0.35521618,-0.09082496,0.3565477,0.2404935563659542,0.3257300889128335,0.6770471554529225,0.7921166847411927,,
2005-03-13,54.9368420988,542.4462504953581,91.4425417254248,3.3297453,0.35517475,0.4220573,0.502422,0.6894555550612514,0.45738574380442654,1.1474680029860382,0.9237673859533011,,
2005-03-14,54.9368420988,512.780910495358,91.62240271344378,3.2912288,0.35574925,0.26427227,0.43780416,0.5571844291028415,0.3969344051627532,1.008874769353041,0.8633174827942052,,
2005-03-15,54.9368420988,517.8101304953581,91.65527948846368,3.4221654,0.36072615,0.11336076,0.37633047,0.43073525126172335,0.34198834502713565,0.8763817530560081,0.8083728136610926,,
2005-03-16,54.9368420988,504.172480495358,91.65658642387348,3.3437448,0.36002254,0.22433496,0.4230315,0.5308412441923926,0.3831021045168716,0.9812724702535454,0.8494854704285559,,
2005-03-17,54.9368420988,502.889490495358,91.57032091196056,3.3465333,0.36028594,0.38200036,0.494942,0.6739587471715943,0.44760683341270885,1.1312305006524432,0.9139886427073176,,
2005-03-18,54.9368420988,483.06750049535793,91.50352184831584,3.4396954,0.36731738,0.70592964,0.5706619,0.9850806472299515,0.5137612957366061,1.4572229640165786,0.9801398019102814,,
2005-03-19,54.9368420988,497.566830495358,91.43786011632744,3.588303,0.39627033,1.4051404,0.7171173,1.6222178057172114,0.6470134076326367,2.1248131007351083,1.1133854948602377,,
2005-03-20,54.9368420988,547.3458804953581,91.38013842041504,3.4299803,0.39942515,1.7977977,1.1183447,1.946676195430814,1.0169883559643553,2.4647794923715005,1.4833573527607642,,
2005-03-21,54.9368420988,617.558530495358,91.3465194034092,3.066183,0.388146,1.9528915,0.9903036,2.0438374122702023,0.9099572536122922,2.566584683246807,1.3763253483802254,,
2005-03-22,54.9368420988,711.667990495358,91.3561571173465,3.5460653,0.44644138,2.6022453,0.6529518,2.669881860204008,0.6070033196713768,3.222551915765962,1.0733658612161499,,
2005-03-23,54.9368420988,787.7683904953581,91.39933987752318,3.5600462,0.4870953,2.2629142,1.1355569,2.3474755836586545,1.0620036008171256,2.8847357212924627,1.5283689462405163,,
2005-03-24,54.9368420988,770.684470495358,91.41830623768954,3.1488252,0.4666512,2.5239139,0.6866695,2.565495458743371,0.6417301916995185,3.113176201142569,1.1080936280515992,,
2005-03-25,54.9368420988,752.741830495358,91.55017912714474,3.2384968,0.47305426,2.652729,0.6858367,2.692571896763696,0.6399966513544482,3.246326458511193,1.1063590000473202,,
2005-03-26,38.7789474072,764.437000495358,91.68053194993044,3.518456,0.57672757,2.9202514,0.7333649,2.94913245092951,0.6985134899405658,3.5151497301577517,1.1648736989850748,,
2005-03-27,38.7789474072,873.9389304953581,91.8636339371641,3.5701308,0.58603144,2.8848991,0.895096,2.9140128054586794,0.8574273691344019,3.478351485683918,1.323787866620949,,
2005-03-28,38.7789474072,7329.141880495358,94.39595559296238,3.8259802,0.57595545,2.0706782,1.2496755,2.079916764709496,1.2431019037328663,2.6043885054016025,1.7094696662946747,,
2005-03-29,687.0634744711518,8763.108930495358,100.0,3.7218661,0.5016616,2.155846,0.9142725,2.269701729635562,0.848585564961179,2.8032445429036867,1.3149516045577314,,
2005-03-30,4381.92862200616,7059.361930495358,100.0,3.1456132,0.5131565,3.2942038,1.2495309,3.2372946844291546,0.7956259509411274,3.8170851333853624,1.2619838465392403,,
2005-03-31,3714.236092006161,9594.774703475252,100.0,3.094376,0.46573895,4.1724973,0.7011239,3.87161866629426,0.521900618755867,4.481727633255562,0.9882537564127767,,
2005-04-01,3729.201292006161,9093.975367553265,100.0,3.230278,0.44603443,4.136288,0.7726586,3.8728047629048965,0.5631001502742481,4.482970421229719,1.0294532794654878,,
2005-04-02,9010.81557200616,15830.67706755326,100.0,2.9800258,0.39712098,5.0853033,1.1858642,4.321650819961501,0.7693190704558517,4.953269785510138,1.2356691115473049,,
2005-04-03,12963.28797200616,17039.163767553262,100.0,2.499092,0.50292593,5.2471423,1.2362626,4.059780475949339,0.7349637564051037,4.678882934213185,1.2013155711893184,,
2005-04-04,5160.080972006161,10611.317467553265,100.0,2.4085307,0.4684626,5.607803,1.0154107,4.561066052604409,0.7001708663137344,5.204128247873347,1.166519354431808,,
2005-04-05,2878.175672006161,8221.021597553263,100.0,2.7980466,0.44465545,4.715587,0.69838214,4.218342299910565,0.5299773229974434,4.845023471343277,0.9963280544484288,,
2005-04-06,2053.921772006161,6336.526857553264,100.0,3.0130024,0.43088406,5.41185,0.7502623,4.824629257156397,0.5763375544129121,5.480288872657177,1.0426844087260152,,
2005-04-07,1689.2829847061612,5338.175267553263,100.0,3.2282457,0.46195564,6.070514,0.78404,5.38728057954309,0.6058339984330843,6.0698330049266245,1.072177630748783,,
2005-04-08,1531.3009720061611,4521.745067553264,100.0,3.3932214,0.5288356,6.499907,0.7962239,5.713976973144532,0.6096552146574337,6.4121443693864615,1.0759971423074617,,
2005-04-09,1235.3359720061612,3414.2669675532634,100.0,3.4969716,0.5744125,6.800097,0.83605295,5.9225017064961465,0.6326096321803549,6.630635872186142,1.0989505355935307,,
2005-04-10,1046.8955290328686,2694.574489916658,100.0,3.8370256,0.72412986,7.5910096,0.94128436,6.540612575310562,0.7075372805475498,7.278290327623583,1.1738754400994007,,
2005-04-11,969.4736841976,2070.163526067479,99.9177605661579,4.0489254,0.7948724,8.227466,0.9845797,6.894745797925009,0.7168785884810435,7.649349907735138,1.1832153728911128,,
2005-04-12,420.5838066849666,1882.5253686241924,100.0,4.0385594,0.8208444,7.1959753,0.81002,6.61938171494615,0.6788542387194895,7.360824362874918,1.1451920799974655,,
2005-04-13,969.4736841976,1344.2299866685198,99.71395507718762,4.1244693,0.7532942,9.805573,1.1635302,7.425112615256799,0.7460551680891823,8.20506644596712,1.2123901612901955,,
2005-04-14,54.9368420988,1205.0431482590982,99.77694507978336,4.3340816,0.84850895,8.164671,0.86830854,7.997652038497852,0.8312727757572039,8.804971296510985,1.297606196433781,,
2005-04-15,138.35150198623288,761.9413502619993,100.0,4.231657,0.7787602,9.140552,0.85115993,8.386182662726142,0.7302321877005716,9.21207235645189,1.196564754790055,,
2005-04-16,969.4736841976,1000.863330495358,99.48662274739912,4.540908,0.71264076,13.55786,1.4888908,9.121209126758789,0.8336358039838648,9.982230572903024,1.299967228535039,,
2005-04-17,38.7789474072,534.581160495358,99.6860830165194,4.872705,0.8805626,11.392438,1.0765967,10.951478792838111,1.0055468389367133,11.899980872557075,1.4718781036035724,,
2005-04-18,38.7789474072,496.814590495358,99.74673475979304,5.293167,1.0815688,12.299969,1.0428159,11.792650442257196,0.9704768354999397,12.781357651416954,1.436809311799288,,
2005-04-19,38.7789474072,475.586350495358,99.7958566062503,6.2690406,1.349919,13.314653,0.99698967,12.78347166680507,0.9274258144620627,13.8195367435453,1.3937607560197263,,
2005-04-20,38.7789474072,481.419660495358,99.8838798036304,7.504967,1.5993756,14.621946,1.011274,14.091400972195082,0.9434510741292391,15.189980598800288,1.4097909893352862,,
2005-04-21,38.7789474072,455.414930495358,99.9852264368924,6.6324625,1.5367999,16.01124,0.9389308,15.275295802554474,0.8736168148856425,16.430461555108838,1.3399629190848386,,
2005-04-22,71.63010346797425,475.9357000293793,100.0,6.3323655,1.458914,13.916649,0.908327,12.924506919874753,0.8122433871004738,13.967312999606818,1.2785787708571275,,
2005-04-23,1028.9259091976,991.483930495358,99.3918181230922,6.778647,1.3497128,17.9241,1.6183674,12.24810084212557,1.0503343390573512,13.25857702351973,1.51666780911683,,
2005-04-24,740.2778462839224,2595.2070089973845,100.0,6.461667,1.2641728,11.409582,1.0678027,10.311441365168264,0.8769107708110149,11.229351843703103,1.3432416557274163,,
2005-04-25,969.4736841976,1615.22745533645,99.90692227167632,5.882949,1.1105717,9.847356,1.2616633,8.360379971636412,0.8917121040782428,9.185036384930157,1.3580447225028136,,
2005-04-26,492.3349197328624,1390.5245578176805,100.0,6.381313,1.201222,9.657672,1.120714,8.800961162400673,0.885262827527119,9.646675850561492,1.351594673912766,,
2005-04-27,969.4736841976,1467.699141360898,99.96707617243042,6.754678,1.1867384,11.019694,1.419908,9.32312965708738,0.9767416205054854,10.19380221435052,1.443072839382322,,
2005-04-28,618.0601875197773,1797.2287182536786,100.0,6.6297626,1.204094,11.28146,1.1249495,10.091114085571242,0.891988123556428,10.998493673292472,1.3583189861554188,,
2005-04-29,973.4482789384982,1214.185930495358,100.0,6.5990725,1.1316515,11.532585,1.4872149,9.337282376223655,0.9669123133247092,10.208631385082859,1.4332435195345674,,
2005-04-30,466.2757748892922,1344.71804677202,100.0,6.5907454,1.1230526,10.347378,1.1564482,9.380159320152522,0.9060745552822483,10.253557700364025,1.3724057245147634,,
2005-05-01,791.0386923568856,1126.574828960646,100.0,6.8071814,1.0492928,10.915234,1.3824989,9.220612539152071,0.9203405400516222,10.08638512861514,1.3866718575235706,,
2005-05-02,703.3080660139293,947.3807797309375,100.0,6.9143867,1.0370095,10.976771,1.3778806,9.245913435813668,0.9058685391625894,10.112895321650372,1.3721998311843167,,
2005-05-03,668.2439252753722,850.2303767471591,100.0,6.7137995,0.9515362,10.900427,1.3636675,9.057993103514965,0.8708381323346482,9.915993039841311,1.337169630862404,,
2005-05-04,579.2979907437901,759.261880495358,100.0,6.7101307,0.8916697,10.252937,1.3219646,8.719691921028513,0.8433192364463431,9.561522217256746,1.3096512085420349,,
2005-05-05,284.3462981228693,730.6267630396736,100.0,7.002927,0.9878612,10.762747,1.139467,9.709427333686525,0.8656734266275499,10.598563599398556,1.3320043819739047,,
2005-05-06,515.68265476798,668.2019104953579,100.0,7.263853,1.1978511,13.160578,1.277599,10.5920514688384,0.8900668673576759,11.52337415111102,1.3563978610870637,,
2005-05-07,260.6658199596976,614.2175862530886,100.0,7.1247926,1.4376167,13.003407,1.1084486,11.25191173767911,0.8882851717397272,12.214773485182828,1.3546167762471513,,
2005-05-08,440.7259007017192,607.0122704953579,100.0,7.2725573,1.4982172,14.372173,1.1685688,11.385754789310742,0.924946037120746,12.355013777162867,1.3912778262681735,,
2005-05-09,246.0913890888684,553.6122211737836,100.0,8.09005,1.7200341,14.128224,1.0603408,12.270107486814245,0.9049763989010888,13.281635510598573,1.3713099229863746,,
2005-05-10,387.7894737036,571.7899804953579,99.98507911945131,9.291374,1.8992887,17.751669,1.1295801,14.332657378846264,1.020872383832558,15.442768236995626,1.4872134301955477,,
2005-05-11,103.4105262964,432.5982104953581,99.73432804179286,9.781344,2.3581824,18.646809,1.1216147,16.9364217276694,1.0131229580699204,18.17098362116935,1.4794804484909134,,
2005-05-12,119.36319394332791,419.3710551211937,99.47098526376598,8.882326,2.3278594,20.22345,1.0840882,17.710684394863428,0.9890264968536074,18.982253397170727,1.4553903726762178,,
2005-05-13,159.10246704221902,407.6988998454017,99.13467706279492,8.539346,2.2126656,18.295074,1.0342052,15.556618633245623,0.9691000874132764,16.725230655453036,1.4354478979828484,,
2005-05-14,130.69884018681444,444.142311703632,98.92817608846724,9.028321,2.5206087,17.086823,1.0673319,15.254600229371,1.0042422301091356,16.408776804271472,1.4705882123530374,,
2005-05-15,103.4105262964,650.011930495358,98.85237433706637,8.688173,2.379669,16.644468,1.0533601,15.55243203051513,0.9656940587335754,16.72084394742321,1.4320418432457378,,
2005-05-16,103.4105262964,480.43351049535806,98.81520695341408,7.9053097,2.094033,17.502834,1.0588309,15.80291959639784,0.9469481159029237,16.983303962706206,1.4132974947282975,,
2005-05-17,169.35857609362654,471.27816455834034,98.62772487668605,7.46692,1.9479347,16.764791,1.0529267,14.306808370907776,0.9301322368917846,15.415683734838092,1.3964731588747654,,
2005-05-18,173.2742915549133,468.1265972323041,98.4683512595768,7.3662224,1.9216442,15.526509,1.0284489,13.322009795205025,0.9126437705735168,14.383815153582272,1.3789805230732577,,
2005-05-19,186.3240272961665,493.8136604729529,98.29212420521948,7.4685,1.9673905,16.146496,1.0205387,13.769154975668858,0.9162478853463981,14.852332345182942,1.3825863935083749,,
2005-05-20,186.6055843743508,496.2847219716834,98.03394724401238,7.6553473,1.9682959,17.353182,1.043119,14.703166081439512,0.9294990395544883,15.830985989052193,1.3958419527061545,,
2005-05-21,195.9279325763424,503.5003883934701,97.754148682196,7.199153,1.6938454,17.661957,1.0809141,14.731055272275892,0.9113806701769741,15.860208187876122,1.3777237302006595,,
2005-05-22,199.9538230662344,526.2369093302666,97.47346272210562,6.641342,1.70863,16.025356,1.0828056,13.441504121082854,0.9148919107721356,14.509020899766144,1.3812291100621932,,
2005-05-23,201.9832911427571,524.5796887355211,97.21595746719768,6.5258884,1.645823,14.77327,1.1184043,12.48051149428241,0.9281050309772391,13.502096110393596,1.3944390995644953,,
2005-05-24,210.28068695988364,521.6363339216944,96.94231563035952,6.5170355,1.6307127,14.197028,1.1488057,11.990556538810909,0.9433203003933012,12.988722982877787,1.4096531793609817,,
2005-05-25,220.6264947057943,522.3142700920632,96.65868503338008,6.637168,1.55746,13.846554,1.1902447,11.705627352817327,0.9560983661626782,12.690175155775409,1.4224306795811583,,
2005-05-26,215.92833052549847,499.2076672230402,96.37396913006104,7.491123,1.829709,13.670265,1.1956029,11.804533616667799,1.0008876432510352,12.793808800943784,1.4672201424642337,,
2005-05-27,225.54516754895224,502.2524974821661,96.07060190489042,8.710341,2.3710647,15.420435,1.0963807,13.340970788809532,1.054696442406744,14.403682417866161,1.5210332647117037,,
2005-05-28,230.6098877167076,485.7973021806401,95.76142044149633,9.090316,2.5487049,18.497168,1.2204784,15.469122837462969,1.165345361858156,16.633552859721384,1.6316926320221872,,
2005-05-29,179.68886175817966,373.0074537342772,95.55852113519953,8.972116,2.4731598,20.310108,1.3445609,16.62397754002649,1.2124067462514683,17.843605669394133,1.6787618540639184,,
2005-05-30,249.46496838743155,480.7638596598039,95.26595354451972,8.363041,2.282926,20.661793,1.3710462,16.46022248167774,1.192917298107489,17.672023679024974,1.6592712017603728,,
2005-05-31,249.69319094474912,522.0149875041266,94.8979858325915,8.210789,2.1492739,20.986563,1.2633376,16.852845001827244,1.1017714558073204,18.08341221352468,1.5681282979592022,,
2005-06-01,415.6894294012785,662.9571651228744,94.41715688857882,8.169196,1.8207984,24.252853,1.5498976,18.054524538678667,1.1831418608058657,19.3425279245016,1.6495087921207952,2.9537525142290004,4857.046247485771
2005-06-02,541.7252981050844,662.83165481951,93.933346139989,7.8578296,1.4506696,28.03858,1.9393301,18.962692757841918,1.2507832498159133,20.294103480123102,1.717158901553536,3.0960493832916898,4853.95019810248
2005-06-03,428.8678241827179,677.04465481951,93.51776220622064,7.4162216,1.2622054,25.400661,1.5057713,18.42637757715273,1.043732365232181,19.732154267098704,1.510102753135596,3.2735367045578676,4850.676661397922
2005-06-04,441.5224054481548,693.47654481951,93.09818199240486,7.5606184,1.2364918,25.835796,1.5606368,18.72662631771008,1.0679887738799942,20.046753871105718,1.5343620681454622,3.3605430674957053,4847.3161183304255
2005-06-05,355.5592159356948,582.6255456057866,92.73734169863452,7.8654375,0.99843115,27.67659,1.6049844,20.168433658481455,1.066126429642169,21.55747467419413,1.532515116375015,3.413069271713071,4843.903049058713
2005-06-06,347.6358218326396,591.1305683815639,92.43618886489114,7.920101,0.82288694,29.830364,1.6644398,21.716745775079072,1.0914789378698764,23.179790817324914,1.5578868007416697,3.5030798816307533,4840.399969177082
2005-06-07,324.2912669588203,461.1372354802575,92.2212049254643,7.9014077,0.764871,32.397186,1.8184608,22.2832586080913,1.113373613901917,23.773381027227888,1.5797891779883821,67.956744135159,4772.443225041923
2005-06-08,253.86361510897476,449.8415193003297,91.91451118259629,7.818881,0.68958145,32.136646,1.7627587,23.363943767537815,1.153971776949884,24.905719243158533,1.620403049396488,10.349911867483979,4762.09331317444
2005-06-09,281.44570270974305,496.8355845998199,91.55947935527922,7.712903,0.6524827,32.37611,1.8108594,23.457286312782532,1.1798426936180793,25.00352324299042,1.646275385483527,9.056728120661063,4753.036585053778
2005-06-10,347.26786905489575,607.8703261789381,91.12645856082496,7.6312337,0.6341955,32.816856,1.8850169,23.659901331330456,1.221623165937296,25.21582256682014,1.6880589731508415,8.46386117787048,4744.572723875908
2005-06-11,398.4239339178908,622.8134562290103,90.6990287870661,7.587594,0.62319195,33.205383,1.9996641,23.210899670325293,1.243518231993779,24.745360161254325,1.709947198717357,35.562951584829925,4709.009772291079
2005-06-12,617.0932041947411,702.65052481951,90.21785929147596,7.4750047,0.65980077,36.148537,2.430269,22.741205126700695,1.3301819342895331,24.253215824014948,1.7966039918879535,101.0899764725997,4607.919795818479
2005-06-13,646.1701963970823,672.01344481951,89.78302907066279,7.6020026,0.66542464,36.88785,2.6381733,22.53200457112497,1.3839377339263474,24.034016196999026,1.8503567953953781,34.486527900837665,4573.433267917641
2005-06-14,496.14749140222705,679.8569331741462,89.30423733403873,7.5263853,0.62894344,33.010303,2.3172567,22.258828573549682,1.3656498736490734,23.747783320545075,1.83206509806236,34.51220372615063,4538.921064191491
2005-06-15,515.2655227366844,705.9581332806749,88.78856917587675,7.3073854,0.5756371,31.109554,2.1508627,21.0668099397778,1.2668581185468215,22.498790270790753,1.733257598066575,43.635487598478576,4495.285576593012
2005-06-16,535.0281814460907,742.59678481951,88.2641811199096,6.8148465,0.47817862,27.323648,2.4811192,18.735222824133956,1.4559427321067457,20.05576126115097,1.9223161111030418,57.835594441428974,4437.449982151583
2005-06-17,610.4271773660122,729.86982481951,87.79360204369438,6.837567,0.64711446,25.59774,2.0468023,17.053574493329,1.1529101266861546,18.29373588856078,1.6192685392575692,77.51829585421213,4359.931686297371
2005-06-18,592.4515164127512,720.8541229654161,87.32030663305316,7.050764,0.64793867,22.888485,2.1496396,15.743855810492676,1.2155711197545445,16.921417129734227,1.6819201161832247,106.07735442127418,4253.854331876097
2005-06-19,653.2600397281178,726.7231379729972,86.80421401794857,7.1128693,0.5889295,22.58226,2.142045,15.259319492386124,1.1619782283750337,16.413721631926723,1.6283242383855905,144.15400911874937,4109.700322757348
2005-06-20,584.2103289302117,605.8328607855728,86.33289391503884,7.273224,0.5642312,23.83945,2.2252076,15.706837680103794,1.1661915680753976,16.882629659252903,1.6325403268714243,170.94766715707073,3938.752655600277
2005-06-21,505.9847084842095,533.1546618251239,85.84658196974071,7.3772774,0.5543427,25.975409,2.292517,16.919481839871594,1.2068033266259857,18.153234064640916,1.6731606850060237,145.88232637235447,3792.870329227923
2005-06-22,456.2532793299713,535.4667167564636,85.33802715769508,7.1794357,0.4983713,26.11219,2.1792448,17.401937988851092,1.1987864794773393,18.65874996834779,1.6651477268656278,94.27389935130299,3698.59642987662
2005-06-23,413.75370972380847,520.9683543270892,84.83011662808222,7.0984025,0.48215127,24.73928,1.923927,16.930565063199595,1.0933356873122662,18.16484702815789,1.5596931320453353,60.79864314379161,3637.797786732828
2005-06-24,398.26428030852503,526.7203374589891,84.3073634112863,7.438684,0.52694374,24.794518,1.9525414,17.321735356849633,1.1347616208219469,18.574713924695644,1.6011222032618262,42.18568403005585,3595.6121027027725
2005-06-25,391.5113953456863,531.3996604887429,83.76737977233428,7.6896524,0.56500536,27.237074,2.0716949,18.94479242544045,1.2166955666591792,20.27534757302207,1.6830710374028,31.694331407081194,3563.917771295691
2005-06-26,382.1330601320254,534.4413762192174,83.22820634132037,7.845377,0.59315914,29.549139,2.1534207,20.50052858671466,1.279749565865953,21.905442604787158,1.7461421347685198,25.117843572856618,3538.7999277228346
2005-06-27,370.9752956750426,521.4229056847951,82.70393164464323,7.714645,0.5647572,30.480257,2.1231344,21.01645525100238,1.2625547705182116,22.44602880002076,1.7289536206832898,20.997141165411648,3517.802786557423
2005-06-28,320.0612315932279,456.38049211038685,82.2357859896916,7.5244026,0.5287699,30.033167,2.009392,20.754707738997922,1.201033941502244,22.171770651681598,1.6674295669323485,18.076759830154035,3499.726026727269
2005-06-29,264.11276251058183,493.73249547564455,81.83117066368169,7.388779,0.50028956,27.800255,1.7053343,20.68675616720118,1.1246145151765812,22.1005712270338,1.5910093162488268,15.780991166550946,3483.945035560718
2005-06-30,391.18924575773826,401.9151341129944,81.75105636336784,7.596187,0.57146627,33.351727,4.446693,20.648114883328464,2.2709752938162637,22.060083021880587,2.7373696284644367,13.735033024278975,3470.2100025364393
2005-07-01,369.0816076161278,473.1622215659022,81.41425862368934,7.5934315,0.53739697,31.840523,2.323101,21.215149062573868,1.3261660088405882,22.65421949658455,1.7925673592152715,12.22519720610836,3457.984805330331
2005-07-02,365.04933942565015,557.6153207567415,81.20673301737628,7.301551,0.47014076,29.717722,1.6691215,20.848835120156505,1.0257454680946265,22.270396999901205,1.4921422441568633,11.193044473960382,3446.7917608563703
2005-07-03,401.77540271482707,553.1606118601777,80.82013999422811,7.300783,0.47509494,29.039886,1.6547626,19.89347576578419,0.979165434831,21.269374734122472,1.44555100274334,10.188717091700383,3436.60304376467
2005-07-04,403.9111523992712,554.0563237967078,80.3765830120559,7.5508876,0.5199096,29.46238,1.7230066,20.223761076267817,1.0203549907989586,21.615446553423364,1.4867443155520812,9.188383674552725,3427.414660090117
2005-07-05,387.71098276110547,559.1802211069294,79.92799414712408,7.474185,0.50960183,29.776896,1.8087031,20.64490043882285,1.088307767550322,22.056714937915636,1.554702063475084,8.483621407601195,3418.931038682516
2005-07-06,382.7416467066516,509.88708817739246,79.53327230763892,7.457609,0.49517468,29.712723,1.8660133,20.170167744329763,1.0868442964143725,21.559291643418312,1.5532330030910817,7.873091536563497,3411.0579471459523
2005-07-07,230.33664126944464,676.3465269052019,79.51362199136788,7.1738257,0.44523907,22.877518,1.3647981,18.88810244642379,1.0243445280065986,20.21594800679341,1.4907194279635503,7.448141052799442,3403.6098060931527
2005-07-08,129.7988781299942,610.592490495358,79.63195754392711,7.041009,0.37489054,19.183296,1.1776258,17.0546176015507,0.9733960953339121,18.294828853789788,1.439754516186493,6.998878129994186,3396.6109279631582
2005-07-09,129.19793346644786,588.704450495358,79.65976413047193,7.5349345,0.4840734,19.215675,1.1606363,17.11354056418889,0.9557400500945167,18.356568132624016,1.4220989407529,6.397933466447873,3390.2129944967105
2005-07-10,261.4480837599916,469.1907508493152,79.51735159149574,7.925529,0.5547277,25.378578,1.5218,19.133267851448355,0.9972030906530595,20.47283148012214,1.4635804854915433,5.891473796444756,3384.321520700266
2005-07-11,345.0914925805649,561.7909279645446,79.1909212270427,7.7131095,0.5264358,29.33364,1.7909721,21.106485680633877,1.1274021254711457,22.540362376435013,1.5938021029173677,5.60042190088556,3378.7210987993803
2005-07-12,363.6129839896217,577.0426708760112,78.79301837434323,7.8864455,0.5635594,30.091824,1.7753571,21.50827471636072,1.110661676557036,22.96135555462249,1.5770667978075683,5.247612037199607,3373.4734867621805
2005-07-13,368.8652297509861,561.117190463781,78.41438915049376,7.8679824,0.55987614,30.997269,1.8513751,21.823343110425714,1.138911017820079,23.291483140916366,1.6053203017605335,4.984261515971372,3368.489225246209
2005-07-14,363.38080742775185,558.4302536999944,77.95544369863225,7.9607005,0.5816573,31.296852,1.8564943,22.09766806183556,1.1477939793666947,23.578919887270665,1.614206980113493,4.716523108831349,3363.7727021373776
2005-07-15,337.4082749243422,511.57693963189286,77.49165190558915,7.8660154,0.55096143,30.911705,1.8857692,21.75276298457496,1.1572215549328078,23.217529526316035,1.6236298965035636,4.533382347900503,3359.239319789477
2005-07-16,358.94665872105566,528.5945294573564,76.99295151095905,7.9305716,0.5686677,30.988913,1.8652958,21.66346991304896,1.1344739704657893,23.12396855120419,1.6008811279758606,4.320827579636552,3354.9184922098407
2005-07-17,383.02276696433233,563.7991610758025,76.45144061725085,7.686426,0.5275982,30.549316,1.8929788,21.300473279005057,1.1472307003358069,22.743621918894906,1.6136331382173015,4.199845391742247,3350.7186468180985
2005-07-18,377.3196063366275,545.6559193760385,75.92653303346337,7.9713,0.5890513,30.731379,1.8850085,21.426880663185603,1.1401233819610181,22.876071143937253,1.6065274462774528,3.9632057063390542,3346.7554411117594
2005-07-19,341.81044909578947,475.3950780379416,75.48035014166291,8.033445,0.5986956,31.56948,1.9603957,21.72512398703218,1.1675954671931235,23.188569479169896,1.6340034412860258,3.789699548438267,3342.965741563321
2005-07-20,320.1201058257404,445.6849392402862,75.01640725514916,7.998561,0.5859996,32.04794,1.900271,21.994872130925167,1.1327278888555754,23.471210662253068,1.5991394867500899,3.6489012415117004,3339.316840321809
2005-07-21,346.48339844697,483.6437470889812,74.50613323900453,7.9428873,0.57343256,31.839024,1.8995508,21.86511229961532,1.1322901171144482,23.335248754568404,1.5986999614299415,3.5288154253645043,3335.7880248964448
2005-07-22,351.04229472094954,491.8434392902833,73.986775805477,8.021434,0.5959938,31.523842,1.9157162,21.735635802706003,1.1450912649580682,23.199583723700083,1.61149937870926,3.3908697944359685,3332.3971551020086
2005-07-23,363.38652312162156,508.3926683963942,73.45178470271354,7.9665365,0.5725763,31.116388,1.7796749,21.466761170066885,1.064936526668634,22.917857802722768,1.5313411079029242,3.2886633787333057,3329.108491723275
2005-07-24,377.35559577314876,519.2385412847533,73.01592953397349,7.995322,0.58638567,30.856678,1.7988738,21.2348656699084,1.0706037528974068,22.674878490351823,1.5370053538322934,3.1769640244676567,3325.9315276988077
2005-07-25,370.2703180698765,504.84798333679504,72.51584694111499,8.142308,0.62909305,31.352139,1.9285333,21.53185339002567,1.1439514360615057,22.986061208288962,1.6103568649052973,3.0448284839571236,3322.8866992148505
2005-07-26,371.6499780470869,503.6752573249822,71.9020427832752,8.292676,0.6698349,32.822235,2.00917,22.407351877973078,1.1905741224201292,23.90340553121839,1.6569914224237252,2.91269885866353,3319.974000356187
2005-07-27,368.50392225057357,518.188171730794,71.22548453010113,8.031098,0.61086076,32.67734,2.0778947,22.434510481811124,1.2405875181904291,23.931862223482852,1.7070052004584675,2.8678063122386974,3317.106194043948
2005-07-28,364.97887790899074,501.36981033644616,70.54949453011707,8.079011,0.585713,30.865334,1.8236606,21.26581945298703,1.0838433495922601,22.707311758451397,1.550245344786833,2.7894814780807717,3314.3167125658674
2005-07-29,380.8118425093129,509.3605064274024,69.84937795735495,8.257511,0.64163667,30.448483,1.7988294,20.955281891892817,1.0652694156748919,22.381931563456426,1.531667505168912,2.6848230248902745,3311.631889540977
2005-07-30,386.613154026994,511.8319669211104,69.1375689920388,8.133319,0.60901606,30.29713,1.8489777,20.759740998544103,1.0854489302238381,22.177044483828748,1.5518446169251776,2.630098122794758,3309.0017914181826
2005-07-31,388.436529589333,517.037058738254,68.5689353152299,8.136558,0.63184536,29.915474,1.8289113,20.57259878653172,1.0789342285079186,21.980957513795822,1.545327656558429,2.5589489711702202,3306.4428424470125
2005-08-01,369.10561436616564,514.3704278899921,68.02125911278637,8.4202,0.673792,30.672403,1.8665708,21.37570182707303,1.1226074676432785,22.8224461344046,1.5890108712606044,2.4420600866346756,3304.000782360378
2005-08-02,390.8360739280238,520.6668319713322,67.43684610606013,8.463774,0.70674455,32.09404,2.0074348,21.961806214132835,1.1860499167257883,23.436564307668245,1.6524610659387693,2.3665176094015687,3301.6342647509764
2005-08-03,396.4765851081061,519.0476410589739,66.84007023923745,8.596568,0.74695385,33.072006,2.077867,22.472681984142078,1.2216314505174486,23.971858193142474,1.6880496714847038,2.286181858739608,3299.348082892237
2005-08-04,398.7007414606369,515.4447952855523,66.23466212697689,8.762274,0.7801255,33.923595,2.1329775,22.949590534551604,1.249891264784688,24.47156134203125,1.7163163565740804,2.8634366693132693,3296.484646222924
2005-08-05,403.32699479737556,525.4363735741724,65.62016539573357,8.539986,0.7216971,33.42944,2.1456702,22.620885955433913,1.253691848421754,24.127145807652127,1.7201121767202263,2.2054630893507086,3294.279183133573
2005-08-06,404.118240136713,525.1785441795072,65.00257194126694,8.568981,0.7334309,31.600843,1.9660023,21.585102710102046,1.1559297941729765,23.041855663841293,1.6223359200140142,2.121875729481776,3292.157307404091
2005-08-07,405.0284092413765,523.690086869921,64.38056281981798,8.781999,0.79531044,31.239584,1.9385909,21.445485863356645,1.1468485010175022,22.895565609077778,1.6132528062620837,2.047988336468659,3290.1093190676224
2005-08-08,384.08985157369045,504.1281255691869,63.78801956764506,8.693732,0.748889,29.866276,1.5985304,20.71068638307165,0.9633447041224692,22.125645225421525,1.4297397949031114,2.019840612296163,3288.089478455326
2005-08-09,370.59299610000323,491.7460953379521,63.20349065674542,9.0912075,0.78183246,29.582352,1.9702424,20.77621661462828,1.1726890797615168,22.19430757804267,1.6390849672275807,1.9262934817499284,3286.1631849735763
2005-08-10,390.54186078731794,514.7965429494665,62.589500635649365,9.051628,0.78518254,31.09969,2.0621274,21.58867031226538,1.2205135392112159,23.045593785192796,1.6869197118655963,1.8847067175585945,3284.278478256018
2005-08-11,398.61551451151104,519.301859276474,61.96567726622456,9.109276,0.81158876,32.19202,2.147452,22.168089747583128,1.2649868460841813,23.65270748887248,1.7314008148455202,1.8340344945631075,3282.4444437614547
2005-08-12,393.3739604763335,508.8781471670869,61.34831670251819,8.843881,0.7605861,31.50621,2.0249493,21.62563448601856,1.1892570210317572,23.08432472009567,1.6556636795788364,1.833190232352099,3280.6112535291027
2005-08-13,384.69708056361844,500.7573482785674,60.74395944668339,9.178714,0.8111834,30.224874,1.926456,21.081098923327495,1.1450668464835205,22.513762218909676,1.6114665051211867,1.7623763134455135,3278.848877215657
2005-08-14,395.47399445280445,512.115380786849,60.14103046131003,9.651721,0.8041322,31.040865,2.2085195,21.720735793384918,1.2945007117054976,23.183971544866587,1.7609086275349402,1.6689570189994551,3277.1799201966573
2005-08-15,315.8005585480186,417.2890761122844,59.65424727913224,9.765214,0.8230532,29.707973,2.1995666,21.11702594025218,1.3012706027769505,22.551406424432997,1.7676707128049078,1.6296458207590487,3275.5502743758984
2005-08-16,364.9569332394583,478.873254582426,59.06874538078094,9.585814,0.8116871,27.978987,1.8949223,20.023931518187016,1.1312183662355806,21.406065825549472,1.5976054031179028,1.6269642568958922,3273.9233101190025
2005-08-17,380.5478881322252,513.3096144633433,58.46834744475602,9.6435995,0.8546265,27.30331,1.61485,19.784924451949266,0.9961728420452582,21.155635038550344,1.4625572024701874,1.5924430718889844,3272.3308670471133
2005-08-18,395.88556103792655,530.7487697631485,57.84973155034125,9.532743,0.8321218,27.757158,1.6675637,19.971149874658217,1.0191471293366363,21.35076139988502,1.4855335695384155,1.5758700190243242,3270.754997028089
2005-08-19,399.14073409147693,526.7083213950721,57.22385114397406,9.229691,0.73722875,25.846886,1.6928624,18.68308352227634,1.014144982155537,20.001129878893845,1.4805178485426729,1.5846493373815873,3269.1703476907073
2005-08-20,383.30855426182535,502.8865825968872,56.62574427288821,9.503903,0.8267524,26.104698,1.5805004,18.92430823459766,0.9655429913711598,20.253884307878696,1.4319182554443801,1.5277283735195057,3267.642619317188
2005-08-21,393.24291620462174,514.0914296535723,56.00394185144556,9.681716,0.8442938,28.838112,2.015196,20.535640989108554,1.1990024896768505,21.94223325998974,1.6653954764120922,1.4774808846268386,3266.165138432561
2005-08-22,404.38885425264044,528.0233053125207,55.36970476049687,9.573703,0.86557966,27.984995,1.7907478,19.9999839340927,1.0813514223291818,21.38097362879617,1.5477381880965455,1.4666725078091627,3264.698465924752
2005-08-23,409.4180532056518,529.0226926295638,54.72909910253405,9.38601,0.83736503,24.939793,1.5017668,18.15406922507704,0.9220432549981978,19.44683050663333,1.388411096140024,1.4660792422786189,3263.232386682473
2005-08-24,410.4824209729867,530.6925821192872,54.08700024314752,9.38369,0.84488606,23.073902,1.3553133,17.103076885671463,0.8484094831720665,18.34560432604175,1.3147682901112971,1.4424112281022412,3261.789975454371
2005-08-25,414.97262790282446,527.1733548433259,53.42204282937036,9.566848,0.90438426,23.512192,1.3516159,17.369899451804027,0.8547807045902317,18.62518009874814,1.3211416854693323,1.4015817678464493,3260.3883936865245
2005-08-26,419.1815743575467,524.1641336906303,52.748615419873865,9.607989,0.8881911,23.369682,1.5234979,17.254587825777808,0.9340056823882595,18.50435697117094,1.4003657137749872,1.3755901092587781,3259.012803577266
2005-08-27,420.60771704527497,521.5880490327941,52.07622708609456,9.784719,0.9528251,23.891228,1.6380824,17.59390985444333,1.0016245743910872,18.859897432892343,1.467987443265557,1.337637460019964,3257.675166117246
2005-08-28,382.5977352966713,488.084191277764,51.48011285628344,9.717822,0.9159936,23.32219,1.8169756,17.344116347696662,1.0952016859007014,18.59816465039957,1.5615624531581926,1.323784844470962,3256.351381272775
2005-08-29,361.314361885514,473.443592781384,50.88828531298536,9.975713,0.97830987,23.591957,1.9583164,17.698338949631466,1.1886665628018838,18.96931788185747,1.655030331432446,1.2800746858479455,3255.071306586927
2005-08-30,431.9738707046844,409.674938946152,50.35778900745501,10.043425,0.98178124,25.765453,2.5188885,17.696166566104104,1.32558447000706,18.96704166582342,1.7919482197934562,1.2553311994831673,3253.8159753874443
2005-08-31,361.7823957233098,481.11110622100927,49.8923433674471,10.395133,1.0104429,24.112541,1.9669107,18.224826104103443,1.2035411371275782,19.520969322606902,1.6699096318687157,0.0,3252.611158659755
2005-09-01,327.7656858281655,498.12582431030114,49.437092308817455,10.571398,1.0071151,22.832264,1.61232,17.966381251120065,1.0513840268008054,19.250171689100455,1.5177501619551224,,
2005-09-02,362.7795173893638,518.9599459542426,48.889138710144266,10.574688,1.0141369,23.868164,1.7227898,18.39874702244181,1.0964663037296003,19.703203066322928,1.5628364293531356,,
2005-09-03,382.5077837629461,526.0524872058143,48.29683794024267,10.560788,1.0367321,23.500555,1.7336249,18.05285749839446,1.09455096686238,19.3407812053903,1.5609178830372232,,
2005-09-04,389.880430070286,530.2397027710064,47.68676125933833,10.553216,1.0533491,22.692642,1.6554325,17.54883049541185,1.0532287531978326,18.81266343459524,1.5195912375242921,,
2005-09-05,395.48035231522505,531.7965431110454,47.06549197445139,10.551682,1.0485421,22.354797,1.6710875,17.32081014915512,1.057577021144504,18.573744495235996,1.523937595956538,,
2005-09-06,399.5630883669683,533.1486595045069,46.43651736623799,10.589632,1.0061551,22.215986,1.6642972,17.235388539616473,1.044420444156345,18.48424002476057,1.510780318930045,,
2005-09-07,380.1107565335739,500.2850449805607,45.833862525998256,10.653356,1.0122695,22.4885,1.6793735,17.378678500732963,1.0496222374012463,18.6343787562062,1.5159832911911837,,
2005-09-08,361.2311803176533,532.3943649787436,45.23525543397126,10.703495,0.97377867,21.91584,1.537325,17.383462259401693,0.9968958275586283,18.639391162186833,1.4632569211152342,,
2005-09-09,367.8890792003644,524.5461457410846,44.63595927819054,10.67447,1.0022957,21.87442,1.5810639,17.257458332024708,1.0170130627965692,18.507364677804105,1.483373117634905,,
2005-09-10,368.737391324134,525.2632527840723,44.03824096701081,10.684063,1.0539576,21.285633,1.5480804,16.912934544695354,1.008107052903481,18.14637383113606,1.4744643603373961,,
2005-09-11,367.93704229677377,526.7296400181766,43.49013510632768,10.6966095,1.0285983,20.807007,1.4910547,16.64904525444383,0.9744553750574061,17.869871534870924,1.440810669909805,,
2005-09-12,371.6930164803095,524.3621446527736,42.92946777332365,10.795254,0.96586764,21.292421,1.616713,16.938086859924812,1.0274221479515755,18.172728341054597,1.4937796513694508,,
2005-09-13,372.7757888470557,524.7434071096058,42.31794868866098,10.900027,0.9019806,22.115105,1.6861672,17.457032353634215,1.0546164359166483,18.716477655436883,1.5209781443464299,,
2005-09-14,372.0290707521969,524.563512914196,41.7081629776057,10.885621,0.9524009,23.033848,1.8225986,17.993104011766892,1.1372088059206162,19.27817170635901,1.603575181511757,,
2005-09-15,362.8495154808733,518.3492359242359,41.12190254344009,10.932962,0.8925564,22.824554,1.8378121,17.927976460285908,1.1418255909076307,19.209931280544634,1.6081913819466798,,
2005-09-16,306.3054143530157,446.1501886664988,40.63740061450369,10.982479,0.9301671,22.01255,1.6976247,17.522490696485125,1.0754287943299963,18.785064683317916,1.5417910550412552,,
2005-09-17,334.30826989450424,485.1505454016867,40.06001988362892,10.96211,0.9591361,21.332342,1.6770519,17.10167863160174,1.067199927456203,18.344139240207188,1.5335587232175851,,
2005-09-18,353.4372585234202,507.8966959583581,39.46376424168116,10.949291,1.0122188,20.575403,1.5327728,16.62545254425011,0.9946887284491697,17.84515117377759,1.4610438472473006,,
2005-09-19,368.4735298330676,522.971070303325,38.85212553929966,10.960933,0.9796649,20.421396,1.478725,16.510967735356218,0.9573588528672338,17.725194382365313,1.4237131263921088,,
2005-09-20,381.0855173927874,513.8013047032481,38.24248060151342,10.993675,0.93849194,21.056347,1.6084882,16.77118105809608,1.006284142748245,17.99784501243739,1.472640359183557,,
2005-09-21,385.91991907723,510.2923251301802,37.63134657714692,11.023843,1.0258367,20.988602,1.5821972,16.69765502239012,1.0033562989961706,17.920804683560867,1.4697119585927878,,
2005-09-22,382.6312127008644,516.540307130534,37.01373512361904,11.061876,0.9924707,20.529642,1.5199709,16.50075258533388,0.9699406774378231,17.714490983090652,1.4362948762697765,,
2005-09-23,386.5493819763676,513.483038395171,36.39824138322937,11.004254,1.0892061,20.208744,1.5400923,16.255564444113254,0.9954170006803396,17.45758368685341,1.4617694425102743,,
2005-09-24,390.8589452588175,509.82404600331694,35.78189772925022,11.067135,1.245974,18.242743,1.3550968,15.128827346200314,0.9384612769549681,16.27699240721832,1.404806528576068,,
2005-09-25,392.7549340479175,508.2724956912157,35.16566915270884,11.312242,1.2992322,17.849102,1.3687166,14.9997057461137,0.9575308972039617,16.141699236027673,1.4238754175698527,,
2005-09-26,366.2464845486738,458.6357020611841,34.65903530128248,11.691314,1.2571357,17.229927,1.2926173,14.770790848833355,0.9099864501170831,15.901842989163757,1.3763297209356666,,
2005-09-27,307.9552323746777,453.16924213764753,34.22193205006408,11.682651,1.544096,16.856153,1.2203088,14.762925182008217,0.958232304626593,15.893601370351815,1.4245755335749275,,
2005-09-28,323.4811058877476,503.5694272351535,33.712327168588594,12.13314,1.4422044,16.469004,1.1716951,14.773133779187717,0.9094783495404404,15.90429790358015,1.375821632844508,,
2005-09-29,331.6535158126447,497.6252144553257,33.1942955902353,12.434678,1.4928511,15.7648325,1.159497,14.433003545856717,0.9168210744475526,15.547910607772968,1.3831626108967414,,
2005-09-30,333.9892245343509,491.2445449556728,32.67463243868332,13.253678,1.4131786,14.522373,1.1752064,14.008906065646531,0.9036177481684543,15.103542717713447,1.369957291861163,,
2005-10-01,343.0034872080498,497.0547348057572,32.1548423260812,14.308454,1.2707881,14.283083,1.119292,14.29344201013948,0.8413314595571303,15.40167850771569,1.3076723175237301,,
2005-10-02,344.3675368539313,500.325115661063,31.625201696307297,15.331638,1.4284065,15.463602,1.0207299,15.409802587057845,0.8394359403094444,16.57139730412303,1.305782849070401,,
2005-10-03,356.6690846020384,489.9526377476274,31.08684966260625,15.782971,1.4801934,16.88488,1.0496899,16.42066239800015,0.8705615778359264,17.630572758576978,1.3369151951860478,,
2005-10-04,363.8000661406496,482.92230756804526,30.54458293881363,16.067255,1.5144398,17.575716,1.1211822,16.927595420854356,0.9123070025334504,18.161735447059765,1.3786644241152843,,
2005-10-05,355.1244874253133,493.4257156998144,29.99912342095106,16.345797,1.5903544,17.82695,1.1428471,17.20707646842357,0.9405457649715318,18.454574733344618,1.4069054095662357,,
2005-10-06,351.833717934782,497.5654990240165,29.567190592113626,16.515985,1.6337476,18.304197,1.1928488,17.56349352758912,0.9727328622228147,18.828027309587515,1.4390954713767867,,
2005-10-07,358.1372806952996,479.8655614252672,29.27486714311766,15.621609,1.2729383,18.354073,1.2617803,17.18629948116916,0.9044375393904375,18.43280467712203,1.370797015650047,,
2005-10-08,671.605889506,25.679930495358057,29.41182853548982,15.377574,1.4910042,23.801361,229.41524,15.687808682024013,8.570178012569341,16.862691140112286,9.036526649821267,,
2005-10-09,361.353049506,25.852,29.669027785751226,15.974756,1.0082543,21.1441,28.973753,16.319890892171227,2.1511547333256744,17.52498471923959,2.617507629462169,,
2005-10-10,198.490269506,166.64936,29.815103326503746,16.444536,1.3217758,16.158216,2.1328218,16.31386017082291,1.2098806196028824,17.518665750025814,1.6762334729462833,,
2005-10-11,176.36284950599998,163.31776049535807,29.900707989513315,16.255003,1.1846576,16.501013,1.6070292,16.37328400996221,0.9875814713077191,17.58092984554574,1.4539347481280085,,
2005-10-12,819.286249506,25.67993049535805,30.018073112293003,15.308431,1.5317712,19.655497,1525.5773,15.440545250322629,46.3886179219703,16.603609361603333,46.85496501752567,,
2005-10-13,1050.594389506,25.852,30.375487890245108,15.62555,1.0787555,21.914948,938.12616,15.776596805259112,22.55467992065721,16.955723032131004,23.021029128568113,,
2005-10-14,689.1391420988,29.0835,30.758824734453423,15.452306,1.0420142,20.622616,126.770355,15.661670832770513,5.229861875247591,16.835303991012236,5.696210346224059,,
2005-10-15,632.4334420987999,29.0835,31.30844117113823,15.852349,0.9678312,21.114285,113.3261,16.083689529218418,5.0675554520121855,17.277493738551605,5.533906703186672,,
2005-10-16,408.2826420988,29.0835,31.74987840197141,15.381814,1.1067685,18.025223,18.357462,15.557592536620174,1.5992461038455454,16.72625110807977,2.0655939204795644,,
2005-10-17,339.8741020988,29.0835,32.06854198599165,15.521417,1.0730581,15.97435,4.396873,15.557119644327718,1.0474744178894146,16.725755613152234,1.5138222315786218,,
2005-10-18,274.5821420988,29.0835,32.33230272779662,15.524626,1.0346473,14.837664,3.0069888,15.458832154321483,0.9788779687693618,16.622770317102677,1.4452251759498536,,
2005-10-19,238.1484220988,84.01146,32.54714861066743,15.662967,1.1162326,13.282642,1.488308,15.04223604080787,0.9118658292434334,16.186262333425685,1.3782105883654838,,
2005-10-20,212.5312820988,107.01894049535808,32.719323197822455,15.124857,1.0970643,11.308409,1.0130777,13.846709680630966,0.8046777153811461,14.933593899934742,1.2710165513232239,,
2005-10-21,182.5752770988,131.48170049535807,32.86313311413109,14.995336,1.0867867,9.721909,1.1006489,12.787586029873065,0.7819833440058007,13.823847759103696,1.2483182981413916,,
2005-10-22,485.3223720988,28.91143049535805,33.03443453514191,14.013124,1.3617747,9.518229,7.8695493,13.760410873886132,1.359238165575875,14.84317030522522,1.8255766372129831,,
2005-10-23,890.1971420988,2082.2945,34.38147772208796,13.3927145,0.99467015,6.9637146,0.9546152,8.889061422189714,0.7320735354302086,9.738987001612777,1.198405254072752,,
2005-10-24,66.40921540720001,923.990460495358,35.4253105586595,12.554698,0.9789818,7.3978224,0.6507559,7.7436060788781,0.6106592615726766,8.538782808434078,1.0769933337346713,,
2005-10-25,1198.5283474071998,2009.3763304953584,36.86990776304712,12.099704,1.1393948,7.376821,1.2953705,9.14137124533586,0.9162885377235342,10.003356371827325,1.382619939642006,,
2005-10-26,412.2403074072,3260.5245304953582,38.70107978457163,11.530154,0.7806637,7.6305857,0.76571536,8.068282994407653,0.6853937361821628,8.87897817067343,1.1517269888444277,,
2005-10-27,108.0481474072,2119.7752304953583,40.06838127318079,10.68189,0.78765005,7.500634,0.71332,7.654923240473202,0.679798560590495,8.445861233500544,1.1461328775559978,,
2005-10-28,38.7789474072,1547.080630495358,41.15885517558305,10.19752,0.7743844,6.676739,0.6445435,6.762832704008487,0.629067601599469,7.5111318188517595,1.095404881480386,,
2005-10-29,38.7789474072,1268.0393304953582,42.07995035280244,9.980336,0.7948884,6.5397363,0.63206035,6.6418337434755985,0.6137578099811791,7.384349521619654,1.0800955618393204,,
2005-10-30,38.7789474072,947.530990495358,42.896309835142006,10.339442,0.81269825,6.7150545,0.6275276,6.85755529823102,0.6037011631235545,7.6103818292851395,1.0700380852080638,,
2005-10-31,38.7789474072,707.3756304953581,43.629776423019706,10.597371,0.7719205,7.2090874,0.631666,7.38518235326871,0.6001795524245104,8.163227653950772,1.0665146692829683,,
2005-11-01,38.7789474072,555.949230495358,44.293335659004384,10.858932,0.7118967,8.193209,0.63425016,8.367025792632116,0.5947085397985791,9.191999853451854,1.0610411449283177,,
2005-11-02,38.7789474072,792.2054904953579,45.106330019768,10.003402,0.79670453,9.348377,0.70741713,9.378944781858433,0.6754286521861521,10.252285111291169,1.1417598224371546,,
2005-11-03,38.7789474072,489.994030495358,45.79335543652252,10.194417,0.77422917,7.851559,0.6790138,8.023378760845947,0.6317732423085483,8.831927668244917,1.098106601126689,,
2005-11-04,38.7789474072,423.208390495358,46.38964114585801,10.663192,0.70828027,7.714278,0.72610825,7.961808304794974,0.6678108270879979,8.767414354862783,1.134144335210879,,
2005-11-05,38.7789474072,378.616530495358,46.92435613358087,10.832917,0.7547801,9.525405,0.68571556,9.646881929156821,0.6259481783875379,10.533028738333101,1.0922791648217756,,
2005-11-06,38.7789474072,426.0642604953581,47.42150472687042,10.780277,0.74234474,11.149778,0.6499342,11.1189532103828,0.598924604134302,12.075459994777743,1.0652560455087992,,
2005-11-07,38.7789474072,631.7253304953581,48.04732204992932,9.923886,0.7241187,10.923061,0.7183541,10.865273585098445,0.6781022375695801,11.809655350565212,1.1444334237848897,,
2005-11-08,38.7789474072,515.3889604953581,48.55145341454073,10.05343,0.7191229,9.1085,0.6962242,9.174622796155303,0.6494570966774129,10.038197233111196,1.1157884622855465,,
2005-11-09,38.7789474072,538.681170495358,49.01089539717116,9.683301,0.8217984,8.509349,0.67394286,8.588184836408386,0.6311022676114114,9.423729543526258,1.0974344591290273,,
2005-11-10,38.7789474072,1399.250230495358,49.95050288048572,9.3766365,0.7604158,8.671068,0.6832049,8.690095063128474,0.6650972750783836,9.530510730720884,1.1314292948320295,,
2005-11-11,38.7789474072,870.461030495358,50.69273398947208,8.694931,0.78044146,6.9002423,0.6528187,6.976785530069386,0.6258618175597896,7.735310858637221,1.0921983038631298,,
2005-11-12,38.7789474072,720.947980495358,51.33880187844727,9.127927,0.7902187,5.9501176,0.6660414,6.112323365937064,0.6333301841172375,6.829530358075453,1.0996701984002688,,
2005-11-13,38.779571669965925,628.6944973952887,51.9247123619155,9.633063,0.71966976,6.100373,0.68679357,6.30561855551305,0.648241417914315,7.032064396966621,1.114580569145669,,
2005-11-14,38.77945348844223,586.6639669517904,52.453103985298746,9.324486,0.7267735,6.996861,0.6663909,7.14118101799763,0.6266947681017243,7.907563888930572,1.0930306802113192,,
2005-11-15,38.7789474072,1069.297830495358,53.10705374626911,9.331639,0.74082655,7.6007724,0.6222622,7.661346880874853,0.6010445400578706,8.452591901955277,1.067378838989128,,
2005-11-16,521.0110974071999,2073.531130495358,54.18672917955959,9.815654,0.80853754,7.9565024,0.7242666,8.329839391471086,0.6011668547607301,9.15303606943068,1.0674995349306062,,
2005-11-17,38.7789474072,3272.3024304953583,56.5095174928799,7.8008404,0.7803716,8.179957,0.7401983,8.175517221502076,0.7315862881015782,8.991337827261098,1.1979192965866374,,
2005-11-18,38.7789474072,1966.294000495358,58.069024544448666,6.993336,0.7404878,5.1693892,0.6006534,5.204665142983746,0.5892106048617173,5.878489174739386,1.0555552432307125,,
2005-11-19,38.7789474072,1420.788409495358,59.33973818743937,7.126011,0.7073589,4.143745,0.5651821,4.222980161258577,0.5504867877871236,4.849883006609988,1.0168374879839093,,
2005-11-20,38.7789474072,1216.4433304953582,60.08986090645395,7.723337,0.70542544,4.252134,0.59839493,4.359373507045911,0.5803174218360094,4.992795488088628,1.0466672138875972,,
2005-11-21,38.7789474072,961.302130495358,60.65045648243215,8.239848,0.6771389,4.457294,0.6848519,4.603965563883672,0.6588196199034257,5.249078209147115,1.1251678366781037,,
2005-11-22,38.7789474072,1467.2575304953582,61.22663087032191,6.9506636,0.7413266,4.8592553,0.59521246,4.913107004605252,0.5802004208851963,5.572995553988037,1.0465467445437984,,
2005-11-23,38.7789474072,1390.307730495358,61.74208818857151,5.777497,0.72931015,3.3262434,0.57855886,3.3927593290328164,0.5632071965561777,3.979980456571777,1.0295638834762688,,
2005-11-24,38.7789474072,1120.322230495358,62.11172805568803,5.486804,0.7886621,1.7069297,0.48566264,1.8333893495381421,0.47015525991785856,2.346077922496869,0.9365253220814523,,
2005-11-25,38.7789474072,938.615230495358,62.418198698798165,4.9735794,0.78769976,0.42948994,0.42327493,0.6097805646100649,0.40768081159911945,1.063984820346615,0.8740633160311979,,
2005-11-26,38.7789474072,820.369190495358,62.77856600618986,5.103394,0.7352441,0.10966694,0.38989565,0.33506634973777527,0.3737733057441219,0.7761402050669951,0.8401588389309149,,
2005-11-27,38.7789474072,783.979530495358,63.10378524857944,6.059216,0.648327,0.105516076,0.52949226,0.3861308899132728,0.5054602904075028,0.8296454557074833,0.9718452540730147,,
2005-11-28,38.7789474072,1149.346830495358,63.602294920531975,7.301299,0.6012898,2.254355,0.638822,2.4190809323331064,0.6182832121097075,2.959763560862914,1.0846479245329124,,
2005-11-29,38.7789474072,1749.380630495358,64.54046429155524,8.15523,0.84180385,4.946034,0.76869524,5.015630219666969,0.7522464733612745,5.680419028271626,1.2185921933238688,,
2005-11-30,491.2529774072,7326.030930495358,68.10061604139742,7.3854628,0.7400532,6.6283574,0.7334319,6.675935349523706,0.6889131675853275,7.420081067866352,1.1552507847296682,,
2005-12-01,38.7789474072,5013.742930495358,70.66455692394597,6.5405087,0.6230477,5.4104548,0.67840344,5.419128102809919,0.6732135553319254,6.103202730940296,1.1395570161010264,,
2005-12-02,38.7789474072,3989.031040495358,72.57292800503161,5.6575365,0.6188363,4.077328,0.62225074,4.092542133968755,0.6162886281413423,4.713210487495803,1.0826402167331959,,
2005-12-03,38.7789474072,2824.972930495358,74.02252907566792,4.98327,0.6264703,2.9812646,0.62683135,3.0083743661880673,0.6184014243602914,3.5772232064573117,1.0847611500398964,,
2005-12-04,38.7789474072,2102.091630495358,75.19317330199912,4.8621535,0.6297519,1.887211,0.46549386,1.941097987780415,0.4572043995959684,2.4589346654635613,0.9235734485071947,,
2005-12-05,38.7789474072,1807.531630495358,76.18264563700326,4.7644014,0.61609536,1.4648128,0.47204918,1.5341156006362997,0.4623156377271552,2.032499911413651,0.9286885849001072,,
2005-12-06,38.7789474072,1553.795530495358,77.033114147556,4.702451,0.5982207,0.87026304,0.40386826,0.9635762422417757,0.3943032836923059,1.4346907219790992,0.8606820146134431,,
2005-12-07,38.7789474072,1331.4007304953582,77.76475534358417,4.272653,0.6200041,0.4599235,0.35661408,0.5678317187773244,0.34696516261726595,1.0200309630780253,0.8133481239578568,,
2005-12-08,38.7789474072,947.804830495358,78.08462687559113,4.093491,0.6321816,0.19965518,0.35662135,0.35270741572453823,0.34350383322214706,0.794624453704958,0.8098891693215788,,
2005-12-09,54.9368420988,904.211290495358,78.36457247419484,4.225149,0.63987553,0.04717815,0.36088294,0.28647855092293334,0.3421811423116343,0.7252300755578851,0.8085672201647383,,
2005-12-10,54.9368420988,831.7636004953581,78.60966251816994,4.1758065,0.5966994,-0.011745453,0.41489336,0.247700545557798,0.3909399650429097,0.6845986140922764,0.8573264795319289,,
2005-12-11,54.9368420988,773.597980495358,78.8086113142658,4.374115,0.5517293,-0.14643723,0.43696448,0.15330257393968044,0.4096279436500591,0.585688742114136,0.8760155282364168,,
2005-12-12,54.9368420988,727.191060495358,78.96939160461456,4.095324,0.5759765,-0.15113783,0.44669634,0.1471346204270408,0.4172860974282025,0.5792259815076866,0.8836737522892137,,
2005-12-13,68.8904840988,695.405830495358,78.95312149847885,3.2242923,0.6595829,-0.19350708,0.37461755,0.11455911253659881,0.345997114765554,0.5450934756938844,0.812385141497523,,
2005-12-14,88.1978020988,621.803830495358,78.93918495707854,2.9496946,0.6852584,-0.2951573,0.4045677,0.10792459056485945,0.36439367629385505,0.5381418462508747,0.8307817789119949,,
2005-12-15,54.9368420988,644.184330495358,78.94695764962681,3.1194887,0.6744442,-0.17819566,0.39518335,0.08093591255521956,0.3679664919463125,0.5098632016885546,0.8343549037817878,,
2005-12-16,152.0250420988,1093.885230495358,78.96283348252214,4.015217,0.58722097,-0.30411923,0.47077546,0.22292293439614075,0.41949637946680207,0.6586367178151185,0.8858831738491602,,
2005-12-17,235.1363420988,832.374900495358,79.04994150774915,4.0425425,0.5342909,-0.5834063,1.0321623,0.4355325194946132,0.8133711082273092,0.881408314311789,1.2797555237553415,,
2005-12-18,214.6412920988,788.898730495358,79.12016880944688,3.990377,0.52119875,-0.46810567,0.9511925,0.4854930362530013,0.7560114175624172,0.9337567729897451,1.2223952815898056,,
2005-12-19,184.4877620988,714.0166804953581,79.16146825343739,3.5723662,0.5569603,-0.39784324,0.76700854,0.4173503479924595,0.6201558654487037,0.8623570971644764,1.0865404823931315,,
2005-12-20,183.8621820988,658.494630495358,79.16979265182876,3.2604756,0.58400524,-0.5037576,0.6947859,0.31786588412091005,0.5578922148389395,0.7581176159904941,1.0242779405332798,,
2005-12-21,166.3487320988,630.7816304953581,79.18033664099863,3.584218,0.5308799,-0.6121074,0.7897753,0.26360057595675823,0.6347050067051253,0.7012586115927719,1.1010913419536599,,
2005-12-22,143.8920270988,618.079370495358,79.19376622778958,3.703545,0.5118873,-0.46798933,0.8455286,0.31977061607830165,0.6926360849006454,0.7601133876244485,1.159021789260577,,
2005-12-23,135.0434720988,612.389530495358,79.2066341568389,4.2909007,0.44974205,-0.63286316,1.1729829,0.2567445556104019,0.9644817295813286,0.6940748969099929,1.4308681420820921,,
2005-12-24,142.7240220988,617.020590495358,79.21784972123534,4.5768175,0.44096243,-0.5181556,1.5671885,0.43897533399876537,1.2754726480524619,0.885015683580567,1.7418570254846375,,
2005-12-25,407.5945920988,932.772670495358,79.40127534757407,4.510187,0.60338604,-0.92053497,2.403294,0.7309026845916403,1.682507095050182,1.190896163628055,2.148888291507214,,
2005-12-26,436.1241920988,2632.246430495358,80.47079983023589,4.610458,0.5169249,2.8252387,0.64888376,3.0789816105472516,0.561482355083576,3.651205235738075,1.0278415099088931,,
2005-12-27,161.2291420988,2301.982530495358,81.09898151151432,4.4356813,0.45034444,2.4698687,0.60125434,2.5985406275309466,0.5626719921801795,3.1478008160389317,1.0290351439188932,,
2005-12-28,170.2815080988,1955.296730495358,81.52490725729541,4.683952,0.45959836,1.8770995,0.52315944,2.1019583504909805,0.48265516554324933,2.62748360363805,0.9490227258862651,,
2005-12-29,422.2841620988,2302.2779424953583,82.1398310654818,4.9235287,0.62531173,2.6941433,0.62656844,3.03967923807395,0.5382530636514207,3.6100243442089885,1.0046125355299804,,
2005-12-30,54.9368420988,4526.226490495358,84.09960507106378,4.4513874,0.46762595,3.026699,0.64506394,3.043783783001521,0.6373530609661807,3.6143250723534126,1.1037124996506653,,
2005-12-31,54.9368420988,3279.8357104953584,85.73913503144432,4.243209,0.47720444,1.417824,0.52313,1.4643692497881056,0.5145720566239219,1.9594199234108864,0.9809456908693918,,
2006-01-01,387.7894737036,2481.360230495358,86.74815135797739,4.156297,0.5560349,1.8582817,0.6049924,2.168877658480561,0.528592335471006,2.697601425797322,0.9949592852718748,,
2006-01-02,387.7894737036,2134.630730495358,87.50432807373089,4.55182,0.7052907,2.092766,0.6177848,2.470813748408878,0.5339339941112866,3.0139690287073226,1.0002982528581847,,
2006-01-03,1303.9612136550245,3505.2703528071147,87.14870129185597,4.4953837,0.7744418,0.9838953,1.0375656,1.9359901763572835,0.7848535615709331,2.453582718114584,1.2512226582334725,,
2006-01-04,387.7894737036,1898.901430495358,87.68181349682786,4.6358156,0.6366666,1.946681,0.7741092,2.4027190855390814,0.6518356892466237,2.94261967372231,1.1182005457937794,,
2006-01-05,1208.379255385258,2751.248682693258,87.17594800948987,4.6387415,0.6654704,0.3759551,1.3433996,1.6768507249293725,0.9552647644150212,2.182057286732319,1.421636322841699,,
2006-01-06,985.9923086425044,2371.4497721460457,86.82139898657752,4.4304953,0.67067784,0.22575164,1.2448078,1.4605740934408418,0.9010312960504671,1.9554433715633164,1.3674049678416598,,
2006-01-07,621.1193724716202,1744.0092689040926,86.75729083782328,4.331372,0.6457738,0.29233062,0.8096378,1.353045320281099,0.6206343553454717,1.842775090615261,1.0870090977695674,,
2006-01-08,387.7894737036,1370.7109579828712,86.84958658984321,4.49768,0.59072584,0.7769578,0.67388904,1.5974620000245492,0.5411932726565943,2.098874052153825,1.0075656006233262,,
2006-01-09,387.7894737036,1155.4878797809592,86.9122156861675,4.6566124,0.5676267,1.1479881,0.8199278,2.0296232410919877,0.6302506281585213,2.551691123274987,1.0966188542143325,,
2006-01-10,405.4661587036,1017.507660495358,86.97585020976055,4.6245737,0.5797482,1.6675327,0.9180147,2.5101202616310925,0.676900091900215,3.055154258898965,1.1432640079905922,,
2006-01-11,533.9026737035999,1201.508937690693,87.14848551923284,4.6798353,0.69402266,1.6754546,0.9178046,2.5997580380569447,0.6703536441959831,3.149076414626563,1.1367167854731615,,
2006-01-12,820.3403737036,2385.5574945688213,88.02848687587083,4.7062736,0.5781488,3.7990117,0.676237,4.031166178341916,0.5244945815260366,4.64890097099321,0.990846594872727,,
2006-01-13,530.5916621907094,3078.938996436093,88.95307309302386,4.774031,0.541636,4.9410405,0.6821784,4.916490573281431,0.5873216531497825,5.576540845680786,1.0536679566928153,,
2006-01-14,2394.9369671275704,4731.608836468031,90.18167989018016,4.4966273,0.7859663,3.4107447,0.92905974,3.7756648689286076,0.6710127835464755,4.381187572377479,1.1373666113957384,,
2006-01-15,1176.572568286855,6254.258015029758,92.08698626815227,4.0659437,0.7046459,2.215999,0.65244967,2.5089128920894277,0.5603625308387197,3.053889181220395,1.0267264574281008,,
2006-01-16,1684.9196215376453,5172.681615029758,92.57699394889262,4.0653605,0.6681505,0.9124484,0.48972496,1.6871221363222835,0.40423493425450957,2.1928196364787476,0.870606393643679,,
2006-01-17,1810.339429502601,4345.222615029758,92.39318197658704,4.205529,0.6821486,0.50142056,0.7430819,1.590792072498806,0.5615986970336165,2.0918853248923583,1.0279710899822487,,
2006-01-18,3543.591036063824,6873.723615029759,95.00665432344424,4.4071016,0.7485254,1.2701964,0.75894755,2.3372573356166084,0.5617951070579705,2.8740290759233402,1.0281605432899923,,
2006-01-19,2442.376533309495,7126.375215029758,97.25179448927148,4.401567,0.7723037,2.7665339,0.68564093,3.183867967347232,0.5473632212710553,3.76110480185702,1.0137215386228202,,
2006-01-20,2712.9159479352,6500.790215029758,97.03919263354624,4.360814,0.7570678,2.9789872,0.68719304,3.3858571677819187,0.53364168345005,3.9727483956069443,0.9999984234454815,,
2006-01-21,2795.9386879352,5698.953615029758,96.21257677573116,4.3755803,0.7446649,3.988543,0.851031,4.115929286240101,0.6213141094343484,4.737715465700739,1.0876655373079918,,
2006-01-22,2385.060304835289,4491.681615029758,95.31606286472892,4.3741307,0.68969464,3.676907,0.8099644,3.9187251360278936,0.5806099629317348,4.531085631217052,1.0469627656068785,,
2006-01-23,1851.8140663527809,3828.543415029758,94.7397661099258,4.4342594,0.6807569,2.7889652,0.71799934,3.3253362077333555,0.5323908661102409,3.9093347405486125,0.9987480738250774,,
2006-01-24,1627.2470179011025,3371.183215029758,94.2395437004222,4.335043,0.6574788,2.203325,0.80427736,2.897309237661995,0.5831462623347935,3.460849544444842,1.0495068975047832,,
2006-01-25,1515.601641573467,3136.5728150297577,93.71550597882626,4.352785,0.6652092,2.2060013,0.77180856,2.905388014821015,0.5636895273449174,3.4693144595361454,1.0300500958836736,,
2006-01-26,1015.0157508481888,2805.688415029758,93.5666323750206,4.285711,0.60900056,1.6352782,0.6450232,2.339397336300841,0.5005337837266521,2.876271361325053,0.9668992009308002,,
2006-01-27,667.3667199366579,2529.3542150297576,93.63999261751746,4.1388392,0.59710044,1.1209967,0.46441948,1.7510197004137413,0.3880319973800978,2.2597712857108814,0.8544028433750745,,
2006-01-28,716.4912170892366,2399.9379150297577,93.6118895401057,4.349462,0.57478833,1.4189819,0.5456666,2.092722008005189,0.44050272148317965,2.6178057955542955,0.9068703664966686,,
2006-01-29,821.8172293410786,2500.3915150297576,93.47935677382053,4.369989,0.586254,2.6655374,0.69207096,3.0871687980876987,0.5406846928595354,3.6597837428564546,1.0070437818609148,,
2006-01-30,908.1452433638344,2815.108916054134,93.464472477731,4.3650737,0.5424545,3.976388,0.73319745,4.071192967397047,0.5699328520019737,4.690840903740442,1.0362845878529807,,
2006-01-31,982.8634507397308,4479.037007550526,93.88303028469696,4.3683524,0.6370162,4.2381134,0.6657734,4.2615497811208005,0.5578721564725407,4.890296122457976,1.0242225977044834,,
2006-02-01,1165.6966633722743,3946.223403762238,94.09853071169162,4.223383,0.6149687,3.4535208,0.6806326,3.629076291526616,0.5438167198266528,4.2275925620636565,1.0101716224124013,,
2006-02-02,1262.085508634429,3414.0548373420293,93.98135961803617,4.256575,0.61155915,3.1755438,0.72218466,3.4673130361304016,0.5524996016908829,4.058097576019529,1.0188557187900096,,
2006-02-03,2315.7914608609285,5336.475137041883,94.43581825037184,4.349212,0.63822114,3.390749,0.71512234,3.680806942468473,0.5348012207351404,4.2817957612881505,1.0011557412438687,,
2006-02-04,1983.5247708924949,5209.13308782749,94.83256934871424,4.3826103,0.6944178,3.847138,0.69566065,3.9948055602776953,0.5389848306471798,4.610802439678074,1.0053370976611136,,
2006-02-05,2368.727037651125,5893.148943817208,95.39908501679682,4.337768,0.69614345,3.6574345,0.6998255,3.8524899969593536,0.5376036813852789,4.461684678914532,1.0039569557937416,,
2006-02-06,1876.2599585146936,4757.567315029758,95.4447243830366,4.327212,0.65759516,3.1007237,0.6936673,3.4476140741457098,0.5311065447899039,4.037457070989501,0.9974628118321698,,
2006-02-07,1580.7195297062092,4007.2299150297576,95.2752079173103,4.2974353,0.621846,2.490322,0.7774798,3.0015184131191135,0.5846378653344844,3.5700395622675654,1.050997646747622,,
2006-02-08,1355.8482816109902,3385.5584150297577,95.05273371709626,4.264699,0.5893431,1.6851481,0.76471525,2.42279410302093,0.5714535479519667,2.9636542084167767,1.0378182277101866,,
2006-02-09,1231.3769204904834,2961.9887150297577,94.65105142234783,4.235956,0.57081014,0.79049385,0.6906296,1.8022498391304882,0.5158206154217295,2.3134500499368205,0.9821909729974929,,
2006-02-10,1103.385895416165,2568.6248437822765,94.39793668803657,4.2179675,0.59168065,0.5729139,0.6803364,1.6681995592691408,0.5080310580725016,2.1729926249260587,0.9744027000077856,,
2006-02-11,937.8675364708764,2086.085626690957,94.10258270786068,4.2289515,0.5819558,0.8440672,0.7003566,1.893876148290933,0.5157566748930017,2.409455783466265,0.9821261664033041,,
2006-02-12,768.6892051608351,1729.8622817899836,93.85490814106944,4.108409,0.5272642,0.66497713,0.66792077,1.7243624863773046,0.4900584810623695,2.2318399479666304,0.9564295823896651,,
2006-02-13,589.3385458474822,1436.5314706544837,93.85978429177186,4.0029087,0.5266695,0.25436807,0.5528414,1.3448425156716648,0.42089257817586334,1.8341802199853805,0.8872674028156688,,
2006-02-14,550.2536999836217,1191.6726717007225,93.89367771081318,4.0813656,0.47394866,0.59567916,0.6464123,1.696765800849779,0.46687429628073485,2.2029242352054395,0.9332456627949702,,
2006-02-15,548.5178802329259,1135.2062315838043,93.8812995726452,4.0985117,0.4612477,1.7600172,0.7854203,2.5218439063691243,0.5504553384456023,3.0674382537802,1.0168191526765777,,
2006-02-16,541.3701735402537,1198.5778429288634,93.71813650162554,4.204943,0.4196115,3.3618746,0.74195814,3.624188275853714,0.5275158381914261,4.222470915950435,0.99387077703778,,
2006-02-17,517.4938647034862,1312.2825497373217,93.503306292909,4.150957,0.46139213,3.3608098,0.7169927,3.584277751924407,0.5305128393118747,4.180652805404608,0.996868075247493,,
2006-02-18,459.1789763109802,1189.6040080937723,93.2893718912511,3.7120643,0.4079333,1.5365784,0.53100526,2.142441877780785,0.3996118323977116,2.6699021051462926,0.8659790227750419,,
2006-02-19,415.0454104902771,1097.3181801818798,92.97960945609354,3.5469856,0.38162747,-0.31316042,0.3286943,0.7461985269990327,0.26047231920186037,1.2069230950162992,0.7268533516748916,,
2006-02-20,387.7894737036,1012.9540926042248,92.72075326691376,3.668284,0.36370832,-0.5494875,0.340803,0.6181833248398301,0.2662289919797097,1.0727892037919637,0.732611405130468,,
2006-02-21,387.7894737036,900.2794247294017,92.64700951833706,3.7757354,0.335876,-0.15821743,0.49908575,1.0261489426720114,0.3631904871728867,1.500254183595824,0.8295685656015661,,
2006-02-22,387.7894737036,811.4836909335068,92.6341981894996,3.9182062,0.3234301,0.51978874,0.71863556,1.6186797721305208,0.49738138914753327,2.1211059612371366,0.9637535107380077,,
2006-02-23,387.7894737036,734.2191205435147,92.6196877384051,3.940112,0.31737018,1.248807,0.8989491,2.1789779139076217,0.598392970903328,2.7081844389078005,1.0647598289987157,,
2006-02-24,387.7894737036,711.490151528857,92.5781042256596,3.7059479,0.328978,1.106642,0.8330892,2.0235911001853584,0.5515504842848123,2.5453706666528633,1.0179187661257627,,
2006-02-25,387.7894737036,681.1164818978865,92.46605495533836,3.708394,0.32014376,0.67987084,0.7182916,1.7785918438733945,0.47220834078547164,2.2886612833772486,0.9385789235394892,,
2006-02-26,387.7894737036,659.2128754546927,92.33495656276004,3.446886,0.33354312,0.05202782,0.6005974,1.3094178280346829,0.39781566015623004,1.7970623533725876,0.864190840736957,,
2006-02-27,394.8267407036,684.9684403506975,92.1869486005084,3.4043636,0.33114994,-0.708539,0.45455647,0.795342442857364,0.3127397382666264,1.2584159220625863,0.7791202456869823,,
2006-02-28,396.3748467036,636.0690004953581,91.91542416017111,3.471529,0.32499838,-0.5859573,0.51906437,0.9717889391262945,0.3432654826844245,1.443295957700998,0.8096441277103767,,
2006-03-01,67.1325430988,439.7813904953581,91.80139750856785,3.842741,0.3078,0.7391647,0.49164516,1.1501831415419705,0.42847811143679065,1.630216793182069,0.8948549097006364,,
2006-03-02,87.3989720988,529.300650495358,91.72978039434446,3.8548274,0.3275101,0.90265465,0.44716412,1.3210380145368241,0.386588265133649,1.8092379450679108,0.8529633287986746,,
2006-03-03,66.0700270988,451.960730495358,91.58127142876076,3.9444928,0.31249747,0.5961855,0.3813548,1.023231103677852,0.335095216437763,1.4971968818718775,0.8014733251934224,,
2006-03-04,54.9368420988,391.7450504953581,91.39332171522994,4.1034913,0.30434403,0.43319702,0.37087733,0.8846018823581826,0.32741026216487457,1.3519416576534142,0.7937898230018159,,
2006-03-05,54.9368420988,440.4670904953581,91.20254275999328,4.2705073,0.30749774,0.73341966,0.43072793,1.1256580192718246,0.38447832577538027,1.6045194539023468,0.8508553757693049,,
2006-03-06,63.1991230988,468.725910495358,91.18962293655768,4.29944,0.31189552,1.084475,0.46006882,1.46645172424046,0.4070971907686079,1.9616019330234806,0.8734708044190238,,
2006-03-07,58.2759710988,453.223650495358,91.20751061685031,4.295789,0.31647012,1.2713383,0.44378796,1.6159188240399296,0.3948760582257648,2.118213049265644,0.8612482066416739,,
2006-03-08,65.2745580988,407.366350495358,91.08259927679396,4.2822003,0.30982965,1.4147706,0.46739483,1.8107799314365598,0.40511090660993776,2.3223878514964604,0.8714811831527401,,
2006-03-09,78.4486900988,402.2712604953581,90.96532375565876,4.391969,0.29548138,2.08319,0.61923766,2.4599596549518346,0.5204229630139928,3.0025961466858946,0.9867873166932981,,
2006-03-10,54.9368420988,697.5299104953581,91.00246328282388,4.3986897,0.30572137,4.4370246,0.8186304,4.434225804700346,0.7591911844654882,5.071225469701166,1.2255404871711935,,
2006-03-11,54.9368420988,598.441431495358,91.14565046809804,4.2028823,0.3376932,5.681836,0.82042366,5.557483885786063,0.7519776856257513,6.248171447397115,1.2183204146079325,,
2006-03-12,54.9368420988,575.262630495358,91.14815066899254,4.0707617,0.3859086,6.5179377,1.0351588,6.304608188793525,0.9455187294234119,7.031005738171668,1.4118578850548944,,
2006-03-13,124.8840320988,832.557188995358,91.175978119008,4.2691903,0.46779743,6.9958615,1.1675069,6.640207638954519,1.017054908764118,7.382645694861027,1.4833926670791897,,
2006-03-14,54.9368420988,4117.379930495358,92.35166879036026,3.9023285,0.40974033,5.748778,0.7236119,5.724465690827746,0.7141044819915371,6.423134411921045,1.1804463569350117,,
2006-03-15,54.9368420988,2103.506450495358,93.14529645230812,3.4532208,0.36173537,4.4978566,0.78543717,4.4712684778771665,0.7655015292192235,5.1100386560317945,1.2318505921290903,,
2006-03-16,54.9368420988,1729.394000495358,93.72549840892684,3.3702145,0.3599967,3.8726945,0.76735663,3.8572238938332193,0.7438134650987394,4.466644839876952,1.210166705625436,,
2006-03-17,54.9368420988,1377.452940495358,94.1529783697253,3.4033494,0.37015924,3.3256464,0.7022195,3.3286265651001763,0.6754362836160334,3.912782365750043,1.1417934657945843,,
2006-03-18,54.9368420988,1023.967540495358,94.41493894703368,3.2193794,0.37484768,2.8001022,0.69595736,2.821451451869426,0.6607955504967241,3.381366015798257,1.127156814958721,,
2006-03-19,54.9368420988,872.120796495358,94.58283122758134,2.9968443,0.38013947,2.351225,0.7084827,2.389483891116616,0.6668790261166563,2.9287518822486995,1.1332439994704993,,
2006-03-20,96.33111369207688,740.9962466540051,94.6375877593377,3.0576885,0.37563616,2.0571873,0.5507864,2.1722909152658967,0.489332648405353,2.701177824589362,0.9556995672024351,,
2006-03-21,147.8757195392174,699.284018299946,94.67356153705822,3.4013505,0.393916,2.6736155,0.57387626,2.8006450325154213,0.478667826936822,3.3595651207223174,0.9450292651522217,,
2006-03-22,224.1143446682632,627.704966797621,94.6756984067716,3.0043635,0.39508367,2.7979693,0.784058,2.852271819817696,0.5870477690756896,3.413659491980297,1.0534087770680707,,
2006-03-23,253.0799285229772,608.7840072031687,94.59881222770368,3.350265,0.39511278,3.2432346,0.78378034,3.2746633121252757,0.5656555941278859,3.8562398537470948,1.032013196675875,,
2006-03-24,236.12017699829104,604.9133048414014,94.52939448171172,3.3464084,0.3992246,3.8586392,1.0073402,3.714830406212692,0.7331475310825932,4.31744543029595,1.1995018019660006,,
2006-03-25,231.2342516642815,628.9796331851178,94.48268402919972,3.371182,0.39202422,4.242684,0.9488995,4.008415296323816,0.7017827436456457,4.625062674584645,1.1681349155351803,,
2006-03-26,172.56961486970323,631.9655460006325,94.5349154527791,3.329145,0.3873127,4.3884187,0.8981214,4.161208644682858,0.7103526562011402,4.785159022697315,1.1767037746896118,,
2006-03-27,216.1262346886888,598.6014960374599,94.45252428408314,3.6476488,0.4525806,4.9915833,0.7907436,4.635072208721389,0.5932548869187015,5.2816716452753285,1.0596029082573502,,
2006-03-28,263.7729576893402,601.4559037812197,94.2633449155476,3.7982187,0.5360363,5.880146,1.115432,5.24545138576242,0.7924155447883978,5.921224860502084,1.2587599551525166,,
2006-03-29,265.7152502646081,597.7937307487562,94.04161980764394,4.0870357,0.5844285,7.4843054,1.3463311,6.438912229815044,0.9492352411609533,7.171729053258618,1.4155738221381586,,
2006-03-30,269.0504969295262,594.915615053384,93.82896893087594,4.358998,0.60908157,9.193082,1.2317657,7.687684024193948,0.8691272605728858,8.480187870696005,1.335461486056557,,
2006-03-31,264.65893042615266,607.213463558508,93.64577572781776,4.6957846,0.6363875,11.277973,1.1765668,9.279934232176629,0.84187995658061,10.148542195785208,1.3082112155349197,,
2006-04-01,175.2097888472448,656.7524919265331,93.64659195519953,4.6493034,0.59246457,9.698906,0.86323076,8.635468563430186,0.6927647025692131,9.473273271068365,1.1590968129156125,,
2006-04-02,169.92176372356013,644.3746638946998,93.66843041483928,4.5823336,0.5732243,9.244701,0.7828049,8.271790616940104,0.6308978494572147,9.092212761906925,1.0972306499278957,,
2006-04-03,229.05469235384487,636.9740859998841,93.54507975483868,4.4417667,0.58291817,8.860028,1.1503987,7.6914486996524785,0.8600630071854335,8.484132484772553,1.3263972222351907,,
2006-04-04,38.7789474072,792.592270495358,93.77360859622124,4.1421695,0.6025106,6.486087,0.77930194,6.376755843247956,0.7434830810600329,7.106601803884602,1.209821925424805,,
2006-04-05,38.7789474072,748.920330495358,94.22537913660462,3.984655,0.6111249,5.738398,0.7684768,5.652060158936228,0.7312633407939838,6.347268143111042,1.1976055821440788,,
2006-04-06,84.76840751632074,710.5044398485032,94.58388276063212,4.2763157,0.6071738,5.7063274,0.87321126,5.553901992022824,0.7828152561370207,6.244418351356084,1.2491580037883825,,
2006-04-07,38.7789474072,884.8832904953581,94.9260272980532,4.533517,0.6413384,5.8457994,0.9386027,5.790704700021432,0.8995995325980148,6.492539419327464,1.3659410775920995,,
2006-04-08,38.7789474072,1061.967434895358,95.44546738761628,4.3316565,0.5945365,6.0055704,0.6492201,5.9465989516842,0.626698390987564,6.655884883321872,1.0930391792448468,,
2006-04-09,38.7789474072,855.4968304953579,95.7680195172437,4.411248,0.58516073,6.4246755,0.7537341,6.337366167366806,0.721495892718706,7.0653294361432035,1.1878349062845177,,
2006-04-10,38.7789474072,736.4193004953581,96.14087004951554,4.532335,0.5915367,7.1648793,0.9544003,7.033187453980674,0.907139609537142,7.794408601711138,1.373475895358896,,
2006-04-11,38.7789474072,670.8679704953581,96.53090923620084,4.8673334,0.638803,8.090634,1.2534822,7.914495742094795,1.1854992102457569,8.71784041339544,1.6518328360448833,,
2006-04-12,70.03199881768252,609.7168608466114,96.86210942310883,5.2872047,0.65889233,10.181326,1.2181054,9.677102796656923,1.0947153072378966,10.56469405999484,1.5610462780923375,,
2006-04-13,90.80477853091828,585.3988643225663,97.03469154232666,5.599841,0.695555,12.053511,1.166786,11.186872279344675,1.014412066325907,12.146625363066272,1.4807435885071656,,
2006-04-14,38.7789474072,773.3012304953581,97.30448573383576,5.378545,0.6851326,11.027248,0.83479637,10.757508048030509,0.7956056467656998,11.696738989203489,1.2619367468627463,,
2006-04-15,38.7789474072,867.684860495358,97.76131166571518,6.104423,0.70984954,10.578361,0.8446908,10.386963409708809,0.8091245928934565,11.308483583813493,1.2754554982374535,,
2006-04-16,38.7789474072,650.164290495358,97.98468098068794,5.9508677,0.71871024,11.561434,0.82438517,11.245628603431575,0.7790336132624673,12.20819003859608,1.2453652096056498,,
2006-04-17,157.97831575810238,608.3738367726742,98.03926033155204,5.827772,0.6688137,11.088058,0.83431214,10.00368600366956,0.676522026623175,10.906886827933837,1.1428528957539157,,
2006-04-18,156.14423550185467,584.9149668629852,98.06091981042228,6.453167,0.70319474,11.265955,1.1040578,10.251880654443568,0.8839345953519518,11.16694433460387,1.3502654687592701,,
2006-04-19,175.7135751754053,573.288216441297,98.00714911991972,6.804845,0.73297495,13.238075,1.0259625,11.728858688138702,0.8038808951769689,12.7145168695128,1.2702132512299595,,
2006-04-20,219.011923031874,568.3347970426705,97.90921417550554,6.9887257,0.80675614,15.496895,1.0539991,13.130224035861083,0.7932200644267762,14.182862690528513,1.2595561339779149,,
2006-04-21,244.97710620399505,553.9655258687208,97.75886596654234,7.0536737,0.8810057,16.611134,0.978581,13.680561644331815,0.7303202168098337,14.759504555449142,1.1966583589552233,,
2006-04-22,325.9174974072,731.516890495358,97.93671955360507,6.2462516,1.0018401,13.297644,0.9096073,11.12429646783773,0.7009316444224458,12.081058641674007,1.167263091962872,,
2006-04-23,1027.109258820285,6058.114870495358,100.0,6.776552,1.0226436,10.788625,0.8892314,10.20701480994589,0.7746417733662706,11.119934056105423,1.2409726407834445,,
2006-04-24,2716.7233130267346,6157.446730495359,100.0,6.9399767,0.9408808,8.961464,1.0866568,8.342609266417025,0.8071350822561374,9.1664163007474,1.2734677364787887,,
2006-04-25,2025.9178149535296,4679.769930495359,100.0,6.648638,1.0302658,8.861813,1.1038587,8.193169722164903,0.8308681547018708,9.009834057113554,1.2972011242521329,,
2006-04-26,1508.8983563286895,3361.935620495358,100.0,7.224446,1.1605119,8.956543,1.0557148,8.419969857573296,0.8125324503816502,9.247474463716989,1.2788649514020958,,
2006-04-27,1315.7710303902672,2182.068930495358,100.0,7.616935,1.4217466,8.970663,1.2346406,8.46143552091281,0.9376828060273059,9.290922044020853,1.404015227748393,,
2006-04-28,1074.1957720061612,1661.8988304953582,100.0,7.8966827,1.4934332,10.359931,1.2271551,9.392855198689386,0.9483436093901323,10.266860398496261,1.414674768077136,,
2006-04-29,708.160618451613,1478.3940052869798,100.0,8.38663,1.5882174,11.104941,1.1710956,10.224560426596598,0.9442193403042642,11.138318293255344,1.4105502097898592,,
2006-04-30,641.130001803768,1468.8031606929962,100.0,9.129738,1.7371808,12.366625,1.2352719,11.38305559355062,1.0090100900844712,12.352185569072152,1.4753418753058491,,
2006-05-01,543.3999755553656,1183.0745328788937,100.0,9.406053,1.8179281,13.571101,1.2559354,12.260171142511334,1.0334837411397,13.271224243003676,1.4998172407629007,,
2006-05-02,401.3152045796484,948.3161881045291,100.0,9.582552,1.9132931,14.115801,1.1934432,12.76783153782884,1.013346972997225,13.80314906986711,1.479681866918488,,
2006-05-03,352.87330457964833,850.0216081045293,100.0,9.890496,1.9738775,14.235222,1.1480064,12.960681861907062,0.9966913080461186,14.005216980210418,1.4630268088909637,,
2006-05-04,216.58728823643955,612.9171306038812,100.0,10.570041,2.1543972,15.368181,1.1133641,14.115365425055696,0.9965946706911409,15.215090470589255,1.4629346952793265,,
2006-05-05,127.5036682492199,555.047650495358,100.0,10.898942,2.290659,16.6179,1.0735716,15.549573511656455,0.9722516160716796,16.717848801134448,1.4385993828039405,,
2006-05-06,142.11343260265298,538.391370495358,100.0,10.074362,2.4809384,16.691324,1.0551283,15.309468822473528,0.9824935343996005,16.466267928565397,1.4488398410464653,,
2006-05-07,125.22238959881888,508.0348304953581,100.0,9.693185,2.2349892,15.958456,0.9945734,14.71954046988711,0.9121255209650256,15.84814301729454,1.3784685202408284,,
2006-05-08,163.27713069490326,502.6058283503845,100.0,10.899482,2.2427313,16.22181,1.0108525,14.91675364189939,0.9405153262875806,16.0547823047895,1.4068593869300414,,
2006-05-09,158.8932768101582,489.8733642321399,100.0,11.001122,2.3138516,16.578695,1.0501369,15.212658934764649,0.9746303786892334,16.36483085915208,1.4409761152828706,,
2006-05-10,181.7818617279769,471.48370199567097,99.97297885966628,11.118024,2.3434813,16.816597,1.0944773,15.230875515517257,1.024317061341847,16.383918130194395,1.490662904382905,,
2006-05-11,237.9334407067896,554.8603801783516,100.0,11.542068,2.5252995,16.28056,1.0811408,14.858442365718417,1.0709573899331362,15.993683948934205,1.5373011321228824,,
2006-05-12,582.9321720061611,1144.6088675532633,100.0,12.214944,2.2123194,17.332321,1.2188193,15.605540856025307,1.0997339592670126,16.776491193249335,1.5660820758141525,,
2006-05-13,458.5138190061611,910.4269375532632,100.0,12.121395,2.0833366,17.841646,1.2161961,15.925701945340974,1.068242895114163,17.111954888218357,1.5345930816366782,,
2006-05-14,460.6946820061611,751.6922875532632,100.0,12.101679,2.1304333,18.951147,1.3077555,16.348419016635468,1.1457712147687449,17.55487639053471,1.612124313900273,,
2006-05-15,333.5241667845974,625.1722044622314,100.0,11.350104,2.2156322,17.132881,1.2100706,15.121091110230092,1.1030908975681524,16.26888640561372,1.569436104839583,,
2006-05-16,376.492436036834,687.2215955224873,100.0,11.648992,2.1178162,15.775461,1.2135153,14.314932755601905,1.0846813033290985,15.424196437348781,1.5510222643225682,,
2006-05-17,381.2996708972963,790.9823506308239,100.0,12.230865,1.9598799,15.420912,1.1693588,14.383308251898862,1.0143531437877618,15.495840048638792,1.4806944360879415,,
2006-05-18,344.8439698985743,755.0049203795415,100.0,13.00483,1.9431767,16.580484,1.1671017,15.45938244476862,1.0065148798341867,16.623346909552115,1.4728620903796348,,
2006-05-19,401.3568797730951,818.8133067237724,100.0,12.444751,1.9132651,17.089996,1.1556187,15.562011732801574,0.998730004471632,16.73088152673237,1.465077848637391,,
2006-05-20,415.9465863979353,856.9656055051828,100.0,12.133419,1.820236,15.271547,1.155014,14.246108363966892,0.9789947801668383,15.352082475058028,1.4453354130783493,,
2006-05-21,409.2730277730951,915.3553367237724,100.0,11.929949,1.8110892,13.360006,1.0971012,12.91815864961094,0.9422752403377459,13.96066130372487,1.4086106037011965,,
2006-05-22,608.9911818985743,974.2186203795416,100.0,12.049522,1.6744927,13.390421,1.2768979,12.874636227708114,1.0159938267358892,13.915058658829047,1.482329051529026,,
2006-05-23,490.3752246488938,816.735492816721,100.0,11.784722,1.6428672,12.684523,1.2881429,12.346953845475229,1.0137601372945813,13.362154862517414,1.4800938543801911,,
2006-05-24,445.9909705234146,752.769889160952,100.0,12.907247,1.5760537,13.065706,1.2901148,13.006752393744721,1.0000694839275854,14.053489525985682,1.4664051360567623,,
2006-05-25,404.95600052341456,709.9000091609518,100.0,13.700068,1.6494366,15.529778,1.2970129,14.865161061765816,1.020322791562868,16.000723775685955,1.4866665702469026,,
2006-05-26,265.9508738191045,553.0598576776085,100.0,14.466691,1.8248756,17.292597,1.2111138,16.374962788667144,1.0099542707818383,17.582688864134152,1.4763075596243982,,
2006-05-27,204.1368282236591,471.2808631167045,100.0,14.835386,2.3400168,19.98249,1.2791809,18.426840528721847,1.1387982064839304,19.732639346170302,1.605168598789296,,
2006-05-28,152.05770309690183,385.6801097122177,100.0,14.037921,2.9670627,22.554068,1.3312488,20.14593177023553,1.2710574617250203,21.533897272608908,1.7374458899735776,,
2006-05-29,130.0932215136922,331.8830702147823,99.97407257009472,13.143915,3.1565099,24.866016,1.4914135,21.5650549818591,1.3921438595562403,23.020849722718065,1.8585497226057264,,
2006-05-30,210.6554348452396,353.7134945765182,99.8619658986085,11.391004,2.9406655,27.680449,2.0298321,21.6002766359613,1.6802469683723604,23.05775485148715,2.1466532934232054,,
2006-05-31,209.82588027452908,685.4918772511621,99.96353377984316,10.5307255,3.1393278,25.688347,1.4936187,22.136020079411047,1.359802877030494,23.619105000186448,1.826216404260049,,
2006-06-01,464.99574559826374,638.4333113122808,99.77399259216686,9.981176,3.046303,29.885315,1.8443027,21.497517198915602,1.669336963657625,22.95008386461623,2.1357419447831645,2.6032732969221235,4857.396726703078
2006-06-02,377.4690734191665,734.0024126772967,99.78269808129193,10.355284,3.1803873,25.461023,1.5437313,20.330932636506684,1.4852316851529592,21.727740547893998,1.9516222557343321,2.61405726757333,4854.782669435504
2006-06-03,369.68501095182916,1326.6258898498932,100.0,11.170546,3.3988311,18.829231,1.176945,17.160137878615934,1.181480053784312,18.40539263939572,1.6478393187848333,2.525510862495075,4852.257158573009
2006-06-04,619.0299478316479,1240.992163544169,100.0,12.390258,3.291839,18.556313,1.2986448,16.504201184616623,1.3967667651152698,17.71810441363066,1.8631209891499518,2.321857496114208,4849.9353010768955
2006-06-05,503.3648529695651,945.2541457341038,100.0,13.066848,3.2668922,17.732338,1.3056808,16.111177545980944,1.4193319150058192,17.306295588552295,1.8856833543327856,2.22316806543802,4847.712133011458
2006-06-06,401.5793667679514,723.1198194097818,100.0,13.352255,3.4320183,18.83982,1.3459307,16.880458479273422,1.5001662490806782,18.112345520800837,1.9665233045349442,2.21118881219029,4845.500944199268
2006-06-07,413.65512456734626,820.8744222379631,100.0,13.102624,3.2753406,19.071705,1.3190572,17.071638588269046,1.4048887971955426,18.31266338548994,1.8712473533524059,2.3213014887940497,4843.179642710474
2006-06-08,855.3384196208237,1556.4713630774377,100.0,13.269595,2.6103964,17.841797,1.435675,16.220284337414256,1.3097634747866707,17.42061731165321,1.7761156694597067,2.3341907394943906,4840.845451970979
2006-06-09,846.3980503997968,1595.1265042274767,100.0,13.579434,2.216402,16.163767,1.4274405,15.267861899953878,1.208345647215392,16.422672337375456,1.674691707551561,2.3090569370833203,4838.536395033896
2006-06-10,1041.8076112413196,2436.145155233033,100.0,13.666944,1.9652307,14.871515,1.2868882,14.510690365100965,1.0766027158997737,15.629310591417983,1.5429446396770767,2.336447820890959,4836.199947213005
2006-06-11,940.5382570590751,1767.1929809827911,100.0,14.119424,2.014715,14.605444,1.441851,14.436623474715157,1.1727158215854923,15.551703556856733,1.639057375929468,2.276310917149146,4833.923636295855
2006-06-12,829.8571242036815,1346.97433201614,100.0,15.104892,2.5029924,15.324115,1.6829721,15.240542051384878,1.4124359091641008,16.39404669343309,1.878781808845069,2.0833480172818493,4831.840288278574
2006-06-13,735.0231645098299,1134.5422014960532,100.0,15.1812525,2.980357,16.920319,1.7405958,16.23660146317432,1.577555017239437,17.437714340247304,2.0439073260461433,2.112638199270622,4829.727650079303
2006-06-14,702.2780032773917,1265.993890633457,100.0,14.737006,3.0816827,17.463106,1.5552108,16.490435637590615,1.4864785527657325,17.703680920511978,1.9528326762815462,2.276129197839324,4827.451520881464
2006-06-15,734.1323037425594,1181.814965275065,100.0,14.70399,3.2522588,18.1573,1.548362,16.834097969366514,1.5700643025280683,18.06376913699585,2.036421000364046,2.338619838869031,4825.112901042595
2006-06-16,1334.272513085999,674.518072260528,99.19143722454538,14.824422,3.223035,25.384106,3.0501509,18.370185991761314,2.3731758358424804,19.673276916006902,2.839545691271287,2.3599691235270623,4822.752931919068
2006-06-17,161.9255788688592,566.49590781951,99.52592302329592,14.492984,3.5305123,16.379152,1.5290645,15.959863563996715,1.4247954842891506,17.14774931547019,1.891145898602275,2.5090927611088736,4820.243839157959
2006-06-18,716.6896867634431,583.98524481951,99.25017181414464,14.368094,3.7603047,25.379234,2.161547,19.31194556064636,2.2880075188122864,20.660049373040614,2.754386775229303,2.6087866019740558,4817.635052555985
2006-06-19,306.93532156469627,995.7770248195102,99.39816148059084,13.27721,3.7746837,20.793388,1.3748574,19.02248279571033,1.3767377710740836,20.356751277419605,1.843114030016997,3.017287925827488,4814.617764630158
2006-06-20,364.9580896565057,1010.31123481951,99.34275997640609,12.551995,3.918283,21.486954,1.4150324,19.11586516968832,1.470304986571323,20.454597009662066,1.9366822020484311,3.3412519843661213,4811.276512645792
2006-06-21,211.394009707662,629.786034601437,99.32448643970612,10.940648,3.3148487,21.042992,1.3232217,18.504207073707295,1.2943810749837366,19.81370374754175,1.7607522063675587,3.991202563509123,4807.285310082282
2006-06-22,392.35260786946935,438.6539438828371,99.27440186346854,9.7060175,2.7403173,26.449167,1.7292693,18.54403286076056,1.5834091939714736,19.85543307107852,2.049780708477382,4.559971489698591,4802.725338592583
2006-06-23,392.6605371850133,423.19961822033,99.19940274294687,9.389478,2.4440012,28.149904,1.7288395,19.120808876273955,1.4791190741288438,20.45977700852328,1.9454963405232304,4.868873479211593,4797.856465113372
2006-06-24,392.8197909832169,520.1837304953581,99.18770390971451,9.57829,2.7164788,27.493141,1.6482756,19.785275942835078,1.4993098564911447,21.156003329498983,1.965694220804195,5.030317279616909,4792.826147833755
2006-06-25,630.1738444053301,577.146530495358,99.19995630045896,11.441352,3.5207856,29.248646,3.569543,19.95393736570809,2.507772546420494,21.332726191845094,2.974158792728808,4.561360701729984,4788.264787132025
2006-06-26,3025.753598866135,7459.893978800394,100.0,13.862046,4.0380816,18.626553,1.4436699,17.251699755733522,1.553277205270307,18.50133086125091,2.019637213071442,3.767090296838035,4784.497696835187
2006-06-27,10269.087081221724,21448.225467553264,100.0,13.270621,3.0496032,16.62601,1.9478188,15.539639283378037,1.6461606504650184,16.707439750702783,2.1125083554793487,4.147109215559442,4780.350587619627
2006-06-28,16756.584141861447,15466.09546755326,100.0,14.763873,1.5553089,11.372651,1.9382743,13.13616976085301,1.232744267906818,14.189092600850609,1.6990803579987788,3.6231698552875056,4776.727417764339
2006-06-29,5523.713764963695,15235.371867553262,100.0,16.611193,2.5825064,14.607719,1.3790644,15.140816742754971,1.2233468650192616,16.289554855944587,1.689692185507445,2.9953929575344813,4773.7320248068045
2006-06-30,2803.002489140217,9169.460717553264,100.0,16.411568,2.282617,15.641696,1.292527,15.82193894606608,1.1249589797288946,17.00323237227419,1.5913084825404589,3.1682571340561263,4770.563767672748
2006-07-01,1851.579951053156,6393.573767553264,100.0,16.076097,2.1725576,15.430569,1.3080503,15.575532417075056,1.1255431992865697,16.74504845349598,1.591891127825346,3.4073890469950556,4767.156378625753
2006-07-02,1257.708670651535,3861.456553535656,100.0,16.038162,2.2161682,15.258947,1.3647431,15.450389773991647,1.164567158913326,16.61392441985191,1.630914314513146,3.532404134880631,4763.623974490873
2006-07-03,973.1479625557262,2725.526983084506,99.9832684297011,15.986045,2.3227098,15.422881,1.3686178,15.571053558715356,1.1792334481420081,16.740355521016898,1.6455813487082434,3.6742783581260605,4759.949696132747
2006-07-04,772.4243922854068,2244.484542349477,100.0,15.9388275,2.3309472,15.855169,1.3622209,15.876588454049934,1.1761144168454223,17.060493939929678,1.6424642782165304,3.825508689084246,4756.124187443663
2006-07-05,973.4040055732918,1606.3548607604248,99.70571324355562,16.01141,2.2058334,18.599276,1.5282743,17.62281263457749,1.264249283124071,18.890181667117705,1.7306123997753837,3.9303213756917463,4752.193866067971
2006-07-06,392.2674413296949,1097.8971287289164,99.87799266247394,15.256721,2.7704935,17.977373,1.3547466,17.261194891683996,1.236176355643337,18.511279832242316,1.702536441022924,4.4779676260950145,4747.715898441876
2006-07-07,392.9052964793949,995.3913249810744,99.85093291588026,14.471793,2.6672273,18.644638,1.3813746,17.463670801315043,1.2452950785945367,18.723433398224458,1.7116568428105958,5.115822775795003,4742.600075666081
2006-07-08,393.2438003989397,864.3924596177299,99.73120675938564,14.302453,2.4537024,20.284533,1.4564761,18.4140269373977,1.261256407953526,19.71921330898193,1.7276266785120082,5.454326695339784,4737.145748970741
2006-07-09,393.4226361526994,778.0944401694845,99.57412763498375,14.429278,2.4703255,21.86446,1.4889256,19.367553363762312,1.290800751121776,20.718315039059743,1.7571805943447512,5.633162449099491,4731.512586521641
2006-07-10,393.76202439691247,732.8149378095728,99.41727732463892,14.334201,2.5160458,23.077473,1.489086,20.02151776293899,1.3082760246883347,21.403536701051603,1.7746630342143799,5.972550693312546,4725.540035828329
2006-07-11,393.9668936060127,700.19798102005,99.31934137811209,14.480131,2.3954532,23.839943,1.5202599,20.469832943831737,1.3001561872639802,21.87327981510224,1.7665483920474618,6.177419902412724,4719.362615925916
2006-07-12,394.3601634269719,1801.6869738428568,99.3008356651764,14.442014,2.3043308,19.26324,1.3378329,18.397457988137887,1.1730027882331444,19.70185242058562,1.6393729016419827,6.570689723371914,4712.791926202543
2006-07-13,394.8953198295684,1788.2161643819957,99.2902996027819,14.247499,2.484345,18.70013,1.2893653,17.894709780174313,1.147767720367811,19.175074566840163,1.614133214693414,7.105846125968434,4705.686080076575
2006-07-14,395.3365257435763,1235.3377200282878,99.14836661345667,14.225908,2.5810108,21.17368,1.3368657,19.489279365395287,1.190472232621562,20.845859127471254,1.65685337270925,7.547052039976421,4698.139028036599
2006-07-15,395.69720353065645,1112.6143477563485,98.9368165393768,14.348727,2.4295104,22.410885,1.3630036,20.29582233825951,1.1904295336301596,21.690952097409156,1.6568196946214095,7.907729827056455,4690.231298209542
2006-07-16,396.23091362663524,972.8949665713458,98.75622212883243,14.308341,2.564885,24.304665,1.4163951,21.411685606393288,1.250601102479938,22.86014981537197,1.7170049703214796,8.441439923035103,4681.789858286506
2006-07-17,400.8610017356762,902.1853022461032,98.53415169492348,14.249131,2.5617216,26.395863,1.5184665,22.659118234514384,1.313911188511146,24.167205458982135,1.780332064513313,13.071528032076216,4668.71833025443
2006-07-18,418.4929663556059,803.4745304953581,98.261745683227,14.183994,2.5645118,28.2277,1.6046538,23.418085461414957,1.372812280616998,24.96244872492888,1.83924437515943,30.703492652006002,4638.0148376024235
2006-07-19,402.79656684160693,754.854770495358,98.02360477515946,13.913987,2.715226,28.677872,1.5869808,23.540882857875108,1.4011980150463366,25.091115417177924,1.8676319865810753,15.007093138007018,4623.007744464417
2006-07-20,486.190487794256,709.636830495358,97.7124860062893,13.709829,2.7077558,29.989357,1.721519,23.3705489317468,1.501878330077538,24.912640111638083,1.9683097026385243,98.40101409065633,4524.60673037376
2006-07-21,417.86942150150094,766.178070495358,97.4329040851059,13.829726,2.4680278,27.496264,1.6652371,22.673122483292506,1.3855550065587836,24.181879062980723,1.851976083599561,29.157730397900934,4495.448999975859
2006-07-22,478.4180088210606,894.9223304953584,97.23760650567786,14.023938,2.3569026,25.153347,1.4422997,21.27629668603612,1.247983278182931,22.7182897674256,1.7143854070746123,32.98364111746021,4462.465358858399
2006-07-23,427.86672167342033,842.053630495358,97.07661664714504,13.897567,2.775036,23.567444,1.3526813,20.30942960582622,1.2956330705996078,21.70520974585144,1.7620233901634075,40.077247969820405,4422.388110888578
2006-07-24,439.3938767735804,748.217690495358,96.81727226645562,13.266861,2.871753,25.827152,1.4573003,21.180081412247123,1.40422614543365,22.61747573244495,1.8706270512640544,51.60440306998048,4370.783707818598
2006-07-25,457.038657345999,674.806130495358,96.519301227648,12.843142,2.959701,28.421879,1.6656717,22.13118839809148,1.5538736360018481,23.614042381016084,2.020287096811239,66.9568273423991,4303.826880476198
2006-07-26,486.7416233738826,636.6466304953581,96.25350112817128,12.587174,3.0849411,30.378742,1.9228297,22.670012342398927,1.7245505199792173,24.178620267983913,2.190971552352864,86.32281367028256,4217.5040668059155
2006-07-27,514.6426741548055,697.640900495358,95.90531687023147,12.465277,3.0947027,30.737316,1.9341098,22.980408900777697,1.7218733744328096,24.503852720815633,2.188298919165683,108.75878845120504,4108.7452783547105
2006-07-28,537.186276883729,357.90929049535816,95.76733607317536,12.859739,2.882466,35.463005,6.051601,21.89778966011244,2.974527918892057,23.369487981195316,3.4409382029972417,114.93905118012891,3993.8062271745816
2006-07-29,498.2346268767954,484.8843104953579,95.71169921372692,12.61217,3.3158019,32.427765,3.3782163,22.38542409024164,2.3664145784755504,23.88042967018978,2.8328315704550215,110.44515317319566,3883.361074001386
2006-07-30,481.3117739025158,752.4373304953585,95.65137417781573,11.900863,3.4161994,29.538048,1.9168538,22.65740664939168,1.772808170054281,24.16541206594133,2.2392290215010866,93.52230019891562,3789.8387738024703
2006-07-31,460.04055955792467,570.0143504953579,95.51033477838963,11.103364,3.302891,31.044228,2.0727115,22.138288738622276,1.8685876077247456,23.62148209355295,2.335001166150316,72.25108585432386,3717.5876879481466
2006-08-01,442.8776910698349,553.3022304953581,95.28121811885111,10.260515,2.442162,31.827335,2.4255905,22.23924458950914,1.7302699404059463,23.727263289011898,2.1966848930178235,55.08821736623369,3662.499470581913
2006-08-02,433.93321784525233,569.2643504953583,94.99277353003473,9.783652,1.7792369,32.824276,2.7309983,22.858051685655084,1.7302840175217007,24.375647249067377,2.1967077703484934,46.14374414165236,3616.3557264402607
2006-08-03,420.4459939560819,547.3710304953577,94.60387055563396,9.548846,1.5844753,32.711674,2.3592331,22.649112548287402,1.5014045895753338,24.15672153515623,1.96782532207774,32.65652025248198,3583.6992061877786
2006-08-04,171.51769938255072,642.6532348067885,94.3464403613729,9.448051,1.4721756,25.27516,1.5384371,21.940934670354295,1.2533196450446717,23.414695175442894,1.7197305116887713,26.021593596811954,3557.6776125909664
2006-08-05,269.3695732809859,601.5813412010875,93.97131351691588,9.246793,1.3552351,26.70803,1.5425878,21.307581460815978,1.1449724122523104,22.751069847498282,1.6113749411072946,22.011913522046974,3535.6656990689194
2006-08-06,308.8858719202765,615.5067566394782,93.50370065024696,9.100906,1.2851835,27.593287,1.5698564,21.414056187653657,1.1300667776506192,22.862633702313158,1.5964706761268366,18.876608959529985,3516.7890901093892
2006-08-07,292.960454248096,627.2084217325726,93.05615829001276,9.005648,1.2037941,26.753166,1.5800576,21.10276741997763,1.1431647636390703,22.53646639562964,1.6095646943450759,16.45287790327298,3500.336212206116
2006-08-08,290.0947454638446,604.205960596652,92.59352247375804,8.903747,1.1660182,26.904055,1.4981718,21.065084882647678,1.0805531065702585,22.496982761826622,1.5469525644815478,14.539603847994838,3485.7966083581214
2006-08-09,319.081823511817,614.5466764761654,92.06785917078622,8.86938,1.1539745,26.598621,1.4586921,20.539381889041376,1.0380042489096626,21.946152962151725,1.504397280244179,12.973023615937361,3472.823584742184
2006-08-10,308.92274445615374,609.3868826451017,91.57814545297656,8.845347,1.130097,26.081684,1.4659233,20.28331689185992,1.0444289516043157,21.677848933419398,1.5108189670497896,11.67373372417829,3461.1498510180054
2006-08-11,284.52608907177404,569.4466176705796,91.10110797896378,8.654713,1.0774304,25.286552,1.3825907,19.745166526114534,0.9893625370468863,21.113976819766382,1.4557464585893103,10.714374827866338,3450.435476190139
2006-08-12,302.31543431415463,576.2468671537976,90.5961617482622,8.627587,1.0831516,24.121513,1.3121629,18.790015560919915,0.937883439595942,20.113172903455695,1.4042573606385669,9.802019125406977,3440.6334570647323
2006-08-13,305.74637491561333,593.8014449562495,90.0829558415808,8.713378,1.1060836,23.589767,1.3050383,18.53344686692882,0.9399287221546394,19.84434110292803,1.4063001346468424,8.949998711049645,3431.6834583536825
2006-08-14,320.9714758843136,597.8026090792034,89.5484438671984,8.833112,1.0893753,24.651268,1.3783436,19.125233871437107,0.9742303664386881,20.46441350332914,1.4406076784316313,8.19652042926757,3423.486937924415
2006-08-15,273.8462935123977,550.1614354934472,89.07359230644857,8.793157,1.0287263,25.404228,1.4539242,19.8837940869124,1.029178779511167,21.259230304095773,1.495564239180612,7.618529864354135,3415.868408060061
2006-08-16,285.181465645405,551.1317582503218,88.57834228769393,8.857695,1.0208575,25.692228,1.4656577,19.951679376507926,1.026687632425713,21.330360278479713,1.4930738533236272,7.076882100080795,3408.7915259599804
2006-08-17,324.77529553836206,572.2506174346308,88.039529179905,8.894239,1.0772392,26.273575,1.4995247,19.981249590462376,1.033063640076572,21.361343847580464,1.49945019420615,6.614039046666131,3402.177486913314
2006-08-18,340.8788717065984,576.4022579204543,87.48369082473377,8.807704,1.0583125,26.146593,1.5527908,19.703136699037692,1.0520235408447134,21.069938110627042,1.5184070003906278,6.256922254381549,3395.9205646589326
2006-08-19,228.32244912357473,746.6743017548047,87.17991102390002,8.738529,0.9888212,21.707886,1.2389133,18.67075228980814,0.9766358857861182,19.988209255665872,1.44300863139289,5.936235455835821,3389.984329203097
2006-08-20,144.4397222373339,874.7020304953572,87.7144694881516,9.1127,1.1200432,19.502481,1.1532781,18.029970813777403,1.0024755427801013,19.316800615482766,1.468842251419016,5.481827545733472,3384.5025016573636
2006-08-21,159.96057281802413,788.1920313849673,87.63770358941046,9.179595,1.1838475,20.815044,1.1975409,18.852055381809013,1.0153438565082524,20.178178015710774,1.4817183954342612,5.174806543921297,3379.327695113442
2006-08-22,193.50938348801364,776.9399345358108,87.38386982512813,9.171716,1.2035029,21.633865,1.2482388,19.148889742444986,1.02774828528252,20.489200044107644,1.4941258414235474,4.923288749594613,3374.4044063638476
2006-08-23,225.6021917261292,749.3669267163025,87.06918515567098,9.188659,1.1596929,21.982555,1.2582885,19.022122001284785,1.0036662683918867,20.35637323825383,1.470042523658448,4.689340070650657,3369.7150662931967
2006-08-24,245.08164171744176,734.8617854270404,86.57532268081056,8.996622,1.1066358,21.7109,1.2437826,18.53108727444757,0.972912167876628,19.841868729992044,1.439283557647687,4.538629850200858,3365.176436442996
2006-08-25,240.27317666009571,718.119341697048,86.23452749439669,8.949948,1.0597932,20.93287,1.1956501,17.928700013596515,0.9344636400142294,19.210689417230146,1.4008294375208847,4.355513941729865,3360.820922501266
2006-08-26,220.00025477900698,644.0474944248524,85.98672902347262,9.04167,0.9866702,19.844755,1.1584182,17.094118386091367,0.8992702002858752,18.336217640804826,1.3656289356482705,4.146804700025067,3356.674117801241
2006-08-27,197.6889122367252,873.6144004953577,85.881247764317,9.513988,1.169612,18.080742,1.043501,16.499908212747137,0.8778870629346343,17.713606252380604,1.3442412555978962,3.853397545123625,3352.8207202561175
2006-08-28,142.5563666245195,1021.7078304953598,85.87717769979655,9.939754,1.4591918,17.8242,1.0318757,16.858801961862106,0.9229874862976132,18.08965389588636,1.3893443743907157,3.598471932919594,3349.222248323198
2006-08-29,142.29047848427936,2489.229930495359,86.70356915735343,10.480004,1.4881604,17.678448,1.0962393,17.289216481232454,1.04008130655526,18.540640757984182,1.5064416214817524,3.3325837926759525,3345.889664530522
2006-08-30,142.11131787173107,3230.4003304953576,87.94752575914137,10.743781,2.1957085,16.608267,1.0560161,16.361148396428277,1.0157402664526385,17.568214191168405,1.482093456461784,3.153423180130522,3342.7362413503915
2006-08-31,141.8760400026212,1670.5203304953577,88.56597831284373,11.2912445,2.2153406,16.648289,0.99366075,16.228934421964624,0.9321497139883965,17.42968084067625,1.3985019691283997,0.0,3339.818096039371
2006-09-01,129.26315790119943,965.1056804953572,89.0014237367555,11.462403,2.179073,16.82721,0.9766783,16.193536652846802,0.898950938310198,17.39259117919582,1.3653029465494204,,
2006-09-02,129.26315790119943,924.2430704953572,89.31076680957008,11.505334,2.1679459,15.227896,0.8873458,14.771144665400158,0.822662316569556,15.902213716952993,1.2890055892732268,,
2006-09-03,129.26315790119943,924.9773304953574,89.54837398896774,11.477266,2.2125974,15.031241,0.85248244,14.595479320646849,0.7956379239071796,15.718152169202416,1.2619802783000447,,
2006-09-04,129.26315790119943,830.7501304953573,89.71137113701745,11.608476,2.0644133,16.215305,0.9017743,15.595008344153538,0.8283818763092861,16.765455263313687,1.294729926751012,,
2006-09-05,129.26315790119943,671.6877804953573,89.80314092874531,11.779825,1.9748305,16.544765,0.922885,15.77576553005714,0.8369979719310423,16.954852024815953,1.3033471744573615,,
2006-09-06,129.26315790119943,570.7211904953573,89.86340969643972,11.70294,2.0150893,16.707386,0.9354134,15.78323607146165,0.8486131788012617,16.96267963256283,1.3149624297463385,,
2006-09-07,129.26315790119943,564.5280504953573,89.87443192285933,11.626372,1.9815836,17.563995,1.0047636,16.45773184397795,0.8970584936012842,17.66941399735695,1.3634123791762252,,
2006-09-08,129.26315790119943,528.6770604953573,89.8383193530407,11.464287,1.9280175,18.656607,1.0826054,17.24355735294011,0.9488020854386547,18.49279927943738,1.4151620267957377,,
2006-09-09,129.26315790119943,545.4343004953573,89.7759382565763,11.514059,1.9106414,19.388111,1.146378,17.879546319272375,0.9964213660185761,19.15918634434081,1.4627867255175426,,
2006-09-10,129.26315790119943,541.2559504953573,89.7285180796521,11.638989,2.0541067,19.034536,1.1184622,17.608817487424066,0.9858689342490687,18.875517599770365,1.4522319308039338,,
2006-09-11,129.26315790119943,651.1051704953572,89.63431963731519,11.652415,2.1505558,16.794773,1.0163401,15.942973525262287,0.9197737103890798,17.130051990619968,1.3861240119121538,,
2006-09-12,206.0302823535282,552.1587497463208,89.43614837321493,11.612545,2.2231371,16.582418,1.0465149,15.23190507063164,0.9725250271961784,16.384996894523887,1.4388708762647062,,
2006-09-13,172.07913518872098,622.1761716913277,89.26308658535797,11.638684,2.0452826,14.679253,0.90424454,14.02049923889588,0.8355207228039141,15.115690005014834,1.3018603182360784,,
2006-09-14,244.6877979011988,626.2850704953578,89.22027692946288,11.705901,1.965733,14.303703,0.8659966,13.573886670286807,0.8323093932548526,14.64773088229494,1.2986471065927692,,
2006-09-15,318.4562579012,1360.2383304953582,89.76841703502194,11.882772,1.9278839,13.848282,0.870018,13.475415481087087,0.794192815206589,14.544553106858393,1.2605301442664765,,
2006-09-16,170.75564790120066,894.6761304953585,90.0928306660032,11.943679,1.8466154,15.164793,0.8701836,14.648548383689066,0.7883789829987722,15.773757752050535,1.2547216110958028,,
2006-09-17,387.7894737036005,850.0171492357931,90.12995516817672,11.857417,1.8673623,17.604343,1.0896133,15.803902628995841,0.9498050317217668,16.98433398090206,1.4161544169453424,,
2006-09-18,387.7894737036003,764.2654709796475,90.11809310032444,11.857552,1.8411506,19.175274,1.1905142,16.712079148785698,1.0039090053344444,17.935918233891744,1.470264773682623,,
2006-09-19,387.7894737036012,758.7701843288908,90.05670011704315,12.12088,1.8052412,18.61257,1.1883568,16.416950150099446,0.9956241389835716,17.626683077916304,1.4619777295594045,,
2006-09-20,387.7894737036,749.82683145819,89.96064604935364,12.259053,1.9098141,16.40152,1.0879632,14.989440048621441,0.9685312254057531,16.130942873286816,1.4348756884521001,,
2006-09-21,387.7894737036008,742.245296371547,89.81268980883021,12.255517,1.98313,14.766069,1.0595299,13.904533270043606,0.9733778067865316,14.994181259261255,1.439716891592943,,
2006-09-22,387.7894737036006,681.9840304953577,89.65891982207735,12.22139,1.8801837,14.172548,1.0023981,13.465259569871483,0.9342840674895017,14.53391177780293,1.4006213575474284,,
2006-09-23,387.7894737035995,735.2154904953579,89.55846980094337,12.272358,1.7773851,14.288045,0.9144167,13.591999745850767,0.8573711482730889,14.666709700954407,1.3237089335038248,,
2006-09-24,387.7894737035994,717.655530495358,89.45242659549365,12.292285,1.7427052,15.489411,0.9056676,14.367861249925635,0.8481942333475426,15.47965473277418,1.3145354503332627,,
2006-09-25,387.7894737036001,691.6236304953588,89.3027727029998,12.353404,1.76091,15.792469,0.94207126,14.55695206338958,0.8743990668250794,15.67778344074709,1.3407412245312946,,
2006-09-26,387.7894737035997,663.9153304953575,89.12087243650447,12.323789,1.79245,15.280569,0.95978487,14.19033128010868,0.8966140581170436,15.293639437255816,1.3629544291166988,,
2006-09-27,387.7894737035999,647.0954304953588,88.91445356469372,12.391098,1.7294387,14.761038,0.91961557,13.872979931787304,0.8663818101062104,14.961119779295993,1.3327207586376124,,
2006-09-28,415.9047597036006,818.4706804953588,88.66445520308915,12.248237,1.8509367,14.433131,0.89974916,13.69696293552281,0.8630505266035992,14.776689772294059,1.3293887358325622,,
2006-09-29,567.7054237035996,2469.2321604953563,89.169919402433,12.258277,1.8598654,13.583236,0.8990473,13.335556531981757,0.8094533127559007,14.39800937806973,1.2757901150862385,,
2006-09-30,387.7894737035996,1742.7187004953585,89.34777930769575,12.389976,1.861863,12.147093,0.8375332,12.191301692302021,0.7643247825630678,13.199063068492796,1.2306581157417322,,
2006-10-01,418.9058337036009,2072.1610204953586,89.56990022449567,12.415595,1.8049098,12.024587,0.84505135,12.09033990689864,0.7656732024848343,13.093275654867732,1.232006301463541,,
2006-10-02,387.7894737036007,1931.6795904953576,89.82818772894277,12.402803,1.809685,12.706131,0.8769148,12.65541798128829,0.7904976733603459,13.685362529590442,1.256832233126709,,
2006-10-03,387.789473703601,1748.2175260514157,89.92560160136998,12.471253,1.7560681,12.825449,0.8456293,12.761145210289458,0.7620054050732068,13.796143158727414,1.228340278714754,,
2006-10-04,387.78947370359975,1584.2136741850532,89.91280095908336,12.403848,1.6908915,13.689943,0.8254223,13.437035835313575,0.7418025099147252,14.504339045211164,1.2081396922039018,,
2006-10-05,409.7982350819534,1678.0937011291137,89.85860889776933,12.464572,1.7297506,14.285751,0.8935967,13.928301760816158,0.7944085211215851,15.019085802644215,1.260747709333149,,
2006-10-06,443.9122690248891,1452.966933452118,89.66301834564534,12.513661,1.8020589,12.095638,0.8635783,12.193465056510458,0.7844791741972881,13.201329834115306,1.25081251252187,,
2006-10-07,387.7894737036008,1289.0244202128629,89.49576610085717,12.524957,1.8195196,10.811753,0.84458715,11.207958396873671,0.7736981944858546,12.168719324933868,1.2400297428276397,,
2006-10-08,387.7894737036024,1129.954785154282,89.33139150132219,12.463103,1.7403492,10.853775,0.7836773,11.264964563877818,0.7335772074540349,12.228450191854979,1.199908829066508,,
2006-10-09,387.7894737036004,989.8014073792348,89.19599603878268,12.44428,1.6669452,12.052544,0.7503031,12.162816661840672,0.7147101928390901,13.1692165509466,1.1810434587606893,,
2006-10-10,406.2630287036004,879.9395708215137,89.09675558366943,12.525699,1.6594381,13.193525,0.80413085,12.982583990930898,0.759860049018596,14.028165956132911,1.2261956214819487,,
2006-10-11,425.5299217036,814.0021704953574,88.95380495878389,12.579064,1.6512492,13.216366,0.80871564,12.99758097136199,0.7767847210005782,14.043879740963995,1.2431203428195208,,
2006-10-12,459.0568077036005,765.9125704953585,88.9070004084975,12.66747,1.7236036,12.227701,0.86416095,12.392504374060941,0.8421132984459185,13.409882550662832,1.3084471331204577,,
2006-10-13,433.9868137036008,784.3990304953581,88.85379455692448,12.473904,1.8483523,8.859636,0.91232514,10.147031739202454,0.8822990404079786,11.05708399962232,1.348629903413376,,
2006-10-14,450.1262337036011,768.3413304953585,88.7605377455629,12.401385,1.8523581,6.6996884,0.98064756,8.80600904127232,0.9223088737797499,9.651965000787893,1.3886407126063463,,
2006-10-15,450.1858357036013,735.5173908840397,88.63875080416,12.338117,1.7382286,6.1828737,0.89233845,8.519886155079174,0.8613712877125518,9.352166418696871,1.3277036009919483,,
2006-10-16,451.6506037036008,719.0630486580895,88.49507730283581,12.402522,1.7156594,6.724708,0.9988246,8.915156717084587,0.902473941079858,9.76632956240132,1.368805623589099,,
2006-10-17,539.614393703601,782.8504540974928,88.36266839076961,12.453847,1.6350929,6.8562455,1.0845599,9.140273178719188,0.9259134571880311,10.00220582137993,1.3922448603271504,,
2006-10-18,675.1605737036003,855.5308334849437,88.31623858005972,12.546839,1.6060244,7.762325,1.114105,9.872688249999927,0.9431655395018326,10.769627829432213,1.4094964347830548,,
2006-10-19,577.1032537036011,931.9620896275064,88.22927803716068,12.72137,1.6110175,10.278727,0.82288235,11.212852674237979,0.7986418897920651,12.173847532025938,1.264973444278662,,
2006-10-20,997.0343737036006,3012.555843434484,89.04339955513657,12.648,1.6345614,10.965128,0.91828835,11.383594910087071,0.8007673394730316,12.352750663095483,1.2670991254781931,,
2006-10-21,416.4254463935231,4645.873770603716,90.05373352510779,12.578419,1.5445529,9.646328,0.8197991,9.887522171126946,0.7630151401469163,10.785170761281883,1.2293460314814508,,
2006-10-22,743.6618652360885,3243.112752325553,90.23871142023,12.69984,1.5501055,8.573047,0.81845915,9.342826470078883,0.7258657835331234,10.214440467672828,1.1921969848433531,,
2006-10-23,844.0098909627304,2873.5167153453726,90.3899707131362,12.592711,1.3564576,7.937514,0.832625,8.99440817015799,0.7134769753253901,9.849368964024094,1.1798085528723476,,
2006-10-24,940.9118431898364,2668.3116291716774,90.32699404698204,12.506768,1.134494,7.0838647,0.8298936,8.49759653513293,0.6811082626587142,9.32881143111045,1.14744061683042,,
2006-10-25,922.2228315795896,2539.114156366379,90.20407392203596,12.550406,0.97461545,6.8685446,0.7985581,8.382393928530629,0.640768396117109,9.208102533712971,1.1071009706966743,,
2006-10-26,889.5854242370931,2420.830717749169,90.03955333872253,12.399648,0.8870515,6.455709,0.7808958,8.052982867553817,0.6188054399658572,8.862946750056848,1.0851387285393632,,
2006-10-27,900.1224050931639,2167.7758584794374,89.78104251000049,12.444079,0.91510826,6.173661,0.81628764,8.013404077622791,0.6362181884942916,8.821476229260444,1.1025515712061345,,
2006-10-28,2673.242077425034,7349.561108026369,91.65416068615632,12.674712,1.0185659,6.5147743,1.7220216,8.157728371710922,1.2916240097931806,8.972698731258069,1.757957057874321,,
2006-10-29,1084.2600618250035,8502.039550260246,94.02051252542608,12.321645,0.91861886,7.366727,0.7608521,7.92715371510307,0.682747897608851,8.731103394244395,1.1490814916740906,,
2006-10-30,1720.752488343629,6467.049800400687,94.39726423249246,12.565062,0.765805,7.370595,0.77938795,8.46226658893851,0.636282247425373,9.291792834257318,1.1026146675772197,,
2006-10-31,1817.8411939456005,4999.049965029759,93.96290076739297,13.061526,0.7527854,8.560338,0.8576171,9.760657239598222,0.6601792290455158,10.65224211969216,1.12651016226167,,
2006-11-01,1722.4369665468985,3828.083325029755,93.25497623081138,12.986882,0.7302503,8.865688,0.90226275,10.14457684654916,0.6622506342725293,11.054511771491828,1.128581497185027,,
2006-11-02,1545.675108912082,3279.2792344529403,92.71334871017578,12.450813,0.7224412,7.60428,0.8669308,9.156867926557094,0.6330319195407386,10.019593741438179,1.09936330437965,,
2006-11-03,1420.0709837312802,2749.020756684961,92.13300519018176,11.928809,0.69883627,6.381485,0.81893677,8.271007835102708,0.5901290735405783,9.091392565773507,1.0564618756598398,,
2006-11-04,1296.730607419627,2405.4071383241503,91.41356952819052,11.597441,0.68021315,5.1620407,0.8830083,7.416138406423426,0.6212257088739762,8.19566330062831,1.0875607297077658,,
2006-11-05,843.9343286150067,1844.136601554817,91.1318115394736,11.374347,0.6225648,4.7235727,0.64416564,6.811619005844927,0.48322103812325073,7.5622499391483515,0.949558132441694,,
2006-11-06,443.3795428171039,1527.7224819832636,91.16955775581336,11.469215,0.59731567,5.576617,0.6520433,6.902097461291443,0.5229285098939929,7.657052955480083,0.9892652672764145,,
2006-11-07,402.1930963044997,1461.0760206176296,91.16360676032772,11.442639,0.54646194,6.617789,0.7186528,7.659249506054289,0.575741780925728,8.450394279787806,1.0420760857401354,,
2006-11-08,646.6082449817375,1650.9553279344827,91.2381054010012,11.603089,0.6153103,7.221763,0.7230779,8.454809164741723,0.5476779292287433,9.283978970675854,1.0140103634901179,,
2006-11-09,577.1030692328271,2009.916415430848,91.78452546840936,11.743047,0.57090306,9.441934,0.77059054,9.955257732111665,0.6120857477080577,10.856143850539238,1.0784166242194995,,
2006-11-10,800.5581472710358,1994.4326434767256,91.66514780249456,11.463233,0.5077678,8.895199,0.8604407,9.630750683486305,0.6309782367661443,10.516126474261439,1.097309231944152,,
2006-11-11,847.2581324243816,2022.6991531177107,91.6275110713878,11.58347,0.51727885,8.609177,0.8751636,9.487236579594125,0.6354239737590572,10.365752886781635,1.1017550598301105,,
2006-11-12,935.3243074511284,2092.405480858291,91.46598815033768,11.491818,0.50239044,8.752005,0.8583513,9.598386113350523,0.6131564232596133,10.482214988305916,1.079487436878098,,
2006-11-13,929.6796680671504,2086.055852750273,91.3490624491245,11.484598,0.5024754,8.816637,0.8544301,9.639106115766008,0.6109912736740712,10.524881267642495,1.0773222642859501,,
2006-11-14,892.5483936158453,1886.0260471516176,91.17866765120424,11.340609,0.48615724,8.72771,0.85234606,9.567038965830601,0.5992570661014224,10.449369554289405,1.065588098722849,,
2006-11-15,846.7711735387629,1957.847946350876,91.00693437896538,11.414111,0.49699086,9.325645,0.8602187,9.95619543169124,0.6189646928671201,10.857126368953352,1.0852955692101847,,
2006-11-16,3218.5265617973696,4728.16129122178,91.86202508973736,11.534524,0.68620604,9.823029,1.1127632,10.516209611134325,0.7180447486554952,11.44390731186111,1.1843757040940255,,
2006-11-17,2395.687864069939,9492.965229528256,94.6889924961493,11.42584,0.6479993,10.24152,0.8937198,10.480172877685092,0.7254741421319053,11.406148145738415,1.1918050816820027,,
2006-11-18,2388.9161058060645,7541.085615029759,94.97261497911698,10.908155,0.59131634,8.511538,0.87040097,9.088105334687777,0.676138149096943,9.94754453273067,1.1424696118167246,,
2006-11-19,2082.318424958833,6157.960615029759,94.71415264583312,10.669196,0.5560785,7.4501657,0.85158813,8.26361469113395,0.6517213323053602,9.083646054795242,1.1180541500295487,,
2006-11-20,1788.700114178778,4636.353415029758,94.21891078880844,10.338914,0.5375416,6.443057,0.8130066,7.527642515257316,0.6054554916185301,8.312496924706732,1.0717901756543735,,
2006-11-21,1652.7060694238862,3673.825615029758,93.60706220216504,10.203168,0.5220149,5.7682986,0.8143844,7.144341391838612,0.5845850807395779,7.910875317837956,1.0509209821135777,,
2006-11-22,1508.7045875344909,3277.6969942183364,92.73130997975537,10.222662,0.503384,5.649616,0.8201351,7.091069364845751,0.5836067180597017,7.855057070056151,1.049942801922129,,
2006-11-23,1618.4286000831307,3903.618015283991,92.2401898519342,9.911841,0.54720265,5.1921625,0.93826365,6.57542922853676,0.6823865698973843,7.314771097859218,1.1487245878942702,,
2006-11-24,1088.978169389056,3334.934159075637,91.9940362765624,10.016098,0.50842816,5.6945343,0.68805295,6.758318617552037,0.5335692485144081,7.506401974493324,0.9999065457025949,,
2006-11-25,627.5721442179439,2510.595521542022,91.99143141169291,9.844127,0.46601617,5.816836,0.68001246,6.622215262505601,0.551947880843361,7.363793344321713,1.0182857108043595,,
2006-11-26,560.7538965664718,2328.443029826659,91.95999532388872,9.861386,0.44169605,6.1733985,0.70329654,6.889186855466047,0.5732426325044935,7.643525266828932,1.0395794373924958,,
2006-11-27,574.9981382658167,2155.246507172828,91.8390207839431,9.919418,0.42153215,6.951779,0.7286879,7.576773121176645,0.5820341218265996,8.36397580564443,1.048368661976828,,
2006-11-28,609.626879368199,1999.3415595629488,91.62627639958536,9.917922,0.41182458,7.713015,0.7655802,8.228226577403847,0.5945296607630783,9.046566510197055,1.0608625540478003,,
2006-11-29,635.1049287620596,1881.8847426987509,91.3293095602706,9.774594,0.3958663,7.709418,0.78075033,8.230517997903359,0.592230312402639,9.048967452763614,1.0585632007513601,,
2006-11-30,673.6335496760072,1807.696663251824,90.947197025121,9.99978,0.4072262,7.9881253,0.75542283,8.534250894972805,0.5613344278648442,9.367217744054011,1.0276667150919498,,
2006-12-01,1084.203522540081,1986.359096917521,90.75705125813852,10.036115,0.45110014,9.003185,0.85842,9.367908567261656,0.5777072984472951,10.240721403362079,1.0440384780303666,,
2006-12-02,683.5008073438403,2496.84433579182,91.02988393963696,9.421582,0.45196208,7.6860785,0.8266955,8.059062645639301,0.656255206184533,8.869317120752136,1.1225884804560091,,
2006-12-03,747.8628199249979,2162.148532471588,90.86557506148944,9.227509,0.42407742,5.688374,0.7777582,6.597919328953617,0.5880645471954847,7.338336148197438,1.0544024744908267,,
2006-12-04,669.9618003899024,2102.4642455692315,90.68138405234636,8.939113,0.4212428,4.4067173,0.66117144,5.501978889737618,0.5116269656937522,6.190013502271892,0.9779699856214549,,
2006-12-05,618.4608837082048,1982.1181387176912,90.24367378157804,8.686314,0.41407466,3.5137143,0.64341897,4.743844340795021,0.5001924049627781,5.395642713443148,0.9665397516109666,,
2006-12-06,527.8635862196004,1814.8140553322987,89.8378989418323,8.588482,0.41896838,3.1797543,0.65489554,4.398475229049059,0.5160398618892236,5.033766138740977,0.9823893975144796,,
2006-12-07,457.5127607840069,1761.8051453838036,89.4919639261335,8.391994,0.41963142,3.118713,0.6555274,4.205800788271093,0.5275315860330961,4.831882518318451,0.9938824021235879,,
2006-12-08,415.164485939816,1608.1917329353398,89.17312581920143,7.8879776,0.43148685,1.8433583,0.5700298,3.083629887413973,0.46163702527762673,3.6560756843496858,0.9279961427219883,,
2006-12-09,387.7894737036012,1432.2997655403651,88.92184733401896,7.834778,0.41640228,0.98175657,0.50701934,2.4418660241153103,0.4087380840484561,2.9836377021453675,0.8751025962783074,,
2006-12-10,387.7894737036004,1205.1801787484374,88.79705649484745,8.031737,0.3943767,2.150024,0.6192051,3.5818569521283368,0.4782034668546191,4.178116299653376,0.9445587208689831,,
2006-12-11,387.7894737036004,1086.236215099775,88.73046227538349,7.940418,0.37798244,3.593966,0.65098155,4.737438779135458,0.48991810311211675,5.388930987832575,0.956265489117689,,
2006-12-12,387.7894737036004,1051.7528094558395,88.59024266371932,7.8844805,0.3732772,4.055485,0.6370158,5.0869544593441125,0.4761528178894214,5.75515232279562,0.9424981249580249,,
2006-12-13,387.7894737036004,1059.3666331467205,88.47955354992625,7.9231033,0.37989965,4.997392,0.6370607,5.7813849919101505,0.4773315236598825,6.482774261026292,0.9436731147738964,,
2006-12-14,387.7894737036004,1028.6859631574523,88.35851584545672,8.010494,0.39753622,5.7782674,0.67428434,6.389385693346345,0.5016335628744895,7.119835317644711,0.9679723533625906,,
2006-12-15,387.7894737036004,980.1574779409368,88.19896596854294,7.9891105,0.40371746,5.8310037,0.6841482,6.4427898910201,0.5033865219442576,7.175792053414154,0.9697250866363105,,
2006-12-16,387.7894737036004,947.1644523183508,88.033777369461,7.7322855,0.39942953,5.5103087,0.7272878,6.155768619753228,0.5289028547179911,6.875052146513859,0.9952426712975702,,
2006-12-17,387.7894737036004,916.0696980607472,87.85770451158126,7.822736,0.42327416,4.6376944,0.7946859,5.584978824575616,0.5723493647960121,6.276980550274063,1.0386919509605004,,
2006-12-18,387.7894737036004,885.9521878601909,87.68695627132604,7.620615,0.42577544,4.7788424,0.81856996,5.6440174821237745,0.583926905774047,6.338841053839468,1.0502691881939297,,
2006-12-19,387.7894737036004,821.4904168973954,87.50181324500456,7.366522,0.4194536,4.1892977,0.8608001,5.208163609545379,0.6000313172426457,5.882154856043755,1.0663759359797775,,
2006-12-20,387.7894737036004,747.2115702496844,87.31429596599898,7.2401433,0.42775363,2.821176,0.98328066,4.330979934795226,0.663621631566493,4.963044800142932,1.129971610916977,,
2006-12-21,387.7894737036004,709.876870495358,87.16115207401171,7.2655487,0.4367172,2.4833612,1.2343845,4.172838168391481,0.8130672070528633,4.797344397885673,1.2794182464574702,,
2006-12-22,387.7894737036004,724.519690495358,87.00119559583092,7.026905,0.4403099,2.8134775,1.2967485,4.282424192355978,0.8584929216380975,4.91216825919459,1.3248432234242336,,
2006-12-23,541.1519737036003,1024.5004304953582,87.03118594335174,7.3388805,0.43196666,3.444992,1.53031,4.790875370798573,1.0124433110191822,5.444921665913336,1.4787903701339893,,
2006-12-24,395.3167397036004,953.966770495358,87.00414397920342,7.1466208,0.47083917,4.898962,0.78885585,5.557487167158734,0.5745412006254739,6.248174885608183,1.040883929590559,,
2006-12-25,395.9683417036004,873.691530495358,86.92168700028407,7.051141,0.48684737,3.5306349,1.1062349,4.628573718446466,0.776228202948731,5.274862549379242,1.2425762650244834,,
2006-12-26,674.2386037036003,1278.789930495358,87.0177634002421,6.9211683,0.40826124,3.3304458,1.2367465,4.570060919706049,0.8219619503128979,5.2135530388750295,1.2883103813632129,,
2006-12-27,479.7356537036004,1358.1813616894774,87.09012483624585,6.724376,0.4584682,4.2363057,0.6091963,4.885745330357128,0.46581720806890936,5.544326085242057,0.9321636948757622,,
2006-12-28,445.8634867036004,1305.1630760832354,87.02456052863614,6.7803507,0.4932528,3.5459175,0.7452287,4.369500478359295,0.5694935589707787,5.003406494013472,1.0358432844426164,,
2006-12-29,396.4373587036004,1292.01540273614,86.97004699888524,6.7915626,0.5077788,3.3953114,0.65806216,4.192728308328017,0.5174749764395511,4.818185218520133,0.9838258809443869,,
2006-12-30,387.7894737036004,1253.4278739209578,86.89534606855015,6.65176,0.514433,2.9767575,0.6595925,3.845093043598115,0.5182003548153584,4.453934176467847,0.9845536822171033,,
2006-12-31,387.7894737036004,1185.191457704659,86.8384590563281,6.5090966,0.506648,2.2201052,0.6810007,3.2774770085822342,0.5280962539649164,3.8591880352765555,0.9944538345121425,,
2007-01-01,632.5915037036004,1473.1914689950506,86.91157465842156,5.202317,0.58235055,1.1135191,1.2300842,2.3418218051862447,0.8781604126660549,2.8788117115355467,1.3445258083193,,
2007-01-02,467.7657737036004,1519.0573797515835,86.97426761731973,4.8471313,0.71806824,2.4038053,1.008655,2.979047331727441,0.789496101419575,3.54649443999892,1.2558560658818294,,
2007-01-03,387.7894737036004,1302.3438605404897,86.96019680298343,4.898476,0.72804606,2.2766871,0.8821371,2.878238601301478,0.6999615853665012,3.4408673968560017,1.1663223781211924,,
2007-01-04,387.7894737036004,1215.8346367844224,86.94931690704875,4.975711,0.7202307,2.5269122,0.9004925,3.1190823699451737,0.7045997619983883,3.693222674357629,1.1709585951504917,,
2007-01-05,612.5100137036004,1225.7459323789951,86.97139327144005,5.192823,0.7664092,3.2573795,1.37706,3.9022725712663022,0.9530706102991422,4.513846690100135,1.419423529682766,,
2007-01-06,1186.3749737036003,2234.2413265218884,88.10086255213902,5.1853385,0.8138818,5.690397,1.019113,5.5152270323245345,0.7230323396597691,6.203894860787953,1.18937528982336,,
2007-01-07,765.6776138845098,2062.7952320547643,88.52551011429212,5.108193,0.7837027,6.08272,0.8170033,5.818911925443468,0.6324796898965321,6.522094853703097,1.0988210959083862,,
2007-01-08,1692.7600774070163,5321.1861309088445,89.61135649829129,4.9908476,0.83231175,5.4715343,0.74148226,5.355524352549834,0.5973199086253663,6.036558938836322,1.0636637131509117,,
2007-01-09,1225.4836756600112,4599.462207362243,90.06609446343826,4.8652024,0.7918957,4.7972217,0.6800157,4.811523822561629,0.5622030639755362,5.466557043087465,1.028549997651122,,
2007-01-10,1115.3043847494089,3687.816055355333,90.01075228902262,4.7478204,0.75985557,3.4442096,0.65024066,3.74691338274466,0.5295132559348152,4.3510618634359775,0.9958672926427135,,
2007-01-11,1102.0959343905945,2973.045604423588,89.56689004198886,4.6301336,0.7466736,1.8107324,0.7964725,2.5732213827867594,0.6151594756777079,3.1212713979454807,1.0815228453756505,,
2007-01-12,982.2187514744292,2703.043437610321,89.23176889260709,4.619987,0.74669135,2.0015254,0.8146521,2.6994138996316437,0.6297963212487647,3.2534954857280116,1.0961586119041877,,
2007-01-13,887.5688999545512,2973.1670945167457,89.15627085884556,4.6434307,0.7411693,2.8880048,0.68618035,3.2915706967531637,0.5552222524201553,3.8739553535651927,1.0215797229027284,,
2007-01-14,735.9460014904826,2746.0192843575937,89.31165705275998,4.6816607,0.7295649,3.4925337,0.6728972,3.743866814869057,0.5526235134355365,4.347869680030092,1.018977572329928,,
2007-01-15,1378.7131313721516,5032.2078408147545,90.31198782254224,4.6542683,0.80188596,3.8718486,0.6767936,4.040113376045381,0.5585338125088088,4.658275814162435,1.0248857636678161,,
2007-01-16,822.0109319258739,4865.536649145109,91.75858609435824,4.6780887,0.7011329,3.8183637,0.65013385,3.9426181606062976,0.5653272174076484,4.5561206606960845,1.0316798511456209,,
2007-01-17,1155.3830547273271,3379.28419691792,92.0526801296428,4.539638,0.6627803,1.3543202,0.6457687,2.1659039278442602,0.5100028571991114,2.694485561001796,0.976369834022259,,
2007-01-18,1243.3628325059558,2657.0344733185007,91.90198404348588,4.53508,0.6649568,0.22830266,0.8374971,1.6012106977101015,0.6086273067882307,2.102801924774465,1.0749995982555314,,
2007-01-19,1262.8405270069527,2578.252457086971,91.55164000942835,4.544929,0.6733905,0.67226064,0.80017275,1.9454822498407074,0.5809384792164176,2.4635284802634856,1.0473074871643586,,
2007-01-20,1212.862306831557,2387.0525499705723,91.03694191029078,4.502524,0.6671814,0.24417543,0.7938634,1.67887335002355,0.5723843514749241,2.184176586392,1.0387558903898015,,
2007-01-21,1082.450800625909,2170.611388666806,90.41105319230763,4.455305,0.64207166,-0.40862012,0.6953575,1.2098425602748062,0.5108048719016137,1.6927277281948137,0.9771810606823226,,
2007-01-22,890.0714300836436,1876.06976879276,89.88544521670853,4.4859147,0.66919935,-0.12270671,0.6434284,1.3602263574619078,0.4866247201167458,1.8502993568261648,0.9529993906293418,,
2007-01-23,609.5956855153106,1586.9397970676505,89.51980124648703,4.47386,0.6628955,0.5159615,0.60676014,1.6143811625744353,0.47540730863182357,2.116601892838332,0.9417794719914656,,
2007-01-24,387.7894737036,1316.8486467003167,89.2889033790673,4.4605446,0.66166985,1.2180934,0.60168725,1.9557211801553784,0.4885742230295402,2.4742567964471656,0.9549431353981339,,
2007-01-25,387.7894737036,1124.0712708021324,88.97912495090355,4.3245335,0.6721758,0.53692234,0.4865003,1.5084375567402015,0.4007028459597527,2.005594544795321,0.8670760454405959,,
2007-01-26,387.7894737036,1067.5311674586374,88.71581089135464,4.097165,0.65500337,-0.41612184,0.29009297,0.7865032861202912,0.27521529320799687,1.2491542838486274,0.7415958948620616,,
2007-01-27,387.7894737036,1030.670814914762,88.56832780062257,4.3103943,0.6510565,-0.598389,0.33055055,0.7436115285305416,0.2989451039449274,1.2042124468642261,0.7653261641339119,,
2007-01-28,387.7894737036,1024.8458795780716,88.30438298009221,4.3823733,0.64716494,-0.24375749,0.48067307,1.0261844215529727,0.3913671470608692,1.500291358246017,0.8577452251208535,,
2007-01-29,387.7894737036,906.5989217552426,88.08800572751336,4.119344,0.6218015,-0.15720725,0.5142766,1.124016882344174,0.4055233301709634,1.6027998762395004,0.8719003970343512,,
2007-01-30,387.7894737036,850.0148852564073,87.87235743669642,4.0283823,0.58000773,-0.5669689,0.44211343,0.8727002979453753,0.3538277401032466,1.339471218189206,0.8202074266284034,,
2007-01-31,387.7894737036,767.9458674491888,87.7196546539835,4.0444956,0.5576383,-0.63758314,0.5079259,0.9334174010928857,0.3858946623154205,1.4030903913161332,0.8522737093243027,,
2007-02-01,387.7894737036,686.2414782749373,87.48079577034994,4.0182853,0.53294945,-0.3001262,0.64048314,1.2590788799951387,0.4522140264745263,1.7443173756918389,0.9185897153202801,,
2007-02-02,387.7894737036,674.237800495358,87.21302157691588,4.0527115,0.5116366,0.1330604,0.7616027,1.5642848761486066,0.5183472591232047,2.064111175166937,0.9847199108215232,,
2007-02-03,387.7894737036,696.067330495358,87.02669111594854,3.8119159,0.48811734,0.23525715,0.77352804,1.514937821962797,0.5265740824651883,2.0124055004755115,0.9929472180043092,,
2007-02-04,387.7894737036,704.391150495358,86.8113778133942,3.3028808,0.43773487,-0.44772267,0.49232802,0.8839659693266233,0.3535198886217262,1.3512753501527064,0.8198994561702133,,
2007-02-05,387.7894737036,662.668190495358,86.47566074962899,2.840981,0.38891798,-1.013945,0.32741672,0.40914875157927927,0.25154529683616556,0.8537634924785009,0.7179300047590149,,
2007-02-06,387.7894737036,491.830160495358,86.24393794030631,2.939361,0.36685184,-1.3908609,0.3748402,0.5181625413516772,0.26473357915765783,0.9679877687570213,0.731117084098486,,
2007-02-07,247.150556474381,477.7257911232583,85.82972719718326,2.9290996,0.3534765,-0.8483256,0.35168082,0.43960816762936084,0.2612352984431453,0.8856787644954713,0.7276196688742866,,
2007-02-08,191.46874126214607,531.4520572067111,85.56719884952648,2.8604255,0.3409661,-0.44971883,0.2987846,0.4269873910878742,0.23748989492136452,0.8724547579772681,0.7038744050625716,,
2007-02-09,185.9891712787173,549.5491692283997,85.29123679674238,2.9050975,0.33254364,-0.46902072,0.2916814,0.38416314785117284,0.23358647474525576,0.8275836623012047,0.6999714603017048,,
2007-02-10,184.00613445798945,566.891806010269,85.10369182675494,2.9725623,0.32742777,-0.4749112,0.3030832,0.3698857201615496,0.24247317702531862,0.8126238223729625,0.708858321549346,,
2007-02-11,196.97762412542733,578.5544470145487,84.89336329256344,2.9496489,0.325251,-0.46200776,0.30301398,0.4045199300852685,0.24067350268721624,0.8489134291399112,0.7070582619904697,,
2007-02-12,213.9619519289116,593.4774487018394,84.54277038022359,3.0610518,0.3165426,-0.5585731,0.35044304,0.4005849521022343,0.2708933223029409,0.8447903726603373,0.7372781253041278,,
2007-02-13,220.5166747767446,572.9797750496248,84.13606641399033,2.8950949,0.33146164,-0.56179786,0.3055957,0.3988901077125372,0.23912340557383455,0.8430145205023483,0.7055082274017246,,
2007-02-14,219.4437089054291,607.4652866439627,83.75314205029798,3.325314,0.42229035,-0.5992166,0.2039694,0.4422687109452685,0.1871124647380685,0.8884664726872671,0.6534968057406454,,
2007-02-15,111.50348705389489,497.6657102597164,83.5306742814245,2.8858109,0.38802978,-0.7216288,0.21769486,-0.06131618125200063,0.1915056490430501,0.36081194406180583,0.6578957044662234,,
2007-02-16,72.04177196687665,511.7510104922386,83.41010054479293,3.1210065,0.36220556,-0.42688727,0.23884416,0.010933406916871521,0.2140880038822779,0.4365148155722881,0.6804772216388185,,
2007-02-17,111.18702673515403,499.3563610779066,83.34759795633194,3.2168198,0.35564402,-0.65408707,0.25153622,0.05084992844130305,0.21568261947910367,0.47833921037778465,0.6820713770003295,,
2007-02-18,143.91349595351124,500.2781189539349,83.23590621317409,3.0010629,0.3513938,-0.8428135,0.2612486,0.015914986546026258,0.2175430290004749,0.44173449767903833,0.6839321892201848,,
2007-02-19,162.7327622142356,503.1741410412016,83.0254564877487,2.9397798,0.35027698,-0.9716414,0.24497597,-0.015777516535399123,0.20394312307944668,0.40852720128572295,0.670332649828876,,
2007-02-20,166.48475856533597,496.6299184000991,82.74520409633818,3.5029597,0.325079,-1.2256235,0.31223074,-0.03844265450844364,0.2476743290314797,0.3847787471944652,0.71406411861178,,
2007-02-21,204.693207676962,508.1173591281365,82.53461232141412,3.839653,0.3359026,-1.3013858,0.50409156,0.17493314789009717,0.37205626991071045,0.6083531835589646,0.8384436083926105,,
2007-02-22,191.57136461584315,499.5195072927378,82.19831059741087,3.8806305,0.3505449,-0.72942543,0.68200725,0.5484885750976292,0.5024398897344203,0.9997632832516694,0.9688230624391023,,
2007-02-23,175.80749727894022,480.0597275320872,81.85699230950438,3.4972386,0.34173486,-0.6139747,0.5155568,0.4880503816525188,0.38831911208698994,0.9364363507575117,0.8547029479613156,,
2007-02-24,206.43810779020333,501.53403158859976,81.52911800236595,3.3852153,0.3368051,-1.102163,0.30927238,0.2063149068404626,0.24009603969147497,0.641234883313981,0.7064830220746984,,
2007-02-25,239.89811629597648,502.4815654150758,81.15974612273048,3.7510943,0.3476618,-1.4726242,0.29959014,0.2154072449299574,0.23182037783225132,0.6507618040835508,0.69820725725224,,
2007-02-26,215.76996422345013,486.0278366914578,80.79837602426355,3.7407956,0.32546592,-1.2393159,0.41709283,0.29183523395529926,0.3056976897845587,0.7308427897282932,0.7720837074571785,,
2007-02-27,223.45064688847,492.61889839404864,80.43016227214494,3.7965384,0.31649953,-0.99267364,0.63217705,0.5018076253879665,0.44597857947420494,0.9508511437167286,0.9123622640273974,,
2007-02-28,220.85994027766543,494.9827531830557,80.05731145065546,3.8282247,0.3254442,-0.9401878,0.631194,0.5310171094875885,0.4478520343404005,0.9814567413086863,0.914235398324915,,
2007-03-01,177.77962010663182,444.2320291733492,79.7334651667007,3.80762,0.32986215,-0.7264066,0.5483154,0.5694815839272933,0.402788416570512,1.0217596861423808,0.8691713599026945,,
2007-03-02,98.6060234072,711.159395495358,79.65718225937808,4.342469,0.3893627,-0.2821691,0.34006158,0.2809781779108972,0.3023920728309021,0.7194668035179581,0.7687782125129374,,
2007-03-03,38.7789474072,1008.314330495358,79.91321406464691,4.149204,0.32984924,0.42761815,0.40776312,0.5654465290638142,0.392851648855941,1.0175317694495725,0.8592346362365682,,
2007-03-04,79.5168054072,804.5401851953579,80.07411785042625,3.8640804,0.32349226,0.43521827,0.41633108,0.7436284422685905,0.37999964949892956,1.204230169021137,0.8463807095066829,,
2007-03-05,123.7633534072,694.441401495358,80.0529142965418,3.5785198,0.3289828,-0.26317072,0.30794045,0.31793138417527905,0.2660559261657891,0.7581862467235612,0.7324416511264115,,
2007-03-06,152.8016674072,667.096723495358,79.96703730660606,3.0309043,0.34796295,-0.3596562,0.23762861,0.2722309859213955,0.20392817373552943,0.7103015256521383,0.6703144118147858,,
2007-03-07,74.1856704072,648.0858304953581,79.9126606620706,2.851788,0.34437495,-0.32784092,0.20080166,-0.0012561062822418173,0.18361611816736362,0.4237426853100235,0.6500054768314241,,
2007-03-08,52.1062114072,644.3204864953581,79.85506084739083,2.9895253,0.32571012,-0.3059963,0.20235081,-0.05942742573239045,0.18879048100838433,0.3627909756388656,0.6551805144572258,,
2007-03-09,38.7789474072,612.883900495358,79.80592796550516,3.2861652,0.31466138,-0.24330246,0.22732897,-0.033272012652015286,0.21461954247947743,0.3901965280566758,0.6810092720479494,,
2007-03-10,38.7789474072,568.2662304953581,79.870653173272,3.754673,0.31725872,0.08403206,0.43486333,0.3185180530952549,0.40758781151655404,0.7588009564124845,0.8739735299056518,,
2007-03-11,38.7789474072,633.154030495358,80.06052061378752,4.1251616,0.33296248,0.20112771,0.6277335,0.4275936067626834,0.591817490247559,0.8730899486890885,1.0582019936738876,,
2007-03-12,38.7789474072,688.458790495358,80.10396639864467,4.412716,0.37014323,0.38547134,0.9500567,0.6002185953452943,0.8996127562085648,1.053965821636945,1.3659953646129512,,
2007-03-13,93.5219974072,1052.039330495358,80.22452860128617,4.477976,0.3675521,0.8088898,1.1138203,1.1084287717318542,1.0233296346621243,1.586466707225202,1.4897068619113063,,
2007-03-14,38.7789474072,3485.166530495358,81.40554963224935,4.702308,0.43205932,3.1520333,2.057762,3.1690931919422405,2.0351229999566467,3.7456238426927126,2.5014814345175287,,
2007-03-15,38.7789474072,4921.128130495358,87.92200149492733,4.3204417,0.42831838,2.719487,2.658822,2.732003988920116,2.6380361866676174,3.2876432698808262,3.1043982016116307,,
2007-03-16,38.7789474072,5980.294130495358,92.23381865751767,3.8036623,0.4298371,1.2644999,1.6786698,1.2808589074743084,1.6678569914029329,1.7671384140332134,2.1342324599833,,
2007-03-17,38.7789474072,5000.009730495359,94.79826769053643,3.5097213,0.39782593,1.1791224,0.6413433,1.1970589353415357,0.6364148276289151,1.6793330896883685,1.102791146665075,,
2007-03-18,54.9368420988,3149.500270495358,96.63118903840204,3.8381114,0.39457387,1.1111627,0.50301933,1.1579134480489477,0.4944418528474446,1.638316581915349,0.9608185719086482,,
2007-03-19,54.9368420988,1959.4451304953584,97.80160806752912,3.9270973,0.40233827,1.5051646,0.6022981,1.5712163135434143,0.585974774517793,2.071373911575283,1.052347358477389,,
2007-03-20,387.7894737036,1534.609530495358,98.39957249354228,3.9371533,0.38807386,2.173943,0.51805454,2.529620709808519,0.4208957778120564,3.0755867618403254,0.8872595245619699,,
2007-03-21,387.7894737036,1429.082130495358,98.77136769002426,4.0227523,0.38946748,2.6338704,0.6527101,2.9303105675042787,0.5200832077450828,3.4954282250441846,0.9864435712006766,,
2007-03-22,387.7894737036,2669.251780495358,99.31142574630525,4.012111,0.39565745,2.8851523,0.85868853,3.0281084670668155,0.7514408129714232,3.597900529900415,1.2178003785282643,,
2007-03-23,2210.837060611861,6079.522580495359,100.0,3.5314636,0.44617605,3.1910763,0.70226496,3.281849295594462,0.5285545336384457,3.8637693026620523,0.9949120800159941,,
2007-03-24,2229.3797573763536,6008.890930495359,100.0,3.2281752,0.49548098,3.640822,0.73014235,3.5291545229627688,0.5491766039168111,4.122894874527936,1.0155322531786992,,
2007-03-25,3253.252783376354,6474.045930495358,100.0,2.885705,0.41226497,2.751976,1.2076367,2.7967010897451567,0.8154885525030381,3.355432670969328,1.2818500237099268,,
2007-03-26,3026.446666005489,6631.482770495359,100.0,2.8300397,0.36129576,3.724368,0.94034576,3.4441178524770413,0.655526300832936,4.033793741876306,1.1218825945338602,,
2007-03-27,4089.658972006161,7184.863946210106,100.0,3.2018065,0.3476821,5.218596,1.0406747,4.487036777469608,0.6750711130180378,5.126560626443519,1.1414200743279563,,
2007-03-28,3805.068272006162,9022.124614053264,100.0,2.7856863,0.34438682,4.821119,0.79019076,4.217326560959743,0.5650989029923574,4.843959183542735,1.031449641291615,,
2007-03-29,2828.452272006161,7289.596807553265,100.0,2.7648582,0.33869943,5.245988,0.74435776,4.552399955381526,0.5445702172824068,5.195047940826782,1.0109187604698837,,
2007-03-30,2118.606372006161,5482.961287553263,100.0,2.8679082,0.35485515,5.6210837,0.77132505,4.853755809794325,0.5650739365183709,5.510807574947058,1.0314206151534195,,
2007-03-31,1696.904572006161,3856.483567553263,100.0,2.910091,0.39454108,5.850515,0.82469094,4.952032962914931,0.5852481988475344,5.613782040043186,1.0515942918795433,,
2007-04-01,1436.457072006161,3138.154067553264,100.0,2.5238411,0.37755677,5.6566024,0.81968164,4.672895374385964,0.5746586416428822,5.321302628966646,1.0410064268379506,,
2007-04-02,1365.924460591163,2710.520264364137,100.0,3.6718268,0.36677417,7.1265383,1.0297105,5.968942583665171,0.6956202794801829,6.679296464533648,1.1619609615551258,,
2007-04-03,1168.5095099013035,2077.9143649889497,100.0,3.7131224,0.45124194,8.600116,1.1117171,6.841103862528884,0.7298695899689661,7.593144071192861,1.1962065734592369,,
2007-04-04,1198.724845744529,2375.8147837433385,100.0,3.5322418,0.42787215,7.39442,0.9209016,6.099235424561637,0.6286702041946747,6.8158168578411695,1.095010278459256,,
2007-04-05,1317.0584873960222,2287.0892905987143,100.0,3.3743548,0.3625289,5.0824604,0.8476022,4.458269868213858,0.5539389539308712,5.096418757260104,1.0202881008085536,,
2007-04-06,1078.2636401555912,1632.499716699801,100.0,3.2344084,0.3371618,2.839426,0.9160725,2.996538646011979,0.5677525448173866,3.564821779315192,1.034112366745834,,
2007-04-07,969.4736841976,1468.077216437414,99.96184216739248,3.1933427,0.31284526,2.2311463,1.0406796,2.613835386405893,0.6390069086121354,3.163826612105583,1.10536992904199,,
2007-04-08,447.6571560118188,1461.5854694846803,100.0,3.1361117,0.334439,2.599638,0.7269601,2.7254241532476566,0.5620083203174318,3.280748940555266,1.028370390828849,,
2007-04-09,969.4736841976,983.954630495358,99.76149257798822,3.205182,0.29038212,1.9797546,1.0368135,2.5879262171144,0.5417692049940241,3.1366790730880214,1.0081324480170217,,
2007-04-10,341.9082698230555,933.9397234993756,100.0,3.282538,0.33352736,3.0792856,0.8004945,3.1337542165706083,0.592751410677302,3.7085957850985607,1.059110126596865,,
2007-04-11,969.4736841976,907.348830495358,99.61813882498852,3.2593212,0.3109818,5.003283,0.96983105,4.10243860789309,0.49561904454578626,4.723579979044318,0.9619705650520087,,
2007-04-12,197.72598916735168,1411.164886354454,100.0,3.4848027,0.4466963,4.284662,0.6614251,4.186362423617877,0.5827303299683833,4.811515066281537,1.0490812775989693,,
2007-04-13,986.4093789224978,1670.255430495358,100.0,3.269144,0.34418812,3.8974133,0.7894418,3.6641393289788287,0.5125137907908912,4.264331492849087,0.978868434070648,,
2007-04-14,969.4736841976,1109.5906173885153,99.79600441227188,3.2848449,0.3422269,5.663938,0.93517584,4.554560033974796,0.5239920580664685,5.19731126379295,0.9903405875195181,,
2007-04-15,2089.9335186900053,5167.580118791972,100.0,3.380919,0.38556358,4.308468,0.68871564,4.041363233495583,0.5027996415347197,4.659585410526333,0.9691515840138545,,
2007-04-16,3814.237672006161,10356.403467553262,100.0,2.8436117,0.350119,3.4833279,0.6796314,3.31113880171155,0.5055596797580851,3.8944587470503693,0.9719169978001868,,
2007-04-17,3791.464472006161,8487.313467553262,100.0,2.7014332,0.33826205,3.4238963,0.72410464,3.2008127691543153,0.5112965111293901,3.7788595072675744,0.9776546943644234,,
2007-04-18,3526.706472006161,8216.618572553263,100.0,2.780643,0.31790006,3.7115893,0.7239441,3.4320114054836957,0.5154507957434964,4.021108648100498,0.9818071818639762,,
2007-04-19,3533.123672006161,8592.435967553263,100.0,2.9727921,0.3129461,4.8572736,0.76616585,4.308176782463206,0.550526044909814,4.939151735078117,1.0168761753494207,,
2007-04-20,3317.827772006161,7328.361157553264,100.0,3.2672038,0.31045845,7.022162,0.9748182,5.851949359227267,0.6779607241160664,6.556711363888944,1.1443019685034213,,
2007-04-21,2588.847959839085,5583.873979245934,100.0,3.5399337,0.33364698,9.09317,1.1050687,7.334088546620319,0.7623807534770707,8.109691738000029,1.228716031224284,,
2007-04-22,2087.4084983398634,3792.629411321058,100.0,3.8380356,0.35517627,10.460262,1.331805,8.109377400325757,0.8682196478324934,8.92203674872022,1.3345528053665698,,
2007-04-23,1746.1133783747027,2417.054086320575,100.0,4.167863,0.3956603,11.605919,1.5320156,8.4862535844567,0.904806573582547,9.316926326165834,1.371138948782084,,
2007-04-24,1571.4307453055371,1800.906674408582,100.0,4.2183,0.48929963,12.203524,1.5477494,8.48259521773199,0.8574052965693925,9.313093102017186,1.3237376785822816,,
2007-04-25,1372.0150353752583,1815.7886091650576,100.0,4.3487935,0.6369198,9.633678,1.2636806,7.3590899131950644,0.7702309982431531,8.13588808443415,1.236566196890764,,
2007-04-26,1470.914840154981,1767.6283150845304,100.0,4.8231096,0.71291333,9.074551,1.4244976,7.1435874263934815,0.8422344015631311,7.91008531542185,1.3085703054972675,,
2007-04-27,1112.267433981394,1519.4022869901437,100.0,5.3156576,0.9100204,9.229586,1.3546063,7.575375526091806,0.8715440300496875,8.362511410291974,1.3378785742548112,,
2007-04-28,1041.7430137261963,1297.7636994867407,100.0,5.444585,0.85997266,9.427744,1.3419266,7.654110134440503,0.8371091687933556,8.445009263778946,1.3034434880450028,,
2007-04-29,969.4736841976,1057.4243361621686,99.99078891590698,5.4672914,0.82419235,9.372528,1.402849,7.504637243194867,0.8312791067763913,8.288392079279285,1.2976138591353117,,
2007-04-30,483.0362358746424,1031.0878045478594,100.0,5.6968684,0.83800197,9.846676,1.2058417,8.522803245288387,0.8635762532233067,9.35522293584651,1.3299085611930899,,
2007-05-01,721.2020763028478,946.846743443362,100.0,5.8697762,0.8723195,12.299942,1.4370521,9.519778242186108,0.8986961437623027,10.399849929607406,1.3650272071582386,,
2007-05-02,758.0836345885439,979.0213506978072,100.0,5.929142,0.876231,11.635172,1.4693003,9.145024250241079,0.9121153884321977,10.00718397787984,1.3784467862997927,,
2007-05-03,638.4362313056672,511.0050704953581,100.0,6.0517483,0.8231299,13.471309,1.6464477,9.3502490307583,0.8630109731962599,10.22221780137997,1.3293421680017956,,
2007-05-04,307.5583754360196,533.116015028239,100.0,6.1958914,0.9109043,13.281132,1.358654,10.689016365747959,0.9237972611887937,11.624973638634936,1.39012831345627,,
2007-05-05,504.2893500619844,471.204690495358,100.0,6.3978395,1.0125993,16.015537,1.5804309,11.043592453974313,0.9256479160332918,11.996497251820788,1.3919792739223293,,
2007-05-06,151.80714064641782,327.398810495358,100.0,6.2038364,1.288853,15.451368,1.2735317,12.52185259646275,0.961125662648898,13.545413175940668,1.4274598441740671,,
2007-05-07,147.09793942512002,315.587830495358,100.0,6.465667,1.4447765,15.700179,1.1855772,12.764325387828936,0.9300028604311595,13.799475337882386,1.3963377437118487,,
2007-05-08,122.05047607715277,313.56135049535806,100.0,7.1858926,1.5812562,17.251898,1.1846074,14.431587031585345,0.9609289285452051,15.546426388961535,1.427270457996065,,
2007-05-09,103.4105262964,331.14976049535807,99.97428531738274,8.534689,1.8399879,18.558952,1.2010268,16.17351955369975,1.0145690249807675,17.37161733113457,1.480920894234244,,
2007-05-10,103.4105262964,540.953810495358,99.97801920967652,9.668852,2.153468,18.9198,1.2261881,17.43516550408675,1.0858685163183388,18.693565645229135,1.5522300413461785,,
2007-05-11,259.0172460504937,569.1446340893287,100.0,10.255649,2.4218528,21.060123,1.3251135,17.680898460224057,1.1845114721172987,18.951043796673716,1.6508750896139923,,
2007-05-12,483.2973199852774,511.19529049535794,100.0,10.247966,2.5253496,25.767918,1.5104977,18.225628186117397,1.4522408917476093,19.521809741399345,1.918609393930599,,
2007-05-13,103.4105262964,384.684980495358,99.96790034933238,9.071036,2.386681,20.305843,1.1046368,17.925577011872818,1.0067948110605396,19.207417146699502,1.4731605806559895,,
2007-05-14,126.15681678645804,378.46012148923774,99.89316824139158,8.849095,2.39645,18.809135,1.1298683,16.319074446540576,1.037800305570851,17.524129250298675,1.5041531959115353,,
2007-05-15,159.8787935894587,378.9130418211996,99.84608038295502,9.061592,2.5904164,20.533684,1.396442,17.129504172839212,1.2471204396509812,18.373294747198955,1.7134794582742925,,
2007-05-16,133.52078971085925,397.4181045616849,99.80147907556218,8.359542,2.3514671,21.748827,1.3284647,18.38168259195512,1.1569302846468856,19.68532301439081,1.6233002487243335,,
2007-05-17,107.04511466595224,349.49626706890865,99.7881165382706,8.085526,2.2252924,20.642534,1.2238699,17.698296575724708,1.0723976470941878,18.969273482622818,1.5387614153571294,,
2007-05-18,138.36272746372836,371.7310180117208,99.65705156680202,7.615415,1.8963872,19.766197,1.1905361,16.47030234558548,1.0086315535744232,17.682585325971214,1.474985530463033,,
2007-05-19,192.9010251391637,393.36159607307394,99.50313530151476,6.990443,1.8267716,18.63662,1.4079418,14.804617879030445,1.1196905497723466,15.937286835772351,1.586034001464316,,
2007-05-20,286.3615660179402,384.57281876718,99.3415840086497,7.7602043,2.170522,18.937138,1.4711031,14.166709686551098,1.2526933318942235,15.268888812272559,1.7190335930467406,,
2007-05-21,264.4578282172768,383.3964164329517,99.14428336686365,7.945261,2.1671119,20.16566,1.2114427,15.177223362063883,1.1386602145271736,16.32770158720666,1.6050057451424853,,
2007-05-22,244.60841587616795,386.6419480282819,98.89718978988172,7.8139195,2.0987244,21.202595,1.3507979,16.014506445745734,1.1601351117200482,17.205003940179466,1.6264858931681692,,
2007-05-23,254.7921496466223,420.59107555638815,98.60345177486928,8.119371,2.1275754,22.773577,1.3052227,17.24519472148275,1.1423253496924493,18.4945149085993,1.6086853044047809,,
2007-05-24,250.45771746819048,422.3592465700486,98.32685312207292,8.306679,1.5004584,26.723461,1.4463452,19.86777004294189,1.0659886410966617,21.242440365598927,1.5323739218499237,,
2007-05-25,260.4902727161822,413.7668482104192,98.03277518892192,8.2431965,1.1410304,29.992283,1.6421406,21.589812553629788,1.0999211358486265,23.046790621789867,1.566327323494339,,
2007-05-26,266.4322011594337,406.40069120667056,97.69177896180936,7.77025,0.9298176,30.305786,1.698349,21.38203611112532,1.089902937750483,22.82908317558192,1.556306422978608,,
2007-05-27,259.00728870715795,399.37324669982513,97.36010348861342,7.5909348,0.8250414,30.58981,1.8343635,21.542038638116853,1.1590949570452702,22.996733276422376,1.6255005189562852,,
2007-05-28,249.86924166695064,417.07474206411086,97.05909147746728,7.5305653,0.73385715,29.733124,1.6219126,21.41497923470209,1.0508696431979265,22.86360086785523,1.517273553604284,,
2007-05-29,274.15033282470506,397.3053589221357,96.71669990961018,7.475806,0.77615076,29.619347,1.7195948,20.578304833817736,1.0657034600409556,21.98693629063696,1.532096956366884,,
2007-05-30,283.7772470529741,427.7490431228449,96.3361854357236,7.786178,0.7691771,29.594944,1.5833522,20.896977908434742,1.000077987059204,22.32084084889125,1.4664753555439924,,
2007-05-31,289.1543803561796,436.9002380748733,95.94438543030458,7.8367367,0.7057422,31.439142,1.6963286,22.039382514986745,1.0587470216727952,23.517848490521654,1.5251592255159987,,
2007-06-01,572.0212527737222,658.11935481951,95.45309295808218,7.756508,0.75070506,35.734352,2.2004728,22.724521030472502,1.2279078326820854,24.23573428501878,1.694329649498323,101.5871459050754,4758.412854094925
2007-06-02,489.6597000480505,608.7127124564972,95.05044837282225,7.7006025,0.7166755,34.56245,2.0769782,22.587309532589337,1.1945701191530598,24.09196454657084,1.660989967824258,106.88238701308656,4651.530467081839
2007-06-03,582.2967553178777,543.70298481951,94.65942380525026,7.20624,0.7281467,35.34967,2.7665977,20.795645640849987,1.3879420819555242,22.214665245302974,1.8543382065740686,20.289349506422166,4631.241117575417
2007-06-04,146.24603012829715,525.6932253751665,94.80073329973636,7.365629,0.6850689,24.404083,1.457441,20.695703000653367,1.1499398597823134,22.10994568854178,1.6163347690917331,23.436409513097992,4607.804708062319
2007-06-05,183.04615984693208,516.4261567325692,94.719858100794,7.1804876,0.60540897,24.132524,1.3966252,19.69631568720854,1.0432399569332003,21.06279107774892,1.509623341692294,28.06965307273764,4579.735054989582
2007-06-06,279.35282426501124,521.0785832473729,94.4804327698041,6.9680448,0.5821203,23.893589,1.3411509,17.98652621911922,0.8964110723826064,19.27127951770784,1.3627773887145933,34.431602071018034,4545.303452918563
2007-06-07,435.30938759834294,543.875054324152,94.12646355876896,7.1101394,0.647882,27.00454,1.5629424,18.160220930338305,0.9146490819391947,19.45327624237753,1.3810169796786562,42.63558525730734,4502.667867661256
2007-06-08,433.95698029414405,543.875054324152,93.73557646068934,7.6395817,0.592559,28.327875,2.5774941,19.146513678295964,1.457534882113909,20.486710412214467,1.9239124137030887,53.31008168767491,4449.3577859735815
2007-06-09,539.8745506207395,543.875054324152,93.28758141373,7.774638,0.7500571,33.79151,3.629501,20.83109360374756,1.8593783730962608,22.25180749965425,2.325774931507916,69.60473558841603,4379.753050385166
2007-06-10,792.310208714154,543.875054324152,92.6796117121392,7.4231234,0.81012124,38.901188,4.3646502,20.235818225942538,1.8403676340714075,21.628079993637233,2.3067570983286676,96.26243458359153,4283.490615801575
2007-06-11,605.209618783461,543.875054324152,92.23070356901486,7.4107246,0.75568676,34.37985,2.5828454,20.175522602141356,1.2856501887325986,21.564902445128634,1.7520389570176662,131.92413156163693,4151.566484239937
2007-06-12,648.1679721333041,543.875054324152,91.7151874943914,7.3152523,0.7195509,34.362114,2.6941905,19.655505987808723,1.2900004994060914,21.02003081421877,1.7563834378314407,166.26485005517895,3985.3016341847583
2007-06-13,598.3844372786103,574.2109803241519,91.19874211316656,7.1726327,0.72001576,32.11817,2.7071872,19.388271769347412,1.3756653713340357,20.740023713609485,1.8420454340937829,159.09900180114752,3826.2026323836108
2007-06-14,488.3263867521548,572.62433381951,90.73386232986267,7.151792,0.64410996,28.279568,1.9750925,18.555034662869218,1.1064688879815292,19.866960721720194,1.5728405086439396,107.0885086283492,3719.1141237552615
2007-06-15,547.5978379903187,569.42073481951,90.24888669779554,7.2069597,0.6163402,28.266888,2.246982,17.942644819514005,1.184621482452955,19.225300737202556,1.6509874047246165,67.27244377492411,3651.841679980337
2007-06-16,602.1910739264557,572.98504481951,89.7496614983585,7.154088,0.59002745,29.225677,2.5161026,17.915615998913434,1.2634934488579113,19.19698003137068,1.7298591295033112,46.564086404734994,3605.277593575602
2007-06-17,492.19049231006534,567.0590048195099,89.29955620718117,7.3602023,0.60064894,28.81157,2.0553854,18.84398474530338,1.135175322855319,20.16972163036826,1.6015497811530852,34.375927338074746,3570.9016662375275
2007-06-18,545.2254855632301,556.75044281951,88.83532509510931,7.443351,0.6069783,31.470623,2.4072022,19.582630885214684,1.252718886695701,20.94367253083181,1.7191010328259162,27.030772249003853,3543.8708939885237
2007-06-19,283.52785941629236,543.70298481951,88.65280647429941,7.572566,0.5960531,28.78458,1.7712747,21.514303715444843,1.1819710874825289,22.96767271925373,1.6483762873232926,21.91616317139168,3521.954730817132
2007-06-20,184.62281386285463,543.875054324152,88.78907474914763,7.3172474,0.5548615,26.51401,1.449512,21.64898462395174,1.091260801515084,23.108790914803606,1.5576677678038908,18.78919009674378,3503.165540720388
2007-06-21,235.65165477666213,543.875054324152,88.68196196449576,7.159718,0.5402208,26.110344,1.4774461,20.38155196303421,1.0436689500724128,21.780779305196027,1.5100601136501142,16.419294678057724,3486.7462460423303
2007-06-22,281.0162303490069,543.875054324152,88.36946866901135,7.1826596,0.52415305,25.296963,1.444471,19.125951756924724,0.9689771793688675,20.465165701289095,1.435354498761566,14.405595063665785,3472.3406509786646
2007-06-23,305.929867457289,543.875054324152,87.95222063910167,7.1126294,0.50937295,24.440693,1.3812798,18.202588096258438,0.9028375340561866,19.497668414003734,1.3692058227622828,12.837834482603354,3459.5028164960613
2007-06-24,322.66439342335,543.875054324152,87.4875480315523,7.1400642,0.52230704,25.144867,1.4870805,18.440603498401863,0.9533992122230849,19.747060138754666,1.419769735504873,11.493947855946166,3448.008868640115
2007-06-25,315.9864708260225,536.3246455056459,86.94431731098376,7.5972815,0.57616,27.55626,1.5805027,20.15665259888483,1.017226221997058,21.545130520220322,1.4836147733259988,10.137631584130528,3437.8712370559847
2007-06-26,323.13038687109696,519.7218572101946,86.46918122202719,7.7937937,0.6082576,31.483017,1.8042178,22.40110736859779,1.136698341827621,23.896862555640748,1.6031155540573385,9.093609012040917,3428.777628043944
2007-06-27,313.81253989985527,482.9093375139736,86.01665152435393,7.661907,0.5882114,33.098434,1.9903861,23.079503815692494,1.2284589255262826,24.60768403392434,1.6948859340341242,9.751390178664234,3419.0262378652797
2007-06-28,196.4677730707488,282.8876584669296,85.71623300510772,7.533524,0.56046546,34.196125,2.7515976,23.26823833737389,1.6399999598029291,24.80543942058542,2.1064297872398123,7.853175166968851,3411.173062698311
2007-06-29,261.4832067698073,349.18280555144804,85.31510125998601,7.248395,0.51533633,32.240246,2.530812,21.538898155569782,1.463861854481358,22.993442689544757,1.9302673753502604,7.368103719209427,3403.8049589791012
2007-06-30,298.1863283360621,403.519728089772,84.88351822501899,7.273855,0.509036,29.895039,1.9206232,20.282284720803297,1.1254477052258978,21.67676742811457,1.5918377086663429,6.906341354631553,3396.89861762447
2007-07-01,325.15762359832576,448.01822392065856,84.41108037174885,7.167356,0.49307767,27.538431,1.6828431,18.971414481474337,0.9969309686857147,20.30324207233143,1.463306708743257,6.526220557489306,3390.3723970669803
2007-07-02,335.59097800953987,458.9433681260326,83.89531576075497,7.1482944,0.49745315,25.816288,1.5482495,17.931405179826157,0.9186590914695814,19.213523881158416,1.3850249131621348,6.1465407835823,3384.225856283398
2007-07-03,334.98818989341356,451.03197072805614,83.40711933534745,7.373171,0.53355306,26.173712,1.4885721,18.16124658984492,0.8839176736324923,19.45435092490252,1.3502855808125547,5.732236660935142,3378.493619622463
2007-07-04,333.00236518019005,460.28781271520376,82.92043426961612,7.05999,0.46844023,26.066475,2.94294,18.088052099994727,1.7188559850186391,19.377657988640333,2.1852232215060736,5.506269878056548,3372.9873497444064
2007-07-05,320.2556667435654,309.7531657330594,82.67344049876793,7.4060707,0.55081654,28.162354,4.3520164,17.61120431482845,2.1579754467917467,18.878018509365717,2.6243384638128333,5.133513763056465,3367.85383598135
2007-07-06,359.3945554634966,272.7648545824829,82.35219293159412,7.5118093,0.5812159,32.789528,7.005655,18.418667830105736,3.040814513402686,19.724076020497314,3.507184828034398,4.853930139228803,3362.9999058421213
2007-07-07,304.7199899778892,412.85773966512966,81.92446147976366,7.7026567,0.5817071,30.096586,2.2651517,20.586985127387145,1.3264572294351629,21.99603147256689,1.7928508296960886,4.5600443119404295,3358.4398615301807
2007-07-08,325.80621982026184,458.1253832055559,81.44640941619186,7.6675625,0.5755206,31.168297,1.9316947,21.401264351883523,1.1539339143510365,22.849230460519916,1.6203376475964275,4.352253681758678,3354.087607848422
2007-07-09,334.7545733260932,484.51925308656223,80.94390685439872,8.008398,0.63848394,33.33184,2.089686,22.984703938511547,1.2630780413890146,24.50835304667131,1.7295036493330838,5.061402526367903,3349.026205322054
2007-07-10,372.5550183097474,452.452078797826,80.46112874726158,8.069176,0.6596532,36.065563,2.4943511,23.423011777298075,1.4000150356210712,24.96761050187144,1.866447205131748,3.880181220810384,3345.1460241012437
2007-07-11,304.7939344168806,383.6013305171021,80.0508410243728,7.665386,0.57269084,34.926643,2.5293844,22.856447288393383,1.432100511403391,24.373966167100924,1.8985242408476577,4.442680481034521,3340.703343620209
2007-07-12,239.4628998661031,276.1200424668252,79.69234350923116,7.7210307,0.56074667,33.105534,2.5325453,21.315681426603923,1.3810813019417416,22.759556963962545,1.8474839345338985,3.6305814945366888,3337.0727621256724
2007-07-13,304.14171553893215,368.6877875214949,79.20516890498594,7.669477,0.55381685,31.483791,2.3169572,20.7189149710064,1.2940603288896813,22.134267111731535,1.7604555194400455,3.5163592969907915,3333.5564028286817
2007-07-14,318.5252219555381,400.16571151741766,78.71249207839378,7.6645207,0.5458637,30.01336,2.059336,20.10831037957045,1.1718785079356857,21.494477708072328,1.638266505311895,3.399316244875588,3330.157086583806
2007-07-15,336.19692100903484,431.0001186353349,78.18458172837363,7.766279,0.5650859,29.917305,2.0449274,20.210402753816656,1.1751958873209547,21.601449748822176,1.6415850577091442,3.2636840189137426,3326.8934025648923
2007-07-16,337.3577445068392,443.8492433095967,77.66182040993392,7.782414,0.5700589,30.233189,2.0619142,20.538008192844373,1.197079643374708,21.94471360797225,1.6634726583300619,3.149125726898893,3323.7442768379933
2007-07-17,353.0498317557039,453.7636328063005,77.10571358676913,7.8738217,0.5967359,30.873951,2.009606,20.809429096433654,1.1600037582199396,22.229107502947155,1.6264000513423014,3.029779158154382,3320.714497679839
2007-07-18,270.94685081784763,389.9448337737389,76.67543667331017,7.4593835,0.51886433,29.669922,2.6431754,20.56423092546664,1.5739888313434522,21.97218969757593,2.0403821593360716,3.0018602503367813,3317.712637429502
2007-07-19,273.714717001308,418.52219005935285,76.22984568314698,7.6687613,0.5249113,27.884315,2.665801,19.890961408230392,1.6250360576011404,21.266740198872505,2.0914215973922126,2.8837623715139817,3314.828875057988
2007-07-20,317.64153315564755,547.5199681863319,75.88525049179957,7.7710357,0.55482155,26.580746,1.6205924,19.67481527647384,1.0456301996628454,21.040263020876576,1.5120133490356233,2.7841144648859038,3312.044760593102
2007-07-21,398.4264415677242,488.4071563255967,75.38427487989895,7.8397384,0.57235944,29.16182,1.9675967,19.58247907747057,1.1137096409468685,20.943513467196457,1.5800917854329741,2.6940779625828974,3309.3506826305193
2007-07-22,404.61436479169157,544.6339508962001,74.80818543225351,7.849801,0.57610947,28.466232,1.686109,19.678537772383997,0.9980901899978708,21.044163439366525,1.4644733800866687,2.616205307673446,3306.734477322846
2007-07-23,234.4685287916425,198.94256049535807,74.54464864010559,7.2855325,0.44617572,28.269072,6.6922803,16.917309558402614,3.0813312837319873,18.15095795554329,3.5476886252035316,2.6249887916425085,3304.1094885312036
2007-07-24,323.157518560549,263.776930495358,74.36622813544656,8.062148,0.6297042,28.713116,5.0147476,17.342995135122525,2.2802133701886507,18.596989847697063,2.74657412817377,2.451438560549043,3301.6580499706547
2007-07-25,148.06567213068698,250.35611049535805,74.123418601984,8.221144,0.62888277,27.598408,1.8355552,20.397226116477853,1.1768470368581072,21.797202629594864,1.6432383846497212,2.3556951306869602,3299.302354839968
2007-07-26,224.24427839454466,340.2551484533267,73.72700182178708,8.172095,0.62286377,30.398413,2.1506662,21.56913091787591,1.3197280737941162,23.025120474543588,1.786133990234965,2.2927912105157726,3297.0095636294523
2007-07-27,220.69555871561712,425.9895538860161,73.44928392413271,7.9031863,0.5702094,28.81662,2.1674473,21.679449382442012,1.4409583661724512,23.140711784611145,1.9073657349068256,2.2693616584432688,3294.740201971009
2007-07-28,213.0219086541662,353.960930495358,73.33205049497053,8.028454,0.57527304,29.210869,2.711098,21.252394321840683,1.7062523412735833,22.693244951927767,2.1726541653371565,2.20332365416619,3292.536878316843
2007-07-29,133.909591653286,310.7978127336738,73.14865476254033,8.268153,0.5676855,28.710098,2.3303795,22.554652032244178,1.6376054696595377,24.05774612934326,2.104024853066252,2.1296009636882576,3290.4072773531548
2007-07-30,187.5471240982181,328.68526120729564,72.86300320769169,8.407735,0.6220355,30.293934,2.3045137,22.34268207510439,1.4845850196350308,23.83564473283524,1.9510014127885573,2.0463976533442896,3288.3608796998105
2007-07-31,219.54034265113484,365.52832657136486,72.49214386888629,8.305923,0.6303906,30.626167,2.2221363,22.25075046603083,1.408312876043521,23.73931910710045,1.8747279882895684,2.014045518519134,3286.3468341812913
2007-08-01,251.26244173615217,401.0790582205848,72.09031394239409,8.357902,0.6545387,30.680023,2.1554868,22.08220934372801,1.3490244218870415,23.56272229528056,1.815437210897568,1.966047235026745,3284.3807869462644
2007-08-02,278.6639800812523,415.0874118956327,71.68225076578786,8.494558,0.69589967,31.485935,2.2314177,22.250827848313406,1.3640564368883499,23.739400187991617,1.8304715502085223,1.9070439251602067,3282.4737430211044
2007-08-03,302.386185564182,455.4328531750223,71.21869960267453,8.271778,0.6602938,31.511686,2.1820147,22.23846034395986,1.337549755671948,23.72644155920617,1.8039646974085999,1.892222613868767,3280.5815204072355
2007-08-04,295.0620212880324,459.8659835691418,70.78950808083067,8.485668,0.6615196,30.73949,2.1753166,22.04163090541263,1.350087567740014,23.52020434632416,1.8164998022521053,1.83204159069645,3278.749478816539
2007-08-05,301.31622756940044,455.5004276967114,70.31486942194786,8.447353,0.66790855,29.678913,2.0081072,21.22585722002432,1.2375148216238452,22.665439467357125,1.7039163080234974,1.8063452252313001,3276.9431335913077
2007-08-06,320.9493635403192,465.3249559382788,69.81830110774987,8.405449,0.66977596,29.070011,2.087547,20.634942194452925,1.2653202672403168,22.046280723505383,1.7317144432762015,1.7790530665464108,3275.164080524761
2007-08-07,326.31268008426935,451.8367791753962,69.29775311417185,8.375707,0.686443,29.764542,2.2371893,20.79525176213172,1.3305474182319634,22.21425254052838,1.796943538038502,1.7463712581984732,3273.4177092665627
2007-08-08,226.4573288953364,342.70207049535804,69.05329561392148,8.717831,0.6794262,30.657976,2.7594037,21.92842385086213,1.6833394396019312,23.4015863815451,2.1497501371073304,1.6696088953363908,3271.7481003712264
2007-08-09,159.03159796384125,364.8459604953581,68.7774791298966,8.62014,0.6522527,28.781359,2.189195,22.661091175527087,1.5374324046542742,24.169272699831083,2.0038533089655157,1.7106549638412434,3270.0374454073853
2007-08-10,204.63509925840185,743.6380304953581,68.82662236450592,8.426703,0.61442107,24.206032,1.3479791,20.800890051595722,1.0653713510601002,22.220160320955234,1.5317675397663744,1.6445932584018546,3268.3928521489834
2007-08-11,124.37639462866267,528.3036004953581,68.7617597830148,8.833305,0.705144,23.332817,1.2970037,20.569752474880676,1.0584079592927933,21.97797515817749,1.5248013532998226,1.576394628662675,3266.816457520321
2007-08-12,124.33979307092096,422.174880495358,68.57864597882744,8.871976,0.69547445,25.130249,1.388096,21.431262676330928,1.083896203714918,22.880662602331764,1.5503003247406304,1.5397930709209704,3265.2766644494
2007-08-13,144.72312948073315,360.6461892232647,68.39493918326791,8.674605,0.67655426,27.311262,1.8410739,21.974263643271808,1.3280521580578002,23.44961715933647,1.7944634761627012,1.528192820343173,3263.748471629057
2007-08-14,200.13589893452925,409.2438551197773,68.03995358688204,8.503432,0.6679774,26.545383,1.7351153,20.619945179748367,1.1857304197380085,22.030566902762676,1.6521244154364088,1.5266938116008557,3262.221777817456
2007-08-15,231.16625376667213,430.3976769183081,67.63650696937464,8.549859,0.680591,25.867636,1.6233386,19.81639052899786,1.082549863431828,21.188605086520457,1.5489345724878796,1.5001761316542814,3260.7216016858015
2007-08-16,245.4508882836063,459.8409908158536,67.27531417189675,8.642268,0.7033874,26.206505,1.6173923,20.09391851063988,1.0825573253663665,21.47939795700302,1.5489451583425224,1.4656711306068033,3259.2559305551945
2007-08-17,245.59962920065024,495.18928403752375,66.99858723553224,8.638903,0.68255925,25.933773,1.7917204,20.199867368512333,1.2188878156184133,21.59041080811372,1.685276864406627,1.4414386720330798,3257.8144918831613
2007-08-18,264.7759890836274,484.9336329847719,66.64874038122275,8.538096,0.68531257,24.413923,1.6641728,18.80703543766375,1.103309204617568,20.131006272128346,1.5696832947309693,1.4311955031870038,3256.383296379974
2007-08-19,308.35346799846843,525.7347401703603,66.23099436559303,8.356581,0.65283257,22.496681,1.6580894,17.269237667380764,1.0726162391071705,18.51970702512454,1.5389763902795897,1.4245254131510732,3254.958770966823
2007-08-20,292.5375565104645,507.2028997937292,65.81849062607579,8.239776,0.60479254,20.682686,1.5908431,16.131186030509305,1.0328971422281206,17.32726041024553,1.4992487190543968,1.4095469546833506,3253.54922401214
2007-08-21,192.32276236723544,359.788830495358,65.61085899645927,7.680573,0.62219965,19.63025,1.9601526,15.467695568185496,1.295609508849583,16.632057371851324,1.76195677027086,1.428417367235453,3252.1208066449044
2007-08-22,170.04663599059347,388.3195304953581,65.4117692156631,8.255842,0.8559524,19.123535,1.5974933,15.813852840947197,1.141159260971083,16.994759778971595,1.6075087110191788,1.3626409905934824,3250.758165654311
2007-08-23,181.34793524725148,403.4597186750658,65.1358964598365,9.490306,0.9589009,21.13132,1.413282,17.521460463603656,1.0193595556418635,18.783985208826387,1.485721807622947,1.2432557781517661,3249.5149098761594
2007-08-24,227.42797499142722,451.44372558799705,64.82305246734715,9.415909,0.8411788,25.38079,1.8763058,20.032415225498514,1.2791540068781018,21.41495502507036,1.7455411399633103,1.227747890081822,3248.2871619860775
2007-08-25,229.8222872827717,470.04251898180473,64.49831224681003,9.556932,0.80931556,27.775265,2.1368058,21.792711023848977,1.4595198371519233,23.25938694531181,1.9259287114002979,1.190873664383904,3247.0962883216935
2007-08-26,202.30270669980013,401.56809517431816,64.18376624696774,9.417918,0.89400995,28.19764,2.3198624,21.90624662072141,1.5714897673015047,23.378349155612725,2.0379001654239084,1.1853174329496472,3245.910970888744
2007-08-27,226.5589265552538,408.442683740088,63.84194641211295,9.366084,0.87758976,26.92503,2.168083,20.660264729279138,1.4292623576475392,22.072813588935535,1.8956568387678316,1.179678882773079,3244.7312920059708
2007-08-28,261.34283599384975,458.86373954104687,63.41640111435941,9.339564,0.8606194,25.874153,2.0162487,19.87421300978379,1.322023756602039,21.249191284231692,1.7884091092588439,1.1687181239111901,3243.5625738820595
2007-08-29,280.93778656906875,478.91830141037536,62.952198984088426,9.444344,0.8698303,25.947132,2.0645757,19.845638737010713,1.3404021691222778,21.219251258896325,1.8067872032515806,1.1450103980378463,3242.4175634840217
2007-08-30,308.3122854416342,502.6287656348185,62.46217400894566,9.546206,0.8919373,26.976976,2.3664832,20.349958926470574,1.5054573869999106,21.747676229480042,1.9718481801272278,1.120462707682709,3241.297100776339
2007-08-31,315.938649801672,504.3119285980652,61.935723610717744,9.524265,0.94204926,27.410095,2.4563968,20.520950475341127,1.5532359290009001,21.92684058988124,2.0196287407495808,0.0,3240.189976970648
2007-09-01,328.00428359634856,526.6935322851507,61.50328185221306,9.381589,0.9101159,25.133392,1.9988083,19.088379824356924,1.280295548564395,20.425797958777782,1.746672481468153,,
2007-09-02,334.58416770509143,539.1898824798109,60.94188654158164,9.405557,0.934973,22.89653,1.7168707,17.730588075261196,1.1183067425629372,19.003108405454178,1.584670791570642,,
2007-09-03,345.2522888602426,538.046681283188,60.36782604097224,9.534175,0.9735472,22.820087,1.7535671,17.62706461724728,1.133912695363199,18.89463688002444,1.6002758485463793,,
2007-09-04,344.3547066323909,527.9263785319716,59.78892841227332,9.40309,0.980895,23.169048,1.9155668,17.734592856956603,1.2223090502133236,19.007304602024966,1.6886731341220176,,
2007-09-05,337.51401996078044,512.8072391832413,59.22276684037018,9.624465,1.0492945,22.860558,2.0373185,17.606817557333468,1.2973276063771244,18.873422079857857,1.7636905857882952,,
2007-09-06,341.59609871612776,515.9298061448904,58.65264240267465,9.777534,1.073982,23.575405,2.4259953,18.07901244175256,1.5210056739918763,19.36818626563472,1.9873728280725247,,
2007-09-07,345.4243672259362,520.7085512111847,58.04724284099149,9.925385,1.0820789,24.944033,2.847709,18.954413070141914,1.7655603489930767,20.285428051653735,2.2319359169675055,,
2007-09-08,357.14391671528125,558.2042648799551,57.43882649929319,9.790807,1.0543545,26.204588,3.3196273,19.800377809994707,2.0657748677793046,21.171827014285693,2.5321593992795854,,
2007-09-09,360.19628586580933,556.8573537671974,56.90404934735661,10.222596,1.0991553,25.976244,3.5793335,19.788595636086225,2.2159210136308936,21.159481692739732,2.682305414672689,,
2007-09-10,351.3223463584464,572.6118807292065,56.37991821974108,10.282935,1.1109309,25.020884,2.8525605,19.416836792777914,1.8176534653927885,20.769954047515316,2.2840338316386335,,
2007-09-11,448.8204100024749,493.6398366850293,56.48390202643869,10.5155,1.2658664,26.711765,5.42865,18.99874564483171,2.9066080515313333,20.331879571870378,3.3729840689193322,,
2007-09-12,687.9530443676717,249.40028805023533,56.50544181011959,10.509006,1.2359474,32.086323,50.587696,16.250052117120525,13.490329055536849,17.451807889473375,13.95668145865602,,
2007-09-13,485.5111330827013,477.2934271277021,56.20830504622872,10.423567,1.1618257,24.372368,3.0873215,17.338439605668952,1.6387892651153875,18.59221657950791,2.105149985441293,,
2007-09-14,441.1491654210722,515.9224808606828,55.83430238234816,10.430313,1.0779736,22.393229,3.3902001,16.87908528541873,1.8938758085142908,18.110906692973916,2.360232853340614,,
2007-09-15,444.13892033015287,528.0600097074465,55.74136618443977,10.43012,1.284321,21.381634,2.5882547,16.378549370667837,1.5233613431413104,17.58644687249436,1.989714657679328,,
2007-09-16,469.7149000737734,532.7179888020653,55.48278609801916,10.227545,1.1846575,18.919033,2.357843,14.84641972384278,1.3704700782375885,15.981086665874258,1.836813755252178,,
2007-09-17,406.1849617530168,608.9250264568191,55.15772546329121,10.220034,1.0810863,17.02856,1.5052603,14.304204353606794,1.0012208106967642,15.41295525441151,1.4675617201921292,,
2007-09-18,398.6353769108152,621.6831528639925,54.77799191447117,10.317551,1.0493145,18.318035,1.2825518,15.192269937975546,0.8824706093879862,16.343467338012754,1.3488162272899369,,
2007-09-19,404.7761191668624,621.0410398414631,54.34863770640446,10.381751,1.0924609,19.264645,1.2864138,15.75955294876323,0.8901502903235716,16.93786453755613,1.3564993879909828,,
2007-09-20,406.38483284006776,623.3403559054481,53.88445457243108,10.480746,1.0368278,20.85366,1.3169912,16.759951800083247,0.8961136251939694,17.986079034276845,1.3624697561861372,,
2007-09-21,407.7110369734265,624.471988834548,53.39311936217221,10.567281,0.990785,22.824368,1.3396137,17.98283319668993,0.9000111169685749,19.267409981430397,1.366377400051911,,
2007-09-22,410.4545430270202,623.9334436205559,52.87843157330535,10.651296,1.0141183,23.666382,1.4730519,18.501877494269074,0.9754092236783674,19.811262822169653,1.4417803327078988,,
2007-09-23,408.6667668296333,627.1864539957057,52.35147561065621,10.658815,1.147557,22.147705,1.5944628,17.61508664203448,1.0662978522020143,18.882086398541126,1.5326609025266331,,
2007-09-24,412.6066733535978,627.7306367404524,51.80308591666301,10.6139555,1.1186068,21.107037,1.614849,16.945390900340797,1.0706319078625377,18.180381489634854,1.53698946832821,,
2007-09-25,411.59064858439206,631.4174446759724,51.24165630584305,10.666316,1.092928,21.262245,1.769704,17.080891862116836,1.1548991790025411,18.32235893419692,1.621257808855117,,
2007-09-26,404.0101968365276,639.4769487015363,50.67738925432589,10.791035,1.0399606,21.806244,2.118259,17.54145074085428,1.3591371872278109,18.804930952996248,1.825499608822867,,
2007-09-27,436.50035187143885,595.03801881951,50.123449620675096,10.85889,1.1651623,23.491156,2.9620078,18.14575236060663,1.7783349221767337,19.438116124471012,2.244702686869575,,
2007-09-28,415.3370367835193,594.4597635752184,50.17191884833471,10.993108,1.531125,22.148352,2.358616,17.560115765403946,1.5246417999361146,18.82448810191619,1.9910043803131439,,
2007-09-29,535.3914301595048,493.3839100567282,49.78160101203434,11.042428,1.6263533,21.311457,2.943155,15.967287037373634,1.645801416274558,17.15552760549865,2.11215188026413,,
2007-09-30,498.0968593275985,538.1994556329659,49.3158239741698,11.355861,1.803216,18.91458,1.9386069,15.281473704080316,1.3284851664756434,16.436934739209516,1.79483130717504,,
2007-10-01,457.6086949623153,521.2960775389329,48.99051490768135,12.029298,1.5979788,18.18631,1.5751964,15.30809091224016,1.1232413405297395,16.464824158933027,1.5895876389877535,,
2007-10-02,443.5362459818156,525.2242630015215,48.60773939556682,12.633765,1.485288,18.531227,1.5493597,15.83113964564032,1.0807566885187279,17.01287283383706,1.547106251457663,,
2007-10-03,429.0214174569359,535.69239669366,48.10913652911869,13.253761,1.2657517,19.210194,1.4793359,16.561286767463404,0.9958119466340164,17.777918492200214,1.4621665898321206,,
2007-10-04,409.8905543345994,553.3241914912746,47.584980776995735,13.561984,1.1931417,19.909496,1.4839418,17.208348589175532,0.9922099233634634,18.455907657119997,1.4585695782809243,,
2007-10-05,390.9699621274871,574.6953515190085,47.08484078629861,13.741863,1.168059,20.127382,1.5498813,17.542070269045688,1.0365473558144678,18.805580092517452,1.5029097826734117,,
2007-10-06,371.7479025934466,595.4670522747681,46.59036153573922,13.93113,1.1298419,20.272816,1.5128906,17.835396601697322,1.0276701845413148,19.11292642118393,1.494035152978212,,
2007-10-07,313.9931208755319,697.6399741845099,46.26524513365544,14.022559,1.1212614,19.464724,1.2642418,17.775571463368458,0.9387378159163007,19.05024184574495,1.4051022580005297,,
2007-10-08,367.7767975770497,669.6107729391144,45.86740041636599,14.133737,1.0891579,19.680792,1.3803427,17.71423830075114,0.9710527738415599,18.985977167611452,1.4374166805540487,,
2007-10-09,330.34133519596253,666.5535925850263,45.48122405337433,14.14811,1.2873017,19.468246,1.2263011,17.70531156692959,0.9242666258984357,18.976623766427746,1.3906304550488637,,
2007-10-10,408.4253872992378,329.0262431444806,45.47055440294193,14.466904,1.1728079,21.583578,3.0289958,17.64212569768755,1.499427657709919,18.910417828626024,1.9657909404600813,,
2007-10-11,482.7212674072,865.895440495358,45.67253886923789,14.072981,1.4730135,15.910809,1.1173564,15.252980061648872,0.890320186502662,16.40707919807049,1.3566661592198812,,
2007-10-12,673.9780474072,1494.945530495358,45.92729018624831,14.380563,1.6553793,12.471546,1.1159704,13.064759921998421,0.9253424500060389,14.114269615801094,1.3916782960702851,,
2007-10-13,220.8339974072,905.113030495358,46.121378181409945,14.357027,1.361434,11.59177,0.90370816,12.134124932968058,0.7739814906319603,13.139153455511645,1.2403146897466208,,
2007-10-14,88.02566559040895,738.3039538369666,46.257195335032776,14.335948,1.1110889,10.996224,0.7632791,11.351992107606407,0.6921647660168048,12.319637354685018,1.1584965066553328,,
2007-10-15,187.36787672062025,696.1704361970602,46.24524970855817,14.263324,1.0938985,11.618212,0.78069574,12.179148401636715,0.6574249454033485,13.186328892077634,1.1237582497729168,,
2007-10-16,230.1088791285489,685.1457484548274,46.166544126245846,14.306238,1.0806372,12.583836,0.8165129,13.016873702299977,0.6688914509128703,14.064094598491916,1.1352271366031865,,
2007-10-17,261.8501773197037,671.1022571986949,46.0141744734416,14.521092,0.954149,13.5030775,0.79674673,13.788802024441845,0.6326049268632793,14.872918455727202,1.0989435174116622,,
2007-10-18,291.4781552649024,650.2489376105414,45.78344690847692,14.544225,0.9047581,14.926768,0.80533403,14.808365537253286,0.6226038202417188,15.941213619247515,1.0889472920529704,,
2007-10-19,239.20671807209192,689.2299216982622,45.6520490960568,14.581834,0.9386021,15.728631,0.8723186,15.433164880048256,0.6912504237069075,16.595876234858377,1.1575974743200765,,
2007-10-20,100.8360004072,440.557600495358,45.99523552414081,14.210597,0.9902895,15.042372,0.88252735,14.88745149404434,0.7414615282084897,16.02407961443136,1.2078054283383837,,
2007-10-21,154.12776970652686,450.5663810356955,46.05853884874031,14.1963,0.9766434,14.482628,0.9148218,14.409646933325167,0.7256789076428639,15.523437629002995,1.192020328991089,,
2007-10-22,276.3604368846636,533.0355960110064,45.92158009332999,14.412278,0.9149929,15.134564,0.9457656,14.88794676334755,0.6968048258065441,16.024598555914274,1.1631487286412872,,
2007-10-23,89.23280966093061,802.538609326328,45.92551763364212,14.363171,0.8656575,15.047848,0.84069955,14.979337295251385,0.7615194761631856,16.120357242840207,1.2278638829174748,,
2007-10-24,90.3250874072,1307.019930495358,46.600824070243966,13.885304,0.9882451,13.76542,0.83404654,13.773169354041782,0.7827444030177838,14.856538597119627,1.2490829279774553,,
2007-10-25,38.7789474072,1005.477430495358,47.039728650926,13.785275,1.0253557,12.5826645,0.7996359,12.62732400873598,0.7708819882664436,13.655925761184573,1.2372164667795031,,
2007-10-26,38.7789474072,897.280930495358,47.36358431650976,13.619628,1.1095258,11.394058,0.74417156,11.486258794357113,0.7148215024325946,12.460321530094701,1.1811534436974664,,
2007-10-27,1178.6028474072,3831.4337304953583,49.02723235918156,14.274194,1.3257626,11.083323,0.92178994,11.833969724735283,0.7708516307103123,12.824651854354594,1.2371841873795513,,
2007-10-28,38.7789474072,3509.0549194953583,51.13228168702302,13.141076,1.2453933,11.112274,0.82628953,11.134449617203341,0.8173712896709445,12.091697076872489,1.2837027490177229,,
2007-10-29,38.7789474072,1877.201130495358,52.39525215246493,12.782927,1.0839527,9.378481,0.7607436,9.447386021628729,0.7456691912058967,10.323997608367812,1.2120003066947498,,
2007-10-30,38.7789474072,1269.028330495358,53.318581282794376,12.698239,1.0317241,8.57721,0.7079713,8.699406690017547,0.6876594310238385,9.54026742154505,1.153991435675536,,
2007-10-31,38.7789474072,894.0749304953581,54.02131521980266,12.72103,0.9269094,8.850393,0.6493171,9.011296551290199,0.6235165552127067,9.86706455204438,1.0898481113208804,,
2007-11-01,38.7789474072,842.6308304953579,54.58478596639112,12.209432,0.9263687,9.457537,0.65781796,9.578610450192825,0.6301956062184558,10.461494116049002,1.0965266316942701,,
2007-11-02,38.7789474072,681.563530495358,55.03023249133884,11.767078,1.0167229,8.669213,0.6989029,8.835983895987304,0.6635394680772856,9.683372551094338,1.1298712626177818,,
2007-11-03,79.24355861162798,585.6149314339838,55.335898391597325,11.858808,0.982829,6.9819455,0.6637869,7.563211918605584,0.5962906094931982,8.349766423947125,1.0626251890833878,,
2007-11-04,136.49297545179397,550.8578600456154,55.53708975720293,11.735691,0.9736554,6.4064355,0.74061483,7.464710119747934,0.6242422637142135,8.246556575815633,1.0905771360891672,,
2007-11-05,248.1099128614004,546.6910333994532,55.564467217469335,11.701022,0.9355315,5.6869683,0.94935834,7.564352062247026,0.7153308121921247,8.350961062557241,1.1816653884583426,,
2007-11-06,38.7789474072,881.6673304953581,56.1937003992135,11.123256,0.9096428,6.888656,0.62651896,7.06706233074548,0.6013457706700585,7.829902581789828,1.0676819378318365,,
2007-11-07,187.50282229285384,590.030531511245,56.51634054554945,10.640456,0.89943,5.4671664,0.8323783,6.714709604761563,0.6678518428519,7.460708599961418,1.1341893084396917,,
2007-11-08,265.2209448574567,551.4653549044531,56.43557899334356,10.363194,0.9116938,3.9948053,1.0714797,6.062955839655975,0.7817497885503867,6.777803232792574,1.2480900301071727,,
2007-11-09,299.8290623797745,537.1303999439191,56.285533769346806,10.219665,0.9107172,3.157165,1.1842602,5.687207072145821,0.8270814974003236,6.38409495862834,1.2934235601413782,,
2007-11-10,237.1784208224736,549.3070703882975,56.27962426429182,9.443658,0.93710345,3.112019,0.9359121,5.021435207250731,0.71214399031844,5.686501474418534,1.1784896764586357,,
2007-11-11,224.13206465912512,534.273678174703,56.25752766118522,9.279202,0.94202584,1.9276649,0.9867182,4.100268805968104,0.7487903269420441,4.721306468004413,1.2151418623664545,,
2007-11-12,278.9616475133432,553.3792386593738,56.10735473940892,9.650329,0.8497209,0.8287517,1.2588795,3.7853307499826228,0.8840865492431151,4.391315449504715,1.3504403070891149,,
2007-11-13,73.55589651588079,578.5642348408336,56.42260148422986,10.065085,0.7570098,3.7763042,0.7336567,4.48564737737255,0.6564806261495749,5.125104817771249,1.122829596400397,,
2007-11-14,119.85150346563054,537.8148281924562,56.574857110922906,9.875506,0.7304064,5.2437367,0.9165199,6.087819115780457,0.7612234585822243,6.803854888524949,1.227563585327301,,
2007-11-15,811.9855474072,1349.279930495358,57.761794323230994,9.903186,0.74938226,3.8179288,3.496907,6.104154537081585,2.2012014985815664,6.820971087124426,2.6675415502790583,,
2007-11-16,38.7789474072,2064.624130495358,59.32371197728445,8.517285,0.8177545,6.5364594,0.6688123,6.572978525080854,0.6566549473294525,7.312203259155431,1.122992975244867,,
2007-11-17,38.7789474072,1431.520030495358,60.42950110469214,8.207332,0.72041374,4.713384,0.5885659,4.805536569853313,0.5733574583451394,5.460283620166091,1.0397044283430543,,
2007-11-18,38.7789474072,1162.012530495358,61.3268660186661,8.184909,0.8208327,3.8668003,0.5937463,4.006251418412918,0.575182745681173,4.622795370706452,1.0415349326808347,,
2007-11-19,38.7789474072,1072.563630495358,62.26919111660179,7.5691166,0.76021314,3.3900604,0.5993263,3.5358835063256433,0.5790215149876167,4.129945480293677,1.0453771136078833,,
2007-11-20,38.7789474072,1556.243630495358,63.47977296048784,7.834112,0.648443,4.235214,0.5866085,4.322712351380213,0.572563707765282,4.954382054502001,1.038913741826401,,
2007-11-21,38.7789474072,1509.302730495358,64.64694890888894,8.475494,0.62122905,5.224871,0.5678566,5.306298223416546,0.5538506444911534,5.984979969001567,1.020194718243147,,
2007-11-22,43.9330924072,1420.623730495358,65.44970857286725,8.537111,0.654076,5.988094,0.5898673,6.064558088812091,0.5725090428749134,6.779482063981338,1.0388492770116446,,
2007-11-23,38.7789474072,1101.6063304953582,66.14423567676197,7.009735,0.7005296,4.3792048,0.68365926,4.468656271715856,0.6608408232928326,5.107301595345354,1.1271899030613932,,
2007-11-24,38.7789474072,802.533830495358,66.71426374774198,6.6240535,0.7289925,1.9850754,0.5874334,2.1989015241122956,0.5613631622527387,2.729060329574803,1.0277298397933055,,
2007-11-25,38.7789474072,713.241230495358,67.22715581558053,7.0895176,0.6824445,1.2081853,0.5724187,1.511464245411244,0.5440404973261262,2.0087658988386217,1.0104136670280677,,
2007-11-26,487.9057174072,1991.2539304953584,68.16514779530777,7.8417835,0.6269667,2.3278499,0.7007147,3.4130077972901023,0.5761789703387549,4.001196732395836,1.0425355018691622,,
2007-11-27,615.2936474072,5632.316830495359,70.14925739051901,7.87494,0.6253833,5.027879,0.6461601,5.30827097455691,0.5857702447452527,5.987047010902929,1.0521143076546133,,
2007-11-28,135.5874874072,3486.999930495358,71.24724923838869,7.0356827,0.6262469,3.9990878,0.6201564,4.112742560806491,0.5974049721020483,4.734376425684678,1.0637564218382909,,
2007-11-29,38.7789474072,2466.404130495358,72.13486641606471,7.0835304,0.62888527,3.5980048,0.6021877,3.6519589642419197,0.5929460474531975,4.251568948314248,1.059300780652531,,
2007-11-30,38.7789474072,1762.025130495358,72.85415164933374,6.3946104,0.67926276,2.9417686,0.5500861,3.016122969739464,0.5384391138633069,3.585342166771189,1.0047987766175348,,
2007-12-01,38.7789474072,1313.467630495358,73.49449810202522,5.74797,0.6723607,1.8682427,0.52129775,1.9795033242002298,0.5067152587713211,2.4991756456821683,0.9730839495986783,,
2007-12-02,38.7789474072,1185.994230495358,74.01502238751925,5.668193,0.63039756,0.6627049,0.3766673,0.8211893771275228,0.36528691545998315,1.2854982514375342,0.8316671478403077,,
2007-12-03,38.7789474072,1698.479330495358,74.8399162343819,6.217716,0.56326866,1.0562991,0.4094843,1.171511851692783,0.40054120694377443,1.6525649427695421,0.8669177868452103,,
2007-12-04,38.7789474072,1352.436730495358,75.85970110857099,5.6510725,0.5658744,0.83450514,0.39836648,0.9687628373815538,0.3875834390208765,1.44012521863707,0.8539621156873336,,
2007-12-05,38.7789474072,1047.074390495358,76.67158817711744,5.3330812,0.62934875,0.41089472,0.36091098,0.5866801668589098,0.34874682912122623,1.039780302547714,0.8151295849148427,,
2007-12-06,38.7789474072,814.9352304953579,77.02698689912779,5.011013,0.62571317,0.12243384,0.37401754,0.34449171516711724,0.35815777304533,0.7860160707448598,0.8245432008869381,,
2007-12-07,38.7789474072,716.0067304953579,77.18252151592742,5.1724777,0.58668315,-0.100358605,0.4054237,0.17054616747884305,0.3857734529395708,0.6037565204801948,0.8521608412916222,,
2007-12-08,38.7789474072,687.2488304953581,77.35570592153493,5.646022,0.527776,-0.21793592,0.5217808,0.095272633133423,0.4947149808304522,0.5248851685027686,0.9611032283021474,,
2007-12-09,38.7789474072,684.8284304953581,77.54294671386994,5.5659432,0.50509274,-0.06707096,0.5381461,0.23480871596263203,0.5100250268265045,0.6710905991109763,0.976411686856864,,
2007-12-10,38.7789474072,770.162770495358,77.93768229907813,5.8090096,0.46755558,0.2578842,0.58567685,0.5239933605133469,0.5580510367082112,0.9740972811429607,1.0244344776879841,,
2007-12-11,38.7789474072,780.6611304953581,78.25764321459161,5.7629075,0.47698027,1.1575214,0.6558126,1.375465340830133,0.6251847547602315,1.8662667115075324,1.091559272863725,,
2007-12-12,335.7216474072,2151.091760495358,79.36663063512788,5.6738224,0.4954875,2.0080543,0.52696854,2.502935664609998,0.4607092803849683,3.0476262626995787,0.9270732589754799,,
2007-12-13,38.7789474072,1733.3229304953582,79.98069381921954,5.0931206,0.5217816,1.3097187,0.4606403,1.3925110003779242,0.45070476467940296,1.8841270953140357,0.9170791126193774,,
2007-12-14,38.7789474072,1543.198230495358,80.54810528590383,5.2134657,0.47824183,0.95344216,0.42859992,1.0578679539164317,0.4182579921602539,1.5334892551517119,0.8846357415409327,,
2007-12-15,38.7789474072,1276.055130495358,81.14881261983919,4.492251,0.55428964,0.43081978,0.36039993,0.5506052546321477,0.35015234868343775,1.0019811328324308,0.816535498238146,,
2007-12-16,121.4528174072,1397.218930495358,81.77521351177433,4.528164,0.58699775,0.16565627,0.33717737,0.514539326920453,0.31374413869615525,0.9641913770613235,0.7801276834013452,,
2007-12-17,113.9717460988,1192.301830495358,82.35590486359857,4.080876,0.62361956,0.15795904,0.373979,0.5002316650289159,0.3456587734660425,0.9491998578396665,0.8120424753428447,,
2007-12-18,54.9368420988,962.766560495358,82.75769470628983,4.2433634,0.5480329,0.12997097,0.44470876,0.35201679063787705,0.42174171673494426,0.7939008190999381,0.8881270605434008,,
2007-12-19,54.9368420988,828.759230495358,83.08596037788438,4.4679866,0.5561236,0.02266246,0.8220671,0.29901547061329187,0.7717363349035797,0.7383662171541268,1.238122271960182,,
2007-12-20,54.9368420988,774.385090495358,83.37634144838793,4.495276,0.5402635,0.05375284,1.2973499,0.34797302781761136,1.2119379916447224,0.7896637782397755,1.678323380602171,,
2007-12-21,54.9368420988,731.308800495358,83.62536553319453,4.7270083,0.46082017,0.1015358,1.3524232,0.42472850065242207,1.2583382134058594,0.870087900300632,1.7247227485718537,,
2007-12-22,54.9368420988,699.273580495358,83.84156144203452,4.9151983,0.42992035,0.31091318,1.3221165,0.6462902514600167,1.2262132007266904,1.1022395454258733,1.6925953091314256,,
2007-12-23,54.9368420988,3574.6399004953582,84.98521587578085,5.469475,0.47454447,2.701475,0.6435371,2.743371022256225,0.6338373100009652,3.2995536085541413,1.100199229065831,,
2007-12-24,54.9368420988,5609.359710495358,89.10884740712672,5.2015557,0.48527604,2.3767085,0.670308,2.404106117163844,0.6638235001069216,2.9440730007174056,1.1301883444244805,,
2007-12-25,387.7894737036,3875.140110495358,90.7204387828367,5.039839,0.51576895,2.2127514,0.658866,2.4699254080158024,0.6007652818815437,3.0130382286800974,1.06712954839301,,
2007-12-26,387.7894737036,2294.854530495358,91.74112820337204,5.0272913,0.5423612,2.5803905,0.56998795,2.9341020860550833,0.4938562640577055,3.4994009652210596,0.9602165963758311,,
2007-12-27,387.7894737036,1638.164930495358,92.47320769149091,4.9501395,0.6850031,2.384212,0.70643437,2.8753581528531442,0.5860703834195845,3.437849272818158,1.0524312000121836,,
2007-12-28,387.7894737036,1335.067730495358,93.35068514421204,5.1228104,0.6355238,2.618009,0.7884646,3.181802517502501,0.6275148194814345,3.758940630570098,1.0938731532035186,,
2007-12-29,387.7894737036,2109.063330495358,94.35192401391168,5.226203,0.68073344,3.7904277,0.61570925,4.013419820824566,0.5307201288217176,4.630306398249419,0.9970722657857086,,
2007-12-30,2712.9159479352,3054.822415029758,92.77928694397538,5.307313,0.62636703,0.53014493,3.9473605,2.7771357838245865,2.111335068361496,3.334932210306407,2.577696703497189,,
2007-12-31,2129.100516806659,2780.7247181582848,91.54345599866704,5.2873225,0.5869223,-0.2457732,2.6209173,2.1536028279254555,1.5060421445623389,2.6815965105560786,1.9724092332729652,,
2008-01-01,387.7894737036,1291.354830495358,91.96440780635167,4.675478,0.6134969,0.92057896,1.0492029,1.7877529767638447,0.8192398618215303,2.298260287104096,1.2856103573033897,,
2008-01-02,1122.2023751689094,1628.40800855813,91.50169557151612,4.3925834,0.6491143,-1.5236646,1.4018819,0.8900642122663673,0.8711661993038882,1.3576650682591695,1.3375457025094162,,
2008-01-03,387.7894737036,623.785480495358,91.64180874132948,4.0921345,0.60053694,-1.312308,0.6691344,0.7594968854552154,0.47249910910407367,1.2208570695485232,0.9388799992251677,,
2008-01-04,794.3660243068341,1037.826050257081,91.27007991657574,4.188975,0.6096497,-2.477703,0.9342316,0.4127048127649557,0.5915256489143532,0.8574895212330657,1.05791031738119,,
2008-01-05,572.7610396164358,867.6601428483289,91.13406827194817,4.4041667,0.6012388,-1.6528805,1.0515531,0.7556099122055691,0.677034843968475,1.2167843122644972,1.1434157756766605,,
2008-01-06,398.6879130278968,811.090630495358,91.2249540262672,4.6049647,0.5615002,-0.57455456,1.0652642,1.132379115121948,0.7377842708166439,1.6115617951591892,1.2041612517556697,,
2008-01-07,662.1700446987137,2002.1585467658128,91.5634664798232,4.6518993,0.57627946,1.1406764,0.9957027,2.013326498587891,0.7618232590768188,2.5346154521868223,1.2281916359402771,,
2008-01-08,1134.4780902367509,3539.010906131932,92.23084471116734,4.5166783,0.6093339,4.4704204,0.7469503,4.481649370965617,0.584650240241729,5.120915720324565,1.0509992362323657,,
2008-01-09,1730.1238709279646,5098.189053504352,93.31650112113996,4.4163256,0.6836666,4.946429,0.7037829,4.812113869308446,0.5532782184222828,5.467175292051806,1.0196251485205041,,
2008-01-10,1581.1407448458494,4637.436878274154,93.9896964742702,4.3557434,0.6486918,4.1394777,0.6710804,4.1944656219751115,0.5269301002647442,4.820005569820849,0.9932809930081812,,
2008-01-11,2156.730826614406,6454.265904964546,95.5616833626917,4.4263287,0.7195374,3.4078984,0.68151397,3.6629768968461436,0.541678522282858,4.263113500434035,1.008033174136759,,
2008-01-12,2030.656496575558,5556.667375029759,96.44505709888604,4.418068,0.68758243,3.300415,0.6874921,3.5995414697550614,0.5360688213600899,4.196646076771159,1.0024239434592686,,
2008-01-13,2290.7908501447846,4161.954760029758,96.24672807261788,4.3963256,0.6641874,2.9222188,1.1502223,3.4455418232381425,0.7784515466126541,4.035285773572188,1.244807829454127,,
2008-01-14,2224.136646836128,3350.635115029758,95.42585359562608,4.420703,0.67875224,3.243721,1.0484058,3.71329514443096,0.6858528703915182,4.315836788249081,1.1522071525104027,,
2008-01-15,1953.4066229767816,2907.974615029758,94.55472492032646,4.403558,0.6634768,2.7220635,0.79845744,3.397723773818196,0.5469882643401799,3.985182184847792,1.0133449131190155,,
2008-01-16,1623.9750155596714,2524.548975402437,93.729969233137,4.3662524,0.62123775,1.881984,0.70325595,2.8544720094904945,0.4922305606404796,3.4159648431984833,0.9585915503656711,,
2008-01-17,1250.0385056133248,1876.365183199403,93.03598440273578,4.371659,0.6152198,1.161595,0.73177516,2.445083548783287,0.5033828312375968,2.987009013493916,0.9697473152456131,,
2008-01-18,968.2478029942396,1533.6198413063964,92.55510753484162,4.341602,0.60627687,1.1209223,0.77749246,2.3673575163705034,0.5312217709750614,2.905567942424951,0.997586940051715,,
2008-01-19,621.8492633701343,1213.1777870672054,92.28663841430466,4.300625,0.59404796,1.0838218,0.69220495,2.173923754000794,0.4999528303888819,2.702888707434208,0.9663197343590386,,
2008-01-20,427.67232590645307,998.1089449518876,92.08862808503544,4.2115145,0.5859805,-0.05302638,0.53553253,1.226150268359877,0.4140551823920688,1.7098148889812395,0.8804312052808224,,
2008-01-21,400.64505560893167,941.6543055938196,91.8205947092855,4.1556883,0.57250804,-1.1201212,0.4372531,0.45458486608311127,0.351128877912937,0.9013712979400286,0.8175130827906089,,
2008-01-22,451.6240253654723,995.1136065915998,91.48793358120852,4.1796055,0.55832106,-1.1643842,0.50810784,0.5038340267495438,0.39054111839418065,0.9529744001364828,0.8569247806765021,,
2008-01-23,502.45114795438576,1038.751919289472,91.11021594063128,4.001315,0.5017757,-1.0185161,0.55608666,0.618010616552138,0.40893983916664106,1.0726082406384938,0.8753222541927608,,
2008-01-24,497.81086375087966,1016.049643740846,90.73092344340198,3.7425017,0.4159727,-0.9503175,0.57307833,0.592847397643481,0.40822877635553456,1.0462423058821637,0.8746114649821786,,
2008-01-25,477.0395714647513,958.9348405404464,90.3672562306024,3.6793947,0.39172852,-1.0964472,0.5680912,0.4901169731644909,0.4010672637151025,0.9386017182794664,0.8674510768443935,,
2008-01-26,451.01255850422456,864.6708549287225,90.03563882581925,3.5695229,0.3651526,-1.0493313,0.593861,0.5339988562745196,0.4098687442055646,0.984581005399441,0.8762520755208351,,
2008-01-27,419.5796477036,788.0803164969614,89.74729815520622,3.6369848,0.34916562,-0.8832418,0.70723593,0.6872293364862103,0.47719677323993537,1.1451353787730576,0.9435784393835062,,
2008-01-28,419.6437027036,727.3388016331631,89.46024432378815,3.6269498,0.34912154,-0.71826017,0.8422384,0.8715112425981416,0.5491524330225754,1.3382253300609568,1.0155321321138033,,
2008-01-29,418.1563067036,687.1668748728866,89.17249921955052,3.6633387,0.3482079,-0.49227476,0.9123748,1.079840969076943,0.5823089330615705,1.5565125053259008,1.048686455172167,,
2008-01-30,387.7894737036,877.6835156742698,89.16706842926044,3.6627722,0.3425861,-0.029152513,0.832009,1.1021948531944643,0.5865213351610645,1.5799348286913095,1.0528986266286986,,
2008-01-31,387.7894737036,756.8570094351785,89.06684894132275,3.505701,0.33966938,-0.24415708,0.6919504,1.0262399736532795,0.47177735151242534,1.5003495655468229,0.9381554289951176,,
2008-02-01,412.8742647036,1462.3116416828452,88.94176063968483,3.814814,0.38700777,-0.0630759,0.37661907,0.790749298321341,0.30580732699686164,1.2536032409186206,0.7721878833733005,,
2008-02-02,387.7894737036,2014.2012614902344,89.36500210220721,3.8719668,0.33335823,0.6458056,0.3958448,1.1666533056689379,0.33627231588534723,1.647474174853866,0.8026489454826169,,
2008-02-03,436.7153810450814,1280.2773084402402,89.21962275206455,3.8231091,0.33355632,0.6117037,0.62788826,1.4285214741780556,0.47581029904689187,1.921858746666167,0.9421842885936118,,
2008-02-04,402.20623041702703,1068.7462226054902,89.1418241184414,3.7955766,0.3255221,0.7351327,0.75372916,1.5719575644934842,0.5548213164313656,2.0721505917869267,1.0211938931502045,,
2008-02-05,387.7894737036,2877.158668617888,90.09424992407368,4.0007954,0.35181507,2.2317119,0.60607886,2.4418321878158142,0.5357248751439947,2.983602248586419,1.0020893876706969,,
2008-02-06,651.5803716524515,5673.707940652307,93.5178335193741,4.2318997,0.41771105,2.466587,0.6841093,2.6484353919585515,0.6151446286781225,3.2000803796494566,1.0815073530464252,,
2008-02-07,1554.2498384685402,6116.211307303735,97.3106719062068,3.9253783,0.3787471,2.6292567,0.67921907,2.8918871910602593,0.547000743248931,3.4551683425498827,1.013361423180125,,
2008-02-08,2570.8430845191365,5611.033225029758,97.7478010467366,3.7218466,0.3955862,1.990427,0.7586351,2.5344596867719784,0.534905083382458,3.0806570253614227,1.0012687881783917,,
2008-02-09,2673.2894673250707,4207.5412030297575,97.2200587318788,3.6729245,0.40502784,2.125691,0.74301827,2.7268106906282044,0.48082454389146845,3.282201749682963,0.9471866026893146,,
2008-02-10,2436.947914429108,3307.379715029758,96.4841572246448,3.5430155,0.39447653,1.706064,0.49275103,2.4853640887264556,0.32938863928416545,3.02921482555423,0.7957527709817778,,
2008-02-11,2221.4282791777687,2861.6126150297578,95.34912827253235,3.1322293,0.38260627,0.81729454,0.35739273,1.8289845311347106,0.2616130032572601,2.3414625688308717,0.7279831071408532,,
2008-02-12,1887.5365474683588,2577.186815029758,94.23552537236286,3.2864842,0.3709202,-0.14168113,0.4172035,1.307633170563781,0.2873783249014403,1.795192395375123,0.753753523452052,,
2008-02-13,1659.6000621948622,3231.436224800628,94.02399210152828,3.592074,0.40183863,0.0038968325,0.39999938,1.2214177347618833,0.29737494755490834,1.7048561564546185,0.763751018554562,,
2008-02-14,1065.9358448977327,2324.870410877505,94.81756123121316,3.4572701,0.37140054,0.49058157,0.5272215,1.4231915333614409,0.37987101484559455,1.9162740528980091,0.8462450573449121,,
2008-02-15,528.3919343431546,1968.3455984975824,95.55177569930406,3.5743499,0.3635712,1.1623878,0.4616681,1.672838492814099,0.37200814041054253,2.1778532836370648,0.8383797375561473,,
2008-02-16,629.671869534438,1696.0926464387048,95.93136017419614,3.5672188,0.34053573,0.49033868,0.4570063,1.3233657716191796,0.34579470326298944,1.8116769609817633,0.8121697435260109,,
2008-02-17,771.4324524290594,1902.0398835395056,96.082618992981,3.6395087,0.36414278,0.051271796,0.41629395,1.0866602593915877,0.314258398998019,1.5636577344070077,0.7806358506879596,,
2008-02-18,879.2206126543675,5686.046028611507,99.38875750850012,3.7283988,0.3740228,1.941005,0.6298062,2.180372798676852,0.5477575532092794,2.709645994400825,1.0141243986489494,,
2008-02-19,2376.6343076407675,5001.812415029758,100.0,3.5326338,0.36377665,1.7824183,0.65874296,2.3461713594693583,0.46167561945952584,2.8833691596451856,0.9280409764667897,,
2008-02-20,2189.407459806964,2981.564415029758,99.50468329383408,3.330121,0.36185727,1.113121,0.49806234,2.051806539537323,0.32549460342341374,2.574934707556197,0.791862624686315,,
2008-02-21,2048.714769033693,2818.5159150297577,98.73511485388887,3.275581,0.34775576,0.47642496,0.41952267,1.6546456894059214,0.28362793583947243,2.1587909264149636,0.7499997087806181,,
2008-02-22,1695.621961724621,2638.628815029758,98.06407860548924,3.2668715,0.37993678,0.0029221177,0.44190836,1.279826583742166,0.3073574918127317,1.7660567487554968,0.7737329708209314,,
2008-02-23,1377.5853009532034,2520.2824750297577,97.56947450000644,3.305972,0.3515484,0.050305486,0.49069002,1.2009239082652052,0.34073018719259945,1.6833827951060405,0.8071064668279067,,
2008-02-24,1156.2732151866585,2200.5594126790684,97.14963583419608,3.3725624,0.33415762,0.2010901,0.52863973,1.2935152768948273,0.36516275102597795,1.7803997146483985,0.8315380918593555,,
2008-02-25,986.61951576693,1837.9606649268744,96.83077277906467,3.4057841,0.33028898,0.3972522,0.5155945,1.4481256501742477,0.35478061677022144,1.9423999352614536,0.8211544118302628,,
2008-02-26,413.2583090707407,1203.9703858284493,97.0630317789972,3.341281,0.36874315,1.0805631,0.46523574,1.6582552937968698,0.3589404436193521,2.162573057556984,0.8253121816510958,,
2008-02-27,387.7894737036,1082.9384731036098,97.3530953508912,3.232489,0.37832886,0.8077297,0.49058065,1.4470703747640037,0.3747491476758136,1.9412942212938786,0.8411229531937092,,
2008-02-28,477.2788389152232,1050.4876640144382,97.41046076582428,3.019904,0.3458858,-0.5994388,0.35822478,0.5312547264740466,0.26897355195821104,0.9817057155748439,0.7353569133389233,,
2008-02-29,667.1451715165674,1301.7428289507438,97.30402297114254,3.1082973,0.34111947,-1.2250656,0.3742607,0.2432668703582058,0.27311006511483077,0.679953024373904,0.7394966296360539,,
2008-03-01,689.5264773305166,1038.8295324766766,97.12400506589243,3.2051625,0.34129176,-0.88209116,0.62119657,0.7485159688192232,0.39742250487574804,1.2093513026337164,0.8638035125272341,,
2008-03-02,609.7847292302778,1028.1953664237733,96.94590791623295,3.1954093,0.3353713,0.45762706,0.82939947,1.4768444504058296,0.5353928180626217,1.9724913959737977,1.0017663290061871,,
2008-03-03,570.9580069063154,1075.6288760501704,96.79813000097678,3.226818,0.371774,1.7433667,0.6655564,2.2577570880220312,0.4534824418980139,2.7907289882517436,0.9198485887195991,,
2008-03-04,514.7958960435233,2138.693064675856,97.4131039570506,3.4872746,0.45191967,2.7461648,0.69245666,2.8899454264034645,0.5649597291724944,3.4531337681800838,1.0313204251419226,,
2008-03-05,5289.852458903578,11503.320383669168,100.0,2.7592218,0.4097188,1.6277809,0.64954966,1.9841849938839418,0.4632814681539282,2.5040810831732747,0.9296501154456429,,
2008-03-06,4748.068472006161,10274.701107553265,100.0,2.6276398,0.38221273,1.7182331,0.64944875,2.005658478199972,0.4603188855950213,2.526580926636177,0.9266873335222735,,
2008-03-07,3005.3508811187926,9942.850937772992,100.0,2.5842342,0.38783666,1.992841,0.6640324,2.1301067196520966,0.51779176236269,2.6569773686246814,0.9841590652684653,,
2008-03-08,5888.915672006161,14017.409317553262,100.0,2.575522,0.39933872,1.9065194,0.6550589,2.1044313582188443,0.4761597707525479,2.630074812681752,0.9425273084418115,,
2008-03-09,6399.062972006161,10484.423967553264,100.0,2.2642114,0.40704054,2.104539,0.7074453,2.165056888607305,0.4656150697529313,2.6935980361847727,0.9319820542749715,,
2008-03-10,3184.347972006161,8032.522687553264,100.0,2.162779,0.4133926,1.8916836,0.66504073,1.9686446559052098,0.4904896492651507,2.487797970161147,0.956858441165592,,
2008-03-11,2281.305272006161,6441.984207553264,100.0,2.4628873,0.37463203,2.0578408,0.66835034,2.163768139005779,0.5031940739161533,2.692247688757664,0.9695610701534453,,
2008-03-12,1811.7679720061608,4776.403644029758,100.0,2.2088227,0.37545297,2.3054612,0.67658824,2.278885292214901,0.501273215085466,2.8128670483818796,0.9676391723536661,,
2008-03-13,1292.0205048756534,3226.6159012747376,100.0,2.4665442,0.31788588,2.342998,0.6787857,2.3783237567423563,0.4931482807477491,2.917058331600361,0.9595133527505844,,
2008-03-14,1139.9687921142804,3035.1214447810703,100.0,2.5819678,0.30956602,2.829173,0.6983374,2.76167603706146,0.5146513602231039,3.3187335404945038,0.981013125198592,,
2008-03-15,1314.5279613888488,3972.201467049254,100.0,2.8328638,0.31530434,4.2860126,0.7129038,3.924691948233212,0.5413496644797599,4.537337636649258,1.0077024249050108,,
2008-03-16,1234.3133543826068,3108.5245830782483,100.0,2.4802024,0.3378419,4.209343,0.68835765,3.717889840793908,0.5019830565020172,4.3206510953919945,0.9683373050036602,,
2008-03-17,996.946754698195,2614.304265366496,100.0,2.711697,0.31685787,3.444076,0.6816212,3.241890496473232,0.5011414814500713,3.821900609535149,0.9674993409210471,,
2008-03-18,977.7067106976,2416.714868269605,99.91626717858996,2.6991215,0.30966017,3.414925,0.6950935,3.2087497634872486,0.5028566909437158,3.7871758627983643,0.9692148114710035,,
2008-03-19,2117.509477628967,5078.133077042744,100.0,2.7827568,0.38482523,2.953867,0.70395666,2.903513238521189,0.5095423043535634,3.4673500753377895,0.9759028883482392,,
2008-03-20,4342.916472006162,8817.003427553263,100.0,2.6011038,0.3853919,3.929008,0.7649377,3.490785193127422,0.5280453038947609,4.082691621885452,0.9944012429096274,,
2008-03-21,2349.007201476825,6150.5603542788,100.0,2.4379017,0.37048712,2.7920456,0.6950778,2.6941716170576067,0.5132965690414639,3.2480026399667823,0.9796589041598762,,
2008-03-22,1716.3420937894805,4310.4718487397,100.0,2.3975077,0.3463774,2.8148503,0.6888867,2.6959976850666094,0.5024800825164719,3.249915987784514,0.9688424021433231,,
2008-03-23,1378.780660107333,3019.970450396069,100.0,2.6466556,0.3145138,2.9093246,0.68139714,2.8269914911264697,0.4780890094404501,3.3871708499941104,0.9444502277213036,,
2008-03-24,1141.6807358054846,2342.726989289672,100.0,2.5712352,0.31185454,2.741645,0.6961454,2.6858095768269026,0.47907418373495636,3.239240922797255,0.9454365898419667,,
2008-03-25,979.1228403140914,1956.2182801564657,100.0,2.8342912,0.29317206,3.1842136,0.69354796,3.0674922698778735,0.47243753579832615,3.6391667438590467,0.938796783125732,,
2008-03-26,969.4736841976,1918.654899725802,99.95526086864832,3.0179255,0.29083815,4.432703,0.82910717,3.9577970255433463,0.5593814749038887,4.57202502349077,1.0257340016578391,,
2008-03-27,969.4736841976,1685.3078499120593,99.83849716438402,3.0542736,0.31416634,5.1187034,0.8391206,4.364814467328349,0.5449049490253175,4.998496507673575,1.011254705290745,,
2008-03-28,1275.6330141976,2367.529856153721,99.92023266696982,2.9538152,0.343168,4.000717,0.7476334,3.6341503291358705,0.5004916536214704,4.232909121325903,0.9668465185955564,,
2008-03-29,1117.1266341976,1995.102298242948,99.88503274052756,2.992949,0.31176138,3.1704926,0.7326583,3.1067638124681425,0.4828200389840996,3.680315331942078,0.9491789707553532,,
2008-03-30,1081.1705301976,1756.2659898855204,99.71233384534908,3.161192,0.29779533,3.453333,0.7099222,3.3420161560695254,0.45382957309225846,3.9268119333977003,0.9201866514826209,,
2008-03-31,817.5235748750893,3372.826537378592,100.0,3.2301736,0.36753842,3.6010356,0.67287797,3.5286816326837256,0.5463277949858051,4.122399381710049,1.0126834478085631,,
2008-04-01,2361.5843748307307,5232.267418170924,100.0,3.2743416,0.35593075,5.4909296,0.9056966,4.801600949696429,0.6337781320412904,5.456159890818952,1.1001251259374105,,
2008-04-02,2585.1366625748733,5097.66506151248,100.0,3.0361223,0.37349924,6.186925,0.8934597,5.126731577572039,0.6060001730675715,5.796830651303565,1.0723452523946821,,
2008-04-03,1924.412963454044,3440.891857901642,100.0,3.2421584,0.38151485,5.167677,0.84502417,4.477037174398216,0.5589427235642755,5.116083076527248,1.0252917492716915,,
2008-04-04,2143.637784082699,5245.031408131132,100.0,3.0295992,0.41123012,4.5357985,0.7027565,4.0988124329056665,0.5129376097876361,4.719780485287954,0.979289155228168,,
2008-04-05,2534.6985958981536,5945.9483162401,100.0,3.4869509,0.3813874,5.728507,0.84163886,5.058549982108641,0.6009985162482601,5.725390208644141,1.0673439870524402,,
2008-04-06,1877.984264358091,4305.674483122128,100.0,3.5399442,0.40119,6.9195657,0.8827125,5.893170744408975,0.6265920048486987,6.599902990374082,1.0929330493247995,,
2008-04-07,1582.003097908074,3285.145291637228,100.0,3.5418038,0.42522395,6.8465877,0.91534203,5.772410783819533,0.6330932425387148,6.473371116465738,1.0994348781567833,,
2008-04-08,1354.5475175838203,2804.451726136273,100.0,3.800673,0.41433215,6.998176,0.95289296,5.956778968635719,0.6565618222457116,6.666551470285027,1.122902562054283,,
2008-04-09,1180.2024726529344,2429.0578261487462,100.0,3.8875384,0.414854,7.817325,1.0381006,6.5323127926548405,0.7116969920262001,7.269593843728305,1.1780351855273365,,
2008-04-10,1043.2294113965545,2117.459019761765,100.0,3.9205003,0.5198673,8.62415,1.0794283,7.071644825107608,0.7432266584363922,7.834704103717992,1.2095628096469766,,
2008-04-11,971.7302367414712,1952.1179215999723,100.0,4.187414,0.5703305,8.593275,1.0556974,7.129003321314924,0.7298821437534111,7.8948041399738065,1.196218097336706,,
2008-04-12,1082.8249840168226,2252.1488581432054,100.0,4.3176126,0.5884358,8.945364,1.1704097,7.442790059545796,0.8131560308009892,8.223588811665811,1.279490969840241,,
2008-04-13,969.4736841976,1717.882301377616,99.94452077825872,3.9731016,0.48467308,8.132986,1.0273513,6.632292253704898,0.6796076612101264,7.374351981253865,1.1459454509987732,,
2008-04-14,260.5994993765178,1589.4640800647196,100.0,4.0075574,0.47842103,6.699859,0.8115445,6.320622181982274,0.7004797305363402,7.047785145493742,1.1668188165645748,,
2008-04-15,969.4736841976,1028.3025704953582,99.7323851274594,4.0717945,0.5071475,9.121143,1.1870103,6.670813479219072,0.6586864022161941,7.414714389669395,1.1250240395089115,,
2008-04-16,144.76089089592656,671.616441527813,100.0,4.2815824,0.59942317,8.389456,0.97545135,7.661043337943072,0.8094918658631126,8.452273850708966,1.2758261656454986,,
2008-04-17,969.4736841976,918.745190495358,99.59294950571416,4.526519,0.5570858,13.894712,1.6675376,9.084773668780763,0.8603083914474832,9.94405362458203,1.3266398580780907,,
2008-04-18,38.7789474072,487.9859304953581,99.8773961143063,5.015463,0.758703,12.163319,1.1569828,11.637113615119864,1.0732632636495227,12.618386695618502,1.539595454925267,,
2008-04-19,38.7789474072,432.259330495358,99.96353117620662,5.3036633,0.8422021,13.313951,1.1252186,12.654491373832384,1.0349085321163776,13.684391633465593,1.5012430891884132,,
2008-04-20,52.15313779024664,439.425890495358,100.0,5.573678,0.9335094,14.15196,1.062988,13.241863896087603,0.9553597496506725,14.299838554452089,1.4216962116342848,,
2008-04-21,82.16007514387614,476.3523306694631,100.0,5.754387,1.0807613,13.896404,1.0312521,12.698671232091046,0.8938030600247091,13.730683137927729,1.3601377466528035,,
2008-04-22,89.15514138256951,473.99349785768,100.0,5.959136,1.2633518,13.573515,1.0228921,12.368040961033634,0.8838791818044625,13.384249870116813,1.3502129530315612,,
2008-04-23,969.4736841976,836.5348704953581,99.3501976498878,6.3476844,1.1151189,21.728964,1.604678,13.472222412201681,0.9543518793240898,14.541207420195226,1.420689196108853,,
2008-04-24,38.78263633162331,444.4561675855523,99.61690782861356,6.4812803,1.4105127,13.972838,0.99900496,13.371598662719455,0.925776263016085,14.43577419945283,1.392113198946634,,
2008-04-25,109.9255110943726,351.2198066094615,99.50450469687917,6.7562313,1.5615236,14.910921,1.0503101,12.96704698936123,0.8823047811490026,14.011886338998794,1.3486403027508365,,
2008-04-26,126.8412003492216,374.1612216675961,99.3822435047453,7.175932,1.6683677,15.900124,1.0516453,13.691377900925085,0.8917722605372411,14.770837792134047,1.3581104468880865,,
2008-04-27,96.96531642499257,440.4530314997622,99.29917955129456,7.29755,1.7626835,15.519659,0.99443454,14.03616040759587,0.874865864010748,15.132099724043657,1.341205529581612,,
2008-04-28,91.7328174072,533.988880495358,99.43124753306802,6.7695394,1.5529965,13.631721,0.91919583,12.625702666394021,0.8168107283687054,13.65422692422095,1.2831452022200758,,
2008-04-29,80.7207974072,559.4916304953581,99.6832193433075,6.3653336,1.4126205,10.960689,0.85283905,10.381286026265952,0.766295627366755,11.302534840849232,1.23262653094833,,
2008-04-30,38.7789474072,455.7875804953581,99.83389377021558,6.2839894,1.3855178,9.4511385,0.8760368,9.202802428008047,0.8146233156068036,10.06772375503925,1.2809546514330796,,
2008-05-01,103.4105262964,452.483350495358,99.83821883662772,6.68641,1.5306698,9.72918,1.2942114,9.163146961418713,1.0912590093667767,10.026172892702377,1.5575903873634875,,
2008-05-02,143.5852862964,486.9801704953581,99.82057109536076,7.50593,1.7050984,11.302593,1.3947693,10.438059694237172,1.1450071993343065,11.3620220960784,1.6113381221990601,,
2008-05-03,129.6998292964,472.82990049535806,99.81586601058925,7.4340267,1.7686725,12.707619,0.9936524,11.572431605187933,0.8677413785702395,12.550613106716217,1.3340734594612504,,
2008-05-04,179.1214462964,541.945960495358,99.92731666736977,7.8258467,1.9064835,13.346552,0.9488588,11.975145151721302,0.8560810038714363,12.972574984166489,1.3224138498740217,,
2008-05-05,111.6519272964,468.419500495358,99.9359908310756,8.253026,2.0817435,14.317118,0.94498986,13.149903635654956,0.8619016587161472,14.203482907921186,1.3282377964093801,,
2008-05-06,124.7963672964,434.4604904953581,99.9203774563742,8.818098,2.3512547,15.505683,1.1987113,14.013369910534113,1.0688589723472253,15.108219919127764,1.5351985359435374,,
2008-05-07,113.3142512964,414.147730495358,99.89183418153284,9.077022,2.516483,17.361067,1.1122023,15.581411764131708,1.0270646897875038,16.751208813244396,1.4934126550803446,,
2008-05-08,145.2728232964,475.84753049535806,99.91717930664409,8.647569,2.3771465,18.250572,1.0879838,16.004541427577507,1.0019342311126904,17.19456262820651,1.4682849453531919,,
2008-05-09,236.5465930474413,468.012190495358,100.0,7.345811,1.8868444,17.745285,1.2013108,14.253794706184296,1.0188638458946944,15.360136198158978,1.4852045151778317,,
2008-05-10,281.3350685691107,508.425718134393,100.0,8.128407,2.1392977,15.962151,1.1510301,13.17154998136906,1.0629417710712672,14.226163874966092,1.5292779842281696,,
2008-05-11,444.2301897036,591.559480495358,99.89487450347312,8.523662,2.2955554,19.016117,1.2195618,14.516105536124849,1.205990013228731,15.634984589105974,1.672331964262135,,
2008-05-12,153.4766862964,440.3715604953581,99.85130384937176,8.149275,2.0843937,15.862858,1.0246382,13.869326367487606,0.9314146833135916,14.957291587111854,1.397753616139255,,
2008-05-13,141.2317812964,414.84663049535806,99.8699032081045,8.572904,2.3124285,16.760212,1.0415831,14.68081430509093,0.9740254892213247,15.807565874199874,1.4403682853046613,,
2008-05-14,126.1207482964,387.226570495358,99.96906303878308,8.681127,2.3924756,19.216087,1.1013049,16.627825780339567,1.0176517984783857,17.84763784243962,1.484006934957359,,
2008-05-15,133.6427322964,388.535290495358,99.98019163186709,8.058305,2.1658232,19.749405,1.1569138,16.757263347329047,1.0238497256739096,17.98326208267101,1.4902058362311021,,
2008-05-16,228.2648262964,456.674810495358,99.9635790286481,6.8598485,1.7945379,18.986155,1.5682224,14.944909171968762,1.2045456642326353,16.084283572951325,1.6708898800317673,,
2008-05-17,334.6243531692507,593.1634304953579,100.0,8.12388,2.2155368,17.493984,1.3450191,14.114477625671224,1.1738701187429759,15.214160237428995,1.6402101392672188,,
2008-05-18,278.9624520881314,763.108372455897,100.0,7.8618646,2.058989,15.368384,0.9950349,13.358888346993707,0.9136538039919969,14.422456374083431,1.3799906926386254,,
2008-05-19,477.4363037036,781.350330495358,99.94150919601088,7.605011,1.9741169,15.525713,1.2110268,12.521525780932858,1.0609831602519386,13.545070739745611,1.5273173408766294,,
2008-05-20,233.2875563206474,595.730600495358,100.0,7.8313255,1.9955686,12.4296875,0.998714,11.135698197106443,0.91126411506835,12.093005334626902,1.3775955758751517,,
2008-05-21,278.219837584261,630.8750003697423,100.0,8.153339,2.141133,13.150309,1.0139619,11.621033655944759,0.9615115512493366,12.601538169361419,1.427843714636478,,
2008-05-22,488.4702137036,782.8447604953581,99.8909926196034,7.912894,2.067854,14.302031,1.2092862,11.847168411070218,1.0889279025717176,12.838481392778885,1.5552604853251504,,
2008-05-23,161.87332129639998,632.620980495358,99.90255502413696,8.541697,2.2364242,12.792728,0.96549875,11.926606858329086,0.8936740171776817,12.92171672626998,1.3600067611315505,,
2008-05-24,143.46153229639998,568.952890495358,99.83748343629787,8.626873,2.2923422,14.9433,0.9822498,13.671337889070436,0.9101940859931636,14.7498399362161,1.3765321905472698,,
2008-05-25,136.65484229639998,519.3234604953581,99.75056152672197,8.590555,2.3205132,17.427355,1.0182648,15.58645328653069,0.9399719823195307,16.756491303180468,1.4063199791603547,,
2008-05-26,127.4892692964,484.532360495358,99.64876090592004,8.641963,2.1422763,20.258831,1.1174353,17.838939400777118,0.9908448289996593,19.116638553949286,1.4572098287351216,,
2008-05-27,127.6489732964,471.328410495358,99.53824534604868,7.90357,1.7250117,21.101025,1.1898742,18.288495212426046,1.0058821295327685,19.587681596665366,1.4722512172951685,,
2008-05-28,126.0389442964,449.6378604953581,99.48140599228236,7.401449,1.4582105,19.295052,1.061537,16.691060803719722,0.8884670734318355,17.913895283779233,1.3548226833901986,,
2008-05-29,115.4118612964,397.566430495358,99.5326317714948,7.6259556,1.4832917,18.3759,1.0447934,15.957335691847558,0.8758037681651412,17.145100619673403,1.342154165576619,,
2008-05-30,105.5717785964,352.141400495358,99.40377310671398,7.8830624,1.3736682,19.180355,1.0891631,16.574628736990203,0.8958465943020357,17.791898162263152,1.3622013360037695,,
2008-05-31,122.2534962964,373.729070495358,99.20340434681329,7.859602,1.0836197,20.741196,1.4765077,17.56604402288221,1.1441796503208639,18.830699709837184,1.6105422812124996,,
2008-06-01,142.68991183311658,351.15578049535804,99.05119796990547,7.4214067,0.9575493,22.220646,2.0448864,17.944609556455177,1.4801325247678083,19.2273593818534,1.94649846463596,3.073884833116566,4856.926115166883
2008-06-02,141.1639335747688,305.2959783438452,98.82071756802576,7.594187,0.86958015,22.86769,1.6870232,18.038436575829667,1.1859243329338116,19.32567101202237,1.652291118270259,3.146262564327976,4853.779852602555
2008-06-03,191.39576837542535,357.5088045214777,98.56146605001987,7.650978,0.8124078,24.36459,1.8387599,18.536774269329314,1.2306549607172557,19.847827543789112,1.6970264052607213,3.239925542207663,4850.5399270603475
2008-06-04,232.71546897632584,419.3220461858178,98.305095509165,7.4890823,0.8615331,25.01809,2.618836,18.761898538434433,1.7119996969331062,20.08371198340864,2.178373339394552,3.3772301409173333,4847.16269691943
2008-06-05,173.55801130105374,323.5009763563433,98.0794065855164,7.6376467,0.7668993,26.059134,2.231557,19.62690575977019,1.4768438372200454,20.990063593044983,1.9432264639809589,3.4646559678119777,4843.698040951618
2008-06-06,144.95481916131158,319.720720495358,97.92850183062968,7.700886,0.75329673,28.736237,2.0231767,22.17429127727987,1.4117446670901037,23.659205430489855,1.8781587213691044,3.5438671613115655,4840.154173790306
2008-06-07,226.88691371521892,383.6885556968304,97.62630077013046,7.843211,0.7009951,32.263554,2.1399674,23.18907158256971,1.3697621127224646,24.72248876551961,1.8361907527712713,19.045468147436935,4821.10870564287
2008-06-08,345.0360717705572,527.3740469958549,97.3840462071338,7.667927,0.7129971,33.012436,2.1029365,22.98874443903024,1.3021305179889395,24.512586669303037,1.7685561854173626,90.92582255569701,4730.182883087173
2008-06-09,219.2276295291543,425.15095720093626,97.14655180437748,8.072127,0.7675562,32.888214,2.0308304,24.445394954056415,1.3651192979322981,26.038860099636775,1.8315676262270595,10.003548432541132,4720.179334654632
2008-06-10,223.63092831313696,415.5901795062633,96.8400600573751,8.100322,0.7249704,33.629242,2.048876,24.697972234917287,1.3560094968866816,26.303509711130555,1.8224620011989154,10.863976792722909,4709.315357861909
2008-06-11,311.32905001538535,566.0972923098179,96.4960747175424,7.8770075,0.7567689,32.419056,1.7981945,23.71102853843082,1.1908265029643723,25.269393479650287,1.6572631037088346,12.167885539389193,4697.14747232252
2008-06-12,236.19053519924694,410.7476654618722,96.20295751204252,7.875741,0.8054543,30.340307,1.7676232,22.138723350822435,1.1601680927421762,23.62193747873063,1.6265816571447094,13.580936639199859,4683.566535683321
2008-06-13,365.52377835462397,564.3622303968029,95.72071494496522,7.9022613,0.7858966,31.129498,1.7143694,21.999230933489592,1.0853695631145746,23.47577780068025,1.5517812202482557,15.160925999456833,4668.405609683864
2008-06-14,401.74484459600063,563.6003215770297,95.30285970160824,7.7646055,0.7392923,31.528652,1.8331826,21.638839126825676,1.113617196087394,23.09816049759556,1.580024028587659,17.25796720418998,4651.147642479674
2008-06-15,364.0181473760791,598.7848630736601,94.94809278747633,7.7941766,0.7893432,30.320736,1.7370101,21.803857282917413,1.1207433638324777,23.271065957462135,1.5871523870335238,19.67433167158517,4631.473310808088
2008-06-16,272.2507127025738,478.5301201068304,94.80400757351748,7.6401467,0.7286881,28.58758,1.7022983,20.991549950020747,1.1167177155335013,22.41993311078672,1.5831162554928226,23.05003704181296,4608.423273766275
2008-06-17,358.57143126942077,545.577129857346,94.59173955043404,7.349055,0.74547064,27.687489,1.7066462,19.621578139873897,1.071413278963011,20.984481331129206,1.5377958477707439,27.731788803203152,4580.691484963072
2008-06-18,444.93534114212605,655.4218878359166,94.25979001122204,7.0326376,0.7809506,23.731312,1.6168008,16.9791134146915,1.0134897828934726,18.215715824896872,1.4798476075380305,34.10339222404016,4546.588092739032
2008-06-19,365.3641297614966,491.60953025378456,94.00450678707011,7.226712,0.75538766,23.496445,1.4106829,16.559969376667233,0.8709780092575833,17.776538134627263,1.3373326427404468,42.04481507029335,4504.5432776687385
2008-06-20,405.22013683508635,551.1416225777981,93.64649545624108,7.3644934,0.7466917,24.638634,1.7408823,17.319405987404583,1.051956823390544,18.572273219353672,1.5183173866278816,53.55097914527309,4450.992298523465
2008-06-21,397.4837545341565,522.0900882920246,93.31380424925584,7.5461316,0.74355614,26.866055,1.8338568,18.515060690244656,1.0896542307553276,19.825076129848366,1.5560254663706141,70.25955266709656,4380.732745856369
2008-06-22,425.47425913257644,542.6407451521828,92.98582531055284,7.5059776,0.70523804,28.955618,2.1435733,19.528773197299785,1.2408332107660975,20.887240629537875,1.7072147752598958,95.76867769545808,4284.964068160911
2008-06-23,488.87928890962667,754.4607241868227,92.73157224686372,7.326524,0.72056204,27.964497,2.1033175,19.849678963124585,1.3073656771205446,21.22348459400762,1.773750756231006,132.20379492180373,4152.760273239107
2008-06-24,384.51630549712144,469.3018867784145,92.4400578938307,7.349105,0.6656383,27.709316,2.2086456,18.540112169146827,1.2504474072955594,19.851324983807864,1.716818884004124,166.32016774311813,3986.440105495989
2008-06-25,551.5626227642967,679.4437659246303,91.96398912323964,7.4665194,0.7023158,30.113947,1.8365755,19.96657915279255,1.0614023666833219,21.345972213138406,1.527788755364333,157.31338595826568,3829.126719537723
2008-06-26,381.31283884175184,491.671917236594,91.6632924092228,7.617188,0.70040053,29.108906,2.1306872,19.721493383582256,1.2384024508522629,21.08917218194365,1.7047861119284486,105.45666669511061,3723.6700528426127
2008-06-27,329.6560276488874,465.31130317506313,91.25038952999084,7.737258,0.6801928,30.74805,1.9190631,21.20596483152808,1.1581410828814285,22.644596290689496,1.6245423166939073,66.48109081530103,3657.188962027312
2008-06-28,317.87954957687117,461.64452060821066,90.86938950506271,7.6429043,0.64905506,32.48851,2.069351,22.356802467238577,1.2537530126115057,23.850440031445295,1.720169603364132,46.34838899539499,3610.840573031917
2008-06-29,315.8122420841074,470.9095141866052,90.51699608412244,7.582976,0.6237407,32.299526,1.8809016,22.37760767038689,1.1533614637435021,23.87223965218507,1.6197783460570094,34.82813977241833,3576.0124332594987
2008-06-30,314.14749110805906,480.5723709159073,90.17099548595444,7.5603228,0.65463334,31.976837,1.9703262,22.325150940392728,1.2192465544971476,23.817275669811547,1.685662702639205,27.556367766974226,3548.4560654925244
2008-07-01,321.43572166949934,491.0553639690364,89.89385287456946,7.495858,0.61626476,30.18554,1.7435722,21.209103525031384,1.08162038670507,22.64788500301317,1.548021660341614,22.807161257245582,3525.6489042352787
2008-07-02,330.98844678819563,518.9568800629852,89.38168474706869,7.653429,0.6597495,29.741007,1.638091,21.139591154281614,1.032651651088357,22.575050178557714,1.4990520453822003,19.06186283748843,3506.5870413977905
2008-07-03,351.99928952102687,512.2467179920184,88.78226735937865,7.5206747,0.6346282,30.06746,1.8101813,20.88436537951845,1.1036076633193028,22.307625484206532,1.5700048763440617,16.55118698401846,3490.035854413772
2008-07-04,303.3111936749861,436.9155174876888,88.28265396250278,7.624582,0.64782184,29.629313,1.893983,20.612776047574364,1.1489980714023855,22.02305511057721,1.6153919809835877,14.421070665971786,3475.6147837478
2008-07-05,285.3313376451325,405.4248519260972,87.84145578030027,7.6795897,0.64093816,29.258537,2.0060837,20.344900236903012,1.2068275175773047,21.742375751843415,1.673218251493952,12.775008039266698,3462.8397757085336
2008-07-06,273.44052639106695,387.6273283576492,87.4107298847177,7.6701593,0.6199467,29.750751,2.0418258,20.617454968169653,1.2244096878350723,22.027957667582864,1.6908036536138407,11.462709383619545,3451.377066324914
2008-07-07,298.5835446941126,420.1898665934813,86.89152477012726,7.8174257,0.6450709,30.862309,2.0820656,21.289301657800394,1.2463093078563867,22.731916332384934,1.712711602875526,10.277766253241653,3441.099300071672
2008-07-08,311.82143219347546,440.0227376673664,86.36833987836712,7.902494,0.66796315,32.38915,2.168439,22.233502020342595,1.2989810131674748,23.721246244669178,1.7653958861627446,9.307048891152242,3431.79225118052
2008-07-09,316.3275577454258,448.882081241704,85.87137979259975,7.780637,0.63919055,32.028152,2.2708967,22.00454974945016,1.3580908394111324,23.481350837862273,1.824502568860654,8.634130987593712,3423.158120192926
2008-07-10,324.79053100168267,456.7017283746875,85.37237287648833,7.6768866,0.6178502,30.716328,2.0310366,21.141066720123096,1.2143899696616178,22.576596271402448,1.6807903825642192,8.063444541823111,3415.094675651103
2008-07-11,342.779360370261,474.8570659297695,84.84983039887253,7.6771374,0.62878084,29.849728,2.063028,20.55426810711231,1.2267961231403641,21.961750690560457,1.6931893321079436,7.5072949116673895,3407.5873807394355
2008-07-12,349.2916613712508,480.7007369741255,84.31585697473236,7.963768,0.68919045,30.42275,1.9090616,20.971175597791625,1.1430659986185239,22.398584934167282,1.60946428533428,6.887388646277159,3400.6999920931585
2008-07-13,352.84785681022015,539.2118993023088,83.81982685432637,7.799862,0.6164557,29.01582,2.7084816,20.623999234026435,1.6552194906351785,22.034814726977146,2.121613535057784,6.524343925443674,3394.175648167715
2008-07-14,378.8298495623136,451.3935297340327,83.52307956144323,8.115215,0.745819,30.56366,2.936791,20.320463662744462,1.6326004438538593,21.716771192972338,2.0989908921586835,6.036019384235091,3388.1396287834796
2008-07-15,365.4143363346802,476.8735958863141,83.05487645159054,8.13005,0.725626,31.104502,1.982079,21.137370751651545,1.1655020462881092,22.572723648271992,1.6319024125845483,5.677917279930743,3382.461711503549
2008-07-16,350.84111614275116,496.7894297949954,82.54343002300313,8.0904045,0.6980863,31.010845,1.8359574,21.523890016148258,1.114158938018422,22.97771721236164,1.5805642629057253,5.379687873403071,3377.082023630146
2008-07-17,355.3456430943115,499.9768376901246,82.01597936183845,8.222986,0.73828375,31.941689,2.0956836,22.087700460243823,1.2628418811635933,23.568475868395385,1.729254745354022,5.054944584315972,3372.0270790458303
2008-07-18,355.54653906959356,510.68975681886207,81.48900559445005,8.312197,0.7600544,33.01767,2.079056,22.877312544490618,1.2647851138637003,24.395828711115296,1.731209147628425,5.555109534473865,3366.4719695113563
2008-07-19,355.11805028554403,523.27123054915,80.9688758811815,8.3435335,0.74870276,34.01477,2.0905893,23.636320055511266,1.28165476078035,25.191114186625352,1.748090203002414,4.484364298597659,3361.987605212759
2008-07-20,359.13416224811095,583.9926586365966,80.4929473197475,8.096801,0.70749426,32.11629,1.8859398,22.969886432607115,1.198464106199725,24.492827314635758,1.6648894961597913,5.395467416655384,3356.5921377961035
2008-07-21,363.2626989563743,581.1310735498823,80.16149828741871,8.13672,0.6985053,31.413048,1.8706515,22.459767910054314,1.1820430540021494,23.958326870457867,1.6484610925317855,4.146551601593636,3352.44558619451
2008-07-22,258.75860682969653,732.3857931071702,79.94656196580118,8.156714,0.70730376,26.260777,1.5120611,21.534339199263144,1.1324626710886427,22.988665830710673,1.598868132397849,3.9894113190512153,3348.4561748754586
2008-07-23,194.3382113324636,543.70298481951,80.95588260646184,7.901089,0.6259095,24.978,1.6022016,20.481373022426297,1.191767079797386,21.885371470005836,1.6581594213456805,3.9027689466374986,3344.553405928821
2008-07-24,126.49068512311804,64.63,84.960653841578,8.237783,0.7835896,29.44566,7.5241013,15.409508660361361,2.5966897933220463,16.57108932873519,3.063036700302302,3.6906851231180404,3340.8627208057032
2008-07-25,313.75206247499716,151.91975594084073,86.0607281881409,8.291924,0.8337734,35.26625,10.30653,17.091969660472756,3.408984923436931,18.333966213446693,3.875343641645033,3.5520248057340473,3337.310695999969
2008-07-26,474.9907200809995,210.79788360127927,86.2718795294079,8.242053,0.8106447,39.740578,12.866542,17.924077930655884,3.994577235266172,19.20584641452475,4.460942991467844,3.4354287072142102,3333.875267292755
2008-07-27,455.6973674931416,236.78187351520648,86.47102925502152,8.229525,0.81089425,37.748207,7.9229965,18.322952006876427,2.7611921986789394,19.623785308105816,3.2275616093089567,3.317854064531778,3330.557413228223
2008-07-28,456.92318678669255,289.35763408626985,86.45323454323967,8.231853,0.7986966,35.8573,4.85964,18.943147582823183,1.9466652855231847,20.27362411255031,2.4130407396538383,3.2034023788746775,3327.3540108493485
2008-07-29,462.8758180021134,372.603776323058,86.15586749929349,8.36403,0.81300193,34.835926,3.1261947,20.169857994270533,1.4651604723510565,21.558967088365076,1.9315491754650527,3.0666725450617114,3324.2873383042865
2008-07-30,422.988601204822,454.1078698147497,85.92140199642088,8.337063,0.8051267,33.459904,2.5861464,21.34416083833613,1.3941133795792826,22.78939759422355,1.8605163775059634,2.9623984658159848,3321.3249398384705
2008-07-31,406.18904242277983,490.655486222007,85.6545053258052,8.313286,0.80523986,31.935585,2.27365,21.236830908959547,1.2962548958189541,22.67693766111178,1.762656521752611,2.8774708336424215,3318.4474690048282
2008-08-01,399.31809755006554,518.5216966368748,85.36443095762698,8.254626,0.789999,30.916912,2.025589,21.057390939109474,1.194830906953414,22.488921074087724,1.6612302685300155,2.8035591412491088,3315.643909863579
2008-08-02,368.3303234011243,516.3854851695611,85.07188454961893,8.000507,0.74304926,29.250278,2.219503,20.403443147556594,1.3318895034658416,21.80371681350731,1.7982809244022744,2.767801785759733,3312.8761080778195
2008-08-03,310.6964751926563,490.5658991950391,84.8316238000227,8.132447,0.74476564,26.896088,1.8752464,19.62032240207007,1.1838667142981716,20.98316557335088,1.6502492694508724,2.674186212272519,3310.201921865547
2008-08-04,354.02916887350386,493.0003665228789,84.51416514600007,8.306847,0.8065999,28.22223,1.7512813,19.898286285632068,1.0736116923652244,21.27441518037514,1.5399973140998888,2.5719557998587383,3307.629966065688
2008-08-05,374.84051176354683,498.8932804038765,84.18188446959407,8.31661,0.800931,29.656752,2.0088298,20.501618162573696,1.1973826104928875,21.90658425864773,1.6637751923400628,2.496627554778314,3305.13333851091
2008-08-06,226.5120464986269,364.4265789437646,83.9818962590934,8.270125,0.786427,28.763798,2.350716,20.908390329953605,1.4806752578037363,22.332798745147304,1.9470727671129562,2.433867868428386,3302.6994706424816
2008-08-07,266.3219545406473,383.64061236190025,83.71116614578926,8.373282,0.7655074,29.257473,2.7217233,20.70018256938697,1.6368331042482211,22.11463936534821,2.103228067785036,2.3589760859411637,3300.3404945565403
2008-08-08,357.30351968682,463.9743486859389,83.27417575873505,8.159925,0.7726022,28.818554,2.546956,19.83085201969416,1.477620999289826,21.203757787037905,1.9440058689529214,2.3347543872875014,3298.005740169253
2008-08-09,400.35471780483425,484.1198832927191,82.87819614581015,8.309394,0.8008596,27.890743,2.256484,19.027305467031315,1.2871934070958906,20.361804455944256,1.753569715194205,2.261251807197406,3295.7444883620556
2008-08-10,402.12237572359874,521.1153343309786,82.4637181267537,8.17741,0.7847123,26.586002,2.2008438,18.56801656106577,1.2884125746153903,19.880563110274142,1.7547843207182838,2.2249275877981485,3293.5195607742576
2008-08-11,402.99027053745453,494.8404736053064,82.10813531537168,8.016228,0.6938512,25.857283,3.0808117,17.849346182451928,1.7263173359688846,19.12754274421435,2.1926824277252,2.1927783915429657,3291.3267823827146
2008-08-12,433.5456177296667,345.82965399581394,81.81398340192388,8.549398,0.85203344,27.968372,4.768658,17.16611655057404,2.1684136318504756,18.411657071436355,2.634772945060725,2.0761475283910706,3289.2506348543234
2008-08-13,385.8715480904244,429.7276237840483,81.39531016395304,8.677092,0.87510395,26.63449,2.9612794,18.13858936155905,1.6142536733464143,19.430610758554444,2.0806213722600506,2.013941909629306,3287.236692944694
2008-08-14,339.6659820454261,416.3765123338391,81.02478738790782,8.688888,0.8517775,26.73628,2.7726774,18.628157604694472,1.5742216728002139,19.943578690206422,2.040594002543668,1.9678505863186986,3285.2688423583754
2008-08-15,276.8264891341948,325.919190480235,80.70686043190715,8.412318,0.7901702,27.592777,3.3033483,18.783657069728964,1.8226938643942106,20.10651049812123,2.2890677223583205,1.9578498947092908,3283.310992463666
2008-08-16,307.98432704105323,373.2101584410994,80.43361280296729,8.512017,0.78050244,26.990273,3.4151535,18.635811151393046,1.904066906751098,19.951598050274846,2.370439311065282,1.90532138957455,3281.4056710740915
2008-08-17,353.97589501260575,416.5469663283561,80.09423012891973,8.677834,0.85995096,27.024437,3.216493,18.59606229432012,1.7831589262761876,19.909949333708504,2.2495309440350977,1.8472858010607474,3279.5583852730306
2008-08-18,372.81799418336675,462.61288470865,79.62844877903709,8.737496,0.86391586,27.004662,3.3116305,18.852786814472125,1.8738758184470656,20.178944408354905,2.340250364684002,1.80281651101905,3277.7555687620115
2008-08-19,394.8124288814504,465.97602566072095,79.20721598515382,8.5107765,0.82755315,27.136635,3.6539273,18.59362949319045,2.014092836047468,19.90740025300095,2.480464830206203,1.7924492285045945,3275.963119533507
2008-08-20,422.52595012504275,455.0609788489013,78.7408709366437,8.533794,0.8335327,25.742907,3.2773328,17.45734963099498,1.7461594399659817,18.716810097570935,2.2125211510608604,1.7558311360389272,3274.207288397468
2008-08-21,403.9848774073743,478.4530734660468,78.14235440668146,8.766613,0.8915845,24.430439,2.5364978,17.259454547627396,1.4345685435330995,18.509456305688882,1.900928614685774,1.6975540627183072,3272.5097343347497
2008-08-22,401.1255885460216,485.04593732079417,77.61203502351333,8.908755,0.9077104,25.226297,2.5072935,17.840161085679565,1.4325534571612712,19.11791863121395,1.8989184676929356,1.6510579588770506,3270.8586763758726
2008-08-23,397.9802565424492,491.1597501351242,77.18274735206425,8.812029,0.89340377,25.82442,3.3343449,18.209651489664893,1.8847973839341021,19.505069413470014,2.351165738021223,1.6305764115873573,3269.2280999642853
2008-08-24,395.65136125872914,497.36863233402926,76.7437669150098,8.961068,0.94440293,26.177015,3.0724804,18.549512029615734,1.7616335676688781,19.86117412547537,2.228005135026043,1.5856597474509746,3267.6424402168345
2008-08-25,378.7084729496988,512.7968913958936,76.23693666513053,8.8436,0.85316676,27.607182,2.5653405,19.636475486866047,1.5194483590359276,21.000090720383547,1.9858310899766347,1.5664948112987596,3266.0759454055355
2008-08-26,386.98378699294943,513.8465761882386,75.7031404971654,9.01089,0.8786504,25.44112,2.615627,18.382929237537542,1.538996633552528,19.68662924537063,2.005366609420485,1.5260442480847776,3264.5499011574507
2008-08-27,392.6270050963372,516.6850113429942,75.12988326656975,9.150193,0.92802286,23.983896,1.8879524,17.57893041955016,1.1451580022129235,18.844202032215918,1.6115207430480092,1.487142543283593,3263.0627586141673
2008-08-28,397.3804761219309,514.4937953566715,74.54800726368224,9.072629,0.9271078,24.021687,2.1895528,17.507122206503063,1.2997674042724152,18.768961632049265,1.7661295348773527,1.469901400455709,3261.5928572137113
2008-08-29,393.6032570894349,520.1570870362357,73.97192338063796,8.815307,0.8373504,23.569967,3.3690476,17.21438124643208,1.9514498000553198,18.4622286547718,2.417809503950606,1.4695801437548808,3260.1232770699567
2008-08-30,388.78144611786945,516.8233542907086,73.4393976080674,9.222204,0.964361,23.40312,3.2756321,17.315169797967137,1.914679510511517,18.567834554541808,2.3810400388430306,1.4080131568126477,3258.715263913144
2008-08-31,392.5473626823499,514.0872159316308,72.93819502289173,9.330556,1.0265863,24.854607,3.1763346,18.133127755762825,1.8551067678475235,19.424888106670725,2.3214744166456,0.0,3257.3396501970465
2008-09-01,394.475944987079,518.1071178126374,72.45728408651027,9.342842,0.99909276,25.015862,3.1203666,18.24099422049939,1.8234288070099247,19.537910219698635,2.2897974519036186,,
2008-09-02,394.6907153813982,525.5701848067466,71.87836964047015,9.411811,0.98679405,24.67891,3.084259,18.131003160523957,1.8115822491030178,19.422661963042007,2.2779498784150767,,
2008-09-03,394.8644701214535,528.083853546081,71.29531993497578,9.475545,0.99185425,25.255062,3.313757,18.50412001061715,1.9429394141333003,19.813612523133507,2.4093105446815666,,
2008-09-04,393.8165065253152,531.9305600792312,70.71845873597672,9.533523,0.99559563,25.920454,3.4424143,18.949387826898455,2.0228326439910718,20.28016261896117,2.489208161164801,,
2008-09-05,394.3666966339252,533.9702241108487,70.34430511728182,9.583678,0.9898735,26.403679,3.4733486,19.258376423677777,2.041610880851722,20.603919814441866,2.5079895753196375,,
2008-09-06,254.7139141057124,387.1866712374352,70.14166586681206,9.505452,0.9703881,26.84605,3.4952395,19.9650912518747,2.1431620115841605,21.344413195642815,2.609548383498839,,
2008-09-07,116.3370071998143,58.53358574262297,70.12419690556708,9.902239,1.037237,28.020798,8.520259,15.966976215927142,2.9342385296132867,17.155201927849507,3.4005889915216376,,
2008-09-08,188.22894669280785,344.1186790259943,69.81359094765807,9.710541,1.0507313,24.835785,2.4413824,19.487759232052596,1.6212927407330593,20.844266336951097,2.0876738645208306,,
2008-09-09,116.3368420988,264.74899049535804,69.65290332038828,9.595781,1.0965391,23.856197,2.438769,19.502816501335456,1.7270210405423725,20.86004329223498,2.193402325901087,,
2008-09-10,116.3368420988,114.52030049535809,69.50263559710666,10.07215,1.182407,24.72366,4.822543,17.340260834095456,2.4653870964070053,18.594124856427644,2.9317478317856196,,
2008-09-11,243.37155569995508,314.69644285545394,69.14470939625035,9.946953,1.1115508,23.922398,2.420001,17.8277536815204,1.448184083133138,19.104918195548564,1.9145489840981718,,
2008-09-12,259.94770886093016,359.8265262760913,68.76510565556441,10.119615,1.2172904,23.240332,2.720306,17.737198182714206,1.6598212549063556,19.010034453447922,2.126185361529866,,
2008-09-13,205.3240253754657,317.59908469147456,68.4798451267428,10.446967,1.2316847,23.97504,3.042377,18.66328730366615,1.9100371313403586,19.980387468704077,2.376409803914538,,
2008-09-14,231.99967896868023,326.6445427642908,68.14408949085585,10.478143,1.1423899,26.825943,3.7511122,20.03685565740416,2.244034218117474,21.419607694442238,2.7104214015887558,,
2008-09-15,303.99079401696787,371.9980608015898,67.71135117752239,10.451722,1.3720305,29.116907,6.037091,20.723211927177708,3.3790319563634896,22.138769447719422,3.8454271990442193,,
2008-09-16,317.5989084685395,407.2515393377506,67.22129477576418,10.316836,1.2390392,26.239243,2.8269975,19.262715404510004,1.67854560032786,20.60846618372581,2.1449243401902787,,
2008-09-17,296.0957505753656,457.4754154085337,66.76572431564493,10.13886,1.087679,22.779099,1.7406496,17.812452820722346,1.139859635452898,19.08888600590774,1.6062244015423266,,
2008-09-18,309.0406387727459,473.5006724532192,66.28465765540071,9.893088,1.1254661,21.464653,1.7341996,16.89481920921625,1.1395820061326647,18.127392644545232,1.6059391728621353,,
2008-09-19,321.1303309818874,489.578795653007,65.76686705177201,9.726522,1.0713766,19.768055,1.6388239,15.79049932026314,1.0768218571921273,16.970290039828857,1.5431711552736314,,
2008-09-20,324.6197343026258,500.4142366986381,65.33066357616313,9.779269,1.0277599,18.79129,1.3883896,15.245400069711511,0.9341720438335636,16.39913690842943,1.4005179720198577,,
2008-09-21,325.77019946372155,501.37025947800527,64.89241339249948,9.900404,1.0422592,19.57981,1.3559442,15.767564566243978,0.918712329382184,16.94625908296611,1.3850614788291564,,
2008-09-22,331.7208645285179,505.8291763932084,64.33356590264184,9.928778,1.072423,20.325397,1.4097499,16.207702382327273,0.9514700534793757,17.40743398212233,1.4178221603531158,,
2008-09-23,336.4659723441916,510.1500472276399,63.790115079076045,9.893813,1.0592352,20.196012,1.4914421,16.101665772978905,0.9924140625081148,17.296329185315127,1.4587654366302594,,
2008-09-24,338.5323251964625,512.3535672463549,63.23958658079615,9.935205,1.0252019,19.837929,1.4088681,15.898044495489827,0.9413009242286249,17.082975506806587,1.4076509273081774,,
2008-09-25,336.8730662564819,511.86049079092174,62.71829663713915,9.938912,1.0617064,19.80331,1.4250814,15.888006263413875,0.9572009942891359,17.072457481551385,1.4235509310047014,,
2008-09-26,188.67531331412,337.6022979798577,62.40148333393694,9.597119,1.0392604,19.652763,1.5225623,16.047723463371252,1.045361734992377,17.23980861770079,1.5117127412880547,,
2008-09-27,160.08727980907628,311.58304401843003,62.24163202308453,10.391613,1.1320503,19.957277,1.840694,16.710642734349577,1.2752136532239435,17.934413163755714,1.7415694107315225,,
2008-09-28,75.00522454724572,206.1603952595848,62.15822795116146,10.68499,1.1417072,21.631382,2.0037649,18.7112646749078,1.5004660478630945,20.03065799428864,1.9668391909280882,,
2008-09-29,54.9368420988,49.06084549535805,62.081194861536105,10.7606325,1.2634274,24.202915,3.5833747,17.10202114351572,1.8174346379977944,18.344498123019836,2.2837934364970605,,
2008-09-30,188.21788668223297,324.6771161523588,61.77150446917511,10.745284,1.2974035,23.246864,1.9844024,18.659139736535828,1.3433826494926855,19.976041662042675,1.8097552815172895,,
2008-10-01,118.31920180301891,308.7282158365942,61.55449385932472,10.592572,1.2716469,20.833872,1.4878811,17.996382730147843,1.131876140255611,19.281607136270832,1.5982425454031133,,
2008-10-02,177.24749316722807,353.51227516964485,61.25519150485047,10.183704,1.4506125,18.329906,1.4553334,15.60947815506808,1.0836347461589433,16.78061668172737,1.5499828874504096,,
2008-10-03,223.4805255283303,414.1366196631111,60.89377462139011,10.292764,1.5896273,15.726576,1.4787159,13.822061203199885,1.1103410950672425,14.907767309539063,1.5766798260883355,,
2008-10-04,246.46165660702025,432.3523131974338,60.60709430644279,10.49361,1.5527364,14.363277,1.2771577,12.958290804385868,0.989712717518548,14.002711638313132,1.4560482105780115,,
2008-10-05,244.7736841317549,423.4117444196576,60.33229538942149,10.429654,1.3339236,14.026246,1.0125744,12.708720988494795,0.8065260326914578,13.741213238334202,1.272860749101819,,
2008-10-06,258.4759336673909,435.4957529849175,59.89950608894766,10.2737875,1.5868152,13.5147295,1.0270648,12.307611794770466,0.8744836688676757,13.320932396273037,1.340817286301564,,
2008-10-07,270.231594281346,455.4519999088972,59.44417083673882,10.401028,1.5419843,12.575655,1.1264198,11.765862660732438,0.9107734253197093,12.753289505504764,1.3771058505576685,,
2008-10-08,271.9523120565304,474.33251146937886,58.97802108318573,10.503592,1.35959,12.401077,1.0379877,11.709617902817106,0.8250567907711285,12.694356440424166,1.2913891114692184,,
2008-10-09,277.0545141639981,480.6107615327873,58.48942751531603,10.736079,1.1959066,14.177938,0.86571854,12.919358093936898,0.702000394389426,13.961918077389514,1.1683357616024437,,
2008-10-10,288.686467525324,490.0321386984697,57.99916012810584,10.802978,1.3690146,15.587473,0.92971516,13.81376537673687,0.7745079034497715,14.899074970928979,1.2408465993143731,,
2008-10-11,297.56888204599426,498.86745841947567,57.61614527511802,10.864551,1.4384825,15.630138,1.0294112,13.849593532697627,0.8394162165105237,14.936615590272236,1.3057550647736778,,
2008-10-12,310.30854140064025,498.614750327744,57.21919824192536,11.006494,1.3836447,15.675713,1.0156275,13.884568038778351,0.8207503256666758,14.97326175818925,1.28708932411339,,
2008-10-13,319.40770081385733,505.9833398442588,56.681859850950765,11.223903,1.4262629,16.405384,1.0111871,14.400267740757508,0.8299881052523373,15.513610143091768,1.2963294805556496,,
2008-10-14,315.2600899275467,504.7244039554597,56.148362117870086,11.456774,1.5340825,17.159092,1.0564013,14.966717143271497,0.8778925876315922,16.10713389073551,1.3442369242309837,,
2008-10-15,305.10992156296976,505.0230288006612,55.65483498570736,11.6382,1.5968577,16.800732,1.0769249,14.856433889114697,0.9013209493764702,15.991579474014461,1.3676646806666939,,
2008-10-16,303.1853768853307,518.5206436616279,55.10389294063006,11.897046,1.5054846,16.04064,1.1638719,14.511775523273554,0.9208451560513214,15.630447616441796,1.3871870852878483,,
2008-10-17,307.9955880735528,526.2894397179296,54.59502908766118,11.855926,1.6872723,13.233648,1.0638602,12.725030128410959,0.9156362136297335,13.758301899388353,1.3819709786177723,,
2008-10-18,314.00138566480234,527.1256158672927,54.19000565891172,11.935389,1.7241344,10.867226,1.088592,11.265981882101649,0.9379117583793509,12.22951613441238,1.4042433813331527,,
2008-10-19,321.36588324065303,542.7163803935366,53.75924794180429,11.985616,1.739279,9.396915,1.0462645,10.359694087312787,0.9221012583958992,11.279910881022456,1.388432155611445,,
2008-10-20,328.17239470263974,551.9574275327715,53.19047475320683,12.793954,1.549758,9.117035,1.100042,10.488040958540944,0.8999107481994534,11.414392293963488,1.3662416910918025,,
2008-10-21,319.7753209479615,545.9086372075014,52.63887997048886,13.454713,1.4152236,9.153595,1.0341074,10.742386518705882,0.8357909463791316,11.680894702467507,1.3021220354548744,,
2008-10-22,327.13459932109896,555.012029428544,52.20602810546748,13.574328,1.4317195,8.650117,0.96244675,10.476207849353367,0.80533598087088,11.401993602606204,1.2716669187635206,,
2008-10-23,332.54693138023856,558.6820181878727,51.9582293527255,13.651497,1.4630281,7.884788,0.99494416,10.036537408319003,0.8288606727338442,10.941308417428614,1.2951915383849049,,
2008-10-24,345.123301740461,605.0129576237774,51.65693194223415,13.94172,1.350944,7.762869,1.0437156,10.007247496515388,0.8261305284102208,10.910618547963342,1.2924613971040648,,
2008-10-25,283.9487474072,326.51045049535804,51.8357912412329,13.876953,1.3925434,6.507687,2.2032993,9.935424550152645,1.3447351518431976,10.835362710278918,1.8110660321515595,,
2008-10-26,38.7789474072,280.313770495358,52.86207282388594,13.623814,1.2185402,9.220875,0.89247876,9.755958554327963,0.7978799848231285,10.647318853327633,1.2642109199439768,,
2008-10-27,38.783299415895215,130.509414406383,53.393743787930106,13.142152,1.0789554,8.282428,1.1610793,9.395742876497199,0.9285895059987089,10.269886097432254,1.3949206623128712,,
2008-10-28,47.2513324072,333.76413,54.03920588259987,12.048272,1.3481306,6.758186,0.9646331,7.414231744672351,0.8613854359234094,8.19366550696313,1.327720462639927,,
2008-10-29,38.7789474072,274.79713049535803,54.7536135363083,10.832219,1.1230072,4.7312026,1.1066334,5.485695739740647,0.9796733031927911,6.17295207336623,1.446016409141794,,
2008-10-30,38.7789474072,205.0306604953581,55.341713593360495,10.458838,1.0464971,2.9714866,1.1070561,4.16238149596893,0.9457369986680889,4.78638793226567,1.412088109173846,,
2008-10-31,38.7789474072,251.66968049535805,55.8784577674451,10.761727,0.9243576,3.5406756,1.1811436,4.504786869855291,1.030858769825643,5.145159112569583,1.4972076171065285,,
2008-11-01,38.7789474072,827.1303304953581,56.68392557789333,10.531543,0.8627538,5.8090568,0.63825613,6.020548934378316,0.6108955161179207,6.733369422403396,1.077235955129369,,
2008-11-02,38.7789474072,681.056870495358,57.6997956662935,9.821248,0.91489434,5.6106052,0.6833797,5.837440710121724,0.6484405538176512,6.541509250951492,1.1147818690299478,,
2008-11-03,38.7789474072,432.0538804953581,58.56915905667904,9.909663,0.81437796,5.0548506,0.9784064,5.4547048624321475,0.9003244655313626,6.140479938059398,1.3666677360380461,,
2008-11-04,38.78351365662697,463.2855709872626,59.64312494837134,10.170831,0.73876107,5.980726,0.88467884,6.304400331066632,0.8183319956549314,7.030787945555955,1.2846711521917753,,
2008-11-05,38.78845870421744,518.7028923888652,60.60932626843607,10.267365,0.739339,8.085684,0.7368529,8.237478227623548,0.6875121766269052,9.056260357672073,1.153845050019263,,
2008-11-06,111.60701439304128,443.1092812000556,61.40179048746754,10.268979,0.76183623,9.984787,0.9117975,10.041965459259925,0.744300832769377,10.94699591064965,1.2106316979643175,,
2008-11-07,191.05831612696565,402.7497695397197,62.02868678410203,10.305251,0.7696434,10.900148,1.107752,10.708739629436682,0.7910889416987402,11.645639606907377,1.2574200071894142,,
2008-11-08,249.2647546503499,377.096736766594,62.50801546472461,10.100311,0.74875295,11.09645,1.2040626,10.700029828852097,0.7837497794511321,11.636513507627813,1.2500808390475786,,
2008-11-09,281.5004596493968,375.8913864148354,62.89722661661256,9.500131,0.70239526,9.592049,1.2033613,9.552688623974078,0.7509373492200624,10.43433331514633,1.2172683909158344,,
2008-11-10,291.62295499037987,415.9709972537404,63.174823541393934,8.9025135,0.7316108,7.0962486,1.3603488,7.840670338269166,0.8546585857451791,8.640486407626465,1.3209924002778854,,
2008-11-11,272.1845319746628,428.9284053051729,63.40536872428996,8.612471,0.86526847,5.251286,1.4392594,6.5561577669833575,0.9424122821150251,7.294578526319758,1.4087503782930715,,
2008-11-12,259.1615914174712,450.331392654858,63.591419351864346,8.534382,0.76234585,3.7630763,1.2103077,5.505925311798679,0.8171234291818478,6.194148549817303,1.283466428306881,,
2008-11-13,187.24644212272176,424.8941831681253,63.823138170969294,8.817307,0.73937213,3.6336231,0.99137235,5.219249711810335,0.7243373262230248,5.89377083610103,1.1906818828422607,,
2008-11-14,51.34802510922088,252.1343650981807,64.2321879587404,9.236685,0.65015525,5.3624573,1.1477221,6.01796131315425,0.959856358738062,6.730658121730161,1.42619680986455,,
2008-11-15,38.7789474072,491.316000495358,64.66783744107995,9.389003,0.72684216,8.608129,0.7237398,8.665253184834203,0.6728989105198123,9.504481495561858,1.1392309710481636,,
2008-11-16,38.7789474072,913.585070495358,65.53275042394199,8.510967,0.6458403,9.1255455,0.66153395,9.10052072434157,0.6351418563573036,9.960553335570028,1.1014733046152734,,
2008-11-17,38.7789474072,485.3317304953581,66.18396963459921,7.6475086,0.6612067,6.1406302,0.81477743,6.252124171503235,0.7560765217935809,6.9760131642625405,1.222415907597549,,
2008-11-18,38.7789474072,445.772660495358,66.76788993198579,6.988266,0.6748887,3.338768,0.75138474,3.630839454825505,0.6933578960650617,4.22943999854116,1.1597127855778997,,
2008-11-19,38.7789474072,362.413650495358,67.29199601829609,6.6632366,0.6925206,1.526901,0.6449485,2.02337499345544,0.5864411201651305,2.5451442307599788,1.0528094040054043,,
2008-11-20,38.7789474072,351.98866049535803,67.77736112237025,6.725869,0.6643879,0.4837746,0.5846269,1.1032268097920108,0.5307211518576337,1.5810161092866515,0.9970984326915409,,
2008-11-21,56.324229362271936,337.9192531974136,68.20565893077557,6.3297215,0.6766496,0.044730008,0.5634042,0.9426454209507281,0.49249339822522903,1.4127594789787725,0.9588723484069717,,
2008-11-22,137.60064650266466,342.62484876486155,68.49599444331841,6.015619,0.69207543,-1.0528626,0.65977067,0.9724934150974921,0.5107889710566066,1.4440341052154881,0.9771676087181572,,
2008-11-23,212.4675026037331,365.89173997624505,68.64665156913077,6.138795,0.6988053,-1.8097228,0.9738204,1.1102646186455294,0.6674213714818427,1.5883903013458223,1.1337985798275938,,
2008-11-24,216.27582833744464,382.10036642350826,68.78825872029975,6.1311054,0.73849523,-1.6699933,0.88203114,1.1496193619776012,0.6232786648477838,1.6296260668817069,1.0896554688906368,,
2008-11-25,38.7789474072,482.5419504953581,69.21727658297534,6.4264565,0.6525002,-0.5484017,0.5157648,-0.02957030064029924,0.47986012792787863,0.3940751692488824,0.9462498145520836,,
2008-11-26,38.7789474072,445.254470495358,69.63964183944154,6.485176,0.5991123,0.18074822,0.6553687,0.6858354092690475,0.6047707559179634,1.1436748265998162,1.0711524370884875,,
2008-11-27,38.7789474072,455.9628804953581,70.00882276378736,6.345402,0.6050554,0.71631134,0.65635145,1.1575317648062875,0.6067614552044167,1.6379166555184084,1.0731381781746405,,
2008-11-28,44.47470118700534,435.3995569560449,70.33585634876034,6.3336544,0.5974056,0.4873801,0.6762777,1.0292122420766359,0.6160932975576211,1.5034638982406243,1.0824713441579314,,
2008-11-29,78.03435211382494,445.6775808179219,70.60929029849112,6.3440285,0.5917231,0.45655835,0.73417026,1.3338057188139574,0.6309675717968233,1.8226159019652772,1.0973425071785,,
2008-11-30,38.7789474072,485.859180495358,70.90522159901249,6.1287217,0.6356337,0.64899504,0.65283585,1.0540323830628833,0.6064039185025416,1.529470357122607,1.0727817076116808,,
2008-12-01,49.6747654072,2079.345954495358,71.47014632816807,6.5462217,0.5805889,2.6685257,0.5306376,2.7590009265828233,0.5184336736050319,3.315930568879396,0.9847954610753662,,
2008-12-02,38.7789474072,1721.592430495358,71.85114789916902,5.996888,0.6414512,2.403658,0.5569139,2.482812623707613,0.5448290054740615,3.026541409229234,1.0111931594328105,,
2008-12-03,38.7789474072,1255.047630495358,72.04100639163283,5.8802114,0.6058813,1.932221,0.5261143,2.0505513712846324,0.5106684298102955,2.573619546551606,0.9770364626457042,,
2008-12-04,38.7789474072,1351.065830495358,72.26268758529035,6.3078003,0.5727277,2.0472999,0.49344423,2.1661748073488396,0.4799424355826798,2.6947693876207386,0.9463094099439278,,
2008-12-05,38.7789474072,1286.415730495358,72.53135368682577,5.782153,0.57729226,2.2760658,0.5296449,2.378663865331739,0.5144234422285429,2.917414696217713,0.9807885112229151,,
2008-12-06,38.7789474072,955.374130495358,72.66442769486726,5.6216707,0.59030503,0.9034911,0.5010682,1.087533199986212,0.4820732200418925,1.5645723985780569,0.9484506627210905,,
2008-12-07,38.7789474072,881.300830495358,72.76101319760124,5.151864,0.6207863,0.28857076,0.41349155,0.49354580759888517,0.39692724674251506,0.9421944392789405,0.8633110221446136,,
2008-12-08,38.7789474072,775.7034304953581,72.79734758285915,4.6512012,0.6529793,0.045212686,0.34571388,0.26451195275450745,0.3307183716983504,0.7022135490860679,0.7971046966817255,,
2008-12-09,38.7789474072,719.606330495358,72.8497130106318,5.5221953,0.59511685,-0.3642701,0.50529563,-0.06327409339497087,0.48042278018636103,0.3587604504111894,0.9468128583927601,,
2008-12-10,939.7279474072,3096.153627495358,73.6237293817663,6.004953,0.7225939,-0.2744385,1.4130974,1.1876756596022684,1.0970460252458794,1.6695013254438877,1.563422440009426,,
2008-12-11,776.4876474072,4577.223530495358,74.7861951189503,5.4288845,0.7666862,3.1125722,0.6558175,3.448523804817925,0.571619599149143,4.03841028367809,1.0379758592570125,,
2008-12-12,153.7410874072,6297.807930495358,79.24883687320255,5.139556,0.6147536,2.819757,0.6567046,2.8750380360664156,0.6412226372779071,3.4375138555432883,1.1075834565203024,,
2008-12-13,54.9368420988,4666.396530495358,81.74259437571808,4.8854895,0.56195307,1.9052778,0.5790936,1.9399552162718905,0.5723926752464815,2.4577372733832985,1.0387617348385265,,
2008-12-14,54.9368420988,3392.431730495358,83.47690516976967,5.0657477,0.5148598,1.7364795,0.5037725,1.789534330138588,0.495812345013742,2.3001267830809002,0.9621828235369502,,
2008-12-15,54.9368420988,3303.5496904953584,85.08333508607829,5.7742453,0.5395193,3.214188,0.6073647,3.256064537825957,0.5974948526934403,3.8367521216129976,1.0638526008960678,,
2008-12-16,387.7894737036,3263.000263815358,86.51460415431504,5.2642403,0.6168923,3.471026,0.6281091,3.6615024400288942,0.5652021687257841,4.2615685696211,1.0315568314575585,,
2008-12-17,387.7894737036,2413.850130495358,87.59524866664792,5.1195946,0.61083806,2.704051,0.51931363,3.0383989342342117,0.4553511023483238,3.6086828462222105,0.9217105845848361,,
2008-12-18,2264.9138470876783,3425.355415029758,86.595827062592,5.2069483,0.7002432,-0.09745383,2.8858259,2.0138722299465717,1.7593899053898998,2.535187267638958,2.225758277198326,,
2008-12-19,387.7894737036,1837.516330495358,86.91759320895058,4.8802156,0.6776795,0.9146731,0.5688645,1.6057222291128326,0.48434981224302287,2.107529091956348,0.9507220598048205,,
2008-12-20,389.9524571036,1641.632930495358,87.27053184699506,4.5813494,0.6221791,0.48540056,0.3903977,1.2715970494126194,0.3373113165591504,1.7574338708162536,0.803686878740089,,
2008-12-21,1081.1279265123324,2321.8667203310256,86.80066470780993,4.74615,0.7295201,-1.6187676,1.0358709,0.40336021833644414,0.743806641376136,0.8476982871337693,1.2101914135561493,,
2008-12-22,700.5820004683758,1823.189132534138,86.34491942610435,4.300668,0.73359257,-1.1848025,0.55613005,0.3379273629571582,0.45041551113998707,0.7791379649383801,0.9168010123391436,,
2008-12-23,423.8688997036,1577.7803985872167,86.201744848398,4.195335,0.70007676,-0.6128051,0.33683813,0.40536575222609694,0.3040932749676043,0.8497996786877728,0.770478024880314,,
2008-12-24,815.2977437036,1899.908029556586,86.14601184454567,4.8615203,0.7874478,-1.309743,0.76476777,0.543308800770642,0.5850400143437531,0.9943359334180251,1.0514232437208657,,
2008-12-25,825.7181537035999,5318.427309976104,87.92234392533214,5.09909,0.6375887,1.7396574,0.5804464,2.191135086071395,0.5096937339656566,2.720922682343788,0.9760604818344549,,
2008-12-26,674.0146677407396,3486.319566302684,88.21581356675551,4.8531704,0.65991396,1.7183971,0.5204134,2.2262609405346345,0.44901522065035715,2.7577274325786436,0.9153816509898366,,
2008-12-27,617.1329236863374,4332.92464121633,88.92296071107054,5.2807527,0.6634703,2.4880009,0.621588,2.836178452362001,0.5503450259474486,3.396796916572644,1.0167061677241875,,
2008-12-28,907.8046633449648,6157.007010560991,90.54205894084244,5.523523,0.67648137,3.5699582,0.6460498,3.8209847306830294,0.5697051589883384,4.428673568605564,1.0360586595412624,,
2008-12-29,1315.5392246283327,5961.478485452552,91.04173585822018,5.2458205,0.598444,3.720728,0.6413783,3.996434153326961,0.5364522020661869,4.612508873908028,1.002804457686014,,
2008-12-30,1468.1135059787928,4732.857815029758,90.86265216815134,5.2671213,0.55552673,3.1706176,0.8764826,3.6669761811473456,0.6817772458571814,4.267303936853965,1.1481318682186945,,
2008-12-31,1438.7209185606837,3664.9828150297576,90.3244831984776,4.798068,0.6484962,0.26163393,0.798349,1.5404430085363738,0.6017376104552308,2.039129747782187,1.0681104955719813,,
2009-01-01,1299.1896438079862,3353.561615029758,89.54475370085476,4.3610187,0.683633,-0.62921965,0.81313354,0.7642066401039042,0.6163857985841068,1.2257919343699284,1.0827666383382417,,
2009-01-02,843.1393495561599,2472.585330579432,89.08453088479075,4.4550066,0.6524346,-0.11066437,0.7436845,1.050317686278242,0.5788605011156323,1.5255781105297155,1.045238328717265,,
2009-01-03,677.1797900149223,2123.060040914402,88.75301735693817,4.428219,0.63888836,0.1924808,0.67792284,1.2168059921636554,0.5367006600336722,1.7000239883246486,1.0030767779409029,,
2009-01-04,489.8574029550185,1764.8729579134892,88.51518751299442,4.3869042,0.63291645,0.2237652,0.5579171,1.128238969300428,0.4578421770384187,1.607223764519781,0.9242192005086473,,
2009-01-05,387.7894737036,1356.898304796499,88.25655714818701,4.4625235,0.6075452,0.07012552,0.5934627,1.0464180732586943,0.4809032250986159,1.5214921093379936,0.9472810931258604,,
2009-01-06,387.7894737036,1118.768781679098,88.06641634719486,4.3437004,0.6483129,-0.3074968,0.5989156,0.8897256285597518,0.4750304943002904,1.3573103014087682,0.9414100010771222,,
2009-01-07,387.7894737036,1368.1082456058857,88.04532336534061,4.4266114,0.6727947,-0.029492617,0.48746192,0.9546365962805601,0.4078365255696994,1.4253237914995884,0.874215350076721,,
2009-01-08,387.7894737036,1323.496737577757,88.1255336522354,4.3917103,0.60059464,0.045894444,0.5573028,1.0306868330595667,0.45199120275878973,1.5050089696319022,0.9183692340415943,,
2009-01-09,387.7894737036,1270.2541587353385,87.80947526950929,4.1614013,0.6071653,-0.21695662,0.46623874,0.8070701758687968,0.38438602702827224,1.270704200622716,0.8507664095578822,,
2009-01-10,387.7894737036,1146.2677615149626,87.70858417920311,3.8919702,0.5628703,-0.72331405,0.34831816,0.4433690413328711,0.2966222360577778,0.8896193951061058,0.7630065648918442,,
2009-01-11,387.7894737036,1042.756962618087,87.61055156602042,3.602107,0.49153653,-0.95710003,0.3392576,0.2788000879451253,0.2809050752557042,0.7171846082972504,0.7472912394309084,,
2009-01-12,387.7894737036,959.3863271011209,87.41099949325918,3.4738374,0.44447875,-1.0945413,0.36685437,0.22048317597464992,0.29090124363969366,0.6560803472809773,0.7572880656200608,,
2009-01-13,387.7894737036,859.2416537530394,87.21262408300913,3.650063,0.4098902,-1.1105815,0.5024876,0.3698368988581838,0.368946426502703,0.812572667578183,0.8353315715707159,,
2009-01-14,387.7894737036,752.1933741097109,87.03453730562455,3.3020105,0.40216035,-1.2347308,0.53308547,0.3085384768864955,0.3774119371246265,0.748344390574421,0.8437977673527302,,
2009-01-15,387.7894737036,719.246230495358,86.80489879531298,2.7818358,0.37030706,-1.5611409,0.39989194,-0.03981629959658725,0.29039379111572,0.3833394465666791,0.7567835966440453,,
2009-01-16,432.6553417036,627.957980495358,86.53202808543341,2.600576,0.3678613,-2.0015254,0.36211404,-0.12419303213233975,0.2616955166542629,0.29492979464314883,0.7280863059330268,,
2009-01-17,444.0463337036,634.4578604953581,86.34809464671964,2.6162782,0.3600872,-2.101715,0.36068594,-0.15920283753800335,0.25884660543323584,0.25824664021412735,0.7252378052816062,,
2009-01-18,422.8424867036,603.728330495358,86.17021372683897,2.8458633,0.34584,-1.820778,0.43848905,0.10140232039777226,0.29460551573175076,0.531307833865066,0.7609936930011738,,
2009-01-19,408.1457917036,642.252200495358,85.87778243926887,3.114056,0.32400712,-1.3091551,0.6177239,0.409541099476806,0.39812914489870305,0.8541745932643552,0.8645138484675758,,
2009-01-20,419.9126997036,614.811500495358,85.56546688689848,2.9977474,0.32982114,-1.2826928,0.6887192,0.45439928213579506,0.4305560101037605,0.9011768437144176,0.896940217031321,,
2009-01-21,422.5500237036,622.923630495358,85.24138878571564,2.8185449,0.3370775,-1.5352372,0.5635738,0.22443480275658015,0.36237808159959045,0.6602208483151234,0.8287648588834425,,
2009-01-22,420.9663457036,453.817100495358,85.0214799185179,2.9944744,0.32510626,-1.8518385,0.61632574,0.4803211436101035,0.3559591142410119,0.9283376815577473,0.8223430352270973,,
2009-01-23,416.9522107036,437.078880495358,84.77070413985575,3.2690058,0.31205222,-1.4743956,0.900829,0.8414119810341655,0.48554942324186373,1.306687426683401,0.9519294409638959,,
2009-01-24,81.2342090988,430.563530495358,84.5081270228501,3.0476346,0.31757766,0.2289865,0.52957016,0.6763715356814138,0.44835759299083916,1.1337586122053271,0.9147393762435045,,
2009-01-25,83.2043840988,423.510830495358,84.44243561979077,2.767707,0.33091003,-0.300277,0.3412473,0.20349656578617414,0.2903430638256938,0.6382818351913144,0.7567300781434971,,
2009-01-26,79.0154690988,419.444230495358,84.23902799247844,2.8289156,0.32316574,-0.6880026,0.24494779,-0.1305032736047336,0.21238946991420302,0.2883179451988559,0.6787803330913725,,
2009-01-27,79.1288400988,415.5138304953581,84.03606086591108,3.0184803,0.31248614,-0.7312348,0.28853223,-0.13138640662654746,0.24747655373286892,0.28739260143743856,0.7138674272559244,,
2009-01-28,98.7047290988,405.661370495358,83.82691496644765,3.1225605,0.3355432,-0.7403511,0.30284414,0.015622886309218034,0.2522735723264882,0.4414284360494054,0.7186627359191485,,
2009-01-29,74.1710890988,478.0064904953581,83.67297345501571,3.1850176,0.3094708,-0.41683722,0.3663765,0.0669808591448656,0.31987567269578193,0.49524114442814937,0.786264244745108,,
2009-01-30,77.2380720988,453.8604604953581,83.47324744966939,3.341969,0.30213025,-0.3271774,0.39217854,0.20642940811737562,0.33801175026042807,0.6413548573605274,0.8043987313464313,,
2009-01-31,77.7497540988,449.271930495358,83.20807724664859,3.1160555,0.31231305,-0.34082294,0.36072823,0.16915882702820473,0.310943712680476,0.6023028698984021,0.7773311168080637,,
2009-02-01,86.1292400988,451.490130495358,82.92982230518103,3.6541514,0.29581273,-0.619529,0.4125289,0.0651354016642903,0.34966610387676145,0.4933074803883834,0.8160546971299101,,
2009-02-02,84.8432140988,432.700250495358,82.7021132574955,3.8896718,0.2930747,0.16308188,0.68229586,0.7739984313273738,0.5724637532838703,1.236051739742316,1.0388444884040169,,
2009-02-03,82.8687170988,399.394160495358,82.49045103021439,3.5087695,0.298718,0.6281861,0.7993304,1.1231656342379979,0.6639660731127324,1.6019079413836952,1.1303431487274247,,
2009-02-04,78.9372140988,383.079890495358,82.35940379870141,3.013013,0.31619766,0.45619148,0.6541252,0.8930332263246192,0.5450495769294726,1.360775991040339,1.0114290488241304,,
2009-02-05,93.29819011137414,375.19636644582886,82.25234678627773,2.810307,0.32392153,-0.6480268,0.2855524,0.04068190160286097,0.23761008343697432,0.46768518661412595,0.703998958022072,,
2009-02-06,64.34070466817352,385.40360357402346,82.16594681863478,3.05833,0.30762264,-0.7148868,0.26590616,-0.1750880008129847,0.23207634514147882,0.24160222043531604,0.6984677317417022,,
2009-02-07,72.5842290988,468.746570495358,82.08436434517309,3.4940734,0.29248548,-0.5983629,0.34815153,-0.04962943995621184,0.3040099135095242,0.3730572716424067,0.7703998330312052,,
2009-02-08,77.3524880988,898.3477714953581,82.08807876682559,3.877509,0.2897294,0.17017502,0.40292025,0.46408855558313933,0.37168756116737894,0.9113292313114206,0.8380716611236108,,
2009-02-09,54.9368420988,895.242527495358,82.0835367996684,3.8392053,0.2961195,0.7555817,0.41536552,0.9338685852761831,0.3917245203277101,1.4035631405610962,0.8581035626001735,,
2009-02-10,54.9368420988,1072.333510495358,81.98962330759058,3.9838057,0.2905124,0.8548986,0.39003906,1.0073839753546756,0.3713007670568496,1.4805923149855513,0.8376790406919326,,
2009-02-11,54.9368420988,1586.532640495358,82.21118492155948,4.222623,0.2946698,1.6655896,0.60141,1.7511685818519276,0.5813655801428395,2.259927283172887,1.0477364247140584,,
2009-02-12,274.7314720988,5268.989530495358,83.86516951994929,4.066498,0.33543292,1.9310867,0.7203631,2.0369117265048664,0.6848656595779312,2.5593279733761607,1.15123381828546,,
2009-02-13,763.0354720987999,4035.457830495358,84.8821907652588,3.4718366,0.30812275,0.52367306,0.45246312,0.9924771577889481,0.38365591430576385,1.4649730024965888,0.8500343432990263,,
2009-02-14,362.1331620988,2869.149900495358,85.50488651422557,3.4263606,0.28961915,0.243545,0.38013384,0.6002463615867306,0.3390888753269231,1.0539949150098078,0.8054714834292412,,
2009-02-15,154.6638620988,2425.137840495358,85.93793330812443,3.5112095,0.28647256,0.2987462,0.37373745,0.4913392875299147,0.3517507384630126,0.9398824550932847,0.818134538141734,,
2009-02-16,130.7471220988,1926.483976495358,86.22386506591162,3.46698,0.28578687,0.2657844,0.35010642,0.46923608514352066,0.3283581674941821,0.9167227951888386,0.79474221066442,,
2009-02-17,141.5889120988,1494.255784495358,86.3397680939762,3.5681148,0.28475302,0.20438063,0.32778382,0.4955252960317013,0.30042551460101014,0.9442685404923026,0.7668092682290752,,
2009-02-18,166.0149820988,1231.212030495358,86.38114457692119,3.5147414,0.2919801,0.1442194,0.33719936,0.5446963060757074,0.2991526047175739,0.9957897567337228,0.7655358189108435,,
2009-02-19,175.96977209879998,1056.469430495358,86.46356796762527,3.459929,0.28632686,0.056244075,0.33135915,0.5422280146047751,0.28697408648814876,0.9932034893679123,0.7533573276941196,,
2009-02-20,149.5617120988,984.631730495358,86.53955234791762,3.2199917,0.28888798,-0.016593516,0.27988097,0.41020248352329525,0.2459423279617423,0.8548675892074384,0.7123270241914798,,
2009-02-21,119.3974420988,956.830630495358,86.60961162983303,3.537477,0.28336713,-0.07678026,0.26189038,0.32418779245817136,0.23494877629088287,0.7647416899359138,0.7013344311911318,,
2009-02-22,87.0166000988,890.745330495358,86.65721569236443,3.5799403,0.2857656,0.05799365,0.29657924,0.3714317331062801,0.27137924869526514,0.8142437294516702,0.7377643759944397,,
2009-02-23,67.0552660988,789.057270495358,86.55744982004873,3.25834,0.29084325,0.0075232983,0.2691498,0.26214446281410125,0.24911235274898236,0.6997329012193698,0.7154987044002057,,
2009-02-24,69.74743709879999,737.337630495358,86.53296840637724,3.3175263,0.2907491,-0.16504353,0.22647557,0.13591646868720478,0.20842385939871974,0.5674716404620197,0.6748116421853805,,
2009-02-25,80.4232600988,695.8653804953581,86.49058531491292,3.4210362,0.2867761,-0.21020776,0.22772548,0.16598798146391072,0.20628387265043296,0.5989804687551281,0.6726713128421697,,
2009-02-26,54.9368420988,693.395900495358,86.49053777618113,3.7173638,0.28039637,-0.13749915,0.2707247,0.14549527818091582,0.2516933381634762,0.5775082843060079,0.7180810117096703,,
2009-02-27,54.9368420988,1906.774884495358,86.87080431389288,3.870236,0.30270615,0.7482795,0.55844337,0.8357084771031262,0.5428705956416604,1.3007113147609108,1.0092506738577327,,
2009-02-28,54.9368420988,2204.4918004953583,88.46073355416873,3.8198142,0.2975836,0.94362277,0.51850766,1.013555879268137,0.5059521672417998,1.487059214808478,0.9723303766279567,,
2009-03-01,54.9368420988,1750.332230495358,89.15564811208421,3.681645,0.28911468,0.52969444,0.38739532,0.6256126633423253,0.37570937704444946,1.0805736392789551,0.8420917095556599,,
2009-03-02,54.9368420988,1435.910730495358,89.50722963019327,3.0962796,0.30008283,0.11709815,0.30632696,0.22687920935083855,0.29524613784280423,0.6627820891888014,0.7616328874871188,,
2009-03-03,83.9749910988,1178.123930495358,89.79548864271814,3.1901288,0.2961638,-0.08703482,0.25131348,0.13101447835852584,0.23541826532221904,0.5623353517522455,0.7018061040536634,,
2009-03-04,92.8730680988,1045.352870495358,90.05290381892243,3.4555926,0.29440665,-0.11029154,0.25418887,0.18066528296956996,0.23468111487885274,0.6143592951009127,0.7010683882323625,,
2009-03-05,112.8207220988,1018.842730495358,90.3156343843311,3.7306967,0.29838318,-0.1335566,0.2696914,0.25168853604062585,0.2446200822356486,0.6887772168879198,0.7110065517410331,,
2009-03-06,70.2640910988,1074.376530495358,90.64370772985228,3.9388576,0.29538217,0.5458176,0.65314317,0.7541003383922863,0.6133178670882932,1.2152025859831594,1.079698814952208,,
2009-03-07,192.7698920988,1796.574130495358,91.41801466790052,4.0942335,0.31933954,1.7476618,1.4036863,1.9750475225534145,1.2680449974652335,2.4945068719480314,1.7344137297511266,,
2009-03-08,546.9738020988,2187.328110495358,93.01963565592214,4.3353524,0.4029094,2.2519636,1.9147631,2.668727796024284,1.5338501035843908,3.2213426912634175,2.0002126549537613,,
2009-03-09,597.6001420988,49.51750449535805,98.305944805891,3.8630958,0.3547367,7.741058,440.59503,4.15983779380039,33.715965888587945,4.783722649828685,34.18231701640876,,
2009-03-10,2034.730451243852,2406.4007464953584,100.0,3.8481293,0.39109024,2.0082169,1.6046947,2.8511835821118297,0.8877646254471065,3.4125192402320446,1.354125642476684,,
2009-03-11,2856.392972006161,2583.717780495358,100.0,3.7335224,0.40898538,2.752758,1.0522726,3.2677196942755047,0.5439476891215266,3.8489643546996746,1.0103053460015636,,
2009-03-12,2043.4815778987484,3830.6618150297577,99.96452016103176,3.479023,0.37276676,3.2266498,0.7222042,3.3144446937266143,0.4884924220895596,3.897922649403127,0.9548497144211673,,
2009-03-13,1963.6827832014217,3581.3362150297576,99.52604836249964,3.366067,0.30950114,2.6616836,0.6798722,2.9111300452252946,0.4525785358598925,3.4753309393656004,0.9189390570855496,,
2009-03-14,969.4736841976,1729.606030495358,99.88486496418048,3.4825807,0.2758868,3.2379608,0.6937015,3.3258250242457432,0.45544426593655013,3.9098469208193567,0.921801469856925,,
2009-03-15,1722.834500608662,3041.2385150297578,99.26424581203575,3.177764,0.30833265,4.7118936,0.86408865,4.15710537024947,0.5627645554166646,4.7808596257723535,1.0291157018454116,,
2009-03-16,969.4736841976,1396.300230495358,99.2683828763606,3.5636659,0.2519826,6.3401465,0.9501652,5.2023687801069896,0.5702232280705412,5.876083053566844,1.0365678793333295,,
2009-03-17,969.4736841976,1350.246330495358,99.01659092271012,3.3180428,0.27495262,7.647881,1.0765735,5.83832460235621,0.6370929887103489,6.542435390213352,1.1034342996009796,,
2009-03-18,969.4736841976,1209.921670495358,98.68678909445148,3.46601,0.2631257,8.905235,1.23171,6.485671681104938,0.6937462730911196,7.220723446480981,1.160084658837641,,
2009-03-19,391.7654051036,1423.8033304953578,99.02007054923271,3.5514293,0.27786613,7.2164216,0.8399402,6.4255855550032726,0.6614202189249212,7.157765408945803,1.1277588560017537,,
2009-03-20,387.7894737036,1216.846780495358,99.308194158011,3.530367,0.29287443,5.0118337,0.728085,4.653810335295142,0.556648142289218,5.301305390246226,1.0229960464345307,,
2009-03-21,969.4736841976,1106.047090495358,98.8680857809021,3.4408627,0.2868541,4.0820875,0.82476854,3.7825720235584823,0.4594898579522174,4.3884248653877345,0.9258436357668609,,
2009-03-22,387.7894737036,1003.921030495358,98.97869852238676,3.6296644,0.30231088,3.1959424,0.6930931,3.316795720913219,0.5070146269442545,3.900386047652667,0.9733719009991217,,
2009-03-23,387.7894737036,900.940330495358,98.99274607788284,3.5428777,0.35222664,2.7483544,0.59028083,2.987433059319367,0.42605408173542614,3.555280976704564,0.8924139778201234,,
2009-03-24,387.7894737036,676.022730495358,98.92590314135371,3.8449926,0.3642286,2.8103008,0.71330374,3.1874750981029045,0.472329436970205,3.7648843411324537,0.9386877257443135,,
2009-03-25,387.7894737036,675.655780495358,98.84126288886308,3.872685,0.3729708,3.7830343,0.887013,3.8157257780672094,0.5797392411666202,4.423163256031539,1.0460927795788033,,
2009-03-26,387.7894737036,667.449970495358,98.6934497022192,3.69103,0.3827879,4.6615996,0.9394348,4.304925441841968,0.610626418998825,4.9357449914893365,1.0769765710296035,,
2009-03-27,70.4033200988,648.601580495358,98.87445767256442,3.7998862,0.3789192,5.746733,0.77388936,5.5561023741047375,0.6990971395925288,6.246723904179884,1.1654398757735458,,
2009-03-28,54.9368420988,613.3210304953581,99.05726686376498,3.7752924,0.3924197,7.9073863,0.80606556,7.56769080547151,0.7405027487638451,8.354459386294932,1.2068373153048526,,
2009-03-29,112.3481660988,687.161730495358,99.24904883879572,3.9867725,0.425732,9.041281,0.9119669,8.33101470690597,0.7860958545934923,9.154267560925735,1.2524285323674411,,
2009-03-30,127.7903920988,1073.549630495358,99.56068582711828,3.7255192,0.39235055,7.4860125,0.72067654,7.085996725114856,0.6453667853960224,7.8497419754860704,1.1117028868045145,,
2009-03-31,54.9368420988,881.647300495358,99.7895080663293,3.9178896,0.45675844,6.805802,0.67095554,6.63640675128469,0.6321675567110943,7.378663137753264,1.098505330130514,,
2009-04-01,54.9368420988,858.320830495358,99.96057957528213,3.785524,0.47994432,6.552378,0.7768511,6.385938582781003,0.7306903970075616,7.116223446977704,1.1970292021823152,,
2009-04-02,129.74487615557618,853.498630495358,100.0,4.2637253,0.5221847,7.4633718,0.8224807,7.041159216753466,0.7172668403918084,7.802761387494361,1.1836030981712649,,
2009-04-03,1306.1969241976,1008.028030495358,99.56763989892023,4.347824,0.47613293,16.312588,5.6162043,9.559425114239438,2.461018168398851,10.441391786618833,2.927349205805515,,
2009-04-04,892.832394178183,2034.4175117958468,100.0,4.064994,0.38295466,8.526396,1.1705728,7.16563593680699,0.8218818860431897,7.933187669264062,1.288217715378739,,
2009-04-05,1201.7708341976,1977.986330495358,99.83973977166757,4.161961,0.4587126,8.313651,1.2563927,6.744543853206623,0.8005442518485333,7.491968823498875,1.2668816019940334,,
2009-04-06,618.1635851718568,2053.196702614127,100.0,4.173184,0.44236737,8.679166,0.9603769,7.636463381610783,0.7452060443658926,8.426519056486372,1.2115404134197785,,
2009-04-07,1065.9267241976002,2045.643930495358,99.88349555141504,4.056929,0.3633822,7.6520233,1.021859,6.420456555980592,0.6832380145944066,7.152391261302444,1.1495766733162733,,
2009-04-08,509.938363582448,1983.718905895328,100.0,3.818294,0.35469326,6.218717,0.8017437,5.727844588622289,0.6419029121535109,6.426674809479983,1.1082447701445788,,
2009-04-09,969.4736841976,1625.420030495358,99.70922334470552,4.0417256,0.39046252,6.6066375,0.9943388,5.6483652683574395,0.6397012343541182,6.343396649392939,1.1060434945629203,,
2009-04-10,200.33631249469795,1259.6764898196209,100.0,4.248822,0.48951003,7.266009,0.88778657,6.852004233578257,0.7689079074642008,7.60456544271734,1.2352448502337183,,
2009-04-11,969.4736841976,1503.237030495358,99.69513589149956,4.266657,0.46297935,8.918726,1.1687181,7.094793012061043,0.7333207714773945,7.858958694879682,1.1996568424786014,,
2009-04-12,161.6125374458493,1028.3280330719938,100.0,3.871573,0.4951504,7.1577888,0.8059679,6.711469261335854,0.6997438761401211,7.4573133791965205,1.1660813543275654,,
2009-04-13,969.4736841976,1230.282180495358,99.5372743506605,4.3329773,0.46294492,8.493673,1.0849411,6.659976516022606,0.6401705886385217,7.403359456676443,1.106508268660508,,
2009-04-14,38.7789474072,761.538530495358,99.79916998818084,4.4263535,0.5687639,7.1302094,0.87323374,6.999195576856667,0.8313785848295441,7.758792029056021,1.2977149910403696,,
2009-04-15,58.70549332398438,716.202230495358,100.0,4.6205835,0.5759698,8.25375,0.8261523,7.978508274529643,0.7648103782132113,8.784912526064778,1.2311438454111163,,
2009-04-16,241.4346559567477,882.4677574214834,100.0,4.591489,0.55445015,10.432974,0.8436074,9.178116758322108,0.6730084870071467,10.041858194726064,1.1393398488733342,,
2009-04-17,53.81001118577164,600.550830495358,100.0,4.7108893,0.6036319,10.78083,0.8082282,10.281681328739982,0.7434242481306085,11.198169379263145,1.2097551267892035,,
2009-04-18,174.8760815549576,734.9792074751102,100.0,4.8941383,0.61116683,11.4402,0.8533792,10.182033194825435,0.6992946337325393,11.093758405177589,1.16562549881225,,
2009-04-19,157.50470518934915,683.166752983207,100.0,5.071158,0.62473917,11.950534,0.86838216,10.661642626514316,0.7153269532069813,11.596291528238373,1.1816579878593925,,
2009-04-20,38.7789474072,570.387830495358,99.96494010446736,4.997407,0.60914177,10.636177,0.8280872,10.277218601668293,0.7763410561598254,11.193493349092499,1.242671933967361,,
2009-04-21,228.3550461170205,627.3397541505535,100.0,5.483424,0.6185547,10.961277,1.2543274,9.499429474040424,0.9342892564176843,10.378528559903144,1.4006203338508045,,
2009-04-22,969.4736841976,1216.8159904953582,99.49981187417494,5.4385095,0.58745193,13.542394,1.4817009,9.948861417306867,0.8648300112935164,10.849441813751481,1.331160888980335,,
2009-04-23,38.7789474072,710.085680495358,99.78462597712388,5.184225,0.65710473,8.914099,0.9103129,8.720952249591235,0.8638439932659325,9.56284278521655,1.3301759633544372,,
2009-04-24,38.7789474072,646.2003604953579,99.79153331748338,5.9593377,0.67708254,10.108801,0.91812956,9.873886033784917,0.8669989959548557,10.770882863187708,1.3333298909080569,,
2009-04-25,38.7789474072,600.0865304953579,99.86551672914214,6.8081036,0.8142777,14.159077,1.4622673,13.712874774571427,1.374397100909226,14.793362142857298,1.8407353755138645,,
2009-04-26,38.7789474072,569.787130495358,99.9157054331846,7.5672765,0.8530624,17.492954,1.2337376,16.860471849288178,1.1563998862534297,18.091403598223174,1.6227567872323072,,
2009-04-27,38.7789474072,540.6476004953579,99.82492149171736,7.9208565,0.9033813,19.740265,1.2292756,18.94923414150807,1.1485969038793833,20.280001587934475,1.6149724194999462,,
2009-04-28,38.7789474072,516.550100495358,99.81192595969468,7.509121,1.0701551,20.571072,1.235913,19.658948081952456,1.152034846479743,21.02363742869636,1.6184178224775791,,
2009-04-29,108.44978261600446,528.3989001230684,99.73249803317373,7.260113,1.2807353,20.154202,1.1338658,17.95845052410851,0.9657280429483902,19.24186190044758,1.4320941069034865,,
2009-04-30,94.88923239186934,512.2898339010123,99.65316150443992,6.3828297,0.96673137,16.283598,1.0221169,14.736317490801985,0.8755153754739379,15.865721922459768,1.341858463309647,,
2009-05-01,103.4105262964,490.1372304953581,99.60044779960504,7.135928,1.1068118,14.142565,1.0311015,12.921837423306357,0.8730212967536432,13.96451591022767,1.3393566719291816,,
2009-05-02,103.4105262964,535.0370304953581,99.56281067628646,7.4693947,1.1523534,14.061007,0.995076,12.993351036090774,0.8545348710017573,14.039447629246126,1.3208704788737888,,
2009-05-03,103.4105262964,482.718000495358,99.49187530993976,7.391802,1.092428,14.643183,1.0086502,13.363823223152753,0.8527604900547598,14.427627120453849,1.3190973970377848,,
2009-05-04,103.4105262964,468.506830495358,99.3973857013903,6.970398,1.0257957,14.235438,0.99791056,12.921819093725617,0.8382522253194414,13.964496704555627,1.3045876004360877,,
2009-05-05,103.4105262964,488.452100495358,99.29425422592593,6.5533323,1.0669215,13.272585,0.98553216,12.098593832059853,0.8344285347795747,13.10192408943702,1.3007616524672163,,
2009-05-06,103.4105262964,546.1996504953579,99.221402246378,6.9859314,1.2003329,12.661628,0.9531528,11.758121682284665,0.8238859601025288,12.745178534748398,1.2902183707379193,,
2009-05-07,116.2433392964,653.4578304953579,99.20527232470708,7.625643,1.3640183,13.075346,0.9508708,12.252310086473457,0.8331356535396881,13.262987455358864,1.2994691338899234,,
2009-05-08,103.4105262964,577.641430495358,99.14009117084971,9.136687,1.5757421,15.363644,1.0135757,14.418146274467718,0.8923487191116674,15.532343209598617,1.3586901822722801,,
2009-05-09,226.6178162964,501.6510104953581,99.22908086629636,9.38539,1.6769401,19.24993,1.2138314,16.180348199448016,0.9855916374526418,17.37877236280704,1.4519435540683059,,
2009-05-10,156.56240629639998,602.4977304953579,99.3870443376585,7.85369,1.6674068,16.5249,1.0292611,14.736391881484836,0.8864053234577657,15.865799868762968,1.3527484116868735,,
2009-05-11,139.7051762964,543.1391304953579,99.46403563292436,7.999876,1.7944459,14.675676,0.98827165,13.309854222339816,0.8675852393348119,14.371078585885854,1.3339219472999089,,
2009-05-12,126.0000062964,519.394880495358,99.51658886042485,7.89948,1.8876034,14.018569,0.98356843,12.823943369981087,0.8731268025762503,13.861942855787532,1.3394618687005335,,
2009-05-13,115.4786602964,499.7113704953581,99.5477578248246,8.299226,2.03156,14.54588,0.9861316,13.373307197024145,0.8871663211636542,14.43756439585695,1.3535032634642468,,
2009-05-14,313.7537562964,356.449650495358,99.63547214849558,8.189768,1.8951503,20.02531,3.4964476,14.48453597588417,2.060397236680386,15.601906111800933,2.5267390292873495,,
2009-05-15,435.5979262964,214.6446504953581,99.77964345388072,9.52501,1.9866006,24.055386,5.3422956,14.321477578056074,2.209295448505411,15.431054079943904,2.6756364409797593,,
2009-05-16,586.0929844078943,339.326130495358,100.0,9.427885,1.9038037,28.596512,21.205002,16.456501440495494,7.868232021698432,17.66812478479396,8.334585898345281,,
2009-05-17,1987.3630013386207,1985.6959079187127,100.0,9.088146,1.6713092,20.656824,4.372224,14.870058055258815,2.339653865211196,16.005854828728385,2.80599767052701,,
2009-05-18,1074.6850960529043,1289.6944856287105,100.0,8.823065,1.8752596,14.466028,2.1763008,11.901123356148721,1.4614171533647644,12.895015199796388,1.9277498448199304,,
2009-05-19,863.240369766407,1050.6980641199711,100.0,9.17886,1.8979824,14.461893,2.3001754,12.079095599833082,1.525549416262091,13.08149390836118,1.9918824898790313,,
2009-05-20,671.821791553195,895.6780905572115,100.0,10.122076,2.056028,15.272339,2.2618005,13.064964664047748,1.5642342608570088,14.114484143820503,2.0305701076125797,,
2009-05-21,551.039811683554,774.955430495358,100.0,10.865108,2.300197,16.985691,2.126031,14.442178778190206,1.5676672150347342,15.557524384848035,2.034008796869992,,
2009-05-22,320.0379013183241,690.2045263626,100.0,11.10146,2.6526246,17.097292,1.6763135,15.197853480949924,1.420493206470078,16.349317755254923,1.8868388568285694,,
2009-05-23,415.6653317036,712.334630495358,99.97671145305571,11.357808,2.9544709,18.833221,1.618465,16.07854921708354,1.4932907576152452,17.27210773706796,1.9596419737007607,,
2009-05-24,214.60777824637933,660.034602464117,100.0,11.383782,3.1881974,16.891905,1.2934276,15.540397122046599,1.2508625366008677,16.70823381146916,1.7172102463194112,,
2009-05-25,387.7894737036,666.6874104953579,99.92971919217062,10.608308,3.267814,20.865948,1.366102,17.093646185031957,1.479937005847367,18.335722870148913,1.9462957374395051,,
2009-05-26,103.4105262964,527.3704904953579,99.96555788736195,9.252877,2.5422149,17.06781,1.0309012,15.786626423222918,0.9573721249126635,16.966232031548948,1.4237213978526544,,
2009-05-27,482.50402986031344,1286.7489933544978,100.0,9.199477,2.6626904,15.289272,1.1084769,13.628486290576534,1.0850016145450831,14.70494017779505,1.5513395457342287,,
2009-05-28,608.1218650255859,729.3578278013854,100.0,10.598046,3.3698807,17.180758,1.666383,14.187747127456241,1.781412026484131,15.290931770940075,2.247752385435652,,
2009-05-29,1542.101036062278,1981.8683501988328,100.0,12.909755,3.0470102,17.55728,2.6712062,15.523506850546429,2.0086673912511492,16.690536242727788,2.4750149962807075,,
2009-05-30,1119.4079426944213,1797.7226650873015,100.0,13.468052,3.057148,14.692492,1.9688034,14.222630006005634,1.6877071700296795,15.327481931842973,2.1540476922604674,,
2009-05-31,941.7677490836544,1592.1525347111988,100.0,13.002843,3.0437205,14.330198,1.7607588,13.83686765676889,1.5823128920705463,14.923281460975335,2.048651686034822,,
2009-06-01,707.1991728480251,1301.034262406787,100.0,12.554218,3.0925999,14.214182,1.6069605,13.629625906793176,1.5066103085115607,14.706134263771265,1.9729482442840744,2.0908114794960695,4857.909188520504
2009-06-02,592.7359201917498,1051.6389190840932,100.0,13.316329,3.3150373,14.299163,1.6274503,13.944887841828756,1.5846752584073172,15.036464641632532,2.051014519159618,1.9824153199008356,4855.926773200604
2009-06-03,505.53437303354974,948.3854695287008,100.0,13.229103,3.4575276,15.445303,1.5027896,14.674720444561018,1.5511914176996946,15.801180747967452,2.017534181965317,2.0476001572091405,4853.879173043395
2009-06-04,445.4304947664092,730.783300495358,100.0,13.2446165,3.6484823,15.701904,1.4331273,14.771332899246634,1.6437290871153365,15.902410947733884,2.1100723608219503,2.0890326884634454,4851.790140354931
2009-06-05,219.80677440573103,581.3483904623553,100.0,12.813122,3.7226934,15.0318,1.1915746,14.423078538894616,1.3382122781502488,15.537511219405017,1.8045537656129502,2.227572575043666,4849.562567779888
2009-06-06,390.1867606841824,652.2877304953579,99.9669806092269,12.334072,3.8923373,17.752542,1.3430845,15.724468500273737,1.6818684700518873,16.901103172359026,2.1482173418310135,2.397286980582387,4847.165280799306
2009-06-07,125.45709081105024,479.6194904953581,99.87210987710648,11.494893,3.615167,18.315102,1.2151934,16.900993806806472,1.2205235959460476,18.13386236679346,1.6868808105923576,2.657090811050233,4844.508189988256
2009-06-08,179.49522145662738,460.8220605451929,99.6595946825988,11.240947,3.5412643,19.293795,1.2822188,17.03640169408343,1.3553504954141014,18.27574228821355,1.8217087718306768,2.791186623596473,4841.71700336466
2009-06-09,270.7964941065842,716.5563891794728,99.70121567117329,11.265262,3.5646353,19.205997,1.2719814,17.028130307022654,1.3446049885369924,18.26707555712559,1.8109631994940687,2.8662536135903323,4838.850749751069
2009-06-10,126.02127805969303,468.2996004953581,99.84815746286216,10.172812,3.006617,19.736137,1.3379806,17.708306173955073,1.2320448102008947,18.979761505432492,1.6984086653605246,3.2212780596930375,4835.629471691376
2009-06-11,126.32413946807067,406.350900495358,99.91974658099116,9.358071,2.5594065,21.111427,1.3508074,18.324113337758085,1.1959345549734568,19.625002146633808,1.6623039765090457,3.5241394680706692,4832.105332223306
2009-06-12,421.5654611451514,570.5817767829927,100.0,9.756004,3.0146117,24.176495,1.5790128,18.049197765759796,1.5701480305208224,19.33694655004587,2.0365149134690625,3.5560608131344815,4828.549271410171
2009-06-13,420.53894404704266,755.051330495358,100.0,10.309108,3.2603252,22.48111,1.3697257,18.12687080734766,1.4608911095072061,19.418332097509627,1.927258700933602,3.5378508910037314,4825.011420519168
2009-06-14,650.3116401148926,744.1015237604832,100.0,11.012496,3.6472738,25.629805,1.6783786,18.812739062188403,1.9223638808468022,20.136982510408412,2.388738027692541,3.4636716755855748,4821.547748843582
2009-06-15,533.7061890211876,900.2915275532633,100.0,10.995734,3.5553591,22.469833,1.4150246,18.19939579664837,1.5937916574474893,19.494323533384637,2.0601599166233595,3.5925170150266443,4817.955231828555
2009-06-16,972.9831526908997,866.7045710579054,99.51491910951783,11.666497,4.0797553,27.65154,2.392862,19.197291785188572,2.4344601323102384,20.53991553904027,2.900838189994244,3.5094684932996527,4814.445763335256
2009-06-17,126.93814676173086,817.9456175532633,99.83414712624318,10.054006,2.8629165,16.387226,1.0968965,15.53640476420334,1.0244734551582826,16.704050632568187,1.4908211401020184,4.138146761730869,4810.307616573525
2009-06-18,659.9588420427724,1342.6263675532634,100.0,11.124458,3.6264715,18.258396,1.357708,15.90738240370395,1.502296662559535,17.092759735113304,1.9686467274766084,3.9644602218862284,4806.343156351639
2009-06-19,972.9838517059114,1159.9537370579053,99.85476027984174,12.877704,4.6880517,19.63745,2.0652359,16.553850689966243,2.4155412461231474,17.770126995617648,2.881895834509112,3.5101675083113286,4802.832988843327
2009-06-20,1328.7149781073394,4008.380037057905,100.0,14.057048,4.4084644,15.498144,1.237902,15.139371026754842,1.4383781378363782,16.288040039661585,1.9047234500116534,3.197248292623494,4799.635740550704
2009-06-21,2984.616810810538,5555.097697553264,100.0,15.374261,4.394023,16.853989,2.1296723,16.336826124171438,2.0682350043799795,17.542729397439217,2.5345880209087333,2.8339388043770914,4796.801801746327
2009-06-22,2143.944706634156,3532.791687553264,100.0,15.900291,3.8058765,15.699133,1.8114829,15.77510487253124,1.826726328253547,16.95415979011866,2.293075526501024,2.723834627995108,4794.077967118332
2009-06-23,1406.1145969084243,2450.171186053264,100.0,16.32546,3.3562398,15.0853195,1.6130546,15.537511172056014,1.5962581557324442,16.705209922934152,2.0626058475402322,2.644524902263132,4791.433442216068
2009-06-24,1059.271621538497,2055.303837553264,100.0,16.685755,3.3164206,15.090226,1.5468998,15.632867760444046,1.521258886152482,16.805124230286943,1.9876071748036162,2.5854495323358067,4788.847992683733
2009-06-25,972.1267912689328,2089.407467553264,99.99651722864007,16.68515,3.815235,15.972238,1.5019287,16.19860820390809,1.5869086259782479,17.397905133061606,2.053260669503786,2.6531070713327636,4786.1948856124
2009-06-26,919.5374731748961,2387.3625562199627,100.0,15.781688,3.4863014,16.796316,1.3584775,16.514182173533694,1.3789900276801395,17.728562459699663,1.8453443247335901,3.0633521725298944,4783.1315334398705
2009-06-27,972.501005201334,1657.7350238182937,99.9926745990716,16.096579,3.5185313,16.485182,1.3778758,16.341500021507798,1.564159997397032,17.547626691091338,2.03051304721019,3.0273210037339697,4780.104212436137
2009-06-28,630.4194928601912,1425.3892683676036,100.0,15.661833,3.852365,16.078493,1.2919843,15.950723071992682,1.4825677013328826,17.138171939193576,1.9489180545661782,3.291019209180393,4776.813193226956
2009-06-29,972.8945543164169,1142.611280495358,99.68011689133056,15.6093445,3.9157298,18.750948,1.5234301,17.306163987441952,1.9798740361101839,18.55839829705834,2.4462344903028073,3.420870118816831,4773.392323108139
2009-06-30,391.70031006424324,1275.232250472437,99.92292485059572,14.756942,3.840786,16.153883,1.2099705,15.825625972079418,1.2928124619513075,17.0070956255275,1.7591619888462824,3.9108363606432652,4769.481486747496
2009-07-01,409.4803470256679,1039.5839645498563,100.0,14.362169,4.1588597,16.116053,1.2090442,15.620435723674461,1.4606538067157961,16.79209798465656,1.9270020169644624,4.241534824652447,4765.239951922844
2009-07-02,1124.7434260764687,996.1892479710048,99.54522834894684,14.92807,3.9845328,19.799349,1.8014578,17.216080238020968,2.2761379232717984,18.464008852350926,2.742497640968337,4.137291878868505,4761.102660043975
2009-07-03,392.263517733949,1085.6767663068956,99.74145037393308,14.555667,3.8385293,15.360611,1.1584415,15.146968920021155,1.3274413706860855,16.296001086253927,1.7937867265761924,4.474044030349016,4756.628616013626
2009-07-04,400.95198617652073,855.8285618508253,99.69423515035906,14.021007,4.2866836,15.964692,1.1540129,15.344596128757699,1.5772902097582102,16.503074200013263,2.0436367258981547,4.953271472920745,4751.675344540705
2009-07-05,393.82118981765416,771.8856320774383,99.55453819950624,12.577035,4.2489653,18.634089,1.1809363,16.58777978977086,1.634637515498403,17.8056777904121,2.1009923544934517,6.031716114054175,4745.643628426651
2009-07-06,395.02827604400494,703.9700304953581,99.38201851437536,11.167975,3.467366,21.082687,1.2530586,17.51890429778359,1.4824225297743852,18.781306867017936,1.9487847600998056,7.238802340404987,4738.404826086246
2009-07-07,443.89845098381335,714.1019604953581,99.24889483878964,10.669702,3.2461977,22.862007,1.3221045,18.188307977864696,1.4876736324580602,19.482705754764915,1.9540417891570834,8.040290280213366,4730.364535806033
2009-07-08,396.7667655834236,874.661470495358,99.24322844516588,10.159354,2.9916618,20.9561,1.1807916,17.58682647068987,1.2375118380571868,18.852475487608807,1.7038746463531944,8.97729187982363,4721.3872439262095
2009-07-09,397.99524722678,701.639990495358,99.13405489609951,9.443524,2.3974926,22.159962,1.2580667,17.557452205223058,1.182090087320913,18.82169723266358,1.6484526450148649,10.205773523180005,4711.181470403029
2009-07-10,398.9919889111721,645.462030495358,98.90812213478002,9.319088,1.8217866,23.950233,1.3597515,18.360988049366764,1.091081625962875,19.663639343407485,1.5574513945753408,11.20251520757209,4699.978955195457
2009-07-11,400.3719134101826,729.060090495358,98.69360301902334,8.967882,1.6344584,24.110855,1.3590198,18.742828490746177,1.051327814287159,20.063730452628583,1.5177012683185978,12.582439706582564,4687.396515488875
2009-07-12,401.6419059228501,909.002780495358,98.76418718301936,9.082498,1.8880386,22.194424,1.2270718,18.17632553255429,1.0290903709899228,19.47015058952861,1.4954584171017546,13.852432219250163,4673.544083269625
2009-07-13,403.4215449313669,688.131570495358,98.613227225666,8.92522,1.580937,24.10025,1.3228015,18.491788094009443,1.0182376760499434,19.8006911830665,1.484608688334761,15.632071227766916,4657.912012041858
2009-07-14,405.7841708035376,646.699680495358,98.40547604970112,8.626965,1.4555883,24.401321,1.3377935,18.319532789666447,0.9953110718933453,19.62020266400121,1.4616804504238814,17.99469709993765,4639.91731494192
2009-07-15,408.2934879462567,608.5393704953581,98.17917848422437,8.718144,1.386136,25.154701,1.4048389,18.55485637486945,1.0082854041374878,19.86677391216348,1.4746570230784921,20.504014242656684,4619.413300699263
2009-07-16,411.74267775113367,645.161080495358,97.9617108009193,8.612604,1.2565919,25.992437,1.5308766,19.22169876549292,1.0549455625875455,20.565489089572075,1.5213238741931587,23.953204047533692,4595.46009665173
2009-07-17,416.1715704238513,627.710850495358,97.86602418077666,8.581598,1.3115535,26.393705,1.5668948,19.292433778386837,1.0775759448532127,20.639604994286778,1.5439549962084944,28.38209672025129,4567.077999931479
2009-07-18,422.13959928962225,241.77102749535808,98.05437378363152,8.576169,1.3252845,31.675987,3.161985,16.98824522277279,1.426877917124224,18.225284102188922,1.893235813530238,34.35012558602225,4532.727874345457
2009-07-19,618.9454967454334,514.7640935463158,97.86368498712896,8.438252,1.2467512,32.253456,2.4354215,19.2516140304158,1.2985046598347492,20.596834201898055,1.764883283597292,42.84477063287734,4489.88310371258
2009-07-20,620.3681919845856,545.4803793140777,97.5989501686318,8.443398,1.2253809,30.882122,2.2791078,18.942089079574114,1.249911094173124,20.272515016464247,1.7162865376144942,54.72245813993347,4435.160645572647
2009-07-21,576.5417170194016,455.08506334174496,97.36343961019404,8.122773,1.1927603,30.696215,2.7038484,18.080672919588306,1.3663889671984293,19.369926108634953,1.8327561364092197,73.50164944325488,4361.658996129392
2009-07-22,606.2350255013631,474.39729118009393,97.08351113256352,8.298741,1.1847943,30.59773,2.6652424,18.08799153680303,1.3456527479555351,19.3775945307351,1.8120199838905562,98.92472188797643,4262.734274241416
2009-07-23,595.4694771724339,421.67352710022885,96.81914595583063,8.306935,1.1851587,31.739098,3.529343,18.021127392236863,1.6193219112237984,19.307534508622314,2.0856885398312075,132.978711072922,4129.755563168494
2009-07-24,633.9972293626727,466.2619520036532,96.5192004880304,8.277907,1.1850733,31.305307,3.2559254,18.036335806593705,1.539512778443153,19.323469833198047,2.0058795447395497,161.03337989468739,3968.7221832738064
2009-07-25,532.7401136930426,268.127020495358,96.3453268456405,8.514484,1.2017392,33.626415,8.458927,16.921855503046803,2.9426768285696006,18.155721180801937,3.4090342054318064,144.95063998944266,3823.771543284364
2009-07-26,486.9425215773859,351.341470495358,96.10732816263022,8.437385,1.1776419,31.690966,5.8175197,18.183422268795923,2.5323812952072107,19.477586525503614,2.99874940679571,99.15304787378591,3724.618495410578
2009-07-27,453.0013962210168,262.10422049535805,95.86535428840288,8.320608,1.1281587,32.41554,8.666828,17.152007121182024,3.2560090461073474,18.396873259550073,3.72236824561014,65.21192251741682,3659.406572893161
2009-07-28,470.97521200583583,342.6915474993469,95.55488076636637,8.422406,1.052873,33.502476,11.000519,18.98536424091985,4.672992601383986,20.31785858259357,5.139368482883598,45.463713100376225,3613.942859792785
2009-07-29,488.5294976421026,940.2746174455912,95.43346049382596,9.093237,1.2326218,24.695335,1.3014855,19.36074456165552,0.9545646194918981,20.71118079948697,1.4209443906744657,33.02655288106155,3580.9163069117235
2009-07-30,413.0214150721083,705.9980804953581,96.72875965610656,9.834323,1.918022,24.76846,1.4732642,19.25638542913664,1.168383268615841,20.601833657167536,1.6347619422611375,25.231941368508334,3555.6843655432153
2009-07-31,1250.8714355747925,2719.401980495358,98.66027271598384,12.544892,5.097819,21.626427,1.5173942,18.76520512239948,1.9130609731510015,20.087176610784223,2.3794346483269098,16.737761871192642,3538.946603672023
2009-08-01,1290.2641431981415,963.6123981352712,100.0,14.421941,5.5047884,28.439003,3.8172588,20.4147335148017,3.5488213939139372,21.815546821712545,4.015212947797169,12.080981995430243,3526.8656216765926
2009-08-02,1488.9872770503564,2495.747982830508,100.0,16.13553,5.7119393,19.37903,2.0830114,18.167022514572828,2.501549774004216,19.46040291908841,2.9679177343707783,8.973105044195309,3517.8925166323975
2009-08-03,1263.0864619299005,2636.0237150297576,99.90114655278106,16.491997,5.775265,17.889185,1.6266803,17.436576689069216,2.1701368469851285,18.69504428002987,2.636498383832373,7.98894093520332,3509.9035756971944
2009-08-04,1283.516102177447,2286.642615029758,99.22827859762496,16.382421,5.6827884,18.87312,1.7963574,17.977682746771123,2.344724925867568,19.2620133576114,2.8110911626069304,7.613308245821293,3502.290267451373
2009-08-05,1156.4242608566765,2023.890635852544,98.27399985853992,16.24009,5.481652,18.758278,1.7248716,17.842615657631853,2.2754946351274317,19.12049052331502,2.7418596673556546,7.303294122165687,3494.986973329207
2009-08-06,926.7482859477855,1768.9221396540872,97.54782981064702,15.894706,5.340422,17.487146,1.5122259,16.93967900644392,2.0870058954002846,18.17439658673484,2.5533634112483306,7.201161340076661,3487.7858119891303
2009-08-07,566.5738029925684,1272.393399967557,97.16128627651068,14.640173,5.22155,17.097631,1.3937806,16.340504517354898,1.8756330181804532,17.546583605242887,2.3419860609021956,7.914872537654849,3479.8709394514754
2009-08-08,396.62446065486955,798.1859769506782,96.99607421557252,13.026986,4.494415,18.17947,1.391203,16.469072245611216,1.7577441763099446,17.681296431423064,2.2240981442549805,8.834986951269546,3471.035952500206
2009-08-09,396.92544377896047,1665.321230495358,97.08153057002076,11.890544,2.9952457,16.620926,1.2065481,15.710458215639232,1.1321023981557456,16.886423244010754,1.5984511801241448,9.135970075360504,3461.8999824248453
2009-08-10,1820.7687508624922,1765.540530495358,97.48794855087786,13.738078,4.342588,21.684269,2.384383,17.64998890919336,2.4977433844030656,18.918656874762767,2.964106734901679,7.041777158892217,3454.858205265953
2009-08-11,1515.3845168091045,1523.6824247553757,97.52400522891269,14.635621,4.4263363,19.560131,2.0954406,17.10459904504371,2.4444063765646598,18.347199239428747,2.9107651956747977,5.994943105504489,3448.863262160449
2009-08-12,787.8638003804416,1838.976679970612,97.39253644347296,14.432786,3.6342337,16.87178,1.2971268,16.140256948425876,1.4187083214141831,17.33676488703113,1.8850599607270935,5.81898667684158,3443.044275483607
2009-08-13,780.2775293336061,2200.716403636609,97.18854810690156,14.621269,3.8116436,17.165009,1.309942,16.499182758083872,1.3894671340493847,17.712846123464278,1.8558213214133792,5.4145438072459005,3437.629731676361
2009-08-14,731.0240239221413,1865.9755747197107,96.86514428406892,14.222285,3.955307,18.334291,1.3960793,17.176811375689205,1.4986008763119933,18.422863072633596,1.9649602758631906,5.405857704945791,3432.2238739714153
2009-08-15,591.3008214193756,1583.2510499159475,96.5121610903226,13.752919,3.7484195,19.055248,1.4074012,17.613447045285753,1.4453082582563375,18.88036843467249,1.9116712945140002,5.426262892636905,3426.7976110787786
2009-08-16,482.1548753118948,1414.383986425058,96.17065779369238,12.975213,3.411953,19.866306,1.40691,18.114391658877352,1.3613602066884614,19.40525648840027,1.8277276838237944,5.603705608294796,3421.193905470484
2009-08-17,450.51913809239926,1210.9956460071016,95.88268327119228,12.2296095,3.0343869,21.362766,1.3942384,18.886314079974664,1.3075165917953364,20.21407416254124,1.773891473805798,5.722328388799288,3415.4715770816847
2009-08-18,474.6628126404134,1586.2977884442391,95.75031236141132,11.869714,2.7810009,21.46054,1.3490438,19.251663555985775,1.2199971422531828,20.596886094620977,1.686375766533359,5.611998936813372,3409.859578144871
2009-08-19,393.4348257104672,2022.954370495358,95.7340019605709,11.220564,2.6124797,20.07173,1.2790232,18.630588941433736,1.1521670121937233,19.946126236530713,1.6185393656191385,5.645352006867177,3404.214226138004
2009-08-20,393.3634785761735,1371.366404105358,95.56971846443074,10.745374,2.242307,19.942005,1.2180904,17.892048976294635,1.0704298601270046,19.172286585630538,1.536795330774922,5.574004872573565,3398.6402212654307
2009-08-21,392.83587583950913,1215.850330495358,95.61165664304278,11.310922,2.2499704,20.276903,1.2511166,18.08743998995118,1.0936338248471933,19.377016621829096,1.5600010557515978,5.046402135909157,3393.5938191295213
2009-08-22,395.11566889339815,1147.8819202125576,95.79227618149896,11.744683,2.1895027,19.540352,1.1623739,17.5441136130644,1.0305801235851553,18.807721101395437,1.4969425678087025,4.631707589798162,3388.962111539723
2009-08-23,433.0039169376726,1068.538093572943,95.69346657802268,12.309703,2.11609,19.485981,1.1185371,17.416537368400625,1.002974734147973,18.67404714833431,1.4693361033689736,4.206501234072591,3384.7556103056504
2009-08-24,391.79514580380413,1154.2678250414615,95.33420402780057,12.402156,2.1556072,19.360378,1.1093248,17.59706214764877,0.9921327191161142,18.86320039493743,1.4584956149680517,4.005672100204136,3380.749938205446
2009-08-25,391.7648471176107,1113.6769251096596,95.06737940395634,12.071375,2.1812363,20.157703,1.1672443,18.05337807168953,1.0333518941763928,19.341326660309385,1.4997188150787497,3.9753734140107237,3376.7745647914353
2009-08-26,391.7188531606895,1043.227258731495,94.79640967092368,11.772129,2.075221,21.176628,1.2334574,18.609340356524346,1.060694754780076,19.92386204189731,1.5270669014663976,3.9293794570895155,3372.845185334346
2009-08-27,391.57813648069566,908.782864866824,94.56065648485674,11.7420435,2.165963,21.704174,1.1985934,18.704274390219894,1.0616442297595077,20.023333597887742,1.5280173041103606,3.7886627770956727,3369.05652255725
2009-08-28,391.39387064918475,834.4452573707545,94.2913156274922,11.890703,1.9649962,20.5894,1.1797686,17.812023193840698,1.0191031353309052,19.088435844329755,1.4854678976370788,3.6043969455847478,3365.4521256116655
2009-08-29,391.18362346096046,1146.223490495358,94.39410015701615,12.15942,1.8826154,18.24858,1.0551535,16.699232025237876,0.9210425884231902,17.92245706175403,1.3873982598981298,3.394149757360475,3362.057975854305
2009-08-30,391.06570961389156,1178.588590495358,94.5304482812736,12.177139,1.9588715,18.859118,1.0795579,17.19436078011291,0.9461732782418351,18.441251278599115,1.412532819755456,3.2762359102915513,3358.781739944013
2009-08-31,390.9130236830057,891.9151788916383,94.33258308030943,12.3383255,1.9606594,19.2855,1.0928087,17.168504625814773,0.9665725129783801,18.41415928851037,1.4329318454565814,0.0,3355.6581899646076
2009-09-01,387.7894737036,801.1376831862372,94.13729722844158,12.316947,2.037618,18.739891,1.0964475,16.64493503607988,0.9937592351399236,17.865564862119257,1.460114499275133,,
2009-09-02,387.7894737036,784.3260531738343,93.89933104573916,12.148266,2.0198815,18.668749,1.0968004,16.511474577193173,0.9925900826947611,17.725725449509522,1.4589443599287584,,
2009-09-03,387.7894737036,739.248671597757,93.64491954657326,11.979083,2.0036306,19.626701,1.1229379,16.995321143416216,1.0088608314725016,18.23269822765128,1.475218783549549,,
2009-09-04,387.7894737036,700.168361785918,93.3418637787342,11.905459,2.0156045,20.824528,1.1928478,17.64543319902835,1.0514146685688377,18.913883417224785,1.5177779798074043,,
2009-09-05,387.7894737036,631.199710495358,93.11577666287756,11.846417,2.0383725,21.622889,1.2440829,17.902326407905772,1.0934476432801388,19.183055243341045,1.559813205428556,,
2009-09-06,459.4036336172791,589.3607571410329,92.82136574066593,11.829195,2.0385284,22.139515,1.3111433,17.623154081908805,1.1576985628086576,18.890539434464277,1.6240616823928287,,
2009-09-07,523.8974406642405,640.9435867969057,92.4655937095614,11.851193,2.0213203,21.355276,1.3277363,17.080731792814877,1.1662824768048068,18.322191214129496,1.632641105381713,,
2009-09-08,466.138633159138,564.4454460423435,92.06934081396987,11.901326,1.9838923,20.824827,1.3190947,16.788680459622555,1.152016612738619,18.01618082553812,1.6183729626139032,,
2009-09-09,464.7722922475983,552.726256462415,91.63662503467144,11.937644,1.9670836,20.954817,1.3850955,16.835958778196726,1.171950639152578,18.065718886127293,1.6383073512952189,,
2009-09-10,500.3378394160132,575.3739675597112,91.1486785851107,12.059352,2.026936,20.9537,1.5116606,16.816737494866935,1.2420066172425237,18.045578891159007,1.7083631817948384,,
2009-09-11,511.50910286211325,608.8895450115822,90.68037590050996,12.244613,1.9646103,18.353516,1.50015,15.564544517486713,1.212081292618281,16.733535369867568,1.6784291525734418,,
2009-09-12,413.5508067036,532.369830495358,90.40326408051769,12.275274,1.9047041,17.228485,1.312554,15.06297115810164,1.1131615027618185,16.207988518446644,1.579506379036618,,
2009-09-13,387.7894737036,384.01447049535807,90.18184430802516,12.2265625,1.8637586,19.520466,1.4427543,15.855676414441579,1.179924399446334,17.038582376312274,1.6462741232085427,,
2009-09-14,387.7894737036,352.06085049535807,89.84401712204186,12.297971,1.8456544,21.578344,1.743323,16.714075092172543,1.2743742077322902,17.93800957654969,1.740729991147743,,
2009-09-15,390.4092804339501,332.5571716460364,89.30702999218065,12.223546,1.8792568,22.52015,2.0642807,16.959878162000088,1.3897830025968931,18.195561192879232,1.8561406763950203,,
2009-09-16,303.3188098847605,553.6542256248817,88.92137100294048,12.3061285,1.8798602,18.545479,1.1987969,16.33711025520174,1.0210505585252765,17.543027108961514,1.4874035770767104,,
2009-09-17,289.15042267730286,514.9719851922371,88.63492969422123,12.361048,1.8542546,17.102016,1.173949,15.397234824547432,1.0048865314509288,16.558228845525367,1.4712333641606008,,
2009-09-18,335.9110805825205,565.2835941452863,88.29244218049651,12.247765,1.8874497,16.487152,1.1110951,14.906963844875598,0.9902951197741005,16.04452458893272,1.4566391266803556,,
2009-09-19,292.83645849303866,550.1004610591289,88.02146014298435,12.271697,1.9555355,16.807207,1.0809474,15.231569982687358,0.9793605156848884,16.38464579052131,1.4457063627915305,,
2009-09-20,316.19580599570776,581.4006919418184,87.69962330058901,12.116488,1.9629369,17.029072,1.1296021,15.298518874775551,1.0067277060709137,16.454794610797983,1.4730739477027297,,
2009-09-21,336.50372192730043,607.7772660673324,87.30680587724513,11.990794,1.8808224,17.24657,1.1143275,15.373623504141438,0.9816554865878474,16.533488984715227,1.4480021769068459,,
2009-09-22,361.8878285058918,641.3794716453651,86.95125574109443,11.923438,1.7940902,17.57036,1.0907158,15.533462957653922,0.9513160659870327,16.70096821772177,1.4176637326868824,,
2009-09-23,421.089099607706,732.6795878895871,86.47162270151937,11.944498,1.7789103,18.37804,1.1532047,16.030000760068642,0.9786802682621423,17.221238829762346,1.4450311544349852,,
2009-09-24,355.1091298483517,717.4870379851184,86.06888014202497,12.1138935,1.8143778,18.625656,1.1629885,16.469778243255274,0.9828753287188794,17.682036173341178,1.4492293017967353,,
2009-09-25,360.540496619462,643.2773410302398,85.63552072124929,12.179463,1.9179991,17.311903,1.1091875,15.468488529981279,0.9898500073878331,16.632888234510343,1.456197273666119,,
2009-09-26,259.501204605098,505.2682692211984,85.3351819739085,12.222825,1.9000139,15.242758,1.0545952,14.218035691476812,0.9492705193622863,15.322668024784553,1.4156110200084977,,
2009-09-27,191.4271229012,376.240674495358,85.3013567585792,12.169538,1.813797,15.150998,1.0243394,14.145599497152654,0.9138011027935471,15.246769627982443,1.3801412663176715,,
2009-09-28,418.2033017067288,279.4022049695328,85.25525368417092,12.052222,1.8689684,18.02302,2.726474,14.44362252294764,1.5645413973469349,15.55903713566968,2.0308829863325664,,
2009-09-29,259.0724097107846,451.7043498176361,85.12030127935725,12.21382,1.817257,14.874122,0.90828735,13.904463281092843,0.8785948233456691,14.994107925077891,1.3449339078485467,,
2009-09-30,252.676416503534,472.8462238324064,84.90739765758492,12.092664,1.9042362,13.344656,0.90640604,12.90862699373802,0.8881330926648346,13.950674067283561,1.3544684254953248,,
2009-10-01,320.5954958315193,555.3043017548137,84.59770839457587,11.957009,1.905212,11.57695,0.9235468,11.716058772147912,0.910555216782515,12.701105161291974,1.3768875492685406,,
2009-10-02,308.7440490604683,537.9322421930306,84.27751528538423,12.042024,1.8167418,10.9020405,0.88693,11.317740112726126,0.8697261133875025,12.283748231534048,1.3360578061463932,,
2009-10-03,300.7414542502833,534.8449472218698,84.04182417386274,12.078954,1.6977812,12.05752,0.788587,12.065234304997485,0.79257684873817,13.066970091014909,1.2589098912896866,,
2009-10-04,329.4319378615881,513.3612249600062,83.78691216509375,12.145981,1.6312542,14.101627,0.8115344,13.33720204410421,0.8067965670933839,14.399733540046734,1.2731333754909036,,
2009-10-05,318.44218033602715,513.0710394374997,83.4282820810818,12.146359,1.6839659,13.883102,0.85413754,13.217987051465759,0.8328638517096277,14.274820478276231,1.2992002285638486,,
2009-10-06,323.2007588010812,536.7460720474988,83.06063254030856,12.175069,1.7533585,12.907635,0.91435295,12.632308587330886,0.8717548710052879,13.661148585597386,1.338089363868856,,
2009-10-07,319.1099389315919,599.6205940164093,82.72412849908281,12.125953,1.6944909,11.648647,0.85463715,11.81443357048638,0.8108839914237578,12.804181938713594,1.2772165098499695,,
2009-10-08,343.6244955322826,578.2265771146808,82.39259687758825,12.030726,1.7256403,11.855456,0.86766154,11.920789131902517,0.842586565698782,12.915620932407123,1.3089192976020914,,
2009-10-09,330.6565979838056,569.8435408120598,82.04038665866584,12.155401,1.6588944,11.331728,0.81551427,11.634174347088617,0.7983513727137604,12.615306940622748,1.2646835588696372,,
2009-10-10,210.5766351904686,492.7865288093321,81.8804632493633,12.111458,1.6762897,11.420773,0.7936474,11.627553612464919,0.7490271094612244,12.608369757515886,1.2153592841207383,,
2009-10-11,264.7074515542556,491.994902561151,81.6588286414316,12.014708,1.6880193,10.551374,0.85429853,11.063273442319021,0.8106867267240367,12.01711892413228,1.2770181057891925,,
2009-10-12,290.48182883547,527.9032698846748,81.31491702482975,11.813867,1.6526484,8.660556,1.0106097,9.779808233626543,0.8769669155112456,10.672308465770636,1.3432978412254175,,
2009-10-13,285.9996064751844,554.830132582657,80.98473890072084,11.881701,1.5942225,7.3284893,1.0464851,8.877217693102386,0.8779984779490353,9.726577182760836,1.3443302132481745,,
2009-10-14,304.744126634306,563.4344987578753,80.64965455114132,11.763978,1.671144,7.07664,1.0092506,8.721968227812257,0.8792643834644466,9.563907323723587,1.345596351936237,,
2009-10-15,271.5911777676613,521.5995120616941,80.33079310369237,11.6320305,1.5955832,5.922097,1.0976247,7.87719769409573,0.9052440510690695,8.678759646199019,1.37157777144099,,
2009-10-16,114.66198728117362,393.6918783075289,80.2021260253282,11.327235,1.3813876,5.230778,0.8744275,6.605867348793183,0.7454365760551396,7.3466640562163885,1.2117744714348284,,
2009-10-17,131.86553729573825,385.9006958352644,80.08799172890788,11.710805,1.4358954,5.2203865,0.9746815,6.873376714467031,0.8133021920896372,7.6269594551344255,1.279639055411959,,
2009-10-18,162.31689981638914,407.80855402064674,79.93207051758172,11.834716,1.4934996,5.5865626,1.0159937,7.365435777571555,0.8419888241094351,8.142537259435585,1.3083240027936895,,
2009-10-19,228.94336571800144,482.1090374840961,79.70053343579848,11.980346,1.697628,5.413749,1.1635513,7.528050075546051,0.9597680296088195,8.312923964984092,1.4261027124397114,,
2009-10-20,266.5056230235196,537.5380162093251,79.31599946230808,12.275407,1.6010236,5.3267736,1.4051342,7.629944426969659,1.0789207414221136,8.419688518097333,1.5452551289637262,,
2009-10-21,263.42093200184814,532.0946615899563,78.92622130600832,12.340422,1.4107491,6.702474,1.1159215,8.569380828633033,0.8805354790005618,9.404026768457529,1.3468677035094057,,
2009-10-22,241.6381867646081,499.963121459521,78.55525935341903,12.499977,1.4417111,9.263964,1.0328871,10.318363691176097,0.8399755071045434,11.236605033231324,1.3063063936217587,,
2009-10-23,271.08831822839653,548.6013654416176,78.15466418648337,12.38976,1.4248537,10.665571,0.767579,11.235796082821432,0.6971151328449037,12.197887557111562,1.1634467165024271,,
2009-10-24,1148.6638420988002,4566.201110495358,79.01780219325883,12.757279,1.8032565,12.021678,0.94393283,12.169530766411452,0.8367765340262567,13.176251566764844,1.303109815717185,,
2009-10-25,54.9368420988,5093.527240495359,80.5335929173259,12.034537,1.5500741,10.90255,0.8273011,10.914628651359095,0.81864045038909,11.861369420281267,1.2849716804801474,,
2009-10-26,54.9368420988,2537.601300495358,81.32178031010689,12.244399,1.5672569,9.508041,0.7572131,9.566025813313088,0.7419111857684194,10.448307976544843,1.2082422190227788,,
2009-10-27,54.9368420988,1938.030320495358,81.82838821958315,12.332177,1.4811543,9.302334,0.7213965,9.3858525308151,0.7026980827784346,10.259523027035007,1.1690292472592279,,
2009-10-28,1755.4119420988002,7221.5303704953585,83.87193110293612,12.57248,1.6063327,9.6339445,0.8653242,10.20856563110292,0.7637016303215646,11.12155900121254,1.2300324979073762,,
2009-10-29,181.0797820988,7037.546930495359,85.89274807753524,12.238486,1.5366032,9.795198,0.8517299,9.85648849598666,0.8312584105302461,10.752653782553203,1.2975893104090575,,
2009-10-30,387.7894737036,5075.787530495359,86.75215638193124,12.324909,1.5338097,10.005358,0.84864986,10.169993043005856,0.7958957120939121,11.081142775258234,1.2622265763019767,,
2009-10-31,387.7894737036,3661.180850495358,87.31999749719456,12.470693,1.480695,10.2350025,0.8240572,10.44912537471611,0.7585081461543562,11.373616678258095,1.2248390732068797,,
2009-11-01,1452.2055015259564,3429.469438595887,86.69938995828568,12.340068,1.4846648,8.672746,0.91337353,9.763704336723185,0.7789696017710961,10.655434857643716,1.2453005337655538,,
2009-11-02,1075.2834226111293,2654.6764098104018,86.15232164940319,12.272077,1.3346257,7.9823756,0.87044317,9.219022814879764,0.7292627377132308,10.084719420956816,1.1955940568087333,,
2009-11-03,817.9428400264887,2230.6349512156708,85.73881704583455,12.317588,1.1776252,7.9675756,0.8302832,9.134697290254588,0.6847673303942456,9.996363424506942,1.1510987397529908,,
2009-11-04,387.7894737036,1313.506430495358,85.7092968039093,11.885953,1.0144545,7.264771,0.78530324,8.318112568335497,0.6489004535727919,9.14074874423535,1.1152331577347903,,
2009-11-05,387.7894737036,1679.1321508169194,85.91868481918017,11.815986,0.9609728,6.8987226,0.75046134,7.821284404341886,0.6357626005991258,8.62017389232496,1.1020964657250711,,
2009-11-06,387.7894737036,1348.258156365183,86.05279805346535,11.50475,0.9312659,6.0196023,0.7394682,7.244846699323061,0.6108039245694487,8.016184435459955,1.0771394904914173,,
2009-11-07,387.7894737036,1124.6852708821418,86.22294869855678,11.591559,0.94538885,5.068157,0.6933802,6.740718487001444,0.5697358727171825,7.487960617865449,1.0360732376078694,,
2009-11-08,387.7894737036,955.8299896271564,86.33565020101827,12.083857,0.9555359,5.9795012,0.6906465,7.741313134889838,0.5634240229209249,8.536380269561214,1.0297581012991688,,
2009-11-09,387.7894737036,958.214142435121,86.39596179799064,12.261594,1.0194986,7.7343717,0.7354064,9.038683980745907,0.6002990899782674,9.895761007008826,1.0666306120132178,,
2009-11-10,387.7894737036,944.2059034014252,86.41871849423156,12.2810545,1.0251484,8.103279,0.74212,9.319572612133513,0.60482943709466,10.190075154807007,1.0711606591911518,,
2009-11-11,387.7894737036,927.0622071710734,86.40602984042025,11.915579,1.0176282,7.8491983,0.79916424,9.048496769639714,0.6384137846664202,9.906042813668416,1.1047452947018532,,
2009-11-12,387.7894737036,828.3928772756925,86.3658952513947,11.764376,1.0076525,6.4579062,0.7737596,8.149916486165619,0.6172550347018129,8.964513464287295,1.0835881002857475,,
2009-11-13,387.7894737036,809.7637243761012,86.30286155056143,11.937134,1.051949,5.8651376,0.86106044,7.831360220994245,0.6745602396505949,8.630731298570847,1.1408940784271167,,
2009-11-14,387.7894737036,748.0942749691545,86.2256824892266,12.056973,0.98724073,6.493901,0.76787955,8.393127725697367,0.6077474986361677,9.219349369692628,1.0740800520383444,,
2009-11-15,387.7894737036,720.7885461358774,86.1375581718834,12.317601,1.0975176,7.8302426,0.91966194,9.39995661612455,0.7105964316916207,10.274301239409844,1.1769275845604124,,
2009-11-16,387.7894737036,703.7390319392777,85.9334587205695,11.91042,1.1206659,8.792946,0.8128075,9.900497163586262,0.6581292336652823,10.79876591402796,1.124460121754062,,
2009-11-17,387.7894737036,628.8347668257549,85.71967287758262,11.625181,1.0824802,5.897843,1.1052338,8.082525701949235,0.7986641304736154,8.89390163094924,1.2649973499471598,,
2009-11-18,387.7894737036,603.374090495358,85.45585583339363,11.531969,1.0341504,4.1714106,1.271591,7.0512047881096755,0.8734503186945223,7.813287102822329,1.3397865412401426,,
2009-11-19,387.7894737036,593.822360495358,85.17813298587767,11.700892,1.1314455,4.237026,1.5372578,7.185654845357009,1.0318019122447228,7.954163413211556,1.4981376743302064,,
2009-11-20,722.7448237036,930.205590495358,85.4077712677943,11.594004,1.0024141,4.6496162,2.070917,7.686017109856677,1.2451133275264115,8.478441283551474,1.7114475576351649,,
2009-11-21,411.8987247036,849.544230495358,85.45421182001198,11.286721,0.92283034,6.5084047,0.7387968,8.068667495566622,0.5816909008955662,8.879381049673446,1.0480241526588094,,
2009-11-22,432.3307107036,800.666630495358,85.36312868838006,11.156813,0.8991739,5.1397176,1.0888606,7.249515312637402,0.7741762047946454,8.021076192531865,1.2405117554151925,,
2009-11-23,415.9735307036,771.660030495358,85.2465450146053,11.005244,0.87579215,4.545808,1.1238,6.808251962927921,0.7920005086077766,7.558721963089573,1.2583376156455732,,
2009-11-24,400.5415277036,614.831330495358,85.22592855060212,11.098876,0.81980926,3.7747936,1.228072,6.663977750344828,0.8109031794841094,7.407551936321732,1.2772408437139113,,
2009-11-25,398.0077117036,613.527730495358,85.20209981221436,11.059263,0.79822993,5.321263,1.1891071,7.578987391488543,0.7866503289502053,8.366295910508132,1.2529848626806612,,
2009-11-26,406.1086517036,617.883990495358,85.17566014497814,10.940605,0.7869792,5.978232,1.1432252,7.946276040678814,0.7571513043116554,8.75113970161626,1.2234848507842369,,
2009-11-27,398.7389897036,619.791430495358,85.13727272047275,10.582221,0.7501199,5.3694396,1.1189862,7.4101633342881135,0.7415449890563434,8.189402640469691,1.2078800283392523,,
2009-11-28,387.7894737036,642.7929304953581,85.14028243925667,10.40681,0.7429199,4.2935376,1.2772653,6.593851105049044,0.8442769317324762,7.334073477096754,1.3106148753919207,,
2009-11-29,387.7894737036,759.5003304953581,85.15768637931302,10.42514,0.7544166,3.4809346,1.186874,5.828109577333563,0.8260480373029447,6.531732121912938,1.2923893981930001,,
2009-11-30,387.7894737036,645.969200495358,85.1390893028402,10.273055,0.72759694,2.496739,1.1524568,5.413835162054229,0.7701291339092513,6.097656805709497,1.2364726231083898,,
2009-12-01,387.7894737036,810.850190495358,85.15149616474903,9.987239,0.6863112,2.6201754,0.9499734,5.003601983826722,0.6799110819860413,5.667815883874682,1.1462568721530624,,
2009-12-02,387.7894737036,639.735630495358,85.1417298910254,10.09867,0.7373312,1.9988192,1.2456388,5.055714733438226,0.8239450624862728,5.722419444779093,1.29029054968469,,
2009-12-03,742.7921737035999,346.428980495358,85.55138029913536,10.326898,0.7492813,0.07929653,7.0333104,7.06762746734696,2.2945750941708987,7.830494729989035,2.760911259364196,,
2009-12-04,396.0319177036,991.329513454186,85.94164011210037,9.927235,0.6682912,4.335872,0.96481913,5.9319652708639135,0.7153122329966464,6.6405517625811115,1.1816530911061556,,
2009-12-05,387.7894737036,1204.3770963019192,86.22451225243742,9.618807,0.67098624,3.6645465,0.7544567,5.1147713158347745,0.5936389502863749,5.784298729939368,1.059984097900995,,
2009-12-06,387.7894737036,1314.1929649155104,86.51074126842757,9.155448,0.647843,2.783588,0.7165674,4.235389191188129,0.5726514883756808,4.862885145752026,1.0390021050699048,,
2009-12-07,391.5218461096853,1347.3310138559973,86.73555802231341,8.9250555,0.63241625,1.1093,0.6889696,2.8691033263454258,0.5525053582490853,3.4312954869844257,1.0188662266378152,,
2009-12-08,455.5356559842557,1332.308234457446,86.85609523863724,8.908891,0.6170462,0.25477862,0.84758234,2.4598126613876024,0.6508950441750777,3.0024421273317645,1.1172593991409472,,
2009-12-09,521.5467915838342,1582.2463795006724,86.97231703845159,8.830956,0.7053624,0.76456857,0.7343083,2.76428925391285,0.5792902164756392,3.321471660178555,1.0456519594846427,,
2009-12-10,519.9113294121448,1833.4173582289247,87.15961959079642,8.45343,0.662543,1.2619777,0.597574,2.850756006424135,0.48802247426874723,3.4120712278880725,0.9543834948494689,,
2009-12-11,518.7045890874019,1337.442990286317,87.15067678642731,7.9602137,0.63924414,-0.9223244,0.94971734,1.5599206977734388,0.7072488807474675,2.0595384039836335,1.1736215751236911,,
2009-12-12,467.2067712916872,1126.8819527819885,87.12297965582593,7.909004,0.61465365,-1.5946165,0.9567542,1.1907716936960073,0.6999224027160136,1.6727453393840443,1.166298785882953,,
2009-12-13,582.2334265240285,1248.3120182521614,87.22017815685219,7.889312,0.66190666,-1.7128738,1.1295803,1.341250539729524,0.7985514139077307,1.8304165598717608,1.2649262745736949,,
2009-12-14,400.52022833284303,2080.36445338994,87.84776284198627,8.012422,0.5724539,1.7273954,0.5014953,2.7420657642785664,0.43056807199641867,3.2981859637069517,0.896930002063422,,
2009-12-15,701.1471703153982,2169.855288683812,88.19940545608318,8.019576,0.56539696,1.5065622,0.89455706,3.0971499420244695,0.6900472427120717,3.670241951354569,1.1564062515700224,,
2009-12-16,641.0518485096296,2280.275997918539,88.24850637191422,7.604823,0.5632731,2.0877738,0.5901065,3.2984269159030055,0.47691038452332557,3.881139276553584,0.9432678015443879,,
2009-12-17,645.8061864350942,2107.2412035716607,87.93978390315085,7.079706,0.5932828,-0.42834556,0.5899403,1.3328832096035719,0.4725132091945021,1.8216492999680753,0.938888153838831,,
2009-12-18,574.1101331769372,1880.5094282171813,87.6356158074813,6.813321,0.5918595,-0.8564904,0.46063998,0.9373992228098708,0.3790804289377954,1.4072625305000135,0.8454594341545465,,
2009-12-19,443.1242794154719,1717.3868191706642,87.41684181125794,6.869725,0.5435393,-0.13176966,0.34788296,1.304248134003164,0.29815716162515926,1.7916455656380772,0.7645323942700295,,
2009-12-20,393.7451412036,1556.022820895667,87.24809517584895,6.5909777,0.53217435,-0.03527212,0.33644035,1.302863343921127,0.28920743551721534,1.7901945873237868,0.7555826821135372,,
2009-12-21,387.7894737036,1370.5804557321292,87.11783931029082,6.349356,0.53480303,-0.56320846,0.39792255,0.9612829200908324,0.3318333503057906,1.4322877868686703,0.7982121052261646,,
2009-12-22,387.7894737036,1157.6845169442197,86.94292052702853,6.1294937,0.54045784,-0.9381572,0.5078622,0.835253833549381,0.403877711897926,1.3002349407994178,0.870257794937762,,
2009-12-23,387.7894737036,960.1217819852662,86.77219662865744,5.75353,0.55478334,-1.1963205,0.58058804,0.8031277825292639,0.44328628271549914,1.2665733743579508,0.9096667072108201,,
2009-12-24,387.7894737036,880.531280495358,86.60198169332774,5.726718,0.55400807,-1.624739,0.8272656,0.6229712633126918,0.5987871353266102,1.0778059893570795,1.0651694965008824,,
2009-12-25,387.7894737036,848.8694804953581,86.40369727443459,5.821933,0.55522233,-1.5934349,0.9603134,0.731863841222095,0.6817851130099399,1.191903260259896,1.1481662991547061,,
2009-12-26,387.7894737036,1364.2255304953578,86.28645541079682,6.0393515,0.6290736,-0.46669304,0.46566236,0.9733491758072386,0.388408437027754,1.4449307683618888,0.8547870657441765,,
2009-12-27,387.7894737036,2094.803830495358,86.83879820375483,6.068209,0.6465638,1.9241415,0.48247993,2.5714589133902734,0.4194551796526247,3.1194246885365433,0.8858185645499724,,
2009-12-28,387.7894737036,1672.6825304953582,87.16463638683729,5.748042,0.6315277,1.6326287,0.4913439,2.4071667481323855,0.4162028155566282,2.947279919384,0.8825676328960805,,
2009-12-29,387.7894737036,1551.111966267601,87.16954285775743,5.013221,0.60927385,0.1227296,0.51604,1.1008510061054797,0.4304387863748178,1.5785267503051827,0.8968160916918587,,
2009-12-30,397.3571722036,1449.129397542758,87.10799351230672,4.771833,0.6327365,-0.79246545,0.36264858,0.4049512619865261,0.3155026426959096,0.8493653772316145,0.7818873972102987,,
2009-12-31,387.7894737036,1494.896905883018,87.02664481760186,4.8879366,0.5965486,-0.36751568,0.3042865,0.7149848830387188,0.2710608149527846,1.1742175455731865,0.7374421823457834,,
2010-01-01,387.7894737036,1335.6250283901963,86.9424286287402,4.407257,0.67932636,-0.060691237,0.4472718,0.9446521227715865,0.3788372284752215,1.414862094287101,0.8452161576140688,,
2010-01-02,387.7894737036,1302.7620436379727,86.8103673478916,4.185674,0.6752004,-0.12643391,0.4041889,0.8627049095406639,0.34785642295211733,1.3289980843862752,0.8142362151599905,,
2010-01-03,408.1177077036,1269.8388167545756,86.62407562350894,4.0714784,0.6634255,-0.5449085,0.33157015,0.5779031870692303,0.29832926079131084,1.0305838131266922,0.7647121122495198,,
2010-01-04,387.7894737036,1037.767364659884,86.62131819621443,4.080788,0.6630583,-0.83191466,0.3521797,0.5044714993110749,0.3134685900294857,0.9536423417073643,0.7798522453067283,,
2010-01-05,387.7894737036,910.4579813734769,86.67233572963221,4.11666,0.661381,-0.96825755,0.44224638,0.5506189491476522,0.3677215677279768,1.001995481898964,0.8341047171329258,,
2010-01-06,387.7894737036,916.1547895457252,86.72758107791076,4.233773,0.669657,-0.7164701,0.5579178,0.7557187733046912,0.43968409445111967,1.2168983765520343,0.906065024994355,,
2010-01-07,387.7894737036,869.6801262688386,86.75894015659681,4.3205304,0.67975104,-0.45382416,0.66835964,1.018533060907952,0.5075570869136514,1.492274288717032,0.9739352445195513,,
2010-01-08,387.7894737036,899.7802782980943,86.75520226558591,4.0967855,0.6613481,-0.4900632,0.6037779,0.8914011181353116,0.46658483310924553,1.3590658736586654,0.9329643222146753,,
2010-01-09,387.7894737036,914.7128972676978,86.70187140696788,3.8471675,0.6502779,-1.0384022,0.38765565,0.4161613708819588,0.33406235553519475,0.8611112910124087,0.8004469856639054,,
2010-01-10,420.9242437036,863.9162559924243,86.58250108126524,3.7839227,0.6396312,-1.2787157,0.33776662,0.37984596802614046,0.30901484805093177,0.8230601360380767,0.7753998816510941,,
2010-01-11,391.1798095036,894.2967742195002,86.48359251104847,3.8874373,0.64134395,-1.1133482,0.3496877,0.4084269301611434,0.3118852904443317,0.8530071704640012,0.7782700063778623,,
2010-01-12,387.7894737036,910.135601623664,86.39681231073767,3.973507,0.6334461,-0.9677352,0.43031877,0.5085917056057078,0.35619059284233984,0.9579594797786599,0.822574202854533,,
2010-01-13,387.7894737036,849.7521800886946,86.30230787845194,4.0681634,0.6379156,-0.8887664,0.5236319,0.6645107633994561,0.41137975024075396,1.1213309355523136,0.8777616615743244,,
2010-01-14,387.7894737036,791.770879648923,86.19421441795305,4.2523475,0.6560405,-0.9531263,0.63896954,0.7582129449146547,0.4800784164775126,1.219511761039055,0.9464593203336963,,
2010-01-15,387.7894737036,752.4046602952459,86.07699406090245,4.450504,0.6513983,-0.47186887,0.848745,1.2022708736651937,0.6023055412480472,1.6847941408477776,1.0686818071559432,,
2010-01-16,387.7894737036,731.8602067610828,85.95147793582676,4.484064,0.66505283,-0.037485242,1.0012344,1.5285485551556222,0.6938096861923679,2.02666678018899,1.1601826880021078,,
2010-01-17,399.4380637036,790.0030698037681,85.81937316916277,4.661346,0.7303218,-0.1686145,0.74829286,1.4533825822709123,0.5542210669964878,1.9479081307424155,1.0205948099789304,,
2010-01-18,518.0413637035999,1693.963144652076,85.80905456759805,4.751977,0.66280746,1.0936093,0.62663275,1.9503823417704955,0.504359363453732,2.4686627798373912,0.9707283256448681,,
2010-01-19,482.5387187036,1368.4208175761642,85.87054484795601,4.6676016,0.64821464,1.8363715,0.8047742,2.574463374575092,0.6185053365602923,3.1225727526957594,1.0848686955495235,,
2010-01-20,475.6955787036,1272.8373407225345,85.87124291305794,4.5158205,0.6418292,1.3386319,0.6744258,2.202999115627165,0.5210728391456987,2.733353771957167,0.9874394796087156,,
2010-01-21,450.0902937036,1174.7191780363764,85.83605151107525,4.512871,0.65027314,0.7175495,0.5479368,1.7688957079907948,0.43518321913128044,2.278501705344043,0.9015538943586212,,
2010-01-22,459.2849237036,1078.5063201977237,85.75679058976131,4.482781,0.6474612,0.24928927,0.57035255,1.513686442160509,0.4442971965975837,2.0110943089963023,0.9106703444425053,,
2010-01-23,471.1507437036,1034.0926664053036,85.65321775622168,4.4697123,0.64223903,0.051377892,0.6090705,1.4343445993864659,0.46421183255387105,1.9279601973541813,0.9305857642853717,,
2010-01-24,453.2249037036,1024.3347571915524,85.56124956218045,4.77456,0.6893332,0.63898265,0.66784644,1.9075247522545369,0.5089898839218927,2.423756744043911,0.9753592472450838,,
2010-01-25,952.8299737036,8151.44440404497,89.47168822289369,4.855504,0.7784144,2.2105803,0.68259454,2.487391269042901,0.616561780261014,3.0313388981602323,1.0829258942770996,,
2010-01-26,1112.0780053467408,7531.681615029758,94.03321755064648,4.5921216,0.6717426,1.7481272,0.66101384,2.114026290888613,0.5824178310306924,2.640128350334499,1.0487852808926919,,
2010-01-27,2350.9238532062104,6660.382521029758,93.83396266919353,4.395545,0.7099386,1.4744254,0.5852842,2.236504693245243,0.47057354429869575,2.7684608016523025,0.9369398823028297,,
2010-01-28,2296.346440148562,5074.016815029759,92.90349520621768,4.2077236,0.70879924,0.41806197,0.565745,1.5987874974777212,0.4477305375497947,2.1002629038542726,0.9141028526089007,,
2010-01-29,2046.7412183716567,3513.2023150297578,91.8431369226896,3.8498793,0.6704983,-1.4275135,0.67364204,0.5152143895974726,0.4920453068661018,0.9648987054267184,0.9584288441614186,,
2010-01-30,1767.6450679466184,2936.270915029758,90.69806673402653,3.758954,0.63091797,-2.0339007,0.6657174,0.1429474943741058,0.47842948557683307,0.5748387251423956,0.9448171881687031,,
2010-01-31,1468.7100480317968,2629.4750150297577,89.56598308236985,3.9079714,0.5888248,-2.007218,0.6603713,0.11267123211853251,0.47334820525736626,0.543115361045231,0.9397362535779332,,
2010-02-01,1171.7393983784566,2352.570370115181,88.62899022261705,4.01044,0.59514236,-1.3635279,0.6003914,0.4231736650264972,0.4469614235932724,0.8684587488467277,0.9133459759876754,,
2010-02-02,387.7894737036,1185.4252227235147,88.5746039977565,4.00133,0.5657976,-0.10445452,0.45351383,0.9076005959738778,0.3690891330962687,1.37603963116277,0.8354684515112224,,
2010-02-03,387.7894737036,938.181430495358,88.53652008346286,4.1388917,0.5228189,-0.31326342,0.55865616,0.988800514928077,0.42381598539292487,1.461120628674943,0.8901944527430554,,
2010-02-04,387.7894737036,912.284580495358,88.38584331371487,4.049843,0.5303238,-0.6336273,0.59703606,0.7633703685546697,0.4478197371376913,1.2249156918992918,0.9142005858332118,,
2010-02-05,387.7894737036,866.057530495358,88.23442198713737,3.9545236,0.49580723,-0.7856976,0.5765105,0.6803567765599873,0.4267122132507762,1.1379343339750319,0.8930939535041296,,
2010-02-06,387.7894737036,792.721630495358,88.0535229153378,3.6618648,0.45697123,-1.0261151,0.51463056,0.513852857139182,0.376772821648221,0.9634720963710874,0.8431563738890293,,
2010-02-07,387.7894737036,744.276280495358,87.84392329190756,3.575458,0.42436063,-1.2023377,0.488322,0.4342976820409741,0.3524233409057202,0.8801144558489467,0.8188077701009309,,
2010-02-08,387.7894737036,730.295690495358,87.61411282355067,3.6201348,0.39450315,-0.9299915,0.5860184,0.6481450886884066,0.40648812899606407,1.1041830375333364,0.8728702173217181,,
2010-02-09,387.7894737036,688.444550495358,87.39572536920694,3.828065,0.40653467,-0.6137208,0.6990162,0.9867468722815971,0.47052834302772056,1.4589688289299876,0.9369068318093687,,
2010-02-10,387.7894737036,522.217580495358,87.30775784214691,3.641035,0.36553392,-0.45708847,0.8973961,1.2892817004697368,0.5380230494708059,1.7759637877419459,1.004398433015375,,
2010-02-11,61.2853723988,514.332480495358,87.05354970925679,3.7935128,0.33527115,1.0564798,0.60481274,1.347888576030754,0.5415966331279503,1.8373718716171976,1.0079714272284839,,
2010-02-12,57.1323736988,498.79458049535793,86.92002943552673,3.8166866,0.33548692,0.89726883,0.49363044,1.1972961417740615,0.44424020329345343,1.6795816337775193,0.9106165199109582,,
2010-02-13,64.5248240988,481.84868049535794,86.9175264292051,3.6988492,0.32219893,0.28681993,0.3837369,0.6897688084277113,0.34055132613325084,1.1477962287926118,0.8069329649062633,,
2010-02-14,61.9504100988,475.178760495358,86.90248471492517,3.8397675,0.3052903,0.22607231,0.41430178,0.6428619933612514,0.3682052717411513,1.098647428308901,0.8345874172680002,,
2010-02-15,54.9368420988,472.36230049535794,86.70352194345547,4.002235,0.30896252,0.6486653,0.4929243,0.9980581112028942,0.4427405288002468,1.4708207064061867,0.9091188995993086,,
2010-02-16,58.2382340988,465.11910049535794,86.54785979225144,3.778912,0.29765287,0.89079285,0.584063,1.212177400146892,0.5201252451336686,1.6951741654315342,0.9865014101443099,,
2010-02-17,57.8479643988,452.065030495358,86.38596152456144,3.8187304,0.29042438,0.736506,0.5237695,1.0861742764297107,0.4655169877019922,1.5631485231208027,0.9318944444087656,,
2010-02-18,63.3868660988,447.6333804953581,86.22597565005002,3.95043,0.28403184,0.84962374,0.53124833,1.2342472203513248,0.46668414129748237,1.7182988475998326,0.9330600819320751,,
2010-02-19,57.2742477988,434.3183804953581,86.04580558712593,4.02719,0.282727,1.348052,0.65166986,1.6601918238998024,0.5766869297480502,2.16460214717914,1.0430586490572593,,
2010-02-20,54.9368420988,431.399530495358,85.9838055435491,4.092478,0.28906432,1.7648593,0.7091457,2.0277884683771634,0.6298871316167851,2.5497686546962512,1.0962553746361408,,
2010-02-21,54.9368420988,412.797810495358,85.9185456572968,4.0605407,0.30499354,1.8512608,0.74912614,2.1107473514216917,0.6621087761518402,2.6366926887695525,1.1284762560157875,,
2010-02-22,54.9368420988,410.315210495358,85.71498926965975,4.083617,0.30418473,1.5731965,0.7120491,1.8696263552773558,0.6289969252387223,2.3840469332404095,1.0953666450275072,,
2010-02-23,54.9368420988,409.010280495358,85.62681309552868,4.004181,0.34763074,1.5855196,0.8081842,1.871917744034584,0.7136737224730699,2.3864478425475126,1.1800434206628105,,
2010-02-24,54.9368420988,428.2705604953581,85.77578329396897,4.049869,0.29153252,1.6841033,0.75945735,1.9530720246772513,0.6739286532750146,2.471481020392869,1.1402975903617028,,
2010-02-25,56.5582490988,455.00243049535794,85.76166052580908,3.936533,0.3592793,1.4415082,1.0325553,1.7173586053616434,0.9192544539194055,2.2245013053799902,1.3856256224671684,,
2010-02-26,138.7901670988,450.286330495358,85.66814322373938,3.9812708,0.30227673,0.80410117,0.6898641,1.5526625264194018,0.5321152038495195,2.0519333168496914,0.9984879692526364,,
2010-02-27,98.0725420988,436.827030495358,85.62961577548168,4.1019545,0.2967727,1.4673405,1.1266476,1.9503905684137361,0.9216870283076753,2.4686713996860576,1.3880559904220147,,
2010-02-28,54.9368420988,434.680530495358,85.58361335726165,4.168675,0.29788432,1.9492303,0.94400775,2.198260037631167,0.8387528919975513,2.7283881822326883,1.3051195753444238,,
2010-03-01,54.9368420988,425.739030495358,85.51596387895916,4.2899337,0.30457997,2.5218043,0.8475574,2.7238852949386656,0.7514960586264753,3.279136530079429,1.2178581421408563,,
2010-03-02,63.6031040988,420.246180495358,85.44014702160602,4.3791466,0.3200504,3.0298443,1.0356896,3.2072131814872122,0.9005291012916965,3.785565837431269,1.3668872339534215,,
2010-03-03,76.3604520988,442.196310495358,85.37325506916046,4.2211976,0.30647814,3.0880804,1.3354053,3.2549384009809734,1.1396532073250354,3.8355721592763303,1.606010964359604,,
2010-03-04,78.8860840988,438.50655049535794,85.37646501782584,4.29136,0.31268528,3.2606535,0.98377675,3.4178037657382796,0.8351436600302571,4.006221931741638,1.301500154824386,,
2010-03-05,72.2609720988,422.434630495358,85.35878809189573,4.3015084,0.32700008,3.1342177,0.9497864,3.304725743143895,0.812454925405579,3.887739166205124,1.278812293358785,,
2010-03-06,76.5843640988,420.213490495358,85.33811460303224,4.394356,0.33646244,3.3740005,0.8579664,3.5312944170514706,0.7275569528085077,4.125137048239216,1.1939125859601627,,
2010-03-07,94.8719690988,459.327690495358,85.33321106904611,4.456191,0.34811127,4.0424647,0.92528653,4.113289445656475,0.7692010483876107,4.734949449761059,1.2355524943711123,,
2010-03-08,119.3859080988,586.473030495358,85.3814185370811,4.451995,0.36858976,4.6590543,0.97342086,4.624033156600087,0.8111798073755903,5.270104964197741,1.277527897943437,,
2010-03-09,162.4423820988,731.665330495358,85.5035586158926,4.422301,0.4184732,5.073038,0.9750052,4.9548115013060485,0.8014794801968914,5.616693383071441,1.2678255568330163,,
2010-03-10,168.2930970988,927.092730495358,85.72147789567627,4.4163995,0.5001173,5.2473845,0.96394986,5.119713505319839,0.8194606367590112,5.78947713918779,1.285805756136203,,
2010-03-11,279.3019220988,2035.492030495358,86.51262254604465,4.4065857,0.5403073,5.5874615,0.93273985,5.444977569592581,0.8227827752662493,6.130287713873187,1.2891260976501353,,
2010-03-12,221.8687620988,5001.627530495359,88.42469164730626,4.1714635,0.56184006,4.5840645,0.93686855,4.566539196617156,0.8973922882908973,5.209862989460896,1.3637407416736937,,
2010-03-13,295.7073520988,5785.005430495358,91.0536228175334,3.9326491,0.5541454,4.0564604,0.65489316,4.050439393094746,0.6236279718699625,4.669095379529036,1.0899798513715737,,
2010-03-14,375.1372220988,4328.664930495358,94.42718554470932,3.8759851,0.53783023,4.5489864,0.6419015,4.495313294363836,0.5922638591973755,5.135232732553433,1.0586127672929764,,
2010-03-15,54.9368420988,4042.960330495358,97.54701143027266,3.7618127,0.55399716,4.5677433,0.63644886,4.556938910494263,0.6279604761770339,5.199803842478265,1.094308990510648,,
2010-03-16,631.7567533538576,2951.432730495358,100.0,3.9138217,0.53052795,5.1719723,0.67383593,4.950146125847073,0.5628577407679929,5.611805018613315,1.0292038449390772,,
2010-03-17,2645.017730742787,3844.7616150297576,100.0,3.7667823,0.49683174,6.354509,1.1692699,5.2998377768802145,0.7217038051454043,5.978210735204732,1.188047914436454,,
2010-03-18,2430.577950548257,2765.3619150297577,99.97947762621736,3.859939,0.53077024,7.6272864,1.3725982,5.864981326073364,0.7715589963367508,6.570366214202735,1.2379001773129295,,
2010-03-19,2466.316635328133,1676.1675350297578,100.0,3.9463391,0.49764434,9.627041,1.7008171,6.244913471026859,0.7492675925074187,6.96845781695194,1.2156070101805907,,
2010-03-20,2456.6105508121177,1743.4532132221625,100.0,4.034827,0.4856018,10.679565,1.8230523,6.793068728680811,0.8082977438681638,7.54281302214674,1.2746349084232693,,
2010-03-21,2483.1653987940417,3271.2974139159646,100.0,4.1230836,0.5154309,10.341072,1.6288079,7.657886114753374,0.952283517153163,8.448965723043228,1.41861782579459,,
2010-03-22,2569.061631626756,4256.746093788202,100.0,4.0692496,0.5849464,8.373109,1.2340375,6.75324494875811,0.8004490699519955,7.501085801674516,1.2667863866207414,,
2010-03-23,7439.254972006161,9970.556777057904,100.0,3.7602105,0.48242825,7.155207,1.414527,5.70451682108162,0.835913113605776,6.402232054392855,1.3022550889016609,,
2010-03-24,4429.90097200616,6089.736567553264,100.0,3.7709866,0.44727835,7.2602687,1.3735679,5.7909049153097705,0.8171515558359873,6.492749204222183,1.2834930998403675,,
2010-03-25,2658.1709720061613,5129.077867553264,100.0,3.677659,0.45937118,6.7959676,1.0022274,5.731535527900464,0.678486405088822,6.43054216303881,1.144828244576849,,
2010-03-26,2403.782372006161,4987.636467553263,100.0,3.6362672,0.4631991,5.355109,0.81672835,4.79612016807438,0.5713343332515226,5.4504171465704845,1.03768136045802,,
2010-03-27,1715.930772006161,3157.7729675532632,100.0,3.6394472,0.4370502,4.493954,0.7965389,4.193099865912344,0.5385451724872229,4.818574535286885,1.0048960744763695,,
2010-03-28,1399.0407720061612,2746.037867553264,100.0,3.6503472,0.43819284,4.332449,0.75629073,4.102226999997007,0.5224016980451759,4.723358257014147,0.9887532200060436,,
2010-03-29,1564.6830720061612,3905.413667553263,100.0,3.9998384,0.37555566,5.7416577,0.8103983,5.24342243190694,0.5884776584897177,5.9190989295879435,1.0548220801512074,,
2010-03-30,2603.642932006161,6337.421367553264,100.0,3.7387738,0.46732727,4.882396,0.7111389,4.54937273819997,0.522102175486511,5.191876033011971,0.9884507379309215,,
2010-03-31,3695.776472006161,7104.778567553263,100.0,3.579535,0.42100534,6.6351438,1.0998428,5.58956351749099,0.7376974999725441,6.281784375838803,1.2040400624067444,,
2010-04-01,2529.228672006161,5532.231467553264,100.0,4.2634134,0.43375194,8.937033,1.1128178,7.470716218958935,0.775709206339271,8.252849746038097,1.2420440605441176,,
2010-04-02,1956.686272006161,4109.174667553264,100.0,4.2865577,0.4816162,10.217181,1.1948959,8.304118944045973,0.8242278583356178,9.126086272539597,1.2905605913332618,,
2010-04-03,1615.1965720061612,3075.917267553263,100.0,4.6463385,0.58760643,10.380868,1.247093,8.406413127177647,0.8423639000545126,9.233269767949793,1.3086964274275692,,
2010-04-04,1356.1686720061612,2442.5972675532635,100.0,4.705513,0.70984536,10.0179405,1.1791586,8.121390986318708,0.7994255808790551,8.934624543057245,1.2657587109681174,,
2010-04-05,1142.5782683175098,1809.1559049949365,100.0,5.2132797,0.8481311,9.831022,1.2691512,8.0435536209781,0.8443205869768021,8.853066817727079,1.3106538978152367,,
2010-04-06,1010.8520036695794,1511.7017696761611,100.0,5.2040186,0.8734398,10.140619,1.3156718,8.162396753384813,0.862645721569011,8.977590245617908,1.3289787592238036,,
2010-04-07,969.4736841976,1029.8983811901358,99.91242568096554,5.22299,0.8980054,11.684929,1.5719097,8.551605296995897,0.9193632118452305,9.38540162717075,1.3856954679127143,,
2010-04-08,173.32389126694264,1243.607788543481,100.0,5.5796947,1.0283107,11.286991,1.0603913,10.588855260182655,0.9391425210342268,11.520025174607222,1.405473513017133,,
2010-04-09,969.4736841976,1409.6603130836938,99.97754726768446,5.4107533,0.86370796,11.586798,1.2480344,9.07012039079037,0.8189568692738984,9.928699969993422,1.285288353255751,,
2010-04-10,236.40800975693577,1334.7637306307224,100.0,5.163412,0.859857,9.361005,0.97392386,8.729409620040661,0.8374359419702425,9.571704389063383,1.3037678986366232,,
2010-04-11,969.4736841976,882.581190495358,99.63598281629775,5.1200147,0.79631436,11.3070545,1.5758765,8.06839652863229,0.8589007215056257,8.879097131445906,1.3252339739024128,,
2010-04-12,54.9368420988,474.346490495358,99.92319366661395,5.2492332,0.8300344,9.993311,1.0705762,9.500900473493855,0.9633162467663355,10.380069868102089,1.4296473231688358,,
2010-04-13,146.80656573950776,550.8174018783673,100.0,5.143412,0.76371104,10.079683,0.9887419,9.040904456352013,0.7970441123119318,9.898087613758587,1.263375631621944,,
2010-04-14,969.4736841976,851.228410495358,99.46843442287216,5.333688,0.70942456,13.738201,1.714387,9.263029418396652,0.8860777342672119,10.130829389692762,1.3524090094871333,,
2010-04-15,38.7789474072,437.535200495358,99.71242595220367,5.4202642,0.7688361,10.810587,1.156222,10.371735719800663,1.0639315179525821,11.29252806238099,1.5302624186526377,,
2010-04-16,38.7789474072,629.936630495358,99.77222010209866,5.6891108,0.7603549,11.376509,0.9944872,11.04669539072184,0.9378538115548999,11.999748498337988,1.4041851727531804,,
2010-04-17,122.48409657338748,1201.862734234001,100.0,5.3201914,0.6587478,10.573392,0.8889589,10.087542206276614,0.8090395070039148,10.99475107037742,1.2753703696984657,,
2010-04-18,969.4736841976,1188.994030495358,99.52707859057168,5.299355,0.6630936,9.6158695,1.2960387,7.677111217303173,0.7735562068784959,8.469109719777181,1.2398904617517168,,
2010-04-19,38.7789474072,698.515790495358,99.70083885035484,5.31484,0.6366413,8.467566,0.9566282,8.301743948887841,0.906931502703987,9.123597760731421,1.3732642406178432,,
2010-04-20,38.7789474072,658.729430495358,99.6944787352098,5.641124,0.7087085,9.768884,0.89374155,9.539395156412356,0.8449719023835901,10.420404465276603,1.3113029526955589,,
2010-04-21,38.7789474072,639.089100495358,99.66538747461534,5.8506885,0.9089192,11.766769,0.8724886,11.42832685713403,0.8242177312566139,12.399620644302775,1.2905495834283962,,
2010-04-22,38.7789474072,622.788130495358,99.61869011579338,5.821574,1.0420625,13.090763,0.85489386,12.664666475806833,0.8070974555643005,13.695053070532573,1.2734320422766356,,
2010-04-23,38.7789474072,599.3095304953581,99.55562423154323,5.754008,1.0683527,12.787188,0.83360696,12.359755774180652,0.7856331802900932,13.375568679653753,1.251966930184192,,
2010-04-24,38.7789474072,559.5221304953579,99.54641312184582,6.3078756,1.1029334,12.775865,0.9038493,12.356641214649528,0.8482837672652067,13.372305254823631,1.3146175091601293,,
2010-04-25,192.4301474072,853.8342804953581,99.6586467045329,5.7433004,1.027992,12.550503,0.9100925,11.298514355603194,0.766394985667134,12.263603548940603,1.2327266521390126,,
2010-04-26,333.1612674072,1507.372130495358,99.81437155378542,6.155697,1.0161295,10.608179,0.8571651,9.802220003382642,0.7257029737280853,10.695791441510274,1.1920338911956496,,
2010-04-27,616.7014015555569,2483.047061122977,100.0,5.923465,0.95130765,10.278233,0.8605037,9.411842466471864,0.7148161001543314,10.286755192774013,1.1811472434140748,,
2010-04-28,1062.9857741976,2342.786130495358,99.85584746402668,5.956435,0.94122505,9.958663,1.0617678,8.70951556358792,0.7872416862998736,9.55085946471663,1.2535736746688904,,
2010-04-29,148.67280765643162,1648.858430495358,100.0,6.158116,0.9920123,9.854147,0.8936571,9.548450283977983,0.8238391281276609,10.429892396986462,1.2901701725485761,,
2010-04-30,206.0663386873213,1542.0760243401178,100.0,6.831666,1.1398181,11.652441,0.94541365,11.084180978288364,0.8447245771595175,12.039025768852122,1.311055979205825,,
2010-05-01,533.2305308450851,1259.278430495358,100.0,7.902226,1.2998246,16.805122,1.112179,14.15671376047321,0.8717744002997537,15.258415115097511,1.3381146151605328,,
2010-05-02,196.05923389739715,982.9463752193144,100.0,9.699437,2.0340536,17.635405,1.1424198,16.31571646525686,1.0107232754130258,17.52061076898828,1.4770761419239824,,
2010-05-03,503.0661580134733,1044.1924304953582,100.0,9.358164,2.2090669,21.162891,1.1916393,17.32477474651142,1.0782416401261952,18.57789858679363,1.544602247631115,,
2010-05-04,145.33323390099108,823.227730495358,100.0,9.02677,2.4993446,16.994167,1.0305592,15.798653865536851,0.9528313145353745,16.97883434449173,1.4191806656094597,,
2010-05-05,188.4613935255961,757.3141787707542,100.0,9.629977,2.5009327,17.595026,1.1165,16.00785857564061,1.0235354014835176,17.198038324607925,1.4898861380834334,,
2010-05-06,387.7894737036,834.217870495358,99.99924238854396,9.678414,2.6131167,20.727148,1.1890179,17.22096402913916,1.1603851939517054,18.469126071990164,1.6267449513386487,,
2010-05-07,103.4105262964,615.807690495358,99.82819196284916,8.796011,2.4034576,17.020464,1.0216484,15.837936873782127,0.9405399887677303,17.019994946248886,1.4068895961893224,,
2010-05-08,126.42293147833588,968.785590495358,100.0,8.482507,2.2947326,14.867853,0.9769591,14.130775068769962,0.9038710024995338,15.231236642597832,1.3702110977696873,,
2010-05-09,206.9191218906608,701.6226543902168,100.0,7.3177147,1.807816,12.835882,0.9414879,11.579127239048335,0.835549899838321,12.557628768987266,1.3018819919338993,,
2010-05-10,387.7894737036,744.563430495358,99.9698262604938,7.51697,1.8766656,11.893013,1.0003613,10.394378303967157,0.9196284162425518,11.316252884670842,1.3859593239438621,,
2010-05-11,103.4105262964,554.938230495358,99.85236745647369,7.5880046,1.8684037,10.756578,1.0031862,10.258872804291848,0.8950907134001604,11.17427068531343,1.3614215879483837,,
2010-05-12,181.65977157942973,1036.577730495358,100.0,6.6394796,1.4998859,9.659588,0.8197712,9.209238754129359,0.7325096508155352,10.07446771554768,1.1988409799669477,,
2010-05-13,359.95739464636813,1061.7938006269262,100.0,7.8961816,1.8226255,10.564365,0.8949713,9.888837563557837,0.8122024688667554,10.786549024974526,1.2785333598634674,,
2010-05-14,663.8102171436273,1010.1791074987808,100.0,9.590486,2.0816348,15.9091835,1.5514854,13.40354252658097,1.2481802139529572,14.46924487081229,1.7145172695342925,,
2010-05-15,555.0183524355914,829.141130495358,100.0,9.496573,2.1292062,18.069511,1.2242395,14.631946621539083,1.1254831832519765,15.756362482420066,1.5918257253790626,,
2010-05-16,199.84862906238791,654.5600793377159,100.0,8.952932,2.3269691,15.555944,1.0256742,14.011481119882378,0.9558630532308079,15.106240850739384,1.4222026084025092,,
2010-05-17,404.50278919200815,675.268310495358,100.0,9.463243,2.4694493,19.05915,1.188715,15.464341000775756,1.1867847777134912,16.628542467586414,1.6531320185955003,,
2010-05-18,103.4105262964,530.085180495358,99.94779448306012,8.326201,2.1078022,15.188227,1.0004249,14.068083917354434,0.9050703254545662,15.165549068443621,1.3714101348638776,,
2010-05-19,201.655635046907,618.2452736640347,100.0,8.854959,2.3645997,14.113472,1.0318097,12.820134146080811,0.9713748391193204,13.857951564006004,1.4377098934394443,,
2010-05-20,453.5900139384117,636.099950495358,100.0,10.319288,2.7120912,19.966488,1.3539922,15.950782906228334,1.3781067597392596,17.138234633301156,1.8444571133720769,,
2010-05-21,179.09260505046214,444.8989226034252,100.0,10.091823,2.9467893,22.832108,1.2609048,19.17550210261834,1.2343150172885025,20.517084384127482,1.700692848855838,,
2010-05-22,387.7894737036,553.846710495358,99.94413005393451,9.583199,2.8154676,26.556828,1.499427,19.566660040613815,1.4567727713507062,20.926938334452622,1.9231547446577633,,
2010-05-23,116.01114110609424,372.8772942686539,99.8368837019971,9.123164,2.5659833,23.294647,1.2567512,19.9318147182962,1.1355766032345243,21.309546157509402,1.6019626008356975,,
2010-05-24,139.36170207753142,363.23382532807545,99.77447951725368,8.797456,2.3064842,24.905815,1.3803811,20.439224690552976,1.1850225248047066,21.841208591945833,1.6514143675784125,,
2010-05-25,149.0137950598019,360.998583786901,99.69018761149326,8.684132,1.6698104,27.887085,1.5422815,22.276427118052847,1.1957232389775203,23.766223015317877,1.6621387080107957,,
2010-05-26,178.96421169238954,387.85709178095647,99.55338782679868,8.518969,1.2739494,30.681713,1.6976541,23.684202463713312,1.229314781231705,25.24128521026163,1.6957509652436864,,
2010-05-27,186.8208606206053,382.9205501219213,99.3996011958489,8.122192,1.0940416,31.471554,1.8249936,23.815189506132175,1.2779548496527444,25.37853298555131,1.744393076294106,,
2010-05-28,116.2240863206532,317.80182490250627,99.2542886935771,7.766998,0.9471764,28.2804,1.6917421,22.787290994217646,1.2644250773998282,24.30150443846255,1.7308478017554416,,
2010-05-29,189.15411575499704,370.2047713300986,99.01062270264124,7.6618767,0.851701,28.357868,1.6722084,21.359263067729245,1.1435926000221015,22.80522165855727,1.6099957920567471,,
2010-05-30,194.4746566526929,372.2568716363136,98.74516371892072,7.7778473,0.78151906,28.889332,1.582457,21.644898607202833,1.0734732427062503,23.104509600421448,1.5398801550986536,,
2010-05-31,228.30107986490475,396.6721722369703,98.42918088921408,7.941574,0.7640213,31.172497,1.7345744,22.686302033563106,1.1357643392701955,24.19568855070222,1.6021856057153596,,
2010-06-01,209.4670041511009,499.5635409398808,98.30218604378568,7.5167656,0.80732733,27.93516,1.5958703,21.90300793890858,1.1494239687368963,23.37495567588012,1.6158343231855494,3.0266797148601037,4856.97332028514
2010-06-02,226.0805458198878,459.6332283443633,98.14914211234895,7.8387246,0.8051139,28.757069,1.5846555,21.860268814539303,1.0948588686011322,23.33017376746238,1.5612686478342463,3.072290053734979,4853.9010302314055
2010-06-03,272.45818446618046,492.50572818639046,97.93142085303988,7.774589,0.8171228,29.212652,1.654291,21.57702957604365,1.1041273978922903,23.033396661571533,1.5705334178530397,3.187336010727838,4850.713694220678
2010-06-04,292.21693284241616,521.0906825267061,97.61004568914808,7.810531,0.73586786,29.9011,1.6371384,21.96408075596644,1.0817321795299162,23.43894756482636,1.5481433595668186,3.2816371149883157,4847.43205710569
2010-06-05,346.6656264263113,594.5730312199605,97.14537246702128,7.6189976,0.6554083,30.180851,1.6469688,21.871142300636606,1.0680144443641795,23.34156696902598,1.53442436974286,3.4305503915741014,4844.001506714116
2010-06-06,330.62011269013857,889.5920625755392,96.86221626919652,7.334637,0.82746935,25.713476,1.4480977,20.733675167941858,1.079275994629427,22.1497327956253,1.5456713643377316,3.6222898962085575,4840.379216817907
2010-06-07,523.2756046479988,673.1293368335485,96.49270268333989,7.287729,0.9474108,28.600508,1.6184442,19.278866789251587,1.00042993602518,20.625389549447295,1.4668088450529126,3.7824083542463995,4836.596808463661
2010-06-08,445.89543782580415,710.4671465338747,96.09399013096284,7.4880295,0.9233925,24.492033,1.3364729,17.93525946415725,0.8950021578673419,19.217562387105325,1.3613680140340922,3.8979839120159205,4832.698824551645
2010-06-09,364.8192926894687,692.7089166461576,95.78369929734536,6.704788,0.770289,19.072098,1.3866714,14.805702716624904,0.9463786996662296,15.938423524895493,1.4127221571804915,4.188132353859563,4828.510692197786
2010-06-10,356.36172322622235,695.682227120218,95.57918301909766,7.3715677,0.9584345,19.849865,1.2004567,15.623057226424107,0.8576445868667454,16.79484478627648,1.323992813633176,4.244160183264854,4824.266532014521
2010-06-11,213.93507797139378,474.2332109236761,95.24578255691809,7.6187057,0.85371834,22.412716,1.2815922,17.81361163945771,0.9221914477240346,19.090100212217433,1.388556224018968,4.382900549048272,4819.883631465473
2010-06-12,316.9457866268335,592.6866781070154,94.85845018260798,7.5339603,0.68706274,25.32827,1.919373,19.12814883550728,1.273307390322407,20.46746779271756,1.7396847323656162,4.591680110060601,4815.2919513554125
2010-06-13,178.8944569822611,310.6911987820155,94.79407372964413,7.823463,0.87591124,26.080147,3.453394,19.409159800909332,2.214772671817496,20.7619101216779,2.6811529564082677,4.729486469718441,4810.562464885694
2010-06-14,203.4222204101858,388.653208310908,94.55976222697878,7.4676266,0.801123,25.317072,3.1214437,19.184451595316023,2.067398723810282,20.526461631983807,2.533776648182914,5.048967879708295,4805.513497005985
2010-06-15,128.0115449224505,270.244630495358,94.34940221170444,7.771958,0.7219751,25.662899,1.9211804,19.912210999919136,1.32414895425569,21.289005448405874,1.7905347319356515,5.211544922450496,4800.301952083535
2010-06-16,223.8734510392244,375.71159044697583,94.04378167160368,7.3867474,0.6908766,25.747557,2.6595554,18.89198581102642,1.6863753724365047,20.220016982949428,2.152750311376118,5.603050067805678,4794.69890201573
2010-06-17,319.1120497397383,550.2583806079956,93.7532970481201,7.163702,0.6583219,22.430317,1.8640646,16.82653675526992,1.204330553800801,18.05584652271216,1.6706871935437917,5.981133408748723,4788.717768606981
2010-06-18,322.34479044382294,483.939318888982,93.4551755773903,7.5855365,0.69619673,24.544403,1.6999447,17.764407990261667,1.057604780211577,19.038544796784077,1.5239691245306104,6.203065050900932,4782.51470355608
2010-06-19,359.1626126619003,539.2445684037973,93.0878711159589,7.8284917,0.7268438,28.90383,1.6264889,20.47839222536414,1.0185822284208144,21.882248201033452,1.4849745346282346,6.462562963899627,4776.052140592181
2010-06-20,409.53995867810653,606.5531366065557,92.65590096996785,7.658186,0.74545014,31.164684,1.8748028,21.690306010641173,1.1587864552393834,23.152087322526697,1.6251939676484228,6.894083395203671,4769.158057196977
2010-06-21,421.65871023972335,621.552759075212,92.20006294736883,7.671478,0.71926785,31.17795,1.7576113,21.67679984709232,1.0868034970316807,23.137935610528718,1.553210830723036,7.343453571282359,4761.814603625695
2010-06-22,259.13834877604444,393.0758535985135,91.88484344821008,7.4649544,0.66102827,29.131327,1.9665912,20.52282363892969,1.2139746339825739,21.928803284286246,1.680367468029782,7.97419810704073,4753.840405518654
2010-06-23,131.1462082562685,209.1044115825676,91.70278064683484,7.8713975,0.6928313,30.59919,2.0896246,21.838988884178935,1.3116713928871548,23.307876729172587,1.778080886497534,8.339127169059,4745.501278349595
2010-06-24,235.07833763002733,317.14233450115546,91.42795569189718,7.6308937,0.66175747,33.410286,2.5926936,22.436092154905328,1.5154076321375012,23.93351949514428,1.9818253366939838,25.97992137911815,4719.5213569704765
2010-06-25,251.32914073750584,371.2498743378589,91.06137672565391,7.5977364,0.6514293,32.307114,2.2810462,22.332176471967156,1.385397805866096,23.824636997779656,1.8518140521533257,11.497942266725335,4708.023414703751
2010-06-26,271.9926694597015,387.76968772825614,90.67169375450356,7.6851034,0.67026347,31.649105,2.160771,21.769740615675836,1.2996881819236743,23.235318630148406,1.766096749655694,12.557407450988748,4695.466007252762
2010-06-27,275.84327412977404,388.2465178287108,90.28134296787944,7.7277746,0.6804652,32.246178,2.375097,22.06195762275665,1.417026733842238,23.541502611273817,1.8834392458806588,13.883669646009736,4681.582337606753
2010-06-28,291.74550383871184,398.7608497056973,89.87970217835034,7.7024326,0.6610409,32.358204,2.3398218,21.94090595788752,1.379787989511828,23.414665090618353,1.8461988557675475,15.570953394666946,4666.011384212086
2010-06-29,301.6641588508249,404.9276412122358,89.47444222637968,7.3063183,0.6166486,31.18745,2.4659164,20.991915116128062,1.4374600427212185,22.420315730585703,1.903858587223711,18.04652167975247,4647.964862532333
2010-06-30,328.66819944362857,406.8276464418759,88.91878573761427,7.4034767,0.63953435,28.77351,2.0211205,19.223965417883733,1.1539004825550654,20.567864080199005,1.6202788177766958,20.74303547935622,4627.2218270529775
2010-07-01,326.98438261332245,417.6973261484752,88.39517017632049,7.40634,0.64996874,26.472183,1.8384622,18.100508640338443,1.069971237955172,19.390709909031926,1.5363385881512648,24.226982871474036,4602.994844181503
2010-07-02,332.49052893995724,416.4507267379349,87.8948847149679,7.5854387,0.6813101,26.450935,1.7578588,18.075647038447016,1.0231898128166697,19.364660007555223,1.4895569362417014,28.53080326065434,4574.464040920849
2010-07-03,348.0450463557762,420.8405449851921,87.4192559562222,7.9349194,0.7333926,29.729904,2.0869575,19.864149650906977,1.1895355042189206,21.23864693120044,1.6559207445894175,33.86809878447097,4540.595942136378
2010-07-04,355.17792332457793,422.8266683405864,86.95066326121295,8.144418,0.7609325,33.609615,2.4016435,21.9841363963253,1.3506718400404973,23.4599617962376,1.8170832921215185,41.135464268857646,4499.46047786752
2010-07-05,376.0827756277686,431.179788057113,86.4548472708745,8.336987,0.782186,36.72612,2.7297218,23.50035605274529,1.502862300010463,25.048651569296855,1.9692956501762113,51.16943554517568,4448.291042322345
2010-07-06,412.5789587915597,458.0030160074167,85.89495020779289,8.409944,0.788969,38.75975,2.8849492,24.376622704956063,1.5631159453575907,25.9668007721156,2.0295631492270214,65.96253640834608,4382.328505913999
2010-07-07,433.43398185566343,455.4814674334425,85.3465402905352,8.42206,0.7919138,39.505314,2.8957822,24.349160944967032,1.5332225620718998,25.938026433872423,1.9996693184521623,88.0232483692279,4294.305257544771
2010-07-08,464.58598622722457,459.4698618767015,84.78783945188408,8.330707,0.7705933,39.601257,2.845898,23.879415749844487,1.4671492779572275,25.445829024166642,1.9335885133164967,119.21782466219989,4175.087432882571
2010-07-09,487.63517915468594,506.1591529865989,84.28093613621482,8.261484,0.796674,38.248142,2.5290096,23.534283529291695,1.3460864488578872,25.0842006632469,1.8125203190818033,151.39653387484978,4023.6908990077213
2010-07-10,288.00942803236114,332.9347662093152,84.11994196341853,8.064412,0.75087065,34.575665,2.4613178,22.279083423456655,1.364878811136006,23.76900628303986,1.8312943171227123,156.01790319389465,3867.6729958138267
2010-07-11,256.6726772916896,104.46046238713804,83.95444417410435,8.128559,0.7614236,38.330574,4.951957,16.86471787852537,1.5312134682739442,18.095852573143578,1.997570402031895,116.70981016580994,3750.963185648017
2010-07-12,315.83510047188565,297.95964459135087,83.54635882979824,8.193221,0.76071656,37.986206,3.0866609,22.65588517028898,1.5486694379338877,24.163817865338434,2.015090267555511,73.20572639118714,3677.75745925683
2010-07-13,318.4502848685411,359.1866251891963,83.11336843133267,8.067238,0.71053576,35.206158,2.7978928,22.452429806288567,1.5201701758304438,23.950638030416172,1.9865881107793495,53.05239578708252,3624.7050634697475
2010-07-14,215.51495656358605,257.7205507063257,82.77712916307931,8.036077,0.7258146,33.21414,3.0944073,21.747864345128512,1.7173023142395465,23.21239674864921,2.1837105906161356,37.18521697006657,3587.519846499681
2010-07-15,255.09534913943165,308.0598023458049,82.39312542443756,8.241627,0.78008175,35.12452,2.7359226,22.9472341758552,1.5377662974855142,24.469092357443966,2.004191354687726,29.94780080764279,3557.5720456920385
2010-07-16,288.04902929722385,366.25981732470217,81.94120358139129,8.116345,0.78352475,35.53962,2.8905773,23.466960626926348,1.6544047380081237,25.013659956280318,2.1208375775561756,23.27318039715692,3534.2988652948816
2010-07-17,312.11055268592276,402.9892634259662,81.51548263809511,8.399036,0.82361734,35.680466,2.547791,23.773286054005887,1.4801051919118269,25.33462669165317,1.946542762971826,19.237331803027462,3515.0615334918543
2010-07-18,327.0582356045363,467.8946259377652,81.08293138911571,8.485902,0.8482669,34.75238,2.2429307,23.94586775639149,1.365498372905371,25.51545720947177,1.8319386569024352,16.492614655396586,3498.5689188364577
2010-07-19,359.1756413972795,419.2686855545168,80.63783786709273,8.257335,0.7950997,35.134033,2.472954,22.733075182133142,1.3815282091634384,24.244697295887892,1.847950149392063,15.667248298929579,3482.901670537528
2010-07-20,291.18341957395603,395.21904941556807,80.22046564878129,8.39445,0.77099055,32.536762,2.5637512,22.295189258578795,1.5119642983993384,23.785881922025794,1.978380028616535,12.933740476344191,3469.967930061184
2010-07-21,303.94802250846124,491.5286116475494,79.77854097496306,8.595207,0.85249674,29.93937,2.4733427,21.783861485176832,1.5626172231838529,23.25011442894177,2.0290259792728516,11.504671058485025,3458.4632590026986
2010-07-22,287.09677201598026,443.0979066934153,79.34919848697801,9.132403,1.0268115,29.897064,2.0766141,21.732848183268707,1.3232265405056771,23.196662865582688,1.7896346172086983,10.085239714710582,3448.378019287988
2010-07-23,415.28464259774944,456.91311743829647,78.97932540417682,8.894626,0.9578699,32.17048,4.0935616,21.08801013952257,2.1924319314637764,22.521003767614065,2.6588316768199554,9.411119664366245,3438.966899623622
2010-07-24,386.19852219036505,496.350323970216,78.8190096122534,9.281235,1.0637009,30.52376,2.7673483,21.228147664559113,1.6244862132487623,22.66783938731119,2.090887728760789,8.44211253822363,3430.524787085398
2010-07-25,393.1328879849023,498.8598305913125,78.51916671703191,9.185923,1.0798494,32.245132,3.1741433,22.08211926937104,1.8378768257644704,23.562627915677233,2.304289613542059,7.847916071197976,3422.6768710142
2010-07-26,366.9016368694401,499.6005743691777,78.08149546180555,9.23795,1.1091706,30.308613,2.131354,21.386696110125797,1.315567151608163,22.83396590660521,1.7819706969049158,7.31050634155583,3415.366364672644
2010-07-27,369.8556116596362,528.2555142418548,77.57301321603181,9.195189,1.0405133,30.302263,1.9579021,21.610054178473597,1.228744833393956,23.067999727108678,1.6951512869480259,6.851235491533621,3408.5151291811103
2010-07-28,373.6999393479231,527.2321490000785,77.03634743644736,9.061547,0.96516216,31.28393,2.0228548,22.06625058261616,1.2496526193171638,23.546000759939858,1.7160651900289725,6.473291273356669,3402.0418379077537
2010-07-29,371.3567605244984,508.41075380238334,76.5069573509649,8.910946,0.94273424,31.315018,2.3602562,21.858083460595367,1.420836575332072,23.32788396107018,1.8872463252091531,6.159553401016587,3395.882284506737
2010-07-30,338.50006247746285,453.7864956173237,76.03611612511664,8.710514,0.9339971,29.179821,2.7031405,20.434422510249714,1.598837043768208,21.83617688383951,2.065228829842802,5.920267227133343,3389.9620172796035
2010-07-31,347.27639807596785,467.0042431793603,75.55570105533377,8.870178,0.95236075,27.660496,2.06473,19.646755209911383,1.2518795211141647,21.010861779050973,1.7182623640806127,5.55413283715514,3384.4078844424484
2010-08-01,314.30881526817353,409.5550692971464,75.15240403017397,8.496884,0.84546936,27.637043,3.2760258,19.3261979376116,1.8895483019340664,20.674982964905478,2.3559277084135006,5.392178956821498,3379.0157054856268
2010-08-02,303.6338584410784,386.0815680734167,74.83719561740293,8.956842,0.84487695,27.01318,3.7394755,19.064226964419532,2.126031424220151,20.400490674697803,2.5924081095244733,4.977914178990762,3374.037791306636
2010-08-03,335.65286255135493,435.10904806071153,74.36257729540276,9.077392,0.9288235,28.025528,3.4306035,19.773957512575553,1.9784272833502303,21.144143916963174,2.444811522532049,4.69926637857614,3369.3385249280595
2010-08-04,345.5262278898711,451.72532815995214,73.8262156616142,9.172318,0.9514103,29.819382,3.2287862,20.871011742714682,1.875333640007889,22.29363358921067,2.3417306886360545,4.445008076047491,3364.893516852012
2010-08-05,299.21249923675623,632.6935538198288,73.44310690882895,9.1870775,0.9237463,26.383589,2.012838,20.86220485100072,1.3983795157923813,22.284405758177634,1.8647764561104871,4.250962061471169,3360.642554790541
2010-08-06,396.40176451860253,546.8238601650335,72.94195939793703,9.017519,0.9871265,27.492033,3.096657,19.72789920731432,1.8425593751303706,21.095884182152894,2.3089431066240693,4.135639378301205,3356.50691541224
2010-08-07,393.4596989671648,563.7122149000193,72.37029808409265,9.151866,1.0114158,25.733004,2.0915973,18.91708127615167,1.3000857774516725,20.24631192552311,1.7664609687247022,3.940840814318553,3352.566074597921
2010-08-08,374.64405588545736,537.2185666691337,71.80204425500855,9.235202,0.9900277,26.470379,2.0764723,19.38920626212368,1.289192455731046,20.741002871946055,1.7555725284044519,3.764401000627049,3348.801673597294
2010-08-09,376.4903612131577,529.2256967322086,71.05405389707165,9.2487,0.97279805,28.106186,2.2753828,20.267458127173704,1.3896803436874277,21.661232173991657,1.8560701748163757,3.6129595363457847,3345.1887140609483
2010-08-10,361.9627317235299,553.704540828131,70.31203444716962,9.198584,0.9201913,26.554323,2.9201696,19.693609591521234,1.802904423265567,21.059955639938085,2.269287778369272,3.500271760281174,3341.6884423006672
2010-08-11,370.1072913502378,552.3273246629678,69.6305566362206,9.377186,1.0339056,26.439445,2.377379,19.593576311317534,1.482719109942233,20.95514111088731,1.9491013746831483,3.33870494932979,3338.3497373513374
2010-08-12,379.60740909734733,516.9611318439877,68.98871025695705,9.040608,0.95690304,25.158981,2.87098,18.334457036978918,1.7042647858151134,19.63584023931923,2.1706343045520873,3.3061378734783577,3335.043599477859
2010-08-13,375.0235179455732,503.1273267246365,68.36445650206626,9.10478,0.9596844,22.57417,2.9870377,16.821925494095098,1.759782315003071,18.051014859015986,2.226138919349728,3.182574281075601,3331.8610251967834
2010-08-14,383.6936441318415,519.9015191228547,67.722439709482,9.241629,1.0850639,21.640453,2.714255,16.37553999866853,1.6282508603803971,17.58329366280051,2.094604153357287,3.050791467974165,3328.810233728809
2010-08-15,361.196732693251,491.4114652276161,67.13510696329769,9.193269,1.019955,21.476456,2.3376331,16.272838140946828,1.4149153313207212,17.47568300734845,1.8812678946816614,2.965099090553887,3325.8451346382553
2010-08-16,340.182108696032,353.756014003198,66.72026549508155,9.680455,1.1204123,22.749607,4.1451483,16.342851931190495,2.1833298331799873,17.549043217435596,2.6496828926252096,2.781372391317003,3323.0637622469385
2010-08-17,360.9241771762323,322.0651243812964,66.25424830552163,9.786354,1.1130053,24.546799,3.2528636,16.746674568384858,1.6427940515048673,17.97216719628922,2.10915008165696,2.6830145121290676,3320.3807477348096
2010-08-18,371.38516521642737,465.4594933695399,65.70219731645098,9.714426,1.2091571,24.010178,2.1512897,17.665834005806314,1.3113812054526666,18.935259312830066,1.777744692685451,2.623207844947766,3317.7575398898616
2010-08-19,379.9389191070284,496.89416156985305,65.10628071528836,9.852691,1.167447,24.139389,2.0386064,17.948846225492815,1.2611614383869703,19.231798549188706,1.7275274162144119,2.5267090752844097,3315.230830814577
2010-08-20,390.3690276523828,522.0608206996293,64.49871717033868,9.870662,1.2354187,23.721848,1.9037868,17.795831477366605,1.2107449335343292,19.071470219156815,1.6771095534115996,2.457310974990319,3312.7735198395867
2010-08-21,393.14087065804443,527.2906803347731,63.93126662004347,9.8386135,1.1982257,23.800344,1.6136299,17.836916705022553,1.0566261656968006,19.114519180251893,1.5229911475611668,2.3998441587946124,3310.373675680792
2010-08-22,480.16824155678086,473.500560495358,63.76087592710796,10.607871,1.145558,25.320305,4.429261,17.912656157793727,2.2735271910221533,19.19387871996316,2.739892845258572,2.207601556780857,3308.166074124011
2010-08-23,210.23011816948832,2092.938750495358,64.05100290159376,10.821336,1.068367,16.223505,0.9701809,15.73040236903278,0.8870011787889526,16.907320659760835,1.3533500886738847,2.115628169488322,3306.0504459545227
2010-08-24,320.0626252891664,1409.772118495358,64.0469355187128,10.968122,1.4057122,16.46986,1.0032946,15.451901055244095,0.8580301315904348,16.615507935182166,1.324377296417787,2.0424752891664038,3304.0079706653564
2010-08-25,218.78918579403708,1056.549804495358,63.93459582522168,11.16439,1.4996591,17.383509,0.95935196,16.316595486253075,0.8353745984611629,17.521531804183333,1.3017274712087972,1.9692497940370588,3302.0387208713196
2010-08-26,198.40228434663987,927.994627995358,63.8775588902866,10.957678,1.6295497,18.078342,1.0267286,16.824116590226605,0.8932527993748015,18.053310682052693,1.3596094205374194,1.9627943466398745,3300.0759265246797
2010-08-27,182.13154347866993,735.2183739551423,63.75626916741709,10.805835,1.471589,19.335293,1.0844231,17.641845932455116,0.9169157293773497,18.91012469157181,1.383279009718392,1.9464826615920523,3298.1294438630875
2010-08-28,261.8567022469363,692.3383560096438,63.54089484387963,10.659445,1.3089632,21.620928,1.2247062,18.612803040239108,0.9584726997126148,19.927490230057042,1.4248448800540667,1.927500265455562,3296.201943597632
2010-08-29,291.1130395033541,684.9158356146227,63.30558300540009,10.6087885,1.2401342,24.028793,1.3793553,20.026106016916074,1.0362109211309447,21.40834425788463,1.502597982663636,1.8901080302895708,3294.3118355673428
2010-08-30,314.8505479829893,677.0983818230078,62.87572149030651,10.599923,1.222097,25.700531,1.4826472,20.907507372769494,1.0838377984729382,22.33187358562803,1.550235296881527,1.8477594128168409,3292.464076154526
2010-08-31,329.1550443679471,675.3880040304158,62.408590596176325,10.580221,1.1638458,26.626846,1.534498,21.36890578274999,1.0999199135134607,22.815325262394033,1.5663232296216847,0.0,3290.6535470414274
2010-09-01,352.05516659077136,661.7079347680913,61.90016934243753,10.577933,1.1739117,27.584108,1.6195986,21.678279092180233,1.1330335530172504,23.13948555847529,1.5994409062722594,,
2010-09-02,371.8514607752632,648.4168322263533,61.36445277877463,10.5860195,1.1652167,28.167822,1.7570255,21.759881013593077,1.1946821370713512,23.224987772789454,1.6610905734221952,,
2010-09-03,384.5502976699996,641.4335403366856,60.81031929383066,10.585529,1.2216824,27.45072,2.1095543,21.129456486831756,1.3960980022416891,22.56443110864738,1.8624982687917746,,
2010-09-04,389.8413663205744,638.7846613597558,60.2476542896432,10.496324,1.3658704,24.317438,1.8372086,19.079341838530745,1.2528631115592872,20.41632798812392,1.719239951733382,,
2010-09-05,396.4225718320007,637.4906598326866,59.674578498256,10.372687,1.317509,20.720833,1.4876847,16.753151281237027,1.0471785745543762,17.97895347387619,1.5135346538716745,,
2010-09-06,402.7030907481052,636.1361019927018,59.09076419406063,10.346885,1.3302122,19.97547,1.4558662,16.242975753369098,1.0298917510947774,17.44439329972397,1.496244104570545,,
2010-09-07,408.82330272151455,633.472642529106,58.49795375970065,10.471071,1.2532966,21.507946,1.5155051,17.178914882495455,1.0440458283123615,18.425067119874704,1.510405244860882,,
2010-09-08,409.6462271618,634.6193062723488,57.89798277895572,10.58825,1.4204316,22.6405,1.6432171,17.9126227702628,1.1435516679618274,19.193843736622384,1.6099173219004053,,
2010-09-09,407.1667896796503,637.1034570299154,57.2975838457677,10.546037,1.6236393,19.137497,1.3242611,15.787638718819366,1.0264084270633451,16.967292711414547,1.4927577065731543,,
2010-09-10,400.7378007011639,643.3706601643387,56.7035180889802,10.674517,1.9032161,16.845976,1.2154627,14.477316796056762,1.0461955060860642,15.594341879855307,1.5125372626249387,,
2010-09-11,407.25882811957086,639.7464241999166,56.09705451693216,10.886748,1.846782,17.096634,1.1798563,14.681143897609589,1.0177217949564696,15.807911220114269,1.4840645927619098,,
2010-09-12,405.2995650321466,631.2799004752263,55.49799630245224,11.01847,1.7822214,17.097193,1.1497694,14.720429717062597,0.987870872521006,15.849074767445273,1.4542138764827481,,
2010-09-13,408.9657776200688,606.3933694504683,55.095571014443536,11.399985,1.7883599,17.015041,1.2034669,14.753412285832956,1.0175624452848362,15.883633790257585,1.4839056236889843,,
2010-09-14,404.4575389148547,608.7839398202498,54.58172686491468,11.427051,1.9013658,16.918404,1.1961309,14.726409732176196,1.0452384176654388,15.855340606839643,1.5115814531627065,,
2010-09-15,414.61557136508185,616.4936981226566,53.98672343069462,11.483438,1.9119362,16.063353,1.2045357,14.221739721799548,1.0534331299545132,15.326549095095121,1.5197736480007658,,
2010-09-16,417.69504108228017,620.988628665301,53.35327137580852,11.994533,1.7701433,15.463331,1.2100328,14.068392578988412,1.0149257413969455,15.165872483048597,1.4812655522026894,,
2010-09-17,371.05118418228886,626.9730056345073,52.7303218085226,12.434329,1.6438781,14.942322,1.0732116,14.009885783063863,0.9099912606001425,15.104569262274332,1.3763308086593098,,
2010-09-18,356.0821796439089,604.6120688800925,52.23764897170491,12.665018,1.524875,15.975521,1.0312917,14.748480197270908,0.8606410777760747,15.878465964721773,1.326984230015652,,
2010-09-19,360.298605713801,603.9814985427861,51.72845553897557,13.070329,1.4202604,16.887249,1.1093757,15.461075157020385,0.8743275452729726,16.625120527663267,1.3406747661713125,,
2010-09-20,363.5030884953984,598.7123766404716,51.098877351849225,13.1046715,1.5748793,16.202293,1.1293234,15.032082383096881,0.920730133621466,16.175623365584656,1.3870748355550235,,
2010-09-21,371.7304700459695,586.7766316141685,50.52944667996172,13.5680275,1.4359767,15.890038,1.1545768,14.989510162091541,0.8998426333158488,16.131016337941116,1.3661870967532725,,
2010-09-22,374.3373862698728,585.1883192807597,49.953670025515976,14.184357,1.1721678,17.097378,1.1526935,15.96092807722123,0.8386429985808753,17.148864708787983,1.3049934200136457,,
2010-09-23,382.0916055074789,570.337872585996,49.381391047821104,14.421479,1.0969036,18.069181,1.2081851,16.605811787495686,0.8468078486798798,17.824571655988873,1.313162821399672,,
2010-09-24,371.51629685373575,568.1221544370593,48.73910104165443,14.822275,1.2628319,19.655985,1.4254805,17.744822205723302,0.9960537982043325,19.018022878695433,1.4624179713433088,,
2010-09-25,389.3968451198253,566.4756949136131,48.21958335953577,14.488167,1.1230997,20.249252,1.5911978,17.902340541663225,1.048116770310814,19.18307005264379,1.514482332585148,,
2010-09-26,392.1899913878884,568.6203541140447,47.69410372192653,14.5841,1.1785256,18.148573,1.2883959,16.693602436273878,0.9015586362222574,17.916558397681342,1.3679142653069754,,
2010-09-27,382.9229030522831,564.4315835022056,47.067484134463896,14.7470045,1.115577,17.322191,1.5108852,16.281294728880354,1.0068044562008915,17.484543791277797,1.4731570791835122,,
2010-09-28,278.2975968512008,463.23253532777727,46.69017771100472,14.908143,1.0514796,17.419584,1.4063287,16.47703584796761,0.9630905192270636,17.68964066674988,1.4294445451029876,,
2010-09-29,251.9602068374517,493.7933839994024,46.29659122879192,14.84259,1.0389532,16.8511,1.1198531,16.172505806825118,0.8203884675459205,17.37055513062465,1.2867403297727877,,
2010-09-30,2329.2913420988,584.249360495358,46.95242953590515,14.733445,2.343597,26.264553,14.792148,17.045766533725185,3.508444598110298,18.285554735178078,3.974802948734359,,
2010-10-01,38.7789474072,5895.012530495358,59.21030887195422,15.281503,0.964961,15.135555,0.9702991,15.136509073809233,0.9639785863369658,16.28504129514827,1.4303238820629802,,
2010-10-02,38.7789474072,2646.044130495358,64.96971015157695,14.251732,1.1247871,13.401819,0.87763053,13.414095165656638,0.8651068096307989,14.480301889963382,1.331443904995164,,
2010-10-03,38.7789474072,3175.214490495358,67.07995678125194,14.046476,1.10992,12.796551,0.85911083,12.811631926398018,0.8488507510722904,13.849042967285758,1.315185779105292,,
2010-10-04,38.7789474072,2920.6499104953577,68.53547551124039,13.679664,1.248138,11.63101,0.79256105,11.657854637427668,0.7823466821113902,12.640119067892982,1.248678909796498,,
2010-10-05,974.7034474072,6100.230310495359,70.45822530274073,14.42269,1.1326114,11.641729,0.9510785,12.024858356812866,0.8347631613911768,13.024664310525338,1.301096114705957,,
2010-10-06,630.2025974072,4250.944746495358,71.44785745234962,14.331069,1.1291604,12.1757555,0.9392,12.45402699416874,0.8308307453150231,13.474345741707227,1.2971647425777344,,
2010-10-07,173.80074740720002,3725.7953450953582,72.36338354135246,13.863962,1.113424,12.250426,0.89114964,12.322339827934735,0.8528769628186513,13.336364379077295,1.3192106173506986,,
2010-10-08,38.7789474072,2413.373630495358,72.99606755172991,13.798188,1.0774695,12.399313,0.83785087,12.421435132024614,0.8247769080666008,13.44019609996232,1.291110818658328,,
2010-10-09,38.7789474072,1913.778930495358,73.3785933272531,13.490909,1.2020489,12.142181,0.8039023,12.168967912144478,0.7882979362011237,13.17566180998793,1.2546312165681033,,
2010-10-10,38.7789474072,1552.2929304953582,73.60333063882646,13.566392,1.2048281,11.548542,0.7678925,11.597722765005045,0.7497520363072517,12.577113097519081,1.2160841597898018,,
2010-10-11,60.223157407200006,1277.6073304953582,73.72200746973108,13.788708,1.12972,11.781622,0.7260103,11.871971977452,0.6951911417070062,12.864470484846967,1.1615237740180844,,
2010-10-12,205.5783274072,1102.771830495358,73.75157775936087,13.535696,1.2686393,11.749643,0.7853692,12.03028205642556,0.6913281314027298,13.03034724443953,1.1576610965962655,,
2010-10-13,144.9628374072,926.780430495358,73.73819945285433,13.54082,1.2641268,11.005932,0.7676269,11.348798104752834,0.685466358161414,12.316290689413197,1.151798094278429,,
2010-10-14,143.5778474072,817.5260304953581,73.66862273790295,13.391272,1.3379022,10.270381,0.7474443,10.736606079278273,0.6664601277406124,11.674837977794702,1.1327912126723876,,
2010-10-15,81.0666514072,1520.0247304953582,73.94158320517118,13.235433,1.23493,9.650449,0.6838554,9.831964131351128,0.6522343923784919,10.72695723712044,1.118565299788633,,
2010-10-16,38.7789474072,1110.0166304953582,75.20966906428896,13.145028,1.2571719,9.657622,0.7172428,9.775343825667276,0.694329495503095,10.66763067437173,1.1606604229286037,,
2010-10-17,38.7789474072,1145.2005304953582,75.83175513239316,13.297803,1.2042723,9.627281,0.707392,9.747501996858498,0.6853586895453128,10.638458101318424,1.1516896281577957,,
2010-10-18,38.7789474072,1090.5909304953582,76.28153141993307,12.997101,1.2049719,9.369423,0.71403927,9.49398576301961,0.6907616668482458,10.37282465810393,1.1570927481168964,,
2010-10-19,38.7789474072,950.959400495358,76.59880625501742,12.8671255,1.1760746,8.443557,0.68715143,8.616876672930653,0.6618342307461546,9.453792751756152,1.1281663727038909,,
2010-10-20,38.7789474072,862.559680495358,76.80295825833582,12.919692,1.2029415,8.333147,0.6871868,8.530477310255847,0.6596548654546539,9.363263794886937,1.125987159502781,,
2010-10-21,38.7789474072,830.476790495358,76.92549176635643,12.792683,1.1715698,8.148928,0.67562497,8.356093337876521,0.647596758589329,9.180544864729669,1.1139293856160255,,
2010-10-22,38.7789474072,821.344430495358,77.02121956904787,12.435372,1.1812826,7.3911424,0.668367,7.618563148051007,0.6404517543775605,8.407763252951325,1.106786174312937,,
2010-10-23,82.29554029349543,738.2089970158305,77.00302191417788,12.848878,1.1318192,7.2606463,0.65185153,7.821138717005398,0.5973573593042317,8.620021241631795,1.0636912248120178,,
2010-10-24,145.9333641396097,682.3331591368612,76.84230591673096,12.973624,1.101202,8.55306,0.67357296,9.33192465682561,0.5878378842193684,10.203017585012034,1.054169095197549,,
2010-10-25,157.8416860365588,675.5973512257368,77.1287142066959,12.985125,1.1794249,10.361813,0.6769429,10.85863115896867,0.592458874740327,11.802695439172433,1.058790055263361,,
2010-10-26,38.7789474072,1150.718830495358,77.70493095131343,12.985966,1.2838935,12.023716,0.6722713,12.055086382638239,0.6517000413173785,13.056337132655827,1.1180330612650804,,
2010-10-27,38.7789474072,2437.034330495358,78.8012247817221,12.595077,1.4101448,12.825424,0.79789686,12.82181623292817,0.7857098316761287,13.85971404885474,1.2520448912067175,,
2010-10-28,38.7789474072,1765.781430495358,79.15512140364031,12.564415,1.4200307,12.1656065,0.79167867,12.174176659758066,0.775266762006966,13.181119517932235,1.2416000546398251,,
2010-10-29,38.7789474072,1489.1299304953582,79.38161336516143,11.915896,1.3982836,10.118873,0.7464003,10.16448183518427,0.7283215104766614,11.075368150541898,1.1946523743410606,,
2010-10-30,38.7789474072,1199.912230495358,79.57015617307754,11.908976,1.4034709,8.476958,0.70420676,8.584402343042939,0.6835741217951012,9.41976625990775,1.1499063199165267,,
2010-10-31,38.7789474072,1021.877790495358,79.68012698517337,11.568734,1.3800932,7.267326,0.66787195,7.4245907876352595,0.6454290651381563,8.20451967676905,1.1117640599434235,,
2010-11-01,38.7789474072,853.7996304953581,80.20935893374923,11.067676,1.3652866,6.0789375,0.64102703,6.295678124171017,0.6160392992858347,7.021648846986103,1.0823784938583483,,
2010-11-02,38.7789474072,727.5651304953581,80.68070605569395,11.195281,1.4219517,5.019899,0.6523129,5.332388836927635,0.6234702103695393,6.012317624652185,1.0898141410821562,,
2010-11-03,86.7830547049656,667.4026417184662,80.53851334919231,11.210191,1.4276844,4.7187834,0.74674916,5.465740216542675,0.6809360468155385,6.152042744373937,1.1472792585999434,,
2010-11-04,163.1219874072,964.500530495358,80.69050383691632,10.962539,1.1950519,5.014077,0.7228905,5.874582233093007,0.6420297833394494,6.580426011758857,1.108370917723625,,
2010-11-05,38.7789474072,1525.940130495358,81.17658608703451,10.392362,1.1664593,6.574033,0.62373364,6.668663683096896,0.6089620156037294,7.4124618406412885,1.075299661362239,,
2010-11-06,38.7789474072,1115.334830495358,81.4470189174444,10.063745,1.1440482,6.006351,0.63714784,6.142681964359467,0.6169380383430105,6.861339993726769,1.0832779142479751,,
2010-11-07,38.7789474072,922.391280495358,81.6509669059082,10.045808,1.1389033,5.179154,0.6469389,5.375501778219207,0.6225359036353393,6.057491217163278,1.0888795996913696,,
2010-11-08,38.7789474072,859.6317304953579,81.86724400154326,9.9398155,1.0671196,4.9657907,0.6528133,5.180489271003329,0.6263313050543059,5.853157778719388,1.0926760794703045,,
2010-11-09,38.7789474072,890.3901304953581,82.17332036603877,9.848294,1.036703,5.5368257,0.62762916,5.716765151339158,0.6029892965917916,6.41506581296788,1.0693312102187478,,
2010-11-10,38.7789474072,657.3154804953581,82.59555416221028,10.0177555,1.1144048,6.0074487,0.72091043,6.230860141023665,0.6835740416303533,6.953732785813498,1.149913521586055,,
2010-11-11,115.33264500441123,576.5260599900573,82.88026645840478,9.962896,1.1675335,5.4269633,0.8874218,6.18310204480899,0.7646722154928876,6.903692015852648,1.2310119087943783,,
2010-11-12,126.78807191626754,579.182405591993,83.05458688960235,9.982314,1.1851926,4.780894,0.96967864,5.715037754807093,0.823513726337003,6.413255852786392,1.2898556486508086,,
2010-11-13,169.98585000481225,557.4998382406446,83.14937106240397,9.972972,1.177438,4.363944,1.1555678,5.674561409182452,0.9273083221036625,6.3708448762023595,1.3936504489445363,,
2010-11-14,212.87343976039315,535.0634061769947,83.16757938384136,9.8759775,1.1485108,4.186775,1.281463,5.8060029157336785,0.9732755330378776,6.508568837456422,1.4396170025418846,,
2010-11-15,238.6964691479143,527.7553080640484,83.12015908522909,9.597031,1.0262433,4.350832,1.2136152,5.984658316668577,0.8946906166637302,6.695763355853072,1.361031224395754,,
2010-11-16,190.8438100074143,561.9966372160363,83.09529053075528,9.858173,0.9990476,5.9057117,0.96325225,6.907654169003794,0.7623646481519116,7.66287525482643,1.2287013851466777,,
2010-11-17,260.8550274072,2014.3291304953584,83.77083804718002,9.3859825,1.0513548,8.055941,0.66465193,8.208432948841436,0.6006671914313098,9.025826813850495,1.0670001276039307,,
2010-11-18,38.7789474072,1454.994830495358,84.42521173347146,9.106614,1.002328,7.0101914,0.6525156,7.064615387336407,0.6361084663358779,7.827338682850258,1.102444642025052,,
2010-11-19,54.9368420988,1258.218630495358,84.97784043896255,8.641363,0.96401614,5.35644,0.6529415,5.493867282981873,0.6269237993297835,6.181514188441363,1.0932668620719146,,
2010-11-20,54.9368420988,1068.830590495358,85.47662898920201,8.877568,0.9891313,4.449948,0.67214704,4.666397854128562,0.6411143902347665,5.314494549451602,1.1074622158797935,,
2010-11-21,387.7894737036,917.601830495358,85.55888303008442,8.681346,1.03228,2.4778194,1.1920221,4.320686227287964,0.8922629810737969,4.952259088604102,1.3586130285546938,,
2010-11-22,387.7894737036,826.149630495358,85.58462944296264,9.095655,1.0341136,2.6832182,1.2425034,4.731653486423574,0.9078263140952041,5.382869177905096,1.374173735687401,,
2010-11-23,387.7894737036,818.520130495358,85.3487393396041,8.966592,1.038361,4.3602867,1.1671708,5.8410646430438415,0.8594345339032864,6.545306395479492,1.325775831402555,,
2010-11-24,387.7894737036,709.744530495358,85.2115308167877,8.3760805,1.0002804,3.7012882,1.2249993,5.353023144256736,0.8674378401795213,6.033938181336767,1.3337816583177888,,
2010-11-25,387.7894737036,649.652370495358,85.06109243331525,8.30988,0.96789986,1.9012645,1.1531779,4.2967662591749525,0.8076899544347693,4.927195827781609,1.2740401607014546,,
2010-11-26,489.9222937036,1493.616930495358,85.18355234544481,8.1311,1.018369,2.7185693,0.78263336,4.055431835725894,0.6407611781874158,4.6743264438521415,1.107113023087701,,
2010-11-27,389.6448250036,1148.108730495358,85.27266735943857,7.8745823,0.9641204,2.2929316,0.6764007,3.7072422670772287,0.5609948781227009,4.3094946040485675,1.0273492045645065,,
2010-11-28,387.7894737036,949.142290495358,85.21669803291826,7.7196617,0.97108006,0.85254824,1.049991,2.844418275752496,0.7968728635102393,3.405430575354778,1.263233936752226,,
2010-11-29,387.7894737036,857.570030495358,85.06245481117207,7.8189573,0.9887455,-0.3839352,1.5190502,2.170343588284916,1.0904059604143534,2.6991374220352946,1.556772896898045,,
2010-11-30,402.0137677036,866.214330495358,85.10684734261068,8.434138,0.92906445,1.0713538,0.9558369,3.4052720715707774,0.7161995649677373,3.9930912654303823,1.1825561558078794,,
2010-12-01,2120.1642737036,3459.479930495358,86.4148148434493,8.774816,0.9790284,4.2025623,2.9454842,5.939936183950558,1.86375818815397,6.648903658066095,2.3300990081848534,,
2010-12-02,401.8366157036,3939.123130495358,88.62485172777801,7.599899,1.0161839,4.055694,0.60964453,4.383776211821529,0.5611510532390329,5.018364558736048,1.0275006850542965,,
2010-12-03,387.7894737036,3321.898530495358,89.9245648921485,7.422165,0.9003331,3.740726,0.6152251,4.125562471129328,0.558894324748537,4.747809083898275,1.0252456866041224,,
2010-12-04,387.7894737036,2369.726430495358,90.93709592485752,7.1803846,0.8582993,2.8687544,0.50961834,3.4750989677353896,0.4542795924954688,4.066255648540359,0.9206356504525643,,
2010-12-05,387.7894737036,2040.650330495358,91.73372340479752,7.010826,0.8299574,2.1831856,0.44713616,2.954095434189796,0.3984236757341106,3.52034992705277,0.8647838441307616,,
2010-12-06,1811.5666541828125,3109.044115029758,90.90556550283657,7.142601,0.7481404,-0.43659818,1.9108888,2.353751466090008,1.238396539731052,2.891311569451004,1.7047618294404385,,
2010-12-07,387.7894737036,1537.9894304953582,91.12234217228632,6.807894,0.78414947,0.665384,0.6413696,1.9022865310937533,0.5360046172544924,2.418268153817605,1.0023740297496466,,
2010-12-08,387.7894737036,1240.861830495358,91.14071962507116,6.3763256,0.7902744,-0.2564546,0.67254966,1.3228413212949304,0.5458696932317642,1.8111274437247589,1.0122447387667832,,
2010-12-09,1485.6227938864638,1982.636186194431,89.80976209049174,6.1696863,0.7763709,-2.936904,1.6773626,0.9638883917935889,1.014899275413427,1.435017791212459,1.4812780030684356,,
2010-12-10,387.7894737036,928.140960495358,89.58252004849928,5.8810797,0.78151906,-1.6161853,0.82841647,0.5931719394651361,0.6280422087178852,1.0465823596935033,1.0944248938111665,,
2010-12-11,388.2513814736,801.133630495358,89.38784406423895,6.20436,0.7012593,-1.2382234,0.9483994,1.1912617827369145,0.6785889537874685,1.6732588530058212,1.1449653319538042,,
2010-12-12,621.0903937036,1707.346230495358,89.38697379249253,6.5338383,0.7401576,1.2367313,0.84992766,2.64968890636909,0.6537415724740512,3.201393807763894,1.1201042861421158,,
2010-12-13,387.7894737036,3064.948930495358,90.32965904344368,5.818488,0.7158096,2.8804026,0.5376795,3.210389525521526,0.4840143287713649,3.788893999852634,0.9503724363523774,,
2010-12-14,649.9058889909411,1976.320730495358,90.4529008850003,5.4277287,0.73049974,-0.15850043,0.57389265,1.2239100388682518,0.46818131176003197,1.707467584177756,0.9345573574197492,,
2010-12-15,653.9672621446517,1728.3793404480984,90.40752100016984,5.373901,0.71720743,-1.3890306,0.6544862,0.46743135558287613,0.5140238726888973,0.9148318057243547,0.9804079357649185,,
2010-12-16,639.0466447331403,1612.3256692137363,90.33842787098774,5.2308793,0.73046106,-1.5979518,0.708705,0.3403955927690297,0.5482584826794539,0.7817241676980375,1.0146439562900191,,
2010-12-17,802.115517781416,1560.5047798390594,89.98680331843325,5.234247,0.6953141,-2.1634364,1.2706908,0.3480957337545125,0.8718539120393364,0.7897923491010113,1.3382392996264865,,
2010-12-18,737.0385521524868,1375.558289090979,89.63862078090408,5.124037,0.69183177,-2.071457,1.5404003,0.43889251185005346,1.0316215237336137,0.8849289028162601,1.4980059020820842,,
2010-12-19,668.4504864533885,1158.6279381725703,89.23865391429891,4.986615,0.6795022,-2.314681,1.7340264,0.3565535001357932,1.1273712724029323,0.7986543678038891,1.5937565655808552,,
2010-12-20,559.2070960789632,1029.7664812800251,88.92477090452658,5.024592,0.6199099,-1.6980275,1.2644042,0.6678623723636617,0.8479678279238088,1.1248427399681062,1.3143497030480598,,
2010-12-21,387.7894737036,871.261030495358,88.7558848133889,5.1011415,0.6403357,-0.6493044,0.7717139,1.1218416915430094,0.5692802429878758,1.600520718753558,1.035657332215083,,
2010-12-22,387.7894737036,821.036530495358,88.543662101302,5.1425123,0.6659941,-0.5494778,0.77942604,1.276503634080142,0.5708741390331826,1.762574973458563,1.0372496516158352,,
2010-12-23,387.7894737036,787.9321604953581,88.29502781567852,5.09005,0.66633725,-0.53824365,0.8306196,1.318142294856819,0.5984713797871067,1.806203819885724,1.0648464725727713,,
2010-12-24,387.7894737036,744.886630495358,88.00657309118355,5.010206,0.6599819,-0.9006878,0.9420427,1.122999698456198,0.6594393344833335,1.6017340744387483,1.1258164118040346,,
2010-12-25,387.7894737036,719.9070304953581,87.68888967285369,4.882229,0.6527769,-1.1757998,1.0359529,0.9450335689667886,0.7110070362265181,1.4152617723065253,1.1773859613659234,,
2010-12-26,387.7894737036,687.838200495358,87.3452738302814,4.551323,0.63272786,-1.6814679,1.4264411,0.5656021064119852,0.9402654037389929,1.0176947828631713,1.4066483894209239,,
2010-12-27,387.7894737036,480.071800495358,86.9368742212521,4.404538,0.64106196,-2.425902,1.8533494,0.6261674082880025,1.0644762642641845,1.081154899136735,1.5308585907566128,,
2010-12-28,387.7894737036,489.915490495358,86.32484425897944,4.493128,0.6200668,-2.4675827,1.9499714,0.6078132235503895,1.1223794061356338,1.0619234471093058,1.5887619319511017,,
2010-12-29,387.7894737036,470.270430495358,85.6888945195462,4.203227,0.64410037,-1.9683801,3.3363173,0.8208007919846904,1.8515358664697248,1.285091093253186,2.3179161029793702,,
2010-12-30,387.7894737036,460.479730495358,85.0463124812624,4.1390824,0.65335554,-2.021268,4.696046,0.7949595491955348,2.5666689557676836,1.2580147273925784,3.0330494672681945,,
2010-12-31,387.7894737036,468.829430495358,84.40532944559159,4.951468,0.7615128,-2.154117,2.1878824,1.0625654711814865,1.2460689796896374,1.5384112976843767,1.712446680436818,,
2011-01-01,121.81181696450412,552.5547411737859,84.10464419700514,4.7988715,0.58250874,1.8096331,0.72241026,2.3495836333141376,0.6011993724960757,2.8869445285154707,1.0675646992002799,,
2011-01-02,60.94713883816572,657.0360739066502,84.32592955252146,4.7792373,0.7214303,2.1396666,0.5886327,2.3637306856444638,0.5421356083625063,2.9017677615879074,1.0085008095743448,,
2011-01-03,102.21567426960692,519.6656904390629,84.47998940611862,4.672997,0.71224266,0.77830416,0.83880484,1.4184562483202674,0.7106434068118074,1.9113124374186297,1.1770174963831077,,
2011-01-04,181.5924625504814,542.7250249202771,84.40790364813434,4.677669,0.7047993,-0.7415743,1.0716645,0.6170754200924947,0.8222008301347353,1.0716283449848887,1.2885832553163241,,
2011-01-05,182.7484483053755,546.608304764941,84.35878434469075,4.5827274,0.69676954,-1.1977617,0.7730815,0.25060419171936393,0.6051094409776319,0.6876410446147472,1.0714959227123761,,
2011-01-06,236.8134602848432,525.8514352946145,84.27610147396688,4.4572477,0.6859272,-1.5157825,0.69440174,0.3388904752648523,0.5240205849966352,0.7801471107221473,0.9904060754297938,,
2011-01-07,272.6111947243004,531.0713109611654,84.19012291312728,4.430744,0.69074845,-1.6695403,0.6710284,0.39969205664912033,0.5015117309040572,0.8438547998567749,0.9678965438233134,,
2011-01-08,270.27039821062505,512.1713056711765,84.03263175721317,4.2649045,0.6777058,-1.5589048,0.569919,0.4527508510628157,0.44042210617350547,0.8994496232710296,0.9068063313107273,,
2011-01-09,232.7514885790337,510.51440473079975,83.89399069495799,4.1786175,0.66552895,-1.2524682,0.42615247,0.44825999556120505,0.3593184488904991,0.8947441202276636,0.8257027236524468,,
2011-01-10,240.5077394288392,521.0169790992362,83.72809524310007,4.1139355,0.66153705,-1.2567371,0.38829184,0.439449879835535,0.3379743325826016,0.8855129110861805,0.8043587047648368,,
2011-01-11,259.95563131208104,512.5502607894265,83.52501425113428,4.1286526,0.67274684,-1.4127687,0.41165608,0.4519726164880114,0.35475404892558343,0.8986341917438114,0.8211382826607794,,
2011-01-12,281.88376922387846,497.8602400797606,83.26564789430644,4.0031934,0.6393873,-1.537135,0.45676047,0.46573853917841185,0.37212907467419437,0.9130580784823604,0.8385131564250056,,
2011-01-13,224.9695120429281,493.04518498464665,83.02366090366682,3.8212056,0.626845,-1.1589056,0.32572448,0.4014707855045419,0.29766074796902475,0.8457185458712051,0.764045541131487,,
2011-01-14,222.4971898357861,488.5964714819014,82.77182745765327,3.6158247,0.5955993,-1.0658884,0.28181618,0.39899317964481495,0.2687478416825081,0.8431225189206553,0.7351326623653587,,
2011-01-15,213.6030514406408,486.4633042659199,82.50222995562628,3.7634802,0.56594706,-1.1331755,0.3142828,0.3608837298270603,0.27841080575727933,0.8031915676722491,0.7447960506309725,,
2011-01-16,226.50257408732944,480.9163957507722,82.22068631708238,3.6634703,0.55407953,-1.2568661,0.35801822,0.31853532620897607,0.3011815545713174,0.7588190551219963,0.7675672727669377,,
2011-01-17,250.49978963510904,486.3959394198385,81.916344971592,3.26516,0.5248725,-1.2376567,0.3170221,0.29302750202550704,0.27499556923334,0.7320920441366925,0.7413815735157034,,
2011-01-18,216.5545555492129,453.8643489360275,81.70528280487477,3.5560284,0.48426515,-1.2540978,0.31503612,0.29963930122387594,0.2644897703113859,0.7390198647354385,0.730875700366721,,
2011-01-19,353.79037249893224,278.19750331373444,81.63026429860713,3.6189055,0.4368571,-2.797955,1.4784778,0.794239659201449,0.695248686997568,1.257260429117596,1.1616292061697555,,
2011-01-20,128.9958827134743,430.4747384431501,81.63695159005144,3.5904465,0.43934083,-1.2008672,0.524922,-0.09614476519542911,0.4164011753690354,0.3243186728614397,0.8827916367291608,,
2011-01-21,54.9368420988,457.549630495358,81.64784727006871,3.043881,0.4011581,-0.4317448,0.23414639,-0.05916931501333477,0.21342388414795363,0.3630614231679848,0.6798139145941765,,
2011-01-22,168.2676111063305,513.3607408526553,81.47760120464953,2.51442,0.39250427,-0.6650312,0.21474122,0.11985203543471407,0.18853391125631158,0.5506393822135778,0.6549218774835135,,
2011-01-23,184.99395204475644,508.9793900889729,81.28089899404914,2.3027048,0.39488778,-0.6194354,0.21175818,0.15952571883118388,0.18762180602545853,0.5922093320586967,0.6540093197524222,,
2011-01-24,191.51011143453724,503.5938029786565,81.05675041431152,2.3115222,0.38940635,-0.66491497,0.21380448,0.15513195130477292,0.18842494443474872,0.5876055574638662,0.6548125081864369,,
2011-01-25,129.39490967061602,506.0751506713184,80.88880747905034,2.9945521,0.34422767,-0.5780524,0.23497334,0.14940412269787176,0.1998242269228411,0.5816039582291578,0.6662118559211926,,
2011-01-26,166.03473192839738,531.6573851731339,80.69192700746963,3.1681023,0.3407892,-0.90372026,0.35456783,0.0652801699968779,0.28209786371874734,0.49345916815240287,0.7484864553084051,,
2011-01-27,90.01117106087932,498.5402204612525,80.57411762352477,3.2344952,0.3357132,-0.43818295,0.3059154,0.1235047167518977,0.26416713914443013,0.5544666492116563,0.7305550636355693,,
2011-01-28,138.15333329536077,503.0396039218722,80.37798347235476,3.269256,0.33460093,-0.79673755,0.33900777,0.07933351148142959,0.2755621286777664,0.5081842113209715,0.7419505588986199,,
2011-01-29,150.0204813364949,507.1612833000174,80.16008012782933,3.2637386,0.3312515,-0.8062601,0.35713008,0.12283318463130742,0.28579033476544324,0.5537630201512196,0.7521782669284607,,
2011-01-30,170.1443839099224,499.3254539527508,79.90245672836824,3.118804,0.33247212,-0.8916782,0.35947075,0.12757759575502087,0.281111727555106,0.5587341979086884,0.7474996055269314,,
2011-01-31,209.59348144596072,514.1665255461605,79.59431511831568,2.836934,0.34305254,-0.8972113,0.30939314,0.18415893056230298,0.2412045507321932,0.6180199271061414,0.7075917844093838,,
2011-02-01,208.3784481039687,509.4139671397628,79.28343888414312,3.0026522,0.3411807,-0.9587444,0.31251904,0.19126728621692934,0.24290421316751848,0.6254680378623607,0.7092913661603062,,
2011-02-02,121.51717408917165,494.5967082894784,79.07662800278104,3.188198,0.3425774,-0.605404,0.29353005,0.14281448550769393,0.24513247657398338,0.5746993589068373,0.7115201806824074,,
2011-02-03,118.4952530166029,523.6937462711616,78.88166285020446,2.8786545,0.34126425,-0.4465978,0.2666095,0.16697017309262308,0.22635050216944613,0.6000096057862389,0.6927379311888311,,
2011-02-04,143.65159840532567,586.4877199890458,78.65334922661023,2.9681835,0.33389857,-0.51767874,0.24043712,0.1681488464247814,0.2039990776939202,0.6012446156745811,0.6703864933074457,,
2011-02-05,84.96788423476613,609.786551521813,78.54788932733217,3.2128077,0.338635,-0.38887477,0.26192337,0.05160796763691095,0.23359101308251692,0.47913348125571525,0.6999797618812186,,
2011-02-06,94.0163740019192,569.5599239319153,78.68028566654193,3.4967647,0.31975254,-0.4721973,0.30391005,0.09013052343923764,0.2647563980054235,0.5194972835426238,0.7311447044019669,,
2011-02-07,112.88406127049689,540.1953870596166,78.66754006503218,3.502451,0.32990566,-0.71690977,0.42829302,0.012402071798066506,0.3588230996303753,0.43805367761442443,0.8252123004210091,,
2011-02-08,54.9368420988,538.985800495358,78.63143015794077,3.0796704,0.3380999,-0.2418282,0.27651134,0.06540481472884027,0.2528757987692742,0.49358977047647634,0.7192643889266946,,
2011-02-09,54.9368420988,527.320910495358,78.49026613788963,2.7888632,0.3405786,-0.30698895,0.25626954,-0.014890928828593018,0.23430415752656528,0.40945616485426595,0.7006936740068285,,
2011-02-10,95.32758317502848,536.4913554877007,78.28279833549671,2.6844215,0.34435934,-0.37819624,0.252706,0.08388543167586553,0.2207787654053689,0.5129536977407407,0.6871671434067894,,
2011-02-11,145.84327473295946,552.0774206172971,78.013873266324,2.9170575,0.32739115,-0.5103725,0.24269307,0.20585157783027178,0.20380393834253674,0.640749408760914,0.6701909259751104,,
2011-02-12,143.29382022616943,536.7874235049735,77.83165545352337,3.2138662,0.31280866,-0.52122855,0.28674737,0.26575977590051747,0.23573079073788086,0.703521013912987,0.7021171016681225,,
2011-02-13,141.68755231166912,547.3778883853619,77.64179973885703,3.4104571,0.3099925,-0.8252542,0.4069246,0.045704543203147895,0.3294762528301638,0.4729478933138652,0.7958650695751215,,
2011-02-14,52.276763978089285,581.8143291905704,77.54859896354118,3.6989746,0.313812,-0.3982737,0.36622992,-0.060481730688736045,0.33703107561510914,0.3616862785095679,0.8034211213295386,,
2011-02-15,38.7789474072,668.4721050953581,77.48174312717087,3.2352624,0.3233517,-0.0693326,0.3069951,0.11186008293743066,0.2907035394345505,0.5422654417060472,0.7570915970321546,,
2011-02-16,38.7789474072,605.395476495358,77.43851823123944,3.537589,0.3115317,-0.29224813,0.27629587,-0.061694028403435706,0.2603393814332222,0.360416037108138,0.726729441252869,,
2011-02-17,64.40001094659364,574.807974974043,77.47199769942567,4.0555687,0.30895403,-0.1686095,0.8876872,0.25697517358699323,0.7988596548428749,0.6943165376375372,1.265246064744209,,
2011-02-18,38.7789474072,965.453565495358,77.8680209121672,4.4500265,0.3454829,1.0908307,2.019673,1.2205477329849206,1.941728278050238,1.7039445715666692,2.4081043578971095,,
2011-02-19,38.7789474072,1605.993020495358,79.07488216043637,3.4588618,0.33064237,1.9824402,1.0696188,2.017249967641146,1.0444294225562663,2.5387264496491144,1.5107977630847653,,
2011-02-20,38.7789474072,1437.327800495358,79.77010714956242,3.3270807,0.32449138,0.18415242,0.3187722,0.26672060682784415,0.3105147380262946,0.7045277692742038,0.7769010381367565,,
2011-02-21,38.7789474072,1288.158430495358,80.33381870229887,3.0985942,0.33985263,-0.09611583,0.2781129,-0.0027523472903445713,0.27016783068185646,0.4221749290963775,0.73655720665377,,
2011-02-22,38.7789474072,1065.562330495358,80.8371617074909,3.2076306,0.31588855,-0.098947525,0.26990062,0.017162977321452725,0.26065918824564616,0.44304213814748716,0.7270483340556109,,
2011-02-23,38.7789474072,966.116560495358,81.2281081609588,3.401866,0.31276748,-0.083159745,0.27830946,0.05132750037377231,0.26784158570609995,0.47883960861612795,0.7342303377319757,,
2011-02-24,38.7789474072,861.2033304953579,81.69705307558836,3.5254092,0.30732313,-0.05520308,0.2971111,0.09908037578329568,0.28461721818319874,0.528874908235188,0.7510054220404065,,
2011-02-25,38.7789474072,991.109180495358,82.33053972616197,3.6250162,0.37729228,-0.1396048,0.31826118,0.002146550905457146,0.3066068065041398,0.4273079778798928,0.7729961258172988,,
2011-02-26,270.6705674072,884.991200495358,82.93385999220058,3.5863214,0.33375022,-1.0809375,0.39295483,0.012193408273920299,0.31090684880463715,0.43783504068710466,0.777296052005586,,
2011-02-27,132.8844274072,852.4172304953581,83.52342935959761,3.8714957,0.31988466,-0.39501965,0.55610234,0.18039139038814175,0.4830330812995995,0.6140723113903471,0.9494203577642161,,
2011-02-28,136.2645434072,1835.199700495358,84.15704995383038,4.0129128,0.36780256,0.47897968,0.615312,0.7232396366095407,0.5733464414680642,1.1828668481472302,1.039727720179851,,
2011-03-01,38.7789474072,2122.289630495358,85.10959111723822,4.0080543,0.34541696,0.53318685,0.41948265,0.5955410519913995,0.4120019415069289,1.049064707700116,0.8783846008107765,,
2011-03-02,52.3067489072,1717.820830495358,85.57457002394405,3.8551602,0.3430343,0.5084267,0.39762753,0.6073217159372829,0.3860108692583164,1.0614084471124274,0.8523934004167613,,
2011-03-03,38.7789474072,1340.316230495358,85.82541422765648,3.7267132,0.34568864,0.1973136,0.31608397,0.2965572286764774,0.3073497151621823,0.7357904796558121,0.7737356798120292,,
2011-03-04,38.7789474072,1235.9903304953582,86.02992662804907,4.0048656,0.34232828,0.12884718,0.31239143,0.24675708031138635,0.3030673349389246,0.6836100544321608,0.7694538600726792,,
2011-03-05,38.7789474072,1599.167330495358,86.35860294944557,4.2848716,0.34626323,0.9628275,0.6882654,1.0414780517417532,0.6720204569963681,1.5163159716791614,1.1383983762596577,,
2011-03-06,38.7789474072,9261.524960495355,92.02525725161456,4.5089564,0.45728168,1.3718079,1.6819005,1.384888722242407,1.6748886435018604,1.8761404983390952,2.1412630674924955,,
2011-03-07,38.7789474072,4036.429330495358,98.83580372752718,4.021735,0.39619547,1.0864772,0.8997867,1.1144085467889961,0.8912324899013188,1.592732295089237,1.3576096555918524,,
2011-03-08,2213.392839249665,4830.257260495358,100.0,4.071455,0.40612105,0.0063666105,0.9638015,1.2837778119373642,0.6731451905302714,1.7701968321518275,1.1395206296324436,,
2011-03-09,2364.819972006161,3965.266480495358,100.0,3.925169,0.40334386,1.5491602,0.8820408,2.436799452931509,0.5727027678319454,2.9783289661781875,1.039067324526149,,
2011-03-10,2926.133422006161,6050.442150495358,100.0,3.7816062,0.446019,2.4346974,0.674021,2.873755117901455,0.4770049488202789,3.436169618275479,0.9433657786833243,,
2011-03-11,9459.41297200616,11534.705930495358,100.0,2.9179034,0.5457873,3.9135003,0.890205,3.464909818527977,0.5474447396649489,4.055579492830697,1.0138008750329472,,
2011-03-12,5554.189972006161,7526.136915029758,100.0,2.7358809,0.5783692,4.4677086,0.9274429,3.732337038674248,0.5874309219178686,4.33578881994574,1.0537850648734344,,
2011-03-13,3255.184172006161,7516.224465029758,100.0,2.9498997,0.5528389,3.2732453,0.7199136,3.175528340147224,0.529405079443743,3.7523665689844408,0.9957634629235497,,
2011-03-14,2335.710372006161,6354.956469029758,100.0,3.015905,0.49329874,3.3028822,0.6776359,3.2257539548074203,0.5129438243536301,3.8049927963377197,0.9793018107785425,,
2011-03-15,1874.3739720061608,5453.027315029758,100.0,2.667543,0.47761148,3.733881,0.67323315,3.461108122527643,0.5156990510019575,4.051596088756995,0.9820552152833222,,
2011-03-16,1789.5461720061612,5554.831515029758,100.0,3.2422862,0.3938464,4.389988,0.67783993,4.110336579107817,0.521580386221741,4.731855446285245,0.9879318524719678,,
2011-03-17,2093.587412659118,5865.181271029758,100.0,2.8590488,0.39746302,5.138464,0.7430624,4.538854283688372,0.5574887829626936,5.180854832330256,1.023837412399264,,
2011-03-18,2703.5230039139115,6735.732105029758,100.0,3.2630773,0.35888287,6.2221184,0.85442036,5.374611276607048,0.6183072391790384,6.056558152618086,1.0846509400604205,,
2011-03-19,2624.46167803939,5941.394832470985,100.0,3.26161,0.35167333,5.8467445,0.8257427,5.054694561283804,0.5827933199193495,5.7213505118829735,1.0491388130189494,,
2011-03-20,2037.454709040668,5090.359890768641,100.0,3.1402555,0.31314796,4.8008485,0.73104995,4.326175209759107,0.5297004227207937,4.9580104256742175,0.9960504338569744,,
2011-03-21,1740.1033570508926,4505.065508758382,100.0,3.2006922,0.3518716,4.952531,0.72682464,4.464412694573643,0.5333960507888276,5.102855189721686,0.9997451579612836,,
2011-03-22,1594.9855841929862,4195.9585591474815,100.0,3.0868077,0.3198502,5.266707,0.7415677,4.666302633269961,0.5444933978916601,5.314394777361457,1.0108412241298386,,
2011-03-23,1187.7270762338835,3232.553431106446,100.0,2.8803027,0.35934308,4.001811,0.6534607,3.7004623137801502,0.4875331050241066,4.30239059216,0.9538874811626844,,
2011-03-24,969.4736841976,2585.056736621186,99.99434770499242,3.0622022,0.30700162,2.730596,0.81590116,2.8210393583240227,0.5992485276017486,3.380934225590055,1.0656097955003134,,
2011-03-25,969.4736841976,2191.760579192977,99.85118908631812,3.091772,0.28493,2.0375538,0.8105177,2.3608569044849803,0.5687047596404449,2.89875662351253,1.0350699863258264,,
2011-03-26,969.4736841976,1874.5238304953584,99.61560844550588,3.0605354,0.29055452,1.5081668,0.7414903,2.0373446594513362,0.4986632679304779,2.5597815990375645,0.9650314226394585,,
2011-03-27,969.4736841976,1667.1632304953582,99.37941597541445,3.1093965,0.28180897,2.114067,0.56817484,2.4800430054088607,0.3739054106068224,3.0236394126432677,0.8402695887384877,,
2011-03-28,387.7894737036,1510.105630495358,99.47363182132126,3.2420778,0.3172473,2.0052457,0.5446476,2.2579627531838833,0.4381830611605665,2.790944483505301,0.9045492061345499,,
2011-03-29,387.7894737036,1117.995090495358,99.51110264868022,3.2275033,0.41603354,2.3491082,0.57987505,2.57532408966064,0.4436693158919014,3.123474607020189,0.9100326674609032,,
2011-03-30,387.7894737036,1088.366370495358,99.48970607792006,3.6741295,0.42589498,3.234078,0.71632963,3.3496804678330596,0.5398689533176637,3.934842573064392,1.006225972391082,,
2011-03-31,54.9368420988,1024.781530495358,99.8242895387478,3.5649996,0.41616315,3.7432437,0.675388,3.7341745064596545,0.6413733882977113,4.337714112410219,1.1077275178465023,,
2011-04-01,267.0872124416581,1121.243330495358,100.0,3.5902724,0.41908243,3.8779626,0.6803143,3.8226167179349995,0.5553190970647053,4.43038355926951,1.0216725858753652,,
2011-04-02,1019.6462111976,1165.7812304953582,99.70109225902505,3.274425,0.39099523,5.7336946,1.073448,4.58628292842971,0.6009702467914618,5.230550404163519,1.067318575155475,,
2011-04-03,155.8838377469518,1078.132530495358,100.0,3.741322,0.40445143,5.5010066,0.7563842,5.278719128038494,0.6628080285452032,5.956082687138866,1.129152254343455,,
2011-04-04,1082.9894391976,1881.948744495358,99.909926707434,3.5148468,0.4167488,7.128637,1.06245,5.808644243171427,0.6913408158732768,6.511336411316768,1.1576822723705722,,
2011-04-05,1962.064230213056,6411.87576400417,100.0,3.3106236,0.39051068,6.574515,0.7755007,5.8097656297124765,0.6008044973313016,6.512511396301212,1.0671459483089563,,
2011-04-06,2179.519359942151,5837.908412286077,100.0,3.1708927,0.3647553,5.734842,0.7554841,5.037838136382941,0.5589727572085366,5.703688407492655,1.025318347986392,,
2011-04-07,1864.2152704762968,4897.686102792452,100.0,3.3812947,0.36679044,5.985366,0.7896071,5.26743921989329,0.5807881911903953,5.9442636379427585,1.0471324794265398,,
2011-04-08,1528.7703126942004,3382.680764936257,100.0,3.5218835,0.3947091,6.520551,0.88555706,5.587166322923562,0.6221640557407895,6.279272603565452,1.088506630579827,,
2011-04-09,1415.3665721995685,2684.681330495358,100.0,3.7476997,0.4282002,7.449041,1.0310496,6.1713108086659085,0.6911165985801183,6.891337198928251,1.1574563449571573,,
2011-04-10,1311.1926800888705,2282.175959377163,100.0,4.009566,0.5326599,8.750562,1.1797509,7.02060864699151,0.7740678076943077,7.781228570746392,1.2404041379124038,,
2011-04-11,1323.6953603619445,2942.478022298152,100.0,4.319563,0.5989175,9.936796,1.1938137,8.193898054814102,0.8441100551691066,9.010597201573704,1.310443023120596,,
2011-04-12,1423.839799876499,2695.957803158947,100.0,4.2351446,0.6115402,10.053602,1.1331125,8.042689958377897,0.7710320576538197,8.85216187500687,1.2373653705366725,,
2011-04-13,1469.915446126367,3699.638706766893,100.0,3.9758854,0.5776399,8.506051,0.95981646,7.217939884452324,0.706265178830777,7.987991566814743,1.17260083342593,,
2011-04-14,1308.3221871543706,2703.492136455372,100.0,4.1794367,0.55656004,8.215496,1.1163138,6.899267143090705,0.7738511483802039,7.6540873577443085,1.2401879161606864,,
2011-04-15,1062.6277883754062,1977.1424449863875,100.0,4.082651,0.57165366,8.637754,1.1072345,7.045404040101648,0.7473844135834253,7.807209098888383,1.2137206564605074,,
2011-04-16,656.9048962210129,2528.809833431433,100.0,4.3860435,0.55126166,7.82455,0.86303,7.115518736572117,0.6944370058554659,7.880675038175041,1.1607730055612353,,
2011-04-17,2989.0377677300344,5705.3506124155065,100.0,3.792396,0.5356989,6.9872513,1.152054,5.888894217728177,0.7780994465389102,6.595422060336516,1.2444405116645223,,
2011-04-18,1706.6529364029234,3990.720498193936,100.0,4.0458417,0.5753937,7.2731204,0.9476863,6.306386389935148,0.6858180451958384,7.032868931249384,1.1521571930840682,,
2011-04-19,1511.3226157076172,3893.625072337239,100.0,4.0775433,0.5649557,7.7321486,0.9324206,6.710253877159601,0.6900248350648103,7.456039903811225,1.1563623179812144,,
2011-04-20,1620.1745347184367,3861.318211800637,100.0,4.536008,0.63225335,8.589672,1.0798465,7.391523368022346,0.7832931699955659,8.169871747533957,1.2496282670951422,,
2011-04-21,1244.1347093133754,2897.926966794054,100.0,4.0625525,0.5716607,7.6029267,0.90712726,6.539518489291441,0.6574747065198966,7.277143948032694,1.1238128705424693,,
2011-04-22,1088.5016226459245,2416.6905507264023,100.0,4.0987597,0.50461155,6.592812,0.88346046,5.81830956298489,0.6289447653823712,6.521463700378072,1.095286174352668,,
2011-04-23,2035.542671233707,3856.5909044551895,100.0,3.8859901,0.44800514,7.41715,1.0806253,6.197247837827939,0.72403946897787,6.918513929422928,1.1903790988151282,,
2011-04-24,1600.4465354124209,3305.6544037791205,100.0,4.783528,0.54011405,8.465133,1.1289617,7.264135868875145,0.7808158474332465,8.036395561379901,1.2471513502960692,,
2011-04-25,1700.320084969881,3041.135173533934,100.0,5.221425,0.7787562,9.353495,1.2571027,7.871704659988463,0.8532904615211896,8.673004063838423,1.3196241959556492,,
2011-04-26,3784.956511347068,6257.238491592865,100.0,4.9114714,0.7787907,11.488863,1.7157598,9.00980923372762,1.10864503410197,9.86550614578645,1.574976592085104,,
2011-04-27,3444.714639948937,6813.856269755281,100.0,6.139183,0.91423535,12.724135,1.5950532,10.51298123535278,1.1030328291617493,11.44052463075286,1.56936378311633,,
2011-04-28,5832.570272006161,11263.012017553265,100.0,4.696403,1.9874108,11.789585,1.6519532,9.369574945196355,1.2822873312657737,10.242467428465828,1.74861850943085,,
2011-04-29,3645.677572006161,9976.680237553262,100.0,5.8417907,1.6552215,9.7534485,0.9724485,8.70659276961495,0.8387219930245512,9.547796971182825,1.3050539860893926,,
2011-04-30,2503.5459720061613,7413.447637553264,100.0,4.582539,1.4221169,9.341116,0.96691865,8.139812771933554,0.8070684003110729,8.953926827052756,1.2734014886362401,,
2011-05-01,1835.064672006161,5340.294467553264,100.0,5.9770966,1.4578062,9.649059,1.0092334,8.709971932020448,0.8385650171662096,9.551337646000217,1.3048970048028967,,
2011-05-02,1464.413472006161,3966.533267553264,100.0,8.165563,2.8674817,9.634727,1.0359225,9.238577656929241,1.0817875286393206,10.105208917611375,1.548118827964754,,
2011-05-03,1205.8670592548197,3628.0743005712816,100.0,9.295261,2.9900005,10.998478,1.1363605,10.573596336525231,1.1330278822816051,11.504036926558994,1.5993588660877334,,
2011-05-04,2444.239073107479,7564.222497576336,100.0,8.692346,2.6969075,10.218987,0.9495123,9.846155174591706,0.9740538612510665,10.741826563718261,1.4403847642193355,,
2011-05-05,1827.523514582913,5717.877690915433,100.0,8.035769,2.003088,9.695559,0.9580723,9.293551616839926,0.8732044301778482,10.16281044488671,1.3395356762673671,,
2011-05-06,1322.7592034839024,4248.445753670331,100.0,9.521935,1.5983973,9.876511,0.987778,9.792324603613672,0.8434523518884703,10.685423075458079,1.3097832729263028,,
2011-05-07,1110.4241563609596,3131.446197656622,100.0,10.0998335,1.6766793,10.074185,1.0487596,10.080899458906963,0.8899783785579769,10.987790822390595,1.3563092414690492,,
2011-05-08,959.8031479139212,2512.975674614728,100.0,10.246971,1.5795536,10.495619,1.098763,10.426897819629744,0.9070532353802209,11.350326722019696,1.373384154162687,,
2011-05-09,834.4337603831837,2013.3117768946668,100.0,10.294839,1.5627627,10.82295,1.12595,10.668205487296657,0.9183394842227395,11.603168071332092,1.384670523020259,,
2011-05-10,718.62374133361,1579.7482040550567,100.0,10.493194,1.5927116,11.830038,1.2134858,11.412051696430906,0.9714234441125233,12.382567586551895,1.437755271945544,,
2011-05-11,652.6933899221576,1202.0736837009672,100.0,10.701034,1.7793138,13.128219,1.3300234,12.274091107585525,1.06539924235101,13.285809534825393,1.531732776275203,,
2011-05-12,551.2796674132366,1033.6108304953582,100.0,11.195884,2.1071897,13.643108,1.3666149,12.79187910335689,1.153933843666551,13.828346026824912,1.6202688109470418,,
2011-05-13,139.582471191252,782.108930495358,100.0,11.064153,2.6829457,13.542801,1.1360773,13.167430320124247,1.0461535814907919,14.221847307996136,1.512489780244406,,
2011-05-14,210.8243851681896,816.231604688131,100.0,10.797637,3.004977,13.770018,1.1342835,13.159875307701368,1.0922878746075042,14.21393119180496,1.558624046997488,,
2011-05-15,507.0538142582733,1028.037630495358,100.0,11.437534,2.806102,14.620073,1.2249984,13.56885351167676,1.2377859250621017,14.642457155908325,1.704123618489471,,
2011-05-16,411.37341458291286,2058.072401131329,100.0,11.885115,2.4711277,13.62733,1.1057748,13.337102361824476,1.0093304437957002,14.399629093294775,1.4756672518255924,,
2011-05-17,941.6045408636332,1813.7992074430767,100.0,12.910264,2.3316078,14.076775,1.2643411,13.678142759048551,1.1521916239545633,14.756970055717884,1.6185297562324075,,
2011-05-18,1103.642142006161,2030.1114075532632,100.0,13.307824,2.3224413,13.652098,1.4179168,13.530851786822282,1.2299311753683946,14.6026390785082,1.6962687194009118,,
2011-05-19,2423.504122006161,4501.473267553263,100.0,14.114036,2.381054,13.822504,1.7186491,13.924530072605341,1.3937218951153958,15.015133840629792,1.8600610668750466,,
2011-05-20,4169.427472006161,5658.345367553264,100.0,14.834241,2.5294175,13.666224,2.2179196,14.161754289915502,1.6679929867914858,15.263696564616957,2.1343332249809777,,
2011-05-21,2813.105342006161,6685.593967553264,100.0,14.732151,2.3072515,14.299093,1.4587708,14.427346297617293,1.233335814674273,15.541982962406035,1.6996773231873856,,
2011-05-22,1744.2354720061612,4823.671067553264,100.0,14.0668,2.090671,13.461903,1.2627467,13.622544927868004,1.0808967047512008,14.698714838258585,1.547234612069122,,
2011-05-23,1268.2143942540652,3356.6036640492807,100.0,14.359174,2.0494747,13.322876,1.354542,13.607048838670357,1.1324030518481314,14.682478088968022,1.5987408970957917,,
2011-05-24,1450.1861843336656,2734.801766318464,100.0,14.662841,2.024675,13.924486,1.6185803,14.180341558893081,1.2692433165303412,15.283172241514265,1.735583640997073,,
2011-05-25,982.243713687758,2054.3347898445404,100.0,14.730379,2.0532749,13.280029,1.4567707,13.749174744503957,1.1884579775193949,14.831397127267364,1.6547964023506028,,
2011-05-26,848.4571828792764,1575.8093111563192,100.0,15.003928,2.3159351,14.606239,1.4089273,14.74542450143871,1.222993358998626,15.87526421707417,1.6893364950417933,,
2011-05-27,1016.9138382162984,1897.3509450048416,100.0,14.881708,2.4738777,16.53104,1.4825402,15.955516446668454,1.2949263336917232,17.143194420793517,1.7612767189440386,,
2011-05-28,748.701535310091,1251.25534704674,100.0,14.63622,2.7028837,16.786144,1.3994516,15.981301101155225,1.338070622573081,17.170211493624322,1.8044211805138453,,
2011-05-29,617.7439523948537,904.143930495358,100.0,14.349453,2.724593,17.923794,1.4739711,16.47294616434817,1.4106346958971756,17.685355510233318,1.8769886920138101,,
2011-05-30,704.8726372506053,1039.5136299645555,100.0,14.033919,2.5095398,20.579449,1.6397172,17.934527312525425,1.4082299100236413,19.21679524112823,1.87459575964044,,
2011-05-31,652.7839144322676,673.366860495358,100.0,14.240314,2.7795722,22.435577,1.6659235,18.40154406455648,1.6085843146329488,19.706133797489464,2.0749544667673727,,
2011-06-01,376.442495661334,483.59084052483615,100.0,13.416411,3.0887394,23.087528,1.5899904,18.854413997333847,1.6208365600475483,20.180649364995173,2.087211122550945,1.9325168264925336,4858.067483173508
2011-06-02,488.87653684250574,545.494360495358,99.93130653769434,12.7908945,3.270262,23.587448,1.4310813,18.484653993625667,1.7200446161404899,19.79321609707108,2.1864155600884705,2.1027231389057404,4855.964760034602
2011-06-03,197.71735555787018,408.829150495358,99.89815673670677,11.631041,3.4092705,17.968327,1.2007384,15.902546919497857,1.374796682647656,17.087693131291434,1.8411467155307237,2.3937055578701485,4853.571054476732
2011-06-04,187.86432289046226,388.0518604953581,99.83413171385924,10.6508665,3.161678,17.382263,1.240274,15.186476166389122,1.3274235664789067,16.337396643949518,1.793769150739974,2.6597228904621657,4850.91133158627
2011-06-05,187.19682326742983,379.9262504953581,99.75074348938686,9.846581,2.8608265,18.574986,1.3272778,15.693900982941745,1.2970478696620347,16.869074632188397,1.7633965457823044,2.9084772674297974,4848.00285431884
2011-06-06,175.29276757780707,356.2008504953581,99.6468443860371,9.327258,2.5321066,21.719936,1.393091,17.632687161888313,1.252634683692981,18.900528163079603,1.7189978852152656,3.113620577807116,4844.8892337410325
2011-06-07,168.4695055747838,341.17268049535795,99.51566219853773,8.980749,1.8165934,23.580475,1.4797858,18.754326937676367,1.1584179657389921,20.075778486016564,1.6247915333361254,3.28613557478386,4841.603098166249
2011-06-08,166.70896789788642,315.5834804953581,99.36622901618556,8.752109,1.3357656,26.306044,2.5889204,20.23835916363023,1.755830686621075,21.630742379460635,2.2222201802988035,3.436254897886531,4838.166843268363
2011-06-09,167.19341350713125,280.47133049535813,99.23013165120908,8.341429,1.1446362,28.453157,3.8146765,20.941847649884377,2.427907148311917,22.36785521060264,2.89430507132841,3.6383735071313783,4834.5284697612315
2011-06-10,126.5744601057227,318.53441049535814,99.13529707633892,8.299776,1.0051134,26.79449,2.4732022,21.53519654430131,1.7928341903801859,22.989564153910976,2.259239662888214,3.774460105722572,4830.7540096555085
2011-06-11,142.2590840690336,453.9520304953581,98.96259987120791,7.9924774,0.875723,24.224201,1.4988774,20.351227179994982,1.160208549847243,21.74900510118761,1.626599357823731,4.008523069033555,4826.745486586475
2011-06-12,438.0451496276769,679.3780304953582,98.97111032106926,7.7254534,1.2276336,26.057735,1.5816479,18.8712304702322,1.0753205836398816,20.198269607813828,1.5416953144298557,4.24804962767675,4822.497436958798
2011-06-13,315.4716388444922,531.5881804953581,99.01530591050472,7.8132753,1.2055844,23.53558,1.3404982,17.680100523224436,0.9535764597053554,18.950207721013125,1.4199400702956957,4.415368844492149,4818.082068114306
2011-06-14,249.78710723333296,473.76133049535815,99.01325266824593,7.755634,1.0599322,21.623356,1.2850289,16.835869651319637,0.9175269745566557,18.065625499290142,1.3838836860139623,4.625611233332973,4813.456456880973
2011-06-15,254.33524343372562,461.6608304953581,98.91122673270628,8.034567,1.0531083,22.973537,1.398588,17.666934722163923,0.9762949203578224,18.93641263966696,1.442658417099828,4.770153433725611,4808.686303447247
2011-06-16,177.8115961853351,353.25950049535817,98.836626603429,8.229833,0.91748756,24.487202,1.6989095,19.043959237637317,1.1710934965556026,20.379254219857156,1.6374699746030748,4.937148185335152,4803.749155261912
2011-06-17,287.52429288341006,399.5324804953584,98.82386937228736,7.8540854,0.898942,26.749706,1.9212582,18.84213556060705,1.1788727500742087,20.16778406096457,1.6452471899085155,5.290772883410106,4798.458382378502
2011-06-18,208.95990807651,375.5998304953584,98.82786622949996,7.88916,0.92332864,24.771328,1.4924586,18.73653631259659,1.01416734049764,20.057137529872183,1.4805407324476798,5.557918076509982,4792.9004643019925
2011-06-19,171.99991247574835,342.5238304953583,98.77548158375832,7.9087534,0.8595504,24.852295,1.4338462,19.188245984484166,0.9968371308313394,20.530437379983713,1.4632150945790332,5.851077475748446,4787.049386826244
2011-06-20,158.090315111281,284.2739904953584,98.66664865837402,7.9380465,0.8804926,25.865694,1.5163977,19.45878593682949,1.0240187551973587,20.813908217256582,1.4903995688186038,6.171718111281167,4780.877668714963
2011-06-21,152.43816557740007,251.5383904953584,98.54540937079126,8.007763,0.87735724,27.113674,2.2122436,19.904171484523314,1.4166927775236267,21.280581671655842,1.883078465140608,6.508616577400122,4774.369052137563
2011-06-22,365.6089528377178,433.4425304953579,98.48015318882152,7.7299776,0.7494012,29.841347,3.3172941,19.72420825447447,1.8318321446513832,21.092016814384188,2.2982158355656925,7.025452837717802,4767.343599299845
2011-06-23,232.7959365034684,551.8467304953581,98.62964258267864,7.77116,0.77920014,23.738499,1.3772666,19.00114283093216,0.9958502174660718,20.33439133527206,1.462226259219162,7.490871811868599,4759.852727487976
2011-06-24,228.38952756139497,289.248280495358,99.01733752586158,7.9573164,0.98061347,26.308277,3.6637673,18.21155933530364,2.092477756742336,19.50706844760865,2.5588461284988715,7.948652869795173,4751.904074618181
2011-06-25,396.43140602812696,500.020880495358,99.1458504061839,7.7403183,1.0080934,26.192223,2.1344073,18.03237463200151,1.2712541642127002,19.319319328000944,1.7376208946212315,8.641932324526952,4743.262142293654
2011-06-26,397.1299582969174,460.7723304953578,99.177792592568,7.729559,1.0319201,25.56728,1.7956142,17.310053511296562,1.0762288023226079,18.56247372685753,1.5425892885237338,9.340484593317411,4733.921657700336
2011-06-27,397.779484010299,539.2346398014911,99.13251448222276,8.0050335,1.0332816,25.668755,1.5717685,18.170184726684038,1.0052736918274243,19.463716274129055,1.471641681328773,9.990010306698869,4723.931647393638
2011-06-28,405.93997441616636,729.2038859569805,99.1129464407294,8.075605,0.9761445,25.489407,1.5901856,19.262039061944222,1.0795162267748273,20.607757514297347,1.5458949595599205,10.835763712566262,4713.095883681071
2011-06-29,399.78545191846223,645.810486056522,99.69956064404984,7.919734,1.0699823,25.453465,1.5498511,18.7494117091407,1.0410200275461454,20.070628326358758,1.5073935465789754,11.99597821486207,4701.09990546621
2011-06-30,400.9901847427716,885.0138250847889,99.72341209816187,8.010898,1.052503,23.398003,1.3322346,18.600134169450495,0.9737963032535144,19.914215830551104,1.4401683605281108,13.20071103917164,4687.899194427038
2011-07-01,402.43157454856134,741.860474166163,99.66444032356148,8.080415,1.0633658,25.10547,1.4201167,19.117995646576603,0.9937346226427275,20.456829316062937,1.4601118600590715,14.642100844961437,4673.257093582077
2011-07-02,404.0340751123727,678.9556640538465,99.61394119711292,8.288597,1.0482945,26.70327,1.5376776,19.83325536370773,1.0403222816994444,21.206276002679903,1.5067071780768726,16.244601408772763,4657.012492173304
2011-07-03,1126.7755562264758,1317.6922434111675,100.0,7.586783,1.3655708,31.845959,2.700735,20.663710252908544,1.5860860841554287,22.076423796816492,2.05248060684385,19.106364614599073,4637.906127558705
2011-07-04,1848.4588728912943,1539.6420675532631,100.0,8.392423,2.6196892,30.395788,4.3220015,18.391329961522697,2.4290176118819735,19.695431495245835,2.895387667248532,21.254600885133197,4616.651526673571
2011-07-05,994.4099009046363,1348.7783370579054,99.9902487437916,8.293917,2.3858683,23.442097,2.7511306,17.01346245174965,1.8796224982807934,18.251706628510092,2.3459805933493105,24.936216707036227,4591.715309966536
2011-07-06,590.5869781207365,1114.8902443882937,100.0,8.953556,1.6810758,20.846111,2.0964293,16.727857376213787,1.4889743951891383,17.952450606655724,1.9553302827706882,28.4856189398234,4563.229691026712
2011-07-07,1004.849846780291,862.5671966005073,99.66613077120384,8.493786,1.7479931,27.346888,3.550399,17.202106886074358,1.890534268806027,18.44936762194678,2.356893873092271,35.37616258269098,4527.853528444021
2011-07-08,431.4458420530741,981.2431588802312,99.71729473125257,8.620361,1.4010081,19.682585,1.9565346,16.30409855541681,1.424761480141219,17.508437562771718,1.8911142643058114,43.65636834947419,4484.197160094547
2011-07-09,443.45876193643187,975.9059107919784,99.59745410323887,8.681244,1.3047392,21.118574,1.6957828,17.23272071898671,1.2351684562761123,18.48144469142419,1.7015283093211377,55.66928823283196,4428.5278718617155
2011-07-10,462.60644584542786,826.5239944300199,99.39677595766275,8.352961,1.224365,23.380104,1.8276597,17.987590461536318,1.2514631271762526,19.272394627274544,1.7178294530926155,74.81697214182803,4353.7108997198875
2011-07-11,488.1546156497178,619.1183710542987,99.2797042806544,8.528282,1.1149136,26.802822,2.057941,18.746271351506923,1.2512565920384464,20.067337870364863,1.7176300800578272,100.36514194611786,4253.34575777377
2011-07-12,523.0282128544518,519.9056622424653,99.11969163007048,8.347565,1.0997859,30.34145,2.3100026,19.311582302015964,1.2768114298144746,20.659668751889424,1.7431906824097987,135.23873915085176,4118.107018622918
2011-07-13,551.5338135430266,461.8912304953581,98.91817426558104,8.043888,1.0938476,31.33789,2.3212206,18.66065304807154,1.213935513201303,19.9776273046968,1.680308160018841,163.74433983942646,3954.3626787834914
2011-07-14,531.1958524290633,446.0415804953584,98.60478798799367,8.259795,1.1253953,29.562483,2.1230817,17.983004867355714,1.1459725205601587,19.267589857367177,1.6123388051887175,143.4063787254634,3810.956300058028
2011-07-15,482.4742803715826,410.8735104953579,98.26666721492836,8.42714,1.084525,28.614395,2.0949318,17.71177537483221,1.1275769181902695,18.98339652225269,1.5939408034939353,94.6848066679827,3716.271493390045
2011-07-16,449.85515654059174,416.7702504953579,97.98652357636412,8.442509,1.019365,28.93468,2.1171079,18.297432969086334,1.1474329822965694,19.597046547541822,1.6138021536772766,62.0656828369918,3654.205810553053
2011-07-17,431.9742893200526,369.6863604953579,97.6888519437763,8.3919,0.9888067,30.799793,2.2711864,18.725315427657947,1.1750983097063077,20.045380324990145,1.6414715910585105,44.184815616452894,3610.0209949366003
2011-07-18,421.56442180307033,354.0516304953575,97.30853764483896,8.2648735,0.965554,31.703785,2.3389661,18.964219897824268,1.189692975998858,20.295703612176343,1.6560686431946745,33.7749480994704,3576.24604683713
2011-07-19,414.6484164815555,358.3085304953579,97.00541077026186,8.264341,0.9539656,32.18225,2.3752706,19.351622583636953,1.214183989108224,20.70162282210104,1.6805636638589494,26.858942777955548,3549.3871040591744
2011-07-20,409.79836769412947,346.4409504953584,96.68474295661537,8.343161,0.9591873,34.035786,4.041367,20.113214403902216,1.922970417002557,21.49961612800358,2.389358470452124,22.008893990529536,3527.378210068645
2011-07-21,411.861704714214,334.37204023152594,96.22916627584252,8.427678,0.9157513,36.96975,8.203951,21.216795046245007,3.710605103527642,22.655944152648654,4.177006474802614,18.487468013422276,3508.8907420552227
2011-07-22,443.4895314590585,369.889619259663,95.81747974640044,8.486427,0.9032274,38.654793,11.356802,22.205693667317966,5.188009151512918,23.692108747428072,5.654423639498578,15.878534591597617,3493.012207463625
2011-07-23,493.20664437348836,329.10128585047903,95.28624699733034,8.42471,0.9150227,40.479027,16.168251,21.253379919606886,6.494034584905045,22.694277657898095,6.960436421525087,14.096210739016398,3478.9159967246087
2011-07-24,329.16464173160284,461.0841989123575,94.91833827783957,8.16408,0.8911384,31.898376,2.2072606,22.012260977307772,1.3402889092040555,23.489430636051964,1.8067007435546296,12.69850835723221,3466.2174883673765
2011-07-25,299.1320856501972,439.9480530386795,94.62335772222154,7.9262724,0.8162223,28.39893,1.6822538,20.11291522814052,1.0544701628379511,21.499302652663157,1.5208582128659096,11.655546169603326,3454.561942197773
2011-07-26,267.7688142392546,405.0880975253952,94.36986697214226,8.0933,0.8993157,27.696285,1.909494,19.895119710924025,1.2040162441507098,21.271097254220447,1.6704018304532935,10.457622139668489,3444.104320058105
2011-07-27,334.94569949850813,444.0545905057519,93.99993937178154,8.213579,0.88670397,30.037624,2.2149625,20.653969214292555,1.3189045333093374,22.066217169852735,1.7852989385131606,9.46013582250508,3434.6441842356
2011-07-28,393.5937270699032,540.0774252796351,93.6483752309441,8.12533,0.885208,29.374378,1.8309137,20.416736030566458,1.1229015185447933,21.8176450508856,1.5892930960233487,8.750492344942309,3425.8936918906575
2011-07-29,444.81270817754614,564.7801785796232,93.19946205332452,8.147073,0.84227467,30.116924,1.9302589,20.437310582764432,1.1418004251699396,21.83920299634805,1.6081922453407067,8.078623787752662,3417.8150681029047
2011-07-30,464.2539828376827,536.4658062926724,92.76666338151786,8.355233,0.8961668,32.393955,2.3468628,21.241909903126533,1.3250202638797546,22.682259413838274,1.7914219544410708,7.395213533897738,3410.419854569007
2011-07-31,398.47177556607136,559.836279441562,92.30237029931511,8.3443165,0.8889065,30.85774,1.9702417,21.496487560332344,1.2088904024515565,22.949005012828334,1.675295370172194,6.904662058678735,3403.5151925103282
2011-08-01,414.7395084120858,588.3661475000001,91.81315084928106,8.295518,0.86897236,30.448624,1.9812196,21.289301178575226,1.216346190442666,22.731915830254444,1.6827484854556802,6.499614182910128,3397.015578327418
2011-08-02,415.48349687222867,592.366093512859,91.3224713803074,8.319113,0.84699774,30.550804,1.8774979,21.385844449799553,1.1574293822815265,22.83307353982663,1.623832916598297,6.104082490216324,3390.911495837202
2011-08-03,423.95753579589405,617.6880765297617,90.82621401932958,7.810125,0.73906165,27.175703,1.5585072,19.29376824764477,0.9719039326103763,20.641003246613586,1.4382829979765765,5.966351067796453,3384.9451447694055
2011-08-04,463.51917754537664,526.7598112415887,90.42638559046252,8.141118,0.88894093,26.950754,1.7045714,18.146541250752726,0.9976259631099337,19.438942720869406,1.4639937350508927,5.541930869189859,3379.4032139002156
2011-08-05,408.1183698406529,546.0661689499817,89.90139610943119,8.343411,0.8444859,27.7563,1.5989184,19.45312999081865,0.9837476062479642,20.807981936360306,1.4501283594328371,5.184095332145533,3374.21911856807
2011-08-06,570.6268644797234,455.1404698432909,89.48732318818439,8.1127825,0.76637715,33.547604,6.210246,19.398398671796972,2.7883170574538063,20.750634647379048,3.254697227699017,4.9957745155020765,3369.223344052568
2011-08-07,759.8499609041905,733.9418534124147,89.11134498729338,8.299578,1.1048619,30.670227,2.4588423,19.290905741217536,1.3324259877517908,20.638003922164117,1.7988050230663377,4.7080284166978865,3364.51531563587
2011-08-08,430.0982869292016,458.4450604953585,88.91908466410516,8.6821785,1.0021523,27.635067,1.8526899,18.46094521137557,1.0719390133523787,19.768374116073847,1.5383097306143816,4.398752237600851,3360.116563398269
2011-08-09,348.94023394734734,494.1569304953581,88.82585148261568,8.443128,0.89113635,25.504074,1.5963495,18.442906177043273,1.0057228308116386,19.74947287756382,1.4720933760282067,4.272499255746199,3355.8440641425227
2011-08-10,359.27026275152565,495.3984304953581,88.82423383424938,8.391044,0.85864,25.97379,1.6561302,18.582670686591445,1.0255695495809876,19.895917652907322,1.4919414375141773,4.106358059923999,3351.737706082599
2011-08-11,292.9310344555601,399.4067904953582,88.69469179479906,8.392603,0.83515584,25.86442,1.6230736,18.472020954954555,1.0008009786704357,19.779979242335372,1.4671718017505726,3.9409397639590487,3347.7967663186396
2011-08-12,301.7559023704576,376.6026619861423,88.47187836791801,8.339731,0.8053423,27.292057,2.17416,18.86144750338861,1.2590640601816971,20.188019048596516,1.7254386930317778,3.797404870203253,3343.9993614484365
2011-08-13,326.3334406037827,401.0581496568392,88.34423631250355,8.305438,0.798733,27.740578,2.1586666,19.021290758641936,1.2429859331820512,20.355502265054113,1.709362179979146,3.6604715659847122,3340.338889882452
2011-08-14,310.59886911762237,296.6552304953585,88.29950912056474,8.200005,0.7438266,29.015942,3.652938,18.368987553918114,1.8246346704348186,19.67202119693145,2.291004514546485,3.5508744260215335,3336.7880154564305
2011-08-15,187.416641075211,77.38393049535877,88.39255274162812,8.162591,0.782106,28.774021,7.0953445,14.185967252272974,2.1461227927609237,15.289066823807246,2.6124631434185472,3.4106883836107733,3333.3773270728198
2011-08-16,142.23755370560085,77.5560000000005,88.82771802617833,8.279788,0.8007021,27.110563,5.185845,14.924385101737453,1.9018196490920372,16.062778522320986,2.3681637516996146,3.279659014000025,3330.0976680588196
2011-08-17,142.10339563455344,77.55600000000018,89.07729045323022,8.45201,0.82917476,29.223166,6.5414915,15.785763032636861,2.3711033780023887,16.965327373844232,2.8374526453398836,3.1455009429519016,3326.9521671158677
2011-08-18,141.99690193193302,77.55600000000055,89.18686111232257,8.50009,0.85720813,30.887272,7.8943563,16.408253419106302,2.8432189403431747,17.617570672909974,3.3095724682562446,3.039007240332604,3323.9131598755353
2011-08-19,141.9374042146925,77.5560000000005,89.24849195344797,8.2948675,0.8102314,30.833076,7.887587,16.2585388635528,2.835829016382097,17.460700273374623,3.3021814791145685,2.979509523092468,3320.933650352443
2011-08-20,141.80634167153838,77.5560000000005,89.28332752352284,8.526732,0.8578712,30.045908,7.3794527,16.13488051907277,2.6673084718360283,17.33113148273335,3.133660074101089,2.848446979938139,3318.0852033725046
2011-08-21,141.71937860393592,77.5559999999997,89.30397990011663,8.546079,0.89158255,30.071457,6.7327185,16.159437940153833,2.4500382544935118,17.356862664596743,2.9163900262479667,2.76148391233499,3315.3237194601697
2011-08-22,141.65350780122645,77.55600000000038,89.35848528858266,8.45331,0.8434683,29.251759,5.4262486,15.81177038665021,1.9956721157753565,16.992577790477725,2.4620215522471263,2.695613109625134,3312.6281063505444
2011-08-23,141.57273374322003,113.70607727743452,89.39121253263038,8.513571,0.92547584,27.046349,3.388564,16.768425368650863,1.5942107990706815,17.99495761045655,2.0605669945246694,2.614063829657008,3310.0140425208874
2011-08-24,141.48458908814314,218.19575137357867,89.38825120226383,8.639936,0.936556,24.282566,1.5718247,18.12934951808802,1.0222227305204246,19.420929282150325,1.4885903446694464,2.5236784410495123,3307.490364079838
2011-08-25,141.4431212303504,310.02840000000083,89.44441547429011,8.442536,0.89526755,23.172432,1.3566834,18.55765048136977,0.9729485905114691,19.869701567403343,1.4393202364343054,2.4852265387495938,3305.0051375410885
2011-08-26,141.34522422968556,367.00417049535855,89.97356629698035,8.666316,0.89819574,22.58659,1.2784393,18.716093970598006,0.9561636641101371,20.035718113804716,1.422536854679495,2.387329538084754,3302.6178080030036
2011-08-27,141.2724261249857,525.0485304953575,90.21869273095584,8.733781,0.9392701,22.351162,1.2972509,19.464024090612376,1.041427007426542,20.81939673688456,1.507807877052482,2.314531433384911,3300.3032765696184
2011-08-28,2234.403407229509,9037.192148038086,95.51475341780493,9.884021,2.9883308,18.039782,1.3749694,16.42303977441462,1.2514862698488687,17.6330637654574,1.717839904353904,2.092712537908139,3298.2105640317104
2011-08-29,3214.0472021024316,6424.292177057905,100.0,10.279424,3.2470484,18.243797,1.7372452,15.587958817852918,1.5853133323104056,16.7580687937535,2.051661338577924,1.9837092569613526,3296.226854774749
2011-08-30,2578.0516925158963,6350.794167553264,99.76155699262826,10.233302,3.1868675,18.541193,1.5177109,16.142431453895764,1.4184491915732604,17.339043326429305,1.884800845879622,1.9507624549799611,3294.276092319769
2011-08-31,2523.018085932407,4100.702067553264,98.63203004403591,10.756415,3.5455213,20.570982,1.7790895,16.832549724612473,1.7427033216388532,18.062146891434978,2.2090600075743065,0.0,3292.440868196395
2011-09-01,2227.496122445466,2715.817867553264,97.5293197509959,11.116046,3.8097892,21.864029,1.8097856,17.02090335582285,1.9838668065446372,18.259503182362533,2.450224960371891,,
2011-09-02,1933.058508401502,2489.7058150297576,96.47259097733306,11.519103,4.1348214,21.229002,1.7280285,16.985094477308106,2.0523785282266425,18.221982761861312,2.518736399862044,,
2011-09-03,1586.5295234150362,2191.8145750297576,95.5844507982224,11.733829,4.690783,21.989887,1.7726153,17.68336049295937,2.2219269826933505,18.95362350615774,2.68829062150417,,
2011-09-04,1324.927682096135,2433.9861450297576,94.96049342090792,12.800162,5.907288,20.89203,1.6749568,18.039839647759102,2.3477156835962427,19.32714114599387,2.814082481652062,,
2011-09-05,445.0260982969194,3171.0590900583607,96.91991753136688,12.187477,3.6516466,17.750141,1.2684622,17.06555255106833,1.1997062706098178,18.306286456515107,1.6660647783491243,,
2011-09-06,387.7894737035999,6234.188102618669,99.52876308863183,12.581461,3.7379565,15.4979,1.0678585,15.32711048990161,1.028879064991506,16.48475280739152,1.4952254766737778,,
2011-09-07,7489.965847826841,18412.430067553265,100.0,15.379544,4.725421,16.140589,1.6108999,15.920524278726754,1.7827794827243275,17.106529746838945,2.249129634838491,,
2011-09-08,12672.43797200616,18660.328267553265,100.0,17.321022,2.0397708,15.8758,2.7821634,16.460315548831236,1.8509442585413147,17.67212119447027,2.317298162869851,,
2011-09-09,5629.968972006161,9462.663407553264,100.0,18.74769,3.19817,19.475693,1.7112163,19.204127679727875,1.6044767573879983,20.547078165971215,2.070854886121567,,
2011-09-10,2825.469972006161,7511.603647553264,100.0,18.762844,3.430224,17.913492,1.3173375,18.145648645599408,1.3399408731306548,19.438007452240978,1.8063086368706427,,
2011-09-11,1984.9186720061607,6015.247387553264,100.0,17.938547,3.310119,16.757818,1.2672234,17.050768499235158,1.257911421392429,18.290795777541064,1.7242698116934196,,
2011-09-12,2035.4838053844464,4987.935215029758,99.59197425247828,18.292313,3.3816192,17.214165,1.3040924,17.526626878011747,1.3484172880177454,18.789398560182683,1.814779583791153,,
2011-09-13,1637.3259918750446,3513.2139150297576,99.14428509901028,18.166348,3.6032727,17.991457,1.3626919,18.04705364064732,1.4751430078206595,19.33469994308234,1.941509871309567,,
2011-09-14,1173.0018737121409,2981.202215029758,98.92497439712317,17.469767,3.655793,17.23243,1.3173155,17.29944520021277,1.3997381956374453,18.55135837476663,1.8660985945791397,,
2011-09-15,1063.3645884705277,2846.802215029758,98.7514023214028,15.939124,3.034323,15.391924,1.1726334,15.540734261586167,1.187345597418496,16.708587065126263,1.6536933092300132,,
2011-09-16,1030.6583545092826,2312.9201237222173,98.5489671777214,15.413219,2.6530476,13.593672,1.0949136,14.154547519855102,1.1146590581362577,15.256145335582783,1.5809992629801115,,
2011-09-17,990.0601467798206,1903.475161588232,98.186125145565,14.428376,1.9997789,12.270218,1.0951197,13.008659385880149,0.9935739705559381,14.055487665826456,1.4599096289995317,,
2011-09-18,969.4736841976,1633.8152672068125,97.7407056970891,14.237478,1.7507268,13.004352,1.1428213,13.463572182423409,0.9692747225883455,14.532143739002883,1.4356120061775908,,
2011-09-19,969.4736841976,1414.340831191513,97.16005285921804,14.442798,1.5938445,14.28142,1.2177397,14.347050545703944,0.9706524696437993,15.457849348028525,1.4369935855949154,,
2011-09-20,710.3342570316556,1295.9823900730585,96.62744867045176,14.409768,1.5658251,14.179899,1.1527467,14.261284049251373,0.9283273244939212,15.367983506223622,1.394668029281483,,
2011-09-21,640.6639018131225,1211.3021021757963,96.17539148927725,14.469356,1.5401415,14.01663,1.1104138,14.173244725745823,0.9007500735155429,15.275736204001879,1.3670903649939996,,
2011-09-22,561.7947892614011,1203.0152530878463,95.68469118310313,14.766849,1.591368,14.918989,1.1167225,14.870558016677697,0.9143871676039513,16.006378686594058,1.380730975640296,,
2011-09-23,1024.0976323109844,1813.014390758664,95.36918424282446,15.212264,1.4207357,15.555642,1.226976,15.431694725646437,0.9369008194981832,16.594335812101622,1.403247861166399,,
2011-09-24,1821.48894084095,3690.380063860563,95.52874450796756,15.287087,1.1931621,17.179237,1.3996427,16.553944899540465,1.016682408052104,17.77022570808748,1.4830369971321022,,
2011-09-25,1001.064876192032,2575.6300875768056,95.22670952196016,14.472836,1.4458916,16.188835,1.2320684,15.708551824443235,0.9751650910913512,16.88442573383226,1.4415138608564804,,
2011-09-26,865.5146876024892,2197.192677339038,94.83930571434598,14.356496,1.4970423,15.728716,1.1790243,15.340929387098422,0.9457360326352048,16.4992322006368,1.4120825268413815,,
2011-09-27,1598.0557603123648,2414.03488973755,94.56466960399092,15.668666,1.1752608,17.36077,1.3693786,16.68678760025293,0.947636005580242,17.909417835793946,1.4139915833984427,,
2011-09-28,2425.458846645179,5461.456405191251,95.554538876902,15.346316,1.1970491,16.626026,1.3398256,16.23247767545925,0.9981543023171144,17.433393449575917,1.4645065822503422,,
2011-09-29,2970.205593207446,5159.855573057034,96.62781722465408,15.534896,1.1597824,16.50661,1.5312477,16.151608221535025,1.0601789080295956,17.34865871219251,1.52653062567033,,
2011-09-30,2411.3254448511702,6169.166615029758,97.43559499597588,15.123194,1.135971,15.804956,1.2708246,15.613364657610653,0.9678556243519554,16.784688945806135,1.4342037900859004,,
2011-10-01,2086.7800772878354,5020.655615029758,97.3804974564966,14.654564,1.1847883,13.327147,1.1524994,13.71688317350753,0.8853232906146088,14.79756212956052,1.3516615817338915,,
2011-10-02,2233.5702388442187,5429.828315029758,97.39506708362508,15.351724,1.2114323,12.952636,1.1713909,13.651872704050273,0.9019596631502098,14.72944438189038,1.36829768869358,,
2011-10-03,1929.62908296322,4194.312215029758,97.02145885327572,15.229239,1.1183704,12.350892,1.1898018,13.257847665902057,0.8878308640463811,14.31658629382589,1.354167383382134,,
2011-10-04,1760.638077520091,3582.638215029758,96.45688561795828,15.429973,1.0819798,12.21895,1.1830648,13.276999295315518,0.8696739011902886,14.336653305658745,1.3360104896297431,,
2011-10-05,1593.989564721835,3364.4075150297576,95.74451251303736,15.505301,1.0724921,12.228094,1.1677161,13.28162698113046,0.8640912093699633,14.341502179036688,1.3304278145701554,,
2011-10-06,1220.905293136897,2941.7641150297563,94.832496689052,15.361535,1.0572976,11.674831,1.0825561,12.75613658139225,0.8255038602850404,13.79089513449006,1.291838718768851,,
2011-10-07,775.2393119930832,2193.553789363328,94.25067846182915,15.376872,1.0488365,11.927389,1.0732356,12.828150724643196,0.8389470630643455,13.866351307620368,1.3052821422458185,,
2011-10-08,499.7529550131546,1722.8060137414263,93.89158161873152,15.581046,1.0300177,12.725281,1.0885189,13.367413181559293,0.8749696669865612,14.431388666600563,1.3413065873262067,,
2011-10-09,419.6629293692688,1466.7566113691971,93.59424014771965,15.679448,0.9991195,13.59005,1.1075809,14.05486842664009,0.8894038003481728,15.151701922448026,1.3557435500707788,,
2011-10-10,387.7894737036004,1195.1243329711242,93.33296800345876,15.685942,0.9842104,14.2675705,1.1212274,14.615049568099986,0.8802123662570865,15.738657807586268,1.346554821208786,,
2011-10-11,387.7894737036004,1132.310342271032,93.1106815840223,15.678639,0.97106075,14.531486,1.09305,14.824133569725026,0.8510560873486961,15.957735309771081,1.3173996439865112,,
2011-10-12,389.4604367036004,1132.2281848399705,92.82668654949164,15.422509,0.96935064,13.856166,0.95450324,14.257055226837897,0.7522942824194249,15.363552560554288,1.2186349671516952,,
2011-10-13,402.0384288357545,1276.532275979425,92.49270728606508,15.4803095,0.97960025,13.342074,0.94332385,13.854208124708029,0.7547797083518127,14.941450744006541,1.221118576350308,,
2011-10-14,688.6536703008328,1670.652284634882,92.4579339791886,15.549588,1.0227486,12.967569,1.0555923,13.72123029782212,0.8048860021206873,14.802117031557446,1.2712243111709374,,
2011-10-15,630.2103187709238,2304.1178901930416,92.57802433008932,15.075662,0.94177943,12.657148,0.98485285,13.176576294267536,0.7993486580528687,14.231430428439525,1.2656848888092127,,
2011-10-16,654.8340346806997,1995.9163981752447,92.30320710674188,15.083577,0.9065585,11.746152,1.0057515,12.57062019658308,0.7897142322034325,13.596511700643049,1.2560485494676819,,
2011-10-17,600.6499851337537,2543.3880666118607,92.19970870491235,14.850818,0.8871689,11.746504,0.9678627,12.339564739972621,0.8010929668512328,13.354412583030177,1.2674266650855337,,
2011-10-18,622.8235302988921,2038.132687204172,91.87557765400749,14.766524,0.8732452,10.794907,0.9613375,11.7245036309277,0.7641682825263634,12.709953655454129,1.2305006305398716,,
2011-10-19,579.339913565851,1881.2000703837173,91.56129909497017,14.867262,0.91171473,10.763292,0.86935323,11.729581579926275,0.6984674333169401,12.715274313056737,1.1647997907064958,,
2011-10-20,1227.6072988441936,2644.283520508929,91.43505302991134,15.085132,0.85994244,10.450653,1.0283209,11.920043609923978,0.7533543264594343,12.91483977702645,1.2196870568213036,,
2011-10-21,910.6899348122872,2424.6489241988425,91.15649886210268,14.427985,0.8127741,9.783663,0.94111574,11.05176113272129,0.7192440017922311,12.00505636548864,1.185575368416727,,
2011-10-22,774.7797688687189,2113.40195810612,90.87975690868193,14.293164,0.77902955,9.525144,0.92470944,10.804206463158623,0.7081849344288982,11.745669428944181,1.174516070212995,,
2011-10-23,650.6329297602435,1845.074301697504,90.6228255223979,13.999086,0.74862653,9.485271,0.9023456,10.662026720972397,0.6950663741694857,11.59669398109859,1.161397409063134,,
2011-10-24,591.316418988233,1657.903332416274,90.36619736723482,13.831851,0.7272597,9.371029,0.87545717,10.543772182107311,0.673029607614149,11.47278727950867,1.1393605762073913,,
2011-10-25,527.4750237036003,1563.785743886157,90.12879796310672,13.642593,0.72078186,9.504096,0.888566,10.547941936487494,0.6888674793550653,11.477156333894634,1.1551984500140648,,
2011-10-26,478.4678337036004,1487.259923024467,89.88994193751535,13.486447,0.7053082,8.898818,0.8413628,10.015469624709253,0.6593140620512618,10.919233665778933,1.1256449297918858,,
2011-10-27,439.9311537036004,1864.636151038988,89.69468639338697,13.002797,0.7675499,9.125304,0.8222288,9.865499539256279,0.6812133696757009,10.762095522888398,1.1475442669600775,,
2011-10-28,469.0433137036004,2031.2339254219848,89.55965548304,12.56891,0.7160412,7.016964,0.8086321,8.058489658959864,0.6705281271596576,8.86871674726808,1.1368614027772193,,
2011-10-29,395.4080587036004,1846.4421945154825,89.46177741393579,12.23269,0.73112845,6.038298,0.7108346,7.13083872425336,0.5994940380890271,7.896727268898689,1.065829985410617,,
2011-10-30,454.4759937035996,1951.0965020533984,89.3773486251601,11.928403,0.67432606,5.5337863,0.6918235,6.741897771561992,0.5754004454251959,7.4891962681968085,1.0417378057684494,,
2011-10-31,461.57215781737625,2019.298494778592,89.28475125875816,11.662028,0.62552637,5.175557,0.6605501,6.382381238494253,0.5501048532582842,7.112496073794221,1.0164436736035982,,
2011-11-01,491.25144854563126,1992.2491884631747,89.05771018811957,11.695741,0.59842354,5.8696084,0.6802265,7.022052612623064,0.5583650581368348,7.782741552999184,1.0247013832493232,,
2011-11-02,430.0118899096777,1820.06130354555,88.82559228286695,11.631872,0.59673834,6.9070587,0.7259604,7.8100186603570325,0.5981934435444495,8.60836968428765,1.0645273382691116,,
2011-11-03,387.7894737036002,1661.1429353600038,88.59820720541586,11.617762,0.59350187,7.529053,0.74909854,8.30289917696062,0.6176217069355462,9.12480820475713,1.083954442457288,,
2011-11-04,387.7894737036004,1465.1869452374333,88.42737213645549,11.145873,0.5865158,6.940244,0.7625373,7.820394959702262,0.6153211485345188,8.619241935271976,1.081655015992042,,
2011-11-05,387.7894737036004,1273.1591444860792,88.24330889186629,10.914672,0.59023863,5.6475377,0.70831573,6.87728026199233,0.5601574630992802,7.631049578887825,1.0264943119675016,,
2011-11-06,387.7894737036004,1110.0062108374732,88.09589541724095,10.849169,0.58463913,5.358661,0.6809356,6.78019087711524,0.5268493599790827,7.529319653297069,0.9931865735248723,,
2011-11-07,387.7894737036004,996.4110429059364,87.95790379766747,10.923896,0.58866066,6.002376,0.7012246,7.381160101977415,0.5310307282929126,8.159013152797131,0.9973658577087208,,
2011-11-08,387.7894737036004,889.588648907242,87.81769367768442,11.11361,0.56063455,6.7137265,0.66555095,8.049453641931237,0.493762270564887,8.859248839513562,0.960095567459914,,
2011-11-09,387.7894737036004,852.4774182824491,87.64710534693307,11.014375,0.57618564,8.298902,0.79834354,9.147938100147723,0.5775451330056305,10.010237099851524,1.0438765276529525,,
2011-11-10,387.7894737036004,877.7242421886523,87.47464752866635,10.784453,0.5955852,7.870608,0.74410576,8.763493179952407,0.5474095842981389,9.60741702663009,1.0137414877019966,,
2011-11-11,387.7894737036004,912.1064804953576,87.41198818322053,10.281768,0.57091683,6.662489,0.7719035,7.742204785634297,0.5677741910819627,8.537314538163303,1.0341082670421966,,
2011-11-12,387.7894737036004,824.4365304953575,87.29352372486677,10.197215,0.58897024,5.0994887,0.9513324,6.73024455926907,0.6738774100413994,7.476986072190798,1.140214815390345,,
2011-11-13,387.7894737036004,765.7917304953575,87.14270423327815,10.380565,0.5758861,4.923269,1.0243922,6.7578010283035255,0.7070499702496345,7.505859646248024,1.1733872694237777,,
2011-11-14,407.5574927036004,732.3517304953574,86.98053189826267,10.524919,0.5680587,6.302871,0.9704551,7.8124010989795005,0.6557297707405059,8.610865995332313,1.1220636591936357,,
2011-11-15,387.7894737036004,951.8035304953574,86.89330426044069,10.50636,0.5775054,8.679042,0.6754843,9.2080195128343,0.5082261465056481,10.073190198686484,0.9745574769178506,,
2011-11-16,409.8331177036004,902.1896304953576,86.79543137520363,10.384805,0.5923415,8.732108,0.7040159,9.248356637769012,0.5182590018677585,10.115455300307513,0.9845902914706293,,
2011-11-17,494.3947897036004,962.5099304953576,86.76959789395477,9.916514,0.5803831,7.09065,0.9038416,8.049595834498058,0.6287684094369359,8.859397828399016,1.0951017059964132,,
2011-11-18,409.6726737036004,892.4442304953575,86.67046971479651,9.584605,0.5775253,4.7675366,0.9506133,6.2830851726475,0.6763932597282066,7.0084539954266125,1.1427325093693743,,
2011-11-19,387.7894737036004,844.8868304953575,86.54964482369637,9.61036,0.57809794,3.3087974,0.9414496,5.291215377894191,0.6704162106052977,5.969176215021372,1.1367603674027182,,
2011-11-20,387.7894737036004,820.1557304953575,86.42355855000342,9.915158,0.56545836,3.6393247,1.1101378,5.654070203974387,0.775299217374041,6.349374261431029,1.241641448471431,,
2011-11-21,387.7894737036004,775.0029304953574,86.28435374233703,9.667243,0.55131656,4.9836335,1.0471212,6.545610059264077,0.7217209143693516,7.283526674227032,1.1880590535175837,,
2011-11-22,409.8679517036004,820.0456904953575,86.14064895385036,9.484876,0.6418497,4.5597057,1.1867787,6.20101553665747,0.8196853675021742,6.922461711377276,1.286024980474479,,
2011-11-23,2183.437173703601,4005.9549304953575,87.12114040557822,9.610295,0.57015395,5.7093835,2.0127552,7.085511499881902,1.318149438924518,7.849233558145641,1.7844855420129275,,
2011-11-24,858.4463337036002,3640.716613810334,87.69012937201428,9.409247,0.654228,5.0288024,0.7246822,5.864597185391443,0.5995505039893528,6.5699637129093365,1.0658916868319117,,
2011-11-25,631.7438290743717,3061.886571878222,87.90960334851223,9.474446,0.6010626,5.886958,0.6765327,6.500547807754786,0.5701657447140351,7.236310601133197,1.0365040688738936,,
2011-11-26,581.8441521417346,2705.1036035555785,87.88894410236927,9.527745,0.5707107,6.2757506,0.7015092,6.851407503899356,0.5861028485808004,7.603940191399606,1.052439793576018,,
2011-11-27,578.0612736653325,2464.061469858423,87.71379492882441,9.582074,0.5658641,6.697842,0.7199004,7.245901154106261,0.5929365742368804,8.017289289577318,1.0592721367006848,,
2011-11-28,547.4082802023778,2211.7125873107943,87.48081644499062,9.764738,0.5524696,7.2839856,0.68836087,7.7761657356857,0.5625717099807285,8.572898705537462,1.0289056945213497,,
2011-11-29,1255.446192042214,2582.401791142945,87.34156670847764,9.878786,0.62897587,8.443061,0.8408589,8.912718807781435,0.6020448437073949,9.763775129367055,1.068376529559346,,
2011-11-30,1528.4076330273438,5166.567577896859,88.06826295737662,9.492668,0.5454431,7.886835,0.83089477,8.25343354249505,0.6531871187999706,9.072978282053917,1.119519958116134,,
2011-12-01,733.4164317543579,3296.0504995968217,88.25361460121611,9.029385,0.57073015,6.3241,0.74076295,6.8164976991036195,0.614774320837171,7.567361817267831,1.08111139674885,,
2011-12-02,575.2410728157138,2810.32906872924,88.27496099285418,8.947092,0.52692735,5.637548,0.69913346,6.199871481436533,0.5872092521648306,6.921262974227536,1.0535488702564328,,
2011-12-03,504.7386097566733,2467.8031773115067,88.21983176803681,8.814257,0.5075904,5.0713124,0.67017514,5.706865636764419,0.5630153853018731,6.404693135436266,1.0293573487584455,,
2011-12-04,485.4340711507298,2225.469643239807,88.13226104950373,8.871029,0.49608013,4.9423738,0.6565676,5.6458672231661975,0.5462689066759792,6.340779206180696,1.012611179643641,,
2011-12-05,485.4351288378837,1960.5607643694475,88.01623734953131,8.970021,0.48287454,5.4380655,0.6631114,6.139021480701348,0.5400797603866787,6.8575045514625295,1.0064196529206726,,
2011-12-06,526.6350413067,2132.134339201653,87.98473455411163,9.195073,0.48303404,6.829658,0.67297214,7.298187000568981,0.5480888554321741,8.072074220770732,1.0144242480155052,,
2011-12-07,1619.0199852223664,3066.178239029446,88.67308388848933,8.775096,0.63318825,6.7926273,1.3479724,7.4776904072784145,0.9088965001884479,8.260157276719177,1.3752313333462212,,
2011-12-08,810.9949917655947,4678.853028998269,90.57733320937238,8.317915,0.6573838,5.6809163,0.67472947,6.070470390475328,0.5831965515065708,6.785676953453885,1.049536758288695,,
2011-12-09,1080.186655624988,4298.683997777755,91.25770271447288,8.41607,0.5615679,5.5217957,0.7076694,6.103024897485862,0.5766892279751499,6.819787454617508,1.043029284852567,,
2011-12-10,1263.3007607628049,3738.566134330996,91.48594379205215,8.263602,0.5195399,4.4834204,0.7732152,5.438165220483826,0.5926367214796457,6.123149757763884,1.0589800802593068,,
2011-12-11,1333.2453451395086,3153.9945370447263,91.36990317226808,8.1563635,0.49219522,3.3821878,1.0287062,4.800687326581406,0.7376983893289422,5.455202599642096,1.2040453887753753,,
2011-12-12,1313.488692478005,2821.359368537735,90.7092667526328,8.23157,0.46413407,3.0620112,1.1370263,4.7041894293394435,0.7897201859619868,5.354092432773527,1.2560677770138917,,
2011-12-13,1148.7139172911045,2565.667509924064,89.96365744350592,8.155764,0.44693923,3.08737,1.0408236,4.654827247572326,0.7321036930409807,5.302370907454119,1.1984515908377351,,
2011-12-14,949.149911226503,2297.169793376091,89.38181401821049,8.265603,0.41663888,3.8728752,0.7723573,5.157208745139097,0.5599486095557088,5.828764523299343,1.0262935156120236,,
2011-12-15,695.9501070815137,2369.308437717586,89.12489186061974,8.260734,0.42233884,4.7465124,0.61937284,5.544397021687693,0.4882562189040828,6.234459075930051,0.9545990161674115,,
2011-12-16,387.7894737036,1960.345066042564,89.29495271838287,8.056452,0.42319238,5.3449783,0.6642117,5.792772464475035,0.5589054573186033,6.49470601585365,1.0252469920935203,,
2011-12-17,387.7894737036,1642.6789075562765,89.23298752598926,7.571287,0.42425478,3.8827772,0.64127946,4.5872281387785865,0.525093752057133,5.231540792336032,0.9914420744471859,,
2011-12-18,387.7894737036,1387.424136966324,89.07488106812761,7.3310843,0.42119434,2.4551063,0.64998376,3.5202473368153933,0.516262040811127,4.113561955330408,0.9826177571871986,,
2011-12-19,387.7894737036,1374.1813744098877,88.89934252742026,7.5952735,0.44283706,2.8481736,0.65466255,3.8929555820251034,0.5197979254906475,4.504084380621742,0.9861509111028752,,
2011-12-20,387.7894737036,1374.4608797849685,88.75086511925413,7.4285727,0.44039485,3.6053948,0.6445882,4.44669875010717,0.5119994244013725,5.084294579261805,0.9783486461881954,,
2011-12-21,387.7894737036,2239.1226288627186,88.70394708464526,7.392927,0.46202016,4.1706424,0.6220638,4.646321833629809,0.5346022227318779,5.293458963799453,1.0009501736641426,,
2011-12-22,413.7083863690833,2503.647700617793,89.13536937118009,7.5611887,0.47441664,4.8232946,0.6255899,5.2115536313269715,0.5410742592870521,5.885706909278298,1.007418859014219,,
2011-12-23,596.8730881179413,3967.10886392727,89.6084278032229,7.0216484,0.44099286,4.855349,0.66366464,5.138655569528948,0.5797469683077608,5.809324569315887,1.0460919797173025,,
2011-12-24,672.8944376966034,2958.5451729987594,89.7487704122995,6.8139315,0.4228163,3.153164,0.6449998,3.8314927242930716,0.53129175743347,4.439683808390387,0.9976451824339664,,
2011-12-25,719.7396438242179,2564.086650887257,89.64186766492091,6.841181,0.4150007,2.8593073,0.6587636,3.732042923188099,0.5223579894433041,4.335480646744736,0.9887121345451926,,
2011-12-26,712.1247897800728,2308.9276626989777,89.47446884026348,6.855834,0.40402415,3.3328242,0.65549076,4.163270783622765,0.5099499908435248,4.787319724829481,0.9763010952976198,,
2011-12-27,724.123141503303,2681.753964773452,89.32885120189317,6.7948294,0.44610855,3.757144,0.63924736,4.4029859180889845,0.5121954343145411,5.038492423297992,0.9785449404715066,,
2011-12-28,670.8347544710477,3670.1186490461073,90.22023391883349,6.4341507,0.4471502,3.5503078,0.6342945,3.9959660875181946,0.5407066451612444,4.612018436153606,1.0070589040554843,,
2011-12-29,920.9786229488208,2595.6293288346783,90.10656191427138,6.3283315,0.42124054,2.152379,0.6107895,3.246036041619531,0.46412917263258463,3.826244297568604,0.9304869995366385,,
2011-12-30,830.9158593851563,2407.0117333343046,89.96797952680822,6.56704,0.39727587,2.9912305,0.6308491,3.9088534799873784,0.4799143940262008,4.5207421437623685,0.9462672666901164,,
2011-12-31,728.3496295180914,2230.878398590896,89.86815861256039,6.605784,0.38723624,4.117132,0.6404996,4.729659699029622,0.4921711749734253,5.380780094289134,0.9585186088387219,,
2012-01-01,681.8688999814254,2030.3922564639745,89.72517210744178,5.0649295,0.52777785,3.7832294,0.86803615,4.10545181055461,0.6632178955353433,4.72673720249294,1.129569395333617,,
2012-01-02,657.3874369020366,1989.3106948674167,89.5533848949871,4.7708535,0.711447,3.1015143,0.8540634,3.516145154983912,0.6658089446982364,4.109263703229989,1.1321646920140889,,
2012-01-03,633.3017155533097,1670.500727866676,89.24354722417165,4.4140806,0.69831187,0.87557894,0.67060864,1.848292199581434,0.522781347593627,2.361693077829386,0.9891512687701961,,
2012-01-04,568.4912552646814,1421.8851712757496,88.80075489620232,4.270971,0.67818856,-0.29824686,0.4733479,1.0068129567823678,0.3897010841682436,1.4799940036774166,0.8560793637497763,,
2012-01-05,387.7894737036,1152.0318013668343,88.61219686047897,4.4634542,0.6852568,-0.008955121,0.53793585,1.1173790210530816,0.4379015544205892,1.5958447478690874,0.9042786895468481,,
2012-01-06,387.7894737036,1104.8200707402466,88.47720740808425,4.622165,0.6997028,0.8750924,0.7822212,1.8486057890224101,0.6068624011554246,2.3620216557736886,1.0732323193680382,,
2012-01-07,387.7894737036,1024.0644527055958,88.36036521528271,4.7244167,0.70472324,2.043222,0.94511354,2.779657281452744,0.7123255794460798,3.337574226901882,1.1786871934307177,,
2012-01-08,387.7894737036,973.6727047153006,88.23060221565886,4.6346555,0.6944725,2.5041506,0.999343,3.1109888991561845,0.7415660068046915,3.684742363331072,1.2079249047314533,,
2012-01-09,387.7894737036,912.7125288460118,88.04067646098719,4.6253858,0.6875888,2.1471696,0.8895839,2.8861351147663066,0.6571276975332765,3.4491413366715684,1.123488424986955,,
2012-01-10,387.7894737036,824.549831301915,87.9681904831294,4.6705523,0.6795371,2.3902066,0.94273883,3.1196179264985893,0.6770274703903133,3.6937838286835896,1.1433862992588275,,
2012-01-11,387.7894737036,788.2101754173539,87.78267164741965,4.7895136,0.7104666,2.5404882,0.99705374,3.2821112150799574,0.7081484404961527,3.8640437410036275,1.174505984827479,,
2012-01-12,496.6731937036,1578.2880069461078,87.84901852406325,4.8170257,0.72842956,2.974574,0.76804334,3.4155926037245146,0.6096654616293129,4.003905083742094,1.0760219733572876,,
2012-01-13,431.1275667036,1934.048472925764,87.90463388548365,4.729359,0.7141285,3.0638795,0.6793867,3.3674654307309737,0.5705939531602382,3.9534775963939723,1.036950834848051,,
2012-01-14,387.7894737036,1424.1597714162708,87.76803330124051,4.4380584,0.68002474,1.4054148,0.5157441,2.0544546600495406,0.43069995232998937,2.5777093991767517,0.8970679491834326,,
2012-01-15,396.1294617036,1166.8011312013896,87.40079161981868,4.1578407,0.6632261,-0.24166691,0.34372532,0.8734015371056123,0.30676325229151546,1.340205974184236,0.7731429314066556,,
2012-01-16,435.1009337036,1053.4653289249827,87.12187015903447,4.2817645,0.6700812,-0.67720044,0.3767502,0.7722817473437675,0.33083559648411803,1.2342530041324842,0.7972163499406328,,
2012-01-17,387.7894737036,931.241418495358,87.02444122417475,4.5570984,0.6947023,-0.1626805,0.57689655,1.22491441973614,0.4556315217294169,1.708519971017825,0.9220075571793274,,
2012-01-18,387.7894737036,1600.414900495358,87.15399628335263,4.4833326,0.68901324,1.2564404,0.68853855,1.8858298425911564,0.5703025940392885,2.401024891858959,1.0366721612199603,,
2012-01-19,387.7894737036,979.5762664340164,87.00727788838704,4.3058333,0.6748668,0.15183955,0.59913343,1.3299260139273883,0.46995664100459494,1.818550760447238,0.936331615347843,,
2012-01-20,400.9299147036,942.950290495358,86.89380506556081,4.2598553,0.6612927,-0.40576446,0.53357977,0.9861650533412211,0.42319352577986513,1.4583592010331101,0.8895720206341682,,
2012-01-21,409.7689567036,946.841470495358,86.7392656862288,4.082221,0.6578072,-0.51617146,0.4270444,0.8727891879658201,0.35821105184933016,1.3395643568487725,0.8245907374351522,,
2012-01-22,478.3845897036,960.688880495358,86.56839051295293,4.061227,0.6400908,-0.93915415,0.4591575,0.7230995583155306,0.373138088397122,1.1827200745896003,0.8395193686131267,,
2012-01-23,503.9918887036,1010.962380495358,86.46970694752838,4.385012,0.66340744,-0.57217646,0.59710336,1.0769709132913634,0.4554991820839983,1.5535052706845653,0.9218767338486527,,
2012-01-24,413.4067587036,1410.999830495358,86.6700602272509,4.5034647,0.6537267,1.2869152,0.7419706,2.015778648797852,0.5926530119705617,2.537184806794563,1.0590213661227739,,
2012-01-25,387.7894737036,1025.2162991949167,86.67677466400822,4.479494,0.6444058,1.8115958,0.82262665,2.543781678482665,0.6225124655318782,3.0904245764102454,1.0888760895815266,,
2012-01-26,387.7894737036,937.403600495358,86.83577397847839,4.5033064,0.6378731,1.4721892,0.7387213,2.3591809531564234,0.5548880482141434,2.897000567439421,1.0212532897597195,,
2012-01-27,1018.6725337036,3557.251259091722,88.10618120187185,4.5105033,0.6698148,2.5126863,0.6721059,2.9574317155095904,0.5433454772075661,3.5238456712151436,1.009705618295216,,
2012-01-28,675.9496718058618,3161.5532391525267,88.64090771075215,4.3810616,0.62627095,2.8873763,0.6888424,3.1504786629965715,0.5781296348118955,3.7261196028940247,1.0444882173982553,,
2012-01-29,757.7457280940915,2931.0931129220885,88.65977843853565,4.297239,0.61759895,2.7730708,0.6860372,3.0861589821565754,0.5596822592574779,3.6587256611757066,1.0260413563735038,,
2012-01-30,786.2666014944698,2747.87283488809,88.49675441877437,4.144931,0.592033,2.636694,0.6817704,2.972242766624164,0.5462104869752237,3.5393646399439485,1.0125705069812745,,
2012-01-31,755.1826298213538,2566.420909928622,88.27649027793821,4.2349577,0.59252214,2.8106766,0.6897621,3.1344937759959732,0.549703586993529,3.7093706929364005,1.016062297010303,,
2012-02-01,667.5649649277999,2465.9305663756045,88.12771550874479,4.298872,0.5840841,3.622079,0.7010274,3.7662639938134346,0.5655386924170568,4.371337367567085,1.0318925884528212,,
2012-02-02,591.7891614688082,2197.903794037812,87.99063270703478,4.139552,0.56488407,3.5114532,0.6891681,3.6446943956542266,0.5560378727801946,4.2439571581807485,1.0223926596898054,,
2012-02-03,498.39075769439023,1765.5404942479631,87.79115206441267,4.064293,0.54253495,2.7798028,0.6702729,3.0625755194088393,0.5361877578685349,3.634014989524663,1.0025470448274238,,
2012-02-04,387.7894737036,1289.108337415791,87.8537853696963,4.0799537,0.5151494,2.3641934,0.59746146,2.7609700066519873,0.47449439086824846,3.3179937642449024,0.9408561617799097,,
2012-02-05,387.7894737036,983.4234827663596,87.91651679152838,4.0751886,0.50136286,2.1945372,0.6359119,2.726399731523896,0.47760348533835273,3.281771148138262,0.9439655476077828,,
2012-02-06,387.7894737036,894.511430495358,87.87614471835194,4.2857313,0.49495474,2.5827684,0.72341865,3.09777320629841,0.5263754417137095,3.670895005530282,0.9927344455709493,,
2012-02-07,387.7894737036,847.209630495358,87.80291192424819,4.2537823,0.48250476,3.0494223,0.81842375,3.427591067750103,0.5815219535809881,4.016477033333408,1.0478783734877108,,
2012-02-08,387.7894737036,793.794590495358,87.6804982646517,4.1797905,0.4643763,2.758813,0.80860317,3.225170034099201,0.5641984111048223,3.804380966215681,1.0305564021293023,,
2012-02-09,387.7894737036,761.058830495358,87.46664758930886,4.3230014,0.45720473,2.9152937,0.8076655,3.3904601908954337,0.55685362742608,3.977571427490638,1.0232103320197328,,
2012-02-10,387.7894737036,561.679890495358,87.38264533028955,4.3328724,0.44880506,3.3576345,0.95985246,3.755948576864245,0.5966762857251248,4.360528908949212,1.0630302566970475,,
2012-02-11,54.9368420988,532.0375604953581,87.22968041125519,3.8985143,0.3910855,2.6254148,0.63756436,2.74456836105046,0.5790506823601038,3.3008081760498427,1.0454125913342058,,
2012-02-12,54.9368420988,492.833930495358,87.15136472927657,3.5704012,0.36064544,1.2386434,0.46666306,1.4724992752669757,0.42141573139530103,1.9679385363165447,0.8877892852653428,,
2012-02-13,54.9368420988,522.0862904953581,87.10192376629928,3.9813662,0.35740694,0.78469324,0.43067417,1.0890399914150488,0.3911537260583588,1.5661512094864833,0.8575311531860745,,
2012-02-14,54.9368420988,481.198570495358,87.03913911948979,4.025634,0.34946957,1.5071626,0.5884677,1.7652258393869567,0.5293810177964513,2.2746564295657596,0.9957517280518565,,
2012-02-15,54.9368420988,469.866660495358,86.96914094047072,3.9623103,0.3362906,2.0289688,0.6935337,2.2313525153287164,0.6219311603859061,2.763062367243205,1.088297544815847,,
2012-02-16,54.9368420988,468.688430495358,86.8976585379785,3.9922814,0.3589568,2.06843,0.680661,2.27027338544316,0.6104114348399289,2.80384352190478,1.0767774693089145,,
2012-02-17,56.8996446988,519.623650495358,86.81352209109404,4.028608,0.34075937,2.4961162,0.7072281,2.6473645723786756,0.6383152071594469,3.1989583785540763,1.1046779406698932,,
2012-02-18,54.9368420988,494.973990495358,86.72083660965936,3.872541,0.337584,2.7215319,0.7029044,2.8365192450025254,0.6335815214051227,3.3971539979364445,1.0999426603457787,,
2012-02-19,54.9368420988,463.955250495358,86.61322256597539,3.8807206,0.34228456,2.5052733,0.6311357,2.6508965473123434,0.5654776313899267,3.202659169816121,1.031840334751037,,
2012-02-20,54.9368420988,434.541330495358,86.48966705152613,3.8387728,0.34581056,2.3134449,0.56554466,2.4846408403763243,0.5035683953906301,3.028457008405263,0.9699325333977161,,
2012-02-21,77.63835580224878,412.1607174942946,86.23421029210137,3.8762035,0.34885257,2.2292902,0.5658362,2.490343497076342,0.47934531306931755,3.034432232601985,0.9457094013438052,,
2012-02-22,63.9433350988,422.81277049535794,86.00131494642342,3.9275541,0.35208392,3.0136347,0.6555204,3.1336928728566638,0.5712825007586927,3.7085315093647826,1.0376412171678984,,
2012-02-23,91.1543060988,449.031330495358,85.85006143637408,3.929615,0.39417204,3.7617192,0.8241306,3.79005101419771,0.6882831527352746,4.3962613262138674,1.1546368764345085,,
2012-02-24,93.5809270988,494.8850004953581,85.77377175209537,3.511805,0.3648067,3.916339,0.8681224,3.852007831615013,0.7323703633819115,4.461179467714931,1.1987236412427986,,
2012-02-25,54.9368420988,551.6149304953581,85.78672767947295,3.115147,0.35230264,2.944263,0.77650374,2.9597403652461676,0.7068945006050661,3.5262646665174047,1.173254622802805,,
2012-02-26,69.6489280988,483.4602904953581,85.73359758163359,3.1823869,0.35159203,1.8104475,0.50053906,1.9832055768195933,0.4397443046440175,2.50305485332122,0.9061129610414249,,
2012-02-27,76.0626430988,470.176930495358,85.56648980121646,3.3626757,0.35297358,1.8557373,0.5810375,2.06557513329015,0.5025387208132923,2.5893613930248263,0.9689066152496066,,
2012-02-28,85.10091809880001,495.895100495358,85.41383661238268,3.36656,0.3579443,2.4013042,0.6040572,2.542689292079481,0.5182373564869731,3.0892799776711253,0.9846009899936378,,
2012-02-29,92.6005420988,492.165400495358,85.24875549793092,3.3125591,0.36424735,2.613023,0.5663527,2.723797997207187,0.48014520668951294,3.279045059814798,0.9465072909416188,,
2012-03-01,112.7879540988,556.0902904953581,85.10241449930645,3.201108,0.37582067,2.7033508,0.82335603,2.787283869285209,0.6874468179725546,3.345565339562553,1.1538083680274098,,
2012-03-02,107.2314280988,563.566330495358,84.9668489137308,3.4646955,0.39874017,2.900611,0.8090508,2.9907835412694026,0.6827008647297415,3.558791600238762,1.149060733516959,,
2012-03-03,337.80904209880003,860.518706495358,84.9415938268103,3.4748378,0.3985465,3.609436,0.7006427,3.5714927365083984,0.5155227207471019,4.167256709955104,0.9818780522381065,,
2012-03-04,54.9368420988,1015.305021795358,85.11343956608314,3.015469,0.38517663,3.7436814,0.8562303,3.7063013874855346,0.8125195354523072,4.308508753628627,1.2788738687875791,,
2012-03-05,74.7839520988,823.205830495358,85.02130230640094,2.826366,0.3855862,2.1977057,0.53908473,2.25006012137705,0.4952322929432684,2.7826641329118966,0.961598508945664,,
2012-03-06,118.8380620988,723.9718681953581,84.83605920554838,2.8553607,0.37963918,1.7098615,0.4690295,1.8713794389278229,0.40643581750034946,2.3858838082967524,0.8728055207637117,,
2012-03-07,110.9429320988,785.686588495358,84.72168863970991,3.5246744,0.44470665,2.8245583,0.6798395,2.911185942671403,0.5982565689053878,3.475389508518557,1.0646170896706473,,
2012-03-08,309.3472120988,1201.308580495358,84.82060310090208,3.9631991,0.5106942,4.8643155,1.5005422,4.679787810925292,1.1978398495212037,5.328524500411939,1.664187591860557,,
2012-03-09,525.7346420988,3581.670780495358,85.88900955072873,3.0451865,0.4186745,4.815088,0.73093265,4.588546142325639,0.6396244766584732,5.232921791947264,1.1059727907201276,,
2012-03-10,54.9368420988,2196.916726495358,86.60839125389819,2.9232368,0.42603323,3.8103518,0.74880123,3.7887095458121047,0.7306071989443949,4.39485574022501,1.1969609323453259,,
2012-03-11,54.9368420988,1855.773551495358,87.13162946966008,3.6196256,0.52190876,4.2964334,0.7558346,4.276973834303876,0.734256133962135,4.906457392658714,1.2006064721098295,,
2012-03-12,54.9368420988,1549.860230495358,87.57581233536969,4.175161,0.6050848,5.696275,0.86647815,5.64420309360577,0.8370724318700691,6.339035536915823,1.3034147133412959,,
2012-03-13,54.9368420988,1357.186030495358,87.98260960636853,4.723774,0.6579092,7.4383397,0.79440945,7.332732986426304,0.7639328781697902,8.10827138666249,1.230268160226172,,
2012-03-14,54.9368420988,1096.057130495358,88.3717270987393,4.591202,0.6436548,8.42917,0.756323,8.245983782444828,0.7208786855442427,9.065172448939025,1.1872115407348218,,
2012-03-15,54.9368420988,922.257470495358,88.6868400815627,4.7653465,0.6440244,8.360674,0.7523513,8.158548360015255,0.7109773906008638,8.973557912200357,1.1773104368488405,,
2012-03-16,54.9368420988,826.9007304953581,88.96151608126421,4.926607,0.63060445,8.360218,0.8033581,8.146310468524488,0.7543340398867747,8.960735091329473,1.2206671135736602,,
2012-03-17,38.7789474072,646.7190304953581,89.2219765843508,5.2096305,0.6470749,9.027287,0.8150749,8.811319907357316,0.7698365106721106,9.657529708117464,1.2361683415773022,,
2012-03-18,110.43155783809394,573.353120800083,89.36946671571964,5.317978,0.5986552,11.277849,0.9156038,10.315327087922627,0.7737972046196652,11.233423290722447,1.2401280904279066,,
2012-03-19,157.00623693305067,554.0191431230329,89.55991542234285,5.624017,0.6150538,13.242947,1.0420952,11.560560115362392,0.8232631743466882,12.538174200257671,1.289595235497837,,
2012-03-20,485.1164805668163,234.59127756432767,89.67696556321194,5.8637476,0.6309656,22.686647,2.4471736,11.347231019217341,0.9039631602630351,12.314648702545922,1.37029489416591,,
2012-03-21,350.49280201093256,394.6670644988094,89.73413992384607,6.243935,0.8229789,19.26884,1.0941839,13.142456515158253,0.6969158259093684,14.195679840521448,1.163251937764291,,
2012-03-22,320.2079054067595,443.2665110985294,89.74016274161708,6.3845167,0.9664087,18.956812,1.0885003,13.683880393957926,0.750783107541156,14.762981929962804,1.2171212632358666,,
2012-03-23,307.40026525402527,471.3012263497628,89.68587770910807,6.336366,0.91239715,19.296638,1.1252178,14.180440318507383,0.7704061065588775,15.283275721500537,1.2367464314850811,,
2012-03-24,318.7134933798306,478.7956773801776,89.56251594919489,6.167139,0.6757043,18.614342,1.122943,13.639989596460346,0.7262441138333572,14.716993302378025,1.1925820913552752,,
2012-03-25,312.0005594796368,499.5829178976418,89.40134674299142,5.317481,0.46135822,16.83937,1.2848173,12.409960656138741,0.8105327695188014,13.428173183352635,1.2768666498858137,,
2012-03-26,295.03147641668784,530.3797755198761,89.26784154440911,5.0500164,0.5943335,12.242142,0.98260194,9.67141913306564,0.666165107351556,10.558738736712527,1.132496081056346,,
2012-03-27,291.61168958761874,557.041912550208,89.0684058715126,5.037437,0.66497386,9.149895,0.8452759,7.736784877239523,0.6000342659697241,8.531635576674288,1.0663683566418922,,
2012-03-28,267.7168497029954,573.5905486040335,88.88057018373536,5.7452655,0.700958,9.048571,1.5504435,7.997408537012756,1.0803462813173532,8.804716156487268,1.5466797025830323,,
2012-03-29,259.88471037693853,578.5243318574467,88.69088075688026,5.15844,0.6938416,10.124222,0.94775236,8.584960330386927,0.6884318102698961,9.420350917139396,1.1547640074161092,,
2012-03-30,269.7984959948839,586.3516059393545,88.46128322201102,5.515644,0.7000263,9.10425,0.9103566,7.973372941940467,0.6613519068695866,8.779531742132097,1.127685386618184,,
2012-03-31,99.02144355370169,507.4020475669199,88.45048794475608,5.149132,0.75265914,8.790903,1.0515059,8.1962469507381,0.8883504819397122,9.01305836669357,1.3546834447392424,,
2012-04-01,72.05890747713875,497.912209206746,88.47917615309761,5.220831,0.82819664,8.699468,1.0270725,8.259679122744656,0.9033131726204059,9.079522379690006,1.3696459986770115,,
2012-04-02,67.87717740720001,493.390730495358,88.5467667621306,5.5861325,0.81457376,8.46595,0.8157147,8.117678037928087,0.7238010009474317,8.93073412842563,1.1901341395010923,,
2012-04-03,118.1464443576435,518.0041976607765,88.45854501136672,5.9873915,0.7948623,9.075424,0.99473834,8.501912101252659,0.823336970236844,9.333333266538679,1.2896693164468962,,
2012-04-04,180.71325549928832,547.1015467391674,88.26051614054856,6.2374115,0.7777886,10.262474,1.0765741,9.26306850145242,0.831989430511361,10.130870340784996,1.2983207056933002,,
2012-04-05,210.07119311386128,556.5336558626825,88.00771467465297,5.780409,0.7518042,10.72221,0.8944526,9.368018069336127,0.6812448619384576,10.240836139261395,1.1475760414282514,,
2012-04-06,232.6721547631093,563.1198127359402,87.71467971552393,5.7011237,0.7459675,10.093031,1.0249333,8.808933380211279,0.7573501884286461,9.655029113131782,1.2236820228894632,,
2012-04-07,251.8003269637105,567.2372059713751,87.4321056913821,6.0185347,0.7481886,10.598341,1.2677336,9.190350896859053,0.9076192810160942,10.054677083264764,1.3739506298898676,,
2012-04-08,259.50752248684665,579.9245278686828,87.12750061653693,6.278416,0.7545277,11.70696,1.3445263,10.028744207925508,0.9577111744641272,10.933142728696032,1.4240420408289771,,
2012-04-09,262.8521231419313,592.2726343174606,86.93123528172637,6.3248615,0.75746596,12.263951,1.1430349,10.438366972160786,0.8252117126338984,11.362344060836387,1.29154263561305,,
2012-04-10,282.3092033384588,588.0924547623764,86.72876259138738,5.4936333,0.7480423,12.172617,1.1784241,10.006331374691255,0.8323556054477794,10.90965863864762,1.2986864742526203,,
2012-04-11,272.3937598735212,581.583260522494,86.53288983711943,5.0067735,0.7696333,10.824664,1.2609011,8.968926702342504,0.8931120830290796,9.822669569151067,1.3594436935406626,,
2012-04-12,253.71278196984505,582.5239914208787,86.22521516890103,5.3196,0.78720176,9.811642,1.2581408,8.448764091653935,0.9083831071715462,9.277644963758517,1.3747155529169444,,
2012-04-13,283.317311533533,570.7192220600466,85.84396765618854,6.0712247,0.7430542,10.574857,1.2953451,9.08082590623751,0.900041623908337,9.939917172483963,1.366373095189401,,
2012-04-14,300.865651391034,571.7887339048852,85.43764503457218,6.67727,0.752326,13.531709,1.5296799,11.168499153816255,1.0353093264669488,12.12737406494298,1.5016408262681713,,
2012-04-15,280.1546932665086,574.0527694797202,85.05645503013287,6.717325,0.77149826,15.211607,1.2991402,12.425734685763024,0.9089876509300792,13.444701157672137,1.3753215728859707,,
2012-04-16,271.7622816539811,561.5606637101145,84.70024678680967,7.9129844,0.9334158,18.634598,1.2082994,15.13807804519109,0.8692902300780695,16.286685257998922,1.335635534820689,,
2012-04-17,305.88903520099217,559.5694193155136,84.28841236928098,7.42272,0.85826564,21.157942,1.1561098,16.30334279969922,0.8066996434717393,17.507645684514245,1.2730524222849724,,
2012-04-18,320.99918942370186,566.0700401743404,84.02434430961088,6.9059334,0.8138457,18.601006,1.1033499,14.368969808995898,0.7631966263953576,15.48081627717858,1.2295378487769546,,
2012-04-19,331.4066061657756,549.4143452619404,83.79141924713008,7.289117,0.8298282,17.836615,1.1415356,13.868145844505232,0.7774810254328381,14.95605463916634,1.2438199531869985,,
2012-04-20,336.62501568684786,543.2708497418885,83.58795218780554,7.624193,0.8795298,19.65668,1.1973345,15.053366494725102,0.812241398802288,16.19792478499261,1.2785862207499148,,
2012-04-21,311.9341270596577,562.8699248858597,83.42806451272351,7.423931,0.8558551,20.675072,1.2108494,15.950033046572186,0.836728022818044,17.137448932916712,1.3030783714442373,,
2012-04-22,83.5545055931816,465.56999971209126,83.60220788410592,7.2596784,1.0184304,15.187473,0.8620506,13.981184049966787,0.747128789799762,15.07449568444718,1.2134682103944776,,
2012-04-23,347.5832974072,2237.1169304953582,84.593136001807,6.771821,0.99439925,11.139517,0.82179296,10.552161246701877,0.7237417547736461,11.481577312714274,1.1900727275431962,,
2012-04-24,38.7789474072,1511.612330495358,85.42223610427945,5.4324265,0.8238356,9.641498,0.78625417,9.536218801773678,0.766864978027802,10.41707629174402,1.2331960304284513,,
2012-04-25,38.7789474072,1141.151930495358,86.13420925821849,5.956021,1.019456,8.962601,0.7710583,8.863788137654446,0.7464694565199332,9.712505740469124,1.212801210900021,,
2012-04-26,38.7789474072,793.7254304953581,86.67829992340488,5.861682,1.0318692,8.910899,0.7830287,8.768863351423555,0.7481001040893978,9.613043873940546,1.214431999222433,,
2012-04-27,38.7789474072,702.246430495358,87.21868157015851,5.5924234,0.99103767,9.034365,0.7726573,8.854242854115448,0.7340573774868799,9.702504225005882,1.20038914555449,,
2012-04-28,94.22910772879956,562.2729682569199,87.52892159538199,6.130786,0.96200764,9.240189,0.8810343,8.793889571387806,0.7671070254402683,9.639266261671235,1.2334388824644287,,
2012-04-29,160.375175062385,542.621643965894,87.66695075609805,6.2822876,0.9334142,10.247649,1.0183566,9.343028371214466,0.8143706919305644,10.214652018992528,1.280701893063026,,
2012-04-30,206.2097471270676,508.2172592047085,87.67998956982909,6.5635486,0.91663784,11.616703,1.4227936,10.158177955425517,1.0461327957043782,11.06876296687941,1.512463659218278,,
2012-05-01,103.4105262964,505.561410495358,87.77932112215015,7.0166306,1.0341018,12.185497,1.6413367,11.307763538384032,1.3738870948052717,12.273294811041614,1.840218773870611,,
2012-05-02,103.4105262964,495.6836304953581,87.91225897944426,7.0499516,1.0514193,12.807818,0.9373761,11.813944519121929,0.7965255156472507,12.80366951236566,1.2628580331217196,,
2012-05-03,103.4105262964,562.633580495358,88.0033389403164,7.8498163,0.9727585,13.561556,1.4148078,12.674746736894805,1.204648803209297,13.705615133642903,1.6709834194024236,,
2012-05-04,387.6563462964,962.066290495358,88.35056250119774,8.172362,0.9810775,16.646471,1.2102429,14.212606520099742,0.907500843480245,15.316979357574352,1.3738413186507534,,
2012-05-05,151.7434232964,717.944770495358,88.61748385068805,7.3447566,1.0112889,15.935066,1.0421678,14.436226756074241,0.8782382512459445,15.551287876420897,1.3445798036280467,,
2012-05-06,145.2471392964,645.910780495358,88.79196487665439,7.935461,1.0612723,16.038363,1.0382717,14.55076662940819,0.8697611635594285,15.67130236416524,1.3361032898463547,,
2012-05-07,141.38078329639998,649.4759304953579,88.93859365377739,6.638257,0.94340646,15.48283,1.0330632,13.901693237594497,0.8649842631759875,14.991205482969244,1.331323335670013,,
2012-05-08,688.7596262964,938.504280495358,89.25469691630019,7.067331,0.95009017,17.499199,1.4813753,13.083781397193418,0.9442742195207794,14.134200252488752,1.410610130016941,,
2012-05-09,444.8201062964,1313.661930495358,89.9817200909339,7.7197986,1.0903643,13.283733,1.1542411,11.876297853243804,0.9053065296694539,12.869003122714352,1.3716391706957158,,
2012-05-10,373.2207062964,1091.542030495358,90.36888141652004,6.75449,1.0785439,13.932891,1.0581065,12.10383843082007,0.8350189297164594,13.10741936209021,1.3013520593323684,,
2012-05-11,238.9568062964,975.222180495358,90.62972447390352,7.4813848,1.1772879,12.813551,0.97704476,11.76415261619897,0.8182463858669348,12.75149772668809,1.2845788078731708,,
2012-05-12,173.50127029639998,790.707730495358,90.79782211894889,8.288751,1.2578844,14.258076,1.0254732,13.183946058771554,0.8708764884680794,14.239152442494555,1.3372127450816145,,
2012-05-13,121.1842232964,691.597970495358,90.9311127591111,8.989276,1.4216298,16.297632,1.0942239,15.207970698309602,0.9548993531487815,16.359918541020416,1.4212450624084152,,
2012-05-14,192.3120862964,742.815230495358,91.07723364256177,7.927283,1.2954695,16.384594,1.0589545,14.645319403715565,0.8823587742399612,15.770374437872016,1.3487013855914702,,
2012-05-15,2123.4547262964,2738.259430495358,92.52337851791157,9.643512,1.2735368,16.874226,2.1971254,13.716061028410609,1.356752265290257,14.796700688738328,1.8230905530207957,,
2012-05-16,755.4691762964,5177.166930495358,94.37679668589254,9.586004,1.3024975,14.351942,1.063383,13.745041682320219,0.9426766504013958,14.827066518839409,1.4090150580519956,,
2012-05-17,371.4439762964,3772.7602304953584,95.32038206520556,9.169156,1.4784813,14.205527,1.0134773,13.754118624266583,0.9321074737787134,14.836577307582836,1.3984459191866563,,
2012-05-18,138.0069262964,2514.651030495358,95.89417250894682,8.965226,1.6414471,13.281853,0.9797798,13.057276326843606,0.9327234654981108,14.106428330379268,1.399059286326422,,
2012-05-19,114.8482362964,1902.190030495358,96.26462696166726,9.697433,1.8348107,14.123867,1.0583316,13.871830127040734,1.0035241109583448,14.959915017812948,1.469863054545384,,
2012-05-20,103.4105262964,1484.123630495358,96.49967769427516,10.114959,2.0180554,16.153023,1.1301041,15.759708786890016,1.0646368618096966,16.93802782421267,1.530985960483599,,
2012-05-21,103.4105262964,1185.601730495358,96.73351139441148,9.431365,2.1254876,16.819622,1.091767,16.226901882546105,1.0185548862765004,17.427551152821415,1.484907127200686,,
2012-05-22,103.4105262964,1168.068930495358,96.9527322983929,9.063239,2.3967595,15.452932,1.068196,14.933253066565905,1.0004920805030282,16.072070345554614,1.4668362319588877,,
2012-05-23,103.4105262964,976.316630495358,97.3905839149307,9.632809,2.5312915,15.741329,1.142227,15.156287577155329,1.0609020370377622,16.30576514334488,1.52724744663334,,
2012-05-24,103.4105262964,767.718230495358,97.41355875912828,10.02151,2.5636728,17.495092,1.2267485,16.6079134650834,1.123139947785528,17.826773786581054,1.5894949361154922,,
2012-05-25,103.4105262964,675.611760495358,97.35880382311794,10.099894,2.6402268,18.498428,1.2747979,17.38357333235539,1.1597977345311858,18.639507544048033,1.6261588290114355,,
2012-05-26,103.4105262964,603.912790495358,97.37912480279182,9.969616,2.668947,19.718678,1.3512378,18.293366682818494,1.2178873452770138,19.592785906690285,1.6842564786037426,,
2012-05-27,103.4105262964,563.114910495358,97.43236700289408,9.754584,2.62417,20.784855,1.3712722,19.073523223922773,1.2279785677945245,20.410231263627626,1.6943553483191018,,
2012-05-28,103.4105262964,511.5350104953581,97.44597918303272,9.546743,2.5624309,21.83307,1.4721323,19.766976275501754,1.2981768570965657,21.13682900062141,1.764561019170153,,
2012-05-29,103.4105262964,495.354730495358,97.62112125423216,9.361133,2.325088,23.079594,1.7178293,20.710329143366465,1.4767917938040542,22.125270910879596,1.9431868802550012,,
2012-05-30,103.4105262964,515.574070495358,97.8209403464541,9.21123,2.1733792,22.778711,1.4297518,20.512063065954226,1.245013462975874,21.917528392705734,1.7114061689816609,,
2012-05-31,103.4105262964,490.64193049535805,97.85344426807671,8.861178,1.945757,21.899858,1.294519,19.630131696370267,1.1215423403990268,20.99344371838723,1.5879250022670488,,
2012-06-01,129.49447664115192,487.5194304953581,97.74465898479518,8.512704,1.734258,19.931065,1.2245039,17.534660526067302,1.033711628679145,18.79781618915364,1.5000739926091788,2.8956039411519297,4857.104396058848
2012-06-02,292.01767752532345,537.393350495358,97.80019841926406,8.2262335,2.0508,20.120052,1.3238766,15.932496057721051,1.1212098844330383,17.11907373594569,1.5875601161525583,3.0299475253234682,4854.074448533524
2012-06-03,135.94481774601337,501.274130495358,97.80519829028542,8.141359,1.7062755,17.837475,1.1461191,15.768897519571462,0.972317344426511,16.94765574690618,1.4386665024955627,3.1410987460133786,4850.933349787511
2012-06-04,197.29059118298534,1085.377130495358,97.84915420555193,7.442025,1.6502184,15.6128,1.0032368,14.356030727345555,0.8860601671830761,15.46725875165539,1.3524013266716315,3.354151182985337,4847.579198604526
2012-06-05,160.9334710516847,694.506130495358,97.85919554607892,7.580163,1.686034,15.602407,1.0463319,14.093186181165226,0.9067731819520436,15.191851134656773,1.373113105283766,3.4442510516847302,4844.134947552841
2012-06-06,156.18377659362895,581.949430495358,97.82655950822732,7.6194324,1.5532761,16.842102,1.1151141,14.890650260244787,0.9385882661978239,16.027431270721756,1.4049321838023092,3.5711015936289536,4840.563845959213
2012-06-07,163.2029479125994,614.345990495358,97.76791431379932,7.6778684,1.3805323,17.617434,1.1381598,15.531177290008017,0.9447987884617278,16.698573302975554,1.41114644099363,3.698917912599391,4836.864928046613
2012-06-08,152.18183069629362,556.620030495358,97.69934933680378,7.8998504,1.231049,19.001404,1.2105895,16.617867846588947,0.9867308409048859,17.837203953495216,1.4530859032394603,3.802710696293623,4833.06221735032
2012-06-09,155.09161614106554,539.436110495358,97.60606230021683,7.722447,1.1971769,19.51936,1.2646022,16.885048269840954,1.0179415215740444,18.11715468766808,1.4842986125670077,3.9901841410655536,4829.072033209254
2012-06-10,138.05353047229815,539.221850495358,97.48510741279787,8.000145,1.0439587,20.13038,1.3434166,17.65779428372888,1.0905420441668752,18.926835319519746,1.556905461985551,4.093173972298165,4824.978859236956
2012-06-11,138.12716027923565,467.4481304953581,97.33345569158722,8.089935,0.95592487,22.784796,1.4377886,19.43300882934875,1.1310551265714381,20.786899052152897,1.5974356650490154,4.234545279235658,4820.74431395772
2012-06-12,186.07173817159406,545.1191354444026,97.29038566514974,7.4988594,0.9208579,21.74098,1.3592696,18.1166786731662,1.0401079764744456,19.407652814154357,1.5064754745422149,4.566274791596309,4816.178039166123
2012-06-13,242.78661972602964,564.524980495358,97.34547557128494,7.7965164,1.0062318,21.050587,1.3093464,17.06462772190961,0.9642923852044581,18.30531742368397,1.4306508855899804,4.703769726029639,4811.474269440094
2012-06-14,167.006960793893,494.6118304953581,97.2610460993913,8.089742,1.0120391,21.48384,1.3159136,18.102879223415396,1.0163764290902464,19.393193797876524,1.4827438009461378,4.848080793892984,4806.626188646201
2012-06-15,157.4186394865364,424.102280495358,97.1244294140434,8.129013,0.99301654,22.77913,1.4042933,18.81332068736837,1.058839153861136,20.137591935283798,1.5252133064942262,5.067842486536402,4801.558346159664
2012-06-16,148.92916415503603,380.0448250918844,96.9334833520575,8.075666,0.92368114,23.892754,1.4326324,19.4395562416641,1.061628538111367,20.79375940839571,1.5280091464037435,5.332693196048728,4796.225652963615
2012-06-17,216.20993842238028,466.15632855999513,96.65271077816767,8.055357,0.90261704,24.644405,1.4223336,19.38811222230261,1.012878396734312,20.739856540761323,1.4792584578015884,5.620657915567393,4790.604995048047
2012-06-18,278.7474369449536,522.66551203425,96.39424060005771,7.8058615,0.954557,23.930847,1.3936071,18.322254944760306,0.9676265263108502,19.623054928803334,1.4339959303957899,6.020771887221993,4784.584223160826
2012-06-19,295.8681030055936,537.6072566238569,96.15396866224091,8.053148,0.94367224,24.391262,1.4511218,18.591538431726484,0.9941393962931646,19.905209245946942,1.4605113701722896,6.2871994484023634,4778.297023712424
2012-06-20,315.7003724629187,550.7309375919751,95.80446249391532,8.360597,0.8837908,28.126568,1.6904746,20.924468386882236,1.1217357033955064,22.349645278237038,1.5881334113537788,6.514942841169075,4771.782080871255
2012-06-21,367.1093029897207,573.1001019841141,95.40567495775548,8.395158,0.8719362,31.707607,1.8669304,22.60514879011224,1.1878140401396473,24.110656459622884,1.654234143477843,28.463568314298055,4743.318512556957
2012-06-22,388.5124374730188,620.3745761988614,94.92296264099356,8.080669,0.9019194,31.408195,1.8345362,22.424995296171076,1.1803318361671027,23.921892244495247,1.6467493844104624,9.268692063266867,4734.04982049369
2012-06-23,381.44218048776435,598.2801586197559,94.49753944720392,8.117683,0.9259089,29.576893,1.6589193,21.22202809731632,1.0752696458512896,22.661427325672882,1.541671083594809,9.842957656583595,4724.206862837107
2012-06-24,245.8773183041291,392.7414203137084,94.1859688528814,8.193448,0.9337409,28.039543,1.5825907,20.39851362474651,1.037544562821777,21.798551676357636,1.5039359257575973,10.704643462210518,4713.502219374896
2012-06-25,226.6023079608208,367.3565490353093,93.87072229007194,7.7353745,0.8494515,26.439425,1.5425776,19.303608855463914,1.0076046580303666,20.65131420184805,1.4739838267783814,12.060994609224924,4701.441224765672
2012-06-26,331.7766879448602,515.3805223697873,93.43742198939212,7.660897,0.9341577,24.487732,1.5020075,17.897748907411263,0.9842855909001944,19.1782589539703,1.4506511122799723,13.416266077466853,4688.024958688205
2012-06-27,433.2787741897159,658.3919248633799,92.92000733205636,7.9268656,0.8988429,25.293293,1.4185944,18.400642686495495,0.9269589397624304,19.705189336638373,1.3933290833524474,14.765559247903452,4673.259399440301
2012-06-28,304.59597073505165,455.6322938931547,92.54158458902958,8.190786,0.9047373,27.549536,1.559287,19.793185011818093,1.00237842226781,21.164290424943587,1.4687628741067387,16.335770044693646,4656.923629395607
2012-06-29,317.62872882061623,468.65732246150617,91.9955919837918,8.369118,0.8894835,30.981974,1.780526,21.84726667166769,1.1204410900556314,23.316550166607104,1.5868506947103187,18.218685233006696,4638.7049441626
2012-06-30,370.51711299044723,482.3539369113327,91.42064330120208,8.329346,0.8696344,33.583492,2.0275657,22.612204789076458,1.2073522595190742,24.118049711217868,1.673772463686643,56.125759217042315,4582.579184945558
2012-07-01,369.1866499359653,493.5538382908384,90.88472396611267,8.303999,0.8766793,33.12333,1.9223031,22.50256254628794,1.1619336158489564,24.003166944017316,1.6283522596709366,41.44169502833509,4541.137489917223
2012-07-02,409.988350504759,547.7776157406364,90.41861790460013,8.131466,0.88065755,32.142353,1.876094,21.864075939982808,1.1372959932389717,23.334162860488075,1.6037058236265447,41.056136612053315,4500.08135330517
2012-07-03,493.0537453057268,647.6229006789837,89.91040871414091,8.243814,0.8742032,32.387363,1.9229331,21.951393446819406,1.155295768720825,23.425653845671498,1.621706776898563,51.831384416888206,4448.249968888282
2012-07-04,712.3361024444424,647.40921481951,89.29809138856862,8.191654,0.89593107,36.37778,2.6200666,21.611783644109305,1.3328546133654786,23.06981185528989,1.7992610896607575,68.13208154328827,4380.1178873449935
2012-07-05,882.7656841805828,634.46528481951,88.53033200680932,8.276205,0.9982694,38.299408,3.490207,20.83110300911185,1.5708353835149418,22.251817354562803,2.037231942041885,91.65374815588449,4288.464139189109
2012-07-06,827.268783812977,628.8525898195101,87.84939266222952,8.391176,0.93554443,36.308537,3.5959585,20.447797771327167,1.641418104588038,21.85019143667542,2.107810048649248,123.4553534049513,4165.008785784158
2012-07-07,285.12767194450714,635.3516499242866,87.74004200420077,8.194105,0.8494677,25.767546,2.2000194,20.32399680817089,1.5411702688245643,21.720473210672694,2.007560758382159,156.62159710226294,4008.387188681895
2012-07-08,490.35840554128924,472.2411907083064,87.29223189407536,8.006443,0.81940407,29.76707,2.4436092,18.681977064671976,1.2694000249022304,19.99997053639823,1.7357728804448773,157.453665390787,3850.933523291108
2012-07-09,455.99105634238765,476.5831692682488,86.77320663485959,8.058624,0.803241,28.776537,2.2769208,18.64631606906317,1.2280945530310892,19.962605067100338,1.6944670598068003,111.29101712530536,3739.642506165803
2012-07-10,427.01184397659006,486.1757278936015,86.21880366080418,8.029186,0.78483075,27.82112,2.1040668,18.566295773836636,1.1787768436880786,19.87876007529767,1.6451485731524031,71.29799852328718,3668.3445076425155
2012-07-11,404.32010780206747,483.70338359232863,85.66351951195931,8.240286,0.8106757,28.525042,2.0747857,19.289323501133932,1.188876884375705,20.636346056413135,1.6552559030833298,48.37217037907545,3619.97233726344
2012-07-12,356.79180913590125,425.7007384950138,85.18258997061568,8.312138,0.8152991,31.206676,2.4630706,20.767492147351074,1.3905997338430258,22.185166111052716,1.856995514957851,35.753475183768344,3584.2188620796715
2012-07-13,377.1175215967555,465.3968621299584,84.62718038485053,8.328957,0.8239431,32.338886,2.65116,21.591811385062694,1.5102003299922955,23.048884990532603,1.9766065438752334,28.069345588059484,3556.149516491612
2012-07-14,378.466609180595,472.1567359324597,84.10390782031311,8.0646305,0.77277255,31.387688,2.6408036,21.010593737424845,1.505619272866863,22.4398871261308,1.9720180499605715,23.41945691060097,3532.7300595810107
2012-07-15,362.0840603372174,498.5928219889464,83.58316060483246,7.9022975,0.73883516,29.686619,2.1062548,20.522023272143432,1.2591279019623387,21.927964662703523,1.725520726481324,19.899949861051685,3512.830109719959
2012-07-16,333.24956772598796,467.4239067451217,83.09527579260005,8.311377,0.8133806,30.864567,2.1752698,21.47766797959101,1.3142478749930588,22.929285920459087,1.780652597914419,16.61242457244945,3496.2176851475097
2012-07-17,364.4676205915198,490.65184984676887,82.53864491851118,8.427241,0.84173626,33.156227,2.4269414,22.616279279024077,1.4380067247865538,24.122318947857035,1.9044269872040125,14.619486329075444,3481.5981988184344
2012-07-18,351.41771375978834,460.4753236175205,81.99399508345103,8.439265,0.8339195,33.79688,2.497979,22.821153965906202,1.4620175113585276,24.336985944443043,1.9284407271813273,14.25620276838719,3467.3419960500473
2012-07-19,292.3525850325891,373.6422066021853,81.5627449539207,8.266762,0.80728686,32.621574,2.3478274,21.930511172112922,1.3640360809066134,23.403773469616528,1.8304468066188953,11.460485085694346,3455.881510964353
2012-07-20,279.3861138764773,298.52188308374787,81.20643037320652,7.527678,0.56716496,30.042904,6.3785453,19.158054587122784,3.30626547016577,20.49880293703259,3.7726431210675186,10.919689410486443,3444.9618215538662
2012-07-21,253.49125773929535,291.8889958494388,80.84752259903495,8.333934,0.76860523,26.786442,2.3761737,18.20976631157766,1.320959293512684,19.505189723477713,1.7873276486631047,9.513919140075764,3435.4479024137904
2012-07-22,314.30767729287953,395.7521712940514,80.2975290036085,8.32284,0.765788,29.47557,2.2124403,20.11232370179675,1.2788476617134754,21.49868285338219,1.7452357049765759,8.722406308169809,3426.7254961056206
2012-07-23,379.4961062329758,282.0801097480502,79.94165128348166,8.332176,0.73606974,34.037113,7.8251777,19.292140109211495,3.363076822327766,20.639297288728713,3.8294558706000164,8.077527476171282,3418.647968629449
2012-07-24,339.2565223495641,302.86168999999995,79.65428373785879,8.584432,0.84070486,33.163548,7.2690525,20.17742562849541,3.4571763699425437,21.56689642963724,3.9235651601300807,7.3776323495640455,3411.270336279885
2012-07-25,266.0228369699618,305.9962688097773,79.26998236084663,8.510637,0.8036242,30.232851,3.2859623,20.130732292623314,1.7970862128117149,21.51797131192364,2.2634744667880238,6.92588798840171,3404.3444482914833
2012-07-26,249.81226154021135,295.10504302624224,78.98637703852083,8.467034,0.79547113,30.227047,3.0693545,20.25137190567098,1.701770417426536,21.644377086089097,2.1681600618891372,6.508659445423799,3397.8357888460596
2012-07-27,266.17462781703375,168.49614649535806,78.77623642686609,8.615187,0.7734043,33.3461,10.154826,18.201898781001347,3.964813049359988,19.49694615183366,4.4311813316886175,6.092657817033713,3391.743131029026
2012-07-28,370.70838910953296,168.58767549535807,78.58810967451711,8.430443,0.77816945,35.206623,16.440786,16.80086174352836,5.167264588588993,18.028944333174987,5.633621031558196,5.815479109532974,3385.9276519194927
2012-07-29,404.3672596664844,175.55172649535805,78.43238039558024,8.608381,0.82695645,35.119423,15.79238,16.63374212756016,4.815282079079343,17.85383697083334,5.281637259663728,5.441859666484376,3380.485792253008
2012-07-30,322.48616634836543,148.34812049535807,78.2524902591613,8.848271,0.8727094,35.315304,13.810098,17.187372039046135,4.392081585994874,18.433928499599165,4.85844107093226,5.090416348365421,3375.3953759046426
2012-07-31,261.7810472469108,158.99656549535806,78.05004620102895,8.746152,0.83860373,34.472733,10.046699,18.46729163456507,3.8319650531947897,19.77502387659764,4.298335831073635,4.8742372469108,3370.5211386577316
2012-08-01,270.13985209917365,246.06767049535804,77.79813054755084,8.622066,0.80918133,32.79883,6.172079,20.146732248893386,2.972446678844426,21.53473601141031,3.4388351162783324,4.66750209917366,3365.853636558558
2012-08-02,282.41457687583636,297.44183245334693,77.48595561923199,8.684018,0.8492698,32.955833,5.182325,21.134433623535436,2.69030136917775,22.569646135472006,3.15670169844814,4.426198097400667,3361.427438461157
2012-08-03,339.4784244083097,380.748174317944,77.03134130521276,8.773746,0.85588694,34.3396,4.7314377,22.289147884100867,2.5336014374528797,23.779551790499227,3.0000170835254116,4.190531529580021,3357.2369069315773
2012-08-04,352.7037219988616,411.910065309256,76.59741521472215,8.775069,0.86522377,34.525703,3.917434,22.647360828186304,2.147794665757235,24.154886088822256,2.6142153731485567,4.098687443454112,3353.138219488123
2012-08-05,330.88246220236215,386.3162443340015,76.18918028310108,8.563875,0.8052521,32.713554,2.9001527,21.572004297305128,1.6057233787807983,23.02813119168737,2.0721293328719357,3.921907701778813,3349.2163117863442
2012-08-06,259.01623584638617,256.9203916679237,75.81264350355774,8.850177,0.83527935,32.21275,5.1149044,20.4840112797274,2.581351227093259,21.8881358269875,3.0477435999296882,3.7200343972781935,3345.496277389066
2012-08-07,313.41443038359563,338.5492063307999,75.30320622061451,8.893249,0.8662166,31.497826,3.713673,20.631267664755907,1.9728684028561565,22.0424305638496,2.439262534682434,3.5714998067547206,3341.9247775823114
2012-08-08,327.957011424607,370.60868394011015,74.76692423173674,8.957136,0.8764724,31.895594,3.4555843,21.126630874612083,1.8788950613644573,22.56147044182248,2.345295292319673,3.423878847684207,3338.5008987346273
2012-08-09,323.43710805542537,370.30689953567367,74.29979569272201,8.826322,0.8483908,32.194324,3.461231,21.29970170233754,1.8894025449239669,22.742813463500184,2.355804972933975,3.3312984036564277,3335.1696003309708
2012-08-10,244.8146977566562,364.0468050181121,73.93566231917663,8.787615,0.7560347,29.078844,2.2023633,20.920024482017855,1.351456745236968,22.34498896991087,1.8178543982599533,3.232140317636777,3331.9374600133337
2012-08-11,162.34712068544926,258.341690495358,73.69935533825831,9.237447,0.81636804,28.233805,3.0181398,20.902960787974312,1.8800006978195087,22.327109689621363,2.3463981401119183,3.0369606854492646,3328.9004993278845
2012-08-12,189.63183513715197,253.1656084635657,73.3549147072418,9.292557,0.90186787,28.96812,3.1953971,20.5418901912892,1.8673210452780546,21.94878115267279,2.3337141065256892,2.936184647996906,3325.9643146798876
2012-08-13,287.13210871019743,372.2838974852085,72.88862416196427,9.214731,0.8794948,29.625938,2.6870108,20.738206074585836,1.5645874601001117,22.15448026411873,2.0309828848541187,2.8611272105562766,3323.1031874693313
2012-08-14,306.2217657606449,388.4661324962514,72.39826495957968,9.047199,0.82637227,28.43183,1.982963,19.886991253447146,1.1671631075090292,21.262580284261915,1.6335486029115134,2.815232887545849,3320.2879545817855
2012-08-15,351.9057436627189,233.13280267034443,72.13758707830587,9.191066,0.8340786,31.803009,7.0237536,18.201729676239808,2.8435150906080615,19.496768964442573,3.3098833713722358,2.715595859291614,3317.572358722494
2012-08-16,298.39610017818774,310.0726598468305,71.76183434177871,9.446557,0.87830454,29.475574,3.447477,19.653244918484347,1.8088478956011358,21.017661673509767,2.2752308093529527,2.58855488034876,3314.983803842145
2012-08-17,329.29784619766383,414.5315486732368,71.31341487979694,9.2060175,0.83918244,28.702045,2.1537037,20.071034006530375,1.2564277339148142,21.455419651823842,1.722815305966194,2.5572688924643714,3312.4265349496804
2012-08-18,299.90781648420506,425.2271704118304,70.8780529421094,9.222342,0.9531355,26.65067,1.6902435,19.442505434480452,1.0666917995796288,20.796849562547376,1.533072439335144,2.4903119525538178,3309.9362229971266
2012-08-19,330.45449706740084,452.7666371531489,70.38540537488802,9.049611,0.8527398,26.01204,1.6447375,18.855298387377413,1.0165902037590502,20.181576025859684,1.4829647751046995,2.45568550822358,3307.480537488903
2012-08-20,343.8998261056807,460.6041165902504,69.86673569848529,8.788993,0.77432215,24.757408,1.5787624,17.931418933381668,0.9625902564382632,19.213538292086866,1.4289560782538038,2.4344242937646845,3305.0461131951383
2012-08-21,326.0789152880863,449.3661401300227,69.3823257063316,9.201749,0.8618689,24.740555,1.4629692,18.206401348366686,0.9220000128517712,19.501663926527804,1.3883683368474604,2.3095570661665836,3302.7365561289716
2012-08-22,331.5053958570713,445.8340989658567,68.8759340268573,9.215534,0.85305613,26.291586,1.6282258,19.009306660509058,1.0022092113236443,20.342945367996077,1.4685853361035028,2.2490305654959473,3300.4875255634756
2012-08-23,343.3326999606639,453.4080688832487,68.34849032580028,9.312926,0.8728992,27.420296,1.7342916,19.61744154210511,1.0561989011608126,20.980147018127322,1.522581424993536,2.178549824118097,3298.3089757393577
2012-08-24,353.0391778095881,457.6438791589449,67.72515109997791,9.370928,0.87607193,28.520786,1.9106637,20.18133693713113,1.1440864540587377,21.57099468545561,1.6104752892756355,2.116586499124908,3296.192389240233
2012-08-25,354.92389780614394,457.2384342549418,67.17822190705331,9.365199,0.8823784,28.574072,2.0045106,20.17958258593912,1.192579514580367,21.56915648227357,1.6589683295979452,2.069598493617304,3294.1227907466155
2012-08-26,358.21188201945483,455.4654553396384,66.6241738195803,9.391407,0.8990061,28.178772,1.9959427,19.907855417146383,1.1852815105276793,21.2844416836654,1.6516672394048844,2.021734354547482,3292.101056392068
2012-08-27,360.4630227685585,453.1886825008832,66.0701710812402,9.18324,0.8420717,27.400793,1.9627713,19.330074082033555,1.1551248936186373,20.679044375780865,1.6215043409499357,2.008344778193311,3290.0927116138746
2012-08-28,150.2214916159291,1355.348208495358,65.90993061119713,9.447883,0.919613,19.458128,1.1313134,18.45933397490813,1.0225592689276493,19.766685868011,1.4889299708075165,1.9328116159291,3288.1598999979456
2012-08-29,306.32707523003444,653.6901143957343,65.49565792951601,9.724282,0.9397105,22.734543,1.2889522,18.583163980631348,0.9274738473603246,19.89643452471609,1.3938457400721442,1.8561683990507085,3286.303731598895
2012-08-30,379.21080708644695,627.1468898260318,64.95646268699402,9.777577,0.9650232,24.2347,1.4050444,18.78703699026271,0.9481087878763677,20.11005196730281,1.4144826793647465,1.8115740061079186,3284.492157592787
2012-08-31,398.9011644402868,613.3622830323293,64.31435311485043,9.858112,0.9675542,25.761295,1.5106584,19.494351445223952,0.9915906876747349,20.85117363537769,1.4579718821678715,0.0,3282.7286405209247
2012-09-01,389.3458917031853,574.09022063119,63.73285664635222,9.915713,0.93720376,26.590288,1.5854772,19.851722800809487,1.0178416503779861,21.22562612014735,1.4842267522502697,,
2012-09-02,384.5414414096709,548.4502738606632,63.15786766998439,9.957278,0.96779346,26.635994,1.7271854,19.761702071080197,1.0908541332553081,21.13130270725747,1.5572382371119071,,
2012-09-03,381.5497778312738,523.9481117155287,62.58477888211805,9.855186,0.96425,25.100689,1.9650155,18.676689333399423,1.207431790855946,19.994430069646054,1.6738045945924016,,
2012-09-04,333.8198227885004,458.38409580019686,62.09017119963875,10.033253,0.98649204,24.189087,1.6718398,18.224084782013566,1.0528907768810873,19.52019256785521,1.5192592647447678,,
2012-09-05,346.23151209879995,202.13973049535807,61.90310124261521,10.232002,0.94587684,31.275131,6.9621096,17.988886806264127,2.634932881567422,19.27375293284901,3.1012992191601816,,
2012-09-06,270.44058656028164,303.4733116226073,61.566400903681526,10.318441,0.9574633,28.653854,3.3190384,20.013812969133966,1.8121016840298811,21.395463644440216,2.2784886062782723,,
2012-09-07,286.9767881944426,372.9313706587719,61.15679376503261,10.308088,0.98449457,27.866438,2.5074954,20.230771176709997,1.480314302525836,21.62279171270385,1.94670370836729,,
2012-09-08,254.2258788952915,405.8191124098073,60.80861486653741,10.249335,1.162525,27.008049,2.108597,20.553187931587974,1.3715865285821467,21.960618886338455,1.8379797246517695,,
2012-09-09,164.01213209879998,362.25781049535806,60.60032481003731,10.225378,1.0885367,23.123394,1.6597856,19.103724772683005,1.1918144926631407,20.441876343179768,1.6581915832198588,,
2012-09-10,260.7007307993831,423.887412683452,60.222000966024765,9.98676,1.0252962,21.571787,1.6381581,17.160046819745123,1.0868777775891403,18.405297228222153,1.5532370418557138,,
2012-09-11,314.7000574295297,478.1741866576385,59.76886647465071,9.991553,1.0583005,20.981823,1.6321894,16.61967030680212,1.070233593735782,17.839092565145176,1.5365886694826398,,
2012-09-12,320.194582966667,474.34042335792833,59.29664402977254,10.127694,1.0096685,21.366287,1.5287995,16.83717699385662,0.9992903895665597,18.066995328331465,1.4656471110774882,,
2012-09-13,327.42141748328856,470.8037751139536,58.79143906089911,10.218495,1.0104244,22.674984,1.6452979,17.56549708766679,1.0552209653882676,18.830126632988073,1.5215835916177924,,
2012-09-14,333.8686018232133,467.659512712074,58.26970047211577,10.2549925,1.0316964,23.93556,1.8645264,18.2370551570142,1.1696811436969576,19.53378288244387,1.6360497519812074,,
2012-09-15,333.85257472511034,480.58899152968667,57.7519638431849,10.220878,1.0693897,22.930962,1.7199869,17.720895679875436,1.1055569794366946,18.992952746700777,1.571920944052734,,
2012-09-16,344.3199697028568,479.4331226559409,57.18958549469504,10.087798,1.008061,21.107056,1.6457621,16.501124033092648,1.0464329919566275,17.714880184782555,1.512787193502507,,
2012-09-17,327.00711380261646,515.3872877111734,56.65937605286574,10.190564,1.0596277,19.793953,1.4167289,16.066035894850657,0.9594216934030922,17.258996320806997,1.4257728241960632,,
2012-09-18,531.4299420988,38.60593049535805,56.7550546505417,10.725915,1.0339168,28.582201,234.03879,11.93523979108583,15.879660857035258,12.930762283702293,16.345993618942313,,
2012-09-19,132.8979220988,55.01792,57.41451422628232,10.566959,1.1418247,24.260378,8.110517,14.576112602564669,2.5081439600751145,15.697859788197722,2.9744862153861704,,
2012-09-20,142.2798980988,276.59583049535803,57.66690658927581,10.518548,1.1863967,20.587582,1.9122262,17.167423864565986,1.32544491401269,18.413026870568288,1.791804237770067,,
2012-09-21,152.9260420988,263.98584049535805,57.8148162626967,10.694255,1.0454077,20.80208,1.5109702,17.094462840751632,1.0307220028657476,18.336578559220392,1.4970807409785785,,
2012-09-22,148.2218380988,284.247650495358,57.92971710924435,10.78859,1.0561199,21.696774,1.5912969,17.958172328917453,1.1067700431183967,19.241570408477354,1.573136104577262,,
2012-09-23,126.9183620988,328.34845049535807,58.06895366503368,10.674098,1.3479794,20.049616,1.3303146,17.43592793936871,1.030419519310286,18.694364522311318,1.4967810507236332,,
2012-09-24,111.9024892752742,280.7845190488392,58.168002861864096,10.530225,1.2155496,18.451452,1.3032664,16.19417087960926,0.9941760585962336,17.393255719829526,1.4605280712466044,,
2012-09-25,113.77631256624522,375.1909217120962,58.24277496894592,10.52623,1.1465291,16.639458,1.0678737,15.216989133712536,0.8617298827188562,16.36936802680763,1.3280756445813482,,
2012-09-26,115.96404726319916,381.351421066506,58.30695675029297,10.535876,1.0985502,16.460388,0.9654387,15.078910182536665,0.7833825318355454,16.224689373764836,1.2497274984995905,,
2012-09-27,113.81212284974627,411.8548300543521,58.36292479196137,10.746865,1.1756212,16.781076,0.94541484,15.474609707606252,0.7832356765316344,16.63930198350159,1.2495829803272445,,
2012-09-28,83.9512580988,2052.723730495358,58.97670376746634,10.582376,1.1927128,14.0477495,0.84705603,13.911592870329708,0.8151228804471987,15.001578284308996,1.2814619958990447,,
2012-09-29,139.5867920988,1358.866430495358,59.44500426746734,10.674884,1.4015315,13.2440195,0.81351644,13.0046944492533,0.7491976684899317,14.051333218782302,1.2155333138095257,,
2012-09-30,127.5838420988,897.7414904953581,59.73783679595349,10.864781,1.4958487,13.204526,0.8130975,12.913385572892327,0.735851687252664,13.955660090255055,1.2021870353134254,,
2012-10-01,111.4364274072,687.1146304953581,59.7952608388705,10.972602,1.4334607,13.460512,0.81735694,13.113328559740818,0.7311910423094188,14.165159668403994,1.19752705371209,,
2012-10-02,82.53731740719999,671.418200495358,59.85038185090574,11.079459,1.2291111,13.289739,0.72470313,13.047774065129035,0.6592455995498994,14.096471893036599,1.1255813884272963,,
2012-10-03,136.1270274072,591.890370495358,59.91223390252206,11.21451,1.2829049,14.816582,0.75201994,14.14305479815639,0.6567793367692332,15.244103301072776,1.1231194885592988,,
2012-10-04,199.6919074072,478.446030495358,60.01079398220338,11.426091,1.3813164,16.653967,0.8487012,15.114509495723958,0.7238737436162117,16.261990212432316,1.1902189132109806,,
2012-10-05,213.3565974072,365.3711304953581,60.14413294667052,11.362444,1.4133703,17.671438,0.9545661,15.345533494505688,0.7966755078694138,16.50405636863978,1.2630220296189743,,
2012-10-06,177.5698574072,417.9687104953581,60.22250887568713,11.354057,1.7084548,16.402079,0.9652004,14.896926026045445,0.8475711631722203,16.034006996675053,1.313915115094689,,
2012-10-07,157.0338974072,435.740980495358,60.27569781061217,11.575397,1.6872816,13.331327,0.923864,12.86615814192531,0.8130179877580193,13.906175349526709,1.2793531858100387,,
2012-10-08,147.4124774072,423.192580495358,60.27629349662968,11.689067,1.8171304,11.720583,0.90344614,11.712440968463953,0.8181322751499196,12.697314438958765,1.2844646010088807,,
2012-10-09,135.3850474072,393.6813804953581,60.25098400218106,11.808471,1.6155105,11.357134,0.8268943,11.47262836482577,0.7412756256231865,12.446039612625052,1.2076075455805912,,
2012-10-10,131.2547314072,356.98363049535806,60.21872848365361,12.100536,1.476741,11.886192,0.7934222,11.94381513387187,0.7029583781348621,12.939747498560163,1.1692911579597283,,
2012-10-11,120.5024374072,324.53463049535804,60.1134338649466,11.936601,1.6482041,12.50029,0.86107874,12.347660099658167,0.7703625730531226,13.362894873236089,1.2366962919438191,,
2012-10-12,126.05945601568604,395.0033562748196,59.96273441020156,11.7348795,1.6872748,10.7693615,0.8882233,11.002946911583367,0.7874067299842552,11.95390899144339,1.2537380455422518,,
2012-10-13,152.20593004630416,430.36417170517177,59.75355868599104,11.54669,1.7997262,8.763434,0.8998699,9.490605273127025,0.8142523453095444,10.369282592350105,1.2805834289770806,,
2012-10-14,152.1825457957969,477.7153144052455,59.56676286917276,12.040705,1.4010967,8.281768,0.9335027,9.189922357710486,0.7847326688696479,10.054228061409784,1.251064018195628,,
2012-10-15,109.31388047098656,420.43824668204377,59.418412514169816,12.392653,1.2474803,11.428877,0.70447826,11.627751319026595,0.6155217202000759,12.608576913775385,1.0818538952021648,,
2012-10-16,99.4511274072,351.443430495358,59.28410537320134,12.20194,1.4761119,12.666,0.83924294,12.563645242858124,0.7306809034783598,13.589203367972727,1.197015201161914,,
2012-10-17,114.1405580524125,383.7423136725242,59.103830312351946,12.116951,1.5236527,10.722956,0.8759951,11.042531669875713,0.7601758518594263,11.995385765868384,1.2265072086196769,,
2012-10-18,144.52010373264002,417.7671688085354,58.83794434885412,12.18439,1.4482727,9.960138,0.90159476,10.531819575186685,0.7663421801274131,11.46026337883518,1.2326731429093647,,
2012-10-19,1698.9251474071998,6535.068430495358,60.72059363475779,12.341099,2.3903165,11.945658,0.98483616,12.02724933529467,0.9242261625793214,13.027169569605421,1.3905591211265738,,
2012-10-20,38.7789474072,4186.688930495358,62.77464005544636,12.436391,1.437098,11.646975,0.8499827,11.654219378747023,0.8422853006656795,12.636310056273912,1.308617521933792,,
2012-10-21,38.7789474072,2326.1549304953583,64.03463140821435,12.399269,1.4412229,10.851085,0.78792554,10.876471026216334,0.7753657832858672,11.821387991092,1.241696979211147,,
2012-10-22,38.7789474072,1691.878530495358,64.64426329541408,12.306104,1.4206501,10.567642,0.7451301,10.606596024394774,0.7291291418715032,11.538613886704912,1.1954601436959345,,
2012-10-23,101.1634614072,1939.590830495358,64.98240578344905,12.313288,1.3474452,10.560444,0.7007225,10.64733515781734,0.6693277894055519,11.581300211445315,1.1356588151921212,,
2012-10-24,140.2545334072,1961.323130495358,65.40629582193293,12.349175,1.2774512,10.56053,0.6671614,10.679899874719059,0.628446147690013,11.615421410498021,1.0947771939958195,,
2012-10-25,140.9419874072,1522.4252304953582,65.63119311943635,12.412551,1.3291075,11.570574,0.70229775,11.641916999828457,0.6525810708790876,12.623419665696618,1.1189132705430458,,
2012-10-26,119.4683474072,1263.553130495358,66.27171032382397,12.353957,1.3567821,12.1238,0.73432875,12.143681721886582,0.6810561575868487,13.149167026272224,1.1473893788493297,,
2012-10-27,102.8971274072,1082.187330495358,66.83767694304963,12.312537,1.302293,12.129186,0.72667503,12.145105507647342,0.6731451136252465,13.150658864125381,1.139478338196286,,
2012-10-28,95.6209674072,948.850530495358,67.3520140115961,12.27088,1.2943807,11.834143,0.7149623,11.874125796314797,0.6602292195149665,12.866727248888944,1.1265618561625894,,
2012-10-29,139.3243374072,459.1492504953581,67.85639475830348,12.24233,1.3425255,11.244833,0.6980304,11.477049679063457,0.6200583841075639,12.450672250569793,1.086390310953205,,
2012-10-30,38.7789474072,481.629590495358,69.38286191313703,11.997857,1.3690554,10.539627,0.6718604,10.648289061079348,0.6301091260834898,11.582299708022493,1.096440152453875,,
2012-10-31,38.7789474072,904.793230495358,70.28030848280862,11.410838,1.3052244,9.398632,0.66081786,9.481329733407277,0.635926035573267,10.3595637135386,1.1022571258901077,,
2012-11-01,38.7789474072,1189.3454304953582,70.96418525101731,11.308489,1.2515869,8.894076,0.6513251,8.97031323099434,0.6319958680588647,9.82412236913285,1.0983274767576305,,
2012-11-02,38.7789474072,1397.972930495358,71.57866045182789,10.833001,1.2005687,8.546953,0.6659718,8.608655248824908,0.6488064745928375,9.445178371681685,1.1151386306553284,,
2012-11-03,38.7789474072,1280.445630495358,72.07299752271108,10.432587,1.1392444,7.683645,0.65027004,7.764450629113006,0.6320430029132159,8.560623656916682,1.0983770188407393,,
2012-11-04,38.7789474072,1192.0003304953582,72.57593501946707,10.120828,1.1221043,7.0142446,0.64858186,7.112125651379569,0.6291407622363361,7.87711977510897,1.0954767735805135,,
2012-11-05,38.7789474072,1016.028670495358,73.01015583896373,9.604487,1.145858,6.035518,0.63034046,6.166727755382573,0.6086262666353863,6.8865350913643555,1.0749660336849045,,
2012-11-06,38.7789474072,842.6924304953579,73.39659039430269,9.332806,1.1388247,4.472007,0.62474483,4.685850000342632,0.5993578269565308,5.33487644176087,1.0657055316473782,,
2012-11-07,38.7789474072,765.9298304953579,73.72079841447527,9.149299,1.0904977,3.7370238,0.64136946,3.9978415660218953,0.6127195739365731,4.6139835561187805,1.0790718197121782,,
2012-11-08,38.7789474072,700.4526304953581,73.94265547791056,8.959487,1.0178572,3.5248737,0.6719589,3.8099651539100527,0.638943963038518,4.417127293731379,1.1052975429577971,,
2012-11-09,38.7789474072,634.9334304953579,74.05394512077875,8.967874,0.9912224,3.6539207,0.7328982,3.959792277124933,0.6930649161694094,4.574115641277531,1.1594174288799763,,
2012-11-10,38.7789474072,580.2950304953581,74.11185567809495,9.0693865,0.916875,4.138234,0.83029896,4.447122743438776,0.7804050848284654,5.084738838025313,1.2467543038677362,,
2012-11-11,38.7789474072,521.011730495358,74.1183501524695,9.35408,0.92428964,5.404243,0.8482645,5.677864071483677,0.7920939889018798,6.374305394471997,1.2584360989841863,,
2012-11-12,84.0588649314098,508.6695627614296,74.04486164092535,9.486772,0.95096356,6.9451003,0.8610408,7.30555206330281,0.7511367988692262,8.07979130832703,1.2174721677741815,,
2012-11-13,173.6048574072,1142.097530495358,74.29535019667347,9.166228,1.0050298,8.560025,0.6991827,8.640012756477473,0.6212454504628279,9.478034661009765,1.087577553142972,,
2012-11-14,38.7789474072,902.444530495358,74.54839799821782,8.321182,0.96573174,6.050225,0.67205215,6.143789531978465,0.645590489539665,6.862500499291925,1.1119303604161357,,
2012-11-15,38.7789474072,781.663030495358,74.65991477036928,8.305952,0.94398636,4.3104486,0.7056941,4.4992998040674355,0.6738176779707681,5.139409783793663,1.1401665604628415,,
2012-11-16,38.7789474072,727.5233304953581,74.76913254380948,8.269338,0.922632,3.8996916,0.74357337,4.120818779328829,0.7074869253754764,4.742838659845212,1.173838319727226,,
2012-11-17,38.7789474072,684.4279604953581,74.85644718400448,8.197637,0.90471315,3.8424602,0.7694658,4.075988287771854,0.7298204831042937,4.695865424037183,1.196172185833451,,
2012-11-18,38.7789474072,629.3366304953581,74.92441569297554,8.121599,0.88627493,3.7361655,0.8039417,3.990706066245049,0.7590243042895759,4.6065070038440865,1.2253765999981798,,
2012-11-19,51.91347618176214,597.3064952061824,74.95543717514506,8.015656,0.87465763,3.5787387,0.8378196,3.9335272599205746,0.7739916258664394,4.546595246033274,1.2403443238052663,,
2012-11-20,66.19354964767848,584.5226909398982,74.95486586372428,8.134401,0.8545188,3.6515956,0.9263106,4.107605147922994,0.8366105255094601,4.728993462026717,1.302962010515489,,
2012-11-21,80.37937394004467,572.9995411439571,74.92162504938568,8.015509,0.8357982,4.083147,0.8869468,4.566910385110113,0.7846000914592886,5.210251919494971,1.25094854248758,,
2012-11-22,139.76796653722462,559.8142583096259,74.80208762836243,8.11515,0.8525058,4.016448,1.0519745,4.83531860374473,0.8588603673358288,5.491489133472728,1.325207157062981,,
2012-11-23,145.56760805839716,550.458559876859,74.66245640282388,8.004991,0.84517926,4.171043,0.9998508,4.972878562393691,0.8102567560886687,5.635623987919915,1.27660272632819,,
2012-11-24,153.15665218496855,565.5596823972901,74.51957235102974,7.2511687,0.7846586,3.766602,0.96374196,4.509154479921211,0.7765856597533741,5.149735479466726,1.2429344790313714,,
2012-11-25,199.0671180906399,544.2116650230325,74.30511738109978,7.021409,0.7726267,2.454533,0.9873957,3.6776472958140882,0.7519796086285861,4.278485094324397,1.2183341523863718,,
2012-11-26,234.26089513896383,531.5521545795881,74.0353873072797,7.111251,0.7705626,1.8201953,1.0420942,3.438720115451635,0.7607574727327083,4.028138011472326,1.2271138076187782,,
2012-11-27,237.39476050219028,492.7831227185927,73.7770694530383,6.8008885,0.754699,1.5504463,0.96495354,3.2574652230592167,0.6959194323301653,3.8382197548124046,1.1622771695496779,,
2012-11-28,204.76393467065537,450.52919806518713,73.55416439224742,6.690269,0.7658226,1.2363353,0.9076203,2.940563311234173,0.6683216434162408,3.5061710148771166,1.1346819227100764,,
2012-11-29,231.3261374318614,451.6085986209906,73.22288142851009,6.8010707,0.76677305,0.590045,0.9500343,2.693866193126443,0.6798059608280999,3.2476826178157485,1.1461682985379673,,
2012-11-30,231.57705285789365,448.3791144231338,72.86739467801554,6.7665043,0.7654706,0.340568,0.9016387,2.529090527887161,0.6492063423562164,3.0750312390354626,1.1155700937044402,,
2012-12-01,211.4222660288205,477.7286657683407,72.57478945174847,6.8734474,0.7456688,0.4782634,0.87702835,2.440220118351626,0.649581830456685,2.9819131277124264,1.1159463571278263,,
2012-12-02,198.894212292614,477.619600118594,72.29560649892804,7.174906,0.73603743,1.335915,1.0934887,3.052570942969676,0.8017588162203376,3.6235322285306415,1.268118183906504,,
2012-12-03,138.87864839383585,440.96581831451147,72.08583771286891,7.614391,0.84154326,2.9517941,1.3600796,4.068533489224221,1.053782477946479,4.688054311601927,1.5201342321781555,,
2012-12-04,160.9526437797793,437.3019777928855,71.81971604448381,8.006352,0.9742213,4.2080703,1.653682,5.229948808226065,1.236869887186654,5.904981312752401,1.7032143839897589,,
2012-12-05,103.80208514652608,514.7325264391068,71.67046319102342,7.260763,0.83041096,5.237543,1.0002866,5.577078610218577,0.8440038868606398,6.268702732676289,1.3103465139728987,,
2012-12-06,173.21096174262604,521.1870814830994,71.46828975071854,6.437866,0.7775872,3.143724,1.0168504,3.9654162954166186,0.7874678915239459,4.580008468418814,1.2538203646749109,,
2012-12-07,214.265836851938,531.4370632256637,71.20809637155642,6.272637,0.7461517,1.2961285,0.92490435,2.726048835343909,0.6931385111289335,3.2814034803203507,1.1595005763627177,,
2012-12-08,134.4582974072,562.2852304953581,71.265568149059,6.788581,0.76517475,1.8828956,0.9255497,2.8295998887935174,0.761392362976315,3.389903920153282,1.227753559526012,,
2012-12-09,55.1859294072,567.8712304953581,71.3647661244458,6.6783056,0.7859184,3.3230133,0.8884239,3.6202010069575943,0.8127203434784138,4.218293069230878,1.279075311923628,,
2012-12-10,160.8941474072,681.954930495358,71.48299542258545,7.311281,0.9362375,3.6647344,1.2876,4.360835314831413,1.0570246119698676,4.994327165289337,1.5233743944035603,,
2012-12-11,142.9746274072,1321.447230495358,71.99805616090374,6.5368204,0.8427926,5.008269,0.7316453,5.157504581884368,0.6653210341770038,5.82907450002977,1.1316659385566141,,
2012-12-12,38.7789474072,1037.779330495358,72.4259479545901,6.1049213,0.7438451,3.9589524,0.73784274,4.036252854915901,0.7117692400738035,4.654230773319497,1.178121218054214,,
2012-12-13,38.7789474072,913.258290495358,72.7695636030429,5.977841,0.73976755,3.0409074,0.67920524,3.1605363070004393,0.6522358596189536,3.7366579679009413,1.1185943621762366,,
2012-12-14,38.7789474072,830.027130495358,73.03285513866172,5.991543,0.7438026,2.5061364,0.6573721,2.6617066819950796,0.6289073577809263,3.213985991984095,1.0952699689541574,,
2012-12-15,38.7789474072,769.8261004953581,73.35572639773086,5.90628,0.73166287,2.1509845,0.641406,2.331080368088109,0.6116528704703951,2.8675568704618857,1.0780183616544634,,
2012-12-16,50.78881154116014,730.640899344826,73.63119099769987,6.164489,0.82593215,2.122346,0.6843254,2.3850639007833614,0.6420957407828766,2.9241206314864963,1.1084607531897883,,
2012-12-17,38.7789474072,736.5005304953581,73.81410876255086,6.422401,0.8500236,3.2413945,0.8585018,3.4005062783757563,0.8166676510476092,3.988097683611688,1.2830242784611092,,
2012-12-18,447.2805674072,2003.1126304953584,74.61819603744244,6.3404684,0.9133787,4.3396516,0.786288,4.704869086947449,0.6640342834690743,5.354804575691902,1.130381870316922,,
2012-12-19,178.02691740720002,1766.0511304953582,75.3978010149204,5.9779387,0.84859794,4.712034,0.65432113,4.827958101585182,0.5994605252772433,5.483776824470572,1.0658073594631712,,
2012-12-20,102.2122554072,1505.3291304953582,76.0295220740155,5.8185434,0.77034044,3.8603368,0.6673376,3.984845375084187,0.6268229152842344,4.600366191679505,1.0931752520484985,,
2012-12-21,1870.5814474072,3317.7709304953582,77.56888653522492,6.698575,1.0799862,2.4943833,1.7975721,4.010140630296604,1.2136418232811725,4.626870473623573,1.6799939831267223,,
2012-12-22,667.8233774072,4312.858230495358,79.49922072122203,5.9097967,0.8990816,3.6353984,0.6214793,3.9403559201896963,0.5514867648611225,4.553750292920652,1.017839414566431,,
2012-12-23,233.7389520988,3286.769330495358,80.8677388083889,5.656769,0.7664294,3.4950247,0.61705947,3.638550491635126,0.5783337289217693,4.23751959655142,1.0446885613031769,,
2012-12-24,54.9368420988,2366.595830495358,81.95690887835086,5.385736,0.69033974,2.9459448,0.5308263,3.001295855898424,0.5190198579448169,3.5698063675725007,0.9853796411680714,,
2012-12-25,54.9368420988,1874.826230495358,82.83649644628663,5.1466374,0.66213334,2.441523,0.47555065,2.5185327571829026,0.46239696135912506,3.0639688429814744,0.928760804342674,,
2012-12-26,54.9368420988,1504.882730495358,83.5493592806801,4.9350395,0.681244,1.4647067,0.44417796,1.5869317754533863,0.4292051733604415,2.0878405188439326,0.8955776039413348,,
2012-12-27,54.9368420988,1436.102030495358,83.9590522561339,4.9324884,0.66581297,1.1139874,0.41698703,1.2546788725319247,0.40237178770100024,1.7397070629125562,0.8687475211106896,,
2012-12-28,54.9368420988,1155.267430495358,84.2068506592753,4.766347,0.652091,0.87151766,0.46034864,1.0483222073749416,0.4404471104453315,1.5234872545560407,0.906824958731064,,
2012-12-29,54.9368420988,1044.468530495358,84.36010674037868,4.7668204,0.6568724,0.394275,0.4581695,0.6127693369822527,0.43651079797455705,1.0671164458215858,0.9028932699295908,,
2012-12-30,54.9368420988,952.030290495358,84.46426909172105,4.5917983,0.6446204,0.3537579,0.48921466,0.5849715490658487,0.46385979726782717,1.0379900186647621,0.9302425716775995,,
2012-12-31,54.9368420988,845.182270495358,84.49875880125241,4.5213027,0.64001715,0.13008964,0.53817886,0.3980979242906095,0.5068397688974852,0.842184473420796,0.9732245995262487,,
2013-01-01,54.9368420988,846.9550304953581,84.50105284104328,4.0355635,0.7484369,0.29885927,0.33678702,0.5264727272805236,0.3195412242741186,0.976695153166317,0.7859246380683059,,
2013-01-02,54.9368420988,768.792990495358,84.44820107893041,4.1352897,0.7568937,0.01820767,0.28640744,0.2927873612638736,0.2720307573070604,0.731840425467533,0.7384167642862925,,
2013-01-03,74.7835520988,730.237530495358,84.3712747088582,4.1669564,0.7515794,-0.08729428,0.2739173,0.3079102503034008,0.25809437974658306,0.7476861369081396,0.7244802170188993,,
2013-01-04,54.9368420988,720.339500495358,84.3073729349276,4.4253945,0.75288516,-0.04143071,0.2937319,0.2750929067171984,0.27808335516785465,0.7133002364789938,0.744469561043716,,
2013-01-05,54.9368420988,681.172080495358,84.21183495531012,4.5427437,0.7692365,0.040655077,0.31782913,0.3766522683468342,0.2996597728092675,0.8197137884312158,0.7660448419642136,,
2013-01-06,54.9368420988,664.490990495358,84.0943759243143,4.553014,0.76165175,0.11479938,0.34471944,0.4537096556845553,0.3236645600471884,0.9004542554761787,0.7900487745924414,,
2013-01-07,54.9368420988,653.277370495358,83.96670550135447,4.6460056,0.7662486,0.16687244,0.38354596,0.5143230130119311,0.35875215449954234,0.9639647240874063,0.8251357015792274,,
2013-01-08,62.4630547988,619.541100495358,83.8207984906202,4.753405,0.7699949,0.124013305,0.4508495,0.5480077199701539,0.4155845834753972,0.9992594448928218,0.8819677614398715,,
2013-01-09,74.29239809879999,600.7675304953581,83.65237126151413,4.7828493,0.7509642,0.24300462,0.56553453,0.7426283347413573,0.5100362235311754,1.2031822597727986,0.9764172942556685,,
2013-01-10,54.9368420988,601.398130495358,83.49634702215263,4.7831936,0.74682784,0.6291909,0.5285438,0.9768911024763235,0.4883210053578327,1.4486419870182854,0.9546995970599748,,
2013-01-11,82.0683380988,624.120330495358,83.32111286458085,4.713039,0.7708284,0.44882047,0.51294047,0.944378297896649,0.46209610290888326,1.414575181519165,0.9284750349188715,,
2013-01-12,147.54304209880002,896.726580495358,83.24349607916479,4.927493,0.73466617,0.97355413,0.51525855,1.5321993060382408,0.45447107132888065,2.0304920244843303,0.9208440373049689,,
2013-01-13,54.9368420988,1467.432017495358,83.56646995017456,5.0802736,0.7402886,3.6589508,0.912499,3.710241258029075,0.8799757651113789,4.312636936516374,1.3463300695874763,,
2013-01-14,54.9368420988,1544.485430495358,84.42129176050278,5.103324,0.76413965,4.2592363,0.748567,4.288228996437079,0.7233315879433267,4.918250513068037,1.1896818510406095,,
2013-01-15,54.9368420988,1322.215830495358,85.23212277786243,4.8641944,0.72909176,3.3844066,0.8213894,3.443437690607828,0.7891589855297605,4.033081070594762,1.2555152844185369,,
2013-01-16,387.7894737036,1277.225430495358,85.8175424591132,4.7915483,0.7576825,1.1117063,0.61471534,1.9687580388339996,0.5034837312063544,2.487916772406353,0.9698525220507246,,
2013-01-17,387.7894737036,1098.381630495358,86.27263409499912,4.825328,0.72808653,0.46063232,0.5240502,1.599520696523504,0.4313940855121188,2.1010311473081282,0.8977663934322333,,
2013-01-18,387.7894737036,907.938230495358,86.6003196743381,4.645573,0.7149938,-0.19378287,0.5408008,1.2545548613131638,0.4351914488796483,1.7395771243814497,0.9015671835456627,,
2013-01-19,387.7894737036,851.570270495358,86.8377271875034,4.822516,0.7081385,-0.3671677,0.5012221,1.2566583898667318,0.40951261192833105,1.7417811944093256,0.8758883252864326,,
2013-01-20,387.7894737036,745.3006304953581,86.96638342193509,4.807715,0.6995159,0.018993795,0.59321594,1.6578887471736,0.4577821853370182,2.1621889912580987,0.9241539269130478,,
2013-01-21,387.7894737036,683.132280495358,86.98553135960606,4.4198337,0.6776162,-0.56067705,0.6462187,1.242806368304992,0.47971867255524314,1.7272670935677015,0.9460945263218907,,
2013-01-22,390.6475972036,614.893230495358,86.89737929727704,3.9451442,0.6616355,-1.2560762,0.41459286,0.764571968987674,0.3610344481865027,1.2261747247255281,0.827415284034805,,
2013-01-23,428.8630837036,545.6224004953581,86.72137918897101,3.700811,0.6425001,-1.6343526,0.37395638,0.7136092023549332,0.35184254586878155,1.1727761120552451,0.8182239280483579,,
2013-01-24,448.7770687036,541.8980604953581,86.5008547650955,3.607964,0.6343549,-1.7524172,0.36144796,0.6758421808365714,0.3488089527641366,1.1332039560084102,0.8151907417297162,,
2013-01-25,449.9742877036,542.584190495358,86.26509333873807,3.6747298,0.6309111,-1.8014137,0.36115426,0.6811844138556216,0.34754226930374527,1.138801529504261,0.8139240006294679,,
2013-01-26,431.2346417036,529.819390495358,86.03196687149722,3.6754007,0.6233249,-1.7550701,0.35761634,0.6816369643713771,0.34219283107936865,1.1392757103877031,0.8085745575238108,,
2013-01-27,419.2628567036,542.7429104953579,85.79852681400084,3.8597155,0.6294111,-1.7845649,0.3642763,0.6753342137542548,0.34275888251281966,1.1326717098359576,0.8091406769607932,,
2013-01-28,396.2518727036,536.771830495358,85.58014922868264,4.0985875,0.6430668,-1.6807147,0.36559075,0.7737345307764075,0.34470998108848405,1.2357752256471126,0.811090719027205,,
2013-01-29,435.0011777036,671.324030495358,85.43077620357916,4.4400663,0.676803,-1.795142,0.43373126,0.6565086659615392,0.3742814153476326,1.112946365210666,0.8406634131843105,,
2013-01-30,534.4484237035999,1555.233940495358,85.9439424144498,4.8190026,0.7056574,-1.1650809,0.61646336,0.3653832777630889,0.49301963357159007,0.8079061786186847,0.9594048282750015,,
2013-01-31,1300.0633337036,4817.918930495359,87.49550887035632,4.5762696,0.7787607,0.036723733,0.7372229,1.0013713754495517,0.603688702153892,1.4742923333580071,1.070067038421446,,
2013-02-01,602.5607682379485,2695.411607449116,88.32376752633148,4.100535,0.67797863,0.14252836,0.35194802,0.8656816148486949,0.31318301194210246,1.332117066032672,0.7795627726648868,,
2013-02-02,745.6196688894436,2274.0376122945027,88.62566284411278,3.9614754,0.6622928,-0.39387882,0.30292848,0.6815537387071399,0.28068900490630305,1.139188506821208,0.7470707322484127,,
2013-02-03,789.3330383727214,2051.94913056346,88.69087393777365,3.9867415,0.6503528,-0.85783875,0.3823778,0.48802802951657803,0.3300026561387982,0.9364129302658799,0.7963864922591596,,
2013-02-04,797.4846508428521,1771.971735947605,88.55846008029033,3.9067702,0.6436168,-1.304752,0.4723836,0.3127531736885244,0.3821384201354282,0.7527605354763667,0.8485242031164233,,
2013-02-05,756.955683118059,1520.3479401699703,88.28167021816152,4.021385,0.63905174,-1.5108331,0.5260263,0.32802754512171156,0.4104235089559109,0.7687649696512335,0.8768091208800886,,
2013-02-06,667.5162815336997,1316.701720617717,87.83267214366873,4.016891,0.6337161,-1.441955,0.5600679,0.39447054408526117,0.42845848378908946,0.8383837168412109,0.8948433547259103,,
2013-02-07,440.62143096050215,1038.825771335527,87.55558798621608,4.036307,0.6246476,-0.93010426,0.48077673,0.5490341470174397,0.3854550019009281,1.0003349316443026,0.8518381686382386,,
2013-02-08,407.2992467036,768.363930495358,87.2968333653072,4.125968,0.63673854,-1.0292915,0.5176881,0.7567075302713702,0.403899322580046,1.217934392721824,0.8702802425429625,,
2013-02-09,420.5699337036,762.840780495358,87.00237049988418,3.9452143,0.63444376,-1.3034698,0.550933,0.5618494023520973,0.42066781601557174,1.013762712377198,0.8870508426797217,,
2013-02-10,80.9475820988,757.574930495358,87.11900559757333,4.2146993,0.6233245,-0.084622145,0.32633406,0.33041700788670586,0.3009089370716267,0.7712686405684246,0.7672945222604759,,
2013-02-11,54.9368420988,699.473590495358,87.31235054087847,4.5101767,0.6182758,0.3172943,0.35126877,0.6226237411701244,0.32878636620574375,1.0774418568440423,0.7951687311517344,,
2013-02-12,54.9368420988,670.547330495358,87.47880574834083,4.532764,0.60757697,1.1504622,0.5629159,1.4065848715689973,0.522319716603687,1.8988736494389202,0.9886939242973318,,
2013-02-13,54.9368420988,648.527330495358,87.54537675957366,4.7024617,0.6193719,1.3610193,0.544917,1.6219682889146936,0.5046850916585974,2.1245516578823604,0.9710571813091418,,
2013-02-14,54.9368420988,625.644230495358,87.52862231248561,4.875753,0.6260381,1.7518783,0.58399755,2.0040389755209467,0.5392301008674316,2.5248840172650873,1.0055985638121123,,
2013-02-15,54.9368420988,615.960170495358,87.46204139688159,4.9579716,0.6243883,2.207468,0.6718513,2.4326948200110627,0.6189516316048077,2.97402814583513,1.0853162243428938,,
2013-02-16,54.9368420988,616.931830495358,87.37201722102765,4.726705,0.60834265,1.8394161,0.72520906,2.075501771941593,0.6677659927896982,2.5997624910712913,1.134133795923294,,
2013-02-17,65.8453030988,577.774630495358,87.2167440243253,4.386719,0.577857,0.6002616,0.4489524,0.9876337953544571,0.40733524600532706,1.4598981438939354,0.8737137255305827,,
2013-02-18,89.5165650988,544.931330495358,87.01241568618225,4.490925,0.56028694,-0.24345458,0.3036086,0.424536264477259,0.27249048511035245,0.8698864758934226,0.7388750224062763,,
2013-02-19,78.9221190988,528.661130495358,86.8090867559828,4.679197,0.5440246,0.1564287,0.52073985,0.7439143537307312,0.458575778889684,1.2045297460738287,0.9249568358339382,,
2013-02-20,73.74652509879999,521.0818304953581,86.5187945473195,4.1277595,0.4926704,0.40166837,0.6810328,0.8636272983812947,0.599717323062252,1.3299645602604597,1.0660971055127872,,
2013-02-21,70.1101820988,479.309900495358,86.1800584503753,3.799604,0.4545399,-0.20964289,0.40256408,0.3019675071292092,0.35595144027487774,0.7414593509244729,0.8223373442046265,,
2013-02-22,68.0149850988,449.444830495358,85.82700489750451,3.946209,0.44231784,-0.47791946,0.33491835,0.10358855158054635,0.2966494872606071,0.5335985594251192,0.7630376395018874,,
2013-02-23,68.7652610988,469.4950304953581,85.46271944730654,4.094615,0.42165303,-0.08545792,0.52521104,0.4485658758583692,0.4612691016746929,0.8950646205574326,0.927653373055879,,
2013-02-24,63.6562960988,488.953030495358,85.16225298677739,4.115287,0.41913426,0.34110728,0.6649285,0.7758634065417574,0.5903116496702887,1.2380058543968484,1.0566923648739468,,
2013-02-25,60.2614947988,464.885550495358,84.91824556234772,4.1210246,0.4122212,0.61877847,0.68101215,1.0206670230168462,0.6047178132143477,1.4945102469201468,1.071095948628185,,
2013-02-26,67.2912710988,470.742850495358,84.65272376010631,4.2872405,0.42890736,0.8667475,0.69534266,1.2945443853042118,0.6107373670693206,1.7814780109219206,1.0771126975234506,,
2013-02-27,125.2758820988,764.580430495358,84.44271264263905,4.1660666,0.42035398,1.3119655,0.8023668,1.713771957214455,0.6919431163404149,2.2207432277117096,1.1583143193331191,,
2013-02-28,160.4681760988,868.643230495358,84.3340661853243,4.0715585,0.40824017,1.6205084,0.7692062,2.0026978896461882,0.6523778594438671,2.523478832069788,1.1187463348265252,,
2013-03-01,81.7816120988,736.992530495358,84.18423744230313,3.7577043,0.3785683,1.9439843,0.7631946,2.125144051270408,0.6880043133713594,2.651777501658381,1.1543716615985467,,
2013-03-02,83.5482920988,658.382590495358,83.98139811235949,3.4271765,0.35770586,1.4932102,0.7030483,1.710992719611836,0.6251775740128156,2.217831152052034,1.0915488037064818,,
2013-03-03,90.1455670988,621.750130495358,83.75579146705395,3.2993164,0.34514415,1.0224321,0.6228121,1.3107482406475588,0.5456999132702129,1.798456355160571,1.0120750804572587,,
2013-03-04,92.2437380988,598.435080495358,83.55585000169948,3.0943055,0.3365636,0.7315518,0.59376156,1.0471098344973921,0.5164215885424667,1.5222169343992338,0.9827994493972511,,
2013-03-05,93.8920520988,583.954980495358,83.35136992669916,3.5048714,0.3457813,0.64462894,0.5638613,1.0408157186761666,0.4881135716471757,1.5156219813571121,0.954491497782056,,
2013-03-06,90.4206070988,564.5967904953579,83.16425105827983,3.659803,0.3442336,1.421931,0.8466784,1.7308537153379961,0.7313457126580835,2.238641435482487,1.1977167517352272,,
2013-03-07,72.5704394072,550.8882304953581,82.97186171900542,3.5172806,0.3440513,1.7468283,1.0232352,1.9529085355149092,0.905017375907656,2.4713097170074265,1.3713863145200518,,
2013-03-08,74.1115174072,551.9849704953581,82.82574507472991,3.4751492,0.34788284,1.6833705,0.77493584,1.895464676398552,0.6844459752412907,2.411120237787317,1.1508154518212508,,
2013-03-09,92.3946734072,557.258430495358,82.69250133272904,3.8050456,0.3764726,2.0481682,0.67962635,2.2980340179671557,0.5854224682067223,2.832931017768448,1.051788254121559,,
2013-03-10,103.8791774072,610.6409304953581,82.58317733653976,3.8642368,0.38161045,2.814227,0.8458699,2.9668808161730302,0.725020490880509,3.533746406590161,1.1913805546919898,,
2013-03-11,72.6091244072,782.457530495358,82.80455041261973,4.0116997,0.40231776,3.759222,0.95628875,3.780661506374313,0.8757508433778879,4.386423032012939,1.3421046350266357,,
2013-03-12,501.7477274072,6112.968170495359,85.62625806632815,3.8575087,0.45258683,3.1076012,1.7689273,3.1644840896162374,1.635108867460882,3.740794441030955,2.1014673386371148,,
2013-03-13,38.7789474072,4230.445430495359,89.7776255384238,3.2703948,0.38381562,3.1445436,0.91205347,3.1456868004474434,0.903775672608195,3.721098705695211,1.3701342933642837,,
2013-03-14,54.9368420988,3368.048840495358,91.53979604258691,3.0965943,0.36869037,2.6562977,0.93079334,2.6633641776415744,0.9158738078311313,3.215722710256627,1.3822364048812008,,
2013-03-15,54.9368420988,2247.692730495358,92.63447971289426,3.102325,0.36028856,2.174213,0.7512462,2.1963561138653995,0.7333731272262246,2.726393257419155,1.1997398278089102,,
2013-03-16,54.9368420988,1776.358330495358,93.43125920347327,2.9812896,0.35497475,2.0591502,0.7338662,2.0868133874740056,0.7119306770299973,2.6116147631593303,1.1782983762595642,,
2013-03-17,54.9368420988,1449.819630495358,93.95386878809616,2.9973116,0.35590658,1.5527834,0.6180329,1.6055213514051734,0.5956109835398385,2.1073186129809285,1.0619832330560508,,
2013-03-18,54.9368420988,1200.148030495358,94.42652525199898,3.0713863,0.36630455,0.98627985,0.51008123,1.077547908947049,0.48801771052612347,1.5541098447602317,0.9543952563283733,,
2013-03-19,54.9368420988,1280.211530495358,94.71301595270776,3.0663462,0.35942832,1.1687986,0.53582793,1.2468762351047133,0.5139932424626306,1.731531486088306,0.9803690549530377,,
2013-03-20,54.9368420988,1126.981430495358,95.03510312132173,3.0043736,0.3517355,1.4523535,0.5630038,1.5244930523184832,0.5370836584894786,2.0224174381792785,1.0034567001235486,,
2013-03-21,54.9368420988,929.543330495358,95.10347216257992,3.0955076,0.3565195,1.4150333,0.52083665,1.5088086675896504,0.49217471519706246,2.0059833934747946,0.958547911026067,,
2013-03-22,54.9368420988,848.129480495358,95.12972500739092,2.956057,0.35043833,1.3639648,0.5616838,1.4608176182390529,0.5279450858040615,1.955698536014434,0.9943187551855535,,
2013-03-23,54.9368420988,780.761630495358,95.09045381876408,3.0826387,0.3494871,1.5821878,0.5445225,1.6808238715987194,0.5092453958080377,2.1862203362309383,0.9756169159111117,,
2013-03-24,54.9368420988,755.615130495358,95.00809934905053,3.3431,0.38885438,2.4936776,0.66154695,2.551248985820751,0.6172721290315236,3.098248795513379,1.0836356884716853,,
2013-03-25,54.9368420988,789.418430495358,94.91955720953548,3.3132062,0.3993823,3.1903524,0.8180124,3.198345754556058,0.7652308715224108,3.7762745778045876,1.2315890742632418,,
2013-03-26,54.9368420988,779.309530495358,94.82247352352096,3.1964684,0.3908879,3.4500375,0.81783885,3.4333394301181785,0.7644159895082816,4.022500147772884,1.230772365482553,,
2013-03-27,54.9368420988,788.974390495358,94.71282944043226,3.144916,0.38343927,3.540411,0.7979953,3.5146651088131637,0.7464649633713842,4.107712915911564,1.2128207218548752,,
2013-03-28,54.9368420988,791.814130495358,94.61590324658076,3.1611805,0.38215122,3.7145262,0.7723203,3.678625344631812,0.7226379139827599,4.2795098905323155,1.1889924505427256,,
2013-03-29,54.9368420988,749.962430495358,94.4797963212768,3.1822877,0.38135126,3.9562063,0.81434935,3.9033840035089917,0.7592138069884943,4.515011245004785,1.2255667184782744,,
2013-03-30,69.4798580988,749.164390495358,94.32295089022573,3.552866,0.49091923,4.807187,0.8405831,4.700730518730548,0.770368790085905,5.350468198061221,1.2367164025412667,,
2013-03-31,38.7789474072,777.4564304953581,94.267329138018,3.7572403,0.53895617,5.554874,1.0282992,5.469469239517581,0.97977986075881,6.155950001900017,1.4461230527314997,,
2013-04-01,86.7551274072,1020.062180495358,94.41359788241677,3.4677243,0.505132,5.2120147,0.82417643,5.075292805477721,0.7606066420037431,5.742933281737785,1.2269520161834655,,
2013-04-02,38.7789474072,932.654030495358,94.59468787527236,3.2367263,0.49924096,4.5620275,0.8019759,4.509122328080596,0.7702194464130842,5.1497017908780345,1.2365682658971429,,
2013-04-03,38.7789474072,883.9273304953581,94.72200061679324,3.3180184,0.5091568,4.057871,0.77196044,4.0267767896477835,0.7398264551046876,4.644301784523872,1.2061784989933886,,
2013-04-04,38.7789474072,811.3893304953581,94.85642360632838,3.7774115,0.5998268,4.7783375,0.90466046,4.732681979120564,0.8638293570786856,5.383946829037276,1.3301767723415971,,
2013-04-05,38.7789474072,787.8746304953581,95.02386289891788,4.013531,0.63879293,5.435636,1.0557965,5.36892402524014,1.0067143895351738,6.050599070076735,1.4730581212553975,,
2013-04-06,38.7789474072,723.362780495358,95.19489666127096,4.011209,0.63649744,6.0565248,0.87546605,5.952455931846911,0.8315518866048281,6.662021807115276,1.2978926469731062,,
2013-04-07,38.7789474072,703.2217904953579,95.35251205679076,4.3187475,0.6490477,6.375605,1.0535859,6.268108215753009,0.9990986418217196,6.992761191188731,1.4654379571928637,,
2013-04-08,38.7789474072,694.120430495358,95.54233291243744,4.6628003,0.6815261,8.136772,1.0276672,7.952958421593694,0.9739593411430436,8.758141477496293,1.4402928710827743,,
2013-04-09,38.7789474072,596.922780495358,95.78689184600556,4.609075,0.71268976,10.671949,1.0684146,10.302103161610477,1.00418090373882,11.219567305936307,1.470511786582565,,
2013-04-10,310.24563557200014,324.2943309688959,96.13192395906148,4.7354712,0.6403526,16.323322,3.5221167,10.65767410577201,1.827073360984412,11.592133325770293,2.293404393154204,,
2013-04-11,38.7789474072,545.4524304953579,97.19130816832237,4.5370817,0.5575241,9.941147,0.82693094,9.582446572800897,0.7729289540238491,10.465513592204612,1.239259977164586,,
2013-04-12,38.7789474072,1561.508730495358,98.40333196364108,4.656062,0.5928727,7.366738,0.72390807,7.301051433487399,0.7065120734072702,8.075075563791076,1.172847456774194,,
2013-04-13,38.7789474072,1468.346930495358,99.45360162631162,4.484627,0.58539474,7.0915613,0.71653944,7.024483856170824,0.6982650576746835,7.785289001677737,1.164601374196112,,
2013-04-14,237.88407096313875,1183.132830495358,100.0,4.411705,0.55379,7.5466466,0.74565715,7.021844487426185,0.6277147135272467,7.782523480129336,1.094051039375482,,
2013-04-15,792.3823116654879,1031.287460495358,100.0,4.5899935,0.5016126,9.994777,1.1235174,7.646404937086654,0.6716936887563707,8.436935784330482,1.1380280297096328,,
2013-04-16,792.6978951069708,1233.982322246079,100.0,5.0883183,0.568574,9.668193,1.2469858,7.876860981289581,0.7911495893103053,8.67840683967173,1.2574833105432406,,
2013-04-17,974.8867710353072,1673.7764038165014,100.0,5.260124,0.57043976,10.224749,1.2468541,8.397431834648676,0.8154221583997109,9.22385920033895,1.2817547033470533,,
2013-04-18,565.2896753913137,1140.4312584801569,100.0,5.29648,0.6339363,11.375595,1.1297351,9.360927377716347,0.7840054636682208,10.233406536820507,1.2503366492264225,,
2013-04-19,545.1239355972324,1600.1484990125002,100.0,6.003809,0.7125164,11.543625,1.0192305,10.13593129148841,0.7815011591582541,11.045452988452526,1.2478320217984642,,
2013-04-20,1608.5998145829128,3261.694606361493,100.0,5.701851,0.6275741,12.270852,1.1720576,10.101189806632155,0.8118482265927806,11.009050979377967,1.2781790890008509,,
2013-04-21,1436.1764081565696,1705.5452274517452,100.0,5.726697,0.6633028,10.425659,1.4403156,8.27762079377709,0.8386376443691471,9.098321601267257,1.304970432583211,,
2013-04-22,1244.6585241560804,1513.571182075773,100.0,5.7152815,0.6771337,10.622581,1.4460212,8.408148724738831,0.8502991038274187,9.235088321141559,1.3166316278149548,,
2013-04-23,1084.6601237158177,1417.9868624053329,100.0,5.7840543,0.6900392,11.425275,1.4197541,8.980340731231847,0.858219646099042,9.834629149604416,1.3245512417528058,,
2013-04-24,969.4736841976,1230.0788590004531,99.9896978532457,6.335307,0.7334058,12.426189,1.4960846,9.741575170974514,0.8969463124852656,10.632247993417026,1.3632772535936328,,
2013-04-25,476.60999818498783,1284.6504172425275,100.0,6.285347,0.74779254,12.53088,1.1251546,10.840792897680284,0.8452595219580594,11.784004569971508,1.311590687444204,,
2013-04-26,969.4736841976,967.230000495358,99.750134771822,6.359585,0.75639606,14.765144,1.6387386,10.55749563079354,0.9017631499522523,11.487166662130837,1.3680941254192716,,
2013-04-27,51.68421550651127,514.9690104953579,100.0,6.4260654,0.8709872,12.560816,1.0934138,12.001267668736789,0.9968545252076411,12.999946068199959,1.463187427246538,,
2013-04-28,222.3068673214597,667.9841117018071,100.0,6.7386656,0.9559713,14.311771,1.0931882,12.42075658008896,0.8542470940242776,13.439485115563656,1.3205810028244538,,
2013-04-29,213.62368442022043,812.8929958956436,100.0,6.828161,0.8392714,13.794656,1.0207245,12.344890427462774,0.8269607027239927,13.359992820177407,1.293294414539064,,
2013-04-30,969.4736841976,1089.841730495358,99.4978862002463,6.9786425,1.0043067,14.907042,1.4887805,11.174551511075338,0.9188736260961627,12.1337157041901,1.3852051332270277,,
2013-05-01,103.4105262964,564.867070495358,99.73264251590004,7.2551675,1.0585971,12.584761,1.0592949,11.760049440346148,0.9102387585369839,12.747198433055507,1.3765711728024852,,
2013-05-02,103.4105262964,530.925670495358,99.74030931323044,7.570529,1.17082,15.475458,1.0427657,14.186783639388073,0.893399440899322,15.289922231435767,1.3597397953607127,,
2013-05-03,103.4105262964,534.317930495358,99.71390228154908,7.5891466,1.2672989,16.799358,1.0318741,15.305881270225616,0.8886382867422713,16.46250890358347,1.3549845720730278,,
2013-05-04,103.4105262964,504.4835904953581,99.66291140236623,7.8413043,1.32955,17.147644,1.0421866,15.564517205743478,0.8939809304604087,16.73350675271637,1.360328790245269,,
2013-05-05,125.08607107419088,508.00482730979854,99.57480717957672,8.204361,1.3712461,17.989069,1.0641106,16.055806816253703,0.8958162331125386,17.248278327219463,1.3621672943157108,,
2013-05-06,144.20569026434836,506.62997990506346,99.44854007113214,8.321762,1.4174443,18.911331,1.0846303,16.564999851544673,0.900828994404505,17.781809049008025,1.3671836649958289,,
2013-05-07,148.30098800798618,508.5851118381286,99.30230363240324,8.528063,1.5135721,19.070541,1.1256393,16.69043319097134,0.9361071748157495,17.91323767328687,1.4024627800523235,,
2013-05-08,121.0555972964,701.5460904953579,99.43070254402512,7.9821634,1.6231408,16.525229,1.007297,15.268015124472251,0.8916516199547829,16.422832885502036,1.3579976811944006,,
2013-05-09,262.4798762964,825.268830495358,99.47194693230382,8.251019,1.6830297,16.197424,1.0812151,14.2799116490604,0.9153407199787204,15.387501441628256,1.3816815133515923,,
2013-05-10,163.0430832964,663.323430495358,99.41505813861438,9.020902,1.7778348,16.855198,1.1068938,15.30948206381657,0.9552357023000433,16.466281802799376,1.4215820090256113,,
2013-05-11,361.2659062964,648.9089304953579,99.48653848032858,8.661867,1.8575081,20.073395,1.3025523,15.992323140408919,1.068361248116657,17.181760348677386,1.5347118801076796,,
2013-05-12,304.3869362964,480.518410495358,99.62648781740644,8.46387,2.0649757,18.00924,1.3447397,14.30753722375437,1.1484849356578954,15.416447424359294,1.6148258611374935,,
2013-05-13,244.1393062964,468.47309049535806,99.62866080281192,7.9571676,1.9838356,14.115543,1.1624485,12.00569853558559,1.0227073219584069,13.004588715337972,1.4890402335795292,,
2013-05-14,210.4813762964,467.783060495358,99.59993919236474,8.060832,2.0236127,12.875488,1.0697222,11.381387425404828,0.9688370354582667,12.350437668191336,1.4351688182574178,,
2013-05-15,188.7434862964,462.5131304953581,99.50858894033382,8.825681,2.2588892,14.599442,1.309163,12.926123033730333,1.137106201440793,13.969006358180286,1.6034415903964163,,
2013-05-16,159.0554062964,452.274030495358,99.43485474687652,9.428403,2.4199991,17.636627,1.0725944,15.501015247488667,1.0129782176740574,16.666969617927563,1.4793256838030588,,
2013-05-17,162.4219164833134,465.8628397456531,99.33183913401436,9.110121,2.473634,18.909895,1.0735381,16.376492555224697,1.0210590094158234,17.58429174830391,1.487412309216337,,
2013-05-18,200.4820187338953,526.2772191280293,99.16717388882752,8.76921,2.4220855,17.864113,1.0952443,15.355215247914794,1.0370406177048301,16.514200876766424,1.5033871974531232,,
2013-05-19,188.353046341501,501.5170678365228,99.01517836472034,8.544888,2.3576798,17.028027,1.1094983,14.711902070523859,1.0319526833192056,15.840139528552285,1.4982956423812699,,
2013-05-20,178.18395435120695,471.51453233322246,98.89957137600672,9.122278,2.6928353,19.329947,1.2014052,16.5304283714989,1.1426518819319527,17.745585170392758,1.6090062980827347,,
2013-05-21,177.91638636116798,450.55888261798594,98.81795432341512,9.306828,2.7290733,24.967365,1.4368584,20.53399068820906,1.287623574471015,21.94050408034852,1.7540165415363385,,
2013-05-22,172.26338739914397,595.6576512046447,98.79630745498451,9.024684,2.1119385,25.881353,1.4371972,22.09999197574365,1.2112903578575063,23.58135487631966,1.6777033904583054,,
2013-05-23,103.4105262964,576.631530495358,98.88514588409996,8.534636,1.7107815,24.066273,1.3697451,21.704455903526213,1.1902334229251932,23.166913531922653,1.6566411227936277,,
2013-05-24,113.9825602964,779.744330495358,99.08428683501168,7.1754727,1.856741,19.250944,1.1696873,17.71088401263167,1.0476236321986858,18.98246255598593,1.5139875097559532,,
2013-05-25,103.4105262964,51.53193049535805,99.83164948027176,7.1889277,1.8588659,20.514406,3.0731928,11.62081577762436,1.6074400044806727,12.601309877202084,2.073772167491963,,
2013-05-26,1166.3090210534187,1298.612672238903,100.0,8.964967,2.5305088,18.437847,2.455445,13.95563342115604,1.7626915552496112,15.047723822919735,2.229030863166634,,
2013-05-27,1017.0027558278456,769.0607993713585,100.0,10.117557,2.5151231,20.53005,3.391982,14.601070447758572,2.045539184800427,15.724010533077767,2.51188156787778,,
2013-05-28,887.8194196127348,622.7610872348995,100.0,10.772363,2.586803,19.093264,3.5450284,14.20278781938388,2.1088948081456675,15.306691356527821,2.5752352373287746,,
2013-05-29,1219.3042587324137,1885.0126552712293,100.0,13.506698,2.9156961,16.5639,2.5401747,15.363101256131019,1.9211155115514393,16.522463809218415,2.38746213862024,,
2013-05-30,4609.459613026734,4661.384563502829,100.0,15.005736,2.5742574,16.94859,2.2957182,15.982603687948648,1.723535690005794,17.171576339613804,2.1898862566905932,,
2013-05-31,1978.442394691082,2388.811172093498,100.0,15.668093,2.6553478,16.707804,1.9335148,16.236796424634214,1.6017270003175168,17.437918620198538,2.068079310489764,,
2013-06-01,1182.7211697064681,1210.2225376440847,100.0,15.592233,2.8654373,15.986647,1.7856474,15.791706117446848,1.679682690778344,16.971554517792715,2.146031996697465,1.5032884841840775,4858.496711515816
2013-06-02,970.6319304696914,789.3644269752812,100.0,15.357764,2.9753807,16.767054,1.8242425,15.989835375039393,1.8335783913099915,17.179153676627198,2.2999290065751183,1.5726707077729623,4856.924040808043
2013-06-03,1141.214450609185,1068.798280236869,100.0,14.496026,3.0418804,17.636879,1.9116819,16.014993853761844,1.8226573395608128,17.205514644632625,2.2890081242990994,1.7709411048609216,4855.153099703182
2013-06-04,713.387555191683,348.929716068748,100.0,13.835895,3.1724184,17.04836,1.8246218,14.891064224935604,2.2130967891556157,16.027865021509726,2.6794407090224106,1.936793788620843,4853.216305914561
2013-06-05,587.5371197654242,543.875054324152,99.9474721541568,13.644464,3.3175607,15.49091,1.6562785,14.532058671858564,1.8978731802494995,15.651700230194693,2.364215211774527,2.0151084984983787,4851.201197416063
2013-06-06,569.0120097513483,597.9425188390226,99.90495440487568,13.836385,3.332731,15.623912,1.460513,14.752306020503568,1.789090162797735,15.882474649227031,2.255433335330761,2.017026301176274,4849.184171114887
2013-06-07,497.55690120709875,1075.697709552067,100.0,13.73911,3.2380197,13.974476,1.1619257,13.900039141364477,1.2960894884942837,14.989472326593674,1.7624285538215605,2.0744237349152717,4847.109747379972
2013-06-08,587.1794948868478,998.89673650072,100.0,14.140649,3.3709936,15.010206,1.2484958,14.68828836420152,1.4750213338564204,15.815397167787157,1.9413641690218555,2.034019539905167,4845.075727840067
2013-06-09,473.9503172345265,640.444100495358,100.0,13.566857,3.5631704,18.590485,1.2945527,16.453943278205227,1.6881881310738942,17.66544435109086,2.1545419891636666,2.2203865080122456,4842.855341332055
2013-06-10,448.16732344085744,1286.1165558302944,100.0,12.945637,3.3400683,16.494858,1.172925,15.577681014272132,1.2253900363209198,16.747299746294463,1.6917379782868216,2.4180126026328796,4840.437328729422
2013-06-11,1032.7722093923055,2477.849907553263,100.0,13.950325,3.3747106,16.32041,1.2904549,15.62316649562624,1.347303852903389,16.794959278172957,1.813652080358482,2.2297733861443345,4838.207555343278
2013-06-12,1099.8017884858782,2031.4732975532631,100.0,14.18686,3.3284328,16.74576,1.4035696,15.846994257798489,1.4818417887883766,17.02948524226011,1.948191455565731,2.222816479717085,4835.984738863561
2013-06-13,2166.803588309287,4921.416067553264,100.0,13.684548,3.1895618,13.832369,1.2683654,13.787181491080336,1.3138440857854392,14.871220466410529,1.780182669521698,2.3862163031258303,4833.5985225604345
2013-06-14,2681.577224481073,6453.510667553263,100.0,15.178416,3.0403974,14.210108,1.5188537,14.49435179894066,1.3956652991503506,15.61219109764581,1.8620071408942365,2.066842474911443,4831.5316800855235
2013-06-15,1792.0404990744391,4000.9184675532633,100.0,15.475342,3.1128752,14.033215,1.5365667,14.479333799677317,1.433007529172874,15.596455289354141,1.8993492957829963,2.0349270682778937,4829.496753017245
2013-06-16,1320.1408913965906,2893.725967553263,100.0,15.415809,3.083283,14.040846,1.4844134,14.471600967426873,1.4043379288488136,15.588352854155492,1.8706796568728432,2.092219390429559,4827.4045336268155
2013-06-17,1088.9922727697294,2429.4315675532634,100.0,15.635145,3.2408147,14.105625,1.4941043,14.579029032997004,1.4389141681791098,15.700915614035404,1.9052564383834416,2.0800007635682123,4825.324532863247
2013-06-18,971.7330794469581,1582.6694298763257,99.99891043563002,15.144773,3.3195014,15.05113,1.5639627,15.086753207343367,1.591731811132801,16.232907268347258,2.0580768223808272,2.259395249358016,4823.065137613889
2013-06-19,585.3912670780353,1165.6556066963942,100.0,14.465426,3.5300422,15.002261,1.2680107,14.822792319602502,1.4509331746677716,15.956329952477535,1.9172767240790598,2.501591630471065,4820.563545983418
2013-06-20,972.0063847036981,911.337300495358,99.61094102233992,14.606011,3.5556774,18.64016,1.6739823,16.55810849016187,2.005934210088874,17.774588304108065,2.472288829851811,2.532700506098025,4818.03084547732
2013-06-21,390.41864301714776,646.3264804953579,99.72837083118704,14.493618,3.7172031,16.8437,1.2977803,15.958703740239745,1.6168176146023638,17.146534056102297,2.0831680211598647,2.629169313547758,4815.401676163772
2013-06-22,390.7753769084016,599.7874804953581,99.7706544551032,13.594491,4.115088,19.8564,1.3844216,17.38608717972685,1.8270489969510477,18.64214154473069,2.2934101123393424,2.9859032048016005,4812.415772958971
2013-06-23,391.2996047046378,608.5379104953579,99.71193760525946,12.269979,4.020451,22.79565,1.4785373,18.676289871915436,1.8126145579331263,19.99401151526862,2.2789873577571838,3.510131001037792,4808.905641957933
2013-06-24,391.84056856999894,590.752810495358,99.53137866558262,11.018101,3.4919019,25.428482,1.5599357,19.68188114330179,1.6788870081324956,21.04766661198545,2.1452702348040154,4.051094866398958,4804.854547091534
2013-06-25,392.3122590775624,560.7865604953579,99.41621708473896,10.11026,2.7977276,26.780663,1.5909915,19.918831275542075,1.4840731622270504,21.29594215057331,1.9504590141263873,4.5227853739624155,4800.331761717572
2013-06-26,392.7069139827486,575.960700495358,99.235578954749,9.557435,2.2597885,26.90884,1.7653847,19.874418190500457,1.393248750484077,21.24940627188524,1.8596341054314796,4.917440279148602,4795.414321438423
2013-06-27,412.0428181881399,622.508700495358,99.099121566031,10.5767975,1.6000129,25.775654,1.5603762,19.72222924677277,1.1347428067906606,21.08994321687925,1.6011264759536092,4.780716484539854,4790.633604953883
2013-06-28,1102.1191544771482,2625.268060495358,99.82006946663634,12.8289385,4.323725,22.54855,1.3892052,19.674641194402625,1.609898416186921,21.04008061827743,2.076281563656007,4.096880773548265,4786.536724180335
2013-06-29,908.1437809584145,2139.016740495358,100.0,13.536094,4.485354,20.659626,1.3580793,18.536603111889615,1.6418859645837112,19.84764820560887,2.108257407478191,3.968056804522069,4782.568667375813
2013-06-30,1291.9909859456918,1832.342415495358,99.88394642977924,14.542921,4.360956,22.243938,1.6387231,19.059372729507476,2.043473292515717,20.395404423950325,2.509849928138078,3.680631748091728,4778.888035627721
2013-07-01,1229.444413592326,2666.894430495358,100.0,15.51832,4.1697016,20.550644,1.5212965,18.962752652529964,1.6778885607804963,20.294166237572497,2.144264213124342,3.3898182874337364,4775.498217340288
2013-07-02,1930.4625468548888,3822.673730495358,99.8725475316704,16.09949,4.16923,20.880371,1.7293866,19.276148115420597,1.8104049815608445,20.622540932300506,2.276783862093031,3.2474026572888963,4772.250814682999
2013-07-03,1123.0464770556277,3026.3254055828625,99.86706933157066,16.25758,4.171155,19.915276,1.4897583,18.925303485154053,1.5668751887341277,20.25492712800959,2.0332504628376036,3.2812333520279124,4768.969581330971
2013-07-04,877.1138822987579,2514.0464318154186,99.57385537525477,15.756909,4.327164,19.875978,1.4724226,18.81059306939511,1.5633889838559922,20.134733946495313,2.0297631093517836,3.6087385951578796,4765.360842735813
2013-07-05,705.5804141918975,2025.9977760401605,99.32196149889596,15.240611,4.489874,20.279789,1.4624116,18.97814392239348,1.5879329385658592,20.310293157523063,2.054308746828057,3.9773104882974417,4761.383532247516
2013-07-06,615.4881826591928,1570.873372531718,99.09769774565852,14.672674,4.695495,21.223026,1.4484931,19.379020055293026,1.6823702583504287,20.7303297992487,2.148750223016333,4.410778955592888,4756.972753291923
2013-07-07,555.7221299906107,1281.903830495358,98.89283928243276,13.745715,4.7119317,22.76846,1.437207,20.03986344625869,1.7423094385373539,21.4227592453224,2.208696656151157,5.087396287010694,4751.885357004912
2013-07-08,525.6070393065095,1268.331130495358,98.71111222258932,13.266444,4.654571,22.90702,1.3719757,20.082422216208037,1.673529632727733,21.46735217899545,2.139917334550474,5.60386560290949,4746.281491402003
2013-07-09,502.2304706961758,1120.985260495358,98.41938017577372,12.296827,4.211229,23.277895,1.3582919,19.88030174422789,1.6055032936164153,21.25557103936892,2.071888714267149,6.4872769925757785,4739.794214409427
2013-07-10,495.2354410570242,1042.185760495358,98.18515265358972,11.365272,3.0372832,24.653864,1.4126136,20.373331102206865,1.36900485432579,21.772165515322744,1.8353959213983255,7.4641373534242135,4732.330077056003
2013-07-11,442.1999147726307,959.003390495358,97.96221691421631,10.085134,2.159877,25.823069,1.4074736,20.856399243376345,1.1800643209493236,22.27832266235429,1.6464611899166472,8.81381906903065,4723.516257986972
2013-07-12,460.0773975927832,856.3223304953581,97.68850201551314,9.435376,1.9068463,26.110651,1.4408027,20.282697019476323,1.150030169723476,21.677199433254792,1.61642017795916,9.987035889183161,4713.529222097789
2013-07-13,489.9069710079815,832.451330495358,97.39249902238214,9.514814,2.0738952,25.966482,1.5015105,19.871472418345093,1.2181143865100872,21.246319701890467,1.684499708576077,10.834237304381482,4702.6949847934075
2013-07-14,472.5527299389521,754.4564304953581,97.08535548756824,9.216344,1.6321661,28.010216,1.6175803,20.77221318424051,1.1765927427963507,22.19011279736741,1.6429885814498018,12.043682235352106,4690.651302558055
2013-07-15,459.79927080727566,704.308960495358,96.75674609583912,9.093458,1.3758426,30.616806,1.7975814,22.115517762765087,1.2157842280579843,23.597622742888475,1.682197473629904,13.325784103675678,4677.32551845438
2013-07-16,451.06443871863735,533.1068304953579,96.50888150186262,8.9473715,1.2048658,33.08343,2.28196,22.0214153229368,1.3538346462906428,23.499022528109496,1.8202466052622273,14.981199015037346,4662.344319439342
2013-07-17,191.89134005495245,485.485400495358,96.11104726292383,8.871816,1.108243,29.366676,1.7106034,23.560769456642795,1.2655723172003328,25.11195252738777,1.7320065943289222,16.80157936335246,4645.54274007599
2013-07-18,365.1970792105327,532.9168604624177,95.75929554753654,8.650686,1.0223943,32.455162,2.56503,22.775627365100714,1.5777769396852879,24.289283327743952,2.0441994950653686,100.95342501648065,4544.589315059509
2013-07-19,372.89897357819393,583.2274025275137,95.35472064543828,8.600939,1.0189548,32.42347,2.2248402,23.132441196794463,1.4141183471246408,24.663151640885598,1.8805461421938707,61.16713874562411,4483.422176313885
2013-07-20,429.79986689739144,587.3707938334925,94.97877344954952,8.422498,1.0181926,32.960777,2.0467122,22.592262259127548,1.2577567016702733,24.097153996507526,1.7241766210083833,108.82870277101944,4374.5934735428655
2013-07-21,437.2041773476929,603.3801970366462,94.58636667171756,8.437725,0.998204,31.99444,1.9396766,22.09702622053416,1.2003674435502214,23.578247368149086,1.666780435500358,92.32478155821563,4282.26869198465
2013-07-22,522.0091730546089,674.6781074082484,94.16026682855208,8.117049,0.94951785,31.03096,1.9914014,21.0356406225483,1.1966927242341407,22.466131166744663,1.663091813844452,127.3408633203346,4154.927828664316
2013-07-23,640.4354918698947,999.3063498064585,93.88703838597483,8.149215,1.0863882,28.125534,1.9340473,20.323364496630916,1.2527133738748906,21.71981067680256,1.7191038560486094,158.9114304821851,3996.0163981821306
2013-07-24,290.3774949234745,533.782898915358,93.70405025923807,8.425024,1.0464184,24.774395,1.5912917,19.01400002537447,1.0945899509883037,20.347863059658593,1.5609661235345405,151.4196002318745,3844.596797950256
2013-07-25,340.23680554126975,467.01705180521583,93.3203442434666,8.401473,1.0406288,25.920317,1.5933484,18.536573222801504,1.0208186027931867,19.847616887924517,1.4871900453997087,106.84827157593625,3737.7485263743197
2013-07-26,370.7189129170365,530.0238699642091,92.85607612506686,8.434019,1.0082649,26.489368,1.6113485,19.058324182168782,1.0349972647664678,20.39430575963312,1.50137388966073,68.9912610253537,3668.757265348966
2013-07-27,412.23212428590705,607.1370288394551,92.34551463291491,8.3849325,0.94118994,28.137573,1.7033252,20.149620084079203,1.0835509760140773,21.53776187524644,1.5499394465914627,47.995450906102164,3620.761814442864
2013-07-28,281.6268074891995,494.97084533424334,92.0105466884904,8.054028,0.816159,25.40635,1.4706689,19.113671211832735,0.9829607476026517,20.452298188120654,1.4493379404922337,36.63169082966304,3584.130123613201
2013-07-29,272.93509381593594,512.984235608239,91.73052818471707,8.412452,1.0134614,24.61052,1.3821771,18.9852332604726,0.9683950649016375,20.317721341728678,1.4347709450721526,28.151509380204438,3555.9786142329963
2013-07-30,198.54285101734996,346.500759608518,91.57745383163684,8.241619,0.9380078,25.483374,1.8284922,19.202725571685814,1.2116060573843443,20.545609041957608,1.677984171540605,23.280803201229965,3532.6978110317664
2013-07-31,282.5059646042248,448.8485441178525,91.19016444780124,8.370308,0.93029696,26.041573,1.685374,19.215556451741783,1.0949966744809416,20.559053194220084,1.5613749221199518,19.44520230567028,3513.2526087260962
2013-08-01,298.5984570747655,513.289925712032,90.94005691915842,7.853186,0.7626332,24.33955,1.5255576,18.276151496990625,1.0044402699191866,19.574747893827013,1.470809242348598,17.247609643214442,3496.004999082882
2013-08-02,328.14102235132646,597.3091877054568,90.67727148220249,8.329662,0.94126123,23.690922,1.3881669,18.24421127522175,0.9561007006700282,19.541281038639774,1.422469375476018,14.636546120285018,3481.368452962597
2013-08-03,192.24470534941892,483.767570495358,90.45889633075706,8.295433,0.8914382,23.339245,1.347847,19.0610782029621,0.9973035312209257,20.397191413206208,1.4636801842953393,12.995707657818928,3468.372745304778
2013-08-04,207.2392779074838,369.8655076892445,90.18707980812698,8.12156,0.8333621,24.778816,1.5061171,18.79716814516764,1.010593803740652,20.120667356780576,1.4769677957947316,11.77669744071355,3456.5960478640645
2013-08-05,257.4537733580757,439.38518152674567,89.80434125742637,8.236415,0.88175946,24.356487,1.4186584,18.40077336347042,0.9519967381874462,19.705326259526004,1.418366883016128,10.586009827658602,3446.010038036406
2013-08-06,270.92437784508394,447.31926202533407,89.43002205505086,8.217594,0.888485,23.817734,1.4550341,17.933298615255513,0.966177092223455,19.21550781632891,1.4325429308494981,9.6680612714543,3436.3419767649516
2013-08-07,281.2314801287188,467.4930446077819,89.04019611987067,8.298029,0.9042777,23.000793,1.3172349,17.47822796220095,0.8898391613128999,18.738686341639546,1.3562010480366615,8.836550777195384,3427.505425987756
2013-08-08,166.93244120965264,279.724600495358,88.7854064956031,8.353128,0.86134374,24.25874,1.6227602,18.31421776546672,1.0660408126063363,19.614633599813235,1.5324101412661695,8.135389518052639,3419.3700364697033
2013-08-09,555.1721333394088,1355.538663495358,89.15212809320029,9.4646845,1.2181611,21.936893,1.272199,18.312994505456153,0.9694726832475483,19.61335187215567,1.4358420004341443,7.048893339408827,3412.3211431302943
2013-08-10,182.12248482188792,647.3475304953581,89.35509009836802,9.443966,1.6713979,20.689823,1.2056656,18.220627849471793,1.0099750946507113,19.516570405754877,1.476343550451737,6.610334130287911,3405.7108090000065
2013-08-11,253.2994390120575,563.829550495358,89.2352765462671,9.415089,1.3951008,22.679785,1.3118882,18.567900201703466,1.003218510038105,19.88044118933207,1.4695902550157944,6.227874320457481,3399.482934679549
2013-08-12,225.5690204190385,514.815780495358,88.90790799112385,9.306209,1.2389562,22.966118,1.3315164,18.804427418512603,0.9998398839622075,20.128273598576843,1.4662139481467742,5.916885727438522,3393.5660489521106
2013-08-13,144.66574794364203,1465.5261904953582,89.29746224388384,9.01402,1.1562622,19.031734,1.1259209,18.13170501894842,1.03001585819331,19.423397367899973,1.4963834939419893,5.70785325204204,3387.8581957000683
2013-08-14,144.31177798174292,721.1325304953581,89.7816595478455,9.1637335,1.3158712,19.710499,1.1237459,17.951838614753154,0.9617276745960553,19.23493396442672,1.42809367924678,5.353883290142921,3382.504312409925
2013-08-15,144.08130589503477,732.600320495358,89.74769191972774,9.052373,1.2393757,19.39103,1.1159295,17.691886734018375,0.9545146346772294,18.96255727239387,1.4208783473543558,5.123411203434784,3377.3809012064903
2013-08-16,143.8423464370526,677.025118495358,89.5643706238984,9.024821,1.1591169,19.690056,1.1279466,17.821164179786344,0.9522093561384999,19.098013738156705,1.418574198984893,4.884451745452617,3372.4964494610376
2013-08-17,143.6206914682393,609.872859495358,89.2890229226354,8.999694,1.1089473,20.816849,1.197682,18.56442343086308,0.9921730070262083,19.876798240730263,1.4585447183903932,4.662796776639308,3367.833652684398
2013-08-18,143.46499058737203,594.8479014953581,88.94632321510282,8.807295,1.0544043,21.331577,1.2377217,18.897926089118105,1.018044523190502,20.226241186028073,1.4844195217942047,4.507095895772039,3363.326556788626
2013-08-19,152.0481979451959,561.7301362813812,88.55547975304684,8.8663225,1.1129398,21.76762,1.2735692,19.01940127348821,1.029932420832563,20.353522468968922,1.4963086483807801,4.294440174717386,3359.032116613909
2013-08-20,179.90451914589673,516.1085858201704,88.22885938850156,8.949363,1.1030294,23.450264,1.3784263,19.702090784687627,1.061151456951238,21.068842205146325,1.5275349050261031,4.088022039629989,3354.944094574279
2013-08-21,222.17465161999309,489.7981276336478,87.8223022095341,9.035769,1.1002524,25.237423,1.5165467,20.18161628506013,1.0983434255803644,21.57128738526071,1.5647322640139545,3.8978509504294245,3351.0462436238495
2013-08-22,210.23100521224305,486.6483100813784,87.39930719191996,8.97091,1.0537225,25.496143,1.5130036,20.510895070365287,1.1033519011282609,21.916304570920236,1.569744593243885,3.760010581379761,3347.2862330424696
2013-08-23,220.1083688536989,473.1678217235543,87.00377847807678,9.045292,1.0503337,25.012793,1.4828135,19.9432682352591,1.0655594885567858,21.32154711343124,1.5319456148507835,3.6091915730853037,3343.677041469384
2013-08-24,276.1371001945945,476.98250001748977,86.6131617199271,9.132945,1.1683669,24.595821,1.4022335,18.926238718793197,0.9860168238598227,20.25590706261975,1.4523921073897288,3.467249294935274,3340.209792174449
2013-08-25,303.085752489367,475.467116993955,86.09113123431298,9.107876,1.1498724,24.544703,1.4027607,18.535242644003144,0.9665772403632396,19.84622271200795,1.4329486701517244,3.3542121245988046,3336.8555800498502
2013-08-26,284.96459729643954,492.9524665468834,85.65690868045176,9.04459,1.0642549,24.007814,1.385134,18.526524155822894,0.9604197844552962,19.837087509895348,1.4267911303049319,3.2545123925352484,3333.601067657315
2013-08-27,222.59041039764946,565.9762070178568,85.76244660939828,9.379957,1.0980585,23.193134,1.3637471,19.294058828845397,1.0267023970736653,20.6413077166023,1.4930814654910183,3.0746835535365844,3330.5263841037786
2013-08-28,175.4876752363711,569.898226311276,85.81117337256873,9.280387,1.1192931,23.719803,1.4010816,20.320302640028395,1.103158333872793,21.716602473920872,1.569548780297867,2.990778498693039,3327.5356056050855
2013-08-29,289.1051382225271,414.0235093829409,86.15267845169437,9.377594,1.080223,28.161587,2.1489248,20.438179609931307,1.341040572487879,21.84011356004288,1.8074324029201236,2.8796286247474194,3324.655976980338
2013-08-30,179.84329028652914,511.4033433051593,86.2226790384684,9.664834,1.1895841,24.816162,1.4560297,20.87420483546819,1.1207906740705664,22.296979300882757,1.5871877619903434,2.7354428834048785,3321.920534096933
2013-08-31,141.63174936310395,754.725625495358,86.35842143224119,9.623444,1.2133139,21.944916,1.2939821,19.99802304005148,1.1062609341697474,21.378919010722758,1.5726476777665164,0.0,3319.2466794254287
2013-09-01,129.2631579012,576.611080495358,86.6760679766596,9.899723,1.3598003,21.832582,1.2647648,19.647378640527474,1.0627401329911035,21.011515007519424,1.5291229827554218,,
2013-09-02,129.2631579012,465.4392604953581,87.41766140237772,10.0286,1.4733351,22.399479,1.3002634,19.71057290073226,1.06684000671604,21.077729737343226,1.5332235478544403,,
2013-09-03,129.2631579012,688.744480495358,89.55845383360209,10.13676,1.7610333,20.813309,1.1851075,19.126179685484605,1.035912396282859,20.465404524055003,1.5022897180251022,,
2013-09-04,469.8080089705896,200.01857162204223,89.78401005681245,9.971751,1.6429648,34.61776,11.221799,17.33135675499809,3.543573944717302,18.584795192786494,4.00993460653851,,
2013-09-05,468.731453376497,289.4226276705091,89.66499583394145,9.885778,1.9354874,31.715042,10.643477,18.219022307731684,4.2356540282936,19.51488812460786,4.702022469208056,,
2013-09-06,422.80783304670297,376.283811312096,89.52969988854797,9.727101,1.6603456,24.446693,3.1077073,16.65840170104479,1.7068314295100961,17.879675187636,2.1731867943587453,,
2013-09-07,418.6872532972553,431.89618001935247,89.36750800218759,9.589126,1.4209355,21.839283,1.9142237,15.809322217807193,1.1974742059555123,16.99001260753266,1.6638236264730635,,
2013-09-08,416.4629816980878,451.3590827599578,89.19397116793499,9.4846525,1.6299772,21.14625,1.6098464,15.549914114547638,1.145826355705827,16.71820568367954,1.6121741245561372,,
2013-09-09,402.40069772386926,484.480668720617,88.87934280862328,9.563788,1.5842516,20.496632,1.4440719,15.536121793623415,1.0672371309358533,16.703754136961827,1.5335848141242907,,
2013-09-10,429.51547701083086,455.1388752865154,88.47898222383486,9.687395,1.227073,24.151714,1.801188,17.129029185606704,1.1016673768862149,18.372797057200398,1.5680263916978028,,
2013-09-11,607.2991630059233,258.8450646226816,87.90620870295292,9.720651,1.1457248,35.10858,14.182705,17.307771151320583,4.313923160198875,18.560082277876557,4.780283627615418,,
2013-09-12,552.736880286115,237.5677670783208,87.94827447876908,9.913311,1.336787,34.46672,11.419388,17.29413396535546,3.557744967025841,18.545793281038687,4.024105322327934,,
2013-09-13,478.9700287002877,208.5687553646977,87.89075693715273,10.066795,1.8742263,26.748688,7.324594,15.127341189729522,2.5771814182798995,16.275435217548395,3.04352666137597,,
2013-09-14,562.1322819800981,241.26126026558265,87.58715684586525,10.057782,2.0200331,24.533813,4.761092,14.404973645646416,2.010465580694023,15.518540974148035,2.4768069790872786,,
2013-09-15,601.7286757257885,256.8272802510298,87.16646773158877,10.0269785,1.7627069,24.91304,3.34051,14.479975068357195,1.5889610924545345,15.597127208484851,2.055302862267597,,
2013-09-16,610.1186528501466,276.94840092243135,86.670240192291,9.687285,1.7349436,22.224195,3.1124785,13.601394484197048,1.5388942958751257,14.676553475679333,2.005232118542413,,
2013-09-17,569.4527738384235,297.05263499964144,86.15583336630877,9.694891,1.8377774,21.044918,2.2058308,13.585871249514094,1.4249588511520155,14.660288283442057,1.891296612016063,,
2013-09-18,540.7056482852306,303.3083463333553,85.6432980478184,9.834272,1.4656397,21.241062,1.7399615,13.933463354344617,1.1280893734211364,15.02449410269931,1.594428584173678,,
2013-09-19,535.1827301270544,324.17360948783994,85.05491166041405,9.785625,1.3966329,22.961529,1.9248447,14.755950270311885,1.133028276971702,15.886293081718941,1.5993714688506173,,
2013-09-20,526.6194291809048,332.3068673109772,84.51820596545446,9.849227,1.2812458,24.250015,2.3770754,15.420695503343557,1.2094869147404848,16.582810864571627,1.6758338895638658,,
2013-09-21,526.1211968194372,346.6904552491591,83.9508008583893,10.032433,1.3277591,23.292374,2.5762942,15.299428025350274,1.2991471603467515,16.4557472156624,1.765493407371407,,
2013-09-22,292.9439324867808,413.7037443220145,83.7098508974204,9.979535,1.6989976,17.105694,1.5368408,14.151513076436673,1.1426296403023346,15.252965856141678,1.6089698311236265,,
2013-09-23,417.18020010510094,401.1716350587287,83.20263095347553,9.78744,1.5942764,17.412628,1.5246186,13.525452430633432,1.1041446067491774,14.5969816515503,1.570482129689404,,
2013-09-24,477.8392625422206,433.0353450072545,82.58286174118462,9.743097,1.5071076,16.732288,1.5668792,13.065801368917421,1.0862600728836371,14.115360840322815,1.552595922464894,,
2013-09-25,439.7449527091864,451.2302708297181,81.98139284219884,9.760819,1.3931844,17.3965,1.3738322,13.627874267833818,0.9782169169948632,14.704298902457328,1.4445548457231567,,
2013-09-26,407.0630788070961,478.2024910549421,81.40957947040546,9.731639,1.3060828,17.636158,1.1800185,14.001499664147847,0.8757758230568651,15.095782315540642,1.3421153337758351,,
2013-09-27,374.5212026505687,506.31001866677286,80.90967830312253,9.758772,1.2890562,17.54109,1.0546243,14.232121086122124,0.8172488981448047,15.337426653145396,1.2835894650421418,,
2013-09-28,352.6234201420585,527.6304350454808,80.42147790341207,9.829418,1.2787052,17.26157,0.98216003,14.284302942617103,0.780367792329903,15.392102624006084,1.2467086066437905,,
2013-09-29,360.8435773880973,546.0169389693543,79.94046363229873,9.871968,1.3755876,17.393776,1.0041507,14.400817332388284,0.8155546359800832,15.51418600332381,1.2818960139787094,,
2013-09-30,356.71879118802656,551.4385131127294,79.4386020440401,9.873488,1.3567582,16.53893,1.0349562,13.920784710331105,0.8239763015617232,15.011209462841727,1.2903154570003934,,
2013-10-01,336.84130801125093,578.2287564581802,78.94011589430727,9.997934,1.2427051,16.586864,0.98497295,14.161450364295636,0.7724234355681584,15.263378112391381,1.2387636723501905,,
2013-10-02,338.73345235185326,579.0041896079058,78.43213516364588,10.08565,1.3256985,17.546265,1.0659223,14.79258049015517,0.8316689725067584,15.924674100856594,1.2980123596847295,,
2013-10-03,358.116803502002,582.426343272175,78.15689666659881,10.099471,1.3353996,17.963833,1.1477157,14.969435303332915,0.873870998714167,16.109981969556298,1.3402153504083056,,
2013-10-04,351.8884080292765,557.1030131803695,77.69706250140935,10.08769,1.130901,18.286276,1.2013135,15.112442606281924,0.856588871810183,16.25982453274026,1.3229340295831995,,
2013-10-05,455.2045102176678,501.993514835526,77.2090912869957,10.272296,1.2198128,19.759533,1.6611949,15.24778828605295,1.046658695537479,16.40163927334828,1.5130046377469728,,
2013-10-06,194.7402777269805,505.338983886355,77.05078790657237,10.538114,1.2257793,17.338497,1.097809,15.446841949006263,0.8626775321738597,16.610207020959855,1.329024666121749,,
2013-10-07,110.99866873625338,443.31386332176737,77.1729682768011,10.501473,1.7234296,16.870096,1.0268419,15.594807250772712,0.8907888507677356,16.76524455835666,1.3571368999485693,,
2013-10-08,256.9188240547381,265.57264831178776,77.35483624157303,10.268042,1.5517517,16.980045,1.4270914,13.679627625907933,1.0527869817158975,14.758525894137382,1.5191251200502804,,
2013-10-09,283.72454405554055,365.9901109645476,77.2321480203462,10.117829,1.4162928,14.049478,1.1524898,12.332562159424475,0.8966555806063324,13.347075303068953,1.3629892610330718,,
2013-10-10,268.8698923997074,376.8673000280982,77.029509689185,9.847688,1.4576241,13.367474,1.0088902,11.90191692969904,0.8456074964985238,12.895846703449717,1.31194018957733,,
2013-10-11,253.8746248410015,410.973917073752,76.76858247565606,9.995349,1.5403962,13.638441,0.89411926,12.247314241250109,0.8071303507266191,13.257752825811282,1.273463818865264,,
2013-10-12,298.9229649678458,464.51195313542667,76.42357858050116,10.372479,1.6908708,14.7778,0.90969056,13.052896363246774,0.8629528773653885,14.101839019494664,1.329288683453445,,
2013-10-13,372.2509697688851,505.9634938643276,76.00798563926166,10.353775,1.5484365,15.743313,0.98735213,13.458835911281522,0.8685398859533091,14.527181090290547,1.3348771514032285,,
2013-10-14,388.60458434170187,536.2709159104643,75.60320554527705,10.090695,1.6981803,15.34733,1.0023406,13.138651901755658,0.920269043352437,14.19169337960363,1.3866051420314656,,
2013-10-15,380.3472452455861,548.8850499463865,75.1917672876989,10.407467,1.8401562,14.78076,0.9809556,12.990712344786576,0.9502940538999166,14.036682817517503,1.4166296530820397,,
2013-10-16,369.854964575056,553.9085477861977,74.78573226227573,10.395425,1.9936941,14.833432,0.9665359,13.056549877577263,0.9864377147274321,14.105667159321237,1.4527735331094456,,
2013-10-17,353.3541922336877,568.9353542568465,74.36144805658765,10.71086,2.138546,14.572667,0.9313854,13.093103949855637,1.000706506327481,14.143968391300673,1.4670424485532672,,
2013-10-18,320.66067941663374,617.364156853166,73.90320467534524,10.698753,2.2215354,14.368934,0.9338722,13.114294706801287,0.9769836267020556,14.166171993991345,1.4433196414210743,,
2013-10-19,354.8206398285752,593.7396331051452,73.46011734054927,11.028003,2.217037,13.167732,0.97021586,12.367340095171759,1.0278919174951262,13.383515505262531,1.4942256869145703,,
2013-10-20,362.778774518851,596.9732772927211,73.01965593564564,11.126506,2.2188966,11.941376,0.9741794,11.63336128624688,1.034713787826638,12.614455018252086,1.5010459725680008,,
2013-10-21,346.82270251778954,571.0939685464892,72.57316408638044,11.49235,2.185918,11.452505,0.89051163,11.467559835171734,0.9945393938231856,12.440728824579455,1.4608713059115246,,
2013-10-22,340.61909776885875,587.6158443245042,72.10355419501772,11.61994,2.024545,11.518223,0.906607,11.555548220298936,0.938781245704464,12.53292275374249,1.4051132985702468,,
2013-10-23,354.8248162269064,597.4626486110959,71.71366230276595,11.791151,1.8967857,9.191601,1.0006303,10.160200064793505,0.9453124410927214,11.070881726162954,1.4116433047141002,,
2013-10-24,376.7428954838596,601.0184373919158,71.17311353145294,12.335851,1.9421967,7.8248215,1.0754576,9.562973883859716,0.9985211644961771,10.445110175296099,1.464852199664221,,
2013-10-25,368.5222182783955,611.7915723341949,70.61539233456834,12.658,1.8866799,7.039063,0.9819504,9.15134901540957,0.9373202992194702,10.013811045203258,1.4036516901095197,,
2013-10-26,360.4193641822537,621.5388292934172,70.08497013888935,13.017881,1.8819574,6.5906157,1.0143552,8.949688683684418,0.9430619883447949,9.802512038963002,1.4093936242360394,,
2013-10-27,363.0680665781024,616.5673640757456,69.5615467399192,13.338566,1.8228874,6.368672,1.0523454,8.95182255919496,0.9460989206263709,9.80474790642866,1.412430553681638,,
2013-10-28,364.474402870505,617.9785351959707,69.09779978748071,13.418515,1.8242877,6.47253,1.0919887,9.049379885494611,0.9642796240219399,9.906968139442396,1.4306111329828612,,
2013-10-29,373.50879986975673,611.8563818551117,68.61455412840746,13.480328,1.8243945,5.9314847,1.141296,8.792920547474928,0.9901853493144811,9.638250921727764,1.4565172078008986,,
2013-10-30,381.474876160213,611.8338620930974,68.11727458236497,13.774571,1.6949679,5.6686153,1.2462192,8.781664156493273,1.0064594144986287,9.626456513735233,1.4727912900496394,,
2013-10-31,362.3534982698084,624.6389957665793,67.6058248345401,13.956454,1.5467088,6.81887,1.0846084,9.439283721310963,0.8908494654558701,10.315508045791184,1.3571805871480602,,
2013-11-01,250.9141213531118,616.2855537331468,67.49796571070131,13.970356,1.3922637,9.2058525,0.73622996,10.58440607407664,0.6603221813312176,11.515363332614122,1.1266531709024399,,
2013-11-02,339.306458681561,562.7719000680789,67.26787539726541,13.303592,1.5079443,9.117903,0.9556311,10.692301796149815,0.8228873416883443,11.628416101379319,1.2892183961276082,,
2013-11-03,348.8081451222777,592.8495757572174,66.97630985057465,12.644689,1.694756,6.9359946,1.0719033,9.050604758360631,0.9216928184605855,9.908251557044395,1.3880243259326464,,
2013-11-04,364.9535480772482,597.5797938099406,66.6671336911603,12.764943,1.5997827,3.398182,1.4689887,6.949677315947989,1.09530299463209,7.706906964545616,1.561639578586636,,
2013-11-05,367.424876563082,599.3564404435739,66.32038912429142,13.184591,1.4650681,2.4648075,1.5260527,6.5388573124880685,1.0977642154100031,7.276451169238239,1.564102382134981,,
2013-11-06,373.72780723363394,597.1674531763581,65.96013415135566,13.343264,1.2809601,4.004999,1.4748784,7.599587829911562,1.0324987402617793,8.387880979468695,1.4988332145347354,,
2013-11-07,309.2775331111608,640.0410920754764,65.80013519502788,12.673349,1.3867677,6.5220037,0.91938627,8.526044214244251,0.7670360873104574,9.358618812039769,1.2333683893925254,,
2013-11-08,389.75477709712055,538.5691707084084,65.66551231351701,11.949947,1.2953132,5.416156,1.4409138,8.159353889559492,0.9972798735587367,8.974401943303246,1.4636129180066224,,
2013-11-09,399.2835906786004,553.8693164837032,65.4080811360788,11.760378,1.2667841,3.515882,1.5669857,6.969569129904441,1.0539121495318402,7.727749539212422,1.5202486617485382,,
2013-11-10,403.5155817414333,561.3087058385543,65.15165511674634,11.6908865,1.1515262,2.9332752,1.3117251,6.595944844256626,0.9023855299649128,7.336267289881369,1.3687234652000961,,
2013-11-11,416.9286133756949,553.6461711451423,64.8706335651416,11.1811075,1.1839595,3.1208153,1.430925,6.583265077230316,0.9617279414433534,7.322981473334817,1.4280659277729546,,
2013-11-12,413.9094165538488,568.2120580113193,64.58478339383709,10.566614,1.215543,1.8688654,1.6500362,5.534481301365713,1.0834058249393141,6.224069418071874,1.5497486740686732,,
2013-11-13,416.7288402628356,573.9509008748744,64.25393058399115,10.102937,1.1356329,0.047788262,2.024853,4.277480454211996,1.2666347124044073,4.906988227266648,1.732985047170802,,
2013-11-14,407.0491469268042,587.3482829826844,63.90090523256051,10.362928,1.0801694,-0.6087148,2.3252263,3.882445228795654,1.4428326928632096,4.49307166843577,1.9091857533060743,,
2013-11-15,405.66376612069257,589.9306067973723,63.54074906145768,10.53105,0.99491453,-0.17140079,2.275147,4.189407692648623,1.407750326060204,4.814705888762221,1.874101253054802,,
2013-11-16,397.4502583631545,595.50358949213,63.17269217332196,10.52879,0.87939566,1.299521,1.5992776,4.99372645236317,1.0216843715620325,5.657468335764987,1.4880302194926245,,
2013-11-17,392.67627546172406,599.5239295567941,62.80859173700877,10.328961,0.8123249,3.3900218,1.4921529,6.136198361694997,0.95721580471326,6.854546497018025,1.423555710082728,,
2013-11-18,345.0850180114741,573.6559691820507,62.585268571114064,10.012595,0.84906995,5.8441043,1.3954265,7.409816251012491,0.9278270856685551,8.18903896779994,1.3941621260244017,,
2013-11-19,367.86430838445153,563.6319438551317,62.30985329762475,8.886191,0.93623865,4.8741236,1.3194011,6.458559947552807,0.879808187397936,7.192315864741883,1.3461466860371072,,
2013-11-20,378.14065942504845,586.425853417702,61.9585629526828,8.877316,0.94828516,1.1209667,2.1426992,4.161701749032297,1.3547004741420052,4.785675695749065,1.8210515892740955,,
2013-11-21,384.0140601222791,594.0045946681923,61.58082030575076,8.985887,0.92592055,-0.64523494,2.2683344,3.1363760307921034,1.4248469202536704,3.71134291307762,1.8912056152500614,,
2013-11-22,364.55973742877393,603.6966320868967,61.16262104044468,9.39334,0.7738842,0.1316222,1.1109667,3.618766259285188,0.7514643334908284,4.21678974552417,1.2178193125911134,,
2013-11-23,352.2887676381812,607.8916755803913,60.797473080429285,7.9431496,0.9103956,1.1886194,1.2540534,3.6668463938238642,0.861345927076149,4.267167946140077,1.3277005503944808,,
2013-11-24,376.9935573310035,601.8290957793812,60.502702658260446,6.5195727,0.81955487,-0.9709977,2.0869126,1.9139956039617523,1.321393008177628,2.430536880343231,1.7877623108012892,,
2013-11-25,395.3607914894197,590.623682004774,60.09854426149375,6.938896,0.815881,-2.4032035,2.9327183,1.3427986228286473,1.7869571929789847,1.832038636051165,2.2533320381164526,,
2013-11-26,357.1092812805188,621.5335066367047,60.04199692524664,7.4000235,0.8983017,-1.9948562,0.9390708,1.433359631982122,0.6805458760718202,1.9269281518748524,1.1469198175798994,,
2013-11-27,38.7789474072,3065.265400495358,62.3251755133356,6.7543516,0.78269565,1.328542,0.47889867,1.396326845850546,0.47301684911188485,1.8881253251564336,0.9393911590045247,,
2013-11-28,200.3978754695432,103.165477373727,63.719431507746926,5.690492,0.6622635,-1.0911999,2.636224,3.385745915119184,0.9968975315816281,3.972631825447229,1.463254272433002,,
2013-11-29,420.4781013865919,183.3141237296219,64.35451109054169,5.418308,0.6551435,-2.1859984,10.074922,3.10960509594137,3.0926312946127554,3.683292419052884,3.5589902036220398,,
2013-11-30,503.1422799777645,216.01584287404,64.61447893120896,5.2200756,0.65434587,-2.9079342,10.9370775,2.778639112027119,3.3169492692590143,3.3365073924581505,3.7833108917834783,,
2013-12-01,539.2298973857473,230.29200395347863,64.79861784041545,6.1618567,0.5855812,-3.0720549,10.966301,3.398457736665336,3.307397945803931,3.985951228610099,3.7737545889462063,,
2013-12-02,557.1407084714001,237.3774710052772,64.84775683639289,6.4463363,0.54302436,-2.7569542,3.2210417,3.6966775814519144,1.0349447529154074,4.298424962563935,1.501299156818777,,
2013-12-03,515.1747311375909,291.9935210881215,64.8814740887195,6.4659224,0.5564626,-0.78707457,2.0711696,3.8421470724667213,0.8291625535476975,4.450847397986671,1.2955159020724032,,
2013-12-04,465.9844579184615,353.7717923063585,65.046233529953,6.4820833,0.56125593,0.37360942,2.0074522,3.8459268311750385,0.9232098791977228,4.454807816240787,1.3895632006229142,,
2013-12-05,335.0169953396111,446.2454383578804,65.33297594148834,6.929617,0.6665506,2.3299809,1.6740398,4.302373470167436,0.9979928544793331,4.933071044292241,1.464343023465454,,
2013-12-06,38.7789474072,690.877328495358,66.01633940067599,6.2427616,0.62542707,4.2917447,0.8659155,4.3954351511692415,0.8205682919533858,5.03058075553049,1.286917847452569,,
2013-12-07,38.7789474072,823.106030495358,66.48289846659986,5.0203023,0.5113411,3.6354165,0.7857123,3.697726925599586,0.750713243405793,4.299524461774862,1.217067639609534,,
2013-12-08,38.7789474072,556.926990495358,66.87310382209435,4.6074047,0.5079864,1.6435459,0.6611364,1.836485568097656,0.6189820556133336,2.3493221297196336,1.0853520884645393,,
2013-12-09,131.441741995353,513.3913243199537,67.10252023053339,4.98998,0.4697678,-0.046955347,0.6864311,0.979765551636664,0.554835682896682,1.4516538250226774,1.021214244570444,,
2013-12-10,209.6868974546459,465.9252102036213,67.22112500395514,4.6166186,0.49601045,-0.61516666,0.74071985,1.008600605178027,0.5335184070496533,1.481867095555618,0.9998966680162901,,
2013-12-11,281.24603976203434,450.6614178795866,67.24997242815947,4.3280897,0.50100046,-1.817356,0.9814798,0.5441205171820753,0.6342553409654885,0.9951864470992111,1.1006385614595033,,
2013-12-12,340.6097437564788,440.6985740769984,67.07905002337182,3.990737,0.5346966,-2.326408,1.2730874,0.4275383197572292,0.7549737205777047,0.8730320191537628,1.2213582246164143,,
2013-12-13,342.0251741230026,458.2258943933893,66.83037024255677,4.0951657,0.5203999,-2.5775867,1.1687032,0.2743299345392823,0.7051961632056233,0.7125007968390631,1.1715823776658152,,
2013-12-14,350.1083539521751,462.534357852808,66.60959961641903,3.7926683,0.60298,-2.0670137,0.7510374,0.4574950245128795,0.500216465365039,0.9044205519948607,0.9666006381033754,,
2013-12-15,326.65013822245515,448.7875729523009,66.418902289493,4.0213904,0.5284905,-2.1752076,0.8405286,0.43508536072662174,0.5349805824112749,0.8809397828832234,1.0013650028882584,,
2013-12-16,347.7708657479707,422.59363402026486,66.23443469644327,3.8227649,0.5369705,-2.2921739,0.9898578,0.46833436298803527,0.5946514118904489,0.915777973796704,1.061035465006025,,
2013-12-17,362.2541952134133,437.2233988756466,65.89426067595804,3.682476,0.5743806,-2.444079,0.9672285,0.3319466412189492,0.5895236004573765,0.7728713851451592,1.0559091685348228,,
2013-12-18,370.160897075748,412.81719814220617,65.47732638343389,4.0415025,0.513139,-2.8348975,1.3657277,0.4159908603781557,0.7598326953771527,0.8609326306893847,1.226217327396746,,
2013-12-19,367.8813776835671,441.4794366104762,65.1446226934346,4.3820405,0.49882397,-2.7713385,1.5407271,0.4801099168026034,0.8704628572828148,0.9281163588308916,1.3368467805958173,,
2013-12-20,326.72799959092754,494.04767469312,65.00524635264517,5.0544963,0.4784308,-2.448432,1.5338775,0.5382753830103241,0.9427213501416184,0.9890619354946417,1.4091046346192493,,
2013-12-21,249.63035651834767,412.1273315181659,66.1403978839804,5.5341644,0.6097681,-0.6449897,1.8171998,1.685930611310326,1.1548488229623763,2.1915711606442434,1.6212202938341091,,
2013-12-22,38.7789474072,173.14364,70.41263584071913,6.179738,0.682116,1.976556,2.730452,2.7456810265745246,2.2343056858820507,3.3019740231825008,2.7006675854804563,,
2013-12-23,38.7789474072,853.942833,73.12737983033892,5.6476088,0.68244314,4.12103,0.9972572,4.187342925036631,0.9543978147877582,4.812542432316431,1.420748755772908,,
2013-12-24,38.7789474072,495.248513495358,74.79269882110884,4.423851,0.4964227,3.1220737,0.84120446,3.216603538024492,0.7809519833108673,3.7954050209117027,1.2473100418588152,,
2013-12-25,38.7789474072,561.5194304953579,75.86476983783153,3.7282786,0.5285754,1.253325,0.7398882,1.4132056398869477,0.6929336108249049,1.9058108678505044,1.159307752620833,,
2013-12-26,38.7789474072,650.9164304953581,76.703054896668,4.0009665,0.48457423,-0.1717822,0.4366024,0.06283559264741408,0.41295371551824794,0.49089774836200434,0.879342335201049,,
2013-12-27,38.7789474072,517.203030495358,77.36461221766781,4.3453584,0.4427698,-0.2971077,0.52803373,0.02669766884973864,0.4921739866613878,0.45303255533811265,0.9585630224391873,,
2013-12-28,38.7789474072,504.837390495358,77.95926772687987,4.6958656,0.4577316,-0.1463269,0.6199805,0.1990915810959218,0.5766792712451385,0.633666307290555,1.0430663354939471,,
2013-12-29,181.2797674072,1098.918730495358,78.60048475491136,4.997678,0.69296837,0.7142091,0.67896706,1.3207604974542348,0.5910261145374476,1.8089471636174184,1.0574011809928923,,
2013-12-30,200.2478174072,911.031970495358,79.32608103543424,4.314124,0.5819454,1.2463431,0.82940394,1.7991440150714604,0.6879876693300006,2.3101957781044993,1.1543580564306932,,
2013-12-31,54.9368420988,959.426960495358,79.87074098885233,4.2261515,0.52707845,0.41681933,0.49948892,0.6231286259439797,0.47329877856575836,1.0779708733842257,0.9396811380321919,,
2014-01-01,87.6411220988,996.223130495358,80.37488282509415,3.8310103,0.70872706,0.30240375,0.3389918,0.587726416966464,0.3168072847124236,1.040876559833982,0.7831900291083244,,
2014-01-02,54.9368420988,832.173730495358,80.71435437230811,3.546214,0.79330784,-0.016968906,0.28063282,0.20369132338077148,0.2677986730279598,0.6384859015331881,0.7341856851386757,,
2014-01-03,54.9368420988,658.902180495358,80.98266756839485,2.6993546,0.7344509,-0.1925531,0.24981895,0.03000727056395766,0.23741941029640554,0.45650034470096384,0.7038084079050695,,
2014-01-04,54.9368420988,628.447590495358,81.21738970294332,3.1763115,0.6715786,-0.25816965,0.24471909,0.01792611483242653,0.23143142782711104,0.4438417510228304,0.697820564826496,,
2014-01-05,54.9368420988,486.4441704953581,81.45985780810734,3.962205,0.71363926,-0.5844946,0.26240945,-0.12311654460336918,0.24665166007191716,0.29605773459621565,0.7130424367486234,,
2014-01-06,357.4144120988,45.068930495358046,81.72760081449539,3.6333766,0.67098963,-3.1316185,12.348682,2.8758518473629966,1.5056876083553428,3.4383665642379713,1.9720484208615694,,
2014-01-07,252.5430120988,45.24099999999999,81.88809780461128,2.0028362,0.586396,-2.9816666,2.3466055,1.2455628961870142,0.6118934542566364,1.7301553740597653,1.0782692800647447,,
2014-01-08,106.1218660988,306.35752,82.2059123615581,2.4961944,0.5261637,-0.93158126,0.32493335,-0.049690047305320395,0.27670883802724916,0.3729937674691866,0.7430987582533113,,
2014-01-09,110.4446050988,483.251700495358,82.64422959859655,3.0128374,0.4969067,-0.5732815,0.23116168,0.09383983843430181,0.2096395772800056,0.523383891114793,0.6760278411674507,,
2014-01-10,54.9368420988,1119.984330495358,83.66761073762821,3.456109,0.4580771,-0.063883305,0.30378494,0.1007041320046975,0.2903716297703234,0.5305762744534399,0.7567598150338122,,
2014-01-11,1225.3216420988,5762.230930495359,85.95287628612074,3.764624,0.52730113,0.50255835,0.53146255,1.0745869317079484,0.44791462653456116,1.5510073429306965,0.9142922029382072,,
2014-01-12,765.5151737036,5876.908330495358,88.30125820702206,3.6001902,0.43180457,0.94996536,0.61836696,1.2553941369869417,0.5493609819236039,1.7404565145635138,1.0157367080874808,,
2014-01-13,449.6652037036,3558.841230495358,89.45268619027135,3.8308434,0.40156505,1.0484465,0.6109146,1.3605695412320877,0.544250983576963,1.850658943607444,1.0106256506543647,,
2014-01-14,1885.955441243896,5486.806930029758,89.47676050498893,3.6079774,0.47749588,1.6079271,0.6495718,2.1195407191329014,0.4986033710081096,2.6459063493987345,0.9649707704414008,,
2014-01-15,1649.515715362255,4962.709215029759,89.42680058097112,3.6437407,0.42485905,1.6995256,0.66080326,2.184538329167214,0.5071547340455178,2.714010623009472,0.973521541704787,,
2014-01-16,1592.405454566801,3567.525999363788,89.00535745142881,3.426693,0.41959772,1.7151821,0.85657066,2.243371114938808,0.6062161982749618,2.775655414831131,1.0725824744535783,,
2014-01-17,1417.2466337396884,2746.3106699204664,88.56095888849225,3.4858646,0.39450434,1.3386521,0.7494669,2.069548690221181,0.51226773638798,2.5935248723942355,0.9786355942629952,,
2014-01-18,1155.824548094855,2273.683646047554,88.21401643893083,3.3801165,0.39170572,0.7949663,0.6501355,1.666222411662091,0.4507881081831482,2.170920976421933,0.9171597692156019,,
2014-01-19,748.5321226137193,1524.7849662303909,88.11005721567543,3.4228325,0.36062822,0.28617758,0.60073614,1.3189798062030966,0.42006508651590224,1.8070813614114642,0.8864401708781965,,
2014-01-20,399.0493438118074,984.141430495358,88.13364722510273,3.393937,0.3424709,0.036251187,0.5362124,1.004940676451885,0.39410160824121937,1.4780322347472068,0.8604799073228433,,
2014-01-21,387.7894737036,756.6340704953581,88.02777450388437,2.7130032,0.36406234,-1.2729539,0.37010378,0.07769308909906641,0.2740317462177966,0.5064653823562347,0.7404201952633123,,
2014-01-22,387.7894737036,669.824250495358,87.7573827002374,2.5840075,0.36675283,-1.6247455,0.30121055,-0.08154491360246617,0.23340044446218886,0.33961634745345026,0.6997907354880979,,
2014-01-23,387.7894737036,651.2018304953581,87.43003575449335,2.7267537,0.34864327,-1.5015093,0.33386725,0.07663276492471491,0.2464160520496384,0.5053543783108861,0.7128045132645382,,
2014-01-24,387.7894737036,592.5983604953581,87.11461918215022,2.837067,0.33710194,-1.6112002,0.3849051,0.14829852604430308,0.2681580931147536,0.5804455178348416,0.7345457347114623,,
2014-01-25,387.7894737036,578.225380495358,86.88843247867403,2.8582463,0.33620465,-1.6849259,0.41294885,0.13884973967556175,0.28162388705602853,0.5705451117767348,0.748011636379383,,
2014-01-26,387.7894737036,559.232400495358,86.61635763845209,3.0098195,0.32284227,-1.8186063,0.49965352,0.15855259945109884,0.323315942881299,0.5911897008986857,0.7897034676856961,,
2014-01-27,387.7894737036,559.377730495358,86.29682052799295,3.032445,0.32211924,-1.810007,0.54983574,0.17259110904963426,0.35048134249773016,0.6058992032677868,0.8168687076006335,,
2014-01-28,387.7894737036,545.452610495358,85.96759254266676,2.585054,0.3539901,-1.9759563,0.39917222,-0.08072271411547348,0.2758031841417157,0.3404778452653729,0.742193465582399,,
2014-01-29,387.7894737036,536.399300495358,85.64946140538581,2.6342125,0.3458838,-2.0090384,0.34553596,-0.06073103600677324,0.24755499675053722,0.3614250572495361,0.7139450453655243,,
2014-01-30,387.7894737036,526.826450495358,85.22391078579876,2.863192,0.32665014,-2.0645137,0.41011208,0.024792193090366683,0.27383401366225846,0.45103600435098573,0.7402230714213023,,
2014-01-31,387.7894737036,377.707110495358,84.87054017524537,3.2389212,0.3136961,-1.8395704,0.6913401,0.7331198129428147,0.3763171277538188,1.1932192631355416,0.8426983004248351,,
2014-02-01,136.85639553418585,404.2777601311203,84.7825731232564,3.535565,0.31181952,-0.3011359,0.7438637,0.6691910283845065,0.5613031553393714,1.126234901204964,1.027685016112958,,
2014-02-02,134.3722358482658,406.0057533787433,84.68631067656221,3.6591082,0.30674163,0.13506758,0.74839514,1.0113675450592656,0.5674464514523764,1.484766285704869,1.033824683613898,,
2014-02-03,91.21549006394928,396.91006440163295,84.49313163562613,3.0783205,0.31841946,0.4165638,0.76247406,0.913963379749585,0.6228401714325055,1.382706534252868,1.0892194228862249,,
2014-02-04,70.5004258118041,406.5954170711875,84.31165330184673,3.0384116,0.3344226,-0.6854055,0.2740982,-0.13513724831789772,0.23876471425929785,0.28346248233485266,0.7051556317333263,,
2014-02-05,64.27422493575595,404.8062145921213,84.27054286684641,2.9795408,0.32497782,-0.593272,0.24968462,-0.10371889215244626,0.22002542428486183,0.31638252852673493,0.6864159741071691,,
2014-02-06,54.9368420988,408.263390495358,84.10114756423685,2.918941,0.32490364,-0.51054156,0.24375442,-0.10379533993878828,0.21827287731838882,0.3163024267975294,0.6846634280339041,,
2014-02-07,54.9368420988,394.4284304953581,83.91913865622094,2.893765,0.32507217,-0.5451137,0.2319413,-0.12469593973826029,0.2074281299657076,0.2944028497727689,0.6738189251322866,,
2014-02-08,72.52218084158251,394.40642329788346,83.87335968409575,2.8586712,0.32602608,-0.6023483,0.22797526,-0.06479144846983424,0.19911329023847205,0.3571705709505664,0.6655033861045734,,
2014-02-09,87.07784058121128,426.01255678533977,83.80609699184829,2.830552,0.32980296,-0.5865288,0.21862687,-0.0066075291495288745,0.18995654289183547,0.4181354827226041,0.6563459634705788,,
2014-02-10,85.86978258608121,420.90520321187137,83.57608228434084,2.7219505,0.33447412,-0.56293416,0.21359499,-0.006331442730918152,0.18623563111030964,0.4184247651282702,0.652625048493998,,
2014-02-11,119.2992342365796,455.50133014498414,83.30622202795635,2.579733,0.34575018,-0.6183858,0.2055551,0.045380275898565366,0.1779983970255185,0.472608127140576,0.6443872175038288,,
2014-02-12,97.22169880888764,465.669303812984,83.03370387104111,2.7788367,0.3307279,-0.5421171,0.20428847,0.0314731021273821,0.1783967298639253,0.45803623800242543,0.6447857105713775,,
2014-02-13,90.18594605295787,430.4656736911144,82.77869240233927,3.101142,0.33546486,-0.5576929,0.20995614,0.07608115223259188,0.18305573182133042,0.5047764004176732,0.64944419936762,,
2014-02-14,54.9368420988,373.429630495358,82.73415311686666,3.6014547,0.29543123,-0.670063,0.30529818,-0.1222524141763519,0.2688278680318177,0.2969631675037623,0.7352186345934142,,
2014-02-15,86.09707181667247,401.8449456113421,82.62908103723245,3.2199354,0.3201802,-0.7474878,0.33692458,-0.0474383758603119,0.28316747426593497,0.3753530611123127,0.7495573683257934,,
2014-02-16,117.56463669598594,452.8811388394365,82.46448767133742,2.7495503,0.3371605,-0.767889,0.24201387,-0.04297089944593803,0.2043154881055204,0.3800340676279895,0.6707053302669287,,
2014-02-17,149.50634239084232,470.3157586822317,82.2747588071396,3.0487356,0.32123724,-0.92970395,0.2191378,0.029929381690707444,0.1834474179028391,0.4564187330058221,0.6498364164096397,,
2014-02-18,153.47479355098386,463.5670717513491,82.06134816247777,3.2642279,0.307977,-0.846913,0.2536944,0.17563756027116428,0.20541150208039846,0.6090912644439335,0.6717988325567561,,
2014-02-19,127.45271931945254,427.0999639497608,81.92867487182454,3.4309292,0.30616635,-0.81884825,0.35078087,0.15787714656053176,0.2791744143497274,0.5904819636688697,0.7455619468437298,,
2014-02-20,69.53203109297036,356.2309617456728,81.89305667753224,3.7843194,0.30653486,-0.7458631,0.51136357,-0.006031778547487581,0.4307706844611469,0.418738752235318,0.8971600983770216,,
2014-02-21,54.9368420988,279.22346049535804,81.90888437267925,3.9463072,0.3019877,-0.56744456,1.0605327,0.17462822363835895,0.8875679624623594,0.6080336849703247,1.3539553044098542,,
2014-02-22,54.9368420988,89.17161049535805,81.99608518079482,4.201229,0.30051684,0.24975884,2.6553166,1.7561333346216441,1.6470492869404763,2.265129334153838,2.1134200840481254,,
2014-02-23,54.9368420988,329.771660495358,82.17643858542031,4.120338,0.30251417,0.0074158907,1.3768369,0.5947461652601531,1.1810132538581446,1.0482318281003005,1.6473959218141705,,
2014-02-24,54.9368420988,411.8268004953581,82.02480820771879,3.388268,0.314504,0.07254052,0.5835839,0.46279284628073963,0.516226457476096,0.9099715915335269,0.982610571730975,,
2014-02-25,82.5822790988,422.5211704953581,81.86840933618807,3.0413823,0.31805453,-0.5023006,0.28345966,0.07707656143439763,0.24275023933704076,0.5058193867766891,0.7091386954583134,,
2014-02-26,75.4046140988,411.566210495358,81.72904305926666,2.8092635,0.32939416,-0.53296924,0.22358012,-0.015443843562529152,0.1957227194798766,0.40887682268609216,0.6621122423643339,,
2014-02-27,58.0174363988,397.549280495358,81.57869060270095,2.7129822,0.33543345,-0.4575069,0.21859162,-0.05373804779681485,0.1954782262499497,0.3687522863915962,0.6618681935315585,,
2014-02-28,60.67529846880692,375.5094912651857,81.50553698259684,2.7940001,0.3305978,-0.4031564,0.23600164,0.04158269342226678,0.20831232507506886,0.4686290332032966,0.6747011892846332,,
2014-03-01,67.35070568060159,377.0365566429098,81.50518108503454,3.2779613,0.3034685,-0.386737,0.29455942,0.16867949949707445,0.2541133445618549,0.601800632149783,0.720500754140418,,
2014-03-02,74.93289240564073,342.4901202101146,81.45733445396155,3.2320776,0.3042301,-0.38531435,0.4020069,0.26405483921166095,0.33433210906223515,0.7017345870784377,0.8007184391941232,,
2014-03-03,105.10316067185197,387.7925656866098,81.24022498681529,2.8184888,0.32899338,-0.34788156,0.38214,0.32730290688364666,0.30873012594544014,0.768005696182441,0.7751157459787728,,
2014-03-04,163.16818260553538,402.6768882458235,80.95129482368243,2.9536219,0.31656596,-0.47526324,0.36205137,0.5134967236015439,0.2733428946669275,0.9630989408677317,0.7397264508173501,,
2014-03-05,137.03402285981278,396.1294934534004,80.69785372854743,3.02526,0.31108,-0.37870848,0.37840044,0.4961816346316127,0.29229169102951424,0.9449562498337085,0.7586754374389564,,
2014-03-06,136.94034072978184,432.80286828780095,80.33565175719897,3.279563,0.30448836,-0.27959228,0.4014681,0.5758666778366026,0.3136317336115868,1.0284499657142034,0.7800146072792951,,
2014-03-07,144.29445820658938,459.9101099046736,79.9635793199695,3.7710104,0.29853112,-0.15272129,0.6119297,0.7843334262280405,0.4712149732969376,1.246880712070822,0.9375955980974027,,
2014-03-08,133.21414778570443,452.3711547344454,79.8710182343095,4.084113,0.28846884,-0.0036699772,1.7478614,0.9262552436443506,1.3518360873302864,1.3955859072241685,1.81821520955688,,
2014-03-09,87.23049987103033,389.7956874934109,79.8196269302088,4.01756,0.2987704,-0.007872999,1.1315203,0.7282302644371967,0.9262196830555915,1.1880960109254404,1.3926009081906163,,
2014-03-10,41.31422238567846,365.6430802948136,79.71759221271236,4.3393626,0.28683478,0.6370997,1.0181005,1.0129526618263673,0.9152064947725927,1.4864271656349877,1.3815847104362646,,
2014-03-11,38.7789474072,536.973860495358,79.69986718962933,4.566611,0.3065477,1.5826135,1.6670638,1.7835960331104785,1.5549183996091578,2.2939046557539,2.0212889346796237,,
2014-03-12,307.1977474072,1553.404256495358,80.03133811402286,3.9016185,0.34871557,1.1468985,1.0586915,1.6017210700967652,0.8857676837170942,2.1033366912165903,1.3521399702163648,,
2014-03-13,38.7789474072,1896.907800495358,80.74371153844889,3.2219672,0.3201062,0.14817715,0.31159493,0.20975650303735194,0.30541986532626614,0.6448409760445736,0.7718068087251314,,
2014-03-14,91.6923004072,1197.3385904953582,80.86146766924901,3.8767047,0.3022332,-0.13004833,0.27050316,0.15496299045369724,0.2521795943663344,0.5874285208616729,0.7185671600421472,,
2014-03-15,39.1179178072,1107.978480495358,80.94750922324663,4.128742,0.28923485,0.7454079,0.5571776,0.8607852746351471,0.5382672926875145,1.3269866974942184,1.0046471052050472,,
2014-03-16,38.7789474072,1050.418139495358,81.00510176992971,3.7143173,0.3118102,0.7595393,0.45484376,0.8647389827377299,0.43879030771106736,1.3311293793290295,0.9051700784031262,,
2014-03-17,47.4837054072,901.615055495358,80.95037989655009,3.8826423,0.31691274,0.38944292,0.3541081,0.5642087676370038,0.3367654021329844,1.0162348472576361,0.8031484030292944,,
2014-03-18,38.7789474072,807.991584495358,80.8770640106313,4.1593194,0.33654782,0.89530456,0.5133282,1.0447843253115736,0.4900621054197083,1.5197802738236885,0.9564399903884837,,
2014-03-19,38.7789474072,757.4063304953581,80.82947527511786,4.049013,0.33743605,1.4535656,0.7150945,1.579979293511998,0.6804636776385176,2.0805557320316166,1.1468361760389412,,
2014-03-20,113.1962674072,1190.859230495358,80.94077014115906,4.244925,0.30217507,1.9594277,0.7730682,2.1578163295760375,0.7064504668157976,2.6860114031824236,1.1728175171820685,,
2014-03-21,38.7789474072,1222.426530495358,81.10157288335299,4.191716,0.32133847,2.3873253,0.7351092,2.4428058420338523,0.7125749192134394,2.9846224401478088,1.1789394231986532,,
2014-03-22,156.2053774072,1153.927430495358,81.15721268776731,4.3751154,0.3303729,2.8302703,0.8026752,3.0144601000523656,0.708069786617501,3.583599817597283,1.1744294628698857,,
2014-03-23,65.28184040720001,1155.198930495358,81.2582618837327,3.8153424,0.3475029,2.8330083,0.82843363,2.8855519933304072,0.7843421420181627,3.448530344024334,1.2507028742915842,,
2014-03-24,53.3345244072,902.903790495358,81.24946598009721,3.5730724,0.337143,1.1535101,0.49912506,1.2884620242430478,0.4716611791987875,1.775104933793544,0.9380365710151746,,
2014-03-25,63.4651234072,789.4684904953581,81.39473106540365,3.675325,0.31358513,0.6859802,0.42455712,0.9084114993115209,0.39365878098968143,1.376889292908018,0.860038090868204,,
2014-03-26,38.7789474072,720.613080495358,81.38345685826987,3.5680466,0.31586042,0.5956116,0.41448906,0.7474012885206343,0.3936534400727855,1.2081833444271988,0.8600344596625696,,
2014-03-27,63.3086774072,685.8329304953581,81.30019345738428,3.9535666,0.32873225,0.7432403,0.5101918,1.0145394838911264,0.4679017834823898,1.4880898323701621,0.934279982633341,,
2014-03-28,38.7789474072,944.067870495358,81.63344314679722,4.2357044,0.30509695,1.6084704,1.3490618,1.7121298978874107,1.295889526960162,2.2190226835619318,1.7622607457275508,,
2014-03-29,75.45078740720001,2142.679710495358,82.81719643100946,4.402246,0.39301535,2.6674314,1.5658726,2.7264419181520942,1.512667680374797,3.2818153511430803,1.979029742287846,,
2014-03-30,1040.5645474072,7039.777930495358,86.3740349848756,3.9085479,0.35800245,2.6476111,0.6798716,2.80999114783162,0.5941110565615656,3.3693579484025333,1.060472416666765,,
2014-03-31,651.1136074072,5679.675930495358,88.773389496031,4.2217107,0.38728076,2.9330945,0.64693004,3.065627027616026,0.5817592858347671,3.637212349393095,1.0481185481937096,,
2014-04-01,313.3688174072,4387.485930495358,90.54031349516968,4.498515,0.4603841,3.818428,0.6331434,3.8637640685097048,0.5917331619701411,4.473497612546504,1.0580863557292206,,
2014-04-02,197.4069374072,3761.352630495358,92.06081753610565,4.6233406,0.5194487,4.350689,0.63081014,4.364284943555069,0.5999137281809552,4.997941674474019,1.0662634879276671,,
2014-04-03,81.0285314072,3229.7039304953582,93.41646483722968,4.4372897,0.5814518,4.751789,0.6155833,4.744091877057781,0.6006857882165465,5.395902081093108,1.0670331333447516,,
2014-04-04,244.0876674072,3286.882630495358,94.73359682827606,4.548803,0.56925684,4.4094677,0.64007837,4.419099608550699,0.5971293049307762,5.05537629308188,1.0634787060071844,,
2014-04-05,260.8788174072,3339.278630495358,96.54907283722764,4.456125,0.5493209,4.372677,0.63687676,4.378723751047325,0.5920662713813757,5.013070607607809,1.0584159363168824,,
2014-04-06,38.7789474072,2117.755730495358,97.987283595536,4.3618374,0.6041304,5.024978,0.6051726,5.013053520158785,0.5943896134645266,5.677719171334957,1.06073534845245,,
2014-04-07,38.7789474072,1782.398530495358,98.84166695314012,4.4979444,0.6065215,5.104095,0.66694134,5.091188012027189,0.6528676824087789,5.759588224825271,1.1192129651523843,,
2014-04-08,177.1262974072,2578.480530495358,99.85077668713322,4.2618537,0.5818285,5.620441,0.66121244,5.533112996623047,0.6198399838851125,6.222635713039825,1.086182840180475,,
2014-04-09,925.722450543792,1694.5194304953582,100.0,4.162604,0.5061129,6.287069,0.6986947,5.536502665324566,0.4859414939692006,6.226187396318273,0.9522843325163122,,
2014-04-10,1049.0088284857063,1356.516830495358,100.0,4.2298927,0.515564,8.230557,1.0271953,6.485935601582588,0.6213548782910309,7.220999981455296,1.0876932629427252,,
2014-04-11,1070.872793171763,1509.7318235696025,100.0,4.357504,0.55785525,8.902835,1.2110189,7.016660127779527,0.7453434077426946,7.777091325813414,1.2116797519342335,,
2014-04-12,1227.259689074575,2493.0853058214216,100.0,4.22886,0.5531743,10.133731,1.14578,8.185844296828115,0.7891988997094718,9.002158501486381,1.2555318853736122,,
2014-04-13,1046.1924827164312,2049.6196709668898,100.0,4.613495,0.6514666,11.569424,1.2392607,9.218751198585396,0.8494911078372714,10.084434822332051,1.3158224272104595,,
2014-04-14,974.4311339144604,2111.4053142587245,100.0,4.599572,0.6951546,12.8674755,1.198947,10.256675310005297,0.8492104344494635,11.171968158311742,1.3155413086330974,,
2014-04-15,4199.1499881198,8276.113151631977,100.0,3.871467,0.59186447,11.3130045,1.2264297,8.808197079898832,0.8376511297311491,9.654257620181317,1.3039829652902761,,
2014-04-16,3399.997794831541,8119.0407860939695,100.0,3.7206888,0.5435547,7.800787,0.9674738,6.596491611579466,0.7005303789117213,7.33684019081321,1.1668683119477854,,
2014-04-17,2302.890984664656,5466.495605497476,100.0,3.8523898,0.55981195,6.922726,0.9138813,6.012660758623446,0.664066513327041,6.725104218811825,1.1304069892942201,,
2014-04-18,1772.163737584116,4013.42886222333,100.0,3.696958,0.5106846,7.0501657,0.9193057,6.023056884355151,0.6566212214290408,6.735997243816127,1.122961648705772,,
2014-04-19,1439.0627851355648,2855.830406066127,100.0,4.0296254,0.6065001,7.747781,1.0057654,6.501961915820216,0.6989635655380685,7.237792298730268,1.1653018838567406,,
2014-04-20,1175.96085328143,2180.3477008846903,100.0,4.3050666,0.63897777,8.75214,1.0952597,7.194004308898644,0.7459014672747877,7.962911952569268,1.2122372014471443,,
2014-04-21,1002.9155147886096,1660.6430134740722,100.0,4.557898,0.6522093,10.230875,1.2601873,8.094816596209496,0.8231714607380591,8.906779987940821,1.289504651757551,,
2014-04-22,604.2365339663389,1835.826804038228,100.0,4.9502625,0.81774527,10.10112,1.043947,8.82560546104423,0.8111169789309904,9.67249806243789,1.277448788688709,,
2014-04-23,969.4736841976,1378.6989171519233,99.89289675877272,4.5631866,0.59312207,8.864526,1.1252081,7.088661827475399,0.7045746585168028,7.852534460629251,1.1709107507031395,,
2014-04-24,329.69376123772014,1144.3250103671369,100.0,4.3682275,0.5052937,7.477096,0.9044474,6.781735477969149,0.7111873320068327,7.530938080791841,1.1775245396665497,,
2014-04-25,969.4736841976,1056.441180495358,99.64019472501438,4.6835237,0.51825243,9.350497,1.3186982,7.117181246174355,0.7310077691338951,7.882417010053261,1.1973437631420016,,
2014-04-26,135.24254029595093,950.2235276290206,100.0,4.600946,0.5539078,8.838476,0.9822345,8.31050541343066,0.8626191065593466,9.132777993329817,1.3289518263690732,,
2014-04-27,969.4736841976,1135.3324704953582,99.59753256524776,4.586342,0.5081991,10.106678,1.2965425,7.564011258223,0.7374885118617692,8.350603969265848,1.2038230891214106,,
2014-04-28,44.15609635567356,596.252030495358,100.0,4.8238525,0.5966162,9.003211,1.0150789,8.715044541151684,0.9459841110036938,9.556652708508079,1.4123160905164585,,
2014-04-29,276.02314976875454,922.4835449757863,100.0,4.894775,0.5826348,9.733185,0.9479359,8.618870521082725,0.7418569514788005,9.455881899034264,1.2081890900275196,,
2014-04-30,1229.9879341976,1921.853512449235,99.51913698704344,5.2958827,0.5747836,9.038989,1.2151585,7.578263410805481,0.774157542698558,8.365537326023224,1.240492078527414,,
2014-05-01,942.3698971750674,2885.25626155041,100.0,5.5487967,0.6511461,9.963812,1.1517247,8.87682551078714,0.882845045665427,9.726166255471531,1.3491767815188618,,
2014-05-02,943.2985929754414,2246.2837402113987,100.0,5.697759,0.69510955,10.663012,1.1965852,9.194569882716527,0.8674149517431746,10.059097722224344,1.333746296176166,,
2014-05-03,804.8299095142155,1867.783306072044,100.0,5.9999585,0.7455728,10.328894,1.1870325,9.02527948276315,0.8594161433753835,9.881715819843476,1.3257476819799343,,
2014-05-04,758.3902743361988,1752.4065839903526,100.0,6.156968,0.7882164,10.927713,1.2067499,9.486702024519388,0.8752523368854821,10.365192781801612,1.3415834233391262,,
2014-05-05,625.631110877354,1304.601324625305,100.0,6.256125,0.864453,11.858033,1.2384032,10.04233057878925,0.8826607967265975,10.947378481644375,1.3489916618920665,,
2014-05-06,523.6196973301653,1057.513817648728,100.0,6.1778307,0.900626,12.403357,1.19867,10.3416660411283,0.8553924646728751,11.261021155856143,1.3217233569816313,,
2014-05-07,465.01183623345054,1053.8839883794185,100.0,6.5565047,0.97499114,12.33536,1.1866295,10.566156011037176,0.8757797793232499,11.49624097894609,1.3421107592389276,,
2014-05-08,446.3915824134542,884.849630495358,100.0,6.933762,1.1591806,12.90432,1.1594703,10.90227335030431,0.863149881452152,11.848423578070548,1.3294811002981388,,
2014-05-09,356.87898398449346,951.8258688683104,100.0,7.4988365,1.2604792,13.073755,1.1302766,11.553495494579385,0.891023137697776,12.530771914750435,1.3573551871784084,,
2014-05-10,493.8889793840329,910.6189598262816,100.0,7.972452,1.2958841,15.332072,1.20177,12.744094536010355,0.9026436237639072,13.778277520502584,1.368978445922,,
2014-05-11,458.3634891745519,888.8138779142677,100.0,8.845067,1.4079611,16.451853,1.1754574,13.863720786999782,0.9115452593090353,14.95141807903843,1.3778841680674225,,
2014-05-12,387.7894737036,734.8531804953582,99.98077100552412,9.674103,1.7498412,17.25337,1.205236,14.635297521986487,0.9938496059136396,15.759873544454377,1.460192165367512,,
2014-05-13,103.4105262964,537.021070495358,99.98000378353971,9.745128,2.362268,16.526209,1.138489,15.431267311240306,1.0280385731433703,16.59388796874792,1.4943856122115053,,
2014-05-14,121.97547176601586,669.519930495358,100.0,10.835359,2.455172,16.99799,1.130498,16.048281259965123,1.0284102727707123,17.240393075065114,1.494761282852914,,
2014-05-15,111.54185034683576,541.172370495358,100.0,11.913529,2.5581486,18.66107,1.2256963,17.507987669974884,1.1062769262690388,18.7698684617166,1.5726390641936265,,
2014-05-16,4686.507520356254,7387.82686559289,100.0,13.383801,2.7669606,17.32789,2.058664,15.797039761375574,1.6553047567536623,16.977143091669085,2.1216540973324016,,
2014-05-17,4406.07444461811,10505.53333396256,100.0,13.391046,2.190118,15.621538,1.4640851,14.962473321348767,1.2176742042635555,16.102687228631655,1.6840185173126436,,
2014-05-18,1854.8980276294587,6260.056467405935,100.0,12.082605,1.9664861,12.563248,1.1038711,12.45338354161747,0.9629041214266556,13.47367153432354,1.429238116966488,,
2014-05-19,1193.993194518412,4155.024269326848,100.0,12.580692,1.972431,12.161879,1.1460795,12.255365047105105,0.9931770293721747,13.266188432665844,1.459510517203866,,
2014-05-20,1017.007415242402,2819.6629273780377,100.0,13.427997,2.0731192,12.7885275,1.3363347,12.958035110152316,1.1253964037959974,14.002443722769264,1.5917318960232971,,
2014-05-21,874.9563657697115,2105.7723820690785,100.0,13.863889,2.266173,13.390856,1.385744,13.529708810381809,1.1835938445341243,14.601441471700943,1.6499313840988843,,
2014-05-22,972.8768064597712,2260.960557945079,100.0,13.847617,2.409786,14.176247,1.40179,14.077380813921284,1.2190640467271436,15.175290324886516,1.6854038982448305,,
2014-05-23,892.780536356301,2066.5228625849227,100.0,13.33668,2.3327408,13.621927,1.2532834,13.53587226780612,1.1230408899878772,14.60789952132141,1.5893784536625455,,
2014-05-24,705.2220648521964,1486.0352487007694,100.0,13.021861,2.215461,13.248769,1.2219098,13.175742084783117,1.0931871879529862,14.230556346593353,1.5595234157863778,,
2014-05-25,707.937356891706,1280.0511566804294,100.0,13.945549,2.5344925,14.665041,1.316715,14.408824582273164,1.238306552387064,15.522575972381773,1.7046479696941284,,
2014-05-26,556.3936552702176,936.619930495358,100.0,13.814422,2.7820015,17.36897,1.3925719,16.044315388486506,1.3557479110761914,17.236237648486476,1.8220988942443583,,
2014-05-27,224.18561252108023,775.2203729522344,100.0,13.721196,3.086641,16.89625,1.3340043,16.184025364156327,1.2450456925376616,17.38262528341865,1.7113976346795303,,
2014-05-28,395.5865525451426,752.1008604953581,100.0,13.363238,3.273913,19.429958,1.3176355,17.338872542364502,1.420914302774317,18.592670209097587,1.8872750266781615,,
2014-05-29,103.4105262964,565.728430495358,99.84548204673943,12.737212,3.4066346,16.633211,1.0964302,16.03111302414323,1.066054489241066,17.222404256257615,1.532405382942167,,
2014-05-30,103.4105262964,527.145830495358,99.83194235740736,11.801288,3.4500463,16.761057,1.0995601,15.947660376748562,1.0794091446111633,17.134962857586086,1.5457594773998748,,
2014-05-31,103.4105262964,488.298780495358,99.79226195541531,10.458327,3.0661159,18.891466,1.1270633,17.417642226664032,1.0734091114482596,18.675204815045937,1.5397704898992908,,
2014-06-01,127.73782092488655,487.070080495358,99.7104419580816,9.632576,2.7461746,20.211756,1.2187471,18.013733627151673,1.1215153166357006,19.299787346840372,1.587881878399397,2.692216924886465,4857.307783075114
2014-06-02,130.91372586663923,458.5522604953581,99.60231500049916,9.1728325,2.3170123,22.06755,1.3805169,19.20377965506274,1.1908393779365813,20.54671350691675,1.6572175030516294,2.8526412666392686,4854.455141808474
2014-06-03,199.94575110985141,626.1320304953579,99.53070500853497,8.610869,1.9096055,23.370878,1.4415177,19.79833200905417,1.1863512153399443,21.16968343105342,1.6527357241766436,3.0410211098514166,4851.414120698622
2014-06-04,125.95035019165257,631.859790495358,99.55943563063592,8.56085,1.5484849,21.615414,1.3013684,19.44570550411091,1.115180587029909,20.800202584567277,1.5815612609362648,3.150350191652675,4848.26377050697
2014-06-05,139.74250339130484,570.560190495358,99.39583396467025,8.032432,1.5172634,21.040857,1.2904491,18.481624483902955,1.0786944070537121,19.790041787139483,1.5450653219999255,3.3604893913048897,4844.903281115665
2014-06-06,131.24822627041456,505.4801504953579,99.31170047322436,7.7484694,1.324369,20.149967,1.2183663,17.593658013573343,1.005012113047089,18.859633554889648,1.4713749797667837,3.5340259704146137,4841.3692551452505
2014-06-07,126.41157645970063,455.5377304953582,99.1696763012328,8.010692,1.1616317,21.068707,1.2984403,18.23223222614501,1.0472455762617698,19.528729431965495,1.5136141397461214,3.6115764597006303,4837.75767868555
2014-06-08,129.16126252732482,422.44765049535806,99.00520377780464,8.20789,0.9862625,23.366104,1.4350104,19.816752247894282,1.1229992201580197,21.188984094343652,1.5893839332283488,3.6955902273248458,4834.062088458225
2014-06-09,152.46799693407863,460.15605049535816,98.90806432626312,7.757254,0.94692725,22.470917,1.3264627,18.809025450581522,1.0238293235589118,20.13309140086107,1.4902034334621828,3.9405149340786765,4830.121573524147
2014-06-10,159.81370487103212,539.1775704953582,98.76217404158248,7.7077904,0.8380052,21.038242,1.298615,17.99043760880801,1.0198653263914876,19.275377858453336,1.4862316779551141,4.1141378710320655,4826.007435653115
2014-06-11,149.00841165152607,576.4899704953584,98.63806249822672,7.1944103,0.78173935,19.968372,1.194714,17.344758236287564,0.9628163465634474,18.598837219070933,1.4291771191299723,4.399228651526132,4821.608207001589
2014-06-12,156.67233596531716,562.8730004953584,98.46208401515764,7.258771,0.70586663,18.126217,1.1128441,15.759961343404248,0.8839990124606041,16.93829245206496,1.3503481127657186,4.5734979653172205,4817.034709036272
2014-06-13,2114.2208728806463,1760.170230495358,98.98822965722675,8.871935,2.9205365,26.125935,6.0954404,16.710579941372018,3.1950669105120606,17.934347369488474,3.6614226675457955,4.380072880646527,4812.654636155626
2014-06-14,1053.9418570986873,3024.546930495358,99.74819356697522,9.610599,3.035265,14.761829,1.3274068,13.430675105321594,1.2586622758562223,14.497674294068634,1.7249994339835588,4.315557098687269,4808.339079056938
2014-06-15,426.80147505943336,1607.486930495358,99.9729838039862,10.845027,3.507278,14.97165,1.1962975,14.105868829164887,1.1979446848300899,15.205139969877354,1.6642846659939223,4.115575059433372,4804.223503997505
2014-06-16,571.9595220342399,1092.508930495358,99.96559111577903,11.0793915,3.6292427,18.931957,1.5116028,16.23358843224468,1.5936424188335305,17.434557296738756,2.0599947065420183,4.225648330639863,4799.997855666865
2014-06-17,516.0305717664795,877.163930495358,99.85988530863398,10.118222,2.9593647,22.190098,1.6677209,17.71875023769469,1.5178989594915713,18.990704759717616,1.9842629054417715,4.753084062879537,4795.244771603985
2014-06-18,393.093903598263,703.435260495358,99.92426662785653,9.188198,1.7801956,23.412462,1.5592906,18.313216631529095,1.1865405814856458,19.613584615095597,1.6529099007554864,5.304429894663086,4789.940341709322
2014-06-19,491.8511962871761,949.9631600494182,99.87016642523496,8.444147,1.6917268,24.29602,1.4697152,18.888415250000808,1.127272821711748,20.216275761312144,1.5936477248081,5.841922583576079,4784.098419125746
2014-06-20,457.086876829792,885.0496202523103,99.6463064512724,8.432472,1.5743074,22.77861,1.3233442,17.892794645556652,1.0242044239434953,19.173067895334338,1.4905699012260807,6.183493126192117,4777.914925999554
2014-06-21,434.78110186580375,722.9611304953577,99.48075758598962,8.118331,1.4214563,22.968418,1.3999046,17.391583243684615,1.0242819009848978,18.64790030175828,1.4906430621099505,6.672388162203851,4771.24253783735
2014-06-22,430.1735094623309,567.069930495358,99.33961468919756,8.231174,1.2886201,24.947578,1.5025206,17.736747183317327,1.0192960335756711,19.009561897821538,1.4856601362665385,7.053873758731018,4764.188664078619
2014-06-23,425.6350834222428,537.8509304953579,99.15274831537194,8.220815,1.1513193,26.923777,1.6116784,18.661449366210956,1.0335071867934147,19.9784616841212,1.4998798413961791,7.526049718642784,4756.662614359976
2014-06-24,420.95135024925884,506.9812304953582,98.96531348879964,7.9305286,1.045472,27.980345,1.721193,18.88485944508558,1.053212004235194,20.21255000107688,1.5195868716509022,8.187850545658918,4748.474763814317
2014-06-25,396.1815493348059,336.6244630252881,98.89147103110903,8.8074045,1.1385385,29.053637,5.561391,18.107788073072342,2.6278090557754075,19.39833727376701,3.0941764725034355,8.386516335909887,4740.0882474784075
2014-06-26,509.688245769904,2239.714346563679,100.0,10.494254,2.8840365,19.14262,1.1176426,17.539373441535954,1.0558271395853622,18.802754365871397,1.5221895435336243,8.038806655193783,4732.049440823213
2014-06-27,1006.0347629269654,950.1094344408988,99.78509488819162,11.315295,4.010928,31.416891,2.3308597,21.078745131383855,2.353044050665313,22.511295923757164,2.8194436797812314,8.010509252401024,4724.038931570813
2014-06-28,397.47650220129344,452.41,99.83478941280892,9.846473,2.4524558,26.869743,1.6541368,18.90826844508543,1.4459826582422513,20.23707787125706,1.9123577608207456,9.687028497693461,4714.3519030731195
2014-06-29,497.53374669580694,543.8750543241518,99.78853537716256,9.131424,1.6788514,29.279533,1.8425943,19.653760714893505,1.2527286572027088,21.01820212322412,1.719111576582551,11.019822828734437,4703.332080244385
2014-06-30,505.3472595458662,543.875054324152,99.70126849510665,8.686489,1.4462978,30.441437,1.9567047,19.963387418642856,1.2304485011496569,21.342627925006752,1.6968348538678897,12.424858449416707,4690.907221794968
2014-07-01,615.3093927340012,543.8750543241521,99.48939068716147,8.677762,1.333779,34.059696,2.9652362,20.58665268169695,1.5610340947516939,21.995683137109115,2.027427691030437,13.743067730041398,4677.164154064926
2014-07-02,527.0868855504864,666.9989783241517,99.27319009789672,8.522584,1.210361,31.327097,2.164672,21.26085288955447,1.3219301618863821,22.702107810264106,1.788332093747841,15.457232309123157,4661.706921755803
2014-07-03,405.2818142793878,688.9134751384213,99.2304233475876,8.5273905,1.2373698,27.894012,1.7711786,20.72075940865606,1.2056548957131137,22.136199707195956,1.672050108637478,17.487099676027785,4644.219822079775
2014-07-04,407.9444340379452,598.5446304953579,99.24995306022257,8.447576,1.2955159,26.816757,1.567856,19.371464780131607,1.07007286837855,20.722413407760982,1.5364527530101677,20.15496033434512,4624.06486174543
2014-07-05,411.1839613491841,426.3991004953578,99.15461239312916,8.4635935,1.2246838,28.25698,1.6727577,18.540065863016082,1.0424196128042456,19.851276464402357,1.5087910890665022,23.39448764558392,4600.670374099846
2014-07-06,415.31578407590604,397.7614859021901,98.99767831300773,8.501726,1.1296991,29.976643,1.7970849,19.007363185774118,1.05160489264991,20.340909001812243,1.5179809976575709,27.526310372306067,4573.14406372754
2014-07-07,421.3108833061627,374.740940495358,98.8126536013394,8.271545,1.0801746,32.724506,2.5393221,19.782762792073747,1.3250529876825115,21.15337005872204,1.7914373241987003,33.52140960256268,4539.622654124977
2014-07-08,429.6139825827851,347.193090495358,98.6907795378374,8.089582,0.96442777,34.906586,4.648528,20.075413364343415,2.145027025404423,21.46000832797026,2.6114146473420803,41.82450887918522,4497.798145245792
2014-07-09,440.62063902073834,254.29484049535805,98.57789943087263,8.286347,1.0795245,37.75231,9.517055,19.069015090526428,3.5492644458765947,20.40550765686522,4.015641180212667,52.831165317138336,4444.966979928653
2014-07-10,456.8385955082547,379.6490596278521,98.44549459907992,8.302179,1.0650673,35.632523,4.2756763,20.706354161024674,2.025864789608293,22.121105937969666,2.4922598278928536,69.04912180465473,4375.9178581239985
2014-07-11,480.91265146774623,364.04682049535774,98.25624941980097,8.331135,1.0594318,35.933273,4.063733,20.2233865552396,1.8517633661380635,21.615054131570233,2.318152686560549,93.12317776414629,4282.7946803598525
2014-07-12,513.3607045108863,319.0970104953581,98.03541902774812,8.379418,1.0296694,37.844925,6.125066,19.674112247055053,2.4322047982618216,21.039526389054757,2.8985879399467636,125.57123080728664,4157.223449552565
2014-07-13,547.2242109507634,193.71793049535805,97.8189594743954,8.110731,0.9618366,39.853947,32.443092,16.40993518111702,8.511879263797741,17.61933281739599,8.978232803821705,159.43473724716333,3997.788712305402
2014-07-14,555.8552001128508,260.82517185042445,97.65003124573116,8.469149,1.3203691,38.80238,19.107277,18.15674546411513,6.168155496854024,19.449634660749172,6.634523362612779,151.41180664168934,3846.3769056637125
2014-07-15,495.73290837391676,407.3751690127531,97.49244099221828,8.295973,1.263538,33.460663,4.477144,19.64729400680485,2.1353357267457245,21.011426328594162,2.601718575587173,107.93976978370637,3738.4371358800063
2014-07-16,456.2421021207568,458.8952870018632,97.40620329108955,8.600536,1.3410165,30.667702,2.164171,19.666107820544894,1.2746319347575907,21.03113937831918,1.7410149889515902,68.45262841715697,3669.9845074628493
2014-07-17,436.0232286990117,628.8870895370101,97.22403575143396,8.457463,1.2429762,26.68996,1.6833782,19.224738134800567,1.116824719659521,20.568673730343065,1.5832030629333518,48.233754995411765,3621.7507524674375
2014-07-18,423.76321909139176,720.9267135013706,97.00228036961444,8.489638,1.1461732,25.220654,1.5007311,19.02684623273811,1.0360365474909576,20.361323271821647,1.50241285090735,35.97374538779179,3585.7770070796455
2014-07-19,416.75303639000805,741.0553208124887,96.76146863229394,8.124406,1.0871058,24.40652,1.5616856,18.545774705649915,1.073421010763837,19.857258170199387,1.5397925420676026,28.963562686408256,3556.813444393237
2014-07-20,411.45390370712863,696.0472849877126,96.50843244901748,8.088804,1.0625446,24.068298,1.5000732,18.131667940070795,1.0220808922695885,19.423358516778748,1.4884485276782098,23.66443000352896,3533.149014389708
2014-07-21,407.4642303663513,581.2650179704129,96.24371261714604,8.237742,1.0402846,26.201973,1.5966785,18.798751723291453,1.031939748918978,20.122326624525517,1.498313756702863,19.674756662751484,3513.4742577269567
2014-07-22,404.5116971948966,420.6936479266214,95.9697796056934,8.378449,1.019373,31.251242,2.3863983,20.039108770755128,1.315218935376827,21.421968498909497,1.781606144423058,16.72222349129654,3496.75203423566
2014-07-23,402.4727797979266,283.9280181323958,95.70650590633372,8.326548,0.98344076,36.310703,7.3106556,19.902125445672713,3.0785230466484914,21.278437839142214,3.544908711356441,14.683306094326422,3482.068728141334
2014-07-24,151.9138838684305,421.609983166538,95.72392073407252,8.353519,0.99050325,25.629513,1.4555044,21.053481347020313,1.101670026189333,22.484824616860973,1.5680693388404638,12.950300271170237,3469.1184278701635
2014-07-25,399.470709579054,357.5151264434889,95.45459866776709,8.36807,1.0095284,31.304525,2.936131,19.20067638859335,1.4855118865055332,20.543461914918108,1.9518899793610793,11.678210291428982,3457.4402175787345
2014-07-26,179.19970348480965,609.1403708195103,95.39665418672158,8.329489,0.9938051,22.482502,1.3127425,19.265342464817117,1.039190735285806,20.611218808535448,1.5055695026430442,10.592048611931082,3446.8481689668033
2014-07-27,443.8341405459679,553.0270058195105,95.08660486500015,8.190652,0.95616555,28.248363,1.829216,19.318035311935628,1.1004701044405456,20.666430193624734,1.5668494249477676,9.739052529333394,3437.1091164374698
2014-07-28,358.23844400353494,681.57131481951,94.92108135808316,7.89808,0.8814098,24.555004,1.4787008,18.81630954255929,1.0157100014131726,20.14072364753595,1.4820841837924006,9.09045100310551,3428.0186654343643
2014-07-29,370.8114593504709,704.0248048195102,94.77306625782292,7.963664,0.90318835,22.492577,1.2899554,17.48019709267668,0.9005533148331688,18.74074958982088,1.366915218147014,8.357818042801396,3419.660847391563
2014-07-30,328.70811782908083,665.7154208195097,94.60724133676509,8.157999,0.9251615,21.988045,1.2382975,17.416503423748697,0.8835857992940925,18.674011581244052,1.3499471682315405,7.664359162958526,3411.9964882286044
2014-07-31,381.7704365768296,653.6456198195084,94.34601261489892,8.100398,0.91642404,23.625317,1.3527218,17.901091175993532,0.918377111467403,19.18176097156583,1.384742662612101,7.166609663161592,3404.829878565443
2014-08-01,425.88710509478943,637.5955448195075,93.97278767620564,8.375559,0.97168785,25.81696,1.4913261,18.832296697375003,0.9751099507382193,20.157474933702503,1.4414842924006805,6.595383237286382,3398.2344953281563
2014-08-02,653.7589614755103,649.13045981951,93.41050728676298,8.2016325,0.9678119,30.495476,2.2200224,19.308954806596233,1.2079809175146632,20.656915671170275,1.6743601424716943,6.257678690445699,3391.9768166377107
2014-08-03,547.618120071117,650.7476848195092,92.95062292234655,8.181888,0.9511316,26.185009,1.7407283,17.958109133611217,1.0404036903398082,19.2415041926515,1.5067697512316378,5.914112568482577,3386.062704069228
2014-08-04,292.66102577923,590.6498142589227,92.67948338518164,8.276378,0.9052201,22.562084,1.3633755,17.828903833125324,0.9597252783321536,19.10612332046861,1.4260901894464806,5.559600706426918,3380.503103362801
2014-08-05,306.73931191649274,452.5248843082172,92.3060237117442,8.265489,0.89694244,25.83516,1.560153,18.737091566025786,0.9979687510313346,20.057719322517254,1.464342148457928,5.269534716224463,3375.2335686465767
2014-08-06,233.78465174404528,362.86890534537264,92.06535898660924,8.194721,0.87112707,26.343035,1.7264212,19.23204528287599,1.1040518078558457,20.57633013511826,1.5704302273085495,5.0231940355419935,3370.2103746110347
2014-08-07,259.6972103681808,393.3816773589493,91.67714503130732,8.279157,0.9294944,25.343643,1.6112156,18.557939922560724,1.0385149893551753,19.870004842893817,1.5048866380735668,4.764608487797898,3365.445766123237
2014-08-08,283.787258891338,405.43874844533286,91.24134832351794,8.397118,0.9281316,24.935911,1.48085,18.12610011387091,0.9512526985129102,19.417524567519166,1.417620282875702,4.517260564628654,3360.9285055586083
2014-08-09,279.81490935280897,400.59759548968174,90.82814191849266,8.517422,0.9525286,25.391853,1.4895743,18.452360719203412,0.9605046990335444,19.75937931452048,1.4268753343754321,4.2879793275541465,3356.640526231054
2014-08-10,279.21722771504693,398.78337072271887,90.46910941320331,8.582552,0.9629674,26.359844,1.5886362,19.03872049459057,1.0150705401860514,20.373765082800524,1.4814469647387702,4.089536087785122,3352.550990143269
2014-08-11,287.9553950977265,404.5283536064014,90.05440887428252,8.635357,0.9588921,26.964825,1.6359799,19.342885324856255,1.0355360896159516,20.69246795221745,1.5019156720910556,3.910725124018889,3348.64026501925
2014-08-12,312.27812478961255,461.4981827848898,89.8145671103935,8.178503,0.8128673,25.54163,1.6458989,18.53427558516194,1.035017450120165,19.845209431059864,1.5013888705938272,3.867040664856536,3344.7732243543933
2014-08-13,291.4155580033268,476.7450348428455,89.51867061908293,8.231859,0.8652531,23.321972,1.486697,17.597265823091444,0.9793403670251875,18.863413805370033,1.4457032646205792,3.7092362381555475,3341.063988116238
2014-08-14,310.1941932007217,467.3905325245702,89.04824904247607,8.372068,0.956303,22.891273,1.3883578,17.09927043975966,0.9175766861072577,18.341615945027048,1.3839354626224418,3.542625058100794,3337.521363058137
2014-08-15,324.7129410008922,473.8448168861187,88.53200742381354,7.8754997,0.8458724,21.497776,1.5312064,15.958628288190443,0.9715050873457753,17.146454997702957,1.4378554933987893,3.508675991673275,3334.0126870664635
2014-08-16,326.6554252368793,457.5517573271519,88.01321193412949,8.321752,0.974883,20.392548,1.211236,15.364551062373046,0.8150662140273871,16.523982911242896,1.2814128498035844,3.2965284866210327,3330.7161585798426
2014-08-17,332.1197834589478,458.82009983231234,87.48663701332791,8.40831,0.9668584,21.886505,1.333763,16.22694064850523,0.8737577073181789,17.42759177166087,1.340109948513454,3.175925747571726,3327.5402328322707
2014-08-18,340.693196495646,456.4773548262995,86.8949908408884,8.488451,0.9787103,22.747906,1.44048,16.65372776234708,0.9248436958571378,17.8747778506456,1.391199025727201,3.0603380715477715,3324.479894760723
2014-08-19,347.1049660683528,460.7639295502129,86.36235268857658,8.7249775,1.0145369,23.582878,1.4318354,17.1991057973208,0.9256946433412548,18.446223091409514,1.3920542232992383,2.9234554782486977,3321.556439282474
2014-08-20,339.6787106601783,478.9669493770258,85.87140486134655,8.7698345,1.0303189,24.034512,1.6020083,17.700775163062957,1.0301829784830183,18.971870537963206,1.4965467682527374,2.827899186826099,3318.728540095648
2014-08-21,307.413728124155,449.1658846477784,85.51363405767302,8.85045,0.9805962,24.5414,1.4686342,18.165847339018573,0.9586229229708345,19.459171574159797,1.4249908725129257,2.7310605991159327,3315.997479496532
2014-08-22,127.32689340798957,222.37396317942964,85.33367189810835,9.2018,1.0088814,23.75276,2.2730048,18.45472178049068,1.4913458628255911,19.761853226466393,1.9577165206902196,2.5933764978126947,3313.4041029987193
2014-08-23,217.86824158375003,349.14654396211864,85.0441443613651,9.032755,1.08075,22.661072,1.8801051,17.424563823896317,1.229922990067517,18.68245724096563,1.6962844263736159,2.5526708776931333,3310.851432121026
2014-08-24,288.20805619285517,448.44011681362514,84.67452403699741,9.410048,1.3558246,22.352055,1.6824831,17.288591689139828,1.1534379078345587,18.539986102965273,1.6197982176330996,2.4230131070035608,3308.4284190140224
2014-08-25,324.2760903128643,487.29604862662137,84.18696025865219,9.5338955,1.2747777,24.068422,1.8295937,18.260929295995364,1.2108921756919224,19.55879812365867,1.6772610061332494,2.3410051148898487,3306.0874138991326
2014-08-26,341.0972782942496,489.2498321025077,83.6813501634715,9.513198,1.1798012,25.453316,1.961928,18.905294140676308,1.2534742353921258,20.23396140526433,1.7198493080565207,2.2849405290738622,3303.8024733700586
2014-08-27,326.3124946966151,448.87169281714233,83.21797770466333,9.380523,1.1345614,25.983738,2.1831095,18.994642108845508,1.351342549780685,20.32757990089127,1.8177185254754387,2.249832769454429,3301.5526406006043
2014-08-28,326.5147266294537,442.7818861975742,82.69265333625462,9.190264,1.1422198,24.839058,2.0283766,18.197196166218372,1.2641226112174133,19.492018768139143,1.730490850052481,2.2264451192989614,3299.326195481305
2014-08-29,330.0593963296301,439.38781933563087,82.15752872697455,9.209627,1.1155571,23.200489,1.8497226,17.19901768082464,1.1596108275591244,18.446130763246046,1.625970406802949,2.171301638903536,3297.1548938424016
2014-08-30,360.26291748592416,482.9965648115431,81.57331050863198,9.257359,1.0805264,22.142424,1.6040004,16.637580536133143,1.0281849834390908,17.857858842215165,1.494540192659601,2.113446705766522,3295.0414471366353
2014-08-31,367.5892467425148,512.2784455677538,81.01768990426672,9.129931,0.9944917,22.815863,1.8843039,17.098183524039797,1.1731210121525413,18.34047707845121,1.6394797799832994,0.0,3292.957479767511
2014-09-01,356.89936140456484,494.7819764085757,80.46803548495393,9.38298,1.1348882,23.502533,1.9493843,17.58569635952455,1.228294363075582,18.851291360992875,1.6946571617119686,,
2014-09-02,372.0101522261575,518.1924867966497,79.89268867080959,9.471385,1.0881767,25.453323,2.2124546,18.77457061478456,1.365809130340839,20.09698974169098,1.832182898244291,,
2014-09-03,377.5178933406671,541.5769486196089,79.33386410410343,9.659914,1.1023034,25.503326,2.233602,18.995650168424813,1.3918527637631075,20.328636142272586,1.8582287496982868,,
2014-09-04,388.0668751538215,531.4309888306863,78.78528863561594,9.601576,1.0667386,24.742222,2.1256616,18.3522307254642,1.3084361725718952,19.65446344935779,1.7748058586167739,,
2014-09-05,387.1628257940065,537.1177391019172,78.23955731116925,9.661678,1.0894288,24.599976,2.046585,18.342618670805834,1.2738552651833777,19.64439197134392,1.7402248607028743,,
2014-09-06,374.41113399439473,525.0137782512694,77.75819874683948,9.4676895,1.1175045,25.29487,2.3210013,18.70635736793564,1.4324587319238187,20.025516134818,1.8988318267443918,,
2014-09-07,348.33512217251337,495.43011183283903,77.31451548890387,9.729692,1.2281855,23.786253,1.9857934,17.98322444636992,1.2714634012813077,19.26781993150767,1.7378296878863653,,
2014-09-08,367.5665421426857,502.2189192344492,76.77986327031358,9.665786,1.1011463,22.72406,1.8807243,17.205705323340016,1.1814426518768784,18.453138052213095,1.6478022853473544,,
2014-09-09,377.7494354904084,514.0741972422827,76.23411735024578,9.566856,1.0854155,21.526642,1.563048,16.46083954934918,1.0115083317743567,17.67267024042177,1.477862239907236,,
2014-09-10,379.7332497596399,514.1268137767379,75.68387872124012,9.596993,1.0278807,21.249996,1.4639634,16.299520400520812,0.9485277118789569,17.50364058772133,1.4148804636365302,,
2014-09-11,377.1779830775805,518.8683712987347,75.11688978430868,9.434852,1.1428427,21.989508,1.8022269,16.70480357919611,1.1491447097814342,17.928294916946065,1.6155004232452828,,
2014-09-12,374.9150445695741,511.9926179601475,74.55025684377554,9.470608,1.22744,20.053894,1.500237,15.58011011143069,1.009589766828883,16.749844945993747,1.4759377239811837,,
2014-09-13,360.3544449306483,499.9390899792012,74.00827173243046,8.86554,1.0629431,17.620827,1.5131401,13.95346608150905,0.9856220466570328,15.0454528918463,1.4519613450504911,,
2014-09-14,337.08791593929675,467.5522297034919,73.50556647589397,9.229925,1.2049212,16.732496,1.3547117,13.589443964258068,0.9351237558292436,14.664031761738078,1.401461530893059,,
2014-09-15,354.843717302673,491.1644268487642,73.01084667005397,9.536912,1.083937,17.136702,1.1370889,13.949099173737407,0.8015627940049778,15.0408772608107,1.2679020732260085,,
2014-09-16,353.76427940011854,489.5990996820542,72.51892533300499,9.071935,1.142546,17.277586,1.2541047,13.83557464482843,0.8716335792129364,14.921926647484062,1.3379723676705433,,
2014-09-17,333.0422903519611,526.6202217564073,71.95770263964104,9.343744,1.1788045,16.184305,1.1465577,13.534200014069086,0.8377829364939801,14.60614733957206,1.3041204936229138,,
2014-09-18,338.9115179341716,522.7120101452739,71.41923881119774,9.210458,1.1993489,15.8913145,1.1416225,13.263462302980173,0.8379809799019529,14.322469291363664,1.3043175194532064,,
2014-09-19,340.6728655417355,521.1890305870877,70.85433043198947,9.392289,1.223849,15.456482,1.0615449,13.05945528920452,0.8038104037872935,14.108711439692623,1.2701462319568204,,
2014-09-20,341.8680410702618,523.1856032955588,70.28114929005807,9.569038,1.1341901,15.821558,0.98472476,13.350570628213282,0.7453895651471688,14.413741096778,1.2117264229508942,,
2014-09-21,342.8236953436535,525.5738044985426,69.70557653792676,9.783145,1.211344,17.233902,1.0582627,14.292511591850856,0.7993161896092068,15.400703618613345,1.2656570431273009,,
2014-09-22,342.7477673355384,530.5620633276441,69.1494191208383,9.214638,1.2645342,16.63293,1.0738429,13.72147450759729,0.8197075914578693,14.80237291372508,1.2860459015160743,,
2014-09-23,330.82074386289344,510.23737501877525,68.59297138301602,9.80929,1.1895983,15.494489,1.0732268,13.258279768769265,0.8017832564003166,14.317039049733081,1.268119777290575,,
2014-09-24,332.51736381429873,508.71384924759377,68.11373297647043,9.821993,1.2041509,15.596151,0.9912528,13.31377294577084,0.7654220424350697,14.375184610901394,1.2317587647388226,,
2014-09-25,326.0213997145147,504.1372662884851,67.6481802320133,9.516844,1.3980181,15.745829,0.99812853,13.299570536992565,0.8178289003555596,14.360303375532025,1.284165570776052,,
2014-09-26,319.856065643904,498.8805721275516,67.0963980476774,10.112592,1.5020026,15.803701,1.0054134,13.580354038309654,0.8483120219112688,14.654507368401687,1.3146497608758199,,
2014-09-27,324.75211464323,503.3571096145534,66.51634344399807,10.297542,1.7212563,16.89737,1.0772041,14.309174542054508,0.9404027166058556,15.418163000877287,1.4067436499425814,,
2014-09-28,326.4465277446397,504.1604380504825,65.93765850601204,10.633307,2.0238152,18.198195,1.1983716,15.22503004585215,1.0778478917424987,16.377793267061037,1.5441937005845774,,
2014-09-29,328.2498539602202,503.6052502137093,65.35798780411591,11.142146,2.1093159,19.040937,1.322175,15.924075987139513,1.1547704608849128,17.110251214772926,1.6211206365987676,,
2014-09-30,328.3359755695542,502.9746481810226,64.78091429860694,11.9002075,1.9774406,18.628826,1.310157,15.97127853362275,1.112810636986053,17.159709881624227,1.5791611277119992,,
2014-10-01,328.2156701143075,501.04028977344205,64.20457100092695,12.249287,1.8709495,17.790562,1.2731287,15.597350673150084,1.0677429183982046,16.767909547629415,1.5340909835301666,,
2014-10-02,337.29980711986053,532.0918040668619,63.60453006796417,12.692073,1.8188725,16.460642,1.1768826,14.998541723382102,1.0083566917053273,16.14047957698852,1.4747012055657231,,
2014-10-03,340.95082673079384,536.9933403192471,63.00340323801592,13.290848,1.7298821,15.854298,1.0688945,14.858778353544839,0.9374201961754636,15.994035995830211,1.4037639401889859,,
2014-10-04,299.114822650627,495.8828973773517,62.55628750316396,12.958468,1.73422,15.240181,1.2001886,14.381695438817049,0.9930675870318596,15.494150148604794,1.4594088714557385,,
2014-10-05,285.33241241850834,468.7920698293563,62.05956815250138,12.983923,1.7960494,11.955111,1.1203607,12.344374568452375,0.9730636002043309,13.359452304869686,1.4393973107025169,,
2014-10-06,320.40118354929587,520.9683354786257,61.508229843000365,13.556537,1.5528543,11.470736,1.1066618,12.265027634258118,0.9051138734448049,13.276312858454869,1.371447385009996,,
2014-10-07,327.30048981204885,525.2041464228196,60.942144982241246,14.0350065,1.3727436,13.520536,0.8463945,13.718055953648626,0.7413941368447283,14.798790964583413,1.207732432799352,,
2014-10-08,296.5976374836349,536.647551840129,60.537898363034046,13.933174,1.4842811,14.822088,0.9362724,14.505674984328566,0.801717559663938,15.624055492588885,1.2680594582273135,,
2014-10-09,321.17866789120893,535.9538854403601,60.091156705458815,14.168951,1.4904753,13.717592,1.0144529,13.886722225178387,0.8451567750201037,14.97551890733549,1.3114957827628195,,
2014-10-10,353.4703323126284,570.0790308080138,59.60596719123997,14.540151,1.4030684,12.405598,0.9948311,13.222555797176643,0.8157565076967698,14.27960759441462,1.2820929007897375,,
2014-10-11,340.11390528780845,554.1876452141962,59.13689940291539,14.426471,1.4578933,11.45231,1.0158684,12.583419760798998,0.8388783903986754,13.609923040275367,1.3052127437397172,,
2014-10-12,332.2652986375465,538.2739561792956,58.67429800280578,14.688671,1.4278265,10.749681,1.0024122,12.253105427050981,0.8253247525984772,13.263820810497258,1.2916582348954366,,
2014-10-13,342.7212637570328,545.1543328017904,58.20759876681246,14.931087,1.1333147,11.420084,0.9142916,12.775336055696894,0.7116970529237123,13.811012278036346,1.1780319696671746,,
2014-10-14,357.9349412466752,550.2163979927097,57.74667805260753,15.10845,1.0822498,14.221354,0.7832426,14.570989969101495,0.6380710768386361,15.692492310365855,1.104413306013593,,
2014-10-15,1390.9140474071976,32.142930495363224,57.64340659616352,15.48102,1.4947356,25.20659,369.2008,15.700693779658494,8.46623638384269,16.87619210136819,8.932585103350453,,
2014-10-16,2853.4189474072,303.60957100000337,57.93776991958196,16.08701,1.4537618,22.18187,4.0589824,16.67314852955167,1.3707111963461036,17.895126864135996,1.837066671720082,,
2014-10-17,496.01246740719785,891.1986304953604,58.24037867046906,15.15161,1.3817023,13.69953,1.2542403,14.218736958939338,0.9451710551199972,15.323402810434624,1.4115115590592762,,
2014-10-18,266.95405740719787,655.5432004953603,58.39963255197268,14.616195,1.2029451,12.444508,0.96695,13.072954659050803,0.7702801754700757,14.12285603327227,1.2366160492418206,,
2014-10-19,364.48895938705016,577.7973227441125,58.37517084102086,14.264001,1.4690393,8.96332,1.1424676,11.01369425591699,0.9020342715912032,11.965170022098203,1.368365598158455,,
2014-10-20,425.5760831670184,546.1621787993265,57.99225211241814,14.894626,1.322641,7.0658717,2.0600228,10.494501184777818,1.2946443547738022,11.421161296931306,1.7609753004633022,,
2014-10-21,383.0001492813699,586.5218747681736,57.60075620243554,15.044593,1.2106034,7.438789,1.1525677,10.443387014783857,0.8455046797554293,11.367604044336684,1.311835604618807,,
2014-10-22,321.51881471128604,556.5633104862102,57.235510951686805,14.714374,1.1872214,8.91749,0.8453093,11.040078639475897,0.6899617738497705,11.992815489000723,1.1562931280046653,,
2014-10-23,251.8427164472876,610.1232914260432,57.024069098759576,14.398927,1.117895,8.900016,0.7728604,10.506646077311926,0.6371382687725159,11.433886673813305,1.103469219849738,,
2014-10-24,312.0285371018554,582.1177962329311,56.92661807567351,14.426306,1.1395365,8.304803,1.1551349,10.441012054257673,0.8506959569908717,11.365115568815742,1.3170268809592376,,
2014-10-25,273.199801324867,655.3859606640283,56.66775273116824,14.597002,1.1038257,8.841553,0.8627819,10.534867092947039,0.6901289516469964,11.463456557527062,1.1564599158951139,,
2014-10-26,276.7570924354063,669.5465416213126,56.39230182084185,14.34558,1.1275978,8.927318,0.7626129,10.511949144044625,0.632375327945687,11.4394432090082,1.0987062814283732,,
2014-10-27,315.3959046885865,644.266819479815,56.06631216887361,14.460156,1.1432437,8.16526,1.0063397,10.23409596783784,0.7730543418015521,11.1483096007723,1.239385212558956,,
2014-10-28,312.6675681764236,658.1023351544828,55.7420390505424,14.8681755,0.97861165,8.618266,0.95888305,10.631249786964801,0.7224292548783582,11.564446014851116,1.188760270976966,,
2014-10-29,287.5687323119574,683.6030842667593,55.35407432295256,14.265545,1.132768,10.61335,0.7646125,11.694782737978743,0.6341704141388883,12.678812205418001,1.1005027078664957,,
2014-10-30,287.25065338334485,683.020265362392,54.95885498609273,13.783259,1.3214078,8.219454,0.88974607,9.86662962338566,0.7384694845829206,10.763279621176164,1.2048003815484805,,
2014-10-31,308.97839360392487,670.6477816690576,54.51652705966071,14.137299,1.2187129,6.1605883,1.1079621,8.676477695535352,0.8503440736931861,9.516242499505452,1.3166761157105544,,
2014-11-01,307.19443479886377,676.9581162912132,54.03745117521965,13.977902,1.166111,5.815969,0.9457017,8.36364365894037,0.7454206735991078,9.188456065330888,1.2117532854884248,,
2014-11-02,313.038432325334,663.9597203658161,53.56491081268465,13.610683,1.2231221,5.7967415,0.97170734,8.300394264584032,0.7678966877295839,9.122183566131556,1.2342294284401456,,
2014-11-03,337.61759922498265,658.9275364830203,53.0634063033048,13.999217,1.0205177,5.746684,1.1896344,8.54254375531623,0.8592298618764422,9.375906974774127,1.3255621341708412,,
2014-11-04,347.3202789424855,658.4097151803559,52.54418419130757,14.061283,0.8963253,7.4332886,1.0084705,9.722209979561384,0.7291660069453323,10.611957212050944,1.1954969564888038,,
2014-11-05,358.6531715376492,660.0678602307398,52.00952310663101,13.527772,1.0006329,9.301905,0.81964624,10.789672823037076,0.6372993569532245,11.730441130505588,1.1036304813633342,,
2014-11-06,354.63306139462065,661.1955930182213,51.52155039949763,13.109719,0.9967061,7.6107726,0.87188756,9.530494289535683,0.6656850540330344,10.411078167389316,1.1320161102270998,,
2014-11-07,345.8821825941708,664.0042562739163,51.08551030175052,12.49181,1.1244311,6.325438,1.0247791,8.43739641963354,0.7760886730086837,9.26573395587399,1.242421140462821,,
2014-11-08,354.12375169972347,660.8525218450957,50.63397439724739,12.552134,1.053176,4.929186,1.1418909,7.588821275911131,0.8293330466749215,8.376599820990668,1.2956675519620262,,
2014-11-09,367.5920071381551,653.8587956617569,50.15904610098135,12.470983,1.009114,4.626536,1.207124,7.449536162688769,0.8537947594239698,8.230657355478618,1.3201296778881215,,
2014-11-10,371.75851732211447,654.8373183260491,49.67458324009085,12.548642,0.9116084,5.1701026,1.2785765,7.8420742061459405,0.8798470068718047,8.641957375588866,1.3461808177574,,
2014-11-11,374.0631553331419,653.63395978451,49.30450983013807,12.594415,0.8119966,6.4369216,1.156641,8.678137680000875,0.7927950561977704,9.517981825554054,1.2591270954897948,,
2014-11-12,383.01560682062416,646.4051218854952,48.92674254240077,11.871757,0.96603304,7.359781,1.0438012,9.03854738743016,0.7475197461120912,9.895617884999508,1.2138512683148512,,
2014-11-13,392.429276185744,641.04832583507,48.538011385681074,11.175231,1.0458878,5.0161676,1.2509977,7.354870253564563,0.8716963122273016,8.131466739497496,1.33803152417497,,
2014-11-14,391.06665594846095,638.3880788996144,48.15104618759797,10.827483,1.0554994,1.637694,1.5572788,5.128687825666515,1.04563510345589,5.798880401369857,1.5119801716293053,,
2014-11-15,395.9178781463521,631.5550533792132,47.75613636479131,10.590095,1.0470378,-0.11438155,1.9395002,4.010392290278761,1.258569597608642,4.62713416209262,1.7249217556977214,,
2014-11-16,399.7058574053507,628.9111452271018,47.35633657767657,10.419221,0.9597511,-0.46107805,1.4447091,3.7668505382537663,0.9588196568570971,4.3719519468266625,1.4251735486355765,,
2014-11-17,298.7310164396388,635.3884152264159,47.2059522066734,9.6085005,1.0437789,0.5422311,0.9393253,3.4416203694345855,0.7208698276399039,4.03117688768164,1.1872261403926727,,
2014-11-18,279.3139331427949,571.9404218284747,47.26376387813707,8.37247,0.99569386,-0.27858937,1.3686919,2.5599997993045345,0.9759072114924872,3.1074178679685276,1.4422706952990108,,
2014-11-19,368.1684165855968,605.5382624632789,47.05025311417762,8.425421,0.96721834,-2.2394323,2.0126057,1.7930572864209402,1.3039545650886304,2.3038181246309253,1.7703250100836487,,
2014-11-20,371.3056294757671,616.0673668952993,46.85894549419727,8.492234,0.9131787,-2.4667506,1.7865894,1.654420185773772,1.1664309845054894,2.158554644480043,1.6328027596280326,,
2014-11-21,424.5463699032368,577.4995759449603,46.42265408629825,7.6201468,0.94335526,-2.7121935,2.160343,1.6654077176117008,1.3076289043650795,2.1700673427808264,1.7740005732679227,,
2014-11-22,430.2426652636663,577.5003205700399,45.93543303344938,8.054451,0.91291386,-3.127502,2.4653785,1.6464863530149105,1.4655931750118698,2.1502416016357584,1.931965026918935,,
2014-11-23,393.29990444658273,608.6819755309341,45.62857848614205,9.369202,0.77900285,-1.1827911,1.9255038,2.9590979089621783,1.2090078086906604,3.5255915030191676,1.6753679361445144,,
2014-11-24,147.6553179390005,656.108114617582,45.87105691453779,9.485964,0.9130936,3.4360633,1.3299233,4.5474599398684745,1.098492279566323,5.189871809458804,1.5648408541839556,,
2014-11-25,275.4142105339837,515.3031239459614,45.95712889110577,8.1917515,0.79838157,4.405801,1.5525361,5.724482688215018,1.049293027864555,6.423152221725327,1.5156349027227185,,
2014-11-26,318.6935637833067,526.1219144124037,46.118960837390986,6.8807716,0.8418438,3.4139686,1.3798194,4.721766366347311,0.9161088839302036,5.372509487286618,1.3824563664288876,,
2014-11-27,316.16989169849694,522.0057068837532,46.382502133428254,6.183652,0.75393283,1.3965687,1.1935462,3.2023138971888785,0.795872464726322,3.7804323840908403,1.2622306360958815,,
2014-11-28,342.3346946430757,531.9118526494079,46.33787021525451,5.508363,0.9109188,-0.98998225,2.3844006,1.5546191172371546,1.4939320045967248,2.0539834260202614,1.960304750847137,,
2014-11-29,334.74847081860844,575.9937437893195,46.150958329460266,5.407938,0.97628725,-2.3591418,1.8302274,0.49569245487410957,1.2118628067526511,0.944443688955974,1.6782465585422028,,
2014-11-30,303.5177502452615,606.7005955357258,45.93881625867393,6.778396,0.8032739,-1.9118987,1.1488978,0.9859320549499525,0.8112846974192229,1.458115066115204,1.2776631947055233,,
2014-12-01,343.46207959528374,532.3797309851453,46.02501582622289,6.3130217,0.8648958,-0.918957,1.4062393,1.917069326616476,0.9196125589009088,2.433757516433855,1.3859818327084281,,
2014-12-02,291.4202792594388,520.5541930458214,46.07644397290274,5.3873672,0.86499304,-0.4209863,0.8710999,1.6636506850530166,0.6389485494634777,2.168226330071952,1.1053202353427984,,
2014-12-03,208.6057804872497,531.4645970500201,46.2545478250657,5.506194,0.7228959,0.06432891,0.72324276,1.598243213574103,0.5579210650616195,2.0996926050406026,1.024293385420691,,
2014-12-04,166.0655461235106,566.0919553463833,46.47037724226409,4.934255,0.83041286,1.0408769,0.7324917,1.9239600617495767,0.5968492018858694,2.4409776051515184,1.0632184111320229,,
2014-12-05,317.61427745820725,479.9234637555367,46.424110701954966,4.4834776,0.8653288,-1.5629128,1.1035658,0.8450232838317676,0.7481687765916271,1.3104713374101074,1.2145487560297177,,
2014-12-06,472.49284740719816,1458.8046304953573,46.8751658973604,4.3311005,0.8248921,0.03899288,0.6467269,1.0890590450897657,0.5285493086944199,1.56617117386172,0.9949267356255006,,
2014-12-07,187.3270274071995,1926.7142304953568,47.438231589289046,4.1878242,0.8372449,1.409698,0.43590453,1.6558701824861264,0.40414643612108414,2.160073946078682,0.8705181972181761,,
2014-12-08,38.77894740719461,1187.938430495367,47.81169221958724,3.9375086,0.794589,0.5116298,0.37339514,0.6199285810799026,0.3624627924776712,1.0746178773144517,0.8288451866793928,,
2014-12-09,88.80242340719688,1479.167430495357,48.24813436911842,3.9916148,0.7476705,0.81354624,0.4138042,0.9935370678318414,0.39265819648536116,1.4660835726164112,0.8590366144238981,,
2014-12-10,147.66902340719625,1733.042330495352,48.71018150071305,3.6683593,0.6268583,1.7191919,0.48334253,1.872235937365988,0.4481029386132379,2.3867812444324685,0.9144726338041054,,
2014-12-11,38.77894740719614,1215.4523304953652,49.03720797060408,3.6624022,0.5540808,1.2959782,0.4641146,1.3691444634109569,0.45009102099125564,1.8596437177545582,0.9164656022792872,,
2014-12-12,38.77894740719694,944.5739304953548,49.30647308721067,3.8017144,0.5577438,0.8608689,0.5116158,0.9768423914448873,0.4919319644170449,1.448590947766057,0.9583105566281357,,
2014-12-13,38.77894740719845,805.9928304953532,49.67560411377169,4.149644,0.55542374,0.9077073,0.6038807,1.0565272193347721,0.576723651299578,1.5320844380401208,1.0431014145655397,,
2014-12-14,38.77894740720095,748.8003304953603,50.00618294160658,4.372724,0.53859043,1.3688473,0.6971855,1.5167525906533894,0.6633876662948228,2.0143070089060378,1.1297607839910784,,
2014-12-15,38.77894740719444,714.1324904953576,50.17515694402523,4.3864517,0.57260865,1.9678493,0.7552951,2.0924201578100288,0.7170001956020763,2.6174895179516295,1.1833678433843022,,
2014-12-16,38.77894740719802,756.7233704953638,50.34371024531712,4.4387527,0.5699394,2.231359,0.76884115,2.3389644766218005,0.7318894126852962,2.875817812433011,1.1982548337378052,,
2014-12-17,65.93020240719812,1415.8428404953563,50.87556031294458,4.43038,0.57483876,3.4484196,0.6870939,3.492111040019825,0.6570202996832099,4.084080839727131,1.123376228657619,,
2014-12-18,38.7789474071954,1432.6058564953655,51.4337997643056,4.072009,0.49585447,3.41406,0.67208505,3.4314006296399553,0.6545024477239559,4.02046867925926,1.1208588385114864,,
2014-12-19,38.77894740719961,917.575429495356,51.7989953017548,3.6598086,0.53154105,2.1807303,0.62528294,2.2407050768283567,0.6003155572327054,2.7728619492123956,1.0666818574100259,,
2014-12-20,38.77894740719944,748.4765304953572,52.24111230293904,3.5626426,0.51543635,1.1539956,0.5646631,1.2726417342659135,0.5374487635932049,1.7585284880344587,1.0038243152116242,,
2014-12-21,153.7218273448482,632.9850193662389,52.53410178040904,3.6911316,0.5090788,0.46426386,0.6985441,1.09479097964297,0.5707839032572851,1.5721770752929294,1.0371612710533422,,
2014-12-22,215.15511266057115,582.3314118442222,52.64647033011364,3.9540515,0.4929823,0.064810455,0.8955644,1.1140947604226012,0.6673369089366692,1.5924035108071535,1.1337140778564523,,
2014-12-23,38.778947407195744,989.1294364953573,53.034535491724725,4.6681666,0.53538173,2.7378235,0.6799868,2.810647754235988,0.6546452045543973,3.3700459383485333,1.1210065591757612,,
2014-12-24,1244.9660474072002,2277.395890495364,54.05160841829455,5.4822836,0.6929995,2.1450133,3.7574344,3.3245593977034353,2.44169930932609,3.9085208016546544,2.9080565230715134,,
2014-12-25,1007.0587474071992,3639.266230495368,55.80000886233609,4.986238,0.6273141,5.863437,0.7141535,5.67331033258699,0.5756533039290253,6.369534002422225,1.0419954371214448,,
2014-12-26,214.3195974072001,2332.743730495364,57.115744484830685,4.6023474,0.492815,4.486737,0.6118113,4.496464690069304,0.561863462512465,5.136439161037774,1.0282123632113116,,
2014-12-27,38.77894740720018,1709.5549304953634,58.149141340345146,4.718216,0.5616716,4.095025,0.5540517,4.108847757790306,0.5419057633205783,4.730295464398037,1.008257239792973,,
2014-12-28,38.77894740720018,1673.513330495363,59.25563976325772,4.2972794,0.50928015,3.8980393,0.5812079,3.9070810844996684,0.5681621131485104,4.518885033828976,1.034514998390283,,
2014-12-29,38.77894740719484,1447.6302304953583,60.14266859925552,3.7071142,0.48141235,3.0881276,0.53254306,3.104276362294868,0.5188015930817725,3.6777089901534437,0.9851605447879602,,
2014-12-30,38.77894740719745,1129.608930495362,60.62870351224926,3.0233963,0.506695,1.7610618,0.49243096,1.8029588346325351,0.47638404499049947,2.3141929330002853,0.9427543958278776,,
2014-12-31,38.77894740719694,723.5851304953638,61.033255385634,2.7146258,0.5278715,0.15291613,0.4602189,0.2832218609247431,0.4376335884964509,0.7218177269102193,0.9040197029533789,,
2015-01-01,38.778947407197336,740.4161304953611,61.521642392110905,3.0993295,0.64013666,0.30053842,0.33491245,0.43982853434058644,0.31983516908634946,0.8859096639822077,0.7862195370796827,,
2015-01-02,43.23324665625526,703.8208249411359,61.97663687649821,3.2700262,0.68435425,0.1699717,0.3134946,0.34937695244223643,0.29799567242166825,0.7911348056623814,0.7643810457020477,,
2015-01-03,82.00807743841997,680.5459715316664,62.32921663595374,3.2338257,0.7865311,-0.07221353,0.301658,0.28333099807799966,0.28219219570243653,0.7219320804463347,0.7485783089325124,,
2015-01-04,38.77894740719853,2287.6456164953624,63.38957725456249,3.7608318,0.58725363,0.88545877,0.5125692,0.9333880846213326,0.5041202680746052,1.4030596736174532,0.9704993153912523,,
2015-01-05,38.7789474071987,2035.6064304953625,64.36446202194178,2.4394474,0.60883427,0.63034904,0.3973983,0.6641686624687846,0.3901353050926661,1.1209724833665695,0.8565172201228681,,
2015-01-06,38.77894740719898,1178.5174304953628,64.66915696307245,1.5503187,0.6453183,0.112728596,0.29341602,0.15852535710973942,0.28481167567524485,0.5911611564665327,0.7511992007897688,,
2015-01-07,38.77894740719512,920.1715304953618,64.95499886592238,1.4416564,0.65880144,-0.07299489,0.2601892,-0.011743986882694488,0.2510848000319331,0.41275351986789555,0.7174742800690606,,
2015-01-08,38.778947407199496,706.8749304953625,65.10895501771004,1.4558241,0.6533191,-0.13355392,0.25397673,-0.050895721121989174,0.24315383704064805,0.3717304665654708,0.7095437712799768,,
2015-01-09,38.77894740720103,708.9019304953574,65.3003294962669,1.7935627,0.5970597,-0.121429384,0.2589365,-0.022107095886546375,0.24745188253245584,0.4018950896781755,0.7138414826222342,,
2015-01-10,154.46021061058102,548.3111469853615,65.53102820055682,1.5680847,0.62467575,-0.35181296,0.24124914,0.07015614418566561,0.23297860213709667,0.4985681972397307,0.6993671377123443,,
2015-01-11,225.99372314636145,505.69880983732287,65.64662823747796,2.0237389,0.60774094,-0.8261374,0.2877996,0.05408770251788221,0.27349492939292774,0.48173173898744726,0.739883649662672,,
2015-01-12,76.83791151465198,489.2929624049643,65.83809971584523,2.0899887,0.6084043,-0.36778557,0.26452968,-0.034205032772085725,0.24308182349278645,0.38921891276423576,0.7094715638878748,,
2015-01-13,38.7789474072033,466.054400495364,65.97936669723273,1.5055332,0.64618427,-0.22454166,0.2643455,-0.09164536644824094,0.24903653601935105,0.3290331274883183,0.7154269448597051,,
2015-01-14,143.81319565300817,438.3704884924066,65.88831726132167,1.6875753,0.606865,-0.43513012,0.24604897,0.0892285390995371,0.23832255696958302,0.5185521874347647,0.7047108737053294,,
2015-01-15,151.28825930994805,405.30731795915193,65.7402904324826,2.096335,0.5992359,-0.61051345,0.27917176,0.12523508540301456,0.2604922343876643,0.5562797235693273,0.7268801391126872,,
2015-01-16,176.4397963688026,406.5198954545019,65.54110061063567,1.9766196,0.60332036,-0.71553576,0.2982491,0.09927759746656868,0.2767659893386502,0.5290815564407529,0.7431541909373012,,
2015-01-17,227.3650677509061,450.92133520615374,65.43975605139134,1.8406565,0.6092,-0.77374506,0.30237725,0.10261570670018136,0.28654678720563936,0.5325792158849767,0.7529349505834478,,
2015-01-18,46.07941685794077,356.8713059059503,65.53429975849285,2.630342,0.6015436,-0.3763286,0.2692186,-0.03250086905802952,0.2481569401172769,0.39100452967843163,0.714546660738273,,
2015-01-19,38.77894740720086,353.13991049536105,65.647320486964,2.7593575,0.579387,-0.35037827,0.3131613,-0.04268122031545724,0.2879398166924404,0.3803375924306887,0.7543296554894485,,
2015-01-20,38.77894740719148,381.342300495359,65.58348045648255,2.2133224,0.5904145,-0.21494675,0.29070148,0.009192646375173886,0.2694375506121185,0.43469085262718954,0.7358267884809884,,
2015-01-21,38.77894740719728,359.9211004953633,65.48904420578133,2.123869,0.5786153,-0.2723968,0.27472907,-0.039327697959317114,0.25431316010801697,0.38385140169200965,0.720702959963428,,
2015-01-22,78.25121478241215,348.07284238186736,65.33429147924392,2.2028008,0.5874026,-0.42320573,0.26699698,0.0587942710373214,0.24319571040164484,0.486663265393516,0.7095843765423984,,
2015-01-23,125.00757053672294,349.4014639856899,65.11170833917014,2.4550986,0.57524633,-0.56859636,0.30060712,0.2281523021062394,0.26831413094395384,0.6641160314260606,0.734700866195785,,
2015-01-24,110.2506211586836,349.4862658538725,65.05348397490202,2.8538241,0.5613254,-0.5772705,0.3109284,0.24554864529896284,0.2720082834324804,0.6823438603569718,0.7383948222020034,,
2015-01-25,115.15489276713588,330.30199900807975,64.98020363267312,2.4328318,0.5688842,-0.5646374,0.34571218,0.21023720425398643,0.295531043774709,0.6453446531361683,0.7619179817295543,,
2015-01-26,159.65746851217386,337.95619890675295,64.54602118774127,1.8377163,0.59243155,-0.4838475,0.28010383,0.2610175036942516,0.26892192509312113,0.6985520773059083,0.7353082894408736,,
2015-01-27,186.0424697688177,331.93574153165866,64.20852926845808,1.6978436,0.59817207,-0.47110903,0.27335334,0.30791465366531917,0.27720791797210564,0.7476907507357056,0.7435937551950462,,
2015-01-28,200.9660897253273,325.8755919202798,63.86000163027642,1.7252121,0.59205383,-0.492908,0.27865896,0.35320372139673784,0.28410121731256943,0.7951444810917527,0.7504865478723819,,
2015-01-29,208.3117276661774,310.5619166215505,63.50511178661844,1.7201699,0.6003139,-0.4927529,0.27419034,0.39566718862767486,0.2915770085228792,0.8396375569022274,0.7579618661607221,,
2015-01-30,168.22742873357677,303.586906849122,63.19674762439404,1.7501314,0.6006138,-0.47586143,0.26917598,0.31782586731504664,0.2754253333069981,0.758075686518101,0.7418110594496008,,
2015-01-31,237.2198724322104,341.76970801604034,62.97455371921821,1.6283395,0.61252534,-0.6221206,0.29425645,0.2999233819980314,0.30520656475630964,0.7393175235995171,0.7715924916235463,,
2015-02-01,186.1417918820789,317.70782575220795,62.80358080939256,2.1465085,0.58347,-0.39866245,0.26460576,0.5416234151289578,0.27258688705778955,0.9925699921038709,0.7389701348814903,,
2015-02-02,182.94048096393843,322.7844513043063,62.4692278779127,1.5288062,0.6476766,-0.45502663,0.25843072,0.2626032746516511,0.2865292952824277,0.7002136426943847,0.7529156417650084,,
2015-02-03,183.2920145911772,319.0094295061325,62.14055807490308,1.5718656,0.6357469,-0.39377403,0.2660307,0.32349653245969745,0.2869907059541692,0.7640173900724669,0.7533763685930713,,
2015-02-04,191.1518307263887,315.04731613821303,61.80450140785154,2.0861053,0.61750513,-0.60895264,0.27916682,0.4087599950173016,0.29079654910654046,0.8533561546817585,0.757181261343686,,
2015-02-05,223.84769383346347,321.8807039863287,61.42315445098373,1.4295055,0.6717888,-0.63028157,0.30081293,0.21460497198028544,0.327735241219287,0.6499211852293174,0.7941221297205533,,
2015-02-06,302.5858407849738,338.3784996632302,60.95441474398389,1.435736,0.66664624,-0.8209202,0.34019068,0.24439988549893082,0.3623480917673735,0.6811401937653373,0.8287346435008482,,
2015-02-07,230.4821856203179,322.19733899857266,60.72185889817261,1.9190485,0.66387415,-0.765069,0.32159644,0.3542800056571583,0.3343610332855064,0.7962722080607276,0.8007463518331148,,
2015-02-08,227.49490259913875,320.5434348022925,60.48373763127584,2.2264295,0.65627515,-0.91338336,0.36886832,0.38997693794273675,0.3475091432936096,0.8336753316856981,0.8138940641849979,,
2015-02-09,225.9282959935797,314.0188304788681,60.08354729861425,1.8803844,0.6443704,-0.81489587,0.36054778,0.31288138728017184,0.34156066356758813,0.7528948772394186,0.8079464451116163,,
2015-02-10,229.087488716642,311.1038683838442,59.66769870462101,1.9504163,0.6606723,-0.691955,0.32921103,0.4286371988836128,0.33830304094922065,0.8741834209460572,0.8046875328169603,,
2015-02-11,245.1589181386041,315.1031029311334,59.12089658016083,2.030381,0.6550055,-0.82352686,0.3589587,0.42528339052790265,0.3505810017157791,0.8706693120153643,0.8169655307339665,,
2015-02-12,267.8059706164973,318.1949088510238,58.67697190562277,1.5418859,0.6601569,-0.85284114,0.3686524,0.24156368004727766,0.36206456066975234,0.6781684273881784,0.8284511444167542,,
2015-02-13,330.7325244767368,349.4352080745185,58.11367861516148,1.2805392,0.7077385,-0.67905843,0.35028192,0.27379867322584267,0.3883503881129984,0.7119441430508671,0.8547366085508954,,
2015-02-14,314.6612024478049,344.1237011734539,57.63045660532124,1.3471715,0.69328135,-0.6340215,0.31638008,0.31227307249125824,0.3700875910221772,0.752257487083015,0.8364733793841224,,
2015-02-15,326.7815462492355,350.705985139081,57.12836831886069,1.1141168,0.7582972,-0.5325836,0.32138062,0.261691240540797,0.4018175043194393,0.6992580164706643,0.8682038610765737,,
2015-02-16,365.4128361003837,362.4315470577277,56.52298054044332,1.199561,0.7237884,-0.63773584,0.36203688,0.2846754105701627,0.40563813172568847,0.723340751259979,0.8720242298438321,,
2015-02-17,289.285636351186,335.4056139527476,56.09213196860511,1.3063165,0.6965832,-0.56820476,0.34096327,0.29985938151125463,0.3709047460495319,0.739250464108247,0.8372906736350063,,
2015-02-18,309.1315303794839,341.2762565721059,55.63126899731237,1.3466012,0.69455266,-0.70860445,0.35024735,0.26821177767004606,0.37782174247524364,0.7060902129853505,0.8442080257959341,,
2015-02-19,309.72132359066586,334.8167507549979,55.13720855082644,1.1458939,0.74912906,-0.66327584,0.3375153,0.20608856095852343,0.4004074169900689,0.6409977188726098,0.8667944019376786,,
2015-02-20,337.2376940285103,347.8722525942867,54.602377498867305,1.1437691,0.7422515,-0.6506604,0.38030702,0.2326274377585694,0.41325678608268973,0.6688050632650859,0.8796434707572216,,
2015-02-21,346.3717327494143,351.94755017483925,54.27613201053278,1.3458725,0.7018792,-0.80850494,0.35980833,0.26008284337149845,0.39253551433001904,0.6975727434147041,0.8589218892089284,,
2015-02-22,332.7106873228254,349.6198096954736,54.05351466446048,1.6423445,0.7453866,-1.1686246,0.471817,0.2020300068077403,0.43651644541870044,0.6367451797068926,0.902903476357654,,
2015-02-23,337.85536656440706,362.2464588467957,53.51270088571359,1.0968146,0.7706998,-0.7633859,0.41198313,0.13431028201251255,0.42868233693726815,0.5657886835547516,0.8950701380517763,,
2015-02-24,356.36835843937945,381.17820191290537,52.94175738024257,1.1925485,0.7230119,-0.726889,0.4120631,0.20054640153656778,0.4091394973081475,0.6351906631752089,0.8755265450639464,,
2015-02-25,314.4803186589784,403.8262538495495,52.4517974222459,1.3996637,0.7121354,-0.81937885,0.36997122,0.1521355835795898,0.3747902206078174,0.58446597360399,0.8411778184869576,,
2015-02-26,305.11330687005545,403.6869672630222,51.93392180483061,1.3225459,0.7029841,-0.71306145,0.32896587,0.1631951030548843,0.3559150620044742,0.5960541003051275,0.8223025339710086,,
2015-02-27,330.61168231076243,410.0663702942228,51.386511885282914,1.288241,0.70661205,-0.6622001,0.36720884,0.20840572304017682,0.3752490258011431,0.6434256333809439,0.8416359844992276,,
2015-02-28,303.8626878487082,396.8366568328564,50.98438703246163,1.3429214,0.69577503,-0.6269598,0.36992392,0.22729158928527493,0.3673299380311201,0.6632141794744536,0.8337166830132215,,
2015-03-01,213.167197669949,402.33934330938376,50.85862846728618,1.4324093,0.68421257,-0.3421831,0.281967,0.2724080628569141,0.3002043000585043,0.7104870662598675,0.7665905361449534,,
2015-03-02,180.9651976211556,393.99908342260665,50.52609416421515,1.5300639,0.680466,-0.32519317,0.28008506,0.25873346474591197,0.2875875089679019,0.6961588691034346,0.7539738990525118,,
2015-03-03,194.43131364416905,393.4808836295143,50.191551838734185,1.6832038,0.6830132,-0.30957007,0.2834917,0.34946991032705776,0.29499661828426854,0.7912322066163365,0.7613819905267036,,
2015-03-04,145.92107660483876,368.72321610577393,49.91963118490604,2.6305752,0.6483838,-0.5094613,0.32592475,0.3808575401269672,0.29719662554699583,0.8241200578274367,0.7635816478879717,,
2015-03-05,91.15998220239806,303.63376392184364,49.70856688131457,1.2290964,0.77250206,-0.25520766,0.30344194,0.08752607081159952,0.2937375451561594,0.5167683469822605,0.7601258814093752,,
2015-03-06,73.0756319192858,303.9181715045704,49.519547937788296,1.3480693,0.76595366,-0.15157467,0.32035947,0.13911294906808772,0.2978970805429858,0.5708209016784872,0.764284826864079,,
2015-03-07,88.93145137385346,319.72205025240976,49.31110086436801,2.0200946,0.7337561,-0.29140282,0.28750524,0.2116268214082359,0.2758532830511835,0.6468006892402223,0.7422402052698724,,
2015-03-08,102.51595431214082,329.31313576772413,49.30906831754881,3.1849594,0.7278147,-0.5861832,0.3735636,0.3090836908555505,0.3331822182135873,0.7489156639074761,0.7995680423286524,,
2015-03-09,82.64718297281661,319.9977472886729,49.107835616875725,4.332028,0.86680716,-0.7009797,0.4958225,0.33209899212188726,0.43235533890168687,0.7730310179004722,0.8987409052749903,,
2015-03-10,90.59278595898569,336.53760017058573,48.92000650143244,4.6134214,0.9619263,-0.76219285,0.5322294,0.3779551988497023,0.4663424062194123,0.8210789945582759,0.9327274608677001,,
2015-03-11,61.22710750599905,411.6065704953597,48.84422730534119,4.986837,0.9815954,-0.4485842,0.56679213,0.25524703828172207,0.5095076316153699,0.6925058033720091,0.9758940609970026,,
2015-03-12,32.31578950599851,487.3994304953592,48.87945113713688,3.308673,0.84713465,-0.07618803,0.38658154,0.1342819549369,0.36635058250729813,0.565759002541756,0.8327383839450668,,
2015-03-13,46.29924850599637,488.591530495356,48.9851793724665,3.2880158,0.83669835,-0.086977124,0.33678037,0.20515660514408215,0.31603933239545867,0.6400212187559698,0.7824263279022818,,
2015-03-14,77.15354250600183,527.5744604953538,49.07884424706342,3.4672408,0.8292149,-0.1859132,0.328267,0.2801703435232525,0.30530162227763236,0.7186203574080278,0.7716877710433354,,
2015-03-15,172.22653950599613,608.0441304953602,49.20942518665209,3.118342,0.8146598,-0.3618716,0.39334962,0.4063043096161266,0.3553771601276355,0.850783095912748,0.8217618996211874,,
2015-03-16,136.15889950599612,605.8002904953601,49.34729833104744,5.1867933,0.9932313,-0.1110872,0.33549517,0.8611409093133294,0.32902712398499784,1.3273593302943414,0.795406932739612,,
2015-03-17,238.02667950599613,681.1348304953601,49.52796291744906,4.3799834,0.9384135,-0.6241046,0.460887,0.6717573683919623,0.4191674565471716,1.1289239034921816,0.8855492896077228,,
2015-03-18,258.4814195059961,712.2001904953602,49.76652008483292,2.638527,0.8219835,-0.33654237,0.3210691,0.4556845825366932,0.321566105295911,0.902523577080899,0.7879502980273477,,
2015-03-19,181.47751950599613,685.4752304953602,49.96250412786985,3.2262807,0.84550816,-0.24136698,0.29885548,0.4845089063698917,0.2952305214536988,0.9327256050623025,0.7616143963170758,,
2015-03-20,144.69621950599617,646.3573304953526,50.14641073085125,3.00648,0.8371565,-0.2933482,0.28707278,0.3102426275386381,0.2801217028008567,0.7501299938023885,0.7465075139228412,,
2015-03-21,131.66345350599613,597.3475904953525,50.28955741742722,3.3700604,0.825512,-0.2904899,0.28770843,0.37062586331446973,0.2789353772159459,0.8133993418385393,0.7453205134933515,,
2015-03-22,106.34644450600128,584.7054304953555,50.42831655528273,2.9656103,0.830805,-0.22711068,0.30217066,0.26421932122005887,0.2858553429393482,0.7019069307645835,0.7522416712186324,,
2015-03-23,100.6002195060023,569.5032904953571,50.57933688826761,2.9437156,0.8306312,-0.21010906,0.30617237,0.2633632444822893,0.28854482359613715,0.7010099364851006,0.7549311615179761,,
2015-03-24,82.69284550600273,559.5860304953509,50.71724824411389,3.5125484,0.8584157,-0.23307216,0.30077994,0.24917322714638565,0.2844071738477475,0.6861416848266884,0.7507936717231323,,
2015-03-25,59.08297250600272,556.6922004953508,50.86712419766132,3.873588,0.8807514,-0.28004527,0.34201264,0.11849142906111917,0.3205373277119937,0.5492137435063253,0.7869253094895794,,
2015-03-26,38.03782780600114,825.312680495354,51.20998021453356,4.702016,0.96310914,0.041407943,0.5910509,0.2467467945593514,0.5666013156904767,0.6835992770563386,1.0329878409402868,,
2015-03-27,32.31578950599645,1551.21118049536,52.12675783356894,3.83853,0.8606833,0.55315405,0.4317871,0.620200285232082,0.4233399397700177,1.0749025679963313,0.8897223310220377,,
2015-03-28,32.315789506000584,956.8765214953538,52.7383976908515,2.869419,0.8068418,0.18583387,0.3241365,0.27350355332396425,0.314653300639344,0.7116349174264958,0.7810395243980433,,
2015-03-29,32.315789506000584,937.2218604953538,53.20190620017168,3.7373376,0.86307275,-0.039435387,0.31296128,0.08644874017497117,0.3038945714694179,0.5156395236238719,0.7702829200751,,
2015-03-30,32.31578950600272,936.6863304953508,53.7206404400305,4.240148,0.86981535,0.2151165,0.4474341,0.34934951250334445,0.43348403036770317,0.7911060541882091,0.8998694039544719,,
2015-03-31,32.31578950600272,914.8566304953508,54.17276151374512,3.8387246,0.8730884,0.2895116,0.39821967,0.41060424392611566,0.38578489851334047,0.8552885523841645,0.8521695902851347,,
2015-04-01,32.31578950599591,927.0200304953638,54.58832893234158,4.1814966,0.88250566,0.30403745,0.425069,0.4346519369876663,0.41182465946761343,0.8804856429711307,0.8782090847417529,,
2015-04-02,320.3108495059968,2045.8602804953605,55.28382219369487,6.968603,1.3567494,0.88121045,1.0764873,1.7052666181122642,0.9487101187389051,2.211831362474481,1.4150814034727763,,
2015-04-03,32.315789505999994,4485.026930495359,58.12317308025746,7.200387,1.3775067,2.3632143,1.1688743,2.3978180172492105,1.1605543230672088,2.937484351121647,1.6269192228451954,,
2015-04-04,32.315789505999994,5145.901430495359,62.27965646420772,5.4844327,1.0435846,2.1884265,0.72762364,2.208995937348962,0.7231120821525913,2.739637221258157,1.1894786683872565,,
2015-04-05,32.315789505999994,4977.166270495359,65.16535426822068,4.9735827,0.93945724,1.7448769,0.66829884,1.76570499878145,0.6640153408310143,2.275158491141385,1.1303860465120774,,
2015-04-06,244.2126683952,4110.431060495358,67.35324512622522,7.4736586,1.2560754,2.3811197,0.69424254,2.6667142737943994,0.6590839122111374,3.2192329295538262,1.1254464807253548,,
2015-04-07,206.9726683952,3889.9372604953583,70.03973828308034,6.679757,1.1882615,3.9165173,0.6366992,4.056113962835889,0.607506837067206,4.675041174306259,1.0738586772420584,,
2015-04-08,35.5473683952,2823.032790495358,73.15724585084054,5.25237,0.9561357,3.5166836,0.65417635,3.5382673987700937,0.6461508726390872,4.132443314648043,1.1125064533308515,,
2015-04-09,38.7789474072,947.825130495358,77.39493931487583,5.428425,0.9932028,3.1599755,0.644107,3.2491380188409535,0.6200202552105742,3.829494538697632,1.0863780577587097,,
2015-04-10,38.7789474072,86.99758649535806,82.03123340825809,6.125173,0.9597528,5.1641946,1.4597944,5.460479859569775,1.0521823980011726,6.146530960319364,1.5185256377600713,,
2015-04-11,38.7789474072,516.19223,85.62194268930668,5.9232345,0.97584015,5.532601,0.78297406,5.559896638061698,0.7314485052909792,6.250699520983945,1.1977912217059306,,
2015-04-12,38.7789474072,1394.5483304953582,87.89156559023031,7.275282,1.1371017,5.7930875,0.8877647,5.833188539963186,0.8642937626417392,6.537053841594692,1.330635098656908,,
2015-04-13,38.7789474072,1438.7811304953582,89.55271569514605,8.148899,1.2793986,7.456013,0.88034314,7.4741981721550275,0.8578956761533707,8.2564981246945,1.3242305198432414,,
2015-04-14,38.7789474072,1146.843930495358,90.96439955136792,7.163117,1.1982996,8.595439,0.7223083,8.54859105850688,0.6997816988286533,9.382243318385617,1.1661139602834467,,
2015-04-15,38.7789474072,1066.053230495358,92.05336547051608,6.713833,1.1382953,8.205192,0.69389385,8.152845813523797,0.6707296074546619,8.96758280347979,1.13706266646716,,
2015-04-16,38.7789474072,948.665230495358,92.84097193302894,7.357565,1.1916267,8.424191,0.7947218,8.382302874259047,0.7649442814783056,9.20800712735846,1.2312768562380814,,
2015-04-17,38.7789474072,935.218980495358,93.52743785217709,6.5132933,1.224835,8.824086,0.74499774,8.73208381979692,0.7169965613206463,9.574506406426696,1.1833285137600082,,
2015-04-18,38.7789474072,635.8830304953581,94.0620083002912,7.117451,1.4196693,9.896055,0.8308169,9.736343628052065,0.787302610036967,10.62676640062602,1.2536335533818077,,
2015-04-19,153.20216406297848,408.2556953476035,94.2956440810534,6.9409633,1.4474503,12.888306,1.0296003,11.265484449280871,0.8464523882643396,12.228994926003159,1.312784010562131,,
2015-04-20,38.7789474072,679.716730495358,94.5634154696064,6.144732,1.1543237,9.959227,0.9067257,9.75334911950487,0.8600470440932244,10.644584696439903,1.3263779802827584,,
2015-04-21,1173.6750474071998,2754.983730495358,95.42412562513952,5.8961396,1.0549127,9.687671,0.8368585,8.554962147697543,0.6661179805241833,9.388918923861116,1.1324502306042417,,
2015-04-22,494.8267674072,2098.173230495358,96.06554187703674,5.4618773,1.0922848,9.113896,0.7993639,8.416975132153349,0.6795765507256043,9.244336600658926,1.1459090575493376,,
2015-04-23,282.4352774072,2037.982130495358,96.69359605996844,4.5882373,1.0005347,7.5313563,0.7502764,7.173127404737635,0.6701136012848569,7.94103720375349,1.1364494054004441,,
2015-04-24,85.0834374072,1702.239830495358,97.1888978857637,4.589697,0.9731176,6.145392,0.6623204,6.071334894213515,0.6324900789087479,6.7865827775156,1.0988302816943993,,
2015-04-25,38.7789474072,1357.8508304953582,97.57495590800616,5.0814395,1.0526854,6.1730905,0.68913025,6.142779579583018,0.6706330476294163,6.861442274624325,1.1369729230911394,,
2015-04-26,38.7789474072,1104.600130495358,97.86871190308044,5.107687,1.0759677,6.60201,0.67002,6.551328187863665,0.6483233814396739,7.289518109827235,1.1146614972770947,,
2015-04-27,38.7789474072,854.476830495358,98.08406215102828,5.0279303,1.0715331,7.1510644,0.6931478,7.058892692073581,0.6646859445834079,7.821342462315924,1.1310221402424396,,
2015-04-28,38.7789474072,698.299130495358,98.22825668760768,5.8081627,1.2475002,8.262543,0.7340214,8.133413562905211,0.6984936818317803,8.94722175770746,1.1648267846205496,,
2015-04-29,38.7789474072,574.935470495358,98.28692361708156,6.7583475,1.4426842,10.740141,0.7824116,10.48854220307111,0.7386200784038245,11.414917496268778,1.2049510215114942,,
2015-04-30,38.7789474072,505.790230495358,98.27179212440286,7.2194977,1.5823233,12.3088665,0.8213281,11.946450900004379,0.7711178694847977,12.942509245303889,1.2374506548338835,,
2015-05-01,103.4105262964,446.577460495358,98.13648422745123,6.5184116,1.4650952,12.874159,0.8384304,11.679130638434959,0.7344075043998808,12.66241198902005,1.2007397699447073,,
2015-05-02,103.4105262964,432.50999049535807,97.95313465860828,7.2383485,1.6732768,13.118341,0.8627929,11.983745647188437,0.7675246589308187,12.98158655391763,1.2338575232964417,,
2015-05-03,103.4105262964,415.9334504953581,97.72304381053812,8.231432,1.974246,15.278343,0.9388224,13.875179146379496,0.8484493284786511,14.963424108828054,1.3147882864712752,,
2015-05-04,103.4105262964,408.1071304953581,97.45580385066025,9.20052,2.4168208,18.494461,1.1092248,16.615559385513343,1.0108971264198305,17.834785155871277,1.4772521715823461,,
2015-05-05,103.4105262964,388.1125304953581,97.15243538503525,9.031387,2.4638002,20.52478,1.1727067,18.106708940094833,1.0611955113942353,19.397206561922008,1.5275629182554709,,
2015-05-06,103.4105262964,387.932810495358,96.824338215126,8.394325,2.1831796,19.68215,1.1293565,17.30645900374501,1.0030920270234227,18.558707414132222,1.4694524836432512,,
2015-05-07,143.9642063825507,378.17116060210185,96.62632913975531,8.924088,2.4734068,20.582317,1.2446078,17.36788693611976,1.1303470536009523,18.623071391693603,1.5967080177783368,,
2015-05-08,141.933183958938,352.22948406959,96.4358156734102,9.097856,2.5890336,24.050978,1.422123,19.756148549176498,1.257172160460154,21.12548374599054,1.7235562030510185,,
2015-05-09,175.6250427853483,332.0449002087819,96.28495005236582,8.777845,2.4828904,26.105759,1.4933957,20.111282228249213,1.3007103657386019,21.49759160095918,1.7670983970920968,,
2015-05-10,184.34100715524207,324.72438547246406,96.13955274616,8.620419,2.0061822,27.913458,1.6184642,20.927128901376683,1.2623761495551995,22.352432956229805,1.7287738904133982,,
2015-05-11,211.267377968627,316.3036469827946,95.94954178824791,8.440664,1.5794553,29.505816,1.7295686,21.070213372541904,1.214633490919707,22.502356376006926,1.681033013081623,,
2015-05-12,209.2136848606976,323.9299204769562,95.73722838068092,7.8421345,1.3237357,29.425255,1.818598,20.955709106166093,1.220963727877264,22.382379197111607,1.6873618226687213,,
2015-05-13,270.26335329310183,322.68973482384126,95.49511035404632,6.9714093,1.3252065,26.251686,1.7581674,17.463887603943295,1.1315127813041121,18.723660563277235,1.5978745473429246,,
2015-05-14,309.05401798675,316.59133170580515,95.09222107973363,7.2502384,1.2837322,23.513794,1.525834,15.479981842725108,0.9991376084058059,16.644930888315404,1.4654849451630885,,
2015-05-15,326.49573813878493,304.9416053914076,94.6363626013772,7.4452963,1.0749865,25.030975,1.8837469,15.937991972469227,1.0660928036536603,17.124832336631986,1.5324430719727071,,
2015-05-16,122.91961622099232,477.8005982912718,94.47848416682206,7.6453457,0.8922304,20.152279,1.2271543,17.593105106064534,0.9929811629054887,18.859054220291938,1.4593440248947065,,
2015-05-17,122.74399629639998,386.00943049535806,94.31015739363008,7.844936,0.8542731,23.758492,1.3953149,19.91912000630482,1.078551341556475,21.296244681679536,1.5449371966938896,,
2015-05-18,107.4771432964,310.52103049535805,94.10616563611212,7.4001026,0.7268407,25.270077,1.7150785,20.675286890467746,1.2877252506118197,22.088553758078266,1.7541199130646854,,
2015-05-19,172.9973162964,366.55149049535805,93.87972837403376,7.2359457,0.7483981,26.432707,1.8269559,20.277585895740604,1.264156576989909,21.671844015276008,1.7305465257944102,,
2015-05-20,129.68107029639998,312.46247049535805,93.63002592426494,7.070009,0.6849372,21.776318,1.3554333,17.46294505355082,0.9787230852219804,18.722672962197947,1.4450848433367556,,
2015-05-21,200.4058842855235,318.53230612143705,93.1835636866608,6.812333,0.81475997,19.52334,1.6928797,14.614546328802508,1.0857093480422018,15.738130515170608,1.5520518004025932,,
2015-05-22,297.4153193023977,328.90657809561714,92.70940039844474,6.652194,0.7678304,19.613363,2.1758192,13.458620305683034,1.1993740060554545,14.526955179481462,1.665711270680242,,
2015-05-23,369.91229492236255,329.8583094551673,92.16706388165731,6.9387956,0.7888564,21.987564,2.2349877,14.032493576240352,1.133057051527929,15.12825763068378,1.5993967006517016,,
2015-05-24,389.01391066062985,328.2950320980332,91.59558391334072,7.5449877,0.75761104,26.418034,3.1479137,16.182726381046525,1.498165983469026,17.381264213356552,1.9645179165918252,,
2015-05-25,409.198325341456,329.32074321214026,90.99344560314309,7.5506673,0.70900756,33.667694,3.9018164,19.196783201447293,1.78369817593731,20.539382646734662,2.2500762283374347,,
2015-05-26,427.5906787920184,330.0508362460415,90.32263457984692,7.514265,0.62562776,37.311546,3.7937775,20.494833580304725,1.6899771936666357,21.899475396538236,2.1563696949322764,,
2015-05-27,445.4585015581032,300.4730494755731,89.67151073482036,7.269902,0.59853023,39.1306,5.662488,20.103896175505795,2.3087756489061184,21.489852520142584,2.775163595833164,,
2015-05-28,404.6092336958158,240.02556371595887,89.07868779312412,7.2316904,0.6721702,39.08513,6.931221,19.09211049817465,2.6150517023771696,20.429706946051326,3.0814286735848455,,
2015-05-29,435.87081201989287,287.9320004696389,88.34121111002683,7.7002726,0.6340987,38.544483,3.8432446,19.97023768712543,1.575824573424534,21.349805612906323,2.042211003342309,,
2015-05-30,449.82011228432833,292.7927997951357,87.68746176475184,7.4738374,0.5723407,39.711346,4.4693966,20.184241624143535,1.7959445597125903,21.57403820657803,2.2623334283813277,,
2015-05-31,404.8979887845144,285.5509751860679,87.17760040599363,7.0176926,0.54639924,36.91535,9.454031,19.382554003759886,3.9230384642911136,20.73403265837208,4.389418466415126,,
2015-06-01,738.4398609955829,596.7191668178889,86.70441107711925,6.590466,1.092475,34.000896,7.8777976,18.840938714055703,3.5722735318317764,20.166530009239285,4.038647959718075,3.1909157560017176,4856.809084243998
2015-06-02,216.1493716646221,414.090230495358,86.43379116540018,6.87903,0.75304645,20.094845,1.1472079,15.562298767418659,0.7967759493258145,16.731182280622974,1.2631237952805814,3.253286664622084,4853.555797579375
2015-06-03,209.74349795648973,360.29451049535805,86.28293768008575,7.2256527,0.62808806,21.239962,1.2111769,16.08344550991763,0.7996514922930474,17.27723805596238,1.2660027418011188,3.314767956489719,4850.241029622885
2015-06-04,188.72161086520154,296.74255049535805,85.92667693896352,7.0823245,0.56752855,23.838516,1.7697988,17.324635815253263,1.1040668786191041,18.57775301509625,1.5704274849780644,3.4580608652015177,4846.782968757684
2015-06-05,174.09893010021037,243.8026904953581,85.66626651415474,7.058358,0.45838314,25.094278,3.135718,17.580465884171048,1.8393097288126272,18.84581088679696,2.305672482760567,3.5875421002103494,4843.195426657474
2015-06-06,164.83252706170674,282.82760049535807,85.3527676950386,7.0769434,0.5218669,24.158985,2.4452622,17.86922213668211,1.556798888978402,19.148368701114183,2.023164156829859,3.718237061706769,4839.477189595767
2015-06-07,184.1018680456542,236.0743992732656,84.99072499492398,7.410604,0.5447424,25.492447,2.2656298,17.56981700716782,1.2951188187054377,18.834653029874342,1.7614814817675528,3.800655679161624,4835.676533916606
2015-06-08,439.2842693478306,195.46417104304808,84.52031448991207,7.104365,0.4886892,33.164112,11.721787,15.12919260473101,3.6254116865949344,16.277375123858207,4.091756940311651,3.9953524730419425,4831.681181443564
2015-06-09,615.4536655583023,600.9009385386639,84.2672708051867,6.9532804,0.6471072,29.90358,4.6947665,18.29113893231091,2.342296555901257,19.590451677323625,2.8086656683877975,4.201698327716093,4827.479483115848
2015-06-10,160.49735759656028,440.1333804953581,84.22369116171954,7.764167,0.61905,23.381859,1.53266,19.20858207213131,1.135227405446155,20.551745463104954,1.6016055805056548,4.205963596560267,4823.273519519287
2015-06-11,179.8818544472704,294.75445527732995,83.8825964895749,7.6975,0.5945473,29.366543,1.9856368,21.154217958507363,1.253520772557683,22.590376094026222,1.719921351424052,4.375517691892535,4818.898001827395
2015-06-12,359.9108629938263,393.6709147713204,83.36344418149181,7.5406637,0.5475245,34.65017,2.4780447,21.70266206422071,1.3206773774318021,23.16503395323028,1.7870850535225793,4.5960826491844715,4814.3019191782105
2015-06-13,446.0857831587382,454.53265232722606,82.9364343027533,7.4245057,0.59744376,35.699844,2.6620212,21.694771747279642,1.3756980397926317,23.15676650611113,1.8421056113395393,4.837644854277455,4809.464274323933
2015-06-14,370.1600356641789,825.5465937040199,82.60170658013553,7.6531606,0.5773357,27.985304,1.4505082,21.690994968306757,1.0172916432029158,23.152809210013615,1.4836991647340438,5.014707767280389,4804.449566556653
2015-06-15,315.07378837489864,232.99678365457925,83.34892856069283,7.3077736,0.55051273,33.979744,4.1870394,18.646611372109096,1.8079174158529414,19.962914484622416,2.2742899255107654,5.405518550263822,4799.044048006389
2015-06-16,128.47127344788134,759.0117,83.91927399430094,7.294783,0.51172376,22.958864,1.2755635,20.691345278056737,1.0934261434112402,22.105379681701162,1.5598209999902877,5.671273447881338,4793.372774558507
2015-06-17,128.73060509950193,822.973330495358,84.33469033530075,7.5243692,0.5248082,22.12026,1.225819,20.145972006800793,1.0623849572326536,21.533939432344447,1.528773385942901,5.930605099501937,4787.4421694590055
2015-06-18,129.14336066223814,595.905130495358,84.59683547535924,7.3277464,0.496647,22.40842,1.2558846,19.722298231197,1.0359741322264349,21.090015498523144,1.502357802147519,6.343360662238142,4781.098808796767
2015-06-19,155.2375143589943,718.8717444223329,84.78454531081364,7.2236834,0.47584707,21.717545,1.2257762,19.143505940577516,1.0116203164038389,20.483558914914514,1.4779978169233523,6.776624223953746,4774.322184572813
2015-06-20,248.46087955056498,791.7211230030255,84.76417871913871,7.2126713,0.442197,22.095724,1.1867101,18.540715091595636,0.9094038961931625,19.851956723888737,1.3757753787130447,7.229038645613502,4767.0931459272
2015-06-21,693.5349234487722,1061.243167302982,85.31331705199133,7.0577326,0.5981713,27.420067,2.0415554,19.372331338784203,1.2571085991549003,20.72332138495499,1.723488492962804,7.7745102701705475,4759.3186356570295
2015-06-22,319.9135759475405,755.255030495358,85.94233407592063,7.762772,0.65100986,24.993694,1.3914655,19.866678959245288,0.9964479210813154,21.24129713183131,1.4628331896627773,8.050275947540491,4751.268359709489
2015-06-23,176.638604306998,566.470990495358,86.4121557409083,7.611988,0.61529255,25.757828,1.4276485,21.444526168492814,1.0980774295834062,22.89456004408001,1.5644817223907335,8.675640306997998,4742.592719402492
2015-06-24,132.27764202500862,574.8904773971553,86.84510125032678,7.4364195,0.56462437,24.050907,1.3242173,20.943123866544248,1.081687379093262,22.369192426056326,1.5480853179158,9.476412890010332,4733.116306512481
2015-06-25,133.07476534756978,805.8013672293133,87.14577197928497,7.576229,0.5796345,21.799305,1.2074852,19.783349483253016,1.0395896088840586,21.15398479173417,1.5059739518887358,10.265948076887055,4722.850358435594
2015-06-26,262.48373332073265,827.4602148195099,87.28327734909476,7.4409647,0.5515344,23.076778,1.285589,19.311312523534045,0.9849858182100535,20.65938607891826,1.451365067967248,11.309718399907224,4711.540640035687
2015-06-27,321.81901343253185,1019.42196795443,87.32785044811602,6.876519,0.459312,20.2641,1.1340474,17.05186670259503,0.8689596665774151,18.29194647126752,1.3353180655934795,12.80928615426685,4698.73135388142
2015-06-28,1219.3267886613214,1475.5234242396657,87.72218884577686,6.4716682,1.0942329,23.281425,2.8878267,15.675590017554004,1.6568861811668085,16.849888465248025,2.1232347405926673,14.468436206441266,4684.262917674979
2015-06-29,712.4732615761669,1721.398230495358,88.1959278295861,7.2224417,0.8295401,18.168472,1.2344965,14.964213494847678,0.9062589379390128,16.104510576475327,1.37260326064238,15.724361576166961,4668.538556098812
2015-06-30,728.9723779795346,3433.6974304953583,89.01899416445747,7.3739157,0.72187644,16.883854,1.1092868,15.218460640186057,0.9237182247119093,16.370909866260494,1.3900639951662521,17.703777979534628,4650.834778119277
2015-07-01,2202.3416563702704,8310.429530495358,91.24532435076144,7.199971,1.9624565,17.269997,1.4076681,15.160406686061958,1.1862892808534453,16.310081131576776,1.6526347142200055,20.475256370269975,4630.359521749007
2015-07-02,804.5871415225648,6616.562490495358,92.62638253645792,7.402025,1.3136251,16.265215,1.2354829,15.30428449593173,1.1107030441633134,16.460835808936636,1.5770493200112725,23.621141522564812,4606.738380226443
2015-07-03,313.37784033082346,4001.5763404953577,93.42611832077736,8.404719,1.0380057,15.559797,1.2099581,15.040152633423586,1.1246131972826783,16.184079346290204,1.5909579446607292,26.474170330823497,4580.264209895619
2015-07-04,579.6689302507891,2971.628130495358,94.02413971638208,7.254153,0.81300586,15.474951,1.2069246,14.13309143310717,1.018602907681597,15.233663721232263,1.4849430136000832,33.62470025078913,4546.6395096448305
2015-07-05,409.45329428389306,2175.946230495358,94.44023640788711,7.805033,0.9264118,15.176657,1.2616023,14.009202523409572,1.0718891831996378,15.10385334514417,1.5382287282135,40.551764283893085,4506.087745360937
2015-07-06,263.5916289437261,1454.341630495358,94.6490200728864,8.092604,0.82364184,15.971568,1.306275,14.762656727878237,1.113043951400047,15.893320085032087,1.5793871789206042,50.887728943726096,4455.200016417211
2015-07-07,213.52748478245218,1288.851530495358,94.79263286193878,7.8710985,0.74695,17.181507,1.3136429,15.858253717957671,1.1319290531581063,17.041282866126362,1.5982787938528977,67.6016987824522,4387.598317634759
2015-07-08,214.90643189905416,1002.727030495358,94.88922389303656,7.773864,0.7161293,18.347946,1.2590511,16.48167164029063,1.0445100960552052,17.694498034099283,1.5108641556874023,92.10643189905416,4295.491885735705
2015-07-09,249.9581660883291,910.507030495358,95.04060104817336,7.5939603,0.6630939,19.352058,1.2578305,16.819425245274033,0.9971819623671162,18.04839510684795,1.4635385475318712,127.15816608832911,4168.333719647376
2015-07-10,283.9828760866482,916.892380495358,95.32940608451426,7.696789,0.7404163,19.370333,1.2329574,16.60977406602016,0.9575325346092062,17.828723317882446,1.4238875367629658,161.18287608664824,4007.1508435607275
2015-07-11,280.58287089872135,690.1487904953581,95.36140262388912,7.9645653,0.78795934,21.118437,1.3328301,17.316406668612906,0.9745715610225945,18.569130543376414,1.4409320995436907,157.78287089872137,3849.367972662006
2015-07-12,233.5556812168025,615.909160495358,95.29648061297446,8.050785,0.7877975,22.243475,1.6281418,18.341273016110755,1.2001999213679233,19.64298199895431,1.6665695042226074,110.75568121680251,3738.6122914452035
2015-07-13,279.3570074588055,578.0440277697159,95.0397277388181,8.02948,0.78592026,24.403454,2.081344,19.068512363100453,1.4263769782108604,20.40498090078677,1.892753707397631,70.87639700050009,3667.7358944447033
2015-07-14,171.84364682267102,540.9069004953581,94.93449004807984,7.9257298,0.7073355,22.850307,1.4767164,19.252002459934218,1.1335825461691673,20.59724119701967,1.5999611739915869,49.043646822671036,3618.692247622032
2015-07-15,178.51400758850346,646.973980495358,94.89841319268145,7.685801,0.7728832,20.836525,1.2516463,17.99264538418764,0.9951110039077423,19.27769115794921,1.4614773753655153,36.92187258850348,3581.7703750335286
2015-07-16,151.2456527030841,543.419430495358,94.77557876400874,7.9630146,0.8053924,19.970453,1.2367935,17.356138909559284,0.9832754887943049,18.610761849622158,1.449636355568134,28.445652703084104,3553.3247223304443
2015-07-17,145.88792414175055,464.12196049535805,94.5823972202422,8.077439,0.7874156,20.84008,1.7120169,17.787809729062555,1.316118832994245,19.063065058704804,1.7824833824200215,23.087924141750563,3530.2367981886937
2015-07-18,389.5045787933907,523.7406598592294,94.20972184241792,7.9471684,0.78232145,26.403698,4.0193243,18.53187724477991,2.3290827228481703,19.84269645820589,2.795454120225355,19.565939458811584,3510.670858729882
2015-07-19,139.37564172945125,568.876880495358,94.14378438273305,8.137121,0.7885242,23.09858,2.604953,20.154343031633136,2.098075470604776,21.54271056354886,2.564463995407644,16.57564172945126,3494.095217000431
2015-07-20,137.29146794501412,707.297230495358,93.98132720078324,8.164891,0.80084455,22.633568,1.5548064,20.281623190406595,1.3085575480342972,21.676074278826235,1.7749475437812208,14.49146794501412,3479.603749055417
2015-07-21,291.5852705320114,542.413512554447,93.58101537058438,7.853615,0.7862387,26.052227,2.0993102,19.689571135040442,1.3927396742731195,21.055724159042285,1.8591229851360165,13.110197658276027,3466.4935513971413
2015-07-22,349.721823779564,526.186169478863,93.06984992605082,7.908918,0.7885383,25.87256,1.8739882,18.700257132286925,1.1689610515054627,20.019124328757886,1.635334086392158,11.730396100216323,3454.763155296925
2015-07-23,420.41816171304004,487.03229900986463,92.45305861988182,8.013219,0.8230595,27.43309,2.7644107,18.43594165061356,1.531888611922419,19.74217547057781,1.998259090815095,10.551853073417949,3444.211302223507
2015-07-24,490.59257576433976,477.3009002528794,91.71919809406448,8.106531,0.84241253,29.786608,4.4165907,18.797707739287144,2.2194308093382618,20.12123274165448,2.68580480675185,9.57047378810096,3434.640828435406
2015-07-25,631.1367965858362,501.8392183711194,90.90767127118612,8.223834,0.8503488,33.243195,8.966459,19.305883589525912,3.9997435203603557,20.65369766042242,4.466122713021647,8.726822352924506,3425.9140060824816
2015-07-26,538.5355583947423,757.7560686588346,90.33987501322495,8.194637,0.8346873,27.895226,1.9953023,19.71074985619794,1.2168234460370189,21.077915150675274,1.6832069891178039,8.075034425160258,3417.8389716573215
2015-07-27,421.22324917586275,570.5111194916642,89.9171507377207,8.367153,0.87946665,27.524002,1.8943133,19.387438096256435,1.1519775089002608,20.73915019379453,1.6183575628167475,7.434076050070636,3410.404895607251
2015-07-28,313.1119701478282,470.2687005337082,89.45385455725003,8.417502,0.86175704,27.88634,2.2620764,20.10477644273723,1.4009418746880302,21.490774861138636,1.8673298316737172,6.909568939760129,3403.495326667491
2015-07-29,386.9991505740694,452.4946831534761,88.83847528788337,8.460336,0.84090424,31.937487,4.6119175,21.114730009053936,2.5159085181873304,22.549000755571726,2.982308599324862,6.440755649831329,3397.05457101766
2015-07-30,174.59120490295396,690.805890495358,88.6054838659792,8.10442,0.7909787,24.78196,1.5021397,21.41731711875437,1.2096595209400656,22.86605049477355,1.6760634615673171,6.18040490295397,3390.874166114706
2015-07-31,159.92880663895474,535.480638693965,88.32493299422153,8.369519,0.82086,24.377243,1.433993,20.69582027322327,1.1202273466832462,22.11006856633965,1.586622257412016,5.757282222669157,3385.1168838920366
2015-08-01,372.61838493974415,513.4631892541994,87.81960114804734,8.162118,0.80336076,29.11107,2.016075,20.301537584029248,1.2161330012320481,21.6969405123901,1.6825232288002376,5.52258716430254,3379.594296727734
2015-08-02,392.88057411588073,506.4337236974628,87.45648493578052,8.395461,0.83893913,29.249155,2.2131026,20.13886815577087,1.299045138163123,21.526496041518595,1.765433485389729,5.169048560702944,3374.4252481670314
2015-08-03,376.920104870607,499.212882758986,86.9291856183128,8.386631,0.82992136,29.882458,2.2883546,20.634764316253445,1.3518844874004288,22.046094343336016,1.8182786612958404,4.910501778739987,3369.5147463882913
2015-08-04,333.04149621788275,481.7789498576326,86.43068415560712,8.337868,0.8204141,28.864243,1.7410722,20.474499004843153,1.0826815855183718,21.87816889787987,1.5490738455823576,4.696270054299311,3364.818476333992
2015-08-05,344.8204893593158,500.0101238058551,85.92185974190632,8.222281,0.8213754,27.285831,1.5905318,19.504978655706356,0.9992657929919554,20.862308790193854,1.4656471015727965,4.526278452678297,3360.2921978813138
2015-08-06,349.3552323434835,518.4646803219956,85.39898096705379,8.275041,0.81108296,25.719437,1.4575944,18.69690704534599,0.9300171538293391,20.015614119112875,1.3963901558200458,4.32093968735056,3355.9712581939634
2015-08-07,347.2645468324101,532.4395067150701,84.88259371337482,8.373759,0.83713156,25.475588,1.4601042,18.724614348477186,0.9434905680333279,20.044645736621064,1.4098638424801733,4.115083025597117,3351.8561751683665
2015-08-08,348.636554539057,543.076012835082,84.44451914856445,8.405473,0.8419768,25.611174,1.4762696,18.884189519937443,0.9574565628516876,20.211848055796686,1.4238314235466656,3.9406153215439406,3347.9155598468224
2015-08-09,361.62247893769853,537.3783633837929,83.98715331547011,8.523816,0.86451477,26.526472,1.5328072,19.284915935605557,0.9800101251460772,20.63172782431901,1.4463890976077398,3.7581507364678037,3344.1574091103544
2015-08-10,368.4617073419665,533.1390279911698,83.45658008909179,8.490291,0.7897244,25.851658,1.3472193,18.756500599853446,0.8595370114777562,20.07805604181541,1.3259106005602976,3.6282932611032934,3340.529115849251
2015-08-11,367.5809219106329,642.772430495358,83.31810144018085,8.377628,0.78581476,23.178516,1.3972558,17.793742768101254,0.9337569052136119,19.069281676728476,1.4001215067395802,3.5226219106329704,3337.006493938618
2015-08-12,197.8552036781958,464.6748304953581,83.21546769063495,8.581292,0.8720327,21.788168,1.2353517,17.844121696273405,0.9047220821757203,19.1220685454555,1.3710871277195955,3.3569536781957803,3333.6495402604223
2015-08-13,300.3095441894855,562.5978915153223,82.92777548205336,8.628518,0.8829893,23.210627,1.3085759,18.13575278020264,0.9068197388345612,19.427638598305567,1.37318741171554,3.233533730917106,3330.416006529505
2015-08-14,322.9070504034598,505.05758227593344,82.47886434169372,8.750496,0.89685977,25.319878,1.49225,18.857801872653294,0.9751597951449847,20.184199169174015,1.4415343915256718,3.101762264559395,3327.3142442649455
2015-08-15,307.7852806670393,495.836331725034,82.11594547751591,8.736498,0.9039927,26.595882,1.6610068,19.75577807136486,1.081748741317357,21.125095560605917,1.5481327798224127,3.000945566320202,3324.313298698625
2015-08-16,313.5721440883545,508.6436099360664,81.78738548036655,8.801889,0.9199242,27.189919,1.8376232,20.17719262251295,1.1897063286353118,21.56665228676531,1.6560951161408948,2.8935852785651326,3321.41971342006
2015-08-17,328.35255378940144,490.0776617788016,81.30822441200786,8.870016,0.93275535,28.893066,2.6750898,20.859858958262905,1.644980561988639,22.281947739785984,2.1113774734711384,2.789128124531589,3318.6305852955284
2015-08-18,350.00610905417244,521.9449136270384,80.79912304786785,8.74368,0.90889424,29.10626,2.357535,20.93260453748975,1.4576041265753397,22.35817030903155,1.9240019351707303,2.729491808971193,3315.9010934865573
2015-08-19,408.51205365263894,564.9666981283565,80.24239118880003,8.942295,0.8717925,28.763033,1.800899,20.44542936551606,1.10734520055489,21.847709829162532,1.5737371166259364,2.6238819871039567,3313.277211499453
2015-08-20,343.96244018484657,548.7048595211459,79.7637935188104,9.056432,0.96523273,26.182133,1.4180123,19.583260004547547,0.9476578311672657,20.94433171991825,1.4140399841112559,2.53960516552614,3310.737606333927
2015-08-21,125.21263788695423,397.5702004953581,79.81446418261851,9.431192,1.1087153,22.412186,1.3054974,19.30308511991334,1.0277156640750702,20.65076543352846,1.4940948273181218,2.4126378869542227,3308.324968446973
2015-08-22,125.16667168065112,329.484790495358,79.73755081763781,9.343715,1.0733765,22.725346,1.2889696,19.041349538876535,0.9797394880129956,20.376519786416416,1.4461159394079406,2.3666716806511263,3305.958296766322
2015-08-23,270.56561812543936,470.1594495477214,79.41868258837368,9.312645,1.0482378,24.26722,1.3739377,18.80474244774695,0.9524311780551347,20.12860368513172,1.4188052453712978,2.3135072040969415,3303.644789562225
2015-08-24,319.14364833874356,500.2346977470715,78.95518990998156,9.2024145,1.0052426,25.007824,1.4269567,18.851698323321912,0.95510651987993,20.177803891048534,1.4214810552372354,2.273507159876367,3301.3712824023487
2015-08-25,305.1875317795414,531.49235859833,78.74563534477058,9.265061,1.0163974,24.279469,1.3683709,18.80281024167062,0.9450045616650821,20.126579126209858,1.4113786097756402,2.209705637463757,3299.161576764885
2015-08-26,404.6507759856719,488.1685139864296,78.36462912690453,9.196797,1.0110524,25.136944,1.4445894,17.912421787610192,0.9131602843996619,19.193633147686008,1.3795259365453565,2.1693697408833055,3296.992207024002
2015-08-27,350.2940574443199,451.1424401913339,77.97868379032569,8.996216,1.0125762,23.170395,1.3060173,16.975105920075308,0.8581176096896312,18.21151678573696,1.3244754028717771,2.1467831959326147,3294.845423828069
2015-08-28,333.02712823462167,443.7935357330385,77.51904338877672,9.1175785,1.0467415,22.326382,1.2263554,16.66369788327528,0.8320010264122739,17.885224509273012,1.2983564309264168,2.080537595528203,3292.764886232541
2015-08-29,329.49990626121746,455.40422649965353,77.1371258763478,9.231283,1.0327762,22.789913,1.2263192,17.098049516514024,0.8332010292876626,18.340336665823788,1.2995597960477978,2.0196677778571916,3290.7452184546837
2015-08-30,333.6461821126119,455.86325928739154,76.74278659570456,9.270138,1.001679,23.486061,1.3120714,17.478421049542128,0.8678331581854649,18.738888657895593,1.334195046535807,1.9709593165110326,3288.7742591381725
2015-08-31,328.7139565716237,457.0186489874365,76.26346301738305,9.492528,1.1287992,24.949661,1.4965793,18.483116012774996,0.9903249915830403,19.791604605993072,1.4566959208064814,0.0,3286.8748831145813
2015-09-01,328.23727027546005,475.9059920287981,75.82762326508892,9.593849,1.0926063,25.94006,1.7351716,19.267821319853624,1.1195687152185363,20.613816144369157,1.5859475085267132,,
2015-09-02,346.94334808418955,481.55805153935313,75.35862759098906,9.600133,1.0506505,26.128948,1.7482805,19.20733949494263,1.1073284199852154,20.550443494974193,1.5737065821195608,,
2015-09-03,379.7775277403583,519.5942426210768,74.84657923898337,9.62644,1.0432814,26.294184,1.7441732,19.255899122320294,1.0997557593001586,20.60132410654773,1.5661344278601521,,
2015-09-04,391.9188425057379,527.1583768567976,74.32464865357726,9.650992,1.0567821,25.756767,1.7107048,18.888838751347652,1.0797495810288378,20.216719504575703,1.5461244883757679,,
2015-09-05,411.9676373927088,525.3076407010309,73.85323911001561,9.632788,1.0976564,25.450466,1.834646,18.49800323180401,1.1358113076247607,19.80720338320226,1.6021823794911996,,
2015-09-06,418.2255529862372,525.3202982546163,73.37612087724261,9.665507,1.0653746,24.957104,1.8722624,18.1791221851439,1.1443611839132115,19.473080912552124,1.610729255820943,,
2015-09-07,411.3241990768397,529.1598588724611,72.84003727830837,9.701653,1.0308129,25.114845,1.9793854,18.37382812718548,1.201483013538112,19.677093133054324,1.6678529033705705,,
2015-09-08,396.4228815467063,548.9008351776491,72.31746646597482,9.785973,1.0414348,25.418633,2.1054506,18.863053736835074,1.2981920119411687,20.189702054511084,1.7645666608641724,,
2015-09-09,407.4710626247729,542.8462597303134,71.78125901171649,9.753879,1.0368403,26.165932,2.1556804,19.128875170599738,1.3091762212051936,20.468228844144587,1.7755535707376786,,
2015-09-10,246.441077050256,489.1417475138286,71.41053350070429,9.581874,1.0654826,21.464096,1.4351374,17.483215150263135,1.018902821289324,18.74391190024325,1.485264750039155,,
2015-09-11,135.602828045445,278.4255829872053,71.25510142337171,9.929866,1.1140788,20.881775,1.4781637,17.294799221037504,1.0588886005144573,18.54649033366827,1.5252489612808362,,
2015-09-12,184.2935255560536,363.51584820011016,71.01721470532677,9.980578,1.1683774,20.545639,1.3566768,16.991351065244753,0.982332157973353,18.228538393314256,1.4486900788080712,,
2015-09-13,145.2617120988,401.961230495358,70.91507763604737,10.060805,1.1726727,18.970036,1.1721954,16.605057887966392,0.915575765288732,17.823781722639154,1.38193073241018,,
2015-09-14,153.93044501230935,382.4538633613727,70.7369247918629,9.894477,1.1980584,18.98508,1.1994182,16.376278278476068,0.9217356663211975,17.584067229859166,1.3880889645866525,,
2015-09-15,300.618273369766,477.2059398748182,70.29782981652771,9.950728,1.1583949,20.6217,1.45869,16.497517619058517,1.0006657990335288,17.711101396485503,1.4670199742363694,,
2015-09-16,344.1178878751747,506.72843040389967,69.78635350071157,10.020869,1.1502253,21.98066,1.589484,17.14361939326107,1.0547600906734294,18.38808462690651,1.5211192226876769,,
2015-09-17,320.7227166270566,487.38894478485895,69.31641969083991,10.062594,1.1730623,22.437756,1.6315846,17.526311413111546,1.0886182714092119,18.789068017138614,1.5549805645077541,,
2015-09-18,312.63094112647,491.1300179001479,68.84552272849244,10.07967,1.1508571,22.16983,1.6076987,17.467240363951678,1.0795491274078841,18.727173573753184,1.5459109216416416,,
2015-09-19,313.11133354048604,496.15748103755664,68.45062527561282,10.057964,1.1725107,21.768631,1.557294,17.23769838227572,1.0570619550907818,18.486660270003124,1.5234218486840976,,
2015-09-20,311.0511600915875,511.9081507117305,68.05683476765755,9.9841385,1.3200017,20.683937,1.40219,16.639770224400355,1.0048214901139692,17.860153190096476,1.4711767156780124,,
2015-09-21,331.4076237935879,509.6660287559016,67.63573504545717,9.899262,1.1653278,19.063501,1.2749835,15.45252312993234,0.8987519121624417,16.616159742914054,1.365099080788796,,
2015-09-22,345.91212459423286,504.91460095982814,67.1313577749508,9.656431,1.2708174,17.986435,1.3136503,14.599788508424243,0.9352404215707939,15.722667321425348,1.4015827980681794,,
2015-09-23,335.9375823909132,511.08100766337,66.66641437636015,10.007421,1.3440682,17.417673,1.1790471,14.478679371185972,0.888982557957416,15.595769581417963,1.3553243212993538,,
2015-09-24,341.27303621153743,517.7430617358508,66.16349992927788,10.161755,1.3999413,18.311802,1.1580689,15.073921508913987,0.8924770263926467,16.21946225859592,1.3588219647349864,,
2015-09-25,376.67266885284187,543.8150460215752,65.62597787552885,10.226727,1.6091995,18.703728,1.1795086,15.23485506848835,0.9587551767408714,16.388087892194086,1.4251010430867022,,
2015-09-26,390.104616149293,546.5650439570978,65.14126012837396,10.355137,1.9659451,17.928139,1.1856593,14.774131391654999,1.071942540309416,15.9053431985132,1.5382858289316699,,
2015-09-27,387.8943974096822,547.8013593839075,64.64700700393422,10.929292,2.036709,17.27785,1.1193258,14.646043017620826,1.068787302922682,15.771132638048398,1.535129918025823,,
2015-09-28,370.1653458182183,550.7338771322063,64.15420189672538,11.474915,1.8813767,17.670528,1.087642,15.18013479409609,0.9974903058397354,16.330752175737775,1.4638358533243419,,
2015-09-29,324.6956113785634,574.621157349668,63.63644432758133,12.284038,1.7199112,17.281645,1.1138523,15.477273778870385,0.9445200065111369,16.642093388265476,1.4108673266484957,,
2015-09-30,54.9368420988,662.5570234953581,64.30025526177542,12.443708,1.586709,16.042942,1.0245881,15.76735707149431,0.9539060244528538,16.946041670676696,1.4202551725578494,,
2015-10-01,215.70078727317724,223.39199778286263,64.69617127508052,12.499642,1.6369569,17.64942,1.5193423,15.119633188308214,1.1154096204464377,16.26735880000763,1.5817548193676763,,
2015-10-02,430.5222892284968,310.46836363777504,64.45692786546743,12.543556,1.6947628,15.617371,2.6797364,13.831456567785407,1.4933943630358397,14.917611740435325,1.9597331339681565,,
2015-10-03,46.09898389388464,332.03870964485384,64.47401791312967,12.426368,1.4949768,11.944547,0.86677325,12.003285782330352,0.7826214111565692,13.002060640724716,1.248954317557069,,
2015-10-04,86.96120199426082,334.82014783903594,64.45918231048431,12.558471,1.4966435,12.051109,0.8836178,12.155715072978767,0.7663096994500089,13.161775530412664,1.2326429487483088,,
2015-10-05,223.61373595378,459.01872928945664,64.27300185979658,12.534081,1.5690818,12.646321,0.8817808,12.609554265094541,0.7847010818760997,13.637306684539903,1.2510355094616312,,
2015-10-06,273.44977214204926,513.7645071586591,63.951866226135145,12.598709,1.4477208,13.684345,0.85346395,13.307234511191886,0.7504297303234002,14.368333661500088,1.216766428712738,,
2015-10-07,291.11363755998354,527.4788167862868,63.60112092563176,12.599622,1.4660996,14.652182,0.8920821,13.922235775233517,0.776064198009713,15.012729883686257,1.2424033597697135,,
2015-10-08,298.5317836949038,532.9880827330392,63.17640702156186,12.596232,1.4470885,14.801586,0.8994597,14.009821322248333,0.7760852998416691,15.104501720452168,1.2424248476135102,,
2015-10-09,290.8361309878758,545.1183955226663,62.764608671506686,12.692035,1.4665146,14.763824,0.9441083,14.043030097247199,0.7995849803155853,15.13929776137746,1.2659246767409351,,
2015-10-10,302.1518013878635,460.4651885105883,62.53025961996832,12.486421,1.6640857,13.95324,0.9991353,13.372080730399311,0.893665899451894,14.436279308319916,1.3600028371794304,,
2015-10-11,300.5910169623688,466.7007737076407,62.22513793420376,12.493094,1.5612408,13.008072,0.9607773,12.80632648934288,0.8459277256676933,13.843483948475113,1.3122627373392632,,
2015-10-12,306.0277987761966,485.8623038001848,61.80142663195025,12.543975,1.4170216,13.536406,0.86678386,13.152878382528069,0.7633501647773645,14.20659983752617,1.229686312809421,,
2015-10-13,314.34094432755444,502.2187705108714,61.35671476129323,12.681054,1.3520098,14.550249,0.86494535,13.8306881100539,0.7442351881584727,14.916806553051094,1.2105739558226132,,
2015-10-14,329.50477002659534,523.6646004746257,60.89790772916504,12.699601,1.4376806,13.750145,0.93098384,13.344411700506177,0.7967627161742857,14.407287793379737,1.2630995511911014,,
2015-10-15,329.99538217392035,524.6070604955847,60.55618488574489,12.766137,1.4680352,12.486933,0.907859,12.594744466392962,0.7949334437698421,13.621789028085152,1.2612678291868833,,
2015-10-16,335.3300055930471,549.8615302559275,60.22446803173453,12.660329,1.5476484,12.149904,0.93522954,12.34326431128878,0.8253629625195495,13.358288981208895,1.2916966701845025,,
2015-10-17,354.3276061577948,576.3905682017285,59.99636175932505,12.498071,1.6966231,9.6513195,1.0163535,10.735087469687866,0.9018729692922033,11.67324678385698,1.3682040531416342,,
2015-10-18,369.0027170514254,607.2055617961876,59.74881470076156,12.58216,1.7239497,7.1649213,1.0616311,9.212615251364344,0.9277337016247008,10.078005597808518,1.3940650272934274,,
2015-10-19,380.6456750893753,600.0258099598835,59.47972571112392,13.010375,1.700838,5.812482,1.097724,8.606329704147793,0.9417748854038265,9.442741673918482,1.4081070454700713,,
2015-10-20,377.7203997533861,598.9200795311693,59.07647175623237,13.849085,1.20536,6.9570613,1.2335957,9.622584531574253,0.8885999456777316,10.507570008202585,1.3549309453955871,,
2015-10-21,368.43777313340735,597.5662290932079,58.66832998133367,13.956114,1.099306,11.029449,0.9022615,12.145690901050303,0.6980763228947345,13.151272237331936,1.1644095488267696,,
2015-10-22,362.6136720425296,581.8741220384161,58.259373388757176,13.835204,1.1946102,12.695972,0.84743404,13.133353408312452,0.6949260270580229,14.186141636285832,1.1612621074152307,,
2015-10-23,332.5245171994342,534.1653058830678,57.89494540918805,13.480018,1.4725872,10.096081,0.9218887,11.394402218631937,0.801279786206761,12.364074524045858,1.267611587988209,,
2015-10-24,285.8812467031697,468.5021434470208,57.602011224479874,13.655959,1.5092856,7.5754857,1.4513894,9.879742859138394,1.0675234508315223,10.777019624772526,1.533854344204422,,
2015-10-25,228.7212629280424,443.96534541908295,57.40709433548923,13.952739,1.3408653,7.0657697,1.2403947,9.407419183997911,0.9370352844591546,10.28212049251804,1.4033664312759981,,
2015-10-26,267.73537607811375,417.9081410370602,57.17200562224776,13.777934,1.4130237,6.877441,1.274199,9.57199878809633,0.9526898579658027,10.45456643910513,1.4190208875056909,,
2015-10-27,264.82395454840514,487.7286665430628,56.86828540773098,13.942574,1.3012553,6.737925,1.2175131,9.27324743679167,0.9123126200649632,10.141535794438514,1.3786438854141536,,
2015-10-28,305.15580740720003,464.3148704953581,56.80842976807183,14.049126,1.3530667,6.4349732,1.5619552,9.454585162325262,1.0845621082477437,10.331540843380607,1.5508932182877404,,
2015-10-29,1283.8718474072,4434.940670495359,58.53432412899542,14.606679,1.4825976,9.566307,0.8173445,10.697869180807146,0.715926832608938,11.63424958799212,1.1822578907566301,,
2015-10-30,38.7789474072,587.241410495358,59.30479088263437,13.343685,1.4820913,8.411496,0.6972635,8.717021525836357,0.6604832667388689,9.558724186302694,1.1268152430934086,,
2015-10-31,38.7789474072,382.720548495358,59.68222642968778,13.199789,1.2390369,6.7179456,0.873406,7.314290457564601,0.801201542907673,8.08894736796383,1.2675368837995207,,
2015-11-01,270.9195257895183,227.6237277383087,59.895378973951466,13.5123625,1.0518118,5.37345,2.3658822,9.796316519577692,1.2221100235182278,10.689605791359497,1.6884409431022966,,
2015-11-02,235.4966008556992,360.9048013542504,60.04526733330854,13.304471,1.0886071,7.2403965,1.1765498,9.634872653834291,0.83167216049112,10.520445460701808,1.298003153406548,,
2015-11-03,197.69269775725533,437.8034343310799,60.1400613461353,13.459577,1.0074428,8.234318,1.0514473,9.859812352791014,0.789249555320027,10.756136508350767,1.255580454231032,,
2015-11-04,224.35810377510063,482.5548993074592,60.13836677148719,13.494732,0.9564481,9.364773,0.97966665,10.675527853830681,0.7344129635687681,11.610840421956185,1.2007440070492459,,
2015-11-05,221.70648482656745,518.185925353547,60.09110468246471,13.487073,0.8828541,10.607515,0.7614769,11.470365915365766,0.595311298260041,12.443669025814657,1.0616432147012849,,
2015-11-06,229.85976410167555,531.1212039526645,60.00547263772577,13.358939,0.89024466,12.077254,0.7542467,12.464396412563522,0.5911251551990282,13.485210782855196,1.0574591802917195,,
2015-11-07,233.05352381910927,508.213342028108,59.89447333470481,12.824016,1.0354086,11.441605,0.75869447,11.876233181222721,0.6136276585071057,12.868935359591731,1.0799602994029178,,
2015-11-08,276.0767383789416,513.0596511806796,59.70635062187751,12.634732,1.2071073,7.79411,1.0978279,9.487585459397351,0.829329639220007,10.36611844184687,1.2956607250415366,,
2015-11-09,279.6108066102788,514.5095711402481,59.48797368161366,12.972047,1.1400603,6.0198455,1.3335773,8.467724530536215,0.9527177409450196,9.297511646806353,1.419050150810694,,
2015-11-10,136.45796106584064,595.6443788357716,59.420682366187705,13.068118,1.1463429,7.118452,0.798533,8.227421747974821,0.6839264079735266,9.045723212672494,1.150259302993375,,
2015-11-11,38.7789474072,3331.020180495358,60.95827554777824,12.579915,0.95737076,9.645596,0.6859635,9.679363088926893,0.6781590897799784,10.567062386508892,1.144490059511155,,
2015-11-12,38.7789474072,2870.445320495358,61.786181251030015,12.263911,0.882604,9.468428,0.6899185,9.505690481809788,0.6808237954959394,10.385088822441698,1.147154868559588,,
2015-11-13,100.7236534072,2544.0293344953584,62.38439876201428,11.734275,0.92333424,9.157944,0.7331974,9.256061578502482,0.7061501493894377,10.12352851087002,1.1724814314088605,,
2015-11-14,38.7789474072,1888.107230495358,62.83341809118036,11.161384,0.9720343,7.3047204,0.69048035,7.382336475907467,0.6768670624112316,8.160245753379806,1.1432021881525205,,
2015-11-15,38.7789474072,1289.691919495358,63.1290510671594,11.569219,0.9230535,6.808163,0.63102454,6.947141539042369,0.6131967781667015,7.704249986172027,1.0795333712987973,,
2015-11-16,38.7789474072,1045.201280495358,63.4129037513052,11.434822,0.94651634,7.3426743,0.6575794,7.4890691630333235,0.6349583051127842,8.27207989810284,1.1012931040505745,,
2015-11-17,38.7789474072,843.633160495358,63.67210943191518,11.006499,0.95698106,6.589537,0.64412004,6.783647289357811,0.6172475982202242,7.5329412702296805,1.0835847985983036,,
2015-11-18,38.7789474072,757.279030495358,63.896645407951645,11.264095,0.8495318,6.185873,0.6463093,6.433252142161198,0.6162163795194409,7.16579843276296,1.0825549842983904,,
2015-11-19,310.4756074072,1291.110430495358,64.1066417251396,11.182412,0.9443655,7.31408,0.6548481,8.063976073303534,0.5587447151487545,8.874465393463007,1.0250779778928054,,
2015-11-20,316.2152474072,1466.560630495358,64.46764962274872,10.450947,0.95699114,7.837953,0.73440677,8.301426074006462,0.6275365051525099,9.123264692517314,1.093869243724853,,
2015-11-21,92.3492944072,1064.9216304953582,64.68236281313841,10.366103,0.8811833,6.244662,0.63699,6.573549533215102,0.5903614289886447,7.312801559526601,1.0566994545924517,,
2015-11-22,46.3619361072,942.676630495358,65.25684685138185,10.035573,0.8710443,5.1827397,0.6404634,5.410219990372225,0.6118052154795971,6.0938688411789395,1.0781487241153673,,
2015-11-23,38.7789474072,833.1182304953579,65.57679141959886,9.074871,0.8827271,3.7565002,0.65306056,3.993042840575771,0.6252485518050087,4.608955467999954,1.0916008311548562,,
2015-11-24,38.7789474072,741.832630495358,65.8208113661107,9.017629,0.8118853,2.6495595,0.60224915,2.9659101983522773,0.5737502000632527,3.5327293965554674,1.040110271807887,,
2015-11-25,38.7789474072,680.415130495358,66.04707122297485,9.198704,0.8039339,2.6634169,0.6510645,3.015799557095472,0.6174825526408185,3.585003296108345,1.0838422180200644,,
2015-11-26,53.85155728360405,632.0581208987599,66.23719835702565,9.608396,0.7447565,3.1039853,0.831212,3.614654036438097,0.7681811642692384,4.212480972481918,1.2345361739217517,,
2015-11-27,83.76376651772233,618.2650970435171,66.38165976661924,9.787861,0.71236086,4.2933083,1.0412855,4.948900137572409,0.9209732972100855,5.61049947635832,1.3873194087391814,,
2015-11-28,90.19489016854646,627.0890152862324,66.51397592027473,9.014519,0.696521,4.8934026,0.8233823,5.411612474532553,0.7251546972142644,6.095327881322161,1.1914981983617041,,
2015-11-29,101.8679907569856,613.6580949618638,66.62249891744995,8.416563,0.7551058,3.9524317,0.8912374,4.587980963018324,0.7718766072962896,5.2323295990010275,1.2382249249290405,,
2015-11-30,139.08268937936148,604.5848109789424,66.6576714739284,8.20831,0.8088611,2.0028539,0.8123347,3.1634149337906616,0.6775139813472162,3.739674183211643,1.1438724610204432,,
2015-12-01,203.4555174072,674.359630495358,66.82263204422279,8.54041,0.6854278,1.6202302,0.94274336,3.2241541835613496,0.7414582684863126,3.8033165614946314,1.207816267513619,,
2015-12-02,353.0355074072,803.315230495358,67.06160529589008,8.511467,0.67065847,2.9404173,1.360387,4.6412665993078654,0.9669850698044044,5.288162106557374,1.4333330523572194,,
2015-12-03,328.8356474072,953.326530495358,67.41901943446787,8.166454,0.6142003,4.353372,0.9055053,5.331311847102254,0.6914529321476923,6.011189158394657,1.1577968687494014,,
2015-12-04,222.1827974072,821.5159304953581,67.70296788038922,8.165306,0.64444995,4.5132027,0.8835583,5.290663186721168,0.7088684817727459,5.9685976309978495,1.1752126416154418,,
2015-12-05,162.6713174072,769.186260495358,67.93896395350976,8.085008,0.69425464,3.7649946,0.8852902,4.5191251130134855,0.7407297459386186,5.160182674737906,1.20707850137175,,
2015-12-06,139.5805274072,744.609180495358,68.15778558617683,8.0539,0.70618665,2.7032223,0.79414016,3.5478943846201383,0.6780029540169032,4.142530437513515,1.1443584623732637,,
2015-12-07,116.0520374072,739.946090495358,68.38781167519129,7.973763,0.6792959,2.2761784,0.72861,3.048629003215605,0.6365262669101772,3.6194018775311734,1.1028856664354283,,
2015-12-08,91.7311034072,722.6895604953581,68.59533505366551,7.60909,0.64740366,2.2239294,0.66829205,2.8304792284752502,0.5974863000492394,3.390825289265929,1.0638474892747105,,
2015-12-09,79.9861004072,696.669180495358,68.79095839469085,7.8756905,0.62807465,2.3766413,0.7297366,2.942976829578049,0.6577707587727132,3.5086998911476304,1.124131018272166,,
2015-12-10,68.8677914072,691.7825804953579,68.9862696695229,8.173216,0.60947967,3.38615,0.8700173,3.819561439663333,0.7931694599215047,4.427182249140404,1.2595229707175952,,
2015-12-11,61.6647454072,671.366130495358,69.17279974781397,8.275453,0.6421011,4.3870544,0.90077287,4.714158104482378,0.8267635710725051,5.364537576512083,1.2931111005156037,,
2015-12-12,59.6795684072,636.064530495358,69.34216050346323,8.372629,0.67415094,4.7930427,0.8743109,5.100092591026945,0.8014032881999981,5.768918412262435,1.2677485198468852,,
2015-12-13,72.09592211704161,606.252195744699,69.48697073548679,8.683916,0.7323685,5.751434,0.9091391,6.0631027488333835,0.8162341646691571,6.777957163726479,1.2825744055454809,,
2015-12-14,85.0519924072,630.7643904953579,69.5546717369648,8.667864,0.8225965,7.6989627,0.77893513,7.814085750517616,0.6933074932316021,8.612631167455257,1.159641377253973,,
2015-12-15,38.7789474072,923.262830495358,69.98391485376803,8.106756,0.7866649,7.7468457,0.61122924,7.761353356077827,0.5874476568755383,8.55737834481792,1.0537816811274565,,
2015-12-16,38.7789474072,703.7283804953581,70.38267752991955,7.857882,0.6968478,6.329598,0.6795078,6.409415677643357,0.6450466442307297,7.140822666722044,1.111385349648614,,
2015-12-17,49.8022624072,711.659900495358,70.59822299575411,7.7266474,0.7078932,5.767615,0.70150304,5.895742353441493,0.6572550438824099,6.602597513527749,1.1235960759513854,,
2015-12-18,38.7789474072,755.6783304953581,70.87277732661964,6.9143453,0.6651612,5.2654405,0.74153686,5.345926595009209,0.7060879371849221,6.026502441293549,1.172431793984813,,
2015-12-19,38.7789474072,659.325530495358,71.17997597458964,6.502812,0.66375995,3.4829297,0.7463396,3.6506808911023434,0.7058449259653639,4.250229787647474,1.1721996686097016,,
2015-12-20,38.7789474072,589.281730495358,71.45292911545393,6.6087503,0.65829223,2.58714,0.7226926,2.8354501881359657,0.6792878404297172,3.3960338438060513,1.14564898826753,,
2015-12-21,38.7789474072,592.688730495358,71.71028277508454,6.9885483,0.64689183,2.6586409,0.7914801,2.9245440231285222,0.7439361122321928,3.4893860595592128,1.2102965230764724,,
2015-12-22,109.4892374072,1023.855230495358,72.1529143105581,7.3711643,0.7539766,4.195112,0.8022323,4.501941733042794,0.7283820903922043,5.142177987943062,1.1947309559263908,,
2015-12-23,344.2026874072,1693.321230495358,72.66043660964108,7.8160987,0.8996921,5.925404,0.6520177,6.244802613803544,0.5627826263967335,6.968341661132297,1.0291220445603264,,
2015-12-24,841.0008474072,2539.047730495358,73.24740951160106,8.031036,1.0642387,6.246989,0.7426226,6.690883442865597,0.6175046291551682,7.435743628972485,1.083842187668371,,
2015-12-25,321.3403174072,1908.985730495358,73.64708063717651,7.6895885,1.0086014,6.935389,0.6916033,7.044052395631137,0.6095343202930161,7.805792850432548,1.0758705679131033,,
2015-12-26,164.8194274072,1662.756930495358,74.06427911888034,7.237012,0.8936106,6.02412,0.63146293,6.13350416135498,0.5801394889424695,6.851723523111419,1.046479406569776,,
2015-12-27,118.1459074072,1946.638530495358,74.65925531771677,7.117257,0.86368096,5.94037,0.62480724,6.007710955905773,0.5911254894319373,6.7199178324443,1.057465988625047,,
2015-12-28,38.7789474072,1702.452830495358,75.30977759805792,6.13332,0.7270269,5.1114807,0.6267111,5.1342380774431975,0.6129674923775582,5.804695936208879,1.079312528929621,,
2015-12-29,38.7789474072,1772.194430495358,75.88530464328936,6.184066,0.74213123,4.1289525,0.5675249,4.172959296541697,0.555599626910975,4.797471315547413,1.021950665492692,,
2015-12-30,38.7789474072,2139.594875495358,76.7887692203465,6.3637753,0.7719319,4.575833,0.5763667,4.6076614142199634,0.5662731177435004,5.252950708495849,1.0326213112400553,,
2015-12-31,38.7789474072,2523.803930495358,77.85192188517793,5.731125,0.6947106,4.365923,0.59759057,4.3865821990467015,0.5886412654087286,5.021304662558796,1.0549908788425981,,
2016-01-01,38.7789474072,1898.854330495358,78.79499179138867,3.9816065,0.8497729,3.2916322,0.63398576,3.3054410203430566,0.6215301614745018,3.888488631209353,1.0878875238585681,,
2016-01-02,54.9368420988,1601.180230495358,79.60125501558103,4.0677247,0.91739434,2.1849675,0.5601882,2.2474224831436844,0.5424598569697001,2.7799004245872916,1.008826096694936,,
2016-01-03,54.9368420988,1389.820130495358,80.30402549160202,4.1407127,0.9338842,1.1974297,0.460571,1.3093479110162731,0.4444786144096612,1.7969890945596974,0.9108537956943206,,
2016-01-04,54.9368420988,1002.141430495358,80.79531363284566,3.7140732,0.9511191,0.29617146,0.32002172,0.47380137502173536,0.30739039115785444,0.9215062903175693,0.7737743839905409,,
2016-01-05,54.9368420988,727.173030495358,80.8220349359635,3.807621,0.9437844,0.015030265,0.27246827,0.2814288436010397,0.26186001053784946,0.719939009487566,0.7282461451527131,,
2016-01-06,54.9368420988,663.480730495358,80.79341949984372,4.113044,0.9455886,-0.0743922,0.27002728,0.2458178263253048,0.2596500504509298,0.6826259073162237,0.7260365861829168,,
2016-01-07,54.9368420988,686.265230495358,80.90907120124697,4.3721843,0.9675202,-0.13429743,0.30865452,0.1997165760799486,0.2946375182865998,0.6343211748983798,0.7610245754496683,,
2016-01-08,54.9368420988,664.584530495358,81.13114625205307,4.426452,0.9705391,-0.12138057,0.33462784,0.22585521717372786,0.3178374043761287,0.6617091536859669,0.7842241655981561,,
2016-01-09,54.9368420988,727.076530495358,81.41913945862683,4.584997,1.0034016,-0.003458321,0.3353977,0.31888304034128706,0.3197035332645963,0.7591833888012305,0.7860892475655175,,
2016-01-10,1619.2735420988,4807.816976495358,82.36636765652715,4.623304,1.1411713,-0.3291986,0.5475349,0.9185598113490868,0.5004240648023941,1.3875226595707104,0.9668032679125734,,
2016-01-11,965.3401020988,4288.771530495358,83.52562766289063,4.2085223,1.067406,0.39321446,0.4233055,1.0942025535957363,0.3973072241302921,1.5715605244920716,0.8636845979952723,,
2016-01-12,437.7055820988,2414.547730495358,83.82069534573714,4.1132774,1.0407313,0.24119937,0.3728055,0.8354068291202204,0.3537053960314664,1.3003952490355541,0.8200854774479944,,
2016-01-13,281.8781520988,1921.250530495358,83.9874045123872,3.8687716,1.0093205,0.17188096,0.33464274,0.6448777023159209,0.31912284389544804,1.1007594812612473,0.7855049675940229,,
2016-01-14,176.8287020988,1570.597230495358,84.18358223282063,3.82414,0.98371434,0.14730221,0.3305339,0.5193754723537278,0.31331997054141675,0.9692586737147728,0.7797034621738201,,
2016-01-15,70.2753380988,1417.706730495358,84.41716819737498,4.0592275,0.965351,0.24131048,0.3844485,0.421625423868709,0.36911805212087584,0.8668365070539947,0.8355026216733641,,
2016-01-16,203.7659120988,1706.685730495358,84.72953854019477,4.3359113,0.89759624,1.3706955,0.5149609,1.6869609500581177,0.4698919862281049,2.1926507460621427,0.9362634471705092,,
2016-01-17,94.5091650988,1403.121330495358,85.02248944727785,4.084054,0.9408002,0.9846043,0.41984314,1.1801975403400655,0.3978038676418876,1.6616657776436234,0.8641803587686647,,
2016-01-18,387.7894737036,1041.191330495358,84.97869988132885,3.7033978,0.9606212,-0.716712,0.3455062,0.4827946911021212,0.36239999181996974,0.9309294561644845,0.8287838855607532,,
2016-01-19,61.7920184988,843.219230495358,85.25956437775537,3.6437654,0.9345925,-0.061849833,0.27500206,0.1911607773475698,0.2640520509895661,0.6253564382331281,0.7304392051908715,,
2016-01-20,463.4209937036,749.3160304953581,85.08807092613996,3.7789536,0.93253857,-1.7119361,0.47579968,0.38628756764850153,0.46196421213535954,0.8298096221028799,0.9283491740580372,,
2016-01-21,465.3185237036,679.024680495358,84.7266023979531,3.5071688,0.9380702,-2.089169,0.5721646,0.18644167553003868,0.5106509416009778,0.6204117794801616,0.9770381493612491,,
2016-01-22,96.6032160988,585.4544904953581,84.62599275965678,3.3269496,0.89641,-0.6907425,0.30049747,-0.12169683371241832,0.28749060700911866,0.29754530281471503,0.7538813670677988,,
2016-01-23,87.51213209880001,533.858880495358,84.57697064223572,3.311263,0.859907,-0.31115413,0.25830072,0.19901684498334793,0.25281696080990107,0.6335879990472727,0.7192040259060435,,
2016-01-24,75.24911909880001,537.217930495358,84.52913103265165,3.331501,0.8171086,-0.2998978,0.2614714,0.14626427011717563,0.2503563447575554,0.5783140314281534,0.7167440095384157,,
2016-01-25,60.2400770988,546.2666304953581,84.5176218243135,3.5729795,0.737804,-0.3364308,0.28304508,0.05186363841087744,0.2652555690374783,0.4794013722187105,0.7316443148944031,,
2016-01-26,54.9368420988,613.191670495358,84.55258080824285,4.09423,0.5906327,-0.2494657,0.37399864,0.10769452813294532,0.34666521575989345,0.5379007876211442,0.8130533210104078,,
2016-01-27,54.9368420988,611.462430495358,84.63676286427251,4.099859,0.5846176,0.057052612,0.4956185,0.39033483266057006,0.4573072116270928,0.8340503325476419,0.9236921285389872,,
2016-01-28,54.9368420988,572.351770495358,84.66791388581942,4.200121,0.5636987,-0.18648857,0.361551,0.19768303631307885,0.33356047579857623,0.6321904388819616,0.7999475560180824,,
2016-01-29,54.9368420988,567.7719904953581,84.68262118740812,4.042053,0.5189375,-0.07208538,0.35950842,0.29087363172699326,0.3309734286971568,0.729835226200547,0.7973594571706294,,
2016-01-30,54.9368420988,542.2593904953579,84.66798531240329,4.1954737,0.49298725,-0.05563581,0.410792,0.3354291659808501,0.37574951207274065,0.7765203626862636,0.8421350412025386,,
2016-01-31,54.9368420988,543.092030495358,84.64060780730442,4.5236893,0.47457206,0.5813822,0.7789755,0.9435351312289851,0.7087583737356756,1.4136917143670078,1.1751373145870732,,
2016-02-01,54.9368420988,575.017600495358,84.6419692183501,4.525268,0.4824341,1.0655129,0.9179589,1.3672299901821912,0.8389614481697368,1.8576377392497567,1.305336048604174,,
2016-02-02,54.9368420988,561.3486304953581,84.59737175886961,4.4835286,0.4670877,1.2835156,0.6569914,1.5687707326846343,0.5998727350950862,2.0688114403112534,1.06624534294829,,
2016-02-03,289.5673520988,1174.912330495358,84.75707948052367,4.67226,0.534488,1.6330075,1.0712128,2.23395013139526,0.8658785913202067,2.765784140478223,1.3322449523394713,,
2016-02-04,54.9368420988,1331.857730495358,85.2612582741254,4.5343695,0.44920757,3.4396658,0.8046747,3.4830316714024914,0.7730029461247946,4.074567508326158,1.2393589438962747,,
2016-02-05,54.9368420988,950.395590495358,85.57543847162711,4.22548,0.43652385,2.561585,0.7856959,2.652509245846358,0.7431441287711414,3.2043489498273274,1.2095068183708195,,
2016-02-06,54.9368420988,798.030930495358,85.83759234637714,4.1628375,0.41706416,1.6990327,0.5763755,1.8577182112369737,0.5399216498249437,2.371569620620851,1.0062914819587228,,
2016-02-07,54.9368420988,759.938530495358,86.08121082843108,4.3234167,0.4142106,1.7981554,0.6103351,1.9684021727070506,0.5698724597682154,2.4875438970950032,1.036241253927243,,
2016-02-08,54.9368420988,730.131030495358,86.18607894289076,4.2342496,0.4104168,1.9302964,0.6894111,2.0915205851831407,0.6418109577537251,2.6165469488282116,1.1081786137879468,,
2016-02-09,54.9368420988,718.993370495358,86.27528490503734,3.953762,0.3883857,1.6397233,0.66662604,1.8039835656752021,0.6199194332567931,2.3152666426839237,1.08628977435601,,
2016-02-10,54.9368420988,695.271080495358,86.40002121020645,3.6507082,0.36823726,0.8296772,0.4965089,1.036257998006418,0.4609395734613019,1.5108464172191383,0.9273175468953467,,
2016-02-11,54.9368420988,536.944300495358,86.42487150662825,2.8502557,0.36997297,0.017923057,0.3270185,0.28081268390357333,0.29864636400876854,0.7192933994627972,0.7650325055516352,,
2016-02-12,56.5829800988,419.326680495358,86.3317601978235,2.9184065,0.35893244,-0.32874095,0.24160479,0.057326600517750646,0.21711465283811598,0.4851254452400905,0.6835033358554397,,
2016-02-13,90.9778820988,325.32113049535803,86.07735612054597,2.286327,0.3965124,-0.4962833,0.20780104,0.11182763961665647,0.1840619807908941,0.542231447705442,0.650450038759565,,
2016-02-14,125.32848211242228,303.25805420547044,85.82555940634872,2.2683835,0.38988665,-0.57993627,0.20400052,0.2529774234920049,0.18394151408012427,0.6901277087536335,0.6503279690510368,,
2016-02-15,192.15916263305428,278.87391478660027,85.90298115649063,2.9961934,0.35498863,-1.1805278,0.24865948,0.523376419872202,0.20650812306113994,0.973450852848075,0.6728915708065919,,
2016-02-16,1510.3885420988,4314.419930495358,87.54771180425172,3.6308417,0.44911262,-0.7978984,0.3650058,0.35048584853254616,0.2943737576229337,0.7922967031952363,0.7607591185223035,,
2016-02-17,1279.4280420988,4056.934130495358,89.2569136118874,3.2717514,0.39486519,-0.713094,0.40257937,0.24229898199767827,0.32036601368514117,0.6789388742583042,0.7867525891315759,,
2016-02-18,739.4834437036,2001.092530495358,89.71783340059427,3.1356945,0.36959043,-1.003715,0.3582487,0.11321251703826653,0.2799482640883762,0.5436825175338383,0.7463363062187369,,
2016-02-19,569.2543737036,1565.093830495358,89.93891013583224,3.303062,0.35090914,-0.86473954,0.3544484,0.24685941722177332,0.27625016243707956,0.683717282697043,0.7426366864161591,,
2016-02-20,486.3738087036,1474.981430495358,90.23428697410132,3.843804,0.34102947,-0.3937024,0.47337958,0.6571077984091265,0.36589860861222523,1.113574134141216,0.8322805999697133,,
2016-02-21,451.8088837036,1263.799230495358,90.51155948014166,3.8170195,0.34931198,1.455586,0.7319717,2.0774742697968716,0.5469963767948224,2.601829267581406,1.0133641617993001,,
2016-02-22,401.2773227036,992.084980495358,90.7949640760691,3.795189,0.3581174,2.1461048,0.60464054,2.6210279876679063,0.44269029002879146,3.171362995121243,0.909053248801067,,
2016-02-23,387.7894737036,870.2992304953581,90.97453801368934,3.654851,0.35808137,1.7992741,0.63720375,2.371231514538988,0.45440262425179634,2.909627104463289,0.9207677590198762,,
2016-02-24,1427.2407737036,1819.260230495358,91.32012944347258,4.168245,0.49453264,0.4182135,1.6322852,2.066818443632928,0.9401753472981964,2.5906641293519455,1.406543230292683,,
2016-02-25,998.1187737036,7474.889580495358,95.9144852410719,3.7352934,0.44731465,2.9224267,0.69254076,3.018182241914513,0.6132277204522015,3.5874998651169356,1.079587366494903,,
2016-02-26,1803.7887981489853,6692.775666713783,96.98726301349784,3.3429747,0.381286,1.9021022,0.6228716,2.207994049900536,0.4972706655630005,2.738587447014477,0.963637260854721,,
2016-02-27,1747.2477195490578,5356.269149265166,96.90725953920509,3.4060864,0.33677444,2.0176454,0.60733694,2.3591593676242097,0.4653822381833498,2.896977950192554,0.9317474799203397,,
2016-02-28,1617.3617319747957,3988.941661006142,96.59950741347475,3.4613276,0.32664114,3.1683517,0.69617116,3.2528722300162074,0.5042166268444562,3.8334072324023007,0.9705744000871331,,
2016-02-29,1461.1278238421626,3215.423732027164,96.2521066024076,3.4390478,0.33498472,3.803175,0.72166395,3.6894081686726605,0.5071074798585555,4.290808096703077,0.9734619371362772,,
2016-03-01,1293.2144880300036,2500.5246580995336,95.86439116673544,3.3284163,0.3076364,3.8115783,0.7062904,3.646877439306567,0.47719460920365175,4.246244543857309,0.9435493799666795,,
2016-03-02,1128.473116290135,2177.88628810579,95.51223118742676,3.240025,0.32397062,2.9353714,0.7367159,3.0393508535521234,0.49770989156683076,3.609680264029545,0.9640693661019181,,
2016-03-03,950.7566593330846,1627.2236509674024,95.02975386630683,3.2150698,0.31115073,1.3838708,0.7647937,2.059215244763638,0.4961899936696383,2.5826975235669383,0.9625579466618255,,
2016-03-04,387.7894737036,806.769190495358,95.133517187825,3.2173104,0.32438636,1.1376008,0.6028236,1.8127367393199827,0.4205274162397266,2.3244381881076976,0.8868976742052557,,
2016-03-05,387.7894737036,712.3504304953581,95.1800336340092,3.1774015,0.32391816,0.85239255,0.7013109,1.671937421730412,0.4682393423844676,2.1769091444357347,0.9346109482281387,,
2016-03-06,387.7894737036,680.462630495358,95.1958080727063,3.213284,0.36282128,1.4372008,0.7339725,2.081942207316791,0.4857286774012287,2.606510757241897,0.9520964213575936,,
2016-03-07,387.7894737036,655.6901304953581,95.1670927907434,3.5838404,0.39367238,3.8818765,0.92172915,3.771116985378423,0.5973778556835179,4.376422315539758,1.0637317165069053,,
2016-03-08,387.7894737036,635.557270495358,95.11580081411482,3.7332406,0.39463058,6.389541,1.0519816,5.382956239301097,0.6702369387481774,6.065301976003083,1.1365805944463703,,
2016-03-09,387.7894737036,611.979570495358,95.03302445922084,4.0721765,0.40842164,9.677589,1.3648933,7.503367125582968,0.8503662693831286,8.287061254387218,1.3167010255317884,,
2016-03-10,387.7894737036,710.006030495358,94.95316191832896,3.988855,0.43839514,9.3865595,1.1721709,7.479853712376846,0.7737639408426792,8.262423980406425,1.2400987674832205,,
2016-03-11,426.7287707036,918.995260495358,95.19950393334096,3.7398462,0.3833614,8.362822,0.9867518,6.896877193564815,0.6847303720235434,7.651583176800715,1.151067148591389,,
2016-03-12,387.7894737036,673.9225704953581,95.26401823466163,3.8766546,0.39544144,9.149347,1.0552158,7.223500527266921,0.6851950083716185,7.993817989347771,1.1515306445734257,,
2016-03-13,387.7894737036,632.966270495358,95.24691875006364,3.9210796,0.41318905,9.404908,1.1422749,7.3215782579873725,0.7255047594577053,8.09658350033471,1.1918400770534792,,
2016-03-14,54.9368420988,668.7669904953581,95.63515359600852,3.8540936,0.4046049,7.297532,0.87819964,7.036138359092278,0.8121159292421217,7.797500549999911,1.2784522046749935,,
2016-03-15,54.9368420988,651.117030495358,95.94479344681412,4.0052567,0.44686595,7.514954,0.84393615,7.241870545914703,0.7790472301619176,8.01306603209215,1.2453828058512668,,
2016-03-16,54.9368420988,633.228960495358,96.14856770530638,4.2704573,0.51669866,8.721883,0.8371676,8.366521856589577,0.77143941283102,9.1914718309891,1.2377720189671026,,
2016-03-17,54.9368420988,695.815630495358,96.33482256256208,4.254629,0.5137998,9.135929,0.8142846,8.778736536722663,0.7556347273844546,9.623388963747155,1.2219666073974595,,
2016-03-18,54.9368420988,598.534130495358,96.5217091175118,3.8282228,0.5311724,7.8763614,0.74556565,7.536037221954973,0.684344970781576,8.321292869688667,1.150679630036825,,
2016-03-19,54.9368420988,544.811060495358,96.79622556391747,3.8536997,0.5511547,5.8189397,0.6633832,5.638923917210312,0.6047284371831908,6.333504033934624,1.0710707456515356,,
2016-03-20,54.9368420988,511.44576049535794,96.94061249177048,3.6542268,0.57251585,4.5664454,0.6966301,4.477963805929478,0.6315061407008444,5.117053997878172,1.097855160435941,,
2016-03-21,54.9368420988,508.54235049535794,97.07022389975148,3.910829,0.56865406,4.0631046,0.6394673,4.048258405147039,0.5797788263027044,4.666810147812763,1.0461307209291237,,
2016-03-22,54.9368420988,478.2934804953581,97.18240722096834,4.1526346,0.5885208,4.3800526,0.79914296,4.356622496532557,0.7193698944426775,4.989912988676595,1.185719704601036,,
2016-03-23,58.3553784908168,472.77553285868544,97.27429865366972,4.7060204,0.604492,5.9646964,1.3247737,5.826405609611351,1.1810895545385343,6.529946710358327,1.6474309237806049,,
2016-03-24,54.9368420988,462.437800495358,97.35210533286158,4.786511,0.60261196,7.9724636,1.0380175,7.634166822450771,0.9300006899500932,8.424112729648906,1.3963350655114652,,
2016-03-25,54.9368420988,463.89463049535794,97.41719182971345,4.687175,0.58481246,8.996262,1.0826615,8.53999085443424,0.9700016907540974,9.373232053956635,1.4363339676370486,,
2016-03-26,74.96794603800328,461.6863706601496,97.44490662965914,4.660258,0.56603533,8.820681,0.8573976,8.239490190093038,0.741849541944023,9.058368485070055,1.2081824110233352,,
2016-03-27,112.39132857049938,467.55839592527593,97.40574997450295,4.721947,0.56619924,8.807383,1.0316628,8.015645831396505,0.8389384206497332,8.823825131201488,1.3052717979816877,,
2016-03-28,86.4537950988,561.494330495358,97.46572466362234,4.7755456,0.59785485,8.369897,1.0471226,7.890313264971319,0.9109076572938145,8.692502096529124,1.3772413442285603,,
2016-03-29,54.9368420988,516.259050495358,97.57859087834257,4.5538454,0.58464473,7.697516,0.8203211,7.395162016684308,0.7435529371710031,8.173684311163862,1.2098880229531557,,
2016-03-30,77.37993001937282,472.5770320182932,97.5896834170747,4.9447813,0.6053923,8.009234,1.3323258,7.578060382564867,1.1480295826681681,8.365324593726726,1.614364119085593,,
2016-03-31,80.48447846784458,457.3148198417561,97.57085970873425,5.6165075,0.69418144,9.633703,1.7314863,9.03250887926638,1.4760209049210276,9.889290756787107,1.942352434563629,,
2016-04-01,54.9368420988,530.3262504953581,97.60138254832384,5.892746,0.7179843,11.308548,1.1151198,10.800183336968496,1.0126920408182762,11.741454011074534,1.4790231734297032,,
2016-04-02,54.9368420988,513.6184304953581,97.73900293936867,5.2567663,0.687537,9.817841,0.7983188,9.377125260827485,0.724234355578551,10.250378623374663,1.1905655273585245,,
2016-04-03,54.9368420988,518.074450495358,98.07045211377552,4.46092,0.74523365,7.2172465,0.8539816,6.952986673521081,0.7754058047785188,7.710374498098228,1.2417423767668132,,
2016-04-04,66.50836956665908,501.46808581725713,98.23538086128752,3.435183,0.7980167,4.666359,0.7149935,4.52219187718311,0.6381486313243121,5.16339601975163,1.1044973671429228,,
2016-04-05,38.7789474072,487.0536304953581,98.34644734971856,3.891893,0.77209544,3.814899,0.69705886,3.820577094513825,0.6481582864414416,4.428246448820906,1.1145117899278123,,
2016-04-06,75.84287382770734,497.7838967048333,98.43003732151378,4.48813,0.7804964,3.670031,0.9119152,3.7781971886186336,0.7980451315012134,4.383840928292386,1.264398941000314,,
2016-04-07,974.9014474072,1673.7233904953582,99.59262195082655,5.290204,0.7226497,2.9299006,1.06429,3.798677216582929,0.7232373791674864,4.405299831585902,1.1895910405299193,,
2016-04-08,2326.9715615239343,2151.560370495358,100.0,4.4844985,0.7400437,3.9267364,0.95075697,4.216540395868239,0.5970598632800429,4.843135442447228,1.0634106068805596,,
2016-04-09,1716.4400168226553,1479.484240495358,100.0,4.042711,0.5901604,4.1264873,0.9679595,4.0814932937686725,0.5488648591697874,4.701633550502727,1.015216523907636,,
2016-04-10,1303.585108679567,1390.914630495358,100.0,4.4745803,0.5048985,5.244964,0.9991348,4.872256387654411,0.570677982949162,5.530192417187794,1.0370245505010374,,
2016-04-11,1092.2476080777317,1379.3882226245094,100.0,4.9286923,0.60700643,5.649498,0.9643196,5.330964716557819,0.6013206083840068,6.010825436196805,1.0676645468841444,,
2016-04-12,1214.4041734580032,2258.508913694913,100.0,4.715214,0.508313,6.3163047,0.9125231,5.756437093559048,0.619480895690847,6.4566339384141305,1.0858226107520363,,
2016-04-13,928.0505734580032,1880.3646536949127,100.0,4.950893,0.60003483,7.5339174,0.951647,6.680348002223255,0.6673113536905614,7.424704630281041,1.1336489535005008,,
2016-04-14,580.4991267792536,1350.534737185923,100.0,5.3376737,0.75117224,9.313161,0.97723186,8.118066957306226,0.7197988905312309,8.931141636820591,1.1861320281975125,,
2016-04-15,472.5444667792537,1074.4686471859231,100.0,5.6066947,0.77049536,11.088563,1.0420011,9.414093309106772,0.7610223669419535,10.289113617992749,1.2273535084002132,,
2016-04-16,569.2625148331629,1132.329314913503,100.0,5.869194,0.7819697,12.772427,1.1529396,10.462970561114421,0.8106015423012354,11.388123617238843,1.2769324747906654,,
2016-04-17,489.4762734580031,960.7395136949132,100.0,6.205631,0.8158709,14.19808,1.233653,11.500471661554528,0.8624161749948879,12.475213723759895,1.3287481387040236,,
2016-04-18,422.5446734580031,830.6282736949129,100.0,6.5533714,0.886578,15.434858,1.2636316,12.440199853475216,0.8893089614724776,13.45985771095427,1.355642921816528,,
2016-04-19,375.74361495353,756.1532195744012,100.0,6.495827,0.95628726,15.618089,1.1836046,12.589869703413477,0.8520409645115247,13.616681268098791,1.318375336103348,,
2016-04-20,311.6489208280508,656.6374059186321,100.0,6.462264,0.99044394,14.283562,1.1478997,11.766228864607477,0.8411846376457176,12.753673212673224,1.307517063576181,,
2016-04-21,284.6843134452228,637.6289162077364,100.0,6.828376,1.074063,14.677784,1.1864331,12.254959161854524,0.8846900769177168,13.265763147487736,1.3510235637547992,,
2016-04-22,300.3217231789278,661.9330019115862,100.0,7.1671124,1.2260648,16.028437,1.2096415,13.26279870947765,0.9158784861353539,14.321773980360101,1.3822150232954602,,
2016-04-23,272.4438023645872,620.9233419115861,99.99726237284676,6.900677,1.3333766,16.752981,1.099149,13.748394352777444,0.8654287161449032,14.830579435483958,1.3317671377306268,,
2016-04-24,311.5758037294682,559.725741911586,99.91260856871872,7.1532617,1.3324134,15.458409,1.1262451,12.488504037878382,0.866300979838865,13.510470670252312,1.3326350701081664,,
2016-04-25,308.5670853824471,532.4798119115861,99.79551941281116,7.2566032,1.4649433,16.221558,1.1825132,12.932454653539171,0.9216135771350458,13.975640607772426,1.3879489864879997,,
2016-04-26,159.56117952709403,739.1074419115862,99.9053746517368,6.957592,1.3959627,13.343517,0.96750927,12.209678035231567,0.83343376022156,13.218317737797989,1.2997671372817612,,
2016-04-27,288.54588489105544,609.9975819115862,100.0,6.9996934,1.2767762,13.829027,1.0318837,11.635948897328559,0.8116845322425148,12.617166308298163,1.2780167214882725,,
2016-04-28,251.38481113824065,470.73128663621065,99.80573659832956,7.1353264,1.2960043,14.354676,1.0919684,11.84145862557339,0.8427658297516247,12.832498699053234,1.3090984011965148,,
2016-04-29,223.0635804804228,479.2565436341797,99.56857112447418,7.028213,1.3385974,14.137541,1.3523593,11.879550396807039,1.0160619558602502,12.872411126741646,1.4823946034533892,,
2016-04-30,144.4046416215917,492.8244711655617,99.60088554616416,7.0397615,1.3953398,11.914415,1.0333335,10.809753593053026,0.8594480680906331,11.751481692685621,1.3257792082796018,,
2016-05-01,121.5830362964,525.5814904953579,99.70497049444774,6.833317,1.3678005,11.535198,0.9420143,10.651854032086598,0.8070414257280231,11.586035072457646,1.2733724542894853,,
2016-05-02,328.9976662964,813.9792659407138,99.98705448164532,7.090563,1.3280392,10.687245,0.9505767,9.651966238208132,0.7774333492040701,10.538356059977223,1.2437643329441,,
2016-05-03,478.1372821390636,1122.6257668859396,100.0,6.876526,1.2987851,10.929102,0.9884542,9.718624411650698,0.7943775400798863,10.608200266250778,1.260708491232224,,
2016-05-04,492.1715682108788,980.872355629528,100.0,6.729041,1.3572387,11.05365,1.0579526,9.6087170921793,0.837807998523247,10.493039752608023,1.3041390061252347,,
2016-05-05,423.305926835719,958.0376944109382,100.0,6.8388653,1.4285645,10.540704,1.014491,9.406293659809197,0.8286788561558333,10.280941172120517,1.2950100038813686,,
2016-05-06,744.0356477986559,1456.9610016981258,100.0,7.479011,1.5026629,11.129688,1.165796,9.895595526314334,0.9238826100567797,10.793629995249844,1.3902134993490955,,
2016-05-07,867.7787056629522,1829.6608500526152,100.0,8.296074,1.6604621,11.050215,1.2571893,10.164194993507484,1.0062413789816729,11.07506759881348,1.4725722428291366,,
2016-05-08,694.9351776782887,1477.307187037227,100.0,8.130809,1.7197253,11.921693,1.2306945,10.708928240830394,1.0016050302332877,11.645837233280972,1.4679360958525614,,
2016-05-09,488.83573144266666,1209.3119367103009,100.0,7.9940224,1.7478548,12.417054,1.1723179,11.143822154704186,0.9747453419960328,12.101517589627457,1.4410768123461055,,
2016-05-10,361.4427436949032,1075.298243770557,100.0,8.232474,1.8326933,13.153995,1.1176631,11.915881503162904,0.9551373724932813,12.910478735789647,1.4214700942612657,,
2016-05-11,300.3225256949033,995.2979537705568,100.0,9.251168,2.0436656,14.414142,1.0955489,13.217373591064403,0.9657658951536763,14.2741776965647,1.4321022698292856,,
2016-05-12,254.88586069490333,893.003243770557,100.0,10.234039,2.3544056,16.77258,1.1101171,15.32071301530347,1.009527551237485,16.47804955537626,1.475873924789176,,
2016-05-13,503.6918752070446,1309.3129463833748,100.0,9.514375,2.276829,17.429356,1.0879494,15.2304030766932,1.0086806999981586,16.3834231104095,1.4750265402737566,,
2016-05-14,533.8094422019325,1291.9109973885045,100.0,9.53557,2.214443,15.329361,1.1069075,13.635355583363097,1.0162272947751847,14.71213779929531,1.4825652536141187,,
2016-05-15,420.9295661071261,1065.881457701959,100.0,8.884709,2.3037407,13.195857,1.03191,11.975332383205165,0.9862214199158355,12.972771164675262,1.4525542663172806,,
2016-05-16,265.56838310968215,864.3168571993945,100.0,8.909569,2.377935,11.704172,0.9736272,11.047328177132233,0.931174713496227,12.000411529775725,1.3975060753707185,,
2016-05-17,217.0696631096822,764.5678571993944,100.0,9.128419,2.4905002,12.078413,0.943475,11.426080341586395,0.9183102620543144,12.397266752991293,1.3846421108485119,,
2016-05-18,103.4105262964,661.481390495358,99.99427781436484,9.403061,2.6330936,12.418493,0.9089234,12.010818094441277,0.8628929899509983,13.009952971606623,1.329225912671678,,
2016-05-19,115.65174655625133,613.11414282741,99.99580949781894,9.320523,2.604346,13.870895,0.92918444,13.148772559667044,0.8842580418758853,14.202297770367442,1.3505941756406847,,
2016-05-20,153.69210642840048,603.8484820670733,99.9623277058154,9.321946,2.637226,15.489207,0.9816178,14.237974835620035,0.9479066443394828,15.343560191859266,1.4142472388368728,,
2016-05-21,173.3357514986041,587.7171228571048,99.89010706524964,8.665837,2.3592448,16.533218,1.0272402,14.741360734298116,0.9581340104108479,15.871006215755548,1.4244771249309685,,
2016-05-22,129.0971539403536,523.5506777242657,99.84597601643654,8.352316,2.286602,15.845068,1.0199864,14.362962436205624,0.9349190437644622,15.474521772504108,1.4012602369221876,,
2016-05-23,157.78508971196317,524.168714839359,99.83040117185269,8.440094,2.3701692,17.660326,1.1071475,15.527021482320412,1.0123770077115166,16.694218861886398,1.4787246344985223,,
2016-05-24,195.3876275175832,521.3034680998956,99.7859998939389,8.266395,2.1523485,20.707205,1.2077475,17.315533839509175,1.0564335079331861,18.56821599602514,1.5227940392635635,,
2016-05-25,235.23271959188463,513.0111822320965,99.54294760476353,8.511481,1.6123283,23.734386,1.359523,18.94861355384714,1.0610240349860842,20.279351338304725,1.527399544335175,,
2016-05-26,248.40676528136004,498.594726564732,99.255127545407,8.398542,1.1815006,26.447964,1.4865776,20.44583599214675,1.0671892858251428,21.848135891156186,1.5335812067013057,,
2016-05-27,250.44525690545487,503.1118669969002,98.93898001910176,8.081891,1.0105807,28.050926,1.6101872,21.414202887440492,1.1262852124614424,22.862787413848334,1.5926891128336509,,
2016-05-28,136.60687533987476,530.5346032856285,98.7793436411096,8.088771,0.8807313,27.309446,1.5459332,23.37373479269993,1.2425381595085976,24.91597824585445,1.7089695803754616,,
2016-05-29,129.19923002832175,465.937669424279,98.5881760356478,7.960837,0.8085963,28.266052,1.610284,23.857960272094676,1.2728671463037495,25.42334804792227,1.7393060441653514,,
2016-05-30,103.4105262964,558.942180495358,98.4069887252296,7.7982807,0.82238084,26.192451,1.4979409,23.320641851020063,1.2705772239501831,24.86034764305143,1.737007841305336,,
2016-05-31,103.4105262964,467.07560049535806,98.04217237124932,7.803411,0.7921663,26.39604,1.48139,23.02580279964989,1.2213329857017112,24.55141629288264,1.6877591995747725,,
2016-06-01,255.20693167581615,591.3500169865213,97.6685903703048,7.88415,0.7861665,28.01376,1.563435,21.94539539242743,1.117534839144566,23.41936910478291,1.5839457661381986,2.968491573400048,4857.0315084266
2016-06-02,430.91528900468836,714.4515444616773,97.14719275478718,7.8373346,0.7617202,29.976295,1.6813452,21.647071654717614,1.087230334659294,23.106786512179244,1.5536372757127976,3.0741364080435067,4853.957372018557
2016-06-03,478.29593651085014,771.0899874763586,96.7779352500687,7.627731,0.7821816,28.837955,1.6471702,20.7181551333434,1.0597753784775779,22.133470956425622,1.5261705598118422,3.2214756439472634,4850.73589637461
2016-06-04,468.2305945316902,822.2328439581918,96.43629305844358,7.6398973,0.74087155,27.314728,1.6165144,20.17592998551447,1.0644815751290566,21.56532930003441,1.5308703481024666,3.3345051402910073,4847.401391234319
2016-06-05,368.30229796498884,1472.4694081779687,96.51132726504538,7.2224274,0.66204906,19.855257,1.1388127,17.32767570506252,0.9205389916576611,18.580938201247044,1.3868996230958703,3.5369916767390412,4843.864399557579
2016-06-06,126.36367133287263,800.388330495358,96.95444073765918,7.791396,0.772015,19.008741,1.1750761,17.47924381735259,1.0202978756427779,18.739750751194904,1.4866597709246476,3.5636713328726266,4840.300728224707
2016-06-07,129.04204883293033,675.526960495358,97.02499693191294,7.5330353,0.7707902,20.461098,1.242548,18.387610365396153,1.050559105492142,19.691534115139245,1.5169291256490778,3.744310732930334,4836.556417491777
2016-06-08,247.88112046304377,805.367591584968,96.94480334873178,7.1226563,0.7830182,19.105587,1.1321564,16.285415241324685,0.8851012518714685,17.488861250131702,1.3514539039346682,3.9659629676241783,4832.590454524153
2016-06-09,230.18846149427128,686.5677863083097,96.76872219991044,7.221314,0.83157665,17.933254,1.1073562,15.24359157474181,0.8551916566885504,16.397241973582208,1.3215375742600104,4.099856456169197,4828.490598067983
2016-06-10,297.9901093813658,689.2967652851346,96.34763313336671,7.4788055,0.82606834,19.72218,1.1632682,16.026795211361513,0.8495721024345995,17.217880066784637,1.3159229669188925,4.225991848766527,4824.264606219217
2016-06-11,565.224588521191,835.8565923369966,95.68661145620302,7.6438036,0.91109586,25.749828,1.6102391,18.44549042841399,1.028551320176118,19.752180647316237,1.494921890016883,4.375596638376521,4819.88900958084
2016-06-12,577.3383165176625,880.4861146345157,95.11700002710042,7.3567815,0.8487418,25.621336,1.4936116,18.388073237792092,0.9626865579753268,19.692019111253458,1.4290565825129415,4.637057690921064,4815.251951889919
2016-06-13,649.0010748832981,859.99775481951,94.5102794513696,7.1820364,0.8650513,24.085268,1.5648348,16.81540453567696,0.9663131980278634,18.044182221076245,1.4326697523607375,4.895550528164344,4810.356401361754
2016-06-14,725.6609402637457,826.2120448195099,93.84854372025984,7.430683,0.94946957,24.428553,1.9051958,16.480292637022707,1.1072302850804412,17.693053119189038,1.5735843346686345,5.072706350813472,4805.28369501094
2016-06-15,574.1656717693111,814.1699048195101,93.3226262216833,7.814913,0.9104014,24.121689,1.8187191,17.37779263989701,1.1310678000103878,18.63345055425045,1.5974288464391686,5.228476710231496,4800.0552183007085
2016-06-16,223.66285127074465,632.4463368918547,93.07330300539908,7.6486917,0.8085901,21.090862,1.415647,17.57902727730257,1.0669244595033163,18.8443035194378,1.5332872011654866,5.547873573337048,4794.507344727372
2016-06-17,252.72373589237625,582.8254766463441,92.73970759282004,7.7212415,0.75874066,23.187916,1.43049,18.509800307058672,1.0238687459493625,19.81956431832781,1.490239931030339,5.826375360465124,4788.6809693669065
2016-06-18,299.76125940046865,565.6670987773349,92.36838432099276,7.822694,0.7470746,26.299522,1.560131,19.899642674363125,1.0520629983590557,21.27583639985096,1.5184486352744075,6.109727067050143,4782.571242299857
2016-06-19,321.6945696080553,557.2768523920538,91.96424601873748,8.001416,0.7543002,28.53569,1.6778523,21.020355560798773,1.0990135297867063,22.450115531292877,1.5654124285959696,6.385832651377594,4776.185409648479
2016-06-20,333.3180907161531,548.8786809909064,91.44482298394112,7.9527745,0.7047442,29.780235,1.7166331,21.533223080798976,1.1007336289687188,22.987496365599178,1.5671390757002093,6.7819605037138855,4769.403449144766
2016-06-21,330.743951455538,552.8638652792956,90.97197097639912,7.864389,0.76018476,29.170708,1.6309098,21.19552241775896,1.0593721094110102,22.633654765237814,1.5257732108101405,7.267334630049497,4762.136114514716
2016-06-22,350.8080666376745,557.9745451611176,90.4749391398416,7.8068156,0.77967095,28.133097,1.5764799,20.28675008600808,1.0136397621591418,21.681446222512054,1.4800298175443525,7.818048089441603,4754.318066425274
2016-06-23,364.14546630999763,563.9995867271305,90.01706630037867,7.7454195,0.75511533,27.911213,1.5871388,19.99942992558429,1.0089229340777588,21.380393140574842,1.4753096935808514,8.426942416092334,4745.891124009182
2016-06-24,375.21867806231114,556.8965317201655,89.57975096828365,7.933296,0.7496496,29.035667,1.6509962,20.541005226947696,1.0315229751788424,21.947853890060863,1.4979160258718867,8.981155530060034,4736.909968479122
2016-06-25,388.07636489434105,556.5560767409781,89.12621890444325,7.9778566,0.75270146,30.652363,1.7633586,21.337163017557337,1.0839736219727905,22.782065301532388,1.5503765300453423,9.669015890909842,4727.240952588212
2016-06-26,394.6101556363507,554.4243884081619,88.66470575915477,8.084702,0.76093924,31.757738,1.8544419,21.914449788449723,1.128619368181644,23.386944406717323,1.5950298769777338,10.427701968685163,4716.813250619527
2016-06-27,347.575781273393,577.7044623705126,88.05141238219004,7.7396297,0.6937014,29.962841,1.7203258,21.614829629771037,1.1052541930496391,23.073003428654072,1.5716607094057173,11.635858123656996,4705.17739249587
2016-06-28,155.80004858741307,869.683030495358,87.83567893145467,7.707487,0.6335479,22.192495,1.1918867,19.991810582396734,1.0153777410475344,21.372409618828343,1.4817644144329831,12.934370587413083,4692.243021908456
2016-06-29,173.76304826736165,762.357330495358,87.65955970069697,8.051696,0.76664275,21.59324,1.2396426,19.079653622485807,1.0195199326573907,20.416654674286253,1.485896776028831,14.15524026736166,4678.087781641095
2016-06-30,287.5821204523161,650.7762319190695,87.29765334198115,8.039058,0.7315017,24.961777,1.3958412,19.77540907114143,0.9936726334973305,21.14566485506659,1.4600568887187086,15.858898148220977,4662.228883492874
2016-07-01,338.1458243888542,620.6264135727333,86.86979605208684,7.676322,0.69282055,26.118689,1.5147405,19.614318712475963,1.0105000615575725,20.97687492791676,1.4768825514504043,18.325608474467487,4643.903275018407
2016-07-02,218.34120899136278,480.7543231316971,86.63748223058289,7.710848,0.67039907,24.139225,1.3294486,19.00832148261935,0.9379053925914783,20.341913101970903,1.4042815073479595,21.062799639178134,4622.840475379229
2016-07-03,320.3012474109737,545.6537050235598,86.27481811283356,7.8105335,0.6923346,25.66198,1.4180956,19.059049055847954,0.9295379483831439,20.3950652797963,1.3959145806937385,24.47083151708792,4598.369643862141
2016-07-04,373.478073941475,559.0440144530592,85.85400693892586,7.9701376,0.71476084,27.820354,1.5415504,19.870279225354746,0.9674754118064751,21.24506947835391,1.4338607205565828,28.782524769605594,4569.587119092535
2016-07-05,357.1560396609363,535.0470521081447,85.24121826331984,7.953785,0.73282224,29.551888,1.7739966,20.90599416224494,1.1035565597005972,22.330288048813056,1.5699540394297757,34.81847029327527,4534.7686487992605
2016-07-06,361.8299126725135,560.9169473894787,84.7798693472251,8.126762,0.756399,31.174248,1.7445041,22.13680749344235,1.1011425495305118,23.61993004991681,1.5675560875870203,42.62966081829424,4492.138987980967
2016-07-07,368.19126251679444,566.4663284755609,84.33401661769328,7.972248,0.72484905,31.64297,1.8342018,22.318321524071415,1.1477381341448445,23.810119830735267,1.614154186935501,55.001956438525625,4437.137031542441
2016-07-08,500.8449002018546,501.3295688829459,83.83556530205169,7.9810414,0.71617395,35.17418,2.8242092,21.584185787073704,1.4574192502706549,23.04089491502654,1.9238253640823675,72.7804819498021,4364.356549592639
2016-07-09,483.2548948834966,456.52376800985,83.72962379280484,8.151906,0.7508611,31.34263,4.8254046,19.417448945675073,2.3756618817731043,20.77059545922842,2.842042254532915,99.00571852809728,4265.350831064541
2016-07-10,466.68413785430926,148.38688,83.7654499077538,8.622278,1.2360865,33.900608,17.135576,14.72071626220863,4.239039040845771,15.849375008469782,4.7053820463176725,129.24436785430922,4136.106463210232
2016-07-11,378.73096740413916,483.364223586568,83.76853656756786,8.689285,0.9962673,27.707968,1.681197,19.352783679177662,1.0392770172183552,20.702839414039587,1.5056567042381714,156.4648965847616,3979.64156662547
2016-07-12,363.8205292971776,595.1226536654578,83.5404728630913,8.695849,0.91073364,28.351326,1.58697,20.89408971410342,1.0437313154816457,22.317814608743692,1.5101286483509542,145.01847330719355,3834.6230933182765
2016-07-13,441.9693509240288,542.2518652727845,83.08750979146794,8.527194,0.8772727,33.014095,2.170405,22.01813252058627,1.258994435470825,23.495582819028307,1.7254063497415624,101.5422693815339,3733.0808239367425
2016-07-14,384.77908569823575,502.4136359569773,82.64708170461704,8.23373,0.8112656,32.501514,2.1377513,21.976477926764616,1.260694221314229,23.451937278011084,1.7271055694579056,67.58240286735696,3665.4984210693856
2016-07-15,343.7526037973326,488.7020136707064,82.12612608707485,8.310394,0.8006482,31.76374,1.9947301,22.07894971388552,1.216806409332289,23.55930686627409,1.6832191537309185,46.93806221591124,3618.5603588534746
2016-07-16,346.5199942450173,540.4166899907843,81.65063449666916,8.316674,0.7745501,29.960114,1.709867,21.504172315018003,1.0848923619104418,22.95705707251895,1.5512974297084143,35.32474833620265,3583.235610517272
2016-07-17,414.43879805907716,497.9557702144066,81.1586592229759,8.609238,0.86508864,32.850517,2.189579,21.83935266167922,1.2579509702418008,23.308257893993876,1.7243604687305123,27.405635392627474,3555.8299751246445
2016-07-18,385.5927776001445,548.4120765336115,80.69891482496847,8.321099,0.8122747,31.00354,1.9280112,21.639364579135396,1.1806775507320777,23.098711064729518,1.6470843901585863,22.98161990893342,3532.8483552157113
2016-07-19,340.185170654352,546.6655245421472,80.33467594021563,8.157086,0.7530967,28.216085,1.6205422,20.521696676212347,1.0398537170591058,21.927622456603345,1.5062465376902354,19.642736056532804,3513.2056191591787
2016-07-20,359.7805183498584,537.0373551455092,79.89888683959414,8.276286,0.7769807,27.821539,1.5801724,19.980480677467554,0.9962651109357273,21.36053818317289,1.4626516563876364,16.79222269674313,3496.4133964624357
2016-07-21,385.943634717168,569.8909592626179,79.41920892217694,8.43937,0.80996424,29.077435,1.6543334,20.744267240522586,1.0391578114774307,22.1608311330682,1.5055533099048655,14.51340839934511,3481.8999880630904
2016-07-22,393.92451900926073,577.0181003521036,78.92447746487325,8.544753,0.8354356,31.454811,1.9071473,22.159891492654385,1.1829888611027044,23.644117385382472,1.6494027168794791,12.728945297285447,3469.171042765805
2016-07-23,397.15759087503676,566.9621674055759,78.42513048699583,8.555774,0.8305257,33.00125,2.06137,22.931229459809384,1.259567576408069,24.452322670680545,1.725992398857295,12.960403341262962,3456.210639424542
2016-07-24,382.1336716166548,522.1552074180834,77.95557769791792,8.630254,0.84488964,33.341347,2.0847857,22.89895283634509,1.2556287691173766,24.418503334946774,1.722053119032209,11.525271685287164,3444.685367739255
2016-07-25,335.10004246348393,479.5724709630957,77.6147826856236,8.441992,0.8139112,31.174921,2.8292937,21.824163001519317,1.6988322403257066,23.292342220001583,2.165241535246621,9.336749380846069,3435.348618358409
2016-07-26,301.8050513928486,386.0139404253499,77.2898992415293,8.889229,0.91022575,31.445004,2.7701442,21.547854957196858,1.6051281073001862,23.00282759567231,2.071533745252873,8.374578824225567,3426.9740395341837
2016-07-27,347.69546973799714,473.9396879852711,76.80708885419338,8.865375,0.90260226,31.56144,2.1570566,21.95703190150918,1.3015513489740445,23.43156179922135,1.7679624335061828,7.7660596024156705,3419.207979931768
2016-07-28,364.6910401955751,500.728885057865,76.28876258708765,8.736996,0.88012654,31.88773,2.1752903,22.1319278677076,1.3121244798881642,23.614817194752103,1.7785379508611676,7.288830715886057,3411.919149215882
2016-07-29,336.6483176943379,465.81715847859664,75.8144633593682,8.786246,0.8823773,31.495943,2.193249,21.968827648451022,1.32586579352048,23.44392134254527,1.7922770379049229,6.801671599622162,3405.1174776162597
2016-07-30,313.96285570492324,377.05976895193487,75.50057902232454,8.901208,0.9308671,30.597017,3.487448,20.739629090196917,1.9493753513794807,22.155971295011685,2.415770793426459,6.372229615624907,3398.745248000635
2016-07-31,599.5298751000431,561.415130495358,75.45756953260211,9.158706,1.1064838,30.772335,4.1724153,19.610724091686834,2.0970648956248144,20.973108496541506,2.5634473464639846,5.92477510004311,3392.820472900592
2016-08-01,233.98246683865003,388.0973304953581,75.4350306916046,9.603515,1.0834538,25.23912,1.7992206,19.35811030736597,1.194167032202326,20.70842063684713,1.6605467755274352,5.43848683865001,3387.381986061942
2016-08-02,127.90582630160094,491.488870495358,75.51971657291884,9.744514,1.1405694,22.570618,1.2343657,19.922010353429737,1.0073880097692065,21.29927317751687,1.4737738973267387,5.105826301600943,3382.2761597603408
2016-08-03,182.31132227210648,457.8684550060606,75.40512680497261,9.58041,1.0704031,25.046782,1.3831619,20.642245899140104,1.035163414399743,22.053933520310142,1.501557678354999,4.9073179147952315,3377.3688418455454
2016-08-04,298.0907972108942,552.1803024966276,75.10317430862867,9.395899,1.0016611,27.178907,1.517459,20.944482626962245,1.0461621466066455,22.370616130577613,1.5125601022595863,4.734764436419918,3372.6340774091254
2016-08-05,331.7052208969509,537.6505794419868,74.70079268840993,9.235644,0.9383209,28.17418,1.6189439,20.948126354166266,1.0633163079382162,22.37443401548653,1.529714308734917,4.570662082000687,3368.063415327125
2016-08-06,315.436481701002,542.4563180989137,74.37382146109296,9.011703,0.9256879,27.990185,1.72918,21.012033586926755,1.1451340303122688,22.44139579551702,1.6115328253519297,4.433859777442162,3363.6295555496827
2016-08-07,314.2341544984644,497.7287913250441,74.01835830849869,9.138925,0.9513016,27.867794,1.7409642,20.619617894237216,1.1289197801764423,22.030223974122862,1.5953137719421369,4.215419015945054,3359.4141365337377
2016-08-08,363.3674293586851,517.3765983812309,73.59609104523597,9.09228,0.9398957,28.32897,1.8069148,20.392513712335287,1.1300522364910501,21.79226498864283,1.5964435288695746,4.05834695857718,3355.3557895751605
2016-08-09,387.020483699589,524.7524698967745,73.14306897059095,9.15755,0.9376531,28.42559,1.6772152,20.246880688727973,1.0441207798109708,21.639671204328675,1.5105103722098119,3.8825307715844652,3351.4732588035763
2016-08-10,288.2841868551637,610.1764605759715,72.76199533284156,9.10834,0.9375673,26.4897,1.44632,20.912637744931168,1.0272825902379326,22.337249172041734,1.4936801519964704,3.737588529043591,3347.735670274533
2016-08-11,286.4462812077853,543.0471246958974,72.25370008897873,9.606096,0.9876248,27.478012,1.8083335,21.306361065823875,1.2320144812435678,22.74979112179727,1.698416994475318,3.4747606991961404,3344.260909575337
2016-08-12,177.54849981991893,790.9650304953581,72.18422950076196,9.867131,0.9608821,24.532211,1.4234841,21.84379974852297,1.1757996588488333,23.31291753638715,1.642209216986139,3.284895819918943,3340.976013755418
2016-08-13,126.01180329947712,680.346660495358,72.52770594150309,9.935074,1.008794,24.985882,1.4640495,22.633851614862905,1.245277517307014,24.140731181280934,1.7116980311602337,3.211803299477123,3337.764210455941
2016-08-14,213.39380925338793,671.879870495358,72.5379179731861,10.401491,1.1000588,26.463316,1.4936736,22.59163870084135,1.1642257222733468,24.09650063426678,1.6306456327128067,2.9733792533879204,3334.790831202553
2016-08-15,215.93105912148692,454.3688804953581,72.39658689779145,10.352298,1.2006519,27.918182,1.922522,22.259491629131816,1.359384236734336,23.748478067917492,1.8257994703576852,2.869869121486919,3331.920962081066
2016-08-16,235.21100310687802,510.36729397121456,72.24142227947678,10.236184,1.1002891,27.516733,1.5662229,22.065159146987316,1.1269106383531327,23.544857157418843,1.5933231941459107,2.814000562025384,3329.106961519041
2016-08-17,236.1728354511522,520.5298807247458,72.10082609513682,10.239192,1.100172,27.616589,1.567461,22.19296722027054,1.1315984300371098,23.67877401971496,1.598012742118613,2.7308744124967372,3326.376087106544
2016-08-18,256.14461877683163,532.5758133191908,71.70058377116636,10.100758,1.0440333,27.291462,1.5608635,21.708613787047792,1.1071535209540317,23.171270148063552,1.573561275950093,2.6888533509000374,3323.6872337556442
2016-08-19,304.6173052593314,588.01450744032,71.24124753035953,10.018559,1.0699638,27.526718,1.547847,21.55192759059214,1.0830387330914362,23.007094887022287,1.549444424312134,2.6324477379037345,3321.0547860177403
2016-08-20,339.33974764030734,587.4355997181412,70.91536839002418,9.928437,0.98449385,28.142445,1.6101786,21.47336705619321,1.0823982647417374,22.92477942762484,1.5488029317748597,2.5790214749383935,3318.4757645428017
2016-08-21,388.7065521528625,606.114230495358,70.7860540385065,9.957319,1.0409292,28.488823,2.090002,21.248004262654526,1.336752535020414,22.68864506291918,1.8031543031683306,2.507322152862503,3315.9684423899394
2016-08-22,416.10039336559066,597.8580804953581,70.53766374897286,9.969887,1.1786855,26.554844,2.0593822,19.748838172913345,1.3070633391629978,21.11782395873128,1.7734473011604999,2.4520933655906414,3313.5163490243485
2016-08-23,348.298242870254,586.3926864080299,70.13273332855586,9.827134,0.99682707,23.975721,1.4299394,18.70346727413027,0.9709558047833275,20.02248790440802,1.4373288712038688,2.419124840204806,3311.0972241841437
2016-08-24,375.11337576956,587.2113514151217,69.68875320376736,9.747894,0.92863727,25.382877,1.633035,19.288373996579185,1.06018958296286,20.63535116878639,1.5265685917060217,2.3691386836397803,3308.7280855005038
2016-08-25,382.49775555139786,594.0954319171792,69.22111668603223,9.672594,0.8943136,25.711544,1.9378026,19.429642378854446,1.2297707039644097,20.7833716968326,1.6961512065647384,2.321929075383501,3306.40615642512
2016-08-26,371.2174565510513,609.3345933689259,68.77077980982071,9.731826,0.9923963,25.55932,1.9603049,19.567346543532814,1.27479248228937,20.927657649864457,1.74117446301919,2.2550559958683363,3304.151100429252
2016-08-27,394.95831257371555,598.0923527120259,68.3689867383137,9.776392,0.9497245,26.435356,2.1639454,19.809715976225466,1.3569297677993484,21.18161151294136,1.8233144028095158,2.1931475421359394,3301.957952887116
2016-08-28,416.87610717347974,587.5494290670741,67.93912689755652,9.746814,0.90488535,27.27283,2.3715277,19.998843318391717,1.4371886766933457,21.37977849556368,1.9035754295639506,2.1456748753050134,3299.812278011811
2016-08-29,422.7688004528662,589.076824066951,67.5521918968309,9.6980715,0.976373,27.36637,2.4279265,19.984210475130077,1.4711831037097307,21.364446252414005,1.937569691261076,2.1041303343510367,3297.70814767746
2016-08-30,434.04615027268363,582.1594222552085,67.12559320920663,9.639347,0.91985524,26.36773,2.412765,19.222629758622976,1.4369693688270446,20.56646458099131,1.9033476901318682,2.0691637057192924,3295.638983971741
2016-08-31,439.8802536705151,580.9707008530008,66.79030838892908,9.385846,0.8597103,24.525232,2.833675,18.001736399745752,1.654657484840494,19.28721669297492,2.1210239382756537,0.0,3293.576885654834
2016-09-01,411.6861255576152,582.0494322971253,66.35639860010473,9.507953,1.0064135,22.879898,2.2599409,17.340150256464085,1.3878009230838784,18.59400899356348,1.854161657548445,,
2016-09-02,426.3194118961055,582.9282473193338,65.7832865290736,9.509764,0.9563379,22.623058,2.0725248,17.083831161654228,1.2633890354418975,18.32543872220471,1.729747688724385,,
2016-09-03,426.487567462698,588.9795219038938,65.20183819223145,9.540588,0.95716137,22.238625,1.8033397,16.905557037059182,1.1205445172378892,18.138643703853628,1.5869017673243333,,
2016-09-04,430.858924484273,591.8048313373909,64.61401242857657,9.578309,0.9484292,22.199802,1.8283782,16.8822353932002,1.131001659270357,18.114207365139237,1.5973587284803896,,
2016-09-05,433.0444448237435,591.0958620919769,64.0217448922427,9.655918,0.9528954,22.669762,2.0856063,17.16702671878309,1.2693783756023151,18.412610742574547,1.7357376961553987,,
2016-09-06,432.2254705324765,587.5103202060036,63.501621804363694,9.683364,0.94736797,23.194637,2.3717194,17.46774553998065,1.4242215225209958,18.727702895469484,1.8905833210041318,,
2016-09-07,442.4521359947072,581.3693502977501,63.10573006278533,9.788465,0.9674656,23.745747,2.743908,17.71400246025719,1.6132280152528624,18.98573005474807,2.0795919199150226,,
2016-09-08,421.2462027777798,626.4797164410602,62.71961547170943,9.720786,0.9383137,23.672329,2.665651,18.0630046567485,1.6379431281031893,19.35141336322734,2.104310136483883,,
2016-09-09,412.1415918084042,628.7509641138239,62.3515403600177,9.86641,0.93527883,23.14428,2.536422,17.88690480966142,1.576244796091773,19.16689654541671,2.04261022098627,,
2016-09-10,435.6477866829067,601.8691069753454,61.97904392879854,9.89738,0.98473036,23.160442,2.8298197,17.5913534554214,1.6928666620338486,18.85721884673578,2.1592295090388847,,
2016-09-11,425.30149790365147,616.1237039356153,61.609771738728014,9.897304,1.1938378,21.522327,1.8020113,16.774852477822673,1.1722907239381828,18.001691913476797,1.6386469683405174,,
2016-09-12,426.7202009646724,624.7777979518257,61.07962265193325,9.853686,1.0584974,19.05127,1.466227,15.31869509466745,0.971346273501785,16.475935185031755,1.4376926350358645,,
2016-09-13,449.9996327296989,594.6229026573573,60.49730312907686,9.785365,1.0784496,19.05805,1.5611846,15.06358830363102,1.0027694447507702,16.208635161422723,1.4691143245199574,,
2016-09-14,442.6501828651602,586.7571016083555,59.90784249389323,9.811234,1.1697509,19.161724,1.6290852,15.140967679577518,1.0560544071537776,16.2897130070313,1.5223997285099897,,
2016-09-15,454.6191430352661,594.0857575196969,59.281332740169766,9.863245,1.1980457,17.220093,1.4025539,14.030860203136708,0.9492242814542899,15.12654618792919,1.415563923256732,,
2016-09-16,462.14859559261873,604.8685840002979,58.58737930166558,9.746185,1.205076,16.30185,1.4051851,13.462447153531231,0.9523381308503233,14.530964937575378,1.4186754101285253,,
2016-09-17,447.05614781083057,620.6664623858439,57.93386827718538,10.05414,1.2127274,16.126781,1.2273331,13.584162591285763,0.8756928995967581,14.658497957191166,1.3420306536748978,,
2016-09-18,381.1601110113932,682.8421836482328,57.38269578323212,10.314695,1.1876421,18.524744,1.165662,15.583638473907008,0.8606039456250643,16.75354195213533,1.3269519248482473,,
2016-09-19,98.84960356195364,868.2178967088878,58.198569407027456,10.649236,1.136921,17.416952,1.0176057,16.725184408856453,0.920951801209001,17.949649880595793,1.3873076685713628,,
2016-09-20,402.17698580429175,593.8468594715712,57.81526119832279,10.901454,1.3054099,21.87246,1.7019612,17.44255954533583,1.143473431196859,18.701313096374655,1.609835018178916,,
2016-09-21,438.29338569404047,580.9632088339314,57.23971874932254,10.914827,1.327022,22.77268,1.8547295,17.673651698238363,1.2013487406431453,18.943450664236924,1.6677122954439394,,
2016-09-22,471.40717754289057,573.968567716128,56.573267635903456,10.942331,1.2650794,23.053331,2.3471165,17.591933995388764,1.4093209094522243,18.857827134529106,1.8756837614229969,,
2016-09-23,478.89016672007193,572.327661435816,55.86931017015711,10.9906435,1.3641969,22.376429,2.7424605,17.189548796631485,1.6172843608388672,18.43620929875622,2.083643863391857,,
2016-09-24,462.5785047592816,585.0381329286657,55.16305045985569,10.967458,1.7339398,19.076708,1.7760088,15.496042321173912,1.252942229780129,16.66175900273406,1.719289665276114,,
2016-09-25,437.0190665464555,621.0316480451557,54.489603364734776,11.166087,1.8236785,15.350187,1.405498,13.621979459481613,1.1171243845672643,14.698122342416282,1.583462289615349,,
2016-09-26,415.1897647630181,648.1906269295555,53.85039219010187,11.468703,1.8207461,14.69993,1.280215,13.438319241900373,1.0556247031585537,14.505683794245705,1.521961890328483,,
2016-09-27,397.69586761459936,651.803970417143,53.242468032318,12.166266,1.5054772,15.682533,1.1765506,14.350084478378138,0.9270322032001355,15.461028292313564,1.3933733338499539,,
2016-09-28,399.88424025567537,654.1371242534307,52.6288043812752,12.515894,1.396061,16.543753,1.0776728,15.01562688082152,0.8531375228951079,16.15838134655085,1.3194821323966535,,
2016-09-29,396.1191306251866,649.9981805508128,52.092301942460885,12.747809,1.3475943,15.59652,1.0973977,14.51783745197856,0.8516543987462618,15.636799284617233,1.3179963585039711,,
2016-09-30,269.0866559736645,625.3498887534931,51.67231164733314,12.655492,1.4603456,13.577869,0.883819,13.300376839959526,0.7581890782258301,14.361148217024597,1.224525751585676,,
2016-10-01,293.86816304350435,647.5994217619783,51.29600993755747,13.068771,1.2286438,13.581057,0.89749223,13.421152714277845,0.7267730733823811,14.48769676528366,1.1931101954244983,,
2016-10-02,329.4535527274808,652.2805249977155,50.89384859732864,13.117305,1.1537238,14.855817,0.86802846,14.272401249506206,0.6946376394474949,15.379632070648388,1.1609783970562058,,
2016-10-03,386.6039904027448,620.7471438331347,50.38534207989179,13.12794,1.1690083,16.313412,0.95922244,15.090882681024608,0.7420708830844848,16.237234116754564,1.2084159178349376,,
2016-10-04,405.4540939772114,620.6759385765738,49.84316074624374,13.119369,1.2439368,16.531233,1.0305647,15.183105114354987,0.7938283900071805,16.333864467151518,1.2601739547122799,,
2016-10-05,411.94605766868574,624.8019752178463,49.29048523864972,13.154473,1.3314941,16.264126,1.0946285,15.028522711762214,0.8456294879011123,16.171893554128317,1.3119741698134306,,
2016-10-06,418.1090313724525,627.574158640331,48.72781388911363,13.409911,1.3005965,16.235346,1.1264299,15.105615755346832,0.8529119774924405,16.252671381666893,1.3192570962534136,,
2016-10-07,423.46212513407625,630.1310994000241,48.105776926425,13.808162,1.2171276,16.503521,1.1413224,15.420197230215361,0.8397914812781677,16.582288775691165,1.306138453076703,,
2016-10-08,420.2859869774526,636.7565806724042,47.46335545285452,14.046893,1.1244789,15.759393,1.0864859,15.078493392942491,0.7926277413631393,16.224252663052784,1.2589727056598963,,
2016-10-09,413.3844956193952,644.5518095027984,46.83083294631665,13.973483,1.3345633,13.756105,1.0843048,13.841044899010148,0.8416360781792409,14.927658361116539,1.3079748899465893,,
2016-10-10,419.5179071184924,640.3268631730572,46.18983480735766,13.995761,1.5088893,11.783789,1.151,12.659352715809955,0.9166812575575879,13.689485330972026,1.3830158287760488,,
2016-10-11,424.1663119165975,639.0298121617561,45.54603757051757,14.614795,1.3847736,11.283514,1.1457646,12.612541678217562,0.8828713887581038,13.640436885798243,1.349205824880213,,
2016-10-12,425.52572838267946,639.6432682016542,44.90321575707143,15.123857,1.1994591,12.310368,1.0023292,13.434331896889656,0.7693502343562092,14.501505867773533,1.235687406368563,,
2016-10-13,425.199153399449,641.5002457021246,44.2459518541412,15.081769,1.2968456,12.434063,1.0378681,13.489470286313674,0.8104335853798379,14.559279683730864,1.2767709686092839,,
2016-10-14,421.0630686132584,645.0158623582274,43.54728666259394,15.217689,1.3904445,10.927139,1.1658128,12.62175287288627,0.8939377488539823,13.650088344085223,1.3602722113614765,,
2016-10-15,416.29739889174607,653.3098019993739,42.8977297149772,15.443824,1.342986,10.848545,1.108461,12.637054524493976,0.8553352651765714,13.666121362333698,1.3216697717300134,,
2016-10-16,425.53676367086746,646.0381611736098,42.22669212796993,15.8352785,0.99665886,12.079945,0.9446511,13.571238030636886,0.6935396250116473,14.644955646723675,1.1598773278682641,,
2016-10-17,414.9043362525882,654.6457346681912,41.54696237596357,15.726008,0.95720446,14.355028,0.8654887,14.886864549283237,0.6469235264952503,16.02346461571705,1.113267423419985,,
2016-10-18,397.3710392854412,651.4664365454344,40.83034658593351,15.812142,1.0046698,16.108246,0.9679502,15.99606169401533,0.7115869556163538,17.185677592366577,1.1779376127559584,,
2016-10-19,364.240795553975,594.2583321470877,40.17332177322906,15.51854,1.0601509,16.199663,1.0509996,15.940828598869707,0.7660916098611565,17.127804544077886,1.2324418970839655,,
2016-10-20,351.0030321631561,612.8032248481686,39.50809169572015,15.682244,1.0389153,14.969868,1.0582306,15.229304022371508,0.7719242117934537,16.38227152504816,1.2382700456366345,,
2016-10-21,321.91084435730266,585.161654758523,39.00680928419726,15.720369,1.0685542,14.911452,1.1098325,15.198528761281164,0.8101924552288536,16.350025311677665,1.2765381095150947,,
2016-10-22,300.8634934201976,613.8132024748538,38.60032680149045,15.183679,1.3238529,11.857203,0.9267919,12.951376267847534,0.7592319456764121,13.995466610564426,1.2255674162586578,,
2016-10-23,295.2139978464372,656.5524718009792,38.234716106385534,15.537936,1.2985739,9.84033,1.0573554,11.6075840928725,0.8332142828957187,12.587445763149338,1.2995464231834668,,
2016-10-24,325.2097482372276,635.4091471917284,37.79561714456182,15.563769,1.2930038,9.048111,0.9982499,11.253934344097729,0.7922180729308355,12.216892765274322,1.2585496800760212,,
2016-10-25,342.5300662197133,627.9332331089508,37.312628597937966,15.391518,1.3560891,7.983393,1.0663805,10.598129225179104,0.8397555697099504,11.529742403429038,1.3060865667925978,,
2016-10-26,351.3111107752864,627.4610201830176,36.80077214772847,15.274733,1.4038763,6.2869897,1.1380544,9.512964195082697,0.8866704307348364,10.392710194345106,1.353001498778561,,
2016-10-27,285.0326511503798,663.9058947981574,36.46141921245716,14.744607,1.5287343,4.913199,1.0394559,7.866258769892648,0.860070797620715,8.66729787881187,1.3264045460310898,,
2016-10-28,136.2415680988,827.141715495358,36.41266238600424,14.201346,1.3008347,5.2578754,0.73592496,6.522660214973773,0.6580864836978856,7.259479905829769,1.1244247167808528,,
2016-10-29,185.14559581479423,709.459006458044,36.21742233348868,14.355342,1.0458703,5.715032,1.0308112,7.503213498191897,0.84564713799205,8.286900284132003,1.3119818945992234,,
2016-10-30,213.87668560366,693.9891075579535,35.96083580180438,14.132636,1.0032386,7.0643435,0.8753996,8.729504767439197,0.7096824377369174,9.571804084182324,1.1760143942527614,,
2016-10-31,200.7062126690899,683.0332609193547,35.750683427070136,13.287755,1.2016084,6.9820642,0.8326938,8.414150681658352,0.6990486446194116,9.24137715108517,1.1653811569258674,,
2016-11-01,237.488156948818,679.5189314586302,35.44995996341917,13.312005,1.095223,5.351355,1.1905065,7.413018625358774,0.9266644625341649,8.192394404693205,1.3929994929957505,,
2016-11-02,252.3506516418581,678.174440236784,35.10418203307619,13.650902,0.8672658,5.818377,1.2538879,7.9424924755708535,0.9436247013943717,8.747175295029608,1.4099582572505014,,
2016-11-03,254.759926970055,684.5618834528868,34.76841825200358,13.326861,0.81897086,7.549169,0.8027705,9.116176724464287,0.6257915524033589,9.976957638981252,1.0921229826760945,,
2016-11-04,257.3363034693148,691.1644674733056,34.42020211682754,12.618691,1.0222607,8.400289,0.81803143,9.54477705507719,0.6574559056128401,10.426043600300517,1.1237869524121662,,
2016-11-05,286.9046959533195,670.9004544903959,34.017684698757186,12.851337,0.9145358,7.050341,1.1020766,8.787994220777497,0.8191224780122401,9.633089133454,1.2854543439490933,,
2016-11-06,266.1506273392501,638.4839091178085,33.663031681761794,12.17553,1.0570532,6.235681,0.9857884,7.983231669066695,0.7621031278408978,8.789861682714585,1.2284365835215127,,
2016-11-07,290.0061678412202,620.2964404659251,33.273428037282635,12.248811,0.9904367,4.906499,1.3663156,7.245628453315358,0.9830477517487953,8.017003554620791,1.4493833151068207,,
2016-11-08,301.9005465492475,614.2707508907083,32.86672245371462,12.338414,0.93063265,4.932894,1.5183423,7.373191727038477,1.063198991401101,8.150663916774638,1.5295341457485816,,
2016-11-09,295.9328882699807,614.8945571642413,32.46891625183863,11.608147,0.9437007,5.218432,1.056638,7.2944856974003,0.776435607147395,8.068196007962861,1.2427710116536885,,
2016-11-10,298.0406502105343,609.5709070537972,32.06308220571963,11.626777,0.91634965,5.0038815,1.1888704,7.178701715449257,0.8532887068656613,7.9468779474622995,1.3196244922570304,,
2016-11-11,309.01948821822293,602.3707955701404,31.640837702957285,11.27907,0.92799604,4.976784,1.1822699,7.113661401848963,0.8423765503387842,7.878728929201101,1.3087125564136495,,
2016-11-12,317.0739622555134,601.5033058379356,31.2023670183378,10.947279,0.9705674,4.0770183,1.2495654,6.448490822331556,0.8841701678092935,7.181765469754639,1.350508708590169,,
2016-11-13,323.6930713461242,597.8778538009315,30.74979816329969,11.000245,0.9500696,3.1644092,1.6437385,5.916672421886264,1.1173841212037614,6.624527967698319,1.583725052573677,,
2016-11-14,323.78940382658,599.0199794538999,30.29919302295841,10.928811,0.93515325,3.0709262,1.770959,5.828050150218184,1.1954868602440267,6.531669854384585,1.6618282214253088,,
2016-11-15,302.4374125474427,601.6906780614449,29.899714371961707,10.53369,0.8844451,3.5169573,1.0142541,5.864105487327091,0.7369704492141204,6.569448513358294,1.2033116344458823,,
2016-11-16,182.67444882926475,666.4612257577777,29.69650240738369,10.701125,0.81390435,5.3580856,0.8385837,6.507533037791105,0.6810714354890115,7.243629701287437,1.1474097308175801,,
2016-11-17,218.68934060008056,665.4637040265778,29.443156414149183,10.259263,0.85894793,6.250294,0.9073254,7.241885828632311,0.7151893033598338,8.013082045271418,1.1815248789990012,,
2016-11-18,252.3506402329764,639.7535468244375,29.115714956303503,10.654775,0.80467117,5.933532,1.266586,7.269036057674561,0.936391156887919,8.041529962453472,1.4027266437990855,,
2016-11-19,269.03876445524213,630.3796016522997,28.756695960085548,10.487793,0.8735552,6.3706713,1.1807042,7.602206424405581,0.8678005852477746,8.39062473382831,1.3341350519976487,,
2016-11-20,204.78455573505,637.9045738791243,28.49424442334533,8.592822,0.98552597,4.8999057,0.9324593,5.79733299660441,0.745382935935462,6.499484525829409,1.2117244481889076,,
2016-11-21,207.36393480081875,640.2748418672288,28.2439042355437,8.124832,0.95453495,2.538075,0.83740056,3.9048033268845352,0.6742681864319235,4.516498407185964,1.1406210878431458,,
2016-11-22,235.84458888766144,650.4072679787447,27.966336990180057,8.017728,0.9298993,1.6965342,0.78990155,3.378696306014877,0.6303056289856513,3.96524526912562,1.0966624241033263,,
2016-11-23,242.92964391208068,648.08522955576,27.676996165898533,8.084742,0.9544673,1.2767509,0.8478127,3.1329070858287182,0.6693215154736746,3.70770816440298,1.1356802381553748,,
2016-11-24,224.3949064090549,661.1407135216928,27.41669557934221,8.004007,0.89747375,1.3400965,0.7335153,3.028732844032917,0.5929857261060161,3.5985547499511705,1.0593452866039221,,
2016-11-25,163.18291149376256,705.9689559231047,27.2855507032512,8.109579,0.8379776,2.7145033,0.757459,3.727426586782279,0.6350439424817802,4.330643665238874,1.1013981212845794,,
2016-11-26,104.00273978054165,748.8073697464283,27.33531029081036,7.5562162,0.8484352,3.6531982,0.74818116,4.129182943404347,0.6650366335886525,4.751602602372075,1.1313879706598873,,
2016-11-27,67.58235764811774,779.8641993966655,27.50816241978271,7.2562437,0.8759655,3.8070369,0.7368609,4.0821049946462775,0.6816862864885873,4.702274488591287,1.1480379470070874,,
2016-11-28,103.55118059913926,753.721233771379,27.73320870161308,7.5582657,0.87907785,3.465726,0.78800464,3.9600697263511577,0.7009103982684367,4.574406351628356,1.1672629090265647,,
2016-11-29,32.315789505999994,694.360590495358,28.18084956113665,8.075221,0.7364268,4.1238422,0.83179426,4.299562724860003,0.7954782449362913,4.930125954967164,1.2618284326056703,,
2016-11-30,32.315789505999994,814.750360495358,29.180965431745104,7.760913,0.8377844,5.2493157,0.74282837,5.345133810305548,0.715203805431349,6.025671764191051,1.1815476665538653,,
2016-12-01,564.159989506,2168.557630495358,30.69589935459481,7.379984,0.73221433,6.077403,0.6805987,6.34631632322449,0.5608467326716822,7.074707378856307,1.0271857076356923,,
2016-12-02,32.315789505999994,946.060130495358,31.883877045226072,6.880528,0.75994784,5.2291207,0.6467925,5.283666768029833,0.6259324006228199,5.96126680740913,1.0922765990802168,,
2016-12-03,32.315789505999994,759.649530495358,32.813224300866786,6.190255,0.72609043,4.3904204,0.73206466,4.463861885309581,0.702817849490996,5.102278053657649,1.169166960221942,,
2016-12-04,32.315789505999994,657.939570495358,33.52710134373626,6.038453,0.80249196,4.0425606,0.77980256,4.136002579357328,0.7442433183127728,4.758748193611849,1.210594608740134,,
2016-12-05,55.513785732593504,616.0442288309865,34.0887849214041,5.738428,0.7826906,3.2530713,0.77088773,3.4585212652507833,0.7101165952288953,4.04888558854503,1.1764727791937584,,
2016-12-06,69.36290540116576,619.8520796654204,34.53422660474525,5.6521397,0.86817354,2.682034,0.73883796,2.9809467809904393,0.6702007586667253,3.548484676443747,1.13656070763375,,
2016-12-07,32.315789505999994,810.798630495358,34.99651003890163,5.6617618,0.7159346,2.8791885,0.65726894,2.98584197446218,0.6326718178257354,3.553613843430055,1.0990317268780205,,
2016-12-08,32.315789505999994,801.886930495358,35.36076543544541,5.1314144,0.7284188,2.926478,0.6557543,3.0118939143835943,0.6309826477207843,3.5809109770256113,1.0973423448100965,,
2016-12-09,34.57119439190475,664.4038905106767,35.61370582125328,3.99749,0.7772282,2.066626,0.66004425,2.162126285307728,0.628575159051744,2.690527360065242,1.0949421702168969,,
2016-12-10,126.60287479871256,608.8179832368003,35.705899973149435,3.574082,0.7345675,-0.17145061,0.5856329,0.47334369376378294,0.501036674156634,0.9210267334599918,0.9674206720347059,,
2016-12-11,186.51763006656145,568.6926034523138,35.6896184856958,3.6545563,0.76279134,-0.9663223,0.5022822,0.17491663012736205,0.42255144894904706,0.6083358763036338,0.8889387876186758,,
2016-12-12,128.0883178296079,600.9691963225812,35.76030897332257,4.221826,0.6266296,-0.893859,0.55422586,0.004917112938377923,0.4699316687752539,0.43021096330729464,0.9363209560573156,,
2016-12-13,140.26526012079418,585.3786092864889,35.80137634306444,4.247363,0.6914777,-0.71305835,0.5938533,0.24577949256982912,0.4973595006255214,0.6825857413382737,0.9637460367900753,,
2016-12-14,170.78541484586697,583.7006685711261,35.7819024957477,3.4609637,0.7014711,-0.83133566,0.55789053,0.14026891321193838,0.4598878121624045,0.5720321169569482,0.9262755452990918,,
2016-12-15,221.4330140780052,573.1910074389222,35.64405751025737,2.2795625,0.7252454,-0.97237706,0.42292625,-0.06617896895075753,0.3659415242098414,0.3557167317336565,0.8323316362268721,,
2016-12-16,259.8711895765228,539.1967129616579,35.384708374820825,2.0743723,0.7044223,-1.1962112,0.44825777,-0.13255889997970458,0.3794397131611662,0.28616406690996854,0.8458306004213361,,
2016-12-17,252.55468861673745,532.0635661886521,35.17445733377818,3.273786,0.816836,-1.6425315,0.9507722,-0.06005615307144066,0.6962854619446167,0.3621321972822057,1.1626755027078022,,
2016-12-18,1052.010429506,25.679930495358057,36.79275013924621,3.3881931,0.96188664,-1.1186886,2125.1694,3.2808001227624795,50.64866987066451,3.862669982955119,51.11502742523941,,
2016-12-19,259.8541626626015,116.54945875737276,38.214932174542746,2.0688791,0.6920288,-2.9602213,4.3791313,0.5116705928083113,1.4376547451416979,0.9611855272648984,1.904038321341562,,
2016-12-20,228.28205216148984,322.77197348686525,39.03074847303021,2.0129457,0.66978484,-2.3034935,1.3142583,-0.5153465273505439,0.8182864708644162,-0.11491950055515215,1.284681926944245,,
2016-12-21,129.7603030718317,464.9948376289567,39.84787455542818,2.3762627,0.67190737,-1.098576,0.58367455,-0.34045537048861,0.47929964770245514,0.06833085576927006,0.945692995557275,,
2016-12-22,134.51576823476591,516.6444399038876,40.50698934925731,3.2320004,0.65145504,-1.1045557,0.748925,-0.20871601579210908,0.6092619045647555,0.2063669012918081,1.0756536874601992,,
2016-12-23,147.52548818068888,532.5969021943953,40.95753590544962,3.6962347,0.6336168,-0.91067326,0.9805378,0.08861209732054834,0.7800522220438384,0.5179062818459411,1.2464405458462258,,
2016-12-24,134.71317799485513,541.753428009659,41.329839733000654,4.0739746,0.5349705,-0.3982607,1.0969352,0.4923509267678903,0.8849251158459263,0.9409424472287198,1.3513089043936775,,
2016-12-25,65.62419278644188,560.7712071285634,41.75289916683007,3.3046193,0.6511503,1.2391497,0.8563618,1.455538214761281,0.769674303406677,1.9501667950971628,1.2360480250435635,,
2016-12-26,107.0270061520052,565.6240692148688,42.097218181891286,3.4092507,0.6482727,0.13375252,0.91257155,0.6549243181624619,0.7742717041097071,1.1112862910026147,1.240653719081954,,
2016-12-27,229.410589506,789.754730495358,42.6829434127738,4.3415613,0.61687,0.40415728,1.151783,1.2904533149555433,0.9032573417743496,1.7771914013952101,1.3696327134968258,,
2016-12-28,49.73792150599999,860.529630495358,43.30035884637847,2.9901114,0.63695484,1.6564816,0.62694156,1.7293524741504611,0.5937058444700151,2.237068440097924,1.060076897939609,,
2016-12-29,32.315789505999994,774.151230495358,43.75746036436174,2.7632103,0.62337214,0.66575,0.5729988,0.7497969658822119,0.5506051952657189,1.2106935269774466,1.0169861891993983,,
2016-12-30,32.315789505999994,757.665030495358,44.20672866304436,2.5307884,0.6018521,0.8946981,0.5861944,0.9616257222046082,0.5627537245481973,1.432646973751674,1.0291324758808216,,
2016-12-31,32.315789505999994,672.331180495358,44.58231788541941,3.0813918,0.57295895,0.36793482,0.6432745,0.49237657699483,0.6143355001140417,0.9409693234488263,1.080719288379581,,
2017-01-01,32.315789505999994,659.676330495358,44.91701167482783,3.3353863,0.7579002,1.0048485,0.4326848,1.1136837785974116,0.4139943171214131,1.5919728854555908,0.8803714902708777,,
2017-01-02,65.61491886767678,636.6934398419697,45.13595124197977,3.2450104,0.93209845,0.25155324,0.4038624,0.5312244742150746,0.3763444282552994,0.9816740173613052,0.8427277899675116,,
2017-01-03,181.359719506,919.395330495358,45.49944735963228,2.7256112,1.0718583,0.08897996,0.46818882,0.5233896894358698,0.42907745274673836,0.9734647566515264,0.8954609003466651,,
2017-01-04,480.333729506,1633.721142495358,46.48628128339987,2.3443003,0.90315074,-0.093300045,0.77746236,0.46054634122756566,0.6348921594745319,0.9076177112181045,1.1012762985250018,,
2017-01-05,64.88767750599999,1590.490730495358,47.21793565543405,1.6638621,0.75304824,0.9567902,0.44493112,0.9845060792319279,0.4285085593162441,1.456620933632312,0.894887071487986,,
2017-01-06,32.315789505999994,1321.500030495358,47.74098043458304,1.2438214,0.6897245,0.21451306,0.31295925,0.23908280954035058,0.3059321892811919,0.6755689797514518,0.7723188010384366,,
2017-01-07,37.32807430599999,783.142730495358,48.08721435968631,1.1484692,0.63144857,-0.05643612,0.2659044,-0.0016178446048148785,0.2554275288802107,0.42336365713217206,0.7218168917284653,,
2017-01-08,64.518052506,615.0230304953581,48.36096707774725,1.0201005,0.5854315,-0.20462161,0.24904947,-0.08834213277694301,0.23215587585431907,0.3324942444375648,0.6985462461520164,,
2017-01-09,32.315789505999994,602.586670495358,48.76760953276644,1.0636139,0.59799695,-0.17975944,0.2547405,-0.11647320045649769,0.24368288012938114,0.3030186078841717,0.7100735790641319,,
2017-01-10,38.67415980599999,669.356030495358,49.19189733853946,1.4715083,0.84764284,-0.2406317,0.25973612,-0.1471108645906116,0.2498757642706344,0.27091656813406273,0.7162668221546942,,
2017-01-11,32.315789505999994,702.383670495358,49.53673740452461,2.7652397,0.75250375,-0.27135634,0.3374817,-0.13779152700777864,0.32433090096014205,0.2806813381967932,0.7907218495457435,,
2017-01-12,257.215829506,705.447080495358,50.77462201343216,3.5868044,0.76558566,-1.3738836,3.8022594,-0.04842745177780781,2.793824904669245,0.3743167107469474,3.2602148102222346,,
2017-01-13,32.315789505999994,1071.839730495358,52.81595972632699,2.5043907,0.6549199,1.3288674,0.7194065,1.3632719755977287,0.6986143179922529,1.853490545097953,1.1649889580235846,,
2017-01-14,35.5473683952,1254.480030495358,54.04204756830608,2.0540504,0.678156,0.40764147,0.3580154,0.4530091164359571,0.3486512423221093,0.8997202328461711,0.8150354646061555,,
2017-01-15,35.5473683952,1225.666330495358,55.02745406418688,2.2180898,0.653826,0.16378468,0.30803135,0.22168537122008997,0.2999161620023879,0.6573400033496506,0.766302970382937,,
2017-01-16,35.5473683952,1128.975730495358,55.72392356899434,2.464836,0.65276456,0.1701678,0.31399414,0.24021313958129975,0.3050608330422474,0.6767533357045183,0.7714474320366398,,
2017-01-17,35.5473683952,1221.180330495358,56.52644075023011,2.5759606,0.76921046,0.35268134,0.37714696,0.41556825398609654,0.36712440315554307,0.8604898251563928,0.8335090398617894,,
2017-01-18,35.5473683952,1459.923630495358,57.5904585041766,2.922875,0.663417,0.9383206,0.49627608,0.9854934642453774,0.48473616933546765,1.4576555122741977,0.9511146711998706,,
2017-01-19,36.0117821252,1383.372830495358,58.4887857128148,3.4707193,0.59864044,1.7087651,0.62004566,1.7534684027527403,0.6045050771232513,2.2623370276512142,1.0708758997044314,,
2017-01-20,35.5473683952,1379.190330495358,59.42531403722481,3.5790539,0.63195944,2.3118773,0.748174,2.343716929826496,0.7295478466743531,2.8807974166554424,1.195913225486673,,
2017-01-21,88.20868439520001,1455.710130495358,60.331902191468245,4.1507196,0.5982245,2.9188242,0.81919163,2.98920605507918,0.7731445996735312,3.5571387156010137,1.239504481311449,,
2017-01-22,118.7156483952,1392.211030495358,61.23679003223205,4.7525797,0.65012926,4.0629506,0.9487544,4.117135744172413,0.8757005201609005,4.738979588198145,1.3420519397606436,,
2017-01-23,164.60981839520002,1403.829430495358,61.93663520875568,3.8165026,0.66973394,3.143085,2.0594907,3.2137610865824024,1.844683973783374,3.792426710007115,2.311042054754845,,
2017-01-24,700.5162474072,1781.004630495358,62.767188016619215,3.34409,0.51346064,2.5844817,0.6170413,2.7989138971036183,0.4659719111795474,3.3577512429554206,0.9323333638738834,,
2017-01-25,327.6589174072,1684.131330495358,63.48663998853708,3.9558244,0.48839074,3.195221,0.6705375,3.319099913284809,0.5669354329263465,3.9028003725431315,1.0332926890746976,,
2017-01-26,332.7289874072,1702.1506304953582,64.19897931677677,4.2798986,0.47773254,3.4371095,0.71303034,3.5749163389924563,0.6015343057146517,4.1708439489349,1.0678896115992766,,
2017-01-27,209.6808074072,1706.5701304953582,65.12386373560581,3.8029985,0.47315887,3.4910936,0.75803643,3.5252230240895415,0.6770726834231174,4.118775463447725,1.1434283622970178,,
2017-01-28,144.9746174072,1461.067230495358,65.91326334333722,3.505474,0.4692646,2.6593103,0.689066,2.7356920777807034,0.628294772024198,3.2915076367818483,1.094656755843566,,
2017-01-29,99.5051934072,1238.5729304953582,66.61423672327345,3.1829658,0.48326668,1.848144,0.575373,1.9474070863348558,0.5337969383521977,2.46554531736233,1.0001659283228408,,
2017-01-30,38.7789474072,908.517380495358,67.1406245240587,2.6959624,0.49440566,0.81045014,0.41939998,0.8876363136457942,0.4027401080094646,1.3551211243838892,0.8691196368268147,,
2017-01-31,38.7789474072,612.673030495358,67.6093235257295,2.6545877,0.49318153,0.14581823,0.31519336,0.29515762345194957,0.29788105588142305,0.734323978085863,0.7642670362446287,,
2017-02-01,38.7789474072,528.847610495358,68.00089714600009,3.034772,0.47666502,-0.06966573,0.34675816,0.1424223456078447,0.32470550967560813,0.5742884760602385,0.7910932182552906,,
2017-02-02,38.7789474072,528.801960495358,68.27927550059934,2.8162518,0.4865209,-0.103725374,0.35075787,0.09577682571236734,0.3284791965662108,0.5254134597634903,0.7948674382618521,,
2017-02-03,38.7789474072,511.242110495358,68.60768963844838,2.5322375,0.49296537,-0.1318996,0.29150015,0.05593400123931354,0.27316819335564735,0.48366628447650656,0.7395568923885829,,
2017-02-04,38.7789474072,485.660130495358,68.9183811298384,2.7107959,0.47494432,-0.15316695,0.26807237,0.058604957810848554,0.25072190224395985,0.48646490364195266,0.7171105705614655,,
2017-02-05,42.0188064072,477.5951704953581,69.22374392461265,3.0906396,0.46256214,-0.21519351,0.28777808,0.052134097113375966,0.26713852442857855,0.4796847579226716,0.7335272671736561,,
2017-02-06,38.7789474072,511.299030495358,69.46173749179378,3.3639288,0.4534672,-0.24716532,0.3298808,0.0074066374498718834,0.30828710632562983,0.4328194785804242,0.7746763648332189,,
2017-02-07,38.7789474072,558.857470495358,69.71739289086445,3.582364,0.46518952,-0.03335893,0.38429308,0.20125517227482392,0.3606228740889647,0.6359333107319421,0.8270099138104475,,
2017-02-08,399.3404611555314,185.1778787727233,70.33610491892152,3.7174993,0.50255984,-2.7433848,3.5507102,1.670663887864282,1.1761130868357919,2.1755747400041616,1.6424847049745073,,
2017-02-09,38.7789474072,441.17525049535806,71.22329857410729,2.284072,0.51360077,-1.5299722,0.8832129,-1.2218081730910528,0.8129116748798431,-0.8551475980437315,1.2793160029292663,,
2017-02-10,38.7789474072,448.164780495358,71.71966669559092,2.6867905,0.46891427,-0.46516538,0.26809424,-0.21415171150952209,0.24955372821090355,0.20067139790009902,0.7159455752856403,,
2017-02-11,122.1279565836732,424.9398350460015,72.3327947158861,3.4713068,0.42369038,-0.7694032,0.29805315,0.17729709313071748,0.2500914746494319,0.610830117301344,0.7164787862676872,,
2017-02-12,88.99716826715661,440.4615888405452,72.96791321509092,3.3349352,0.50796396,-0.476138,0.35145375,0.16446850456523232,0.304590054563976,0.5973883660547649,0.770977512041815,,
2017-02-13,58.3084677934517,430.2997315201279,73.39287167448173,3.044292,0.4587905,-0.41998363,0.31258953,-0.006571401777450426,0.28067806659517036,0.41817333685957264,0.7470674867558189,,
2017-02-14,161.76959608860108,406.9603516008664,73.68859787868507,3.4903483,0.43593967,-1.1653177,0.3762056,0.15894038803865854,0.2963832846269512,0.5915960244551418,0.7627708050168553,,
2017-02-15,152.13955474507006,397.209607130283,74.04291573727953,3.573143,0.4504214,-1.2231032,0.59335804,0.1051936764261669,0.4467971385732621,0.5352804037515156,0.9131852724424286,,
2017-02-16,90.67532817444564,444.1384518180126,74.34156369757005,3.0183353,0.4519438,-0.787202,0.3804171,-0.14198985319764962,0.32507884023295136,0.27628234636630655,0.7914698380448025,,
2017-02-17,112.82945484081742,482.4200231392645,74.56987173611844,3.2871947,0.43942246,-0.71243346,0.31470126,0.04569550285432661,0.2683057434879974,0.47293842086727317,0.7346945603370367,,
2017-02-18,53.77205912720163,486.57624643938544,74.99673833264818,3.9395638,0.42256424,-0.21230209,0.5606092,0.20086544252800792,0.5065692792475074,0.6355249532354529,0.9729563233867256,,
2017-02-19,38.7789474072,579.9276004953581,75.66199869273069,4.2870955,0.44852033,0.66537714,0.9657079,0.8923772067041412,0.9056162204739407,1.3600886159244931,1.3719956992860363,,
2017-02-20,38.7789474072,983.070480495358,76.5634087497829,3.8752375,0.46102488,1.6936753,0.60230106,1.776465055624178,0.579707947487534,2.2864328419197815,1.0460785505158066,,
2017-02-21,38.7789474072,1058.615930495358,77.31677631989675,3.8450575,0.44016835,1.6084372,0.5669954,1.6874732531309866,0.5471804285043564,2.193187535470674,1.0135518845101708,,
2017-02-22,90.7289524072,1178.544030495358,77.86325393675116,4.2704616,0.4355389,2.7885628,0.88028157,2.8944904404280973,0.8179508114111068,3.4578960183387406,1.2843114698472207,,
2017-02-23,305.4393174072,1373.955630495358,78.54787720443738,4.6560545,0.48476338,4.7007284,1.083134,4.692603364292802,0.8905146937205684,5.341952593422638,1.356862356519943,,
2017-02-24,196.6576874072,1343.904030495358,80.42346008053072,5.057169,0.56894463,6.37987,0.9767014,6.211022878860229,0.8551121247136609,6.932947370328939,1.321451692969985,,
2017-02-25,1153.6345474072,32.14293049535805,84.188828967259,5.3246226,0.6928004,12.7935095,431.82065,5.527082127432024,11.724774194923471,6.216316588916966,12.191117082828857,,
2017-02-26,38.7789474072,1491.8183,88.4468231413436,3.9704237,0.5178028,3.8437881,1.0105084,3.846996563424458,0.9849937010384756,4.455928678035032,1.4513470147970369,,
2017-02-27,38.7789474072,2199.015230495358,90.84017248784198,4.1859055,0.48952323,4.2391005,0.8622327,4.238178635046254,0.8473334457488295,4.865807915491333,1.3136840436966335,,
2017-02-28,38.7789474072,1769.3382304953582,92.27429094884064,4.3703914,0.5223393,5.2787457,0.95231646,5.259264047190923,0.9319593391497799,5.935697719930649,1.3983036727290656,,
2017-03-01,38.7789474072,1604.651230495358,93.51504441506395,4.2510033,0.5665027,5.49447,0.87159806,5.465128845118618,0.8511365142942888,6.151402151485679,1.3174797293283316,,
2017-03-02,38.7789474072,1543.406430495358,94.61411387268372,3.466209,0.5286505,4.2198944,0.9189456,4.201421776464608,0.8965161267192149,4.8272942047165195,1.3628669724049245,,
2017-03-03,38.7789474072,1136.471030495358,95.3600011947064,3.0650387,0.54187083,2.2053616,0.7216783,2.2337278014634716,0.6980945893338878,2.765551183935692,1.1644609523565699,,
2017-03-04,38.7789474072,947.063100495358,95.87662717921604,2.422501,0.5609467,0.53923714,0.3897547,0.6133169535373629,0.3750729876776662,1.067690236576097,0.8414554536832143,,
2017-03-05,141.83145715508343,472.0568474161868,96.06452640327856,2.9802132,0.4916434,-0.2626449,0.3152309,0.48657818744438586,0.26769451446876813,0.9348937906986741,0.7340783665491332,,
2017-03-06,38.7789474072,536.347430495358,96.33967377754784,3.411954,0.45711982,0.21676177,0.4331596,0.4322034401997458,0.40512718635533634,0.8779201164065153,0.871511638733597,,
2017-03-07,38.7789474072,877.644230495358,96.68670410897492,3.7399406,0.4397999,1.5671954,0.9530106,1.6591363167641575,0.912873170730944,2.163496190410482,1.3792449002443523,,
2017-03-08,38.7789474072,1215.551230495358,97.26786029202164,3.9815583,0.44639817,3.5153089,0.9306424,3.529723453564704,0.9019762056563155,4.123490998067852,1.3683318506344877,,
2017-03-09,38.7789474072,899.029230495358,97.64680539878832,3.7657557,0.50197405,4.2557917,0.7998198,4.235528372401441,0.7670276809320743,4.863030979351566,1.2333782966907219,,
2017-03-10,38.7789474072,783.1861304953579,97.87517307608792,3.0452175,0.5599836,2.6786938,0.8763716,2.6959857528866085,0.835443706236271,3.2499034852870974,1.3018060259643371,,
2017-03-11,38.7789474072,554.899630495358,97.96726447334572,2.4242136,0.56990445,0.6792255,0.44150653,0.793207726360735,0.4143430762558515,1.256179173414582,0.880723606426107,,
2017-03-12,65.95474551383684,391.5386206499637,97.9466129258735,2.4721417,0.525077,-0.27533138,0.29456687,0.12075937192364115,0.2632201436488613,0.551590086285101,0.7296080995072818,,
2017-03-13,178.8815364948645,240.73733393012043,97.71870217152453,2.789946,0.5271825,-1.1674724,0.36088967,0.5195563707233772,0.30557039785884477,0.9694482184081212,0.7719538875065536,,
2017-03-14,312.9966348016209,226.73189106270024,97.45877199341336,2.6513414,0.5698438,-1.5777384,0.45432013,0.8747681719000727,0.381614133010429,1.3416379294502643,0.8479937976859109,,
2017-03-15,38.7789474072,241.92227049535805,97.57072094343695,2.4858851,0.5402003,-0.6772325,0.2783784,-0.24024696532089523,0.2512592943822684,0.1733288801587049,0.7176514500341986,,
2017-03-16,38.7789474072,287.565370495358,97.7478720641986,3.0439177,0.49682823,-0.364316,0.35101944,0.04067869513851507,0.31489216907653017,0.4676818268917451,0.7812810436985624,,
2017-03-17,38.7789474072,373.4750804953581,97.91044095321072,3.4059634,0.5416286,0.029113173,0.5623355,0.34675882224050636,0.5119803653994274,0.7883915377866391,0.978365767917245,,
2017-03-18,38.7789474072,526.247700495358,98.10033329007032,3.0807266,0.53692645,0.1323747,0.48694924,0.33472619377311497,0.4550235303421898,0.775783790809989,0.9214090673327285,,
2017-03-19,38.7789474072,542.0422504953581,98.26281229178474,3.5191798,0.57464623,0.37656945,0.5433564,0.5863881044940576,0.5085282172707192,1.039474280600187,0.9749109762462493,,
2017-03-20,38.7789474072,558.3930304953581,98.40919744137604,3.6856089,0.6348539,0.6755378,0.720315,0.8710047769332324,0.6747999073401676,1.337694657068531,1.1411796117842727,,
2017-03-21,44.6595254072,670.8259304953581,98.5562148492245,3.828456,0.6549226,1.2197483,1.1884682,1.3825798652240622,1.1150354458162919,1.8737212858477064,1.58140989285647,,
2017-03-22,38.7789474072,761.7812304953579,98.75068877590547,3.437931,0.7364952,1.7416952,0.6909836,1.8238604348845315,0.6584796539710756,2.3360935582957807,1.124849806415186,,
2017-03-23,70.3332174072,617.117030495358,98.81266657245222,3.6684456,0.73223263,1.611461,0.60946083,1.8219116782420004,0.5522119286089783,2.334051657747228,1.0185820995291293,,
2017-03-24,77.8842974072,645.6714904953581,98.83513655677328,3.7942967,0.69808596,2.1223454,1.4222913,2.3023160234173243,1.27141684019849,2.837417688441831,1.7377825878529443,,
2017-03-25,125.1662674072,779.0931304953581,98.96145808479804,3.834176,0.6856981,3.218926,1.5830545,3.304087976162198,1.3672289011174503,3.8870709161418,1.833586274036796,,
2017-03-26,95.2005974072,2007.999630495358,99.5382501679494,3.7149353,0.7012073,3.33635,1.2375515,3.353486492526287,1.1819603763373414,3.9388305127277112,1.648317365979489,,
2017-03-27,1057.1874678822112,3617.027496495358,100.0,3.8911896,0.5911331,3.5619445,0.6724439,3.6364112745726858,0.5372561097486577,4.235278132225943,1.0036109579728085,,
2017-03-28,2630.289715760197,5302.824930495358,100.0,3.3724885,0.6071306,3.1495886,0.820173,3.223492893235686,0.5840257875758041,3.802623663751909,1.0503837918133612,,
2017-03-29,3881.175900238995,5202.932930495358,100.0,3.2438817,0.4883425,4.2173424,0.91123,3.801432332117041,0.5620677504067293,4.408186632224653,1.0284213918773937,,
2017-03-30,3071.496680574536,4586.266430495358,100.0,3.2006822,0.45513383,4.847288,0.93276405,4.186841380746191,0.5877072754360779,4.812016915923351,1.0540582198203516,,
2017-03-31,3567.5845289458616,6292.605750495358,100.0,3.0219717,0.50552326,3.8049374,0.7709134,3.5216470714606287,0.5248838215710995,4.115028592506932,0.9912395273943919,,
2017-04-01,3779.207271163591,7470.845130495359,100.0,3.0471373,0.47126004,3.8942585,0.7745362,3.6096867806695863,0.5381594205776341,4.207276298867388,1.0045144671607285,,
2017-04-02,2541.947471163591,5534.196600495358,100.0,3.5090222,0.44818613,4.632672,0.80831563,4.279005748499499,0.5715810591743826,4.908586425407138,1.0379313837623783,,
2017-04-03,2082.610612538751,4247.434950495358,100.0,3.6197996,0.5247832,6.061053,0.90368193,5.257870619742245,0.6304687633689771,5.9342376914131165,1.0968131046844551,,
2017-04-04,3586.0373387615928,5922.014530495359,100.0,3.5921578,0.53070015,7.0163956,1.3087918,5.72491709158624,0.8393843741687935,6.423607388092759,1.3057262468467712,,
2017-04-05,2849.635172006161,4590.129230495358,100.0,3.8252916,0.48379117,7.63135,1.3261966,6.173524588440933,0.8389475205360835,6.893656789809094,1.3052872569361753,,
2017-04-06,4405.848472006161,9459.63622130561,100.0,3.301437,0.48364592,5.825237,0.8266786,5.023282869111055,0.5845593192081299,5.688437448199865,1.0509049945911242,,
2017-04-07,4755.787632006161,11585.115467553263,100.0,3.0324903,0.42523384,4.9694743,0.73071444,4.405742630175598,0.5326277418233698,5.041380896798996,0.9989772299822163,,
2017-04-08,2898.481572006161,8268.319867553262,100.0,3.2044325,0.36552927,4.806822,0.69195896,4.3909018315587085,0.521063144377963,5.025830758738952,0.9874127295324877,,
2017-04-09,2103.2164547564807,6129.231389990443,100.0,3.5907073,0.3735544,5.965963,0.78200173,5.359135279245646,0.5899867100831291,6.0403424554848595,1.0563304949689767,,
2017-04-10,1552.6696125387512,4270.870256145564,100.0,3.9627352,0.42526117,7.660936,0.93803805,6.674923250424537,0.6972197772983231,7.419020593889931,1.1635573984216734,,
2017-04-11,1246.3175952890706,3073.2131785827432,100.0,4.4881516,0.5339815,9.0946045,1.0696301,7.765501019171098,0.7764484393895548,8.561724252028972,1.242782452496486,,
2017-04-12,1061.7448908280508,2549.770915918632,100.0,4.705181,0.706693,9.098206,0.97376925,7.806705955466629,0.7181987804665274,8.6048986434274,1.1845326839223445,,
2017-04-13,876.2417288254948,2082.679836421197,100.0,4.750686,0.78845245,8.098311,0.93601716,7.106960732210622,0.6989799599023502,7.87170799045914,1.1653159889876694,,
2017-04-14,614.6726899854809,1534.398783292343,100.0,5.0884027,0.8100585,8.342147,0.98079073,7.411518144308186,0.7376007358304976,8.190822205777536,1.2039357709266052,,
2017-04-15,514.5847899854809,1281.9575132923428,100.0,5.4556403,0.90559685,9.344744,1.1039544,8.230785287933166,0.8293554920811003,9.049247518343162,1.295688379854437,,
2017-04-16,484.49064998548096,1222.056583292343,100.0,5.989656,1.0284818,11.310166,1.1552886,9.799667566069466,0.8773159007367584,10.693117006418598,1.3436468191145254,,
2017-04-17,520.8793006000969,1220.1425040840118,100.0,5.994309,0.9606405,12.542636,1.0550004,10.583505961557842,0.7932605296828115,11.514420197793806,1.259591518768881,,
2017-04-18,364.25974998548094,886.970293292343,100.0,5.9427676,0.9525782,11.581886,1.019793,9.94021858345575,0.7742752985982391,10.840385881986329,1.2406061779475857,,
2017-04-19,317.0715899854809,885.9382932923429,100.0,6.107619,1.0635561,10.6382065,0.97805923,9.444101049323152,0.7729010284658959,10.320555625615143,1.2392321464607614,,
2017-04-20,479.498289985481,1262.2151432923429,100.0,6.4121943,1.1523975,10.87037,1.0755544,9.643022424409796,0.8415445291702293,10.528984762452225,1.3078755176693841,,
2017-04-21,2450.122471962476,4669.282957815425,100.0,6.757164,0.9217622,12.07173,1.4804429,10.242737495278787,1.0214592684150785,11.15736416368534,1.4877901404148826,,
2017-04-22,1442.3734908280508,3212.273615918632,100.0,6.5079165,1.0879612,10.032238,1.1396478,8.940127720015647,0.8557079247338168,9.792494093913383,1.3220395733957824,,
2017-04-23,1097.1630866077653,2365.1001025763185,100.0,6.597129,1.0070621,9.859589,1.2585746,8.825741622088135,0.9170610835094576,9.672640731514251,1.3833928930667345,,
2017-04-24,956.7950908280508,1970.106315918632,100.0,7.0928373,1.0572963,11.12628,1.3238363,9.807759852222821,0.9557606846048154,10.701596076187988,1.4220916001224995,,
2017-04-25,812.3381647000153,1771.4908027654276,100.0,6.920285,1.2731937,11.019924,1.1943395,9.731025705949989,0.9114481755525761,10.621194300025872,1.3777791212029007,,
2017-04-26,666.7430107332444,1537.949486232087,100.0,7.415804,1.2637069,10.463522,1.2030603,9.541831195510984,0.9221509765618857,10.422956938716961,1.3884820252798031,,
2017-04-27,534.6860199854809,1209.735893292343,100.0,9.288073,1.4061548,11.888476,1.1965157,11.091421748711541,0.9350299471171557,12.04661262335019,1.401361357238935,,
2017-04-28,444.4064313606407,996.1666545109327,100.0,10.311897,1.8156828,14.839146,1.2489423,13.442522110153249,1.0293861418810333,14.510087545234281,1.4957233450475176,,
2017-04-29,357.5659486103212,828.2480420737531,100.0,9.271758,2.0145276,16.401468,1.1928847,14.251601931922217,1.0311155997411685,15.357838616782795,1.4974562586412508,,
2017-04-30,355.6559299854809,808.3668632923428,100.0,8.510721,2.1522117,15.050949,1.1138626,13.052645587527557,1.0152704677978823,14.101576257553303,1.4816062730426465,,
2017-05-01,650.5848708280507,1325.7384259186322,100.0,8.387455,1.4554135,14.048454,1.0967464,12.184912776468389,0.8779584990649414,13.192368784321733,1.3442918170777665,,
2017-05-02,2457.99097082805,4417.901015918632,100.0,8.17718,1.2726095,11.843468,1.2607144,10.532844829211419,0.9290421724641557,11.46133763649764,1.395373135738173,,
2017-05-03,1314.349290828051,2366.136085423274,100.0,7.4828672,1.2354639,10.6349125,1.1850344,9.509276055594208,0.880376444010251,10.388845774396342,1.3467075145917675,,
2017-05-04,1078.1890186923474,1811.000283777764,100.0,8.267877,1.3348663,9.793705,1.3146136,9.224295643133177,0.9628953453543826,10.09024427237648,1.4292266590759555,,
2017-05-05,1527.2296179318034,3281.143473846201,100.0,9.659213,1.6302959,10.069704,1.2308019,9.93932440650036,0.9866720655991253,10.839448966429062,1.4530029451253519,,
2017-05-06,1684.7465418293289,3556.84150566735,100.0,10.14947,1.4809124,10.142325,1.3114891,10.144621917666145,1.0092489620149443,11.054558996854137,1.4755798249290852,,
2017-05-07,1509.6517763542506,3112.8431557673443,100.0,9.538276,1.5489476,9.389827,1.1737131,9.438308431242971,0.938414825505068,10.314486140191805,1.4047459479490294,,
2017-05-08,1064.311646989315,2677.637012538496,100.0,9.550045,1.3696239,9.00453,1.0846943,9.15968922568292,0.8684512251501556,10.02254988901809,1.334782606909147,,
2017-05-09,879.5827972223811,2243.590823367987,100.0,9.793271,1.2948145,9.211501,1.0851972,9.375345625918369,0.8606447084229978,10.24851392800027,1.3269758817020885,,
2017-05-10,791.2434322032104,1955.6139471372217,100.0,9.975097,1.2293758,9.867808,1.1203171,9.898713190302896,0.8726853825943378,10.796896672919857,1.3390162711179692,,
2017-05-11,675.3007322032105,1600.6106771372215,100.0,10.25176,1.2399251,10.590348,1.1813328,10.489883346026028,0.9086271409955036,11.416322741272472,1.3749580846807046,,
2017-05-12,643.3619053018508,1447.19407606992,100.0,11.00586,1.2574301,11.651533,1.2460067,11.452829391879588,0.9453793221444745,12.425294316451446,1.4117112115300858,,
2017-05-13,952.1746599215792,2196.02900585646,100.0,10.147931,1.386733,10.744757,1.0802975,10.564246708554048,0.8624185928180361,11.494240418330893,1.328749571745573,,
2017-05-14,1000.1917288254948,2609.6217364211966,100.0,10.529616,1.290664,10.707164,1.1636255,10.657969718705939,0.9140708877930822,11.592443067991962,1.380401920147182,,
2017-05-15,859.990969598819,2140.3305743352944,100.0,10.723866,1.2558405,11.100159,1.1972091,10.992300945537187,0.9268093816537153,11.942754184611617,1.3931406864365545,,
2017-05-16,685.7195576090431,1681.4925323250354,100.0,11.632253,1.2761923,11.781073,1.2641028,11.73796336900622,0.971047227583865,12.72405672300299,1.4373796005142765,,
2017-05-17,584.2572589842028,1358.4920535436252,100.0,12.995434,1.4278855,14.212502,1.2761861,13.846483818588018,0.9903327246888606,14.933357242458213,1.4566715596663586,,
2017-05-18,537.305835219825,1202.8628838705515,100.0,13.458947,1.7967018,17.534094,1.3268907,16.275825009720794,1.071914179445292,17.47881263823971,1.5382667638552814,,
2017-05-19,517.1147471020138,1060.1923587070885,100.0,12.634393,2.2232332,19.265593,1.2933564,17.09157635849439,1.1344631923924045,18.3335541129782,1.6008219074611625,,
2017-05-20,394.6087571020138,814.8801487070882,100.0,11.310983,2.4521756,17.851171,1.1857104,15.717364596262012,1.1305992235952553,16.89365972601902,1.5969480498078668,,
2017-05-21,244.14586212118456,611.8297149378534,100.0,11.334146,2.699927,15.565759,1.1482273,14.358795713904167,1.125443167695987,15.470155895119868,1.591784340608236,,
2017-05-22,298.88969208284334,707.5340824763233,100.0,10.917808,2.8463633,14.701498,1.0931302,13.577810274138006,1.1424275306640381,14.651842020998057,1.6087652595433384,,
2017-05-23,267.0055650866775,625.4650617224764,100.0,11.462216,2.782178,14.570926,1.0956529,13.64087527973602,1.1324454063559326,14.71792131828672,1.5987833874514616,,
2017-05-24,180.23853971918604,520.6860289961927,100.0,11.766778,2.8739278,16.689657,1.1340698,15.423768410626314,1.1206532005174734,16.586030646318292,1.5870001940016993,,
2017-05-25,103.4105262964,611.284230495358,99.9750770544116,11.126725,3.0388865,16.193651,1.0539974,15.460508162198932,1.0030088926315703,16.624526432427523,1.4693561100617165,,
2017-05-26,103.4105262964,500.0816720309882,99.9575851303868,11.728163,3.306332,15.270447,1.0632262,14.66346386195391,1.0474779030974668,15.789386139190425,1.5138206087010746,,
2017-05-27,157.04504062099934,574.0256634058087,100.0,11.988645,3.4923537,16.113022,1.0924933,15.227043258774849,1.1395842585939955,16.379902704679616,1.6059300792099849,,
2017-05-28,103.4105262964,427.7697504953581,99.95564542091384,11.648499,3.3122733,16.981462,1.1511291,15.943237544071192,1.1292435997224746,17.130328628625435,1.5955939030061306,,
2017-05-29,189.89448851201365,736.4049597207527,100.0,11.196218,2.9930716,16.466513,1.0511479,15.386084528637985,1.036734511203288,16.546545603586825,1.5030812765904173,,
2017-05-30,350.40439244394463,1061.4251564590188,100.0,11.883946,2.6476,15.152584,1.0270898,14.341335300699553,1.0139281802000824,15.451860933849511,1.480269268490753,,
2017-05-31,650.2173582108787,1032.972585629528,100.0,13.269801,2.5990915,18.492428,1.3891343,16.474923777034082,1.3171379514573407,17.687427646045485,1.7834919619620273,,
2017-06-01,338.98136195266,905.4478547000424,100.0,12.901429,3.1927927,18.181602,1.1636627,16.743288178424418,1.2137843709154614,17.968618948464467,1.680140375380316,2.038452499768987,4857.961547500231
2017-06-02,249.78535120920034,722.0379347000426,100.0,11.869158,3.5514395,18.088015,1.1494898,16.48959711739501,1.2500477158145702,17.70280232191736,1.7164018332143385,2.2971017563093437,4855.6644457439215
2017-06-03,271.3786718556894,620.3461000013219,99.90319006213797,10.939241,3.3289702,18.54463,1.1788317,16.230081511046695,1.3034227315857514,17.43088275669532,1.7697749947507146,2.548355607639901,4853.116090136282
2017-06-04,279.7926721065851,696.0552859186321,99.80885301599646,10.555705,3.1023629,17.029022,1.1286514,15.17300900606861,1.1997142963420895,16.32328579940087,1.6660598025559326,2.69272812112581,4850.423362015156
2017-06-05,914.7909566775113,2531.0667935705683,100.0,12.239403,3.2699404,15.514271,1.1695094,14.644873419508244,1.221276791796129,15.769907137144106,1.6876194008356966,2.38977872383724,4848.033583291319
2017-06-06,3088.280103572339,7020.864354500055,100.0,13.412894,2.7803912,12.806683,1.3482404,12.991876439915972,1.2642149838826133,14.037902552414822,1.730550586897428,2.163413169291715,4845.870170122027
2017-06-07,1585.818945686593,4227.910817275039,100.0,14.258097,2.583136,12.796022,1.3425602,13.19483439772966,1.204045183170993,14.250561206834933,1.670381478100503,2.0200553400107486,4843.850114782016
2017-06-08,853.2431370286936,2704.3738045109326,100.0,14.68663,2.7404227,13.499519,1.3087329,13.78423078439841,1.1923546084602872,14.868128726035694,1.6586931798005777,1.9691056680526693,4841.881009113963
2017-06-09,648.7219296375225,2015.7600596365733,100.0,14.658625,3.1649766,14.539034,1.3008571,14.568150674360353,1.2499262131548996,15.68951730704173,1.7162684278564677,2.02200377752078,4839.859005336442
2017-06-10,558.1644419836643,1559.3686924763233,100.0,14.184148,3.4317212,15.8012905,1.3269093,15.375024908303848,1.3315665666079206,16.534957371206136,1.7979132653604433,2.1845099008209647,4837.674495435622
2017-06-11,365.7103621932046,1095.860738455806,100.0,13.329153,3.623675,17.40328,1.3426514,16.383863185501518,1.3548263687011735,17.592014669512725,1.8211797213361591,2.4552340899126297,4835.219261345709
2017-06-12,296.9920962301507,896.7309712199117,100.0,11.948369,3.7849689,19.921288,1.3646768,17.93766684095592,1.3920127782059357,19.220084828285763,1.858378655913806,2.883179140917227,4832.336082204792
2017-06-13,296.2136014386075,689.6413233301649,99.87543365254233,10.570527,3.2335243,22.932014,1.524,19.217836439212046,1.4423859947237418,20.56144215729768,1.9087642661017101,3.332053317671125,4829.0040288871205
2017-06-14,402.45735115935577,654.2446794766181,99.5953546289956,9.465093,2.5019286,26.053545,1.4917506,19.735638535702414,1.327039507712194,21.103993423982367,1.793423324344852,3.7311888970160667,4825.272839990104
2017-06-15,449.46099709268947,638.0648326848351,99.18767569243586,8.877223,2.1502519,26.514408,1.4951547,19.225177288327284,1.2487049074707837,20.569133873907187,1.7150832553211772,4.030660320180051,4821.242179669925
2017-06-16,513.1106038569781,697.5766383379207,98.79085397744738,8.571401,2.1284087,24.960186,1.4562926,18.014329749923547,1.2319818619547835,19.300411962242997,1.6983484291054416,4.2848629065836725,4816.957316763341
2017-06-17,554.8739637090616,680.1285857332513,98.35067904337204,8.832762,2.2897313,25.196148,1.5647019,17.844246548806012,1.3419592551702149,19.122199365512383,1.8083243018180912,4.399479595757679,4812.557837167583
2017-06-18,407.1926782338362,612.2329161120808,98.0206953534256,9.015362,1.8934636,26.310017,1.6132004,19.401953047048234,1.2290844590939796,20.7543589096173,1.6954646670926117,4.532084751882238,4808.0257524157005
2017-06-19,238.32697465151705,790.8373212946389,98.1726160633134,9.09227,2.0317845,22.526703,1.423679,19.415646869973997,1.1908809694565348,20.76870725046892,1.6572613230415467,4.714904218049239,4803.3108481976515
2017-06-20,127.84080588619506,988.6925396743956,98.51592951104428,8.770655,1.7854327,19.66259,1.2097396,18.415485497330796,1.090558550684711,19.72074158309399,1.5569288350920656,5.040805886195054,4798.270042311457
2017-06-21,128.15233896026683,563.960630495358,98.50168161891804,8.558033,1.4267039,21.946163,1.3261098,19.46720342147708,1.1123886432558312,20.822728028896595,1.5787695468894785,5.35233896026684,4792.91770335119
2017-06-22,386.0709475876233,610.4931531075572,98.12255119432672,8.413237,1.1986638,27.10624,1.6149732,19.864532276697783,1.0928893434153049,21.239047845196104,1.559274588052998,5.677549519212861,4787.240153831976
2017-06-23,355.9797570852061,582.1615681474357,97.77011024652508,8.27167,1.0200791,27.186579,1.6414046,20.009275800975082,1.089637162017443,21.390709615152872,1.5560240329018717,6.039306314736018,4781.200847517241
2017-06-24,279.9012253974538,560.2260160596769,97.52095812328344,8.088758,0.9631509,26.690449,1.5395485,20.49301145581746,1.0756054546724458,21.8975661807291,1.541997934305397,6.449849730902845,4774.750997786337
2017-06-25,207.48129104150604,498.2194722757058,97.28721635003508,7.962604,0.9527887,25.472607,1.4694349,20.324535214004452,1.0745653712371666,21.721037350464655,1.5409558670824048,6.901338930597157,4767.84965885574
2017-06-26,419.58606876212343,612.933904784288,96.776506689952,7.7677846,0.9276946,27.54831,1.5761387,19.51007973019408,1.0087346791864755,20.86765367860494,1.4751160425754277,7.4504594446222665,4760.3991994111175
2017-06-27,444.5104970540315,705.6167394034411,96.23444393774425,7.489837,0.8927088,25.353289,1.4998825,18.449277124520375,0.9827511819933857,19.756148334552332,1.4491217879297087,8.10489293690721,4752.29430647421
2017-06-28,524.2765851437384,804.3249762370376,95.69888785842994,7.828705,0.9820628,25.38559,1.5115693,18.457505320438525,0.9937670416586927,19.76476981010869,1.460137726084377,8.568948452704419,4743.725358021506
2017-06-29,559.8779485089696,810.5389248195099,95.14070686035672,8.141812,0.9518115,27.400433,1.7005211,19.532405701321515,1.0783345162517406,20.89104675483475,1.5447161198704842,9.077085320308834,4734.648272701197
2017-06-30,499.3787379064791,762.14768481951,94.63488579178863,7.839321,0.87398255,28.638008,1.899866,20.404790114726232,1.1988061472965486,21.80512816110328,1.6651975840861881,9.973041744606318,4724.675230956591
2017-07-01,455.60667882682134,741.4871850705124,94.44972327131298,7.52305,0.78320616,27.473202,1.6097935,19.880294685161342,1.0407179321185844,21.255563642903123,1.5071033526904638,11.072847691367471,4713.602383265224
2017-07-02,206.46897093867196,580.8751249812325,94.41151642998516,7.9868097,0.8537453,23.9869,1.4115901,19.791120799353152,1.0652150405286707,21.16212755017898,1.5315994695170512,11.877016008511864,4701.725367256712
2017-07-03,232.09674403556974,566.8357320672712,94.22690737271792,7.9791684,0.79738367,26.256496,1.4791851,20.946775709991467,1.0747305098741433,22.37301881513712,1.5411284939353411,13.07636907445805,4688.648998182254
2017-07-04,300.6804859380376,553.9224587323671,93.95699568996454,7.9301996,0.79189706,28.25069,1.5662032,21.10120063279259,1.0526963029894851,22.534824721372946,1.5190962140050015,14.588014177260723,4674.060984004994
2017-07-05,343.0605683591756,545.0976489333295,93.55331326472658,8.033998,0.8021483,29.402405,1.6311955,21.148629958556175,1.0479784368450837,22.58452100677899,1.5143789451687995,16.30184177574822,4657.759142229245
2017-07-06,345.13541604318226,544.6194984546945,93.1308869374102,7.840844,0.7705319,28.960077,1.6718848,20.767938985035595,1.0661161284643699,22.18563430605112,1.5325119150240312,18.738212089275162,4639.02093013997
2017-07-07,144.40338046458555,333.18315049535795,92.94559474129107,7.783773,0.74310136,27.041904,1.6445956,21.219003026702968,1.169127816148578,22.658257667024902,1.6355292154647958,21.603380464585545,4617.417549675384
2017-07-08,148.427873141028,321.938930495358,92.77612508428224,7.5362587,0.6943802,27.33556,1.8390051,21.0877376426451,1.2776228086730392,22.520718246317333,1.7440225506090286,25.62787314102798,4591.789676534356
2017-07-09,152.9905916305713,287.332810495358,92.60849048351528,7.8625655,0.725507,27.182943,1.6816185,20.470068171094564,1.1259203525822963,21.873526285424145,1.592312560152004,30.190591630571294,4561.599084903784
2017-07-10,216.13434806307325,395.3853728398276,92.26098374681798,8.052315,0.75889647,27.74606,1.6057974,20.78554037411872,1.0723345453701287,22.20407698136508,1.538730546588998,36.44708060526964,4525.152004298515
2017-07-11,242.61859736125643,404.516828491506,91.89450535602798,8.06064,0.7666909,28.625238,1.6981789,20.915331430036346,1.099740856842721,22.340071606087037,1.5661384518749897,45.55013075055347,4479.601873547961
2017-07-12,291.4034882686469,445.1532915239981,91.56678389145418,7.9971695,0.7797721,29.637949,1.9709805,21.076221222538884,1.230502621574642,22.508651380696953,1.6969022190422087,58.92707442751791,4420.674799120443
2017-07-13,454.1406394550188,522.4773332946048,91.58094751210484,7.661406,0.71781474,31.63187,2.2495685,20.485278401710662,1.248920672083017,21.889463513070123,1.715313059949575,80.19639365890599,4340.478405461537
2017-07-14,233.5119962710004,1612.1077304953578,92.02958432880116,7.5913115,0.67742825,19.522726,1.1940086,18.01313640614337,1.046455856564017,19.29916158070937,1.5128224129312349,110.71199627100042,4229.766409190536
2017-07-15,268.36900478746765,848.343330495358,92.16617925327662,7.918618,0.80928624,21.519535,1.259537,18.25095424288831,0.9764100610065161,19.54834629711111,1.4427787985472722,145.56900478746763,4084.1974044030685
2017-07-16,312.50740131054863,630.3848780541169,92.15215698446696,8.088125,0.81356794,25.195454,1.4692835,19.525488088545647,1.0186483797402113,20.883798503814873,1.4850299088637784,163.9657273366858,3920.231677066383
2017-07-17,302.4685538106965,610.4948664145307,92.05870036572044,7.9982243,0.7949553,26.48231,1.561685,20.358455570605997,1.0769917253466383,21.756578984160814,1.5433826179908476,134.85939080644218,3785.3722862599407
2017-07-18,286.0889565831294,626.8025642489648,91.95301579447934,8.143906,0.8172925,26.86127,1.5519198,20.995479212514415,1.095917821688553,22.42405017859607,1.5623164105413383,86.32677715425527,3699.0455091056856
2017-07-19,250.66409940902597,560.2818461088009,91.74037227963952,8.250882,0.8299242,28.143192,1.6145124,21.994461867735538,1.1445830933755297,23.47078078988539,1.6109946856953998,56.7204247077946,3642.325084397891
2017-07-20,218.3858848179302,530.2371588083502,91.4960814652469,8.195362,0.8066985,28.0437,1.6265886,22.25360675709486,1.17587407550362,23.7423119191136,1.642289227401704,41.09647456372733,3601.2286098341633
2017-07-21,214.72525514816687,500.71393049535794,91.28341930732788,8.312668,0.84204054,28.310492,1.6275018,22.308530967860808,1.166737942059124,23.799861319405135,1.6331538582483451,31.414835148166866,3569.8137746859966
2017-07-22,289.8246653766709,526.7407426222264,90.95360764439152,8.251358,0.8542866,28.730854,1.6956273,21.462038802016007,1.1350453558743092,22.912909721621666,1.6014498758039308,25.519468219696684,3544.2943064663
2017-07-23,315.13511046190393,500.36148822889095,90.57330433002409,7.9021077,0.7211345,27.160679,1.5537206,19.718524039359227,0.9932065536116456,21.086060913216954,1.459590182062537,21.757948759931427,3522.5363577063686
2017-07-24,240.03602878765494,1059.4321704953582,90.80637647747676,7.790107,0.7379419,19.378275,1.148447,17.237723987769563,0.9461778363070309,18.486687099352046,1.4125377301090036,18.60469878765493,3503.9316589187138
2017-07-25,152.22019474825194,1002.718930495358,91.0045170210912,7.8921556,0.6834193,17.926334,1.041617,16.60383641768961,0.9088073790497474,17.82250187025853,1.3751623371021213,15.981823748251953,3487.949835170462
2017-07-26,136.50592617970557,798.729730495358,91.09031802447572,8.335785,0.86700475,19.295904,1.0902438,17.696177696773585,0.9396731759370125,18.967053328500857,1.406036925819947,13.705926179705566,3474.243908990756
2017-07-27,135.1953283742731,669.690930495358,91.08384425252063,8.091197,0.7838778,20.977531,1.2453388,18.813036519503704,1.0444934747184784,20.13729418516658,1.5108676245239618,12.395328374273099,3461.848580616483
2017-07-28,157.81171246185863,631.1619393023229,91.02769423984972,8.148858,0.8335813,22.093456,1.2710868,19.304236480947182,1.0304213551919956,20.651971825683987,1.4968005305373697,11.11449147194372,3450.734089144539
2017-07-29,232.28142847251527,597.1029672248357,90.82753698001824,8.017478,0.81143135,23.725643,1.3434169,19.326338007041073,0.993512867491655,20.675129729174877,1.4598922754470243,10.1723719499611,3440.5617171945783
2017-07-30,303.36231234358735,568.5405490083385,90.49954044946357,8.234989,0.87006915,24.875616,1.4127486,19.085820809451533,0.96967428267488,20.42311663170747,1.4360511893136862,9.195303738947823,3431.36641345563
2017-07-31,356.85393475170144,541.4329389470961,90.0749202534246,8.379883,0.9029183,26.7413,1.5597485,19.44703371688786,1.0062259221619474,20.801594281374694,1.472606610246303,8.395888278574505,3422.9705251770556
2017-08-01,392.12671521575663,513.3072077141024,89.55856535710984,8.428935,0.9122651,28.767887,1.850379,19.959462489437083,1.120947247530641,21.338515397601643,1.587333556040809,7.75153194106998,3415.2189932359856
2017-08-02,574.8837698943304,285.3698350039734,88.8372450839566,8.144357,0.85759366,36.654564,10.556012,17.60197837716647,3.5483087472505783,18.868351603420788,4.01467168519851,7.365129232356159,3407.8538640036295
2017-08-03,362.4839987892276,364.8995661796382,88.44942941761957,8.434099,0.90662843,29.625057,2.3048651,19.064764725114618,1.2413974467287376,20.40105413851587,1.707774137538573,6.757315852906374,3401.0965481507233
2017-08-04,224.22318350934665,439.9987507531045,88.14687821340794,8.360049,0.8692737,24.650343,1.4063774,19.151184717423014,0.9767445606336976,20.491604711044644,1.4431221404948078,6.371176778581445,3394.725371372142
2017-08-05,166.00754857229,442.4726206124672,87.99400659827378,8.264511,0.81072974,22.997759,1.3132296,18.978186056734405,0.9802309184240942,20.310337305741456,1.4466067271134975,6.035125010668496,3388.6902463614733
2017-08-06,208.20585946006585,525.0266210854159,87.7159124470511,8.28474,0.8630447,22.23291,1.2554107,18.27224182928093,0.9317356515291856,19.570651357365325,1.3981045874651121,5.696778817804157,3382.9934675436693
2017-08-07,233.6596359107388,538.6048967378474,87.39877463144427,7.5895414,0.6487059,20.282433,1.197779,16.442017526609344,0.8581221091327597,17.652948589334834,1.3244758808111214,5.60037099991591,3377.3930965437535
2017-08-08,206.6347787729637,478.4500892954393,87.13576601997653,8.226335,0.8674757,20.477703,1.1798434,16.782454604349606,0.8645243060952679,18.009657395665148,1.3308806084557696,5.126637701696669,3372.2664588420566
2017-08-09,234.63442511933658,524.6913527901735,86.80813762974165,8.489295,0.8949579,23.088543,1.290346,18.577322266609766,0.9335262929119764,19.890313596733176,1.3998981290519026,4.8018495979261715,3367.4646092441303
2017-08-10,273.905307602549,523.5155839373075,86.37820875534268,8.547578,0.8851823,25.54139,1.4385489,19.704202046445243,0.9921601587000511,21.071054377998966,1.4585436299314325,4.555911818148101,3362.908697425982
2017-08-11,285.5361124788988,455.63896800524105,86.05988869186204,8.276918,0.8075721,26.447783,1.590431,19.447496034101967,1.026026738330556,20.802078695771286,1.492407431350387,4.428306452995743,3358.4803909729862
2017-08-12,347.42120132471644,367.302130495358,85.90195661340638,8.492744,0.85897017,28.62896,2.151918,18.840909137580542,1.1820857942974712,20.16649901910971,1.6484602218885316,4.188961324716422,3354.29142964827
2017-08-13,171.55670173073247,575.689990495358,85.83344457139663,8.598733,0.92691845,22.57214,1.2342381,19.364053834675417,0.9743976737732122,20.714648244445037,1.440777479962862,3.988191730732476,3350.3032379175374
2017-08-14,126.6634089737737,390.412550495358,85.64706527791809,8.449201,0.85394865,23.275723,1.2832228,19.64380388643124,0.9912077842894385,21.007769392397076,1.457590595080768,3.8634089737737054,3346.4398289437636
2017-08-15,195.88374796141267,483.1967278505908,85.34952280219494,8.536462,0.8244033,23.239658,1.3048702,18.99845669401185,0.958444244539018,20.331576810189055,1.4248202589905534,3.7013436523260888,3342.7384852914374
2017-08-16,186.97953759062108,420.9231997161757,85.10349598738377,8.638044,0.92830837,24.12511,1.3583266,19.361578054501585,0.9829168297395017,20.712054130441928,1.4492966097379778,3.540683338889055,3339.197801952548
2017-08-17,206.12039004849018,443.59536101107307,84.86575521223469,8.647054,0.91971946,24.636341,1.3838726,19.56378722006916,0.98886962328767,20.923928202906175,1.4552515655384082,3.4118001622352536,3335.786001790313
2017-08-18,159.35412757615882,439.7922839617113,84.72942149524626,8.478566,0.8071969,23.567074,1.3501294,19.554004683905262,1.0140248563314476,20.913678094953575,1.4804066928999038,3.3283946057419813,3332.4576071845713
2017-08-19,125.96601120669719,440.573530495358,84.80667106596698,8.733514,0.8672115,22.783878,1.2887139,19.65988036851012,1.0205581263272498,21.02461427536462,1.486941112503875,3.166011206697194,3329.2915959778743
2017-08-20,187.3536574676841,518.7424690644095,84.70494662978592,8.947545,0.93727005,24.003643,1.3400396,20.00869827049654,1.015402973961143,21.390104480691647,1.4817898383092056,3.0205552329520873,3326.271040744922
2017-08-21,247.58305116739058,533.3609325145948,84.26839293215352,8.859046,0.9572857,25.285486,1.4565612,20.07780387897173,1.0400511586828418,21.462513101026243,1.5064388078606563,2.943298517039749,3323.3277422278825
2017-08-22,246.7270198689141,559.0878256291878,83.87728780894366,8.748783,0.95397896,25.74656,1.4722466,20.542124590787257,1.0624112491972166,21.9490267556656,1.5288043132405835,2.8700141149604135,3320.4577281129223
2017-08-23,258.52707429572615,569.0553037280392,83.6496126828784,8.892282,0.9237505,24.71733,1.3788972,19.773770230150106,0.9910864939056159,21.143947683077982,1.45747073101816,2.7665330922393063,3317.691195020683
2017-08-24,279.28928788376913,619.2053588850276,83.31491177656272,8.798853,0.9753977,22.950111,1.2711496,18.551315119671344,0.9270081940723448,19.863063397072082,1.3933797788293578,2.7092317315427734,3314.9819632891404
2017-08-25,286.0742031555906,598.8985590317282,82.96669905426978,8.722614,0.968867,22.00602,1.2177904,17.7120573937996,0.8816354573405399,18.983692020762685,1.3479993450952854,2.6469254266030204,3312.3350378625373
2017-08-26,317.17365926208845,587.292222852864,82.5683478685289,8.77661,0.9759814,21.982853,1.2126393,17.351752569143144,0.8585631016528593,18.60616585712808,1.3249239320997563,2.565267431039737,3309.7697704314974
2017-08-27,334.35390357632474,574.3683539885897,82.13916379383625,8.763547,0.98145074,21.990057,1.2256693,17.12351473579318,0.85472831463593,18.36701903553599,1.3210872852135152,2.4982361639190342,3307.2715342675783
2017-08-28,338.1337543464015,560.9518100198219,81.65570746925282,8.840141,0.9876449,21.63742,1.1884407,16.82453933775593,0.8293169751261652,18.05375363546883,1.2956735995338668,2.420602884003135,3304.8509313835752
2017-08-29,318.46648405617316,558.6874672855564,81.2336820233029,8.428102,0.9080788,19.251818,1.1144329,15.32207330001861,0.7826493495865924,16.479474857050885,1.248995731242009,2.4125871770778904,3302.4383442064973
2017-08-30,313.33079875963324,552.9585784607339,80.80730622999185,8.80171,1.0348004,19.399336,1.117233,15.566248877789539,0.8053886796482658,16.735321192766804,1.2717365502325535,2.2996528865871695,3300.1386913199103
2017-08-31,329.99356572282244,550.6195331719618,80.31211416810848,8.579315,1.0093917,20.200123,1.3492576,15.845438855625332,0.9245625765205708,17.027855497179953,1.3909122330982344,0.0,3297.8628723729507
2017-09-01,341.4125511470368,553.9846270986696,79.80721802094574,8.68198,1.0634761,19.625504,1.341591,15.452767311145214,0.9238002961991925,16.616415595154212,1.3901474663168791,,
2017-09-02,324.7792232536642,556.021847586116,79.35575794128982,8.70025,1.0102755,18.65358,1.2273378,14.983472004064273,0.8596830157785503,16.124689576600556,1.3260274455571284,,
2017-09-03,244.1641838590984,448.74828280753184,79.09827406862135,8.585053,0.9205327,17.532726,1.1734436,14.379801001496451,0.8262839854881422,15.49216516365608,1.2926252606641853,,
2017-09-04,218.2228635346129,506.0160320303492,78.81604622160808,9.23147,1.1032089,17.51689,1.0013088,15.020381897513127,0.7745573573415561,16.163363636786105,1.2409019935206362,,
2017-09-05,274.1231282633283,520.5057643794345,78.37518852476613,9.291744,1.1435615,21.132425,1.2283593,17.0477455698149,0.8961175442662495,18.287628362427885,1.3624759105851338,,
2017-09-06,210.8220462934988,243.5337196691532,78.33704822464502,8.734873,1.1777713,23.770943,3.2304583,16.79417413859353,1.8157110707425008,18.021937083584707,2.282067462581523,,
2017-09-07,173.0453570988,306.41113049535807,78.40826061620942,9.578669,1.417144,20.754978,1.6698899,16.721226351926365,1.1834310396072503,17.945502642074388,1.649786877044599,,
2017-09-08,134.4984707553897,388.9211388736621,78.29887884128681,9.594684,1.5251786,18.609608,1.26142,16.29312303239051,1.0159213792415518,17.49693744726271,1.482274085754736,,
2017-09-09,216.7746572315272,478.4614961451964,78.01549669827752,9.636961,1.3565463,18.241444,1.1593416,15.558565638961893,0.9030411714126348,16.727270721387036,1.3693889941071964,,
2017-09-10,279.2770425233257,503.7845240808889,77.64555229149876,9.456204,1.2281132,18.887863,1.2726296,15.524084533492525,0.9285459473684777,16.691141536943995,1.394893555973232,,
2017-09-11,310.2473713314513,508.3865661136023,77.21694444486089,9.513727,1.1548138,19.730167,1.3442265,15.858322389969018,0.9425568121842572,17.04135482042511,1.4089065533303196,,
2017-09-12,315.54930906859045,508.7519602760943,76.79822187904922,9.543035,1.1187416,20.948135,1.4658881,16.582168928730407,1.0009762305816607,17.799798749393684,1.4673310280425889,,
2017-09-13,321.4386754735788,517.5597846490298,76.36985162675349,9.512956,1.0736773,22.180264,1.654516,17.32714059732853,1.100410567113653,18.58037751719254,1.5667711941364293,,
2017-09-14,322.80039675262253,517.9149208856986,75.89619190255793,9.599595,1.0614438,22.52253,1.672631,17.560649752032628,1.108079618088617,18.825047611280382,1.5744422030140925,,
2017-09-15,286.1830147578946,524.1759853324787,75.45830180152933,9.7672825,1.1392603,22.33603,1.6196017,17.897302779803812,1.122231290705145,19.177791502988224,1.5885968081128534,,
2017-09-16,287.6688446719568,551.1005121254235,75.02515368924497,9.797138,1.1414906,22.67363,1.6396946,18.257439044392108,1.14626302497301,19.555141049959605,1.6126318228956678,,
2017-09-17,313.89719155234525,551.9988502553501,74.54602896309247,9.854847,1.1461602,23.665665,1.7920568,18.65908572391678,1.2156277467136762,19.97598506780507,1.6820003782103443,,
2017-09-18,310.67789318579304,561.4436295375982,74.06261173922178,9.836663,1.1241796,23.73751,1.7504059,18.785579233438348,1.1959000874769934,20.108524534685337,1.6622739645047817,,
2017-09-19,303.66941206631265,562.2862092313837,73.6474202129314,9.855441,1.150274,23.429487,1.6857612,18.669401944827015,1.1665642641551672,19.986794368810575,1.632936996546317,,
2017-09-20,315.9774712098633,558.4784176729727,73.14486064254493,9.852479,1.1555549,23.560585,1.7499315,18.607273211778153,1.193061627834608,19.92169609469843,1.6594337544361049,,
2017-09-21,324.50768305810243,561.6690125329526,72.64389285048377,9.835077,1.1946548,23.637112,1.8238915,18.58296589380059,1.2360109358001827,19.89622697001195,1.7023828265930656,,
2017-09-22,332.8636023637638,569.6308598205877,72.10862356848298,9.843594,1.236686,23.393105,1.8164983,18.395689925212338,1.2339244621536882,19.69999985029605,1.7002945588117162,,
2017-09-23,340.66302787686504,576.9275419284932,71.6144354075683,9.927785,1.1975105,23.086172,1.7581148,18.201012897115827,1.1914554446376517,19.496017925726655,1.657823718770982,,
2017-09-24,348.7305718965499,572.6912098747239,71.11261468994896,10.044757,1.2969242,24.133184,1.9790155,18.80113618796339,1.3243388660061153,20.124825058457887,1.7907128974804842,,
2017-09-25,352.08388744257286,574.3949691248156,70.53142087583983,10.222467,1.4403759,24.97585,2.137063,19.369215006326783,1.4335470382102664,20.720056102458756,1.899926899022267,,
2017-09-26,341.34415285323246,586.5773113687101,69.98382302674618,10.378564,1.6768873,24.796818,2.048007,19.492935013153893,1.4340777465065702,20.849689502696513,1.900458925803448,,
2017-09-27,344.70781859999875,584.9268332606332,69.48943783228461,10.560725,2.0074308,24.316414,1.9783927,19.21581503192853,1.4503810126157177,20.559324133655842,1.916759262946735,,
2017-09-28,361.5126752127141,581.3055675841006,68.9322988766906,10.760673,2.1586168,22.013023,1.6540916,17.69844050344778,1.3134588999761398,18.96942428959906,1.7798226694877544,,
2017-09-29,366.6938268575337,586.2860091599554,68.47323971774385,11.228071,2.2091722,17.820368,1.3129282,15.283740723222083,1.1726172278153957,16.439310114116843,1.638963381919714,,
2017-09-30,384.5928656267961,571.7461084359377,67.88396111156973,11.447057,2.0270364,14.312071,1.2728102,13.159901998979892,1.1151468374433997,14.213959158835358,1.5814830099264092,,
2017-10-01,360.9941930064063,592.1959255500209,67.32767258966912,12.081048,2.1253862,12.514929,1.1453849,12.350608554285694,1.0743795585592864,13.365984253916023,1.540713284991982,,
2017-10-02,354.5984536302018,597.6031593896171,66.77321209824633,12.384473,2.0632155,13.489167,1.036368,13.077780686970351,1.0066767052634913,14.127912728829424,1.4730125953886157,,
2017-10-03,358.82907868198373,601.8268390313658,66.21417557595845,12.946292,1.9306784,14.3420925,0.96716887,13.820725986561216,0.9419078892306622,14.906368274109274,1.4082466145879886,,
2017-10-04,365.9344294622625,607.6240883606928,65.64851954706634,13.631768,1.7727592,15.151249,0.99849826,14.580117053544194,0.912339997585301,15.702055638245538,1.3786822733482966,,
2017-10-05,365.79775391069234,609.6078768041633,65.01861779694458,14.17197,1.6259493,15.756371,1.0225259,15.162186947586545,0.8832937069891217,16.311946483516717,1.3496391506354062,,
2017-10-06,353.6793348705088,617.126513818043,64.47125221900471,14.382527,1.5181785,16.015856,1.031608,15.420809399333917,0.8578804024373888,16.58293020440099,1.3242273779522336,,
2017-10-07,356.1938921948312,602.162630631849,63.918221850559455,14.757783,1.3283238,16.683947,1.0838753,15.96804629527024,0.8411547284787844,17.156323153327325,1.3075051975527159,,
2017-10-08,340.2073422287114,599.112947966142,63.41131273104727,15.04993,1.1777393,17.845757,1.1749129,16.833151083006904,0.862275685728238,18.06277699270502,1.3286323762856842,,
2017-10-09,268.0504174925107,390.3500349510165,63.453066152691626,14.772255,1.1308854,20.366682,1.637932,18.08905828037711,1.0747071229399583,19.37871226100554,1.541074368605653,,
2017-10-10,204.272058328433,503.46059507296405,63.47514428506125,14.694098,1.3451909,17.762573,1.1484263,16.876922913492006,0.9045251824858329,18.108640967060794,1.3708822105806788,,
2017-10-11,299.1395942323271,588.3585170199183,63.32721298701928,14.22293,1.2167736,17.676758,1.1768605,16.512612615025702,0.8814174236600849,17.726917881660256,1.3477717092234338,,
2017-10-12,299.7729097335638,558.6281898968002,63.14592862080902,13.951871,1.3440484,15.646772,1.1234056,15.05487479212638,0.8687913323118647,16.19950517385381,1.3351361627839404,,
2017-10-13,337.9119761504305,546.195784500833,62.746823857781294,14.210383,1.3090746,13.693224,1.0967076,13.89088580348597,0.8422563402176821,14.979881490453694,1.3085953659426093,,
2017-10-14,354.33315006755845,541.6620091409111,62.275658631399445,14.541244,1.2152612,13.875948,0.961276,14.139047907183311,0.7541061244340668,15.239904894408054,1.2204462577626587,,
2017-10-15,352.78477473293424,549.2432182180933,61.85205326674456,14.562188,1.2378052,15.280649,0.9622744,14.999657778083549,0.7600467305925218,16.14164897528965,1.2263912506902983,,
2017-10-16,340.2105901306561,560.6648913329993,61.41100305253977,13.918186,1.603453,13.562899,1.0153723,13.69707099395169,0.87521363040136,14.77680299554646,1.3415518400733175,,
2017-10-17,348.8801271568218,563.241196209934,60.94825641759765,14.4444685,1.5137817,10.829048,1.1168917,12.211921548853693,0.9005130783423461,13.220668483702186,1.3668464607863706,,
2017-10-18,367.4209366160277,577.9245262381744,60.46576745176625,14.830758,1.3696913,10.418505,1.2444767,12.133384971022412,0.9285489388017537,13.138378125914429,1.3948821362059127,,
2017-10-19,371.7843078709262,579.4241364093548,59.977291884515424,14.903056,1.3003203,12.095976,0.9797143,13.193136441629163,0.783875286630032,14.248782094237006,1.2502115755755248,,
2017-10-20,374.2010261252171,577.5586718894843,59.4832196655836,14.797345,1.3317283,12.590228,1.0178035,13.457994890055366,0.8097057905295526,14.526299871124667,1.2760430527611482,,
2017-10-21,377.1282181907425,581.9613179017687,58.98760152510426,14.916295,1.2817901,12.252098,1.1175672,13.299699811666496,0.8449178183455771,14.360438829093466,1.3112544892372864,,
2017-10-22,374.45669911860335,579.1412253382157,58.5018395905377,14.991088,1.1930671,12.501627,1.0687463,13.479182921673871,0.8004873606328796,14.548500618226875,1.2668247041909464,,
2017-10-23,389.1215388132902,584.1504527480929,57.86384671055682,15.128392,1.048907,13.342245,0.88263565,14.056360293755166,0.6756478425271839,15.153265095711511,1.1419875989776864,,
2017-10-24,257.26018689042814,448.91622083154414,57.6113610929917,14.740512,1.1167551,14.202194,0.8848169,14.398303437484968,0.6941868651291663,15.511551952837435,1.1605282308019411,,
2017-10-25,213.3793659481936,494.904376948734,57.37944706423759,14.563318,1.1717235,13.575377,0.88815254,13.8730070246356,0.7139557143982258,14.961148167089824,1.1802946630461502,,
2017-10-26,256.7924748644015,564.6340815976466,57.027018907810536,14.260259,1.2994294,11.871042,0.928338,12.617953577293596,0.7564519434850752,13.64610745515046,1.2227863950977624,,
2017-10-27,303.57979143283484,561.0101922377062,56.60256442469054,14.617671,1.2836723,9.941391,1.1781012,11.58335323975846,0.8874264458393645,12.562056758085475,1.3537585450331866,,
2017-10-28,334.00141809695384,568.3546174153705,56.13997982201063,14.96509,1.1134355,10.029688,1.0653172,11.856495897503898,0.7874570967815862,12.848254701179677,1.2537896980888288,,
2017-10-29,226.3223544078564,381.0849505420892,55.9899800395783,14.662083,1.393196,9.892529,0.97393227,11.669683193144659,0.8017773773201643,12.65251298813935,1.2681096259897648,,
2017-10-30,204.2456374072,1605.6108304953582,58.82156850425652,14.430903,1.3335898,10.04402,0.74723357,10.539087612332288,0.6797758522618226,11.467878803311802,1.1461068185579817,,
2017-10-31,38.7789474072,171.76564049535807,60.23897603572858,13.762604,1.2230508,7.533837,1.1771951,8.681076137250594,0.9864401772642833,9.521060731015696,1.4527722117397093,,
2017-11-01,38.7789474072,175.8600904953581,60.98441219696061,13.466893,1.0863731,6.2297206,1.2868325,7.537264357671268,1.0724534763464455,8.322578658297447,1.5387881319860268,,
2017-11-02,38.7789474072,245.3536404953581,61.415482447250334,13.789134,0.88794154,7.2862563,1.1390705,8.17378123491188,0.9910455592725392,8.989518866446065,1.4573785716057823,,
2017-11-03,53.98976028438186,296.61890490410144,61.78123397125299,13.052124,1.0220705,10.456694,0.7987282,10.856360507666952,0.693819862537209,11.800316258500326,1.1601510411259657,,
2017-11-04,114.56017176937392,351.226458872988,62.03366155185424,12.90405,1.0681226,9.243877,0.91436696,10.144096434837621,0.7378308426873735,11.054008397742683,1.2041617055824974,,
2017-11-05,114.1081351704315,415.20601159076654,62.208110796489976,13.377067,0.8833103,7.9400544,1.061942,9.112151037035023,0.8544988600920627,9.972739537453993,1.320830294962635,,
2017-11-06,54.78002406689374,486.0256392480962,62.4576821183324,12.730344,1.0107727,9.921686,0.68735486,10.206184549425881,0.6261576544165182,11.11906411197066,1.0924885217445393,,
2017-11-07,79.49048299738847,537.2123971187494,62.77232950716179,11.811933,1.125788,8.16736,0.7650279,8.637130787565617,0.6820344037714974,9.47501494383544,1.1483665113109114,,
2017-11-08,89.9174360576054,494.066185848483,62.94509810977329,11.853029,1.1491742,5.5970926,0.90684915,6.560335021148866,0.7873586436773543,7.298955438955149,1.253696722872908,,
2017-11-09,141.62418993680788,543.4790779884039,63.01814057847278,11.626069,1.1148589,3.9470286,0.91637826,5.53443586674194,0.7626023016709526,6.224021811828395,1.2289451510382248,,
2017-11-10,131.9092580139119,541.9096937274741,62.99266597681908,10.006766,1.1342973,2.3132327,0.83151454,3.8193468974170033,0.7046371531977864,4.426957452508075,1.1709906655380993,,
2017-11-11,176.1656829881201,565.299218052131,62.97880750289756,9.875109,1.0375054,0.2932304,0.95924854,2.569802283739778,0.7717646376990508,3.117688877651659,1.2381280368862881,,
2017-11-12,192.82597477402868,568.7656694183693,62.92152906890717,10.085643,0.95330805,0.03424436,1.0854543,2.579139276858,0.8458007716040233,3.127472147124018,1.312164090292475,,
2017-11-13,185.7899570778255,563.3159995380736,62.74076593636787,9.946054,0.78419924,1.1516936,0.7930349,3.332832198860351,0.6272646550124077,3.9171890144277146,1.0936218045692885,,
2017-11-14,194.21974266437232,564.6679207946096,62.4952348309204,9.392234,0.7709481,2.566814,0.8491448,4.313622282403668,0.6619166792622825,4.944857511301223,1.1282667735670477,,
2017-11-15,205.81783716405369,553.1447780091661,62.25016278750357,9.348085,0.764549,3.0996356,0.96476245,4.794109608389029,0.7330661302200442,5.448310489004927,1.1994131696546708,,
2017-11-16,174.7522667954171,539.0061863494223,61.92818833581112,9.313879,0.7398113,3.583468,0.9599112,4.986466855456289,0.7471796442961098,5.649861754941648,1.2135255347603837,,
2017-11-17,163.2659334664436,550.0548540214418,61.77072736168473,8.533512,0.81791097,3.4727678,0.8583855,4.631078584766708,0.6878805232829489,5.2774871397471355,1.1542285696507186,,
2017-11-18,193.3612123129633,562.6398582945533,61.55565820694547,9.132911,0.8473611,2.5683722,0.99895716,4.247373996949695,0.7744011320062845,4.8754427842609855,1.2407516682197997,,
2017-11-19,107.19407076751506,415.99629728812965,61.71520791644139,8.176024,0.7167577,3.0705824,0.88084793,4.116612954446467,0.7156053898303077,4.738431810910366,1.1819568130151434,,
2017-11-20,97.12386374741976,490.0298233970853,62.089787795467856,7.8410053,0.69324166,2.7574472,0.7731765,3.5983425881545075,0.6553916635037265,4.1953898927282705,1.1217467945344934,,
2017-11-21,164.79230251506954,525.3392078415117,62.1260040879725,8.699648,0.7096923,2.6856098,1.0523262,4.121665364487358,0.8187765496012425,4.743725708880412,1.2851279381516623,,
2017-11-22,180.3878105007369,538.6511495974582,61.9832800818281,7.9311485,0.69158053,2.8795347,0.89866954,4.146850687310378,0.695214605031381,4.770114804042653,1.1615658213711542,,
2017-11-23,201.51917675557,551.3889392874655,61.86155047168887,7.323516,0.70001644,1.7347132,0.85205024,3.230580878617275,0.6515172844380661,3.810050430605672,1.1178752328560322,,
2017-11-24,226.5179276752173,563.1088896856365,61.69627781983632,8.045681,0.72622275,0.82733405,1.1390224,2.8980400522565595,0.8385646848746872,3.4616152894788623,1.3049253140140755,,
2017-11-25,221.9861202613043,574.7784267152575,61.521852803735,8.280433,0.6943214,1.5102367,0.9674434,3.396477211646523,0.7242178777708222,3.983876041265473,1.1905745361242008,,
2017-11-26,232.06432161852672,586.7323132422707,61.35924550564715,7.4662933,0.652995,1.9621055,0.8593627,3.522109008810585,0.6430107967168893,4.115512608883163,1.1093664990580685,,
2017-11-27,234.7958109524767,597.0100423845836,61.25882103678942,7.181707,0.714742,1.5056268,0.87159157,3.107827391203287,0.6572943387112982,3.6814297461051004,1.1236532619609738,,
2017-11-28,242.36669841056963,597.3577957627031,61.06084862295036,7.5864162,0.73542666,0.5395792,1.176916,2.5734827578112696,0.8637156478072674,3.121545265802697,1.3300790152514337,,
2017-11-29,250.4895825235912,604.4982234464953,60.97822373105236,7.791971,0.7482439,0.18533099,1.3561746,2.413882224470615,0.9835900138302338,2.9543163725354895,1.4499547720132733,,
2017-11-30,265.6540665549034,596.5499441720241,60.67926342681579,7.3848615,0.75588197,0.040357232,1.2014124,2.3032757446048775,0.8632542435512257,2.8384232810215067,1.3296199826332988,,
2017-12-01,210.69727278926936,597.9445052845757,60.477298930538936,7.131283,0.6928912,0.48602018,0.8874821,2.217489847881696,0.6806232203263985,2.748537111679375,1.146989729822289,,
2017-12-02,236.18075114544664,599.0286910380305,60.23493462406756,7.119148,0.68250644,0.49174118,0.9302569,2.365841004011664,0.6945521782642368,2.903978945959297,1.1609173607759724,,
2017-12-03,257.89646095319625,608.6021890915426,60.0039507632683,7.1078672,0.6800142,0.46189612,1.0114948,2.4399400932991164,0.7387098164787923,2.9816197184196245,1.205074345607201,,
2017-12-04,260.3312220498631,596.093598825163,59.677311744784255,7.165941,0.6856526,0.4358273,1.0811076,2.4816096643917946,0.7808093590358667,3.0252809525702298,1.2471735234928314,,
2017-12-05,241.827709018854,608.9707918895713,59.44780810607359,7.3542223,0.6792339,0.9553495,0.93672574,2.774140612494879,0.6977171251692996,3.3317938800256206,1.1640787854388082,,
2017-12-06,185.32939664750143,592.7791195789848,59.428413743149264,6.533906,0.6344709,2.0809033,0.80285406,3.141516669955484,0.6300228801589568,3.716729257220614,1.0963815341537178,,
2017-12-07,241.80408052539283,610.3429374189182,59.29193554376172,6.198511,0.647606,1.1394325,0.8371215,2.574989815036873,0.6271096853978564,3.1231243552120667,1.0934730398485408,,
2017-12-08,280.38869435121217,621.6149047209274,59.070645417200495,5.9144273,0.6437884,0.083577216,1.0066386,1.896102618337296,0.722012452811939,2.4117886711700374,1.1883819233967887,,
2017-12-09,280.76653500285926,615.9027066740086,58.835430493934346,5.4698973,0.696204,-0.93282473,1.1578087,1.0720060219547396,0.8246106778010619,1.548303074513683,1.290988280886323,,
2017-12-10,264.71328854859746,606.2168536395917,58.605958324695074,5.846291,0.6287066,-1.4993471,0.90184,0.7333096271422734,0.6561730546703618,1.193418149804887,1.1225542253052558,,
2017-12-11,270.4008048205104,611.3525259319276,58.36324600663336,5.9263535,0.6203164,-1.1793739,0.8663736,0.9996872418627812,0.6300905706146587,1.4725277039427118,1.0964689244330237,,
2017-12-12,267.3477998734322,612.7443626967615,58.12440497311251,5.4211907,0.6741383,-1.2396663,1.0731579,0.783718890905146,0.7747179199815976,1.246236804060177,1.2410985513384323,,
2017-12-13,302.6363329071109,548.7699837404377,57.73322651158573,4.651931,0.65664256,-1.8309773,0.9322531,0.47340250900768865,0.6446198307352305,0.9210883598715064,1.1110038279649217,,
2017-12-14,317.41239675487327,529.7755002180403,57.16573468023195,4.2429914,0.7022451,-2.195912,0.78520405,0.21652548207621372,0.5570646753529374,0.6519334891428956,1.0234515421163395,,
2017-12-15,262.40749457400966,590.669430027509,56.70831010075933,4.0311975,0.7159043,-1.6038235,0.49383926,0.1295157654897419,0.40670927739622414,0.5607650055314273,0.8730971332374635,,
2017-12-16,199.79307161833864,618.1995243429169,56.46528266516376,4.4206705,0.7002641,-1.1941614,0.41747865,0.17725016288123327,0.3588882787868235,0.6107809439463574,0.8252755909383275,,
2017-12-17,222.13343484479577,610.4675074045484,56.19803168075647,4.624689,0.68992555,-1.2978033,0.5346393,0.2822857005249705,0.43306524364858245,0.7208368212434417,0.899451368629803,,
2017-12-18,261.11407395984475,614.2648205251754,55.88697509379732,5.3834753,0.5699218,-1.7779742,0.91660345,0.3581924790157292,0.6652795068433867,0.800371684271717,1.1316647817357826,,
2017-12-19,243.768528459682,637.1836602419505,55.61426455166954,5.990809,0.6488706,-0.6651479,1.177044,1.1766237995454316,0.8700713866402833,1.6579212242552277,1.3364479142830943,,
2017-12-20,206.8089510507463,612.9457974918307,55.46339104728583,5.1373725,0.5528367,0.79983556,0.8330567,1.8941158513492142,0.6383152291017901,2.4097069435113485,1.1046847183589739,,
2017-12-21,253.21462725307887,603.2319190941448,55.19759306411179,4.8333654,0.5645986,0.27050114,0.89844,1.6195450307243515,0.6544562311243588,2.122012576234014,1.1208283443097549,,
2017-12-22,291.1845704611141,607.3989158404365,54.85826554321842,4.607733,0.5800946,-0.47694623,0.9640053,1.170736028894054,0.678193032312831,1.6517520382930515,1.1445696201479907,,
2017-12-23,165.17061273919578,351.02952655984666,54.88227654748853,4.752061,0.5893974,0.048855543,1.040872,1.5537588739788288,0.7325135151937539,2.0530820660747824,1.1988862698643885,,
2017-12-24,38.7789474072,441.985430495358,55.23562134285288,4.6955314,0.5205717,1.6474218,0.8088363,1.8932854753474821,0.7447793200616949,2.408836878375232,1.2111488171243814,,
2017-12-25,38.95880270746272,413.0530852414104,55.44366272437108,3.8809824,0.61151576,1.5215945,0.66569835,1.7249496333258245,0.6106010001597117,2.2324551585322285,1.0769720958543525,,
2017-12-26,166.75681239278708,470.9379346587764,55.09950161195029,3.0470471,0.6957121,-0.43176806,0.6578586,0.47794012901502264,0.518775176751181,0.9258428626041129,0.9851591239699575,,
2017-12-27,232.2320185432936,477.074980603447,54.60641446776471,2.8600101,0.71719337,-1.5910791,0.5155429,-0.13376169830710102,0.41877634509956563,0.2849037789340829,0.885167246453541,,
2017-12-28,221.30328451326764,507.1638216813893,54.109681364101945,2.7086973,0.6986384,-1.2282137,0.37485456,-0.03220725271565988,0.3363853545214779,0.39131217987828926,0.8027750717358617,,
2017-12-29,220.6662777446376,533.0182993390631,53.6955422852424,2.6898422,0.7127573,-1.1491508,0.36889467,-0.025157685524599422,0.33408318026696304,0.39869869228334254,0.8004728157200474,,
2017-12-30,216.75254557815475,547.5071391671203,53.28388290561639,2.6433954,0.7364764,-1.0833465,0.3796208,-0.026401037019080788,0.3429110907062727,0.3973959128376094,0.8093007405756946,,
2017-12-31,225.5869888383443,571.3945409943616,52.88387143545431,3.1698494,0.72669464,-1.5232624,0.64428407,-0.19486904432490182,0.5056459672283176,0.22087571066164383,0.9720375867851221,,
2018-01-01,216.88430268615693,640.7382221457549,52.466515220292905,2.1675596,0.6935313,-0.5327145,0.23853329,0.15015828181152288,0.25003937555210975,0.5823941635704775,0.716426995957563,,
2018-01-02,211.2573947439172,642.6218756138278,52.20227393823057,1.9318824,0.69958484,-0.5951482,0.22728315,0.030061840700160086,0.2433443156542893,0.4565575231031381,0.7097333126337091,,
2018-01-03,238.50315185509336,636.7246197577442,51.89717656985171,1.7918187,0.6855399,-0.61336935,0.2284683,0.04205425646482036,0.2500491241041836,0.4691231353473266,0.7164379828825431,,
2018-01-04,244.5920268548689,631.5904872886803,51.579569741669,1.4477423,0.6952614,-0.5839114,0.23129453,-0.016762105318529997,0.2558663833103123,0.40749555252440683,0.7222559214650877,,
2018-01-05,256.95188431657573,635.2450232584047,51.2474875527827,1.2380937,0.7307066,-0.58072364,0.22983427,-0.05690592066432159,0.26658010691996514,0.3654330000298543,0.7329701110392394,,
2018-01-06,245.9236149845883,647.01392853839,50.93514629006727,1.185078,0.7402144,-0.576038,0.23066913,-0.09100965679369154,0.26362052400008856,0.3296992218912904,0.7300109254219118,,
2018-01-07,267.72903043100496,620.80055406239,50.66824452471307,1.3051543,0.7069955,-0.6856061,0.23104721,-0.08575624282197274,0.2672843284887583,0.3352037310929601,0.7336746686225855,,
2018-01-08,289.39452381690586,613.8674233644238,50.41918376989777,2.0947905,0.6537301,-1.3958801,0.45778024,-0.2775102346768011,0.37504589562370444,0.13428455390570077,0.8414384932646292,,
2018-01-09,315.118929251912,618.7624754173154,50.13769707617711,2.257073,0.67526865,-1.7799805,0.7818585,-0.4177604991346811,0.5659328276123137,-0.01266919377172071,1.032327103029096,,
2018-01-10,314.0374455280199,612.5827939676972,49.85787513131256,2.3539915,0.70021784,-1.7989763,0.80322903,-0.39150930863471417,0.5816239778612747,0.014836713898939091,1.0480179375314356,,
2018-01-11,242.1694001690608,625.0653088236515,49.6579596008391,4.0987115,0.56935394,-1.7039593,0.98623025,-0.08360294025644441,0.7283952273043719,0.33745995416042407,1.1947855423262048,,
2018-01-12,38.7789474072,697.9437304953581,50.5775705916848,4.662179,0.8230378,0.09535241,1.0432924,0.3357369320013709,0.9893254951317823,0.7768428388705197,1.4557110208202722,,
2018-01-13,38.7789474072,4769.477430495358,53.69990009367327,1.3305386,0.66758734,0.30315632,0.36372644,0.31144223150583994,0.3608331262584133,0.7513869347385815,0.8272189239330052,,
2018-01-14,38.7789474072,2892.378730495358,55.23244897490164,1.4492683,0.6119216,-0.022338986,0.28742743,-0.002869756342777152,0.28374030523909727,0.4220519082925814,0.750129682569255,,
2018-01-15,38.7789474072,1624.710930495358,56.24195944055852,1.7189884,0.5658106,-0.013753653,0.27896342,0.02663968828265402,0.272779368314327,0.45297180349811805,0.7391684047609193,,
2018-01-16,38.7789474072,1331.674930495358,57.12836318642687,2.445797,0.51589924,-0.0029223561,0.30273432,0.06636765016804554,0.2945300074019254,0.49459862615838734,0.7609185864964298,,
2018-01-17,38.7789474072,978.548130495358,57.8459332073112,1.7034895,0.5785106,0.012649536,0.27929312,0.07710176303803454,0.26955043807616286,0.5058457929308325,0.7359388939081936,,
2018-01-18,38.7789474072,582.3719304953581,58.31380675464245,1.7202914,0.56895965,-0.10421294,0.2644361,0.009692327766128567,0.2504587370025808,0.43521441708055647,0.7168479690978974,,
2018-01-19,70.68189611374036,486.2434698490311,58.64669659381641,2.5595033,0.49582013,-0.25146413,0.25964743,0.10528835773794051,0.235266086890753,0.5353796105063402,0.7016542196762978,,
2018-01-20,38.7789474072,526.720960495358,59.04896598007296,3.5549521,0.46932676,-0.33419,0.2877827,-0.06749352353546623,0.26997331441507577,0.3543393459333788,0.7363634417357334,,
2018-01-21,38.7789474072,619.4588304953581,59.458409513272926,4.0084505,0.49074015,-0.2148763,0.3529438,0.03393374601369895,0.3334066018346503,0.4606144922552179,0.7997955541761098,,
2018-01-22,38.7789474072,718.5533304953581,59.86657347489504,3.8780122,0.56902677,0.15720206,0.37406448,0.3477249094344645,0.3561046273048196,0.7894038006460644,0.8224900190331421,,
2018-01-23,1232.2964474071998,5493.570760495359,62.07942486949446,3.7936997,0.56152636,0.46638697,0.5142313,1.0760088376366135,0.4324318757635411,1.5524972111022095,0.898809437470684,,
2018-01-24,38.7789474072,5245.781930495358,63.9551944276718,2.671267,0.5064138,0.35968795,0.4261125,0.37665068876106095,0.4230019523379497,0.8197121333466422,0.889387021510484,,
2018-01-25,38.7789474072,2799.2628304953582,64.8543435051804,2.6428845,0.49354216,0.20294702,0.34380403,0.2362862784843979,0.3391733478177702,0.6726387840704877,0.8055599911576572,,
2018-01-26,38.7789474072,1785.136630495358,65.42446583242774,3.1040235,0.45889366,0.19207925,0.33448192,0.2539911748422418,0.3275157368757882,0.6911899139530762,0.7939021804162065,,
2018-01-27,38.7789474072,1526.0864304953582,66.14128048600072,4.026148,0.43613252,0.290789,0.40863663,0.3833549795183694,0.3986567390168564,0.8267368662846784,0.8650417335653813,,
2018-01-28,38.7789474072,1590.093030495358,66.85832159854768,4.064123,0.45210725,1.5939715,0.59235275,1.6527789863047184,0.5783506346770452,2.1568350012865283,1.044722425677396,,
2018-01-29,38.7789474072,1255.7766304953582,67.4563588586638,3.6979194,0.4430947,1.481225,0.515723,1.5476270093506517,0.500450339901091,2.046657119278109,0.9668231546160808,,
2018-01-30,38.7789474072,984.436230495358,67.95943522087892,2.726585,0.46769792,0.4953559,0.3826699,0.579917503845892,0.36859348469720604,1.0326944073596809,0.8349763141926043,,
2018-01-31,38.7789474072,704.1118304953579,68.34963880292118,2.7331848,0.4538193,0.033172667,0.26958084,0.1741134784866817,0.2566045262239744,0.6074943367599656,0.7229918740220098,,
2018-02-01,38.7789474072,598.2767304953579,68.55792978661964,3.1307645,0.42808124,-0.08081353,0.2693579,0.114682124407263,0.2543001160420015,0.5452223671114713,0.7206881413674264,,
2018-02-02,38.7789474072,510.113030495358,68.6936220632852,2.1235352,0.4988381,-0.15988457,0.2534091,0.0014379050999257265,0.23812823600515706,0.4265654612272414,0.7045175635125409,,
2018-02-03,38.7789474072,410.435260495358,68.74770573074396,2.4709768,0.46159,-0.2931807,0.2434856,-0.054561538167130164,0.22600689227629198,0.3678894359965408,0.6923968691327693,,
2018-02-04,38.7789474072,353.106460495358,68.78733476407136,2.8681698,0.47432467,-0.39314306,0.23774545,-0.07042045411729578,0.21930116903617003,0.3512725180749494,0.685691330438321,,
2018-02-05,38.7789474072,352.044930495358,68.82682555537238,2.403287,0.48038968,-0.4028815,0.25804633,-0.1244434025000164,0.23727906173321184,0.29466745742774547,0.7036698539431628,,
2018-02-06,38.7789474072,361.385330495358,68.85963719954836,2.7046385,0.45105034,-0.3867756,0.24845725,-0.08719418794146118,0.22859769196360244,0.3336970571121296,0.6949880488698176,,
2018-02-07,40.3477719072,398.2029904953581,68.87815047338678,2.673008,0.4985181,-0.39883304,0.23443578,-0.11621594693203671,0.2177521366214407,0.30328815724772473,0.6841428325467659,,
2018-02-08,73.1976144072,369.989000495358,68.80550289274791,2.2988093,0.49268156,-0.4664786,0.24037156,-0.009757943299526775,0.2165419589795315,0.4148344895453883,0.682931416023125,,
2018-02-09,38.7789474072,413.332570495358,68.76489869050424,2.7288933,0.46058547,-0.35399747,0.23461059,-0.08956877495850091,0.2180952254078633,0.331208972952795,0.6844856100167609,,
2018-02-10,38.7789474072,466.756180495358,68.83404542228448,3.642712,0.4093943,-0.4267062,0.25708666,-0.11454636669808621,0.23943429393680907,0.30503753770968356,0.705824970332744,,
2018-02-11,84.1841074072,613.8478904953581,69.12968167475172,3.9935317,0.41604435,-0.41043556,0.54916507,0.12069203285722624,0.4855342050840438,0.5515195286414986,0.9519221617119635,,
2018-02-12,38.7789474072,2318.160233495358,70.34553738712866,3.478981,0.42696416,0.6695392,0.43605003,0.7157632298535297,0.4289331778691913,1.1750330947051,0.8953145368970461,,
2018-02-13,38.7789474072,1130.991030495358,70.85176320124489,3.4551268,0.42325115,0.15312934,0.30054623,0.26259358161688173,0.29092140818750933,0.7002034863656873,0.7573077547792821,,
2018-02-14,38.7789474072,937.183330495358,71.25384288540295,3.9613857,0.4034626,0.12627006,0.32658744,0.2786547864922052,0.3140202647914967,0.717032361931569,0.7804064306008451,,
2018-02-15,237.2835874072,1709.150930495358,71.79895024717595,4.455511,0.40012413,0.87919325,0.83679104,1.3151706813032296,0.736397773466713,1.8030901733622258,1.2027728961462074,,
2018-02-16,732.1129474072,5465.630030495358,73.4565813534007,3.813376,0.39545664,1.7219666,0.9142,1.969015888977578,0.8075616775684916,2.4881869469053775,1.2739304660112492,,
2018-02-17,66.8928294072,3766.544840495358,74.53635329183516,3.5961304,0.41057038,0.56456566,0.4781729,0.6174659424956787,0.46988348215209924,1.0720375330240108,0.9362659030928123,,
2018-02-18,38.7789474072,2720.1450034953577,75.35978733499317,3.6701927,0.36552316,0.5495763,0.42388165,0.5934391155489671,0.4179552239273894,1.0468623058808457,0.8843379061119527,,
2018-02-19,86.3243004072,2465.7469004953577,76.05090469499594,3.9180584,0.39162713,1.1566708,0.5887678,1.250075276301296,0.5690068659104833,1.7348834305187097,1.0353826459697832,,
2018-02-20,734.9114474072001,5632.413790495359,77.85107205881592,4.484883,0.3226231,2.5325408,0.9027723,2.7578785115883107,0.7994427670652178,3.3147545062849293,1.2658045639763107,,
2018-02-21,708.6581474072,5130.611830495358,79.37706659086994,4.9225903,0.3597808,3.9543638,0.91834533,4.071868502928773,0.8080747703966934,4.691548727561382,1.2744265015801044,,
2018-02-22,585.4253474072,4276.068394495358,80.59647752835764,4.019422,0.40760213,3.3248343,1.2042776,3.408477208732481,1.0603940675962946,3.996449597192202,1.5267506338543777,,
2018-02-23,410.2499474072,3498.282482495358,81.71785111326251,3.8682055,0.34550717,2.8798075,0.6978528,2.983552360010018,0.6256562360101352,3.551214793233735,1.092016163728213,,
2018-02-24,426.0677674072,4372.205660495359,83.55321441058709,4.0195518,0.3858501,3.111072,0.6854291,3.191741479081529,0.62550474916373,3.769354640537963,1.0918630041564494,,
2018-02-25,1413.9537474072,5305.672550495358,86.05326354809905,3.9087982,0.35369462,3.1740909,0.688265,3.3286890754039806,0.5485119160614026,3.9128478638326887,1.0148690977549342,,
2018-02-26,469.0248420988,4960.476930495358,88.18071091477343,4.1486115,0.32122403,3.6251502,0.6509991,3.6703691544470542,0.5954098542535278,4.270859082679101,1.061764451608185,,
2018-02-27,99.8706760988,3763.869930495358,89.8557795980622,4.3618336,0.32483843,3.9583502,0.6763401,3.968779494294287,0.6589114407130438,4.583532416706315,1.1252638902243977,,
2018-02-28,54.9368420988,2740.780930495358,91.27051473903124,4.5531926,0.31980342,4.2449303,0.6460777,4.250987731400175,0.6334132189585024,4.879229242865266,1.0997637309371981,,
2018-03-01,54.9368420988,2102.538430495358,92.49916858428448,4.43551,0.46131098,3.938334,1.0922482,3.9509938268041687,1.0645005779298395,4.5648966551074315,1.5308531526016682,,
2018-03-02,536.9967820987999,1997.578730495358,93.72597697499228,3.984548,0.43117923,2.7858825,0.7945191,3.039841992825333,0.6328141419211997,3.6101948780811384,1.0991736124831704,,
2018-03-03,492.3912497036,1682.992230495358,94.45018491470238,4.08727,0.3336823,2.305975,0.64322186,2.709165474468626,0.5033295925222151,3.263713152508111,0.9696918005521974,,
2018-03-04,430.6587437036,1453.738230495358,95.02006355451697,4.2127686,0.32813105,2.393141,0.5909318,2.808997410772891,0.4620073523167239,3.3683167141093175,0.9283687207223394,,
2018-03-05,401.3074247036,1286.302930495358,95.23540496480548,4.229022,0.31843558,2.2647514,0.58016217,2.7318476275689503,0.4486383326209389,3.287479434991569,0.9150003488848661,,
2018-03-06,392.7368671036,1135.184330495358,95.32961176916248,4.3227687,0.3370407,2.4945803,0.5658995,2.964497823126253,0.42927337651427666,3.531249514621602,0.8956334598046058,,
2018-03-07,387.7894737036,1136.415130495358,95.41869647876771,4.215603,0.36134633,2.4024796,0.6611529,2.8637760517748267,0.5014414047755701,3.425713586899729,0.9678023173146657,,
2018-03-08,387.7894737036,1011.049730495358,95.44930062132876,4.1879106,0.3237909,1.6621422,0.59262526,2.362341576685723,0.43764050666041565,2.9003122579693703,0.9040057201843044,,
2018-03-09,387.7894737036,887.066230495358,95.2671300774534,4.2513266,0.3145626,1.560111,0.6331879,2.378733141499265,0.4508534368234249,2.9174872835492383,0.9172185052050243,,
2018-03-10,387.7894737036,795.076630495358,95.03710383265891,4.2316985,0.30595553,1.6965554,0.6849746,2.5276738089525894,0.471212620233438,3.07354680577863,0.9375763838705558,,
2018-03-11,387.7894737036,712.501790495358,94.72779558620152,4.12437,0.324893,1.590138,0.8194482,2.483309230197858,0.5428537639818187,3.027061751812148,1.0092179136071695,,
2018-03-12,54.9368420988,661.829330495358,94.73412030835398,4.2609453,0.34911233,1.8720199,0.6886683,2.0551200726730148,0.63644778241594,2.578406616249029,1.1028157731371007,,
2018-03-13,54.9368420988,669.465430495358,94.733028855632,4.268425,0.30375397,1.5884476,0.5357542,1.7916903017469528,0.49565955273564244,2.3023858027623247,0.9620300107386522,,
2018-03-14,54.9368420988,647.087790495358,94.71729349486402,4.2790313,0.3485179,1.5842403,0.6421673,1.7951208171876394,0.5925426023713418,2.3059802851144457,1.058913027734203,,
2018-03-15,54.9368420988,622.138330495358,94.6415246259864,4.3654547,0.31977102,1.5359592,0.54842764,1.765540167649107,0.5045965511074363,2.2749857816443635,0.9709672583620463,,
2018-03-16,54.9368420988,589.826990495358,94.53855560036897,4.1907573,0.31567636,1.5996232,0.7100774,1.8203997359218773,0.6501321829827204,2.3324674497525195,1.1165023682404942,,
2018-03-17,54.9368420988,552.6188904953581,94.3900689258487,4.3482485,0.33838707,1.6052449,0.52268714,1.8532747229808018,0.47640796114954487,2.366913748815339,0.9427778352460636,,
2018-03-18,54.9368420988,529.638050495358,94.2113310392072,4.306247,0.3452395,1.9192944,0.60488516,2.14361403808794,0.548999161982483,2.6711302907092995,1.0153663416757417,,
2018-03-19,54.9368420988,521.892600495358,94.03077880564828,4.298244,0.36376897,2.3711429,0.62236696,2.5546786600073115,0.5641579454162011,3.101842396402302,1.0305214752031142,,
2018-03-20,54.9368420988,478.645330495358,93.8011019116923,4.2662086,0.37481114,2.621807,0.73726207,2.791112283148242,0.6624795601728727,3.3495767385214603,1.1288410781611686,,
2018-03-21,54.9368420988,475.455400495358,93.63765039857714,4.1730695,0.35117507,3.0522819,0.8691174,3.1683705312787636,0.7799447815071618,3.7448666413198137,1.246303221807355,,
2018-03-22,54.9368420988,469.6289904953581,93.49605694703897,4.124386,0.38622308,4.1856217,1.0517491,4.1792086115813065,0.9424696566929535,4.804019326483702,1.4088206528424154,,
2018-03-23,54.9368420988,456.938930495358,93.38286258920355,3.9731355,0.3968107,4.2775884,1.1763566,4.244913094327426,1.0509678104784124,4.8728642589055475,1.517318363204049,,
2018-03-24,54.9368420988,456.825670495358,93.28893238767776,3.9289665,0.43143722,4.4960184,1.03378,4.4351463465366985,0.9239669173633877,5.072190010290582,1.3903162140909489,,
2018-03-25,54.9368420988,467.6060704953581,93.208954481045,3.883582,0.4334634,4.1913524,1.1383442,4.158995358355863,1.019684720160663,4.782839948849631,1.4860358537175915,,
2018-03-26,38.7789474072,475.672750495358,93.15125802242184,4.10639,0.5160689,5.0607934,1.2064137,4.988851253597495,1.1161533540204098,5.6523601191633475,1.582499230507945,,
2018-03-27,38.7789474072,525.8258304953581,93.1339486120669,3.9419742,0.5675237,4.8877296,1.2360274,4.822771990286644,1.151792617215646,5.478342834779798,1.6181394827638405,,
2018-03-28,159.8544474072,554.795430495358,93.1797390047879,4.175107,0.52476466,5.409055,1.5034441,5.133042994486397,1.1730380403463443,5.80344373237193,1.639383083704156,,
2018-03-29,302.0065774072,1154.784330495358,93.52616395094525,4.304079,0.5635036,5.379008,1.3228662,5.15616488520992,1.055110436286619,5.827670770433808,1.5214553482599857,,
2018-03-30,38.7789474072,5841.361530495358,95.89314573057392,3.9335628,0.5680217,4.8502097,1.0451496,4.8441645165645975,1.038263662096169,5.500757850687145,1.5046103984743722,,
2018-03-31,54.9368420988,4715.523930495358,97.82121061824988,4.130931,0.6109033,5.149734,0.6370923,5.138001437410959,0.6297948047546418,5.8086391719186965,1.0961398198858225,,
2018-04-01,54.9368420988,4154.476930495359,99.51032604132394,3.9023046,0.6333933,4.754802,0.8207858,4.743676325090919,0.8101159644132326,5.395466667162723,1.2764633120931528,,
2018-04-02,799.5179135900348,3414.9874304953582,100.0,3.8461995,0.5157611,4.3333282,0.64226633,4.240916892064053,0.5295421007031197,4.868677051834319,0.9958926802571595,,
2018-04-03,1501.5991220956237,3263.309630495358,100.0,3.743709,0.51076317,4.0657763,0.7146341,3.964281032863068,0.5152150167207095,4.578818944195905,0.9815674978542493,,
2018-04-04,2000.5368561071264,5402.329225783254,100.0,3.4932408,0.41397378,4.6137834,0.7069715,4.310970016993596,0.5279105506435252,4.942078476670866,0.9942606625437587,,
2018-04-05,1852.1152144720616,5605.115700930807,100.0,3.2899437,0.3659075,4.2995915,0.6477557,4.048830346087901,0.49528477566306744,4.667409425575516,0.9616366663226402,,
2018-04-06,1578.4703901987598,4718.542797591829,100.0,3.281117,0.36766976,3.9104733,0.6576828,3.7527127723174907,0.5013654462875918,4.357138444006168,0.967719440791031,,
2018-04-07,1598.8797282032408,4589.568027766928,100.0,3.2675233,0.33572236,3.8243847,0.65702784,3.6805110654508097,0.49493462549842876,4.281485742360448,0.9612891481837711,,
2018-04-08,1277.0740214529587,2912.660350926314,100.0,3.2931628,0.3339419,2.99399,0.7036117,3.0851809071297196,0.4996223180926424,3.6577008375059497,0.9659814230693637,,
2018-04-09,1052.0358654053225,2030.2712577440304,100.0,3.3965945,0.31383508,2.8583817,0.7430208,3.042081529286328,0.5010019897785839,3.6125414567294967,0.9673614422271133,,
2018-04-10,1042.3549251026734,1854.802630495358,100.0,3.3962379,0.3325644,2.885796,0.77172464,3.0694455586906373,0.5083513900025045,3.641213393200077,0.9747106215930925,,
2018-04-11,969.4736841976,1221.5777852182214,99.9175157808644,3.431602,0.31846747,3.3182678,0.84322006,3.3684147519572396,0.4907848943857869,3.9544722919297612,0.957141768750435,,
2018-04-12,455.1673806653385,1728.8805888930592,100.0,3.6552658,0.323119,5.048766,0.75413924,4.758353149311177,0.6007585846975565,5.410844993410495,1.0671058423734898,,
2018-04-13,969.4736841976,1661.3756479021267,99.99454588448164,3.948752,0.3638671,7.6941648,1.1233106,6.313972003994684,0.7219295213033785,7.040817111730842,1.188268636200348,,
2018-04-14,583.8731793595786,2073.415449670141,100.0,4.132818,0.44513294,8.814747,0.9360031,7.786009320397754,0.7368596958271207,8.583212779950141,1.2031936541163486,,
2018-04-15,1031.7092755025683,1969.1336615235173,100.0,3.7997723,0.41824856,7.411981,0.8937698,6.170080264333767,0.6038569389134694,6.890047838783438,1.070196690838685,,
2018-04-16,2045.6728720061608,4382.646867553264,100.0,3.6966467,0.39381996,6.088612,0.84582376,5.327421145470399,0.5901199842118321,6.007112494524498,1.0564639420993536,,
2018-04-17,2040.580335367189,5968.979902665426,100.0,3.6668386,0.34034908,5.63987,0.73153,5.137204701654126,0.552012258074542,5.8078043549161915,1.0183572777393568,,
2018-04-18,1416.2733911613925,4330.678780684831,100.0,3.7451344,0.30736277,5.436209,0.7200914,5.019462335244825,0.5478939678594261,5.684434305874671,1.0142396654901145,,
2018-04-19,1160.7571245945287,3645.20665976341,100.0,3.6386013,0.31924668,4.7372847,0.67692506,4.471925911956961,0.5191887022197081,5.110727513213278,0.9855377608878466,,
2018-04-20,916.1432528826474,2889.7576771737536,100.0,3.526557,0.28355274,4.0933595,0.64743626,3.956920740833282,0.4963036185709327,4.5711068553669945,0.9626561514939665,,
2018-04-21,758.3665714474514,2371.1327682434635,100.0,3.6598153,0.3338977,5.341609,0.7224611,4.934062625231439,0.553336077811649,5.59495278164695,1.0196822770980853,,
2018-04-22,623.6402482139044,1987.1357780166456,100.0,4.01599,0.5040917,7.1225395,0.83821434,6.380473011541216,0.6492526221349094,7.110496640115776,1.115591450623964,,
2018-04-23,540.0536241407916,1638.800010461243,100.0,4.4497857,0.544714,9.045418,0.9936089,7.906338171213684,0.7594295427349353,8.709292938511473,1.225763189082424,,
2018-04-24,520.3972772045881,1464.4389648974527,100.0,4.6864,0.57782584,10.628372,1.0517809,9.070467254179832,0.7906679976725048,9.929063412267206,1.2569994812407916,,
2018-04-25,1564.9430084022338,2481.231237477507,100.0,4.6761622,0.54096395,10.684229,1.2617451,8.360482727713205,0.8015287549976758,9.185144052396167,1.2678613732163007,,
2018-04-26,1388.2613577506468,4136.756856225012,100.0,4.7027955,0.5447598,9.933767,0.9893316,8.619390469544935,0.7532848514990718,9.456426699255614,1.2196169891595472,,
2018-04-27,1073.2627320177055,3400.101599305635,100.0,4.63399,0.48435512,8.765313,0.9284777,7.774113898067481,0.7152184163574464,8.570748797094948,1.1815524063839753,,
2018-04-28,1025.4143919875528,3307.7636966617724,100.0,4.8895793,0.5382011,9.107159,0.9992606,8.109099847815584,0.7733524850921542,8.921745930148825,1.2396856432622498,,
2018-04-29,922.3928511159188,2649.5319724144365,100.0,4.3847404,0.43218935,7.95132,0.9071449,7.030307582833891,0.682081881675797,7.791391082567885,1.1484181776459552,,
2018-04-30,973.0035542970418,2848.965466690687,100.0,4.270202,0.42718104,7.1010675,0.8666352,6.380380885337356,0.6550957599065557,7.110400110594289,1.1214345887888826,,
2018-05-01,1028.012788241965,2654.8306256956225,100.0,5.1508565,0.54787415,8.347561,1.0799245,7.455246813957158,0.7933584554564578,8.236640956356752,1.2596933565442399,,
2018-05-02,865.6904116442079,2261.850894592271,100.0,5.7726517,0.5973364,10.552175,1.2144103,9.229222530775932,0.893694342711483,10.095406648406836,1.3600256514404387,,
2018-05-03,751.8697049753443,2151.760308478543,100.0,6.1714687,0.81861466,12.21983,1.1872796,10.653659197505265,0.9050181494636872,11.587926518612676,1.371349179140171,,
2018-05-04,831.8263852706393,2466.0584955468034,100.0,6.646315,0.983994,12.825646,1.1358361,11.267032013768457,0.8848642934927906,12.230616458783167,1.3511959178324267,,
2018-05-05,709.5240621453977,2043.506207509896,100.0,7.2266827,1.0561684,12.592772,1.1171876,11.209797571293738,0.872792391741582,12.17064640560431,1.3391239423892547,,
2018-05-06,724.7273360014066,2137.464831787428,100.0,7.099559,1.2645051,11.346469,1.0113052,10.271121199288876,0.820303024287398,11.187104511722273,1.2866339009689591,,
2018-05-07,824.4631166700697,2326.124070810168,100.0,7.385664,1.2117946,10.557047,1.0517974,9.727141835220252,0.8388082545496017,10.6171247935516,1.3051392019041432,,
2018-05-08,614.9137957621313,1738.0372597412324,100.0,7.8331547,1.1382213,10.917637,1.0910195,10.111546728146037,0.8590400016968508,11.019902926336847,1.325370864029695,,
2018-05-09,536.7106294978719,1458.5851532052357,100.0,8.426727,1.2119672,12.67749,1.1409756,11.534085996839165,0.8955146687681576,12.510434709366281,1.3618466864788141,,
2018-05-10,647.9455935614003,1618.171184572558,100.0,8.2650585,1.3525692,13.907776,1.1270905,12.294366594202595,0.8929206603892585,13.307054120394476,1.3592542446719538,,
2018-05-11,527.4416579330052,1382.0564381861816,100.0,8.605353,1.4812254,13.130188,1.0569637,11.880337943661706,0.8675470577213831,12.873236315643872,1.333879706906397,,
2018-05-12,431.8097529989634,1265.2970468678354,100.0,8.057143,1.450556,11.059396,0.9777096,10.295506361004673,0.8170528278002575,11.21265520081158,1.2833837092399296,,
2018-05-13,480.5811170955076,1333.9966104262237,100.0,8.234044,1.5072827,10.292537,1.0229107,9.747356064945322,0.8513863263516038,10.638305194358642,1.3177172650250588,,
2018-05-14,381.8939620583914,1084.2777629203708,100.0,10.092776,1.7892878,12.034356,1.1652347,11.528632539993987,0.9796834557762174,12.504720595925614,1.446015464638054,,
2018-05-15,640.6960805325584,985.149520007716,100.0,10.60576,1.8927963,17.664776,1.4835556,14.88303321057951,1.1680902040138932,16.01945015212006,1.6344340800263206,,
2018-05-16,629.9024575669741,1017.105662789583,100.0,10.809356,1.979112,16.278257,1.3197445,14.18666198743008,1.1122748624530348,15.28979476493003,1.578615216347568,,
2018-05-17,637.2662968575662,994.798396124688,100.0,12.111545,2.1492712,16.033278,1.363431,14.501972891869244,1.1810769923991038,15.620176452764978,1.6474188723693284,,
2018-05-18,498.2182331759588,838.6343411621913,100.0,11.496884,2.1838732,17.349314,1.2750039,15.168230281869533,1.141116538969803,16.31827866852033,1.607462017539014,,
2018-05-19,1207.8501338492947,1318.561454338545,100.0,11.149568,2.0839539,16.84482,1.7412004,14.121981262590307,1.3485081382952784,15.222022522542911,1.8148481931961533,,
2018-05-20,976.641299305212,1829.052851835564,100.0,11.901284,2.1741037,13.428894,1.5532889,12.897144406664331,1.2641558993117359,13.938642651799011,1.7304911954977968,,
2018-05-21,753.1880946986855,1232.6773998728129,100.0,12.922763,2.297988,13.942395,1.490532,13.555674689080986,1.271081004495507,14.628648430642023,1.737418645926354,,
2018-05-22,947.67367605662,1033.6910193334531,100.0,11.65929,2.1274655,14.697237,1.5460534,13.244207128578275,1.2984586626650558,14.302293785445874,1.7647951330382559,,
2018-05-23,921.0295876160924,1181.1250788698908,100.0,12.917756,2.2721374,14.3306675,1.7846626,13.711620173123508,1.4129803184368939,14.792047575748809,1.8793185878763379,,
2018-05-24,656.241267431843,885.3277584223297,100.0,12.683389,2.3458536,16.053928,1.5771234,14.619099843573881,1.3481930819765784,15.742901672382642,1.8145355577947302,,
2018-05-25,481.90208485821006,729.1187821023509,100.0,12.530912,2.4501467,18.005217,1.4575596,15.826824236558583,1.3117543605396673,17.008351162952707,1.7781038952649741,,
2018-05-26,360.82731200161567,647.0060086071273,100.0,12.540597,2.6110983,19.512152,1.3950456,17.016176131998556,1.2946000135631843,18.254550013398642,1.7609581300535395,,
2018-05-27,349.6329574181466,608.0497477961794,100.0,12.504321,2.9209673,20.123444,1.3071134,17.341837211423723,1.3512751398836584,18.595776579203623,1.8176358882943158,,
2018-05-28,343.6020099785087,729.5107568971533,100.0,12.196731,2.991609,18.14937,1.2455963,16.243383248379153,1.278500974217218,17.444820271602552,1.7448533305501652,,
2018-05-29,204.50977149603824,507.526130495358,100.0,11.208343,3.091311,19.775278,1.3380315,17.314697066439628,1.3030438136349047,18.567339228063233,1.7694043380724254,,
2018-05-30,134.5867482964,449.538310495358,99.99774639478002,10.121255,2.9760947,22.097004,1.3926774,19.33770249233832,1.2723784532709352,20.687037398021783,1.7387579810505425,,
2018-05-31,136.7416382964,418.4259304953581,99.9049601420731,9.348709,2.668791,21.98839,1.3404188,18.87514855163036,1.205293450633789,20.20237496010953,1.6716682206794136,,
2018-06-01,212.4739406394415,427.0149304953581,99.9332775700975,9.250403,2.7533016,22.745848,1.4821032,18.26190691734428,1.347701187439895,19.559822471966232,1.814070026992216,2.7632006394415076,4857.2367993605585
2018-06-02,200.98642540792164,442.219400495358,99.9965728012345,9.411671,2.7404134,22.717321,1.4190739,18.559624020563916,1.2981373689185587,19.871769435024763,1.764509033904639,2.8123654079216585,4854.424433952637
2018-06-03,199.31317229943184,429.6771704953581,100.0,8.514125,2.315425,21.248386,1.2667432,17.213179661566333,1.1345218433199973,18.460969638256884,1.6008815374565595,3.0686159525162355,4851.35581800012
2018-06-04,188.25967947373857,429.716170495358,99.98476915242004,8.920119,2.580404,19.049337,1.2247075,15.963580309031482,1.1589593199078325,17.151643708212564,1.6253097590848178,3.0861494737385713,4848.269668526382
2018-06-05,180.49068838326065,402.4955904953581,99.93238434049093,8.85574,2.5437999,18.467518,1.177046,15.49174202845127,1.1316432066040691,16.65725317071909,1.5979906156332357,3.1958153832606495,4845.073853143122
2018-06-06,169.7427438110976,384.444330495358,99.88601754915396,8.557585,2.4054346,18.050104,1.175114,15.142626937746646,1.0987950189308189,16.291451572069022,1.5651403498310452,3.360628811097601,4841.713224332024
2018-06-07,165.156127599691,351.817330495358,99.8477084112125,8.454863,2.3898897,19.248741,1.237278,15.80044964468046,1.1366165436095506,16.980715955739843,1.6029659063637833,3.503344599690979,4838.209879732333
2018-06-08,158.06567837025585,310.789980495358,99.71784776792587,8.354993,2.0231724,22.03067,1.3892143,17.420178282973886,1.1459586487506321,18.67786208617833,1.6123200483932596,3.6581743702558716,4834.551705362078
2018-06-09,156.84324558326622,272.608290495358,99.57438070846496,8.2539835,1.58609,23.53291,1.4081413,17.95277723593565,1.0651492752322538,19.235917448493222,1.5315152882987333,3.818199583266227,4830.733505778811
2018-06-10,157.37668870319982,256.53119049535803,99.42021200722468,7.5776863,1.3504969,23.486963,1.6316762,17.4379135829858,1.1341748577087505,18.69644507290572,1.6005364057552742,4.116986703199804,4826.616519075612
2018-06-11,156.81385444287866,246.77507049535805,99.25618725643336,7.816532,1.2488201,22.506393,1.345641,16.798670477480066,0.9552150450575377,18.026648332100056,1.4215714712677507,4.235766442878643,4822.380752632734
2018-06-12,162.03582326380754,235.65030049535807,99.07627593983808,8.057577,1.0709838,24.707594,1.4181591,17.923602684866903,0.9468794737823595,19.205348453611602,1.4132452257384094,4.361746263807527,4818.019006368926
2018-06-13,162.6455205228866,238.0442930709104,98.91458070352054,7.784836,1.012068,25.768038,1.7143786,18.468408138435727,1.0982194876028144,19.77619374553674,1.5645902761505304,4.620384193342111,4813.398622175584
2018-06-14,157.45642261821726,264.18233049535803,98.77912894021284,7.7199297,0.9012769,25.168447,1.4610739,18.652487629830432,0.9753627506921203,19.96907160737585,1.4417353177220575,4.851172618217248,4808.547449557367
2018-06-15,183.99854175354167,278.3548255680757,98.52270852487352,7.65798,0.9091672,25.533918,1.5403603,18.41999463019352,0.9954396141913768,19.725466237093855,1.4618099414278565,5.104806210861309,4803.442643346506
2018-06-16,214.4723643982324,328.8164963339921,98.19390476914032,7.96345,0.9161577,26.165592,1.4714245,18.97999211012741,0.9611932259981811,20.31222968231296,1.4275690530013116,5.27372644502696,4798.168916901479
2018-06-17,222.56026072113548,336.35806288751485,97.86776923388668,8.247357,0.8862737,29.114063,1.6186987,20.804978897481607,1.0360926230886838,22.224444599697446,1.5024888617832737,5.434153074686694,4792.734763826792
2018-06-18,223.48911453087663,312.1633546093672,97.56656957806868,8.164319,0.78958976,31.518358,2.043791,21.774403258887755,1.2357850882431414,23.240204131767406,1.7021937181445221,5.727476304555135,4787.007287522237
2018-06-19,192.70184923279203,348.139690495358,97.34931510525462,8.128178,0.88058275,30.364574,1.9822766,22.44174590153502,1.3139993032014987,23.939443471536503,1.7804170874521976,43.25367123279205,4743.753616289445
2018-06-20,220.98066610785614,338.42510673068176,96.95304481182922,7.821701,0.9211914,28.90804,2.1589696,20.578355609558887,1.355862292776671,21.986989493284973,1.8222557897103209,9.204946112551898,4734.548670176893
2018-06-21,225.95414286062638,325.03843827102565,96.62870527385996,7.8523717,0.8429681,28.215988,1.8566248,19.865161556786354,1.14850894447405,21.23970720272182,1.6148941961300909,9.988804521062686,4724.55986565583
2018-06-22,231.81346302342914,324.07148994221427,96.25234952091228,7.9035344,0.8489238,27.878988,1.856955,19.54888487217696,1.1389872378799613,20.90831357372586,1.6053690191819028,10.87098520399217,4713.6888804518385
2018-06-23,279.0534338260229,366.4177301375588,95.88947361645828,7.395535,0.76216906,26.082754,2.678273,18.00379885157139,1.5556842883579758,19.289377722947684,2.0220507604042552,12.273066054429693,4701.415814397409
2018-06-24,285.15090550219736,418.1829188263104,95.60282993487996,7.2616444,0.7489439,24.634472,3.0490766,17.591049083358033,1.838149676335377,18.85689992672823,2.3045125207370747,13.692826788425368,4687.722987608984
2018-06-25,179.818249929559,571.2219080878831,95.40739746271602,7.602572,0.7698643,21.094429,1.2037529,17.86413287620036,0.9339142811662624,19.143036191378172,1.4002795038853328,15.061470944479291,4672.661516664505
2018-06-26,290.6417514956366,532.6776158565706,95.04201630228827,7.955302,0.83211565,25.15743,1.3994751,19.084869905696756,0.9519007043741133,20.422120278003714,1.4182776012550404,16.65621486259784,4656.005301801907
2018-06-27,344.6960611351845,509.88939477636507,94.63110840344248,7.3573017,0.67606026,25.244804,2.7241182,18.029900745312684,1.6480642779556873,19.31672719798495,2.1144309859601425,19.58470350164139,4636.420598300266
2018-06-28,365.29116324792466,773.6276909647131,94.62256307274636,7.617752,0.8293521,22.261131,1.6189175,17.564486739701056,1.1313885037851463,18.829067993843278,1.5977511214033,22.404973044550786,4614.015625255715
2018-06-29,154.25446349718615,646.692980495358,94.63340838496794,7.9628105,0.75038034,23.246841,1.2775043,20.303290007354036,1.041544366247135,21.698776695559452,1.5079346142367978,25.77184819718616,4588.243777058529
2018-06-30,275.6391139613045,497.436787349899,94.49349983061418,8.171585,0.79103714,30.897697,1.7323376,22.79473438178167,1.1498038427520922,24.30930359450819,1.6162266750242438,69.62260502407398,4518.621172034455
2018-07-01,404.09142305516843,676.8103020803339,94.10395605557817,8.256602,0.8128605,33.9733,1.9014081,24.359200862843252,1.228743496617463,25.948546225503385,1.6951904164981537,45.86801799313863,4472.7531540413165
2018-07-02,402.045632593111,781.8055809356254,93.67720357322834,8.287443,0.79867744,33.62504,1.87206,25.02018198928471,1.2656974367213305,26.641119990337796,1.7321553741600537,58.62118891864031,4414.131965122676
2018-07-03,502.35262624393897,1153.395840179306,93.420261251885,8.2648325,0.8491147,31.579384,1.731238,24.50576950612204,1.2331912959201854,26.102120348911054,1.6996406157938049,78.25040379519247,4335.881561327484
2018-07-04,297.0870643880949,665.781809689236,93.16847301208632,8.248094,0.86527133,30.973068,1.7486986,23.96142191291558,1.2382712955965662,25.531754801508487,1.7047118257730571,105.93215457683793,4229.949406750646
2018-07-05,507.62192082195025,771.7387015260011,92.72542123878648,8.0321,0.7876762,33.65848,1.9574492,23.490501621491827,1.2214378016320226,25.038326129915163,1.687871000990453,157.66995559863278,4072.279451152013
2018-07-06,389.9140864954045,760.9755342332071,92.46716382345122,7.7420683,0.8273216,29.652794,1.676829,22.229579354930497,1.143610675800732,23.717136089259345,1.6100254944327266,165.3968780510064,3906.8825731010065
2018-07-07,519.4174457621939,862.84937049542,92.00757722329833,8.0301,0.8879851,29.287022,1.6211739,21.299261329229743,1.0655747371883448,22.742352042063175,1.5319771595645624,130.30211811249444,3776.580454988512
2018-07-08,682.0694442209275,900.2645648195099,91.33527002611956,8.122664,0.89632505,32.47306,1.9890285,21.97675510097971,1.1957898999650698,23.452227700206187,1.6622012518692622,83.08286124984473,3693.497593738667
2018-07-09,679.7412428603475,838.3516348195099,90.67829408043887,8.213577,0.88927126,33.775436,2.3405886,22.329858761883862,1.3525073002797154,23.822208509077075,1.8189235141827946,55.1515820879857,3638.3460116506812
2018-07-10,500.5521276060032,767.2464772100046,90.13813162877037,8.147531,0.8452526,31.295994,2.168886,22.15651969115369,1.3543270726494843,23.640584423295973,1.8207408819799462,40.28500633733696,3598.061005313344
2018-07-11,493.10612176664904,739.4538633578247,89.60708343341472,7.9880466,0.8188091,30.382374,2.073798,21.423150769526796,1.2865431193222014,22.87216297411156,1.752947135385977,31.48235143314552,3566.5786538801985
2018-07-12,496.44583288472785,734.7056102893741,89.05452984768203,8.112819,0.81616163,29.75336,2.0362043,21.02709317829305,1.2589104159541071,22.45717518387199,1.7253093988350812,25.192362341860967,3541.3862915383374
2018-07-13,521.7557754012154,720.40884481951,88.5215741321914,8.202087,0.81097543,30.841911,2.196699,21.332335299435638,1.3187566521865037,22.777006834987198,1.7851594983023333,20.827609143873346,3520.558682394464
2018-07-14,547.6864806111462,696.92469481951,88.02001316598643,8.146267,0.77851754,31.990036,2.6898093,21.497674841123075,1.5446384922758878,22.950249041582346,2.0110434754538837,17.81530255924694,3502.743379835217
2018-07-15,450.4078426244142,732.8528609965537,87.58726418261162,8.177872,0.8155012,30.04828,2.3802302,21.723315887656998,1.5065242846427127,23.18667495882526,1.972932234726231,15.439068175147693,3487.3043116600693
2018-07-16,518.2027419700077,727.12539481951,87.03800756189804,8.277178,0.80454195,32.37712,2.318826,22.34871459554727,1.3946989465533302,23.841965587134155,1.861115424097348,13.504955290355168,3473.799356369714
2018-07-17,421.41241767853256,794.2591316375315,86.72950049728831,7.782256,0.6960714,29.096561,2.0304515,21.707959687462573,1.348361455909208,23.170584784754087,1.8147692022315283,12.449116684752934,3461.3502396849613
2018-07-18,364.90977055642827,514.3150806830017,86.53187352483053,7.8650475,0.71746165,28.481232,1.9574916,19.9247776172112,1.1831469089254374,21.302172707047664,1.6495328275314503,11.226114585492038,3450.1241250994694
2018-07-19,376.28426823239846,571.1317417569234,86.11028931286579,7.98148,0.7243476,28.154917,1.7472367,20.142653127885673,1.091870509353173,21.530461922362203,1.558258899987544,10.119062953927536,3440.005062145542
2018-07-20,389.95455398813283,584.4726700669833,85.62468420986448,8.139154,0.74789435,29.362099,1.7854701,20.86892079530385,1.1119820575537982,22.291442701661147,1.5783790804587752,9.155357643073643,3430.8497045024683
2018-07-21,398.3966479392896,587.7990928404033,85.10591174483172,7.9488015,0.6998473,29.497734,1.7511057,20.792542858256237,1.081319717701159,22.211414160307573,1.5477158044178958,8.529967353716707,3422.3197371487518
2018-07-22,273.3928337492794,420.02339110781816,84.77827545320893,8.041286,0.70029604,28.451424,2.439939,20.404330081484094,1.5035149992158234,21.804646139844714,1.9699064305908425,7.8678033288972475,3414.4519338198547
2018-07-23,220.55486512211235,64.45793049535806,84.79332517717583,8.142219,0.7308638,34.491203,20.501158,14.10125289179492,4.670868938388148,15.200303406479895,5.1372088984822915,7.266015122112353,3407.185918697742
2018-07-24,280.69942534545163,64.63,84.9680843537758,8.421347,0.8074648,36.7169,45.5359,13.716990387707458,8.547491555368408,14.797674468232712,9.013829846929667,6.673885345451646,3400.5120333522905
2018-07-25,360.68170288158353,1097.6033000000002,85.62417382295673,8.944805,1.1069144,23.377296,1.3208352,19.80766806268539,1.0311577760233586,21.17946571613451,1.4975423883246777,6.105712881583562,3394.4063204707068
2018-07-26,128.39442276497624,712.147730495358,87.76735665681898,9.335166,1.28288,23.18928,1.3094555,21.07303718940403,1.1266074491425218,22.505315161662327,1.5930070066945503,5.5944227649762475,3388.8118977057306
2018-07-27,128.17736982079222,591.871570495358,88.7927153363311,9.0720415,1.0991694,24.684616,1.3869913,21.90539007601496,1.1567586110781627,23.377451670997257,1.6231689976488612,5.377369820792237,3383.4345278849382
2018-07-28,128.07698301483694,955.842830495358,89.53342975862343,8.643891,0.99392503,22.168606,1.2511045,20.57051284235097,1.1095060924675126,21.978771868613673,1.575899495568056,5.276983014836939,3378.1575448701014
2018-07-29,127.85110117594172,658.0640304953581,90.03986478151025,8.509582,0.91093975,23.206472,1.276636,20.81561160172975,1.0791783482314714,22.235585510862567,1.545574717006006,5.0511011759417235,3373.1064436941597
2018-07-30,127.65764221137947,614.305330495358,90.40796737196187,8.352993,0.84943527,23.127436,1.2860965,20.58543482167142,1.0748013095839153,21.99440706753741,1.5411948912756683,4.8576422113794715,3368.24880148278
2018-07-31,127.46911968610486,523.7650904953581,90.6749058051936,8.2064495,0.8154489,23.75082,1.3292265,20.708247745854464,1.080900286027897,22.123090029681425,1.5472953472554987,4.669119686104865,3363.5796817966752
2018-08-01,143.43576396728628,228.09832049535808,90.87639519041146,8.116326,0.76573336,28.92823,2.8776896,20.893512966211908,1.7912807399536124,22.317210294274478,2.257678065711954,4.477869275686276,3359.101812520989
2018-08-02,143.16466350385403,300.91004049535803,91.09161458712346,8.350289,0.8241708,28.422722,2.4918861,21.951596574041652,1.7093076303025243,23.42586668168061,2.1757186412303238,4.206768812254037,3354.895043708735
2018-08-03,301.6989014539753,1033.788930495358,92.00625291059018,8.240535,0.8522653,24.056969,1.3326458,20.48389178001092,1.0494023107369772,21.888010615593064,1.51579468215604,4.085976762375272,3350.80906694636
2018-08-04,142.76585655727774,3734.615364203898,93.93810732784677,8.803133,1.1845756,18.911793,1.210851,18.539590130502795,1.1670825198319787,19.850777993501147,1.6334539915091673,3.807961865677758,3347.001105080682
2018-08-05,529.5175770640527,2943.5932150297576,94.62927096911368,8.786036,1.1115363,21.509563,1.3190029,19.569708349841232,1.1306770640612602,20.930132342440984,1.5970590703320566,3.662209750326699,3343.338895330355
2018-08-06,663.8682225754185,2561.456055029758,94.8384665730494,8.825821,1.1042444,23.334736,1.3608536,20.34836713696592,1.1043903096740182,21.746008357878324,1.5707810841666907,3.5125262070934706,3339.826369123262
2018-08-07,685.4119927544068,2933.8577150297574,94.94604945617468,8.661117,1.1347021,22.585934,1.3656708,19.948872234307373,1.1277052327546244,21.327418964477708,1.594091422070345,3.427779561690841,3336.398589561571
2018-08-08,692.966748953846,3497.007015029757,95.25500729828212,8.714187,1.3080593,20.610065,1.3056076,18.642643009217814,1.110944436687499,19.9587564475501,1.5773169076230402,3.307268204119834,3333.0913213574513
2018-08-09,764.4969474311999,5118.864915029758,96.00958947849372,8.945505,1.7186971,19.962063,1.324871,18.530547160683803,1.1741495279596876,19.84130280063665,1.6405209125307427,3.152698247172634,3329.9386231102785
2018-08-10,955.9541028063575,3235.414815029758,95.96448040985048,9.43192,1.8020045,21.045044,1.3453059,18.39635955359147,1.1168451502125625,19.700701484622694,1.5832152532142982,2.9557477406710486,3326.9828753696074
2018-08-11,1659.4896486907699,2931.8399043379964,96.0418677164012,12.354594,5.138965,20.54438,1.4166826,17.58426485228398,2.0660113825633055,18.849791432599567,2.532374168965986,2.257896159481977,3324.7249792101256
2018-08-12,1024.668352513563,2203.213124485134,96.26566567906362,13.12921,5.802898,20.291878,1.3153781,18.018139219303954,2.0492376051666943,19.30440351123777,2.5156042067518456,2.0431916503484797,3322.681787559777
2018-08-13,1140.2599092922414,1312.5557641942703,96.35257224705614,13.756133,5.867983,20.910425,1.4341526,17.584552575045514,2.833794306526652,18.85009290752557,3.300157095388032,1.8731503228200836,3320.808637236957
2018-08-14,1680.8917274479911,3471.886612229798,97.33744596033571,15.351684,6.8160715,19.61016,1.3231614,18.220999749160978,2.3955529843158834,19.516960080977928,2.8619214435655804,1.527226568393394,3319.2814106685637
2018-08-15,1788.4856717729278,5595.108985637439,98.00506797348515,15.730844,6.790112,20.654322,1.4849238,19.461735878225568,1.9928119479841835,20.816999155767522,2.4591927931414164,1.4309310410177594,3317.850479627546
2018-08-16,1291.8132113497454,3400.703036603366,98.02241526475262,15.913964,6.924081,20.51662,1.5511129,19.249545151382236,2.2129165714106604,20.594666437518793,2.6792951735521267,1.3779735933761346,3316.47250603417
2018-08-17,1016.6243691595813,4872.532536270958,98.28705010369168,14.889251,6.90355,18.902876,1.3769714,18.210017958705837,1.6486869925847152,19.505453398478405,2.1150553500655476,1.543095699865739,3314.929410334304
2018-08-18,2405.411843864613,11458.022659078288,100.0,15.791915,7.5501847,17.92548,1.4332064,17.55529006351775,1.7661426674886431,18.81943174797567,2.2325052067756004,1.359054039412095,3313.570356294892
2018-08-19,2541.4824529115162,8875.125422309668,100.0,16.393667,7.2646794,17.261972,1.406246,17.06867661921749,1.9520374142590995,18.309559844442706,2.4183959468466845,1.239105012293658,3312.3312512825983
2018-08-20,1622.2826787872966,6093.867911610646,100.0,16.82768,6.802175,16.803558,1.3429167,16.808629931440336,1.7804700579740156,18.037083813914936,2.2468265603992226,1.153625538562263,3311.177625744036
2018-08-21,1488.2053898870731,4068.0314150297577,99.7152922913602,17.239418,6.3988724,16.011707,1.375329,16.340542411510434,1.9878162271984892,17.546623310609526,2.4541692701901474,1.076121291751576,3310.1015044522846
2018-08-22,1290.436561344507,3143.137130416588,99.44568778630868,17.350082,5.634696,15.947953,1.4259613,16.356057131936957,1.9265712895857166,17.56287958163802,2.3929244432250587,1.047476612774484,3309.05402783951
2018-08-23,1140.1920946544676,2711.9187155294653,99.14675179277464,17.315395,5.108736,15.695482,1.3986185,16.17496277860934,1.8044637506164667,17.37312953726142,2.270815629875432,1.0407068302546179,3308.0133210092554
2018-08-24,1070.8075972572321,2155.111395311432,98.7244362843029,17.437874,5.3157578,16.128218,1.4999561,16.56294335242238,2.02918977123813,17.779654256257476,2.4955444266557154,1.0121428854557104,3307.0011781237995
2018-08-25,970.483594880308,1708.5367507577855,98.28808991058824,17.378857,5.8342695,16.412605,1.4417863,16.76263290220828,2.304838168107941,17.988888283918566,2.771194319487443,1.0099106827079753,3305.9912674410916
2018-08-26,970.544534573557,1407.9172724910024,97.75837352329918,16.882494,6.1260614,17.508398,1.448956,17.252994422739572,2.6428240031754027,18.50268740891425,3.109184021548332,1.070850375957003,3304.9204170651346
2018-08-27,465.3597145643978,1174.616016154835,97.52462049647548,15.347812,5.7823596,16.482586,1.3235059,16.160582238470592,1.894951104906905,17.358061656461455,2.361302884575848,1.2906119651629866,3303.6298050999717
2018-08-28,416.4490025352823,1025.8537006095255,97.2138480807834,13.686451,4.213207,17.444696,1.4469153,16.35954448631903,1.5934338271157267,17.56653361963863,2.05978700566403,1.5413117132726961,3302.088493386699
2018-08-29,389.5207698737773,920.4170956507176,96.90356973428509,12.384973,3.0169683,19.483145,1.4464114,17.372445033024203,1.3556212324953787,18.627847350049002,1.8219822345067007,1.731296170177283,3300.357197216522
2018-08-30,389.6260559294897,883.2977888358586,96.69478893539326,11.5368185,2.7122838,20.246784,1.3523191,17.580772728673406,1.2529180383086937,18.846132397417637,1.719280794877406,1.8365822258897229,3298.520614990632
2018-08-31,389.6545303724111,843.6922528416897,96.43819240615164,11.122878,2.3642812,19.350851,1.222256,16.751365664621204,1.12116544421383,17.977082510889954,1.587521509971591,0.0,3296.655558321821
2018-09-01,387.7894737036,851.16693956395,96.15430247614606,10.962259,2.158979,16.995712,1.1026465,15.107260407673898,1.0151265601990056,16.254394642753233,1.4814716883534715,,
2018-09-02,387.7894737036,837.593434527186,95.77590740074383,11.486938,2.0283072,16.651358,1.0952412,15.017005335171563,0.9861413840086338,16.159825686306814,1.4524860012411949,,
2018-09-03,387.7894737036,785.4240483093682,95.38098286485886,11.716543,2.053402,18.493023,1.4244725,16.253151441522995,1.170504720077726,17.455055350987774,1.6368571449578773,,
2018-09-04,387.7894737036,671.7064018024424,95.0272568693974,11.636534,2.0364406,21.436466,2.4165528,17.84956158951712,1.7037556902139328,19.12776844700092,2.1701207838762704,,
2018-09-05,387.7894737036,558.178332381837,94.67523706975666,11.489846,1.9922929,23.829315,4.52797,18.770880700309743,2.79381825427636,20.093123461917607,3.2601919856340724,,
2018-09-06,678.8825237036,252.5202625990906,94.39855401886092,12.52002,2.2071517,32.3511,39.851242,17.89658695617874,10.923510975393501,19.177041465440794,11.389876486428394,,
2018-09-07,617.4754037036,316.190800495358,94.1011577466048,13.02435,2.1174438,27.387926,7.458914,17.888648084092214,2.888196872750975,19.16872314240621,3.3545623131471722,,
2018-09-08,501.3724737036,377.2557004953581,93.8201508733136,13.308882,2.0408835,20.531136,1.7325416,16.409893650989364,1.3819043997679765,17.619289302270197,1.84825793949283,,
2018-09-09,477.3611737036,360.4204604953581,93.54248287306272,13.196015,2.002602,19.133966,1.8126341,15.75057012278739,1.3820767095125592,16.9284523632049,1.8484257492107241,,
2018-09-10,1436.9867737036,193.71793049535805,93.53628200982352,13.578282,2.306737,28.715485,37.247837,15.37649112349263,4.869387956240247,16.53649366646894,5.335734663818725,,
2018-09-11,865.7733037036,774.50053,93.7499967226576,13.881114,1.8242888,17.499989,1.532275,15.589865434787754,1.2044244496634946,16.760066540460375,1.6707724678727751,,
2018-09-12,812.0683137036,594.0427249393888,93.60237145809764,14.282443,1.9801222,18.845587,1.216874,16.210244095889873,1.253817985654432,17.41009718090481,1.7201701102501445,,
2018-09-13,766.4234437036,569.3228667934889,93.41865677757536,14.491088,2.0676324,17.96283,1.198324,15.970816443101556,1.2916372943536498,17.1592257047557,1.7579877819834269,,
2018-09-14,711.5906237035999,629.9608292309634,93.23462059989473,14.493186,2.1232736,17.36917,1.188321,15.843679697150597,1.2568916117244016,17.02601225694351,1.7232412567695583,,
2018-09-15,657.2549537036,668.8312982117184,92.99718280464177,14.385587,2.0816114,17.465775,1.2096092,15.939125205932212,1.1986027700439756,17.126019734780737,1.6649530459139796,,
2018-09-16,606.6149137036,659.5136458726422,92.74880843988532,14.348098,2.0659404,17.651836,1.2338058,16.068982042145866,1.1801538677336014,17.262083283872013,1.6465050185918046,,
2018-09-17,591.4670237036,626.8071644864281,92.54723205219332,14.497399,1.9921284,18.352936,1.2753422,16.48108896260723,1.1687495143026807,17.6938875064144,1.6351035696906653,,
2018-09-18,784.3865237036,1561.283218680018,93.14490059629796,14.861867,2.1406405,16.694975,1.1589968,16.081987851216812,1.0523837152770956,17.27571072615842,1.5187349548321851,,
2018-09-19,396.4053504472807,1465.1463070002533,93.51909584391238,14.64561,2.0236306,16.442036,1.0508449,16.05949844937387,0.9326001687763265,17.252146407783556,1.3989512550803755,,
2018-09-20,564.0871684498354,1356.6766192561593,93.42239250533952,14.654086,2.0509133,15.508401,1.0004323,15.257506964407327,0.9284922498020899,16.41182247130636,1.3948382491452909,,
2018-09-21,593.7009394686027,1316.5767171370403,93.18670464138415,14.792649,2.0178194,15.068507,0.9708699,14.982772480032676,0.917071492053749,16.12395661771145,1.3834159179356258,,
2018-09-22,522.5550688442929,1954.4469032889635,93.39978135936671,14.818557,2.0332563,14.889327,0.9728642,14.87439716206867,0.8793409406677212,16.010401330011256,1.3456847696042251,,
2018-09-23,628.0308144408145,1572.0653955885673,93.17900739499308,14.732024,2.0785458,14.037545,0.988888,14.235788445919045,0.9226775095393455,15.341269300204369,1.389018093723463,,
2018-09-24,616.3745730352135,1470.6452348993191,92.98967061355052,14.433878,2.0013206,14.32233,1.0354737,14.355274591622411,0.939021074608708,15.4664664752294,1.4053622304278335,,
2018-09-25,2662.9421899695344,3027.612224669274,93.90082440878214,15.432916,2.1494737,14.773403,1.5213821,15.082027527658264,1.291105534957053,16.227955717327134,1.7574505193333443,,
2018-09-26,1707.53148686455,4312.001036939151,94.92087047476082,15.692241,1.4709566,15.283146,1.2139707,15.399191837884699,0.9645339964537186,16.560279397410437,1.4308808409939886,,
2018-09-27,1626.345973895438,3392.786298034453,95.37370740068634,15.646485,1.4364177,14.339985,1.2673752,14.763329330054415,0.9749796045562168,15.89402483529311,1.4413228356541739,,
2018-09-28,2310.500559914819,5944.028015029759,96.35689884487792,15.975287,1.3800278,14.016127,1.248659,14.56450951067508,0.9786131119759282,15.685702108178996,1.4449553081300504,,
2018-09-29,1781.5516006559574,5012.840315029758,96.5123832245542,15.95172,1.2002245,13.7408,1.2130786,14.320523403572643,0.9487171852559021,15.430054299181847,1.4150581731375793,,
2018-09-30,1527.3375055832605,3936.2641150297577,96.27111694077458,15.859055,1.0542754,13.087591,1.212021,13.862347509883715,0.9215985959070206,14.949979163970529,1.387937498774793,,
2018-10-01,1506.3047095334557,3402.447715029757,95.83046873019224,16.24663,1.0575367,14.062578,1.252722,14.732778446970494,0.9269704559006923,15.862013724430748,1.3933135250282613,,
2018-10-02,2475.6039723885865,4943.323415029759,95.93706507253036,16.237247,1.2685739,14.799618,1.31543,15.279336951734441,0.9733546240576871,16.43469585740563,1.4397007521278127,,
2018-10-03,1830.641692116946,5556.847115029758,96.34190259592556,16.13715,1.1050466,14.221687,1.1692504,14.696344618252605,0.9211497678138514,15.823838483242955,1.3874926451772482,,
2018-10-04,1603.9492229079206,4358.643715029758,96.32358388024976,16.16017,1.1135349,14.68782,1.2676924,15.083885255132634,0.9738907207917151,16.229902237824458,1.4402357157285959,,
2018-10-05,1348.03761652017,3744.2038150297576,96.2017463314653,16.147223,1.0398904,14.570005,1.2304654,14.987532356934356,0.9456854453435038,16.128944000458205,1.4120298977513444,,
2018-10-06,1138.314158510918,3291.0683150297577,96.04412075752845,16.279078,0.9991703,14.236017,1.1666751,14.761066595383115,0.9040812750601261,15.891653949639293,1.370424494125231,,
2018-10-07,1077.0374110158652,3013.7018150297577,95.81962577084349,16.461458,1.0052714,14.9232435,1.1728427,15.328235058107953,0.903677463524324,16.485931126113982,1.3700238819141464,,
2018-10-08,1063.391945910446,2674.7581579978346,95.47622383413731,16.362982,0.9750221,14.58794,1.1285148,15.092886477603702,0.853794406302224,16.239333687960503,1.3201394524640833,,
2018-10-09,1044.492294706405,2253.3696993951858,95.05882524288327,16.485731,1.0006223,14.762664,1.1925888,15.3083902859052,0.8743314775293443,16.465137841635897,1.3406777777663361,,
2018-10-10,930.5436957952896,1854.8893141453136,94.70120253169463,16.494007,1.0537829,14.98106,1.0962665,15.486497913204289,0.8104810584573002,16.651758404689417,1.2768284352393668,,
2018-10-11,1203.2955366661108,3363.321277101812,94.94398245368008,16.1634,1.1418492,15.222784,1.1414344,15.470634871949823,0.8928882143056456,16.63513716428808,1.3592354937342026,,
2018-10-12,897.7839884492341,3886.802719356013,95.33244132887016,15.52819,1.0707774,13.104284,1.036746,13.559107987259628,0.8658448803606877,14.632245828737462,1.3321825353183425,,
2018-10-13,1065.5460936207455,3259.1446913278373,95.30208330419454,15.531259,0.9945965,11.232149,1.0972039,12.291392320432946,0.8624163368814374,13.303937686505684,1.3287499137474603,,
2018-10-14,1041.4347224676617,3000.112520315024,95.17156120339882,15.535482,0.95386887,10.822505,1.0935358,12.036955311815785,0.8481479784475877,13.037339458626025,1.3144809583027686,,
2018-10-15,1075.234165401164,2851.5326815732096,94.93993327090666,15.460429,0.94974816,10.615735,1.0906087,11.94231767545472,0.8335817896724876,12.938178466749479,1.2999145663624174,,
2018-10-16,1049.5588536208486,3271.157699988584,94.79894187403808,15.26653,0.9160349,10.729609,1.036008,11.831686413508212,0.8153009195167633,12.822259408655977,1.2816334716937745,,
2018-10-17,1082.825472067084,2805.081332386349,94.3507821141679,14.947592,0.8954273,9.127602,1.0751774,10.748533890515215,0.8148302362715024,11.687335897635588,1.281161329796198,,
2018-10-18,1023.931253412224,2551.013281083147,93.9101328946276,14.697889,0.8712492,8.615247,1.013153,10.357429834781458,0.7648218310497151,11.27753840496009,1.2311527276285748,,
2018-10-19,885.0070276064872,2168.865959643717,93.27695122648991,15.037726,0.8787209,9.037903,1.0152022,10.776641164057551,0.7646477491776954,11.71678660277334,1.2309788635946992,,
2018-10-20,673.5225353961347,2046.9343029949875,92.82466049065144,14.639081,0.88753444,9.561733,0.9551656,10.818767757504988,0.7515290540705047,11.760926703385007,1.2178602014925173,,
2018-10-21,568.7570320275265,2002.9506527847248,92.48644867160355,14.033872,0.78708094,8.656001,0.9265891,9.845367097187808,0.7423619379182185,10.741000818908365,1.2086928411271192,,
2018-10-22,508.8778376995064,1760.194393946993,92.08890263265866,13.990046,0.7419451,8.049719,0.8734497,9.381937619801391,0.6976959256615294,10.255420996657296,1.1640270934058417,,
2018-10-23,446.597583950148,1626.5034852049157,91.71567904300376,14.065431,0.7640553,8.766431,0.843553,9.90796733710347,0.6819911009598789,10.80659313630378,1.1483219872673038,,
2018-10-24,387.7894737036,1563.5825957513098,91.36991212314356,13.748328,0.71990675,8.92034,0.86223274,9.879789192693615,0.705541228728907,10.777068172913301,1.1718721220894612,,
2018-10-25,387.7894737036,1475.1668149482794,91.0290917300001,13.477559,0.68816656,7.639821,0.8557782,8.854993611789538,0.6926162089548364,9.703290866330457,1.1589479759421166,,
2018-10-26,387.7894737036,1363.8795882242769,90.74840638206156,13.376187,0.6964714,6.975181,0.78956705,8.39225404641831,0.6338109213315559,9.218433931530557,1.1001434764525433,,
2018-10-27,785.3202337036,1428.3668091106088,90.77367932128266,13.303172,0.76276696,6.7790837,0.78818095,9.093547568677954,0.5760768084017186,9.953246886902232,1.0424082647605228,,
2018-10-28,781.5059847830839,2385.391857935146,90.96747179947896,13.23943,0.7339252,7.597141,0.78027606,8.989507495940858,0.6149978435742635,9.8442340543315,1.0813294274033987,,
2018-10-29,988.8613869254482,2283.277485608797,90.91189521447028,13.1134815,0.65345615,7.6768703,0.87202364,9.319849167152288,0.6397350401298354,10.190364928210323,1.1060662619754849,,
2018-10-30,801.8790678488289,2400.4284625413893,90.7566693771176,12.954085,0.6740554,7.4756017,0.8148264,8.84745036110361,0.6336812555326232,9.695387074047053,1.1000130334038378,,
2018-10-31,722.5303561069259,2292.964441693174,90.52630304322535,13.099738,0.68361163,7.84788,0.8311832,9.106256124946828,0.652906929377943,9.966562868718732,1.1192383710146838,,
2018-11-01,677.3502144121378,2315.645936228719,90.36610274912373,13.2546425,0.65120065,8.725602,0.7848999,9.750577221323356,0.6248947099504908,10.641680311000574,1.0912256472837778,,
2018-11-02,642.9828394589567,3172.413716777582,90.79605815210012,13.243564,0.71377397,10.9099,0.84591097,11.303176228123998,0.7135669753796542,12.268488243032087,1.1798986481867941,,
2018-11-03,798.9186279266744,4019.083550514453,92.06271687853048,12.701175,0.6291752,9.445296,0.85807246,9.98518436695678,0.7233506485545681,10.887500876230867,1.1896815201883966,,
2018-11-04,1141.8041421485473,4122.363215029758,92.6329209355718,12.6116905,0.5807383,8.008134,0.8481792,9.006650780949826,0.6760466552291837,9.862196729762507,1.1423782172023564,,
2018-11-05,1271.220022654717,4334.872715029758,92.810930693968,12.453113,0.5977416,7.8045263,0.8302425,8.8586251861283,0.6561319104344043,9.707096017508695,1.1224636722050012,,
2018-11-06,1712.4673197152426,5283.357615029759,93.07479774936064,12.459058,0.61260825,8.130616,0.85783905,9.190150251361048,0.6649822157315783,10.054466847597826,1.1313135648170523,,
2018-11-07,1420.861471196388,4684.570215029758,93.06696138554152,12.287423,0.6286816,8.016675,0.83660483,9.010567285915988,0.6583718875136682,9.86630043027815,1.1247034445408612,,
2018-11-08,1450.2131542228296,3641.3090150297576,92.78856299974036,11.826322,0.59813327,6.8518414,0.84043103,8.26871764358087,0.624730239932797,9.088992910925553,1.0910630468793499,,
2018-11-09,1599.270250084521,3589.244715029758,92.47967639921804,11.241704,0.7316697,5.861912,0.95032036,7.5201399365450685,0.6950084507688021,8.30463574837832,1.1613431570199477,,
2018-11-10,1577.9054423633588,5845.334435029758,92.88897221770166,10.807789,0.62914485,5.864637,0.7066421,6.915367642901545,0.5722811469864052,7.670957406409302,1.0386178557388395,,
2018-11-11,1191.4961102753325,4042.315091552097,92.82596707139884,10.542888,0.5693197,5.0895505,0.6869915,6.331022493728209,0.5461955969720899,7.058682556589446,1.012534637953491,,
2018-11-12,1096.3136627593096,3383.426315484424,92.5768869240117,10.462903,0.60059166,4.569219,0.70011455,6.0115631382332815,0.5488252314940529,6.723954135919037,1.0151657126091718,,
2018-11-13,1296.5896569187155,4015.8434401113263,92.59150811212554,10.098681,0.52028596,4.4848294,0.78681856,5.854985498734647,0.6081865366768852,6.559892620486252,1.0745277662735835,,
2018-11-14,971.7950114957366,3537.615672432093,92.57362231527954,9.563093,0.49510768,3.7989721,0.6391399,5.0411619590731345,0.5126296691733817,5.707171097545521,0.9789752406648956,,
2018-11-15,967.9758664973972,3025.431847209779,92.28957102356976,9.233971,0.61965394,2.5514593,0.5994354,4.171256277445728,0.4783301424911305,4.795686897960136,0.9446811926439294,,
2018-11-16,929.4755094515712,3029.275508752771,92.04242638532894,9.236261,0.49859005,3.125752,0.70075226,4.560439025606442,0.5488521013195629,5.203471251128261,1.015200593419247,,
2018-11-17,903.0219696382728,2791.9275160918887,91.7239965287451,9.308045,0.4290462,3.6708035,0.7212826,5.048509317896734,0.5550009793850406,5.714869635005199,1.0213465082886481,,
2018-11-18,759.997563382519,2476.8673648102595,91.44905102833026,9.159234,0.40612838,3.9398332,0.6387918,5.1653189478925725,0.49802136452789875,5.837262366021093,0.9643662246545133,,
2018-11-19,706.713605556493,2294.3826153650125,91.1911744947842,9.075933,0.42894363,4.008653,0.6371169,5.201922443622043,0.4974485980331073,5.875615383723641,0.9637932518027197,,
2018-11-20,820.2659638196845,2206.543101464855,90.98102528341556,8.939945,0.4079992,3.9013677,0.64479196,5.266823359298378,0.48288223695254956,5.943618341316624,0.9492265286018684,,
2018-11-21,706.428289879031,2000.7113508775983,90.88772135079992,8.378846,0.4685726,2.541431,0.6209492,4.064704883999467,0.47492272420525916,4.684042712134862,0.9412745049120925,,
2018-11-22,574.448872815508,1781.056927996517,90.72168225075892,7.5687323,0.5642924,0.46709573,0.4304113,2.199007026562693,0.3533449769857999,2.7291708746816874,0.8197116535714742,,
2018-11-23,588.4393623423324,1452.5706983094135,90.46693389608916,7.342821,0.5604237,0.09036696,0.36057916,2.1813069233523295,0.3032504768586679,2.7106247670426447,0.7696173138243168,,
2018-11-24,648.9279783364047,1620.582543899538,90.4531555395558,7.8848186,0.48469344,0.3226136,0.4007761,2.4848976341288713,0.317972799180682,3.0287260760213766,0.7843369349474822,,
2018-11-25,1416.335446385823,2230.5886725218547,90.82428869067424,8.298849,0.37599796,2.0004282,0.87450546,4.446510567994572,0.5544531280253328,5.084097402687494,1.0208023510316748,,
2018-11-26,1778.7401314054907,2839.963179504758,91.2489296944367,8.044365,0.44637334,2.4046214,1.0242898,4.576581226160412,0.6528576698405526,5.2203849936893585,1.1192060595807587,,
2018-11-27,1972.431920520478,5024.418779533754,92.06207916336294,7.9041777,0.435059,2.371791,1.2049328,3.931386302335873,0.8739076122370047,4.544351957994521,1.3402603253092393,,
2018-11-28,1598.251397492571,4738.526132399332,92.22837203585676,7.904726,0.40995967,2.6945293,0.9856572,4.008636374032059,0.7442738462171589,4.6252943190516245,1.2106260165632332,,
2018-11-29,1331.882560559187,3992.051174448288,92.09652174543916,7.953033,0.38149077,3.2950377,0.88225293,4.460323212929257,0.6683893747425692,5.098570244833892,1.1347385083432993,,
2018-11-30,1211.5518809706064,3428.7220859188533,91.80560827767069,7.9148407,0.3653946,3.6165323,0.80503035,4.738798733040831,0.6024429531590763,5.390355942885854,1.0687903308048254,,
2018-12-01,1113.4397864149148,3092.734680309631,91.54200927754457,7.9764104,0.387639,3.9820857,0.78559595,5.0394455595522905,0.5866801049497911,5.705372659994798,1.0530256863990635,,
2018-12-02,1712.3384365521974,4634.732682587831,91.80111543723038,8.085038,0.3829054,5.16727,0.92543185,5.954437398838434,0.6836151948880783,6.664097981455687,1.149955945830147,,
2018-12-03,1369.8394499833832,5857.188478254929,92.43639811034512,7.922511,0.38455248,5.7282524,0.6801176,6.14416087930934,0.5560038863441189,6.862889595755829,1.022343755534941,,
2018-12-04,1313.47070223209,5109.941752744658,92.75744656995144,7.412558,0.4080263,4.2054844,0.6362651,4.861272471637521,0.5129909070888183,5.518683507531935,0.9793375405443002,,
2018-12-05,1155.6204250783906,3924.361617183808,92.67738978760576,7.2564697,0.41068977,3.1603508,0.6492479,4.092156986317401,0.5101807943470037,4.712806931103276,0.9765323855908552,,
2018-12-06,1110.9960021660668,3221.5677972444364,92.3709269125712,7.3015366,0.3845195,2.8986912,0.7593497,4.027709431869101,0.573175092038796,4.645279003855291,1.039527129436192,,
2018-12-07,1045.226114325141,2903.9465324851185,91.98624465748334,6.8250465,0.41402733,1.911934,0.6269044,3.2122857548194976,0.47382712896722134,3.790880862429113,0.9401852215809281,,
2018-12-08,979.8150218131804,2498.8972904076704,91.49376003754192,6.639146,0.40902507,1.2817732,0.5828137,2.7907321922431074,0.43422017471005747,3.349178480570336,0.900581695881222,,
2018-12-09,881.1934047493022,2222.7757698980827,91.03409018464292,6.54821,0.40033433,1.1366096,0.53916156,2.6729220885055476,0.4024775289364331,3.2257374565878143,0.8688400446069048,,
2018-12-10,720.0830199967285,1937.2663238267853,90.66791076046614,6.544215,0.3812206,1.4470875,0.5135476,2.8282966243202505,0.3883779059048159,3.3885383640931797,0.8547391133113343,,
2018-12-11,533.1068862759881,1628.625879120994,90.39658001707838,6.242121,0.39114484,1.3103318,0.50892746,2.52656489702117,0.39536798353433594,3.072384891647514,0.8617317567919716,,
2018-12-12,415.0253978920695,1494.2404197640276,90.22641869877135,6.31206,0.35809973,1.4333186,0.5363266,2.4938317796128504,0.4268998358952036,3.0380872431196413,0.8932638937668762,,
2018-12-13,387.7894737036,1362.4327330414037,89.93901137590686,6.372328,0.37584773,2.011079,0.600348,2.9773828621540286,0.47469290449871787,3.5447504144696027,0.9410528825426884,,
2018-12-14,387.7894737036,1311.9339145549766,89.62639465379667,6.5952435,0.37646672,3.3193488,0.6540399,4.066739515706606,0.5120762155268518,4.686174592282562,0.9784279821619327,,
2018-12-15,387.7894737036,1365.549602878029,89.43700614402442,6.48436,0.37536293,4.154066,0.6386541,4.6694618510629065,0.5042824169524568,5.317704994965659,0.970630223516722,,
2018-12-16,672.2270737035999,1394.099580939208,89.30099386393769,6.353104,0.3433161,3.7593908,0.74448985,4.60318979506444,0.5145567432044894,5.248265361230156,0.980904964867291,,
2018-12-17,533.5512537036,1542.952552058262,89.17463631272221,6.172711,0.36067066,3.8360643,0.6489367,4.436458470595805,0.4910191136139262,5.073564849394441,0.9573684018220217,,
2018-12-18,448.8374087036,1392.3670549484166,88.96899448522029,5.8080606,0.37776423,2.477054,0.6493752,3.289066238048923,0.4996344517428116,3.871331190295953,0.9659919417673579,,
2018-12-19,452.5449937036,1260.2983584169283,88.74468698675264,5.929162,0.40705794,1.2356639,0.53459376,2.4757183775181812,0.4077879613518818,3.0191080823224143,0.8741521772459537,,
2018-12-20,448.3371337036,1171.6830521191116,88.78043183346378,5.946205,0.47330424,1.5895497,0.7805575,2.7952447790819215,0.5795365396332798,3.353906753634539,1.0458980230268544,,
2018-12-21,1316.8166337036,3336.34133055149,89.99908303336196,6.3913603,0.43512607,4.1896596,0.91476095,4.812728081426928,0.6673479410564185,5.467818861409972,1.1336948674311873,,
2018-12-22,830.2856617387698,4235.354517794147,91.422078624028,5.9638224,0.42801362,4.427534,0.62206954,4.679340009565692,0.5248189413710072,5.328055295678083,0.9911666864930446,,
2018-12-23,1149.3776580797432,4103.087315029758,91.90216798027294,6.041834,0.40516222,4.0392156,0.63700056,4.477441189880698,0.5054447580468358,5.116506402568734,0.9717937811501731,,
2018-12-24,1299.242626636291,3466.1778150297578,91.97069895767092,6.0030193,0.40030852,3.556735,0.85264426,4.2236891660391835,0.6297096998990986,4.850625899395496,1.096060395320122,,
2018-12-25,1335.2558362438554,3066.815415029758,91.78460745898992,5.789228,0.4231548,2.5808353,1.0010911,3.5540192657008305,0.7091481598107403,4.148948066973006,1.1755036222010353,,
2018-12-26,1312.487279164418,2819.330515029758,91.4313228120116,5.8255906,0.4113195,2.1529987,0.99151117,3.319611160728841,0.6890548278493211,3.9033360558673764,1.15541208002545,,
2018-12-27,1246.555202266851,2610.3338150297577,91.02118133838498,5.871545,0.4258742,2.0798306,0.986303,3.305321198523965,0.6815708971054514,3.888363082316899,1.1479282604224084,,
2018-12-28,1182.794623863431,2999.901615029758,90.82252519224365,6.1352763,0.39212152,3.4005089,0.8739441,4.173854119482996,0.6365402172482598,4.7984089079665075,1.1028912497514745,,
2018-12-29,908.59867928956,2610.5342212901355,90.9258917886037,5.8698835,0.40039518,3.758246,0.74756056,4.303445908070033,0.5641025648439987,4.934194741060637,1.030452726703917,,
2018-12-30,742.3182343132472,1906.485055971156,90.99449907981888,5.679864,0.40897137,3.2891335,0.6516428,3.959127716163512,0.48282276722667933,4.573419316573842,0.949175284614188,,
2018-12-31,813.2230845217352,1781.3342946341131,91.05639342410772,5.4905205,0.47995117,2.1226342,0.56009936,3.178245010402261,0.4129225322314625,3.755213086791196,0.8792808941610342,,
2019-01-01,1294.9866730358751,2744.825419393369,91.62908328719058,4.663091,0.61816144,1.3445162,1.2154402,2.4083058423782697,0.8492642440856828,2.9484734584410384,1.315629051387259,,
2019-01-02,936.3535004899132,2346.6402827928378,91.75345152283974,4.586412,0.7047731,2.4281838,0.9916525,3.043739175752721,0.7367707186839124,3.614278333030602,1.203130157729039,,
2019-01-03,990.4787256600204,2371.5050309353155,91.70677422330591,4.54218,0.70074165,2.5959473,0.83598953,3.1693296252381926,0.6247905974211456,3.7458715766920045,1.091149030104424,,
2019-01-04,1010.6421889390168,2279.426348179942,91.40131762202564,4.5141497,0.74050033,2.5715632,0.81752473,3.1682863125649163,0.6103666893745409,3.744778397239332,1.076725130343631,,
2019-01-05,1283.362639939986,2350.65615855696,91.22780697916072,4.569178,0.7204292,3.2386632,0.7891996,3.7085377952607157,0.57037892406092,4.310852054050684,1.0367332410125407,,
2019-01-06,930.5428993456942,2405.9751598439525,91.069341346239,4.455095,0.711199,2.7164204,0.7834849,3.2013304561796643,0.5987807725503583,3.7794019379631103,1.0651389516931098,,
2019-01-07,882.0372439021064,1993.285520559641,90.69325980070532,4.405479,0.68398154,1.3448336,0.7907415,2.2837206185458303,0.5869559953837942,2.817933486782691,1.0533219093432549,,
2019-01-08,772.9590970969901,1844.7476712938544,90.4003145168789,4.515192,0.7243187,1.517628,0.69935465,2.4027517012364727,0.5372552912641747,2.9426538483385456,1.0036201475237292,,
2019-01-09,735.2843070664065,2451.784470758916,90.53402267231031,4.498508,0.70394695,2.505744,0.7504652,2.9654918541379196,0.5997346834368894,3.5322910569177015,1.0660947586011098,,
2019-01-10,589.8666124920474,2101.2817401666266,90.48846745911143,4.3862376,0.6865007,1.397571,0.5253655,2.0526499316804085,0.43693902899416864,2.5758184109607307,0.9033070424821028,,
2019-01-11,583.7919692907905,1762.9779402460313,90.15619986495246,4.271621,0.65697706,-0.19432169,0.36280882,0.9166443217537777,0.317799231811433,1.3855156161205193,0.7841784550650761,,
2019-01-12,534.700796748639,1764.9417123440585,89.7115096227459,4.2847104,0.6694872,-0.2516098,0.34537855,0.8031515446752969,0.3074011343413934,1.2665982722533373,0.7737815585837196,,
2019-01-13,436.8311626969734,1544.216304438622,89.33688481051011,4.247632,0.6685299,-0.18310094,0.3420476,0.7938984844951218,0.30466295336166377,1.2569029474265538,0.7710434761698666,,
2019-01-14,417.1838717036,1467.413861314828,89.10995236407871,4.2374754,0.66292906,-0.19111037,0.33598807,0.7892232681008453,0.29996038220609644,1.2520042716700586,0.7663409548530843,,
2019-01-15,442.9722587036,1364.689894347345,88.89272801719987,4.284272,0.6574246,-0.16524208,0.42304453,0.9251228370772258,0.35770887415767955,1.3943993754940733,0.824088008282293,,
2019-01-16,414.9878587036,1169.4277558057925,88.69748430976446,4.2446337,0.6515492,-0.050611734,0.48950008,1.0743927647885934,0.39956666673348945,1.5508038954963228,0.865944245144181,,
2019-01-17,396.7902937036,990.7281418001876,88.56058592304596,4.1739883,0.6492502,-0.31149948,0.47445244,0.9712207984490245,0.3863148012110223,1.4427006618414462,0.8526934521765772,,
2019-01-18,406.2034997036,878.447494234938,88.4705476530079,4.290715,0.6316808,-0.18948805,0.5881928,1.2271412542604423,0.4490717718200159,1.7108532406203358,0.9154477846376573,,
2019-01-19,414.6043937036,833.9367202419314,88.37372646265977,4.433745,0.6051165,-0.34853518,0.492821,1.239521724114515,0.3856553642642746,1.7238254546129141,0.8520312513573134,,
2019-01-20,489.0368837036,914.0764602606524,88.24703824229289,3.7312016,0.5026297,-1.0522568,0.42410088,0.6149553340028135,0.3271448737977835,1.0694069260272725,0.793527322005477,,
2019-01-21,544.6155737035999,966.8475206051992,88.12409233362446,2.8380342,0.41939077,-1.1208441,0.3208929,0.3056324935709627,0.2548940137848604,0.7452995111900128,0.7212798766011133,,
2019-01-22,529.2678537035999,1180.5943308584403,88.02383485104554,3.201778,0.39774606,-0.9714004,0.32841167,0.3203581896090276,0.25802342877697276,0.7607290451614235,0.7244091265564828,,
2019-01-23,418.2667667036,1086.664270362504,88.03935878097715,3.8277087,0.4264205,-0.5668924,0.35198382,0.6545028482890927,0.28043093131361363,1.1108446763100213,0.7468129508447658,,
2019-01-24,1882.4527737036,6162.2750820118645,91.0706554354208,3.8539734,0.5035274,0.6935777,0.44316167,1.433104975357502,0.35932920413873365,1.9266613235340757,0.8257031481746613,,
2019-01-25,1173.1076821486272,5092.355615029758,94.93410714896054,3.4807372,0.4450366,0.69809276,0.41449082,1.2190983773833561,0.34703613890831136,1.7024259417217242,0.8134122334958851,,
2019-01-26,2241.7952827402705,4940.224615029759,95.12060358497504,3.5126247,0.42488137,-0.5985521,0.5990703,0.6847104000166198,0.43289234420679534,1.1424960457507742,0.8992740375068766,,
2019-01-27,2306.0255766966884,3515.563215029757,94.57871377082652,3.5868258,0.4304913,-1.0152425,0.7035719,0.8077113094844922,0.45781872303806903,1.271375978233636,0.9241990987446651,,
2019-01-28,2175.177508498233,2882.209215029758,93.57671834886068,3.4508543,0.40495858,-0.9259708,0.5954767,0.9564977673841846,0.3814485990442431,1.427273920219871,0.8478274040598132,,
2019-01-29,1918.011793777246,2671.8356150297577,92.54263415277435,3.3891335,0.4255954,-1.2980481,0.6207709,0.6606377984690448,0.40275644502963537,1.1172728561372969,0.8691383982210243,,
2019-01-30,1648.9702594227924,2290.314815029758,91.56546039013332,2.938177,0.4231248,-1.9097632,0.70185375,0.11956679228261832,0.44484177453600915,0.5503405054138668,0.9112297440230824,,
2019-01-31,1379.6606904742944,2023.790745029757,90.63298885693028,2.7670932,0.4091911,-2.1530576,0.6516014,-0.15857088456777246,0.42147398443715817,0.25890879837611214,0.8878651768620229,,
2019-02-01,710.2747743524051,1546.2034845686094,90.16992573304393,2.927596,0.38184068,-1.0006789,0.35979342,0.23582964044453192,0.2742782927380002,0.6721603202932552,0.7406649412357811,,
2019-02-02,387.7894737036,1134.2645091021857,90.13833674796402,3.245832,0.35689086,-0.3942592,0.2846106,0.5331645558345092,0.2307668856059479,0.9837068282503116,0.6971502260611329,,
2019-02-03,387.7894737036,1020.6830681776624,90.28014427671368,3.7987046,0.34183905,-0.20820063,0.49133387,0.8950055951088801,0.3682858574918949,1.3628426323102822,0.8346653085917575,,
2019-02-04,387.7894737036,1199.6424898125572,90.41802896791413,4.104503,0.35901088,2.393581,0.88395935,2.8115374941818865,0.673751722779031,3.370978204822422,1.1401130699702646,,
2019-02-05,387.7894737036,2571.0673384061743,90.9613231760109,4.1766763,0.36843145,3.733653,0.6959038,3.7917159442876303,0.6066230896450898,4.398005834270807,1.072976801306166,,
2019-02-06,427.9173820971105,2788.703837162708,91.84392565420195,4.1062937,0.3839195,3.015925,0.691291,3.160980163450828,0.6014986404685092,3.737123039172411,1.0678571394966738,,
2019-02-07,843.7276483978532,4668.377778188837,92.89135723567894,4.2343206,0.42187595,2.6221752,0.6882471,2.8689432956764533,0.5864644582549887,3.4311278073965137,1.0528253279695174,,
2019-02-08,1562.2056875724602,8911.359268151667,95.15365200506125,3.9224172,0.39512476,2.1814537,0.6639013,2.4411306179983474,0.567941948460627,2.9828671461298737,1.0343064671425992,,
2019-02-09,1796.0672873091685,6375.435615029758,95.79896892727872,3.5739532,0.3872836,1.29787,0.5243203,1.798145016170296,0.41783927763824286,2.3091490304707665,0.8842096742380743,,
2019-02-10,1942.6554655728464,4248.480215029758,95.52696580951329,3.5798545,0.3577474,0.29560518,0.5261862,1.3261374134402442,0.3781260756231665,1.8145810778074911,0.8445010880296887,,
2019-02-11,1814.7163552276309,3209.4842150297577,95.07256656880656,3.608211,0.36321703,0.58979213,0.51595575,1.6800300882265145,0.3547454109249678,2.1853886127269546,0.8211169386831598,,
2019-02-12,1637.441241485994,2883.8691150297577,94.54222753054673,3.6217341,0.3744275,0.55713177,0.50906366,1.6670105240805198,0.3518788805547783,2.171746757919935,0.8182505339743579,,
2019-02-13,1383.9767448605712,2601.132097103938,94.15832380746497,3.604773,0.35804954,0.7617476,0.5406958,1.7490935553736973,0.37418422717295907,2.257753077522121,0.8405550915900057,,
2019-02-14,1124.1635594880886,2158.5916572647084,93.83431817173208,3.6182365,0.32837665,1.6540093,0.6233329,2.326649394374723,0.425021444277631,2.8629141113515257,0.8913869749077669,,
2019-02-15,858.193729450066,1891.317328011893,93.57991003196574,3.7260237,0.3568399,2.8478518,0.7112142,3.121951991436878,0.5017441188086508,3.6962294539473266,0.968102929012236,,
2019-02-16,445.1646903341183,1412.7398891710263,93.81785044926934,3.6328778,0.33721852,2.3124323,0.6409027,2.6288186823314734,0.4939914643242176,3.1795260583585714,0.9603543563785839,,
2019-02-17,387.8217852136845,1183.4430681244191,93.87682754903943,3.6644783,0.34706333,1.0625706,0.4451633,1.7047770711448471,0.34605749309306344,2.2113184168354545,0.8124287825342784,,
2019-02-18,406.9559498796144,1079.4818359482713,93.86538733985871,3.6269479,0.3525168,0.4850436,0.47124612,1.3452320565476368,0.35557699254107233,1.834588379583645,0.821951813274817,,
2019-02-19,431.7721660202483,988.011998679594,93.70678597416207,3.6084466,0.35222122,-0.34414017,0.42891517,0.8578854552156024,0.31711542335259396,1.3239482766189563,0.7834952665580885,,
2019-02-20,426.73237254471536,1056.0745423317303,93.435282708214,3.7040615,0.3730032,-0.29208755,0.38909593,0.8579517075204867,0.297183630836201,1.3240176955575418,0.763563473340459,,
2019-02-21,387.7894737036,1065.2643221751036,93.29566261113166,3.9849973,0.3490653,0.90921885,0.5720926,1.7300793691870653,0.4296345139756797,2.237830078232512,0.8960055604761844,,
2019-02-22,387.7894737036,1005.3868162015212,93.14475973894008,3.8727012,0.36003488,2.387249,0.78719544,2.8007233833352125,0.5768520422807436,3.3596472164434656,1.0432134798409107,,
2019-02-23,387.7894737036,932.0080231318992,92.87797964755411,3.9374528,0.3710138,2.1295738,0.6432858,2.6607738253580573,0.4671693963198815,3.213008547988634,0.9335320154431638,,
2019-02-24,411.3235217036,1251.3730715092445,92.77355409576884,3.7706518,0.3692409,2.5912457,0.650345,2.883011148167316,0.49791092729271413,3.4458680551478915,0.964271680571824,,
2019-02-25,387.7894737036,1065.815761499428,93.0270770051094,3.3350973,0.37454668,2.2209847,0.61808944,2.5182051079329906,0.46408147874721034,3.0636255332174294,0.930445324576604,,
2019-02-26,387.7894737036,841.942199049875,92.95118129395073,3.10465,0.37099907,0.6421819,0.46834028,1.4187083693063063,0.34132789522224394,1.9115766089259687,0.8077019822866425,,
2019-02-27,387.7894737036,751.7604121767141,92.93492447787494,3.0196147,0.36252698,-0.26674652,0.44397774,0.8516040687626633,0.31781337909035007,1.317366661365412,0.7841932888029369,,
2019-02-28,387.7894737036,691.3982782070727,92.8848413664731,3.1272883,0.37180427,-0.2972734,0.50682634,0.9332900444286767,0.3511176348473819,1.402956947438722,0.8174966831932645,,
2019-03-01,398.4483377036,702.602510495358,92.8125494546688,3.1529703,0.3768238,0.51717126,0.69351995,1.4710143598996952,0.46308203087458405,1.9663826470706376,0.9294555994192223,,
2019-03-02,398.1994077036,687.958500495358,92.72442779474405,3.1301737,0.3654356,1.5293128,0.85088503,2.116208945046327,0.5553420932015957,2.6424153278999216,1.0217095230993571,,
2019-03-03,63.9328000988,515.3218904953579,92.81330065552096,3.256266,0.38429335,2.0190802,0.61200833,2.155629358167874,0.546110084409461,2.6837199020167373,1.0124771546754112,,
2019-03-04,69.3289620988,486.8019004953581,92.9453225786829,2.857256,0.37955835,1.649451,0.6062005,1.8000196461593545,0.532735187540638,2.3111132613652,0.9991055663161927,,
2019-03-05,54.9368420988,401.454460495358,93.03293794555162,2.7874684,0.3707254,0.11571646,0.2790542,0.4373212197695124,0.2494872297296325,0.8832825083454624,0.7158716254634261,,
2019-03-06,54.9368420988,375.8619904953581,93.10444096751635,2.6017308,0.3728357,-0.19285119,0.23665102,0.16352283140428422,0.21187602400553882,0.5963974929493454,0.6782634922430201,,
2019-03-07,54.9368420988,375.90553049535794,93.16838444590654,2.5567918,0.3629763,-0.25020397,0.23395868,0.10771691550663078,0.20930785656781575,0.5379242450347644,0.6756959615621712,,
2019-03-08,54.9368420988,433.9750604953581,93.2386016356477,2.8879588,0.3408872,-0.29208755,0.27149296,0.06524001598580557,0.24401166900935026,0.4934170949168609,0.7104002610604037,,
2019-03-09,54.9368420988,413.5769604953581,93.31734752124716,3.2416034,0.3665267,0.036707222,0.37466702,0.4125059137097828,0.3335151875329922,0.8572811154829578,0.7998998582063168,,
2019-03-10,54.9368420988,392.121180495358,93.41549687999182,3.1195898,0.35052577,1.5207481,0.6901978,1.7172222151055365,0.6069131816955868,2.224358396135868,1.073284351552926,,
2019-03-11,54.9368420988,493.961130495358,93.58059459893636,3.3370533,0.3592305,2.3966646,0.7451443,2.4907840860440675,0.6715291890899774,3.03489388021629,1.137893273523657,,
2019-03-12,54.9368420988,430.766560495358,93.73388673833092,2.970778,0.34815183,2.5821514,0.67382026,2.626108108959737,0.5989019333194605,3.1766859288452975,1.0652648485787473,,
2019-03-13,54.9368420988,446.210010495358,93.83118140842076,3.061205,0.34499422,2.062109,0.47721034,2.1716321289861242,0.42657723932638203,2.700487550577365,0.8929441641064093,,
2019-03-14,132.4347720988,896.4987304953581,94.02296699916155,3.4628782,0.36891234,3.507205,0.73809505,3.501499677398418,0.6448448812027463,4.09391822187897,1.1112007391358065,,
2019-03-15,289.4054420988,3116.741890495358,95.20421869174166,3.6324139,0.3780499,5.712836,0.7453748,5.536071436499048,0.6827995310978768,6.225735556228978,1.149142371902166,,
2019-03-16,54.9368420988,2288.720700495358,96.47598177408142,3.0964966,0.35385484,4.3142595,0.73688805,4.285714381402645,0.7196627069137578,4.915615708030739,1.1860129867661469,,
2019-03-17,387.7894737036,1597.506680495358,96.90465022802633,2.93194,0.34776872,2.589476,0.5934751,2.6563698676908603,0.48235833960579794,3.2083940961991213,0.9487209962742114,,
2019-03-18,387.7894737036,1279.938567495358,97.11024549023736,2.903452,0.34285933,1.898176,0.51268905,2.131928357885569,0.40147104116056737,2.658886074938755,0.8678383274373551,,
2019-03-19,387.7894737036,964.999900495358,97.15060749360856,2.8937678,0.33970618,2.0561113,0.5364475,2.29623324880449,0.3948659366580257,2.831044177995428,0.8612317386692768,,
2019-03-20,387.7894737036,887.929430495358,97.29511292737298,3.1339202,0.3397935,3.1244588,0.6840338,3.1273348406829786,0.487178503075227,3.701869584987041,0.9535372702572753,,
2019-03-21,473.7315897036,1323.437964495358,97.51836781593644,3.341199,0.42981026,3.192649,0.7891371,3.231806485974903,0.5920630161222015,3.8113346178054655,1.0584209548940406,,
2019-03-22,665.1166737036,1653.717490495358,97.92463557228456,3.135336,0.4001209,2.7064066,0.6077583,2.82943740462819,0.44837065436879114,3.3897336698002762,0.9147318522719537,,
2019-03-23,490.7972477036,1475.906980495358,98.21861635461808,3.2835698,0.39498702,2.8645887,0.6141787,2.9691467872658226,0.47133080374220593,3.5361206833553545,0.9376908490374123,,
2019-03-24,474.3131737036,1196.319308495358,98.4312029899797,3.5044546,0.4405305,3.3891516,0.7113033,3.4218875287008355,0.5244864600054575,4.010500884614158,0.9908429235394123,,
2019-03-25,445.1258197036,1223.429230495358,98.6648865677342,3.5552182,0.48529226,3.7997484,0.70534617,3.734514309242145,0.5331364344874201,4.338070156604155,0.9994905615573203,,
2019-03-26,400.9112827036,1077.626530495358,98.85854025996436,3.6826062,0.5509499,3.7037954,0.68978375,3.6980498955228898,0.5244728509863036,4.299862868556482,0.9908272448204858,,
2019-03-27,387.7894737036,1000.463830495358,99.01742750463173,3.8666363,0.59812295,3.9557629,0.67096263,3.9308665764888264,0.5115899611219361,4.5438073910285794,0.9779426778686555,,
2019-03-28,387.7894737036,1175.339930495358,99.19780556539956,3.987133,0.59049886,4.6285944,0.7235243,4.469457242402266,0.5634070965663825,5.108140849692592,1.0297561711647976,,
2019-03-29,54.9368420988,1985.216710495358,99.74960788670812,4.0827646,0.6183548,4.9312143,0.6867559,4.908367450528634,0.6684704919384925,5.568029465427911,1.134816843796114,,
2019-03-30,708.7777008040715,2676.456430632042,100.0,4.418345,0.56665534,7.008038,0.8509848,6.465825414570488,0.6831918407656905,7.199928596247252,1.1495303090691622,,
2019-03-31,1636.9997841544448,3896.486091306036,100.0,4.016702,0.49525878,7.0243726,0.8407117,6.134597865929231,0.6098607800615968,6.852869503025676,1.0762006927118604,,
2019-04-01,1604.697773851963,2849.558539257409,100.0,3.6444354,0.40059435,4.450411,0.76396394,4.16004879390644,0.5095996251577045,4.7839437350185365,0.9759507515419531,,
2019-04-02,1381.7746171783297,2157.005518557355,100.0,3.6495528,0.34559563,4.616032,0.803817,4.238654463594757,0.5081969685553315,4.866306487017915,0.9745475633062246,,
2019-04-03,1199.8833405259536,1861.3218960707984,100.0,3.8175716,0.37044403,6.1766267,0.96551824,5.251961190807749,0.6047593638839993,5.928045811975924,1.0711037380328094,,
2019-04-04,994.0835687710468,1421.6811035964747,100.0,3.788457,0.39468056,6.8139815,0.97056437,5.568982654508946,0.593819944546531,6.260219817958378,1.0601626136951683,,
2019-04-05,969.4736841976,1231.321790495358,99.91144603152112,3.6114984,0.38686296,5.473458,0.87695086,4.653244978518939,0.5193979951727339,5.300713011348695,0.9857459028480664,,
2019-04-06,539.296892079944,1611.0445286361582,100.0,3.8526464,0.41086814,5.5378437,0.80442005,5.115203054485612,0.6114204464104409,5.7847511042218915,1.0777655915571887,,
2019-04-07,969.4736841976,1287.6240927290617,99.91372894766738,4.284108,0.48853377,8.767724,1.2605814,6.841911320710045,0.7491224216093895,7.593990123114923,1.2154594020785607,,
2019-04-08,453.8296151738898,1832.9283190709075,100.0,4.4850125,0.55186176,9.3008585,1.0050056,8.345106474674449,0.8129635447231407,9.16903286702325,1.279296193893495,,
2019-04-09,969.4736841976,1548.6322997897269,99.97964554448806,4.552136,0.5284597,10.525986,1.2749927,8.226046721759753,0.8100849935234831,9.044282464904636,1.2764178915094555,,
2019-04-10,785.8684572521447,1579.8126283479585,100.0,4.166977,0.4464115,8.953308,1.0191987,7.363310738252899,0.6965936807790007,8.140310650501581,1.162928866143254,,
2019-04-11,969.4736841976,1301.6042006829016,99.94497515920912,4.1935267,0.4104418,7.7998314,1.1329765,6.260378483756775,0.672556401719894,6.984662004425845,1.1388957511151963,,
2019-04-12,788.4452993692721,1397.051387553263,100.0,4.537121,0.44115174,8.111573,1.1419796,6.822044752097057,0.7471434945822565,7.573174000432703,1.2134805495985972,,
2019-04-13,1003.632512006161,1972.2248675532635,100.0,4.615807,0.49356526,10.2399645,1.3267223,8.343170879770076,0.8948920046965682,9.167004757298947,1.361224657782354,,
2019-04-14,1004.6639991976,2538.631667553264,99.97649277722942,4.9109855,0.5439447,10.814953,1.0819378,9.140945361972028,0.7903599018121577,10.002910132694511,1.2566913042038919,,
2019-04-15,3158.682421053036,8518.258984489248,100.0,4.259905,0.46699852,9.43151,0.9727072,8.03255988847755,0.7207411566160122,8.841547622393197,1.1870744935419393,,
2019-04-16,2553.2277806836546,5591.367041465105,100.0,4.777013,0.5271206,8.18452,1.1298248,7.116309306825875,0.7930459775936264,7.8815033949845,1.259381974589602,,
2019-04-17,1911.4244112913475,3906.374758530394,100.0,4.9387455,0.58876526,8.494937,1.1831734,7.3265584996549435,0.8176552976674551,8.101801780529886,1.283990599378403,,
2019-04-18,1564.3210167478194,2846.421929728205,100.0,5.2467213,0.6659692,8.997007,1.2625945,7.666925014294842,0.8483440934194638,8.458436651084845,1.3146783767285064,,
2019-04-19,1404.9046998773076,3350.9384751552275,100.0,6.017951,0.76364326,10.176889,1.2124302,8.948313980729065,0.8835539089843522,9.80107162990557,1.349885546705372,,
2019-04-20,4168.728472006161,10431.176067553262,100.0,5.751648,0.5731328,11.484541,1.1592366,9.847621042348846,0.8442506623905952,10.743362494943375,1.3105815649131651,,
2019-04-21,2423.054828813107,7122.547780772166,100.0,5.7675314,0.67736816,10.513388,1.0321317,9.308699986800512,0.789096365873467,10.1786828551493,1.2554275979010252,,
2019-04-22,1847.8713675229528,5373.503676053396,100.0,6.094246,0.82063746,10.109387,1.0425429,9.081956341238262,0.8036865165797322,9.941101638413551,1.2700179865273247,,
2019-04-23,1579.4459527438337,3811.445479205098,100.0,6.6932487,0.9463137,10.340639,1.227591,9.272011407117372,0.9111346205730806,10.140240686770941,1.3774658871099417,,
2019-04-24,1421.4964905125526,2901.4369838467087,100.0,7.0040793,0.9639227,10.045235,1.1696192,9.04522122493293,0.8465918112387242,9.902610709121538,1.312923325267394,,
2019-04-25,1182.0521797226152,2240.0332181823755,100.0,7.1610513,1.1023372,9.869939,1.2551711,8.934238511935561,0.9055549000192636,9.78632340181832,1.3718865565995673,,
2019-04-26,1934.341879767427,3192.4504631902005,100.0,7.6837735,1.25375,9.592107,1.2362875,8.87209149986603,0.9035563425782291,9.721205975010799,1.3698880851364117,,
2019-04-27,2394.139024371956,5307.227208105375,100.0,7.154805,1.1545266,8.5675745,1.0617315,8.128384095898534,0.8149575013379747,8.941951899370236,1.2812906155273036,,
2019-04-28,1598.567089676665,3503.200619948,100.0,7.2412105,0.9483029,7.1725006,0.9669849,7.194029874656758,0.7274464944014194,7.962938740283228,1.1937822284884294,,
2019-04-29,1448.1256959748412,3030.494985352382,100.0,6.899493,1.0730513,7.5510497,1.0649287,7.340374198852365,0.7997728674321364,8.11627782292234,1.2661081252254576,,
2019-04-30,1354.4113134246716,2878.5276242117866,100.0,7.447394,1.093445,8.5706835,1.1260228,8.21126508354565,0.8418732551298191,9.028794314912401,1.3082061851384328,,
2019-05-01,1074.3048084029651,2351.144108998876,100.0,7.894673,1.270356,8.99823,1.1287673,8.652127400039717,0.8711972137656816,9.490728343122447,1.3375292961233,,
2019-05-02,979.4640233586656,2036.9595544198587,100.0,8.931542,1.6451486,9.556806,1.242666,9.353776159533473,0.994763717692048,10.225913514853707,1.4610949094287031,,
2019-05-03,970.146444477547,2141.2855500402497,100.0,9.586932,1.831055,10.66147,1.1855847,10.3264287198669,0.9958300797546804,11.245055542724625,1.46216096820609,,
2019-05-04,1206.3565452862651,2758.184213607447,100.0,10.332555,1.8947761,11.225899,1.2714864,10.954066175619385,1.0558955127937655,11.902691923390767,1.5222267799466733,,
2019-05-05,1273.2393720624918,2658.848600483375,100.0,10.390427,1.987511,10.784517,1.2273568,10.656907799716222,1.050222097343585,11.591330392904526,1.5165531290360676,,
2019-05-06,1058.1401398013302,2544.3936539523743,100.0,9.380033,1.6587523,10.572661,1.2487737,10.222361155235484,1.007604726781986,11.136013904241002,1.4739355959890112,,
2019-05-07,910.469325291616,2065.432782225529,100.0,10.126413,1.6059939,11.472322,1.2920259,11.060545153146995,1.0225244650677585,12.014260232064021,1.4888558411709107,,
2019-05-08,836.4179276920061,1744.595971635502,100.0,10.214528,1.5764555,12.114677,1.3121189,11.498904310659572,1.0235213678918347,12.473571458849882,1.489853329114552,,
2019-05-09,777.9381160480897,1394.5033931143014,100.0,10.531717,1.7267501,11.93853,1.3107016,11.434758892335632,1.0441303075956414,12.4063601088002,1.5104621694697655,,
2019-05-10,788.9959171311637,1360.0383339277569,100.0,10.773937,2.0046744,11.958387,1.3555484,11.523528632366531,1.1303252606240488,12.499372738960401,1.596657261235062,,
2019-05-11,772.3406822174763,1204.8956417971751,100.0,10.523572,1.7460214,13.252577,1.3344054,12.186583122703624,1.0613173319717226,13.194118967397218,1.527650653945064,,
2019-05-12,1260.976337760247,2228.2497155161755,100.0,10.368196,1.9270494,10.548094,1.1571494,10.48308010845641,1.015416018385078,11.40919433220273,1.4817469591618786,,
2019-05-13,2091.805337834686,4882.944995882918,100.0,10.13503,1.8549438,9.316974,1.0583937,9.562317827368876,0.9265668323424858,10.444422761547614,1.3928978679232953,,
2019-05-14,2423.9235420233126,6799.971004810485,100.0,10.145078,1.7786115,9.6689825,1.0251995,9.794094339705245,0.8886384157919488,10.68727739888529,1.3549693361830353,,
2019-05-15,1762.715306990975,5545.900956930053,100.0,10.604059,1.5923883,10.523005,1.0946417,10.542553559090708,0.9151231371423765,11.471510410477528,1.3814541051356504,,
2019-05-16,1323.0260973751256,3984.083958869955,100.0,11.551751,1.548098,11.107559,1.1614622,11.218293203010298,0.9535106013550101,12.179548099476056,1.419842162704398,,
2019-05-17,1282.559119969378,3102.920673177777,100.0,11.2290125,1.483966,11.5295315,1.2438265,11.441642949241299,0.9812546519126807,12.413573200093987,1.4475865242234183,,
2019-05-18,1115.8683323688715,2308.1089394798046,100.0,12.172334,1.5918905,11.823988,1.3748356,11.937513246635413,1.0621049853364506,12.933144402655726,1.5284377519855998,,
2019-05-19,961.9617273787536,1782.4702822528643,100.0,13.329005,1.849148,13.075714,1.465328,13.164496187966503,1.1514570377065076,14.21877293435108,1.617793226213553,,
2019-05-20,1664.6369552310136,2925.160953203043,100.0,12.563096,1.7406653,15.591428,1.6399448,14.493106470534027,1.2210333817824892,15.610886246798282,1.6873752172862957,,
2019-05-21,1084.4886404677543,1845.091126893028,100.0,11.893773,1.812867,13.464426,1.3585927,12.882992719020221,1.0874409381044787,13.923814561860635,1.553776189335656,,
2019-05-22,884.8645823545419,1222.1538675987968,100.0,12.163598,1.8846937,13.478574,1.4909276,12.926335892672444,1.172322947314,13.969229391052208,1.6386583369546042,,
2019-05-23,802.1040515115092,1130.209122309412,100.0,12.412671,1.9493686,13.994494,1.376223,13.337878867674217,1.1413704120482508,14.400442713469781,1.6077072229421914,,
2019-05-24,735.3284840685038,900.071524885045,100.0,12.125964,2.0807536,15.146894,1.3462243,13.788586959160519,1.1934230478126353,14.872693111060592,1.6597616374567903,,
2019-05-25,657.0590183038935,726.3292064713019,100.0,12.272698,2.0731556,15.720873,1.3938285,14.08311559876885,1.2268368514041126,15.181299212846415,1.6931767289456208,,
2019-05-26,667.0323458286381,1161.6625791878132,100.0,12.405818,2.1109579,16.128021,1.3572435,14.770315296685043,1.1559560447746249,15.90134470724835,1.6222993130597558,,
2019-05-27,560.5251512126821,675.6973304953581,100.0,12.51566,2.2392216,18.55079,1.4015697,15.814355811162086,1.2718914022302814,16.995286789443437,1.7382408555581783,,
2019-05-28,322.1235713079343,888.9492466823895,100.0,12.102136,2.4609573,15.683313,1.1716856,14.73078455663899,1.0807997975969925,15.859924532957171,1.5471428561907405,,
2019-05-29,737.4854626367136,781.1491558049579,100.0,12.728528,2.2013965,17.176529,1.5766542,15.016472806870626,1.3418568548702612,16.159267704973452,1.8082014691158974,,
2019-05-30,708.2358930486844,741.0266006645834,100.0,13.32517,2.3593333,16.860252,1.4609848,15.132702991068134,1.3738240481201238,16.28105329466259,1.8401693219849427,,
2019-05-31,634.3190318862945,828.766730495358,100.0,12.871242,2.4400768,17.643864,1.404444,15.574699235786754,1.3236443395104027,16.744175448990184,1.7899922628438398,,
2019-06-01,406.80402367857755,611.3702285229365,100.0,12.596064,2.544775,18.350855,1.3740234,16.051570409489074,1.3093768533707522,17.243839434692916,1.7757278857881205,2.0985713742984267,4857.901428625702
2019-06-02,601.8024640065797,792.1769389252229,99.97881451222553,12.541163,2.667,20.03244,1.4165466,16.798340175299963,1.4048897582934843,18.026302242604824,1.8712461819779942,2.1584203029797746,4855.743008322722
2019-06-03,381.06393999129483,867.4698024692294,100.0,11.9225445,2.8020782,16.719015,1.1673658,15.255088325756942,1.1786619266406722,16.409288229996186,1.6450079117551981,2.3334353921747657,4853.409572930547
2019-06-04,461.7042117818249,654.185950495358,99.92581038837444,11.925176,2.885288,16.933315,1.2707397,14.861176611996688,1.4071718086295784,15.996548882838024,1.8735155656648415,2.3873980782248854,4851.022174852323
2019-06-05,213.81074306456273,510.2934104953581,99.96290828467468,12.29046,3.0496535,16.138004,1.309976,15.001915826141506,1.289623060393368,16.144014950326028,1.755967593115228,2.3669530645627357,4848.65522178776
2019-06-06,243.2290397197925,816.16533083463,100.0,11.767807,3.430396,18.255604,1.2784827,16.76605407641301,1.2611244383416134,17.992472978555583,1.7274806157479603,2.5539143118795833,4846.10130747588
2019-06-07,439.90836353882884,644.047610495358,100.0,10.945144,3.4340909,21.90176,1.4130458,17.455170657981462,1.6270321884690544,18.71452697709582,2.0933938812631014,2.814679467172682,4843.286628008707
2019-06-08,251.8830975222653,557.1363852585332,100.0,9.693267,2.7805536,21.334194,1.3227284,17.70986511281309,1.256661596617831,18.981394956238958,1.723025465321445,3.1864969027280057,4840.100131105979
2019-06-09,391.2062204820164,572.3659104953581,99.88510184483049,9.143352,2.1479936,24.323717,1.4547817,18.160552735216672,1.2277077084732724,19.453623906394863,1.6940756092666738,3.41674677841644,4836.683384327563
2019-06-10,248.15209934801882,441.024014995358,100.0,8.5089035,1.6942754,21.894207,1.2356123,17.074551916728737,0.9986918826214585,18.31571596109129,1.4650504619703395,3.6824842876583563,4833.000900039904
2019-06-11,741.969558453219,1203.098895798494,100.0,9.388111,2.8905916,22.234177,1.2667824,17.333891742518436,1.352698793277364,18.58745134404489,1.8190594760311027,3.615346923740797,4829.3855531161635
2019-06-12,504.2702147534702,445.366930495358,100.0,8.959307,2.2251577,24.280064,1.51835,16.14453374073989,1.3795717728076786,17.341246095398272,1.8459234416146773,3.8492058631789883,4825.536347252984
2019-06-13,258.5770597141456,459.3983577067504,100.0,8.218822,1.9196575,19.807438,1.2766153,15.633826551966052,1.070147169308424,16.806128848766235,1.5364954640135053,4.179912760139096,4821.356434492845
2019-06-14,552.1616127541492,451.769690495358,100.0,8.916024,2.6214552,23.820248,1.8662332,15.622933724394239,1.6685496653969925,16.794715381271757,2.1348978913850756,4.180572991388376,4817.175861501457
2019-06-15,224.1774230803049,339.0074211624014,100.0,8.808992,2.4538767,20.330742,1.3134248,15.74447480163538,1.2566435741370574,16.922065706537637,1.7229925745525856,4.384827212553489,4812.791034288904
2019-06-16,973.4962303246226,2077.726230495358,99.80168869203322,10.66498,3.7210336,20.184746,1.4331955,17.14745293584774,1.5368439116698087,18.392101399724513,2.0032030745191625,4.022546127022554,4808.768488161881
2019-06-17,777.2104587084965,1524.2325594296883,100.0,12.0386,4.5172906,18.654064,1.4346775,16.419984110831766,1.797229850465098,17.629862051600554,2.2635834629219516,3.7162722570797877,4805.0522159048005
2019-06-18,1283.545488007435,1796.695230495358,99.85214399373388,13.914253,4.6853433,20.488398,2.1384256,17.748932047906177,2.3168302721906158,19.022329157285856,2.783194481213309,3.1900038098349714,4801.862212094966
2019-06-19,698.8662658685762,1314.8435304953582,100.0,14.301454,4.6050324,17.206404,1.6396492,16.19822883943563,1.9236469766555717,17.397507636264155,2.389999017540589,3.1487343934243786,4798.713477701542
2019-06-20,1187.7403955309853,1400.7066081609803,99.75221554276348,14.768874,4.6463013,20.403685,2.4237056,17.818083295938635,2.5031302486974782,19.09478559859255,2.969495064387868,3.0782313333852085,4795.635246368157
2019-06-21,954.4812894200548,2297.4989055288665,100.0,14.598503,4.173331,15.99373,1.5227704,15.58421985008236,1.6302736912396416,16.754151116104527,2.0966216741008594,3.226676609647219,4792.40856975851
2019-06-22,972.8667736784787,1354.747830495358,99.9065163457878,14.437915,4.1407924,17.18084,1.8671223,16.0343867327454,2.043612279892701,17.225834436940357,2.509963195759811,3.393089480878651,4789.015480277631
2019-06-23,548.3448470767736,873.9537704953581,100.0,13.577779,4.131961,17.137205,1.6411654,15.764924331210604,1.8853752505340169,16.943492653723336,2.3517243829088836,3.853143272213015,4785.162337005418
2019-06-24,973.2247903754594,744.298730495358,99.6179250701784,14.173108,4.511959,22.084358,2.428491,17.60149399794371,2.7648032664740656,18.867844072526946,3.231166200273196,3.751106177859379,4781.411230827558
2019-06-25,391.99710071957924,568.7943304953579,99.79416586749755,13.442269,4.345067,19.4702,1.73023,17.010840447925283,2.0474095908619487,18.248959301865792,2.513767665240322,4.207627015979248,4777.203603811578
2019-06-26,392.8935888171243,566.549579897083,99.92428760780314,11.873965,3.9442477,21.776249,1.5873791,17.721247140352755,1.8674604971431272,18.993321005787504,2.333824464817455,5.104115113524307,4772.099488698054
2019-06-27,465.08329179670307,542.3894680574545,100.0,10.257368,2.5049636,24.987467,1.6791501,18.187558093797907,1.4677930411469173,19.48192002880308,1.9341611909203693,6.11959090474027,4765.979897793314
2019-06-28,976.1919899832519,541.1125782686587,99.3840335754044,9.763074,2.4113975,31.538414,2.4596195,17.528759637870326,1.7822314140094115,18.791633258672025,2.248593727869734,6.718305785651858,4759.261592007662
2019-06-29,428.46522880570836,530.4322974138935,99.31915348672,9.112519,1.8513538,26.53926,1.7232505,18.75245088422284,1.2621461589579341,20.07381276362092,1.728519708015695,7.452492102108325,4751.809099905554
2019-06-30,465.2904175728466,483.30023049535794,99.24832238301428,8.759971,1.657977,26.916895,1.7495667,18.010795234976708,1.2066292407799772,19.296708509563835,1.672995775996347,8.157853869246576,4743.651246036307
2019-07-01,396.5436937895355,495.47931049535794,99.14335726271916,8.796432,1.42142,25.267473,1.6161181,17.945366417828847,1.0977753062038647,19.22815241861353,1.5641412528517624,8.75422008593551,4734.897025950372
2019-07-02,397.4628849367441,473.93509049535794,98.99934084537904,8.418854,1.2905834,26.401846,1.7186276,18.199426199473493,1.104642422681282,19.494355389360873,1.5710106821383374,9.673411233144117,4725.223614717228
2019-07-03,398.32139211482774,469.366370495358,98.81312294562224,8.390187,1.2139212,27.621681,1.7897615,18.793257242612857,1.1170772152508484,20.116569526452427,1.5834511684699117,10.53191841122775,4714.691696306
2019-07-04,399.2316978630795,412.623010495358,98.52433993456826,8.487969,1.0806198,30.123375,1.9356849,19.48410710082954,1.1181498736391915,20.840439646339767,1.5845309582770961,11.442224159479489,4703.249472146521
2019-07-05,400.4367830652612,384.486620495358,98.21941406600956,8.404075,1.0094738,31.714806,2.0045993,19.822595402867062,1.1087872860384895,21.195106532150305,1.575172063975607,12.647309361661188,4690.6021627848595
2019-07-06,401.919684674085,385.517600495358,97.91879978593148,8.248384,1.0028329,33.449852,2.8376353,20.58664870062726,1.4805593858770383,21.995678965757904,1.9469529821080953,14.130210970485017,4676.471951814375
2019-07-07,403.6862708975871,387.102530495358,97.61275524366724,8.166295,1.0070896,33.892487,3.157127,20.759637066694093,1.6287257949920086,22.176935584391583,2.0951214804278644,15.896797193987119,4660.575154620387
2019-07-08,405.96370885438,225.58030049535805,97.37280731635563,8.104331,0.9917677,36.29634,6.9492474,18.174194678437452,2.562753764574364,19.467917887868946,3.0291217910375234,18.174235150780007,4642.400919469607
2019-07-09,159.43572219266036,214.60583049535805,97.00281143698804,8.318678,0.9844434,29.97073,2.3100417,20.741513151519236,1.3902236987177297,22.157945408024872,1.8566191636640261,20.477827501060375,4621.923091968547
2019-07-10,163.24731717030807,200.25517049535804,96.772690490037,8.422144,0.96773994,31.486444,2.919442,21.128371797417806,1.6660196099243416,22.563294574787268,2.132419862809272,23.6088146787081,4598.314277289839
2019-07-11,227.9022945282217,407.751630495358,96.54826845694744,8.1790905,0.94067276,29.610588,1.8185334,21.92670966131317,1.2143062310383061,23.399790259595363,1.6807169053828392,28.21338983662169,4570.100887453217
2019-07-12,209.72478348855282,293.50383049535805,96.2935282838016,8.024763,0.8944448,29.979084,2.1987193,20.82943498652808,1.3354644523648456,22.250069606201382,1.8018609904471978,34.52443879695284,4535.576448656264
2019-07-13,203.8766512000192,225.36434049535805,96.06530154760698,8.176329,0.906342,31.736387,3.0724635,20.546063073380665,1.669587537705989,21.953153484263947,2.1359806487338653,42.50751650841923,4493.068932147845
2019-07-14,211.7853221745624,207.79424049535808,95.86903896124797,8.21023,0.947341,33.387787,3.9505126,20.679262681885632,2.0140549795616383,22.092719578735366,2.4804496900494777,54.063444482962375,4439.005487664883
2019-07-15,230.85257795768362,214.1434173306923,95.6174200541084,8.381175,0.97825307,33.890137,4.2021837,20.656737706989738,2.0849060851382446,22.069117987037224,2.551300523721235,70.4397991650392,4368.565688499843
2019-07-16,275.0530643194924,247.41383375119133,95.30628044469938,8.503978,0.8681614,34.841454,4.9024777,20.976070988173905,2.3661261706400025,22.40371430747578,2.83252451815983,94.21775755082761,4274.347930949016
2019-07-17,433.3457465379703,461.496603495358,95.09349771670333,8.244617,0.9056079,34.366245,3.550785,21.716311677945193,1.8830270680632606,23.17933597183192,2.349434925174583,128.70006184637023,4145.647869102646
2019-07-18,383.91689027412497,505.96819049535793,95.01513100522786,8.303814,0.99906224,30.277367,1.8283731,20.797470632909615,1.1253819499249174,22.216577465744628,1.591778096841656,158.121145582525,3987.526723520121
2019-07-19,300.1996199886173,346.331990495358,94.76949469080148,8.334811,0.9041125,32.29153,3.1002812,21.16787022967993,1.7129853738735035,22.604680897092887,2.1793861252356654,149.05150129701732,3838.4752222231036
2019-07-20,241.02460833203918,428.111748495358,94.50490137304506,8.467052,0.9280534,31.270172,2.0179622,23.05643073656176,1.3336618549778123,24.583508140482532,1.800088521660451,102.0667136404392,3736.4085085826646
2019-07-21,207.94400128449172,289.627667495358,94.21962063021292,8.4417095,0.9240377,33.336716,3.3187742,22.93265228014953,1.9700200241044912,24.453813496969282,2.4364448674114154,67.0800836928917,3669.328424889773
2019-07-22,282.16999183843456,435.136572495358,94.12806293002964,7.991257,0.81000787,28.137264,1.6500126,20.212342146387996,1.050433224140544,21.603481837728946,1.5168224169271363,49.19153714683457,3620.1368877429386
2019-07-23,174.93064218084888,463.22933049535794,94.17648113635448,8.303183,1.0442675,23.049786,1.408867,19.00748768662716,1.0619786397278057,20.341039453380475,1.528354746001963,35.97274748924888,3584.1641402536898
2019-07-24,167.08118880165935,368.00786049535793,94.00858515976095,8.4201,0.99407846,24.238457,1.4520553,19.29918574918546,1.045779272416101,20.64667968620912,1.512158394682885,28.123294110059373,3556.0408461436305
2019-07-25,161.79974591378726,297.66330049535804,93.78137854846588,8.521725,1.004245,26.714336,2.1911888,20.30781475515216,1.4629498043338809,21.703517710835253,1.9293401050679169,22.84185122218726,3533.198994921443
2019-07-26,158.13827737716198,257.752990495358,93.53572630790138,8.575869,1.0145035,28.24781,3.0486383,20.767761556634287,1.928402444202583,22.18544839717874,2.3947982286002047,19.18038268556199,3514.018612235881
2019-07-27,156.7308903311467,243.14850049535804,93.28082244732217,8.614975,1.0126535,29.031866,3.6743371,21.02955939565438,2.26917876861388,22.45975927799285,2.7355777822811866,16.48681743954671,3497.5317947963345
2019-07-28,157.66040782546136,235.20773049535805,92.98367565938324,8.552361,0.98361766,29.375465,3.8811376,21.019024939026494,2.3569029264144077,22.448721310348386,2.823301808626365,14.515945833861354,3483.0158489624732
2019-07-29,169.67500899710421,236.28148049535807,92.6763845232557,8.590873,0.97970533,29.936117,4.612362,21.01458338559806,2.7156126709549686,22.444067465848764,3.1820114977805476,12.865984305504218,3470.149864656969
2019-07-30,166.5522098108093,251.32857049535804,92.35598768888184,8.618575,0.9683173,30.228064,4.6914444,21.615300733178504,2.8478755807063654,23.073497049194028,3.3142821032593424,11.505938119209302,3458.64392653776
2019-07-31,221.6410724534386,268.593740495358,92.12241596152396,8.383863,0.94849205,30.72387,4.974877,20.62368318866887,2.75920183500293,22.034483575731837,3.2255958756264254,10.625607761838598,3448.018318775921
2019-08-01,192.99396664544884,243.9669104953581,91.8744148892394,8.661418,1.0150127,29.030952,4.023766,20.034272279061508,2.290868758797588,21.416900839445642,2.7572559129522465,9.550159953848821,3438.4681588220724
2019-08-02,169.3779453308421,226.68718049535804,91.61930812262489,8.702259,1.0391586,28.736181,3.6262834,20.168639314374964,2.122540232427579,21.55769015973635,2.5889289215255102,8.753922639242118,3429.71423618283
2019-08-03,164.80875349219738,189.63993049535807,91.37427435305612,8.580333,1.0361984,29.700191,4.805171,19.880046155457485,2.6156574260865124,21.255303234328977,3.0820428438821907,8.162468800597383,3421.551767382233
2019-08-04,166.81043753390398,178.41958546660987,91.15334703841488,8.602343,1.0666382,29.511314,4.9110646,19.408384462137708,2.5899033842197396,20.761097724363356,3.0562836605674937,7.580574511651289,3413.9711928705815
2019-08-05,190.09951149300798,210.2002893799225,90.8968697696799,8.75973,1.0818766,28.607906,3.8680975,19.182149561572007,2.095137036309743,20.524049568895933,2.561514936801779,7.008573698167797,3406.9626191724137
2019-08-06,269.53499457337017,492.9289601576402,90.65381958841448,8.957303,1.0265815,25.94008,1.4256064,19.936579967492385,0.9905206575922181,21.314539169327976,1.456906708717972,6.47722885364301,3400.485390318771
2019-08-07,365.5984705720284,565.465126495358,90.48202074764995,9.197227,1.3741572,26.408772,1.7287146,19.650356145048093,1.1804462770150572,21.01463482657804,1.6468291592521327,6.007035880428421,3394.4783544383426
2019-08-08,318.16260914701803,411.938808495358,90.32416519556892,9.177305,1.2470641,27.800312,2.0295138,19.684803296392264,1.2675069886052017,21.050728434004764,1.7338902472610005,5.683264455418065,3388.7950899829248
2019-08-09,288.2646056882857,416.02798649535794,90.11129300647973,9.138165,1.2351152,27.1052,1.8174336,19.751352667272116,1.186633441930822,21.12045863732503,1.653017431642514,5.397270996685708,3383.397818986239
2019-08-10,207.82101264202169,325.049010995358,89.88878961207294,9.066707,1.22406,25.276535,1.5941722,18.95465014934674,1.0832996763377887,20.285676462434136,1.549675246709589,5.157215950421673,3378.2406030358175
2019-08-11,185.5565918222879,285.70958749535805,89.64813255481536,9.063117,1.2030773,24.779163,1.5293256,18.591119060974712,1.0411689467621905,19.904769830706783,1.5075409165747602,4.9103431306879175,3373.3302599051294
2019-08-12,194.11940662420457,260.4745807457778,89.36540025951099,9.080996,1.1619495,26.066708,1.8229425,18.81351809227456,1.1563729072581972,20.137798775469708,1.6227470618556152,4.67467807803697,3368.6555818270926
2019-08-13,228.1326228994138,299.6593673538052,89.03504319826209,8.764075,1.0484016,27.48573,2.5785902,19.393488151292356,1.5325510885541644,20.745489420780086,1.9989312066651834,4.551713424619022,3364.103868402474
2019-08-14,219.1058856720609,317.19524391668114,88.73336681702959,8.889209,1.181061,25.907597,1.9481965,18.95473237678627,1.249212807761707,20.285762620064197,1.7155883789650153,4.321699585050727,3359.782168817423
2019-08-15,221.53847850767076,302.34461263439056,88.41496562991053,8.970595,1.1267915,26.46771,2.1142473,19.068570627980332,1.3099179111854722,20.405041950528737,1.7762946409690195,4.118439280994263,3355.663729536429
2019-08-16,221.4045892919979,329.70628658250206,88.1174038404764,9.028899,1.0119139,26.566246,2.3636975,19.52075075338625,1.4713750985145402,20.878834740228626,1.9377565766537184,3.934324184113199,3351.7294053523156
2019-08-17,206.80193733035875,264.84666669803227,87.85082069372008,9.224765,1.2293223,27.045803,2.8094485,19.231881427842143,1.667141771515993,20.576158448373903,2.1335201892597975,3.7362454089582715,3347.993159943357
2019-08-18,200.827194641429,307.45908392032146,87.65624179617114,9.418067,1.2943562,27.925701,2.902336,20.613215234984292,1.828574521314689,22.023515289644045,2.2949684361698175,3.538511313681183,3344.454648629676
2019-08-19,167.25874307361826,435.217210495358,87.41230015707325,9.534156,1.2681555,25.345005,1.5313427,20.955613646848075,1.1608859383707721,22.3822791751645,1.62728403197852,3.3827503820182705,3341.0718982476574
2019-08-20,159.6056758148929,271.17440049535804,87.10503913243144,9.511613,1.2965565,27.47977,2.3896873,20.822499069955114,1.5791388750636584,22.242802176525473,2.0455353281680977,3.2748371232929023,3337.7970611243645
2019-08-21,171.04519544777867,292.01340049535804,86.83468448384258,9.313382,1.1644806,27.380917,2.3102975,20.707106870787424,1.5190867391480438,22.121894624686064,1.9854817865520913,3.211522756178681,3334.585538368186
2019-08-22,145.32063115581323,280.2584311544896,86.57977952682045,9.423387,1.2565231,26.156792,2.0493886,20.442908632619258,1.416154205053236,21.845068613849957,1.8825460913409406,3.0871421212997636,3331.4983962468864
2019-08-23,150.53448443080958,258.5395241438881,86.34635091962197,9.445249,1.3949242,25.257164,1.8727727,19.438562764634394,1.2901300295932427,20.792718446560016,1.7565106272890585,2.99424719522224,3328.504149051664
2019-08-24,152.25992728330928,236.37941049535803,86.06497531124539,9.347325,1.2968482,24.022648,1.5564841,18.273195024475154,1.0744121463636278,19.5716501120315,1.5407810911952247,2.9274015917092937,3325.5767474599547
2019-08-25,194.22507088106946,297.02733246376164,85.73384898979911,9.2172575,1.3284822,23.683548,1.4940271,17.964051695230925,1.0449375637145086,19.247730788403,1.5113036779474482,2.8651761652214573,3322.7115712947334
2019-08-26,235.56753102876047,341.69966972816627,85.39238479042471,9.292081,1.2890834,23.781197,1.4189069,17.868570324629573,0.9910255283047268,19.14768573467364,1.4573907903741552,2.767162612458786,3319.9444086822746
2019-08-27,277.8293392356612,397.1868454010404,85.00637228287245,9.046719,1.14119,22.812878,1.4145974,17.146875917827625,0.9557457941247499,18.391496802215475,1.4221049523317837,2.731817304426338,3317.212591377848
2019-08-28,304.1195095534517,431.9984977025008,84.56502920611827,9.026211,1.2505789,22.04618,1.5517317,16.667115366582212,1.0470074141636192,17.888805336599933,1.513362844289861,2.657075702463494,3314.555515675385
2019-08-29,310.5716441154662,443.8869993401483,84.11119422275878,9.309066,1.4236456,22.133953,1.4781654,16.854609605798945,1.048708557894237,18.085261159534234,1.5150654136508537,2.53648480139919,3312.0190308739857
2019-08-30,313.47237848836767,448.7772603857018,83.64169847692534,9.439067,1.3262639,23.109013,1.6563379,17.487297381959223,1.1173408231520163,18.748189248660005,1.583702786323193,2.448486059480433,3309.5705448145054
2019-08-31,322.2502417699926,458.8902178418461,83.17386986816607,9.40068,1.287254,23.06639,1.6502304,17.4287625408895,1.1053656506128986,18.686856642278492,1.5717271220412146,0.0,3307.1785874259676
2019-09-01,331.2796750004219,463.926145892095,82.69685474738743,9.185652,1.1527027,21.987406,1.6501693,16.654244484134505,1.0758361488081027,17.875319269968138,1.542191482543954,,
2019-09-02,259.3845627304089,464.3408897422752,82.35914303374533,9.548397,1.1987834,20.317354,1.3590184,16.45773971893985,0.972050222871142,17.669422248715115,1.4384041085032309,,
2019-09-03,233.26550448732425,439.4359520967053,81.99728528564499,9.829729,1.2100195,20.998402,1.3781976,17.12556025872237,0.9932686229875638,18.369162327468924,1.4596276099691958,,
2019-09-04,276.0865432065644,453.5913121263277,81.54856812661014,9.701926,1.3951409,22.88954,1.7314948,17.89977252996039,1.1988283015468362,19.18037929875987,1.6651938409466693,,
2019-09-05,292.63830221918005,460.7611295262434,81.11515710264872,9.71665,1.3845401,22.621603,1.5842017,17.609011579348465,1.108109208750097,18.87572096862528,1.57447220696899,,
2019-09-06,320.9379043603605,485.1269980444833,80.65520685614341,9.535034,1.2544613,21.381975,1.5128738,16.665069122792165,1.038513583160487,17.886661289351455,1.5048689979496879,,
2019-09-07,346.4789499527388,510.4732452299277,80.16764657609333,9.400489,1.2020175,20.20449,1.4241707,15.83626659635326,0.977701029170701,17.018244835268476,1.444050625656709,,
2019-09-08,413.48058449522654,602.1091460842321,79.61550249715226,9.453974,1.2297617,19.82649,1.3979331,15.603491576434148,0.9682803132027461,16.774343965098833,1.4346284168780108,,
2019-09-09,428.8182405863308,615.5054698927637,79.06844515324731,9.362986,1.1801922,20.01846,1.4348625,15.643128718356051,0.9746913102344141,16.815875626911808,1.4410396637292882,,
2019-09-10,469.672613586904,644.39172481951,78.4755270680763,9.5561,1.1921556,20.286297,1.4886454,15.762608693453366,0.9970041769177523,16.941066336396915,1.463353294325964,,
2019-09-11,523.462589953029,645.82262481951,77.85569041158395,9.62893,1.0461252,22.607107,1.9317924,16.797070315669053,1.1652296916793867,18.024971688024355,1.6315861056548944,,
2019-09-12,579.0042080932566,642.73655481951,77.25719861026087,9.487618,1.8721864,22.588629,2.2586613,16.379831995244533,1.4829542399023552,17.58779080214139,1.94930756363309,,
2019-09-13,589.7728600583982,649.26801481951,76.63314581970498,10.380235,2.0510757,19.180578,1.8043239,14.991689980680928,1.359075256109145,16.13330034440774,1.8254197317078986,,
2019-09-14,431.1395391804069,594.7096519083349,76.07415992712839,10.711849,2.2001119,17.021906,1.2607472,14.369942086423475,1.1786341027335172,15.481835026143631,1.6449753298488012,,
2019-09-15,267.2870320172758,355.4194388103985,75.66716325399825,10.681546,2.1461058,17.836483,1.2170708,14.765338074544431,1.1537471849248018,15.8961295909032,1.6200904267098397,,
2019-09-16,275.4258405513773,374.4911359209426,75.17745265965888,10.641921,2.2010674,19.020653,1.4319365,15.469861958676027,1.2453412791064586,16.63432730840187,1.7116885537989008,,
2019-09-17,255.34514837547823,410.016969958981,74.71877384545593,10.604339,2.1574843,17.665289,1.1823887,14.955517287980935,1.1029218992035779,16.095398720646852,1.5692661736959974,,
2019-09-18,261.69498050363944,414.7958046681679,74.26470502394518,10.312324,2.0144653,17.584316,1.2049507,14.771204788996046,1.0738433333831245,15.902276714251242,1.5401866064071401,,
2019-09-19,272.90076845686974,426.12451320151854,73.72675454798457,10.097106,1.6366223,17.049116,1.1727126,14.335038456303824,0.9588029504960065,15.445263121816351,1.425144008354681,,
2019-09-20,295.53991690040965,453.3576532326968,73.19862396716735,9.978796,1.5136874,17.070929,1.1897888,14.27213691839301,0.9357355970488521,15.379355105411552,1.4020763534000062,,
2019-09-21,298.3165890129287,454.1394767768584,72.68600835685905,10.030142,1.5241729,17.669487,1.2072057,14.640813968965317,0.9465726396279246,15.765653658741764,1.412915227634132,,
2019-09-22,266.5957154907493,403.046244354595,72.24079533529519,10.180865,1.6509708,18.827038,1.3080145,15.384851257302152,1.0255794069186837,16.545253386096867,1.4919261648683795,,
2019-09-23,226.8013270044584,348.04236393369445,71.83107505813521,10.255924,1.8338423,20.135065,1.4998146,16.237305930213317,1.1610736950073721,17.438452478402663,1.6274260087484826,,
2019-09-24,290.9153311034927,490.6578143755268,71.32195071199354,10.575892,2.3533564,18.852291,1.2854576,15.771669325220536,1.1910232257954718,16.950560035390335,1.6573724018001856,,
2019-09-25,294.5210701908114,466.5877193927258,70.80039108678113,11.088401,2.2187107,17.842773,1.2509264,15.22908000380825,1.1511752310538865,16.382036799163348,1.6175210635861268,,
2019-09-26,302.07100387175166,474.0637365679874,70.27954382228934,11.02102,2.5409577,16.721552,1.1458741,14.502909535899027,1.2115530881861925,15.621157865177627,1.6778949728590764,,
2019-09-27,269.184315698015,437.94530493828125,69.83699864398186,11.31867,2.3677163,16.278818,1.1030943,14.390629645862361,1.1309793518859381,15.503511380206813,1.5973206799781328,,
2019-09-28,260.8672419167501,416.39595296405065,69.38278342586976,11.602916,2.130446,17.280514,1.109264,15.093624911271407,1.067010192098338,16.240107416233315,1.5333552424666557,,
2019-09-29,270.9742173733624,426.8679010133333,68.90232429428306,11.7741785,2.1616871,18.500328,1.164119,15.888543729557648,1.1007472231905984,17.073020636739596,1.5670971634564987,,
2019-09-30,293.635931236245,455.74111335692544,68.38036872962421,11.719096,2.0150595,17.418842,1.1309412,15.185453562541738,1.047137794668789,16.336325163133825,1.5134833729962078,,
2019-10-01,291.5192597300405,459.6262882809036,67.87615264435776,12.261727,1.8317178,17.234278,1.1093637,15.30443308575043,0.9829342636834549,16.46099150084074,1.4492805404137246,,
2019-10-02,271.89336474772455,449.1786177275335,67.40893023247168,12.344378,1.9302839,18.896877,1.2545496,16.426137897635005,1.0679439212669994,17.63630996837732,1.5342975781374866,,
2019-10-03,258.4845885510147,491.98446197856606,66.99536697072693,11.922601,2.104281,16.217175,1.053944,14.73799142881622,1.001345805120334,15.867475868989013,1.4676889018098267,,
2019-10-04,234.4850125418273,529.28406856978,66.61908026349782,11.895587,2.0707636,13.307617,1.0062451,12.874109296120462,0.943623021411655,13.914506541712731,1.4099582445403767,,
2019-10-05,282.1151191486303,539.5720534821805,66.13770429850095,11.546921,2.120709,11.865917,0.99284554,11.756394118803765,0.9773498911267365,12.743368399638491,1.4436822985126088,,
2019-10-06,295.31740697684535,530.0280997284073,65.63015276336185,11.774444,1.6894284,12.226717,0.8348372,12.064888770036518,0.8079871532992913,13.06660804066396,1.274320195079215,,
2019-10-07,165.7753123521045,719.2976188892999,65.43897770340561,11.927545,1.8699064,12.927931,0.75924003,12.74055718704936,0.7095036115433332,13.774571098353075,1.175838423062268,,
2019-10-08,114.1583153795167,614.8462482561222,65.37989884192136,11.821439,1.9465787,13.581671,0.8358281,13.306027607972364,0.7680238593062121,14.367069072432265,1.2343605532866304,,
2019-10-09,254.55284123196395,682.3134750707654,65.01508098352446,11.761906,1.8530263,13.265043,0.8717933,12.856630727169971,0.8103188989537331,13.896192556913904,1.2766540670530013,,
2019-10-10,292.6021273737477,658.3250021807349,64.55564183723781,11.828605,1.8720292,13.499489,0.91724193,12.98535453306243,0.857343697541773,14.031068920707707,1.3236792791037058,,
2019-10-11,296.85854332669965,612.568487822855,64.07872293521974,11.918147,1.8362333,13.6583,0.93319345,13.090273103609784,0.86854906351628,14.141002240281031,1.3348849960966755,,
2019-10-12,296.83541531317826,598.7264676252087,63.58871038665893,12.318212,1.6626933,13.007557,0.91396433,12.779072295661233,0.8228430515349009,13.814927097499284,1.2891779796647649,,
2019-10-13,292.09189799986245,584.3201419675539,63.09766178600215,12.501483,1.714647,12.607687,0.9026761,12.572291159650652,0.8299199179779688,13.598262530033349,1.2962542399413528,,
2019-10-14,291.97893281509687,568.1789712097891,62.60114491617659,12.634912,1.7111379,12.7690525,0.92633545,12.723518613873507,0.8436768249448529,13.756718139622865,1.3100115854179708,,
2019-10-15,289.12738446980984,555.003185299687,62.10301643573965,12.699652,1.7003373,12.453938,0.9278945,12.53809832617943,0.8434292393221303,13.562435396004556,1.309763465763298,,
2019-10-16,350.7386674072,878.163680495358,62.13156011734425,13.088602,1.7108046,10.290641,0.8965412,11.08920159272717,0.8055193941721491,12.04428635149899,1.2718508018114627,,
2019-10-17,38.7789474072,3847.817230495358,64.40884412897928,13.363713,1.2579861,10.328474,0.7644513,10.358758483079471,0.7569279920602766,11.27893055810499,1.2232588890120286,,
2019-10-18,38.7789474072,968.878280495358,65.5828265398212,13.106455,1.3346272,8.725206,0.69538814,8.893815500776302,0.6705964963031013,9.7439683089048,1.1369282083048051,,
2019-10-19,175.61183988500105,618.3056279274663,66.02640990943445,13.095895,1.3587924,7.112429,0.8362039,8.435951369520264,0.7172502760843191,9.264219837304957,1.183582746308644,,
2019-10-20,321.98650735700744,524.8956737852643,66.13225628556746,13.093104,1.2463956,6.2355313,1.1870532,8.842795999041883,0.8751385245929724,9.690510249388916,1.3414703092122964,,
2019-10-21,298.27926054653733,561.8142801396045,66.15442164563524,13.340208,1.1920657,7.4884267,0.97021836,9.51781643986023,0.7566647931111015,10.397794359836437,1.222995857839718,,
2019-10-22,172.06651411580083,685.5707152902423,66.22400777155451,13.15498,1.2404252,9.978941,0.6569583,10.616145012620656,0.5811368659676658,11.548619283926408,1.0474678732383382,,
2019-10-23,63.7677274072,1626.177630495358,66.83772298560292,12.998086,1.3397187,10.684483,0.75326955,10.77178316694961,0.7266066475914494,11.711696410009871,1.1929377583328824,,
2019-10-24,38.7789474072,745.603330495358,67.23783768608573,13.080619,1.2688297,9.311832,0.71225274,9.498156845152575,0.6799395972462589,10.37719510370472,1.1462706755730123,,
2019-10-25,169.6417879078841,665.7510373677856,67.39967303181629,13.047756,1.1507498,8.808154,0.7028476,9.669082829278802,0.6069125545285846,10.556290765590932,1.073243529415743,,
2019-10-26,226.4253115970963,648.9500569855702,67.4646301996933,13.146186,1.1565317,9.553085,0.6961074,10.482479665088777,0.5964894979142855,11.408565189694638,1.0628204384369375,,
2019-10-27,550.4154874072,1659.991030495358,67.98383404392364,13.078972,1.384685,9.973796,0.75922745,10.747018794496865,0.6663210833371984,11.685748385206658,1.1326521757613808,,
2019-10-28,38.7789474072,1398.376430495358,68.71225476666079,13.029114,1.2386917,11.470054,0.7039431,11.512121990820559,0.6857635008752287,12.487420898940185,1.1520954831543115,,
2019-10-29,38.7789474072,992.230830495358,69.31476100296157,12.925767,1.220588,11.523785,0.67862415,11.576516822277211,0.6547109420311151,12.554893583217746,1.1210430297522869,,
2019-10-30,38.7789474072,808.661530495358,69.7614562715922,12.87818,1.2821555,11.9157715,0.66485447,11.95981135825515,0.6371378468328929,12.956508287788605,1.1034706603059652,,
2019-10-31,566.8838074072,3145.039130495358,70.55291731812714,13.095207,1.6456236,12.734765,0.8628867,12.789811676422437,0.7730967714621704,13.826179783950137,1.239431732409805,,
2019-11-01,38.7789474072,8832.990580495358,75.76477105334027,12.136204,1.6369689,10.243427,0.81014186,10.251700697116636,0.8066324117660035,11.166755775931867,1.2729632851446964,,
2019-11-02,38.7789474072,4508.365630495358,78.28328873839665,12.133149,1.59396,8.577656,0.75098884,8.607977742077637,0.7447083203490559,9.444468482427835,1.211040477577332,,
2019-11-03,54.9368420988,2738.1077304953583,80.02772993997174,11.851756,1.5240928,7.144986,0.68250155,7.23756436629585,0.6697485430565041,8.008554031807455,1.1360841328961546,,
2019-11-04,54.9368420988,1720.1372304953582,81.33401523768057,11.793479,1.4299414,6.5274267,0.62495023,6.690405992020561,0.6072234716169249,7.43524335760914,1.0735610319988895,,
2019-11-05,54.9368420988,1448.545930495358,82.19801013126435,11.824876,1.3973435,6.751394,0.62240237,6.936777416705588,0.6018297479447611,7.693390494215527,1.068166378663416,,
2019-11-06,54.9368420988,1102.238530495358,82.84116712440311,11.458356,1.3417192,6.6346345,0.63066435,6.863640423910616,0.6040912884551888,7.616757803171259,1.0704281879051034,,
2019-11-07,54.9368420988,1131.832030495358,83.16137654768265,11.049796,1.3401513,5.850235,0.60117394,6.090928413346129,0.5766914408535083,6.807112799885658,1.0430315532904488,,
2019-11-08,54.9368420988,1046.881330495358,83.41909856556778,9.702785,1.333834,4.017514,0.64407253,4.300982776579268,0.6155621189503369,4.931613880304407,1.0819122971793846,,
2019-11-09,54.9368420988,761.6167304953581,83.5345935445432,9.8094225,1.2625561,2.1954346,0.562568,2.707695451029636,0.5315500395315108,3.262172866973761,0.9979122600100931,,
2019-11-10,54.9368420988,710.334370495358,83.58962331975688,10.178538,1.1237881,2.6812234,0.66387177,3.2194362504824943,0.6214725369386861,3.798373127342054,1.0878305731491316,,
2019-11-11,54.9368420988,675.111290495358,83.5994180897459,10.039745,1.1055865,4.2178144,0.7626633,4.6559204873810325,0.7101622701039843,5.303516400388628,1.1765101610769886,,
2019-11-12,54.9368420988,678.045490495358,83.5276191895203,8.398805,1.0719619,3.188827,0.7475422,3.579313555008547,0.6961657868504296,4.175451336845429,1.1625210598663265,,
2019-11-13,54.9368420988,583.089530495358,83.3944539570063,7.9074755,1.0208004,0.671316,0.5910798,1.2943807877271374,0.5472894019714076,1.7813065939398922,1.0136647340754479,,
2019-11-14,54.9368420988,557.669930495358,83.20295363567311,8.081469,0.96964204,0.048693478,0.54618955,0.7690500220572049,0.5047551342139223,1.230866813424324,0.9711359221985159,,
2019-11-15,54.9368420988,569.743430495358,82.99603169469516,8.38075,0.9823252,0.38249725,0.6228712,1.0858950551060425,0.5746245370282922,1.5628559559723334,1.0410019966176072,,
2019-11-16,55.89918401275914,537.57140803146,82.77588869633587,7.6895504,0.9568527,0.24269992,0.59908134,0.9441211386301395,0.5500870511104742,1.4143057309187712,1.0164659858169371,,
2019-11-17,125.96493872873582,502.86038671656513,82.43179029074984,7.4818516,0.9317038,-0.7549243,0.7695102,0.895048956676213,0.6430440706110144,1.3628880664123095,1.1094235212537635,,
2019-11-18,128.4608497265745,528.3009562620505,82.1927092808102,7.801259,0.83865297,-0.5589278,0.76080775,1.0763023689326419,0.6335987840247498,1.5528047721908016,1.0999763426983065,,
2019-11-19,54.9368420988,507.981030495358,82.439900407624,7.6161633,0.7902484,1.0135492,0.7299543,1.6579180995518212,0.6632152827182274,2.162219746579663,1.1295870240104313,,
2019-11-20,135.5820882906694,364.6368504536128,82.6495781427586,7.5227327,0.7768616,0.9742795,1.056788,2.7492082446196937,0.7986095444100907,3.3056698301930374,1.2649714142963195,,
2019-11-21,141.72549107569122,408.3483725004042,82.6945995240819,7.8551598,0.8111199,1.732429,1.2175199,3.3099390260701433,0.9276742355773083,3.8932016262345313,1.3940315629533637,,
2019-11-22,79.98532122457007,540.4395856547103,82.8186485558543,7.568044,0.80607074,3.139759,0.9194323,3.7106545968033107,0.8076126112270432,4.313070031471091,1.2739669126765025,,
2019-11-23,205.9855542898441,512.7417636607942,82.9575685155586,7.3043346,0.79870945,1.9623473,1.2264413,3.493348251258207,0.9043946186581528,4.085377185433512,1.3707505382651433,,
2019-11-24,54.9368420988,998.241630495358,83.35399828789012,7.0660615,0.77304566,2.9002995,0.63609654,3.1175977680594755,0.6042628772220819,3.6916671135766523,1.0706217222503234,,
2019-11-25,54.9368420988,838.855490495358,83.87970420314409,7.176543,0.760949,3.1409564,0.7390308,3.3890032786978446,0.6951815066804764,3.9760448798702095,1.1615382224765973,,
2019-11-26,54.9368420988,890.167530495358,84.37332160304685,7.607537,0.81287813,3.7340703,0.8517508,3.9592264035987226,0.8036306937907121,4.573522720931109,1.269983210483662,,
2019-11-27,54.9368420988,965.802730495358,84.86509327266707,7.51582,0.7947939,4.253789,0.7876699,4.429353500549808,0.7465035987441178,5.06612028606737,1.212852933107475,,
2019-11-28,54.9368420988,1580.384330495358,85.57986116426497,6.71716,0.7645362,4.4151535,0.659894,4.492486923842422,0.638242560508772,5.13227127118256,1.1045914867678683,,
2019-11-29,387.7894737036,1176.646830495358,85.80231620999737,6.291076,0.79117155,1.6421218,0.8303173,2.7944956992368537,0.6545691679075691,3.3531218703334784,1.1209306575705316,,
2019-11-30,387.7894737036,983.048970495358,85.916232038131,6.2373323,0.803697,-0.48206258,1.2611136,1.4187526721552943,0.9325038002139147,1.9116230292996967,1.3988778868378065,,
2019-12-01,387.7894737036,877.0722904953581,86.03244626269556,6.0422945,0.76574653,-1.3086954,0.773482,0.9450184483630575,0.5854737573222001,1.4152459289896229,1.051852682620141,,
2019-12-02,387.7894737036,866.509730495358,86.2642169026449,5.921486,0.7803214,-1.2547349,0.7197657,0.9639246518554944,0.5526721574547019,1.4350557843813747,1.0190508847303161,,
2019-12-03,387.7894737036,729.974390495358,86.53080115713632,5.860479,0.76750183,-1.7231828,1.0875287,0.9078417544108653,0.7585022624654936,1.3762923161486869,1.2248815783416784,,
2019-12-04,387.7894737036,649.736030495358,86.61411605477828,6.022172,0.72001976,-1.9974309,1.3239744,1.0000063214656036,0.8717024862124617,1.47286203445983,1.338080836705363,,
2019-12-05,387.7894737036,617.452470495358,86.63948803447617,5.9137063,0.7057572,-1.7270406,1.313576,1.22050969598113,0.8515382321899657,1.7039047165241203,1.3179143124236627,,
2019-12-06,387.7894737036,574.8377304953581,86.53956416336239,5.6910133,0.7162647,-1.9566497,1.4324485,1.1241724846514496,0.9027492223982535,1.602962915805164,1.3691262876620525,,
2019-12-07,387.7894737036,525.669760495358,86.3953655728186,5.166486,0.77670217,-2.3823056,1.9736314,0.8223714316952339,1.182663798409823,1.2867368041729303,1.6490440182300425,,
2019-12-08,387.7894737036,529.8733104953579,86.13844600003867,5.1634007,0.7765137,-3.0015025,1.9192038,0.44885371205360186,1.1557415533961717,0.8953662143388785,1.6221258215961274,,
2019-12-09,387.7894737036,882.9903804953581,86.1367123198677,5.93125,0.6833916,-1.7507824,1.1660001,0.5934563400916852,0.8365942970884417,1.0468803536978266,1.302976979085486,,
2019-12-10,387.7894737036,5704.771930495359,88.63891135220244,5.7861342,0.7422183,3.2531552,0.63824296,3.4143784892518947,0.5994833553379696,4.002632938747926,1.0658398763664318,,
2019-12-11,785.6999458194298,4921.083284392217,90.71565028843568,5.2179055,0.7524837,2.395071,0.61461735,2.783713951207351,0.5400285816467547,3.341824791603728,1.0063901616181257,,
2019-12-12,1342.1493696632954,3472.6253321045347,91.0447620022922,5.288398,0.71658355,0.18122244,0.7081723,1.6048803670844929,0.5484355908189025,2.106646991800815,1.0148078465718005,,
2019-12-13,1428.6692033419386,2938.706532347128,90.84105170715291,5.86252,0.66015935,0.1599375,1.0747381,2.0253836636524234,0.7547222577040873,2.547248908526082,1.2210905229630953,,
2019-12-14,1386.6300090218465,4446.5698602601615,90.88098490320886,6.0747805,0.64756924,1.9102329,1.0531074,2.9002018300696433,0.8173954286072633,3.4638803928817437,1.2837560399114758,,
2019-12-15,1417.2628930791927,4181.512071774118,91.0905625311907,5.720907,0.61977476,1.9166669,1.0290052,2.8796647912384636,0.7843751678343821,3.442361753796789,1.2507359487897758,,
2019-12-16,1509.6919803802873,2953.676104859704,90.65974354277516,5.6266546,0.6331067,0.30744016,1.2902768,2.1066140733577328,0.8802963485568184,2.6323618541430407,1.3466638662573378,,
2019-12-17,1392.1307786797563,2727.4515661958126,90.22013017098492,5.562657,0.63108915,-0.17312622,1.2513534,1.7651674035163967,0.8554918769099122,2.27459520066034,1.321862587723199,,
2019-12-18,929.8415690296335,2036.039931137355,90.1106910516052,5.1266623,0.69861364,-0.66639006,1.0718029,1.1498055129926115,0.7676864079322621,1.6298211152789093,1.2340632100669389,,
2019-12-19,615.9979066770636,1337.6793098272713,90.16252170749226,4.760698,0.7188194,-1.483379,1.0009805,0.48538954710094345,0.7218721507341396,0.9336483374099789,1.188256015900967,,
2019-12-20,585.1756159923677,1252.7294883685531,89.98950770500245,4.6844673,0.7160372,-2.0620623,1.0527952,0.08598367910627742,0.7529374887691698,0.5151522342258262,1.2193258427075628,,
2019-12-21,565.7187519470506,1166.8603473036924,89.79630614950422,4.655912,0.69949955,-2.0471401,1.127593,0.1415289200628647,0.7930162779696862,0.5733523478282309,1.2594039967370438,,
2019-12-22,507.4324882543122,1107.3224503994384,89.63684647786881,4.8986497,0.66755617,-1.4094504,1.306602,0.5728534384502879,0.9202353071657791,1.0252927037854664,1.3866182137035832,,
2019-12-23,435.1794023273436,1137.6487276950502,89.42444793483321,5.2501917,0.7162309,0.17422265,1.057186,1.5786718254351457,0.789938906953336,2.079185771450047,1.2563114181139223,,
2019-12-24,436.00268240499,1126.1124757817297,89.15241285769307,4.954309,0.6853046,0.22734183,1.0574837,1.5466878141722638,0.7859591323946741,2.045673033780672,1.2523319563102342,,
2019-12-25,421.7219479988489,1055.5949319654626,88.79357848294444,4.79076,0.66440845,-0.30939472,1.1590908,1.1465198726718522,0.8496508979602415,1.6263784325822173,1.3160277337808175,,
2019-12-26,387.7894737036,961.1349813663952,88.4446438890565,4.828349,0.68986064,-0.034470677,0.99900216,1.3634951763216996,0.7389200157461242,1.8537244140535563,1.2052946535440276,,
2019-12-27,387.7894737036,1098.5102491363923,88.2069087687151,5.069078,0.75172603,1.2997819,0.6040342,2.2832264479355473,0.48761974441317524,2.8174156965064743,0.9539856627975649,,
2019-12-28,387.7894737036,1162.8432632809663,88.18508987532144,4.8754697,0.72387886,2.003567,0.6408053,2.7217858155778694,0.5135175407906092,3.276936702781898,0.9798796420494276,,
2019-12-29,400.5005317036,1231.4208494818915,88.04464947018661,5.0508647,0.7310733,1.5809456,0.6026762,2.4325212167456853,0.488882316729884,2.9738462449271004,0.9552469109928516,,
2019-12-30,684.7568737035999,2357.98960495479,88.45392332849333,5.260649,0.74186295,2.821185,0.56277454,3.370175906020908,0.46698817795254294,3.9563176231374695,0.9333450387341913,,
2019-12-31,387.7894737036,2336.7785589842138,88.82412601528323,4.8060513,0.72468483,3.1593332,0.5479706,3.3937116364572835,0.48116297240657435,3.9809782810358336,0.9475196520080129,,
2020-01-01,477.9311554914012,2286.9267010241947,88.9479994487551,4.561126,0.689498,2.2329037,0.5517858,2.6353584322537844,0.47171012354770275,3.186378385972152,0.9380729596505788,,
2020-01-02,560.8594766770584,2130.2924773721,88.89435844106949,4.754618,0.71401095,1.8129799,0.80102324,2.4260429323496067,0.6513098599837676,2.9670583206817964,1.1176745111747737,,
2020-01-03,593.8968363399896,2090.825159880168,88.75247206438142,4.798739,0.7298637,2.7165403,0.9495349,3.1771508484968987,0.7569054806191812,3.7540666276869628,1.2232638512272769,,
2020-01-04,686.703034223672,2279.264803830002,88.65012643794063,4.7462125,0.7262305,2.823802,1.0320972,3.268892833908712,0.8107652444361544,3.8501935663971723,1.2771228921328008,,
2020-01-05,575.6542422193959,2046.6754214394791,88.51745937669519,4.628987,0.7181349,2.566921,0.8698607,3.019586030489637,0.6969713458825466,3.5889707499873396,1.16333098053592,,
2020-01-06,545.5268148608582,1792.6199948000892,88.316680454874,4.60663,0.7095738,1.6389825,0.81043994,2.331381822676807,0.6430287710358812,2.867872733549453,1.1093942595371116,,
2020-01-07,434.6745378943901,1531.5878411212404,88.23439119562835,4.5629053,0.71237534,1.1507916,0.70613813,1.9050953163568745,0.5721353446690842,2.4212111894149513,1.0385047307938509,,
2020-01-08,387.7894737036,1363.0576438938513,88.0925949792519,4.44092,0.69989717,0.4116832,0.5643834,1.304105820334377,0.46592413891281004,1.791496449862397,0.9322993729913577,,
2020-01-09,387.7894737036,1162.1017419944224,87.88675225086843,4.3594704,0.69113,-0.5420402,0.5281645,0.684338884238895,0.43212366600543906,1.1421067727888374,0.8985053633114247,,
2020-01-10,387.7894737036,1108.9388398031242,87.70356578536803,4.634472,0.6918347,-0.14553618,0.7378493,1.0929229267998055,0.575315366335861,1.5702197359094807,1.0416927534000542,,
2020-01-11,387.7894737036,1373.8353800349155,87.73157555300273,4.8493857,0.7611015,3.2317924,0.9056246,3.5878760103370717,0.7258683904863624,4.184423048269368,1.1922235995622548,,
2020-01-12,457.4769137036,1299.066974616055,88.10250718603724,4.8351693,0.7578464,4.3997607,1.0105054,4.513159187163363,0.7729526139024454,5.153931598025645,1.2393014075234745,,
2020-01-13,387.7894737036,1166.9186800250504,88.11450220872281,4.773427,0.7226621,4.031296,0.8214948,4.216404910616834,0.6423974480310736,4.84299348146394,1.1087481925452642,,
2020-01-14,398.1562903115773,1211.5520938890768,88.06032740695066,4.769448,0.711382,3.2931743,0.7646879,3.6583258685709232,0.6018413418354106,4.2582401689060045,1.0681960280109362,,
2020-01-15,394.5934689553191,1206.1173580941268,87.98904594581815,4.8776865,0.72704214,3.1725326,0.73271435,3.5928724460394292,0.5804539348508199,4.189658296518837,1.046809106654642,,
2020-01-16,394.4886493074096,1375.4636580967865,87.91925963875595,4.730784,0.7163966,2.3965883,0.5976324,2.9168360582101904,0.49111253954280437,3.4813096802661447,0.9574730137894885,,
2020-01-17,403.5487206425419,1117.2793426566443,87.73998312093035,4.4047074,0.69143003,-0.06476295,0.5099032,1.1212021818326832,0.41711784402400104,1.5998506426651327,0.8834949398272373,,
2020-01-18,387.7894737036,1184.9738209631214,87.54906692940953,4.444608,0.6937337,-0.71286106,0.42049,0.5587939308859956,0.3600388968867549,1.0105611998196233,0.8264219569307365,,
2020-01-19,387.7894737036,1088.028074393406,87.45336795995304,4.3564425,0.67023546,-0.93482053,0.45827088,0.4555248324162475,0.38100045555726014,0.9023561914507746,0.8473846500530318,,
2020-01-20,387.7894737036,840.8354374293497,87.3720105070231,4.0442176,0.6261005,-1.2582632,0.4706212,0.4153527175981275,0.3778717882289861,0.8602639868658533,0.844256427325583,,
2020-01-21,387.7894737036,742.9965104068035,87.25995517986368,3.933329,0.58659756,-1.4819986,0.48588917,0.37512302861904584,0.37735195925341386,0.8181114562718836,0.8437370454371919,,
2020-01-22,387.7894737036,706.0444912440396,87.21830312531186,4.0815287,0.5731922,-1.5697094,0.5990669,0.43378536285528646,0.4368279322779187,0.8795776495574587,0.9032123671439888,,
2020-01-23,387.7894737036,696.7295604953581,87.1421102621637,4.1782875,0.5639021,-1.2336065,0.7714501,0.7015144998643965,0.5350509124836074,1.160103324129333,1.0014324247568829,,
2020-01-24,387.7894737036,660.698250495358,87.10075533208382,4.4173107,0.5645953,-0.87556875,0.9775919,1.0820344686808587,0.6504540671974279,1.5588108467127804,1.1168315666506463,,
2020-01-25,677.3167237036,882.659830495358,87.21170451429417,4.3367333,0.54809374,-0.7750907,1.3314673,1.4443810653580011,0.7900576630419179,1.9384763720912135,1.2564314952168183,,
2020-01-26,458.3523777036,1789.1353737181194,87.5457319105202,4.257032,0.49229825,1.7411323,0.73003745,2.2542245285799765,0.5897623609372932,2.787027584543809,1.0561285395013291,,
2020-01-27,407.6312137036,1559.9827161768362,87.52804069672193,4.1804657,0.47027838,2.2727265,0.6613207,2.667953474582121,0.5332898227861976,3.220531359903205,0.9996523807482531,,
2020-01-28,387.7894737036,1536.824711519531,87.45822899492131,4.006225,0.45529488,2.1444016,0.6061566,2.5195393745604178,0.49263921858504467,3.0650235732286855,0.9590030528262415,,
2020-01-29,387.7894737036,1439.4065021676113,87.34949332580906,3.7944474,0.44394943,1.0408871,0.4516925,1.6252807541105774,0.368091911546126,2.128022447591512,0.8344639690366411,,
2020-01-30,434.4390477036,1260.7068142747362,87.21032244628175,3.7121058,0.42960867,-0.14612097,0.42874745,0.8426814604016849,0.3373397750557997,1.3080175828251897,0.8037197793181985,,
2020-01-31,402.1422987036,1195.778517546452,87.12970309304615,3.8110576,0.413476,0.09675205,0.54074526,1.0315163642267287,0.4178231536444978,1.505878149553244,0.8842011763115322,,
2020-02-01,387.7894737036,1162.2520064097191,87.07673897458635,3.8146982,0.3991303,1.0398431,0.70838565,1.7340565128017253,0.5404661491321178,2.241997315716767,1.0068371575125472,,
2020-02-02,387.7894737036,1040.4858172820411,87.12864647584941,3.779283,0.40383878,1.3683093,0.7644086,2.022910135026014,0.5675567443124503,2.544657153686665,1.0339250324535687,,
2020-02-03,409.8067357036,906.1242462184224,87.18601969065519,3.9700012,0.40619525,2.0723186,0.79417795,2.6632941824016383,0.5612951938586878,3.2156493694834887,1.027657791505108,,
2020-02-04,468.5267787036,859.786430495358,87.22933448901875,3.9843245,0.41679877,2.945928,0.8879139,3.3121944995229367,0.5932313202877265,3.8955649036084177,1.0595886301181254,,
2020-02-05,458.6855687036,890.467690495358,87.31435539160476,3.6110258,0.41349342,2.987728,0.78470033,3.1996370729585815,0.5366575515791973,3.777627616812601,1.0030157441091698,,
2020-02-06,417.0997237036,1055.149080495358,87.37429746951364,3.5941358,0.4100567,2.4110703,0.6637496,2.7462421303474858,0.4896839507630363,3.3025619457977724,0.9560458456339282,,
2020-02-07,622.1562737035999,4585.933230495359,88.56695739334097,3.3668227,0.42163303,2.0114217,0.6065731,2.173337342459552,0.5364817799899653,2.7022742674258415,1.002848689284657,,
2020-02-08,444.897227258492,3207.608261175532,89.73510961677917,3.0395956,0.39207882,0.9810547,0.45595467,1.2317974347831138,0.4032546022834715,1.7157319706556342,0.8696305677966869,,
2020-02-09,737.3658011194567,2573.234884960372,89.86975516218232,3.143931,0.37065646,0.6389718,0.41450244,1.196898101565245,0.33258979252699106,1.6791645686073537,0.7989661132031157,,
2020-02-10,732.9066718612975,2618.023469011788,89.86651067259592,3.2830863,0.36261106,1.7174249,0.5597331,2.059862240639024,0.44444322779089257,2.583375443633523,0.9108111748240368,,
2020-02-11,689.9972261987984,2731.771841928575,90.1914205499868,3.2255697,0.34674048,2.7858977,0.6834844,2.874557267168558,0.5501217275473145,3.4370101075355395,1.0164825507695392,,
2020-02-12,738.7365466691114,2538.79809249092,90.58073729537554,3.245511,0.36215958,2.8459535,0.6872895,2.9360113363802167,0.5386001869287502,3.501401471185289,1.0049605035735711,,
2020-02-13,799.384724797579,2355.829903818163,90.6658365437318,2.9575481,0.35340744,2.5426638,0.6674368,2.647776216727514,0.5063190279918899,3.1993896980956533,0.9726817579877591,,
2020-02-14,780.2797809111624,2212.1712632288613,90.34835716070693,2.585084,0.3535922,0.10624993,0.385319,0.7526043876331359,0.2993971147771725,1.2136351338913736,0.7657780786535907,,
2020-02-15,533.8086217379654,1524.25937951606,90.27085139296052,2.7325892,0.32897753,-0.42419124,0.30509335,0.39459445807089294,0.24153443648838147,0.8385135534917771,0.7079193060480011,,
2020-02-16,424.6457097036,1434.8097997455573,90.38386013918166,2.9796596,0.32082364,-0.15683311,0.39367747,0.5594508477079339,0.3124836585113339,1.0112495150200924,0.7788667113778551,,
2020-02-17,387.7894737036,1269.7550618574578,90.41465143542916,3.0360684,0.34885433,0.8354748,0.618394,1.3503128735458005,0.48069745404923553,1.839912042266417,0.9470722238517656,,
2020-02-18,387.7894737036,1122.4375432648153,90.51986436290892,2.9961386,0.35137346,1.6175957,0.7282475,1.9715718759831764,0.5487197524178622,2.490865101352639,1.015088517058303,,
2020-02-19,387.7894737036,1059.670982302616,90.698983530912,2.8880653,0.35769227,1.4150825,0.68533605,1.8097096479691834,0.5107971855105562,2.3212664121379243,0.9771674722161208,,
2020-02-20,387.7894737036,921.6700244285958,90.63487251704294,2.7252107,0.34432715,0.46169782,0.5258761,1.132025122122663,0.3839298675800253,1.6111908825046029,0.8503068521548108,,
2020-02-21,387.7894737036,795.3850427893719,90.60708774413284,2.761825,0.350996,-0.44189346,0.4696238,0.6081361952364776,0.33600984578492593,1.0622618557379655,0.8023923680896519,,
2020-02-22,393.3796307036,775.398630495358,90.62519086598712,2.9769888,0.35722074,-0.052678525,0.58052504,0.9670267943917046,0.40346629381079396,1.438306198726672,0.8698449886338049,,
2020-02-23,387.7894737036,579.997430495358,90.64446487525818,3.3130565,0.3743374,1.1475834,0.8232651,2.015282309795942,0.5156817069849933,2.5366647444850114,0.982050065733627,,
2020-02-24,54.9368420988,663.7864004953581,90.807608680235,3.583314,0.39041308,3.113357,0.6537731,3.1492790257936014,0.6045378546518378,3.7248626271335072,1.0708964467914805,,
2020-02-25,54.9368420988,769.516070495358,91.09944292922088,3.4481263,0.37890568,4.028373,0.70474243,3.9897084490957413,0.6582667973878231,4.605461704005226,1.1246191000822194,,
2020-02-26,73.1375580988,1208.019330495358,91.4951675208648,3.3830209,0.39338085,3.7535744,0.7123939,3.7324205392812324,0.672100660733311,4.335876311596305,1.138454803079545,,
2020-02-27,527.3299420988,4630.236570495358,92.713991166775,2.988987,0.36818352,2.4771004,0.6824847,2.5294376768803,0.6138601145197,3.075394980563804,1.0802238628570364,,
2020-02-28,416.0365849138942,2885.5994092862325,93.0334219270661,2.8308964,0.3448314,1.2579805,0.4791737,1.4561823771230833,0.42104152465901523,1.9508417462179004,0.8874152399182929,,
2020-02-29,472.9980853241997,2454.739695914925,93.27370937315872,2.6993046,0.32968304,0.4630421,0.39145714,0.8243271520548296,0.33250796808704763,1.288786001280419,0.7988881671299642,,
2020-03-01,502.0460116394471,2109.7642867169347,93.36833806657084,2.854239,0.34512863,0.4542379,0.38512653,0.9155696404954902,0.31809189870985966,1.3843895687716996,0.7844711332667862,,
2020-03-02,491.1065962563584,2216.872951037308,93.48258177083255,3.3368444,0.38731843,2.4527974,0.67131287,2.613124077435405,0.5540374725371765,3.163081304997794,1.0204004990678437,,
2020-03-03,465.8614289126625,3026.0350865435285,93.90716758598523,3.5271645,0.40743724,4.418459,0.6878025,4.2995494239828815,0.5985147413131608,4.930112018353584,1.0648649290709733,,
2020-03-04,507.8788394730458,4041.564427793935,94.64766248101208,3.3309917,0.3813407,4.485611,0.6593831,4.356714603948411,0.5873175353992878,4.990009498512073,1.053667344951268,,
2020-03-05,622.0715244556405,3041.2267086598645,95.01220765296412,3.3014588,0.3770995,4.282093,0.6641805,4.115569718385626,0.55510072433298,4.737338711731941,1.021452154672865,,
2020-03-06,520.9394144528077,2456.645885440424,95.23084845667888,3.1084676,0.3680242,3.809514,0.66312873,3.686863407983352,0.550887625765115,4.288141705151649,1.0172421017415634,,
2020-03-07,502.8727374115896,2117.118333106593,95.46545792892432,3.188223,0.37125763,3.3863125,0.6727122,3.3482917982093934,0.5482445660549279,3.9333875297796443,1.0146015958707912,,
2020-03-08,499.99237226403136,1826.897277896716,95.55457174475474,3.4504619,0.40159407,4.01393,0.6980786,3.8928541875167606,0.554830005131104,4.5039781398025,1.0211829914646275,,
2020-03-09,477.24296996460777,1620.563342926973,95.85619613276248,3.7869296,0.47276288,6.6408086,0.8754449,5.991561952844477,0.6847832475042428,6.70299696223928,1.1511238226680707,,
2020-03-10,509.91837763151295,1708.7789597464614,96.16420264726054,3.8066697,0.44145438,6.7518945,0.80260897,6.074999880486146,0.6264181084794699,6.790422937603934,1.0927582943319258,,
2020-03-11,501.9106410098292,1704.326648002506,96.41012685263745,3.6282692,0.45333803,6.4197183,0.77906,5.784674157161242,0.6105995790424062,6.486220637132937,1.0769411538681652,,
2020-03-12,433.7385430884989,1401.340727022976,96.4365270980928,3.7923021,0.46078816,6.016005,0.78321654,5.490411581157486,0.6079311995246638,6.177893315882495,1.0742742805294303,,
2020-03-13,387.7894737036,1697.0453723362882,96.80734979011224,3.9689984,0.4540676,6.6241136,0.80766016,6.1302491656697855,0.6628343528729893,6.8483129497591175,1.129174285320666,,
2020-03-14,394.263646461869,1324.097236831171,97.13709232614389,3.749323,0.47675514,6.9250073,0.7958038,6.196372896213351,0.6228932933338085,6.91759716859,1.0892329270897987,,
2020-03-15,418.1716391798303,1192.1071620853563,97.29817074336364,3.8768182,0.5043711,6.074245,0.7172179,5.503597480391345,0.5468809681862042,6.191709456025992,1.0132239795797187,,
2020-03-16,415.85337758110165,1111.4216215535848,97.18340741644656,3.9394078,0.5134651,5.280169,0.6855348,4.915100461603734,0.5180945491947501,5.575084291416754,0.9844408610005164,,
2020-03-17,387.7894737036,1090.257801148859,97.23577975443996,3.938312,0.5237763,5.160983,0.75485396,4.840195676419993,0.5735131684176602,5.49659931355043,1.0398599287205328,,
2020-03-18,387.7894737036,1003.152479749054,97.20748992551012,4.2056637,0.50048476,4.9708133,0.6988882,4.757492396848385,0.5229977136947437,5.409943099922318,0.9893449766423451,,
2020-03-19,571.6860237036,1667.427804650079,97.54659329374728,4.083753,0.48703033,5.862137,0.7962307,5.4080834955183175,0.6058371087311916,6.091630229174257,1.0721806288606532,,
2020-03-20,496.1949837036,1786.27404649151,97.86757622489117,4.5296903,0.49550712,6.9615855,0.8320638,6.432906178855958,0.6600277657304408,7.165435933594345,1.12636637196542,,
2020-03-21,428.4486497036,1553.2600225636902,98.2350052635102,4.041907,0.4987705,6.907792,0.73164797,6.288183020642215,0.5835151391375945,7.013795503129354,1.0498543664641535,,
2020-03-22,387.7894737036,1335.8979786391328,98.46134524036378,4.0113325,0.49843663,5.6139927,0.66049963,5.2534315309822714,0.5240409533217283,5.929586429384682,0.9903853192974604,,
2020-03-23,412.1207637036,1376.499370907058,98.61625127180794,3.5868783,0.5328733,4.187744,0.6369166,4.049297030225056,0.5053066368930232,4.667898415619147,0.9716585243160627,,
2020-03-24,453.5638037036,1485.8854263123042,98.76986355914,3.861961,0.5101979,4.2588167,0.6491893,4.166007153581185,0.5114799190229189,4.7901868839181,0.9778310048615061,,
2020-03-25,424.6772267036,1424.4632928102424,98.97296008285949,3.9242182,0.5309095,4.634444,0.6810482,4.471332331592511,0.538619712805879,5.11010556173646,1.0049687753037435,,
2020-03-26,387.7894737036,1291.3069593706873,99.0793834845639,4.3707604,0.52422696,5.6793885,0.73435897,5.377159189929926,0.5775894399175908,6.059227847488191,1.0439331269950365,,
2020-03-27,387.7894737036,1110.7112557036255,99.21059179491216,4.428702,0.52830774,7.3992014,0.8048097,6.630480750448013,0.6120034784245687,7.372453894333615,1.0783412754262875,,
2020-03-28,492.7030477036,1150.1300247860836,99.45816061706196,4.324161,0.5067616,7.342856,0.84719735,6.437517347121716,0.6122768675435528,7.170267499940717,1.0786154543831028,,
2020-03-29,427.2055657036,1643.4671286799385,99.93405893389064,4.4878883,0.50185996,6.8833365,0.818686,6.389125745040876,0.6579785151319987,7.1195629446988296,1.1243173067271537,,
2020-03-30,969.4736841976,1665.369526955428,99.938634524443,4.501101,0.48665693,7.6510715,1.0635573,6.4920600659853,0.6956680511897226,7.227417174321023,1.162006410457538,,
2020-03-31,1071.9909682599407,2401.3231083112523,100.0,4.3824897,0.43714732,7.509667,0.97283983,6.544506360692178,0.6859849447081384,7.2823702226361995,1.1523230883600695,,
2020-04-01,1036.404855247623,2216.730867409749,100.0,4.3529058,0.42035383,7.3079743,0.983695,6.366529623781827,0.6835499696310594,7.095886806084574,1.149888857752708,,
2020-04-02,969.4736841976,1844.967221360184,99.98371699188104,4.4123893,0.4660772,7.780498,1.0587658,6.620305681392372,0.7123855792327148,7.361792491758848,1.178723416819429,,
2020-04-03,395.3055358130708,2243.178052640701,100.0,4.470958,0.4846385,7.8077016,0.87744546,7.307780676472142,0.7495093355010712,8.082126441587723,1.2158446972533534,,
2020-04-04,969.4736841976,1565.9034562962634,99.94744852384557,4.628602,0.4621113,8.203482,1.1952407,6.836524590804519,0.7590599885669352,7.588345925933528,1.225396989204628,,
2020-04-05,244.03698190312667,1698.4274989396736,100.0,4.858382,0.5407395,8.603489,0.9178954,8.132981201501947,0.8054477788195258,8.946768730907074,1.271780882587215,,
2020-04-06,969.4736841976,1149.777480495358,99.73392164842328,4.9559374,0.50201756,9.942133,1.3890058,7.661145465024324,0.7878066019801724,8.452380859115598,1.2541409014761844,,
2020-04-07,166.63011497049655,780.0850579304453,100.0,5.1799746,0.59433013,9.289686,1.0017085,8.566341163393572,0.8320013796399377,9.400841817610196,1.2983336095197806,,
2020-04-08,969.4736841976,1155.641530495358,99.72533940676206,4.9207444,0.52759016,11.35261,1.4499216,8.418404456520777,0.8243873953908796,9.245834241845216,1.2907198994435367,,
2020-04-09,328.8258388418609,1603.1355459844272,100.0,4.770744,0.5467094,9.147446,0.921299,8.402517409175394,0.7701332076707161,9.229187847943878,1.2364657426554504,,
2020-04-10,969.4736841976,1776.564959139872,99.98599643650395,4.3591366,0.50150627,7.637324,1.0659391,6.4799780547461605,0.7119812014105816,7.214757684244942,1.1783196107954987,,
2020-04-11,493.1197737480355,1662.7016443648174,100.0,4.652144,0.54584944,6.946234,0.889267,6.421487015773059,0.6971294134968388,7.153470973550541,1.1634680678676177,,
2020-04-12,969.4736841976,1429.3795552244474,99.75796678528312,5.3679595,0.598418,7.7331614,1.208003,6.777287613248337,0.7593425928648747,7.526277623341639,1.2256798174816335,,
2020-04-13,1538.1327002114228,4456.179912242585,100.0,5.744136,0.64024746,8.868992,0.9907273,8.067157930157427,0.7546085970463874,8.877799332197881,1.2209418523401934,,
2020-04-14,1705.186204974995,5167.737227238528,100.0,5.367731,0.6414958,8.45984,0.91927886,7.692681391597171,0.7092909325219181,8.485424095178455,1.1756251441587544,,
2020-04-15,1307.4329668223045,3497.945810328009,100.0,5.1719003,0.58956134,7.1816545,0.88936603,6.634846596252303,0.6669662084395993,7.377028412643453,1.1333039880637026,,
2020-04-16,1201.2739178627694,2772.636261582665,100.0,4.8766747,0.52873576,6.31156,0.8620294,5.877808395448541,0.6223213681609723,6.583806373646902,1.088662486912649,,
2020-04-17,1085.9418227300011,2169.3219777273093,100.0,5.2423024,0.5578199,5.5651937,0.83495283,5.457478543624024,0.5867087024640686,6.143386191730891,1.0530519581980964,,
2020-04-18,1063.225804243887,2396.297002147532,100.0,4.8633227,0.5140012,5.5168715,0.8066613,5.316014311141019,0.5806490110831167,5.995160452506486,1.0469930314765798,,
2020-04-19,1024.916002837348,2267.9590736424016,100.0,5.710287,0.6141852,6.8483415,0.93007666,6.494119057609725,0.6685039458268729,7.229574578706785,1.1348422965704847,,
2020-04-20,969.4736841976,1814.7766304953584,99.94455605370312,5.841344,0.6721809,8.1718855,1.0132495,7.360392806158763,0.7006836649476172,8.137253251227797,1.1670188594927198,,
2020-04-21,521.4249794184282,1969.9403432713625,100.0,5.2526627,0.5999621,6.958559,0.82666117,6.601527100608984,0.6655986166593744,7.342116359005382,1.1319365294585824,,
2020-04-22,969.4736841976,1525.165330495358,99.885878139047,5.10139,0.5937843,6.3910737,0.90531445,5.889873122874381,0.5996656816188837,6.596447753802488,1.066006742015937,,
2020-04-23,332.97767087255,1332.0267708248075,100.0,5.335425,0.6493115,5.409348,0.7431731,5.394564419636959,0.6085640606086133,6.077464987678419,1.074907653587614,,
2020-04-24,969.4736841976,1336.902330495358,99.75673009542707,5.547851,0.6712252,6.222825,1.017429,5.939103102103638,0.6537741881492737,6.648030757754639,1.1201150121565533,,
2020-04-25,228.1845071981715,1038.707783550567,100.0,6.281142,0.8039534,7.5375648,0.92134356,7.311265995246415,0.7691505938605581,8.08577834668544,1.2354859444381932,,
2020-04-26,1368.9056341976,2165.534204861895,99.87873292619764,6.67622,0.8739792,7.6535726,1.0030676,7.275039165692484,0.7016279868102056,8.047819998514054,1.1679634542167983,,
2020-04-27,1350.4392101027056,4882.718336948669,100.0,6.1187778,0.8143787,7.455564,0.83640957,7.165943780461277,0.6785388397327798,7.933510226792714,1.1448746680307116,,
2020-04-28,1709.2720229159586,3375.126446867241,100.0,6.0596833,0.8213499,8.007409,1.1108131,7.352623049461237,0.7873833223689061,8.129112126719715,1.2537185414079077,,
2020-04-29,1573.2364197861718,2985.910257597882,100.0,6.601431,1.0400517,8.504488,1.1410776,7.847795204726825,0.8290332706328583,8.647951818345662,1.2953670666791708,,
2020-04-30,1506.1732760061611,3570.360967553263,100.0,7.2943716,1.1685833,8.633541,1.0096624,8.236218599424948,0.7902238607608973,9.054940523551403,1.2565567368558779,,
2020-05-01,3227.1583918180795,8991.373187365181,100.0,6.7149487,1.0126683,8.731895,0.9315853,8.199179487791955,0.7358643041924224,9.016131068994223,1.2021972605687192,,
2020-05-02,2373.204643963776,5676.820295163862,100.0,6.6259613,0.8725937,9.14033,1.1261919,8.39907643548823,0.8348063977501329,9.225582407476848,1.3011389394724764,,
2020-05-03,1751.1187314900026,4285.905798466589,100.0,7.6968565,1.1414222,10.406006,1.1451313,9.620181291608287,0.8778032946550869,10.50505190158131,1.3441342957235134,,
2020-05-04,1320.498327016584,2746.953971848369,100.0,7.436884,1.3607417,9.424664,1.0564642,8.779330921148368,0.8391747686456361,9.624011757716607,1.3055066477519448,,
2020-05-05,1076.4303109847008,2057.301266375935,100.0,7.662716,1.3996662,8.957674,1.0820236,8.512858594271885,0.8577586850926254,9.34480296450551,1.3240910112033757,,
2020-05-06,941.5079658640076,1703.1419284977178,100.0,7.5286727,1.4415053,8.295269,1.0496485,8.02235707016706,0.8486991082112095,8.830857144244053,1.3150324694715125,,
2020-05-07,756.0454519974405,1226.0148146618135,100.0,7.540511,1.4150183,8.966076,1.1207776,8.422302442928288,0.8786039655442099,9.249918538678406,1.3449364620515931,,
2020-05-08,666.8132000137967,1002.9435317140184,100.0,7.198873,1.2700537,8.825946,1.0766499,8.176178371758498,0.8218610975970904,8.99203057823975,1.2881941046174756,,
2020-05-09,711.6522934303034,1120.7872693001714,100.0,6.8585925,1.0718808,7.5770745,0.9846987,7.29804247344856,0.7321386374749873,8.071922785747997,1.198474030523588,,
2020-05-10,613.3429271319475,916.601600495358,100.0,7.4340863,1.1177903,9.02455,1.1365302,8.38694567627431,0.8151294304671087,9.212871839439428,1.28146199605015,,
2020-05-11,367.43425277920335,974.3784225048964,100.0,7.2956867,1.1990116,9.127049,1.0070444,8.6255596282147,0.8016065269907042,9.46289072262158,1.2679386541358197,,
2020-05-12,539.5762566518262,776.1276304953581,100.0,7.185604,1.2006452,9.979481,1.1164815,8.83369899268609,0.8223208802904812,9.680978437225876,1.2886526781706065,,
2020-05-13,213.5912943867893,631.1760522372116,100.0,7.0483274,1.2799764,9.320961,1.0019345,8.746347474354602,0.8155646173664386,9.589451814914373,1.2818965473978807,,
2020-05-14,472.344005129241,688.0695304953581,100.0,7.3679724,1.3229778,12.385164,1.2263826,10.342926353767131,0.9048748206729055,11.262341707130949,1.3712057133126023,,
2020-05-15,355.6714227602697,1208.2775979839334,100.0,9.360605,1.6730369,13.109257,1.1468078,12.256742885966668,0.9642431583980063,13.267632127515084,1.4305766496074535,,
2020-05-16,958.1622183246336,2462.609719229134,100.0,10.419339,1.7060968,15.55298,1.1969998,14.115041509988105,0.9853568981139235,15.214751073488681,1.4516969212192685,,
2020-05-17,676.4179280586875,1263.2424081183383,100.0,10.772902,1.9355005,15.376749,1.2195121,13.771248873825634,1.0422977282113148,14.85452632451398,1.5086362451326627,,
2020-05-18,670.0937581361776,1214.6317322235095,100.0,10.218477,2.241022,14.462618,1.1523372,12.953659590293823,1.0891982189722296,13.997859068018501,1.5555336969708686,,
2020-05-19,639.7686630690126,1013.630230495358,100.0,10.186993,2.1455195,14.808436,1.2033068,13.020207975345649,1.110591677634568,14.06758823839153,1.5769273744066215,,
2020-05-20,346.43263114540747,969.4427567738217,100.0,9.817067,2.1494088,14.730396,1.0980506,13.436856204653163,0.9872399418017882,14.50415082881922,1.4535771234079857,,
2020-05-21,547.8875603169871,774.505930495358,100.0,10.564263,2.102607,18.109028,1.2916198,14.983118173748034,1.1537561978394808,16.124318834404708,1.6201006256469757,,
2020-05-22,202.20360107974275,629.9946410392108,100.0,11.228587,2.4494953,17.048878,1.2034384,15.634690984936446,1.088211361448747,16.807034598677696,1.5545596616128834,,
2020-05-23,546.6592342866072,2394.913930495358,100.0,11.431628,2.581755,17.023575,1.169547,15.984372648395254,1.0662472022677996,17.17342985032287,1.5325977808304243,,
2020-05-24,229.96451458291284,1482.191230495358,100.0,11.623286,2.755111,15.491865,1.0868362,14.972265306308515,1.011015580740063,16.112947237000252,1.477359948159024,,
2020-05-25,103.4105262964,1233.498930495358,99.9980090175276,10.841582,2.9827142,15.385915,1.0805984,15.034408712482637,1.023359741987316,16.17806088556289,1.4897044570130564,,
2020-05-26,201.4589531959454,1102.177430495358,100.0,10.067692,3.043298,17.81162,1.2547941,16.61490372032711,1.1604544667936056,17.834098152130423,1.6268095070799047,,
2020-05-27,152.93659335056503,901.563180495358,100.0,9.570267,2.7877915,20.467838,1.3201697,18.88733773904998,1.1989343987593952,20.215146749021155,1.6653092910419613,,
2020-05-28,180.14591288599905,819.670170495358,100.0,8.788007,2.4641314,20.595005,1.2837048,18.467631297309474,1.1422282128284555,19.775379774060152,1.6085989939528327,,
2020-05-29,199.7782874259798,696.9084311986784,100.0,8.606927,2.4635131,21.094086,1.3495387,18.31199564659481,1.1837947055565288,19.61230527125518,1.650164013375867,,
2020-05-30,103.4105262964,713.5780330274047,99.98798745975228,8.605185,2.146156,20.006561,1.1897177,18.563429237725387,1.0740496168944513,19.875756528559066,1.5404213186492943,,
2020-05-31,103.4105262964,510.61743049535806,99.85490839126268,7.953251,1.6590916,18.868711,1.0856187,17.030401812303232,0.9450366716711376,18.26945563259383,1.411394900597043,,
2020-06-01,182.04119133690398,604.5230244635111,99.82036607640322,7.8609257,1.5131242,17.048828,1.0726347,14.922394358514133,0.895683304092402,16.060692628376604,1.3620273957465345,2.992628149379497,4857.00737185062
2020-06-02,242.22543095197602,644.2028845087427,99.68924353445048,7.4485407,1.3350687,16.981628,1.129417,14.376616547831429,0.8982174245742789,15.48882850399138,1.3645586842144248,3.148564179682661,4853.8588076709375
2020-06-03,683.7382406896351,610.6345762054474,99.4766161221838,7.4261146,1.6269345,25.434868,2.5956757,15.921941492203299,1.4960215709551052,17.108014698275166,1.9623717324843595,3.2708930292050113,4850.587914641733
2020-06-04,476.06920600979834,350.831830495358,99.44751477983333,8.137431,1.357398,27.284946,2.6448421,16.261205991403703,1.3674484139401744,17.463494880819677,1.8338008954243152,3.260086009798343,4847.327828631935
2020-06-05,323.8995104000829,349.21278049535795,99.33286029023604,8.167788,1.0951965,27.757092,1.902285,18.330780264952693,1.11880676486985,19.631987730158567,1.585176249041598,3.3679104000828577,4843.959918231852
2020-06-06,285.463841100949,332.27537049535795,99.19895276418664,7.643221,0.9394233,28.670208,1.8023244,18.953414248225158,1.0622116508240402,20.28438148946366,1.5285872086989765,3.5841411009489876,4840.375777130903
2020-06-07,254.50816857354977,311.224240495358,99.04024936764704,7.5074596,0.9481746,26.937763,1.5646422,18.196579399865964,0.9606478233117309,19.4913725224634,1.4270160564443235,3.7468345735497657,4836.628942557353
2020-06-08,264.4227863844774,381.3226266585251,98.987603084839,7.8261847,0.94433373,25.568676,1.4315168,18.303399497796317,0.9295787704572018,19.603298255928586,1.395947997709363,3.8278503950432907,4832.80109216231
2020-06-09,363.706622195365,498.12848650509136,98.76358028064196,8.034897,0.91170794,28.784723,1.6715661,20.028002644384046,1.0399350505643938,21.410331537662273,1.5063221336018873,3.9215129332157366,4828.879579229094
2020-06-10,468.0728690302031,565.5456896803928,98.44386581771307,8.012169,0.73430085,30.491959,1.5796087,20.31201400778272,0.9260468218526007,21.707917673387126,1.3924371715576995,4.0812096004072025,4824.7983696286865
2020-06-11,410.1596497741793,502.7276471902284,98.50066416075018,7.90627,1.0157982,31.569601,2.077913,20.937682309769947,1.2319658051730757,22.363490781469245,1.698363676614456,4.266394786518751,4820.531974842168
2020-06-12,186.73732680177056,294.06059049535804,98.46522268547668,7.766998,0.95754254,27.52811,1.4973131,19.85308275216154,0.9884060060787955,21.22705107252527,1.4547911230992387,4.499786801770565,4816.032188040397
2020-06-13,196.86502136082626,255.62178146932737,98.19711393168612,7.553939,0.9264001,25.918684,1.5809039,17.928669884498493,0.9798310011110762,19.21065784806423,1.4461967983484054,4.770866107752257,4811.261321932645
2020-06-14,215.08817086513105,405.283383946312,97.937511078507,7.489395,0.9426128,21.919193,1.2723944,16.91625775143605,0.8931814830243898,18.149855875799147,1.359538816310872,5.015228605630881,4806.246093327014
2020-06-15,251.24219028859054,434.3442307500847,97.67875770899796,7.5900307,0.9249083,21.535526,1.2913003,16.425015400478106,0.8855217473245215,17.635133819693383,1.3518753960903973,5.237001126132679,4801.009092200881
2020-06-16,315.88732645444657,489.4977778622578,97.45995449694578,7.6139402,0.88242304,23.756962,1.4247882,17.425362316143623,0.9325624444373016,18.68329389841285,1.3989238874212262,5.506908616787642,4795.5021835840935
2020-06-17,379.3497138238316,535.199589771616,97.1836591392791,7.88042,0.8439508,27.038694,1.5396087,19.091954062090437,0.9666051328932533,20.429543032857037,1.4329821024944347,5.717799231349327,4789.784384352744
2020-06-18,436.7203714542689,587.7820794180325,96.86026381999882,7.9295716,0.8600133,29.795149,1.6957837,20.47438734437792,1.039690521530771,21.87805190042609,1.5060827802715844,6.000979055527675,4783.783405297217
2020-06-19,471.4797042948871,643.878137756524,96.49499640962756,7.8396807,0.84545475,31.011387,1.7677181,21.21633386223059,1.0812471176526492,22.65546092561483,1.5476484830713093,6.364487907899263,4777.418917389317
2020-06-20,483.34029149085933,667.6855224847,96.11323287163614,7.884236,0.85556245,31.98458,1.8513778,21.864330887593823,1.1324449572432207,23.334429993723404,1.5988547910569904,6.719471419323323,4770.6994459699945
2020-06-21,386.81044116401296,606.5456892378251,95.8084528414871,7.974766,0.84886116,31.58438,1.7973208,22.390853628998975,1.146146963914756,23.88611872233977,1.6125640321128696,7.208571710101249,4763.490874259894
2020-06-22,462.14936518328,580.9065135961501,95.36030558315817,8.046329,0.83763754,34.313828,2.0308938,22.675421345883905,1.1903943762900955,24.184287803345722,1.6568154863537172,100.92870074457645,4662.562173515317
2020-06-23,617.2813276928528,658.21867081951,94.78601376969424,7.9050684,0.8307466,36.392933,2.3821995,22.60616155613426,1.2934008200759515,24.11171763239879,1.759820937882953,113.11433463341335,4549.447838881904
2020-06-24,317.0116117201554,426.4830388289901,94.55929684233122,7.849655,0.834619,31.665165,1.8571918,21.510696265272408,1.1231873628026643,22.963892845294506,1.589592515613988,39.654275405269786,4509.7935634766345
2020-06-25,457.9957424757813,625.1573072508852,94.03502795087134,7.88381,0.8551749,31.211218,1.8473386,21.347557823160244,1.1258659224914642,22.792956943310248,1.5922689640566392,50.20872438071964,4459.5848390959145
2020-06-26,517.1457845525531,669.6363169476675,93.52744056108423,7.870419,0.8375676,31.600447,1.9352401,21.259977490860507,1.1513303019568877,22.701190570504973,1.6177322226582747,65.7466397600328,4393.838199335882
2020-06-27,564.938267870631,717.06940481951,93.04129813764916,7.343589,0.7252143,29.346886,3.1370625,19.650762423955747,1.7835281779099144,21.015060524228684,2.249911064578666,91.62196583120209,4302.21623350468
2020-06-28,506.64147950858944,588.3135715004014,92.67604271153924,7.542866,0.8092169,28.770527,3.0469658,18.94837629511124,1.679391091145436,20.279102739412277,2.145766598096978,124.9040409065602,4177.3121925981195
2020-06-29,545.6495659586078,621.1194656578168,92.34902288021182,7.895884,0.8832917,31.46901,2.5400546,20.44483471382131,1.4138651714475161,21.84708675514949,1.8802570804918899,157.1986222990724,4020.1135702990473
2020-06-30,480.169488608561,534.9343373001327,92.06124018568453,7.603287,0.7373781,30.820457,3.357667,19.83815547536995,1.8034577437025918,21.211410322929382,2.2698426945675942,162.51616062681072,3857.5974096722366
2020-07-01,384.2679449062929,473.5770786917569,91.69420858815757,7.86509,0.79079854,30.306225,2.1923523,20.253816096984757,1.2610719874290102,21.646938101392625,1.7274616602352242,114.43668752955803,3743.1607221426784
2020-07-02,381.0201440686788,494.468053031815,91.24563203093514,8.038472,0.77104014,33.583958,1.8540281,22.46633827253799,1.099591960668151,23.965211273808602,1.5660100919937263,71.93626673657964,3671.224455406099
2020-07-03,374.8794072127339,506.5197126395873,90.84630621310174,7.917794,0.73970515,35.028965,2.0653508,23.497957762826577,1.2278988499647205,25.04613864931817,1.6943321634180122,49.134696510690894,3622.089758895408
2020-07-04,352.9888147020888,492.87714362476265,90.474878439118,7.8359084,0.7255537,34.81425,2.0400822,23.555903143247786,1.2266889257269369,25.10685362084714,1.6931231280339745,36.67121238653198,3585.4185465088763
2020-07-05,368.80534231909394,506.9378845018291,90.06120106247808,7.9898267,0.7355761,35.010952,1.9394045,23.63143449912915,1.164609720251069,25.185995117348607,1.631045086933872,28.516987096580714,3556.9015594122957
2020-07-06,354.5026030079413,485.8466051167203,89.56086720920266,8.086518,0.75474495,35.518135,2.052165,23.94606543555742,1.228434133651907,25.5156643370261,1.6948744207759527,23.13275103894559,3533.76880837335
2020-07-07,381.7626931339488,398.3740139603293,89.08795362482927,8.065426,0.73897797,36.836586,2.4217477,22.75731569333681,1.288444853725929,24.270096420665052,1.7548671441314208,21.52316406834666,3512.245644305003
2020-07-08,383.97338518579096,300.1282042740936,88.72319614450261,7.673455,0.6663372,37.431767,3.7814646,20.728984799743504,1.700634358664126,22.144818243860286,2.167029671414164,17.175667258972453,3495.0699770460305
2020-07-09,343.77604039102386,351.5089283398776,88.50260132643436,8.084254,0.75752914,36.994415,2.7220883,22.700102693498213,1.4262415100460937,24.210148835007026,1.8926629750344783,15.556550422810242,3479.5134266232203
2020-07-10,473.455656916193,219.03393049535805,88.27898472750232,7.9570107,0.6711267,38.706123,17.085081,17.682931706810045,5.423443484138562,18.95317422549621,5.889807119236828,13.062696916192962,3466.450729707027
2020-07-11,722.2159731028064,232.57347049535807,88.28748838161611,7.9279785,0.8209359,42.221054,16.92229,16.281296255760925,4.168546044988202,17.48454539113804,4.634898667981595,11.712423102806449,3454.7383066042207
2020-07-12,390.261095238986,275.70203049535803,88.2742071052262,8.240827,0.81551087,36.99509,3.9707544,20.14480241289757,1.7119102334560916,21.532713935850705,2.1782986487467224,10.37772523898598,3444.360581365235
2020-07-13,292.1980360439306,200.03443049535807,88.2330359257097,8.094628,0.7678583,35.568398,4.879536,19.259474512734624,2.0346696864970335,20.605070388402,2.5010483924511435,9.579476043930592,3434.781105321304
2020-07-14,268.6023101929994,233.8503963127188,88.02356846669653,8.028365,0.72541606,34.239986,4.062722,20.227718320099882,1.9302195297062588,21.61959293998344,2.396608900227325,8.811224962692137,3425.969880358612
2020-07-15,279.9624133802451,314.43924178905627,87.6795593455119,8.040853,0.72667027,33.243504,2.7717614,21.37308742541384,1.5056814352642072,22.819706773282984,1.9720848052110034,8.100992655953531,3417.8688877026584
2020-07-16,300.1730122452543,353.7188308331192,87.28326108105516,7.823879,0.66604036,31.680025,2.8971663,20.72871659010026,1.5967507305754136,22.144537214712923,2.0631460400691637,7.6354823482961915,3410.2334053543623
2020-07-17,313.59274780054784,374.7720479016184,86.8645282194235,7.8719053,0.6844344,31.400715,2.7092438,20.681886595249974,1.5076112951823544,22.095468906189126,1.9740060373818593,7.1006138341026555,3403.1327915202596
2020-07-18,319.8384490779383,382.79303908081016,86.4667397415401,8.130869,0.73979646,33.289005,2.516146,21.83700027667136,1.4115527733262694,23.305793073023867,1.8779622402716796,6.520481889439092,3396.6123096308206
2020-07-19,335.3259348564164,388.5895951027147,86.02314359609235,8.186273,0.72348416,34.659332,2.6919537,22.396708930968835,1.4833621989937706,23.89225388772844,1.9497793494250624,6.0982849626547555,3390.514024668166
2020-07-20,340.0317041699305,329.91377771582376,85.58046928462886,8.296083,0.7825461,36.659286,4.538032,22.26350575396582,2.2697691902377297,23.752684054196962,2.736184479629339,5.72141251459506,3384.7926121535706
2020-07-21,329.41157790944015,363.9439615004239,85.06637960503296,8.346865,0.7960217,34.73368,2.7453704,22.19736680146895,1.4898507571683905,23.683383885855438,1.9562651300396907,5.403032887993088,3379.3895792655776
2020-07-22,321.82846720896794,365.8997277102316,84.57536406699144,8.317385,0.77858764,34.3552,2.7434173,22.17057588075415,1.5043978473307782,23.655312450710653,1.9708118503700394,5.138403664846674,3374.251175600731
2020-07-23,306.04719651321693,353.12679943433466,84.15078902882061,8.121783,0.75271726,33.815937,2.851685,21.88642559118034,1.5671435503175628,23.35758074861439,2.0335536813404826,4.950352455573689,3369.3008231451577
2020-07-24,325.82292979044695,368.2696153991901,83.69574184657654,8.162634,0.74377096,33.370068,2.7806911,21.53712117201971,1.5161202610341513,22.991580772255304,1.9825257586851337,4.713664542828563,3364.587158602329
2020-07-25,345.4041222086329,396.87308367019614,83.21118021707173,8.2853565,0.78905475,33.672962,2.638068,21.85933840911621,1.4575013989554955,23.32919889184049,1.9239111656897323,4.461883049919155,3360.1252755524097
2020-07-26,355.01828886923664,398.67415279066665,82.66401506348281,8.408851,0.80129427,34.711723,2.704349,22.322053049474754,1.4794527220034477,23.814029710297305,1.9458688268865574,4.2284161425389355,3355.8968594098706
2020-07-27,355.57398940735,443.2056447207132,82.10234647825861,8.508584,0.82903254,35.04888,2.5738692,23.234559955870672,1.475031734601694,24.770151327570133,1.9414610560354646,4.440850804027339,3351.456008605843
2020-07-28,336.98645020083245,493.07478159942366,81.58006449806663,8.386293,0.7918444,32.099136,2.1674125,22.47224804500739,1.327018151162128,23.971403513200492,1.7934363659960129,3.8837130597262015,3347.572295546117
2020-07-29,356.0340259585245,486.9873204611682,81.01215650629122,8.384227,0.7948789,31.666088,2.0049722,21.83343695310536,1.2058802017776773,23.302059434772023,1.6722896209542721,3.7434271550368945,3343.82886839108
2020-07-30,367.9151025357726,525.1419447737189,80.55843167688514,8.404999,0.77935994,30.821953,1.9643735,21.586780252508802,1.1988984012811814,23.0436133870407,1.6653045491327738,3.6040119704366074,3340.2248564206434
2020-07-31,347.65679273251794,480.236117263488,80.04520052371467,8.603963,0.82833064,30.84334,2.0552835,21.504365767213102,1.2419159994513902,22.95725977106769,1.708321069769531,3.4343776523931835,3336.79047876825
2020-08-01,374.2739967165151,479.0832011545809,79.56727871740144,8.482206,0.8057393,32.02259,2.1347141,21.69801174408342,1.2494661523806228,23.160161363686754,1.7158737668477135,3.3371448698084594,3333.4533338984415
2020-08-02,367.39111339853247,429.0507555247003,79.11553216157276,8.589558,0.7942737,33.24855,2.6490695,21.873589904329883,1.4733622043778711,23.34413155980908,1.939772162672313,3.201071429696264,3330.2522624687454
2020-08-03,364.88243453433677,426.043733041271,78.57493723845269,8.564664,0.81190073,32.82776,2.3031335,21.634328226092563,1.2959251829249945,23.093433991227148,1.76233195597786,3.105326811320119,3327.1469356574253
2020-08-04,941.838787334837,903.666670495358,79.0610218225843,9.243724,1.1870191,32.620415,6.8711624,20.69030957902721,3.4186214022909316,22.104294479798384,3.8850162463407556,2.892117334836943,3324.254818322588
2020-08-05,125.52746357994593,242.1517204953581,80.09519343071861,9.695548,1.4549394,24.984259,2.3063326,19.764618418029393,1.598096069491562,21.134358445621803,2.064480205535044,2.7274635799459395,3321.5273547426423
2020-08-06,125.43385093495208,332.52893049535805,80.1698068109045,9.72902,1.1550152,25.296478,1.4991851,21.032624734583084,1.1336021823458637,22.462971129644007,1.6000012342881627,2.6338509349520822,3318.89350380769
2020-08-07,125.43002664179473,3186.1122304953583,80.73082476224334,9.448822,1.048704,18.64325,1.1201628,18.29499567845704,1.0784666048231355,19.59449276275191,1.544835753392405,2.6300266417947302,3316.2634771658954
2020-08-08,125.33941800735371,1444.592230495358,80.9831310855066,9.552489,1.1601471,19.338007,1.0907164,18.556755704361592,1.0079012384394204,19.868764023112814,1.474272875720697,2.539418007353715,3313.724059158542
2020-08-09,125.27146527449507,898.972270495358,80.95281089207857,9.50875,1.1266966,21.682411,1.2098966,20.193495687675647,1.0708223377978996,21.583734582713543,1.53721131310542,2.4714652744950687,3311.2525938840467
2020-08-10,125.21758093412731,676.243630495358,80.7484462808476,9.353312,1.049829,24.149406,1.3530589,21.837714758538734,1.1533838542547168,23.306541704682164,1.6197933307799972,2.4175809341273147,3308.8350129499195
2020-08-11,125.14975122216289,913.283030495358,80.5356360045806,9.402428,1.0395409,23.423828,1.286286,21.733998210916127,1.138181690533099,23.19786786062048,1.6045897825192033,2.34975122216289,3306.4852617277566
2020-08-12,125.07253012208932,1777.496130495358,80.72260382287418,9.641931,1.1290973,19.999521,1.1717547,19.318625948768688,1.0972384507525563,20.667049060879425,1.5636177774780573,2.2725301220893197,3304.212731605667
2020-08-13,125.04163876066958,855.924830495358,80.61647457056397,9.441682,1.0966887,22.158318,1.2449628,20.53735597570009,1.095228162982415,21.944030217077966,1.5616211701618625,2.2416387606695825,3301.9710928449977
2020-08-14,124.99447170023619,697.7779304953581,80.4461577925073,9.371039,1.0778371,23.188862,1.2932416,21.08967692850483,1.1089298413841184,22.522750223412043,1.575329607662512,2.194471700236188,3299.7766211447615
2020-08-15,204.19990081290243,645.8951703533901,80.20920532129009,9.291282,1.0358056,24.742397,1.3664967,21.030910932693317,1.0676492305424692,22.46117541388225,1.5340482610842594,2.1554337479847154,3297.621187396777
2020-08-16,267.3538054986862,596.6734660072709,79.86504012070209,9.086673,0.98389304,25.323421,1.4051944,20.299324790827967,1.0170250458073173,21.694621955237853,1.4834152475942322,2.1401664259377977,3295.481020970839
2020-08-17,309.9038636090019,562.0894128887214,79.45188097278508,8.987903,0.9619307,25.264805,1.4392686,19.480041339099454,0.9887395345325967,20.836179555097093,1.4551205756045662,2.1092714442144054,3293.3717495266246
2020-08-18,129.27656785850837,408.94944268362127,79.22943775473246,9.122296,1.0156742,23.200554,1.2771213,19.819095578704253,1.0005652049295914,21.191439428356066,1.4669499440093192,2.0420405739460032,3291.3297089526786
2020-08-19,258.70952972239775,463.4650387020296,78.84435037932931,8.979827,0.9865422,24.781693,1.5568123,19.120882236720437,1.059770307740008,20.459853875348333,1.5261475748901747,2.0188938533755714,3289.310815099303
2020-08-20,294.378657334695,515.2465217306726,78.4074918114808,9.0626,0.98862183,23.965086,1.3547037,18.546561599199322,0.9340715780647526,19.858082674570593,1.4004431169582339,1.9661297977733971,3287.34468530153
2020-08-21,279.60969402350037,509.3123101006887,77.95109900156814,9.126374,1.0032568,24.300379,1.3543932,18.922408926010338,0.9439039432256838,20.25189421883336,1.410279188160585,1.915452537353026,3285.429232764177
2020-08-22,277.14376091436446,511.3618762830281,77.50667265789475,9.192922,1.0075277,25.38958,1.4282583,19.696782489237616,0.9916411642307096,21.063280191319304,1.4580245541062102,1.8646749121684492,3283.5645578520084
2020-08-23,293.8497635648219,509.3241111745696,77.05566040317345,9.232238,1.0123281,27.064793,1.6287985,20.540561477640722,1.0972813938066448,21.947388931053897,1.5636744392076183,1.8177440038896027,3281.746813848119
2020-08-24,296.0506537641024,523.4240708446231,76.5782717207194,9.158408,0.9885746,27.986519,1.6759293,21.184509825325797,1.1284734041899518,22.622115808531014,1.5948743660807367,1.786151756880392,3279.9606620912386
2020-08-25,293.37777754231627,537.0735732576607,76.10338657253538,9.337123,0.9867862,27.567276,1.962775,21.127016989019076,1.316374155578188,22.56187501117826,1.782774391396835,1.7310456191800632,3278.2296164720588
2020-08-26,298.13833739817585,545.2651405115482,75.64534025526322,9.445956,1.0191742,24.98325,1.463715,19.490904715002515,1.0125610650986823,20.84756216323373,1.4789422226174112,1.6944472728233808,3276.5351691992355
2020-08-27,214.432839362457,556.0349156272626,75.30138364422463,9.988923,1.1603777,24.017946,1.3508832,20.113456727088305,1.027010472264404,21.499870033409625,1.4933985284854439,1.5976222854173026,3274.937546913818
2020-08-28,268.5744206340089,494.0560537934049,75.14415426829709,10.292439,1.1195571,24.84172,1.5316551,19.717922255974916,1.0677171205943092,21.085430366643966,1.5341007424344102,1.5359985040320687,3273.401548409786
2020-08-29,195.37595165386293,557.7768940532766,74.92054325958003,10.490359,1.409645,23.488514,1.3161753,20.116652780439708,1.0410802727381827,21.503218847186066,1.5074683655190664,1.4855101557104946,3271.9160382540754
2020-08-30,275.79283750670055,546.439325703416,74.74973624460452,10.566252,1.5835423,24.252636,1.5151321,19.661953539207214,1.1384303143482175,21.026786536534257,1.6048133231634698,1.454285643814659,3270.4617526102606
2020-08-31,285.6703983493052,623.6426515371866,74.4288619335203,10.462472,1.3795401,21.699265,1.293652,18.169106228914952,0.9874327859037267,19.462586227853265,1.453800765467138,0.0,3269.0158955973047
2020-09-01,289.0001487693744,608.1329965414373,74.07459481848582,10.445627,1.2790668,20.787287,1.2974014,17.455851326671617,0.9711965505152614,18.71524017942261,1.4375582490255485,,
2020-09-02,165.26016209879998,575.6824304953581,73.95166673484229,10.720317,1.4072309,20.039537,1.1423639,17.960974376546197,0.9414326788624051,19.24450638440443,1.4077987654679405,,
2020-09-03,116.3368420988,558.5000604953581,73.84121018331574,10.59816,1.3894056,19.959389,1.1567589,18.34558277595812,0.9868513644631599,19.6474977505902,1.45322098788704,,
2020-09-04,116.3368420988,526.382030495358,73.70719693098539,10.457354,1.510221,20.902128,1.2153865,19.0115472075453,1.0322464643719762,20.34529300552172,1.4986226119516968,,
2020-09-05,122.42250568703,455.12035721741097,73.57182812843325,10.327327,1.2578841,21.53878,1.2761928,19.16227396428224,1.0404228738186807,20.503223985997046,1.5068005683793386,,
2020-09-06,178.2629536926568,535.2742116489597,73.3331170814063,10.172678,1.1406429,20.983288,1.217231,18.282473710916896,0.9565630939783272,19.581372287967554,1.4229321254573137,,
2020-09-07,226.58692693868807,540.2202132286259,73.02290278831575,10.116823,1.1140791,21.540272,1.3043773,18.16471098337072,0.9761294861171308,19.45798090459642,1.4424974251938207,,
2020-09-08,254.37662114735264,526.517924644027,72.62387739882018,10.097507,1.0987486,22.928951,1.5527487,18.7491047880307,1.106430804301148,20.070306735468858,1.5728043203023983,,
2020-09-09,271.93245481210124,538.9014372324402,72.16210975099419,10.091441,1.0728359,23.869934,1.6803311,19.248988359162567,1.1733206178892446,20.594083032534325,1.6396992142127202,,
2020-09-10,227.8296021742161,484.5194242144861,71.7977056195786,10.086097,1.0565764,24.21283,1.873766,19.694696202144172,1.3185205602846466,21.061094186834406,1.7849039272952245,,
2020-09-11,211.93418750631253,466.0757624532853,71.5508861658547,10.011746,1.2887031,23.319595,1.6862752,19.15979185515037,1.2271736467568497,20.50062324053334,1.6935513156320625,,
2020-09-12,279.06153652440474,519.5542921985128,71.17835118711048,9.763236,1.0606639,21.728523,1.5873142,17.547474853794583,1.0971535337426757,18.811242997942696,1.5635160065408709,,
2020-09-13,307.26637696739056,523.2462994176514,70.75608485650562,9.682927,1.0005091,21.167334,1.5255576,16.918425586952747,1.0299595497073961,18.152127326443168,1.4963168998651526,,
2020-09-14,320.5770077374312,529.4877532136682,70.3139459977848,9.5703745,1.2065613,20.990547,1.6806713,16.683763794472323,1.1414678245693621,17.90624950243339,1.6078233796571462,,
2020-09-15,340.4534544517437,535.0474400117093,69.76908493028951,9.465965,1.027042,19.73745,1.5735087,15.743207766941296,1.0412614793784047,16.920738111916314,1.5076104716335834,,
2020-09-16,332.6298760407017,564.3329649693195,69.299337231581,9.4456415,1.0088742,18.541512,1.3379571,15.16839731257979,0.9211854068542756,16.318453682727572,1.3875308863893088,,
2020-09-17,333.14581791839186,560.8220302635107,68.72905292091276,9.516505,0.9992337,18.757067,1.2366022,15.313481568333431,0.860512722323928,16.47047246996052,1.3268590528307076,,
2020-09-18,326.10780511667383,573.5444996140546,68.24515465677278,9.241405,1.0601983,18.61299,1.396745,15.21595819079958,0.9698401305202083,16.368287808347535,1.436185886364693,,
2020-09-19,333.6544589395109,562.0900606635709,67.75066400065077,9.158728,1.017699,16.89019,1.4054089,14.010309897877379,0.959931415760984,15.10501364832617,1.42627096571071,,
2020-09-20,351.389287337833,565.1473525790159,67.23349204378724,9.092591,1.0191575,15.501398,1.3370161,13.044337499599427,0.9123269797927257,14.092871071421987,1.3786627571402588,,
2020-09-21,364.34346420467375,568.1233109506661,66.7051443202349,9.23908,1.0483757,15.33036,1.2144047,12.950309873781695,0.8457245719029344,13.994349246507525,1.3120600390234993,,
2020-09-22,366.1334491045574,568.6850299631556,66.17775953375012,9.469767,1.0508478,16.053316,1.0998363,13.474785910115068,0.7855272462042664,14.543893444545994,1.2518645728429694,,
2020-09-23,359.73236207435843,575.2717220511407,65.65850944673274,9.671432,1.0724846,17.1429,1.0550314,14.268336376388277,0.7691665863381933,15.375372910490496,1.235507324617081,,
2020-09-24,370.38440622690416,571.9971914013718,65.04994279986032,9.726155,1.0728177,17.941895,1.080754,14.712861078609883,0.7798108314805715,15.841144373946618,1.2461537955878448,,
2020-09-25,364.3650933156909,579.1274457808701,64.46078389748544,9.871817,1.0774179,18.905928,1.1410892,15.417066252718827,0.8146826615114865,16.579008148173006,1.2810296143094253,,
2020-09-26,352.3490944058191,571.4753411267131,63.92471718690832,9.760556,1.0896279,20.11448,1.3906595,16.165465380859132,0.9553830514167511,17.36317819636398,1.4217348648765598,,
2020-09-27,353.65193470359964,583.8783284773375,63.35405820065906,9.955149,0.9815662,20.126204,1.2347703,16.289513284483643,0.8534912179322983,17.493155165745197,1.3198438989367585,,
2020-09-28,310.0785541582005,515.152286610563,62.89102280214753,10.211599,0.9999541,22.339493,1.6204884,17.7824652614124,1.0791177694962557,19.057465143770123,1.5454822720247632,,
2020-09-29,292.0186609450121,492.2822330911632,62.42794772523198,10.49356,1.1834345,23.114712,2.3142014,18.41547972885248,1.5179160623493677,19.72073553890213,1.9842863467019463,,
2020-09-30,54.9368420988,635.6158304953581,62.99508383816723,10.596641,1.1809193,17.284788,0.9924529,16.752713287625276,0.9183167328891715,17.978494545667,1.3846728088801155,,
2020-10-01,205.5958650840872,373.4802346085932,62.946736075307406,10.815473,1.3065687,20.626999,1.5258062,17.143502970157726,1.0879373181445395,18.3879626391768,1.5542964492226006,,
2020-10-02,272.86662519805685,576.0071670520888,62.64352919192096,10.686196,1.3641412,17.915028,1.2208791,15.591352630955825,0.9373264875755276,16.761624819521554,1.4036745151024874,,
2020-10-03,287.4607088707384,564.4741050427485,62.27477689271195,10.578044,1.4621428,16.35716,1.2083899,14.40716517406565,0.9404511043144393,15.520837250134342,1.4067925134692691,,
2020-10-04,317.072945234782,578.3401140765937,61.846967961443525,10.36587,1.3589984,14.565365,1.1788313,13.078290205474628,0.9007280034858486,14.128446600576503,1.3670638953390717,,
2020-10-05,319.4954632768034,568.9804750056626,61.40103642790983,10.550699,1.2960826,13.395023,1.0066466,12.372205945163303,0.7954901304867412,13.388613926250596,1.261823912467647,,
2020-10-06,325.72011977920545,557.4097181032741,60.93738977174543,10.772426,1.3305041,14.116829,0.94478136,12.883330302558392,0.7722755560034195,13.924168280737959,1.2386108083043128,,
2020-10-07,296.84675215880486,513.6090565549118,60.527603571385846,10.838786,1.2829785,14.642462,0.942293,13.249284318704872,0.7598821903971176,14.307613647905017,1.2262186789699698,,
2020-10-08,289.1082577211804,522.1912798704733,60.10610408110133,10.5759115,1.5292479,14.01762,0.99092984,12.791160165720038,0.8389116188424686,13.827592726426584,1.3052465839201852,,
2020-10-09,298.42655075070286,512.5083048520622,59.602701818926086,10.67771,1.307452,13.725115,1.0109726,12.603660208492444,0.7998345975003381,13.63113091218005,1.2661690082734511,,
2020-10-10,305.32689716515813,520.2079809973719,59.13673106420633,10.715806,1.1297176,14.744432,0.92774427,13.25443118604152,0.7185794247466997,14.313006517906672,1.1849159317990614,,
2020-10-11,302.91062834894035,515.2890325874195,58.67724149281679,10.717637,1.2466024,15.612913,0.93594664,13.800603470647095,0.7486240422746936,14.885283970719838,1.2149626825225823,,
2020-10-12,275.05266442745994,471.74965809638326,58.274747407510894,10.567477,1.3913661,13.880836,0.8951807,12.660501847741138,0.763132954933406,13.690689387481408,1.2294675294997717,,
2020-10-13,225.5534603759828,402.9828843449066,57.933773636086784,11.329095,1.5375438,12.7693405,0.9049234,12.252501054704968,0.8006566107730436,13.26318755121905,1.2669900915906385,,
2020-10-14,219.53776259820225,398.42582692125336,57.52639388435557,11.384393,1.6939692,12.686136,0.89827347,12.223678809828563,0.8352129597868168,13.232987701561466,1.301546370539212,,
2020-10-15,252.51706376987056,449.1476431309461,57.03647348663882,11.46947,1.4222573,13.810884,0.85988426,12.968249672259459,0.7516354396529359,14.013146506028393,1.217970965181982,,
2020-10-16,250.3505812667812,471.4578133615176,56.59085693901974,11.479367,1.4805763,13.272215,0.89243555,12.650387198860564,0.7768404706076899,13.68009129295954,1.2431750157576866,,
2020-10-17,241.6130277608048,451.1358835962243,56.23364019520776,11.85625,1.7317201,11.090071,0.9856593,11.357294310761217,0.8813680741514073,12.325192985025954,1.3476998223216337,,
2020-10-18,267.8464644679574,459.53134519857895,55.81889951782552,11.924954,1.7234707,9.659439,1.127502,10.49368267063654,0.9540260271815586,11.420303660612024,1.420356972514017,,
2020-10-19,275.73022603972856,469.4159495745947,55.39609172016139,12.480118,1.247304,10.302533,0.9616075,11.1083158630978,0.7615727846484296,12.064314218654472,1.2279042138450222,,
2020-10-20,272.5781225413904,489.33648443424767,54.98247994025868,12.781392,1.1508244,13.16242,0.7501813,13.026105856851283,0.6337499564556189,14.073768018472233,1.1000856728609172,,
2020-10-21,275.1191738030738,473.85290006151376,54.51959165562062,12.890662,1.1878474,15.083555,0.793291,14.278041986517707,0.6650416004007457,15.385542415607144,1.1313823848643436,,
2020-10-22,280.92812534699584,464.730105086137,54.09427236784394,12.936645,1.1774286,16.408121,0.87039924,15.100235859516728,0.7007555621271395,16.247034345206366,1.1671006501822483,,
2020-10-23,274.0270393577504,446.53815100993705,53.77743827343438,13.048422,1.1359496,16.980583,0.923687,15.485203533028075,0.717131569893876,16.650402157565395,1.1834789387213833,,
2020-10-24,274.1122442500531,439.54931871318536,53.454445321649466,12.901643,1.3956012,14.882788,0.9636559,14.121844276515716,0.7997551632576139,15.221878989002219,1.2660952175303333,,
2020-10-25,275.86170207479825,442.5166590823491,53.12634444744958,12.986437,1.5323601,11.257761,1.096681,11.921583140411125,0.8958921058567053,12.91645289180826,1.3622248394024046,,
2020-10-26,263.2802058932097,417.6106502416159,52.85075608441596,13.248417,1.3073156,9.29535,1.278338,10.82388322871854,0.9328736568233298,11.766286676636204,1.3992048083913766,,
2020-10-27,252.8561065275508,415.80689421377406,52.57028928529719,13.3198185,1.336003,9.5397,1.0764356,10.96915827563984,0.8386346324075356,11.918505374202438,1.3049659142140562,,
2020-10-28,255.35939053172143,450.9841071435726,52.37104475685413,13.354047,1.3395351,9.677652,0.97389084,11.006753359314994,0.7881395330344688,11.957897374364899,1.2544708524765662,,
2020-10-29,332.2387474072,789.110090495358,52.48678475912597,12.967114,1.6482611,7.9374413,0.981767,9.427657626042082,0.8460564521077506,10.30332626291027,1.31238758283236,,
2020-10-30,38.7789474072,1757.334200495358,53.09882039865973,12.068776,1.457901,7.4338136,0.6847865,7.533884644573579,0.6707406064325399,8.319037406466661,1.1370752720343646,,
2020-10-31,38.7789474072,575.886280495358,53.44017831060343,11.638696,1.3849286,4.5475235,0.826857,4.994902302519379,0.7796026984584676,5.658700387539221,1.2459485395054735,,
2020-11-01,45.75411912550294,426.3331904669338,53.74154822452509,11.522887,1.1762938,3.4924684,0.8773828,4.27076663850473,0.8005075957611183,4.899953514118606,1.2668579753609215,,
2020-11-02,38.7789474072,273.92098049535804,54.11936815706936,10.989486,1.0848855,3.6971464,0.9147192,4.601493420375762,0.8124984591579336,5.246487905630127,1.2788466915119996,,
2020-11-03,159.7180550693319,282.46259568394817,54.31643964150874,10.919024,1.0535308,3.0821176,1.2201613,5.912850940551575,0.8673674976188621,6.620523832618913,1.3337084473373584,,
2020-11-04,210.63227863124,335.3330734484341,54.41839175592674,11.320631,0.9650614,3.4798408,1.5899936,6.504801066440867,1.0451433865403514,7.240767151045435,1.5114816931383903,,
2020-11-05,237.644448595103,357.01794670936295,54.44487563662451,11.543812,0.8600308,4.7223654,1.6115841,7.448414454587021,1.0267786409401403,8.229482033563974,1.4931135628218084,,
2020-11-06,262.6086630367829,367.66329535146775,54.413346725808495,11.4866495,0.8538318,6.1619887,1.5089413,8.380558083616034,0.9494010782805651,9.20617894168698,1.415733656495382,,
2020-11-07,275.5035230440858,379.769869082549,54.33859424432072,11.474845,0.8593466,6.873564,1.6261917,8.808129074642554,1.0093559118106297,9.654186364506254,1.4756877474712287,,
2020-11-08,279.3459232097285,393.7079900090123,54.23173591766685,11.538041,0.8535055,6.971253,1.7720823,8.866663731281472,1.0954504515603471,9.715518777641797,1.5617822018373848,,
2020-11-09,272.81317022331285,397.1149086701967,54.10972998068435,11.588729,0.8361797,6.9970098,1.6851356,8.866884294002839,1.0553463416651647,9.71574988250729,1.5216780916278823,,
2020-11-10,275.4797191080252,416.97967408452615,53.96656734392018,11.676412,0.79323435,7.2714634,1.525071,9.023875036307395,0.9710618158843136,9.880244245647997,1.4373933562368264,,
2020-11-11,101.71763461893178,525.8347271556895,54.02564567902812,11.50187,0.83592737,9.207478,0.6373435,9.579367153502904,0.5509588872460242,10.462286987190643,1.0172899122598946,,
2020-11-12,38.7789474072,433.681570495358,54.254452468764256,10.481282,0.92387664,8.974409,0.7165927,9.098091298358687,0.6621323155994001,9.958007791329742,1.1284637666733628,,
2020-11-13,72.96658338804114,353.0927268578409,54.34845955923241,10.505495,0.8701855,6.4152503,1.0339187,7.1157424134079195,0.8697138218136695,7.8809094059989935,1.3360498207526819,,
2020-11-14,126.7694982241904,404.74915561671537,54.34947044225841,10.179774,0.9221962,5.0435305,1.0323435,6.268546834035334,0.8163147073354009,6.99322077392561,1.2826540207779167,,
2020-11-15,134.09085388881357,431.21852705708943,54.326530159094254,10.464879,0.8798261,4.575306,1.1071999,5.972307142427236,0.8699752318584922,6.682821837703371,1.336315897993702,,
2020-11-16,38.7789474072,254.58309049535805,54.56176721066266,9.74982,0.8262462,5.132948,0.8910567,5.743243075511819,0.7809449438269084,6.442809291405738,1.247286724726942,,
2020-11-17,109.9582185371208,365.25428004077423,54.65820048774689,8.96526,0.8702419,4.0466404,0.94960564,5.184747246552539,0.7571460436852145,5.8576192709446895,1.2234907940914366,,
2020-11-18,148.3304558694865,397.5418499002562,54.61431125568126,8.065011,0.9033139,1.7391208,1.1973952,3.458061635005819,0.9059132101512004,4.048403989545523,1.3722693976142089,,
2020-11-19,166.16791572022996,411.8468477256051,54.52200712830479,9.032873,0.9040106,-0.2614708,1.3551601,2.410470926463696,0.999940761192479,2.9507420261447788,1.466305549419087,,
2020-11-20,153.82828028767673,430.63313457072087,54.55530386419069,10.038652,0.73959506,0.79431325,1.1042668,3.2273922550831546,0.8365893436744924,3.8067094017663847,1.302947317196527,,
2020-11-21,176.23678178062536,437.3921743546461,54.56914732635308,9.183135,0.797125,2.4363046,0.9455484,4.374022266889416,0.7118043911867507,5.008144408578373,1.1781540869679765,,
2020-11-22,192.46798583562824,435.60472041038383,54.54577586666171,8.790661,0.8722471,2.1908393,1.0325718,4.2133031731371835,0.7644043488388537,4.839743491535521,1.23075511427602,,
2020-11-23,89.2287304072,722.754730495358,54.89412671963312,8.613129,0.7017349,3.5348372,0.7802794,4.09288986341541,0.6988024295945992,4.713574837221354,1.1651540157922495,,
2020-11-24,38.7789474072,436.793110495358,55.22620932770319,8.32304,0.75189894,3.545783,0.8191872,3.935328630253982,0.7548832633962373,4.548482715710942,1.2212359486060973,,
2020-11-25,166.2195636460237,559.3433971493183,55.31052059305102,8.632224,0.71237147,2.8489642,1.0610214,4.173853967186839,0.8340732303067767,4.798408748391115,1.3004242628110259,,
2020-11-26,41.2715769072,525.370350495358,55.67202890879144,9.132333,0.6942965,4.5769033,1.0407014,4.908699753163684,0.9662257665106528,5.568377650992997,1.432572116390329,,
2020-11-27,38.7789474072,420.6250504953581,56.01614458951681,8.709739,0.6813917,5.6794076,0.94290507,5.935202174430675,0.8652269973307423,6.643943379073562,1.3315678399681612,,
2020-11-28,85.88059823153054,462.575741975176,56.25659426893811,8.007639,0.72501075,5.163186,0.9404884,5.608587639801452,0.8013038987045742,6.301717786164996,1.2676463629270969,,
2020-11-29,107.9514542930911,437.86455560120737,56.43564354077592,8.085066,0.7338456,3.542179,1.0148823,4.44067094508942,0.8269948170191294,5.077978665769227,1.2933440778894356,,
2020-11-30,510.4997474072,453.8981504953581,56.94938371103188,8.7764435,0.81240207,0.78156435,3.5566945,5.013618140507991,1.7283300555681995,5.678310778606797,2.1946757872630416,,
2020-12-01,213.6961474072,669.445930495358,57.92784598150475,7.5922623,0.664756,4.474836,0.9111676,5.229167511006838,0.7091730032661799,5.9041626721968266,1.1755175044329027,,
2020-12-02,38.7789474072,760.3084304953579,58.71231438790514,6.7365437,0.6663031,4.0501347,0.75333303,4.180503522186247,0.7175034809773507,4.805376129389128,1.183854468340079,,
2020-12-03,38.7789474072,675.162130495358,59.41182197891764,7.127458,0.6702828,3.1946902,0.7713973,3.408305332507926,0.7304054615383382,3.9962695058716426,1.1967620291143417,,
2020-12-04,38.7789474072,656.2368604953581,60.0633509104546,7.780529,0.64143825,3.218965,0.8629723,3.4734810620057215,0.8156077290839749,4.064560412447348,1.2819637993249962,,
2020-12-05,38.7789474072,542.5264704953579,60.66724233071407,6.939928,0.614768,3.7081885,0.85884464,3.9237782273589237,0.8025994913079937,4.536380243040576,1.268952258200493,,
2020-12-06,38.7789474072,495.479170495358,61.20728303858441,6.3780146,0.6194416,2.8968382,0.79754275,3.1495182150905197,0.7410186783192538,3.7251132488611907,1.2073772685539867,,
2020-12-07,38.7789474072,484.1132704953581,61.6746417781186,6.135366,0.6461637,2.0248842,0.7061673,2.3297274587752588,0.6555500789875165,2.8661392967085706,1.1219155822132725,,
2020-12-08,38.7789474072,442.24687049535805,62.086416572860905,5.8689613,0.6583582,0.8563703,0.6170998,1.2604712519652583,0.5698281190710661,1.7457762982825447,1.0362037938192787,,
2020-12-09,38.7789474072,439.080460495358,62.45433695135317,6.1041017,0.6288839,0.3235666,0.6121009,0.7926649478474217,0.5647387862122358,1.2556104519437277,1.0311193221677701,,
2020-12-10,38.7789474072,460.33391049535805,62.72014934885885,6.19374,0.6118605,1.0083171,0.6778758,1.411202420350356,0.6270125095730269,1.9037119012677268,1.0933866713020766,,
2020-12-11,38.7789474072,456.2298104953581,62.847378072778135,6.7926993,0.6171624,1.0035834,0.7917035,1.4571023188590333,0.7312815465923274,1.9518056580241652,1.1976552527444309,,
2020-12-12,38.7789474072,477.335930495358,62.94561419407305,7.0393257,0.6346012,1.6799777,0.8544379,2.0826590843008415,0.7916758083360362,2.607261898495264,1.2580435457083896,,
2020-12-13,38.7789474072,477.479970495358,63.03469407963972,7.149883,0.67345065,2.5076828,0.9428154,2.856383080607367,0.8734616445719166,3.4179672569820725,1.3398226184348327,,
2020-12-14,38.7789474072,454.547500495358,63.230513179897976,6.0507097,0.59170073,2.8117042,0.83422756,3.066312901159811,0.7700573200122234,3.637931005347731,1.2364165768434143,,
2020-12-15,38.7789474072,437.79773049535805,63.380071085287696,5.21465,0.6484719,1.7938424,0.7203078,2.0721928636494034,0.6637970583250324,2.5962954282736725,1.1301648918806122,,
2020-12-16,42.06423357809688,303.50598489817673,63.41536581021656,4.643315,0.7132513,-0.030648887,0.39458948,0.5382852726052166,0.3572680166883584,0.9890722977783644,0.8236513010576999,,
2020-12-17,60.1263594072,162.49790049535807,63.36274848056568,4.7622895,0.5855244,-0.89367807,0.5947773,0.6338856404857435,0.462044550983046,1.089242036450071,0.9284267937719501,,
2020-12-18,38.7789474072,387.376430495358,63.30459233688709,4.194325,0.65492934,-0.42454064,0.39844847,-0.004236787731029229,0.36706121001951075,0.42061953747693387,0.8334506031653032,,
2020-12-19,38.7789474072,421.9160904953581,63.30589817352649,3.9916258,0.6385123,-0.6347492,0.35855654,-0.24532463836763366,0.3327445058545223,0.16800851169748937,0.7991367216405817,,
2020-12-20,38.7789474072,411.779400495358,63.31254800973674,4.872557,0.51290506,-0.8985951,0.52862525,-0.40187982809960304,0.4851398507334603,0.003970519053475896,0.9515339350450168,,
2020-12-21,38.7789474072,428.53636049535805,63.32182449030756,5.5329027,0.4898792,-0.8564459,0.7977709,-0.32624240322731995,0.7326985371259758,0.0832231542810517,1.1990917151870786,,
2020-12-22,38.7789474072,438.278610495358,63.344259758639,5.417959,0.50295293,-0.04591328,0.7891402,0.3982327584795463,0.7261446242213809,0.8423257522230565,1.1925294533521344,,
2020-12-23,38.7789474072,440.123230495358,63.48333557541409,5.46902,0.4956201,0.77435094,0.88171536,1.1545002256368693,0.8113119511452384,1.6347402191394902,1.2776887051689767,,
2020-12-24,476.9965074072,1919.709930495358,64.37996736705354,6.660263,0.902353,2.3329139,1.7596331,3.194150118527002,1.4208233249473943,3.7718784047154075,1.8871815608775955,,
2020-12-25,38.7789474072,7973.8189304953585,76.34007505844644,5.7175293,0.7562372,4.2817173,1.0248541,4.288666267372548,1.0199006053751438,4.918708684059486,1.4862508655595892,,
2020-12-26,38.7789474072,3765.239630495358,82.10579756676469,4.525514,0.5950867,2.1765962,0.5920026,2.200541517285834,0.5859989867101377,2.7307787088160005,1.0523656494087246,,
2020-12-27,54.9368420988,4212.748930495359,84.44146618012942,4.7572484,0.5472149,1.8313919,0.54206926,1.869055742659903,0.5351376892385232,2.383449047290384,1.0015074144069396,,
2020-12-28,54.9368420988,2830.667830495358,85.90657671510927,5.2865505,0.56509596,2.3834176,0.53267837,2.4386881553950803,0.5226478469444448,2.980307942163311,0.9890123870599177,,
2020-12-29,387.7894737036,1765.257730495358,86.67692503890022,4.5256653,0.60481656,1.2074016,0.53130955,1.8050604825022913,0.4490285452177209,2.316395032454092,0.915398876084142,,
2020-12-30,387.7894737036,1429.253030495358,87.12673703504457,4.6760445,0.6161873,-0.08533341,0.630816,0.93083006445557,0.5133193310173952,1.4003793888319216,0.9796984051919847,,
2020-12-31,387.7894737036,1238.526230495358,87.47037484571656,4.940332,0.619998,-0.03142637,0.7466188,1.1540725658238569,0.5874949161819957,1.6342921186492978,1.0538716745873051,,
2021-01-01,387.7894737036,1096.101430495358,87.54946374845896,4.6128917,0.77605695,0.3910675,0.6899518,1.4943689457061007,0.5485155271147412,1.9908535022449314,1.0148888651509558,,
2021-01-02,387.7894737036,2420.357530495358,87.98664220188058,4.8831124,0.6456588,2.3925853,0.6171627,2.736513217393901,0.5393567623627014,3.2923680240616315,1.005718739254397,,
2021-01-03,387.7894737036,1824.271230495358,88.32258544109112,4.829669,0.7755109,2.297446,0.6265367,2.741362138877629,0.5342868922357898,3.2974487074170726,1.0006488282345236,,
2021-01-04,984.8493428377932,2630.1208987980194,87.81434556730878,4.861669,0.67743224,1.3836439,1.119608,2.331184398880737,0.8352316197707337,2.8676658735707896,1.3015971100289534,,
2021-01-05,645.5804999242048,2131.1247899815644,87.56762597289504,4.8379984,0.6431283,2.1211448,0.9154207,2.752809832937296,0.718321665107866,3.309443562120807,1.1846835046701272,,
2021-01-06,472.8026928419467,1739.685131730751,87.42015147005924,4.7109475,0.6506846,1.9337213,0.71128064,2.527207069585947,0.5763080895509911,3.0730577578657305,1.042671857237199,,
2021-01-07,387.7894737036,1453.2046629145725,87.2752962244213,4.5672507,0.65686035,1.4141433,0.59324133,2.078318095931592,0.48829330305087,2.6027134257208906,0.9546610803011475,,
2021-01-08,387.7894737036,1208.1058943286664,87.06026715433194,4.3738394,0.6733266,0.17834383,0.5165539,1.197814809253972,0.4238843532754001,1.6801250917899935,0.8902606646045799,,
2021-01-09,387.7894737036,1049.4925449925065,86.69489288048082,4.3050885,0.64873064,-0.6797949,0.5238247,0.6651640467098149,0.42063894942434077,1.1220154435717702,0.887020853699116,,
2021-01-10,387.7894737036,872.7591154666784,86.29698842899126,4.3369927,0.6390202,-1.020336,0.62127817,0.6277683910421185,0.4729435763674659,1.082832403393812,0.9393258854917833,,
2021-01-11,387.7894737036,765.026460495358,85.95075236878394,4.372483,0.6018297,-0.8545352,0.7702684,0.9037528954348777,0.549791838230525,1.3720080236907122,1.0161711971607155,,
2021-01-12,387.7894737036,869.9758654715594,85.66798017582362,4.434199,0.59931254,-0.39246392,0.80174845,1.095674572382838,0.5845302503955461,1.5731029007453523,1.0509076090791263,,
2021-01-13,387.7894737036,863.858106240663,85.45192947278541,4.4349084,0.5896172,0.1346035,0.7828893,1.4669377745297736,0.570376747125353,1.9621112148551436,1.0367503559695894,,
2021-01-14,387.7894737036,788.5268979310669,85.30934808639232,4.4880757,0.5764951,0.4891411,0.80823,1.8074469566391325,0.5741519097784689,2.3188955718969204,1.0405222179734888,,
2021-01-15,387.7894737036,761.6012904953581,85.16074900774093,4.5111604,0.6405564,0.7891555,0.81081104,2.044911456361399,0.5790921160166168,2.5677100629741267,1.0454602008736293,,
2021-01-16,399.8395707036,750.150430495358,85.18755349553832,4.533304,0.56625086,1.4116681,0.82389873,2.4970285068349543,0.5723642491428016,3.0414367629754966,1.0387282791649857,,
2021-01-17,387.7894737036,733.115680495358,85.14299684439972,4.560421,0.53808564,1.9234698,0.80277014,2.8357520720820633,0.5570676923982945,3.396350156772834,1.0234288377235652,,
2021-01-18,387.7894737036,657.255880495358,85.06297990485638,4.484761,0.54752636,1.9610997,0.78697777,2.8975656672893977,0.5350282997429295,3.461118230531874,1.0013889327968206,,
2021-01-19,394.9830287036,627.914430495358,84.957893148567,4.3556213,0.5412949,1.6954868,0.7581585,2.7226747913550207,0.5101832787928696,3.2778681685623856,0.9765453725376028,,
2021-01-20,63.4084020988,588.057230495358,84.71485541550513,3.917263,0.49211282,1.5999775,0.7164882,1.8255233483581261,0.6485222547271704,2.337835953349028,1.1148923914087352,,
2021-01-21,110.5090160988,547.178270495358,84.65007585736251,3.9593482,0.44948417,0.3619054,0.42794803,0.9663717936791243,0.3639636155690782,1.4376198912190383,0.8303423172433655,,
2021-01-22,116.1253800988,511.622000495358,84.54774847644302,3.976502,0.41657147,0.21321034,0.47653618,0.9093720180648593,0.3959541095445578,1.3778957211743972,0.862333409312611,,
2021-01-23,114.2951620988,489.5688304953581,84.36570150993967,3.452476,0.39442712,-0.19286567,0.43511948,0.4970991650228678,0.3605760552963477,0.9459176350412448,0.8269597916153211,,
2021-01-24,143.4068620988,537.4908304953581,84.15647501676912,3.171782,0.38181862,-0.57192934,0.3229554,0.21655020176258494,0.267318824175131,0.6519593903457754,0.7337056906587633,,
2021-01-25,144.9674720988,481.74795049535794,83.96034055804776,3.3255424,0.35959607,-0.73993194,0.31287315,0.2004654452386333,0.2544793980259141,0.6351058374429684,0.7208664466994349,,
2021-01-26,161.9216320988,428.381930495358,83.7763071713256,3.3617458,0.35154784,-0.9451935,0.34648025,0.23620989662777855,0.2692969524859771,0.6725587514222203,0.7356835966886085,,
2021-01-27,155.27763209879998,434.00878049535794,83.58341467859091,3.4232378,0.32753754,-1.0090533,0.38400555,0.15886035061766055,0.295695406755496,0.5915121615190144,0.7620829280565131,,
2021-01-28,153.3455420988,403.12887049535794,83.36517667971327,3.1029224,0.34130117,-1.0270977,0.32692808,0.11099627526983724,0.2548288106815052,0.5413603469847216,0.7212168781592236,,
2021-01-29,158.13822581194228,386.6523434442661,83.12026357901215,2.8259,0.34597367,-0.98419917,0.2718189,0.1217714004371411,0.21749156607749276,0.5526504863020998,0.6838795103718518,,
2021-01-30,142.42145664781788,422.7184305411396,82.88328407270235,3.054711,0.33076492,-0.8794209,0.25985378,0.11202357809946498,0.2114878706311308,0.5424367513779464,0.6778759263587956,,
2021-01-31,123.85187056847434,454.3655745402356,82.65623757793182,3.015555,0.33714703,-0.66656196,0.2402718,0.12213278571991981,0.2021459779101445,0.5530291445660616,0.6685339180753764,,
2021-02-01,129.7897720988,469.990960495358,82.49126219947169,3.2205138,0.33694533,-0.69363606,0.24126501,0.1533678423843228,0.2026294198257972,0.5857571301673232,0.6690170036687506,,
2021-02-02,143.7611020988,442.835230495358,82.34518411172978,3.4069123,0.31332824,-0.9284313,0.2914734,0.1340604942912001,0.23305416282977973,0.565526956834217,0.6994419667948264,,
2021-02-03,137.0668120988,412.987130495358,82.20684642115191,3.6495085,0.2996195,-1.0987337,0.34672734,0.08447104198025088,0.2708219554914788,0.513567298215867,0.7372103267765231,,
2021-02-04,141.9669170988,405.787010495358,82.04036105364231,3.762639,0.3078687,-1.3469635,0.37244752,-0.022656225508208866,0.28722278667284606,0.40131971353770324,0.7536123931275065,,
2021-02-05,151.8331420988,411.34249049535794,81.94807126374138,4.0000033,0.29773554,-1.3181967,0.47434124,0.11559942702521615,0.3556352524511162,0.5461835136589205,0.8220232672884527,,
2021-02-06,153.3624170988,396.898400495358,81.86832149267862,3.6058416,0.30880192,-1.3550578,0.45301166,0.027587465921554487,0.33789807766810825,0.45396488166834215,0.804287103182782,,
2021-02-07,164.9582020988,448.053866495358,81.75198742419722,3.0936537,0.32422787,-1.1801441,0.2993207,-0.03008842150226537,0.2355308130733888,0.39353228398082185,0.7019205057074697,,
2021-02-08,171.8183120988,438.292590495358,81.49471775523081,2.9330895,0.32625702,-1.10622,0.24016221,0.031322917903913325,0.19546837588482857,0.45787887548645395,0.6618573583238097,,
2021-02-09,175.2092920988,411.9275304953581,81.25639080412888,3.088263,0.31779343,-1.0941017,0.24719475,0.15397055456634823,0.19766364010753656,0.586388649931381,0.6640512170858592,,
2021-02-10,168.6397903731943,393.24916539636274,81.0141507863928,3.2984004,0.30835965,-1.2939018,0.27764428,0.0843863338010676,0.21522872469606502,0.5134785412752791,0.6816170969526048,,
2021-02-11,162.76543528158285,398.5863589944855,80.75759610783483,2.9721572,0.32084852,-1.1652167,0.2787786,0.03442581180941045,0.21871755569011436,0.4611300771139216,0.6851065023599321,,
2021-02-12,178.9869320988,483.594572495358,80.42148861259537,2.856486,0.3233024,-1.0596575,0.23531304,-0.0017671988637233066,0.19267688574722205,0.4232071642502298,0.6590662503230873,,
2021-02-13,177.1075020988,549.171877495358,80.20421424577742,3.131524,0.30785003,-0.9109018,0.2361871,0.07486756024676978,0.193728106880138,0.5035048028833855,0.6601165883572157,,
2021-02-14,160.4112220988,501.69916149535794,80.05380884166645,3.46952,0.29448056,-0.96529925,0.26143587,0.10913608392746364,0.2105528809097231,0.5394112448549285,0.6769409696669532,,
2021-02-15,195.43426977064544,464.1199957345468,79.80905728893458,3.2591462,0.3439759,-1.0332042,0.3340504,0.23867351124180897,0.25621298979718216,0.6751401183933561,0.7225996061762814,,
2021-02-16,289.9636520988,492.469750495358,79.75591738919483,3.4998703,0.3013912,-1.9454252,0.47416452,0.07255842396370311,0.3186589494178523,0.5010852977793758,0.7850474574060902,,
2021-02-17,218.0095520988,610.108510495358,79.8568994475598,3.2627025,0.31319705,-1.5404569,0.33710876,-0.2759818515878058,0.2616905200492917,0.1358859884818338,0.7280830995304586,,
2021-02-18,179.0900860988,604.616633495358,79.92950639620143,3.079009,0.31726515,-0.8580042,0.22962867,0.04166913173538414,0.19141600264054426,0.46871960297230636,0.6578048658545403,,
2021-02-19,176.5498520988,583.915990495358,79.96580443271586,3.4151187,0.29630786,-0.8603145,0.22302106,0.1322706532069225,0.18454497828397448,0.5636515674643766,0.6509328026764953,,
2021-02-20,171.2285980988,595.535688495358,79.91701511632779,3.303801,0.30498275,-0.8599515,0.24377096,0.06986947419612813,0.20121074371219042,0.49826782540462566,0.6675992825799048,,
2021-02-21,169.9945520988,573.461295495358,79.83016260823109,3.413414,0.30244985,-0.99398375,0.24728578,0.013787742609356113,0.20289265601882037,0.439505578753815,0.6692818408045498,,
2021-02-22,209.2904620988,511.354435495358,79.6574714106555,3.4893746,0.30286652,-1.1233364,0.32029763,0.2162920497939465,0.2437033783061792,0.6516888995954844,0.7100902477115287,,
2021-02-23,180.1211920988,549.652983495358,79.57762608120386,3.744247,0.2892045,-0.9954444,0.39384416,0.17439536289378196,0.3051039128785985,0.6077896942781515,0.7714912574727272,,
2021-02-24,162.16322209880002,579.667165495358,79.50735729773115,4.250282,0.2892084,-1.040321,0.5888204,0.11619835718798198,0.464428069363134,0.5468110706361262,0.9308160773530505,,
2021-02-25,157.2682480988,583.025340495358,79.5168277273211,3.9034925,0.3076681,-0.88306,0.58546305,0.13379701794350796,0.4656966239783591,0.5652508872177541,0.9320844309502341,,
2021-02-26,120.5708374072,538.847428495358,79.53768961573489,3.8916402,0.31041548,-0.6931627,0.38308632,0.14514215579022247,0.3181449694598314,0.5771382838721278,0.7845326470313081,,
2021-02-27,131.2564174072,567.068808395358,79.71753214622093,4.1215825,0.28117555,-0.36603272,0.43996486,0.4774543487704594,0.3611573133952441,0.9253338637244162,0.8275412659668726,,
2021-02-28,119.3802474072,641.561530495358,79.94327675282999,4.0739183,0.29942828,-0.10877073,0.552804,0.547429878279528,0.46843877735441486,0.9986539843446371,0.9348219616399107,,
2021-03-01,214.2036874072,1045.783230495358,80.35007599070589,3.7513456,0.29731062,-0.18665433,0.36100832,0.48282414008853697,0.30386834709598926,0.9309603127117845,0.7702522405124441,,
2021-03-02,121.2882474072,1087.699726495358,80.79367334739428,3.5313444,0.29947227,-0.05398947,0.26443398,0.3056988581819537,0.2397949202227625,0.7453690478025531,0.7061807822946845,,
2021-03-03,129.0343974072,938.956930495358,81.21677791442377,4.050271,0.285411,-0.099027395,0.2791509,0.4022896178431214,0.247834669626868,0.8465765155965304,0.714219453695567,,
2021-03-04,55.1494554072,875.488230495358,81.64295102899767,3.7425752,0.28679553,0.34344435,0.36938846,0.544876350929514,0.3479139087983846,0.9959784071160889,0.8142971210215364,,
2021-03-05,110.3880174072,761.2462304953581,81.93836520940229,3.727786,0.29309925,0.005510509,0.28484485,0.4769176614559437,0.2515247908333375,0.9247715245908406,0.7179087493190808,,
2021-03-06,93.7929814072,706.3675304953581,82.22488448333026,3.5741558,0.28778294,-0.03228277,0.27558532,0.3904556951448808,0.2456094204597425,0.834176971845555,0.7119943360277788,,
2021-03-07,72.1581514072,610.006630495358,82.38704644203747,3.6538143,0.29130903,-0.024434388,0.29043645,0.364644078253329,0.2615362056043991,0.8071316478991855,0.727921408548349,,
2021-03-08,104.4597714072,571.053530495358,82.44205726770552,3.8826885,0.293952,0.10130644,0.40891755,0.6860503760920046,0.34865934558136974,1.1439000681020834,0.8150410244343422,,
2021-03-09,119.9101734072,671.337690495358,82.5598822543238,4.316372,0.29521814,0.6838266,0.88435036,1.234323070001214,0.7516635349744472,1.7183783226037075,1.2180394748388639,,
2021-03-10,177.9653374072,993.958030495358,82.82319362590181,4.463769,0.31765747,1.8948077,1.4070938,2.284923697460529,1.1943905676694275,2.819194068756993,1.660756470857382,,
2021-03-11,244.7667574072,1977.196640495358,83.6843813497136,4.849444,0.33730546,4.0775805,2.0190988,4.162607287500069,1.7970633185285676,4.786624515860168,2.2634144274977124,,
2021-03-12,530.7978074072,5927.988330495358,85.93023593311024,4.4660845,0.38663286,3.7513533,1.452595,3.8100915088543847,1.3335960330921288,4.417259688010127,1.799949612100574,,
2021-03-13,165.6999574072,4920.059405495358,87.63774795787093,4.3446755,0.44314754,3.2285824,1.0198107,3.2649459959058738,0.9866896893043668,3.846058083029389,1.4530473679033016,,
2021-03-14,38.7789474072,3506.265730495358,88.85120280977291,4.0590825,0.43093908,2.5759158,0.9148057,2.5921400499432923,0.9048110019534471,3.141094312721868,1.3711742087219205,,
2021-03-15,38.7789474072,2057.140330495358,89.6297309886399,3.9179692,0.42011592,1.9365903,0.7606762,1.9732500218821443,0.746642554017571,2.492623456889123,1.2130113030345457,,
2021-03-16,38.7789474072,1591.181030495358,90.21204129916836,3.9972305,0.38089493,1.7833933,0.72653085,1.8360634398143802,0.7093035743665531,2.348879825147391,1.1756736112134685,,
2021-03-17,38.7789474072,1399.251730495358,90.69273238294652,4.333948,0.36099282,2.5664186,0.77205116,2.6140830919910942,0.7512945338627556,3.1640861571710177,1.217657552168205,,
2021-03-18,477.7514174072,3913.526880495358,91.60395073945196,4.1520085,0.4411956,2.846624,1.3598576,2.9886439012431625,1.2128613241551796,3.556549692733261,1.6792212103732678,,
2021-03-19,38.7789474072,3525.719130495358,92.92455352646944,4.3451276,0.43829817,2.878389,0.83995414,2.8943458500132313,0.8308297785941309,3.4577445169963017,1.2971904382239272,,
2021-03-20,54.9368420988,2226.1862894953583,93.63256300659911,4.558353,0.50618935,3.8062215,0.91100895,3.824335249712277,0.8891524911626655,4.432184230991234,1.3555059676116599,,
2021-03-21,54.9368420988,1992.896730495358,94.27518450344772,4.618605,0.5695933,4.832701,1.0008352,4.826957691640228,0.9741058293347137,5.482728598349979,1.4404526695680833,,
2021-03-22,54.9368420988,1871.999730495358,94.88317339841544,4.589439,0.6232176,5.5601697,0.82601357,5.5324942224693645,0.8026606581100841,6.221987363596769,1.2690035176467562,,
2021-03-23,54.9368420988,1765.031730495358,95.4739350206559,4.511647,0.64684296,6.139848,0.77868813,6.09070000904174,0.7554353265056618,6.80687347863628,1.22177543999328,,
2021-03-24,321.3687620988,2162.462230495358,96.208049725446,4.6751466,0.65369725,5.6217265,0.7864302,5.499253920266241,0.689882651087529,6.187158288574626,1.1562256853896864,,
2021-03-25,375.4814620988,2589.032930495358,97.49016436878924,4.2001166,0.7271965,8.262621,0.7982084,7.7480695191101265,0.7031668381749555,8.543459585851688,1.1695008982536583,,
2021-03-26,54.9368420988,1584.878130495358,99.18393742279788,4.342753,0.8328785,9.079197,0.7728874,8.920517273817747,0.7475152061770666,9.77194633542218,1.2138468813601517,,
2021-03-27,673.2808856237374,900.653730495358,100.0,4.220351,0.7124797,11.553589,0.94721603,8.41665504059957,0.621837021772132,9.244001209823056,1.0881695292167572,,
2021-03-28,1351.241954154642,1903.255530495358,100.0,4.373613,0.6491321,9.455098,1.149093,7.345305128631616,0.7240305110698058,8.121444434289499,1.1903657532414498,,
2021-03-29,1285.2176355728652,3542.4120150297576,100.0,4.2022295,0.5987913,7.901486,0.8850339,6.916665224547389,0.6686979786065312,7.672317008022256,1.13503468261465,,
2021-03-30,969.4736841976,2837.191815029757,99.90935266208275,4.2122498,0.605264,8.077965,0.89405626,7.093452487136398,0.6839567912552159,7.857554097445995,1.1502928668846766,,
2021-03-31,910.9083797150728,1719.479253772382,100.0,4.293971,0.6081292,7.7860575,0.9620756,6.576741121461112,0.6632305373141381,7.316145694780872,1.1295685500043318,,
2021-04-01,1261.5711421525236,2763.234227760007,100.0,4.067137,0.5793821,6.0784106,0.84676594,5.447978883121889,0.6090537827566916,6.13343247992972,1.0753970891225508,,
2021-04-02,1099.1179754291893,2035.1534810188784,100.0,3.6451974,0.45167056,3.2272139,0.7130834,3.373791212472633,0.4893630917627962,3.96010572887928,0.9557199246723045,,
2021-04-03,969.4736841976,1624.141824733211,99.95895062363932,3.6658258,0.4508303,4.4245915,0.804854,4.140970714053167,0.5314317377633252,4.76395378816343,0.9977829942439072,,
2021-04-04,348.123661405738,1781.5749832967394,100.0,4.1052685,0.58671784,5.674919,0.7578783,5.418341732938275,0.6412073044766335,6.102378775276859,1.1075507694675462,,
2021-04-05,969.4736841976,1182.681630495358,99.81974023036024,4.3346763,0.5471196,8.586562,1.1716391,6.671230372137547,0.689413764976082,7.4151512086442954,1.1557514006277072,,
2021-04-06,219.320667844092,863.3281426000203,100.0,4.3988757,0.5819991,8.521869,0.94992167,7.686641651614578,0.7666090296723237,8.479095676270513,1.2329432580478281,,
2021-04-07,969.4736841976,1001.744830495358,99.6735406620026,4.643735,0.5717195,11.947664,1.5278791,8.35548651758224,0.8257910043500585,9.17990904049963,1.292123632596179,,
2021-04-08,54.9368420988,540.3115304953579,99.98867780371728,4.8861165,0.6790865,11.153585,1.0553071,10.57514630370746,0.9599585893543756,11.505660976874236,1.4262895739789307,,
2021-04-09,228.80046146197213,703.9584357985314,100.0,4.8875403,0.6723089,12.165287,1.0676738,10.380097079583482,0.8224822647612987,11.30128906657955,1.2888131679784591,,
2021-04-10,969.4736841976,885.801190495358,99.5131357231216,5.1274443,0.6597804,16.360218,1.6609828,10.490533329353052,0.8647380326121015,11.417003791580672,1.3310689765779424,,
2021-04-11,219.8403020988,447.1793304953581,99.91921658945763,5.190934,0.64501566,13.069114,1.1312358,10.472576406744627,0.7876285974901833,11.398188589454232,1.2539595338805885,,
2021-04-12,418.4893086480641,938.0774385949726,100.0,5.1690245,0.65534264,10.317738,1.06868,8.729403356207925,0.766155826269932,9.571697825840854,1.2324877829462233,,
2021-04-13,1172.9611741976,1397.201364095358,99.57357723968198,5.2832417,0.62804484,10.850683,1.7273128,8.309835083427673,0.9817791017527249,9.132075623844099,1.4481118229444765,,
2021-04-14,173.7289474072,717.698630495358,99.85093837315728,5.3554087,0.72399265,9.793363,1.1890535,8.928456609075171,0.9676629271997581,9.78026514376565,1.4339945915927141,,
2021-04-15,207.8659786774413,707.8092878284402,100.0,5.1850567,0.702423,10.86009,1.0340537,9.571809955867732,0.8150646372872827,10.454368581341496,1.281395666943977,,
2021-04-16,345.7518595265234,1212.692040462082,100.0,5.192504,0.72406155,9.05641,0.9490292,8.19917483859869,0.7557498559807891,9.016126197585413,1.2220828123672616,,
2021-04-17,315.9427782973274,1399.3812735181932,100.0,5.304435,0.7196811,8.194584,0.8695723,7.662251975363749,0.721685432468872,8.453540256866832,1.1880197288628878,,
2021-04-18,252.3898200706253,1125.70094044413,100.0,5.5363097,0.72384495,8.016697,0.84156066,7.562427516197925,0.700099308159229,8.348944529785724,1.1664338900371263,,
2021-04-19,274.25288132310175,1083.6420509519644,100.0,5.803138,0.73392606,8.730423,0.8421212,8.139201679601795,0.6881920130055784,8.953286526596454,1.1545251027099241,,
2021-04-20,217.84986918487263,926.0688928560056,100.0,6.014048,0.7488681,9.532709,0.8384828,8.862609225780027,0.6936206618246903,9.711270480637017,1.1599524178896459,,
2021-04-21,248.98711301441028,946.0381923847588,100.0,5.710961,0.7554299,9.528795,0.83618337,8.73333797853992,0.6804169820398505,9.575820509670486,1.146748932499623,,
2021-04-22,240.20296268204825,897.3356580420684,100.0,5.2832465,0.77811134,7.879536,0.79105717,7.33130293072313,0.6452861058209481,8.106772979185106,1.1116213924255893,,
2021-04-23,234.06416482021177,831.2300512476182,100.0,6.0691032,0.7274891,7.866209,0.76982516,7.47135279297804,0.6215843033743237,8.253516746119296,1.0879191556557766,,
2021-04-24,183.0715651929326,695.6044092126772,100.0,6.526864,0.781046,10.758166,0.9493616,9.876577251499121,0.7689783854167516,10.773702711909184,1.2353092796389302,,
2021-04-25,167.6120165020111,650.3005811513536,100.0,6.2146187,0.8000197,11.404558,0.8648229,10.341001724226677,0.706872468943544,11.260325086877478,1.173203361078591,,
2021-04-26,152.0078493058682,596.4261577355035,100.0,6.500552,0.75754386,10.937168,0.81350356,10.036086073375303,0.6662876814464572,10.940835510217417,1.1326185471369612,,
2021-04-27,237.46600132996525,703.6486039609772,100.0,6.9161434,0.76229274,12.1802635,1.0667195,10.851998561865425,0.8204261780613079,11.795745826600053,1.2867573529508425,,
2021-04-28,195.56405793636984,625.5902358127615,100.0,7.2733173,0.9037187,15.859236,1.4775064,13.814434851734028,1.1460188978702148,14.899776444542514,1.612357596569033,,
2021-04-29,802.2966484633811,2199.207497942483,100.0,6.8893204,0.8628504,16.055958,1.0360745,13.605732133473177,0.793396497420163,14.681098449763349,1.259734337406363,,
2021-04-30,2000.482167320075,3874.034766201526,100.0,6.686196,0.88734746,12.624315,1.3296815,10.602174186329654,0.9274821429218876,11.533980699895576,1.3938131422596642,,
2021-05-01,1249.3875477225542,2509.712687415712,100.0,7.2115836,1.0067786,11.15427,1.232113,9.843865239628833,0.8880568175577912,10.739427177691915,1.3543877212272364,,
2021-05-02,977.6714533334754,2037.281613423856,100.0,7.5186205,1.1313828,11.499522,1.3403684,10.208618542618106,0.9772057851886847,11.121614441717284,1.4435366527802984,,
2021-05-03,957.761582988499,1758.357970210253,100.0,7.6640506,1.3221012,11.93748,1.307595,10.43057778359481,0.9663959893596672,11.354182575682966,1.432726909472279,,
2021-05-04,1102.934593269194,2207.303040175079,100.0,8.4552555,1.5967315,11.927027,1.2696317,10.770270942945658,0.9998886614078789,11.710111906867809,1.466219771010669,,
2021-05-05,2014.6401720061613,5788.968897553264,100.0,9.16837,1.837013,11.082523,1.0646609,10.588350752937785,0.9212512739289377,11.51949655364062,1.3875822656372374,,
2021-05-06,1568.4609720061612,4422.444767553264,100.0,8.5413885,1.3226513,10.269951,1.0649898,9.817401167300837,0.8590515552118506,10.711698213169546,1.325382467419752,,
2021-05-07,1268.7110720061612,3132.505867553263,100.0,8.594083,1.4058592,10.170451,1.1612607,9.716041399010706,0.9205190464325759,10.605493794436182,1.386849998753039,,
2021-05-08,1082.1192350740334,2844.194544669684,100.0,8.56666,1.5464903,9.472985,1.0350811,9.223195735024099,0.8624818269697158,10.089091792419637,1.3288131418096616,,
2021-05-09,980.1794131615115,2653.87167573374,100.0,9.249685,1.8152521,9.275091,1.029059,9.268238674242989,0.8969236808281638,10.136287630161604,1.3632549510009584,,
2021-05-10,1312.2155946380256,4910.729587423656,100.0,9.000842,1.6855444,9.84772,0.9658715,9.669141265317984,0.8409981113055554,10.556351994673035,1.307329086163064,,
2021-05-11,925.7928880904652,2791.059106802127,100.0,8.849142,1.6748366,9.262571,1.002756,9.159594442189519,0.8608267409860385,10.022450575197707,1.3271581228483542,,
2021-05-12,794.4690560970789,2254.472480603912,100.0,9.004345,1.6706686,9.622004,1.042323,9.461058961565346,0.8851696870723585,10.338324068094792,1.3515007922631135,,
2021-05-13,697.1617670854481,1866.6095851914567,100.0,9.51782,1.7038423,10.679462,1.1127868,10.36357917723511,0.9333132603590506,11.28398166496255,1.3996441586807098,,
2021-05-14,570.9908009591161,1417.5986932263145,100.0,9.910832,1.78009,12.11152,1.2124349,11.479628581242485,1.00412596227745,12.453374415457443,1.470457893151245,,
2021-05-15,509.0803800962013,1146.9743064112472,100.0,10.36856,1.903261,13.836513,1.2608421,12.770444695120302,1.0511326454589105,13.805887127144473,1.5174675473198094,,
2021-05-16,500.3865947179068,1012.6427501807108,100.0,10.269504,1.9404556,14.969493,1.2395799,13.41512011813739,1.0488653298822925,14.481375831669089,1.515202429117474,,
2021-05-17,331.91179873813064,725.8339029274666,100.0,10.844264,2.1900492,15.639408,1.1824677,14.134731803584973,1.063330280530001,15.235382495811578,1.5296703939929859,,
2021-05-18,292.1267326229714,576.6064086052982,100.0,11.286946,2.369963,17.67603,1.1863335,15.527588187040639,1.1203246712917398,16.69481265315507,1.586672301588273,,
2021-05-19,178.41137419278863,452.7551316895916,100.0,11.6195,2.5558062,19.310585,1.2102499,17.136551694109663,1.1294310004241215,18.380679115895386,1.5957900756333734,,
2021-05-20,180.63845391806376,432.6838409755245,99.92151235823782,12.080767,2.7255936,21.499157,1.2790136,18.725210086339732,1.207717880241448,20.045269948717014,1.674091160556044,,
2021-05-21,201.916668071282,433.937038884581,99.81095265673244,12.821767,2.9251063,23.636616,1.4752694,20.202337975656828,1.3698326358727422,21.592999501834377,1.836221713165444,,
2021-05-22,198.8937342676635,444.8401363354217,99.66266345168798,13.128125,3.1257677,24.475681,1.628428,20.96963957956769,1.4828990154411343,22.39697549952286,1.9492972830841486,,
2021-05-23,203.3017443703224,451.0153256140208,99.48615197292224,12.398992,3.4925594,25.171501,1.440621,21.20297642497941,1.4709360824317739,22.641465048523155,1.9373372783375107,,
2021-05-24,222.83975811287968,464.6087872223712,99.29450564305247,11.554721,3.4598053,23.647259,1.348555,19.72740434264331,1.4451527700128821,21.09536566464222,1.911536496064993,,
2021-05-25,233.33405068817729,470.378961906385,99.10003788557196,11.181426,3.5019355,22.857147,1.405162,18.98576319206288,1.4934738871258577,20.318276602237493,1.9598497726738642,,
2021-05-26,232.434489784667,492.502494932079,98.90652062318424,10.08625,3.040374,24.51819,1.4819239,19.89091835955107,1.4013887529949232,21.266695092613464,1.8677742923045897,,
2021-05-27,200.25903729742328,475.3592591918542,98.9030983019522,9.438823,2.6459057,23.898422,1.3266586,19.612473370955964,1.2191642539849092,20.97494138538009,1.685546723827232,,
2021-05-28,180.93114143601497,466.0617638808913,99.07168398860044,7.94766,1.941024,18.526142,1.0286067,15.56787652808386,0.9185077252381564,16.73702663918135,1.384855605976275,,
2021-05-29,314.0742662964,1131.054030495358,99.74531235402335,7.5030804,1.7469277,13.083956,0.8872931,11.871046606870516,0.7914627838663345,12.86350088471491,1.2577954143158814,,
2021-05-30,283.93126008586324,688.2814295802773,100.0,7.713418,1.5269978,12.410017,0.9871846,11.038391968689629,0.8290413908052837,11.991048201116465,1.2953727431727642,,
2021-05-31,503.1717177719843,1076.6379366685935,100.0,9.749623,2.102348,13.367535,1.0334886,12.215224510736281,0.9718196972898904,13.22412931587215,1.4381530876706032,,
2021-06-01,328.73875837717804,633.6361782704355,100.0,10.559122,2.567643,16.673687,1.1423241,14.585005745582013,1.1554027101175415,15.707177993051607,1.6217450108734246,2.5010834604035717,4857.498916539596
2021-06-02,287.9213923857066,491.7235587650697,100.0,10.728135,2.647626,18.756409,1.2099628,15.791582580619561,1.2403152761356167,16.971425076327375,1.7066645812523435,2.541837580309977,4854.957078959286
2021-06-03,303.1244217873162,569.6989610073599,100.0,10.786914,2.8374875,19.201723,1.1969172,16.279328681209957,1.2575439368480603,17.482483773249353,1.7238965459621123,2.599987656454376,4852.357091302832
2021-06-04,551.298015878646,1612.6483432882228,100.0,11.057422,3.0796573,19.0199,1.1110235,16.991337925400448,1.1406666399984513,18.228524625430307,1.607024560729796,2.6144148362617985,4849.74267646657
2021-06-05,410.1175985411983,1149.0705779605655,100.0,10.524972,3.2117505,21.189964,1.2457849,18.38472172668813,1.247634616592916,19.688507409375298,1.7140046094169696,2.8033472882301713,4846.93932917834
2021-06-06,186.13544335504608,594.3263035996243,100.0,9.793754,2.8350775,23.690285,1.3836528,20.376045448953295,1.2519491441281874,21.775009598565124,1.7183402430560535,3.0340161842000897,4843.905312994139
2021-06-07,126.24609825993356,551.364610495358,99.93584721275896,9.236115,2.1331303,24.554592,1.4463847,21.700596635209738,1.242199059470344,23.1628698037729,1.7086067081880505,3.2353258199335597,4840.669987174206
2021-06-08,274.73802700887603,593.1193485489767,99.8748403878146,8.620778,1.8416994,26.490744,1.579393,20.833640042534178,1.226798193226595,22.254475649510304,1.6931947828555063,3.4905689610997572,4837.179418213106
2021-06-09,262.1436228014842,335.92348726627256,100.0,8.6325035,1.6436282,29.267536,2.1017418,20.22282842830103,1.3829775482236142,21.61446932807186,1.8493668621927,3.6213073695802795,4833.558110843526
2021-06-10,248.43797413845382,461.7994508231967,100.0,8.500344,1.2964122,27.963037,1.5861502,21.155071726820182,1.1266179810900678,22.591270669545935,1.5930185707375122,3.7738904469716283,4829.784220396555
2021-06-11,192.57451676806375,453.5771511344517,99.94608123725104,8.029615,1.152014,25.05085,1.4502457,19.97796041532845,1.0743627229464057,21.357897461118622,1.5407492399603033,4.043855743103314,4825.740364653451
2021-06-12,199.56466253143586,436.23804694419385,99.80182128687814,7.7455587,0.99835426,23.66761,1.3861623,18.67002400999835,1.0013696604676492,19.987446166570678,1.4677423989465976,4.2874639765035605,4821.452900676948
2021-06-13,303.55482289531625,613.4375663714361,99.52982335266472,7.7008514,0.9173793,23.92033,1.3876075,18.551145947842812,0.9766762029962912,19.86288613940843,1.4430477861206354,4.485734202291099,4816.967166474657
2021-06-14,253.37365828895986,562.1337799852988,99.3314568179742,7.6113753,0.90146357,24.181595,1.4137516,19.033319136401772,1.01395667480628,20.368105558153918,1.4803330442365796,4.707986728913813,4812.259179745743
2021-06-15,361.692325302041,520.9460629371122,99.0683624743878,7.213924,0.90802956,25.531029,1.499297,18.0249466168286,0.9599566584727293,19.31153627909417,1.4263233216325193,5.035020287663173,4807.224159458079
2021-06-16,240.77459818141716,413.1517049224205,99.0941305534168,7.3931494,0.96112996,22.296509,1.2739389,16.809116162061986,0.8792394922285763,18.037593284698204,1.345595998377581,5.241568652863161,4801.982590805216
2021-06-17,276.816687867176,509.16960257133167,98.95448862725344,7.6640987,0.98576736,22.396982,1.2647042,17.20820466607288,0.8898116428806775,18.455756854985015,1.3561712966301664,5.440884533267049,4796.541706271949
2021-06-18,346.11971377000754,556.2821345080613,98.5989891883468,7.9595118,0.938062,25.22122,1.4154037,18.600425152873402,0.9437931549452261,19.91452072198695,1.4101652150444093,5.640789296481526,4790.900916975467
2021-06-19,495.11467207087264,615.24009481951,98.20259847139276,7.827984,0.92941153,29.841818,1.7562072,20.02570094729439,1.057677447333769,21.407919827319688,1.5240645042741343,5.978451528524303,4784.922465446943
2021-06-20,380.33482206240797,596.0927348660058,97.82438500321923,8.102419,0.9209878,29.212112,1.6267359,20.989534648715395,1.055903613911562,22.41782148496793,1.5223021288004908,6.212014686571574,4778.710450760371
2021-06-21,351.5750581232318,511.9105974700559,97.43151328082728,8.0915,0.783995,30.237352,1.5652194,21.220492409594524,0.9812976252194012,22.65981823732747,1.4476990434538586,6.582840697382899,4772.1276100629875
2021-06-22,293.15981709907464,448.6198241375616,97.20297076160492,7.0956445,0.93283504,26.720585,2.7968397,18.96458346809094,1.7312065631204652,20.296084559858958,2.197582233996848,7.413689571370214,4764.7139204916175
2021-06-23,301.4921853866052,447.7396617278636,96.93591678484744,7.5369997,1.0287292,22.885422,1.2695271,16.709190291259045,0.86425735990854,17.932891298850382,1.3306131064569506,7.773084021634862,4756.940836469983
2021-06-24,335.31598665495596,495.8264467226279,96.59323259565348,7.7817683,0.9981423,24.053703,1.3228889,17.48895614138785,0.8859847536369365,18.749927291119132,1.3523467308002046,8.241504006818198,4748.699332463165
2021-06-25,386.7553016445477,559.9970561732463,96.18815459915508,8.099044,0.9407222,26.33206,1.4415193,18.883738712472812,0.9352481094718644,20.211375701276257,1.401622965644603,8.71472826652565,4739.984604196639
2021-06-26,402.4105629738324,585.1725582851357,95.76537727578943,8.11163,0.885959,29.025578,1.5992827,20.50377006635513,1.0140569369385601,21.908839016074,1.4804495443552232,9.371884177067315,4730.612720019572
2021-06-27,576.6408125692905,658.62702481951,95.25114358516473,8.088445,0.87684,34.482693,2.1179926,22.161477708908055,1.20117634033591,23.645779417350862,1.66759021796719,10.114729769432605,4720.49799025014
2021-06-28,557.9465095165742,650.13544981951,94.69589286208348,8.173834,0.8837144,35.897846,2.2217207,23.09365209021247,1.263372156225608,24.622508547602912,1.7297993746396068,43.766283206180596,4676.731707043959
2021-06-29,366.9601781707458,515.9304240808932,94.24232214953948,8.176952,0.8486891,34.60077,2.0775912,23.618107711600842,1.2642780828314637,25.172031354931793,1.7307132435974937,15.629673785898886,4661.10203325806
2021-06-30,344.89971502852734,532.205733054158,93.81601459311187,8.027319,0.80111957,33.448944,1.9536985,23.452527714959714,1.226598001954352,24.998537200458124,1.6930306212169905,18.826626503573976,4642.2754067544865
2021-07-01,218.2575568929871,650.6674158906435,93.73203658583694,7.474803,0.6702902,24.801,1.9004228,20.44898669038245,1.432997464643046,21.851437181997433,1.8993894227574917,21.50265473647264,4620.772752018014
2021-07-02,147.2312917600842,631.7834304953581,93.72137597487848,8.113007,0.92506385,21.360275,1.2377005,18.856583844180804,1.0188912158233276,20.18292292310416,1.485265800022745,24.431291760084182,4596.34146025793
2021-07-03,151.69370487748012,668.0440474953581,93.72487658553648,8.197306,1.0098122,20.585363,1.1896495,18.29293466358803,0.9873477057580609,19.592333238417392,1.453716835042887,28.893704877480115,4567.447755380449
2021-07-04,157.48794240736217,717.768250495358,93.66612727511246,8.359795,1.040841,20.91884,1.1786157,18.659046880028676,0.984520359943388,19.975944367311893,1.4508929910603858,34.687942407362165,4532.759812973087
2021-07-05,253.09941063417617,590.7133796971749,93.44983660109531,8.408781,0.8859956,26.219364,1.4623597,20.877126953201888,1.0576599941450266,22.300041085855362,1.5240571180322313,42.69882550846767,4490.060987464619
2021-07-06,291.57945007030656,599.9240618783642,93.14008748888835,8.176291,0.78406686,28.652134,1.645611,21.955205877063808,1.1366940736155624,23.429648497049442,1.6031051334162014,54.93896409513387,4435.122023369485
2021-07-07,281.92831743598424,576.4441109079584,93.01109028348844,8.324297,0.77582216,28.78917,1.6756228,22.06757989352102,1.1537629629261563,23.54739360736195,1.6201755518103953,71.78835167480895,4363.333671694676
2021-07-08,346.0209658504368,463.024310495358,93.2485345226222,8.314389,0.9059086,30.465992,3.03153,20.991962273586797,1.7777088996817938,22.420365142009764,2.2441074447710014,97.40788585043683,4265.925785844239
2021-07-09,296.63404260840286,272.894760495358,93.62392961353773,8.275292,0.9024859,32.558346,4.212129,19.91073208820927,2.072293003282245,21.287455849771682,2.5386787643890942,131.13222260840286,4134.793563235836
2021-07-10,282.6647525604558,619.7307004953581,93.94250757801646,8.224146,0.8407501,26.919535,1.5283132,21.06342422792007,1.0821223789144054,22.4952427334797,1.548521816027164,159.86475256045577,3974.92881067538
2021-07-11,365.57578915507804,1797.094648495358,94.3267698738059,7.724649,0.7560571,20.497253,1.1935294,18.33818429872371,0.9999769323279846,19.639745651434417,1.466346486120615,152.91550915507807,3822.0133015203023
2021-07-12,223.4928693656552,6454.315230495358,97.78434955722408,8.056885,0.8461382,18.5938,1.2441965,18.241150144811574,1.2028891508708852,19.53807359665994,1.6692577972140963,100.6928693656552,3721.3204321546473
2021-07-13,768.1655910510499,3544.6015128760723,99.379155906659,7.975429,1.0538068,19.551039,1.2938349,17.489256865046862,1.0798226518189562,18.75024238834107,1.546184631519248,65.39329545409446,3655.9271367005526
2021-07-14,1237.198583443242,3187.284137765382,99.52541188735393,9.720141,3.1384492,22.01365,1.4547143,18.576071073720776,1.3668728972678021,19.88900260110108,1.833244721296093,41.2601929747923,3614.66694372576
2021-07-15,1295.801991179317,2359.429363777956,98.9898813941041,11.616571,4.4104714,23.575886,1.5715308,19.336235299671337,1.8637837298443056,20.685500078560665,2.3301632421459053,27.48393163689302,3587.183012088867
2021-07-16,1123.9744073048732,1709.544367737621,98.66363811163636,13.106276,4.8711495,24.028336,1.615196,19.69587233244196,2.1640711381096502,21.06232653214003,2.630454518009562,19.794374295472686,3567.3886377933945
2021-07-17,1005.3489677510411,1856.34188197162,98.46519678799,13.614421,4.7207756,21.425121,1.4476048,18.681121338974222,1.9058651199195398,19.999073909937273,2.3722379670761033,16.34617870584222,3551.0424590875523
2021-07-18,909.608957070746,3054.841728560809,99.30065734222552,13.781821,4.4302588,19.382656,1.3195801,18.097592932946068,1.4377591254915718,19.387654840793044,1.9041264490559282,14.262028106304534,3536.7804309812477
2021-07-19,1097.805513042316,2131.962185387385,99.19860266675926,14.518295,4.750917,20.597668,1.4637446,18.53127494813814,1.8818351207933153,19.84206537384349,2.348206512371301,11.800612801258584,3524.9798181799893
2021-07-20,612.2109382421844,1936.9236711054093,99.18844109095156,13.532985,4.620187,19.858736,1.3385625,18.33951687767759,1.5052200587534725,19.641141923107096,1.9715896250831348,12.057894425933435,3512.921923754056
2021-07-21,648.5842203281865,4024.2364602281614,100.0,13.048916,4.6939874,18.599876,1.2938173,17.82940698918082,1.290737690067234,19.106650525663603,1.7571026056220413,11.532281704628458,3501.3896420494275
2021-07-22,979.7399979440582,2408.432468752464,99.85444640253512,13.285064,5.0159397,18.876637,1.3569367,17.25975084191503,1.7418750106889656,18.50976676183063,2.208235084263533,10.266313746458188,3491.123328302969
2021-07-23,668.9999442822254,1819.1448496942385,99.55053461510208,12.64724,4.4901285,18.606907,1.3261507,17.004501340243625,1.548425698012271,18.242317206506105,2.0147837224014404,10.073889125847948,3481.0494391771213
2021-07-24,645.2980508198804,1472.1923436583106,99.1297477954142,11.712643,3.4957182,19.68533,1.3794684,17.255680054037086,1.4334282127215487,18.505501404207415,1.899788253030508,10.114699795688715,3470.9347393814323
2021-07-25,571.930801208129,1220.2173771118055,98.733147995087,10.9587755,2.947134,20.449146,1.4126844,17.42047073336284,1.3452671976340662,18.678168514696182,1.8116285997209176,9.919480934364326,3461.015258447068
2021-07-26,397.74065109587326,913.1966481131984,98.50770859312952,9.811746,1.9993525,21.390728,1.3625395,17.87764466097773,1.1264297040960374,19.15719379328017,1.592795046704873,9.951177392273264,3451.0640810547948
2021-07-27,397.00021753713077,830.4738224396535,98.32240912648857,9.662512,1.6343627,22.950912,1.3908871,18.65306357861047,1.079334725378748,19.969675084538792,1.545707298034014,9.21074383353077,3441.853337221264
2021-07-28,396.4043115582367,728.037208300138,98.43541741234324,9.465934,1.7656671,23.379341,1.3049716,18.47438648357343,1.0494528827050884,19.782457835136075,1.5158237284037672,8.614837854636715,3433.2384993666274
2021-07-29,395.8985267820868,640.3591164459351,98.34908107390304,9.235154,1.6371084,22.776068,1.261031,17.602810124163007,0.9992164402691329,18.86922310508057,1.4655793853417636,8.109053078486813,3425.1294462881406
2021-07-30,395.33226392835337,631.505648775872,98.17029836080803,9.226066,1.8849208,22.460361,1.2386867,17.365161865288265,1.0521215593872748,18.62021607179155,1.5184825009568832,7.542790224753404,3417.586656063387
2021-07-31,394.85788480544767,586.7797329963149,97.93652103421874,9.170228,1.7107652,22.830482,1.2491701,17.335726483903617,1.0154323722827157,18.589373779796535,1.4817930701913222,7.0684111018476745,3410.5182449615395
2021-08-01,394.460884685572,738.4733157894398,97.69225665743156,9.058316,1.6379191,21.542158,1.2300074,17.195579731961498,0.9838822817214434,18.44252849217929,1.4502418331086147,6.671410981972023,3403.8468339795677
2021-08-02,394.0010240413149,594.3372461313015,97.50911420215655,9.203094,1.758297,22.839735,1.2841976,17.403488273746195,1.0429273568684767,18.660374351561497,1.5092886171824202,6.211550337714904,3397.6352836418528
2021-08-03,393.6803077154496,537.4834880135481,97.41558655283018,9.123198,1.5201639,24.169123,1.3519636,17.8079599592515,1.010964827671636,19.08417840101667,1.4773295542077736,5.890834011849622,3391.744449630003
2021-08-04,393.40767406906764,573.9811984622556,97.15732587373994,8.992064,1.3829478,24.354385,1.3601351,18.10699603218242,0.9836469161045107,19.397507376030006,1.4500143255905737,5.618200365467683,3386.1262492645355
2021-08-05,393.1586059163561,457.55010141507466,96.85822517074816,8.862654,1.307189,25.892519,1.4819635,18.022095162585924,1.0001408025692626,19.3085485350859,1.4665074399304756,5.369132212756131,3380.7571170517795
2021-08-06,406.6448925585805,428.73906542444087,96.50189523714698,8.886968,1.2219679,27.852053,1.6291822,18.62030375383681,1.0261280421232564,19.93534945212481,1.4925002954139917,5.088490357757786,3375.668626694022
2021-08-07,412.8986785596269,422.548580099197,96.10692334174658,8.795571,1.1754711,30.025517,2.266021,19.533153023242612,1.2849274799849877,20.891829796189086,1.7513090916548515,4.864059084069821,3370.8045676099523
2021-08-08,418.936792343541,416.30462340136535,95.69024575672684,8.730692,1.1521386,31.04846,2.7777154,19.854409996090574,1.5002460024149409,21.228441754177155,1.966631134221263,4.653707789882831,3366.1508598200694
2021-08-09,429.6871111014194,421.0696471816586,95.2326818099462,8.769278,1.111293,31.969164,3.3013837,20.251722881656047,1.7276842602358913,21.644744837526503,2.1940739087681007,4.430172140335903,3361.7206876797336
2021-08-10,424.45655000579177,404.3793545468049,94.77013045112732,8.739296,1.079905,32.9741,3.9278495,20.563172840306972,1.9945548571061846,21.971081039562517,2.460948172452554,4.243952113463166,3357.4767355662702
2021-08-11,417.3705379131173,336.93311049535805,94.3552899070338,8.711907,1.0611206,35.386734,7.0023117,20.6270457062632,3.182430114467958,22.038006810172984,3.6488241955173715,4.074446209517281,3353.402289356753
2021-08-12,405.56048230941667,406.281240495358,93.97001041300116,8.656783,1.044458,34.50706,4.7915907,21.59339707391739,2.454031501991263,23.050546469894147,2.920437736691649,3.909739605816695,3349.492549750936
2021-08-13,454.88476650846803,590.640810495358,93.7509105863582,8.709712,1.0253378,32.05553,2.0468235,21.89828768401707,1.2393659796636949,23.37000980894018,1.7057762704810007,3.7414378048680703,3345.7511119460682
2021-08-14,424.7085173549525,576.622960495358,93.37367538631815,8.560818,1.0459231,29.813509,1.873602,20.79931219217204,1.1665677295630088,22.218507045244742,1.6329638989842237,3.6528466513524958,3342.098265294716
2021-08-15,380.08460221127217,498.1271963127165,92.86478008877263,8.719893,1.0983168,27.00209,1.6194855,19.089669344024962,1.0342852296443092,20.42714911307795,1.5006621757861427,3.5020268068833653,3338.5962384878326
2021-08-16,342.35014792186695,553.9032533884417,92.5633474290845,8.617742,1.0622374,24.929596,1.4651219,18.698807036770685,0.9922306156814547,20.017604923632874,1.4586036363274442,3.402279453146367,3335.193959034686
2021-08-17,282.854604923479,549.7335683632797,92.19744149624358,8.492602,1.0071476,22.79956,1.2892168,17.93906752193618,0.9174245243217988,19.221552457028892,1.3837904145659612,3.3125606903652005,3331.881398344321
2021-08-18,280.4839770382766,455.3625424562661,91.85137054798447,8.631605,1.0124484,23.466888,1.3025583,17.812096097454514,0.8936801029116647,19.0885122324871,1.3600448658598059,3.1749396101671676,3328.706458734154
2021-08-19,475.4747069721533,1038.040780495358,91.68444000879836,8.893592,1.1936924,22.221088,1.3201426,18.03422176742878,0.980002610984087,19.32125475018752,1.446369358125257,3.0224922805533323,3325.6839664536005
2021-08-20,167.71939603433862,941.264946495358,91.50041422615128,9.48692,1.3597866,19.275574,1.1109755,17.795167769024296,0.9651196547729675,19.070774787824515,1.4314842688183866,2.8167863427386206,3322.867180110862
2021-08-21,141.654145069345,819.432030495358,92.0302156593445,9.690238,1.4686295,19.668282,1.1507372,18.19762131121836,1.0047249136822785,19.492464233616843,1.4710931564483891,2.6962503777449953,3320.170929733117
2021-08-22,306.7023545503864,1084.198570495358,92.27621079164496,10.366548,1.3515916,20.89,1.2318876,18.569512438703278,1.0054362242784045,19.882130485749318,1.471807984847931,2.493819858786398,3317.6771098743307
2021-08-23,277.8528278744345,3499.563380495358,93.87062056110751,10.672401,2.0313957,17.628002,1.1506108,17.116373786882843,1.0763976971867113,18.35953677367785,1.5427566105350503,2.373163182834528,3315.303946691496
2021-08-24,389.9766999583794,1851.979100907952,94.32719772786436,11.3555355,2.2190895,19.68459,1.22001,18.235793230340146,1.079188269466915,19.532460639988475,1.5455568660266388,2.1872262547794525,3313.1167204367166
2021-08-25,565.1689243467914,1594.5664397323326,94.18208419252578,11.703502,2.5437655,22.924911,1.3647013,19.988444276935354,1.2076117585408377,21.368882415473045,1.6739983938997527,2.0667803857526237,3311.049940050964
2021-08-26,587.5270476294531,1411.6758289481747,93.86183843870624,11.587342,2.6088426,24.761717,1.4437126,20.890023032952826,1.2755608500161069,22.313553554135353,1.7419581327537108,2.036903418997481,3309.0130366319663
2021-08-27,537.5276663705733,1296.1243899524754,93.50366899556724,11.405488,2.426129,24.539604,1.4160011,20.689391278922088,1.2278568807112171,22.103332288087287,1.6942517136530602,2.0267409614764413,3306.9862956704897
2021-08-28,479.4785937318915,1272.2452882728385,93.18500069282148,11.367522,2.0800884,21.637423,1.213553,18.826364600555834,1.049286302925649,20.151259302933237,1.5156605854513363,1.9991296477569362,3304.9871660227327
2021-08-29,389.73933827790114,997.14371362791,92.94239936393228,11.412136,2.0148396,20.797497,1.1480453,18.16003989500364,1.0009566402557075,19.453086554172703,1.4673245363289684,1.949864574301175,3303.0373014484317
2021-08-30,389.67008468593616,996.8498126954628,92.7768488452931,11.5826235,1.9322817,21.375427,1.2108135,18.62323978786017,1.0260204459289537,19.938425818538157,1.4923927277920355,1.8806109823361687,3301.1566904660954
2021-08-31,389.61361854662727,848.206580495358,92.73536881216484,11.688521,1.9670208,22.706926,1.2570641,19.23879694331053,1.0608142537842318,20.58340450184217,1.5271927436789763,0.0,3299.332545623068
2021-09-01,860.2091737036,1040.931450495358,92.73959023149878,12.142125,2.318763,22.550022,1.3024256,17.84076055849298,1.2685800188369638,19.11854675677865,1.7349450346668784,,
2021-09-02,514.8791877036,1170.457480495358,93.36810554842934,12.070844,2.060144,17.564589,1.0107478,15.886220693448372,0.9427999212304433,17.070586567445197,1.4091498461534584,,
2021-09-03,506.3500337036,1089.307349270277,93.56045388521363,12.142653,2.0165262,17.645817,1.0783502,15.899497717655024,0.9753999969765234,17.08449818802369,1.4417500096730556,,
2021-09-04,491.2207237036,1161.0155018475148,93.63061584791224,12.125046,1.9723276,17.57438,1.0893496,15.954257620296428,0.9642646528310775,17.14187542682399,1.4306150296720783,,
2021-09-05,498.9187730248379,1192.0358151678035,93.63836723660744,12.356048,1.8630729,16.767284,1.0254769,15.46574214688593,0.9081681591960891,16.630010583691078,1.374515408655438,,
2021-09-06,449.94990229763727,1280.9337962264865,93.65673495684352,12.469111,1.9295254,16.811,1.0315541,15.682309910415372,0.9134363827846742,16.856929546017362,1.379784984991367,,
2021-09-07,492.3586271218519,1195.743491225471,93.2262357488466,12.337848,1.8912296,17.442587,1.0859631,15.953718215050964,0.9465602876390715,17.14131023985166,1.412910660876391,,
2021-09-08,449.6012911929412,867.7708546243633,92.91169109474674,12.195695,1.8790951,19.193863,1.2012182,16.805482854768695,1.0185129009949414,18.033786317736133,1.4848693793247993,,
2021-09-09,387.7894737036,480.33499337257314,93.06887376071384,12.369016,1.8752235,20.93682,1.5234815,17.1095983372925,1.1883723302490514,18.352437480757803,1.6547311893512557,,
2021-09-10,387.7894737036,686.6910867187278,93.11306755968752,12.399192,1.9649255,18.151018,1.1577272,16.075133505449728,1.0248650864988638,17.268528766094075,1.4912162792846446,,
2021-09-11,392.8926174036,632.5741993654143,93.0586520472772,12.287365,1.9334801,18.258064,1.1673046,15.970478127402192,1.0330833166895255,17.15887121872238,1.499433802052623,,
2021-09-12,396.4533857036,584.8620933967165,92.95319526293778,12.19809,1.8470615,18.758923,1.1756914,16.10833313621893,1.0236372432745573,17.303315225726788,1.4899886630917667,,
2021-09-13,387.7894737036,562.2258297390895,92.87877268490814,12.225696,1.8104359,19.61055,1.2215395,16.596105045209605,1.03379814408055,17.814400964602356,1.5001530447692304,,
2021-09-14,387.7894737036,588.2083025547388,92.70172237212772,12.190387,1.8178627,20.154217,1.3061507,16.989978571106697,1.0683405940564847,18.227100298648036,1.5346985040946224,,
2021-09-15,474.3398037036,1297.8454295738898,92.56617470012372,12.191211,1.7808073,18.591675,1.261945,16.87853849825747,1.0398522073484788,18.110333771255448,1.5062092479434999,,
2021-09-16,551.9492937036,2466.0024336298006,92.77937948414336,12.269132,1.8227698,17.959332,1.141261,16.918658210458656,0.9903318953668083,18.152371068557475,1.4566892473352866,,
2021-09-17,404.9448787036,1341.1983752910317,92.68956874965644,12.440445,1.7530494,16.965372,1.0031232,15.91600453375821,0.8711693155425504,17.10179397351088,1.3375194376456645,,
2021-09-18,401.5042117036,1263.905918255324,92.5530909964566,12.627336,1.7890949,17.213028,1.0435455,16.107489575689364,0.9018008550724624,17.302431345887474,1.3681522691054837,,
2021-09-19,398.6059327036,1140.004389368732,92.3696920704981,12.644792,1.8239071,17.4662,1.0611724,16.217123410518177,0.9173171738701833,17.417305303256587,1.383669346468637,,
2021-09-20,395.8434857036,1010.947169589894,92.09550501518152,12.566016,1.7987189,17.368452,1.065805,16.017140169799948,0.9180290524852713,17.207763547240535,1.3843798517151358,,
2021-09-21,406.4390787036,897.8606631538486,91.85364447860516,12.499239,1.7508278,17.324177,1.0265402,15.820654845017515,0.8927615083904462,17.001886895584985,1.3591110028179973,,
2021-09-22,418.8522837036,800.5885979127637,91.7721734374838,12.564496,1.7153915,17.503044,1.0267484,15.806756775702757,0.89528998766513,16.987324546065157,1.3616393914715716,,
2021-09-23,1749.9388737036,2477.083782163842,92.16203745566018,13.228927,2.540632,18.507683,1.3193846,16.32233833229618,1.3053989041665581,17.52754913863636,1.7717518176815852,,
2021-09-24,387.7894737036,3802.531682322689,94.6443842831568,12.833724,1.7759963,15.448696,1.0478673,15.206695912077105,0.9649931483441787,16.358582824363644,1.4313388501757247,,
2021-09-25,1039.9027248487012,2557.6828474510885,94.80950541819192,13.224423,2.1192076,15.219177,1.1834816,14.64258221884011,1.0407579503926756,15.767506424916112,1.5071005475584554,,
2021-09-26,1118.463363872907,2294.6100465084573,94.34818049730372,13.677453,2.0472908,14.84648,1.2072115,14.463390385535698,1.0530008800232928,15.579749834516388,1.5193425671521625,,
2021-09-27,1032.1505473675218,1976.850579021404,93.72691510254448,14.059237,2.0120757,14.77452,1.1785481,14.529162701961717,1.0372395338339107,15.648665842836154,1.5035815507256847,,
2021-09-28,914.5174698344886,1956.7692343004344,93.08254576581346,14.103657,1.8479755,14.159113,1.138842,14.141449898449524,0.9740595196920196,15.242421692645998,1.440399664085416,,
2021-09-29,786.1476038631181,1741.433295521065,92.45808091207589,14.337884,1.723068,13.109844,1.1663839,13.491798550145667,0.9659167441991483,14.561719230615255,1.432254136423924,,
2021-09-30,641.29267060589,1478.9162162980133,91.9578343777072,14.350408,1.5232667,12.433382,1.1101882,13.013218508197474,0.9010904085837359,14.06026469860597,1.3674260821403168,,
2021-10-01,465.96433899497225,1158.2981555709316,91.6269343948569,14.5686,1.5213134,12.235468,1.0659611,12.904790890289773,0.8765364856646322,13.94665461120355,1.3428718062361744,,
2021-10-02,387.7894737036,724.6020874404967,91.5214787687487,14.837739,1.7759744,12.669718,1.01705,13.425509031908367,0.906759520346246,14.492261300005595,1.3730966588838132,,
2021-10-03,387.7894737036,614.928630495358,91.35429989953263,14.637462,1.6692262,13.3690815,0.82108647,13.859612659061838,0.8187142093861433,14.947113596627986,1.2850531005293115,,
2021-10-04,681.7497137036,602.501560495358,91.63733302210586,14.474621,1.8053147,12.933732,0.7979944,13.751718753929966,1.0288867024536505,14.834062731647673,1.4952251378696924,,
2021-10-05,387.7894737036,1069.7523577761804,92.19780941763442,14.6059885,1.47982,12.815751,0.7243301,13.292056602305106,0.6615356412419119,14.352430300451605,1.1278722843063307,,
2021-10-06,555.123499952687,1038.422987817462,92.14851004999925,15.014846,1.7924378,13.087155,0.78220886,13.758680339156506,0.806040605055551,14.841357056851054,1.272379069474432,,
2021-10-07,600.0743131345669,1146.61676529101,91.95426184609612,15.0793915,1.8957264,13.921054,0.8682498,14.318999833541863,0.8654580529480672,15.428457907711659,1.3317990334985947,,
2021-10-08,611.6380956088883,1151.673856880086,91.6313783143232,15.068524,1.9648651,14.400971,0.927332,14.63252477634757,0.911782098203661,15.756968271052076,1.3781246433193448,,
2021-10-09,590.3062199909431,1138.1579171138912,91.26546081341684,15.027738,1.9104731,14.190937,0.9054484,14.47672173042385,0.8838490193088159,15.593718372119273,1.3501907728773137,,
2021-10-10,517.8048614696147,1064.0857261708045,90.90337148321689,14.920243,1.8096172,13.156603,0.83210385,13.733900418557017,0.8149672915772288,14.81539274075283,1.2813056530123441,,
2021-10-11,459.38819161775945,987.8768606567144,90.56816038941449,14.983085,1.8601719,13.149925,0.8164256,13.731803307307937,0.8119063790985077,14.813195394754661,1.2782447318503953,,
2021-10-12,413.7646517036,736.142712006192,90.42992162633335,14.942227,1.8650856,13.6052265,0.8100227,14.086311956462774,0.8481041611303517,15.184648345511906,1.3144440531929034,,
2021-10-13,416.4880537036,605.0104437860005,90.3162767743528,14.888685,1.8520806,13.958299,0.80829567,14.337638331293714,0.8941009686904949,15.447987261943531,1.3604420391085992,,
2021-10-14,407.2440237036,538.2054325196796,90.23091413840358,14.929103,1.8541187,14.077162,0.80185926,14.444127915773791,0.919888573906007,15.559566684545322,1.3862301653952394,,
2021-10-15,403.2183817036,549.2357041633759,90.10090425182536,14.977712,1.8611989,14.472225,0.8080226,14.686221272407979,0.9153939403069118,15.813231276071884,1.381736764657065,,
2021-10-16,448.5342897036,1170.8006705999292,90.08198046984616,14.445466,1.8126929,15.457003,0.9191208,15.176820428734757,0.8328895716501076,16.327279395041764,1.2992350999315239,,
2021-10-17,387.7894737036,1427.184364309069,90.39320632238464,14.535314,1.7613827,13.523487,0.87035215,13.739675150412749,0.7810397550301263,14.821443485051333,1.2473781404018962,,
2021-10-18,461.03471740080994,1359.741666184652,90.19474858694274,14.117071,1.8134938,10.870942,0.8490378,11.69288719164665,0.782867608415351,12.676826058450835,1.2491998987149722,,
2021-10-19,467.3521919769647,1263.6336359660531,89.95337079447248,14.284601,1.7754506,9.90967,0.8291577,11.090865999350896,0.7721150362391247,12.046030311069842,1.2384464457389641,,
2021-10-20,435.00516517418606,1162.9517970135753,89.65605287326947,14.506122,1.7699692,11.108206,0.7887276,12.03320626543109,0.749436651432353,13.033411220639616,1.2157696230443267,,
2021-10-21,387.7894737036,1059.593275569148,89.36651791094751,14.557605,1.7542241,12.031084,0.78026414,12.708001167990847,0.7397183070629393,13.74045901287075,1.206053021336285,,
2021-10-22,387.7894737036,1002.4772469177376,89.18793974429958,14.110654,1.6856928,11.48474,0.8171748,12.217190833533845,0.7538461392564959,13.226189622177898,1.2201795343680117,,
2021-10-23,387.7894737036,928.6205497970792,88.9968614664646,13.579616,1.5373901,9.096656,0.8285385,10.41725092621016,0.7393964380277488,11.340218740070913,1.20572735339681,,
2021-10-24,387.7894737036,870.178323769594,88.89831971982083,13.454039,1.4356103,8.163147,0.77671814,9.794152226896896,0.6960768411483842,10.687338052886824,1.1624077615183763,,
2021-10-25,387.7894737036,1012.817534717822,89.1224100052969,13.686642,1.5118691,9.874697,0.74473166,10.930119217345029,0.6820870097379783,11.87760038236948,1.1484182541743237,,
2021-10-26,2940.2811737036,3379.2137110692984,91.18641073497564,14.007079,1.9924589,10.304567,1.4569746,12.027240731421179,1.2109366517402467,13.027160554496188,1.6772696102686584,,
2021-10-27,940.5782047618889,4285.916915029758,94.41312627023612,13.524184,1.0681884,11.080425,0.9179419,11.520212608857054,0.77690454349269,12.495898220862431,1.2432365387590867,,
2021-10-28,1878.25536194472,4872.670615029759,95.01547006340375,14.568394,1.12183,9.804075,1.0359081,11.129612913350165,0.8102261530433863,12.086629195108575,1.2765576067512112,,
2021-10-29,2097.290274796864,3621.572415029758,94.58758197271338,14.688785,1.0016052,9.689625,1.1401068,11.522976945095332,0.8100608307868876,12.498794682923487,1.276392830507844,,
2021-10-30,2387.8799763398133,3901.064115029758,94.0844821771714,14.992864,0.9754846,10.424469,1.1596491,12.159065132444642,0.8090926257045924,13.165285711269402,1.2754258828374772,,
2021-10-31,2042.541598971353,2947.523515029758,93.34906461503432,14.93076,0.91845345,10.231595,1.1266745,12.155065069672592,0.764346980683923,13.161094459170378,1.2306802284635858,,
2021-11-01,1789.018449472452,2695.604415029758,92.59256154035693,14.604419,0.8855582,9.366024,1.0930262,11.455739276275503,0.7459484926651998,12.428343283374543,1.2122803865158873,,
2021-11-02,1570.9120221677138,2543.9540150297576,91.89951417581122,14.137387,0.84941375,8.342535,1.00443,10.554807057563828,0.700545270687952,11.484349584291174,1.1668762447913568,,
2021-11-03,1087.4952258758565,2330.243115029757,91.5945049309166,13.720377,0.81264186,7.3218246,0.8556121,9.357789423522155,0.6381022714551169,10.230118599142392,1.1044334597172216,,
2021-11-04,541.9452421654864,2213.8581550297577,91.7491548010545,13.511282,0.8013732,6.766592,0.74392045,8.092975695704668,0.6180538933765545,8.904851098684665,1.084387088646824,,
2021-11-05,504.475467791559,2115.448815029758,91.87197604196808,13.463601,0.7444771,6.140322,0.72896665,7.550444850141908,0.6058065297448093,8.336389133252924,1.072141146657612,,
2021-11-06,600.6869109200275,1897.8825962017129,91.82742341995966,13.396739,0.7173656,5.5658097,0.722229,7.448461662162394,0.5750665302764981,8.229531497500078,1.0414014520143096,,
2021-11-07,663.1781883213897,1446.4825783999045,91.67446529772816,13.432742,0.7027431,5.6525326,0.73515874,8.09826477757483,0.5503424684411244,8.910392980588398,1.0166756515089357,,
2021-11-08,732.3932761805479,1142.0270572135544,91.41249266571695,13.559733,0.6900123,6.5443907,0.79745626,9.285499351379919,0.555656791136125,10.154373308663006,1.0219880448072565,,
2021-11-09,768.2731211515318,943.5305749375888,91.07469696284892,13.569279,0.67130333,7.2637486,0.8067801,10.093728087600685,0.5371433036467708,11.001232615683403,1.0034741661850752,,
2021-11-10,774.6074400916414,879.9292071422533,90.69938540813348,13.338691,0.66711277,7.2649846,0.938665,10.108522694706231,0.5888590843161599,11.01673435443576,1.0551899466582872,,
2021-11-11,717.4607588971811,902.7374548672756,90.35094617609724,13.211997,0.80344,7.129411,0.8828952,9.822919086059734,0.6071035290106382,10.717479869583057,1.0734344393721216,,
2021-11-12,1282.015390920135,4671.372547595914,91.17291199375774,13.324596,0.83256716,8.9823475,0.8409738,9.917416729617319,0.6837989549698756,10.81649417747866,1.1501298391154102,,
2021-11-13,748.3532119841263,4820.1436224817735,92.13243010976632,12.795931,0.8244091,8.112955,0.8033665,8.742302664655824,0.7041722036724615,9.585213677138483,1.170504140034582,,
2021-11-14,1016.8038595987716,4522.980647193594,92.64873562308378,12.658843,0.6477736,7.3542457,0.7874075,8.327881926108478,0.6537842459949926,9.150985043915,1.1201169301587468,,
2021-11-15,1178.8880989509291,3926.480055785669,92.52358169375734,12.368482,0.58045596,6.642201,0.7895515,7.964464875910397,0.6218516204442209,8.77019790099649,1.088185122035569,,
2021-11-16,1180.4828401086293,3318.3868791178115,92.17087990200784,11.998292,0.57744,6.0543213,0.8603643,7.61399201260923,0.6524459568786729,8.402973632861077,1.1187803898662645,,
2021-11-17,1130.2255912852308,2846.7385312753945,91.71535716535487,11.912793,0.56739086,5.988502,0.9468348,7.672144433075827,0.6966687845242057,8.463905540241871,1.1630030532478846,,
2021-11-18,1056.9831112722163,2690.308308061352,91.290220669435,12.202935,0.6239082,7.0986814,0.9277844,8.538417361957642,0.6889436796744944,9.371583353918368,1.155275959389335,,
2021-11-19,988.375267253368,2798.520806488535,90.99040838910736,11.305697,0.55688065,6.345307,0.823607,7.639962775580217,0.6257602456555927,8.430185709525464,1.0920946048052618,,
2021-11-20,794.023554103619,2213.6394120798245,90.6757847101902,11.023627,0.5333932,5.405791,0.7092491,6.888900627196819,0.5406668289657448,7.643225357826857,1.0070036349091065,,
2021-11-21,576.8166171796692,1958.613141229035,90.43578334981032,10.9971895,0.5495233,5.781668,0.6683438,6.968212346463896,0.531214522120255,7.726327906161351,0.9975510392156763,,
2021-11-22,440.607048606539,2084.4947993859737,90.38770913189158,10.491641,0.50729686,5.7519403,0.6923896,6.578974447009269,0.5783877417200647,7.31848576565599,1.0447257453808385,,
2021-11-23,444.5725139306758,1807.7860923140497,90.21069499028458,9.961249,0.48731565,4.046586,0.6443148,5.214027460810785,0.5260086035345749,5.888298979355074,0.9923531893977332,,
2021-11-24,444.3911635975982,1624.3583337931764,89.9137221519656,9.822768,0.47750628,3.4558754,0.65421957,4.823557133916112,0.5238266720792534,5.479165505590875,0.9901735328774279,,
2021-11-25,425.4667702310809,1536.2180117042071,89.69599221161194,9.833035,0.45265236,4.1758924,0.63805807,5.402861350555936,0.5092240040488892,6.0861584835336835,0.9755675522938744,,
2021-11-26,424.0554160537092,1750.126386286891,89.51115100929758,9.556456,0.43948868,4.759124,0.6346958,5.694802012004568,0.5180448167236921,6.392052910650333,0.9843868410545331,,
2021-11-27,414.5031719171162,1606.8063074018978,89.3448742764068,9.289365,0.44028318,3.949554,0.6364449,5.044571110941376,0.5139243972854116,5.710743195219461,0.9802699490085908,,
2021-11-28,412.0519139129438,1465.0602224047616,89.17494621146052,9.126688,0.42768496,3.3259616,0.64847434,4.5993007657829255,0.514758964905786,5.244190449642967,0.9811072110837562,,
2021-11-29,398.400340423855,1369.4731599704692,88.95292794593047,8.828735,0.4492567,2.866119,0.6485622,4.209828410011515,0.5125044986702887,4.836102646610329,0.9788552875597668,,
2021-11-30,398.0189887036,1224.7429730919043,88.76704440525417,8.843521,0.42429644,2.384556,0.63581145,3.9687629831390248,0.49101934042781475,4.583515116374271,0.9573717900551924,,
2021-12-01,387.7894737036,1185.404416905926,88.47369611619087,8.917772,0.42049748,3.351119,0.6615116,4.723289088397871,0.5091132418067854,5.374104990246029,0.9754607149179368,,
2021-12-02,410.2403937036,1422.9375670379832,88.43056962312724,9.002895,0.40866554,4.562924,0.63320225,5.556529370143886,0.49993621176003655,6.24717130917009,0.9662789457158125,,
2021-12-03,387.7894737036,1663.5263856243284,88.45988116977622,8.756993,0.410261,4.59343,0.64351976,5.380527745766306,0.5275977102040639,6.062757408778718,0.9939413790429408,,
2021-12-04,387.7894737036,1389.4663089749115,88.32583141821002,8.742522,0.40790746,3.7766337,0.64644766,4.860168989004476,0.5131728276359195,5.5175272822010974,0.9795194677199355,,
2021-12-05,387.7894737036,1314.436581945778,88.18666443522343,8.730138,0.40428028,4.0816965,0.6406701,5.140672552295951,0.5032170831934456,5.811437956964442,0.9695620831305846,,
2021-12-06,387.7894737036,1331.0364275152017,88.09496287816083,8.747144,0.4237049,4.563512,0.64168435,5.507393605378209,0.5060233599976973,6.195687022810824,0.9723663513875003,,
2021-12-07,387.7894737036,1365.799008962858,88.14653730059668,8.429698,0.40326267,4.035529,0.635083,5.007257933925576,0.5026149830791,5.671646575891021,0.9689607518901704,,
2021-12-08,387.7894737036,1320.393026070166,88.08650735366086,8.170752,0.42040405,2.927423,0.66046464,4.117756953175254,0.5193710759791823,4.739630488867825,0.9857224913193172,,
2021-12-09,387.7894737036,1311.877497564347,87.97123867863877,8.035408,0.41478676,2.0067856,0.61272234,3.3822529096795946,0.482301751434905,3.9689718662878692,0.9486585191675434,,
2021-12-10,387.7894737036,1256.280623474283,87.87031039850068,8.17089,0.40602157,2.6859999,0.6420575,3.9797297446647195,0.49987410417859096,4.595006051612896,0.9662264768112795,,
2021-12-11,387.7894737036,2154.1127916634887,88.13140279254124,8.399377,0.4229785,4.8492875,0.6227067,5.390884762886735,0.531638075217256,6.073609455913812,0.9979816880608205,,
2021-12-12,401.5263253852758,2058.4197584365006,88.30232329987741,8.123073,0.40285766,4.881452,0.6526565,5.410567738816145,0.550070710296694,6.09423321080976,1.0164142170621775,,
2021-12-13,467.2869902080803,1861.8586938942472,88.28150181714508,8.135561,0.40521637,4.259353,0.63933975,5.037020913448311,0.5174972320279964,5.702832124095287,0.9838428275496889,,
2021-12-14,474.1307148022578,1725.4022957856369,88.21877339615935,7.9593873,0.41305575,4.2487087,0.64621884,5.04858155154653,0.5146802610571596,5.714945321176536,0.9810257895423817,,
2021-12-15,449.92801193971246,1663.758825201293,88.1517080185038,7.8532724,0.41106343,4.125661,0.6388092,4.919135511741826,0.5103861716820737,5.5793122031583176,0.9767324595098673,,
2021-12-16,439.79737285183273,1642.6545376583986,88.11793528498303,8.289593,0.42866033,5.459787,0.6396793,6.057419506002274,0.5126409361210322,6.7720022813152365,0.9789812033393153,,
2021-12-17,446.3218171428921,1501.372681612399,88.01573273107414,7.9404373,0.41908738,6.330758,0.72568655,6.699622388385517,0.5675763836472604,7.444900266215667,1.0339139080019377,,
2021-12-18,432.1750565586809,1529.389813897299,87.8983599355828,7.473928,0.41832766,4.8622975,0.6805239,5.437696059871628,0.538535237142558,6.122658172878169,1.0048785984307183,,
2021-12-19,387.7894737036,1715.413019206852,87.97543593961169,7.048938,0.43439862,3.293417,0.6421036,3.9858616879916546,0.5298015262132587,4.601431080869858,0.9961538558551724,,
2021-12-20,387.7894737036,1359.4303184023306,87.97458573860871,7.0024405,0.44467613,1.7053037,0.6025862,2.8809851114188922,0.479119525527308,3.4437451807685533,0.9454802955613699,,
2021-12-21,387.7894737036,1252.6771322416052,87.93476558159512,7.1213126,0.45317134,1.9855269,0.6055798,3.1995739630594096,0.47467299257485945,3.777561490475979,0.9410311856038174,,
2021-12-22,387.7894737036,1218.7085841853568,87.88890204085328,6.9701734,0.45515972,2.6237698,0.6689898,3.6729397580658936,0.5192604056364722,4.273552552363752,0.9856149840540593,,
2021-12-23,387.7894737036,1163.9573743704866,87.72528214787563,6.6573772,0.4466882,1.7154989,0.60885894,2.950499591231431,0.47014665692046415,3.51658221509277,0.9365068547650007,,
2021-12-24,387.7894737036,1077.7070339512425,87.52834609480786,6.7406483,0.45942485,1.1896176,0.5989934,2.6584926789244436,0.4569599275708348,3.2106183705532025,0.9233225661388427,,
2021-12-25,528.1174737036,1425.5162296346978,87.54556119992613,6.861989,0.4281737,2.786471,0.75070316,3.8881883388352487,0.5598641397899479,4.499089279503417,1.0262171593278955,,
2021-12-26,389.9593856036,1949.1768928873576,87.66334376311545,6.7338486,0.474846,4.067359,0.62388337,4.511891705283746,0.5258677502405819,5.152603534844853,0.9922165519800065,,
2021-12-27,402.3900787036,1459.698424851213,87.71853509307421,6.611386,0.473866,2.5821705,0.5979989,3.4528682395428305,0.47982772921419464,4.042962367532138,0.9461839562197863,,
2021-12-28,395.9912447036,1459.877801385907,87.74698785783116,6.770852,0.48699555,2.9076204,0.5843677,3.731927466323546,0.4712781016744495,4.335359671436727,0.9376322476189173,,
2021-12-29,390.3434829036,1650.1680459204322,87.79951958684578,6.74533,0.4927621,3.8389678,0.57814544,4.394945784963393,0.4769557908820529,5.030067999292816,0.9433053495813618,,
2021-12-30,389.2121798036,1731.212688717936,87.85439757125324,6.80173,0.49557245,4.30678,0.58796793,4.764737630686774,0.48858660570950974,5.417534631171589,0.9549338243102147,,
2021-12-31,407.8888479802488,1699.7922608392223,87.88038804591442,6.9545574,0.50729585,4.919965,0.5895147,5.313709194972999,0.48545941667839043,5.99274515966528,0.9518034497212552,,
2022-01-01,441.919358164152,1746.5890547214512,87.73835647905288,5.3807774,0.47409233,5.328888,0.76787394,5.339365824230964,0.6202516714178408,6.019628088098977,1.0865955640117004,,
2022-01-02,406.1499757397008,1909.0801331253947,87.70687771828426,4.9079733,0.7143344,5.165365,0.7287602,5.1202121582722375,0.6138441603579688,5.789999626046753,1.0801892768876356,,
2022-01-03,387.7894737036,1558.700533025209,87.63876819857752,4.5153203,0.7084294,2.252615,0.5584551,2.7034024460202652,0.46893992946167373,3.2576746709998456,0.9353021863088583,,
2022-01-04,390.0870382036,1342.109221781582,87.51369828983762,4.5247684,0.70627207,0.18455482,0.5254068,1.1619619850309166,0.4370542886963392,1.6425586251258246,0.9034309663045852,,
2022-01-05,387.7894737036,1234.4101075933115,87.4239017849644,4.669337,0.70560294,0.1841597,0.68665886,1.2563486468423508,0.5490629848885052,1.7414566467271828,1.0154387013838635,,
2022-01-06,387.7894737036,1127.7369659155772,87.25933646170014,4.5618124,0.70162964,0.5624353,0.7979892,1.5857868781604192,0.6203481117613071,2.086640899373997,1.086720553506554,,
2022-01-07,387.7894737036,977.344457011552,87.13416335723714,4.2992015,0.6775647,-0.26426613,0.6519004,1.032064334717859,0.50484743268886,1.506452311160707,0.9712254496649328,,
2022-01-08,436.2250837036,776.5023144543995,87.04245568893609,4.3078914,0.6847733,-1.4136127,0.6635908,0.6444455058348413,0.49112766010864073,1.1003066272657618,0.9575097884871147,,
2022-01-09,491.0921537036,735.376330495358,86.91303842211576,4.3768945,0.68911386,-1.5754141,0.84729,0.8079590588428668,0.5781233343875636,1.271635569164452,1.0445037074577097,,
2022-01-10,420.4079887036,719.986000495358,86.76100003103927,4.031859,0.66509885,-1.3793749,0.72103494,0.6154847504564065,0.5170562436473508,1.0699616467776276,0.9834386861046083,,
2022-01-11,481.6705837036,607.4717304953581,86.56767074909561,3.749354,0.6461826,-2.0590854,0.5629267,0.5096830000678004,0.42455333616692076,0.959102934385637,0.8909369341932817,,
2022-01-12,478.2800037036,418.338840495358,86.40335685614711,4.1458955,0.65638214,-2.4569254,0.77779126,1.0651924086841043,0.504268050624777,1.541163793819883,0.9706457241862168,,
2022-01-13,462.1889837036,493.007270495358,86.11570366465615,4.4361434,0.6678815,-1.6962465,1.0598742,1.2710212629803606,0.6353611310037834,1.7568305637607602,1.1017366990068729,,
2022-01-14,426.0961597036,601.021490495358,85.78265386647688,4.0089808,0.65478104,-1.3968045,0.9438531,0.845766605741322,0.6154826905627713,1.3112501875660196,1.0818626621226497,,
2022-01-15,451.8123697036,548.151650495358,85.40120987286379,3.3335648,0.62070453,-2.1599436,0.49626318,0.32218074630965093,0.39071426949167826,0.7626387138422382,0.8570999468623114,,
2022-01-16,475.5805237036,564.147230495358,85.16532825397269,3.956935,0.65144473,-2.2011418,0.39655483,0.6156160720292827,0.36754171259748214,1.070099245072787,0.8339241536283954,,
2022-01-17,472.5449837036,383.7517604953581,84.98355506537493,4.351536,0.6476549,-2.4227095,0.680246,1.31563899733889,0.46976109748314293,1.8035808733035326,0.9361362154508026,,
2022-01-18,172.0273570988,472.176350495358,84.86272333698844,4.092564,0.6390577,-0.7076107,0.6197474,0.574221992527106,0.48524871992028157,1.0267266700689883,0.9516316115278478,,
2022-01-19,198.93670209880003,469.455800495358,84.87205885319501,4.517541,0.63885826,-0.6594473,0.5958815,0.8814032568534521,0.4596956864937284,1.348590148783512,0.9260752810942515,,
2022-01-20,180.7733920988,430.8626904953581,85.03933358664054,3.948145,0.6307296,-0.65715885,0.56040287,0.703971413279603,0.4365729623703057,1.162677669607248,0.9029544482028575,,
2022-01-21,512.2441437036,486.4214504953581,84.81152737797028,3.2830472,0.5984344,-2.8047485,0.48934737,0.31785599946208754,0.3886260031415063,0.7581072588787688,0.855011728946573,,
2022-01-22,170.8184620988,470.772100495358,84.92076582092469,3.3000646,0.56028473,-1.4490644,0.2851429,-0.1846459913642295,0.2569582899960959,0.23158739060807798,0.7233497891026115,,
2022-01-23,189.1489520988,463.126260495358,85.03350796293864,3.675086,0.5407415,-1.079265,0.3228336,0.2994176434196465,0.2777204879589171,0.7387876124458661,0.7441064205018726,,
2022-01-24,506.4128437036,507.5073904953581,84.8200840740176,3.7155118,0.5529311,-2.467053,0.61357987,0.6208923311676842,0.4130274052793941,1.0756276913620144,0.8794097890187373,,
2022-01-25,168.4598370988,507.9490350305127,84.95068856712874,3.580697,0.5121164,-1.1393656,0.4633662,0.03616748795817701,0.3706030071025196,0.46295499942897717,0.8369919336996782,,
2022-01-26,173.17938809880002,476.7931009644286,85.04198958061605,2.993793,0.47335708,-0.91973245,0.28311387,0.12299159649903886,0.24297731920530968,0.5539290035647247,0.7093652495585139,,
2022-01-27,511.7264737036,444.05416763525926,84.77419724815229,3.0988598,0.46362615,-3.1247616,0.45367923,0.2073751859242126,0.325643786261072,0.6423458401135516,0.7920307566326401,,
2022-01-28,179.62775515377382,373.7238838998949,84.75095163961164,3.404543,0.43715957,-1.7253791,0.45114747,-0.06011544383727812,0.3361229511931981,0.36207007262043656,0.8025129926461703,,
2022-01-29,184.0917617826453,326.7142164820927,84.63348022467669,2.5324855,0.40152305,-1.1375585,0.31208813,0.18510588681742365,0.24654713859582766,0.6190121446332488,0.7129343615211209,,
2022-01-30,193.64579082937723,283.8751318418888,84.4401908112237,2.699634,0.38200957,-1.4499391,0.26555866,0.23280888432875663,0.22118027823327183,0.6689951823610841,0.6875669608576053,,
2022-01-31,190.1201194214804,341.59191065219954,84.23222572559467,2.9620948,0.37209433,-1.4194089,0.30246514,0.14725115382292625,0.2354990578123632,0.5793480848015458,0.7018867113452467,,
2022-02-01,199.90678370344065,341.9483621438642,84.20988158904366,3.145083,0.36885855,-1.549466,0.34425175,0.18249536289850737,0.2563489873433405,0.616276846594638,0.722736239911435,,
2022-02-02,186.3953886903577,337.4958141087053,84.18764569990668,3.696353,0.37029117,-1.669638,0.44015658,0.239529308766972,0.31266499721992835,0.6760368201148245,0.7790516039354589,,
2022-02-03,219.8282020988,520.757990495358,84.23352548832561,3.7896614,0.39979553,-0.88982546,0.50041854,0.4991866406736904,0.3713514878601339,0.9481048848924982,0.837735201225843,,
2022-02-04,405.5789920988,1960.306730495358,85.09849866940131,3.235764,0.3602958,-0.30505598,0.2844837,0.30193961737493746,0.2436730638066831,0.7414301281352833,0.7100589680493556,,
2022-02-05,64.8724910988,899.7241324953579,85.53287470832295,2.8590899,0.34815845,-0.1659829,0.22900018,0.03746380351572625,0.21487866328753905,0.4643132744389442,0.6812675749470302,,
2022-02-06,174.1678680988,822.213460495358,85.77196104419905,3.1028514,0.33502573,-0.31611705,0.21155162,0.28152004814379716,0.1841333034920033,0.7200345732957001,0.6505194370814144,,
2022-02-07,58.8830078988,635.700630495358,86.00655869100571,3.438757,0.32110834,-0.28060424,0.24529155,0.03470288748213823,0.22614146098954346,0.46142039605667,0.6925304044658572,,
2022-02-08,54.9368420988,517.1711604953581,86.13868756458886,3.4109168,0.32672533,-0.42426682,0.29188347,-0.055992160712333164,0.26571399119346206,0.3663904345840156,0.732103984685885,,
2022-02-09,84.0464840988,496.082600495358,86.19843985614354,3.7122931,0.33503422,-0.6820117,0.35594845,-0.045384661851320535,0.30822604428046185,0.37750493563066373,0.7746159144795935,,
2022-02-10,70.8874160988,516.183490495358,86.25168266102389,3.7081428,0.32572785,-0.41731238,0.47978663,0.08082651557999361,0.42368304334481677,0.5097485759118677,0.8900714564353805,,
2022-02-11,105.4271980988,538.982930495358,86.29255460918343,3.9499512,0.33951902,-0.4698918,0.6100962,0.2532061885646597,0.5132971645824758,0.6903674080147669,0.9796836169738583,,
2022-02-12,88.85000209879999,470.433190495358,86.45340919749486,3.8980145,0.3347411,-0.007858813,0.7727506,0.612644110707175,0.6521600652602135,1.0669852341586241,1.1185425385757948,,
2022-02-13,54.9368420988,495.409510495358,86.63126726280362,2.995328,0.32708016,0.03391558,0.5372134,0.32953059158265746,0.48468843854591376,0.7703398565951053,0.9510740336519758,,
2022-02-14,127.3215620988,541.218010495358,86.69525706149496,2.8982983,0.3289766,-0.6869931,0.21848111,-0.00418402819918521,0.18764076411197841,0.4206748187340506,0.6540301566473389,,
2022-02-15,124.6269970988,628.151690495358,86.7603009078229,3.0228376,0.31730127,-0.47662127,0.20526828,0.102735003438306,0.17915923970713282,0.5327042145993882,0.6455474017192475,,
2022-02-16,103.9188180988,655.8495304953581,86.8176642486117,3.540944,0.31290478,-0.5228965,0.24560459,0.032943308662592326,0.21628817486086044,0.45957671538436906,0.6826771386191245,,
2022-02-17,372.1113420988,1206.217330495358,87.08650833940553,3.9973154,0.3724814,-0.7297454,0.84949386,0.3847201647336358,0.6551271891806929,0.8281673026865823,1.1215121685399345,,
2022-02-18,522.6071020987999,5498.569930495359,89.71782934284458,3.339501,0.33275917,0.53429115,0.4457434,0.7777688824182453,0.40807852793961114,1.240002405506689,0.8744592227983727,,
2022-02-19,498.0643716022833,3306.9433278522874,90.83251060414328,3.1782246,0.32550538,-0.040601373,0.30479968,0.38073352168860036,0.2683069832261208,0.8239901117316517,0.7346920069474067,,
2022-02-20,746.6803849039518,2560.7120224746564,91.1330928975708,3.1869216,0.32357424,-0.35096073,0.2745556,0.44775530005600656,0.22477337153559376,0.8942153020025319,0.6911576518759551,,
2022-02-21,770.373862206781,2308.4322412314823,91.27542510062922,3.5887265,0.32832715,-0.6202303,0.42345136,0.432928026069324,0.3279526411594329,0.8786793350037865,0.7943370855160323,,
2022-02-22,766.3646621076693,3525.394467206448,91.4676110560182,3.9660864,0.38321197,1.5060663,0.5862344,1.9453436417946917,0.4863901158277166,2.463383247226678,0.9527591250703715,,
2022-02-23,775.842798918901,5530.324400392284,93.25830183046826,3.860548,0.3594375,1.9226822,0.66855896,2.1610962804169316,0.5879719783869319,2.6894481244615616,1.0543389989185425,,
2022-02-24,1223.4478596564063,3368.0129150297576,93.40388922291434,3.3394475,0.3848352,0.331929,0.5126019,1.1333171081114122,0.38974499538622226,1.6125446210071812,0.8561219666920861,,
2022-02-25,1192.3222131209964,2919.4347150297576,93.3249652884727,3.3427453,0.3523521,-0.4585184,0.5621405,0.6437673802000766,0.41200216171980164,1.099596089543712,0.8783842974415691,,
2022-02-26,776.8244115763547,2186.484173817127,93.38548692344597,3.41952,0.31666058,0.19203031,0.47183356,1.0381091545553736,0.357903420772409,1.512786052723272,0.8242813749926363,,
2022-02-27,606.8013319014944,1818.3210456744653,93.39961390574948,3.5052438,0.31980035,0.4469104,0.4413152,1.2121504574447426,0.3404295568385328,1.695145934960321,0.8068057221234313,,
2022-02-28,535.3915875184647,1575.8571517748337,93.33179698014558,3.4934745,0.32231092,0.49736592,0.3923893,1.2571491198975298,0.3040743429311141,1.742295379658119,0.7704500513190422,,
2022-03-01,429.0325140994936,1283.93188379575,93.23822324681808,3.5962386,0.33858943,0.61705184,0.43287534,1.3632249610512344,0.33535609311142217,1.8534412834168474,0.801730733613206,,
2022-03-02,387.7894737036,1157.3649149198136,93.20883856033085,3.827129,0.3477659,1.607408,0.56985354,2.1644943695043617,0.43566865466183474,2.693008630591584,0.9020356442971661,,
2022-03-03,448.1501237036,768.651530495358,93.28780826474248,3.5860157,0.35164097,0.92380595,0.98950917,1.9043023413740625,0.6383469995868889,2.4203803129386103,1.1047163931556174,,
2022-03-04,414.6557437036,781.014070495358,93.3328225129635,3.847725,0.35511702,0.3278513,0.44772398,1.548535966046361,0.31732689759261323,2.04760952099676,0.7836997034042164,,
2022-03-05,418.3925257036,778.229770495358,93.35794734331004,4.112681,0.35726604,0.67529714,0.51554316,1.8771598193033494,0.3578001210682429,2.391940471094987,0.8241697698678138,,
2022-03-06,284.9631320988,1268.696730495358,93.6949614003184,4.333118,0.36029056,3.005381,0.61883426,3.248906773266463,0.5096338259201111,3.8292522403751543,0.9759916302835471,,
2022-03-07,421.7802820988,4462.955630495359,94.89532876973368,4.3974757,0.3839296,4.107798,0.6762453,4.132810773783077,0.6187425201903888,4.75540383064179,1.0850938324419386,,
2022-03-08,387.7894737036,4447.749985851683,96.47787876020315,4.194962,0.35407138,3.0427108,0.6876847,3.1351163765979573,0.6331723656304861,3.7100230517189057,1.0995310706784625,,
2022-03-09,747.4900428319977,2986.150009401742,96.8598761183546,4.005649,0.3698055,1.735363,0.51214236,2.1898835864674058,0.41624661000546065,2.7196113653367653,0.8826133692135458,,
2022-03-10,821.7777697562981,2858.5004339620805,97.1188105889416,4.014381,0.36831644,2.0658753,0.5447684,2.500961589812229,0.43104434891651855,3.0455578338745135,0.8974083446902084,,
2022-03-11,847.6029939822349,2760.176901923764,97.23898188252927,3.90057,0.373902,3.0718613,0.69525313,3.26655605225637,0.5391168169735918,3.8477450945697367,1.0054744829642268,,
2022-03-12,840.1285968935669,2613.130757050056,97.0998796317484,3.454206,0.37414834,2.2274303,0.6065126,2.525887307532586,0.46789620086295947,3.0716749156975998,0.9342599799998079,,
2022-03-13,764.48057251696,2282.112775479031,96.84637154798143,3.51785,0.32131383,0.75113094,0.43056875,1.445382737512507,0.3324514283444481,1.9395259207506597,0.7988252505895954,,
2022-03-14,614.9110118188195,2150.4368512746028,96.68647574536725,3.5100236,0.3470494,1.7011651,0.5143756,2.103388262846977,0.40737374596314635,2.6289818609167526,0.8737412932067332,,
2022-03-15,387.7894737036,2255.480857036166,97.34204366273192,3.6008744,0.38162008,3.9343925,0.70736885,3.8854626174269424,0.6061830187489631,4.496233277929207,1.0725360576959762,,
2022-03-16,387.7894737036,2231.520321984141,98.23227971111496,3.7459764,0.3849209,5.3990326,0.7429303,5.154297214996954,0.6354995973020166,5.825713831968973,1.101844519865259,,
2022-03-17,458.6331316869503,2307.5288372799364,99.03792886505352,3.6068597,0.37657943,5.638473,0.723263,5.301628986628822,0.6065671606983014,5.980087558656378,1.0729112601310848,,
2022-03-18,969.4736841976,2336.627012594962,99.29089102577304,3.839589,0.4457428,7.7126393,0.9628528,6.57691462065364,0.6929471921406748,7.316327486641725,1.1592852041292003,,
2022-03-19,969.4736841976,3279.3492884901448,99.60980057767048,3.9031053,0.49001935,8.324465,0.86381,7.315622643564919,0.6760209396934103,8.090343227901112,1.142356276322275,,
2022-03-20,1008.292691580151,3241.068732721167,100.0,3.4905214,0.38013166,7.0532575,0.78257304,6.207887927020993,0.6036599981174986,6.929662578508084,1.069999580369462,,
2022-03-21,1158.400534120928,2606.5240802035323,100.0,3.5863767,0.41641876,6.6440167,0.8373223,5.703235117665192,0.5936834137098028,6.400889089934405,1.0600253954688332,,
2022-03-22,969.4736841976,2286.579063294783,99.92603012282282,3.5856557,0.42114574,6.5668054,0.8221481,5.679182716139129,0.5908175638271955,6.375687065834418,1.0571596672218408,,
2022-03-23,969.4736841976,2013.682812692968,99.80544517172424,3.4735875,0.4044689,5.5732393,0.7992476,4.89088921132399,0.55528796307478,5.549715826135658,1.021634419145088,,
2022-03-24,969.4736841976,1849.3101309468216,99.8583351026157,3.577474,0.42441466,5.8581753,0.88082457,5.073766148965404,0.5960303880195166,5.741333656262793,1.062375770996438,,
2022-03-25,1148.957418471511,1767.1832768850115,100.0,3.5747824,0.36453006,7.072489,1.053546,5.694394875411799,0.6544049986668087,6.391626314320156,1.1207470250550056,,
2022-03-26,1156.005994502669,1933.4744623691183,100.0,3.5537987,0.31977782,6.5073,0.95108336,5.402173919173783,0.6071193851833903,6.08543819528133,1.0734629371317626,,
2022-03-27,1274.709772006161,2233.567767553263,100.0,3.4172764,0.31894237,4.028873,0.7641614,3.806653335118775,0.5001198301213778,4.413657181322764,0.9664734339205263,,
2022-03-28,1065.5379720061612,1777.8050675532631,100.0,3.2693071,0.30111456,1.873186,0.9402403,2.396380018452124,0.5986186703687097,2.9359776208976127,1.0649835828360577,,
2022-03-29,969.4736841976,1546.7588275532632,99.97044612101207,3.2659926,0.2944,0.84444237,0.83108115,1.7774361407998105,0.5233164280094876,2.2874503416473204,0.9896870217799543,,
2022-03-30,969.4736841976,1377.1223675532633,99.84358675613076,3.2884784,0.29409906,1.2370143,0.8087206,2.084557030708208,0.4899118168414207,2.6092505602530975,0.956279536785307,,
2022-03-31,931.7458656232944,2882.791667553264,100.0,3.529376,0.37452996,3.6771507,0.7447285,3.6410550106069763,0.5702063731302193,4.2401438229688555,1.036561186970159,,
2022-04-01,2865.0996580932742,5522.297924404796,100.0,3.0511417,0.3512908,5.558838,0.95472264,4.702219456091068,0.6399449572581436,5.352028301537897,1.106292560498405,,
2022-04-02,2006.246253348544,3008.112258097512,100.0,3.2738466,0.32708296,6.199561,0.98317146,5.028981926119072,0.6041481548834701,5.694408900651614,1.070493797110797,,
2022-04-03,1768.7560382819097,2964.966370206598,100.0,3.0918117,0.33297622,5.271681,0.8709557,4.45717241059653,0.5595308840992725,5.095268844920139,1.0258800380751067,,
2022-04-04,1751.710382333392,2763.2767821036336,100.0,3.2947335,0.30690092,5.3393517,0.915226,4.54608720493838,0.5726552633166508,5.188433462491511,1.0390038466730722,,
2022-04-05,1422.5446947739013,2212.2082977153964,100.0,3.512147,0.34497932,6.574967,1.0179026,5.376261440878305,0.6340645300712473,6.058287189100704,1.1004082220116185,,
2022-04-06,1228.977037655637,2308.1382686381744,100.0,3.6486154,0.3635247,7.3302684,1.0024139,6.051071457343776,0.6662063768957042,6.765350817630581,1.1325466735810121,,
2022-04-07,5847.396308572303,9282.314928390106,100.0,3.9001474,0.42817163,7.129363,1.2348008,5.881321824337121,0.7754327492840623,6.5874877324262995,1.24177385102482,,
2022-04-08,8773.31507248861,14759.431148786429,100.0,3.5011077,0.41166595,7.212437,1.3255206,5.828805069063679,0.8453969254386772,6.532460855770335,1.3117382829207271,,
2022-04-09,3747.98370577852,9217.284990240769,100.0,3.4846535,0.38738045,5.893724,0.7816256,5.197312871253827,0.5668458154015151,5.870785489553259,1.0331904950738617,,
2022-04-10,2522.494599708479,7057.585299532689,100.0,3.2567773,0.3553712,5.5219445,0.7272945,4.925511906306434,0.543902679636596,5.5859933675865,1.010248929611122,,
2022-04-11,1756.097571382934,4954.073161185875,100.0,3.9022303,0.37040722,6.707624,0.83057135,5.973433242379693,0.6208200676773291,6.684001761384176,1.0871607284804865,,
2022-04-12,1474.9492078491965,4075.133411275772,100.0,4.144124,0.45182508,7.938932,0.91206276,6.930451653266963,0.6803591178066789,7.6867623809080765,1.1466957715267432,,
2022-04-13,1187.007032656417,2840.859212759006,100.0,4.8019347,0.6078147,9.150738,1.0797055,7.869151065775734,0.7823004123635351,8.67032841655135,1.2486341533471195,,
2022-04-14,1033.413085432702,2384.005417251869,100.0,5.3498993,0.8280791,10.035791,1.0819919,8.618797190931586,0.7952547889244561,9.455805063952567,1.2615869275984721,,
2022-04-15,613.9665568348697,2144.339369534223,100.0,5.6597333,0.8292917,9.847271,0.953528,8.915174180962524,0.7639210851393031,9.766347860992926,1.2302527676246233,,
2022-04-16,546.0849341346589,2019.745081935333,100.0,5.588872,0.73553985,8.386916,0.87076414,7.791409141152677,0.70308873426281,8.588870693678786,1.169422678198582,,
2022-04-17,571.4035808969461,2068.498713147064,100.0,4.733702,0.58708847,6.381268,0.7847314,6.024654439229528,0.6278709949549367,6.737671156352531,1.0942114147604471,,
2022-04-18,471.1665525484534,1634.8044528578514,100.0,5.647027,0.6934661,4.956586,0.6881655,5.11105751113689,0.5562767892188875,5.780407418071931,1.0226219580708849,,
2022-04-19,1174.0378430735475,2374.6318814641286,100.0,4.7945933,0.6370946,4.3705907,0.9249506,4.51086723892939,0.6538458002132478,5.151530102500722,1.1201946085158627,,
2022-04-20,1512.933907206312,3103.086934108532,100.0,4.838633,0.67520946,5.7934284,0.84861046,5.480487399932987,0.6118941472395136,6.167494792719583,1.0782372807673597,,
2022-04-21,1793.230041442794,5728.910614007063,100.0,4.884439,0.58144045,6.780663,0.81252116,6.328615380058338,0.6341553743775344,7.056160391114461,1.1004944257738556,,
2022-04-22,1622.9650892009613,6835.676918615888,100.0,5.141296,0.6540149,7.326715,0.784871,6.907397225779648,0.6465713236416288,7.662606030594486,1.112908061578345,,
2022-04-23,1332.347964200961,5828.483218615888,100.0,5.559787,0.84686065,7.90306,0.82283235,7.46706933927653,0.6880213897474338,8.249028557973107,1.1543562549801771,,
2022-04-24,1193.093702607747,4467.522877428642,100.0,6.0720935,0.9508419,9.018015,0.9394191,8.397100163632379,0.7680253880100701,9.223511676581834,1.2343579336081814,,
2022-04-25,962.8238036037076,3171.783791399727,100.0,6.5716977,0.95169055,9.968165,0.998697,9.177231829990804,0.7975411654930123,10.0409309698455,1.2638725283056156,,
2022-04-26,835.991080892076,2751.620780016105,100.0,6.5983734,1.1270658,8.91986,0.90007555,8.378903377730943,0.7386082389393663,9.20444514651691,1.204940820434055,,
2022-04-27,810.4502260436176,2588.129739468113,100.0,6.213313,0.8796904,7.2664847,0.83898747,7.015337729514727,0.6724735744678433,7.775705721431948,1.1388099233432132,,
2022-04-28,637.0110188804704,2005.6828300325813,100.0,6.308139,0.91558886,7.007144,0.8153267,6.838651521685738,0.6569747484979633,7.59057451684032,1.1233117411682232,,
2022-04-29,515.1869383969768,1534.9407306122214,100.0,6.2716913,0.98952293,7.816318,0.8701842,7.428160985610017,0.6973519520365941,8.208260518002888,1.1636869358722302,,
2022-04-30,438.1814732441947,1258.7830507171238,100.0,6.4569187,1.0579815,9.221532,0.94792193,8.507667643601806,0.7543586646088222,9.339363904137779,1.2206910002338025,,
2022-05-01,409.159856796907,935.5750743886822,100.0,6.926153,1.153765,11.856377,1.1155576,10.35626723596001,0.8518304291578015,11.276320237889122,1.318161325412028,,
2022-05-02,400.0994204231871,899.4992824388853,100.0,6.8715057,1.3423069,12.394211,1.0713321,10.693969736349052,0.8488859334312102,11.630163763418512,1.3152169889777676,,
2022-05-03,355.69378640545574,822.2690606072806,100.0,7.1006145,1.560766,11.962666,1.0609066,10.494536628433757,0.877801621644552,11.42119843467284,1.3441325673495301,,
2022-05-04,349.1227114692507,823.9433701573646,100.0,7.157261,1.5941577,11.429409,1.0288947,10.157951294993712,0.8645027211276072,11.068525472853764,1.330833584629751,,
2022-05-05,371.0300648028161,745.6979883325721,100.0,7.864399,1.7358847,12.324884,1.0963912,10.84289942824224,0.9320030059772375,11.786211785493512,1.398334173220145,,
2022-05-06,260.8771618415626,637.6252010058622,100.0,7.3894176,1.6009204,12.344744,1.0241551,10.905981342151387,0.8627227691635083,11.85230879925278,1.329053991365955,,
2022-05-07,213.89227881010785,589.3512428448178,100.0,7.1281314,1.6376692,11.077041,0.9374068,10.02550252413577,0.8143869059175963,10.929746103502287,1.2807177725998136,,
2022-05-08,181.8505184501642,503.2555813248152,100.0,7.3506107,1.6503011,11.568104,0.91509,10.44863733206168,0.8023273344988008,11.373105308833074,1.2686582613636739,,
2022-05-09,154.64685671591053,444.3564504953581,100.0,8.144579,1.7707512,13.991675,0.9584868,12.482109277730194,0.8453172236029485,13.503770262428436,1.3116512965188032,,
2022-05-10,125.65927141581405,418.2385004953581,100.0,8.734817,2.0161583,16.55974,0.9983311,14.751911024749958,0.8979463688118655,15.882060774026625,1.3642895392489267,,
2022-05-11,116.67150783152772,402.57173049535805,100.0,9.174212,2.394244,18.386837,1.06373,16.316803699486904,0.9846685080748652,17.521749969297996,1.4510213822999074,,
2022-05-12,141.09371258326655,396.78953049535806,100.0,9.26007,2.6052938,20.244175,1.2346113,17.362902507648325,1.1386467920793166,18.61784872457965,1.6050077149112454,,
2022-05-13,211.7436945027169,452.8337980601152,100.0,9.118861,2.6148944,22.188745,1.5386062,18.02449735690645,1.3391176118426444,19.31106554608346,1.8054842709371313,,
2022-05-14,177.41241165414925,416.2733280562504,100.0,8.670133,2.4674866,22.971514,1.5545291,18.69780066529954,1.3159693068408653,20.016550451045518,1.7823423176051674,,
2022-05-15,188.88724598807977,446.4516304033377,100.0,8.186568,2.1775663,23.381142,1.3941845,18.86377112131224,1.1742715982593985,20.190453727514004,1.6406462543619291,,
2022-05-16,238.73568547165928,610.1597238056085,100.0,7.8535423,2.029554,22.191288,1.302608,18.15906977008628,1.0965362897883513,19.4520700606005,1.5629041769334828,,
2022-05-17,253.4505059661037,577.9446889500659,100.0,7.7287407,2.1088295,20.336346,1.2195655,16.492922134848378,1.0639655749004953,17.706286263838997,1.5303197165571893,,
2022-05-18,135.57202787606195,400.561290495358,100.0,7.903617,1.7440376,18.195206,1.1254529,15.592771716172944,0.9494940224056856,16.76311173216115,1.41584205882595,,
2022-05-19,239.9534674174908,860.2381979937994,100.0,7.6025753,1.7257848,16.803814,1.0812454,14.79700986213999,0.92542756662535,15.929315181681238,1.3917709775231273,,
2022-05-20,343.1364561057157,852.948895363793,100.0,7.79498,1.6210053,18.64775,1.2412796,15.534276294751828,0.999900275227514,16.7018204295527,1.4662479469703593,,
2022-05-21,196.47083685247475,599.2297413980262,100.0,8.237008,1.2580485,22.191544,1.4322926,18.745951933914153,1.1224751258781074,20.067003185703033,1.5888486107436253,,
2022-05-22,192.04966048835672,633.2496211237376,100.0,7.8023386,1.1026087,24.239141,1.4657371,20.414247295667654,1.153552668589627,21.815037362965946,1.619944216744508,,
2022-05-23,252.6819383147859,669.2151865225325,100.0,7.490594,1.0282365,22.822765,1.2852468,18.620384527482724,0.9746122825233787,19.935434086474885,1.4409845366000402,,
2022-05-24,158.8758491958896,522.755500495358,100.0,7.3435836,0.9993093,19.520483,1.1685295,16.682269606025432,0.925940940659322,17.904683896886365,1.3922964845189199,,
2022-05-25,149.75254456731068,485.945410495358,100.0,7.3313775,0.89369005,18.719223,1.1955825,16.03656716426647,0.9378714225968633,17.2281190856347,1.404222353234294,,
2022-05-26,129.85631536153574,466.6682304953581,100.0,7.385396,0.76389164,19.2378,1.190245,16.65767275680851,0.9458748987240059,17.878911402356994,1.4122302581157749,,
2022-05-27,120.32909335763183,460.452190495358,100.0,7.3731103,0.701226,20.090862,1.234591,17.455936514979516,0.9895258921642721,18.715329439440428,1.455887591390006,,
2022-05-28,105.4825162964,436.3917304953581,99.96653121443984,7.114499,0.7064652,20.823357,1.2440208,18.154758153696243,1.0112513848583906,19.447552363685546,1.4776192323364261,,
2022-05-29,103.4105262964,390.099190495358,99.89620229046236,7.455838,0.7122843,21.572376,1.2798344,18.614382559637214,1.02260718155419,19.929145245083063,1.488979377252141,,
2022-05-30,103.4105262964,362.682290495358,99.79971357697232,7.629846,0.76402366,23.794952,1.445225,20.208451829731565,1.1372813036856393,21.59940557723472,1.6036704515465852,,
2022-05-31,103.4105262964,333.785960495358,99.68600671244828,7.7808065,0.7022088,26.603518,1.5488077,22.15136270334214,1.1940748313934133,23.63518094909531,1.6604885697118947,,
2022-06-01,211.5861031144549,372.088330495358,99.57931159711568,7.3344026,0.5990143,26.371979,1.5403203,19.470722976315677,1.0056666443022444,20.826415806425484,1.472047585596283,3.0810531144548854,4856.918946885545
2022-06-02,203.15417349192282,361.143200495358,99.54502310870257,7.452376,0.7263008,24.996487,1.5896906,18.680385458242025,1.050445800789774,19.99830285662156,1.5168186407354005,3.167383491922806,4853.751563393622
2022-06-03,154.13829302797743,313.711650495358,99.38270676364532,7.4219723,0.79756784,23.99683,1.5137658,18.536061399881614,1.0484994408837245,19.847080601618636,1.514870878559397,3.278822027977429,4850.472741365645
2022-06-04,145.91493624551455,266.78306049535803,99.18727015775848,7.5308886,0.7868188,24.17699,1.4312449,18.29153692266893,0.966127080694383,19.590868690260294,1.4324961969036323,3.374162245514563,4847.09857912013
2022-06-05,141.65448651008117,248.3156604953581,98.98405416967805,7.7064824,0.8021886,24.391335,1.4322859,18.330654817138292,0.9574349288727603,19.63185628636746,1.4238044118654496,3.461780510081173,4843.636798610049
2022-06-06,148.8294474341156,252.56823049535805,98.7525641798907,7.6969357,0.83705735,25.531912,1.9381629,18.919094192468652,1.2584075767620038,20.248421052359234,1.7247827883059852,3.5859454341155943,4840.050853175933
2022-06-07,173.7344620272034,277.92978049535805,98.5192074418421,7.437975,0.59107834,25.43554,2.4602225,18.512703962605165,1.530865739979101,19.822606758683776,1.9972369529503744,3.7712770272033898,4836.27957614873
2022-06-08,245.73582084110626,167.07794049535804,98.46135173959296,7.740558,0.6630856,28.077362,6.620711,15.971464266114847,2.708513079744092,17.159904491494554,3.17486357171458,3.8546008411062402,4832.424975307624
2022-06-09,440.1620143533983,543.557050495358,98.6091356857782,7.6009216,1.0080973,26.692863,3.54952,18.150233890899383,2.0124998358626827,19.442811856592414,2.4788676417401208,4.041854353398343,4828.383120954225
2022-06-10,145.32785568474264,340.40938049535805,98.59393016235327,7.757083,0.9568874,21.77352,1.413099,17.57993804780301,1.030865524381912,18.84525782165485,1.4972282738218299,4.176025684742666,4824.207095269482
2022-06-11,173.65208289667285,282.97497049535804,98.47859295253112,7.610212,0.8846173,24.02322,1.9679749,17.781467538784163,1.2651165286630468,19.0564197334108,1.7314810224402373,4.387315896672841,4819.8197793728095
2022-06-12,175.7743391415802,256.884470495358,98.33321834241356,7.483324,0.79689336,24.356743,2.519607,17.501655261060588,1.5306088495247185,18.76323338530246,1.9969709339128037,4.61262914158022,4815.207150231229
2022-06-13,188.23781595915563,255.04062049535807,98.18069268724427,7.6266203,0.76966995,25.652815,2.4247081,17.998006470838604,1.4328330743715847,19.283308486216132,1.8991994941610244,4.791838959155613,4810.415311272073
2022-06-14,167.01933953058386,208.31735049535808,97.99793068481436,7.788671,0.8080807,27.884756,2.6619182,18.94229204198677,1.5205333954034015,20.27272767978644,1.9869088408942863,4.9746455305838735,4805.440665741489
2022-06-15,157.12147778037652,196.01549049535805,97.79781089988812,7.972519,0.58135706,28.827217,2.9732924,19.548321683976415,1.6705304383261617,20.907723467054492,2.13691221355052,5.163493780376521,4800.277171961113
2022-06-16,513.486995553057,390.77830049535805,97.66066779988206,8.368734,1.0975833,31.929401,6.0802927,18.55047799611269,2.7005058748776314,19.86218626186889,3.1668774515559264,5.317215553056959,4794.959956408055
2022-06-17,316.51970655757054,407.897170495358,97.4959547763496,8.175117,1.0903921,28.177294,2.6971958,19.437735837033294,1.5916842026919473,20.791851994646294,2.0580647915685013,5.650726557570537,4789.309229850485
2022-06-18,267.08979425458864,327.071610495358,97.28897796803106,7.3709183,0.95891094,25.650076,3.2045102,17.433156378831143,1.8159087026956446,18.691460490654162,2.282270210899949,6.235154254588625,4783.074075595897
2022-06-19,240.6419389140219,276.31576049535806,97.029873337237,7.5201683,0.97775346,23.1531,1.8232005,15.876026347459709,1.0755544756430724,17.059904966565902,1.5419043333087719,6.553548914021898,4776.520526681875
2022-06-20,220.55843118963276,254.7482949694244,96.7476915415752,7.83427,0.9639616,23.98621,2.0036924,16.491162309364164,1.1633453230593105,17.7044423247123,1.629699451876014,6.861772886674331,4769.6587537952
2022-06-21,212.61322559734649,281.5654494194616,96.44046509718515,7.7727165,0.90993756,25.009888,2.7092757,17.593844169838995,1.5925184021467633,18.859828608788455,2.0588812704592225,7.3407128014188565,4762.318040993781
2022-06-22,217.41553024800257,278.95625860983944,96.12417054212165,7.7139807,0.72913516,25.132803,2.6167588,17.50319433286501,1.5048727533324882,18.764846019478078,1.9712348507282316,7.876603699901734,4754.44143729388
2022-06-23,1874.4824563971677,432.70235301536354,96.03442066032729,9.94024,3.7783725,35.638924,27.891548,14.759914896269139,6.065154695172972,15.890447203244555,6.531497908115779,7.323182459167383,4747.118254834712
2022-06-24,648.8227262148275,681.191690495358,95.8120668292472,9.733649,3.1401494,24.174747,2.7590241,17.129927054193214,2.084086403250285,18.37373784083613,2.5504454252673923,7.993026214827567,4739.125228619885
2022-06-25,489.7401975722442,600.918430495358,95.57512688353953,9.532358,2.3728714,26.970573,2.372292,19.14026358784788,1.686320990670925,20.48016158880783,2.152698457708805,8.680397572244221,4730.444831047641
2022-06-26,408.3127142746414,557.614150495358,95.31412558073,9.228725,1.3243513,29.896587,2.0709152,21.15995200724052,1.3200904344552449,22.596384210687958,1.786491085745091,9.490114274641398,4720.954716773
2022-06-27,400.02704774625823,502.020930495358,95.06371031611212,8.297424,1.1767322,30.692379,2.5279615,20.760991952211803,1.5005596257520646,22.178355228805593,1.9669553276860965,10.930967746258235,4710.023749026742
2022-06-28,303.96308973220573,495.5182604953581,94.82684139941948,8.189773,1.0581512,26.616444,1.50651,19.610616846957768,1.01671669466317,20.97299612588099,1.4830991443374097,12.108369732205716,4697.915379294536
2022-06-29,291.6339167160741,439.2188904953581,94.53611173589054,8.165372,0.97642845,27.566093,1.5348917,19.82457783879046,1.0013331166685182,21.197183721734223,1.467717916622179,13.403376716074106,4684.512002578462
2022-06-30,362.0613429964409,503.861517419278,94.23234361610564,8.211595,0.91788095,30.171774,1.6682163,20.989741210226555,1.0438138839513722,22.41803791941323,1.5102124014097171,14.855139159908038,4669.656863418554
2022-07-01,436.4868239523087,638.0302311033945,93.7902745910415,8.249079,0.82710004,31.946106,1.7873452,22.31997662406696,1.1132080801432678,23.811854038852925,1.579624156037315,16.6178100414824,4653.0390533770715
2022-07-02,447.03652626239875,728.4125756951883,93.53570217986102,8.026134,0.8954703,31.205513,1.7966932,22.390134045424922,1.1643100536970143,23.885364745130648,1.6307271117918387,19.148075408384358,4633.890977968687
2022-07-03,390.1671150654248,651.1346405134088,93.16098128873608,8.00578,0.87836075,29.794746,1.6496935,21.630601828218204,1.0827958932777857,23.08952948427245,1.5492026172394546,22.15733833715582,4611.733639631531
2022-07-04,572.9012996546498,780.40188332459,92.52152176224271,8.129988,0.8938669,31.695244,1.8392274,21.719234004880708,1.1260992685149813,23.182397976005483,1.5925071644097506,25.81514464148736,4585.918494990044
2022-07-05,517.4634135642092,739.1037090693616,91.9237701897446,7.930381,0.85187656,29.997131,1.8579462,20.90988415807242,1.147756689955228,22.3343639731438,1.6141542177086732,31.293051572437093,4554.625443417606
2022-07-06,491.40714916829006,692.8393050014669,91.40218426474097,7.766696,0.7774187,29.443342,1.8395126,20.4485431185312,1.1235094275489164,21.850972408927966,1.5899013804200746,38.76703240671486,4515.858411010891
2022-07-07,486.9424304127553,672.7937105362553,90.88012360956668,7.837826,0.774676,29.76735,1.9035356,20.559724268597087,1.1511983731298756,21.967467637913252,1.6175916472677483,48.77239446598208,4467.086016544909
2022-07-08,499.1031063748776,655.9176048626721,90.33192683398585,7.7090373,0.74977714,30.567232,2.1660721,20.689836918351936,1.2720300056234592,22.10379922755854,1.7384248439557446,63.96217121669879,4403.12384532821
2022-07-09,522.778586009284,644.4225179947308,89.75909514215968,7.7720003,0.7500774,31.380962,1.9842727,20.80672648392097,1.1458891011202008,22.22627571479478,1.612285361185795,85.9429018686843,4317.180943459526
2022-07-10,564.3712124880856,649.3561858317112,89.21401192632375,7.924754,0.7758299,31.748783,2.0707035,20.67084573115855,1.165104147691229,22.083900326535435,1.6314987565079782,116.72408429614417,4200.4568591633815
2022-07-11,606.8604669853792,659.7306975591532,88.62568870892214,8.117463,0.8085536,32.49344,2.2757993,20.81420365631226,1.2470959221779585,22.23411027046694,1.7134922737203384,150.4968781435198,4049.9599810198615
2022-07-12,613.6920837234181,691.5450824386162,88.01849791477107,8.086139,0.7603304,32.36728,3.5929978,20.950852989299808,1.9369298537650173,22.377290974458916,2.4033278883531453,161.62802500877197,3888.3319560110895
2022-07-13,557.3001526749529,713.7171968578676,87.4650557857187,8.068002,0.8000007,31.918465,2.7448177,21.46080518970592,1.580714878196274,22.91161714686005,2.0471193821156315,123.5190786784224,3764.812877332667
2022-07-14,525.1810116703058,715.2050213560769,86.9479885013513,7.8440084,0.7947043,31.459476,2.243837,21.460657507881397,1.3368320533050086,22.91146240634914,1.803236555307815,80.18313464215696,3684.6297426905103
2022-07-15,535.5484461839493,707.97675481951,86.33342237587878,8.137366,0.78515667,32.341545,1.7286936,21.917542163618304,1.040666254969756,23.390184586848207,1.507076805506836,52.8760810306856,3631.7536616598245
2022-07-16,399.9695888924116,545.9418508175213,85.80337020874724,8.026914,0.72593015,32.05083,1.7648381,21.8925476424931,1.0638383709909516,23.363995413052713,1.530248584464007,38.95726088917792,3592.7964007706464
2022-07-17,349.5888697352815,478.7914258385642,85.25004934096555,8.0888195,0.73485696,32.57291,1.7597703,22.240257930734938,1.0633483773430452,23.728325064484352,1.5297633440080856,30.07178584250283,3562.7246149281436
2022-07-18,235.56991116466298,308.8802237574892,84.89727757719216,7.9021487,0.6232318,33.404224,2.6551344,22.37011619140411,1.5302705485071602,23.864390106115255,1.9966873257792377,24.864227865023704,3537.86038706312
2022-07-19,166.0686993348708,218.0957874611597,84.62644472280951,8.225033,0.74915206,35.038574,2.7280247,23.447471709382775,1.582236089195721,24.993239535097697,2.048668631346305,19.950852369069178,3517.9095346940508
2022-07-20,242.0410361867294,339.00883015047623,84.19334539053894,8.320837,0.7673353,36.75294,2.6367853,24.909317479618764,1.5712663495221448,26.524956536081184,2.0377224041656667,16.871820787214503,3501.0377139068364
2022-07-21,279.1439012576172,389.8342244034885,83.71891149571957,8.205336,0.77297515,36.28306,2.6811934,24.567092112854944,1.595358704392063,26.16637396662495,2.0618090356798286,14.91802989136999,3486.1196840154666
2022-07-22,294.467541326924,404.8702015071127,83.2130806716494,8.138677,0.7646559,35.16828,2.37157,23.787026384873897,1.410228539181755,25.3490237633677,1.8766663249886864,13.350337352966113,3472.7693466625005
2022-07-23,293.5568085962544,403.1347428059642,82.71808057216566,8.481927,0.8195512,35.754837,2.4331076,24.263168392686527,1.449628977808069,25.847923731543744,1.9160743385156893,11.67175268079501,3461.0975939817054
2022-07-24,303.98653189910647,422.9480424794956,82.23661011712835,8.435215,0.79164034,35.152073,2.2506936,23.979726363076416,1.3507039516136405,25.55093414181638,1.8171447718533118,10.625447926905819,3450.4721460547994
2022-07-25,290.5894659000179,417.4070892292949,81.80170877517502,8.093087,0.7239223,33.35663,2.595209,22.987483402860047,1.558617030297002,24.511265359914546,2.0250426791584144,11.767991983751882,3438.7041540710475
2022-07-26,288.48602400594706,424.59415772470805,81.33716319598389,8.350791,0.76861864,30.347591,2.1313565,21.448494696341463,1.3066281896825647,22.898718253994087,1.7730325339272204,8.918506038959059,3429.7856480320884
2022-07-27,314.44104154504714,446.7873658968349,80.8417737789682,8.353955,0.7956979,29.683933,2.126018,20.873147389469587,1.2903841944208148,22.295871312580115,1.7567812693272273,8.254879585396948,3421.5307684466916
2022-07-28,316.58050173263564,443.36689839424673,80.3410451121602,8.0911255,0.73668504,30.12158,2.677317,20.944086548979968,1.5918568917446863,22.370201121421708,2.058254842491355,7.774388832873263,3413.7563796138184
2022-07-29,315.3082402685166,410.1682090873059,79.84132745708638,8.389784,0.7970149,31.55732,2.4955842,21.48819204197125,1.4528477551381067,22.94031299704639,1.919252614903307,7.101367935622762,3406.6550116781955
2022-07-30,323.5990976410061,444.5504578974304,79.29361326965373,8.4608345,0.8139217,31.121412,2.2561138,21.575169013999748,1.3499497233852937,23.031447171021945,1.8163557189550747,6.619689516916868,3400.0353221612786
2022-07-31,330.2925947466369,456.9066828081826,78.73224404231884,8.476684,0.8044658,30.106136,2.0579145,21.030863693213444,1.2412318430034133,22.461125916516718,1.7076308729553644,6.231198403851554,3393.804123757427
2022-08-01,313.5483916009622,424.1385666665717,78.23177650150767,8.539631,0.83221024,29.937931,2.0910125,20.842741663194904,1.2531997484337847,22.26401229652628,1.7195964497017218,5.85749993686258,3387.9466238205646
2022-08-02,312.0237678618871,425.46056458404814,77.70838254764061,8.418393,0.83093774,30.112701,2.7815256,20.934011763684623,1.6427440453408144,22.359644795828178,2.1091418713500483,5.577668454557508,3382.368955366007
2022-08-03,323.3978924995861,438.1934892426896,77.16537048644793,8.65729,0.88962245,30.312273,2.3748536,21.116822693330338,1.4176669918381744,22.551193463003056,1.8840670993083686,5.208342111980655,3377.1606132540264
2022-08-04,332.96650458502984,457.8557199879433,76.61391291777365,8.685549,0.87219757,31.561916,2.5136056,21.930087717322603,1.500899781990895,23.40332977513474,1.9673105019804447,4.925535747213009,3372.2350775068135
2022-08-05,328.12916672046657,461.0711972885575,76.08687385222382,8.963436,0.8772335,32.17851,2.515177,22.526280014828412,1.5140201540924738,24.028018026479913,1.9804391342787513,4.61621721737637,3367.618860289437
2022-08-06,326.42964425833554,444.6740020671133,75.55226470041113,8.943611,0.90717185,32.05046,2.6966457,22.268687958062912,1.6017975184765214,23.758113949935417,2.068212879891763,4.407553263767015,3363.21130702567
2022-08-07,339.9307233397773,461.1794997712778,75.0044761240145,8.700008,0.8611796,31.554184,3.0019662,21.856596527025722,1.766369947299277,23.326325957158737,2.2327796772053827,4.2939742761021655,3358.917332749568
2022-08-08,340.61923504482576,448.9852038546081,74.46208235685063,9.038546,0.8443439,32.043427,3.0285547,22.119590539380983,1.760195134347446,23.60189018430452,2.22660843583229,4.022545315145428,3354.894787434422
2022-08-09,326.2445193891222,432.267623350384,73.94631762990154,9.065144,0.92089283,31.296234,3.4995952,21.73439452158387,2.0333315677756585,23.19828311358342,2.4997396650288115,3.8649578096077817,3351.0298296248143
2022-08-10,320.41151509813466,425.2524715346391,73.42194109193953,9.042864,0.9532163,29.316761,2.9468613,20.605075558031096,1.7297898549291064,22.01498656395658,2.1961836720757852,3.740838355751084,3347.288991269063
2022-08-11,327.58669442055907,436.5383843635644,72.8757762760812,9.059499,0.97026473,28.63119,2.6101344,20.24064492814887,1.5480783059547059,21.633137395709774,2.0144678261046653,3.602919019624431,3343.6860722494384
2022-08-12,332.8514356377035,439.4739070434869,72.32436364212491,9.01551,0.955318,27.936445,2.49162,19.782031234386213,1.476368501503603,21.152603535077745,1.942752829929709,3.488129722034573,3340.197942527404
2022-08-13,336.7651228759032,445.4597262544919,71.76631863510717,9.052005,0.96858495,26.583008,2.2214966,19.03552273139936,1.332046287867381,20.37041447745978,1.798422679781975,3.363777433464411,3336.8341650939396
2022-08-14,335.7587092131441,442.708759069784,71.21607333742195,9.190921,1.0033298,26.603344,2.0880067,19.093238591345912,1.2638302213797967,20.430888958219978,1.7302072041730687,3.220286493343739,3333.613878600596
2022-08-15,338.23713528295536,444.8748760369109,70.65892507488249,9.206269,1.0095536,27.24429,2.5161328,19.453413804281702,1.4944086277954878,20.808279315136726,1.960789384012166,3.1100961732101227,3330.503782427386
2022-08-16,337.8563836417231,445.0939555577245,70.10290181252742,9.294702,1.0364676,27.357384,2.6936133,19.56302926499083,1.5952535042699112,20.923134020166046,2.0616354383284303,2.9934687636062853,3327.5103136637795
2022-08-17,339.0199902241401,444.4510759082521,69.54745977885773,8.856666,0.95090234,26.608131,3.7551632,18.92679891122557,2.1696213590136106,20.25649403033547,2.6359966481903014,2.9895047337184995,3324.520808930061
2022-08-18,340.07100889199137,444.94238207496585,68.9927338883323,9.42497,1.0600137,24.885767,3.0776954,18.188086408478494,1.8038530713554508,19.482473595119448,2.270221226008098,2.794215864958527,3321.7265930651024
2022-08-19,342.2015079878725,450.11820835944496,68.43000442661055,9.631506,1.100221,25.942223,2.9794087,18.89765244044457,1.75804406939096,20.225954457883365,2.224419065245252,2.673361570355857,3319.0532314947463
2022-08-20,339.4043805472563,451.823095283899,67.87526330306751,9.589251,1.099141,27.253963,3.7056031,19.676520668604084,2.167941052889722,21.042049924921056,2.634324220913819,2.6031916841522746,3316.4500398105943
2022-08-21,328.53336954794577,455.38735285414174,67.33963688989947,9.840588,1.0819155,26.95285,3.3692453,19.78127141391765,2.0090624271449395,21.1518073977881,2.475446747169061,2.4875275047372787,3313.9625123058568
2022-08-22,308.99248538298446,372.2977868999385,66.87724706727197,9.756949,1.0320917,27.135021,4.135104,19.25336810169639,2.3076426322101407,20.59867211178986,2.774021274307657,2.4405369176492053,3311.5219753882075
2022-08-23,285.0674945773913,360.5282307165028,66.43078571898963,10.071536,1.1420068,26.23915,3.8090737,19.10022180672163,2.1861025814750636,20.43820594741973,2.6524796360188305,2.3251764876171315,3309.1967989005902
2022-08-24,314.4156005175443,418.4318531043456,65.89639487472202,10.044335,1.174676,26.396759,3.8771255,19.38103279706446,2.2703543562276836,20.732438743196596,2.736734342225906,2.2719002629019656,3306.9248986376883
2022-08-25,330.6916883950231,436.5902968108397,65.33082258074383,10.150762,1.2104489,26.746933,3.3566508,19.59413122333662,1.979931027478673,20.955722545804036,2.4463132982365705,2.1991292579776194,3304.7257693797105
2022-08-26,330.9901778737178,452.1948834666079,64.76563859372455,10.10025,1.1849627,26.71312,3.2293382,19.69217793928102,1.930634339795678,21.058455559614647,2.39701767921367,2.1557098061625175,3302.570059573548
2022-08-27,336.27180778895064,454.0737993878925,64.18827599182417,10.192007,1.2494228,26.017338,2.7263079,19.28406500481412,1.6540849652623255,20.630836221944506,2.1204639287982356,2.0940185311869586,3300.476041042361
2022-08-28,339.2047326137115,456.283560420601,63.60646949406711,10.214187,1.1735703,25.867641,2.6957774,19.192840587891464,1.6252295278300033,20.535251589728016,2.0916075392787628,2.044423894254507,3298.4316171481064
2022-08-29,341.11983429642777,458.18055223912194,63.02896448427491,10.389546,1.2532048,26.127285,2.8768709,19.410842878720253,1.7336603949582974,20.76367364485487,2.200040697445085,1.972449282290331,3296.459167865816
2022-08-30,276.8565677284521,613.7839509720089,62.65794855749539,10.536504,1.219274,24.783003,1.8580354,20.354463224305096,1.3353787580023062,21.752395817353882,1.801769603875904,1.904224408636332,3294.55494345718
2022-08-31,253.13107135866096,599.0651414853678,62.34385459493201,10.592048,1.194243,22.488943,1.4691072,18.955163161458415,1.0919572091556933,20.286213994771106,1.5583327847153488,0.0,3292.6914007276428
2022-09-01,381.6914284754485,581.176196709835,61.727619570673866,10.48177,1.3665203,23.994415,1.9865314,18.63785233208624,1.3157354489185227,19.953736792427748,1.7821078731318376,,
2022-09-02,362.1169374229531,566.5864010044302,61.11911401138042,10.471293,1.2209554,23.373013,1.7737288,18.3424168592026,1.1822150057206988,19.644180513835913,1.648584599340686,,
2022-09-03,344.0956667349623,522.613601877479,60.53322252263585,10.409065,1.1424577,23.87199,1.8656529,18.52702124235907,1.2129585044004245,19.837608355468745,1.6793298550335158,,
2022-09-04,332.8814273816749,494.3866197454665,59.941645195902815,10.491975,1.0691577,24.61817,2.2871702,18.933980777050614,1.4329504243953293,20.26401916479697,1.899325785997591,,
2022-09-05,459.2142820988,579.484130495358,59.60577738836224,11.245588,1.0180541,25.185005,3.2266946,19.02231230208426,1.8555692545922702,20.35657263478101,2.3219455117979027,,
2022-09-06,454.1530920988,57.994930495358055,59.878314695043535,11.095804,0.9502977,31.708067,59.763046,13.429908206681864,6.819748125230802,14.496870740295437,7.286085280448127,,
2022-09-07,771.2357020988,862.7255,60.30378585962792,11.072999,1.3104161,22.38867,3.2997556,17.047631617522747,1.8487926302796276,18.287508963605692,2.315150995694687,,
2022-09-08,373.6721120988,466.03555049535805,60.40495271909215,11.161027,1.3286041,22.156227,1.9900328,17.26333420551118,1.2527546181970752,18.51352139795756,1.7191147210698068,,
2022-09-09,261.6832120988,392.6458304953581,60.17175597181964,11.027438,1.1925877,23.597153,1.9215083,18.570196754323,1.247796467511074,19.88284750931645,1.7141682346994702,,
2022-09-10,221.798991993465,561.087919777663,59.90924131148133,10.9114895,1.1452748,21.516033,1.3404531,18.51166936894506,1.0140044709879859,19.821522714983303,1.4803756740206373,,
2022-09-11,279.24925697950096,546.9383306304314,59.53745684254883,11.094222,1.3815264,22.445168,1.7616427,18.60857747793149,1.2562225102998317,19.923062700315484,1.7225946495732911,,
2022-09-12,289.2618525167452,456.7852371306111,59.16331720882838,11.330565,1.4462289,23.004257,2.0529864,18.478063416194534,1.376391772319175,19.7863105125675,1.8427626531883874,,
2022-09-13,116.34421758044223,416.2280143111829,59.3151618888816,11.402879,1.6245239,21.595667,1.4523367,19.36897933344002,1.1892497014780474,20.71980916521361,1.655629559795182,,
2022-09-14,247.40411751670905,436.0006574792413,59.320510845326446,11.24163,1.5827465,22.888794,1.7892809,18.672322943465417,1.2772627154303664,19.98985498119896,1.743635476411511,,
2022-09-15,262.6879239559627,547.1341879431079,59.077763309695165,11.095185,1.6953542,20.683475,1.3628118,17.573251639373105,1.072474780732822,18.838251825758338,1.5388374730946006,,
2022-09-16,278.9815249006552,597.3367574520782,58.709533359451726,10.916657,1.4945164,19.166952,1.1939064,16.54041810033505,0.942696059238621,17.756052374119093,1.4090505487717884,,
2022-09-17,286.60312096384484,617.2969454241321,58.29726795923571,10.898054,1.2649925,19.555857,1.1593065,16.810693458353708,0.8875244972585957,18.039245970360952,1.3538810154891852,,
2022-09-18,305.3506195994867,616.5530367456456,57.81700661318655,10.964005,1.2584743,21.073044,1.2700149,17.724753464062147,0.9461315627850896,18.996994919784438,1.4124955609779777,,
2022-09-19,296.3720108700784,635.8037291652794,57.390852000093005,11.067781,1.3486922,22.009636,1.3745859,18.53082900649016,1.0309598727632556,19.84159811770911,1.4973312600477702,,
2022-09-20,278.42064276749994,647.1712174065897,56.98432183003689,11.162717,1.4743042,21.022423,1.2802497,18.056595432649207,0.9989785033711926,19.344697800124937,1.4653454534984394,,
2022-09-21,320.31005415494366,622.6100861365063,56.55974806198268,11.524552,1.3513645,21.685396,1.5892895,18.23375664989862,1.145421947102104,19.530326717963547,1.611790524743856,,
2022-09-22,286.27466906039257,543.70298481951,56.47474475957333,11.4826,1.7514963,21.63364,1.8759487,18.13235850763783,1.3693642725843345,19.424082091114897,1.83573191432655,,
2022-09-23,304.98164858430374,558.6702143043116,56.45115245437686,11.113892,1.9836531,18.310884,1.3660328,15.769408163406617,1.127613578481526,16.948190797771105,1.5939627398541663,,
2022-09-24,298.4674672815672,617.5192175466937,56.27401357245599,11.048326,1.6132,16.428637,1.103498,14.675502113889253,0.9109011803491257,15.801999778417573,1.3772439486936832,,
2022-09-25,259.4591862927143,672.0390456024211,56.093538689196485,11.325915,1.4267642,16.04563,0.9814448,14.73100199611965,0.8119748133805943,15.860152365301726,1.278317873122865,,
2022-09-26,266.77411990500724,658.5832469345361,56.00012029519246,11.529292,1.6405923,16.341957,0.9946555,14.954499109072442,0.8513688265877624,16.094331876267002,1.3177130954411507,,
2022-09-27,285.6578630692977,642.6899792629883,55.83714134006112,11.600465,1.6061043,16.142836,0.99402165,14.74512252317592,0.8472301937057484,15.87494780528268,1.31357332814889,,
2022-09-28,297.71390865426,642.8153387252644,55.64501214869855,11.823552,1.4710124,15.309378,0.9797362,14.20597897334658,0.8155938956229394,15.310035036741525,1.2819343397402145,,
2022-09-29,320.289917802981,630.5332072192789,55.40047765249657,11.742545,1.6703149,14.917492,0.9985759,13.847993897883358,0.8689587680033001,14.934939498381922,1.3352976094309406,,
2022-09-30,342.88531360063405,619.7758593364041,55.10346133476541,11.587098,1.6555884,14.8991165,1.0073795,13.719425781964118,0.8765722547378422,14.800226266009862,1.3429105563422226,,
2022-10-01,335.3571959966111,646.9456573924199,54.85441074831745,11.911606,1.3194045,14.324926,0.9238185,13.5010211957698,0.7570228754100972,14.571382687174184,1.223360303327811,,
2022-10-02,358.3696724996068,624.2442840064432,54.5689526859476,12.107526,1.4271382,13.91586,0.9381361,13.256341567889981,0.7912736231505201,14.315008209477176,1.2576101370697,,
2022-10-03,382.8929725913441,607.2904744491863,54.251379365637,12.119986,1.603685,13.3001175,0.9799863,12.843773552293076,0.8635986459691487,13.882720853027948,1.3299337738119903,,
2022-10-04,239.6496474072,215.44438049535805,54.270846772507205,12.053367,1.7231231,12.648147,1.272516,12.33493924593688,1.0891534701732446,13.349566006190987,1.5554871566386268,,
2022-10-05,258.3408074072,211.92040049535805,54.33787884159101,12.705079,1.3481874,12.963518,2.5638733,12.821543097036125,1.3723977742181066,13.859427858000725,1.8387328329024042,,
2022-10-06,156.7384574072,264.547650495358,54.427572282967006,12.773665,1.2605913,12.973436,0.8330159,12.899112074745318,0.7025586397988115,13.94070436768813,1.1688939422535933,,
2022-10-07,182.1712905048634,340.87339742647794,54.421505126550166,12.799796,1.2072797,14.961805,0.86800724,14.208798913631236,0.7048477584988033,15.312989760532304,1.1711882158227103,,
2022-10-08,269.7551808679144,465.00515653642697,54.28538867910802,12.515079,1.4789894,13.485902,0.95020473,13.129480019502543,0.8102219085475935,14.182083112731327,1.2765579755312093,,
2022-10-09,318.2773253141555,504.17281651936406,54.06926414406647,12.711455,1.4279511,11.311007,1.1537693,11.85296170579941,0.8975543536858901,12.844551587192745,1.363886947951371,,
2022-10-10,337.3548595337289,514.3864627921716,53.81816776734254,13.030356,1.3083465,10.637409,1.132213,11.585199747474958,0.8579499713006828,12.56399152255885,1.3242820736024226,,
2022-10-11,351.79691334869005,517.5208691117714,53.54113150792181,13.256946,1.3020656,11.583895,0.9812552,12.260947641088666,0.7866948767017705,13.272037855558677,1.2530283782325498,,
2022-10-12,348.794750771856,511.2084854398325,53.25211225125612,13.442645,1.1896414,13.164284,0.86464584,13.277179801338237,0.7049519861631821,14.33684243925232,1.1712885752559414,,
2022-10-13,202.538971260204,323.95029748258804,53.212225448583794,13.395955,1.2609513,13.197092,0.8203917,13.273594115867652,0.7000851117469902,14.333085370273295,1.1664216878690719,,
2022-10-14,38.7789474072,32.315,53.613860690332,13.258605,1.3378819,12.638214,0.9109476,12.976612901257385,0.8390467268815909,14.021909468784152,1.3053822797654768,,
2022-10-15,38.7789474072,32.315,53.962776603124,13.118047,1.316878,12.110851,1.0213107,12.660236737513955,0.8552589543430301,13.6904116058916,1.321593528136884,,
2022-10-16,38.78248605113564,213.33788839513343,54.21128122147287,13.128618,1.2823545,11.979723,0.81415904,12.156452107106618,0.7166050346147839,13.1625477922524,1.1829382856356403,,
2022-10-17,38.78196522227904,186.6943645770557,54.43667376734871,13.064663,1.39945,11.172475,0.8514943,11.497931515843797,0.7449943565667777,12.472552167767246,1.211326316247683,,
2022-10-18,38.78185060387402,180.8309448273541,54.68311524525667,12.989472,1.4542316,9.06916,0.9870842,9.76145596818717,0.8523785622543456,10.653079024777341,1.3187094951492322,,
2022-10-19,38.7827871311291,228.7399381760348,54.90149892781898,12.955379,1.3831124,7.4152455,0.9686792,8.21839897929189,0.8521747338478629,9.03626918648931,1.3185076483705487,,
2022-10-20,38.78413330876556,297.6050086598121,55.09536052876768,12.952456,1.4269081,7.177962,0.8670756,7.843734713366457,0.784548767082147,8.643697249378365,1.2508825736568172,,
2022-10-21,38.78447830605948,315.25369210196243,55.2688554550255,12.837197,1.4005146,7.8212714,0.8449782,8.370760386825394,0.7678949809557617,9.195912948481498,1.2342275786366892,,
2022-10-22,38.78451697204712,317.2316895755717,55.42787368761745,12.8632,1.319877,8.620815,0.86878765,9.08298201709737,0.7873818817021104,9.942176338072628,1.253713350441071,,
2022-10-23,38.78526042498533,355.2637721213263,55.57324121062811,12.96571,1.2385463,9.231419,0.788097,9.598975537687327,0.7209087097971191,10.482832585111172,1.1872397230690543,,
2022-10-24,38.784251239850505,303.6378918818348,55.71143661978366,13.183957,1.0297537,9.817582,0.84072,10.19887269591274,0.7545650171784269,11.111402776853913,1.2208958837553536,,
2022-10-25,48.83911625899876,202.27299056371345,55.853244214599165,13.294216,1.008146,12.386551,0.88991857,12.563083884390238,0.7431696746030786,13.588615178488984,1.209503970713158,,
2022-10-26,91.0784608207638,185.43082589050755,55.9990984307078,13.234897,1.0076208,14.2491665,0.86571896,13.915079572571564,0.6687365474582135,15.005231638999318,1.135075678066719,,
2022-10-27,102.03994306659332,236.1892333550096,56.14027440928753,12.850971,1.3015083,12.99929,0.81707126,12.95454421640543,0.692621497233768,13.9987859762343,1.1589569781073379,,
2022-10-28,71.15628727845083,342.2920424162165,56.19794869451734,12.74056,1.3820761,9.760668,0.88063604,10.273520363404277,0.7668950076293887,11.189618347681257,1.2332258847489164,,
2022-10-29,150.50465793329565,339.639492863326,56.09645618808413,12.830134,1.379823,8.081557,1.3395482,9.539665003276292,1.0203498253045127,10.42068720989821,1.4866808754395695,,
2022-10-30,155.15503427890224,336.58290357173485,56.06051699078191,13.096961,1.3150514,7.7117734,1.2802514,9.410928385174902,0.9695727797355063,10.285797421515687,1.435903923728498,,
2022-10-31,158.6742261565802,339.6237991143918,56.014677359522814,13.353733,1.1422555,7.7373734,1.1661123,9.525804141891156,0.8740609536340753,10.406163846719847,1.3403920129640574,,
2022-11-01,135.55015141532897,302.5124935895959,55.94713961898181,13.39509,1.0302826,8.821776,1.0220666,10.236901311923278,0.7744666517996179,11.151249030715432,1.2407975229509853,,
2022-11-02,138.365545801284,298.49166266913284,55.87506613959648,13.299517,1.1061248,10.388069,1.0007628,11.310210342357763,0.7683169208210006,12.27585856388131,1.2346486032342145,,
2022-11-03,165.0910645799375,327.8952574044014,55.74574888783089,13.37884,1.1013898,10.108387,1.1020944,11.203595152637039,0.8205876651966142,12.16414753253773,1.2869192080834049,,
2022-11-04,181.81923990452617,351.61762846509924,55.71780797466646,13.568704,1.0185374,9.414942,1.2208349,10.830730364748817,0.8764107752945401,11.773461082362964,1.3427419324589602,,
2022-11-05,188.5571281337378,386.9085631048365,55.67946491079229,13.765801,0.9037636,11.722761,0.9084874,12.392183871964658,0.6788100350767408,13.409546729661928,1.145143868915612,,
2022-11-06,181.36532613803763,376.3342645834543,55.647770308773616,13.635343,0.9146877,14.275806,0.76693743,14.06752595994391,0.5969223947128443,15.164964442576157,1.063262201598147,,
2022-11-07,132.40631113783522,327.9171583459713,55.63030029935643,13.333743,1.0523924,14.483254,0.81569237,14.152611817494867,0.6551889704772383,15.254117113266595,1.1215291663747409,,
2022-11-08,192.96440304910087,377.6417934814879,55.28425985171141,12.980012,1.3086731,10.563579,1.0031096,11.380754477042718,0.7978725211257893,12.349774467061144,1.2642043030067147,,
2022-11-09,221.98990149745487,415.16613803592,54.8721585648491,13.328315,1.2572845,7.307754,1.5552329,9.405362165596623,1.1040021595370832,10.279965155668735,1.5703333080157562,,
2022-11-10,206.33038307057328,398.6495489904872,54.61338698648643,13.789046,1.0619574,6.4695725,1.4760687,8.965902986355095,1.0378952629470604,9.819501329875516,1.5042268774196277,,
2022-11-11,201.5915004059732,282.55705645231376,54.7023630592139,13.768458,1.1060579,7.491961,1.3159788,10.10539132861676,0.8955257002867005,11.013453319751251,1.3618565626494634,,
2022-11-12,631.4370474072,1188.438930495358,55.41407499714385,13.756114,1.1932727,8.57976,1.1204374,10.375784153064018,0.8407003562681291,11.296769996915458,1.30703125817694,,
2022-11-13,88.2355974072,728.205630495358,56.054821031207545,12.596227,1.1476773,9.00918,0.7116826,9.39684447261735,0.6467731506582673,10.27104034608133,1.1131043060697472,,
2022-11-14,49.1271274072,582.0781704953581,56.55006948812855,11.794493,1.1659775,5.9798694,0.8483419,6.432425361938835,0.7875607265606064,7.164932135272175,1.253899334819391,,
2022-11-15,50.07546648748483,494.7854825756429,56.93573621792236,11.37687,1.2548394,3.886742,0.81371707,4.575122620752765,0.7478777708063525,5.2188566719292195,1.2142261697834895,,
2022-11-16,187.2422374072,1040.740890495358,57.28642913695133,11.202934,0.9926052,3.7439227,0.7729807,4.881268965930434,0.6723731613570624,5.539635765897453,1.138719674936433,,
2022-11-17,38.7789474072,1017.974290495358,57.661438243230336,10.518331,0.93050027,4.3901606,0.6403967,4.615041804525147,0.6178407931504725,5.260683856229018,1.0841889402087639,,
2022-11-18,38.7789474072,728.0959304953581,58.26671465346959,9.668739,0.94410604,3.3672485,0.65526277,3.685899186949768,0.6239568683932082,4.287131397648684,1.0903113514566214,,
2022-11-19,38.7789474072,611.9069704953581,58.800858618567766,9.102626,0.9178812,1.9136344,0.61356914,2.3420769487853743,0.5795895060008808,2.87907905012655,1.0459548993865664,,
2022-11-20,67.4837116877403,534.6465474771617,59.24655633049923,8.346149,0.9159874,0.41528404,0.6218115,1.3041352893139773,0.5615849376339133,1.7915273273584875,1.0279601714155864,,
2022-11-21,126.05582173515012,529.7503632760732,59.30034315716023,8.568589,0.89152646,-0.73112714,0.7249094,1.0564183448108277,0.6101304809611381,1.531970359686101,1.076508245354746,,
2022-11-22,140.44992905660678,539.1692582438591,59.16147862059022,9.0782175,0.8246802,-0.62601626,0.8894522,1.3794582321042597,0.7259277537029561,1.8704504493355463,1.1923022319163914,,
2022-11-23,143.52013585069972,545.3851365774401,59.03609795386221,8.943058,0.8203422,0.1467576,0.8773959,1.9792972573132852,0.7153230683660671,2.4989597295024324,1.181691761110251,,
2022-11-24,142.55149435985368,546.656678743449,58.90950627104922,8.822944,0.817278,0.6697459,0.8512641,2.356102193850226,0.6960328158211079,2.8937746539625997,1.1623980846735567,,
2022-11-25,138.96415139172345,559.2605895214879,59.1446269341782,8.702936,0.6989853,1.285361,0.88536733,2.761643646065725,0.7226734742677786,3.3186996013198957,1.1890352395155919,,
2022-11-26,134.90469099802607,566.6260779775034,59.382783993016375,8.649914,0.7102647,2.6216784,0.99358267,3.780910811789158,0.8140562639346374,4.386684253374405,1.2804100537779213,,
2022-11-27,326.5940674072,809.7264904953581,59.79559248267047,8.203365,0.8318369,2.3514147,1.2648027,4.033345320801682,0.9324524043369583,4.651184269013527,1.3988044025290405,,
2022-11-28,87.29663240720001,3075.584930495358,61.12312837930809,7.644537,0.6290038,4.774585,0.6123961,4.853796450250697,0.5957467749583765,5.5108501578783216,1.0620934533489783,,
2022-11-29,38.7789474072,1498.651130495358,61.84189981520096,7.543762,0.65196383,3.993671,0.6291295,4.083215697262065,0.6134812898903995,4.703438278995362,1.0798329427486648,,
2022-11-30,38.7789474072,1380.5792304953582,62.53697908808441,7.751483,0.67400175,3.9069748,0.63288283,4.012012395034908,0.6158669111757715,4.62883170231806,1.0822190579590019,,
2022-12-01,38.7789474072,936.930930495358,63.64065043973937,6.666631,0.6519006,3.1770654,0.66284376,3.315755872183026,0.6370265788858922,3.899296497707716,1.1033838610236997,,
2022-12-02,38.7789474072,807.1511304953581,64.48377898425548,6.751197,0.668021,1.9627008,0.6037322,2.1822140637226988,0.5768694529784609,2.7115752656218133,1.0432362817158347,,
2022-12-03,38.7789474072,1043.452330495358,65.47244860021848,7.3642263,0.61797833,2.564022,0.60766053,2.736024918870385,0.5863048973708511,3.2918563865378565,1.0526668783820603,,
2022-12-04,38.7789474072,850.082260495358,66.38507663705995,6.430479,0.64310944,2.6967158,0.65596145,2.8596112378915435,0.6279704843682758,3.4213497091495286,1.0943314314463222,,
2022-12-05,38.7789474072,669.035080495358,67.04648425543417,6.5471125,0.6467444,1.3449919,0.64490986,1.6300000614829997,0.6106061845019073,2.1329673217241907,1.0769781961953293,,
2022-12-06,38.7789474072,965.630930495358,67.50433251543426,7.115355,0.693758,2.6678834,0.7947288,2.8395944394081205,0.7645147317520969,3.4003761761226006,1.230875845106933,,
2022-12-07,138.6802914072,1653.1073304953582,68.06452537559696,7.3485413,0.68057525,4.627046,0.66492885,4.8376836503644265,0.6157221831091468,5.493967221236338,1.082068958564139,,
2022-12-08,38.7789474072,1370.5166304953582,68.48746463074401,6.776391,0.58790094,4.8575697,0.71406794,4.910369031148108,0.6946076427414398,5.570126714758936,1.1609539826870832,,
2022-12-09,38.7789474072,1207.169330495358,68.88170368669775,6.2127113,0.6230886,3.4839191,0.6888427,3.568850188343173,0.6676848458292923,4.16448785702068,1.1340401970940506,,
2022-12-10,38.7789474072,978.624230495358,69.26323734802791,6.095346,0.6243678,2.1265688,0.59027606,2.2778411756091406,0.5682758583962843,2.811773026571498,1.0346418250198708,,
2022-12-11,38.7789474072,935.083480495358,69.51262209800868,5.719035,0.63125426,1.3553629,0.51011854,1.5291231811686505,0.49045030764431785,2.0272688713611804,0.9568233038128517,,
2022-12-12,38.7789474072,823.8441304953581,69.71817419215635,5.122732,0.65257204,1.1689972,0.6035248,1.3467360736541754,0.5771396081705737,1.836164283566651,1.0435144138246482,,
2022-12-13,38.7789474072,545.5711304953579,69.95134091976183,5.1623077,0.6439426,-0.21656048,0.5145931,0.14039480082821965,0.4823401878561241,0.5721640215709625,0.9487279195570862,,
2022-12-14,38.7789474072,548.2486304953579,70.16310701092846,5.1664944,0.6236427,-0.3291844,0.50687075,0.033859243754854905,0.4751762350769214,0.46053642904307435,0.9415651882771319,,
2022-12-15,38.7789474072,532.1371604953581,70.34322918122736,5.1617546,0.6625708,-0.2822702,0.6211951,0.08751014507777288,0.5807474010361915,0.5167516600527964,1.047135737471999,,
2022-12-16,38.7789474072,639.236430495358,70.57189692037568,5.220975,0.60023546,0.10697514,1.0521474,0.3994692837883197,0.9925639411367265,0.8436213792147389,1.4589487565306323,,
2022-12-17,38.7789474072,766.1421304953581,70.8443717782303,5.262304,0.52332705,1.686702,0.9504492,1.8589649572784845,0.9050103940340203,2.372875956861358,1.3713802143980243,,
2022-12-18,38.7789474072,718.921530495358,71.03034671234296,5.223933,0.51744956,1.2519927,0.787852,1.4552757634321007,0.7479988406656223,1.9498917994915927,1.2143725649010766,,
2022-12-19,38.7789474072,652.4490304953581,71.31379678931346,5.197152,0.5021002,0.8222417,0.72206897,1.0676808930846629,0.6821416365556708,1.54377121926833,1.148519284371476,,
2022-12-20,38.7789474072,606.0692304953579,71.36535791625228,4.746252,0.54458046,0.37550813,0.6101143,0.638349608898522,0.5743585329207693,1.0939193672936678,1.0407407273294327,,
2022-12-21,38.7789474072,553.868090495358,71.46951906346165,4.8726068,0.5391016,-0.24284685,0.60265934,0.09187499199425933,0.5643288328270754,0.521325131731408,1.0307171192298856,,
2022-12-22,38.7789474072,616.272630495358,71.56231884653599,5.0939236,0.61580867,-0.1449405,1.0350987,0.16519940932414195,0.9745031311197824,0.5981542055626774,1.440890580282263,,
2022-12-23,1101.7884474071998,6865.315930495358,73.94488004756532,4.478488,0.9212228,0.81783086,0.52848005,1.3240712109373876,0.4728796636377634,1.8124161178879579,0.9392546968099049,,
2022-12-24,38.7789474072,4438.632230495358,75.79707719194955,3.2942853,0.6434052,0.22123629,0.33315116,0.24785202723194538,0.33031274313943654,0.6847573360726338,0.7966992559194443,,
2022-12-25,54.9368420988,2478.297730495358,76.70344278493191,3.5344448,0.55821824,0.09867591,0.30905446,0.17318550624903525,0.3025944260497615,0.6065220106214739,0.7689817843957996,,
2022-12-26,54.9368420988,1782.337830495358,77.35689082305532,3.6593843,0.5224329,0.07053387,0.31027922,0.17784504810555843,0.30140656125105036,0.611404262650892,0.7677938666433106,,
2022-12-27,54.9368420988,1429.042430495358,77.8450554233522,3.909072,0.48093215,0.11116588,0.32210815,0.25176418218557733,0.31069427041461145,0.6888564786600166,0.7770807390669002,,
2022-12-28,54.9368420988,1238.088930495358,78.19491269867521,4.517997,0.44164804,0.13913202,0.38654205,0.3251770401146393,0.37059438121105215,0.7657782202487871,0.8369800250376274,,
2022-12-29,54.9368420988,988.849430495358,78.44076121746738,4.922956,0.46296585,-0.17543447,0.73390925,0.09290539883089256,0.6957087979390931,0.5224047884925628,1.1620970725338216,,
2022-12-30,54.9368420988,1165.525630495358,78.79223296489953,5.3161345,0.52836156,1.1615179,0.81306046,1.3485301763340591,0.7768262141690644,1.8380441382218,1.2432010018383775,,
2022-12-31,54.9368420988,1461.010830495358,79.44311167636593,5.403182,0.5903152,3.4010496,0.7698233,3.4736054378604013,0.7422338330998555,4.064690733042723,1.2085899023964486,,
2023-01-01,236.7785820988,1980.016830495358,80.34359422169867,4.4187965,0.40018165,4.4290915,0.71389705,4.427991841389547,0.6390758769990673,5.064693544253848,1.1054252202146186,,
2023-01-02,131.6079020988,1565.202830495358,81.1283932340438,4.8934145,0.5297401,4.5999265,0.6970165,4.622689967135457,0.6442660483260695,5.268697574868165,1.1106141473269697,,
2023-01-03,508.0726720988,2008.272630495358,81.92345444222386,5.138873,0.72886795,4.39933,0.7483745,4.548650491975425,0.6151342789466107,5.191119265886768,1.0814828459869699,,
2023-01-04,421.0970620988,2772.506930495358,82.93907475285447,5.3237085,0.6127295,6.1036153,0.78812724,6.000779603092058,0.6889611546079853,6.7126551846597335,1.1553016863721353,,
2023-01-05,186.6273220988,2095.355330495358,83.74838870368484,5.17345,0.60559386,6.3352947,0.75562537,6.240275609111076,0.6955935294196182,6.96359828109032,1.161932967622219,,
2023-01-06,86.6966760988,1715.549030495358,84.50215204291894,4.9944,0.61746836,5.623991,0.7046274,5.5937046616192925,0.6713888174277937,6.286123452500645,1.13773135844817,,
2023-01-07,54.9368420988,1506.772430495358,85.17145277741507,4.861458,0.62074727,4.214442,0.6319544,4.237202106326707,0.6101147550438726,4.864784712037088,1.0764653595534124,,
2023-01-08,387.7894737036,1266.569930495358,85.50876381037922,4.834538,0.6638316,2.4710875,0.6669129,3.0250911587766285,0.5337700620790773,3.5947390045881096,1.0001296520895584,,
2023-01-09,775.707751842883,2091.643968541917,85.19612273569233,4.744825,0.66786623,2.4788027,0.7044447,3.0918321108936446,0.544708783310069,3.6646699460737873,1.0110678348532764,,
2023-01-10,387.7894737036,923.316530495358,85.48116856123946,4.6851845,0.6317271,2.0872395,0.7210513,2.8556409231969906,0.5410698372016464,3.417189626984418,1.0074308172241226,,
2023-01-11,552.1729607148689,1515.3784972914823,85.1135111848284,4.616423,0.646908,2.1173244,0.6433323,2.7847489843803723,0.5021749184499137,3.3429092958243354,0.968536489746032,,
2023-01-12,387.7894737036,807.896430495358,85.33463808520885,4.811139,0.7060793,2.0010471,0.78105813,2.9124270237080427,0.5752844785900202,3.476689908986325,1.0416449891340727,,
2023-01-13,509.4714877036,2229.0692104565046,85.86845162678023,4.7682424,0.63253987,3.3464494,0.6624341,3.610956302968619,0.5518881290038244,4.208606499992669,1.018243166145583,,
2023-01-14,387.7894737036,1689.959731165403,86.14545552232404,4.457499,0.6318569,1.8963224,0.54141194,2.374338361984464,0.45588057087476347,2.912882448596432,0.9222456781406452,,
2023-01-15,387.7894737036,1331.3206118974056,86.27474073665311,4.4163237,0.6434875,0.14408898,0.41788805,1.1078013433784974,0.3546852688563312,1.5858092899413114,0.821062502566929,,
2023-01-16,387.7894737036,1156.4478790540293,86.3863421395125,4.537381,0.6289724,-0.37548423,0.4580417,0.8582364072088354,0.37763595501659847,1.3243160029177963,0.8440157945075568,,
2023-01-17,387.7894737036,1238.0057434817904,86.38266310782568,4.550608,0.62412304,0.15130997,0.5165989,1.200643556011658,0.4206043068805747,1.6830890429731098,0.8869805893733139,,
2023-01-18,387.7894737036,1263.2909663557723,86.46104809455892,4.70585,0.5631844,1.2833307,0.5918897,2.087178257941946,0.471794662253059,2.6119970731883906,0.9381623581335059,,
2023-01-19,656.0471337035999,2024.397014613104,86.61525467425251,4.6237464,0.7254666,1.8887117,0.623936,2.5581200348156354,0.5035685542867365,3.105448257162713,0.9699320543327564,,
2023-01-20,475.4910812820574,2759.9887885529533,87.08074975101879,4.65806,0.586706,2.5392876,0.67109185,2.8506656225550535,0.5789240967986491,3.411976523979011,1.0452851181300626,,
2023-01-21,450.2066880887488,2311.87423439262,87.30310142987184,4.545596,0.57423824,2.4552279,0.637258,2.7959484181827805,0.541537804768419,3.3546440242791493,1.0078992822735042,,
2023-01-22,473.1336002729392,2085.623202966507,87.35914813603166,4.540668,0.6172099,1.9647143,0.5620452,2.4410277300997265,0.47212046759125004,2.9827593405414037,0.9384849871759635,,
2023-01-23,470.9525035810786,2194.933869058586,87.45546003078564,4.4300675,0.5244172,2.0682974,0.5779827,2.4855250586896913,0.4848108779647537,3.0293834893314604,0.9511750082581778,,
2023-01-24,481.8601530586073,1987.075762052966,87.41904734329738,4.341185,0.50536907,1.8605729,0.52784723,2.3447119298979815,0.4361272210262311,2.8818399743291074,0.9024925909981794,,
2023-01-25,472.406860125997,1764.8332042104994,87.3507257304252,4.342311,0.5299585,1.665078,0.50054806,2.2303920619089066,0.41040517471895527,2.762056007433074,0.8767715678068112,,
2023-01-26,443.0094316487017,1988.0968980761409,87.47383927658396,4.228844,0.46468598,1.9402791,0.5413102,2.3573139078645706,0.4506958700476254,2.895044283764793,0.9170611281515553,,
2023-01-27,455.58995030314605,1667.8871174659416,87.52317158936862,4.1356187,0.44201222,1.6724758,0.5338541,2.2009407347431935,0.4299063466753234,2.731197007503165,0.8962730057614474,,
2023-01-28,405.4389871895075,1439.3725405262985,87.45175352556475,4.245798,0.435724,1.8336986,0.5640736,2.3638119539619606,0.4504031979476288,2.901852914253179,0.9167683984392325,,
2023-01-29,387.7894737036,1290.097952245918,87.42431965854165,4.2180486,0.4158579,2.4131236,0.6648951,2.8302737044715975,0.5201823218303563,3.3906099419174502,0.9865435127676057,,
2023-01-30,387.7894737036,1267.7133317744142,87.42185870191416,4.12458,0.42338994,2.511572,0.65810204,2.8894072644281743,0.5136125787731222,3.452569883901989,0.9799732791883258,,
2023-01-31,387.7894737036,1194.549105947328,87.478072312161,3.6467624,0.4100739,1.4655825,0.53047687,2.00013218054599,0.41288849998506233,2.5207904908450383,0.8792569991692667,,
2023-02-01,387.7894737036,938.595437793782,87.32419138240253,3.4113321,0.3930992,-0.36645782,0.43543208,0.7380384419821613,0.3288626687572179,1.1983729858294767,0.7952437886797771,,
2023-02-02,387.7894737036,892.1981722199822,87.21527091533613,3.4384804,0.37675703,-0.92157495,0.4443349,0.3993624557963915,0.3300814968510925,0.8435094452099697,0.7964663134317064,,
2023-02-03,387.7894737036,745.2341371471738,87.18366737079894,2.5129604,0.383573,-1.1581275,0.30804902,0.09834165888088954,0.24142944182328244,0.5281008831900242,0.7078176541405746,,
2023-02-04,452.3769137036,626.948610495358,87.02967701994041,2.6946065,0.35457042,-1.8126892,0.35240617,0.07645036056878034,0.25295902781698687,0.505163255650256,0.7193474911254785,,
2023-02-05,387.7894737036,740.120230495358,86.99431916457307,3.5762963,0.30774105,-1.7523025,0.49284273,0.07973645460454909,0.3402653636285088,0.508606413747984,0.8066537892258603,,
2023-02-06,387.7894737036,725.291780495358,86.91124146886143,3.4453063,0.3147246,-1.2878641,0.76133996,0.3611383064675467,0.5080674205223721,0.803458312205924,0.9744526625568997,,
2023-02-07,387.7894737036,721.954530495358,86.85305849238051,3.4697876,0.31899953,-1.2960404,0.6828625,0.3693327965204411,0.4580146903228465,0.8120444708718839,0.924399841007918,,
2023-02-08,387.7894737036,572.9132904953581,86.8573823222527,3.7638412,0.31068,-1.194811,0.7226036,0.8067582550903603,0.448800302026864,1.270377371097318,0.9151806878761388,,
2023-02-09,54.9368420988,629.3957304953581,86.68665573132702,3.9243126,0.30641514,0.7838729,0.5834189,1.0359810822950308,0.5371467487068445,1.5105562658833358,1.0035247250154338,,
2023-02-10,54.9368420988,998.306780495358,86.88405441048668,3.963808,0.30257127,1.8232626,0.48920852,1.9349127232357053,0.4639600575378184,2.4524537664168835,0.9303291642769365,,
2023-02-11,54.9368420988,769.507030495358,87.11020808676602,3.7430906,0.30764517,1.6261411,0.5278723,1.7672040684247774,0.49312381967384367,2.2767292111893505,0.9594945110455875,,
2023-02-12,54.9368420988,674.879600495358,87.1518774964803,3.9577985,0.30856478,1.1416528,0.42637217,1.3536378372715525,0.3949606314404931,1.84339592789244,0.8613353679288427,,
2023-02-13,54.9368420988,706.889970495358,87.30413564173215,4.1614366,0.313961,1.9683211,0.58022463,2.1264709904947883,0.5388593141683963,2.653167864041772,1.0052266502745946,,
2023-02-14,54.9368420988,698.1634704953581,87.41986793401941,4.194975,0.31869543,2.8234506,0.686465,2.9234999405794504,0.6368135649131866,3.4882920734333127,1.1031739843416621,,
2023-02-15,54.9368420988,707.837360495358,87.53530790271083,4.2928534,0.3376685,3.9538207,0.95888346,3.978238656487293,0.8901546360741779,4.593443694517618,1.3565070191673172,,
2023-02-16,54.9368420988,725.347860495358,87.6952452052271,4.1159887,0.35573187,5.059216,1.0322691,4.992807020004853,0.9599178198988513,5.656504957682865,1.4262636732130265,,
2023-02-17,54.9368420988,802.644430495358,87.8145025492776,3.771515,0.36293757,4.221651,0.9931181,4.192815255766854,0.9297894908421535,4.818276321749332,1.3961403947582838,,
2023-02-18,54.9368420988,707.550380495358,87.97722645201313,3.4752388,0.34799325,2.6098092,0.6148328,2.6721629545800125,0.5710850631304542,3.224942038655608,1.0374475852606544,,
2023-02-19,54.9368420988,681.325030495358,88.07878238362754,3.5925941,0.34947404,2.5050497,0.63876927,2.5861978125401586,0.5916818230778339,3.1348680566833864,1.0580450809773663,,
2023-02-20,54.9368420988,668.580770495358,88.22375079989962,3.6340408,0.36390725,3.1949348,0.8923333,3.2282762535040974,0.825041098647478,3.807635652290051,1.2913990652086182,,
2023-02-21,54.9368420988,692.665370495358,88.32410384516305,3.1881714,0.3473524,3.1704926,0.82918364,3.171791754407239,0.768675756502833,3.748451387218964,1.2350341696372351,,
2023-02-22,54.9368420988,684.098590495358,88.40865204091149,3.0440662,0.3569124,2.1516862,0.669963,2.2180220354762756,0.6207279852263567,2.749094736021783,1.087094489916911,,
2023-02-23,54.9368420988,968.037330495358,88.78754222963178,3.2040691,0.34942323,2.1938715,0.63515216,2.2481222012973685,0.6013354113329448,2.7806335868768546,1.067701644764161,,
2023-02-24,54.9368420988,1226.547530495358,89.53531634906201,2.6833568,0.36850116,1.6041031,0.6211737,1.6503703624218444,0.594753999866072,2.1543112534155218,1.0611258141742659,,
2023-02-25,54.9368420988,726.433490495358,89.90032660316811,2.769158,0.35409355,0.49157357,0.3400942,0.6517067185358155,0.31716136586985966,1.1079149011126288,0.7835434156510005,,
2023-02-26,54.9368420988,716.355330495358,90.25885124527905,3.2309756,0.35901257,1.2682226,0.6618255,1.4080236193979911,0.6152172831023488,1.9003811644960265,1.081591476471611,,
2023-02-27,54.9368420988,729.898280495358,90.57603489708733,3.61872,0.4015721,2.948379,1.0907164,2.995301530139328,1.0147578717291166,3.5635255335326974,1.4811177037271177,,
2023-02-28,54.9368420988,734.547690495358,90.87005324543443,3.3149433,0.39855623,3.4623141,1.2959505,3.452059225993409,1.2060898181972075,4.042114685900529,1.672446051365416,,
2023-03-01,54.9368420988,673.094230495358,91.27837817992116,2.6703045,0.37341052,2.3053155,0.7032893,2.3328573758367277,0.6508296775241706,2.8694188131064915,1.117195152895006,,
2023-03-02,54.9368420988,837.4558904953581,91.68378283161536,3.0883117,0.3713691,2.1411757,0.5571744,2.199482650227732,0.5233735690007274,2.729669231532077,0.9897402412817362,,
2023-03-03,54.9368420988,889.123070495358,92.12839374190295,3.3480215,0.42657533,2.3339045,0.9140048,2.3929181170395024,0.8611747576004866,2.932350252431386,1.3275397006264589,,
2023-03-04,54.9368420988,1061.125030495358,92.6340273556991,3.0003653,0.39398265,2.5662847,0.75473434,2.587651767082333,0.7178454515543703,3.1363915052825817,1.184208696939356,,
2023-03-05,54.9368420988,999.535930495358,93.30392964400356,3.14052,0.38044584,3.2045865,0.7819625,3.201248718186847,0.7414881251455014,3.7793162931736437,1.207846304934366,,
2023-03-06,54.9368420988,1034.515630495358,93.92793859897466,3.2884536,0.39992234,3.800785,0.7703268,3.774950184660895,0.7317601341802327,4.380438728644796,1.1981139672096992,,
2023-03-07,387.7894737036,1009.416430495358,94.19608990336606,3.0568218,0.38495794,3.4253893,0.7315887,3.3230947150046557,0.5392299549396916,3.90698611212964,1.0055871800577219,,
2023-03-08,387.7894737036,863.700580495358,94.2749557319493,3.0075016,0.373063,3.1708903,0.6396602,3.120262338618714,0.45633788123663427,3.6944590415002434,0.9226967049513246,,
2023-03-09,387.7894737036,781.334070495358,94.2677736957334,3.0103579,0.366796,3.082605,0.6575795,3.0586410899662084,0.45599535881790776,3.629892507803849,0.92235467751019,,
2023-03-10,54.9368420988,765.081560495358,94.48564639520023,3.029756,0.38997924,2.9907265,0.89961475,2.993341245040984,0.8397518949451587,3.561471553507552,1.3061117429025617,,
2023-03-11,54.9368420988,788.849630495358,94.69570434527542,2.7771955,0.37906942,2.2492409,0.65369254,2.283614686926271,0.6116304009473116,2.817822491993826,1.0779963158552874,,
2023-03-12,54.9368420988,680.259630495358,94.83896216759383,3.0291944,0.38442892,2.2293978,0.51786226,2.2891617961967827,0.48002580406682877,2.823634734125624,0.9463916693230706,,
2023-03-13,54.9368420988,724.711330495358,94.99200920691416,2.927668,0.39103967,2.5036993,0.85177225,2.533573683705131,0.7922325954197224,3.07972867437663,1.258596307895309,,
2023-03-14,54.9368420988,793.552570495358,95.16870443654136,2.7436006,0.39733115,2.1015828,0.7216366,2.1431512663179944,0.6754031490462125,2.670645400030657,1.1417703329573814,,
2023-03-15,54.9368420988,727.6090304953581,95.3138734088464,2.9948096,0.40056238,1.9648637,0.47121355,2.037168657674412,0.43903457393680045,2.5595971849773353,0.9054027302712992,,
2023-03-16,54.9368420988,711.113180495358,95.47542075065589,3.2724886,0.42161056,2.7034345,0.70127934,2.7442438606768182,0.6516892654142046,3.30046816566759,1.1180511771229233,,
2023-03-17,205.8573120988,1249.189330495358,95.6625135709392,3.2631564,0.419896,3.5537705,1.1202041,3.5126549919486827,0.9635527080665862,4.105606722332201,1.4299084817213576,,
2023-03-18,89.9366050988,2195.246035495358,96.25464505523551,3.2312326,0.42893034,3.905541,0.8411703,3.8790025832718897,0.8082411835410988,4.4894644762240645,1.2745942685220581,,
2023-03-19,54.9368420988,1698.209487495358,96.63724396544352,2.8948584,0.41947412,2.8186784,0.7919198,2.821065565758184,0.7672167227755387,3.380961685649983,1.2335779904555462,,
2023-03-20,54.9368420988,1400.032830495358,96.91647540150744,3.4536195,0.50098825,3.174345,0.6867374,3.1848898803353882,0.6610782358531974,3.762175558792775,1.1274365451072998,,
2023-03-21,68.5727850988,1648.127730495358,97.2875826419338,3.783588,0.59093016,4.5533724,1.0162051,4.52262370959008,0.9758987571109885,5.163848492271509,1.4422474901685338,,
2023-03-22,100.5298420988,2259.2012304953582,97.90560457883174,3.9909406,0.59328,5.568501,0.87581074,5.50129337937462,0.8388801029271323,6.189295226856843,1.3052231264701633,,
2023-03-23,719.1820237036,4695.078460495358,98.9909936925128,3.9870796,0.48801604,5.0393724,0.6847176,4.899595260407836,0.5972938672552224,5.558837994605572,1.063640271372696,,
2023-03-24,1303.7069783176569,5579.807230495358,100.0,3.8228397,0.46984807,4.8882594,0.66341466,4.6864736628244446,0.5450797299692964,5.33552991317743,1.0114274307893465,,
2023-03-25,2205.8402766169147,5002.989930495359,100.0,3.5971093,0.41425645,4.3301725,0.73814476,4.105861474176561,0.527728508230201,4.727166446635655,0.9940800052139023,,
2023-03-26,2084.568831291838,4676.283330495358,100.0,3.7428823,0.38255545,5.311563,0.8239384,4.827892769421117,0.5819726625561059,5.483708369652391,1.0483194971369296,,
2023-03-27,1935.8713863636071,4036.772530495358,100.0,3.6657457,0.39533025,5.9154963,0.87003833,5.186300385027365,0.6018375774459347,5.859246644129474,1.0681823190995154,,
2023-03-28,1856.0319409918072,4272.701554130095,100.0,3.6847868,0.3733302,5.4141684,0.7856834,4.890440671133513,0.5592928051048875,5.549245847257334,1.0256392638541807,,
2023-03-29,1597.8621720061612,3969.786867553264,100.0,3.7629342,0.36566314,5.320394,0.7496231,4.8734179221122185,0.5446931965921249,5.531409469022178,1.0110397571828489,,
2023-03-30,1322.0602399296072,3143.9630723331884,100.0,3.687777,0.35144612,4.7711535,0.7077897,4.45044556891724,0.5090109464760998,5.088220483203137,0.9753601439899917,,
2023-03-31,1085.655107409484,2538.433863661375,100.0,3.749651,0.35918275,4.3517585,0.72497165,4.171387326161407,0.5190692306666626,4.795824210356458,0.9854202799289394,,
2023-04-01,1570.2490232082027,5031.387572995384,100.0,4.021077,0.36438516,6.3082757,0.79181534,5.7642482866318945,0.6096682657995036,6.464818479814632,1.0760099419762552,,
2023-04-02,1677.92423856921,4015.018117078354,100.0,3.8534575,0.41393745,6.136741,0.77830917,5.463771571632681,0.5623071231086839,6.149980004966722,1.0286503453586051,,
2023-04-03,1319.0536039557928,2712.212163404773,100.0,4.06848,0.43864295,6.780055,0.91806173,5.892811925976137,0.6341229218817414,6.599527021646713,1.1004639680896184,,
2023-04-04,1141.6502619720643,2142.65960561982,100.0,4.380253,0.54823786,8.652236,1.1487088,7.1672632279200945,0.7732603811575715,7.934892739329757,1.239596205009402,,
2023-04-05,1063.7414698985683,1695.0783325902337,100.0,4.3323774,0.54867107,9.510759,1.1873893,7.514086867033236,0.7596117771868552,8.298293362835206,1.225946501408198,,
2023-04-06,1187.1734965831663,1555.7262313091712,100.0,4.4338417,0.592803,9.684864,1.2953867,7.412132566885533,0.7782328197380929,8.191465995653783,1.244567852936128,,
2023-04-07,1092.4217114431383,1213.2279684221585,100.0,4.0872,0.45787784,8.37991,1.1357883,6.346015216770555,0.6358060150745081,7.074391880543155,1.1021449913356935,,
2023-04-08,969.4736841976,918.805310495358,99.937481470476,4.0762815,0.42753577,7.9233212,1.1496217,5.948187402333404,0.6009123845312165,6.657549256482261,1.0672531652209447,,
2023-04-09,476.7553314825872,974.657558336946,100.0,4.0867,0.44072524,7.4102864,0.95043004,6.3185656781373325,0.6544485048062463,7.045630347794819,1.1207875997564583,,
2023-04-10,969.4736841976,859.782830495358,99.72395678380931,4.2792907,0.4867216,11.036415,1.4818354,7.455258352927217,0.7427225551022133,8.236653046850135,1.2090574561549223,,
2023-04-11,239.0070936940304,618.5468180701523,100.0,4.623176,0.60646504,10.04404,1.1550041,8.533201931269991,0.850069281939399,9.366118643471907,1.3164015710609465,,
2023-04-12,969.4736841976,844.3178304953581,99.59041259115529,4.9474063,0.6017927,14.565243,1.849445,9.4244979318573,0.9190420096774233,10.300015546144328,1.3853731428835456,,
2023-04-13,135.37131731590853,610.3728417185409,99.6968140908404,5.4662447,0.7815777,13.106237,1.2249755,11.719386618986642,1.0126000591289106,12.704592067833918,1.4789323977240785,,
2023-04-14,226.5809993328409,501.8014985554289,99.6479296175998,5.6851916,0.8475222,15.353825,1.156966,12.346162391186853,0.8395342814812405,13.361325579419507,1.3058679965446822,,
2023-04-15,38.7789474072,426.1766304953581,99.88555515871754,5.9924717,1.1366228,14.655259,1.0494874,13.932751877065046,0.9666161788639893,15.023748619237837,1.432955386507658,,
2023-04-16,182.0530226479138,584.3388797057611,100.0,6.182768,1.3093833,15.357885,1.0754589,13.178376590385627,0.87699811163497,14.233316772558055,1.34333434870201,,
2023-04-17,969.4736841976,829.8328704953581,99.52438937428526,6.1854486,1.28321,21.45631,1.6026162,13.228307966274143,1.012092275675407,14.285634697532172,1.4784286892473275,,
2023-04-18,38.7789474072,377.667860495358,99.82754771175168,5.48281,1.0747911,10.021866,0.9314577,9.599195280928468,0.85062993158947,10.483062831328086,1.31696094473231,,
2023-04-19,38.7789474072,405.986190495358,99.86313216368684,5.711646,1.0930649,8.310005,0.83897424,8.083454987430276,0.7717316302327769,8.89487533309967,1.2380648475489395,,
2023-04-20,38.7789474072,399.051350495358,99.8476271531136,6.1872015,1.2519276,9.380822,1.1798944,9.097960878932284,1.0810918789261192,9.957871138300572,1.5474233301514444,,
2023-04-21,38.7789474072,420.470380495358,99.89425855155868,7.62757,1.4891216,13.2353325,1.1405276,12.761813841264432,1.0517649979880073,13.796843747977391,1.5180998736552196,,
2023-04-22,38.7789474072,488.938680495358,99.98257043653152,7.6821046,1.6297061,14.86961,0.91554576,14.341441219180066,0.8566794983621533,15.451971914871327,1.3230205871651048,,
2023-04-23,1100.378163193701,2396.902532668348,100.0,7.080921,1.4292393,14.9453335,1.0790358,12.470888813002837,0.8655220986315313,13.49201349784235,1.3318561412114671,,
2023-04-24,1182.9236679503108,1167.6197043245493,100.0,6.763712,1.3781743,14.186331,1.800324,10.45085769647479,1.1317327727877764,11.375431799075194,1.59806370050857,,
2023-04-25,1028.6148426794275,838.4248800262282,100.0,6.69063,1.2852192,12.129181,1.9165149,9.132900667950803,1.1144815747556092,9.994480929798483,1.580812986125972,,
2023-04-26,544.2367559524155,974.77136786502,100.0,6.754885,1.1974452,9.807148,1.4438597,8.713570157922543,1.0210549955130097,9.555107854800513,1.4873869773840056,,
2023-04-27,969.4736841976,826.371470495358,99.9237298257321,7.1699557,1.217106,11.5683155,1.8884672,9.193893610597343,1.08942937901162,10.058389126609583,1.5557607241550655,,
2023-04-28,325.148807047784,767.2361881076241,100.0,7.196336,1.4033755,11.170094,1.3109816,9.987303040686214,1.0110879064580673,10.889720815322244,1.47741877778541,,
2023-04-29,969.4736841976,1243.055500495358,99.78818396386998,7.4444494,1.3839635,10.913698,1.4960613,9.393562140654103,1.0364483561888431,10.26760112987033,1.502779514294062,,
2023-04-30,1884.8588680064872,3126.145766060652,100.0,8.318631,1.3609456,9.197711,1.3948431,8.867050472105639,1.0095884691288366,9.715924003355353,1.4759202188547733,,
2023-05-01,5728.225426223046,10266.813700109084,100.0,8.335966,1.3087485,9.485584,1.6634024,9.073877112935401,1.1660407002253401,9.932636250615273,1.6323721797353712,,
2023-05-02,2852.3351256332426,8019.68763831826,100.0,8.458126,1.273865,9.522361,0.9974344,9.24315295064457,0.8080991686701297,10.110002894726437,1.2744304634330499,,
2023-05-03,2059.822237909449,6445.470155011663,100.0,8.752132,1.5064698,9.579174,0.97797513,9.378880077218248,0.8260616702446938,10.252217313990366,1.2923928405500036,,
2023-05-04,1697.640106350506,5277.541934943005,100.0,9.293278,1.4963017,9.601514,1.0195045,9.526494458089909,0.8530190964994048,10.406887157673173,1.31935015536625,,
2023-05-05,1437.5394808686992,3717.815178119357,100.0,9.487552,1.4109176,9.29197,1.1014396,9.346506954109982,0.8864039788484005,10.218296866259509,1.3527351769253948,,
2023-05-06,1225.8005605789474,2826.323890548166,100.0,10.190713,1.3581682,9.596287,1.2187549,9.776105513930313,0.9441531642784309,10.66842876873004,1.4104840914103496,,
2023-05-07,1074.1805338090949,2318.9783391044703,100.0,11.016204,1.4359994,10.626552,1.2914163,10.749904786612495,0.9927856855397214,11.688772317880144,1.459116780062451,,
2023-05-08,1010.523183747089,2181.361307304656,100.0,11.092075,1.3798277,11.569247,1.3125153,11.418178725984552,0.9977029921020836,12.388987467174003,1.4640348290622391,,
2023-05-09,836.6621203672328,1515.8438340978096,100.0,10.761278,1.4041176,12.16389,1.3417919,11.665054970663482,0.9984398639770189,12.64766355244436,1.4647721044168465,,
2023-05-10,717.9945890832583,1196.427181835146,100.0,10.951293,1.6375526,12.917177,1.4154403,12.179881873844598,1.0768847421345737,13.187097421749804,1.5432180482380309,,
2023-05-11,629.2679093014196,1028.0579855651515,100.0,11.030486,1.892039,14.007841,1.4900196,12.877373068902369,1.1706255812965956,13.917926311676963,1.6369608147396808,,
2023-05-12,554.5561858781466,858.1291524439878,100.0,11.292422,2.064593,15.566483,1.3764246,13.888680357015135,1.164440742796539,14.977570631180495,1.6307797589938233,,
2023-05-13,484.3851965249039,755.8260297038817,100.0,10.666348,2.1815124,17.606117,1.3117688,14.895674705627481,1.1683516817187034,16.032695867418536,1.6346956267949388,,
2023-05-14,420.3567916932744,665.5761018563865,100.0,9.976539,2.240944,17.358273,1.2236915,14.500856596685795,1.146729732988071,15.619006802487624,1.6130716073549622,,
2023-05-15,387.7894737036,634.466280495358,99.98651708307074,10.072198,2.3151627,16.924444,1.2221859,14.325066333105411,1.1604851765447708,15.434814365217052,1.6268261863019824,,
2023-05-16,250.04350430222507,593.2442693128853,100.0,10.217998,2.5223842,17.156864,1.1986583,15.099418797478608,1.127135224203047,16.24617823039581,1.5934803075976531,,
2023-05-17,387.7894737036,599.422630495358,99.9170397907742,9.329551,2.5155625,18.919813,1.1569253,15.152636074315291,1.2123922829973681,16.301939111151125,1.6787376715366984,,
2023-05-18,103.4105262964,448.50605049535807,99.9621354975832,8.736547,2.3248067,15.153594,1.0080782,13.951256220718102,0.9278064791775866,15.043137407263576,1.3941457678661686,,
2023-05-19,103.4105262964,428.9176704953581,99.94467554102842,8.59105,2.3687837,14.840301,1.0040545,13.62631588295742,0.9307200547285673,14.70266603211091,1.3970579771927625,,
2023-05-20,103.4105262964,424.517710495358,99.95830770872288,7.9102874,2.1141412,16.351072,1.0332724,14.697692266051295,0.9283571386532543,15.82525054399972,1.3947000230827609,,
2023-05-21,103.4105262964,439.2726504953581,99.94706854534384,7.9519043,1.8674784,16.630795,1.0228785,14.976996057539614,0.901198650527704,16.117904101968932,1.3675430442533891,,
2023-05-22,103.4105262964,406.60505049535806,99.89778821717152,8.023041,1.5475408,18.269499,1.1019441,16.191931652201877,0.9328690047765962,17.390909465006487,1.3992210018548379,,
2023-05-23,110.803985938341,396.0436736581648,99.82295756485794,7.779254,1.3149298,19.57412,1.1734079,16.995597011334613,0.9608910869146944,18.232987281113168,1.42724904116334,,
2023-05-24,129.397834586554,403.8076962676205,99.71416238445448,7.39732,1.206561,20.34674,1.1976044,17.20418699731829,0.9530646047493401,18.451547155397666,1.4194242259040042,,
2023-05-25,178.12524185123854,458.2857425167712,99.5446127133948,7.2860613,1.1004264,19.508713,1.1081198,16.087711552822217,0.8553454927373367,17.281708001135065,1.321696771388169,,
2023-05-26,202.54992436786912,469.67972582258585,99.33910142047156,7.5001497,1.0876052,18.906239,1.113753,15.46946300011294,0.8443555679575673,16.633909280983236,1.3107028402056125,,
2023-05-27,225.98272006625504,483.8131157754421,99.10116622223478,7.8166776,1.0559934,20.842663,1.2075342,16.695487767910652,0.8891000012204632,17.918533841725672,1.3554556444974966,,
2023-05-28,236.75394596837145,486.0000270197581,98.8456242051304,7.9792747,0.99663997,24.116976,1.3489352,18.830717193441874,0.9640252909983107,20.155819934880633,1.4303996169108464,,
2023-05-29,248.1873393144268,485.29715597782695,98.57126085526583,7.9691205,0.9110658,26.113045,1.4239802,19.973729852317827,0.9913037371181147,21.353464691657546,1.4576902064117183,,
2023-05-30,241.8333422108711,461.7176799790401,98.29597531707098,7.744896,0.87548864,26.674093,1.4209635,20.167513187864643,0.9798864878665129,21.556510208228307,1.4462751640143479,,
2023-05-31,233.4885735667351,441.2238538711997,98.02322805506222,7.9343834,0.8883452,27.226633,1.4733299,20.550426031101438,1.011330264805523,21.957724976449747,1.4777234279024305,,
2023-06-01,526.9660956864265,643.3194124772276,97.3368168533854,8.016727,0.891689,32.295254,1.8949121,21.36291277590459,1.1163607429146212,22.80904581030749,1.582763981897848,2.955095891814358,4857.044904108186
2023-06-02,628.4842455525339,720.40879481951,96.59974109876396,7.953677,0.87481207,33.94122,2.2432365,21.83294956004261,1.2654921350943136,23.301548745986945,1.7319015477381963,3.051499507832746,4853.993404600353
2023-06-03,703.3243285664707,724.73090481951,95.87554902167284,7.4594088,1.0070173,33.047462,2.3578718,20.445218327813496,1.2953178885166283,21.847488704579185,1.7617098020939117,3.250884507897164,4850.742520092455
2023-06-04,575.5511631967607,734.58489481951,95.33668099694668,7.4579906,1.0777994,26.261099,1.8928297,18.000772967424112,1.162127194451917,19.28620721188163,1.628493639194938,3.3779066457806404,4847.364613446674
2023-06-05,632.1966885337218,724.25715481951,94.74436069582592,7.494991,1.0426487,24.542732,2.0205607,16.59736371689727,1.183237263685277,17.815719796494136,1.6495921737081398,3.489379913541794,4843.875233533133
2023-06-06,707.2294532679448,719.7501048195099,94.07125970273786,7.1498604,1.0229508,23.516693,2.2911377,15.405079953017502,1.2619408762363045,16.566448944319074,1.728287756398006,3.6700795941165287,4840.205153939016
2023-06-07,737.293514477952,710.19686481951,93.40656891575576,7.1390467,1.0125601,21.132973,2.3192117,14.005028335031167,1.2493271976865172,15.099479644830026,1.7156667241075145,3.7944198537278098,4836.410734085288
2023-06-08,735.9040212842945,709.25072481951,92.74121709013536,6.86958,0.9262301,19.124481,2.372078,12.884020619528632,1.2560807950522055,13.924891592499646,1.7224160495409429,3.9713180276696556,4832.4394160576185
2023-06-09,446.6509066318624,677.4878176112592,92.1756413688209,7.0203457,0.767962,16.332422,1.868922,12.632480823714186,1.1669474788244463,13.661329054291047,1.6332819721843876,4.100023658880875,4828.339392398738
2023-06-10,291.8311816951518,453.51678429628976,91.74929610762844,7.2052307,0.69565225,18.357464,1.7424448,13.990953804374888,1.0946414419271098,15.084732399719755,1.560980905803552,4.264060066260495,4824.075332332477
2023-06-11,314.4695279504342,480.4007102854034,91.24364208964607,7.4945483,0.67342335,22.485905,1.7565597,16.554968378306643,1.0945429538916216,17.771298105640096,1.5608975505121512,4.41670664990916,4819.658625682568
2023-06-12,318.4458110025719,458.2973862671333,90.74407344242664,7.090785,0.5340868,24.844616,2.0453298,17.565977253219035,1.226497941135874,18.83062974881235,1.6928605714583425,4.709117469185067,4814.949508213383
2023-06-13,199.36832541019504,525.530430495358,90.5102885098478,7.3788466,0.5947168,21.237541,1.218598,17.42599551325573,0.8984618164828007,18.68395736018244,1.3648232647626988,4.865065410195038,4810.084442803188
2023-06-14,261.8980823303324,524.3178806225127,90.14698190528236,7.0054994,0.5289753,20.861452,1.2735686,16.245866026588452,0.8674136491006562,17.4474217181233,1.3337660228458792,5.189534963786647,4804.894907839401
2023-06-15,290.2761069403771,568.740590773687,89.78363234881287,7.2375526,0.5892088,20.493713,1.3036702,16.014234991948065,0.8858045901873762,17.204719511818187,1.3521553698032118,5.396612647819218,4799.498295191582
2023-06-16,279.93654799258996,513.589303592272,89.39396003055239,7.155299,0.5658501,20.990137,1.2710404,16.10954403597258,0.8465209958018733,17.304584002349404,1.312872423923492,5.709170722084366,4793.789124469497
2023-06-17,288.84738530569587,529.5140840114368,88.98643044325514,7.1957345,0.5385869,21.261333,1.2791666,16.296765073689777,0.8492244668373499,17.500753565686384,1.3155771991025655,6.020526925762591,4787.768597543735
2023-06-18,339.3367838663251,590.973944196742,88.49715978867968,7.0997024,0.53644866,22.67391,1.353612,16.993118314301206,0.8818560490903563,18.230390110834566,1.3482139838301255,6.409038908255563,4781.3595586354795
2023-06-19,321.3928712451138,534.6841291093183,88.01830168146934,7.3570943,0.56521124,24.088963,1.4395915,17.807397717400885,0.9238321986016514,19.08358928592752,1.3901969201896698,6.725601161162032,4774.633957474318
2023-06-20,312.1163864858887,494.6967436660767,87.5245822245469,7.3825216,0.56571835,26.289246,1.5271139,18.975162396875007,0.9615837605805314,20.307169125276644,1.4279595386177941,7.144443043490938,4767.489514430827
2023-06-21,308.31420106076007,485.4540526269617,87.01499482958157,7.334043,0.55768555,26.772465,1.4997253,19.22222394001997,0.9424362642106214,20.5660393656463,1.408814581287451,7.646819875855285,4759.842694554971
2023-06-22,328.18323266994804,502.6841862883323,86.48017715385454,7.2264223,0.54174304,26.022608,1.5309063,18.598327134300398,0.9506123684833208,19.912322425297873,1.4169844082191272,8.251368232320758,4751.59132632265
2023-06-23,329.72741160840314,494.35519673506,85.96065975248422,7.188364,0.41919905,24.335052,1.4867818,17.474413584911222,0.9075329861174981,18.734689650154163,1.3738948407174363,8.912179283094684,4742.679147039556
2023-06-24,303.540111133505,397.8419297277147,85.5887204573774,7.2954745,0.5810979,25.289902,1.7369972,17.50237636902035,1.0168580646313974,18.763988959757715,1.4832201551136794,9.598113376321844,4733.081033663234
2023-06-25,288.4570213397987,451.3458143245417,85.20870164734806,7.529871,0.60327625,26.514694,1.664087,19.11230901783752,1.0421353532129614,20.450870885908895,1.5085125320810724,10.30846488275118,4722.772568780483
2023-06-26,233.3540363658684,825.512430495358,85.10353642586207,7.169736,0.48032442,21.659828,1.2682941,18.466487357802148,0.9944361462021064,19.774181158154736,1.460806916396482,11.482930365868402,4711.289638414615
2023-06-27,135.29327386172014,941.973430495358,85.182502049294,7.449333,0.52977306,19.141321,1.1634126,17.672931481816097,1.0194737233181752,18.94269602393161,1.4858372718912443,12.49327386172014,4698.796364552895
2023-06-28,136.7507978927508,778.302170495358,85.0753187963258,7.3276286,0.5123508,19.527822,1.174005,17.704555093115747,1.0014862539484055,18.975831135751477,1.4678500765302183,13.950797892750803,4684.845566660145
2023-06-29,138.31505946055634,681.2181804953581,84.93058220997133,7.470743,0.52501893,20.668993,1.2264628,18.441485167128565,1.0233126137619573,19.74798394823267,1.4896831454415997,15.51505946055635,4669.330507199588
2023-06-30,140.14672148204713,605.692180495358,84.7393288248724,7.6568465,0.5717174,22.561813,1.3373379,19.761098307778735,1.0913459497993934,21.13067008613406,1.5577300469936453,17.34672148204712,4651.983785717541
2023-07-01,157.29143285843318,536.750230495358,84.72657457367265,7.507125,0.54935837,23.77171,1.405362,20.08564858667188,1.0939709277416003,21.47073275893867,1.5603586663565572,19.970976858433172,4632.012808859107
2023-07-02,185.22109847237445,902.586321495358,84.79827289705366,7.378479,0.525461,21.405678,1.2867864,19.01726499277476,1.0714273219917116,20.35128408133988,1.537803527781771,23.40311847237445,4608.609690386733
2023-07-03,150.04969060961287,1116.880160495358,85.66783416548958,7.6994343,0.5852902,20.269432,1.2538921,18.780695909883164,1.1075579166263942,20.103407804957023,1.5739317452305135,27.249690609612866,4581.35999977712
2023-07-04,155.419160225219,1812.6834304953584,85.91666809471754,7.8294373,0.62534803,19.638401,1.2547452,18.705858570652595,1.1567138581116596,20.024993496729877,1.6230869480300287,32.619160225219005,4548.7408395519005
2023-07-05,162.57709195280665,1082.365415495358,85.98107144556045,7.994384,0.65946805,21.832039,1.3545815,20.024978949436516,1.1808312444961013,21.407163320432232,1.6472182932515504,39.77709195280665,4508.963747599094
2023-07-06,172.8162256122517,859.7683434953581,85.91725352984514,8.03793,0.6706232,24.069637,1.4427959,21.38652609517835,1.206557232314298,22.833787765524445,1.6729607754190765,50.01622561225172,4458.947521986842
2023-07-07,189.63553500052276,872.3874004953581,86.0963704590931,7.6743345,0.58381927,23.230679,1.3994609,20.452927226795158,1.154289292321935,21.855566062580614,1.6206812970257802,66.83553500052277,4392.111986986319
2023-07-08,211.8118924826838,743.729085495358,86.3777666932444,7.9917674,0.6704537,23.820312,1.429077,20.311646551833327,1.12218250847568,21.707532654299435,1.588572853894757,89.01189248268379,4303.100094503635
2023-07-09,247.73290735258553,769.270530495358,86.47275495519399,7.5021954,0.5651872,22.885815,1.3723357,19.13850310902363,1.0471369987784227,20.47831696511368,1.5135144476420375,124.93290735258553,4178.167187151049
2023-07-10,306.2393513786734,225.9724604953581,86.8476330172895,7.6477466,0.62985283,30.360676,5.016452,17.29145681684695,2.160555638455273,18.542988173982845,2.626915971772884,159.7601863786734,4018.4070007723753
2023-07-11,281.3033378590356,337.57149049535803,87.0713940334699,8.001059,0.69166696,29.885565,2.9460435,19.938182285670887,1.63741455926242,21.31621807283816,2.103800628391682,158.5033378590356,3859.9036629133398
2023-07-12,237.67897866946532,427.570480495358,87.10258105603017,7.850048,0.65511703,27.996326,1.7561569,20.798504932058183,1.1527332999446986,22.217661200856924,1.6191294595004448,114.87897866946534,3745.0246842438746
2023-07-13,196.00115332745054,382.0335504953581,87.17907730434847,7.846976,0.6610653,27.926868,1.8552052,21.118138635491555,1.2464595128086013,22.552572302701254,1.7128596368401217,73.20115332745056,3671.8235309164243
2023-07-14,172.84795166722841,64.45793049535806,87.55578135863843,8.003954,0.69069046,34.046185,11.920733,15.077644122316569,3.2768041385141307,16.223362800194028,3.7431490979878017,50.0479516672284,3621.7755792491957
2023-07-15,159.71543954039242,64.63,88.47749979109348,8.050525,0.69485676,33.980915,11.589213,15.5206169598355,3.3750986707100705,16.687508225119473,3.8414462578602464,36.91543954039241,3584.860139708803
2023-07-16,151.93838872411752,64.63,89.15534567821628,7.9058757,0.6762214,34.3631,13.923324,15.801442980410643,4.182101293839066,16.98175676952238,4.64845066305576,29.13838872411752,3555.7217509846855
2023-07-17,146.32715358825524,64.63,89.74004778021389,8.042569,0.70287913,33.416588,10.260875,15.81629381824933,3.181160370308034,16.997317426644706,3.64750983627612,23.527153588255235,3532.1945973964303
2023-07-18,142.61915484761752,92.95756,90.20312274225093,7.982618,0.71981895,33.093212,11.011563,17.89115051816657,4.366913630383717,19.171345184275175,4.833279093038357,19.819154847617536,3512.3754425488128
2023-07-19,139.6087824511247,214.12085049535807,90.56372442986536,8.063032,0.7666881,29.291574,3.9186296,20.913167153547352,2.391261130732358,22.33780388458008,2.857658699029758,16.808782451124706,3495.566660097688
2023-07-20,137.6025951075172,260.199660495358,90.8298214023068,7.930113,0.71647894,28.019037,2.5169878,21.070137152448524,1.66489365476368,22.50227651285363,2.1312931759704767,14.802595107517206,3480.7640649901705
2023-07-21,135.9067103486515,296.95230049535803,91.07929456636454,7.9717245,0.74567366,26.495295,2.1558719,20.679365116300012,1.497399051429218,22.0928269091646,1.963793763154895,13.106710348651514,3467.657354641519
2023-07-22,134.51426231504965,355.18260049535803,91.28347210862628,8.048891,0.79331785,24.804129,1.5628898,20.201651902433134,1.1543370573114313,21.592280636655815,1.6207261266879027,11.714262315049643,3455.943092326469
2023-07-23,141.40371847799386,352.38957049535804,91.34456278500645,8.073044,0.7827083,25.434904,1.5868772,20.463124089668163,1.1544235072704407,21.86625030064272,1.6208156326153376,10.574315477993848,3445.368776848475
2023-07-24,163.06291551011896,426.653830495358,91.30951742241275,7.9503984,0.75492173,25.034948,1.5613931,20.310889660868717,1.1487760017480413,21.70673958653402,1.6151663383391963,9.716191510118948,3435.6525853383564
2023-07-25,131.61140326390333,508.509690495358,91.36042092923547,8.17966,0.81023204,23.05441,1.3575678,19.996103868216036,1.0912369612203288,21.37690810903394,1.5576236831224868,8.81140326390332,3426.841182074453
2023-07-26,157.95623587671017,439.142260495358,91.38209994463156,8.352574,0.8498756,25.21202,1.4967493,20.75202854725515,1.1235242385865738,22.16896340373188,1.5899198314139622,8.04143287671017,3418.799749197743
2023-07-27,208.06587555501494,250.42468049535805,91.5285095005582,8.113812,0.78363246,30.502514,4.20977,20.3423814553907,2.326687632298422,21.73973658118484,2.7930783367442853,7.5881105550149295,3411.2116386427283
2023-07-28,171.75434640288066,499.9518904953581,91.611210126284,8.4559555,0.8629239,25.84903,1.5495307,21.401644808183953,1.1742350379922382,22.84962910133098,1.640638776149245,6.9118157112806555,3404.2998229314476
2023-07-29,251.6322127582281,282.90783049535804,91.69830559917716,8.020686,0.8073564,32.091377,4.9143925,20.760212563068634,2.6285862014352164,22.17753858752559,3.094981893878523,6.662462066628083,3397.6373608648196
2023-07-30,274.26206023925494,347.253590495358,91.82235940785216,8.155233,0.8496067,29.047375,3.141256,19.828102900828988,1.7946815603852313,21.20087726968837,2.261066399498637,6.231015547654908,3391.406345317165
2023-07-31,213.27705234579742,362.168990495358,91.8157560377974,8.245455,0.89232165,25.505592,1.6231853,19.10848299554837,1.0737844303211759,20.446861992832925,1.5401615698182418,5.8530476541974,3385.5532976629675
2023-08-01,209.55851075943949,311.31336049535804,91.75227358990136,8.048925,0.84850043,25.483957,1.7324592,18.469450422977552,1.090272620274538,19.777285847716794,1.5566434187832012,5.601616067839478,3379.951681595128
2023-08-02,208.94989287545323,319.6850519735011,91.63700947142291,8.261186,0.9001104,25.075657,1.5796936,18.42951667710645,1.0193997340307142,19.735443405299733,1.4857701517869004,5.24448064850393,3374.7072009466237
2023-08-03,218.26050851278436,356.1277712275998,91.47604180455107,8.277356,0.89617616,25.054932,1.5809109,18.67965852339125,1.0376539207438624,19.997541176769822,1.5040267535668213,4.978258857428179,3369.7289420891957
2023-08-04,220.63228053390802,360.4453441189885,91.32265119184991,8.152759,0.8462496,24.723171,1.4781485,18.431468070704074,0.9715736297186042,19.73748806884082,1.43794406603818,4.777114603015939,3364.95182748618
2023-08-05,184.60636499721858,263.74976049535803,91.24880031665305,8.321206,0.88218206,25.822784,1.7796327,18.616676212750903,1.1081092633612712,19.931548526975124,1.5744814813637942,4.513070305618579,3360.4387571805614
2023-08-06,196.90959066965027,407.0702641256389,91.07376749086067,8.514711,0.89044005,25.076427,1.4258646,19.67697463334999,1.0038942465714606,21.042525587630013,1.4702774195609831,4.258856689350386,3356.179900491211
2023-08-07,664.7495194005975,77.38393049535806,91.1553321660748,8.458156,0.92411375,41.812927,84.8257,11.936132980478359,8.883615454597148,12.931698164494568,9.34994821836656,4.03192470899752,3352.1479757822135
2023-08-08,472.12340136019253,77.556,91.54138420625809,8.486633,1.076965,37.21214,42.670166,12.539605496119194,6.091115333420031,13.564014603515439,6.557449564043506,3.8800066685925474,3348.267969113621
2023-08-09,386.37755722011855,77.556,91.77065916736508,8.527331,1.0311476,35.097095,19.51653,12.969011837209596,3.3737167233637426,14.013945099857816,3.8400522513824003,3.731322528518528,3344.5366465851025
2023-08-10,344.4107149239144,77.556,91.9092615364878,8.29796,0.97767895,33.547558,16.823181,12.938747619058995,3.193352600022672,13.982234355532672,3.6596880296938648,3.6413202323143734,3340.8953263527883
2023-08-11,338.12343068581094,142.0651,92.01206453881,8.430826,0.97235584,31.155441,7.9924703,15.153966183027759,2.4617261224749893,16.303332794513302,2.9280715186825734,3.5131359942108986,3337.382190358577
2023-08-12,302.60515273123804,221.93877049535809,92.08296626917004,8.444681,0.99141085,29.830788,4.470864,17.493315552915348,1.9762297320190145,18.754495067615743,2.442591745970118,3.3977480396380257,3333.9844423189393
2023-08-13,301.1813902197719,286.273830495358,92.13306558235162,8.626498,1.0105457,28.901972,3.093944,18.50697470188012,1.5942483236943543,19.816603658880574,2.060619481643982,3.244005528171889,3330.7404367907675
2023-08-14,271.734385285726,291.61104049535805,92.16403859459275,8.865573,1.0972642,27.997723,2.5987482,18.76916994915054,1.4455964479003092,20.091330942700903,1.9119701623196417,3.090730594126013,3327.6497061966415
2023-08-15,616.9290040173336,214.95722049535803,92.5641747139876,11.287443,3.113078,35.731754,25.04448,17.603789104927667,6.870903985231354,18.870248877779304,7.3372669386908935,2.5047393257335995,3325.144966870908
2023-08-16,311.4233900948873,431.89193049535794,92.87290515324996,10.9257765,2.363411,24.625965,1.8069556,18.886060300063463,1.4431801574278573,20.21380825281779,1.9095550368919008,2.5122454032872708,3322.6327214676207
2023-08-17,347.8659093747593,436.801650495358,93.03060870861816,10.812432,1.950612,25.800396,1.7394193,19.155796544583062,1.298225443283898,20.496436967778198,1.7646030708294997,2.468534683159316,3320.1641867844614
2023-08-18,1566.8264131467836,4181.248230495358,94.34372414508712,12.987197,5.433897,20.729988,1.4773465,18.61943622157694,1.8299676570067325,19.93444045478843,2.296339901856866,1.9751186501628926,3318.1890681342984
2023-08-19,734.8118393575053,2165.547341776312,94.7396157992749,12.873939,4.7181845,18.722551,1.237068,17.240793518573952,1.5106378084981607,18.489903343236218,1.9769977273188961,1.958401563848387,3316.23066657045
2023-08-20,755.1396905900284,1540.65826015563,94.73907123097408,12.73274,4.5064006,19.26114,1.346482,17.11380278237148,1.735962734735216,18.356842883939382,2.202321627493197,1.9452883591046521,3314.2853782113452
2023-08-21,706.3736381417074,1322.3329866652884,94.54596044824557,12.182901,3.6455078,20.441252,1.3656825,17.56578374661754,1.5503502466928927,18.830426993256772,2.016712875365874,2.009467516862214,3312.275910694483
2023-08-22,619.9094178873672,1164.8780602881122,94.24760124631064,11.43154,2.8514082,21.0307,1.3188782,17.696628435624493,1.3121789273416686,18.967525611128064,1.7785426811340632,2.104881542116279,3310.171029152367
2023-08-23,512.3840237778636,890.9975628156767,94.04874191416052,10.52455,2.1400788,21.227404,1.2660531,17.319720197873927,1.1209938351610196,18.572602448009377,1.587354400988241,2.218272127515495,3307.9527570248515
2023-08-24,468.1618474893661,764.0546730773622,93.87172097435555,10.135717,1.6560644,18.856388,1.168221,15.543102449340056,0.9594814648759704,16.711068444159544,1.4258291913929402,2.226203785766083,3305.726553239085
2023-08-25,631.7925132822371,759.4139799545198,93.80462964023474,10.964055,2.301803,20.55656,1.228041,16.20028906451951,1.2418004674537952,17.399666333064516,1.7081525226807421,2.040069578637129,3303.686483660448
2023-08-26,516.6678848162296,694.231510495358,93.74334418695402,11.396146,2.2508163,22.082495,1.2542931,17.522831635917278,1.1997709455421612,18.785421918489483,1.6661332091428023,1.926827112629722,3301.7596565478184
2023-08-27,514.976333817202,625.004890495358,93.5620574866739,11.369532,2.3763123,23.72992,1.3452958,18.14622466815132,1.3024457163135361,19.438611006701834,1.768813485345731,1.8905901136019507,3299.8690664342166
2023-08-28,518.4078552097753,593.179110495358,93.34858570729666,11.354714,2.1881695,23.172997,1.3362492,17.661335734264192,1.2449356779787641,18.930546039284803,1.71129912636484,1.855261506175372,3298.0138049280413
2023-08-29,519.8090321784056,599.598270495358,93.15851900255724,11.600187,2.0164874,22.37489,1.2658038,17.37153854450221,1.156073798812479,18.626897534474338,1.6224347932977088,1.780698474805581,3296.233106453236
2023-08-30,672.8738275933105,522.583350495358,93.04325910527672,11.802761,2.2118342,25.35351,1.837426,17.726349017726392,1.481571976596747,18.998666735459704,1.9479359886817695,1.7155838897105335,3294.5175225635253
2023-08-31,569.423044105752,615.570290495358,92.90951458939644,11.791778,2.2911193,22.611122,1.4439079,17.412118970536604,1.3321750068877394,18.669417566155925,1.79853633921122,0.0,3292.8324221613734
2023-09-01,566.3648237036,671.8684069456301,92.71258822398636,11.583022,2.3302712,22.18356,1.4086887,17.334899819086424,1.3116025432497875,18.58850760322689,1.7779632343297096,,
2023-09-02,566.8932337036,721.7079715421328,92.48797171042249,11.346604,2.2956314,22.542881,1.3611591,17.617312528810047,1.2653455672123608,18.88441867509575,1.7317086366389434,,
2023-09-03,557.5471037036,713.9631460468227,92.24685716392908,11.118249,2.2556508,24.216652,1.4131585,18.473106676190895,1.2680420985965122,19.78111685733546,1.7344129320572261,,
2023-09-04,546.7887837036,695.6229360264829,91.99438067336712,11.012956,2.1466749,26.066536,1.5144581,19.44141424228627,1.2694764547163155,20.795706215096367,1.735857082829408,,
2023-09-05,536.7867737035999,681.413148035309,91.73222770695764,10.987771,2.1098728,27.780357,1.6155368,20.38088369848127,1.2965123796097369,21.780079099881807,1.7629035353397564,,
2023-09-06,520.7360737035999,650.719004162763,91.46031448860948,10.968086,2.0525253,29.124802,1.7132397,21.053765141231636,1.3183814787546873,22.485121975465496,1.7847807949566912,,
2023-09-07,532.1244537036,593.367030495358,91.19579705401746,11.36844,1.7932899,29.902988,1.6519173,21.139984207031,1.2154541960161596,22.575462017884934,1.6818545952666537,,
2023-09-08,522.2956837035999,566.6521304953579,90.96626080692025,11.421798,1.9809942,28.351692,1.7079071,20.23155027913131,1.3010156662282855,21.62360805355767,1.767405081085364,,
2023-09-09,481.4908037036,458.716400495358,90.76818836247492,11.615414,1.9200742,27.734842,1.5557663,19.479899545376373,1.2421777965505538,20.836030984118747,1.7085588361034993,,
2023-09-10,490.7642587036,563.914590495358,90.56315180460682,11.817739,1.846724,25.328903,1.4141364,19.041874008089938,1.1446094822560642,20.377069323465413,1.6109859390067225,,
2023-09-11,502.4567637036,471.130310495358,90.36241011838852,12.048774,1.8546273,24.430122,1.4487128,18.040254927887673,1.1864267665002752,19.327576275093023,1.6527935683211963,,
2023-09-12,202.2352279012,545.5084604953579,90.44265799731768,12.178563,1.7545868,20.555779,1.127144,18.29007156541061,0.949402497252815,19.5893332939341,1.4157715997563491,,
2023-09-13,636.1248637036,820.622130495358,90.31652776366968,12.217477,1.8959115,23.190453,1.4815267,18.398829377533513,1.1755590781311716,19.703289357706495,1.6419292045351561,,
2023-09-14,491.6147937036,722.172090495358,90.1703097568039,12.41454,1.9906813,20.154327,1.3182226,17.01951526957058,1.1248211499383862,18.25804875033234,1.5911792927995072,,
2023-09-15,489.5654137036,618.977910495358,89.95663994001303,12.295081,1.9906474,19.701267,1.3351948,16.430477112056785,1.1526869431759525,17.640856582415598,1.6190406313898225,,
2023-09-16,166.7128079012,565.333230495358,90.04907949950933,12.312196,1.9160005,17.39968,1.0474598,16.24107904231597,0.9190968126746878,17.442405932366086,1.3854491528540327,,
2023-09-17,490.1435997036,552.569730495358,89.7958508961252,12.256502,1.8812534,19.482258,1.3297902,16.085679126076567,1.1307576261596808,17.279578431338475,1.5971088909237328,,
2023-09-18,547.4217937036,763.8038704953581,89.63714744607563,12.319446,1.8977215,17.119745,1.2310064,15.115674777985788,1.0685971817518143,16.263211191202945,1.5349423580136694,,
2023-09-19,130.9436819012,677.270230495358,89.80931807732429,12.477677,1.8960537,15.642043,0.92647135,15.129364850880746,0.8349334212551648,16.277555602785107,1.3012786759601713,,
2023-09-20,457.6158037036,615.3502304953579,89.59580864248176,12.33776,1.9536797,17.15525,1.1889085,15.100609719801675,1.0766588106670587,16.247426074734953,1.5430039008549123,,
2023-09-21,461.3803397036,577.5252638693448,89.35478558345122,12.298763,1.9712762,17.264065,1.2183361,15.058963101783442,1.106844442805436,16.203788890737293,1.5731892963965077,,
2023-09-22,461.9280837036,567.7161771203982,89.09751659649073,12.219905,1.9442897,17.11621,1.2130938,14.919586966124873,1.0991931026064863,16.05775105222773,1.5655371788215189,,
2023-09-23,154.9750079012,544.968730495358,89.16924199808749,12.438336,1.7726929,14.437717,0.8678638,13.995033148414208,0.7814308326166931,15.089006722459615,1.2477703145976529,,
2023-09-24,720.2326237036,699.032050495358,88.96796947599194,12.050178,2.023527,15.578745,1.3350658,13.788106862302573,1.219370046645655,14.872190067213966,1.6857086342714651,,
2023-09-25,508.4853179012,848.459530495358,89.27522284114441,12.339117,1.8564879,14.61396,0.92907274,13.76151266870304,0.9063331073643398,14.844324762068078,1.3726715835989247,,
2023-09-26,571.8097537036,768.009630495358,89.26263027819446,12.510501,1.9172125,14.888548,1.0573608,13.873642097822627,1.018261695036214,14.961813594604303,1.4846006464157329,,
2023-09-27,585.5332337036,670.609680495358,89.13093834866483,12.475758,1.8858426,15.227494,1.163047,13.944811166526403,1.0762306802396628,15.036384301512829,1.5425699406558933,,
2023-09-28,572.1599537036,667.1725978987489,88.96355686461642,12.439471,1.7936366,15.477819,1.1632235,14.075111862754106,1.038179997756665,15.172912925609568,1.5045198389884868,,
2023-09-29,570.7290637036,636.0938272052906,88.78235127909002,12.545802,1.730811,15.28726,1.1495994,13.990773442154715,1.018405655130967,15.084543416801996,1.484745118207384,,
2023-09-30,548.4023937036,638.9016048010765,88.58927542232206,12.713569,1.7681861,15.341188,1.0735372,14.127520356889933,1.0003622050902279,15.227826366615613,1.4667022854088316,,
2023-10-01,530.2787737036,633.4476225308813,88.38152515733371,12.660145,1.7728474,16.505901,1.103799,14.753493671351285,1.0067756791714655,15.883719065725488,1.4731188580075945,,
2023-10-02,518.3347137036,607.2394444038518,88.15679910809881,12.571948,1.7153814,17.528614,1.1859143,15.246034944657264,1.0165370754771468,16.39980212822738,1.482883007390682,,
2023-10-03,506.1366187036,541.7525346137409,87.91946621236181,12.606595,1.7311318,18.57431,1.407622,15.691868762783088,1.108483571251782,16.866945278852953,1.5748322344019476,,
2023-10-04,163.4505420988,521.955200495358,88.01816123183148,12.514804,1.5829542,17.715046,1.1268935,16.474930289302975,0.9375172711302462,17.68743446957857,1.40387128168232,,
2023-10-05,484.8753537036,497.9383604953581,87.75979282152636,12.41549,1.6629182,20.539707,1.8491025,16.53158992751874,1.2452862873976236,17.746802244819765,1.7116407120750812,,
2023-10-06,204.5443220988,561.704690495358,87.84872355400445,12.624962,1.5242242,17.987774,1.1167628,16.556212176170796,0.9141890046481327,17.772601352790442,1.3805436104340179,,
2023-10-07,387.7894737036,193.71793049535805,87.95021472799917,12.773871,1.7269287,20.855022,3.638051,15.465950384358027,1.6718489500035294,16.630228774202518,2.1381962007378292,,
2023-10-08,387.7894737036,848.7798500696082,88.5403186803694,12.853057,1.8061001,13.585248,1.0690738,13.35563207921346,0.9269746446793468,14.419044467834285,1.393311521241995,,
2023-10-09,387.7894737036,1169.3564999279783,88.7711410819627,12.758295,1.7636876,12.296836,0.9364182,12.41175704853534,0.8291136983850179,13.430055437165132,1.2954475834739334,,
2023-10-10,387.7894737036,1193.540676299393,88.89937714414641,12.774245,1.6932331,11.62119,0.86893487,11.903953708847117,0.7762416924590695,12.897980833678691,1.2425743897083934,,
2023-10-11,387.7894737036,1114.961856285314,88.95161796432126,12.7460375,1.696495,12.14507,0.8763695,12.300151512225545,0.7838634474010026,13.313115537724169,1.2501970461379925,,
2023-10-12,387.7894737036,1013.437989290954,88.94651642559735,12.834769,1.6813586,11.71786,0.8799834,12.026964614427385,0.7884066118726591,13.02687124005395,1.254739569796479,,
2023-10-13,421.4737822132337,926.2125988195831,88.8596586530663,12.728421,1.6836252,11.552914,0.90335983,11.920540450595299,0.8140555761186158,12.915360364983496,1.2803883075076814,,
2023-10-14,416.6643983980925,953.285647586633,88.76518402013791,12.6513195,1.6252351,10.342086,0.76899076,11.044429298798232,0.7284768930651759,11.997374094966679,1.1948082518456133,,
2023-10-15,442.6506737036,561.0354272455727,88.67318649464524,12.702771,1.5757476,9.458503,0.8522783,10.889306283896616,0.8425594334678155,11.834836730214265,1.308890640699722,,
2023-10-16,413.2850467036,422.896870495358,88.56485894787781,12.789581,1.5713401,9.648113,0.9166809,11.200791851250619,0.9044894948564931,12.161210242927645,1.3708210342500429,,
2023-10-17,387.7894737036,493.08298072594647,88.50944601596044,12.777669,1.5135635,10.484423,0.7266368,11.4939862809699,0.780658112895751,12.468418364152486,1.2469900663348308,,
2023-10-18,387.7894737036,581.9197678470532,88.3948090288303,12.813949,1.5164003,10.59101,0.76155967,11.479969514341674,0.7593381429934061,12.453731643993352,1.2256700744002957,,
2023-10-19,404.6724597036,615.1016917977988,88.24365829508768,12.829005,1.5002098,10.009778,0.779407,11.12851947286644,0.7585638429702128,12.085483491907468,1.2248952954069396,,
2023-10-20,415.9977367036,626.0113662488312,88.07305979213787,12.842637,1.4572248,10.51111,0.7086709,11.441917772756407,0.720910312551139,12.41386115923368,1.1872421852796498,,
2023-10-21,427.1660187036,659.0853864362393,87.89269318250024,12.819482,1.4044431,11.3127775,0.74333864,11.905285742602342,0.7130568386348876,12.899376534094085,1.1793895386142559,,
2023-10-22,412.3759537036,720.7366871570383,87.72779823303225,12.694099,1.3212651,9.662304,0.7705078,10.765671336031597,0.6865936337148464,11.705292454466225,1.152924739870398,,
2023-10-23,404.9861097036,700.0918238233041,87.56382985386894,12.737211,1.4299021,8.095239,0.9003112,9.796416805288844,0.7745470723986649,10.689710870384832,1.2408779919464465,,
2023-10-24,406.0917037036,641.7462409347746,87.37689976438492,12.871354,1.4170324,7.5276704,1.0602918,9.598625760535732,0.8504574168507869,10.482466089807385,1.3167884303283242,,
2023-10-25,418.0676537036,577.0609031540746,87.16952518053913,13.010625,1.425894,7.9058146,1.1692256,10.050417999721397,0.9047399583097537,10.955852453651614,1.3710708228615234,,
2023-10-26,418.9088357036,549.0107014066919,86.95146157414334,13.097962,1.4355716,10.366198,0.9448669,11.548486366420457,0.8205161603288621,12.52552336738836,1.28684820156917,,
2023-10-27,423.2306667036,574.5603139346754,86.72506362523298,13.201359,1.4601952,12.599207,0.7935271,12.854620275180345,0.7696811372459085,13.894086012191561,1.2360162990378851,,
2023-10-28,424.5678017036,533.5585218403794,86.4935314418908,13.097972,1.4375823,13.470801,0.7970132,13.305592058295458,0.776398271328939,14.366612704969654,1.2427349637186667,,
2023-10-29,576.2671037036,608.6964946348974,86.2852092864236,12.79986,1.4727386,10.817836,0.9443481,11.781726464578803,0.8650345982057661,12.769911544947284,1.3313670535833266,,
2023-10-30,679.4914437036,868.9765585533999,86.36047945093065,12.738488,1.4230192,8.436636,1.1150227,10.324354526156398,0.8840085758008471,11.242882209645039,1.350339463747707,,
2023-10-31,387.7894737036,1104.1034160454617,86.60827644623197,12.570142,1.3784337,7.580074,0.7648033,8.877148067679578,0.6698816332286314,9.72650422948082,1.1362133686261637,,
2023-11-01,412.3720597036,1057.754451568612,86.69298676533262,12.315099,1.3312265,5.9239106,0.7804355,7.716645732098069,0.6743462770939207,8.510533849237296,1.1406804227266525,,
2023-11-02,394.3226277036,949.887957995086,86.75311962950022,12.268802,1.1740746,4.3006344,0.8756977,6.6380870891966355,0.7082018514433889,7.380423790073453,1.174539618183276,,
2023-11-03,387.7894737036,799.6347388981411,86.78528845022218,12.591241,1.1674287,4.3996167,1.0450114,7.0748406103505195,0.8003725763161224,7.838052636571269,1.2667087164167208,,
2023-11-04,387.7894737036,746.7461206659016,86.79060226013111,12.733249,1.0936897,5.954328,0.9728833,8.271394253908356,0.7414797212228526,9.09179745407716,1.207812522528208,,
2023-11-05,387.7894737036,688.0380378581401,86.77183877375352,12.515639,1.0474908,6.666035,1.0575851,8.774565476406028,0.7746232465156673,9.619018541005442,1.2409551329027315,,
2023-11-06,387.7894737036,629.4899784869401,86.72487592179351,12.418122,0.963758,5.6266055,1.3024671,8.21554870859606,0.8857483583030062,9.033282682597383,1.3520812790059442,,
2023-11-07,390.4693619036,592.844460495358,86.67268505757588,12.649438,0.9606012,5.396773,1.4933788,8.27677253898327,0.9778350472991946,9.097432802793906,1.444167837294104,,
2023-11-08,387.7894737036,578.394870495358,86.59659105565419,12.08262,0.84445834,5.5303555,1.1873344,8.160183918628212,0.7874575054983846,8.975271644924137,1.2537905480922074,,
2023-11-09,390.3459450036,560.087130495358,86.49547559192541,12.4075575,0.8635595,4.346008,1.4418668,7.656912402846101,0.9207372793522095,8.447945471035254,1.3870715907281332,,
2023-11-10,387.7894737036,555.0840304953581,86.30910141238279,12.1027565,0.81052107,5.340909,1.3018214,8.121953619499736,0.8357617595299979,8.935214068181061,1.302094888337772,,
2023-11-11,393.0721707036,546.854130495358,86.06975936160892,11.846353,0.76642036,3.827962,1.3030374,7.181210167318549,0.8230829443619949,7.9495062947562305,1.2894187213390202,,
2023-11-12,401.7681267036,537.920960495358,85.82605056502047,11.393149,0.7697991,1.8636284,1.7387087,5.938016233467873,1.0483232840983538,6.646891940513359,1.5146641132945764,,
2023-11-13,411.0682477036,531.9871904953579,85.5698215660506,11.383441,0.768977,-0.02970612,2.387804,4.945168299189498,1.3880631722843524,5.606589268857356,1.8544093058619269,,
2023-11-14,402.8874757036,513.882080495358,85.34390330806511,11.268764,0.7164065,-0.32316077,2.2143369,4.771075937967508,1.280521614093559,5.424175887873921,1.7468687939477496,,
2023-11-15,387.7894737036,510.507130495358,85.18136110288783,11.4997015,0.70620996,-0.09303099,2.2721148,4.911484902044995,1.3267575457512137,5.57129592047028,1.79310387905798,,
2023-11-16,397.5464577036,509.3727304953581,84.99670425680901,11.775912,0.71751976,1.0250125,2.3049662,5.737650824020924,1.3322476364649143,6.4369497494097345,1.7985894453306541,,
2023-11-17,74.0989280988,501.495460495358,85.14639494636738,11.778085,0.69479096,4.676785,0.79817635,5.590968158269105,0.7011518410070254,6.2832561536445874,1.1674943961756412,,
2023-11-18,412.4234077036,548.6894604953579,84.9761118411454,11.068395,0.6662934,2.7912588,1.8430014,6.343062856845801,1.090306025521223,7.071298407906136,1.5566450145067545,,
2023-11-19,59.0836087988,544.742160495358,85.15086449517607,10.909816,0.65767646,3.4251523,0.6893902,4.157517417544855,0.6252547004740319,4.781291367519945,1.0916058440961707,,
2023-11-20,402.7109847036,527.9653304953581,84.95417750280674,10.46099,0.67513275,-0.15881503,4.2021008,4.436458379041957,2.4016523277144297,5.073564753464632,2.8680016159231196,,
2023-11-21,90.12458913151433,570.6817217759624,85.09116129473428,10.050046,0.8513831,1.2478517,0.5344089,2.448345922676193,0.4759061630524153,2.9904273177070353,0.9422706184572982,,
2023-11-22,577.5562537036,895.851230495358,85.16047101082891,10.29284,0.75111115,-0.48981297,2.6484468,3.736844436909829,1.6369857810408353,4.340511656409211,2.1033398911158088,,
2023-11-23,387.7894737036,779.4839850289679,85.21143201219,10.147542,0.71600556,2.9768648,1.0537152,5.359094198018328,0.7427705727310299,6.040299410715304,1.209114357840233,,
2023-11-24,387.7894737036,760.8091333133516,85.18107388595368,9.71152,0.7202461,1.8265941,1.0602195,4.488700194136893,0.7431772339935546,5.128303548741395,1.2095261846021548,,
2023-11-25,387.7894737036,659.113730495358,85.12679733109661,9.482087,0.70164263,0.068840265,1.7472723,3.55565550753735,1.1303401458331601,4.150662515576098,1.5966955959510332,,
2023-11-26,442.1832267036,709.826570495358,85.08058005450347,9.26282,0.8850348,-0.8703712,1.523415,3.0191159244730774,0.9982528520646633,3.5884781745101653,1.464612490531887,,
2023-11-27,889.2420537036,2722.167660495358,85.86760401012015,9.163547,0.81079143,0.84599084,1.1672401,2.894033268949161,0.9021952392064684,3.4574169956258736,1.3685559014168949,,
2023-11-28,399.6500387036,1619.062330495358,86.11962318147368,8.63372,0.72276896,2.0744457,0.48303574,3.37300336801965,0.41298808817912935,3.959280228154556,0.8793449271612366,,
2023-11-29,387.7894737036,1362.2254877030953,86.20869706425569,8.41774,0.68555564,0.39843333,0.6163378,2.175448228338586,0.5032390560383858,2.7044860464341913,0.9696059461683675,,
2023-11-30,387.7894737036,1179.626889995125,86.26837468865128,8.643027,0.6637548,-0.12158722,0.99767166,2.0468380539260105,0.7685892542328846,2.5697287453165827,1.2349573213152027,,
2023-12-01,387.7894737036,1099.1199973124549,86.27759710049034,8.75015,0.62133545,0.84013605,0.9496993,2.903086150075335,0.7204752320274654,3.4669025735241528,1.1868358195436806,,
2023-12-02,387.7894737036,1129.7773578025026,86.23630442580354,8.89249,0.6081282,2.316462,0.8120083,3.996858921854977,0.6241666843673438,4.612953944919684,1.0905189370158666,,
2023-12-03,511.6678937036,1995.683624483766,86.33933364560814,8.764472,0.6494836,4.764173,0.59616154,5.58050234760335,0.49266722294466264,6.272290113004593,0.9590098323025106,,
2023-12-04,387.7894737036,2578.390109657528,86.74700808748831,8.60291,0.61103636,5.6245446,0.66871935,6.013927234331346,0.5867564691804801,6.726431227729331,1.0530969392094847,,
2023-12-05,387.7894737036,1943.5123580934453,86.82182509990137,8.342269,0.5930466,4.2141495,0.660703,4.90082215484865,0.5595655265065728,5.560123530406727,1.0259119233095948,,
2023-12-06,387.7894737036,1678.6358402786373,86.82443995729409,8.144171,0.58005214,2.9219222,0.6041082,3.9019397302274603,0.5026678249810033,4.513497940397397,0.9690207467288743,,
2023-12-07,387.7894737036,1482.114321954352,86.8114020276907,8.085327,0.56497127,2.4223185,0.55456156,3.5967399258684507,0.4549017996728849,4.193710628663367,0.9212569426459469,,
2023-12-08,387.7894737036,1351.4054722414894,87.10380584520811,8.221232,0.56532854,2.5379477,0.6567993,3.8051535024302297,0.5256886191928505,4.412085661758628,0.9920422338106689,,
2023-12-09,400.5748517941553,1263.0905723637509,87.40880377646413,8.356025,0.56444347,3.003518,0.7083167,4.292286580437367,0.5546766295192719,4.922502035713382,1.0210268655957562,,
2023-12-10,600.2209789511951,1999.3763510724548,87.7210498820597,8.187499,0.75060093,3.8426294,0.8558103,4.8458162965818925,0.6806456116641131,5.502488580142939,1.1469923380904867,,
2023-12-11,587.9932593450399,4118.460494075486,89.07373779497622,7.725453,0.6539749,4.97761,0.6668504,5.320907447648098,0.589230535741762,6.000287464212254,1.055574529304117,,
2023-12-12,875.0353428368863,2598.6931007688563,89.06091155240173,7.7167845,0.63754857,2.758943,0.80342203,4.007827821433785,0.6221256193063676,4.624447120403052,1.0884777952976468,,
2023-12-13,861.2997272416176,2441.144875590008,88.82326848797258,7.5993147,0.61365813,1.6273286,0.8582337,3.1848626974146184,0.6542773599088754,3.7621470766213125,1.1206356693783606,,
2023-12-14,795.9638352641575,2257.992523935195,88.53849556162207,7.535588,0.5884385,1.280048,0.8372286,2.910452263885909,0.6377346342633184,3.474620762395072,1.1040951610717857,,
2023-12-15,719.8812520635211,2092.719432723342,88.22876908608033,7.69329,0.5804064,1.5597203,0.9775692,3.1295990178796695,0.7423768843297751,3.704241982114031,1.2087356334256598,,
2023-12-16,595.217405270517,1902.2065714598616,88.00069772695014,7.674208,0.5488751,2.591175,0.8004432,3.802627276437659,0.6235478119383256,4.4094386907990835,1.0899014447842628,,
2023-12-17,491.158605043773,1900.0138351113303,87.93043520818227,7.4877305,0.86675155,4.382323,0.7923538,5.020188839093433,0.6542882928359331,5.685195534123814,1.120633986234766,,
2023-12-18,1979.3007216185324,9999.551488158782,93.9898842042638,7.4434853,0.7412426,5.5169272,0.6945533,5.835258047931864,0.5925854510288234,6.5392222649700145,1.058926776916765,,
2023-12-19,1901.1530424526657,6357.675615029758,97.63115355863188,7.0805244,0.68735933,4.639991,0.7912327,5.201792987435959,0.6293101022662414,5.875479739974387,1.09565475676298,,
2023-12-20,2712.9159479352,5955.811215029758,97.35988292218,6.99211,0.7020468,3.812643,1.3772818,4.807671020120049,0.9714274147310006,5.462520089859323,1.4377743717753348,,
2023-12-21,2712.9159479352,4909.974815029758,96.4321577412943,6.8553476,0.7304139,2.9241128,1.1699437,4.323202724065004,0.797146707496989,4.95489586532487,1.2634967383108917,,
2023-12-22,2642.1156663378506,3721.4269150297578,95.16686987363708,6.848972,0.71267754,2.824634,1.0045092,4.495521906742458,0.6577571634442579,5.1354513158906485,1.1241060701995864,,
2023-12-23,2338.493846108925,3171.4062150297577,93.93457659347092,7.102715,0.62102586,3.4849768,0.69868284,5.0204054574673,0.48082831933966036,5.685422506115478,0.947174011476817,,
2023-12-24,2032.730267887432,3020.946515029758,92.87547137832196,7.239124,0.55762494,4.408554,0.7234834,5.547088463373605,0.487180028534137,6.237279159328316,0.95352281173878,,
2023-12-25,1752.7465319825428,2860.693615029757,91.98815892796392,7.2678742,0.55328125,5.38364,0.77042556,6.099501567383349,0.521925157755011,6.816095721379996,0.9882652307979183,,
2023-12-26,681.7167149489261,2572.6229003691656,91.79790907368611,7.0373464,0.56756175,5.0402374,0.633082,5.4585903660293935,0.5143928826977057,6.1445511554466625,0.9807361325126259,,
2023-12-27,445.3778567036,2194.8494878672,92.00229403684172,7.0649157,0.6081375,5.490551,0.631484,5.75612932105364,0.5348890970530336,6.456311455435032,1.001230813647756,,
2023-12-28,873.0328237036,3100.976488173777,92.34339770549542,7.051688,0.5311671,6.6385803,0.7040633,6.729334194159313,0.5616463662408325,7.476032194740723,1.0279837751122258,,
2023-12-29,729.2254842713687,2820.311800859854,92.45956235198572,6.8853927,0.5089514,6.4429693,0.7351161,6.533861838923248,0.5933771390836868,7.271216929113193,1.0597153262426513,,
2023-12-30,859.3821846614226,2871.679342371184,92.42490430255624,6.799999,0.47754493,5.451047,0.7199415,5.7617535778230815,0.5649276323971529,6.462204532452493,1.0312693209850823,,
2023-12-31,932.736539305854,2661.825427364917,92.18473422107998,6.820728,0.45781595,4.9158854,0.6870027,5.410164334965102,0.5224217093205611,6.093810525633604,0.9887652182556742,,
