,Q_C,Q_i,cannonsville_storage_pct,T_C_mu,T_C_sd,T_i_mu,T_i_sd,Tavg_L_mu,Tavg_L_sd,T_L_mu,T_L_sd,thermal_releases,remained_bank_amounts
1979-01-01,38.7789474072,268.3482304953579,61.50192535043857,3.2769942,0.6051828,2.3743148,13.868982,2.4882902361462493,12.118076986810165,3.0322808328181554,12.58444109298676,0.0,4860.0
1979-01-02,38.7789474072,2487.517930495359,69.64398836949609,3.1958065,0.675637,2.639728,1.222938,2.6482639371737675,1.2042103672572477,3.1999007299120485,1.6705730930892608,,
1979-01-03,38.7789474072,4570.043330495357,75.42578001214096,2.2952747,0.64740765,0.28561497,0.55946356,0.30252438274942023,0.5547829496740028,0.742042843295746,1.0211688473557803,,
1979-01-04,260.0444474072,3116.6313304953583,77.27905586598507,2.115626,0.65754753,-0.018254638,0.29371968,0.14607971740485898,0.2757886582104975,0.5781206577270499,0.7421763250949152,,
1979-01-05,228.3976474072,1757.248430495358,78.19357173718035,2.3537312,0.6118384,-0.050281882,0.23941897,0.2262381523027176,0.22326205054669088,0.6621103918051242,0.6896488074389423,,
1979-01-06,92.60034740720003,1400.698930495358,78.8500978411584,2.5526881,0.6049171,-0.017266273,0.20517907,0.1420980772022568,0.19607734673187738,0.5739487087333195,0.6624650590090664,,
1979-01-07,108.27164740720002,2425.798030495358,79.42367118361805,2.4274921,0.6816472,0.07406855,0.39060694,0.17462183886876273,0.37505023963476664,0.608026995030567,0.8414375816548283,,
1979-01-08,322.3758420988003,5875.316930495358,81.51499149238262,2.7447119,0.5889552,-0.14574885,0.55193096,0.004599791521792636,0.5241180793483429,0.42987847501170556,0.9905073702985845,,
1979-01-09,740.1118420987999,2725.4877304953584,82.34895474785563,2.5089374,0.5509714,-0.72935283,0.34382236,-0.03778507622327154,0.2948881083633957,0.3854677554738496,0.7612778903099731,,
1979-01-10,446.2474420988,1231.9954304953578,82.80119282046553,2.5681753,0.5311685,-1.0403024,0.4375764,-0.08080244798675976,0.3509035191814045,0.3403943003875957,0.8172938015515937,,
1979-01-11,347.1595920987999,1061.287630495358,83.0754715856283,2.4852583,0.5456564,-0.8850347,0.43144834,-0.05431164600323904,0.3518254951053709,0.3681512721516523,0.8182154690562258,,
1979-01-12,292.8926420988001,849.8755004953583,83.25722626510665,2.4245205,0.5813023,-0.8398212,0.41999906,-0.003167104664703664,0.3460662570052643,0.4217403477373012,0.8124556377753605,,
1979-01-13,139.10536209879996,843.5846304953583,83.52761746206347,2.7731218,0.5531431,-0.8158444,0.39397788,-0.30780581483401376,0.34715367657384866,0.10254094857723334,0.8135466347282982,,
1979-01-14,54.9368420988,628.026430495358,83.98266677663223,2.96205,0.517445,-0.66879404,0.44413328,-0.37673279140129184,0.41052317812764894,0.030319498145121693,0.8769169604139445,,
1979-01-15,54.9368420988,670.2374704953578,84.34524356536306,2.670381,0.53241956,-0.5475851,0.39818946,-0.3038024999905327,0.37022758250620547,0.10673560818558558,0.83662049296155,,
1979-01-16,79.59410209879995,621.4934704953581,84.60739492280015,2.7510242,0.5221871,-0.52683866,0.4024236,-0.15470461445049694,0.3616290758944981,0.26295986298881013,0.8280202229125102,,
1979-01-17,87.8430220988,614.2824504953578,85.0496828328392,2.8219118,0.5274021,-0.66131055,0.36268917,-0.22552408637334756,0.3241008874578636,0.1887554623923014,0.790492868915573,,
1979-01-18,433.8039437036,577.794010495358,85.0791861435002,2.7303808,0.5019766,-1.1946086,0.43064004,0.48854613553348536,0.32686173026873444,0.9369557999793385,0.7932455606863169,,
1979-01-19,432.4684537036,538.8038404953578,85.06142978853944,2.5516002,0.5378546,-1.2646562,0.4032913,0.43456916583747734,0.3277263651077634,0.8803989156429017,0.7941107912980425,,
1979-01-20,387.7894737036,610.434230495358,85.0913576028577,2.7074773,0.5651782,-1.5125235,0.49962148,0.12686041262391204,0.3762372849124633,0.5579827358754805,0.8426251710743831,,
1979-01-21,579.5837737036,1362.533330495358,85.65937118520101,2.9864316,0.549498,-1.007887,0.44710204,0.184132901308577,0.35395302198954476,0.6179926537430639,0.8203402559622902,,
1979-01-22,387.7894737036,6434.085630495359,87.97695833076273,3.0978513,0.45612755,0.0013848543,0.46133387,0.17740348054757907,0.43588121090699405,0.6109415896730643,0.9022685213164234,,
1979-01-23,1168.509521861056,3859.750433948853,88.32302264648384,2.942298,0.43506053,-0.9077064,0.45298123,-0.01300985638925809,0.3621140608673866,0.4114271461260766,0.8285035555625444,,
1979-01-24,1558.542557750042,4008.827149803392,88.643958084578,3.1111352,0.4940483,-0.3528341,0.7619942,0.6168776137023801,0.5658425045790694,1.071421084125494,1.032224931908802,,
1979-01-25,2015.7214004078824,10059.784321009369,91.26394353034422,3.2378104,0.51482177,0.21330106,0.7185924,0.7181716894548952,0.6047772141718182,1.1775566704425033,1.07115854731957,,
1979-01-26,2919.690253964167,7075.67381502976,91.28246779162113,3.36094,0.4733795,0.79877347,0.7792068,1.5471936894075742,0.5686647645717585,2.0462030881229825,1.0350375835315242,,
1979-01-27,2651.085663647228,5236.923215029759,90.832727779457,3.3199694,0.48587048,0.84446925,0.9066694,1.6764615938923875,0.6237027561303904,2.181649556561944,1.0900743183114627,,
1979-01-28,2257.876434849414,4007.270805581955,90.32530921849225,3.2436583,0.47220457,1.717098,0.95357126,2.2672501984453395,0.6332127670417355,2.8006758369027116,1.0995788286319634,,
1979-01-29,1810.763131422404,3108.69253227977,89.62528779107552,3.0928192,0.46328858,1.7111205,0.9283718,2.2196989318679066,0.6109367832611422,2.7508517823287506,1.0773032728124416,,
1979-01-30,1150.0101713683755,2477.0982189184824,89.22498603105814,2.988196,0.44243154,1.3575461,0.9186646,1.8745595519376776,0.6428838727867573,2.3892159198378056,1.1092535460817907,,
1979-01-31,1000.5072272514644,2050.365541472568,88.86121885230313,2.9828787,0.43592766,0.49588573,0.9168835,1.3114734695726582,0.6325654613112398,1.799216247549219,1.098940621198031,,
1979-02-01,795.7365280524353,1739.73466245165,88.31104600646246,2.9585028,0.44461787,-0.43665302,0.84468406,0.6288883648565278,0.5961479554059513,1.084005908128111,1.0625302523820803,,
1979-02-02,578.9768537036,1114.06977800889,87.89737738090031,2.926098,0.44170684,-1.3080119,0.78610986,0.13994095414014826,0.5388845667783394,0.5716884825625985,1.0052723036554247,,
1979-02-03,570.2051537036,987.5157191934148,87.63356104746943,2.888844,0.43372473,-1.4156939,0.8197044,0.15998616293346812,0.5433631022070484,0.5926917838151207,1.0097506106929575,,
1979-02-04,544.1177437036,984.0675524465208,87.36856253138696,2.9368088,0.4261685,-1.1791996,0.898264,0.28632506243009687,0.5980044301310806,0.7250692508397651,1.0643905097090582,,
1979-02-05,515.8539237036,886.770000495358,87.20638413029525,2.8908355,0.4452468,-1.3169047,0.85321426,0.2306087130486888,0.563728400202422,0.6666898504147383,1.0301151076894373,,
1979-02-06,503.8053437036,875.431100495358,87.07050517045,2.7870698,0.454923,-1.3796359,0.71386844,0.14237185912014902,0.48261809960191515,0.5742355764910103,0.9490058087572675,,
1979-02-07,498.0107937036,843.9629804953581,86.92438836672676,2.8521218,0.48764282,-1.5473896,0.880635,0.08528325763163976,0.5826445522602178,0.5144183349989719,1.0490329142305934,,
1979-02-08,490.7411137036,675.1758904953579,86.8234299384468,2.861931,0.4538338,-1.5275024,0.8814485,0.32003516710626123,0.5450137179239772,0.7603905832872221,1.0113994193210696,,
1979-02-09,149.03016209880002,627.764890495358,86.67302267798385,2.6212475,0.50529456,-0.7009219,0.5296025,-0.06355500208293413,0.43883836546857713,0.35846611524817984,0.905228446944127,,
1979-02-10,137.35022209880003,609.0509904953581,86.67337175331883,2.4715443,0.5577519,-0.5171851,0.42028376,0.03279075767725245,0.35797352513266273,0.45941687298339945,0.8243624906494869,,
1979-02-11,123.94372209880002,594.5750604953579,86.65576289168797,2.2086916,0.5957604,-0.6169685,0.35498226,-0.1295451634953479,0.3112061533238086,0.2893218496963347,0.7775970052777454,,
1979-02-12,124.2872820988,561.010480495358,86.63315939687698,2.1914048,0.6016184,-0.50062096,0.35908374,-0.01238856662578641,0.3135559866760896,0.41207813141646943,0.7799454741768455,,
1979-02-13,120.3873220988,551.6867104953582,86.55766230313986,2.1112118,0.6216362,-0.5164095,0.37011495,-0.04572879424025153,0.3235801802242923,0.37714435488989956,0.7899700544213313,,
1979-02-14,122.9670720988,534.306730495358,86.36543059074073,2.0423439,0.6422798,-0.4703282,0.33603913,-0.00024112484182830976,0.298431118816878,0.4248061793937483,0.7648204657415401,,
1979-02-15,119.3637920988,518.957310495358,86.17496728766608,2.2942698,0.58594847,-0.64709723,0.46668988,-0.09707198209175011,0.39492478728487124,0.323347138167007,0.8613152594709234,,
1979-02-16,114.57874209880002,499.70221049535786,86.0732700215726,2.2473238,0.6079883,-0.48689783,0.4133851,0.023102797563573706,0.35488573762216497,0.4492658614929218,0.8212748148732603,,
1979-02-17,97.86526209880002,507.405900495358,85.96087865097391,1.995779,0.65902835,-0.5315193,0.2993015,-0.12288473645607291,0.27259720030132406,0.29630062238055616,0.7389879742645079,,
1979-02-18,87.12100209879999,525.029390495358,85.8372466359965,1.9696674,0.66564983,-0.43848693,0.2781985,-0.09575935512317807,0.2567241025558473,0.3247225042176859,0.723114559416321,,
1979-02-19,117.5230720988,517.686770495358,85.70629660280419,2.2663476,0.6170928,-0.59625614,0.37343144,-0.06663274586288892,0.325051702891003,0.355241265836284,0.7914418201905371,,
1979-02-20,106.3130620988,519.241340495358,85.56744922470793,2.6718707,0.54740477,-0.6705128,0.40201494,-0.10247423071912985,0.3464181145637812,0.3176866805219016,0.8128086498445344,,
1979-02-21,109.3304720988,488.5690104953581,85.42228835325862,2.9678998,0.49360594,-0.6479949,0.56777614,0.013198992649916058,0.47265216653188746,0.43888868855885477,0.9390413581175835,,
1979-02-22,105.8016820988,472.855630495358,85.28254515162685,3.1364088,0.47241798,-0.7429439,0.8250022,-0.033643177679564075,0.6796698240075465,0.3898076226095744,1.146059557882839,,
1979-02-23,135.3097820988,590.111710495358,85.1449265967181,3.1242855,0.488454,-0.7428533,0.8212683,-0.021532360725951646,0.6742645011201722,0.4024972952148128,1.1406540945486476,,
1979-02-24,204.7636320988,857.320770495358,85.37697197975477,3.273589,0.524214,-0.24118328,0.9353399,0.43644414221640304,0.7617461183902432,0.8823635094834541,1.2281305238295561,,
1979-02-25,578.1215820987999,1766.8689304953582,85.56504620366351,3.4765,0.5094591,-0.31456554,0.9441734,0.6200637546743774,0.722404192506628,1.0747595117446747,1.188786585240854,,
1979-02-26,668.9479420987999,1585.2612504953577,85.43641865505832,3.2741485,0.5175231,-0.5014545,0.92348844,0.6189747329708237,0.6673503968872129,1.0736184385263257,1.1337328014448635,,
1979-02-27,544.0007820988001,1500.7265204953578,85.29978886322431,3.1383622,0.46688068,-0.36524403,0.9316108,0.5668922547355193,0.6949462842123323,1.019046595866419,1.161329255808638,,
1979-02-28,446.2439420988001,1380.3467404953583,85.14472311250856,3.11672,0.48497564,-0.08347142,0.84378445,0.6983490691561525,0.648558496027855,1.1567865966537183,1.1149400423769251,,
1979-03-01,421.4282720988,1308.633470495358,85.26239352555201,3.3240178,0.48451895,0.4417683,0.90258545,1.1438596567421524,0.6928498973540057,1.623591067424571,1.1592267604573847,,
1979-03-02,403.3698920988001,1264.091140495358,85.40166613553257,3.289603,0.47576568,0.96910083,0.90482426,1.5304457090089392,0.6955295264489341,2.0286546115113997,1.1619025096354108,,
1979-03-03,371.9774320988,1010.384130495358,85.65359314891393,3.4661465,0.5689386,1.51926,0.87796116,2.043144559828482,0.6597213914771171,2.56585871482677,1.1260894926391614,,
1979-03-04,54.9368420988,1546.701830495358,86.5587909546647,3.2354205,0.6463977,2.2160883,0.89494467,2.2510517929643497,0.8645320700801831,2.783703203011209,1.3308982771655713,,
1979-03-05,54.9368420988,45.068930495358046,95.2408034942912,3.4266715,0.68073785,3.4485707,2.2505393,3.4365406810074424,1.0809788826202413,4.0258544075117255,1.547335234145005,,
1979-03-06,4959.112586996938,2549.6319999999987,100.0,3.7962577,0.61387193,1.6614281,0.90066886,3.0713655898636962,0.5078408253598813,3.6432251952999097,0.9742000414858464,,
1979-03-07,4455.09444339921,7581.581015029757,100.0,3.6163635,0.50549656,4.6352563,0.8781678,4.258136917927192,0.5839206683139629,4.886720136070003,1.0502711323920042,,
1979-03-08,2922.8861479352,6156.335915029758,99.86860997950728,3.4852946,0.46435106,4.850999,0.90614897,4.411335860307058,0.632354906555083,5.047241464211239,1.0987043582233573,,
1979-03-09,2980.7826479352,4872.765015029758,98.96964678722011,3.4883757,0.46910593,4.1177955,0.8921981,3.8789016948536377,0.5814965273227894,4.48935876568429,1.0478496130230543,,
1979-03-10,2568.3586512906613,4767.013015029758,98.26304259589132,3.5449047,0.49933437,5.002019,0.9881149,4.491834566748402,0.6655180396451961,5.131587733649417,1.1318669700979225,,
1979-03-11,2204.1749835750525,6066.764015029758,98.70429060381471,3.3328245,0.43140104,3.0782692,0.954095,3.1461072795018508,0.709212548230678,3.7215392822110833,1.1755711656363768,,
1979-03-12,2184.220653155323,4275.998215029757,98.14583827241536,3.1221542,0.3968443,1.5912457,0.8267046,2.108850738130354,0.5634031218455514,2.6347054238461376,1.0297706190689213,,
1979-03-13,805.309515623769,3378.2728150297585,98.7460747994607,3.263461,0.44594088,1.7959598,0.90624714,2.078443274791187,0.7368184301692047,2.602844587702072,1.203186206269241,,
1979-03-14,969.4736841976,2963.9841677921227,99.2495989246525,3.4505932,0.43330425,2.9873266,0.93381983,3.101507275553317,0.7117207422317556,3.674807550531296,1.1780797161382932,,
1979-03-15,969.4736841976,2404.3844699854567,99.16478716560968,2.9922004,0.3993122,2.0342321,0.8836183,2.309503046573706,0.6400801191255752,2.844948226737478,1.106445802609993,,
1979-03-16,1039.9663241976,1769.4855435745926,98.7304270107432,2.9629145,0.3743768,0.8675028,0.884297,1.6431550220674338,0.5739414570737111,2.1467510444565776,1.0403133412432268,,
1979-03-17,387.7894737036,1582.2613434599411,98.96204591997176,3.1996725,0.4128992,1.8315036,0.89373267,2.1008172261861153,0.7223949264642894,2.6262879374921506,1.188762497262824,,
1979-03-18,969.4736841976,1474.1580363649634,98.79717053026744,3.51745,0.4459317,3.2501612,0.8455331,3.356203982157662,0.5398905536577792,3.941677889074193,1.0062475222962288,,
1979-03-19,402.8593737036,1126.1910934646771,99.06234386924882,3.2595189,0.49445543,4.2775106,0.8480056,4.009300050726401,0.6380228858620327,4.625989717223291,1.1043750515749648,,
1979-03-20,974.4845441976,1139.1980907788784,98.75310767051248,3.8513336,0.5075745,5.1824565,0.8222656,4.568760450812629,0.5011602525282851,5.212190412013935,0.9675086918236777,,
1979-03-21,420.4127637036,1083.3255642085996,98.99319143900068,3.524107,0.5810761,5.9022126,0.8314196,5.237345637204428,0.6206128199419909,5.912731684871136,1.0869572754677075,,
1979-03-22,414.8845737036,1005.641044746346,99.21276017161486,3.6019254,0.58663046,7.232536,0.8507388,6.172164765227675,0.6261650186433857,6.8922319716945655,1.0925047611711938,,
1979-03-23,421.1487137036,994.4716504953578,99.43252861289237,3.7006521,0.57043743,8.970764,0.9125177,7.4028996663519795,0.6631257304879402,8.181791794035817,1.1294607922537345,,
1979-03-24,1133.2162341976,1647.8431275701903,99.2015450055868,4.2534275,0.6889489,8.999072,0.94293255,7.065333607562389,0.625272861177443,7.828091231547929,1.091609034362969,,
1979-03-25,1189.02534235273,5861.606667553263,100.0,3.7199597,0.6473111,7.7104006,1.3731663,7.037448811110017,1.1468016495866642,7.798873637144542,1.6131379204091854,,
1979-03-26,1686.269772006161,4300.739167553264,100.0,3.2245579,0.5936521,5.067764,0.9987548,4.548616018456101,0.736677025635275,5.191083144651062,1.2030255928950182,,
1979-03-27,1250.5932720061612,2931.911767553264,100.0,2.770648,0.48150355,3.5100827,0.86869687,3.288987450806779,0.6257395072262433,3.8712486372929553,1.092096997865673,,
1979-03-28,1032.2565720061612,2427.560267553263,100.0,3.0194342,0.53527516,3.5716944,0.85679436,3.40692432800587,0.6220160359193303,3.994822494075116,1.0883726140858907,,
1979-03-29,1109.1993720061612,2641.8605675532635,100.0,3.2440012,0.5406166,4.151091,0.8714417,3.8828619535271978,0.6342315281108712,4.493508311184979,1.1005845855843726,,
1979-03-30,1001.979472006161,2486.395467553263,100.0,3.7500377,0.53262174,6.7131233,1.0455176,5.86202473037331,0.7607510916494996,6.567268303334835,1.2270922869948995,,
1979-03-31,969.4736841976,2213.359467553264,99.92144565079263,4.206285,0.67655915,9.244726,1.0593052,7.710044373456654,0.7649285140366189,8.503616968218438,1.2312626777856828,,
1979-04-01,402.5069356351171,2020.6527269603323,100.0,4.4433813,0.6273167,10.559486,1.0602263,9.543550563043011,0.8902334420167575,10.424758486139655,1.3565644896136724,,
1979-04-02,1040.6243141976,1773.5611023797946,99.84172483102276,4.87939,0.60475045,8.36621,0.95015746,7.076860007175421,0.639203302519447,7.840168553661438,1.105539435605737,,
1979-04-03,349.2985860977827,2154.959388927978,100.0,4.425477,0.60766083,7.1745577,0.9784138,6.791110774044189,0.8461983290521038,7.540761483971422,1.3125355010435493,,
1979-04-04,1113.7136841976,1510.8093246177882,99.71401561520305,4.5675774,0.57548785,6.4973607,0.84225833,5.678459096082517,0.542875560997394,6.374928859212671,1.009217668061717,,
1979-04-05,271.6296961825151,2315.767003816029,100.0,4.408291,0.6027022,5.9009185,0.9320289,5.7442196724835055,0.836578952972427,6.443832566374342,1.3029207289923672,,
1979-04-06,1061.7567141976,1560.841495063683,99.73915879361454,4.4707108,0.60585636,4.6148477,0.8545458,4.556493953111595,0.5646412911890373,5.199337617653716,1.0309898083501767,,
1979-04-07,83.78638209880005,1642.252292377029,99.91300377720698,3.8049173,0.5866574,3.8351998,0.8731555,3.8337298421587604,0.8312582141968189,4.442027852842852,1.2976116231287511,,
1979-04-08,74.5931333573547,1554.134408332589,100.0,3.5836449,0.7093984,3.5527759,0.853936,3.5541896113075016,0.8154745757806772,4.1491265545173786,1.281830036893174,,
1979-04-09,1001.3116941976,2281.353247681543,99.85517188173742,4.0118184,0.7349063,3.0065477,0.91376203,3.3131855416463845,0.673441643954652,3.8966033141576584,1.1397989460774296,,
1979-04-10,633.8343905736833,4174.468859799408,100.0,4.5401716,0.6003905,3.6021338,0.86918646,3.7257866555211865,0.7587485956522017,4.328925350869326,1.2251027864329536,,
1979-04-11,1119.69710836816,3088.013524928846,100.0,5.5409756,0.5570148,4.162928,0.8442139,4.529634823958628,0.6370475435635338,5.171194713940578,1.1033962318230075,,
1979-04-12,1229.5468799735631,2628.754788444531,100.0,5.6519647,0.48611787,5.662087,0.88247585,5.658861233147723,0.6208885784542357,6.354394285421537,1.0872307851324947,,
1979-04-13,1181.66241365034,2302.1126412732137,100.0,5.7431517,0.47152686,6.624156,0.88521975,6.325327947984857,0.6064324731661641,7.052715831025393,1.0727715387970067,,
1979-04-14,1391.051639088797,3917.192665820965,100.0,6.382395,0.5569191,5.8599896,1.02261,5.996888492326447,0.768612927245057,6.708578092100624,1.2349534773179622,,
1979-04-15,1012.9522111648504,4191.533567849889,100.0,5.9354634,0.5306051,6.020865,0.97910863,6.004243211177293,0.7952778933352976,6.716284341371692,1.2616184088167781,,
1979-04-16,838.430732102671,3046.0837252720344,100.0,5.74861,0.54023767,6.3966966,1.0010276,6.2568140456028365,0.7935799090432051,6.98092719831257,1.259919274151207,,
1979-04-17,978.6743820803996,2820.974027695436,100.0,5.3840475,0.54195386,6.837118,1.0234803,6.462851148832257,0.7725781819696427,7.196812170773754,1.238916662684347,,
1979-04-18,756.0860553557977,2299.772013426724,100.0,5.396287,0.5487044,7.705633,0.9626989,7.134250455623899,0.7371162097563021,7.90030206936632,1.2034521454485843,,
1979-04-19,627.8894969538445,1931.4388993329808,100.0,5.5543427,0.599721,7.9954815,0.94279355,7.396587898374886,0.7265481553535447,8.175178345125117,1.1928832367048545,,
1979-04-20,536.7371571058634,1615.7041406863025,100.0,5.746053,0.63892275,8.521606,0.9481094,7.829488825333687,0.729302464101447,8.62877045659476,1.195636307763104,,
1979-04-21,427.9328463937397,1370.1802011392424,100.0,5.9943185,0.6533228,9.942087,1.0036577,9.002557874142187,0.7804422915154647,9.857908196000366,1.2467738586761348,,
1979-04-22,341.0715127702188,1147.394516917339,100.0,5.7890882,0.6564243,10.509373,1.008074,9.427752754769504,0.7915045953871267,10.303425938465681,1.2578357260372024,,
1979-04-23,299.5145199963222,1072.6265796247312,100.0,6.226625,0.70841265,12.4668255,1.045816,11.104698322204118,0.832028356067845,12.060523771672017,1.2983597811524763,,
1979-04-24,263.6445468779109,937.8876564147188,100.0,6.228686,0.7362825,13.948463,1.054308,12.254561888593418,0.8386758500331192,13.265346885922758,1.3050093358968784,,
1979-04-25,237.5746042089725,862.8313466113044,100.0,5.880809,0.73174345,13.012483,1.006795,11.472773972726124,0.8050832577798875,12.446192180085307,1.2714151779637877,,
1979-04-26,265.23277797129185,940.510264724924,100.0,6.3388677,0.8264912,12.921853,1.0547777,11.473763842941231,0.8426013898630961,12.447229362712994,1.308933311587398,,
1979-04-27,1049.55783308124,2645.5486942261964,100.0,7.378761,1.1534371,11.953029,1.0782261,10.653753913191975,0.8386114179433145,11.588025761385442,1.3049424476784057,,
1979-04-28,1623.4899497559131,6243.547791143693,100.0,7.8696504,1.2399099,13.469766,1.1537967,12.314091671842814,0.9507703693711171,13.327721989319091,1.4171040030964774,,
1979-04-29,973.652947903714,3533.7027193595054,100.0,7.938524,1.3002374,11.434425,1.0661069,10.679260877374453,0.8817429372078125,11.614751871264646,1.348073983099316,,
1979-04-30,743.9322988195157,2811.1747506593674,100.0,8.6021595,1.749106,10.55406,1.028333,10.145610449679893,0.891724912553389,11.055594777319016,1.358055775504161,,
1979-05-01,602.9726465247329,2182.083098733956,100.0,8.1021185,1.5784336,10.042061,1.0198321,9.622057704587622,0.8690459468397024,10.50701800068686,1.3353769468530583,,
1979-05-02,500.92527991196494,1744.4804898090658,100.0,8.431221,1.7305189,9.66994,0.9769803,9.393595441227161,0.8515654685852626,10.267636022096948,1.3178966266630907,,
1979-05-03,522.7575145432515,1576.6980151205548,100.0,8.993936,1.8310314,9.660996,1.0194179,9.49490048117365,0.8910589136264875,10.373783096658924,1.3573899942482768,,
1979-05-04,758.0920211177041,2381.748372066619,100.0,9.55117,2.1261747,11.267717,1.0744193,10.853269354237833,0.9632064204528551,11.797077358503874,1.4295375964178603,,
1979-05-05,541.1602026134432,1636.13684307711,100.0,9.19278,1.9285346,11.0881405,1.0203346,10.617054598886133,0.9042338801774938,11.54957234530611,1.370564887972387,,
1979-05-06,386.7750807336761,1239.9573500306722,100.0,8.696022,1.738668,9.997394,0.9923582,9.687976960195435,0.8620043253456722,10.576087971379025,1.3283352908497064,,
1979-05-07,309.9811863400631,1031.1380103442743,100.0,10.170837,2.333547,11.24952,1.0156906,11.000197642288882,0.9490864323683702,11.951028316474536,1.4154177451313188,,
1979-05-08,243.85307189637703,867.1213581812498,100.0,10.693857,2.4379475,14.2043705,1.0434439,13.433831204193472,0.9744840324571553,14.500981243678003,1.4408212025674507,,
1979-05-09,204.6304445662526,760.559054067499,100.0,10.630327,2.4186258,17.393633,1.0703338,15.959740117754045,0.9870566566410643,17.147619968919102,1.4534070701286432,,
1979-05-10,185.7313817745349,690.1239304953579,100.0,10.353327,2.343246,19.652704,1.0833023,17.680704757197425,0.9876795828570952,18.950840835304554,1.4540431986771716,,
1979-05-11,171.4871325959781,673.0709004953579,100.0,9.93347,2.2191677,20.018688,1.0840522,17.970889090030536,0.9743852059620118,19.25489498730157,1.4407513816181476,,
1979-05-12,135.8226362964,632.4568004953578,99.9900512680648,9.416445,2.0006363,19.137768,1.0558053,17.419153890704738,0.9383602971850176,18.676788731460427,1.4047216882668125,,
1979-05-13,315.57478251983633,664.8598329713255,100.0,9.375162,1.9337702,19.643364,1.001255,16.338313817173585,0.9211013232565121,17.544288197081443,1.3874543503769208,,
1979-05-14,382.24972127527536,658.134780406119,100.0,9.333567,1.9487545,19.44312,0.958356,15.728748473063243,0.9381803497217965,16.905587713217514,1.4045292489817789,,
1979-05-15,311.2641652143039,566.156100495358,100.0,9.595858,1.9888495,19.740408,0.99776334,16.14163650965054,0.9551329008755838,17.338210386566537,1.4214845497000914,,
1979-05-16,362.99692265120296,598.9732489317669,100.0,9.287237,1.8719511,19.864899,0.9880657,15.873445836265843,0.9367308012841497,17.05720111575801,1.403080641943747,,
1979-05-17,282.4186409055581,579.6054204953577,100.0,9.1047945,1.7763278,18.91237,1.0115309,15.699186202095207,0.8951318218958624,16.874612466750776,1.3614805317697505,,
1979-05-18,255.5854664610544,528.2588704953581,100.0,8.720089,1.623979,18.015535,0.95083183,14.98460065107592,0.8312750801338601,16.125872169081273,1.2976195162007502,,
1979-05-19,357.5095950359395,533.486460495358,100.0,9.132591,1.6940577,17.822453,0.87369347,14.335670786549144,0.857730752685378,15.445925675285887,1.3240718135979905,,
1979-05-20,514.1015873864104,576.162030495358,100.0,9.975904,2.02061,20.64208,0.9416581,15.61256465416403,1.074921252166534,16.78385070492944,1.5412694128677908,,
1979-05-21,387.2898862964,591.4371904953579,99.99541461810357,10.008408,2.069822,21.51781,1.0090452,16.963450802785914,1.0210970525031693,18.19930459368216,1.4874547542866146,,
1979-05-22,328.0055162964,564.6158104953579,99.8632570738286,9.574175,1.9429057,21.025726,1.0388931,16.817702233709404,0.9703349380154364,18.04658974122035,1.4366915099654123,,
1979-05-23,455.61840629640005,748.3006804953578,99.84797207029612,9.098032,1.862813,20.274092,0.9283195,16.04455621816566,0.910998571067553,17.236489989001058,1.377349555869576,,
1979-05-24,1732.9556162290398,5527.52567700328,100.0,10.971945,2.3592362,15.75477,1.1399945,14.613189724573354,1.0345714868979283,15.736709069896621,1.5009139322742597,,
1979-05-25,2694.5311526655605,8426.064761525857,100.0,13.36322,3.2087476,15.008587,1.2654309,14.609912947311424,1.234425768174918,15.733275673882673,1.700768196690451,,
1979-05-26,2852.699814582913,10939.224055737386,100.0,14.527597,3.6278958,14.138174,1.7724608,14.218721773690122,1.5935779135289523,15.323386899382404,2.059918417396917,,
1979-05-27,2282.2220410336768,8356.231203985459,100.0,13.802437,3.3466766,14.013913,1.8508416,13.968546039551338,1.621403914658104,15.061253620334751,2.0877432794261592,,
1979-05-28,2069.555334649633,7509.4570186509345,100.0,14.715103,3.6898959,14.659139,1.4553599,14.671229859991545,1.391852564918196,15.797523325387523,1.858195310977652,,
1979-05-29,1837.9979877185465,6081.829491005241,100.0,14.856747,3.6793392,14.616741,1.3846259,14.672440577239108,1.3637083327923742,15.79879191078089,1.8300510851651022,,
1979-05-30,1777.880872006161,5544.613867553264,100.0,15.171743,3.7618983,14.204848,1.412267,14.439607667380642,1.4063489636438378,15.554830383730677,1.8726905327511667,,
1979-05-31,1283.859372006161,3620.748667553263,100.0,15.278437,3.799694,13.965575,1.3553011,14.309237638028872,1.4107973086722174,15.418229112623543,1.8771382423117882,,
1979-06-01,800.2627496757758,2432.027373448137,100.0,15.17593,3.7525055,13.629336,1.2470582,14.012247931480408,1.3204436440844964,15.107044313310587,1.786783202675931,1.4613031014152832e-12,4859.999999999998
1979-06-02,622.3265779572387,1908.717204659849,100.0,15.032429,3.6659527,14.030185,1.189314,14.276613938513325,1.2715683397501822,15.38404611178969,1.7379091174115708,1.4523057988873723e-12,4859.999999999996
1979-06-03,592.8566132827642,1954.8276075882288,100.0,14.9291725,3.6341248,13.802121,1.1727988,14.064390655207662,1.2348919549575275,15.161679280991018,1.7012317476664052,1.4530846403635645e-12,4859.9999999999945
1979-06-04,486.12045176962073,1420.0005589879986,100.0,14.4929905,3.561426,13.6755085,1.2350019,13.883991965987198,1.2928391151242342,14.972658151087886,1.75917811108591,1.4429836499760458e-12,4859.999999999993
1979-06-05,393.2848042375824,1059.97518367951,100.0,13.932188,3.4380083,14.969371,1.2544873,14.688685870974226,1.3049383135427262,15.815813674024788,1.7712811507885262,1.410757145070824e-12,4859.999999999991
1979-06-06,336.08043737975714,920.2214758121733,99.99999999999999,13.581339,3.3095207,16.203274,1.3184454,15.501865126425741,1.3101515932807537,16.667860118172662,1.7764990646478034,1.3837334316905455e-12,4859.999999999989
1979-06-07,305.45502894548457,755.6875109377419,99.99999999999999,13.329008,3.3189957,18.30052,1.476526,16.86944613725484,1.4207118631882103,18.100806826477573,1.887068833472278,1.3600593371145443e-12,4859.999999999988
1979-06-08,267.19718502417084,678.582780495358,99.99999999999999,13.00528,3.206328,19.81568,1.6256866,17.891638253382293,1.4768348419068928,19.171856231566974,1.943200308900633,4.241026831779411e-10,4859.999999999564
1979-06-09,230.5257509920638,628.496030495358,99.99999999999955,12.482527,3.0394537,20.148794,1.6956813,18.09148656380666,1.4847462402059,19.381256608082353,1.951113508026881,2.6013549040856413e-09,4859.999999996963
1979-06-10,189.30800000001676,635.2391004953582,99.9951224756228,11.990416,2.8798866,19.134398,1.5755348,17.494208691457132,1.3822104698288955,18.755430895126782,1.8485724913196233,1.6703181903323143e-11,4859.999999996947
1979-06-11,409.48091836582535,521.6053625237158,99.9999999999968,11.568331,2.508251,21.441734,1.7689105,17.099526254731146,1.4828482281951145,18.34188398707971,1.9492070067544496,8.91738014230817,4851.082619854638
1979-06-12,382.4669385159383,595.7253871562428,99.99068194342178,11.511482,2.5332544,18.698732,1.8092535,15.8885635736767,1.4815970236859153,17.073041429339703,1.9479469640829061,2.9998680004749887,4848.082751854164
1979-06-13,295.6801900545271,489.0758604953581,99.98754728511406,12.027264,2.823722,18.382544,2.0050244,15.98800277118056,1.6411453783886463,17.177233480568354,2.1074959813372267,1.6668769067842972e-12,4848.082751854162
1979-06-14,268.47076580814917,459.6977004953581,99.98754728511406,11.73287,2.7629015,19.389584,2.0910733,16.566605350866535,1.667441583479221,17.78349128570935,2.1337962659199734,0.0670422536406044,4848.015709600521
1979-06-15,217.56708000000194,420.418810495358,99.96840000054705,11.006407,2.5970805,20.367056,2.1785865,17.174870730442038,1.6868493298164209,18.420829671177376,2.1532087136907805,1.922442592914962e-12,4848.01570960052
1979-06-16,483.18377370360537,551.0058004953581,99.75845776900351,10.476137,2.4263313,23.480444,2.369485,17.404700988666818,1.696706337600818,18.661645030109867,2.163067608027809,5.36762891480235e-12,4848.015709600514
1979-06-17,219.94165469160154,410.74464049535794,99.57788544606112,9.364887,2.1406043,19.242886,1.8821266,15.798093274987911,1.4351880077207146,16.978246959630837,1.9015373551493493,1.5279695593310034e-12,4848.015709600512
1979-06-18,214.7343546916015,382.27427049535805,99.43476975408824,9.134874,1.9393613,20.169256,2.2971487,16.20036737095415,1.6279240550547698,17.399748382279057,2.09427611082693,1.507111621196292e-12,4848.0157096005105
1979-06-19,213.16549469160142,371.94863049535815,99.28280416920542,8.548056,1.653265,19.626148,1.9812422,15.590239702184212,1.3960595761749315,16.760458696559013,1.8624075967288585,1.490545574641189e-12,4848.015709600509
1979-06-20,208.95477469160147,341.0799404953581,99.11320841445563,8.178677,1.4575739,20.029491,1.9971353,15.527440422844169,1.3565887815728073,16.694657826335114,1.8229364109542208,1.4725565512297691e-12,4848.015709600507
1979-06-21,207.37755461942493,318.97388872231096,98.92896646943926,7.901942,1.1497803,20.226046,2.019148,15.370463757389347,1.3047849380314278,16.530178212869437,1.7711316093435958,1.4611913166308149e-12,4848.015709600505
1979-06-22,204.13959939933633,322.80137378367607,98.79884665569902,7.50925,0.91455823,20.545097,2.0400524,15.494944187771948,1.2989788947558951,16.660608382309263,1.765326323491237,1.4377240462155996e-12,4848.015709600503
1979-06-23,215.46961469160144,363.165090495358,98.79516953910826,7.40062,0.7622953,19.564081,2.1190734,15.034701470433527,1.3599366017866554,16.17836763634309,1.826281318460426,1.4411799917326764e-12,4848.015709600501
1979-06-24,210.96790926176274,329.9853430265129,98.77996165273876,6.8707514,0.661895,18.378902,1.8796028,13.890805622608502,1.1752695841366427,14.979797477204368,1.641608609515087,1.4333417837994412e-12,4848.0157096005
1979-06-25,209.69965536961362,385.7243681719739,98.75239689478322,7.201235,0.66086274,16.804787,1.7466774,13.422555806798412,1.1552122288437892,14.489166920830478,1.6215493561964283,1.459596939758346e-12,4848.015709600498
1979-06-26,197.42029999658592,403.9960822496731,98.71608388747869,7.296004,0.6604188,17.519539,1.4730381,14.163572167602148,1.0129698092021653,15.265601330642921,1.479310055812337,1.4519462430692269e-12,4848.015709600496
1979-06-27,441.7628597036014,381.902140495358,98.41032496396258,7.3239794,0.63383406,22.810299,1.9233509,14.504396877616054,0.9543822468877179,15.622716296744505,1.4207241390302408,1.4471663034547522e-12,4848.015709600494
1979-06-28,200.06786510420653,417.83667476253305,98.36214780162518,7.2157326,0.59695154,19.408674,1.5563228,15.460789654391824,1.0700115627703568,16.624821378985,1.5363587819222884,1.4226477515901088e-12,4848.015709600492
1979-06-29,237.1751367303921,300.7972237448844,98.32424908255852,7.4181476,0.61818343,23.176897,2.3506038,16.22935877671139,1.3422561635267054,17.43012547812933,1.8086084216352911,1.4172741772113039e-12,4848.0157096004905
1979-06-30,367.8586646916014,201.752020495358,98.11457030220788,7.392183,0.62860787,28.842978,3.4025497,14.98990050304617,1.2716959765181843,16.131425335859063,1.7380404421329427,1.4415710077423122e-12,4848.015709600489
1979-07-01,299.1820746916023,303.620260495358,97.91914584646656,7.3536425,0.63766295,27.037271,2.596284,17.267918216340988,1.3454517925563667,18.518324508835377,1.8118119329301239,2.2568038579534208e-12,4848.015709600487
1979-07-02,266.12318469160346,443.00608049535793,97.86484717185299,7.1930666,0.629388,23.45505,1.5841784,17.352226100282632,1.0174610323106699,18.606662021437348,1.4838218666782126,3.4436299794238745e-12,4848.015709600483
1979-07-03,231.17450719676253,340.0937652682393,97.66832674185592,7.460541,0.6706237,23.275011,1.4761178,16.87538666136395,0.9197280384782106,18.107031287332433,1.3860850546894659,1.4180890036080892e-12,4848.015709600481
1979-07-04,273.8891945967092,374.3165408806322,97.3896506585784,7.0905633,0.64185673,22.387028,1.1470445,15.923745950103866,0.7157504138741563,17.10990540309515,1.1821005873944381,1.4061955189601455e-12,4848.01570960048
1979-07-05,258.9154953625405,348.507427927389,97.12991281907851,7.067812,0.651354,19.117517,0.9629752,13.981301253133731,0.6183413970521427,15.074618489524866,1.084680818165442,1.4424800571125007e-12,4848.015709600478
1979-07-06,265.99140016032635,374.1525793134553,96.82695797565506,7.2422757,0.67464155,18.388702,0.9339956,13.757160530348841,0.6136719014567353,14.839764606377589,1.0800103595391721,1.4560502506038093e-12,4848.015709600476
1979-07-07,270.9356589495556,379.3379348124466,96.50402451375182,7.404624,0.6875091,20.62813,1.0417256,15.118573152544094,0.671820691923651,16.26624809815754,1.1381658847751017,1.439585507123007e-12,4848.015709600474
1979-07-08,275.46158118170314,393.1153232131505,96.21874318738027,7.5737667,0.7028364,23.303957,1.238624,16.82293280181464,0.783753935390849,18.052070312601217,1.2501105474675882,1.4194447515393498e-12,4848.015709600472
1979-07-09,290.44094634515443,407.9590006960755,95.90708831071235,7.608662,0.70452636,25.716833,1.5582603,18.18625648716874,0.95622464499183,19.48055620982636,1.4225927827457912,5.6691368087729295e-09,4848.015709594803
1979-07-10,294.6186088899787,414.8782873643586,95.53487014780738,7.423927,0.68418413,26.170853,1.6129882,18.386191109539393,0.9850550925522856,19.690047023704015,1.4514250992787439,3.1579304786987826e-08,4848.015709563224
1979-07-11,300.85878056009864,413.7264531683451,95.1606765287798,7.41992,0.6885998,26.087124,1.5656168,18.2277504361654,0.9516866906314381,19.524033427745092,1.4180552125085701,8.093793909919343e-09,4848.01570955513
1979-07-12,298.1110251248968,409.3688109435474,94.8403099027419,7.621169,0.69476223,26.610157,1.5261536,18.608760553121012,0.9303386974479306,19.923254525873254,1.396710838500264,1.9997281154268616e-07,4848.015709355158
1979-07-13,298.9598273631005,414.4888891114048,94.52269769947868,7.8782797,0.7141685,28.541014,1.8840317,19.88260946753925,1.134729990142005,21.257989063966008,1.6011154365745532,0.0014900261273911725,4848.01421932903
1979-07-14,300.6301272977444,392.3415439639938,94.14214156332189,7.8570046,0.70075494,30.643305,2.3788705,20.757982511451466,1.3807346555552116,22.17520194706417,1.8471303208467185,0.13912180177626168,4847.875097527254
1979-07-15,281.39609842936255,382.4251301242466,93.82439069736708,7.8618946,0.69320196,30.992144,2.5465198,21.187151637765535,1.4961812381695105,22.624883890574786,1.9625822335143321,0.8392070451255846,4847.035890482129
1979-07-16,239.85928564920965,311.08309751754643,93.60258147561602,7.590384,0.631784,29.320728,2.1637409,19.860165784246238,1.2523102390077914,21.234472649331483,1.7186954349585544,0.0013021784055989652,4847.0345883037235
1979-07-17,138.97222014096295,394.1310604953581,93.44858071790134,7.7000165,0.64860237,24.7277,1.3133811,20.288831679612873,0.9856130317033168,21.683627309175584,1.452003111311111,0.01432544936296871,4847.02026285436
1979-07-18,196.29413782659708,250.9035825405218,93.32335112169652,7.6533427,0.64888114,27.884619,1.7509292,19.004249504985793,1.0228282598363951,20.33764649772582,1.4892043331756146,4.298495523860709e-06,4847.0202585558645
1979-07-19,151.06744315274278,357.9914997540527,93.19658090025197,7.8174863,0.6841696,25.360144,1.501507,20.15421528577106,1.0752649128828082,21.542576711871252,1.5416534362186542,0.006989359682779312,4847.013269196182
1979-07-20,267.2186614517154,354.412379390797,92.89215266231012,7.8176994,0.6983407,28.645027,1.720396,19.692046579716802,1.025764070730803,21.05831792151229,1.4921474087096884,0.0004644554297232829,4847.012804740752
1979-07-21,296.6409988358701,395.1380513228753,92.5333932740346,7.7859297,0.70002764,29.814669,1.9125416,20.368549795197527,1.1329179894487884,21.767155678182437,1.5993090004288206,0.0214732525575693,4846.991331488194
1979-07-22,352.44363272018,399.46106053456606,92.28841092210047,8.006811,0.709272,31.802847,2.1944168,20.64882517528705,1.2122959630667947,22.060827263366782,1.678690306273227,0.08496317427185977,4846.906368313922
1979-07-23,333.7268110331813,394.2232925098733,92.01186999363092,7.963637,0.69564587,32.596546,2.4722037,21.303653670627714,1.3762883363937617,22.7469543223655,1.8426908149721004,1.3098278678259174,4845.596540446096
1979-07-24,269.55282565425074,384.97441842126966,91.6981957853607,7.8827014,0.6919626,31.590534,2.4644723,21.826978326477427,1.477279068595728,23.295292107868985,1.9436884012269677,10.272353891829656,4835.324186554266
1979-07-25,279.83228227378305,406.07386318087,91.3583282532236,7.9261794,0.7020581,31.411915,2.3286104,21.830331417848623,1.4080361979854117,23.298805465545755,1.8744455755419982,10.165472945511807,4825.158713608754
1979-07-26,292.08045744576674,414.0212940483305,91.03871912707038,7.8644943,0.69662523,31.380304,2.3310735,21.652940636885845,1.3968656548334393,23.112936011633007,1.863272673322026,5.017554051751531,4820.1411595570025
1979-07-27,285.2550482264325,399.3013289056299,90.76595385928947,8.032125,0.71014065,31.781195,2.4334047,21.884943464577763,1.449921578635217,23.356027781426604,1.9163316897036977,13.693184904857263,4806.447974652146
1979-07-28,315.2980040926758,429.5226412702802,90.37128973366109,8.059105,0.73284113,32.25937,2.3613527,22.014895978092465,1.3966335123121674,23.492191580866866,1.8630453825240236,24.79378765201003,4781.654187000136
1979-07-29,301.7636868574879,406.8567721316377,90.03340427034126,8.160837,0.7457196,31.620905,2.159578,21.630512395615902,1.2799489607521026,23.089435777097467,1.7463556835357903,4.907257368107909,4776.746929632028
1979-07-30,311.38156915666593,419.6296797537083,89.69400945001014,8.282906,0.7549137,31.550783,2.0980296,21.639597464636925,1.246542656273705,23.09895508136194,1.7129494987700922,5.062069253337198,4771.68486037869
1979-07-31,325.9501895052226,414.6467326548636,89.27911379740611,8.199442,0.75564957,31.73922,2.1071522,21.378934886035836,1.2257368694131165,22.825833722534167,1.6921403146793834,1.907851242143789,4769.777009136546
1979-08-01,321.17197082759935,375.55732519146864,88.92004719089343,8.2450075,0.746725,31.682003,2.178784,20.878228757633472,1.2238329513630846,22.301195552772448,1.6902300888145878,0.26008842922395287,4769.516920707322
1979-08-02,279.5796248996619,370.0644664581074,88.61804725803056,8.449999,0.7529154,31.355942,2.3065403,21.49818271043814,1.3532661305469236,22.950781185314607,1.8196711203374267,3.097843847914763,4766.419076859407
1979-08-03,221.05272869130803,362.60917418227615,88.36580196191173,8.52743,0.7912056,29.970959,2.265402,21.849560682184528,1.4389635975492943,23.318953822984966,1.9053732329913822,18.50110508459798,4747.917971774809
1979-08-04,270.7595245593006,421.4967369633944,87.97335347845183,8.689392,0.7973742,30.288076,2.1533806,21.840266218056843,1.3477188210022941,23.309215115243514,1.8141283317426549,12.629294253923273,4735.288677520886
1979-08-05,314.35352985162706,446.0748562030783,87.52529397310649,8.706322,0.7914392,31.139324,2.206424,21.86574413580101,1.3350210552052977,23.335910790363943,1.8014309080128126,13.183510671534576,4722.105166849352
1979-08-06,316.8863030064945,451.2893928183936,87.06698983917155,8.229473,0.83302766,29.652605,1.945749,20.81517747729705,1.1936282025308207,22.235130636765962,1.660024565991769,0.20692745629624806,4721.8982393930555
1979-08-07,328.53848068576576,454.5219234714244,86.60798183932593,8.656887,0.84472954,27.244122,1.4781523,19.445717048619535,0.9283011623557079,20.800214680863952,1.3946818363852869,0.00011075616289906285,4721.898128636893
1979-08-08,332.8160929626428,464.8657887294471,86.13301828994467,8.592699,0.8597297,25.596087,1.2734028,18.501778472131168,0.8242477006094893,19.811159067112044,1.290618808688957,9.655982050440403e-08,4721.898128540332
1979-08-09,339.88938071013195,472.2873919025144,85.64454363773211,8.742605,0.84330636,25.852974,1.4870819,18.692423640310242,0.9339931363559891,20.010916422642172,1.4003660943422342,4.55594723441759e-07,4721.898128084737
1979-08-10,310.5319913351701,428.907839934147,85.20894961248808,8.563421,0.8143085,26.50141,1.584961,18.968248635098576,0.980890367515528,20.29992490932081,1.4472660755042939,3.820098104285195e-06,4721.89812426464
1979-08-11,319.019906117526,392.4609701191466,84.82112854681098,8.209736,0.8875611,27.626413,2.364158,18.920196731412815,1.3634696551494485,20.249576288896087,1.8298448777984453,2.638064234282666e-06,4721.898121626576
1979-08-12,243.522737305206,177.09153279684026,84.55166167647465,8.660366,1.1199409,27.83053,5.301708,16.73159422918175,2.3244513712174815,17.95636606842176,2.7908072870794896,1.4640547387731558e-11,4721.898121626561
1979-08-13,168.89892009542177,317.9868604953581,84.33355752442915,9.108692,1.2443507,23.483337,1.8470452,18.49682484966942,1.281217898971494,19.805968678429736,1.7475889595379406,9.542180397949768e-08,4721.89812153114
1979-08-14,203.18911587831423,326.65192901809,84.01390895073581,9.059803,1.3138252,24.591131,1.6117777,18.635011207857588,1.1141123454288269,19.950759872172863,1.5804847419457941,2.902550346510848e-07,4721.898121240884
1979-08-15,266.05235481385677,408.411609836922,83.56829746418815,8.795795,1.4624336,23.88742,1.4627088,17.934304347880804,1.05702018715001,19.216561619535764,1.523386034772251,6.84677874930623e-10,4721.8981212401995
1979-08-16,276.65664653647315,417.8096439602202,83.14139001749619,9.182707,1.3675916,22.408033,1.1261437,17.139419847974338,0.86939685223576,18.3836843577105,1.3357559504902476,1.5061073150610884e-11,4721.898121240184
1979-08-17,300.39549166057975,427.58422351507215,82.67129553101753,9.003881,1.2459546,22.528599,1.0348142,16.947723346837414,0.7960914613323372,18.18282541910094,1.2624490400283035,1.4787916415566477e-11,4721.8981212401695
1979-08-18,279.93384359041846,396.7263899786951,82.24809628720497,8.782677,1.5255355,21.12921,0.9798847,16.02145792270034,0.8534412033863862,17.212287673970067,1.3197920317849774,1.4861666528248127e-11,4721.898121240155
1979-08-19,202.00414921879033,343.18838084699405,81.93434402910475,9.230473,1.5914683,20.283724,1.0138247,16.18828507320755,0.8689003364611982,17.387088592001437,1.33525230819252,1.505082078220883e-11,4721.8981212401395
1979-08-20,261.11528624244124,399.767263627359,81.5147529957064,9.203243,1.3903149,23.444452,1.0960299,17.81773786717738,0.8609872541594987,19.0944236595173,1.3273520668058338,2.4584522498457676e-10,4721.898121239894
1979-08-21,294.7544277420868,420.2132492067652,81.00608223364668,9.141111,1.2057005,25.41498,1.2160786,18.705872698885063,0.8705859121098968,20.025008300243563,1.336959002167115,5.059354249509406e-07,4721.898120733958
1979-08-22,307.13273906421017,434.5434530897248,80.4868682889204,9.050554,1.0861379,26.853922,1.460851,19.48143627196738,0.966886535840884,20.837641160987765,1.4332675918578746,0.00014070397738605598,4721.897980029981
1979-08-23,311.8023881335215,451.4838257985834,79.99009364069327,9.049699,1.0786115,26.6496,1.4901052,19.460040522647517,0.9853937066322166,20.815222767988125,1.451774533664242,0.00012219673006074312,4721.897857833251
1979-08-24,330.68035733234694,437.0846968279346,79.46702281155841,9.089363,1.1599885,26.81021,1.6150512,19.177749690456004,1.0464146928245306,20.519439398980793,1.5127925476905033,1.7418981233371097e-05,4721.89784041427
1979-08-25,256.9959385087789,390.9559207692965,79.17105550751008,9.308813,1.1794268,26.635162,1.9582528,19.763044734221477,1.2707881211013041,21.13270954510724,1.7371722397752825,0.0008582348403580227,4721.89698217943
1979-08-26,240.0052490291441,391.9316508954177,78.78585934558494,9.406364,1.3784384,27.055325,2.4817803,20.35237198487866,1.625812014566798,21.750204623831404,2.0922028359486546,0.02343169598159986,4721.8735504834485
1979-08-27,263.0109001009077,430.1504470528882,78.3503878455842,9.628586,1.3871975,27.180765,2.597379,20.520822982678055,1.6956030268677573,21.926707003504685,2.1619958370988845,0.05472786144041002,4721.818822622008
1979-08-28,263.45687410504735,436.2073093017583,77.93118607672258,9.560427,1.3384044,27.494444,2.6980767,20.74143263630247,1.7559967013474886,22.15786104445597,2.2223921653151013,0.1536360087814409,4721.665186613227
1979-08-29,289.5845833058095,454.5905586559932,77.45185636156053,9.564354,1.3380845,27.648067,2.5933473,20.611061865935287,1.6675629682486819,22.02125899691542,2.133956857247461,0.0840348693306681,4721.581151743896
1979-08-30,302.5858958014991,451.8441059587851,77.00602337187938,9.479612,1.2116239,28.360594,2.8100011,20.78783201415163,1.7517246227635457,22.20647815395798,2.218120651956362,0.18881780098687495,4721.392333942909
1979-08-31,314.3279911910641,448.55630043101553,76.5388475047057,9.37236,1.1648431,27.680319,2.4187129,20.136968007563382,1.500943746598715,21.52450507272212,1.9673320720397416,0.0,4721.3848430204835
1979-09-01,327.4549001975175,456.96518778761146,75.8550152586704,9.354534,1.1569471,26.993694,2.2598274,19.630255356056384,1.402262027316691,20.993573288583637,1.868644690530709,,
1979-09-02,313.5559931632572,423.9311289443145,75.24848447049493,9.384569,1.1842524,26.39027,2.3473144,19.159988744773724,1.440194203729446,20.500829540807654,1.9065718746418614,,
1979-09-03,339.55410132053936,430.8558771418086,74.53527687724767,9.567213,1.3237255,26.947113,2.3549147,19.287014539857626,1.4404408817210164,20.63392673468061,1.9068198761993143,,
1979-09-04,280.1330294422576,541.6285659267013,73.93950260187178,9.569176,1.2589166,23.79339,2.2120242,18.944450707076687,1.519809969855605,20.274989521688624,1.986185437147604,,
1979-09-05,328.90485171871165,469.9026853732748,73.33266727526015,9.539276,1.2560735,25.647509,2.069375,19.01502761014758,1.3226285803774,20.348939759471232,1.7890047633851667,,
1979-09-06,561.9597920988,588.574930495358,74.06783346048074,10.003485,1.6239606,28.050566,4.2444477,19.235765362848557,2.3116614495912233,20.580228022197055,2.778039907850158,,
1979-09-07,512.1818420988,775.6747304953578,74.87227946874336,10.226185,1.5185324,19.16704,1.5301654,15.611252918903059,1.101861941133455,16.782476273206935,1.5682100935843886,,
1979-09-08,373.9206420988,506.16529049535785,75.2026803359402,10.654036,1.698658,21.18464,2.0801706,16.71052016995759,1.3971991566830324,17.934284741204756,1.863554913265729,,
1979-09-09,325.2098620988,390.4075704953579,75.40919879979324,10.833591,1.736236,18.285091,3.1337492,14.89878307784171,1.882920522369486,16.035952809199166,2.3492644844555706,,
1979-09-10,275.0553320987999,339.6250904953578,75.5506012866348,10.879881,1.7623363,17.636196,2.611151,14.612900678530968,1.644184209383505,15.736406208441464,2.1105266532720437,,
1979-09-11,252.5741620988,317.265300495358,75.64951879959965,10.762615,1.747133,18.524855,1.7919158,15.084339821470962,1.2629473113025078,16.2303785308799,1.7292923088240546,,
1979-09-12,235.5424895689773,273.73004796553533,75.71585511353608,10.723043,1.7614671,19.354862,1.8637964,15.362579234834323,1.291231456045432,16.521916837088177,1.7575780799796115,,
1979-09-13,213.4095654669158,242.50860386347392,75.75867011514451,11.372225,1.7949055,19.487514,2.2506726,15.688849378990156,1.462561010990719,16.863781578835965,1.9289096548791935,,
1979-09-14,303.416710966094,107.43011936265204,75.82667869512369,11.387503,2.0180683,22.086557,5.8466897,14.185140720713013,2.135065538667144,15.288200786864076,2.601405885474512,,
1979-09-15,213.2858920988,218.078830495358,76.12408128645846,11.153313,1.8648423,19.326464,3.8665693,15.285294557662892,2.161320167968488,16.440938216532405,2.62766633126405,,
1979-09-16,183.21684752856945,205.06992592512748,76.31117937891152,11.280172,1.8487586,16.079449,2.6759377,13.814864007051122,1.6608240466448032,14.900226112016773,2.1271627471607166,,
1979-09-17,227.16124108177647,186.0315294783346,76.406987248216,11.14406,1.931555,17.3973,3.9924078,13.959452835750959,2.0877407040459097,15.051725792476276,2.5540800287589995,,
1979-09-18,261.5144875871242,212.55293598368232,76.43297653183046,11.085657,1.9328337,19.336363,2.6750686,14.784944683743715,1.6048017479471401,15.91667332900037,2.0711450942871554,,
1979-09-19,235.4967564929172,241.4546948894752,76.45731860655694,10.85544,1.8196393,19.062475,1.843649,15.010217616073744,1.2955089239602535,16.15271353743878,1.7618535031451132,,
1979-09-20,243.59634048948405,266.4812388860421,76.44895767815221,10.834219,1.7268097,16.102074,2.1133053,13.586318857352273,1.378051232405899,14.660757285404829,1.8443889950481656,,
1979-09-21,253.4699620988,189.486010495358,76.5537947626949,11.114176,2.082418,13.612896,10.552927,12.183068746315941,4.668913424030716,13.1904366158315,5.135246737674914,,
1979-09-22,452.0497720988,1037.3435304953582,77.0731867166211,12.202511,2.096219,13.620625,2.7511828,13.190209031693023,2.0190273951219404,14.245714764112769,2.4853636737582594,,
1979-09-23,414.7033620988,550.8808904953582,77.46495527451803,12.088743,2.0887303,14.635722,2.2586174,13.541834463714531,1.570088110515577,14.614146689813497,2.036425697554212,,
1979-09-24,361.1887420988,397.7930104953582,77.73988278748291,11.872356,1.9989257,14.631129,2.278395,13.318268063576994,1.5267168388327574,14.379894579972891,1.993053577605829,,
1979-09-25,306.0825220988,318.785160495358,77.97130896293469,11.788013,1.9971551,14.264068,2.4748352,13.051207818991,1.597221637194187,14.100069768595464,2.0635574376055055,,
1979-09-26,266.9851820988,310.958050495358,78.17192322616076,11.737307,2.010979,14.864797,2.4261253,13.420029312352792,1.6021789949416532,14.486519668586746,2.068516112733464,,
1979-09-27,229.8581320988,272.77857049535805,78.34333225427716,11.597586,1.9695088,16.071875,2.500876,14.025761206975675,1.628873050828331,15.121203477181705,2.0952126697949796,,
1979-09-28,226.6845879012,269.21846049535804,78.48763603077134,11.956587,2.0359323,17.023586,2.132236,14.707386196124311,1.485281858778702,15.835407810793184,1.9516247940975138,,
1979-09-29,161.09655790119996,416.4703004953579,78.76373150005553,11.805265,2.1027632,15.750517,2.4957047,14.650096356953922,1.8927591586641825,15.775379713145968,2.359101794793246,,
1979-09-30,181.5043979012,421.24027049535806,78.98371659316416,11.797564,2.044869,16.425522,1.5665003,15.031905567631767,1.2560724353322779,16.17543809894472,1.7224171362710012,,
1979-10-01,592.0259520988001,858.086580495358,79.29886673507998,12.444784,2.1340256,18.15568,1.127845,15.824137637972782,1.0974833823581982,17.005536154138184,1.5638328995296018,,
1979-10-02,797.3910420987999,1588.6105304953585,79.93709018049434,13.332346,2.2486258,14.147547,1.0326627,13.87511030904503,1.018552993774742,14.963351981304308,1.4848919514711376,,
1979-10-03,833.8419420987999,1068.404030495358,80.40114651928047,13.273888,2.2481458,14.217006,1.7239752,13.80359367065398,1.3815585995012176,14.888417092065565,1.8478972523670483,,
1979-10-04,851.0777420988,1487.180070495358,80.99113115067055,13.882017,2.3237476,13.877754,1.7054628,13.879305828137381,1.375487556351118,14.96774803186761,1.841826532112032,,
1979-10-05,754.4398820987999,1234.066530495358,81.56371308127976,13.463377,2.321989,13.523515,1.6315569,13.500698469147837,1.3421404947121491,14.571044535322876,1.808477921379223,,
1979-10-06,409.73264209880034,5177.633130495359,83.65924241056194,12.370941,2.0637846,11.621936,1.6002138,11.67686189369986,1.4905698870639912,12.66003480604193,1.956902148547024,,
1979-10-07,422.3702420987999,2409.5057304953584,84.84686394995305,12.050735,2.0622284,11.985002,1.012258,11.994805682420708,0.9145544124761479,12.993175221027164,1.3808873005805598,,
1979-10-08,269.1039820987999,2055.6178304953582,85.84579712000027,10.972954,1.9476799,10.782588,0.8225045,10.804624272899035,0.7614376628819728,11.746107208561973,1.2277687989966188,,
1979-10-09,77.8312420987999,1936.004130495358,86.9977329146124,10.138304,1.9754477,9.717883,0.70430493,9.73413163839156,0.6813756280039346,10.62444868542105,1.1477065723038122,,
1979-10-10,995.3024404163654,2841.5210406568485,87.09964052726743,11.851053,2.0844994,7.712062,0.69981426,8.785749065624692,0.7490033305001449,9.630736667559571,1.2153351998417146,,
1979-10-11,1050.2932632168513,2394.129099005954,87.01659500287316,12.712133,2.3039236,7.363226,0.7043077,8.99424585583604,0.8562697158109885,9.849198891632398,1.322601293565577,,
1979-10-12,980.1108910695692,2145.887699386976,86.9726988141443,12.91501,2.3770585,7.544156,0.66795427,9.228108487698014,0.8750467614031621,10.09423935787796,1.3413780712585943,,
1979-10-13,870.7968336524191,2012.6992257134216,86.9866003463743,12.918337,2.4017594,7.700349,0.6672924,9.276146894801434,0.8619910229359089,10.144573836629842,1.3283222855059382,,
1979-10-14,597.1085987188816,1380.0752996348735,87.14884103357068,12.327322,2.321166,7.6808057,0.6787355,9.08405140697307,0.8460702054336542,9.943296841128857,1.3124016729137524,,
1979-10-15,489.2255137035999,1116.6499667631167,87.25067541602117,12.066341,2.2822309,8.147935,0.66624284,9.341666588089764,0.8354821120878222,10.213225147289489,1.3018133144201969,,
1979-10-16,483.3462737036001,956.0664156760542,87.36683405553718,12.0847435,2.6585355,8.420531,0.67743176,9.650952082002314,0.9997042940298648,10.537293430571488,1.466035278304942,,
1979-10-17,480.6772637035999,826.5499204953579,87.4447868467871,12.282715,2.7401943,8.856811,0.89880884,10.116541328146662,1.156812032169014,11.025136251144316,1.6231428945094302,,
1979-10-18,468.7154537036,805.7306804953579,87.48608764381703,12.533161,2.810184,9.812458,0.9167541,10.81307749599646,1.1849501321982605,11.754964466827557,1.651281275043541,,
1979-10-19,467.68626370359993,836.596095077961,87.49516311359412,12.5119915,2.9133277,10.194455,0.8600709,11.025471460958236,1.1813720004994208,11.977510137282058,1.647703339282594,,
1979-10-20,471.3382337036,816.770901816159,87.41583786387693,12.743273,3.227305,10.523214,0.7843847,11.335566644468628,1.2813831090252203,12.302426810556891,1.747714826535728,,
1979-10-21,474.4337837036,784.8142431559527,87.26816471613238,13.114704,3.516334,11.964435,0.69365907,12.39780970431455,1.39356587967364,13.4154414575672,1.8598997281982141,,
1979-10-22,475.9895137036,715.3706571390611,87.13189165439546,13.103399,3.5170865,13.933552,0.6909159,13.601877203292343,1.4651614375421338,14.67705926709729,1.9314992621357074,,
1979-10-23,491.5975537036,638.666270495358,86.99214275160121,12.214462,3.0961921,15.756052,0.8102033,14.215671078155813,1.4223517543003699,15.320190391029836,1.888692243846787,,
1979-10-24,533.2506837035999,812.9778104953581,87.06913120941458,11.364212,2.270651,14.758765,0.693285,13.414158555200135,0.9920900794055195,14.480368309310371,1.4584271750092457,,
1979-10-25,491.4413237036,751.2813004953581,87.08088566950086,11.062136,2.1917768,10.346809,0.7174254,10.629689010889647,0.9692082580239344,11.562810639014815,1.4355392731982626,,
1979-10-26,488.6745337036,699.9316646965202,87.04156763219945,10.453211,1.9998832,7.33955,0.82668716,8.619676899398671,0.9555227481517723,9.456726819477247,1.421854885323063,,
1979-10-27,482.0764337036,745.2990553802342,86.96949849771939,10.073212,1.9966338,5.6922092,0.8717456,7.412936147992174,0.9461550850439617,8.192307985190416,1.4124901157602276,,
1979-10-28,521.0219537036,806.1403978390265,86.89092427442007,9.95207,2.0188882,4.700975,1.1182159,6.762467965433985,1.0438055628579237,7.5107496470201935,1.5101428441364042,,
1979-10-29,492.1862337036,939.1551619285289,86.81627591318974,10.1412525,2.050814,6.2065716,0.9035298,7.55956520996368,0.9212845844473629,8.345945415097788,1.3876191746791389,,
1979-10-30,480.2410737036,930.887635817322,86.71474682050695,9.723343,2.056238,6.4553976,0.8492287,7.567558065887355,0.8964061062745072,8.354320302212402,1.36274067320192,,
1979-10-31,482.1769837036,915.2717371077648,86.59069244046785,9.4468,2.0194354,5.725556,0.9426557,7.0095374428702915,0.9309657167445813,7.769628200913197,1.3973020861877368,,
1979-11-01,482.0012937036,851.5914756578705,86.44793155489846,9.464924,2.0847154,5.7480364,1.082743,7.0914334186752095,1.0226314872911635,7.855438524414201,1.4889675698954745,,
1979-11-02,418.4246037036,761.0923541722063,86.45952420253657,9.5179,2.0029223,6.6428947,1.8137411,7.662780997342932,1.3691287843183482,8.454094564288248,1.8354630792297963,,
1979-11-03,387.7894737036,3071.1031015561225,88.09189677239614,8.802374,1.7783699,9.596135,0.95574695,9.507143575839658,0.8717023529744449,10.386611369399043,1.3380334250304093,,
1979-11-04,595.9565024326087,2313.400010635928,88.67125648094486,9.051203,1.789949,7.2388854,0.761761,7.6101229313518655,0.7080494815161796,8.398919622745403,1.1743839255700474,,
1979-11-05,765.1122186982763,2096.681339804391,88.75105232537173,9.36665,1.8704358,5.8971863,0.6813032,6.824761502985231,0.7065574274062282,7.576020602726583,1.1728944722016081,,
1979-11-06,797.1361798312058,2005.821510553076,88.64875547017738,9.273359,1.8574405,5.7546053,0.67000717,6.755307564049683,0.7133875914285054,7.5032470029263285,1.1797249001742038,,
1979-11-07,783.0457742391201,1894.9690684006137,88.45952527630523,9.010656,1.6645278,6.581463,0.67230743,7.291753808505722,0.6805854245470678,8.065333544117616,1.146920837863612,,
1979-11-08,748.2648386142939,1726.4655734653948,88.16204137797165,8.8398285,1.610074,5.7887783,0.70234287,6.71130043675956,0.6907100480566372,7.457136485382577,1.1570475269008629,,
1979-11-09,686.4416937684899,1645.9976604091432,87.78492808171147,9.051767,1.6971494,6.2699623,0.6492185,7.088653248631961,0.6777744631417634,7.8525254717464215,1.1441105553577726,,
1979-11-10,581.7432633639702,1557.4588820441238,87.56743938771336,9.620111,1.924176,7.496644,0.59874636,8.074108325625703,0.6810554883297087,8.885081932810804,1.1473887273895966,,
1979-11-11,406.88207370359993,1288.6662084528314,87.56323264840455,9.011367,1.8247559,8.224603,0.69741917,8.41340311868417,0.6875379830105194,9.240593857156238,1.153870496769645,,
1979-11-12,478.9908737036,1090.2609614340147,87.57004875366242,8.6532135,1.6673325,7.3630724,0.7340578,7.756868853968274,0.7204899364691538,8.552679498837033,1.1868239727933008,,
1979-11-13,460.6276937036,948.1419306729732,87.54894028985859,8.443005,1.53915,6.12678,0.82457525,6.884119746887469,0.7491678099170493,7.638215967781342,1.215504633501967,,
1979-11-14,451.9947737036,971.6695639069318,87.52896433860468,8.345299,1.4916489,5.4253893,0.7889797,6.352422290916056,0.7171104905968718,7.081105190931325,1.1834494392785662,,
1979-11-15,430.3449837035999,929.5872055072635,87.46557411055002,8.191145,1.4479213,4.2427073,0.83641493,5.492174223837221,0.7326784436229941,6.17974020685703,1.1990215153108692,,
1979-11-16,398.5809737036,993.6674459026532,87.35369068821774,7.890404,1.3499286,2.540557,1.0018274,4.072142307675776,0.8127772268979101,4.691835619239337,1.2791289561896226,,
1979-11-17,408.5130337036,973.97873450446,87.22623377042802,8.1783905,1.3696455,2.0629737,1.0335609,3.8700206312812884,0.8330687302309766,4.480053217631579,1.2994218792962777,,
1979-11-18,387.7894737036,975.521879984136,87.11825665702644,8.258574,1.3984027,2.969836,0.96298057,4.474200161050908,0.7956323693117061,5.113110463639784,1.2619814133103278,,
1979-11-19,392.2164737036,908.7153226375428,86.99919271237769,8.343834,1.4542965,4.248722,0.94823045,5.483352771537495,0.7943229623331135,6.170497119292003,1.2606660806846017,,
1979-11-20,399.6979837036,830.142978631688,86.90906668943819,8.479415,1.4597974,5.448699,1.0953004,6.433680867875782,0.878460825767732,7.166247650101176,1.344799428742526,,
1979-11-21,405.3577237036,776.9973887288104,86.75474987383114,8.290838,1.4285398,6.171917,1.058,6.89836631491312,0.8504546604379423,7.6531434730591625,1.3167914315298215,,
1979-11-22,408.9227837036,727.141030495358,86.6217412446599,8.587158,1.4460833,6.2398343,1.1520964,7.084746547880849,0.9026056442145075,7.848432044053795,1.3689417499518346,,
1979-11-23,408.1194237036,709.978650495358,86.52358251770333,8.813547,1.5693935,7.3844967,0.9735517,7.906117517768528,0.8428034829788169,8.709061738585904,1.3091371298831738,,
1979-11-24,402.6967937036,700.8597804953579,86.43867070819712,8.982935,1.5719037,9.464359,1.1651253,9.288683618687502,0.9362481559162348,10.157709773063019,1.4025794065803536,,
1979-11-25,387.7894737036,890.3611203303818,86.5647979373534,9.015489,1.5869097,10.7977915,0.8449594,10.25704276963189,0.7604338545366326,11.172353181252388,1.2267647287808476,,
1979-11-26,504.6361737036,3489.412536323965,87.64255540684407,8.94305,1.4317052,11.800827,0.9195695,11.439755448491868,0.8234978210265462,12.411595483260832,1.2898296904703344,,
1979-11-27,469.0341114190883,6357.294103495781,92.63482830191938,8.528719,1.396754,10.065558,0.98403484,9.959962845447043,0.9214336573106349,10.861073852208422,1.3877645329873445,,
1979-11-28,1846.3856721515533,6082.006215029758,93.16233530281242,9.0366745,1.3268133,9.144388,0.86682683,9.119303536794035,0.7332427305344121,9.98023390225189,1.1995741572487286,,
1979-11-29,2018.8979710437195,4455.745715029759,92.73781241980554,8.14056,1.166783,5.876284,0.7862615,6.582321782577605,0.6520332380167441,7.321993092422198,1.1183712281547962,,
1979-11-30,1913.8259653354,3401.1684150297574,91.99101953231418,7.924338,1.0700587,3.5933545,0.9295961,5.152857238902333,0.7087510627419228,5.824205029939341,1.1750959934726968,,
1979-12-01,1723.0511531981078,2970.1036150297573,91.22883682932861,7.7663317,0.99135303,2.5496893,1.075126,4.464934391816512,0.7716344788171839,5.103401822309431,1.2379835826195473,,
1979-12-02,1526.2572829385467,2748.1382350297577,90.42339512833173,7.4935822,0.9206899,1.6033939,1.295429,3.706601911780308,0.8954050150377969,4.3088236419573995,1.361759346171132,,
1979-12-03,1288.7831152227504,2507.7730250297577,89.55933855545499,7.411237,0.9118291,0.8662821,1.3854358,3.088039598539034,0.966064097532436,3.6606961645926814,1.4324231795372016,,
1979-12-04,905.1805182529406,1811.6168370209343,89.24638704557593,7.543727,0.9142092,1.561716,1.016952,3.5547979145101003,0.7433919467994502,4.149763932533681,1.209747403349208,,
1979-12-05,387.7894737036,1225.5230553238034,89.13383347854439,7.2126203,0.93141854,2.6497736,0.8585113,3.7465380951556377,0.689511767786398,4.350668638383056,1.155865807226738,,
1979-12-06,387.7894737036,1120.488489941694,89.14804103744127,7.389334,0.98684657,3.970158,0.75115997,4.849253686572746,0.613005255528401,5.506090265625225,1.079351961254805,,
1979-12-07,394.1956437036,1070.0958450565918,89.12442554162214,6.9943023,0.95918936,5.3103757,0.77956367,5.763698357544573,0.6254886287551633,6.464242265996775,1.091830307667201,,
1979-12-08,397.7293537036,1050.7100832607916,89.02971801610896,6.4433494,0.9145149,4.593613,0.90947795,5.101535239619925,0.7059185823406802,5.7704300145267124,1.1722638057178223,,
1979-12-09,409.3214537036,1062.1511331027557,88.80696660833398,6.194399,0.87664133,3.199912,1.089197,4.032892382689377,0.8231633720254806,4.650709682007745,1.2895153733670244,,
1979-12-10,411.6243437036,1101.423624867139,88.54649989705067,6.4037247,0.8863853,3.1785445,1.0005972,4.05595402173534,0.7672637376794066,4.674873588567835,1.2336155789622028,,
1979-12-11,419.5821637036,1131.4593032879225,88.25870025054667,6.934115,0.91919494,4.213282,0.7814686,4.949312026243692,0.6219393362841437,5.610931051900119,1.0882854453806916,,
1979-12-12,419.5686737036,1098.265843567288,88.0099849048021,7.229441,0.8864579,5.428104,0.8192948,5.926040074920871,0.6414676482417622,6.63434336252626,1.1078085347041868,,
1979-12-13,503.1284437036,993.269448376794,87.85568275536971,6.417711,0.8161307,5.891805,1.0246094,6.068628510235989,0.7333796974675271,6.783747037635258,1.1997199127672413,,
1979-12-14,527.2941437036,951.7694745834726,87.69289579406654,5.7522864,0.7749452,2.120267,1.4560238,3.4151014292134767,0.9768261837011321,4.003390432768424,1.4431826991914505,,
1979-12-15,482.4722737036,807.8824821467388,87.56150503082365,5.7490754,0.76272386,0.18673098,2.1182296,2.26652876749171,1.3565262307108745,2.7999199240155868,1.8228922987746594,,
1979-12-16,469.3311037036,711.291600495358,87.34906332747663,6.048303,0.77281916,0.45397007,3.000283,2.677876574791828,1.8335067397038058,3.2309287503825144,2.299869213231055,,
1979-12-17,456.8186437036,794.343760495358,87.20296194892427,5.4471455,0.7558099,-0.48747432,1.8100351,1.6793466688546865,1.1818330234808803,2.1846725282453057,1.648204557830435,,
1979-12-18,487.4386137036,765.160810495358,87.08145994101399,5.1751575,0.7307595,-1.8004373,2.1279585,0.9140572083141051,1.3306227226955276,1.3828048475020351,1.7970019731621518,,
1979-12-19,438.2857037036,731.6331604953581,86.90775832485433,4.82492,0.71797246,-2.0339694,2.2639377,0.5355705359579449,1.4411239309304766,0.986227805999216,1.9075072450298696,,
1979-12-20,424.9823037036,725.264130495358,86.6800790809149,4.7337227,0.7168195,-2.1427531,1.7008464,0.39790289923325317,1.1046519838790847,0.8419801268323579,1.5710368166746167,,
1979-12-21,424.1854137036,718.813910495358,86.49132675285637,4.734846,0.73770577,-1.9850441,1.4626709,0.5088151131795369,0.9597275202555423,0.9581935654708373,1.4261111278139094,,
1979-12-22,414.6363937036,732.0378704953581,86.31418632219055,4.99494,0.77402866,-1.7108377,1.7955363,0.7139654652085415,1.1799477855492184,1.1731494030554324,1.6463291638992767,,
1979-12-23,419.9406037036,718.158340495358,86.14587182579353,5.1911025,0.7990347,-0.9806169,3.13402,1.2966504381575268,1.9994725071180777,1.7836847259024424,2.465847816335029,,
1979-12-24,424.8061037036,788.4091204953579,86.042456949042,5.213614,0.7766162,0.7084811,3.3327808,2.2859488808350417,2.1828155918589895,2.820268252392393,2.6491814858694935,,
1979-12-25,748.0429237036,1939.961080495358,86.19378336106452,5.969426,0.8072062,2.0835385,1.9077939,3.1649397258665606,1.395079530400309,3.741271855136529,1.861437997955822,,
1979-12-26,666.0350737036,1829.0056304953584,86.29103091784327,5.7101903,0.77113634,2.5764184,1.6303021,3.4129586584331615,1.2127020855711357,4.001145244869505,1.679058617478074,,
1979-12-27,516.8836437036,1463.273420495358,86.31730128222547,5.308192,0.7380999,1.6173947,1.5479147,2.5808094990523505,1.1599725995434218,3.1292222002298895,1.6263359038425826,,
1979-12-28,454.8823237035999,1272.8352504953575,86.31451644978713,5.1855974,0.7389407,0.40422165,0.9946111,1.6630867319622897,0.758132861196908,2.1676354219512657,1.2245045525259013,,
1979-12-29,448.3266437036,1188.8947317003258,86.29836206697583,5.221428,0.7599408,0.37751734,1.1551269,1.7039440574124989,0.8642416594321146,2.210445587894215,1.3306129568839813,,
1979-12-30,391.0538037036,1188.158366957546,86.24961795140256,5.1599708,0.7662238,0.8674917,1.0006475,1.9304206219762874,0.7764021265216133,2.4477469580727456,1.2427712752861555,,
1979-12-31,387.7894737036,1138.5897347283428,86.16150453919543,4.96094,0.7257044,0.1933099,0.95809263,1.40456639232402,0.7380798886838243,1.8967586937858592,1.2044541164777316,,
1980-01-01,418.6349437036,1028.3551554309872,86.02015997200735,5.325339,0.89195573,-0.24061978,0.7412278,1.3696917048832558,0.586591721437663,1.8602171154985816,1.0529662972535716,,
1980-01-02,395.9766737036,937.709540495358,85.91218708168365,5.0386987,0.83441603,0.2806226,0.91076696,1.6933140697549467,0.686609397654345,2.1993075231634265,1.1529807973988377,,
1980-01-03,411.6265737036,866.014150495358,85.741501449669,4.5215473,0.7921431,0.24829328,0.8987957,1.6250378414626514,0.6605199499459391,2.1277679245493704,1.1268920097944157,,
1980-01-04,439.8587237036,743.028000495358,85.5201542664401,4.17842,0.794226,-0.6406592,0.89655477,1.1513247682559946,0.6359103260919382,1.631412985750568,1.1022871126546832,,
1980-01-05,435.0700537036,708.1543604953581,85.27831574839242,4.3712754,0.77472687,-1.2581269,0.8975945,0.8842209831972383,0.6293371239449344,1.3515425528146154,1.0957166888019017,,
1980-01-06,419.4000937036,707.5209604953579,84.93180713783795,4.0477047,0.8087239,-1.2266189,0.85696244,0.7362975015772848,0.61649474453191,1.196548834424354,1.0828758831215333,,
1980-01-07,422.8717937036,530.0141504953579,84.7339389452124,4.2665997,0.8138065,-1.5526837,0.8789215,1.029798284948738,0.6078055341335887,1.5040779519587255,1.074183574646005,,
1980-01-08,80.96313209880002,505.565750495358,84.4569334165234,3.6205723,0.74422264,-0.86853516,0.7804976,-0.2488688266384832,0.6805578038362241,0.16429492334249474,1.1469500616130484,,
1980-01-09,78.30106209879999,469.0848904953579,84.40058018694258,3.4155648,0.7778043,-0.5183555,0.6662163,0.04437384953065406,0.5816574869657222,0.47155359703257493,1.0480463190319806,,
1980-01-10,75.55766209880001,484.0153204953579,84.34593949096607,3.230006,0.7485586,-0.71844804,0.56845903,-0.18529872344631326,0.5019827907676473,0.2309034601637236,0.9683742975612266,,
1980-01-11,124.10624209880002,481.313430495358,84.33975236739123,3.1159456,0.7014326,-0.44601524,0.90402824,0.2841585422292686,0.7329519239551365,0.7227991783792163,1.1993380278829187,,
1980-01-12,308.0689120988,620.548730495358,84.57303188730232,3.5222404,0.6331554,-0.33318913,1.5802596,0.9458496548602103,1.0766961171447016,1.4161168643160025,1.543075033728051,,
1980-01-13,224.9035620988,536.0666004953579,84.45272711779002,3.2485266,0.6211168,-0.51921475,0.5355792,0.5943354082839731,0.4195776773686915,1.0478014383447616,0.8859603497960056,,
1980-01-14,143.3881020988,579.2837504953579,84.34813249273397,3.3101277,0.5734522,-0.87367475,0.69188833,-0.04355040579501086,0.5661591928540171,0.37942686285637434,1.0325490417462335,,
1980-01-15,54.9368420988,678.4484904953581,84.28232832391895,3.5256476,0.57691884,-0.7511898,0.8578172,-0.43081807486151935,0.7947351810105675,-0.026350876983212146,1.2611296137759467,,
1980-01-16,81.47294209880003,635.361850495358,84.28568669247382,3.4706218,0.5748955,-0.29562998,0.89317226,0.1324290644337866,0.7943493250188858,0.5638175502063831,1.26073714760331,,
1980-01-17,95.3696120988,593.7464604953581,84.25352464785433,3.4404778,0.5352432,-0.073556185,0.89886534,0.41276546109076157,0.7780020533151555,0.8575530683415291,1.2443867211091986,,
1980-01-18,75.9030020988,592.3820204953581,84.2207435210939,3.4839487,0.54360443,0.08531237,0.8964745,0.47132535886093097,0.797048946782245,0.9189119290481162,1.263432966912889,,
1980-01-19,63.29203209879999,592.190510495358,84.23435279481517,3.3080454,0.50981575,0.66097724,0.89533406,0.9165726431569555,0.8103790071541573,1.38544051153179,1.2767582311616605,,
1980-01-20,67.5258420988,576.697450495358,84.44847414268074,3.1148252,0.49702784,0.31780255,0.89221984,0.6109793325749558,0.8003969280211466,1.0652408853224442,1.2667794194257667,,
1980-01-21,117.4933020988,480.7288304953579,84.61668115407818,3.0696216,0.48648867,-0.3876375,0.8918744,0.29138248824742974,0.7230475659661407,0.7303684043232213,1.189433588723933,,
1980-01-22,78.6075820988,513.1202804953581,84.82528386035548,3.0806413,0.48397094,-0.5320493,0.85993415,-0.052124507903434765,0.7484634102071825,0.37044294797626964,1.2148533587301247,,
1980-01-23,69.72043209880003,514.1211904953582,85.03277527091699,2.975574,0.48495302,-0.5378176,0.6659312,-0.11826001194471072,0.5892605495507913,0.30114639291473155,1.0556512693902642,,
1980-01-24,456.3927237036,471.0373701056356,84.81937418241392,2.919033,0.49516866,-1.6390041,0.8753308,0.6040274755806346,0.5069769037313884,1.0579567533275287,0.9733594707072943,,
1980-01-25,91.17567058902212,594.312260495358,84.99209790385294,2.8778481,0.50099343,-0.82339466,0.5647838,-0.3310981774063826,0.49417614869510934,0.07813529069486352,0.960569384739233,,
1980-01-26,387.7894737036,611.7596304953579,84.83070420301966,2.9820623,0.46383613,-1.5046943,0.85189486,0.23600754506122829,0.5515706531720156,0.6723467281424932,1.0179572996602704,,
1980-01-27,78.18676813157698,610.070770495358,84.68081482750995,2.9004188,0.47370574,-0.54902136,0.60730475,-0.15716139829043596,0.5409973896712158,0.2603856532794175,1.0073885655405923,,
1980-01-28,58.78274796603061,448.77903202062686,84.61079361862312,2.9841552,0.45544326,-0.5498172,0.6920371,-0.1405338106636307,0.6141587946978792,0.2778079827562192,1.0805497754350455,,
1980-01-29,93.00752452698444,420.3716903027292,84.46955399189027,2.9093451,0.461244,-0.7828897,0.6875249,-0.1139775129559668,0.5691357577484953,0.305633580716147,1.0355264274911704,,
1980-01-30,89.68616960056022,418.5505682222919,84.31987920304769,2.7292857,0.49103796,-0.6760851,0.5414868,-0.0751551871107935,0.4542739165270376,0.3463114810292376,0.9206641330816645,,
1980-01-31,135.88730732895482,396.6080664143181,84.15122699695236,2.6184025,0.5340462,-0.7144846,0.4832029,0.13603370373240997,0.3848339089963206,0.5675944789416377,0.8512216904453531,,
1980-02-01,164.19698647194008,420.1623359111552,83.88780581702173,2.5127296,0.5463984,-0.8950628,0.42129645,0.06248031901464601,0.3396039811556953,0.4905254938640321,0.8059926049218784,,
1980-02-02,168.7404478369687,416.8038075451665,83.61496582763796,2.4400792,0.5500172,-0.84064376,0.4176344,0.10478548295018805,0.3368967570115713,0.5348527000227247,0.8032848955526041,,
1980-02-03,174.3507785607041,413.1589796399682,83.32603581616468,2.4235158,0.56044704,-0.7217361,0.42369026,0.2116562739124445,0.34123210975149815,0.6468315494734537,0.8076190316366881,,
1980-02-04,176.00086091186375,404.26703082730654,83.0356823776092,2.5706677,0.5377874,-0.8762144,0.49303168,0.16925828500840814,0.3802532409478959,0.602407081630079,0.8466406439444674,,
1980-02-05,195.5727373585511,422.6908329989301,82.72663870277269,2.6246357,0.5151997,-0.95778334,0.47750756,0.17542833591380552,0.3648772403688973,0.6088720398774906,0.8312645732229995,,
1980-02-06,199.88578726298573,419.4229966102624,82.44695497499794,2.710407,0.49455044,-0.9320959,0.5206556,0.2435447313601435,0.3870563632439121,0.6802441661819141,0.8534429246289279,,
1980-02-07,204.58767990529003,421.1067149013061,82.15896834973648,2.9375095,0.46467775,-1.117267,0.7076238,0.20855168363835086,0.4998967045594396,0.6435785703967694,0.966283661604243,,
1980-02-08,227.26295564355377,445.01457724719046,81.85201924733909,2.8248355,0.47186065,-1.0311755,0.67008907,0.27234637213817253,0.471375487167828,0.7104224269356492,0.9377617239485347,,
1980-02-09,228.91220527585816,445.9212900209921,81.53584805846627,2.8154244,0.4685927,-1.039128,0.6532691,0.2683858240619777,0.4600070774817859,0.7062725781998687,0.9263933588429745,,
1980-02-10,228.62563477645443,449.9785032391602,81.21473657049837,2.8701935,0.46277854,-1.2146343,0.705764,0.16156766001326123,0.4932763905613246,0.5943488710492506,0.9596638810475191,,
1980-02-11,227.2235637659148,455.03850074516623,80.89410963146128,2.837398,0.47258073,-1.0757872,0.64178216,0.22747726540605662,0.45605936233292804,0.6634087302791065,0.9224461052159083,,
1980-02-12,224.63600917832508,454.2933742437865,80.56623048233882,2.9443927,0.4566094,-1.2397064,0.7873403,0.1446781087239592,0.5480684743930837,0.5766520569423628,1.0144561572545028,,
1980-02-13,237.7104380923235,464.7776782432239,80.18753875601064,2.9435904,0.4538737,-1.2898635,0.8439618,0.14266777514517556,0.579115644149506,0.5745456362904948,1.0455033499307307,,
1980-02-14,241.3208429513731,466.48775703356233,79.80193689133334,3.003814,0.44864422,-1.2827276,0.89613956,0.1787293932296339,0.6100951681015451,0.6123308764489157,1.0764824634463894,,
1980-02-15,246.6577052676991,468.9686075638758,79.41146847095196,2.9447207,0.48062265,-1.4851879,0.8580953,0.04168595428657002,0.5862253464879452,0.46873722958393393,1.0526142095081856,,
1980-02-16,242.09615059879133,466.3587377563384,79.01903284321327,2.845458,0.5380967,-1.1345652,0.53826654,0.22550486704605965,0.39919961299327,0.6613420580198083,0.8655863781767876,,
1980-02-17,230.8405550431459,447.9844973916597,78.63680930037872,2.6816535,0.52033097,-1.0610133,0.51885563,0.21171412795534597,0.38543006133137686,0.6468921687418417,0.8518169825614719,,
1980-02-18,232.84866140836377,451.9788474794634,78.24476317568163,2.6460285,0.51073945,-1.0199102,0.48864055,0.22654807597341692,0.36628046078609716,0.6624351287678618,0.8326672141742224,,
1980-02-19,231.5364899336825,446.69654703271607,77.85394772008402,2.8504817,0.49396977,-0.97187626,0.5837049,0.33300761725680494,0.41979744816490394,0.7739830722108594,0.8861830043752021,,
1980-02-20,228.70709893185693,452.4664845828479,77.45748177462367,3.099347,0.4946645,-1.065437,0.8201461,0.3329080533047441,0.5695330969366278,0.7738787494422323,1.0359186542605063,,
1980-02-21,222.09427086790373,453.1550952456667,77.06739797028979,3.1812637,0.5076392,-1.071719,0.8881206,0.3271169161050211,0.6189566632865134,0.7678108156803747,1.085342285401296,,
1980-02-22,212.39165242136585,446.47502727070525,76.68730921032287,3.1148126,0.5174656,-1.2260088,0.8994976,0.17329438714359444,0.6319494560380174,0.6066360956506024,1.0983368131463855,,
1980-02-23,222.2810393524004,441.5355779498355,76.3065983158159,3.162845,0.5088545,-1.2463924,0.8982894,0.2300543128405969,0.6213154085414914,0.6661089517718219,1.08770212229429,,
1980-02-24,213.3176563938366,427.71148873048605,75.9436914176819,3.179099,0.5096971,-1.0992213,0.89945596,0.3244912776221948,0.6236486611923943,0.7650596806533656,1.0900343126953005,,
1980-02-25,211.73001660275656,426.80054029048136,75.58127303071154,3.0688603,0.505987,-0.8504921,0.8955232,0.44912391636394694,0.6216467508906939,0.8956493334916109,1.088031016104377,,
1980-02-26,210.1723594943591,437.0775171661568,75.24819800983879,2.6879358,0.52379805,-0.7818943,0.7517153,0.34481487389360677,0.5353583208036029,0.7863546753538126,1.0017437450351399,,
1980-02-27,213.7551682897628,450.9331809959908,74.90233717439591,2.6612358,0.5468226,-0.6954051,0.58542347,0.3840471450714165,0.4343486547970956,0.8274621149851116,0.9007336416442024,,
1980-02-28,206.6963329802856,446.0790540065647,74.55769459238691,2.591486,0.5355833,-1.0443934,0.5384552,0.10687997884133751,0.4051578817592455,0.537047305657795,0.8715459963303203,,
1980-02-29,213.6715427740804,452.8953317933017,74.21337646281096,2.3283768,0.58342767,-0.7898072,0.43321055,0.20974318984547874,0.3487325111945377,0.6448270265276377,0.8151194547441808,,
1980-03-01,203.4686344712531,447.1536435837375,73.96932320852765,2.2055283,0.5945463,-0.8323897,0.40653953,0.11765617783660831,0.3356137723833073,0.5483385701284463,0.802001763708036,,
1980-03-02,214.03877958068404,455.21190814324393,73.72675656094583,2.225957,0.59552985,-0.740065,0.43942824,0.20852382130427688,0.3544169455483982,0.6435493763383693,0.8208039029087936,,
1980-03-03,221.02324734918727,464.0001918855744,73.47419516120375,2.4876692,0.58087546,-0.7492014,0.47308233,0.29517695106545266,0.37122672067259893,0.7343442294932234,0.8376127008187984,,
1980-03-04,237.86044758077549,484.6787472300987,73.20504671569581,3.203263,0.6282293,-0.79710686,0.7284593,0.5198179266003377,0.5306134350086443,0.9697222757619164,0.9969969217868052,,
1980-03-05,234.2354394336384,490.161348063624,72.94301329951935,3.4215305,0.6435989,-0.8646444,0.91094005,0.5213005282621294,0.650569297243168,0.9712757407151213,1.11695276775708,,
1980-03-06,221.084575389856,464.3611805616704,72.82996250183523,3.306888,0.6768617,-0.4586171,0.87744665,0.755913905420435,0.6332561987043315,1.2171028353158848,1.0996371271594425,,
1980-03-07,158.8374440159772,405.3889511872904,72.81411581662806,3.6561775,0.7762931,-0.22609127,0.8967566,0.8668204737616719,0.6803605233606724,1.333310358508695,1.146740272040243,,
1980-03-08,276.9963898743539,54.620951133512754,73.50513423847997,4.1257687,0.84855026,0.7327951,1.5538036,3.5669093404415473,0.7535749705407115,4.162454243223813,1.219930336333602,,
1980-03-09,544.1165236604215,32.319617713390635,74.68942900433417,3.9515145,0.75254166,3.529347,5.8832083,3.9278443957158844,0.7831997842093797,4.540640760345499,1.2495525223291724,,
1980-03-10,66.01744497482588,198.56878771228705,74.86553758281703,3.45248,0.7702344,1.9233128,2.4770553,2.3048584014574964,1.8689077610670124,2.8400815834616386,2.335273486014845,,
1980-03-11,38.7789474072,287.097250495358,74.98786680661611,3.147379,0.73554415,0.010660052,1.0443659,0.38392651619942114,0.9242413849133202,0.8273357204653841,1.3906263731025712,,
1980-03-12,65.7404283951186,373.4921508901803,74.85022251461037,2.772583,0.7141699,-0.5416254,0.499113,-0.04558412694161149,0.4376638196190884,0.3772959367908942,0.9040536921354598,,
1980-03-13,222.58970274432107,356.05665764743605,74.71223506917062,2.8317428,0.7162555,-0.8022107,0.6825827,0.5956735357983073,0.5023178659273743,1.0492035237801207,0.9687005237892332,,
1980-03-14,161.2965837796184,407.311096871802,74.71034415485651,2.7612028,0.656817,-0.45310438,3.130498,0.4586961254585286,2.2501985239573,0.9056790614599537,2.7165826834336877,,
1980-03-15,59.14805972493219,439.39575976476175,74.7546269780994,2.7541742,0.6283623,-0.7682954,0.6904195,-0.35038380857935,0.6130566489748198,0.05792787227646051,1.0794501155756993,,
1980-03-16,74.70100206322978,423.5542723476015,74.7744796055818,2.8248997,0.6712585,-0.70935285,0.2785907,-0.17947947340171086,0.25731930394066527,0.23700085046834685,0.7237107422195679,,
1980-03-17,69.76006231202311,490.920715612708,75.1244262106704,3.4308279,0.7047633,-0.6041845,0.546764,-0.10214711904251894,0.48669974104494057,0.31802942701847914,0.953090272504296,,
1980-03-18,38.7789474072,1378.5809304953573,79.65210128787955,3.2935839,0.75668144,-0.15622437,0.35251543,-0.06183766244375585,0.34349507300393556,0.360265537851679,0.8098851344948916,,
1980-03-19,38.7789474072,2714.2056304953585,80.85756014096535,3.7668288,0.8262949,0.39803994,0.47322792,0.4454931942000637,0.46670712160638106,0.891845075219297,0.9330914269534398,,
1980-03-20,38.7789474072,2008.544530495358,81.93718445358364,4.5429525,0.89099115,1.4135127,0.8674716,1.4727883336527103,0.8512078503093337,1.9682414107050208,1.3175814013230647,,
1980-03-21,931.5694474071996,4590.873830495357,85.6040331347758,4.9179993,0.9174914,1.2620463,0.9679812,1.8787614177142575,0.819443027312779,2.3936186204351464,1.2858126610285592,,
1980-03-22,38.7789474072,5434.906930495356,93.06434594759571,3.5670207,0.7741733,0.7813213,0.96676874,0.8010568897591588,0.9599352170237707,1.2644034999924274,1.4263156635703047,,
1980-03-23,223.4598420987997,6381.686130495359,95.95067578991808,3.5222466,0.72539806,1.7713017,0.9797697,1.8305382661910279,0.946940996320356,2.3430905671117035,1.4133110854852988,,
1980-03-24,433.2392420988,5084.633530495356,97.84387035114128,3.5981998,0.66894907,2.3243947,1.1868302,2.424408312649511,1.094905961260041,2.965345571747704,1.5612706268228789,,
1980-03-25,101.66212605952596,5529.414930495358,99.85515657577898,3.362419,0.60692704,2.669085,1.2759436,2.6816023104909634,1.2529559831624109,3.2348325635122785,1.7193184250167712,,
1980-03-26,1132.8758145829129,3993.825830495358,99.85515657577898,3.5117006,0.5259492,2.7005267,0.8946997,2.8797763321730994,0.7066163385027717,3.4424786260068165,1.1729771185354518,,
1980-03-27,969.4736841976,2890.1171304953577,99.71184197848046,3.5303845,0.53014755,3.8331614,0.8878998,3.757108174602789,0.6780767040825173,4.361743931495772,1.1444306666244928,,
1980-03-28,2547.170740244508,3983.963215029758,98.42202438410358,3.3502357,0.46262923,4.519126,0.8813066,4.063253645381609,0.567063034325009,4.682522109271881,1.0334148250716724,,
1980-03-29,54.9368420988,4394.897630495359,99.84351790190549,3.127308,0.59062755,4.8973484,1.4334497,4.875495807677976,1.4157713897187953,5.533586670415082,1.8821179378604653,,
1980-03-30,2077.4729683562614,4892.485923734336,99.85515657577898,3.5607128,0.5414099,4.77304,0.9094959,4.4116924099517405,0.6584902671479113,5.047615055710134,1.1248397164912471,,
1980-03-31,1364.740714582913,5527.1662279128695,99.85515657577898,3.627349,0.57574433,4.5531125,0.7695833,4.369792085228721,0.6276315838397628,5.003712038694449,1.0939813073961693,,
1980-04-01,1740.3073813821077,4413.391588583269,99.85515657577898,3.6817858,0.6374512,4.493599,0.9258429,4.264012738679338,0.6880452595279292,4.8928768009686125,1.154395684280826,,
1980-04-02,1678.1183931312326,3672.322289950898,99.85515657577898,3.653276,0.6229301,5.4503455,1.0450246,4.886710547894819,0.7433953483270194,5.545337436878619,1.2097418293640427,,
1980-04-03,1408.6596144625107,2955.5008964401627,99.85515657577898,4.0545435,0.5966388,5.8103733,0.9330669,5.243628215533249,0.6605876942327041,5.9193145489681545,1.1269321147481604,,
1980-04-04,1568.686230700246,3975.154153736205,99.85515657577898,4.244321,0.6409039,7.034053,1.0382414,6.244669706460727,0.7662305324228205,6.968202401272815,1.2325699511744004,,
1980-04-05,1509.7577670688936,3890.5098517135866,99.85515657577898,4.056052,0.5299706,6.808379,1.010906,6.038908601307408,0.7432047454424575,6.752606618652317,1.2095450987153116,,
1980-04-06,1183.6165615038428,2675.171698046644,99.85515657577898,4.561205,0.5130974,7.265872,0.9741249,6.436262148146311,0.6934254341358204,7.168952306744972,1.1597640262525613,,
1980-04-07,1015.8441845845545,2219.3450098989283,99.85515657577898,4.8795886,0.53346777,8.544604,1.0056385,7.393795288785354,0.7099148167012667,8.172252258343264,1.176249906732628,,
1980-04-08,1004.8109241976,1881.222266418616,99.767564071482,5.287177,0.59233207,8.419763,1.0267837,7.329111205420277,0.7003472639538644,8.104476496904814,1.166682557533777,,
1980-04-09,1913.1241355805223,4513.843257739819,99.85515657577898,5.852233,0.7267758,8.87085,1.1478617,7.972293872876957,0.8346994366380482,8.778401097255964,1.3010329190277128,,
1980-04-10,2857.937249189796,7688.42530945322,99.85515657577898,5.398942,0.7462964,9.735688,1.1736984,8.5604822101611,0.879215699922535,9.394702826441042,1.345547940184792,,
1980-04-11,2264.4763317513757,5230.433553796106,99.85515657577898,4.922554,0.56139714,8.499368,1.1255254,7.418686280065405,0.8035699596515646,8.198332953920904,1.2699049726307505,,
1980-04-12,1825.2758061706384,3504.7897675189683,99.85515657577898,5.6263423,0.6795374,8.863532,1.0588114,7.754959557244127,0.7340832601583922,8.550678944256076,1.2004173016293256,,
1980-04-13,1483.0525254699126,2968.6475618954173,99.85515657577898,5.916862,0.71164244,8.409739,1.0782452,7.579254285086093,0.757111746401101,8.366575560707314,1.2234462793581387,,
1980-04-14,1574.4846257387676,2549.55087593305,99.85515657577898,6.475198,0.79372025,8.275489,1.0580574,7.588169213048413,0.7208922568572704,8.375916591752077,1.187226764026966,,
1980-04-15,2580.636613279172,5833.050462900891,99.85515657577898,7.1298366,1.131737,7.8959107,1.1071662,7.6609413309995835,0.8424196863665762,8.452166968182272,1.3087539864350113,,
1980-04-16,1998.9112720061607,4090.768167553263,99.85515657577898,6.528513,0.7156433,5.845936,0.95638674,6.069988850771682,0.6840556039180931,6.785172397798466,1.1503958129266745,,
1980-04-17,1537.7335720061612,3060.8803675532627,99.85515657577898,6.6535397,0.9491864,5.1155086,0.91353744,5.629811798653938,0.6859139763758424,6.323956387259473,1.152256331517532,,
1980-04-18,1227.2084720061612,2707.710367553263,99.85515657577898,7.0629306,1.0955191,6.153938,0.97405404,6.43743124318048,0.7523279190958642,7.170177280525422,1.2186665062973605,,
1980-04-19,861.3511554720908,2344.575944474222,99.85515657577898,8.989048,2.22327,8.61648,1.0205436,8.716579464099485,0.9559539467220436,9.558260995525913,1.422285923782387,,
1980-04-20,741.3825240575259,2023.423702195387,99.85515657577898,10.290489,2.525647,10.506019,1.0722227,10.448224439481093,1.0365491857964446,11.372672681398537,1.5028801125027749,,
1980-04-21,664.1564363043747,1721.242965082014,99.85515657577898,9.864031,2.3722186,11.12885,1.049594,10.776691860110624,1.0049063673210195,11.716839721924453,1.4712374817765221,,
1980-04-22,517.8127266860924,1357.4174299163226,99.85515657577898,8.922756,2.0968125,10.728784,1.0070181,10.230080034697693,0.9309155926089067,11.144101719755835,1.3972464628180061,,
1980-04-23,463.185858973295,1178.2257878752507,99.85515657577898,9.072024,2.1153274,10.899901,1.0018765,10.38409732553029,0.9346135989601567,11.305480510608458,1.4009445034098313,,
1980-04-24,440.4421495796492,1052.1082297562584,99.85515657577898,10.157087,2.3628314,11.967711,1.0336701,11.43340775501309,1.0085057274101197,12.404944391732272,1.4748375872422077,,
1980-04-25,395.6199422790654,986.1850553618308,99.85515657577898,10.165506,2.336024,12.765675,1.0288928,12.021229169248386,0.9932452234810146,13.020861660201033,1.4595781688660918,,
1980-04-26,499.8217549011088,1088.3739625313417,99.85515657577898,10.09738,2.2821374,13.378457,1.026453,12.345867799377633,1.005298627093762,13.361016907128818,1.4716323414047037,,
1980-04-27,572.657412006161,1017.5095275532632,99.85515657577898,9.302265,2.032582,12.272171,0.97189045,11.202636396484245,0.9604913001123586,12.163142951118175,1.426822841803416,,
1980-04-28,1247.825772006161,1884.501567553264,99.85515657577898,9.387409,1.8505437,9.216645,0.9044835,9.284672512162055,0.9162863462165496,10.153506949356938,1.38261760067039,,
1980-04-29,2202.943972006161,5429.130467553265,99.85515657577898,9.550316,2.263765,10.17062,1.0997919,9.991573598422868,1.019323610789171,10.894195491120538,1.485654481514342,,
1980-04-30,1486.3288720061614,3642.325567553263,99.85515657577898,10.937815,2.6762564,11.03461,1.1153984,11.006557734007538,1.1086274412558188,11.957692398836459,1.574958760497896,,
1980-05-01,970.8541678638304,2507.418846447687,99.85515657577898,11.397457,2.7536175,11.253446,1.1095585,11.293642056692404,1.1092803078008684,12.258498370796998,1.575611967678092,,
1980-05-02,779.8194635622004,2236.7088514545685,99.85515657577898,11.301832,2.6727142,11.31062,1.1238258,11.308348445173369,1.0824894255051956,12.273907674376078,1.5488211053702192,,
1980-05-03,678.8401930045471,2024.9846062064485,99.85515657577898,12.461319,3.024348,12.358049,1.1207972,12.383976937865302,1.131880027640249,13.400947532166624,1.5982138401206178,,
1980-05-04,552.4554206287611,1558.8607346836584,99.85515657577898,12.271219,2.9155793,12.952514,1.0982034,12.77424346926857,1.1133221623525618,13.809867469711568,1.5796570757693225,,
1980-05-05,452.2919095318107,1224.3918444350074,99.85515657577898,12.829187,3.1396627,13.953189,1.095408,13.649985155520564,1.164975847528236,14.727466614993212,1.6313138654329449,,
1980-05-06,442.05809839205807,1076.9645396409417,99.85515657577898,13.125874,3.2239206,15.510519,1.1001762,14.816551859681459,1.2201020471611017,15.949791219904212,1.6864455629764457,,
1980-05-07,427.8286932475111,1011.475271435456,99.85515657577898,12.90608,3.0642526,15.890962,1.0799848,15.003714796715702,1.1856024608511213,16.145899905544198,1.651947003634671,,
1980-05-08,414.3921890729358,938.0729897607074,99.85515657577898,11.817139,2.6535468,14.640885,1.0216697,13.775695929413478,1.0785151920415084,14.859185934157425,1.5448537275827883,,
1980-05-09,455.93010225457095,939.5050903144272,99.85515657577898,10.539131,2.2606437,12.5374975,0.9520776,11.884571908539002,0.9779809861332003,12.877672649569217,1.4443136438885196,,
1980-05-10,341.5662197001747,715.027772748567,99.85515657577898,11.303698,2.572678,11.608184,0.9867553,11.509752271587763,1.0665786736411893,12.48493791522854,1.5329106521305003,,
1980-05-11,295.4651209737752,588.5572901420686,99.85515657577898,11.079924,2.4688985,11.45353,0.984641,11.328660464334417,1.053876259258079,12.295190538619861,1.5202079671364275,,
1980-05-12,457.13775943965214,599.1484132864292,99.85515657577898,12.882086,3.2293887,14.478051,1.0946362,13.787351961022763,1.5293235766697735,14.871399084233483,1.9956621611224836,,
1980-05-13,568.2958949224133,611.5107718933646,99.85515657577898,13.6594925,3.30888,17.501505,1.2297704,15.650862805905366,1.7165705119986745,16.823979377408325,2.1829189144484094,,
1980-05-14,560.697601417601,1148.8946995202657,99.85515657577898,13.419979,3.155126,15.274785,1.1295056,14.666461499030447,1.2833415328227507,15.792527053072313,1.749684254033943,,
1980-05-15,380.502351072999,839.0163567840796,99.85515657577898,12.161581,2.7049737,13.892733,1.0644671,13.352595562629357,1.1174197477992038,14.415862816137272,1.5837566131042942,,
1980-05-16,274.5861026186088,590.6995385078403,99.85515657577898,12.16847,2.8579693,13.594358,1.081321,13.141873129567456,1.1693764589995628,14.195068571093614,1.6357125688330671,,
1980-05-17,259.1826828446468,507.62009049535806,99.85515657577898,12.451218,2.9839766,15.256611,1.0913662,14.308375722794016,1.2406631233571352,15.41732600078677,1.7070040528601214,,
1980-05-18,277.3402807674237,474.0282504953579,99.85515657577898,11.861376,2.671734,15.720086,1.1164755,14.295783973760575,1.211888436462508,15.404132409192272,1.6782293056308621,,
1980-05-19,375.5499064115701,635.4217531763403,99.85515657577898,13.093163,3.340003,16.311892,1.1039023,15.116216711246613,1.4215485148474039,16.26377902702113,1.8878936942104239,,
1980-05-20,327.16477068932176,562.0633189625468,99.85515657577898,13.17819,3.2498736,19.815975,1.2844826,17.373801556927628,1.4452880494042861,18.629268711157966,1.91164906267986,,
1980-05-21,394.0538170671864,551.4327688494524,99.85515657577898,13.266014,3.1819394,21.236006,1.3662167,17.914323919119575,1.5471202442300114,19.195626194579425,2.013485913345685,,
1980-05-22,370.57704658376815,531.4857929583848,99.85515657577898,13.208555,3.3699346,22.548655,1.5284039,18.71164201730858,1.6515181852069265,20.031053372366294,2.117891331982766,,
1980-05-23,236.57212629640003,457.66928049535807,99.84041135790089,12.761684,3.253896,24.93265,1.7253748,20.785229007689143,1.5884597755600256,22.203750732684522,2.054855772978522,,
1980-05-24,217.8014762964,414.563680495358,99.76233573565209,12.337332,3.1171188,27.766512,1.9731755,22.452338329925034,1.6810571832281846,23.950542181795157,2.1474751168862474,,
1980-05-25,209.04794629640003,392.281850495358,99.66586237046458,11.530577,2.7538552,27.812757,1.8804145,22.152375331181922,1.55606291440544,23.63624197708434,2.022476666665459,,
1980-05-26,198.4972962964,358.74683049535804,99.55438422315004,10.453014,2.389016,24.857895,1.51957,19.726697097520724,1.2966219560936179,21.09462461562037,1.7630056743692677,,
1980-05-27,216.66754223958043,345.4203649928727,99.41933842426944,9.901949,2.2489226,23.053917,1.3918704,17.984239135188535,1.217833221438624,19.268883118983272,1.6841995171779267,,
1980-05-28,240.90466492185595,350.65459401119995,99.30871223968037,9.478998,2.1389368,22.756243,1.3837217,17.349260940181214,1.1964506887940274,18.603555136818976,1.662811498615472,,
1980-05-29,249.31112105617424,350.1042638547995,99.26881991110292,8.896164,1.9088597,23.860413,1.4997067,17.636425522231747,1.182208593389366,18.90444520426851,1.6485718270717318,,
1980-05-30,249.4615208453775,359.04231787233505,99.11554098780552,8.398077,1.4268614,25.80301,1.6637139,18.667704617091633,1.1427280988264161,19.985015914611466,1.6091008146090338,,
1980-05-31,274.5798474711072,332.6608505671845,98.87960986765727,8.007561,1.1193383,28.651453,2.0109031,19.316774341317775,1.2123297269826154,20.665108952921763,1.6787090342155573,,
1980-06-01,261.80549334468566,309.615726015789,98.80934712705995,7.7725883,0.91337645,29.288738,2.1678662,19.430780453271826,1.2469429397971246,20.78456416731682,1.7133234545247955,8.558516192394706e-05,4859.999914414838
1980-06-02,261.81253841742034,302.8907952176664,98.67040835158701,7.4560843,0.79198927,31.053703,2.4824007,20.113175463028686,1.381191761705126,21.49957532588941,1.8475798147093287,0.005484246615146252,4859.994430168223
1980-06-03,354.5966300962311,250.89230049535803,98.47632002086118,7.330633,0.70907634,34.333584,4.292659,18.519660858346448,1.8265501495603538,19.829896170260536,2.2929214293934734,9.623107918147022e-08,4859.994430071992
1980-06-04,381.47899000000115,189.627320495358,98.2204758612096,7.086695,0.635763,33.96776,4.5543804,16.012150669232987,1.570711133838004,17.20253556560223,2.0370618993876817,1.1238293030727022e-12,4859.994430071991
1980-06-05,357.14877647954967,281.5880898643038,97.88753138558812,7.1255603,0.6160655,30.448553,2.2089884,17.407536068983127,1.0329652733544898,18.664615617574057,1.4993265674302865,4.6197146585349346e-12,4859.994430071986
1980-06-06,335.42658476333446,317.32341435111545,97.53982305967659,6.9510813,0.5743044,27.983034,1.7155608,17.17541080549532,0.8846662654590425,18.421395559972055,1.3510256536957808,1.4201233992313523e-12,4859.994430071984
1980-06-07,219.4265347176743,258.5430425180507,97.31651797567469,7.066776,0.55702287,25.727726,1.666386,17.160846774439833,0.9369519157664491,18.406135418016763,1.4033111864810996,1.3818336888122611e-12,4859.994430071983
1980-06-08,218.87641794322465,313.12458832425,97.07237476471526,6.6477437,0.5447819,25.87079,1.738929,17.962024198208844,1.0477511863058744,19.245606383953916,1.5141172823352314,7.349390383003526e-10,4859.994430071248
1980-06-09,263.1439268220851,331.16297342775226,96.618222201656,6.4600043,0.55024767,24.03221,1.4906373,16.251685491582656,0.8656152935257739,17.453519333651386,1.331967708111826,1.0926272244724e-12,4859.994430071247
1980-06-10,278.48414366820685,327.0802434103508,96.18170621047614,6.482349,0.5518773,20.741207,1.2400447,14.183909498758352,0.7162508661854775,15.286910716708704,1.1825912072588571,1.1255330735610292e-12,4859.994430071246
1980-06-11,292.9999855110319,357.9085193495748,95.85680892069249,6.6283693,0.5693278,18.610363,1.2410614,13.216787800521843,0.7289454050682009,14.27356390723663,1.1952817776638658,1.145077624085193e-12,4859.994430071245
1980-06-12,299.1123648095652,374.3959574282491,95.49329715279036,6.8002477,0.58792883,19.631891,1.486853,13.933218896762392,0.8667873852803697,15.02423796088029,1.3331265949646636,1.143243033955843e-12,4859.994430071244
1980-06-13,310.7611982855011,388.9605739728959,95.09596745873878,7.237499,0.62672126,23.732552,1.8442421,16.406750901555885,1.06228884090882,17.615996340156748,1.528642358004527,1.123397704102208e-12,4859.994430071243
1980-06-14,316.87581932773094,399.7645685707415,94.67732512018216,7.2905154,0.6396458,27.111465,2.0317569,18.347265323776455,1.1681348741950583,19.64926071844275,1.6345045134630825,2.2192615626696327e-08,4859.994430049051
1980-06-15,319.5826695307609,397.2188259793047,94.25459220689628,7.132566,0.58831894,29.136843,2.21377,19.32633654192189,1.2544988468140328,20.675128194028005,1.7208782547539636,4.1701716682011317e-05,4859.994388347334
1980-06-16,272.5248978022554,373.5267594721951,93.89543937059555,7.237807,0.5868246,26.502995,1.941089,18.376332743429472,1.1492525621038494,19.679717461393178,1.6156224756037427,2.8336696996645105e-08,4859.994388318997
1980-06-17,305.54124268993377,414.0892098715461,93.46803616668139,6.987661,0.59586704,25.507338,1.5796257,17.64423921392806,0.9434990649339452,18.912632363718135,1.409862365886952,3.722195805899597e-11,4859.99438831896
1980-06-18,326.1909115812362,417.2118426410192,93.02402004589028,7.1967335,0.6208848,26.147047,1.5786431,17.83201185845225,0.9269049832818254,19.10937989878191,1.3932699218298958,2.1941230686366217e-10,4859.994388318741
1980-06-19,331.53679282725864,427.9604003091908,92.54704005362673,7.3115354,0.6292226,27.591421,1.6955464,18.73881660490453,0.9941026310010574,20.059526812357653,1.4604760454442345,5.490262108624886e-07,4859.994387769714
1980-06-20,329.5345945104369,388.7899603117642,92.10142071273371,6.9120917,0.58657134,27.34215,1.7286998,17.969769472018516,0.9735777014442621,19.253721855375797,1.4399438670387377,7.856796463961334e-10,4859.994387768928
1980-06-21,316.123120587634,402.8485889542648,91.71430367093754,7.288506,0.6276766,26.180967,1.5196608,17.87418176142856,0.8950931226597034,19.153565378969883,1.3614584345224123,3.2735665445743345e-10,4859.994387768601
1980-06-22,330.65408975517084,410.779137955407,91.29527115290382,7.4155736,0.6577894,28.47107,1.7463588,19.08103188183646,1.0110354491659332,20.418098809722522,1.4774123066727591,7.29618875725067e-06,4859.994380472413
1980-06-23,334.7029643550843,417.77862385975226,90.80817059985674,7.5880923,0.6803607,30.775389,2.0757287,20.46170535470942,1.1915179098217108,21.86476375500265,1.6579100183741613,0.03361366825722438,4859.960766804155
1980-06-24,344.1434110290398,426.6604678237793,90.33159259299637,7.727823,0.6894268,32.822784,2.405227,21.618552145711437,1.3664769620383055,23.076903868131637,1.832883527367311,4.041918502980869,4855.918848301175
1980-06-25,366.65486541957233,424.1442895487504,89.85035698899829,7.774018,0.68282276,34.406006,2.685824,22.05805640539616,1.4749177217443905,23.53741492905914,1.9413301804817777,22.75126965473436,4833.16757864644
1980-06-26,388.67444240651025,439.4581476744521,89.37504805346505,7.846152,0.68446237,34.86457,2.706091,22.18378859887071,1.4715118281308566,23.669156691587766,1.937926013460949,35.979452799778755,4797.188125846662
1980-06-27,378.00564827395084,439.657895288483,88.88550307825263,7.508887,0.6592959,34.47556,2.549699,22.0088734316894,1.4044456436083421,23.48588117733278,1.870857431867468,21.128880089050842,4776.059245757611
1980-06-28,366.69192278308356,437.2758866444266,88.41253401246514,7.091649,0.6547931,31.863943,2.210625,20.56523184760335,1.2388890025277897,21.9732384603693,1.7052823424846233,0.06095846934042518,4775.998287288271
1980-06-29,154.0716328271158,267.8611808020616,88.30939792733,7.6153235,0.6890662,26.141396,1.2535821,19.376474532582467,0.8346577497125997,20.72766260925401,1.3010376874060676,6.547324610727918e-05,4775.998221815025
1980-06-30,122.80000000000545,64.63,88.49178160053242,7.5603747,0.6830835,28.68174,4.046062,14.843487496195957,1.465195024161311,15.978014287769234,1.931538685305269,5.457313388100608e-12,4775.99822181502
1980-07-01,122.80305246165697,152.17672106898883,88.5742300959462,7.799521,0.72307223,29.519571,2.4699452,19.81962702659052,1.4045190687587616,21.191996277634633,1.8709038137380776,0.001128980962976357,4775.997092834057
1980-07-02,129.7175869011859,300.1181719938548,88.57958312314301,7.6786637,0.7226953,27.648264,1.779121,21.621756606548338,1.2612113344985536,23.08026149124264,1.72761794199771,6.911894380516548,4769.08519845354
1980-07-03,172.1379980657958,392.40980645426765,88.33845468912483,7.8923717,0.723766,26.450012,1.4006428,20.79154525709553,0.9982673847532145,22.210368877221516,1.4646634592861676,0.178592462624485,4768.9066059909155
1980-07-04,159.0504902443276,313.9921014262344,88.10215352047895,8.108227,0.73372847,27.54354,1.5378022,21.008829489997535,1.0501379472197436,22.43803855370724,1.5165367023275103,0.4602421030270935,4768.446363887889
1980-07-05,162.25778244755807,248.13769660080516,87.8899693126082,7.5784116,0.6592388,28.249079,2.561278,20.076531078465187,1.5704079664418706,21.46117946500634,2.036795601115181,0.004989507643911885,4768.441374380245
1980-07-06,180.45330000107876,284.19707049535805,87.88615193746327,7.8555074,0.6548987,24.420656,1.2494644,17.987355035726864,0.805429829663835,19.27214794891616,1.2717961534598838,1.0787440212568681e-09,4768.4413743791665
1980-07-07,167.37771000013674,199.03976049535805,87.7715328087215,8.047257,0.71745944,25.931759,1.3276561,17.7622060087102,0.7921630289001947,19.03623756804155,1.2585273539519892,1.3672719745885312e-10,4768.44137437903
1980-07-08,174.01561458672143,315.6977609631587,87.59437398451631,7.9776573,0.7393643,24.430826,1.0749321,18.584328142381583,0.7410967421071861,19.897654329418497,1.2074686460975579,1.816652014549504e-07,4768.441374197365
1980-07-09,225.36268091199494,406.9554248371954,87.30000411754855,8.253958,0.7436339,25.165623,1.0903511,19.138184749114625,0.7501242721828454,20.47798338868928,1.2165017177602568,1.2535843836261802e-05,4768.441361661521
1980-07-10,222.4450043505774,385.2820946048574,87.00237405446315,8.439295,0.748739,27.239214,1.3035086,20.357921173257118,0.8706469242390878,21.756019044445406,1.3370378106217389,0.022679613773967423,4768.418682047747
1980-07-11,221.17065631653702,366.30237100557326,86.70081901097636,8.460222,0.7401402,29.202913,1.6235671,21.393746943493436,1.0499788434778032,22.841353745705756,1.5163824797088747,2.120708541560602,4766.297973506186
1980-07-12,236.41911732697992,339.0253027155467,86.44931816235419,8.303511,0.71070224,29.470781,1.7872031,20.774289933809317,1.0926734814434054,22.192288808466593,1.559069345415747,0.166545841286707,4766.1314276649
1980-07-13,290.68746503394283,350.71685232504086,86.1118037922376,8.260984,0.72858244,28.92764,1.4351753,19.561414613626464,0.8513859482540156,20.92144219398587,1.317767864863061,0.00022367217714964576,4766.1312039927225
1980-07-14,303.42447963920387,390.3560282291894,85.72069370763877,8.483442,0.7474949,28.341242,1.2862629,19.656445390347113,0.7941284782227827,21.021015116987307,1.2605114269009203,0.00041267805586092606,4766.130791314667
1980-07-15,294.17534398303076,407.6883705342973,85.33073500565237,8.349198,0.74773747,29.190647,1.3902326,20.45527551635947,0.8662210266204493,21.858026592358875,1.3326130590968253,0.03686435000660967,4766.09392696466
1980-07-16,288.01075822867637,407.9155110549367,84.93955163489692,8.716402,0.75364256,30.749405,1.6921046,21.63099375083671,1.039707897953007,23.0899401394524,1.5061146270770787,5.07035498777923,4761.023571976881
1980-07-17,330.5916949110611,399.21760296356695,84.54711540447293,8.487921,0.74180585,34.373375,2.953677,22.647686878917348,1.650282035449434,24.155227723663696,2.11670274751446,47.75660195080407,4713.266970026077
1980-07-18,339.88601266746196,414.3078252227283,84.06332610956231,8.57913,0.76286465,34.05476,2.4941304,22.573878274681995,1.4125965320276541,24.077891320447986,1.879016189198972,51.37462647465332,4661.892343551423
1980-07-19,356.2706309287101,429.2302245876171,83.52494441363564,8.481472,0.7723993,33.37899,2.1100438,22.08650787952433,1.2050619939437903,23.567226286394135,1.6714748418034433,51.45952811522931,4610.432815436194
1980-07-20,381.4690959011624,451.019573788599,82.94696790689052,8.807159,0.77593446,33.656933,2.0150745,22.270086450735526,1.1481526580695447,23.759579285777274,1.6145680389266643,59.78774179285084,4550.645073643343
1980-07-21,383.12700530661016,497.6389763263873,82.39033602175358,8.9073105,0.7628424,34.463078,2.3724663,23.346498674125147,1.3809218923271094,24.88744033391381,1.8473529005984606,42.12361015289232,4508.5214634904505
1980-07-22,405.97262394292613,556.0618676465537,81.86841046717882,8.402601,0.721948,32.537437,2.1903925,22.352685369317623,1.3022000867758179,23.846126150317318,1.768616619890722,65.79734268620835,4442.724120804242
1980-07-23,350.8229938352328,485.1798236376309,81.38234789305119,8.467381,0.7641611,30.450758,1.6579376,21.225580585286608,1.0142248628702837,22.665149610424578,1.4806263457542148,1.5296518099822711,4441.19446899426
1980-07-24,321.7214937001149,447.8612304061028,80.93402152806729,8.740261,0.799981,30.269827,1.6741829,21.269463634360307,1.030095302468394,22.711130119237303,1.4964973441511358,1.8434922002591942,4439.350976794001
1980-07-25,390.1500298541837,515.9084564682646,80.41730433131782,8.712989,0.79243124,31.622358,1.8711612,21.757552333263234,1.1187437792720718,23.22254778950004,1.5851521846090066,12.238184202049915,4427.112792591952
1980-07-26,445.89748845695135,584.6476650583869,79.8736774020786,8.571554,0.7859408,32.060707,1.898434,21.897392799771126,1.1294283699184133,23.369072152286286,1.5958386486751135,21.007031976895263,4406.105760615056
1980-07-27,412.6215558419265,551.1149867411971,79.33413691997531,8.700539,0.78836495,31.410189,1.7753778,21.68710490881828,1.0698931854538494,23.148733218979093,1.5363006554860752,9.184431579800682,4396.921329035255
1980-07-28,445.9321611019811,602.31146681951,78.73742197378871,8.481695,0.80386436,31.066278,1.8516079,21.458595889888258,1.1175260581215967,22.909302250063217,1.5839305333722145,3.7788642624469797,4393.142464772808
1980-07-29,435.1621499597035,600.8826647799002,78.16026956010792,8.586397,0.770535,27.834349,1.2627829,19.74977565511521,0.8007077702945384,21.118806249377773,1.2670917426239128,0.0010784200939185531,4393.141386352714
1980-07-30,240.2736205640867,385.2123766831412,77.7695131313047,8.779804,0.84019816,26.737635,1.3868465,19.83933005461809,0.9130520737254249,21.21264104305049,1.379437037655428,0.0018756069447031147,4393.139510745769
1980-07-31,294.7379651155199,438.6116288442311,77.29445878419241,8.928504,0.8463528,30.229124,2.0961196,21.668266506184036,1.299002561549336,23.128994405094787,1.7654097824324186,10.279527206741857,4382.859983539028
1980-08-01,370.4420938622767,457.39923890288094,76.78185386463919,8.763041,0.8609765,32.457134,2.5954387,21.854511091198432,1.4848848118298283,23.324140844627607,1.951294513730745,47.991585499783454,4334.868398039244
1980-08-02,345.32441640418625,449.86408309088114,76.2573186249462,8.935907,0.82810867,31.6976,2.3439045,21.81293932408253,1.3739230948146826,23.280582089149544,1.8403322394883026,29.137316939036637,4305.731081100208
1980-08-03,261.95787363286314,408.1101067552856,75.86953072431255,8.929466,0.83727145,29.86456,2.042415,21.680147162087426,1.2862930439699491,23.14144291573837,1.7527004219345619,14.787588248433128,4290.943492851775
1980-08-04,305.441968517872,444.54975736265465,75.45022182275581,8.988411,0.85272294,30.54434,2.122656,21.76546269278517,1.3052303234702396,23.230836237166912,1.7716388341844298,33.134442512006316,4257.809050339769
1980-08-05,326.09526849457427,540.2593277816892,74.982523595944,8.908567,0.8861464,29.628252,1.9137075,21.829377132152242,1.2391247853550547,23.29780556825515,1.705534150124634,44.68210657499523,4213.126943764773
1980-08-06,265.4490360250981,536.0844924496176,74.52777480527068,9.018238,0.91535413,28.020617,1.7448349,21.727476112175815,1.205717209728232,23.19103402785506,1.6721252150601196,17.415287783699018,4195.711655981075
1980-08-07,336.12520444153387,534.4582197179058,74.00658217759045,9.019582,0.8848508,29.860739,2.0016246,21.814136958947664,1.275420102299846,23.281836966867317,1.7418292629989056,34.83153504480324,4160.880120936272
1980-08-08,392.4452796364374,534.1021733485239,73.43518941985224,8.993809,0.86135304,31.250761,2.2301311,21.82368221870637,1.3363108328761328,23.291838457413654,1.8027201213580302,63.02446420941959,4097.855656726852
1980-08-09,427.3253938362882,573.7427228226069,72.79593142599006,8.942633,0.85848266,31.48488,2.158028,21.86228359616858,1.2899789422681065,23.33228484876635,1.7563887485707794,48.68536885381948,4049.170287873033
1980-08-10,400.75633274583316,577.8596508489284,72.17865128561631,8.888416,0.893037,29.937998,1.8809627,21.3179126770451,1.1693424375156076,22.761894860547663,1.6357450986968165,2.943206391633858,4046.227081481399
1980-08-11,406.5580499744101,565.2070508740826,71.60782249865478,8.971523,0.9554608,27.943466,1.6509895,20.006161066623367,1.0401424064787863,21.38744600714633,1.5065292421158378,0.006327127991293363,4046.2207543534078
1980-08-12,429.3994794759619,548.5532646901339,71.04140832675313,9.070059,0.9640595,28.055712,1.9836924,19.719491482475114,1.1904903992623228,21.08707459680674,1.656874038341766,0.0011504655351904742,4046.2196038878724
1980-08-13,353.0231143097757,461.438640304345,70.52690210367399,9.112246,0.9881536,28.219835,2.6044717,19.9377756361077,1.536484983855753,21.315791986815913,2.002871048415658,0.004273046999901113,4046.2153308408724
1980-08-14,411.81385666925604,543.0041955343063,69.93356012821323,9.0783205,1.0060225,27.284391,2.3597493,19.432097183577227,1.4103893056205639,20.7859438328298,1.8767698343811856,0.00018207546673064116,4046.2151487654055
1980-08-15,375.0174326532344,524.530145720033,69.41200318596945,9.164761,1.0302967,25.315811,2.1439354,18.582509146145274,1.3218692291244585,19.89574839138002,1.7882411154928368,1.0781744717095931e-06,4046.215147687231
1980-08-16,411.86939788191273,574.4281729875531,68.85180807952355,9.238039,1.1032155,24.418268,2.1461146,18.0791348228711,1.3321138109551427,19.368314496152387,1.7984809661508105,7.512226933682016e-07,4046.2151469360083
1980-08-17,429.6354801971882,592.2069695938363,68.26280226022308,9.263624,1.071107,24.030718,2.1318579,17.821866987877602,1.3150323140265763,19.098750138072297,1.7813971630692897,7.510544013283708e-07,4046.215146184954
1980-08-18,504.2736161134346,589.84734981951,67.637428483926,9.226458,1.060178,23.784662,1.9117916,17.074875365727674,1.1406208755716447,18.31605486984672,1.6069794574959921,7.59352729146861e-07,4046.2151454256013
1980-08-19,555.5237778032601,589.06807481951,66.99036822656798,9.296852,1.1134671,24.653772,2.0675962,17.2003431436327,1.193461358299713,18.447519578645466,1.6598209482869695,7.595436331767111e-07,4046.2151446660578
1980-08-20,600.5592750974976,587.0081288195099,66.32571913749,9.276962,1.0411278,25.669374,2.2985904,17.379642744733307,1.2522432568796742,18.635389087773657,1.7186043186831215,7.567108472974454e-07,4046.215143909347
1980-08-21,451.5839497287124,585.12647481951,65.71398320180444,9.384157,1.2030897,22.556463,1.7484579,16.818697075523925,1.1173597541815765,18.04763213307291,1.5837163337611595,7.665912989878767e-07,4046.2151431427556
1980-08-22,479.7005121874116,584.00144481951,65.0891076881819,9.970669,1.414986,21.729788,1.7189151,16.42674651291159,1.1392216968271331,17.636947673383677,1.6055753580925236,7.86252656633995e-07,4046.215142356503
1980-08-23,433.5764790321093,580.912682456316,64.48228658772983,9.712166,1.3409859,22.039171,2.0828724,16.770805823441908,1.3232391141203141,17.99745184284943,1.7895953276981464,7.754210164343316e-07,4046.2151415810818
1980-08-24,376.83718994213035,485.7062814034338,63.926652986877684,9.486937,1.1902057,23.866951,2.364289,17.584456940395167,1.4292973196313525,18.84999270186585,1.8956601076754878,7.593559122441671e-07,4046.215140821726
1980-08-25,383.41497264019364,490.35443718955696,63.31191228898374,9.425827,1.1443528,23.814785,2.1644595,17.50082863585979,1.3143843903277854,18.76236725024274,1.7807464677306624,7.588978454050613e-07,4046.215140062828
1980-08-26,388.6952875527802,492.14104632688606,62.68833414096999,9.483437,1.1815016,23.438005,1.9985431,17.28013599057799,1.2323490433595292,18.531126250916536,1.6987092838022289,7.631942735634672e-07,4046.215139299634
1980-08-27,392.18322723057304,493.6836763434345,62.06084767081731,9.363947,1.0509762,23.997316,2.0746548,17.518959361970005,1.2462908540237045,18.781364563084235,1.7126530848155463,7.570919659062225e-07,4046.215138542542
1980-08-28,396.1674281261179,493.2177185744638,61.43108817690721,9.315277,1.0422894,24.63133,2.0927382,17.808952689822146,1.2499713581565715,19.085218580715107,1.716336093430311,7.524272748622712e-07,4046.2151377901146
1980-08-29,399.9778484436914,491.73122765189225,60.797548388848575,9.406303,1.1125413,23.610209,1.7842659,17.23901912242274,1.1032459469965725,18.488044137014448,1.569605851353459,7.61782387611122e-07,4046.2151370283323
1980-08-30,361.63855080248226,462.84321742395866,60.26544904134258,9.436119,1.0415045,22.61834,1.7093138,16.836284329032402,1.0627604562466473,18.066059997180073,1.5291171708926639,7.676082063614938e-07,4046.215136260724
1980-08-31,385.9069042268804,464.758784273467,59.745472710140625,9.525902,1.1794276,23.650938,1.738383,17.243075249635957,1.0901030032082684,18.49229413324328,1.5564629406336448,0.0,4046.215135495954
1980-09-01,379.39511756322014,483.94150783015874,59.19396211700033,9.619778,1.2309893,23.051317,1.6631575,17.14879857826063,1.0778606210495743,18.393511359244894,1.5442197947265899,,
1980-09-02,389.0708404942007,495.89294730008567,58.620606463320065,9.5568695,1.1817908,23.24033,1.6529319,17.2244503944173,1.0620023335460327,18.472779073611054,1.528362119283234,,
1980-09-03,388.5614743352371,488.2599476241783,58.13028341173807,9.660362,1.2829225,23.10383,1.9197737,17.14638717759278,1.210803657442778,18.390984701868078,1.6771628117180168,,
1980-09-04,399.4823721857493,508.635085243205,57.51599390626683,9.790014,1.3274623,22.439837,1.817329,16.875158769179507,1.1734933842998294,18.106792502680584,1.6398503987484676,,
1980-09-05,400.9228075817983,499.0111504472301,56.94242463860978,9.809179,1.376641,22.051374,1.5698491,16.597446179410763,1.0648305927848671,17.81580620043389,1.531185503419327,,
1980-09-06,405.5917381953069,443.71609330528463,56.45759447007224,9.882704,1.3889648,23.509592,1.917687,17.00199481447733,1.2015617309775724,18.239690877376315,1.6679197356133524,,
1980-09-07,394.8122823323675,489.1292378978966,55.845493683191485,10.388042,1.5461307,21.545969,1.7680749,16.562283606902266,1.1975377340495426,17.77896297715673,1.6638923846002658,,
1980-09-08,399.0233884399086,506.26160072736354,55.21078901237675,10.83279,1.6986712,20.03324,1.7358929,15.977948075101281,1.2259556595508372,17.166698204386748,1.6923061949922569,,
1980-09-09,401.3232696975056,511.9459824161247,54.56617738799954,11.281706,1.7672042,19.510403,1.7845917,15.894418119839292,1.2664208605745244,17.079175802796104,1.7327708396663657,,
1980-09-10,399.1120736378171,506.47944348019314,53.944727434984244,11.477787,1.7531123,18.963171,1.7791818,15.6642143910078,1.2598039255379654,16.837969122638544,1.7261524126609156,,
1980-09-11,401.05278420084056,510.71229019527823,53.33748558675124,11.360947,1.7943382,18.492212,1.8755211,15.355424080875261,1.3139967419400065,16.514419691228543,1.7803433229404986,,
1980-09-12,402.9319020695503,511.8948271001496,52.694914818333594,11.325785,1.8455715,19.130947,1.6768727,15.693193445018107,1.2414400925925897,16.868333276370606,1.707788764196651,,
1980-09-13,405.94611658859054,516.3655931384749,52.04713809528374,11.47751,1.8537054,20.59644,1.592739,16.58283556674033,1.2086457528947565,17.800497250421692,1.675000555288555,,
1980-09-14,406.2227061509648,515.4161283312147,51.57578184539865,11.512131,1.9216139,21.070301,1.4627879,16.857429736465093,1.1775250160011776,18.08821608280609,1.6438818935078168,,
1980-09-15,401.98360578139096,511.6406330583316,50.92412596872181,12.062696,1.7754194,20.603395,1.6298736,16.845591283882356,1.2013851635609145,18.07581179265762,1.6677419498255226,,
1980-09-16,405.8498437745335,516.0978414056722,50.25049416364228,12.261724,1.7739146,18.097023,1.6269584,15.52827096696787,1.199696542110677,16.695528067628857,1.6660441766360636,,
1980-09-17,361.9553965020356,536.9288710294637,49.54831195159955,12.108526,1.9404893,16.600922,2.025154,14.791960436023192,1.440098892019405,15.924024410256655,1.906442275878704,,
1980-09-18,227.87531095207493,446.7047094128897,49.00000795050292,12.035498,1.8149438,17.798073,2.1349158,15.851456306236033,1.5409506651681788,17.03416056136022,2.0073003612211733,,
1980-09-19,304.2589281835869,496.40044492132415,48.32225437638643,12.270889,1.8233885,17.982103,1.6415846,15.811782324153567,1.2312456694147926,16.992590298552937,1.6975951059643732,,
1980-09-20,355.20234683788,543.5984825810107,47.586843371457846,12.074821,1.9324067,19.23656,1.829652,16.4062712389341,1.3445175571361774,17.615493751301283,1.810871070779101,,
1980-09-21,362.4671557798617,541.9622426088915,46.877680703582264,11.998089,2.015805,21.711193,1.7058171,17.81848318734398,1.3028838460255143,19.09520460344011,1.769248665240076,,
1980-09-22,365.2808179422251,540.581327535333,46.161591272822804,11.886839,2.073098,22.876749,1.5929874,18.445165955242967,1.2659077977024176,19.751840665436795,1.732278364451001,,
1980-09-23,373.4274639051552,545.7168754601294,45.43165728495022,12.75555,1.8649192,22.188082,1.552581,18.355858539901607,1.1932268757485,19.658264660924246,1.6595965959872392,,
1980-09-24,381.34707253034566,551.2662983916989,44.68866399269201,12.96706,1.7928772,19.261541,1.3561939,16.68771808342447,1.086316689353609,17.910392792880387,1.5526722741684997,,
1980-09-25,384.68382523619647,555.0586617873275,43.9394565354999,13.765961,1.9255986,15.549095,1.5751112,14.819168610497035,1.2193685745046756,15.952533042463857,1.6857121044020547,,
1980-09-26,341.7411184002237,509.7755308572927,43.293795176258406,13.558685,1.9130111,14.780768,1.4197685,14.290307000777013,1.1453790132097825,15.39839365562219,1.6117198561912613,,
1980-09-27,363.9104239387058,533.8894431686363,42.58478691005131,13.598928,1.7780272,13.744273,1.0741963,13.685359762176637,0.9630438037824129,14.764532006925402,1.4293819655209377,,
1980-09-28,375.8183782622188,548.3373572528124,41.93683560854989,13.620098,1.8748955,13.091097,1.213707,13.30622121149229,1.048773908697578,14.367271929538642,1.5151106033851343,,
1980-09-29,378.7588999950428,554.185424986794,41.318862332389386,13.957449,1.9211638,14.018512,1.1314212,13.993721349845039,1.0295787850460807,15.087632224402999,1.4959182612030772,,
1980-09-30,380.4283329048892,553.5363845830459,40.69903063012374,13.595518,2.0393867,15.384519,1.3565642,14.655811778985658,1.1560585425848302,15.78136831281363,1.6224012083934807,,
1980-10-01,385.2863782851513,558.7009277451269,40.069854912122956,13.520525,2.0956538,17.197886,1.321195,15.696978760640576,1.1589002224974632,16.872299517140373,1.6252489182698224,,
1980-10-02,356.90338616509905,536.9666412731502,39.50227150051736,14.018194,2.0601013,16.79082,0.9435266,15.683768691177338,0.9989267384122209,16.858458051513157,1.4652753499127678,,
1980-10-03,337.8947185353485,515.1976657685648,38.961369441745404,14.009491,1.991132,16.818888,1.5154421,15.706135634175304,1.2081256032081802,16.881894057928857,1.6744743575126648,,
1980-10-04,301.6600295308205,464.5782830544962,38.495148392557134,14.26396,1.8494468,15.206589,1.0099324,14.83548559715835,0.9513633772149951,15.969629925310754,1.4177069950988455,,
1980-10-05,315.5353242839089,453.2010070630608,37.99618363219335,14.085056,1.7805995,12.721946,1.0704155,13.281447778422942,0.9656038045847082,14.341314411052325,1.4319404091354009,,
1980-10-06,329.6702523162282,471.654139446881,37.46388289636158,14.080706,1.8189961,11.932723,1.1355263,12.81641755423777,1.0033607975872572,13.8540573317774,1.4696958404062688,,
1980-10-07,340.2941222187044,484.4398317073586,36.91859417168183,14.45034,1.8912725,12.154887,1.0439752,13.102015887839993,0.9924713563496738,14.153306289456745,1.458807329000475,,
1980-10-08,367.9399933366264,522.9397494736272,36.31769388554907,14.279495,1.9853978,12.896867,1.3327047,13.46790267997921,1.1332907738369606,14.536681219538785,1.5996280740339235,,
1980-10-09,375.2383791380677,528.8290784972686,35.72875721691952,14.240997,1.8273529,14.159948,1.0046661,14.19358818656973,0.9594851516691356,15.297052012712527,1.425825537864394,,
1980-10-10,380.2231181090434,534.5624730169222,35.130775888056206,14.150145,1.7667692,12.471746,1.071695,13.169358844253853,0.9651184167592268,14.223868008986807,1.4314546222529907,,
1980-10-11,367.2145879275092,522.825551314193,34.56221323016386,14.240463,2.0040953,11.135106,1.0386167,12.41632072336451,1.0275756106649427,13.434837240050994,1.493909507766294,,
1980-10-12,343.0979494977261,491.42102483085,34.03762489038053,14.365477,1.8415968,12.740377,0.83253616,13.408508666144082,0.9020034054478101,14.474448374870619,1.3683404797354286,,
1980-10-13,344.73868534137426,491.9457267731828,33.49101053396229,13.704105,1.6458071,9.956651,0.7352451,11.500712710464393,0.8041975277749177,12.475466293983668,1.2705294918666987,,
1980-10-14,340.44360703062256,484.3139926752841,32.95826834777352,13.494165,1.5074034,8.434817,0.8720744,10.523216037815605,0.8058605884230364,11.451248621787483,1.2721915471231382,,
1980-10-15,321.8713463814389,454.776042975013,32.4876317886216,13.676041,1.5468296,8.808529,1.168433,10.82580544254553,0.9375925271631081,11.768300765713365,1.4039236802968251,,
1980-10-16,320.4431368009833,483.96733222926713,31.984943704514286,14.243315,1.7289135,10.349295,1.2140865,11.900507702861555,1.003939545629712,12.8943701203866,1.4702722358257563,,
1980-10-17,323.3199146454323,487.8204563754616,31.48517057232943,14.084448,1.8024442,12.796799,1.3514786,13.310054647507771,1.0847977949942404,14.371288590691718,1.5511345036922692,,
1980-10-18,312.4630861934826,475.5717777864998,31.01196508982434,14.444077,1.7967491,14.25216,1.058464,14.328256719725767,0.9568617565344071,15.438157241412071,1.423202781668372,,
1980-10-19,286.61420179455365,442.8664942929918,30.588488871958763,14.06852,1.6383644,14.037511,1.2579352,14.049694250684201,0.998795968950809,15.146280438568482,1.4651356953590768,,
1980-10-20,288.5200877313697,443.703578576596,30.144444070653726,13.312016,1.4177587,11.342498,0.70501673,12.11855225816404,0.7032757621434147,13.12283646008452,1.1696089253922592,,
1980-10-21,287.43001474039977,441.5405149994429,29.70513975758889,13.147095,1.3290803,9.515842,0.9077117,10.947629946731178,0.7595489054300109,11.895948064762852,1.22588016641293,,
1980-10-22,284.8226668220892,437.6450606509919,29.27050402326512,12.51428,1.1693641,8.5248575,0.8890155,10.09763094365154,0.708903648623716,11.005322014912243,1.1752345110859581,,
1980-10-23,292.2107598227818,446.2751396133309,28.816582713919615,12.053844,1.0591117,7.091052,0.9392358,9.054774501711046,0.7055395653625083,9.912620599873405,1.171871067779017,,
1980-10-24,297.3315569898665,452.7101939636618,28.35518689624926,11.531841,1.012998,4.977998,1.0844907,7.576072472514026,0.7679397721280928,8.363241668370785,1.2342743143108603,,
1980-10-25,108.90231106326618,255.11635665528905,28.20477515193206,10.646086,1.1039654,4.906935,0.79379874,6.623898687050929,0.6469703687763031,7.365557230805808,1.1133081920181782,,
1980-10-26,32.315789505999994,413.6591704953579,28.541637843256375,10.467508,0.93775797,7.1215,0.8678571,7.363955107206208,0.807834206535802,8.140985818088193,1.2741693898739546,,
1980-10-27,64.7239757436392,396.6260429092392,28.552653138475993,10.166992,0.8719141,5.6761403,0.8819723,6.306173420638717,0.7680417004523007,7.032645782748583,1.2343808492677237,,
1980-10-28,272.22545455238344,375.6746075871087,28.365549093034197,10.360237,0.9565138,4.5697656,1.8257006,7.002723739756304,1.1323253964751823,7.76248882608184,1.598661790128844,,
1980-10-29,288.1147757467488,406.9446122345215,28.12616304545236,10.038811,0.8951762,4.4883447,1.4110789,6.789113944605573,0.9056669358786378,7.53866921291146,1.3720041154585862,,
1980-10-30,267.66239603129054,388.6095776742841,27.88192197802327,9.912724,0.87444997,4.039034,1.5052385,6.4346349647101135,0.9600276951710873,7.167247349502771,1.4263662941316229,,
1980-10-31,281.3178224680638,402.2186175952469,27.591153387396133,10.200495,0.88190776,4.221995,1.7732813,6.682519981197508,1.1047897660077575,7.426980422425725,1.5711273572936029,,
1980-11-01,280.76128914806816,407.2822816969923,27.288571030616776,9.869652,0.90878326,4.88222,2.11123,6.91737846164997,1.3035859595494073,7.6730643354202615,1.769922660950555,,
1980-11-02,278.858378338428,406.1298065819152,26.975181138514575,9.66086,0.88347596,4.6161833,1.4566901,6.669868902502375,0.9355676761548254,7.413724665414514,1.4019053171665887,,
1980-11-03,278.2770921241105,413.9047604873923,26.81505779303616,9.725031,0.8909599,4.3071413,1.5153891,6.4852893676596,0.9743845389423984,7.22032285975983,1.4407229262750207,,
1980-11-04,277.8790963493708,421.2796438247002,26.473833427735833,10.23135,0.94471884,5.0417576,1.6735165,7.104349600221346,1.0760180854402195,7.868972055286486,1.5423541235062088,,
1980-11-05,273.66329903477583,420.7716998382274,26.134188637030913,9.785099,0.90631324,6.381605,1.399277,7.722855755344818,0.9200064166140829,8.517040690367336,1.3863405452499358,,
1980-11-06,278.26536435143555,433.4455548998296,25.769466656819095,9.317329,0.8869832,5.1408424,1.241389,6.773769004837992,0.8317731400317587,7.522590837477041,1.2981103780788916,,
1980-11-07,276.9698449561953,433.3296821703383,25.42852098319019,9.969166,0.9778677,5.1928864,1.4956478,7.055319492452358,0.9889118790523543,7.817598475967179,1.4552480871993814,,
1980-11-08,261.35689954454267,425.9963167083282,25.103440837180933,9.428595,0.98349,6.637491,1.5718116,7.698771080604301,1.043463357540562,8.491804850503565,1.5097975523425418,,
1980-11-09,230.54162154626377,392.76470933781127,24.81282469625368,8.864023,0.9648526,4.9848943,1.4820935,6.4196633933181415,0.9997746064608871,7.15156018817602,1.466113268532688,,
1980-11-10,227.65470503453164,377.800766014256,24.58216658412659,8.127689,0.919405,3.9176807,1.4598787,5.500667956898573,0.9743461236085058,6.18863991132434,1.4406891504504349,,
1980-11-11,259.1401914508669,381.7216014643258,24.338272895817887,6.929776,0.917833,2.5009124,1.7505736,4.2917768800372285,1.1067893463082765,4.92196797337644,1.5731395857779908,,
1980-11-12,267.6194978563972,395.2649669298828,24.058098954203583,7.158542,0.9141187,1.2691466,1.5582352,3.646811411879511,0.9997532574408785,4.246175360544943,1.4661080286921893,,
1980-11-13,270.9371256750192,399.8264885513223,23.76827961751195,7.583017,0.92136383,1.0487719,1.6501777,3.688106379428278,1.051682426576738,4.2894440863827565,1.5180368934189923,,
1980-11-14,284.9052966041845,397.0064282406513,23.478248280135762,7.993714,0.9859486,2.7003036,3.0377216,4.911910390092131,1.8158904489234409,5.571741745391611,2.2822367796991396,,
1980-11-15,292.7128675478043,397.1072352761264,23.187063877492626,7.161699,0.9221816,3.5213585,1.7652457,5.066072034811584,1.0889339162513798,5.7332717897534335,1.555279343605402,,
1980-11-16,289.63230576023034,404.9499479238127,22.881489402780943,6.059876,0.85230255,1.5473298,1.802876,3.429006357404733,1.1095573819199942,4.017959968995604,1.5759137910067134,,
1980-11-17,285.562354028064,410.9395751249494,22.56380949052462,5.5714955,0.97397476,-0.029435039,0.8921259,2.2669188576907957,0.6606918996681694,2.8003286591927323,1.1270579642315162,,
1980-11-18,232.5068434886917,371.64484024909774,22.296630329398614,4.840948,1.0054578,-0.029048562,4.3523993,1.8451621424836135,2.705202561081558,2.3584134147018543,3.171572511848672,,
1980-11-19,234.80994131091123,354.1446949374429,22.055128366016138,5.0731244,0.84159297,-1.0599178,2.9876564,1.3852608093012246,1.8275748300088095,1.8765303698874083,2.2939492502854337,,
1980-11-20,247.41138836338635,370.7357493340782,21.793757450842993,5.0615053,0.8065314,-0.9324957,1.2774775,1.4665837720095345,0.8313998835798978,1.9617402922245342,1.2977734959245675,,
1980-11-21,245.44885660675484,382.8913584952028,21.519490649626828,5.498308,0.80083495,-0.6480273,0.96762216,1.752918843095113,0.6674860406418741,2.261761200920528,1.1338568684771908,,
1980-11-22,249.8178375061025,383.0474795410663,21.255092947396914,5.79417,0.80036885,-0.26990116,1.1509397,2.12383583261941,0.7649129835138622,2.650406754627787,1.2312803436930053,,
1980-11-23,232.99738920669827,388.3919524712952,20.99432580549537,5.9651146,0.849893,0.5820302,1.2277435,2.6004822662865417,0.8309255118229828,3.1498352584898845,1.2972886468774776,,
1980-11-24,25.852632096,311.871530495358,21.207590535486958,5.378547,1.04564,2.4134388,1.3393415,2.6404165052627864,1.239402932393422,3.1916782175808267,1.7057657252549856,,
1980-11-25,25.852632096,490.44763049535794,22.111821447176524,5.4502325,0.9010942,3.1623006,1.050871,3.2768638872656157,0.9992701062596947,3.858545608856853,1.4656276916002473,,
1980-11-26,25.852632096,378.3006804953581,22.56882825070501,4.863758,0.7964033,2.6026533,0.77149105,2.7472902363579994,0.723935490600263,3.3036601476928174,1.190297376641426,,
1980-11-27,25.852632096,303.883450495358,22.849170217205494,4.8429832,0.8262374,2.1152947,0.7104204,2.3291564234258413,0.6579176174397335,2.8655409678214374,1.1242831257486678,,
1980-11-28,25.852632096,192.655330495358,23.200582627765186,4.6293554,0.8961898,2.3375793,1.1134796,2.608729306984342,0.9874483261507975,3.158476479541941,1.453811390387718,,
1980-11-29,25.852632096,113.13328049535804,23.605290240348094,4.366596,0.8740574,2.5032167,1.4855293,2.8498221167300546,1.2200884470195028,3.411092701458957,1.6864494753571848,,
1980-11-30,25.852632096,225.2397504953581,23.839945239331474,4.304476,0.8372867,2.2909322,1.1772115,2.4982479142949763,1.0595180222787879,3.0427144539437716,1.5258820416807255,,
1980-12-01,25.852632096,212.3983204953581,24.062141701018785,4.9226594,0.8192237,2.372103,1.2273673,2.648864080396033,1.0977905628021773,3.2005295579288515,1.5641532835109118,,
1980-12-02,25.852632096,195.26197049535796,24.289645240491335,5.0739493,0.9394904,3.443679,1.5900576,3.6342896478800473,1.4084386391542016,4.233055099029815,1.8747935030959928,,
1980-12-03,25.852632096,78.37899049535818,24.70438104542491,3.0067902,0.90663123,3.0316787,1.1124604,3.0255055631303778,0.8662334103690839,3.595173216053398,1.3325929970204267,,
1980-12-04,25.852632096,168.933210495358,24.951225200858822,2.1808925,0.90889525,0.81916296,1.0990034,0.9998962839299743,0.9607433658073313,1.472746737506142,1.427121717447036,,
1980-12-05,25.852632096,191.30599049535803,25.206417569110183,1.9637771,0.8784606,-0.26773393,0.66894317,-0.002073594730926389,0.5985134692710518,0.42288612370793627,1.0649028373911391,,
1980-12-06,71.08552172521988,178.9631533627942,25.38889891850436,2.1383107,0.7618777,-0.6405331,0.55171335,0.14945533336749722,0.45037002672684223,0.5816576165937364,0.9167576551416781,,
1980-12-07,116.6748511852052,146.87312767390375,25.54099162835352,3.1154506,0.7666402,-0.6870872,0.893033,0.9963274839925591,0.6023921545984592,1.4690073611310508,1.0687705434394572,,
1980-12-08,161.9904319139062,83.87636333423349,25.704165719951042,4.6856155,0.9077418,0.49046123,4.3766565,3.2544573112401602,1.608404823493938,3.835068075090429,2.074762584301986,,
1980-12-09,122.2272643544988,43.44851007685134,25.909407084449033,4.229383,0.8885343,2.8518825,1.8297647,3.8681331588547545,0.8123811816658101,4.478075530475059,1.2787343442095618,,
1980-12-10,25.852632096,122.79872000000012,26.16709183046569,3.090911,0.8723614,3.0316806,1.255925,3.0419815993629857,1.04853567236846,3.612436750497412,1.5148951256251035,,
1980-12-11,68.93145947771305,144.6442187103446,26.28300862397937,2.1926353,0.7942179,1.1393988,1.0633776,1.4793304415566664,0.7644317773854419,1.975096209003709,1.230805263779329,,
1980-12-12,102.88718599100174,182.6868706320698,26.643146049282564,1.9743594,0.78401697,0.17199159,0.91708,0.8213522251047842,0.6511316716957263,1.2856688829914407,1.1175119023455895,,
1980-12-13,108.36762904472656,155.39286652936988,26.95157395187303,2.2673182,0.74550414,-0.04061401,0.87406343,0.9076142169088814,0.599157042458534,1.3760539031319061,1.0655363607300932,,
1980-12-14,135.53364879265487,147.12617382196953,26.983646314922403,1.632361,0.78771746,-0.73182905,0.8112639,0.40178558521458474,0.5665436541882027,0.8460483919312991,1.0329284438544812,,
1980-12-15,115.29503996651914,166.79253234153938,27.00446878601787,1.4369614,0.82169145,-0.98604,0.5628503,0.00429092114590925,0.47280762511320407,0.42955484168767555,0.9391969196340437,,
1980-12-16,126.9999162154438,179.9290230461405,27.071075052321063,1.5716616,0.78362596,-1.2114428,0.65806407,-0.05986022090740014,0.5039404569136526,0.36233749433392676,0.970330495397399,,
1980-12-17,138.43645034944558,179.5153068202703,27.102929460945706,1.3122555,0.82864654,-1.4796296,0.8835497,-0.26404060536370766,0.6156497510118712,0.14839798545633565,1.0820421887029272,,
1980-12-18,132.08012163148345,184.5621099342322,27.120045085374834,1.3600019,0.8075584,-1.1491388,0.5792474,-0.10250769035586897,0.47693122410870337,0.31765162162890237,0.9433217597803469,,
1980-12-19,146.24653797028296,186.76649874356116,27.18728051052992,1.359938,0.81773543,-1.4413606,0.64286894,-0.21113780999716894,0.508879995990902,0.20382935360223572,0.9752718074763121,,
1980-12-20,140.54915377797008,199.84021103665145,27.236410694964846,1.1621027,0.844287,-1.3709782,0.77360696,-0.32505136910472615,0.5725461549432295,0.08447111576335903,1.0389393187862566,,
1980-12-21,141.53268837962648,209.26808456530617,27.14496927940275,1.1761957,0.8406598,-1.1923338,0.66203517,-0.236736276855435,0.520584226291197,0.17700736753212598,0.9869763403838003,,
1980-12-22,140.39928544150538,230.97850844143355,27.0616824870321,1.2318838,0.8339242,-1.0840172,0.55094534,-0.2084913724034404,0.4656266624680977,0.20660228186655014,0.9320184427119025,,
1980-12-23,130.482589776743,254.90891205706376,27.002243203448106,1.450235,0.7904662,-1.0793341,0.4712458,-0.22289404705438426,0.4108278008396898,0.1915112086003715,0.8772197512060936,,
1980-12-24,156.00500010729834,266.2717488408274,26.881870365538248,1.3873049,0.813873,-1.3535122,0.45966506,-0.3409506940496349,0.41763291931951624,0.06781185743520707,0.8840262730958317,,
1980-12-25,175.71474118660305,286.135372267913,26.760920072478235,1.1598787,0.8514738,-1.6589466,0.86069113,-0.5865009309864023,0.623924923896677,-0.1894748414556438,1.0903212477151514,,
1980-12-26,172.57702070163126,282.9483705443463,26.7517142421648,1.1627812,0.84358245,-0.99565566,0.5347929,-0.1779260281181716,0.46096310063071194,0.23862854512625223,0.9273545206262104,,
1980-12-27,167.44348726699084,296.14610786370383,26.73729369996307,1.2244684,0.8199296,-1.1594709,0.49535915,-0.2984181476589842,0.43340442024616954,0.11237731415309438,0.8997972665763779,,
1980-12-28,168.83903706231197,305.63904220333126,26.628426279579948,1.4404285,0.79055303,-1.3253607,0.47248715,-0.3411778296204582,0.4144504400362557,0.06757386556052253,0.8808437965280258,,
1980-12-29,175.1566034912785,299.7104202946863,26.516845284704377,2.2332902,0.78220457,-1.2773875,0.55194634,0.01754002780529795,0.4523241993154722,0.4434372103555776,0.9187133407722281,,
1980-12-30,179.09116303419708,305.58899844428646,26.418873563322194,1.665681,0.8272267,-1.3179148,0.53905034,-0.21546483028180657,0.45710084652746413,0.1992955165391713,0.9234927091112684,,
1980-12-31,180.437054925892,305.69911694184776,26.221130063152653,1.4080826,0.8237319,-1.3962516,0.6509856,-0.35537900789841553,0.5109353102189728,0.052693919505178266,0.9773288366060271,,
1981-01-01,192.1267830477508,359.29492288419,26.056688768115787,1.1710744,0.8159053,-2.2282434,1.9956492,-1.0438503987549341,1.3310354929571746,-0.668684050412566,1.7974375323934972,,
1981-01-02,186.20701493099017,349.9834520785314,25.846247369075563,1.1626347,0.84257686,-2.2504025,1.1240844,-1.0651306033231573,0.7899095432680477,-0.6909813760164099,1.2563118544710328,,
1981-01-03,189.87310189379687,361.3063253511075,25.618405451887476,1.1611102,0.847487,-1.672741,1.1293695,-0.6965215260348061,0.7958042365848341,-0.30475404486077134,1.2622019135156513,,
1981-01-04,181.36819600847852,353.94779388692143,25.395868657025282,1.1574957,0.85924274,-0.8601161,0.98116434,-0.17653739603051105,0.7110643568622863,0.24008354908090163,1.1774557605164988,,
1981-01-05,173.67448741186573,346.4676541184287,25.172022659195992,1.158906,0.8546367,-1.5004004,0.99150926,-0.6124629926244943,0.7194584129780911,-0.21667780089316852,1.1858550548491333,,
1981-01-06,176.44735557358118,351.11216512441763,24.93600391039465,1.1624926,0.84303343,-1.5835594,1.4262029,-0.6651158830042043,0.9901889466603319,-0.27184731944812696,1.4565862359306148,,
1981-01-07,182.20451602266888,354.4237481867031,24.767249499866075,1.1605726,0.84922516,-1.5720073,1.3812593,-0.6441985342738967,0.9567560224288313,-0.2499301929508903,1.4231530541281454,,
1981-01-08,181.61608012729897,358.7630520630857,24.591097575450338,1.1591529,0.85383284,-0.9539088,1.3341542,-0.24372968039484127,0.9310834414796826,0.16967970320929016,1.3974756383737157,,
1981-01-09,184.66566640963984,359.4256288633336,24.335880782796465,1.159455,0.8528504,-0.55600536,1.4367003,0.026225274900398474,0.9922409356369667,0.452537582572792,1.4586299768638356,,
1981-01-10,187.82955934965403,363.5907494504863,24.074986713686982,1.1591129,0.8539627,-0.26185048,1.5029281,0.2221703808692932,1.0327973014339726,0.6578481948021632,1.4991841043283243,,
1981-01-11,189.361718067731,367.77678389849376,23.802461286732107,1.1574563,0.8593717,0.4902984,1.5041932,0.7170537905742125,1.03501291113783,1.1763853398166702,1.5013942562971394,,
1981-01-12,195.95301559084592,375.8279642259743,23.517403580431786,1.1559169,0.8644286,0.64463234,1.3907228,0.8198528534970128,0.9609183447578195,1.284097846546163,1.4272985913415086,,
1981-01-13,198.98830089329468,380.1289995844328,23.230953610649554,1.1566285,0.8620876,0.8064758,1.5070466,0.9267904505557546,1.0326150514532582,1.3961466951964243,1.4989941680570262,,
1981-01-14,198.33441320974356,382.0362791807246,22.94727526092567,1.1602827,0.85016394,0.8836076,1.7777638,0.9781578769271541,1.2057611918121467,1.449969308957614,1.6721397702795682,,
1981-01-15,190.7855317311832,370.7746467220644,22.677598718442404,1.1683036,0.8245673,0.5772786,1.4866818,0.7780745789922188,1.0207862576185216,1.240322713331927,1.4871669492137263,,
1981-01-16,179.83488599476087,354.674238314062,22.41790976390021,1.1673915,0.8274386,0.79770774,1.4899997,0.9220873614344588,1.0271376350329442,1.3912188144918365,1.4935168010580615,,
1981-01-17,188.73987209418456,364.4311038108071,22.138879359286314,1.1608388,0.84836394,0.8127629,1.6624664,0.9315251228401435,1.1328437507113935,1.4011076686313395,1.5992228175874748,,
1981-01-18,194.315806073936,372.9164858950507,21.84736118004802,1.1601089,0.85072714,1.0020297,1.4497516,1.0561826041156628,0.9966726737770201,1.5317233513915463,1.4630504406123122,,
1981-01-19,190.60079097916145,359.31951993594043,21.572391969373516,1.1670882,0.8283961,1.2745488,1.2941924,1.2373032292580486,0.893043245595685,1.721500923285854,1.359419155204817,,
1981-01-20,192.92066191528548,360.2286397921993,21.289407418550855,1.1632642,0.8405579,1.7282703,1.5098524,1.5312143481104992,1.0260368385033782,2.0294599889345526,1.4924098141457405,,
1981-01-21,203.711348041138,366.2817033746921,21.10722270524059,1.1602315,0.8503301,1.6741982,1.6864083,1.490510218152107,1.1255035723378577,1.9868103407042572,1.5918769484164812,,
1981-01-22,203.16001099276664,363.2105185243077,20.988199034749965,1.165064,0.83481157,1.723197,1.9022019,1.5229918142044843,1.2560889615629804,2.0208444460151562,1.7224620179437162,,
1981-01-23,180.2287538669215,338.3712468878948,20.74376529078962,1.1676046,0.8267673,1.8108045,1.9241745,1.587273595379806,1.2879263670883063,2.088198676594382,1.7542987943362667,,
1981-01-24,204.7973080688197,359.93331947585256,20.432210832835306,1.1663443,0.83074814,1.7550509,1.9437094,1.5415587942492435,1.2749369189439375,2.040298864238009,1.7413097931223418,,
1981-01-25,205.82554652108857,358.82605971627186,20.140783246335424,1.1930598,0.83571255,2.0369463,1.8148627,1.729334670263056,1.1928669571087003,2.237049785245561,1.6592380107489961,,
1981-01-26,206.93142246379549,361.9843152039186,19.851985002731944,1.4384111,0.83187354,2.9905725,1.9187455,2.426005625026627,1.257778228303593,2.967019230196307,1.7241428798225766,,
1981-01-27,209.53938930346604,363.9833944570177,19.56969007228032,1.5904088,0.83968705,3.7444634,2.6674085,2.9574689128787313,1.7204310779598468,3.5238846464913767,2.1867912187430907,,
1981-01-28,203.81153272665588,357.98886983561005,19.316230317867966,1.4258662,0.8440957,4.225701,5.06923,3.2099689681911303,3.244683077186763,3.7884533413194483,3.711041188087873,,
1981-01-29,210.03893091025648,362.7109409948692,19.044287437255832,1.160768,0.84859276,3.52911,6.749278,2.6605912001604715,4.28549547600335,3.2128171939308765,4.7518580966831285,,
1981-01-30,214.79282489358857,374.5324640613595,18.759504392825875,1.1580764,0.85734314,2.5675943,2.521848,2.0538638699737803,1.6328815960422898,2.577090371354885,2.0992495983407364,,
1981-01-31,219.32466977471896,374.890837199643,18.474028978447926,1.1590917,0.8540319,2.2199721,1.639361,1.8284016585739151,1.0812434165396378,2.3408518369541205,1.547613525945539,,
1981-02-01,206.1282063255775,377.0136060338281,18.209116260790758,1.214082,0.8659052,4.594604,11.442308,3.399661508818685,7.4040254755055335,3.987212536957489,7.8703821094046225,,
1981-02-02,25.8526316048,22.44843049535805,20.784727161963904,1.5963964,0.9217832,5.2909265,63.721264,3.3134684223169923,29.619241901267657,3.896899715557342,30.085599201190597,,
1981-02-03,25.8526316048,22.6205,22.724537121020447,1.1673352,0.8276164,3.3140378,68.170746,2.1691166679425846,31.815661931817917,2.697851859094617,32.282028879447346,,
1981-02-04,25.8526316048,99.31549999999991,23.260413206464545,1.1570369,0.8607467,3.005321,30.61545,2.623570431823591,24.292686358919724,3.174026959416659,24.7590492959114,,
1981-02-05,25.8526316048,109.86248049535804,23.64812853786427,1.1549603,0.8675863,1.1646034,5.0620522,1.1627664241800313,4.101103562816489,1.6434015137164293,4.5674802321903165,,
1981-02-06,25.8526316048,320.30032049535794,23.98789339090564,1.1581447,0.8571201,1.2905254,2.943918,1.2806385061666952,2.7248017755082574,1.7669074782965004,3.1911772463148664,,
1981-02-07,25.8526316048,444.0425804953579,24.269984454945057,1.1621972,0.843983,1.9466337,1.8350469,1.9034756766253673,1.734708101041778,2.4195141364407395,2.2010775023714926,,
1981-02-08,46.211233418451,388.03665501972097,24.485873583648115,1.3721161,0.87489784,1.9256061,2.8759458,1.8667055398907517,2.571583133576943,2.3809865128626337,3.0379528809065657,,
1981-02-09,98.296248702143,415.0623687865401,24.594946087516334,1.1804122,0.8453795,2.1319294,2.1063535,1.9497359551452949,1.7107112110500355,2.467985498141068,2.1770801792755243,,
1981-02-10,44.87984144447943,434.1298476889438,24.729343616791198,1.154938,0.86766,1.8960664,2.7816834,1.8266279005341615,2.5223696281939625,2.338993299343355,2.9887397544073653,,
1981-02-11,25.8526316048,4387.705330495361,30.735753003393196,2.6728725,1.102134,1.4702752,1.1527084,1.4773194366141524,1.1459745417872262,1.9729890848992193,1.6123480480396584,,
1981-02-12,25.8526316048,4121.028330495359,38.400737938584534,1.2744414,0.82803595,0.19544327,0.40253198,0.20217000054543494,0.4000558056396773,0.6368918646667043,0.8664428349919149,,
1981-02-13,25.8526316048,4878.378530495359,40.36402830742269,1.1556784,0.86521494,-0.14281428,0.36431143,-0.1359692805731438,0.3624196535308781,0.2825906817819658,0.828810580756532,,
1981-02-14,25.8526316048,3002.7743304953583,41.5406339322692,1.1603295,0.85001236,0.14041233,0.36365992,0.14911843480317277,0.3606286838899109,0.5813046154296674,0.8270163161435635,,
1981-02-15,25.8526316048,2063.2090304953576,42.34450967205825,1.2245615,0.8524132,0.41257286,0.4069067,0.4226214113761558,0.4020095564131146,0.8678800993596846,0.8683941149274481,,
1981-02-16,25.8526316048,1633.891980495358,43.14257041337903,2.2514453,0.96164674,0.91556835,0.58856094,0.9363763327993431,0.5795869501243731,1.406190749843557,1.0459659660753726,,
1981-02-17,25.8526316048,1767.7476304953582,44.537787070015774,3.8694522,1.0477306,2.1436758,0.8881865,2.1685508352818434,0.8755146078845222,2.697258981566895,1.3418815606547376,,
1981-02-18,25.8526316048,2071.2287304953584,46.05375827210705,5.091778,1.1431202,3.986189,0.87326556,3.999818489856537,0.8626151355560469,4.616054970154942,1.3289673675077804,,
1981-02-19,32.315789505999994,1998.0401304953584,47.741201931981834,5.1192193,1.0511408,5.018327,0.9435985,5.019933066348682,0.9287305837783066,5.684927536316179,1.3950762786669366,,
1981-02-20,32.315789505999994,3652.333130495358,50.58135238391511,4.973566,1.3770522,5.3954186,1.386086,5.391718834348529,1.3739825619456332,6.074483393140349,1.8403261702851201,,
1981-02-21,32.315789505999994,6291.312030495359,53.95478904274496,4.960307,1.03562,4.514141,1.3777412,4.516421135953981,1.3707107178280618,5.15734945681804,1.8370594905643096,,
1981-02-22,238.1154683952,4588.994030495358,56.39153638194138,4.954331,1.0043218,4.185872,1.4296621,4.223779222463992,1.360041197223745,4.850720260209568,1.8263918920382014,,
1981-02-23,407.87376839520016,3740.0140304953593,58.265450283311246,4.952326,0.9245215,5.1019526,1.5126097,5.0872393247766,1.366896993761047,5.755450803822017,1.8332422991922375,,
1981-02-24,1026.4895683952,4919.765930495359,60.44980357862051,5.26892,1.0883328,5.721407,1.2331538,5.64329505983692,1.0374309375839124,6.338084102236778,1.5037732236964527,,
1981-02-25,799.5654474071997,3358.7769304953586,62.06505282062569,4.2983265,0.85467577,4.8826523,1.0987966,4.77029820756228,0.9026065802869566,5.423360984613862,1.3689537648929946,,
1981-02-26,131.61604740719997,2819.075030495359,63.46927249105303,3.3152215,0.740246,3.8019257,1.1177806,3.7802161444699163,1.0684321147425775,4.385956383331905,1.5347859096168022,,
1981-02-27,38.7789474072,2007.9478304953584,64.64140281978759,3.1773224,0.799781,3.6011195,0.951511,3.5930899137350063,0.933605901034116,4.189886158426886,1.3999610712163357,,
1981-02-28,38.7789474072,1685.231530495358,65.69169427704877,3.3675764,0.8001584,3.584872,1.0585681,3.5799842781120015,1.0349137964289856,4.1761541182204756,1.5012690644332412,,
1981-03-01,38.7789474072,1516.684030495358,66.41083309693734,3.6948528,0.7853549,4.1936316,0.8660739,4.181196690484182,0.8447089166999167,4.806102428762226,1.311059899359876,,
1981-03-02,38.7789474072,1315.515090495358,66.96227227210282,3.222249,0.794597,3.9180298,0.8814119,3.8981067518158983,0.8564757607874183,4.509481758720144,1.3228287097709563,,
1981-03-03,38.7789474072,1069.9804304953575,67.4036783099531,2.4131827,0.788841,2.9069629,0.7121428,2.8896928720272794,0.6877891791533775,3.452869142568031,1.1541498772091252,,
1981-03-04,38.7789474072,860.8893704953578,67.73124751935904,2.324275,0.7446058,2.0172718,0.6270207,2.0305047042278526,0.6008516767616319,2.5526147173356155,1.0672198946691709,,
1981-03-05,38.7789474072,844.3112304953581,68.025146347178,2.3692355,0.7311085,1.8578373,0.67509925,1.880294237423462,0.6462517188153152,2.3952247036867687,1.1126213380978065,,
1981-03-06,38.7789474072,792.3158304953581,68.25089791523793,2.2793794,0.750115,1.8918971,0.6284092,1.9099770361079929,0.6001091148528199,2.426326238682849,1.0664784551668396,,
1981-03-07,38.7789474072,714.8444804953581,68.47714445474136,2.3569221,0.7565193,1.8192712,0.6500729,1.8469369306939967,0.6178498393445068,2.3602730317218836,1.0842197733319734,,
1981-03-08,42.16615740719998,671.176550495358,68.64557425490234,2.656653,0.7651162,2.0819335,0.81518126,2.1159055424511535,0.768327620502224,2.642097423697829,1.2346950531748138,,
1981-03-09,56.41383740720004,638.8421104953579,68.91673089421423,2.5778267,0.7591662,2.355812,0.8832498,2.373826588537859,0.8139163299289568,2.9123462141284895,1.280281441724361,,
1981-03-10,51.2295974072,613.2494804953578,69.16041466488811,2.8314147,0.7625825,2.4866993,0.8753193,2.5132759943297827,0.8099710775200172,3.05846082483332,1.2763349661767511,,
1981-03-11,55.889637407200034,575.775990495358,69.33225631907081,2.6282558,0.7550234,2.6352584,0.87459797,2.63463884837781,0.8000078417358347,3.1856244084466803,1.2663706839927886,,
1981-03-12,47.58218740719996,561.851730495358,69.4343827497853,2.6763315,0.76958233,2.7248507,0.86039996,2.721062472678107,0.7954958034092621,3.2761787865641514,1.2618579107828172,,
1981-03-13,38.7789474072,539.7977104953579,69.49209139593407,3.7082558,0.78388053,3.199397,0.8511296,3.2335032055311044,0.7958190440569077,3.8131124347565075,1.2621769694775729,,
1981-03-14,38.7789474072,507.41512049535805,69.48630220517416,2.8550596,0.7751712,3.955638,0.83786535,3.877498547243045,0.7803214321585179,4.487888552414331,1.2466745278640274,,
1981-03-15,48.63404740719999,465.1876404953579,69.37419904127128,4.2853456,0.86418235,3.9036365,0.8266404,3.9397658343547404,0.7528542897820036,4.5531320029998925,1.2192069436532158,,
1981-03-16,38.7789474072,444.122330495358,69.46475527024307,3.3247182,0.75957483,4.358695,0.71485424,4.275662465334167,0.660272070612949,4.905083344734944,1.1266224175143904,,
1981-03-17,47.4084274072,440.7752004953581,69.72033536619647,2.6685233,0.7779266,3.4881134,0.5734899,3.4085214728551065,0.5232792366751721,3.9964959769885797,0.9896358025938501,,
1981-03-18,71.56859324430076,431.159204497434,69.43278071764746,2.4617424,0.8083608,2.5150583,0.5041786,2.5074682026640165,0.44745485979664557,3.052375440578873,0.9138187989508998,,
1981-03-19,98.63377046096568,404.7643791365933,69.11606334578211,2.2236917,0.80912775,1.9808652,0.53486633,2.02844366189575,0.4583573986321413,2.550455164225359,0.9247256355934087,,
1981-03-20,123.59319813877548,386.8897068837106,68.77430157480177,1.9810114,0.80986345,1.5951532,0.561775,1.6885734736274782,0.46874349573558216,2.194340342745982,0.9351149411406054,,
1981-03-21,119.5834402897386,380.0725685585796,68.42976017449313,2.456891,0.79915875,1.1364924,0.586246,1.4525054183488202,0.4852250308118256,1.9469890413832822,0.951598782481663,,
1981-03-22,120.6959729975068,396.65381397225326,68.09009615125557,3.5209057,0.76680803,1.4762359,0.78105944,1.9532505000092992,0.6249907005198041,2.4716680262357014,1.0913596359409659,,
1981-03-23,138.38997234462389,384.8259297814179,67.74413793896176,4.074465,0.7939286,2.3628864,0.83320886,2.815596834247955,0.6478062827454402,3.375231567467489,1.1141675960490143,,
1981-03-24,161.82783000968,393.78771205119824,67.38805622611812,4.100442,0.76880777,3.0382142,0.84420264,3.347597215015106,0.6388500741477608,3.932659747882984,1.1052071093375955,,
1981-03-25,176.3854333542525,398.4939246273729,67.01803800131802,3.9587393,0.77354604,3.3119447,0.85762006,3.5103952967051844,0.6401104812965458,4.103239021380445,1.1064662720117981,,
1981-03-26,191.80296788852183,394.0373738535269,66.59812079954614,4.490624,0.837198,3.759869,0.8150314,3.9991167903677343,0.6128974828434643,4.6153197318292145,1.0792497197014022,,
1981-03-27,214.54998513629724,374.6760097596923,66.16374902301999,4.302822,0.81190336,4.4383416,0.84683067,4.3889960219416,0.6142964362145432,5.02383385793683,1.080646033843204,,
1981-03-28,231.11580696657515,382.73403786572777,65.7264574600712,5.6806703,1.0353777,5.5221753,0.7992427,5.581849006554674,0.6326847951381724,6.273701137650468,1.0990273975163498,,
1981-03-29,245.1995336762526,380.46895677734176,65.38600199263057,6.921975,1.3407252,7.538826,0.85228014,7.297082087961159,0.7380259703558657,8.070916497117212,1.2043613664967978,,
1981-03-30,192.62695130534004,373.3540202255168,65.20648027211425,6.6379104,1.2494575,8.722853,0.98919743,8.013259793071052,0.7788642771268818,8.821325048400343,1.2451976601851837,,
1981-03-31,152.51181667726237,305.036169440296,65.46836959834236,7.5451303,1.569297,10.125973,1.0253934,9.265715486471901,0.860774806516516,10.133643842640144,1.3271060791300926,,
1981-04-01,136.20629062889722,315.2547462983628,65.2991487712955,8.864994,1.901935,11.165665,1.0640996,10.47154981909434,0.9388302150373746,11.397112934423477,1.4051611510058413,,
1981-04-02,38.7789474072,365.184930495358,65.61530359593051,7.1774564,1.2804872,10.667687,0.9254959,10.332638929734342,0.8456336294229961,11.251562579395191,1.3119645194144678,,
1981-04-03,38.7789474072,205.14637049535813,65.89707178149831,8.517061,1.6199497,8.867465,0.79688245,8.811758255803557,0.7179742536156215,9.657989008121017,1.1843060838684372,,
1981-04-04,171.67557338941768,168.5815799242942,66.0864073026894,9.87875,2.032275,12.848687,0.9191382,11.350215536137126,1.121953177911685,12.317775869172412,1.5882849160338122,,
1981-04-05,130.17148902538025,170.86524918859018,66.4671616779309,8.471489,1.5845374,14.115466,0.9913515,11.674950332373541,0.8866050155841978,12.658031878618559,1.3529372736494816,,
1981-04-06,38.7789474072,311.08093049535813,66.97673523558117,5.9953313,0.9233234,10.506631,0.98253495,10.00659227815109,0.8796035310660905,10.909932012400981,1.3459343998392226,,
1981-04-07,38.7789474072,251.78023049535807,67.33775177198271,7.4344635,1.3203032,7.6434975,0.8059733,7.615599132406237,0.720292240439629,8.404657567490716,1.1866266688355986,,
1981-04-08,83.12627232066251,288.20919813563785,67.68430187602951,8.899603,1.6933395,8.574297,0.79708177,8.647119162477804,0.7255468553041864,9.485480728924879,1.191878946042857,,
1981-04-09,81.20685012309501,292.36476257477125,68.01668859791995,8.04001,1.475224,10.340037,0.9459003,9.84005840508807,0.8067550830168096,10.735438389473117,1.273085987865178,,
1981-04-10,38.7789474072,414.6458804953581,68.34484214382096,8.541901,1.6149842,11.655547,0.9262666,11.38925397341626,0.8582352835848153,12.358680210307266,1.3245670778342995,,
1981-04-11,38.7789474072,364.4027304953579,68.56289916461044,8.558716,1.5243386,10.838361,0.8973345,10.619099254742506,0.8241724654599963,11.55171472872311,1.2905034744367376,,
1981-04-12,38.7789474072,401.004950495358,68.7511362860569,7.33937,1.2991911,10.604209,0.9207223,10.31632431206597,0.8473155739683128,11.234468178771001,1.313646460008219,,
1981-04-13,38.7789474072,486.1518704953581,68.81482450340243,6.8272753,1.1934808,9.378353,0.85145265,9.189893782693861,0.7934657730474778,10.054198120605042,1.2597971224036186,,
1981-04-14,38.7789474072,744.1766204953581,68.98490571795519,5.944437,1.1642048,8.603011,0.9454552,8.47133481452534,0.9004758779387794,9.30129449002902,1.366808281019146,,
1981-04-15,38.7789474072,1021.265230495358,69.2821359524226,5.7675815,1.00694,6.972677,0.8392575,6.928591949880537,0.8093940844469372,7.684813790056857,1.2757307449378628,,
1981-04-16,38.7789474072,751.022910495358,69.52070090113948,7.865895,1.3939126,7.30675,0.8251891,7.3342036096732395,0.7876517510381927,8.109812300673555,1.2539870284197308,,
1981-04-17,38.7789474072,722.070830495358,69.61264168646792,7.09186,1.1471101,7.480994,0.881546,7.461160844631125,0.8386558554082613,8.24283765748083,1.304990738540146,,
1981-04-18,38.7789474072,750.059030495358,69.83748324266318,9.014602,1.7347269,10.212558,0.93150795,10.153666768998837,0.8898113319897707,11.064036161162255,1.3561421952807475,,
1981-04-19,38.7789474072,644.2470304953579,70.01694686479624,8.089638,1.4233693,10.765976,0.92073387,10.614026273078332,0.8722107688196818,11.54639927587651,1.3385417748729336,,
1981-04-20,38.7789474072,621.8104504953583,70.04161769003683,6.4075675,0.9810988,9.104626,0.88822645,8.946298791941064,0.8380657339914026,9.79896012198208,1.3043973743986124,,
1981-04-21,38.7789474072,584.5165804953579,70.08149411390801,6.5557814,1.1635561,8.086527,0.8654093,7.991290025884692,0.8147892821381967,8.798305201442368,1.2811227182286191,,
1981-04-22,38.7789474072,550.4906104953579,70.1086872940846,7.704122,1.3302239,8.315146,0.8636409,8.274935846565599,0.8115412197534527,9.09550832275709,1.2778740136071765,,
1981-04-23,62.05692740719997,618.993110495358,70.19240622485718,7.0094333,1.4617785,8.3642,0.9440805,8.240754027137676,0.8683328807833329,9.059692729205215,1.3346657471557244,,
1981-04-24,80.18702740720005,1048.173790495358,70.33525097801194,8.081341,1.6047932,10.454548,0.9864534,10.285895781499548,0.9234205145193956,11.202585268458233,1.3897513940026167,,
1981-04-25,38.7789474072,920.5926004953584,70.52240553796814,6.423855,0.9890989,9.046133,1.0114068,8.940137414191598,0.9713476249215387,9.792504251437807,1.4376792735705026,,
1981-04-26,38.7789474072,782.1550704953581,70.6644029066997,7.3967123,1.2092888,9.296335,0.993365,9.206601605220241,0.9481631630729694,10.071704519935349,1.4144944949535367,,
1981-04-27,38.7789474072,714.1658804953579,70.66943765135495,8.4074955,1.5117782,10.621329,0.9889264,10.507310136878374,0.9412196965666121,11.434582473157056,1.4075506479432889,,
1981-04-28,38.7789474072,682.223380495358,70.73626992876713,7.2763953,1.382059,10.576577,1.0494236,10.399077650104243,0.9957589725195509,11.321176843489368,1.4620898817474155,,
1981-04-29,38.7789474072,1276.015430495358,71.03323068682695,9.061606,2.1009097,12.444016,1.1629528,12.344254620364635,1.130352012097006,13.359326623673375,1.596685722289032,,
1981-04-30,38.7789474072,1822.7008304953583,71.73235646235018,8.901484,1.6672235,12.937048,1.0640589,12.852977778101105,1.042470829148925,13.892365009366527,1.508805985791408,,
1981-05-01,103.4105262964,1324.4789804953582,72.44754210646401,8.988937,1.737091,12.74899,1.0282177,12.476679754220761,0.9620133372440831,13.498081226255149,1.4283473954625663,,
1981-05-02,103.4105262964,1050.0052704953582,72.95257717004728,7.959333,1.4647986,11.647199,1.0097032,11.316559771705055,0.928511691348266,12.282511474246963,1.394843382481118,,
1981-05-03,103.4105262964,878.178690495358,73.36816954886069,9.14082,1.7778075,12.636645,0.9990359,12.268359708112811,0.9131999959774715,13.279804194049692,1.3795335157517516,,
1981-05-04,103.4105262964,762.487330495358,73.71170520438737,10.127823,2.0043032,14.874332,1.0221491,14.307476826023313,0.9313626856467726,15.416384139823153,1.397703610836594,,
1981-05-05,103.4105262964,687.1330804953581,73.88470767842462,9.876364,1.8176913,16.10396,1.0205188,15.289331971619966,0.9183403889451004,16.445168605075416,1.3846865761356881,,
1981-05-06,103.4105262964,641.4153304953581,74.01329080055928,8.530245,1.4777008,14.386044,0.9876479,13.573033068167602,0.8749188421897316,14.646836480912329,1.3412565521488644,,
1981-05-07,103.4105262964,614.3659304953578,74.20665752388221,9.047302,1.7157346,13.716215,0.9737276,13.043561782658477,0.8693255942436995,14.092058277862915,1.3356613689905286,,
1981-05-08,103.4105262964,566.254720495358,74.27378307909277,9.528128,1.8088527,14.168218,0.9760582,13.451689288898537,0.8713202355968823,14.519692883787162,1.3376574737246962,,
1981-05-09,103.4105262964,542.257930495358,74.31438102271548,9.607008,1.8048598,15.086489,0.98700684,14.208892828297373,0.8778840649684813,15.313088163998449,1.3442245227323755,,
1981-05-10,103.4105262964,523.5142804953581,74.33579336093851,9.806074,1.8784566,16.173145,0.9905231,15.122904225987345,0.8832683278011709,16.27078618210634,1.3496135454605442,,
1981-05-11,574.0941962964,594.0617704953581,74.65440086838433,11.088795,2.547706,22.523985,1.142287,16.904122053023183,1.380272783195135,18.137140132485957,1.8466300221342697,,
1981-05-12,1236.1914262963994,1532.1793304953587,76.22423706122652,12.52968,2.6504912,21.267817,1.1826327,17.365879225802743,1.3524863108769418,18.620967719686448,1.8188472583971045,,
1981-05-13,940.8108262963998,3609.5580304953583,77.90659214175017,12.0406,2.6320088,15.838353,1.1398226,15.05314923957636,1.05528930970694,16.197697145790407,1.5216341304269196,,
1981-05-14,691.0629262964002,2417.181330495358,79.13962134585447,12.087336,2.7923393,14.121518,1.1159075,13.669253760566876,1.0670109171098245,14.747656193494306,1.5333490131835719,,
1981-05-15,475.0826262964,2564.468530495358,80.29807723300158,12.924244,3.2976637,12.551385,1.147704,12.609662883465528,1.096951493415448,13.63742049449773,1.5632859213111794,,
1981-05-16,653.6908262963999,6106.724730495359,82.46198996017128,11.575663,2.8095396,13.429396,1.2496535,13.250151029033754,1.1610494388185246,14.308521784024919,1.6273859305011253,,
1981-05-17,629.6183262963999,3653.216230495358,83.90715233575551,11.568739,2.7806573,13.822697,1.1333239,13.491342979202427,1.0495906799703194,14.56124188493822,1.5159280704344928,,
1981-05-18,335.7805262963999,2381.501730495358,85.02017339555125,10.60626,2.4811065,11.371373,1.0514073,11.27682650081556,0.9711494361427075,12.240879088830342,1.4374810734686456,,
1981-05-19,223.4814262964,1771.4515304953584,85.92262979432273,11.054178,2.6537402,10.987723,1.0437349,10.995167928032007,0.973322337741415,11.9457581990694,1.4396536454132738,,
1981-05-20,205.4562462964,1445.8326704953577,86.66846551486412,12.156734,3.031403,11.569853,1.0757217,11.642873665642258,1.0145906820511668,12.62442205686612,1.4809228833889145,,
1981-05-21,205.5148662964001,1108.6787304953575,87.17198152943863,13.394896,3.4757206,13.266502,1.0947973,13.286580629033725,1.0716593544393673,14.346692594376531,1.537995977608022,,
1981-05-22,187.4921262964,908.758730495358,87.49222435761655,13.753643,3.5341957,15.735321,1.1139612,15.396394036339359,1.103678808059561,16.557347870515038,1.570025635687819,,
1981-05-23,188.2519762964,756.7705304953581,87.74008041696138,13.778065,3.5162275,17.624762,1.1324564,16.858485350213623,1.1458758800497768,18.089322151283362,1.6122327657000883,,
1981-05-24,203.02538629640003,630.267680495358,87.88969583512599,14.037773,3.6010997,19.469267,1.1486125,18.14592560548442,1.234723867782891,19.438297649861752,1.7010916340674003,,
1981-05-25,198.4215362964,591.4938004953578,87.98186559523933,14.371376,3.7603362,21.602568,1.181718,19.78613990298384,1.2943048972086484,21.15690858398956,1.7606892710792523,,
1981-05-26,180.3744862964,550.3104404953582,88.04281694363803,14.441265,3.6637647,23.13532,1.2335895,20.989134602304027,1.2965935990925417,22.41740231770559,1.7629921090054366,,
1981-05-27,192.8667662964,512.9281704953579,88.05878158092355,14.448137,3.653741,24.528852,1.3159286,21.774178495494244,1.382546769711716,23.239968625452,1.8489553966156436,,
1981-05-28,203.8397462964,476.47717049535817,87.96481284915423,14.345768,3.5802824,25.23971,1.4215622,21.97561587964328,1.463573193382328,23.451034027984107,1.9299845298308824,,
1981-05-29,213.3646262964,545.923210495358,87.90090723629146,14.137695,3.504102,23.859865,1.3167002,21.127874707664827,1.3659514512249962,22.56277372584331,1.8323516978479306,,
1981-05-30,136.07394629640004,640.5865304953579,87.92027767007492,13.831953,3.6198997,21.464655,1.1525213,20.127375769103697,1.1427452174953046,21.514454358053488,1.6091334330224167,,
1981-05-31,103.4105262964,624.368200495358,87.96849452528808,13.442474,3.388329,21.337597,1.1597424,20.21577408405917,1.10531760624536,21.60707781028931,1.571706838678572,,
1981-06-01,122.80018472250015,624.2395304953578,88.83784510200393,13.1503315,3.2921898,20.794453,1.1409403,19.537893648217082,1.0962781828072783,20.89679700683232,1.5626598455641716,0.00018472250014427082,4859.9998152775
1981-06-02,321.7399701874139,569.317360495358,88.80968799441123,13.410147,3.1582675,21.520544,1.045563,18.592069185062744,1.321638731327653,19.905765367478388,1.7880107103536762,1.8741391426138944e-07,4859.999815090086
1981-06-03,395.42226003319803,523.594550495358,88.88464008702014,14.042738,3.5294352,21.659416,1.0700102,18.38221377079027,1.6363916368435127,19.685879581758535,2.10276160594452,3.3198058394895504e-08,4859.999815056887
1981-06-04,439.0437926749405,567.0196104953582,88.98190274484281,15.016821,4.1339774,23.043554,1.1187145,19.540706013432075,1.9110650329042504,20.899743793490998,2.3774467259805543,0.00019267494045892495,4859.999622381947
1981-06-05,381.6853183598969,526.732730495358,89.04222898444122,14.966267,4.208201,26.12293,1.5730162,21.43529269761797,1.9895277254147368,22.88488524486039,2.455931898613846,2.1297083598968727,4857.869914022051
1981-06-06,347.9962426574731,513.1302304953581,89.07924360467977,14.909239,4.163892,27.769377,1.794363,22.57237048156928,1.9936739885744916,24.076311459978616,2.460093624260906,42.58342265747306,4815.286491364577
1981-06-07,261.0281162659972,523.317850495358,88.96083379108165,14.2458725,3.689594,25.394491,1.5084053,21.684262468737867,1.5876305744955432,23.14575491997923,2.054038006908809,5.268766265997194,4810.01772509858
1981-06-08,239.55201328052914,463.0189204953581,88.91355967554998,13.988783,3.7238941,24.84205,1.4368813,21.14146745683532,1.5839525909148986,22.577016161959666,2.050353008871728,0.7797832805291187,4809.237941818051
1981-06-09,260.5510791385374,435.4208304953581,88.83767419859872,14.340952,3.8949394,25.53501,1.5508252,21.344288879538258,1.7514476695613268,22.789531755357455,2.2178506691326167,1.6747591385373692,4807.563182679513
1981-06-10,263.11748733844047,409.47467049535805,88.6580833986079,14.043308,3.566366,25.358393,1.6928663,20.93194117750985,1.7345443373481073,22.357475242712194,2.200942137735477,0.3361673384404682,4807.227015341073
1981-06-11,247.66879514279088,410.808320495358,88.46262065121073,13.885736,3.8750675,24.857203,1.5925726,20.73057501833498,1.76394364597987,22.146484469464546,2.230338978038174,0.1402451427909027,4807.086770198282
1981-06-12,238.4631081226334,378.4226404953581,88.26300792630653,14.200703,3.9569995,26.80746,1.7749809,21.934197411870826,1.877580641477266,23.40763589903408,2.3439914170154785,13.19829812263346,4793.888472075648
1981-06-13,258.1750146209298,433.8651628460136,88.04431680016866,14.362358,3.978373,26.658236,1.732455,22.07109098012569,1.8391592940333001,23.551072511904273,2.3055719309257885,19.74007010752859,4774.148401968119
1981-06-14,364.90051103040696,578.9079716466644,87.96615399725412,14.90737,4.217556,26.2702,1.3839656,21.87703945037991,1.8383466064638878,23.347745982368618,2.3047566111599984,9.715466757926041,4764.432935210193
1981-06-15,426.65686766178527,762.2392004953577,87.85548611804664,15.027779,4.3195925,26.216604,1.2270105,22.201291696828445,1.738351680436065,23.687496377796535,2.2047661075570186,22.041867661785265,4742.391067548408
1981-06-16,340.14133078409515,686.5446004953582,87.67901410569472,14.658081,4.3658757,29.080317,1.6846938,24.30222596824624,1.8333693876909565,25.88884812570357,2.299815381261576,19.433830784095182,4722.957236764312
1981-06-17,287.2353774150043,689.120850495358,87.48436123019003,14.50774,3.978467,27.532541,1.5732437,23.700759803180464,1.6133551444829388,25.25863393395688,2.079791585609484,37.732737415004244,4685.224499349308
1981-06-18,264.0387358548385,581.995320495358,87.25754782218156,14.011318,3.886522,26.216116,1.4550565,22.40712109642538,1.5726192726534716,23.903163719101602,2.03903656941237,50.52936585483851,4634.695133494469
1981-06-19,307.54303606260663,512.9623929543728,87.057399278063,14.36091,4.0473824,28.01053,1.6112922,22.89436006669007,1.8210360711501536,24.413691046601844,2.2874603539229614,60.523346361844126,4574.171787132625
1981-06-20,344.94443109139604,485.9306468973237,86.81423464345971,14.604309,3.9580832,29.211407,1.8627692,23.147153351408747,1.9715609701446637,24.67856698619946,2.437988984380859,57.76488418345217,4516.406902949172
1981-06-21,255.31535237905064,555.3848104953579,86.55601950334304,14.065451,3.8304627,25.711481,1.4708478,22.043774464704168,1.5718028195974667,23.52245036042244,2.038215083353891,27.77378237905064,4488.633120570122
1981-06-22,349.30108900867407,624.6870104953581,86.3974807379661,14.384874,4.0125713,26.515285,1.4132199,22.164959418861063,1.7006927409715618,23.649427541137992,2.167106666583088,35.57916900867407,4453.053951561447
1981-06-23,327.58518566578687,600.819960495358,86.23696736824681,14.185698,3.8053088,26.1572,1.4332914,21.933088413021437,1.631927841160029,23.406473893830615,2.098338601706563,18.43375566578685,4434.620195895661
1981-06-24,310.75922934700736,505.750260495358,86.02399942759058,14.057682,3.8699183,26.883327,1.5060875,22.001954095944086,1.7434477764856344,23.478631120991405,2.209859470640016,27.18836934700741,4407.431826548654
1981-06-25,312.5334377268663,458.666420495358,85.79059327435313,14.153332,3.9516468,27.570688,1.6380602,22.133222842755043,1.874484372733708,23.61617406518016,2.340897861506953,56.17690772686628,4351.254918821787
1981-06-26,266.1879575184259,462.4202104953581,85.56795689783662,13.842066,3.5318935,26.253962,1.6040329,21.719429390419247,1.6435704878232198,23.18260270030487,2.109978386311382,11.019377518425879,4340.235541303361
1981-06-27,227.4137757409205,438.9205504953581,85.37713961267312,13.210703,3.561065,24.943987,1.434997,20.93952500256328,1.5396708224284343,22.36542154867917,2.0060687166835334,0.5464157409205098,4339.6891255624405
1981-06-28,272.78064520057393,450.20460492369045,85.16753895216428,13.47587,3.6872778,26.539627,1.5502353,21.61070211168594,1.6933142123318214,23.06867862931372,2.1597206744053388,7.393332928006933,4332.295792634433
1981-06-29,329.53639916792787,458.5984609827917,84.96042515520935,13.530476,3.6149821,28.188177,1.7369684,22.05947196694369,1.8182859775607327,23.538898149609782,2.284698455636455,56.56925897914487,4275.726533655288
1981-06-30,352.83325781355364,456.1378997377888,84.61427532950411,13.60026,3.5571544,28.672035,1.793848,22.098471279163807,1.8520433094878719,23.57976149564154,2.318456321243711,71.49289082837748,4204.233642826911
1981-07-01,359.74947252385005,438.3784443746424,84.23097860630466,13.050449,3.3853858,29.327513,1.898523,21.99076278218481,1.8482058084948838,23.46690490069003,2.3146173505603738,70.74319026942185,4133.490452557489
1981-07-02,321.8025166274338,338.27175049535805,83.94487003641056,13.230988,3.3388205,29.95879,2.1972258,21.803572847016856,1.979273691437326,23.27076792649783,2.4456827108355563,26.42300662743385,4107.067445930055
1981-07-03,331.9660346509121,335.74322049535806,83.77973951651003,12.978241,3.303865,30.312977,2.2342212,21.69463961290605,1.9900223782625874,23.15662805616616,2.456429948059368,13.927844650912114,4093.1396012791433
1981-07-04,320.41439536204274,308.002760495358,83.63341506772521,12.913399,3.2467046,30.74703,2.5708055,21.65410176969234,2.0803931810407827,23.114152642618517,2.546800214853969,12.11846536204273,4081.0211359171008
1981-07-05,325.343312219251,273.043800495358,83.57876875862917,12.445393,3.1712751,31.844763,2.87059,21.29731747850655,2.1653293978693124,22.740315281920132,2.631731795380065,2.698512219251036,4078.32262369785
1981-07-06,307.3817455004386,313.67415049535805,83.4401374309054,11.844753,2.9464602,31.302713,3.0529544,21.67230526693248,2.122319105651199,23.133226204801193,2.5887263799151423,46.565815500438596,4031.7568081974114
1981-07-07,306.30226653709497,321.6111004953581,83.20450206667904,10.18902,2.4974473,31.944613,3.2437007,21.33202230292771,2.060200687078767,22.77667887831612,2.5266035291786624,76.66376653709499,3955.0930416603164
1981-07-08,307.5199441825953,325.09544049535805,82.90155292132366,9.227934,2.1818156,32.7657,3.210404,21.323783984462665,1.9613020965166716,22.768046796389726,2.427704832954242,95.4991941825953,3859.5938474777213
1981-07-09,276.1251593115493,400.369200495358,82.69342586315325,8.952969,1.8935713,31.136183,2.6913862,22.081645281798043,1.7704570584097252,23.56213127311849,2.236869839699527,80.79714431154929,3778.796703166172
1981-07-10,282.38231267968774,358.5260642115213,82.43070445812218,8.9858055,1.7308388,30.44804,2.509136,20.991843723587895,1.5974061552309355,22.42024092572616,2.0638046988451944,98.88786814336066,3679.908835022811
1981-07-11,308.4730865308911,462.540382416323,82.16079417678246,8.971333,1.6090652,29.816927,2.0835834,21.476858843216725,1.4060064250945623,22.928438110132003,1.8724111375000059,64.04982724658979,3615.8590077762215
1981-07-12,314.28340747197274,474.7108127927758,81.8596981419993,8.878815,1.5379407,29.782793,1.928206,21.456022865845917,1.3119492732013698,22.906606244267095,1.7783537150704536,6.87835355126604,3608.9806542249553
1981-07-13,326.26194206259686,482.3281014033631,81.51382166063121,9.149937,1.4980898,28.671005,1.6647445,20.79435403963764,1.1625367448134933,22.213311909967793,1.6289328536532428,0.4055924141071509,3608.575061810848
1981-07-14,315.25891156118445,471.8677606480764,81.15434915051631,9.096201,1.3929744,27.840984,1.7023412,20.333349015574896,1.163069569909021,21.73027242162169,1.629460168731255,0.044890149369235494,3608.530171661479
1981-07-15,345.20952627188103,501.44185056077936,80.73105046476763,8.9482975,1.3110774,26.78208,1.5557445,19.510619834907033,1.0652554167090067,20.868219598476916,1.5316367859028153,0.000586278419811425,3608.5295853830594
1981-07-16,370.3550946258771,530.1908549799848,80.27721953178808,9.060387,1.2138598,25.816801,1.5113451,18.92562194987889,1.0202662932393538,20.25526081425966,1.486641570552595,0.00022494684829952813,3608.529360436211
1981-07-17,379.978423261572,538.1354367165832,79.80974936918086,8.948658,1.150641,25.320395,1.5021715,18.544648170611687,1.0010031497798422,19.856077790637197,1.4673746702192276,0.00022003622278051266,3608.529140399988
1981-07-18,380.4864643732318,534.9337172529507,79.37627486524968,8.791979,1.1211476,25.151527,1.5267764,18.351822833493095,1.0065514278765708,19.65403606154478,1.4729211100778166,0.00021941940786892713,3608.52892098058
1981-07-19,383.34097326729847,541.3090651597231,78.91062286481515,8.76697,1.0800993,24.696434,1.5034662,18.092404269166085,0.9875195069025188,19.38221817662094,1.453886783098259,0.00022016314817621533,3608.528700817432
1981-07-20,269.5755130807198,420.1651687153967,78.52030463085825,8.5773735,0.972207,23.064028,1.3808362,17.40212126999684,0.9229966222647545,18.65894200970579,1.3893578711810246,0.00022136903612910677,3608.5284794483955
1981-07-21,194.4387790822955,316.824488705405,78.33245335695221,8.61767,0.9962625,24.129507,1.3944861,18.230192878321162,0.943562072523865,19.52659261028683,1.4099306170728454,0.00021853896827342905,3608.5282609094274
1981-07-22,213.18316251203728,325.5252304953581,78.0898337606451,8.7094,1.030135,25.622145,1.6883278,18.929261479197056,1.0986366068954574,20.259074300638122,1.5650119208992859,0.00022251203728467208,3608.52803839739
1981-07-23,203.9277452036062,280.78719976244327,77.85095986700749,8.8249,1.0272951,23.743109,1.3430922,17.466766806718578,0.8900162368428602,18.726677382103116,1.3563780270934713,0.0002230946110903315,3608.527815302779
1981-07-24,341.8256029512872,455.2719316781384,77.46494587863485,8.769428,1.0004933,23.435663,1.0058626,17.146226367828426,0.7170396362391943,18.390816205946688,1.1833987892208178,0.00022386415494170015,3608.527591438624
1981-07-25,377.9517758956213,513.9227792758384,77.02697703895677,8.673681,1.0080369,23.326704,0.9651886,17.117158137252055,0.7012876914833336,18.360358613313544,1.1676466111147903,0.000223248578663199,3608.5273681900453
1981-07-26,384.06570511491685,473.77215652216574,76.55873549677962,8.759434,0.9909998,23.525774,0.96215737,16.91468216770031,0.6922623119583627,18.1482049845467,1.1586196329861684,0.00022462570276352982,3608.5271435643426
1981-07-27,308.0085993960482,301.0283149141964,76.20582276172037,8.904459,0.97640055,25.480484,1.1343194,17.097481063218837,0.7471098212557251,18.33974104240425,1.2134685834745595,0.00022504723362593414,3608.526918517109
1981-07-28,329.84938117559324,375.2401152465141,75.8025640820807,8.613295,1.1117045,25.942806,1.5647008,17.835851424196033,0.9817767606191616,19.113402982643343,1.4481417330733477,0.00022008781507697558,3608.526698429294
1981-07-29,353.59709425943237,436.1178835725472,75.35799265588379,9.146988,1.2960973,24.410992,1.5576547,17.576491215287806,1.0376638886037517,18.841646242327826,1.5040266086135983,0.00022512741432501417,3608.5264733018794
1981-07-30,384.75527856522274,511.7197526447198,74.96168733080941,9.238689,1.1528052,23.83067,1.7581419,17.567983743414334,1.1189057017001884,18.83273214238014,1.5852683491288844,0.00022577978574046776,3608.526247522094
1981-07-31,391.19290478102783,531.2932611488703,74.48388274014576,9.041365,0.9728346,23.971802,1.832651,17.640345233234196,1.1332484389354052,18.908552264058013,1.5996117063551247,0.00022398673991128864,3608.526023535354
1981-08-01,404.79518518472025,547.829802509277,73.89537013787019,8.880064,0.90982956,24.828695,1.9348394,18.05170620026364,1.1779281595634148,19.339574879144344,1.6442950652840056,0.00022115079051676534,3608.5258023845636
1981-08-02,425.30712961945306,581.5473920849058,73.52239915937089,8.899805,0.8718328,24.805235,1.9112345,18.08659525970648,1.1637158135113188,19.376131516366268,1.6300830367116779,0.00022116480741578474,3608.525581219756
1981-08-03,434.0496474583017,590.32171981951,73.15317695942142,8.70999,0.86856437,23.69061,1.4488066,17.34297796837333,0.9124297342423201,18.59697186043594,1.3787904920854825,0.0002226458323171895,3608.5253585739238
1981-08-04,405.21487992130585,559.3109581287674,72.56751385191004,8.824169,0.91303366,22.727148,1.418126,16.88625328464291,0.9074068340182756,18.118417298058432,1.3737639343456478,0.00022521130954600502,3608.5251333626143
1981-08-05,407.93724840992013,564.2680445317715,71.9220322298536,8.914938,0.9500401,22.87752,1.5280952,17.018821682282606,0.9723757675587188,18.25732201194291,1.4387339049412002,0.0002254098544736732,3608.52490795276
1981-08-06,359.7980617155315,509.981046328184,71.41018435436627,9.01944,0.93502456,23.057302,1.7749245,17.250315653449405,1.1102514772797538,18.49988060360893,1.5766114737809183,0.0002253280660043359,3608.524682624694
1981-08-07,313.55121148567645,427.91047773509297,70.89891628500223,8.98696,1.0652368,22.828661,1.7433144,16.97524730814345,1.10234057285818,18.21166493167145,1.568698367150036,0.00022618137783707003,3608.524456443316
1981-08-08,303.0359789511574,408.8810662646147,70.39446765528265,9.222128,1.1150385,22.692389,1.6758882,16.95861148681803,1.0731869142385215,18.194233974953384,1.539544578117995,0.00022800293456494186,3608.5242284403816
1981-08-09,276.37481176239396,399.3765385502046,69.90754581609568,9.297106,1.1523417,24.098787,2.0599809,18.045063639166383,1.3055098258201818,19.332614826333096,1.7718766712532328,0.000224332520584263,3608.524004107861
1981-08-10,305.5005434036535,421.9703604931103,69.39028409849874,9.279022,1.1084164,25.729353,2.2682781,18.82105606719632,1.3956297160018496,20.14569703982545,1.8620039456411515,0.00022358833315343156,3608.523780519528
1981-08-11,327.1963894562277,429.6793463194339,68.85668283626492,9.23402,1.0874609,26.623781,2.1638057,19.106210308111315,1.3152781082391167,20.444480678705172,1.7816552243573953,0.00024143778593260193,3608.523539081742
1981-08-12,312.2930492711792,397.2418660182054,68.32722259768707,9.216707,1.0243586,26.944782,2.265551,19.14198849917525,1.3461440876358777,20.481968945000336,1.8125215724842805,0.0002473427921585958,3608.52329173895
1981-08-13,317.27426477151334,416.1127531067672,67.76861252225206,9.180916,1.0338333,27.011599,2.1615288,19.297776793898965,1.305426196576452,20.6452033876762,1.7718053040416026,0.00030299022636009126,3608.5229887487235
1981-08-14,329.28413361546075,430.4310718288978,67.19761288479144,9.223055,1.04927,26.557573,1.9755601,19.044255376678528,1.2081568316835771,20.379564513332237,1.674533312755972,0.00023359802673697435,3608.522755150697
1981-08-15,326.9514882200936,436.0861397078578,66.63751658288965,9.256615,1.0845883,26.552156,1.9136947,19.14124653761538,1.1883431906370485,20.481191520214175,1.6547206678239317,0.0002477817349845099,3608.5225073689617
1981-08-16,288.3216334122246,405.7679263014455,66.12397421536699,9.449049,1.295394,26.393297,2.6220856,19.35473387253048,1.6245871273192247,20.70488281996827,2.0909668349498576,0.000348658559721868,3608.522158710402
1981-08-17,306.14740163165067,440.9422272291751,65.60400173303663,9.700991,1.3963265,23.636168,2.1621456,17.925717241697736,1.398538056875158,19.2075640790307,1.8649038277236447,0.00022786382541101045,3608.5219308465767
1981-08-18,324.9414052857371,452.7850509741776,65.05291322637456,9.772465,1.4294333,22.97023,2.13044,17.456079998664666,1.3766203379669257,18.715479781155253,1.8429820383977138,0.0002302668743147432,3608.521700579702
1981-08-19,340.8131948620369,459.69705595430446,64.44082173742989,10.035028,1.5487537,22.065752,1.7527126,16.943732251635794,1.2032558455698361,18.178643563191557,1.6696133930753718,0.00023421837098476522,3608.521466361331
1981-08-20,345.89408530875846,458.3077848932902,63.82873206678552,10.1705,1.6310258,23.04864,1.8377582,17.509641632289238,1.2605603951933197,18.771601477775793,1.7269225471086629,0.000232979922671415,3608.5212333814084
1981-08-21,352.43943827235125,463.258676211033,63.19135094164792,10.317295,1.7143975,23.916187,1.7943505,18.040501358956714,1.2598368025298796,19.327834484724782,1.72620360658514,0.0002318542775492427,3608.521001527131
1981-08-22,354.2015399657175,465.82074616686,62.57508907765622,10.613407,1.7730522,23.320719,1.6557685,17.83190532155833,1.212935257578724,19.109268269788636,1.6793001951862379,0.00023481174506420242,3608.520766715386
1981-08-23,352.8700492348984,464.3393534724767,61.9604075612728,10.637188,1.8618921,23.172096,1.7454231,17.759537742414423,1.276685988485624,19.033441767737845,1.7430502901976392,0.00023524965681901615,3608.520531465729
1981-08-24,348.68183573117955,466.7921551694725,61.3714786978052,10.820742,1.8362558,23.36688,1.7335173,18.002379839066837,1.2653508682705945,19.287890886496065,1.7317173275114897,0.0002355497473511062,3608.520295915982
1981-08-25,347.66706305962776,468.6351562231767,60.7824234626662,10.905489,1.8162153,22.788614,1.9817263,17.727533735461346,1.3757602690449457,18.999908078652634,1.842124291446928,0.00023729661218669678,3608.5200586193696
1981-08-26,357.70080288875084,482.6596949869791,60.16067698875289,10.868872,1.8935248,22.141283,1.9361228,17.34316294359771,1.3733793303074966,18.59716567684374,1.839740089680292,0.0002385829756210306,3608.519820036394
1981-08-27,361.3559225098741,482.19285042783264,59.544391059803495,11.055429,1.8799495,21.802664,1.6272266,17.19880815708326,1.2303453515422638,18.44591122498605,1.6967049290879945,0.0002405058827812483,3608.5195795305112
1981-08-28,364.6075674585485,482.56748908039015,58.91876499881747,11.354296,1.8424822,21.877302,1.6524789,17.34840610453389,1.230778169041243,18.602659442949818,1.6971389717880803,0.08075576304560234,3608.4388237674657
1981-08-29,366.7681698667605,480.2622300908868,58.37247903317399,11.183002,1.913018,21.471376,1.6703831,17.0164618331359,1.258234465904099,18.25484937007373,1.7245925846502739,0.00024240517811083775,3608.4385813622876
1981-08-30,360.49441004178027,473.0138946791454,57.844800290477075,11.243004,1.9226427,21.899311,1.7724544,17.290431750488665,1.3050796815754313,18.541914112956647,1.7714400064774667,0.0002601501153425762,3608.438321212172
1981-08-31,355.2764078269992,453.9515744296723,57.36080574399818,11.599823,1.8703103,21.84839,1.7413592,17.34894869702505,1.27611831241196,18.603227969507298,1.7424791196491878,0.0,3601.953310024515
1981-09-01,346.03066872505985,476.4982028008192,56.84243257823145,11.427532,1.9200317,20.896637,1.7179369,16.91306779209565,1.2817563532024285,18.146513447306607,1.748113661672686,,
1981-09-02,353.0316801243821,480.6792460728535,56.32641390388413,12.518206,1.9721009,20.499212,1.1847146,17.11968575477562,1.0788493027202748,18.363007042314507,1.5452082426042533,,
1981-09-03,346.42593599664417,474.68707835694886,55.77276748833414,13.40169,2.0353627,18.797285,1.0958146,16.520894125020792,1.0671012848451091,17.735595219524185,1.5334556310658194,,
1981-09-04,350.37355661899187,488.10942472638567,55.226537301819334,13.59012,2.1172018,17.835155,1.1833526,16.061299482699265,1.1212704864421659,17.25403352434538,1.5876215849978113,,
1981-09-05,352.35630707476344,499.9288855006816,54.73033008264353,13.87694,2.1606987,17.43341,1.1820081,15.96307541727266,1.1307862596808,17.151114684353555,1.59713669547929,,
1981-09-06,345.7690633144405,489.1326977817997,54.25257420600021,13.796383,2.226071,17.46005,1.3952823,15.942766753058658,1.2321214576337265,17.12983533541182,1.698471757778017,,
1981-09-07,334.5968393966199,502.0942110944346,53.79285104966708,13.251165,2.317846,17.288326,1.6834912,15.673845903458641,1.371054986308589,16.84806098846086,1.837403534639341,,
1981-09-08,306.7434305475288,398.6581123677626,53.40076006556295,12.835218,2.5100646,19.075209,2.3836968,16.36175271775019,1.7338336679566284,17.568847396983735,2.200186862284754,,
1981-09-09,203.631172431964,312.2846202308915,53.248439835687236,13.069195,2.1345243,19.655554,2.9936695,17.05592800826899,1.9983500483901144,18.296201893469814,2.4647084796476904,,
1981-09-10,296.48027367625184,404.49144974653257,52.83711029982066,13.000259,2.2230275,19.51103,1.8538402,16.757259904486634,1.4242247216277222,17.9832584752725,1.890580832158751,,
1981-09-11,335.67064145990264,423.6315935319993,52.42100839781494,12.941488,2.3858345,21.159971,1.8873206,17.526762583718654,1.4903712550497974,18.78954075215849,1.956733551973905,,
1981-09-12,328.9530539594121,438.79039474860406,52.00507515642311,13.0909,2.3679607,22.023829,1.701516,18.196359865202655,1.405383402516203,19.49114249479363,1.871751633619135,,
1981-09-13,328.5813283661152,451.2041453945936,51.56804035627998,12.979044,2.3515968,21.895205,1.7446003,18.138166246955212,1.4145381587951769,19.430167420518888,1.8809058538251051,,
1981-09-14,315.32938155802265,453.18524864961006,51.146128444486926,12.983622,2.4438412,21.795618,1.406486,18.179966142777676,1.301292424072283,19.47396520847587,1.7676605037663085,,
1981-09-15,339.4568709072219,466.7480355227445,50.76627891135901,13.533306,2.283006,21.81602,1.521358,18.3285386502206,1.3037716957657126,19.629638973904857,1.770141158871691,,
1981-09-16,268.0465391795703,422.72711614742127,50.443336290587816,14.116446,2.067823,19.694292,1.1167289,17.529874757349205,1.0539762080876194,18.79280167705015,1.5203385314068065,,
1981-09-17,221.87885695103915,434.6220457248231,50.06410534090957,13.6633415,2.078585,16.631744,1.4080068,15.628507631506027,1.16721719037309,16.80055570209004,1.6335654515070062,,
1981-09-18,256.25570006316445,410.9288018201628,49.73026039053173,13.834747,2.093921,16.199337,1.3092366,15.291133075577227,1.1388829285308222,16.447055795645067,1.6052291263870746,,
1981-09-19,291.7578680722253,410.3565271374863,49.37100183180242,14.04903,2.103225,16.49065,1.3908236,15.476055100098339,1.193569610359091,16.640816460813973,1.6599169230199133,,
1981-09-20,315.1351766158507,429.1254862891688,48.97098969452876,13.9005375,2.079388,16.673512,1.5137604,15.499377630670777,1.239752908325555,16.66525372862369,1.7061003643637827,,
1981-09-21,316.0029950582162,437.1506119174039,48.56485067344411,13.847874,2.0163746,16.29016,1.2885829,15.265441906767178,1.129221205094928,16.420136676786765,1.5955672511657961,,
1981-09-22,296.1845025380044,450.7264345513104,48.16872599815491,13.7262535,2.1364617,14.994851,1.1522107,14.491793878549377,1.0959961105396658,15.609510917403638,1.5623379394682693,,
1981-09-23,264.1460400946132,491.43805166766015,47.842581801468775,13.678125,1.89572,14.8360195,0.86766213,14.431229163974564,0.8704494285266101,15.546051416502268,1.3367909562097782,,
1981-09-24,380.3663677767224,497.53965111420433,47.52620437358218,14.102985,1.9507269,13.407899,1.1054158,13.709055876065523,1.0520491585365768,14.789360714057064,1.518387417424409,,
1981-09-25,390.2548242272939,503.25542356081706,47.225811003985726,13.77211,2.060469,15.05389,1.5767757,14.494052302923642,1.2643604160100201,15.611877286742954,1.7307022562530323,,
1981-09-26,343.67811370896806,518.503068477841,46.92254394089013,14.5455265,2.064536,15.678233,0.9494688,15.226719601483556,1.0016442045825242,16.379563577676166,1.46799002330535,,
1981-09-27,319.6555007817776,504.9797334789722,46.60289338919121,13.357918,2.2186105,15.154241,1.641383,14.45792732015973,1.3228360275067261,15.574025653290004,1.789177687467948,,
1981-09-28,319.20442883292407,479.26884131355695,46.35006743334379,14.1439495,1.9655546,16.779737,1.416121,15.726032579724713,1.157553538328744,16.90274200946122,1.6239024201480852,,
1981-09-29,332.65392203767686,503.1392599270208,46.03081160925256,13.834585,1.7961501,15.281766,1.0671986,14.705773740090358,0.961142160564629,15.833718284872713,1.4274850874112315,,
1981-09-30,321.23072319014744,495.2341678954023,45.69387749181309,13.406387,1.6893948,12.797957,0.974293,13.037338662253106,0.8894024657763043,14.085537713574839,1.3557382196841252,,
1981-10-01,248.60478377252943,414.84100124600735,45.530396186869375,12.959497,1.6950151,11.653045,0.9993904,12.14259548388965,0.8910216443678226,13.148028869812158,1.3573548631076895,,
1981-10-02,211.4276727052494,389.9582236133029,45.58448497294257,13.224632,1.5779812,11.42316,0.77389836,12.056498650149505,0.7480577515079244,13.057816901726538,1.214390774594302,,
1981-10-03,228.20317894703012,403.7994205250028,45.46619771273706,12.737959,1.4183282,11.225054,0.72638905,11.771332803032234,0.6911365033643706,12.759021101907743,1.1574689389625252,,
1981-10-04,285.50634992265475,439.9060017685511,45.24810802927783,12.727041,1.43349,11.29085,1.105479,11.856103101602066,0.8762014397489822,12.847843130976445,1.3425340402728863,,
1981-10-05,299.2794064280482,481.0837859384295,45.01051049228123,13.294283,1.5576911,12.012336,1.0207645,12.503979132152383,0.8676888545023842,13.526685421133648,1.3340229869599605,,
1981-10-06,304.74585887014325,490.76636955787785,44.781405269726385,13.391359,1.6473565,13.54387,1.017357,13.485445996797035,0.8900372409841368,14.555063046931675,1.3563746086802175,,
1981-10-07,369.79070972072543,461.3769239434741,44.67393134852733,12.89533,1.4527208,14.892734,1.0457469,14.004078750732765,0.868734994519283,15.098484673648153,1.3350745167133802,,
1981-10-08,437.93495339328393,390.15584852156496,44.645722818062275,12.736837,1.3489803,12.317817,1.228991,12.539415367721992,0.9188237702901175,13.563815387630772,1.385158000385854,,
1981-10-09,428.62397207147205,418.02802310082086,44.49797364167307,12.577166,1.2775441,11.45916,1.2508479,12.025158713883245,0.8942776239766945,13.024979023636963,1.3606105779484239,,
1981-10-10,395.0829026985542,460.3278502135073,44.31883926487726,12.356323,1.2199724,11.21667,1.0540391,11.743034119433478,0.7995142333550114,12.729369837967177,1.2658466157262211,,
1981-10-11,373.75033797010326,487.754559994817,44.17606559556789,12.336859,1.2294806,11.170887,1.0471238,11.676725484740153,0.7974783190821564,12.65989187720024,1.2638105803211601,,
1981-10-12,356.17994318786293,507.1108030515451,44.00872280489831,12.381292,1.2212633,11.174637,0.9610709,11.672483586120922,0.7567057630373689,12.655447230327216,1.2230380166984451,,
1981-10-13,345.15652508132405,516.9328006425935,43.81272595944658,12.180357,1.1882337,11.304362,1.0747739,11.655086139140986,0.8010360754862142,12.637218244851836,1.2673682982829686,,
1981-10-14,337.91128302741924,529.4079849899556,43.58268330941264,12.20944,1.2089462,11.2758045,1.0718405,11.63955297174499,0.8061575334866761,12.620942645151787,1.2724897290190031,,
1981-10-15,332.79106306459505,532.1053034143183,43.32918071250878,12.325609,1.2240976,11.706587,1.0552843,11.944771573365248,0.8020922251782968,12.940749652591899,1.2684250070068162,,
1981-10-16,333.31429425414024,531.0771007264957,43.05150993686927,12.446091,1.2163843,11.76298,0.9797765,12.026391698097415,0.7631315413355764,13.026270940281824,1.2294644980052039,,
1981-10-17,327.50191441769346,531.5293253652537,42.76298008107328,11.995741,1.115344,11.246454,0.93804765,11.532116507602968,0.7195142280528581,12.508371085276957,1.1858462425638827,,
1981-10-18,310.83123835709773,523.0346633203635,42.46817425899733,11.748747,1.1437244,9.329345,0.84987706,10.231199299812896,0.6825922658992069,11.145274481917529,1.148923136259268,,
1981-10-19,271.0319800131714,500.4385306263426,42.29563990965433,11.440369,1.0734241,8.298612,0.7546059,9.402369479733133,0.6179190448787888,10.276829429650956,1.0842501957838429,,
1981-10-20,278.3443498412838,507.9482770725431,42.057096929457224,11.311743,1.0082732,7.9631405,0.85825527,9.148531901444398,0.6593898116816296,10.010859282820373,1.125721205673897,,
1981-10-21,293.19468771181926,529.2993269309536,41.7572066146646,11.660011,1.109287,8.673815,1.0943755,9.738305140586831,0.807681723502702,10.628821666754853,1.274012666005332,,
1981-10-22,291.43713692364906,526.6464956613414,41.45394434000254,12.004683,1.1644949,10.435047,0.9810117,10.994219862832045,0.7555982776969866,11.94476481959368,1.2219295844124525,,
1981-10-23,254.24060775913165,487.4600436564757,41.18229025960598,11.36549,1.1222923,10.691676,1.0088431,10.922646457515862,0.7665536607401845,11.869770450164829,1.2328848982219958,,
1981-10-24,213.356926204668,394.8677215463884,41.21701051982024,10.559399,0.9454263,8.868422,0.8346604,9.461593299475863,0.6353055208517934,10.338883945530888,1.1016366256444408,,
1981-10-25,199.1353311168517,434.766815106336,41.110978279632235,10.191492,0.9136397,6.9919558,0.9459582,7.997064714424358,0.7094424144194434,8.804355900354444,1.175775836517046,,
1981-10-26,155.85097082882055,415.1000363667201,41.05231028043015,10.356567,1.0092424,7.1458716,1.252755,8.022286677256076,0.9515462577112898,8.830783386792552,1.4178796191398977,,
1981-10-27,320.64715309979664,139.33189293687477,41.56682033949793,10.979879,1.2570454,9.659747,4.126575,10.579999150644113,1.5265325093099522,11.510745773305834,1.992863496514719,,
1981-10-28,38.7789474072,32.14293049535805,44.32239877959794,10.243952,1.0119324,13.75945,4.0651374,11.837231845864624,1.923677145738475,12.828069893722912,2.3900097088360153,,
1981-10-29,237.9475222866828,32.316540201069785,45.757843390147805,9.90984,0.9530027,9.625941,1.8483404,9.875892783950194,0.8676687948386659,10.772985529151153,1.3339996892459827,,
1981-10-30,426.9190489837253,32.318001546805455,46.37160784618915,9.904947,0.97943103,8.801611,5.237762,9.827301922533344,0.982285393491429,10.722072190658128,1.448616302411134,,
1981-10-31,421.4257648194805,141.91506436568227,46.76973095731648,9.994431,0.9928597,8.639448,4.4851637,9.653087608627068,1.3521512409741885,10.539531028068971,1.8184822241239766,,
1981-11-01,391.60494276317417,245.45766393586996,47.06364384705855,10.172638,1.0324693,9.002084,3.1055827,9.721628122104317,1.3544642501616613,10.611347543796409,1.8207951999652163,,
1981-11-02,334.9917452483291,341.1080995341074,47.28377951189557,10.402853,1.0683669,9.37285,1.7738496,9.883192742874868,1.0397812367560733,10.780634401158766,1.5061121292164794,,
1981-11-03,328.9131774615128,391.9090490273446,47.402830664269054,9.818783,0.99051636,9.631058,1.37073,9.716717207088761,0.8716062060671772,10.606201903830232,1.33793715808128,,
1981-11-04,308.8118428870648,433.25057855029934,47.45798737750445,9.759426,0.981303,8.153312,1.2358935,8.821701786071339,0.829116724880068,9.66840780514534,1.2954485403933746,,
1981-11-05,314.4802906293792,444.5781159607779,47.59677263969713,9.815876,1.0208209,7.9715633,1.3350786,8.735667891347308,0.8889977860638855,9.578261784345658,1.355329732850852,,
1981-11-06,181.15926286930056,468.9039999960991,47.966415893562235,8.970947,1.0229527,7.703612,1.0715836,8.056792168230995,0.8238495961766468,8.866938122284951,1.2901828757842329,,
1981-11-07,103.68864103106282,547.7191724775132,48.593860341179834,7.7584596,0.94090337,6.316078,0.73862,6.545671019043026,0.6388529054046123,7.2835905476750336,1.1051910443041353,,
1981-11-08,169.3914436135887,535.2537528218573,49.0133332910857,7.9519596,0.8969559,4.9513564,0.85021913,5.672679014415578,0.6808763690890254,6.368872509400273,1.147218505487241,,
1981-11-09,227.230468369762,507.6406569553207,49.3896335038719,7.9204574,0.9379855,4.262748,1.0998249,5.393752966172149,0.8132254548171091,6.076614749511806,1.2795690521753966,,
1981-11-10,268.6377979883132,487.0282155465152,49.66069868048409,7.5330195,0.88369316,3.6347814,1.2311842,5.020597452005077,0.8534250105580817,5.685623677335861,1.3197707015770264,,
1981-11-11,294.56065579263105,476.8435889672567,49.87462851978766,7.8285556,0.88980585,3.4398894,1.4053487,5.115701288207602,0.932798682128209,5.785273151812666,1.3991438244272552,,
1981-11-12,306.8930237964407,479.1254254520271,50.049239646443574,7.004682,0.8114069,2.8940725,1.5969579,4.4990188159691415,1.0236965430735576,5.139115365424781,1.4900454273696937,,
1981-11-13,324.6909040517786,476.4887118113823,50.16461234023081,7.319177,0.8173955,1.7045789,1.6594613,3.9799849820083724,1.0410482271491543,4.59527348842909,1.507400597991528,,
1981-11-14,325.5445086565478,483.3438381960645,50.258859668704815,7.882481,0.86159885,2.8831797,2.175498,4.895194221562609,1.3454027505902,5.554226601147741,1.811749180959779,,
1981-11-15,308.0133741052932,497.3981710987277,50.35597562262421,7.534505,0.9657358,4.6550803,2.2507267,5.756258074322262,1.4382110515329134,6.456446362669773,1.9045527674860858,,
1981-11-16,270.11889475564664,518.0761983788876,50.287504256014294,7.3764424,0.99586433,5.321997,1.382445,6.026067121985324,0.9706517903713653,6.73915136051504,1.4369922035726708,,
1981-11-17,208.26071566439336,574.9856163082464,50.19703028391652,7.659225,0.94146377,5.3905425,0.9824203,5.993772190585053,0.7634101258102897,6.705312841788536,1.2297506905587465,,
1981-11-18,220.27433412504243,575.6823219902088,50.05984191774022,7.354289,0.9500299,5.129176,1.0752777,5.74495749167728,0.8209421640566656,6.44460565080347,1.2872839363904178,,
1981-11-19,220.5254515412676,588.0639183250289,49.92074098111529,7.2041855,0.91881114,5.0641656,0.94432795,5.647810234259166,0.7310703591820104,6.342815086562057,1.1974126222250534,,
1981-11-20,133.40174651024273,606.1720030085651,49.89446036845041,7.3025813,1.0299807,5.6720724,0.8859453,5.96617794780746,0.7495314631304741,6.676399688532374,1.215872158312681,,
1981-11-21,46.42019205050906,623.4926332292853,50.01865538566247,6.046546,0.9238957,6.212415,0.73498684,6.200921660535769,0.6870466679285729,6.922363348297857,1.1533862813208882,,
1981-11-22,117.51653747006849,624.586393860829,50.01598261246747,5.436784,0.9173827,4.613417,0.74486643,4.743802291608547,0.6435241329201494,5.395598654449298,1.1098714798265459,,
1981-11-23,163.36245666936216,610.6181698947148,49.928678720290726,5.5809474,0.8964579,3.3199515,0.82622045,3.797175157611577,0.6787389097194048,4.40372597933025,1.1450925819302695,,
1981-11-24,183.17992107973868,606.4257470731111,49.80163249940211,5.7907457,0.8504897,2.1169977,0.9935776,2.9692672741670254,0.7881736271152857,3.5362469291185707,1.2545336714261035,,
1981-11-25,189.609376254931,617.8765548217613,49.76531668069749,5.3256345,0.82838213,0.99051154,0.9873932,2.00846110768279,0.7801766938082506,2.529517512227964,1.246545115754186,,
1981-11-26,211.59814533859097,610.451419244859,49.68347102840761,5.545475,0.85495424,0.41703475,0.8462401,1.737111410220575,0.6658345195148603,2.245198226789593,1.1322054986270302,,
1981-11-27,209.37491864703287,599.6480343781002,49.70578842457097,6.8237305,0.8580251,1.348589,1.1630431,2.7655540705493324,0.8901885950707115,3.3227969307267022,1.3565503274505755,,
1981-11-28,214.1507147622316,601.6502925202651,49.73410153406732,5.6739764,0.845578,2.6037621,1.2725618,3.409704499544833,0.9644013476095628,3.9977355483101005,1.4307579044579501,,
1981-11-29,224.9680819893818,607.461464059901,49.708002550071136,5.0724483,0.87026155,1.7575407,1.2875147,2.653410385987091,0.968547397389491,3.2052931613863938,1.4349100793008813,,
1981-11-30,227.59449627241364,618.7680454625433,49.65014023765947,4.6870975,0.8656697,0.6893746,1.1030177,1.764398259412801,0.8393334396045032,2.2737892940977797,1.3057041577610997,,
1981-12-01,231.83681387550047,608.9713010271096,49.49685510261242,4.6973114,0.9214023,-0.25633562,0.9544593,1.1095381441923018,0.7364926731066826,1.5876291038970591,1.2028698889323677,,
1981-12-02,38.7789474072,983.333750495358,49.67740743060054,5.782527,0.9610493,2.0026069,0.8078038,2.1460170064980995,0.7780106313554168,2.673648112795328,1.244377789150878,,
1981-12-03,38.7789474072,948.885080495358,49.83739552037434,4.808279,0.92420167,4.7363076,0.70939606,4.7391334562006,0.6825081763391623,5.390706664668467,1.1488555519276469,,
1981-12-04,38.7789474072,754.9181504953581,49.92034193479217,4.99118,0.92924374,4.1562166,0.6794393,4.197011779683062,0.6478357060360944,4.822673425163635,1.1141865815485947,,
1981-12-05,38.7789474072,673.372230495358,49.97163835633805,4.638534,0.8847717,3.9823833,0.6758597,4.018112796891922,0.6408704718303676,4.635223682530658,1.1072225760690704,,
1981-12-06,92.1316159353789,629.9614877978415,49.8999955335652,3.8115199,0.87746805,2.3170605,0.9095718,2.507738040963111,0.8013787530913492,3.052658176226268,1.267742689898562,,
1981-12-07,130.35283683102386,603.1207338015049,49.81999059857873,4.1406193,0.8939448,1.2294315,0.85424244,1.746807458197044,0.7201689506587371,2.255357712715056,1.18653983694602,,
1981-12-08,118.00527674478724,575.9410679907344,49.836636604899,3.9392772,0.9428019,1.2478151,1.147088,1.7054970916781182,0.9654312193217156,2.2120728518889488,1.4318025018395137,,
1981-12-09,97.9484645261008,553.8342790631607,49.8609250935129,3.2293236,0.9015082,0.54050946,0.8980651,0.9445784888422145,0.7750383603478791,1.41478494090761,1.2414172902587932,,
1981-12-10,145.20000071920583,562.7691469584711,49.82744602102507,2.6733422,0.9461015,-0.7149805,0.89578205,-0.020056895372490297,0.7380276170418634,0.40404328276854357,1.2044171933711105,,
1981-12-11,182.136202442622,580.9458762544393,49.763018448041386,2.789526,0.94925,-1.1590983,0.7239222,-0.21662111281459606,0.5958877123796525,0.19808396765386857,1.062279588621785,,
1981-12-12,195.34967463033752,573.9405757185826,49.66423589608818,3.0026848,0.9561927,-1.1147388,0.62144977,-0.06918108784890992,0.5233745402888557,0.3525711218144025,0.9897646872584973,,
1981-12-13,202.67544840848348,578.33705266417,49.43929293320462,2.7802024,0.92265135,-0.9547299,0.5326368,0.014497950872251409,0.4614012055859343,0.44024973254395117,0.9277903821694009,,
1981-12-14,201.7867659162897,581.8193221688592,49.20011631760039,2.8505263,0.9449375,-0.9792174,0.534229,0.006981671219963187,0.4653480628361841,0.43237420041740027,0.9317373262551248,,
1981-12-15,148.6910694767015,549.5183345530479,49.02893663847727,3.1200407,0.9753434,-0.7423266,1.272221,0.08020530101592546,1.0226050801085527,0.5090976694151528,1.48899350032644,,
1981-12-16,120.08047313305212,539.2518771405081,48.98470723320721,2.6807945,0.9013104,-0.24382555,1.370678,0.28881895602534235,1.1329983924993787,0.7276823440239146,1.5993844440548037,,
1981-12-17,115.96973159380502,517.5286511655877,48.91218068469871,2.5898826,0.88024473,-0.49899805,0.9393758,0.06645984726318159,0.7841468623665871,0.4946952299595109,1.2505354404018088,,
1981-12-18,141.6699307542534,533.9832478144309,48.78422703911262,2.258625,0.87251276,-0.7326807,0.59020627,-0.1054682473681675,0.5010466947528427,0.31454956011157387,0.9674372650161066,,
1981-12-19,185.20338823884447,551.6854521858036,48.624906494742135,2.0813012,0.8685773,-1.0878795,0.50160646,-0.2913645408874094,0.43437687583436824,0.119768059216802,0.9007696382095485,,
1981-12-20,156.45869803676976,517.0614207194296,48.656981702651635,2.1051245,0.8507953,-0.9403564,0.46605685,-0.23289128847721557,0.4087499008979733,0.18103613321138903,0.8751419694899949,,
1981-12-21,97.83900698078868,493.4507157187972,48.741297246042805,2.076612,0.8497306,-0.56784856,0.28843907,-0.13027729288616832,0.2787674062769267,0.28855472702329216,0.7451582668068798,,
1981-12-22,64.83224509238387,471.4214005033127,48.89956535149087,2.5288653,0.89850986,-0.48021686,0.29109338,-0.11642342798914929,0.27800230060854164,0.3030707593053207,0.7443929989610338,,
1981-12-23,93.74167623004334,421.3839187068433,49.381434876857774,2.751047,0.94596124,-1.2742566,1.0497376,-0.5417387320806072,0.8757929779732344,-0.14257316245407387,1.3421887552346337,,
1981-12-24,38.7789474072,685.9551304953582,50.26601755668948,1.9560289,0.8256642,-0.06708908,0.47158647,0.041163573029667805,0.4485339880453937,0.46818988028862274,0.9149228570823705,,
1981-12-25,38.7789474072,641.8188704953584,50.81641033056511,1.7494898,0.84539527,-0.22562468,0.41206187,-0.11308705853823665,0.3915576228215455,0.3065665958111785,0.8579482821502922,,
1981-12-26,148.75335619640524,556.8210689451943,51.15712589567457,1.7556912,0.7932908,-0.43310344,0.502155,0.028351130266160762,0.43013401772804316,0.45476504655816463,0.896523034435157,,
1981-12-27,152.45606902936487,532.5461841078646,50.9382769777577,1.7386376,0.88323456,-0.46211255,0.8443196,0.02769272041876574,0.6852078853837028,0.45407516697072564,1.1515969096844065,,
1981-12-28,156.85872222761415,518.3335795819149,50.73869788473164,1.7162315,0.8600023,-0.051396966,0.7474527,0.35925335744140996,0.6075947493219225,0.8014832690597138,1.073980012380098,,
1981-12-29,206.86875634857424,525.9891652254928,50.57651915498258,1.8025384,0.8478724,-0.10946572,0.73180985,0.43024859931753556,0.5771957375094946,0.8758718408124246,1.0435802115321753,,
1981-12-30,127.55407518395997,537.6589136099356,50.482061765652354,1.6520436,0.8036035,-0.068431616,0.5692051,0.2614681701136097,0.4851798338462412,0.6990242840395856,0.9515661931165285,,
1981-12-31,77.35751162936273,504.1050388114175,50.4206378972149,1.7118309,0.7792027,-0.20342147,0.432765,0.051382819770539816,0.3892480407652171,0.47889757209096107,0.8556367921545575,,
1982-01-01,38.7789474072,591.0187904953582,50.517281709585816,1.770858,0.80615383,2.409876,2.3920655,2.370529431923804,2.2453261017689696,2.9088914646990487,2.7116912427535005,,
1982-01-02,38.7789474072,666.580480495358,50.6098333321344,1.2970262,0.84601086,-1.2268723,1.9690237,-1.0881145191563,1.8613527993266867,-0.715063844459791,2.327755404635756,,
1982-01-03,38.7789474072,614.477890495358,50.71998641855785,1.2229462,0.8443412,-0.20245135,1.09134,-0.11783621368552469,1.027778190718524,0.30159044728202483,1.4941689055994576,,
1982-01-04,38.7789474072,2216.9654304953583,51.350135386855136,2.103858,0.9019678,1.6101906,1.6858698,1.6186773631800397,1.6569602748136967,2.1211034371470574,2.1233323964275725,,
1982-01-05,38.7789474072,5816.325730495358,53.375836982858935,1.7493817,0.78827405,0.36636984,0.5599781,0.3755296699081989,0.5562938378513289,0.8185375336246246,1.0226789195066963,,
1982-01-06,75.53404740720008,2672.7772304953583,53.955191180534726,1.4661684,0.8668922,0.36132574,0.34828383,0.39169101957330715,0.3395485854427914,0.8354713405589148,0.8059334872763354,,
1982-01-07,38.7789474072,2137.695380495358,54.34222970422928,1.5309745,0.8438415,0.4928459,0.33347258,0.5113425663677674,0.3278758923084823,0.9608418222817989,0.7942594721102159,,
1982-01-08,38.7789474072,1583.4051604953586,54.545555343911325,1.1608431,0.8483501,0.04066062,0.32804853,0.06743902213323069,0.3208479726609707,0.4957212060412065,0.7872365394467276,,
1982-01-09,38.7789474072,1267.194560495358,54.63685008495178,1.1616865,0.8456273,-0.061473966,0.30147418,-0.0251540275922107,0.29359806098997937,0.3987025250523954,0.7599876964006536,,
1982-01-10,38.7789474072,1126.576320495358,54.78627344689081,1.1606747,0.84889466,-0.15366888,0.28402436,-0.10993212340293679,0.2760222932728404,0.30987232606133946,0.74241291571169,,
1982-01-11,46.18061740719997,792.7512504953581,54.87270220700287,1.1612369,0.8470777,-0.22117889,0.27474117,-0.14508115561690493,0.26377171944026745,0.2730432902584995,0.7301627535111661,,
1982-01-12,38.7789474072,802.476540495358,54.80437525217088,1.1621888,0.8440103,-0.35061038,0.28313532,-0.28087560484018514,0.27287160663534404,0.13075833055244934,0.739264244271933,,
1982-01-13,38.7789474072,702.7116204953581,54.72346492027358,1.1610266,0.8477568,-0.4030887,0.24010128,-0.3212875884247349,0.23182351272711552,0.08841479229401322,0.6982166316503372,,
1982-01-14,38.7789474072,649.8458004953579,54.62862974916194,1.1715845,0.81432074,-0.48484123,0.3679295,-0.39156191123921763,0.35022522596222794,0.01478159706975335,0.8166191862642997,,
1982-01-15,38.7789474072,602.1843604953581,54.559467918572324,1.1642863,0.8372899,-0.352126,0.34492785,-0.26038148202272,0.3279948009270297,0.15223200238493512,0.7943871952023634,,
1982-01-16,38.7789474072,576.2557504953579,54.48929953899998,1.164492,0.8366334,-0.32536328,0.31613693,-0.23142545648834723,0.3008645456357806,0.1825720269586293,0.767256596885982,,
1982-01-17,41.51465740720004,536.8292504953581,54.577618079691895,1.1594318,0.85292566,-0.3020178,0.25303152,-0.19711209426285906,0.24271718996878075,0.2185254506041349,0.7091088359696847,,
1982-01-18,38.7789474072,522.212250495358,54.65763833252919,1.1605406,0.84932864,-0.18789387,0.24407932,-0.09468230063396854,0.23467000684615183,0.3258510382297531,0.7010604511329452,,
1982-01-19,38.7789474072,528.4388004953581,54.72978507614905,1.1634175,0.84006715,-0.37294567,0.2792947,-0.2679092053823788,0.26646324379741365,0.14434447958091967,0.7328557274062935,,
1982-01-20,38.7789474072,540.259830495358,54.65861900709099,1.1657126,0.8327503,-0.5053822,0.3642118,-0.3934668839108738,0.3443660987420427,0.012785573216215318,0.8107600819305318,,
1982-01-21,38.7789474072,570.080390495358,54.60476554896751,1.1642864,0.8372897,-0.34825075,0.37084612,-0.25191552799039074,0.3512977536279652,0.16110260008059357,0.817690047512918,,
1982-01-22,38.7789474072,571.460130495358,54.54095495125762,1.1596429,0.8522394,-0.37546718,0.27776816,-0.2779153255339925,0.26569487067964737,0.1338601010902694,0.7320874731341795,,
1982-01-23,38.7789474072,556.3076304953581,54.469038109086874,1.1591893,0.8537142,-0.37035406,0.469695,-0.27068102513765196,0.4425975129268675,0.14144017631633626,0.9089900294460083,,
1982-01-24,38.7789474072,551.3179904953581,54.5281604687658,1.1686273,0.8235507,-0.35537612,0.40209702,-0.25522436392136716,0.3795510941793454,0.15763561310280627,0.8459434272911488,,
1982-01-25,38.7789474072,545.9278404953579,54.577006168548145,1.1637733,0.8389285,-0.369645,0.268959,-0.2679455686907785,0.25721109245640944,0.14430637823068015,0.7236035764969797,,
1982-01-26,40.82827698114408,521.9341272253431,54.35518230241379,1.161171,0.8472909,-0.3439349,0.2572928,-0.23473982621163192,0.24641661900151657,0.17909924169217772,0.7128087094665381,,
1982-01-27,55.639347551535614,526.3446993692489,54.23398237020016,1.1607796,0.8485555,-0.32377565,0.24878827,-0.18184790097832912,0.23918128349622203,0.2345192201496309,0.7055727496558413,,
1982-01-28,38.7789474072,525.931330495358,54.120372856480884,1.1665021,0.8302485,-0.22342908,0.30564937,-0.12798178794767462,0.290313650214239,0.2909599492510548,0.7567044838571613,,
1982-01-29,69.71341448746927,524.2402069824803,53.99280046330546,1.1646867,0.83601284,-0.58112895,0.39323562,-0.3762194054494151,0.3606847609412689,0.030857422190576078,0.8270785370691391,,
1982-01-30,96.69566140471916,515.840609449889,53.85200641210264,1.1644745,0.8366895,-0.60324156,0.4099675,-0.32418792834373944,0.3696519869556338,0.08537582604119631,0.8360451404922743,,
1982-01-31,38.7789474072,504.897170495358,53.88532179647202,2.303082,0.94677675,-0.5811938,0.51020926,-0.37546621134206115,0.47860565551144,0.03164661640159627,0.944999422604763,,
1982-02-01,38.7789474072,1073.1600704953582,54.69259680650228,1.5916044,0.82324797,-0.11159289,0.2906369,-0.05219377146790421,0.2819664384990191,0.3703703738501842,0.7483563878271433,,
1982-02-02,38.7789474072,1203.613280495358,56.97742327820469,1.1639552,0.8426071,0.017907262,0.19460495,0.053679002988606374,0.1903563565856446,0.4813035050177415,0.6567450815569282,,
1982-02-03,38.7789474072,2783.505130495359,58.54021025398961,2.4598932,0.9822161,0.7034943,0.8723113,0.7276277070602466,0.8604313649953781,1.1874646533656115,1.3268125965976312,,
1982-02-04,38.7789474072,2873.24293049536,64.09282266399605,1.9292426,0.7653365,0.021774411,0.30951858,0.04717587180159832,0.3055667808450878,0.47448954638983637,0.7719555806518635,,
1982-02-05,38.7789474072,4261.130730495358,66.2131873620206,1.2019801,0.86390686,-0.16989315,0.28241527,-0.15752083893938118,0.2799767190094917,0.26000903259613906,0.7463678991005562,,
1982-02-06,38.7789474072,3296.055930495358,67.56883100352678,1.3429372,0.8572021,-0.2360928,0.3013063,-0.21773114029328605,0.2979693538925113,0.19692088465613633,0.7643612432480328,,
1982-02-07,38.7789474072,2190.9836304953583,68.34993131901291,1.1687753,0.8627238,-0.369614,0.2744971,-0.3428590853844882,0.2701401693667948,0.0658122515180572,0.7365335459601747,,
1982-02-08,38.7789474072,1897.7144704953585,68.97949845305777,1.3887708,0.8605312,-0.09522104,0.32322952,-0.06550359468733703,0.31722513855865236,0.35642438657821707,0.7836152427139587,,
1982-02-09,38.7789474072,1555.1205804953586,69.39090151529092,1.5712801,0.8736224,-0.21144402,0.430267,-0.16807104441125548,0.42033652088213874,0.24895456336678243,0.8867278249528546,,
1982-02-10,38.7789474072,1374.3024704953575,69.69179443294526,1.3266724,0.86268014,-0.24152339,0.34505174,-0.19848766010532387,0.33641658745707953,0.21708413741653684,0.8028082496778552,,
1982-02-11,38.7789474072,1235.7222304953582,69.92067720554186,1.1600072,0.85105705,-0.11815035,0.29858136,-0.07926015317871961,0.2906523175056532,0.34201031161538914,0.7570425818976684,,
1982-02-12,38.7789474072,1109.649250495358,70.0298202224444,1.2245141,0.8445078,-0.124307275,0.30872753,-0.07876165490963632,0.2996626689854689,0.3425326363977035,0.7660529275671866,,
1982-02-13,38.7789474072,891.041730495358,70.09112504035501,1.3250502,0.8431505,-0.079761624,0.37795323,-0.0211727732847333,0.36389338045988,0.40287406970653317,0.8302829697208525,,
1982-02-14,38.7789474072,850.9866704953583,70.1074933302888,1.2801172,0.8427414,0.034836173,0.3875273,0.08910966340178485,0.3724530294450587,0.5184276298850162,0.8388413475435146,,
1982-02-15,38.7789474072,712.8114804953582,70.24923347343831,2.2015479,0.8004594,-0.1885885,0.54794747,-0.06526738149474194,0.521314200885604,0.3566718899539638,0.9877043022913832,,
1982-02-16,39.282637407200006,717.5979104953581,70.18217728944688,3.0916424,0.756514,0.036230206,0.8218027,0.19480826595319298,0.7801392255957925,0.629178264325784,1.2465263384177432,,
1982-02-17,87.00451740720001,845.6996004953583,70.05937903153226,2.5253196,0.76958036,0.5029099,0.8655039,0.691564344056952,0.7880445737494807,1.1496775848871987,1.2544261931745684,,
1982-02-18,55.75957740720002,819.234000495358,69.90141630130836,2.2479799,0.7678258,0.37397325,0.7689376,0.493395632826768,0.7215973554074513,0.942037086666063,1.1879811324616294,,
1982-02-19,56.96864740720002,784.9887304953579,69.72520330985142,2.284174,0.7976581,0.18380094,0.93619734,0.3259166932568085,0.8745192208311101,0.7665532262827741,1.3409048563787127,,
1982-02-20,63.64366740719998,754.0365204953582,69.58264515349971,2.8574405,0.722306,-0.19121861,0.770787,0.04607201297076965,0.7130131302859816,0.4733329268802467,1.1794019428003337,,
1982-02-21,80.73124740719999,711.798330495358,69.4443900927083,2.688233,0.78592944,0.28603292,0.77777463,0.5307336891994869,0.7031191279668537,0.9811597744996372,1.1695024950571664,,
1982-02-22,89.55214740719997,680.099460495358,69.30240779177035,2.4125597,0.76286536,-0.007026434,0.69083935,0.2745024242788203,0.616876768627294,0.7126815309985244,1.083262981146716,,
1982-02-23,100.0805074072,639.040770495358,69.09816707960809,2.2265244,0.7499209,-0.11110222,0.6356764,0.2054234414593073,0.558904458781125,0.6403008089349285,1.0252914512645472,,
1982-02-24,121.64600740720002,634.301190495358,68.92781976584484,1.9612087,0.7574833,-0.60499656,0.5834036,-0.1920462589747271,0.5044707963021082,0.2238334155023479,0.9708623825882847,,
1982-02-25,128.8207674072,551.006800495358,69.09560653136101,1.682207,0.7899564,-0.57130563,0.49515054,-0.14428672530401754,0.42833166185928817,0.27387569162471875,0.8947226866109721,,
1982-02-26,139.04099740720002,523.037690495358,69.2343916040872,1.5990552,0.7943181,-0.5307673,0.44049987,-0.083490209239949,0.38590759839769734,0.33757807333415624,0.8522979121049978,,
1982-02-27,141.4926774072,500.9802604953581,69.35393615434734,2.005005,0.77705777,-0.56158316,0.54044837,0.0036599683503562583,0.45484622984844647,0.42889373150529936,0.9212355316635548,,
1982-02-28,141.3912474072,411.0000404953581,69.45398179133684,2.1282625,0.78518105,-0.5848738,0.60790247,0.10958633884415901,0.49494353870222224,0.5398830204175225,0.9613316223084338,,
1982-03-01,147.6698014072,350.4392904953581,69.0136635814891,2.223693,0.78654045,-0.66010964,0.6657792,0.19482465994576234,0.5232326314906894,0.6291954418951582,0.989619744126691,,
1982-03-02,160.18122740720003,329.36521049535804,68.56387283663614,2.6739917,0.7753131,-0.69475234,0.87300205,0.40751194313046435,0.6397964430305099,0.8520484501809824,1.1061811691193049,,
1982-03-03,160.2777374072,307.163850495358,68.10503615656894,1.9661872,0.8112226,-0.673931,0.61847574,0.2313204537273733,0.49248323499332997,0.6674356098649001,0.9588699344368284,,
1982-03-04,174.41557364185897,295.2235336222084,67.7844639324124,1.6351398,0.79003245,-0.76884997,0.47341117,0.12394888896351727,0.4179096704493349,0.5549320513366647,0.8842975898663388,,
1982-03-05,142.6393174072,386.3486904953581,67.65904451165322,2.27531,0.7852494,-0.80013955,0.6229415,0.029142068881745052,0.5018260134438671,0.45559378933588546,0.968215021029562,,
1982-03-06,73.07460740719998,547.007410495358,67.64652360474832,2.179303,0.79410243,-0.54435027,0.50323576,-0.22337677850021023,0.45368762614238783,0.19100540424156992,0.9200795822148631,,
1982-03-07,215.2620274072,428.339120495358,67.61334241554714,2.3393984,0.8290597,-0.7135235,1.4024189,0.30757186842594,0.9736782643722267,0.7473315815336368,1.4400641054389565,,
1982-03-08,221.7316774072,507.7237504953581,67.57688498032113,1.9147422,0.77552086,-0.7268125,0.5461868,0.07613768495287421,0.44731928139118204,0.5048356352087376,0.9137077482885752,,
1982-03-09,183.13414740720003,435.3576204953581,67.652023741863,1.5740194,0.7861269,-0.4208647,0.32470313,0.16981641025625557,0.3262229966962062,0.6029918833569179,0.7926103933460988,,
1982-03-10,97.1823274072,638.189420495358,67.73340304410725,2.047255,0.78673923,-0.54599106,0.29935798,-0.20328318443867693,0.27982888119773797,0.21205940341272936,0.7462205999814634,,
1982-03-11,47.932847407199965,508.2799904953581,67.78685959757486,3.136902,0.7743245,-0.6926476,0.5578979,-0.3626278294432615,0.5141683180183775,0.04509862906934553,0.9805619312153327,,
1982-03-12,38.7789474072,1043.6603304953576,68.84562797488692,3.996876,0.90904444,0.050458908,0.8414105,0.1918413431342288,0.8119199464858479,0.6260695327379917,1.278307092965242,,
1982-03-13,38.7789474072,2041.464830495358,70.20857903776646,3.7204502,0.77606434,1.158864,0.8767165,1.2066159315911993,0.8604947731334869,1.6893468776898086,1.326870994773467,,
1982-03-14,38.7789474072,2758.812630495358,71.76185402959062,3.5778224,0.81119233,0.9319589,0.6918689,0.9686346757706631,0.6823711796275413,1.4399909313392774,1.1487498576342698,,
1982-03-15,38.7789474072,2572.002530495358,73.1979533238424,3.4499218,0.76598173,0.89080715,0.60749954,0.9288186724792028,0.5985842484531302,1.3982718591946837,1.0649633437515917,,
1982-03-16,38.7789474072,2159.879180495358,74.2542700150521,3.1449635,0.8190348,0.8424208,0.60220134,0.8830320331486577,0.5917563369302797,1.350296775017935,1.0581359143365432,,
1982-03-17,38.7789474072,2635.274370495358,75.24553363133512,2.992261,0.82092386,0.89570093,0.71620595,0.926105108416071,0.7059199666613708,1.3954285960451887,1.1722990904653277,,
1982-03-18,38.7789474072,2769.1448304953583,76.25930789170681,4.205239,0.8617028,1.3922665,0.69255316,1.4311151822469417,0.683092293900306,1.9245764251145983,1.1494662576904637,,
1982-03-19,38.7789474072,3944.505530495358,77.4413358615874,3.8017254,0.7870645,2.038577,0.8730407,2.0557420690873163,0.864575199856924,2.5790583419657453,1.3309431848463733,,
1982-03-20,38.7789474072,3613.4720304953576,78.33021451067381,3.9223354,0.78885937,2.2949715,0.79522854,2.3122505249944365,0.7868295177662613,2.8478270252349343,1.2531951767351563,,
1982-03-21,38.7789474072,4739.796230495359,79.45161520782715,4.4039583,0.8530037,2.946795,0.98798734,2.958620114128946,0.9799941025306195,3.525090871226167,1.4463542338937532,,
1982-03-22,38.7789474072,4723.946430495358,80.58317065942143,3.9339647,0.7791732,2.6247144,0.9579535,2.63537452112258,0.950174880064143,3.186395243833879,1.4165377160294295,,
1982-03-23,38.7789474072,4020.776830495358,81.90528721543983,4.2585516,0.8524182,2.9117432,0.80196446,2.924608565172599,0.794345420498876,3.4894536864923706,1.2607058308125474,,
1982-03-24,38.7789474072,3752.021070495359,82.92828009890502,4.703369,0.8942685,3.6632056,0.89758,3.673846239362192,0.8884450891288384,4.274502360367362,1.3547996608703798,,
1982-03-25,38.7789474072,4045.0789304953582,84.03020514297576,5.3034883,1.0265244,4.071721,0.8664783,4.083417525770718,0.8583058928668851,4.703649754216813,1.3246575443333417,,
1982-03-26,38.7789474072,5372.679230495359,86.28776352037983,3.8036034,0.78589225,2.5583591,1.4479095,2.5672826673316016,1.4375446351295809,3.1150488321920498,1.903908056056745,,
1982-03-27,38.7789474072,4474.642530495359,87.9696004766763,2.8417945,0.73518294,1.2781564,0.50211555,1.2915910500459309,0.4978414813427977,1.7783835163337653,0.9642168415865406,,
1982-03-28,38.7789474072,2911.170630495358,88.9849815291065,3.1650686,0.77608144,1.5404342,0.48954734,1.5617910847636443,0.48321963960856806,2.061498189078373,0.9495923156913514,,
1982-03-29,38.7789474072,2173.158730495358,89.87852544712747,4.250271,0.84555936,2.477481,0.6580786,2.508560845601092,0.6467113300550876,3.0535203081133275,1.1130752597060969,,
1982-03-30,38.7789474072,1853.504370495358,90.53387640551384,5.2273326,0.9803955,3.9515777,0.8394518,3.9777219689873853,0.8224941631291179,4.592902311121422,1.288846549847575,,
1982-03-31,38.7789474072,1990.7194304953584,91.52906101071311,4.579777,0.8648168,5.4824805,1.0402759,5.4652319772186395,1.0205325181615967,6.151510212947543,1.486875732647429,,
1982-04-01,38.7789474072,2692.215730495357,93.9467441031492,4.0280113,0.7482275,4.5425515,0.8744428,4.535245268470314,0.8620915689282128,5.177073318521577,1.3284402213797983,,
1982-04-02,38.7789474072,1881.608530495358,95.56350392808753,3.9019816,0.7532897,4.4094434,0.84441644,4.399196053808343,0.8275046990423987,5.0345214164597385,1.2938542299569509,,
1982-04-03,410.3588474072002,3653.334630495358,97.3125212457506,4.0071974,0.7615058,4.490033,1.3586571,4.441275552474436,1.223875768363921,5.078612171320501,1.6902250253121587,,
1982-04-04,2121.2694012493785,6020.827230495359,98.68542665624297,3.06153,0.58072096,3.4381464,1.2091883,3.340026109162458,0.9068668345329586,3.92472676905111,1.373223928336016,,
1982-04-05,2300.4498030511363,4145.916230495359,98.68542665624297,2.5982137,0.49921465,2.516214,0.861325,2.545476330104584,0.5818941672136038,3.0922002265868156,1.048257776595001,,
1982-04-06,1775.18504437132,3304.770430495358,98.68542665624297,2.2357407,0.51684153,1.2301286,0.80054796,1.581538696553018,0.5512256471758854,2.0821896692074446,1.0175981303599573,,
1982-04-07,1134.0862719997604,2253.549230495358,98.68542665624297,2.2858858,0.4854805,-0.19182944,0.81764674,0.6376408035180146,0.5676838108106622,1.093176683438902,1.0340660128997972,,
1982-04-08,1002.5505064740724,1751.1240304953574,98.68542665624297,2.510301,0.5541015,0.7831281,0.8552691,1.4119526490272056,0.5800932783634539,1.9044979883108015,1.0464674326267838,,
1982-04-09,810.2906341025123,1648.288770495358,98.68542665624297,2.6107783,0.5879747,1.4556428,0.86435956,1.8363486388007906,0.6110291791539734,2.3491786556704475,1.0773992133012786,,
1982-04-10,1118.7377788520328,1527.181000495358,98.68542665624297,3.1303,0.5671497,2.765226,0.84668523,2.9195852181692454,0.5443572561029909,3.4841902406737093,1.0107177077284726,,
1982-04-11,1074.6088720061612,1610.464030495358,98.68542665624297,2.9955864,0.5558141,4.1151876,0.8462546,3.6671054216004806,0.5541745308068391,4.267439354558974,1.0205291522155846,,
1982-04-12,1020.466472006161,1485.6790304953586,98.68542665624297,3.015914,0.5453126,4.8518686,0.8349434,4.104294245188289,0.5424896991447444,4.725524309459048,1.0088412068970478,,
1982-04-13,1012.913272006161,1419.5434304953585,98.68542665624297,3.1361449,0.5516384,5.7530518,0.84663576,4.663330527017362,0.5448719255611006,5.311280614589621,1.0112197703183825,,
1982-04-14,1065.251572006161,1577.725230495358,98.68542665624297,3.4976208,0.5235063,6.6143627,0.81463504,5.358160164778191,0.530098942634827,6.039320733879121,0.9964427328228167,,
1982-04-15,941.136722006161,1307.0701804953585,98.68542665624297,3.6860359,0.4770186,8.53032,0.87877214,6.502422362511105,0.5485414086751585,7.238274753199023,1.01487972509238,,
1982-04-16,876.030372006161,1413.6570535744418,98.68542665624297,3.8285222,0.42489162,10.345345,0.96716166,7.852019806915801,0.6188599911375091,8.65237834207819,1.085193776249961,,
1982-04-17,971.875002006161,2177.3584375532632,98.68542665624297,4.3746805,0.44459122,9.79073,1.1037382,8.119300376288471,0.7753531506800065,8.932434009013955,1.2416862855331998,,
1982-04-18,2073.366834932021,4711.693830479124,98.68542665624297,3.7763298,0.58580995,11.144997,1.1704373,8.893292451291249,0.8322569266942748,9.743420259442315,1.298588639425346,,
1982-04-19,1475.7900072973712,2685.3274992918978,98.68542665624297,3.73535,0.5088938,9.754278,1.0382978,7.61959339936702,0.6939351972148362,8.408842746758507,1.1602696142117797,,
1982-04-20,1138.059947887439,2197.801590194393,98.68542665624297,3.7646427,0.5872303,10.148603,1.0895232,7.970656325582284,0.7452547271831839,8.77668528079828,1.2115882135833584,,
1982-04-21,976.4593621533402,1913.957010725054,98.68542665624297,3.789045,0.5671965,9.901555,1.0221069,7.83658696938632,0.7034134710514325,8.636207867669317,1.1697472962051443,,
1982-04-22,745.4357955166241,1432.8373484747638,98.68542665624297,3.6269965,0.58574724,8.731122,0.92148995,6.9844182746328585,0.6384277910758996,7.743308422299596,1.104764250035647,,
1982-04-23,566.8239298219826,1214.564028418477,98.68542665624297,4.2409854,0.58476007,9.26848,0.945748,7.668770138174136,0.6711268029723104,8.46036996557833,1.1374610811217005,,
1982-04-24,465.1604682656481,1069.9898283954842,98.68542665624297,4.8808174,0.60687214,10.713389,1.0018888,8.94608236434424,0.7221156150171362,9.79873334988595,1.188447255713114,,
1982-04-25,396.6387223430844,917.0356186217884,98.68542665624297,5.488319,0.63799804,12.468652,1.0216231,10.361074408285695,0.7387213242044988,11.281357176619478,1.2050522218110546,,
1982-04-26,721.218104341163,1101.147945718244,98.68542665624297,6.010389,0.8566645,13.13035,1.0631799,10.312560040490279,0.7263900035425055,11.230523987881512,1.1927208887138918,,
1982-04-27,1000.4911537406508,1568.6465179097763,98.68542665624297,5.833041,0.8456916,12.821901,1.1561588,10.100251636279989,0.7789633821747654,11.008067967689943,1.24529424459571,,
1982-04-28,796.6565350680287,1050.194326448715,98.68542665624297,5.6143293,0.6950332,12.494698,1.0385458,9.526785851185853,0.662303415750691,10.407192478363026,1.1286344744222028,,
1982-04-29,557.0591625480049,868.9372533315968,98.68542665624297,6.027425,0.77375185,12.352911,1.0134425,9.881887929320786,0.6875503295184304,10.779267221977081,1.153881222322359,,
1982-04-30,466.8601152141131,789.3376033293692,98.68542665624297,6.6898065,0.90692466,13.181632,1.0335104,10.768974867213876,0.7316695628683059,11.70875388314646,1.1980006714972855,,
1982-05-01,566.5657464395413,754.5957392988157,98.68542665624297,6.999151,1.0017967,14.594249,1.0256336,11.337173724818607,0.7264489953844747,12.30411070385407,1.1927807151442271,,
1982-05-02,511.6152047888793,695.1518887301128,98.68542665624297,7.7386827,1.2023396,15.061166,1.0390117,11.956760915075789,0.786165343027762,12.953312043852689,1.2524981500616148,,
1982-05-03,464.455045831027,659.3857771325116,98.68542665624297,7.543978,1.2299455,15.021581,1.0285318,11.93127632875622,0.7890152806262807,12.926609381421743,1.2553480342802712,,
1982-05-04,429.7074290326604,581.5163179671165,98.68542665624297,8.340342,1.4289232,15.103265,1.057334,12.22944151572674,0.8593020899436161,13.239025845102754,1.3256355146288197,,
1982-05-05,396.86091703856926,519.6566419109495,98.68542665624297,8.65373,1.5483983,16.247168,1.1008554,12.959136256962132,0.9160379322557074,14.003597500632507,1.3823734280672522,,
1982-05-06,360.7980111818476,468.5148400498141,98.68542665624297,8.7628975,1.6342448,17.79329,1.1661594,13.864557876198344,0.969299384890922,14.952295178239238,1.4356382972410269,,
1982-05-07,404.7030355178572,537.5989119479866,98.68542665624297,9.272079,1.7343205,19.654047,1.2059096,15.195164388527827,1.013978025060326,16.34650013340725,1.4803236597829588,,
1982-05-08,384.0998319145262,484.3843046024041,98.68542665624297,8.4373665,1.6565123,20.662382,1.4025031,15.255689873065926,1.071729557297118,16.409918529210252,1.5380755459498778,,
1982-05-09,357.08218338928765,537.9201771917394,98.68542665624297,8.303236,1.6753521,17.166292,1.1194332,13.630168049802606,0.9483979373867187,14.706702319363322,1.4147358753401726,,
1982-05-10,334.164104131534,598.1560338904465,98.68542665624297,9.237301,1.9890218,16.200994,1.1977518,13.705053081900797,1.048215994287224,14.785166600014131,1.5145542367193252,,
1982-05-11,296.51723766241025,443.6264304953582,98.68542665624297,9.168571,1.9047637,17.337345,1.3100634,14.06476129622222,1.0949344460667239,15.162067637379101,1.561274240450886,,
1982-05-12,278.60898598531435,392.05448049535806,98.68542665624297,9.46265,1.9414405,19.530111,1.4531124,15.347857105374427,1.171344736866587,16.50649104016518,1.6376912725260069,,
1982-05-13,312.2353798395114,402.8376404953579,98.68542665624297,9.298382,1.8738,21.146326,1.459694,15.972941989553599,1.1600213038518967,17.161452845062332,1.6263718057256047,,
1982-05-14,238.6217062964,381.779640495358,98.6482332759229,9.337717,1.8646818,20.380507,1.4450089,16.133176498152917,1.142408345474473,17.329346015438432,1.6087599360043814,,
1982-05-15,229.54232629640003,353.70867049535804,98.54331614252247,9.1332035,1.7571857,20.983423,1.4791583,16.319690092204297,1.1326514900758855,17.524774321720642,1.599004384786864,,
1982-05-16,215.8286562964,341.093090495358,98.42631535845739,9.115892,1.6923482,22.09863,1.5615242,17.067319018808874,1.1596505453863042,18.308137355375283,1.6260090671744074,,
1982-05-17,211.41705629639995,319.460630495358,98.30203831368327,8.847469,1.5595555,23.78419,1.6488111,17.835780712512715,1.1705445306622873,19.11332889118328,1.636909502491886,,
1982-05-18,206.8508262964,295.81948049535805,98.1686224524395,8.514189,1.4694581,24.896149,1.7688112,18.15490715807995,1.2038272605885645,19.447708489969447,1.6701951094370935,,
1982-05-19,203.61385693734923,280.0907746325987,98.00344453845413,8.567376,1.3889635,25.982676,1.9308751,18.651763147792746,1.2617258748253335,19.96831249757328,1.7280984347797461,,
1982-05-20,198.6838912701604,297.7207354691184,97.83027012148779,8.379929,1.3007919,26.895298,2.0321999,19.484598253229034,1.3253623195000497,20.840954274145037,1.7917434094020888,,
1982-05-21,199.27113770774253,306.06305571319484,97.58019833721573,7.9896197,1.2237194,26.386015,1.9135473,19.13166593478883,1.2554150016013257,20.471152997322168,1.7217923799151258,,
1982-05-22,225.3684391208874,286.941741689464,97.39415816008665,7.24036,1.1532162,25.086023,1.9152632,17.235604796318203,1.186635378419451,18.484466617793405,1.65299525495486,,
1982-05-23,197.6709562964,424.646830495358,97.29401758294041,7.0728493,1.1305298,19.643549,1.3493578,15.650633638065244,0.9882995254156468,16.823739256128817,1.4546479264138226,,
1982-05-24,138.7506562964,630.147930495358,97.25077472707906,7.5469027,1.324961,15.622333,1.2321119,14.16509072073288,1.03769305782161,15.26719246542239,1.504033311468843,,
1982-05-25,173.6424962964,604.0725804953579,97.16612084427605,8.9435005,1.7850381,16.124256,1.276854,14.520989889707128,1.0688521527877772,15.640102398093157,1.5351941284342947,,
1982-05-26,172.28115629639996,516.5897204953579,97.00246782816768,9.420055,2.00718,20.492062,1.6351796,17.723040453943952,1.325003358129037,18.995200033638223,1.7913673414103637,,
1982-05-27,192.91190099453965,448.485055947769,96.81468038453848,9.495838,1.9869449,23.31534,1.8349985,19.15887133891634,1.4154346795610426,20.49965872676995,1.8818123389123294,,
1982-05-28,205.7453596106128,415.60626100849805,96.61970376497231,9.320782,1.8221802,22.4346,1.6719681,18.092281052267385,1.2707214588661402,19.382089070375674,1.7370887339373764,,
1982-05-29,451.1425762964,575.522570495358,96.46428957651304,10.250584,2.245392,25.278662,1.9198211,18.67494494387815,1.460053017971349,19.99260230426856,1.9264258046242788,,
1982-05-30,197.9678462964,869.3491704953581,96.46055654624936,10.347092,2.3839173,18.108702,1.1927749,16.669064562065433,1.0674273304671238,17.89084769696426,1.5337827752074615,,
1982-05-31,221.1281562964,698.7470404953581,96.48957141679439,10.5798855,2.4246495,19.806358,1.2601279,17.588412969840157,1.1207007183935518,18.854137815995298,1.5870635402526196,,
1982-06-01,236.07936001286265,736.453640495358,97.73768564102589,10.706854,2.4673898,20.714025,1.297188,18.284815719549727,1.1505021586262523,19.583826236607276,1.6168712119912372,1.2862634238197993e-08,4859.999999987137
1982-06-02,511.3607001270444,1107.155630495358,97.82154410267863,11.08584,2.5346444,21.994762,1.2416228,18.5481527164793,1.1673335409364425,19.859749841817592,1.6337050951786707,1.2704437605998356e-07,4859.999999860092
1982-06-03,399.7749000000013,1051.3119504953584,97.82071552540097,11.0830765,2.423326,18.95578,1.1231072,16.786847636136233,1.052529665267872,18.01426039935435,1.5188860011507215,1.2890055349531014e-12,4859.9999998600915
1982-06-04,405.8113637657662,1073.611550495358,97.80608808669743,11.573559,2.5784585,16.39674,1.1398778,15.073722922293456,1.0883540432360914,16.219254180213763,1.554698980451604,1.9668437657662323,4858.033156094325
1982-06-05,332.19150000000144,959.604910495358,97.69688988948822,12.217426,2.8616338,14.677183,1.1839997,14.044645151142733,1.1467753349135992,15.140990009328416,1.6131150386006292,1.414179435346474e-12,4858.033156094323
1982-06-06,288.13554000000136,906.3257004953584,97.97521710028248,12.240355,2.9118636,14.460696,1.204938,13.925091273194022,1.1529486519427001,15.015721864688244,1.6192878261492492,1.4172434653648095e-12,4858.033156094321
1982-06-07,222.8460600000014,512.773070495358,98.3847988030016,12.0617695,2.7785728,15.365912,1.2051933,14.36496614879851,1.1892323475205957,15.476621255709585,1.655573550421129,1.4028945929021115e-12,4858.03315609432
1982-06-08,223.88114000000138,498.1230904953581,98.6922750049753,12.2188015,2.9317973,15.732113,1.2265337,14.642695225905719,1.241985723390666,15.767624833333162,1.7083283211419464,1.403670916895274e-12,4858.033156094318
1982-06-09,204.86483000000493,519.593330495358,98.94278903411046,12.394939,3.260812,19.373716,1.4768808,17.400233235957963,1.4043759847242847,18.656963734093775,1.8707372179021986,4.920483381691739e-12,4858.033156094313
1982-06-10,209.070251733193,530.7381304953581,99.14790594983842,12.564531,3.1687813,22.158016,1.4826727,19.446892153342343,1.3904351288800465,20.801445951575616,1.8568158154531866,0.00010173319297893032,4858.03305436112
1982-06-11,210.11848276540348,511.8365604953578,99.30028468675715,12.408823,3.142658,22.316914,1.4073575,19.43325349098374,1.3535482537772854,20.787155407777707,1.8199287948627982,9.276540343834622e-05,4858.032961595716
1982-06-12,227.19867127382128,487.5331004953581,99.37196762024662,12.2663555,3.0070117,22.598104,1.3486881,19.313851937850924,1.3266588268417505,20.66204686855893,1.793038103317442,4.127382131921339e-05,4858.032920321895
1982-06-13,356.47067000000675,568.7317604953581,99.5271297526733,11.125811,2.43219,20.92768,1.03756,17.151123256981187,1.1335512448515292,18.395947149661776,1.5999104372388648,6.687889868539323e-12,4858.032920321889
1982-06-14,424.1256200000015,845.9816304953581,99.77081831276334,12.5305195,3.1345687,19.324049,0.92153025,17.055492608702387,1.213419041015012,18.295745683292267,1.679777468815176,1.4641424885894793e-12,4858.032920321887
1982-06-15,344.238025832165,903.5105311071076,99.92766230094594,12.903727,3.2896242,21.92692,1.0720088,19.43753515567391,1.1942560596364782,20.791641721403927,1.6606366463728643,9.583216499328265e-05,4858.032824489722
1982-06-16,577.2127562145341,985.801600495358,99.77999285734136,13.860899,3.482679,23.579279,1.026155,19.990333734471623,1.439795726266502,21.370862182620762,1.9061823829675535,0.0029925109341635676,4858.029831978788
1982-06-17,199.01303899715865,1416.2837764989165,99.9979413082328,12.882969,3.2995567,18.176165,1.0058265,17.524015153968314,0.9710892259017561,18.786662004657703,1.437451499533468,1.3737227994967162e-11,4858.029831978774
1982-06-18,1030.668837815915,1360.915920495358,99.38716592882034,14.992741,3.7218776,24.275204,1.1184496,20.274866524634525,1.7256229868842092,21.668994667526764,2.192012904080549,0.014503618314832961,4858.0153283604595
1982-06-19,222.04229888360337,901.674760495358,99.44347677543975,13.2729645,3.371575,22.08915,1.0423756,20.34710420854015,1.069304296542946,21.744685065790907,1.535695056252922,0.02059419200334422,4857.9947341684565
1982-06-20,206.04594742687595,716.398010495358,99.36332388604467,12.52512,3.0280023,21.049772,1.042799,19.145623959726546,1.0551569854606826,20.485778168138783,1.5215345078580704,1.2735275953425493e-05,4857.9947214331805
1982-06-21,460.90763233300686,652.465230495358,99.22036413199226,13.080387,3.129526,24.021507,0.98765165,19.492165880154843,1.4189533468166113,20.84888360776926,1.8853345178627705,0.00013862940685563203,4857.9945828037735
1982-06-22,203.5421670335631,597.812000495358,99.04673439883469,12.328066,3.0389621,21.15765,0.9805779,18.91495536652758,1.0634496824448643,20.244084404686046,1.5298248523140803,2.341963087286965e-06,4857.99458046181
1982-06-23,241.29665449510227,619.2639304953581,99.11519254508144,11.838978,2.8319442,20.893486,1.0036119,18.35464962131516,1.0733657526570342,19.65699796016185,1.539735461499474,0.00010980350229595387,4857.994470658307
1982-06-24,478.95477734747084,606.802400495358,98.94691335173714,12.060553,2.7824287,24.431086,1.0463666,18.97413260058829,1.359590318587147,20.306090108247606,1.8259660861873084,3.6438708709357075e-06,4857.994467014437
1982-06-25,467.9771944906337,652.905190495358,98.73914932654223,11.921978,2.8249094,25.335289,1.0264723,19.735126364544108,1.3223217581154216,21.103456772793464,1.788705569111661,0.0006507870337180597,4857.993816227403
1982-06-26,217.3069580975073,589.858220495358,98.76904160086569,11.523382,2.7174845,21.298792,0.951402,18.667032485846164,1.0092774017351915,19.98431165779003,1.475650110941844,12.225453405907365,4845.768362821495
1982-06-27,449.77001473421285,555.378200495358,98.51779408247138,11.8208885,2.79611,25.829325,1.1202545,19.56102074287255,1.3959041234431113,20.9210294975563,1.862286035796063,0.0005210306128502962,4845.767841790883
1982-06-28,138.96227775899732,498.4218704953578,98.78156937639403,10.6245365,2.5629227,22.6955,1.1093062,20.063792144828213,1.0318432512003974,21.447831653887384,1.4982307408061675,0.004383067397325187,4845.763458723485
1982-06-29,387.7894746926771,1153.7640244180816,99.3717020986878,10.561045,2.5017893,21.581642,1.0478975,18.809327274062614,1.0055775447100215,20.133407650472826,1.4719516576151999,9.890771491353783e-07,4845.763457734408
1982-06-30,1125.464223797488,2897.270667553263,99.98512378028674,12.779001,2.7699237,21.27814,1.2334925,18.900285272743897,1.1788970661554568,20.22871313056671,1.6452720884659688,2.070584348064637e-06,4845.763455663823
1982-07-01,969.4736841977858,1727.1149375532636,99.91847155012789,13.00419,2.8136213,20.493122,1.1199813,17.800712103779603,1.2400765758728682,19.076584122828766,1.7064412386505432,1.8571094700078094e-10,4845.763455663638
1982-07-02,595.487789814722,1289.0888675532633,99.98512377812293,12.185579,2.7027655,19.502905,1.0823134,17.19077923386652,1.1302337582916346,18.437498546685053,1.596593270804444,2.1121176026517544e-12,4845.763455663636
1982-07-03,969.4736841977456,1027.6048242537704,99.52611172451205,13.262815,2.8924558,22.027895,1.1645886,17.772922584069974,1.5266554479408818,19.04746635907074,1.9930198668143984,1.454682404528302e-10,4845.76345566349
1982-07-04,387.7894737036017,1049.8525967700953,99.51526976516311,12.105934,2.7497575,18.258827,1.0651027,16.599146254817487,1.0747667519539645,17.817587533633642,1.5411216751990486,1.7090644471489047e-12,4845.7634556634885
1982-07-05,393.4007798899389,881.285264539147,99.34339266154029,11.598934,2.613432,19.096434,1.0313586,16.782513164742173,1.0765713230534582,18.0097187550443,1.5429276258606774,5.611306186338909,4840.15214947715
1982-07-06,387.789473704587,695.9550991795344,99.14135107443937,10.420437,2.3246124,22.19642,1.0724863,17.982694780211208,1.0799240983183633,19.267264949117145,1.5462903801558252,9.870488356574674e-10,4840.152149476163
1982-07-07,388.602528684155,588.832610495358,98.94972086521207,9.540817,2.1179311,25.272959,1.0906572,19.01827266797534,1.0680464494278785,20.352339919970483,1.5344226654805249,4.980555011365886e-06,4840.152144495608
1982-07-08,387.7900418848306,596.1020004953577,98.78536448553453,9.163519,1.908905,26.58388,1.0958956,19.717839232427,1.0034489044097454,21.08534337485426,1.4698325253378377,0.0005681812306437642,4840.151576314377
1982-07-09,387.82615617074396,578.4448904953581,98.47654442652527,8.767241,1.6589988,28.315233,1.3525789,20.469377869101006,1.0483275990602916,21.872802989354977,1.5147197984536713,0.03668246714398283,4840.114893847233
1982-07-10,406.1794412953777,522.477760495358,98.21019236088853,8.556736,1.5125381,30.600477,1.6131299,20.95890605754633,1.1230984218061368,22.385728951839585,1.589496556246266,0.3380075917777593,4839.776886255456
1982-07-11,436.4369172036469,469.67800049535794,97.93711056819639,8.424675,1.3732208,32.77296,1.9284476,21.045429715446055,1.1986126852888774,22.47638814482059,1.6650118972352228,0.4817335000468722,4839.295152755409
1982-07-12,478.90683012087163,501.8519204953579,97.7125519313659,8.379972,1.2402959,32.875404,1.9408883,20.91422671222355,1.1632462900461567,22.338914086539077,1.629643871431401,0.28022641727162895,4839.014926338137
1982-07-13,467.88485779781405,495.088320495358,97.43287789416351,8.339984,1.2059832,31.60621,1.5816809,20.301726379819765,1.0023022692847292,21.69713833197404,1.4686924990528394,0.01562409421405871,4838.999302243923
1982-07-14,462.879071063388,373.862480495358,97.14304785244443,8.262819,1.1355833,35.55841,2.960976,20.458696824056975,1.4645557386218462,21.861611426869167,1.9309478115723073,0.0346873597880142,4838.964614884135
1982-07-15,442.92180940998816,286.361200495358,96.87267532439483,8.076424,1.0802981,37.303135,7.9992204,19.552621517515053,3.2087781638415427,20.91222881793803,3.6751599854762635,0.00019570638815563835,4838.964419177747
1982-07-16,436.54835583031655,231.7265704953581,96.61120054918698,8.27022,1.0576664,38.947643,8.73974,18.907719212096115,3.108296096098208,20.236502386808315,3.5746711931520236,2.126716542870637e-06,4838.96441705103
1982-07-17,431.46485794113,220.82474049535804,96.32917392507247,8.064411,0.9984794,40.36866,12.506935,19.00062320384652,4.2852728469980335,20.33384687178798,4.7516488834690565,4.237530010439735e-06,4838.9644128135
1982-07-18,336.41335593877164,218.77515460667533,95.89425083196119,8.1783695,0.967404,38.330338,7.870647,20.059922068854355,3.156383210135839,21.443776601511168,3.622770655706974,0.004199582600582268,4838.960213230899
1982-07-19,273.34591726238665,328.6768802550892,95.60526575914024,8.100433,0.9171849,34.150093,3.63934,22.322354723254858,2.030085849009258,23.814345803052877,2.4965019581044583,45.44497180169376,4793.515241429205
1982-07-20,272.7647247182109,177.20082049535804,95.39950404383445,7.7542863,0.7857131,34.675953,6.8417287,18.356301188567695,2.736113800530418,19.658728466683453,3.2024835249423593,2.6610916601212365e-08,4793.515241402594
1982-07-21,241.3462985470048,252.37776049535816,95.22897593431185,7.8011994,0.7771251,30.973013,2.346652,19.64597444282249,1.258256975117304,21.01004369396415,1.724639809570916,0.0003738554047888998,4793.514867547189
1982-07-22,231.22269777741613,214.69382049535804,95.02927209995141,7.811325,0.77648693,31.358809,2.1908655,19.1486471425649,1.1290602468322577,20.488945848782578,1.595437800466207,1.3085816129003843e-05,4793.514854461373
1982-07-23,241.14361535273883,265.5107709371297,94.78817679669133,7.9168506,0.76084775,31.10679,2.1050174,20.069471776821203,1.1610463236722892,21.453782752874787,1.6274338779332553,0.004660810195258436,4793.510193651177
1982-07-24,277.55545744287747,334.2019187522804,94.44421121263574,7.9429893,0.7471837,30.844433,1.9664508,20.454005401674024,1.1264868955114324,21.856695770533136,1.5928789129657523,0.0354031577858567,4793.474790493391
1982-07-25,268.85579940562167,317.4981355016907,94.04222128435417,8.036266,0.74430996,30.597015,1.8509334,20.252430206293212,1.0587541269970315,21.645485969863454,1.5251437837311819,0.012577524804249273,4793.462212968587
1982-07-26,273.8206027203409,337.9630278666671,93.63705858293308,8.042843,0.7403363,31.189127,1.9376315,20.829370435103865,1.1205067285856893,22.250001969439744,1.5869032658769127,0.20414558039853786,4793.2580673881885
1982-07-27,277.9004817899163,348.7950984012484,93.22106891975068,7.8299623,0.7124862,31.361664,2.0575566,20.926818881050952,1.187942640795567,22.352108117992255,1.6543403778196375,0.3115891381812383,4792.946478250007
1982-07-28,221.9559567258628,264.3459750125472,92.88849167010702,7.7029176,0.68092734,30.5395,2.1687393,20.11651921568754,1.21916962811041,21.50307889849531,1.685557719363205,0.006038966354879634,4792.940439283652
1982-07-29,165.2336944068621,341.49454429499383,92.68496185373478,7.936864,0.7145205,25.562899,1.4075617,19.81540991343057,0.9767790884554961,21.187577600881117,1.443163786629642,0.001065682619276339,4792.939373601033
1982-07-30,230.42247510634988,338.09683708192165,92.47552984681916,8.030134,0.7494074,26.670446,1.2995725,19.115475472979348,0.8303953669285191,20.454188686782516,1.296772578393168,1.0342321799368514e-05,4792.939363258712
1982-07-31,270.05420267080586,365.0842369791544,92.13319967733831,7.8862414,0.7382948,28.283772,1.4372666,19.6109556718715,0.8837852498738472,20.973351145467387,1.350167703228569,0.0002992536457472717,4792.939064005066
1982-08-01,255.55378410971568,368.7829431501629,91.77014452452245,8.064442,0.7365631,27.531796,1.4010316,19.56340966392123,0.8807685156165734,20.923532600864988,1.347150453786483,0.0002195401730889855,4792.938844464893
1982-08-02,263.76958529298423,373.4727231021161,91.48839546443092,8.035536,0.756921,28.445353,1.5000095,19.997249176680587,0.9332813213732464,21.378108159328058,1.3996680562216393,0.0030904524001695403,4792.935754012493
1982-08-03,255.68117048274382,369.8546248880624,91.20834983177996,8.148365,0.77335334,27.543211,1.4342548,19.615771892294823,0.9050161008367853,20.978397564763515,1.3713986065218438,0.000308154175333969,4792.9354458583175
1982-08-04,271.7112390061006,387.4225710059589,90.90786924129202,8.050159,0.78917456,28.017904,1.4362792,19.78670660253484,0.9047214329437816,21.15750236984193,1.371105813083959,0.0008899700837160835,4792.934555888234
1982-08-05,283.1439947548732,394.2149256309308,90.58953105021112,8.2117195,0.7986417,28.058565,1.4224906,19.76235026027425,0.892649752520881,21.131981877679273,1.3590338635305172,0.0007684277603637397,4792.9337874604735
1982-08-06,295.09713142454194,403.4545077040159,90.25387271281762,8.294718,0.8027699,28.632717,1.558081,20.041104245111743,0.9616622071289984,21.424059350119173,1.4280494388305809,0.00396556539959075,4792.9298218950735
1982-08-07,304.6378824466758,410.99954308792667,89.90518236033095,8.304949,0.8080706,28.65571,1.5399268,19.992646157445748,0.9489404843258821,21.37328513150843,1.4153271671521792,0.003004567258971435,4792.926817327814
1982-08-08,311.44996860953734,404.23022491412985,89.5531245349485,8.2665,0.7640047,27.502111,1.2874618,19.131151214873803,0.7995867311684226,20.470613675554684,1.2659641041732161,1.1641179384096553e-05,4792.926805686635
1982-08-09,350.189379691604,183.84928049535807,89.29487880453904,8.182497,0.7013305,31.305866,1.8981185,16.1429970970791,0.7990589091353302,17.339636005423248,1.2654105673427491,4.024414686773092e-12,4792.926805686631
1982-08-10,291.757314691604,180.64733549535808,89.01080693480735,8.107805,0.75103074,30.816948,2.2948895,16.79177166898941,0.992604932916009,18.019419784145942,1.458961306399402,3.977878907729018e-12,4792.926805686628
1982-08-11,241.07366469160397,177.66652049535813,88.72012379237803,8.144009,0.9264326,28.383986,1.9478742,16.73159204715662,0.9836194036601905,17.956363782103292,1.4499753195056806,3.98404313550686e-12,4792.926805686624
1982-08-12,227.95111069160407,174.43356049535805,88.42451933532533,8.511621,1.0034319,26.354183,1.4756725,16.2463633586797,0.8557743010641929,17.44794282098847,1.322126678298164,4.064561104607563e-12,4792.92680568662
1982-08-13,235.97124859656188,213.2667821991405,88.09892583129593,8.412779,1.0580536,24.672228,1.2124712,16.131627509085604,0.8001154470133803,17.327722989988654,1.266467026878682,4.0573462139384575e-12,4792.926805686617
1982-08-14,251.6821634462453,250.97511121714845,87.78552792195713,8.49081,1.0827992,23.549265,1.057728,16.009446822711134,0.7568682558898941,17.19970248445927,1.2232190031999295,4.076149809588616e-12,4792.926805686613
1982-08-15,261.61481460763787,278.81054471592,87.41573476396776,8.629101,0.9913262,24.516323,1.1212354,16.825468760999417,0.7516031198059346,18.05472748196628,1.2179597513487697,4.051816936650562e-12,4792.926805686609
1982-08-16,280.00029333383173,308.58677615612754,87.019344536588,8.636837,0.9131261,26.35652,1.3319125,17.926982916617526,0.8223849597441283,19.20889024888516,1.2887507419031912,5.857026360899564e-10,4792.926805686024
1982-08-17,281.5084723580765,313.6929781442155,86.61074006184184,8.270051,0.88396865,26.324532,1.2889153,17.785423938229375,0.7976534034546483,19.060565235225216,1.2640179319412683,1.6056861815695903e-10,4792.926805685863
1982-08-18,279.87738373454226,323.4684371699599,86.2067931656362,8.51149,0.89248556,24.633547,1.1338676,17.154918542851846,0.7354815628269088,18.399923837223515,1.2018407857741176,4.2838726009762645e-12,4792.926805685858
1982-08-19,300.2150805355679,351.679295200336,85.79661554788204,8.576796,0.9210087,24.374403,1.021816,17.099175354182076,0.6955361453406806,18.34151631468389,1.1618949210960798,4.17270474063999e-12,4792.926805685854
1982-08-20,306.6910268847896,366.94759865653486,85.37984651573365,8.386452,0.9757629,23.65407,0.99954087,16.703100463838545,0.7027107830259275,17.92651039849622,1.1690664836508184,4.019587049362369e-12,4792.92680568585
1982-08-21,302.85270990582893,376.0527274961371,84.95677936282404,8.368806,1.1048843,22.017717,1.0074104,15.929078796953172,0.7445192974709012,17.115493141794428,1.2108695064509116,4.063016787143388e-12,4792.926805685846
1982-08-22,315.12668444287294,384.3172433069559,84.46316419766644,8.559148,1.2139556,20.43711,1.0337286,15.085626714009077,0.7885136886601448,16.231726932482314,1.2548586935002493,4.139784315795637e-12,4792.926805685842
1982-08-23,316.7959357726914,387.697982830871,83.99059915901557,8.686974,1.2686721,19.28585,1.076933,14.519760919529464,0.8226234070131776,15.638814687342025,1.2889653764641302,4.190059362869931e-12,4792.926805685837
1982-08-24,319.0843186001493,388.159952709741,83.48198841710031,8.738647,1.0861015,20.874767,1.2430651,15.399366953837893,0.8399753356238344,16.56046288330759,1.3063221812229344,4.1479875778176605e-12,4792.926805685833
1982-08-25,382.5485980000042,233.926810495358,83.18815030653006,8.313869,0.95340866,23.61658,1.3556117,14.12061212092555,0.7839842543308553,15.220587940586755,1.2503243029544384,4.158261986688801e-12,4792.926805685828
1982-08-26,329.4886900000042,187.47139049535804,82.96975605637414,8.48093,0.9702335,23.979418,2.26544,14.101331412852753,1.0282680312037398,15.200385680575883,1.4946079916560926,4.183235603548963e-12,4792.926805685824
1982-08-27,300.5345241767092,218.26395372158285,82.71339073052182,8.726677,1.053286,25.025404,1.61444,15.583722123111817,0.9130284248844562,16.75362959948619,1.379376404631061,4.135866367495202e-12,4792.926805685819
1982-08-28,323.4593408619537,260.9503389281921,82.40825610042587,8.693159,1.1610626,22.242317,1.3133013,14.743122886837847,0.869971084372103,15.872852593163062,1.3363142082228434,4.17916034635348e-12,4792.9268056858145
1982-08-29,335.3622847464203,310.0030237098548,82.06927303803077,8.730923,1.2373013,18.290182,1.0706943,13.322739588023051,0.8233551147023668,14.384579828002328,1.2896918698812436,4.257938621205427e-12,4792.92680568581
1982-08-30,343.27925945382026,336.23291200634856,81.70978309658501,8.83588,1.531871,15.8414755,1.1686708,12.302354870861086,0.9660695101867706,13.315424209370684,1.4324031144391758,4.3195353997225756e-12,4792.926805685805
1982-08-31,344.508516615853,357.8918499699548,81.33917321897762,9.103323,1.5457699,19.160194,1.3196234,14.227569048927874,1.0133628071611385,15.332657044133622,1.4797033526229997,0.0,4792.926805685801
1982-09-01,294.3351051797149,317.9558978346869,80.95563951753304,8.939811,1.4826026,20.53626,1.2971402,14.961717993432165,0.9806480062524409,16.101895798622596,1.4469923151121358,,
1982-09-02,303.63093389686287,330.918253136588,80.56399017790918,8.742551,1.3865731,22.901714,1.4109541,16.12657361565091,0.990767294486123,17.32242753772365,1.4571188395750465,,
1982-09-03,261.7987031029876,263.84467574057186,80.21485865681328,8.990696,1.5213202,23.568266,1.6519779,16.307851223263242,1.1232486754223814,17.512369595313352,1.5896014861685603,,
1982-09-04,283.12593756501394,317.583965568928,79.90044839879673,9.200037,1.6266894,22.153084,1.4616337,16.048067885809527,1.0885480743522014,17.240169502354266,1.5548990829859006,,
1982-09-05,311.7614992108598,356.51224139700616,79.5427027040646,9.138962,1.6169002,21.873604,1.3005362,15.932668468165645,1.0248726450484025,17.11925438702018,1.4912228779155488,,
1982-09-06,321.7847261648418,377.7837946044153,79.17303755314016,9.172876,1.5395837,22.203508,1.3103269,16.20973045323179,1.0011073827587569,17.409558987883468,1.4674595037725255,,
1982-09-07,330.59895920106555,383.6292662938622,78.79027431828021,9.265177,1.5602977,21.45306,1.3063174,15.811583916785777,1.006939389233056,16.992382407991187,1.4732888244893982,,
1982-09-08,333.01155352157826,382.41451801523,78.40500409485233,9.212212,1.6810093,21.495676,1.5111655,15.778054422162048,1.1245998447087862,16.957250318139288,1.5909490620633007,,
1982-09-09,333.01996594866694,392.0604733054774,78.01488967283271,9.410049,1.5839082,21.797022,1.7923082,16.10784737892501,1.2117806894521514,17.302806250894694,1.678132105938485,,
1982-09-10,337.6994433626423,401.145070352925,77.61613760116497,9.447411,1.4551547,23.074429,1.9183863,16.846005257676204,1.2358014079953792,18.076245552983718,1.7021581974478865,,
1982-09-11,348.40611325143493,410.1823761910297,77.19715668243686,9.479067,1.3644127,23.88806,2.0195577,17.270267182111223,1.2590387787397572,18.520785747139893,1.725398938339322,,
1982-09-12,351.6652801514781,420.1712629557799,76.7712864842224,9.522802,1.3306103,23.94343,2.03194,17.373082781959127,1.2613882492514115,18.62851558120298,1.727749256558187,,
1982-09-13,353.92507627968763,424.2181076462285,76.34050156902448,9.56698,1.3293403,23.726446,2.0309303,17.28625607713922,1.2615302660037127,18.537538856694926,1.7278905566367828,,
1982-09-14,357.0834703967876,426.57920082509247,75.90481224186672,9.593685,1.3331767,23.628878,2.093735,17.23360652896511,1.2914920888867274,18.48237284009157,1.757851949145532,,
1982-09-15,362.0863446809447,425.8462312413695,75.46718783318357,9.771156,1.4608022,23.27766,1.7999074,17.070884773168775,1.181920918865515,18.311873540604665,1.6482794690230933,,
1982-09-16,375.4589473461384,451.5836706328126,75.0035312479861,10.074284,1.5456636,23.216822,1.7259858,17.250401800257578,1.1749665767448583,18.499970867940053,1.6413265739492713,,
1982-09-17,334.1192421847192,478.2000822709225,74.52169117690428,10.2241535,1.5726799,20.005257,1.4470634,15.982140781367866,1.0696307051769873,17.171091307680825,1.5359812687541543,,
1982-09-18,368.8373855862416,528.8729323774756,74.00600984450544,10.809551,1.6593269,17.266275,1.7870686,14.613436050576157,1.2542871284521193,15.736967169440334,1.720629575096428,,
1982-09-19,450.8871427052315,592.48001181951,73.43976936681096,10.772755,1.6914546,17.420212,1.6515626,14.547538509765543,1.189054895438028,15.667919951438448,1.655397005344901,,
1982-09-20,473.6268670247716,585.08004881951,72.86141403287692,11.781864,1.8771198,15.241044,1.1306387,13.693533110463397,1.0467108544823922,14.773096013321075,1.5130490496574494,,
1982-09-21,372.9809724905186,528.3014429790863,72.35938283205539,11.466185,1.9213402,16.011475,1.2651175,14.130480757892874,1.08725953996313,15.23092826466687,1.553599633880775,,
1982-09-22,365.67720487026327,509.8840707016091,71.8485990943244,12.000074,2.0525777,16.392284,0.9352165,14.557882709191656,1.0156303078144675,15.678758568237251,1.4819724702517418,,
1982-09-23,303.20292846453845,440.34761126500246,71.41114103232222,11.397076,2.1058133,15.666713,1.4814794,13.925652260785514,1.2276567612375953,15.016309665568969,1.6939959378904739,,
1982-09-24,250.79281940731067,396.3717767527038,71.02954188892949,11.635437,2.17849,15.595782,1.4588817,14.061047281261503,1.2292681393705616,15.158176105198987,1.6956079169746063,,
1982-09-25,341.5628954119365,513.3024777814414,70.53677066525736,11.883736,2.160354,16.850079,1.269714,14.865767926823581,1.1516587430693284,16.00135964681902,1.6180025250522452,,
1982-09-26,400.3570733115181,587.469224123356,70.01163392912592,12.292942,2.196393,17.12207,1.0122937,15.164868257853065,1.0746374618906296,16.31475595124838,1.5409829210263846,,
1982-09-27,340.4806453591869,468.8735686331162,69.60522908278143,11.673086,2.196027,16.743176,1.4614389,14.610280834840772,1.2530983802513118,15.733661145178363,1.719440810659214,,
1982-09-28,163.80544370562168,272.2821643391837,69.33547248324737,12.255112,2.1224132,16.844257,2.059297,15.12045913790101,1.5128752909023295,16.268224227167597,1.9792204945538643,,
1982-09-29,273.20600255913536,395.55675955822966,68.9141776011605,12.538189,2.131884,16.376568,1.8565549,14.80849584750693,1.4015534257090292,15.94135015788584,1.8678968982201396,,
1982-09-30,354.1696632413879,501.0100652432101,68.45161525114585,12.728458,2.1926508,16.552975,1.5428867,14.969064788618722,1.2812697027921407,16.109593745505308,1.747614052428204,,
1982-10-01,383.3348089586939,549.1021482689765,67.87764670588464,12.490517,2.2080152,17.119299,1.5016048,15.21635702092875,1.2672564170341583,16.36870570119355,1.7336021752066224,,
1982-10-02,396.091446972467,582.793908351452,67.28397756876929,12.632717,2.065463,18.056732,1.0417888,15.861984901196237,1.040767140972075,17.045192387169323,1.507116906193763,,
1982-10-03,430.4854109418011,592.11268581951,66.66704231218688,12.756092,2.1332753,16.410181,1.3180023,14.871911026673544,1.1785186821699793,16.007796365842673,1.6448624975701345,,
1982-10-04,451.5472428517158,596.0618898195099,66.04150382736633,12.860577,2.179975,16.472164,1.1663848,14.915474413473103,1.1503562697056682,16.05344193361726,1.6167003233202173,,
1982-10-05,473.7939072971518,588.67416481951,65.40573537930891,13.148842,2.199253,17.131136,1.1998507,15.35528335454208,1.1848113014611803,16.514272238657682,1.6511578816178472,,
1982-10-06,482.9050983336951,591.57318281951,64.76580824691045,12.877077,2.2188725,17.42756,1.3570061,15.382427071229728,1.246060635370419,16.542713332216845,1.7124073787057557,,
1982-10-07,467.3815821154776,591.24309081951,64.1328657484931,12.85957,2.1903732,17.699211,1.2129791,15.562514903167388,1.1807282419038732,16.73140874692167,1.6470760892058167,,
1982-10-08,486.2052463723065,586.1991858195099,63.49286239164851,12.957441,2.1820755,18.515955,1.5520941,15.995843702343441,1.3032739458500244,17.185449181437942,1.7696246015227992,,
1982-10-09,413.8752373500678,593.4548577280382,62.89718010727048,13.306547,2.085459,18.203573,1.1733626,16.191563624885184,1.10092161568426,17.390523847242093,1.5672736102036993,,
1982-10-10,412.7816970914381,588.33497481951,62.32733048286527,13.345818,1.9346178,16.046093,0.9435771,14.93271199738437,0.9714898331051344,16.071503415115757,1.437833981577993,,
1982-10-11,462.0773949389725,577.8133218195101,61.79454482570914,13.505108,1.8999001,12.802248,1.0561223,13.114565109472565,1.0281472173818147,14.166455320985985,1.4944832330291953,,
1982-10-12,496.6702061275285,578.22772381951,61.23506227744433,13.71707,2.1176357,12.895474,1.3270571,13.275102900912593,1.2112140292516307,14.33466627008586,1.6775506108297233,,
1982-10-13,375.1318263131802,489.5503543699316,60.62194121461443,13.883684,2.1124358,13.681243,0.94315195,13.76906959703492,1.0606697601222181,14.852242885742154,1.5270082679271382,,
1982-10-14,318.06295074092134,400.5890915880102,60.082745860849876,13.688267,2.0130858,13.630872,1.3941343,13.656273797753956,1.182248428756633,14.734055832828712,1.6485864721264794,,
1982-10-15,296.529810068798,421.0702827245478,59.572992918365074,13.675411,1.8992041,12.377223,1.0443186,12.913665954391528,0.9956942587797756,13.955953873031481,1.4620296077387316,,
1982-10-16,297.4538006890115,431.2901390354588,59.09030379893908,13.128811,1.7098653,10.006137,0.8117522,11.280728963556099,0.8472864635943617,12.244968075949977,1.3136181061250605,,
1982-10-17,299.24191167201496,463.0405482498562,58.56778081415812,12.723774,1.5853887,7.934092,0.78300333,9.814331518837907,0.7832970413795445,10.708481846003156,1.2496279546296938,,
1982-10-18,307.661062036431,472.8468348108893,58.03451090274954,12.715097,1.5329262,7.538801,0.935585,9.579196688581543,0.8284775194659147,10.462108374628746,1.2948085445837916,,
1982-10-19,318.25287889232635,478.2512528014485,57.48479730167879,12.798088,1.6427366,8.557571,1.2880627,10.251921235775576,1.0143858389740061,11.16698685558483,1.4807167123877847,,
1982-10-20,318.1751760760402,481.122357648421,56.93314078596987,13.035273,1.797132,9.622195,1.187321,10.980833851347574,1.0112105602562784,11.930739002518042,1.4775418535778826,,
1982-10-21,312.4269195309511,472.1862503065011,56.39553381314941,12.942408,1.576815,11.675443,1.1600968,12.179938362981359,0.9389613312702176,13.187156610874204,1.4052946375072377,,
1982-10-22,309.3430788255885,473.42724989179055,55.74225922347102,12.376955,1.3621727,9.238511,0.8682248,10.478793040023437,0.7520152141505322,11.40470235655327,1.2183461531217912,,
1982-10-23,316.64233052878046,478.49570385087407,55.145227994711945,11.916283,1.2279418,6.9957776,0.94456697,8.955236365124264,0.7498103538238292,9.808324880611872,1.2161419823528876,,
1982-10-24,324.9854643190652,485.6879558863805,54.58768753232675,11.676384,1.1647999,5.8104296,1.1803201,8.161992935757894,0.8474087791755196,8.977167126888803,1.3137418177312123,,
1982-10-25,320.0923629940368,457.0843709943268,54.069881465204226,11.588348,1.1468855,5.676231,1.5038863,8.11122872981985,1.0027184481922715,8.923976565435677,1.46905160148623,,
1982-10-26,295.8203815050018,411.5978877439604,53.56666176683643,11.614004,1.1510389,6.179372,1.5809562,8.451966521560491,1.0381715713175033,9.281000458867648,1.5045040109739345,,
1982-10-27,287.1210319586384,421.0953422956781,53.05855191238022,11.64732,1.1649649,7.0900707,1.633355,8.937644577920071,1.079921938539202,9.789892266113835,1.5462535905350407,,
1982-10-28,303.44294570701413,447.2187915613071,52.54118474506907,11.780375,1.1873474,7.857279,1.7166637,9.443127225795614,1.129753986671164,10.319535256651838,1.5960851054113034,,
1982-10-29,309.78646282021947,462.0779704544252,51.87907193457936,11.931231,1.2314306,8.762436,1.6083167,10.034226188838518,1.082262062132351,10.93888672955747,1.5485929279878534,,
1982-10-30,314.8597800615837,467.802120582319,51.22439324315498,12.023895,1.2422211,9.970384,1.4927765,10.796497980778765,1.022660130774577,11.737592507456695,1.4889912604959488,,
1982-10-31,316.3826817238969,474.1300515787236,50.56437779335656,12.448107,1.3077912,10.818202,1.1954513,11.470530075060065,0.8877220728808427,12.44384103178119,1.3540539895770165,,
1982-11-01,309.199141602794,468.5335763166904,50.08782499091728,12.465469,1.3576161,11.740048,1.140907,12.028450234023166,0.87391759754367,13.028427867188073,1.3402505587214637,,
1982-11-02,312.1753579277304,470.0563607477737,49.599724965981046,12.53623,1.3893497,13.618972,1.059974,13.186868035786913,0.8444796017617174,14.24221408002297,1.3108158686443538,,
1982-11-03,314.006327139564,474.922288561768,49.10697293039952,12.670637,1.3858557,14.704473,0.9612075,13.894973209769635,0.7994179538362516,14.984164260785619,1.2657569972336944,,
1982-11-04,338.61581634994025,379.0368835355917,48.690650282857135,12.449665,1.4893194,16.326492,1.1766208,14.497257888900862,0.9380871755607554,15.61523608877214,1.4044290318733474,,
1982-11-05,153.66377740720003,319.31577049535787,48.80359601714005,11.504026,1.1173769,13.492552,0.7458329,12.846510501489021,0.6207400182474951,13.885588619039666,1.087075154644015,,
1982-11-06,130.37773740720004,286.394010495358,48.730954196031554,10.729101,0.9748619,8.095532,0.67232394,8.919385613800625,0.5535784820807942,9.770760585924625,1.0199101588077577,,
1982-11-07,174.53355749125112,249.9027287290296,48.55085555131975,10.762659,0.9615543,6.442009,0.92340076,8.21871482233679,0.672264064584459,9.0366001257521,1.138596978422873,,
1982-11-08,185.3653514487802,302.4725137326506,48.310827874495274,10.992798,1.0009447,6.2327285,1.2921852,8.041427630573555,0.8868804849941008,8.85083921224853,1.3532138008666064,,
1982-11-09,184.84378389653165,328.7189807354943,47.9858595470058,10.49464,0.94930375,6.2401414,1.122354,7.771439492489066,0.7955060026831445,8.567946564071883,1.2618399998673417,,
1982-11-10,190.3626978330391,346.92271175847645,47.69428059941666,9.97183,0.9129305,4.8963475,1.0869069,6.694614495911733,0.7727624752308063,7.439653013600259,1.2391000191494967,,
1982-11-11,201.5466610936924,362.4834475969759,47.382460508947254,9.734228,0.9444191,4.073465,1.2219008,6.096243295685424,0.8547190048798473,6.812681715432755,1.3210590928847583,,
1982-11-12,201.3263924482515,365.889721366137,47.07098917722856,10.452723,1.0109301,5.1641297,1.3815895,7.041250793756717,0.9607327222287366,7.802857341565327,1.4270689796864744,,
1982-11-13,54.5028074072,93.73435049535796,47.173851708845085,9.374887,0.9087917,7.733542,1.505324,8.337020465696696,1.0088012466093608,9.160560374456999,1.4751339121649953,,
1982-11-14,61.5158574072,251.6071704953581,47.11713891663998,8.550753,0.82079476,4.272135,1.1640134,5.112708046511132,0.9491307128703532,5.78213684339499,1.4154758722818233,,
1982-11-15,78.14170740720002,160.23326049535814,47.00321131380735,7.9402256,0.82808816,2.5025086,1.4979373,4.285046846633423,1.042848291548951,4.914916267381402,1.509198575850399,,
1982-11-16,63.097073913536114,236.13573161727177,46.853640983843704,8.004209,0.7964915,1.6610961,1.1780912,2.998622693668033,0.9447242781864107,3.567005437325245,1.4110840831556275,,
1982-11-17,75.21805611117648,257.2410093509044,46.72578429752028,8.419052,0.8188399,1.9091454,1.2315704,3.3819959509316684,0.9707719299559917,3.968702625790162,1.437128699666669,,
1982-11-18,90.43667626724869,274.4485494332484,46.57110896081339,8.562302,0.8157328,2.682026,1.4863145,4.139450202781535,1.1360670687741312,4.762360601650622,1.6024183356412207,,
1982-11-19,104.78324019633192,278.4750399124498,46.39766975696141,8.550941,0.8215155,3.2715096,1.5669012,4.714912180849878,1.1604519173950196,5.365327695152268,1.626799442182369,,
1982-11-20,117.57442632772376,296.6427402219687,46.20658249681665,8.348787,0.8367032,3.5571618,1.434288,4.917251791730014,1.054267958196629,5.577338447769117,1.5206142572159655,,
1982-11-21,129.48339707679085,293.45546037890057,45.96040703007802,8.703518,0.91912895,4.5193543,2.1670756,5.800342607959448,1.529725778554412,6.502637986319377,1.9960672759583933,,
1982-11-22,128.7023688675559,283.3917653325766,45.78786000159852,9.026094,0.9888232,6.1590347,2.1305397,7.054454841630391,1.4973374012535599,7.816692497791583,1.9636736124246543,,
1982-11-23,62.48505036856147,283.55791492965915,45.848612741813334,9.215576,0.9766258,7.7458105,1.372347,8.011206400861173,1.1382855142100097,8.819173511062003,1.604618902201542,,
1982-11-24,86.73415811336088,320.0453320960023,45.89053651764395,7.7971587,0.9197362,7.47119,0.7963986,7.540693540006807,0.6565609275975195,8.326171743826553,1.122895573142392,,
1982-11-25,119.57958301907126,341.69936147721467,45.87220028739397,6.800225,0.87412107,4.3798857,0.92597646,5.007321945424011,0.7223920129350928,5.671713646920269,1.1887377813723812,,
1982-11-26,142.38698207894993,359.09976330785577,45.81349378872061,7.024729,0.93975884,3.0175707,1.1627767,4.155321921707683,0.8743387932242389,4.778990934486684,1.3406899518029594,,
1982-11-27,143.06652919038822,363.97988511583816,45.74123382137105,5.648344,0.88624537,1.6361558,1.3514966,2.7682215156157595,1.0018711847069324,3.3255918705490997,1.468232894676386,,
1982-11-28,149.6639471147522,374.0768233185332,45.66073818521533,5.12079,0.9853092,0.20896327,0.859017,1.6125648607433771,0.6750658872241491,2.1146987779884663,1.141438068238968,,
1982-11-29,38.782853692774765,168.00475917654026,45.90270936826612,6.8204784,0.98218375,1.8099053,3.0100877,2.7496343326272994,2.452475918154998,3.3061162837508977,2.9188377844529585,,
1982-11-30,38.7789474072,239.885030495358,46.17815701415859,6.851395,0.93274146,5.3168674,2.2882068,5.530412612997437,1.9740514203066888,6.21980626030771,2.4403942907506204,,
1982-12-01,84.33724090137825,222.81759226806312,46.33461116223717,7.427388,0.92975557,5.2203994,1.3873398,5.826384788264708,1.0382838481683614,6.529924893822488,1.5046252175125086,,
1982-12-02,108.3942993932818,256.7103563744239,46.44583911659411,7.982081,0.9817635,5.3132687,1.4735981,6.105600482481313,1.07632504287769,6.8224861437715445,1.5426650879469763,,
1982-12-03,135.55958783319727,317.32249704607034,46.50249099299254,8.373215,1.0037097,6.0869603,1.4740157,6.771296736383186,1.0756142600480765,7.520000403041122,1.54195150754022,,
1982-12-04,138.0584726238834,325.9280526432901,46.54121448520048,8.429586,1.0330917,7.4831767,1.4971712,7.764779450673637,1.0956933458725835,8.560968195023891,1.562027360916993,,
1982-12-05,119.23803293411254,315.57312734021446,46.574570015799495,8.534433,1.0249505,7.858605,1.2913629,8.043936985823628,0.978471851462693,8.853468506101756,1.4448051613939192,,
1982-12-06,91.93378914119457,274.5833256289314,46.6217881366991,8.545214,1.0119017,7.553214,1.1946462,7.80203815474336,0.9302868364083556,8.600007737785639,1.396620752188199,,
1982-12-07,101.69473408294505,291.3544182917773,46.64407160560291,7.4708776,0.9229956,6.267825,0.97900283,6.57909435454606,0.7639857250597185,7.318611404363155,1.230323728235863,,
1982-12-08,112.75850752145412,299.2287626186384,46.626542283603726,6.7900257,0.8513425,4.0853357,0.99668884,4.82559356835395,0.7604768524573249,5.481299274633639,1.2268237009386143,,
1982-12-09,114.46648330904496,302.8493999166314,46.562711784689604,4.6993065,0.85965556,1.5385815,1.1699048,2.4055436400917425,0.8811450075047456,2.9455792323273315,1.3475098391498423,,
1982-12-10,131.19698611202546,316.49663957157907,46.44529718737891,3.8674471,0.9576738,-0.38720548,0.9473088,0.8596239763652667,0.7261265510946093,1.3257698931367372,1.1925063759006762,,
1982-12-11,126.22345263451496,315.98234690129885,46.322476351570366,4.8490524,0.98709977,-0.8036872,0.85913914,0.8098337192137997,0.675476373069727,1.2735998318929096,1.1418567261927604,,
1982-12-12,133.1608707598541,319.9971659051748,46.14625202776631,3.7217278,0.9618262,-0.9883715,0.73251677,0.39569516669679516,0.5894453913184996,0.8396668722274134,1.0558302486454263,,
1982-12-13,150.46885797228094,346.85388312234204,45.94975272707352,3.356648,0.9774254,-1.1675073,0.6773059,0.2013110214545971,0.5573143907592121,0.6359918293115976,1.0237014298476375,,
1982-12-14,154.89653497837787,352.6893045722382,45.74832085161306,3.9762645,1.0130125,-0.84755504,0.3618216,0.6244973102154231,0.39845876598018715,1.079404976085231,0.8648411105936407,,
1982-12-15,145.2140785796895,351.6287015095859,45.53372912498086,4.7198524,1.0766822,-0.948321,0.46533448,0.7083370470237422,0.4555053186237624,1.1672519657211846,0.9218867574914198,,
1982-12-16,38.7789474072,320.443330495358,46.125249672409595,5.1311345,1.1381383,-0.51287115,1.0998582,0.09641344435087411,0.9887888638937101,0.5260805065967458,1.4551770982966337,,
1982-12-17,38.7789474072,681.6451304953582,46.62883294509681,3.3196201,1.0048405,0.5140692,0.4307595,0.6650862399576234,0.411145946272313,1.1219339179227932,0.8775278513877727,,
1982-12-18,38.7789474072,479.8140204953581,46.88918413506616,2.8091702,0.96910655,-0.10905206,0.4683827,0.10916452865366913,0.4393756062651236,0.5394410491418132,0.9057636946969327,,
1982-12-19,41.10969740720002,453.9715804953579,47.0511928856078,2.8561087,0.9668665,-0.07693088,0.37666664,0.16661775197447784,0.35459792305908866,0.5996403401433376,0.820985356087109,,
1982-12-20,38.7789474072,453.090280495358,47.160758213895335,3.2130694,0.9854726,-0.1777693,0.6425964,0.08956426786529334,0.5970112981806676,0.5189039628878928,1.0633996110679371,,
1982-12-21,38.7789474072,441.1549604953579,47.24921609046459,3.0159225,0.9721993,0.32329452,0.58688974,0.540860478707818,0.5451580054379106,0.9917705899297682,1.0115412616130377,,
1982-12-22,38.7789474072,421.9598604953579,47.268534209761796,2.7053642,0.9494976,0.38885796,0.4774328,0.583831062900997,0.4444919378555076,1.0367950211597874,0.9108747246932452,,
1982-12-23,38.7789474072,406.5035604953581,47.26115297451986,2.8942418,0.9778518,0.42020023,0.5486012,0.6356605862306492,0.5080130188815504,1.091101818534235,0.9743952424309628,,
1982-12-24,38.7789474072,430.0916004953581,47.26629455944592,3.475233,1.0085189,1.7359259,1.0451154,1.879779053950864,0.9622986975269535,2.394684896205247,1.4286683216601996,,
1982-12-25,38.7789474072,528.6420104953579,47.360429856810235,4.5911303,1.0530632,3.2769752,0.9527936,3.3667877549700447,0.8905900136331006,3.9527675300481895,1.3569469005492065,,
1982-12-26,38.7789474072,425.2047004953579,47.801226478728424,4.267311,0.9716133,4.2892056,0.7613834,4.287375650630302,0.7024578834211608,4.917356380248712,1.168808152203553,,
1982-12-27,38.7789474072,461.0187704953579,47.996499798661254,3.1312196,1.0004115,3.2890654,0.8314008,3.27681822331486,0.7708112342136038,3.8584977623253454,1.2371688199111703,,
1982-12-28,38.7789474072,401.4315204953581,48.28788527479837,4.3966684,1.0169643,2.877902,1.0937539,3.011692948625782,1.00141834891119,3.580700405791543,1.4677780476326232,,
1982-12-29,38.7789474072,458.2855404953579,48.55082012153577,4.5546093,0.9326318,3.3924093,0.9311795,3.4830794343955365,0.8616103546959658,4.074617554227001,1.327966352105285,,
1982-12-30,38.7789474072,424.44450049535806,48.73868492026724,3.1721625,0.9233525,2.6194577,1.0028609,2.6657276393887126,0.9221514742216216,3.2181991373961885,1.388514051138579,,
1982-12-31,38.7789474072,404.19863049535786,48.863876423952526,3.1502495,0.89488643,1.2132915,0.94415885,1.3828558433769436,0.8650602290184144,1.8740104548129113,1.3314346733031552,,
1983-01-01,38.7789474072,403.8525104953581,48.95511891273645,2.6103742,0.7064369,4.269774,2.1014526,4.124393928033871,1.9183429256876692,4.74658468843732,2.384694295545848,,
1983-01-02,38.7789474072,416.1503304953581,49.087231757881746,2.5848117,0.7742323,3.4639337,4.0288296,3.3889958462951313,3.6859962003403934,3.9760370922240527,4.15235291619367,,
1983-01-03,47.762105609789145,424.8417098418497,49.06883670960905,2.254238,0.7764241,2.3357868,1.6420336,2.327545352838055,1.4781711294785258,2.8638528935667242,1.9445366521307172,,
1983-01-04,85.39959177777277,425.34136156457214,48.99534526433076,1.8686775,0.7918256,2.6004336,1.7348421,2.478078662202227,1.4508177505798463,3.021581180546128,1.9171819458613946,,
1983-01-05,87.16739344005964,429.74221285156216,48.94051389708748,1.9790964,0.76917833,2.4322865,2.1105983,2.355864244027975,1.7594718494400396,2.8935253309522357,2.2258371204034217,,
1983-01-06,38.7789474072,483.2024004953579,48.89242509351979,2.4364753,0.7625901,3.028837,1.7688739,2.984829334136722,1.6384408710309597,3.5525528023585777,2.104800788337928,,
1983-01-07,40.646707407200005,458.7464004953581,48.82599272934154,2.5017867,0.7862901,3.9295712,2.400182,3.813360624249512,2.205754534458694,4.42068505594623,2.672108089907957,,
1983-01-08,81.79101382199451,436.0795615036519,48.73236930409291,2.1743307,0.7880039,4.234595,2.7002802,3.9092025359553255,2.2772089864312606,4.521107883412395,2.7435618566185136,,
1983-01-09,132.4978557675764,408.0232564650855,48.62596172818966,1.9925444,0.7931025,4.0534363,2.896377,3.5482501780980655,2.195015148169289,4.142903236703468,2.6613706538543136,,
1983-01-10,156.04659645842824,373.2422986997441,48.5508117598228,1.8916396,0.83663744,5.87917,23.116077,4.703553854551765,16.3027896184364,5.353426479683601,16.769137213420162,,
1983-01-11,178.1999274072,752.150960495358,48.76973642013219,2.99812,0.8183597,4.486129,14.976429,4.201114784441419,12.108850071059335,4.8269725395240215,12.575200918820649,,
1983-01-12,184.3119674072,572.2227704953582,48.804940907192965,1.8222772,0.8072689,4.5081797,9.476718,3.853822442304778,7.170635170051512,4.463080810592731,7.636988434920716,,
1983-01-13,181.5163974072,522.8870804953578,48.882198173018104,1.2439562,0.847647,3.182749,2.415849,2.6831451838925156,1.8065669127622772,3.2364491809883758,2.272929341505149,,
1983-01-14,129.3353774072,523.945860495358,48.922700494858304,1.2346357,0.8385468,3.024571,1.7126371,2.6702029680244053,1.3835685246378884,3.222888371442522,1.8499310634493278,,
1983-01-15,108.8419674072,544.1453304953579,48.7992308506861,1.5577555,0.8680928,4.809747,8.045455,4.267695051961825,6.705974681057742,4.896735116238644,7.1723250811861226,,
1983-01-16,105.08762740720002,548.744800495358,48.698480587837295,1.1761652,0.8254007,3.0891244,13.1897955,2.781662870001038,11.070652168068701,3.3396756757270234,11.53701376523507,,
1983-01-17,99.7908783952,514.358890495358,48.60224391738922,1.1637617,0.8389654,3.0998745,3.0057569,2.7852828399475555,2.521051108871734,3.343468667862736,2.9874126756937573,,
1983-01-18,96.7143883952,520.744110495358,48.49230643063405,1.1612617,0.84699774,2.8048096,1.8178358,2.54737570307481,1.5388322344299386,3.0941903830923367,2.005195827374999,,
1983-01-19,116.60483839520003,496.999560495358,48.37522214181097,1.160508,0.849434,2.7070994,1.4873453,2.413196654886841,1.2154676100617905,2.9535980350691133,1.6818323742816266,,
1983-01-20,128.93460839520003,486.1095504953579,48.34841711714921,1.1602178,0.85037434,2.5266726,1.474185,2.240216227632185,1.178703303248663,2.7723497346956942,1.6450696078273075,,
1983-01-21,122.5846183952,476.5575704953581,48.313535537317556,1.1623408,0.8435215,2.4850466,1.5074738,2.214420725801352,1.2114012077326655,2.7453212960548594,1.677767744947215,,
1983-01-22,133.9243383952,461.8776604953581,48.185548848199026,1.1663048,0.8308729,2.517056,1.4725113,2.213434221370111,1.156697518979093,2.7442876400840017,1.6230640651055073,,
1983-01-23,284.8000183952,801.5913504953578,48.22424212306931,1.7240868,0.876327,2.8872113,3.1790884,2.5822955199322433,2.356905794145932,3.1307792478281327,2.8232690856454137,,
1983-01-24,322.55316839520003,1333.7904904953575,48.88041552287177,1.6411293,0.77415085,2.4875646,3.5166636,2.3227313848884115,2.8358452881791933,2.858808834404814,3.302210853707514,,
1983-01-25,282.9751083952001,902.0714904953584,49.471081863019855,1.5181679,0.83844054,3.1586266,1.1656891,2.7669044251777706,0.9096426046799018,3.3242118276904233,1.37600432571381,,
1983-01-26,228.2964183952,900.5707804953578,49.82299476583695,1.2344445,0.81907904,2.9787536,0.8347122,2.6259932835770905,0.6861975953978984,3.1765656152018713,1.152560511640378,,
1983-01-27,125.23223839519994,907.666000495358,50.08208995649609,1.1664346,0.83046174,2.5843425,0.84880745,2.412430315263282,0.7526602661670586,2.9527950670311496,1.2190250371355495,,
1983-01-28,64.07962839519996,893.4652304953581,50.29017633261397,1.2123852,0.837947,2.1177487,0.7459107,2.057161121067475,0.6982491544069223,2.5805452197797694,1.1646171263214307,,
1983-01-29,106.97083839520002,762.6970604953581,50.457755371213395,1.2228315,0.8396989,1.664822,0.77071464,1.6104562942353116,0.6837610139250392,2.112489429209089,1.1501332154406954,,
1983-01-30,68.62066839519997,756.2364104953581,50.59391917347605,1.3871439,0.858151,1.2544417,0.74961376,1.265481356832936,0.6909506745442797,1.7510258690367104,1.1573262985843298,,
1983-01-31,68.5878083952,781.5337804953579,50.71497330070177,1.8825793,0.82051736,1.4033829,0.86926794,1.4420444645019426,0.8018726428336423,1.9360280897015056,1.2682464981761399,,
1983-02-01,59.12457839519998,738.9486604953579,50.73199353181961,1.9414752,0.8360818,1.8313857,0.8645659,1.8395416130138695,0.8029080328302775,2.3525242431362754,1.2692780367601753,,
1983-02-02,218.74200839519995,769.2076604953579,50.79007960857997,1.9694172,0.9018423,1.4732496,0.91367376,1.5831060724447874,0.7388696825312685,2.083831960309034,1.205242150423993,,
1983-02-03,1167.4143683951995,6032.318630495358,53.70756337433308,3.582043,0.9628162,2.1590214,0.8954383,2.3897599077335645,0.766316805963798,2.9290410915164227,1.2326817768796219,,
1983-02-04,1192.4169474072005,5528.128930495359,55.57963610762802,2.738987,0.8436102,1.453229,0.8797611,1.6813591767307154,0.7389839247722071,2.1867812271183946,1.205355439713292,,
1983-02-05,943.4223474071996,2576.3693304953586,56.389863337992786,1.4588709,0.7409621,0.228418,0.7487574,0.5582206812048982,0.5829396130310968,1.0099605507633254,1.0493226793387962,,
1983-02-06,552.3054474072,1510.867890495358,56.693861840788706,1.3426327,0.7667704,-0.6315094,0.7112987,-0.10303738374349432,0.5598704618919009,0.3170966107080148,1.0262610037518305,,
1983-02-07,302.7657974072,1447.9468804953578,56.942393752311226,1.3633196,0.83316404,0.019122481,0.9346491,0.2515860536694507,0.7863260772106729,0.688669836209721,1.252712547871808,,
1983-02-08,180.7366874072001,1258.1067904953582,57.17033859700521,1.2278776,0.81995666,0.0282861,0.6042581,0.17896975643699076,0.5383011607427655,0.6125827281959436,1.0046884533568972,,
1983-02-09,174.20371740719995,1090.743560495358,57.32719685921729,1.161124,0.84744227,-0.32393444,0.41925684,-0.11941785001932793,0.3798893893355174,0.2999332141380191,0.8462801227230148,,
1983-02-10,167.2477874072,949.768860495358,57.432990475010826,1.1589704,0.85442704,-0.3873664,0.36922076,-0.15583772211718414,0.3390038862897684,0.2617725966489901,0.8053950466136299,,
1983-02-11,157.54096740719996,896.8205804953582,57.50845600655651,1.1596919,0.8520802,-0.60691035,0.33941194,-0.3429475427555826,0.31552457740032486,0.06571956618700092,0.7819179550514177,,
1983-02-12,188.8213974072,855.6064004953582,57.55653835639178,1.1644924,0.8366325,-0.6472925,0.3715683,-0.3197411308509462,0.3399011098103167,0.09003516525352828,0.8062942102816384,,
1983-02-13,256.4153774072,806.8425004953581,57.58530652087687,1.1881951,0.84396374,-0.607638,0.40274408,-0.17455470675065593,0.3671881599502924,0.2421610041308496,0.8335795402762334,,
1983-02-14,263.2436974072,735.343270495358,57.589121073444815,1.2975181,0.84077996,-0.67756355,0.54627156,-0.15690002911887388,0.4592856133995482,0.2606595150039344,0.9256767861991948,,
1983-02-15,203.50531740720004,704.8778904953579,57.65229690372404,1.6293154,0.8774421,-0.47958338,0.73602176,-0.007126265859320027,0.6040127073535234,0.41759195217129763,1.0704021339356673,,
1983-02-16,183.4430674072001,667.4593804953579,57.737758991131514,1.8623904,0.84908676,-0.23006189,0.8826014,0.2210425440169864,0.7161152486870042,0.6566664512036335,1.182502064339322,,
1983-02-17,182.5893474072,634.5528304953582,57.8161701590412,2.6679478,0.8152051,-0.14775062,0.8904248,0.4814134933790043,0.7150515038817437,0.9294822419115907,1.1814354128350977,,
1983-02-18,185.92522740720003,659.1578504953579,57.924802774389704,2.9048011,0.7992798,0.42120445,0.87533784,0.9676161439036162,0.7050381219293902,1.4389237171306626,1.1714168105882525,,
1983-02-19,181.0323674072,669.6966004953581,58.049604577861615,2.8007507,0.77219594,0.522786,0.8861901,1.0075295295597912,0.716703179115955,1.4807448261841194,1.1830814512353314,,
1983-02-20,181.6781474072,635.1675204953581,58.17642514570884,3.295283,0.7889173,0.54327595,0.8770062,1.1553616572603151,0.704159666705261,1.6356428242498802,1.170536411903872,,
1983-02-21,123.4515474072,722.483190495358,58.32232422537291,3.8291063,0.77178425,1.1757116,0.876774,1.5629349798758747,0.7572449345152172,2.062696758466758,1.2236175994120322,,
1983-02-22,110.05726740720002,859.757360495358,58.51490499632206,3.7888443,0.759261,2.0233617,0.8795107,2.2237135770334784,0.7844477681844243,2.7550583138098586,1.2508142215040103,,
1983-02-23,153.4750274072,949.091690495358,58.740477783519395,3.553083,0.75668037,2.5156207,0.8931181,2.660033325215218,0.7759795454518781,3.2122326544702404,1.242342170886607,,
1983-02-24,167.65704740719997,957.836730495358,58.93994227308005,3.3845103,0.7743958,2.524278,0.86929387,2.652420807535678,0.7487408565540183,3.204256284467708,1.2151035469082785,,
1983-02-25,155.66640740719998,885.1631604953582,59.10575777300693,2.91663,0.7718895,2.3642068,0.8843571,2.446827177197705,0.7609012227824534,2.988835981386247,1.227265691501549,,
1983-02-26,196.4363074072,740.319100495358,59.23745256141787,2.080171,0.82927334,1.3705404,0.8723821,1.5193489580526387,0.7110375777984197,2.0170274737917335,1.1774106699736542,,
1983-02-27,216.5190274072,634.3094304953581,59.34399542988237,2.979281,0.808484,0.8917036,0.84836054,1.4229507821451348,0.66509246777881,1.9160217945965305,1.1314665126707413,,
1983-02-28,133.48016740720004,738.9082704953578,59.46514888889892,4.3504844,0.8180689,2.30373,0.8518893,2.616894540421886,0.7323218962088919,3.167031983226346,1.1986848904073422,,
1983-03-01,137.2710974072,734.152230495358,59.53937577306133,4.3242235,0.84298694,3.2820215,0.8567765,3.446194556579477,0.7339258162118487,4.03596970533598,1.2002820940762375,,
1983-03-02,293.6076774072001,747.5266504953579,59.70064467347189,4.6487093,0.95584625,4.354528,0.8346639,4.437489293202024,0.6571147353165158,5.074644941797547,1.1234640168329835,,
1983-03-03,348.39389740720003,771.5851004953579,59.87500321199176,4.5666695,0.91433406,5.3596764,0.8209766,5.112994267915724,0.6330823362602166,5.782436745204322,1.0994274940349098,,
1983-03-04,345.14946740719995,687.165050495358,60.01946478596215,4.9379,0.97585005,5.1763597,0.84222203,5.096631820474919,0.6486583333377354,5.765292228708074,1.115003584832623,,
1983-03-05,289.6709174072,721.681670495358,60.21953015978482,4.979101,0.9875198,6.0176206,0.832666,5.720168551354618,0.6580610212109679,6.418631883870138,1.1244029177326598,,
1983-03-06,261.4828074072,692.8332304953581,60.43473348779072,4.9732385,1.0071816,6.4454546,0.83218706,6.042067049416858,0.6642114414938013,6.7559160297847844,1.1305517800557487,,
1983-03-07,310.59083740720007,631.655300495358,60.821475584703556,5.266613,1.2999086,6.937257,0.90859586,6.386565610417448,0.7447146626357319,7.116880444391784,1.2110534651379798,,
1983-03-08,272.61047740720005,642.021400495358,61.30608173618961,4.24187,0.92273164,6.795653,1.6228132,6.034485446701776,1.171855906344277,6.747972052376334,1.638196280237759,,
1983-03-09,170.66035740719997,1070.9292804953582,61.98676950754736,4.011838,0.88238895,5.145186,0.91112834,4.989403741433059,0.7951949957455141,5.652939014028866,1.2615408689954333,,
1983-03-10,401.4191174071999,1170.8689304953584,62.64631891407868,4.343647,1.0090923,4.86331,1.0122485,4.73063531264461,0.7966220003107082,5.381802338899951,1.2629694281698802,,
1983-03-11,438.7401474072001,1457.3681304953584,63.36342701323946,3.770459,0.8385255,4.216717,0.88602346,4.113457248822949,0.7081075167419404,4.735125273345284,1.17445896157404,,
1983-03-12,272.92839740720007,1639.7277304953582,64.070296172223,2.983098,0.7841333,3.460134,0.8833927,3.3920628957985404,0.7655572494328305,3.979250736209541,1.231913941705792,,
1983-03-13,217.3681474072,1477.6419304953586,64.66551178963971,3.3556268,0.813756,3.2390099,0.85328007,3.2539648204698994,0.7511398455175797,3.8345520449448456,1.2174976101888069,,
1983-03-14,183.3461974072001,1454.0396404953576,65.21275185009841,4.384646,0.8424722,3.9777875,0.8507851,4.02334544862657,0.7613851656042943,4.640706437131297,1.2277372333841146,,
1983-03-15,72.81881740720007,1504.206760495358,65.73252559731006,4.5131774,0.8059858,4.6252503,0.86248535,4.620075395355938,0.8235016583833316,5.265958035495052,1.289849773805423,,
1983-03-16,41.61055740720007,1375.576190495358,66.164284629205,4.9608345,0.89082843,5.0308394,0.83740073,5.0287840016213075,0.8132342356955742,5.694201516039427,1.2795798790737531,,
1983-03-17,38.7789474072,1295.219290495358,66.75125811351134,5.2765875,0.949164,5.407017,0.8289578,5.403225675596291,0.8053330475768581,6.086540222065584,1.2716765938593404,,
1983-03-18,38.7789474072,1412.0119304953585,67.39171363147076,4.3906393,0.8794836,4.9720707,0.9038318,4.956529310581724,0.8799868400698456,5.618493297758456,1.3463329065737621,,
1983-03-19,1147.2153474071995,905.7959304953577,68.64246765175808,6.630581,1.7051076,8.465753,1.2159423,7.440265230228234,1.0934586487140339,8.220943304137567,1.5597935954672089,,
1983-03-20,1014.2992474072,1778.9027304953586,70.13026801701291,5.4648385,1.1151438,7.866068,0.92299736,6.9941061829605955,0.7138075531165446,7.75345937952894,1.1801439774662272,,
1983-03-21,1179.6318474072,2573.003930495358,71.86091816934116,5.3116374,1.0530125,5.8930206,0.9021051,5.710264238843773,0.7015332804991748,6.408254179077473,1.1678752268361086,,
1983-03-22,856.8348474072003,4652.211130495359,74.12701159521629,4.134831,0.8082023,3.6573398,1.5201036,3.731605128774687,1.289818176284954,4.335021927254888,1.7561723245818528,,
1983-03-23,689.4603474072,3323.110130495358,75.7391252881985,3.582446,0.6958316,2.2442908,0.9191099,2.474219499655226,0.7705164417720471,3.0175375632212673,1.2368806707592268,,
1983-03-24,376.8147474072001,2509.419130495357,77.04777473610375,3.6243813,0.7688758,2.0408838,0.7974637,2.2476186613358644,0.7005789146391617,2.7801059794264558,1.1669451525997028,,
1983-03-25,198.0543474072,1911.6648304953576,78.12653558103506,3.780194,0.8010632,2.0591052,0.7373462,2.220676015134273,0.672345092295424,2.751875566835257,1.1387115730269617,,
1983-03-26,194.7198074071999,1532.768230495358,78.70926524370306,4.311864,0.86828935,2.2489457,0.7775778,2.481474693330106,0.6968378397894288,3.0251395303531683,1.1632020054243881,,
1983-03-27,288.3450874071999,1424.0827304953582,79.18195676147882,4.0689826,0.89137524,2.0029035,0.9177988,2.3507976990419786,0.7778741756811567,2.8882166224350265,1.2442394916069328,,
1983-03-28,830.2859474072001,2596.739330495357,80.0579288252661,5.5220394,0.9997538,2.7653265,0.9046568,3.433211854588817,0.7270157121051746,4.0223664745693135,1.1933720890540451,,
1983-03-29,611.8864474072001,2117.2897304953576,80.83863499864117,4.5903673,0.88424146,2.7728553,0.8727091,3.180344908716797,0.7054742347335355,3.7574133530670237,1.1718325800112552,,
1983-03-30,442.4790474071999,1590.2150704953578,81.36834072038762,4.476841,0.8733254,2.7055945,0.8505223,3.091161373141183,0.6920047334971056,3.6639671493495602,1.158363790426499,,
1983-03-31,344.6693974072,1518.1183904953582,81.750628588238,5.0151014,0.8687109,3.3694487,0.8559107,3.6739418266210944,0.7158225277022567,4.274602516370491,1.1821770987398728,,
1983-04-01,277.16721740720004,1413.585330495358,81.97634145174185,5.979986,1.0034788,4.606913,0.83687454,4.832002711048389,0.7187623662543758,5.488014752440314,1.185109176002456,,
1983-04-02,261.7595974072001,1164.280790495358,82.15315696218862,5.778841,1.0542567,4.934159,0.83527696,5.089206077580558,0.7088812356633745,5.7575115606869955,1.1752265297921571,,
1983-04-03,504.9000874072,1567.884890495358,82.51290126281732,5.715007,1.0750854,5.1544056,0.8696593,5.290959850722075,0.7080322592664575,5.968908474523905,1.1743764174730398,,
1983-04-04,533.0152774072,1648.2971304953576,82.90515918112298,6.0260196,0.95567834,5.7714233,0.9024117,5.833635282279779,0.7207809040311368,6.537521936666907,1.1871222378597381,,
1983-04-05,438.4719774071999,1347.113430495358,83.24956382392004,6.1756196,0.95470506,6.759363,0.8748424,6.616017917872267,0.7004146571440109,7.357299787799469,1.1667525118686628,,
1983-04-06,369.9125474072,1180.7172704953578,83.5484380859346,5.909253,0.9267832,6.7688575,0.87097,6.563793424214064,0.6990764319321902,7.302579141864904,1.1654144970828186,,
1983-04-07,334.4383974072,1123.5561804953577,84.12231304729507,5.9402866,0.9441141,7.4972234,0.9905619,7.140089382098822,0.793469743424322,7.906420076567372,1.259805659244791,,
1983-04-08,382.2127974071999,1625.427230495358,85.01502650037652,6.0634575,0.96744984,8.866821,1.1182182,8.333119278106807,0.9238779633141044,9.156472723435856,1.3902106368017486,,
1983-04-09,520.4339474072001,1257.6682304953583,85.80572297331169,6.183541,1.036307,10.706905,1.0410442,9.382958690604937,0.7963657941878179,10.256490871154895,1.2626969610792629,,
1983-04-10,809.4795474072001,2172.5128304953582,86.93128569494071,5.849317,0.79644114,8.8228,0.9487109,8.015630162591894,0.7242019720647247,8.82380871348158,1.190535349434262,,
1983-04-11,843.1100474071999,5772.384130495359,88.96305938835654,6.117171,0.79529476,8.459758,1.4209139,8.161207374834959,1.2439619732799405,8.976344018839058,1.7102950135887207,,
1983-04-12,724.7936474072002,3944.064830495358,90.47705450288,6.08982,0.79894423,6.449908,1.1019036,6.394007734094843,0.9390705945039726,7.124678276141331,1.4054093653208777,,
1983-04-13,413.0469474072,3105.613730495358,91.76203551082041,6.569425,1.0039817,5.7723074,0.8936948,5.865879088981309,0.7975421165454835,6.57130688710883,1.2638832931604627,,
1983-04-14,238.9585474072,2293.108330495358,92.81602759504085,6.173844,0.9857712,6.3905373,0.9252154,6.3700872727197035,0.8430487668286342,7.0996144984804666,1.3093876397139246,,
1983-04-15,900.0444474072,2443.497730495358,93.971878822417,6.416005,0.85158914,6.6764603,1.0013531,6.606348635255964,0.7668646701611438,7.347168346526895,1.233202563610524,,
1983-04-16,2815.6575474072,7599.9218304953565,98.55157832565519,5.7455354,0.78562546,6.140309,1.2559816,6.033589211577742,0.9407370752047086,6.747032980276998,1.407077453279141,,
1983-04-17,3429.1688518890824,7786.921330495356,99.92991306759227,4.9436316,0.7894878,6.5861273,0.93304634,6.08395631344364,0.691289309388292,6.799807457440761,1.1576294539243286,,
1983-04-18,3809.27422195968,6493.125030495358,99.92991306759227,4.66858,0.80987227,4.764399,0.9957068,4.728970330246272,0.6953308607176805,5.3800577760344295,1.1616782988275625,,
1983-04-19,3022.867145793276,5558.877930495359,99.92991306759227,4.308649,0.6170924,4.3754835,0.918021,4.351941487262991,0.6331362272019417,4.985008243165173,1.0994860681899485,,
1983-04-20,2566.874286191902,6624.201635584664,99.92991306759227,4.095886,0.54829425,4.4871745,0.9671481,4.377895920046691,0.7136653424947654,5.012203209115144,1.180015012859711,,
1983-04-21,2146.149334839529,5958.49672389613,99.92991306759227,4.0639167,0.50486934,4.474908,0.9552916,4.366075426777481,0.714937088904425,4.999817736674001,1.181286836881131,,
1983-04-22,1934.18993492228,5049.578381855725,99.92991306759227,4.6979237,0.5039778,5.5366073,0.96960044,5.304329601871575,0.7148244875251977,5.982917254076143,1.1811685721015643,,
1983-04-23,2026.055514582913,5985.187370961249,99.92991306759227,4.6112037,0.50353384,6.2519565,1.0468246,5.837007585324078,0.7923808141762123,6.541055424269081,1.2587221315065373,,
1983-04-24,3135.9268145829133,7729.093874009973,99.92991306759227,4.79218,0.71210223,6.701138,0.86173695,6.1501632335327745,0.6465549549178213,6.869178841993122,1.112894796884167,,
1983-04-25,6167.662814582913,9596.03323053339,99.92991306759227,4.738958,0.5659737,4.4671583,1.033193,4.573501909914747,0.6667927712421358,5.217158496653267,1.133141180485625,,
1983-04-26,3973.499814582912,9267.782823261536,99.92991306759227,3.9589112,0.69306856,4.7939825,0.9979845,4.5433907884394795,0.728810434635386,5.1856081665012015,1.1951590351633867,,
1983-04-27,3325.221014582913,8157.189742102677,99.92991306759227,4.7198567,1.0015148,5.6070676,1.0685396,5.350137902555909,0.8126183690830007,6.030915034945346,1.2789622029329635,,
1983-04-28,3044.1705145829133,7200.477004420399,99.92991306759227,5.9076095,1.2480209,6.6392612,1.0605297,6.4218528106801465,0.8325516110089509,7.15385425220378,1.2988902638354631,,
1983-04-29,2549.238814582913,6144.235052103147,99.92991306759227,6.4362044,1.2771485,7.574353,1.070696,7.240607111164258,0.8443305744155905,8.011742209479468,1.310666154254445,,
1983-04-30,2869.8497145829133,5199.6186855792575,99.92991306759227,6.712134,1.40014,7.6378536,1.0805374,7.308627904686814,0.8559911629822714,8.083014164414953,1.3223265220168878,,
1983-05-01,2121.218114582913,4521.156738340682,99.92991306759227,7.072405,1.7042633,8.682124,1.0620265,8.168066174550747,0.9048494820918049,8.983530645735625,1.371182507118049,,
1983-05-02,2859.9376145829133,3567.8817945312303,99.92991306759227,7.2481494,1.979092,8.892027,1.1069437,8.160614455643053,1.0737363480048951,8.97572276013657,1.5400693896373239,,
1983-05-03,1910.4813145829128,3446.445590404197,99.92991306759227,6.986734,2.2165732,9.402477,1.1085557,8.540932461807929,1.064692382103059,9.37421866694406,1.531024657292709,,
1983-05-04,2390.858022037792,3836.176841908422,99.92991306759227,7.0592375,1.5756787,8.834367,1.0095601,8.15280932146513,0.8676465398838609,8.96754456722546,1.3339795989781622,,
1983-05-05,1652.905522037792,3025.894741908423,99.92991306759227,6.496441,1.4454784,8.663596,1.0805659,7.897993284171153,0.865521106343874,8.70054919439388,1.3318547737903157,,
1983-05-06,1279.332348268944,2559.643930856364,99.92991306759227,6.372602,1.6488703,9.062774,1.0780902,8.166278531918863,0.9047827339897292,8.981657559896687,1.3711157629939512,,
1983-05-07,1012.8349566899736,2267.046140686112,99.92991306759227,6.7019506,1.9037744,10.159218,1.1230011,9.09160560820766,0.9737173772946347,9.951212107359718,1.4400488359193486,,
1983-05-08,944.4431329748592,2079.483998305603,99.92991306759227,6.645352,1.471268,10.228399,1.18176,9.109329816497736,0.933585108045886,9.969783472218884,1.3999165461496905,,
1983-05-09,1063.861693683803,2345.5964438598417,99.92991306759227,6.321579,0.7545028,9.279897,1.0745269,8.35680549639893,0.7758235703075212,9.181291061995056,1.2421561959036507,,
1983-05-10,777.7936765116469,1862.51113571927,99.92991306759227,6.038913,0.93382734,8.636358,1.0095471,7.871190290246552,0.7634348132568504,8.672465108981132,1.2297685490098984,,
1983-05-11,669.2196111882388,1549.174187769923,99.92991306759227,6.287607,1.17868,8.823298,0.9997781,8.058360181931105,0.7835055303954852,8.86858108167994,1.249838806317272,,
1983-05-12,557.840868915969,1311.516731622126,99.92991306759227,7.117913,1.7112155,9.258909,0.98529273,8.620007753054928,0.8594269245083251,9.457073486807305,1.3257590611146781,,
1983-05-13,496.5551840146819,1174.74125822077,99.92991306759227,9.491249,2.3318977,10.184761,0.9926492,9.978713244204599,0.9832737025028276,10.880720455931558,1.4496045751045532,,
1983-05-14,330.6307272869616,879.1739099446658,99.92991306759227,11.480022,2.7875721,11.267348,0.9868291,11.325470571159766,1.0462591677681312,12.291848179455565,1.5125908712159029,,
1983-05-15,370.5866640861272,928.289248599217,99.92991306759227,11.296537,2.7143798,12.552701,1.0970337,12.194300727018412,1.1020355724308062,13.202205446816944,1.5683689127446012,,
1983-05-16,475.7597649478812,1442.3687418679683,99.92991306759227,9.134203,1.9658275,11.581488,1.0693254,10.974479528303485,0.9403812376331855,11.924080964553612,1.4067125246684757,,
1983-05-17,362.6638196450815,1305.30149724464,99.92991306759227,8.707275,1.7349421,9.850487,0.9710437,9.601919596328724,0.8483891822840469,10.485917359691866,1.3147201938309856,,
1983-05-18,262.9811888074612,972.74346498304,99.92991306759227,9.287737,2.0182183,9.617455,0.95491457,9.547285550914856,0.8657488004911889,10.428671993664357,1.3320798456645961,,
1983-05-19,230.63270916146416,823.2125758465211,99.92991306759227,9.4166355,2.0699098,10.440913,0.9561524,10.21675132266841,0.8735361995659159,11.130135940853474,1.339867068087427,,
1983-05-20,356.3137897677325,941.76488611816,99.92991306759227,10.248936,2.3225377,12.736728,0.99550194,12.053845684725887,0.9633630370463986,13.05503713362438,1.42969605423861,,
1983-05-21,351.76256932773447,904.0339226313566,99.92991306759227,10.833225,2.473161,15.051465,1.0251528,13.869889138990704,1.012202801923406,14.957881257169062,1.4785417371672853,,
1983-05-22,367.77284087676,794.9887537930283,99.92991306759227,11.0381565,2.4621112,16.050558,1.0635843,14.465172764928925,1.0654760077104994,15.581617405551853,1.5318177037104694,,
1983-05-23,673.5268594105361,1446.804900892673,99.92991306759227,12.278013,2.8265152,15.889893,1.082783,14.74257318222595,1.1627583578190293,15.872276614549786,1.6291014787586957,,
1983-05-24,555.0699914203402,1291.09856410874,99.92991306759227,12.164768,2.6599307,15.447549,1.0614387,14.460546341360502,1.091144399519877,15.576769854751497,1.5574860725011472,,
1983-05-25,345.0086642992821,858.1327729135874,99.92991306759227,11.543259,2.625626,15.769122,1.0772641,14.557328180278295,1.075753585062358,15.678177534737396,1.5420957446804933,,
1983-05-26,326.1775979166427,936.7333977636612,99.92991306759227,11.179581,2.5051074,15.9022455,1.0479345,14.682502027122826,1.0113256965062745,15.809334263575705,1.47766850140918,,
1983-05-27,368.4357905428207,1982.573500095904,99.92991306759227,10.705299,2.3289092,14.085787,1.0769678,13.556017512259274,0.9787837551671512,14.62900763959635,1.445121397948077,,
1983-05-28,440.5998066595831,1543.1931632679584,99.92991306759227,10.525864,2.2457879,13.374952,1.0446856,12.74217060182666,0.9535242676934278,13.776261628841548,1.4198590840631975,,
1983-05-29,475.2794641946996,1449.9318179850611,99.92991306759227,11.061607,2.3774092,12.6396055,1.0834025,12.250043021897975,1.0051013800488757,13.260612032846247,1.4714348548540759,,
1983-05-30,722.3169948856853,2178.2909114893605,99.92991306759227,13.205217,3.1064255,13.150506,1.1632189,13.164130381557964,1.1668343261346834,14.21838964364666,1.633170513364951,,
1983-05-31,637.7719004629699,2123.5899709120235,99.92991306759227,13.542683,3.1108315,13.718655,1.1779498,13.678011648257646,1.1562241668863231,14.756832678279354,1.622562298629508,,
1983-06-01,529.154205679111,1721.062528608101,100.0,13.319235,3.055856,14.073546,1.1500658,13.896164769375181,1.1358368615254353,14.985412772867168,1.6021759100783624,1.4046170467327194e-12,4859.999999999998
1983-06-02,447.34304751853784,1381.8130565693232,100.0,12.985985,2.9760115,14.174129,1.1288929,13.883553093848912,1.1211622308318958,14.9721983023616,1.5875012249006382,1.3933712058425538e-12,4859.999999999996
1983-06-03,471.58514803399896,1274.2374462899593,100.0,13.200771,3.1676986,15.2859955,1.139911,14.722730496784784,1.1934739972226738,15.85148551657336,1.6598170133127046,1.385980750754047e-12,4859.9999999999945
1983-06-04,1063.274528019741,1951.3169490172584,100.0,14.709282,3.508407,16.063236,1.1275616,15.585683922633468,1.4366534446207357,16.755685166318898,1.9030014366452854,1.417274641961041e-12,4859.999999999993
1983-06-05,829.6478375267179,1476.5346802072054,100.0,14.908297,3.574112,16.682468,1.1197431,16.044211116717488,1.4721450581965683,17.236128392883334,1.9384960406573466,1.4135256805693914e-12,4859.999999999991
1983-06-06,769.9082636867222,1145.649870934826,99.99999999999999,14.813503,3.6634023,17.880682,1.145749,16.647910088275356,1.6240527647152325,17.86868211163997,2.0904080510821816,1.398674737710778e-12,4859.999999999989
1983-06-07,1170.0435803262721,1810.3769070149087,99.99999999999999,15.16572,3.5905373,17.711184,1.1414351,16.71189391339486,1.570851783929172,17.93572414488242,2.0372075508792493,1.408508739376177e-12,4859.999999999987
1983-06-08,849.6135639573965,1125.704119920696,99.99999999999999,14.489445,3.3191564,17.18288,1.0642309,16.024393593813464,1.5511041845379676,17.21536366012731,2.017455032780761,1.4015322162748747e-12,4859.999999999985
1983-06-09,750.411594657697,845.270568992622,99.99999999999999,14.143219,3.2384312,16.853193,1.0535876,15.578756447243368,1.622000893077265,16.74842658128554,2.088348841765801,1.400133829098979e-12,4859.999999999984
1983-06-10,562.8967285790183,760.5586504953579,99.99999999999999,13.855682,3.282676,16.977428,1.0478337,15.649676345629322,1.5205182872547522,16.8227362083868,1.986866682190045,1.3896190363879788e-12,4859.999999999982
1983-06-11,481.4520498131064,765.8226704953579,99.99999999999999,13.4886055,3.2516704,18.05257,1.0532892,16.290865248285144,1.4119689886290543,17.494571748794954,1.8783216791855861,1.364549640939106e-12,4859.99999999998
1983-06-12,410.52415000000866,685.3974604953579,99.97463410898563,12.941299,3.1045358,20.18339,1.0715176,17.470556094707852,1.3422002692152266,18.730647785105244,1.8085620913451752,8.616292026906809e-12,4859.999999999972
1983-06-13,411.0236828846059,633.796410495358,99.99999999999997,12.139763,2.8492768,22.537188,1.1091863,18.44692570354281,1.3073226861819274,19.753684523689973,1.7736932697020973,5.5806866067415996e-08,4859.999999944165
1983-06-14,414.873134615044,586.480650495358,99.99999999994166,11.225916,2.5897715,24.47352,1.1329088,18.984875573239044,1.2615650796408133,20.31734655826805,1.7279409561818717,4.795752429244606e-06,4859.999995148412
1983-06-15,373.12385954827744,675.9644004953581,99.9999999949304,10.375404,2.3639178,24.750135,1.1275165,19.637548293681895,1.111162348806913,21.001214803697987,1.5775450914331421,0.0003409378126088042,4859.9996542106
1983-06-16,1124.7109145673694,731.328000495358,99.27180762242183,12.212982,2.7258265,32.964573,5.8348055,20.38965306087099,2.8309152925534327,21.789267607817187,3.2973065513059843,0.026250369769503686,4859.9734038408305
1983-06-17,168.04307000001603,1278.952960495358,99.68098764809585,10.207838,2.3345454,18.511087,1.0081456,17.54681143903863,0.9313994338664267,18.81054787422918,1.3977619010237636,1.609755181603989e-11,4859.973403840814
1983-06-18,556.8870637240105,933.875260495358,99.63094030807406,10.294382,2.3264632,23.121353,1.0849105,18.3297279984911,1.1032606479486915,19.630885168957104,1.5696301222309583,2.041065635570207e-08,4859.973403820403
1983-06-19,488.80400370434813,1134.251150495358,99.74466050929706,10.079197,2.254834,21.353231,1.0632943,17.957910459413082,1.0066238191462777,19.24129602250583,1.4729898782554827,7.482115054499748e-10,4859.973403819655
1983-06-20,680.3281737059746,629.067510495358,99.69149557694345,10.395145,2.3076005,26.398554,1.286087,18.083596220879205,1.3488108447966816,19.37298913373475,1.8151780406520222,2.3745914315476613e-09,4859.97340381728
1983-06-21,654.2531437185456,683.7529304953581,99.56748103881726,10.080406,2.234662,26.151163,1.2329664,18.292945239262227,1.261340763266826,19.592344319572664,1.7277098926505943,1.4945698173093433e-08,4859.973403802334
1983-06-22,607.2477637770813,669.398460495358,99.39553363385643,9.447502,1.9535682,26.679903,1.3404089,18.483163237853905,1.165093955651374,19.791654088269322,1.631464885326905,7.348158545470677e-08,4859.973403728853
1983-06-23,565.4782759110997,612.5199404953578,99.11621814240658,9.031206,1.716463,28.038115,1.5289608,18.914167115372468,1.144966322589804,20.243258477820223,1.611341484524163,2.207499665877863e-06,4859.973401521353
1983-06-24,536.3382305283276,463.6347904953578,98.88291351658545,8.741612,1.594795,31.283308,2.1650743,19.193008716859442,1.3188398830054329,20.535427754685944,1.785217896200161,1.6824727473511288e-05,4859.9733846966255
1983-06-25,273.39153608871493,433.0423104953582,98.58644362965109,8.020233,1.2917402,25.698902,1.6275536,18.857216258651807,1.1159233434410856,20.18358556482508,1.5822979339649472,1.3971150750196493e-06,4859.973383299511
1983-06-26,320.4175211139171,383.61682562138463,98.40281479073731,7.699832,1.0841858,26.277723,1.5725793,17.82262176594409,0.9887895491334484,19.09954099195028,1.4551544048313054,2.0615452836747125e-10,4859.973383299304
1983-06-27,319.2100817633988,388.0572272530111,98.21965002073841,8.21928,1.0191488,27.898777,1.7525401,19.016854018857543,1.0659208083252467,20.350853464274266,1.5322970099301085,4.707112500338715e-06,4859.973378592192
1983-06-28,196.97810210161896,690.1412704953582,98.41787756493038,7.4617105,1.4088283,22.396715,1.2652943,19.080511084152835,1.0328561562010874,20.41755311968988,1.499233008366373,7.410019154040839e-06,4859.973371182173
1983-06-29,428.1623679367441,1693.7256904953583,98.66722419915573,8.11186,1.3993815,22.165045,1.0940723,19.32934158491988,0.9178225472509556,20.678276867809075,1.3842019868609277,4.3245144060121244e-05,4859.973327937028
1983-06-30,590.2512037037351,834.169860495358,98.5444016219651,8.506737,1.361791,24.333242,0.99682087,17.775059410229748,0.8119155761839776,19.049705318216574,1.2782800137807333,1.3517550063503372e-10,4859.973327936893
1983-07-01,561.7022237039156,677.1398504953578,98.27312778354356,8.381492,1.2234678,25.733088,0.9424437,17.865716715896518,0.7570251452408222,19.14469573319772,1.2233903820024654,3.1575690201240346e-10,4859.973327936577
1983-07-02,523.1108537191113,564.5419404953582,98.08991737845967,8.386604,1.108801,27.487825,1.0000432,18.301018609572136,0.7441921554449838,19.60080356938595,1.2105613603972758,1.5511313864823878e-08,4859.973327921066
1983-07-03,496.0910770463312,519.255170495358,97.84582529198953,8.416258,1.0408412,30.580275,1.4998634,19.75109098594731,0.9203108782788845,21.12018444852741,1.386694865106047,0.00067334273124029,4859.972654578335
1983-07-04,244.1947083350088,460.3553804953581,97.51129920187277,8.186455,0.94970495,29.117174,1.5705873,21.862656699481942,1.0777249745586719,23.332675785142698,1.5441347858746761,10.74450364340896,4849.228150934926
1983-07-05,265.48973401840476,405.9993785818291,97.30614635627276,7.6590495,0.8562951,31.110262,3.829299,21.83824837692339,2.3399135624802803,23.307100828201524,2.8063230461607693,10.575079085874052,4838.653071849052
1983-07-06,267.76152226245506,400.1958718807927,97.06761256722619,7.621235,0.7798729,28.543196,2.053777,20.156289418994415,1.269579897244633,21.544749981572615,1.7359684444019396,0.007097646760536082,4838.645974202292
1983-07-07,282.951500378286,408.2255474452649,96.8047640633744,7.548699,0.7282296,25.768633,1.2422701,18.309823782569175,0.791967165823455,19.61002959955327,1.2583364532790777,1.6706712324516298e-08,4838.645974185585
1983-07-08,312.1918775082224,405.42254155147657,96.48943645412538,7.7029467,0.7173828,24.6912,1.020553,17.300609091982917,0.6556174430314419,18.552577896584825,1.1219778515405272,2.901583338154572e-12,4838.645974185582
1983-07-09,313.7686569453537,410.744981771786,96.1613327308218,7.432904,0.6948178,24.9475,1.072021,17.36236847258997,0.6781685786708523,18.617289164471014,1.1445294970746858,3.943898553060696e-12,4838.645974185579
1983-07-10,320.1498977399443,411.26902693798576,95.81008794278455,7.4945006,0.68687135,23.747023,1.021167,16.63311966823439,0.648140887724929,17.853184760079564,1.1144960636670962,1.6808762911816701e-12,4838.645974185577
1983-07-11,329.1994921028196,410.49217365351706,95.44856178256282,7.37627,0.6854646,23.596842,0.9676438,16.377882467986897,0.6175985652161595,17.585748094144964,1.0839518749751529,1.679423665002071e-12,4838.645974185575
1983-07-12,325.3121968285634,419.59525710748585,95.00791646871419,7.7867675,0.7098092,24.48252,1.0033892,17.191235348276535,0.6446198086648163,18.437976461804716,1.1109793248701,2.0780095272246207e-12,4838.645974185573
1983-07-13,329.14922486823224,417.3643770113007,94.56799344674126,7.834182,0.7076908,26.998302,1.2671385,18.54854956936001,0.7741110294641582,19.860165662909427,1.2404825875350873,1.238585577260291e-07,4838.645974061715
1983-07-14,338.08183671301737,424.5226961096143,94.10020805672141,7.824006,0.708782,29.039034,1.5400615,19.633876617644763,0.9130832566746904,20.997367634097277,1.3794659593127332,0.00032548711698601225,4838.6456485745975
1983-07-15,328.4174664074682,410.2177601188273,93.65365071408944,7.933053,0.7092811,30.89546,1.8481525,20.685744567497814,1.0737689576325617,22.09951127632259,1.5401637464724156,0.10182390713076624,4838.543824667467
1983-07-16,309.77394909064714,408.4435961768797,93.22640457259365,7.7030134,0.67163885,31.798914,2.141179,21.406126540528923,1.2516522720469663,22.854325045162003,1.7180560680747086,1.936420058525325,4836.607404608942
1983-07-17,324.1611208839151,426.9354619584969,92.74992894977059,7.937801,0.70568067,31.909353,2.0833805,21.563619480122824,1.222763693943563,23.019345608905812,1.689169538193696,3.4513560918677677,4833.156048517074
1983-07-18,342.4455951753328,435.1495587886851,92.25024462405241,7.8639517,0.69562775,32.354004,2.0117996,21.56881515256766,1.1667579544463906,23.024789616732992,1.6331638667502988,3.497136284518734,4829.658912232555
1983-07-19,328.5722437467562,388.656494889445,91.81709855348771,7.866636,0.6978169,33.006565,2.2948484,21.48962143155281,1.283979911404165,22.941810706563825,1.750384789765411,2.676508630232515,4826.982403602323
1983-07-20,302.0720239918406,362.3705809412137,91.42062338406961,7.823014,0.6959265,32.61054,2.351505,21.341517350764136,1.3209029968808386,22.786627756981925,1.7873059608577622,1.5566412494268707,4825.425762352896
1983-07-21,337.50049250991054,395.9949284862952,90.90519027651749,8.005823,0.70074093,32.76094,2.2453442,21.370461373547986,1.2543505141459517,22.816955205114652,1.7207538502800435,1.7353559153416396,4823.690406437554
1983-07-22,250.26488048067267,314.08850487836685,90.52373738630445,7.8887424,0.6763539,30.193817,2.0898976,20.302538027627733,1.201172753691899,21.697988773772746,1.667562992918104,0.015662354579905505,4823.674744082974
1983-07-23,307.71709750765126,387.844425169782,90.05578382961656,7.9111786,0.71242577,29.881866,1.6846075,20.16201266786353,0.9908018423563594,21.550746782173725,1.4571904552708026,0.007394054268612917,4823.667350028705
1983-07-24,330.5246131026472,395.3189997303622,89.55943266522202,7.6931458,0.6956807,29.241188,1.5030981,19.428938940093992,0.8777949241195914,20.78263463610398,1.3441754192248039,8.737786277026898e-05,4823.6672626508425
1983-07-25,292.345653439549,387.7083458695662,89.12856498199535,7.944471,0.7088173,28.185211,1.4395018,19.484001491103353,0.8754224703857209,20.840328988829675,1.3418035538917445,0.00012495784884078732,4823.6671376929935
1983-07-26,304.11496492403404,419.5299002323813,88.61831447023822,8.123442,0.74029297,29.273237,1.5920361,20.384941828075462,0.9739993751990388,21.78433119419858,1.4403905785930642,0.023942551303932195,4823.64319514169
1983-07-27,328.0955605333007,438.2086202308209,88.0908344984033,8.265877,0.7518717,30.502354,1.7449725,20.98173570039281,1.0484982925456143,22.4096497735749,1.5148967104592084,0.3740983014374276,4823.269096840252
1983-07-28,345.604734743658,449.3833569693238,87.5539612446363,8.308737,0.7556275,31.81342,1.9389765,21.595241661824634,1.1442139456690619,23.05247922279795,1.6106202045894262,3.8757405825769093,4819.393356257675
1983-07-29,345.392892259322,450.345518732953,87.00841818763749,7.97584,0.76381016,30.495173,1.7959623,20.72058169914117,1.0691223014447375,22.136013503773725,1.5355175122132225,0.11911392364343298,4819.274242334031
1983-07-30,344.9031555523904,444.4042594216539,86.51285264931367,8.415615,0.77068627,29.860117,1.530478,20.489526709175987,0.9251749907932514,21.893914875110177,1.3915674290650442,0.04084808114308001,4819.2333942528885
1983-07-31,347.03875111987327,439.9202243396312,86.01412126522283,8.262527,0.7565506,31.340372,1.974133,21.163340467499363,1.1528945580917795,22.599934627764306,1.6192952521969917,0.7818400733692276,4818.451554179519
1983-08-01,317.0389423445435,426.8618220560769,85.56260519882737,8.228188,0.72285086,30.160229,1.8423256,20.813133702360076,1.1011278794983161,22.232989176373298,1.567524217946809,0.18492993238997807,4818.266624247129
1983-08-02,262.08969543549506,426.8239698902052,85.19388186319976,8.325914,0.75857365,27.793613,1.5871692,20.387339510284782,1.0248209552774468,21.786843477421435,1.4912121868418513,0.02455607807611295,4818.242068169053
1983-08-03,305.0269193030323,465.30775863461895,84.7348778199432,8.576719,0.79853,29.2852,1.6794895,21.085330252787152,1.062601164596252,22.51819579145343,1.5290008763200595,0.5787628640242164,4817.663305305028
1983-08-04,343.18734679809876,474.6543961729929,84.2222909729195,8.450747,0.80577445,30.322065,1.8246506,21.144299678874216,1.1116506876822934,22.579983754530556,1.5780511413653096,0.7243319466383631,4816.938973358389
1983-08-05,349.03540225930385,457.3619241425432,83.72495792900406,8.47954,0.82935816,29.818632,1.8058289,20.58236805962836,1.085293052796935,21.991193724751895,1.5516865977638765,0.06371619042744309,4816.8752571679615
1983-08-06,317.48373175234354,447.1140214865396,83.26502227873819,8.724848,0.8510684,29.421148,1.8689922,20.827428673783523,1.1486435434904652,22.24796739856587,1.6150400569860908,0.19725286018612156,4816.678004307775
1983-08-07,334.1021369840093,459.0948456157672,82.75864912719352,8.744034,0.86281735,30.29219,2.1554055,21.215901342071437,1.2993866212093146,22.655007732470562,1.76578798113587,0.9676466498918223,4815.710357657883
1983-08-08,364.46082591671643,472.9573284146918,82.21013022372946,8.9003935,0.8277285,31.652208,2.4667068,21.75017171056515,1.4389703389963011,23.214814398266384,1.9053786460773392,6.761981040093214,4808.94837661779
1983-08-09,368.36547680071413,476.83871219188194,81.64727456037701,8.629738,0.8601154,30.926504,2.2626555,21.208900922526695,1.3304253347548092,22.647672716801317,1.7968266058203717,0.9416484042961073,4808.006728213494
1983-08-10,369.02115196619485,475.8997657327663,81.08866540032923,8.790891,0.882234,27.352278,1.7774656,19.2455493125708,1.0727431732445747,20.590479611271263,1.5391217336408864,2.5281146463565957e-05,4808.006702932347
1983-08-11,292.1039104653344,424.41511604821176,80.64736721812363,8.667173,0.8300292,23.922583,1.186954,17.70339718942983,0.7802589479588256,18.974617888227467,1.2466227604875937,7.373449389263993e-11,4808.006702932274
1983-08-12,158.71651796654015,349.267738452745,80.37908866607401,8.614652,0.9727184,22.605886,1.4655257,18.23441226862459,1.0524676516372324,19.531013673023498,1.5188362353685658,9.153731404064778e-09,4808.0067029231195
1983-08-13,136.10614004190543,332.430690495358,80.1073546970706,9.308958,1.1718041,22.137012,1.4976074,18.410566963086016,1.1157577830552525,19.71558795972548,1.5821280207713742,4.190618469428215e-08,4808.006702881214
1983-08-14,248.0027390208142,397.35815624558586,79.66587387678781,9.307091,1.1982079,23.66436,1.4688572,18.147071759818424,1.0148651653743197,19.439498586454988,1.4812329421898582,4.255276708989968e-09,4808.006702876958
1983-08-15,370.48909649073767,542.4867464329313,79.11768748215256,9.199423,1.127177,24.708366,1.431885,18.414777652601252,0.9659824365002392,19.71999990580602,1.432352714186379,4.24642683142972e-08,4808.006702834494
1983-08-16,411.6991729704513,586.0985204993464,78.55214681778105,9.110529,1.0508178,24.694885,1.4640238,18.26465731765796,0.9630744469605855,19.562704332013134,1.4294433121512706,1.1791688500164442e-08,4808.006702822702
1983-08-17,402.7861380610668,558.8803090447426,77.98811544265214,9.059605,0.97594625,24.828085,1.6032705,18.22358574264679,1.0174751070074362,19.519669676112585,1.4838435902417393,8.292726191657555e-09,4808.006702814409
1983-08-18,373.9759159496108,569.2639163603466,77.46491064530008,9.002031,0.97632885,23.63555,1.3845042,17.833649337032984,0.9208850826229719,19.11109564324136,1.3872500356290893,2.447563283229061e-10,4808.006702814165
1983-08-19,388.38408045477775,586.2014193970643,76.96424533559131,9.083805,0.92555934,24.65378,1.7640616,18.448957128178638,1.123343142270251,19.755813043479314,1.5897137451556693,5.7379665574344855e-08,4808.006702756785
1983-08-20,401.8063147235104,599.9177632976456,76.41167562004263,9.011936,0.91158724,25.962137,1.9688878,19.16316137560017,1.2345309952175834,20.50415381254251,1.7009086989630904,1.4373995027845357e-05,4808.006688382789
1983-08-21,436.0520147107628,627.324314121437,75.81320967196208,8.964012,0.93503666,23.794298,1.7232395,17.712936451752263,1.0865050218219303,18.984613094680576,1.5528689172173173,7.923761556329207e-11,4808.00668838271
1983-08-22,446.5501655755501,633.1789393759167,75.19808794719481,9.006777,0.9926496,22.483831,1.5798558,16.91004356043611,1.0133497132624127,18.14334466771156,1.4797069982164661,3.1234252832399454e-12,4808.006688382708
1983-08-23,447.6621474087804,631.9303285997422,74.57878105777517,9.11129,0.9710856,21.737246,1.5710106,16.501786333750697,1.0038752362093137,17.7155741411481,1.4702294425945825,3.135752700181236e-12,4808.006688382705
1983-08-24,451.3326712166012,629.8551403882227,73.95545070080355,9.072544,0.9538364,21.84122,1.5934517,16.511045166393146,1.0100701410597612,17.72527551434112,1.4764244151512658,3.1311948275409697e-12,4808.006688382702
1983-08-25,451.71487604614174,622.7351247831774,73.31112024263885,9.115864,1.0190303,21.193142,1.4069762,16.115673285841265,0.9211507834071587,17.31100620941002,1.387502253589196,3.1545466847185214e-12,4808.006688382699
1983-08-26,449.57756306035975,615.4461138280867,72.66531855683165,9.165602,1.0049113,21.62527,1.4850365,16.365681035326165,0.95728000411742,17.57296347471156,1.4236332265307312,3.1479921255557804e-12,4808.006688382697
1983-08-27,484.84757102909447,619.38120781951,72.00653848286409,9.162317,0.9560648,22.511732,1.474092,16.650237204048786,0.9273056056962841,17.87112045559252,1.3936609094601793,3.1347604555049295e-12,4808.006688382694
1983-08-28,543.2820577411726,616.52630981951,71.32840938417017,9.151768,0.94406277,23.06686,1.4415364,16.548697128884168,0.8847341375187868,17.76472711193242,1.3510886879543893,3.137899901348247e-12,4808.006688382691
1983-08-29,374.94941970542953,533.2934208639911,70.76799717395158,9.234137,1.065061,22.046972,1.4746559,16.75745597648041,0.9711151251519119,17.98346391883734,1.437471237173007,3.1392940294124923e-12,4808.0066883826885
1983-08-30,356.78318642311666,536.3302650899093,70.25210966163975,9.379028,1.120854,22.796974,1.4660785,17.436739744139473,0.9877270829842253,18.695215128575107,1.454088621197287,8.259094106802245e-12,4808.00668838268
1983-08-31,387.4828133760516,551.0601976635793,69.70510503908913,9.482855,1.2373488,23.07169,1.3997418,17.461461984421877,0.9676788021823092,18.72111900743426,1.4340405478309537,0.0,4808.00668838267
1983-09-01,366.9009073379457,525.9437427237269,69.14398494434005,9.588152,1.2981151,22.619295,1.5358094,17.264345343508797,1.0502506382952208,18.514580864895063,1.5166107494378374,,
1983-09-02,405.5565694894504,571.3473038991945,68.54305451972421,9.540224,1.2391196,22.399416,1.4496576,17.06098923901522,0.9916925311998167,18.301505033744764,1.458051002663415,,
1983-09-03,445.9510226099119,623.6624161310355,67.95809281888731,9.456764,1.1655847,22.595121,1.3815963,17.117381856649633,0.9408006780966593,18.36059302573358,1.407159599520372,,
1983-09-04,504.3097369087264,637.28841681951,67.24653133175138,9.504648,1.2013575,23.125591,1.3879154,17.108435246968615,0.9391252851694127,18.351218798692262,1.4054841349648717,,
1983-09-05,571.0234682009868,633.38758081951,66.51789759460563,9.514999,1.1699219,23.72628,1.4723363,16.988568141771044,0.9524603917247151,18.22562245561145,1.4188182906701035,,
1983-09-06,452.2936442239479,618.7648647495276,65.82876756124027,9.685419,1.3036311,21.545753,1.3302386,16.537293324024464,0.9453274034870717,17.752778244182377,1.4116818700540428,,
1983-09-07,462.34883891981735,622.57150781951,65.09392425503277,9.688732,1.3338616,22.617973,1.7051755,17.108057631201056,1.1316279494711332,18.35082313418183,1.597986796245342,,
1983-09-08,446.0872417585706,598.2790672349445,64.36968281136063,9.921986,1.4015554,20.57487,1.624764,16.02463099749044,1.106669359540955,17.21561241088852,1.5730202093889525,,
1983-09-09,387.5450114850246,508.728089459088,63.69539364575111,9.945894,1.4133403,19.734728,1.7004303,15.50207418175054,1.1423772874401696,16.66807916562737,1.608724760095814,,
1983-09-10,388.37964770162944,509.9653225172439,63.01332413183916,10.130163,1.4674308,21.25705,1.7358471,16.446585484047944,1.1719534735344561,17.657734879524217,1.6383072782920287,,
1983-09-11,394.6461014258748,516.8881096263029,62.349189984970735,10.120329,1.473522,22.051617,1.6117977,16.886000124028843,1.1146024864782818,18.118152037232402,1.5809595848444573,,
1983-09-12,325.75119198559696,418.1789257921871,61.74843247952576,10.541159,1.5905873,22.180279,1.8169917,17.083755386615188,1.2362388138391267,18.325359325377825,1.7025974665174677,,
1983-09-13,315.20632211340853,411.56139004525056,61.16096361504494,11.054514,1.6598423,20.851692,1.4888093,16.60255939232126,1.1086279221904054,17.82116380744287,1.5749828707630484,,
1983-09-14,321.1527485587576,419.10704486281503,60.768479674821705,11.695602,1.65272,18.728283,1.7582755,15.677239637899422,1.2268110805941372,16.85161693180701,1.6931596505171864,,
1983-09-15,337.7690749640533,432.3210583917736,60.127847583438324,11.312117,1.7243941,17.499416,1.9778132,14.785606090332736,1.3434530002723082,15.91736634856344,1.809796350147032,,
1983-09-16,356.84859899078583,453.90284135462633,59.44952099352591,11.870344,1.7177341,15.961686,1.3778563,14.160900371683837,1.080126136671697,15.262801832012794,1.5464663709070174,,
1983-09-17,350.50568278587525,516.5296151672961,58.651635689527595,11.664295,1.8100581,16.421165,1.3659858,14.4981641008884,1.0943761938805923,15.61618561459495,1.5607180547381494,,
1983-09-18,355.3326301336381,539.4373968352693,57.83448283474017,11.535145,1.8390255,17.953196,1.3935133,15.404448083411944,1.1131768380426714,16.56578687350631,1.5795237143798413,,
1983-09-19,347.0946564051192,551.5754587146048,57.05445009292881,11.280493,2.0033205,20.388945,1.8429918,16.870974116177184,1.370484730557177,18.10240783756927,1.8368417126504506,,
1983-09-20,367.51433890017125,538.8329068196088,56.23910228060651,11.334375,2.1029518,22.16855,1.6089292,17.775405676435938,1.2814368306075592,19.05006813476377,1.7478012712388507,,
1983-09-21,320.26468762410684,480.07626408269135,55.56243897138678,12.388031,2.1579254,21.979033,1.515024,18.1410943274483,1.2536050796324796,19.433235453250404,1.7199728015430304,,
1983-09-22,80.91427976859994,426.5316147950831,55.18270399386675,12.372862,1.7892427,18.994253,2.1926086,17.938445803434707,1.8649405448042524,19.220901022508286,2.3313064294836696,,
1983-09-23,260.6819430459888,494.9022401815838,54.50061128961512,12.688808,1.78441,15.3349695,1.2445546,14.422025037207876,1.0215256944820965,15.536407363938865,1.487867176751683,,
1983-09-24,306.2390553402163,582.1623438001975,53.756517287355834,12.736898,1.8075385,13.509365,1.1577933,13.243089656815881,0.9817507491594148,14.301122902353125,1.4480872155308937,,
1983-09-25,321.6121246033476,554.9870568090222,53.04124351100903,12.739019,1.8595861,13.816424,1.1348557,13.421139374454988,0.990810703172541,14.48768278786287,1.4571478251641796,,
1983-09-26,353.00215277454885,544.0351680660775,52.2673152205438,13.481348,1.850939,14.240185,1.1021416,13.941567325335729,0.9886021240131919,15.032985415801758,1.4549413702177216,,
1983-09-27,344.0946883118813,532.1610452879587,51.517477595019336,12.83847,1.9940702,14.928569,1.4225703,14.107813296423856,1.1660026845010474,15.207177376024474,1.632342674547798,,
1983-09-28,350.11325419972854,529.6663343326516,50.84135003572242,12.915655,2.0100234,16.409525,1.1455638,15.019119712828926,1.0561719114200827,16.162041123988562,1.5225165405152838,,
1983-09-29,358.13459525488,536.1465919076826,50.18874876926982,13.05057,1.9736427,16.832592,1.0903926,15.31799782222603,1.0257023243759438,16.475204585351143,1.4920486817585397,,
1983-09-30,349.39654830712243,527.3741518066045,49.55930887617258,13.722399,1.9424969,16.127094,1.0272249,15.16881371595118,0.99044681365727,16.31888998875671,1.4567922956002124,,
1983-10-01,337.52411967044463,513.8276156701145,48.96513559872581,13.495272,2.0197132,15.459295,1.4247719,14.680644915121322,1.1749955289077154,15.807388387968748,1.6413383241060466,,
1983-10-02,310.12722333594866,510.6544885318097,48.4085743486198,13.083893,2.0923665,16.34242,1.3714757,15.111206297228668,1.163229175468223,16.25852913234037,1.6295743261723983,,
1983-10-03,331.1231502617011,534.1765294575349,47.850549647242005,13.0527,2.1193447,17.824053,1.3606762,15.998205192137238,1.1676095366723458,17.187923542371532,1.6339602082380889,,
1983-10-04,342.8134782347988,538.8473966542743,47.200141210037486,14.26326,2.0989304,18.206528,1.0488163,16.673279046825787,1.0377593538430798,17.895263619689665,1.5041148301963765,,
1983-10-05,338.99192768571083,527.4372706043071,46.576123846231496,14.159834,2.1251261,18.043512,1.7652296,16.524016415294184,1.3586933631592328,17.738866744599633,1.8250477322693073,,
1983-10-06,314.35207515221555,497.35292113096574,45.996045491058354,13.992229,2.0262563,16.973959,1.4724652,15.819213264087518,1.1957325931680318,17.000376412014333,1.662082078185616,,
1983-10-07,330.5940881591377,520.2715329885704,45.32747782336375,13.929392,1.9433103,15.501666,1.0612037,14.890776940085196,0.9955671134410375,16.027564005425504,1.461911031737805,,
1983-10-08,331.9529772938622,515.7911143552006,44.673282217260066,13.834175,2.0150607,14.239357,1.1737083,14.080699052546585,1.064213130127935,15.178767163975275,1.5305529966988374,,
1983-10-09,349.144787097066,534.8399513605417,43.976545232874784,14.213709,1.9374917,14.673594,0.9505943,14.491954846925502,0.9572812346546816,15.609679579517898,1.4236230643895222,,
1983-10-10,356.6338284564263,544.0176018671365,43.29536074761001,14.103928,1.8618646,13.469551,0.99986005,13.720747189035427,0.9530380644756425,14.801610831822174,1.4193763715321037,,
1983-10-11,350.8060098634669,533.2142146212472,42.66488519134203,14.077927,1.8978012,12.323952,1.031221,13.019982110691634,0.9767562398721353,14.067351578179133,1.4430919358931071,,
1983-10-12,358.8220058062803,506.0849629690263,42.02757325179617,14.607395,2.0933619,13.003825,1.0395744,13.669094654850001,1.0603075769100312,14.74748948306804,1.5266456723365784,,
1983-10-13,337.4269390567695,495.7334981489298,41.447705813505884,13.693354,2.2788594,14.721194,1.2376437,14.304922566361387,1.1807150375743836,15.413707795280686,1.6470559505131774,,
1983-10-14,377.58640687566185,440.7302614635681,41.12886392846242,14.497555,2.060778,16.497898,1.4868578,15.574902790848045,1.2431596390794393,16.744388733287586,1.709507563684523,,
1983-10-15,354.54700800219564,512.2279929467527,40.54998862917478,14.294773,1.84985,13.948104,0.82812405,14.089906017680272,0.9011339193474083,15.188414190569917,1.3674738277517258,,
1983-10-16,372.2489551697837,516.2457476269335,39.94791367304804,14.05234,1.7682523,11.346959,1.0076377,12.480421180721613,0.9442549117844475,13.502001480153316,1.41058898012712,,
1983-10-17,358.12555462100136,513.7545649838944,39.444385760050324,14.325783,1.880009,10.715462,1.1087594,12.19840439417366,1.0115156615983516,13.206505255234529,1.4778490116920235,,
1983-10-18,342.538996427369,499.892275041276,38.944115575081625,14.527874,1.9686021,11.111479,1.0053169,12.50061121137444,0.9982919227829162,13.52315652525518,1.4646260460355323,,
1983-10-19,301.33583262309827,362.870298548472,38.58724674147233,14.226515,1.8504926,11.419732,1.1005249,12.693108187429324,1.0326170256618592,13.724854198747494,1.498951695853644,,
1983-10-20,296.346210572029,393.9030911654323,38.19815533358722,14.000755,1.7156835,10.365361,1.0178268,11.926152744634852,0.9380580981925918,12.921240907493472,1.4043908412044384,,
1983-10-21,327.8027904366876,404.0200122315123,37.751524774086626,13.724665,1.618111,9.107282,1.0882144,11.175529664382033,0.9414123671116882,12.134740609881206,1.407743875431068,,
1983-10-22,324.5188242684829,432.5934571031522,37.28292958183646,13.532284,1.5573844,8.028654,1.1543078,10.387658804088323,0.9384024225185611,11.30921221566726,1.4047333280809629,,
1983-10-23,332.1704524695438,407.2919031720229,36.84322231267864,13.618679,1.6575732,6.7952657,1.4511551,9.860379523707453,1.092372376027599,10.756730788098237,1.5587032747747231,,
1983-10-24,285.515512098803,375.016240495358,36.62185324590001,13.957359,1.6563593,8.122257,1.3659043,10.644485955733089,1.055456769304256,11.578314827240947,1.5217877933532291,,
1983-10-25,220.138242098803,241.23720049535805,36.396663819077055,13.388294,1.4773043,8.901883,1.4121865,11.04250562172396,1.0208114881872026,11.995358472704018,1.4871428449197512,,
1983-10-26,259.7795505779045,304.52467057839954,36.07634086275783,13.098631,1.3962905,7.673497,1.5254184,10.170977713020326,1.0444192586837624,11.08217450913347,1.5107501229568865,,
1983-10-27,257.87953192576043,347.68125764181843,35.73430585314619,12.486618,1.2386575,6.601672,1.1712714,9.107790653739363,0.8546775212874814,9.968170742742025,1.3210089611590665,,
1983-10-28,265.64673030363565,390.7812031191459,35.348515714771004,12.605968,1.2229134,6.8776245,1.3710021,9.1958010647128,0.9544983735101039,10.060387750511453,1.4208297166510262,,
1983-10-29,269.66266129408,430.3909035868464,34.92834557026727,12.368834,1.1546794,7.7936964,1.4746904,9.55605248368022,1.0098624920071757,10.437857955847646,1.4761935315546977,,
1983-10-30,287.674216046822,446.7069435276392,34.47925999719556,11.777536,1.0313715,5.791254,1.2281159,8.136220358722245,0.8492856582162805,8.950162708769996,1.3156187546553153,,
1983-10-31,287.5800728410699,454.28940602560976,34.03055135683451,11.819958,1.0309148,4.5796905,1.366184,7.3863251140412105,0.92714034987232,8.164425034781866,1.3934754631664878,,
1983-11-01,286.9719009663145,460.5860751913084,33.57448761679309,11.964197,1.0589238,5.00046,1.7304274,7.673693410828172,1.1410180939364116,8.465528553835863,1.6073523583375575,,
1983-11-02,264.0029202725224,427.9308610422119,33.185828437882726,12.069262,1.0989293,6.2777395,1.7993652,8.487457808573337,1.1891979356481694,9.318188108078813,1.6555303086083049,,
1983-11-03,253.4555617351192,446.79480821949096,32.78757029063939,11.954538,1.1093487,7.2367177,1.4224799,8.944332481174712,0.9924652820249436,9.796899828282594,1.4587969250576673,,
1983-11-04,248.6833840993788,442.54268268104113,32.402050965430114,11.030783,0.9916851,6.509191,0.95890963,8.135930492966022,0.7100643366097786,8.949858988421482,1.1763974337041514,,
1983-11-05,252.29103570057555,449.394165468786,32.001927133933435,10.455473,0.9447455,4.8468447,0.98562634,6.86342794083742,0.7168361545958366,7.616535164133501,1.1831730548354022,,
1983-11-06,267.3650560977284,467.3216875563682,31.56972651627539,10.571749,0.92618865,4.4102106,1.0778586,6.652499585552028,0.7639791734571678,7.39552515448798,1.2303168830383924,,
1983-11-07,266.5666196418992,468.1947861404087,31.148788901393274,10.6094265,0.9165737,4.7265086,1.2278932,6.860792645973059,0.850151604096054,7.613773911182928,1.3164885141334601,,
1983-11-08,273.2398170724072,468.56633486723183,30.717327530041498,10.7197075,0.94604653,5.41793,1.4548888,7.370807805875964,0.9828392595313445,8.148166052329586,1.4491744213518172,,
1983-11-09,276.81185060913424,473.0938886190445,30.278295852847037,11.021072,0.9962175,6.4774694,1.3813317,8.154644418953442,0.9458535635288221,8.969467376100745,1.4121866185113248,,
1983-11-10,265.07755532370766,454.2660671988069,29.880373720406638,10.383432,0.99467176,6.792034,1.6075624,8.11546155662452,1.0793204628607287,8.928411706892417,1.5456536064749309,,
1983-11-11,114.2308881023122,319.8392326675556,29.69153137341153,10.262419,0.93192834,6.362817,1.2196846,7.38904499614529,0.931571633198789,8.167274917953069,1.3979067380156067,,
1983-11-12,76.97281241280703,279.47543857067006,29.58087169731242,8.648856,0.8440551,5.3685,0.8657481,6.076872965556734,0.702840388976172,6.792385549738075,1.1691805661804169,,
1983-11-13,142.65138500431453,349.64787599213844,29.337193379213705,8.403763,0.79224503,2.8882356,1.1823093,4.486445567159226,0.8705311067089423,5.125941158301252,1.3368800718230778,,
1983-11-14,196.1892155824408,394.75485986938895,29.107226580197597,8.689502,0.8310701,1.752376,1.4385629,4.055452217537925,0.9997948602775065,4.674347799845116,1.4661467050365893,,
1983-11-15,214.10814501628172,350.3672470023493,28.84192971686246,8.473386,0.9008611,2.0599084,2.343188,4.492570244022755,1.4940066609273408,5.132358573782697,1.9603555866508544,,
1983-11-16,310.21229950599945,496.5534504953653,28.721435883075813,9.066572,0.96013415,3.638466,3.988449,5.725645883423479,2.4824424269605636,6.424371013688568,2.9487842959813615,,
1983-11-17,226.71262450599943,534.970730495358,28.626461539318697,7.7644715,0.90387666,5.813633,1.5367181,6.394293850404518,1.1123442006473505,7.1249780678325685,1.5786829702473608,,
1983-11-18,211.38669950599945,434.747420495358,28.50821824172111,7.521107,0.8501532,3.3437788,1.1520803,4.710417174865067,0.8235573616744472,5.360617843246793,1.289904914224067,,
1983-11-19,189.42581168124067,365.5283058222665,28.37524422606512,8.334902,0.905423,3.3985553,1.5852354,5.0835079962473895,1.0889155727395439,5.751541130544019,1.5552608996258497,,
1983-11-20,196.35803415513612,401.1139371932204,28.18637481579232,8.635607,0.96308076,4.5126987,1.6944565,5.86768461014101,1.1807886909344416,6.5731987060081,1.6471298587812573,,
1983-11-21,290.84806950599943,507.9194804953579,28.321332137840226,8.818488,1.0527053,4.762672,2.3564413,6.239479942930779,1.5466625341504887,6.962764584786454,2.013001975877567,,
1983-11-22,195.03966950599943,615.961110495358,28.37500361055284,8.246397,0.97329617,5.634607,1.3523076,6.262722995606092,1.053422032880859,6.987118575927246,1.5197613719490437,,
1983-11-23,204.1360395059994,513.4036004953581,28.361408698479618,7.6051416,0.9535854,4.942656,1.0977426,5.700118395200074,0.8309726245967154,6.397623398789437,1.2973146220800373,,
1983-11-24,175.57742950599942,500.15122049535785,28.344936723629445,7.817927,1.0748127,4.8592176,1.7701728,5.627991563574895,1.3396542114526389,6.322049151165814,1.8059965759291665,,
1983-11-25,163.94874950599947,1502.1269704953504,28.767240460005265,6.789049,1.050437,5.2200565,1.2768302,5.3744519037739495,1.1558163052122128,6.056391162308354,1.6221600069572826,,
1983-11-26,166.37089950599943,1381.6614804953576,29.04837290022157,6.2145295,0.98090327,3.0687354,0.8572705,3.4068217019872713,0.7723657068009281,3.994714962883638,1.2387222857545872,,
1983-11-27,165.74242950599944,1121.902860495358,29.264696440881004,6.1686115,0.9145257,2.373932,0.80306613,2.862373405035208,0.7095304932075104,3.4242438984406642,1.1758914173765904,,
1983-11-28,162.8074895059994,1092.5191404953578,29.471807577552244,5.5493855,1.0475817,2.4712362,0.7623607,2.8704516609462574,0.6772554155470794,3.4327082673701255,1.1436162727664867,,
1983-11-29,84.22218950600116,3493.871370495357,30.12702662151976,6.14122,0.9951523,4.549982,0.7813553,4.587437086555647,0.7633230466378286,5.231759727102583,1.2296713677074185,,
1983-11-30,70.3638895059994,2505.6093304953583,30.61791099934424,5.5148034,0.91768664,3.9884458,0.67989695,4.030138917836363,0.6618001532826215,4.647824610947006,1.1281521737751663,,
1983-12-01,95.72813950599937,1780.729380495358,31.00772982019892,4.935481,0.92219317,3.3673108,0.63555294,3.4473115215568213,0.6049620647106456,4.037140057421088,1.0713183340593198,,
1983-12-02,61.16887950599938,1357.6886004953578,31.30795299851296,5.0245557,0.8993343,2.6212218,0.63488805,2.7248327804426666,0.6087531049579644,3.280129302151704,1.075115180466012,,
1983-12-03,53.18415950599945,1174.494160495358,31.553121099279004,4.819105,0.8711578,1.7484957,0.49685532,1.881517337379319,0.4768269146767033,2.3965062636395578,0.9431965224442067,,
1983-12-04,126.6559895059994,1212.077750495358,31.763433703737814,4.10756,1.0595024,0.8577863,0.48427492,1.1652434953031603,0.4497703335436175,1.6459969803717998,0.9161469775662417,,
1983-12-05,166.44035950599948,1186.465060495358,31.947168420456585,4.677047,0.96746457,1.0253227,0.6320195,1.4745737933765124,0.5669009072120229,1.970112209300332,1.0332744405849728,,
1983-12-06,189.4725895059994,1354.847390495358,32.340704301872556,4.596287,1.0878061,1.925077,0.8773352,2.2528076434865985,0.7811803046589307,2.785542977186347,1.247546495958653,,
1983-12-07,32.315789506003746,4789.448330495359,34.1993317351387,3.9894462,0.9947249,2.2537005,0.94585544,2.2653335797244267,0.9395399154003379,2.7986676103585726,1.4059059941901126,,
1983-12-08,32.31578950600028,2479.879330495356,34.93953883750043,3.3285291,0.9473851,0.9412658,0.4753173,0.9719745421372705,0.4693612601693377,1.4434904319014465,0.9357399032549911,,
1983-12-09,32.31578950599965,1880.100600495358,35.42553924660909,3.620718,0.9385605,0.93361413,0.4837907,0.9790205030971544,0.47588000432500355,1.4508731657098002,0.942258573781124,,
1983-12-10,32.31578950600193,1582.501530495358,35.911902451594756,3.8550005,0.91102123,1.2605455,0.57148856,1.3124658306186565,0.5603485784866179,1.8002560400609997,1.0267237283851398,,
1983-12-11,54.9368420987996,1301.598600495361,36.29988923088733,3.6098335,0.86808527,1.2774522,0.5142668,1.371908782297495,0.49469083399027935,1.8625401616345214,0.9610653876401003,,
1983-12-12,320.05614209880304,1268.921990495361,36.659221389083655,3.5017521,1.0860125,0.8818805,1.0106946,1.4095819325913945,0.8362354148011062,1.9020139597332475,1.302609592658246,,
1983-12-13,595.5496420988047,7540.469430495361,41.15838472439043,4.967451,1.2716335,3.67941,1.2847065,3.773693489463802,1.1942999624324873,4.379121967713079,1.6606538045722004,,
1983-12-14,54.93684209880222,11037.514930495356,47.70393008418662,4.559725,1.1149364,4.2988095,1.1961055,4.300101745959595,1.1901944323905365,4.930690739432766,1.6565446164762971,,
1983-12-15,635.1707474071948,8047.08663049536,50.9245194979527,5.610702,1.2245202,4.265538,0.7803837,4.3639468060678475,0.7288193763842721,4.997587375170773,1.1951691383541925,,
1983-12-16,904.1503474071994,5757.465030495364,52.99553669353714,4.8437204,1.0092695,3.7938147,0.7152497,3.9363135305107066,0.6331676663132823,4.549514690833225,1.0995203445651416,,
1983-12-17,689.906747407198,4374.250430495358,54.737173814330205,3.728267,0.96665037,2.950243,0.6488274,3.0562357526715376,0.5756997380968841,3.627372203608727,1.042059076198288,,
1983-12-18,413.1168474071949,2842.7264304953646,55.74684858478568,3.4169223,0.97696686,2.2888474,0.647831,2.4319829416454746,0.5790554569307945,2.973282242117101,1.045420055922036,,
1983-12-19,312.3945474071968,1770.5614304953576,56.24188395860378,2.5292096,0.954376,0.6342603,0.81529754,0.9184582542038482,0.7076488525545496,1.3874162483410852,1.1740280567326078,,
1983-12-20,279.56907740720027,1255.594300495359,56.58315921490833,2.0328574,0.9044686,-0.39654624,0.78692466,0.04587320753730122,0.6643598124920844,0.47312461922664084,1.1307486272952243,,
1983-12-21,282.80391740720097,832.6119404953587,56.755920464297304,2.0419698,0.8927987,-0.666278,0.83835256,0.020374490289330395,0.6654769655489218,0.4464071504572215,1.131866074285803,,
1983-12-22,359.5466574071957,908.3208204953652,56.93805831006385,2.6276855,0.9855986,-0.37586582,2.1531286,0.47589264513438834,1.567653755044219,0.9236975159929578,2.0340377248262147,,
1983-12-23,364.9834474072006,1029.8891304953552,57.143362464541305,1.7080109,0.8355829,-0.0365057,0.6973445,0.4199658788666751,0.5593757500823276,0.8650976414737345,1.025760338029448,,
1983-12-24,360.73167740719566,792.5289304953652,57.22162479306646,1.1593255,0.8532714,-0.9151648,0.74911284,-0.2662790832080981,0.5798695738073713,0.14605251602283703,1.0462620380656507,,
1983-12-25,387.0436474071965,608.8744304953541,57.18425253174962,1.1631825,0.8408196,-1.2508148,0.6728587,-0.31266301608745617,0.5253559065204201,0.09745158970738821,0.9917489225725507,,
1983-12-26,346.36352740719803,665.0135804953555,57.01507985011659,1.1628422,0.84191084,-1.0026759,0.44040498,-0.2610569013124357,0.4086433349201458,0.15152430036197634,0.8750357372082187,,
1983-12-27,295.746967407198,707.6990504953526,56.83693852465972,1.1790134,0.8370293,-0.7442373,0.30059606,-0.17739509737021128,0.3252763260584317,0.2391848525490691,0.791667739805729,,
1983-12-28,342.4858574071975,563.974170495361,56.91208279248392,1.3282683,0.84312207,-1.3474804,0.54733884,-0.3365079944312028,0.4663090034521838,0.07246690290879132,0.9327023041269262,,
1983-12-29,189.81373740719755,1310.1126004953571,57.3193311241882,1.2601097,0.8688223,0.16230047,0.2460212,0.30122680080212066,0.24138204057729434,0.7406832413669274,0.7077679528180874,,
1983-12-30,176.84867740719903,1002.5007004953568,57.47587182270797,1.15928,0.85341954,-0.26877868,0.24894938,-0.05463494819002185,0.24730480587634504,0.36781251722549446,0.7136947835864114,,
1983-12-31,186.02014740719903,764.9908804953566,57.50734992979617,1.1608734,0.84825206,-0.3098147,0.22163495,-0.022144401729412306,0.2435450879109993,0.4018560007435442,0.7099346884331734,,
1984-01-01,180.07252740719946,769.8073404953573,57.31371675025147,1.1833396,0.7786421,-0.51454914,0.18860723,-0.19267357531354196,0.21249140742397218,0.22317611558691133,0.6788830011031962,,
1984-01-02,173.7754374071995,749.1540404953573,57.09994101062317,1.180327,0.7876338,-0.50174606,0.16362214,-0.18503389514617455,0.19907994749437846,0.23118094635133868,0.6654714511690819,,
1984-01-03,168.02244740719948,733.4605704953574,56.86656636817355,1.1757846,0.80138874,-0.3093381,0.12934265,-0.03253426782930735,0.18271500525080442,0.3909695345600547,0.6491047262593079,,
1984-01-04,161.72089740719946,720.2679004953599,56.623248758116816,1.5098848,0.8243422,-0.4122535,0.14578237,-0.05981145334452841,0.19240559288111,0.3623885928196002,0.6587956307975102,,
1984-01-05,161.68552740720094,709.1427304953567,56.372436599239805,1.7342696,0.8434453,-0.61695564,0.22096017,-0.180406763606299,0.23853829389884335,0.23602923896176237,0.7049297430928807,,
1984-01-06,168.79247740719984,655.0369804953592,56.283081892146726,1.8193767,0.8298083,-0.7828535,0.38338956,-0.24968866885333887,0.3490444259572675,0.1634358954722594,0.8154366934494478,,
1984-01-07,174.16722740719783,598.976910495358,56.23863797217615,1.1690425,0.82224876,-0.5770365,0.32112038,-0.18369492524310424,0.31016428350830344,0.2325839144387361,0.7765557714152213,,
1984-01-08,161.78480740719783,577.207900495358,56.2030135092526,1.1695575,0.8206363,-0.6406735,0.29855934,-0.2443666726949967,0.29437739577942557,0.16901226485463655,0.7607696002181834,,
1984-01-09,146.27070740719785,536.3652304953579,56.15928594440881,1.1731862,0.80936486,-0.8748816,0.30783978,-0.4360352204042188,0.2976260612949511,-0.03181738424893277,0.7640205569833585,,
1984-01-10,142.74047740719783,476.315120495358,56.10620825770386,1.2956978,0.8201137,-0.89138305,0.27940926,-0.38709076025586353,0.28631591568815995,0.01946645378624673,0.7527098222899435,,
1984-01-11,123.38296740719784,443.8507804953579,56.04789403672098,1.1641057,0.83786654,-0.5235206,0.2263535,-0.15643323827052685,0.25413743972638675,0.2611486168591877,0.7205286070438599,,
1984-01-12,109.95109740719784,437.9237504953579,55.98115034011033,1.1627508,0.8422041,-0.46331012,0.2350529,-0.13698160424931863,0.25271857369844974,0.28152997249452516,0.7191095127898569,,
1984-01-13,92.47154740719785,439.280830495358,55.919183693938244,1.1656332,0.8330023,-0.50761306,0.26398137,-0.2166361388285941,0.2618030319210546,0.1980682234477653,0.7281949083406886,,
1984-01-14,76.13284740719786,459.9861004953579,55.86306074695829,1.2244706,0.81807065,-0.70011675,0.33186972,-0.42681114284294275,0.3075285811957705,-0.02215242731115946,0.7739229656554116,,
1984-01-15,73.10138740719785,468.196200495358,55.96673005234367,1.1630315,0.84130377,-0.466246,0.29067072,-0.24621465084739125,0.2758963996406218,0.16707595966355482,0.7422886259700033,,
1984-01-16,76.14132740719785,460.691810495358,56.05439327531217,1.1637965,0.83885425,-0.49316585,0.2938794,-0.2581518261879297,0.27885349057536984,0.15456822814693122,0.7452458584032067,,
1984-01-17,83.15084740719786,428.7024004953579,56.02706643036477,1.1677244,0.8263899,-0.6022097,0.3476463,-0.31468290607766936,0.32062894437628214,0.09533515588029134,0.7870219845133766,,
1984-01-18,81.30236740719783,422.9007604953581,55.999886797667166,1.172648,0.8194771,-0.83723056,0.39999864,-0.5131391949735951,0.3605838066161351,-0.11260666523597346,0.8269792358697836,,
1984-01-19,86.39472740719785,407.8305804953581,55.950697644717074,1.1639088,0.83849514,-0.493317,0.3216779,-0.2036200357358443,0.30322605981433426,0.21170645177502595,0.7696177825721908,,
1984-01-20,137.31137766396358,408.9185210196756,55.88080168899933,1.161953,0.8447692,-0.6017729,0.28786337,-0.15840715208235043,0.3025497765230497,0.2590803567146458,0.7689409670246352,,
1984-01-21,115.92530117366913,417.8884490871785,55.81173032076195,1.162244,0.84383273,-0.58151877,0.29765534,-0.20283571785945434,0.2964401961741948,0.21252825736485081,0.762831909678964,,
1984-01-22,106.3649872497179,437.4340851149784,55.85578601406323,1.1615679,0.84600973,-0.4879831,0.2765864,-0.16533732971838735,0.277277704608786,0.25181894027723345,0.7436689765423201,,
1984-01-23,58.96214740719784,447.753950495358,55.92637983564771,1.1646757,0.83604807,-0.60380256,0.31422558,-0.3980201184351809,0.29421119858969663,0.008014709646099905,0.7606052364977358,,
1984-01-24,94.21783740719786,432.8956604953579,55.93395934811768,1.3321174,0.8418931,-0.6332861,0.3145253,-0.28198402988096394,0.2989431832410154,0.12959692658368277,0.765335834053491,,
1984-01-25,38.77894740719784,513.384580495358,56.25209901446557,1.7538822,0.82470334,-0.75015247,0.47817293,-0.5742918356595185,0.4483473180765255,-0.17668219310683936,0.914743492591849,,
1984-01-26,38.77894740719784,800.1622804953583,56.46272529702871,1.4476568,0.8638697,-0.22711265,0.42129385,-0.14969865286777603,0.4037993238012284,0.2682050924231615,0.8701904120528359,,
1984-01-27,38.77894740719784,727.2371104953581,56.568334260614115,2.007419,0.86881024,-0.491861,0.5280031,-0.3653369392116064,0.5031992257725798,0.04226003311470217,0.9695928714285131,,
1984-01-28,38.77894740719784,684.4835204953579,56.65255099100614,1.3357021,0.8768644,-0.2588421,0.48879677,-0.17334791269089556,0.4649720918317781,0.24342547882144738,0.9313634579608113,,
1984-01-29,38.77894740719554,639.2663004953579,56.79013956549668,1.2674356,0.85819155,-0.35418975,0.44747692,-0.2614453200581938,0.42473018633172177,0.15111731652791405,0.8911225932279805,,
1984-01-30,38.77894740719784,616.972050495358,56.886870777822,1.4915186,0.86175275,-0.71243346,0.45830503,-0.5820990135979353,0.43420334563003427,-0.1848625274632098,0.9005996155984917,,
1984-01-31,38.77894740719784,610.8423204953581,56.84987913877646,1.1741923,0.85238045,-0.442968,0.37866133,-0.3464321089734226,0.3596745967135176,0.062068449615341914,0.8260680160377959,,
1984-02-01,46.10350740719787,540.5183604953581,57.01585110805437,1.157731,0.85847217,-0.4921254,0.33302873,-0.362460657075395,0.3141851556217318,0.04527379170494589,0.7805787668159998,,
1984-02-02,64.40165740719783,506.912570495358,57.17277299373773,1.1595932,0.8524011,-0.498016,0.3229617,-0.3111612425240009,0.30223654835677877,0.09902514291362052,0.7686295465049366,,
1984-02-03,81.73243740719786,454.1695704953579,57.33963495256632,1.4919558,0.86499,-0.8379787,0.46804065,-0.48263162163939444,0.41802059432502126,-0.08064093418132051,0.8844156533841727,,
1984-02-04,38.77894740719784,483.5202304953581,57.811539744364445,2.5174882,0.86031294,-0.8935894,0.77037996,-0.64032840137661,0.7160366084897375,-0.24587508093050064,1.1824335925880474,,
1984-02-05,38.77894740719784,651.7633304953579,58.091858797956164,2.3130407,0.8234921,-0.5069212,0.80619055,-0.3485598988032808,0.7623211175829886,0.059838958705102085,1.2287145623611004,,
1984-02-06,39.48121740719784,561.7836604953582,58.21914352627744,1.719096,0.83765924,-0.52282083,0.6891665,-0.3756085003331951,0.6462582906614145,0.03149752648307674,1.1126520594614413,,
1984-02-07,54.87556740719781,489.677200495358,58.28237632117684,1.1778228,0.86857957,-0.50519717,0.4660829,-0.33559619818865105,0.4281570917243189,0.07342227989491751,0.8945503815035656,,
1984-02-08,62.93206740719784,429.9852104953581,58.31964716260507,1.1754644,0.85857445,-0.69577634,0.4011357,-0.45687003319435987,0.3666891511118762,-0.053648029870197955,0.8330838983953975,,
1984-02-09,45.67480740719784,439.4441104953579,58.35201357641143,1.2683865,0.8473056,-0.61725056,0.47847536,-0.4397144861507634,0.4407065320879268,-0.03567250632122143,0.9071010721699899,,
1984-02-10,38.77894740719784,441.7891304953581,58.38322830631826,1.739294,0.8582253,-0.48271692,0.57659113,-0.30341402520606303,0.5345686031630662,0.10714265073681828,1.000961508990747,,
1984-02-11,48.23321740719785,446.6150604953581,58.39963261895317,2.5252485,0.8032274,-0.8291863,0.90997314,-0.5022271440912504,0.8250006710114123,-0.10117305562243256,1.2913959677304199,,
1984-02-12,38.77894740719949,697.3180004953613,58.700885176085585,3.7458472,0.882098,0.07435572,0.8803412,0.2677766782298011,0.8352568939817633,0.7056343172791748,1.3016431822011738,,
1984-02-13,38.77894740719949,975.0915304953556,59.27749642705289,4.227388,0.87098235,1.1574717,0.8809402,1.2748911135571943,0.8479003195854836,1.7608853799667443,1.3142758484652877,,
1984-02-14,38.77894740720085,1548.2510304953548,61.13284396994296,4.359315,1.1443241,1.728208,0.96986073,1.792498829006407,0.9465753402219167,2.303232974860969,1.4129457905308618,,
1984-02-15,38.77894740719818,7686.246430495361,66.70575383263285,4.3815994,0.9838973,1.8090192,1.0593201,1.821933334200802,1.0540139456945559,2.334074348786833,1.5203841164093643,,
1984-02-16,38.77894740720182,6810.280430495362,71.53177184579292,4.0359335,0.87894255,3.7028885,1.6488186,3.7047741688390827,1.639490680914761,4.306908539151411,2.1058450254415373,,
1984-02-17,38.77894740719818,5964.951430495362,74.23327961861861,3.814873,0.8577162,2.8556414,1.5835668,2.8618371783224483,1.5733480534937285,3.4236820419240344,2.0397089821095036,,
1984-02-18,38.77894740720111,5046.271130495363,76.3455210715123,3.7655983,0.81469554,3.3987668,1.6292179,3.401564239036312,1.616805244319185,3.989206211175361,2.083161863611505,,
1984-02-19,38.77894740720048,3957.323130495356,78.01433684689877,3.5456822,0.7426522,3.8245964,1.5228696,3.8218897675627868,1.5081086093392155,4.429621863154461,1.9744621033799588,,
1984-02-20,38.77894740720185,3386.771630495359,79.37332189210736,3.2607946,0.6508967,3.7078161,1.260801,3.7027556169757907,1.2465498321038664,4.304793507409127,1.7129041914267449,,
1984-02-21,38.778947407202445,2313.229630495357,80.58652802831391,2.9652438,0.5932077,3.4687996,1.1114024,3.460497171129973,1.0931218167446657,4.050955935970949,1.5594779856740932,,
1984-02-22,38.77894740720216,1809.0511304953552,81.36840714569257,2.8904867,0.5720419,3.1618905,0.86212194,3.1561947702122315,0.8441146436996336,3.732108920495058,1.310473180788509,,
1984-02-23,38.778947407203,1569.7335304953615,82.25793960705622,3.3248987,0.73157716,3.658022,0.8777742,3.64999080029217,0.8567938329940284,4.249506712855532,1.3231485807389374,,
1984-02-24,316.5540120987995,1988.540180495358,83.09828501970759,3.685033,0.8095536,4.839523,0.8806744,4.680979050991161,0.7678243341366973,5.329772677680906,1.234172069074678,,
1984-02-25,229.30064209879936,1894.185330495358,83.87828337906743,3.2220747,0.7540464,4.5901732,0.98929816,4.442441699293157,0.8862191373052161,5.079834055970883,1.3525683866898779,,
1984-02-26,100.06727209879944,1822.4463004953584,84.66449163393405,2.5697522,0.6363492,3.4106612,0.86620474,3.3668917141427306,0.8217863543456725,3.952876458113963,1.2881432404596955,,
1984-02-27,114.05239209879892,1451.7007404953574,85.26636146172538,2.5652118,0.6122799,2.4109771,0.62963444,2.4222118659161254,0.585471892170789,2.9630441423686404,1.0518365770499414,,
1984-02-28,54.936842098799886,1522.226750495354,85.55201361998589,2.5036478,0.6226869,1.8769267,0.7265208,1.8987570405150007,0.7015494875096497,2.414569965654148,1.1679189331543511,,
1984-02-29,54.9368420987996,1386.9225304953573,85.84896499726106,2.3657763,0.58021,1.2877693,0.44841236,1.3288428789751168,0.43189337739529227,1.8174158553467594,0.8982683626188945,,
1984-03-01,62.03571209879972,1202.1215804953574,86.21486882606494,2.1259403,0.5850605,0.4027778,0.3726527,0.4873381660269783,0.35552676525743554,0.9356900936596577,0.8219106089715821,,
1984-03-02,80.00624209879895,1114.2456704953584,86.50582560888932,2.230723,0.56184787,0.21652997,0.40245652,0.35146632698093233,0.3773766456906611,0.7933240451618574,0.8437619956439968,,
1984-03-03,75.70021209879944,1027.5068304953586,86.60568557942082,2.192165,0.5585635,0.16243279,0.42898497,0.3017095938436402,0.4013828706937348,0.7411891102654862,0.8677687775173106,,
1984-03-04,73.14008209879869,926.6871704953592,86.66957896461894,2.411622,0.5971739,0.101097465,0.4417411,0.27011862020951477,0.41175048924602686,0.7080881960799906,0.8781367511004133,,
1984-03-05,68.5157320988,907.891930495357,86.7083935895801,2.4048183,0.6142186,0.10696888,0.4378671,0.26821181241283026,0.40941641441508564,0.7060902493887209,0.875802697735385,,
1984-03-06,60.47892209879846,891.2656804953568,86.76040384935268,2.8356235,0.62925404,0.27152395,0.65548754,0.4344604971519771,0.6151353802526246,0.8802850529657,1.0815198076456982,,
1984-03-07,84.71407209879884,850.3016604953591,86.75118490483489,2.450441,0.6357865,0.56824386,0.5575066,0.7387742263085167,0.5102574135015779,1.199143938131479,0.976638525535803,,
1984-03-08,107.33818740719926,739.5064904953593,86.69826184697605,2.0623527,0.640265,-0.06853175,0.452136,0.20155941856577028,0.4030814912690952,0.6362520989555818,0.8694685275419509,,
1984-03-09,137.21011740720004,699.8703204953599,86.60079208934678,1.6665732,0.69511074,-0.31316078,0.38403726,0.011347495450566479,0.3407043799818124,0.43694869612240284,0.8070935929545836,,
1984-03-10,143.99293740719963,649.1766404953589,86.47561106943064,1.5746448,0.6863225,-0.34117353,0.35903654,0.00662638237727664,0.3191799262094894,0.43200192998252746,0.785569193734676,,
1984-03-11,154.4857974072004,621.0806404953578,86.33507824911842,1.6997933,0.65711725,-0.33222163,0.3848012,0.07253731671340011,0.33479919948274395,0.5010631816746598,0.801187707713342,,
1984-03-12,136.69816740720023,617.4369804953565,86.19672400214087,1.7653399,0.6825174,-0.38572872,0.37083876,0.004184327332909937,0.3278568072282,0.4294431530547876,0.7942461029813089,,
1984-03-13,122.11315740719974,591.9167204953574,86.05835922192794,1.8248243,0.7054298,-0.39350522,0.3605953,-0.014127217942910369,0.322353184200027,0.4102563785096692,0.788742691835102,,
1984-03-14,111.5787974072,616.0223104953583,86.06572847770292,2.603529,0.6640832,-0.5393163,0.50444,-0.057355930943703594,0.43905714836309356,0.364961480797401,0.905447157716251,,
1984-03-15,106.04295740719982,627.7178804953567,85.965755847876,2.9947684,0.7107264,-0.15441477,0.588564,0.3007044945289215,0.5138747879658614,0.740135970639284,0.9802607060675328,,
1984-03-16,99.61323740720049,691.0181704953574,85.76203954836228,3.6829455,0.8060303,0.20578182,0.86459804,0.6438766451209103,0.7624588931257281,1.099710576954258,1.228841027664251,,
1984-03-17,38.77894740719949,866.7314004953594,85.74356968125227,3.165569,0.76009643,1.2949324,0.8635342,1.375043346409278,0.8271936552805889,1.8658245471958763,1.293568177600985,,
1984-03-18,52.05497740719948,874.1855804953582,85.61976078592907,3.243022,0.72568357,1.3928142,0.8897022,1.4967963535427171,0.840690521267977,1.9933969318784595,1.3070638353815967,,
1984-03-19,92.42811740719912,885.6703604953592,85.71972913539334,3.3797307,0.7364886,1.9328609,0.88366437,2.0695868143730505,0.8031810383862616,2.593564818750244,1.269548895910578,,
1984-03-20,135.31371740719953,917.8918304953576,85.68984020872219,4.2657623,0.82572013,2.9590144,0.85086846,3.126902743164858,0.749100610520409,3.7014168346846055,1.2154593811547025,,
1984-03-21,112.38630740719992,1500.5920704953596,86.09565701585107,3.6135116,0.76972747,4.027363,0.88504,3.998527213727135,0.8251185371055582,4.6147019754405605,1.2914707780861852,,
1984-03-22,38.778947407199205,2195.599630495359,86.82993957527707,3.4281456,0.72697204,4.3870435,0.883193,4.370401243293527,0.8679563869870729,5.004350312432449,1.334306106542514,,
1984-03-23,38.77894740719881,1833.2429304953585,87.40522907637795,2.9208145,0.7156895,3.357205,0.9746078,3.348165083646718,0.954533946676157,3.933254758694025,1.4208909774723661,,
1984-03-24,38.77894740719892,1558.9456304953594,87.89011669305448,3.1430569,0.7428423,2.9651804,0.6712431,2.96949770082085,0.6551992192393866,3.5364883693787736,1.1215592616676446,,
1984-03-25,38.77894740719892,1403.7039304953564,88.31571647751552,3.80719,0.7735311,3.7409,0.83583504,3.7426821423600503,0.8136306751310811,4.346628384224755,1.279984742655663,,
1984-03-26,38.778947407200114,1212.4842304953563,88.6792625118342,3.560205,0.77558976,4.287021,0.828098,4.264495789912163,0.8027936618303726,4.893382940399139,1.269144083352106,,
1984-03-27,38.778947407200455,1030.5452304953585,88.97507081723346,4.0341964,0.8071244,4.5104246,0.8206161,4.493154238753071,0.7913980324010691,5.132970481464837,1.2577469543708835,,
1984-03-28,38.77894740719983,1178.6512304953578,89.25223265760292,3.02538,0.8231934,4.4228387,0.9518889,4.378325267766385,0.9219412540112015,5.012653078188188,1.3882909215601156,,
1984-03-29,39.14948740719944,1434.9399304953572,89.5335903992304,2.2431674,0.81357574,3.3162723,1.4350966,3.287772288112089,1.3971498293668148,3.869975393975285,1.8635073294906985,,
1984-03-30,38.778947407199546,1183.4861704953585,89.79578421751022,3.0939963,0.716522,2.8173518,0.6336674,2.8261289492732424,0.6139839644242476,3.386267081588751,1.080345189892846,,
1984-03-31,38.77894740719989,1112.8010004953585,90.03854056854959,3.3385358,0.74679023,3.6579576,0.7383489,3.647201166543777,0.7139283767247047,4.246583744149851,1.1802831450937923,,
1984-04-01,91.83094740720033,1222.8435904953571,90.29546236013253,3.9712756,0.7877365,4.3237157,0.82111514,4.299097494934125,0.7657391417312633,4.929638488641139,1.2320893324939357,,
1984-04-02,104.40394740719968,1572.050180495358,90.56473172628935,4.3823595,0.8319016,4.8454733,0.8241036,4.816632114281892,0.7745158530029298,5.471909493690134,1.240862755720911,,
1984-04-03,113.70154740719876,1862.7212304953584,91.0303982710413,4.9129434,0.8993194,5.4790735,0.8220984,5.4465046449358985,0.7765293368331092,6.13188777819787,1.2428726510656984,,
1984-04-04,276.0648774071996,2408.6272304953573,91.58118350506729,3.9554954,0.8076846,5.251644,1.0909375,5.118362127183305,0.9822747117142975,5.7880611697957844,1.448619838809876,,
1984-04-05,1916.3467474072,2253.431530495358,94.01163753875741,4.4593816,0.818327,5.654543,0.92174494,5.105270659818586,0.6241587271023366,5.774343975041974,1.090503929077859,,
1984-04-06,1866.2019474071992,5355.643430495356,97.47114359548915,3.7122257,0.6703955,6.870249,1.21179,6.054181904974097,0.9151961036140775,6.768609934025098,1.381536385855231,,
1984-04-07,1374.2951626583942,9141.537548200453,99.94567052077603,3.3970993,0.57949656,5.2006145,1.828919,4.964916312463599,1.591703660938079,5.627281169660753,2.0580496780211415,,
1984-04-08,2820.913873487197,7184.306664532644,99.94567052077603,3.2175827,0.5705753,4.2715864,0.90478677,3.974416186620693,0.6693078427221724,4.589438523657854,1.1356602526427493,,
1984-04-09,2194.26295077547,5287.083494899288,99.94567052077603,3.2413142,0.5892485,4.8559227,0.9134972,4.382361463060902,0.6683036404288373,5.016882189820739,1.1346532815152177,,
1984-04-10,1704.5068900338556,3860.512406410239,99.94567052077603,3.5333672,0.54489315,5.114545,0.9200557,4.6302467627431065,0.6597120326242678,5.276615559474246,1.1260600842075863,,
1984-04-11,1385.5867832512406,2961.478837672271,99.94567052077603,3.3932426,0.5424922,6.104785,0.9679453,5.24050602545198,0.6817157587022088,5.916043128873674,1.1480601966107211,,
1984-04-12,1199.2706341976,2436.4963561334266,99.85235604005068,3.7406454,0.50104916,8.148979,1.0075655,6.694874658252368,0.6951491596389752,7.439925610811456,1.1614867025405997,,
1984-04-13,451.1566974638068,2407.6804738100964,99.94567052077603,3.5939455,0.59693974,8.805655,1.0832283,7.983188155734232,0.9171336632757748,8.789816089593574,1.3834671190623742,,
1984-04-14,1042.4359978953507,2369.4175769239923,99.94567052077603,3.7724104,0.6320614,8.077256,0.99813354,6.761981048222694,0.7195684000242709,7.510239456830646,1.185905683168702,,
1984-04-15,1526.0802915576432,3457.5978488840487,99.94567052077603,4.231804,0.72112274,8.394928,1.0008366,7.12011418886355,0.7286312506883424,7.885490137377237,1.194967234652534,,
1984-04-16,2659.583372006161,6941.172067553263,99.94567052077603,4.488899,0.74378496,8.284113,1.2230982,7.232769907186742,0.9079650080774685,8.00353041394197,1.374300613696881,,
1984-04-17,2940.5476059387265,7120.840149213397,99.94567052077603,3.83354,0.74487495,7.904531,1.1399482,6.714740563025819,0.8356412480913731,7.46074103792488,1.3019787135588454,,
1984-04-18,2031.6778278463005,6216.652009116214,99.94567052077603,3.962201,0.69571775,8.137219,1.1368531,7.108854620618242,0.8737987860337753,7.873692400258712,1.3401348086101754,,
1984-04-19,1756.8114842240595,6433.582531668887,99.94567052077603,4.3841524,0.72058654,8.449755,1.011787,7.577696935871154,0.8096522354325651,8.364943775523434,1.2759867729037215,,
1984-04-20,1472.026018102517,6148.266231671043,99.94567052077603,4.67453,0.68603754,8.551621,0.96615905,7.802676483291303,0.7907088673352016,8.600676576256156,1.2570427814282454,,
1984-04-21,1169.583463887078,4730.847165028766,99.94567052077603,4.812646,0.5970431,7.5537457,1.0430871,7.010404888825665,0.8446582287197494,7.770537107820021,1.310994595084499,,
1984-04-22,915.3720115129169,3460.535123853536,99.94567052077603,4.9062552,0.60750836,6.7345667,1.0013584,6.352112246114456,0.8020217964709285,7.080780327048043,1.2683607464861413,,
1984-04-23,778.4392010081878,3047.8181325613573,99.94567052077603,5.1878715,0.61561775,6.793665,0.84280777,6.466971643862821,0.6829243204506529,7.20112961138157,1.1492627839737564,,
1984-04-24,816.0956817418155,3236.836121441321,99.94567052077603,5.659104,0.6467254,7.1779804,0.8493786,6.872140439510955,0.6907349274207123,7.625664090461444,1.157071795324361,,
1984-04-25,756.0518448054252,2952.4136587183366,99.94567052077603,5.706135,0.66431236,7.8936586,0.98354226,7.447684033512186,0.7946519329644957,8.22871670085858,1.2609868570723166,,
1984-04-26,617.2269673019408,2474.6580666095883,99.94567052077603,6.083349,0.8257189,9.769747,1.1434239,9.033838440778391,0.9298908788541009,9.890683866794513,1.3962224068550142,,
1984-04-27,503.2884207766098,2048.5030347878296,99.94567052077603,6.3307004,0.98983973,10.721346,1.1224616,9.85538131136636,0.9219851207087449,10.751493678292773,1.3883160209127408,,
1984-04-28,441.7419606833659,1716.1364244767228,99.94567052077603,6.177447,0.9028745,10.308204,1.0837122,9.462591337959687,0.881459808854465,10.339929686842614,1.3477909129043997,,
1984-04-29,492.4686171750018,1541.7527581038366,99.94567052077603,7.6780014,1.2796988,11.106788,1.0687991,10.276706129334055,0.8672729649601759,11.192956382332484,1.3336038426714394,,
1984-04-30,445.0781974851959,1389.6731801570177,99.94567052077603,8.235409,1.5959092,11.482548,1.0487024,10.694849339122403,0.8836280031402338,11.631085408197658,1.3499590592720134,,
1984-05-01,631.625372006161,1520.370667553263,99.94567052077603,7.2628217,1.1875048,10.959435,0.9976242,9.87445434938577,0.786285235175802,10.771478342331593,1.25261612997394,,
1984-05-02,555.073672006161,1345.3904675532635,99.94567052077603,7.20058,1.127087,9.852891,0.9652557,9.078223406232645,0.7584906000595985,9.937190281875067,1.2248220744161515,,
1984-05-03,545.1066711416247,1095.25937537166,99.94567052077603,7.5799956,1.1375899,9.380473,0.9805587,8.78216015599432,0.7560116600547929,9.62697622031694,1.22234353485082,,
1984-05-04,1996.6732205742103,5472.849349849285,99.94567052077603,10.154778,1.9139841,9.678169,1.0723832,9.805571098886798,0.9376166531048606,10.699302707924382,1.4039475693887333,,
1984-05-05,1437.0678751172695,4110.908286679312,99.94567052077603,9.119541,1.5985684,10.985284,1.1291286,10.502008726537872,0.9335128711894505,11.429027673524242,1.3998438201895387,,
1984-05-06,992.7093886423324,2953.226400361453,99.94567052077603,9.88817,2.2718723,10.99783,1.088347,10.71866466025415,0.9950641572863695,11.6560390202709,1.4613952295994312,,
1984-05-07,775.4685152314636,2374.934870548829,99.94567052077603,9.047251,1.6009845,10.482408,1.1368743,10.12914521146392,0.943295627300766,11.03834255699992,1.4096264897871402,,
1984-05-08,905.4775792402088,2254.1614414163973,99.94567052077603,9.983006,1.7454256,10.433949,1.1583229,10.304719634235939,0.9659675631537912,11.222308837009301,1.432298446568216,,
1984-05-09,1016.9798855219316,3066.3818032000786,99.94567052077603,8.779753,1.2203752,10.836759,1.1886461,10.324451900115577,0.9429364605158381,11.24298423774661,1.4092673484862743,,
1984-05-10,708.7672381195197,2325.0076783221507,99.94567052077603,8.895943,1.3993257,10.447944,1.1218783,10.085356649100076,0.9198343444294983,10.992461051038797,1.3861652071897168,,
1984-05-11,623.7998852825949,1966.006308721971,99.94567052077603,9.125254,1.4463615,10.598864,1.1894486,10.243919010128678,0.9678258359583698,11.15860215090625,1.4341567081346787,,
1984-05-12,546.9204309236236,2088.453562367426,99.94567052077603,10.32844,2.216356,10.888213,1.2052631,10.772043105657717,1.0601160651099506,11.71196877289967,1.5264471760473701,,
1984-05-13,558.3829145829129,2056.8384250004765,99.94567052077603,9.989367,2.0058963,11.185483,1.1514254,10.930096951642934,1.0017510765144026,11.877577052442936,1.4680823209299316,,
1984-05-14,1561.1956145829129,2279.812362387371,99.94567052077603,9.167133,1.3286643,10.0307,0.97581166,9.679699137754278,0.7918992463145726,10.567414497321503,1.2582302158792467,,
1984-05-15,1181.7357145829128,1968.0664460026403,99.94567052077603,8.863762,1.1375532,8.761886,0.9278625,8.800107349453395,0.7198987647564753,9.645781228273947,1.186230612423564,,
1984-05-16,1025.2192145829129,1858.589182834381,99.94567052077603,8.325134,0.9996379,7.542045,0.8838142,7.820440191223904,0.6713799996865902,8.619289328705737,1.1377138670255225,,
1984-05-17,1160.473454458537,1875.3644106218003,99.94567052077603,9.17358,1.4376299,7.943799,0.88657033,8.413892760272448,0.7758509349796279,9.241106901938679,1.242183447787206,,
1984-05-18,1051.695272006161,1630.8285675532634,99.94567052077603,9.12096,1.4856654,8.44996,0.89636636,8.713028445185692,0.7976361004641982,9.554540250046593,1.2639680832022717,,
1984-05-19,936.582372006161,1548.2860675532634,99.94567052077603,10.647917,2.4680583,10.341019,0.97884446,10.456692956276743,1.1123584344356177,11.381545964348843,1.5786893644327085,,
1984-05-20,864.9973720061611,1516.7063675532636,99.94567052077603,10.848497,2.3280842,11.186733,1.0509362,11.06389129833011,1.078336378838652,12.017766311548664,1.5446677585757735,,
1984-05-21,1032.0300720061612,1942.6697675532632,99.94567052077603,12.55699,3.0399044,12.333272,1.0601233,12.410887671169114,1.2615899812429805,13.429144506532618,1.727923864046235,,
1984-05-22,760.329172006161,1460.3232675532636,99.94567052077603,13.225231,3.229571,13.536742,1.0429933,13.430083947846821,1.30121818638764,14.497054881287339,1.7675553422717587,,
1984-05-23,610.0351352502287,1391.438074363601,99.94567052077603,12.322924,2.9724028,13.590983,1.0769051,13.204487590862644,1.1752817556730468,14.260675789601885,1.6416180846854609,,
1984-05-24,735.3552490088587,2109.015588808919,99.94567052077603,12.411194,2.94607,13.741717,1.0797062,13.397737074118792,1.1049971926803421,14.463161937567365,1.5713342264296604,,
1984-05-25,474.3239524613189,1233.7155443807103,99.94567052077603,12.88962,3.141752,14.450793,1.0319548,14.017254137110273,1.1475148310422103,15.1122897984567,1.6138544119762388,,
1984-05-26,442.8861546625786,1050.836428403522,99.94567052077603,13.14703,3.2156367,16.215796,1.0219116,15.305911828133755,1.1940985011529046,16.46254092205516,1.6604447866651646,,
1984-05-27,421.4425168727712,994.5498534287824,99.94567052077603,12.482027,2.9358737,15.931473,1.0038888,14.904812523340016,1.1228105074349872,16.042270441581664,1.5891545025473264,,
1984-05-28,832.6492391858768,1215.3473164220798,99.94567052077603,10.273733,2.2372186,14.733601,0.9308029,12.920362575711048,1.0641654886120353,13.962970569958818,1.5305008590501616,,
1984-05-29,5580.538430046084,12894.477330338896,99.94567052077603,11.146248,2.86076,13.005898,1.2132158,12.444174911205232,1.2098306349877472,13.464022762855725,1.6761646059228617,,
1984-05-30,6323.8138145829125,16996.279458809775,99.94567052077603,11.763046,3.0039656,11.027478,1.2840495,11.226945489496918,1.240718637265381,12.188613935680376,1.7070502095986677,,
1984-05-31,3784.412214582912,12520.207147790226,99.94567052077603,12.639784,3.1551707,11.374896,1.2363724,11.668485048476986,1.199033243165333,12.651257576252217,1.6653654897020767,,
1984-06-01,2665.429378604354,8482.434842878945,100.0,12.622187,3.1296628,11.354442,1.2130828,11.657556638462282,1.1882525187711825,12.63980682559571,1.654584745929691,1.4131551583333423e-12,4859.999999999998
1984-06-02,1935.3953595355597,6181.7688945114905,100.0,12.730673,3.201141,11.755268,1.236767,11.987836238602567,1.2123121219155448,12.985872661618368,1.6786449950447353,1.4128053433920374e-12,4859.999999999996
1984-06-03,1599.4655553029029,4404.74961743336,100.0,12.110298,2.893874,11.898974,1.1768925,11.955269043396529,1.1574591579539744,12.951748865806868,1.6237919618424919,1.3904581038206516e-12,4859.9999999999945
1984-06-04,1225.7840720061624,3394.704867553264,100.0,13.409632,3.2698128,12.226813,1.2705237,12.540606940662498,1.2742986986146434,13.565063913684645,1.7406329320185037,1.4290080905002514e-12,4859.999999999993
1984-06-05,974.2083220061627,2596.629717553263,100.0,14.009922,3.4148307,12.818112,1.2524048,13.143265984504659,1.3028330241218584,14.19652799973558,1.7691691387822195,1.4399247008194475e-12,4859.999999999991
1984-06-06,756.8678594059857,1935.7073061966407,99.99999999999999,14.513971,3.5418549,13.521758,1.2414489,13.800663689145518,1.337063683347756,14.885347067456639,1.8034023238496517,1.4450783534381675e-12,4859.999999999989
1984-06-07,528.2595714730039,1342.7635030592403,99.99999999999999,14.254787,3.5511875,15.272225,1.2536244,14.98496471769249,1.3471063044612928,16.126253636837614,1.8134507425569089,1.4153623038295102e-12,4859.999999999987
1984-06-08,426.90179425754815,1034.6322559925666,99.99999999999999,13.800184,3.4371886,18.02153,1.2905881,16.788510544865982,1.3574467569764845,18.01600278943701,1.8238031055544166,1.3691372452230198e-12,4859.999999999985
1984-06-09,356.94495863921185,800.3793345125786,99.99999999999999,13.368063,3.291905,20.809795,1.4593976,18.514596979499917,1.4316035789749524,19.824590255315144,1.8979748101342913,9.948073873419147e-08,4859.999999900505
1984-06-10,297.42428872776867,683.9554504953579,99.99999999989603,12.599537,3.0445724,22.87955,1.7071564,19.764012940553492,1.5056409482363131,21.133724028392276,1.9720250775965145,0.0007697986684920138,4859.9992301018365
1984-06-11,259.6061487136109,585.5870504953579,99.99999919550872,11.765097,2.748965,24.407461,2.0174003,20.52428325858817,1.6329828651766096,21.93033266877494,2.099375716602214,0.06916048270251857,4859.930069619134
1984-06-12,235.76599182062998,505.5448704953581,99.96362144629316,10.84276,2.487098,25.16533,2.2285163,20.61019041619166,1.7132849078736543,22.02034589485295,2.1796787864101,0.07302182062989275,4859.857047798504
1984-06-13,246.84335677628818,463.446590495358,99.88720813904101,10.386795,2.404958,27.076609,2.429285,21.27648487423504,1.7919013628028841,22.71848695037714,2.258303494097131,1.1990167762880841,4858.658031022216
1984-06-14,266.63094502014434,453.0090304953581,99.7312711208007,9.756014,2.2236588,26.93387,2.4145477,20.569371047493263,1.728873600914475,21.977575499864802,2.195266990360123,0.059665020144274196,4858.598366002072
1984-06-15,238.94507006596126,441.11883049535805,99.55054716313188,8.780943,1.8978121,23.721207,2.0914009,18.47184353142235,1.511596741642054,19.779793338564822,1.9779675630259732,6.596139908546318e-08,4858.598365936111
1984-06-16,244.25788000008893,411.2559904953579,99.42108089671137,8.530708,1.6877488,23.195662,2.1839924,17.73119992479566,1.507623537183593,19.003749499304888,1.973987591522275,8.903794354440343e-11,4858.598365936022
1984-06-17,263.0861500000011,379.9930404953581,99.27622892733905,8.0439,1.6730281,20.870323,1.9285383,15.622984338734117,1.3293124590525345,16.794768414804064,1.7956606853596027,1.2020998179333934e-12,4858.598365936021
1984-06-18,366.12431000000123,382.66625049535816,99.06827675226741,8.885469,1.9525455,23.767023,4.1898084,16.490624518977683,2.3443828277698353,17.70387882978369,2.810736952663434,1.2222379738409902e-12,4858.59836593602
1984-06-19,392.9146100497649,408.763620495358,98.96169839181925,8.8526325,1.7940207,27.651125,5.727256,18.43769986436048,3.0497436803837603,19.744017720931677,3.5161141760148507,4.976484843134127e-08,4858.598365886255
1984-06-20,296.4796400002927,404.2773004953581,98.81043768789223,8.355867,1.5851637,24.827787,2.6571171,17.858767710039295,1.6732187479824188,19.13741458861451,2.1395839231543965,2.926637884959858e-10,4858.598365885962
1984-06-21,281.4968046916011,348.2560904953579,98.52109113727883,7.9858193,1.3424553,23.381374,2.3506582,16.49962823691219,1.431743303179788,17.713312894657797,1.898097493797824,1.1838317176339766e-12,4858.598365885961
1984-06-22,242.66632647812372,301.154739045881,98.2797962803632,7.9008584,1.1411908,22.851414,2.4364407,16.18010845855304,1.4421386136850138,17.3785211631168,1.9084905286369773,1.1858955105905027e-12,4858.59836588596
1984-06-23,245.16700755308037,318.0665846241006,98.07410678930883,7.839451,0.98475736,23.02818,2.505079,16.416756970983453,1.4781722309475485,17.626480665498917,1.944525820130524,1.1790025484653255e-12,4858.5983658859595
1984-06-24,374.8952360000014,305.16676049535806,97.89365591387053,7.538239,0.81759113,24.624035,2.6666164,15.205212022129556,1.2786685380771268,16.357028009549026,1.7450142312644934,1.1870868039681004e-12,4858.598365885959
1984-06-25,494.6527700000017,519.1045504953577,97.81926610785628,7.5588746,0.76646334,23.81254,2.5748734,15.881726166635072,1.3705043217457165,17.065877217613995,1.83685421700139,1.1764479415340921e-12,4858.598365885958
1984-06-26,336.88932469160085,440.0113504953581,97.65549675774456,7.393621,0.71150553,21.234554,2.2840335,15.23267679319647,1.3298870076733849,16.385805502789314,1.7962328612607124,1.180176305277457e-12,4858.598365885957
1984-06-27,304.938424691601,351.72604049535806,97.3828776108342,7.4248567,0.70592296,22.510231,2.6559165,15.504963433679167,1.4598572331914117,16.67110651392177,1.9262047236612148,1.1769792237561537e-12,4858.598365885956
1984-06-28,274.4377246916011,288.10913049535804,97.23217381235476,7.594049,0.6956995,23.702705,2.925336,15.844119078445027,1.536176146512841,17.026472639161863,2.002525794438116,1.1786200060092784e-12,4858.598365885955
1984-06-29,254.69637469160108,291.6612004953576,96.9899576044362,7.666357,0.6445362,23.925293,2.8758347,16.345839099412913,1.5643288837187272,17.55217316208792,2.0306819644542893,1.1728646935824198e-12,4858.598365885954
1984-06-30,565.455464691601,570.4854904953579,96.79373968397704,7.4537053,0.5538214,23.569685,1.9743124,15.547376487756353,1.0291397279591068,16.71554676700207,1.4954874810322962,1.177623615403088e-12,4858.598365885953
1984-07-01,619.6873296916012,664.100470495358,96.66531921321457,7.7527165,0.86712575,21.514313,1.6711506,14.871558542864928,0.9604817423622352,16.00742703451291,1.4268255558437815,1.2020898944282268e-12,4858.598365885952
1984-07-02,593.7112746916011,722.5692904953581,96.53695321092059,8.191029,1.018234,20.5329,1.5202177,14.966071391116756,0.9525538686735766,16.10645727383517,1.4188982016881577,1.2197171189690275e-12,4858.598365885951
1984-07-03,515.2485846916012,586.4391304953582,96.51334509934824,8.384733,1.1621069,22.328968,1.7896763,15.807385596909336,1.0967971545864794,16.98798342277589,1.5631465624883218,1.2135149884312713e-12,4858.59836588595
1984-07-04,482.95251469160115,601.5991304953579,96.47609437553903,8.4135,1.1276487,24.000605,2.086792,17.059642903945257,1.2617638243011275,18.30009434846067,1.7281222850666853,1.2891061712941591e-12,4858.5983658859495
1984-07-05,462.2770946918152,531.5203304953579,96.43853181264932,8.329128,1.0381128,26.083733,2.1604216,17.824960038763585,1.252320202033997,19.101991026217565,1.7186850783533627,2.1529130611091073e-10,4858.598365885734
1984-07-06,504.6924647752876,575.2192804953581,96.41735369041842,8.405172,0.9568667,27.359169,2.0829656,18.50109395278362,1.1962303172093225,19.810441830079597,1.6626014187215035,8.368823294817977e-08,4858.598365802046
1984-07-07,722.7485149748287,774.4628604953587,96.5554276871457,8.252899,0.9892369,28.356815,2.456837,18.65205634831527,1.3576063546429282,19.968619712078524,1.8239789174607592,2.8322895645226027e-07,4858.5983655188165
1984-07-08,568.066844691601,823.6182804953581,96.60949045545908,7.872704,0.91510355,23.127943,1.5560465,16.900963004084055,0.9937627113066583,18.133830091806207,1.460119925713821,1.1886647215551759e-12,4858.598365518816
1984-07-09,499.9895446916013,691.8579304953582,96.60233310566983,7.693019,0.858026,22.618929,1.4763066,16.357390332938568,0.9295079114193082,17.564276505090184,1.3958610745795998,1.1737955668979872e-12,4858.598365518815
1984-07-10,464.227468691601,601.8670704953581,96.46561433754579,7.680054,0.8751638,22.955667,1.5394757,16.30395037496373,0.9489941814373216,17.508282299799507,1.4153469645526258,1.1742084250354533e-12,4858.598365518814
1984-07-11,525.4626946921377,515.779980495358,96.23523030213703,8.005152,0.88767123,28.02706,2.2004368,17.92301188246655,1.1784494288987857,19.20472941287607,1.6448151755772453,5.37728607932139e-10,4858.598365518276
1984-07-12,517.533459117624,729.9912104953582,96.08622380840195,7.9829926,0.8359099,28.443026,2.0965462,19.95521618611986,1.2748669845520668,21.334066135501118,1.7412532452542393,0.0022644260239749066,4858.596101092252
1984-07-13,426.0518911360053,596.357640495358,95.86818597033736,7.79099,0.7932542,30.281324,2.3250027,20.909297567441445,1.395848277617312,22.333749345485828,1.862245798127846,0.2648964444052809,4858.331204647847
1984-07-14,400.92094851258815,493.3817504953581,95.617855468854,7.8114676,0.7700257,33.16868,2.764657,21.80089760814189,1.5638229449376324,23.267964820349487,2.030231928573311,7.436597820988113,4850.894606826859
1984-07-15,386.58839170339473,403.4463304953578,95.34844684553892,7.8124194,0.74811685,35.543533,3.6600037,21.973842746235555,1.9045637722070836,23.449176144860647,2.370975084602766,15.945197011794741,4834.949409815064
1984-07-16,527.237833366244,583.6396904953581,95.1193734983243,7.679478,0.70953417,35.419605,2.972783,22.253757366133073,1.5977508400823646,23.742469726749007,2.064165994071515,29.52405267464398,4805.425357140421
1984-07-17,427.6589397433202,506.9936504953581,94.86793805838897,7.7425895,0.71236956,33.258904,2.4824488,21.58367795109831,1.3854695060381694,23.040362806227474,1.851875613187878,3.729980051720173,4801.6953770887
1984-07-18,568.1571560736337,856.040130495358,94.74772568460249,7.6335907,0.6586265,27.231203,1.0634164,19.413098227306776,0.6910823097462967,20.766036791394306,1.1574626362190814,8.138203371046639e-05,4801.695295706667
1984-07-19,456.49760417326695,996.493610495358,94.635490792303,7.5657988,0.6648773,24.538103,1.088254,19.205781619379138,0.7750298843924205,20.5488111582841,1.2414080303244062,1.948166693787942e-05,4801.695276225
1984-07-20,406.36124279817864,693.1478104953578,94.39479341728548,7.647549,0.71376073,28.695606,1.446714,20.916575574673033,0.949414964019935,22.341375216584463,1.4158125744232943,0.2918481065786206,4801.403428118421
1984-07-21,387.3666039105816,396.785330495358,94.25125480381222,7.6461606,0.7061655,33.293777,2.3859763,20.62400033870806,1.2567045268167343,22.034815884458776,1.7230985712526188,0.07974921898157912,4801.32367889944
1984-07-22,329.4060033136506,544.1782304953579,94.13709076461775,7.740994,0.7307769,30.458385,1.9160253,21.89224513769258,1.224938187252547,23.36367844955679,1.6913483966505432,11.730378622050655,4789.593300277389
1984-07-23,351.18732451700595,476.7148804953579,93.97945819170013,7.793303,0.7358695,32.452755,2.1570427,21.992477291819895,1.2806716763585129,23.468701358024912,1.7470832417147386,19.452369825405913,4770.140930451983
1984-07-24,342.4636610337372,409.4344504953579,93.82123391552213,7.8106227,0.73658735,33.77108,2.539209,21.946986936787823,1.4228058286255116,23.421036719523308,1.889216777156805,19.598796342137152,4750.542134109845
1984-07-25,305.2277762164968,356.433720495358,93.64683805407708,7.7821417,0.73675644,31.871342,2.2522314,20.758872581112264,1.2599701968649264,22.176134559012205,1.7263658729927172,0.15756552489683912,4750.384568584948
1984-07-26,292.94307251441546,310.54896049535813,93.48187205291102,7.4916353,0.7401802,30.215406,2.0541909,19.18498520322797,1.1164524242236593,20.527020744529896,1.5828303541326425,1.78228154540275e-05,4750.384550762133
1984-07-27,404.8147946957042,581.1860304953581,93.28675953577455,7.8865504,1.2452884,25.273344,0.9919327,18.1349815687954,0.7766911166396961,19.426830525629317,1.2430587824444914,4.104207959020098e-09,4750.384550758028
1984-07-28,250.87653469160853,923.840780495358,93.16447622322947,8.106621,1.3593932,18.998713,0.8990615,16.67256121906874,0.7643365607199898,17.894511482219603,1.2306920316874068,8.616507135108248e-12,4750.38455075802
1984-07-29,277.74009472417924,631.5000604953582,93.01952511121388,8.576584,1.3594903,22.681074,0.9744649,18.372660744788146,0.7940485657169871,19.675869953768895,1.2604184445206867,3.2579242085995637e-08,4750.384550725441
1984-07-30,279.6618755412597,519.1781304953579,92.8611825668876,8.413868,1.1675198,25.448427,1.0914848,19.484884121803606,0.8187003714212735,20.84125380626028,1.2850814643873574,0.00014084965964580298,4750.384409875781
1984-07-31,273.4156984048694,457.9270904953581,92.68515311766225,8.29483,0.979265,27.969883,1.4032116,20.6142785328909,0.9518376901965209,22.024629409555885,1.4182316178210412,0.08173371326941115,4750.3026761625115
1984-08-01,255.5899208158154,417.69217049535786,92.44715174269597,7.9624343,0.8763909,28.9717,1.6695237,20.996207485218257,1.08786392190337,22.42481326024568,1.5542625198202975,0.44066612421547646,4749.862010038296
1984-08-02,256.8889053867758,445.8826204953581,92.22307908757811,8.039366,0.84185636,28.77186,1.5987552,21.193368985159058,1.0600028023817365,22.63139840592078,1.526403876490116,0.9752606951757435,4748.88674934312
1984-08-03,267.5643499056751,526.5819304953579,91.96687050709504,8.031527,0.8249334,28.36196,1.54793,21.51221502837278,1.0633657256045996,22.965484200079445,1.5297708982138507,3.2244012140751352,4745.662348129044
1984-08-04,257.0244969501922,411.501190495358,91.70405568765084,8.053364,0.8245706,29.478447,1.801271,21.241259781510106,1.1531774266697892,22.68157821863091,1.6195791089569873,1.1863222585921882,4744.476025870452
1984-08-05,295.5289349539215,395.142685495358,91.43804938307039,8.12467,0.8144439,31.067415,2.0794418,21.250528520628315,1.2396678789233555,22.69128997179537,1.7060696792197505,1.2284102623215327,4743.24761560813
1984-08-06,278.0054172268395,396.3024604953581,91.1739080156994,8.216663,0.81465286,31.253172,2.2271059,21.75561985990436,1.3513138414622228,23.22052295052044,1.8177222210667328,9.02573253523943,4734.221883072891
1984-08-07,254.89731616524318,347.620820495358,90.85435748077285,8.144432,0.80401146,31.266531,2.3528175,21.48464958172448,1.3994163379733355,22.93660121930912,1.8658211516619707,3.154511473643157,4731.067371599248
1984-08-08,246.44195815603533,338.921260495358,90.53336248345545,8.132717,0.82375246,30.411753,2.284937,21.03212484527728,1.3676638280058226,22.462447347338173,1.8340628737055797,0.5234474644353242,4730.543924134812
1984-08-09,239.44263470987897,315.6784669922768,90.20858414330874,8.277826,0.84329915,30.10366,2.303744,20.68943502558958,1.3596208000975734,22.103378125695947,1.8260156335685649,0.11808588517787047,4730.425838249635
1984-08-10,264.65052747454666,310.75773700264745,89.87117673543354,8.291426,0.84341323,30.834013,2.574556,20.465883115239027,1.443525508647036,21.869141198204613,1.9099176666549311,0.040558670454462195,4730.38527957918
1984-08-11,231.29017308598253,330.85850049535804,89.56724912391138,8.205915,0.84055287,29.488094,2.4935365,20.731765145311613,1.5077944747409295,22.147731480442417,1.974189821251521,0.1436483943825378,4730.241631184797
1984-08-12,223.49257681668738,267.85879049535805,89.28612167334016,8.196253,0.88177943,29.720186,2.8199577,19.92996346993808,1.5887515424892429,21.30760642580794,2.0551375193036914,0.002262125087385811,4730.23936905971
1984-08-13,216.9870484562023,264.0170464434928,89.0933830551025,8.461735,0.9590891,29.979067,3.2784503,20.272325414423538,1.850781342095411,21.666332100934042,2.3171712297632174,0.015255094346031409,4730.224113965364
1984-08-14,207.90292584885432,270.33193635115754,88.79758755492098,8.451973,0.8949944,29.9401,4.4331665,20.598571575025225,2.5359622721351824,22.008171712795782,3.002356011262681,0.07813721964245599,4730.145976745722
1984-08-15,198.52492920387385,301.1639778334037,88.61116471560821,8.483572,0.8716212,29.841732,4.032559,21.356198033964727,2.454981402375332,22.8020101266561,2.9213845549942095,1.9932877347012228,4728.152689011021
1984-08-16,211.08362920286788,335.3008309273507,88.38521290636669,8.370253,0.9009506,28.963873,2.6683269,21.00798025773862,1.6740608828854293,22.437148731049305,2.140459627411385,0.48024891652119894,4727.6724400944995
1984-08-17,242.637173161024,326.00437931915883,88.14999849803316,8.530265,0.898267,28.80242,2.621904,20.152368826315524,1.5512451598964256,21.540641997965547,2.0176336620297874,0.0080300652872232,4727.664410029212
1984-08-18,257.0772545622034,386.9605925756967,87.86320838614111,8.531422,0.9195526,26.675014,2.1354516,19.43273043675458,1.3345248640216698,20.786607353344362,1.800905399531844,0.00010138335163647226,4727.664308645861
1984-08-19,260.2393040446115,355.76709136172786,87.56441133917401,8.356825,0.88562757,26.393618,2.1780381,18.77375778959709,1.312362589825475,20.09613806623805,1.778736349677187,8.670425077877612e-07,4727.6643077788185
1984-08-20,175.65357003821507,311.7531000017154,87.35721471448956,8.533522,0.951463,24.590261,2.6770892,18.803669187099057,1.746303901015361,20.127479126293615,2.212677957663077,1.0932024191459372e-06,4727.664306685616
1984-08-21,214.37794664314526,342.1667390185707,87.08712345388697,8.713612,1.0069216,24.931885,2.3424137,18.684695297606297,1.4914445793560054,20.002818691574994,1.9578174615427988,4.2876118387472514e-07,4727.664306256855
1984-08-22,249.463611080691,347.3983570668254,86.77484187294874,8.654371,0.94253105,25.547195,2.2650788,18.48669377013917,1.3759673690981324,19.7953533679293,1.842338332578988,8.585461823510333e-08,4727.664306171
1984-08-23,230.513582485184,282.6183277105883,86.53043840718091,8.374504,0.9157108,26.593815,2.5180259,18.409177507360152,1.446578911423788,19.714132092765535,1.9129491359549342,4.522010140661355e-08,4727.66430612578
1984-08-24,178.60992167228338,302.5273659791619,86.32032682706452,8.668581,0.9984392,24.998991,2.6580887,18.936743653055792,1.7119459999702444,20.266914096830778,2.1783213894504554,3.0226427794521127e-06,4727.664303103137
1984-08-25,223.86548856586415,320.33105690530067,86.04934167917845,8.8510475,1.0643847,25.625755,2.4230795,18.72516362650699,1.4919948967864987,20.04522126826308,1.9583681766434715,5.914201501739765e-07,4727.664302511717
1984-08-26,262.0827281060703,364.37877320685647,85.72778421106176,8.942472,1.0225973,25.706444,2.168266,18.693167902119036,1.3317476873132288,20.011696257621296,1.798120652602786,4.593279111475033e-07,4727.66430205239
1984-08-27,275.719111327462,364.0837764402578,85.39052457243127,8.959749,1.0016136,26.224203,2.1050096,18.78419310893487,1.2732641897958838,20.10707215816882,1.7396380530759106,9.386268257775083e-07,4727.664301113763
1984-08-28,282.80961088233505,370.92254628830295,85.01270497178217,9.015741,1.0169911,26.305874,2.0852153,18.826028192186815,1.2622882737348349,20.15090681539413,1.72866255290809,1.2962434424813796e-06,4727.664299817519
1984-08-29,287.3941698436026,367.088921037473,84.61908318903721,9.105446,1.014631,26.47618,2.1398456,18.84840762705581,1.2802335428511162,20.174355910749593,1.7466080453256632,1.5449921276902916e-06,4727.664298272527
1984-08-30,287.82345842795274,354.18291293132467,84.22909179173934,9.142712,0.9730607,27.844538,2.5183258,19.460159470402743,1.4561929135615572,20.81534740103945,1.9225737418651572,0.0001231376041033109,4727.6641751349225
1984-08-31,253.1780847312045,229.329500495358,83.9347181139771,9.110351,1.0461136,28.641378,2.8964899,18.39319089003969,1.482060731100403,19.697381369784672,1.948430804088411,0.0,4727.664175095318
1984-09-01,218.6621850756593,304.5465543618104,83.61651754291016,9.256302,1.187929,25.344872,2.192925,18.62105074489419,1.3695958187533706,19.93613214680127,1.8359680793125988,,
1984-09-02,282.36675277011227,362.9833063030902,83.20795485756993,9.520681,1.4456538,26.103159,2.2658854,18.847654316731667,1.4228027189840828,20.17356659476702,1.8891772139328091,,
1984-09-03,276.4577910868762,372.5651638214439,82.83517216913849,9.763609,1.357328,25.170485,2.372,18.60777244371957,1.4792885443581028,19.922219188220105,1.9456606758097974,,
1984-09-04,169.65555098206374,273.57594050173907,82.5919292511871,9.463003,1.4667977,25.297323,3.6633122,19.23642650086197,2.329770058080674,20.58092076034752,2.796148523237964,,
1984-09-05,175.8019365770548,279.4778346378052,82.31021094928774,9.724703,1.5984242,23.732168,2.3790746,18.323319193202963,1.5854890957130083,19.6241700446836,2.051858509790952,,
1984-09-06,238.10319736951664,336.1257368499673,81.960830951301,9.74769,1.6699883,22.690542,2.1742663,17.323807343290824,1.44889233707851,18.576884945005993,1.915252936604366,,
1984-09-07,273.988784761336,371.4829094395848,81.57147523128752,9.918856,1.7504287,21.06978,2.0555818,16.336453806980764,1.3970116749936927,17.54233928475953,1.8633646888721243,,
1984-09-08,285.1517132776559,389.7901017749424,81.16397211816128,9.980333,1.761115,21.051157,1.9030565,16.37391776560286,1.3272158478512024,17.58159389253963,1.7935691292096396,,
1984-09-09,297.00776810379926,394.4656607260712,80.74336086073029,10.026152,1.7304803,21.713356,1.8925861,16.693364883343662,1.3107860564854656,17.916309490533095,1.7771416837822316,,
1984-09-10,302.5763339449575,396.687131107802,80.31507251196659,10.057272,1.6885133,22.474966,1.9130535,17.101740445219203,1.3082872094819429,18.344204008304267,1.774646005737425,,
1984-09-11,296.83841399545133,394.9384223875933,79.89114904011194,9.760487,1.6111006,23.367785,1.7843668,17.5289525037683,1.2311269346659082,18.79183534290064,1.6974892501620902,,
1984-09-12,290.6566220120402,392.8086220002208,79.4746030872795,9.790443,1.5942948,23.276848,2.09592,17.541497306404924,1.3822905265613599,18.804979744221036,1.8486529485520498,,
1984-09-13,306.218313130499,415.9654224684161,79.18741156596714,9.82465,1.5902997,23.254652,2.0189242,17.56010031834309,1.344230813137349,18.82447191653863,1.8105933933828067,,
1984-09-14,289.8016266061148,411.1642010398151,78.79982090023825,9.913059,1.6940997,23.393414,1.7503996,17.820205190423174,1.2428694672911742,19.097008912380115,1.7092343016835314,,
1984-09-15,315.4667481702955,421.7772214817911,78.38520673116834,10.278561,1.7723858,22.75913,1.402981,17.418693736957422,1.1042717984958628,18.676306583936945,1.5706331857325497,,
1984-09-16,304.85545544410405,423.6586827125991,77.94836672242334,10.220173,1.9008701,17.11342,1.6933172,14.22885857082789,1.2658663584725605,15.33400820077245,1.7322069100043553,,
1984-09-17,283.8717419026331,466.2597108472572,77.47442201665595,10.020628,1.9508618,14.620613,1.3055638,12.879843817354303,1.0970712172190338,13.920515153459068,1.5634064584784237,,
1984-09-18,291.0170761491869,471.9350595762548,77.08844864093464,10.041374,1.9658219,15.617211,1.2611655,13.49038877433141,1.082047370527464,14.560242072336154,1.5483847573047806,,
1984-09-19,293.56712509857306,476.28302735792937,76.69147937670404,10.177361,1.9884949,16.603216,1.2268667,14.1528432519182,1.072892219025281,15.254359609464245,1.5392324159921924,,
1984-09-20,298.1396064714324,471.73687932733134,76.18092236139753,10.271618,1.9978561,18.998665,1.5096016,15.619059950156805,1.205905209568382,16.79065645386761,1.672253411151614,,
1984-09-21,292.24885753045663,462.74038167295146,75.73707962557576,10.364193,1.8829383,18.84876,1.30918,15.564468496678748,1.0840237855763708,16.733455715524848,1.5503716450575107,,
1984-09-22,294.6487630560702,470.9451569508147,75.27481403270929,10.506908,1.8446078,18.860344,1.3493938,15.645415786678672,1.0922414165656418,16.8182720092823,1.558589784529969,,
1984-09-23,301.1743333424849,479.2857075888052,74.79951006718832,10.60733,1.8215014,19.65925,1.4667144,16.166174625081545,1.1425281772511506,17.363921340035795,1.6088799956211277,,
1984-09-24,300.3609709876781,479.8535479477598,74.26156102798032,10.964899,1.8313085,19.703304,1.0852963,16.339260408782035,0.9708596960712247,17.545280032533014,1.4372127299322255,,
1984-09-25,299.4948023939891,481.60017193698354,73.8465526583269,11.21983,1.8511571,19.32928,1.309972,16.219878549301846,1.0752500405772085,17.420192128256144,1.541602232415752,,
1984-09-26,307.5575954557832,488.7100999344804,73.41390399288635,11.027611,1.7785774,19.588469,1.325159,16.281845858171813,1.0646213079907252,17.485121262665448,1.5309739348618243,,
1984-09-27,300.7220905916249,476.41453398410135,72.89486453713666,11.203701,1.677836,16.22902,0.9542629,14.284413633799815,0.8739341487372856,15.39221860584895,1.3402749635793176,,
1984-09-28,298.46484926700043,460.7090431145699,72.44067362323187,11.540705,1.7579631,11.547255,0.77504027,11.544679532339588,0.8359918763467975,12.521534579651435,1.3023239113438216,,
1984-09-29,289.59306506737016,452.5238721188974,71.99736079329014,11.367264,1.9200472,11.805824,1.1576462,11.634686728615215,1.0294061385455715,12.615843812234829,1.495738325593247,,
1984-09-30,291.1743170418333,459.8281137011272,71.75274259158098,11.151253,1.9941361,12.772424,1.1221627,12.143872705328278,1.0343371244525597,13.14936713806959,1.5006703461587085,,
1984-10-01,256.87161594571825,434.37343559218135,71.45733777247047,10.892202,1.9877774,12.744855,0.96857435,12.056395959899568,0.9571236885528389,13.057709303233683,1.423456711410917,,
1984-10-02,291.8801323367924,405.3370432624018,71.06515046309949,11.084681,2.0388334,12.177396,0.9799994,11.719945994594953,1.0262120429287374,12.705178179684177,1.4925443825520306,,
1984-10-03,264.734140593843,461.94944255328056,70.65044189426082,10.952894,2.1433675,11.243558,0.99922603,11.137667812639332,1.0065745044345005,12.095069091049469,1.4729059675480913,,
1984-10-04,273.63078540029346,470.3935797201031,70.23308653040341,10.504705,2.2100117,11.766656,1.0929736,11.302546786959805,1.0668192386382374,12.267828716731882,1.5331509105885455,,
1984-10-05,296.2451481026999,490.08919515248766,69.76908060712347,10.692249,2.155739,11.6180525,1.056852,11.26926356875247,1.0456931165748955,12.232954674467226,1.5120247438636512,,
1984-10-06,285.51252340202075,508.9537388825271,69.3800509849506,10.356012,2.1352863,11.142222,0.9427559,10.859676966309552,0.9765331141419942,11.803791232529296,1.442864295557893,,
1984-10-07,308.10106997390466,502.04640509335104,69.12396279071238,10.273031,2.2108428,10.953832,1.0979488,10.694921597874142,1.081602975765439,11.631161120670725,1.5479340319453336,,
1984-10-08,294.86006364996456,510.4974510299248,68.84448038161885,11.091352,2.1648438,11.894416,0.85257536,11.600395723041212,0.9593102457878371,12.579913813812327,1.4256423738145245,,
1984-10-09,306.8102865755352,501.5412197657464,68.55014427748723,11.068388,2.3692224,12.716127,1.1274657,12.090726939589526,1.139290127525876,13.093681186398237,1.6056232273801172,,
1984-10-10,309.1630540362929,507.09352340001146,68.28345974454042,11.249058,2.444513,13.783375,1.1490314,12.823483974581531,1.169101256718324,13.861461502858242,1.6354363214181364,,
1984-10-11,290.727042580875,504.3706029030349,68.03367331133799,10.724358,2.3992813,14.153198,1.2315489,12.899444437735445,1.1747230612304658,13.94105261649306,1.6410583647445476,,
1984-10-12,282.7371660132668,488.5657153923137,67.61477413585901,10.709717,2.3153799,14.625723,1.0779456,13.190229137893741,1.0893101838061003,14.245735831321152,1.5556464625131918,,
1984-10-13,314.9500663445077,512.3832466624382,67.11531215764597,11.035835,2.1573422,15.248683,0.9786839,13.644931930337309,1.0207081182055764,14.722171862919783,1.4870461156806032,,
1984-10-14,317.707458308611,515.3774700623144,66.61673832833715,11.339439,1.9900368,14.931385,1.045121,13.561551205332247,0.9969935823458131,14.634805824282228,1.4633312469376822,,
1984-10-15,317.5493500257211,519.0580651828607,66.0999478392105,12.111603,1.8744555,14.293622,1.0006368,13.46539747955495,0.9442640879742916,14.534056279097845,1.4106013785610458,,
1984-10-16,319.48753452901144,524.4042686944978,65.54572029102901,12.194735,1.7968439,14.258886,1.1522601,13.477422700083913,0.987651307932163,14.546656264061934,1.4539886447143777,,
1984-10-17,319.7825037020797,522.4605417150153,65.00258838766295,12.380316,1.7251724,14.554133,1.0071099,13.728779202372264,0.9051686655117401,14.810026747940448,1.3715070057509777,,
1984-10-18,317.3048129786823,519.3871327701811,64.46399009288089,12.522202,1.751581,14.576187,1.0076575,13.797239136719291,0.9124244198166829,14.881758833130686,1.3787630458800981,,
1984-10-19,315.6325758573724,512.2556667157504,63.93008558319045,12.4285145,1.7507812,14.997491,1.0247271,14.018068060477697,0.9206281263366349,15.11314262457883,1.386967710905896,,
1984-10-20,310.77981050718006,507.30068625078354,63.410205641403216,12.73271,1.6571919,15.269808,0.9560508,14.305992130749912,0.8647613024300933,15.41482848119086,1.331102220497944,,
1984-10-21,312.0573060525811,510.796030266093,62.87771724048107,12.477201,1.7353559,14.066471,1.1130824,13.463759559467208,0.9542207717694107,14.532340072028859,1.4205580560768143,,
1984-10-22,302.3424923041742,460.927237713057,62.41018633601435,12.80031,1.7540718,15.203554,1.2627008,14.251593453823755,1.0316068275742398,15.357829733460207,1.497947486434188,,
1984-10-23,192.98107097473005,373.3486896630211,62.066378965291904,12.680677,1.5078084,14.246171,1.0776561,13.712717435083432,0.8767597951560433,14.793197283079614,1.3430980691128165,,
1984-10-24,209.5973043871221,411.8161445681296,61.68625137620999,12.294506,1.3691287,11.662284,0.6898964,11.87552689045375,0.6498360655233031,12.868195310538338,1.1161687049947673,,
1984-10-25,238.8489382431966,443.1735574220468,61.25515918425973,11.929293,1.3084071,9.9892,0.95922166,10.668633477798057,0.7735998582863929,11.603616518316446,1.2399308973559426,,
1984-10-26,258.9812201980546,456.73819389616347,60.80967128900332,12.355598,1.4494779,10.344615,1.1600424,11.072284152746624,0.9072541371493457,12.02656031571675,1.373585526057591,,
1984-10-27,266.8050027293742,467.116504553329,60.36879565706934,12.822266,1.5091379,12.264397,1.0908,12.4672006829735,0.8848615718614884,13.488149087804853,1.3511956045015516,,
1984-10-28,266.54653060373164,464.5566738321658,59.93185404749972,12.648905,1.561704,13.752841,1.2056626,13.350366541977724,0.9545104052246413,14.413527255918018,1.4208472622725896,,
1984-10-29,260.3036243505361,461.2069491811935,59.55145902325255,12.65416,1.430235,14.698379,0.9413736,13.960873613423566,0.7926863348588339,15.053214478464948,1.2590256658241223,,
1984-10-30,258.7069850431748,461.4039976609032,59.12049783657408,12.250219,1.3106568,12.34647,1.062555,12.31189092386028,0.8277881518318685,13.325416053105874,1.2941217800188025,,
1984-10-31,271.11816067504185,473.1294771759344,58.66262526698811,12.372025,1.3202634,10.443019,0.9976583,11.1457264931181,0.7959635886776709,12.103512948907902,1.2622950612757051,,
1984-11-01,277.88221121204185,475.9659814840202,58.294894160894984,12.32847,1.3118739,10.240363,1.0005454,11.010077536133599,0.7955677840364372,11.961380435472304,1.2618991068840817,,
1984-11-02,272.84943535904074,472.6530834109748,57.83289415729962,11.775438,1.1799781,9.90076,1.0086304,10.586880786854339,0.7716469913288126,11.517956328203212,1.23797798223866,,
1984-11-03,274.16940428807936,470.95256634571297,57.37095969537268,11.184784,1.0555941,7.241302,0.90174985,8.692315581681802,0.6897120723674929,9.532837382470598,1.156044088510813,,
1984-11-04,281.4271577388739,472.15150910641785,56.89165776594015,11.264431,1.0942378,5.707839,0.96770734,7.782971919416425,0.7311691675091577,8.58003020158474,1.1975031338868651,,
1984-11-05,215.15373945086563,395.4730469185542,56.537345566877875,11.6874485,1.205891,7.074433,1.1487329,8.699824316102474,0.8567605175671035,9.540705008729253,1.3230925215438032,,
1984-11-06,202.01801525269764,380.4070075874429,56.24346795714177,11.229824,1.0911742,9.169514,0.81984425,9.8841461343297,0.6557303147975465,10.781633361466133,1.1220612070081817,,
1984-11-07,218.59787044741316,400.3365251914393,55.857333308215765,10.812214,1.0041399,6.8290095,0.82084095,8.23581451554422,0.6384855214541005,9.05451712584247,1.1048183984164566,,
1984-11-08,243.65725612145104,429.0030122708566,55.4247985152464,10.5274315,0.9765673,4.793816,1.0132705,6.8706995645089615,0.7367167564141365,7.62415434655974,1.2030536296595147,,
1984-11-09,254.7942585136792,439.3454963397377,54.99666968289385,10.704102,1.0265466,4.37528,1.2919447,6.698367452594522,0.9003592344026217,7.443585348783645,1.366696763657183,,
1984-11-10,251.3862108579073,429.9491385096425,54.61987743091247,11.017178,1.0922647,5.520284,1.4791739,7.548423778618075,1.0166993386014058,8.33427146141894,1.4830339614396006,,
1984-11-11,269.4398812453968,420.29506239596,54.2521874809966,11.303356,1.1343114,8.017913,1.5227597,9.301347120640534,1.0282773046804645,10.17097854712139,1.4946085435007765,,
1984-11-12,262.8788032499964,419.7311373493989,53.866053856285866,10.228119,1.0321577,7.96303,1.0346713,8.835334613211677,0.7501762617814764,9.682692234821499,1.2165080572703613,,
1984-11-13,269.82712385931734,426.7762019202177,53.48693468661051,8.746084,0.9790948,4.290828,0.98099667,6.016557727227182,0.710664390585737,6.729187449193698,1.177004848286908,,
1984-11-14,287.9611876095172,431.2937432136218,53.113536403605025,8.505131,0.88998544,1.9583917,1.4192755,4.579446713548657,0.9226336892385292,5.223387441579583,1.388982060839508,,
1984-11-15,293.08662614085404,436.9411982407013,52.735125274098216,8.790794,0.88792163,1.022052,1.542504,4.1409940964166205,0.9896611374404052,4.763978288123928,1.4560123937612846,,
1984-11-16,286.82404573590827,424.7033571041079,52.405436818193465,8.766508,0.89814335,1.8627775,2.4791965,4.6457426002425475,1.52345301604302,5.29285204503629,1.989800970596914,,
1984-11-17,333.9594671563849,398.3723385790339,52.088490859373124,8.159374,0.87399775,2.316082,2.275479,4.9807522313576404,1.3003947211579945,5.64387399134555,1.766740645146415,,
1984-11-18,331.1165828050383,435.51695769022393,51.71778330247433,8.435916,0.88089323,1.7303894,2.067443,4.626572386995243,1.234581196109034,5.27276556112586,1.7009292707402657,,
1984-11-19,323.4639790232926,436.1556913871877,51.353878435774945,7.659983,0.82159567,1.0287099,1.7993183,3.8524625127600527,1.0907556983157711,4.461655881064455,1.5571089729210204,,
1984-11-20,322.4370986764428,445.2618486115511,50.96597835181896,7.1158633,0.8235487,-0.0511173,1.6208898,2.959047617045488,1.0017220004284442,3.525538807320774,1.4680821282937704,,
1984-11-21,319.3952626950944,441.83144582592416,50.57841365900788,7.3406816,0.82155526,-0.9688021,1.3398407,2.5176884381194933,0.850644043513278,3.063084168352994,1.3170078938305312,,
1984-11-22,306.8555216119224,435.7881570603908,50.18911180141813,7.032065,0.8126449,-1.2147263,1.0852104,2.1927939952836595,0.7199118482042256,2.722660881745701,1.1862785810451384,,
1984-11-23,305.66263640530303,438.65598861768143,49.79372116727519,7.419165,0.82142365,-1.1364759,1.2108408,2.376992254273744,0.7893086310455452,2.9156631878652624,1.2556737148275852,,
1984-11-24,308.37716238632345,442.0756390830915,49.39326527662496,7.523037,0.820829,-0.5042008,1.4581658,2.7943634658004655,0.9228246610390326,3.3529833165908483,1.3891861518087831,,
1984-11-25,296.62981214923855,429.75573309314746,49.004454106150135,7.7811427,0.80962926,0.81830245,1.5743057,3.661676761982012,0.9883557651025056,4.261751223567687,1.4547104265480821,,
1984-11-26,225.5394419047756,330.8005678280464,48.67580367080368,7.8118153,0.7985652,2.0041897,1.3398557,4.358592789686438,0.8599447415447669,4.991977455108121,1.3262945387340488,,
1984-11-27,229.0026848485744,343.5252092462446,48.339540929716435,7.9788575,0.8179203,2.3064046,1.9432477,4.575301815134939,1.21100547711898,5.219044431190316,1.6773538749611991,,
1984-11-28,234.8438617843152,357.1667732524188,47.99505388618782,8.002838,0.99002624,3.3870559,2.5893576,5.218084012810964,1.6107988780298597,5.892549420674233,2.077143441174153,,
1984-11-29,298.4256965777844,222.21021058830405,48.464481580663296,6.8299427,1.0427727,4.2531834,1.2938617,5.730167932941234,0.8137653709594699,6.429109201715419,1.2801072173015675,,
1984-11-30,334.0893167549769,96.79202792448828,48.83394555017665,6.1651673,0.93809414,2.1079528,4.231882,5.253765564398082,1.1969841488590431,5.929936428455932,1.6633285129783517,,
1984-12-01,432.5864735331889,153.4668027417224,49.39255453499688,6.718684,1.0154325,2.7735677,8.325805,5.6855965178139405,2.30547608734757,6.382407425304801,2.7718181582422283,,
1984-12-02,422.4850988090776,222.47191062215865,49.85296871806593,6.38178,0.99683285,2.898244,3.5657716,5.180166780356461,1.392565620024267,5.8528198741219795,1.8589103962595632,,
1984-12-03,369.1868850332292,212.35287234425635,50.280767387839106,6.1074667,1.0704999,2.6836123,5.188718,4.857224909906448,2.012887673530872,5.514442486186015,2.4792343313065555,,
1984-12-04,355.3774656652118,134.31663175789623,50.85762413427688,5.3084598,0.9758953,2.115602,3.804396,4.432700994489426,1.2611339410578768,5.069627778774467,1.7274832536680726,,
1984-12-05,390.40759977857607,201.78702278402503,51.14959066743007,5.0307474,0.9582285,0.7311554,3.390363,3.5656853555410337,1.3166865125746523,4.161171756029037,1.7830418875318435,,
1984-12-06,319.8390831385122,180.09466363179675,51.50093681044747,4.6489935,0.99792296,0.20445168,3.450021,3.0479048122956622,1.397216227598734,3.6186430727607797,1.8635756329752142,,
1984-12-07,309.2670412807862,178.44275282721793,51.458292782483916,3.509551,0.95026046,-1.2565392,3.8260958,1.7657388899735482,1.5240699387697298,2.275194002216615,1.9904406441272573,,
1984-12-08,303.7006100232049,224.888865441541,51.31217206308173,4.03738,0.9574537,-1.3765692,1.7756263,1.7340106132121293,0.9345089182879448,2.2419492222836883,1.4008799271082089,,
1984-12-09,263.0144615122185,198.2497473384725,51.11816366243242,4.662101,0.9635429,-0.91117513,1.2363167,2.266726248391604,0.7643335309843396,2.800126843827441,1.2306995972760264,,
1984-12-10,259.9931686449433,200.22428599087667,50.98120810200945,5.7189813,0.980931,0.038065434,1.9824681,3.2474163462587775,1.025185460597841,3.827690576051271,1.491543276662743,,
1984-12-11,317.46953275167016,180.8066481894349,50.92516267577184,5.423082,0.8964069,1.1436338,2.067981,3.8702228692775633,0.9430204860128172,4.48026512191276,1.4093736336341773,,
1984-12-12,365.7452866723022,180.60925155058845,50.85214367416281,5.631775,0.905729,1.1644766,2.178776,4.15501331180074,0.9414735422981341,4.778667574081118,1.4078247029796687,,
1984-12-13,435.46446184354494,146.7757482442058,50.952638552804,6.662396,1.020075,1.9852352,8.246987,5.483340032945207,2.2145332152130304,6.170483771838548,2.6808763336319674,,
1984-12-14,445.7581015053824,142.75274102991966,51.07721690601643,5.301335,0.96980023,2.8306813,5.6221404,4.702038228867266,1.5489885383740551,5.351838412272291,2.0153361427358045,,
1984-12-15,420.1240819632683,186.96934090624768,51.15595019683271,5.9815917,0.97011817,1.8619246,3.901322,4.712838977991775,1.376345665375737,5.3631554002844375,1.8426932029648297,,
1984-12-16,415.9254015419727,200.1984306290371,51.23619502594769,6.0039287,0.935836,1.9436927,4.6022716,4.6846275271095985,1.6233947086212683,5.333595538486113,2.089742420900757,,
1984-12-17,417.46642019029457,245.6452621773037,51.267300124109596,7.1080585,1.0741282,2.7714667,6.132759,5.501597220684298,2.370344616387089,6.189613590742494,2.8366876383276183,,
1984-12-18,388.3874540651035,258.2004041339364,51.28020198826088,6.658775,1.0171694,3.8235288,3.3374562,5.52658272143965,1.4661156905795443,6.21579331302529,1.9324585811043666,,
1984-12-19,345.29790850103234,242.1184469752747,51.321200803166725,5.406098,0.9913145,2.7901049,2.5241764,4.327850471927214,1.192476341116389,4.959765759647363,1.6588263411668618,,
1984-12-20,403.7832569143669,186.61231111893488,51.448648572503544,4.8913097,0.99283606,1.1814504,2.6052814,3.7186968855774722,1.0673256559772113,4.321496714157468,1.5336798985765783,,
1984-12-21,228.06940892644403,71.50777038698988,51.571070974319554,4.1041574,0.99917763,0.8021863,2.1407015,3.3159912915421668,0.9163667663561165,3.8995431693074827,1.3827240466638566,,
1984-12-22,38.7789474072,256.46337,52.096479432676546,4.555881,1.0160346,2.8873692,1.8328272,3.1065217981174293,1.5976756926534041,3.6800617501326855,2.0640346263638993,,
1984-12-23,38.7789474072,150.68308049535798,52.568356198922025,3.7836194,0.9264832,3.4837942,1.5944647,3.545162210251828,1.282211115692532,4.13966767454987,1.7485666445671777,,
1984-12-24,179.73577517206127,57.847859684684416,52.861834768360204,4.718587,0.8821294,2.423257,2.31596,4.15971039464452,0.8736886716938629,4.783589161428657,1.3400398003820815,,
1984-12-25,185.8518767633033,61.220723358435976,53.09508843925149,3.9326744,0.86906207,1.6374347,1.9099668,3.3639499364967134,0.8070486280376686,3.94979407355243,1.273405536853352,,
1984-12-26,178.38200453734325,126.6905895964779,53.23868618325501,3.5913527,0.8615539,0.5372566,1.559731,2.3230472441342327,0.8205668353518745,2.8591397906428746,1.2869323980661482,,
1984-12-27,171.0267504888551,147.42538503040922,53.37447865705808,3.3216748,0.9094591,-0.38243282,1.6309491,1.6068818158537914,0.8992476261860264,2.1087441029796756,1.3656198624666707,,
1984-12-28,111.65874889322524,133.83840743677305,53.410759188058336,4.2198334,0.9595002,1.0522823,3.4099529,2.4929702482227096,1.9095507625497068,3.0371845334740497,2.3759148279289324,,
1984-12-29,38.7789474072,343.317490495358,53.68610203777171,5.297418,1.0255121,4.836801,1.7339432,4.8835490538629225,1.5614380355581983,5.542024834239024,2.027784535497814,,
1984-12-30,38.7789474072,609.7152104953582,54.00235158549973,4.6786456,0.8869087,7.04682,0.68243307,6.905206989082826,0.6438128316553343,7.6603111080705055,1.1101495776244936,,
1984-12-31,38.7789474072,394.9205304953581,54.133109962903816,3.840084,0.8966925,4.0088463,0.8309429,3.9937565236112493,0.7608808245007557,4.609703262644924,1.2272330988556588,,
1985-01-01,38.7789474072,393.07363049535815,54.34482952254155,3.3427756,0.7993608,12.801061,72.95837,11.951737646069526,66.40698349033349,12.948048679759113,66.87331628678685,,
1985-01-02,38.7789474072,468.4050304953579,54.7052655180545,3.8488688,0.8125331,12.938121,16.639738,12.243162719395178,15.367600603772898,13.253402875402953,15.833934061785492,,
1985-01-03,38.7789474072,407.76747049535794,54.98923358614165,3.1517901,0.8046379,13.352483,4.862392,12.466635080731631,4.4406822361357365,13.487556451709237,4.907016267252822,,
1985-01-04,38.7789474072,359.6180704953579,55.11331378917485,2.9806523,0.75059295,13.367932,3.8475134,12.356861035891562,3.4737747492222675,13.372535582769613,3.940108491681397,,
1985-01-05,38.7789474072,356.867000495358,55.20913277791827,2.6122952,0.7532345,11.337842,3.0537221,10.482613913926372,2.755403080884596,11.408705855167764,3.2217340214640355,,
1985-01-06,38.7789474072,375.15402049535805,55.24957468394381,2.5230017,0.7277786,6.8845506,2.861289,6.475942684305976,2.5941277701886065,7.210529436891941,3.060466196349741,,
1985-01-07,38.7789474072,365.802170495358,55.25125337874337,2.8613205,0.67260236,4.415829,2.9771166,4.26683011099406,2.692532985209746,4.895828834049272,3.158883391120802,,
1985-01-08,60.77180808990885,356.134050494241,55.19438025128236,2.434216,0.7382619,3.0430284,2.4894195,2.9542825971779885,2.12926138783144,3.5205460357920138,2.5956215546957386,,
1985-01-09,122.87732493302826,407.3644212404162,55.02932957180418,1.8894918,0.78016347,2.3462973,1.4048923,2.240437938085595,1.0943622574949081,2.772582042150898,1.5607285600773624,,
1985-01-10,106.18498722610308,396.7674689153038,54.862003210385545,1.8678808,0.757376,2.1630373,1.383648,2.1007228873714996,1.1031775017150773,2.6261890896046776,1.5695450733780552,,
1985-01-11,134.60582960779936,412.5119372529695,54.667817741098034,1.8722842,0.74455327,2.539421,1.2587872,2.3752872837653767,0.966607158416957,2.9138767255947453,1.432972257285066,,
1985-01-12,151.30081061829912,430.1915936445269,54.39335195120076,1.9504207,0.71954095,2.486054,1.1287092,2.346685419258862,0.855756753236083,2.883907789735402,1.3221221056773325,,
1985-01-13,153.35045707241295,428.4180487946277,54.10478502265538,2.1277127,0.6911778,2.552175,1.0245469,2.44028949279919,0.7761685579808606,2.981985818021439,1.2425330840432431,,
1985-01-14,167.40089450888843,430.24922121463726,53.8127080147686,2.2475784,0.69021004,2.7776546,1.1304376,2.6291810867242624,0.8364519192418405,3.1799057844425183,1.3028148081943394,,
1985-01-15,160.24166324734176,422.5107881752501,53.50915568535336,2.0019462,0.7587677,2.8392348,1.4112922,2.6090023855625497,1.0442787679011616,3.158762610342715,1.5106418297944786,,
1985-01-16,169.82183729864698,469.1301637237681,53.14297291446214,1.6664976,0.8198087,2.7733119,1.2330437,2.4791407235390595,0.9311745364217852,3.022694004784386,1.3975387224303593,,
1985-01-17,165.5410454749093,462.70198192974266,52.780937167724105,1.7019401,0.8022122,2.635857,1.5795994,2.389771438768664,1.1824251415362121,2.929053173695583,1.6487901123501858,,
1985-01-18,185.40853422291764,462.9850002627722,52.39530933196058,2.053385,0.68770516,2.4260972,1.1131082,2.319519887848833,0.81878000012679,2.855443838784697,1.2851455942733951,,
1985-01-19,191.0583299238882,451.6605997014092,51.99963061172895,2.038001,0.7238554,2.7948701,1.1872671,2.5698788779337005,0.8616340649894906,3.117769132786227,1.3279974635159664,,
1985-01-20,219.16719339362533,479.22543978976535,51.571209355686676,1.6987925,0.8287029,2.8134847,1.1925188,2.463675762096825,0.8586178415716392,3.006489871049539,1.3249821627338472,,
1985-01-21,235.47907298719872,489.2003306468025,51.12468249881964,1.626651,0.85003173,2.7048023,1.2412107,2.354465215342754,0.8822415724766813,2.8920594334782015,1.3486068558526276,,
1985-01-22,227.7502425938168,477.6836792554736,50.68493512170673,1.6941935,0.8050631,2.6428852,1.178488,2.3365988728831373,0.8392727516105329,2.8733391409220514,1.3056381936983474,,
1985-01-23,222.39697139553243,458.8593005616426,50.253578802161094,1.9014974,0.72892207,2.5805993,0.9109825,2.358905619713928,0.658116887738813,2.896712073999555,1.1244821317260014,,
1985-01-24,235.4899642425247,469.5719068640951,49.84150446716893,2.0113542,0.71430475,2.754259,0.9715464,2.5061296107109428,0.6896331317219913,3.05097286850619,1.155997082520489,,
1985-01-25,226.6580235678989,447.6522080597175,49.56742409556236,2.1488318,0.7151061,2.9941087,1.0805081,2.7099831108812484,0.7565162442696891,3.2645698691463063,1.22287844537675,,
1985-01-26,199.4985624378237,415.1042301918473,49.3082061738961,1.8425497,0.78643227,3.0337677,1.1424574,2.6471012465166344,0.8127483675191712,3.198682466615964,1.279111103277968,,
1985-01-27,219.1830457632091,431.9235363279033,49.01550067947296,1.7571232,0.80516547,2.9166217,1.1891283,2.5262978739850355,0.8340970444131462,3.072105105823025,1.300460819987587,,
1985-01-28,219.32874870588373,429.0331304612513,48.729066767209424,2.0096385,0.7177472,2.9248018,1.0729939,2.615219133228177,0.750386906892591,3.1652764972958702,1.2167499154558716,,
1985-01-29,215.16174848397304,427.6302744203531,48.441651068853844,1.9021869,0.7559083,3.1214223,1.1751022,2.7133076666591167,0.8216878312600354,3.2680533273259313,1.288050004225982,,
1985-01-30,223.80486945234543,435.4046936446619,48.13657219254105,1.8591517,0.7684862,3.158946,1.2615112,2.7176595124036105,0.8731152269600866,3.2726131764209714,1.339477363108396,,
1985-01-31,229.5020299643943,436.5655459413143,47.828038135258474,1.9518118,0.76011443,3.079475,1.4955649,2.690924292272903,1.0146347147236237,3.244600104157794,1.4809970774003371,,
1985-02-01,223.45398172971863,437.6248199172634,47.52584850088271,2.3961673,0.7014973,2.9510689,2.256333,2.7635042918440846,1.512364399146512,3.3206491796061615,1.9787261487530212,,
1985-02-02,220.19678809665447,428.80835678921903,47.226989417748136,2.0251846,0.7476217,3.620512,4.5181894,3.079243627027043,2.995999129957219,3.6514797757099418,3.46235828267477,,
1985-02-03,232.00042119331147,438.0449683163879,46.90559209150834,1.6431056,0.81649685,2.794558,1.9554086,2.3958724500733894,1.3092438828271642,2.9354457924854103,1.7756087997740226,,
1985-02-04,243.49821084491805,449.1656003974198,46.56272417478926,1.5820811,0.83252656,2.5339918,1.5297987,2.199358248437955,1.0342857366120761,2.729538883761995,1.500652410018967,,
1985-02-05,211.483668932538,413.3432840325714,46.27432122188254,1.5452921,0.83001393,2.7644892,1.7929279,2.351830499587145,1.2188965383748926,2.8892987873158,1.6852618451328327,,
1985-02-06,189.7248293129602,381.4604008803755,46.04249866601022,1.5454242,0.80204463,2.43661,2.1299844,2.140593809777745,1.447220626532265,2.6679657058100115,1.913587833757659,,
1985-02-07,195.3875576164579,390.9220421909312,45.79932306087712,1.4682449,0.82203275,2.6061823,1.6166506,2.2269649155500515,1.1121678136818485,2.7584650551933794,1.578534237671984,,
1985-02-08,205.6836755722476,399.44962228915085,45.54368304605633,1.3550875,0.8492129,2.659082,1.5306473,2.215856673611717,1.0508047198152934,2.746825877262018,1.5171712440597942,,
1985-02-09,210.7946233147092,402.3366508940934,45.285768874211186,1.3452424,0.84030175,2.553131,1.3746169,2.137858780998532,0.9471573322959311,2.6650999520043803,1.4135245644626069,,
1985-02-10,207.11692446816653,396.2973619883044,45.03548316802597,1.3733541,0.8262115,2.4505763,1.4610175,2.080828754079804,1.0005656343437779,2.6053440847463314,1.466933388527594,,
1985-02-11,208.05193670836212,396.530139867867,44.788503889418415,1.3699281,0.8251656,2.5692263,1.5505644,2.156517534262496,1.0558758463454965,2.6846505298926044,1.5222429085290996,,
1985-02-12,144.40404533214814,349.9439181965438,44.648635321315844,1.5779754,0.9030274,4.1876574,10.37755,3.42534283203416,7.350897179070823,4.0141213396354525,7.817253616170198,,
1985-02-13,75.60953950599998,414.876330495358,44.66503936640653,1.645835,0.7842994,4.503676,22.987373,4.063133105906748,19.444191670513135,4.682395808422165,19.910543462093813,,
1985-02-14,32.315789505999994,483.507610495358,44.6665807486464,1.2066361,0.8559437,2.9623027,3.6040716,2.8523120315352175,3.3787059097951757,3.413701625680459,3.8450669174536474,,
1985-02-15,32.315789505999994,433.894470495358,44.617020723574605,1.1580375,0.8574701,2.7091632,1.976261,2.6016454996804814,1.8402347978712885,3.15105409046374,2.3065979229323537,,
1985-02-16,32.315789505999994,385.2594204953581,44.54165917708479,1.2045536,0.8572787,2.6957202,1.4933709,2.5803200845093497,1.3793965843924514,3.128709393344713,1.8457598929076837,,
1985-02-17,68.51130256117588,333.9554499961438,44.435847803580224,1.4359174,0.870457,2.9079797,1.4518765,2.657392794175682,1.21380415816777,3.209465915073218,1.6801668061134343,,
1985-02-18,114.69306257012852,311.7921812661941,44.30366313972152,1.8635597,0.8457952,3.3739395,1.3131846,2.9677587930046636,0.9866120578309439,3.534666347713133,1.4529721144673822,,
1985-02-19,115.66590577770752,303.05278295588096,44.16194460920948,1.8355725,0.8377276,3.4747941,1.3833332,3.0219792545077526,1.0275999760962529,3.591478361932694,1.4939595913379289,,
1985-02-20,109.8787403291941,286.3983550992172,44.01669028966685,1.511979,0.86098087,2.9891748,1.368959,2.5795816009489054,1.0177720307552636,3.1279356127944595,1.4841353456326962,,
1985-02-21,117.67870834426196,290.97254407216826,43.85584552145802,2.1768227,0.8121024,2.8321052,1.1416963,2.6434044095737366,0.8458932528877148,3.1948089335042003,1.3122560202195213,,
1985-02-22,59.4739287867972,331.1445080607517,43.745697783001376,2.8665564,0.7640595,3.4563692,1.0087237,3.366566739307779,0.8630162740984045,3.952535950592772,1.3293731627197678,,
1985-02-23,32.315789505999994,460.8258204953579,43.8521765588897,3.9249346,0.8683993,4.668423,0.9641203,4.619702039731057,0.9027365097701306,5.2655668347475535,1.3690846275377733,,
1985-02-24,32.315789505999994,822.4680304953584,44.970650463737314,4.837458,1.0415219,5.966115,0.914534,5.923445217746919,0.8808398041312856,6.631624480049469,1.3471807030231182,,
1985-02-25,32.315789505999994,241.118630495358,46.85016564145615,4.7499404,0.90955085,7.783862,1.2027237,7.425298712770778,1.0660137540047423,8.205261438306124,1.5323487466337116,,
1985-02-26,32.315789505999994,756.5329304953578,47.909312585110186,4.0696287,0.7696944,5.5322433,0.8639588,5.472326131718332,0.8291658030453913,6.158943443782166,1.2955089798506196,,
1985-02-27,32.315789505999994,718.237930495358,48.88728835811351,3.0103276,0.78349257,4.2952185,1.0228993,4.2398962936470115,0.9794385097246383,4.867607672301684,1.4457890961333677,,
1985-02-28,32.315789505999994,609.458160495358,49.56178711962259,2.3620758,0.8261288,2.6685538,0.5766511,2.6531214806277696,0.5491922066707315,3.2049904473384703,1.0155548910468843,,
1985-03-01,32.315789505999994,505.6980704953578,49.93749775316216,4.4513416,0.807278,2.652635,0.8095934,2.760674361874419,0.762508498514501,3.3176839886575777,1.228870271912058,,
1985-03-02,32.315789505999994,479.10318049535806,50.32930099117483,4.272949,0.78347546,3.617971,0.81956536,3.6593580278516327,0.7693727059725005,4.259321661872072,1.2357273845292125,,
1985-03-03,32.315789505999994,457.028900495358,50.61972175087721,3.4506812,0.7515198,3.5845919,0.830969,3.5757485519008605,0.7776779263327882,4.171715938775548,1.2440332259950126,,
1985-03-04,32.315789505999994,454.70990049535794,50.803829226150164,2.23526,0.81662923,2.715469,0.76692283,2.683605412651223,0.7180822828471835,3.2369314071085364,1.1844447076795135,,
1985-03-05,32.315789505999994,574.449780495358,51.24397706497557,2.48054,0.7925093,1.6471901,0.54445827,1.6915735637878666,0.5171861418493274,2.197483826960742,0.983557558355061,,
1985-03-06,32.315789505999994,768.193570495358,51.58626233522674,2.3745308,0.8059424,1.5646588,0.44423702,1.5973525125221397,0.4275433328353639,2.098759331523065,0.8939156618683692,,
1985-03-07,32.315789505999994,546.2029804953579,51.75859725914786,2.491269,0.773046,1.3073627,0.4858906,1.3734951387144678,0.46077685445517974,1.8642023404655375,0.9271513922482393,,
1985-03-08,32.315789505999994,543.7021804953581,52.02653013026855,3.5149815,0.792894,1.5520972,0.703881,1.662219036759029,0.6658793253031838,2.166726253883357,1.132251025017724,,
1985-03-09,32.315789505999994,549.904770495358,52.37400777577729,4.094962,0.8197102,3.0021517,0.81373435,3.062807487771898,0.7699140415543311,3.634258045182532,1.236273326642817,,
1985-03-10,32.315789505999994,507.797830495358,52.65771875633117,4.728896,0.8406386,3.5749576,0.8168201,3.643999442816863,0.7695938470165047,4.243228988973336,1.2359486390673824,,
1985-03-11,32.315789505999994,472.9836004953581,52.92536257984759,5.830093,1.0881472,3.9100456,0.8036142,4.032839842558003,0.7554322747373855,4.650654630637691,1.2217842764442772,,
1985-03-12,32.315789505999994,25.679930495358057,54.399005448266514,4.337737,1.1112363,4.191925,1.6064558,4.27317295846161,0.9430687177267163,4.902474847943832,1.4094190812517084,,
1985-03-13,32.315789505999994,476.7299,55.77308530728106,4.598011,0.90273994,5.128356,0.87110424,5.094688046872226,0.8178143083561861,5.763255549371631,1.2841595710048925,,
1985-03-14,35.5473683952,426.00133049535776,56.77227051750854,4.177261,0.80019987,4.505399,0.8439089,4.480126802171178,0.7813473975908758,5.119320377946393,1.2476964033888645,,
1985-03-15,35.5473683952,374.7916304953579,57.517709855217745,2.93708,0.8098176,3.9316306,0.8429076,3.8454734087351534,0.7730768071793366,4.454332721758222,1.239430131854542,,
1985-03-16,35.5473683952,388.195300495358,58.0141371030628,3.6553488,0.77142316,3.610271,0.7884786,3.6140525107372414,0.7252269504121502,4.211850695908775,1.1915819645353887,,
1985-03-17,35.5473683952,357.62730049535804,58.455953065641395,3.6601543,0.7369123,3.8149266,0.8303919,3.800933486518934,0.7582479688480498,4.407663943512175,1.2246016139197058,,
1985-03-18,35.5473683952,341.71003049535824,58.75347098224297,3.2048335,0.7652666,3.440617,0.74033153,3.4184001957249204,0.6744390049889155,4.006846869042846,1.1407954952163344,,
1985-03-19,35.5473683952,348.84703049535807,58.8946670597641,3.5588648,0.7642119,3.1366105,0.6562219,3.1756590218184924,0.5997155436446536,3.7525034967928828,1.0660739260876229,,
1985-03-20,35.5473683952,343.2350304953581,59.04446261481918,4.9843726,0.82555866,3.5540843,0.78247833,3.6883117249384094,0.7132657732163019,4.289659246706334,1.1796202385497088,,
1985-03-21,35.5473683952,348.30660049535794,59.10280317509893,4.238012,0.8453363,4.1128855,0.79986876,4.124472988226172,0.7300053270036897,4.74666752743656,1.1963566963203873,,
1985-03-22,35.5473683952,355.512520495358,59.123556168653245,5.072578,0.90050215,4.05529,0.80791456,4.1477617406518315,0.7390223214964077,4.771069402619548,1.2053735316202314,,
1985-03-23,35.5473683952,406.513880495358,59.17141902934233,5.1757474,0.842249,4.213552,0.8360894,4.290924792769639,0.7718343517695888,4.921075159250175,1.23818459691257,,
1985-03-24,35.5473683952,462.8407604953581,59.20655951967934,5.303817,0.86430633,4.4773507,0.8216281,4.536298131783449,0.7655119601728374,5.178176505102047,1.2318606059086799,,
1985-03-25,35.5473683952,438.0724304953582,59.207504265962996,4.66679,0.86281383,4.8702407,0.79792607,4.854970768693712,0.740873630308728,5.512080604728706,1.2072203016367797,,
1985-03-26,35.5473683952,400.881300495358,59.16714457279423,5.219959,0.90056187,4.59679,0.80893666,4.647547309182018,0.7466600284086453,5.294743012893979,1.2130079716799473,,
1985-03-27,58.29526985315139,385.2044874740727,59.10266702125018,7.6108823,1.3256743,4.9542665,0.7790058,5.303462074325296,0.698688224287392,5.982008261678646,1.165032313635225,,
1985-03-28,127.3568453674856,301.74568147660835,59.02653221649909,8.074898,1.4474486,7.9422226,0.80127406,7.981600343345318,0.7085481523086324,8.788152385200133,1.1748816119641061,,
1985-03-29,237.07334636578108,195.72119536024283,58.935725537891656,8.733847,1.6287178,12.987236,0.9843322,10.65734238658401,0.997053144057982,11.591785751539032,1.4633841760210733,,
1985-03-30,204.4275353901043,203.06100412746932,58.86974874008148,6.910525,1.1797385,13.491292,1.0344014,10.189873972201067,0.7848495632026122,11.10197394490942,1.251180428939103,,
1985-03-31,71.74845961243618,252.5254111480255,58.94886042413696,4.8684416,0.9772047,7.960453,1.6187038,7.27631817470965,1.2789599572476504,8.049160139790168,1.745295420503968,,
1985-04-01,35.5473683952,661.4686804953577,59.29251406838619,4.9764385,0.94768703,4.0200086,0.7272985,4.068785874256091,0.6918968578956073,4.688318759775584,1.1582486103826068,,
1985-04-02,35.5473683952,569.5016304953582,59.67492779848419,4.24196,0.8669197,3.997673,0.4673031,4.012025195397122,0.4427875353237084,4.628845114493831,0.9091396820176237,,
1985-04-03,35.5473683952,470.634130495358,59.95033261582107,4.322155,0.8505834,4.280695,0.66556376,4.283606555947045,0.6216998198806806,4.9134071357236015,1.0880501137832719,,
1985-04-04,35.5473683952,423.03703049535807,60.24223436960625,6.703392,1.0377065,5.3890443,0.79151905,5.490926519732985,0.734581465567843,6.178432866761674,1.2009245438504046,,
1985-04-05,35.5473683952,341.504990495358,60.539285731761794,8.53645,1.5517402,8.671647,0.80684,8.65890113276041,0.745272921677022,9.497825837112343,1.2116049927447554,,
1985-04-06,68.61587305751291,250.38856266029688,60.773880611811315,7.5026464,1.2508779,11.077404,0.89750785,10.308495867402279,0.7540917289343888,11.226265561212585,1.2204226131862552,,
1985-04-07,35.5473683952,222.916630495358,61.065133899777834,6.6611695,1.186386,10.016583,0.864851,9.555102791527236,0.763543276895821,10.43686287165611,1.2298743170485305,,
1985-04-08,35.5473683952,362.523930495358,61.34965738874065,4.878911,0.9670409,6.9545903,0.8162178,6.769234237313155,0.7483297051956787,7.517839323565844,1.2146669605727056,,
1985-04-09,35.5473683952,366.5264904953581,61.65005780170755,3.9277928,0.85549265,4.8899236,0.5743414,4.804861545497,0.5289987080243348,5.459576331953002,0.995345682119931,,
1985-04-10,35.5473683952,343.4625004953579,61.88444143558319,4.8034124,0.8565684,4.78809,0.5710579,4.789527300286363,0.5236971177218883,5.443509162238792,0.9900441850431722,,
1985-04-11,35.5473683952,323.44128049535794,62.107762456294545,6.0973964,0.8868017,5.391997,0.72823554,5.461846134124905,0.6619750664296045,6.147962538127854,1.1283182989196345,,
1985-04-12,35.5473683952,335.5968904953581,62.27676357717704,7.575166,1.2467966,7.2422132,0.789549,7.274102741824836,0.7238459034465345,8.046838816786538,1.1901813738929294,,
1985-04-13,35.5473683952,329.82056049535805,62.39120958402909,6.6151004,1.0230044,8.015421,0.8164257,7.87918095990448,0.7436843442530823,8.680837705333973,1.2100180595561876,,
1985-04-14,44.42199566688747,333.3252439720037,62.669930009541375,7.2784896,1.1650282,7.413984,0.8234323,7.398050087447854,0.739402637513615,8.17671042183753,1.2057377143236738,,
1985-04-15,38.08003349152078,345.47007517230384,62.82727135271296,7.7987466,1.2386321,8.061393,0.82590216,8.035316462405467,0.7540000873009952,8.844435951131992,1.220333417672746,,
1985-04-16,35.5473683952,361.94754049535806,62.96186520599129,8.928213,1.5508337,10.264474,0.8666394,10.144974133566807,0.801231537886872,11.054928047470861,1.2675624008139366,,
1985-04-17,36.08188209765128,364.1331417000635,63.03276257340627,7.2818537,1.208574,9.170759,0.80856943,9.000462579480224,0.7436971506332446,9.855712753415968,1.2100287204569817,,
1985-04-18,55.50852272882866,362.7800500434542,63.0679180024998,6.989872,1.1553463,7.1457663,0.80446035,7.125078480186293,0.7143524641239167,7.890691704855626,1.1806884311102235,,
1985-04-19,80.54909079148592,343.6558445406633,63.116204768905035,9.554836,1.8647511,7.123514,0.867138,7.585179677359165,0.7866756313623141,8.3727841664761,1.2530101471694175,,
1985-04-20,133.2861475382374,269.54120283632705,63.241425601395065,9.691633,1.7127763,13.463294,1.0625784,12.215339693418123,0.9092217920440484,13.224250003892452,1.375555182701759,,
1985-04-21,93.48426983178024,317.6179616613594,63.31279559152227,10.292635,1.9862465,15.3585615,1.0354637,14.206574471130349,0.9186983479768109,15.310658997283749,1.3850387948822245,,
1985-04-22,79.80383408748412,338.90645809446096,63.35085369439359,10.582712,2.0883954,18.982286,1.1878711,17.3813746898023,1.0406040110214383,18.637203813896587,1.5069650872211728,,
1985-04-23,102.25969134075376,346.5278442690424,63.37048231520147,10.382683,1.995478,20.525614,1.1833827,18.21446895685735,1.0206169801155096,19.51011713912658,1.4869853788273701,,
1985-04-24,94.1239755584752,363.31028778344,63.37597029947608,9.374161,1.6315882,18.339859,1.050388,16.49503182849202,0.899272831941275,17.708496793627177,1.3656269889953263,,
1985-04-25,100.7856374771286,366.5346661428259,63.48193228475303,9.035652,1.6175034,16.725708,0.93539804,15.067215588827327,0.8123749003942431,16.21243581845216,1.2787198007105687,,
1985-04-26,94.07936131465205,364.22443500406825,63.588467909632726,9.247591,1.6254817,16.378754,0.91901135,14.9148879199664,0.8029714815489105,16.05282740772577,1.2693155319419676,,
1985-04-27,113.11833069048544,377.92545876054896,63.65608365706331,9.287281,1.6521372,16.803913,0.95881665,15.07235904413181,0.8303049344594101,16.217825113338176,1.2966498639371757,,
1985-04-28,129.19180183608069,391.3141886728579,63.81896262275829,8.337328,1.3345957,15.631925,0.93999493,13.821374693351503,0.78046821704033,14.907047986866644,1.246806945149108,,
1985-04-29,110.11895032260465,392.7863484724536,63.98861974050494,9.391914,1.7117071,14.561618,0.9282295,13.429630730709796,0.8161332977247324,14.496580001920409,1.2824704518893348,,
1985-04-30,114.28243939640332,404.8859301249447,64.12458874009717,10.044558,1.8818465,17.126616,0.9919603,15.567670668795277,0.8775310476371648,16.736810940522467,1.3438789270908966,,
1985-05-01,116.23566668953995,412.20148269024025,64.01766504132864,9.840738,1.7541156,18.313612,1.0389606,16.449908565545318,0.8975892870782245,17.66121679295778,1.3639431159151385,,
1985-05-02,104.18459041816192,388.923299698587,63.92536682603704,8.737299,1.485386,16.898222,1.0074022,15.173969655531279,0.8542906760578923,16.32429236462404,1.3206361878321877,,
1985-05-03,671.0250720988,791.9977304953582,63.868832952518915,9.650337,2.0507693,19.082348,0.9442493,14.756293883799572,1.0705204171423448,15.886653118756755,1.5368636108461526,,
1985-05-04,494.0539820988001,871.1450104953578,63.79160854908942,9.943989,1.950293,16.963312,1.0112437,14.423078328905422,0.9563138833919806,15.537510999379057,1.422655370853647,,
1985-05-05,369.3544120988,866.7016804953581,63.710451543901726,10.191807,1.9312075,15.165612,1.0471652,13.67935525346793,0.9338886713220326,14.758240503225805,1.4002268085452623,,
1985-05-06,297.6538220988,863.5600004953579,63.65034232972917,10.393446,2.05672,13.858206,1.1208365,12.970084258157357,0.9862632509383981,14.015068778860993,1.4525987824612439,,
1985-05-07,246.8057320988,861.148650495358,63.69090442326842,9.932844,1.8670515,13.937366,1.1352876,13.045326253103985,0.9754953634404915,14.093907083964178,1.441831144103962,,
1985-05-08,230.3513920988,762.1641204953579,63.686014759052846,9.341749,1.7460064,13.663672,1.0983111,12.660603955163264,0.935704488675044,13.690796375289276,1.4020390635389646,,
1985-05-09,220.0424020988,674.7118804953582,63.661355667215425,10.143507,1.912625,13.975677,1.0879006,13.033250436293693,0.9456368516433049,14.08125408438947,1.411972591885224,,
1985-05-10,202.8786920988,619.549050495358,63.53560707988635,11.218351,2.3048847,16.590927,1.1334038,15.265605655745096,1.0258039659014255,16.42030825240608,1.4921500129373448,,
1985-05-11,192.6254320988,578.753750495358,63.400841756959046,11.326666,2.2813795,20.12108,1.229207,17.924977709704635,1.0840238211553297,19.206789199936292,1.5503895853959113,,
1985-05-12,182.0112320988,539.4291104953581,63.26280846135819,11.319281,2.2947745,21.930689,1.2636266,19.253550676427746,1.1080964911095577,20.598863412969276,1.574475135115695,,
1985-05-13,171.68632209879996,551.0932304953582,63.15847880682085,11.437229,2.3348234,23.089542,1.307292,20.32169596100109,1.140667756761051,21.718062390873232,1.6070582194524867,,
1985-05-14,151.8204220988,510.9219104953581,63.025992568088526,11.0509205,2.0928206,23.152908,1.3013706,20.380595751285913,1.111918673516325,21.77977738979481,1.5783098258650297,,
1985-05-15,148.7562820988,438.286570495358,62.87644339361026,10.552708,1.9072425,21.857319,1.1588159,18.99273765355973,0.9910079917499103,20.325584419152886,1.4573839481013275,,
1985-05-16,144.830192160828,410.8106405573861,62.76526695480074,10.068232,1.6307839,19.656706,1.0661687,17.157428463780118,0.8955726859646543,18.402553723792423,1.3619319291309484,,
1985-05-17,144.9123474072,497.55663049535815,62.68453312327548,10.360413,1.9770124,17.680841,1.024477,16.02967918764088,0.9101288331436177,17.22090188727178,1.3764797171401906,,
1985-05-18,38.7789474072,1064.6700304953583,62.962000596264744,9.940245,1.7948908,15.271696,1.0488199,15.084330767782545,1.013924821704742,16.230369044456125,1.4802698191748072,,
1985-05-19,54.9368420988,817.255590495358,63.11518115735506,9.558184,1.6359168,14.877382,1.0022389,14.542341565955814,0.9447468606921917,15.662474611479478,1.4110889442538856,,
1985-05-20,54.9368420988,616.8045204953581,63.15749460473795,10.928566,2.1516213,17.337524,1.0057511,16.813382300489383,0.9401130064171771,18.042063329959365,1.4064695452499962,,
1985-05-21,54.9368420988,535.340060495358,63.15477076076191,10.471922,1.7902132,18.312675,1.0162258,17.582939587527758,0.9365852358633949,18.84840282471819,1.4029480109424095,,
1985-05-22,54.9368420988,558.074510495358,63.12966875024232,10.266262,1.8337101,18.176767,1.02415,17.46784380571811,0.9467391676327779,18.72780585797329,1.4131009669425276,,
1985-05-23,54.9368420988,484.0731404953579,63.07897116734457,10.1288395,1.7174008,17.627075,0.988383,16.86284187104995,0.9047393494093975,18.093886898923646,1.3710962686821486,,
1985-05-24,54.9368420988,448.3690404953581,63.008225700399535,10.5239105,1.9643339,18.99862,1.027535,18.07358771807135,0.9401531627275126,19.36250225870504,1.4065202674004857,,
1985-05-25,54.9368420988,421.96080049535806,62.91901430287846,10.580688,1.9575063,20.475931,1.0816004,19.336035859481697,0.9832120451037254,20.685291105811714,1.44959155530154,,
1985-05-26,55.21722209879998,416.87984049535805,62.81483070816388,10.639547,2.0205333,21.479452,1.1257687,20.211599656480786,1.021801446174391,21.602703859342245,1.488190630385322,,
1985-05-27,38.7789474072,375.73766049535806,62.760954748130494,10.542896,1.9787078,22.275131,1.2388959,21.17755464214209,1.138148984426891,22.61482819136623,1.6045498582803313,,
1985-05-28,38.7789474072,440.0255604953581,62.8590230667623,10.107439,1.8293391,21.010746,1.2847779,20.127674184307168,1.1899816705569974,21.514767036483605,1.6563698895019536,,
1985-05-29,78.4069474072,652.586580495358,62.930096754670316,9.926271,1.6381303,18.235342,1.0912514,17.344104503587047,0.9899213243038749,18.598152240182007,1.4562820914634083,,
1985-05-30,54.9368420988,567.2878904953582,62.89518463212168,10.207245,1.8084275,17.960257,1.0092716,17.275735442238123,0.9339121829637158,18.526515371408546,1.4002723873443206,,
1985-05-31,54.9368420988,479.8597504953579,62.82131501081919,10.1882305,1.8381313,18.64826,1.0712628,17.779205756779206,0.9795881610664213,19.05404984595752,1.4459526350090757,,
1985-06-01,125.94401888920127,1032.307910495358,63.140217528182674,10.449846,1.9964069,17.798437,1.0551726,16.99937860505322,0.9651664699124869,18.236949622084794,1.4315244539381473,1.2948434220458572e-12,4859.999999999999
1985-06-02,121.23716160669615,852.0331004953581,63.14338198468643,10.53157,1.9290928,19.130014,1.0360398,18.0589337715943,0.9382771019418745,19.347147903678394,1.4046440733168448,1.8961476227585754e-09,4859.999999998103
1985-06-03,124.34493363662403,626.6881504953578,63.10385779108111,10.58242,1.9575425,20.550884,1.0546572,18.900453649282223,0.9378254253427204,20.228889554928003,1.404200449345447,2.0318240077582695e-06,4859.999997966279
1985-06-04,110.97321402317867,551.728890495358,63.03881350088534,10.455923,1.8818642,20.62696,1.0707482,18.92376299338981,0.9455057057044478,20.253313006004927,1.4118809642831411,2.418378671744091e-06,4859.999995547901
1985-06-05,263.2367916048233,658.0305604953581,62.990960295658816,10.65114,1.7432024,20.35997,0.99447876,17.58583376637582,0.8675560377928552,18.851435335421936,1.3339188376036484,2.3276460183716104e-11,4859.999995547877
1985-06-06,224.97692888920128,867.7042504953582,62.96282053168824,10.885935,2.0688236,18.52645,1.0227376,16.95331012927851,0.9170865987110293,18.18867923064526,1.383444221098327,1.2915616034165287e-12,4859.999995547876
1985-06-07,181.69701888942785,700.1214404953579,62.91702536934445,10.8409,2.0247128,19.640932,1.0564193,17.827702271371127,0.9367715794756296,19.104864328169892,1.4031364799870396,2.2785731547627497e-10,4859.999995547648
1985-06-08,175.4966388892642,601.1974004953581,62.86663042671976,10.572031,1.8184487,19.77258,1.0282645,17.693684289526743,0.8957244559930637,18.964440744910902,1.362088184253758,6.424445468480909e-11,4859.999995547583
1985-06-09,155.5960189226967,632.6741804953582,62.81509576608487,10.782299,2.0213776,20.258242,1.0389032,18.38779298367397,0.9243809963423822,19.691725461946493,1.39075101822761,3.3496693796922316e-08,4859.999995514087
1985-06-10,138.8522955114017,592.4403304953579,62.744732976537634,10.841549,2.053329,21.142332,1.0999928,19.186497523117133,0.9726868369221262,20.528605348140154,1.4390647825236755,1.6622201687549153e-05,4859.999978891885
1985-06-11,125.50235918573692,511.8383504953581,62.643536228139396,10.470737,1.7232527,20.660532,1.0694349,18.65400199730034,0.9234531280055615,19.970658356434214,1.3898257098272364,2.965369256574981e-07,4859.999978595348
1985-06-12,106.92070889056113,468.600270495358,62.5564615167413,10.472771,1.9137903,19.745098,1.0644131,18.02247833705852,0.9367613650505071,19.30895002398847,1.4031280058779565,1.3611276123732516e-09,4859.999978593986
1985-06-13,77.56394888920128,494.2909304953581,62.48520533334737,10.116905,1.5604073,18.110893,1.0277492,17.026622918202243,0.9132138632988959,18.265496120272314,1.3795720623349725,1.2985477541651115e-12,4859.999978593985
1985-06-14,69.23376888920126,489.55669049535805,62.39968622897998,10.016487,1.5631847,16.706923,0.98280126,15.877982002288563,0.8825466274103404,17.061954095010506,1.348896497969282,1.2471188529645113e-12,4859.999978593984
1985-06-15,82.35092888920155,433.9325604953579,62.28912420142202,10.392721,1.8695054,18.455221,1.033023,17.16919445280471,0.9180295579954062,18.41488208687237,1.384388896040623,1.5568673532020603e-12,4859.999978593983
1985-06-16,386.16628902532966,720.679600495358,62.21973777534796,11.026684,2.2810485,22.590977,1.0933807,18.556322821845317,1.0677867594212056,19.868310450291997,1.5341583925221267,1.3612963077923574e-07,4859.999978457853
1985-06-17,300.8207888944432,740.200010495358,62.15569041927701,10.950878,1.9637463,21.107681,1.0427326,18.17269906048036,0.9336531027180175,19.46635078448602,1.4000211153931383,5.243168052204819e-09,4859.99997845261
1985-06-18,252.8066899212044,643.1503804953579,62.071444824505306,10.95524,2.163394,21.899343,1.1158397,18.81131326475686,1.0070808309680668,20.135488564733485,1.4734549636283156,1.0320044045317604e-06,4859.999977420605
1985-06-19,207.22822215837206,623.879480495358,61.978205393771844,10.734161,1.8909067,21.388536,1.1078998,18.731976782076806,0.9560041472019064,20.052360069379528,1.4223774941938998,5.53572038235536e-07,4859.999976867033
1985-06-20,184.80262163380297,523.956220495358,61.80991877586822,10.535332,1.8356239,21.135672,1.0802394,18.37172641259054,0.9310231871559737,19.6748909636861,1.3973930571337618,2.900297192514383e-08,4859.99997683803
1985-06-21,165.6802863518223,476.332130495358,61.620625552797634,10.702856,1.9798338,21.576267,1.1021413,18.77023136147994,0.9642128176432379,20.09244308691139,1.4305865425713642,7.470223095932195e-07,4859.999976091008
1985-06-22,148.35393595983155,436.80910049535805,61.417921819375586,10.728422,1.981805,23.20508,1.2004063,20.041925173028627,1.0273218965564817,21.424919515584282,1.4937091375796812,0.0038543550315441933,4859.996121735976
1985-06-23,145.73738953284135,389.47651049535807,61.29677545611384,10.756172,2.0105102,25.222013,1.4426739,21.28300152450131,1.1840049621105988,22.725315074250084,1.650407176626745,1.2561379280413794,4858.739983807935
1985-06-24,174.09968593714964,329.3311404953581,61.174347155311224,10.587799,1.9005381,27.202723,1.7319959,21.456842862761462,1.3098601871159126,22.907465434232183,1.7762646396225343,2.4589243323496635,4856.281059475585
1985-06-25,165.31526295618767,392.5393104953581,60.96001624690367,10.383415,1.7463146,23.454624,1.3257228,19.58108715007161,1.0667861643850853,20.942055010425893,1.5331682937975537,0.00023735138768265238,4856.280822124197
1985-06-26,147.87577913632362,343.98753263133057,60.73158813675295,10.338411,1.5596533,20.592505,1.0318227,17.50967237990364,0.8605757158708673,18.77163369502106,1.3269378680463322,1.1480590356400536e-11,4856.280822124185
1985-06-27,180.3042924054559,379.5640139794616,60.46466666213042,10.458118,1.7952025,19.953701,0.9948315,16.895670624207895,0.8883283940419391,18.12828475426306,1.3546855673760692,1.3505065475384501e-12,4856.280822124184
1985-06-28,176.01426398479043,372.67166868608535,60.20172305446283,10.435602,1.6811014,20.065779,0.99670947,16.9764915179949,0.8655170701003319,18.21296861050068,1.3318748741585815,1.3703733408803885e-12,4856.280822124182
1985-06-29,101.23476105066214,320.36718525705606,60.07745672573288,10.560051,1.7334093,18.135178,1.0515393,16.316243561241453,0.9009524328307139,17.52116305835915,1.3673053030813247,1.350235976294851e-12,4856.280822124181
1985-06-30,87.25622481898418,368.86316293042415,59.968952883877435,10.764362,1.9273325,20.40832,1.0959166,18.56341808388374,0.9599003210676788,19.875744841601918,1.4262720227147212,1.4444559937734134e-07,4856.280821979735
1985-07-01,111.99759018116436,376.48709712908817,59.77371175963192,10.656767,1.8027347,22.214666,1.1481816,19.564722729869185,0.9766984311048188,20.924908426876765,1.4430803834677493,0.00021515505227195233,4856.280606824683
1985-07-02,167.69259143675052,408.4348702893087,59.50824708790907,10.659477,1.7949278,23.053934,1.186495,19.446297369389367,0.9901885941042509,20.800822738982852,1.4565692743282201,9.855446036951452e-05,4856.2805082702225
1985-07-03,182.0542326619018,403.54027956090187,59.226723283129246,10.70384,1.8686374,23.755476,1.2048987,19.69788071581166,1.0133620701662738,21.064430909369484,1.4797454720799246,0.0004996491406211162,4856.280008621082
1985-07-04,193.37789935434125,397.9875805075269,58.935222189181324,10.843206,2.0119972,25.143497,1.3724797,20.467268739156196,1.134039525131776,21.870593050208505,1.6004316995468004,0.036795189008613505,4856.243213432073
1985-07-05,206.22803417666472,405.1932745889935,58.62163785479603,10.8182335,1.9597393,26.680546,1.5353152,21.330301319636707,1.213327096468394,22.774875637906693,1.679729916489037,1.4910036090665653,4854.7522098230065
1985-07-06,223.6880043036112,361.7715168524855,58.3211023913081,10.964127,2.1212754,28.544344,1.86309,21.82742570772982,1.4079298445946258,23.295760872415947,1.8743391832192202,9.793815158170768,4844.958394664835
1985-07-07,133.66608193555825,317.11804049535795,58.15843211605311,10.654758,1.7743186,25.976982,1.7794448,21.43365083747587,1.3578727936292472,22.883164909415914,1.8242769455702916,2.3481803307582405,4842.610214334077
1985-07-08,157.13954609122538,379.0073175603443,57.91712780511631,10.555321,1.719548,23.462519,1.2756896,19.679541741045412,1.0330716589620672,21.04521539429806,1.4994548600348145,0.0004512200763713856,4842.609763114
1985-07-09,232.5201171997286,390.2110814347311,57.58956087932958,10.814276,1.99331,25.275858,1.2203572,19.876082241053783,1.067099269480203,21.25114985836674,1.5334846430065212,0.0015072802405018046,4842.608255833759
1985-07-10,251.19211083764242,377.2246313731507,57.26891239937477,10.81497,1.8935452,27.179317,1.4695344,20.63812481618477,1.162341137262865,22.049615463676762,1.6287353516025083,0.08453250083923582,4842.52372333292
1985-07-11,233.10113856271568,400.8770932888803,56.93619476786066,10.71892,1.8617388,25.989008,1.4334599,20.374501385465766,1.135845023417759,21.773391734121006,1.6022361042236013,0.02336719925768092,4842.5003561336625
1985-07-12,109.21686328888414,320.08935846672284,56.78716941712422,10.496296,1.7526177,22.89277,1.1179436,19.739068283848578,0.9452948538629303,21.107587102365912,1.411678708247531,0.0006554587161784383,4842.499700674946
1985-07-13,158.98906791907854,304.790850495358,56.80269062825454,10.893362,2.0616968,23.303478,1.1215619,19.04914827026878,1.0211816148988233,20.384691270510583,1.487558145964373,6.314278530603107e-06,4842.4996943606675
1985-07-14,122.86865982108418,205.9048304953581,56.73553599740499,10.842464,2.0109892,27.352724,1.596754,21.182538419915662,1.2509409050755824,22.620050176681186,1.717341842007088,0.9097382162841828,4841.589956144383
1985-07-15,129.7638382656674,200.99947486898031,56.61557316340379,10.857243,2.006429,28.685463,2.4505222,21.69116155106223,1.6843864354063456,23.152983754855363,2.1507939591431806,13.031925013853046,4828.55803113053
1985-07-16,89.0306671694965,169.6133761786312,56.56754862401847,10.637217,1.7196724,26.933243,2.5019598,21.323811130008703,1.744249552035403,22.768075239400073,2.210652288821007,1.7722078650893829,4826.785823265441
1985-07-17,87.26227020678903,257.16745879007743,56.42882960182865,10.5668545,1.7975429,22.564701,1.2330112,19.52501186634486,1.027107485178448,20.883299519820774,1.4934890091756323,0.0001725885912063511,4826.785650676849
1985-07-18,121.82172447534556,294.38635855509364,56.21650843538991,10.647175,1.8713591,22.625366,1.0626786,19.11941813116242,0.9300405914109415,20.458319790549435,1.3964178434786443,1.0679821919664227e-05,4826.785639997028
1985-07-19,159.7333287523905,326.1365934739083,55.94573915059914,10.6199875,1.7841522,23.793365,1.0789366,19.462520079134137,0.931960912767589,20.817820838798866,1.3983417663098998,0.000114117129387325,4826.785525879898
1985-07-20,178.35497504526035,338.402166818166,55.66249896729871,10.896015,2.1213808,25.0923,1.1866672,20.19255564909942,1.0676924116784385,21.58274961350673,1.5340813761489986,0.009258476734798826,4826.776267403164
1985-07-21,195.58308540323722,348.3509626981305,55.35312483762307,10.792126,1.9434453,26.320248,1.3344927,20.73678029458034,1.10397175588272,22.152986336702757,1.5703671633124838,0.13609167840531627,4826.640175724759
1985-07-22,163.91732765646458,289.29392049535807,55.19667998329495,10.678192,1.8702061,26.001413,1.4819763,20.459314640752286,1.1629306916622735,21.862258773090613,1.6293227719229355,0.036626051664567894,4826.603549673094
1985-07-23,117.86096504443398,288.43619424545966,54.9898551113179,10.502388,1.6979591,22.693172,1.1165967,19.156801137473387,0.9332541376446475,20.497489576774655,1.399631775580573,1.3892438310223184e-05,4826.603535780656
1985-07-24,193.51522955454806,363.0093869505981,54.65133221389004,10.629898,1.8617681,22.613424,0.9960115,18.446502011515815,0.9171565264704541,19.753240580632404,1.38352710595223,5.681840493355778e-08,4826.603535723838
1985-07-25,215.96885052931756,376.2096026870536,54.325628678199,10.638048,1.7709677,23.561424,0.9820847,18.848239129291258,0.89801291683296,20.174179359367876,1.3643874176241018,1.4097747820321183e-06,4826.603534314063
1985-07-26,160.7956405655057,219.27007534211785,54.16986256667953,10.651558,1.850012,24.42899,1.0870657,18.600126588149028,1.002961007796036,19.91420788688934,1.4693330649970417,2.0093247075868e-07,4826.60353411313
1985-07-27,183.9684237358224,408.3125104953581,54.05990408646597,10.625704,1.816573,22.630037,1.0713328,18.901370413975116,0.929437031619533,20.229850137839414,1.3958120648364778,2.1310223947546485e-06,4826.603531982108
1985-07-28,128.22645798464296,334.0590904953581,53.87520387982676,10.571552,1.8131,22.895906,1.0628364,19.477438604002252,0.9180362133991828,20.83345241815925,1.3844172265919372,0.00012637984294186602,4826.6034056022645
1985-07-29,152.20257735276834,309.05269332459534,53.627656045688255,10.629168,1.8761805,24.645067,1.1434755,20.02017469338321,0.9850240590407603,21.40212943736211,1.4514110533480211,0.003545337279763707,4826.599860264985
1985-07-30,192.3560898357684,336.80684234767864,53.30987714425609,10.655823,1.8918295,26.534319,1.3839613,20.762324609951225,1.117530793891759,22.179751583029496,1.583926512055351,0.15254389723080267,4826.447316367754
1985-07-31,150.75808391948144,242.1452752806575,53.11650963532265,10.800058,1.853409,25.410633,1.2108527,19.804515963143356,1.030838395629343,21.17616295700928,1.497222972987116,0.0009967171409503129,4826.446319650613
1985-08-01,132.24381160480235,442.672810495358,53.09122067669756,10.794775,1.8681267,18.663174,0.8829478,16.85326421933218,0.8042684067230793,18.083851468193327,1.2706252521067196,2.354587286089355e-12,4826.44631965061
1985-08-02,120.01414160503315,328.631660495358,52.9514565679622,10.776686,1.6899425,20.400179,0.8500618,17.82586467392423,0.7694657883623038,19.102938899846546,1.235830672661433,2.3313668348480183e-10,4826.4463196503775
1985-08-03,155.69488361489798,336.0636564339539,52.71056161334548,10.722763,1.7935134,21.237326,0.91053563,17.908326844712192,0.8424024711097393,19.189342480515347,1.308768086736199,4.997444693798185e-10,4826.446319649878
1985-08-04,192.6081399374398,354.9671555141483,52.40737554179794,10.791948,1.7424891,22.915216,0.9395493,18.650889433025714,0.8640755103399728,19.96739702222703,1.3304480617622045,3.0039290217401783e-07,4826.446319349486
1985-08-05,207.97483622318646,360.7585650089678,52.09250258199221,10.805431,1.7207812,23.449778,0.9884276,18.825984043407555,0.8882938734402918,20.150860556454138,1.3546681521735975,1.1856112840104752e-06,4826.446318163875
1985-08-06,219.61132811549044,369.6563047509303,51.75503427523876,10.727989,1.8251768,24.052532,1.0488887,19.086672166762693,0.9463807417546996,20.424008680987882,1.4127576571307474,8.400271860377891e-06,4826.446309763603
1985-08-07,228.01534688342528,374.6913451767736,51.409731128779626,10.881449,1.724909,23.950586,1.0115774,19.006284262120516,0.9062726612197406,20.339778509296114,1.3726487552526931,4.6093479244019695e-06,4826.446305154254
1985-08-08,132.33744384933814,278.7630300950726,51.25633627264218,10.721552,1.8133323,22.705088,1.0292116,18.84746503140873,0.9098364802372434,20.173368262252687,1.3762109732950483,1.4134823695992995e-06,4826.446303740772
1985-08-09,130.71523510510477,296.44641639431245,51.026069626171456,10.705048,1.8392812,24.34009,1.1437888,20.167646556990363,0.9730726084035695,21.556649951942337,1.4394612860850313,0.00805393288224862,4826.43824980789
1985-08-10,195.48765085379293,351.5421411322644,50.6803345814445,10.72879,1.7894183,26.165289,1.27277,20.648871170353335,1.038235125601908,22.06087545684001,1.5046294693625517,0.09064549168412649,4826.347604316206
1985-08-11,225.96061477577666,374.4717860292525,50.31333787694182,10.753614,1.8141313,27.000248,1.3842405,20.88615535226255,1.1006355432717323,22.309501011529086,1.567032778348337,0.2613467486038648,4826.086257567603
1985-08-12,214.7027787325126,356.2011609656846,49.9648396485505,10.675631,1.7657793,25.647913,1.2566096,20.01720978407885,1.027465906132435,21.399022815528035,1.493852866850588,0.0034728008083744957,4826.082784766794
1985-08-13,253.78873888388412,397.5872520055266,49.557874258674154,10.718012,1.8009976,25.722965,1.108124,19.876743934043038,0.9746150040960639,21.251843178018998,1.441000385010981,0.0015354791920747961,4826.081249287602
1985-08-14,278.04562886942153,428.0556872019365,49.13627939997772,10.951595,2.1042092,25.23206,1.104056,19.608757905773146,1.0651411628362732,20.971048333662218,1.53152359232012,0.0002986544765027889,4826.080950633125
1985-08-15,276.21436994336074,425.8526160580925,48.71661936432469,10.907257,1.8874083,24.829588,1.1289618,19.35212222116494,1.0101205121696424,20.70214634059494,1.47650019219976,5.444143144112364e-05,4826.080896191694
1985-08-16,296.77210437741127,457.46891705167457,48.28813827055033,11.34075,1.6555756,24.286242,1.0690908,19.192563606418517,0.919139210952133,20.534961369487476,1.3855172195245935,0.0053854326557052565,4826.075510759038
1985-08-17,299.0916052313469,486.0380154703459,47.853399319900475,10.946024,1.8011974,23.366743,0.9600243,18.635125874801076,0.9077522319202022,19.95088001980428,1.374124629554807,2.6471803645228343e-07,4826.075510494319
1985-08-18,321.4151809539494,495.9281496774741,47.390925456091914,11.029848,1.7547194,23.323746,0.91051847,18.489246952180636,0.8839456407257084,19.798028583344735,1.3503166286625083,7.989070390685391e-08,4826.075510414428
1985-08-19,334.11181823548907,505.28016709528833,46.91435604789243,11.063541,1.7779881,23.287428,0.89364123,18.421828739484077,0.8889487223065135,19.72738801053891,1.3553190669705768,4.556363925782065e-08,4826.075510368864
1985-08-20,338.9795614056734,493.91384311553554,46.4438219865443,11.554932,1.6394515,22.26153,0.89371353,17.904047956569098,0.8521091621728085,19.184859076145656,1.3184747396600724,12.149991412335662,4813.925518956528
1985-08-21,335.52527469767233,490.1991026429227,45.95424800488806,11.61314,1.6161208,20.865711,0.9024606,17.106016637093663,0.8475148629781114,18.348684587532894,1.3138736934254385,7.237083871445382,4806.688435085083
1985-08-22,289.5446467327814,426.4237298888896,45.50347792602643,11.413208,1.610322,19.880093,0.96033525,16.45600128628989,0.8667444548298172,17.66760072492702,1.3330983278479258,0.15344801255116847,4806.534987072532
1985-08-23,310.8305385097917,440.7702621815182,45.03041034423276,11.616922,1.5777036,19.445614,1.028624,16.20799571710655,0.8885966958202263,17.407741337301342,1.3549488047388514,3.989607572697185,4802.545379499835
1985-08-24,342.2896991939375,492.5357298911226,44.5082386213962,12.352449,1.6090508,18.802744,1.0895138,16.15803606581831,0.9211063159989219,17.355393785460052,1.3874580780594168,3.839417182042854e-12,4802.545379499831
1985-08-25,313.036678648623,457.1881996012537,44.07726702380581,11.827927,2.1212578,17.719532,1.1738957,15.325051347270959,1.1085080970022654,16.48259524478195,1.5748544964064133,7.38679627755437e-05,4802.545305631868
1985-08-26,200.64037825994654,343.0174013941355,43.76521372663733,11.916145,1.8776233,18.559135,1.190515,16.10749747873958,1.0219595243486443,17.302439626676478,1.4883109384358522,3.720850346478362e-08,4802.54530559466
1985-08-27,216.0040431018436,360.8003704823972,43.405558944174985,12.058096,1.80091,20.755684,1.2634779,17.498576078938452,1.0389639844979217,18.760007028800544,1.5053260428700443,1.3648646674208938e-11,4802.545305594646
1985-08-28,250.6574574310965,392.5800255235291,42.97283356902861,12.039026,1.8032873,22.296339,1.2702267,18.299258628025786,1.0463265874696386,19.59895946673788,1.5126957759417627,1.6611067481900043e-08,4802.545305578035
1985-08-29,301.6708941883585,454.6416129636447,42.4942273124865,12.662092,1.726765,22.618444,1.3130747,18.64714732304237,1.0475795924619669,19.96347605217824,1.5139521073508448,2.9655252630353235e-07,4802.545305281483
1985-08-30,276.9630662562273,418.2990989862256,42.107535232323336,12.166468,2.062282,23.02011,1.4458048,18.696477052040127,1.196476790823004,20.01516357359685,1.6628497885923452,4.4745493707243557e-07,4802.545304834028
1985-08-31,156.71656034344568,367.22770156800766,41.87818596879687,12.466583,1.7318294,22.522932,1.7946737,19.514985390683623,1.3603557830285622,20.87279381289672,1.826737199154079,0.0,4802.545136043654
1985-09-01,163.8117685563457,363.8894906647559,41.64210866607726,12.502731,1.660069,21.68184,1.4167734,18.832413978041387,1.1045519540987703,20.157597819983835,1.5709262969308022,,
1985-09-02,223.5806473115817,445.79197283622506,41.266548280080876,12.511747,1.7313802,21.828207,1.2206646,18.716367634172023,0.9976559606569595,20.036004857562098,1.464029153919064,,
1985-09-03,271.4167779454119,495.1881108420923,40.87609440453266,12.292706,1.8172841,22.69281,1.1990845,19.01064875081404,1.006926772851644,20.344351605629928,1.4733029112879572,,
1985-09-04,282.2136762527945,493.3766113039175,40.47265021898996,12.355297,1.8708375,23.729055,1.2960771,19.59049127012221,1.069189208227978,20.951908615268536,1.5355714395238143,,
1985-09-05,288.09038463819786,497.82703558114815,40.21481183327507,12.595802,1.8030946,24.633844,1.538533,20.221110822978687,1.1775503103105847,21.61266962708645,1.6439396044219188,,
1985-09-06,320.9241308739007,553.380587759981,39.92603311658986,12.423723,1.8827355,25.18421,1.7150958,20.50031874393425,1.286860348533096,21.90522273223916,1.7532529149428002,,
1985-09-07,349.36995411046826,595.8581893205966,39.601813570106934,12.200245,2.005555,26.336617,1.9767196,21.11160969010261,1.4499148678363847,22.545731296040803,1.9163149097196202,,
1985-09-08,398.16896571881136,655.2998286543466,39.097645574070725,12.799532,2.0363846,25.806047,1.5797902,20.89010607228608,1.2482306564529349,22.313640562464883,1.7146279402140108,,
1985-09-09,210.00256953399423,392.7435454912018,38.79401399839932,12.526409,1.8600427,26.089691,2.1290495,21.364112675531448,1.5311729414636417,22.810303061034862,1.997576195885288,,
1985-09-10,245.839139967488,314.27181483054983,38.72467337554448,12.860647,1.7539374,28.688036,7.55387,21.741213003905983,4.307734333104701,23.205427496052714,4.774142521004981,,
1985-09-11,121.43631137401884,322.93224845851034,38.606923372691625,12.854612,1.4773855,22.864544,2.3532972,20.12904623076246,1.7572025075105324,21.516204662069352,2.2235907421712824,,
1985-09-12,328.2086875807951,583.3979762452425,38.166995205390684,13.142054,1.4327339,20.853516,1.7017426,18.07713308016683,1.2050441796467424,19.366217076989468,1.6714113166066011,,
1985-09-13,275.4024368839242,497.6477771888247,37.814650493808095,12.729288,1.3480135,16.53505,1.4443868,15.179230725273314,1.0465120595706574,16.329804895515675,1.5128576018159094,,
1985-09-14,318.5859056573687,548.8100456364099,37.41010852180413,12.675676,1.4299016,15.72421,1.4966284,14.604513774263031,1.0828216330693392,15.727618438818718,1.5491640338299824,,
1985-09-15,276.7578242351961,480.583479316791,37.034235366174535,12.691719,1.3976876,15.907173,1.4593879,14.73213876088153,1.0575913435780604,15.861343463533387,1.5239344093256408,,
1985-09-16,284.0168276243427,483.77573857654335,36.64496350055643,12.899193,1.4415131,16.157581,1.266378,14.952259460973547,0.9597022364775097,16.091985180644834,1.426046492931115,,
1985-09-17,309.5513411101425,520.4261267292057,36.22730581232442,12.786598,1.4881066,17.708263,1.4433061,15.872661685598553,1.0616358122269594,17.056379485369305,1.5279856477203504,,
1985-09-18,323.006726185297,541.5926928706357,35.782032460053784,12.783749,1.5002391,18.529152,1.4310133,16.382719862134415,1.057196891852609,17.59081669919693,1.5235502362879032,,
1985-09-19,321.6467376156512,539.2504014060148,35.344323594501866,12.759493,1.5393882,19.529505,1.4804604,17.0001059161958,1.0912091399454695,18.2377116962138,1.5575671296999964,,
1985-09-20,332.90476686860404,551.430788998139,34.93117382070303,12.495062,1.5924321,20.935162,1.9220777,17.757918054765838,1.340076724807711,19.031744664556282,1.8064410123560135,,
1985-09-21,337.0326424763049,554.7026005122198,34.5117171077898,13.02685,1.5255886,20.868084,1.4789947,17.90447798909184,1.0857613650576574,19.185309662752996,1.5521269463770022,,
1985-09-22,340.9561925304739,555.8030665477111,34.04814618165571,12.918388,1.5212343,20.462587,1.438758,17.59421288790362,1.0628792847345427,18.86021495031617,1.5292421562018932,,
1985-09-23,343.3510018503372,557.7048599640342,33.580496068396,13.320402,1.4907862,19.310318,1.0566036,17.027836190989635,0.8662529469072795,18.266767383351578,1.3326111555381712,,
1985-09-24,332.2921038701176,546.6998504015971,33.12355535415497,13.43116,1.4595507,18.598513,1.1303116,16.645058486579977,0.8936831670842103,17.865694213131263,1.3600384321417298,,
1985-09-25,275.7052254656925,462.0038760139205,32.717593811919926,12.952406,1.3469015,17.426872,1.4525701,15.754622657768234,1.0396840152407836,16.93269859550493,1.5060330810799167,,
1985-09-26,255.6020322740993,424.4489703246709,32.32746372052713,12.200228,1.52051,15.352467,1.42837,14.167675071839895,1.0589572950307855,15.269900339678157,1.5252975606601118,,
1985-09-27,1923.676689506001,4880.376730495359,34.43446239687468,13.050373,2.39503,14.971864,1.2315853,14.428610103355282,1.1130504856806387,15.543307173738196,1.5793920004313795,,
1985-09-28,736.2782895060001,6513.621330495358,37.0030879210414,12.350126,2.0012107,14.039404,1.416396,13.86784589073685,1.2886781703442238,14.955740348633169,1.7550170968100427,,
1985-09-29,221.85474209879996,2327.725590495358,37.57060423230276,11.376112,1.7592305,13.947605,1.2687916,13.723843621390051,1.1684573077250164,14.804855263058725,1.6347956275650752,,
1985-09-30,151.47346209879996,1358.509360495358,37.76801648150244,11.739771,1.7105453,14.833501,1.3183513,14.523154292099207,1.198449140660742,15.642370251520939,1.6647911272227867,,
1985-10-01,87.89454209879993,927.167480495358,37.83297928843416,11.9803295,1.6474193,14.4232,1.0199567,14.211670754317401,0.9424962460989011,15.315998865386371,1.4088367168818527,,
1985-10-02,62.11174209879998,773.920530495358,37.83225853002438,11.689814,1.5392498,14.305612,1.0353007,14.111274889369128,0.9651831060084688,15.210804421279665,1.4315231118795309,,
1985-10-03,111.8301420988,812.745080495358,37.782637353641775,11.406925,1.4362787,13.443889,0.8299171,13.19751183310021,0.7499349087787011,14.253366614463841,1.2162712131508555,,
1985-10-04,122.1235120988,848.577660495358,37.68859095306815,11.147663,1.4894509,12.764479,0.8506709,12.561067787271359,0.7668942442929046,13.586502718819505,1.2332285347548821,,
1985-10-05,54.9368420988,569.4039804953582,38.32231019662835,10.952759,1.3873554,13.273128,0.8870621,13.068954245471309,0.8181664485967212,14.118664413598408,1.284502308832939,,
1985-10-06,54.9368420988,906.242930495358,39.213918099220244,10.433714,1.2399408,12.106644,0.8522568,12.01102631058303,0.8066646517380462,13.010171139768202,1.2729975749107874,,
1985-10-07,54.9368420988,642.034470495358,39.821018701787644,10.31983,1.19611,12.005678,0.91290253,11.872795837715064,0.8462139559894226,12.865333722814379,1.312546589958652,,
1985-10-08,54.9368420988,542.9027704953583,40.315640222965435,10.456669,1.1927818,12.704781,0.96867603,12.498196477715673,0.8864645331890388,13.520626375581879,1.3527986498498628,,
1985-10-09,54.9368420988,505.2265704953579,40.734403890580225,11.115631,1.2816868,14.066197,1.0790005,13.776826845890778,0.9812640147116026,14.860370904576493,1.4476025549916653,,
1985-10-10,38.7789474072,483.4312104953579,41.11878126215699,11.454826,1.2877818,15.323084,1.0853509,15.035829880765998,1.009294129853072,16.179549980832174,1.4756388528799496,,
1985-10-11,38.7789474072,462.8449004953581,41.469885728822575,10.711796,1.0915195,14.622834,1.0119528,14.32048424159255,0.9375269858365429,15.430013265392974,1.4038679735297466,,
1985-10-12,38.7789474072,456.2235404953579,41.77115155389986,9.957905,1.002998,12.979606,0.8314979,12.742882867166113,0.7703753236407238,13.77700793802947,1.236710142152912,,
1985-10-13,86.83179033692197,360.64819605289375,42.12120984195549,10.157127,1.0891426,12.983552,0.7638953,12.435095029879497,0.6509291753103152,13.454508894240641,1.1172631220796836,,
1985-10-14,60.20236489572906,409.3605951513743,42.51964208554006,10.582924,1.148367,13.969695,0.8616869,13.535479335162453,0.765502714434272,14.607487807840549,1.2318402765705891,,
1985-10-15,41.82002729196134,378.1630403273781,42.893076332890324,10.69619,1.1508782,15.296903,0.8258121,14.838784344897716,0.7523605343999323,15.973086341915856,1.2187041701087002,,
1985-10-16,107.35702497190285,357.688773942334,42.717087428337514,10.219366,1.0341733,16.123999,0.9109379,14.760898948192942,0.7402038273579721,15.891478289486503,1.2065470455317895,,
1985-10-17,171.338595808167,351.1553939207146,42.467174572856216,9.773094,0.9715237,13.623764,0.74866617,12.361034935269887,0.5955396608449662,13.37690898027046,1.0618734140275703,,
1985-10-18,177.16507910827812,370.7297687905104,42.24483127178675,9.863533,1.0070529,12.019914,0.79180837,11.322635079690796,0.6269698941747613,12.288877161187022,1.09330159369397,,
1985-10-19,168.226293947445,351.1654375933634,42.14844991752198,10.237902,1.1363835,13.057281,0.89705735,12.144109177031694,0.7094533258110235,13.14961491231209,1.1757865480665708,,
1985-10-20,276.16844080132734,287.4068847281269,42.123308234182474,10.110422,1.0591508,13.97856,1.0766457,12.083059210511225,0.7555401513149828,13.085646966080814,1.2218732338554252,,
1985-10-21,196.7520972726437,313.71923807438714,42.08400745161677,9.594025,0.98830783,11.412411,0.92335695,10.71154616308849,0.6834627981267009,11.648580283274086,1.1497938655351385,,
1985-10-22,183.55654239501231,327.01485580851795,42.02640092575103,9.410776,0.99727327,9.921061,1.0086433,9.73760719046924,0.738844975277027,10.628090357007462,1.20517591807883,,
1985-10-23,183.7128604147532,349.7554233567686,41.949263528138914,9.778364,1.0587969,9.761157,1.0751588,9.767082737599639,0.7936220044151593,10.658974734533578,1.2599529350675034,,
1985-10-24,123.92252903781116,341.0068338265049,41.935904768070316,9.64749,1.1033702,10.771537,1.064287,10.471932644727437,0.8341730603162547,11.397514057813211,1.3005039964419258,,
1985-10-25,38.7789474072,703.0051604953583,42.2138510865658,9.35379,1.0163497,10.488152,0.768502,10.428849476483887,0.7302617730012007,11.352371661400062,1.1965926924871761,,
1985-10-26,38.7789474072,502.6906304953579,42.384043005342164,8.8675995,0.9534322,9.943243,0.7227311,9.86620762909208,0.6744361011218859,10.762837456997868,1.1407669982063269,,
1985-10-27,137.0244352623289,456.3864738440287,42.52394484489669,9.397013,1.0062546,9.714077,0.90893245,9.640863723283484,0.7366550612741513,10.526722882791226,1.202986050935687,,
1985-10-28,119.90780479354942,429.8218006389783,42.66947157792234,8.265003,0.90301794,9.868319,0.80297315,9.518601128447902,0.6579996772311731,10.398616553856275,1.1243307414262111,,
1985-10-29,124.82499920115004,436.7810769602493,42.780777841698026,7.611584,0.8759667,7.0653005,0.76075566,7.18671985100647,0.6228773667905914,7.955279322490522,1.0892131253112134,,
1985-10-30,126.2223641992408,442.3811457766722,42.872793725556996,8.031266,0.91823125,6.222474,0.8799776,6.624001723344983,0.7143338890060748,7.365665191882506,1.180671711836802,,
1985-10-31,125.11297605862852,447.7991091171719,42.950947319829574,8.290569,0.9202141,6.9003935,0.9492248,7.203981136746232,0.7686660028602651,7.973365638683891,1.2350017037836063,,
1985-11-01,128.41888852541376,449.059977433218,43.097332109255646,8.328419,0.91843826,7.6055613,0.9457794,7.766309223148122,0.7632911504436937,8.56257108539339,1.2296251613812292,,
1985-11-02,133.9935805039371,456.6266775573128,43.21896307216288,8.125332,0.9125213,7.7926817,0.8713373,7.868149795040985,0.704750436353153,8.669279288498153,1.1710841799067013,,
1985-11-03,136.13794111038658,463.2685608908966,43.322273062649586,8.309998,0.95186913,7.564774,0.86008716,7.7340301182796924,0.6990145718418816,8.52874914965285,1.1653486700045144,,
1985-11-04,137.8024982151859,460.69399547913474,43.405318991375786,8.213945,0.9968357,8.013886,0.8241425,8.05994958092806,0.6746288381155053,8.870246448515863,1.1409621103040943,,
1985-11-05,140.3745774072,485.00315049535806,43.61849148311974,8.360355,1.0708251,8.9046955,0.81496555,8.782510928938775,0.6761969396301346,9.627343759009083,1.1425288138924043,,
1985-11-06,126.6644174072,570.3840204953581,43.896731224224425,7.8164115,1.0620786,8.861474,0.6543927,8.671570106777889,0.5691974725730282,9.511100344781136,1.0355295226660532,,
1985-11-07,102.58916740719997,563.8579304953582,43.98029040742646,7.9714,0.99813664,8.140261,0.67274916,8.114267184762037,0.5895631686543616,8.927160248137662,1.0558963149978142,,
1985-11-08,90.87077740719997,493.2605204953581,43.96036057102027,7.708595,0.9622166,7.6759143,0.71175045,7.680998253268728,0.6193862491464477,8.473182542774724,1.0857204931998958,,
1985-11-09,78.3639861049687,495.24466570578863,43.9030137796997,7.6087613,0.9712603,7.17776,0.7361551,7.23664168199576,0.6492876013920289,8.007587246351859,1.1156231942664208,,
1985-11-10,69.90215681295396,504.2940198042843,43.8872619280314,8.014593,1.0747385,8.139928,0.8245624,8.124669718889571,0.7359051596775756,8.938059987837208,1.2022382823050535,,
1985-11-11,136.8998328580389,431.2780815280594,44.01104439477742,7.6902733,1.1202095,9.356477,0.742895,8.955012779743802,0.6251654664620557,9.808090608614513,1.091497095287148,,
1985-11-12,38.7789474072,421.4710404953578,44.306673479539135,6.924709,1.0805662,8.699855,0.6590382,8.550287668855319,0.6103388556363873,9.38402102090914,1.0766711140575724,,
1985-11-13,38.7789474072,695.5037304953582,44.852657285478934,8.283211,1.1973321,9.565689,0.7180705,9.497958822665273,0.6830808418855346,10.37698761641943,1.149411920351505,,
1985-11-14,38.7789474072,410.5344304953577,45.47045069263613,7.917875,1.1887202,11.350915,0.7248486,11.054619118729418,0.6701883956804304,12.008050953458419,1.1365197653792347,,
1985-11-15,123.96979723636346,88.35181975817164,46.625665646078964,6.2868223,1.0842521,10.704174,0.7597652,8.124982129315232,0.7076244169976487,8.938387330413294,1.1739575389147991,,
1985-11-16,38.7789474072,888.9646304953576,47.54160876747469,4.421715,1.0849322,7.523336,0.6716807,7.393690623973253,0.6452006769508861,8.172142590910925,1.1115357673077422,,
1985-11-17,421.8069474071998,8008.411130495357,49.96062639252769,6.645112,1.2706317,4.860603,0.9544587,4.94989098129357,0.9089284445311537,5.611537679022322,1.3752745502088144,,
1985-11-18,521.9703474071999,5810.671030495359,51.35659950347409,7.0649085,1.2125162,5.263974,0.8510728,5.4124168780172965,0.7872920843946797,6.096170732543761,1.2536355812173077,,
1985-11-19,285.71624740720006,4222.999430495358,52.34869602089908,8.492096,1.2044234,7.7674956,1.0301254,7.813413382965587,0.9678606703338692,8.611926663032614,1.4341945561242275,,
1985-11-20,133.25874740719985,2910.1722304953582,53.06010142024674,8.63632,1.1793734,7.8491,0.82073504,7.883569089559571,0.786495676792016,8.685435572586506,1.252829380895963,,
1985-11-21,71.35354740719993,2118.2879304953576,53.54557442669996,6.796449,1.002571,6.1833935,0.6573268,6.203371040850469,0.6367452931844648,6.924929800618813,1.1030848956213222,,
1985-11-22,193.23174740720003,1842.3709304953584,54.082142753232866,5.158154,1.090936,5.3841987,0.54043025,5.36274113654304,0.4999718086004893,6.044120660435062,0.9663155738890923,,
1985-11-23,225.3319474072001,2080.667130495358,54.69689801326425,6.1267037,0.98174316,4.713189,0.61050653,4.851311470267943,0.5591414769285389,5.50824640434687,1.0254881702694316,,
1985-11-24,191.69184740720004,1667.931290495358,55.08318773567916,6.3307576,0.9027243,4.5309367,0.62129474,4.716464089788426,0.5649670177872899,5.3669537800331435,1.0313145329950313,,
1985-11-25,182.3217474072001,1311.074830495358,55.28082773055304,5.168098,0.9228682,3.7861648,0.5670697,3.954878471194757,0.5104289587457798,4.568966972220897,0.9767815060498909,,
1985-11-26,335.70427740720004,1335.4303604953584,55.48024377081325,5.1982694,1.0196973,2.7308335,0.5731814,3.2265020097045833,0.5017558867940505,3.8057766057018694,0.9681138673270729,,
1985-11-27,331.1560474072001,3371.381530495358,56.1996751889697,5.5298305,1.0118523,4.629824,0.6643104,4.710320988577123,0.611626842230348,5.3605170595830804,1.0779743953742909,,
1985-11-28,543.0688474072,2764.8480304953573,56.68378466355247,4.9922614,1.0104188,4.5143995,0.5507269,4.592851288524105,0.48929023771921326,5.23743270941761,0.9556385245907071,,
1985-11-29,533.4248474072,2864.2395004953573,57.150227575961786,5.355103,0.97416437,4.3753705,0.60758334,4.529186068979452,0.5345409608483579,5.170724510007388,1.000889651973503,,
1985-11-30,431.4636174072,2667.467130495358,57.6142947621433,4.876459,0.9562666,4.421036,0.5682872,4.484444285290552,0.5069601045697957,5.1238442220002955,0.9733090825643972,,
1985-12-01,437.8159474071998,3012.4168304953587,58.45962834472186,5.282356,1.0394042,5.057736,0.5370434,5.086238970475266,0.48709260928233516,5.754402636004619,0.9534379204639942,,
1985-12-02,477.66394740719977,5501.721830495359,59.99310495018359,4.799359,1.0099716,4.8537054,0.6167567,4.849363924634538,0.5731937072694064,5.506205772689541,1.0395404123321803,,
1985-12-03,235.04604740720004,4352.8211304953575,61.080993798711134,3.0877688,0.8780679,2.7161052,0.7317831,2.7351463260734317,0.6957481444556981,3.290935800008528,1.1621101328798118,,
1985-12-04,87.47194740719999,3025.740230495357,61.867190803022666,3.0361784,0.8681615,1.6193914,0.69749093,1.6591989144368162,0.6783322366303067,2.163561780037914,1.1447039655385116,,
1985-12-05,73.41054740719994,2342.0540304953583,62.477260743593334,3.3617,0.9118194,2.1973739,0.5820597,2.23275994713727,0.5650497471826371,2.7645370694811424,1.0314161189273243,,
1985-12-06,90.6662474072,2009.0176304953584,62.9628831344406,3.4146242,0.8805341,2.4044876,0.5544404,2.448106221333901,0.5318599715182162,2.99017615945996,0.9982244290242861,,
1985-12-07,101.9698674071999,1703.140930495358,63.329074072535995,3.337017,0.83769155,1.9595933,0.57435185,2.0374033222654244,0.5439691585767565,2.559843065733637,1.0103373127439466,,
1985-12-08,123.55464740720004,1490.3847704953578,63.69715521800357,3.7358751,0.8510884,1.9777005,0.55065334,2.112297004757667,0.5126554562043655,2.638316410237763,0.9790229218876172,,
1985-12-09,118.64754740720002,1276.705270495358,64.02455304551621,3.7332387,0.8332681,2.8825831,0.55251336,2.9549148083290917,0.5104739474583754,3.5212084644750337,0.9768341091468921,,
1985-12-10,108.87354740720002,1134.0093304953584,64.30338554601214,3.64043,0.8359907,3.1988497,0.5477393,3.2375310486640845,0.5050955209332264,3.817332795022751,0.9714534146727187,,
1985-12-11,169.42390740719998,1157.469370495358,64.61700203720703,4.022135,0.9390449,4.1631403,0.56045246,4.1451360565849935,0.5033796707211166,4.768318219829768,0.969730898762074,,
1985-12-12,165.1899474072001,2159.509630495358,65.13291469394527,3.650769,0.9224138,4.2890687,0.5629765,4.243712001841574,0.5270636299445921,4.871605758304601,0.9934141907318131,,
1985-12-13,154.50054740719995,1671.7925304953576,65.50985966618961,3.3021882,0.9110487,3.9298391,0.5218993,3.876741183742772,0.4839246685300062,4.487094989527663,0.9502777696368863,,
1985-12-14,109.65504740719996,1490.0611704953576,65.85246392942365,2.7868137,0.7983957,2.125763,0.58454967,2.171075699065439,0.5472242849732019,2.6999045252085314,1.013591214806984,,
1985-12-15,101.72570740720003,1210.0915704953584,66.02474657940239,2.5165591,0.78285956,0.17391932,0.54332477,0.35558081768308514,0.504855533296733,0.7976351944548903,0.9712408373279937,,
1985-12-16,88.57374740720002,1068.4765704953584,66.16700989116407,2.8383012,0.79888314,-0.12083495,0.40746278,0.10569087677157302,0.3812083820380884,0.5358013685738379,0.8475965102169423,,
1985-12-17,103.44211740720004,926.742960495358,66.27508521987004,2.946148,0.7806951,-0.0144521,0.37602568,0.28282529363009806,0.3472328464435131,0.7214022050544877,0.8136189653585186,,
1985-12-18,105.30864740720006,851.2551304953581,66.37042431763606,2.5563703,0.7571252,-0.24524903,0.3344923,0.0631828195931025,0.3091177109022481,0.4912615715687607,0.7755063265942923,,
1985-12-19,127.54167740719998,702.2102804953583,66.4041604281871,2.3988242,0.7616656,-0.5613562,0.31435326,-0.10634505941113641,0.29065581510888905,0.31363083945018305,0.7570463956188882,,
1985-12-20,104.7323474072,704.6139804953577,66.4302132271763,2.452847,0.7710576,-0.28639948,0.2123583,0.06806893717266242,0.2100847181138897,0.49638122886626623,0.6764732776633094,,
1985-12-21,89.52036740720001,702.1122304953581,66.500305294457,2.5167017,0.77397925,-0.305745,0.23815538,0.013426370850086895,0.2286395431499581,0.4391269346597403,0.6950287321094257,,
1985-12-22,88.12373740720005,675.7890804953581,66.50032823967959,2.212318,0.78486127,-0.49228513,0.2344907,-0.18028653037804862,0.22633823593086538,0.2361552189273264,0.6927296837095818,,
1985-12-23,89.09057740719999,662.6971304953584,66.52906405328254,2.4139633,0.80900913,-0.22226465,0.18957232,0.09014146017352263,0.19265547414141718,0.5195087430154223,0.6590437804126014,,
1985-12-24,95.03724740720004,639.5613304953581,66.50381355220237,2.9791584,0.85489476,-0.3944732,0.34998778,0.04198376297988129,0.32416027094465977,0.46904927251477735,0.7905491305349084,,
1985-12-25,125.5506774072,562.6717004953582,66.45904696175734,1.7251523,0.8173687,-0.55248344,0.28787538,-0.13698008850313279,0.2786176667316003,0.2815315606881974,0.7450086058052401,,
1985-12-26,136.4673174072,545.9472404953581,66.3803642708692,1.3382528,0.818289,-1.0726277,0.42500454,-0.5905066664789744,0.3773417978420473,-0.19367203741183908,0.8437381706831755,,
1985-12-27,134.3009474072,537.660950495358,66.2945924630727,1.2475203,0.82987565,-0.6263889,0.27583036,-0.2518620385710452,0.27607891043632726,0.1611586461113394,0.742471203687256,,
1985-12-28,105.52432740720002,554.876740495358,66.21209603784636,1.3578165,0.83924,-0.80592096,0.29000258,-0.46018115488332345,0.27812755215691726,-0.05711741185739072,0.7445223394702809,,
1985-12-29,109.3636774072,533.7582804953579,66.11672099740585,1.2393376,0.8462076,-0.6990377,0.30238798,-0.36941458600171884,0.28929400717267056,0.03798748874676061,0.7556877017004169,,
1985-12-30,103.72936740720002,532.005750495358,66.01174203040888,1.2452985,0.84922343,-0.8001405,0.28900218,-0.46639758092948586,0.2787289737884973,-0.06363096181877032,0.7451238362892698,,
1985-12-31,96.4335174072,518.301460495358,65.89265399978662,1.3133239,0.8591709,-0.40062225,0.22565174,-0.1317554078138759,0.23315584662852984,0.2870059632547233,0.6995467244746911,,
1986-01-01,96.5749674072,452.5472704953581,65.79988379452466,1.3807249,0.791443,-2.0595927,1.0089587,-1.4545388030092767,0.8430812502503889,-1.099001956522187,1.3094886259504253,,
1986-01-02,99.1464274072,436.5957704953579,65.62976700919407,1.3651373,0.8179584,-1.5003692,0.5690411,-0.9700679823891966,0.48781327837413624,-0.591375086757119,0.9542143795544066,,
1986-01-03,107.99214740720004,402.90017049535805,65.60541747471366,1.6847001,0.83246434,-1.2186784,0.4934005,-0.6049637493786548,0.4270448370407619,-0.20882011945505857,0.8934413869619249,,
1986-01-04,116.53319740720002,364.2157904953579,65.58227530241597,1.3865268,0.83351886,-0.9653889,0.42677185,-0.3952862720359313,0.38126037051798495,0.01087922455804724,0.8476543755685487,,
1986-01-05,122.9608274072,359.479820495358,65.38571682246932,1.461351,0.8353793,-1.084839,0.56989,-0.43588531017340454,0.47502908672811933,-0.03166030882152804,0.9414235806080529,,
1986-01-06,124.9092374072,325.1750504953579,65.25138297212519,1.1702449,0.81848884,-1.0383991,0.5733401,-0.4254471506000448,0.47241842285053953,-0.020723240901625195,0.9388127908707027,,
1986-01-07,150.67827345972958,304.1323896044862,65.08694560362682,1.169988,0.8192905,-1.0170406,0.54375756,-0.2924804202846089,0.4537481934006401,0.11859884459885922,0.9201409690537039,,
1986-01-08,159.90165148226603,350.7655331860801,64.98762696591278,1.1689787,0.82244855,-0.948671,0.46980286,-0.2855861202841039,0.4128603330718558,0.12582266857240276,0.8792530267122041,,
1986-01-09,139.78774676004596,335.32206024925586,64.7412377938428,1.1707461,0.8169271,-1.0085338,0.5254014,-0.3673417876725526,0.4419015627570223,0.0401593597505544,0.9082952324392868,,
1986-01-10,140.56075878791225,349.1539928125554,64.64523998975628,1.2931981,0.8178146,-0.93459904,0.5214161,-0.2951638260459401,0.4396620363670692,0.11578718121490011,0.9060548439558894,,
1986-01-11,146.26456726287554,378.1977897633215,64.5323264092167,1.2814642,0.82213694,-0.9565526,0.5419603,-0.3324037972424403,0.45310815577202507,0.07676726669368045,0.9195014074112134,,
1986-01-12,162.2806588250806,388.20760255350166,64.29687541038626,1.7462279,0.8412544,-1.069228,0.70827377,-0.2392484284618231,0.5576571972785503,0.17437514366631318,1.024049341108425,,
1986-01-13,179.98872916980247,383.3676310731754,64.01913517706468,1.1616099,0.84587455,-0.8346268,0.5748255,-0.196842029437629,0.4754490157418575,0.2188084236048405,0.9418406585585682,,
1986-01-14,196.37694035004915,396.0224371073479,63.71933988658062,1.1661493,0.8313657,-1.0440687,0.4991013,-0.3113943268214115,0.4327530331926382,0.09878091798355254,0.8991460341194313,,
1986-01-15,217.97572625744908,425.6250139330149,63.387811796519166,1.168043,0.8253866,-1.0007213,0.4877503,-0.26620076176690294,0.42683515432685615,0.14613458096119292,0.8932276176554862,,
1986-01-16,175.81376112844157,397.16322131978825,63.10174830595954,1.1708443,0.81662107,-1.0755316,0.5928989,-0.38624771927463836,0.48133730041468026,0.020349789244583028,0.9477311968937701,,
1986-01-17,175.45598329740295,418.1145787083509,62.928272756893236,1.5852028,0.8529777,-1.169743,0.7258106,-0.3553971044516273,0.5700563908929119,0.05267495799858296,1.0364499174966109,,
1986-01-18,146.74155044815308,395.6848031026829,62.795698576532565,3.4724698,1.0072906,-1.1323408,0.90387344,0.11338969951387487,0.7134418667345108,0.5438681687261128,1.179829906838662,,
1986-01-19,112.5648874072,621.6434604953581,62.81030870063312,3.855433,0.97848576,-0.407673,0.927003,0.24592355202090868,0.7990877846228122,0.6827366863386722,1.265474319161775,,
1986-01-20,417.8170474072,4229.67513049536,64.17216457020021,3.7582357,0.8351815,1.667598,1.0005032,1.855549710981181,0.9136467875788951,2.369297473465479,1.3800166401884069,,
1986-01-21,38.7789474072,3192.929430495358,65.22228292670565,2.9087987,0.72548604,2.1051638,0.8395297,2.1148070450018963,0.8295014094885608,2.640946421825523,1.2958688522085553,,
1986-01-22,38.7789474072,1890.6289304953584,65.79436115781925,3.104451,0.7932291,2.6225603,0.828272,2.632245728095605,0.8117812249960537,3.183116905195458,1.2781440877238848,,
1986-01-23,38.7789474072,1359.3101804953585,66.08885276406346,2.3247437,0.74986154,1.9907293,0.66288245,1.9999939254805712,0.6448315219145901,2.5206456276600937,1.1112000223815717,,
1986-01-24,38.7789474072,1028.3833904953583,66.2691023180091,2.019136,0.75564086,1.1016744,0.57389873,1.1350134999637573,0.5537254434214666,1.6143220945912429,1.020102397307988,,
1986-01-25,38.7789474072,1036.0022004953578,66.50537752727173,1.8182185,0.81382436,0.680061,0.937328,0.7211265981667555,0.9039854640481826,1.1806528136899406,1.370366765453023,,
1986-01-26,175.0448474072001,2088.338430495358,67.17186599369921,2.2008882,0.80459625,0.7413318,0.9528816,0.854210540024439,0.8813872101121272,1.3200977130437244,1.3477670922220146,,
1986-01-27,152.1658474072001,1920.628680495358,67.62770524810264,1.5406146,0.8118523,0.3464117,0.37561914,0.43407929280655455,0.3531105355153139,0.8798856283556481,0.8194949671278375,,
1986-01-28,203.1942974072001,948.238930495358,67.73171429978773,1.1638848,0.83857226,-0.44035804,0.3536663,-0.15725609546040845,0.32669300690878406,0.2602864299084264,0.7930841838903797,,
1986-01-29,167.39874740720003,914.930230495358,67.8124210660451,1.1652682,0.83416224,-0.45207822,0.31173933,-0.20193083919577737,0.2934110661071808,0.2134763861354786,0.7598027689374055,,
1986-01-30,131.25656740719995,826.9097004953583,67.81452394165973,1.2115979,0.8161538,-0.47568715,0.4061994,-0.24455059570110774,0.367952205184622,0.16881955095754275,0.8343444118019046,,
1986-01-31,94.22196740720004,814.0583904953583,67.80043547797837,1.2180994,0.82736886,-0.23485994,0.42437795,-0.08413480380991736,0.3899179333995471,0.3369026693471797,0.8563082546235241,,
1986-02-01,79.28199740720004,817.1711104953581,67.8878427179739,1.1729385,0.8431822,-0.3998562,0.3621886,-0.26075880208046426,0.33847346728470445,0.1518366477182348,0.804865866036256,,
1986-02-02,79.12040740720005,769.6422104953579,67.987997234744,1.6405287,0.8268568,-0.5107595,0.5057724,-0.3102195439836551,0.465056996921463,0.10001185142515945,0.9314499838441139,,
1986-02-03,94.38277740720002,724.9664904953581,68.09667371835785,1.580277,0.849671,-0.2763915,0.589144,-0.06251747956939602,0.530388093992734,0.3595532277912718,0.996778163394284,,
1986-02-04,99.5275974072,701.7844304953583,68.21064221655189,1.6085275,0.86624736,-0.6115526,0.61710036,-0.3358057778514177,0.5510586165074667,0.07320268304068284,1.0174519087909983,,
1986-02-05,112.1678674072,741.025430495358,68.41132783002308,2.1724734,0.7803527,-0.8406507,0.8416614,-0.44452039126906173,0.7381734664491201,-0.04070811727600959,1.2045680645420695,,
1986-02-06,97.42938740719995,838.4070804953581,68.5647661387628,1.6487241,0.84989303,0.08821237,0.6139916,0.25067633225055,0.5571402694207533,0.6877166332167239,1.0235267503418468,,
1986-02-07,128.3845474072,628.5137904953581,68.70605803645756,1.3096232,0.88226366,-0.50843036,0.53017145,-0.20005342746604154,0.464983562702735,0.21544353172828484,0.931375243388761,,
1986-02-08,101.76106740720002,624.324430495358,68.77124344649091,1.3417006,0.82950675,-0.684734,0.52227306,-0.40072866999712936,0.46388030590248935,0.005176698578210681,0.9302743763724182,,
1986-02-09,88.11796740720001,611.4380504953581,68.80101724657108,1.5212895,0.8537025,-0.50510895,0.5016614,-0.24985832871611827,0.45146467091913756,0.16325812644799237,0.9178569404219299,,
1986-02-10,87.62180740720004,592.327510495358,68.78916788562587,1.5618304,0.8524175,-0.43670785,0.5712292,-0.1791658147020094,0.509597570600677,0.2373295009817054,0.975989005187725,,
1986-02-11,101.80304740719998,570.1207704953581,68.8414988372998,1.1724297,0.84667873,-0.45165598,0.53567487,-0.20559107966545426,0.47227065499013654,0.20964119868325726,0.9386624010047331,,
1986-02-12,99.35468740720006,563.5963704953579,68.76820325134997,1.1979631,0.8447501,-0.5971712,0.43464357,-0.32813924952854473,0.39059108303325063,0.08123564521067311,0.8569842837414732,,
1986-02-13,101.60132740720002,539.229670495358,68.76639755735945,1.1644303,0.8368305,-0.46751082,0.4326341,-0.20877274257785838,0.38746519656802575,0.2063074631596108,0.8538569801330687,,
1986-02-14,86.2744474072,554.9707304953581,68.72024480839414,1.1630934,0.841105,-0.44604743,0.37357557,-0.2295502968727178,0.3425463376691537,0.18453681279397333,0.8089383667384836,,
1986-02-15,78.67402740720001,563.7131504953581,68.67316816421751,1.1942934,0.8273589,-0.44411123,0.4620771,-0.24345359743550188,0.4179546969480123,0.1699689819903436,0.8843468905721814,,
1986-02-16,68.67070740719998,575.446750495358,68.64717493739816,1.1630845,0.8411338,-0.3549043,0.37830007,-0.19306833766450823,0.3496633542224,0.22276248494499645,0.8160549525542073,,
1986-02-17,76.95867740719996,609.1823304953582,68.48913941925018,1.4393378,0.8436112,-0.5902239,0.39135265,-0.3625850021118752,0.360111230719306,0.045143503400774165,0.8265048434031964,,
1986-02-18,262.6635774072,623.418630495358,68.45930651345819,1.7241509,0.8425263,-1.081112,0.6376747,-0.24954088352648482,0.5134787663182638,0.16359074443255822,0.9798710320590905,,
1986-02-19,263.0493474072,1148.237190495358,68.59917404827574,2.288756,0.87936383,-0.71346724,0.5654099,-0.1538836157678938,0.4883503632373817,0.2638201026019981,0.9547415006154929,,
1986-02-20,38.7789474072,2814.8065004953587,69.45412835044472,2.4513907,0.8125356,0.5474299,0.47604078,0.5733038935841666,0.46970140118822923,1.0257646891349406,0.9360843028115575,,
1986-02-21,38.7789474072,3147.725630495358,70.54867795041935,1.9484401,0.88321704,0.17227924,0.6773462,0.19389466274015443,0.6691894164962873,0.6282209940021586,1.135576539681287,,
1986-02-22,38.7789474072,4465.852930495358,72.22946642186733,1.95122,0.8122375,-0.3675269,0.4109254,-0.34756553185544636,0.40744786538883787,0.06088085299396967,0.8738412982711218,,
1986-02-23,38.7789474072,3073.838530495358,73.28059784002377,2.2032776,0.7902838,-0.03495729,0.40709528,-0.007071950999585455,0.4021439852629174,0.41764886309566146,0.8685334112164547,,
1986-02-24,38.7789474072,2203.1640304953585,73.9808898642408,2.1296697,0.78345686,-0.12657726,0.37661573,-0.08755089495926159,0.37034942086871825,0.33332330071822025,0.8367397819359788,,
1986-02-25,38.7789474072,1829.0126904953577,74.46223706087164,1.7605059,0.7840369,-0.23451066,0.3405974,-0.19309027833499395,0.33392293398024514,0.22273949558546194,0.8003145325706456,,
1986-02-26,38.7789474072,1533.422330495358,74.758504111212,1.4874018,0.8068744,-0.30551875,0.31999296,-0.2612956725109614,0.3127341180908625,0.1512741167163596,0.7791265232116877,,
1986-02-27,38.7789474072,1354.882780495358,74.96273333501108,1.3567657,0.80542046,-0.11313617,0.32912838,-0.07223582461083476,0.3207542011961033,0.3493703790773529,0.7871443837415442,,
1986-02-28,38.7789474072,1138.212130495358,75.0736419736482,1.2996296,0.8095196,-0.117684245,0.319676,-0.0709872574341058,0.3102919061744561,0.3506786234971161,0.7766820741776577,,
1986-03-01,38.7789474072,977.989690495358,75.12085472931768,2.1518526,0.78812885,-0.061168313,0.41070163,0.02323498060186807,0.39617965922655574,0.4494043624286015,0.8625687349524207,,
1986-03-02,38.7789474072,913.724370495358,75.12824629376462,2.0474648,0.7717375,0.0415498,0.4230406,0.12321594681511985,0.40703196292769217,0.5541640770590112,0.873419890717803,,
1986-03-03,38.7789474072,831.1783104953579,75.25690218609014,2.8366716,0.7302944,0.010099053,0.5981276,0.1360954822598517,0.5723921087546836,0.5676592102715118,1.038779889498842,,
1986-03-04,38.7789474072,802.6449604953582,75.35800515499902,2.7923262,0.73997504,0.4877535,0.77934617,0.5939650202105218,0.7442100217847305,1.0474133469875075,1.2105926982440631,,
1986-03-05,38.7789474072,777.3950104953581,75.48294039422679,2.9327133,0.7552828,0.38038564,0.88154846,0.5016546119718637,0.8404298661250393,0.9506908167823862,1.306813552360094,,
1986-03-06,38.7789474072,748.4901604953582,75.90084489774607,2.8784764,0.7657898,0.47032392,0.88886404,0.588943610389249,0.8459222172828829,1.0421519309416087,1.3123049484204083,,
1986-03-07,38.7789474072,654.642890495358,76.23439466221728,1.8928227,0.7403659,0.26530814,0.49095073,0.3563253258483838,0.4653404379848498,0.7984152875655164,0.9317257337086786,,
1986-03-08,92.8147274072,536.0835104953579,76.14515917457445,1.5378977,0.77914256,-0.37403333,0.3903832,-0.09186469566027042,0.3520762348118183,0.3288033150896932,0.8184666462117823,,
1986-03-09,38.7789474072,653.6836804953582,76.15148980342839,1.8246092,0.7417779,-0.0060681105,0.41452748,0.09645256681935861,0.3935120501104554,0.5261214989854903,0.8599002840652308,,
1986-03-10,38.7789474072,646.0642204953581,76.22948434739091,3.5444038,0.81546915,-0.1720053,0.8743098,0.038434757225105115,0.8260938981020838,0.46533063641659217,1.2924827985743665,,
1986-03-11,38.7789474072,3144.343830495359,78.31611869500887,2.8865757,0.8268485,1.0810442,0.64914864,1.1030403989366366,0.641319391780627,1.5808207886296042,1.107696674535302,,
1986-03-12,38.7789474072,3160.042530495358,79.46097017586123,2.5051422,0.7655559,0.53670573,0.5051204,0.5605688629525606,0.4990831851018408,1.0124209675716682,0.9654662257540838,,
1986-03-13,38.7789474072,3080.1182304953586,80.52155488555373,2.609312,0.78576523,0.54422975,0.9589845,0.5699060390500454,0.9471113140483652,1.0222044287690732,1.4134942527480898,,
1986-03-14,38.7789474072,3613.118230495357,83.97613164315287,3.017892,0.859258,1.3271875,0.9708667,1.3451408735529826,0.9606005378734516,1.83449283835354,1.426975359521504,,
1986-03-15,38.7789474072,5256.278930495359,98.56837079380668,3.3250902,0.7586568,1.6464735,0.94352597,1.658767063307774,0.9366324366715589,2.163109287901113,1.4030041697550553,,
1986-03-16,5111.15752821225,12537.562930495358,99.9399635695336,2.8749359,0.54548055,2.3938737,0.8953435,2.533191698047214,0.6553718309451763,3.079328431110017,1.1217355467319963,,
1986-03-17,3240.311230140984,7848.18373049536,99.9399635695336,2.0443988,0.56624764,1.8483913,0.94260997,1.9056691553437746,0.6873718457189549,2.4218124559438547,1.1537412264573221,,
1986-03-18,2540.894462060121,5951.894530495359,99.9399635695336,2.2092776,0.62221116,3.1919193,0.95031744,2.8979300556361722,0.691526052255198,3.4615000353960252,1.1578866823022274,,
1986-03-19,3193.711362060121,7172.634515029758,99.9399635695336,2.7404318,0.7165233,4.373581,0.97143066,3.870432856268753,0.7074695781095494,4.480485145564324,1.1738227242316919,,
1986-03-20,3381.507062060122,6807.016615029757,99.9399635695336,1.9218392,0.47583923,1.9088004,0.89610976,1.9131278838764918,0.6191759412451667,2.429627686204048,1.085545252005657,,
1986-03-21,2712.9159479352,5999.73591633582,99.40832483696266,1.8135254,0.4765767,1.056916,0.8929144,1.2925064762724423,0.6325350635310878,1.779342696804676,1.0989104145400705,,
1986-03-22,2378.9043742008,4671.544115029758,98.6807305104967,1.6670077,0.5300017,1.416325,0.8868485,1.5009082730305896,0.6142243662773065,1.9977053870619588,1.0805976398825012,,
1986-03-23,387.7894737036,3778.221915029758,99.42981813718174,2.9947538,0.56034774,2.5173259,0.8981643,2.5617668361359245,0.8162277171111582,3.109269363120145,1.2825911856557368,,
1986-03-24,969.4736841976,3197.044433028932,99.32709533877471,2.8449268,0.48355713,2.80413,0.866155,2.8136227474888904,0.6740730961006527,3.373163126109419,1.1404344258816899,,
1986-03-25,387.7894737036,2249.5042216099705,99.60688791183485,3.2662404,0.54323983,3.9351807,0.8666319,3.8368192227291713,0.7435050835876916,4.445264895244009,1.2098584703389152,,
1986-03-26,983.8890841976,1498.1931304953582,99.2108377544533,3.4387496,0.54811347,6.357788,0.85987437,5.200690978873373,0.5626644873827344,5.8743250591695375,1.029009148069982,,
1986-03-27,389.3220637036,1365.5163404953582,99.42529340693244,3.3127942,0.63730216,8.027944,0.9527856,6.981857719871086,0.7547655222793072,7.740625481773029,1.2211019904045748,,
1986-03-28,387.7894737036,1261.4060304953582,99.6521943467679,3.5829446,0.62200975,8.631143,0.9316552,7.44411655741337,0.7274420986610695,8.224978711597048,1.1937770336504927,,
1986-03-29,387.7894737036,1107.344930495358,99.8475438381872,3.8924057,0.62082684,10.109357,0.9865627,8.496880971213503,0.7482124577722297,9.328061665681709,1.2145448132661159,,
1986-03-30,969.4736841976,1089.763230495358,99.53936562914888,4.021473,0.6587014,12.284267,1.0195796,8.39420418739341,0.6223375718242584,9.220477282578042,1.088670123109886,,
1986-03-31,54.9368420988,883.7626130104818,99.9372759221489,4.2337065,0.6832084,11.305877,1.0396351,10.891982062368749,0.9796073790196457,11.837640401750676,1.4459385886323912,,
1986-04-01,374.6327176245589,1292.534967580061,99.9399635695336,4.3170643,0.6914925,12.746672,1.0679536,10.852437069308465,0.8424261762188548,11.796205293199906,1.3087573514792892,,
1986-04-02,969.4736841976,1049.9880884176978,99.47421405492994,3.7446947,0.6466451,12.77419,0.9548679,8.439441881627909,0.5855333817829347,9.267877183959628,1.0518658453199672,,
1986-04-03,54.9368420988,1092.0571791171485,99.79151996923711,4.2289352,0.69875115,10.295588,1.0078474,10.0050169584864,0.9601586824886715,10.90828139784128,1.4264895514544431,,
1986-04-04,64.9440220988,1025.770704322152,99.91886157590841,3.9067852,0.6733608,8.199827,1.0334983,7.944208191223232,0.9727876603210334,8.74897301602529,1.4391212119200203,,
1986-04-05,80.8316520988,1005.0414497487536,99.91373527096036,3.7825627,0.6653753,7.675092,1.007007,7.385334983672153,0.9333612138227168,8.163387579565759,1.3996963302050314,,
1986-04-06,157.0925120988,1036.9686252248448,99.9255900930091,3.5270004,0.6620134,7.3436785,0.98519963,6.841550464760242,0.8600068350538489,7.593612019484245,1.3263438168730681,,
1986-04-07,154.65450669072953,1077.6763960580831,99.9399635695336,3.7704642,0.64382637,8.16607,0.9775185,7.614432233989491,0.858652339656146,8.403434895318492,1.324986771385709,,
1986-04-08,1039.8552441976,897.501310495358,99.3403660436404,3.584528,0.6703233,11.919876,1.0260382,7.445967853172904,0.5961377061119107,8.22691849296555,1.0624726354526497,,
1986-04-09,113.5761620988,437.8953704953579,99.66170520848468,3.4356635,0.6862535,9.323483,1.0523299,8.11088053146528,0.8474699033747612,8.923611724390016,1.3138030574659025,,
1986-04-10,122.11914595266484,527.378235751677,99.9399635695336,3.4884932,0.6724188,8.008712,0.9736293,7.158815800184711,0.8006120844379452,7.926041553424709,1.2669479367892444,,
1986-04-11,985.3764841976,893.297230495358,99.32221937712072,3.2212403,0.65271324,8.5118885,0.8731731,5.736909377361438,0.5381322527295638,6.436172864134433,1.0044740653058122,,
1986-04-12,67.85261209880001,490.818410495358,99.64724332030286,3.0139446,0.650641,5.372379,1.0113382,5.085938480247746,0.8920147004416459,5.754087783371398,1.3583600133508762,,
1986-04-13,68.47731209880003,492.1270404953581,99.93980566010164,3.9817054,0.6839848,5.947259,0.86559373,5.707168373176356,0.7644415680968536,6.405010341613841,1.2307835300279284,,
1986-04-14,229.9415898580043,645.5126856898593,99.9399635695336,5.0707335,0.73227453,8.550971,0.90278196,7.636872645355412,0.6928920870828192,8.426947881638995,1.1592264549776565,,
1986-04-15,203.8052053012356,549.1606246900244,99.9399635695336,4.710082,0.7059925,9.329071,0.9689098,8.0788496377144,0.7320362835564522,8.890049863409976,1.1983695115738413,,
1986-04-16,725.235282918305,538.9198233620733,99.9399635695336,4.9110394,0.8042078,9.119728,1.1466713,6.705238322861596,0.672175555672094,7.45078462316259,1.1385130581214782,,
1986-04-17,1051.544005800275,533.6112717847602,99.9399635695336,4.9250154,0.7112141,11.275127,7.673236,7.062655444541818,2.625777455038969,7.825285061489817,3.0921136375633216,,
1986-04-18,924.4919250320544,488.8621095725892,99.9399635695336,5.2819133,0.70546883,17.62489,12.382292,9.551199802924991,4.307673205792499,10.432773333540377,4.7740042484432035,,
1986-04-19,881.7012939845713,625.7961248928002,99.9399635695336,5.512985,0.7151317,18.710693,2.363917,10.991651064487364,1.0667355439537174,11.94207324146912,1.5330668480829874,,
1986-04-20,715.4051756942974,554.2960192574947,99.9399635695336,5.8542886,0.82018715,18.992567,1.5865579,11.589886443675402,0.8326394425943023,12.568902226817006,1.2989715528018841,,
1986-04-21,697.0351138182234,595.178572141248,99.9399635695336,5.495238,0.68063396,18.37256,3.1962726,11.426382656727759,1.5172559967111885,12.397583517763,1.9835878459595737,,
1986-04-22,705.6973271638249,690.9148245451559,99.9399635695336,5.4284096,0.63981056,14.580139,1.0818257,9.955840926556643,0.6252543581314701,10.856754919685137,1.091585234538073,,
1986-04-23,682.4398727621461,788.498142987022,99.9399635695336,5.2178516,0.63424957,8.309426,1.2639002,6.87509406452554,0.7386578608050217,7.628758888655264,1.204994717766173,,
1986-04-24,800.2272351400688,911.0176821446136,99.9399635695336,5.871273,0.623123,10.073394,2.621029,8.108361545918061,1.4254610978468567,8.920972339944361,1.8917942577092202,,
1986-04-25,997.5545137111905,1422.4734677211347,99.9399635695336,6.5977836,0.6914194,11.934749,1.0481263,9.734809785258939,0.6788114252031234,10.625159245390561,1.145142369209613,,
1986-04-26,984.4970319829634,986.1126891391616,99.9399635695336,7.339397,0.9854587,13.7155695,1.0539901,10.530097062780753,0.7215009632897638,11.45845853622436,1.1878319252477108,,
1986-04-27,874.5283147414599,1069.2107741834693,99.9399635695336,8.740603,1.5333445,14.130961,1.0761906,11.705728165778199,0.9090607413967733,12.690280787251199,1.3753930549989333,,
1986-04-28,751.3483430686478,1022.7236613252712,99.9399635695336,9.690361,2.0784583,14.028392,1.080024,12.191165244648033,1.0781976697164022,13.19892009910737,1.5445310025706829,,
1986-04-29,662.6711948448628,925.6292382011976,99.9399635695336,10.05299,2.2713597,14.921776,1.096636,12.89041948569454,1.1430222075093766,13.931596302594855,1.609357482304191,,
1986-04-30,579.9270145346618,915.033746147994,99.9399635695336,10.474318,2.3492587,14.584477,1.0869595,12.990059157831265,1.1283385826136152,14.035998410458536,1.5946741796458503,,
1986-05-01,493.87330758386616,630.3431746011668,99.9399635695336,10.988865,2.46929,16.053406,1.1720153,13.82853040447407,1.2682917963211922,14.914545716520294,1.7346305548124308,,
1986-05-02,429.6215784479792,657.044163892152,99.9399635695336,9.069473,1.9636096,14.51996,1.0732138,12.365068797126323,1.0118152310875392,13.381135646934567,1.4781489946527717,,
1986-05-03,371.04605797824576,538.0771661298218,99.9399635695336,8.46885,1.633154,11.80444,0.9495776,10.44306490549048,0.8718687204065144,11.367266539320159,1.338199645148126,,
1986-05-04,350.0581943445704,431.50110049535806,99.9399635695336,8.77779,1.6550634,12.166771,0.9921821,10.64885600490517,0.9217337616868779,11.582893749825189,1.388064788404742,,
1986-05-05,325.1801529438323,415.68178049535805,99.9399635695336,9.714903,1.977702,14.454209,1.0927317,12.374026331833978,1.0627429703572713,13.390521321181447,1.529076757044567,,
1986-05-06,281.0887918035223,396.311650495358,99.9399635695336,9.991123,2.0196788,17.789232,1.177793,14.553389884246144,1.0849757847628603,15.674051001617299,1.5513179243694257,,
1986-05-07,273.2570962964,397.329560495358,99.8863971131224,9.781986,2.0262764,20.425291,1.3208401,16.088254912569347,1.1376462814258266,17.282277331620726,1.6039975637900246,,
1986-05-08,251.7979562964,400.3167904953581,99.74107285851672,9.019403,1.8352668,19.804348,1.2337801,15.640008807977011,1.037212118011484,16.812606595481533,1.503560451777461,,
1986-05-09,240.5222462964,389.5348304953581,99.66128955359936,9.183117,1.8543502,17.682556,1.0739342,14.437922779516093,0.9705455023473037,15.553064963985703,1.4368870631179287,,
1986-05-10,236.23213629640003,362.930880495358,99.55931887246818,9.449146,1.9012508,18.054855,1.0986975,14.66188050948561,1.0024064378243778,15.78772710788656,1.468749135188204,,
1986-05-11,238.4626862964,331.924050495358,99.44309209833189,9.117817,1.786813,19.223843,1.131809,14.99879691106318,0.9959060257600993,16.140746961768436,1.4622505410465565,,
1986-05-12,231.9126162964,332.4831504953579,99.31413699907293,9.221951,1.7982697,19.60102,1.1425555,15.336216777512819,0.9995135137111916,16.494294344422258,1.4658599797499932,,
1986-05-13,233.1088962964,304.0387704953581,99.17255215664453,8.962448,1.7002957,19.997156,1.1339877,15.2083638478132,0.9779913672508077,16.360330481726372,1.4443370788016703,,
1986-05-14,237.75196629640004,284.406720495358,99.02080091484274,9.188471,1.7392257,20.491652,1.177144,15.345029438116606,1.0189276910363863,16.50352822007833,1.485274209769323,,
1986-05-15,243.3053862964,238.61982049535808,98.85837064608378,8.893888,1.6430502,22.234863,1.3125538,15.499521399516635,1.0537817470915036,16.66540436912893,1.5201292040154928,,
1986-05-16,237.05468629639995,264.074670495358,98.71205851136772,8.677797,1.441548,23.64701,1.4977175,16.565960453910872,1.0430225585152433,17.782815564883673,1.509377236195963,,
1986-05-17,134.2899862964,182.06579049535807,98.81732570323577,8.63188,1.4385227,24.239437,1.7626524,17.614179057546323,1.184033304669508,18.881135434616855,1.650396347207106,,
1986-05-18,155.2775862964,291.6779004953581,98.79304079038677,8.5019045,1.4566658,26.119223,1.8016878,19.998759371799164,1.280043682805974,21.37969053661096,1.746430434727467,,
1986-05-19,165.5677062964,259.5810604953579,98.66569424823903,8.611413,1.4163642,27.849483,2.0818052,20.35751020191339,1.3855977422481391,21.75558843007628,1.8519886238156424,,
1986-05-20,112.18259629639998,316.9488904953579,98.648873953301,8.089712,1.1840954,24.459743,2.4934835,20.180326408295148,1.8674755172183808,21.569935856795585,2.3338643407997814,,
1986-05-21,103.4105262964,51.53193049535805,99.48564215712926,7.700062,1.1398065,24.005217,9.739728,13.122953117163368,3.327437492599077,14.175244246771438,3.7937735370861736,,
1986-05-22,1218.7953231546687,3824.12488279832,99.9399635695336,11.181639,2.445085,17.92265,1.2242075,16.29345202618277,1.100461679791532,17.497282165833628,1.5668143886303318,,
1986-05-23,2055.8839057031137,3951.581967280364,99.9399635695336,13.407948,3.138306,18.235254,1.3170191,16.5832461931622,1.3798385181116726,17.800927503382873,1.8461933235442047,,
1986-05-24,1413.3722275466328,2504.4379492072626,99.9399635695336,14.192665,3.417102,17.255915,1.2531406,16.150830036630875,1.4701521326197227,17.347843332710035,1.9365038448859995,,
1986-05-25,1022.6612493501168,1928.7455876982845,99.9399635695336,14.817522,3.6165354,16.296108,1.2006152,15.783778739658867,1.4784894251772018,16.963248238444855,1.944838679641956,,
1986-05-26,828.5584439731773,1516.406926476273,99.9399635695336,14.766754,3.6083689,16.11859,1.1653509,15.640938632465785,1.4810237505168757,16.81358086240242,1.9473720901614764,,
1986-05-27,662.3737292232222,1221.904072081817,99.9399635695336,14.475618,3.5316513,16.724747,1.1615802,15.934118312605902,1.4521148141229483,17.120773529068636,1.9184650566421286,,
1986-05-28,594.983278541373,1176.4056242698396,99.9399635695336,14.184496,3.475777,17.73472,1.1879307,16.54225250451307,1.4090301315361162,17.757974456546226,1.8753846345568221,,
1986-05-29,495.6437120061611,1040.0287275532633,99.9399635695336,13.726246,3.351048,18.895145,1.2269585,17.226864807010312,1.3639138827144945,18.475308886872757,1.8302736880932464,,
1986-05-30,422.7946220061611,922.6132175532632,99.9399635695336,13.286821,3.2484956,20.067406,1.2861475,17.936606022889006,1.34907207715944,19.218973306741475,1.8154379453743321,,
1986-05-31,362.4814520061611,827.7220875532633,99.9399635695336,12.821188,3.10359,20.956215,1.3148324,18.47865852360844,1.315120556422899,19.78693406408152,1.7814914429858761,,
1986-06-01,291.7199229747322,458.0394815375396,100.0,12.287031,2.9573631,23.10141,1.3946885,18.8937004607837,1.4317805853207601,20.221813587103867,1.8981555414781548,1.9596392882450242e-06,4859.999998040361
1986-06-02,352.1004220448671,726.7061379583648,99.99999999795232,11.375422,2.512944,21.931986,1.3645245,18.486538919465616,1.2318932836393959,19.795191115922883,1.6982642456372363,0.0935936773307801,4859.90640436303
1986-06-03,246.43662357593254,599.336748591568,99.99990219891644,10.453339,2.3211975,18.30136,1.2273599,16.014647687925105,1.1017611597583847,17.2051519332522,1.5681119421599092,1.2639135483976623e-12,4859.906404363029
1986-06-04,156.8913643601729,533.4190280491052,99.99990219891644,10.572054,2.4377363,17.569443,1.1832985,15.979100355088145,1.0691208405095602,17.16790555941811,1.5354713836815141,1.2691757906784359e-12,4859.906404363028
1986-06-05,164.08283167833667,449.28174058439697,99.99990219891643,9.871241,2.277211,18.171484,1.1629417,15.951063221580917,1.0472512775308436,17.138528346769384,1.513601633035421,1.2422991766732828e-12,4859.906404363027
1986-06-06,933.558157228489,1808.4210053549668,99.99990219891643,12.187044,2.7863507,17.99891,1.122237,16.020152021734013,1.2032408108514627,17.21091935540155,1.6695916304257463,1.3282099644925166e-12,4859.906404363026
1986-06-07,1596.556722824583,5918.729383695049,99.99990219891643,14.416073,3.3928,16.423487,1.3074098,15.997029212853938,1.2568668212967449,17.186691355298375,1.7232174849472794,1.4023320115958919e-12,4859.906404363024
1986-06-08,1218.708542756761,3495.141640729798,99.99990219891643,15.40938,3.7229664,15.9489155,1.2946875,15.809425144634881,1.3594065453108088,16.990120453910873,1.825755966498975,1.4353059118047284e-12,4859.906404363022
1986-06-09,960.8135228308184,2792.4561387910203,99.99990219891643,15.131187,3.5839932,15.898889,1.2420877,15.702361902703963,1.3022169206219822,16.87793995499304,1.7685656507925862,1.4296850892056052e-12,4859.906404363021
1986-06-10,658.8125752295118,1840.979993665242,99.99990219891643,14.493877,3.4422657,15.577464,1.2126952,15.29188819293816,1.2730374829105555,16.447847005034614,1.7393836852395184,1.4191943610873207e-12,4859.906404363019
1986-06-11,650.7061420859408,1468.2339089558802,99.99990219891643,14.503689,3.4821148,15.595949,1.2260697,15.260526504868128,1.3657226301848189,16.4149863354794,1.8320686473011465,1.420119186150341e-12,4859.906404363017
1986-06-12,991.2483382706307,2187.684811758144,99.99990219891643,14.588701,3.432648,15.212315,1.2187186,15.017860782617175,1.3598129341621297,16.160722021216127,1.8261575561935321,1.4274937380162774e-12,4859.906404363015
1986-06-13,1151.5401762173117,2536.35939351173,99.99990219891643,15.018312,3.5497713,15.407733,1.2180979,15.28613709212696,1.3893868491348635,16.441821021263795,1.8557330174153412,1.4349740105913732e-12,4859.906404363013
1986-06-14,857.7791529139273,1955.5773265980524,99.99990219891643,15.195759,3.677608,15.410202,1.1520379,15.344819301637651,1.3778753877476944,16.503308039794,1.8442219052231141,1.4389204374499499e-12,4859.9064043630115
1986-06-15,673.843890396473,1479.2454514911194,99.99990219891642,14.945316,3.6544175,16.248426,1.117221,15.840597195181994,1.3774002002564822,17.022782421917814,1.8437498251022295,1.4214014063173055e-12,4859.90640436301
1986-06-16,1029.5486441978294,1325.7186636591327,99.52232769192942,15.634264,3.8527656,19.522171,1.1898658,17.82266566232797,1.8124290515996773,19.099586986431262,2.278793907684604,2.293560124095754e-10,4859.90640436278
1986-06-17,192.2594178489058,1681.5829092162926,99.99990219891617,13.275143,3.1239204,14.213187,1.1327783,14.116942247622553,1.0658862173552408,15.21674265988471,1.5322262491636267,1.4017058602214314e-12,4859.906404362779
1986-06-18,969.4736841976014,1111.922780495358,99.47733649964896,14.167015,3.1987476,16.585611,1.0490278,15.459076599038594,1.5918241920075797,16.623026445441674,2.0581714006827774,1.4057396494472556e-12,4859.906404362777
1986-06-19,144.72071469160136,713.2726304953579,99.74534727149322,12.742413,2.9912033,13.874318,1.0202823,13.683395685170229,0.9869040672004981,14.762474053751948,1.4532422209155227,1.3905395293672287e-12,4859.906404362775
1986-06-20,387.78947370360135,754.9312125208941,99.86454901454134,13.192991,3.1458895,16.053408,0.9782782,15.082707314648667,1.247965015084998,16.228667995811943,1.714310003325204,1.381382306895154e-12,4859.906404362773
1986-06-21,387.78947370360135,978.9752104953582,99.8411077647677,12.699171,3.0096765,17.614216,1.0396644,16.219679796259893,1.1330259014990238,17.41998387549819,1.5993780919493152,1.3420369333157176e-12,4859.906404362772
1986-06-22,387.78947370360396,655.7495604953581,99.78019083204741,12.33667,2.9161012,20.349812,1.0371969,17.372048504964702,1.264554709131631,18.62743186930372,1.7309157078506758,4.0002346004334916e-12,4859.906404362769
1986-06-23,389.9759951762416,607.766990495358,99.68447883512204,11.880873,2.783333,22.209204,1.0430216,18.172291192917243,1.2598287465702305,19.465923422247613,1.7261967554856814,1.47264173812566e-06,4859.906402890127
1986-06-24,403.73893832046934,574.737780495358,99.47266116491873,11.333101,2.5496404,23.31138,1.1494021,18.36890439351307,1.25003221080889,19.671934061743315,1.7164020541353135,0.009234616869340453,4859.897168273257
1986-06-25,387.78947370360123,612.669260495358,99.22327814694928,10.722652,2.3657131,20.697786,1.0230904,16.831308093370026,1.1105794752070244,18.060845914463446,1.5769361516007072,1.2668330635654425e-12,4859.897168273256
1986-06-26,395.08417370360127,554.4007704953581,98.93493672885502,10.864857,2.4178734,20.545618,1.015823,16.517417697541326,1.1679120466961308,17.731952630694774,1.6342663674444309,1.2703342388991719e-12,4859.897168273255
1986-06-27,406.46682370792286,398.698160495358,98.74255066523071,11.173933,2.6027231,23.886148,1.22844,17.46871360786431,1.4478954239320305,18.728717233688805,1.9142572305590584,4.322803785052933e-09,4859.897168268933
1986-06-28,397.04692713667777,357.515640495358,98.55404617062146,10.716568,2.4604008,28.13061,1.9463667,18.967430776981704,1.5895185962438307,20.299067960381663,2.055894295949879,3.4330778322439665e-06,4859.897164835855
1986-06-29,399.6252014405808,361.1450904953579,98.34795794979276,9.794092,2.2407691,30.494965,2.515151,19.620998569347705,1.67660758149326,20.983874059113024,2.1429901439984547,0.0003077369808220976,4859.896857098874
1986-06-30,257.1240722832378,418.4442828754825,98.17940324422398,8.945288,2.0336864,26.330135,1.8032842,19.713391403352503,1.3589303409081415,21.08068295475415,1.8253139129886167,0.0005368864357932271,4859.896320212438
1986-07-01,246.75164187751247,478.5239949629792,97.9031436073818,8.440975,1.6514713,22.843794,1.4066015,17.94369937199532,1.084880015029532,19.22640569368767,1.551245946745381,6.465620064914553e-10,4859.896320211791
1986-07-02,232.13507339306295,253.1476219716518,97.80038613223718,9.069359,1.9798526,23.381819,1.450979,16.535450723088033,1.2123654926985918,17.7508475732198,1.678719945728216,1.1997495657540305e-12,4859.89632021179
1986-07-03,175.41115469171396,384.9143604953581,97.76584363373212,8.494667,1.7831852,21.978579,1.3845628,17.757409935390243,1.1028393349470216,19.031212258811454,1.5692036180525815,1.1398118355270472e-10,4859.8963202116765
1986-07-04,188.7323385649978,383.8735218553281,97.61599245101137,8.182197,1.5467021,23.387424,1.3527669,18.37574294552862,1.0403581590486584,19.67909947316879,1.5067280669745957,2.9110519636485022e-08,4859.896320182566
1986-07-05,243.53584444748543,423.8250337525135,97.3106262858183,8.308966,1.386932,26.707499,1.5941064,19.99343666151604,1.1318451504239797,21.374113418971074,1.59823184218262,0.002826777749979517,4859.893493404817
1986-07-06,258.589395736627,414.77409056557593,97.00661838013744,8.279426,1.2176807,29.717932,2.0270646,21.484978138433263,1.3333106097313208,22.936945479905468,1.7997154276928695,2.5746174248995795,4857.318875979917
1986-07-07,288.8468834434594,418.0607244620411,96.67484597761823,8.139561,1.075409,31.572691,2.3894765,21.997766927749517,1.4798652380571424,23.474243820470253,1.9462768752915423,20.682257079728135,4836.636618900188
1986-07-08,285.6351464658935,430.79030860584976,96.2863307651426,8.015446,0.97251743,30.949066,2.2302182,21.805549567775284,1.3959703618605315,23.27283912775143,1.8623794076887903,8.852182783601409,4827.784436116587
1986-07-09,299.57838455994465,408.77706864586935,95.89823897829712,7.635431,0.88592535,31.01554,2.2055154,21.127600761312262,1.3267599574566307,22.562486685791534,1.7931602006286975,0.6768365029429076,4827.107599613644
1986-07-10,297.2221482563257,414.7702835020681,95.5100715178573,7.598479,0.81616116,28.698288,1.814751,19.89014572877465,1.1107263791132151,21.26588553272704,1.577111909783056,0.0015839387390218203,4827.106015674905
1986-07-11,302.715784482484,422.93145560809137,95.08106749775594,7.2517343,0.75739497,26.357756,1.4833922,18.387361868829156,0.9204960094001865,19.691273741285787,1.3868660272054227,3.2590169498155244e-08,4827.1060156423155
1986-07-12,158.55826507611377,356.7171468275854,94.89585701844929,7.203599,0.7009629,21.40468,1.0056429,17.03478648788614,0.7288395362545911,18.274049880681336,1.1951977998823278,2.120304327480392e-12,4827.106015642314
1986-07-13,210.6027902937354,555.6454151655811,94.76499380815099,7.610191,0.74941313,20.683928,1.0046103,17.090620038319994,0.7570530081957696,18.332552083968483,1.2234117156318993,2.2130486034658227e-12,4827.106015642312
1986-07-14,138.9578947281807,531.2983904953581,94.7524008119933,7.573914,0.80104744,21.230116,1.0774268,18.398904756153357,0.8700510483113615,19.703368339166698,1.3364211754296884,3.6580701041382485e-08,4827.106015605731
1986-07-15,149.36196399870616,458.7803249193617,94.63240439631684,7.6262803,0.81874615,22.806664,1.1435461,19.07830603643681,0.8858131029503375,20.41524267823061,1.3521899325030766,7.580832754605608e-06,4827.106008024898
1986-07-16,252.6980317233398,538.646177502662,94.36943533620456,7.536777,0.78331876,24.653046,1.1244429,19.18734900291004,0.8052142827484119,20.529497525756522,1.27159223718648,1.652233321261718e-05,4827.105991502565
1986-07-17,297.6599962276611,567.8714695071144,94.06975420035518,7.7157555,0.76618415,26.128183,1.1970111,19.79607016403299,0.8283777791973089,21.16731347757196,1.2947622629826394,0.0009087454119088421,4827.1050827571535
1986-07-18,403.8666432257894,548.8229030219126,93.73142275246467,7.8397465,0.7266435,30.18897,1.6331888,20.71462905789073,0.9899872930371949,22.129776346619597,1.456382431612196,0.11773862254737996,4826.987344134606
1986-07-19,560.5304262853132,246.82549688636445,93.50342781281782,7.792831,0.6879101,39.02395,10.380132,17.340833169149786,3.209160512889307,18.59472454714114,3.6755212529991343,3.9950585427175024e-12,4826.987344134603
1986-07-20,336.3880651945307,335.3512254205866,93.31143201964308,7.6900287,0.70840955,33.297955,3.68483,20.474228502562283,1.8734648855413418,21.87788546651464,2.33985714239991,0.03763794826951325,4826.949706186333
1986-07-21,273.83832756513374,384.67107454350287,93.0728463597999,7.7094846,0.73783004,30.25746,2.0640056,20.880980335045194,1.2441251815753098,22.304078646178652,1.710522352907504,0.24515713009798853,4826.704549056235
1986-07-22,307.75247710407217,417.25642216571686,92.68446196754606,7.759426,0.74162966,30.44338,1.9033325,20.814473573358992,1.1397429238608554,22.234393088625843,1.606139278706634,0.18284910523148298,4826.521699951004
1986-07-23,359.6250743277073,491.7690638037932,92.21137201155133,7.960161,0.7343133,30.86664,1.8029076,21.191045907800422,1.0865781353618922,22.628964293405446,1.552979180035534,0.8643034845954709,4825.6573964664085
1986-07-24,357.75403677065174,497.7026711961904,91.73877328679397,7.7782273,0.7110997,31.134565,1.8929311,21.36688905312236,1.1407474792207752,22.81321213998405,1.6071507693707878,1.6754411383204166,4823.981955328088
1986-07-25,377.6007086266159,530.7032521092494,91.16346888894142,7.877151,0.710811,30.351847,1.6459621,21.00865170434657,1.006076383110502,22.43785227050989,1.4724751360029122,0.4164045321978375,4823.56555079589
1986-07-26,344.92135625522684,484.8468232166167,90.74760693441833,7.812101,0.6964527,29.914242,1.6923926,20.726735442405083,1.030398097261508,22.142461374930132,1.4967933827050248,0.12479065433099426,4823.440760141559
1986-07-27,202.4779211518627,438.1541267252603,90.48645933717795,7.681298,0.70452404,26.103403,1.4531963,20.28091950003806,1.0185377272777905,21.67533695446353,1.4849277148414262,0.014103954821164414,4823.426656186738
1986-07-28,127.10619718465232,543.70298481951,90.50403051668249,7.9361763,0.7664997,23.271467,1.2253057,20.365707176902045,1.0036961954905195,21.764177192449438,1.4700871731344074,0.022094199130720065,4823.404561987607
1986-07-29,167.89779665891405,543.875054324152,90.51609852835684,7.869942,0.75034785,24.571812,1.3131962,20.632061679650807,1.018921443820669,22.04326252994227,1.485315585198722,0.08104906237773017,4823.323512925229
1986-07-30,336.9337722811036,543.875054324152,90.60152146753413,7.706206,0.67227894,27.128136,1.479008,19.698709582034507,0.9487639609940337,21.065299392564448,1.415147371994169,0.0005036209154397061,4823.323009304313
1986-07-31,138.96154228660419,760.010758770877,91.38963278421429,7.7424426,0.7156541,21.09482,1.1967918,19.030833227264203,1.0178234413036165,20.36550083105723,1.4841997853757054,5.455203216008123e-06,4823.32300384911
1986-08-01,138.95789504896194,181.56007049535785,91.97291026064272,7.806955,0.7463363,26.991503,1.6358215,18.674201766612647,0.9814935073560221,19.99182360567019,1.4478662867317675,3.573619560241517e-07,4823.323003491748
1986-08-02,561.3178699549305,443.1576704953581,92.39680908404985,7.8197093,0.70536506,36.43573,6.0214124,20.444615087628346,2.685629288440071,21.846856631575257,3.1520211948893446,0.03276526333061961,4823.290238228417
1986-08-03,583.1738779619092,588.7884904953579,92.7321496741061,7.8540463,0.7162943,34.074074,2.3237982,21.026867244662817,1.2206633104637987,22.456938451386545,1.6870622905247412,0.450233270309178,4822.840004958108
1986-08-04,305.77416263954444,621.5412304953581,93.0068869506368,7.801344,0.7680631,26.277138,1.3411067,20.184905887997086,0.933885494327833,21.57473421997311,1.4002743706479228,0.008567947944484948,4822.831437010163
1986-08-05,240.75176653463214,603.9197304953582,93.20798785160873,7.838254,0.78013104,24.687777,1.2630821,19.88525588949647,0.9300449159985938,21.260761975846442,1.3964303920043828,0.001571843032211557,4822.829865167131
1986-08-06,217.42923804550873,468.66703049535806,93.37583625257089,7.8712554,0.7380514,26.043436,1.394736,20.28453081496293,0.9810236320266621,21.679120877897144,1.4474136615926545,0.014483353908732692,4822.815381813222
1986-08-07,138.99554072477744,658.9483304953579,93.74670072544671,7.880214,0.74179196,23.127224,1.2970319,20.471314898137585,1.0788650214790239,21.8748326017581,1.545257243817054,0.037646033177452555,4822.777735780045
1986-08-08,139.10686071715426,561.4663304953581,93.97952675575382,7.858817,0.7827516,23.961813,1.2771742,20.764378026807208,1.035309499427041,22.181903146191942,1.501705242601818,0.14896602555426638,4822.628769754491
1986-08-09,268.0777011526741,901.7955263745234,94.01488916762172,7.8931956,0.8049652,23.005526,1.2135168,19.54251901752869,0.9534513772295662,20.901643452985986,1.419833089856211,0.00018744313350381282,4822.628582311358
1986-08-10,387.79064394368794,693.1117535418668,93.87331674339448,7.980328,0.73931277,26.468895,1.2823844,19.835832370321455,0.8640279337834887,21.208976181400708,1.3304128588129311,0.0011702400879338322,4822.62741207127
1986-08-11,387.7905813889376,549.8777504953579,93.77824286145831,7.807045,0.7178679,28.304676,1.562853,19.827490679581864,0.9633922170429465,21.20023578635841,1.4297770493541961,0.00110768533763843,4822.626304385932
1986-08-12,387.7895236451105,574.839600495358,93.5856739090609,7.8011823,0.7602523,27.13252,1.4370425,19.34500383896757,0.9111523004834563,20.69468772406151,1.3775319053245185,4.994151051995538e-05,4822.626254444421
1986-08-13,138.95789480131324,520.641270495358,93.40227915692897,7.7620873,0.9162129,21.404722,1.1503965,18.53062545827997,0.9283301694744218,19.84138484059027,1.394701554799275,1.0971324611490503e-07,4822.6262543347075
1986-08-14,179.56117414787616,561.8889316295731,93.29170617999611,8.030141,0.98232335,20.943113,1.1769445,17.815905606857577,0.923098151115098,19.092503823417474,1.3894629476171114,2.0573362826671467e-10,4822.626254334502
1986-08-15,219.16185355974113,582.2099176000758,92.92533994709075,7.989717,0.95240206,22.119055,1.2423313,18.254915863354935,0.9394056586629368,19.55249726949392,1.4057744330857957,1.0762238813182305e-08,4822.62625432374
1986-08-16,218.1722022269615,535.0048649928216,92.65672419144323,8.071983,0.88036644,23.399824,1.3430552,18.95982068328672,0.9875092004941547,20.29109413022186,1.4538848231669546,3.1992763886670307e-06,4822.626251124463
1986-08-17,228.44947397070987,613.5907243003692,92.40005961261512,8.071684,0.8573591,23.802088,1.375392,19.534355074954874,1.0288797959691085,20.893089301864183,1.495261420590371,0.00017734573780074772,4822.626073778725
1986-08-18,194.09940152573645,478.7685606839443,92.19184060696963,8.045873,0.947111,24.405817,1.6428393,19.686532440493302,1.2004396622835398,21.05254022528305,1.6668229398701961,0.0004671297212201138,4822.625606649004
1986-08-19,159.43896223092017,426.271760495358,92.0665420604298,8.225548,0.9349353,24.497286,1.8849398,20.067882507598576,1.3952398740125922,21.452117522015964,1.8616274101780865,0.004497539320160176,4822.621109109684
1986-08-20,208.64703081385267,459.2838194470082,91.8455828149702,8.215395,0.93881106,24.492828,1.7375251,19.40811316862087,1.2302258360377092,20.760813463943784,1.6966061095013671,7.679144234268465e-05,4822.621032318241
1986-08-21,265.9479038793072,408.5339949515522,91.51177789268637,8.1408,1.1491585,26.117336,2.245614,19.02919643943029,1.4336568575400201,20.363785810359936,1.9000331849194556,5.321676345664851e-06,4822.621026996565
1986-08-22,257.51344469691253,326.34787049535805,91.27511549767699,8.381878,1.1242337,25.89967,2.4674275,18.173405243079717,1.4655896065129703,19.467090720199664,1.93195762569804,5.312556006639439e-09,4822.621026991253
1986-08-23,201.36741631648758,346.1587744809195,91.01964436362292,8.114874,1.0191836,25.562374,2.2855127,19.145588760568245,1.4927798924399254,20.48574128658104,1.959157414473685,1.2557559986596063e-05,4822.621014433693
1986-08-24,260.1785247865474,361.2739604953581,90.80176641008524,8.076477,1.0940117,26.028502,3.2091677,18.51267149704452,1.9210123854302588,19.82257274138031,2.3873835980896394,9.494740219719526e-08,4822.621014338745
1986-08-25,211.76833989376948,385.6281153028277,90.52083219050883,8.160521,1.122909,23.885885,2.182814,18.31147256074991,1.4641845045582658,19.611757183694976,1.9305538074725812,1.7446839122087166e-08,4822.621014321298
1986-08-26,265.7538808821038,415.7842590434015,90.18034685125359,8.168108,1.0283636,24.031677,1.9392397,17.845955789840225,1.2491768250380193,19.123990302425284,1.7155418868015497,2.695543941293881e-10,4822.621014321029
1986-08-27,293.86275961446825,441.4967291501618,89.82628697099967,8.087955,1.0730157,24.962887,2.1408687,18.219363450224094,1.3549773193448824,19.51524557254527,1.8213457634221624,7.851969855247703e-09,4822.6210143131775
1986-08-28,349.0873245906731,513.9963621257116,89.44835707556862,8.233972,1.2386919,23.50455,1.9331344,17.328132855124398,1.255540779031011,18.58141720151919,1.721901414241646,3.951087799663075e-12,4822.621014313174
1986-08-29,307.5160837263487,442.4685129848984,89.13848031724643,8.308256,1.3730061,21.670938,1.8403168,16.191839640893892,1.2230097991569138,17.390813055872506,1.6893617955954092,2.342747134435525e-12,4822.621014313171
1986-08-30,337.60937331581067,490.86975964154726,88.73135703028753,8.383593,1.3688846,19.202154,1.8585002,14.793536439300565,1.2343853917355618,15.925675741103388,1.7007287840308538,2.396673442193254e-12,4822.621014313168
1986-08-31,367.8203520175605,523.815149793965,88.31934599686132,8.380003,1.3026468,19.874285,1.7451861,15.132626569146318,1.1575487933352322,16.28097322003415,1.623894066761272,0.0,4822.621014313166
1986-09-01,380.9784254747664,539.5677240896895,87.83891167587781,8.563852,1.3183303,19.810865,1.572398,15.156161951311374,1.071033202111803,16.305633513015014,1.5373786109827108,,
1986-09-02,415.5519208905815,597.2798808599237,87.32221352047225,8.658434,1.3356304,19.385328,1.523076,14.984220866579792,1.0521492243597361,16.12547423218446,1.5184936583104758,,
1986-09-03,426.7802205420178,610.4349399396451,86.7912769193305,8.82189,1.3719261,19.131409,1.4956887,14.889377837253612,1.04571691800246,16.026098030261164,1.5120608286544037,,
1986-09-04,435.8211664314591,611.177182335701,86.25440493489367,9.572214,1.6201798,18.158482,1.2972858,14.58438130533868,1.014054171459608,15.706523706699183,1.480396469021588,,
1986-09-05,447.6482578736434,569.4595623168184,85.747203876076,10.197439,1.9704436,17.61954,1.1363431,14.352933598353165,1.0755737360825055,15.464013590484168,1.5419148805452363,,
1986-09-06,336.926105490668,477.2978495990194,85.35071352593661,9.919886,2.0993438,17.89181,1.4830959,14.593025103388953,1.2290220036848172,15.715580648748915,1.6953643454979583,,
1986-09-07,332.89432687624986,484.2472291774651,84.9252319739355,9.974119,2.1187963,17.946203,1.2820864,14.698465391976029,1.1499273502585055,15.826060622700858,1.6162702387426737,,
1986-09-08,411.4648477740029,581.3769908542247,84.4158356853854,10.034624,2.171208,17.210745,1.2903916,14.236734979838841,1.1749982296180903,15.342261075209967,1.6413388182663686,,
1986-09-09,377.4006902443314,522.9025096247724,83.92891325531366,9.893438,2.130838,17.263744,1.5316101,14.174164557371963,1.2606341288596177,15.276700000435461,1.726974424610487,,
1986-09-10,328.95268328863887,446.6996314932286,83.47939789471003,9.769072,2.0618641,18.37728,1.6945192,14.726554635890606,1.3103312500861206,15.855492436456274,1.7766742863480438,,
1986-09-11,329.3029165785045,455.59042869530623,83.00459896960945,9.617556,1.9224787,20.68578,1.8316453,16.042093329198156,1.3345082766785088,17.233909382359872,1.8008592447747298,,
1986-09-12,331.3119575068371,461.3439434618076,82.52872110687099,9.759928,1.9486623,21.162268,1.6304502,16.396351529506344,1.2505710680258642,17.60509991367171,1.7169245103221509,,
1986-09-13,329.57596203208067,466.09100299616273,82.20946889977714,9.611837,1.9693245,19.672869,1.4573617,15.505454183144462,1.1807662024366756,16.671620719533962,1.647113695933224,,
1986-09-14,341.70898132313795,482.8984325375115,81.73178929710605,9.757345,2.0067673,17.655731,1.2675915,14.382719839239961,1.1147029732728655,15.495223511866183,1.5810442626991406,,
1986-09-15,345.345103691277,477.45024684797016,81.22830660641846,10.265078,2.1919081,15.413029,1.3021326,13.252321666041025,1.1905102081541428,14.310796170061186,1.656846707628739,,
1986-09-16,340.3091539881691,464.1597977949275,80.71420879519764,10.13415,2.2521195,15.009852,1.3524015,12.947316234391499,1.2314666599812845,13.991212521387723,1.6978021173909816,,
1986-09-17,307.433135801989,500.553202223339,80.18661258169321,9.962217,2.2294846,14.741032,1.2056513,12.922726309894323,1.1302619650607555,13.965447282556033,1.596597343092721,,
1986-09-18,317.4598754947261,496.5840514858523,79.75003971719634,10.280724,2.274321,13.91815,1.0729482,12.49963076717356,1.1022954154448565,13.522129219172978,1.5686295360202305,,
1986-09-19,312.87180540337647,506.8894627678948,79.32012953176198,10.239132,2.4436553,15.787245,1.4587119,13.669740399576094,1.2974587841311265,14.748166092184672,1.7637968821845726,,
1986-09-20,311.09241661755453,508.5792347973926,78.78181715991064,10.632677,2.5215182,17.11726,1.1692936,14.656146968999467,1.200920367263997,15.781719523764307,1.6672630348144137,,
1986-09-21,313.8232448472611,508.73786572957965,78.29538422788791,10.606356,2.4924088,17.657095,1.5464091,14.967099217031521,1.3486892322350434,16.10753422631521,1.8150335709556933,,
1986-09-22,317.0161920551474,511.963807841842,77.80066143016975,11.462992,2.4356215,17.58388,1.2773964,15.2431468491028,1.2206186606590268,16.396775991577872,1.6869645756207738,,
1986-09-23,311.2736004229416,486.855246067177,77.35145958049822,11.276413,2.8421295,16.605001,1.8459005,14.526829572430367,1.5800321616934667,15.646221197688611,2.0463741668029805,,
1986-09-24,260.39579459603567,497.94458601564577,76.89709602706355,11.35615,2.7931626,16.86821,2.2697363,14.975501335761857,1.7723051178362024,16.11633793759965,2.2386495032472844,,
1986-09-25,275.7394891713066,520.6305855971756,76.50900274678271,11.2310295,2.76345,17.10167,1.5013993,15.068987181529936,1.370751996578364,16.214292087230067,1.8370969069355323,,
1986-09-26,291.3654912267233,493.5883646846179,76.1327870512105,11.04459,2.7971613,17.67202,1.1242006,15.211997153393735,1.2560785625631992,16.36413744689382,1.7224242952969036,,
1986-09-27,281.640092097702,436.898061498752,75.69657367250649,11.746426,2.5313468,19.762209,2.0307672,16.62032156860152,1.5840249600952845,17.839774955032357,2.050380040689159,,
1986-09-28,255.1832727005122,463.9896010798335,75.32960965796467,11.299076,2.6828756,17.057522,2.2526882,15.014259228957975,1.7373870406706255,16.156948325603313,2.2037316425038886,,
1986-09-29,283.94067528830914,483.4184204321425,74.89971642324889,11.1868305,2.8698075,16.725853,1.6742237,14.676286104542914,1.4966831171071133,15.80282124114454,1.963025889543421,,
1986-09-30,302.03331354505497,496.9744353745881,74.68263947284252,11.424137,2.9424407,18.19002,1.3551638,15.632445027199651,1.3955747330170982,16.804681291838506,1.861923018999368,,
1986-10-01,243.8551275797559,510.6020240988957,74.26311803889976,10.954285,2.7309222,18.279423,1.5083573,15.91179660655682,1.3495273068919889,17.097384921773344,1.81587740107552,,
1986-10-02,256.3426524900571,477.763548910104,73.85785789094956,10.840475,2.713929,19.002298,1.0567448,16.15227008550095,1.170930562679102,17.349352210993537,1.6372822848914796,,
1986-10-03,254.49075690015843,444.7878532862938,73.5377186608532,11.005203,2.6232133,20.977098,1.4695482,17.34799394959298,1.3360857387576652,18.602227588411615,1.8024465380938128,,
1986-10-04,38.7789474072,612.6416504953581,73.61092651567621,10.786209,2.6891286,17.755407,1.4648241,17.340532255148684,1.3868932081674028,18.59440925047941,1.8532539457896753,,
1986-10-05,38.7789474072,504.252560495358,73.61435216080197,10.569094,2.308238,17.017899,1.0415958,16.557376728543044,0.9811588165263964,17.773821566785262,1.447513430895293,,
1986-10-06,155.7752744648409,524.0507029474147,73.42266127904426,10.653498,2.1184225,15.108612,0.78151023,14.08776748269881,0.7736639203576458,15.186173440926556,1.2400038190365208,,
1986-10-07,195.7024922992954,534.0114096285663,73.09069087444179,10.433304,2.1405542,11.77053,0.7205118,11.41189817449038,0.7794776403104161,12.382406726787401,1.245809467915294,,
1986-10-08,216.488025997833,523.1805681398812,72.81975829760313,9.998507,2.2687006,11.589227,0.92871374,11.123650823324843,0.9340339841428914,12.080382137560427,1.400365430936532,,
1986-10-09,225.46386996501897,521.922864871375,72.5247968455905,10.273567,2.3016796,12.340535,0.8413192,11.716993730008438,0.9095580221704573,12.702084806942239,1.3758903563715656,,
1986-10-10,230.65084272634192,514.3302261476016,72.17772520307355,10.134457,2.0823898,12.195951,0.80491084,11.557699647011457,0.8511601958561971,12.535177011297584,1.3174922522750707,,
1986-10-11,247.5390096316354,523.0456096285222,71.76755171655506,9.769617,2.0640411,9.911423,0.83366376,9.865869744151338,0.8716795293626423,10.76248342231196,1.3380104265424166,,
1986-10-12,250.1889608704172,518.5967402312065,71.37101637969951,9.680765,2.100202,9.755014,0.99627596,9.730851187754991,0.9585391838353011,10.621011440457714,1.424870129561833,,
1986-10-13,250.23441950308404,516.9965554652707,70.98428051693824,10.319712,2.1759968,11.082228,0.9072462,10.833531081923587,0.9367109668512984,11.776395664244916,1.4030421263202832,,
1986-10-14,189.2866744514085,420.1382986643526,70.72722816617303,9.741745,2.2152224,12.626577,1.0087606,11.730551858074568,0.9782864252006216,12.716290967183788,1.4446187843850784,,
1986-10-15,168.10006667395135,478.7379168942465,70.44533046305489,9.56658,1.9434443,11.838226,0.7375932,11.247871488017495,0.7437086508573038,12.210540125398289,1.2100402501096856,,
1986-10-16,188.4898497613998,467.2731065166527,70.12772135989958,9.387188,1.9376367,9.780055,0.69923306,9.667130920459181,0.747288934402675,10.554245562202,1.213619910282452,,
1986-10-17,217.21924814031297,489.7122632012989,69.74422290076362,9.550995,1.8927091,9.212271,0.76736796,9.316350695000114,0.7879109530640853,10.186699241048204,1.2542421780893822,,
1986-10-18,221.87848094095023,489.8951778685225,69.3679299349235,9.128845,1.8369745,8.878814,0.81100595,8.956755098040578,0.7996807545419343,9.809916203770056,1.2660123810616588,,
1986-10-19,229.5867244870409,494.21037470402086,68.9717598412458,8.785204,1.80318,8.44605,0.93231523,8.553628612490133,0.8557957384757675,9.387521650229255,1.3221279909328345,,
1986-10-20,236.4846678607231,500.2359959055889,68.5608748290662,8.656681,1.7899839,8.49294,1.0369676,8.545500253548694,0.9087925009901069,9.37900478351582,1.3751247679798475,,
1986-10-21,241.7598286793458,501.4451958875802,68.14424052110225,8.913403,1.8128676,8.814511,1.0753847,8.846679991297158,0.9349936780026029,9.69457988319723,1.4013254569890243,,
1986-10-22,242.97277708973195,498.3547830101784,67.72759332088995,8.787668,1.8808339,10.236107,1.067417,9.76137589152134,0.9459986551643074,10.652995120720613,1.4123295880913698,,
1986-10-23,245.8243015058055,500.8644848924529,67.39083369337975,9.453991,1.7985036,11.190355,0.8926492,10.618710775274124,0.8420882004682912,11.551307681264092,1.3084192092201163,,
1986-10-24,244.84446232870172,497.3268699851368,67.02667805421858,9.426765,1.5085161,11.2868185,0.8515896,10.673181636205125,0.7571711234905446,11.608382063148271,1.2235021654638416,,
1986-10-25,244.6705048496609,494.6516890493015,66.65921433721536,9.38625,1.4228393,9.240992,0.8796856,9.289063104680766,0.753742759875842,10.158107397189553,1.2200740101823726,,
1986-10-26,216.78815249492595,441.0588524543696,66.3538844888103,8.984764,1.5827711,8.198317,0.9545169,8.457483986430482,0.8255960579134324,9.286781639697915,1.2919284871066994,,
1986-10-27,122.23456535200457,439.7398652920075,66.17883605362246,9.145103,1.5687463,9.73437,0.8665145,9.606199331957514,0.7590564107647788,10.49040165205417,1.2253874198217953,,
1986-10-28,145.6897758262952,441.8126006472544,66.07568136898588,10.0838585,1.407838,11.111672,0.7752914,10.856793469282676,0.6795669507896468,11.800769914201277,1.1458981297467712,,
1986-10-29,196.3524402187853,480.4598686496031,65.85950650688257,10.627832,1.2894418,11.315338,0.8372496,11.115883390194275,0.7022775138504262,12.072243447677861,1.16860895169723,,
1986-10-30,208.74277580643167,480.9669300747906,65.68734347668804,10.33626,1.0991061,10.856246,0.75327003,10.69887057711429,0.6217593732775082,11.635298847619643,1.0880904320959912,,
1986-10-31,212.5269205243989,474.54144387267695,65.51103872054564,10.141403,1.0331689,7.9684567,0.77577156,8.640601821345237,0.623877198874177,9.478651881164591,1.090209300562272,,
1986-11-01,214.64126860488105,468.59729590908,65.26218150190141,10.422417,1.0625052,6.885253,0.959725,7.996462639286826,0.7380209464384778,8.803725048083429,1.2043543699932058,,
1986-11-02,214.49201723704243,469.279416083897,64.95705093016949,10.314339,1.0658857,6.7573442,0.9687172,7.873136563584464,0.7441826973777641,8.674504407531595,1.210516428143128,,
1986-11-03,220.66668775232608,476.3242265827786,64.61115902906364,10.093164,1.0145658,6.299608,0.88892317,7.5006446676398495,0.6871837097592828,8.284208672260675,1.1535184740373476,,
1986-11-04,229.7563167076172,481.2588153344143,64.25177775358483,9.942701,1.0229355,5.329939,0.9563106,6.820499725960786,0.726806261135636,7.571555127328525,1.19314332196844,,
1986-11-05,218.16093713895168,470.2023652035105,63.909369598404574,8.68067,1.0791473,3.8553777,0.9881895,5.384643172715526,0.7567060101537971,6.067069539068227,1.22304965672789,,
1986-11-06,51.02044806434054,483.4068938103599,63.85054946120994,9.001965,1.0849847,3.9470673,0.94315493,4.429645724423585,0.8593793906530598,5.066426477243397,1.325728723116936,,
1986-11-07,38.7789474072,553.5596004953579,63.782221074832876,9.459665,1.0251617,4.6649556,0.9156523,4.97885346253705,0.8583347090865725,5.641884467865951,1.3246806442221557,,
1986-11-08,56.98896740719998,551.260110495358,63.82354612049205,8.352665,1.2287884,5.2652593,1.5953789,5.5545290209296345,1.4504786106161078,6.24507535010125,1.916821354998274,,
1986-11-09,38.7789474072,632.6463304953584,64.41566412225083,8.138519,1.2907208,9.577655,2.213811,9.494535891899844,2.087281391042506,10.373401081264117,2.553612471922007,,
1986-11-10,38.7789474072,644.020500495358,64.89392871013963,7.5488153,1.083558,8.06981,0.8131805,8.040220515595726,0.7694615196309015,8.849574401301076,1.2357948383640005,,
1986-11-11,38.7789474072,627.7461304953581,65.25555060776253,6.456585,1.0661556,4.907819,0.7802158,4.997927212570717,0.7374357000535707,5.661869877950875,1.2037815233996094,,
1986-11-12,38.7789474072,759.2631304953582,65.57309102458781,7.1263995,0.95200235,3.5927005,0.7822924,3.7644121402991084,0.7457150589375104,4.3693970017850186,1.212068968417069,,
1986-11-13,38.7789474072,684.337130495358,65.83815117922697,6.0125346,0.86635375,1.7852647,0.72547,2.0119628798506652,0.6881350485973532,2.5331866571352544,1.1545034380933066,,
1986-11-14,38.7789474072,562.9820904953581,66.04799935896088,5.6135,0.8391648,0.19394052,0.65241504,0.5431901449421522,0.6127627381153588,0.994211606246538,1.079145968791056,,
1986-11-15,91.36104265619974,515.1116760498877,66.2025842075413,6.146354,0.83963484,-0.12915087,0.5822204,0.8162118311926894,0.5104325919143913,1.2802827958219052,0.9768128772019341,,
1986-11-16,82.94043973395809,505.54203199547726,66.34994216948091,6.9938264,0.83932346,0.36335492,0.6037591,1.2978504171556169,0.5319844152720551,1.7849420597947183,0.9983597123908338,,
1986-11-17,90.72316546485874,497.0675874980596,66.54753055298663,7.0808625,0.81595856,1.3745248,0.8758887,2.255275363947967,0.7513291862343966,2.788128646250289,1.2176953553544705,,
1986-11-18,97.63952408530632,497.4280226607996,66.74407735667532,6.4691463,0.85425556,2.1347644,0.79943824,2.845955927558396,0.6828070075680442,3.4070417216608,1.1491680680292047,,
1986-11-19,38.7789474072,643.051180495358,66.93189114442859,4.531238,0.8857069,1.6707076,0.56905586,1.833399663327877,0.5390498254612625,2.3460887292504973,1.0054198875271958,,
1986-11-20,56.2018574072,549.141800495358,67.05565460528572,4.341859,0.91484183,0.5726979,0.53954965,0.922637693906654,0.4967712625467622,1.3917954509749852,0.9631504227875285,,
1986-11-21,38.7789474072,5655.420930495358,69.13880193433883,4.368741,0.9317695,0.82798475,0.66126597,0.8520981998703148,0.6567932239408691,1.3178844102509066,1.1231731284199789,,
1986-11-22,38.7789474072,3828.7257304953578,70.19445689139613,4.7851315,0.8267535,0.24797428,0.45354965,0.2934677391844147,0.44907848402361167,0.7325533231269205,0.9154644833621217,,
1986-11-23,38.7789474072,2381.949030495358,70.87607861961331,5.9343324,0.8683323,0.5261575,0.52060175,0.6127939692313028,0.5124507905490124,1.0671422554079395,0.978833262236426,,
1986-11-24,38.7789474072,3293.8916304953573,72.49018181874173,5.8974414,0.8876942,2.518135,0.6449116,2.5574566715567815,0.6374910875038704,3.1047531874076797,1.1038545932817245,,
1986-11-25,38.7789474072,2826.1184304953586,73.99487306701651,5.5517707,0.8157688,2.6219094,0.58892506,2.661567672230404,0.5810583590160894,3.213840338027849,1.0474209713739353,,
1986-11-26,38.7789474072,3806.737130495357,76.13919054308647,5.756429,0.9135006,4.4602838,0.58465713,4.4733543441300245,0.5788346429033122,5.112224219561362,1.045183692356989,,
1986-11-27,38.7789474072,5759.397730495359,79.96144762208226,5.98591,0.8467017,4.2758355,0.6813162,4.287272710598379,0.676783162044121,4.917248520035147,1.1431334315123705,,
1986-11-28,54.9368420988,5120.778530495359,82.2761039751725,5.971796,0.8297443,4.4628625,0.7784338,4.478878836766827,0.7702215856565974,5.118012764061671,1.2365705994951066,,
1986-11-29,54.9368420988,3929.687730495358,83.97620421541009,5.6729345,0.81434065,4.127464,0.77449054,4.148771541590952,0.7638949783971952,4.7721274685917265,1.230246181632442,,
1986-11-30,54.9368420988,2546.379730495358,85.24318481092457,4.6834755,0.69233346,2.4429796,0.66432345,2.490296295238816,0.6504580400209489,3.034382774677977,1.1168221287069289,,
1986-12-01,387.7894737036,1729.2057304953578,85.73661789492118,4.5722876,0.66577566,1.4442044,0.634262,2.0172041902605202,0.532239208418429,2.5386784842661774,0.9986075493707675,,
1986-12-02,387.7894737036,1546.4997304953583,86.08599789636816,4.9301796,0.68288326,2.0660396,0.7658434,2.640247056057889,0.6274245578578469,3.1915006692831684,1.0937873521675532,,
1986-12-03,882.1465737036,3080.719530495358,86.90985344640447,5.7467504,0.76230145,3.4293122,0.53994644,3.9451813119173655,0.4527551414215593,4.558806321878127,0.9191077570753803,,
1986-12-04,515.8386737036001,2761.098530495358,87.50495256807308,5.009653,0.71925455,3.5309086,0.653868,3.7636849723067995,0.5624530047316878,4.368635077648376,1.028806919491298,,
1986-12-05,520.6462137036001,1749.1407304953582,87.59116416206226,4.8095956,0.688907,3.164886,0.6055126,3.542151283112184,0.49265075868451885,4.1365128353852905,0.9590063101807351,,
1986-12-06,1218.634469661989,2354.9202503317497,86.79261741185293,5.2610383,0.73803484,2.0313883,0.72710794,3.132746215824078,0.5412312327391281,3.7075396053620246,1.00758995670505,,
1986-12-07,745.620032546554,1914.09801589402,86.40740535392261,4.8486586,0.68587416,2.7316523,0.735628,3.325129567932465,0.5632391745267863,3.909118224071602,1.0295963838457562,,
1986-12-08,452.5990237036,1173.142000495358,86.35049686980322,4.6571302,0.68684477,2.961389,0.84891456,3.4334758175750935,0.6417304019049755,4.022643054084022,1.1080867768373506,,
1986-12-09,521.6997537036,1606.2526309282596,86.33528920310789,4.752802,0.68945915,3.4587283,0.9046408,3.7759900499964627,0.7034641061236853,4.381528295988802,1.1698179316161506,,
1986-12-10,568.5745737036,2102.296267911462,86.55570044948799,4.8299904,0.7548736,4.0182886,0.66821766,4.191083561217299,0.5499686810435369,4.81646185811981,1.0163195966862886,,
1986-12-11,580.9318137036,1498.6318920023175,86.69194334106788,4.793863,0.69940937,3.3239474,0.81435794,3.73457231754527,0.6185340868609466,4.338130937505878,1.0848882135076843,,
1986-12-12,550.3628037036001,1225.8103971121732,86.34634819047156,4.6926813,0.66370296,2.6588364,1.0172496,3.2890410132926036,0.7315477328864125,3.871304759882508,1.1979052231078209,,
1986-12-13,525.4987937036001,1028.1237989543124,85.92145615377281,4.345461,0.59855115,0.47488165,1.807227,1.7840700790701216,1.212963881264805,2.294401359489969,1.6793344118197013,,
1986-12-14,524.0254337035999,948.8699570232918,85.60308860639083,4.103269,0.58452606,-0.8845235,1.7530282,0.890028981200941,1.1483253356072183,1.3576281532692471,1.6147048391843493,,
1986-12-15,448.2584637036,1119.109384978049,85.50089337347995,4.4096537,0.68007433,-0.10825789,1.2699485,1.1838396186781082,0.9273755220704012,1.6654819348764025,1.3937519759979056,,
1986-12-16,467.7915837036,964.9107974466928,85.4954820083949,4.578706,0.72287273,0.85076624,1.3964156,2.067975598615315,0.9696367527685875,2.5918765923869542,1.4360046251156977,,
1986-12-17,480.8029437036,876.312755605775,85.46856042401532,4.698046,0.7510281,1.9528457,1.3554282,2.925423409656786,0.9147743837884719,3.4903074777574954,1.381134787403614,,
1986-12-18,730.1973737035999,733.1749304953581,85.42439369168025,4.646105,0.7121045,1.8890235,4.4279523,3.2647592296410024,2.2467567234978105,3.845862389975485,2.713114403559498,,
1986-12-19,841.8730237036,691.3105504953579,85.43692057141803,4.5688643,0.7284338,0.99208665,11.865115,2.9560997685920847,5.364896915633939,3.522450061788014,5.831257067622662,,
1986-12-20,690.0116737036,746.1835704953581,85.40886168631174,4.474902,0.68626684,1.3413415,3.2593086,2.8468425356180695,1.7251925806262227,3.407970706555008,2.1915536337192036,,
1986-12-21,647.9768337036,690.658230495358,85.31032739759627,4.3652554,0.6511477,0.36848176,2.842785,2.303151458744975,1.500197395438547,2.838293054722351,1.9665631356307016,,
1986-12-22,606.8245937035999,687.9295904953581,85.0916055910812,4.250111,0.6302742,-0.85961044,1.9545959,1.5352107069656014,1.0797114919353894,2.0336473600820595,1.5460844283647843,,
1986-12-23,593.7971037036,500.2543904953581,84.95394634347754,4.3019,0.6548207,-1.4658879,2.7448933,1.664582386283895,1.3044501754898792,2.1692025634368055,1.7708218523666477,,
1986-12-24,234.7828020988,539.8163204953579,84.81872155171384,4.2735214,0.695624,0.18363988,3.1733694,1.4232925250200912,2.2215419676924433,1.9163798716127203,2.687916009188114,,
1986-12-25,725.4310420988,720.6466304953583,85.05133231546883,4.4855075,0.7429618,0.8811946,16.012638,2.689313553786094,7.988528925363685,3.24291237787735,8.454891301714344,,
1986-12-26,930.0170737036,1276.1713304953582,85.27797243802381,4.6542096,0.76437443,1.0466497,3.7992623,2.5674138834963425,2.2211823183884927,3.1151863200409253,2.687545738183309,,
1986-12-27,853.2277337036,915.4803404953582,85.23450840798088,4.552779,0.70959663,0.92699766,3.400685,2.6760807398447466,1.7931652395430755,3.2290470806637175,2.2595277283425848,,
1986-12-28,791.7010637036,815.797190495358,85.15195302860265,4.4802346,0.6756554,0.06354475,3.7007515,2.238786969708898,1.9073643339924427,2.770852163129348,2.373730651440892,,
1986-12-29,717.1062037035999,688.5309104953581,85.1567061824075,4.4716477,0.674317,-0.6345242,4.1885786,1.9704636164916294,2.080354925247477,2.489703870845792,2.5467237002075316,,
1986-12-30,668.4479337036,684.5856104953581,85.14153724866713,4.492337,0.6539889,-0.60496557,6.105238,1.9132879783225392,3.1058785672220215,2.4297954326173605,3.5722478764812013,,
1986-12-31,614.0010937036,668.692860495358,85.10246473463444,4.521584,0.6700481,-0.6597632,4.039981,1.8204487373445941,2.130401781075842,2.332518793275739,2.5967719658688986,,
1987-01-01,587.6053737036,817.2828104953583,84.99365588658576,4.457876,0.7721201,-0.23799324,1.1104469,1.7260905576266645,0.7222200095287468,2.233650615114594,1.1885910942793285,,
1987-01-02,552.0942537036,853.7020704953579,84.9045249526876,3.9960735,0.69837207,-1.0379606,0.85446835,0.939040763340859,0.586921078706903,1.4089825310570574,1.0533000666997632,,
1987-01-03,204.4427320988,826.156390495358,84.72164310975616,3.3343866,0.60980606,-0.33294737,0.33884922,0.39455157161458854,0.2973495397143071,0.8384686172094615,0.763734409750572,,
1987-01-04,202.6806520988,766.174480495358,84.61905637395404,3.0218997,0.5642656,-0.38560164,0.25138894,0.32723412936450175,0.23120366140706272,0.7679336313329851,0.69758928221009,,
1987-01-05,194.8042820988,714.2410304953579,84.49267257804028,2.8808916,0.52942365,-0.46559298,0.25912315,0.2515434590274545,0.23307126289505214,0.68862520568944,0.699457734036554,,
1987-01-06,182.7619120988,679.652190495358,84.36952661779861,2.9291306,0.48972356,-0.59091365,0.31271085,0.15505050481106367,0.2674024111577719,0.5875202181061685,0.7337899758369679,,
1987-01-07,179.0387820988,648.571750495358,84.24416901612418,3.1510763,0.45686322,-0.81832516,0.46152246,0.04038407197599672,0.3749411204026823,0.4673731217491773,0.8413299984184563,,
1987-01-08,171.3038320988,653.4334304953582,84.10961158616315,3.0218544,0.4621083,-0.92722476,0.5255974,-0.10697275097847854,0.4273456106730802,0.31297314637157825,0.8937361985190446,,
1987-01-09,165.5961420988,627.6147604953579,83.96808821639416,3.0954537,0.46093792,-1.0485495,0.59901863,-0.18341902037077645,0.4836333771457209,0.23287300662082755,0.9500248618038221,,
1987-01-10,169.1903920988,629.739370495358,83.8210748429324,3.105945,0.50879717,-1.1546263,0.5882699,-0.25235952694182495,0.47604549387330186,0.1606373794970153,0.9424377930212156,,
1987-01-11,180.07429209880002,723.2689004953581,83.68400411458627,3.1436012,0.4786114,-1.1349627,0.6031103,-0.2820649486326443,0.4922200255946182,0.12951214019227897,0.9586126773690329,,
1987-01-12,189.2436020988,661.1205904953581,83.48164735057273,3.1135006,0.46021435,-1.0847548,0.6210255,-0.15045751405075178,0.4935630736974757,0.26740996026967667,0.9599541708557277,,
1987-01-13,172.90504209879998,615.5016404953581,83.25933073911081,3.028338,0.45945618,-1.0934829,0.6342342,-0.18952856548107277,0.5052894645998466,0.22647144613869424,0.9716810212190325,,
1987-01-14,179.50589209880002,591.605120495358,83.02333125837274,3.0278094,0.45987257,-1.0410405,0.6393588,-0.0938584570103211,0.5020692433745575,0.3267142587624423,0.968459678044584,,
1987-01-15,161.8603320988,635.5119104953579,82.81776166869814,3.436943,0.44361866,-1.2487763,0.8981482,-0.29761191315312835,0.7214730636107506,0.11322208391235539,1.1878659003419336,,
1987-01-16,141.73467209880005,840.999960495358,82.66337179038973,3.037009,0.46593046,-0.1227833,0.8408829,0.33293700134581194,0.7227375479343097,0.7739090811007092,1.1891231049344158,,
1987-01-17,221.68109209880004,668.695460495358,82.41989483450342,2.8694081,0.47161087,-0.9171864,0.73712575,0.025579244711201057,0.5659155810232583,0.45186067434889465,1.0323046297025054,,
1987-01-18,192.8249320988,648.806100495358,82.17954414892733,2.9546552,0.49870127,-1.1186134,0.6564536,-0.1853923927535407,0.5187925214427318,0.2308053137838032,0.9851840293394714,,
1987-01-19,156.4851820988,648.420170495358,81.94864359998344,3.047557,0.5278497,-1.2957984,0.7954196,-0.45138760930893146,0.6489440199154933,-0.04790356486377456,1.11533870094675,,
1987-01-20,152.4665620988,627.1992704953581,81.71305790332907,2.9554884,0.4909934,-1.1405934,0.68494946,-0.33958932281180354,0.559308093404045,0.06923829756459199,1.0257014309061097,,
1987-01-21,154.2624620988,624.4777604953582,81.46704869116506,2.9394035,0.48407128,-0.9955889,0.6157737,-0.2160970946139866,0.5030180883048967,0.19863303213320058,0.9694099583569922,,
1987-01-22,159.8618920988,615.136820495358,81.20934557649997,2.8547645,0.5772482,-0.61224353,0.6312472,0.1029092134958957,0.5149917523365768,0.5328867513022234,0.9813799123543865,,
1987-01-23,165.10251209880005,586.7811904953579,80.94517376907267,2.710116,0.5483777,-0.36200893,0.40632385,0.3125841316446856,0.3391947265148577,0.7525834138006737,0.8055805113904375,,
1987-01-24,167.8761520988,567.431650495358,80.70273474294271,2.3711421,0.5872993,-0.62208164,0.2855836,0.06129325657474237,0.2579675839391563,0.489281693897271,0.7243562213500371,,
1987-01-25,165.51852209879996,563.971740495358,80.45506743765989,2.2429192,0.59651345,-0.52628696,0.2618306,0.10203522027719798,0.24350250307248647,0.5319709841952682,0.709890673095861,,
1987-01-26,164.79384209880004,555.649370495358,80.17712526168495,2.3113284,0.580376,-0.57183397,0.3087413,0.08765924041797,0.27262610199962756,0.516907881640598,0.7390144367260383,,
1987-01-27,176.2816520988,527.9383704953581,79.88898173932894,2.2219546,0.59312177,-0.56015074,0.29168198,0.13627098300965687,0.26430902074117874,0.5678430993572383,0.7306967994829509,,
1987-01-28,176.92010209879996,530.268980495358,79.58946125168492,2.4610476,0.5502562,-0.7401904,0.37859043,0.06067514429862483,0.31549384321833435,0.4886340379672662,0.781882487734749,,
1987-01-29,174.40963209879996,531.6913304953581,79.24449143471848,2.6807077,0.5238564,-0.7854773,0.45616138,0.07068363415002855,0.36705148793861364,0.499120899421256,0.8334400174557705,,
1987-01-30,167.5738420988,544.437120495358,78.90418248524162,2.8088613,0.5393913,-0.955654,0.45761368,-0.0696644513610128,0.372229375250798,0.3520646551787166,0.8386195278490336,,
1987-01-31,155.39593209880002,532.9581804953581,78.57492376845858,2.9269228,0.51041704,-1.0047654,0.55349964,-0.11718683294227199,0.44376773199676134,0.302270866205008,0.910158439280186,,
1987-02-01,151.1125620988,526.2987704953581,78.40475157274615,2.766576,0.5064676,-0.782792,0.4865046,0.008978212529267709,0.394502172403164,0.4344661695764545,0.8608914127497906,,
1987-02-02,140.1443620988,518.559980495358,78.24256480317842,3.0093946,0.5042171,-0.9504911,0.5980189,-0.10799524700826513,0.4828534250690344,0.3119017785267957,0.9492440248660925,,
1987-02-03,127.70724209880002,529.804400495358,78.08388561337439,3.086534,0.49356595,-0.78837,0.7210466,-0.035754734898629306,0.5888547754666968,0.3875951401734351,1.0552445338464806,,
1987-02-04,136.55521209879998,510.551430495358,77.91824093095589,2.96976,0.49020633,-0.90204775,0.7585819,-0.08500232972379064,0.6073766832066594,0.33599367866011226,1.0737670145476859,,
1987-02-05,151.17893209880003,480.4240904953579,77.74309232689053,2.6570578,0.511837,-0.8212937,0.5695607,0.01127586521339641,0.4502213139389677,0.4368736422047518,0.9166105277392351,,
1987-02-06,142.1186520988,477.78548049535794,77.5948132717566,2.8113718,0.50650156,-0.7902945,0.5772894,0.035420187219024325,0.45984341878149526,0.46217198026901274,0.926232353990802,,
1987-02-07,133.44917209880003,487.0495004953581,77.45411714598187,3.0106733,0.50990295,-0.704769,0.7125517,0.09430231359487674,0.5699544688208397,0.5238684710071512,1.036342727409379,,
1987-02-08,140.27329209880003,472.76497049535794,77.30981352870049,3.0381768,0.50322306,-0.6907145,0.83098495,0.16251750378098317,0.6511043008550268,0.5953441141021911,1.117491780532006,,
1987-02-09,134.1859420988,474.681910495358,77.16277273151498,2.6891072,0.51816815,-0.5602511,0.5442806,0.1558619155917785,0.43942675395295167,0.5883704115485325,0.9058143093921881,,
1987-02-10,139.9754320988,457.0424704953581,77.01060864266788,2.6204336,0.52773035,-0.6007532,0.46443647,0.15447878436723816,0.3764598483197434,0.5869211713794568,0.8428474195098714,,
1987-02-11,126.19612209880002,471.548550495358,76.85824955640567,2.7875395,0.52421963,-0.820011,0.5402474,-0.058383347426664185,0.4403255936840518,0.36388495731860243,0.9067156149875326,,
1987-02-12,127.97074209880002,457.5569004953581,76.70027270204895,2.829164,0.519874,-0.65527284,0.6041246,0.1062727109071952,0.4855700567095244,0.5364110123922423,0.9519581782298157,,
1987-02-13,131.9906120988,433.346300495358,76.50354828090848,2.5457535,0.5376667,-0.6501614,0.49685946,0.0959967898616395,0.4010106112484954,0.5256439374471878,0.8673988504243082,,
1987-02-14,143.83000288706535,413.4448082920258,76.29829234625804,2.392549,0.56495225,-0.7102581,0.4506712,0.09056178239543032,0.36476611519072594,0.5199491552027374,0.8311544166441929,,
1987-02-15,160.53013146362406,428.59659622625617,76.0831253353481,2.0993483,0.61770946,-0.733245,0.3620559,0.03860348019490978,0.31258704145376026,0.46550742376760285,0.7789759399821479,,
1987-02-16,183.63303214311668,421.272118399116,75.84764273660495,2.1902099,0.5951256,-0.7268611,0.3505689,0.15868364662029083,0.3037212731357493,0.5913270116746028,0.7701087964483174,,
1987-02-17,164.55282261418267,393.6155396265858,75.62306079269983,2.4170628,0.5629644,-0.72615945,0.44003767,0.20048942570606884,0.35190587199324513,0.6351309640947743,0.8182929203949221,,
1987-02-18,167.39018679493776,387.5602473247993,75.39928708292528,2.5758247,0.5431513,-0.8946575,0.51273924,0.1521471101930445,0.3937801967160527,0.584478051150166,0.8601677944638896,,
1987-02-19,180.04657159492092,397.2335493803613,75.15597307086868,2.5533044,0.5452693,-0.8522526,0.50574833,0.20989876293119117,0.3873415306363425,0.6449900354750472,0.8537284724240637,,
1987-02-20,182.20140273840715,400.1248657473184,74.91131865906674,2.6129222,0.54277605,-0.8159245,0.5410506,0.2569116413355634,0.4087167769596232,0.6942499687616631,0.8751031875770602,,
1987-02-21,188.3972020683032,401.9552089140062,74.65287154552318,2.8104115,0.5461089,-0.78964794,0.6088763,0.3592270465808673,0.4497100289658306,0.8014557006299765,0.9160952923174912,,
1987-02-22,188.74549787410945,400.8156185375141,74.39370232362315,3.018293,0.56004465,-0.81802547,0.78085905,0.4101556318690402,0.5603305568811956,0.8548184982042644,1.0267152536308122,,
1987-02-23,163.80754218332237,379.782578716793,74.15701723374363,2.9643416,0.5547021,-0.8191074,0.8152572,0.32101170706057824,0.5936055941214922,0.7614137985132206,1.0599912845825177,,
1987-02-24,161.2920908425767,384.5906872645983,73.91582545434893,2.782549,0.55831,-0.91317785,0.7117613,0.17879925594967738,0.5278941880071802,0.6124040783681635,0.9942814825583229,,
1987-02-25,177.5224252579698,388.67581129844086,73.65809028409411,2.7629929,0.56825286,-0.78278244,0.6703131,0.32893884703140747,0.49343564477229523,0.7697198286770831,0.959821246499287,,
1987-02-26,176.82432720885566,395.59136201435945,73.42734096471948,2.8071704,0.57799536,-0.75936973,0.68146217,0.3423664188712637,0.5036621298245595,0.7837891925510263,0.9700475814112557,,
1987-02-27,181.9358630240067,388.946231714334,73.19022864965255,3.0828986,0.62100744,-0.680328,0.81680626,0.5189842294660685,0.5906407936779741,0.9688487307544802,1.0570242896029576,,
1987-02-28,179.53452491685945,392.8422366712144,72.94878063412412,3.146188,0.61774737,-0.7967702,0.8658034,0.439997559493327,0.6250247209235602,0.8860867679594656,1.0914090870470894,,
1987-03-01,38.7789474072,738.0963304953582,73.1359114529848,3.0584178,0.63910854,-0.23279417,0.9427243,-0.06850816084604032,0.8962347023309241,0.3532762124277234,1.362624841465018,,
1987-03-02,38.7789474072,1514.8421304953577,74.01092529079104,3.1097994,0.578958,0.81408453,0.6218859,0.871386407984392,0.6065355636355402,1.3380945287793957,1.0729152640461281,,
1987-03-03,119.6589474072,1999.863630495358,74.6668345249413,2.966186,0.5622887,0.5026591,0.4565808,0.641739008485344,0.4319722250169059,1.097470768594657,0.8983543827066633,,
1987-03-04,690.7789474072,1391.1381304953582,75.13641607280962,3.069292,0.5207613,-1.010137,0.7465043,0.34341535845315424,0.5278937334066957,0.7848882678593107,0.9942791732733627,,
1987-03-05,241.6309974072,1172.0002304953582,75.50292533860589,3.0071507,0.52467984,-0.004981637,0.73648083,0.5098800288071539,0.6171457822206298,0.9593093804252226,1.083529378083143,,
1987-03-06,38.7789474072,898.819190495358,75.8599535625734,3.230393,0.67059636,0.39349222,0.79258204,0.5108260976436421,0.7603070036065841,0.9603006681181203,1.2266905890796125,,
1987-03-07,38.7789474072,1158.589270495358,76.31755521816088,4.0400467,0.8007369,1.1635423,0.8674389,1.256703097881133,0.8397458734606814,1.7418280393139887,1.3061215863659634,,
1987-03-08,439.4500474072,3482.2172304953583,77.62743500875496,4.5098896,0.90243554,3.1570392,0.8707776,3.3086354500915434,0.7797857206229413,3.891835743780206,1.2461430581423567,,
1987-03-09,384.0289474072,4616.55953049536,79.37482745094484,3.9055388,0.8108326,2.0443702,0.9070317,2.1873018774235393,0.8396866809835728,2.716906259425733,1.3060534635890453,,
1987-03-10,561.3517474071999,3049.7763304953583,80.37375939156732,2.7895827,0.5976103,0.695493,0.5122777,1.0210203286277957,0.4425052776130709,1.4948804393315849,0.9088834093532216,,
1987-03-11,361.6640474072,2074.953230495358,81.20946613986607,2.802991,0.5899843,0.5292983,0.4752318,0.8667796484302235,0.4140599439536701,1.3332675818659576,0.8804396930649352,,
1987-03-12,38.7789474072,1931.800630495358,81.86816570608009,2.863322,0.6392738,1.0239964,0.5057019,1.0601923607011765,0.495909810519843,1.5359247606351805,0.9622875358327343,,
1987-03-13,38.7789474072,1493.5040604953583,82.33110340146473,3.0299644,0.7027514,1.2790532,0.62786686,1.3233651916870102,0.612235224909516,1.8116763533308187,1.0786102651783671,,
1987-03-14,38.7789474072,1260.980230495358,82.8440269493384,3.1478186,0.7633634,1.6144222,0.7244436,1.660171828607366,0.7031984018719988,2.1645811961800754,1.1695701213745022,,
1987-03-15,38.7789474072,1113.486380495358,83.30464770074403,3.388467,0.77686095,2.2150478,0.85640496,2.254538708572129,0.8279959206371017,2.787356781265616,1.2943620963774385,,
1987-03-16,38.7789474072,1000.316330495358,83.7051980787536,3.171573,0.765557,2.4656293,0.858905,2.4919750937564444,0.827344200466316,3.0361418140260623,1.2937082745185686,,
1987-03-17,38.7789474072,911.727730495358,84.02769890843821,3.4980044,0.775567,2.7745395,0.8431569,2.804055528279279,0.8093763544946679,3.363138626525491,1.2757377641952594,,
1987-03-18,48.694847407199966,837.0695304953581,84.32029193159958,3.6626735,0.80434835,3.3535912,0.8333137,3.3705829842728288,0.788742836479248,3.9567441583383043,1.2550996941217871,,
1987-03-19,94.96138740720004,823.8778904953581,84.65012927023704,3.7590194,0.8223297,3.8337092,0.82622164,3.8259900953966857,0.7456911016144456,4.43391817264255,1.2120445661630703,,
1987-03-20,105.0339474072,855.3999804953582,85.02113331100153,3.4353206,0.74469554,3.6681385,0.8589178,3.6426773232843748,0.7693086075627849,4.241843676646635,1.235663409396239,,
1987-03-21,137.00594740719998,747.3908304953582,85.29685664491447,3.5953774,0.77644813,3.4459662,0.8438678,3.4691122159173347,0.7232131231514928,4.0599827504500885,1.189569226577869,,
1987-03-22,144.24969740720007,709.7662804953579,85.64239957510354,4.3118362,0.85273916,4.4199944,0.8097483,4.401725638825707,0.6882166344142778,5.037171906993978,1.154566148802294,,
1987-03-23,132.72794740720008,756.793000495358,86.23540725127108,4.7500696,0.9167155,5.9410872,0.7986122,5.763372122508383,0.6930809753321423,6.463900438041034,1.159422655867,,
1987-03-24,38.7789474072,977.241130495358,87.09093159582592,5.2841215,0.9480427,7.435462,0.84200686,7.353350707744165,0.810677507581372,8.129874564581192,1.2770127243235248,,
1987-03-25,38.7789474072,758.4714304953579,88.13734824750367,5.4989147,0.97822213,7.3139434,0.8179482,7.22565882304917,0.7796158778708826,7.996079444290646,1.2459515069430638,,
1987-03-26,38.7789474072,32.14293049535805,89.99746092843951,5.1227336,0.8765694,8.844875,0.8716819,6.809667820730686,0.6211243157103529,7.560205494055443,1.0874614173980202,,
1987-03-27,51.86689944488551,32.31510121113605,91.73218567621161,5.156852,0.8677413,10.680872,0.9220892,7.277367678105173,0.6411944495456945,8.050259805860447,1.1075299093978603,,
1987-03-28,55.646867137411576,32.3151304422047,93.29698611082542,4.809783,0.76966125,10.774241,0.98420876,7.000982120543221,0.6064766074945426,7.760663963423799,1.072813007345061,,
1987-03-29,94.87975237471449,32.31543383611034,94.432889346731,5.50624,0.8505241,11.649245,0.9960976,7.066942693872281,0.6830495979120691,7.829777226683047,1.1493857654906126,,
1987-03-30,116.6978384561848,32.31560255870899,95.3240294111545,5.036221,0.75618535,11.986082,0.97715825,6.543393440743086,0.6289691950577166,7.281204108917867,1.0953073432523857,,
1987-03-31,54.9368420988,942.7140000000004,96.71290423078716,4.8478165,0.7682346,6.6713057,0.8385621,6.5708930336738804,0.7935140852236036,7.310018088388099,1.259852121584864,,
1987-04-01,54.9368420988,2500.335630495358,98.63778303541989,4.2823277,0.68216443,5.4658527,1.250465,5.440407650283748,1.2236686571455908,6.12549936804288,1.6900120039389472,,
1987-04-02,54.9368420988,1425.3513304953583,99.7952242254665,4.234206,0.7013863,4.9375124,0.9901202,4.911411114064359,0.9537298673046566,5.571218605676401,1.4200762010503807,,
1987-04-03,847.3560094311599,2474.192199252528,99.96094149875984,4.5099974,0.66693753,5.41251,0.84209126,5.182271070217191,0.6499317866757149,5.855024741844898,1.1162765510420214,,
1987-04-04,5123.00803394084,10517.646295593888,99.96094149875984,5.3958015,0.86219233,5.584936,1.2056687,5.522986172132763,0.8585353693019199,6.212024860955722,1.324878278699446,,
1987-04-05,8892.944814582912,9827.824009773009,99.96094149875984,4.897174,0.764548,2.6222398,0.8910225,3.7029039388469016,0.5922003815182846,4.304948918558664,1.0585547397537964,,
1987-04-06,4217.61158812507,8434.779464779991,99.96094149875984,4.7613306,0.5663289,4.420493,1.0140759,4.534109603114089,0.7019026633860214,5.175883372243402,1.1682513230829286,,
1987-04-07,3831.3803296704623,8126.69041494619,99.96094149875984,4.60404,0.5770934,4.4654875,1.0632833,4.509879921834434,0.745887447322754,5.150495595023601,1.2122362619517004,,
1987-04-08,3011.002020431579,6458.606463405414,99.96094149875984,4.1283197,0.48816904,4.4036245,1.0470555,4.316087305024384,0.7308031395785126,4.947440353576952,1.197153217537215,,
1987-04-09,2205.3444738290896,4503.2418533450045,99.96094149875984,4.1562233,0.44696727,5.1755867,1.0348717,4.840486675083883,0.7100428497557905,5.496904220955725,1.1763896083038743,,
1987-04-10,1716.4713866677062,3250.4511064252315,99.96094149875984,5.189376,0.46259007,6.507777,0.9971422,6.05216346656675,0.6718456056515605,6.766495021161566,1.1381858972645855,,
1987-04-11,1361.9809908188745,2435.200624960911,99.96094149875984,5.681246,0.53338397,8.294644,1.03192,7.357265133672602,0.6888874343907568,8.133976086688211,1.1552226387874396,,
1987-04-12,1295.283815067362,2616.4176027880644,99.96094149875984,5.3601866,0.5975605,8.533977,1.0567414,7.483037755657338,0.7339959984396662,8.265760210071617,1.2003308154976087,,
1987-04-13,2666.0125098549347,4293.674763590342,99.96094149875984,4.8659215,0.69022804,8.563338,0.9985967,7.146987370742735,0.6704102354629196,7.91364776548887,1.1367461278574782,,
1987-04-14,1896.459181167268,2599.108589825459,99.96094149875984,6.530367,1.0564867,7.534235,0.8748373,7.110752366681162,0.6741293795783766,7.875680852096318,1.1404653956367148,,
1987-04-15,1382.8189409636782,2400.0077566302766,99.96094149875984,7.1808324,1.3066878,8.921774,0.94431156,8.285369679599652,0.7662258034342523,9.106440857343896,1.2325585754182258,,
1987-04-16,1330.212672006161,2188.449067553264,99.96094149875984,7.402646,1.1185719,8.43848,0.9167331,8.046888337242432,0.7098658759216232,8.856560922029688,1.176199178874294,,
1987-04-17,861.8034537860071,2225.0621246702462,99.96094149875984,7.561772,1.0580178,8.948748,1.0575856,8.561526204471866,0.8175506898788987,9.395796720111147,1.283882928288261,,
1987-04-18,764.1791205135333,2257.031651667701,99.96094149875984,7.4114327,1.5075929,10.399763,1.1064968,9.643900692612867,0.9103373759947587,10.529905008873193,1.3766683640225241,,
1987-04-19,605.0203320024482,1864.1711980496136,99.96094149875984,8.70504,2.0241134,11.457717,1.0925703,10.783234824805348,0.9624835914740161,11.723695417965578,1.4288147109229796,,
1987-04-20,483.6054051362963,1484.2518145424592,99.96094149875984,9.862654,2.5187256,12.463218,1.0630475,11.824123193434234,1.0129287116605576,12.814334692516036,1.479261249000142,,
1987-04-21,445.438768063421,1332.888000638422,99.96094149875984,10.399504,2.611467,13.469617,1.0614703,12.700608933877085,1.0299733874282633,13.732713455235437,1.4963080797897117,,
1987-04-22,379.3470510951971,1171.468880586714,99.96094149875984,8.208754,1.4357736,11.637356,1.0005978,10.798681069135231,0.8334509866876617,11.739879939974086,1.2997821181191351,,
1987-04-23,319.10418381305715,1063.3229347669107,99.96094149875984,8.5819435,1.8412833,11.750045,1.0194027,11.018755361273724,0.8918791205111112,11.970473030990465,1.358210452308562,,
1987-04-24,400.6563124964829,1084.562598418072,99.96094149875984,7.625193,1.0410277,11.12922,1.0230966,10.183965082294046,0.7981411251818197,11.095782630263372,1.2644719904168262,,
1987-04-25,338.1646866158646,1297.1781843902522,99.96094149875984,8.09149,1.5375412,11.312433,1.0352795,10.64638983868879,0.8805987680517408,11.580309709293834,1.3469297932607742,,
1987-04-26,355.1780339016854,976.3869439249854,99.96094149875984,7.7340174,1.3761572,10.502393,0.9752256,9.76396381729891,0.8038067451600751,10.65570674050397,1.2701376770509882,,
1987-04-27,311.7318250360815,841.3232136746362,99.96094149875984,8.556053,1.7301344,11.126508,0.99693227,10.431577789629252,0.8648182480210365,11.355230378587503,1.3311491684977828,,
1987-04-28,221.18911868822693,783.2920777292868,99.96094149875984,7.0812974,1.0479039,9.89753,0.97298807,9.277388656115182,0.7930466307420748,10.14587494988964,1.2593778921248038,,
1987-04-29,271.3012689578048,872.8831489183731,99.96094149875984,7.6766534,1.3365519,9.616027,0.970234,9.156175755175706,0.8051701858909869,10.018868486630831,1.27150157148691,,
1987-04-30,181.1183647462032,806.2252770535177,99.96094149875984,7.526132,1.2291403,9.383637,0.9641901,9.042896563507677,0.8189686128667374,9.900174936826614,1.2853001297368616,,
1987-05-01,204.21807088498213,677.8167487789657,99.96094149875984,8.23145,1.5117657,10.206811,0.9692737,9.74945441920783,0.8229982973814629,10.640503842782032,1.2893292351805463,,
1987-05-02,173.3193256560274,574.3454484539901,99.96094149875984,8.373615,1.4927951,11.273723,0.9717014,10.601436520554547,0.8227604581613023,11.533207776218003,1.2890914570864234,,
1987-05-03,165.7271726224168,577.2974004953578,99.96094149875984,8.219885,1.36693,11.670838,1.0062021,10.901123888452542,0.8391227489316564,11.847219175871505,1.305453966740348,,
1987-05-04,492.5477530076693,716.3121604953582,99.96094149875984,8.434481,1.4649398,14.681801,1.0534656,12.136341703282778,0.8636787307148065,13.141476179869757,1.3300119349575183,,
1987-05-05,346.7135762942728,657.273730495358,99.96094149875984,7.971124,1.3252739,12.675117,1.0509974,11.050655746199107,0.8263594489391788,12.00389814526927,1.2926908143771263,,
1987-05-06,300.4409827188893,606.0088711521252,99.96094149875984,8.8107815,1.6280737,12.1281595,1.0895846,11.02862123595369,0.9065441320427692,11.980810460755327,1.372875474119939,,
1987-05-07,314.2866854888725,734.7509502571935,99.96094149875984,9.473679,1.8617679,14.281095,1.1471667,12.840815597264488,0.9781087550777823,13.879621517860256,1.4444438736858785,,
1987-05-08,288.12593520608885,633.3085499892164,99.96094149875984,9.268349,1.8238236,15.953076,1.1847779,13.862810106998765,0.9941493450304695,14.950463871646368,1.460488249882292,,
1987-05-09,273.57330275337193,568.5248825401462,99.96094149875984,9.433184,1.8839301,17.747625,1.2529423,15.04650413858007,1.0440923694383588,16.190734431681634,1.5104371526348346,,
1987-05-10,256.31615451110866,525.098070841465,99.96094149875984,9.730394,1.9427787,20.261951,1.3575635,16.80743510298429,1.112799848167974,18.035831876743007,1.5791563414437357,,
1987-05-11,219.6736162575886,484.2322304953581,99.96094149875984,9.731232,1.9102885,22.520613,1.4519116,18.529326676210875,1.163189899389204,19.840023981177936,1.6295612722111412,,
1987-05-12,180.56978176654545,462.0421404953579,99.96094149875984,9.007899,1.7165084,22.14163,1.3307855,18.4511369868182,1.071535994544069,19.758097091910372,1.5379066182149823,,
1987-05-13,180.3465602066109,441.656130495358,99.96094149875984,8.803095,1.6430829,20.21663,1.171923,16.907333401897677,0.958853749965658,18.140504972859205,1.4252110138546035,,
1987-05-14,156.51363629640002,417.40312049535805,99.8912616974613,8.367546,1.5301659,18.608465,1.078267,15.815649911911184,0.8883250235346904,16.99664274378468,1.3546744853025743,,
1987-05-15,159.1546262964,404.629190495358,99.79361581955354,8.380234,1.4866064,17.965994,1.0484556,15.259960072375979,0.8615938438277329,16.41439282945038,1.3279398576092234,,
1987-05-16,145.1777762964,387.0767504953581,99.68703309526464,8.409426,1.4367335,18.593763,1.0842187,15.815882819263555,0.8805025386756586,16.99688678331234,1.3468520019627428,,
1987-05-17,136.19102629639997,363.7030004953581,99.57052086211311,8.4686165,1.3819387,20.0924,1.104379,16.925618506440422,0.8873355840303013,18.159664042894587,1.3536929902057662,,
1987-05-18,135.94093232309018,342.1186665220483,99.4486239140231,7.7681556,1.1700426,20.897585,1.1136497,17.164103002632498,0.8636336920439293,18.40954728278618,1.329992989013132,,
1987-05-19,214.2267662964,404.774970495358,99.3276248156711,7.0945005,1.1591882,19.466654,1.1162602,15.184846145090944,0.8329197696835485,16.335688713205236,1.299265344487,,
1987-05-20,197.5928962964,432.138820495358,99.18075428247838,6.9580407,1.1441646,16.29426,1.0661619,13.364805203422057,0.8149648315775134,14.428656036023295,1.2813017422125808,,
1987-05-21,194.0316262964,423.767190495358,98.95964308159635,7.8969674,1.4109348,14.781555,1.114142,12.61931768994439,0.883404743713052,13.647536767722976,1.3497391992355499,,
1987-05-22,164.8663262964,378.4150004953581,98.80021723283386,9.24555,1.8116525,17.127851,1.3610071,14.735856769940348,1.0958715229884735,15.86523918071584,1.562214608387903,,
1987-05-23,186.3641862964,469.8851604953581,98.654247533034,9.275492,1.5980098,21.475842,1.6148777,18.01113976583964,1.2421444058922282,19.297069507824297,1.7085109442208006,,
1987-05-24,526.2105562964,714.960640495358,98.5331838102892,9.586199,1.8095512,24.500444,1.9052122,18.177357398062213,1.3390354201633141,19.471231774680557,1.8054034757918758,,
1987-05-25,369.3221462964,679.4081304953583,98.39272560768454,9.8368,2.0065675,21.872522,1.5276318,17.634007408786857,1.2160421181840706,18.90191151326686,1.6824053310622493,,
1987-05-26,325.9440962964,598.6214204953578,98.20725447706984,9.94062,2.1302962,19.204762,1.3979694,15.938803562349959,1.176129399608159,17.125682717734733,1.6424796733348392,,
1987-05-27,222.11405629639995,534.183410495358,98.13688481906173,10.136774,2.2778115,15.919718,1.278915,14.221347577736191,1.124050027552187,15.326138207886013,1.590390543755562,,
1987-05-28,189.7361162964,593.352650495358,98.02347328951188,10.961098,2.6500986,17.689608,1.5904429,16.059343732431675,1.3654795791296817,17.2519842959004,1.8318306643814362,,
1987-05-29,176.71509629639996,509.505050495358,97.81689500954634,11.005621,2.6742563,21.806597,1.7840887,19.02513444037029,1.4929739576795884,20.359529661630116,1.9593502436462766,,
1987-05-30,150.35726516122264,441.7984142051561,97.6777277783159,10.500381,2.5215418,24.070955,1.8976644,20.62518174876311,1.553857307771615,22.036053761876012,2.020251366409975,,
1987-05-31,167.02258819321685,436.0166258779112,97.55021699886566,10.269653,2.380402,24.858467,1.8411288,20.81783196649325,1.485513489672295,22.237912001471827,1.9519098856269692,,
1987-06-01,674.8621141727117,342.6296004953581,97.40893973137842,11.209185,2.6129634,34.58732,5.2609205,19.08152455834565,2.478300613130196,20.418615034484723,2.944677475690424,8.172711662881604e-06,4859.999991827288
1987-06-02,553.3026239114603,512.075130495358,97.30560657895487,11.331858,2.641059,31.159988,2.774584,20.862273146560657,1.9130810189344616,22.28447731803188,2.3794779600921476,0.2345039114602453,4859.765487915828
1987-06-03,225.07112182753363,565.3771604953579,97.16470584217019,10.61834,2.4709308,22.91962,1.4612714,19.41697123128414,1.2599342148140784,20.770094911722587,1.726314582490457,8.182753361415445e-05,4859.765406088294
1987-06-04,183.84963095159333,577.2924304953582,97.0397835245347,10.350344,2.3498507,21.49222,1.2676332,18.80096170252543,1.1164836363613566,20.12464223321244,1.5828576661019318,9.515933498833973e-07,4859.765405136701
1987-06-05,122.80000018185638,645.0456104953579,96.9549904241659,9.830309,2.285121,20.261671,1.1985443,18.593404351774907,1.071135503424669,19.90716435059535,1.537507495399689,1.8185637277131933e-07,4859.765404954845
1987-06-06,127.13475470600682,531.5762404953581,96.81874454408377,9.33198,1.9560207,21.330008,1.2384052,19.014323842621465,1.0683147396316424,20.348202354263076,1.5346909154744344,4.70600682503568e-06,4859.765400248838
1987-06-07,174.15594724370328,490.4625741347685,96.6404184653237,9.016106,1.7114452,22.376944,1.3201206,18.87588348846083,1.072465393377572,20.20314502440824,1.5388401707885577,1.6651452573938514e-06,4859.765398583692
1987-06-08,174.71009658466053,473.0762435233654,96.45827600199216,9.021709,1.7174977,24.052197,1.4916911,19.99842493716485,1.1837696171482692,21.37934011714433,1.6501563652886777,0.0029727287050886064,4859.762425854988
1987-06-09,204.74507035765058,468.6858444516287,96.23544179686377,8.465036,1.4965874,24.69251,1.4666207,19.758826575315116,1.1175440532020204,21.128289772624207,1.58392812533212,0.0007119022986724769,4859.761713952689
1987-06-10,217.25369385777933,468.2939621535945,95.96740695779906,8.144377,1.2891412,22.930992,1.2981777,18.245035167837827,0.9763591488051034,19.54214431050656,1.4427278312735814,9.58870647070499e-09,4859.7617139431
1987-06-11,240.77048763182395,471.00958896009615,95.6514644112245,7.8450837,1.0499711,23.095903,1.2669538,17.937080590746728,0.9105153438060273,19.219470557320566,1.3768812162675417,6.068180697925503e-10,4859.761713942494
1987-06-12,225.44026837446805,446.0974520856936,95.32359148980998,7.5052657,0.9014256,23.20177,1.2865434,17.932335860725818,0.9066352126308653,19.214499045423707,1.37300104264623,5.828402547885081e-10,4859.761713941911
1987-06-13,202.23275690173378,442.4888175599008,95.07038778496863,7.604156,0.8825287,24.39703,1.5008677,19.12953253923199,1.066632808448628,20.468917632750358,1.5330101647597927,1.0632852158267428e-05,4859.761703309058
1987-06-14,239.54783485500815,425.521353463812,94.85562976980982,7.540717,0.82736903,28.154865,1.9699001,20.7299617495322,1.295123532799979,22.14584188850935,1.7615188574116958,0.12118240920369286,4859.640520899855
1987-06-15,263.7577974026811,444.0707665007303,94.55727242049366,7.4749675,0.7707887,29.996653,2.1546872,21.60440854168087,1.3819635089270699,23.0620842481759,1.8483698882689428,3.9597298239750405,4855.68079107588
1987-06-16,273.4847615625025,460.3580713905179,94.1821687341229,7.3932357,0.7178334,29.89149,2.01505,21.506957222656915,1.2920888074167234,22.95997508922327,1.7584939114987708,2.7446243122041265,4852.936166763676
1987-06-17,281.0593049842599,458.1360642071855,93.82184204614444,7.349331,0.67521995,28.342491,1.7625179,20.36040241587174,1.1221316106737915,21.758618881975302,1.588522526132037,0.020392483942069856,4852.915774279733
1987-06-18,285.0454023813554,462.2246186905605,93.52796487849079,7.3651824,0.67154646,28.127245,1.7359884,20.20757694870855,1.1039289217865067,21.598488879889437,1.5703180595466493,0.009163233673287608,4852.90661104606
1987-06-19,293.19864716503815,459.2501367707707,93.09163995316428,7.5181365,0.6825117,29.942255,2.022078,21.2044892692302,1.2624857318146985,22.643050201557735,1.7288869469089836,0.8809125689281355,4852.025698477131
1987-06-20,304.43285296806755,452.9331522877343,92.64410415806096,7.3254957,0.63927275,31.104631,2.2488163,21.5463068183312,1.369204929530476,23.001205461060923,1.8356105472392534,3.165821320737956,4848.859877156393
1987-06-21,292.8973280319292,450.46716831392337,92.20988229099697,7.268711,0.61353105,30.166372,2.1489015,21.144332883409085,1.3244487664925084,22.580018546128688,1.7908492205944273,0.6992377105256928,4848.160639445868
1987-06-22,272.1572687412872,450.981104140125,92.00622858837755,7.3149376,0.5837687,28.320791,1.7725415,20.415117901536977,1.1270570034148928,21.815949580819805,1.5934485618269365,0.027253701153473114,4848.133385744714
1987-06-23,324.03720581875103,291.16434926935017,91.92562463079565,7.197742,0.5581873,32.926502,5.669177,19.37472312515385,2.6991843284841286,20.725827490537192,3.1655642476239327,5.884152392284113e-05,4848.13332690319
1987-06-24,313.79553921192826,447.62671934497945,91.59737673205099,7.3999295,0.6409472,32.17633,2.6221986,21.965538804506746,1.5640114530486833,23.440475303102808,2.030422652847741,16.630411182470276,4831.50291572072
1987-06-25,323.6633676896769,450.6862526082636,91.2274535920529,7.554318,0.66996306,32.49393,2.3148463,22.069648454631704,1.3760791683520226,23.549561038622702,1.8424917855186767,28.692287040326676,4802.810628680393
1987-06-26,299.7310832907903,475.0259125468692,90.805562331031,7.1439104,0.6197111,29.63174,1.8456237,20.93184920859377,1.156723714238168,22.357378877996307,1.6231215134876094,0.3098967811637533,4802.500731899229
1987-06-27,208.59123334001268,420.67234724497416,90.57929296010468,7.27856,0.61362046,25.295511,1.2856935,19.32316807567936,0.883246390555209,20.67180828592994,1.34962576511397,4.380533452378839e-05,4802.5006880938945
1987-06-28,259.8291210307577,432.6970757711033,90.23869468044605,7.3768363,0.6306611,25.81264,1.3749759,18.895704549181474,0.8910880477388413,20.223913464076425,1.3574630240246974,1.98145686974859e-06,4802.5006861124375
1987-06-29,299.1452633025337,463.1803684296888,89.7991517272587,7.523738,0.67928755,28.308674,1.6720507,20.15242818219925,1.0503073971968642,21.54070419085762,1.5166959000117357,0.0072157837167628625,4802.493470328721
1987-06-30,304.5324587783677,457.4109537440266,89.36102831704821,7.5948706,0.67164177,30.465803,1.985379,21.324781361303195,1.22172172108475,22.76909184443387,1.6881244703102634,1.4907688445836196,4801.002701484137
1987-07-01,292.0280359180852,446.32032191309327,89.17259035246899,7.1606994,0.6283722,29.978273,2.1215823,20.953574879119454,1.3063237937708219,22.380142961307627,1.7727218621000453,0.3416256541797852,4800.661075829958
1987-07-02,171.69570154180826,362.8098754159647,89.18467613159793,6.9745355,0.65922993,25.123972,1.4531378,19.29394815205404,1.0088311239962386,20.641191749838644,1.4752101912514548,3.581623157221757e-05,4800.661040013726
1987-07-03,122.80000005823698,537.4161604953581,89.34917601973741,7.49354,0.6882908,20.953815,1.0174049,18.450208385181497,0.8380045848934995,19.7571241062897,1.3043751997093007,5.823697209803758e-08,4800.661039955489
1987-07-04,176.81273111510407,406.22957802795617,89.25467626480491,7.494054,0.7265853,25.676916,1.262377,20.16280249960182,0.9067301101455695,21.551574365169202,1.3731187321377072,0.007719682642195265,4800.653320272847
1987-07-05,246.49375557325956,493.88639211256464,88.98776639618097,7.790373,0.73200536,27.347013,1.4874024,20.83604770934169,1.0216948452178751,22.256998394561016,1.4880914643696297,0.20796721671765375,4800.4453530561295
1987-07-06,289.8595945852836,498.1213591674182,88.63990672504615,7.633201,0.69258547,28.335554,1.4598385,20.720172533878856,0.9573568473062024,22.135584781810532,1.4237520531110446,0.12381622454058497,4800.321536831589
1987-07-07,274.79376849648514,460.6191878248311,88.35209004554659,7.1919556,0.63154864,27.04243,1.4313468,19.625119460548134,0.9270492485108361,20.98819191482627,1.3934318558369945,0.00032323074584396773,4800.321213600842
1987-07-08,418.1154600702596,566.2214304953579,88.25699481242117,7.400207,0.6176283,26.650507,1.1463379,18.473582904783505,0.7096815568776823,19.781615848026888,1.1760523948920416,7.025962855979538e-08,4800.321213530583
1987-07-09,195.14906511276376,622.9979804953581,88.0657978378593,7.695459,0.67439383,22.567726,1.0036423,19.02030875497737,0.7809934736120144,20.354473324971195,1.2473697104045685,5.1127637710722955e-06,4800.321208417819
1987-07-10,204.04646792930473,522.4936932900977,87.88466925071366,7.849772,0.71155554,25.329895,1.1334572,20.420658674055495,0.839268232407368,21.821755183324527,1.3056598561190926,0.029824988817364013,4800.291383429002
1987-07-11,256.81549112572486,505.1936623603487,87.6189778863909,7.906685,0.72116387,27.969816,1.3879198,21.208056322092276,0.9517155809173896,22.646787747353255,1.4181168412656633,0.9588490978765852,4799.332534331125
1987-07-12,213.26344236594312,539.742659272485,87.39418022013541,8.011536,0.7296784,27.092257,1.3626014,21.688289415579746,0.9983144788773579,23.14997434111472,1.464721964588951,5.830973280388635,4793.501561050737
1987-07-13,240.22461453120275,521.957434321914,87.14399801165446,8.079114,0.72190636,28.303736,1.5658666,21.92933741610414,1.0962097939459718,23.402543612082813,1.5626205037961638,15.774745251441367,4777.726815799296
1987-07-14,365.7597635850178,277.332080495358,87.23598285057108,7.7466207,0.65934086,34.190254,9.8897505,19.150385105736397,4.281389872553253,20.490766880652743,4.747767444149164,1.3585017821514233e-05,4777.726802214278
1987-07-15,122.8000054078672,799.2303304953579,87.59403772766947,7.9858885,0.6761254,20.717226,1.0204257,19.02161118934213,0.889092916531748,20.355838011246444,1.3554691665935927,5.407867201472636e-06,4777.726796806411
1987-07-16,122.80000016324405,446.5690004953579,87.64403415247935,8.17577,0.7587462,21.428783,0.9784092,18.570408493469685,0.7846429419668808,19.88306936887055,1.2510147112033787,1.6324405469336006e-07,4777.726796643166
1987-07-17,122.80202554535637,377.31996007367866,87.55757133261804,8.457205,0.801162,23.029085,1.0700463,19.45104525447258,0.8309251996117674,20.80579755674321,1.297305930529504,0.00010924457293017467,4777.726687398594
1987-07-18,131.14119599107605,427.407163066637,87.39019770169968,8.597195,0.8014518,25.034948,1.1918299,21.17553914709314,0.9312113579314848,22.612716362543562,1.3976122062835192,0.8988223203493494,4776.827865078244
1987-07-19,177.42845521123363,430.768548133951,87.1691819927253,8.533508,0.7966619,27.271711,1.4231632,21.805241764665293,1.0344318957257364,23.27251661270495,1.500840937438176,11.708523978464461,4765.119341099779
1987-07-20,204.4823045960434,411.3972676045491,86.95919758978667,8.565781,0.77762055,28.5366,1.6112567,21.905954488521704,1.1068261802475,23.378043060492473,1.5732365744299974,30.40659179879976,4734.712749300979
1987-07-21,234.77641862257707,420.3447721911129,86.71027025841467,8.71721,0.77879786,30.926859,2.086967,22.96756534775968,1.3678354717558225,24.490395289866846,1.8342608275925703,40.84752563324264,4693.865223667737
1987-07-22,241.1986443282828,421.9147064816867,86.40402868611744,8.748905,0.78154784,32.921658,2.318024,24.129141023858452,1.5020205947224823,25.70749031263533,1.9684637969967214,17.277103612757763,4676.588120054979
1987-07-23,255.5664362722767,431.958239346728,86.09465765866389,8.747015,0.7775855,33.888336,2.4044921,24.54281290723646,1.5380982157333944,26.140934297972212,2.004548146062193,10.339797792262733,4666.248322262717
1987-07-24,273.40184083316444,433.5240215782404,85.72319101295794,8.706963,0.77478456,34.222797,2.43923,24.35461095738593,1.525580609189398,25.94373693825501,1.992027454309016,13.738990090997214,4652.5093321717195
1987-07-25,281.0063265797237,403.05361218022097,85.32919596507416,8.827003,0.69932896,31.30173,2.7289178,22.06929206259643,1.6333623085410005,23.549187612266405,2.0997749208345335,56.946375352451845,4595.562956819268
1987-07-26,183.52288378672353,402.3414138980394,85.2372824890846,8.640688,0.7353033,27.894999,1.5129769,21.863556419441718,1.0642588776202369,23.333618508641013,1.5306687010262934,60.71583704913385,4534.847119770134
1987-07-27,208.66435227549198,389.7695880933654,84.90123399265946,8.830301,0.7984548,28.614973,1.614539,21.716374168362698,1.0878057469726012,23.179401449077773,1.5542136049131585,36.00978110977128,4498.837338660363
1987-07-28,240.37598478303823,401.5639883426696,84.50128902932128,8.731438,0.82435197,29.462831,1.619477,21.699910643827376,1.0590439759429988,23.162151024347406,1.5254516155703604,11.824799648854018,4487.012539011508
1987-07-29,251.16217876259847,417.9551414273837,84.118815028639,8.645512,0.85190827,28.230448,1.3955537,20.878978775735998,0.9285156322424527,22.301981419176464,1.3949127789282119,0.35730464406743906,4486.65523436744
1987-07-30,259.5770359856001,424.7140339557762,83.84202548043517,8.584328,0.88207287,26.939009,1.1808444,19.976396012376537,0.8056740994877067,21.35625828505325,1.2720605988529234,0.0038665819808311555,4486.651367785459
1987-07-31,244.85616004159988,455.7328973920329,83.49687938259912,8.810104,0.8993125,25.39508,1.0663742,19.598624651607192,0.7615623213596172,20.960430744585928,1.2279446408533043,0.00038935372455094013,4486.650978431735
1987-08-01,292.34511808368404,431.5164001180045,83.10183939128616,8.822002,0.8571701,28.049137,1.3606036,20.283896355631885,0.8818865110236349,21.678456093578866,1.3482765332093,0.020926590704750662,4486.63005184103
1987-08-02,214.26159175877874,412.43075283358746,82.80106700616754,8.5737,0.8447153,26.070648,1.194477,20.088567809514,0.8374665759215824,21.47379151065378,1.3038543478364248,0.007282436416730584,4486.622769404613
1987-08-03,122.80935428335509,354.505640282869,82.75220046629165,8.941483,0.90010065,23.570904,1.0818478,19.80686997282025,0.8362061407976179,21.17862948030195,1.3025907442503981,0.0014340119053937264,4486.621335392708
1987-08-04,207.6477836703665,418.81284174453583,82.46865618517161,9.02265,0.8766341,28.06946,1.5389373,21.75616941737644,1.069083582773404,23.22109877496112,1.5354919696952758,22.003346410913345,4464.617988981794
1987-08-05,221.7795700827609,408.8519320491568,82.15128633609588,8.781153,0.9421791,28.756865,1.6773746,21.731835247549345,1.1368364955335484,23.195601514998486,1.603244558776597,17.815973150341787,4446.802015831452
1987-08-06,160.0162593130959,376.62453157266543,81.88935069938947,9.038914,0.9719946,26.047472,1.3533475,20.97583764539386,0.9930410459744448,22.40346981170849,1.4594393905953749,0.571444317895992,4446.230571513556
1987-08-07,220.0594317981405,379.62336531302833,81.56283453029936,9.0153885,0.92915154,26.654387,1.2535601,20.181584727463196,0.8637027773055038,21.57125431931852,1.3300916153757036,0.012649834646510033,4446.21792167891
1987-08-08,249.91123971505917,395.5730419540003,81.19822815355558,8.931999,0.9162616,28.37477,1.450485,20.847139347082056,0.957075772525726,22.268620174670506,1.423472527768888,0.3247315209034531,4445.893190158006
1987-08-09,235.9494658023481,406.2403935076244,80.83979183188657,8.686086,1.0606874,26.519157,1.5512341,19.96703939927309,1.0558424662930301,21.34645445782744,1.522228860160817,0.0038026176052400173,4445.889387540401
1987-08-10,159.13122995943115,350.28300575026697,80.63959944565184,9.323545,1.1485273,22.621408,1.0913981,18.46741128746925,0.8318180176429751,19.77514924850163,1.2981887966651076,1.0161530380184886e-07,4445.889387438786
1987-08-11,211.42672933351727,362.3548391787528,80.3437753859003,9.220818,1.0695833,24.608337,1.133939,18.93835221964517,0.8173968775577046,20.268599547404516,1.2837722832726812,4.132167792622276e-06,4445.889383306618
1987-08-12,260.7619267974163,385.2705091420064,79.97684012414088,9.10042,1.007403,26.488302,1.3644359,19.46992757705565,0.9096437098399262,20.82558238979976,1.3760246426216929,0.00017570391979110264,4445.889207602698
1987-08-13,286.3780196172662,396.21908141833353,79.66330464314943,9.040604,0.97688407,26.91654,1.3921797,19.41683748342568,0.906091003281971,20.769954771173687,1.3724713695351651,0.00012361048572305178,4445.889083992212
1987-08-14,293.9663023594386,404.6446524644264,79.24989901971658,9.029353,0.9531119,26.665125,1.3223988,19.244224068175935,0.8645965824642775,20.589091024724443,1.3309751290195848,3.7718427788961346e-05,4445.8890462737845
1987-08-15,299.00195283927445,417.50334106948327,78.81657103633822,9.027763,0.9287356,26.721535,1.2856712,19.337817908770003,0.8434679810330552,20.68715833096437,1.3098475100303415,7.199058136137348e-05,4445.888974283203
1987-08-16,309.1305348113198,418.6071998060071,78.42032051920422,9.028735,0.8942903,27.648796,1.3976105,19.739312875114447,0.889163026164441,21.107843384258192,1.3555468832418218,0.0009784215304463938,4445.887995861673
1987-08-17,321.5264595608608,429.596678533785,78.01099584508525,9.013798,0.8758129,29.46138,1.7340645,20.708569190865347,1.0602721307628922,22.123426838665022,1.526667195885591,0.17428458866961608,4445.713711273003
1987-08-18,314.2827565555624,441.6175061269046,77.5891194918539,8.970686,0.9272583,28.959202,1.7012455,20.648520930428504,1.0660662931813478,22.060508476644006,1.532460632721884,0.13204932118109813,4445.581661951822
1987-08-19,317.56755970471073,452.1465375835075,77.14328858553922,9.042301,0.94168264,27.58307,1.4378399,19.93354611934153,0.929691214594353,21.3113603136062,1.3960772316400927,0.0031306664840687138,4445.578531285338
1987-08-20,323.31306239577714,451.7301017714551,76.68941358058203,9.0585575,1.0179015,25.925337,1.225057,18.889277003665658,0.8307386530597061,20.21717870385642,1.2971135648054821,2.8276804747334506e-06,4445.578528457657
1987-08-21,330.86902781219896,449.3020748603292,76.22282049598199,9.155916,1.0091767,25.041399,1.1248783,18.30439704389373,0.7764313114129934,19.604343481319514,1.2428005480102953,2.6536045740580524e-08,4445.5785284311205
1987-08-22,335.71833495976904,450.4170453681894,75.74795172718119,9.14851,1.0739994,24.818987,1.146919,18.126925259225644,0.8013600253015914,19.41838915200124,1.2677276172270782,6.922364788731869e-09,4445.578528424198
1987-08-23,334.99658250640886,450.2440263489112,75.27585571180596,9.292749,1.1986617,23.25532,1.27915,17.298657084443246,0.8941126920976947,18.55053258975736,1.3604730845618214,1.6860376087405313e-09,4445.578528422512
1987-08-24,339.72070122668896,458.0667852489659,74.80520629132518,9.4374695,1.2904748,21.32479,1.2371951,16.262828805039042,0.8981022659370236,17.465195259399476,1.3644547588345963,1.7208620904916776e-09,4445.578528420791
1987-08-25,343.84726661786885,462.0090214018843,74.33051447160221,9.52412,1.3563893,19.868008,1.3038052,15.45441998033369,0.9453546475157634,16.61814725628053,1.4117018277288913,1.746632651523348e-09,4445.578528419045
1987-08-26,347.7017953334004,465.4130904082945,73.84973937495384,9.988306,1.5170915,18.06791,1.3208368,14.612933091827468,0.9962073237340028,15.736440170982737,1.4625497677893762,1.7934080159495151e-09,4445.578528417252
1987-08-27,262.1254281005261,343.51363310520463,73.6244473319968,10.43334,1.8764669,17.957127,1.5973476,14.700771644114132,1.216728593416152,15.828477105807634,1.6830714939995297,1.8168648330858435e-09,4445.578528415434
1987-08-28,442.16380033665087,381.0830904953581,73.47457658843307,11.220448,2.0168793,20.172295,4.239722,15.364280438424787,2.241688306525935,16.523699352394992,2.7080349406766087,3.366509071548713e-07,4445.578528078783
1987-08-29,834.9425399885758,248.86273049535805,73.41269744774655,11.819439,1.9729229,30.745916,148.51512,16.165325580868895,34.135809458085944,17.36303171441209,34.60216127057797,0.00010998857574795997,4445.578418090207
1987-08-30,374.63690929026666,364.1255304953579,73.24228034896812,11.335005,1.8400261,22.691504,15.952507,16.932461983086515,7.9179383680755135,18.16683461433111,8.384295827602188,0.00824929026663929,4445.570168799941
1987-08-31,308.2871121472867,336.0262277895653,72.95483218103406,11.056395,1.731543,25.274113,4.7499065,18.47130575918849,2.6120739845084273,19.779229862656464,3.0784448007513165,0.0,4445.570168691734
1987-09-01,319.7576570988,360.4492804953581,72.89253796560808,11.209936,1.8223002,25.822208,2.959928,18.953142999098247,1.7871839130958687,20.284097275555702,2.2535594682282922,,
1987-09-02,249.67632220788704,403.2980570833675,72.73564377274234,11.798065,1.9088831,20.543344,1.192981,17.19943201874961,1.0371384168745008,18.44656490510749,1.5034979994764923,,
1987-09-03,283.6662705981617,451.68454606264265,72.34873437428152,11.678978,1.9327389,19.040321,1.1334893,16.20063615908344,1.0201065179204238,17.40003001756212,1.4864585755640922,,
1987-09-04,290.2857453803996,462.058901093678,71.91675514741779,11.499481,1.8810189,19.733212,1.0906334,16.55629711608203,0.9876288176833403,17.77269035253908,1.4539834240951994,,
1987-09-05,291.0470438848455,462.7711023656021,71.50304382709723,11.376326,1.8427241,20.626238,1.074738,17.05487303355331,0.9703124283908013,18.295096494568973,1.4366708512714297,,
1987-09-06,291.72026857178184,459.63623817236976,71.08706863184516,12.094391,1.9882131,20.11863,1.1054224,17.003153626842035,1.026246786717895,18.240905077010847,1.4926048004851324,,
1987-09-07,253.8989230756227,404.06469501082574,70.78127861838342,12.133757,2.1485856,19.78873,1.1564727,16.83478362909798,1.091702539258782,18.064487568918672,1.5580592423659327,,
1987-09-08,915.7721120988,762.752980495358,70.66723928995103,12.346584,2.1867576,23.799704,1.1513404,17.55109446041247,1.3027305134303486,18.815035609383912,1.7690930170140646,,
1987-09-09,2221.2131420988,6094.242130495358,71.94338428412276,13.491291,2.437746,16.682793,1.4139932,15.830283077113874,1.2238931750343087,17.011975324263087,1.690242732371407,,
1987-09-10,886.3140420988,2046.815430495358,72.23228674134707,13.0887375,2.4141097,18.939255,1.3864359,17.17138339297391,1.2116852736107837,18.417175650899143,1.6780446293247056,,
1987-09-11,637.7596020987999,1317.0839704953576,72.37800280927283,12.543192,2.2815466,20.100466,1.3881264,17.634936542170927,1.1953046569235792,18.902885056050604,1.661667877794746,,
1987-09-12,658.8819120988001,962.765470495358,72.37190771308458,12.305075,2.273459,19.7457,1.2800605,16.722544240079905,1.1961605156956823,17.94688352077669,1.662516363094976,,
1987-09-13,3210.3195020988,1669.7044304953563,73.25817057558335,12.68339,2.4809864,24.311098,1.5338595,16.661820212131097,1.7144169550755752,17.883257091866636,2.180772345523323,,
1987-09-14,1541.4511420987994,3995.324030495358,74.21196281455778,13.197239,2.6892016,17.027887,1.370469,15.961425875115593,1.2403623493923193,17.149386299720057,1.7067127741548913,,
1987-09-15,773.9548420988001,2131.336630495358,74.61079987294073,12.748896,2.65927,16.994629,1.2783982,15.863587202967581,1.1753280360524545,17.04687127348814,1.6416778118117448,,
1987-09-16,426.6628520988001,1740.960740495358,74.89815976682111,11.837566,2.5444415,16.456543,1.2758799,15.547369561666006,1.1405841035434565,16.715539509868282,1.6069318565735946,,
1987-09-17,100.41434209879998,2163.146990495358,75.34924477206935,11.024368,2.4610496,14.5899,1.3715919,14.43172867951612,1.3152853174032069,15.546574807179201,1.781626847553779,,
1987-09-18,54.9368420988,3245.544730495357,76.62207934064045,10.466013,2.4318857,14.295221,1.3082148,14.231483776750846,1.2870761080838193,15.336758882564705,1.7534166719786493,,
1987-09-19,54.9368420988,3873.1285304953576,78.18593549294238,10.918917,2.139251,13.697291,1.3231316,13.658433790086795,1.3049696203498882,14.736319065411497,1.7713076724768122,,
1987-09-20,54.9368420988,2911.529530495358,79.20956299669498,10.886963,2.2737818,13.358672,1.1579151,13.312897849047435,1.1372511855607252,14.374267687545979,1.6035879046609656,,
1987-09-21,54.9368420988,2074.759330495358,79.96006489769589,10.732218,2.3820984,13.31021,1.1461949,13.243709303848311,1.1183175489593882,14.301772166395548,1.584654017549677,,
1987-09-22,67.8631579012,1618.389330495358,80.55340597012301,10.92256,2.352296,13.32715,1.0811441,13.23037770068508,1.0419430667394272,14.287803358172921,1.5082794876893033,,
1987-09-23,67.8631579012,1319.0168304953584,80.91036026268736,10.912098,2.3013988,13.574905,1.1557082,13.444608235737311,1.1049105117416835,14.512273380490198,1.571247722855682,,
1987-09-24,67.8631579012,1049.991980495358,81.17742751175692,10.731157,2.211457,13.437894,1.0236531,13.273572315823342,0.9708364180389567,14.333062528261387,1.437172994082225,,
1987-09-25,67.8631579012,894.046900495358,81.3297731113445,10.13773,2.0349977,12.942573,0.99873096,12.744689747711158,0.9393070052557615,13.778901181288056,1.405641829205458,,
1987-09-26,67.8631579012,748.8187604953581,81.40642200334513,10.202734,2.0924344,11.848886,0.8657263,11.71209661072282,0.8126074818795501,12.696953622094734,1.2789398071084996,,
1987-09-27,67.8631579012,667.282590495358,81.44371190622248,10.889202,2.2977724,12.566553,1.0089087,12.411712615336926,0.9400179461886521,13.430008880211721,1.4063518311607281,,
1987-09-28,67.8631579012,613.3133104953579,81.52060756790677,11.4711895,2.3458376,15.21591,1.3736368,14.842836947301404,1.2586737349063533,15.977332644861312,1.7250173925305594,,
1987-09-29,67.8631579012,590.3687104953578,81.57109617370523,11.517591,2.2606244,16.871824,1.4162021,16.319807319459905,1.2913987554049497,17.524897152038346,1.7577516509481403,,
1987-09-30,67.8631579012,651.6199304953578,81.68129510740962,10.851843,2.212625,17.425749,1.3360666,16.805684192066398,1.2279115533174074,18.03399727826843,1.6942680331884499,,
1987-10-01,54.9368420988,561.211960495358,82.10660621494083,10.39838,1.9360038,16.307266,1.1100546,15.780420230997647,1.0257095758962071,16.959729204550115,1.4920588085835058,,
1987-10-02,67.03873756190436,513.5285160105246,82.37760871697245,10.032454,2.0465105,16.037773,1.1617044,15.344332291749962,1.0543840078119673,16.502797752498438,1.5207305223731744,,
1987-10-03,54.9368420988,518.4666204953581,82.66981474613375,9.784449,1.9620208,14.962028,0.8970468,14.46597223359743,0.8325998764182408,15.582455086089865,1.2989415763984355,,
1987-10-04,54.9368420988,545.1352304953581,83.2175239727872,9.517151,1.9668149,12.450847,0.848901,12.18226563002168,0.7919260914706228,13.189595113323689,1.258259403213401,,
1987-10-05,54.9368420988,192.096160495358,83.80645974071548,9.42256,2.0830553,13.950725,1.224048,12.943721183190773,1.0585776411717516,13.98744563902867,1.5249130869332472,,
1987-10-06,108.34114849958506,45.0709970542201,84.3880771097761,9.611982,2.2228706,16.935368,1.2744575,11.763521738544142,1.6138478749562222,12.75083669523791,2.0801802957710405,,
1987-10-07,54.939384215034806,95.05923810846971,85.0527676299517,9.576834,2.1403158,17.344921,0.9548392,14.499735396590468,0.9903035619313438,15.617832012860372,1.4566454306717158,,
1987-10-08,54.94200241474304,152.10858640947828,85.60786927604616,9.851963,2.0266435,16.412054,0.924616,14.671298149840249,0.8663763739376632,15.79759487925756,1.332719120353171,,
1987-10-09,83.5640160771669,186.20654002856136,85.97719729558057,9.451862,2.0420496,13.907507,0.85992044,12.527328308750803,0.8674193117458572,13.551150608558304,1.3337535083764842,,
1987-10-10,114.13203402273146,199.7169653546449,86.27409630012163,9.801004,2.066738,13.347491,0.75254464,12.057801766693025,0.8911736842121304,13.059182302786356,1.3575067101966258,,
1987-10-11,86.40968920898564,166.91039114442268,86.72201541913725,9.6167965,1.9128753,11.878651,0.706953,11.107112476346304,0.801703610937464,12.063053314129826,1.268035038764538,,
1987-10-12,115.2532136407392,82.7027998680355,87.15438768145516,9.089224,1.9575002,9.711297,0.8794995,9.34911590670595,1.1974566559183528,10.221030517871307,1.663787851712816,,
1987-10-13,531.1359498355336,820.5815231682839,87.00191101255636,10.0741005,2.058169,8.057214,0.8867194,8.849717439106659,0.9714934937337404,9.69776251062903,1.4378252683270143,,
1987-10-14,424.6824133264868,656.1768625413727,86.84412397834271,9.700188,2.1760375,9.5039015,0.85514784,9.581024655391284,1.000263131909611,10.4640237120034,1.4665941559139166,,
1987-10-15,387.7894737036,459.6649115047282,86.80490169983271,9.483608,2.1912942,10.96086,1.3234763,10.284879588241939,1.2331978775311119,11.201520504636592,1.6995287568136397,,
1987-10-16,387.7894737036,353.41249689350684,86.72339603712139,9.6146755,2.263093,12.883561,1.6337658,11.173312805879796,1.417305927256288,12.132417793120513,1.8836374328836225,,
1987-10-17,387.7894737036,361.7215704953581,86.69388597751816,9.539553,2.223328,14.538764,1.4227569,11.95222236274444,1.3396729486900651,12.948556564234167,1.8060057461631276,,
1987-10-18,387.7894737036,336.1521004953581,86.60877629506258,9.579418,2.246198,14.444213,1.5258212,11.838317278147429,1.3963063835274485,12.82920720595847,1.8626389487666288,,
1987-10-19,387.7894737036,357.0725004953581,86.49272890581233,9.602192,2.228629,13.851876,1.4589975,11.639408837642959,1.3547700001356715,12.620791621932376,1.821102195416301,,
1987-10-20,387.7894737036,355.7934504953581,86.28318839162054,10.184198,2.166155,13.471122,1.3657384,11.756942700248503,1.305076478491099,12.743943201401056,1.771408886908474,,
1987-10-21,387.7894737036,338.81612049535795,86.14441935847786,9.764387,2.0599508,11.996809,1.376056,10.805365241882098,1.2729462844386648,11.746883593329551,1.739277421140018,,
1987-10-22,387.7894737036,351.7814804953581,86.163376437252,9.454102,2.0728047,9.931192,1.2532989,9.68103275756,1.2396176504137135,10.568811859595186,1.7059486193188915,,
1987-10-23,387.7894737036,387.282470495358,86.08807444238735,9.608362,1.9780973,9.417131,1.3473877,9.512809356472,1.1969825553257938,10.392547954978108,1.6633136234757493,,
1987-10-24,387.7894737036,381.18133049535805,85.97515254127353,9.6576,2.217292,10.137101,1.4941871,9.895290495486957,1.3412339089410608,10.793310384991614,1.8075647983091814,,
1987-10-25,387.7894737036,333.91357049535804,85.88027740509985,9.079693,1.9610584,10.943573,1.4628063,9.94206259688957,1.2523587825092937,10.842318032958842,1.7186896614967575,,
1987-10-26,387.7894737036,351.2129304953581,85.67561548662293,8.791809,1.9113843,8.739627,1.415047,8.767009348736208,1.2075840788695384,9.611101256262334,1.6739159768542715,,
1987-10-27,387.7894737036,400.141840495358,85.4277355791711,8.554611,1.6544508,5.885948,1.4253758,7.199361433386437,1.0894901599938507,7.9685251292951635,1.5558258762987731,,
1987-10-28,387.7894737036,2192.548030495359,87.29439828528119,8.554267,1.6399671,5.5361466,1.3715154,5.989728885922764,1.191172203215942,6.701076280984735,1.6575127870220254,,
1987-10-29,485.8398123247407,850.2253314856985,87.94628188220722,8.5881195,1.7010224,5.727732,1.9801427,6.767868620802371,1.4037242898086106,7.516408435253971,1.8700615504090332,,
1987-10-30,676.245053900382,1241.3410960652868,88.11004599995279,8.973932,1.7565683,4.4033446,1.0948056,6.015182139340176,0.9412827356871458,6.727746112907905,1.4076231998340372,,
1987-10-31,746.0710318504596,1178.7837481304402,87.91445257974728,9.569475,1.9639374,5.9260197,0.8467696,7.338217947984067,0.9210659247688469,8.114018510633311,1.387401189402125,,
1987-11-01,722.7815838494015,1288.88796475458,87.60083645866374,9.336094,1.9023644,7.4270773,0.8817824,8.112976251972,0.886773621804717,8.925807613173095,1.3531067710999052,,
1987-11-02,650.0007623585823,1242.3076201934678,87.20444851387816,9.31888,1.9080309,8.022711,0.75676435,8.467940039003174,0.8224230971975964,9.297737455841354,1.2887555066578176,,
1987-11-03,569.5971808818448,1156.201419327626,86.79097749371209,9.69673,2.0237062,8.74252,0.74460626,9.057455657328479,0.8336486533786591,9.91542990556428,1.2999801525549395,,
1987-11-04,490.4311150009251,1059.0584884377586,86.47328157422177,10.038759,2.4660292,9.243828,0.70284164,9.495432669411638,0.9165098875325225,10.374340721675495,1.3828409677784046,,
1987-11-05,387.7894737036,591.2637269471595,86.52408268079834,8.988024,1.9353282,10.888309,0.9673364,10.135631929727202,0.9637866745208826,11.04513931822245,1.4301175371531958,,
1987-11-06,387.7894737036,547.4401804953579,86.44865403426894,8.27038,1.5398666,7.341337,0.8988606,7.726561328460656,0.8273556889368531,8.520923377211245,1.2936898074515377,,
1987-11-07,387.7894737036,576.1601304953581,86.29326039904709,8.513603,1.5958807,5.473111,0.9663872,6.696277602179407,0.8636081253810648,7.441395610662484,1.3299456627994233,,
1987-11-08,387.7894737036,515.844730495358,86.11554670942544,8.75165,1.7408305,5.4281588,1.2841825,6.854416041147829,1.0466711206686024,7.607092526444386,1.5130080544466384,,
1987-11-09,387.7894737036,607.685250495358,85.93245630861355,8.772991,1.7013551,6.3641615,1.3132328,7.302526649887264,1.0401530914076034,8.076621290492081,1.506488470031631,,
1987-11-10,387.7894737036,724.8835304953581,85.74708079557746,7.9535966,1.4530264,5.4017143,0.985458,6.291097888260726,0.8176930380303112,7.016849691456053,1.2840322526110919,,
1987-11-11,387.7894737036,788.673350495358,85.61816029728216,7.459417,1.3031049,2.6677995,1.1349134,4.247227865267484,0.8736965175977014,4.875289667983891,1.340047054791535,,
1987-11-12,387.7894737036,735.8172204953579,85.4728339282246,7.4374685,1.2496301,1.098823,1.333317,3.2864745959324906,0.9738569459828497,3.8686156765454403,1.4402144562372023,,
1987-11-13,387.7894737036,730.393570495358,85.3541077988273,7.877905,1.2730002,0.9982683,1.2565248,3.3841483861635866,0.9319596170119174,3.970957940068434,1.3983163701557286,,
1987-11-14,387.7894737036,794.2792004953579,85.27450923405333,8.037682,1.3305333,2.232822,1.3788002,4.1371643143362355,1.0241465308798097,4.759965455551556,1.4904978133666207,,
1987-11-15,387.7894737036,831.1579904953581,85.15732094623655,7.9497848,1.3017976,3.9840112,1.178709,5.245661322690831,0.9041486802662104,5.921444831698039,1.370493089461653,,
1987-11-16,387.7894737036,761.3789604953578,85.01071724483042,7.892843,1.2995608,4.0972395,1.1829228,5.378074359529448,0.8980923948498191,6.0601867590662195,1.3644360769709247,,
1987-11-17,387.7894737036,721.3224304953579,84.86545434844642,8.179375,1.2586874,5.225541,1.4510125,6.258318389188784,1.0412542666335838,6.982503444379585,1.50759362510839,,
1987-11-18,734.3991737036001,1257.0470304953585,85.07170070207137,8.461052,1.2810209,6.029993,1.2287757,6.9265111914719215,0.9081720998617543,7.682633578509027,1.3745087679330532,,
1987-11-19,462.6763237036,1071.865530495358,85.14816213288401,7.8311973,1.2516526,7.251561,0.8030017,7.426325963672562,0.6760295977784418,8.206337788289531,1.1423645872504635,,
1987-11-20,429.9768237036,955.356180495358,85.17549266302295,7.2855678,1.1508343,4.4139028,0.82242626,5.305204267631227,0.6702696777839201,5.983833725869212,1.1366137575504311,,
1987-11-21,387.7894737036,856.4077804953579,85.15364783865678,6.412757,1.0576153,1.2626034,1.39454,2.8677952761677354,1.0149149229186862,3.4299249164795875,1.4812758021450179,,
1987-11-22,423.8208137036,836.9787104953581,85.08270884552243,6.236528,1.0146973,-0.6571449,1.3580298,1.6601799120275027,0.9638938847515569,2.164589665960063,1.4302656041759179,,
1987-11-23,414.9309937036,830.336860495358,85.00265877595685,6.837997,1.0545162,-0.8670021,0.90266335,1.7003514866201994,0.6969460230054804,2.206681304498632,1.1633173550142868,,
1987-11-24,387.7894737036,797.5302704953581,84.91931484082568,7.3510766,1.0713674,0.4069134,1.7622122,2.6787673927435836,1.2364096236895015,3.231862146387255,1.7027720896423655,,
1987-11-25,387.7894737036,774.9384704953582,84.81407668486733,7.1850095,1.0271165,2.6260934,1.8070723,4.14656916249544,1.252152728295544,4.769819823303905,1.718503946556301,,
1987-11-26,409.4625637036,611.6664204953581,84.83111762605621,6.8592715,1.0061866,3.4034333,1.7178177,4.789190061200836,1.105264144219221,5.44315580427777,1.5716112135937972,,
1987-11-27,387.7894737036,611.734500495358,84.77212575033349,6.4525857,0.9684514,2.4517806,1.4659331,4.003989568623792,0.9726891194942012,4.620425412229152,1.4390413222938412,,
1987-11-28,400.3170337036,568.430230495358,84.6672423879408,6.3356986,0.90837806,1.4461316,2.2341967,3.466655450062269,1.363637940401488,4.057408559585185,1.8299940624988214,,
1987-11-29,810.5534337035999,827.8482704953581,84.59115485677995,6.879001,0.84532094,1.4141383,4.52592,4.117726402340086,2.3247714516071585,4.739598477807169,2.791122867156769,,
1987-11-30,2294.0910237036,1937.613330495359,85.11015957948086,7.4847493,0.931777,5.1732984,29.820549,6.42638185701068,13.663577210140334,7.158599771467142,14.129915843859369,,
1987-12-01,1013.5886437036,2144.5182304953582,85.31266224039481,6.7809887,0.8105673,4.2826834,1.2676351,5.084509910508051,0.8992426756356533,5.752590932881467,1.3655879967593947,,
1987-12-02,744.0492737036,1978.8086704953585,85.43236066782681,6.437676,0.7662408,3.0387528,1.3006853,3.9675439245384747,0.9681719249513041,4.582237790939758,1.4345243831458594,,
1987-12-03,611.1305737036,1862.5855930656896,85.44608345206683,6.2424006,0.75555664,2.1991563,1.102669,3.198038160794725,0.8509791123587441,3.77595228211292,1.3173373175320966,,
1987-12-04,553.5856437036,1785.197723446064,85.42456198249737,6.099847,0.7369432,1.9224235,1.048591,2.911211768673009,0.8191784997088498,3.475416568914758,1.2855390202613954,,
1987-12-05,468.7346637036,1531.2809448448506,85.35922331525745,5.824637,0.7112737,1.1852772,1.1690707,2.2725830952968082,0.910471323573249,2.8062636279940847,1.376837337328693,,
1987-12-06,426.5519737036,1372.790198263622,85.2495568206304,5.6960697,0.7287908,0.47992456,1.1558586,1.7164636942023241,0.8986152436147673,2.2235636205263565,1.3649864207555735,,
1987-12-07,422.7819937036,1198.8542903480145,85.11310134308238,5.593973,0.74793136,-0.14451909,1.0113257,1.3515816184616132,0.7726696413812972,1.8412414288522179,1.2390443984702582,,
1987-12-08,423.2624637036,1014.365990495358,85.00006294401354,5.6766415,0.77608776,0.216735,1.6139332,1.8242250718254778,1.1614610874964204,2.3364756236360553,1.627831236483913,,
1987-12-09,445.1203437036,1029.6342104953585,84.86627960311772,5.7581296,0.79292476,1.8485817,1.3790356,3.02858773519488,0.9921047574695965,3.598402705406705,1.4584643191431885,,
1987-12-10,423.1910737035999,1139.2107304953583,84.78803935745033,5.731002,0.81495327,3.0413556,0.907731,3.769871334109538,0.6977023395169867,4.3751171263982656,1.1640562093760116,,
1987-12-11,409.0058437036,875.691640495358,84.75352044939414,5.5932426,0.8100282,3.0494046,1.0339483,3.85927980972338,0.7504733561760557,4.468799021518865,1.2168265819959947,,
1987-12-12,411.9105937036,812.363580495358,84.67443854692347,5.5050197,0.7821185,2.9981499,1.2053816,3.8415934782572574,0.8420034722516411,4.450267343866361,1.3083568247467903,,
1987-12-13,403.3879537036,786.608200495358,84.57523208347585,5.4138565,0.75822264,2.6392267,1.2304351,3.5797778238666296,0.8529841221083022,4.175937796167903,1.3193393916551286,,
1987-12-14,396.6897437036,732.4290504953581,84.44275151593872,5.3023095,0.75556237,1.8554876,1.3702497,3.0664486586454283,0.92763538202019,3.6380732515770973,1.3939946377573165,,
1987-12-15,122.71202209880003,808.148010495358,84.2890218291285,4.7726054,0.7349214,1.7456338,1.0494084,2.1446689159096746,0.916205274604803,2.6722355880849937,1.3825724446843464,,
1987-12-16,199.32872209880009,1026.6746404953578,84.42999670147212,4.784607,0.7551218,1.2351732,1.0050594,1.812254909527303,0.8505597324343743,2.3239333284979806,1.3169299949738265,,
1987-12-17,106.56734209879998,874.2783504953578,84.53357013363846,4.471491,0.7081013,0.28584218,0.6764199,0.7406063272799289,0.6078165670144496,1.2010636072666008,1.0741976594094342,,
1987-12-18,113.0663720988,769.8867904953581,84.64140745655861,4.2344456,0.6861926,-0.37376463,0.58660096,0.2163387053628354,0.5189768402098006,0.6517377851410822,0.9853637090871052,,
1987-12-19,479.3799737036,860.474280495358,84.57876406584472,4.5254803,0.7178844,-1.6298636,1.3114917,0.5724271017189703,0.880552131402007,1.024845989615751,1.3469350425913684,,
1987-12-20,523.8102837035999,789.853220495358,84.55742629693,4.4900584,0.7309972,-1.1994785,3.4676251,1.0691678726923262,2.1052199721077947,1.545329271418254,2.5715976045428226,,
1987-12-21,304.53897209879995,877.840930495358,84.77419714568772,4.5140824,0.7913271,0.31325352,0.8772863,1.3952375063975904,0.6824738659905406,1.8869839190013473,1.1488481867431546,,
1987-12-22,510.6540437036,974.4598604953582,84.80626048927286,4.74087,0.8045491,-0.13383245,1.8080916,1.5423261973596103,1.2182093598823878,2.041102946593815,1.68458222653856,,
1987-12-23,476.3379637036,920.439770495358,84.78869555419702,4.691007,0.77489907,0.5997703,2.40372,1.9949897277828548,1.6058805362138517,2.5154022464184203,2.0722490831261777,,
1987-12-24,466.7508437036,736.8673604953578,84.73970194004006,4.7989016,0.8033535,0.77061397,1.8676738,2.3327427435469805,1.1850891802159564,2.8692987017851452,1.6514546566067725,,
1987-12-25,666.8535037036,724.253560495358,84.85277970697302,4.915091,0.80063146,1.2156345,3.7700896,2.9890390008442447,1.9999964487751056,3.5569636767446946,2.4663563317740667,,
1987-12-26,449.3609237036,1128.624330495358,85.00738546928535,4.8059735,0.763765,1.6072831,1.5077587,2.518170257991597,1.1001104082666844,3.0635890175679656,1.5664742543987793,,
1987-12-27,450.3990037036,950.781330495358,85.03813883643623,4.7094636,0.7354154,0.21247303,1.42206,1.6579972255157136,0.9934834543660105,2.162302654494151,1.4598551948931036,,
1987-12-28,415.7834637036,916.741780495358,85.04054656718515,4.4411182,0.6872462,-0.7420651,1.1914371,0.8752265477644823,0.8472628913989355,1.342118214114113,1.313642551231765,,
1987-12-29,430.2345737035999,880.057910495358,85.01074756727547,4.0205455,0.6189822,-1.7908257,1.0872513,0.11733817325317486,0.7580079777088878,0.548005366012969,1.2243959726687028,,
1987-12-30,535.4309537035999,792.458460495358,84.90062582281051,3.524109,0.5646997,-2.5480952,1.548163,-0.09966390019632547,0.9515579118455035,0.3206313352370617,1.4179484142992855,,
1987-12-31,517.0806637036,822.2949004953581,84.81084498509115,3.5218263,0.5946008,-2.1046133,0.7854311,0.06753555808006162,0.5340576560038766,0.4958223560763043,1.0004462216806185,,
1988-01-01,387.7894737036,766.5742604953581,84.87355425502687,3.7288065,0.6277781,-2.6557503,1.0691475,-0.5109636390029879,0.740644315285416,-0.11032712512673731,1.2070397181045203,,
1988-01-02,387.7894737036,673.5291704953581,84.85624509328451,3.1472576,0.5499705,-1.7920979,0.669817,0.012666436925583533,0.47018183100580613,0.4383306784913498,0.9365710287427758,,
1988-01-03,391.8568037035999,673.347950495358,84.58838518923713,2.9930067,0.5047876,-1.5112883,0.779034,0.14570642054832805,0.5262992448870445,0.5777295185568283,0.9926869160264706,,
1988-01-04,407.4465437036,479.7518204953582,84.44178262899649,3.03197,0.48283103,-1.936946,1.2293345,0.3450325576205451,0.7007688061816874,0.786582763618784,1.1671542279815028,,
1988-01-05,100.84891290331134,470.24858990948223,84.22310952903634,2.7798753,0.52864355,0.41066206,1.0173907,0.8290364601653355,0.8429170901455448,1.2937203982206427,1.309297239175367,,
1988-01-06,144.14940795784594,443.9642943382222,84.06911552841436,2.5907557,0.55873954,0.8038695,1.2569473,1.2418436207969235,0.958695696068278,1.7262583300197352,1.4250715596017984,,
1988-01-07,116.78548988455752,411.5487289617871,83.92554233480078,2.5219154,0.5593368,0.9106668,1.310827,1.2668248230266226,1.028533849411293,1.752433548322046,1.494909459858763,,
1988-01-08,123.88140916092554,414.4031565276114,83.8889328210108,2.5173693,0.59336644,0.91983366,1.528556,1.2874922838186884,1.1846693383100686,1.774088843091792,1.6510447399136488,,
1988-01-09,151.29244580951678,446.7330058497899,83.8139729002495,2.754776,0.52028704,0.55154,1.2818737,1.108929271660733,0.9665808853741994,1.586991129339808,1.432958107469429,,
1988-01-10,166.8409570682833,459.09875852985806,83.59297504235406,2.6382682,0.52281886,1.0434148,1.2731539,1.4685146629925714,0.9441423456591406,1.9637634731961395,1.4105159389125939,,
1988-01-11,185.8220388932897,447.6923322901711,83.34575298684443,2.6260033,0.5166972,1.0256325,1.2543026,1.4950522518251619,0.8992548443034477,1.9915694680607186,1.365628175604861,,
1988-01-12,165.58071924804565,405.8519895079203,83.07861831412211,2.8404465,0.48859438,0.9841634,1.1548326,1.5220477089182909,0.8323327807275737,2.0198552157235454,1.2987058463835779,,
1988-01-13,129.76001156756388,372.7671379007793,82.86194385461631,2.771109,0.49041495,1.0158949,1.3727521,1.46911740128255,1.0261306962969363,1.9643950203160214,1.492504283591834,,
1988-01-14,165.16211651342184,390.8928750732777,82.74007768539865,2.3683186,0.57875884,1.0714688,1.0504768,1.4566653467411719,0.7582041023043147,1.9513478001327844,1.2245778127822031,,
1988-01-15,189.9734217595969,430.3601982447893,82.5658121678627,2.341834,0.5794369,1.0650091,1.0099742,1.4560290411480523,0.7227964275409309,1.9506810813074156,1.1891701443182872,,
1988-01-16,192.31982974590252,434.70057213906847,82.37669592198921,2.654172,0.5216129,0.774186,0.99398077,1.3508156951422154,0.7074352981512948,1.8404388970163308,1.173810062915037,,
1988-01-17,231.32236726443503,457.4916137492559,82.21740525527406,2.9218593,0.488153,0.57328737,0.8392494,1.3620013396275557,0.5810137192084522,1.8521591770718575,1.0473883719553188,,
1988-01-18,167.62258583747888,453.5535828395337,82.14793347419157,3.2153988,0.48404592,0.42653716,0.84873307,1.1791033715034687,0.6333208846517664,1.6605193112768664,1.099697386957072,,
1988-01-19,54.9368420988,460.9040904953581,82.29789915965718,3.1418009,0.49300957,0.98721015,0.8447596,1.2166731595356741,0.7566170414704497,1.6998848067511154,1.2229931607291258,,
1988-01-20,54.9368420988,760.6882404953581,82.4568844741803,3.2274852,0.50188,1.2562692,0.8635934,1.3890414699084856,0.8061347254242333,1.8804917331481545,1.2725091079729285,,
1988-01-21,91.33094209879998,948.960160495358,82.67725462891673,3.1743765,0.477494,1.5409192,0.8666159,1.6843263463853995,0.7916432604196263,2.1898902173398103,1.258014746754005,,
1988-01-22,82.6784420988,789.504900495358,82.84151996821514,2.967104,0.47102386,1.2600039,0.8174094,1.421828123944977,0.7412692298795555,1.9148454771720202,1.20764328592947,,
1988-01-23,104.1004520988,659.9748904953581,82.93724766151769,3.0233965,0.451108,0.8852152,0.8684331,1.1765289511832582,0.7526282521814833,1.6578218424655653,1.219004780793642,,
1988-01-24,86.3725420988,628.160040495358,82.74163227619331,3.1025927,0.45004997,0.559821,0.8715483,0.8671906954985862,0.7681246298183776,1.333698275579094,1.2345043745832442,,
1988-01-25,63.08396209879997,651.5822504953578,82.56714708824767,3.1423514,0.5088911,0.6009724,0.9040338,0.8253012714706842,0.8254573887310025,1.289806680274491,1.2918375774266406,,
1988-01-26,56.11492209880002,685.5508604953579,82.41232737465117,2.8673148,0.52454305,0.3534783,0.53965974,0.5436768397092794,0.5004050247410697,0.9947215633598512,0.966788250090419,,
1988-01-27,55.67410209879999,672.530230495358,82.24815626038996,2.6670094,0.5279094,-0.09227431,0.41121483,0.11868384383174627,0.3819144775416828,0.5494153550452514,0.8483024571200296,,
1988-01-28,55.01696209879999,636.380930495358,82.15053597100123,2.62668,0.52960974,-0.11623335,0.4007158,0.1020299055262165,0.3712292801037602,0.5319654154173574,0.8376174501879812,,
1988-01-29,54.9368420988,664.466530495358,82.05337464763906,2.6110318,0.5300299,-0.03543639,0.3832691,0.16665969098399475,0.3563073713933502,0.5996842836941481,0.8226948039443254,,
1988-01-30,54.9368420988,615.443230495358,81.97980650817647,3.0594258,0.49700966,-0.25364196,0.5096183,0.017859965071085965,0.46962517914454094,0.44377243952901946,0.9360143169076123,,
1988-01-31,54.9368420988,587.806440495358,81.93388354227368,3.396418,0.5515218,-0.543728,0.8821488,-0.20695406045628892,0.8081254438157263,0.20821307206973746,1.2745172059150023,,
1988-02-01,54.9368420988,157.55080049535815,82.590400095934,3.5076532,0.6075872,-0.06372881,0.91667265,0.859621128203506,0.6975916225241703,1.3257669088425803,1.1639714473603775,,
1988-02-02,54.9368420988,45.068930495358046,85.5485378120765,3.2175586,0.6054526,0.18303812,3.0238848,1.8500116271945901,1.4027540905615485,2.3634946882048813,1.8691239954879737,,
1988-02-03,387.7894737036,1999.0938,87.2290206763723,3.1207883,0.50461996,0.28165305,0.5229739,0.7429184933513381,0.44561457844308044,1.203486286972479,0.9119956460582357,,
1988-02-04,942.3628378130896,2394.8913141655507,87.41597256377258,3.0089512,0.52911025,-0.56120193,0.40173846,0.4469261506211184,0.32471212218318835,0.8933465220589616,0.7910964116887939,,
1988-02-05,972.6483420172594,2430.850613240075,87.17539950626329,2.8690686,0.48623607,-1.0106488,0.42912632,0.09809272007780816,0.3365197521652972,0.5278400459631103,0.8029079673336776,,
1988-02-06,885.9735640722296,2309.6857275192638,86.86644535810257,2.7796507,0.47365722,-0.80680764,0.38186526,0.18751214940950817,0.30564382925764855,0.6215334183518378,0.7720310248664526,,
1988-02-07,777.3759169130974,2009.6238407185608,86.47708079257572,2.682279,0.48197117,-0.7514459,0.33480802,0.20632065232463306,0.2763272459536686,0.6412409034126548,0.7427142282717993,,
1988-02-08,387.7894737036,1053.714430495358,86.68941042122694,2.8302019,0.45863488,-0.99684227,0.45012227,0.032698774923928704,0.3514037469101777,0.4593204937688941,0.817792713487363,,
1988-02-09,387.7894737036,831.3187304953581,86.83833133021733,2.9464116,0.45397457,-1.1449977,0.58035815,0.1564499025760327,0.4212736588028622,0.5889865023007012,0.8876612075468533,,
1988-02-10,387.7894737036,747.615100495358,86.9307826224146,2.9785156,0.43520185,-1.2849239,0.7544166,0.17122397789521843,0.518512614094318,0.604466727917494,0.9848999947397442,,
1988-02-11,54.9368420988,719.5569304953581,87.07335571712387,2.9387827,0.45846215,-0.21247387,0.5334984,0.011052891311083198,0.49672165773407334,0.43664001091210614,0.963110874110247,,
1988-02-12,54.9368420988,797.3128504953581,87.1975505296545,2.9595103,0.53284645,-0.12078762,0.6527243,0.07777137384212235,0.6116143232560646,0.5065474088424058,1.0780027714031541,,
1988-02-13,54.9368420988,787.617400495358,87.30435301057615,2.7882557,0.5073064,-0.41207612,0.41433534,-0.20340572471313992,0.3887294262778746,0.21193100613203003,0.8551211465073005,,
1988-02-14,54.9368420988,747.4094804953581,87.39939460675556,2.703989,0.49455935,-0.29060495,0.29751372,-0.08556439246631145,0.27920397122923424,0.33540475123981434,0.7455943091254713,,
1988-02-15,54.9368420988,638.1743304953582,87.38990279158209,2.9959598,0.462015,-0.13844573,0.3788132,0.10999109087593728,0.3507051354777981,0.5403071182128442,0.8170932144537524,,
1988-02-16,54.9368420988,608.1620304953578,87.45267462495634,3.0318327,0.46691823,-0.23836708,0.48316476,0.032564534692035255,0.44482044547936606,0.45917983731279344,0.9112094136040668,,
1988-02-17,54.9368420988,580.558830495358,87.4384763321858,3.0173407,0.47998378,-0.22726011,0.54581505,0.053226644298378305,0.5003542809070242,0.48082952512843136,0.9667430110823101,,
1988-02-18,54.9368420988,619.5491504953582,87.42954500142156,3.114485,0.4945909,-0.11655617,0.6885331,0.14661193638183342,0.6337338257331624,0.5786783149518242,1.10012148655138,,
1988-02-19,54.9368420988,613.7266104953579,87.36824470050692,3.0497437,0.5029374,-0.1679331,0.6068714,0.09642858305756734,0.5585419240864494,0.5260963688818698,1.0249301583159587,,
1988-02-20,54.9368420988,1135.3613604953582,87.42844565440718,3.2232122,0.5116464,0.26415646,0.6450187,0.4007282709756919,0.61570162236068,0.8449405416860352,1.08208642377,,
1988-02-21,54.9368420988,1127.647130495358,87.56476450160262,2.820466,0.49898478,0.24423671,0.45350432,0.36391523150083993,0.4330576465480784,0.8063679647633653,0.8994428576177664,,
1988-02-22,106.37987209879996,828.452330495358,87.52949704838973,2.8556767,0.4771226,-0.17627311,0.4057764,0.16874969616520563,0.3636765455042631,0.6018741839786955,0.8300639542845241,,
1988-02-23,54.9368420988,839.111340495358,87.5536417136749,3.1799018,0.4503954,-0.012409925,0.5761803,0.18374899607196582,0.5414832820969648,0.617590399148457,1.007870520428937,,
1988-02-24,54.9368420988,791.404930495358,87.49403726106058,2.969174,0.44804654,0.274904,0.5905382,0.44979161083072966,0.5529711389129793,0.8963489414715065,1.0193553967477238,,
1988-02-25,54.9368420988,748.3504104953579,87.40920282026308,2.9337187,0.4394748,0.027644515,0.5151248,0.2263910245653929,0.4808356666467029,0.6622705708393877,0.9472224218105031,,
1988-02-26,54.9368420988,731.865590495358,87.30550747326177,2.9007106,0.46782103,-0.23733342,0.43858397,-0.018226026611244568,0.4092663673052813,0.4059616607980651,0.875655922419976,,
1988-02-27,54.9368420988,709.6065304953581,87.19938544718873,2.980136,0.4621821,-0.07930112,0.43616018,0.14053704260756317,0.4061795311948829,0.5723130620211294,0.8725672612736255,,
1988-02-28,57.87303209879998,696.2470904953578,87.0828755145426,2.9892368,0.47681218,-0.21691477,0.49431777,0.029133182995270627,0.45784718404281954,0.45558447873441243,0.924236191730986,,
1988-02-29,67.37654209879999,669.847810495358,86.95904387584032,3.0654235,0.46013045,-0.02973783,0.60563934,0.25313571594840145,0.5518930818125809,0.6902935670483501,1.0182795349985985,,
1988-03-01,74.5950720988,662.4889304953581,86.95721185196513,2.915236,0.47658277,-0.027829528,0.58182335,0.2700173718053146,0.5251606358226093,0.7079821083481701,0.9915468988166964,,
1988-03-02,93.75683209880002,613.2998104953581,86.9258914155943,2.9954467,0.47853288,-0.11888516,0.5663548,0.29408018157161303,0.4953364276366488,0.7331950381666972,0.9617224200978132,,
1988-03-03,54.9368420988,678.0909704953582,86.92176567437198,3.1388855,0.52704364,-0.23533487,0.75685036,0.01754640709698358,0.7012414627772834,0.4434438945555993,1.1676306041603892,,
1988-03-04,86.2898920988,874.8800604953581,86.96731638393048,3.0148761,0.532321,0.07440913,0.59827286,0.33839218191364784,0.5466553165962461,0.7796250006520858,1.0130408125993653,,
1988-03-05,161.53506209880004,882.9932704953578,87.16318385509804,2.9614592,0.530963,-0.26057112,0.54869324,0.23771202195334754,0.4710505903076989,0.6741326732035929,0.9374372175448251,,
1988-03-06,155.4804220988,741.667280495358,87.3386294662865,3.1935947,0.59545964,-0.099945545,0.7226119,0.4708423252180437,0.6062274320305822,0.9184058080482669,1.0726114574874657,,
1988-03-07,93.7588620988,832.6776804953581,87.56270983191592,3.3129313,0.68188184,0.64850044,0.8656772,0.9181508651512615,0.7811217013016719,1.3870941671425419,1.2475009087120146,,
1988-03-08,61.31424209880002,968.661730495358,87.71192599837214,3.3705435,0.7520246,1.1665949,0.8650098,1.2977954371945912,0.814746787578601,1.784884451979495,1.281122085251651,,
1988-03-09,54.9368420988,1119.985430495358,88.03165393710518,3.3791661,0.7630383,1.0678874,0.9038516,1.1759578535654478,0.862327852429075,1.6572234483338233,1.3287043868780524,,
1988-03-10,54.9368420988,1895.846130495358,89.37417026064549,3.320483,0.714329,1.8563361,0.7908358,1.8975685888673115,0.768827966967096,2.413324710080218,1.2351974237771337,,
1988-03-11,168.33114209880006,2060.702890495358,89.86128904228565,3.3009562,0.6719285,1.7913057,0.78075093,1.9053107431958545,0.7235719505832726,2.4214369129204347,1.1899413346858685,,
1988-03-12,213.89319209880009,1963.648380495358,90.30696515427091,3.8033788,0.756325,2.3920453,0.86568147,2.530676201941143,0.7841753188224377,3.0766927028888693,1.2505390564189403,,
1988-03-13,54.9368420988,2446.4371304953584,91.01376472316215,3.5711124,0.75655186,3.3826716,0.8845748,3.3868102570397793,0.8653067110111148,3.9737470392733583,1.3316634436743626,,
1988-03-14,54.9368420988,2569.044430495359,91.66192347209561,3.4447956,0.6656814,2.5988822,0.8323368,2.6165926187281454,0.8150297951151977,3.166715630707712,1.2813927919020673,,
1988-03-15,54.9368420988,2079.644670495358,92.16954647993035,3.0976195,0.52674687,1.8385959,0.5520502,1.8709988388638874,0.5380131019832062,2.385485016850777,1.004382808833992,,
1988-03-16,54.9368420988,1770.5282004953583,92.66665467182281,3.0576186,0.49550194,1.652736,0.5171141,1.6950154858739321,0.5017733384407901,2.2010902611568994,0.9681447218038293,,
1988-03-17,54.9368420988,1526.5530804953578,92.94404764305543,2.9808745,0.5865536,2.0546536,0.6655928,2.0868281467622767,0.6427948366732689,2.6116302278911285,1.1091625357673582,,
1988-03-18,54.9368420988,1269.136830495358,93.14946052466436,2.932551,0.5942618,2.1945002,0.6939684,2.2251225029922463,0.6656319378757924,2.756534581613283,1.1319983784843521,,
1988-03-19,54.9368420988,1126.717370495358,93.28116914526214,2.9297495,0.58528095,2.2693074,0.6966789,2.3000123000826744,0.6648463161788298,2.835003855006669,1.1312120844148035,,
1988-03-20,54.9368420988,1003.388090495358,93.31392910303727,2.7800386,0.5181248,1.6369153,0.5218046,1.696253985351451,0.4954486399750049,2.202387956675845,0.9618200114156934,,
1988-03-21,54.9368420988,904.729310495358,93.27815830654119,2.618237,0.50054324,0.86856925,0.4353963,0.9687303592347192,0.4114706259213268,1.4400911881458378,0.8778493029274277,,
1988-03-22,54.9368420988,796.7868004953582,93.21793981682299,2.7637115,0.5584704,0.94482636,0.4540039,1.0621458774159678,0.42624510841978946,1.5379716487711759,0.8926228135100072,,
1988-03-23,54.9368420988,721.1417104953581,93.17054325405955,3.0034688,0.6860178,1.7018032,0.68998605,1.793945161643146,0.6429799523779085,2.304748437253703,1.1093503889252032,,
1988-03-24,54.9368420988,652.7366704953579,93.31399621861273,3.5206015,0.74599487,2.6569142,0.8369759,2.723962457255922,0.7741703467371519,3.279217380491684,1.2405324295994664,,
1988-03-25,54.9368420988,446.155730495358,93.94243378877239,4.229659,0.7488439,4.23189,0.7742291,4.231645594579281,0.6942188273502532,4.85896261802212,1.1605694692172523,,
1988-03-26,54.9368420988,45.068930495358046,97.08720565134725,4.459122,0.83907026,6.4262614,0.9438374,5.345639624545703,0.6272028876608057,6.026201754622846,1.0935467460253079,,
1988-03-27,666.4473361058574,1176.5984,99.56694897459951,3.612321,0.65844315,6.662751,0.85658884,5.559712295332162,0.5964298066941234,6.250506367302081,1.0627725240690202,,
1988-03-28,2274.8564258545643,2216.301247983095,99.56694897459951,2.8871264,0.50951564,4.6770463,0.817873,3.7704179916380505,0.47906345433741504,4.375689912287986,0.9454173202309069,,
1988-03-29,1711.3668720061612,2356.731085007568,99.56694897459951,2.954122,0.48202,5.429479,0.8350873,4.388146266804594,0.5245608109807236,5.022943487409018,0.9909104141726438,,
1988-03-30,1079.0760591976464,2292.641862707261,99.56694897459951,3.704914,0.4664296,6.844693,0.8612178,5.839846240408091,0.6043223509388089,6.544029757362654,1.0706636543916992,,
1988-03-31,1120.073555817747,1118.1135248520422,99.56694897459951,3.9680269,0.4517858,7.9033694,0.83353525,5.933975017421994,0.47382294316811213,6.642657568154693,0.9401637916698141,,
1988-04-01,1086.6777677601606,1492.7308399168269,99.56694897459951,3.7855558,0.5664457,7.2375574,0.8432685,5.783265388198213,0.5432311250909303,6.484744533829111,1.0095727068915306,,
1988-04-02,1100.034392509512,1448.007802932878,99.56694897459951,4.023281,0.51928836,7.2516375,0.8333745,5.857899539092931,0.5239740815393346,6.562945942012514,0.9903152969501017,,
1988-04-03,1076.7240548833308,1353.6994651362718,99.56694897459951,4.345525,0.58280426,8.808706,0.90160567,6.831431607731962,0.5646642560730353,7.583009515679596,1.0310012758099507,,
1988-04-04,1048.9093326517796,1234.0414526977097,99.56694897459951,5.035638,0.7205101,10.719689,0.9931897,8.108132993030726,0.6307237336293319,8.92073286301028,1.0970568940156895,,
1988-04-05,969.4736841976,1092.259741789373,99.52870583803548,5.1534963,0.6517734,11.71186,1.0247941,8.627968893482617,0.6234447636353659,9.465415142533642,1.089776886685697,,
1988-04-06,316.8011728911262,1189.007173110089,99.56694897459951,5.0236483,0.68305427,10.8166485,1.052197,9.597881653138312,0.843165797936824,10.481686416619972,1.3094968118522194,,
1988-04-07,969.4736841976,845.7482804953582,99.36621938482044,5.140725,0.568581,11.757451,0.9983716,8.223590305779794,0.5555079970734224,9.041708640637674,1.0218409003636104,,
1988-04-08,203.9546264255125,620.7807722041448,99.56694897459951,4.8510466,0.61226463,8.498652,1.0468805,7.5966103012743025,0.8024049068160961,8.384761135140748,1.2687393896528618,,
1988-04-09,969.4736841976,835.4530604953579,99.2501941722462,4.985931,0.55775744,11.298827,1.0340512,7.908004355348701,0.5646622054875455,8.711038760552578,1.030995847631845,,
1988-04-10,54.9368420988,420.6019104953581,99.46469473558189,5.3374925,0.65852684,7.6700063,0.9374112,7.400541500475715,0.8325992404651138,8.179320915891653,1.2989343095430022,,
1988-04-11,72.04412669066306,404.281880495358,99.56694897459951,5.1514554,0.6961917,8.446655,0.9443712,7.9482575512883,0.8084224602051835,8.753215921659423,1.2747560017699908,,
1988-04-12,969.4736841976,409.248210495358,99.04258900353506,5.3590555,0.6222268,13.939889,4.7171807,7.906117940738007,1.4669750873818541,8.709062181771879,1.9333087342851434,,
1988-04-13,54.9368420988,418.20693049535794,99.4310599994047,5.2382164,0.66143054,7.2263613,0.9964448,6.995517274712441,0.8840893512698718,7.754937916642948,1.3504257705873837,,
1988-04-14,54.9368420988,409.252560495358,99.55185769693263,5.6990733,0.74522126,9.314972,0.98266035,8.887030118550753,0.8708401568579452,9.736858608603537,1.3371718783458424,,
1988-04-15,150.11658649208567,539.3796875944975,99.56694897459951,5.3284693,0.7341423,10.177879,1.012941,9.122069590025307,0.8083640219011033,9.983132163372336,1.2746954454768786,,
1988-04-16,216.57934776619337,648.0166256157254,99.56694897459951,4.8233933,0.6607339,8.959095,0.95832896,7.923111033145528,0.7370927408202548,8.7268674859085,1.2034263450006912,,
1988-04-17,201.06061208858472,603.1073589281699,99.56694897459951,6.034802,0.74133945,8.681654,0.9609241,8.01987968833707,0.7441248644860571,8.828261352031097,1.2104582316730395,,
1988-04-18,196.30389094384017,567.0724673033578,99.56694897459951,5.4547105,0.7047603,9.492842,0.97224337,8.454427489636057,0.7446201046042393,9.283579052804829,1.2109525395894587,,
1988-04-19,184.80292787145504,557.9505664909402,99.56694897459951,5.1462317,0.6871605,8.426346,0.934057,7.610227546805068,0.722185949065875,8.399029238459658,1.1885203928202983,,
1988-04-20,172.32146955421365,444.4477529922581,99.56694897459951,5.68467,0.73605204,8.389114,0.9218792,7.633509499240546,0.6954146416250258,8.423423988636179,1.1617490190500868,,
1988-04-21,174.2497516550231,384.2748783043831,99.56694897459951,5.565752,0.7242698,9.19805,0.9345129,8.064837317703143,0.6815108948891482,8.8753678024009,1.1478441556154722,,
1988-04-22,135.74395255904017,318.7411824156911,99.48438950997142,5.975308,0.767378,9.559622,0.95825267,8.489072095613917,0.7100538104883469,9.319879552521769,1.1763861804491207,,
1988-04-23,140.8341470202671,287.49479401606584,99.48399422619674,5.3681364,0.7203465,9.746633,0.9950729,8.306987214067407,0.7086464507499999,9.129091636063364,1.1749791778189589,,
1988-04-24,229.11237386843743,227.40232808234023,99.56694897459951,5.7711453,0.6757062,10.497172,1.9883022,8.125307302830514,1.0468750701042837,8.938728046111056,1.5132081912822062,,
1988-04-25,253.0931803451853,318.4150740828518,99.56694897459951,6.095526,0.7065202,12.049195,1.1489295,9.412605129667103,0.7124994382005577,10.287554308662951,1.1788305808492472,,
1988-04-26,182.21866534868929,253.92983146039435,99.56239760293435,6.453711,0.8094148,13.756437,1.1640621,10.705428198458062,0.7574110438370938,11.64216990084754,1.2237421070765828,,
1988-04-27,235.9834483836921,327.4481994915501,99.56694897459951,6.3744063,0.8194352,15.133442,1.1462523,11.46487373189905,0.7493768851794163,12.437914334752321,1.2157087931094004,,
1988-04-28,863.4669692752186,913.556215705766,99.56694897459951,6.3614,0.75496626,16.230576,1.1203569,11.43507988461712,0.6828713277165516,12.406696443415488,1.149203190076113,,
1988-04-29,849.1628438241378,968.1948910690544,99.56694897459951,6.288941,0.68629205,13.709992,1.1739866,10.242496121805122,0.7028546767201391,11.157111253384727,1.1691855486840812,,
1988-04-30,860.836972006161,1033.6142675532633,99.56694897459951,6.4061193,0.7223049,13.66186,1.4291984,10.364858102234818,0.8460313856096875,11.285321718205457,1.3123622842992426,,
1988-05-01,413.5281319300166,602.5461534951746,99.56694897459951,6.557483,0.85300004,12.704197,1.1550289,10.20256975143185,0.7679020398569205,11.115276538989084,1.2342329068059765,,
1988-05-02,364.7822063598476,522.0622483565623,99.56694897459951,6.84699,0.9668668,12.745052,1.1324286,10.319025832370107,0.7762477271123256,11.23729882251099,1.2425786137855355,,
1988-05-03,320.5625948067892,453.9859084638143,99.56694897459951,7.0795474,1.0648577,12.988103,1.1747407,10.542727475344623,0.8175142804238229,11.471692639333877,1.2838452485026175,,
1988-05-04,272.53960680825446,380.8135719497199,99.56694897459951,8.294064,1.434387,15.263944,1.5188081,12.356529359643092,1.0684957679267768,13.372188053530245,1.5348295095346267,,
1988-05-05,152.78792354014456,241.40703049535807,99.56694897459951,7.762489,1.2426552,16.393032,1.5764753,13.047878195326831,1.078916622302431,14.096581000301898,1.545252411529401,,
1988-05-06,414.3356275677274,527.2722504953581,99.56694897459951,8.790535,1.4895813,17.5756,1.4650654,13.709908463522472,1.050082159978357,14.79025405228003,1.5164204223735955,,
1988-05-07,430.52510500492144,733.5975826516517,99.56694897459951,9.615982,1.9770532,18.840376,1.291305,15.428937251521353,1.0939783484329137,16.591446540139312,1.5603253733303215,,
1988-05-08,238.79142390074065,666.9519704953582,99.56694897459951,9.437971,1.9868727,18.70995,1.2445781,16.265472467101674,1.055594928772797,17.467965279471795,1.5219474402699935,,
1988-05-09,236.85295964838585,618.3935483675787,99.56694897459951,9.287535,1.9227555,18.512518,1.1656332,15.957740380406598,0.9969421396096932,17.14552465096221,1.4632925397264742,,
1988-05-10,263.42377566526244,622.9278426367952,99.56694897459951,9.399574,1.9368937,18.9936,1.1360247,16.142255341425166,0.9842797376436667,17.33885879638462,1.4506313907355124,,
1988-05-11,270.7134911101594,617.5352681161405,99.56694897459951,9.100731,1.8333898,18.480087,1.0757484,15.621520595231564,0.9335734873091391,16.793234709365645,1.3999217043924936,,
1988-05-12,187.32464098447304,572.3122304953581,99.56694897459951,8.793531,1.7542573,16.761452,1.0524427,14.796581575658227,0.9032440309664836,15.92886642456967,1.3695874395697567,,
1988-05-13,158.7722662964,545.230530495358,99.54471060643311,9.445824,1.8819945,16.802807,1.0494889,15.143601949550751,0.9169486759529042,16.292473186104452,1.3832940124628443,,
1988-05-14,163.21457629640005,561.921230495358,99.53561414473634,9.1782,1.7611072,18.993816,1.111153,16.78450373291021,0.9479132258377291,18.011804465566353,1.414269543831975,,
1988-05-15,138.41711629640002,544.1931004953581,99.45978692768674,9.049471,1.7174813,19.072763,1.1000609,17.0402781164317,0.9436142290786828,18.27980399029918,1.4099725362000692,,
1988-05-16,134.8385562964,517.557480495358,99.3549450487442,8.887138,1.6181415,19.6739,1.0766308,17.444470372917763,0.9172543153683225,18.703315254983167,1.3836159183712526,,
1988-05-17,103.4105262964,460.9786704953579,99.35266080653213,8.754406,1.5488867,19.864939,1.0647765,17.8292051557654,0.9148154033265337,19.10643904530086,1.381180317100075,,
1988-05-18,242.5074762964,564.385070495358,99.32149287340425,8.297905,1.3164948,20.48681,1.0495446,16.823496683175403,0.8339471574660994,18.05266114556349,1.3003037738705723,,
1988-05-19,935.7305462964,364.98793049535806,99.48997220279946,9.001965,1.9048252,29.178883,2.956355,14.663705896569512,1.601862903901656,15.7896397422333,2.068205610765067,,
1988-05-20,3422.100895736258,285.9831817376712,99.56694897459951,10.863867,2.544996,29.65993,211.22853,12.31349891707574,16.459281749912574,13.327100902900384,16.925615382145654,,
1988-05-21,2117.689186143524,815.9049164575736,99.56694897459951,13.493423,3.3548691,23.308111,9.149607,16.223130330492193,3.5129417580203173,17.42359933347173,3.9792939725783456,,
1988-05-22,2013.670699052478,2785.790884088084,99.56694897459951,14.760555,3.6919136,18.261717,2.5730095,16.79276322051367,2.1517014212156544,18.020458728443614,2.6180578022740155,,
1988-05-23,1348.406879015609,2572.3504629473346,99.56694897459951,15.321636,3.800211,17.774824,1.1067569,16.931136250377627,1.4951174559669351,18.16544551613053,1.9614749051541176,,
1988-05-24,1194.0839659566034,3923.355873649268,99.56694897459951,15.209127,3.736073,16.377563,1.1141447,16.104925048603235,1.2204840257675913,17.299744243173024,1.6868354222209718,,
1988-05-25,1446.670016073646,5788.917155820228,99.56694897459951,12.965813,2.9500525,14.219109,1.3778198,13.968526900407193,1.2502211233792442,15.06123356640494,1.7165604880628935,,
1988-05-26,1712.909014582913,4810.683686468915,99.56694897459951,13.818222,3.2938094,14.338002,1.2191008,14.2015227892192,1.247470978999155,15.30536586224556,1.713811402265316,,
1988-05-27,1130.2461230236804,3217.075708908404,99.56694897459951,14.275364,3.459147,14.42223,1.2614764,14.384046591542804,1.2962400618464884,15.496613678393825,1.7625813577534013,,
1988-05-28,833.2105307909513,2417.4437185066718,99.56694897459951,14.616041,3.6088138,14.035541,1.2243147,14.184335001264433,1.2979432620736164,15.287356556780068,1.7642836051284299,,
1988-05-29,614.3208168395672,1965.0740939570424,99.56694897459951,14.28491,3.4974117,14.948085,1.2157924,14.790140044179722,1.245684965885549,15.922117009905765,1.7120283400042329,,
1988-05-30,463.6062458300251,1436.6925498583068,99.56694897459951,14.169157,3.4796395,16.088438,1.206718,15.620200794820176,1.2461853744770475,16.791851827006106,1.7125335832458397,,
1988-05-31,386.3429475989354,1157.025821624255,99.56694897459951,13.593306,3.3518639,17.587524,1.2272564,16.587673759132986,1.2451875213654382,17.805566691872183,1.7115423595752666,,
1988-06-01,448.86766290695965,1133.3774475017394,100.0,13.7187195,3.2831671,18.778341,1.2225236,17.342975430917473,1.2784252964262084,18.596969201698368,1.7447860542483877,3.367040512358217e-12,4859.999999999996
1988-06-02,409.3795722647529,1189.4905223753526,100.0,12.893072,2.9118466,17.039406,1.1806102,15.977765905918618,1.1520887428093416,17.16650732813987,1.618439277028745,1.3512475585147645e-12,4859.999999999995
1988-06-03,356.97835846573855,981.8740327878228,100.0,12.839947,2.9781919,15.694325,1.156371,14.93326214427657,1.1617835175086002,16.072079857148818,1.6281276690145094,1.3697440330946124e-12,4859.999999999994
1988-06-04,269.7040437269783,791.6269247053037,100.0,12.393698,2.8175623,14.667214,1.13836,14.089471301626885,1.1106703139879535,15.18795869657518,1.5770102204148837,1.3689731404850036e-12,4859.999999999992
1988-06-05,146.25067547768873,644.249000495358,99.99999999999999,12.399061,3.045066,14.631847,1.1944972,14.218758677394778,1.1247632032544403,15.323425566957994,1.5911037072957155,1.366965531082135e-12,4859.99999999999
1988-06-06,122.80000000000133,594.517630495358,99.95220811473474,12.166418,2.978544,16.246496,1.2210176,15.548014004600434,1.1331918417908622,16.716214754972057,1.5995395988269756,1.3344448943429786e-12,4859.999999999989
1988-06-07,122.85388420074365,557.3505604953582,99.86694398143834,11.728823,2.8192933,16.98114,1.1708202,16.03250241141589,1.0861158211760364,17.223860051492526,1.552466724283066,0.053884200743658024,4859.9461157992455
1988-06-08,140.1410700000013,518.7063304953581,99.80341183480587,11.015003,2.578492,17.01619,1.1356145,15.739698723674966,1.0488837829984878,16.91706134837692,1.5152327526632223,1.2897334320895279e-12,4859.946115799245
1988-06-09,168.8813900000013,545.722440495358,99.68256269794233,10.332449,2.355185,16.64753,1.081654,15.155094841153938,0.9960539714423791,16.304515398639786,1.4623993741584145,1.2740925219090404e-12,4859.946115799244
1988-06-10,169.03719000000126,544.658170495358,99.5448094883942,9.661848,2.1603525,15.512451,1.0541631,14.126748583367513,0.9534202549833174,15.227017704956998,1.419760331758312,1.2642708614998226e-12,4859.946115799243
1988-06-11,154.7900500000013,477.974690495358,99.31823474537113,9.785883,2.2588422,15.713796,1.0671202,14.263680245598177,0.977287671295242,15.370494232564816,1.4436283874559004,1.2672583239430363e-12,4859.946115799242
1988-06-12,163.34629358342255,425.6847813686514,99.13937197635408,9.2163925,2.1101935,19.209452,1.146336,16.438241047512072,1.0142765932864752,17.64899160744596,1.4806303376351957,1.2062613288262894e-12,4859.946115799241
1988-06-13,185.2355481771542,404.3044648863646,98.92958101216851,8.451136,1.5478978,22.73886,1.3499619,18.24960612557315,1.0457748986572988,19.546933744396593,1.512143623651374,9.977307317153575e-09,4859.946115789264
1988-06-14,197.0694693380924,409.9532948816576,98.6127594994333,8.144314,1.2089084,25.305609,1.5911179,19.734207665671587,1.143992387717776,21.10249416325525,1.61037618860453,0.0006042768050287632,4859.945511512458
1988-06-15,209.61471808708356,411.0268575534489,98.27673156935131,7.9687333,1.023607,27.5967,1.8653312,20.96757525074257,1.282798897023375,22.39481250283645,1.7491971390378622,0.3423400822325077,4859.603171430226
1988-06-16,233.2272370471674,417.5678256448569,97.92093260929792,7.6400123,0.8651042,29.52474,2.1255848,21.681849381363534,1.3986275779180721,23.14322649527713,1.8650349784019993,5.490607527675311,4854.112563902551
1988-06-17,226.0047157052984,409.6226167575597,97.6347650703312,7.4276724,0.7647224,28.799677,2.065403,21.200611284814258,1.358513922520007,22.638986862742936,1.8249150884321241,0.8775528086331035,4853.235011093918
1988-06-18,232.41608981273944,408.4211152784226,97.34318003672142,7.352247,0.7128335,28.045881,1.8737702,20.540802808683598,1.2218626591542825,21.947641796895674,1.6882557074332967,0.05006239075176852,4853.184948703166
1988-06-19,246.27375501181302,419.12291424983096,97.02824422666464,7.5521674,0.71000314,28.472664,1.8739622,20.729659655218786,1.209276841930451,22.14552535512041,1.6756721628741598,0.12137210794811507,4853.0635765952175
1988-06-20,259.6014218818972,428.43803058471065,96.69553456132074,7.6490006,0.7047464,30.207159,2.1223962,21.69583026015083,1.348087891296701,23.157875612279216,1.8144954768643908,5.7040075960703005,4847.359568999147
1988-06-21,283.06830979394556,430.52400074755496,96.3455494624713,7.735768,0.6945954,31.353321,2.3350081,21.98469311142426,1.4354476797950928,23.460545120415254,1.901859139434218,20.383898792068997,4826.975670207078
1988-06-22,325.1637202107022,443.9486332190276,95.94810439932881,7.526563,0.6611789,33.007984,2.5732524,22.235002022093553,1.5114124041469446,23.722817941376334,1.9778272979350264,43.78464657677937,4783.191023630298
1988-06-23,277.5646745269013,440.2093521104315,95.54449696027966,7.282919,0.64142704,30.763947,2.0485828,21.683785448580277,1.280642199628213,23.14525509988872,1.7470496257291455,6.041286521284389,4777.149737109014
1988-06-24,286.96420474760777,443.8958081093822,95.20169572939542,7.2595162,0.6308432,27.358873,1.5201771,19.4670802294294,0.9559435304448942,20.822598948690146,1.4223244327606026,0.00011795384257853872,4777.149619155171
1988-06-25,291.50989016734206,441.5751522459964,94.81651858087415,7.251469,0.6354712,25.651346,1.2725339,18.334669649586285,0.8070915083437245,19.63606301408245,1.273461029079936,2.2130331671526453e-08,4777.149619133041
1988-06-26,291.35887346657427,440.10319171284607,94.42911750000098,7.4261384,0.65067786,26.122757,1.4385085,18.67544563495421,0.9034891935800258,19.99312692666653,1.3698619851360738,3.686357642599556e-07,4777.149618764405
1988-06-27,299.5661942894745,443.8476272905233,94.02628865289675,7.240006,0.64299715,26.040998,1.4838431,18.464946460282338,0.9230257136591968,19.772566611000773,1.3893964691331209,6.607929028024049e-08,4777.149618698326
1988-06-28,303.15948010986267,448.3405150473236,93.61152328370132,7.496382,0.66592693,26.27611,1.5268158,18.700258132227916,0.9496769556708264,20.01912537649264,1.4160499905673425,4.490638355809751e-07,4777.149618249262
1988-06-29,307.2083837403431,448.5277454085975,93.1934732094468,7.4447174,0.6595305,25.887829,1.4937558,18.390663835251996,0.9261925269433688,19.694733530416432,1.3925625760032263,3.5505098259321715e-08,4777.149618213757
1988-06-30,315.1444095481608,452.9444692553527,92.6414681603945,7.010673,0.6543162,22.927252,1.2655611,16.396730470124957,0.7931233311631486,17.605496966356554,1.259476776182865,5.115702766256932e-12,4777.149618213752
1988-07-01,315.80739989656905,449.7707073885026,92.15608791169711,6.949771,0.6585128,19.763948,1.0790491,14.477992580889955,0.6896807480439358,15.595049964893471,1.1560225079566024,5.245782537516858e-12,4777.149618213746
1988-07-02,315.60261406899144,450.9532303506304,91.7071595224655,7.287065,0.6748717,19.630522,1.1715037,14.54853427947925,0.7430810931610538,15.668963315540601,1.2094232081193683,5.308911049428025e-12,4777.149618213741
1988-07-03,321.0093906297687,462.6687229245492,91.27375458904197,7.539288,0.70567846,24.004255,1.6626211,17.259893020913534,1.0232568987063178,18.50991573649925,1.4896169734430842,6.009036660777594e-12,4777.149618213734
1988-07-04,333.65298420976904,462.0678811723511,90.8257903662699,7.6401043,0.7115011,27.81059,2.0871632,19.352922622121902,1.2481755318951937,20.70298499798161,1.7145552203832986,5.517543639806535e-05,4777.149563038298
1988-07-05,339.06750264439484,461.7452829053484,90.37031279260296,7.717492,0.70494837,30.13369,2.339601,20.642577430483257,1.3816299286595308,22.054280897718215,1.8480241966070892,0.08899543714800244,4777.06056760115
1988-07-06,368.9121872851429,481.0426640576313,89.8550158408338,7.901112,0.7091351,32.48689,2.636814,21.81574243197557,1.523748247117909,23.283519176017922,1.9901574293022246,9.257995275620967,4767.802572325529
1988-07-07,443.40832460100194,537.7304269559459,89.30660475905925,8.05378,0.718749,34.507675,2.8588018,22.55230443996082,1.6001333788741412,24.0552863301736,2.0665527288821757,49.86668984494921,4717.9358824805795
1988-07-08,477.5352757141134,603.404697336307,88.67011806021648,8.113731,0.71826756,35.826473,2.9133496,23.583599301418936,1.6569637186257498,25.13587356070429,2.1233983471338727,34.261584897411616,4683.674297583168
1988-07-09,467.2278499966506,596.67802181951,88.0531641524696,8.148672,0.716919,36.48385,2.9624014,24.04009397742526,1.6909937107960644,25.614187121774734,2.1574354903708985,22.92283482519042,4660.751462757977
1988-07-10,407.4607883219991,536.5316730310813,87.48551091578123,8.199972,0.72560674,36.53645,3.0501752,24.30541598313303,1.761675205328218,25.892190612397428,2.228121250664736,16.213249416929003,4644.538213341048
1988-07-11,436.23415914677975,531.9997609844376,86.95692310158213,8.040973,0.7018744,35.76087,2.9035497,23.271775339428782,1.6264049544179686,24.809145479247896,2.0928348350720083,42.3929654475887,4602.145247893459
1988-07-12,478.39077599701193,571.6517127870454,86.3395117709488,7.8123393,0.6705996,34.307045,2.5004675,22.236273615053065,1.3951386350050763,23.724150312132586,1.8615535464218145,52.94595072287117,4549.199297170588
1988-07-13,444.15949461535325,553.968869564269,85.74082505505399,8.05024,0.69308394,33.271606,2.3369174,22.048290917986623,1.3331722762090557,23.527182684733074,1.799584601600126,38.04469039483342,4511.1546067757545
1988-07-14,431.21653196368817,538.3847195656897,85.16104813658801,8.066515,0.7061554,33.207344,2.399056,22.02631359323312,1.3686288210375421,23.504154918982078,1.8350408467301784,43.801884472579765,4467.352722303175
1988-07-15,456.2219392043656,572.8619150587683,84.5503246333018,8.213535,0.7009771,33.027615,2.3856168,22.0268323696625,1.3638812782950176,23.504698491151434,1.8302933110556951,41.0517437618719,4426.300978541303
1988-07-16,505.81584403195166,599.6812744769426,83.91910155733008,8.266016,0.7238784,34.180206,2.5080287,22.32327079381856,1.4002256505638364,23.815305658658094,1.8666417724502191,70.02709074480077,4356.273887796502
1988-07-17,443.7123614469888,526.8475313369878,83.40851091084991,8.217888,0.6998249,33.60419,2.5089316,21.998295597061002,1.3989947469121984,23.47479775836766,1.865406391332175,67.72761138017977,4288.546276416322
1988-07-18,409.1918677399793,452.5955334891791,82.95270095757935,8.333895,0.7138078,34.394398,2.9158545,22.02041096803412,1.5684136893295335,23.497970168475682,2.0348256346238376,78.69726916414976,4209.849007252173
1988-07-19,421.16190460259975,459.8643493309039,82.37623792247088,8.192806,0.71968067,34.22142,2.869494,21.778816431420168,1.5367773997954821,23.244828238861192,2.0031860885628006,77.48522181098181,4132.363785441191
1988-07-20,337.4280068183423,502.90039174625946,81.87589247941463,7.9811816,0.6860154,30.640385,2.097673,21.54173974529876,1.2852342770216778,22.99642009754929,1.7516398350260585,7.24322211841978,4125.120563322771
1988-07-21,237.64775482669896,440.3042847642339,81.78888229545586,8.03704,0.6618868,27.40016,1.5622325,20.612656082599646,1.0408012414704961,22.02292941168678,1.5071951496111524,0.13963206224333197,4124.9809312605275
1988-07-22,205.59045602030827,335.9718903654206,81.74226688161103,8.213047,0.71684927,29.412983,2.2514482,21.364963130839605,1.423006373741391,22.811194165199613,1.889409639106354,4.098481852937057,4120.882449407591
1988-07-23,247.41308138062635,421.03639807806303,81.43048589276057,8.295023,0.79510075,29.096426,2.3071797,21.39720657363329,1.4827225076306374,22.844978734340142,1.9491261885012072,61.13764287868441,4059.7448065289063
1988-07-24,252.78188767267724,279.486710495358,81.2976759484034,8.409166,0.79071116,33.143974,3.7218606,21.39706405826804,1.990047589558438,22.844829407227596,2.4564512685898663,5.12466767267726,4054.620138856229
1988-07-25,256.6974160688114,300.62961049535807,81.2447144959091,8.528662,0.8133167,31.594023,3.6530328,20.97042422955861,2.0057855579703516,22.39779765310115,2.47218383535603,73.57875606881139,3981.0413827874177
1988-07-26,372.21873787081125,148.6928804953582,81.08658827883767,8.458239,0.71540654,35.792595,8.985244,16.26076024377908,2.615261982040233,17.463027827982312,3.0816144603899076,1.8708112521116962e-06,3981.0413809166066
1988-07-27,375.0099119507117,64.45793049535806,81.05254372421551,8.323563,0.7253677,38.046482,21.576216,12.683103166090719,3.224606601146504,13.714370971589357,3.690941241866999,1.9507116984411162e-06,3981.041378965895
1988-07-28,262.9719519398306,64.63,81.00271822079212,8.53495,0.8454081,35.483814,14.915189,13.851478649777846,3.0197409722532638,14.93859080950494,3.486079828575603,1.9398305935358266e-06,3981.0413770260643
1988-07-29,232.43704255983533,84.39243215443017,80.93670331357058,8.861918,0.86629,35.53313,10.226539,15.966208439425122,2.797153876959059,17.154397454255204,3.263504333726949,1.9060397176091577e-06,3981.0413751200244
1988-07-30,298.62946621876245,272.9160490368919,80.86234044773637,8.967157,0.824686,34.099754,4.908102,20.968107216350727,2.3829271640123135,22.395369894582245,2.849325412630658,94.94019916387646,3886.101175956148
1988-07-31,245.58433939954475,253.8149201033281,80.68627786048371,8.766012,0.8267691,33.657463,4.2654943,21.416855172895755,2.2056920916400866,22.865566469481976,2.672096026295453,26.188879987782144,3859.912295968366
1988-08-01,264.20491134480517,305.73329080338624,80.49635241963942,8.956049,0.8455606,31.43873,2.6538472,21.016486581676624,1.4765866080419467,22.446061628194133,1.942985458597708,71.42113690041302,3788.491159067953
1988-08-02,289.48400932119335,340.3971200906625,80.19356432089413,8.939211,0.83810633,31.69644,2.5085452,21.237555453126994,1.409313766870443,22.6776968360137,1.8757154020217581,64.28175245602024,3724.209406611933
1988-08-03,319.64414089918364,371.1264267004567,79.85899179333977,8.919765,0.83084446,32.08983,2.5388305,21.368215215243456,1.4171696854393028,22.814601688121275,1.8835729926584062,61.98281930107282,3662.22658731086
1988-08-04,343.11124190353104,427.1443390959032,79.48566215497787,8.887913,0.82734054,31.762215,2.307023,21.572830344895507,1.3313811549362864,23.028996721528863,1.7977871198529864,47.594335074788155,3614.632252236072
1988-08-05,341.8909940429474,477.3432449442206,79.03282364844165,8.806604,0.8247368,30.67003,1.9396241,21.545767759290467,1.1814095063984584,23.000640636840725,1.6478151170589879,9.969736963223149,3604.662515272849
1988-08-06,377.63977901419014,544.3329876894962,78.628988028908,8.808758,0.8057794,29.379713,1.6040374,20.95385571726359,1.0028887191463742,22.380437222555056,1.469286790957406,0.7828957666888542,3603.87961950616
1988-08-07,377.4756965253354,543.70298481951,78.19252103862779,8.773935,0.83326656,29.256409,1.6636416,20.863209782478844,1.0395973666911427,22.285458721945226,1.5059943193637455,0.5323127255977322,3603.347306780562
1988-08-08,390.11674714188564,576.5232376777764,77.70702144904288,8.871822,0.8461773,29.567238,1.7987531,21.21497816977635,1.1258544139376365,22.654040435695478,1.5922557621425435,2.2926898766556145,3601.0546169039067
1988-08-09,404.42666879215705,574.268332681103,77.20331247337943,8.911635,0.83126426,30.290312,1.9429289,21.45598970842672,1.1906770675037184,22.906571502036606,1.6570815089426787,6.037261634537676,3595.017355269369
1988-08-10,448.80334594504944,582.00270481951,76.72731188356349,8.842579,0.82860655,31.616272,2.2196999,21.70081828632449,1.3041556301406405,23.16310204905326,1.7705632817956491,18.299029527943492,3576.718325741426
1988-08-11,488.3417171500487,579.42142481951,76.18080600277743,8.8549,0.82336384,31.915075,2.180874,21.36849901911728,1.241916878034425,22.814899056850134,1.7083201889066415,4.1765232196934345,3572.5418025217323
1988-08-12,508.8669119240358,609.46562181951,75.70253703832064,8.916025,0.81210387,31.569006,2.1308677,21.261380961980944,1.2186496551737527,22.70266112274744,1.6850515937677981,2.7077505293778867,3569.8340519923545
1988-08-13,479.6765145928839,633.38270081951,75.25544671897346,8.905685,0.81813586,30.438673,2.1038697,21.158961486429515,1.248038330127517,22.595346346368114,1.7144389689039778,1.805094122030197,3568.028957870324
1988-08-14,353.2011638100356,614.45173681951,74.81570864675516,8.969418,0.8541468,27.19297,1.7305895,20.54122560630949,1.142280468536625,21.94808480280282,1.6086735218579555,0.12117150533373397,3567.9077863649904
1988-08-15,426.1637180111555,588.0898245861224,74.24740641745392,8.911249,0.90525436,28.112143,2.0663023,20.04441218016477,1.2570232361920768,21.42752539316012,1.723410505459887,0.009463840622162455,3567.8983225243683
1988-08-16,350.00645742827504,464.57162717054086,73.74568514553435,9.053865,0.9424236,26.535767,2.1656108,19.024174511254085,1.2997827179003203,20.35852385118351,1.7661589940831297,0.00036392586303104823,3567.8979585985053
1988-08-17,352.5544560381942,462.1397176551004,73.21784071625002,9.046778,0.9342384,26.661173,2.2272274,19.03863953086175,1.326516009358041,20.373680249282227,1.7928924330842555,0.00036503243807891185,3567.8975935660674
1988-08-18,343.8383158572715,468.38646105891183,72.6468761902304,9.077106,1.019859,24.756075,2.209144,18.11871262291317,1.3451181006688075,19.40978397974652,1.8114856173578051,0.0003582078048653848,3567.8972353582626
1988-08-19,349.8470269892215,478.22041955815166,72.12229971747152,9.19924,1.0641168,22.631458,1.9697763,16.956531987816042,1.2231883820806502,18.192055083007514,1.689546029680662,0.00036696687484563065,3567.8968683913877
1988-08-20,359.41823736250745,477.00039776807023,71.6250818441878,9.239965,1.0967685,21.102427,1.7793876,16.00499723132169,1.1188682014960245,17.195040217811574,1.5852189188081498,0.00037302855819008256,3567.8964953628297
1988-08-21,365.4670018863534,479.98306865072766,71.17201217187407,9.266045,1.1159357,21.52971,1.9814388,16.2284334296348,1.2239806379211333,17.42915590262562,1.6903328895566991,0.0003720911165378139,3567.8961232717133
1988-08-22,370.26226761187166,481.2734686664111,70.71565919172235,9.248781,1.1765624,19.740904,1.8674215,15.178749902400742,1.1728880307454512,16.329301090953408,1.6392335702045686,0.0003776932338093713,3567.8957455784794
1988-08-23,374.037063830699,477.66401608322246,70.25959257430414,9.458412,1.377871,17.84443,1.7449346,14.161587370019815,1.1505910546963,15.263521666520845,1.6169312921127839,0.0003855598013420351,3567.895360018678
1988-08-24,266.49248480271825,322.0553642188066,70.03465259712193,9.629967,1.2204906,19.727375,2.7300844,15.155302545689189,1.5928514085742669,16.30473303074182,2.059196812488197,0.00038246208819700804,3567.8949775565898
1988-08-25,216.98879504514863,336.1722286861303,69.76765315229486,9.604061,1.368628,24.358974,3.7341535,18.571056062080057,2.33199567619197,19.883747889046894,2.7983674516925614,0.0003619019373472079,3567.8946156546526
1988-08-26,313.70814989496927,422.5120371646541,69.34468756236673,9.666443,1.3563839,26.43552,1.9654822,19.2901086389736,1.2674288053355198,20.63716872115768,1.7338078322834598,0.00044054352480512183,3567.894175111128
1988-08-27,345.72297668228896,449.1196458006036,68.88117528740764,9.5304985,1.2634298,26.974081,1.5285943,19.38685923306339,1.0237213430516796,20.7385436629196,1.4901013908282916,0.0005119839420532856,3567.893663127186
1988-08-28,350.5547657537551,454.32374412822816,68.37398691177472,9.435234,1.0957634,26.271332,1.174411,18.938580050011044,0.8168321868088729,20.26883826728308,1.2832075948235104,0.00036323529899983547,3567.8932998918867
1988-08-29,220.4192157801942,469.6810804953581,68.37099505723234,9.464531,1.4114532,27.290598,6.1946054,21.596921614740243,4.24007234997849,23.05423947172029,4.706478630960512,18.44043578019421,3549.4528641116926
1988-08-30,123.10263560819902,756.270830495358,68.4896657607635,10.146416,1.5587137,22.451778,1.1563606,20.729162664347616,1.018139750628333,22.145004609784475,1.4845350655378409,0.30263560819902224,3549.1502285034935
1988-08-31,122.80052805335238,513.087320495358,68.32119588420909,10.582636,1.7014188,21.345568,0.91476506,19.267066416624214,0.8079382277875531,20.613025159345888,1.2743170131919632,0.0,3549.149700450141
1988-09-01,293.2077090514498,499.79182328731815,68.03184172928528,10.718401,1.7890851,22.560617,0.8905656,18.182015662126737,0.8675416271343629,19.476112687843884,1.333909725740501,,
1988-09-02,329.08106976269784,488.30935745859335,67.60645503989919,10.763159,1.8192307,23.832018,0.9009049,18.570500280915486,0.9089013254980267,19.8831655434425,1.3752730956223784,,
1988-09-03,316.35636516655245,457.77764377936535,67.19515077968633,10.7852955,1.8394175,24.231276,0.91069424,18.73646286127653,0.9246940025783542,20.057060567830103,1.3910673938039584,,
1988-09-04,502.0619470988,380.8455764953581,66.96186407311446,11.654356,2.1412065,28.118525,1.150481,18.756238810280955,1.314838733061895,20.07778173959624,1.78121231955651,,
1988-09-05,455.5492260988,715.1826104953581,66.77117259623236,12.429243,2.0725448,19.496056,0.87540925,16.746253409489288,0.967656138241154,17.971725907438103,1.4340121651978595,,
1988-09-06,273.3643920988,545.2240004953579,66.6020636041776,12.202063,1.9044049,18.42778,1.0187824,16.34872612697173,0.9300027253060915,17.55519817969524,1.396355826627961,,
1988-09-07,288.0307234135466,472.94371763754793,66.5093287583809,12.048342,2.031946,17.40782,1.1880296,15.379243962366749,1.0661525666350704,16.53937808163113,1.5324992907910406,,
1988-09-08,239.9851271139653,491.4437492297543,66.42683507087433,11.947884,2.112753,18.174105,1.2033627,16.13125335291336,1.0650158238439793,17.32733095043037,1.5313674011336713,,
1988-09-09,301.89001431089747,458.23864018515735,66.23217512491931,12.285406,2.1616106,20.514084,1.2077113,17.24601124209326,1.125651337123197,18.495370456103856,1.5920112984966506,,
1988-09-10,294.53685800161384,471.5252984118062,66.03479913119365,12.058807,2.209881,21.633085,1.3079154,17.951950893602728,1.1704781031351332,19.235051609821497,1.6368441087925063,,
1988-09-11,259.2253627286905,514.5031950631704,65.86490141257033,12.035688,2.0812898,19.790956,1.2114875,17.19267811488647,1.0654667488934526,18.439488187726752,1.5318262767802215,,
1988-09-12,266.6473933511914,513.9043164829645,65.50623341435232,11.949606,2.0892308,19.686054,1.250291,17.04317516894975,1.0894944821348473,18.282839512024516,1.5558528122147601,,
1988-09-13,206.0389509332867,359.4976621648739,65.22776147669478,11.934973,2.1169784,20.717196,1.3603501,17.51761493568822,1.158719338233552,18.779955877821873,1.6250815576384197,,
1988-09-14,174.7570212417221,372.5622252081511,64.94332723903187,11.779303,1.9796233,20.021492,1.4208369,17.38979125810945,1.155399941889435,18.64602266539822,1.621761088098273,,
1988-09-15,254.3067798922247,443.8825395425416,64.49592166723845,11.830809,1.8585131,18.676043,1.3041173,16.18275120061491,1.0703595519825284,17.381290219215465,1.536711485277636,,
1988-09-16,295.13713061620393,475.2976755143678,63.95461088051436,11.80773,1.867154,16.632107,1.4040748,14.783990897416103,1.1233501272334552,15.915673954946653,1.5896934684770982,,
1988-09-17,267.7015715693183,501.31907787198907,63.4761348249832,12.620457,1.8400193,14.752899,0.9157687,14.01058073922243,0.875590997566286,15.105297434961688,1.3419305487234379,,
1988-09-18,242.35842915568,491.4225387352036,63.041422757213894,12.068907,2.1003702,16.682444,1.5269406,15.158651657628726,1.235714159639547,16.3082422187837,1.7020595828756337,,
1988-09-19,246.92665005954825,497.2648018900848,62.58150463901887,12.007269,2.2169247,20.775122,1.6976745,17.865901876790748,1.3519985780694288,19.144889744149754,1.818363816472925,,
1988-09-20,257.6711569990669,501.0077109676308,62.11155487538617,12.137033,2.254305,22.011381,1.5970652,18.657742738511654,1.3032588728903154,19.974577892288345,1.7696314912612987,,
1988-09-21,237.97693117747292,457.6096208141424,61.69449817061362,12.748339,1.991085,20.733784,1.3799022,18.0017704374237,1.134962487152189,19.287252357537522,1.6013289408944578,,
1988-09-22,243.6014356260052,481.4525972946413,61.23263297494833,12.313421,1.9908777,18.935038,1.2497114,16.710327206406657,1.0658528292497764,17.934082554655703,1.5322085843763866,,
1988-09-23,250.61543111050497,478.9543057578291,60.77543626415864,12.248398,2.124649,18.352915,1.0980083,16.255944393081087,1.0257990572917661,17.457981796083114,1.4921515017912035,,
1988-09-24,250.6617306717461,483.3244148851777,60.3162533140604,12.317997,1.9698383,18.577213,1.2698205,16.439644339958107,1.0731824010357305,17.650461972474,1.5395361555379,,
1988-09-25,265.2878364839218,493.83390647520633,59.825219283745454,12.414824,1.9575409,17.038141,1.0805708,15.422445262060283,0.9808778935186446,16.58464425577376,1.4472248789664621,,
1988-09-26,278.6242015623432,499.6794918565659,59.31602679950472,12.355694,1.9713181,16.655943,1.1192887,15.116500817259043,1.0071775600657906,16.264076712329786,1.473522741054716,,
1988-09-27,291.30601987284336,506.9901410334903,58.79008496757629,12.306255,1.9952376,16.979528,1.1414379,15.274205704444837,1.027426945752561,16.429319354035872,1.4937730435157839,,
1988-09-28,296.64321825943364,507.61465140025285,58.259561872468865,12.659176,1.8706965,16.498379,0.96582454,15.082323603824515,0.9206976079057688,16.228265944922047,1.3870425939648945,,
1988-09-29,306.1133239104223,512.0034708210479,57.77214860358577,12.554358,1.797136,14.957246,1.02246,14.058161333365591,0.928235050506534,15.155152218858769,1.3945748150826045,,
1988-09-30,311.228471836736,513.0029854455978,57.22201648118547,12.376371,1.9629596,14.339906,1.0855991,13.598478326230417,1.0029628385130063,14.673497935330284,1.4693006495490597,,
1988-10-01,302.50794234856824,516.0263845036452,56.678062666352666,12.236748,2.0357943,17.072357,1.0875626,15.285247935631173,1.0179164545911763,16.44088936612694,1.4842626176109195,,
1988-10-02,299.3228097134519,527.1531473241437,56.13366976518406,12.603935,2.003535,17.678644,0.8723045,15.840749048509748,0.9143746705327823,17.02294153331555,1.3807242963733588,,
1988-10-03,290.8420383771763,514.2608947792538,55.6108041589939,13.155365,1.8702708,17.089989,0.98130506,15.668612713777073,0.9216126731065205,16.842577670201276,1.38796118816744,,
1988-10-04,293.57377146481593,517.7441627467205,55.072422755707315,13.289656,1.840265,15.188744,0.90956175,14.501562431662048,0.8833610880234325,15.619746373962967,1.3497029659331534,,
1988-10-05,288.5065283236795,515.8146670227102,54.552049876591454,13.126604,1.8017449,12.45414,0.904758,12.695349766030246,0.868525574032142,13.727202917143085,1.3348602508425316,,
1988-10-06,299.6234554037168,530.8718681608655,54.01723134121986,13.075302,1.7041463,11.184784,0.83370006,11.866839061039553,0.81363593534862,12.859092232576002,1.2799685573463646,,
1988-10-07,303.46260053530057,535.342183293027,53.476988385489676,13.259443,1.7118996,10.045012,0.767775,11.207928508103498,0.7897340089179608,12.16868800758265,1.2560655572223043,,
1988-10-08,309.48606799514016,539.4509058768315,52.92284602773585,13.165121,1.6760637,9.253753,0.7379853,10.679670125847245,0.7702327060261038,11.615180680415492,1.2365637521828958,,
1988-10-09,310.39729198807834,540.1318302175828,52.367891722438486,13.155968,1.6372334,8.740685,0.7877552,10.352025530930113,0.7792789376367051,11.271875793858339,1.2456098327196268,,
1988-10-10,306.2918713549683,538.1187181406586,51.819229258380595,13.557653,1.7906369,9.371601,0.93289745,10.89000200515585,0.8805173626121399,11.835565704571486,1.3468485704622934,,
1988-10-11,300.9849269012069,525.9227909962611,51.28398200695504,13.441212,1.7130214,10.670997,0.91202116,11.67932317157131,0.8516115468361886,12.662613724582178,1.3179438127259833,,
1988-10-12,311.7573135251753,534.1686871883608,50.72608495082038,13.0365925,1.5570384,9.597708,0.7718901,10.865073292958959,0.7528995131931973,11.809445485146124,1.2192306992361273,,
1988-10-13,309.3081999424838,531.0021504391905,50.348615009887354,12.563021,1.4012837,7.7889285,0.7635823,9.546214805746526,0.7063057083800597,10.42755007053714,1.1726367542466059,,
1988-10-14,314.33653050572536,539.1654474680955,49.81873936281174,12.343876,1.3294481,7.0180745,0.958545,8.979515691068453,0.7787089659314804,9.83376467534147,1.2450405626542156,,
1988-10-15,314.82806792057306,539.4397918240103,49.258123600865574,12.718603,1.4016224,7.583333,1.1543512,9.475862567248008,0.8933997122870257,10.35383523552549,1.359730806569178,,
1988-10-16,312.41717587700475,533.0482439817156,48.70235369955045,13.1640415,1.5501888,9.530987,1.1018414,10.873476582533996,0.9004012331802878,11.81825042323764,1.366732426494859,,
1988-10-17,317.73786920807686,539.7819509515887,48.087959027981334,13.085737,1.5806364,11.53046,1.1558343,12.106739001396445,0.9340028264986013,13.110458570025031,1.4003359627250527,,
1988-10-18,293.2345802285221,502.59309469731375,47.65242240691638,13.221846,1.5056641,12.688009,0.9295323,12.884709235281584,0.8077082529037601,13.925613121731674,1.2740435095754932,,
1988-10-19,285.9643624255499,493.9563949828423,47.20800631301218,12.397947,1.2615772,11.112659,0.813464,11.583920821715319,0.6923876446391775,12.56265146851969,1.1587197447879003,,
1988-10-20,298.3178859506506,507.8906227625359,46.613601687217646,11.820845,1.1226591,8.506068,0.84895164,9.732620769748072,0.6771984247903036,10.622865602421049,1.1435293697457225,,
1988-10-21,307.84028617956443,512.7275631104385,46.08158238977602,11.41917,1.1651442,6.2776594,0.8670219,8.206523930876228,0.6961053102810693,9.023826551352201,1.1624382506137536,,
1988-10-22,270.8544362733104,359.1059701735876,45.80496225857357,11.272242,1.176552,4.961008,1.3471146,7.674552573890998,0.9195618282642316,8.466428781956191,1.385896090269005,,
1988-10-23,171.6578421240505,462.4095113676587,45.590193829911,11.537199,1.0743512,6.498496,1.0061105,7.862598580793148,0.7892765736139707,8.663462745185146,1.2556103314366354,,
1988-10-24,181.86504079179792,492.3583815580586,45.28673795019637,11.3230915,1.0760362,7.0447774,1.184254,8.198809936561322,0.9122210376702206,9.015743854478012,1.378553994855416,,
1988-10-25,240.5495715380406,513.1229499971607,45.06365421935366,11.1255245,1.0489273,6.9326677,1.0734725,8.270901348574041,0.8038823802676862,9.091280989552777,1.2702151826112684,,
1988-10-26,279.49250852389594,544.9729833243933,44.73884356758055,10.960815,1.0110592,5.9643126,1.0105724,7.658119191216884,0.7507905428267099,8.449209939764962,1.217124850813744,,
1988-10-27,291.25980756207207,537.7042616436528,44.282444819956346,10.572557,0.9436357,5.232687,1.1439942,7.108871620484353,0.8127482420072741,7.873710212660312,1.2790842645252678,,
1988-10-28,287.085213960347,515.4962149773826,43.890521162334345,10.440969,0.9947008,4.8566484,1.5667615,6.854172855276434,1.06737672754432,7.606837717119627,1.533713662228678,,
1988-10-29,291.112990050346,501.2340404404648,43.50492279853692,10.123508,0.92666596,5.1448793,1.3700136,6.974057152669968,0.9311383538955569,7.732452074124603,1.3974748499892198,,
1988-10-30,292.77836612497265,499.08238018615225,43.34841150896658,9.284782,0.888766,3.8344622,1.4517573,5.849634484048474,0.9722108160605726,6.55428584558961,1.438552071732004,,
1988-10-31,272.9619048078115,499.93661221149887,43.19618226883946,9.052199,0.84323204,2.3642669,1.5070381,4.726220934748151,1.0192771426063738,5.377176968829838,1.4856245976502551,,
1988-11-01,258.5632584899089,475.90114423582907,42.89963043600637,8.6548,0.8885491,2.3349793,2.103949,4.559829861145854,1.3986951874148523,5.202832970688782,1.8650436833831505,,
1988-11-02,265.65332744317345,398.9499070285036,42.74626946053432,8.759146,0.935353,4.3843503,5.0215144,6.133031173482634,3.0374268876438015,6.851227928035603,3.503766807423924,,
1988-11-03,337.8634256498429,375.31217739599145,42.57351504214515,8.956291,0.8811556,5.2895107,2.3723068,7.0266298964823415,1.3163801040353296,7.787537615380273,1.782716412979112,,
1988-11-04,319.3223371812295,386.4048761807527,42.41082970676109,9.277201,0.94613725,5.4962096,2.7627573,7.207005074466396,1.5720961432551854,7.976534110290265,2.0384318341233616,,
1988-11-05,251.7285787992313,365.69558276586446,42.5186977697957,9.668652,1.1453091,5.393911,3.038014,7.136755540304188,1.8589932936052989,7.902926888531123,2.3253292207671667,,
1988-11-06,138.52885036319563,32.31841119602353,44.13935328625018,9.549515,1.0361352,11.363628,28.183887,9.89268251749777,5.397208811891028,10.790577754569469,5.863539701911616,,
1988-11-07,360.23082830247097,32.32056671785468,44.70333281697948,8.613581,1.03331,9.751496,6.4942117,8.707270543842384,1.0885990971662742,9.548507140701474,1.5549310891413186,,
1988-11-08,497.37446246758685,32.323395839129724,45.01852980502888,8.131119,1.0425016,6.6517563,5.1532626,8.040844633160496,1.028156048876369,8.850228349552005,1.4944893661302405,,
1988-11-09,431.3243808974536,167.72298413088978,45.282961990569255,8.616697,1.0003334,6.9649277,2.7793927,8.154230152766305,1.0603481148758875,8.969033309405962,1.5266811707862762,,
1988-11-10,391.715365376303,271.7772948620661,45.470792813429135,8.770277,1.0343733,8.097227,3.1217437,8.494584917941372,1.4170542396451935,9.325655868911836,1.8833865993855576,,
1988-11-11,362.13889146712825,361.4354375115459,45.54147131457089,7.884686,0.99658304,7.8018637,1.482847,7.843315091416425,0.8929825949514639,8.643257570933526,1.3593164026152378,,
1988-11-12,334.372487220748,415.770557987333,45.54879942692068,7.423146,0.87558395,5.409626,1.18951,6.307142308590517,0.7661526339464418,7.033660980232502,1.2324917785440872,,
1988-11-13,234.1993890728274,377.3608056019342,45.76600984316917,7.3065267,1.0131475,4.430698,1.7708235,5.532007879817629,1.1595189305405968,6.22147777542876,1.6258617926251735,,
1988-11-14,136.45796400928035,258.5402896817065,46.15876102970654,7.9360623,0.9777513,5.336565,1.6598973,6.234599649964457,1.1377577069724996,6.957651030498789,1.6040971703331286,,
1988-11-15,206.70487640659337,326.28288725496,46.33872056852276,7.5691442,0.9530093,5.7613792,1.6354845,6.462471964562257,1.0672473723510132,7.196414862791824,1.5335858546487326,,
1988-11-16,218.57915315358048,382.24716275699154,46.44204983145937,8.120722,1.0086011,5.3852005,1.5228069,6.380376505544166,1.035970396578842,7.110395521461956,1.5023092254798658,,
1988-11-17,245.9080723405008,215.03737246846728,46.75461144294009,7.690058,1.0504361,5.6524863,2.422681,6.739502988774509,1.2615166447323491,7.48668702297824,1.727854014311777,,
1988-11-18,300.5300497748634,150.01204344337927,47.19995217672411,6.8673873,0.9381987,4.3358707,2.7426045,6.024496082853116,1.1070389228100856,6.737505231082641,1.5733793433560446,,
1988-11-19,231.3349807715225,237.7095688375111,47.559360777805246,6.5676494,0.8890416,3.4946432,2.0923278,5.01026431800006,1.1474641732845612,5.674796654847456,1.6138099245455242,,
1988-11-20,734.3739474072,1477.9704304953586,48.61504889128378,6.934791,1.3121227,2.670609,1.9703542,4.0860777036332925,1.386495491462176,4.706437079487855,1.8528471245884095,,
1988-11-21,38.7789474072,5745.163630495358,50.82479297175529,6.247647,0.94899946,6.5497384,1.3397899,6.547713007668639,1.3308223479597467,7.2857301363767615,1.7971604785306456,,
1988-11-22,38.7789474072,2673.951830495358,52.09203030846212,5.563386,0.832054,3.2246122,0.8423658,3.2580454038520723,0.8304092161354684,3.8388276662639096,1.2967669488062987,,
1988-11-23,38.7789474072,1733.054760495358,52.74089161167604,5.8405867,0.8149643,2.485662,0.6731126,2.559088991393801,0.6586221709488218,3.106463526553102,1.1249856626234125,,
1988-11-24,38.7789474072,1316.9587304953582,53.19386325971753,5.4114404,0.7904548,2.3226957,0.6654075,2.4110448780574716,0.6467697641461767,2.951343410662781,1.113134547317017,,
1988-11-25,38.7789474072,963.9959604953578,53.61981287986494,5.7925835,0.7871337,2.158871,0.6174383,2.2993925480059065,0.5943409872329449,2.8343544808991483,1.0607067610068341,,
1988-11-26,38.7789474072,791.4471904953582,53.927636915562985,6.8972907,0.8286582,2.9620056,0.7758348,3.1458184423964792,0.7406085320123994,3.7212366396794154,1.2069671517195393,,
1988-11-27,38.7789474072,697.371790495358,54.02074632744983,7.2933006,0.8823714,5.2365026,0.78696203,5.344850648204542,0.746954084647743,6.025375067909558,1.213297947314363,,
1988-11-28,38.7789474072,912.342930495358,54.602407743180606,6.50176,0.894418,6.108784,0.7483125,6.12480652829979,0.7187281713823538,6.842610172927562,1.185068128638056,,
1988-11-29,38.7789474072,821.4390304953579,54.98242916606061,5.954248,0.81680375,5.5997396,0.77895033,5.615720922488227,0.7447457806519788,6.309192015380291,1.2110882081557623,,
1988-11-30,38.7789474072,665.7171404953581,55.147425494671964,5.89593,0.8065953,4.822961,0.7288289,4.882022369426726,0.6901402161534589,5.540425179505487,1.1564867252252233,,
1988-12-01,38.7789474072,586.2158704953581,55.19115782847804,5.480598,0.8052399,4.2083406,0.73672855,4.287280179371776,0.6928207455669064,4.917256345790382,1.159171014985393,,
1988-12-02,38.7789474072,548.556220495358,55.16439742083815,5.004891,0.7870011,3.2898455,0.784641,3.4030817599999543,0.7346748050738319,3.9907962644536794,1.2010314127195032,,
1988-12-03,38.7789474072,519.437530495358,55.09383713575531,5.556069,0.77305007,2.216868,0.750958,2.4488401138453137,0.7008500103635276,2.990945129524732,1.1672144614366098,,
1988-12-04,38.7789474072,481.8249204953579,54.99609809414163,4.5156364,0.76058984,1.3066125,0.7925378,1.5456475406233203,0.7356876869813477,2.0445830387120862,1.2020605210888422,,
1988-12-05,38.7789474072,452.43239049535794,55.047525861610445,4.5794716,0.8147219,1.0264531,0.6778649,1.3069481199164175,0.6276547151560815,1.794474601648544,1.0940299206055004,,
1988-12-06,38.7789474072,441.2912504953581,55.048440061698635,5.431372,0.78669584,1.2869229,0.64857686,1.62170184437936,0.5995635312760853,2.124272478209033,1.065935623514029,,
1988-12-07,38.7789474072,426.19128049535794,55.03580710467144,5.6496954,0.7708286,1.8586977,0.76525396,2.1748703737741697,0.704370966779249,2.703880572396893,1.1707378621550597,,
1988-12-08,38.7789474072,430.2151304953581,55.13299546306618,4.80263,0.75523674,2.1641757,0.9449343,2.382337302315467,0.8690485820326259,2.9212637109322475,1.3354136185416903,,
1988-12-09,38.7789474072,420.338400495358,55.20219139632181,4.137053,0.81478876,1.4789145,0.86599356,1.7034318565325783,0.7958294311683984,2.2099089055631054,1.2622007335462233,,
1988-12-10,128.74462269201683,397.6060075915834,55.08105593895759,3.8729613,0.80945104,0.23184276,1.0004677,1.1224552185633991,0.7812588658627564,1.601163570268285,1.2476359487815518,,
1988-12-11,166.47079221337697,444.47681743378126,54.88698663239147,3.085556,0.80823785,-0.993714,0.7987433,0.11780409746344787,0.6214338986140262,0.5484935598078109,1.0878218882479362,,
1988-12-12,163.2297340896788,487.4220779359199,54.587880278288836,2.5910692,0.80955696,-1.0899502,0.5773043,-0.16648882120128128,0.4777889434450436,0.2506124114376339,0.944180228914315,,
1988-12-13,184.4510805632912,448.0013439401097,54.35386801828807,2.750826,0.83988905,-1.0287896,0.43378693,0.07351330068752933,0.39296072151755135,0.5020858143465181,0.8593492185421241,,
1988-12-14,178.27462947367383,430.0018248202962,54.26528309884253,3.184237,0.88274294,-1.0793616,0.41713572,0.1702206811221419,0.39228633719177364,0.6034154769882628,0.8586737292447534,,
1988-12-15,184.92092163321863,415.97105735708,54.17212935797908,3.1280084,0.8731192,-1.1844858,0.52749246,0.14265855604698763,0.45336506522609155,0.5745359765509275,0.9197527711124338,,
1988-12-16,195.0108042428932,433.26962307155134,54.03235940277564,2.4419174,0.8338879,-1.4811097,0.715443,-0.2634485669265583,0.5571483071489056,0.14901832130699855,1.0235407378143513,,
1988-12-17,199.0102939957818,439.9240396479034,53.89187483985039,2.4511476,0.845847,-1.1049818,0.56119823,0.0026537115007249142,0.4676702260780453,0.4278393790179726,0.9340595395271493,,
1988-12-18,210.23603117019445,450.4257269922192,53.71608494272972,2.5515733,0.85009533,-1.3416511,0.61201185,-0.10274777412668938,0.4972759641182865,0.31740006267452203,0.9636665025947337,,
1988-12-19,197.634274608385,432.3751236592493,53.5894312125917,2.7815788,0.8660926,-1.3555173,0.58426803,-0.05770809491822899,0.4843600992167412,0.36459248458870563,0.9507501126659335,,
1988-12-20,205.00500215596765,437.307280066471,53.481755205828364,4.0498075,0.9909509,-1.2245587,0.5845177,0.45884591368020633,0.5083341974995291,0.9058360090466022,0.974718355322147,,
1988-12-21,212.84721234897225,424.3927434735707,53.40064423984911,4.052865,0.96385324,-1.2810334,1.043754,0.5005645717714425,0.7660580808201778,0.9495486763865011,1.2324417790372943,,
1988-12-22,212.06930973626947,423.27506833980766,53.348499025505724,3.1401846,0.88776225,-0.8246125,1.0393698,0.4987828469209875,0.7531823470217505,0.9476817911787161,1.2195660648270674,,
1988-12-23,202.89971316736265,441.56567516362367,53.268831317008036,3.0825098,0.9384225,-0.5030774,0.6654599,0.6257878952701975,0.5433046571648069,1.0807572466939792,1.0096869877747763,,
1988-12-24,125.34536559871265,398.40153638488914,53.10142613121875,3.3835351,1.0107194,0.11025345,1.0878814,0.8936293338951967,0.8621532258041544,1.3614005905150983,1.3285326914135474,,
1988-12-25,38.7789474072,512.3425804953581,53.09811084823757,3.1484501,0.9392055,1.4047104,0.47732678,1.5274063831161915,0.4486343873837272,2.0254700162303942,0.9150074004074946,,
1988-12-26,38.7789474072,466.7821804953581,53.00464112825368,2.4498386,0.88321966,0.8804857,0.5783739,1.000862560466875,0.5382900901463377,1.4737591987584555,1.004668431716048,,
1988-12-27,145.4946814271265,460.36851795380056,52.81361451028291,2.346819,0.8802926,0.051600814,0.5595774,0.6027846918000593,0.47484964272737173,1.0566545687304858,0.941232223218982,,
1988-12-28,152.08458554651295,413.5274435967242,52.748746326276304,2.745266,0.95394903,0.27787626,0.71408606,0.9413203167153633,0.5816872643538642,1.4113710392905996,1.0480662284335833,,
1988-12-29,101.53240775329476,370.3490858994264,52.78177618380976,1.9048109,0.8446869,0.547663,0.6664824,0.8396737834742145,0.5537538391125937,1.3048661492218154,1.0201338752668245,,
1988-12-30,152.89800455772286,361.8610748414262,52.72776783981206,1.7352828,0.8010005,-0.3813964,0.758493,0.24731716916379343,0.5838725473183952,0.684196913617145,1.0502590661327718,,
1988-12-31,148.63194173923114,361.319876923825,52.65381023980844,1.8033512,0.7801601,-0.567279,0.64410937,0.1236713178439751,0.5098859847301431,0.5546412132664378,0.9762739073180381,,
1989-01-01,182.5822041852174,361.8851657770293,52.55592842246154,1.7097058,0.7672683,-1.1054705,1.6384495,-0.16142662522066478,1.1189928309912247,0.2559165630818726,1.5853840569658981,,
1989-01-02,204.17249498467788,385.1027747643218,52.43400535962468,2.1121876,0.81530094,-2.0138006,1.4832166,-0.5842254165276205,1.0096344197914386,-0.18709056518418926,1.476030715770075,,
1989-01-03,208.9358477477093,378.22992473691727,52.29427080500953,1.7914703,0.8291115,-1.455319,1.3983881,-0.2999882797403395,0.9478725783654537,0.11073213512547836,1.4142654433917827,,
1989-01-04,228.92178245710457,380.7044800792213,51.967005852273616,1.1584641,0.8560774,-0.8735441,1.2757796,-0.11050129338365672,0.8591199063642931,0.30927595170115135,1.325510535457469,,
1989-01-05,247.3555475960988,396.6734403977718,51.583442496411514,1.1633434,0.8403041,-0.30002427,1.3653114,0.2620189376928789,0.9007346697035481,0.699601376426439,1.3671210227688888,,
1989-01-06,246.3197450791289,368.3999852475182,51.21910361594213,1.1712652,0.8153121,-0.8851999,1.8730748,-0.06116913682950383,1.169103347907405,0.36096601670505174,1.6354934016196743,,
1989-01-07,240.8337109429434,369.62411470527394,50.87759534502902,1.2481359,0.80148196,-1.1892852,2.312459,-0.2276902052997795,1.4354220642007391,0.18648581038569312,1.901814071271406,,
1989-01-08,165.15655557726348,373.7399153398732,50.64152126604026,1.7445323,0.8656357,-0.21987724,3.2843304,0.382158841990795,2.2931731541511335,0.8254835574720776,2.75955816200984,,
1989-01-09,163.33448562082992,336.61934044028374,50.42569626196142,1.2947547,0.8316376,1.0846622,4.205593,1.1532992529021895,2.8446342102162467,1.6334818440134127,3.311010976545033,,
1989-01-10,201.6107644722091,363.3609404712497,50.1526287269068,1.219962,0.818892,0.8668686,3.570979,0.9928703720480971,2.315187549307731,1.4653850110531894,2.7815659741996694,,
1989-01-11,199.2851926190364,385.06192147631054,49.854985082916755,1.2997959,0.8185233,1.1779572,2.5644803,1.219508929520173,1.7127930094917183,1.7028561168472787,2.179169099903519,,
1989-01-12,168.03500761988323,394.9734413312765,49.53791700049526,1.3702991,0.8502291,1.3043562,14.302563,1.3240374725246769,10.037040535064916,1.8123807668944487,10.503415568576173,,
1989-01-13,38.7789474072,493.2571604953581,49.32759694545773,1.3813914,0.839146,1.5771868,7.4327664,1.562915723506965,6.891279827751039,2.062676581709239,7.357652492836147,,
1989-01-14,43.52839384921764,451.02022191973055,49.06822766668814,1.233753,0.85086787,2.0261726,2.9929705,1.9564267030052516,2.7305671661819195,2.4749960408775533,3.196936071968946,,
1989-01-15,68.33526726495418,414.0873008176266,48.83679718396226,2.140951,0.8422087,2.359614,2.4397354,2.32864023460977,2.0975416463333234,2.865000106944461,2.56390715923753,,
1989-01-16,38.7789474072,483.3651704953579,48.59505756967787,1.8928771,0.8030503,3.0068197,2.2430775,2.924088691752464,2.0773435086077883,3.4889089648998515,2.54370392319554,,
1989-01-17,38.7789474072,448.6546304953581,48.33335659921338,1.8062565,0.82517606,2.7405279,2.2810473,2.6661996713024663,2.100599243633555,3.218693730821859,2.566961816530281,,
1989-01-18,38.7789474072,431.732540495358,48.05209061287001,2.2237735,0.81843007,2.7593737,1.9080372,2.7152301913070325,1.7520781875658007,3.2700677420801956,2.2184403442640668,,
1989-01-19,38.7789474072,441.349690495358,47.76495354343949,2.543255,0.8010128,3.2875953,1.7229903,3.2274765320703596,1.585148868191324,3.806797706905492,2.051506841049695,,
1989-01-20,35.5473683952,450.77609049535806,47.637493689830364,1.816685,0.82614213,2.8911583,2.4594884,2.8126206933780225,2.280513980107653,3.3721131772374022,2.7468753182544194,,
1989-01-21,101.32335030594504,372.1027269641528,47.45501961209306,1.1842844,0.8714574,1.6447577,1.08588,1.5462065701298244,0.8736197952032039,2.0451687879180547,1.3399926238335313,,
1989-01-22,35.5473683952,468.13049049535806,47.299876295943484,1.2404337,0.85503095,1.1489638,0.6696119,1.1554193511884554,0.6252722997611638,1.6357032757505687,1.0916490443687468,,
1989-01-23,35.5473683952,421.3537304953581,47.1610877892474,2.0099862,0.8278022,1.1113614,0.86429137,1.181275302530435,0.7996463958817075,1.6627950531825468,1.2660228759989125,,
1989-01-24,143.1207671386287,432.911931864283,46.93116801761708,2.8394113,0.8220216,1.4827119,0.8702978,1.8197966838649255,0.6852104697051296,2.3318355738686756,1.151580660682325,,
1989-01-25,153.40779809383048,425.8467802333273,46.7104130812915,2.2226036,0.80853724,2.0425558,0.8657181,2.0902390384424714,0.671500629603989,2.6152041485340867,1.137868297395745,,
1989-01-26,148.66106727045508,421.0062298003394,46.502560842623375,1.8569875,0.8545964,1.8218281,1.0221385,1.8310033532884107,0.7876328266837522,2.3435778837825203,1.2540029114434263,,
1989-01-27,35.5473683952,481.14877049535806,46.43900872883716,2.0035956,0.7852112,1.5585439,0.9024505,1.5891623333137141,0.8420987020338996,2.0901776897452033,1.3084711108680314,,
1989-01-28,82.70460579767655,469.4070724044215,46.30419944396102,2.3261309,0.8116635,1.3292482,0.71804416,1.4785781028574756,0.6224731118448441,1.974307911086438,1.0888466056674861,,
1989-01-29,127.35925060448795,473.6224225236227,46.139936977059016,3.4580038,0.8194709,1.7774566,0.88074094,2.1335959897796304,0.7154905631849864,2.660633413936838,1.1818578342419743,,
1989-01-30,53.31372839520002,504.51895049535807,46.05046677538506,3.740644,0.8275202,3.0314708,0.8718955,3.0992485680046786,0.7925219857577972,3.6724408844828385,1.2588809777793608,,
1989-01-31,35.5473683952,539.6748904953579,45.98482126536547,3.0671487,0.77961236,3.683476,0.8601452,3.6453884098653537,0.8084271590354596,4.244684343898799,1.2747819408112986,,
1989-02-01,102.8798666733778,435.5628977381781,45.970496864072686,4.439782,0.90319574,3.255447,0.8612934,3.481736980658559,0.7177809537977538,4.073210935790344,1.18413696138717,,
1989-02-02,147.74612155609165,407.8611037283069,45.964947681721874,3.5942357,0.8112029,3.7361312,0.8660181,3.698398574298867,0.6713289462736228,4.300228212986052,1.1376833375497601,,
1989-02-03,99.33107799090264,411.03494242570224,45.88323956663359,1.8746384,0.8647814,2.2660296,0.8746059,2.1898542553081137,0.7242132677367102,2.7195806322483227,1.1905800272105735,,
1989-02-04,92.32058701570922,421.1105180045221,45.75541737082016,1.2528737,0.8831966,0.0742861,0.57887995,0.2862091712996735,0.5006461555106747,0.7249478205094616,0.9670322363910321,,
1989-02-05,115.08289164905958,420.36564000256544,45.68828068379048,1.2255983,0.8535776,-0.5460719,0.56916726,-0.1652903175909709,0.4830323840783474,0.2518681994236375,0.9494236554592881,,
1989-02-06,143.45708120331938,438.5392146528856,45.513704042321216,1.2376723,0.83918744,-0.728964,0.64103734,-0.24420503812121938,0.5254552119817405,0.1691816250085203,0.9918474145060068,,
1989-02-07,163.860801317133,444.7966966691441,45.34411549003168,1.2155359,0.83902055,-0.74926555,0.6736697,-0.2203080706700425,0.5416518850536455,0.19422078581616675,1.0080438048573495,,
1989-02-08,178.526680389136,441.49129335841246,45.213608042897974,1.2103943,0.8440315,-0.7154809,0.6176261,-0.160948444720584,0.5024704190558329,0.25641759897527894,0.9688616394120968,,
1989-02-09,186.8099136471361,443.9254471386778,45.05785888528352,1.1594024,0.85302126,-0.6364583,0.49380338,-0.10456393109998603,0.4296752827298798,0.3154970996061239,0.8960658424259051,,
1989-02-10,195.7488534258306,425.8749923839511,44.84081213871677,1.1626694,0.84246564,-0.8260275,0.48923072,-0.19978843399873733,0.42745786117769713,0.21572119097749134,0.8938495387384318,,
1989-02-11,193.5966087343337,402.9652575694317,44.63383032992918,1.1656126,0.83306813,-0.9844898,0.57534176,-0.28673730694616834,0.4734156404349966,0.12461645912302638,0.9398083477657685,,
1989-02-12,167.69871574554475,376.9836558763694,44.43404965285573,1.1663132,0.83084655,-1.012858,0.70536774,-0.3419271724891556,0.5511548205715101,0.06678870666420184,1.0175481860222544,,
1989-02-13,167.65293051458923,372.46225277938936,44.22634064060056,1.1716033,0.840402,-1.0053927,0.6693606,-0.32964836797698877,0.5302020917526009,0.07965439605905678,0.9965953104816613,,
1989-02-14,180.43322221545588,370.6169995135826,44.09455696784594,1.492859,0.8634229,-1.2958113,0.8953667,-0.3827025654083095,0.6652542324619484,0.024064389347220216,1.131648086382004,,
1989-02-15,253.23890422148145,350.3700652450478,44.13927856443169,1.7703846,0.8790771,-1.2187537,0.8999281,0.03531331174497194,0.6394464306030946,0.4620599965126362,1.105835367044123,,
1989-02-16,143.58743915958968,340.558456978265,44.27888937545932,1.307752,0.84186137,-0.8785895,0.8160111,-0.23016682866100716,0.6259509554218872,0.18389081289371223,1.0923429917835992,,
1989-02-17,101.14609095361445,425.099020568424,44.22413815449314,1.1754496,0.86283046,-0.46024334,0.54966474,-0.14585762426599877,0.47397671684343534,0.2722297090622043,0.9403677600235434,,
1989-02-18,123.97754075660544,433.7024360597554,44.119500891498994,1.1932615,0.8521907,-0.55381835,0.5510617,-0.1654259476037082,0.46856280094429603,0.25172608675991937,0.9349540739194762,,
1989-02-19,137.8727169394557,433.9888616170769,44.036476940560085,1.2088175,0.8377258,-0.5993694,0.6921018,-0.16342538033641327,0.5627336718571895,0.2538222743039939,1.029124921319182,,
1989-02-20,184.29185052668672,440.4342167992036,43.9143006370611,1.4190814,0.85545594,-0.9860252,0.866433,-0.2765277545081046,0.6609140721138003,0.13531399326802052,1.127306658080904,,
1989-02-21,32.315789505999994,25.679930495358057,45.044067837624546,2.3730714,1.0206779,0.103936434,1.3947382,1.3683209256949516,0.8395572389298165,1.8587808177508507,1.3059318284534314,,
1989-02-22,32.315789505999994,800.1665399999998,46.422373963073305,2.0644841,0.75637674,1.0552232,0.7684999,1.094401310471155,0.7392511296567439,1.571768781266719,1.2056285014717363,,
1989-02-23,32.315789505999994,789.8433704953579,46.822584809498366,1.3750426,0.8689313,0.2881627,0.48511034,0.3308836097105602,0.4672924223963805,0.7717575443644606,0.9336780023652562,,
1989-02-24,32.315789505999994,685.5352704953581,46.727051794949695,1.1572429,0.8691402,0.12138474,0.41578647,0.16801638247902115,0.39899192247727,0.6011058204050188,0.8653793395973195,,
1989-02-25,32.315789505999994,602.169930495358,46.549621977893175,1.2005737,0.8805098,-0.18124211,0.36133838,-0.11086311188451174,0.34585449422803877,0.30889683951277014,0.812245127551529,,
1989-02-26,32.315789505999994,550.1522404953579,46.5326595112877,1.1587082,0.85528094,-0.0223279,0.38545343,0.0431969229167361,0.3671475124363713,0.47032041734963403,0.8335363580551789,,
1989-02-27,32.315789505999994,520.1855304953581,46.53721641605343,1.1827956,0.8462887,-0.25059152,0.48944896,-0.16675273443938313,0.4634719891679647,0.25033588404889306,0.9298632777397394,,
1989-02-28,32.315789505999994,515.838820495358,46.518186755087996,1.6138676,0.8699001,-0.1920265,0.63063717,-0.08556219969636485,0.5956704492648892,0.3354070488166688,1.0620607871355519,,
1989-03-01,32.315789505999994,476.0229204953581,46.48057888141947,1.6042414,0.86628085,0.08210766,0.6653471,0.17887179214959786,0.6254791540742826,0.6124800815504875,1.0918664478013564,,
1989-03-02,32.315789505999994,449.0103004953579,46.45366462338172,1.5090597,0.8870561,-0.0016616583,0.60551465,0.09976677741034404,0.5679919267350557,0.5295941175136627,1.034380122731874,,
1989-03-03,32.315789505999994,451.64434049535794,46.388731688782634,1.8429724,0.81732357,0.09848237,0.6929759,0.21496835553720475,0.6490021018108587,0.6503019372780929,1.1153889861987367,,
1989-03-04,32.315789505999994,416.620500495358,46.33126435795015,1.7742141,0.8279768,0.19032156,0.80366313,0.30433493467741446,0.7481906726839948,0.7439399334168362,1.2145765500543932,,
1989-03-05,32.315789505999994,390.631680495358,46.37017681293745,2.8319814,0.8178543,0.17420411,0.88139784,0.37727465336939897,0.8164485157156292,0.8203659213303425,1.2828335779407793,,
1989-03-06,32.315789505999994,413.031420495358,46.50744507244797,1.7964927,0.8421603,0.64314973,0.7254009,0.7268399140582107,0.6755332758633027,1.1866392065510138,1.141914515921538,,
1989-03-07,32.315789505999994,453.800180495358,46.548066495873954,1.3508378,0.8951559,0.10697782,0.5242781,0.1896665626310331,0.4930298054383348,0.6237908051608585,0.9594169765953233,,
1989-03-08,32.315789505999994,443.805560495358,46.48010153025566,1.6487007,0.8809278,0.0790056,0.46855474,0.18554553243947697,0.440826218705926,0.6194728038131829,0.9072134366397588,,
1989-03-09,32.315789505999994,439.025540495358,46.41326030725184,2.3687804,0.779834,0.45301604,0.5692456,0.5843633974807703,0.5329062731525391,1.0373527995127791,0.9992890541892009,,
1989-03-10,32.315789505999994,401.52181049535807,46.33938022531153,2.9861479,0.7439122,0.85491776,0.7050418,1.0136692970660282,0.6548731174343174,1.4871780535894092,1.1212513256402135,,
1989-03-11,37.523528047839896,381.2029805949794,46.25086999542385,2.917377,0.71668893,1.1647733,0.8678084,1.321830208754543,0.7926473085113146,1.8100680034612562,1.2590223642113547,,
1989-03-12,32.315789505999994,375.02339049535794,46.16097551171102,2.4476216,0.74957705,1.3792188,0.7602913,1.4639793323838768,0.7024959057086465,1.9590113692876014,1.168869543810835,,
1989-03-13,64.47619173845362,334.2902557782028,46.02892873681825,2.6390061,0.7617563,0.95830476,0.6909377,1.2300558712520393,0.5921712475470385,1.7139071663410115,1.0585472307507517,,
1989-03-14,79.15156174903734,313.03160912284545,45.94726667708232,3.9982843,0.76439345,1.776988,0.8345286,2.225296588173678,0.6837333026045458,2.756716987471307,1.1500997416427041,,
1989-03-15,152.4333520490517,186.80422565118167,46.07349926216606,6.368658,1.0894994,3.389343,0.7897437,4.72807142071578,0.6548175010430182,5.37911590170115,1.1211649446884873,,
1989-03-16,32.315789505999994,347.72585049535803,46.176236399575814,5.3396187,0.87023586,5.06406,0.80819005,5.087491563512832,0.7431611083583182,5.755715098707605,1.2095064123397121,,
1989-03-17,32.315789505999994,387.347520495358,46.19003826002842,6.214016,0.95555615,4.837076,0.82025295,4.943106175518159,0.7606574299921034,5.604428582723545,1.2270035757599662,,
1989-03-18,32.315789505999994,313.31122049535804,46.38236463672918,5.7131276,1.008225,4.758261,0.8386601,4.847540284961591,0.7660683777538537,5.504294969274027,1.2324150937966767,,
1989-03-19,32.315789505999994,474.5165804953581,46.52483312568991,3.0992627,0.81022954,3.9182963,0.84931463,3.866074498670946,0.7968384561207367,4.475918473371642,1.2631916333700368,,
1989-03-20,32.315789505999994,457.209970495358,46.54953342041134,2.804422,0.8433692,2.9154706,0.7559261,2.908139777817174,0.7082157650893499,3.4721977473970895,1.1745763109494642,,
1989-03-21,32.315789505999994,506.297160495358,46.56486161025834,2.5177283,0.835503,2.6653647,0.6612618,2.6565068281415014,0.6236053608393977,3.208537602891127,1.0899680163398457,,
1989-03-22,32.315789505999994,511.899630495358,46.54753625505363,2.788206,0.7718126,2.770842,0.6612692,2.7718731600250366,0.6236888482934793,3.329418051078618,1.0900505275970132,,
1989-03-23,32.315789505999994,465.0494304953581,46.53102461107491,4.1981235,0.8462667,3.33748,0.78089476,3.3933994799597897,0.732224381264207,3.9806512045248135,1.1985810632645097,,
1989-03-24,32.315789505999994,829.1549504953581,46.711772384915676,2.919044,0.9591835,3.4026723,0.7360702,3.384530259106619,0.7093716165239251,3.971358065232776,1.1757283667290896,,
1989-03-25,32.315789505999994,3184.2298304953583,47.4844776419996,4.5284123,0.83943313,2.7332253,0.65578187,2.7512611181312496,0.6492481829904945,3.3078208240410487,1.1156100355905119,,
1989-03-26,32.315789505999994,2113.604970495358,48.085082382747046,7.1696653,1.2876225,4.266588,0.8356283,4.310306148393321,0.8232727883306074,4.9413828774208195,1.2896229046362888,,
1989-03-27,32.315789505999994,1631.1523304953582,48.61442254923479,8.408707,1.4201401,5.5816674,0.80710334,5.636587625183292,0.7919046379963957,6.331056075134926,1.258246958422451,,
1989-03-28,32.315789505999994,1142.714430495358,49.367142316995924,8.863857,1.5037516,7.869205,0.94264835,7.8965600165366565,0.9176559383950594,8.699047421465833,1.3839896094733453,,
1989-03-29,32.315789505999994,925.2081304953582,50.49034444669992,8.441572,1.4535296,9.305452,0.95639336,9.276296971417302,0.9254168574903187,10.14473108639494,1.3917481199167598,,
1989-03-30,32.315789505999994,448.9119304953582,51.910773836786774,5.9127717,1.1264821,7.7949247,1.1541923,7.6685328871256235,1.0793391948262465,8.4601213747407,1.5456734736388607,,
1989-03-31,32.315789505999994,328.4204304953579,53.814472400085535,5.586876,1.0397612,6.84822,2.530374,6.7352250472796085,2.3055781548267507,7.482204610503294,2.771915540921625,,
1989-04-01,32.315789505999994,748.7040304953583,55.49550373365668,4.133449,0.8712871,4.6093836,0.7614689,4.5896911259719895,0.7308517312482721,5.234121501897979,1.1972000380764447,,
1989-04-02,32.315789505999994,827.9817304953582,56.54091165680185,5.251611,0.86147153,5.023525,0.81523734,5.032092947257801,0.7852812045583953,5.69766861796628,1.251626828702264,,
1989-04-03,32.315789505999994,915.2551304953578,57.42648388781221,5.074993,0.9288614,5.245286,0.8591642,5.239478350749415,0.8304677967702495,5.914966334833256,1.2968122404061575,,
1989-04-04,32.315789505999994,726.9649304953581,58.48852184505036,7.102817,1.2925205,6.0558276,0.86601794,6.100388594233277,0.8309821634398953,6.817025145081201,1.2973222324116724,,
1989-04-05,35.5473683952,681.5774304953579,59.55449827784839,7.610124,1.4048836,8.879379,0.9650683,8.816463193034423,0.9198703429321022,9.662918825268495,1.3862021661965929,,
1989-04-06,35.5473683952,872.0330304953579,60.68283918295572,6.136063,1.1156471,8.364368,0.8911821,8.277091993671691,0.8573912664813146,9.097767526324432,1.3237240558054568,,
1989-04-07,35.5473683952,569.2318304953578,61.97116180175165,5.712335,0.97707355,6.4954233,0.81853485,6.449395402900428,0.7725610133007027,7.1827132861825485,1.2388995502909508,,
1989-04-08,35.5473683952,633.7795304953579,62.87430448324353,5.5571876,0.94362617,6.0290914,0.81215817,6.004028958499727,0.770656369842284,6.716059848148523,1.2369968863305836,,
1989-04-09,35.5473683952,714.1364304953581,63.582270362227554,4.993246,0.86947,5.589479,0.8387937,5.561207703394794,0.8000839300848731,6.25207325075831,1.2664266396737098,,
1989-04-10,35.5473683952,623.3334304953581,64.29604475281808,4.534066,0.81826866,5.0585976,0.8260613,5.0302985010760235,0.7827402805277468,5.695788403391021,1.2490859151008566,,
1989-04-11,35.5473683952,513.5959304953578,64.69456998394419,4.9722977,0.8318687,4.9057865,0.81667614,4.910091941489694,0.7657065671359579,5.569836381162032,1.2320529087303678,,
1989-04-12,35.5473683952,510.9499304953583,64.97602604056668,5.9832516,0.8848611,5.300135,0.80716586,5.34456900871235,0.7568547686872746,6.025079967012376,1.2231986328897866,,
1989-04-13,35.5473683952,483.34781049535815,65.20746167414806,5.795321,0.8631399,5.6743236,0.80920756,5.682612593577295,0.756087777878007,6.379280879689678,1.22242986388694,,
1989-04-14,35.5473683952,457.0839704953582,65.38826590213941,6.1021185,0.96586764,6.0219026,0.80748016,6.027690794747274,0.752448580124916,6.740852639284763,1.2187889857384704,,
1989-04-15,35.5473683952,536.5337304953579,65.53994517487021,5.661796,1.0166738,6.258414,0.8458189,6.221341794055405,0.7957737603841625,6.943759494396997,1.2621132826522432,,
1989-04-16,35.5473683952,812.9354304953581,65.95382368062192,6.00314,0.9855548,5.8233542,0.8779087,5.83088640579153,0.842141365556383,6.534641673279083,1.3084827128429006,,
1989-04-17,35.5473683952,574.8482404953579,66.62147815901193,7.616957,1.3409194,7.026438,0.8262672,7.060828055567819,0.7820567294904776,7.823370329569477,1.2483929183916933,,
1989-04-18,38.7789474072,481.1348604953578,67.12199111886235,8.552364,1.5390007,9.6925,0.8493824,9.607460509416187,0.7943668846769636,10.491723109484248,1.2606978930042316,,
1989-04-19,38.7789474072,392.4732904953579,67.57184162590818,7.82237,1.3701757,10.314518,0.83584946,10.090419721617222,0.7706018793229226,10.997766121115014,1.2369327419393474,,
1989-04-20,38.7789474072,340.02918049535793,67.7614916759487,7.9857364,1.4320638,9.724622,0.8203337,9.546610424511728,0.7508071038308126,10.427964598526964,1.2171381494411053,,
1989-04-21,38.7789474072,305.3120004953582,67.95042398030161,8.051355,1.396903,10.1132555,0.81453675,9.88087996888554,0.739686141094066,10.77821108447857,1.2060170341646965,,
1989-04-22,38.7789474072,288.2771404953581,68.08160320228473,5.921446,0.93879557,9.763238,0.847749,9.307717754776744,0.7554770942188598,10.177653675792389,1.221808327150249,,
1989-04-23,38.7789474072,297.471800495358,68.1690712825613,6.2828074,1.0750479,7.6840105,0.8388039,7.522413293436418,0.7523527972578077,8.307017763957994,1.2186874967706944,,
1989-04-24,59.63375322204155,287.0156302700178,68.22244774354212,7.760928,1.377583,8.497613,0.8456485,8.370881790202183,0.7391907711943129,9.196040154524702,1.2055233686333637,,
1989-04-25,95.74246679234092,289.25965133116347,68.20025206452127,7.2755914,1.1572231,10.015612,0.8365765,9.33422240976978,0.6912846913135339,10.205425162692459,1.157615900242714,,
1989-04-26,90.79092313374744,304.4464913893885,68.15072319479563,8.420692,1.5336409,10.051409,0.8457706,9.676813056435172,0.7406399307246104,10.564390471180918,1.206970901723462,,
1989-04-27,106.44028629795336,316.088638882621,68.04298173336561,8.028103,1.3840201,11.898995,0.85457397,10.923869475531214,0.7281879630643789,11.871051924260637,1.1945192016800223,,
1989-04-28,125.91083571106142,324.40931044471694,67.96547970187348,8.63888,1.5987937,12.145132,0.88349074,11.16477362501233,0.7777661076558681,12.123470468597311,1.244097602966161,,
1989-04-29,129.47949478754734,339.72864715232805,67.81984181732669,8.324734,1.4506521,12.572577,0.8537878,11.40037134336691,0.736477533288149,12.37032895253873,1.2028093438404714,,
1989-04-30,143.25198704705085,331.5872823312887,67.69659585419885,9.772257,1.9454683,13.467006,0.9454226,12.35235462010107,0.8833693341415173,13.367813775708747,1.3497030650452493,,
1989-05-01,189.78261209880003,366.108370495358,67.98109961585752,8.341686,1.7147341,15.39505,1.0972985,12.987013494952835,0.9300396368205323,14.032807175305594,1.3963752238347698,,
1989-05-02,1161.5060262963998,320.82103049535846,69.26763184752916,9.359617,2.0985615,18.59178,17.760498,11.357740296298994,4.180866133324435,12.325660287147912,4.647197882129643,,
1989-05-03,103.4105262964,1091.2715304953576,70.4359796486888,8.118235,1.494422,9.091536,0.97392994,9.007287578371916,0.8989827708892916,9.86286396392459,1.3653143320570869,,
1989-05-04,103.4105262964,763.6913304953578,71.40903225653597,9.9535675,1.9789116,10.862046,0.9793965,10.753701110708198,0.8942965254880904,11.692750093290536,1.3606276227858227,,
1989-05-05,309.55792629640007,968.0502304953576,72.28378820816582,8.255242,1.8891253,10.783493,0.9943102,10.17091082113154,0.8815412334333967,11.082104420041059,1.347872097702066,,
1989-05-06,2139.7042262964,8254.365930495356,76.74484332384999,9.416079,2.3094866,12.379839,1.244773,11.76972466615351,1.0969115119372135,12.757336101583357,1.5632439444860797,,
1989-05-07,792.2378262963999,8895.108530495358,80.46842968300335,7.144126,1.2075658,10.393123,1.9683226,10.127417492701753,1.810047913058145,11.036532259186831,2.2763787755137654,,
1989-05-08,544.1913262964,6314.711030495358,82.85511269837407,7.5423174,1.2621524,8.120574,1.7531927,8.074694611327018,1.6171962333499863,8.885696240964524,2.0835294710430237,,
1989-05-09,355.0005262963999,5125.128930495358,84.64243625710942,8.92416,1.9474825,6.900964,1.0252972,7.032025600088947,0.9671422925334269,7.793191215174985,1.433478582448307,,
1989-05-10,905.7940262964,5911.634230495359,86.53359622343945,8.495308,1.5614872,7.941168,1.4125779,8.014793363689156,1.242341952266658,8.822931918451744,1.7086753316437355,,
1989-05-11,326.8533262963998,8107.091930495359,90.02124939242412,8.21151,1.4152849,8.593763,1.2509454,8.578949302717334,1.203715953653788,9.414052582894866,1.670048161324412,,
1989-05-12,463.1029262963999,6263.248330495358,92.30483260158418,9.719469,2.1702533,9.725456,1.0023544,9.7250440269794,0.9452279291188999,10.614926717247835,1.4115588774011218,,
1989-05-13,285.8577262964001,5042.913030495357,93.92526854408091,9.970545,2.337201,9.465802,0.96887267,9.492878714644434,0.9254306552778445,10.371664696600675,1.391761737330647,,
1989-05-14,245.23472629640003,4102.651930495358,94.98360769289285,9.927446,2.3199275,9.5159025,0.9993714,9.539114909619714,0.9520388644128599,10.420110823645249,1.4183699149086468,,
1989-05-15,245.98692629640016,3286.2601304953587,95.78152763305572,11.580713,2.8988981,10.267768,1.1306465,10.359201882850723,1.0711049334199267,11.279395150869622,1.5374358304965705,,
1989-05-16,516.5020262964,2903.865730495358,96.39990512234475,11.27276,2.7033377,11.420098,1.0577428,11.397849138491855,0.986447876847435,12.367686194892373,1.4527796836887243,,
1989-05-17,1212.6914262964,3166.2721304953584,97.11426978323348,13.694988,3.5477352,12.816127,1.3257695,13.059514945745914,1.3726767399530189,14.10877394761277,1.839012568323613,,
1989-05-18,652.3890962964001,2327.969630495358,97.53244363153746,13.71591,3.5188336,12.842102,1.2514534,13.033375250791705,1.2445219528468574,14.081384864593828,1.7108576935057167,,
1989-05-19,463.4924662964,1795.8915304953578,97.81964340857033,13.923084,3.59576,13.984343,1.2400634,13.971775978149974,1.2311239239462233,15.064637938957409,1.6974633029647075,,
1989-05-20,385.4003662964,1524.685790495358,98.04973176470213,14.114168,3.6396317,15.425248,1.2514573,15.16070997204242,1.2398399724650646,16.310398913590372,1.7061854075826262,,
1989-05-21,325.5552562964,1257.342730495358,98.13069295260831,13.90296,3.510181,15.905217,1.2561711,15.493412108577427,1.2315966780217988,16.659003074966396,1.6979440973272206,,
1989-05-22,227.66032629640003,1038.107530495358,98.11914401107258,13.411295,3.3262155,15.075925,1.2292376,14.7765254278623,1.1722909696263781,15.907851661467609,1.6386342710156758,,
1989-05-23,237.0201662964,935.116250495358,98.0620312839345,12.877504,3.0754428,14.744893,1.21898,14.367284478427356,1.154331480403117,15.479050393569876,1.6206726945819756,,
1989-05-24,481.6152562964,1212.530190495358,98.04676324263139,13.890654,3.4546392,15.739826,1.235689,15.214139500818382,1.3216190019306542,16.366382191202117,1.7879647471617146,,
1989-05-25,306.2597062964,973.5817304953582,97.99851798986992,13.814232,3.563941,16.844074,1.4328403,16.119048000124295,1.3839641238090674,17.314542223499895,1.8503156171675634,,
1989-05-26,246.2424262964,855.8144304953582,97.89658660463907,13.88409,3.6507857,18.683647,1.3769004,17.61123924178239,1.3448797064852005,18.878055105708665,1.811242723805822,,
1989-05-27,264.67892629640005,863.5943804953578,97.75985226638046,13.27943,3.1535184,17.435102,1.2876748,16.46023332796149,1.2323476652090406,17.672035043724012,1.6987015689406664,,
1989-05-28,190.9736362964,741.5443004953579,97.62973099375505,12.694475,3.1403017,16.00726,1.2976686,15.328822612869331,1.2159121586735544,16.486546763984496,1.6822585805684556,,
1989-05-29,161.45264629640002,610.792030495358,97.59360536593472,12.87846,3.2935157,16.826487,1.3630242,16.001075457354677,1.2791955265891861,17.190930996454853,1.7455462174805731,,
1989-05-30,149.4514162964,552.1929304953578,97.54203407057645,13.006901,3.265325,17.691221,1.2570639,16.693453167341776,1.2093288769499468,17.916401994204538,1.6756845049111784,,
1989-05-31,132.0018462964,567.449860495358,97.49350629220494,13.213875,3.5165806,17.801998,1.2502279,16.93611884526552,1.212108896356804,18.17066626202191,1.6784663844140453,,
1989-06-01,186.03155154526098,462.776970495358,98.94896473925986,13.090103,3.5119941,21.697529,1.3976166,19.22953912956082,1.4169665166570105,20.57370419624148,1.883344909975551,2.154526097513619e-05,4859.999978454739
1989-06-02,325.07458185968625,495.442550495358,99.01010609495438,13.62838,3.5187027,24.714376,1.6737822,20.322297873554604,1.7218603952210667,21.718693072789268,2.188250864940233,0.01815185968626227,4859.981826595053
1989-06-03,210.95054510026304,451.388840495358,99.000701715661,13.001526,3.4261851,23.689255,1.6245782,20.28528651947621,1.5545286255444344,21.67991270250291,2.0209186639017354,0.014895100263085572,4859.96693149479
1989-06-04,216.8204420031997,431.0099804953579,98.99017758780202,13.171457,3.3672838,24.301355,1.6287559,20.576322798694154,1.5634440198379709,21.98485952100972,2.0298374924437397,0.06382200319971715,4859.90310949159
1989-06-05,187.53189408979458,422.470930495358,99.08218844065063,12.952665,3.2629511,22.970486,1.5707514,19.890728101352053,1.47976033871028,21.2664957407229,1.94614587589235,0.0016540897945322883,4859.901455401796
1989-06-06,471.63367760312025,294.6285004953578,99.2649279589553,13.833466,3.447384,29.877802,4.313211,20.00252740150151,2.693083607270528,21.38363866525271,3.1594704018018267,0.003207603120262171,4859.898247798676
1989-06-07,461.4217475187335,516.6755904953582,99.39683690898556,13.59037,3.2254088,24.688505,2.023139,19.45291087721534,1.859413719889259,20.807752349875763,2.325794470733539,0.00010751873347792664,4859.898140279942
1989-06-08,553.5196611031731,558.546270495358,99.38485079248814,14.379316,3.6632314,24.60222,2.0080712,19.51387252421543,2.083693328625316,20.871627755215492,2.5500747327849433,0.0001611031731073481,4859.897979176769
1989-06-09,571.4936044621986,472.24939049535794,99.38195260198212,14.4514675,3.5926995,25.461277,5.46409,19.432938861045013,3.159400750955587,20.786825739603415,3.6257812886873593,9.446219855072337e-05,4859.89788471457
1989-06-10,724.5016005778066,1186.9554304953583,99.62335530107957,14.949356,3.7909312,21.039307,1.3806293,18.731026173139796,1.6732116716001193,20.05136402458482,2.139585009221879,5.778066856731293e-07,4859.897884136763
1989-06-11,442.2435305203031,776.003890495358,99.69340156599932,14.147604,3.573852,21.949411,1.807711,19.117229036582344,1.7346674872258971,20.45602606473148,2.2010447167472433,1.0520302995573616e-05,4859.897873616461
1989-06-12,313.16407663286293,605.514780495358,99.74231991602404,13.476248,3.4099314,22.728472,1.871714,19.574525027572978,1.6950266027610554,20.93517924090332,2.161408661139993,0.00023663286285912467,4859.897636983598
1989-06-13,297.2627000015251,710.7232304953582,99.91464463662938,13.369364,3.2134087,19.980341,1.3176669,18.030713621988646,1.3271174593447828,19.317578927387345,1.7934841747100605,1.5251745799962574e-09,4859.897636982073
1989-06-14,531.3679726891633,977.0713082490672,99.99989303759882,13.6664505,3.2668355,18.708012,1.0986302,16.93205408688342,1.3530399307432244,18.16640722208383,1.81939738708847,1.3853046100432195e-12,4859.897636982071
1989-06-15,1037.5201887627236,1819.961076547967,99.99989303759882,14.372683,3.4180274,16.469765,1.4548571,15.708337125626029,1.54881089618331,16.884200773145505,2.0151596645743606,1.4072638686302266e-12,4859.897636982069
1989-06-16,1895.0980183219426,3536.0575350772583,99.99989303759882,16.289545,4.1084557,17.552,1.4271586,17.111490485747954,1.7083582959484473,18.354420067441445,2.1747171701944357,1.6151556742589909e-12,4859.8976369820675
1989-06-17,1818.3695250624553,4220.009691649593,99.99989303759882,16.318493,4.1043596,16.253386,1.3869622,16.27299166805185,1.5707185249756173,17.475843872524287,2.0370710894182444,1.44961073099002e-12,4859.897636982066
1989-06-18,1170.6339403679854,2999.88536758205,99.99989303759881,16.064024,3.9281685,16.073977,1.3307686,16.071182910866884,1.4601495123930768,17.264389346594605,1.9265006782471445,1.4475528218931624e-12,4859.897636982064
1989-06-19,996.8954441976015,2361.3179849442863,99.91434152020295,16.0258,3.974727,17.015236,1.3764025,16.721519179188498,1.5260565767853074,17.945809465478668,1.992412416435972,1.4345188514417408e-12,4859.897636982062
1989-06-20,462.3981468365249,1693.6191704953585,99.99989303759881,15.068251,3.6582465,15.551726,1.3107123,15.448035958502167,1.2944698839760922,16.61145810002815,1.7608170252092645,1.4333735574723482e-12,4859.89763698206
1989-06-21,1226.680984197603,2219.801060495358,99.67820273452989,16.077362,4.0142055,18.005953,1.3941519,17.319523717291634,1.6874881205470325,18.572396576326884,2.153848684754747,3.038271783519485e-12,4859.8976369820575
1989-06-22,804.5667737036014,2740.1832304953577,99.91177588776956,15.778408,3.934206,15.844314,1.3543738,15.829354757693423,1.376052666985174,17.011002634347637,1.8424022182521425,1.4452362547096474e-12,4859.897636982056
1989-06-23,724.649124642496,3116.775570495358,99.99989303759881,15.473219,3.8517828,14.925238,1.4365214,15.028609236105986,1.3734714679477382,16.171984214039952,1.8398161503465378,1.4533949814958703e-12,4859.897636982054
1989-06-24,1975.7759810874625,5950.945615391427,99.99989303759881,16.406725,4.1687098,15.953891,1.565613,16.06676202791406,1.5688148024418374,17.259757160548666,2.035165938179338,1.4564070731529483e-12,4859.897636982052
1989-06-25,1261.1522942450695,4027.272430495358,99.99989303759881,16.37736,4.0828156,15.66413,1.4098754,15.834216893153046,1.4493876858796764,17.016097163261854,1.915737268950296,1.460756460993642e-12,4859.89763698205
1989-06-26,1109.6507841976013,2482.264870495358,99.82156711205926,16.19793,4.0399513,15.997149,1.3117809,16.059176422271598,1.5425501144645322,17.25180898888659,2.008901198578371,1.4512833407341501e-12,4859.897636982048
1989-06-27,477.7036237036013,1810.3551004953583,99.95960664957622,14.472012,3.5999851,15.787241,1.313187,15.512645819209096,1.2823709777174988,16.679156091219106,1.7487185156007565,1.4142927954214439e-12,4859.897636982047
1989-06-28,540.3293437036015,1555.860760495358,99.9291643032549,14.600153,3.530189,17.052334,1.3028561,16.420241697880243,1.3278452119121587,17.63013195042943,1.7941988262272228,1.399070946465577e-12,4859.897636982045
1989-06-29,570.2910737036013,1293.676830495358,99.7997092554478,14.308516,3.376275,17.394258,1.3336772,16.450158734114577,1.3870331833942067,17.661478918729493,1.8533870140443753,1.389662926535482e-12,4859.897636982043
1989-06-30,470.19951370360127,1015.720570495358,99.55696546896256,13.75074,3.2743394,18.35113,1.5150054,16.89539788140146,1.4649294726656514,18.127998975282804,1.9312866438839504,1.3801111029689476e-12,4859.897636982041
1989-07-01,416.6832737038265,844.2012304953579,99.43540198586375,13.54734,3.2909954,19.933714,1.6255773,17.823215277677342,1.5386265484550923,19.100162871515565,2.0049914093866086,2.2669249563654743e-10,4859.897636981815
1989-07-02,391.1985142125912,773.658750495358,99.27240683363618,12.778801,3.0756576,21.71841,1.8698958,18.71618689701226,1.6153241092315784,20.035815481783917,2.0816973007152875,5.089912888687774e-07,4859.897636472823
1989-07-03,396.2568898734191,718.3324604953579,99.00636148496064,11.814627,2.7544925,23.065218,1.9898517,19.065427100291593,1.6135623443809668,20.40174817296209,2.079939041972554,0.00029616981904196916,4859.897340303004
1989-07-04,405.482276280611,694.315970495358,98.8375176486244,11.4343605,2.6169379,21.331057,1.4618715,17.682264763912766,1.335156346924103,18.952475405008272,1.801519976248203,1.3902825770108187,4858.507057725993
1989-07-05,920.7725437037823,616.314360495358,99.02235879948985,12.725271,2.900349,25.390858,1.9005643,17.80369769858073,1.8971946446067816,19.079712418855642,2.3635593336410783,1.822659998073548e-10,4858.507057725811
1989-07-06,703.8052237124734,875.1720704953581,99.1021179808015,12.503969,2.853513,22.837275,1.9445548,18.231360130406067,1.667155093528432,19.52781565303134,2.1335236489147813,8.873331401023777e-09,4858.507057716938
1989-07-07,629.3525429644736,852.2324465196598,99.09839718742843,11.596949,2.6915066,23.856918,1.9588766,18.649088092861252,1.605235460294628,19.965509584160277,2.0716079941287937,11.640689260873458,4846.866368456064
1989-07-08,555.0374337036071,1352.6707591742063,99.10304761556938,10.910608,2.4338791,20.121553,1.7008938,17.44167849796338,1.3985502555501166,18.700389937949513,1.8649118351466507,6.994507188976115e-12,4846.866368456057
1989-07-09,504.54752374223824,913.7040505935556,98.90105812434527,10.154449,2.2715344,22.957064,2.0048633,18.402492811055026,1.5235926181379382,19.707127890827515,1.9899627792667909,3.863820749450608e-08,4846.866368417419
1989-07-10,473.2698918710126,714.6088269803514,98.60377043290967,9.764906,2.2002466,25.25864,2.158674,19.085688565578995,1.566803990557927,20.422978067029874,2.033180895839626,8.167412634135179e-06,4846.866360250006
1989-07-11,394.09119379608154,600.3355504953579,98.34538570287603,9.220707,1.9088938,24.608519,2.1767898,18.51033077304204,1.5163168741377058,19.820120138771877,1.9826880643132134,9.248161725408247e-08,4846.8663601575245
1989-07-12,428.3747937036014,599.2844704953579,98.0159532485467,8.702131,1.8843446,22.810102,1.830056,16.929262909002848,1.3251065449707322,18.16348263544173,1.7914639795510081,1.523387422336567e-12,4846.866360157523
1989-07-13,447.93324370360153,581.6703304953579,97.67255759219424,8.9496975,1.8788803,21.892143,1.8020141,16.261479318485996,1.3055929605893593,17.463781272002183,1.7719454439956295,1.5284645113263316e-12,4846.866360157521
1989-07-14,429.9593337036012,549.289950495358,97.3408167965562,8.81793,1.8247992,22.259153,1.967268,16.3575107091718,1.363691964456224,17.56440263489588,1.830045128476273,1.5193053584011259e-12,4846.866360157519
1989-07-15,442.237523703601,513.4804904953578,97.04851193486009,8.810194,1.6870226,23.51363,2.363552,16.70993783597633,1.490623314393573,17.933674573649803,1.956979066582157,1.5125259016058178e-12,4846.866360157517
1989-07-16,446.24034370360147,505.7530304953579,96.74334604288327,8.442322,1.744376,21.798399,1.9621905,15.537829686931243,1.3248506543873093,16.705543661731628,1.7911983481713936,1.5180380550438113e-12,4846.866360157515
1989-07-17,469.20982370360167,412.07558049535794,96.48569267966171,8.900711,1.9295532,23.12634,3.1167724,15.552398052799786,1.7830529409086389,16.72080834568922,2.249400725209406,1.5421326465188408e-12,4846.866360157514
1989-07-18,438.2255087036013,365.0909504953579,96.21406948210863,9.066673,1.8481871,25.982752,5.7407217,16.754686056516302,2.7970716981440087,17.980561606167445,3.2634277891189303,1.5261526542546419e-12,4846.866360157512
1989-07-19,232.08075381321524,327.35990480017813,95.88878715018399,8.779783,1.7312738,23.840927,3.1916268,17.592897829028722,2.000937041009781,18.858837036122353,2.4672999012257013,2.4679789780986175e-11,4846.866360157487
1989-07-20,416.25581469160136,468.6526004953579,95.74763018371102,8.646891,1.6951859,23.734827,2.1383753,16.637548779853244,1.385064182342625,17.85782556809364,1.851419391326151,1.5047760316247032e-12,4846.866360157485
1989-07-21,178.50999469160098,636.7625504953579,95.66376072089888,8.58029,1.765607,16.509827,1.4786121,14.773595526279788,1.2178477508096268,15.90478172060482,1.684191036575087,1.5417870934367552e-12,4846.8663601574835
1989-07-22,248.7672646916017,553.5984604953579,95.49871169974114,8.751318,1.7313491,20.897524,1.5639738,17.13168702556765,1.2052176665789698,18.375581932826105,1.6715767027227653,1.710659841537219e-12,4846.866360157482
1989-07-23,363.49529469160143,695.548780495358,95.30329938316238,8.807043,1.6678222,21.248392,1.4219595,16.978152614781308,1.095383621300087,18.214709102035304,1.5617414383998336,1.544890644559111e-12,4846.86636015748
1989-07-24,252.74418469161338,570.1051204953579,95.07399325965791,8.805933,1.594682,21.390743,1.3383775,17.5252267049623,1.0487037094923195,18.787931463647723,1.5150659933943584,1.3479379945156453e-11,4846.866360157466
1989-07-25,224.8534447255433,507.9436404953579,94.82671973402239,8.616089,1.5117775,22.719063,1.3862346,18.391668039576654,1.0669913215488047,19.69578573227511,1.5333613801163875,3.394339678459196e-08,4846.866360123523
1989-07-26,199.84434070311843,446.322260495358,94.57112724047846,8.628443,1.4100765,23.371094,1.5194695,18.811533783588207,1.136532369599417,20.135719623611166,1.6029065044534914,1.0115185149485973e-06,4846.866359112005
1989-07-27,210.7244845133814,424.9810706348334,94.27664314059146,8.714167,1.2835069,24.8498,1.7801683,19.501139841854872,1.2638415509192753,20.8582864941626,1.73022281827389,0.00014017721057853682,4846.866218934794
1989-07-28,252.49018879414245,421.2825897002148,94.09377907668471,8.175488,1.1737164,25.745934,1.9837109,19.161569883452373,1.316011265331753,20.50248625251029,1.7823889526057024,1.3548129653207309e-05,4846.866205386665
1989-07-29,256.1203205811202,462.3108446165728,93.87725699551186,8.135698,1.0195668,23.47376,1.6176853,18.005749722007756,1.1026133839963435,19.29142183832219,1.568979873651333,1.1390942561085778e-09,4846.866205385526
1989-07-30,241.01469408356004,467.2371440363325,93.59172140636659,8.052322,0.95852005,22.984636,1.4807403,17.90324169899538,1.029869953022685,19.18401428221597,1.496235523325843,4.4275011230203395e-10,4846.866205385083
1989-07-31,252.662933127389,471.8703455410491,93.28205136352291,8.0104065,0.9068123,22.698004,1.4782532,17.576070080988714,1.0133540262987402,18.84120497924881,1.4797167427137494,2.0916336603038282e-11,4846.866205385062
1989-08-01,197.01811899309865,420.5058374816173,92.995329590174,7.9220133,0.9262477,23.297007,1.9068712,18.39168717366283,1.331695497662271,19.695805780905197,1.798065556411025,3.3265056973490246e-08,4846.866205351797
1989-08-02,188.6369902832974,407.802196584223,92.69051398651682,7.974973,0.85956186,24.194197,2.1745846,19.064511105258624,1.5114735921160907,20.400788396497717,1.9778502803293632,6.722041525748137e-06,4846.866198629756
1989-08-03,157.50995761503975,419.6249196548793,92.47138776744228,8.119995,0.8273549,23.544298,1.9085828,19.334742631190018,1.405948428185937,20.683936065628373,1.8723279247433,4.53890125967667e-05,4846.866153240743
1989-08-04,198.07627120730106,426.3052652286051,92.20938621980197,7.9809527,0.7947459,25.441414,1.7708884,19.90232786501715,1.2351055887928633,21.27864993343938,1.701491255767043,0.0016801833656421665,4846.864473057378
1989-08-05,285.32767071094173,436.2404938429614,91.9516791755863,8.096849,0.7591771,26.159058,1.6657666,19.016769417924834,1.0508682491043904,20.350764819706168,1.5172444498477333,4.723045131007662e-06,4846.864468334333
1989-08-06,138.97298200586573,583.333320495358,91.75993497807768,8.17374,0.7674589,23.185186,1.303471,20.296958209921694,1.0629866875878191,21.692142259854013,1.5293768618078727,0.015087314265821964,4846.849381020067
1989-08-07,138.95807929562915,489.963310495358,91.5644014070556,7.7391086,0.8337425,22.895092,1.4561777,19.546428117107,1.1492992205977282,20.90573939416155,1.6156809753905292,0.00018460402832568424,4846.8491964160385
1989-08-08,288.1394144734139,449.673058326814,91.22743133947692,7.9028907,0.9136806,24.426672,1.5058032,17.973605865321435,0.9846655156514519,19.25774161516454,1.4510317157283648,8.356937487486381e-10,4846.849196415203
1989-08-09,292.68212736458327,455.763644319059,90.88650466774548,7.999392,0.93362486,23.731611,1.4634477,17.579476303048168,0.9630498837748557,18.84477400707912,1.4294126292714726,2.1356172091517594e-11,4846.849196415182
1989-08-10,297.4361054808563,455.05672803798393,90.5269088257984,8.11821,0.8720091,23.209763,1.3185495,17.244559356646928,0.8686773640575681,18.49384917549621,1.3350373135871623,2.1406247340048082e-12,4846.84919641518
1989-08-11,287.9364168467736,455.46192510601225,90.15116077690026,7.8706875,1.0082092,24.316368,1.8061383,17.946552510761084,1.1734586933229987,19.22939520273347,1.6398246505968928,6.557066386014598e-10,4846.849196414524
1989-08-12,138.9578947322058,390.832380495358,89.90727104871891,8.181761,1.1046352,22.050097,1.734793,18.412591586327384,1.312163731203883,19.717709353036955,1.7785339881362332,4.0604983230867356e-08,4846.849196373919
1989-08-13,138.95789469160246,812.8365304953579,89.73222163489893,8.222691,1.1605322,18.630424,1.2594362,17.110940086304044,1.0888274711396613,18.35384336078556,1.555186340980113,1.6411359666562065e-12,4846.849196373917
1989-08-14,138.95789472696347,669.270010495358,89.54016586619113,8.20932,1.1036597,20.512125,1.2469163,18.39691485781272,1.049825832278975,19.70128333048751,1.5161959405417602,3.536267336030024e-08,4846.849196338554
1989-08-15,138.9578952039094,552.0648804953579,89.29537642470706,8.256018,1.0537783,21.36028,1.2718529,18.725140783694336,1.0379566483050118,20.045197333642065,1.5043299279369868,5.123085978472865e-07,4846.849195826246
1989-08-16,138.95789604907185,459.55680549535816,89.17082483065546,8.378796,1.0708137,22.01644,1.3152099,18.85017086237078,1.0400082020050623,20.1762034226853,1.5063827220974533,1.3574710297965652e-06,4846.849194468775
1989-08-17,194.04206517326298,426.5658226141105,89.02372112529945,8.419806,1.0132072,23.885452,1.6979293,19.049893308952516,1.209279629731292,20.385471919496613,1.675656168411678,6.053952451770766e-06,4846.8491884148225
1989-08-18,222.52172421034953,421.3689192050439,88.84113845175347,8.365719,1.0039544,24.32222,1.6625261,18.807823649884206,1.1419578246211066,20.131832158198574,1.6083319225724164,9.714090783094654e-07,4846.849187443413
1989-08-19,231.58301029261602,429.6842205024894,88.5857344748358,8.223902,1.0318894,23.828732,1.4440536,18.36374962159346,1.0055140269028433,19.666532909346653,1.471883821570715,2.6808639795066585e-08,4846.849187416605
1989-08-20,180.52292469160358,635.8997804953581,88.40838592840888,8.419867,1.0801708,19.828262,1.2270323,17.30570023369195,0.9851098703858306,18.55791237746435,1.4514703207631867,2.775108988446893e-12,4846.849187416602
1989-08-21,138.9578951885087,536.193180495358,88.21124175384494,8.690382,1.1318798,21.319994,1.2044804,18.720599023312552,0.9845357934794701,20.040438492639264,1.4509090283877515,4.969078935005676e-07,4846.849186919694
1989-08-22,239.6532833945229,520.0832256173612,87.9140110365874,8.663284,1.0174137,23.658598,1.3734987,18.92843675503601,0.9935030871838518,20.258210157481358,1.4598783928721972,2.447602011698946e-06,4846.849184472092
1989-08-23,253.35880482237124,509.77530003214986,87.62455377689338,8.336054,1.0160017,25.139093,1.4571826,19.56052209567184,1.0301884981789409,20.920507016723935,1.496570405143859,0.0002035965775718446,4846.848980875515
1989-08-24,229.74136549592654,496.0450498313704,87.2913593503517,8.551167,1.0630426,23.054094,1.3139173,18.46331889974708,0.9589832496448514,19.770861258635467,1.425353989573366,6.05403612703049e-08,4846.848980814974
1989-08-25,261.17005878316564,489.3519413163708,86.92641473014685,8.653318,1.0764902,23.07173,1.1939839,18.054345340189872,0.8639343535359293,19.342340160937603,1.3303012832232226,1.7398013023905461e-09,4846.848980813234
1989-08-26,282.5141608557559,494.1682638537097,86.5709297406193,8.673445,1.0562553,22.534506,1.0993243,17.49261752582998,0.7980268126508553,18.75376367722178,1.264388820710045,9.881961216945233e-12,4846.848980813224
1989-08-27,285.8182755406032,484.1691028172492,86.13368676317351,8.700087,1.0650166,22.156199,1.0193979,17.16130792400815,0.7531051347574228,18.406618608958084,1.2194644091895266,1.7714803319211848e-12,4846.848980813223
1989-08-28,290.4922955546704,479.29291039276063,85.73404326747946,8.842959,1.0116634,22.633171,0.99267507,17.429186625299394,0.7264708964781785,18.687300996473518,1.1928323714550766,5.96687622548152e-12,4846.848980813216
1989-08-29,285.3175532586804,476.2678176345661,85.38598825462167,8.655612,1.0400839,23.43918,1.0740764,17.90071847549781,0.7765274525367768,19.181370457260424,1.2428930003617191,4.358465658878153e-10,4846.848980812781
1989-08-30,278.35868852655483,465.64507073167954,85.03457152037637,8.828947,1.0153673,24.34181,1.2650038,18.537887611067738,0.8781422956245797,19.848994099456867,1.344513750895156,1.1284962360766082e-07,4846.848980699931
1989-08-31,283.8373119672488,480.2219841093743,84.6524219473607,8.845684,1.0688179,24.555037,1.2996234,18.719232429417147,0.9082197372943625,20.039006580227127,1.3745929587501156,0.0,4846.848980219468
1989-09-01,300.4474665950197,489.93382993147634,84.18598058942221,8.822267,1.231037,24.239115,1.265778,18.37871168789693,0.9135678903242505,19.682210111274166,1.3799378263106823,,
1989-09-02,301.50406685663336,487.6169304026524,83.77144944565583,9.074808,1.3304887,23.911448,1.4719224,18.242726081269613,1.0419567099735734,19.539724857493603,1.5083253709687032,,
1989-09-03,307.5690393420528,501.4479246247821,83.32866235614186,9.104908,1.4172599,23.435226,1.5243663,17.987179643232707,1.0876738106943011,19.271964173260333,1.5540401329107547,,
1989-09-04,316.77507181860165,505.1731919759871,82.86356815518906,9.173744,1.5192038,22.273455,1.4980345,17.22488664066305,1.0910956917014991,18.47323617093612,1.5574554809871253,,
1989-09-05,320.07904827025885,508.1257577515348,82.36438357210446,9.211754,1.5044607,22.220655,1.60184,17.193062252212833,1.1418867904388235,18.43989068550421,1.6082463214361948,,
1989-09-06,323.50419758789053,505.8313987686169,82.02857805413295,9.2848625,1.3920574,21.768702,1.5158416,16.899051260281638,1.0722158239808284,18.131826973185003,1.5385730235476593,,
1989-09-07,323.0650257063344,502.7406542911453,81.69390608486412,9.2865715,1.3153472,22.804935,1.6151407,17.516390336718217,1.1097875590902602,18.778672747207185,1.5761497681248615,,
1989-09-08,332.2343352763083,503.89491289521305,81.2468468941731,9.324482,1.255592,23.05848,1.6453971,17.601302098057232,1.1100370286157393,18.86764300048187,1.5763999607712844,,
1989-09-09,349.3976789522329,498.3903052814615,80.78558965596727,9.360634,1.1771373,23.970192,1.7197235,17.94917515950683,1.1213500357740158,19.23214320512419,1.5877160165494666,,
1989-09-10,353.3433057829228,498.8969465632,80.32173616248127,9.480005,1.2378924,24.118567,1.6817325,18.049341773546672,1.1102286358686284,19.337097440912693,1.5765955201240214,,
1989-09-11,362.2222195853385,504.9591960417419,79.82737064566474,9.632973,1.415522,24.064526,2.0347266,18.03645693882489,1.3241571335701092,19.323596755135814,1.790523900964235,,
1989-09-12,359.26790634918746,507.3469265097996,79.35217549500989,9.769604,1.4986535,22.429705,1.6612397,17.18127389238722,1.1540581486782857,18.427538882375426,1.6204175842947337,,
1989-09-13,363.2800438052601,502.60771991462246,78.87215100420953,9.794294,1.501121,21.712408,1.6434617,16.712207056489138,1.143093276668905,17.93605225514618,1.6094490459825157,,
1989-09-14,374.8968225002666,494.32176325362514,78.3805459270609,9.738035,1.4821502,21.690805,1.4656887,16.535536491409975,1.0504402694965094,17.750937440974347,1.516794723156176,,
1989-09-15,357.2015361386106,485.35533905921096,77.89262110605091,9.759142,1.6312519,21.672121,1.7446822,16.621619925676182,1.219976356571095,17.84113536913698,1.6863314468294408,,
1989-09-16,332.0123147356619,473.5772484250009,77.43845345638664,10.26832,1.8749425,20.17601,1.431434,16.092696175177554,1.1424607388293846,17.28693087139991,1.6088120515582005,,
1989-09-17,169.39085643593404,364.3990065167,77.19729866479832,10.461586,1.8830192,18.258955,1.609299,15.78456741022462,1.2506040012817452,16.964074604767713,1.7169532608623175,,
1989-09-18,223.6254943380452,441.83705952482376,76.84795577930387,10.505205,1.9661397,18.612719,1.1019444,15.888227643324251,0.985818989091946,17.07268944266473,1.4521689272698386,,
1989-09-19,270.0294420987994,427.2789804953579,76.65955369566724,10.6570835,2.073966,19.83373,1.5017476,16.28011677335156,1.2213914075232073,17.483309533501366,1.6877440221959576,,
1989-09-20,402.7245120987984,780.6151304953581,76.83722009323812,11.457319,2.416931,18.214405,1.1102355,15.914774434647581,1.101356439683295,17.10050507986765,1.5677065536226111,,
1989-09-21,141.73958209880047,801.102700495358,77.03390250980868,11.30912,2.4005907,15.981828,1.0313647,15.279369192492188,0.9477187602949181,16.43472963916139,1.4140648885555636,,
1989-09-22,183.3655520987998,669.8621404953581,77.14272165082556,11.252535,2.454578,17.804735,1.3083606,16.396614187307534,1.154716807193105,17.60537512561795,1.6210702513770845,,
1989-09-23,184.45238209879847,374.5798104953579,77.27784436133778,10.8109,2.1880164,21.479528,1.5885897,17.959419921474428,1.2861619323072992,19.24287763169387,1.7525280049614387,,
1989-09-24,55.4436220987998,517.8337204953579,77.54370415206594,10.018082,2.0309901,17.13963,1.0934258,16.45088001000327,1.0070192903006943,17.66223466914011,1.4733731261791658,,
1989-09-25,79.64728209879937,450.55881049535816,77.57964863983347,9.821674,2.0403109,14.058949,0.9609726,13.422428216212936,0.8722386199162876,14.489033231851161,1.3385757467859198,,
1989-09-26,188.13698209879936,655.1935304953579,77.57177395098932,10.125889,2.2303672,13.096879,0.79739815,12.434086519988517,0.794584525416422,13.453452181024291,1.2609184695074993,,
1989-09-27,112.8860920987994,690.2095804953581,77.56079715939913,9.859755,2.048362,12.807033,0.89535356,12.392752307373359,0.8216022393028124,13.410142334340065,1.2879360746238864,,
1989-09-28,91.86142209879938,580.0131904953581,77.47926778012398,9.616991,2.0685668,11.834592,0.9066802,11.53139248669852,0.8322450990831491,12.507612458648218,1.2985771124190446,,
1989-09-29,75.0497120987994,518.2333704953579,77.45603110205467,9.9394455,2.1356862,13.14051,1.0563707,12.735578221219237,0.961477167452494,13.769354154976016,1.4278119640206202,,
1989-09-30,70.55453209879938,456.3107404953581,77.32429327897528,10.133303,2.034835,14.424955,1.0892192,13.850243838398383,0.9819246284512954,14.937296978362529,1.4482634794941538,,
1989-10-01,40.89558740720148,426.0959404953581,77.278328909628,10.541937,2.1115158,15.590135,1.2155552,15.14805162805003,1.1244146078473294,16.297135544025533,1.590759969972222,,
1989-10-02,139.94982140720148,699.679690495358,77.2834188974727,10.499538,2.137966,15.855375,0.88871616,14.962662012718923,0.8218612326936693,16.102884938804294,1.2882055467894276,,
1989-10-03,105.89431740720148,727.750310495358,77.31066625754781,10.361233,1.9982537,15.307604,1.013855,14.679287439038688,0.9207481442523572,15.805966029169666,1.3870909323595204,,
1989-10-04,95.0278220987994,617.6638004953581,77.27995605063043,10.090046,1.8720272,13.146474,0.79635406,12.738940411734955,0.7339215990795289,13.772877046705313,1.2002564057405118,,
1989-10-05,89.02639709879939,516.3883704953579,77.22614644442358,9.7905445,1.9648216,11.618352,0.843015,11.349572384737803,0.7749265981300073,12.317101977334705,1.2412583353420417,,
1989-10-06,86.5710820987994,473.7005804953579,77.16692270232305,9.990177,2.0004356,12.504828,0.8020439,12.116273938266069,0.7452400692699622,13.120449244283472,1.2115732272948099,,
1989-10-07,80.87059209879939,454.6640504953579,77.09856957839096,10.045437,1.9195969,12.756093,0.7623534,12.346759339407093,0.7091801936504274,13.361951059724108,1.1755139102390073,,
1989-10-08,78.81723209879938,422.035580495358,77.01847523067747,9.809891,1.8945297,11.2160425,0.70041287,10.994761959223442,0.6612189215564485,11.945332826339522,1.1275502288186467,,
1989-10-09,76.90602209879938,397.6565904953579,76.93122390733619,9.594282,1.8856677,9.570939,0.70691,9.574721966131504,0.6665293281633711,10.457419775741668,1.132860356023313,,
1989-10-10,78.62289209879938,384.786050495358,76.83632009507323,9.201456,1.9196044,8.918324,0.7733146,8.966361146434899,0.7199850662671842,9.819981388440993,1.1863166801389022,,
1989-10-11,87.58194709879939,407.061945495358,76.75462110925041,8.911396,1.8805997,10.0097475,0.9283254,9.815272727407773,0.8333689876011131,10.709468041125302,1.2996999005305452,,
1989-10-12,77.5752670987994,397.776995495358,76.66486033725838,8.815172,1.8406997,11.678525,0.87714887,11.211239183514605,0.7930924402350785,12.172156921961431,1.2594239926928952,,
1989-10-13,77.4885320987994,368.481340495358,76.5658647240551,8.845957,1.8251717,13.159277,0.8338669,12.409825332914476,0.7584618140355182,13.42803139214083,1.2247956940469764,,
1989-10-14,78.68030809879939,346.026004495358,76.45897723677506,9.2674675,1.7507651,14.014918,0.7571029,13.1354143435249,0.6969178710344399,14.188301077156481,1.1632539585144022,,
1989-10-15,54.93706639696393,302.06331332005686,76.39726457145845,9.521046,1.6375583,15.15736,0.9990509,14.290014842599941,0.8820736786492168,15.398087533282947,1.348414520234773,,
1989-10-16,54.94409198643916,335.29468661072906,76.34179387849042,9.944386,1.4752667,15.858495,0.8602473,15.025811336621693,0.7677592009845811,16.16905258452445,1.234103867656594,,
1989-10-17,56.5713620987994,656.071560495358,76.33880405923104,9.087727,1.5844852,15.609187,0.7825043,15.091497419945451,0.7312854545390939,16.237878238094442,1.1976304927899306,,
1989-10-18,54.93684209879939,646.1597804953581,76.49712637695332,9.077262,1.4203935,14.44917,0.7744486,14.028235732988858,0.7223895694063194,15.123796277079574,1.1887291994513893,,
1989-10-19,709.3203820987994,2280.201930495358,76.7137125683831,9.65748,1.7247512,12.923901,0.6517318,12.148880952714919,0.6438738297111174,13.154614762561474,1.1102070630666698,,
1989-10-20,631.0356420987979,7729.611130495358,79.28229893550014,9.514828,1.874147,10.576349,0.93359125,10.496228911444849,0.8746411527845215,11.422971603027083,1.3409720992301835,,
1989-10-21,54.93684209879808,6336.13973049536,83.23717042232866,8.382114,1.5456502,8.97993,0.88888127,8.974791181562692,0.8813407268097256,9.82881435043126,1.3476723296688125,,
1989-10-22,54.93684209879859,4797.235430495358,84.79756876415796,8.6732025,1.569013,8.180955,0.848371,8.186528215840353,0.8389537846834926,9.002875109489544,1.3052867688406056,,
1989-10-23,54.93684209880104,2772.651930495358,85.65951648880176,8.214259,1.6516498,8.471825,0.88720906,8.466820440557804,0.8705632086475653,9.296564344417451,1.3368956202147557,,
1989-10-24,54.93684209879922,1920.1666304953585,86.17757110999726,8.166178,1.6571136,8.720487,0.8470815,8.7050687246247,0.8248090740480649,9.546200082051728,1.2911410695653462,,
1989-10-25,387.7894737036002,1576.2543604953578,86.1447017692233,8.934816,1.9974865,10.054135,0.82470846,9.833132051839243,0.7704694592722519,10.72818098021555,1.2368003663081293,,
1989-10-26,1388.8171413328023,2773.231415029758,85.22315326671198,11.444365,2.3476245,10.774321,0.8354255,10.997904855242126,0.9610063169401344,11.948625942044446,1.4273376273787293,,
1989-10-27,54.93684209879996,1054.6200304953582,85.3707889425294,9.023176,1.9658688,11.014576,0.8924926,10.915976943502566,0.8538689939922676,11.862782156180291,1.3202002253210279,,
1989-10-28,54.93684209880013,946.302790495358,85.55697046551113,9.36533,1.808239,12.331437,1.0591744,12.168690285021151,1.0059634626077862,13.17537091323713,1.4722967423218636,,
1989-10-29,387.7894737036004,1587.0621158735055,85.16022140575888,9.997217,1.9937773,13.228002,0.91362566,12.593592307779893,0.8320814952575407,13.620581800228836,1.2984158774045151,,
1989-10-30,54.93684209879939,1207.9865682971338,85.06305677067674,9.555338,1.5983042,12.363363,0.94762254,12.241214888229107,0.9090638045267819,13.251361944565472,1.3753972577951794,,
1989-10-31,54.93684209879939,1054.603349255658,85.14921763985838,9.20113,1.6931032,12.765305,0.8531447,12.588831012150004,0.8152244891994024,13.615592930943514,1.2815588578489265,,
1989-11-01,389.2522137035998,982.643670495358,85.22515659374692,9.40748,1.7913321,12.313566,0.7918585,11.489013551016805,0.7615929742266668,12.463207954706062,1.2279249198236641,,
1989-11-02,387.7894737035995,880.0273704953581,85.23537705452122,9.367239,1.7514673,9.181877,0.73367333,9.238574110489346,0.7391548667326974,10.105205201663775,1.2054861660616765,,
1989-11-03,387.7894737036009,864.0672691149908,85.20618128914442,9.072725,1.6683451,6.2970786,0.6700657,7.156894697801413,0.693536546632591,7.924028628914449,1.1598724054765912,,
1989-11-04,387.789473703601,833.9773004953579,85.19804977049516,8.912391,1.6006188,4.49279,0.7385678,5.895573947288282,0.715726983886189,6.602421058136081,1.1820680167674347,,
1989-11-05,387.7894737036005,755.485890495358,85.13488678579726,8.890345,1.7612768,4.2496285,0.8137251,5.823720753862093,0.8037649279530769,6.527133527681975,1.2701063103617334,,
1989-11-06,387.78947370360095,735.6168804953578,85.0654064860635,8.996162,1.8828801,5.3866243,0.98139256,6.63260346611709,0.9140051610985405,7.374678068555534,1.3803429496483748,,
1989-11-07,387.7894737036009,710.013950495358,85.00406733895706,8.91379,1.8787372,7.2732105,0.97540456,7.852730810909738,0.9156426899460214,8.653123329632592,1.3819764732203026,,
1989-11-08,387.7894737036007,690.401890495358,84.91829551129679,8.942879,1.8663439,7.754921,1.0110437,8.182189746121383,0.9325906899202816,8.998329275748324,1.398923683646355,,
1989-11-09,460.20077209879867,1315.526230495358,85.37683038992131,9.132633,1.8710451,8.615382,0.77155167,8.749433946838199,0.7495680107549192,9.592685810232107,1.2158999359681988,,
1989-11-10,459.1818737036011,1857.054370495358,85.7109247009781,8.756569,1.7494235,8.931087,0.727728,8.896489321030339,0.678752731277355,9.746769928626982,1.145084439555432,,
1989-11-11,387.7894737036008,1303.9277113793953,85.91932101523047,8.64023,1.6920732,7.058958,0.6846635,7.421430392723091,0.6549286612648026,8.201208225783349,1.1212636657927226,,
1989-11-12,387.7894737036003,1150.8080291473898,86.0857291661642,8.562532,1.6484892,5.770776,0.66806823,6.474412602028548,0.6498592182092816,7.208926221911976,1.116197650736286,,
1989-11-13,387.7894737036007,1065.7269704289274,86.19141228724862,8.442791,1.5787266,4.9779577,0.67165256,5.902354468078526,0.6480135778508427,6.609525664642048,1.1143545780533746,,
1989-11-14,387.7894737035999,1023.325931663766,86.26268484687785,8.874823,1.7385831,5.6503534,0.6263005,6.536471748757956,0.6592117391976433,7.273951583716469,1.1255499156772102,,
1989-11-15,387.7894737036004,1015.4666949353898,86.2949420443877,9.297165,1.8634537,8.575702,0.7239456,8.77507788037128,0.7346038089118431,9.619555436128667,1.2009356945147984,,
1989-11-16,1004.893623703598,1514.920617307284,86.87669198984716,8.910358,1.431873,10.188297,0.86511755,9.67865946839941,0.7723904017292113,10.566325135325402,1.2387213718094294,,
1989-11-17,463.50182931332847,3127.4847009217447,87.56010728019874,7.762187,1.373012,8.798977,0.81273144,8.665154616075437,0.729677340822864,9.504378215553364,1.196009401514409,,
1989-11-18,608.4239607492708,2418.684133171962,87.72615228965628,7.752216,1.2997193,5.7176666,0.61778414,6.126594376912636,0.5584783003373687,6.844483474592647,1.0248182494401612,,
1989-11-19,621.6023272295877,2168.370264300114,87.75155117728681,7.4097304,1.2083393,3.4890661,0.6339631,4.362585120910251,0.561469045831237,4.996160606117331,1.027818816755377,,
1989-11-20,605.7967372983419,1963.633236319713,87.77380439217318,7.800609,1.1817441,3.4881501,0.60067457,4.5049023231546395,0.5369909072693845,5.145280084141983,1.0033397538097617,,
1989-11-21,597.4330096432931,2076.105202756318,87.92098506340665,6.8508534,1.0892347,2.2397056,0.7514482,3.2701198440905235,0.6322578664329974,3.8514792234713497,1.0986155045262358,,
1989-11-22,627.9324332398236,1816.3962699554163,87.80863701550537,6.590322,1.0299759,0.36193442,1.0710061,1.9619674190452847,0.8387022414077709,2.48080158420431,1.3050710955272489,,
1989-11-23,592.8032472826814,1637.2400069891703,87.81828134537032,6.480228,0.9560639,-0.3364755,1.3480666,1.4755808112042115,1.0218255165897197,1.9711673591378769,1.4881990400146934,,
1989-11-24,515.9067543622264,1400.62941042163,87.84612165711748,6.3245883,0.9204459,-0.9374448,1.3565195,1.0174006061924319,1.0218559318258895,1.4910877065372128,1.4882341012108264,,
1989-11-25,430.0864577647462,1245.257980462698,87.91631766990895,6.527601,0.931643,-0.85715187,1.2827365,1.0386267143408143,0.9829780493839674,1.513328350097267,1.449355998232957,,
1989-11-26,426.5793283978837,1220.9914061250995,88.02684827973995,6.6815925,0.9182533,0.19557822,1.8369428,1.8748988945880491,1.381937158477121,2.3895714819068803,1.8483068285749846,,
1989-11-27,453.3291643627581,1247.390462781404,88.1529984444666,6.5548186,0.92027193,0.6670871,1.5647131,2.2364700509943316,1.173559485909861,2.7684245036202157,1.6399258242260517,,
1989-11-28,484.7798913114111,1258.1633258557567,88.19021085898565,6.776374,0.92430663,1.6709613,1.3050722,3.0909738820478068,0.976529485354205,3.663770696822827,1.442888543789289,,
1989-11-29,474.8331283141342,1197.2060904227374,88.20990787433783,5.8364067,0.8231976,0.81828344,1.7454463,2.243352386481389,1.271443189171759,2.7756357912174674,1.737809465518934,,
1989-11-30,495.57843820350354,1176.0431399493878,88.12353833808147,5.783862,0.7933078,-0.35039437,1.9633584,1.4682021890168304,1.4011694025852195,1.963436064032497,1.8675429989278944,,
1989-12-01,470.6440216212975,1112.7021340997026,87.74214128818889,5.4027643,0.75988626,-1.3753494,1.5219163,0.6394208295769738,1.0931228923857288,1.095041788658765,1.559505075187952,,
1989-12-02,387.78947370360027,987.8717465511784,87.44178633087685,5.2872024,0.7618436,-1.3607649,0.89741576,0.5132515545874797,0.6792824386173433,0.9628420536128637,1.145665997459302,,
1989-12-03,387.7894737036004,848.5488602863729,87.16749474372327,5.077334,0.7457895,-1.5889927,0.8919262,0.5019650989947738,0.6553368606734908,0.9510161440236449,1.1217205434958242,,
1989-12-04,387.7894737036004,744.7844925158622,86.94169710954127,4.592201,0.72802466,-1.7539634,1.060396,0.4189418165624579,0.7405351306319556,0.8640246324919576,1.2069197299314989,,
1989-12-05,387.7894737036004,650.980510495358,86.86107459123636,4.6326604,0.73895305,-1.6131698,0.9614871,0.7184986594401334,0.6626954000320007,1.1778992684753449,1.1290767296668078,,
1989-12-06,387.7894737036004,640.9678504953579,86.64402790986571,4.9953055,0.78327656,-1.7609195,1.2231524,0.7858356200843676,0.8172824870069503,1.2484547056584887,1.2836630957825905,,
1989-12-07,387.7894737036004,644.1218504953581,86.41575451728444,4.573739,0.7501584,-1.7931806,1.1949003,0.5994905265911913,0.7973575014726849,1.0532029536851744,1.2637401177980279,,
1989-12-08,387.7894737036004,647.818970495358,86.27390688959107,4.2752256,0.6753233,-1.8924419,1.3815408,0.4170763186683578,0.9004527405309799,0.8620699701754051,1.3668373605139101,,
1989-12-09,387.7894737036004,646.742570495358,86.11524752408938,3.9840333,0.6410194,-1.8353833,1.1848751,0.3459976767571169,0.7787280025090262,0.7875940121509892,1.2451134135282522,,
1989-12-10,387.7894737036004,622.699170495358,85.81512202735288,3.9460053,0.6502836,-1.7458876,0.9653109,0.43845772523251947,0.6450854717015417,0.8844733348846516,1.1114698548603603,,
1989-12-11,387.7894737036004,582.6250904953579,85.5060599645187,4.102087,0.66436857,-1.9216031,1.3085223,0.4855368146863051,0.8292677357160272,0.9338026438825118,1.2956515992614088,,
1989-12-12,387.87594370360034,579.416980495358,85.1399424754189,4.112895,0.64655226,-2.0302649,1.7503318,0.43308814946810315,1.0800433972352201,0.8788471117536727,1.546427839819225,,
1989-12-13,389.9852137036004,418.0179804953579,84.92767345437645,3.9020567,0.60567385,-2.0631795,1.5281401,0.8159600028762136,0.8428947207457606,1.280018930972734,1.309275008710784,,
1989-12-14,91.10933784347476,431.3122878605745,84.6573615590538,3.5765285,0.5803152,-0.76717937,0.5183513,-0.009644970841783899,0.4397560629004549,0.4149528617004343,0.9061455186362389,,
1989-12-15,116.37160009586296,430.5551709589589,84.59258494295514,3.4757724,0.609034,-0.71955526,0.3654412,0.17309987568820856,0.31552378947217186,0.6064322872125532,0.7819111487915984,,
1989-12-16,101.92934634659832,429.0803592280192,84.50271861337463,3.4039705,0.5941081,-0.72763765,0.36720648,0.06544035259539133,0.31788057994605073,0.4936270069315684,0.7842691696951245,,
1989-12-17,101.58209211972644,414.5262299427007,84.43470533225633,3.276747,0.57070476,-0.92538846,0.4738943,-0.09831070544410248,0.396849892302605,0.3220492080727761,0.8632403789531806,,
1989-12-18,97.00540909461051,418.5941127507549,84.35554907052546,3.1384883,0.5603703,-0.6999873,0.40969554,0.02218733868811173,0.34892397825428734,0.44830664681255233,0.8153130660692052,,
1989-12-19,106.0921224287431,426.7430494398075,84.3096514037087,3.132155,0.5568496,-0.7096671,0.38881156,0.055273132212890055,0.3305454493284139,0.4829738281696878,0.7969341559624608,,
1989-12-20,81.05067994348911,411.8702099315235,84.29621198043526,3.1255283,0.55324733,-0.7816547,0.38671863,-0.13919900010590935,0.3356918659344638,0.27920659269577797,0.8020828310207352,,
1989-12-21,115.4229026814537,429.2462020927203,84.26204226651794,3.065123,0.5411506,-1.0045081,0.499912,-0.1420970994920731,0.41032449749041744,0.2761699740656127,0.8767154965600178,,
1989-12-22,129.48366747304317,450.8428817664529,84.23675400607601,2.954635,0.54520845,-1.0086578,0.50240034,-0.12435969322956242,0.40882177369058725,0.29475516771518134,0.875212564920512,,
1989-12-23,126.575324564212,442.5469820609612,84.20844558892688,2.8943906,0.55715054,-0.7323011,0.37941685,0.07429119915064702,0.3199980667259728,0.5029008936970599,0.7863865548196729,,
1989-12-24,142.1970678646084,445.8203163526418,83.92944445132711,2.8775287,0.5649355,-0.74864614,0.36987817,0.12825212692171808,0.31193932302143484,0.5594409693593844,0.7783271932907798,,
1989-12-25,144.19741129949625,431.16499112351215,83.64624317296268,2.890081,0.5621187,-0.8464252,0.40357384,0.09001854276217935,0.3336325119094279,0.5193799505719889,0.8000208195895249,,
1989-12-26,138.5733524844695,410.69872948434937,83.37682388767793,2.87058,0.5750046,-1.063392,0.38294184,-0.07090816005327333,0.320982070365321,0.3507615014623715,0.7873722374473241,,
1989-12-27,146.06204386292504,418.460461451538,83.0941248825462,2.8229768,0.5813543,-1.21097,0.4955259,-0.1672445604281105,0.39692080513594474,0.24982055045912757,0.863312099489725,,
1989-12-28,155.83416239485933,423.9625477439166,82.87509454716364,2.8244612,0.5823674,-0.699777,0.29559013,0.2474458778513371,0.266867027980189,0.6843317741399846,0.7332535453424203,,
1989-12-29,157.13420759913782,419.7162735394921,82.65130594184022,2.8927994,0.5817757,-1.1511768,0.38462734,-0.04959673954908485,0.32161045189227416,0.3730915350172136,0.7880003710339112,,
1989-12-30,154.3410697519135,419.0283616671929,82.42486600849594,3.0539474,0.6096825,-0.900159,0.28208154,0.16421762212594682,0.2634993303455712,0.5971254922924802,0.7298867906777907,,
1989-12-31,59.85494645835533,481.65417384633736,82.2974657387833,3.2776825,0.65536994,-0.6326388,0.20696932,-0.2004169591833582,0.1978321792777598,0.21506262443755145,0.6642238642513525,,
1990-01-01,170.8027720987996,779.6125304953581,82.66717222675655,3.1553617,0.46530053,-2.4177842,1.1373687,-1.416212837072419,0.9367077193718709,-1.0588441404243079,1.4031145889273597,,
1990-01-02,131.73704209880054,1034.528430495358,82.86975663558958,3.035815,0.46160024,-1.4354016,0.57972854,-0.9303494434175592,0.5168811200890695,-0.5497581373936709,0.9832817187644506,,
1990-01-03,245.2107420987989,723.1863204953582,82.89979258607704,3.1444309,0.4417725,-1.4811989,0.7192695,-0.309929233025262,0.5486654799876203,0.10031603825498542,1.0150584634498272,,
1990-01-04,158.3529820987963,768.8278804953579,82.95161286621959,3.3436563,0.430463,-0.96192706,0.7147209,-0.22657757716487187,0.5971964986730232,0.18765161834212035,1.0635884925869108,,
1990-01-05,167.88264209879685,779.1789304953581,83.12595627534533,3.277785,0.45505092,-0.8487438,1.0126523,-0.11724693530342642,0.8370385178671224,0.30220789115644003,1.3034292258537017,,
1990-01-06,277.300382098798,606.4523604953581,83.17397663379792,3.2562976,0.44878703,-0.84468305,1.8115983,0.4421061643484642,1.2511124425976612,0.8882961569187733,1.717496785397952,,
1990-01-07,274.7571220987992,547.500450495358,83.19348829836605,3.1466563,0.44264078,-0.48029935,1.97109,0.7316467854842126,1.3207589149845,1.1916758299997108,1.7871401034579686,,
1990-01-08,212.5509220987976,579.9235304953579,83.20513729478061,3.3447897,0.45334816,0.9109587,1.6391283,1.5637406730607988,1.2056421375630622,2.063540961031797,1.6720147945820296,,
1990-01-09,199.1591920987994,594.360710495358,83.21109022861386,3.3604972,0.46104664,1.2466989,2.0295923,1.7772241478101993,1.5245987592200825,2.2872282161174677,1.9909693550114846,,
1990-01-10,229.31142209879943,608.4288804953582,83.22277008776321,3.421207,0.44564873,0.5590972,2.7462614,1.3425314426366561,1.9982646900628194,1.8317586855593064,2.46463953788012,,
1990-01-11,229.4755420987994,645.351730495358,83.2294709605758,3.3189757,0.44681606,1.1375958,1.8981448,1.7097925412199646,1.4051399370952637,2.2165736092356356,1.8715111783221312,,
1990-01-12,198.65645209879943,626.7787604953578,83.2304144127828,3.140175,0.44914904,1.0937446,1.4648838,1.5862564767877918,1.1175720878328232,2.087132943210516,1.583944524998644,,
1990-01-13,187.5059620987994,546.7074904953579,83.19064349460568,2.922965,0.4592718,1.0384854,0.8825941,1.519750313919302,0.6675786468469745,2.017448013096857,1.1339517350777653,,
1990-01-14,120.50845209879938,469.41735049535794,83.14918569681267,2.9057145,0.46113288,1.0588288,0.86616987,1.4361056571612185,0.695638439688857,1.9298054276706924,1.1620123539432345,,
1990-01-15,54.93684209879757,513.382420495358,83.0166949393178,3.14967,0.46397302,0.9247303,0.8790051,1.1398051060187613,0.7953013032546805,1.6193427230363902,1.261678207956531,,
1990-01-16,54.93684209879757,519.532390495358,82.88712325193241,3.3148646,0.48673013,1.0470233,0.8806749,1.263898342891378,0.7978143864970647,1.7493671924400085,1.264190026555979,,
1990-01-17,54.93684209879757,474.1797504953578,82.85952156539331,3.5829914,0.59775996,1.9736736,0.8793339,2.1407649906226762,0.7904751092008977,2.668145068514178,1.2568423148655437,,
1990-01-18,54.93684209880104,284.1069004953581,83.27954619703816,3.6020308,0.6888023,2.993228,0.87935495,3.0918751207971313,0.7452735189138184,3.6647150117036387,1.2116325701116635,,
1990-01-19,54.93684209879922,614.6568004953581,83.57103683704244,3.0171537,0.5607137,4.4573565,0.85547775,4.339194953187341,0.7866363669362428,4.971652468332554,1.2529862920013675,,
1990-01-20,54.93684209879922,550.548490495358,83.65381427955457,2.9234104,0.5854732,3.3538034,2.583495,3.3147530180547755,2.3496900536668135,3.89824571058022,2.816047343601167,,
1990-01-21,54.93684209879871,1016.932890495358,83.84857753515223,3.148775,0.55158716,2.039757,3.052418,2.0965978305385544,2.8961095957147616,2.621866869155919,3.3624772051863197,,
1990-01-22,54.93684209879905,1112.754170495358,83.9681811880276,3.2773752,0.49425018,2.2117784,1.132543,2.2619119766652096,1.0795102205208882,2.7950824663692897,1.5458763300262337,,
1990-01-23,54.93684209879865,929.589930495358,84.08176478377233,3.2053895,0.5052932,1.3786486,0.66632473,1.4805812392663524,0.6297751285541066,1.9764067905682798,1.0961486025987792,,
1990-01-24,54.93684209879928,904.8195304953584,84.16438178571019,3.3462293,0.5524183,1.6665947,0.8887833,1.7627377044317232,0.8385053915289601,2.27204937026493,1.30487612554181,,
1990-01-25,54.93684209879939,1241.215430495358,84.40170770009337,3.5148485,0.6380246,2.9648457,0.96324193,2.988157283882943,0.9228116764539784,3.556039816726641,1.389171566637092,,
1990-01-26,54.93684209880104,5691.931030495359,87.09292595765253,3.4061894,0.60723245,3.0681462,1.5586632,3.0713777328061846,1.543774237935938,3.6432379186335404,2.0101334539641127,,
1990-01-27,769.5041499539745,5037.459853595175,87.70431432194609,3.63272,0.5117776,2.7682943,1.1980339,2.8828428543712623,1.0414880082284046,3.44569171748367,1.5078487628990944,,
1990-01-28,925.358338064512,3563.38319134342,87.7044524374303,3.597728,0.48955107,3.044857,0.9115568,3.15883190564488,0.730642042339522,3.734872101986791,1.1970005584506542,,
1990-01-29,898.769183411632,3144.7839732477214,87.48294463301157,3.3788016,0.5376839,2.3952656,0.98732775,2.613878224548221,0.7771171275698874,3.1638714977646796,1.243480147632343,,
1990-01-30,844.9016929174661,7397.596456670421,88.49784131186783,3.2389898,0.47835365,2.5368433,1.5723664,2.608817206469593,1.4120417478346399,3.158568580322118,1.8784048113171838,,
1990-01-31,1249.4933418036342,4787.784967499824,88.18038036388377,3.1291554,0.44671878,1.4864156,0.97416973,1.826402006439351,0.7780651352567917,2.338756608282993,1.2444352636109448,,
1990-02-01,985.72652390421,3631.2348882051538,87.91356579855389,3.2297654,0.43951535,1.6564338,0.91654956,1.992341909428706,0.7269470418051873,2.5126278713980574,1.193315613304233,,
1990-02-02,846.1473841747675,5328.125831492272,88.44618499699338,3.2785976,0.45332438,2.213698,0.9980592,2.3596360717253804,0.8635188243101383,2.8974774391202294,1.3298840618199868,,
1990-02-03,589.6741375074898,5169.432636928606,89.13155053468812,3.2605975,0.44248235,1.9246976,1.104068,2.06148023437811,0.9920577311842078,2.5850707719425023,1.4584256633171977,,
1990-02-04,867.1014624387449,4985.390905172334,89.49615909753305,3.0575562,0.47482032,1.138796,0.82948583,1.4230782321541346,0.7100831451205997,1.9161553362802946,1.1764571887459097,,
1990-02-05,870.0549071197186,3674.196048864809,89.38077837648983,2.9795847,0.42707327,0.42508495,0.7992809,0.9141765634663591,0.6514008163761152,1.3829299074225718,1.1177800655871142,,
1990-02-06,818.4021712271433,3015.535014185409,89.14207139234841,3.1473157,0.42768803,0.93288475,0.9149165,1.4055829324107822,0.7253841351662398,1.8978238210139002,1.1917583528367346,,
1990-02-07,500.2603456111272,2572.586349633853,89.11804253648525,3.2609825,0.42933807,1.8175275,0.9216387,2.05252242793355,0.7747550379231772,2.5756848129706222,1.241123052586476,,
1990-02-08,520.3660651966428,2447.76899606125,89.43714805618008,3.392342,0.45806453,2.6945934,0.90042156,2.816920991400972,0.7468917900089942,3.3766190148060153,1.213253092262486,,
1990-02-09,755.4466028704439,2477.838536169796,89.83050789853714,3.6464295,0.43843982,3.7665434,0.9476506,3.73847917634515,0.7334244306145591,4.342224530801463,1.1997785287701686,,
1990-02-10,543.9277279225662,4089.153410403957,91.69174096445522,3.3705826,0.45816863,3.275782,1.3083651,3.2869117656434566,1.1560140156518066,3.8690737414742005,1.622371522493167,,
1990-02-11,924.9641948644712,3506.2091642049813,92.49499935227307,3.3151896,0.4413103,2.836419,0.8953577,2.936357773925064,0.714424454676035,3.5017644672605424,1.1807847684773483,,
1990-02-12,1060.5722176702943,2645.103412383389,92.3849436879671,3.200622,0.42129323,2.555643,0.88780034,2.740237438205619,0.6450788196108324,3.2962702498975376,1.1114407650922373,,
1990-02-13,1012.0754760355426,2369.696636281451,91.95775050822553,3.3083663,0.42845663,2.8838491,0.8939799,3.010895966521202,0.6394239145712236,3.5798653306667108,1.1057836197657118,,
1990-02-14,893.7247385781078,2314.338133689155,91.62921507351581,3.301949,0.40457088,3.4447048,0.9085717,3.4049348701370876,0.6650751391073273,3.9927379469208275,1.1314317325343461,,
1990-02-15,773.0002804390531,2205.611989540627,91.27873932027009,3.142636,0.43614656,2.7299347,0.94157124,2.837037680130971,0.7063453303155028,3.397697212491848,1.1727064649419865,,
1990-02-16,599.3653412875935,1889.145852079464,93.00234859226101,3.6474981,0.4343656,3.3245802,0.9103628,3.4023559408817956,0.6989728646995553,3.990035753662761,1.1653294779154046,,
1990-02-17,982.6928809240114,2510.685805390946,94.21633859608434,3.1218262,0.43961602,3.0466876,0.884165,3.067824199784531,0.6473693637180709,3.6395145388805967,1.1137286083709508,,
1990-02-18,1025.9967128146125,2270.754592723634,94.10573191036679,3.013705,0.4144339,1.5863343,0.88279235,2.0305527545908757,0.6215831941701367,2.5526650643417392,1.0879514116335223,,
1990-02-19,851.7582165853144,2123.7145770757,93.90850839730261,3.2478452,0.43624848,1.9119539,0.8875148,2.294365873642022,0.6456472630569827,2.8290875486834968,1.1120130817639313,,
1990-02-20,778.6992832618878,1901.4097613899144,93.51784939136853,2.9938836,0.40646586,1.2120757,0.88477343,1.7297757408235197,0.6387175940128994,2.23751193747109,1.1050886434243605,,
1990-02-21,696.1067883554231,1758.1586034537747,93.1232146225362,3.1190712,0.43628582,1.1056328,0.88799846,1.676707200769684,0.6480581573222042,2.18190690260841,1.1144297171336044,,
1990-02-22,598.9392831371667,1645.972281234604,92.83256261777731,3.4543445,0.41760865,1.8991094,0.9125223,2.314043937871665,0.6782762276364112,2.849706157117219,1.1446418706074877,,
1990-02-23,533.2031915296855,2410.341961048903,93.0457284725874,3.7391357,0.4498761,4.014318,0.94346493,3.9644705962117124,0.7768487961177386,4.579017568024624,1.2432012759182651,,
1990-02-24,447.3919737036004,2411.8189723097776,93.21820740767548,3.2326336,0.46144867,3.2926774,1.0466744,3.2832821112861903,0.885844724737455,3.8652706020460097,1.3522022599222212,,
1990-02-25,387.7894737036001,1920.824870293818,93.22174185129484,3.195338,0.454299,0.9282571,0.61944425,1.3090700020686237,0.5210119109652848,1.7966979025143344,0.9873870950480185,,
1990-02-26,425.1111737036007,1444.4623164551308,93.13137330031458,2.8262596,0.4428498,-0.3877064,0.39585966,0.34309817801434295,0.3219977809710245,0.7845559272797513,0.7883832243814846,,
1990-02-27,387.7894737036005,1082.7631625268173,93.14724207517536,2.9656363,0.41945532,-0.6804179,0.52986836,0.281058344685788,0.4055175288932819,0.7195508019906524,0.8719036676739252,,
1990-02-28,387.78947370360027,990.3664484587972,93.14811037566781,3.029227,0.41732052,-0.7233075,0.7105756,0.3325914531481514,0.5239598208349338,0.773547016880398,0.9903453816999255,,
1990-03-01,387.7894737036004,861.7674623963305,93.27792969885915,3.0190177,0.44307,-0.28077543,0.7568679,0.7432875836342028,0.5397874782727862,1.2038730185091926,1.0061685419329116,,
1990-03-02,387.7894737036004,857.9782292668776,93.33083837544606,3.3213952,0.4960171,0.16041148,0.8690309,1.1443799933548606,0.6181095761268048,1.6241362743486851,1.0844864338930478,,
1990-03-03,387.7894737036004,815.1809304953581,93.44841435240568,3.3103013,0.53462934,1.032191,0.8658475,1.7665625387964958,0.6115208274039508,2.2760570186377964,1.07789152489908,,
1990-03-04,387.7894737036001,795.3221704953579,93.48450747820027,3.0205631,0.46681696,0.87397903,0.8730485,1.577566660466635,0.6065064315531978,2.0780277833738587,1.072878953501105,,
1990-03-05,387.7894737036004,614.4510504953579,93.47225894978081,3.076066,0.41819245,-0.21000755,0.89232993,1.0614484622182387,0.5704950019580675,1.5372408995109899,1.0368727142673795,,
1990-03-06,54.9368420988003,789.657280495358,93.82530558500271,2.919886,0.46431354,0.115216136,0.47808903,0.29764661649208857,0.4480107360620995,0.7369319364851237,0.9143966884829466,,
1990-03-07,428.6381337036004,689.5511081185849,93.72762537424258,2.8665776,0.45209187,-0.65166295,0.58988225,0.6969925553784211,0.40293382597267485,1.155365246154422,0.8693153869280941,,
1990-03-08,105.46565209880038,582.1160704953581,93.96833224977277,3.084299,0.49454844,0.13963068,0.6455451,0.5913026207779992,0.551766596538159,1.0446236939630675,1.018149301984801,,
1990-03-09,116.2112720988003,586.1816304953581,94.14420683163567,3.1599047,0.5320396,0.5510423,0.86906004,0.9826799632026796,0.7305959330771746,1.454707535499131,1.1969744643147286,,
1990-03-10,138.65037209880035,629.4275804953579,94.27478597355342,3.5450668,0.6430415,1.5099165,0.86250746,1.8772937665042557,0.7162794645872679,2.3920808205142214,1.182649112125217,,
1990-03-11,204.9017420988003,672.120970495358,94.49290542910015,3.6057086,0.67096347,3.1561785,0.84142923,3.2612036970880127,0.6636237075913389,3.8421369151204425,1.1299814155075487,,
1990-03-12,54.9368420988003,323.96063049535786,95.22758329107965,3.7564254,0.6759277,6.1516776,0.8963274,5.804386842669891,0.7726086763244442,6.506875521624455,1.2389501537904284,,
1990-03-13,54.9368420988003,204.8697304953578,96.03830638201042,4.4352665,0.64491224,11.268851,0.9779244,9.823870252291712,0.7831043978990551,10.718476498309524,1.249435307945776,,
1990-03-14,387.7894737036004,567.6882590826327,96.4806493460568,4.8485756,0.6523489,13.902549,1.0242935,10.22791004029613,0.6636729594983526,11.141828007039631,1.1300038294188546,,
1990-03-15,478.1466264261562,748.0809337883874,96.76847614442666,5.0688353,0.65857184,14.421909,1.0514739,10.774836831054738,0.6909621971294062,11.714896028820796,1.1572933101780967,,
1990-03-16,489.7600567400932,760.0910041466824,96.97467391838498,5.247555,0.6982146,14.9878435,1.2075719,11.171065248838854,0.7836892969920425,12.130062810535904,1.2500207998957906,,
1990-03-17,487.9172802420105,1720.2419023118614,97.35315255821939,5.671853,0.8431403,10.894845,1.1146803,9.740766967799422,0.8881389179687108,10.63140116089287,1.3544698594205387,,
1990-03-18,539.3735485031218,2551.609025360585,98.14999264816694,5.0288734,0.6033138,9.076791,1.1594461,8.370433040997058,0.9628963976206854,9.195569956641544,1.4292289959538804,,
1990-03-19,693.2537789604573,1990.1202811231924,98.2972267501758,4.751382,0.6030519,6.892555,0.8765825,6.339379834547999,0.6685240282945347,7.067439349732281,1.1348630331674618,,
1990-03-20,598.892258579104,2768.259267482219,99.24713558612542,4.315858,0.688488,4.765401,1.1140926,4.685443741727638,0.9240862661209409,5.334450765372805,1.3904339733334952,,
1990-03-21,969.4736841975998,2319.8133733996224,99.46291743605784,4.6131563,0.5945774,4.140041,0.84916985,4.27948536950143,0.624001272648254,4.909088970653458,1.0903515940362538,,
1990-03-22,969.4736841976002,1866.690361978672,99.68184055138379,4.7948046,0.5593074,4.5845118,0.85240597,4.656395240336455,0.5927128650794454,5.304013844912458,1.0590607530895775,,
1990-03-23,1482.9339420377307,974.4588376553212,99.9862580775543,4.602585,0.53704685,4.918067,0.8233567,4.727686679152464,0.4600331426359097,5.37871277080628,0.9263805886509434,,
1990-03-24,1306.6203907671843,1344.8169345749984,99.9862580775543,4.208097,0.5640546,3.057043,0.8190649,3.62427900054704,0.49984808873292236,4.222565976973976,0.9662030269060073,,
1990-03-25,1291.1514438490144,1299.2005312933786,99.9862580775543,4.189826,0.51492196,3.139292,0.826635,3.6629268269350277,0.48761614990606406,4.2630610373523234,0.9539708021293174,,
1990-03-26,1203.6081688247689,1057.89864092757,99.9862580775543,4.001884,0.5550322,2.782004,0.8242612,3.431242654389833,0.4857248872233731,4.0203031533321925,0.9520812792180908,,
1990-03-27,973.9176365351506,939.8892849078192,99.9862580775543,3.4312956,0.61543715,2.375029,0.8221498,2.912552808372205,0.5109939052077637,3.4768217057274606,0.9773544147159863,,
1990-03-28,969.4736841976,934.8348903934748,99.84245876001062,3.5937119,0.5843204,2.5783584,0.83324033,3.095269617553733,0.5057730955424155,3.6682717538016996,0.9721321194896906,,
1990-03-29,969.4736841976002,1083.0845275532631,99.61105032511884,4.140327,0.44070396,3.6125832,0.82842976,3.8618495339654313,0.4841712334219809,4.471491569795523,0.9505244408664899,,
1990-03-30,387.7894737035999,981.6406804953584,99.94730962114545,3.19364,0.67785734,3.4982615,0.88339674,3.4120000279200453,0.6616940177130186,4.000140795094777,1.128050556966107,,
1990-03-31,969.4736841976,1182.717930495358,99.68284251101264,3.774353,0.5071654,3.2880316,0.8676146,3.507099361768183,0.5286977745123707,4.0997855520200455,0.9950535901220836,,
1990-04-01,239.7353758705799,1198.9088631890106,99.9862580775543,4.3235607,0.4560992,4.60187,0.8848629,4.555492648735543,0.7413160358883846,5.198288454351276,1.2076645594132394,,
1990-04-02,1002.7456141976,1405.726400495358,99.62115782489103,4.6824684,0.40365073,5.3806853,0.8651861,5.089989010304373,0.5322042165725658,5.758331914918687,0.9985495062032725,,
1990-04-03,1472.2801208840829,3002.2858618580176,99.9862580775543,4.689474,0.66519696,6.0326123,0.91590893,5.590675450893526,0.6523572265811902,6.282949455857026,1.1186997832636654,,
1990-04-04,1869.4009284440656,3677.8307914366615,99.9862580775543,4.241302,0.5550482,5.006424,0.89980406,4.748580086580033,0.6252092103242415,5.400604811688347,1.0915565279049866,,
1990-04-05,1361.3310105858038,2988.582417273804,99.9862580775543,4.2166195,0.45576048,5.2691574,0.92448586,4.939759473024551,0.6509805200350256,5.600921919290872,1.1173266855973432,,
1990-04-06,1100.1568427255445,2724.536635083893,99.9862580775543,4.16454,0.42562956,5.495807,0.899554,5.112873767012682,0.6523919936205201,5.782310484770027,1.1187371520842948,,
1990-04-07,969.4736841976,2200.379839435143,99.96899164335701,4.3435826,0.40135267,5.3106074,0.84363914,5.014850833955109,0.5983454693558412,5.679602390586936,1.0646911938624122,,
1990-04-08,339.9635711464683,2079.6583277160003,99.9862580775543,3.93097,0.4709056,4.6535516,0.87348956,4.552026861048259,0.7536716818129929,5.194657013859743,1.2200202273732557,,
1990-04-09,969.4736841976,1488.835230495358,99.74631700305285,4.3723993,0.41881317,5.0227838,0.852765,4.766294190618627,0.5422307386674226,5.41916558934735,1.008577947748512,,
1990-04-10,419.1869179010309,1682.7275669085377,99.9862580775543,3.8145134,0.5458502,6.1530814,1.0029168,5.6866984563847645,0.810250180982276,6.383562032772522,1.2765922462979318,,
1990-04-11,2768.770043433318,3561.5136667703982,99.9862580775543,3.9311647,0.49431798,5.1235723,0.87523687,4.602031354575247,0.5377959785594947,5.2470515512455105,1.0041442075229174,,
1990-04-12,1796.9586255930076,2180.4088382158857,99.9862580775543,3.6903255,0.40654555,4.103659,0.84024596,3.9169166701019082,0.49589640886498404,4.529190726801736,0.9622492243535804,,
1990-04-13,1417.188410251492,1835.330685611348,99.9862580775543,3.789729,0.3620448,4.698634,0.82605577,4.302605827571378,0.4920966267370661,4.933314507585817,0.9584467941790924,,
1990-04-14,1180.1696364788572,1557.2220246114575,99.9862580775543,4.200289,0.31723532,5.5728908,0.8260714,4.981121882400564,0.489426240303623,5.644261310444736,0.9557721621224009,,
1990-04-15,677.1183091324892,1936.018857857665,99.9862580775543,4.6041794,0.30808935,7.4535284,0.94310546,6.715202679808846,0.7032729809830538,7.461225242310468,1.1696104446546403,,
1990-04-16,554.6602352702527,1668.7605694513293,99.9862580775543,5.117191,0.34361348,9.913628,0.99891657,8.717096247772975,0.7546086483159008,9.55880247969246,1.2209406245511603,,
1990-04-17,472.2369268418636,1431.5174032375116,99.9862580775543,5.117792,0.46001092,8.592876,0.9817802,7.730862304303816,0.7470107350700353,8.525429924997557,1.2133448418569999,,
1990-04-18,392.9130008522428,1277.5649261033236,99.9862580775543,4.793785,0.52772033,6.6620007,0.850873,6.222577799691262,0.6624715453808068,6.945054576877174,1.1288110621485563,,
1990-04-19,344.18146581387145,1087.3612218778046,99.9862580775543,5.6730103,0.569413,7.3280745,0.86290216,6.930152412899188,0.6695820713254013,7.686448837873624,1.1359187261346815,,
1990-04-20,379.0000444965594,1084.4745477327187,99.9862580775543,5.68713,0.59088916,8.301051,0.93056285,7.624116778768838,0.7063473303411637,8.413582328233332,1.1726817344511085,,
1990-04-21,447.3210103551927,1312.6773257617397,99.9862580775543,5.9783416,0.59840643,9.448268,1.035027,8.566351782503608,0.7868043489155129,9.400852944277393,1.2531365787765738,,
1990-04-22,337.91327748488084,1142.4816587250248,99.9862580775543,6.5241847,0.7051904,11.262339,1.0402588,10.180812968320136,0.8187885566654288,11.092479856016473,1.285119421649251,,
1990-04-23,250.7109367801214,940.1084551951412,99.9862580775543,6.739803,0.84298706,12.137011,1.0406653,11.00070139357756,0.8405187356557053,11.951556145352825,1.3068500489301464,,
1990-04-24,199.44277884424497,774.5628216778181,99.9862580775543,7.1336637,0.9577118,13.34179,1.0408702,12.07057983983383,0.850649361586699,13.072571124143634,1.3169824160923986,,
1990-04-25,129.29024534402663,672.894856623168,99.9862580775543,7.14961,1.0191602,14.033696,1.0534164,12.92417022755594,0.8987722374337903,13.966960214546091,1.3651076201076948,,
1990-04-26,333.2295933754045,988.3992461614032,99.9862580775543,8.564075,1.38235,17.009285,1.0662463,14.87994756424007,0.8702521778900312,16.01621702243335,1.3365960370725127,,
1990-04-27,184.89203025442936,698.0202910164583,99.9862580775543,8.980013,1.5874579,19.241014,1.0922487,17.09224232038627,0.9252980503945363,18.33425190557203,1.391656770779119,,
1990-04-28,164.0265180326428,626.2750546267399,99.9862580775543,9.029289,1.6060274,21.028734,1.1144391,18.538258111118356,0.9439500408442331,19.84938230814341,1.4103214996849127,,
1990-04-29,136.83684147283162,564.5803305234751,99.9862580775543,8.482648,1.4828637,19.923214,1.0893695,17.691316897742023,0.9233362853958167,18.961960199891394,1.3896999931336265,,
1990-04-30,389.79705977327234,900.0576635030166,99.9862580775543,8.592522,1.5028487,19.55139,1.0360364,16.2395946073892,0.8537640315362891,17.440850546524103,1.3201163613122409,,
1990-05-01,381.34437200616105,879.3015675532632,99.9862580775543,8.672922,1.5770363,19.310513,1.0163851,16.0926500909253,0.8544938296731669,17.28688258447793,1.320845142086792,,
1990-05-02,330.4393020061611,803.5971375532632,99.9862580775543,8.324911,1.465816,18.138409,1.0317047,15.278919172421615,0.8467049048983445,16.43425810966976,1.3130510304997962,,
1990-05-03,296.0633320061611,757.6746075532634,99.9862580775543,8.178005,1.3479124,16.41408,1.0133438,14.100032167158778,0.8211743126802619,15.199024335378985,1.2875142672064175,,
1990-05-04,284.4214720061611,777.7845675532634,99.9862580775543,7.177403,1.016739,14.524055,0.94906557,12.55687926041797,0.7463637308143535,13.582113994700288,1.2126980095570228,,
1990-05-05,1008.142032006161,1797.7707075532635,99.9862580775543,7.9909186,1.4916877,14.489379,0.977669,12.154534059536246,0.8243914919311582,13.160538068564682,1.2907247384705527,,
1990-05-06,630.1690720061611,1455.0368675532634,99.9862580775543,7.9218726,1.4602517,13.665021,1.0043411,11.92938688233975,0.8281881618530749,12.924629625925318,1.294520911579021,,
1990-05-07,479.3112220061611,1237.6359175532634,99.9862580775543,8.006424,1.4497238,12.041034,0.9930777,10.914712668047828,0.8223297783873554,11.861457452680526,1.2886610085554777,,
1990-05-08,543.884872006161,1203.7146675532636,99.9862580775543,9.673298,2.1601603,13.0933075,1.0389651,12.028938085226255,0.9818729219716319,13.028939036011034,1.4482058842185235,,
1990-05-09,482.9655720061611,1076.164867553263,99.9862580775543,10.543087,2.3482816,15.191539,1.0771974,13.751606571555227,1.0401711734219736,14.833945187338898,1.5065096083711034,,
1990-05-10,1728.589116772603,2266.0518179188643,99.9862580775543,11.95241,2.6017091,15.027424,1.0844167,13.69678212664677,1.282932229431944,14.776500321371808,1.7492704379196966,,
1990-05-11,2514.118817200774,7083.227844778664,99.9862580775543,8.935797,2.0139456,12.153075,1.2165488,11.310277656232989,1.0413880446038728,12.27592909512967,1.5077197271092866,,
1990-05-12,1246.7919181390318,4221.280072056447,99.9862580775543,9.338287,2.0691245,10.189546,1.0619009,9.995447612394116,0.9458393740540433,10.898254669716959,1.4121702442510018,,
1990-05-13,2248.031440008555,4737.826121476212,99.9862580775543,11.005989,2.6816714,10.433165,1.1239798,10.617498076757103,1.151421454875302,11.550037019903359,1.617752462926127,,
1990-05-14,2524.567218148541,5990.099983913236,99.9862580775543,11.816238,2.997274,12.109215,1.1559919,12.022348373780835,1.204624419891,13.022034358884325,1.6709573677199105,,
1990-05-15,1232.0278134271246,3782.4599093893016,99.9862580775543,12.476032,3.0517437,11.764137,1.1618583,11.939045349446976,1.1533703029211182,12.93474973474445,1.6197030727693433,,
1990-05-16,1685.1662226791325,3888.463992117941,99.9862580775543,12.519068,3.1113749,11.607154,1.2048877,11.882867636606427,1.2615621642052735,12.875886919264028,1.7278948185083745,,
1990-05-17,2043.7403145829128,6304.112859991101,99.9862580775543,12.73414,3.1704314,12.420973,1.299465,12.497643218122029,1.2511902144242462,13.520046672070881,1.7175243295757092,,
1990-05-18,1537.1713145829128,6042.163129485521,99.9862580775543,10.99968,2.4259505,11.7266445,1.2896404,11.579208131311695,1.1397528585827479,12.557713527624298,1.6060849508140058,,
1990-05-19,1129.1326145829128,4328.986215774389,99.9862580775543,10.245466,1.9750692,10.812177,1.2194101,10.694940107518699,1.0499136166789265,11.63118051501302,1.516244672871147,,
1990-05-20,935.23141207472,3145.4807786844517,99.9862580775543,10.390524,2.0260346,10.896222,1.0603523,10.780324490976726,0.9400242870010518,11.720645980128428,1.4063554042228603,,
1990-05-21,1661.304314582913,4174.2700060975,99.9862580775543,9.853842,1.6822948,10.607812,0.99290794,10.39316744070949,0.856628311607849,11.314984146288587,1.3229592189199104,,
1990-05-22,1262.7757145829128,3096.332129549679,99.9862580775543,10.596209,2.0501318,10.421824,1.1173109,10.472341220615565,0.9912507768879393,11.397942162232145,1.457581713181574,,
1990-05-23,1045.7430327653155,2341.1926106652204,99.9862580775543,9.607479,1.5762,10.730679,0.92339987,10.383881885374178,0.8026579751407624,11.305254773149331,1.2689888795235915,,
1990-05-24,862.7464041339983,1961.6203759470773,99.9862580775543,10.801302,2.4139147,11.146213,0.89695543,11.040854307545299,0.9652969115853294,11.993628231352352,1.4316282665633149,,
1990-05-25,690.7664284299601,1543.008854423394,99.9862580775543,11.87817,2.7744682,11.215999,0.9027856,11.420766672375878,1.0606605258144464,12.391699108556383,1.526992366642637,,
1990-05-26,565.5051045901494,1317.3034928170405,99.9862580775543,11.820177,2.7299912,10.854524,0.7996038,11.14455948009995,0.9926256453713419,12.102290156656718,1.4589571165912927,,
1990-05-27,402.63789176789,1128.5915296962444,99.9862580775543,12.311264,2.9256392,10.649185,0.8470256,11.086230026931734,0.9907425706465969,12.041172755016321,1.4570739749720794,,
1990-05-28,329.0264271396111,972.086608610716,99.9862580775543,12.791689,3.129249,10.924986,1.0939325,11.397039129842385,1.1376177887601535,12.366837470598334,1.6039495944111843,,
1990-05-29,563.40681197262,1292.2737745834177,99.9862580775543,11.491627,2.5664258,11.999892,1.2589763,11.84557675377742,1.1729513747414353,12.8368136597083,1.6392839543387552,,
1990-05-30,901.225620182844,2477.514119704348,99.9862580775543,12.358135,2.8020446,12.240912,1.1712842,12.272179769669357,1.1385313357844509,13.283806841490414,1.6048648649856794,,
1990-05-31,382.2369866673386,1485.9539631017142,99.9862580775543,12.182722,2.8087063,11.754954,1.1165605,11.842476792429986,1.0578195768151908,12.833565530805146,1.5241521502738842,,
1990-06-01,365.4463802287946,1008.676461668338,100.0,12.752106,3.0717099,13.142299,1.0858034,13.03852732529431,1.141323666713304,14.086783190646173,1.6076594245981108,1.398656547253692e-12,4859.999999999998
1990-06-02,328.17150004222134,902.0805025444218,100.0,13.047672,3.2044308,16.110962,1.0936232,15.293824973927551,1.1720494314013112,16.449876357534745,1.6383956452051949,1.370040432601071e-12,4859.999999999996
1990-06-03,253.1602872467413,758.670420495358,100.0,13.071964,3.211628,18.018295,1.0738039,16.78072207221602,1.1375147507333139,18.00784205441794,1.6038710398792775,1.3452862058680932e-12,4859.999999999995
1990-06-04,240.38990638841304,694.7648304953581,100.0,12.286343,2.8049254,16.877531,1.0541307,15.69732491723061,1.0645284520798368,16.872662218832133,1.5308771500631377,1.335801405481366e-12,4859.9999999999945
1990-06-05,177.83345653230364,659.2317304953581,99.99116742988792,11.515375,2.6546052,15.335948,1.0413226,14.524272045786732,0.9952964626686407,15.643541430013878,1.4616384548698451,0.8844065323036336,4859.115593467691
1990-06-06,175.8332500000014,609.107420495358,99.91807554259363,12.076622,2.9408455,16.56499,1.0219532,15.559557468627581,1.0309583704752094,16.728309957120345,1.497306199348063,1.353127034090111e-12,4859.11559346769
1990-06-07,289.3956500000031,639.133460495358,99.844343336425,12.038937,2.9284208,19.730463,1.0814741,17.33323685527721,1.1777838133380139,18.586765155432154,1.6441444906833507,3.1288540862770117e-12,4859.115593467687
1990-06-08,234.46548501260372,549.9603304953579,99.7606765960633,11.582979,2.645435,19.018938,1.0537801,16.796324189922135,1.0821617918303057,18.024189900017237,1.5485182001019981,7.01112501260371,4852.104468455083
1990-06-09,184.39043425188686,635.061340495358,99.70634256519966,11.866379,2.9975166,18.275787,1.0231265,16.833562605436768,1.0409796584805382,18.063208184500315,1.5073363522011514,4.251886849096591e-06,4852.104464203197
1990-06-10,126.89465665678313,693.7535304953582,99.69061259175666,11.487516,2.7368722,18.031424,1.0343474,17.01955652756985,0.9714346865636435,18.25809198032294,1.4377928297506783,4.094656656783128,4848.009807546414
1990-06-11,125.62816000000156,650.5618304953581,99.5788640071917,10.977018,2.625466,17.622036,1.0269214,16.546524381929526,0.959894219243831,17.762450515100507,1.4262487536886217,1.5891270854653486e-12,4848.009807546412
1990-06-12,134.68813000002714,567.6483004953577,99.44315996341524,10.514942,2.5221386,19.279278,1.0670731,17.598527770965298,0.9888082341461218,18.864736070038504,1.4551711425447995,2.713692498861425e-11,4848.009807546385
1990-06-13,145.9467400045101,509.2567304953579,99.26166861120521,10.0519085,2.364368,20.476316,1.076851,18.15427692294676,0.9888951811742915,19.44704813175124,1.4552630242262978,4.510092008581504e-09,4848.009807541875
1990-06-14,150.87431001194503,479.798560495358,99.18967279243431,9.792681,2.3190386,20.931322,1.0875908,18.266652491933776,0.9961849330798964,19.564794868799172,1.4625538168743801,1.1945030353132675e-08,4848.009807529929
1990-06-15,157.02699001090727,563.663220495358,99.0724476158956,9.387865,2.212537,20.727423,1.0761259,18.256712581757117,0.9699388088257772,19.554379864893953,1.4363075999817352,1.090724341474441e-08,4848.009807519022
1990-06-16,152.0860308163435,525.794450495358,98.94636133522198,8.964308,2.1227906,21.622112,1.1004938,18.782267645693643,0.9774674220908202,20.10505466436653,1.4438412662774995,8.163435221393271e-07,4848.009806702678
1990-06-17,122.80369888177322,597.5145204953579,98.83405764641424,8.585745,1.7100943,22.390627,1.1897051,20.037096852564552,1.029041789291748,21.41986041790681,1.4954289755005439,0.0036988817732219997,4848.0061078209055
1990-06-18,122.80037332666659,650.4195004953581,98.65857767717884,8.117006,1.3602171,21.832853,1.2059159,19.654545191714686,1.0371433986496157,21.019024095355753,1.5035263265897276,0.0003733266665886981,4848.005734494239
1990-06-19,122.80000000283817,816.0477604953581,98.507277206905,7.64108,1.1354412,19.68201,1.110211,18.107073415760595,0.9763583065207868,19.397588458278694,1.442725716714369,2.8381763373665254e-09,4848.0057344914
1990-06-20,122.80000001026373,789.5520304953582,98.31574620527657,7.552624,0.9284956,19.917793,1.0856361,18.253476531606722,0.9477880041098505,19.550989142608252,1.4141567651306672,1.0263728364046713e-08,4848.005734481137
1990-06-21,122.80000000002401,714.8242604953581,98.13479045352511,7.2497697,0.80733293,19.368292,1.0362569,17.59165453390371,0.8922217375041094,18.85753431574036,1.3585845870844178,2.402047988398006e-11,4848.005734481113
1990-06-22,122.80000042318699,699.2446604953581,98.05984720503933,7.5317187,0.7699291,20.663462,1.114559,18.701794494814493,0.9550132530384413,20.020735171959064,1.4213863030254767,4.2318698604842704e-07,4848.005734057926
1990-06-23,141.4349820462471,748.7735804953583,97.98879663170841,7.375783,0.6777821,21.083542,1.143704,18.905673990621615,0.9680024299955714,20.234359410738573,1.434377506479748,2.0462470897746193e-06,4848.005732011679
1990-06-24,122.80000000016516,644.153720495358,97.92501199144719,7.1159935,0.64260894,19.833853,1.1030656,17.797545913436075,0.9321453601193758,19.073266599409898,1.3985099950633297,1.6515374659326818e-10,4848.005732011514
1990-06-25,122.80000000000139,603.7860504953582,97.80388155035553,6.9530244,0.67016846,18.936613,1.0354975,16.911271843802837,0.8679109679472107,18.14463165882454,1.3342682624510442,1.3970542052077655e-12,4848.005732011512
1990-06-26,138.95789469190998,600.566190495358,97.65280070142958,7.3977494,0.71377033,20.286362,1.0650322,17.864568459386252,0.8752476758044359,19.143492593951382,1.3416129023851697,3.0999913458840003e-10,4848.005732011202
1990-06-27,138.95789606959266,565.2385704953579,97.4618519129627,7.350278,0.68679225,21.682062,1.0957203,18.853995436658796,0.8898839011684982,20.18021079855063,1.3562584594873797,1.3779926785434677e-06,4848.005730633209
1990-06-28,139.5563167692315,499.39765459162527,97.2704649911341,7.523633,0.69477594,22.529436,1.1503661,19.25196276311707,0.9118262009919774,20.59719960283036,1.3782048283994768,2.5434251769690397e-05,4848.005705198957
1990-06-29,152.3840193672716,440.8092974418007,97.09528506204173,7.187569,0.59549946,24.280035,1.3036999,19.889192139356318,0.98079893004796,21.264886364994194,1.4471844500553739,0.00153828352665112,4848.004166915431
1990-06-30,533.5673879001504,109.95144588266376,97.20530671757562,7.6370335,0.60482943,36.584923,17.646986,12.583061643479661,3.0565788802678857,13.609547806172328,3.5229132325969914,1.4974493766862954e-12,4848.004166915429
1990-07-01,138.95789528247772,668.0516700000001,97.20286347587715,7.3076816,0.61621004,21.123545,1.2086511,18.74460973981481,1.0061453772254982,20.065596839313802,1.4725188488397463,5.908777228360072e-07,4848.004166324551
1990-07-02,138.95789469163233,545.586610495358,97.18255874947272,7.2775187,0.66832745,20.258703,1.0128858,17.623610768671384,0.8185970793694951,18.891017949293,1.2849602028765807,3.2341939515852354e-11,4848.004166324518
1990-07-03,138.95789630542265,482.836070495358,97.1014277695738,7.5664463,0.7014663,22.12846,1.0777853,18.87415563109582,0.8514778717548038,20.20133458136757,1.3178526318505974,1.6138226738885002e-06,4848.0041647106955
1990-07-04,152.7723917585948,444.0851114280731,96.99062312692071,7.708866,0.71150386,25.39414,1.3323632,20.86739539668347,1.0079194792773085,22.289844394201026,1.474316483419727,0.22626086286254946,4847.777903847833
1990-07-05,219.39751532256938,413.5943678772357,96.83595344177516,7.6833835,0.6963166,28.539675,1.7425748,21.310800881985845,1.1638893294418422,22.75444314599503,1.6302918995193336,1.3625151987453437,4846.415388649088
1990-07-06,238.5660989454403,424.389390754596,96.64879102115752,7.104426,0.66578126,26.145578,1.5099461,19.293574688070375,0.9958379406778934,20.640800435553185,1.462217004011738,3.3727654515334926e-05,4846.415354921433
1990-07-07,255.58804022045237,425.9639158801405,96.43456853280752,7.395222,0.689383,23.353664,1.101878,17.369106752646154,0.7355903417384978,18.624349511280222,1.201951316038495,3.878561494451992e-12,4846.41535492143
1990-07-08,265.25529029921813,431.1187561835856,96.18766405031226,7.262216,0.69196594,22.909292,1.0128285,16.94917675993602,0.6801783123534405,18.184348300377415,1.1465359024123627,1.464212030767503e-12,4846.415354921428
1990-07-09,258.01316411171337,393.6409817795584,95.99164971537954,7.662557,0.6888597,25.88782,1.2035519,18.671786694306697,0.7764994237872599,19.98929310116353,1.2428721795190023,3.350824818613746e-07,4846.4153545863455
1990-07-10,262.0654241816305,408.8335078951671,95.78290555260787,7.623365,0.6909884,28.362246,1.7790594,20.26125852479283,1.1172208763304798,21.654736251809258,1.583610635483496,0.012376972307986274,4846.402977614038
1990-07-11,251.75315660946933,429.9337721270997,95.52561801520595,7.096228,0.7016468,25.700209,1.6914362,18.82959015958366,1.097793789565431,20.15463903265657,1.5641681042415623,1.1334202881157906e-06,4846.402976480617
1990-07-12,725.5804946916033,577.8764104953578,95.49164704243894,8.408283,1.3867306,28.550928,1.1929609,17.338351635666264,0.935739242819079,18.592124404839804,1.4020999624179962,3.3133493991346502e-12,4846.402976480614
1990-07-13,532.4529546916015,1496.9175804953582,95.56448741860689,8.770983,1.887974,19.075262,0.9710835,16.371692722110183,0.8708944860370406,17.579262499573932,1.3372477514645849,1.529723395048447e-12,4846.402976480612
1990-07-14,256.5703946916016,883.0393304953582,95.42554181046228,10.225254,2.275159,18.94168,1.0694671,16.979274807574928,0.9742180166058588,18.215884931808432,1.4405758425178796,1.6317825631505378e-12,4846.40297648061
1990-07-15,898.1327028649025,570.4113004953581,95.25749218738589,12.865726,3.032911,33.29195,2.1187289,20.79967249474482,2.0292350646283954,22.218884569048868,2.495631238453083,0.1805481733025341,4846.222428307307
1990-07-16,893.3747102192585,1128.396930495358,95.11147234961643,13.318184,3.0628412,28.226524,2.159028,21.638869216898627,1.8121043702894215,23.098192025871143,2.27851120318631,4.035545527658476,4842.186882779649
1990-07-17,459.6491962050441,945.497420495358,94.90663622301135,11.770813,2.7258496,23.388472,1.6985271,19.588122671293785,1.4495941141004527,20.94942680551276,1.9159763197255812,0.011201513444053571,4842.175681266205
1990-07-18,338.40613326775883,788.6368304953581,94.68184265916794,10.346899,2.3617938,23.871681,1.7589597,19.81072756010674,1.4204931538705157,21.18267144707423,1.8868778000996766,0.0010285761588032123,4842.174652690046
1990-07-19,283.8445745429766,693.352700495358,94.44189111223366,9.29257,2.0508654,25.041004,1.7946348,20.466587446860526,1.4058070889569225,21.86987919446998,1.872199255304512,0.036539851376586,4842.138112838669
1990-07-20,288.10970249753456,641.8992304953581,94.2057202058438,8.906479,1.7620143,25.269346,1.5002755,20.20025423331949,1.1705661543774466,21.590816163736232,1.63695520762863,0.009227805934554318,4842.128885032735
1990-07-21,284.36333493397154,658.1500204953581,93.99700414198303,8.625336,1.6018293,24.352211,1.4310687,19.607294988476735,1.1100328059066198,20.96951549391977,1.5764152195041594,0.0002802423714995097,4842.128604790363
1990-07-22,251.6012191050951,630.430120495358,93.75458346762021,8.424239,1.5156047,23.723537,1.3534735,19.359381742773277,1.059602197902063,20.70975284252072,1.5259819546717168,5.4413495110003515e-05,4842.128550376868
1990-07-23,225.26940748278375,557.108290495358,93.50640895907071,8.4199505,1.3851216,24.248186,1.4321215,19.69077442879223,1.0949838523960458,21.056984966122155,1.5613671764389316,0.000472791183733678,4842.128077585684
1990-07-24,196.7577886313904,528.6538704953581,93.25980266979722,8.240394,1.2249315,24.668455,1.6513927,20.212572717438,1.2484952108704035,21.603723429286973,1.7148844063201891,0.009693939790413492,4842.118383645893
1990-07-25,183.63959353998058,485.178100495358,92.99117780140817,8.214582,1.0775288,25.77371,1.8029661,20.95243963815295,1.3409649423365577,22.378953459703553,1.8073629965920754,0.32830884838056046,4841.790074797513
1990-07-26,176.42524187675807,421.1215604953581,92.71064191716657,8.166084,0.96306425,26.575285,1.9266646,21.139982371083164,1.3872714496225524,22.57546009418507,1.8536718488498936,0.7094271851580874,4841.080647612354
1990-07-27,183.45282733894993,382.170310495358,92.42128178830245,8.091217,0.89931667,27.19004,2.0426059,20.99557479614344,1.410598403335572,22.424150330795825,1.8769969933779644,0.39385264734990943,4840.686794965004
1990-07-28,214.56093953503884,360.34455319109406,92.11325877315298,8.169939,0.8567826,28.01132,2.231272,20.606302387642756,1.4346264560529902,22.01627203182997,1.9010202879216487,0.07006714154060069,4840.616727823463
1990-07-29,224.85905721884194,374.1294171102182,91.78476991143964,8.251379,0.8342657,28.303747,2.2815678,20.776128877912516,1.4590793703227842,22.19421564781181,1.9254752567189044,0.1528611515870447,4840.4638666718765
1990-07-30,234.96293370948382,385.512220754288,91.44741115565805,8.327305,0.815583,28.123415,2.2116585,20.62697926307328,1.4084226545475254,22.037937191225712,1.8748167347979994,0.07732632457274953,4840.386540347304
1990-07-31,241.95767115808843,389.103754981992,91.1239287616435,7.8461766,0.7743828,27.003185,1.9821032,19.658123433851685,1.2576863411035333,21.02277336523529,1.7240693080986151,0.0003805735289764724,4840.386159773775
1990-08-01,223.46452273689195,386.9600834057613,90.92001811311113,8.084458,0.7769626,24.14471,1.801546,18.265365975568166,1.1769219274843294,19.56344686134902,1.6432907992823016,1.1431766182748655e-08,4840.386159762344
1990-08-02,278.02406205837684,403.6962996366312,90.67301942357824,8.200861,0.7934368,25.256933,1.7319729,18.301004136353438,1.0754621531214943,19.60078840439687,1.5418313579382472,1.552306618578309e-08,4840.38615974682
1990-08-03,303.3155543335315,407.86437131699097,90.43281472672768,8.352663,0.7864048,26.103514,1.7386501,18.53284289449814,1.0520196432775395,19.84370826267974,1.518391049953325,1.0946180236098313e-07,4840.386159637358
1990-08-04,315.0100599544727,405.73566063627896,90.12497099110288,8.412625,0.7732537,27.178648,1.8639097,18.97674576881421,1.1023509138718213,20.308828176982058,1.5687267079591027,3.534576801008901e-06,4840.386156102782
1990-08-05,435.71219635097435,261.28940577041527,89.90403837447468,8.090897,0.74037504,31.59468,4.954008,16.901909067499982,1.9139431348780147,18.13482137381946,2.380300356630749,1.6733185783438915e-12,4840.38615610278
1990-08-06,663.7550846919349,482.8036804953581,90.0151426845423,8.280184,0.7466983,31.054113,2.33649,17.870042909775265,1.074644547729566,19.149228704355515,1.5410098228625455,3.3487670568085426e-10,4840.386156102445
1990-08-07,404.31429480625366,888.7824104953581,90.14512903436992,8.359721,0.78839946,23.165546,1.179436,18.536189027531638,0.8473116150449612,19.847214329434056,1.3136830539501574,1.1465372455612674e-07,4840.386155987791
1990-08-08,288.0840348758203,685.8320604953581,90.04864982051174,8.495743,0.86444604,22.837538,1.1469718,18.595239911222073,0.8472071426930562,19.909087643509547,1.3135791524734155,1.8422028348781047e-07,4840.3861558035715
1990-08-09,294.8092246931314,509.018890495358,89.88308845000775,8.131962,0.97538835,23.774446,1.176277,18.03746280994365,0.8263181670018794,19.324650703455653,1.292684943512098,1.5313936044001791e-09,4840.38615580204
1990-08-10,382.93927469700355,556.0409704953581,89.73698879337077,8.564018,0.9811202,24.796614,1.1736405,18.176561399808364,0.8019516072132652,19.470397730431156,1.2683196555003553,5.403528406539028e-09,4840.386155796637
1990-08-11,357.27793583552733,718.5850304953578,89.682318102053,8.37122,0.96264005,24.024578,1.1958727,18.826332802735887,0.8603382408228577,20.151225985286192,1.3267125230316625,1.1439273081124929e-06,4840.38615465271
1990-08-12,234.64278549994674,672.1333504953581,89.56502931155254,8.501522,0.9218472,24.142223,1.1948558,20.094942476908265,0.9172295601117739,21.48047086535878,1.3836174047769947,0.005140808346727198,4840.381013844363
1990-08-13,302.75316630405575,583.118110495358,89.45637946855446,8.241367,0.8504274,26.935926,1.2717944,20.546920373414082,0.8861660362154575,21.954051760308424,1.3525591574729279,0.05323161245575947,4840.327782231908
1990-08-14,355.36644202101957,719.6014004953579,89.41102467858532,8.174686,0.80802,26.343134,1.2122109,20.33694817105331,0.8543081070932456,21.734043604428877,1.3206987479921386,0.01869732941957568,4840.309084902488
1990-08-15,278.7995193105486,610.2412504953579,89.27134065005218,8.323443,0.836819,25.201704,1.1260833,19.908751097376296,0.8162810470403091,21.28538017434857,1.282666785951521,0.0017646189485880416,4840.307320283539
1990-08-16,257.18130218217226,509.5715204953582,89.08164388326571,8.42945,0.85303164,25.4628,1.105889,19.749538219041103,0.7886857401108797,21.118557464670953,1.255069709823406,0.0006774905723032373,4840.306642792967
1990-08-17,244.75975413215173,447.48327049535794,88.87634569854023,8.55472,0.8603458,26.464424,1.203669,20.132002364255214,0.835432185236785,21.519302088638025,1.301820453765207,0.006279440551740604,4840.300363352415
1990-08-18,231.3077656235593,392.5366804953581,88.66108802033669,8.705595,0.84061176,28.46645,1.5885727,21.13956050934687,1.0470314255653699,22.575018068899844,1.513431819472768,0.7122309319593055,4839.588132420456
1990-08-19,372.1629278749581,422.368300495358,88.40527865033626,8.057621,0.95123917,31.019358,2.4177608,20.263950157385036,1.3603097842413268,21.657556535238484,1.8266995746381691,0.01260318335803927,4839.575529237098
1990-08-20,351.69316470445386,431.2040104953581,88.12711604591182,8.522551,1.1478207,26.23479,1.514856,18.27809608653482,0.9808220214349037,19.576785428104174,1.447191012021944,1.2853816550109273e-08,4839.575529224244
1990-08-21,548.891774691605,466.82065049535794,87.9039327970828,9.47056,1.5166878,26.705528,1.5606074,17.391738214511633,1.0891413990526086,18.64806267966109,1.5555025614677873,4.962577063919945e-12,4839.575529224239
1990-08-22,518.9735346916018,513.8052804953579,87.64721063516728,10.224312,2.0257723,23.217928,1.4305006,16.688608412602452,1.2420578977821046,17.911325676749637,1.708413489292678,1.813488818697694e-12,4839.5755292242375
1990-08-23,418.39545469160186,509.0184304953581,87.41311178688156,11.062603,2.3481686,20.980577,1.4735312,16.50616156338365,1.332790460870142,17.72015849180153,1.7991446992375428,1.8645085851189946e-12,4839.575529224236
1990-08-24,602.8002419873375,468.5247304953579,87.36834478376953,11.590126,2.6055727,24.125368,4.054012,17.0721889675211,2.3005905293818616,18.313240070988865,2.7669490899193634,7.627911295737512,4831.947617928498
1990-08-25,438.62241469167174,292.89033049535817,87.3644421872638,11.146006,2.515973,25.985386,7.6621814,17.087543927055133,3.4187203038587333,18.329328945100322,3.885078986750749,7.17597970943857e-11,4831.947617928427
1990-08-26,359.7331946926067,406.603690495358,87.28857902264609,10.713207,2.442192,24.418016,4.1233478,17.984716813868122,2.4699382401069534,19.26938362907088,2.936304540146735,1.0067225346670669e-09,4831.94761792742
1990-08-27,348.0248846952242,366.790900495358,87.1374942231038,10.466579,2.3592477,25.396563,3.986294,18.12754898130174,2.345925957923177,19.419042685860486,2.8122935555657733,3.6242158631826244e-09,4831.947617923795
1990-08-28,447.79877469160726,369.2557704953581,87.03959773028652,9.53858,1.9063178,27.018408,4.501727,17.438330759507753,2.2870774965553404,18.69688218903938,2.7534390480970075,7.278469543495956e-12,4831.947617923788
1990-08-29,765.8456946916305,421.0534804953581,86.99317613325633,9.705673,1.924984,31.98443,8.1886835,17.60908103219408,3.1593493016435,18.875793741079505,3.6257123004578506,3.049049541785799e-11,4831.947617923757
1990-08-30,398.50801469160206,472.001430495358,86.89356519353777,9.118128,1.9379497,23.452023,1.6618087,16.890150118963465,1.2645023808238247,18.12250038773885,1.7308595113486214,2.022388895076254e-12,4831.947617923755
1990-08-31,335.516934691602,377.3644904953581,86.77169514008222,9.053658,1.9038435,23.19818,2.1651258,16.54107414975978,1.454806855277498,17.756739780463736,1.921161349633856,0.0,4831.947617923754
1990-09-01,295.7198879012,320.49208049535804,86.62439311781219,8.987057,1.8539823,23.263094,2.1202555,16.412029149624104,1.4169189665952096,17.621526870439837,1.8832725217030162,,
1990-09-02,276.23849790120005,312.44865049535804,86.4703799008341,9.047305,1.7738848,23.61062,2.075739,16.77685764316068,1.3808076205966782,18.00379291886365,1.8471638802798587,,
1990-09-03,263.1884879012,318.35810049535803,86.31263451401273,9.01697,1.7545111,22.546423,1.9341767,16.42344601842476,1.3234862892851356,17.63348942654255,1.7898399267222342,,
1990-09-04,248.5964279012,275.1007804953581,86.14255812753689,9.1465435,1.8284683,22.152496,1.8274803,15.978636014761257,1.2941920813382979,17.167419025210865,1.7605426213948552,,
1990-09-05,237.6288705778088,269.2658636335919,86.01226432394824,9.542198,1.8978627,21.766504,2.269439,16.03583111704609,1.4983007262886125,17.227347857873237,1.964651651939425,,
1990-09-06,231.9241306563641,278.265727867643,85.87585862031801,9.431749,1.8248521,22.73008,3.2726576,16.68487188340892,1.968307076899416,17.90741055423334,2.4346626403156626,,
1990-09-07,222.14293785672533,297.7053966568664,85.68225917845508,9.421789,1.8272285,23.04842,2.0629292,17.225452763174104,1.4161083791767135,18.473829352168007,1.8824681730675017,,
1990-09-08,217.386837795176,320.8038141245196,85.4705065337333,9.370157,1.7794394,21.133371,1.6745778,16.381954900916476,1.2300284531844057,17.59001517544766,1.6963817921343824,,
1990-09-09,237.92880750928617,335.1857772480452,85.23235764864889,9.524923,1.8235435,19.93549,1.273591,15.613537817577082,1.0620415477257663,16.78487038222704,1.528389714549128,,
1990-09-10,270.9336307046003,300.1729018524422,85.0413912998513,9.51256,1.9726182,19.419012,2.8088462,14.719379158433147,1.7479370501924187,15.847973995704493,2.2142800486182783,,
1990-09-11,250.4574325568801,343.0760558862214,84.85939507889498,9.542986,1.8955857,22.091936,2.1031444,16.796568775992046,1.4552227604400056,18.024446176465215,1.921579170581385,,
1990-09-12,255.9221268107183,349.5176801118087,84.65566531898759,9.4919815,1.8340446,23.399672,2.0953486,17.520828479716858,1.436747704606608,18.783323018270128,1.9031099512328717,,
1990-09-13,260.79169460085416,358.2006348053776,84.43593495107294,9.48167,1.7422446,23.80747,2.1425407,17.771774133020543,1.4408486346012594,19.046263015986927,1.9072130434140073,,
1990-09-14,271.55481866742423,355.5491132811852,84.19357049518807,9.325266,1.7431722,23.707333,1.7584507,17.479466187264975,1.2505114829654853,18.73998374962897,1.716873380120876,,
1990-09-15,331.25948790120003,503.4353404953581,84.03588170624872,9.219931,1.7754669,22.419441,1.3021448,17.181043949494136,1.0551274612746433,18.42729794899807,1.521486895032178,,
1990-09-16,183.8561979012,399.3646804953582,83.86355710934504,9.411682,1.8395435,19.886885,1.2250632,16.584652231022023,1.0197997886100953,17.802400745046093,1.4861546044491045,,
1990-09-17,179.5102579012,349.80536049535806,83.70557299423184,9.501297,1.8963695,15.645074,1.2313067,13.561494762601189,1.037190044777589,14.634746683781566,1.5035277091468133,,
1990-09-18,203.03162970954128,349.49798059679284,83.50339084053203,9.386349,1.8878177,14.030517,1.2478123,12.323978260151408,1.050807180845056,13.338081122753225,1.5171408395194537,,
1990-09-19,223.27106910080064,352.53745575514324,83.32779087101152,9.970913,1.9661568,12.636339,1.0388324,11.602814076909892,0.992849941002997,12.5824477567292,1.4591820731480258,,
1990-09-20,216.21637490120003,302.02785049535805,83.20215830564887,9.938314,2.2594087,14.285235,1.5217755,12.47165901100143,1.294269051138295,13.492820508672486,1.760603095795954,,
1990-09-21,197.87690011583945,340.42001257132154,83.03277541228537,10.041159,2.238056,15.153514,1.127789,13.274222049556053,1.088816126464857,14.333743317045517,1.5551527048573324,,
1990-09-22,202.0058754101563,342.54551837345906,82.8102852725494,10.565435,2.313287,15.846257,1.1675936,13.887292375937411,1.1295270179491959,14.976116309351832,1.5958660281531825,,
1990-09-23,184.37298701449112,328.5502665649631,82.61870244782374,10.439476,2.2735724,15.20295,1.3920429,13.490693677439976,1.2095294388689661,14.56056154877105,1.675866826824254,,
1990-09-24,207.81006612133297,356.889726573103,82.37301600237133,10.2075405,2.289565,13.718666,1.1391559,12.4265684963632,1.1082564613168278,13.445574821568762,1.5745903854790146,,
1990-09-25,217.24871953267703,377.4854601600539,82.10732834829093,9.970293,2.3233514,13.576162,1.3073056,12.258984826855983,1.1869216602334185,13.269981225515215,1.6532551569435987,,
1990-09-26,232.0839700432856,379.16373845250666,81.87938918281776,10.458223,2.3559036,14.039958,1.0434822,12.68001310820049,1.104139932654703,13.711133219494808,1.5704745642961098,,
1990-09-27,232.51725403421327,382.5796171476542,81.65413262048858,10.163525,2.496325,15.599853,1.4818026,13.544826593640932,1.3190647702983787,14.617281833322295,1.7854023690775493,,
1990-09-28,247.44458735341223,388.8006109695652,81.41807388787095,10.126951,2.4666932,17.160128,1.2408475,14.424827723728423,1.2228170989673826,15.539344009294592,1.6891585950552923,,
1990-09-29,262.9173557462915,392.9729511333872,81.1250071948286,10.22797,2.4907389,18.371176,1.321351,15.106925521064547,1.274210858891081,16.254043749708707,1.740555985132579,,
1990-09-30,251.48216792028308,396.03106846665634,80.93312722071147,10.300777,2.447786,17.87469,1.0949218,14.933121859085617,1.162861364255123,16.07193286680528,1.6292055149875841,,
1990-10-01,249.73727420103265,364.0466838016855,80.47043101405706,10.061071,2.287527,18.121786,1.3747392,14.842031251924743,1.2373963490575113,15.976488439999779,1.7037400023232268,,
1990-10-02,248.57751724672607,397.0958333471111,80.02233790714484,10.032728,2.2766583,15.210017,1.071386,13.216814841563997,1.09654062137666,14.273592240748163,1.5628769940683298,,
1990-10-03,255.07910882539696,411.2349485230101,79.65382000347397,9.899792,2.2833633,14.28098,1.2653118,12.603768563352451,1.1721463954663789,13.631244446031973,1.6384808065482086,,
1990-10-04,263.220478025342,393.48468489532615,79.31489544688213,10.686352,2.4311554,14.281859,1.0580984,12.840708500374822,1.1625440314272597,13.879509302105356,1.6288791497011867,,
1990-10-05,236.9199878046139,347.23725409132413,79.03272027596692,10.298809,2.4530587,15.469992,1.4890728,13.372685619178084,1.331654136057626,14.436913108714606,1.7979910760403617,,
1990-10-06,243.29254418486045,385.15079050205287,78.73861174588505,10.341726,2.5760348,16.174109,1.2218504,13.916187979564528,1.2471166700588487,15.006393024057646,1.7134558054885007,,
1990-10-07,256.12316945317514,397.28965109366993,78.38095139916528,10.39212,2.5709693,17.981852,1.276595,15.006847180350336,1.2720333454682673,16.14918200640905,1.738377905780154,,
1990-10-08,267.9013770294052,415.5128942095903,77.92927761682395,11.175011,2.594376,18.249847,1.1673114,15.476480536048365,1.2401635196314804,16.64126223114813,1.7065108349021392,,
1990-10-09,266.13319406375393,417.800423620364,77.47671102437191,10.991665,2.6900456,18.522879,1.6638,15.592322345184092,1.4590142098501322,16.76264088277513,1.9253622434539719,,
1990-10-10,241.74596717841115,436.9274193181062,77.06517065927542,10.7406025,2.6833384,18.72184,1.9675955,15.878893657425197,1.586880279954293,17.062909324146332,2.05323015652509,,
1990-10-11,248.68333140929383,423.7842634264751,76.65706490407243,11.534718,2.7190034,20.226173,1.1866385,17.01201080040365,1.2531023848893246,18.250185593191976,1.7194604685019383,,
1990-10-12,430.24835435846455,247.78696775744064,76.37714302881184,11.512529,2.920551,25.123606,4.72239,16.486676335587934,2.5323607246722926,17.6997419367241,2.9987148207745777,,
1990-10-13,452.0226320988,103.730150495358,76.29372662612202,11.884697,2.935238,27.144503,3.9024894,14.732909311734629,2.496025962452698,15.862150844083269,2.962369032271791,,
1990-10-14,272.82322209880004,227.5922904953581,76.54083140900148,11.345167,2.8016539,24.044918,3.6965623,17.12109800823856,2.2714723288288976,18.36448679666543,2.737831280031731,,
1990-10-15,196.4548820988,281.08425049535805,76.42736235321284,10.741838,2.4239137,20.142181,1.21444,16.27497316543089,1.2269230552350032,17.47792007870463,1.693275633640839,,
1990-10-16,171.71617882236308,267.79459289835347,76.25165162995941,10.339584,2.2441792,16.785408,0.8450508,14.267034680625658,1.0168019173780527,15.374008998120047,1.483142649470939,,
1990-10-17,208.6382780851879,307.16639649819103,76.0199843512142,10.198196,2.303337,13.730063,1.3508091,12.301455495702898,1.2309003145020554,13.314481847154296,1.697233916502487,,
1990-10-18,831.8157120987998,107.67953049535814,76.11699440989935,11.5897255,2.6768727,15.563562,17.19114,12.045183778927841,3.082123386784086,13.04596121833843,3.5484563847879524,,
1990-10-19,840.3311420987999,1375.5893304953584,77.11566794657188,11.424227,2.0722978,13.321042,0.88217175,12.601723390754115,0.9578541762012237,13.629101521174508,1.424188581458362,,
1990-10-20,309.49446209880006,852.9452604953581,77.23631486661796,10.502348,2.1464198,10.222213,0.7777384,10.296797543960466,0.8076178067635119,11.214008097898972,1.2739486884740836,,
1990-10-21,255.6762520988,630.3687104953582,77.16588804580721,9.986292,2.1523628,9.5424385,0.8039846,9.670516395940064,0.8443427792544689,10.557792851838201,1.3106737534153805,,
1990-10-22,245.66566209880008,533.376830495358,77.00127326261402,10.451765,2.158933,10.273074,0.87874913,10.329423092815617,0.9085524446616687,11.248193036464539,1.3748833338501423,,
1990-10-23,1353.8589420988,393.3145304953581,77.06200738482937,12.668158,3.0219924,15.498904,13.427628,13.305400419930642,3.823690233975954,14.366411906946084,4.29002692566586,,
1990-10-24,1091.8181420988,4031.326030495358,79.14252538597161,12.341045,2.674968,10.540856,0.91076505,10.924503388120522,0.9157501167080695,11.871716135704792,1.382081355912072,,
1990-10-25,663.9732420987999,2127.032330495358,80.09945250909874,11.879091,2.4666696,10.440161,0.8255225,10.782478719547566,0.8603251166806667,11.722903173461091,1.3266562355500835,,
1990-10-26,261.7311020988,1613.428230495358,80.61113168115574,10.497358,2.0521667,9.033068,0.7194377,9.237450547315317,0.682079302902055,10.104027936010738,1.1484106033551251,,
1990-10-27,174.10468209880008,1212.527060495358,80.99932321182737,9.524847,1.9770597,7.127165,0.68567735,7.4282164340165435,0.6489402326405646,8.208318616653706,1.1152752163059474,,
1990-10-28,169.26687209879998,924.8152004953585,81.25579152039329,9.582899,1.8791455,6.737949,0.61748827,7.178094870333523,0.597460425286509,7.94624209722443,1.0637962127145588,,
1990-10-29,151.05674209880004,825.7323904953579,81.43751160517779,9.125908,1.8114401,6.024003,0.67860985,6.503700875813477,0.6384090651650292,7.23961437506687,1.104747376303801,,
1990-10-30,122.94523209880002,729.2519704953581,81.54065103132939,8.678026,1.8580228,5.707911,0.64503497,6.136405146715322,0.613621512071826,6.854763165655462,1.0799614165008247,,
1990-10-31,121.61787209880002,644.8604004953581,81.59224376988867,8.474665,1.9330895,6.2156386,0.7774787,6.574080554436122,0.7224591965801523,7.313357961746781,1.188797220034565,,
1990-11-01,116.03465209879998,601.3890104953581,81.68982006854962,8.732836,1.9338742,7.217741,0.8763459,7.462789374093419,0.7984234507191694,8.244544025084574,1.2647583289136155,,
1990-11-02,122.46601209880002,551.082770495358,81.84610651568588,8.6448345,2.1074994,9.456127,0.875362,9.308616284311887,0.8122681706233651,10.17859515196784,1.2785994027279017,,
1990-11-03,117.3257120988,523.0619304953581,81.97649527079845,8.660891,2.099082,11.453985,0.80602574,10.942261072142891,0.7624474993115189,11.890322576321825,1.228778755183898,,
1990-11-04,115.0258620988,490.1157604953579,82.08558821719608,8.604075,2.0476174,12.774542,0.74886274,11.981815858574743,0.7206601929563886,12.979564528004852,1.1869930531943313,,
1990-11-05,123.89390209879998,468.49746049535815,82.17673649359199,9.134508,1.8990113,13.087941,0.6521454,12.261112359353932,0.6509539428233637,13.272210446793961,1.1172874447588854,,
1990-11-06,590.0782820988,574.002790495358,82.45160638607534,9.545757,1.9300079,11.640257,0.7356923,10.578544989090336,1.0434220365085138,11.50922210780059,1.5097530229372906,,
1990-11-07,251.5037820988,693.180140495358,82.64393051046416,9.049572,1.8207265,7.8588247,0.6729033,8.175838106049321,0.691925609193525,8.991674048992813,1.1582586169676528,,
1990-11-08,229.23859209880004,567.0212304953577,82.75263054577235,8.851743,1.6557802,5.5975184,0.6916841,6.53439077621469,0.6854492374848432,7.271771147799084,1.1517874224788387,,
1990-11-09,175.05695209879997,538.4892104953582,82.81826341515281,8.487881,1.6336176,4.1270456,0.7052693,5.1969056305514245,0.666264491008146,5.870358784137365,1.1326091729700831,,
1990-11-10,1650.2977420988,2969.684730495359,84.99253829353087,9.007832,1.5792314,2.1352305,0.7366838,4.590183137512844,0.7365190290353297,5.23463702990863,1.2028673327556596,,
1990-11-11,415.3235288200288,6253.473070654082,88.94435769860006,8.004784,1.5172119,4.738308,0.9748643,4.941739589300393,0.9190215214529676,5.602996678356011,1.3853676753021136,,
1990-11-12,1480.9492990485885,5990.844815029759,89.4975563806285,8.236567,1.3392718,4.1370664,0.9280793,4.949609084855399,0.7900583454516706,5.611242308898022,1.2564044527939586,,
1990-11-13,1619.7483528902308,4435.753715029759,89.32469482590834,7.6908016,1.190073,3.3209434,0.7432357,4.489809396325144,0.6306642530634302,5.129465767002627,1.0970131965379182,,
1990-11-14,1534.9044239129548,3359.2719150297576,88.85139015876261,7.5499988,1.1179483,2.6599717,0.7353505,4.193574842813738,0.6145569390464994,4.8190722144605385,1.0809078378199701,,
1990-11-15,1379.1959496333857,3050.608985029758,88.30668987446604,8.307709,1.0846361,4.5129356,0.7835366,5.694417841139541,0.636547045679482,6.39165037773118,1.1028890719516227,,
1990-11-16,1215.3984813571658,2830.809455029758,87.75071938628817,8.814657,1.1829915,6.5089235,0.8516953,7.201518982425251,0.6937754256838278,7.97078580180282,1.1601111348020225,,
1990-11-17,1054.407314161506,2711.851230859752,87.32543939547234,7.4241643,0.9787277,6.1873374,0.66737807,6.533601286312812,0.5531690530591892,7.270943922978632,1.0195072412847275,,
1990-11-18,640.8691768716106,1862.607363667956,87.35360699467127,6.7125583,0.9374855,4.87289,0.68408704,5.3438297760505975,0.5627089134995644,6.024305401556332,1.0290527817338369,,
1990-11-19,387.7894737036,1059.2969904953577,87.60476888627595,6.3356915,0.9082385,3.5332727,0.8805753,4.2842634428615165,0.6890184710455929,4.91409541958713,1.1553687605690062,,
1990-11-20,387.7894737036,924.581070495358,87.80555819440188,6.4090385,0.9053442,3.288537,0.9959392,4.210607127376936,0.7509198024498459,4.8369185840039055,1.2172705860823054,,
1990-11-21,387.7894737036,955.8206234493788,87.8483785604611,6.284989,0.894987,3.3840375,1.0459311,4.221303017898442,0.7876194215221005,4.848125701530266,1.25397013301819,,
1990-11-22,387.7894737036,1003.7712125057038,87.78911125736035,6.5213256,0.8807315,4.4634175,0.9867068,5.036899585650708,0.7528684240321452,5.702704997243697,1.2192140202581894,,
1990-11-23,387.7894737036,1319.5623023889405,88.08442578014252,6.754852,0.85333174,5.8080297,0.7104968,6.023080629862682,0.5823229867288491,6.736022124277748,1.0486634138945092,,
1990-11-24,471.3149817987591,1446.9389779876,88.22170852853064,6.228046,0.8061208,5.831758,0.7299087,5.929125960452914,0.5851126134546589,6.637576742838163,1.0514534851456667,,
1990-11-25,566.9938577452664,1417.1745073427253,88.16639349641038,6.509107,0.83573025,5.15207,0.7473129,5.539855525521361,0.5847522087628918,6.229700511771296,1.0510950297674089,,
1990-11-26,548.0182343293252,1320.0948948589394,88.07231764236315,6.2738805,0.8140281,4.646948,0.7909373,5.124214857241597,0.6077895265426878,5.7941936403443055,1.0741346202255055,,
1990-11-27,487.9577893418944,1185.8430124904455,87.99645563887756,6.333618,0.79902685,5.080507,0.8528305,5.445822345458758,0.6475544572725005,6.131172867138046,1.1138977751467714,,
1990-11-28,439.7641832636101,1100.2800842178312,87.94951932617381,7.1163735,0.78376013,6.3291836,0.70349026,6.553967993688456,0.550183615137775,7.292284089346726,1.0165217202262475,,
1990-11-29,421.07629857310064,1064.604134745654,87.90768502464098,6.350356,0.8600604,8.31269,0.8341655,7.75651889566633,0.6455361746064866,8.552312813724528,1.111870211873685,,
1990-11-30,417.7402922778911,1028.657883529991,87.83853890105506,5.614949,0.77090037,5.583548,0.84053427,5.59261716828482,0.6378933135192717,6.2849839807021946,1.1042358601611686,,
1990-12-01,387.7894737036,944.7713467988808,87.36872995365579,5.5711017,0.78151006,3.6776829,0.8722916,4.228688027237384,0.6589371301678911,4.855863689071218,1.1252877919335633,,
1990-12-02,387.7894737036,830.0477766948804,87.10750744913676,5.499852,0.7751804,3.199373,0.9891024,3.9319024213445934,0.7179160873586877,4.544892745727593,1.1842687967822438,,
1990-12-03,557.1584937036,788.4225858652005,86.93089479637514,4.993022,0.6805771,2.1722324,1.3006008,3.340223597744125,0.8125019255526564,3.9249336969118995,1.278859017825984,,
1990-12-04,3040.2542737036,5140.57993049536,88.42510715092247,5.665584,0.75815403,1.7260462,2.4664898,3.1901018968907566,1.5752671079330947,3.767636691923103,2.0416253759056344,,
1990-12-05,1877.7866460765736,5844.178825551831,89.17836995077077,5.3362627,0.71711856,2.6078765,1.9549598,3.27135102929139,1.489804305544353,3.8527692551162214,1.9561619340032375,,
1990-12-06,1395.6482818147351,4434.109824127158,89.09318785334986,5.507259,0.73229426,2.5012512,1.097223,3.2208916183680243,0.8527619965197671,3.7998980568375864,1.3191200212574015,,
1990-12-07,1008.5605092580632,3523.8807082167755,88.85415525703309,5.4660497,0.71279216,3.1697974,0.68158764,3.6807603272886986,0.5531483651467171,4.281746918062129,1.0195028859983626,,
1990-12-08,810.9200308182683,2898.4410153762497,88.53235847935768,5.349379,0.70931077,3.6612005,0.649562,4.0302607944172095,0.5307172620453587,4.647952312811802,0.9970692816900396,,
1990-12-09,745.4178922740406,2555.950425881921,88.12766048803991,5.171978,0.67094475,3.5441165,0.6530204,3.91167230152592,0.5277837941167903,4.523695695334792,0.9941366467842558,,
1990-12-10,637.2015167658171,2244.8588580583714,87.7731708311728,5.0782666,0.6611639,3.1124215,0.65063983,3.547054837952196,0.5274490575865538,4.141650763384692,0.9938045722468954,,
1990-12-11,580.1038889728557,1919.517170654956,87.46522551685052,4.946642,0.583439,2.29038,0.8369589,2.9068365893682766,0.6568280856918802,3.4708322709950616,1.1231886422911366,,
1990-12-12,498.2236437036,1389.6799213634936,87.42076614904524,4.969617,0.6892792,2.862651,0.6918162,3.4186859557664637,0.5407567696034395,4.007146287437553,1.0071132576430117,,
1990-12-13,456.7266137036,1134.8645801328696,87.3741613346635,5.0820885,0.717529,4.068164,0.8005366,4.359121970996618,0.6068143056235388,4.992531929476012,1.0731640993303424,,
1990-12-14,403.8136237036,1052.051610495358,87.26150844569217,4.818279,0.62047213,2.865388,1.0608714,3.4070616385421535,0.7856975479249909,3.9949663675856613,1.2520541250384558,,
1990-12-15,545.1518437036,952.9319104953578,87.12924347565043,4.681903,0.6082224,1.4659421,2.8002875,2.6362284667334124,1.794962594638825,3.187290005125842,2.2613254233017193,,
1990-12-16,407.6283437036,1126.646710495358,87.12136259502844,4.640965,0.6461237,2.4137692,1.6175545,3.005493726368845,1.2001408185535882,3.5742048819017054,1.6665005676439926,,
1990-12-17,407.0374037036,1098.985630495358,87.01100384416209,4.620331,0.6789267,2.5808003,0.92394286,3.1320303803538128,0.6987498594025209,3.7067895554032417,1.1651085890833,,
1990-12-18,920.2434337036,1237.816230495358,87.08789843698796,4.881071,0.67692864,1.7787237,2.565887,3.1016319047336047,1.4997776798252755,3.674938136560378,1.9661366527324464,,
1990-12-19,919.2044737036,2251.298073734521,87.64710182348672,4.8353577,0.74108046,2.5811005,0.82905555,3.234663510762625,0.6266756722484192,3.81432819861179,1.0930335885407514,,
1990-12-20,544.9793382276496,2029.3715418419192,87.72796054653435,4.6664376,0.67702883,2.904344,0.82504535,3.277371931711565,0.6659914915854566,3.8590779360906553,1.1323490729541335,,
1990-12-21,679.1235272671439,2222.347612828476,88.3109664449032,4.82098,0.71350837,3.9627833,0.64408875,4.163654400275978,0.5208333060334136,4.787721677047389,0.9871844078772508,,
1990-12-22,760.2706964419447,2856.349562746318,89.01544458028903,6.2054105,0.7613664,5.9710817,0.7249598,6.02034133707781,0.5945110664600158,6.733151902661563,1.060851506443136,,
1990-12-23,810.8467575074276,3203.349862405235,89.29165172488024,6.442841,0.84967625,6.978281,0.6730682,6.870124943304861,0.5638671596288263,7.623552260426328,1.0302040350051493,,
1990-12-24,1805.9461114363949,6021.9471672237805,90.266371977147,6.1285357,0.7083629,5.789656,0.6291137,5.867837896155155,0.5108202138398412,6.5733593185697385,0.9771613809424249,,
1990-12-25,1355.8451953532135,5423.51339247962,90.27448307275189,5.6174936,0.62691045,3.6370082,0.70507747,4.033097529958047,0.5778313571269899,4.650924634614596,1.0441833570420327,,
1990-12-26,1160.7563113036983,4035.915715029758,89.86587816499767,5.417059,0.57976246,1.9639621,0.80020624,2.735264165497117,0.6348167547608916,3.291059271753851,1.1011787421907138,,
1990-12-27,1074.6323635435724,3241.738477380176,89.37476339286214,5.0515823,0.5405742,0.9451915,0.9873637,1.9675458483980075,0.7536572385873979,2.486646643411186,1.2200260407231125,,
1990-12-28,888.8791804258567,3006.696123916493,89.09919628560607,4.9928703,0.54101825,1.5859803,1.1086987,2.363352926680132,0.8645781567508315,2.901371947036385,1.330943361310632,,
1990-12-29,673.2579549934092,2669.020336639362,88.92391066945899,5.0547605,0.64283776,2.877728,0.6372103,3.3162625122194034,0.5250704917982882,3.89982735340597,0.9914277699977327,,
1990-12-30,1522.8053342977405,2869.9462573048613,89.71372460900817,5.665363,0.565147,2.9913516,0.8371537,3.918332900994373,0.5809732569579895,4.530674648689717,1.047326062411903,,
1990-12-31,2013.6400690010703,4451.722291709045,90.60216848994659,5.511959,0.6305556,2.9757009,0.98749626,3.7656196399338544,0.70773322988012,4.370662215774674,1.1740871305932181,,
1991-01-01,1238.4328271006173,3292.3640690192337,90.80818970654195,4.975441,0.64553857,1.7244426,0.9960072,2.6130595938054464,0.7449601975168438,3.1630137392707494,1.211323224600608,,
1991-01-02,950.3400113962834,3079.9285597756293,90.76361386402462,5.0063047,0.69056666,0.86970395,0.93033975,1.8451171684301066,0.7293742790091186,2.358366291042326,1.1957442302014845,,
1991-01-03,914.7091305595064,2922.6536406854334,90.60046813755432,4.91096,0.6547044,0.5478302,0.93902624,1.587866066987361,0.7320203049906088,2.0888194663195154,1.1983927264619605,,
1991-01-04,937.2428329123092,2629.079695959241,90.25003020953945,4.5569654,0.6179022,-0.016084075,0.83487165,1.1857303331306068,0.6365263730790216,1.6674630190166466,1.1029028077012242,,
1991-01-05,879.0970511156759,2234.7633219377544,89.84614040490891,4.3618813,0.5903836,-0.37243044,0.8881431,0.9641482578479232,0.6588366133122038,1.435290077975883,1.1252153382482293,,
1991-01-06,792.6260866285147,2032.5285805516853,89.51257437910746,4.3474884,0.5472812,0.35371006,0.9290885,1.4742054886055296,0.6858321340726853,1.969726300820283,1.1522056710842783,,
1991-01-07,593.4407561238753,1693.668740276847,89.29147668172142,4.134077,0.54633313,0.28807104,0.91441983,1.2860017141383553,0.6918325543993499,1.7725270292759967,1.1582079710487365,,
1991-01-08,508.9468580017371,1230.3808603166704,89.13293486918344,3.8538642,0.564802,-0.7568284,0.8404077,0.5923121041606362,0.6170393872491962,1.0456814272006483,1.0834220817039686,,
1991-01-09,487.7146437036,1098.4221089884063,89.05429545196492,3.9558468,0.5715026,-0.78542435,0.90710163,0.6724495421826436,0.6522972137602258,1.1296491608239798,1.1186790393475166,,
1991-01-10,468.8036437036,1040.9412811871514,88.98145650758177,3.7432432,0.5640387,-0.65307677,0.8990697,0.7120616697433074,0.6441596439204429,1.1711546126747592,1.1105410427363425,,
1991-01-11,467.1012137036,1003.0240599316004,88.8499802574096,3.2962854,0.59038067,-0.838009,0.89553523,0.4755756057368277,0.639143957395531,0.9233653231959387,1.1055279306717214,,
1991-01-12,597.9620737036,1025.5756420937655,88.72253860799448,3.4003046,0.5289822,-0.92384946,0.8966493,0.6687714404241087,0.598977470612381,1.125795258374349,1.0653593359176718,,
1991-01-13,524.4478137036,1084.1395659293698,88.56739978436588,3.284988,0.5293563,-0.5016521,0.89487314,0.7329062988531447,0.6273251162381797,1.1929955438022468,1.0937062911995943,,
1991-01-14,504.4191737036,1033.755779441367,88.28875114672174,3.2936556,0.5234734,-0.9512888,0.90485734,0.44077088699196965,0.6318890679652985,0.8868970578690556,1.0982734255344766,,
1991-01-15,437.6007437036,1034.5264731025254,88.11934000677317,3.3123171,0.49807325,-0.93390286,0.9038571,0.3283175554327693,0.6522060727703527,0.7690688414638092,1.1185916814493018,,
1991-01-16,641.8390737036,1109.177717272652,88.14652398241962,3.4332073,0.4978584,-0.38193023,0.9112004,1.0165168503679156,0.6053597348102786,1.490161710205253,1.0717379133884717,,
1991-01-17,850.2515437036,2290.9136906763965,88.29119704944857,3.499125,0.4854988,1.1569232,0.9122719,1.7909110653833182,0.6781919972706886,2.3015693215641946,1.1445624626897342,,
1991-01-18,649.5788737036,1745.2690427597,88.14270227768358,3.386399,0.4641946,1.0247241,0.912451,1.6653051473888334,0.6767729238841328,2.1699598700519247,1.143144593777914,,
1991-01-19,561.8569937036,1427.035382493206,88.0461464902425,3.372005,0.4546363,0.91371596,0.9114056,1.6081763019579474,0.6664287809668951,2.110100461094631,1.1328010046558208,,
1991-01-20,537.3714137036,1373.8357870360726,87.93796609973538,3.5286486,0.4603591,1.291377,0.89988667,1.9204274447210314,0.6596900874079491,2.4372761411046557,1.1260593297454693,,
1991-01-21,606.8994937036,1111.702827178269,87.75818659894006,3.3585484,0.5086472,0.19120955,0.9051815,1.3097093495065506,0.6124614068057613,1.7973678085742943,1.078836584451477,,
1991-01-22,591.0472037036,1047.9386623953342,87.57867224388563,3.0460987,0.51219386,-1.3746442,0.68651253,0.2195536697917829,0.47622283766589973,0.6551064138799272,0.942609670162426,,
1991-01-23,532.7692437036,1003.60930573937,87.28268507569682,2.9956088,0.49485493,-1.3196417,0.7547859,0.17675561710027946,0.5220576883767153,0.6102627605675942,0.9884450061476877,,
1991-01-24,500.8779337036,864.284304176542,87.04648668830718,3.019354,0.4727573,-1.411122,0.88858414,0.214419408880924,0.5886962505549035,0.6497267528481222,1.0550831411567443,,
1991-01-25,486.0598137036,780.2766104953579,86.80359774782698,2.9330206,0.4859971,-1.3711799,0.88789797,0.28090782272511217,0.578022679147029,0.7193930855947899,1.0444088196201413,,
1991-01-26,463.5664237036,783.285770495358,86.61567875785616,2.936696,0.49552864,-1.3456005,0.8872144,0.24651195604064985,0.5870169757976156,0.6833532140591985,1.0534035036971745,,
1991-01-27,421.5665437036,831.6921404953579,86.49447758894948,2.9814546,0.4620838,-1.4535927,0.8860789,0.03825221953206013,0.6082192985494228,0.46513937404579353,1.0746082011248,,
1991-01-28,404.3075137036,833.2632004953579,86.37898723429687,3.2184677,0.4535511,-0.5475236,0.8870484,0.6828049395263257,0.6153602219469426,1.1404995107625349,1.0817419357945046,,
1991-01-29,403.3821237036,820.671180495358,86.25254853400173,3.1931462,0.4595151,0.15748394,0.88283104,1.1578749302350444,0.6109615659559986,1.6382762230816077,1.077338285411676,,
1991-01-30,480.9763437036,784.953240495358,86.18268610615817,3.3885212,0.45931372,-0.1772734,0.929236,1.1775119479336176,0.6020305489957347,1.6588518231003857,1.0684070675621935,,
1991-01-31,631.5432737036,741.569530495358,86.30332990577486,3.1215544,0.4795321,0.1737665,0.91069317,1.5295586783817765,0.5390211161472019,2.027725183852421,1.0053941080406334,,
1991-02-01,612.3952437036,734.2899904953579,86.08580910148386,2.9974794,0.4534554,-1.2470862,0.89113736,0.683098944050411,0.5278434651366585,1.1408075676978673,0.99422517581356,,
1991-02-02,537.1534537036,748.253160495358,85.88627633760554,3.1729255,0.45464087,-1.1736358,0.88658494,0.6427313659198178,0.5499526812093635,1.0985105573222944,1.0163348281509477,,
1991-02-03,550.5885237036,722.1526904953581,85.69493439079388,3.5736475,0.4893709,-0.45411026,0.8783844,1.288299878226913,0.5414935032461978,1.7749350377521065,1.0078688966989835,,
1991-02-04,314.3608420988,614.0912904953582,85.5820570622871,3.641808,0.5439599,0.5627676,0.8827908,1.6052874291371646,0.6122491689858225,2.1070735100281324,1.0786214207780105,,
1991-02-05,371.9064820988,644.160160495358,85.66891974430912,3.782369,0.51464623,1.3491368,0.8948912,2.239762248007342,0.5977935366974156,2.7718740563966358,1.0641598453636831,,
1991-02-06,363.6392920988,954.446890495358,85.87674205832046,3.687306,0.5580383,1.5875365,0.8859573,2.166829898622717,0.6597497565975963,2.69545579001819,1.1261167250053667,,
1991-02-07,790.4442420988001,2760.201130495358,86.80770728920328,3.8955033,0.5522861,2.957999,0.9276683,3.166706082660219,0.7315567234929178,3.7431226377469358,1.1979151770142957,,
1991-02-08,764.7095737035997,2936.3491304953573,87.69418508552381,3.7211428,0.5366328,3.9929,0.88891095,3.936749670556243,0.7139078953704123,4.549971676882067,1.1802605705414382,,
1991-02-09,474.4344737036,2551.6976691213604,88.04459274491067,3.6002572,0.5305459,3.7113872,0.88793445,3.693964288848829,0.7533309629921049,4.295581983849349,1.2196853868102673,,
1991-02-10,407.7123486781114,2376.766352613235,88.21144578750986,3.3872268,0.50694096,3.0852494,0.8902099,3.1294659278880292,0.7634794070076313,3.704102530875736,1.2298381571664718,,
1991-02-11,501.2061439114821,1867.2059226280328,88.13026423779046,3.3445091,0.4774996,1.4229244,0.69141835,1.8295724164222422,0.5543865591245434,2.342078553025562,1.02075665743873,,
1991-02-12,473.0414606569141,1478.453350451512,87.99656642013589,3.120216,0.4701493,-0.11898887,0.5250655,0.6661929000503368,0.4137928929942047,1.12309347258501,0.8801747861531,,
1991-02-13,513.2865937036,809.4473304953581,88.09906100277863,3.1159408,0.46943337,-1.3045036,0.8921195,0.4108488562230841,0.5755224778927169,0.8555448563127626,1.0419071669503777,,
1991-02-14,225.51576209880005,770.9602304953581,88.25874531542475,3.2035112,0.48284152,-0.7902688,0.9149264,0.11357672360922703,0.7162510162386958,0.5440641319339128,1.1826390542041303,,
1991-02-15,246.7007320988,683.045770495358,88.43418022714698,3.0461407,0.48268107,-0.27079666,0.7396916,0.6093258979893942,0.5583091375796133,1.063508422215676,1.024691646953153,,
1991-02-16,156.73341209879996,738.1735804953581,88.56304825422554,2.816835,0.4925313,-0.5483023,0.46147445,0.041065588918717096,0.3903038560431931,0.4680872128721105,0.8566927262087762,,
1991-02-17,218.23538209880007,711.6726604953581,88.68509655925601,2.9106755,0.47751904,-0.84017456,0.54334867,0.04009334515893343,0.43066916338431205,0.46706849918405824,0.8970580447490435,,
1991-02-18,162.24541209879996,706.4686704953581,88.79593820845187,3.002346,0.46410298,-0.6315328,0.5911814,0.047148701562343714,0.4885205330969716,0.4744610775060222,0.9549093332165133,,
1991-02-19,54.9368420988,894.8981604953581,89.05326501592147,3.2954097,0.46048814,-0.32564485,0.8354595,-0.11620921147740272,0.7875883685566544,0.3032952146340662,1.2539790644031874,,
1991-02-20,54.9368420988,2203.9046304953586,90.51738186878718,3.201563,0.4859156,1.213855,0.6844853,1.2621976824737655,0.6679426274298645,1.747585246267851,1.1343182847013258,,
1991-02-21,672.5758856108173,1985.0588564264,90.78969934336706,3.415267,0.4668355,0.54212034,0.8930544,1.2692364923826602,0.6774280360494099,1.7549604872294229,1.143803622101883,,
1991-02-22,635.9554654884673,1759.099862779967,90.8975366926829,3.4521155,0.47914544,1.0916944,0.9003498,1.7184534670111844,0.6734088947608794,2.2256484976737823,1.1397800527968962,,
1991-02-23,536.4080177845253,1609.2193714547086,90.75573386025268,2.993535,0.4510814,0.7311639,0.78019565,1.2967579338416086,0.5959139456916608,1.7837973595127679,1.062289253824775,,
1991-02-24,525.5021837035999,968.399860495358,90.8627005529908,3.0850017,0.4180616,-0.44089854,0.9021416,0.7993891273504056,0.6030069487690346,1.2626560242414964,1.0693874130777465,,
1991-02-25,104.2321020988,957.633470495358,90.8747101964417,3.104479,0.4439097,0.70322716,0.8897346,0.9389326423469601,0.8035810572200692,1.4088692422492433,1.269960046347296,,
1991-02-26,58.98819209879995,960.028010495358,91.021707485447,3.049602,0.41784582,1.3584092,0.81838036,1.4563079135441033,0.7713857650598268,1.9509732828507202,1.2377594790762707,,
1991-02-27,54.9368420988,853.4274304953581,91.29112983987137,3.0564203,0.40265813,1.0068982,0.70503485,1.1308509431228169,0.6628426457369578,1.6099605817622942,1.1292196423724223,,
1991-02-28,68.8217020988,766.546850495358,91.51321223712601,3.1011882,0.42740133,0.66195166,0.7317635,0.8629077645268844,0.6723998672684661,1.329210635147412,1.1387796573303879,,
1991-03-01,58.82112209879999,718.7931004953579,91.72554817617682,3.3146114,0.55227387,1.2705932,0.87551033,1.4252089702489508,0.810361579706489,1.918387916372479,1.2767356021588883,,
1991-03-02,149.19334209879997,932.330780495358,92.18578577943863,3.51459,0.6640027,2.680185,0.89867276,2.7952889962264362,0.7800995005815553,3.353953084207413,1.2464609836050766,,
1991-03-03,284.7502120988,1353.740280495358,92.88335204426859,3.44496,0.8086071,3.7750635,0.8987824,3.7176954598807597,0.7557642700403829,4.320447423735655,1.2221185199637308,,
1991-03-04,1335.9122420988,3957.658130495359,95.17967617590345,4.149305,0.6356442,5.7683563,1.1270659,5.359764293851374,0.8577671824320288,6.0410015348385615,1.3241109638982143,,
1991-03-05,1408.7069321086767,5018.743714104577,95.98276900465818,3.9104197,0.5806505,4.8698983,0.96150213,4.659609006580111,0.7614788489891975,5.30738121819685,1.2278267169494042,,
1991-03-06,1207.2996562027388,3881.51227552142,95.98027681966686,4.1257963,0.59525627,5.3040395,0.9413574,5.024506144907925,0.7317803309061365,5.689719192398267,1.1981259991692919,,
1991-03-07,949.9915654516764,4159.222318774863,96.35912737089396,4.031244,0.58842134,4.0712943,1.1620133,4.063847439302676,0.9522582567563895,4.683144284512592,1.4186100433948292,,
1991-03-08,989.0397227196733,3167.948397237589,96.24498496975878,3.5940163,0.50923485,2.9077954,0.8728151,3.071062605745594,0.6760974973063655,3.642907729576662,1.1424567158723937,,
1991-03-09,894.6220013704788,2699.125712808917,96.22111864743233,3.6369355,0.5301077,2.248723,0.87560785,2.5943024898407914,0.6707449993776863,3.143360109854536,1.1371081875490743,,
1991-03-10,790.9966403341358,2222.1976452387994,96.22795038376674,3.7679584,0.5495968,1.9884555,0.873742,2.4555946087195197,0.660329165735571,2.9980224661648394,1.1266935576305621,,
1991-03-11,663.3187871772467,1722.688818971793,96.01527045510349,3.7157936,0.5123817,1.0828888,0.8414912,1.8148459372206596,0.6240285748361701,2.3266481984580945,1.0903988127825899,,
1991-03-12,387.7894737036,1126.9376318524842,96.01850651738123,3.6732042,0.5186391,0.5478345,0.806737,1.3479690442533447,0.614713384269199,1.8374561859457614,1.081088177563116,,
1991-03-13,387.7894737036,971.446230495358,96.17985508269481,3.9075122,0.61422825,0.99501395,0.8624959,1.8259486860153185,0.6408509177521402,2.33828162069229,1.107221050402491,,
1991-03-14,387.7894737036,945.151930495358,96.33184911136176,3.9452229,0.58718675,1.321821,0.90622187,2.0850410463321283,0.6648966635930007,2.6097577101693163,1.1312643790929262,,
1991-03-15,387.7894737036,962.4187904953582,96.45198914870284,4.0885663,0.5595517,2.1575847,0.89869887,2.7121764085164553,0.6604372713691928,3.266867998911063,1.1267994539093953,,
1991-03-16,421.3639937036,922.073490495358,96.48879410266578,4.3014927,0.6405523,2.8155403,0.8586216,3.2816035548650953,0.6226231011348511,3.8635118163658446,1.0889806494322976,,
1991-03-17,441.4239037036,923.708730495358,96.56465397777272,4.699945,0.68601346,4.0282407,0.83812386,4.245440331052622,0.6089518979200554,4.873416695743939,1.0753024471074653,,
1991-03-18,494.3614237036,886.4364304953583,96.71396731878434,5.0248976,0.61714834,4.280928,0.8827716,4.54728847916371,0.6082670006313323,5.18969215351846,1.0746155763403609,,
1991-03-19,315.96614209880005,1039.183970495358,97.04801801685673,4.8259706,0.6407568,5.3347435,0.8610318,5.216118269136242,0.676965059486687,5.890489721171417,1.143309633637848,,
1991-03-20,632.1163737036,958.9786304953582,97.25099957842693,5.1887517,0.6562412,6.0015154,0.8164873,5.678617487581234,0.5569058647797224,6.375094821283593,1.0232479710407472,,
1991-03-21,576.6765637036,841.2537904953581,97.35304235067564,5.3536916,0.65220916,5.7454157,0.829614,5.586100307363653,0.5591320425973985,6.278155636105771,1.025474622954891,,
1991-03-22,200.81242209880003,815.2490204953579,97.5231498440993,4.636168,0.6217168,5.381461,0.8415996,5.234162845944328,0.6863558812355846,5.90939676706863,1.152700354514933,,
1991-03-23,241.21551209879996,1067.9197304953582,97.82185192044926,4.6022234,0.63210064,5.433246,0.9035396,5.280125534317265,0.7462026186001226,5.957556314830203,1.2125468366236696,,
1991-03-24,387.7344420988001,1390.934630495358,98.23237363905214,5.039735,0.5856814,4.771225,1.1155435,4.82975779893861,0.8816578742245909,5.485662541205536,1.3480046975342959,,
1991-03-25,655.3947737036001,1860.0774637437648,98.57367161300556,5.253446,0.57578164,5.095924,0.9110253,5.13696558895741,0.6901633377558145,5.807553813449939,1.1565083587813842,,
1991-03-26,488.2097337036,1787.3629652844895,98.71743433418176,5.0153413,0.57219017,5.874581,0.8527936,5.690236441754763,0.6809882682643136,6.387269121749209,1.1473303156768988,,
1991-03-27,56.13694209879991,1486.789530495358,99.13193815556633,4.742289,0.6400306,5.9491243,0.95515627,5.905215541576116,0.9206989359809841,6.612523487672732,1.3870399224103496,,
1991-03-28,387.7894737036,1825.556730128392,99.63222195827018,5.2019124,0.5920696,7.104,0.89573133,6.770744687421398,0.7460416909598793,7.5194219680260455,1.2123789405620156,,
1991-03-29,387.7894737036,1584.0315920209932,99.83146488227048,5.1948085,0.6473096,6.6683884,0.8635887,6.378585819477753,0.7053338844917122,7.1085192467227225,1.1716727210388327,,
1991-03-30,969.4736841976,1530.2725769982687,99.70353238957333,5.067393,0.6924156,5.38001,0.8236769,5.2587681235181165,0.5712811838567406,5.935178092801512,1.0376255201890985,,
1991-03-31,254.90729826423672,1300.8843974160427,99.89099650778243,4.375509,0.655706,4.3866854,0.8385378,4.384854153641748,0.7093313554370487,5.019494022490513,1.1756809801898915,,
1991-04-01,430.8993875898952,1367.281569249917,99.97068716606454,4.679884,0.6768934,3.9923253,0.86937267,4.157085476770458,0.6806539602095958,4.780838781453047,1.1470051067738494,,
1991-04-02,969.4736841976,1284.498900495358,99.70486312161782,4.9501023,0.6383035,3.3616867,0.8483272,4.0448925078223175,0.5559639914055778,4.663283372101664,1.0223159093846415,,
1991-04-03,267.5606186511289,1106.9961584949838,99.97068716606454,5.0441847,0.56795293,4.7158113,0.8361622,4.77972989176406,0.6824158487510698,5.433243471079887,1.1487629757772284,,
1991-04-04,969.4736841976,1188.446030495358,99.64630844939352,5.936262,0.51604015,6.361746,0.818151,6.1705917098948015,0.5067311555377848,6.890583729694001,0.9730709051568267,,
1991-04-05,54.9368420988,707.841100495358,99.87517144301769,5.8303833,0.65556514,7.017369,0.8664323,6.93187964789873,0.8054151819090531,7.688258628801886,1.2717518304327184,,
1991-04-06,169.97933917685128,838.7104538941979,99.97068716606454,5.822454,0.6768603,9.244878,0.9179736,8.668148134199754,0.7717566051652692,9.507514813611193,1.2380886609056037,,
1991-04-07,969.4736841976,1084.784870495358,99.6024191624038,6.2213974,0.65079415,12.307223,1.0371407,9.435117438948316,0.6279190285071901,10.311142629373327,1.0942501534184288,,
1991-04-08,54.9368420988,605.151070495358,99.71752065815389,6.2447343,0.7849781,10.693601,0.983169,10.323336839013153,0.9037078138186948,11.241815880535135,1.370038701519801,,
1991-04-09,195.66063937564803,679.4883856657957,99.97068716606454,6.8396177,0.903586,13.545595,1.0488735,12.04631242295048,0.8390555150088709,13.047143807687275,1.3053885155081113,,
1991-04-10,980.1043597334718,879.9112804953577,99.97068716606454,6.34677,0.8207724,15.850139,1.9648266,10.842496231020101,1.0251870404145313,11.785789316822415,1.4915182073207958,,
1991-04-11,969.4736841976,420.6183304953578,99.8273133945092,6.338418,0.79156846,16.009119,3.2092824,9.26460855951289,1.1170266791219365,10.132484008356334,1.5833579528085866,,
1991-04-12,162.30774379851755,517.8582614891861,99.97068716606454,6.543748,0.91290104,10.068833,0.9946435,9.227643609937198,0.7880024654260726,10.093752260549282,1.2543337757519906,,
1991-04-13,969.4736841976,842.0272904953581,99.66517311299573,5.9122367,0.6662226,10.894738,0.9469855,8.228217913979046,0.566466896853456,9.046557432690163,1.0327997901568513,,
1991-04-14,79.85021661144577,480.6362804953579,99.97068716606454,6.4890113,0.81902266,7.4550486,0.90290666,7.317421185709878,0.7830159251311273,8.092227734212592,1.2493512560078934,,
1991-04-15,434.94490348148224,1065.448421254845,99.97068716606454,5.6418786,0.673744,9.116839,1.0258561,8.109492557503351,0.7542012844594292,8.922157410017258,1.2205344417296458,,
1991-04-16,348.1414451505423,1078.6326212332312,99.97068716606454,6.210921,0.7574402,10.173266,1.0611123,9.206430276140376,0.8232098465658896,10.071525001911125,1.2895411786240385,,
1991-04-17,223.12981077073405,804.3939796934193,99.97068716606454,6.294866,0.82466763,10.718706,1.0556388,9.75805626429346,0.8455840439286914,10.649516826658818,1.311914978196076,,
1991-04-18,213.5258861561926,777.3717103103811,99.97068716606454,6.1851897,0.8258784,10.873821,1.0453441,9.863480526212678,0.8391737481273174,10.759980007922964,1.305504645984929,,
1991-04-19,182.60768082060616,692.1943910308412,99.97068716606454,6.5167603,0.8553488,11.371301,1.0345733,10.35795564141949,0.8378598151213297,11.27808934335804,1.3041907118475184,,
1991-04-20,165.51198195427023,633.4562215108601,99.97068716606454,5.635153,0.71860904,10.386534,1.0146208,9.402251171560952,0.8180930026891413,10.27670546675256,1.2844241536903267,,
1991-04-21,715.0484445323665,1098.4234744204982,99.97068716606454,5.997585,0.7494962,8.984925,0.88622624,7.807022750641686,0.6127620634317669,8.605230580328914,1.0790959660520776,,
1991-04-22,1390.9239145829129,4968.712304141,99.97068716606454,5.715287,0.69927585,9.620391,1.2330846,8.766300828469092,0.9754591944659275,9.610358871148405,1.4417910935414955,,
1991-04-23,1043.4075145829129,2727.767684471122,99.97068716606454,7.0510297,1.0325292,10.137053,1.0866016,9.283212747106006,0.8362701185611887,10.151977412521166,1.302601374398793,,
1991-04-24,852.1660145829128,2513.8210745751,99.97068716606454,7.389885,1.0278525,9.947165,1.132212,9.299738774244245,0.8847056361915439,10.169293327265216,1.3510368765059273,,
1991-04-25,1221.539614582913,3331.679612554464,99.97068716606454,9.487116,1.9274706,10.423785,1.1033443,10.172495153255959,0.9587443934889868,11.083764477825255,1.4250752578645431,,
1991-04-26,817.8012788154172,2532.952460070646,99.97068716606454,9.807137,2.3661134,11.046965,1.1248443,10.744366157800458,1.027869198847428,11.682968961543747,1.4942002893511492,,
1991-04-27,629.9350030875661,2127.5099716826167,99.97068716606454,10.8325,2.6535013,12.197425,1.1475405,11.885609536563184,1.0730210101646143,12.878759872666,1.5393536700234072,,
1991-04-28,569.5736446139971,1860.815328449878,99.97068716606454,10.440445,2.5289636,12.450635,1.1285131,11.97953701150732,1.0477736927866068,12.977176759837457,1.5141065481557427,,
1991-04-29,426.6070443034616,1503.6318053395748,99.97068716606454,8.984934,1.861609,11.01914,1.0995449,10.569555066097916,0.9502254889371167,11.499802497219646,1.4165564706222606,,
1991-04-30,297.21595458291284,1192.741203565825,99.97068716606454,10.469688,2.5568168,11.396756,1.1083921,11.211825131210535,1.0234343525867065,12.172770875954264,1.4897659057809411,,
1991-05-01,627.1731441840723,1513.2140275397005,99.97068716606454,11.386885,2.8192544,12.999589,1.0997742,12.52703669852231,1.1344462872413874,13.550845060357709,1.6007804830667056,,
1991-05-02,628.6629650596379,1449.774034221707,99.97068716606454,9.009682,1.5674903,12.475458,1.045762,11.427167869349624,0.8699922164487773,12.398406260864077,1.336324066877327,,
1991-05-03,422.9157125597234,1097.633071211559,99.97068716606454,8.28038,1.3662992,11.038213,1.0159221,10.27116687749757,0.8259705414449349,11.1871523731932,1.2923014181347732,,
1991-05-04,365.2680097984867,911.3375878560154,99.97068716606454,9.161633,1.9754175,11.311664,1.0296301,10.69648727353935,0.9272184336955909,11.632801630280737,1.3935494909194885,,
1991-05-05,318.1465319319806,769.7876589753059,99.97068716606454,9.814943,2.2362618,12.452111,1.0361891,11.680919532188364,0.9824462566490262,12.66428638577984,1.4487785254007077,,
1991-05-06,547.7021598541168,1153.964671793303,99.97068716606454,9.767546,2.1444614,12.512857,1.0473833,11.629245475087588,0.990398328689129,12.610142485388575,1.4567305062816547,,
1991-05-07,564.4001145829129,2161.2193916456813,99.97068716606454,9.470652,2.042475,12.962549,1.1154774,12.239474183363932,0.9804111556752234,13.249538039958043,1.4467446047075798,,
1991-05-08,483.7929581630433,1618.7448659114689,99.97068716606454,9.872498,2.2352116,12.545391,1.0640408,11.930359547964906,0.9672765454784629,12.925648781642465,1.433609297226012,,
1991-05-09,444.65625394591655,1357.3767821207266,99.97068716606454,9.480986,2.027666,11.402717,1.0391121,10.928524605598799,0.9289588606651485,11.875929553632687,1.395290103612106,,
1991-05-10,462.1736544271894,1254.56659221033,99.97068716606454,11.398827,2.680167,12.372044,1.0633795,12.110038182080771,1.060429486363594,13.113915440268384,1.5267626301207367,,
1991-05-11,416.7092971777915,1151.633337457024,99.97068716606454,11.957043,2.7972584,14.445245,1.0992088,13.784128446712543,1.0972163567642363,14.868021496958267,1.5635549276747833,,
1991-05-12,302.9207565325729,894.558097564662,99.97068716606454,12.078842,2.875347,16.39394,1.1067071,15.302369387363775,1.101167789132858,16.458829164725604,1.5675140536113672,,
1991-05-13,184.56792905297092,651.3820336603752,99.97068716606454,11.851753,2.8302884,18.695353,1.1103804,17.184366239349927,1.0672868345417397,18.43077903295229,1.5336462951633332,,
1991-05-14,173.7043112517049,573.2442603402204,99.97068716606454,11.548529,2.7242546,20.227396,1.1043642,18.209108901515886,1.0581534686005516,19.50450089146223,1.5245218176632807,,
1991-05-15,229.54586335283176,692.263232415273,99.97068716606454,11.25412,2.6398046,20.600674,1.0981652,18.273225647723294,1.0546337519617068,19.57168219896622,1.5210026970791115,,
1991-05-16,169.8211844009258,539.6869404953579,99.97068716606454,10.704809,2.4785078,21.557947,1.1068561,18.96024224204947,1.0299367608351746,20.291535838052447,1.4963123877734745,,
1991-05-17,186.2765567217511,465.1866042681382,99.97068716606454,10.19174,2.3532782,22.730545,1.1386698,19.145253407907965,1.055405416585719,20.485389905209942,1.5217829351551573,,
1991-05-18,274.5484261623748,641.7638418081114,99.97068716606454,9.494139,2.0959792,21.28854,1.0931191,17.754663508719517,0.9902147125118835,19.028334562334056,1.4565789716091673,,
1991-05-19,151.78533481304532,489.0227604953579,99.97068716606454,8.841347,1.8422246,18.958048,1.0415925,16.561750318661623,0.9067723521779691,17.778404199561137,1.3731269987950536,,
1991-05-20,103.4105262964,463.2953504953581,99.97051311127547,8.956734,1.7471596,17.873453,1.0198401,16.246361049735647,0.8926204006881643,17.447940401684782,1.3589727779059375,,
1991-05-21,103.4105262964,439.3197304953581,99.91772301637805,8.570261,1.5093834,18.971132,1.0271299,16.98937511782508,0.8797583153299086,18.22646800236236,1.3461162206217265,,
1991-05-22,103.4105262964,428.05748049535794,99.84394648477893,8.425078,1.2735962,20.659296,1.0706705,18.278819940882222,0.8972446427169996,19.57754388021501,1.3636136400641434,,
1991-05-23,103.4105262964,406.389880495358,99.75199340221968,8.088976,1.0515918,21.955173,1.1084832,19.142482935497636,0.9090149337602335,20.482487013688786,1.3753924237145518,,
1991-05-24,103.4105262964,398.7327004953581,99.64894634860232,7.776116,0.8926126,23.150536,1.1645833,19.984353612432663,0.9428443008986647,21.364596231190365,1.409230890065964,,
1991-05-25,109.74232093965088,395.7969517377827,99.67760728558076,7.5730557,0.78315675,24.101475,1.2556667,20.513490281807787,0.9976785393134334,21.9190238245984,1.4640712622942278,,
1991-05-26,147.24054034965505,380.64525161877015,99.56289429395878,7.3598013,0.7019532,25.68936,1.4702004,20.576787740839684,1.0780534084952418,21.985346685800483,1.5444468866648384,,
1991-05-27,103.4105262964,420.56331049535805,99.43211971274678,7.291472,0.6693273,25.317934,1.5470092,21.76026416828645,1.2487010920030472,23.22538924096742,1.715109533457429,,
1991-05-28,143.71781629640003,435.02584049535807,99.31115292634703,7.4450316,0.70039505,26.166922,1.6127591,21.517766307823003,1.2246804329880483,22.971300811711288,1.6910856779837697,,
1991-05-29,124.46037962362728,385.79228915394896,99.29058543896136,7.1352377,0.668083,26.763998,1.6660202,21.976168172655893,1.2701430486551415,23.451612718714806,1.7365543925963838,,
1991-05-30,167.99691427766902,429.1301689871,99.25224753167885,7.456219,0.69398075,27.11792,1.6967787,21.58625816356935,1.2349356795978044,23.043066344034614,1.7013418205988722,,
1991-05-31,148.83331629639997,477.33892049535785,99.17815735094506,7.310161,0.65353674,25.981752,1.6043382,21.543748460398007,1.2328324840983087,22.99852482236383,1.699238068359267,,
1991-06-01,129.35646630956288,495.432220495358,99.0004130807054,7.4200234,0.7024298,25.13801,1.4526983,21.469671940496085,1.1610752356165221,22.920907698028515,1.627479854650448,2.4577863095628723,4857.542213690437
1991-06-02,184.70652757794156,442.05729843637954,98.73105997306945,7.1269517,0.6649946,26.2422,1.5079341,20.60896046802512,1.0814524100408711,22.01905715936842,1.5478462738124494,0.06881095329555839,4857.473402737141
1991-06-03,219.75254144084406,448.6600527646949,98.40931740790576,7.2599196,0.6385518,26.2263,1.4875642,19.990764281761166,1.0203318195082556,21.371313308598992,1.4867184810730723,0.002745848849858256,4857.470656888291
1991-06-04,194.41256352434806,411.2027155360308,98.07966941223147,6.8808455,0.5626425,24.31497,1.3455017,18.718326490201946,0.9312566019628495,20.038057340214237,1.397629814501861,4.700255186763529e-07,4857.470656418265
1991-06-05,178.4155956430172,385.0165941142627,97.77581822239503,6.7890415,0.56128246,22.0073,1.1362454,17.188308605937188,0.7965264310660471,18.434909831186115,1.26288592358202,1.5113874426039803e-12,4857.470656418263
1991-06-06,199.29707635617348,394.6338662353135,97.45586158988661,6.902104,0.5825139,21.757874,1.0930481,16.772931275357827,0.7521130391409638,17.999678884101435,1.218469268906625,1.1597260588514454e-12,4857.4706564182625
1991-06-07,218.05862020451042,410.1906703892817,97.10760969556055,7.1754894,0.6159251,22.840227,1.1534792,17.403163941842042,0.7828731692715045,18.660034517701,1.2492344268810711,4.539123385396951e-12,4857.470656418258
1991-06-08,233.60433934781656,415.0104982982886,96.73180064228627,7.2725472,0.6308936,25.216427,1.3645157,18.75378076571889,0.9021567631682249,20.07520620890651,1.3685303253676098,6.205392102156821e-07,4857.470655797719
1991-06-09,245.45747363932554,422.68771536680873,96.33539005843414,7.332582,0.6342043,26.798267,1.5229517,19.647130109300758,0.9912336231980429,21.01125459734963,1.4576164702523302,0.0003439316229851841,4857.4703118660955
1991-06-10,251.27479172882715,426.138350049487,95.92539612329234,7.394061,0.6347671,28.114372,1.6697721,20.42852804490759,1.0764651302642345,21.830000683203252,1.5428568467792034,0.02863187042503611,4857.441679995671
1991-06-11,250.22987811476057,425.21795146337473,95.52757053794467,7.299875,0.5906702,28.805353,1.812766,20.838322997863134,1.161989394599307,22.259382434096104,1.6283860416567717,0.19527461646946143,4857.246405379201
1991-06-12,230.704582950915,437.0002397245281,95.21251640990184,7.054072,0.5260666,27.0725,1.7163931,20.155756480203756,1.137957518593516,21.544191570129524,1.6043460596295407,0.00688308604274246,4857.239522293158
1991-06-13,238.04041046741582,451.1211690317973,94.91308590856337,7.1716557,0.538373,24.22294,1.3447903,18.333327687707058,0.8997188360506503,19.634656911012662,1.3660883441689997,1.9771314881853565e-08,4857.239522273387
1991-06-14,268.32375981228233,453.7731189363776,94.51967604111681,7.0715156,0.5898329,24.289825,1.1637852,17.891678902060807,0.7634712545595747,19.17189882311337,1.229836721914955,3.83896218321221e-10,4857.239522273003
1991-06-15,282.6594970111682,465.4270686394967,94.08573219701776,7.4453897,0.638766,25.627584,1.2238399,18.757563998261364,0.7987566372849254,20.079170267032183,1.2651302368805202,6.401333872289104e-07,4857.23952163287
1991-06-16,289.4515222663337,459.14916839476007,93.64677444822914,7.469148,0.6282451,28.23826,1.5373025,20.207742542697744,0.9736822027347234,21.59866238870526,1.4400713424066387,0.00911899391657942,4857.230402638953
1991-06-17,282.6656621361402,448.18943739917313,93.22462222073574,7.4051895,0.6237365,29.38173,1.7937742,20.88207834049956,1.1261551094658622,22.305229132540394,1.5925522943204204,0.2345535233139911,4856.9958491156385
1991-06-18,282.36581942785045,456.7321940586098,92.78902742982177,7.064927,0.6016427,27.915886,1.6375188,19.94996264203749,1.0376958779799417,21.328561489969953,1.5040820795623953,0.0021474248343541454,4856.993701690804
1991-06-19,171.9318519316937,342.3753669033738,92.4797654300334,7.025405,0.63294053,24.39573,1.3337904,18.588865214344196,0.9127702446776095,19.90240825791172,1.3791421926385194,1.660445836649698e-07,4856.99370152476
1991-06-20,157.19647819488176,284.57762549535806,92.17019205366476,7.7109456,0.6846181,26.5011,1.6708846,19.81499975771016,1.1035574299591226,21.18714784111932,1.5699421235820907,0.0009781948817857691,4856.992723329878
1991-06-21,247.45624113178258,362.62990179069504,91.74921568457272,7.7069798,0.67632645,30.711603,2.1655793,21.380728001396445,1.3161084442046698,22.827712542679556,1.782511912575375,1.7543038865117742,4855.238419443366
1991-06-22,264.96919594364243,387.34339471999647,91.33124584652253,7.2344036,0.6264667,30.144114,2.0404322,20.838195631890855,1.2380436580812708,22.259248980465728,1.704440303576475,0.19449019385795197,4855.043929249508
1991-06-23,228.2218914040744,358.0084244270662,90.95454664837902,7.4478993,0.63480914,27.205442,1.6584593,19.513749025764692,1.0425295233218799,20.871498353960966,1.5089109261537001,0.00014574724056714395,4855.043783502268
1991-06-24,252.85297684328356,386.1777050948202,90.55649384369774,7.625283,0.65003115,27.379398,1.633409,19.563049192659633,1.0200578159883016,20.923154900309296,1.486439750262197,0.00020123352052070736,4855.043582268747
1991-06-25,279.095300371228,421.6813077524026,90.1008842189407,7.8162007,0.6711723,29.109556,1.861098,20.62914265333894,1.15134603911891,22.040203984150885,1.6177401453854454,0.07573573271603472,4854.967846536031
1991-06-26,288.02356626244483,436.9733662832333,89.62888818800113,7.903798,0.68101954,30.375154,2.0281045,21.447833680204525,1.2519709890143742,22.898025643545374,1.7183753246901436,2.2007862658528263,4852.767060270178
1991-06-27,303.2510197263083,445.88452382171215,89.14498682103051,8.0116005,0.69202304,31.275646,2.13444,21.85833094962239,1.3009344618440857,23.328143279226694,1.7673442150454324,10.132367665279144,4842.634692604899
1991-06-28,334.5024585993135,449.67349171944977,88.64069551089814,8.139521,0.70444244,32.559937,2.348672,22.143027986536868,1.3799239710001772,23.62644786131755,1.8463375946134652,33.384451652336864,4809.250240952562
1991-06-29,350.05834273133155,451.1125092335109,88.08777006671268,7.99661,0.68351674,33.272144,2.5088892,22.22841803184935,1.4438953141807558,23.715919258904705,1.9103101167216283,43.13645267523234,4766.11378827733
1991-06-30,314.0350289630251,444.9906730444562,87.53875338557704,7.423539,0.66251206,31.843943,2.3131077,21.740382125072347,1.3835201680150517,23.20455690405105,1.8499283448665134,7.450046658677537,4758.663741618652
1991-07-01,334.78985437563466,489.7639434886919,86.99039007449184,7.7795105,0.67312735,28.654293,1.6901836,20.178599379378593,1.040463385854417,21.56812628180037,1.5068521895530504,0.008650918552259612,4758.6550907001
1991-07-02,354.6562515933692,507.4026250518275,86.6213343184256,7.274476,0.6514627,26.64895,1.3902918,18.678174220382658,0.8610897994408879,19.995985929151256,1.3274626177221953,3.831140686033752e-07,4758.655090316986
1991-07-03,417.9964111524527,590.8202585100468,86.22012916490843,7.7372975,0.65698504,26.433548,1.2779262,18.686882181527622,0.7963942849421406,20.005110101072272,1.262767188570925,4.11877380733107e-07,4758.655089905109
1991-07-04,400.37049740429205,572.6942557799165,85.55965582448302,7.689858,0.6638873,27.881586,1.6980548,19.573637192256506,1.0360433312444104,20.934248970093634,1.5024253800165082,0.00023902945862663534,4758.6548508756505
1991-07-05,398.12377213630793,568.731098897193,84.84343140848429,7.41377,0.64358217,27.58456,1.828014,19.278793603243695,1.1074639009135752,20.6253128653984,1.5738428091741044,3.328838637302802e-05,4758.654817587264
1991-07-06,380.4533409663497,551.8390039518199,84.25554606228852,7.636166,0.6651906,27.24461,1.991138,19.242722901515116,1.2094437426642666,20.587518107428718,1.675822273543643,2.5748071257227063e-05,4758.6547918391925
1991-07-07,400.87966441319435,582.5681622363866,83.5999385634016,8.060428,0.7047616,28.761604,2.410595,20.323250467755155,1.4565827721352154,21.719691197736324,1.9229732529774002,0.018790797366176375,4758.636001041827
1991-07-08,324.32129964053627,496.9611593401861,83.05486884623467,8.159187,0.7220898,29.347528,2.7936294,20.980333638306696,1.714317394647903,22.408180697713778,2.180715795135054,0.4010508297406702,4758.234950212086
1991-07-09,361.85957152196005,528.9037801938746,82.50014584726286,8.120807,0.7198039,27.223848,2.3703997,19.463517327358204,1.4375137818240211,20.81886575207912,1.903894646030437,0.00011697153182203682,4758.2348332405545
1991-07-10,428.83234823837324,612.8454647839791,81.88177281916369,8.209799,0.7208154,25.824146,2.0906508,18.572765960427844,1.265272004488692,19.885539514690713,1.7316437965318627,1.6245978805744478e-07,4758.234833078095
1991-07-11,453.1208904696477,631.6953193142081,81.2397498795461,8.149385,0.7180236,24.869928,1.9765217,17.88586301956306,1.1893753409987275,19.16580496131283,1.6557407566309847,4.1029711038506614e-10,4758.234833077685
1991-07-12,504.43817349066387,630.64388381951,80.57293997646208,8.304062,0.7235803,25.701097,2.156656,17.96973674221728,1.2406219263810343,19.253687561201943,1.7069880916813989,8.883739951297787e-10,4758.234833076796
1991-07-13,529.5632746845016,647.16714481951,79.91207515029971,7.871199,0.69184184,24.509838,1.6747305,17.021961531231455,0.972253118328574,18.260611934938478,1.438611280517085,7.438945910894498e-12,4758.234833076789
1991-07-14,344.2996926255338,494.5690089475636,79.39547495058986,8.116426,0.71973485,21.673525,1.5824047,16.109239528767354,0.9785842420360513,17.304264940740676,1.444935668069187,7.542823115023033e-12,4758.234833076782
1991-07-15,355.43465659798517,502.8054868016874,78.83847084676033,8.538166,0.76380855,23.455507,1.9879756,17.277585983297023,1.2068614179011938,18.528454362004304,1.673221637444117,8.568543473890849e-12,4758.234833076774
1991-07-16,365.8463013194012,506.3297965358268,78.25460999530293,8.610107,0.7720505,24.94381,2.0779219,18.09241274407842,1.2490228883941161,19.38222705660511,1.7153901646672007,2.7421351522814637e-09,4758.2348330740315
1991-07-17,406.18200319565324,555.4304059820613,77.62170819080958,8.654405,0.7709335,26.289442,2.1513095,18.840458710866645,1.2845637715815177,20.166027063538596,1.7509381946764495,1.3811043659512202e-06,4758.234831692927
1991-07-18,440.7008972367602,597.2599243480822,76.9860114137864,8.71399,0.7683501,27.816666,2.1808538,19.705987452270733,1.2966102455318715,21.07292512011981,1.7629937363497283,0.0005695553856572258,4758.234262137542
1991-07-19,488.4524695600923,615.55100781951,76.32431194199147,8.725584,0.75776213,29.271482,2.145099,20.18120781113683,1.2421276476248324,21.570859387680176,1.7085164813548743,0.00903465729286299,4758.2252274802495
1991-07-20,556.2678003612797,609.67316681951,75.63547782246904,8.78849,0.7616902,32.30014,2.6981804,21.082785262511475,1.456933600158936,22.515529159342186,1.923333279950913,0.6124239087341141,4757.6128035715155
1991-07-21,431.4789700791155,574.7484935175378,75.0084143144104,8.69212,0.7634042,31.281855,2.369529,21.595182422467516,1.3924799213267678,23.05241715200206,1.8588861794692417,4.079091294890015,4753.533712276626
1991-07-22,434.0730059886765,581.7328116267307,74.37041876719177,8.564308,0.77041817,30.394793,2.0757773,21.06621438055834,1.2335025909874375,22.49816624587642,1.6999020630466941,0.5729290172342433,4752.960783259392
1991-07-23,372.9392546520679,526.9817974896612,73.81451082687906,8.815545,0.7791464,29.837557,1.9106357,21.12575553459056,1.1645026542722339,22.560553263540125,1.6309028742024472,0.7376535466488219,4752.223129712743
1991-07-24,437.7725490095828,625.5888011504476,73.1947097381914,8.74221,0.78309226,30.329473,2.160544,21.44226765976167,1.3113224896393636,22.89219358635184,1.7777267531814933,2.380285824720085,4749.842843888023
1991-07-25,474.3332261372088,627.6297388195101,72.54301950330519,8.440512,0.8537014,27.88201,1.9288982,19.513535549323915,1.158443433399708,20.871274674076055,1.6248248339363547,0.0001619664159616323,4749.8426819216065
1991-07-26,446.11744270215274,615.2363602568043,71.9218226615387,8.81842,0.90677255,25.047089,1.3712487,18.225713939682734,0.8815291179198982,19.52189959369197,1.3478976208985676,8.902625669632565e-09,4749.8426819127035
1991-07-27,347.4568029123331,486.7451072298264,71.39387854297844,8.98834,0.9250625,25.567434,1.9394774,18.66200901381875,1.195452556323078,19.979048080971587,1.6618252163976868,3.473712182202766e-07,4749.842681565332
1991-07-28,328.91332110680725,450.87985592558687,70.86631133870763,8.954613,0.93775535,26.39025,2.2710779,19.035974705630174,1.371425665987758,20.37088805451383,1.837802062514739,6.091135964317263e-06,4749.842675474196
1991-07-29,353.4330577278769,469.7851351010336,70.285206285979,8.9314785,0.95289695,25.842417,2.2244408,18.582027389767827,1.3337148589449683,19.895243608694532,1.8000867406468415,1.8020675407157114e-07,4749.8426752939895
1991-07-30,362.7578965338702,469.8460530974469,69.70421386968147,8.957336,1.0676017,24.304567,2.0898755,17.61791973531425,1.26775091099813,18.885054903995222,1.7341139856365797,4.0632344395911455e-11,4749.842675293949
1991-07-31,369.3150878145189,475.1570602316274,69.11150174429305,9.159306,1.0283114,24.378931,2.2382355,17.722894690658592,1.3372683776400913,18.99504730336609,1.80363235965272,9.938233772534888e-11,4749.842675293849
1991-08-01,393.80781423164575,508.3731903325075,68.46255567229731,9.040907,0.9064446,26.337929,2.5586345,18.7876674172725,1.4950807555973884,20.11071252656866,1.9614546533402013,9.375186394262087e-07,4749.8426743563305
1991-08-02,417.4657422764277,540.1441519784299,67.83430340350417,8.959726,0.8717533,26.586643,2.4366956,18.902267790391942,1.4260025516703736,20.230790405781434,1.8923775939076,2.2525199113102944e-06,4749.84267210381
1991-08-03,440.97352246555084,573.2607540668262,67.19400607590269,8.849717,0.9127426,25.189466,1.9898458,18.085193836748132,1.1926515209767654,19.374663110181036,1.6590187313977713,2.5667448161292316e-09,4749.842672101244
1991-08-04,409.27503185040683,524.7667958726239,66.58837339755281,8.999855,0.94924396,23.758886,1.9088138,17.29182798467382,1.1502524366055762,18.543377082363065,1.6166127729706912,1.0117065897567518e-11,4749.842672101234
1991-08-05,406.2294542471779,538.4696424507425,65.98092565621383,9.077343,1.0070525,22.492262,1.9284465,16.723721192129105,1.1814221248211083,17.948116727110634,1.647777981118687,8.99125842870291e-12,4749.842672101225
1991-08-06,442.8714810894494,589.0593288769326,65.33351551265702,9.144163,1.0461348,21.564068,1.8866051,16.233844592776386,1.1667735951437466,17.434825700868235,1.6331258846455494,9.078222554426758e-12,4749.842672101216
1991-08-07,395.2918007341349,510.8753326280782,64.7317722856986,9.192291,1.0173247,21.420534,1.9622649,16.086281800569008,1.191970144135875,17.280209911611518,1.6583214130172743,9.114509816375653e-12,4749.8426721012065
1991-08-08,400.81331255292605,511.4517719174941,64.0896929811523,9.167578,1.0220567,22.270445,1.9804541,16.513561628159835,1.1976890535433844,17.72791225437816,1.6640433460537372,9.046725622214446e-12,4749.842672101197
1991-08-09,437.70081858141623,431.7447403730024,63.540483897391866,9.107534,1.2164536,22.278875,1.5633601,15.648090188015779,0.9887904251850204,16.821074237861335,1.4551388100769038,9.147575841071453e-12,4749.842672101188
1991-08-10,324.2826657729176,450.7702617026633,63.10856608619662,9.444599,1.2388041,20.835756,1.5353482,16.069688494151098,1.0324848718067017,17.262823501868212,1.4988360274777908,9.194153474069816e-12,4749.842672101179
1991-08-11,364.03030390127003,513.1788315103305,62.55324131345408,9.593033,1.2830757,23.06687,1.6016471,17.475403866308866,1.07770741781749,18.73572726361751,1.5440692807557552,1.6924057969889034e-11,4749.842672101162
1991-08-12,395.5520602165235,503.2259715040471,61.975714437665175,9.622122,1.2807088,23.831022,1.6409603,17.57768756957194,1.077884679655463,18.84289977825721,1.5442474098785954,3.079800404069963e-11,4749.842672101131
1991-08-13,403.33898893130817,514.0769711373202,61.3624120514333,9.42812,1.1645558,25.440264,1.6372524,18.400575876493203,1.0506343789385189,19.70511933334635,1.5170045218952628,4.074627857246586e-08,4749.842672060385
1991-08-14,399.6796409470202,510.3840739254872,60.793852865374255,9.337383,1.1157024,26.977823,1.6528326,19.230536331264062,1.0484844474213502,20.57474906077737,1.5148628511378486,2.4800193682387805e-05,4749.842647260191
1991-08-15,392.990057591622,505.08071260761136,60.212761671720635,9.445089,1.233602,26.972197,1.5499506,19.3024459181819,1.0253127659785066,20.650095680139255,1.4916919225033596,4.049985451416733e-05,4749.842606760337
1991-08-16,387.2504618730877,495.2442167484632,59.62519054804732,9.502073,1.2308041,27.926329,1.7501034,19.841519112932907,1.120843045659345,21.21493473086983,1.5872280339427434,0.0013175033060685239,4749.84128925703
1991-08-17,385.8569068875866,499.3812242251842,59.042639886306205,9.440899,1.1511142,29.039415,1.8724804,20.49682927255502,1.1694145150231365,21.90156647605616,1.6358070399864597,0.04660822662374418,4749.7946810304065
1991-08-18,389.4852335226061,524.3209603747619,58.45150438879945,9.480383,1.2295731,29.301912,1.8073663,20.853520237096262,1.161926420893474,22.275306049415413,1.6283232544921706,0.23973084871193712,4749.554950181695
1991-08-19,338.6390990753468,460.5610977036771,58.021920289953535,9.913147,1.4723053,27.643686,1.63392,20.130857986596446,1.1295050361602539,21.518103013639028,1.5958932915766457,0.0069297339871596895,4749.548020447708
1991-08-20,299.1758103037146,415.71452736905127,57.62644884209843,10.655241,1.6765162,26.410845,1.5955224,19.817252356038534,1.1632215172761777,21.189508105947667,1.6296062358968444,0.0011546900137035844,4749.546865757694
1991-08-21,358.6930576520437,415.64108519083817,57.18308518067372,10.87771,1.9093223,27.777061,1.5961614,19.948813177609228,1.2313883533478254,21.327357085071267,1.697774541999216,0.002491801974631036,4749.5443739557195
1991-08-22,342.212471558127,487.970262633696,56.70658569657393,10.943998,1.886153,27.211103,1.5495892,20.505584265103757,1.1975431445051692,21.910739927321284,1.6639357734827331,0.04940164756856387,4749.494972308151
1991-08-23,368.8601994021896,511.3479750864975,56.17886926409267,11.099316,1.9690071,29.302021,1.7065033,21.67399196264138,1.2898331012643518,23.1349935187993,1.756240397827106,5.516713984258746,4743.978258323892
1991-08-24,349.8050798971653,476.1433446731818,55.67703706755706,11.159775,1.9969712,29.175734,1.6897905,21.545627720579805,1.290052468462756,23.00049390475839,1.7564580772923202,3.621428223555395,4740.356830100337
1991-08-25,305.97433128628035,476.2308149857772,55.24295242116476,11.538349,1.8372265,26.52669,1.4549612,20.663716822006236,1.1406873778521958,22.0764306798946,1.6070819006198822,11.062359406442761,4729.294470693894
1991-08-26,378.92139111908807,523.7215324321213,54.65795549471619,11.356632,2.071091,27.012756,1.3459389,20.440456078746383,1.1686512196635468,21.842498836285596,1.6350430769804414,0.059733261955954145,4729.234737431938
1991-08-27,413.21100915406373,505.98505269827535,54.08048822789674,11.402494,2.1683722,29.63558,1.8173509,21.439165797401873,1.396757627825856,22.88894346557443,1.8631618511843249,2.742706103840052,4726.492031328098
1991-08-28,421.4883228289795,516.1235770639225,53.51820538352949,11.3988,2.1897888,30.664862,2.0277994,22.00411401866992,1.488285142124415,23.480894280640207,1.9546968656484247,17.362586449280276,4709.129444878818
1991-08-29,431.9406835137939,504.59222204795424,52.905058875141094,11.39888,2.1965468,31.360613,2.1263666,22.154012133340643,1.5293321433395954,23.63795701279112,1.9957459181370634,29.69846077480749,4679.43098410401
1991-08-30,461.87508520365486,495.286379319341,52.242453937633506,11.434338,2.2288892,32.244263,2.2209153,22.202502474747803,1.5740074940205369,23.6887650267616,2.0404219378803394,36.718219334341626,4642.712764769669
1991-08-31,432.6474625932829,509.6345154960287,51.5765251537909,11.731758,1.9599267,30.096718,2.0367713,21.664472066373154,1.422433687347194,23.125018604031588,1.8888408580956297,0.0,4636.488650153476
1991-09-01,427.8256875676999,514.2872950269078,50.922168836671034,11.843227,1.8569374,25.02047,1.7365215,19.03651355576662,1.2687336919119105,20.37145265984483,1.7351100939381512,,
1991-09-02,428.3677818705712,517.9123449173128,50.26942454014402,11.89802,1.8478775,21.911238,1.9593903,17.378393973122712,1.3600704127646783,18.634080629148787,1.8264314641902049,,
1991-09-03,431.9385706932289,514.9780755676479,49.61854840732822,11.784336,1.9310329,20.176817,2.1318257,16.348564266401723,1.4560457158504865,17.55502858274328,1.922398816017937,,
1991-09-04,427.92797159473145,517.7203002864445,49.0137959433166,12.874292,1.9614383,20.24434,1.783772,16.909221477727307,1.3196679969598992,18.142483292259424,1.786025275523306,,
1991-09-05,397.13498093024737,503.89214876439854,48.457070356346534,12.083805,2.0829892,21.245054,1.8894613,17.20715972344916,1.3998000380568585,18.45466196767584,1.8661596833270875,,
1991-09-06,397.7383268866876,512.7551132481387,47.92501351388561,12.187216,2.0893648,21.836697,1.7417536,17.621434671868876,1.3398473236239163,18.88873784250195,1.8062104284405875,,
1991-09-07,406.88340114477165,511.7589180107349,47.38006697715645,12.151735,2.1195767,21.8035,1.6912847,17.528557334947493,1.3300579775436179,18.791421286361018,1.7964202896880825,,
1991-09-08,405.5171395763128,489.8498705833989,46.79457244229783,12.225489,2.1121838,21.960161,1.6591629,17.55126907780193,1.3187400481507283,18.815218572887687,1.7851025532199811,,
1991-09-09,414.67448042314487,504.5680300892258,46.17967414193287,12.253441,2.1178446,22.471403,1.7935003,17.862033837159025,1.3718093376625797,19.140836825445867,1.838174541775659,,
1991-09-10,416.0165210840451,502.59206361036064,45.57416369347769,12.503246,2.145372,22.206486,1.6369736,17.812113670003633,1.321412845189986,19.088530644944,1.7877776082928667,,
1991-09-11,395.8877097842297,524.8304298367427,44.98703423427411,12.9728775,1.963518,21.569662,1.6474143,17.873241640287052,1.262786237584766,19.152580323251453,1.7291515411027663,,
1991-09-12,418.9867513395612,516.3300919063604,44.35360336526141,12.868441,1.9666477,19.667242,1.7083712,16.62163484077789,1.2905591100865559,17.841150997129564,1.7569142004559353,,
1991-09-13,410.0880014018373,490.3798452473455,43.72640524517048,12.861103,2.000157,18.960787,1.8364915,16.18288960493264,1.352772346597551,17.381435238786473,1.8191242808535364,,
1991-09-14,380.1314236501464,508.8190204083215,43.123292287811275,13.516047,1.9778528,19.038536,1.484834,16.677018815216535,1.199014692493347,17.899182136225733,1.6653701969157524,,
1991-09-15,361.1587390114989,508.17972664407336,42.597430042205545,13.521591,2.0574586,19.230413,1.2676848,16.858735285471095,1.1312546827912957,18.08958403259178,1.5976115703699523,,
1991-09-16,353.8628030219522,522.6925062487871,42.11887621261123,12.94606,2.2043028,20.664385,1.8224868,17.54851985270635,1.4046011307011743,18.812337944230293,1.8709636123857682,,
1991-09-17,366.62306000223606,540.2514121321287,41.545809780520635,13.189589,2.1709774,21.744884,1.6090006,18.286226347342605,1.2996419673636468,19.585304287586666,1.7660110339139317,,
1991-09-18,370.2316043689759,543.2838466965627,40.98205895038293,12.8798065,2.485546,21.819374,1.3665357,18.196325959305018,1.2943089401806507,19.491106968309985,1.760677170970118,,
1991-09-19,229.13769211132305,557.6465402647857,40.778558734127856,13.912031,2.1061842,21.041842,1.6547825,18.965404006400867,1.3235697838734781,20.296944317095228,1.7899454630570515,,
1991-09-20,294.8937235899254,549.2526159105427,40.47332153187925,14.038937,1.9475728,19.111912,1.6569977,17.339720787091604,1.2748676055944397,18.593558997023063,1.7412283365090941,,
1991-09-21,325.34222886152264,535.6434808747844,40.03057218407173,14.116571,1.8861564,14.799201,1.0263389,14.541254534444624,0.956910692915071,15.661335623577884,1.4232527709701173,,
1991-09-22,335.9604059948294,539.9313758391462,39.53433826896436,13.939304,1.987985,14.162065,1.1835618,14.076621796761538,1.0553376049646614,15.174495029301104,1.5216774530408308,,
1991-09-23,342.7483880044717,538.1895755439784,39.01654154188758,14.624022,2.0293338,14.343339,0.962613,14.452544722345499,0.9845034528901934,15.568385785699743,1.450845086117313,,
1991-09-24,340.04538749135526,538.3767553930905,38.56736200598489,14.166552,2.0869424,14.463302,1.2686049,14.34842694502653,1.1212462013496556,15.459291534533744,1.5875873239678036,,
1991-09-25,148.42499486016158,360.78469594280085,38.35256384196209,14.205259,1.9726814,15.080316,1.1024565,14.82525323691802,0.969927314723521,15.95890849322851,1.4362708773955715,,
1991-09-26,157.14350763446117,354.5652099862384,38.07627018026958,13.921717,1.9416085,15.320338,1.4159639,14.890827689607608,1.148101323260191,16.02761718060161,1.6144452418343007,,
1991-09-27,242.30029419498595,440.0472378105208,37.644818214138624,13.992279,1.7827569,14.615498,0.8534117,14.394193887362634,0.8388447028045601,15.507245980267049,1.3051860483434088,,
1991-09-28,282.1807966594394,476.22453626550384,37.17640970413454,14.076794,1.7923367,12.524065,0.93535376,13.10179066026222,0.888643811972095,14.153070296770656,1.3549797838528592,,
1991-09-29,301.85835768120586,488.82975266078427,36.690892880906766,14.123915,1.8541856,12.574108,1.2405629,13.165772608581236,1.0436944958249894,14.220110363507972,1.5100306887883375,,
1991-09-30,311.95143836010965,497.7009095090728,36.19167712902035,13.920803,1.8041792,12.786093,1.040551,13.223285974313518,0.9446401791576967,14.28037267152265,1.4109765748481542,,
1991-10-01,305.84913975752414,485.2839561654734,35.73555415054346,14.274363,1.9978566,12.777034,1.1908512,13.3558955865031,1.0630786630145048,14.419320569871614,1.5294155405545753,,
1991-10-02,309.2269562907356,484.51501701455135,35.26550973962716,13.796129,2.1716478,16.124512,1.4007877,15.217417656300682,1.2028765226682365,16.36981703131066,1.669222287032536,,
1991-10-03,317.5871585454849,489.70855005966456,34.77661350598444,14.136505,2.1467075,17.543114,1.2984093,16.202966438844182,1.154788672361463,17.402471676729764,1.6211407462337792,,
1991-10-04,316.7040662415863,485.9706839091124,34.29191880435136,14.238871,2.117655,17.662455,1.4838846,16.311642250823837,1.2268900554783726,17.516341821032366,1.6932428930942072,,
1991-10-05,316.2771599118648,484.0369044866787,33.80495106017591,13.916946,2.189567,18.621948,1.5817493,16.762572426239004,1.289934365751113,17.988824917404685,1.7562905166706602,,
1991-10-06,282.19301016510934,479.3064961439859,33.43352204420182,14.632212,1.9888871,18.013975,1.0543319,16.76077668165563,0.991772092250774,17.986943342368672,1.4581282295145377,,
1991-10-07,263.16543370046986,411.80953017907785,33.16262038243876,14.253191,1.7663474,15.578065,0.87589616,15.061510913505629,0.871697450481422,16.20645847915054,1.3380423184897912,,
1991-10-08,267.8522182383573,458.9761717331172,32.78910422749533,14.186947,1.7610325,11.914469,0.9820626,12.751926835631275,0.8976419772370541,13.786484177272007,1.3639768230030003,,
1991-10-09,294.5098189841052,493.9443649677571,32.35087217266586,14.2853565,1.8714479,12.088189,1.2073705,12.908892959735434,1.0299373742283677,13.950952745546491,1.4962727079094233,,
1991-10-10,287.71592803048827,479.8844781631853,31.941683848492325,14.635315,1.9314443,12.53513,0.93818593,13.322331826948226,0.931733305331898,14.384152577341988,1.3980700590137718,,
1991-10-11,266.7840064909693,463.9634234313139,31.567565003461475,14.288879,1.8396231,12.449116,0.9257723,13.120783548556902,0.8925039548153815,14.172970980201884,1.3588399918353344,,
1991-10-12,209.24849386669723,442.6177034164437,31.365182991210233,14.151136,1.7203734,11.176403,0.77520317,12.13128991706083,0.7629062093388886,13.136182935535066,1.2292394019035018,,
1991-10-13,227.02952199375488,435.5229990947265,31.114724259478482,13.924271,1.6228148,10.601371,0.7817909,11.739992027739344,0.7571740871577732,12.726182344688935,1.2235064638616422,,
1991-10-14,260.68901919391703,467.0151743033504,30.758477231072035,13.693106,1.5511853,10.204408,0.93440264,11.454180978258522,0.8175514832279355,12.426710504039125,1.2838833746862859,,
1991-10-15,197.19231754258053,388.62737148705565,30.53262223442401,13.710209,1.6176206,10.061478,0.9923814,11.289674290813586,0.8543383211539881,12.254340959272302,1.320669975680901,,
1991-10-16,32.31697959028839,226.17412057964643,30.93655843294191,13.211119,1.4608486,10.724008,0.86370164,11.034950297893484,0.7774764300345272,11.987442030221029,1.243807778764862,,
1991-10-17,32.315789505999994,337.379620495358,31.095117584149705,12.6947365,1.3385237,9.761924,0.76893264,10.018286609235007,0.7114062749689735,10.922185292535639,1.1777371424007987,,
1991-10-18,32.315789505999994,452.6609504953578,31.34417419756137,13.11725,1.4782077,10.688729,0.92302066,10.850550610857782,0.8671288500546037,11.794228668483816,1.33346002372099,,
1991-10-19,32.315789505999994,363.5281004953581,31.45205524483418,12.89678,1.3097401,12.236367,0.7587827,12.290281814695309,0.7049930251192877,13.302774102389861,1.1713265992187392,,
1991-10-20,118.35736155567122,364.265720490567,31.416174767589585,12.079494,1.1125783,10.263751,0.7384241,10.709039727435512,0.6205376590853668,11.645954048564716,1.0868687247806736,,
1991-10-21,158.09512879754095,407.4539635659057,31.291564106524213,11.951124,1.0786617,8.137132,0.8213576,9.20330550985785,0.6641485182209518,10.068250882481774,1.130479853523794,,
1991-10-22,168.80743177958777,409.6788619993755,31.163189364649213,12.276447,1.1508427,8.079367,1.1878926,9.304112035290897,0.90580852421703,10.173875615240652,1.3721397604757932,,
1991-10-23,195.61428140235927,419.1750983223991,31.050808782440935,12.637007,1.2677363,9.956765,1.2562292,10.809567043085636,0.946749763094654,11.75128622626748,1.413080903134915,,
1991-10-24,214.62467846911807,425.63177747348914,30.900793599624933,12.858143,1.2900707,11.817962,1.0166892,12.166647824651083,0.8023881975981617,13.173230830243174,1.268721472511646,,
1991-10-25,219.51565968260968,428.2277904633586,30.736849068203014,12.885611,1.3120807,12.966623,1.019312,12.93916866825489,0.8073565995363533,13.982675529440845,1.2736920305686137,,
1991-10-26,226.9877481140508,428.56118496794215,30.55385676988741,12.864479,1.3136063,13.903211,0.99275833,13.54354360488044,0.7925256063079982,14.61593752208473,1.2588632000517166,,
1991-10-27,230.42285988744752,431.6563109306439,30.356557385412614,12.858459,1.3185608,14.668218,0.92856896,14.038369031549225,0.7596683764892139,15.134413912672178,1.2260080519739924,,
1991-10-28,237.28508469302744,434.682999318756,30.177536110942633,12.305153,1.1218071,14.801702,0.79128027,13.920121344841272,0.647244204299487,15.010514390749082,1.1135833568491147,,
1991-10-29,252.30211183045745,447.817105250498,29.966552418066716,11.608479,1.0037096,10.639534,0.75503224,10.988712750909054,0.6033772241439618,11.938994486545889,1.069708525324272,,
1991-10-30,256.19852457645595,450.739576535649,29.74027353322694,11.431486,0.9925169,8.629316,1.0119967,9.64483914191554,0.7387276053727599,10.530888312844606,1.20505859289781,,
1991-10-31,254.5502757988039,451.9725134778984,29.50255846704432,11.387974,1.0132321,7.9690247,1.0491611,9.200824193163777,0.7640181734191448,10.065650967331681,1.2303495113064908,,
1991-11-01,255.36781859599125,451.6074736363533,29.190364226691685,11.620409,1.0686948,8.745868,1.0885628,9.784185963049953,0.795325409094036,10.676895435695966,1.2616563331522344,,
1991-11-02,237.3151707905605,425.8602341387568,28.89998664904956,11.59724,1.0758861,9.82998,1.0517625,10.462388361156826,0.77742014930806,11.387513590113427,1.2437510815644481,,
1991-11-03,216.27209341698165,394.3075179655459,28.622348816599143,10.6577015,0.9214289,9.167831,0.8616545,9.695555100589937,0.6451034605708905,10.584028320979808,1.1114344224262274,,
1991-11-04,222.3504062812032,406.3926514426965,28.322904952280098,9.570492,0.85152054,6.2745304,0.8543238,7.440123164321999,0.6289712260441287,8.220794447966641,1.0953061732315637,,
1991-11-05,227.68407301483296,409.9094872154884,28.014241799117436,9.264957,0.8471302,4.4690228,0.9629986,6.181646606098923,0.689066391356502,6.902167012147407,1.1554060912007142,,
1991-11-06,246.0069142194194,437.7727422299386,27.658967699669862,9.440401,0.86467224,3.3525796,1.1504481,5.542826354258013,0.7995465658564498,6.23281333596629,1.2658893713279529,,
1991-11-07,262.1790516172847,456.9263760980704,27.285975792943123,9.793175,0.8865563,3.5043755,1.2976532,5.797212320119263,0.8856329287404237,6.499358081420785,1.3519744415895047,,
1991-11-08,267.4216595961158,465.8184196888013,26.908140841251015,8.9661255,0.8581934,3.5006022,1.381895,5.49394567742519,0.932027366584995,6.181596329871092,1.3983704289129868,,
1991-11-09,274.4511969548336,476.9150459133689,26.511663420011754,8.652885,0.8285554,1.7460567,1.4730742,4.268910794842511,0.9827660603603815,4.898008967473218,1.449116452362201,,
1991-11-10,267.8190782038697,466.1664470848915,26.134548516381585,7.769901,0.89889383,0.57283115,1.6984397,3.1989218486627577,1.1274697111071226,3.776878207240309,1.5938279092923617,,
1991-11-11,224.3459908428528,444.9796148799468,25.847890629521906,7.858213,0.95131975,0.68099916,2.4568467,3.086673057539167,1.6641891357461318,3.659264307604307,2.1305482287310213,,
1991-11-12,221.8680111110922,436.8925501527374,25.667049934116793,8.361828,0.88217854,1.2929084,2.4047074,3.6736931714702057,1.6222515159424078,4.274341976353376,2.0886060888111966,,
1991-11-13,217.7204515830881,409.9228966226834,25.451734488048295,8.157829,0.89224505,3.0579393,2.0901072,4.827017790150423,1.3997268843751722,5.482791569363525,1.8660737242452163,,
1991-11-14,239.94420201082812,437.8220918875808,25.17659151836594,8.372543,0.8898984,3.1701102,1.4205749,5.011886177299003,0.9702332296082963,5.676496033476839,1.4365789714057644,,
1991-11-15,233.330518346912,415.4119363109905,24.950568791907273,8.540659,0.9687467,4.0541286,2.029265,5.667780464894455,1.3453104291237101,6.363739825956895,1.8116525904119594,,
1991-11-16,235.25459311072976,419.3490910329002,24.726339278841223,8.180725,0.92230093,4.5735273,1.4036524,5.869899266520259,0.9583470065894486,6.575519215391853,1.4246881636863062,,
1991-11-17,236.9987639933416,414.9402518661578,24.495015633979296,6.5403805,0.85435486,3.1431737,1.4093174,4.378157012197698,0.9492375744027177,5.01247678057847,1.4155872430551715,,
1991-11-18,237.6864118052572,411.6578715759734,24.255422169190215,7.3222036,0.8820566,2.023398,1.5444796,3.962976277426995,1.0309965552899778,4.577451825910071,1.4973490455996985,,
1991-11-19,250.25293689836963,425.436702642377,23.990125377706057,8.375555,0.9859105,3.7552013,2.184437,5.466426456925535,1.423040024404467,6.152761784701303,1.88938323254179,,
1991-11-20,254.1762768618601,426.5600009169945,23.7279560796277,9.217421,1.1161653,6.251509,1.8813311,7.35893410408911,1.2503702328148965,8.13572482818554,1.716705431953244,,
1991-11-21,245.23457443171995,419.04182388767606,23.50498547818671,9.352346,1.2518414,8.585577,2.2320676,8.868649494525203,1.4819469384494726,9.717599453580586,1.9482786858986383,,
1991-11-22,25.852632096,1373.958030495358,24.31859103119933,8.821409,1.3405635,9.874012,1.5419157,9.854571827084195,1.5136410273145808,10.750645503429004,1.9799719277572125,,
1991-11-23,25.852632096,1650.5424304953572,29.882988296075947,8.581694,1.1905036,9.720738,1.4195942,9.703172560380752,1.3978223750469112,10.59200986930964,1.8641533333008165,,
1991-11-24,32.315789505999994,1077.0503304953584,32.27900817598912,6.8150353,1.0237223,6.651524,0.7942113,6.656287143685486,0.7716524273956655,7.399493744953097,1.2379901219951965,,
1991-11-25,32.315789505999994,786.1233304953577,33.639060030823934,4.955354,0.9336907,4.843821,0.7201302,4.84822489771481,0.6926778904137728,5.505012304176619,1.1590246023341284,,
1991-11-26,32.315789505999994,765.6814304953581,34.44967165577369,4.9705467,0.9037199,3.5355625,0.71352416,3.593673804898022,0.6856066499433857,4.190497957591562,1.1519618157719425,,
1991-11-27,32.315789505999994,570.3917704953582,34.96763124310588,5.123498,0.865939,2.1967726,0.71275496,2.353696841545695,0.6761347062616421,2.8912543340401977,1.1424999964557625,,
1991-11-28,32.315789505999994,507.814830495358,35.31360963921551,5.807237,0.87103176,1.8901513,0.7045349,2.1245088755744073,0.6644297388303283,2.651111966735351,1.1307970928602704,,
1991-11-29,32.315789505999994,470.51423049535794,35.56490663511615,6.5660634,0.9241623,2.9945428,1.0195063,3.224076680124875,0.9558320002605961,3.8032353536588253,1.4221899998985197,,
1991-11-30,65.21025948166229,438.5270836082554,35.686849430415265,7.2951846,1.019322,4.973731,1.0706921,5.274249936043454,0.9413818099116652,5.951399883043631,1.4077260604309156,,
1991-12-01,125.42768310544815,466.21804250931496,35.70358060228303,7.4174743,1.0556861,6.870804,0.9344557,6.986696846933058,0.7696126691582991,7.745695902566835,1.2359491199681893,,
1991-12-02,76.2409070672538,463.3515473275455,35.6955044345878,5.983225,1.0244212,6.8778615,0.7867984,6.751455157947432,0.6909596779439832,7.499210464981182,1.1572970014917292,,
1991-12-03,62.564742098799954,2471.253130495358,36.199395837392515,4.8408613,1.0419309,6.0379696,1.171473,6.008410728311307,1.1428367555152077,6.720651051578766,1.6091772514230787,,
1991-12-04,54.9368420988,2746.8204304953583,36.932977835808515,3.726304,1.0524942,3.5376878,0.6279205,3.541386165432239,0.615954061116703,4.135711147695669,1.0823096183630212,,
1991-12-05,54.9368420988,1648.2107404953576,37.39017551072078,3.0742254,0.979583,0.9269347,0.45832735,0.9961978714373655,0.4446675760979642,1.4688715535387773,0.9110459662903221,,
1991-12-06,54.9368420988,1291.6907704953585,37.85776770153934,3.4473846,0.98912424,0.45900142,0.32027236,0.5809151069161435,0.3098454080720931,1.0337396924465547,0.7762282266919887,,
1991-12-07,54.9368420988,1068.667330495358,38.26258825181453,3.6034355,1.0029557,0.59488344,0.3515582,0.7419818189963193,0.3379460985863289,1.2025048427851515,0.8043271762392266,,
1991-12-08,54.9368420988,1127.816430495358,38.504623437273374,4.651331,0.9344936,1.2921224,0.47208178,1.4481517877820205,0.4522422179604912,1.942427322157531,0.9186160127615233,,
1991-12-09,54.9368420988,1071.7780304953578,38.98608683589836,5.25834,0.92755175,2.7296324,0.7898205,2.8529281716672563,0.7526700848279223,3.4143472152046397,1.2190310873703285,,
1991-12-10,54.9368420988,876.2220704953581,39.49331413075123,4.252391,0.8581301,2.9226139,0.8868778,3.0010685119923917,0.8360877224247185,3.569568157404896,1.3024475074970798,,
1991-12-11,54.9368420988,641.4829904953577,39.93561120311926,4.8159437,0.83535534,2.8123674,0.82216495,2.9704188739126725,0.7601703377554032,3.537453571395513,1.2265303726583876,,
1991-12-12,54.9368420988,532.8838004953581,40.32431719483128,5.1445994,0.83405125,3.2473598,0.8395395,3.4246729489757004,0.7650587458673718,4.013419438456679,1.2314151880905784,,
1991-12-13,54.9368420988,556.4573904953583,40.647312196936085,5.3193793,0.9978094,4.8911004,0.9012619,4.929583418612951,0.8251643933805233,5.5902594842635,1.291510619208968,,
1991-12-14,54.9368420988,899.654230495358,41.31644674830551,4.9814715,0.97692174,5.9300475,0.73713315,5.8754568397010365,0.696982321445482,6.581342421573058,1.1633234515905402,,
1991-12-15,54.9368420988,639.856330495358,42.421165547012976,3.094077,0.96730214,4.687709,0.85613716,4.561701434110094,0.7921439792325661,5.20479399844306,1.258492463316437,,
1991-12-16,54.9368420988,405.07963049535806,43.326768713060375,2.568091,0.9573723,1.7106383,0.9166619,1.8130383999021988,0.8152478349049578,2.3247542670345687,1.2816180900070127,,
1991-12-17,131.8247189161146,344.12137260451885,44.05227514262156,2.5923371,0.9439765,0.1652677,0.8842485,0.8375029664174208,0.6907304089521993,1.3025915745302739,1.157110468131065,,
1991-12-18,118.60861834743986,329.6830291092014,44.41793878404919,1.8304325,0.86353344,-0.9255527,0.7979911,-0.19637651711121007,0.6297648149364192,0.21929618582918797,1.0961564522647131,,
1991-12-19,176.24992068789948,353.50337049838805,44.579526463300056,1.3712763,0.85400164,-1.340654,0.7655906,-0.4383896901924525,0.5845717774416987,-0.03428438964469166,1.0509663015371222,,
1991-12-20,137.73678348535864,344.9211556213686,44.87159885859278,1.4060698,0.8325117,-0.8550004,0.4101637,-0.20975557283865648,0.37730376976737806,0.20527765697198372,0.8436955649342658,,
1991-12-21,145.21902759300212,361.99924671537207,45.14047638634003,1.7126973,0.8141665,-0.9177755,0.47140703,-0.1646585235240799,0.4093018470257178,0.25253019108724595,0.8756931109806221,,
1991-12-22,128.9935884461923,377.8815385713066,45.57849632736403,1.8650432,0.7936147,-0.7825178,0.5419693,-0.10874555401462078,0.4517101952502217,0.31111560941033245,0.9181008038177461,,
1991-12-23,166.30169002277074,400.1706079841055,45.934412504985126,1.9973788,0.81899697,-0.7038921,0.7407861,0.08913152550466084,0.5759022387233821,0.5184505369216779,1.0422905565712246,,
1991-12-24,136.5285667760172,417.72811082661207,46.29250098484943,1.761671,0.79962504,-0.4947728,0.6643037,0.06105096658162029,0.5380195080350256,0.4890278232707046,1.0044081482311085,,
1991-12-25,198.4844623476878,408.7780425126713,46.51754051427312,1.6861887,0.79453635,-0.78028953,0.73524684,0.025881772712730178,0.5589255795785232,0.45217766215475663,1.0253146247678535,,
1991-12-26,237.89306690459384,426.44637269383554,46.52723987132853,1.6862438,0.77199453,-1.082702,0.7283763,-0.09117124733575085,0.5431629859499036,0.3295299078736903,1.0095533892573936,,
1991-12-27,227.5480671820586,420.3566088518695,46.50451240778738,2.06038,0.75356996,-0.9106518,0.7401942,0.13279264988365677,0.5483322434014986,0.5641985137979024,1.0147200618360877,,
1991-12-28,247.12959629982328,429.8401116385745,46.43356817333461,2.4443314,0.7459395,-0.70508254,0.76111954,0.4446194188041436,0.5547088496776824,0.8909295363463037,1.0210931646855537,,
1991-12-29,38.7789474072,516.7265304953579,46.65052227294117,2.5830808,0.9314297,0.6808487,0.7768003,0.8136404894943525,0.7254927068955767,1.2775885527800797,1.1918730195254637,,
1991-12-30,38.7789474072,734.524530495358,47.03752610328593,2.480916,0.8132757,1.0620478,0.45396507,1.1332000016220913,0.43312440277207714,1.6124219172279792,0.8995013752805663,,
1991-12-31,59.0092474072,544.5754304953582,47.231259874271956,2.4284382,0.7742327,0.5442866,0.48076627,0.7284900364606609,0.4403190343500034,1.18836819916364,0.9067002566970318,,
1992-01-01,174.90565840505772,497.4206322129503,47.22208196345806,2.4717863,0.70601934,1.5114138,1.7661409,1.7612546676951226,1.3195249891004244,2.2704954494418272,1.7858957372771127,,
1992-01-02,100.7858142997832,509.7595031573777,47.22099843351335,2.5011177,0.7424642,-0.045490026,1.7242414,0.3748914369669074,1.4448199113866464,0.8178687953304294,1.9112050001495438,,
1992-01-03,70.76856462624009,459.6301460633038,47.28589602880323,3.549852,0.83166337,0.51383054,1.4871943,0.9189123591532584,1.293533397593398,1.387892057954797,1.7599125969966094,,
1992-01-04,224.5964683952,435.83611049535807,47.453976043200456,3.7021708,0.8872266,2.8861525,3.056768,3.163659769803146,2.0396781715495393,3.739930721548594,2.5060366492768447,,
1992-01-05,225.7436983952001,437.2816304953578,47.68883730998182,3.1515055,0.801562,7.1317263,14.492408,5.776559692171978,9.561997250983033,6.477718328455097,10.028338866014774,,
1992-01-06,78.92087839520008,489.992550495358,47.87900816973708,2.6480858,0.7932113,5.6775465,12.116382,5.257293287075734,10.436151487378641,5.933632764218659,10.902495831900072,,
1992-01-07,37.5909783952,459.204300495358,48.02894680881733,2.3455224,0.77999103,4.7372503,7.131217,4.556275595509938,6.591883835895244,5.199108823305117,7.058232354444041,,
1992-01-08,85.2698208321234,432.83333432205234,48.10672586332587,2.0211616,0.79212457,3.6046019,6.508003,3.343998021485661,5.4384738342517,3.928888525206059,5.904830897297233,,
1992-01-09,104.9066096875516,408.4642386362192,48.155504823719895,1.9735408,0.7933439,4.407871,13.253873,3.9104188658994996,10.546708691136383,4.522382349770084,11.013061552694479,,
1992-01-10,36.80021794680053,406.1989245865566,48.31226246816792,2.0309834,0.78045505,5.070407,7.51739,4.817920091024893,6.893220443690674,5.473259031318723,7.359567338607885,,
1992-01-11,62.60150549161414,408.56947156951617,48.40487166998507,1.6164331,0.8282142,4.5078354,7.287692,4.1236730727948485,6.320380465616092,4.745829378781993,6.7867318404117185,,
1992-01-12,87.50761581637387,408.3480306193595,48.42165910889372,1.7756435,0.8164844,2.9908159,5.0225334,2.776364673878967,4.138675796479595,3.3341242439412944,4.605037438085034,,
1992-01-13,126.43650859257852,425.7402552937373,48.416627126637266,2.5537539,0.80262333,3.207798,5.700549,3.058036072165922,4.3990877306890415,3.629258572220859,4.865447054262704,,
1992-01-14,351.2257683952,362.5179804953581,48.842153565474824,2.3997197,0.9697271,4.470336,37.700535,3.451407552360929,19.15444441866683,4.041431864496052,19.620800656799673,,
1992-01-15,35.5473683952,1083.093030495358,49.35375012388914,1.3393829,0.8501504,2.8574345,1.5495781,2.8091949335819386,1.500579869512324,3.3685236778334393,1.9669412362679952,,
1992-01-16,46.10887740719999,587.709080495358,49.50969036437651,1.1562095,0.8634652,2.6171184,1.4524999,2.510840415455592,1.3482976564138374,3.055908833614553,1.8146615662427186,,
1992-01-17,144.90088734888664,508.9386162367935,49.50357757441079,1.1647818,0.83571005,2.0394835,1.2951437,1.8456361926863074,1.024991308117775,2.358910122883777,1.4913612544026524,,
1992-01-18,110.12030607661916,445.428131981029,49.52241114476947,1.1641818,0.8376232,1.8001094,1.1740965,1.6740564043345079,0.9558979397791193,2.1791294071649268,1.4222695251696629,,
1992-01-19,40.00061398846876,395.4719597429023,49.59291421307721,1.1605349,0.84934735,1.9782047,1.1669139,1.9030971342918905,1.062594207772382,2.4191175010777046,1.5289636126562312,,
1992-01-20,35.5473683952,402.9854804953581,49.656835702254156,1.164363,0.837045,1.9534464,1.3450202,1.889483478690205,1.2378541188550516,2.404853159274212,1.7042236516664317,,
1992-01-21,35.5473683952,420.912610495358,49.738524337115706,1.166385,0.8306188,1.7781326,1.2337123,1.7304919872392712,1.1394730016194725,2.2382624180171486,1.60584404416428,,
1992-01-22,43.32208184129408,412.8546824377923,49.78239640725524,1.163877,0.83859676,1.7651323,1.109262,1.708032443978933,1.0070717916030312,2.214729385363074,1.47344304974666,,
1992-01-23,35.5473683952,554.1031904953578,49.89365913534362,1.5181128,0.87776095,1.344661,1.956629,1.355117621699409,1.8394340283777166,1.844946440957558,2.305808750043562,,
1992-01-24,176.34306839520002,1731.295230495358,50.42190921055789,1.1683722,0.82435197,1.8274318,0.8186747,1.7665079845407863,0.7468935653132525,2.2759998568751483,1.2132642633291222,,
1992-01-25,38.7789474072,785.2613304953582,50.520172387299645,1.1611872,0.8472385,1.6303302,0.67132306,1.6082525547661233,0.6409721609631038,2.1101803585263803,1.1073443839103636,,
1992-01-26,38.7789474072,652.230930495358,50.60376364774826,1.1661428,0.83138597,1.6832283,0.7009072,1.6542098141297346,0.6632159693272468,2.1583342177905402,1.1295877464848614,,
1992-01-27,35.5473683952,587.4105304953581,50.72502948519803,1.167466,0.82720387,1.5106242,0.7718743,1.4910428015782766,0.7293584486815731,1.9873683797976522,1.1957318195085522,,
1992-01-28,35.5473683952,555.4430804953579,50.830503473701285,1.2647498,0.84013313,1.2410406,0.85098207,1.242466666112731,0.8013913352879639,1.7269111547718643,1.2677671925006986,,
1992-01-29,35.5473683952,534.130900495358,50.91145517084561,1.6950326,0.84991384,1.2271857,0.8467824,1.2563789146084925,0.7957132983446804,1.7414883611890808,1.2620890145334644,,
1992-01-30,35.5473683952,531.7121304953581,50.98560646917161,1.904056,0.8401452,1.6935612,0.84874105,1.7067518695133925,0.7972947491028272,2.2133876038155056,1.2636660195566227,,
1992-01-31,35.5473683952,509.481630495358,51.05011360944738,1.9156406,0.82271415,2.0291786,0.86288667,2.0217735490599136,0.8083910869860893,2.54346624279661,1.2747593856438797,,
1992-02-01,35.5473683952,506.6860604953581,51.387248618445255,1.2503415,0.8731196,1.6519637,0.85849303,1.6256344387567745,0.8042520166866773,2.128393037154787,1.270624070744084,,
1992-02-02,35.5473683952,479.38272049535794,51.630828413232045,1.2032413,0.8627979,0.8999568,0.6611368,0.9208935806122275,0.6183714878282658,1.3899679750270382,1.0847506664019837,,
1992-02-03,35.5473683952,441.009310495358,51.8651887409342,1.2586263,0.85957676,0.77649236,0.67863,0.8124557486497866,0.6312741534062668,1.2763471853729775,1.0976544786366313,,
1992-02-04,35.5473683952,424.310080495358,52.09485159737197,1.2861155,0.8574014,0.68573445,0.7208464,0.7321444140557343,0.6684184081130634,1.192197243515893,1.134799591247758,,
1992-02-05,50.7317794521404,430.7246142591835,52.30388076409509,1.2038716,0.85193396,0.39695728,0.67149603,0.4819830466018594,0.6074096796520425,0.9300790178315781,1.0737935823320486,,
1992-02-06,118.31172216270556,416.203229142193,52.43224787991898,1.2394767,0.8504011,0.028686404,0.6937417,0.2966876686345686,0.572041948862763,0.7359271541980135,1.0384279120482756,,
1992-02-07,150.88052285933256,399.96800136269707,52.51697098247574,1.5019155,0.8639505,-0.07206237,0.86944604,0.35905904628322505,0.6741946664513369,0.8012796704923872,1.1405799316769794,,
1992-02-08,123.2762925176817,451.3067624134807,52.62573211046788,1.3131583,0.86054945,0.29181135,0.8892771,0.5109404379477043,0.7224731410374595,0.9604204734978639,1.1888567252549014,,
1992-02-09,133.9675990463652,462.8745321663554,52.67051987740602,1.1588398,0.8548524,-0.34167373,0.6193158,-0.004867418036354858,0.5172136148258115,0.41995876519871556,0.983603015268293,,
1992-02-10,161.47594774138815,469.1475973660096,52.53464263143671,1.159271,0.8534484,-0.5281435,0.5001408,-0.09606822111045381,0.4315051816380119,0.32439887549202395,0.8978956421044737,,
1992-02-11,152.72788922683847,407.71120407708383,52.41278967328778,1.1665294,0.83016187,-0.698249,0.6998785,-0.19006946349644252,0.5571496063404017,0.22590469504715718,1.0235411693325942,,
1992-02-12,167.97204919899428,418.6461113508291,52.271120711750655,1.1596832,0.85210854,-0.6208581,0.5151281,-0.11101846872237221,0.44122731956063865,0.3087340571491207,0.9076179547005779,,
1992-02-13,155.1099689025059,413.07008423936895,52.150663451243986,1.163048,0.8412507,-0.7175087,0.4887383,-0.2041272375389023,0.4230736386247961,0.2111750074595644,0.8894653673668034,,
1992-02-14,139.0113334609624,412.0916541985599,52.04553619388926,1.2769945,0.8312583,-1.111749,0.7751647,-0.5092075509284331,0.6163946770921351,-0.10848710204510553,1.0827900585774737,,
1992-02-15,119.50818532914808,437.99595849240166,51.96940443239302,1.5081449,0.87002736,-0.9403106,0.735108,-0.4154526725407645,0.6068950615282659,-0.01025106095552547,1.0732893091551587,,
1992-02-16,35.5473683952,624.652620495358,52.192144772053,1.8910719,0.81230056,-0.5524634,0.82415426,-0.4208953239031491,0.7810046458743681,-0.015953852448259087,1.2473989590491614,,
1992-02-17,35.5473683952,700.5839604953578,52.43475289388333,2.3377547,0.89846665,0.13621211,0.77703965,0.24252336685832657,0.7407884747208336,0.6791739839482702,1.2071750476343892,,
1992-02-18,35.5473683952,619.027070495358,52.84057881197211,2.531259,0.8056838,0.3160349,0.9040479,0.43633504112676536,0.856071472488292,0.882249193734675,1.3224558791349514,,
1992-02-19,35.5473683952,754.049630495358,53.36430248345692,3.5641682,0.8884704,0.8302809,0.90226394,0.9533595080339551,0.8625722514480515,1.4239856628003034,1.3289510893319025,,
1992-02-20,35.5473683952,836.7408804953582,53.97802189161883,2.893169,0.80543315,2.0486743,0.8954754,2.0830890697644615,0.8596099843859959,2.607712435794213,1.3259777178095167,,
1992-02-21,35.5473683952,673.1433104953579,54.448154079300096,2.5190175,0.79801077,1.6594145,0.89258265,1.702531538209203,0.8487558021893478,2.208965555101457,1.3151271132264766,,
1992-02-22,35.5473683952,621.1290904953579,54.87832779258218,2.4238374,0.7831322,1.554715,0.89118916,1.6017625798862363,0.844012409381236,2.103380185032104,1.3103846954764582,,
1992-02-23,35.5473683952,582.1757604953581,55.38131557065007,3.1610258,0.7902415,1.8303227,0.8804075,1.906899105346463,0.8309889903058411,2.423101193352298,1.297358359500423,,
1992-02-24,35.5473683952,595.9151204953579,55.48572682554151,2.581686,0.84379655,2.178675,0.88739455,2.201361926746437,0.8387858713548855,2.731638331044391,1.3051525266298998,,
1992-02-25,35.5473683952,636.3207904953581,55.47575770531821,2.3049216,0.78188723,1.7009542,0.88449335,1.732909058410685,0.8387171861170393,2.2407950169282116,1.3050882054937185,,
1992-02-26,35.5473683952,933.704580495358,55.498732738411235,2.3304586,0.79262453,1.8549278,0.7570131,1.872367898723405,0.7298287393262276,2.3869195130916823,1.1961984332734343,,
1992-02-27,35.5473683952,902.3260304953578,55.475269448685225,2.1765108,0.7904366,1.9052864,0.763294,1.9155664040131992,0.734974393854796,2.4321827592676257,1.2013436817508611,,
1992-02-28,35.5473683952,858.560380495358,55.40533569339547,2.3201468,0.8175152,1.4859854,0.78503567,1.5191494578277696,0.7545251036099805,2.0168184381380727,1.2208981977459312,,
1992-02-29,144.12592839520005,1195.0193004953578,55.614110605668756,1.713272,0.8294426,1.1117979,0.5120265,1.1765317631374872,0.465558118409881,1.6578247888215945,0.9319346469933013,,
1992-03-01,171.33546839520005,868.0548604953578,55.80237812728362,1.5628569,0.83713955,0.40962684,0.47855163,0.5997279122417501,0.42281895763437005,1.0534516855583675,0.8892015713770312,,
1992-03-02,35.5473683952,908.2605104953582,56.02944749752022,2.5950441,0.7679119,1.074064,0.67004585,1.13134987064176,0.6454577123924586,1.6104833563111445,1.1118347039029544,,
1992-03-03,41.98962839519998,840.061080495358,56.21801646421015,3.5680258,0.7872041,2.1073036,0.8538641,2.176840644960826,0.8140792350726204,2.705945015811236,1.2804461125636557,,
1992-03-04,135.22643839520003,794.7387304953579,56.40706891433337,4.365942,0.8458407,2.9611506,0.84490067,3.165421664090566,0.7324440317034627,3.7417768283602184,1.1988024954295051,,
1992-03-05,167.10456839519998,816.0009504953581,56.67850807199098,5.700731,1.0328171,4.129663,0.82970184,4.39670717176407,0.7106960037593401,5.031913574361567,1.1770455509416462,,
1992-03-06,104.2757183952,871.922910495358,56.988819076558116,4.6181307,0.80506974,4.7415175,0.8675714,4.728337589349872,0.779656258073599,5.3793947922860985,1.246003700079875,,
1992-03-07,211.8327683952001,956.1952304953578,57.35841998501101,4.304683,0.9427534,4.265213,0.8919178,4.272371300721847,0.7499113904004493,4.901634873704438,1.2162617592799774,,
1992-03-08,167.23001839519998,1346.121280495358,57.906578413404034,4.477377,0.9067371,4.9352922,0.9102111,4.884691180531446,0.81580643240098,5.543221550658138,1.2821529255104946,,
1992-03-09,57.6145983952,1161.0725304953585,58.44004976293942,5.0109997,0.98536706,5.5913177,0.8488534,5.563882566974503,0.8100636026404434,6.254875963673566,1.276406298308592,,
1992-03-10,35.5473683952,1039.411630495358,58.99073605500354,4.639023,1.0509928,5.9819775,0.9881755,5.93756785903511,0.9561298259422806,6.646422135315402,1.4224706572795323,,
1992-03-11,582.7715683952001,2807.6689304953584,61.22925739929038,3.416941,1.0449301,4.910904,1.4849318,4.654111586790156,1.2427395554337723,5.301621040532925,1.709087457698256,,
1992-03-12,38.7789474072,2704.3125304953583,62.88327578879982,1.9018941,0.77662355,1.9769324,0.5376691,1.9758715935250086,0.5301817978068254,2.495370330695122,0.996550522423526,,
1992-03-13,38.7789474072,1799.2795304953577,64.0977740022893,1.7997724,0.8137196,1.2050744,0.3717625,1.2176212341384927,0.36432385642506077,1.700878196079118,0.8306999660384229,,
1992-03-14,38.7789474072,1445.6832304953575,64.9866771401037,1.9565423,0.8066518,1.0441874,0.43148378,1.0680210818644489,0.4207400547515656,1.5441276679089126,0.8871176990483586,,
1992-03-15,38.7789474072,1206.9522404953584,65.66367663980286,1.7373105,0.8186455,0.6770667,0.42699373,0.7100715091302607,0.4144858107560861,1.1690693291874326,0.8808672309706846,,
1992-03-16,38.7789474072,943.123870495358,66.12526820230397,2.0090687,0.82509816,0.5607494,0.439331,0.6179488589788625,0.4232365071011756,1.0725435312643234,0.8896189227979012,,
1992-03-17,38.7789474072,850.9065204953583,66.39254311547492,2.0510292,0.7935921,0.8005371,0.46317315,0.8550426273039153,0.4443331509923143,1.3209695712508116,0.9107130242919792,,
1992-03-18,38.7789474072,756.4815304953579,66.55021960823723,2.8848772,0.82300854,0.9831126,0.5911898,1.0758475110009698,0.5637920346405423,1.5523281736048495,1.0301695980150052,,
1992-03-19,38.7789474072,767.730930495358,66.63770626526517,2.2029967,0.8506113,1.0048063,0.58783066,1.0624181777003567,0.5610590374479357,1.5382569640783466,1.0274367397196658,,
1992-03-20,38.7789474072,722.807300495358,66.77402141486291,2.7647624,0.7839891,1.0828675,0.6062691,1.1685073292393227,0.5767818021092087,1.6494168144132526,1.0431584127393387,,
1992-03-21,38.7789474072,673.5999704953579,66.79300279936349,2.6109087,0.76051766,1.4017901,0.65690494,1.467609533398462,0.6225238724268793,1.9628150815014624,1.0888974746290514,,
1992-03-22,38.7789474072,622.604860495358,66.7096149433988,2.247766,0.86107916,1.1678244,0.59751743,1.231144655126183,0.5647444730554959,1.7150479903625178,1.0311204451991265,,
1992-03-23,38.7789474072,625.3621204953581,66.63424735888071,2.3038037,0.81632376,1.3718637,0.6420989,1.4262793468662327,0.6064829251958255,1.9195094533331676,1.0728569370139687,,
1992-03-24,38.7789474072,574.805350495358,66.5032207374127,2.2760525,0.79079163,1.5561196,0.6258332,1.601619813883764,0.5884065341043356,2.103230595302735,1.0547788215892235,,
1992-03-25,38.7789474072,562.024610495358,66.54488185546847,4.024411,0.86253726,2.1942706,0.8146058,2.312397284294832,0.7640579040819072,2.847980799128217,1.230423561741524,,
1992-03-26,311.9093474072,746.1570604953581,66.75731587068465,4.152856,1.0675704,2.573698,0.8998435,3.039220892206226,0.7083297311630132,3.6095440909755645,1.174689206749481,,
1992-03-27,1500.1274474072,2761.8153304953576,68.12543599765387,5.2476377,1.1596413,1.9012456,0.92504454,3.079115636548906,0.7252171976582199,3.651345667724463,1.1915763514053679,,
1992-03-28,631.7540474071999,2286.355530495358,68.8814891606337,3.8273413,0.7622358,2.7408242,0.9039363,2.976048964602718,0.7272099934887148,3.5433527611750404,1.1935699824192914,,
1992-03-29,284.63564740720005,1712.246090495358,69.34599602759434,3.308978,0.7755525,2.6778092,0.8570393,2.767776084564884,0.7431451294341402,3.325125149416622,1.2095068431452953,,
1992-03-30,185.5198974072,1583.5779904953583,69.80375630801416,3.364101,0.79551846,2.6537886,0.895943,2.728276857067,0.8063153954349018,3.283737993865694,1.2726774418488562,,
1992-03-31,234.3963474072001,1582.5399304953585,70.26612960137362,3.8224351,0.85414606,3.2070765,0.86445975,3.286461725470944,0.7609592314667613,3.868602190919827,1.2273167418215971,,
1992-04-01,193.9351474072,1556.871630495358,70.7282149114688,3.7470074,0.8425401,3.6096194,0.8891575,3.6248377118793047,0.7961553289741011,4.223151392798063,1.2625102630011913,,
1992-04-02,112.01203740720008,1418.3107604953582,71.14600832333555,3.2156456,0.8100599,3.3843102,0.8690821,3.3719648266122815,0.8076489648032178,3.9581920480179913,1.2740058117913469,,
1992-04-03,38.7789474072,1213.7741304953586,71.50450157733829,3.1005094,0.79397976,3.187188,0.7927735,3.184504350202254,0.7686224505143142,3.761771601637146,1.2349807628232263,,
1992-04-04,38.7789474072,1035.243690495358,71.82584639784552,3.7229464,0.7708672,3.547223,0.8548162,3.5535678039112413,0.8244219520410957,4.148475026853119,1.2907774178180609,,
1992-04-05,38.7789474072,928.678060495358,72.10598832306302,3.9834056,0.8077731,4.1384206,0.8347987,4.132207056912958,0.8019910033152773,4.754771258168983,1.2683423196960928,,
1992-04-06,38.7789474072,834.0593904953582,72.33411056227452,5.298399,1.0062851,4.765698,0.8123216,4.789365093246488,0.7775177584699748,5.443339202256887,1.243864826778846,,
1992-04-07,38.7789474072,790.904310495358,72.47659120297978,5.562332,0.9137446,5.1407404,0.82515055,5.16044536571627,0.7877420430765762,5.83215584327627,1.2540869307942413,,
1992-04-08,38.7789474072,799.0849304953581,72.6412841151328,6.6075087,1.2175117,6.584999,0.8067506,6.586040897640457,0.7714724093619468,7.325889968471895,1.2378103844903743,,
1992-04-09,38.7789474072,749.069030495358,72.81674061705412,5.7572384,0.93998957,6.187116,0.8273033,6.165956979043262,0.7879418671580981,6.885727474550793,1.2542816376866663,,
1992-04-10,38.7789474072,732.983910495358,73.04636233021094,7.2040753,1.3785352,7.287721,0.81103116,7.283518186115537,0.7733872631750036,8.056704287129248,1.2397227031028095,,
1992-04-11,38.7789474072,878.7624804953582,73.31931575229198,6.9656034,1.4675223,8.118386,0.9464111,8.069665080937764,0.9085315352104456,8.880426316215253,1.3748647846419724,,
1992-04-12,211.57814740720005,814.9195304953578,74.05954469505247,5.8109703,1.1508836,8.064816,0.90487874,7.60026150597371,0.7565212824481669,8.388586854943767,1.2228557547849384,,
1992-04-13,70.02124740720001,786.770830495358,74.59002205360106,5.3504934,0.99691653,6.141879,0.81256646,6.077203168086375,0.7505943678914757,6.792731534819891,1.2169345435715604,,
1992-04-14,38.7789474072,656.937630495358,75.06626917590458,6.1502433,1.0351378,5.9622383,0.80090374,5.972717629203496,0.7584595001596456,6.683251944344358,1.2248001643510438,,
1992-04-15,38.7789474072,564.261110495358,75.44680063349261,6.374373,1.0994284,6.698829,0.7969593,6.677964771538382,0.7490541808033456,7.422207489316097,1.2153917899726603,,
1992-04-16,38.7789474072,600.6703804953581,75.72123406617602,5.285671,1.0372411,6.9933376,0.8497025,6.889777423227259,0.8006476637629605,7.644144061710374,1.266984466473762,,
1992-04-17,38.7789474072,734.845130495358,76.88098827185291,5.6591697,1.2190131,5.7520895,1.3816309,5.747431769149035,1.3137965554491,6.4471981902804805,1.7801383154257615,,
1992-04-18,188.0318474072,1024.2932304953583,78.34338912084391,5.6746483,1.222804,7.2651095,2.174135,7.018428699632759,1.8466910456798376,7.778944429355669,2.3130273836103603,,
1992-04-19,102.2259474071999,1503.0146304953585,79.83740671774696,6.3693132,1.2409701,7.0829306,1.0077755,7.037485534321671,0.9469013409395255,7.798912115600181,1.4132376116328775,,
1992-04-20,38.7789474072,1275.2770304953583,81.01141165735528,7.3417687,1.6192652,7.50062,0.83972627,7.4959320512827645,0.8163450333025797,8.279270808950995,1.282679811672807,,
1992-04-21,38.7789474072,1161.074030495358,81.93309555745925,7.8529024,1.7985548,9.768151,1.0161325,9.706250919967811,0.9850080074631544,10.595235363962114,1.4513389642804828,,
1992-04-22,330.8640474072,1513.3067304953574,82.83285833797515,9.453413,2.1867595,12.180426,1.098402,11.691170284103432,0.983020660512626,12.675027088596007,1.4493529477108662,,
1992-04-23,41.44304740719996,1857.850230495358,83.81844133175545,9.936588,2.125884,12.614036,1.0603615,12.555613046022556,1.0382609173163444,13.58078725958511,1.504595192520153,,
1992-04-24,360.0723474072,1376.450430495358,84.59713509726302,10.30187,2.3551648,14.258037,1.1060501,13.437715629045893,1.0035446029366066,14.505051330760129,1.4698817878107815,,
1992-04-25,398.6902474072,1500.3482304953584,85.70793676048903,7.2989016,1.1057584,12.480798,1.1546116,11.392893806803023,0.9412846357940946,12.36249401528777,1.4076164353655725,,
1992-04-26,38.7789474072,1486.618430495358,86.80548795864985,6.709653,1.0816058,9.981736,1.1551156,9.89855264859312,1.1260857883971769,10.796728457865138,1.5924166769601196,,
1992-04-27,38.7789474072,1201.038830495358,87.73589809664703,7.6550193,1.4963269,9.936273,1.0749655,9.864919713664593,1.0423939465359136,10.761487983615464,1.508724843984436,,
1992-04-28,38.7789474072,991.5515304953578,88.5705579427493,8.017702,1.5635247,9.85016,1.0349362,9.781190730555133,0.997720868105968,10.673757041326583,1.4640517932948116,,
1992-04-29,38.7789474072,809.8839804953582,89.31761050476969,8.57379,1.7712793,10.498694,1.0043435,10.410737493203015,0.9618621819993851,11.333393987231084,1.4281930951239648,,
1992-04-30,38.7789474072,661.5405904953577,89.95059402736109,8.5923,1.7374828,10.701896,0.9648785,10.585080630528056,0.9165138281419637,11.51607013055806,1.3828448180773736,,
1992-05-01,103.4105262964,600.296360495358,90.49753040818015,8.929743,1.8912556,11.889083,0.9627482,11.454204520324469,0.8670220665266722,12.42673517133535,1.3333539580211444,,
1992-05-02,103.4105262964,640.3678704953579,91.01462978985556,9.817215,2.3044899,15.18631,1.1245636,14.439822787635297,1.019848124469834,15.555055785998151,1.4861896946417963,,
1992-05-03,103.4105262964,723.9356304953578,92.10465917472787,9.901182,2.3350406,17.08776,1.0667925,16.189505842132903,0.978016631124998,17.388367709508433,1.4443686113400405,,
1992-05-04,103.4105262964,601.4665304953578,92.82553961601437,8.779282,1.8052765,14.743371,0.9996613,13.868396264755924,0.8931738270057531,14.956317028648996,1.3595127558355806,,
1992-05-05,103.4105262964,698.639030495358,93.48756301558872,7.758578,1.4128264,12.085469,0.96220106,11.527590851221035,0.8577084386534393,12.50362911799015,1.3240404458288932,,
1992-05-06,103.4105262964,624.7288304953581,94.20533839670207,7.6458306,1.3555821,10.492304,0.981541,10.088047038475937,0.8638678408151403,10.995280031830188,1.3301987034953,,
1992-05-07,103.4105262964,509.4463304953581,94.79326226431482,8.639422,1.7350897,11.397553,1.0080283,10.932159644429118,0.8876122470400303,11.879738334893338,1.353943493386403,,
1992-05-08,103.4105262964,595.5230604953583,95.28699577781056,7.8777156,1.3595743,11.317218,1.0312456,10.808327220528597,0.9013993978117807,11.749987144430335,1.3677305368647323,,
1992-05-09,346.1227662964,1346.014430495358,95.75125792085406,9.440617,1.9972001,13.306075,1.0966676,12.515404465186352,0.9632651250628452,13.538656846031092,1.4295992888439828,,
1992-05-10,189.7262262964,1059.279230495358,96.13288070303885,9.786726,2.1283944,14.326513,1.0963879,13.63691125023238,0.9844481952834593,14.713767821723163,1.4507861603916479,,
1992-05-11,146.43186629640002,914.7068504953576,96.45980843526146,9.946587,2.2885003,16.109945,1.0927621,15.259432446180105,0.9934944932706832,16.413839984525943,1.4598405039461364,,
1992-05-12,114.2304062964,806.9454204953579,96.70137098005547,9.808151,2.2281425,17.394804,1.0994279,16.454021143214995,1.0019436058188962,17.665525937781926,1.468297464473396,,
1992-05-13,109.5542062964,735.516130495358,96.89438998274413,9.750172,2.1695247,18.311531,1.0875723,17.20164364846912,0.9874811493071404,18.44888224316751,1.4538407498374868,,
1992-05-14,103.4105262964,683.472930495358,97.05446242704302,9.582962,2.0428321,18.168163,1.0621566,17.03991467093735,0.9608376990179898,18.279423173352576,1.4271960032598254,,
1992-05-15,103.4105262964,628.055600495358,97.17350217766044,9.299841,1.9211353,17.511892,1.0154575,16.35091913722874,0.9132206938502471,17.557496008346103,1.3795738108160183,,
1992-05-16,296.21999629640004,700.9826304953577,97.30760234580923,9.690414,1.9688231,19.210234,1.0209326,16.3823622507245,0.9257860175456504,17.590441995184054,1.3921393594165323,,
1992-05-17,215.0388762964,781.879010495358,97.38357969648101,9.706106,2.0583582,19.32635,1.0449764,17.251227237422484,0.9321098332321998,18.500835758179825,1.3984698371753947,,
1992-05-18,200.9908762964,683.5288004953582,97.40098444928506,9.5283165,1.9964591,19.74568,1.0440257,17.423971397576597,0.925589695922826,18.681836498692935,1.3919511272749088,,
1992-05-19,168.12456629639996,641.780740495358,97.37658180165309,9.393967,1.9361573,19.692928,1.0739882,17.55501361676484,0.9411768148534331,18.81914208801296,1.4075393517872974,,
1992-05-20,157.14059629640002,591.6459604953579,97.37308070621143,9.232948,1.8352544,20.053755,1.0833691,17.782896748353966,0.9386673556910536,19.05791725431253,1.4050318620046118,,
1992-05-21,151.3397262964,547.4139004953579,97.32848157979559,9.125828,1.7356377,21.315865,1.1118037,18.675682447093767,0.9486610850079463,19.993375057616856,1.4150338788831247,,
1992-05-22,145.91933916175574,507.55056023278377,97.2500404142936,8.783236,1.5650983,23.038849,1.1844486,19.855581096826526,0.9841088548106314,21.229668829525078,1.4504939996650248,,
1992-05-23,181.1742408375221,516.9718739735973,97.12327959945273,8.489094,1.3477423,24.908033,1.3234669,20.64719333684437,1.040556701684835,22.059117428624702,1.5069510252302167,,
1992-05-24,171.78821571605403,477.94162923353,97.02819633923933,7.268079,1.1048405,22.80959,1.1019926,18.700422486602164,0.8616546416946106,20.01929758644416,1.3280276782053255,,
1992-05-25,111.20170629640002,532.8558304953578,97.01643211097881,7.252481,1.043278,18.456999,1.0133332,16.522448833791607,0.8575058846620889,17.737224238059742,1.323860242278903,,
1992-05-26,133.4005162964,503.0529104953579,96.95944284195141,6.903174,1.0307425,16.176004,0.9399299,14.232420916750202,0.773696346690284,15.337740814652578,1.240036915000351,,
1992-05-27,152.2500862964,495.016060495358,96.89122000775416,7.1843185,1.1281086,15.455208,0.97108185,13.509727417291106,0.7886457920693136,14.58050503632348,1.2549832537705956,,
1992-05-28,165.94282896023915,507.7656534349002,96.78849935539074,7.6560655,1.2074822,16.349403,1.0254152,14.208125477320023,0.8280960659353637,15.31228413626744,1.2944365201045385,,
1992-05-29,194.6845771456931,533.2869094269575,96.62385392642706,8.123943,1.2232789,18.553965,1.081256,15.764618711709728,0.8569907906088325,16.943172426655025,1.3233399210080383,,
1992-05-30,235.27030296335704,530.7516128800547,96.42411276672459,7.296083,1.083506,18.57348,1.0474485,15.109824145625883,0.7984017468332791,16.25708091861562,1.2647468896367995,,
1992-05-31,1928.0343462964,51.53193049535805,96.71700546478431,9.206856,1.8797598,34.155525,16.69331,9.856317787032635,1.8816921836263731,10.752474914294714,2.348023083555231,,
1992-06-01,2357.4718700000017,64.63,97.51409956892698,9.25551,2.0592859,32.443497,215.58762,9.874245478340452,6.0917964689763515,10.771259487964297,6.558127363831437,1.297476510564568e-12,4859.999999999999
1992-06-02,1417.9266700000014,346.94839999999965,97.85603245264718,12.69805,2.9875808,32.9476,98.128334,16.67881266433664,19.439337936059673,17.90106172520181,19.90569345395162,1.331548977360699e-12,4859.999999999998
1992-06-03,844.1996992286572,619.9373304953577,98.12377662815564,13.39361,3.189014,27.362547,2.6848805,19.308265042002287,2.161784858272744,20.656192938186578,2.6281640759755365,3.922865722007825e-05,4859.999960771341
1992-06-04,597.5078722732485,633.6448304953577,98.34808196395436,13.41226,3.2136893,24.81043,1.4608353,19.27862560055815,1.731442070981194,20.625136832758773,2.1978209774805864,3.227324852746361e-05,4859.999928498092
1992-06-05,583.0885200009984,672.450930495358,98.54629423129342,13.018042,2.9828017,22.291842,1.9137546,17.984970660210507,1.7232266077509821,19.2696496084007,2.1895929100762155,9.98384946541903e-10,4859.999928497094
1992-06-06,1249.8789800081418,561.6379976432225,98.9217068171773,14.731939,3.5884488,25.97063,4.1717525,18.216353854858284,2.7933743085545406,19.51209212880876,3.2597427247336457,8.141796645296292e-09,4859.999928488952
1992-06-07,675.9416000003056,1322.1676504254222,99.25508304869265,14.844696,3.6395364,19.393732,1.0805656,17.854835892338535,1.4237834488699355,19.1332948434679,1.8901485892183194,3.0554222670167683e-10,4859.999928488646
1992-06-08,603.0271641605958,836.9775789065454,99.48028737048048,14.77389,3.60161,22.02723,1.2293488,18.98976645924032,1.668934695268734,20.32247121190153,2.1353106214503494,4.160595837560737e-06,4859.99992432805
1992-06-09,444.8908200000084,781.6072318451504,99.67651709001896,14.022228,3.3697016,19.425823,1.0863471,17.46576319050037,1.4047381248856743,18.725625796460367,1.8710999066955973,8.363945403694368e-12,4859.999924328042
1992-06-10,338.85017000000136,497.5114349362568,99.82659012482866,13.346172,3.1758769,19.21226,1.0296432,16.835626324464698,1.425038617231621,18.065370542243308,1.8913953268179304,1.3572238115227874e-12,4859.999924328041
1992-06-11,271.2323000000016,499.532782739956,99.93878515534324,12.87373,3.1149054,19.46154,1.0281807,17.14328912552525,1.282791400556,18.38773857350188,1.7491505299145247,1.5765712471175847e-12,4859.999924328039
1992-06-12,261.6372371705794,669.4345150992508,99.99999992092793,12.522961,3.0312266,21.302584,1.0636072,18.835452339875204,1.1447098319510303,20.16078140512719,1.6110842050883283,1.2633169769246495e-06,4859.999923064722
1992-06-13,321.8156450496622,551.3841563588114,99.99999991960786,12.026825,2.8589988,24.361673,1.1251652,19.81569523039631,1.270837862614464,21.187876555022513,1.7372225639546632,0.0010465548688973337,4859.998876509853
1992-06-14,255.44512719812886,406.54156049535806,99.9697373784839,11.066883,2.5795536,26.198153,1.2909096,20.35935076188861,1.2725157984772415,21.757516962526676,1.7389067016111794,0.02140719812885895,4859.977469311724
1992-06-15,207.00319649496544,392.6531304953581,99.87078763852958,9.891075,2.237356,25.210796,1.2479702,19.922381776692927,1.1243995647345926,21.29966235354239,1.5907854564589556,0.0019264949654170967,4859.975542816759
1992-06-16,203.48509492222445,364.8248204953581,99.7429773929753,8.998028,1.8892963,23.993963,1.1085017,18.62462291566233,0.9818262910260598,19.93987505512127,1.4481985863526214,2.3062443253247947e-07,4859.975542586135
1992-06-17,209.60505470948874,353.76042049535806,99.53224032806027,8.676113,1.6508464,24.030542,1.0947108,18.3177926160333,0.921842877774772,19.618379316016885,1.3882122399737575,1.788874833091844e-08,4859.975542568246
1992-06-18,206.7482194973226,361.1967967190196,99.27443709297249,8.073168,1.3521043,24.505728,1.1418765,18.523806247438255,0.8772872856384493,19.834239694780628,1.3436586053386934,9.97579884725495e-08,4859.975542468488
1992-06-19,212.88065761780334,420.83162667887177,99.00723746730057,7.838588,1.1088315,23.61024,1.0553936,18.31212713703969,0.7936932902101614,19.612443046493848,1.2600625992625465,1.687444976746947e-08,4859.975542451613
1992-06-20,186.07075500000718,317.80977049535807,98.79633204833635,7.4050045,0.9235075,23.347818,1.1568123,17.460527113850315,0.805394487225246,18.72013945324507,1.2717562250170067,7.1884860475468714e-12,4859.975542451606
1992-06-21,167.9840650000011,318.505260495358,98.6817332641589,7.14359,0.76308095,21.81354,1.0704639,16.748027012729224,0.7487296165969659,17.973584282850148,1.2150856570116007,1.1168937538812696e-12,4859.975542451605
1992-06-22,178.62315856814055,331.7684897710643,98.50866890080458,6.8943715,0.7053545,20.360836,0.98992884,15.64794067693212,0.6892059101005773,16.820917580658957,1.1555542940459183,1.1219238658477978e-12,4859.975542451604
1992-06-23,169.17325194881496,358.3570648907424,98.16331782656526,7.211345,0.70204955,19.04723,0.9566776,15.251589935990976,0.687774536191366,16.405622629158056,1.1541205007369566,1.1420036290419161e-12,4859.975542451603
1992-06-24,172.84785000000113,314.9636604953581,97.91934733888581,7.1087594,0.59866965,20.45815,1.0412513,15.728017270861526,0.7049734844768568,16.904821562050046,1.1713223790404512,1.1299749278343692e-12,4859.975542451602
1992-06-25,165.84028000000114,297.202710495358,97.70862194422078,7.2810163,0.60585535,21.68586,1.1285297,16.52672046350977,0.756146415953533,17.741700037076594,1.2225008048958672,1.1237578368130007e-12,4859.9755424516015
1992-06-26,152.33565035049,340.145515884912,97.45347965932689,7.2148223,0.620862,22.54114,1.114046,17.800360309932607,0.7930506566902648,19.07621551443843,1.2594153163747825,1.6653489846561352e-10,4859.975542451435
1992-06-27,189.4746500018638,462.50063049535805,97.21510850653759,7.1667056,0.6013017,22.526838,1.076888,18.062933223259314,0.7836587025347238,19.351338515461553,1.2500257102658998,1.8638239599595254e-09,4859.975542449572
1992-06-28,167.51041001047176,363.2575904953581,96.97118632051163,7.4162555,0.65885335,23.258066,1.1305134,18.258389852334773,0.8011768696539582,19.556137303271758,1.2675456764339117,1.0471745372734179e-08,4859.9755424391
1992-06-29,159.82310589329222,338.38791462600204,96.70233186836516,7.42275,0.6776236,24.947067,1.2835011,19.325371436025968,0.8984550402919312,20.674116959369307,1.3648344380628359,4.1393647444861004e-05,4859.975501045452
1992-06-30,223.55754776284886,397.0898490248537,96.36368854387355,7.505231,0.67418987,26.808516,1.4125657,19.85546136470763,0.9358166767054313,21.22954337462018,1.4022018202257316,0.001239452602852987,4859.974261592849
1992-07-01,257.57279615961056,436.5188451675656,96.00610261492307,7.5305853,0.67188686,27.548464,1.4820615,20.11996210812545,0.9648506691597052,21.506686349422814,1.431238799808492,0.005647729156542731,4859.968613863693
1992-07-02,270.3420387910864,446.03475824741474,95.60298511624276,7.4902315,0.66593254,26.630537,1.3421761,19.4074817380046,0.8726425048638787,20.760151853102492,1.3390227716151828,7.198156156126875e-05,4859.968541882131
1992-07-03,271.0371491822366,437.15257401176825,95.25989398092796,7.013988,0.63481385,24.260178,1.2508539,17.65974568171248,0.8094508388259684,18.92887998765644,1.2758142734860145,4.362763750463557e-11,4859.968541882087
1992-07-04,200.60924000604857,341.25680346327147,95.03500788707406,7.4139085,0.6915368,21.21578,1.0167327,16.106061645745353,0.6896045112569934,17.30093516577327,1.1559559155007342,1.1367376907290931e-12,4859.968541882086
1992-07-05,209.40476921882072,360.5116445982103,94.79233839205784,7.378916,0.658915,23.763723,1.151517,17.74344255994818,0.7675953374581554,19.016577290568343,1.2339594985555449,9.784063227068803e-11,4859.968541881988
1992-07-06,179.65441307561792,342.6687347623781,94.51795324213892,7.4382925,0.6729465,24.803911,1.4905094,18.830961227490768,1.004865624456213,20.156075632922875,1.4712399528019326,1.1325719277361026e-06,4859.968540749416
1992-07-07,219.78512120255073,378.68816352807823,94.15275537274489,7.411715,0.69052523,25.726936,1.5230566,19.000799621953036,0.9965307523783573,20.334031722076933,1.4629067906426552,4.055243909247526e-06,4859.968536694172
1992-07-08,266.86758018571084,420.4470803829985,93.72674248430903,7.3933697,0.66136116,26.347038,1.4583262,18.98778934914713,0.9283169364098643,20.320399602704295,1.3946928425213012,3.7230288327065023e-06,4859.968532971144
1992-07-09,209.9513539610708,399.1957429787802,93.56298052300066,7.5531554,0.64839876,25.902233,1.4481646,19.57795820441344,0.9749914332129564,20.93877651186103,1.441373528749136,0.00022327998476900145,4859.9683096911585
1992-07-10,169.61519529565754,331.7125958424565,93.32863586793324,7.555321,0.6848745,27.310766,1.7890077,20.62686853547439,1.2061951566655236,22.037821171226096,1.672589235584576,0.075098251862513,4859.8932114392965
1992-07-11,230.4027131010995,384.620383316548,93.10468758120801,7.5976257,0.7005055,28.45854,1.8065561,20.643530633139587,1.159854022747343,22.05527966020316,1.6262483021740728,0.08112744624713353,4859.81208399305
1992-07-12,256.02886614880714,393.7744132332908,92.87358184449262,7.470957,0.696446,28.95409,1.7886376,20.489524858811993,1.118092754914391,21.89391293630511,1.5844851931642252,0.03874358927295229,4859.773340403777
1992-07-13,273.64083336147644,422.346578132436,92.5611843830689,7.655701,0.69199204,28.14533,1.5498304,20.089438704964984,0.9790473701306921,21.47470403193031,1.4454351519818185,0.004792721741800923,4859.768547682035
1992-07-14,254.38020208880386,404.3102629230732,92.23900563815923,7.4710774,0.6631165,29.246983,1.8175317,20.837328203468452,1.144632962306237,22.258340091929888,1.611029597162128,0.19431163405336335,4859.574236047982
1992-07-15,153.30846066597286,340.1771113199952,92.00842445093961,7.5572205,0.6328239,27.041494,1.6877607,20.988421676023286,1.179926732242836,22.416655315985647,1.6463252332883502,0.375403100078873,4859.198832947903
1992-07-16,123.07923723344234,344.9571604953581,91.9397858849174,7.5956573,0.65964925,25.671972,1.5289204,20.9184551041117,1.140134677273664,22.34334458110545,1.606532310901488,0.2792372334423424,4858.91959571446
1992-07-17,123.22058558264246,328.75860609006725,91.75448214055773,7.535213,0.6680079,26.06361,1.5215077,21.012315724037204,1.1215914840799845,22.441691417816912,1.587990282636415,0.41634998793325656,4858.503245726527
1992-07-18,122.84243947863659,413.1241004953581,91.66926777316436,7.716872,0.6813339,24.308992,1.1827732,20.506112232231416,0.9249615000783186,21.91129312947288,1.3913541353312309,0.04243947863659468,4858.46080624789
1992-07-19,146.05678007609387,368.478068324009,91.48368860491047,7.698792,0.72223854,25.800371,1.3200787,20.662024605370057,0.9673338755087186,22.074657581087763,1.4337283778591408,0.0888573013129832,4858.3719489465775
1992-07-20,224.1754084906588,435.0754537619685,91.08986357517011,7.8918586,0.73154217,28.177332,1.5425693,21.27934432319889,1.0479770160442812,22.721483071226928,1.5143791838495895,1.1829445431696146,4857.189004403408
1992-07-21,283.8474934194639,489.5338092001891,90.64848350139968,7.757075,0.73075163,28.921967,1.5649495,21.153998226094775,1.0262455012796705,22.59014585915543,1.4926460773714734,0.7156859339159912,4856.473318469492
1992-07-22,305.5563796117844,500.9195193081516,90.20476995521472,7.7549987,0.7426857,26.61226,1.2195337,19.4676496094661,0.8080549514713414,20.823195543146273,1.2744358598785626,0.00010741345974545866,4856.473211056033
1992-07-23,287.01549113108916,455.18740651681367,89.85956396350423,7.5055966,0.68983704,24.00356,0.9338061,17.623671864223986,0.6317789484097519,18.891081965004176,1.098142072441663,3.177843395380005e-11,4856.473211056001
1992-07-24,158.48311039977096,310.8765806938113,89.6508457031451,7.824319,0.7445949,21.181353,0.94888496,16.671241731650028,0.6769093331422359,17.893128927812718,1.1432647942110425,1.2221265656503103e-12,4856.473211056
1992-07-25,200.3049399698422,371.2625540265998,89.356586128912,7.6841617,0.81776094,23.08383,1.0003715,17.68704008659968,0.7101834709558942,18.957478971795997,1.176547141634339,5.687663099284718e-11,4856.473211055943
1992-07-26,316.3251051515826,342.9416213044576,89.00498522715662,7.802469,0.7511683,26.572243,1.1614785,17.566250953306838,0.7035219262401454,18.830916530828752,1.1698845588957585,1.8930258879488196e-11,4856.4732110559235
1992-07-27,320.323627718529,355.3393432123353,88.71091691973798,7.813888,0.75482535,27.26321,1.2322277,18.042522291829833,0.7402833957200917,19.329952011281023,1.2066502181013505,1.551780670440933e-09,4856.473211054372
1992-07-28,197.66130810418568,317.43131049535805,88.41653901136829,7.967528,0.79220605,26.02218,1.3586456,19.093899818244612,0.8907602455706197,20.431581789504147,1.3571372351554147,8.104185665447325e-06,4856.4732029501865
1992-07-29,267.11731257226256,344.2333069137457,88.03581388990254,7.7978435,0.7536492,28.041527,1.4397426,19.19645799512348,0.8750021839758846,20.539041896660237,1.341380232997465,1.7143861448333624e-05,4856.473185806325
1992-07-30,383.87123779857427,418.75319280231616,87.70784543128711,7.9296756,0.7231595,29.985796,1.5163867,19.437013861311502,0.8634421523278433,20.791095510952953,1.3298227335050972,8.84148290389754e-05,4856.473097391496
1992-07-31,442.5303827468509,481.48838546257326,87.4219659940269,7.688863,0.682513,30.593836,2.0360765,19.62420314513802,1.1101710433834013,20.98723180267182,1.5765536407415561,0.00030174699417890905,4856.472795644501
1992-08-01,272.3151000000013,469.357270495358,87.23087970136271,7.863519,0.7367622,22.07004,0.92461544,16.853922471300073,0.6446350640740822,18.084541182355167,1.1109919145326095,1.2291764326498374e-12,4856.4727956445
1992-08-02,179.14703000027185,351.472230495358,86.99896674040997,8.10777,0.7978834,22.818949,0.94665337,17.852178440957502,0.6824600805206481,19.1305103749949,1.1488251973423453,2.718922481034564e-10,4856.472795644228
1992-08-03,239.04001013070308,366.36168996705896,86.71367283462452,8.037436,0.8008814,25.523344,1.0403719,18.61911541569312,0.7045397549274575,19.93410431547998,1.1709119966565482,2.1441668462716916e-07,4856.472795429811
1992-08-04,201.25718526831636,261.3349106846017,86.50822663173795,7.7545652,0.80316335,28.123672,2.2780204,19.26180643380548,1.3335302380421867,20.60751376732877,1.7999089683931535,2.6930700843783925e-05,4856.47276849911
1992-08-05,217.53269415000304,289.03556274951774,86.24985429400775,8.066448,0.828244,25.903082,1.5302026,18.243598839821118,0.9427604530932188,19.540639330920495,1.4091291222038491,9.171338890988878e-09,4856.472768489939
1992-08-06,234.15182073390557,338.98324866627934,85.94662677008512,8.285442,0.8447966,24.661594,1.0460374,17.97118924699892,0.7084415106456966,19.255209490747006,1.1748076889994938,8.079011492237815e-10,4856.472768489131
1992-08-07,262.62500526931336,379.0698215789931,85.58362468105291,8.436907,0.8305918,24.710989,0.98298055,18.050531814621557,0.6728615944802662,19.338344361883006,1.139228489538522,1.6597566125819734e-09,4856.4727684874715
1992-08-08,303.299146464648,433.5590113125063,85.1760292205581,8.036776,0.8025761,25.437832,0.96523535,18.275360425320073,0.6570230432266504,19.573919011634754,1.1233920082706574,1.2267236635912815e-08,4856.472768475204
1992-08-09,464.99856435863705,352.1045155962204,85.00821489337551,8.037018,0.72990674,29.537388,1.4314985,17.301916656613265,0.7436749338503034,18.553947958334817,1.210035353109643,2.450694839284752e-12,4856.4727684752015
1992-08-10,279.67761000000513,272.74635049535794,84.81744093589452,8.218176,0.76213187,26.84776,1.2839617,17.41609494247003,0.7421186473376398,18.673583575956588,1.2084800128629878,5.113548340142421e-12,4856.472768475196
1992-08-11,222.98078110468452,233.0745926548033,84.57965310815693,8.303687,0.88513863,27.792562,1.454038,18.26379710414739,0.8599452511216075,19.56180300323725,1.326314108292724,1.0866533502630508e-08,4856.472768464329
1992-08-12,203.09218395925987,232.5499639721864,84.33293271128667,8.623693,0.9753871,25.955072,1.3197871,17.87535005283949,0.8385154709260056,19.15478951071665,1.3048807931601178,3.3435243912733154e-10,4856.472768463995
1992-08-13,233.63976043246575,289.43587716001167,84.01888096070857,8.41361,1.1211088,24.67529,1.06078,17.411760819651207,0.7715507268377356,18.669042296882484,1.2379120561713186,4.849807625938948e-12,4856.47276846399
1992-08-14,239.07176742293078,338.85061425575907,83.71770677568573,8.669432,1.3025076,21.155834,0.861754,15.990527555035731,0.7386588166414522,17.17987894046126,1.2050094365595752,1.271254426422912e-12,4856.472768463989
1992-08-15,232.42350825604098,334.9044033655333,83.40758927557489,8.927214,1.5192145,19.862438,0.8293906,15.382483668587497,0.7918879970296475,16.54277263473485,1.2582347407061085,1.2940593217535726e-12,4856.472768463988
1992-08-16,250.92954629701018,347.6941323450649,83.20724721882698,9.371775,1.6747371,19.597937,0.8394771,15.311360152022862,0.8547292984542164,16.468249657202005,1.3210756163446926,1.315077901339188e-12,4856.472768463987
1992-08-17,224.84467301944667,318.84122419966855,83.04258444765466,9.250305,1.6698358,20.868502,0.9437005,16.063724486436115,0.8849689310175232,17.25657443497139,1.3513200460752066,1.2955276597261735e-12,4856.4727684639865
1992-08-18,268.71543000000133,274.134760495358,82.94875325062604,9.016504,1.5083082,22.335203,1.0130602,15.742334714498837,0.9050803590417664,16.919823330551488,1.3714293456751108,1.291628894003858e-12,4856.472768463986
1992-08-19,225.43675000000133,319.73445049535803,82.79372221635025,8.984911,1.5324837,22.71281,1.195228,17.036111056847833,0.9449654517763738,18.275437759511586,1.411323725891529,1.3405476765326347e-12,4856.472768463985
1992-08-20,202.84596000000425,280.62462049535804,82.61106521213271,8.89579,1.5219083,23.528831,1.5274633,17.38936106415339,1.0926034258506119,18.645571909641607,1.5589645684791276,4.2757773659372855e-12,4856.47276846398
1992-08-21,231.28521851002264,266.8650697355081,82.4008193036394,8.871576,1.3609992,24.940102,1.6374648,17.479677578518594,1.081105253560834,18.740205244661908,1.5474671524973,8.629690649325676e-12,4856.472768463972
1992-08-22,238.83387101510115,314.0615346653729,82.14620290736627,8.885418,1.188046,25.42901,1.5755882,18.282685452644095,1.0316817023796185,19.58159415022551,1.4980507358370672,1.301363631238768e-08,4856.472768450958
1992-08-23,247.32982818532724,334.2784732043996,81.86567617707271,8.923632,1.0765827,25.833267,1.5362167,18.642418587957028,0.9945740500178023,19.958521299720193,1.4609465187640356,2.6036912800932923e-07,4856.472768190589
1992-08-24,266.8280913739895,348.33042039451,81.50940900076921,8.972242,1.054532,26.37942,1.5119932,18.82896896538766,0.9706853457156139,20.153988147501448,1.4370596541991278,1.1231322034148815e-06,4856.4727670674565
1992-08-25,239.01790018342842,330.1874286311576,81.18070325170991,9.106495,1.0810428,26.254187,1.5755438,19.053612317214125,1.020475495533386,20.389368683640335,1.4868520722342289,6.129087474343175e-06,4856.472760938369
1992-08-26,168.23897263965688,302.2211780457068,80.99132338303475,9.265675,1.0842451,26.004984,1.7935677,20.018920689051154,1.2156691020972488,21.40081549590958,1.6820560821968158,0.0033160676887744006,4856.4694448706805
1992-08-27,213.33878465526738,368.0776827512958,80.66494569521706,9.2748165,1.0660398,27.380816,2.080015,20.73719249793551,1.3736665700153445,22.15341824196926,1.840061982453434,0.12811729348338438,4856.341327577197
1992-08-28,251.61870413810496,346.812210174141,80.36281111426756,9.223665,1.0449458,27.932627,2.1589234,20.066180435296616,1.3260748973321812,21.45033409647621,1.7924624141210268,0.004310357197845364,4856.337017219999
1992-08-29,257.85199271643944,248.93407128892792,80.20442335455998,9.282192,1.187194,27.889824,3.3825498,18.422288694937198,1.767906793192741,19.727869950290412,2.2342771422278735,4.3358823230575733e-08,4856.33701717664
1992-08-30,232.8304015646551,320.8142716119043,79.94472335651473,9.476923,1.300379,24.811995,1.9089378,18.362964979694915,1.2339484324342351,19.665710764247525,1.7003182196981317,2.634183408834047e-08,4856.337017150298
1992-08-31,286.02324482933295,398.95733330880495,79.61138304944615,9.526712,1.3562304,23.209959,1.4527136,17.49632754798703,1.0181439393751215,18.75765102575586,1.48450597875629,0.0,4856.337017150288
1992-09-01,326.0746382439916,459.7800748839023,79.15238870413242,9.690178,1.505246,22.142527,1.3870555,16.97567449376893,1.0240420021488867,18.21211253530957,1.490399799793726,,
1992-09-02,343.9407003092784,473.7717029644135,78.6736970551355,9.829269,1.5126508,21.201319,1.3919665,16.418083711724833,1.0272408548851155,17.6278708199125,1.4935944536349988,,
1992-09-03,318.679849180102,435.0317750196589,78.22777639369693,9.897694,1.5830207,20.840841,1.3585516,16.21392493215437,1.0309531895632067,17.41395394856044,1.4973053398364655,,
1992-09-04,258.6789660540028,394.1469291275232,77.84852885597265,9.885143,1.5243276,21.87158,1.6229705,17.122015021888583,1.1510789802029726,18.365447640433267,1.61743793875666,,
1992-09-05,249.55535653372408,392.9635233423081,77.41615656463584,9.834391,1.4997605,23.038733,1.7697481,17.910145103527046,1.2291676309562178,19.191247645886143,1.69553326279578,,
1992-09-06,322.6117111798317,479.14795674759455,76.94895141438232,10.402733,1.6459001,22.04477,1.388248,17.3602516602919,1.0615656675936855,18.615071175781058,1.5279265684486094,,
1992-09-07,293.4263853547884,438.11207302059256,76.51141897870308,10.490305,1.7180071,19.88157,1.5048082,16.114653073933173,1.1344869029650788,17.309937234860143,1.6008383661431909,,
1992-09-08,264.5981283002392,393.65574552795977,76.1035789783197,10.356396,1.6881124,20.741589,1.8267503,16.567055475469992,1.2860437936975178,17.783962924730176,1.7523984794609553,,
1992-09-09,279.05555187103323,402.6627952878925,75.88752834523208,10.118628,1.5900892,22.250772,1.9557352,17.28458312194799,1.3259256483794692,18.535785939964263,1.7922859252885055,,
1992-09-10,242.56036705681217,452.9216776811704,75.72342035040379,9.905445,1.5117906,21.509321,1.6464438,17.462285820894827,1.1948476299214597,18.721982220474473,1.6612093824946583,,
1992-09-11,246.5366121479597,182.2381577704314,75.68735914858374,9.944765,1.5668848,24.26013,3.3248007,16.029091639169184,1.6758716568973515,17.220286255991567,2.1422225369179433,,
1992-09-12,169.6496139574405,328.12509264598424,75.65104545934312,10.237371,1.6174644,19.278433,1.3231902,16.197093926754892,1.0318250565604128,17.396318478636783,1.498177089546989,,
1992-09-13,156.99727056754716,406.1744722450844,75.57822257367349,10.396284,1.6933359,16.686129,1.4647468,14.932687621772496,1.1570865190330757,16.071477874432958,1.6234306673715555,,
1992-09-14,266.5971146548791,391.4039016922307,75.20190515883498,10.540182,1.7696598,18.243277,1.7369927,15.122274178279362,1.257636668272832,16.27012602027163,1.7239818823220263,,
1992-09-15,314.44207968652523,448.36617953379897,74.83891968785501,10.677025,1.8174671,19.678316,1.6558343,15.967836170460604,1.22822804186723,17.156102985270063,1.6945785095339976,,
1992-09-16,335.6304724804407,450.593176782576,74.4104069864062,10.724602,1.8474356,21.212633,1.6904835,16.735404632852436,1.2492434371712091,17.960358596362695,1.7155993818867503,,
1992-09-17,323.422616148974,495.182111536228,73.99204899502723,10.569101,1.8109168,21.455902,1.6414795,17.15463499700407,1.223866430089449,18.39962673885347,1.69022565075296,,
1992-09-18,341.98019384746743,508.7667332470662,73.55911409155773,10.409754,1.7395864,22.175781,1.5571504,17.446115799312405,1.1645339241909447,18.705039327134866,1.6308955409929013,,
1992-09-19,318.5956526781177,488.2796037701543,73.14786874704183,10.5039215,1.7330661,21.809706,1.5665443,17.345603414143493,1.1691708639732072,18.59972279353928,1.635531643530881,,
1992-09-20,278.84102843679426,442.8855376506757,72.75489367416354,10.693672,1.7256999,19.970509,1.4043145,16.386377517165922,1.0895627420673535,17.594649177635876,1.5559161127398922,,
1992-09-21,324.5776210447242,514.2321408234285,72.31272646075847,11.643616,1.761357,17.385351,1.048321,15.163585388037376,0.9367759226388874,16.31341176464077,1.4031213743626973,,
1992-09-22,337.1084957314984,504.7976407198422,71.89836991885146,11.07406,1.9498445,16.260094,1.54981,14.183548820531378,1.2136958021319604,15.286532799295397,1.6800361415259348,,
1992-09-23,210.4802549717423,322.1889267959117,71.62370282444297,10.91255,1.6724527,17.69731,1.6289409,15.016362364197754,1.1863823795882886,16.159151983518345,1.652726993214498,,
1992-09-24,202.2839689297841,374.4157529915385,71.31144424949551,11.013935,1.6236224,12.935782,1.2383988,12.26167267745865,0.9852802079809841,13.272797546188732,1.4516137112935403,,
1992-09-25,266.4001353843272,445.388755822521,70.91404462597094,11.027702,1.7277468,11.388892,1.417348,11.253710206112599,1.097588151088478,12.21665791425968,1.563919757941126,,
1992-09-26,304.72357350573714,301.34820132535066,70.6335694903466,11.960447,1.8724552,12.704622,2.3179905,12.330462537582802,1.488174121339965,13.344875326480446,1.9545077964382955,,
1992-09-27,291.2622063598378,259.79761601861634,70.4028259915216,12.498127,1.951672,16.181137,3.7401884,14.234485188755672,2.0428862915513726,15.339903751803549,2.509226869590584,,
1992-09-28,269.3088293559256,316.49615582062734,70.1192345881392,11.8327465,1.953869,15.568012,2.6719475,13.850819541989416,1.700230519798844,14.93790019861727,2.166569373302927,,
1992-09-29,282.1332322267846,356.2111522938868,69.77155556909501,11.931189,1.7979378,15.538589,1.1471592,13.944202437254784,1.0204137357830805,15.035746477062863,1.4867529935314694,,
1992-09-30,283.56017140541866,386.1297312787133,69.49430748123146,12.061522,1.6680295,12.6104965,0.8774244,12.37804947068624,0.8687736883101745,13.394736752318435,1.3351074854122542,,
1992-10-01,297.6581270873277,391.1233826538564,69.3414984999554,12.048187,1.6660122,10.668713,1.066946,11.264854980225646,0.9409715291595335,12.228335370478826,1.407303150627592,,
1992-10-02,263.7206576956446,415.1806089917755,69.14098109771768,11.712788,1.7846842,11.173415,1.3577482,11.382935570407879,1.0816931429284924,12.352059809233465,1.5480249279754872,,
1992-10-03,291.6636831083694,415.6052152548188,68.86705035956324,11.646551,1.9370319,13.978025,1.3707598,13.016571618470188,1.1344065690799483,14.063778076087686,1.6007422537668916,,
1992-10-04,338.4617445715974,389.82428147368057,68.59829670943347,11.893801,1.7966288,15.891054,1.0639931,14.033381045684068,1.010696467786915,15.129187518133245,1.477036120889905,,
1992-10-05,316.5548386850505,440.5687087851351,68.29842969938552,11.827574,1.6530309,13.826276,0.9156331,12.990614582503117,0.8726680142712941,14.036580382531078,1.339003613131613,,
1992-10-06,316.9175603056419,463.7322395291922,67.92881139713282,11.750624,1.6420381,10.65819,1.0825322,11.101681203119337,0.9262281982057505,12.05736244460849,1.3925596198723516,,
1992-10-07,344.25298449945103,495.4185477734405,67.54045104566445,11.718054,1.7673268,10.938144,1.2817107,11.257895400874334,1.047327249229719,12.221043147024654,1.5136588615542317,,
1992-10-08,312.1975670337994,443.1018733357637,67.13280952580001,11.683908,1.7731755,12.487328,1.2416581,12.155240089541646,1.0333403109339485,13.161277844390897,1.499673559122472,,
1992-10-09,592.0818110915637,93.1945070546735,66.93782433212859,12.579714,2.3451245,14.818533,6.300396,12.884183185029427,2.199915639039312,13.925061928075676,2.666250894043353,,
1992-10-10,709.9986474072001,737.3154299999999,67.17599702314652,13.74901,2.3173397,15.055387,4.3580422,14.414526669038182,2.494268383974935,15.52855059940255,2.96060982931885,,
1992-10-11,538.0771674072,438.01184049535806,67.21022492031537,13.533348,2.2932389,15.190954,3.3261168,14.277185073459044,1.9559844842574896,15.384644545033488,2.4223252646390807,,
1992-10-12,454.0911074072,415.100630495358,67.15744837558604,13.181477,2.26005,14.327523,1.8990829,13.72879505161423,1.4888393313623034,14.810043354722001,1.955177671667092,,
1992-10-13,308.60282740720004,414.8666404953581,67.06672181608565,12.471062,2.027748,12.426886,1.0730417,12.445729343935891,1.0614957641261986,13.465651492157347,1.527829739207828,,
1992-10-14,294.9186032008945,372.8613963308307,66.93771675893785,11.593088,1.9775941,10.478642,0.9710763,10.970826664153144,1.0280046414485349,11.920253505983576,1.4943359248909622,,
1992-10-15,273.6736256447671,389.5014860030472,66.91346937713007,11.355156,2.1945562,9.726825,1.1613277,10.398791019656858,1.1337557350349485,11.320876513086397,1.6000866441689796,,
1992-10-16,180.0511715127508,483.0967817960189,66.98197973352183,11.981926,2.3241162,11.557203,1.0663433,11.672519662582314,1.0008181691266247,12.65548503112014,1.4671504228520629,,
1992-10-17,181.8827485005492,489.2088805582428,67.11391815211367,11.386223,1.7547061,12.827197,0.7813048,12.436656732664288,0.7419941592494529,13.456145241080131,1.208328110168517,,
1992-10-18,201.14875703643608,508.178902248478,67.17051905594828,10.660061,1.6549969,9.571845,0.708282,9.880437646939246,0.6911908422881594,10.777747621055244,1.157521735476193,,
1992-10-19,219.94528209044452,519.9627953047411,67.21553465669615,9.556658,1.5910289,6.9483147,0.6931007,7.723671473639808,0.6789094297574693,8.517895397208434,1.1452435561639727,,
1992-10-20,241.12078834804063,513.0840568231974,67.14773760394739,9.055679,1.4870962,5.363512,0.88331026,6.543905259241051,0.7662436347040091,7.281740390590472,1.2325817808093515,,
1992-10-21,249.7477929843107,492.86512408042506,67.07127191229317,8.916363,1.5678983,5.572031,1.046106,6.696761620616322,0.8718278185803581,7.44190276352615,1.3381653541075011,,
1992-10-22,255.67639220865323,510.837773403852,66.98301498218352,8.74612,1.5276529,6.10876,1.0714414,6.988470740558424,0.8772255637815715,7.747554582243741,1.343562008250819,,
1992-10-23,250.6112497112269,518.8444141547327,66.87348325537647,8.742544,1.5198579,6.5138264,1.2510657,7.2397184265749965,0.9781069085373144,8.010811048804657,1.4444424912959741,,
1992-10-24,171.14861252004494,517.2471005580321,66.852233992611,8.520979,1.6011844,7.1492786,1.2052747,7.490310109174745,0.9892520425426315,8.273380157227859,1.4555868377574095,,
1992-10-25,261.9366528181622,433.2495869833167,66.95358649619587,8.661772,1.4571477,7.5639787,1.1344618,7.977612075899505,0.8951556921181518,8.783973492203621,1.361489161504183,,
1992-10-26,223.296760178588,472.4164591445411,66.9838435242348,8.4398155,1.4217348,6.0181084,1.0061896,6.795381742089598,0.8216135459604297,7.545236589689827,1.2879507017363263,,
1992-10-27,220.0211169764756,485.14506246809776,66.9460248859681,8.548815,1.4159468,5.389569,1.0869591,6.3752950740765675,0.8685661416946645,7.10507121494021,1.3349049923025862,,
1992-10-28,227.35940185973084,514.6348571246308,66.85634417447805,8.61595,1.4015365,5.5370545,1.2213446,6.480479286334081,0.9497454868671719,7.21528287298939,1.4160838941696228,,
1992-10-29,225.44016363760812,520.5975668034257,66.74974409867971,8.632179,1.4641434,6.256091,1.3546736,6.974105338563576,1.043729439920887,7.73250256313921,1.5100659358415691,,
1992-10-30,227.8412983912152,530.8447821059988,66.64778159609094,8.859059,1.4045069,7.0242314,1.0232779,7.5752492814229,0.8309801647281162,8.362379131559441,1.2973147092996282,,
1992-10-31,228.67906881302252,538.526492901577,66.51976169504876,8.8678875,1.3194789,6.5782065,0.9780346,7.260686092791679,0.7911901475531449,8.032780897792115,1.257525661662547,,
1992-11-01,231.97188248170497,544.3496205123151,66.32785285052998,8.440077,1.27898,5.4614463,0.94848996,6.351488016097209,0.767056757226486,7.080126260969795,1.2333957099268775,,
1992-11-02,252.6269655102647,524.815580957509,66.22106956440938,7.70225,1.2708522,3.380609,1.2800728,4.7849096475597115,0.9577237597546386,5.438670801496462,1.42407085520197,,
1992-11-03,1019.6258474072,957.161430495358,66.50123798749854,8.605074,1.5878679,1.7813964,3.409409,5.301045706743088,1.8428404777497198,5.979476399985948,2.309184580392293,,
1992-11-04,444.4968474072,1307.254590495358,66.7448832262839,8.340124,1.4679666,7.0269175,1.2587931,7.3601360942920255,1.0105370793945907,8.136984269411355,1.476872274747866,,
1992-11-05,332.6418274072,981.313680495358,66.9266231829063,7.9133797,1.3726789,8.508476,0.8951434,8.357821219638103,0.753453450632129,9.182355333332985,1.2197860741889013,,
1992-11-06,310.9989074071999,1022.0176704953584,67.17337304531563,7.5499053,1.2188731,6.556834,0.70543814,6.7885222776932075,0.6110572510543475,7.5380492663431955,1.0773944328836693,,
1992-11-07,148.42229740719995,950.873230495358,67.37129474931712,6.9883933,1.082977,5.284147,0.732155,5.514247043195596,0.6499631300128655,6.202868031528577,1.1163060853301592,,
1992-11-08,99.4050974072,810.8195304953581,67.64262608557685,6.679996,0.99989665,3.7088833,0.71627337,4.03335676282992,0.6473264032211374,4.651196257931601,1.1136784013336616,,
1992-11-09,82.58286740720001,712.295690495358,67.86967667594695,6.568585,0.9566313,2.414235,0.7593423,2.8458458505652677,0.687671513076049,3.40692638336368,1.1540325744520699,,
1992-11-10,83.61323740720002,663.6064304953582,68.08073775602959,6.7418194,0.9943289,2.4018278,0.79224765,2.887469131655869,0.712339020247275,3.4505391150083433,1.1786997366762073,,
1992-11-11,78.07835740719997,642.8867004953579,68.25644044709692,6.6894007,1.0547396,3.7758222,0.84887254,4.091353992869343,0.7655121426540945,4.711965557313296,1.2318637394276362,,
1992-11-12,163.15294740720003,717.2432604953581,68.49699454923692,6.9635463,1.092962,5.540131,0.9863136,5.803915034542683,0.8286668013986919,6.506381162681562,1.295008281189717,,
1992-11-13,1432.8449474072,1875.748130495358,69.79439175187069,7.709724,1.0862352,4.300702,2.0646923,5.777039506332619,1.2615285167111352,6.478221076092454,1.7278701293633731,,
1992-11-14,284.1315774072,1830.7671304953576,70.57684872144301,6.3007236,0.9605954,4.871129,0.8816223,5.063191636196356,0.7740130746777016,5.730253717930548,1.240358518662326,,
1992-11-15,171.62434740720005,1536.3662104953578,71.09494539160228,5.9212923,0.89282405,3.523687,0.7412107,3.7646059374638803,0.6727402410113142,4.369600061791804,1.139094149083791,,
1992-11-16,124.58607740720004,1250.244870495358,71.50747880143345,5.7022834,0.8655327,2.2122157,0.7680494,2.5284827985804257,0.7028395426954496,3.074394462345284,1.1692032993149537,,
1992-11-17,70.93128740719999,1062.752150495358,71.83665478977562,5.6301045,0.8612916,2.2882752,0.68629295,2.4973638168577694,0.6456065503740356,3.0417880996712023,1.1119705774757178,,
1992-11-18,61.788687407199966,966.2925904953584,72.39234635153002,5.9739685,0.8585831,2.9884543,0.70998406,3.1678866546757183,0.6693054731279708,3.7443596370691923,1.1356639172714056,,
1992-11-19,56.60576740719994,845.5778604953582,72.86950933439206,5.4335055,0.8103235,2.6512685,0.739752,2.8258345667816136,0.6951992875648049,3.3859586286203185,1.16156051548675,,
1992-11-20,50.88940740719999,744.8977904953581,73.28209843010676,5.471601,0.8061763,1.7231296,0.683761,1.962838798164379,0.642108437850311,2.4817146122666363,1.108477283847315,,
1992-11-21,110.53472740720008,694.4261304953579,73.41677580276018,5.697268,0.86814773,2.3572395,0.94606507,2.8158818384520714,0.8248146989486347,3.375530193898324,1.2911760098736813,,
1992-11-22,382.5161474072,1744.8443304953585,74.37242323564398,6.777945,1.0284995,4.4291067,0.7199136,4.851446319542172,0.6187501973564101,5.50838769895545,1.085096889885833,,
1992-11-23,663.1092474072001,6130.143330495358,76.15456963465196,7.1390324,1.0577906,7.915997,0.98795825,7.840155235630292,0.8974801786644235,8.639946684842243,1.3638139945358811,,
1992-11-24,90.16734209879988,4991.227030495359,77.3769852798809,5.8407497,0.91586506,6.3208137,0.7751929,6.312295110725317,0.7616108473082918,7.039060068695371,1.227949969492719,,
1992-11-25,397.1326420988,4524.217130495358,78.64363010696731,6.491049,0.9880852,6.766522,0.8009401,6.744292385515817,0.7406121640475386,7.491705336512048,1.2069495151618275,,
1992-11-26,469.9275420988001,3747.4154304953577,79.65332648803538,6.8961926,1.0115218,7.075911,0.7454932,7.055885481372604,0.6719452847376438,7.8181915172230765,1.1382814909056196,,
1992-11-27,321.36594209879985,3618.157830495359,80.58602530985787,6.1177607,0.92036355,6.205397,0.7207927,6.198248199740257,0.6662380127823689,6.919562105215088,1.1325776381402295,,
1992-11-28,98.4250420988,2439.3820304953583,81.52161069128323,5.5957594,0.8783879,5.642199,0.69303674,5.640397947356214,0.6670288606928632,6.335048517682779,1.133371161619975,,
1992-11-29,54.9368420988,2009.971080495358,82.14801888021589,5.418986,0.8241742,5.3489776,0.64197344,5.350840134873736,0.6252783195148222,6.031650831567504,1.0916221495398752,,
1992-11-30,54.9368420988,1712.6549204953578,82.577933665505,5.193764,0.8217057,4.693669,0.65065116,4.70921183183188,0.6309459653053929,5.359354888936878,1.097293525303439,,
1992-12-01,54.9368420988,1436.7790304953585,83.04285089130332,5.222703,0.8041926,4.6992044,0.6384205,4.718483824352349,0.6156216261601362,5.369070051005105,1.0819691289046056,,
1992-12-02,54.9368420988,1187.133670495358,83.39913675353408,5.143535,0.7958637,4.569295,0.64910734,4.594693603167274,0.6213951401532598,5.239363080403085,1.0877434153956598,,
1992-12-03,54.9368420988,1041.3292304953582,83.67323310688288,4.9075093,0.76060754,4.0684776,0.65833884,4.110523766100867,0.6265082700966328,4.732051580176695,1.092859735061823,,
1992-12-04,54.9368420988,930.9802104953584,83.86526057301555,4.6277304,0.75235057,3.1644268,0.6524656,3.2459643697921075,0.6175337920978067,3.8261692000728273,1.0838916195647392,,
1992-12-05,54.9368420988,884.102540495358,84.02835345083321,4.2669888,0.710361,1.446307,0.5997717,1.611325955981791,0.5662103001261186,2.1134006578142603,1.032582493185749,,
1992-12-06,54.9368420988,815.753750495358,84.13312149987124,4.0124636,0.6849609,0.07193649,0.5371793,0.32056684651668543,0.5051377765576986,0.7609476751560094,0.971523472000489,,
1992-12-07,54.9368420988,734.6191004953578,84.21627639768784,4.2261424,0.69431525,0.23351538,0.43920037,0.5113200421034413,0.411486789532562,0.9608182214346332,0.877870369581626,,
1992-12-08,54.9368420988,683.1847204953581,84.2602301568683,3.9304352,0.6293394,-0.086621046,0.47839487,0.2123600362019024,0.4452595482968338,0.6475689491946567,0.9116464622134188,,
1992-12-09,124.26313209879996,533.697450495358,84.01408015201943,3.6715443,0.593305,-0.58306444,0.48263264,0.22046547530217242,0.407202597563774,0.6560618005768621,0.8735894197443921,,
1992-12-10,154.60762209880005,613.068670495358,83.74242284009061,3.5969636,0.6065934,-0.56815565,0.29538733,0.2706864482559092,0.2656539925089221,0.7086831643659797,0.7320402479717805,,
1992-12-11,223.8920720988,767.668460495358,83.58776119195834,3.9752293,0.71833605,-1.2642146,0.76817435,-0.08116033568415724,0.6164438914946667,0.3400193068816405,1.082834178037059,,
1992-12-12,284.24784209879994,750.1097304953581,83.53139294668054,3.7886403,0.663346,-0.3665787,1.1170603,0.7753011060764038,0.8303422846957625,1.2374166778913789,1.2967230059039347,,
1992-12-13,140.3155820988,707.5357004953581,83.46127433028013,3.8679357,0.67903626,0.11626911,0.7257475,0.7371530874331373,0.61597726866275,1.1974453143594423,1.082358398078004,,
1992-12-14,156.21968209880004,644.3929304953581,83.3646165099837,4.0090933,0.69516796,0.36624026,0.6267222,1.0770526234430995,0.5223524619909574,1.5535908863022423,0.988730012911234,,
1992-12-15,183.3199620988,590.229350495358,83.25599951049846,4.2020392,0.71678674,0.6652489,0.6611542,1.5034168663429988,0.5323019712344939,2.0003338825595036,0.9986752201358684,,
1992-12-16,92.49444209880004,624.6798504953581,83.15875058944522,4.1315055,0.66765034,1.5243585,0.70916915,1.8606039783907096,0.6236798547374641,2.3745933175800342,1.090049659631166,,
1992-12-17,456.4974420988,715.0289304953583,83.29814030206994,4.285416,0.7391541,1.1202986,2.672275,2.353619595296672,1.6562308546007183,2.8911733956845245,2.1225961454803217,,
1992-12-18,239.2656020987999,1867.1140304953583,83.74579441558325,3.879633,0.65236545,1.4827856,0.68789005,1.7550456820983982,0.6142383157560561,2.263989695557935,1.0806091232593693,,
1992-12-19,180.04130209880003,1295.626930495358,83.9877259988273,3.970094,0.63844216,0.58803344,0.6064739,1.0006672315267615,0.5381473169031293,1.4735545337627032,1.0045256605083628,,
1992-12-20,252.8128720988,1386.4782004953586,84.34105014188266,3.8527124,0.66416126,0.45683634,0.6207185,0.9805512533870878,0.5348894054050575,1.4524770806309844,1.0012679588725082,,
1992-12-21,100.5673820988,1547.4223604953577,84.68760959835534,3.7314732,0.59928644,0.63758314,0.4347192,0.8263855404155079,0.4098257595081216,1.2909427735684893,0.8762059366877284,,
1992-12-22,86.30294209879996,1195.387130495358,84.92350799963356,4.048476,0.6446852,0.6638609,0.4227855,0.8917648891112284,0.3966994020697455,1.359447031643742,0.8630788873389039,,
1992-12-23,54.9368420988,1058.633280495358,85.09892786189357,4.007782,0.64156276,1.2061948,0.53671676,1.3444081962836174,0.5112191080975996,1.833725141615231,0.97759393709268,,
1992-12-24,387.7894737036,1277.7883612556282,85.00714557167096,3.5403771,0.5226868,-0.62317336,0.84012634,0.34620857358566376,0.6559115059212992,0.7878149891270259,1.122296914584904,,
1992-12-25,387.7894737036,670.3337704953578,85.01716580261083,3.3666358,0.50539845,-1.4319123,0.9704672,0.32669800387632986,0.6420978351791771,0.7673718808791319,1.1084834619822124,,
1992-12-26,387.7894737036,611.9922404953581,84.98987339909115,3.3482962,0.5041131,-1.6243201,0.9125358,0.3044291328407482,0.5918210052235687,0.7440386339303768,1.0582068815373231,,
1992-12-27,54.9368420988,574.7591004953581,85.14507473535978,3.292708,0.5102302,-0.4432639,0.36616647,-0.11732484469945235,0.33717220862322095,0.302126257957604,0.8035629175212906,,
1992-12-28,387.7894737036,639.9034704953581,85.14494192154399,3.4699435,0.5559148,-1.8328837,0.8071433,0.16808417636073,0.5445966917316694,0.6011768546025316,1.0109841080806907,,
1992-12-29,387.7894737036,423.3130643515433,85.31524152434858,3.9615033,0.70519555,-1.7964956,2.5000968,0.9564132664418209,1.3476524522738056,1.4271853804213144,1.8140312581742413,,
1992-12-30,387.7894737036,639.5687304953583,86.05758539286866,4.402381,0.7826465,-0.015638709,4.5197463,1.6519992275355837,2.829176327166891,2.156017972713701,3.2955481257121084,,
1992-12-31,1137.0970737035996,1337.325982450393,87.95645562980238,5.46483,0.8653153,0.89697456,7.497976,2.9960881116663036,4.071817246388031,3.564349710967868,4.5381770719834185,,
1993-01-01,950.5999208860496,2695.514946071669,89.40821075113999,4.695065,0.7192244,2.7961454,1.4754058,3.2912238638913673,1.1067447927161784,3.8735919432781913,1.5731022659046163,,
1993-01-02,1203.5072410618764,2615.2468150297573,89.78386532892921,4.486273,0.6422511,-0.29768205,1.0230511,1.2100150262612384,0.7292813452771021,1.6929084374658516,1.1956575323017908,,
1993-01-03,1309.9531970700032,2582.643215029758,89.70255746574858,4.596464,0.61695504,-0.9440321,0.9977504,0.9204794205022464,0.6937780106425505,1.3895340194795354,1.1601571935701533,,
1993-01-04,1266.50306436475,2505.809915029758,89.64327429713984,4.4825506,0.5258241,1.0642108,0.9915794,2.2118721454801546,0.6819178924830207,2.742650902306195,1.1482844527231624,,
1993-01-05,1758.8272098082566,3910.4708150297583,90.53310142587328,5.049583,0.6344928,2.2361298,0.9734316,3.1089676351261026,0.6996962034271602,3.682624489789698,1.16605511754244,,
1993-01-06,1547.1030818813713,3950.800815029758,90.79805481158363,4.775552,0.61285585,2.4640512,0.91507214,3.114504526778985,0.6798105132283938,3.688426025936671,1.146169383009251,,
1993-01-07,1441.2900958922094,3189.8916150297578,90.69485510010395,4.9896464,0.59567213,1.7097745,0.91210085,2.7305176303455356,0.6550224279962777,3.2860858684472434,1.121384455488417,,
1993-01-08,1153.4696581039727,3032.8191150297566,90.70778284126841,5.3261,0.5983764,1.5154853,0.9298267,2.565443505492344,0.6935101656504692,3.113121764703736,1.159873602450999,,
1993-01-09,958.528807456636,2849.380975029758,90.7099687448628,5.43031,0.6300935,0.7812654,0.9036916,1.9515249780975712,0.694565759682876,2.4698600302749942,1.160934711208081,,
1993-01-10,907.7691486759804,2463.3001850297583,90.52834587837887,5.49296,0.68817765,-0.056503654,0.8155257,1.43786842134996,0.6240679914857796,1.9316524459619477,1.090441888249651,,
1993-01-11,869.2242141922097,2437.4355150297574,90.3367779713823,5.3126354,0.7091382,-0.24213994,0.8991034,1.2180481819131035,0.6884722451901616,1.7013255504979072,1.1548483504602716,,
1993-01-12,824.9489311018017,2354.821388868942,90.15380780330838,5.1093526,0.6822558,0.10795283,0.9467373,1.405499186250705,0.7231165576546134,1.8977360720736431,1.189490776159066,,
1993-01-13,729.1337891173193,2050.215067034206,90.15925512924179,4.3388143,0.667664,0.71148336,0.96006405,1.663076577687408,0.7295395523789557,2.1676247823367554,1.1959112438060764,,
1993-01-14,622.9936707904228,1817.1539780801777,90.19994421071628,4.351122,0.67207587,0.7244893,0.9134247,1.6504042163088797,0.7015264310300076,2.154346725402634,1.1678982450105573,,
1993-01-15,654.7922230516011,1490.372949046542,90.09994273275468,4.7531357,0.6729398,0.5429162,0.9069725,1.8280475165608123,0.6627618634231298,2.3404807681633653,1.1291319761844676,,
1993-01-16,627.9931848926085,1388.0411960121537,89.96200866413486,4.8924356,0.66150075,0.6707729,0.8939796,1.985817629744805,0.6490813968000596,2.5057917534474003,1.11545002891551,,
1993-01-17,576.6439253100173,1337.4064769941774,89.83024842581885,4.9179134,0.6901189,0.64529,0.8962724,1.9324987223830312,0.6598639618331462,2.4499243845753007,1.1262330911533505,,
1993-01-18,581.6355220369148,1171.3796173283924,89.60895634421527,4.7517934,0.7349765,-0.32588542,0.8981609,1.3588452487021105,0.6478099156189173,1.8488522357887331,1.1141845999574709,,
1993-01-19,605.6843638664097,992.2216547264296,89.28975040535477,4.4623814,0.7780603,-1.2772309,0.8915586,0.898362284286087,0.6272705487059013,1.3663597597558916,1.0936499644262274,,
1993-01-20,544.592745847511,931.250158324313,89.01071092443587,4.5487947,0.7641904,-1.1779975,0.8919719,0.9352149114141198,0.629520479899922,1.4049738164862406,1.095899508040374,,
1993-01-21,432.7717119336558,908.733185439528,88.77501521244785,4.552722,0.74892795,-0.46640003,0.89214194,1.1527770823638808,0.6508413872168666,1.6329347155083236,1.1172181588962748,,
1993-01-22,387.7894737036,879.4178651969632,88.73603604647153,4.7436485,0.6925335,-0.19225848,0.913451,1.3182226583146237,0.6684050286236684,1.806288024442103,1.134780120601033,,
1993-01-23,387.7894737036,948.4436606359268,88.71537209946422,5.0209074,0.6770128,1.527591,0.8920763,2.541389628990697,0.6629687359877898,3.0879181951293737,1.1293323807476858,,
1993-01-24,438.2205937036,1136.0016870836491,88.61881574598856,4.954345,0.7034369,1.5069073,0.9031449,2.46658012580243,0.6805157836636835,3.009533053412201,1.1468800794227965,,
1993-01-25,387.7894737036,1765.3950398062193,88.97875728776519,4.80291,0.72028744,2.109403,0.8988167,2.5945046771803177,0.7482700356247558,3.143571961057749,1.2146332220575964,,
1993-01-26,574.1305900311769,1539.3788658388005,89.02342090529389,4.7578707,0.74503887,0.919037,0.89413375,1.961848430198871,0.6819676761042517,2.480676908097781,1.14833653133294,,
1993-01-27,567.5797710939602,1527.7427552554054,88.66114930957012,5.138391,0.7492104,0.53511894,0.91336834,1.7820506536520375,0.6961924208837618,2.292285412439961,1.16256297067667,,
1993-01-28,469.8150095259738,1457.0486048382436,88.3676567525054,4.9029636,0.77535576,0.1681763,0.86854845,1.3226296469888645,0.6834430028981259,1.8109056521104354,1.1498180505610742,,
1993-01-29,417.15933983320457,1348.4561588422291,88.12491384795263,4.6845794,0.80331826,-0.2328732,0.70750093,0.9289659821193281,0.5727056176271905,1.3984262097320541,1.0390847113784323,,
1993-01-30,410.3876237036,1178.6568405643222,87.97401544533344,4.329543,0.83651364,-0.84139335,0.66439617,0.49405595525818874,0.5380828482985166,0.9427289702525063,1.00446661808865,,
1993-01-31,429.0158837036,1016.6099370637704,87.84879663177067,4.4227457,0.8257728,-1.2062992,0.9006675,0.4642227663120778,0.6791344416187027,0.9114698568544259,1.1455185400939776,,
1993-02-01,459.8747637036,908.4164543343418,87.60596056631957,3.9003172,0.86659795,-0.9335729,0.5606639,0.6910696067406125,0.4726364637967945,1.149159200818313,0.9390180885525923,,
1993-02-02,470.4912937036,650.3284590495699,87.40727493477115,3.3304527,0.92377746,-1.2814716,0.5211868,0.6544955431185981,0.49175317336752983,1.1108370219773485,0.9581351929777016,,
1993-02-03,387.7894737036,699.429470495358,87.24418648042663,3.72071,0.84941566,-1.2773024,0.71100926,0.5053897013533372,0.5486448971742819,0.95460443066853,1.0150285423623728,,
1993-02-04,387.7894737036,709.9088304953581,86.98160540843593,3.8784351,0.83508426,-1.0912079,0.86666733,0.664443244462233,0.6333944883666042,1.1212601894406933,1.0997764004297519,,
1993-02-05,387.7894737036,703.0967004953579,86.82863101768584,4.3811865,0.80588317,-0.932165,0.88395286,0.9566312888045344,0.6376946091254159,1.4274138235076934,1.104073412742811,,
1993-02-06,396.8699037036,680.1691004953582,86.54048069869262,3.7648861,0.8997924,-1.0139412,0.6999831,0.7469725277351239,0.5525759264359581,1.2077340903417866,1.0189569506181764,,
1993-02-07,425.2888637036,481.94984049535793,86.34133644273605,3.4944243,0.9335151,-1.4132837,0.6841268,0.8873165330259783,0.5688395590170144,1.3547860593435614,1.035219091208222,,
1993-02-08,60.88199209880001,486.3934304953581,86.15246078544983,3.315329,0.82212704,-0.6890081,0.57308495,-0.24354315485116604,0.5174779369773308,0.1698751440363474,0.9838701316621881,,
1993-02-09,65.3812220988,510.795250495358,86.153430231068,3.0849974,0.80648154,-0.2698362,0.48530835,0.11085120847719013,0.4398636114663083,0.5412083464952719,0.9062516806033645,,
1993-02-10,67.6578120988,454.6000604953581,86.02346377012677,3.980139,0.76011336,-0.44039357,0.66986465,0.13228054402418937,0.5913411089974616,0.5636619310288988,1.0577289332770885,,
1993-02-11,75.47594209879999,437.838520495358,85.88479842626623,4.0614424,0.7421081,-0.308244,0.8077659,0.3342592300457385,0.6975818313696702,0.7752945078126796,1.1639673735821798,,
1993-02-12,88.06414209880002,438.910480495358,85.70323575408042,3.170055,0.84018326,-0.42699897,0.57402664,0.1741143462777112,0.49828985197131803,0.6074952460284399,0.9646771997594901,,
1993-02-13,97.65660209879998,507.0627304953581,85.54764559642778,2.7350879,0.7640023,-0.39607704,0.44318545,0.10957725445550323,0.39156126737608987,0.5398735018261425,0.8579493510862266,,
1993-02-14,82.5089320988,514.673450495358,85.52846902945038,2.9330618,0.6614137,-0.69993436,0.47078127,-0.1979861384294631,0.41590014462280617,0.21760963011413767,0.8822918009296796,,
1993-02-15,79.47531209879999,484.395600495358,85.50710552962556,3.0294452,0.61459154,-0.4296955,0.45268804,0.057856321872124195,0.39841451514028486,0.4856804854644412,0.8648031920661212,,
1993-02-16,79.4090020988,467.03825049535817,85.4409199925008,2.8833978,0.61914486,-0.46198,0.893362,0.02416595420453739,0.7688226126606269,0.45037983338710436,1.2352116776447626,,
1993-02-17,102.4519420988,424.5000704953581,85.3829582219888,2.861473,0.5568444,-0.7328025,0.8687257,-0.03399027268043742,0.7081496362040676,0.3894439376541442,1.174539374107026,,
1993-02-18,123.4430320988,389.8047604953581,85.30526014389443,2.6832235,0.57842326,-0.4181615,0.34506482,0.3277635043412022,0.2967082043905979,0.768488308623994,0.7630938192694875,,
1993-02-19,115.63409209880002,378.5130504953582,85.26172045874398,2.3732755,0.595569,-0.60701597,0.278846,0.09039431884547977,0.255040580291152,0.5197736874675448,0.7214288836640557,,
1993-02-20,102.6525320988,377.033090495358,85.24715352120025,2.4042015,0.5654674,-0.56580937,0.3036717,0.06977177508148441,0.26760868825563044,0.4981654566062697,0.7339972282454617,,
1993-02-21,107.7330420988,359.818050495358,85.23613109761641,2.48416,0.58604807,-0.56241167,0.29619703,0.13957883944225313,0.264943420547136,0.5713090600199712,0.7313311615543098,,
1993-02-22,92.51154209879998,427.9875704953581,85.26276572764868,3.0233326,0.5365706,-0.7347063,0.3539534,-0.06676667714915578,0.30626968627837486,0.3551009330923548,0.7726598051370736,,
1993-02-23,86.0084920988,441.51565049535816,85.2807479050086,2.8290977,0.53701055,-0.35283387,0.30398822,0.165954029175914,0.26906914742227533,0.5989448936638253,0.7354565880002364,,
1993-02-24,112.5362120988,449.35764049535794,85.0656767856772,2.6735995,0.5350073,-0.42888105,0.28329733,0.1924843660867481,0.2506195583109044,0.6267432899895774,0.7170066974948464,,
1993-02-25,115.7644020988,454.029690495358,84.84108233736087,2.4978418,0.5335475,-0.4753636,0.25482914,0.1286990753559014,0.23017877071757953,0.5599092804009048,0.696566635883501,,
1993-02-26,110.8275320988,444.816550495358,84.61982725484432,2.5467043,0.5194264,-0.43681157,0.26862803,0.15827386684044936,0.2387035621147665,0.590897645822047,0.7050910900922955,,
1993-02-27,102.2503020988,436.5441404953581,84.40470447107225,2.5363448,0.52153885,-0.5425011,0.28601775,0.04179023376460195,0.25198981267722886,0.4688464932645542,0.7183786744964259,,
1993-02-28,91.6834120988,446.9351704953581,84.25966482951641,2.5941973,0.5184765,-0.61377966,0.32971168,-0.0677192772464088,0.2874708260695004,0.3541028019667536,0.7538609560185099,,
1993-03-01,100.0561120988,421.544990495358,84.05680067572014,2.7506447,0.4916739,-0.58083904,0.38159114,0.058222703077404014,0.32249227916140283,0.4860643784389219,0.7888809518742561,,
1993-03-02,118.1310700096842,395.5825928145828,83.85766693802529,3.1304882,0.53438437,-0.68677413,0.5898647,0.19102474766672617,0.4705512325607056,0.6252139067985344,0.9369383883055096,,
1993-03-03,93.5601480988,381.8649404953581,83.68526673270627,3.2513835,0.6408309,-0.32526457,0.8606004,0.37859337522902126,0.702650341654409,0.8217476735870295,1.1690353891980323,,
1993-03-04,116.8431170988,388.2649504953581,83.51238474391761,3.1867175,0.6394866,-0.4590522,0.90874445,0.38429820859916786,0.7140225444656642,0.8277251784912718,1.1804075285194342,,
1993-03-05,158.44072709879998,402.3791404953581,83.30199530499368,3.3301024,0.586181,-0.07977736,0.90575975,0.8835691022958585,0.6706366490067158,1.350859514234493,1.1370162207440466,,
1993-03-06,133.8495474072,364.2091904953581,83.13031641284239,3.1553206,0.52208847,-0.17166758,0.911885,0.7224355361384662,0.6814240544951018,1.1820243144223184,1.1478053418419534,,
1993-03-07,105.1686174072,379.749200495358,82.95765215359789,3.1334665,0.6011102,-0.63183844,0.8775861,0.18477810371301934,0.6995116609544361,0.6186686946169245,1.1658988876013165,,
1993-03-08,107.5517924072,404.3445604953581,82.84562710450551,3.2763636,0.5967986,-0.3797227,0.9291796,0.3884379401478143,0.7445885890010605,0.8320627750569791,1.2109735270065032,,
1993-03-09,106.5205274072,429.496270495358,82.83282865250534,3.1033015,0.5670397,-0.4954425,0.908658,0.21972185476225892,0.7367525287735007,0.6552826375170804,1.2031393593671587,,
1993-03-10,105.6520434072,418.5423304953581,82.71664421397819,2.9417615,0.5715492,-0.59819925,0.60253644,0.11528434592770345,0.49469394547487366,0.5458533727619975,0.9610819639146189,,
1993-03-11,109.7035774072,384.268750495358,82.54313521550868,2.9117155,0.5348607,-0.6007103,0.5219414,0.17934490785624502,0.42304502107013076,0.6129758105706473,0.8894323094223828,,
1993-03-12,129.3125274072,358.2821004953581,82.40048552307361,2.8262427,0.56308216,-0.928826,0.466989,0.0670369641261813,0.37422718112383685,0.4952999310357867,0.8406157525285924,,
1993-03-13,128.0738934072,314.063680495358,82.29670238887397,2.8364248,0.66140646,-0.9102653,0.6263397,0.17503758315198092,0.4844064898729388,0.6084626104693722,0.9507938271679117,,
1993-03-14,168.9419974072,168.3173804953581,82.32691107885182,2.5181541,0.6032597,-1.2036284,0.94510865,0.6607093015976319,0.5601777245522392,1.1173477768710092,1.0265596769706888,,
1993-03-15,103.71762740719998,327.76311049535803,82.35291919171976,2.5654292,0.5695293,-0.6547359,0.26358914,0.1193145924588836,0.24255605527932866,0.5500762513006595,0.7089440276487187,,
1993-03-16,75.61976740720002,428.8036004953581,82.29558852536879,2.9777482,0.55199355,-0.61853325,0.32622248,-0.07940287033689208,0.2894005750398486,0.34186077306491025,0.7557908410953705,,
1993-03-17,44.662827407200005,609.167980495358,82.24850147757259,2.885253,0.5830962,-0.19103634,0.19868569,0.01910330758282858,0.1893503219356821,0.4450752095626696,0.6557394453454403,,
1993-03-18,38.7789474072,733.532670495358,82.264920740707,2.4409304,0.59634304,-0.35512364,0.19184805,-0.21472949156536233,0.18465895976716362,0.2000660019326319,0.6510508136657391,,
1993-03-19,38.7789474072,696.177530495358,82.37750644412579,2.6240983,0.61804104,-0.50101554,0.22950949,-0.3361232964706804,0.21983190292418248,0.07286998811680251,0.6862251990018664,,
1993-03-20,38.7789474072,698.987810495358,82.44401650398422,2.901194,0.5829589,-0.31073344,0.32083112,-0.1419061387345846,0.3055079435624386,0.2763700620945425,0.7718989403925234,,
1993-03-21,38.7789474072,696.7307304953581,82.49296596829788,3.0599282,0.5800909,-0.45021927,0.43206325,-0.26515056878204935,0.4104243458515884,0.1472349695808174,0.8768167967154543,,
1993-03-22,38.7789474072,712.799670495358,82.51678067034477,3.0863094,0.64242136,-0.36147296,0.506381,-0.18357890361177645,0.48139592799906883,0.23270548150744128,0.9477874145398058,,
1993-03-23,45.4624174072,698.2603604953581,82.43477513311346,2.842154,0.6752409,-0.519338,0.5800902,-0.3138561323736192,0.5461922409946172,0.0962014465412106,1.0125852712727816,,
1993-03-24,38.7789474072,1037.473870495358,82.48314485108875,2.899905,0.6713254,-0.66282237,0.6306591,-0.5344521412743882,0.608416579821419,-0.13493829751528225,1.0748122683286179,,
1993-03-25,38.7789474072,1458.2693304953575,82.68384884387409,3.8287706,0.80858546,-0.39494622,0.45287102,-0.28553672406732716,0.44163698895546766,0.12587442575948893,0.9080296820084081,,
1993-03-26,38.7789474072,1939.509130495358,83.03938962834478,4.172988,0.8410589,1.2117918,0.75107723,1.269837936410645,0.73653895497001,1.7555906782260118,1.2029145349396733,,
1993-03-27,38.7789474072,3001.723730495358,83.83056815518277,4.8434763,0.9125178,1.9360105,0.8711967,1.9730926587288247,0.860164078512231,2.4924585723149937,1.3265328289941132,,
1993-03-28,38.7789474072,5653.864430495358,85.72144661720256,4.2771845,0.81088173,2.1710627,0.9451205,2.1854098539031876,0.9386984982058812,2.7149238036486674,1.4050652979631322,,
1993-03-29,38.7789474072,6668.845930495356,91.0543821866063,4.024332,0.77778214,3.3027198,1.500415,3.306891704915904,1.4917473432360868,3.8900086535458653,1.958104694326937,,
1993-03-30,1582.5305500148572,4723.39393049536,99.99617243171399,3.9387763,0.69847053,4.3303213,0.87472916,4.232059428733635,0.678249896532197,4.85939623203443,1.1446005356156956,,
1993-03-31,7680.330814582912,5692.11093049536,99.99617243171399,2.8963637,0.88583344,4.638215,0.9064226,3.637799830616728,0.6385214510552958,4.236733056502349,1.1048762889953982,,
1993-04-01,7627.11727200616,14559.407252195351,99.99617243171399,3.9990983,0.70015645,4.83807,1.0558468,4.549654536099422,0.7334920592084675,5.192171299887739,1.1998406198598441,,
1993-04-02,5997.53497200616,14884.511467553264,99.99617243171399,4.6590505,0.64342123,3.7332845,1.1037012,3.9991738307794487,0.8081200449860774,4.615379498577625,1.274472281445174,,
1993-04-03,3884.600472006161,10998.033467553263,99.99617243171399,4.7055273,0.4854815,3.2621603,1.0234902,3.6389016878017286,0.7668850068080396,4.2378875786942825,1.2332398365890376,,
1993-04-04,2655.309972006161,8093.159467553262,99.99617243171399,3.9106004,0.44937122,3.2036724,0.94655496,3.378312437354248,0.7213112029715726,3.964843052855202,1.1876680010458136,,
1993-04-05,2323.524272006161,6490.304167553264,99.99617243171399,3.9580798,0.4580726,3.9109163,0.9499465,3.9233496888412445,0.7098659212931929,4.535931221846638,1.1762186912191848,,
1993-04-06,2357.998372006161,5921.321067553264,99.99617243171399,3.9860804,0.4864161,4.984843,0.97808313,4.7003894405156315,0.713105216347546,5.350110817473549,1.179452830914213,,
1993-04-07,2322.6403084322164,5010.238365222677,99.99617243171399,4.047801,0.51361614,5.4589033,0.98494047,5.0119460922831705,0.6923518181454621,5.67655881219244,1.158697559593386,,
1993-04-08,2300.593172006161,4767.638867553264,99.99617243171399,4.4215636,0.52405626,6.159374,1.0176762,5.593745490692559,0.7073144358812182,6.286166233064046,1.1736569766905656,,
1993-04-09,2278.737172006161,4525.993967553264,99.99617243171399,4.5422688,0.5492409,6.7610073,1.0459073,6.018006311768668,0.7195624927466961,6.7307052711245285,1.1859029436624389,,
1993-04-10,4245.292972006162,7414.515467553262,99.99617243171399,4.107567,0.7637274,7.357237,1.2198045,6.1740440674094605,0.8240144385150859,6.894201098096567,1.2903541725748289,,
1993-04-11,5254.755972006161,12366.692467553265,99.99617243171399,3.8136024,0.7617637,5.673403,1.0536683,5.118806098571681,0.7735667884122546,5.788526361498884,1.2399119129718632,,
1993-04-12,2997.009172006161,8566.978267553262,99.99617243171399,3.6807466,0.657549,5.53056,1.0266327,5.051148573217463,0.7794211243704091,5.7176350377084155,1.2457666379910257,,
1993-04-13,2154.813779870852,6299.045681965173,99.99617243171399,4.0776615,0.55172557,6.188843,1.0265335,5.65072139945799,0.7776998114012131,6.345865395506064,1.2440420595825274,,
1993-04-14,1639.20171570632,4409.336858884432,99.99617243171399,4.311453,0.5508367,6.4375,1.002907,5.8613244383494205,0.7461960868997392,6.566534539746032,1.212537285650062,,
1993-04-15,1056.0857132389924,3571.3483813240296,99.99617243171399,5.449633,0.5149738,8.267854,1.1042279,7.624671690878614,0.8602839449759211,8.414163763245083,1.326618347506546,,
1993-04-16,2796.108299799325,5478.115995346428,99.99617243171399,5.8839498,0.7004686,8.05327,1.2769185,7.320191918152813,0.8779228503745515,8.095130898195023,1.3442581723971998,,
1993-04-17,3885.3676708197777,9511.716095449938,99.99617243171399,4.138339,0.5363346,7.105584,1.1640829,6.245035805000747,0.8409899624852286,6.968585998071601,1.307329379617224,,
1993-04-18,2445.1290241542183,7109.583778884228,99.99617243171399,3.8857927,0.47244674,6.2956724,1.0704695,5.678964527854375,0.805651129071856,6.3754584488954915,1.2719932335729314,,
1993-04-19,1861.397516486206,5259.519923134801,99.99617243171399,5.303747,0.4323489,7.178034,1.0851974,6.688098009639792,0.8094567852193094,7.432825061560013,1.2757943546384864,,
1993-04-20,1458.7444720061612,3848.0589675532633,99.99617243171399,6.059991,0.5726623,8.798138,1.1366788,8.045470540948918,0.8391235580637669,8.855075359919837,1.3054568643676145,,
1993-04-21,1174.2848493736278,3509.970434780002,99.99617243171399,5.2668757,0.5352075,8.801292,0.93693715,7.91525788422519,0.7147641924650985,8.718638983314417,1.1810978163483286,,
1993-04-22,2929.9400685380483,6748.80221142069,99.99617243171399,5.3948684,0.6159625,7.254314,0.8952008,6.691424271803558,0.651461688344779,7.436310307684949,1.1177992447414704,,
1993-04-23,2320.2705685380483,6146.219711420687,99.99617243171399,5.101157,0.6850648,6.451305,1.0246954,6.081292318925694,0.7672005335065643,6.797016133091267,1.2335406903221386,,
1993-04-24,1635.8665108957048,4919.20179208534,99.99617243171399,6.3523216,0.9364639,6.9656096,1.0676991,6.812558944006247,0.8346333161217526,7.563234803140764,1.300970406891797,,
1993-04-25,1256.3288145829129,3826.584902459811,99.99617243171399,7.134736,1.3816546,8.654598,1.166675,8.278938378189967,0.9423655028959442,9.099702161711132,1.408698288345473,,
1993-04-26,1663.7278145829132,5500.300269639421,99.99617243171399,7.2672825,1.1882007,8.176675,0.87828267,7.96548340964759,0.7285910508310989,8.771265117164637,1.1949245499203869,,
1993-04-27,2664.436614582913,7894.654013996301,99.99617243171399,7.9219456,1.7531877,7.352103,1.0654229,7.495894857522797,0.9111795212498756,8.279231837456441,1.3775142997314247,,
1993-04-28,1536.1107145829128,5453.54375121402,99.99617243171399,8.394219,2.1616917,7.60719,1.0546986,7.7801549181198615,0.9501961239851059,8.57707855725564,1.4165300978738082,,
1993-04-29,1125.841014582913,3929.058995611449,99.99617243171399,8.638668,2.506428,8.929688,1.1018591,8.864871603830203,1.0223193365640892,9.713640992624438,1.4886510893971194,,
1993-04-30,865.6316844007783,2952.1585921760607,99.99617243171399,9.7404995,2.6551845,10.034682,1.1531512,9.967980356085507,1.0758936301927204,10.869474572448915,1.5422245045053815,,
1993-05-01,794.6939375810068,2326.302444956157,99.99617243171399,10.624493,2.7267115,11.173441,1.1614121,11.033663175415555,1.1097107224405414,11.986093387688461,1.5760420698141306,,
1993-05-02,641.1255424065097,1906.9658948991496,99.99617243171399,10.441824,2.5947785,12.086061,1.177756,11.672353996853046,1.0968795972822747,12.655311447135313,1.5632118507121706,,
1993-05-03,453.457694024974,1393.8543244866487,99.99617243171399,9.629721,2.363872,12.033782,1.1674315,11.44365965977308,1.054807334438275,12.41568630249541,1.5211392098167236,,
1993-05-04,339.643462592066,1116.1443500781756,99.99617243171399,10.085249,2.4566276,12.574275,1.1798083,11.99357127313661,1.0708455484016153,12.991881811198903,1.5371784338496073,,
1993-05-05,535.4087008232268,1326.5851306320585,99.99617243171399,10.444296,2.5227144,13.112271,1.2312609,12.345105901376222,1.1382921722444836,13.360218593007357,1.604625884609707,,
1993-05-06,898.7197337039096,1664.3643982378148,99.99617243171399,10.827429,2.5451987,14.807741,1.2207212,13.412084577714426,1.1936572910599061,14.478195202790383,1.6599943788346132,,
1993-05-07,623.4130257780326,1319.718866699589,99.99617243171399,10.410925,2.5232909,15.499618,1.1950891,13.867017492227305,1.1463728970979281,14.954872355506605,1.6127118200061996,,
1993-05-08,382.4936728556466,938.1824382908688,99.99617243171399,10.664904,2.5714338,16.178606,1.236242,14.58172981108526,1.151465632837825,15.70374548008413,1.6178079168428408,,
1993-05-09,307.11236827830686,799.6530119925707,99.99617243171399,11.760986,2.8953543,18.133722,1.2788249,16.365374583865762,1.2244197241428385,17.572642375918903,1.6907729443645652,,
1993-05-10,234.83839758176185,690.4024604953579,99.99617243171399,11.911264,2.9132905,20.393991,1.3618402,18.24096287206581,1.2567400890802611,19.53787737291709,1.7231087336825341,,
1993-05-11,168.1454262964,636.189620495358,99.9802494669719,11.637302,2.8070967,21.59841,1.3827049,19.516050277355788,1.2411417580462554,20.873909597511684,1.707523185623094,,
1993-05-12,159.11535629640002,601.1804104953582,99.93344843739003,11.012989,2.6213415,21.901287,1.3420974,19.62257463967307,1.1946340701949874,20.98552546021241,1.6610166498400525,,
1993-05-13,192.5055962964,568.803040495358,99.82413835837403,9.803951,2.2602935,20.551224,1.2099769,17.833652983262407,1.0695382535929994,19.111099463748086,1.5359032066313145,,
1993-05-14,161.1789962964,554.5701304953581,99.66914799199402,8.935011,2.0570188,18.274393,1.1264193,16.17126478139131,0.9880710984056199,17.36925478841734,1.4544229520321361,,
1993-05-15,155.1801162964,519.1665304953582,99.52805865664234,9.626331,2.2743344,17.481651,1.0752949,15.673991294279077,0.9794119872187984,16.84821332846552,1.445760536474315,,
1993-05-16,174.51842629639998,499.04471049535806,99.34772182789798,9.379007,2.1723027,18.280682,1.0705092,15.974281363037827,0.9725545962551458,17.162856236020687,1.4389051071070553,,
1993-05-17,165.51689629640003,476.4292204953581,99.18845737077667,8.670269,1.9504884,18.778465,1.1024272,16.172207162868975,0.9603833101509223,17.370242212508266,1.426735170308015,,
1993-05-18,157.52194629639996,448.59244049535806,98.9806120011464,7.9265513,1.5796955,17.712433,1.0470394,15.169198223212708,0.8769590818194154,16.319292874150968,1.3433045659859997,,
1993-05-19,176.6581162964,471.31529049535806,98.7828488254594,7.851154,1.4842094,16.15715,1.0088909,13.892672026409858,0.8380034082068987,14.981753088727448,1.3043424416524787,,
1993-05-20,172.33629629639995,455.403470495358,98.68262577700476,8.129215,1.5300845,15.800689,1.0458462,13.694603705488245,0.8672458544907835,14.774217779128465,1.3335840540512212,,
1993-05-21,148.0751562964,450.391310495358,98.60424732394848,8.23237,1.4918625,16.340427,1.0929813,14.33429693452556,0.9015776653413387,15.444486157831852,1.3679187196192997,,
1993-05-22,146.13696629639998,421.6706204953581,98.49319229511735,8.179995,1.3791592,16.950232,1.0915403,14.69303060207863,0.8849189513473198,15.820366068424264,1.3512618113431996,,
1993-05-23,147.74123014905064,388.2831593295752,98.34435892398817,8.106655,1.2139121,18.575447,1.1194999,15.689995910986074,0.8772501094208779,16.864982911142064,1.343598760622248,,
1993-05-24,155.6234962964,366.356130495358,98.18683986794355,7.52583,1.141627,19.626163,1.1686602,16.018558628689046,0.8880505649003514,17.209249803615776,1.3544013737103116,,
1993-05-25,141.0575762964,346.59280049535795,98.02253285399638,8.127628,1.1650623,20.873377,1.273888,17.186546117034833,0.9660892144090235,18.433063101338995,1.432448692663981,,
1993-05-26,180.53506696446172,364.4494967736969,97.81073774433794,7.7706585,0.96161205,22.299967,1.2847478,17.486895351278964,0.9163076296781573,18.7477680022875,1.3826695894585683,,
1993-05-27,204.19445801044412,379.684915066827,97.5367842299222,7.4689884,0.81798947,21.889906,1.2096075,16.846618615527234,0.83698731980606,18.076888227243366,1.3033441139822293,,
1993-05-28,214.2859537608548,375.4033165841104,97.2413573506482,7.0450206,0.7326453,23.25061,1.2630311,17.361694892133443,0.8469915432286008,18.616583389171183,1.313352456047726,,
1993-05-29,208.2742609706003,374.3528000512784,96.94149253427041,7.069037,0.66558385,22.47994,1.2513213,16.970936898344963,0.8384723760252232,18.20714849901899,1.304830136496316,,
1993-05-30,224.59824472536548,373.37238981532505,96.65498727793272,7.0928755,0.6314838,22.063507,1.1994797,16.440525974586347,0.7856140757467582,17.651385746223752,1.2519678366291007,,
1993-05-31,227.006814698292,360.0596848226576,96.41449042387228,6.5170884,0.5942773,20.723944,1.1194189,15.2304383399759,0.7239981323503432,16.383460059156572,1.190343972832349,,
1993-06-01,180.41809000000114,339.31628049535806,96.31454263256315,6.797135,0.6271528,18.428595,1.0699698,14.390905599513326,0.7316845242450751,15.503800523498994,1.1980258536875201,1.1366196897884064e-12,4859.999999999999
1993-06-02,191.13213775018474,321.94138160041683,96.15557149037151,6.8122387,0.6464278,19.867151,1.113403,15.003884588073019,0.7389712333727166,16.146077812347993,1.205315777106105,1.1280721393871093e-12,4859.999999999998
1993-06-03,237.3451437054581,370.4021870855854,95.92120752741128,6.9831824,0.6532141,21.954279,1.3215566,16.107577736537785,0.8448783574571307,17.302523720523084,1.3112297720946218,1.117603336851511e-12,4859.999999999997
1993-06-04,233.3342654137029,359.8476430364095,95.69649398156396,6.9598174,0.6318305,22.627842,1.3966826,16.464661743807667,0.882983110785805,17.676675122709852,1.349337046678039,1.110554093681824e-12,4859.999999999996
1993-06-05,236.55350586335243,348.424147467366,95.42906550343162,6.6059523,0.67245084,21.732874,1.2706815,15.615843069823304,0.8042106373152679,16.78728581765052,1.2705588186451362,1.1095608085684158e-12,4859.999999999995
1993-06-06,190.47381353483073,346.3203873998451,95.3007357712901,6.819265,0.75947064,18.864075,1.0952209,14.590144669425582,0.7562428279287235,15.712562539888365,1.2225851549862439,1.1346722201605066e-12,4859.9999999999945
1993-06-07,224.9381676932617,394.5685651742864,95.03223498665947,7.2475095,0.84600055,21.635828,1.0820181,16.411539343723927,0.7545057858114946,17.62101365349195,1.220859337390549,1.1237355903440726e-12,4859.999999999994
1993-06-08,247.64834282065937,392.7836895088512,94.71715926005676,7.3892417,0.86763525,25.170752,1.3912448,18.294828395724693,0.9168560984472516,19.594317484476786,1.3832252454511138,1.4572869497264274e-08,4859.999999985421
1993-06-09,334.7399591512655,334.1882307302008,94.49522158546216,7.773518,0.99760777,30.364819,4.3435817,19.05985173686297,2.226682245606408,20.395906326220008,2.6930588861300992,6.4458494554934066e-06,4859.999993539572
1993-06-10,292.5419513847846,343.2542214150207,94.34182843172896,7.816204,1.024168,29.692314,2.6292293,19.62669846104728,1.495648200456254,20.989846386151733,1.962030824961591,0.000307969452610544,4859.999685570119
1993-06-11,270.5980722917035,372.978770491464,94.07169288540909,7.7856326,1.0100358,29.460049,2.1854951,20.34683201607468,1.3358833104168328,21.74439986345603,1.802274066941009,0.019197994609066866,4859.98048757551
1993-06-12,281.31950461177706,403.126697491969,93.91734767283435,7.696348,0.9274593,28.683022,1.8698852,20.057127306301314,1.1654361016101649,21.44084825886151,1.631823515392483,0.0040260568783061675,4859.976461518631
1993-06-13,242.6737750508596,423.4776409201545,93.68605484269654,7.733623,0.8190674,27.737299,1.6896051,20.45011554393688,1.1147694292589234,21.852619990892972,1.5811614007181156,0.03215155663165675,4859.944309961999
1993-06-14,290.13404545706965,416.042639490545,93.28531420158934,7.5351796,0.7266781,29.632742,1.8554815,20.553916068664105,1.1331904785962044,21.96138182587781,1.599583683360083,0.05292572340574245,4859.891384238594
1993-06-15,309.97985951994923,405.7250111070002,92.88535183784468,7.2722826,0.6489358,29.931585,1.8634763,20.117585492140194,1.0931339932115507,21.504196139317518,1.5595220966639805,0.00558074419557574,4859.885803494398
1993-06-16,318.10377366822337,401.50587573236106,92.49836420174987,7.337669,0.6351516,29.140799,1.7999673,19.50271515428353,1.0427998528673414,20.859937101140407,1.509181137137692,0.00013497347764110517,4859.88566852092
1993-06-17,313.74101787492117,428.92958086158177,92.07089291659759,7.242517,0.6410955,29.179785,1.7088751,19.91239121632165,1.023445970077224,21.289194278536392,1.4898317497769136,0.0017145306447764162,4859.883953990276
1993-06-18,314.1056736313812,435.8786531867882,91.57501511392819,7.5879283,0.66758275,30.303682,1.8329656,20.789953883664754,1.1013697191907017,22.208701441580587,1.5677657742904376,0.1569270308562894,4859.727026959419
1993-06-19,321.0616210295648,435.7358101346705,91.14184730138034,7.4932656,0.64242256,31.982018,2.1846752,21.592978053590148,1.2870416763672694,23.05010742182761,1.7534479055663388,3.702007667921384,4856.025019291498
1993-06-20,324.3054793543079,437.4578820380406,90.74601503653076,7.481931,0.6088906,31.486155,2.678115,21.266837700769745,1.5596541598895732,22.708378674997416,2.026056168072222,1.1181870400601543,4854.906832251438
1993-06-21,180.7203872493116,285.6534510336485,90.60602513683111,7.403771,0.55973613,29.32046,4.865463,20.82771792673499,2.987973222357116,22.248270476819656,3.454369739397161,0.18875071102112181,4854.718081540416
1993-06-22,169.99324043030916,293.19229049535807,90.47803530390269,7.2987623,0.5850602,28.82115,3.0757933,20.922240750914867,1.9587543116854442,22.34731116888522,2.4251519921029914,0.28368043030915585,4854.4344011101075
1993-06-23,234.27719164451705,350.4873579117127,90.2364415460184,7.429045,0.6361972,28.3053,1.7094857,19.94153985973833,1.0558324576373628,21.319736127468737,1.5222185645015567,0.002058587657262442,4854.43234252245
1993-06-24,282.8341516599199,399.78195791101103,89.9140412518452,7.5894356,0.66269475,27.998392,1.3989766,19.542175170217522,0.864112474838468,20.90128317094873,1.3304941837569824,0.0001760643358457639,4854.432166458115
1993-06-25,293.22371124296296,434.7035456799871,89.50443394335194,7.7390018,0.67154604,27.972033,1.3693087,19.821761591640854,0.8613064854777229,21.194232867597727,1.3276912541560395,0.001013343609389345,4854.431153114506
1993-06-26,294.23053073241715,429.2887575177389,89.11047727717123,7.7570653,0.66978115,28.988834,1.5110483,20.354600591212762,0.9370182276030811,21.75253974993017,1.4034090750856387,0.019751118555628572,4854.411401995951
1993-06-27,200.33215848663286,467.4766977357417,88.85377499339995,7.833404,0.6740274,27.28085,1.4056928,21.446921565218545,1.0045664694846868,22.897069932580976,1.4709707933373448,2.23841787872758,4852.172984117223
1993-06-28,298.9911032215558,448.52512255391537,88.43149976986282,7.945439,0.6796455,30.429838,1.8133799,21.436541278395698,1.1215102522980207,22.88619350353123,1.587914441665254,2.117520957446152,4850.055463159777
1993-06-29,331.1663972011958,458.12429128248186,87.98196836915665,7.7550015,0.65018696,31.410208,1.9242187,21.485081900924445,1.1496994423533162,22.937054201889037,1.6161042616643324,2.4973992400749863,4847.558063919702
1993-06-30,307.2434424496922,453.2527212631047,87.55248804371696,7.8919106,0.6690768,29.879082,1.624094,20.996178059641316,1.004988318785836,22.42478242822675,1.4713869163365185,0.3832883605535185,4847.174775559149
1993-07-01,312.3335220522871,459.9747661425551,87.03283344997433,8.06275,0.6900676,29.762177,1.6032895,20.986589800412954,0.9948393135735334,22.414735882983095,1.4612377918368344,0.36846732146495703,4846.806308237684
1993-07-02,324.2634205172936,460.38413602632426,86.74272261537982,7.1469693,0.6862714,28.500227,1.7815261,19.67578049656301,1.0830838394788285,21.04127437518657,1.549466999407496,0.0004142752420434478,4846.805893962442
1993-07-03,290.6691698636939,428.1824846354478,86.52583985952819,7.6891775,0.6979965,26.63098,1.3682193,18.971822275372308,0.8624643554262242,20.30366935738375,1.328840099615391,3.344232213098352e-06,4846.80589061821
1993-07-04,283.93994008281703,408.98814790183343,86.07435133392208,8.216269,0.7289413,28.30002,1.5749527,20.070336146626687,0.9763974943478457,21.45468843660227,1.4427850584517674,0.0043724036250742575,4846.801518214585
1993-07-05,374.99372242540204,479.75679705954224,85.48873989673078,8.283237,0.7326187,32.941162,2.3510566,22.123307376572125,1.3581864752762338,23.605784673608028,1.8245998278040532,25.63432289604746,4821.167195318537
1993-07-06,446.1214304106622,564.8803822380639,84.91978188514128,8.1783905,0.71361804,34.659767,2.518784,22.974417548512395,1.4421279444727013,24.497575002392466,1.9085534010644982,44.10114513536629,4777.066050183171
1993-07-07,476.06041168316506,599.9766526341795,84.26647219268528,8.058729,0.68516105,33.627846,2.170691,22.315554975107617,1.2477158408772324,23.807221050187973,1.714131855056875,39.28531697199287,4737.780733211178
1993-07-08,445.74923707879105,538.5551526168999,83.63648848893781,8.102509,0.6700483,33.244873,2.0981994,21.85897462721305,1.1874391043626429,23.32881772240589,1.6538488662101767,10.63043784588754,4727.150295365291
1993-07-09,492.32082342500723,591.1779959316939,82.98676784842553,8.471366,0.71595556,34.482063,2.4989119,22.663307503669,1.4017274051219244,24.17159496088204,1.868148341239828,52.658062751107806,4674.492232614183
1993-07-10,466.7538939125201,598.0367396515634,82.30950295918076,8.447746,0.726121,35.92988,2.880488,23.883010334192697,1.6488325015241139,25.449595417359223,2.1152717934781577,27.410515766514713,4647.081716847669
1993-07-11,496.05980408796773,632.715179010961,81.62909380145192,8.457809,0.73088413,35.745197,2.7544262,23.75327997641269,1.5770027440502907,25.313664391938374,2.0434400028221575,32.174810123861334,4614.906906723807
1993-07-12,546.2982484302086,652.11730481951,80.88218155721194,8.110788,0.6954569,33.854534,2.2651274,22.119236486743826,1.2726855646284367,23.601519209161577,1.739098861251933,29.710289696256797,4585.19661702755
1993-07-13,595.8410744863728,649.18531881951,80.1124207324853,8.399122,0.71210426,34.55322,2.4122036,22.036468107451835,1.3031303129137877,23.51479478426898,1.769542477011981,22.33971720658572,4562.856899820964
1993-07-14,647.5020556307172,638.15020181951,79.34263640247995,8.398136,0.7224775,35.998928,2.9363866,22.09814781717113,1.5022465485385594,23.579422573271316,1.9686595558608817,28.103267206581048,4534.753632614383
1993-07-15,414.187278447998,573.3261567918307,78.67837244704174,8.399908,0.7366932,30.86637,2.4031093,21.44338614551911,1.4289921034372792,22.893365531905133,1.895396381471742,3.1095366805686346,4531.644095933814
1993-07-16,351.62801224107784,474.3019500389757,78.07610883528969,8.529249,0.76337653,29.09778,2.3368506,20.34101874261431,1.3807624599186221,21.73830873539594,1.8471531484232075,0.026593552437390127,4531.617502381377
1993-07-17,457.2816074481709,607.3995286995915,77.40439339756036,8.419432,0.75717705,27.963493,2.1776192,19.569299415416765,1.2841897215873288,20.9297038623489,1.750571723435382,0.00030086494644267025,4531.61720151643
1993-07-18,535.9262888717958,623.13873081951,76.71375640124856,8.476547,0.7508293,29.024145,2.4853415,19.523385727408026,1.3805383120798849,20.881595657001437,1.8469198185741473,0.00022370356289567214,4531.616977812867
1993-07-19,450.89787592969634,562.1377448784978,76.05342688071359,8.049181,0.7831403,24.416374,1.5589929,17.13140563568092,0.9326770334862857,18.37528709346467,1.399036067371223,3.875443701418631e-10,4531.6169778124795
1993-07-20,354.7137425679547,441.5573829094445,75.48731225765529,8.757008,0.81011206,25.313229,2.0493495,17.937952864112688,1.1923524164447288,19.220384522371702,1.6587182967123644,1.2601857059130066e-09,4531.616977811219
1993-07-21,357.7276022115456,460.3514670382794,74.85890910736506,8.636452,0.8356231,26.382935,2.3684173,18.622796221918048,1.381944291284027,19.937961051660253,1.8483165688298646,3.172524097929653e-07,4531.616977493966
1993-07-22,369.5962607483279,469.8923732097808,74.2317145176176,8.633734,0.85622805,25.414528,2.2409325,18.026555600162368,1.3097522406053739,19.313222166331258,1.7761189183265693,2.310391106150238e-09,4531.616977491656
1993-07-23,383.82674026894847,492.7769443138352,73.59091912877732,8.588837,0.9118849,23.754652,1.9897666,17.11419913338225,1.1876611063346063,18.357258179173613,1.6540200022663436,3.9508865517678285e-10,4531.616977491261
1993-07-24,414.9481736946507,533.1640552507388,72.95806933595225,8.872137,0.8628274,24.675549,2.2876337,17.75907122817441,1.3407132212666732,19.032952955711856,1.807077518898845,5.567649890572444e-10,4531.616977490705
1993-07-25,430.3354056862585,556.0512653037854,72.31320688506496,8.85376,0.8233934,26.24294,2.4663532,18.65648364485958,1.4360032019798716,19.973258618263696,1.9023758080469606,4.209875240933075e-07,4531.616977069717
1993-07-26,439.44160657072365,570.8978444653754,71.65160030740263,8.57161,0.84843117,24.580662,2.0155635,17.617612646172862,1.1971972148507473,18.88473313704261,1.66356028685329,4.3197237582871683e-10,4531.616977069285
1993-07-27,435.2055148830959,568.0284049074099,71.00870362799114,8.749014,0.8718099,23.35551,1.7896938,17.019173951286906,1.0815949335676927,18.257691118201443,1.547953073732675,3.9779154623750954e-10,4531.6169770688875
1993-07-28,435.34995915858065,578.0373958112496,70.35940879746931,8.894421,0.8612441,24.437393,2.1555037,17.760151324287975,1.2839654551931146,19.034084676727527,1.7503297622715137,5.5893044696582e-10,4531.616977068328
1993-07-29,447.27681968785413,594.8478321391916,69.77197869446336,8.817511,0.87041605,25.11926,2.2442286,18.122597802914925,1.3343742203535636,19.413854858071538,1.800741772625332,5.001154430763725e-09,4531.616977063327
1993-07-30,596.5435192536802,608.11663481951,69.12481232216801,8.577568,0.9085697,24.814255,1.9780679,16.773903964552314,1.0952176760234222,18.000698064514445,1.5615739131989845,3.969179921825191e-10,4531.61697706293
1993-07-31,444.02357967692956,591.6345307694137,68.54491047669687,8.933842,1.003638,21.171865,1.6880051,15.92498807934149,1.0559465076220746,17.11120690186433,1.522296689398748,4.0718253279193695e-10,4531.616977062523
1993-08-01,364.7315203952513,471.8562151686531,67.93558944174804,9.131102,1.0041909,22.939756,2.1613579,16.919525113077587,1.2952901991898746,18.153279406158234,1.7616475579067952,4.036237395495262e-10,4531.616977062119
1993-08-02,363.9929181230887,461.728333771991,67.31166470740807,9.053663,0.99959683,24.247377,2.2050555,17.549712372565686,1.3093966643830275,18.813587462462483,1.7757591562100257,4.1959654276692067e-10,4531.6169770617
1993-08-03,373.92126874725665,475.7162851673568,66.66704027072261,9.0938835,0.9531176,25.196287,2.4676585,18.109699266601318,1.4439242370639889,19.40033981581358,1.9102916712698228,4.526967059573212e-09,4531.616977057173
1993-08-04,374.11709120265084,474.2024645538508,66.03087262054616,9.045958,1.0011833,24.71689,2.1747139,17.80585811323064,1.2933447205170423,19.08197609394081,1.7597094285573234,6.479925221384951e-10,4531.616977056526
1993-08-05,383.3557488945463,478.4710271550954,65.39092464013223,9.142811,1.0167738,22.148298,1.8288714,16.363228088629047,1.1115333142093866,17.5703932855473,1.577886519083486,4.073415112831382e-10,4531.616977056118
1993-08-06,370.2464754557163,454.8377382875348,64.79410225175529,9.311876,1.2493765,20.452618,1.7118375,15.453345874633198,1.097650011577064,16.6170218119992,1.5639971852285894,4.1520701773682637e-10,4531.616977055703
1993-08-07,360.2899325475491,458.859196511917,64.2091392071653,9.719994,1.3811729,18.574799,1.6285275,14.680151101179984,1.0960073357862552,15.806870971409033,1.562350128404763,4.252909042046455e-10,4531.616977055277
1993-08-08,343.08681681371024,458.7223155570279,63.63009777919856,9.631542,1.326829,20.028593,1.990403,15.579789802136876,1.27241002780662,16.74950932701061,1.7387579829560025,4.1887374696807553e-10,4531.616977054858
1993-08-09,358.9995608964001,473.4602708944713,63.00247378974249,9.51807,1.2556547,21.515081,1.7979416,16.341352196257517,1.1571033884885378,17.54747180029941,1.6234564372485996,4.125893223703621e-10,4531.616977054445
1993-08-10,374.1442676069117,481.1144460492831,62.37946686704302,9.392794,1.1505995,22.855068,1.7701045,16.965817653792065,1.1157382769263635,18.201784572075727,1.582095997257936,4.068647869004864e-10,4531.616977054038
1993-08-11,391.80510893647636,470.1387665623878,61.79924344904113,9.297924,1.1619465,23.527164,1.456332,17.05912257120237,0.953911460325582,18.299549145591342,1.4202699169571071,4.0504752032678905e-10,4531.6169770536335
1993-08-12,405.7716062999077,453.2229075942732,61.241766056207695,9.611111,1.3196337,23.890676,1.8746457,17.145298893856808,1.1691487708149038,18.38984440188964,1.6355079163361486,4.0882270543180037e-10,4531.616977053224
1993-08-13,381.58793623673984,467.1615095121065,60.65962104452145,9.737839,1.3391458,24.140795,1.7286954,17.665392281983266,1.1259761754478788,18.934796476118233,1.5923396588649477,4.726793556969862e-10,4531.616977052751
1993-08-14,372.7431026766168,459.3082596115535,60.12009057211878,9.867403,1.3930522,24.941057,1.7530634,18.18834832153262,1.151495813792974,19.482748026722255,1.6178639708646103,8.698479299562746e-09,4531.616977044053
1993-08-15,378.8974525015849,464.7451083410186,59.54169779951582,9.819206,1.3837453,26.585302,2.1074457,19.055299243451,1.3168233249260277,20.391136239184863,1.783199918878001,8.905637945866091e-06,4531.616968138415
1993-08-16,381.83766432506445,467.9855051606255,58.95541971926504,10.066195,1.5236769,26.078135,1.6225538,18.88374164257738,1.1256391830357126,20.211378771429807,1.592014039237844,2.458524719320844e-06,4531.61696567989
1993-08-17,312.89042769300374,398.9924118038165,58.49832670088454,10.362965,1.6607243,25.911024,1.8638791,19.07726057887642,1.2744045248946048,20.414147251372547,1.740781343728223,1.065277484305146e-05,4531.616955027115
1993-08-18,348.5762289038155,436.2894306127571,57.96832096562815,10.810093,1.7908927,27.782362,2.2542167,20.244601257274727,1.484184569832017,21.637282823843808,1.950574135815713,0.016539791424973145,4531.60041523569
1993-08-19,379.03857247637137,475.3266086903256,57.39726818003283,10.843727,1.8962748,27.962694,2.1840184,20.367875256557664,1.4778948788437287,21.766448898901384,1.94428588191243,0.031443267526293145,4531.568971968164
1993-08-20,380.82999698603874,473.35856703779353,56.81908222537297,11.074478,1.943038,28.136852,1.9652604,20.529792001062837,1.391589101279095,21.936104710309202,1.8579820183143512,0.07048150007374143,4531.4984904680905
1993-08-21,377.2622584884639,466.91115903707896,56.25221805442205,11.088804,1.9111215,26.741598,2.0315456,19.746343066934273,1.4113949719403065,21.1152095952155,1.877778906444459,0.0009607076740386322,4531.497529760417
1993-08-22,379.2443144061597,472.6722707692484,55.66776653288689,11.133028,1.9371159,25.469238,1.8445061,19.087244641991976,1.338268954748651,20.424608518576218,1.804645876000318,1.1581376475758538e-05,4531.4975181790405
1993-08-23,382.53469307359615,478.2158324420157,55.070220886800456,11.236637,1.9414387,24.667765,1.835544,18.69870382436414,1.335822994610644,20.017496778026114,1.8021960142431246,2.5078552336230786e-06,4531.497515671185
1993-08-24,382.43631746195996,477.9697755279523,54.47339508476091,11.22822,2.1545355,25.845274,1.8678161,19.34823455733368,1.4119926831288938,20.698072859721858,1.878372322087757,7.45743496416426e-05,4531.497441096835
1993-08-25,363.66282762144056,450.44243151756257,53.94076459163099,11.216288,2.0914001,27.501062,2.0215385,20.226613324973588,1.4573476481061438,21.618435129867347,1.9237370058454646,0.015282320107462673,4531.482158776727
1993-08-26,366.3313680146264,470.4376334388093,53.37124122771078,11.215782,2.133748,28.546137,2.0926218,20.959033926906105,1.5022444930776466,22.38586293291766,1.9686426291038577,0.49287245749385805,4530.9892863192335
1993-08-27,373.32616681767996,481.0233447211606,52.78093775029159,11.242796,2.0787888,28.703285,1.8998455,21.07355354068364,1.4033269555793728,22.505856192768046,1.8697265196036745,0.7873942090345852,4530.201892110199
1993-08-28,388.2612752068892,481.2283918568639,52.21855718615279,11.365595,2.0142531,28.908998,1.9279237,21.075179962124384,1.3955468568956415,22.507560351594012,1.8619464413085292,0.8305210940552227,4529.371371016144
1993-08-29,389.43211345425937,479.95431483616585,51.6177865540526,11.37904,1.964078,27.891426,1.9715565,20.49488377301174,1.3995292992801722,21.899527988285072,1.8659218011417662,0.15346281419169655,4529.217908201952
1993-08-30,402.80147347874197,475.6365306809744,50.98752133808285,11.52919,1.9601117,27.150213,1.9989902,19.987304620150447,1.4068945453128137,21.367688286989544,1.8732811678008483,13.260784952463789,4515.957123249488
1993-08-31,389.1636954300339,472.9163266773804,50.35839924958633,11.382269,2.1197894,27.548962,2.1708024,20.250926972304896,1.527686782566278,21.643910886429044,1.9940764218700266,0.0,4515.80622987111
1993-09-01,386.9783886242139,472.3492288327832,49.74151902448993,11.975826,1.9071286,26.577717,2.2700849,20.002091924247882,1.5147961103022896,21.383182373674966,1.9811828999082746,,
1993-09-02,385.4471041529849,468.8149543425501,49.127908713733305,11.633879,2.1174002,26.255474,2.087591,19.658140705221168,1.4917405146400131,21.022791462117198,1.9581234818236402,,
1993-09-03,413.5973056130071,417.2573023644294,48.60027595990854,12.091572,2.5229805,27.52783,1.9804542,19.843700088440443,1.6020536355082982,21.217219949551335,2.068438648060619,,
1993-09-04,418.19407861341153,364.9385814099539,48.19442733821918,13.475771,2.1723442,28.969036,10.092359,20.695608015728837,4.843976594256103,22.109846163662546,5.310371502415931,,
1993-09-05,374.9141703038279,427.35186201598265,47.73140218429563,12.613216,2.2439177,25.192982,2.5532875,19.314218208244863,1.7173974026320071,20.66243064542567,2.183776682962028,,
1993-09-06,379.1034620775133,465.9174049069798,47.267090758146274,12.683691,2.2958148,23.931906,1.8639294,18.885595874376918,1.4550053082087349,20.213321629170988,1.9213801830129391,,
1993-09-07,381.0746135145058,481.323108583745,46.78974071564823,13.078709,2.1915948,22.827913,1.8087617,18.519953866744874,1.3989075501682218,19.830203183458806,1.8652788328186227,,
1993-09-08,371.5182214538147,468.6187403496016,46.28866946295126,13.7568035,2.1591778,22.076456,1.6538596,18.397410078928274,1.327660258385642,19.701802221479557,1.7940303713405366,,
1993-09-09,375.7978673592437,462.5691391232799,45.802917365188456,13.411058,2.2395854,21.263842,1.8960811,17.743832900452023,1.449917197141404,19.01698628801396,1.9162813616454755,,
1993-09-10,326.1229228183528,409.2118931041288,45.429538773244026,13.409349,2.2287524,20.888802,2.0313551,17.571644902759996,1.5016495950936362,18.836568292627476,1.9680122737472192,,
1993-09-11,349.55984603352863,419.4065398143552,44.98698906599288,13.908905,2.0409248,20.018509,2.0032983,17.241180497868598,1.433388556470678,18.490308818818328,1.8997484784463228,,
1993-09-12,352.8631709735471,447.1558714443424,44.50182272353468,13.846033,2.0682704,17.741816,1.8527977,16.023508772867313,1.3800864619588369,17.214436547764542,1.8464373042194848,,
1993-09-13,350.7253319805029,436.0631339237204,43.99805551277154,13.474886,2.2269177,19.64285,2.2021794,16.893367827584324,1.5732436105031287,18.1258718918326,2.039600765975745,,
1993-09-14,328.3239541729931,474.6381015337904,43.48443885195806,13.162331,2.326934,21.964151,2.2083883,18.365166133185138,1.6153467684792409,19.668017125350314,2.0817165765152685,,
1993-09-15,339.2470407153066,468.9320732143807,43.026601549587205,13.404709,2.3113394,22.761084,1.8276219,18.83358487414161,1.437317502888571,20.158824680915142,1.903691857398119,,
1993-09-16,300.41383475948845,426.2247198391973,42.66967694146394,13.895828,2.1252549,21.514763,1.3933959,18.364870328814522,1.200014055912213,19.66770718254194,1.6663838611564334,,
1993-09-17,292.64367368665205,407.5530722591427,42.29508751266478,13.679842,2.1346588,20.569166,1.5623754,17.68980812970157,1.273952320958065,18.960379317896074,1.7403160156197308,,
1993-09-18,279.738653024259,433.2027389637524,41.91934308509288,14.343262,2.0790148,18.465733,1.6781417,16.848188050791467,1.3058341400048838,18.078532676148384,1.7721909462697272,,
1993-09-19,295.9621270695743,482.5396149684976,41.46480672102594,13.991983,1.8976572,17.491678,1.1752813,16.161203213468006,1.0252505447587696,17.358712311941048,1.4916023287232851,,
1993-09-20,325.3889085862461,491.8894023001336,40.982124286134116,13.857006,1.8101782,14.305646,1.1292031,14.127025715524049,0.990604896129607,15.227308083083287,1.4569449741769795,,
1993-09-21,337.8970703129062,476.5890304785897,40.52362807485929,14.132086,1.9653057,12.6717005,1.3712846,13.277554796716302,1.1439371453196983,14.3372353581276,1.6102737357697963,,
1993-09-22,349.2221025105917,445.3195676626602,40.09277036982203,13.830215,2.144846,16.065039,1.9912035,15.082774697471839,1.4608929630696172,16.22873859930373,1.9272379516928566,,
1993-09-23,340.30784466448006,457.9412598045159,39.63279322377409,14.625454,2.1159418,17.183336,1.4345773,16.09286536282895,1.221078992160908,17.2871081456427,1.6874303060468947,,
1993-09-24,332.6320754000903,463.5001665561465,39.247828084473426,14.202629,2.014884,17.198372,2.0440643,15.946720350314477,1.457694309489539,17.13397790110177,1.92404463600539,,
1993-09-25,336.48852556751115,479.4683879142689,38.82333876092465,13.998516,2.0683048,14.527675,1.5547662,14.309457522161562,1.2498700786838974,15.418459506466139,1.7162110133788928,,
1993-09-26,288.86467542823823,314.40327760051616,38.57644101414801,13.971394,2.1799555,14.712559,2.6918147,14.357664320677685,1.7486213511996442,15.468970425164635,2.2149625186180515,,
1993-09-27,286.9663520988,296.85631049535806,38.3691229314905,14.530596,2.1226616,19.574892,11.330241,17.095469111871243,5.854802609670821,18.337632926659754,6.3211613558194015,,
1993-09-28,340.4878820988,311.4262704953579,38.20831065385516,14.549797,1.9953624,17.433521,3.9490497,15.927382547096594,2.155222294611445,17.113715816993047,2.6215724923090447,,
1993-09-29,218.08594185587057,181.41550239829743,38.01693420278551,14.103043,1.7884324,12.449551,1.3849634,13.352184047540709,1.1613327501712696,14.41543163203408,1.6276696139515234,,
1993-09-30,289.21764206332034,316.1748366207852,37.66174898513953,13.874502,1.7291147,10.548263,1.6445436,12.137326226481223,1.1916629919735506,13.142507759911663,1.657996198495561,,
1993-10-01,263.3129805848538,356.3176962884815,37.32317591206703,13.67024,1.7256176,10.775788,1.7236985,12.00579004330263,1.2329769793163246,13.004684596811082,1.6993098911355786,,
1993-10-02,268.3098133500344,387.068020245611,36.97011609621488,14.094906,1.9174788,9.573238,1.9601065,11.424396125666275,1.398707256059608,12.395502037307395,1.8650391023254111,,
1993-10-03,267.3333897696233,320.158601985721,36.69888333177577,14.110706,1.8345379,11.290685,2.4668872,12.57391230476793,1.582452180243716,13.599961160345625,2.048786506769187,,
1993-10-04,272.5816111159803,383.0142272391968,36.37741954685234,14.311277,1.8964207,10.482232,2.6567767,12.074260710650268,1.7409433270417711,13.076427928002671,2.2072763897979777,,
1993-10-05,281.1607390779746,415.2600450163445,36.013204585825896,14.075102,1.7675331,11.229732,1.7494189,12.378471563939529,1.263864691090294,13.395179020186378,1.7301984892861282,,
1993-10-06,280.766869256944,419.4320839932578,35.79033387231644,13.993353,1.7894537,10.322281,1.7572111,11.794313067242586,1.2739039665633791,12.783099744193246,1.7402364460589825,,
1993-10-07,278.9232452881971,420.5053051174214,35.558771842131996,14.005934,1.953214,11.18704,1.8751273,12.31117931914682,1.3702665619152121,13.324670436119609,1.8366001883124992,,
1993-10-08,262.4495769834896,405.75903012974777,35.229768474185114,14.028599,2.0026932,13.305928,1.7049536,13.589768605086665,1.3002236378651224,14.664371919288552,1.7665614142199475,,
1993-10-09,271.5614916545222,423.675623116982,34.85407794269324,14.494804,1.8855675,14.705615,1.3996242,14.62327183090409,1.1269110806627693,15.74727306644601,1.593253577994032,,
1993-10-10,297.17373258049594,422.464017869564,34.47028214540678,13.27289,1.4720366,12.69564,0.8584781,12.934014653653545,0.7896198751615939,13.977275170559674,1.2559552895471329,,
1993-10-11,292.4330660455321,438.8711915665099,34.05450216904803,12.904968,1.3426744,8.283922,1.1176257,10.131780532693178,0.8591403966733632,11.041103837575541,1.3254712592132227,,
1993-10-12,253.86965209879995,550.5219504953582,33.86407948785781,12.638914,1.3845468,6.440047,1.5606945,8.39643753663995,1.1540574025647015,9.222817378284246,1.6203899494633245,,
1993-10-13,282.2288520988,669.267060495358,33.714392606519844,12.700348,1.2566397,5.195154,1.222482,7.421314258234189,0.9371864769280372,8.201086540462864,1.4035214818134514,,
1993-10-14,186.0629520988,454.1109604953581,33.517286096979014,12.235241,1.1558092,6.237106,1.4398816,7.980430121189905,1.0752126152378763,8.786926230425896,1.5415460777465668,,
1993-10-15,218.2797580933417,403.6679487253697,33.309357800083426,12.582319,1.2622652,6.6795425,1.6450831,8.751190463006893,1.1559780903553372,9.594526281869314,1.622310012831458,,
1993-10-16,201.3711349729282,403.68715344876136,33.084574274487196,12.853708,1.3303099,8.895003,1.8054457,10.212510943658243,1.2833596042820286,11.125692886221632,1.749690472309258,,
1993-10-17,215.65847813311,410.2171680366141,32.82297306023985,13.232693,1.3692902,11.17369,1.7259662,11.883162130350508,1.2256978275411747,12.876195488802399,1.6920304824405727,,
1993-10-18,220.605908501418,405.1840952219651,32.56521854724045,12.698048,1.2243782,11.398435,1.2570955,11.85657923162076,0.9213008322512137,12.848342018382462,1.3876334337246694,,
1993-10-19,230.73688578891995,402.8227591582945,32.28979613949347,12.33062,1.1910635,9.472572,1.1963781,10.513448243341713,0.8756574399803857,11.441013960127275,1.341988394148893,,
1993-10-20,287.973159506,309.89812049535806,32.158145840418776,12.578154,1.2565205,8.506046,2.0542743,10.467434387538775,1.2247856978239031,11.392800799307455,1.6911166321129856,,
1993-10-21,474.138369506,423.85726049535793,32.080127593781306,13.030039,1.360693,9.900719,3.1865292,11.552988144937544,1.6668336178119423,12.530240315530001,2.133165666456647,,
1993-10-22,373.76442950600006,525.3415904953578,32.0625640369518,12.203409,1.1345307,10.699482,1.1667669,11.324674645449084,0.8289740977872253,12.291014211216648,1.2953058001313165,,
1993-10-23,253.117249506,491.6974604953579,32.002677405897785,11.40271,1.0047483,8.62663,0.9386061,9.570050733781787,0.7074832590306266,10.452525274453444,1.1738142897774857,,
1993-10-24,225.118694506,424.715410495358,31.91949877705943,11.389595,1.0234432,8.035194,1.2542173,9.197242196459815,0.8931138989614449,10.061897763429712,1.359445240592168,,
1993-10-25,205.25706488183909,404.30392475732697,31.812155460393228,11.477732,1.0529104,8.7809925,1.3166173,9.689063696364768,0.9425017286106869,10.57722664982243,1.4088326935874487,,
1993-10-26,199.71151854524368,409.0998048054821,31.66435887045858,11.375406,1.0401998,9.238487,1.1863271,9.939471812179145,0.8671289928444721,10.839603417595411,1.333459872341477,,
1993-10-27,207.3444398424262,407.5655439890312,31.485694629466142,11.297108,1.0493844,9.162804,1.1396251,9.8824798442043,0.8341225403690459,10.779887428368665,1.3004534330168975,,
1993-10-28,212.35531657988145,404.8879697214364,31.303680721184225,10.684114,0.96600926,8.603365,0.9169651,9.319222420903314,0.6872028041727034,10.189708225633073,1.1535340265869527,,
1993-10-29,222.1493111189224,414.1769542081058,31.111729244829633,10.46892,0.93305266,7.7191105,0.9948317,8.679102661530598,0.7248404068755446,9.518992929902273,1.1911724445847218,,
1993-10-30,225.46117962302816,346.88330746072995,30.963670858944603,9.90374,0.9503058,6.702137,1.0899118,7.9633305418355445,0.7592676498888863,8.769009349630386,1.225601154268158,,
1993-10-31,438.872389506,383.5267004953582,30.92014540034258,9.345615,1.0340655,4.1822543,2.2825377,6.937676395184242,1.1989985618646275,7.694332440792458,1.665335189318178,,
1993-11-01,521.138799506,560.421800495358,30.983239350230672,8.730217,1.0268105,2.6700022,3.3493297,5.590054083867743,1.8046358310088837,6.282298389611448,2.270978390905345,,
1993-11-02,390.882519506,531.6922804953582,31.035519633557218,8.63587,0.90596324,1.0672379,2.000059,4.27396536765776,1.214892431380411,4.903305131590843,1.6812427896133637,,
1993-11-03,352.240739506,476.559410495358,31.066441390565057,8.905179,0.9369585,1.9579391,3.3915312,4.9105217595366435,1.9903687617378545,5.570286743042367,2.4567151007747556,,
1993-11-04,344.09836950600004,451.4563704953581,31.108816644130055,8.8736,0.92333585,3.2974992,2.2598457,5.709309588404846,1.3431497880377452,6.407253899610875,1.809491739182166,,
1993-11-05,290.32970950600003,519.913370495358,31.257758773837697,9.130928,0.99651897,4.324268,1.8991383,6.046610562166026,1.2698683531763322,6.760676706912141,1.7362086705962554,,
1993-11-06,32.315789505999994,704.2364304953579,31.72168553186384,8.277046,0.88477296,6.194813,0.81610173,6.286169524886102,0.7812607724071161,7.011685769158889,1.247600008543719,,
1993-11-07,32.315789505999994,539.2015804953579,32.06027846127393,6.99778,0.839014,5.131348,0.8430071,5.236883358320744,0.7967538620824631,5.912247310637032,1.2630983201860553,,
1993-11-08,78.48662543086344,512.7614728620802,32.39465109879462,7.148252,0.86036754,3.7097988,0.8715794,4.166244404744285,0.7644593767677905,4.790435474875794,1.230810460992763,,
1993-11-09,55.52627354119779,484.7503481708086,32.679210399608586,7.334609,0.870525,3.4921575,0.90774405,3.8870607523218026,0.8193509973827687,4.4979077982090905,1.2857040249489,,
1993-11-10,62.66338099038636,484.2253251879535,32.917333653326175,7.120054,0.854756,3.6654692,0.9635163,4.061300987711183,0.8587184578283551,4.680476121239635,1.3250702620875214,,
1993-11-11,79.1793747739982,489.178106456509,33.040876633303114,7.3485923,0.87865484,3.6599298,1.02901,4.173807025796678,0.8940750283715906,4.798359563362965,1.3604260611946883,,
1993-11-12,98.4463173757154,485.87512563191126,33.14068016567417,7.1680126,0.8886477,4.0168114,1.0310903,4.547724897820657,0.870346655015459,5.190149431495387,1.3366952279466255,,
1993-11-13,120.21642590848626,488.4575146651392,33.235844174968015,6.8019285,0.9628326,3.917469,1.0122406,4.487165520791017,0.8342796265096608,5.126695523255604,1.3006285869912175,,
1993-11-14,168.03413950600003,427.463100495358,33.40160635149353,8.252901,1.1340514,5.068549,1.7624283,5.9670920863660974,1.3049592547990478,6.677357519789288,1.771299945646315,,
1993-11-15,87.9091124307221,439.86966545012194,33.71849747497792,8.6809025,1.131954,7.6187654,1.3739246,7.795679500804059,1.1604963068570526,8.59334516192401,1.6268302394652452,,
1993-11-16,175.42834991865374,491.852407277301,33.84413438433697,7.504342,1.0129039,8.17204,0.9102044,7.996501967038274,0.721826778273954,8.803766255566961,1.1881602017334894,,
1993-11-17,178.63465231847414,447.52888995769786,34.047412729258745,6.820257,1.087919,5.8616223,1.338443,6.135105844093807,1.0056950982756432,6.853401760810082,1.4720350086147522,,
1993-11-18,442.4178259570463,28.91665872719395,35.58924611071027,6.9740267,1.1100292,4.59878,9.414758,6.828303853883483,1.1913175698273384,7.57973226588885,1.6576546013083644,,
1993-11-19,530.8903294242548,29.08914283716135,36.35597175604143,6.6942024,1.1240621,6.766934,44.34383,6.697980591669394,2.538081746639919,7.443179997228714,3.004419277405338,,
1993-11-20,478.0497762447138,106.50091047388234,37.00766286968974,6.0117116,1.0525562,7.1369524,6.869307,6.216722339401629,1.5189811174067853,6.9389192456015865,1.9853206602473041,,
1993-11-21,405.1390778182419,191.62080085298592,37.32206328006351,5.864387,0.9630073,4.301151,2.3087234,5.362428726374011,0.9884390865434698,6.043793318127874,1.4547828535293825,,
1993-11-22,291.05373837459035,280.6172361083627,37.605181272038216,6.5564847,0.93321645,3.2939968,2.017081,4.955020964117464,1.098225728693435,5.61691285748923,1.564571804093898,,
1993-11-23,242.1834889559377,333.53927088390816,37.66351981509715,6.652415,0.934123,3.541017,1.9026035,4.849857375101239,1.1702021546006314,5.506722808401775,1.6365488566930169,,
1993-11-24,233.7246697385869,379.8531253072064,37.65490472766055,6.55654,0.9442676,3.8181286,1.689875,4.861247015858429,1.106273678322993,5.518656835053618,1.57262031193137,,
1993-11-25,212.11029251547671,428.6369992780941,37.75711562174307,4.7023087,0.86102575,2.8726559,1.3559644,3.478336442860832,0.9508194143066943,4.069647863910043,1.4171754476922958,,
1993-11-26,219.4846065366951,462.2881463491166,37.7852210345483,5.1527047,0.8530913,1.0707415,1.1291411,2.384856947316944,0.813401202809067,2.9239037863518194,1.279766217045075,,
1993-11-27,207.5202102347019,481.4059345194829,37.721629648452954,5.250357,1.0253954,1.0080482,1.4670026,2.2859280437494074,1.070630090145457,2.8202464193652936,1.5369959843424827,,
1993-11-28,2231.2591420988,4387.292430495358,39.7287328757302,6.4130855,1.4403473,0.0010691881,2.7067528,2.1627007430707783,1.858790714682569,2.6911292749456805,2.325157720624357,,
1993-11-29,1154.0643474071996,5377.702630495359,41.83701576778616,5.216462,0.99584866,3.6457973,1.6553055,3.923309960768261,1.3741493648841219,4.5358895949075695,1.8405021350913473,,
1993-11-30,603.2730474072001,3392.257230495358,43.19026917839787,4.161819,0.9089378,2.100731,0.91839945,2.411928360071037,0.7917183348678843,2.9522691200965627,1.2580831102571324,,
1993-12-01,180.7003474072,2205.5298304953585,44.29920535875206,3.9740963,0.93041366,1.5383035,0.81062406,1.7227570354102608,0.7525440094455628,2.2301577619313218,1.2189151261763838,,
1993-12-02,77.63118740719995,1787.0701304953582,45.23617184213656,4.1996,0.8730267,1.5516123,0.7368181,1.6618532106175505,0.7070776355002911,2.1663429425028298,1.1734493387504925,,
1993-12-03,38.7789474072,1702.228430495359,46.23467960033818,4.5935583,0.86680526,2.885872,0.67566675,2.9239086484951815,0.6608991242825608,3.4887203161903177,1.1272595403505896,,
1993-12-04,221.36034740720004,1719.682780495358,47.1561567420299,3.9182239,1.069897,3.1676397,0.80585706,3.253237811246757,0.7243063786240319,3.8337902871659932,1.1906641489985461,,
1993-12-05,1313.5189474072,4920.551830495358,48.81629783356487,4.601712,1.0729984,3.8471832,0.70021933,4.006162516080246,0.5971357776441929,4.622702219146175,1.0634879652647646,,
1993-12-06,994.0640474071998,3780.289630495358,50.1706151006484,4.2551804,0.9030621,3.385137,0.7159484,3.5662880390430334,0.5972505563845825,4.161803245742262,1.0636059268291076,,
1993-12-07,488.2930474072,2652.410930495358,51.31276486511964,4.299509,0.9275905,3.361125,0.68062836,3.507017892055203,0.5926244381281025,4.0997001883332755,1.05898025435332,,
1993-12-08,226.19714740720008,2104.599530495358,52.3002363641781,3.924903,0.92802316,3.2807317,0.69248986,3.3432466531874647,0.6317383647282822,3.928101244071633,1.0980954335908455,,
1993-12-09,129.82724740719993,1765.2787904953584,52.97903366549431,3.6782625,0.9132403,2.9635735,0.6927182,3.012534361368399,0.6482883262773241,3.581582035187031,1.1146480181656266,,
1993-12-10,225.61604740720009,1747.9079304953582,53.83477756102092,3.7289329,0.9889906,3.6066031,0.5818795,3.620588050972466,0.5276147029069953,4.218698612626617,0.9939696684782526,,
1993-12-11,144.1837474071998,2321.2874304953584,54.85800099050833,2.7341392,0.91623133,2.508994,0.6814784,2.5221608613281843,0.643858147135984,3.067770358102847,1.1102219586153184,,
1993-12-12,120.70839740719998,1518.4335504953578,55.48742297550271,1.8393967,0.8409089,0.5561496,0.71272963,0.6506494728678096,0.6631410463112652,1.1068071227157057,1.1295231075325698,,
1993-12-13,187.5698474072,1212.8092804953585,56.166418911114,1.7603945,0.85271704,0.18978631,0.6172394,0.4001570089470878,0.5466303746423266,0.8443419752852253,1.01301518239689,,
1993-12-14,77.17060740720001,1138.486130495358,56.81195272992168,2.9140954,0.8503471,0.9372527,0.69185364,1.0627438420811,0.6501790724542511,1.5385981941032614,1.116556771355251,,
1993-12-15,89.29584740720009,1092.954330495358,57.44417929690074,3.874718,0.8452924,1.960439,0.7087027,2.105025254197949,0.6582775163763469,2.630697094858526,1.1246450486263244,,
1993-12-16,57.92291740719997,1008.6638304953584,57.89805704484231,3.6389234,0.8038059,1.9075894,0.79924124,2.001612650102686,0.7570964787834515,2.5223417217858124,1.223464964232731,,
1993-12-17,38.7789474072,864.191770495358,58.1037333490675,3.3633199,0.78948206,1.5534439,0.6580939,1.6311707756577123,0.6307433776531002,2.1341939920345685,1.0971153779896223,,
1993-12-18,50.57888740719999,773.807230495358,58.15255231314646,3.45924,0.8381029,1.4364579,0.6572556,1.5605624214877982,0.619069930121718,2.0602107998979164,1.0854426182210708,,
1993-12-19,57.18989740720001,775.8714804953581,58.14734588104295,3.474346,0.89517456,1.8933598,0.8354806,2.001894922703969,0.7805475529478316,2.5226374860525356,1.2469160357786366,,
1993-12-20,68.55771740720002,762.4793704953581,58.11163877872162,3.595076,0.8769298,1.9630032,0.8294067,2.097643592850564,0.7644144493692906,2.6229626153316827,1.2307820492539787,,
1993-12-21,552.1834474072001,930.177260495358,58.43282720182997,3.869948,0.9843758,0.5341518,2.2271297,1.7767450360904338,1.4448225222778575,2.2867262044952588,1.9111931226368357,,
1993-12-22,521.9425874072,995.304030495358,58.88331036233046,3.4644604,0.818709,0.17651558,1.7992979,1.3075897188047012,1.2134643103520057,1.7951468667704915,1.6798395093401828,,
1993-12-23,377.2642774072,795.065170495358,59.237083846759894,2.739234,0.7706613,-1.1840354,1.233909,0.07850165441223574,0.872804255227325,0.5073125943274314,1.3391926949937674,,
1993-12-24,321.19924740720006,667.6763304953579,59.49953517862924,2.0139642,0.77575266,-1.5359105,0.9709239,-0.3828664685560798,0.7023134267272525,0.023892652189261343,1.1687072826146236,,
1993-12-25,275.8427974072,627.4596404953581,59.74260690757276,1.7978313,0.7921526,-1.3752397,0.7854898,-0.4062743516441083,0.5968426287926777,-0.0006340476945295159,1.063236765958309,,
1993-12-26,246.3314074072001,627.5478904953582,59.975384111960395,1.338654,0.8123202,-1.1858684,0.5720576,-0.47424932572088363,0.4703102190912016,-0.07185799317135,0.9367051766216385,,
1993-12-27,220.7111774072,582.261320495358,59.75874741308552,1.1662666,0.83099425,-1.2482461,0.5804869,-0.5845746182646199,0.47890981446808606,-0.1874564575705307,0.945306114718655,,
1993-12-28,178.6578174072,586.082010495358,59.449871255484396,1.1635858,0.83952814,-0.82025206,0.38324356,-0.35678968299655134,0.3531752842118159,0.05121581895950317,0.8195688274880206,,
1993-12-29,154.55193740720003,560.9371304953579,59.14025503518734,1.1616645,0.84569824,-0.7760719,0.32166535,-0.3575037867343978,0.3113960710638216,0.050467583504029134,0.7777896228904213,,
1993-12-30,137.10220740720004,546.263120495358,58.82921101969697,1.1675041,0.8434604,-0.7571362,0.31359938,-0.3709995246836184,0.3024528948080416,0.03632679541370809,0.7688466083368815,,
1993-12-31,126.25658740720002,502.72190049535806,58.50774354548142,1.1838384,0.83608407,-0.8489016,0.34958905,-0.4408641209604434,0.3259440377161711,-0.03687708974497411,0.7923385916727874,,
1994-01-01,114.9040374072,493.455480495358,58.20790048829942,1.3802192,0.788339,-1.9045247,0.91640353,-1.2841179582678073,0.7580841560774543,-0.9204355779565896,1.2244892940151202,,
1994-01-02,114.0508574072,466.4418604953579,57.97469585802537,1.3067849,0.82101345,-1.5944294,0.6850742,-1.0244205491420557,0.5736232195948731,-0.64832552040581,1.0400250113473224,,
1994-01-03,110.11553740719998,473.23291049535806,57.827270035111766,1.1722754,0.81217897,-1.1436592,0.5148571,-0.7064927508101567,0.4449187021193942,-0.315201860095457,0.9113165023674533,,
1994-01-04,148.64840740719998,436.23793049535806,57.59734587845453,1.2467782,0.8318484,-1.2767998,2.1820545,-0.6354344019394611,1.641161155539682,-0.24074716504955623,2.1075580794683795,,
1994-01-05,178.43183740720002,414.4033404953579,57.38147167564128,1.1751285,0.8033952,-2.2869253,3.9678519,-1.2449145859912918,2.7841263289625138,-0.8793584184952807,3.2505309568259726,,
1994-01-06,175.3463674072,414.0357204953581,57.18764979454198,1.1687527,0.8231573,-1.2897533,1.7337545,-0.5583261110781607,1.2423243681785916,-0.15995336146659195,1.7087203477086677,,
1994-01-07,168.5747374072,419.6316704953579,57.00172849777254,1.2884996,0.8114735,-0.6234864,4.514487,-0.07552817881023213,3.229060453729441,0.34592066160157414,3.6954506746299463,,
1994-01-08,152.8690074072,422.936180495358,56.84662300331682,1.1740553,0.8066882,-1.879733,5.154682,-1.0689907280368838,3.7922313793954974,-0.6950260014962761,4.258633739951095,,
1994-01-09,143.1516774072,436.296480495358,56.68748459379466,1.1722051,0.8123968,-1.0555953,0.94973487,-0.5052210037699086,0.7427350944877082,-0.10431001155973335,1.2091304275557253,,
1994-01-10,137.66712740719998,420.8105004953581,56.52061004099333,1.1664953,0.83026975,-0.68546546,0.45554283,-0.22894919070974712,0.3996349027840062,0.1851666497767554,0.8660269247438277,,
1994-01-11,150.61195067184718,402.9010118920862,56.341616860027656,1.1726751,0.81094277,-0.6858939,0.48023203,-0.18017365650794917,0.4133794919570409,0.2362734877825766,0.8797709384070816,,
1994-01-12,140.4082784463851,418.94489231928736,56.10853376236512,1.3213071,0.80627257,-0.81595194,0.45543262,-0.27945930622170506,0.39663320021194903,0.13224232340351816,0.8630258210149916,,
1994-01-13,141.02110114508463,407.4906907798682,55.85592411314767,1.2651712,0.8171033,-0.77304065,0.43533796,-0.24902115112900405,0.3856526976034699,0.1641353182620222,0.8520449571853232,,
1994-01-14,148.8087529639847,413.1398285856209,55.590640675294836,1.1682417,0.8247617,-0.7185577,0.3528733,-0.21891720885723254,0.33912225572850996,0.19567812606920576,0.8055141590972941,,
1994-01-15,173.16565630030388,450.9080542256696,55.29238861374317,1.164221,0.83749783,-0.5507108,0.31129965,-0.07485787552186854,0.32340807293262036,0.34662300309580435,0.7897982860232629,,
1994-01-16,165.0774463649203,422.01237702672427,54.990059653653525,1.1634513,0.8399584,-0.5172318,0.30585292,-0.044658683827931374,0.3226700799194144,0.37826561292193916,0.7890599416850475,,
1994-01-17,154.58731519006847,407.0296910631299,54.690081659559276,1.1611671,0.84730315,-0.60068905,1.2407327,-0.11573112595257609,0.9289686415306512,0.30379615101272595,1.395359331784607,,
1994-01-18,113.62221063557132,370.5231854313331,54.41347065814828,1.1661934,0.831226,-1.0365134,1.1776094,-0.5195687043010434,0.9221118116014029,-0.11934348313109572,1.3885073190097659,,
1994-01-19,94.54746974751087,380.7503616645539,54.13886912817557,1.1627998,0.8420468,-0.36140049,0.2745033,-0.058202628572075345,0.2764276780953699,0.3640743139166841,0.7428176972967444,,
1994-01-20,133.39938977560834,368.1563227966035,53.85066305272276,1.1633548,0.8402678,-0.37773502,0.23150401,0.03215052374940832,0.28075411176186915,0.45874603806233455,0.7471430846593996,,
1994-01-21,139.29564248999543,369.2167060521601,53.54937231886152,1.1641576,0.8377003,-0.37919843,0.23808888,0.04356961824997648,0.2872979796878869,0.47071092624580807,0.7536868210148606,,
1994-01-22,151.17402806371177,388.2503577181582,53.231753703969275,1.1691923,0.8217791,-0.53448546,0.297033,-0.05702867701033865,0.31423853913649286,0.36530437635011914,0.7806285446834723,,
1994-01-23,142.19013280112318,385.694649757709,52.926947246101776,1.1662946,0.83090526,-0.4182514,0.27120355,0.008559169016159416,0.29892460177468144,0.4340270972158482,0.7653138469634564,,
1994-01-24,123.42310530120648,388.5612801496816,52.66040398195773,1.4555743,0.8361832,-0.7310349,0.4204627,-0.2039131522303998,0.37743842380526926,0.21139932531399933,0.8438301500213845,,
1994-01-25,132.31839414103163,404.3606887739589,52.38149358943524,1.189386,0.8387999,-0.6705569,0.35209692,-0.2119874015127362,0.3363721657818807,0.20293915451640765,0.8027639872985484,,
1994-01-26,143.1436543466523,414.49801370423006,52.08174298389429,1.1591632,0.8537991,-0.5327352,0.2126438,-0.09843387883395124,0.2702153484748567,0.3219201474159397,0.7366058365638188,,
1994-01-27,151.3925242996632,449.0654125068757,51.78416296226926,1.1634098,0.8400913,-0.48734605,0.20851815,-0.07114354383953077,0.2630259306992885,0.3505148671357502,0.7294161005226824,,
1994-01-28,71.05697740719998,118.50943049535802,51.983625105417154,1.6030271,0.8730641,-0.25763,1.5750989,0.43981778347371153,1.0376473546851674,0.8858983992606462,1.5040317227974311,,
1994-01-29,38.7789474072,478.9258304953578,52.627751580003846,1.631633,0.77770376,-0.99661434,1.8909068,-0.799744091062055,1.750237186597953,-0.4129102956476361,2.216636145616797,,
1994-01-30,38.7789474072,1372.2881304953578,53.30127709341406,1.1622595,0.84378266,0.041443825,0.19693261,0.07224608160823755,0.19291922935274047,0.500758026527008,0.6593077409274445,,
1994-01-31,38.7789474072,1141.6866704953582,53.58621776966872,1.1638126,0.8388025,0.016285539,0.19653502,0.053982437534524245,0.1920656447975275,0.4816214426977152,0.6584543662781858,,
1994-02-01,38.7789474072,909.725540495358,53.88811494369502,1.1635684,0.83958405,0.039043665,0.21928121,0.08501907700751803,0.2130988059685761,0.5141415274440735,0.6794871709685508,,
1994-02-02,38.7789474072,883.4646104953579,54.20071750584895,1.1614019,0.8465453,-0.100794435,0.22227491,-0.04772098815741538,0.21588343138581514,0.3750569409134695,0.6822733287295341,,
1994-02-03,38.7789474072,840.210960495358,54.46693630095145,1.1647727,0.83573896,0.0014089346,0.23990493,0.052733783452867375,0.23226606796361612,0.4803131072192655,0.6986548038091136,,
1994-02-04,38.7789474072,789.505880495358,54.686946873467726,1.1624472,0.84317935,-0.10584819,0.2504347,-0.046468666658610935,0.24195189636399875,0.3763691190990699,0.7083417791568549,,
1994-02-05,38.7789474072,763.0388204953581,54.86580566587757,1.2518618,0.84545743,-0.14960253,0.33942413,-0.08182240300004809,0.325586109519224,0.339325595011214,0.791976403780287,,
1994-02-06,38.7789474072,739.3462804953581,55.02912973446239,1.2052065,0.8532739,-0.12717152,0.37510756,-0.06077061372018742,0.35894138050109814,0.3613835878567104,0.825331429576561,,
1994-02-07,38.7789474072,695.9225304953582,55.17226661912623,1.1661127,0.86128294,-0.1670214,0.3706436,-0.09665603183530953,0.3540113107924912,0.3237829694238506,0.8204017781219022,,
1994-02-08,38.7789474072,687.4850004953582,55.267082129987685,1.1564091,0.8628084,-0.39558184,0.2822222,-0.312713103468904,0.27109611683429813,0.09739910832032234,0.7374891334836091,,
1994-02-09,38.96055740720004,659.4340004953579,55.343381926800085,1.1613466,0.846724,-0.28141403,0.23217773,-0.20092835804863815,0.22425651762271637,0.21452678245464069,0.6906482086281065,,
1994-02-10,48.684767407200006,636.4270104953582,55.415846125187095,1.1595083,0.85267687,-0.30621064,0.22659452,-0.20205509612638842,0.21903991945310122,0.2133461901483354,0.6854316237490871,,
1994-02-11,42.57317740720003,626.044420495358,55.490277710859026,1.16194,0.8448107,-0.12579858,0.20696592,-0.043803848805403035,0.2011150131593885,0.37916130613643706,0.6675048649953973,,
1994-02-12,38.7789474072,616.8148904953582,55.51779899878239,1.1602048,0.8504164,-0.38116372,0.28717843,-0.2899904258736862,0.27483424375712495,0.12120785223100394,0.741226989783624,,
1994-02-13,49.115847407200015,588.215460495358,55.526574839504505,1.161214,0.8471516,-0.20926523,0.35697383,-0.10364944370447557,0.335869825956478,0.316455296373121,0.8022603749673627,,
1994-02-14,50.62376740719997,573.317580495358,55.52973557720628,1.1563637,0.8629577,-0.34090102,0.2869602,-0.21941975561868274,0.27281525614564694,0.1951515592904284,0.7392071654524479,,
1994-02-15,59.0592974072,550.605410495358,55.50511290324057,1.155192,0.86682016,-0.40033567,0.28327695,-0.24964895417192925,0.26926341264336273,0.16347750837968256,0.7356556796648954,,
1994-02-16,62.21790740720001,546.656830495358,55.47649586518393,1.1598247,0.8575192,-0.33436668,0.34192118,-0.1816826263080461,0.3192431159858584,0.23469239438419023,0.7856345801996848,,
1994-02-17,66.96900740719997,537.136770495358,55.44050555312435,1.254055,0.87132126,-0.33214152,0.3881421,-0.15630143918659378,0.35837640682267924,0.26128671548880017,0.8247675725922978,,
1994-02-18,59.24080740720003,541.9002204953581,55.403945837815186,2.1601322,0.87298965,-0.30226862,0.5577449,-0.05960574749727688,0.5100879256684145,0.36260413070318004,0.9764779611917289,,
1994-02-19,72.75312740720003,563.8415104953581,55.382402153878985,3.2098305,0.797995,-0.1267842,0.8316963,0.25454033291132927,0.7422698435271398,0.691765319900663,1.2086562808760488,,
1994-02-20,108.0836874072,686.3471904953581,55.43315230238232,4.5475683,0.9006102,0.26306975,0.8652458,0.845983149240069,0.7575031697654613,1.31147708110379,1.2238831390303888,,
1994-02-21,38.7789474072,1909.3079704953584,55.93275477429077,3.9362082,0.8019084,1.8767786,0.89235586,1.9177739571601216,0.8747381376074008,2.434495825908828,1.341107404810533,,
1994-02-22,93.41004740720008,2833.6178804953583,56.5271952833563,2.832745,0.7989626,1.1011355,0.69900894,1.156396233668507,0.6771816871968547,1.636726849873861,1.1435584217976396,,
1994-02-23,50.62114740720005,2384.709930495358,57.0185603483257,1.8892407,0.865845,0.574515,0.46287334,0.6018430666464454,0.4536091653194124,1.0556679371133137,0.9199917560526985,,
1994-02-24,40.37504740719998,2003.6683004953584,57.37576532970052,1.697535,0.8599255,0.14708614,0.3220357,0.1777114468572736,0.31613132904078445,0.6112642757196322,0.7825186359510223,,
1994-02-25,50.10300740719992,1719.491790495358,57.61629544564616,1.3273644,0.8761116,-0.14067698,0.3287787,-0.09911192870588252,0.32043149855020875,0.3212096890779277,0.7868219945575708,,
1994-02-26,38.7789474072,1329.728430495358,57.781678939455105,1.1529257,0.87433976,-0.2654649,0.26338586,-0.22527242901768887,0.257118859952751,0.18901914810931292,0.7235108384351225,,
1994-02-27,38.7789474072,1109.414180495358,57.90450878296589,1.1615385,0.8751702,-0.3241049,0.27392823,-0.2739289500873651,0.26632194063581943,0.13803701165650284,0.7327144957292717,,
1994-02-28,38.7789474072,1036.810830495358,57.98244044530322,1.1996671,0.87527895,-0.20720756,0.29008883,-0.15648458097895454,0.28140507851764535,0.26109482014480345,0.7477962464380952,,
1994-03-01,38.7789474072,963.458410495358,58.435391568186155,1.2301689,0.8555019,-0.0030130148,0.35021865,0.044701728364508087,0.3382912214091437,0.47189714735388943,0.8046800497000927,,
1994-03-02,38.7789474072,899.2345904953581,58.85481660956439,1.1537923,0.87145686,-0.22525465,0.2982003,-0.16824269748285228,0.2881334961351069,0.24877470586512995,0.7545248022240383,,
1994-03-03,38.7789474072,873.5651204953581,59.26667679200843,1.4515057,0.90248835,-0.15707457,0.545988,-0.08870228612125432,0.5241864192536766,0.3321168769945181,0.9905767937530946,,
1994-03-04,38.7789474072,838.9256004953579,59.65877093474508,1.9103944,0.85444593,-0.7589718,0.48350656,-0.6410332474174825,0.4636835018489936,-0.2466136162027312,0.9300804946153375,,
1994-03-05,39.62210740719996,817.0467304953581,60.022133175705314,2.2947474,0.80032873,-0.13423276,0.4695999,-0.0218891015386988,0.44940732175093795,0.40212350341067377,0.9157969193140709,,
1994-03-06,38.7789474072,773.7072404953581,60.37507932471156,2.0259151,0.8349208,-0.14939868,0.46926093,-0.04557368183906748,0.44863701236834663,0.377306881133635,0.9150268847633733,,
1994-03-07,38.7789474072,732.1251704953579,60.78584524383272,2.4388466,0.8082824,-0.4512776,0.5982112,-0.3058951052082715,0.5695723680336607,0.10454298359165193,1.0359653034199063,,
1994-03-08,38.7789474072,983.438020495358,61.63026445448995,2.3772066,0.80318296,-0.108621836,0.5481507,-0.014319146748696072,0.5282355206539381,0.4100552761630427,0.9946250305118418,,
1994-03-09,38.7789474072,1269.721830495358,62.43314640286921,1.7957103,0.8586987,-0.3130263,0.44650972,-0.2505314382296681,0.43402360653937117,0.1625528446006046,0.9004158840194016,,
1994-03-10,38.7789474072,3174.945830495358,63.92487866598662,2.0463035,0.88777703,0.3288604,0.9044759,0.3495842165544489,0.893626143281907,0.7913519762906607,1.3600115142480413,,
1994-03-11,38.7789474072,4521.812430495359,65.64736733231945,2.4144497,0.7566931,-0.37430012,0.42969218,-0.35058723649490786,0.4260870696720219,0.0577147212019225,0.8924805387071171,,
1994-03-12,38.7789474072,3298.827030495358,66.81788411443284,2.8346252,0.79120725,-0.18056798,0.4065289,-0.14553507891648085,0.40191066402254444,0.2725676709768631,0.8683017034186,,
1994-03-13,38.7789474072,2564.3741304953583,67.65270060466922,3.7346575,0.77351,0.5627862,0.5771123,0.6100373153965403,0.5686318873402104,1.064253842943025,1.035014388981944,,
1994-03-14,38.7789474072,2129.9093304953576,68.33864853275254,4.1595473,0.8060377,0.8767707,0.7550909,0.9354709616657095,0.7417289267376709,1.4052421050645922,1.208107952190669,,
1994-03-15,38.7789474072,1984.836530495358,68.87406991956101,3.762718,0.78466374,0.99022996,0.8461597,1.0433597052747288,0.8300807843842267,1.5182875618189025,1.2964586841284234,,
1994-03-16,38.7789474072,1956.9127004953584,69.36419624889824,2.475935,0.84942156,0.52434266,0.4695397,0.5622646949716478,0.46071168107915217,1.0141978545643562,0.9270947032072165,,
1994-03-17,38.7789474072,1707.979130495358,69.75567960017901,1.9851465,0.7839742,-0.10848963,0.36498585,-0.06200980956940413,0.3573071147403716,0.3600851626818802,0.8236971782344428,,
1994-03-18,38.7789474072,1545.6394704953582,70.06300234539918,1.8795255,0.78665125,-0.061668515,0.33889398,-0.01415741497389227,0.331159647664034,0.4102247381638297,0.7975491556488339,,
1994-03-19,38.7789474072,1375.9876304953582,70.2984926977249,2.5726986,0.7752907,0.2581128,0.5123659,0.3215559049668629,0.49877477144015236,0.7619840072191782,0.9651604558072923,,
1994-03-20,38.7789474072,1188.8080304953578,70.50154178224206,3.0996807,0.76449555,0.54003155,0.6420887,0.6208897725452974,0.6222742008532894,1.075625010446224,1.0886565846204075,,
1994-03-21,38.7789474072,1092.3517304953582,70.72995775988997,2.905744,0.91319335,0.39208412,0.8988734,0.4782608023147419,0.8686213886914581,0.9261788629913918,1.3350053323768574,,
1994-03-22,38.7789474072,2784.725930495358,71.53573328951622,3.7246952,0.93175167,1.1481364,0.79882956,1.1835236862350542,0.7879620764986035,1.6651509019425317,1.2543385336523616,,
1994-03-23,38.7789474072,4209.608530495358,72.68978328390119,5.3459373,1.0565969,1.9504304,0.88509154,1.9814243132849194,0.8770655401238389,2.5011884514785336,1.3434342130845598,,
1994-03-24,38.7789474072,6514.226630495359,74.64658037198146,6.0999355,1.166107,3.7675672,1.0308465,3.781369494616484,1.0247694467341188,4.387164859672948,1.4911232332558186,,
1994-03-25,38.7789474072,7432.118130495358,77.55142072024975,5.07013,0.9071422,2.1627407,1.03356,2.1778319996889013,1.0282059585877905,2.706983753906537,1.4945728270816636,,
1994-03-26,38.7789474072,6517.25493049536,79.53901407931602,4.4168034,0.864384,1.9736023,0.78476787,1.9880538318376089,0.78014270343092,2.508134838356166,1.2465113147645666,,
1994-03-27,38.7789474072,6082.755630495359,81.2521949227598,3.758426,0.89283496,2.1871095,1.4605219,2.1970635102225087,1.4512807921160056,2.7271344649040206,1.9176474862942998,,
1994-03-28,38.7789474072,6777.326630495358,83.3012480755035,4.0953264,0.85780126,2.8649979,1.3135297,2.8719975861141593,1.3060657841493357,3.4343280824765725,1.7724266285651797,,
1994-03-29,38.7789474072,6129.806230495358,84.85465253441228,3.7028756,0.8292425,2.3648896,1.4005085,2.373300900323743,1.3917139548507864,2.911795399814714,1.8580790712991795,,
1994-03-30,38.7789474072,4920.478830495359,86.03083943846214,3.7014449,0.8100463,2.4757407,1.148391,2.4853250728103164,1.1394287516165236,3.029173944810669,1.6057928836544877,,
1994-03-31,38.7789474072,4279.096430495359,87.01364431534377,3.9132857,0.8402695,2.88936,0.92927843,2.8985558542227876,0.9209634818682578,3.4621557450158953,1.3873241067516733,,
1994-04-01,239.9720474072,4724.116830495357,88.31356755075993,4.747306,1.0399774,3.5256245,0.90814203,3.584682557023903,0.8657020020204367,4.181076958804104,1.3320572349335889,,
1994-04-02,468.1830474071997,5319.319530495359,89.8156361684984,4.674344,1.0560491,4.289951,0.93940943,4.321046537772377,0.8676314987542223,4.9526366206980095,1.333981543848305,,
1994-04-03,617.3536474072001,5575.526430495357,92.08654700149287,4.345052,0.8518663,4.0797873,1.3340212,4.1062308494621655,1.2040342147179106,4.727553476797265,1.6703857091640029,,
1994-04-04,785.9195474071997,5445.941730495358,94.92282502362005,4.0261507,0.77935636,3.5791144,0.8500437,3.6354915810156427,0.749316105610205,4.2343144804606885,1.2156709606470868,,
1994-04-05,1156.1671474072,4632.638730495359,97.3259571043935,3.9614673,0.7072199,4.3060365,0.8765754,4.237217512994068,0.7155808785416711,4.8648008550904835,1.181931482947678,,
1994-04-06,1019.7305336163764,4233.250130495359,99.6403408880576,3.775017,0.6452389,4.8112497,0.9683449,4.610091913864676,0.7903543077988748,5.255497377715331,1.2567024859955673,,
1994-04-07,4472.980514582912,4183.420230495357,99.6403408880576,3.655982,0.5391607,3.8389144,0.8880837,3.744388623069682,0.5116830551217249,4.348416428878995,0.9780371102153184,,
1994-04-08,2976.1752936514463,4662.759730495358,99.6403408880576,3.0627398,0.49064243,4.391841,0.85500604,3.874015111990006,0.5557974583627076,4.484238620863724,1.0221505789168357,,
1994-04-09,2431.394429738292,3878.256030495358,99.6403408880576,3.2742095,0.55022,5.3515034,0.8988777,4.551027849313859,0.5917854435736298,5.193610252779389,1.0581339954881397,,
1994-04-10,3166.9944821174167,5127.608133242459,99.6403408880576,3.5334778,0.63088745,6.040433,1.0048336,5.083242635897569,0.6662441618100338,5.751263086876565,1.1325894902227664,,
1994-04-11,2999.2186726009145,5521.103590044958,99.6403408880576,3.4529955,0.58310896,6.172101,0.94901,5.214955072185728,0.6483025377753742,5.889270927382859,1.1146471184417521,,
1994-04-12,2914.403784535465,5081.540952420117,99.6403408880576,3.5407064,0.57478654,5.8734074,1.0666375,5.023172306951802,0.7094999700752214,5.688321601547338,1.1758456461018056,,
1994-04-13,4738.782974787751,7436.639481146352,99.6403408880576,3.4513853,0.7375238,6.0609345,1.0117477,5.045274695784525,0.6813815148421696,5.711480409013029,1.1477270624871907,,
1994-04-14,4635.297685971859,10022.556062679983,99.6403408880576,3.3114734,0.7053309,6.697222,1.053772,5.62653656900442,0.7542683402574918,6.320524612828521,1.2206107121984944,,
1994-04-15,3044.9939142950066,7888.365822160521,99.6403408880576,3.6376784,0.77944833,7.415258,1.0731214,6.363183636528889,0.8041080739359112,7.092380892078632,1.2704469764006434,,
1994-04-16,3650.654667121104,7833.247362668205,99.6403408880576,3.4282818,0.79699147,7.4408627,1.0727466,6.16529037645759,0.7743486659747792,6.885029010640192,1.2406884395127373,,
1994-04-17,2467.997405941785,7331.791753650446,99.6403408880576,3.34161,0.63912284,6.5217886,1.1314704,5.720886403014455,0.861685283643031,6.419384046385463,1.3280271765585394,,
1994-04-18,1575.3162719190263,5421.175645137413,99.6403408880576,3.5756807,0.6103228,6.6808214,1.0320385,5.981674087885712,0.8113882459357392,6.692636491135461,1.277728867762863,,
1994-04-19,1230.1268855341782,4264.281203432553,99.6403408880576,3.855296,0.8329296,8.381628,1.1198578,7.368240831166728,0.8889168696509756,8.145476385004011,1.3552520395255345,,
1994-04-20,978.6202028498136,3207.156956908549,99.6403408880576,3.7141252,0.658979,7.8724365,1.0249755,6.900237727800871,0.8003094918988207,7.655104333085843,1.2666462561125238,,
1994-04-21,786.3478069526132,2562.985201477122,99.6403408880576,3.567886,0.6449764,7.0218444,0.9784257,6.21093292904424,0.7638727484620698,6.932853121219224,1.230212317119808,,
1994-04-22,633.2936940131777,2155.1756244017856,99.6403408880576,3.5722654,0.66653305,6.670434,0.93635255,5.966804005942687,0.7393585384185998,6.677055670106392,1.205699230631871,,
1994-04-23,515.747355879739,1775.996814450816,99.6403408880576,4.0728965,0.69720334,7.065057,0.9281636,6.391683745711477,0.7361985635513935,7.122243209057397,1.2025373442560339,,
1994-04-24,407.29161534548746,1454.4297612125547,99.6403408880576,4.6256895,0.7861362,9.246578,1.0218624,8.235659369761537,0.8166236590769288,9.054354564621713,1.2829565363723585,,
1994-04-25,387.141906104943,1292.291242450562,99.6403408880576,4.8351917,0.840724,10.586013,1.0642507,9.260337061215823,0.8415402972848925,10.128008347042053,1.3078715751255423,,
1994-04-26,361.4007983679149,1185.0438741043215,99.6403408880576,5.550134,0.8349117,12.949925,1.0983198,11.220610103636211,0.8639656547446279,12.18197574003196,1.3302972190268787,,
1994-04-27,397.291689673347,940.57939641386,99.6403408880576,7.0614324,1.0787712,15.355327,1.0925676,12.892387352111653,0.8322460817445775,13.93365822629989,1.298581362793609,,
1994-04-28,309.85344434614154,944.1000856524,99.6403408880576,7.2647996,1.1004072,15.25244,1.0812811,13.278684669169484,0.858304779075264,14.338419234621767,1.324641373616037,,
1994-04-29,355.0796986229697,970.806695021344,99.6403408880576,7.071455,1.0870684,14.094661,1.028814,12.213807470510286,0.8075897898781622,13.222644545967261,1.2739231768523402,,
1994-04-30,379.3525973364196,932.2848324364676,99.6403408880576,8.399776,1.4271535,14.597522,1.0357436,12.805006005373656,0.8440031123826591,13.842100349886008,1.3103381199869935,,
1994-05-01,1240.8075817283434,1281.2915239956724,99.6403408880576,8.805754,1.3759552,16.345951,1.0544784,12.636368833449547,0.8632595988281543,13.665402897601261,1.3295941034020968,,
1994-05-02,701.280890133083,1253.523059150768,99.6403408880576,7.4720426,1.0063878,13.220738,1.0124366,11.158408557088713,0.7428631306937005,12.116801172184841,1.2091946183679692,,
1994-05-03,529.0528587214214,923.4101982321342,99.6403408880576,8.343233,1.5221403,12.460817,0.9990891,10.961006586811944,0.8431152845291283,11.909964062513723,1.3094465583884447,,
1994-05-04,417.097772678028,838.5487969856858,99.6403408880576,8.43223,1.587854,12.649673,0.99452,11.248732848017417,0.8481245244759311,12.211442655461795,1.3144561248470943,,
1994-05-05,354.49656788316435,784.6082249455714,99.6403408880576,8.940792,1.813817,13.199613,1.0201482,11.874240911614361,0.9013185998095429,12.866847866306324,1.3676512366890907,,
1994-05-06,318.3921660710236,722.6955627401202,99.6403408880576,8.705812,1.7031718,13.399196,1.0143089,11.963834935129716,0.8758291222686281,12.960724177883867,1.3421619442513972,,
1994-05-07,305.74548704076017,773.0516835338249,99.6403408880576,8.828686,1.7122285,13.436013,1.0277209,12.13023525252003,0.8819555750683686,13.135077861634407,1.348288765198621,,
1994-05-08,1123.2196559510476,1025.2028910178385,99.6403408880576,9.7015705,1.9966999,14.647552,1.0330274,12.06173660277976,1.1544350921189876,13.063305210587473,1.6207681268663054,,
1994-05-09,729.0811074140795,1210.4066725342486,99.6403408880576,10.874914,2.4792485,12.945395,1.0401156,12.167072030379689,1.135761526160042,13.173675311555533,1.6020948020701857,,
1994-05-10,597.8665676409711,952.3275892198174,99.6403408880576,10.959665,2.4775522,13.481421,1.0592089,12.508850583043143,1.1560432895597963,13.531789710724764,1.6223774353546279,,
1994-05-11,541.2740686451724,789.8296788832122,99.6403408880576,10.96221,2.473685,14.019208,1.0568173,12.776123870807826,1.1853428672870427,13.81183774801657,1.6516777864300876,,
1994-05-12,659.5915847264253,752.3021502269219,99.6403408880576,10.637362,2.3732839,14.623669,1.0954129,12.761393499844102,1.2529712682857048,13.796403315674034,1.7193061426794032,,
1994-05-13,480.8329691060349,887.7841661205614,99.6403408880576,9.841196,2.1698172,12.1030655,0.99213845,11.30840833933633,0.9976535787572245,12.273970431275291,1.4639852587041575,,
1994-05-14,388.9275881757294,741.9746446531462,99.6403408880576,10.372662,2.3342438,12.3748045,1.0125152,11.686249298019634,1.0419852021592453,12.669870896198953,1.508317480487013,,
1994-05-15,333.62469880673336,637.0630413665115,99.6403408880576,10.340254,2.3185482,12.658467,1.0320923,11.861698943606534,1.0458698219013718,12.853706435100296,1.5122024336015123,,
1994-05-16,843.8469435535249,998.1695183936988,99.6403408880576,12.03816,2.7973082,13.602809,1.0721302,12.886027104858002,1.4070231553032242,13.926993980968932,1.8733584161542756,,
1994-05-17,608.672182518282,1345.1551592547216,99.6403408880576,10.498407,2.2605119,12.633631,1.2053607,11.968448598357558,1.088383427511346,12.96555835844298,1.5547162592746093,,
1994-05-18,351.94026100549746,853.8288268447749,99.6403408880576,10.207012,2.2217038,11.611951,1.1486169,11.20187692485686,1.0402245065904099,12.162347179343126,1.506556047335022,,
1994-05-19,326.8544079800199,792.6549100195302,99.6403408880576,10.0876465,2.1875203,11.115214,1.125009,10.815203369572473,1.020976784391255,11.757191949893569,1.4873079289420625,,
1994-05-20,282.0490871424966,747.527307475978,99.6403408880576,11.103903,2.584341,11.699107,1.1534058,11.536052883508903,1.0965946493413907,12.512495606495367,1.5629266702518791,,
1994-05-21,237.80421242850625,647.073933600278,99.6403408880576,11.969236,2.9096339,14.376323,1.1804157,13.729436752313656,1.1647002149846757,14.810715726521318,1.6310385579437268,,
1994-05-22,212.47342045842373,558.1595712679584,99.6403408880576,12.297451,3.0435345,18.458305,1.230238,16.759678634447667,1.2239774370669014,17.985792812257653,1.6903335659823553,,
1994-05-23,194.26858583295396,512.4472171144412,99.6403408880576,12.141855,2.970599,20.878016,1.3036234,18.476538862648567,1.2491397882798527,19.784713090573465,1.7155106545645553,,
1994-05-24,162.41558214138342,490.15528049535806,99.6403408880576,11.628431,2.7664573,20.707378,1.2484874,18.447757926920765,1.1633845299583165,19.75455652450058,1.6297551214113692,,
1994-05-25,171.0857910370126,442.730060495358,99.6403408880576,11.345617,2.7353377,22.049292,1.2575959,19.065910548053342,1.184923985902265,20.40225472787427,1.6513006884439663,,
1994-05-26,341.39783872930496,351.44138352059474,99.6403408880576,11.3922,2.6265748,26.162851,1.8777086,18.88458515073808,1.606944338427457,20.2122625963972,2.0733192030913656,,
1994-05-27,269.27627049855016,404.929720495358,99.6403408880576,10.246365,2.2319024,21.595285,1.3185204,17.06255341090256,1.19236708043142,18.303143967701462,1.6587255643266035,,
1994-05-28,155.08057604684365,405.5509404953579,99.6403408880576,9.865578,2.2235682,18.347845,1.0736357,16.001500156433803,0.9907093682724569,17.191375994698202,1.4570600620241652,,
1994-05-29,143.06759667355533,386.319150495358,99.6403408880576,9.870815,2.236621,19.046347,1.0694585,16.56664495144062,0.987137266500555,17.783532779055506,1.4534919492336176,,
1994-05-30,141.09695916075594,402.3602114875055,99.6403408880576,9.2550335,1.9251256,21.788921,1.154489,18.534767101793,0.990159795957352,19.845724440505723,1.4565312211652257,,
1994-05-31,187.9874391233542,433.65453054633616,99.6403408880576,8.700264,1.5073767,24.308752,1.3342046,19.588672260871206,1.0363664505621186,20.950002663593306,1.5027486621430888,,
1994-06-01,173.22725211484135,534.6916675532633,100.0,7.9844565,1.1730151,23.127243,1.1886059,19.42181404105777,0.9425250561496875,20.77516919124908,1.408905475371231,8.010868030369119e-05,4859.99991989132
1994-06-02,164.19048200616277,497.52292755326334,99.99999991629186,7.4031997,0.9390009,20.476053,1.0726073,17.23229529518584,0.8394444357317188,18.480998933819876,1.3058042853125351,1.708863460779571e-12,4859.999919891318
1994-06-03,156.81442962243023,466.0790658460951,99.90427042188384,7.452885,0.8535813,19.166983,1.0308647,16.21793994707857,0.8007170105046666,17.418160867473375,1.267069188804373,1.1358362169915685e-12,4859.999919891317
1994-06-04,212.84809652509435,406.4091138913305,99.6920181616276,7.4417257,0.77211016,21.62258,1.0963668,16.748405003892376,0.7669103632082829,17.973980340698798,1.233266406491543,1.1290711677769684e-12,4859.9999198913165
1994-06-05,223.35353704443386,407.4051706813042,99.4283670213223,7.1108747,0.69138706,23.55008,1.2363846,17.72890800177944,0.8352624601509582,19.00134803020304,1.3016264945225702,8.52597094077392e-11,4859.999919891231
1994-06-06,216.25309152024806,393.35292866630175,99.13836168839802,7.0267377,0.66333055,24.184734,1.3327767,18.09806574548056,0.891596585726586,19.388150252150457,1.3579639136088972,2.5776459343063936e-09,4859.9999198886535
1994-06-07,150.70894462761723,350.24375425531434,98.93486289939312,7.4802213,0.7031393,24.066023,1.3995588,19.076273020842116,1.00111298674734,20.413112491440003,1.467489795456631,7.176461512864374e-06,4859.999912712192
1994-06-08,177.45420856600072,387.2159933570315,98.77004502498234,7.0768046,0.64304364,24.728775,1.3961551,19.181437084675007,0.9784922473735471,20.523303038038737,1.4448701404757929,1.5108901083941776e-05,4859.999897603291
1994-06-09,221.56744071463604,414.2519070894268,98.42518187393408,7.062246,0.62823594,24.511805,1.2966979,18.43106154598362,0.8727351248495716,19.73706211362836,1.339105557301564,4.506805913424642e-08,4859.999897558223
1994-06-10,249.21923936830024,432.88754876990026,98.11033831949646,7.195113,0.6313816,25.072445,1.3448031,18.540659725993113,0.8840837725729576,19.85189871199967,1.3504552545591764,1.1229893991790105e-07,4859.999897445924
1994-06-11,254.23346125965978,430.4612753310948,97.8116870623768,6.7081017,0.55714226,23.60488,1.1228858,17.33095023770858,0.7356348290482344,18.584369245360158,1.2019954875133307,2.7194946659277084e-12,4859.999897445921
1994-06-12,190.67050000000114,460.5711404953579,97.77679751323558,7.092867,0.8203094,19.533007,1.0539061,15.890783071472496,0.7830827753927012,17.075367011543165,1.2494327304545565,1.1260652288514397e-12,4859.99989744592
1994-06-13,245.52695000000148,646.858870495358,97.67870388469471,8.353391,1.0461036,20.51431,1.1856784,17.168410931885123,0.9063693768660576,18.41406111633116,1.3727287085881756,1.4661179750044912e-12,4859.999897445919
1994-06-14,122.80000352376575,192.95478049535805,98.08830845797178,8.547735,1.1562127,25.619566,6.782405,18.980170514173086,4.168984770635022,20.31241661346218,4.635360599447406,3.5237657576417077e-06,4859.999893922153
1994-06-15,190.02000083843572,144.28173049535806,98.29444908069424,8.3106985,1.112909,32.594376,15.524711,18.791323126274985,6.730126131046393,20.11454296596505,7.196500065066266,8.384356766817059e-07,4859.999893083717
1994-06-16,286.47630000000464,137.85147049535792,98.34148718418007,8.262018,1.0475831,36.401917,11.281498,17.403834106427432,3.7326402269475207,18.660736713862725,4.199001490145253,4.622471850771657e-12,4859.999893083713
1994-06-17,193.9106095773489,189.579400495358,98.29219356171724,8.074429,0.9212817,35.235207,5.622139,21.501438085680938,2.8180904342856348,22.95419215636607,3.2844954664684374,3.3011595773488986,4856.698733506364
1994-06-18,177.1242546599948,217.63860883205007,98.2037157485079,7.88804,0.8103678,34.128532,4.043922,22.354811834204806,2.258928760191432,23.84835425295715,2.7253453230735736,36.942164348594936,4819.756569157769
1994-06-19,133.85951748126558,241.808110495358,98.04612620093829,7.7133584,0.73887,33.29087,3.0877197,24.176980634230652,2.0048519996494827,25.757616492851792,2.4712959699967314,11.059517481265587,4808.697051676504
1994-06-20,153.79138586651914,291.97979266400495,97.89617781161945,7.621696,0.6979147,31.000315,2.0590408,22.934673986234273,1.369995170468637,24.45593183369402,1.8364200434165479,30.984430748683984,4777.71262092782
1994-06-21,166.07698470514254,356.18539109276105,97.69004346278606,7.285508,0.6356429,28.519215,1.6217859,21.766995613815688,1.1243834685767857,23.23244242658266,1.5907919997199418,15.74304677364519,4761.9695741541755
1994-06-22,151.7874329967924,355.5586280438021,97.51019561783339,7.551678,0.6520532,26.308985,1.4225483,20.697187141975277,1.0158584910396735,22.111500766745596,1.4822534183128167,0.11759504952981964,4761.851979104646
1994-06-23,179.52653500560743,367.8979524727442,97.29579524296726,7.481801,0.6564258,27.03031,1.4030721,20.619423606664963,0.9671993921278736,22.030020400268796,1.433593381559041,0.08168996239325481,4761.770289142252
1994-06-24,180.3168966671895,378.63667782089175,97.04790341646104,7.204961,0.5980427,26.190779,1.3240979,20.066005723704194,0.9174615380173933,21.450151034266895,1.383849052817483,0.004714685198907362,4761.765574457053
1994-06-25,122.80002357751424,461.6219204953578,96.86974244306089,7.3520265,0.58348423,22.38549,1.0688844,19.226625924386806,0.8531434548461833,20.57065174981844,1.3195218177948507,2.3577514248321658e-05,4761.765550879539
1994-06-26,122.80300520555603,438.0040104953581,96.69123786633679,7.511662,0.6298059,23.48329,1.133383,19.985894311337535,0.8958786779027386,21.366210570236273,1.3622652844653007,0.0030052055560398677,4761.7625456739825
1994-06-27,122.81193367627365,406.513120495358,96.48327075235396,7.293023,0.58391255,24.145693,1.1480283,20.23560215588183,0.8920151988032945,21.62785359616622,1.3584046605591091,0.011933676273652143,4761.750611997709
1994-06-28,122.80000074968812,595.5676004953581,96.35484953252494,7.292887,0.574475,21.126732,1.0309904,18.761931272023304,0.8603724014385892,20.083746281551164,1.3267460442238315,7.496881221985059e-07,4761.7506112480205
1994-06-29,122.800000010757,892.599840495358,96.22939460737365,7.5555825,0.60874486,19.717665,1.0133733,18.246811923371396,0.8938552600432143,19.5440059888811,1.360223959038779,1.0757006476576874e-08,4761.750611237264
1994-06-30,122.80000000177967,922.423250495358,96.22132947863184,7.3541713,0.5858761,19.466743,1.042782,18.04367536906696,0.9228394173059328,19.331160201668485,1.3892062501454907,1.7796616150328842e-09,4761.750611235484
1994-07-01,122.80000027436029,740.780840495358,96.09371891481237,7.4207635,0.6500896,20.493721,1.0351827,18.63476454385928,0.8927799718385556,19.950501418478616,1.3591523659513849,2.743602831015833e-07,4761.750610961124
1994-07-02,122.80140960889396,649.372470495358,95.98406502136693,7.673621,0.68900573,22.159628,1.0604213,19.8558695347263,0.8984856307722604,21.229971053770484,1.3648707788405876,0.0014096088939705503,4761.74920135223
1994-07-03,123.06279440219127,654.3914204953581,95.99560333457529,7.72399,0.68868405,23.352304,1.1052848,20.87850726682459,0.9366948358161683,22.301487373750867,1.403091976696614,0.26279440219127304,4761.486406950038
1994-07-04,123.16197267273667,627.3768404953579,95.92273535655485,7.7143316,0.6872282,23.552845,1.1180879,20.953775483214386,0.941390971474934,22.380353153592566,1.4077890422912214,0.3619726727366626,4761.124434277302
1994-07-05,139.08695910574147,575.380740495358,95.78780393861126,7.747855,0.6831989,23.852592,1.1061285,20.717448728421637,0.9006700630870297,22.13273078776332,1.3670652358538744,0.1290644141414761,4760.99536986316
1994-07-06,145.07977869217373,531.457000495358,95.63445692335947,7.9855747,0.7023418,25.406612,1.1690996,21.67076185850602,0.9306603946953733,23.131609026727826,1.3970676485576718,6.121884000573751,4754.873485862586
1994-07-07,178.5025090726079,503.4448404953579,95.4506938641788,8.028494,0.6938389,26.916748,1.3136556,21.972670233968227,0.9866599336759606,23.447947590514975,1.4530712301682787,39.544614381007904,4715.328871481578
1994-07-08,191.79306871490556,550.2157704953579,95.27425035562574,7.8908963,0.65857214,27.325666,1.3866935,22.302203091772395,1.0422585690143806,23.79323099247046,1.5086743969730494,52.83517402330557,4662.493697458272
1994-07-09,191.8079645349786,581.609840495358,95.04987320971013,7.8583684,0.66696966,26.755388,1.3362727,22.0689188094183,1.0183991294707682,23.548796518862265,1.484811736660785,52.850069843378606,4609.643627614894
1994-07-10,151.07768948763544,492.2501704953579,94.81608818268136,7.6164517,0.6729193,26.067873,1.4095134,21.734782107252553,1.0900222456878776,23.19868922452217,1.5564303480922963,12.119794796035443,4597.523832818859
1994-07-11,175.00182390633643,424.41269501419873,94.58735091679861,7.9186444,0.70103055,25.926744,1.3799257,20.669196885294784,0.9982566319243709,22.08217267147568,1.4646512208336615,0.12445812135498491,4597.399374697504
1994-07-12,205.85376587700372,407.4517730238927,94.33593466228733,8.09153,0.7118493,26.70725,1.3858125,20.45895186369121,0.9511676339545497,21.86187865652611,1.4175597099226669,0.0455167431472329,4597.3538579543565
1994-07-13,241.28210959570558,400.9314646503592,94.0662223805663,8.145395,0.71074355,29.207813,1.6820987,21.294581826910974,1.0835464200764242,22.737448875529648,1.549948782600425,1.7612315841920634,4595.592626370164
1994-07-14,258.1813719250462,388.3792149257313,93.72687445560392,7.8836045,0.67226905,30.879414,2.063945,21.69684099346977,1.2685109810937254,23.158934655195782,1.7349185800505178,9.769662570054704,4585.822963800109
1994-07-15,220.34901908222514,406.08402440865297,93.41555186931355,7.8834844,0.653911,29.21507,1.8727646,21.711644494118833,1.2356138796641178,23.174445712572634,1.7020216748555013,11.396043282750869,4574.426920517359
1994-07-16,229.87167979642683,415.42634861311336,93.08863368787236,7.9927554,0.66156214,28.991426,1.7725147,21.51116219254082,1.1651808381000686,22.964381042293656,1.6315859969847346,4.316383573515573,4570.110536943843
1994-07-17,254.6130505910304,421.7586001780144,92.70629297986054,7.9818387,0.69536096,29.91295,1.84756,21.65721230568477,1.1814286183182896,23.11741185159855,1.6478356931918403,8.020458328443118,4562.0900786154
1994-07-18,264.1958963967841,431.3289523082866,92.3052904949912,7.8497634,0.68931705,28.849138,1.6323853,20.87250208800621,1.0456360131233062,22.295195167912645,1.5120330800890023,0.3185469579832067,4561.771531657417
1994-07-19,282.3733341964253,405.9265812984818,91.9141000224627,8.076616,0.6989336,29.554163,1.7113713,20.74305268661783,1.0492256993852165,22.15955852763854,1.5156211830463924,0.18024024722923004,4561.591291410187
1994-07-20,279.12366729563263,425.1884452580945,91.51125539108837,8.17416,0.70968026,30.724197,2.020119,21.787464623774806,1.2515433556434552,23.253889785248013,1.7179521598308918,15.8156779616781,4545.775613448509
1994-07-21,310.2516757840963,422.4473214944478,91.09342876902875,8.316458,0.7073912,31.79136,2.3028312,21.85122438054568,1.3610961452358654,23.320697040440713,1.82750580300984,50.23729264976169,4495.538320798747
1994-07-22,279.0219087803159,341.5482187012386,90.81241093723727,8.229298,0.64417464,32.201416,3.47391,21.42302702936442,1.9337774309194737,22.872033319592408,2.400181445382728,3.353290626788241,4492.185030171959
1994-07-23,124.657738161357,639.1340304953579,90.80675480965522,8.075436,0.60704076,23.860836,1.1897446,21.28451563726919,1.000485076357828,22.726901556432534,1.4668873102171385,1.8577381613569992,4490.327292010602
1994-07-24,123.23851914245,679.3431804953581,90.68809327130415,8.235391,0.65403277,23.232195,1.1441091,20.92939638552509,0.9736215998223967,22.3548088183695,1.4400193687266958,0.43851914245000073,4489.888772868152
1994-07-25,207.4603477137938,550.8343704953579,90.4823871654469,8.257902,0.6938335,26.691978,1.2488674,21.648636085119104,0.926839302329565,23.108425717006188,1.393246264020243,8.091297713793821,4481.797475154358
1994-07-26,202.30104290559842,516.365341351118,90.2327766722668,8.195238,0.7130482,27.10394,1.3634992,21.781232993396376,1.0000314907051935,23.24736030423926,1.4664402117157154,18.89966977442105,4462.8978053799365
1994-07-27,178.56242174962293,432.64457407338426,90.02495562575486,8.101728,0.7115246,27.315893,1.5781529,21.70252845353034,1.136275542323149,23.16489395640564,1.60268321664304,17.466444705033506,4445.431360674903
1994-07-28,167.14054159711756,628.3546104953581,89.84821681498951,7.955606,0.7360252,24.22337,1.177502,20.805369106525006,0.9428671212326541,22.224853459399256,1.4092633646987562,0.2660415971176031,4445.165319077785
1994-07-29,123.00704918937653,568.1176104953579,89.68161771585153,8.3567295,0.7792327,23.430033,1.1524197,20.7472713425962,0.9574092355896142,22.16397882095192,1.4238047705474555,0.20704918937653033,4444.958269888409
1994-07-30,157.75228931172734,457.7765755161345,89.46469943079663,8.39201,0.8037866,25.672,1.2202823,21.24335696764316,0.930625480347975,22.68377564309225,1.3970271893278614,1.7087219478046938,4443.249547940604
1994-07-31,232.78035359239777,446.1208091750247,89.17955321379023,8.489883,0.7957446,28.281347,1.5671347,21.49528737942934,1.0653302685859931,22.94774746738078,1.5317352206829613,4.68801225526597,4438.561535685339
1994-08-01,249.57221300634117,437.3172187414242,88.95999346891487,8.453358,0.78005743,29.248959,1.7832005,21.693151356800023,1.170141348849199,23.155068666505613,1.636548898935323,12.06979118059819,4426.49174450474
1994-08-02,256.3602520403739,444.6102414639007,88.68960401283735,8.473623,0.7741178,29.23839,1.8102982,21.644260298171286,1.1826200598470955,23.103840782400145,1.6490269638216386,9.224312471819124,4417.2674320329215
1994-08-03,292.52926814935995,415.2686741665936,88.66054812203163,8.476853,0.7832412,29.97497,1.8426948,21.089908311189948,1.1285410943578007,22.52299266539857,1.594940863540855,0.9349200597825287,4416.332511973139
1994-08-04,286.8446075834412,454.2507738438083,88.48503253762486,8.591503,0.78598815,29.667639,1.8475263,21.5100169566994,1.1725838053347721,22.963181068093807,1.638988949291782,4.990631307250225,4411.341880665888
1994-08-05,282.09700660731926,437.6806350554719,88.26439690435576,7.942883,0.7947242,28.434078,1.8742009,20.403119079087656,1.1814557265395136,21.80337725567333,1.6478471436621136,0.04113200515150444,4411.300748660737
1994-08-06,278.64472539189177,437.3889995267648,88.03603530519364,8.497429,0.82683194,26.039225,1.4986322,19.21282988353913,0.9703398264499252,20.55619630537765,1.436718045708036,3.143234664518126e-05,4411.30071722839
1994-08-07,296.1124403882738,462.19333192973886,87.7212690229344,8.514018,0.84920186,24.877726,1.3025155,18.487826498392476,0.8603660725930944,19.79654023672108,1.3267370469229964,1.2371114643562612e-07,4411.300717104678
1994-08-08,308.185993734733,487.4632655398578,87.36245800729944,8.554533,0.84244245,24.7109,1.237846,18.452908460504492,0.8256021728225964,19.759953235983392,1.2919728133889543,9.293185261992227e-08,4411.300717011746
1994-08-09,308.21380490663233,481.6223153273896,86.99011717874168,8.477051,0.80798435,27.018595,1.5697976,19.78322063505338,1.0078134309161202,21.15384978503104,1.474197772495772,0.0013107108616230343,4411.299406300885
1994-08-10,317.1880184642874,482.3271795288144,86.59970698960586,8.365481,0.7996157,27.227816,1.6651882,19.74464777854522,1.053463676673473,21.113433277836506,1.5198475925014556,0.0010347101740361174,4411.29837159071
1994-08-11,324.088172691511,482.93755446027205,86.1857947197409,8.114872,0.9203599,25.658575,1.5065227,18.613314316105377,0.9743500351800533,19.928025943162012,1.44072222049195,3.358325641649902e-07,4411.298371254878
1994-08-12,311.79944160134636,479.2125808625695,85.82501742595059,8.489706,1.0435088,24.097088,1.3166579,17.94500319091566,0.8974703421813068,19.22777183069552,1.3638362855754407,3.881166884580995e-09,4411.298371250997
1994-08-13,317.84998571473176,446.0088175848692,85.63197475790075,8.601234,0.92364955,24.844248,1.3676451,18.085352654230054,0.8862306417392394,19.374829518595703,1.3525978536083638,6.560344124936761e-09,4411.298371244437
1994-08-14,630.153200003092,64.45793049535806,85.60958702792296,8.489089,1.0368603,37.71819,58.83362,11.20146609361427,5.540031676983597,12.161916711771495,6.006363217216511,3.0920007397896666e-09,4411.298371241344
1994-08-15,299.36980000289566,460.1716,85.58660794651338,8.493092,1.1225826,21.969109,1.7595223,16.657597565028762,1.1541917879998638,17.878832616667207,1.6205471468287813,2.8956680990853136e-09,4411.298371238448
1994-08-16,304.5261731156819,386.4701561360756,85.56756517268803,8.744518,1.1022159,24.71224,1.3001039,17.675170628962398,0.8744651146196515,18.94504219465736,1.3408286825566131,2.9573815239663237e-09,4411.298371235491
1994-08-17,536.5067733742485,181.70426356436457,85.41698852098597,8.584364,1.0761433,33.64795,8.226976,14.925341827729694,2.231235113249114,16.06378097654525,2.6975792211223912,2.979227702499493e-09,4411.298371232511
1994-08-18,1912.1554000080323,3759.259130495359,86.24379229797648,11.0300865,2.139518,21.728535,0.95066154,18.12148122862106,0.9578235223877628,19.412684915343245,1.4241910644315177,8.03229863849224e-09,4411.298371224479
1994-08-19,1117.9217000820531,2655.4680304953577,87.22230516587082,12.41884,2.561434,20.97105,1.2042694,18.437333455488854,1.13758782299685,19.743633798968496,1.6039583151393904,8.205353126883021e-08,4411.298371142425
1994-08-20,520.7949512665416,1594.5708304953582,87.55777147706128,11.752747,2.4790637,22.443682,1.1325794,19.81161444487952,1.0494697078591917,21.183600721907485,1.5158543639253304,0.07189657494170756,4411.226474567483
1994-08-21,296.86989142996225,1074.067970495358,87.92012368145667,10.761591,2.3014812,21.577501,1.0083905,19.235368792427305,0.9340889780602931,20.579812497065276,1.4004674321816266,3.6738362345628565e-05,4411.22643782912
1994-08-22,995.4705625519779,2965.1819304953583,88.54043145497809,11.788612,2.3447773,19.15711,1.1792501,17.30511165811257,1.0614869344234101,18.55729566998422,1.5278473799589531,0.003527860377906323,4411.222909968742
1994-08-23,1563.8722946948958,1268.795030495358,88.9298331807971,13.168657,2.7162359,22.721712,1.3442713,17.447616699409835,1.6159594973882796,18.70661196512638,2.0823211267799233,3.2960243164840847e-09,4411.222909965446
1994-08-24,841.4038946956483,1141.907500495358,89.15556747422639,12.127773,2.5518262,22.19145,1.1465168,17.92201622996451,1.2679741150128303,19.2036861715879,1.7343398527981093,4.048443610365018e-09,4411.222909961398
1994-08-25,611.9750072629681,934.762020495358,89.24768285711544,11.586363,2.4916313,20.860151,1.0626752,17.19092591288345,1.1765649419085713,18.437652236457595,1.6429244556087947,9.611382571367999,4401.61152739003
1994-08-26,384.67505469752564,1046.4513604953584,89.27264819711851,10.612001,2.3494952,20.758612,1.0428364,18.031285975821458,0.9900892620552253,19.31817863777687,1.4564559826037784,5.925636568956076e-09,4401.611527384104
1994-08-27,275.4290377508691,925.688880495358,89.2737513013366,10.19158,2.2265346,21.47957,1.017522,18.891114806186057,0.9357557890301262,20.219104347055076,1.402130719224768,3.059269071778715e-06,4401.611524324835
1994-08-28,225.06135606881486,857.354220495358,89.27073128505549,9.732021,2.1555388,22.107893,1.0306364,19.534638762935035,0.9312828928283245,20.89338654916006,1.3976645205063987,0.00028137721486704405,4401.61124294762
1994-08-29,589.3441371816424,635.210790495358,89.34791116037347,10.015747,2.1331034,28.232931,1.1737554,19.465508473507185,1.1935761922429282,20.820952068207628,1.6599570777451291,0.0001824900424148705,4401.611060457577
1994-08-30,398.2772547496431,639.0538704953578,89.31899051490711,9.77799,2.115774,23.753479,1.003012,18.387671381910767,1.0206415603081107,19.69159804803468,1.4870115810425,5.804307522479949e-08,4401.611060399534
1994-08-31,274.13172469821484,638.1281504953579,89.35429329258659,10.203556,2.2264063,21.43311,0.97364837,18.058657686676167,0.9547020443550156,19.346858622844923,1.4210690132209667,0.0,4401.611060392919
1994-09-01,233.9118679012,583.7044804953581,89.2320752123833,10.36809,2.2476437,20.58524,1.048427,17.662214958028127,0.9867682639514733,18.931467286939178,1.453131719928635,,
1994-09-02,230.2066279012,545.4886504953582,89.08428881908745,10.252253,2.193749,19.947317,1.1139553,17.070068571986752,1.0185873386138622,18.311018327796187,1.4849458822763841,,
1994-09-03,213.6380779012,506.0442404953581,89.14052083659264,10.387749,2.2553344,18.834093,1.1642554,16.326791286433867,1.0575476494043365,17.53221492876017,1.523900594556015,,
1994-09-04,191.6854079012,473.4881304953581,89.00108231535208,10.583191,2.3500671,18.544643,1.2128979,16.250363520513535,1.0972917843681125,17.45213417688409,1.5636441896732118,,
1994-09-05,183.8586179012,452.642570495358,88.80335066832252,10.260164,2.2489216,18.756533,1.2552167,16.3022865793674,1.1039956716826755,17.506538980461073,1.570348443018112,,
1994-09-06,191.89619790120005,419.228860495358,88.60904908652975,10.020084,2.2200563,19.103762,1.2682909,16.251443458687227,1.1148686699413783,17.4532657324109,1.581221082828079,,
1994-09-07,235.8185398442151,396.1692882757945,88.45114898882518,10.38755,2.3161824,20.236313,1.3455353,16.561367413843655,1.2076301526476656,17.778002993201767,1.6739847964405696,,
1994-09-08,263.5145741150578,394.0115544385,88.25603320632361,10.221563,2.286758,21.819567,1.5002921,17.17147322817617,1.2837983653592506,18.417269779916978,1.750157721798422,,
1994-09-09,247.5309634547879,406.8966940564001,88.05812158225719,10.266058,2.3090901,21.799284,1.5351269,17.436952233850675,1.2937712214153734,18.695437774568145,1.7601327614083835,,
1994-09-10,219.25108396405872,386.66629155270925,87.85829116695804,9.853367,2.1397448,19.732445,1.451132,16.157702350841525,1.2070785355450266,17.355044120048124,1.6734302952982139,,
1994-09-11,233.71162820352453,407.0977148899274,87.57514249098965,9.915436,2.1425083,18.18446,1.2681122,15.16863749354,1.1223203671119197,16.318705343516662,1.5886658480358078,,
1994-09-12,250.8864596911349,419.8246764736898,87.26178105264522,9.819023,2.225794,17.77389,1.6052773,14.798289222601012,1.3049245951815966,15.93065569119902,1.7712680129346756,,
1994-09-13,266.86351714281653,424.29733829945405,86.93467413278363,9.962425,2.3097634,20.476358,1.701632,16.4168328115203,1.373523778357849,17.62656013095418,1.8398773680876437,,
1994-09-14,270.8295247320912,413.3857363665159,86.63317094445748,10.139233,2.313188,21.923035,1.706166,17.258710901107968,1.378749999289072,18.508677115407853,1.8451100643636633,,
1994-09-15,271.78287672051613,408.9898515365908,86.32820836595417,10.048336,2.2879076,22.382622,1.8908471,17.458441461633587,1.4576409165001953,18.71795411398183,1.92400263676722,,
1994-09-16,279.13482846113385,396.0779951419759,86.00070281889816,10.1462,2.3140068,23.897846,2.0463636,18.212878127757488,1.5349445757325655,19.508450273833724,2.0013129597054626,,
1994-09-17,231.80129720429576,423.4334613780343,85.68578148763987,9.996435,2.2346995,23.729692,1.8701836,18.87130115152703,1.444174654478676,20.19834366743294,1.9105493859766576,,
1994-09-18,141.76084427099312,371.2065641758453,85.44274843865031,9.485125,2.0373662,22.001604,1.7137222,18.542618829099286,1.3619562003994918,19.853951453537462,1.8283277012714316,,
1994-09-19,230.24451346216185,388.83034363875504,85.14333188573887,9.576763,2.0609381,22.011448,1.6437408,17.386776256100536,1.2858384386250195,18.64286355659955,1.7521995597457272,,
1994-09-20,248.11515000872188,438.5500002409243,84.80440863672094,9.616274,2.0799649,20.513838,1.5257943,16.57618245303603,1.2306270442046372,17.79352614062486,1.6969817973906747,,
1994-09-21,259.39127898829565,426.5311206269316,84.46261971030118,9.685541,2.0858612,20.728249,1.7124984,16.552292236110894,1.3252166224291748,17.768494052995322,1.7915711993356214,,
1994-09-22,265.98754637971234,424.6571997206637,84.10125042653218,10.117407,2.1830537,20.730255,1.2110828,16.642936008794056,1.1231168763359212,17.863470288162503,1.5894721255386397,,
1994-09-23,190.4881932689863,269.7492278359924,83.96747011460116,10.476927,2.3177404,20.987413,1.6473205,16.63721607010336,1.3610471874915802,17.857476955955025,1.827402393992298,,
1994-09-24,153.82762596778923,311.91121625144655,83.74958141551923,10.522795,2.5225153,19.529604,1.9791057,16.55476922992821,1.5655406216640133,17.771089438649923,2.0318952168172135,,
1994-09-25,199.5630893330899,385.3727325740478,83.41846043098163,10.416031,2.514646,20.195164,1.49226,16.85880803091443,1.304839607330788,18.08966025501864,1.7711964954707167,,
1994-09-26,305.6957779012,888.732540495358,83.17935180240809,10.926285,2.5938962,18.367285,0.82225645,16.462873900001373,0.9027931930878391,17.674801826081058,1.3691471159934656,,
1994-09-27,946.9385479012,153.22793049535798,83.21853370264112,12.66316,2.9013684,30.32474,48.78154,15.12301278536496,7.238565701342529,16.270899930251115,7.704910919623995,,
1994-09-28,476.5425039012,419.5461804953581,83.25516946743178,12.047081,2.7763023,22.416645,2.2844374,16.902081474093414,1.8231470043439397,18.135002020858714,2.28950422743541,,
1994-09-29,485.7966579012,613.4152604953581,83.29853405328268,12.159603,2.49659,17.733124,0.8093138,15.269906574087324,1.1922235542932778,16.424814739943113,1.6585696266875487,,
1994-09-30,306.0017329012,652.2385804953578,83.33264985465306,11.117516,2.5112295,14.131523,0.83098584,13.169038538427134,0.9813344140288371,14.223532393636482,1.4476706184028445,,
1994-10-01,685.3509320988,215.09090049535808,83.38580892997524,11.793959,2.3591237,15.856156,11.568109,12.764306471517916,3.2954525862033774,13.79945551743636,3.761787469426697,,
1994-10-02,695.5789020987999,227.32295049535813,83.39089211917681,12.440556,2.7534273,16.835175,3.6513906,13.523008437736406,2.261733825756731,14.594420844147168,2.7280713391605946,,
1994-10-03,411.7039670988,445.2530604953578,83.29777929340914,11.603064,2.5464952,14.962235,0.8682936,13.348403788909978,1.3039326962482776,14.41147068996297,1.7702695460301456,,
1994-10-04,316.8166020988,458.237100495358,83.1941595519152,11.146446,2.4431317,13.506067,0.96273005,12.541531373317515,1.1494921519176207,13.566032531060557,1.6158263878890708,,
1994-10-05,290.9408920988,422.021430495358,83.2224428688468,11.216181,2.3922584,11.754773,1.0613579,11.53498798372172,1.1609015179391822,12.511379808138535,1.627233537116688,,
1994-10-06,288.3586420988,378.98769049535787,83.24904856362981,11.273893,2.4312413,11.492844,1.3226177,11.398235776018415,1.2914325340141493,12.36809131237105,1.7577643414238435,,
1994-10-07,253.37695732023164,402.192416563967,83.27088816799247,11.018095,2.6395977,12.099095,1.3154954,11.681289716491952,1.3008283042986128,12.66467426362773,1.7671605737143612,,
1994-10-08,217.83118179219645,425.350364623245,83.22728919304517,10.996395,2.6874962,12.974254,1.1258439,12.304397272052837,1.1759264112206105,13.317564230357801,1.6422600205904834,,
1994-10-09,202.3078933638573,412.9235458982125,83.05572337788506,11.238863,2.6798868,13.573898,0.92124724,12.806063567070925,1.076513226219399,13.843208459417314,1.5428482370809806,,
1994-10-10,209.1664420988,513.2287504953581,82.90491862316362,10.967611,2.255888,13.63652,0.77508163,12.863749164696289,0.8543267401884571,13.903651231420818,1.3206619306572098,,
1994-10-11,193.7265820988,433.113560495358,82.76502791222696,10.273554,2.2462242,10.925582,0.82460135,10.724070950999398,0.8980744599321491,11.661703713233289,1.3644055360088538,,
1994-10-12,175.5857026857743,495.3006189877024,82.56063491079853,9.958712,2.239191,9.751248,0.92937213,9.80554605795753,0.9023472894148833,10.699276470124293,1.3686782057075533,,
1994-10-13,171.85066777860573,482.0542463206869,82.35556621444631,9.796478,2.2482998,10.025898,1.0376883,9.965604916915447,0.9665996842525908,10.866985595406561,1.4329305589617292,,
1994-10-14,176.43577064824476,473.0848352060455,82.13794781434417,9.954678,2.333581,10.706803,0.9945477,10.502495893599379,0.9625801839052457,11.429538125505992,1.4289111331223865,,
1994-10-15,188.714592403628,470.73348360836974,81.88301747096727,9.771925,2.2296467,11.886884,0.92463654,11.28164490723093,0.9180211371919674,12.24592779860147,1.384352780946795,,
1994-10-16,199.76845598471155,471.4452342151444,81.61074633757201,9.515568,2.1567595,11.438318,0.9442306,10.86606399308137,0.9229728063151998,11.810483537347848,1.3893039932112152,,
1994-10-17,203.26776750033017,471.8794808346463,81.35243856090409,9.336275,2.1147978,10.7206135,0.98565906,10.30382829321343,0.9380748419102175,11.221374892932813,1.4044057251293522,,
1994-10-18,206.3782776050852,474.0783124823844,81.0814631965106,10.059898,2.1100702,10.38242,0.88105345,10.284600896904337,0.886767780134897,11.201228492805711,1.3530986593625909,,
1994-10-19,208.7242172307848,470.7090947762415,80.79106665038287,10.124161,2.242302,11.329515,0.99549496,10.959226409170537,0.9747597973403844,11.908098798466288,1.4410910694742902,,
1994-10-20,210.70334300568248,461.7590790253544,80.59078130210273,9.807871,2.3471391,12.26676,1.041875,11.49631364823001,1.026006786350504,12.470856971611925,1.4923387434695992,,
1994-10-21,234.57809812475648,423.2491490221677,80.41182057527163,9.603884,2.232164,13.111291,1.0107336,11.860566047355462,1.0278554711432768,12.852519390281035,1.4941880805778607,,
1994-10-22,228.9114148266221,441.7360802092469,80.10376899640053,9.553989,2.186221,12.375899,0.8935832,11.412699730107118,0.9504042937759134,12.383246594022637,1.4167361225722475,,
1994-10-23,214.99708235782032,447.4439410542875,79.81763599677096,9.492504,2.2035992,12.018573,0.9349356,11.198730167076004,0.9540861272197494,12.159050017296998,1.420417664049936,,
1994-10-24,157.88521465928713,405.8519394449877,79.57962885683123,8.925049,2.0679579,11.921927,0.9078788,11.08259511181626,0.8732954308367694,12.037364103383664,1.3396268311224002,,
1994-10-25,192.44359848707276,424.7448383721906,79.32653168472213,9.041288,1.981526,10.750394,0.8339757,10.217483023150546,0.8432945803160273,11.130902614117463,1.30962544892491,,
1994-10-26,225.07805912046305,441.1855733126236,79.01313264060353,9.276495,1.9016973,9.335378,0.82237744,9.315485857296029,0.8421803558961852,10.185793067058164,1.308511581709663,,
1994-10-27,229.3391661009439,432.9813557647361,78.7892645664863,9.296656,1.8924538,8.288273,0.85586333,8.637441669736642,0.8616590812832863,9.475340685111544,1.3279911882980666,,
1994-10-28,234.5478074935151,445.393433133968,78.55006118989284,8.806587,1.9637129,8.351264,0.9689882,8.508329134992382,0.9283001722182739,9.340057012555627,1.3946325066291267,,
1994-10-29,237.5102564038286,451.01821636517366,78.18997222249331,8.609159,1.959292,8.801533,1.1382598,8.735172924588047,1.006345790727814,9.577743159867264,1.4726777382945122,,
1994-10-30,238.9425517656158,458.80933244377775,77.84099884034951,8.547742,1.9571738,9.484713,1.1500582,9.163850446661698,1.0104852246410916,10.026910002135232,1.476816601874031,,
1994-10-31,259.7382796127038,454.5893629783892,77.48527208363758,9.108253,2.0929315,10.593688,1.0434569,10.053565475566312,1.0099990291543386,10.95915036808281,1.4763298934874904,,
1994-11-01,686.4892522686424,104.0338183322188,77.49594065180634,9.970192,2.4140816,14.266511,4.7142344,10.535592875267138,2.1862586513695157,11.464217029761098,2.6525896159683744,,
1994-11-02,764.3382220988,282.4848,77.78688610105817,9.924444,1.9406408,14.522101,2.3925226,11.165120271097296,1.5571131907041047,12.12383368318019,2.0234446864315916,,
1994-11-03,399.2715220988,397.1523804953581,77.93975486759444,9.708296,2.0809484,10.346898,1.0713574,10.026747347319716,1.172084454510086,10.931050424979212,1.6384153210690109,,
1994-11-04,350.2630147552207,422.7198257507084,77.96696610718126,9.740299,2.345007,10.721023,1.1734684,10.27662577056646,1.2413432712401795,11.19287218269049,1.707674148936374,,
1994-11-05,354.0875970031524,443.0819911519378,77.94905276784857,10.172384,2.366061,12.936333,1.1155496,11.708639278179113,1.220233463753512,12.693331040873737,1.6865657826646974,,
1994-11-06,285.7803663968508,388.584045538396,77.914857593607,9.814552,2.1314473,13.4268465,1.2100962,11.89603802602829,1.141088582930339,12.889686808279532,1.6074212639980892,,
1994-11-07,265.1817006229678,316.0061185256857,77.9131800902399,9.2230835,1.9329941,10.529346,1.0068924,9.933330816003075,1.0380801665024997,10.833168902794071,1.504411047237947,,
1994-11-08,249.588571911364,375.9801654020761,77.82735643688788,9.120115,1.9457542,8.418455,1.0689813,8.698402547613169,1.0076930660381773,9.53921528456623,1.4740250723136605,,
1994-11-09,254.02554544842027,425.4557900268253,77.70290104736384,9.358814,1.9323694,8.5248375,1.1393625,8.836621477698706,1.0153049652626602,9.684040607032081,1.481636758872329,,
1994-11-10,314.7005298661489,514.2395238199243,77.66737804784422,8.990019,1.8367133,7.660612,0.9163434,8.16531085152729,0.8996478392213035,8.980643627690247,1.3659808703803955,,
1994-11-11,238.2197420988,442.0846904953581,77.65931244764734,8.742588,1.6146299,5.7325883,0.9065413,6.786589015395882,0.8165199526579714,7.536023600716584,1.2828571418398766,,
1994-11-12,216.96696141442905,445.30462783474167,77.56228935710597,8.561996,1.6054652,4.6627383,1.0019186,5.9401752591069785,0.8546844813087873,6.649154160197754,1.321025300198684,,
1994-11-13,239.1172784978599,460.5864984298099,77.43513850736018,8.617359,1.740491,4.898438,1.2098789,6.169344811869317,0.9940112485170453,6.889277234205206,1.4603510037590353,,
1994-11-14,248.52603546545072,487.4729482715983,77.26964023520101,8.59,1.8691287,6.6089067,1.2255179,7.277865944397993,1.0282031426087441,8.050781887578827,1.4945386008451829,,
1994-11-15,270.0052179208492,540.091051785051,77.16109453540847,8.789543,1.8297577,8.357857,1.1978385,8.501737897993047,1.004832035656506,9.333150736958741,1.4711643821875278,,
1994-11-16,298.5096146473037,576.5310591941688,77.02878206228061,8.747179,1.7241422,7.6640034,0.99050784,8.033515736912067,0.8785451666990038,8.842549157115478,1.3448785013512707,,
1994-11-17,282.4695833987631,543.8649655468846,76.96726207654778,8.611982,1.7010616,6.4325895,0.9735639,7.177580988942117,0.8652756787086046,7.94570365405913,1.3316114678616615,,
1994-11-18,240.5569890060483,511.3600500177281,76.94319431583736,8.755989,1.7965317,6.731288,1.0804982,7.379040273871784,0.932900795181618,8.15679200415432,1.399235931222913,,
1994-11-19,264.6791555510389,541.0373959230735,76.89284963083747,8.601885,1.7221781,7.46659,0.9969384,7.839536094230488,0.8764776494293935,8.639297950599957,1.3428114669104008,,
1994-11-20,206.96634989330457,448.7161984600518,76.83084826740206,8.512209,1.5992036,6.451851,0.93483734,7.1022033911641635,0.8149228841659034,7.866723264772818,1.281258929619356,,
1994-11-21,445.85703935432855,280.6028336811421,76.81556232776187,8.748322,1.7189109,5.703368,2.4808085,7.57217599633382,1.4251908128536601,8.359158953948603,1.8915253663501117,,
1994-11-22,537.1438620988,482.8474904953581,76.89420175491016,8.689385,1.6559926,6.3968377,1.9214653,7.604130228069858,1.260105347835145,8.392640488731546,1.7264398090630313,,
1994-11-23,307.3762420988,533.1119304953579,76.93076298264934,7.746783,1.415109,3.6403627,1.1555794,5.142128024990783,0.8972595963903788,5.812962996278802,1.3636045880518202,,
1994-11-24,283.30820709880004,459.75097049535793,76.94902916469945,7.3661075,1.2520393,1.0276935,1.5651731,3.4443579524622168,1.0796799441724247,4.034045317820032,1.5460362360421416,,
1994-11-25,258.9704820988,449.568170495358,76.96449859564176,7.7089686,1.2455391,0.4583702,1.4103832,3.1084598886909616,1.004028459640178,3.6820924748106014,1.4703873778227874,,
1994-11-26,251.3202220988,425.0903904953581,76.97750949472508,7.075355,1.162008,-0.3694409,1.3597574,2.396671476013811,0.957413751189474,2.9362830091344505,1.4237786610847163,,
1994-11-27,238.93451809880003,410.36730049535794,76.95534120588333,6.3576517,1.1320969,-1.0752059,1.1417719,1.6599877977928277,0.8332351995761746,2.16438836932168,1.299606920857723,,
1994-11-28,2919.1557620988,45.068930495358046,77.40249262189319,7.8866754,1.165432,2.9162958,161.82608,7.8111042673808715,2.714969737738414,8.609507179616267,3.1813036296045185,,
1994-11-29,1574.3072420988003,1630.924799999999,78.17844118623304,7.449612,1.0640512,7.2011795,86.30843,7.323201652339636,43.919606507294716,8.098284487387716,44.385941819709444,,
1994-11-30,806.9949420987999,1414.0938904953584,78.61397307079464,6.8029428,0.9731122,1.9220214,1.9852258,3.6954213519405066,1.312448328518546,4.2971086895760875,1.7788027416412349,,
1994-12-01,501.2253620988,1308.347160495358,78.83391232266305,6.4504967,0.92329323,0.51321197,1.6807019,2.1577537788927885,1.2417909979548614,2.685945862790334,1.708158048890217,,
1994-12-02,380.3235620988,1115.5163604953582,78.98187058472836,6.3394346,0.9105625,0.41919482,1.1011237,1.9244405711520307,0.8531705462566257,2.4414810812608705,1.3195397510027673,,
1994-12-03,307.5133620988,1007.0096304953582,79.0381366374504,6.579199,0.9320913,1.5607407,1.0944619,2.734735337150958,0.8663186155395202,3.2905051672204553,1.3326806074315523,,
1994-12-04,274.18030209880004,875.511800495358,79.05512629430834,6.6935744,0.9323498,3.0179334,0.9812327,3.894505777877851,0.7796067462964251,4.505708670537172,1.2459597208824031,,
1994-12-05,1796.3276420987995,647.6981304953583,79.47777788513899,7.2042785,0.88375866,7.9136033,31.604969,7.3922586351773605,8.40087077302304,8.170642157945597,8.867205867834468,,
1994-12-06,1090.0394420988,2293.8847304953574,80.09085261729813,6.948007,0.94826925,4.949442,1.350302,5.593225511671412,0.9649613657631677,6.285621400823148,1.4313039092602213,,
1994-12-07,498.0637820987999,1944.6805304953584,80.55073412633604,6.0728927,0.84385306,5.424725,0.8564249,5.556883304795814,0.7031788647719377,6.247542160688516,1.1695215968833819,,
1994-12-08,212.80669209880008,1994.228630495358,81.02735944050781,5.110239,0.7720477,3.3266635,0.8148536,3.498639359556329,0.7400375070513174,4.090921190621536,1.206393386616973,,
1994-12-09,182.1391420987999,1598.251730495358,81.37776858459134,5.024983,0.76600724,0.7168497,0.6351041,1.1575841915485088,0.5754915597608871,1.6379715880796961,1.0418682821941712,,
1994-12-10,252.42819209880005,1507.0059304953577,81.70025894573439,5.194961,0.78454,0.7764329,0.83701617,1.4103645835759904,0.725710583640533,1.9028340187595485,1.1920847537078743,,
1994-12-11,772.6004020988,2262.278530495358,82.19526114159146,5.325437,0.80321425,0.14651,1.2759691,1.4649287033740375,0.9728720610014634,1.9600061169658296,1.439245689713616,,
1994-12-12,226.1025020988,1971.355640495358,82.54741499842527,4.3951173,0.7469092,0.19719553,0.4966228,0.6291312258012718,0.4521036551934268,1.0842603769958352,0.9184859495354686,,
1994-12-13,293.9140720988,1361.6610004953577,82.7481831281053,4.5824127,0.759675,-0.5394014,0.52071834,0.3698737232049842,0.4490080980553625,0.8126112520028828,0.9153932427130642,,
1994-12-14,163.70934209880005,1343.3099304953582,82.87584864585952,4.6659803,0.7596315,0.039907336,0.4881187,0.5424432901968339,0.44284996371744123,0.9934290543973887,0.9092332025671832,,
1994-12-15,117.9055920988,1264.0840404953583,83.05056173747116,4.844402,0.77920914,0.6118003,0.5165102,0.9729082236232229,0.47709796911714,1.444468740170797,0.9434766024426597,,
1994-12-16,126.73835209879996,1067.235450495358,83.18454142856619,4.6450634,0.7657897,0.8020098,0.47275367,1.2099436270346013,0.4303189812529037,1.6928336256002474,0.8966951690045635,,
1994-12-17,116.0555620988,1049.721660495358,83.21555760784216,4.56059,0.7542893,0.85583174,0.60408837,1.22464815881488,0.5491087265544121,1.7082409837346963,1.0154847647108256,,
1994-12-18,108.1967720988,1044.6274904953582,83.28158687371537,4.7779803,0.78653634,1.7051389,0.68587637,1.9935363228631162,0.6258729540071769,2.5138793737117346,1.0922415144143227,,
1994-12-19,104.42726209880004,981.982660495358,83.32654931403502,4.437871,0.7104577,1.5295858,0.60953254,1.8091343295090612,0.555159600419588,2.320663595422036,1.0215298925885687,,
1994-12-20,114.00764209879996,853.298360495358,83.38393908164336,4.410866,0.71628517,1.1294283,0.5958149,1.5161817383709109,0.5323284349802595,2.013708871835818,0.9987015582887475,,
1994-12-21,117.5989420988,761.2585704953581,83.54631777373369,4.6977463,0.7873023,1.4206399,0.68786055,1.8591458200666866,0.6050604323842936,2.373065464272588,1.0714302510410292,,
1994-12-22,124.27108209879997,733.6058004953582,83.70024221566904,4.805439,0.81101173,1.922113,0.9934109,2.3397883168417217,0.8575916014023618,2.8766810293992875,1.3239570151306617,,
1994-12-23,130.5650720988,697.4636004953579,83.84520061676274,4.77878,0.7949453,2.391398,0.9886553,2.7678447081456348,0.8421433089828937,3.325197052969955,1.3085050221175836,,
1994-12-24,397.2720920988,106.26538049535812,84.2931088806528,4.3854914,0.7217317,1.8309673,3.3972034,3.8463905367048694,0.9155534569147213,4.4552936853098455,1.3819067750164358,,
1994-12-25,54.9368420988,905.9191804953578,85.26158093477801,4.29401,0.6543403,2.8119433,0.8826485,2.896680310118831,0.8330237075518419,3.460190556314996,1.2993843479121612,,
1994-12-26,387.7894737036,1084.7702822186063,85.5315450249439,4.3636913,0.6328974,1.2266116,1.3779004,2.052742090112012,1.0286314317635112,2.575914974250337,1.4949994444019152,,
1994-12-27,439.6083462597366,1154.0102691281063,85.49842381102184,4.324089,0.6139748,0.8959738,1.3930347,1.8416380030148196,1.0228779794445104,2.35472083341312,1.4892479635411042,,
1994-12-28,422.7060589671752,1125.1327177963008,85.32129800841362,4.3584614,0.6228101,1.1979356,1.3455346,2.061057389970417,0.9927553470805276,2.5846277170175433,1.4591232831072158,,
1994-12-29,387.7894737036,949.196891462296,85.15780833532034,3.6727479,0.48570666,-0.1706469,1.1188992,0.9441199074502146,0.8067607726105617,1.4143044408926546,1.2731397073299346,,
1994-12-30,516.1288637036,748.7448323698316,84.95081616751646,3.3754108,0.44203937,-1.7770025,1.4875821,0.3254281713257819,0.8988611168182369,0.7660413546733731,1.3652467578338185,,
1994-12-31,388.9918337036,721.6895830783471,84.83894908377326,3.43877,0.47225958,-1.4964246,0.94411397,0.23201923793593693,0.6353646957136503,0.6681677935699588,1.101751387260619,,
1995-01-01,687.5621737035999,1174.367030495358,85.10179509031015,3.7687955,0.5428266,-0.38942993,3.6160889,1.1460948933565556,2.2895527148277544,1.6259331407083686,2.7559295550063156,,
1995-01-02,635.8342737036,1337.0846304953575,85.29678786890871,3.396752,0.5212392,0.24049115,2.4658735,1.2576940867413733,1.6795910300076302,1.7428663940542224,2.1459667328763907,,
1995-01-03,560.6964037036,943.903960495358,85.35017869156924,3.1442811,0.4565971,-0.6160909,0.65231335,0.7852294376020084,0.44319041441767715,1.247819549725604,0.9095710296595279,,
1995-01-04,504.8233437036,827.1016604953578,85.34477695053334,3.0444155,0.4488858,-1.1881808,0.5701252,0.4160487123999691,0.39279609920119446,0.8609932478400837,0.8591807305792318,,
1995-01-05,493.4268737036,708.949650495358,85.24448195233039,2.9368446,0.45227605,-1.4385158,0.5602642,0.3570285792381869,0.37891485166965644,0.7991521540634006,0.845300139546968,,
1995-01-06,399.6672837036,767.520250495358,85.21798160213503,2.972135,0.46031845,-1.3289074,0.56390184,0.14385163151593994,0.40292121625098837,0.5757860769489712,0.8693089085345116,,
1995-01-07,387.7894737036,608.3083304953582,85.32567185808085,3.1913924,0.4476472,-1.7338299,0.86987424,0.18360169233727036,0.5590802509010574,0.6174360547987758,1.0254674909057018,,
1995-01-08,387.7894737036,837.2061286553783,85.45997459737012,3.0490117,0.43752903,-1.3968154,0.80991423,0.010573275296011011,0.5705903301187203,0.4361374708909988,1.036979552035851,,
1995-01-09,403.0284537035999,772.6270292783374,85.43285049798357,3.0241787,0.43020865,-1.4899999,0.88397413,0.0575133572297935,0.5993653726857069,0.48532112828457313,1.0657540535554004,,
1995-01-10,434.9651037036,695.0888354596309,85.3302370685561,2.9572096,0.43815225,-1.5746793,0.8609259,0.16967420594905314,0.5557563837957221,0.6028428821699323,1.0221437820626464,,
1995-01-11,387.7894737036,751.1716204953581,85.28378720029089,3.0597832,0.43563014,-1.5293463,0.88168347,0.03314437268334216,0.6001092579684024,0.4597873895780078,1.066498219408904,,
1995-01-12,387.7894737036,642.497000495358,85.32052699812874,3.348426,0.4332322,-1.7476217,0.86908346,0.17047950177876955,0.5659686746110729,0.6036866683875431,1.0323560637211338,,
1995-01-13,387.7894737036,553.0932204953581,85.71397141202713,3.8406718,0.49573702,-1.7501291,0.86893976,0.5541472367816707,0.5501504041073583,1.0056924096210407,1.0165335149351176,,
1995-01-14,387.7894737036,1155.520298312515,85.96944471510757,3.9787378,0.6124865,-0.5167607,0.8830726,0.6128291160253392,0.6788568751064615,1.0671790820985876,1.1452393464120194,,
1995-01-15,1115.2564737036,1506.5835321501731,86.46446440719255,4.747344,0.6204043,-0.83700764,0.89353365,1.5384173746207852,0.5772998533634515,2.0370072954897163,1.0436727583416723,,
1995-01-16,1163.0988464700604,3367.2427408664,87.2873794160468,4.465543,0.5798472,4.196967,0.9436304,4.2659199939463495,0.7169918349501865,4.894875216517761,1.183342246946872,,
1995-01-17,689.9953736214828,2912.759746837073,87.64102973574843,4.039278,0.6026204,5.3875155,0.9456253,5.1293027004317375,0.773182678576436,5.799524665047013,1.2395277432450007,,
1995-01-18,742.4689970316285,2613.102012538927,87.68022474006575,3.9689016,0.5612941,4.8253922,0.91982794,4.635881214035362,0.7269894793381927,5.282519318277863,1.193337495608808,,
1995-01-19,759.5363916306542,2493.808971325733,87.52237179864733,4.007802,0.5566983,4.688966,0.91114366,4.529939125550574,0.7104150441952782,5.171513560108416,1.1767637305116656,,
1995-01-20,1437.7725321441258,2872.364997960868,87.8916240213939,4.201935,0.61697316,4.291996,0.95483476,4.2619534569080795,0.6687771034744733,4.89071909256799,1.1351275420050448,,
1995-01-21,1427.515967892147,4766.2996614453605,88.65818172717451,3.8443153,0.54398096,4.180602,1.3503441,4.103096577612769,1.0466603668925953,4.72426939746744,1.5130118828760972,,
1995-01-22,1186.848196151595,3701.9493354387896,88.70668166535206,3.5789948,0.48368838,2.5742865,0.8570338,2.8181984277882837,0.6595103884869613,3.3779575082859425,1.1258716800821555,,
1995-01-23,933.244801343946,3160.245419717044,88.56957146846939,3.508728,0.4524003,1.7290306,0.8760846,2.1347707657744817,0.6841713636445795,2.6618643402084725,1.1505386239817728,,
1995-01-24,750.5971184429606,2824.716217127206,88.43035721000159,3.4763043,0.4295693,1.6591312,0.93366593,2.0406263788539154,0.7431455087460912,2.56322017340959,1.209513633152237,,
1995-01-25,658.419151776976,2515.3266296906017,88.26736718545779,3.4412863,0.41716173,1.4796665,0.93287474,1.886620326419509,0.7443902949951187,2.4018531581121736,1.2107598547385152,,
1995-01-26,632.4975651900522,2289.4610160045563,88.06835224200678,3.389714,0.41460207,1.0576761,0.92524,1.5624773151550015,0.7304931817166685,2.062217218936676,1.1968658510887344,,
1995-01-27,573.4264456432167,1989.8907350309887,87.89477162539838,3.3235712,0.41446713,0.51925457,0.8269121,1.146593755020043,0.6485893041017693,1.6264558462540974,1.1149661391647339,,
1995-01-28,567.3285417350844,1596.4425520059283,87.63431743766856,3.1843326,0.42880204,-0.3020811,0.67440224,0.6120368482032146,0.5101215866085086,1.0663489465827973,0.9765040665220764,,
1995-01-29,532.9596137036,1274.0140298221336,87.53243198562038,3.0499914,0.43781316,-0.8679842,0.6982787,0.2876069644584567,0.5089774189747537,0.7264124234031177,0.9753634841477935,,
1995-01-30,495.0446637036,1161.8256403669675,87.47182812933283,3.0995789,0.43688062,-0.60398924,0.89465064,0.5025739078289422,0.640780416572712,0.9516540518389776,1.1071640927036361,,
1995-01-31,447.0492937036,1062.753734733708,87.4421812784001,3.0745893,0.4362337,-0.1546371,0.89722985,0.801529588425143,0.6446355676105211,1.2648987920388062,1.1110160091232486,,
1995-02-01,428.7829137036,1042.5963038620005,87.34391916526404,3.267657,0.44242993,0.21291113,0.8986792,1.1031118586066264,0.6497112666925248,1.5808956638275466,1.1160885487108783,,
1995-02-02,445.5967237036,891.6368043747648,87.25050182662825,3.024581,0.45129445,0.21112072,0.8850264,1.1486298693437313,0.6089752260193194,1.6285892798823496,1.0753520402058188,,
1995-02-03,556.7023737036,724.3588404953579,87.08437765197323,2.9063258,0.4495274,-1.0993196,0.8830039,0.6413874823047512,0.5361381399329055,1.097102440664264,1.0025203014302952,,
1995-02-04,477.4437337036,748.574120495358,86.89202377133316,2.9631681,0.4824695,-0.65334,0.91049564,0.7550238006452459,0.586816360148125,1.2161701865751127,1.053197298128672,,
1995-02-05,555.0468837036,651.120550495358,86.63420294662966,2.8198686,0.49737197,-1.029178,0.6787155,0.7420531119867205,0.4320015697920532,1.202579543336791,0.898382646680914,,
1995-02-06,540.0622837036,625.4793704953581,86.24572840519276,2.6556,0.5207154,-1.5046026,0.57621855,0.42305788078275847,0.3922166312635784,0.8683374305119268,0.8586011849410433,,
1995-02-07,483.3546537036,556.3344504953579,85.98616362714651,2.6421268,0.5012099,-1.5780796,0.63212264,0.3839073098891516,0.4107389531763822,0.8273155961591372,0.8771239415793287,,
1995-02-08,91.3007620988,585.4057504953581,85.73513124226679,2.6431937,0.5101027,-0.59046495,0.49051982,-0.15418201813063162,0.4298841081524521,0.26350743762635886,0.8962752490342182,,
1995-02-09,95.17656209880003,594.140610495358,85.67257285354725,2.6000147,0.51121974,-0.38562906,0.43206435,0.026609775773307934,0.37903802846062584,0.452940461273076,0.8454270652522536,,
1995-02-10,98.7141920988,603.7408104953581,85.61141903066891,2.8700063,0.47273314,-0.47239482,0.5320084,-0.002695800365644923,0.4620472909586855,0.4222341787707818,0.9284366662764428,,
1995-02-11,107.0901820988,620.6923504953581,85.55419469493553,2.8745697,0.46345976,-0.38777626,0.526745,0.092264418539409,0.4543834307033153,0.5217331715342278,0.9207717126432986,,
1995-02-12,114.87312209879998,589.8520104953581,85.45306350874245,2.495616,0.5204743,-0.41570103,0.38658294,0.05885572341114101,0.33450589022052724,0.4867276549807398,0.8008945556547009,,
1995-02-13,98.52465209880002,527.8486004953579,85.24995991967327,2.5059905,0.5266137,-0.5134114,0.39450088,-0.038478092104694266,0.34261233135193736,0.38474161580225114,0.8090021213436411,,
1995-02-14,108.38963930726536,511.6309464080227,85.03726833738409,2.6581695,0.5013262,-0.57244766,0.45212725,-0.0076834588101398075,0.3832433632181883,0.4170081273020975,0.8496327962491339,,
1995-02-15,103.14231387070537,550.5726885160725,84.82252581298827,2.7205257,0.5189277,-0.43138063,0.39581922,0.06592311143912429,0.3432745820848047,0.4941328399978033,0.8096631662868983,,
1995-02-16,96.26171209879998,525.059870495358,84.7384640021192,3.0798051,0.49842858,-0.6889633,0.59144104,-0.1050658217452182,0.5057390415852873,0.31497122030367697,0.9721296071459575,,
1995-02-17,76.2191820988,519.910150495358,84.65887068508053,2.9402394,0.50670576,-0.25175261,0.60357577,0.15636523729551374,0.5303761902451692,0.5888977903091872,0.9967637399531961,,
1995-02-18,102.00227209880002,501.2202304953579,84.5689544586785,3.0888333,0.5195055,-0.42947662,0.7401422,0.16545411970697158,0.6212297986114804,0.5984210902311224,1.087617244876315,,
1995-02-19,104.76048209879998,530.9482304953582,84.54178323431915,3.1596208,0.5691087,-0.19739044,0.8617083,0.35582222875492797,0.7257895100455887,0.7978881441507447,1.192174811383047,,
1995-02-20,106.99913209880002,511.9020804953579,84.75909022481795,3.4176161,0.6506005,0.0015181303,0.87311983,0.5921124183384705,0.7308769110955029,1.0454721970787748,1.1972596077244837,,
1995-02-21,121.7587920988,576.7264804953579,85.006430381461,3.372365,0.61219436,0.45507395,0.90987754,0.9636112802317097,0.7588108342618848,1.4347274346651806,1.2251895648164017,,
1995-02-22,136.1676420988,592.408540495358,85.22490603444676,2.9751759,0.52208203,-0.37340534,0.7267121,0.2524295672048604,0.5988949971163894,0.6895536668087165,1.0652814582651127,,
1995-02-23,105.25334209880002,554.154800495358,85.45174573131963,3.181444,0.5186788,-0.57896984,0.81736887,0.021259507277435658,0.6918734110199564,0.44733446823207895,1.1582625095424457,,
1995-02-24,108.82703209880007,681.0569504953578,85.90143828085709,2.9491663,0.5292383,-0.25495374,0.55057204,0.18649700532140134,0.4802837471348976,0.6204697538464159,0.9466709542670615,,
1995-02-25,102.93336209880005,702.2070904953581,86.27187935704035,2.9128375,0.48183513,-0.23218226,0.4724666,0.16989349489653044,0.41664292448870616,0.6030726523794973,0.8830303202620647,,
1995-02-26,99.2483920988,670.7584304953579,86.58362313959768,2.8581405,0.46675593,-0.34277856,0.43479604,0.06979708888733524,0.383502205298695,0.49819198032550926,0.8498907449977852,,
1995-02-27,84.48182209880001,636.5088004953581,86.35662838775244,2.969287,0.47776264,-0.34465134,0.43501493,0.04365820623240498,0.3881009808373079,0.4708037484309738,0.8544898211441556,,
1995-02-28,116.96391209879998,565.8451904953581,86.40499541129398,3.2186267,0.48762366,-0.5181681,0.86364776,0.12193781819848175,0.7205643149297901,0.5528248582635619,1.1869522573226694,,
1995-03-01,54.9368420988,1008.061080495358,86.79867575251978,3.0872755,0.5411771,-0.24154592,0.60445464,-0.06950895026683308,0.5738977188585723,0.35222758869364423,1.0402878696460245,,
1995-03-02,54.9368420988,852.3258304953581,87.00095765329415,2.9615612,0.5205303,0.1072706,0.5743927,0.28010446117830007,0.5405316254571608,0.7185513261121941,1.0069177749637088,,
1995-03-03,54.9368420988,692.700210495358,87.18972938847854,2.9891677,0.54243046,-0.05659139,0.6067634,0.1672129064839789,0.5635892576305741,0.6002639410039589,1.029976683889056,,
1995-03-04,54.9368420988,639.389650495358,87.18749321292263,3.1336277,0.5053715,0.1963731,0.7829508,0.4287760034443372,0.722109735933815,0.8743288598903045,1.1884942262642806,,
1995-03-05,54.9368420988,630.053790495358,87.20545341274614,3.200866,0.60167384,0.2826252,0.8703953,0.5166706372596278,0.8020417757405117,0.9664245567491909,1.268425297052998,,
1995-03-06,54.9368420988,709.9122604953578,87.35223381990892,3.5133758,0.71634406,0.7996964,0.8864215,0.9946119250565414,0.8243597602619621,1.4672098043422361,1.2907381669911884,,
1995-03-07,54.9368420988,901.0283304953582,87.7198708084288,3.6429305,0.7608955,2.1826613,0.87214917,2.2665791838528917,0.8231911976032688,2.7999727501064933,1.2895572652146374,,
1995-03-08,294.8559420988001,3471.232730495358,89.8047093376703,3.8969195,0.7910971,2.173379,0.98499215,2.3083189883463064,0.909985068228168,2.8437075745743097,1.3763507622805011,,
1995-03-09,54.9368420988,5588.125230495359,92.0373891417289,2.4252377,0.67570794,1.1263853,0.6684453,1.1390300343561386,0.6619704607863963,1.618530605597744,1.128347373442389,,
1995-03-10,54.9368420988,3957.3215304953583,93.96545693852026,2.6697998,0.555904,0.7736796,0.43601653,0.7996417645168032,0.4301138388247917,1.262920736600851,0.8964943004426364,,
1995-03-11,54.9368420988,2807.538230495358,95.0349985302235,3.0890625,0.5249568,1.077543,0.49834093,1.116148256142409,0.48888056666459623,1.594555156602844,0.9552577144534125,,
1995-03-12,387.7894737036,2477.7872304953585,95.49851696374422,3.5033252,0.5556322,1.5579823,0.77561814,1.8212394554803346,0.6748581529296234,2.333347305035433,1.141228330224084,,
1995-03-13,387.7894737036,2988.880830495358,96.2595895247466,3.7955527,0.6402299,3.3265512,0.8681257,3.3804130926951865,0.7719365223699867,3.967044112340706,1.23829330426699,,
1995-03-14,387.7894737036,3042.8901304953583,97.34855059149618,3.7111094,0.6295591,5.1804404,0.85664594,5.014353477793628,0.7631395108145254,5.679081262501062,1.2294852382211467,,
1995-03-15,1600.4069154377737,4017.159415029758,97.03760454225387,4.072361,0.67515826,6.2399693,1.0017432,5.622432219357977,0.7417275636839034,6.316224089298995,1.2080699566942625,,
1995-03-16,1196.1795996186554,3162.7413617163606,97.21334587660711,4.5174074,0.686887,7.175952,1.0259039,6.4463914145960315,0.7678697624290136,7.179565717505823,1.2342083120110232,,
1995-03-17,904.8145055426442,2552.407552775584,97.411238571529,4.3053117,0.65342504,6.5695486,0.9476667,5.976958839421844,0.7202429141370165,6.6876958699132905,1.1865835582559476,,
1995-03-18,661.1510393356774,2128.086771517507,97.6820838490565,4.0604963,0.6444384,5.8076277,0.87272024,5.3934938590425885,0.6831510764414791,6.0763432579471655,1.1494946751982855,,
1995-03-19,554.8076904681923,1931.746110018429,97.75402096934359,4.1446137,0.61562186,5.72933,0.8769114,5.3757431823429,0.6949619744536976,6.057744159578885,1.1613056692017902,,
1995-03-20,476.929191518211,1650.010874066918,97.72755046052927,4.226898,0.60349274,5.6407075,0.8587308,5.323685430445441,0.6797807802817568,6.00319822509125,1.1461247586234597,,
1995-03-21,387.7894737036,1583.163400929662,97.78878724305727,4.490551,0.6193442,5.7140064,0.93786025,5.473288777654406,0.7631261430301414,6.159952100903344,1.2294693147267104,,
1995-03-22,387.7894737036,1538.0787594455533,97.96523190437317,4.451411,0.61695737,5.1419635,0.90172833,5.002914990452454,0.7307943216817715,5.667096054565493,1.1971401158635175,,
1995-03-23,387.7894737036,1442.10832552073,97.94616005576223,4.2083473,0.6264116,4.7468333,0.86961484,4.6327180967249895,0.6980655763592842,5.27920501477263,1.1644136124495823,,
1995-03-24,387.7894737036,960.786130495358,98.19777346714412,3.9393425,0.65905064,4.399082,0.84610504,4.266881801483036,0.6318917842882863,4.895882995166927,1.0982421898537345,,
1995-03-25,387.7894737036,1026.0976908790897,98.22463316029713,4.127068,0.66180575,4.6705275,0.8303334,4.521471829163184,0.6293408617608762,5.1626415558977135,1.0956896021838296,,
1995-03-26,387.7894737036,900.4098369328931,98.3215966861517,4.7810493,0.6401337,5.0622687,0.8242447,4.9776126142434345,0.6074935649577827,5.6405843112655285,1.0738395073802813,,
1995-03-27,387.7894737036,612.0418304953581,98.46427552400937,4.948063,0.64768595,5.640493,0.8093047,5.371930537970243,0.5554624194704064,6.053749283838088,1.0218061348833536,,
1995-03-28,54.9368420988,569.566190495358,98.68652867096314,5.313612,0.69132787,6.280946,0.8170057,6.195850492354915,0.7476122494368829,6.917049795612879,1.2139518855330587,,
1995-03-29,54.9368420988,518.912450495358,98.89390343152324,5.595079,0.72235644,6.976994,0.8174939,6.844697889129532,0.7424595849208837,7.596909879979455,1.2087965549698545,,
1995-03-30,54.9368420988,530.3623804953581,98.98322463121633,5.084859,0.66904205,7.31742,0.8504991,7.1078693135694095,0.7732245425984399,7.872659998901049,1.239560568560633,,
1995-03-31,54.9368420988,541.0366204953581,99.0778976988485,4.978482,0.6418523,6.8375897,0.86680543,6.666217142024709,0.7891244542540218,7.409898363268933,1.2554621096533214,,
1995-04-01,54.9368420988,519.9006904953579,99.17799029793332,4.713197,0.65333116,5.7937813,0.84198534,5.6905105789354335,0.7640728015502616,6.387556361750024,1.2304148475762433,,
1995-04-02,54.9368420988,510.4297804953581,99.24546702013404,4.787785,0.6719717,5.906749,0.8292055,5.798018735870974,0.7514735173163547,6.500203041088834,1.217815026185442,,
1995-04-03,54.9368420988,488.77319049535794,99.32768467659383,4.9003572,0.6893321,6.255683,0.8244965,6.118739888388865,0.7444541947876518,6.836253568366666,1.2107941797355668,,
1995-04-04,54.9368420988,483.3592004953581,99.49932780425004,4.2877717,0.7360226,5.8207245,0.83873147,5.664276030586272,0.7568698158376148,6.3600678916680895,1.2232119949490943,,
1995-04-05,197.13347284859333,595.1924072466379,99.52101469215562,3.7559032,0.690929,3.5818064,0.6307313,3.6251223246734083,0.5040247251577766,4.2234496091108245,0.9703796570729952,,
1995-04-06,969.4736841976,900.787750495358,98.88776621011084,4.4254355,0.72138184,2.2466083,0.8054164,3.3760309555215473,0.5388042685541281,3.9624525239897537,1.005161084203876,,
1995-04-07,54.9368420988,460.2367304953579,99.19174943150313,5.1038413,0.61351126,3.0310986,0.70629764,3.252130785413808,0.6343624365860688,3.832630349282408,1.1007202156462088,,
1995-04-08,77.30906488619685,447.7747881259477,99.32948880760168,3.7499468,0.699603,3.479012,0.8718879,3.518902246151411,0.7506191875698062,4.11215257393065,1.2169749140888,,
1995-04-09,54.9368420988,510.520570495358,99.51207883548028,4.088116,0.6536551,2.4848497,1.6274164,2.640614556011474,1.4706769827442572,3.1918857344782987,1.9370397739132863,,
1995-04-10,267.5157675202645,993.082186486109,99.52101469215562,5.2921343,0.6142312,3.5217395,0.64769083,3.897440968663215,0.5266286117786086,4.508784153408628,0.9929815654946579,,
1995-04-11,969.4736841976,1094.4111504953582,98.9950648514275,6.37296,0.579892,5.3485675,0.7818929,5.82975793596107,0.4960866877040942,6.533459266448208,0.962428040517863,,
1995-04-12,67.50404209880001,622.537250495358,99.22023266054357,5.8870463,0.6894474,5.4371963,0.93000597,5.481203329707064,0.8417335955532405,6.168244941489577,1.3080767252883052,,
1995-04-13,648.9225103302003,1780.3633012933435,99.52101469215562,5.9385605,0.5899533,7.9246507,1.0152378,7.394116706689977,0.7605487387006593,8.172589038925016,1.226883827732528,,
1995-04-14,1063.0036236093051,1663.2965592707037,99.52101469215562,5.986426,0.56855154,7.505074,0.89803755,6.912942426218095,0.5910351306986564,7.668416272658571,1.0573718483235135,,
1995-04-15,648.5829210958552,1659.6995622108711,99.52101469215562,5.6105323,0.5630681,7.159236,0.8587993,6.724080050364742,0.6374391633696198,7.470526920833164,1.1037765925892327,,
1995-04-16,573.6064218440615,1373.727338588943,99.52101469215562,5.8433285,0.60495406,7.411678,0.85949004,6.949705019109114,0.6319619755622523,7.706935991823144,1.0982985594165746,,
1995-04-17,306.4249461519884,920.954767838138,99.52101469215562,5.8902707,0.6858531,7.528487,0.8631328,7.119493643283933,0.6698979030115986,7.884839931840143,1.1362338891000392,,
1995-04-18,395.45526237368927,988.7269381901332,99.52101469215562,6.1977763,0.7119494,9.660279,0.9476215,8.671056168436634,0.7067898529945457,9.510561841943979,1.1731219039348726,,
1995-04-19,532.871375909652,1254.1787843274328,99.52101469215562,6.601774,0.77095693,10.8744955,1.057506,9.600434529345584,0.776962108766191,10.484361311583381,1.243293121182028,,
1995-04-20,301.61309227093795,985.3002370427292,99.52101469215562,6.744242,0.7884293,12.896729,1.0749694,11.454774777556239,0.843517941646929,12.427332684913472,1.309849834016567,,
1995-04-21,282.203786030516,883.7718448075493,99.52101469215562,6.1557546,0.768941,11.950101,1.0730145,10.54768181778612,0.8343321199911647,11.476883782408505,1.300663090520716,,
1995-04-22,288.4502844694043,912.7050923847148,99.52101469215562,6.0400624,0.7872339,11.520321,1.0671598,10.20426957740637,0.8326335405794643,11.117057610834621,1.2989644077048634,,
1995-04-23,276.26988934955347,818.4140671725622,99.52101469215562,5.903562,0.7643861,10.932252,1.0135946,9.663140801607753,0.7819589447056712,10.550064729309012,1.2482899226281323,,
1995-04-24,164.2695666139278,623.1804295284744,99.52101469215562,5.593496,0.74319535,9.573234,0.9788065,8.743022416354554,0.7899809743335429,9.585967830508064,1.2563129095677852,,
1995-04-25,217.1093841152986,646.1341317835211,99.52101469215562,6.456904,0.8182665,10.602021,1.0005068,9.559506742815799,0.7766379412621508,10.44147731676211,1.24296897861716,,
1995-04-26,178.8726403587698,581.4719593794036,99.52101469215562,6.429442,0.8448877,11.722687,1.0080612,10.477439966729733,0.7961234436273942,11.403284610981379,1.2624543820331575,,
1995-04-27,75.08792183020921,450.1738907732539,99.48660286948024,6.931022,0.983154,12.147971,0.9965794,11.402190957064619,0.865601220831369,12.37223553755115,1.331933034065489,,
1995-04-28,144.23263237610422,454.74400801367005,99.52101469215562,6.987922,0.98606956,14.471351,1.0439714,12.669352869224365,0.8273875832836358,13.69996345753583,1.2937221836873694,,
1995-04-29,141.22189019900145,486.4839427689867,99.52101469215562,6.326164,0.8779452,13.615874,1.0045673,11.975827878901034,0.8032236368205063,12.973290343371625,1.2695564842777007,,
1995-04-30,88.76207896044338,460.2330785555512,99.52101469215562,6.2260447,0.82966036,11.53133,0.967895,10.673566319817452,0.8224179646651281,11.608785133322291,1.2887490068851095,,
1995-05-01,339.2619068774375,905.6765571846964,99.52101469215562,6.1607676,0.8023555,12.418096,1.0064847,10.712892398433054,0.7641546882323521,11.649990864066245,1.2304857565638978,,
1995-05-02,423.48016629640006,562.1947304953578,99.47506625391898,6.5597076,0.8547737,13.707892,1.0511007,10.63678399499831,0.7030500861699013,11.570244739110883,1.1693811055682801,,
1995-05-03,103.41287629639996,476.192210495358,99.35426260248931,6.88131,0.9804294,11.759971,1.0445698,10.889522242815218,0.8758446488545062,11.835063011230957,1.3421758562782637,,
1995-05-04,103.4105262964,439.80500049535806,99.21071275700464,7.5216384,1.1493381,13.202533,1.0442117,12.121075688760628,0.8732812826330016,13.125480502037709,1.3396144516747908,,
1995-05-05,113.26761629639996,477.63963049535806,99.0827608957336,6.979095,1.0439408,14.073322,1.0580778,12.713470607601272,0.8783587609265707,13.746189872998208,1.344693491452538,,
1995-05-06,103.4105262964,463.60649049535806,99.0080949168117,6.8799186,1.0142089,13.925805,1.0318257,12.640801624015056,0.8636839739089889,13.670047560403065,1.3300184912893112,,
1995-05-07,123.31928379842309,425.1836571836011,98.92549393542552,7.160006,1.0262076,13.59768,0.9950433,12.150305258816656,0.805096510664317,13.156107145626128,1.2714297473381075,,
1995-05-08,149.09257299679996,428.97843497367126,98.99723562718034,7.176834,1.0246192,13.894676,0.9808053,12.162051063537874,0.774331382125056,13.168414359661995,1.2406646462517792,,
1995-05-09,129.0590660578888,477.1809323500453,98.80567076481141,7.2412815,1.074117,13.909546,0.9676607,12.489976129803985,0.795244524017384,13.512013123139864,1.2615786182881208,,
1995-05-10,138.02980803088428,415.56454604763945,98.64523706393811,6.6812606,0.95106345,13.630832,0.9708382,11.898068437405364,0.7663845574794188,12.891814266379816,1.232717242690988,,
1995-05-11,138.56910629639998,467.8108204953581,98.5477783064486,6.803826,0.9873238,12.515048,0.99004745,11.209927396823522,0.7964298628723966,12.170782436350631,1.262761413682986,,
1995-05-12,135.7688962964,517.075940495358,98.38296773302928,7.452416,1.2017983,13.538951,0.9697471,12.273164488903136,0.8077147540624793,13.284838626937473,1.2740482856964523,,
1995-05-13,133.7561362964,506.7775504953579,98.36515172495615,8.088167,1.4417322,15.283468,0.9882909,13.780946695176466,0.8378731224751378,14.864687668575037,1.3042116800306238,,
1995-05-14,138.9134631523416,452.0728597331399,98.32361673531214,7.8044705,1.360997,15.51921,1.0101893,13.705832605584517,0.836342499384754,14.785983382265265,1.3026807450200877,,
1995-05-15,164.84403366079758,444.6453206485376,98.26999977389977,8.2132435,1.5126417,15.55276,0.9859033,13.56769587418159,0.82746530584601,14.64124418729807,1.2938029946980083,,
1995-05-16,191.00648927920676,461.5329129965823,98.18824739844136,8.765995,1.6593187,17.572649,1.0222534,14.994830632073198,0.8710199967195141,16.13659110820078,1.3373644898496928,,
1995-05-17,183.49085007256045,430.4249607836976,98.1057680564725,8.685789,1.5838305,19.34192,1.0778375,16.156952103387184,0.8917151339092255,17.354258013330057,1.3580668884756615,,
1995-05-18,156.0987262964,457.52580049535806,98.04925834672834,8.404858,1.5573927,17.588596,1.0646952,15.252363269135827,0.8872188362759491,16.406432924983722,1.3535648053671807,,
1995-05-19,180.1604162964,469.770450495358,97.9944702064081,8.414738,1.5769523,15.806581,1.0088104,13.75756648421603,0.8501587692858841,14.840189963451946,1.3164972290605805,,
1995-05-20,168.61845629639998,475.290850495358,97.95396471541775,9.464243,2.0440104,16.067661,1.0308285,14.33844539001116,0.9302973845898148,15.448832895308877,1.3966384589082164,,
1995-05-21,176.5250308734878,430.0914675056732,97.88681160936557,9.586441,2.0306568,19.968746,1.1285527,16.947501723270143,0.9946947152147305,18.182593202684735,1.4610522921782298,,
1995-05-22,202.44333853241088,454.7343776287706,97.76372881191298,9.258549,1.8706638,20.47511,1.1596105,17.019852065523388,0.9878799756426654,18.258401643980413,1.454238121164333,,
1995-05-23,212.06908916337383,451.3157755332927,97.65625992920735,9.241299,1.8308196,21.749853,1.2260782,17.751152090527224,1.018976712960031,19.024655310355353,1.4853409413743215,,
1995-05-24,213.17148843589263,440.1959867454157,97.53794844269297,8.985062,1.5843579,24.357794,1.4483752,19.342196428435436,1.104279206853886,20.69174612890259,1.5706587820571547,,
1995-05-25,208.5198962964,453.650470495358,97.54783048032543,8.735924,1.5329485,22.850239,1.4706904,18.405588820879814,1.1172357346255144,19.710371879338748,1.583605925112718,,
1995-05-26,204.4060962964,527.9433804953579,97.5967658278377,8.827896,1.6404071,19.585077,1.1290939,16.582639953175974,0.9338891470847893,17.80029228719763,1.4002439480310682,,
1995-05-27,149.1611862964,503.3222404953579,97.59082761782572,9.3783245,1.9381574,19.4735,1.1135992,17.165688577347264,0.9665592731057866,18.411208642552293,1.4329185828636652,,
1995-05-28,146.0671662964,425.25191049535806,97.55450215892037,9.059906,1.7324563,20.209492,1.128434,17.35891582876897,0.949564255235389,18.613671496077643,1.4159251450185688,,
1995-05-29,174.64410629640005,465.70369049535793,97.5362366058496,9.292822,1.7793713,21.320423,1.2840426,18.040096902980665,1.0524114964306113,19.32741069713564,1.51877829681879,,
1995-05-30,103.4105262964,535.2584004953579,97.63239737501826,9.094393,1.7084147,18.757208,1.1211289,17.19264640137573,0.9794729709251024,18.439454958418608,1.4458324985550746,,
1995-05-31,116.00978060842692,457.55864891953246,97.64937983815439,9.234236,1.8668417,21.154306,1.1512105,18.743356454347627,0.9929601301261086,20.06428365108543,1.4593335893687274,,
1995-06-01,150.4610252616256,450.0741638326524,97.9385296504831,9.12318,1.713279,23.917027,1.3773068,20.21050391000885,1.1179250471785258,21.601555739934575,1.5843142187348804,0.009415732712218673,4859.990584267288
1995-06-02,155.85173889569455,406.8097691492303,97.75739495195582,8.720249,1.5307789,25.447084,1.5738728,20.813914532024857,1.214355544085497,22.233807327026923,1.6807518920895013,0.18068795420075706,4859.809896313087
1995-06-03,145.51483162342734,446.71150049535805,97.64746195616767,8.630281,1.4564468,24.496227,1.5157571,20.59783519914838,1.1980201701955684,22.0074001406692,1.664413900492844,0.06708162342735448,4859.74281468966
1995-06-04,188.30437198733352,493.91683049535806,97.52258729018585,8.40415,1.4066898,25.059364,1.5126159,20.462248809262416,1.1619022198347155,21.865333184825573,1.6282943348193368,0.03471198733354474,4859.708102702327
1995-06-05,151.6682484558186,420.35253049535805,97.36044152434611,8.064653,1.2104013,25.719103,1.5800655,21.038120059540198,1.2046558528256264,22.46872911234924,1.6710549734115423,0.4627584558186127,4859.2453442465085
1995-06-06,159.74303489873128,384.2830253756722,97.16550615801555,7.849192,1.019298,26.848152,1.7529607,21.269464382913082,1.2738953134788606,22.711130903568343,1.740297355171153,1.1698796571521497,4858.075464589357
1995-06-07,164.87121045307873,373.8643396817986,96.91486828736258,7.5886455,0.87108845,27.97888,1.9375983,21.738781910721066,1.3707992842542314,23.202880204923837,1.8372074398286689,8.13946957600489,4849.935995013352
1995-06-08,177.86453886427714,381.687402213477,96.62226628383354,7.0958934,0.7598253,27.047028,1.8223387,20.705168995938347,1.2663191310557946,22.119864126043495,1.7327141549827516,0.10894471842615629,4849.827050294926
1995-06-09,200.9776433383851,395.938380971255,96.31207541023326,7.226859,0.72442317,25.294168,1.5521923,19.21102593180862,1.0580762442014435,20.554306130920924,1.5244544446868593,1.8927809411931055e-05,4849.827031367116
1995-06-10,211.34029505541696,388.6478847521381,95.98900350598943,7.1168823,0.67868894,25.06557,1.4569701,18.74331107251364,0.9735731063490706,20.064236100154908,1.4399465651437426,5.818312863272681e-07,4849.827030785285
1995-06-11,186.8667527924888,359.1243463654017,95.69508343544301,7.263986,0.65970534,26.968077,1.7680498,20.224304816717734,1.184646227140299,21.616016282808104,1.6510355581810514,0.010119671345502098,4849.81691111394
1995-06-12,152.07142261087998,446.46384049535794,95.52742399122137,6.8666587,0.6319011,23.896704,1.5424675,19.56983555566829,1.1617161046331779,20.930265628271748,1.6280981122797806,0.00021261087996027553,4849.816698503059
1995-06-13,122.80000000014863,481.349050495358,95.43839226123322,7.1726108,0.7097176,20.494287,1.139239,17.786508837149057,0.9190680422422837,19.061701988604717,1.3854325802498317,1.4863749819289173e-10,4849.816698502911
1995-06-14,169.0466145814446,390.7848131412058,95.17986945113603,7.13108,0.7039273,23.314745,1.2207514,18.42792793573316,0.8782438782004858,19.73377872751964,1.3446142808463684,4.4853937223122754e-08,4849.8166984580575
1995-06-15,214.20844459124226,425.13640148371087,94.85775643157453,7.3103876,0.6835277,24.375717,1.3517189,18.658086494522802,0.9275499830036132,19.974938078661754,1.3939226047341038,2.9445537368877204e-07,4849.816698163602
1995-06-16,232.98824696915688,425.437224488736,94.55021128662555,7.3601046,0.68001145,25.563578,1.4717219,19.122157220807633,0.9809150180981162,20.461189799316582,1.4472922983845111,1.002198548436828e-05,4849.816688141616
1995-06-17,240.05652391581188,424.2043007175437,94.23183557422779,7.438757,0.6779758,26.952936,1.6584961,19.90072737250638,1.0871044407450239,21.276972942857608,1.553490089801819,0.0016378667039787746,4849.815050274912
1995-06-18,271.78541376012925,460.7140592785697,93.85431251546679,7.5573807,0.6793544,28.694357,1.8823345,20.851727612737804,1.2104523984467523,22.2734277437404,1.6768492100278243,0.2087994778318053,4849.60625079708
1995-06-19,280.8649724306899,455.3189829349791,93.49210168167518,7.6697288,0.68264526,30.612535,2.2121327,21.859518339954402,1.3927390694259316,23.329387422757687,1.8591488385772457,10.601552442879411,4839.004698354201
1995-06-20,328.646514917755,459.8364515977639,93.09738394165981,7.8269086,0.68671787,32.63296,2.6041687,22.293584127548954,1.5454657262410063,23.784200071219594,2.011881434097761,43.70012815366415,4795.304570200537
1995-06-21,351.98512057071366,490.8639616188379,92.63432751087272,7.67935,0.66617906,32.61213,2.4319842,22.199865002101117,1.4434192940933817,23.686001491938153,1.909833701492614,41.13018600337934,4754.174384197157
1995-06-22,354.08221449901885,528.2315085907134,92.14616263705854,7.530742,0.64924806,31.474047,2.0836718,21.865334894524533,1.2743905570782967,23.335481988753376,1.740800404385464,11.514788557173457,4742.659595639984
1995-06-23,389.8722009965582,593.8724202834026,91.64584037632521,7.3626366,0.6274182,29.741423,1.7419701,20.872386524663266,1.0805999922842904,22.29507408103694,1.546997057827979,0.2571354820486277,4742.402460157936
1995-06-24,387.95023442187977,590.4664313150394,91.17127477109094,7.0183086,0.6534831,26.498766,1.5414742,18.774604815390425,0.9656787709301456,20.097025576968896,1.4320525391724008,8.322406001232177e-07,4742.402459325695
1995-06-25,381.7083230065331,572.5660967171895,90.7063496643843,7.5726705,0.6472319,25.908987,1.3681191,18.574488174397256,0.8607312623137328,19.887344044600766,1.3271030710220113,1.730735559484735e-07,4742.402459152622
1995-06-26,473.94225887285916,471.98621830198,90.36189397627894,7.7514935,0.6311981,30.4757,2.1575928,19.090101762094683,1.1220555360618836,20.427602199253254,1.5884324866433017,9.173039550350157e-06,4742.402449979582
1995-06-27,393.0797825960487,521.3187594675832,90.02115785631804,7.1264973,0.59523296,27.458612,6.488753,18.718284188630033,3.708219607059146,20.038013016771785,4.174592819181826,5.385112519165878e-07,4742.402449441071
1995-06-28,390.5154978938299,570.6024144019875,89.57924248052448,7.290259,0.65429384,25.003706,1.985072,17.806487486448358,1.2081228788851053,19.08263554904693,1.6744875924632245,2.0940671392526065e-10,4742.402449440862
1995-06-29,401.1566022618998,591.3778135453933,89.0791147902733,7.583611,0.69341576,25.46462,2.0489647,18.237581473615325,1.252582645263704,19.534334355179404,1.7189512584384852,1.00292424316108e-08,4742.402449430833
1995-06-30,427.5228501774508,618.8741434315141,88.54349935535373,7.4733634,0.67691547,26.441103,2.1267781,18.69151832385663,1.2878932150808553,20.009967835156747,1.7542661641842408,4.3557725023063433e-07,4742.402448995256
1995-07-01,388.43781304774285,522.8592614221698,88.0523207967598,7.52838,0.66454464,26.48074,2.1004596,18.40234962494135,1.2379862364609806,19.706977860907063,1.704356396232316,4.119146327743743e-08,4742.402448954065
1995-07-02,279.7181414648827,538.5911256003261,87.7002398217865,7.6085916,0.686097,22.802114,1.8408543,17.608596378844716,1.2340944535706475,18.875285922956746,1.7004574482299124,3.968080874440063e-11,4742.402448954025
1995-07-03,152.90443813542478,312.7186751219191,87.41122512221017,7.7158866,0.7071874,20.751844,1.6646569,16.471009223677644,1.1418703489486184,17.683325990419842,1.6082243309774442,9.837154105553478e-12,4742.402448954015
1995-07-04,371.4224186084954,581.2887886363155,86.81266963915495,7.554013,0.6857676,22.175833,1.5516891,16.47539415009696,0.9837749192043557,17.68792050133288,1.4501289331318834,9.776224639529319e-12,4742.402448954005
1995-07-05,476.690523949723,714.8629173389394,86.16590862513772,7.901171,0.68838996,23.678312,1.6268417,17.36654029542773,1.0141201140725304,18.621660386179755,1.4804810670768316,1.2419403384706951e-11,4742.4024489539925
1995-07-06,557.8838477938484,673.87704481951,85.50640761146067,7.9060254,0.6848613,26.098791,1.7676626,17.859001891670502,1.015588665256415,19.137659963327177,1.4819538425030665,3.415442190360505e-10,4742.4024489536505
1995-07-07,432.2293963548748,505.5435664319359,85.0074563365728,7.572415,0.64096284,25.065508,1.5837876,17.00275780560826,0.9034693238396113,18.240490336875148,1.3698273344875993,9.760102184004548e-12,4742.4024489536405
1995-07-08,300.02714747564454,472.6350530685864,84.57471691883245,7.5125017,0.6894521,22.320974,1.558221,16.570798141628305,0.9900424161154328,17.787884477537194,1.4563971295150855,9.747095276615393e-12,4742.4024489536305
1995-07-09,286.71675076756816,430.9869267836868,84.11593987010005,7.723165,0.7233096,21.142778,1.5149934,15.781752586269821,0.9545521447575974,16.96112524184987,1.4209013860826951,9.942030175667231e-12,4742.4024489536205
1995-07-10,346.33305703034347,499.9271094695202,83.59151698404268,7.7865767,0.7240734,22.270058,1.5870411,16.342674557039064,0.9832579839003514,17.54885736540605,1.449611042081702,9.880438109150794e-12,4742.4024489536105
1995-07-11,390.14960256475166,546.9396528752536,83.04903757062321,7.90084,0.7146264,23.657108,1.5378112,17.097112172053244,0.9455844276666513,18.339354519501935,1.4119431869386592,9.961624133373766e-12,4742.4024489536005
1995-07-12,298.8540391908927,435.61458596927145,82.54181410490116,8.192284,0.7370981,25.626362,1.9620337,18.532464958611477,1.2017147918709439,19.843312262749606,1.668086194907317,1.204723194274473e-07,4742.402448833128
1995-07-13,317.2069068265287,462.1529839040752,82.00475614432257,8.227991,0.74389946,27.83255,2.1712573,19.85330762628357,1.3226557032428607,21.22728669486164,1.7890408227683245,0.0013978711959279255,4742.401050961932
1995-07-14,393.8217128349302,565.2144838157384,81.42545144807599,8.605867,0.7566645,30.027676,2.240841,21.230955292492098,1.3567149501775608,22.670781210261975,1.8231165013837307,1.115944064726784,4741.285106897205
1995-07-15,452.46512381993045,596.5852389266938,80.80037077009491,8.632565,0.75404716,32.453106,2.5499816,22.17908611914113,1.4861731753291165,23.664229449401734,1.952587295758016,30.793931318492053,4710.4911755787125
1995-07-16,490.8770191139302,634.3975855728078,80.10930733286587,8.46369,0.7397339,33.007393,2.4470565,22.300726479058344,1.4168178665801565,23.791683802716225,1.8832336739567732,41.914605382571665,4668.576570196141
1995-07-17,274.65661612274187,439.7584640823714,79.56065143164,8.470661,0.70364505,29.097748,1.7788469,21.167671893330503,1.1278909037483338,22.604473080943933,1.5942916526030002,0.9711169280117891,4667.605453268129
1995-07-18,148.1161870549381,223.7835104953581,79.28006583857629,8.64006,0.7567043,30.081125,2.712318,21.541809979992948,1.659676915327667,22.996493689221776,2.1260824742500306,19.297677054938113,4648.307776213191
1995-07-19,201.04662652315545,251.2276029743957,78.90115598699435,8.726176,0.8197884,31.92285,3.7717025,21.611377923823145,2.126547934314647,23.069386742960937,2.5929544052746936,26.793791082141574,4621.513985131049
1995-07-20,321.8254730767529,391.2486979711391,78.3622720001308,8.782537,0.8158155,32.743267,2.6633005,21.929282411515793,1.5069688711895888,23.402485978463165,1.9733795802964897,48.93294296793947,4572.5810421631095
1995-07-21,320.71483004771335,412.752533352376,77.82169869959242,8.640738,0.82281446,32.151165,2.2581596,21.871031047256565,1.3207100329693895,23.341450398114674,1.7871199568520795,25.146224068826,4547.434818094283
1995-07-22,305.8089599459794,422.8174200883148,77.2281039956526,8.57681,0.86522347,30.368786,1.8948672,21.222559903804335,1.1579922666643763,22.661984550693138,1.6243937111644848,1.369229195833788,4546.065588898449
1995-07-23,308.40985077516154,417.87074843972687,76.6681206275041,8.788725,0.85980386,29.688925,1.6871854,20.81380471014245,1.0371257810567427,22.233692256033944,1.5035221277167443,0.25230354193112126,4545.8132853565185
1995-07-24,303.42176665113016,400.9314574233854,76.23720225036533,8.742046,0.8561513,30.545757,2.0073383,21.153139689232134,1.2006640009032281,22.58924628716552,1.6670645661547958,1.0526399047951203,4544.760645451724
1995-07-25,323.79966570799763,431.8344119604666,75.75555221675131,8.78619,0.87994486,30.789276,2.0498114,21.36064905199427,1.230629725508768,22.806673888132412,1.6970329353704414,2.361203535858272,4542.399441915865
1995-07-26,320.1911979967339,470.7248234391874,75.28784115591549,8.863441,0.8454226,29.900646,1.9335691,21.384030530655743,1.2006081250985552,22.831172921548315,1.6670116360322402,2.5775128259464957,4539.821929089919
1995-07-27,357.73280379322136,458.3095472704752,74.9013977947941,8.837883,0.8165359,31.073246,2.1294866,21.32581225523567,1.2483898434430312,22.770172011572384,1.7147926058874245,2.0619480072007006,4537.759981082718
1995-07-28,364.06471331207,467.84255198520094,74.52851478039968,8.887428,0.820865,32.05402,2.4406013,21.91570415983655,1.4187616885834817,23.388258732768588,1.8851722143098033,25.84704564873655,4511.912935433981
1995-07-29,363.8694248134967,510.48762286411227,73.99144668941733,8.8030815,0.85560274,31.352488,2.370928,21.968404217714642,1.4293118122818296,23.443477673267115,1.8957230509253178,38.163285120109634,4473.749650313872
1995-07-30,364.7820318881344,517.3168454058936,73.39381502946334,8.92713,0.85210395,31.022223,2.322235,21.885046354071548,1.4067496565595186,23.356135588686485,1.8731597690131587,22.10992041338614,4451.639729900486
1995-07-31,383.7295760713481,507.5383850393688,72.79930626820523,8.902912,0.84133995,31.769058,2.4093645,21.924188976698677,1.4190401381881488,23.397149094872827,1.8854507784811503,30.71380644879221,4420.925923451693
1995-08-01,397.02990348891376,503.2307833197757,72.3317916043507,8.925348,0.83333766,32.20642,2.548774,21.93908150495106,1.4713604556619084,23.41275343506811,1.9377712972410452,40.73304205436897,4380.1928813973245
1995-08-02,394.0556575281103,497.9248899666635,71.86592584294009,8.914423,0.8264269,32.189053,2.5704105,21.906878274610985,1.4805847942609744,23.379011000399018,1.9469952009026525,38.36120009853454,4341.83168129879
1995-08-03,406.26137932056696,500.9093862303745,71.35036653298327,8.94276,0.82730955,32.41961,2.667616,21.905891854217057,1.5188494894590991,23.37797743248217,1.9852598827968777,45.76697890929215,4296.064702389497
1995-08-04,380.49559478380814,513.3715922397223,70.86987382716826,8.860706,0.8488141,31.459078,2.4271672,21.83954941738461,1.4400515470146487,23.308464053949407,1.9064610481419584,26.385501069386507,4269.67920132011
1995-08-05,339.387717693077,463.3935676005231,70.49679179429673,8.900099,0.84851635,29.448141,2.0521245,20.76115087276773,1.2376835923221357,22.17852174522085,1.7040792961914497,0.2552495890318055,4269.423951731078
1995-08-06,297.5196301487824,402.9985501116618,70.12737758881897,8.982147,0.92661464,28.78879,2.2633963,20.376638392099196,1.3602739717606245,21.77563088236652,1.8266650776483395,0.04073213379200646,4269.383219597286
1995-08-07,326.9506077935772,466.6693016258273,69.62041992337029,9.098117,0.98207176,28.850807,2.3638942,20.713216351459515,1.4477153042999176,22.128296117650066,1.9141104257475985,0.20550601036100108,4269.177713586925
1995-08-08,355.0249280705784,487.07762019694246,69.07814520110658,9.100803,0.96363074,28.64382,2.4062598,20.404611866962462,1.4498775019772778,21.80494139370571,1.9162689366689012,0.046661078688238114,4269.131052508237
1995-08-09,367.07076041677885,489.0350867660306,68.58004708788823,9.070656,0.9354177,27.803375,2.3217347,19.77138529183481,1.3855684382268334,21.14144875286372,1.8519526489918179,0.0013732860580332896,4269.129679222179
1995-08-10,371.4020369895704,485.768390831746,68.03692122659973,9.057138,0.9975426,26.382977,2.2534683,18.8758911847223,1.3482270646236045,20.203153088524697,1.8146018421117236,2.97590887474231e-06,4269.129676246271
1995-08-11,371.9168247216841,485.5329090924702,67.51907186736037,9.1516075,0.98371506,25.842844,2.2795067,18.603059059386286,1.3594712032490206,19.91728052022759,1.8258432889200367,3.7386282491243317e-07,4269.1296758724075
1995-08-12,373.3869044636138,485.1045980016257,66.99620208803397,9.137215,0.9907001,26.215559,2.403515,18.787611134306797,1.4248593062924872,20.110653553469593,1.8912332034769013,1.5237368254534154e-06,4269.129674348671
1995-08-13,372.06308502275624,483.344983797655,66.47547896304393,9.144583,0.9565351,25.51106,2.3029075,18.392397114203114,1.366142420746129,19.696549654176497,1.832512486217254,8.800385949578063e-08,4269.129674260667
1995-08-14,377.7828360945439,493.7060544461638,65.93593234024377,9.173346,1.056458,24.538845,1.9616444,17.878034992513744,1.201954534879682,19.157602781329327,1.6683198809550235,2.811011804360435e-08,4269.129674232558
1995-08-15,376.44438881862976,486.6750210112261,65.41356694773073,9.204205,0.9443446,24.192299,1.8986323,17.655330834343093,1.147050730167194,18.9242541256742,1.6134141267315028,2.768707476546833e-08,4269.129674204871
1995-08-16,377.3696562955193,491.54415944399614,64.88189718584603,9.117746,0.9068885,26.169815,2.2891846,18.764094045141633,1.3535613104674444,20.08601242783148,1.8199349746492552,1.2697991478299147e-06,4269.1296729350715
1995-08-17,371.4011545031491,483.0016844915024,64.35510530063428,9.110657,0.9032229,26.388826,2.2361007,18.878162949971028,1.3236582769830736,20.205533436386677,1.790033077242205,3.022741096701941e-06,4269.12966991233
1995-08-18,374.5081271755043,492.8668602832319,63.8040757659062,9.121939,0.92238337,25.784744,2.055352,18.59021341621696,1.2339454146561684,19.903820899225405,1.7003173756875662,3.3868823872913897e-07,4269.129669573642
1995-08-19,379.95777236161695,493.7332502308597,63.24536069958718,9.2421055,1.0646955,23.872034,1.8014889,17.50965317082529,1.1183926087450993,18.771613567814423,1.5847547607580572,2.773435960485267e-08,4269.129669545908
1995-08-20,390.2413640675334,494.1058783712125,62.68018227573674,9.31703,1.0518138,23.158405,1.961265,17.050536201959847,1.1900487091332401,18.290552377250062,1.656407097590953,2.8001409587035673e-08,4269.129669517906
1995-08-21,392.02647069292556,493.3087213859256,62.11319270175997,9.244411,0.9863409,23.734228,2.0533931,17.31813653490011,1.224676545699308,18.57094309135889,1.6910370984743166,2.781116189283776e-08,4269.129669490095
1995-08-22,398.21464881133596,494.4446517240148,61.53575202812777,9.319506,1.0811559,22.7138,1.8405629,16.738615527977544,1.1278183521961496,17.96372296129889,1.594174321238454,2.8146773355739145e-08,4269.129669461948
1995-08-23,402.35004976046537,498.9345491974316,60.95475885149635,9.428045,1.1369674,21.301672,1.8029705,16.001066265569584,1.119735037092534,17.190921365333853,1.5860857279220175,2.8574803659125642e-08,4269.129669433373
1995-08-24,400.2063104741236,497.5438545468714,60.30477894443699,9.457773,1.1531771,21.001097,1.9025835,15.855220851213302,1.1730740423249695,17.03810503871895,1.639423763094971,2.8664348715499368e-08,4269.129669404709
1995-08-25,401.3327335555012,495.6988467085344,59.72544248230174,9.585232,1.262048,20.19803,1.8505707,15.449854818947179,1.1681520223317752,16.613363895784968,1.63449917466591,2.8955815643995817e-08,4269.129669375753
1995-08-26,400.0968885264127,489.06827616224473,59.14841637135891,10.208025,1.4350032,19.125475,1.8637816,15.11289760363512,1.2115462621198376,16.26030127741161,1.6778914224948314,2.967713422540678e-08,4269.129669346076
1995-08-27,397.1364179492136,486.5569154042759,58.574031645381396,10.6322975,1.5980608,20.01429,1.8774724,15.79797330072164,1.2587169934271571,16.978121251004747,1.725066340075661,2.977297893745743e-08,4269.129669316303
1995-08-28,395.9963780081237,484.3259244028577,57.99945643573005,10.756596,1.7083313,20.546947,1.9614831,16.142942413822915,1.3247980349777166,17.339578708494344,1.7911496928079869,2.972971521376893e-08,4269.1296692865735
1995-08-29,397.229951418372,484.40186718392806,57.42050816605586,10.693472,1.8173105,21.2615,1.9288809,16.499945930562866,1.3392641041413789,17.713645772978992,1.8056182970801766,2.9509099038911054e-08,4269.129669257064
1995-08-30,398.5290259520916,479.3242953428464,56.83618456443864,10.861284,1.8427823,21.19407,1.7859234,16.50317854137552,1.2848320309582324,17.717032891538363,1.7511862475179107,2.965573487723168e-08,4269.129669227408
1995-08-31,393.7635062444642,471.5954009100429,56.21154851817204,10.930105,1.9917018,21.089624,1.6701933,16.46674727597735,1.2844547396750594,17.67886033618821,1.75080869072088,0.0,4269.129669197675
1995-09-01,373.154232770795,453.824816953475,55.67089879844368,11.158377,1.833966,21.15558,1.6744949,16.644584836851017,1.236617868365919,17.86519792456435,1.7029731298848527,,
1995-09-02,379.94882498041545,463.62821047008185,55.09284745000458,11.154089,1.8383585,19.641953,1.5412375,15.819001387082922,1.1845239621859536,17.000154408013184,1.650873445820704,,
1995-09-03,384.488851256879,466.59359616767097,54.50934348733121,11.160679,1.8536757,19.000772,1.5979471,15.458896367713319,1.2119184795181273,16.62283759967514,1.678265687091258,,
1995-09-04,382.4574445391658,464.3010299145447,53.93177434296297,11.234213,1.8752207,19.673569,1.505639,15.861744493045418,1.182781578798055,17.04494048833069,1.6491313424389427,,
1995-09-05,384.70973778263857,464.165359739378,53.347588696920866,11.135773,1.9519343,21.267862,1.4993441,16.67600475420467,1.2061036150895197,17.898119606563892,1.6724591118992347,,
1995-09-06,384.356278440883,464.3937517423713,52.77300218945798,11.173374,1.9210856,22.33113,1.5610262,17.278342039199885,1.2191594782396569,18.529246554794874,1.685519703978414,,
1995-09-07,385.7178971876684,461.6381088594135,52.19779517267726,11.171135,1.9483697,23.04083,1.6070158,17.637724929457377,1.2462315918304347,18.905806718717724,1.7125948366949848,,
1995-09-08,380.05765525126486,455.8355177477509,51.62795824882755,11.424305,1.8305627,22.670982,1.7025717,17.557427208601062,1.2469044101134934,18.821671041288504,1.7132669675946106,,
1995-09-09,361.5775026302589,431.7016764638823,51.11214955201455,12.103291,1.950472,21.544868,1.3694583,17.241387107250382,1.1600769489552123,18.490525303422302,1.6264368726153422,,
1995-09-10,337.9629191426669,431.647708719274,50.64293756196457,12.16762,1.805589,20.54188,2.6467948,16.8644494892836,1.682976685864989,18.095571355813494,2.149333617550382,,
1995-09-11,351.178350742448,443.632123763034,50.17891144750675,12.239105,1.7832448,14.764562,4.297879,13.648716238550637,2.5249867166517377,14.726137048129699,2.9913247294235967,,
1995-09-12,368.6301131993851,448.1954647709987,49.68546766879767,12.213615,1.878813,16.102583,3.423319,14.347507461807236,2.0608931376346393,15.458328103159664,2.527234255798735,,
1995-09-13,356.82627156878385,431.5159207197105,49.1443368962272,12.2404995,2.2039986,20.302252,3.155034,16.653271651396775,1.9944009185092617,17.874299939151005,2.460756244967243,,
1995-09-14,350.0120975758803,440.761069143866,48.57783748121068,12.813843,2.0299115,22.643627,3.585827,18.292767022500612,2.1913327638231346,19.592157584659045,2.6577018915395954,,
1995-09-15,359.0757989368251,455.40872263087766,48.01011866962177,13.167128,1.9218563,18.166058,1.3719609,15.962216104188116,1.142951916569332,17.150214299040986,1.6093023466183787,,
1995-09-16,361.5827306685882,452.1184397572446,47.44784988503341,13.267305,1.9324832,15.471248,1.8017113,14.491886325611139,1.3189395988501387,15.609607783118937,1.7852814282417753,,
1995-09-17,303.9171201513347,436.21678483644513,46.97732540249801,13.808542,2.030904,14.835158,1.5534521,14.413604619162786,1.2384330584112782,15.52758447869498,1.7047744992190035,,
1995-09-18,298.61102868667734,458.7531185120716,46.480664179123195,13.361059,1.9772608,14.815423,1.3364656,14.242001258375945,1.1238742887804645,15.34777906385927,1.5902149022849286,,
1995-09-19,323.482903141478,483.7302643288192,45.92808205692422,13.434883,1.9733372,13.681784,1.3754021,13.582840655071665,1.1422353440152473,14.65711283694485,1.6085730928456303,,
1995-09-20,334.0879427429067,490.6012286978778,45.382030454540114,13.87759,2.0457914,13.727556,1.3030185,13.788336139059805,1.1347771139434208,14.87243030261645,1.601115702533086,,
1995-09-21,341.84813957073186,484.2138805417851,44.85300046165614,13.739759,2.1268435,15.832735,1.262846,14.966601765074605,1.1500535888563455,16.107012997855207,1.6163979248151947,,
1995-09-22,325.2339493950521,425.9087773617271,44.32105022422721,13.265877,2.3487833,16.64664,1.8250258,15.18281880210049,1.4509001435777804,16.333564470149966,1.9172457066225392,,
1995-09-23,253.27671408241267,405.90685226421925,43.956808434671146,13.899658,1.9258832,15.487398,3.4276536,14.877344170997294,2.236610261859021,16.013489195892824,2.702954106850364,,
1995-09-24,277.80275426478084,468.1538735031861,43.50937354358285,13.850218,1.8935869,10.444893,1.287412,11.713074720083728,1.0724296219212042,12.697978481739593,1.5387619489399849,,
1995-09-25,294.7295768533183,458.1769496287058,43.05897000633758,14.241705,1.9229437,10.718011,1.8457249,12.097381138107435,1.3521164070519296,13.100653432859062,1.8184495219859096,,
1995-09-26,250.20198036992332,370.0074685809253,42.655519642132525,13.9665985,1.995827,11.671121,1.742024,12.597151534022046,1.314660910227791,13.624311145318758,1.7809953024814924,,
1995-09-27,244.15906940090449,359.0268691675913,42.26170518471698,13.685959,2.073901,14.005928,1.9957141,13.876410138754249,1.4545765643469701,14.964713938430382,1.9209155276378505,,
1995-09-28,291.2002628006924,404.66211159861103,41.829993256627176,13.886496,2.0523558,15.299558,1.464226,14.708228036853736,1.20940637482771,15.836289888631788,1.675749314570925,,
1995-09-29,296.3401555886969,436.4614192002723,41.25070077032492,13.959772,2.0017066,15.196729,1.3102312,14.696511563224426,1.1243885338940462,15.824013407613757,1.5907314121326714,,
1995-09-30,303.54367624553583,448.3010308950285,40.66254201496454,13.949131,1.9906386,14.631288,1.3940775,14.355879223971243,1.1562331153999341,15.467100006937674,1.6225742741532105,,
1995-10-01,267.95377656562806,388.88379453742806,40.28821519986269,13.824802,2.0119617,14.395654,1.4655713,14.162777629596688,1.1943886831687642,15.264768816436794,1.660728926098053,,
1995-10-02,274.5579774630617,408.5649109604482,39.910726630773645,13.709675,2.105284,15.203375,1.4189545,14.60303301286995,1.1984067483731107,15.726066902092777,1.6647491415276046,,
1995-10-03,282.0177924089142,412.6680021611712,39.465809001699206,13.895834,2.0801876,16.156332,1.3025411,15.238649987788987,1.1453594516362835,16.39206419566501,1.6117053402225197,,
1995-10-04,243.0009493747802,381.327899576167,39.00717211845915,13.847475,2.1607134,16.663174,1.2463326,15.56724892393921,1.1343486866971773,16.736369037703945,1.600696563519731,,
1995-10-05,195.99850209880003,210.53327049535804,38.8186153417932,13.598547,2.2296307,19.356455,7.270894,16.58043242413711,3.9158604056911814,17.797979245816773,4.382215190305016,,
1995-10-06,517.9677420987999,800.2235904953579,38.992165477269495,14.098732,2.4932296,20.639704,6.157027,18.069506019974213,3.863955457538073,19.358225469391442,4.3303225250576585,,
1995-10-07,117.8795720988,524.8177804953582,38.99491322296769,14.145945,2.0141218,16.465101,1.8765804,16.039735878347997,1.5762890913872638,17.231439253417616,2.0426400434993686,,
1995-10-08,100.3689320988,296.618020495358,38.91064547752854,14.168386,1.8640188,16.05834,1.284458,15.580509190176535,1.0691807346996636,16.75026309933946,1.535528694347598,,
1995-10-09,125.93510886729044,287.6245671946244,38.70316005976469,13.916794,1.8262041,13.746788,1.041411,13.798557334052285,0.9131507474030163,14.883140035790165,1.3794893790225822,,
1995-10-10,171.096576654939,325.76501784067864,38.43799918836948,14.167536,1.8876519,12.701137,1.1788629,13.206097899561847,1.009914525714284,14.262363065552345,1.47625086042265,,
1995-10-11,204.4560402967208,368.0481201455726,38.118168221570315,13.963884,2.0093737,13.756616,1.3407333,13.830636656665922,1.1215433822758158,14.916752640367054,1.5878821497211542,,
1995-10-12,223.0022234979823,390.0190464195149,37.77127633962587,14.050196,2.0243485,14.933018,1.0890471,14.611868552360173,1.0111271141661256,15.735324750167852,1.4774695527428312,,
1995-10-13,242.55300414268777,409.6833624987992,37.39386787376786,13.898823,2.0953424,15.976008,1.1606652,15.203546711643016,1.0670851961780126,16.35528310291381,1.5334308796673604,,
1995-10-14,154.33875654247444,262.91044001656786,37.18438917295484,13.696894,2.1324978,17.10147,1.0747749,15.842131865342264,1.0396325504708157,17.024390444065737,1.5059821853717859,,
1995-10-15,54.9368420988,28.91143049535805,37.682629494170456,14.00507,1.7678187,18.120436,2.4056687,15.424074726711092,1.424650092708102,16.58635160326483,1.8909970880530858,,
1995-10-16,54.9368420988,255.26545,37.70508863540976,13.566719,1.605457,11.346905,0.63923997,11.740033982963086,0.5979545940662404,12.726226305228954,1.064286970848199,,
1995-10-17,54.9368420988,281.805760495358,37.66237883561776,13.386042,1.6076672,9.378933,0.86078614,10.032660445597813,0.7666173965347043,10.937246149142085,1.232948262532178,,
1995-10-18,122.4360207815086,268.98217365620565,37.540277591274965,13.618328,1.7084202,9.872321,1.3121291,11.044076027340147,1.048155689129025,11.997003938340496,1.514487047533063,,
1995-10-19,144.93141718903345,333.92621927099026,37.35876318518095,13.847696,1.8205754,11.085594,1.1823636,11.921574112028384,0.9916823081108149,12.916443431899687,1.4580150416378352,,
1995-10-20,144.56712973578095,338.41827553070664,37.1636653264942,13.748838,1.888717,12.498804,0.897747,12.87296420887809,0.8457433008198132,13.913306723214458,1.3120785203326513,,
1995-10-21,1628.3582420988,4036.0571304953583,38.987469944269485,15.843838,3.0767982,13.017995,0.91828364,13.83034429451387,1.1001993889801132,14.916446304303523,1.5665381551822581,,
1995-10-22,38.7789474072,5648.169330495359,41.89497906678305,13.7350025,1.6228956,11.219484,1.1566013,11.236637491652036,1.1487678229329175,12.198769182408057,1.615099407671678,,
1995-10-23,38.7789474072,2472.885630495358,43.03663299303185,13.122463,1.611042,11.013422,1.1385775,11.045984639933303,1.1212742535714022,11.999003776091339,1.5876056140107035,,
1995-10-24,38.7789474072,1438.5319304953578,43.62998899103944,13.213608,1.6478529,11.735752,1.1526964,11.774545354066646,1.1232716029428358,12.762387201900044,1.5896040446413646,,
1995-10-25,38.7789474072,952.228670495358,43.94937064741167,12.963957,1.4644359,11.00842,0.9015187,11.084941763926807,0.8681349020478718,12.039822917443466,1.3344663049398473,,
1995-10-26,38.7789474072,652.956980495358,44.116605542443345,12.603855,1.3725176,10.411835,0.8416301,10.534720114256842,0.7981654228484415,11.463302553757895,1.2644963870256036,,
1995-10-27,38.7789474072,588.5350304953581,44.29808417147138,12.435059,1.3524358,10.555984,0.7511489,10.67214316221319,0.709656665227082,11.607293953649368,1.1759877065352866,,
1995-10-28,38.7789474072,532.4049304953578,45.63800045668284,12.464558,1.3782816,11.527373,0.77392304,11.591000848568804,0.7274234380408394,12.570069896454909,1.1937555501319732,,
1995-10-29,38.7789474072,668.3374304953579,46.84979643807479,11.598421,1.173152,10.720504,0.7159483,10.768649641997397,0.6797365611584069,11.708413113276361,1.1460676695433292,,
1995-10-30,38.7789474072,613.7829304953582,47.4750091062963,11.1863575,1.0562916,9.05708,0.68785924,9.183614062032278,0.6500206397382267,10.047618250761987,1.1163519957452062,,
1995-10-31,38.7789474072,448.7361904953582,47.94779171174084,10.824923,1.0284716,8.313234,0.619188,8.51302428095194,0.5757767733975616,9.3449765704425,1.042109099205141,,
1995-11-01,38.7789474072,434.5854304953583,48.668676167957095,10.816561,1.0280887,8.565167,0.6311026,8.749606026911435,0.5854908664354713,9.592866115144616,1.0518227913804448,,
1995-11-02,38.7789474072,1065.235390495358,49.389259830024976,11.160118,1.1306862,9.264412,0.63383496,9.330999367758434,0.6128594746263983,10.20204807029039,1.0791906864314027,,
1995-11-03,42.56804740719996,1315.0719304953582,50.15965661643978,10.882225,1.0690708,10.374491,0.7308489,10.390410464830397,0.7087266676255497,11.312095396386724,1.1750575740575986,,
1995-11-04,38.7789474072,990.875470495358,50.823493590942334,9.747213,0.92426276,9.064647,0.71583384,9.090353613879966,0.6897529654971086,9.949900271982887,1.1560844255849558,,
1995-11-05,38.7789474072,706.4920304953578,51.36744873807822,9.144688,0.85473305,6.8458705,0.66940254,6.965485658054522,0.6361279002406447,7.723470891366727,1.102464427147062,,
1995-11-06,38.7789474072,614.220250495358,51.82731888898188,8.99963,0.8286259,5.4351935,0.67075706,5.646870817168223,0.6328396370627737,6.341830768545403,1.0991819049036837,,
1995-11-07,38.7789474072,602.7030204953578,52.23699671823759,8.541678,0.8849164,4.804234,0.6054803,5.030170479871255,0.5713874456123086,5.695654263210283,1.0377330809296126,,
1995-11-08,38.7789474072,763.6807404953581,52.653809382109806,8.508865,0.8599629,4.285793,0.700579,4.489873244306871,0.6680173662038457,5.129532666699626,1.1343663092677223,,
1995-11-09,38.7789474072,599.2229304953582,52.98816127798908,7.771564,0.82287407,3.2899547,0.7482075,3.5623552603285153,0.7045076972683025,4.157682493648721,1.1708630971674743,,
1995-11-10,38.7789474072,521.988860495358,53.32595652422828,8.147884,0.8341274,2.7216647,0.7090096,3.0969056946445948,0.6624951966634243,3.6699860297848548,1.1288542074811954,,
1995-11-11,112.3346474072,501.9614604953581,53.67070756351664,8.369432,0.9630931,2.8409948,0.7833415,3.8519650854707126,0.6638809963632304,4.461134678451054,1.1302342745302032,,
1995-11-12,664.4532474072001,3734.758030495358,55.885860462784095,8.051525,1.1279199,4.890508,0.7879103,5.367945569675084,0.6902582346411695,6.049573847680352,1.1566019716707503,,
1995-11-13,38.7789474072,2727.092530495358,57.56339810604321,6.166598,0.9203881,4.0116677,0.63303304,4.041880962210807,0.6242909635797428,4.6601278849043775,1.0906429024639355,,
1995-11-14,38.7789474072,2385.8332304953583,58.994967933210354,6.367947,0.98684,3.1452613,0.5851229,3.1968045261610265,0.5759807883962919,3.7746596839607,1.0423390033265945,,
1995-11-15,1048.2714474071995,4715.610130495357,60.558631386291815,6.358172,1.125942,3.4914098,0.5787507,4.0127849802770985,0.515876785550799,4.629641214493876,0.9822289269436248,,
1995-11-16,396.5385474071998,4308.763230495359,62.00406736150972,5.3033834,0.9147041,2.862543,0.71966445,3.0682445234612,0.6635080238839312,3.639954952592206,1.129867265150233,,
1995-11-17,133.23024740719995,2802.9156304953576,63.12908246510348,5.624676,0.893046,2.5284789,0.6714946,2.668971587832131,0.6423044874733179,3.2215981354863192,1.1086670367671514,,
1995-11-18,58.21499740720002,2141.000730495357,64.09997020622703,5.7265315,0.88805443,3.3256955,0.57607013,3.3892475615347624,0.5613135440776983,3.9763008385916927,1.0276702579953136,,
1995-11-19,66.37414740719998,2017.2469304953584,64.90044411260929,5.589121,0.8569612,3.2669134,0.5570852,3.340887775889319,0.5400295906997415,3.9256296205020544,1.0063866778287287,,
1995-11-20,89.45684740720003,1875.786430495358,65.49008474605166,5.883775,0.79638565,2.8433213,0.6112475,2.9817211971446644,0.5845489660708024,3.549296107042935,1.0509089087215189,,
1995-11-21,68.95830740719997,1717.0581404953589,65.91906491698035,6.0837274,0.77961147,2.9488325,0.6417409,3.0698711747106606,0.6176970836760517,3.6416593522109615,1.0840563118382112,,
1995-11-22,38.7789474072,1618.873760495358,66.40046963358344,5.118521,0.77260184,2.896941,0.66076833,2.948912354053125,0.6455634495924847,3.5149191134030393,1.1119236604402847,,
1995-11-23,38.7789474072,1342.460280495358,66.7904414375363,5.575644,0.77255327,2.313005,0.6770643,2.4046051115012097,0.6584127597498806,2.944595845278371,1.1247775996682945,,
1995-11-24,38.7789474072,1114.5373104953576,67.02510402499175,4.9749384,0.7492396,1.5845827,0.5262743,1.698579540905532,0.5092025143378821,2.2048246658358974,0.9755738633964699,,
1995-11-25,38.7789474072,965.1075804953578,67.20542427911411,5.0406704,0.7509088,0.9122068,0.44619972,1.071684485740091,0.4299431598594366,1.5479661699670906,0.8963207662692938,,
1995-11-26,38.7789474072,878.467360495358,67.41439162038027,5.513862,0.7741283,1.0221497,0.46162492,1.2120483814501235,0.4433182882073844,1.6950389800820886,0.9096944545313506,,
1995-11-27,38.7789474072,823.838570495358,67.63134226401563,6.2823486,0.78995264,1.8295515,0.7082014,2.02972683604287,0.6772958788085818,2.5517996697104004,1.143664103906712,,
1995-11-28,192.35538740720008,1074.726270495358,68.04649108973379,5.6134415,0.8052399,2.0102882,0.84956473,2.5572821365768204,0.730887785831421,3.1045703102522944,1.1972512931174397,,
1995-11-29,91.55719740719996,1336.843380495358,68.44589794313734,4.185117,0.74218947,1.5969875,0.50292253,1.7628806304649705,0.4730843599801478,2.272199127673998,0.9394550926281062,,
1995-11-30,38.7789474072,984.643030495358,68.7083990996438,4.1208096,0.74038976,0.27183354,0.49302924,0.4176768389582181,0.4751765338132457,0.8626991932823447,0.9415611471375762,,
1995-12-01,38.7789474072,873.849280495358,69.09504255282269,4.9727044,0.7776622,0.40817082,0.3930912,0.6021247236901145,0.37783588602012114,1.0559630564008737,0.8442184736898313,,
1995-12-02,38.7789474072,944.574470495358,69.48755475366588,4.741326,0.7585649,0.6335424,0.39651656,0.7955345516792346,0.3820526996891767,1.2586172130294513,0.8484332050624642,,
1995-12-03,38.7789474072,791.7838704953581,69.7673040396165,4.62844,0.7580106,0.8745587,0.40062064,1.0498272630628562,0.3835519988639205,1.5250642467610622,0.849929831548604,,
1995-12-04,38.7789474072,952.851400495358,70.13268851835039,4.8763533,0.76119,1.1939148,0.48705217,1.3379211429539863,0.46895110598677753,1.826928029311326,0.9353260000585057,,
1995-12-05,38.7789474072,846.2835004953581,70.38982792118848,4.5260005,0.75380975,1.3022463,0.46418065,1.443494888825441,0.4450697816529389,1.93754783934964,0.9114436226136204,,
1995-12-06,38.7789474072,786.6438204953581,70.49737638432953,4.5838985,0.75290763,1.3266112,0.5371746,1.4796408340620135,0.5131583085070515,1.975421437209788,0.9795317918362445,,
1995-12-07,38.7789474072,702.2528904953579,70.53950832735887,4.0277433,0.70083153,0.9174221,0.5988313,1.0801883789853857,0.5686777080353743,1.5568765202404056,1.035055226557093,,
1995-12-08,38.7789474072,649.3775904953579,70.62955139220695,3.8283606,0.65165955,0.24431026,0.5589751,0.4462784027423311,0.5287525023590907,0.8926678140457835,0.9951367990253125,,
1995-12-09,38.7789474072,661.7140104953583,70.69438844779074,3.8585436,0.6837217,-0.057534337,0.45761508,0.15925782336908487,0.4339356601105339,0.5919286321092642,0.900323176886958,,
1995-12-10,38.7789474072,574.971500495358,70.75125705794993,3.1195078,0.6079669,-0.6452831,0.5537103,-0.4074101555686206,0.5201452838769439,-0.0018241391640819726,0.9865394347067746,,
1995-12-11,38.7789474072,537.7589504953578,70.79605226795687,3.0008337,0.6164445,-0.45163,0.36727464,-0.21941124620332841,0.34507122965833514,0.19516047542674866,0.8114631388645877,,
1995-12-12,61.14019740720004,477.7230804953581,70.77644864620225,2.9262462,0.6333356,-0.5548543,0.3348378,-0.15988364427783427,0.3054204594523429,0.2575332932393539,0.7718116672986116,,
1995-12-13,38.7789474072,494.216450495358,70.67772155699761,2.9430547,0.6496553,-0.29347968,0.2610555,-0.058000357725632744,0.2466336328657312,0.3642862526181584,0.7130236497143527,,
1995-12-14,38.7789474072,499.68062049535786,70.56087441588784,3.2980192,0.76855797,-0.1310023,0.1423391,0.11595002053151741,0.14321630129746363,0.546550864336379,0.6096043121265018,,
1995-12-15,38.7789474072,517.694870495358,70.50535947692717,3.6516943,0.74294835,-0.51792324,0.33289933,-0.2273554250727669,0.3139983842604785,0.18683659196316799,0.7803903873722349,,
1995-12-16,38.7789474072,553.3044004953581,70.55054925302254,3.717802,0.73141044,-0.07158983,0.3251577,0.17659926400981613,0.30761417459342,0.6100989343338731,0.7740014941410731,,
1995-12-17,38.7789474072,553.134670495358,70.55121062393036,3.5339024,0.66898704,-0.039429784,0.37368906,0.19467542493453002,0.3519466490775007,0.6290390739605233,0.8183337634062147,,
1995-12-18,38.7789474072,529.6304904953579,70.52706924864998,3.4237547,0.63413113,-0.027201295,0.34481353,0.20823540231234608,0.3241887515044541,0.6432471719045352,0.7905757121317751,,
1995-12-19,56.32795740720001,509.6361004953581,70.52513622309107,3.1541467,0.6568903,-0.23779511,0.27476373,0.09979019637162283,0.25590959818661674,0.5296186558212369,0.7222977939152603,,
1995-12-20,88.74830740720003,449.2900004953579,70.69563428432299,2.7927942,0.651708,-0.8383335,0.43849665,-0.23938647209887537,0.38162082842248995,0.1742305020152884,0.8480129738866475,,
1995-12-21,75.5592974072,450.733980495358,70.88048908536683,2.7585933,0.65478456,-0.76383746,0.37199104,-0.258126276469504,0.33216484175229466,0.1545949990545603,0.7985572092771014,,
1995-12-22,59.8572074072,478.0944604953579,71.08028480595092,3.0386653,0.6587994,-0.6232194,0.33188316,-0.21576605672169524,0.30392739388775475,0.19897989250514703,0.7703192600295815,,
1995-12-23,38.7789474072,478.0202104953579,71.29922493614836,3.2151392,0.6630999,-0.51442564,0.34150162,-0.2345710835746971,0.31977127910283265,0.17927604965034016,0.7861633675710287,,
1995-12-24,38.7789474072,463.3866304953579,71.50044941326324,3.158665,0.65185994,-0.54884994,0.3700348,-0.26254293131621215,0.34515004858074144,0.14996724320375882,0.8115424684999527,,
1995-12-25,67.44662289114929,441.10091795860257,71.65789426082335,3.2584543,0.64522797,-0.72631633,0.43811885,-0.19783216539971077,0.38952882717623266,0.21777096252838168,0.8559204816675265,,
1995-12-26,87.08458174851964,424.2994642573832,71.78140646589924,3.0561368,0.6338143,-0.8827528,0.42697945,-0.21199161723908294,0.3703453122743386,0.20293473729275227,0.836737133840784,,
1995-12-27,130.07692158539453,424.60964706464,71.47163066491146,2.9563336,0.6178147,-1.1157559,0.5400908,-0.16082946997769174,0.4380871147391332,0.2565422603041867,0.904478333697537,,
1995-12-28,115.96222897005862,423.8939434307938,71.32088623883163,3.1879826,0.6302574,-0.9489831,0.4246087,-0.06035424867810532,0.3598398568228418,0.3618198537245313,0.8262299010541017,,
1995-12-29,131.77466014032905,444.38253558796055,71.15190841505571,3.1631296,0.6375793,-0.81858766,0.37165996,0.09208296608443149,0.3216149879636448,0.5215430462721666,0.7880032719830511,,
1995-12-30,133.33674438902597,438.0561749261695,70.97432936026543,3.1460257,0.63804215,-0.8804487,0.3868313,0.05914464200018361,0.33183966583514823,0.48703038289071987,0.7982283279473916,,
1995-12-31,133.4745012694715,437.12227952010295,70.80725757524091,3.4686081,0.65804034,-0.8473443,0.40702018,0.16224711026686928,0.347734844105318,0.5950607967023966,0.8141223268592683,,
1996-01-01,122.43638031572698,450.5152855836734,70.87160790093623,3.0430684,0.49926278,-1.9021744,1.8979406,-0.8454052408322068,1.4961707118506855,-0.460753892291969,1.9625702418953426,,
1996-01-02,97.74925118660974,441.9749791948331,70.9583263448438,2.8872929,0.55503285,-2.5656152,2.0951705,-1.5780410650304961,1.718657186604445,-1.2284072044966576,2.1850662047377303,,
1996-01-03,128.77857267434655,403.2457730671748,71.02031334519054,2.56553,0.6366077,-2.0074716,1.2024845,-0.9005586417864462,0.9243529230652195,-0.5185434372793516,1.390753146021631,,
1996-01-04,127.03660916034563,404.9038678773769,71.07565198975252,2.2161741,0.64605176,-1.0894719,1.0053055,-0.30002634049638943,0.7806204457323117,0.11069225519539339,1.2470133112118784,,
1996-01-05,115.84344522717193,417.43863249143885,71.12465587353412,1.9923178,0.6784447,-0.49123347,1.0438671,0.04826175748936301,0.8302949286723821,0.4756273337015617,1.2966837159798468,,
1996-01-06,106.1707243843506,416.0434038377002,71.18503595464365,1.7897284,0.7466246,0.12292504,1.0794773,0.46180082331221445,0.8733035995466901,0.9089321532581671,1.339687724750219,,
1996-01-07,118.19339228484966,452.79258320712177,71.24747506616018,1.7473118,0.76731336,0.08873105,1.135633,0.43205522513714445,0.9144578893790134,0.8777648171705694,1.3808423433981902,,
1996-01-08,94.9246322062178,410.9920977383605,71.28770679982756,1.7511442,0.7634029,0.08908975,1.228722,0.40093930106318787,1.0084028270844823,0.8451616582903431,1.4747876261498984,,
1996-01-09,81.78918740720002,440.9577904953581,71.31626538036657,1.8727262,0.7213316,0.31606877,1.3105814,0.5596239719555209,1.111273198374525,1.0114309140149185,1.5776562493495763,,
1996-01-10,59.6909174072,427.6723304953579,71.34323137194339,2.12683,0.6767942,0.47859037,1.5169276,0.6804622627677638,1.3337168343187953,1.1380448620629535,1.8000985734342372,,
1996-01-11,46.24134740719997,450.6780404953579,71.3579748701338,1.8903805,0.7259735,0.54069054,1.1901911,0.6662873359869279,1.0815485910430933,1.123192422236557,1.5479304831817498,,
1996-01-12,64.86500740720001,408.828900495358,71.37077216189877,2.0046737,0.7685095,2.3843546,12.792126,2.332363205874862,11.04094451543437,2.868901023509684,11.507309995202363,,
1996-01-13,85.19786740720002,398.7865204953581,71.36165203680775,2.6568646,0.6085111,0.060132623,19.203026,0.5172466038597628,15.822996509893624,0.9670280525839692,16.289380024885343,,
1996-01-14,67.21519034760823,387.7272905445805,71.36919770826132,3.0427816,0.588589,0.2463373,5.5000515,0.6594961962044386,4.688256423393054,1.1160766891868146,5.154638388925803,,
1996-01-15,114.05484985092453,364.19708425086833,71.35269276989365,2.5302122,0.62219566,0.074819446,1.8579373,0.6603883222701002,1.422610872378733,1.1170114558288347,1.8889928282669721,,
1996-01-16,149.28742754417846,368.093596183787,71.19198784836333,2.3339145,0.61151797,0.0610677,1.3554567,0.7168850556726595,0.9803571447682471,1.1762085399636144,1.4467384917406974,,
1996-01-17,38.7789474072,385.769620495358,71.21646173839075,3.3452518,0.56889033,0.56628036,1.1880347,0.8201160747739796,1.0807675727282684,1.284373648900392,1.5471478165145183,,
1996-01-18,64.36606740405578,204.7704646979336,71.53222287113876,3.5565205,0.62432855,0.69977844,1.9557965,1.3829902196189925,1.495525077007756,1.874151253779988,1.961899519950881,,
1996-01-19,38.7789474072,32.14293049535805,84.37059477886848,2.8977218,0.7570197,-0.26496696,3.5246549,1.4643406006784931,1.65018714289529,1.9593899049717667,2.1165607774241257,,
1996-01-20,54.9368420988,10460.286,96.71329105309302,2.932112,0.5083362,0.34128177,0.40852582,0.35481757894772276,0.40640015541379393,0.7968354755169786,0.8727854679621452,,
1996-01-21,2712.9159479352,9675.456015029758,97.43929724807373,3.3326457,0.48735547,0.33771527,0.66017616,0.9935717788128785,0.5265346525020078,1.4661199426636884,0.9929130700785356,,
1996-01-22,2948.9697479352,7238.903315029758,96.74165006940349,3.373363,0.47755313,0.36658406,0.6932713,1.2369227607106057,0.5116255062868716,1.72110226964241,0.9780014197580451,,
1996-01-23,2802.7351479352,5718.870515029758,95.46504517367622,3.3630726,0.46649134,0.7721323,0.80315876,1.6242861895428664,0.5604133017550396,2.126980346237213,1.0267853689002553,,
1996-01-24,2813.0428479352004,6573.567915029757,94.74076117659054,3.5517514,0.6127737,1.4165336,0.8974987,2.056430062425188,0.6548083587627576,2.5797792190333797,1.1211763374128476,,
1996-01-25,2865.1107479352004,7468.99091502976,94.42413156849251,3.2412405,0.48120517,0.73893356,0.7793663,1.4326935761497606,0.5788721430073566,1.9262302608505022,1.0452460911271941,,
1996-01-26,3448.2437479352,4502.410515029758,93.0738392216492,3.2563353,0.4975522,0.71821415,0.8068494,1.8190116408059886,0.5053083035285288,2.331013008435057,0.9716785019517944,,
1996-01-27,3083.855656808827,6429.070315029756,94.20087358831867,3.5474188,0.6346598,0.8841095,0.96421194,1.7474886072484803,0.6833460155897487,2.256071418362759,1.1497168953601085,,
1996-01-28,1087.5557487191768,8573.389415029756,96.84020561804583,3.1209242,0.47085997,1.7921801,1.4564755,1.9417599771233123,1.2936030098096862,2.4596282956341518,1.7599720525343674,,
1996-01-29,2151.456016762215,6353.78121502976,97.21118797324209,3.1561542,0.462417,0.10940325,0.62280005,0.880099046672117,0.4797373653733805,1.3472236018137285,0.9461169737440516,,
1996-01-30,1842.9867278812217,5319.630815029758,96.96291233589287,3.165107,0.46613207,0.06846011,0.8169549,0.8652469117513539,0.6184880951042566,1.3316615856132363,1.0848678604243336,,
1996-01-31,1924.6909014990176,3795.497115029758,96.25068803227636,2.9738984,0.43805662,-0.27537596,0.6565379,0.8179183148225138,0.45989013652040767,1.2820708435359127,0.9262704036662421,,
1996-02-01,1836.2998969402988,3063.466715029758,95.25743550526768,2.9207187,0.42677376,-0.69982064,0.5844664,0.6570594922938177,0.39889435178603466,1.1135235191587216,0.8652763436659037,,
1996-02-02,1566.493996691042,3011.692945029757,94.48394354400286,2.9082181,0.42465898,-0.8565966,0.619838,0.4315901440568807,0.43286739861904133,0.8772775068044691,0.8992518577873788,,
1996-02-03,1505.4248769864996,2652.158975029758,93.60185058164095,2.9436865,0.45149854,-0.8728746,0.5164468,0.5090688941601152,0.36777919018855004,0.9584594763147805,0.8341627949595503,,
1996-02-04,1085.651438577449,2358.054055029758,93.00864579514867,2.86581,0.43666714,-1.0640832,0.49037004,0.1748421612237217,0.36290146246546123,0.6082578480409587,0.8292888019814526,,
1996-02-05,552.019246606716,2139.086395029758,92.89411651437918,2.8666644,0.4436472,-0.6796187,0.40253028,0.047820782645928504,0.33265051551357216,0.4751652817680081,0.7990393078968061,,
1996-02-06,402.5503498473411,1820.63461422419,92.86963109116192,2.9330878,0.43859378,-0.654348,0.4468787,-0.0047738344133472855,0.3744804334499704,0.4200568217990033,0.8408698328096167,,
1996-02-07,395.61959054810814,1443.613478509673,92.77979833967099,2.9875932,0.42169648,-0.7600707,0.5582424,0.04605294951588089,0.4474547001932028,0.47331295225737946,0.9138435129270248,,
1996-02-08,434.2494151491592,1321.1593137325244,92.66877438011714,3.2370872,0.42662868,-0.8907441,0.91082895,0.13039037032552533,0.693586536454975,0.5616814134886742,1.1599743823111281,,
1996-02-09,505.50553082934505,1336.8091700278485,92.62748381768647,3.2171044,0.4087988,-0.013824344,0.919585,0.8726975771189133,0.6766258972084979,1.3394683673165395,1.143005583762407,,
1996-02-10,565.7843408919314,1308.2412618458789,92.41713819485514,3.1475747,0.40607736,0.42957687,0.9048594,1.2501636286054527,0.6434618641428983,1.7349760057609882,1.10983764330667,,
1996-02-11,594.6859755892449,1183.6629249500447,92.11013755865415,3.2546456,0.40827674,0.5486163,0.9025677,1.453521773673359,0.6160648545104936,1.9480539750180972,1.0824385961144714,,
1996-02-12,557.6642274441522,1126.0951751119435,91.816080896592,2.9428754,0.41694826,0.037383556,0.8847268,0.9996878224382846,0.6076044652202242,1.4725283122677395,1.0739828190325382,,
1996-02-13,546.8592918026484,890.5765035659531,91.45507508000959,2.9389849,0.43041816,-1.1651493,0.75788397,0.3962309617884368,0.4972871628777922,0.8402282764929117,0.9636720142506772,,
1996-02-14,458.4455637036,882.960646078798,91.28713739920607,3.021893,0.43032143,-1.1974608,0.8895908,0.24456627156029265,0.6037462937818989,0.6813145325116698,1.0701328436375848,,
1996-02-15,435.5396137036,844.8837963134808,91.110886600034,3.0429964,0.41426694,-1.0676659,0.900254,0.33058738860369435,0.6105149605566152,0.7714471649012679,1.0769005438393504,,
1996-02-16,431.9337237036,756.9411007953133,90.89691362092519,3.036611,0.4079858,-0.952813,0.8988469,0.4965967618195794,0.591168535274187,0.9453912186822186,1.0575522771181811,,
1996-02-17,451.8563837036,662.733310495358,90.6628359934965,2.9573612,0.41404873,-1.1103767,0.8771867,0.5386905273093391,0.5479187197126334,0.9894969222720498,1.0143019996446085,,
1996-02-18,444.6161637036,664.565800495358,90.35112202835555,2.9480116,0.4078716,-1.0185572,0.8834056,0.5714439740448757,0.553968272792341,1.0238158717994885,1.0203511947089328,,
1996-02-19,452.4911637036,632.516690495358,90.06742536009651,2.9762998,0.40939295,-1.2927448,0.89314985,0.4876155564773717,0.5479490208288984,0.9359807424253681,1.0143328614895588,,
1996-02-20,387.7894737036,669.7003904953579,89.9080078023742,3.392794,0.4358265,0.08706939,0.93356246,1.2993033890373524,0.6124390143078922,1.786464478765665,1.0788142967800307,,
1996-02-21,1194.6605737035998,3388.412130495358,90.8198985634922,3.8177905,0.4331147,3.1077108,1.0331287,3.292805913310546,0.7721237101561108,3.875249609251641,1.2384811710030872,,
1996-02-22,1604.3103737036,1359.1616304953582,91.3737336659587,3.876381,0.52299905,4.257848,0.87554,4.051336218186568,0.4913358202910212,4.670035069794604,0.9576876935748698,,
1996-02-23,1488.7309737035998,1351.1104422275478,92.0209662422039,3.9073617,0.53762245,4.8803954,0.8377615,4.370301662204868,0.488159706537758,5.004245971708154,0.954509426747221,,
1996-02-24,1736.417940450745,2653.4457493946607,93.01275770673412,3.5458338,0.5000728,5.306479,0.85684794,4.610052836620441,0.5544078841533601,5.255456432712401,1.0207560625959882,,
1996-02-25,1796.617647959327,2767.495998791283,93.43654067883524,3.4525745,0.48656934,4.9597383,0.8455404,4.36645832669486,0.5473099452258444,5.000218937898553,1.013659690685977,,
1996-02-26,1761.31120127953,2387.429960576346,93.42945807404239,3.318315,0.47065306,4.511589,0.84007865,4.004995166112239,0.5230964902332053,4.621479073840083,0.9894486860075987,,
1996-02-27,1307.3952907010107,2460.344272066957,93.29089543577936,3.362634,0.46793804,5.0002704,0.86135,4.43201502104635,0.5854320703964634,5.068909018145695,1.0517813874633053,,
1996-02-28,1297.218632573134,2754.575664422507,93.24731503963484,3.207691,0.47660685,4.7329016,0.8711702,4.244591582963498,0.6115981321023591,4.872527380397455,1.0779486869857786,,
1996-02-29,1022.2918916287696,2376.4940896418834,93.26512060171255,2.8342662,0.40432614,2.7083707,0.87702084,2.7462377209656053,0.6251719723610515,3.3025573256625105,1.0915338672690929,,
1996-03-01,753.879319165386,1805.3996990347828,93.08140144794076,2.880201,0.3990491,1.3018544,0.8863046,1.7667833419467882,0.6361822563002226,2.276288375423895,1.1025529516877377,,
1996-03-02,506.8594137036,1605.162662351325,93.1156494158919,2.93625,0.38373744,1.0260923,0.9123003,1.4845067236639387,0.6994485405579806,1.9805198997014737,1.1658219758576842,,
1996-03-03,387.7894737036,1302.163842018152,93.26958298118868,2.9206886,0.40031892,0.57663894,0.7588737,1.1145223140098894,0.5919082871892904,1.5928514999943952,1.0582854517090465,,
1996-03-04,439.0820737036,917.799230495358,93.3658285652487,2.863218,0.40765977,-0.27995455,0.785719,0.7371651824991335,0.5475903122503804,1.1974579875282483,1.0139714415359462,,
1996-03-05,423.6017737036,940.3147304953578,93.48711444743563,3.0294962,0.42995647,-0.46459997,0.90929717,0.6205876718905281,0.6409543839023831,1.075308470412836,1.1073367709489634,,
1996-03-06,512.1600437036,1202.254830495358,93.74526373682714,3.092564,0.40538508,0.24680829,0.91626865,1.0969423185827354,0.6538577558502402,1.5744312408800312,1.1202351014611343,,
1996-03-07,502.1659337036001,1164.301530495358,93.8853494368538,2.8305907,0.4636599,0.36312306,0.92423385,1.106658850300872,0.6606718216093777,1.5846121895999927,1.1270490670868143,,
1996-03-08,540.9498037036,807.6773704953581,93.92155158444238,2.7286265,0.4742271,-0.642701,0.69510406,0.7095770458383667,0.45768996479232466,1.1685512322404241,0.9240713903242173,,
1996-03-09,536.8678737036,734.613680495358,93.9046152555762,2.643272,0.4457505,-1.4847206,0.642572,0.258274860859822,0.41623711634217364,0.6956783455192486,0.8826235115951127,,
1996-03-10,498.6886737036,582.197630495358,93.87725402340423,2.699971,0.4549734,-1.2305042,0.7534997,0.582899729132035,0.4569277162092953,1.0358191728202744,0.9233105131969513,,
1996-03-11,140.9158620988,602.505490495358,94.08606183898252,2.926478,0.50256956,0.00568676,0.68854517,0.5593240766000498,0.5661039024170945,1.0111166846865969,1.0324869566686758,,
1996-03-12,166.24519209879998,571.173590495358,94.1797359377746,2.951713,0.5623956,0.1234535,0.8563213,0.7610620989856055,0.675279803109423,1.2224970949352512,1.1416606764890296,,
1996-03-13,183.9506420988,664.0639304953579,94.28761287925504,3.048714,0.66146076,0.64513695,0.8591225,1.166518944258331,0.6878929311982205,1.6473333914271235,1.1542695621701948,,
1996-03-14,291.3918120988,667.5921304953582,94.4924662077369,3.3511643,0.6857969,1.2588795,0.8796353,1.8946301861499113,0.6468389836591114,2.4102458617573532,1.1132084680819632,,
1996-03-15,457.2245420988,1158.731230495358,95.26797083668922,3.22419,0.64198107,2.8682919,0.90012366,2.9689910000367115,0.6705122118215965,3.5359574500292235,1.1368722583896227,,
1996-03-16,401.1451720988002,1281.1903304953578,95.90267101866196,2.9150457,0.6020914,3.2606158,0.8553287,3.178216225821951,0.6670130583623173,3.7551829264063423,1.133371420520181,,
1996-03-17,611.7573737036,1275.357245289715,95.88104828121618,3.0996003,0.64303577,3.28094,0.8513027,3.22215405396116,0.611931114690643,3.8012208325366537,1.0782891294783323,,
1996-03-18,154.45404209880002,1078.5676704953582,96.1031741160088,3.3264306,0.68261546,4.073698,0.8471096,3.980091838549962,0.745913985554451,4.595385452348097,1.2122663556473212,,
1996-03-19,112.22909209880008,1257.102230495358,96.37366920753135,3.1278872,0.67935693,4.6750712,0.86540306,4.54826551196332,0.7964241638183889,5.190715885146073,1.2627727333087775,,
1996-03-20,1264.8889420988,1227.4105304953582,97.09306863488678,3.136294,0.54474753,3.589323,0.8750006,3.359402211341462,0.5119849962459443,3.9450289826803786,0.9783419401758391,,
1996-03-21,1253.4086675040803,2201.996355000153,97.38455237732776,2.9607525,0.45260537,3.3505232,0.8887569,3.20913835132786,0.589686146921255,3.7875830238094355,1.0560442643802799,,
1996-03-22,823.2490628862134,2226.524893550036,97.5052944039205,2.8882954,0.40665254,3.2239761,0.8855348,3.133363242382886,0.6557485516470967,3.7081861236811435,1.1221072706874704,,
1996-03-23,506.0211237036,1964.264429819821,97.85680801423332,2.889577,0.3947861,2.0986547,0.9022424,2.260669750530847,0.7219676882631784,2.793780866072042,1.1883338089232423,,
1996-03-24,419.4783237036,1734.9868188612502,97.9521624111827,2.897685,0.5338469,2.2782264,0.8661568,2.3988361183973046,0.7052164151879865,2.938551114024415,1.1715813059833524,,
1996-03-25,454.2389237036,1555.544433427774,97.95261020120016,3.3896427,0.60147667,4.176731,0.8516076,3.998838211980944,0.6730051008346181,4.615027838347808,1.139357339640501,,
1996-03-26,500.7955737035999,1856.6130788348764,98.25468268016007,3.2149782,0.65491617,5.08394,0.8428324,4.686907549690674,0.6782090183400719,5.3359845383526965,1.1445567164674404,,
1996-03-27,424.6419737036,1619.8633968006206,98.44209654917947,2.8393862,0.62093765,4.21345,0.840806,3.9280581224086575,0.678540368583671,4.540864702443598,1.1448931051916302,,
1996-03-28,387.7894737036,1055.9318004953582,98.82340854338022,2.6935105,0.6169221,3.3241038,0.84871453,3.1547238776469015,0.6424835131396633,3.7305677242931004,1.108842061932571,,
1996-03-29,387.7894737036,1053.798180495358,99.1720974204348,2.7098682,0.56360596,2.9537687,0.87157553,2.8881590804179567,0.6549107675828245,3.4512620409627868,1.1212714783105961,,
1996-03-30,387.7894737036,1201.5745501013546,99.22905679944031,3.3085644,0.66071093,4.167911,0.8329591,3.958238773928718,0.6500319021124387,4.572487885938922,1.1163844257567939,,
1996-03-31,524.4229808391165,903.692030495358,99.3825806365702,3.6421442,0.6205448,5.366267,0.8190744,4.733146120623104,0.5661801668278009,5.384433154917049,1.0325275792348085,,
1996-04-01,1046.7112841976,824.7955604953579,99.01893224339295,3.3714318,0.64539033,8.059178,0.9047248,5.4373780640526865,0.5378396922613403,6.122324977946096,1.0041830552498978,,
1996-04-02,480.2660050336064,1461.2939792141217,99.3825806365702,3.1759498,0.6566996,6.580024,0.826726,5.737989003922762,0.6430808271073192,6.437304093154871,1.1094226342808744,,
1996-04-03,1049.0375841976002,1389.350890495358,99.04176516390015,2.8455377,0.5895285,4.9777265,0.82469296,4.060421359077515,0.5339735441608368,4.6795544493641374,1.0003253545085085,,
1996-04-04,275.71133336768054,1128.801065707716,99.3825806365702,2.879386,0.65325737,4.4333963,0.84591943,4.128337959499895,0.6918505716507203,4.750717231125423,1.1582019145050466,,
1996-04-05,1012.6309841976,1276.764530495358,98.95267631603524,2.7133937,0.52109,3.3876677,0.83614993,3.0894270473683263,0.5201613822432885,3.6621499287332573,0.986520453102121,,
1996-04-06,125.79928841957955,789.9967004953583,99.3825806365702,2.7144706,0.5724871,3.4371743,0.8570208,3.3378993597416895,0.7434660358158415,3.922498368277958,1.2098231460953461,,
1996-04-07,1066.6086141976,787.4953304953581,98.8916369333812,2.7862153,0.5025807,3.1749299,0.8732105,2.9513144063864516,0.4702568199506314,3.517435975626894,0.9366170111210048,,
1996-04-08,189.6053020988,936.155340495358,99.35956591889442,2.755846,0.5189741,3.9196668,1.021721,3.7236512240976465,0.8541227717115183,4.326687853123348,1.3204769780939345,,
1996-04-09,312.2234758117572,1013.6465323461332,99.3825806365702,2.7403119,0.5145728,3.575849,0.866398,3.3790919641820776,0.6733662272243487,3.9656598384007227,1.1397230192948309,,
1996-04-10,1004.6154141976,1377.973300495358,98.94633958307966,2.6621046,0.50693774,3.6050882,0.834875,3.2074804212778893,0.5280473774058313,3.7858458503704266,0.9944055079569611,,
1996-04-11,132.9124420988,831.7323304953579,99.29996639420396,3.5082355,0.65384007,4.6354136,0.8207714,4.480106729111361,0.7133935191889511,5.119299345462933,1.1797425251162543,,
1996-04-12,382.6732299824533,832.6377982091758,99.3825806365702,3.5936694,0.6801325,5.2425113,0.8590072,4.723329248355791,0.6262796477222919,5.374147069712658,1.0926271205858944,,
1996-04-13,1547.0486241976,1512.4148378196414,99.21699178898739,3.958208,0.7045183,4.603486,0.91610515,4.277194729651824,0.5761949330954733,4.906688846049201,1.0425452697688244,,
1996-04-14,1619.5183208082713,6010.574263227417,99.3825806365702,3.4377909,0.63349336,6.226759,1.427003,5.63478908733381,1.1321290726748938,6.329171573324233,1.5984714023105557,,
1996-04-15,1294.7525614325011,4597.533535366954,99.3825806365702,3.2012153,0.62150526,5.4709945,1.1258472,4.972240272232647,0.8890093075107928,5.634955189671058,1.3553552815028322,,
1996-04-16,4142.284040761348,9081.831228208111,99.3825806365702,3.6391935,0.7564486,5.587026,0.8796481,4.976892612056122,0.6489165735207875,5.6398298954348665,1.1152625201723259,,
1996-04-17,2818.100267558795,8976.71530134134,99.3825806365702,3.4462209,0.5629309,4.3346767,0.8516877,4.122400619706053,0.6620036397821705,4.744496106785217,1.128355023294828,,
1996-04-18,1887.736516940316,7032.2406654264805,99.3825806365702,4.0644817,0.59394,5.099851,0.98990065,4.880735703474748,0.7904654898567818,5.539077015319252,1.2568120066270492,,
1996-04-19,1301.302241591175,5199.989762058796,99.3825806365702,4.736953,0.670684,7.7203226,1.1323615,7.123169636655016,0.9156022675482457,7.888691625128608,1.3819382410594652,,
1996-04-20,1068.5317096583144,3670.145744625919,99.3825806365702,5.6747255,0.8571327,10.051639,1.1805358,9.06468170404235,0.9345394890715524,9.923001332610067,1.400870979555957,,
1996-04-21,963.1970300944292,2814.600689402734,99.3825806365702,5.791629,0.8390044,10.377435,1.1391106,9.208225856831424,0.8752241076124998,10.07340640522132,1.341555437811207,,
1996-04-22,791.9919500538341,2235.867541631663,99.3825806365702,5.991492,0.9365536,11.039849,1.1502061,9.719359178827975,0.8839710538661434,10.608970152787453,1.3503020046875887,,
1996-04-23,783.3615459556215,2116.518184718718,99.3825806365702,6.259624,1.0210127,10.805897,1.1849682,9.577785394357601,0.9077803872192118,10.460629625365167,1.3741114131994432,,
1996-04-24,1059.1610097501846,2995.456418219249,99.3825806365702,5.377019,0.6128317,9.322803,1.0661181,8.292071474117,0.8037273793096453,9.113462974730234,1.2700601373120521,,
1996-04-25,794.4133781316061,2183.795521114468,99.3825806365702,5.562491,0.64632106,9.506431,1.1257122,8.454416292819575,0.843249130070994,9.283567320818792,1.3095815650774505,,
1996-04-26,678.4618099233863,1918.7870794969697,99.3825806365702,6.134243,0.8669767,10.345733,1.1421779,9.245593645371494,0.8736781958950368,10.11256024631821,1.3400094882338731,,
1996-04-27,652.1216006102336,1997.3467704718616,99.3825806365702,5.5649915,0.6810392,10.401955,1.074072,9.211418389594197,0.8268764453289497,10.076751530137026,1.2932077722306867,,
1996-04-28,592.0923789525252,1612.275314375638,99.3825806365702,6.0791616,0.7852304,10.440195,1.0497814,9.268823051728505,0.79625193870532,10.136899938893334,1.262583208313861,,
1996-04-29,1330.2342048586306,2576.4554752119548,99.3825806365702,6.6304207,0.9329116,9.435261,1.0949012,8.480208150249695,0.7888688833171478,9.310591940869017,1.2552012697839707,,
1996-04-30,2849.331441025186,6683.000070779751,99.3825806365702,6.8852377,1.1994871,10.289252,1.2689732,9.27175034290846,0.9591921236668915,10.139967144585246,1.4255233904548263,,
1996-05-01,3005.5086720061613,8463.103767553263,99.3825806365702,7.425015,1.4865226,9.255546,1.121047,8.775829717448488,0.9143964835363054,9.620343208448139,1.3807283679893017,,
1996-05-02,1938.208872006161,6309.654567553263,99.3825806365702,8.713182,2.2528317,9.3208275,1.1313739,9.178033776876724,1.0145790874940712,10.041771247051248,1.4809104494489678,,
1996-05-03,1512.736172006161,4622.532267553264,99.3825806365702,9.638107,2.085682,9.48042,1.127941,9.519300092236092,0.9933129294192256,10.399348925724254,1.45964399313957,,
1996-05-04,1473.8848720061612,4069.317867553264,99.3825806365702,10.434954,2.2478979,10.003622,1.0749611,10.118309033107383,0.9899391375503781,11.026988446359564,1.4562699999003104,,
1996-05-05,1483.178072006161,3453.1893675532638,99.3825806365702,10.289499,2.2529802,9.890317,1.1320677,10.010255049343842,1.0418166247592302,10.91376985153619,1.508147493095429,,
1996-05-06,1519.0945720061611,4199.1528675532645,99.3825806365702,8.461569,1.098366,9.305728,0.8717246,9.081470865890147,0.7035096789598838,9.940592959003311,1.1698411494799685,,
1996-05-07,1485.1315720061612,3665.230367553264,99.3825806365702,9.354235,1.5836802,8.594267,1.0856411,8.813407253381596,0.8974615759382122,9.65971682214647,1.3637934037388613,,
1996-05-08,1221.436072006161,2852.181967553264,99.3825806365702,9.752867,1.9603115,9.60827,1.0589392,9.651625758572635,0.9461497743189897,10.537999306579021,1.4124807582385182,,
1996-05-09,1120.746972006161,2539.976467553264,99.3825806365702,9.555471,1.5174556,10.240121,0.8975439,10.030512369052449,0.7769535177890495,10.934995401880686,1.2432843839858587,,
1996-05-10,1050.3598846327725,3139.4119837275207,99.3825806365702,10.954582,2.0985577,10.831653,0.98952174,10.862470618082035,0.9091387905130206,11.806718411306882,1.3754699743201524,,
1996-05-11,2117.237234667345,6731.432667986078,99.3825806365702,10.72756,1.9524089,11.95501,1.1034874,11.661316146247128,0.960686244024267,12.643746025001436,1.4270184778337143,,
1996-05-12,4849.455124289554,8214.533791815105,99.3825806365702,9.187401,1.6691363,8.905318,1.1296097,9.010029517496452,0.94255573693124,9.86573695836643,1.4088872946365176,,
1996-05-13,2922.758836609375,6825.479035461721,99.3825806365702,8.77054,1.6387842,6.808948,1.0525839,7.3970810958559,0.8857662732186855,8.175695115759813,1.3521013530379546,,
1996-05-14,1741.4244145829127,5000.362008126765,99.3825806365702,9.7496395,2.3846724,7.7545843,1.0651846,8.269913279209636,1.0017917001985033,9.0902456938503,1.4681245046241336,,
1996-05-15,1222.9239145829129,3361.120280654869,99.3825806365702,10.701868,2.6281543,9.0942545,1.0999895,9.523131046496266,1.0686863309193115,10.403362986502602,1.5350173920478296,,
1996-05-16,900.2593539236116,2608.800191032203,99.3825806365702,9.099104,1.7523915,9.516214,0.95801175,9.409203482703854,0.842256633168162,10.283990074602807,1.3085877785474214,,
1996-05-17,737.2102078219903,2317.338412285799,99.3825806365702,11.86091,2.859715,11.02885,1.1499889,11.22966608949132,1.1124351699631545,12.191464571054604,1.5787667457678816,,
1996-05-18,639.7104265697453,1959.4322479144053,99.3825806365702,13.200581,3.2748857,12.674237,1.2398099,12.803782785456645,1.2342101792827351,13.840818664238334,1.7005451831211973,,
1996-05-19,621.3252215634927,1840.5138741823816,99.3825806365702,13.791557,3.430802,14.765018,1.2378529,14.519333858300051,1.2673510903783753,15.638367214045683,1.7336930576768033,,
1996-05-20,529.2716957068229,1363.8809408481698,99.3825806365702,13.840359,3.4569495,16.868435,1.2388394,16.02187083120726,1.3155234009152659,17.21272031809216,1.7818742321043914,,
1996-05-21,460.7707879286809,1179.878318847159,99.3825806365702,13.613861,3.2894402,17.104122,1.374477,16.123894067819958,1.3529638883513642,17.319619916665957,1.8193154150138835,,
1996-05-22,441.3969489635514,1163.2846859849883,99.3825806365702,13.427635,3.2107675,16.391024,1.3443272,15.575889600026064,1.3151981264021222,16.745422708571077,1.781546057172659,,
1996-05-23,383.2971891132447,991.2755813557995,99.3825806365702,13.339186,3.2376225,17.856647,1.4778513,16.59696125428512,1.3967430977428739,17.815298097544876,1.8630980047809174,,
1996-05-24,326.3022559021675,828.0580219807365,99.3825806365702,12.477034,2.8374414,17.14106,1.3397261,15.822682658681442,1.2517462476586305,17.004011631810314,1.7180957553268248,,
1996-05-25,266.13543972787176,678.4266706365725,99.3825806365702,11.8988,2.754924,16.727968,1.4318687,15.367324145868517,1.2884803211825184,16.526888538650137,1.7548269736202848,,
1996-05-26,223.5231059153188,588.526934236173,99.3825806365702,11.021044,2.4347372,15.634547,1.2126964,14.364644431200468,1.1052571759371679,15.476284161110092,1.5715983772730793,,
1996-05-27,104.43905553897542,514.007520495358,99.3825806365702,11.643902,2.8463953,14.736673,1.3330307,14.21438711385911,1.207697986520101,15.318845057628762,1.6740384700421063,,
1996-05-28,103.4105262964,511.74816049535815,99.3134497090804,10.797573,2.3855467,13.984849,1.1773509,13.449055718305424,1.0583510974142907,14.516933437522109,1.5246883254884842,,
1996-05-29,103.4105262964,490.1883704953579,99.22490060429652,11.029991,2.6730313,14.181485,1.2699317,13.632465193689146,1.1474374269572898,14.709109258875246,1.6137753741554561,,
1996-05-30,103.4105262964,458.3456904953581,99.1119546181269,10.508469,2.401226,14.823089,1.2131193,14.02883463771228,1.0840197559195144,15.124423807401522,1.5503593886469258,,
1996-05-31,103.8960162964,416.34940049535805,98.98000763491149,11.034988,2.6887922,15.450133,1.209654,14.568403367403095,1.1070280088357094,15.689782077948127,1.5733702248250139,,
1996-06-01,146.8363205285888,348.36073049535804,99.49340738894288,11.237835,2.738921,18.729174,1.3350085,16.507834472875675,1.2416067081992432,17.721911360648722,1.7079609588010933,5.285887914462284e-07,4859.999999471411
1996-06-02,160.28555000000136,326.745910495358,99.3622697400642,10.564339,2.5131392,20.265776,1.3784945,17.072963119344497,1.2407164488778282,18.314051224623114,1.70707501557763,1.362680193252897e-12,4859.99999947141
1996-06-03,164.69645000000125,296.63732049535804,99.22371914051298,9.549816,2.1877584,20.349651,1.2604636,16.49410328747439,1.1255590104934108,17.707523871522962,1.5919131607699848,1.2173668848839613e-12,4859.999999471409
1996-06-04,160.39610000000118,260.0139204953581,99.13775106832104,9.143482,2.1531715,20.972345,1.3434029,16.459361780841427,1.1684054656280884,17.671121839630842,1.6347593630328943,1.2016956080133406e-12,4859.999999471408
1996-06-05,170.68036000000131,345.991120495358,98.94485679790114,8.686802,1.7790862,21.241371,1.2241948,17.094019347748883,1.0086914092053745,18.336113868768116,1.4750501437769836,1.314382694890531e-12,4859.999999471407
1996-06-06,180.8490650000657,284.71501049535806,98.79664136117006,8.120262,1.314282,23.783438,1.4315963,17.699053627547563,1.0134739480096528,18.97006671893495,1.4798377228408108,6.570086301924291e-11,4859.999999471342
1996-06-07,141.69322696911954,377.6293704953581,98.64819390855997,7.8012433,1.0351467,23.62332,1.3741844,19.30638625501714,1.0383956596763078,20.654224351605855,1.504774857622699,3.696911950954303e-05,4859.999962502222
1996-06-08,395.91590660667987,629.1295240651301,99.99999996081736,8.02161,1.0442146,25.360195,1.2728485,18.663300217975063,0.8791885290032809,19.98040100027281,1.3455612017037506,2.9287889916897327e-07,4859.999962209343
1996-06-09,1463.8202326428216,1720.597838948417,99.99999996051133,10.708309,2.311382,28.61641,2.5914805,20.384374843193385,1.757706850020762,21.783737109377277,2.22409804675424,0.024111662838407193,4859.975850546504
1996-06-10,1132.287864797536,1631.641408126773,99.99997476546135,12.32173,2.7479112,21.961226,1.1614974,18.01225174964177,1.3181061480075893,19.298234640651042,1.7844726963818163,1.2716893805648578e-09,4859.975850545233
1996-06-11,1056.085186942761,1158.8147035418788,99.99997476546001,13.036505,2.9352806,24.642046,1.9936695,19.10841430527458,1.7455050607591815,20.446790019398854,2.2118821995495543,9.758113456478587e-06,4859.9758407871195
1996-06-12,694.8525968267242,944.9309017818068,99.99997475526344,11.798677,2.6896753,22.993696,1.5298475,18.24984565610335,1.440899672863584,19.547184723667346,1.9072684000867741,0.00221360147303288,4859.973627185646
1996-06-13,776.886079717888,1479.067992379452,99.99997244220027,12.1569805,2.7001555,21.411028,1.4443111,18.224198579566725,1.3271444826568584,19.520311804542416,1.7935129715762304,8.369951943466632e-09,4859.973627177276
1996-06-14,577.1079886907823,958.9502250454758,99.9999724421915,11.897377,2.68179,21.70072,1.2193002,18.01753425730044,1.2627820666040108,19.303769634118446,1.729148662719691,3.801204493805161e-07,4859.973626797156
1996-06-15,435.1718546248155,737.7138116207348,99.99997244179431,10.986513,2.4973586,23.409945,1.3197895,18.800520242402854,1.2440455719220147,20.124179672805063,1.710419597276128,9.499951753790581e-07,4859.97362584716
1996-06-16,969.7322157277889,803.5635804953581,99.4919578562373,11.958164,2.6346774,31.656675,4.2976565,20.884484439083817,2.422496711172757,22.30775023441214,2.888893925664175,0.2585315301888195,4859.715094316972
1996-06-17,122.80006759842861,561.4073504953581,99.67434940591883,10.306316,2.3611825,21.377954,1.1960238,19.390840821228302,1.0689550094981959,20.742715557388415,1.535335099514384,6.759842861556787e-05,4859.715026718543
1996-06-18,138.95789470177792,555.847470495358,99.68121619177344,10.056808,2.2901626,20.29792,1.1008176,18.24974472321277,0.992645243240376,19.547078966529618,1.459013969524258,1.0177933016901236e-08,4859.715026708365
1996-06-19,387.78947371272227,691.577880495358,99.67263760960591,10.807724,2.446459,22.401142,1.0761073,18.23591932176772,1.1171168563583094,19.532592758155264,1.5834854540894634,9.122302400185895e-09,4859.715026699243
1996-06-20,387.78947370823425,824.8865204953581,99.68119500862652,10.833185,2.5091991,21.602615,1.0609962,18.158767474530823,1.0792121223832427,19.45175331635084,1.5455800067465464,4.634249830602591e-09,4859.715026694609
1996-06-21,387.79052022076206,716.2928304953579,99.54607322566731,10.2270355,2.325265,25.010618,1.2236891,19.81813594176871,1.1389797051727688,21.190433924055355,1.6053644336004118,0.0010465171620935522,4859.713980177447
1996-06-22,387.8021291483607,712.2022304953579,99.36381420938724,9.822956,2.2087557,25.944006,1.3052716,20.260594429548227,1.1491538907921564,21.654040415082058,1.615543642237788,0.012655444760684064,4859.701324732687
1996-06-23,395.0679946180451,641.8275104953582,99.25366041121477,9.327101,2.105462,26.085907,1.3297375,19.70062713860947,1.149353232268393,21.067308601788852,1.6157366642928424,0.0005009144450900132,4859.700823818242
1996-06-24,409.51729190699757,543.819010495358,99.0929532396922,8.886893,1.9335853,27.726954,1.5652726,19.63397474653079,1.2194843356310214,20.997470453208617,1.6858670393375845,0.0003282033975639951,4859.700495614844
1996-06-25,395.6884043317331,518.960370495358,98.9216870194024,8.704294,1.6906432,27.672323,1.6092219,19.46651861243303,1.16987224089792,20.822010488321144,1.636253137205532,0.00011062813314188204,4859.700384986711
1996-06-26,389.6538110258976,587.048690495358,98.71530438881925,8.214603,1.2995833,26.906002,1.5777122,19.44910017888004,1.0807659481013239,20.803759513186257,1.5471466582481266,9.732229761720685e-05,4859.700287664413
1996-06-27,402.20107508277925,417.7022704953581,98.46538537113219,7.835013,1.0637779,29.465637,1.9494866,18.85480070686185,1.1219180687811592,20.181054557916713,1.5882926351508206,1.3791792712140475e-06,4859.700286285233
1996-06-28,267.95152995867767,475.4284066511382,98.05860892526435,7.8371024,0.9301327,26.392664,1.6150333,19.704306011522018,1.0859437103980314,21.071163312251024,1.5523271827698433,0.0004972235193939118,4859.699789061714
1996-06-29,216.342145834184,491.3583969034504,97.88909404882013,7.4443326,0.7861101,24.801231,1.4052107,19.495274272008594,1.0048016173453584,20.852140570128114,1.4711828217403202,0.0001303859984056046,4859.699658675716
1996-06-30,217.84041841933134,514.081750495358,97.81834623353926,7.322179,0.6824689,23.930878,1.3338095,18.98766642697726,0.9585979793339363,20.320270805274895,1.4249738841977047,3.7277313474898288e-06,4859.6996549479845
1996-07-01,182.0091881282833,566.506680495358,97.90268767929352,7.6322465,0.73074186,24.005314,1.2211298,20.02403728886705,0.9411258728714365,21.406176651706453,1.4075129109526623,0.0033334366833056702,4859.696321511301
1996-07-02,188.3401063322939,452.132800495358,97.92963782963614,7.533064,0.7307721,27.80535,1.6399612,21.843997419704202,1.1774828974925995,23.31312465557514,1.6438924582817855,11.258831640693915,4848.437489870607
1996-07-03,192.39909792670443,465.1032604953579,97.96600166001635,7.296074,0.6175204,26.227163,1.406915,20.687526115174062,1.0114934066208212,22.10137797588785,1.4778882170041592,0.10073323510442035,4848.336756635503
1996-07-04,387.78947371890666,687.734120495358,98.08882332101672,7.120157,0.56993556,24.604464,1.2537962,18.300343264568486,0.8276458500468106,19.600095945199676,1.294015048674868,1.530669145989436e-08,4848.336756620196
1996-07-05,387.7894737040737,659.561630495358,98.3821343651327,7.4560943,0.65779525,24.056112,1.1469438,17.9098331406632,0.7622374084192125,19.190920772263794,1.2286030374767867,4.737376333073115e-10,4848.336756619722
1996-07-06,387.7907998201635,704.6308704953581,98.24662713161928,7.513447,0.6963803,26.660479,1.3783749,19.86361345139382,0.9228027230267772,21.238085103183458,1.3891879574176438,0.0013261165635450236,4848.335430503159
1996-07-07,387.83811065753576,683.8122904953582,98.02776444700069,7.5754967,0.68668807,27.881258,1.4419765,20.532454610015225,0.9530854982024244,21.938894582867842,1.4194784469620467,0.04863695393575651,4848.286793549223
1996-07-08,389.5143107987233,659.1532304953581,97.77493397808851,7.7254305,0.6906223,29.459791,1.6654648,21.386837465201705,1.0778203477289487,22.83411401797055,1.5442238948481941,1.72483709512329,4846.5619564541
1996-07-09,390.96481064952616,671.3578004953581,97.50323908111456,7.5921087,0.6658135,29.695059,1.6790875,21.560547132424595,1.0890605382942393,23.016126413489904,1.5554663423167752,3.175336945926204,4843.386619508174
1996-07-10,387.79123773047627,490.894490495358,97.29848700839763,7.4835224,0.65636456,29.728992,1.7900045,19.911377259918257,1.041129742185343,21.288131858482952,1.5075155105218656,0.0017640268763061155,4843.384855481298
1996-07-11,387.7895810098311,443.9602704953581,97.04952970916197,7.5165033,0.6821931,29.898483,1.857223,19.463256136504867,1.0410981633479484,20.81859207719583,1.5074790247612018,0.00010730623114121667,4843.384748175066
1996-07-12,351.111954905082,379.1365553395361,96.61107625215519,7.5567465,0.6624549,30.547344,2.0333369,19.493198121348467,1.102689047688494,20.8499651865634,1.5690702298079673,0.00013142103790686154,4843.384616754029
1996-07-13,639.3788947562755,1842.815830495358,97.6781055607565,8.030995,1.4727126,22.082232,1.0121522,18.462828196861516,0.8417615559366585,19.77034710182936,1.3081322911788895,6.467536609250348e-08,4843.384616689354
1996-07-14,387.78947370360197,3575.8242304953587,99.4347493627097,8.537931,1.5712355,18.127733,1.1202135,17.189492406446245,1.0222395814766283,18.436150213312885,1.4885990835732072,1.9647549221546886e-12,4843.384616689352
1996-07-15,573.0006235268336,1990.502771157171,99.98263805296693,10.402426,2.1304038,20.156994,1.1315756,17.976628661414395,0.9993865307253508,19.260908890577834,1.465752757983746,8.882222720072279e-10,4843.384616688463
1996-07-16,1868.587092126153,4286.692651137388,99.982638052966,14.581839,3.3181646,22.105286,1.3258376,19.82135760104328,1.366471514293913,21.193809567630563,1.8328562784865257,0.0011357117059584707,4843.383480976757
1996-07-17,969.4743717595547,2203.7862989972778,99.93287025868445,14.886736,3.4904382,21.8726,1.2372221,19.73832372314502,1.3694676092984157,21.106806954205876,1.835851455486341,0.0006875619546414028,4843.382793414802
1996-07-18,840.2153473799979,1789.0292821672203,99.53611692386546,14.911631,3.5156794,21.990402,1.2607213,19.728272458373223,1.4135468903687405,21.096275273336516,1.879930625966935,0.0006519028280895464,4843.382141511974
1996-07-19,780.520305607735,1525.7291225639508,99.22972909394838,14.885649,3.5266445,21.321138,1.1736333,19.143130101266593,1.4238687233353762,20.483165111769274,1.8902462199732297,1.3155998799880641e-05,4843.382128355975
1996-07-20,771.4414724962144,1339.6072006498678,99.02614469054781,14.514908,3.3713048,20.88334,1.1621547,18.556121481288947,1.4358368249244724,19.868099486345283,1.9022084560811165,1.453876382158639e-07,4843.382128210587
1996-07-21,584.6508594031118,1127.052364700688,98.90395934118388,13.622293,3.1685717,20.372126,1.1329231,18.066647015945613,1.3144370192175523,19.35522981474329,1.7808040607245874,2.1656043457899933e-09,4843.382128208422
1996-07-22,387.7894737036969,824.9740553641257,99.01266033209339,12.315718,2.8374078,20.280031,1.10339,17.733387221867275,1.1775052884159922,19.006041341699625,1.6438693618158526,9.692519316126042e-11,4843.3821282083245
1996-07-23,387.7894738033808,733.1526892633999,98.96152817658266,11.909889,2.6921299,21.410587,1.0424373,18.12382476913513,1.1542342177128184,19.415140469082896,1.6206017812254538,9.978085483740242e-08,4843.382128108544
1996-07-24,387.78947376635847,712.4636335717659,98.6833653641504,10.814795,2.4497612,22.617392,1.0587035,18.457509767311695,1.1024979807875295,19.764774469527197,1.5688686652556538,6.275849372749526e-08,4843.382128045785
1996-07-25,387.7894773082751,664.8751528304643,98.52006238900547,9.971201,2.2354572,24.22492,1.0684801,18.97401489388735,1.0647166384565085,20.30596677556872,1.5310924048637764,3.6046750891608165e-06,4843.38212444111
1996-07-26,387.7894737794098,840.6833493198174,98.70821913389842,9.547073,2.049296,22.60901,1.034396,18.48577597006487,0.9589349177497913,19.794391700148793,1.425305872441216,7.580980473763963e-08,4843.3821243653
1996-07-27,387.78947370502704,1062.9835508436242,98.6138141869655,9.344725,2.0699866,21.194437,1.0316036,18.027026517910464,0.9367316463548004,19.31371559233796,1.4030983283383927,1.4270448111883417e-09,4843.382124363873
1996-07-28,390.88474140467963,1001.9544005837644,98.33673339131967,9.014509,1.9827721,22.204058,1.0513377,18.50255829108211,0.9389385177547382,19.811976158743164,1.4053096333164508,8.71014818484419e-08,4843.382124276772
1996-07-29,387.7894737054622,880.0866230721169,98.12501725133258,9.259731,1.8539577,21.932331,1.0093021,18.056320790117024,0.9013222816160724,19.344410030618533,1.3676892292481424,1.8622298312460522e-09,4843.382124274909
1996-07-30,387.7894737036619,808.298099598459,97.96477495661257,9.5631275,2.0187585,21.58542,1.0175737,17.68761344584817,0.9493489217161412,18.958079735656636,1.4157125973616365,6.18941222619564e-11,4843.382124274847
1996-07-31,387.7894737073897,835.0852131619599,97.72653554473742,9.520851,1.9922408,22.134914,1.0760181,18.134830819253747,0.9690494607455672,19.426672570774883,1.4354171251672525,3.789700208876233e-09,4843.382124271057
1996-08-01,387.7894737299226,970.096804876924,97.66030150667059,9.374853,1.9439579,21.950317,1.1237159,18.358976384875962,0.9760608537420763,19.661531528230554,1.442430603379998,2.632260798305258e-08,4843.382124244735
1996-08-02,387.7894739436734,924.109929148944,97.4718315192941,9.080721,1.8612005,22.63233,1.1634017,18.626556839554503,0.9870499783960143,19.941901413964704,1.4534222925512177,2.400734015029522e-07,4843.382124004662
1996-08-03,387.78947372357254,815.5828093726682,97.27857670078677,9.207159,1.8022292,22.662731,1.1427578,18.326642241585848,0.9680646591519539,19.62765192341991,1.4344341044407545,1.9972573188611052e-08,4843.382123984689
1996-08-04,387.7894737496885,705.8144055387936,97.09710975461107,9.133846,1.8067114,23.530436,1.2210076,18.42543741235226,1.015602550356442,19.73116916563456,1.481972929321103,4.608850749341235e-08,4843.382123938601
1996-08-05,387.78948384752067,670.1293704953582,96.89676874156991,8.82329,1.7113613,25.075544,1.5077748,19.118137177491295,1.1426785024285941,20.456977611671554,1.60905574130258,1.0143920716104184e-05,4843.38211379468
1996-08-06,387.7902522299944,652.044580495358,96.65560061493312,8.560213,1.4411241,26.438402,1.7378111,19.771009204214785,1.2150472262061824,21.141054689541047,1.68143143281694,0.0007785263944084523,4843.3813352682855
1996-08-07,387.7901842185489,613.274530495358,96.38601737580227,8.36817,1.2834433,26.958296,1.8064756,19.75689485894378,1.2132361327229904,21.126265726813564,1.6796201835449964,0.0007105149489104016,4843.380624753337
1996-08-08,387.7895605871385,588.680440495358,96.09241682234753,8.284544,1.1879574,26.770626,1.8209629,19.429172016602404,1.194877306475289,20.782878852872763,1.661257804063861,8.688353855105044e-05,4843.380537869798
1996-08-09,387.7894737260704,647.287790495358,95.94639217899417,8.196863,1.0680243,24.420895,1.4038838,18.342596089399258,0.9648072638709233,19.644368310623303,1.4311768591778748,2.2470422063401992e-08,4843.380537847328
1996-08-10,387.78947370360373,665.9692004953581,95.83041037705843,8.055071,1.0319549,22.771906,1.4771284,17.3560228819122,1.0078253840481968,18.610640276250162,1.4741862498608211,3.736868734928088e-12,4843.380537847324
1996-08-11,387.7894737036015,664.1952604953581,95.60540222294026,7.881938,0.9717416,22.002302,1.5433086,16.797161430203055,1.0381606666006409,18.025067157521622,1.504517081272724,1.5626760051546993e-12,4843.380537847323
1996-08-12,387.7894737036016,652.2918904953581,95.33990437716771,7.905531,0.9932015,19.585793,1.293308,15.230861610977641,0.8916388763373635,16.383903561065317,1.3579847192970262,1.5957045049648319e-12,4843.380537847321
1996-08-13,387.7894737036016,689.8905004953581,95.06026073560496,8.045811,1.0846221,18.723843,1.3803453,14.881488231678842,0.965998897445552,16.017831328509185,1.4323427650298872,1.611554261118285e-12,4843.380537847319
1996-08-14,387.7894737036016,651.400630495358,94.73213916175663,8.062094,1.0116694,20.839115,1.7736145,16.07117673836766,1.1741120976282247,17.264382879071018,1.6404632634402276,1.5853339908496161e-12,4843.380537847317
1996-08-15,387.7894737036016,618.263540495358,94.3878347570368,7.973334,0.92324007,21.383316,1.4675417,16.214353899834222,0.9695407874082324,17.41440341942904,1.4358929406749814,1.5768430909691072e-12,4843.380537847315
1996-08-16,387.7894737036016,605.628740495358,94.07485428395267,7.9507155,0.90161353,21.056566,1.4148895,15.940582988431872,0.9316149051015241,17.1275471943007,1.397965190687179,1.5820781338813768e-12,4843.3805378473135
1996-08-17,387.7894737036016,560.7000504953579,93.79881499448123,7.902719,0.89390117,21.451477,1.5130707,15.912074019203972,0.9662372074487521,17.09767559379674,1.4325873034722918,1.5799519675811874e-12,4843.380537847312
1996-08-18,387.7894737036016,525.557070495358,93.48421281380139,7.847614,0.8718954,22.360262,1.6494114,16.198469105098624,1.0187428637597546,17.397759385804534,1.485094906317093,1.5699318053597685e-12,4843.38053784731
1996-08-19,387.7894737036016,488.5987804953581,93.20343012163758,7.8656697,0.85288894,23.151155,1.773907,16.38754306171497,1.0585376219887848,17.595870431230153,1.524891001025271,1.5664141738424356e-12,4843.380537847308
1996-08-20,387.7894737036016,473.668340495358,92.91136851186675,7.8945384,0.84069055,23.484867,1.79378,16.466803925323436,1.0564125257531227,17.678919693179395,1.5227664772106297,1.5661771292336021e-12,4843.380537847306
1996-08-21,398.2038837036016,339.590950495358,92.5539098963109,7.929194,0.8347664,25.84521,2.1928258,16.175546931351697,1.1053029522742748,17.373741610508034,1.5716548355836908,1.5751296287218818e-12,4843.380537847304
1996-08-22,392.06397646168045,328.7941937161958,92.00027401102938,7.997707,0.8272035,27.24204,2.658214,16.775335359543764,1.2932328389178593,18.002197875293508,1.7595890869996902,1.568469487279161e-12,4843.380537847303
1996-08-23,294.4423260698215,437.9948526620458,91.59507161355907,7.921578,0.7867868,24.57868,1.6861749,17.882466311625446,1.0567699005911895,19.16224590234686,1.5231352860329663,3.731697595177949e-10,4843.38053784693
1996-08-24,236.90959736054126,420.7719856560725,91.33442809143985,7.872641,0.7854256,24.195784,1.7148526,18.315872691719434,1.1330225706578498,19.616367625883747,1.5993919148423401,1.772415838312991e-08,4843.380537829205
1996-08-25,240.20901852416395,434.5623989743196,91.06531950513072,7.9483633,0.8602322,24.354277,1.833731,18.51400505947511,1.220007121107403,19.82397004353653,1.6863783465791469,9.321970594228739e-08,4843.380537735986
1996-08-26,300.2574883170508,439.1434761904651,90.70042119444459,7.9958444,0.8570951,25.529234,1.7440994,18.409238468359785,1.0927619122031702,19.714195967492568,1.5591321373127478,3.882597758789401e-08,4843.3805376971595
1996-08-27,331.3037608893927,432.3787784828237,90.31863679854618,7.999905,0.79722583,26.235714,1.6207986,18.324583687762534,0.9806687612556882,19.625494977760656,1.4470381872085758,1.932527073094435e-08,4843.380537677835
1996-08-28,350.765921133124,312.175004801462,90.04507994119699,7.9711328,0.7805501,28.49348,2.2050328,17.6349863688515,1.1174558538953108,18.902937264276186,1.5838190751951458,3.643971479201027e-11,4843.380537677798
1996-08-29,329.32102393702104,406.5074469208207,89.67455590935167,7.9982753,0.8554548,27.243881,2.0113487,18.630484343972682,1.175275964304674,19.94601663966857,1.6416483167111389,2.387210755471618e-07,4843.380537439077
1996-08-30,335.01735502608426,405.1793067314798,89.29849670148813,8.032753,0.89884984,26.36223,1.7081435,18.066201252506172,1.0196975946818394,19.35476274533521,1.4860646321339535,1.9456063486833278e-09,4843.380537437131
1996-08-31,347.85588033042876,419.3859425195078,88.85631584522432,8.118984,0.8976763,25.874422,1.6274868,17.824374121920407,0.9782878308390986,19.10137710455214,1.4446527019906064,0.0,4843.38053743692
1996-09-01,349.0532082199618,419.4861491354216,88.41964454680696,8.209398,0.8744328,26.15167,1.6745496,18.00269589862759,0.9965615953871647,19.288222052623425,1.4629280574800299,,
1996-09-02,342.484655679223,422.42150847507935,88.0107555286918,8.293782,0.8787312,27.00743,1.8625783,18.628444599671102,1.1012942729857749,19.94387940256189,1.5676666055242956,,
1996-09-03,348.01186639922514,425.43361086734615,87.58799990894134,8.410257,0.87599796,27.452787,1.8614826,18.88459917935449,1.0971539130730064,20.212277295533518,1.5635287778776519,,
1996-09-04,355.2499091552491,425.9300652706622,87.15632273488782,8.30216,1.088152,27.025587,1.9045718,18.510909422181967,1.1503253741399004,19.82072644536268,1.6166965698730515,,
1996-09-05,352.5712480041611,418.83890831784873,86.71342010930198,8.656862,1.1641272,25.921722,1.6906896,18.030857557732894,1.0610122898640417,19.317729742768147,1.5273790065327761,,
1996-09-06,361.06781180443227,415.31208069818297,86.42558865260503,9.010122,1.3348736,27.01499,2.1814783,18.641539957788197,1.321803063090944,19.95760067403274,1.7881755232663863,,
1996-09-07,394.5713429443307,325.9473622218674,86.18841049235377,9.305187,1.3477938,29.045715,2.9358664,18.23538295670436,1.5194325145496324,19.532030756675347,1.9858011072979074,,
1996-09-08,369.2191409831713,297.72477570195866,85.88924912530399,9.375797,1.5294455,29.708132,5.5029917,18.452182230878574,2.5983660695569677,19.759192295063844,3.0647367031964707,,
1996-09-09,334.72351266447697,303.85291877111933,85.56679358426916,9.163158,1.541473,29.517572,3.9787686,18.84837039001231,2.0584238596999236,20.174316893902702,2.524798361802445,,
1996-09-10,342.04639027589974,340.9577563794673,85.20150071036437,9.483402,1.6371776,28.34611,3.016848,18.89972327532803,1.7147364504698814,20.228124271595455,2.181111467132453,,
1996-09-11,358.34233770575304,368.3235128231928,84.79354742292723,9.474697,1.7018168,26.88997,2.8474863,18.301938366922744,1.6695519067606968,19.601767287993884,2.1359211203268496,,
1996-09-12,357.6776355895505,377.7522810187247,84.39690587788952,9.514677,1.7197027,25.324083,2.533452,17.635150731421444,1.5469073103459563,18.903109482815125,2.0132705330598535,,
1996-09-13,352.9602542141311,359.6287961719563,84.02708896060902,9.749113,1.878609,24.553919,2.2322483,17.220789034918457,1.4611689349325592,18.468942713643898,1.9275286908968594,,
1996-09-14,262.23501246492714,282.2981145080124,83.71311633206808,9.547552,1.9458398,22.073988,3.0819385,16.041535757100586,1.852268100108772,17.233325160222,2.3186190644239386,,
1996-09-15,298.7866189601275,336.3583438040374,83.30427296129271,10.350489,2.125068,20.181505,2.1179144,15.55677169311778,1.502446577448198,16.72539103106387,1.9687943889707942,,
1996-09-16,338.1661500394198,367.85416179063736,82.85210647791087,10.34366,2.3435597,18.454405,2.4178503,14.569560177666789,1.6873106256866464,15.690994179788067,2.153652847572047,,
1996-09-17,356.2625679012,151.3836404953581,82.64584972126823,10.564787,2.3927865,19.706163,7.862342,13.290809148776516,2.8839250223946733,14.351123222908555,3.350261660923723,,
1996-09-18,482.5271879012,351.744070495358,82.775371371235,11.676676,2.5436258,19.239653,3.286079,14.865365603319361,2.0208711281069474,16.00093809362657,2.4872149079028105,,
1996-09-19,186.7653579012,526.5971604953581,82.78690263630588,10.857525,2.6357417,16.040602,1.2892989,14.683620981362488,1.1755896226573193,15.810506700003067,1.6419324334093663,,
1996-09-20,201.7567879012,332.566970495358,82.61063764974844,10.654747,2.5207222,17.642113,1.502713,15.003733955132503,1.3344364125722283,16.14591997966783,1.8007809554629515,,
1996-09-21,228.24871580002497,291.2305512434542,82.38330406972173,10.694752,2.573028,18.797596,1.7090825,15.237369595234364,1.481943689813854,16.39072260472308,1.948289570894414,,
1996-09-22,179.96312487495737,308.46016359849506,82.17019441332904,10.788488,2.5050166,18.624321,1.1915272,15.73715128248048,1.1908695612853728,16.91439214820133,1.657218514559067,,
1996-09-23,67.8631579012,623.7356904953579,82.19521359623289,10.0293865,2.308339,16.208055,1.1778222,15.601773416223725,1.086129153518865,16.77254368270359,1.5524772464057732,,
1996-09-24,67.8631579012,560.139420495358,82.11291421999552,10.232979,2.109691,14.29977,0.80819243,13.860305095772134,0.7560484822011136,14.947839129446058,1.222387376312025,,
1996-09-25,80.38450063473167,503.3762806194934,81.96190501602496,10.009628,2.3037581,12.314257,0.9298116,11.996906810415744,0.8622521962482007,12.995376775758016,1.328585088878199,,
1996-09-26,164.39822854379022,465.1445745107099,81.76025314890516,10.488926,2.3141458,13.049596,0.9656352,12.380904850676517,0.9350052863342798,13.397728609711619,1.4013390908393737,,
1996-09-27,217.91105977695003,452.1285517091509,81.54308292529386,11.182386,2.4850807,14.10943,1.0632582,13.157493695405076,1.0807142847985047,14.21143574658204,1.547050448891255,,
1996-09-28,178.05572647416594,430.3246220116286,81.35036222932544,11.08396,2.7862427,14.931476,1.2131056,13.805416474435592,1.1837396484708043,14.890327019636995,1.6500783090334556,,
1996-09-29,67.8631579012,917.133690495358,81.69329127659589,10.281363,2.4745002,13.70359,0.9714491,13.467809750741514,0.9204457629442309,14.536583848601191,1.3867830627845792,,
1996-09-30,67.8631579012,685.7701904953581,81.66493974451457,9.968159,2.4114897,14.352,1.0907241,13.957244179668404,1.0159839315127557,15.049411570182889,1.4823232465111356,,
1996-10-01,54.9368420988,644.628520495358,81.67177380396173,10.023502,2.50126,15.580074,1.3840104,15.143716919379552,1.2903619762137994,16.292593651098063,1.7567073133852882,,
1996-10-02,63.94923209879998,576.2482004953581,81.65317806123403,10.488279,2.3748844,15.656258,0.9629118,15.140029000358457,0.8986054236007143,16.288729462154283,1.36495073955906,,
1996-10-03,65.76058209879999,534.6688204953581,81.63114048689633,9.645212,2.1483195,15.345302,0.98287416,14.721013079061779,0.9063023130364234,15.849686012153894,1.3726453200727167,,
1996-10-04,112.2319781768114,473.165809328672,81.57469560092223,9.716167,2.0535426,12.21203,0.823767,11.733525634477324,0.7735236188022988,12.71940687993325,1.2398559834946017,,
1996-10-05,164.29615290889257,429.04497544574247,81.48384408612642,9.70381,2.0958276,10.573189,0.8234411,10.332457732677602,0.8314598516482449,11.25137272173853,1.297790741594157,,
1996-10-06,180.62885939550264,431.2819506748166,81.36233169920519,9.724722,2.146994,10.384686,0.91190845,10.18987270956768,0.9026377899980395,11.101972621926473,1.368968655734419,,
1996-10-07,193.66077673253992,425.7544377349305,81.22202377890243,9.713053,2.185167,11.355772,1.0268961,10.842174221480542,0.9823234787997863,11.785451916327599,1.4486546454373272,,
1996-10-08,163.53837382548124,367.8422802577189,81.11088800423639,10.175253,2.207801,12.641254,0.7368066,11.882314719963421,0.8496082186007964,12.875307575095537,1.3159408717846088,,
1996-10-09,79.89478209879998,476.577730495358,81.18593023972136,10.090448,2.3113945,12.626012,0.79096496,12.261971781306569,0.7543229364234246,13.273110946178146,1.220656440471204,,
1996-10-10,54.9368420988,522.035750495358,81.2645427263142,9.909941,2.1513522,12.4826,0.7684566,12.237642669698854,0.7248345201346492,13.247618986200491,1.1911679647137212,,
1996-10-11,54.9368420988,515.9908304953582,81.30866037908135,9.372408,2.0545373,11.126868,0.821649,10.958047371004437,0.7684521229106664,11.906863406306188,1.2347833939038022,,
1996-10-12,65.51164209880001,431.844080495358,81.30816028455733,9.099417,1.9768347,10.129007,0.78671235,9.993389775891638,0.7310332213931208,10.896098475664024,1.197364091868523,,
1996-10-13,68.86863209879998,393.6597804953581,81.29017615384424,9.400444,2.067358,10.746032,0.74511206,10.545679125874313,0.7049275527173083,11.474785368669174,1.1712585222528107,,
1996-10-14,65.20436209879999,389.109570495358,81.2658917277102,8.876909,1.9474334,11.746405,0.78923595,11.334566922529197,0.7314685873135199,12.301379305326133,1.1978003034263227,,
1996-10-15,76.80356102239047,363.9042894189485,81.23237842127804,8.651344,1.8917544,11.048842,0.7958039,10.631022793352122,0.735181974926797,11.564208171719688,1.2015129908908078,,
1996-10-16,96.60188248341107,345.2526484796657,81.18301915084233,8.426329,1.8197734,10.126572,0.988267,9.754850505881379,0.8686694540441444,10.646157843952977,1.335000389617839,,
1996-10-17,116.7197328513886,339.34851092052656,81.11469948055102,8.650202,1.8740141,13.160553,0.9537628,12.006236728469764,0.8565374765893599,13.005152632002288,1.3228703893759115,,
1996-10-18,119.04081696740649,353.1647145784735,81.02372423119417,8.789159,1.8746896,14.11439,0.7359006,12.771924281335286,0.7254469136598592,13.807437432522821,1.1917818200196937,,
1996-10-19,912.9965420988,45.068930495358046,81.12268569858466,10.294241,2.1815443,20.834517,9.642331,10.790072354321147,2.1278291897687756,11.730859758019308,2.594160314488328,,
1996-10-20,698.5858420988001,504.1922000000007,83.19257760272176,10.730541,2.2720916,15.855848,1.458161,12.879017310013221,1.4543413894659987,13.919649141892357,1.9206766281099248,,
1996-10-21,54.9368420988,3059.0329304953584,85.11161840968016,9.542904,2.1114426,9.840561,0.7806373,9.835309630153338,0.7677694339058314,10.730462639329378,1.2341003402480633,,
1996-10-22,650.4052133388919,3899.712915029758,86.20652128394075,10.775627,2.2585196,9.624878,0.8406837,9.7893688862002,0.7895349732363398,10.682326084855859,1.2558658953623203,,
1996-10-23,714.5792342660809,3310.1362150297578,86.64781332450933,11.15415,2.6331012,10.684443,0.9276143,10.767838819544345,0.8947636157135055,11.707563536281711,1.3610947234904924,,
1996-10-24,856.742534645402,3223.3790150297577,86.91344174867855,11.357229,2.4045568,10.260764,0.82386756,10.490999492873089,0.8237515475563342,11.417492236123465,1.2900824917237457,,
1996-10-25,953.4665545352128,2855.6149550297573,86.83708100472552,11.682735,2.5389824,10.312755,0.8700592,10.655680053191178,0.9106989022633722,11.590043964292425,1.377029933192528,,
1996-10-26,959.7783060507012,2511.1207750297576,86.5610949423287,11.986477,2.6534567,10.829337,0.8847224,11.149311175821177,0.9736891994555515,12.10726896719056,1.4400206762963492,,
1996-10-27,885.5397293620925,2146.299221781609,86.07919225347143,12.340925,2.7353363,10.92176,0.74660563,11.336269594748464,0.9579415632556295,12.303163359457187,1.424273281749612,,
1996-10-28,485.5433031432359,1088.691230495358,86.28572545084447,11.066597,2.2704496,10.954944,0.83444977,10.989381045059824,0.9074192009920914,11.939694722872618,1.3737505028422494,,
1996-10-29,387.7894737036,1080.233330495358,86.52820864124784,10.203396,2.119827,9.816233,0.7928292,9.918504797545168,0.8086514745759613,10.817634251334086,1.274982358479118,,
1996-10-30,387.7894737036,902.568900495358,86.59894475336611,10.387194,2.2115045,8.996623,0.7863999,9.414529155588468,0.862722822545971,10.289570296446405,1.3290539636560663,,
1996-10-31,387.7894737036,844.4988404953581,86.63027565130417,9.910351,2.0599797,8.39513,0.7950542,8.871955757916982,0.8468213702208858,9.721063745060597,1.313153112971697,,
1996-11-01,387.7894737036,782.0916104953578,86.70555303720026,9.546564,1.823319,6.3303804,0.7786822,7.396473555227247,0.7976691778980393,8.175058536765883,1.2640042596045777,,
1996-11-02,387.7894737036,762.412200495358,86.73722542832103,9.286837,1.7715025,5.015497,0.79492015,6.4555755012930645,0.7964659161305175,7.189188772152744,1.2628044272482208,,
1996-11-03,387.7894737036,937.0961272886012,86.74026091244075,8.996925,1.6844765,3.7989984,0.7871622,5.32041376973086,0.7436890646066459,5.999770190178125,1.2100330608748007,,
1996-11-04,387.7894737036,1057.2816496568717,86.71353825653955,8.999565,1.7942921,3.497119,0.709656,4.973718040166622,0.7081193270727679,5.63650358986078,1.1744652923776955,,
1996-11-05,387.7894737036,1007.3361110752696,86.65094382425383,9.0503025,1.9180903,4.492777,0.73075306,5.759587892314931,0.7500988743190429,6.459935334580078,1.2164405736870305,,
1996-11-06,387.7894737036,949.069544000988,86.56114892174867,9.215769,1.8972058,6.1545615,0.83213156,7.042541441137741,0.8073735967123247,7.804209677479307,1.2737098496369195,,
1996-11-07,397.6368837036,907.004579417378,86.45358634944205,9.653601,2.1392994,7.501298,0.8433014,8.157290404847691,0.8768466707345578,8.972239831075889,1.343179719795131,,
1996-11-08,1052.9039737035998,1321.7044833263226,87.09797798821171,10.977081,2.6983254,7.3399773,0.63032204,8.952673150869753,1.2468183475587162,9.805639153477905,1.7131499794849758,,
1996-11-09,387.7894737036,5965.9837078114615,98.37112793419139,9.691587,1.8722551,10.838029,1.068603,10.768058212006427,1.0098688086304202,11.707793414953525,1.4761999165718283,,
1996-11-10,3613.375467590397,7407.497915029759,99.98263379042521,9.834951,1.6147591,7.893278,0.9930044,8.529887794171405,0.8519131966878455,9.362646101948819,1.3182454918030357,,
1996-11-11,2712.9159479352,7288.673015029758,99.89127153762577,9.7121525,1.5391445,6.0309896,0.85203063,7.029499523366168,0.7482234606898867,7.790544400619818,1.2145597595092772,,
1996-11-12,2712.9159479352,5395.837615029758,98.91230311972711,9.287249,1.3631411,4.3004885,0.75836134,5.968890527347897,0.6801855826678906,6.6792419201023545,1.146526264989554,,
1996-11-13,2712.9159479352,3845.1735150297577,97.47704839043865,8.858822,1.2028323,2.097145,0.895433,4.894279962216915,0.7233449604750923,5.553268643330562,1.1896913963009883,,
1996-11-14,2712.9159479352,3338.1411150297577,95.77975928288481,8.53673,1.0684164,1.1501038,1.3561039,4.461805429553516,0.8883257695781636,5.100123306346086,1.3546748935978594,,
1996-11-15,2712.9159479352,3073.140865029758,93.89822508651172,8.284105,0.9898453,0.2788837,1.6059754,4.032302312425074,0.9710676351665564,4.650091408401862,1.4374196406114488,,
1996-11-16,2148.5796204897038,2761.105765029757,92.4534026743032,8.045099,0.90746063,-0.09121907,1.7650585,3.4694016990060126,1.0691240934015762,4.060286069840857,1.5354801946283902,,
1996-11-17,387.7894737036,2574.105715029757,92.7692804154762,7.938403,0.952614,2.7419176,0.88015264,3.422273347382046,0.7750191223671391,4.010905144109476,1.2413755829487354,,
1996-11-18,387.7894737036,2538.887955029757,93.06210287974224,8.106657,0.93089116,4.6567316,0.71339774,5.1138522812963245,0.6310433350327023,5.783335768691543,1.0973884879013487,,
1996-11-19,387.7894737036,3039.1991150297576,93.79981395424856,7.3447533,0.8434299,4.876098,0.6624717,5.1554450055036325,0.5952097083922816,5.826916482938345,1.0615546244469654,,
1996-11-20,506.4841836308522,2807.581192815654,94.30507224931156,6.9027314,0.8301423,4.396027,0.6701262,4.779123361833352,0.5817150985937912,5.432607951091811,1.0480622293197188,,
1996-11-21,840.8560625850885,2352.8996609516125,94.2723557074318,6.885221,0.8051596,3.8340492,0.6524073,4.637365605622765,0.525311756671463,5.284074658709006,0.9916597636450182,,
1996-11-22,1063.9540932666862,2099.850505334439,93.93351221604152,6.8935337,0.78075397,2.9704857,0.68253225,4.2897653292974915,0.5235932468372019,4.919860277387486,0.9899434997013193,,
1996-11-23,1228.537205182114,1932.259522750745,93.35575021690259,6.845474,0.7561544,2.3271894,0.89967984,4.0833543841256486,0.623594549551393,4.703583594616948,1.089946201453269,,
1996-11-24,1268.0884312009198,1852.636642333819,92.7003017746928,6.7907157,0.7241311,2.065577,1.1128631,3.985609565814127,0.7232216213674171,4.601166908114082,1.1895739527761,,
1996-11-25,1045.685100244908,1802.9305777503027,92.24727059935395,6.7070694,0.6457712,2.5834007,1.6098045,4.097139108283823,1.0460821640354343,4.718027181469161,1.512433720987154,,
1996-11-26,881.7804191161825,3266.5276810111795,92.18767393839967,6.498235,0.6475527,3.1488867,1.0779233,3.8608371656094955,0.85988414219339,4.470430813692782,1.3262373568761805,,
1996-11-27,764.6293466348824,2792.537426057845,92.62772830137907,5.9521832,0.66197324,1.7287188,0.97947377,2.6365718607050805,0.7819866480968864,3.1876498121555223,1.2483494738235321,,
1996-11-28,815.8767555444891,2360.3695100940213,92.78371086821467,5.853746,0.65135694,0.42924,1.157711,1.8226232287883393,0.876449941489446,2.334797217977368,1.3428201056629272,,
1996-11-29,862.9996646162423,2128.7645769964265,92.82696046841312,6.06937,0.6687651,0.8308668,0.94446695,2.3419572436233937,0.6991677769342676,2.878953623467018,1.1655331713838097,,
1996-11-30,921.1500869077232,1957.2973082671192,92.710231299237,6.030109,0.6358816,1.5385696,0.9247033,2.9759353793340413,0.6608914176439625,3.543233746918793,1.1272514075016593,,
1996-12-01,968.221315960984,4583.046304519944,93.4535516678507,6.73861,0.48452163,2.3979824,1.4390825,3.1550505263318804,1.1910873772678172,3.7309099856686285,1.6574459234613363,,
1996-12-02,1711.9534631573613,8410.300628001716,99.98263379042521,6.6798253,0.6048342,4.556454,1.4525898,4.915575037265272,1.2112439219369842,5.575581550172658,1.677590230921655,,
1996-12-03,4064.6806687124295,8434.470115029759,99.98263379042521,6.5525784,0.65167546,3.4417148,0.98042345,4.45335689074787,0.6947061761773433,5.091270956265415,1.1610553548419695,,
1996-12-04,2712.9159479352,7053.453215029757,99.69828234745326,6.484159,0.5492654,3.698174,0.9758122,4.472068882526156,0.721076623101146,5.11087731728696,1.1874256808469117,,
1996-12-05,2712.9159479352,5451.535815029758,98.73422567982088,6.425945,0.5466024,3.1861224,0.8480037,4.26266326541305,0.5946427385188959,4.891462827493139,1.0609931722999288,,
1996-12-06,2693.559444694117,5001.197015029758,97.54400694660971,6.1802936,0.5223125,3.1557844,0.72401047,4.214517720376877,0.5048414320118886,4.84101608998155,0.9711921892549353,,
1996-12-07,2362.2067985861045,4502.286315029759,96.48809996481755,6.2317615,0.57637763,3.1470423,0.8080152,4.208554683421558,0.5658611962641062,4.834768040243389,1.0322119937538399,,
1996-12-08,2089.450205979164,3970.2358150297578,95.55272150194595,6.328493,0.56018853,2.707757,0.8745199,3.956228915319325,0.6046579663706813,4.570381962958358,1.0710105041648177,,
1996-12-09,1732.0684958792212,3533.6590750297582,94.806191743463,6.2338266,0.4986814,2.1971507,0.7952114,3.524944276569272,0.5582821063563284,4.118483392748837,1.0246377873304235,,
1996-12-10,635.327131730625,3212.4244150297573,95.05476038011965,5.876459,0.48367983,2.5580218,0.6579782,3.105950424771066,0.5551101448473195,3.679463067093508,1.0214690831364497,,
1996-12-11,703.2928989535982,3032.156115029757,95.14844209997604,5.8809443,0.46818367,3.1536164,0.5291165,3.667104976687249,0.4384490500775858,4.26743888838041,0.9048036714896112,,
1996-12-12,947.6002622006504,3571.269415029758,95.44443281032665,6.149879,0.51272535,3.5904372,0.5574368,4.127148320353725,0.45347363577479727,4.749470731294644,0.9198249867724283,,
1996-12-13,2370.335297991392,5784.763115029759,96.33101742267229,6.29232,0.4838677,3.4944048,0.7747185,4.307637976048019,0.5672522082386566,4.938587175558102,1.0336023422554783,,
1996-12-14,2646.4891659503364,7015.654015029759,97.00749182816429,6.275404,0.57978994,3.8332806,0.8212991,4.5021852808262945,0.6171257649486532,5.142433176478088,1.0834746289199686,,
1996-12-15,2415.217765048439,6153.22961502976,96.96597459405528,6.4868827,0.56778353,3.8045893,0.978218,4.560656551856977,0.7204845847265977,5.203699174389995,1.186833075444943,,
1996-12-16,2362.306765460378,5654.052915029758,96.67702130935915,6.624682,0.5579799,3.8714418,1.0169394,4.682782398991414,0.7358677844945943,5.331662219551134,1.202215508231162,,
1996-12-17,2586.0691643117707,6184.876315029759,96.65280522544523,6.6122556,0.5934462,4.0258675,1.0065942,4.788450989424401,0.7310534865781235,5.442381407396812,1.1974005604530198,,
1996-12-18,2493.152111470109,6462.541815029759,96.89150852799074,6.7291517,0.6641275,4.970278,1.220814,5.459926082869158,0.9001465013461525,6.145950714985449,1.366489744051868,,
1996-12-19,2195.523185065753,5815.804415029759,96.79211436596401,6.149878,0.4181167,3.226972,0.78982955,4.028001350668335,0.5847125009446751,4.6455848753752536,1.0510645363104847,,
1996-12-20,1852.580222790797,4780.637715029759,96.42277753128829,5.875847,0.38292384,1.2620732,0.68949056,2.550646216186307,0.508301925961586,3.0976172155508737,0.9746654906147338,,
1996-12-21,1673.1718977073613,3811.253715029758,96.00923873745218,5.8644185,0.40153438,0.7290071,0.7482084,2.2957028217314486,0.5341826778100125,2.8304883983214695,1.0005484845632635,,
1996-12-22,1371.018960927616,3409.344615029758,95.6687030123514,5.7925124,0.40374604,0.907738,0.78220606,2.308702202376662,0.5697585642988855,2.8441091049253644,1.0361242549307945,,
1996-12-23,1283.5827630989552,3103.0408150297576,95.322400618315,5.8666673,0.42246568,1.8137823,0.60328364,2.9997088567304413,0.44429889411441753,3.5681435152691736,0.9106586902467986,,
1996-12-24,1243.02283613733,3826.9729150297576,95.38923012288015,6.148025,0.43714374,3.0666187,0.52617455,3.8220943567832686,0.4113775263096863,4.429836231040328,0.8777310188784404,,
1996-12-25,1553.1726167149411,5524.419315029759,95.93213958504445,5.948172,0.43216407,2.2454648,0.6786347,3.058021336130622,0.5381316480897028,3.629243131853444,1.0044909717822632,,
1996-12-26,1365.7944238644254,3504.1510150297577,95.74886972939318,5.9030747,0.4168794,1.6105715,0.6276292,2.814420101137078,0.4664967502441017,3.373998590536373,0.932858073369188,,
1996-12-27,1329.2718109134353,3181.784015029758,95.50731399385788,5.950796,0.42625403,1.9689021,0.6140095,3.1422459299055454,0.45092596432282467,3.717493373303438,0.9172846125034713,,
1996-12-28,1313.7171927663042,3037.7835550297577,95.19213785931228,6.0166874,0.4282655,2.5355532,0.61197364,3.586506918364186,0.4463549744843289,4.182988518380185,0.9127101937782633,,
1996-12-29,1456.0811933635778,3092.2117150297577,94.95703564263785,6.140458,0.43631622,3.342533,0.55014265,4.238255099652294,0.3992526380646335,4.8658880348441595,0.8656032354986835,,
1996-12-30,1486.2761285359525,3341.017815029758,94.82769033800903,6.090567,0.43973356,2.916655,0.7151077,3.8938712362237053,0.513117058243104,4.5050437999610295,0.9794700373421245,,
1996-12-31,1391.6546511121246,2723.591245029758,94.352038604356,5.747321,0.36439893,1.3874555,0.94478714,2.8618332976030256,0.637315073908201,3.4236779757194884,1.1036760025561583,,
1997-01-01,1216.1866091005888,2136.652688823959,93.71079439202691,5.288726,0.46354616,0.3872403,0.956622,2.16517253728688,0.6323866424341364,2.6937192124759064,1.0987536259049766,,
1997-01-02,1005.704190859293,2193.4499755192114,93.28383706946695,5.534385,0.5554106,0.94545007,0.926781,2.3880536616697228,0.6589846849739797,2.9272532927232398,1.125349670962249,,
1997-01-03,797.8878974990805,2453.302097149656,93.11539853253593,5.7176847,0.5825554,3.0725288,0.9295943,3.7216874205568296,0.7158798756158496,4.324630186486207,1.1822340963506035,,
1997-01-04,784.8561088164053,2405.9550558184824,92.92171415103778,5.86704,0.6128141,4.4497967,0.9419899,4.7984015128674296,0.7261034456129843,5.452807531846254,1.192450458950049,,
1997-01-05,859.400955183935,2402.542531626033,92.61798052963523,6.0115857,0.5643995,5.512499,1.0387111,5.643989705516384,0.7793661578094955,6.338811949605194,1.245708440371347,,
1997-01-06,775.7690666114977,2286.0170260067803,92.37453931260123,5.967103,0.62371576,5.049209,0.9540972,5.281777188319467,0.7296749089054828,5.959286912247813,1.1960191178014679,,
1997-01-07,675.1982933438843,2047.208226735776,92.08247633700545,5.7245846,0.57175994,2.3713875,0.9031413,3.2030314485130917,0.6937949290518038,3.781184231915524,1.160153094750481,,
1997-01-08,660.368318174691,1785.5488444640396,91.69179988281994,5.388777,0.5643166,0.41371715,0.8564222,1.7569236214004342,0.6434953602560578,2.265957393939194,1.1098661498110811,,
1997-01-09,641.2134578729522,1698.9494427652796,91.28792976735618,5.277592,0.61886543,-0.52117956,0.8704537,1.067705762705255,0.6543014324223524,1.5437972775717739,1.1206790799808943,,
1997-01-10,589.1549945432691,1592.014035567826,90.89312159872674,5.234154,0.6651541,-0.4042853,0.9230307,1.1187121122793682,0.697256065543081,1.597241556299046,1.1636331869559662,,
1997-01-11,504.2311152698808,1458.5513399187976,90.54638324790662,5.005255,0.6542547,-0.13381231,0.91613704,1.1863939863635737,0.7012257910236634,1.6681583926055643,1.167602218870547,,
1997-01-12,435.9023652161623,1309.8071417851468,90.22712373678368,4.69905,0.65214854,-0.63148654,0.84704024,0.6995444596268515,0.6560654062262679,1.158039122702679,1.1224469397056387,,
1997-01-13,402.911668272305,1200.4770556848157,89.93062256372873,4.4755006,0.6433287,-0.84559476,0.9030986,0.4915303958671119,0.6952179442593817,0.9400826977557288,1.1616017418352667,,
1997-01-14,387.7894737036,1101.567072025427,89.67140967679093,4.149945,0.61949086,-0.81283796,0.90656656,0.4793408101388134,0.6896484450676431,0.927310491497632,1.156032376853711,,
1997-01-15,387.7894737036,1023.047439101384,89.32738688147658,4.0259266,0.6150152,-0.647699,0.9030816,0.6369163888911646,0.6763233076093693,1.0924176442691762,1.142705517548708,,
1997-01-16,414.1317837036,902.9871510477584,89.03240416422294,3.5148742,0.60863614,-0.114540696,0.9225952,1.026628892510563,0.6608264842759987,1.500757073396032,1.1272045577171825,,
1997-01-17,438.4848437036,794.0078866078272,88.76387337072372,3.2897768,0.6206256,-0.9089552,0.81163234,0.5848307570050234,0.5675856909041628,1.037842497224703,1.0339684668480766,,
1997-01-18,422.6609337036,719.7357730533298,88.53803182300116,3.0451815,0.6706259,-1.2732469,0.69638336,0.3244739141191674,0.504035856973546,0.7650414872342475,0.9704215086708239,,
1997-01-19,401.3567737036,683.5585420891481,88.29806385274287,2.862366,0.66711897,-1.4323462,0.65338206,0.15645227571623177,0.47997787403906234,0.5889889888688895,0.9463654227560319,,
1997-01-20,388.8315537036,639.3975304953581,88.06248964668957,3.0039537,0.6174658,-1.3543719,0.88803446,0.293757427794539,0.5995555384241527,0.7328568578623578,1.065941534509587,,
1997-01-21,387.7894737036,629.6108504953579,87.86895418139045,3.201272,0.561742,-1.3025001,0.8908841,0.4141451151522796,0.5914343625396254,0.8589986651510761,1.0578190150298081,,
1997-01-22,387.7894737036,624.9340104953579,87.61567763313288,3.5770361,0.53714293,-0.72572434,0.9058889,0.921877645416972,0.5956467658697341,1.3909990747655923,1.0620259340991938,,
1997-01-23,387.7894737036,705.6068704953582,87.44849962077555,3.4726763,0.5432758,0.031562448,0.8977134,1.252005270518321,0.6105279379910065,1.7369056718619535,1.0769036984901506,,
1997-01-24,387.7894737036,735.058900495358,87.21074345534048,3.1006722,0.5703147,-1.1277248,0.89632314,0.3326040625898532,0.6189432235127377,0.7735602290103099,1.085328784236693,,
1997-01-25,387.7894737036,737.381400495358,87.02200548783749,3.3787189,0.50828964,-0.92069995,0.8985492,0.5610921849578968,0.6143698744934861,1.0129693025799729,1.0807529094289452,,
1997-01-26,387.7894737036,706.844830495358,86.85012686856196,3.2033663,0.5190369,-0.06819332,0.8889388,1.0908023125647202,0.6027513191104374,1.5679977635629154,1.0691287280526613,,
1997-01-27,440.4035137036,617.887930495358,86.59993137029213,3.0297747,0.5353439,-1.1329917,0.8873766,0.5993259539510276,0.5639659235370316,1.0530305150353743,1.0303485416529112,,
1997-01-28,441.4531537036,632.077660495358,86.32846753007247,3.010685,0.5105917,-1.4414245,0.87635654,0.3893545943707854,0.5570680461028905,0.8330232422183825,1.0234529739145746,,
1997-01-29,429.7667937036,633.122670495358,86.04936289960176,2.8757133,0.50268173,-0.97030747,0.8781772,0.5847855963162004,0.5611969756590651,1.0377951780093284,1.0275797520950773,,
1997-01-30,410.0947737036,605.393510495358,85.76309412097126,2.8394732,0.4891063,-1.4670974,0.8853102,0.27206802577311034,0.5635361808517674,0.7101307765658165,1.0299224207649935,,
1997-01-31,402.6881437036,600.3260904953579,85.46307076942101,3.0172791,0.47605932,-1.6031746,0.8774014,0.25183592640048563,0.5588434007655348,0.6889316520031522,1.0252298686087378,,
1997-02-01,411.7976337036,635.298410495358,85.3149311876331,3.2385068,0.443393,-0.9477719,0.8992772,0.6985905950167068,0.5728006886565619,1.1570396666247924,1.0391822324052076,,
1997-02-02,402.2804437036,479.2656504953581,85.15912788807569,3.132878,0.44988307,-0.36958492,0.88784343,1.228711951740327,0.5245340695887413,1.7124990120705985,0.9909100664461243,,
1997-02-03,73.55097209879999,482.764670495358,85.19276412443327,3.1164165,0.4665151,0.061451077,0.8931215,0.4653506912632291,0.7774914373311065,0.9126516927626237,1.2438755233610346,,
1997-02-04,72.3034220988,468.2921204953579,85.23858381636099,2.979864,0.509441,-0.06890929,0.8937331,0.3388571774746873,0.7771908496362948,0.7801122214114351,1.2435763404416498,,
1997-02-05,54.9368420988,706.731670495358,85.3710420602252,3.132347,0.5087783,0.45517778,0.9368283,0.6482738959041786,0.8700319704476719,1.1043180012937168,1.3364140573791012,,
1997-02-06,54.9368420988,726.7298304953581,85.53463673688111,3.1242979,0.5114258,0.56646156,0.80296755,0.7462305791556157,0.7473984678399633,1.2069566791564021,1.2137794999696498,,
1997-02-07,69.44615209880003,646.6081204953581,85.57960485264105,3.0046897,0.5023173,0.13362324,0.7586475,0.41207213246671354,0.6868004696715055,0.8568266009792769,1.153185145157142,,
1997-02-08,114.7037220988,546.3888104953581,85.57148722649046,3.075582,0.45628184,-0.17763507,0.8923028,0.38681860247794014,0.7417197638060374,0.8303660385819138,1.2081047198218586,,
1997-02-09,104.9988520988,530.3471804953581,85.55347456334307,2.973743,0.46106493,-0.277851,0.8080535,0.2595154485962747,0.6788027509763959,0.6969782291087666,1.1451891322488352,,
1997-02-10,85.91071209879998,508.527410495358,85.53194879310556,2.9133754,0.46732998,-0.13954377,0.7127835,0.30167701833664223,0.6134981521931374,0.7411549777606075,1.0798840593822208,,
1997-02-11,84.8568920988,530.3012004953581,85.56540314648603,2.9132624,0.45531467,-0.14063442,0.6583661,0.28062995835091115,0.5710136542281566,0.7191019402533338,1.0373997978256442,,
1997-02-12,77.66438209880003,536.1947504953579,85.54656869247701,3.105672,0.43819985,-0.34716713,0.8155317,0.08968000945960562,0.7145061665829228,0.5190252365347703,1.18089447814347,,
1997-02-13,102.86786209880002,542.236730495358,85.5175522111415,2.8351746,0.48440427,-0.2031058,0.6581576,0.2813759488102227,0.5585748601621231,0.7198835865065596,1.0249609953717105,,
1997-02-14,85.14922209879997,500.1575604953581,85.48952992478387,2.974526,0.48674423,-0.36056793,0.6129247,0.12461463996619764,0.5285226992093596,0.5556296229615172,0.9949106110213783,,
1997-02-15,106.6710520988,481.6585604953579,85.46262075142472,3.1322615,0.4574165,-0.7201334,0.8163054,-0.021649083752057593,0.6734260423423374,0.40237499322705667,1.139815637123627,,
1997-02-16,115.0373820988,444.9169104953579,85.42880217629309,2.9255118,0.4787001,-0.634653,0.6871477,0.09674965279712956,0.5547660414494227,0.5264327846574611,1.0211542720011326,,
1997-02-17,113.27216209879995,424.962750495358,85.39390766796582,2.8506656,0.48530856,-0.7522696,0.63878506,0.005972268138747654,0.5145894023155074,0.4313165513193744,0.9809786774009877,,
1997-02-18,99.1920720988,438.3224704953579,85.36762827928406,3.1516907,0.49273747,-0.5190717,0.80723464,0.1583249148130468,0.6645193553297769,0.5909511337132358,1.130906882726162,,
1997-02-19,54.9368420988,633.8104304953581,85.43793866046116,3.4237218,0.60486054,0.3548199,0.87217975,0.599606023106768,0.8040604294199856,1.0533239705393904,1.2704430444887544,,
1997-02-20,54.9368420988,1232.962830495358,86.10712139032961,3.1483817,0.628413,1.8865396,0.87136894,1.9403649061502484,0.834630269358662,2.458166545037387,1.300999325121403,,
1997-02-21,122.81244209880008,2500.1896304953584,86.82870558912082,3.7374992,0.7164637,2.6032221,0.8935496,2.6563304928615814,0.8523728032801341,3.208352839387599,1.3187354602843304,,
1997-02-22,54.9368420988,6517.553130495357,89.68643427029353,3.5275679,0.694715,2.1781673,1.1048851,2.189446447957188,1.0956651861334799,2.7191533331000426,1.5620319493027066,,
1997-02-23,54.9368420988,4486.61403049536,91.52225824927191,3.0814867,0.55592996,1.6826264,0.5560676,1.6995476720277574,0.5493822814555508,2.205839070316374,1.0157536211982707,,
1997-02-24,387.7894737036,2473.4658304953587,92.37891897683461,3.1631606,0.47176537,1.2486643,0.46992156,1.5081383140102071,0.41123355523728516,2.005280999285743,0.8776067576628785,,
1997-02-25,1145.8429637116035,2689.0737951137494,91.97250328502507,3.0336437,0.43361235,0.58662844,0.6385173,1.3177773571649578,0.46610185938701,1.805821439419669,0.9324769558433299,,
1997-02-26,387.7894737036,1489.277490495358,92.34100409678648,3.27995,0.48551473,0.7607366,0.7866697,1.281189198068721,0.6321573016090749,1.7674844913889969,1.0985327668533282,,
1997-02-27,387.7894737036,4923.707630495359,93.99209028385823,3.8355315,0.47782564,3.304715,0.9364461,3.343469542015215,0.868777365580685,3.928334786223443,1.3351344327175945,,
1997-02-28,1386.8878707603278,5556.07013705207,94.12509262850041,3.779458,0.4938495,3.4803114,0.91258186,3.5400673166568093,0.736922114805137,4.134329262457032,1.2032776819645934,,
1997-03-01,1256.2465006748978,3746.890270104027,94.4547207072165,3.5622811,0.43846145,3.4563007,0.9358663,3.4829115414649596,0.7094720775152549,4.074441636588255,1.1758280761976272,,
1997-03-02,921.5053285006438,4361.318690754917,95.35833475476664,3.9036744,0.48683316,4.2332163,1.0462334,4.175732895074677,0.8678990492005221,4.800377482609197,1.3342500689442562,,
1997-03-03,883.4172912333195,3257.5935197912654,96.1252547973715,3.5438418,0.46762624,3.683413,0.9339876,3.653637785877764,0.7414782203090167,4.253328011885521,1.2078329411046393,,
1997-03-04,941.8188119859158,2630.953869102943,96.54710334493707,3.42263,0.43485078,3.2588215,0.88904786,3.302003077734318,0.664645703838444,3.8848863666959357,1.131003092995643,,
1997-03-05,1078.5485172862373,2597.0625958011265,96.6861407061909,3.59819,0.4444302,3.4424138,0.8929994,3.488123826703788,0.6442992619867518,4.0799030512441945,1.1106552211618501,,
1997-03-06,1296.1722076554026,5800.928216385152,97.58005132724709,3.53758,0.4387566,3.1913865,1.1164072,3.2546131924274992,0.9160248126081427,3.83523140686567,1.382382572193491,,
1997-03-07,1016.5224716088098,3259.631225774731,97.9069014844021,3.2059362,0.40797842,1.975054,0.89362615,2.2676579571348263,0.6880637109353825,2.8011030850637026,1.1544297688669662,,
1997-03-08,1053.5307511762555,2706.856984374483,97.57228979298222,3.309904,0.38278097,1.6980652,0.84399915,2.149646755223689,0.6169322408417419,2.677451351102326,1.083299365572508,,
1997-03-09,882.79491564641,2382.2939085788453,97.164887221338,3.1666067,0.43211538,1.2529798,0.885735,1.7703745942192606,0.65673117990364,2.28005127727891,1.1231018410197002,,
1997-03-10,613.6838919846217,2164.4009606467957,96.97259671203634,3.3781714,0.45836392,1.7217765,0.89022654,2.087677081974842,0.7009258348355868,2.6125197393049144,1.1672935261376098,,
1997-03-11,422.07867547372655,1875.9152551058764,96.91931079678993,3.3634446,0.42580184,2.3870244,0.9138044,2.5663660989077077,0.7500520468746108,3.1140884549306262,1.2164154757119743,,
1997-03-12,387.7894737036,1557.6605458589286,96.77623800774009,3.1837728,0.43644017,1.8417212,0.88719696,2.1092343427986404,0.7156580201327682,2.6351073635062807,1.1820255138447293,,
1997-03-13,387.7894737036,1238.7111716394202,96.49378984773936,3.0719488,0.47036898,1.37608,0.80418247,1.7804082141885913,0.6226324340765598,2.2905644699845604,1.0890029995195705,,
1997-03-14,387.7894737036,1108.435910495358,96.25441824998391,3.1624002,0.45904934,1.2376878,0.93764865,1.7365319335182334,0.7047456602380695,2.244591053081722,1.1711166449012504,,
1997-03-15,387.7894737036,1158.814000495358,96.20991830837191,3.1882448,0.4751148,1.3162479,0.8767656,1.7856253188270825,0.6676428405920125,2.2960309343909917,1.13401335633413,,
1997-03-16,453.6458637036,761.921870495358,96.02418776734389,3.0787804,0.44117263,0.7429574,0.86865413,1.614678841994555,0.5688242511857444,2.116913800317167,1.0351964116521837,,
1997-03-17,113.58147209879996,717.5435104953579,95.97230208469306,3.0313487,0.4381367,1.1700697,0.7430418,1.4244319317968905,0.6442860493311516,1.9175737381385833,1.1106600795042954,,
1997-03-18,89.61900209879995,724.739660495358,95.95426906259762,3.1071825,0.5049379,1.7415315,0.8553415,1.8918194251894804,0.7632378733087248,2.4073007560311193,1.229607384154152,,
1997-03-19,97.99499209879995,743.4586304953582,95.96484890660571,3.1779435,0.59776676,2.716219,0.84476876,2.7699910035884456,0.749627164869183,3.327445933998188,1.2159888599768582,,
1997-03-20,88.11403209880001,749.8333604953579,95.99742687030431,3.4385836,0.5460352,2.9499817,0.8806079,3.0013604345942655,0.790097023700574,3.569874032909252,1.256456806398587,,
1997-03-21,99.3505720988,706.6525304953581,96.0214961752034,3.3102012,0.5824607,3.1082666,0.8562186,3.133157706701357,0.7541038038795389,3.7079707640966264,1.2204625245605973,,
1997-03-22,120.30789209880008,1307.072680495358,96.34529195479182,3.2552571,0.569545,3.0570135,0.7446625,3.0737226306291565,0.6835856930060195,3.645694894556818,1.1499448901532932,,
1997-03-23,74.93748209880003,787.5845504953579,96.48950144349237,3.0635033,0.5497058,2.2109947,0.6300251,2.2850622125461304,0.5772664203040709,2.819339204390196,1.043632322251967,,
1997-03-24,126.6052020988,710.913630495358,96.56213892695654,3.21206,0.60798615,2.3668246,0.6520579,2.494596311400675,0.5610670409940783,3.038888316913503,1.0274310922041823,,
1997-03-25,101.0888420988,697.7997104953579,96.64222906149357,3.3926606,0.61974317,2.44466,0.7326243,2.5646169682303945,0.6447074958344827,3.1122557217860414,1.1110709397699177,,
1997-03-26,288.93204209879985,2691.581830495358,97.33184992120353,3.7269065,0.6172904,3.1764858,0.88467646,3.229843755195843,0.8011535631801122,3.8092780752044257,1.267511517400426,,
1997-03-27,91.6034420987999,1843.284830495358,97.88013441520961,4.0731783,0.71222174,3.9458818,0.8477591,3.9519084410435403,0.8083272269360716,4.565854984780993,1.274679795162796,,
1997-03-28,54.9368420988,1910.515530495358,98.43256881213709,4.826979,0.6834495,5.680033,0.8253331,5.656189283721326,0.8024914372530672,6.35159462594616,1.2688336575465993,,
1997-03-29,54.9368420988,2012.009330495358,99.27872804912946,5.129422,0.6962906,6.9729805,0.9141986,6.923981026906076,0.8900927378907854,7.679982480725869,1.3564294151863532,,
1997-03-30,430.67107734890135,2003.463685440216,99.98263379042521,5.2431483,0.65917987,8.056892,0.9430039,7.559057103507614,0.7848719923946879,8.345413022889996,1.251206584110394,,
1997-03-31,1980.9627757004544,5894.303874040874,99.98263379042521,5.618552,0.6939172,5.2716665,1.185461,5.358922952811304,0.9042737684307665,6.040119980572757,1.370617554471037,,
1997-04-01,1836.6268720061607,4802.152567553264,99.98263379042521,4.9910192,0.575306,4.567049,0.9268981,4.684340933927033,0.68910262375373,5.333295247129091,1.1554503378125258,,
1997-04-02,1596.255872006161,4437.343867553264,99.98263379042521,4.772313,0.51073945,4.0467896,0.8519719,4.238734944508021,0.6409773723226804,4.866390814643723,1.1073279665328783,,
1997-04-03,1788.5778720061612,5611.374567553264,99.98263379042521,4.928788,0.37295505,4.7457275,0.89663184,4.789973528945163,0.6858644178891349,5.4439767191021255,1.1522114824937395,,
1997-04-04,2354.5113720061613,6790.407067553263,99.98263379042521,5.371561,0.3260408,5.783099,0.97330046,5.677141838786231,0.7275669383428843,6.373548641520442,1.1939090520889215,,
1997-04-05,2497.444972006161,5689.571767553264,99.98263379042521,5.9873843,0.44056147,6.208395,1.0410239,6.140975815880735,0.7358369494620866,6.859552297182931,1.2021768331159215,,
1997-04-06,2187.2784720061613,4753.013667553264,99.98263379042521,6.1989555,0.5708612,7.028503,1.0825932,6.767065649370615,0.7629233176567956,7.515567084532597,1.229260581329528,,
1997-04-07,1842.3072720061607,3519.817867553264,99.98263379042521,5.7150197,0.48303515,7.2247243,1.0383363,6.706023279246377,0.7015009166977401,7.451607097779325,1.1678384160882276,,
1997-04-08,1484.5871720061612,2688.5208675532635,99.98263379042521,5.491403,0.41136155,6.0481195,0.9405619,5.85006713882332,0.623376973248784,6.554739179783737,1.0897182268107333,,
1997-04-09,1217.2038720061612,2270.2115675532627,99.98263379042521,4.7393074,0.42574424,4.3554764,0.8513548,4.48944395994603,0.5737839447791505,5.129082864013773,1.040132890603879,,
1997-04-10,1002.7856842251506,1874.264888010595,99.98263379042521,4.7259765,0.4810653,3.599101,0.84973735,3.9918694560209276,0.5784012473633158,4.607725999674403,1.0447535349267454,,
1997-04-11,969.4736841976,1443.3283308559471,99.87800737835629,4.879274,0.4768994,2.9233155,0.8684075,3.709227569132476,0.5536925782735643,4.31157479675564,1.0200468901731399,,
1997-04-12,409.8561556868636,1595.1557901634235,99.98263379042521,4.754199,0.53844994,3.7484903,0.950402,3.9540730983404124,0.7640939875332013,4.568123105297144,1.2304465405098286,,
1997-04-13,969.4736841976,1684.1451349950928,99.86216779231721,5.7217855,0.42644793,5.576153,0.859233,5.629358300240467,0.5671400110068656,6.3234812131720455,1.0334823684739083,,
1997-04-14,107.32255439356952,1433.795179270025,99.98263379042521,5.3883533,0.62128603,6.034024,0.8378593,5.989059644725589,0.7807110438917058,6.700375052346021,1.24705163085398,,
1997-04-15,316.93603309644254,933.5930752949412,99.98263379042521,5.937012,0.710028,6.195654,0.8323427,6.130103357547535,0.6469241061874934,6.848160172507043,1.113264039299335,,
1997-04-16,262.89899087524634,844.0763207660477,99.98263379042521,6.2699485,0.7521136,7.672105,0.86295366,7.339102386064814,0.6818214215513219,8.114945221831018,1.1481566833783843,,
1997-04-17,245.52856091585176,812.4968316301502,99.98263379042521,5.754104,0.7049755,8.507166,0.89893824,7.868282097891012,0.7094485148967293,8.669417914972156,1.1757822581106299,,
1997-04-18,241.6173664532732,803.4122521771422,99.98263379042521,5.127147,0.6532376,7.203531,0.8623033,6.72345795030552,0.6799202474891283,7.4698750865176535,1.1462576791200976,,
1997-04-19,265.9258215134786,849.2823118369065,99.98263379042521,4.863573,0.6409056,5.7545457,0.86007863,5.542089719814767,0.6725824277308655,6.232041492914715,1.1389252370529297,,
1997-04-20,344.65252577170725,864.1570222549256,99.98263379042521,5.3944716,0.6268835,6.1508064,0.85728264,5.935162289139968,0.6383881427455713,6.643901587402301,1.1047289855735651,,
1997-04-21,423.1105974665306,789.6598873710471,99.98263379042521,5.739745,0.61517125,7.9927793,0.8896594,7.20674214207157,0.6177557685106403,7.976258610625756,1.0840914602527014,,
1997-04-22,370.5735279424124,743.8174550065817,99.98263379042521,5.883986,0.62081945,9.2169895,0.9689217,8.108650619727111,0.6788726738584624,8.921275230493334,1.1452058330581631,,
1997-04-23,364.7955730496226,692.2438212765015,99.98263379042521,5.9659314,0.6402812,10.407651,1.032449,8.874766146206007,0.7113310745238419,9.724008460303004,1.177662813290791,,
1997-04-24,356.2676098573716,648.5572897555737,99.98263379042521,5.8801064,0.6502392,10.910987,1.0641918,9.127253481185168,0.7245339545089163,9.988563826809392,1.190865372226285,,
1997-04-25,342.9582595804163,602.9948811366686,99.98263379042521,5.7302184,0.65083367,11.232285,1.0741094,9.237493319279196,0.7242066155936886,10.10407275232828,1.1905379160039402,,
1997-04-26,315.27627243662795,542.7749145999695,99.98263379042521,6.0117345,0.6917955,12.234443,1.0857977,9.948014717584773,0.7323665448053217,10.848554644676968,1.1986974226512355,,
1997-04-27,199.29069054119745,386.7055131084501,99.98263379042521,6.378411,0.799373,11.878682,1.095717,10.008101981292068,0.772493041351472,10.911513874191437,1.2388239099426521,,
1997-04-28,440.5113267850308,1330.1313949097628,99.98263379042521,6.1927304,0.7809463,11.46624,1.0590655,10.154263978739285,0.8189646327960088,11.064661915486838,1.2852954961151604,,
1997-04-29,367.9508929317627,947.968168418369,99.98263379042521,6.5420794,0.8170025,13.729519,1.0715296,11.719802002667356,0.8050083680865251,12.705027305434653,1.2713407074451288,,
1997-04-30,270.3952579261584,719.4384628302203,99.98263379042521,7.306955,1.0650319,15.54363,1.1017536,13.293597386935414,0.8519982465310424,14.354044729320334,1.3183348951997513,,
1997-05-01,417.8280240944037,731.9247341913042,99.98263379042521,7.3595695,1.1482018,17.559864,1.080522,13.85300718895872,0.804519213375089,14.940192407633608,1.270858076235168,,
1997-05-02,445.4129393355013,757.1223508977085,99.98263379042521,7.6879134,1.1706581,17.467196,1.0794923,13.844999291732217,0.8061906572294228,14.931801760293306,1.2725294858684655,,
1997-05-03,947.2591188258856,1915.2339482389025,99.98263379042521,7.6331344,1.2006259,14.967401,0.9946626,12.540337720789067,0.7750856551145415,13.564781826021546,1.2414198877708336,,
1997-05-04,1020.0995762652112,2888.841740945169,99.98263379042521,7.205755,1.0996283,12.96205,1.0633464,11.45985487598049,0.8366053274980866,12.432655594676955,1.3029372276804976,,
1997-05-05,728.721849014946,2046.4469233852487,99.98263379042521,8.132373,1.4546632,12.133983,1.0018286,11.08321395446807,0.8316693913909083,12.038012524598823,1.2980007923632546,,
1997-05-06,840.9678149237611,2181.175434910348,99.98263379042521,8.249727,1.3726289,11.0104,0.986862,10.242191104809459,0.8082030191239317,11.156791657619321,1.2745338910426511,,
1997-05-07,785.3779452596364,1889.5212685558445,99.98263379042521,7.5662456,1.1558373,8.655412,0.88683856,8.335621322258895,0.7124698258759432,9.159094356745603,1.1788024942743554,,
1997-05-08,555.1312224304795,1358.3168223910702,99.98263379042521,8.61405,1.5697719,9.130932,0.91033745,8.980973612367867,0.7905841358564005,9.835292280295342,1.2569157306906933,,
1997-05-09,558.5228094446629,1615.4462092264218,99.98263379042521,9.238081,1.6675736,10.028213,1.0046158,9.825216782455714,0.860716161504609,10.719887388012483,1.327047071107502,,
1997-05-10,956.3459834478524,2227.56273426733,99.98263379042521,9.174286,1.6143352,10.416935,1.0260983,10.043682289185881,0.8663086129845846,10.948794799177376,1.3326394780422748,,
1997-05-11,753.3692641730745,1846.09428816615,99.98263379042521,9.998543,2.0992749,11.280936,1.032937,10.909276552717245,0.9530418577584612,11.85576150961957,1.4193730829569169,,
1997-05-12,684.3286432291736,1587.0241867827926,99.98263379042521,10.852085,2.4253929,11.6257,1.0411998,11.392620038361683,1.0311331721618573,12.362207161650764,1.4974649713325168,,
1997-05-13,706.5737281974107,1531.8266896335404,99.98263379042521,10.9815235,2.4394867,11.7187195,1.0243,11.486016119870557,1.04131307681628,12.46006725659723,1.507645017699938,,
1997-05-14,604.5213899671091,1332.8192903787149,99.98263379042521,11.3601,2.5479429,12.156859,1.0289,11.908241161035416,1.0644962970790417,12.902473211425669,1.5308290031228782,,
1997-05-15,439.1896140403427,1027.1076820955154,99.98263379042521,11.623322,2.63104,12.41077,1.0176653,12.174911445546568,1.0626336649504273,13.181889423969688,1.5289669593161026,,
1997-05-16,375.2747039893694,953.6477595906412,99.98263379042521,9.812027,2.099715,11.377685,0.97064805,10.935558198043438,0.914742418841424,11.883299327753047,1.3810736683797262,,
1997-05-17,348.46579926565715,889.2121110513709,99.98263379042521,9.558767,2.074386,10.324649,0.98276305,10.109016405253751,0.9163154321980997,11.017251662659787,1.382646294537997,,
1997-05-18,274.0834699835656,768.1057734354082,99.98263379042521,10.454298,2.3832393,11.18671,1.034673,10.994094557420697,0.9870866625348373,11.944633525012003,1.4534179691239741,,
1997-05-19,444.14725512534767,1642.550980142586,99.98263379042521,11.255287,2.647149,12.152701,1.2275776,11.961689543854233,1.11856203361399,12.958476244239067,1.584894851057042,,
1997-05-20,1365.9630446639962,3547.5391708683555,99.98263379042521,12.143702,2.7846665,15.128631,1.2058195,14.298814624636245,1.1650064602510481,15.407307914820036,1.6313473439245005,,
1997-05-21,893.0425472777799,2201.972598955897,99.98263379042521,10.168001,2.0706894,12.561784,1.086061,11.87107643578879,0.9767437797413895,12.863532139353511,1.4430764102509266,,
1997-05-22,730.0341116770769,1830.923551781579,99.98263379042521,9.997253,1.9534829,11.274171,1.032234,10.910169035483433,0.9245091401853177,11.856696650011184,1.3908403661973572,,
1997-05-23,601.9415188144483,1438.0052879286632,99.98263379042521,10.92696,2.4338505,11.6332655,1.050855,11.424850939427449,1.0317538582815704,12.39597858961165,1.4980857052298333,,
1997-05-24,495.8957133297072,1127.1500222637624,99.98263379042521,11.709415,2.6661952,12.539651,1.0449188,12.285985720082287,1.0909528725984088,13.298272669139802,1.5572864360084038,,
1997-05-25,370.0209048907043,985.78227433385,99.98263379042521,11.527147,2.5971096,12.46401,1.0689632,12.20832498861603,1.0518879457311832,13.216900020179386,1.518221319547223,,
1997-05-26,549.316842669935,1219.291498815582,99.98263379042521,12.0972,2.7639909,13.5671015,1.0927908,13.11056092968604,1.1421726580428344,14.162259755093269,1.608508659951388,,
1997-05-27,334.2717881762326,821.6792151241247,99.98263379042521,11.5921955,2.6059318,13.340698,1.0481076,12.835075483989522,1.0596810574588706,13.873607046792342,1.5260161581748664,,
1997-05-28,282.5600289374569,644.7652180157202,99.98263379042521,11.86705,2.798413,14.881817,1.0787756,13.963204363334787,1.1356407385593514,15.055656630254656,1.6019800797862143,,
1997-05-29,227.2202696700183,503.62938189329736,99.98263379042521,11.703291,2.7267988,17.042662,1.0814834,15.382657787844495,1.1287577757950478,16.542955076297137,1.5951045205209848,,
1997-05-30,357.62486181536457,698.5396961733541,99.98263379042521,11.744438,2.6148975,17.0207,1.0214844,15.234120365744426,1.1137380879211112,16.38731807317046,1.580083949963065,,
1997-05-31,339.83332513667955,685.2922035462225,99.98263379042521,12.366316,2.9538476,16.458351,1.0534192,15.101824620710547,1.2061360123988403,16.24869904375434,1.6724811095183914,,
1997-06-01,122.80223569382204,397.7625851372442,99.9994724483594,12.206276,2.9819934,16.952106,1.065557,15.832555986227808,1.0759918854273542,17.014356870663114,1.5423414576307968,1.3303090611334773e-12,4859.999999999999
1997-06-02,220.24588391390225,426.280270495358,99.963933045496,11.373711,2.529445,18.9762,1.1594801,16.386332699072334,1.151929777687234,17.594602217390616,1.618283148038189,0.034593913902248564,4859.965406086097
1997-06-03,322.1357768009657,384.819820495358,99.89188841064092,11.631222,2.680891,19.31752,1.3528181,15.815133703571135,1.4263758187986806,16.996101862450548,1.8927252771996792,1.776056800965681,4858.189349285131
1997-06-04,247.29370000005807,378.079620495358,99.78636245382866,11.969851,2.8966448,19.634424,1.22146,16.603593313042037,1.3628374495218407,17.822247146039814,1.8291924057694344,5.807414425741317e-11,4858.189349285073
1997-06-05,211.93019214204517,334.654440495358,99.66510883801723,11.796621,2.794633,22.01385,1.3306667,18.052268653525534,1.3556954771209833,19.340164215749507,1.8220623879486877,0.0024021420451834597,4858.186947143028
1997-06-06,206.4195040725403,337.421380495358,99.52412103830339,11.526081,2.7331364,22.67196,1.3305091,18.44144592311056,1.3257540108257373,19.747942828484753,1.7921245421315635,12.416854072540293,4845.770093070488
1997-06-07,182.53652916958933,330.547490495358,99.32411980356271,11.263376,2.6163466,22.142569,1.2421906,18.272149834125596,1.2275230906083408,19.570554965156035,1.6938920256857797,2.9169589349939373e-05,4845.770063900898
1997-06-08,178.96508558250008,322.74880767741774,99.1224009004928,11.047302,2.6124198,21.985357,1.1769311,18.083671518294718,1.200665700650548,19.373068030109334,1.667032897192319,2.4346557738485892e-09,4845.770063898463
1997-06-09,191.01590931722788,350.95508286620884,98.88213178860072,10.772192,2.568368,23.48737,1.2636874,19.005946667494417,1.2202595161258403,20.339424778800897,1.686635606725086,4.625962045522555e-06,4845.770059272501
1997-06-10,208.45159090823074,365.3520440059346,98.60688030777227,9.842705,2.2824032,26.342773,1.5368681,20.348622557408135,1.2825995416769984,21.746275986544568,1.7489903191596132,0.02060263585993173,4845.749456636641
1997-06-11,217.07445779460633,370.8845921298933,98.3085459067649,8.879923,1.8415349,28.013899,1.7385621,20.949635679415174,1.290339016039736,22.376015481322963,1.7567370355405862,0.33257949755132554,4845.41687713909
1997-06-12,235.38430268841776,388.06161325101993,97.99004550673763,8.366978,1.4001634,28.671673,1.8099146,21.005560361022457,1.2444386066530728,22.434613171542114,1.7108373210305636,0.41518635074175214,4845.001690788348
1997-06-13,198.9997226962068,453.779466921473,97.80088127455794,7.8827167,1.1242841,26.537992,1.5571324,20.850932022087523,1.1354060759846025,22.272594126576625,1.6018028777951354,0.21250476609148722,4844.789186022257
1997-06-14,192.8456067125935,461.0899519098793,97.53191980691807,7.474419,0.8988136,24.75062,1.3676265,19.65586800410745,1.0000786506079558,21.020410133659084,1.466461592984289,0.00037334463629428626,4844.788812677621
1997-06-15,250.3532281632678,449.87904788900113,97.17996991653206,7.2515116,0.7550036,25.029997,1.2898337,18.673675778982087,0.8715373231256865,19.99127247762889,1.337910097351348,3.359309859448944e-07,4844.78881234169
1997-06-16,282.69397423464113,458.4255765969663,96.82532766669489,7.329616,0.70435387,25.125956,1.2644029,18.337687834855892,0.8269670818522307,19.63922545829079,1.2933366309746002,2.1085190965435872e-08,4844.788812320605
1997-06-17,273.697753593143,439.21261717797256,96.5032778595781,6.929155,0.63179183,24.433187,1.2348773,17.71310793322387,0.7985182725074292,18.984792772380345,1.2648821693934107,7.468857584118481e-11,4844.78881232053
1997-06-18,258.35740551201513,434.1701387708427,96.19986959267266,7.059169,0.6326581,23.084547,1.090104,17.106048172560854,0.7230326178308386,18.348717630287616,1.1893914485303965,1.6238110544673752e-12,4844.788812320528
1997-06-19,193.24707684549148,346.3487830212524,95.96114592457346,7.3369455,0.67531735,24.843317,1.4226992,18.5737079228949,0.9446679667704566,19.886526499743756,1.411039767928164,1.5114922465032979e-07,4844.7888121693795
1997-06-20,216.42165495023187,436.7751913088342,95.71167337131882,7.2161555,0.66593343,27.73492,1.7606187,20.936502691892308,1.197775962585621,22.362254781889376,1.6641738194246136,0.30216969580363906,4844.486642473576
1997-06-21,241.75598091337508,455.2089889385158,95.45074218115592,7.4723606,0.6773261,29.470167,1.9994769,21.839796151081234,1.3268848026411344,23.30872258067331,1.7932943070773362,10.463932469471787,4834.022710004104
1997-06-22,287.05630902709356,440.7054526479674,95.11367166603584,7.2851796,0.65407777,31.44473,2.3219376,21.91530513580379,1.4295518275137222,23.387840636751058,1.8959623478542273,14.688612102540171,4819.334097901564
1997-06-23,275.55359320241337,419.9562229654624,94.76209206574559,7.4726934,0.67409986,30.813854,2.2260597,21.566334525726514,1.3703946965999143,23.02219042440844,1.8368005764083128,3.6630830903327336,4815.6710148112315
1997-06-24,279.1561601426482,425.8616940147748,94.42421078787899,7.0404663,0.6261644,29.771135,1.991234,20.77078697855655,1.2280802549499932,22.188618423926997,1.6944760762185775,0.15181754899735653,4815.519197262234
1997-06-25,271.9090722727858,416.7244113953488,94.09750323105114,7.609765,0.6526284,29.796234,1.8684175,21.0358378284738,1.1596608609142616,22.466337798439284,1.626059952988009,0.4766796197519261,4815.042517642482
1997-06-26,177.44756097986658,764.932860495358,93.91145681723921,7.3063655,0.6028794,24.491297,1.3121532,21.255422941189106,1.0711111513706415,22.696418328928228,1.537513014022219,1.110780979866593,4813.931736662616
1997-06-27,224.92617014363066,591.5168160001483,93.67583285831753,7.463186,0.65745354,26.162394,1.500918,21.01085051957559,1.1024035076076955,22.440156181590584,1.5688022879017038,0.42694456310280177,4813.504792099513
1997-06-28,319.8813215220322,564.0407581054496,93.2500930302847,7.5097976,0.6838056,29.775293,1.8717281,21.71766431516584,1.21973739724779,23.18075326048796,1.6861452723093242,5.985279895011771,4807.519512204502
1997-06-29,327.19614696813045,520.5333013784395,92.8383816656939,7.6759524,0.69431067,30.909204,2.0578685,21.941920679652593,1.2917017882910995,23.415728312615148,1.7581126682730543,14.445354005682612,4793.074158198819
1997-06-30,330.98528096959456,503.7966800305101,92.40220098367415,7.7024426,0.69459474,31.360123,2.1249917,21.98001597115616,1.311684797752209,23.455644428830343,1.7780961939043185,17.961823998594475,4775.112334200224
1997-07-01,334.7298771394661,525.4782905159335,91.8159548852161,7.441086,0.6627879,30.434772,1.9205788,21.48731743876991,1.20124376217212,22.93939659080171,1.6676486105600756,2.771889946946069,4772.340444253277
1997-07-02,288.8216358729825,467.2377614976615,91.55727194210405,7.442146,0.6369977,28.713568,1.7195607,20.58768913935318,1.090177605897902,21.996769133898358,1.5565712145922137,0.06929996540776587,4772.27114428787
1997-07-03,279.61496968326867,452.6219759923757,91.32502718944748,7.376904,0.646834,29.093409,1.8774995,20.800656076138793,1.186543871972083,22.21991516227127,1.6529400578184612,0.1832998552583976,4772.087844432612
1997-07-04,320.1449119375118,503.6130874070286,90.76656061327284,7.324826,0.67023075,28.988699,1.9858322,20.56926171933008,1.2416879460379828,21.977460946189137,1.708081334176237,0.0626193535715259,4772.02522507904
1997-07-05,300.89704006748366,465.6811412693076,90.21802030792963,7.572455,0.6930157,27.937576,1.8479054,19.943864904279444,1.155054476331103,21.322172301191145,1.621440609333442,0.002293495498352852,4772.022931583541
1997-07-06,308.5767987933611,469.28092330007854,89.74128490934972,7.7688375,0.7002226,27.728937,1.78204,19.81074916531835,1.1104089985359815,21.1826940849411,1.5767936450047682,0.0010498045379294,4772.021881779004
1997-07-07,321.0223627097975,489.7406310218598,89.19532615061443,7.5604405,0.6864141,27.693064,1.7683821,19.72153282522555,1.102223514920526,21.08921350876267,1.5686071764301397,0.0006029236986748823,4772.021278855305
1997-07-08,325.16069476813516,495.1332609870639,88.63159963611176,7.746063,0.6918337,28.15336,1.8729737,20.06400304801475,1.163322075683657,21.4480526375253,1.6297095676896252,0.004578964447965858,4772.016699890857
1997-07-09,323.71894760275495,534.7427270271608,88.09429567802977,7.4729905,0.66137284,27.246563,1.654793,19.790108870894294,1.060525863826252,21.161067254998894,1.5269102816145033,0.0009273893701330087,4772.015772501487
1997-07-10,227.17496830280294,400.38464571800256,87.67506269372535,7.7445283,0.68935615,25.390738,1.6784135,19.002855115406632,1.0995245502548507,20.336185461091258,1.5659006094156886,4.58219413901775e-06,4772.015767919293
1997-07-11,248.9164558849806,395.6551809447249,87.22355730170803,7.9124637,0.7118315,26.109438,1.6829723,19.08224951816961,1.0690011277608942,20.419374644910118,1.5353779977575681,8.190049769943496e-06,4772.015759729243
1997-07-12,366.87879014983537,551.1434269843375,86.5690989482918,8.017557,0.71344846,27.254976,1.6619737,19.56692589241693,1.0377204126255828,20.927216893063157,1.5041023888070792,0.00022658910197174073,4772.015533140141
1997-07-13,418.96127183179794,616.0036687109451,85.91225886385054,8.159866,0.72149515,28.021868,1.7241182,19.98158633800755,1.0669366666361675,21.361696690507184,1.533323224566367,0.0028658848830625315,4772.012667255258
1997-07-14,426.1517894066587,618.384474037367,85.25494009888172,8.27133,0.7290902,28.722145,1.8424553,20.378584595731926,1.1305983076938808,21.777670107880134,1.5969894364285722,0.02471687032503094,4771.987950384932
1997-07-15,424.6689828499854,610.5552196401561,84.6024526184395,8.190239,0.7131907,29.32657,1.8694867,20.656038656584105,1.140742040952165,22.068385524411784,1.6071364711060165,0.09465497140501107,4771.893295413527
1997-07-16,491.7148824752631,595.56699681951,83.97623326958171,8.209383,0.7046364,30.977339,2.1160688,20.68070558677858,1.2021001530678042,22.094231449549874,1.6684948809930948,0.10630358531329268,4771.786991828214
1997-07-17,427.2196970163873,642.4508967892803,83.36796986859444,8.3340225,0.7199015,29.499762,2.0267947,21.046298729895437,1.2508010302184898,22.477298695190076,1.7172002530303578,0.5155927834973937,4771.271399044716
1997-07-18,431.27310267186556,636.0466879516237,82.73563301009182,8.329728,0.727727,29.003733,2.0001698,20.649964516092922,1.2276943822896413,22.062021060768533,1.694088739225118,0.0923782454192585,4771.179020799297
1997-07-19,450.5173640226424,649.18112981951,82.04459554459929,8.13174,0.72643167,26.217028,1.8314298,18.80796386669401,1.1213530375069667,20.131979076892577,1.5877271368526538,1.0192779426655743e-06,4771.179019780019
1997-07-20,496.9610377734084,639.91347181951,81.33578421823944,8.138958,0.728815,24.533234,1.7198758,17.366817138895765,1.019143100078104,18.62195046181922,1.4855040553792072,8.318476635426864e-12,4771.179019780011
1997-07-21,535.175220224358,646.97504981951,80.60102940873404,7.8083825,0.7259379,22.688288,1.3859541,15.951955851565758,0.826649374696513,17.139463641416196,1.2929997361620802,5.9141558852367094e-12,4771.179019780005
1997-07-22,487.11693252884334,693.93235481951,79.92324604846783,8.303264,0.73826057,22.644331,1.4998236,16.72944089371165,0.9323525673176394,17.954109810877004,1.3987084668812808,5.950955714073302e-12,4771.179019779998
1997-07-23,332.3860605722416,484.3291931850519,79.35868936003679,8.081837,0.8214991,21.70464,1.4946938,16.16044307751551,0.9473416447271106,17.357915844088417,1.413693423433473,5.953166809971591e-12,4771.179019779992
1997-07-24,360.63287957157246,515.9453996887919,78.7851063089094,8.19907,1.0037428,19.889627,1.4107443,15.0800177418137,0.9273667198380033,16.22584987058931,1.3937116927937465,6.072104270616262e-12,4771.1790197799855
1997-07-25,255.35356415742058,350.9800302942027,78.30196036623033,8.814976,0.97089386,21.399145,2.1072476,16.0994016607904,1.2865007004097238,17.29395685630349,1.7528520590262398,6.11612914263549e-12,4771.179019779979
1997-07-26,286.81087746968313,385.48114206094834,77.76729511592097,8.652798,0.9652191,23.483519,2.2292137,17.156488155816,1.3428857678554542,18.4015684723219,1.8092450034460972,6.265886541321966e-12,4771.179019779973
1997-07-27,319.7069990767512,439.6969242124701,77.19608085659372,8.54365,0.8612392,24.367594,1.9988544,17.705756073883155,1.212808549533745,18.977089519294218,1.6791723825442224,8.16625086945622e-11,4771.179019779891
1997-07-28,346.012853078954,437.224642386152,76.63833257497784,8.659193,0.84320194,26.086357,2.375516,18.387513791993985,1.3774040894650459,19.69143292585857,1.8437741087080306,3.4933282543829e-08,4771.179019744957
1997-07-29,353.31283371207644,479.6885314055999,76.10322048073635,8.699007,0.85989815,23.653051,1.7877777,17.310377758759717,1.0921975038213823,18.56281347224104,1.5585579926916562,7.420043600105236e-12,4771.17901974495
1997-07-30,354.18600180343486,479.517991140257,75.57762198242169,8.759363,0.8671932,22.327805,1.5416101,16.5634660860001,0.96017305044261,17.78020197471334,1.4265277097166913,6.060836207276505e-12,4771.179019744944
1997-07-31,361.26237925881605,481.5341648199666,75.03736808804061,8.828497,0.86097103,22.293356,1.4887131,16.52168182175503,0.9271931079228147,17.736420565469714,1.3935474599170414,6.079409778539334e-12,4771.179019744937
1997-08-01,378.8859526992777,502.6645480326114,74.46241473458673,8.802401,0.86495787,22.833685,1.4577397,16.803109784145565,0.9105560841547615,18.031299822449153,1.3769125443228782,6.052610864488121e-12,4771.179019744931
1997-08-02,405.3940265362503,532.7630191877317,73.96222368891502,8.755446,0.9137502,22.575434,1.3175493,16.603576116653045,0.8460068464396634,17.822229127722213,1.3123618025595956,6.056285217092843e-12,4771.1790197449245
1997-08-03,404.3741950138971,533.1307625300999,73.4801210674484,8.9053,0.8874751,23.369825,1.4715649,17.130838895778606,0.9202303438340826,18.37469326533233,1.3865893731697883,6.2628479794322774e-12,4771.179019744918
1997-08-04,416.14893297579835,553.0526252224729,72.995086623362,8.795649,0.9065251,23.967836,1.5919778,17.45330933181304,0.9883029754788769,18.71257668589917,1.454664652644255,1.2214597933938337e-11,4771.179019744906
1997-08-05,403.1753019408629,503.8420003311575,72.53461440820071,8.884613,0.9765632,22.799728,1.7059426,16.614365863729173,1.0423310649575115,17.833534587825675,1.5086861012441097,6.082344028327195e-12,4771.1790197449
1997-08-06,362.0959398406814,451.95101404647886,72.10278062246537,9.048765,0.9969857,21.50486,1.7497802,15.964268794103115,1.0678956932441075,17.15236510051715,1.5342461370285765,6.177898793458394e-12,4771.179019744894
1997-08-07,362.200463783494,467.4703085332037,71.63233739263937,9.063061,0.97094595,21.295013,1.6596811,15.955041143692545,1.0267142490727057,17.1426963999601,1.4930646311488953,6.181773401381863e-12,4771.179019744887
1997-08-08,427.46907742288346,548.5395930676106,71.09747654221323,8.989361,0.94868135,22.123957,1.4393252,16.371309445652855,0.9094037842330943,17.57886090381211,1.3757570469170228,6.126993547949889e-12,4771.179019744881
1997-08-09,443.8304095663366,563.0545528086024,70.52770046183504,9.0028305,0.888543,23.193209,1.3459988,16.938153152950782,0.8484940001195668,18.172797802660597,1.3148515040549456,6.103497217631172e-12,4771.1790197448745
1997-08-10,503.2792286518792,547.33176181951,69.91369103911927,8.925285,0.8580535,26.248238,1.6854097,17.94994058485047,0.9694873247474911,19.232945215182777,1.4358533123834016,7.493714747960519e-10,4771.179019744125
1997-08-11,544.2956315135624,550.81592481951,69.28240084780516,8.837868,0.8781126,26.974516,1.5931486,17.960184620036443,0.9124641623370199,19.24367888023316,1.3788302418540632,8.065547547568657e-10,4771.179019743318
1997-08-12,567.7256240958709,543.70298481951,68.64169086270147,8.932972,0.8761606,27.452518,1.7477823,17.992602625683737,0.9650542974436497,19.277646355734984,1.431420668516075,1.094345321719237e-09,4771.179019742224
1997-08-13,462.32739457248493,656.9240786910475,68.08302377739717,8.825357,0.8964263,23.811987,1.1271287,17.621484136992724,0.7581268498615145,18.88878967188963,1.2244899551029795,3.922077107757085e-11,4771.179019742185
1997-08-14,368.0979544574711,550.3283110630546,67.63568862032926,9.12752,0.9508456,23.81322,1.2079855,17.927307337494906,0.818026297327175,19.209230175971502,1.2843920823856874,6.166921822118946e-10,4771.1790197415685
1997-08-15,353.45885913548375,517.8655912904221,67.13626665625038,9.230118,1.1017083,27.118704,1.5321832,19.86207376403473,1.0143978965815297,21.23647182403176,1.4807831138038212,0.0014483957517094613,4771.177571345816
1997-08-16,347.03883057562007,492.11007337864027,66.6362617783664,9.253273,0.9808828,28.121714,1.4512767,20.318472116463052,0.9428164451463563,21.714684457586436,1.4092068702043092,0.01865929707127836,4771.158912048745
1997-08-17,294.8738958055718,385.4449985028391,66.19109883384941,9.184032,1.0378524,31.149393,2.2709115,21.628841000406524,1.3629917787789678,23.08768449491046,1.8293984795491882,4.987506039960959,4766.171406008784
1997-08-18,163.26959328427398,158.91677128189,65.8842814795359,9.429804,1.2173055,29.290773,3.072449,19.226125174974953,1.6362102814889672,20.570127066296426,2.1025886392183493,2.3804289269603362e-05,4766.171382204495
1997-08-19,169.64772953997036,195.71023166455532,65.57298857234623,9.600189,1.3488312,27.392874,1.9703257,19.131144562259387,1.2272777873103706,20.470606704968038,1.6936551602465488,1.215543008906719e-05,4766.1713700490645
1997-08-20,242.26859302798454,294.4344852044064,65.18521435466657,9.995111,1.5845327,25.980833,1.5975775,18.764853800312515,1.1312491334663555,20.08680849670244,1.5976228051657828,7.592370540882287e-07,4766.171369289827
1997-08-21,231.26953000000702,135.19479649535802,64.9393839719468,10.484207,1.6824635,26.70709,2.6965153,16.469099099222333,1.454981619623836,17.681324568545,1.9213355877640956,7.030683293367431e-12,4766.17136928982
1997-08-22,203.6020943348355,193.7906731090956,64.61874069635661,10.708933,1.7629908,26.978537,2.9642084,18.64289070422674,1.7045179302910252,19.95901598153375,2.170890403642985,2.980534728960824e-07,4766.171368991767
1997-08-23,262.28468147960336,296.9680155743916,64.21603986002933,11.044439,1.7964953,25.269585,1.4992646,18.598114434610913,1.159174693901583,19.912099559290308,1.6255467315732066,2.0650989530968856e-07,4766.171368785257
1997-08-24,279.3141416229627,350.21130603657514,63.759475463765504,10.987976,1.8976008,23.77304,1.0615404,18.100435502249734,1.0284055013149422,19.390633275192588,1.4947728508428813,3.0281861710695038e-09,4766.1713687822285
1997-08-25,299.17711175176044,382.4241072022302,63.31418342850337,11.205229,1.895885,23.468422,0.9817303,18.085704593972082,0.9979475766393577,19.375198279854356,1.4643147917176176,4.086371251939542e-08,4766.171368741365
1997-08-26,316.70629066371504,403.4079537474551,62.906673385245206,11.410315,1.9107627,23.350346,0.99694365,18.099119192818097,1.0090107508920068,19.3892540506697,1.475378088395833,0.3349940870545583,4765.83637465431
1997-08-27,320.00957069589407,414.3688770437997,62.4966534728759,11.253422,2.094825,24.029902,1.044942,18.46247805530145,1.0866891280185764,19.76998022469962,1.5530598599170733,9.215818547589397e-06,4765.836365438491
1997-08-28,335.95508126402996,361.3902967243749,62.15436844007682,11.485136,2.0569077,25.999517,1.2484792,19.007028009346442,1.18346322680538,20.340557805097067,1.6498393284035158,6.257139623951705,4759.579225814539
1997-08-29,282.5659795576171,352.24358063979537,61.835186960013246,11.458868,1.9596647,25.66445,1.5281782,19.341271293011086,1.2165158254799886,20.690776775167375,1.6828953909185898,3.1305446515213653,4756.448681163018
1997-08-30,302.5172115876632,381.0344042139086,61.44101258478669,11.429602,2.0067809,26.591074,1.6779201,19.88111058117983,1.2898147681695076,21.256418535962293,1.7562001978558501,1.0494093994130018,4755.399271763605
1997-08-31,311.1683809455114,399.7600132938095,61.03865500615775,11.421652,2.1666229,27.190216,1.8026454,20.28842589929436,1.3880810431702337,21.683202133944935,1.854471118055753,0.0,4754.607471452422
1997-09-01,240.8025551731373,439.9617814029059,60.79657939656422,11.636049,1.9424399,25.50249,1.8334955,20.597599159267098,1.3697380479995973,22.007152818888454,1.8361317754665412,,
1997-09-02,272.7141127259018,421.5914678474791,60.41168459320148,11.421421,2.115209,27.697666,2.2356703,21.304570865741894,1.591589076880672,22.747915356270862,2.057991567197747,,
1997-09-03,324.60372898057915,478.5190501432522,59.90976468357459,11.61684,1.9318526,26.39493,1.923839,20.421966484539315,1.386936950335621,21.823125502678945,1.8533285894654081,,
1997-09-04,328.989231684188,470.9799948365134,59.43995691523389,11.662674,1.8365288,23.749203,1.6506897,18.77858925389778,1.2308189914729382,20.10120045801678,1.6971927991956028,,
1997-09-05,333.5126231569173,461.6800043880098,58.96059958934766,11.526867,1.8756694,21.775139,1.6624274,17.47689973674242,1.2451689716105279,18.73729463154441,1.7115308471463868,,
1997-09-06,334.7468960474286,463.28824078874027,58.5320450305424,12.017717,1.8604013,19.952454,1.6039977,16.62411854549746,1.2149373439683722,17.84375341444461,1.681292452830909,,
1997-09-07,337.0822645119184,457.3200860595998,58.21309279471849,11.75688,1.9652299,20.889986,1.9332699,17.014609626757377,1.3906871222786672,18.252908634561766,1.8570452264019757,,
1997-09-08,277.1081776311209,488.6409756139378,57.959938091478804,11.691759,1.9099097,20.448694,1.7590789,17.27974742409079,1.3182243272750258,18.530719112279495,1.784584564532567,,
1997-09-09,319.837603603576,472.2518421948856,57.65788004270943,11.799032,1.9342631,20.731575,1.717308,17.124705739195385,1.2877655332217244,18.368266964829576,1.7541245133499652,,
1997-09-10,353.8310795502884,479.6599222286494,57.320415541618374,12.864248,1.8965794,19.807869,1.208222,16.860184103607427,1.0638102894272325,18.09110209928249,1.5301671881854777,,
1997-09-11,244.8988420988,57.99493049535805,57.23652659690297,12.328627,2.4850173,21.304039,5.7717066,14.04714468618536,2.293074982487226,15.143609013601846,2.759414697418663,,
1997-09-12,264.8293620988,58.167,57.22104234314415,12.886494,2.1987207,22.098377,7.782689,14.545421438814099,2.2834834622539875,15.66570169173237,2.749825561424937,,
1997-09-13,165.11765369962754,146.21864136377718,57.18767624808317,13.335438,2.026943,19.432568,2.538993,16.198945990355615,1.6054618426380716,17.398259064546657,2.0718138885148702,,
1997-09-14,154.09980377829464,320.880540712329,57.12430351033756,13.129221,2.0478268,17.448416,1.953627,16.047121833414174,1.477595795915169,17.23917823188833,1.9439467981271648,,
1997-09-15,170.95553765310262,390.08891600325296,56.82288612366902,12.640797,2.1319873,17.243277,1.7577682,15.840857542382572,1.3840888357292336,17.023055212824627,1.8504384622805967,,
1997-09-16,282.101205322962,370.419781333456,56.324081289665365,12.808983,2.215682,19.565584,1.6970364,16.64453578877544,1.3585414170088024,17.865146532158423,1.8248966781613176,,
1997-09-17,260.81852571513906,413.7226201796676,55.870962487469065,12.63641,2.2208738,19.6183,1.5103362,16.918677384411275,1.263142717261413,18.152391158959485,1.7295000693791422,,
1997-09-18,272.17313493921927,434.95993243271806,55.39852507194708,12.612568,2.2625275,21.052586,1.7776953,17.804051227729058,1.3978660902998497,19.080082845488782,1.8642307824439106,,
1997-09-19,289.8789864026418,444.7449983906311,54.91237195496632,12.645071,2.2671657,21.851402,1.5961869,18.218629561752568,1.3168686692942484,19.514476606713476,1.7832371065676162,,
1997-09-20,291.79286707847285,458.717922469517,54.425192508357945,13.258812,2.1067905,20.692457,1.2066418,17.80231266008866,1.1022025841901335,19.078261180258167,1.5685672610425305,,
1997-09-21,299.7826299046823,463.0144955043831,53.93865253079735,13.190371,1.8440024,19.170639,1.1219826,16.820367186933538,0.9944873012297893,18.04938207009891,1.4608438936202788,,
1997-09-22,309.4947418231054,462.8624178885106,53.4390864878396,12.940151,1.8796768,14.722294,1.3459731,14.00816339084703,1.10361694364473,15.102764545597237,1.5699564840281766,,
1997-09-23,315.10626029233293,462.5796655623688,52.93232531878396,13.745817,1.9339266,13.403666,1.0351384,13.542300074526707,0.9965595429618554,14.614634555230884,1.4628971318267838,,
1997-09-24,310.667043028835,465.7455958774656,52.42739552751341,13.21929,1.8528024,14.227157,1.1754799,13.823877504657393,1.0231492492712928,14.909670423997522,1.489487988000107,,
1997-09-25,332.8327534220517,454.33926621844086,51.91571646880527,13.380146,1.91356,13.401331,1.1586155,13.392373521164133,1.0496807559856383,14.457542025115862,1.5160177695990074,,
1997-09-26,332.3708560791651,459.70270795853975,51.401298049838815,13.645401,1.9436826,14.178403,1.1269288,13.954744006188028,1.0454644675855786,15.046791896956565,1.5118037715937498,,
1997-09-27,334.01780097064324,472.526699757752,50.87958385020159,13.3674965,1.9554741,14.9015,1.2176595,14.26621627115809,1.0792316760619145,15.373151471477522,1.5455724042664953,,
1997-09-28,325.7189127210651,471.2787326627444,50.362343135653,13.229677,2.0873268,14.4408455,1.0426669,13.945862322913737,1.0525356138413005,15.037485699582279,1.5188748788653688,,
1997-09-29,314.00196194615563,453.81203175323,49.93820074807466,13.952532,2.1104088,15.825221,0.99245566,15.059373991270188,1.0435331111670965,16.20421941933695,1.5098779670827656,,
1997-09-30,319.3084109573641,450.29467735166446,49.46683052960903,14.059996,2.0473948,16.252718,1.3156229,15.342957225666938,1.1463580471072452,16.50135696295707,1.6127045534416753,,
1997-10-01,307.05643438655056,465.11441355617234,49.01914772013698,13.607462,1.7640743,13.993908,0.7990293,13.84023632729626,0.8507238966451137,14.926811142438691,1.3170627049648365,,
1997-10-02,318.0375625537096,496.6538873889796,48.52441381471853,13.280937,1.6969876,11.685626,0.9052487,12.30840030165259,0.8622127867717151,13.32175859108875,1.3285464061854724,,
1997-10-03,337.33680004798896,503.4892207400422,48.0581396198402,14.050224,1.8773316,11.413484,1.0320067,12.471335830584987,0.9742510264614201,13.492481881336873,1.4405850702471694,,
1997-10-04,336.520730985114,499.9822183511578,47.5263332348899,14.1589775,2.0488856,12.9419565,1.2799156,13.431557654167676,1.124562823683568,14.498599025732716,1.5908999851605858,,
1997-10-05,311.6737949809878,520.0383877108532,47.04524838238764,13.487736,2.1952767,14.633096,1.2730908,14.203886330780461,1.144726475464562,15.307842373014086,1.611066909787239,,
1997-10-06,319.5549402195036,519.68021341556,46.53334271939779,13.591736,2.210277,16.564442,1.304681,15.432526706640338,1.166619038928272,16.59520755894305,1.6329660856582586,,
1997-10-07,336.43391765383626,516.4835915273025,45.97320156328838,14.488232,2.0824902,16.850136,1.01568,15.918481034934173,1.0261786709338672,17.10438884297756,1.4925288094780242,,
1997-10-08,324.47403952752154,505.695459204316,45.42873100122834,14.150118,2.1206074,16.331802,1.588939,15.479084963067704,1.2742882548242436,16.643991140876203,1.7406355860762694,,
1997-10-09,334.0401524360975,506.1129348760332,44.86163119773688,13.781509,2.1618602,16.486603,1.5108875,15.411072835243685,1.2518862714573913,16.572728265830026,1.7182331879150508,,
1997-10-10,324.8834364867929,505.95345110285007,44.316285110438656,13.935564,2.091342,17.025795,1.1453071,15.817417185899387,1.0748069210889268,16.998494487428395,1.5411563943858768,,
1997-10-11,331.7955855100997,522.5647435016841,43.76457678952463,14.107483,1.9211739,16.761448,1.0240084,15.730765839477082,0.9741412446497617,16.907701502849914,1.440490156870118,,
1997-10-12,329.7964025102572,521.3847030724385,43.19644022676133,14.013105,1.8801194,14.2177305,1.1488168,14.138447005175014,1.0128453043447552,15.239275271337842,1.4791854349063158,,
1997-10-13,319.5669232048269,510.2067902237423,42.650250403657566,14.081011,1.9355651,13.505046,1.1036112,13.72686460696138,1.0080416515032058,14.808020641413641,1.474379983825949,,
1997-10-14,282.8620606638241,461.1011737634456,42.31891356239781,14.245182,1.9459145,13.83677,0.9937337,13.99205226629392,0.9626666809423268,15.085883364363612,1.4290061496919753,,
1997-10-15,287.9319772063757,468.5944638874407,41.79958214603876,14.067486,1.7697654,13.936196,0.90363497,13.986164759400166,0.8757702657978654,15.079714454765773,1.3421097084443574,,
1997-10-16,295.1470571488748,469.65815367467735,41.28711851777061,13.744543,1.6179731,11.260486,0.9249067,12.219111752632454,0.8440754733436073,13.228202354643088,1.3104088730809589,,
1997-10-17,302.34265267197577,477.2615127189882,40.67688186839498,13.328077,1.4999509,10.390634,0.97775245,11.529820070008169,0.8346614676769308,12.505964885815105,1.3009934784627655,,
1997-10-18,315.0686034788562,495.8525126492172,40.03151714866572,13.270592,1.4680636,9.921972,1.0305692,11.223017266943888,0.849968256448149,12.184497957517268,1.3162998237840258,,
1997-10-19,323.26402064526445,514.1844958940419,39.376202091936946,13.319988,1.4810271,10.307204,1.0801162,11.470170866322048,0.8755795119082695,12.44346465409339,1.3419114280466542,,
1997-10-20,299.42108589121153,482.5255185500772,38.9023377679296,13.1096115,1.385221,10.481994,1.0172709,11.488154685834377,0.8218325113052644,12.462308038703798,1.2881644555506806,,
1997-10-21,313.74821082697133,477.3614519924005,38.38830711283612,12.502609,1.2286215,8.90849,0.8793514,10.333891084692182,0.7203945891722955,11.252874583079738,1.1867254794796311,,
1997-10-22,316.9712836651251,489.50287250346463,37.865925687648286,12.023308,1.1188354,7.047367,0.8466325,9.003078014188137,0.6763440235910536,9.858453196962502,1.1426755900914167,,
1997-10-23,315.51039600392954,492.4145257584551,37.349861635851276,11.649866,1.0730578,5.852196,0.8813493,8.116299071745143,0.6812850879920783,8.929289252372902,1.147618229693454,,
1997-10-24,313.2291954608508,481.4224253212426,36.847378197663616,11.771948,1.0798227,5.416383,0.9954854,7.921566799634116,0.738164653977256,8.72524944331394,1.204498262026454,,
1997-10-25,278.1528793425448,391.2409882942119,36.45365795915584,11.341068,1.0590224,4.644808,1.1888837,7.427301375288661,0.8224896556713481,8.207359821246603,1.288824642146852,,
1997-10-26,227.8934852539673,317.624124947105,36.10447836039537,11.023033,0.9812139,3.4499521,1.4894173,6.613655358399939,0.9592012991797415,7.354824306060368,1.4255391633563894,,
1997-10-27,209.88308954204865,233.14131603057533,35.842238868218516,11.140709,1.01703,4.460989,3.828742,7.625510495388242,2.071681142230219,8.415042659742962,2.538015542374215,,
1997-10-28,196.11261721537767,281.6266532489825,35.55826711943467,10.297419,0.92980915,6.8122435,2.7721124,8.24291257129605,1.6781397761883958,9.061954444395745,2.144472637941783,,
1997-10-29,229.1689108991922,337.2567994440718,35.20873403575099,10.342529,0.8976501,5.351319,1.4828894,7.370701509794503,0.9547066167151076,8.148054675658786,1.421041778868943,,
1997-10-30,239.65024562852503,373.2450492314662,34.83510443304675,10.574673,0.9333238,5.0424366,1.8506097,7.2056147986462875,1.1846113107018785,7.975077384038375,1.650947006191686,,
1997-10-31,255.1027860541417,406.3237767515285,34.419376690502574,10.769028,0.9748582,6.1030216,1.938205,7.9026335813611,1.2486214420151076,8.705411281927443,1.7149550977193353,,
1997-11-01,102.02307391499512,254.4470017212588,34.402703019653714,10.728336,1.0585705,6.4866757,2.9052272,7.70065492569691,2.0957546311921726,8.493778736951999,2.56208882079488,,
1997-11-02,291.5208120988,80.67898049535798,34.413389615239765,10.859045,1.0905848,10.313086,28.18503,10.740701454826132,6.168883935638919,11.679129098294409,6.635215023502702,,
1997-11-03,214.06753209880003,42.70265049535795,34.49881922023019,10.425386,0.9725531,9.058966,5.3409553,10.198141244247662,1.202655511939183,11.110636364299586,1.6689863784443375,,
1997-11-04,144.22679308129327,28.91358147785132,34.56123916994927,9.915365,0.93960196,7.527219,2.2501686,9.516556647133429,0.8682219213651765,10.396474353323681,1.3345529869519093,,
1997-11-05,100.04491849958342,214.7679254980082,34.632073730457286,9.277954,0.85900563,6.578077,1.1817336,7.436075506900654,0.8511524676473431,8.216553326356781,1.3174874272171557,,
1997-11-06,84.17618321662678,331.6151142450763,34.695674959827585,9.181999,0.8619645,5.5071883,1.1559131,6.251147023353132,0.9382708195541432,6.974989311771076,1.4046102096733393,,
1997-11-07,90.38388535946834,346.51133209952224,34.737415732523594,8.959414,0.8972523,5.2325797,1.2559088,6.003578582224809,1.0132369883048378,6.715587945427199,1.4795775069097226,,
1997-11-08,111.04180867234552,321.35511358388703,34.78655116262747,8.468491,0.94180346,5.145931,1.4441407,5.9991816445441835,1.1001915104540132,6.710980849155619,1.5665320497349058,,
1997-11-09,119.2423977155742,324.7772000683024,35.16976262595644,8.734343,0.9854461,5.366449,1.8741065,6.2709038212005295,1.3961231205262967,6.995690417020344,1.86246242360878,,
1997-11-10,54.94034133217568,411.7218895238264,35.590958437726634,8.3157425,0.8962485,5.799584,1.0661398,6.095812323225216,0.9465224258405798,6.812230143962155,1.4128625158254282,,
1997-11-11,54.94256343196809,421.7552732788594,35.863299996626544,7.644608,0.87399226,5.260216,0.9505235,5.53503308399387,0.8469809535769603,6.224647574023482,1.3133237998171625,,
1997-11-12,54.94424333953954,471.95887291881127,36.07083326288545,6.657496,0.896061,4.2919025,0.8324199,4.538581176640164,0.7514490321259693,5.180568671698714,1.2177976633036467,,
1997-11-13,54.94458190091858,451.9924067738218,36.23929416845357,6.50351,0.877117,3.2283306,0.90887374,3.5833123279425045,0.8159223157370692,4.179641237456508,1.2822775588817552,,
1997-11-14,71.21940632136132,376.4801973549715,36.401848629448445,5.179287,0.9917099,1.1294601,0.6464671,1.7737007039799246,0.5660561718850823,2.2835363637163963,1.0324268012731073,,
1997-11-15,73.33325678921048,335.3369511922182,36.55295433284272,5.458849,0.9811079,0.30391228,1.2125925,1.2289327196496218,1.0104557775702458,1.7127303319313,1.476831772184576,,
1997-11-16,59.26023648718051,384.0859954790376,36.682690079861416,5.0350766,0.9790062,0.00182271,0.7599779,0.6745967078551661,0.6712734082572595,1.1318989536759303,1.1376552106655218,,
1997-11-17,59.18478003176245,443.5094860781739,36.79424712507745,5.0254507,0.8866558,-0.14582777,0.56405115,0.4630134276102209,0.5084736566577437,0.9102027158965378,0.974857768478288,,
1997-11-18,146.82297063589732,421.9656685137333,36.673054637710166,4.7782793,0.8698632,-0.5781034,0.55309707,0.804554333738485,0.4677441329486711,1.2680681098385513,0.9341245422566884,,
1997-11-19,180.1800556099732,401.798384491636,36.548504987385016,5.03812,0.89097583,-0.850525,0.6279634,0.972594663013234,0.5138610899712083,1.444140192435504,0.9802397265743872,,
1997-11-20,167.8563463420228,424.2721362433021,36.4835144579158,5.5090337,0.8583768,-0.6536001,0.69711983,1.0933808711413795,0.5556180793008967,1.5706995684251777,1.0219954616412281,,
1997-11-21,183.34566081044196,437.5867252555427,36.4046921149278,6.0026674,0.8709693,-0.08032858,0.82319975,1.7158265989264594,0.6345782217672865,2.2228960742741064,1.1009494050261153,,
1997-11-22,179.52511374894917,207.60575298764684,36.560801686735076,5.442078,1.0056959,0.96964735,1.9745458,3.043658259798183,1.157040186911407,3.614193549570035,1.6233996266107313,,
1997-11-23,183.8187720988,336.903200495358,36.82797112215931,5.8252063,0.9469395,1.854517,1.4121205,3.2562001639304197,0.9728633864387956,3.836894230181639,1.4392211335778478,,
1997-11-24,153.8952420988,390.7194304953581,37.085093637125325,4.482623,0.96989757,1.6247017,0.8480039,2.432282808102715,0.6672617906966732,2.973596441165955,1.1336263870538104,,
1997-11-25,115.2950720988,360.0982104953579,37.304083709801205,4.1119556,0.98521197,0.87364864,0.75467765,1.6590212026391806,0.6195760312922551,2.1633755742238288,1.0859477619186155,,
1997-11-26,126.96696081495324,438.21102525626486,37.48261127759498,5.8003106,1.0027534,1.2872176,0.97918856,2.301081772279685,0.7919293378676971,2.836124444318889,1.2582950965482258,,
1997-11-27,65.89294209879999,767.4103304953582,37.91169952516178,5.094174,0.9104282,1.9151996,0.7019114,2.1665750663233787,0.6504047319459141,2.695188777606044,1.1167717026695454,,
1997-11-28,54.9368420988,619.1001204953579,38.21731082765655,4.9718094,0.9424358,1.9145949,0.83024156,2.163770704685337,0.766432220878757,2.6922503770679347,1.232799217092724,,
1997-11-29,57.21517209879998,710.543340495358,38.52403049329725,5.242174,0.89066595,1.9218519,0.8603811,2.1692901072703044,0.7990251014132325,2.6980335882293294,1.2653920474669793,,
1997-11-30,208.8419820988,801.5290804953581,38.969860437139616,4.9481983,1.0696818,1.905229,1.3021843,2.5342055665018983,1.056421598589669,3.0803907590110993,1.5227853055881617,,
1997-12-01,129.10379209880006,2448.372730495358,39.59022280681722,4.5301785,0.92148423,2.7741826,0.8492039,2.8621390298579708,0.8079873486916794,3.4239983209311267,1.2743482748042905,,
1997-12-02,54.9368420988,1520.005090495358,39.94963140081171,4.039977,0.8635483,1.3821815,0.5834631,1.4748902729967377,0.5639158950765031,1.9704438155645725,1.0302894253229367,,
1997-12-03,54.9368420988,654.930630495358,40.17612081840024,4.09375,0.88380414,0.57239544,0.5619933,0.8449140571646541,0.522992358104507,1.3103568900816787,0.9893723387003066,,
1997-12-04,54.9368420988,881.2157304953578,40.4181549232965,4.887556,0.89363366,1.5114279,0.83351326,1.7095513765903019,0.7863502787628598,2.216320917761055,1.252721522307415,,
1997-12-05,54.9368420988,837.6276704953578,40.679092158116056,3.869502,0.9775352,2.3712616,0.7708911,2.463477452243882,0.7259407909892857,3.0062820826635135,1.1923051138863678,,
1997-12-06,54.9368420988,730.4618004953579,40.8758084299216,3.3433447,0.97996527,2.0363715,0.8366347,2.127791262531563,0.7811273942299439,2.65455124056878,1.2474947182780536,,
1997-12-07,54.9368420988,641.098600495358,41.03986948315777,3.5563326,0.97497934,1.7493901,0.90112406,1.8920088867520048,0.8335596790519417,2.4074992732086904,1.2999291881160504,,
1997-12-08,121.71680774618376,545.393331181753,41.13685725672859,3.4905872,0.95090485,1.0623084,0.9107285,1.5053572273731226,0.7645092520365514,2.002366986214075,1.23088248183481,,
1997-12-09,160.70082525279906,531.664295226225,41.16082405388418,3.245999,0.94058114,0.30276418,0.8375814,0.9859012485691915,0.6792163995254547,1.458082787294749,1.1455948971333112,,
1997-12-10,175.39349684564212,515.4013483290688,41.156118499815875,3.2031636,1.0060786,0.105748415,1.1163397,0.8921852108842667,0.8711911971070889,1.3598874433607335,1.3375706779437886,,
1997-12-11,175.78502873296082,506.33869063419553,41.13975953577991,3.2670102,0.9792567,0.8658796,2.4084058,1.484657102142552,1.8054767790530935,1.9806774657573216,2.271850212868895,,
1997-12-12,178.97449057739567,515.7440060844552,41.08122697624757,2.9981825,0.9582625,1.3569471,1.5147021,1.7797647721624488,1.1512621006966455,2.289890273629065,1.6176326722715806,,
1997-12-13,186.73141500884657,512.1093939558259,40.99419973305277,2.4061656,0.8872236,0.53873026,1.0317974,1.0377120608184458,0.792393492419352,1.512369979263116,1.2587714507608274,,
1997-12-14,193.76898333433627,520.610930907059,40.87571720612876,1.734905,0.83902454,-0.67489254,0.8401952,-0.021257116523083028,0.6532249741460827,0.4027856951497033,1.119614564384553,,
1997-12-15,198.34224706962172,524.6072469852887,40.721102218735446,1.6530123,0.79512876,-0.98708713,0.6896693,-0.26277201167947867,0.5459348519091771,0.1497272135822002,1.012327274546558,,
1997-12-16,179.2390916039314,517.3236659373293,40.581165853227326,2.2253342,0.75977373,-0.5441772,0.5884219,0.16847174580735744,0.4787476816707771,0.601582948543868,0.9451350936120237,,
1997-12-17,173.47515805657594,534.9676869369188,40.41787016750809,2.5734782,0.7692933,0.10373855,0.70173186,0.7084993730175161,0.5623871959704021,1.1674220503425772,1.0287686330921986,,
1997-12-18,188.7593622553292,518.1354436105378,40.24842909220778,2.743422,0.7598583,0.35057652,0.7357629,0.9895287218584933,0.5762016247045417,1.4618836414073824,1.0425800844563682,,
1997-12-19,193.38335263101607,522.1975462089763,40.05141913561239,3.2599885,0.79109144,0.8545487,0.8658212,1.5046107949878338,0.6670252446164185,2.001584876912321,1.1333984817628953,,
1997-12-20,191.14287400224265,519.3718406525182,39.85987028444987,3.033659,0.8803323,0.98641956,0.9441691,1.5371685000645612,0.7296709156203781,2.035698728998769,1.196043832846232,,
1997-12-21,191.7509815015407,515.198515003648,39.65496751326224,2.235393,0.8088316,-0.06317651,0.8978059,0.5602809921929751,0.6900884807950252,1.0121193375738116,1.1564715245921096,,
1997-12-22,243.1305256479632,493.6284738889864,39.36227170594986,1.8716214,0.7855886,-0.8273028,0.6717536,0.0633423715506008,0.5193986709493065,0.49142874956442634,0.9857872848076306,,
1997-12-23,190.0299808537204,457.3758327379589,39.1578497787586,2.0828357,0.8894959,-0.83992064,0.8815373,0.01798226230218109,0.6752980238273295,0.44390058214970873,1.1416871601785066,,
1997-12-24,151.8688252483906,460.8781149964086,39.03603244651587,1.9880106,0.8002321,-0.3324064,0.73562825,0.24270705516188934,0.5877772943869366,0.6793664519248362,1.0541638652270424,,
1997-12-25,107.0442120988,418.9215204953579,39.088081410171974,2.4231224,0.9047082,0.49533248,1.0880662,0.8876750618719724,0.8859677360188923,1.3551617246428247,1.3523472644274357,,
1997-12-26,82.15540209880002,796.3539104953579,39.241649198706426,2.8153896,0.9464347,1.8043778,0.8549634,1.8989244119985438,0.7800474501457517,2.414745336922474,1.2464168942181515,,
1997-12-27,59.17454209880002,782.8805704953578,39.29293377299135,2.7086928,0.9138902,2.0222645,0.73498416,2.07050251184418,0.6863452493598521,2.594524283430338,1.1527130984612972,,
1997-12-28,94.2116120988,674.8568304953582,39.28512917408574,2.1795475,0.80570066,1.1114621,0.72815067,1.2423035925520634,0.6465296306936555,1.726740286852436,1.1129054895607262,,
1997-12-29,139.5998020988,601.9628704953581,39.23560410472223,2.1553059,0.86053747,-0.033674598,0.3904974,0.3784028305484564,0.3559818362139857,0.8215480215220781,0.8223668858788484,,
1997-12-30,140.123769506,650.2392504953579,39.21108092814329,1.9069713,0.8063987,-0.17261422,0.8996578,0.19607632059710942,0.7538381870810748,0.6305069276470517,1.2202252855209967,,
1997-12-31,139.42117950599996,570.4762804953581,39.17369072434194,1.3985574,0.8299461,-0.75849354,0.69489485,-0.33485688097177174,0.581722858185036,0.07419693394753418,1.0481161391305203,,
1998-01-01,128.89796950599998,561.3636004953581,39.340937174185356,1.1699916,0.81927955,-1.4865831,2.0731268,-0.9905000302166594,1.6929226659822065,-0.6127837166272732,2.1593240263640454,,
1998-01-02,73.005039506,541.425130495358,39.5528330284175,1.2102889,0.832783,-1.7104822,0.8418102,-1.363443598786072,0.7483589091495372,-1.0035527129304906,1.2147650845659062,,
1998-01-03,32.315789505999994,557.4414204953581,39.90353246676667,2.2168171,0.8374331,-0.8777188,0.7312905,-0.7081534824671897,0.6927408479693434,-0.316941969048769,1.159138668767231,,
1998-01-04,32.315789505999994,1168.775830495358,40.86839441295284,2.8182678,0.8205806,0.42417657,1.0588946,0.488590434908255,1.030641229979163,0.9370022167127923,1.4970250599091575,,
1998-01-05,32.315789505999994,1914.2664304953585,43.10814873113482,3.4879658,0.9517368,3.3006506,1.5245917,3.303760272305402,1.4993647743574494,3.886727549160848,1.965722149828728,,
1998-01-06,35.5473683952,2238.3259304953585,46.00864507764575,3.7208898,0.8827311,4.6282563,1.5099336,4.614071497302164,1.4863928910665862,5.259667171637606,1.9527410442266055,,
1998-01-07,35.5473683952,2645.560030495359,48.97106079988996,4.46109,1.116695,6.4377728,1.6899569,6.4115649731094235,1.667616416610194,7.14307469116439,2.133955112926973,,
1998-01-08,35.5473683952,5335.837930495358,55.41480490115474,5.3927817,1.2924001,6.6860266,1.5708491,6.677467989473432,1.5604767421427503,7.421686962766608,2.0268143532638354,,
1998-01-09,38.7789474072,2345.328230495359,64.01398658054421,4.710323,0.79302335,6.82017,1.3699723,6.785851985088683,1.3477506551429408,7.5352513428801124,1.8140878471290454,,
1998-01-10,38.7789474072,2188.728630495358,69.27903900183546,3.4737155,0.74153304,4.887284,1.0172457,4.86267482216262,0.9996196674711385,5.5201528856184385,1.4659662925048196,,
1998-01-11,38.7789474072,3691.899930495359,71.81784137088006,2.85651,0.6952137,2.897194,0.97003,2.8967710145863865,0.9599741181908833,3.4602855961460435,1.4263347578026209,,
1998-01-12,38.7789474072,2755.4521304953582,73.35239264274601,2.5842946,0.6607994,2.1675668,0.60417134,2.1733502151765145,0.5958571023176741,2.702287755414672,1.0622240114954793,,
1998-01-13,38.7789474072,2012.0756304953584,74.4913982510801,2.5154672,0.6423627,1.7149973,0.5276453,1.7301331181277575,0.5178106808686159,2.2378863961888373,0.9841817268538279,,
1998-01-14,38.7789474072,1538.4867304953582,75.28455746442985,2.214439,0.65288234,0.57407415,0.41381842,0.6144044624614969,0.4039632418214881,1.0688297247093412,0.8703456960129996,,
1998-01-15,38.7789474072,1476.790830495358,75.7780525189499,2.2382655,0.6699941,0.2766639,0.36988434,0.3268554821315157,0.3608275729257259,0.7675368860566032,0.8272131979663211,,
1998-01-16,38.7789474072,2664.6612304953587,76.65301465810948,2.343191,0.68114144,0.34684885,0.6157055,0.37548496789312824,0.6069522812503658,0.8184906950060397,1.0733373634035317,,
1998-01-17,38.7789474072,1983.800370495358,77.28263917971422,2.6065626,0.6256888,0.21215284,0.4645592,0.25806089775938945,0.4558100857592543,0.6954541557140115,0.9221964834235761,,
1998-01-18,38.7789474072,1639.252090495358,77.69832685701378,2.5944476,0.6246389,0.25049162,0.4847701,0.3046599533956582,0.4737871119631465,0.7442804869187911,0.9401729856877726,,
1998-01-19,38.7789474072,1439.2991404953582,78.01200910066657,2.6551893,0.603046,0.39796054,0.5564822,0.4571813351488003,0.5421132290770033,0.9040918693514721,1.0084974052792104,,
1998-01-20,38.7789474072,1232.169450495358,78.24060807368195,2.5148642,0.5943801,0.39990485,0.5677746,0.464436104191339,0.5507494385065541,0.9116933915550568,1.0171335346277808,,
1998-01-21,38.7789474072,1060.6435004953578,78.3741846329042,2.4747565,0.5986772,0.09481609,0.54781306,0.17876160335546384,0.5289122301174899,0.6123646261086555,0.9952995250963983,,
1998-01-22,38.7789474072,1008.334590495358,78.41783458815576,2.359398,0.6062117,0.1508739,0.54047006,0.23266468193583426,0.5209382047191319,0.6688440875867112,0.9873248889728319,,
1998-01-23,38.7789474072,973.341130495358,78.43551035322965,2.3293202,0.66314375,-0.34905612,0.58322316,-0.24643528294891615,0.5614524190515066,0.16684478210177017,1.027844647994694,,
1998-01-24,38.7789474072,1194.0990304953582,78.51179427922307,2.6083713,0.6227874,-0.3286382,0.5658538,-0.23625749231790938,0.5484053802607185,0.17750903633390225,1.01479748868659,,
1998-01-25,38.7789474072,1034.813370495358,78.53544498682565,2.47538,0.62904805,0.1527636,0.58168566,0.23665822260413819,0.5611349738966864,0.6730285058477243,1.0275216130355045,,
1998-01-26,38.7789474072,925.941920495358,78.45769097133532,2.2880468,0.62806696,0.1315397,0.56205654,0.2182249598116529,0.5400539617064162,0.6537141961047148,1.0064408092372914,,
1998-01-27,63.62487740720001,885.1378004953581,78.31275394644052,2.499883,0.62090844,-0.114638805,0.6142417,0.06069337111705369,0.5745608993643291,0.4886531359653107,1.0409495436712102,,
1998-01-28,38.7789474072,825.339180495358,78.17791605425214,2.5987244,0.61623275,0.09175789,0.7070757,0.2042627905404152,0.6759103243819907,0.6390846828696,1.142297330016814,,
1998-01-29,49.45394740720001,762.6444804953583,77.98788268661967,2.564013,0.63875115,0.019715428,0.72080827,0.17465423156405985,0.6780302524000092,0.6080609359859704,1.1444175940519088,,
1998-01-30,38.9602574072,796.3597004953581,77.81728791877818,2.5709162,0.6160918,0.2911209,0.8138453,0.3974530897584495,0.776418562605094,0.8415088180022554,1.2428034003982675,,
1998-01-31,47.98762740719996,760.4578604953581,77.61864373609869,2.3916216,0.6178237,0.14809406,0.71345425,0.2812651436280894,0.672106367202743,0.719767485215489,1.1384925036581812,,
1998-02-01,91.0541174072,722.261480495358,77.41743034945227,2.53874,0.64021325,-0.10290837,0.7146589,0.19283531431682618,0.6386843100077501,0.6271110123453967,1.1050714452101893,,
1998-02-02,95.6455574072,706.2997304953581,77.2089825740911,2.7361412,0.6657614,0.08196795,0.8873383,0.3985230618631451,0.7855316142588956,0.8426299311160388,1.251916440164444,,
1998-02-03,64.06865740719996,662.7697004953582,77.00067858138408,2.7952514,0.6846923,0.6085471,0.88485515,0.801298623808023,0.8091118810052289,1.2646567881025008,1.2754923249774854,,
1998-02-04,79.2128474072,649.3297904953581,76.76955162106997,2.5530815,0.66558456,0.75074625,0.89680356,0.9467102207996547,0.8025654276524874,1.4170185623656548,1.2689443352142655,,
1998-02-05,103.6934374072,735.8226004953581,76.52962653047362,2.5115273,0.64019114,0.46010232,0.8995214,0.7134855764656817,0.7923717670812873,1.1726465772710812,1.258753150589769,,
1998-02-06,115.9935974072,667.331380495358,76.2566049097624,2.555098,0.66370916,0.3843404,0.8804151,0.7057829691253834,0.7564561716060182,1.1645758116299627,1.2228376379474533,,
1998-02-07,119.6875174072,641.6494004953581,75.97278397870637,2.529972,0.6851029,0.6860496,0.8767062,0.9759271638477012,0.7466902131529128,1.4476319754182745,1.213068814927105,,
1998-02-08,119.2292174072,620.703570495358,75.6772326087789,2.6358657,0.70237935,0.9326869,0.8745504,1.2071289747847924,0.7423082757935305,1.6898844425943051,1.2086844922079965,,
1998-02-09,122.40583740720004,617.3794904953581,75.37536162547626,2.8718858,0.709032,1.3920115,0.8699164,1.6368734316909637,0.7353969790699559,2.1401692155326546,1.201768924108389,,
1998-02-10,112.59253740720004,602.7646604953582,75.07083543841185,3.2553098,0.72238785,2.0601249,0.8629823,2.2482391562419637,0.7359899294455529,2.780756131868011,1.2023561618248049,,
1998-02-11,106.8985174072,623.1630004953581,74.77560888562125,3.0866423,0.8163547,2.451458,0.8830579,2.544464192531804,0.7631762712299777,3.091139712297876,1.2295398893716527,,
1998-02-12,311.26334740719994,1919.118990495358,74.91350331318208,3.2023325,0.7547286,3.083139,0.9152753,3.0997731242009547,0.7945551458521182,3.672990512672191,1.2609141336661764,,
1998-02-13,68.23390740720004,1807.4621904953576,75.19529924544507,2.4745731,0.68430364,2.6036634,0.7309474,2.598967408625444,0.7047967884255038,3.1482479958108684,1.1711599364965801,,
1998-02-14,211.3551074072,1120.358430495358,75.07435390289099,2.0392535,0.6797889,0.87976366,0.5539432,1.0637852909309515,0.47835288074233495,1.539689420648121,0.9447305688648219,,
1998-02-15,216.97580740720008,976.382010495358,74.8902049030746,1.9038937,0.6815027,0.11753881,0.47700566,0.442333092597326,0.40947492817878217,0.8885339315622154,0.8758592684693267,,
1998-02-16,137.78715740720003,927.820690495358,74.7422282230074,2.413176,0.68788415,0.37295616,0.57943654,0.6367643686091753,0.512293817199168,1.092258357937363,0.9786760287859684,,
1998-02-17,82.79176740720004,1008.386880495358,74.72818889837833,2.3972707,0.6885719,0.70835346,0.6955286,0.8364978676156922,0.6448760573230774,1.301538435441581,1.1112561271642858,,
1998-02-18,288.38154740720006,1623.4328904953582,74.88882295055646,2.6638446,0.71321946,0.6815728,0.92655915,0.9805822568128966,0.794116494036181,1.4525095659145668,1.2604950471798289,,
1998-02-19,384.7725474072,2531.1242704953584,75.35879228362639,2.8661678,0.6724122,1.7390809,0.94092935,1.8878077355011924,0.821572687849459,2.4030973212890063,1.287942236422448,,
1998-02-20,247.5621474072001,2264.731500495359,75.72255837002227,2.8596854,0.65744275,2.6385756,0.92942095,2.66036378456401,0.8403364973153713,3.2125789086462855,1.3066991199334446,,
1998-02-21,297.00574740720003,1971.797830495358,75.9638543102351,2.7515235,0.63202846,2.8401036,0.90146506,2.8285077312046147,0.7878122961533708,3.3887595611649837,1.2541735018011353,,
1998-02-22,239.1503474072,1663.8229704953585,76.09315293943104,2.881063,0.681537,3.1484463,0.8807623,3.11484373897202,0.7748236549122235,3.6887814513129937,1.2411825219781158,,
1998-02-23,192.42414740720005,1509.6224704953586,76.1745130907865,2.700144,0.6744468,2.9191334,0.8957083,2.8943756755857244,0.798095158538472,3.4577757681292063,1.264455817922038,,
1998-02-24,197.6893474072,1575.9174304953583,76.25173991124181,2.5603542,0.71559054,2.497787,0.99193096,2.504760853280916,0.8849702690323306,3.049538689149871,1.3513342317395962,,
1998-02-25,176.74624740720003,1518.6177304953576,76.31473726461245,2.8719597,0.64434886,2.203271,0.77759385,2.2729835125603777,0.6997594015379371,2.8066831838340947,1.1661254117030486,,
1998-02-26,163.99824740720007,1383.599590495358,76.33808843198521,2.8883562,0.7171481,2.5308714,0.84902346,2.568753896757198,0.7628476545445941,3.1165903813550435,1.2292110627767139,,
1998-02-27,175.70707740720002,1315.316100495358,76.34227967718049,3.225039,0.7298777,2.9304922,0.86389464,2.9652025318223965,0.7669287895626329,3.531987905984495,1.233288867091919,,
1998-02-28,320.27598740720003,1664.8595304953585,76.43780106398899,3.1341035,0.7701819,3.030277,0.90592015,3.047028082820389,0.7698558230260005,3.6177244386135383,1.2362152354869747,,
1998-03-01,783.4407474072001,4426.559230495359,77.44291785309629,3.675367,0.8004892,4.2471986,0.91136026,4.161210851935771,0.7836170878554648,4.785161335449373,1.249968206328912,,
1998-03-02,489.6793474072,4004.71703049536,78.46755324199464,3.2964954,0.7762332,3.6906877,1.0481749,3.6477391106547117,0.9377940408657052,4.2471474001504195,1.404148805256999,,
1998-03-03,313.5837474072001,3270.2879304953585,79.54223867424751,2.9531684,0.6583469,2.8316638,1.0087941,2.8422953243323263,0.9223266328139771,3.4032061541136702,1.3886877237061928,,
1998-03-04,183.34484740719984,2522.0742304953583,80.33073200078368,2.8463395,0.6289741,2.9295058,0.93064743,2.9238696839121565,0.8686244343343772,3.488679489233418,1.3349848507227693,,
1998-03-05,90.36304740720004,2138.6565304953583,80.9631314924191,2.7224226,0.5706384,2.8550398,0.97087985,2.8496636159296167,0.9318082034301153,3.4109266248620664,1.3981692330844162,,
1998-03-06,46.61998740720002,1831.0323904953584,81.88640995064335,2.7401252,0.62158906,2.8665564,0.8046967,2.863417261487544,0.7848687276229065,3.4253376476631776,1.251229643136682,,
1998-03-07,49.6403474072,1599.4301304953583,82.70963954792543,3.046887,0.7120308,3.5626974,0.8852022,3.5471704745029373,0.8588233553586552,4.141771926967275,1.325178869150658,,
1998-03-08,182.01014740719995,1676.7359404953577,83.10476234203745,2.8427808,0.6929901,3.6534314,0.9303846,3.5740517553606983,0.8420192636980223,4.169938041160975,1.3083745760479206,,
1998-03-09,807.3500474071999,5191.293330495356,84.67966291475338,3.4276032,0.72900236,3.5785441,1.2947259,3.5582291901106076,1.1247579489545607,4.153359211378663,1.5911133797750534,,
1998-03-10,38.7789474072,5059.777930495358,89.58010446875103,2.499246,0.66601175,2.2547874,1.3585103,2.256646763518142,1.3481871035569015,2.7895655940320228,1.8145532603539702,,
1998-03-11,38.7789474072,4496.504830495358,92.1022817195653,2.2715187,0.58807707,0.94813055,0.5559599,0.9594461794670777,0.5512290805094188,1.4303632563216837,1.0176078546553162,,
1998-03-12,54.9368420988,3279.211230495358,93.40735753130052,2.262823,0.54914606,0.42130697,0.38150367,0.4516496756909125,0.3753267077222212,0.8982958154805292,0.8417109450254865,,
1998-03-13,54.9368420988,2090.872030495358,94.29458028206766,2.5561604,0.5274027,0.5336119,0.41356263,0.5853930341343864,0.40320076895215606,1.0384316492788013,0.8695835387693497,,
1998-03-14,54.9368420988,1765.6924304953584,95.0103082574951,2.6585813,0.5201721,0.6479684,0.48196772,0.70863794042299,0.4676879675673137,1.1675672407963638,0.9340694031988035,,
1998-03-15,54.9368420988,1567.017590495358,95.50093644190902,2.6679316,0.4799476,0.679737,0.4949009,0.7470786491393436,0.47841450677669306,1.20784528398637,0.9447955298222309,,
1998-03-16,54.9368420988,1216.633790495358,95.78245150197604,2.73519,0.5188232,0.70632505,0.53807557,0.7939799792086152,0.5153163151374658,1.2569883373087765,0.9816968370771395,,
1998-03-17,54.9368420988,1051.684380495358,96.03363640121162,2.7951427,0.5845783,1.211486,0.70963997,1.290104658836921,0.6750348574225356,1.7768260807059388,1.1414102326629374,,
1998-03-18,54.9368420988,1104.9692304953578,96.3036624604037,2.7674336,0.56649935,1.3905306,0.81391495,1.4557450959520633,0.7758294393978697,1.9503835645016765,1.2422031589864517,,
1998-03-19,54.9368420988,1494.965630495358,96.8130154788434,2.88339,0.5391988,1.8549144,0.9229036,1.8913691059903945,0.8903960831338175,2.406828913113656,1.3567655982133124,,
1998-03-20,54.9368420988,1696.1786304953582,97.5301315066875,2.9941368,0.6574705,3.2650523,0.8833538,3.256553026131757,0.855889394775228,3.837263957990001,1.3222471391472446,,
1998-03-21,507.2439737035998,2410.245930495358,97.88377594275684,2.640972,0.6446851,2.4386501,0.93465614,2.4738264303179873,0.7802468368436383,3.017125706513349,1.2466110692648111,,
1998-03-22,481.2844737036,2078.261330495358,98.11867975419857,2.7642736,0.5183565,1.1600761,0.7504967,1.461721593165969,0.6171227938353512,1.9566457178527732,1.0834964542725192,,
1998-03-23,444.2649337036,1719.807970495358,98.25549800071988,2.743106,0.48814982,1.1757674,0.7360745,1.4975280789644887,0.5934868222608163,1.9941636312741136,1.0598601291644554,,
1998-03-24,415.9080637036,1498.068190495358,98.35485682626053,2.8655317,0.5423629,1.6846614,0.8586741,1.9412651349811276,0.6823390285036438,2.4591098017291038,1.148708075852768,,
1998-03-25,394.23397370359993,1434.117190495358,98.45231397236664,2.8811333,0.6241509,2.3457584,0.8510736,2.461197403245757,0.6809935579778281,3.003893055117236,1.1473579008246955,,
1998-03-26,452.51661370360006,1955.783430495358,98.78430022796898,3.4367585,0.65094376,4.113668,0.8549828,3.9864775131683485,0.7050232997240274,4.602076340384905,1.171375625050795,,
1998-03-27,406.0982737036,2859.9847304953587,99.58147063115854,3.7800012,0.5626992,7.1910925,0.9218428,6.766964170519323,0.8102490798657879,7.5154607553391015,1.2765863439268488,,
1998-03-28,1192.2882841976,2398.1419304953583,99.86842162711368,3.9871001,0.6768558,8.9051075,0.97191185,7.271965444775132,0.6869755129308287,8.044599364243842,1.153310990319035,,
1998-03-29,1272.0480443780896,2043.7841304953583,99.88987196598998,3.705832,0.79885316,8.386278,0.90919286,6.590725164472942,0.6387238988197168,7.330798127246608,1.1050618550658655,,
1998-03-30,1081.262523773864,1610.735130495358,99.88987196598998,4.0709105,0.8782882,9.460735,0.9285913,7.295868784323395,0.6581458248738484,8.069645201713033,1.1244812249229876,,
1998-03-31,969.4736841976,1325.2177304953582,99.79396555974567,5.1357355,1.0023901,10.597766,0.9435899,8.290137667339893,0.6901481558568116,9.11143673859957,1.1564809178883348,,
1998-04-01,1176.8585233710362,2669.0642749369813,99.88987196598998,5.7729306,0.8505596,10.552541,1.0785245,9.089972431630015,0.7924553501714765,9.949500870524396,1.2587868107051454,,
1998-04-02,1830.409445999749,4324.731014453187,99.88987196598998,5.07396,0.6091736,11.053697,1.1958184,9.275448548085702,0.8595145996377888,10.143842111328278,1.325845862876312,,
1998-04-03,1451.7815383603424,2864.2035362485444,99.88987196598998,4.594776,0.5347213,8.612605,1.0281675,7.261115277289424,0.7056285970714545,8.03323059584176,1.1719641097809352,,
1998-04-04,1235.6640383603426,2255.335936248544,99.88987196598998,4.7625237,0.5272192,6.8408213,0.9673974,6.105193181783788,0.6522459096234244,6.822059375492966,1.1185859565595329,,
1998-04-05,1077.7564281382056,2014.573001975892,99.88987196598998,4.3443375,0.52770543,5.882367,0.8893474,5.346324192440517,0.6078777532798844,6.026919042522954,1.0742216079121625,,
1998-04-06,969.4736841976,1709.5438636851802,99.83413999904242,4.639305,0.4872974,5.952927,0.8541624,5.477558088255904,0.5728768272836212,6.164425469957686,1.0392199763361885,,
1998-04-07,226.5259222140816,1786.286738070839,99.88987196598998,5.204318,0.6271306,6.0864635,0.85797286,5.9871850608548565,0.7646789955234686,6.698410869774213,1.2310195913291455,,
1998-04-08,969.4736841976,1260.996770495358,99.61827076488063,5.348077,0.59064645,7.3780956,0.914994,6.495748224673825,0.577493202957817,7.2312816143875205,1.0438315469601307,,
1998-04-09,551.2241533993714,1902.5540932254296,99.88987196598998,5.5062604,0.80808574,6.3613787,0.9163559,6.16928231886844,0.7333265851799879,6.889211754252509,1.1996663407038402,,
1998-04-10,1572.5988316391922,3891.085017041468,99.88987196598998,5.6421623,0.5974426,7.2426357,0.9038322,6.781975360260765,0.6662581928028953,7.531189428637,1.1325953995487281,,
1998-04-11,1213.9198841976,2446.6967579045127,99.76748855980672,5.461888,0.5496594,6.9982147,0.8768398,6.4887437945276245,0.6137567123513851,7.2239423964237774,1.080095085358723,,
1998-04-12,753.9658488942941,2344.0711259701216,99.88987196598998,5.6673193,0.60324544,8.006901,0.93940884,7.437519415166072,0.725789349797589,8.218066248501533,1.1921243049481245,,
1998-04-13,1104.7499241976002,2042.0324270267693,99.60305383379023,6.3219123,0.6354925,9.508383,0.9880538,8.389699437574812,0.6788819752840631,9.215757221116833,1.1452145354358036,,
1998-04-14,273.1019478511873,1802.822276333378,99.88987196598998,6.558649,0.8526395,9.940239,1.0406106,9.495367808061923,0.9106459880146234,10.37427276017498,1.3769770683063025,,
1998-04-15,544.6943047458135,1571.753845161158,99.88987196598998,6.1801667,0.8075608,9.533133,1.0490856,8.67020501450466,0.8063358431815051,9.509670005763581,1.2726678955257473,,
1998-04-16,437.30726165752606,1347.769631515025,99.88987196598998,7.2046294,1.1385951,10.802577,1.0546876,9.921153581198785,0.8437500486199478,10.820409637791931,1.3100809319387223,,
1998-04-17,334.6322272613549,1126.4963626817753,99.88987196598998,7.642843,1.3510066,11.198823,1.0453249,10.38442129657537,0.8632756466727343,11.305819966362055,1.3296065512230286,,
1998-04-18,325.46375197907,1056.2051959254804,99.88987196598998,7.7439356,1.376482,12.058671,1.043982,11.042298748456219,0.8614161630518604,11.99514171160124,1.3277475195644302,,
1998-04-19,744.8523544843517,1422.673677735719,99.88987196598998,6.432552,0.95199966,9.994252,0.9425699,8.770303404361952,0.6998354409474953,9.614552756486823,1.1661673338682543,,
1998-04-20,2101.144314582913,6972.268435296756,99.88987196598998,6.3871646,1.075971,10.476162,1.1575308,9.529266472073276,0.9237189747347704,10.40979166444929,1.3900500317473454,,
1998-04-21,1233.5572690261524,4020.117256387062,99.88987196598998,7.455068,1.3801242,9.261698,1.0350416,8.837503020143211,0.855743581414969,9.684964284192032,1.3220753737384088,,
1998-04-22,796.5935444739015,2946.1120824239774,99.88987196598998,8.860785,2.0794685,10.09739,1.0869883,9.834192325114724,0.9633268368641618,10.729291930929236,1.4296577435616222,,
1998-04-23,645.5254353206005,2509.749011583723,99.88987196598998,8.514496,1.8939327,10.063213,1.0890307,9.746367205711927,0.948941254382002,10.637269071034137,1.4152721934692545,,
1998-04-24,544.203610119471,2029.029061500857,99.88987196598998,9.4881935,2.23783,10.739173,1.0968622,10.47460785127304,0.9859112747794965,11.400317130086957,1.4522422120083998,,
1998-04-25,457.374238021326,1692.5292539370814,99.88987196598998,8.554571,1.8535869,10.29448,1.0423176,9.924328996174708,0.9104068476416944,10.82373682674909,1.3767377302704764,,
1998-04-26,523.1629436338474,1847.4359897047057,99.88987196598998,7.839188,1.3461243,8.757415,1.0110987,8.554773119786597,0.8421019525892297,9.388720861062188,1.308434203006104,,
1998-04-27,450.676839598813,1987.7871413726016,99.88987196598998,7.4925,1.3350432,6.7789683,0.8831852,6.910843203477557,0.7610631122441135,7.66621671424687,1.227399837554207,,
1998-04-28,308.7665697415736,1271.440369272423,99.88987196598998,7.789556,1.4084464,6.759356,0.8661943,6.960653278403512,0.7493114710646802,7.718407540487061,1.2156480153795466,,
1998-04-29,453.4758804083036,1359.4249200898091,99.88987196598998,9.0796,1.819357,9.200431,0.9488153,9.170206528146618,0.844577899282786,10.033569882587955,1.3109092696406104,,
1998-04-30,476.109292006161,1275.7792475532633,99.88987196598998,9.390633,1.9669987,10.090259,0.9949343,9.90012183036771,0.9004029998257339,10.798372641164574,1.3667338880057003,,
1998-05-01,371.71025618007513,957.3994219280996,99.88987196598998,9.968771,2.2272627,11.452639,1.0279418,11.037647424361712,0.9676145461464505,11.990268070114771,1.4339458977259507,,
1998-05-02,488.79563024570086,1104.046396421315,99.88987196598998,10.687508,2.359581,12.458591,1.0938991,11.915098746095634,1.0484215367439909,12.909658565610282,1.5147542568979582,,
1998-05-03,1377.6468141784908,2254.5193128098085,99.88987196598998,12.802017,2.969711,11.344186,1.0443113,11.897127707325609,1.2995850813403311,12.890828572617973,1.7659177646314002,,
1998-05-04,1079.0070165935535,2102.976182366664,99.88987196598998,13.636623,3.2069247,11.232192,1.0740205,12.047532073637964,1.2986245107466765,13.048421753508453,1.7649575139441398,,
1998-05-05,999.1749640677192,2109.193041362253,99.88987196598998,13.612171,3.1897743,11.2782545,1.08943,12.028484563759426,1.2640403047742697,13.028463837768376,1.730373266027286,,
1998-05-06,935.6130966976772,2090.824226603652,99.88987196598998,14.3503895,3.4218152,12.057339,1.0765873,12.766227780808238,1.2931420104392404,13.801468658743094,1.7594768994916266,,
1998-05-07,811.1408865930707,1898.7478300440755,99.88987196598998,14.649366,3.5279164,12.827058,1.073096,13.372522659923561,1.2963297631361896,14.436742360564766,1.7626667025113252,,
1998-05-08,742.4699828977116,1659.4209779800697,99.88987196598998,13.933577,3.2592018,12.185706,1.06796,12.72600599432078,1.248765796387059,13.759324408352834,1.715100564291415,,
1998-05-09,806.4356133672349,1871.040077158173,99.88987196598998,14.094315,3.342808,11.921971,1.1259584,12.576264830008721,1.2778116737537482,13.602426128251222,1.7441460069048387,,
1998-05-10,2012.6326002589567,4450.44469580606,99.88987196598998,13.736666,3.3255599,11.362702,1.1724924,12.101965699412318,1.3131289364343905,13.10545712052278,1.7794620617873653,,
1998-05-11,2495.5679054276457,6641.979516657684,99.88987196598998,13.077654,3.1222937,11.268415,1.3252972,11.762539000859146,1.2865402290153911,12.74980698605089,1.7528726479752077,,
1998-05-12,2098.670515042862,5515.594133541654,99.88987196598998,13.854124,3.285093,11.309187,1.2409265,12.01063149662924,1.275874363749195,13.009757455057024,1.7422072860647912,,
1998-05-13,1410.0090780302862,3729.5588087347546,99.88987196598998,14.354904,3.3923035,10.891061,1.1594145,11.841345107887104,1.2545798206215362,12.832379755609585,1.7209123918419762,,
1998-05-14,1029.383312727694,2846.3641053761207,99.88987196598998,14.553648,3.471569,11.297607,1.1813716,12.16239902719947,1.2660510949647685,13.168778954797162,1.732384359907178,,
1998-05-15,816.1372632705388,2286.350381469197,99.88987196598998,14.934624,3.685483,12.668131,1.2105814,13.264352190698348,1.3175051766858226,14.323401712672839,1.783841719444427,,
1998-05-16,646.0857731708217,1806.8088111663703,99.88987196598998,14.680956,3.6476758,14.92945,1.2205685,14.863997351181059,1.3158448237613447,15.999504443713192,1.7821885961206956,,
1998-05-17,541.0509758616604,1402.9040047322517,99.88987196598998,14.459837,3.5384934,16.491297,1.2184266,15.925891024380821,1.3202702917088107,17.112153004589974,1.786620479488437,,
1998-05-18,415.6144696348156,1072.5087084730876,99.88987196598998,13.865879,3.3706393,17.241562,1.263415,16.29877526417129,1.3096983821526882,17.50285983640142,1.7760511286379925,,
1998-05-19,331.48616189749634,875.7052471797731,99.88987196598998,13.510958,3.3416646,18.805285,1.3473544,17.35150007813645,1.340618290560026,18.60590129791436,1.8069791189165048,,
1998-05-20,324.81330768182755,783.4394506171884,99.88987196598998,13.39316,3.3177752,20.86658,1.451455,18.67622492542974,1.4136249111392998,19.993943464562918,1.8799977103272767,,
1998-05-21,256.3042363262468,665.9747390178818,99.88987196598998,12.753775,2.9877746,20.32452,1.4428463,18.220586065631085,1.3322616159859548,19.516526624789414,1.7986300713995238,,
1998-05-22,217.73130225154932,553.3872112825422,99.88987196598998,11.955681,2.7624907,18.842669,1.3954895,16.898074062852658,1.2693869378112377,18.130803069059297,1.7357441297939729,,
1998-05-23,192.76738728547727,501.2411004953581,99.88987196598998,12.0950985,2.9051933,18.898079,1.4881046,17.008487097924412,1.3439826536169692,18.246493469779406,1.810340709431832,,
1998-05-24,154.537347795434,472.936930495358,99.88987196598998,11.926426,2.87267,19.881437,1.5792046,17.922239289869136,1.3846634391834438,19.203919892993476,1.851029178960998,,
1998-05-25,161.3344762964,468.68852049535815,99.88470561160455,11.465355,2.6912327,19.336433,1.2707897,17.320830277530472,1.1699014547962252,18.57376558567889,1.6362620297741965,,
1998-05-26,184.4566162964,484.7791704953579,99.85378046150207,11.776707,2.8671904,19.3524,1.3809624,17.264366357831427,1.2748297914293707,18.51460288363048,1.7411899027438713,,
1998-05-27,159.6530062964,423.37054049535806,99.79635455807609,11.480637,2.780225,21.639784,1.626418,18.85784064134551,1.4051644380220514,20.184239790877196,1.8715390347904846,,
1998-05-28,132.5591862964,386.304650495358,99.71972297518184,10.726761,2.5615766,23.127604,1.7482306,19.95943975319241,1.4568542913285463,21.338491574642195,1.923240599582678,,
1998-05-29,125.42892629640002,374.8242404953581,99.63673350055778,9.928848,2.3752716,25.273098,1.9138076,21.425820462014965,1.5527127815551174,22.874960268774775,2.019116832154389,,
1998-05-30,137.1796862964,407.8813904953579,99.58025434351129,9.26576,2.0522518,24.874624,1.8220519,20.946222216489538,1.4580335979772874,22.37243886653782,1.9244315751808845,,
1998-05-31,117.2424762964,420.193900495358,99.53979386076315,8.592539,1.9221336,24.062454,1.5043918,20.6876711483817,1.2487145537813609,22.101529941187042,1.7151093659186822,,
1998-06-01,157.53500166584556,657.8076104953578,100.0,8.0849695,1.5441102,20.817389,1.2534949,18.357316387377722,1.054391819220556,19.659792188526314,1.5207615532044332,2.4813511679941818e-08,4859.999999975186
1998-06-02,281.177670187126,651.8704915042094,99.99999999997408,7.7502856,1.2397096,21.92885,1.263402,17.65608494057124,0.958477127170502,18.925044275602268,1.4248405302404183,4.3273001531526044e-11,4859.999999975143
1998-06-03,601.9663386131286,878.3730002607781,99.99999999997404,7.7678847,1.0705794,24.36909,1.4199344,17.61836247630052,0.9483568683167058,18.8855188064872,1.4147199467556228,3.034551850372939e-11,4859.999999975113
1998-06-04,296.7458114740326,461.7011206291989,99.999999999974,7.109908,0.7640439,21.006926,1.2790118,15.569654292959262,0.8340078126511143,16.73888937514081,1.3003557044829914,1.1321058217591493e-12,4859.999999975112
1998-06-05,236.4380481287262,353.2588903535077,99.999999999974,7.1739845,0.65955496,19.003277,1.2645619,14.260340921754155,0.8023690165015148,15.366995300455956,1.2687097168144998,1.1551489250754352e-12,4859.999999975111
1998-06-06,160.84516788647267,269.1554004953581,99.999999999974,6.96646,0.6063468,18.615326,1.282832,14.25797410790516,0.8343959405128695,15.364515360995528,1.3007366296012162,1.1460524274721219e-12,4859.99999997511
1998-06-07,191.40425540500863,277.87783092073767,99.999999999974,6.5487914,0.5967725,18.338942,1.3123862,13.530138981138993,0.8143356161662192,14.601892203149854,1.2806731574122896,1.1375102404994615e-12,4859.999999975109
1998-06-08,182.57102464216842,346.7941589447545,99.999999999974,6.8366294,0.62102526,17.337267,1.1543787,13.715736430528507,0.7859941133614678,14.796360576187045,1.2523323997542812,1.1478898665312488e-12,4859.999999975108
1998-06-09,164.92438443744118,223.8991104953581,99.999999999974,6.9914975,0.6311661,21.028109,1.4172164,15.074303149975941,0.8588766925088605,16.219862140796064,1.325221633016848,1.1348882067618816e-12,4859.999999975107
1998-06-10,150.80938476471442,385.330698670379,99.999999999974,7.235371,0.63538384,21.072239,1.2351137,17.180104038227018,0.9055052467822493,18.426313113185312,1.3718646729419457,1.4523572776588842e-12,4859.999999975105
1998-06-11,148.28966968106758,257.7938831383316,99.94841731732693,6.756679,0.6254582,22.076239,1.3600732,16.481989830116127,0.8931131774874266,17.694831432310757,1.3594672394374758,1.1016446909870799e-12,4859.999999975104
1998-06-12,460.9838700000012,792.6372704953579,99.87263417929728,7.2160783,0.8566564,20.728941,0.94037217,15.75996626089077,0.6728697088575344,16.93829760459053,1.1392188091944107,1.1335165908099564e-12,4859.9999999751035
1998-06-13,592.6635065179316,1449.976654821284,99.999999999974,8.40971,1.2438563,18.022448,0.9111109,15.233351927383618,0.7406360343082551,16.38651290608278,1.20698189184937,1.1930208240059573e-12,4859.999999975103
1998-06-14,1052.0203915525615,3194.1304150625406,99.999999999974,10.828554,2.3413496,16.088955,1.1916093,14.785645379545253,1.067706421055823,15.91740751566601,1.534049771140533,1.298583936974196e-12,4859.999999975102
1998-06-15,2199.4347837558003,3498.5458776625533,99.999999999974,13.565258,3.220154,19.776434,1.2759159,17.378904508379225,1.4692678101972136,18.634615566245383,1.9356288658653296,4.252702414643711e-12,4859.999999975097
1998-06-16,1554.1372671300817,2274.139101114184,99.999999999974,14.791218,3.5952272,20.648197,1.1921716,18.270482234937443,1.6222704641040993,19.568807660427094,2.088639383621385,1.2859666215505621e-08,4859.999999962238
1998-06-17,1444.293230853088,1968.3219577783616,99.99999999996054,15.042358,3.6985855,20.676308,1.1400825,18.291897377620757,1.697833276091931,19.591246373726666,2.164202395672948,1.5504173588846297e-08,4859.999999946734
1998-06-18,1648.2818322408707,1958.7706274979569,99.99999999994435,15.457314,3.8183162,21.359104,1.4847593,18.662216777284513,1.9221061141186107,19.97926577482081,2.388478776224677,3.358358493693049e-07,4859.999999610898
1998-06-19,1270.084313167746,1418.6270370554305,99.99999999959341,15.594587,3.8243265,20.8542,1.217274,18.3696822644757,1.9172959240329672,19.67274911227894,2.3836657747047547,3.027716102485858e-08,4859.999999580621
1998-06-20,969.4736841991909,1058.8646037548187,99.98034573535156,15.6889515,3.8682876,20.179682,1.085955,18.033272147655094,1.9338640236581948,19.320259741834764,2.4002307621965606,1.590788140670042e-09,4859.99999957903
1998-06-21,613.6767577621495,825.145403571635,99.9999999995601,15.072214,3.7096825,18.215185,1.0291858,16.874666282199843,1.6887311174469084,18.106276476506775,2.1550881280866414,1.4140578189129421e-12,4859.999999579029
1998-06-22,969.4736842031894,650.270400495358,99.60303088214776,15.617662,3.8679445,21.984657,1.2742441,18.173787397474626,2.3709467609334225,19.46749114026832,2.837314783641623,5.589337717388022e-09,4859.999999573439
1998-06-23,387.78947370360135,394.623870495358,99.77372776970921,14.379982,3.5423899,18.949,1.0649276,16.68444593069671,1.8360439503902963,17.906964242437535,2.3023995106048907,1.3855775792062207e-12,4859.999999573437
1998-06-24,389.07476392226795,431.4770304953581,99.99999999955428,14.13567,3.4611814,20.770887,1.1216162,17.624716999310582,1.743921513907647,18.892177053975296,2.2102846469181823,3.498184732708181e-11,4859.999999573402
1998-06-25,969.4738997144143,483.932520495358,99.47155534290015,15.26877,3.7711413,28.146162,7.720682,19.55648258236242,3.5966968268271278,20.916274428486712,4.063078690154364,0.00021551681421774573,4859.999784056588
1998-06-26,387.78947771600787,510.219710495358,99.46066940198229,13.85796,3.4369051,22.883368,1.3246455,18.985903882795782,1.6640882381547262,20.318424017506498,2.1304641251304486,4.0124078694627345e-06,4859.999780044181
1998-06-27,387.8132701564016,477.21111049535807,99.43098067713466,13.591047,3.2828507,25.887644,1.6968805,20.37475490871841,1.7442735875808577,21.7736573749185,2.2106646713620086,0.023796452801578806,4859.975983591379
1998-06-28,388.5107719400502,495.5816704953582,99.35753793522137,13.0691395,3.1479077,27.467417,2.066149,21.140153285851923,1.8041662850422253,22.575639178095532,2.2705666864249676,0.7212982364502115,4859.254685354929
1998-06-29,405.6378893685272,737.6125404953581,99.26792090174926,12.637032,3.027798,26.653555,1.7344831,21.68033749699175,1.551266732210521,23.14164234800049,2.017674112692983,4.695555664927241,4854.559129690002
1998-06-30,904.0835261373726,799.3312304953577,99.99431466007313,12.1194935,2.6382923,29.746037,1.4440572,20.390788708818157,1.5556118120431364,21.790457535854213,2.022003084143719,0.0243906942577663,4854.534738995744
1998-07-01,1545.6811166539767,1808.1448359051496,99.99428917345428,14.017822,3.1803699,22.107141,1.1396526,18.379008861778427,1.589309965914126,19.68252148905136,2.0556799047099945,3.251849041788466e-08,4854.534738963226
1998-07-02,1034.2753260361326,1370.2624204953577,99.97039611468372,15.0664215,3.553348,23.230377,1.4012779,19.718775874465155,1.7244503078892597,21.086324785180093,2.190833939106766,0.0006018385325547379,4854.534137124693
1998-07-03,489.07273683690954,1126.7274162518215,99.99428854453991,13.690393,3.269313,20.702782,1.1631713,18.580261824438132,1.279497774186654,19.893393655377363,1.7458696387887505,1.716162343017971e-07,4854.534136953077
1998-07-04,993.7219245118155,1040.6902828368698,99.58148191002594,14.577766,3.4317908,26.218636,2.5418725,20.53257702894393,2.121471279474918,21.93902285300287,2.587864229693328,0.054080314215529356,4854.480056638861
1998-07-05,443.76457370556517,1186.6582570414598,99.7632499620601,13.032215,3.051089,19.940691,1.0666313,18.06035860797055,1.1367925430925687,19.34864084236287,1.6031595274176282,1.9652583758830875e-09,4854.480056636896
1998-07-06,387.7894737056358,1018.7136232681984,99.57962964769953,12.328375,2.8408,20.244404,1.0413538,18.06186139237436,1.0873575914724456,19.350215454724168,1.5537245894585658,2.0359245264370567e-09,4854.4800566348595
1998-07-07,394.6454837058244,943.998857068048,99.33999323454512,12.295906,2.8134243,20.486238,0.98447967,18.071648137521837,1.081629635524322,19.36046997283538,1.5479967225400155,2.2244964649895872e-09,4854.480056632635
1998-07-08,1511.3525590891597,1395.819209238335,99.99423203409889,13.395578,2.933348,23.804342,0.9997148,18.393133992942925,1.5987177269099382,19.697321753201177,2.065087799359119,3.4470313918023706e-08,4854.480056598164
1998-07-09,3648.7588697094498,3240.5856391688376,99.99423203406288,14.83536,3.5980773,20.018532,1.0441858,17.273401894968828,1.9679050761543604,18.52407028855661,2.434265261420742,2.540633150593827e-12,4854.480056598161
1998-07-10,2017.3246082060118,1519.7297566771529,99.99423203406286,16.050997,3.9298205,22.165024,1.1303723,18.677947865092115,2.2933519142228973,19.99574875485158,2.759724730286833,3.852436601366537e-07,4854.480056212918
1998-07-11,1344.2594999634719,841.1148997724983,99.99423203366031,15.895645,3.8187642,23.685425,1.6778184,18.89380405723541,2.436132051844396,20.221922135111846,2.9025070090421696,2.0593067220245406e-06,4854.480054153611
1998-07-12,1022.3862683062916,686.0017947837579,99.99423203150847,15.663914,3.764944,22.678246,1.8810793,18.48051278884731,2.376375345287082,19.78887695686032,2.842746249593571,7.723618780305882e-08,4854.4800540763745
1998-07-13,969.4736843400424,962.397586418566,99.8131020918338,15.579987,3.7997766,21.551012,1.0754831,18.55456390813027,1.980686224321378,19.866467466513917,2.447057840438637,1.424423403589195e-07,4854.480053933932
1998-07-14,476.6305798147381,946.3932070363436,99.99423203127893,13.946936,3.3829494,19.277729,0.9805918,17.492221888717005,1.3073629589170164,18.753349130007223,1.773724963636956,1.0587769413649405e-11,4854.480053933921
1998-07-15,969.4748029716459,1005.4827221611204,99.54755267459159,14.72403,3.496956,24.727114,1.4658703,19.8167609978055,1.8718104201938714,21.188993262470717,2.3381951333613067,0.0011187740457795589,4854.478935159876
1998-07-16,387.7894737036149,820.3281460126378,99.62974349959526,12.7280655,2.9837055,19.804811,0.9483484,17.53327139164403,1.1540822156807813,18.79636065885345,1.620444567820267,1.4943976018274833e-11,4854.478935159861
1998-07-17,387.7894744267766,849.2623132242472,99.50367153092643,12.213099,2.8003824,21.751112,0.9704605,18.761147244721364,1.1020512623813599,20.082924780424257,1.568424897411449,7.231766492017215e-07,4854.4789344366845
1998-07-18,387.7894737048075,818.2494633062573,99.27904396462431,10.9903755,2.4871619,21.329977,0.98503107,18.005384016639773,1.0422020694705987,19.29103865348772,1.5085685558243713,1.20751709402183e-09,4854.478934435477
1998-07-19,387.7894737136409,677.6056728088329,98.98068753571968,10.090567,2.2406874,22.91292,1.014708,18.245756196407054,1.0400339454601488,19.542899801776684,1.5064026346350805,1.0040743321436097e-08,4854.478934425436
1998-07-20,387.7894747540403,559.4541472223807,98.70658903353304,9.706642,2.177925,25.125813,1.0464576,18.81340055545761,1.084879821889561,20.137675620794685,1.5512539753173935,1.0504403897031259e-06,4854.478933374996
1998-07-21,387.78955515481806,447.3961304953579,98.46084768709521,9.386213,2.099658,28.11492,1.6450337,19.418893338386173,1.3141477140822073,20.7721088889737,1.7805281022136088,8.14512181343025e-05,4854.478851923778
1998-07-22,387.79616335661063,468.0230404953578,98.19961949612185,9.249195,1.9038565,29.170734,1.6397091,20.143715057854713,1.2443175156973387,21.53157460895374,1.710705918513343,0.0066896530106856115,4854.4721622707675
1998-07-23,387.81854423390246,415.1356404953579,97.99442096322353,8.945539,1.9027234,31.149714,5.6362605,20.42532772118473,3.0554834616013324,21.8266473949462,3.5218751403664417,0.029070530302494648,4854.443091740465
1998-07-24,387.7895392449103,385.85843049535794,97.78474408799087,8.833843,1.7671542,29.996618,3.1575723,19.38881846687065,1.806861521529034,20.74059654140554,2.2732415900883547,6.554131036338762e-05,4854.443026199155
1998-07-25,387.7930085381163,385.41310789908346,97.55014781947133,8.660597,1.6937696,29.425909,1.9153175,19.011295502608732,1.2779315819541335,20.3450292699496,1.7443077269722123,4.510711799524576e-06,4854.443021688443
1998-07-26,387.79173661614294,380.2311516619231,97.29607487405515,8.979074,1.6974677,28.573465,1.4973847,18.67982370082459,1.1332077698207108,19.99771424911984,1.5995806042620615,3.574107077909443e-07,4854.4430213310325
1998-07-27,387.7909334722388,383.5780498983951,97.0269912476904,8.902716,1.6662595,29.664093,1.7235522,19.226709521068745,1.1984472428349064,20.570739342136015,1.6648256066549256,2.1392402527199077e-05,4854.44299993863
1998-07-28,387.7914115432521,401.73648230757794,96.74695830308845,8.911032,1.678431,30.194242,1.7787724,19.74059491803317,1.2242632508187226,21.10918670444599,1.6906471220116253,0.0006329454538837319,4854.442366993177
1998-07-29,387.79403767845787,422.90917288449816,96.45711498162257,8.92282,1.6942233,30.304895,1.8203315,20.076933786594335,1.2483985947462999,21.461601421207472,1.7147862340085673,0.004563974857929654,4854.437803018319
1998-07-30,387.81700750903457,471.0878744782956,96.16060538321885,8.866848,1.6575636,29.923649,1.7580302,20.415977307814714,1.2206145336996503,21.816850063779885,1.6870061022377572,0.027533805434633667,4854.4102692128845
1998-07-31,387.79144787809025,467.3605193023732,95.85546143807481,8.652739,1.6113725,29.290293,1.6803495,19.931643845999396,1.1735921397076592,21.30936711810091,1.6399781353900302,0.0019741744903433406,4854.4082950383945
1998-08-01,387.7895738344909,458.5667012795007,95.54334165955702,8.636969,1.54176,28.601282,1.5713959,19.453890111856868,1.1063036447868948,20.80877838858581,1.5726844060918816,0.00010013089065823562,4854.4081949075035
1998-08-02,387.7915425807324,393.8283391191434,95.22265863478749,8.639246,1.4935263,29.489197,1.7120512,19.144738084507885,1.1371970462990033,20.484849951112885,1.6035745595452044,1.194973755401976e-05,4854.408182957766
1998-08-03,394.26191336063255,407.0671144103975,94.89538490002346,8.623024,1.3835061,30.745193,1.9671565,19.86086436023345,1.209108342040272,21.23520461486292,1.6754935457787787,0.0013102370231413644,4854.406872720743
1998-08-04,390.6099491933612,421.7035402026794,94.56297495376519,8.527109,1.2878399,31.362478,2.113887,20.381837796170476,1.2600742003144363,21.781078800179134,1.7264653672489396,0.02310728858690876,4854.383765432156
1998-08-05,390.1389911434839,429.92953092875496,94.22629568559576,8.342886,1.2711236,30.207012,2.0114794,19.805383641289318,1.2156247869606163,21.17707210720461,1.6820093739361628,0.0009311447681277367,4854.382834287388
1998-08-06,386.5920400873182,436.8091491291728,93.6567616534748,8.49898,1.3210801,28.11108,1.6708732,18.90307551640689,1.0818502440583442,20.231636738338825,1.5482252944154882,1.985271283692727e-06,4854.382832302116
1998-08-07,352.06373194219185,491.7521965539582,93.13828175753225,8.508732,1.2151593,26.87389,1.6207137,19.211429576740777,1.0719794489339667,20.554729068701047,1.5383576536195616,1.9097044393587585e-05,4854.382813205072
1998-08-08,399.1323253141054,555.057048180033,92.56357086973948,8.419346,1.0913324,27.781801,1.763545,19.68258942207927,1.1228477165650883,21.048408744067363,1.589230950988141,0.00043762932810542714,4854.382375575744
1998-08-09,458.0640701774283,631.4293098195093,91.9399909854642,8.327555,1.0209469,27.156183,1.6967741,19.239918322552604,1.072986283979452,20.584579479178775,1.53936478557892,2.3133653702970895e-05,4854.38235244209
1998-08-10,452.6414081610482,627.4384790972758,91.32259963658555,8.245613,0.97141945,25.218727,1.3676904,18.10561046307636,0.8927432182921274,19.396055581457006,1.3591106151110703,2.795272219879456e-09,4854.382352439296
1998-08-11,354.252473088968,494.89789298737605,90.82692027833909,8.2763,0.9511304,24.115635,1.4019574,17.50770817332492,0.9083343875465368,18.76957560608218,1.3746965231071904,1.1048951422825095e-11,4854.382352439285
1998-08-12,325.37497790144107,463.19577748793273,90.34326201243107,8.21594,0.9309569,24.384657,1.6531845,17.713225439303745,1.0442731296546308,18.984915894849163,1.5106370275620478,7.326818970346998e-11,4854.382352439211
1998-08-13,418.0971684403525,577.1623852139085,89.75066185117075,8.242367,0.8869789,25.115526,1.8077471,18.02730469424366,1.1125827996032251,19.314007064548985,1.5789494841047815,1.3481075814686989e-09,4854.382352437863
1998-08-14,456.9519675744089,625.7160780642885,89.13123632002895,7.985798,0.90864605,23.48622,1.5525781,16.944095860338837,0.9758147344020687,18.179024551147673,1.4421722847484542,1.2980860223138411e-12,4854.382352437862
1998-08-15,427.0535087822807,586.8015370856215,88.53730881502248,8.142227,0.93058264,22.276121,1.5432501,16.322677364871012,0.9754300119241155,17.527904375809346,1.4417829278470504,1.2908341312746529e-12,4854.382352437861
1998-08-16,455.91466108679276,626.6305761566426,87.91300437080798,8.304314,0.8889394,23.43825,1.804326,17.064582204606207,1.1095037581679181,18.30526973080906,1.5758622581915345,1.3832792906276765e-12,4854.3823524378595
1998-08-17,440.1888756397198,604.3276830983231,87.30329971199336,8.111988,0.9655321,22.124327,1.521901,16.219130145208986,0.9700003437010623,17.419407953005937,1.4363525303123814,1.2916169921774636e-12,4854.382352437859
1998-08-18,323.42539223797183,458.236965674869,86.81504435568353,8.086128,0.9589034,21.88344,1.8518884,16.17458000925752,1.1558691837443995,17.372728472843015,1.6222210603494962,1.2913744041719043e-12,4854.382352437858
1998-08-19,278.34988668394413,374.3204732906104,86.37377898421057,8.201771,1.0062281,20.742231,1.9274585,15.393994345713022,1.185812669940025,16.554833482879694,1.6521594830698847,1.3115038930725145e-12,4854.382352437857
1998-08-20,313.3449829753416,420.6734777895595,85.85100758526572,8.217546,0.9805295,19.89657,1.8003365,14.910914270000129,1.1134633738556927,16.04866383087435,1.579807402432644,1.3210044314590183e-12,4854.382352437856
1998-08-21,387.75764693422707,527.7472166777878,85.26503095644455,8.225166,0.93877786,20.646542,1.7612818,15.385528312377565,1.0903809100774255,16.54596280209049,1.5567276721099914,1.3126606371959961e-12,4854.382352437855
1998-08-22,422.0822899529491,575.3923741586747,84.66388444631032,8.32105,0.89794755,21.348558,1.644578,15.835956534981804,1.0219375229843684,17.01791995402336,1.4882871174407037,1.3085262329214949e-12,4854.382352437854
1998-08-23,443.0052025902874,604.7719819617964,84.04040292037179,8.351894,0.9038311,21.857433,1.6006831,16.14722689103929,0.9998187952206109,17.34406796907591,1.466170482611144,1.3037375591084004e-12,4854.382352437853
1998-08-24,476.7717619424532,609.1430028195093,83.39988830907986,8.478887,0.86218786,22.45175,1.6385174,16.316952834002098,0.9940253982402231,17.521906231933226,1.460378273523502,1.3063529796818502e-12,4854.382352437852
1998-08-25,519.6288141906492,604.2627378195093,82.72330397116315,8.35571,0.82659185,23.385098,1.621452,16.43629289952621,0.9518674342849779,17.646950344645788,1.418221164541709,1.2984921101110366e-12,4854.382352437851
1998-08-26,287.9685594574346,384.45911440453335,82.22677725655862,8.594061,0.8765347,22.282629,1.6524674,16.420471052578506,1.0166344892711454,17.63037226749826,1.4829881052408183,1.3095711924995787e-12,4854.38235243785
1998-08-27,285.4228229654598,367.69423838911086,81.72783349943745,8.827076,0.9139029,23.257864,1.8170274,16.951373931385287,1.0981590673162729,18.1866504891113,1.5645166745575283,1.3382771436065803e-12,4854.3823524378495
1998-08-28,305.0619482674306,385.6957133048951,81.20908042004372,8.94273,0.9303978,24.15638,1.8927406,17.437517367648937,1.1339094154156717,18.696029919830153,1.600270960142851,6.10772956654787e-12,4854.382352437843
1998-08-29,450.7363757748392,593.8963789520851,80.55426105477306,8.902233,1.0401156,22.891123,1.5401598,16.85522033135113,0.9839260024516964,18.08590107568015,1.4502828629177114,1.3237315551194727e-12,4854.382352437842
1998-08-30,538.9749235167501,594.0899118195093,79.88059037993688,9.030287,0.9540304,22.824242,1.6014951,16.262749719975776,0.9544830246324643,17.465112394340522,1.420835516973753,1.3325858172253836e-12,4854.382352437841
1998-08-31,317.9031830814325,402.2621300762642,79.36286582702779,9.077753,1.05683,21.654034,1.8672056,16.102475485187256,1.1425459563302183,17.297177598999173,1.6088973359990488,0.0,4854.38235243784
1998-09-01,330.6992167069062,420.6506945495596,78.84216062844722,9.240421,1.1407243,20.976854,1.9317094,15.811179647956449,1.1923490386761244,16.991958816493742,1.6586984712975426,,
1998-09-02,308.69836763805046,410.8654201430208,78.36513824170015,9.301495,1.335334,20.200699,1.5976452,15.524856878632509,1.077202789697297,16.69195079754154,1.5435504030825793,,
1998-09-03,268.41168300165486,368.3816310257345,77.94297591887525,9.601242,1.3835379,20.951242,2.0265853,16.167158447662136,1.3094024099732744,17.364952185972708,1.7757542351553057,,
1998-09-04,310.5724733237186,416.7619854808489,77.44496375452677,9.54529,1.3221378,22.000265,1.6280394,16.681979449830987,1.0903937577793852,17.90437987221767,1.5567492994588796,,
1998-09-05,334.9652677271933,436.9073320479154,76.9185747935635,9.520863,1.3386421,22.308678,1.5583202,16.759220537727547,1.0561768767077135,17.98531282008024,1.5225330021407253,,
1998-09-06,338.1406646657896,435.7659450530534,76.39470889165142,9.502409,1.2481769,23.34792,1.6729004,17.29844261704321,1.088447605005768,18.550307871548725,1.554807995707298,,
1998-09-07,286.3377477668593,377.7057389994421,75.96378436014436,9.503588,1.3225236,24.787672,1.6367965,18.19712433308901,1.0917804509717524,19.49194350163175,1.5581486891426457,,
1998-09-08,162.64385617389777,240.69938697386627,75.67244137159828,9.709013,1.5000515,24.567816,3.9225543,18.57616220560344,2.417715126757314,19.889098088776215,2.8840869516677072,,
1998-09-09,240.2489670249093,383.405829866476,75.31774601759096,10.127874,1.5901815,21.643621,2.0862596,17.207439197803566,1.42135674283248,18.45495479994905,1.8877163903704008,,
1998-09-10,282.04593483867586,415.8143496626336,74.95590288524295,10.337093,1.6776686,19.596039,1.7476122,15.853960371830253,1.2425979157462563,17.036784312730124,1.7089476282384788,,
1998-09-11,301.75809569711976,417.6351079735581,74.59531915081185,10.403038,1.7313521,21.917368,1.7086451,17.087544343262856,1.2293702694411042,18.32932938120135,1.69572895233644,,
1998-09-12,320.31543107309204,430.8209946581033,74.17453455961673,10.386091,1.7297627,24.716408,1.6217592,18.605372065419196,1.187156284519048,19.919704080042255,1.6535283926529096,,
1998-09-13,282.3309852250107,369.596419467911,73.66377179720435,10.422842,1.7292156,25.392515,1.6097188,18.9095808244448,1.1805265213477858,20.238452977863663,1.6469016371287664,,
1998-09-14,354.8276039991156,471.75615991652455,73.0242542154715,10.314947,1.6783231,25.856216,1.4440951,19.184815913986238,1.0946872731409292,20.526843363841095,1.5610652012934476,,
1998-09-15,348.0581603114893,460.2152858547936,72.47303864068762,10.213713,1.623452,26.827133,1.620262,19.673073375779513,1.1575048535810917,21.038437863283452,1.623887983906701,,
1998-09-16,330.66618745736866,446.65543616358974,71.9675702926619,10.605751,1.7035065,27.397457,2.2414188,20.254404281644444,1.4778065930479014,21.647554399268436,1.9441962726759097,,
1998-09-17,307.7265116045416,483.3295122862213,71.4489218364533,10.575567,1.7292582,24.259275,1.9451834,18.936214034637548,1.3656619963525194,20.26635916446255,1.8320373804881025,,
1998-09-18,315.18033212006776,487.8111413747389,70.91568763570008,10.63291,1.7618172,23.283808,1.9477361,18.318232952686305,1.370493979876843,19.618840699256687,1.836863346208066,,
1998-09-19,320.68419209088825,486.975343660128,70.37653816363849,10.663759,1.7997572,23.145342,2.067696,18.1894835340289,1.4369894754536732,19.483937498495326,1.903357643010866,,
1998-09-20,281.5664357254973,427.9367154080201,69.88634226073688,10.721624,1.8050545,23.71178,2.156872,18.556635052963614,1.485100183337796,19.86863760499044,1.951471819453918,,
1998-09-21,317.40741595002123,483.2689077097692,69.31351140514516,10.824224,1.8249116,24.205236,2.0924466,18.900680393459147,1.4554749400707674,20.229127136701496,1.9218499663523647,,
1998-09-22,317.9927452151473,490.782079869337,68.67968375792532,11.376669,1.938617,24.788942,1.7397083,19.515526909179638,1.302102066335847,20.873361214125758,1.7684834882844531,,
1998-09-23,312.0486050586072,487.0508841750173,68.12051969378055,11.517017,1.7708634,21.850348,1.7872868,17.815178802458657,1.2903056312653036,19.091742280252745,1.7566704213643975,,
1998-09-24,322.57853242851934,493.8062481589365,67.58574691237196,11.675001,1.7965796,16.868462,1.9205173,14.81636694140506,1.3613940701619722,15.949597463166311,1.8277375849824755,,
1998-09-25,322.4171553461988,488.4074622870447,67.06022692258937,12.102346,1.8368075,14.919995,1.3905249,13.799582435201293,1.1113213751834436,14.88421413326996,1.5776600111251446,,
1998-09-26,270.26197869153333,405.9966045317112,66.57269123899427,11.499142,1.9677789,17.007877,1.744273,14.806349952474498,1.3095948899946117,15.939101696406233,1.7759383509832114,,
1998-09-27,275.1311074165715,420.2021997851125,66.08237976907402,11.579639,2.3557262,19.718452,1.4217371,16.49806790461162,1.267690030715075,17.711677983806986,1.7340442099365128,,
1998-09-28,329.708813692443,505.9886105016839,65.54263059184706,11.826584,1.9337587,20.560568,2.6558506,17.114737561344636,1.779841072927032,18.357822342152076,2.246199973170486,,
1998-09-29,372.2031985771785,547.8896778688858,64.8275006966622,11.955362,1.9167979,17.634115,1.6543461,15.336901484384756,1.253673714172547,16.495011777942118,1.72002018430228,,
1998-09-30,361.2652155039157,526.2263661962564,64.16914782187632,12.7785,1.9368012,15.377089,1.4635689,14.31929846284645,1.1724585002010477,15.428770810476193,1.6387994821883174,,
1998-10-01,292.8702774533328,436.7682715965511,63.743212327779766,12.330002,1.8253,15.209725,1.42838,14.053830538792296,1.1260037680866748,15.15061442710895,1.5923435131302033,,
1998-10-02,334.644670404331,500.9625071523464,63.22260433995185,12.411467,1.743219,13.160735,1.0581453,12.860667433905771,0.9433003790340939,13.900422204432884,1.4096355598114825,,
1998-10-03,332.9803651509827,508.920722991267,62.73228796440252,12.74807,1.7772475,11.971986,0.95914096,12.278934839165597,0.9111823253388155,13.290884780217525,1.3775158712507043,,
1998-10-04,320.61542612925183,498.9144217671303,62.2600334258371,12.454441,1.8175831,12.846434,1.1563227,12.693078804602017,1.000583033825248,13.72482341152148,1.4669177039303136,,
1998-10-05,271.8418832857528,426.65126885115376,61.84302632521086,12.235489,1.8321129,13.656529,1.1147817,13.103484154662326,0.9859364066803734,14.154844734414166,1.4522723843524974,,
1998-10-06,296.5325139285736,446.5191372056596,61.396788653333026,12.332962,1.8046122,14.176041,1.0256596,13.440516095057683,0.9479092227722892,14.507985649474367,1.4142464183011505,,
1998-10-07,350.2568139437044,526.7146258767339,60.815870752989554,13.093676,1.8623565,13.699333,0.95190126,13.457437407533533,0.9381469612109248,14.52571574284395,1.404484221309656,,
1998-10-08,239.70302142639687,346.8865809660491,60.64228302129945,12.411957,2.3035355,13.479295,1.3072501,13.043139516072351,1.2180673985269437,14.091615828377417,1.684403171858352,,
1998-10-09,142.00192340719784,303.1148704953604,60.49093855927927,13.025417,2.0454195,15.192897,1.6559023,14.5014238086818,1.3028264829905585,15.619601125278122,1.769168360204438,,
1998-10-10,209.65995740719788,446.9639304953604,60.34866406935934,13.598431,2.043934,15.687166,0.7644279,15.020233102204806,0.8346756250619984,16.16320772957068,1.3010202604058858,,
1998-10-11,153.02646165436428,396.5718557370571,60.20453145924412,13.371035,2.0193598,15.635411,1.0055549,15.00493344961498,0.9179280714247301,16.147176805886303,1.3842726210263403,,
1998-10-12,221.1107773206466,446.0722447068863,59.87275251815274,13.657494,1.9946809,15.821199,0.785546,15.104126797995125,0.844298131438932,16.251111257243522,1.310643241698338,,
1998-10-13,277.2422968326358,490.5286177275955,59.42009396529535,13.645319,2.1039066,15.753932,0.8624774,14.992511236701205,0.9385189011301154,16.13416085365846,1.4048633813121116,,
1998-10-14,118.14472790384843,406.1860323533359,59.25215733793849,13.275839,1.9206461,14.825938,0.7783877,14.47666238116071,0.74222326950442,15.593656186164228,1.2085650227766875,,
1998-10-15,123.29584759073836,382.54168989881487,59.03777343123936,13.283102,1.7782941,13.109805,0.7268107,13.152045530353577,0.6999997338433868,14.2057271778647,1.16633587897982,,
1998-10-16,214.17136602056476,443.2789589882574,58.65827060925778,13.145763,1.825312,12.294959,0.81497943,12.572117537021024,0.809634009900872,13.598080608835524,1.2759683313758403,,
1998-10-17,241.25524683239507,449.14942085681406,58.28683536595361,13.302557,1.9562252,12.364824,0.9634096,12.692505934164561,0.9274208424534818,13.724223159835375,1.3937555108680009,,
1998-10-18,251.81867010405745,470.4120172485114,57.837557000919126,13.281387,2.1160314,13.888319,0.9246361,13.67670140801266,0.952384746988893,14.75545981302949,1.4187228733901043,,
1998-10-19,234.7126868797731,436.3436122532886,57.409895889496966,13.478291,1.9739211,14.7697935,0.85704386,14.318069670717728,0.8872579172105682,15.427483286284133,1.3535988932866219,,
1998-10-20,206.51028018985505,385.2497951693939,56.964151791058356,13.437119,1.8479415,13.460475,0.9027245,13.452324123229063,0.8725054914983017,14.520358061028615,1.3388427320507736,,
1998-10-21,236.99875888938425,414.2424659288107,56.51895312341632,13.345291,1.7224079,10.822662,0.74590594,11.740693749878968,0.7861348011462037,12.726917606748115,1.2524671791564244,,
1998-10-22,251.1596959660464,431.6281028227263,56.100782661975835,13.169628,1.6348397,8.697077,0.780871,10.342279945817383,0.7780195005141307,11.261664403090837,1.2443503929838629,,
1998-10-23,253.785400319095,440.8943959961369,55.66989583760703,13.000494,1.6349123,8.541867,1.0025511,10.170724723872862,0.872701719361477,11.081909427969556,1.3390325836177797,,
1998-10-24,264.2058986704324,454.6723702789031,55.21272336436765,13.216015,1.7871217,9.4648075,1.1811668,10.84347084220748,0.9947353018209871,11.786810511093009,1.4610664695413063,,
1998-10-25,262.5302031994317,456.5472678595342,54.706653408279934,13.379429,1.7966951,10.982695,1.0654178,11.857725692401672,0.9422618312227192,12.849543276069722,1.4085944349836388,,
1998-10-26,264.0644772768162,454.0825148652304,54.1878617489294,13.708199,1.7622236,11.368978,0.9450793,12.229115063852255,0.8814543938010797,13.238683789944588,1.3477878176959879,,
1998-10-27,265.9681425957107,455.3300853428679,53.668864970240016,13.614363,1.6908488,10.783197,0.9485231,11.827148088960529,0.8644341481104755,12.817504167708401,1.3307666913764096,,
1998-10-28,266.53253420500835,450.6870160494863,53.13976045779884,13.419357,1.6360023,10.022077,0.99527943,11.284571239257625,0.8722216478031747,12.248993999295873,1.3385532954753798,,
1998-10-29,250.316022523222,434.72954231610896,52.63168738523637,12.839178,1.4377077,9.264513,0.8873811,10.57069757922183,0.7701288019997039,11.500999618565398,1.2364597842825804,,
1998-10-30,264.4943416297023,449.7007974418007,52.09764542136952,12.485523,1.3336028,7.9473743,0.9387479,9.628028039996277,0.7702683758866236,10.513273697719479,1.2365993725697677,,
1998-10-31,269.5995341584579,454.733975400304,51.633087705762456,12.269871,1.2650795,7.1081142,1.0159576,9.029338559328302,0.7927945610439141,9.885968906393185,1.2591260946092555,,
1998-11-01,270.1187985423486,452.61331795958034,51.15946695193817,12.190411,1.2342457,6.859338,1.0619272,8.851809081705618,0.8093610944508963,9.699954126594296,1.2756928660251032,,
1998-11-02,272.14610516378417,454.0990994321714,50.68048018447424,11.958508,1.1680739,6.6312866,1.0582346,8.627557873096862,0.7933570821992418,9.46498447677845,1.259689205947673,,
1998-11-03,276.07562132298085,459.0122464866907,50.194241239728434,11.612869,1.0966752,5.6271935,1.0469443,7.875222892218331,0.7726739508637139,8.676690455542403,1.2390076762872877,,
1998-11-04,277.5634641929196,457.26332074340417,49.70808309132038,11.202015,1.0355412,4.0013294,1.1499493,6.7212183172036575,0.815511168512577,7.467528406609325,1.2818486088283765,,
1998-11-05,296.88487418914093,482.71313423313455,49.17577509641817,11.236046,1.0220523,2.6643183,1.3567655,5.928585570055184,0.925868037456578,6.637010523626654,1.3922089117335223,,
1998-11-06,279.589054645294,457.0563521114509,48.68929766598352,11.098986,1.0153247,2.557968,1.6274134,5.799656592062922,1.080775327312834,6.5019191812080255,1.5471168281007157,,
1998-11-07,291.1010830788983,473.05123923046153,48.17363034676765,11.110775,1.0588727,3.204111,1.9362003,6.216126316730922,1.2646661600685514,6.938294735084622,1.7310057055651957,,
1998-11-08,257.41303558989216,428.0487151044566,47.710483881303546,11.134956,1.0002177,3.8018923,1.4586681,6.555694783653022,0.9852961696232867,7.294093413968863,1.4516342676848055,,
1998-11-09,257.3191349521656,431.32800726946175,47.24744572214398,11.071907,1.0270269,4.438079,1.8279512,6.916867827077989,1.2075239212148985,7.672529294261257,1.6738606244824203,,
1998-11-10,339.8024283584253,551.3449359921044,46.646258909112355,11.053247,1.0875102,4.998108,1.880499,7.306986556499076,1.2351390712476409,8.081294365394509,1.7014744355479778,,
1998-11-11,223.94851118303887,396.6558219377713,46.29409133151377,11.098093,1.0417384,5.671246,1.3172767,7.62955384463356,0.9220411924020564,8.419279267260707,1.3883755810529022,,
1998-11-12,237.04223513897097,416.0829797657091,45.89096330235481,10.583704,0.9685113,6.1516466,1.2821819,7.760196956037853,0.8892540949783959,8.55616667280899,1.3555881223411288,,
1998-11-13,223.56610352905523,388.6588300404121,45.67905080440313,10.288538,0.92902005,5.1090264,1.2560022,7.0004280252639735,0.8665186172538341,7.760083384284283,1.3328550190766066,,
1998-11-14,221.20254603666288,377.5058967234738,45.32647218674819,10.02739,0.9210736,4.7640853,1.3987625,6.708698419799365,0.9453431370730968,7.454410100906235,1.411680626044122,,
1998-11-15,293.3529632032816,493.9142346624248,44.79935656194348,10.113907,0.9283955,4.6452465,1.3496447,6.6829888683399155,0.9146798904800996,7.427471720770729,1.3810174799264703,,
1998-11-16,270.0614820489516,456.44130173412367,44.34942591027385,9.586794,0.90883553,4.7208667,1.3144118,6.529668443530393,0.8922412927531774,7.266823103754964,1.3585794970872629,,
1998-11-17,293.8700952825647,494.4172492905966,43.778878764155735,9.537462,0.93781304,4.370555,1.3506798,6.296755508229451,0.9164583272453722,7.022777726319677,1.3827975171149356,,
1998-11-18,285.6114550807101,478.168496875749,43.36866610399177,9.032988,0.84859073,4.1277866,1.1512129,5.962060473419029,0.7874880124330358,6.672085412943058,1.2538287271525803,,
1998-11-19,272.8483764519804,461.0763314175813,42.97589273325936,9.064188,0.8638904,3.441903,1.3105005,5.532078424573076,0.8837257577714214,6.221551691982372,1.3500686194864038,,
1998-11-20,272.6696292321692,465.5554590892935,42.45541927368067,9.389332,0.9348946,4.529351,1.7482526,6.32442583249299,1.1553319931661354,7.051770597496741,1.6216710627052833,,
1998-11-21,263.1067601642178,472.06401618723305,42.02245326640689,8.750086,0.8983475,5.316594,1.2067918,6.545390082682504,0.8389480622115598,7.2832961835168115,1.3052862022573064,,
1998-11-22,254.779657550766,478.4647264755831,41.59943271331696,8.521024,0.82967764,3.759028,1.0924234,5.413673644502846,0.7689282637973236,6.097487568171278,1.235271753864527,,
1998-11-23,270.4853090782026,497.1335808344644,41.133334861266476,9.027935,0.85632867,3.4825373,1.3120041,5.436565038288464,0.9016815151816058,6.121473092329533,1.368024882518126,,
1998-11-24,285.76556743399965,509.44233958558254,40.571849443804126,8.905477,0.86852825,4.077855,1.471697,5.812707057293674,0.9931469253818562,6.515593414066024,1.4594883618881764,,
1998-11-25,278.6692956592077,495.3751941485491,40.17056872915692,8.415999,0.8443914,3.8462815,1.2708831,5.491458363759972,0.8682975419289011,6.178990131115134,1.3346406174002063,,
1998-11-26,181.503010545922,367.0739701424597,39.938792136791804,8.190244,0.9037168,3.653622,1.6332854,5.154615473579959,1.133058507357599,5.8260473022243335,1.599403428116002,,
1998-11-27,114.23515279221624,215.3558328038437,39.791925093138516,7.8381834,0.86317176,3.8467402,1.7137946,5.230161330892564,1.1590746269097483,5.905203993275887,1.625419122526015,,
1998-11-28,158.70753525134398,304.51976700702164,39.54123513520238,8.262514,0.8654065,3.7382503,1.4541004,5.288320301878383,1.0008347940052507,5.966142764268331,1.4671789667725843,,
1998-11-29,240.88345575691164,433.3698927737738,39.147504553058546,8.780413,0.927983,4.186461,1.8416084,5.8276941433070615,1.2292282013938658,6.53129683156006,1.6955695643198692,,
1998-11-30,242.5499784465328,435.4244516356798,39.00718368948449,8.870579,0.9514575,5.2567844,1.494322,6.5496440178249244,1.0182948655367532,7.2877534422176895,1.4846329882360614,,
1998-12-01,189.82592378134467,417.77889037333256,38.76197115503207,8.231422,0.9048788,5.8074875,1.1218907,6.564765372681983,0.8215633748992685,7.30359754614715,1.2879014361051782,,
1998-12-02,233.84140403594105,429.653996407221,38.42185781840083,8.137936,0.90097064,4.3908277,1.265187,5.711453226291318,0.8786692365723481,6.409499996060661,1.3450111769231634,,
1998-12-03,239.67612167841963,436.577266114369,38.08404039772945,8.523924,0.94684124,4.5062413,1.3913165,5.930178842116886,0.9588494400972892,6.638679948646577,1.4251903067508889,,
1998-12-04,243.07250423051937,438.261750192774,37.70812738385323,8.892599,0.98509574,5.716971,1.3313175,6.849906613268388,0.9256670766954704,7.602367563327015,1.3920040272905543,,
1998-12-05,237.92977319875013,428.66082078158,37.34646804332696,8.423603,1.0156832,6.6284513,1.2754606,7.269204522082575,0.8967520581258692,8.041706478884322,1.3630875444891195,,
1998-12-06,205.9259705892154,378.6454084528592,37.01897784159713,9.062532,1.0370011,6.880362,1.1559777,7.649071505236748,0.8331222402704433,8.439729805322942,1.2994565737056578,,
1998-12-07,204.716245384222,375.6408925726264,36.69047241685593,8.749727,1.0245469,7.7167487,1.3306744,8.081123464674858,0.9340399322843927,8.892432371526455,1.4003731550151692,,
1998-12-08,272.0451907268691,472.6880737224422,36.237046506824875,7.522339,1.0306449,5.3667274,1.1241326,6.154155245774996,0.8067331392599515,6.8733616587745106,1.2730729631428102,,
1998-12-09,230.72344390712053,414.5658742958144,35.90038231426755,6.8118157,0.92067164,3.5941362,1.1062306,4.744618781076873,0.7832334244773443,5.396454169323182,1.2495807663703564,,
1998-12-10,220.35337780738607,406.5098752656836,35.56778978350115,6.8971133,0.8776,2.3893538,1.1778718,3.97390994196008,0.8237732474126886,4.588908082232975,1.2901256608875218,,
1998-12-11,238.5316410263404,431.92474488216527,35.20975765177082,5.92147,0.8721676,1.422039,1.4486027,3.0228242798544964,0.9834602492678849,3.5923637766024377,1.449819857657034,,
1998-12-12,226.2533596054876,439.50365128037794,34.877830461786274,6.4875164,0.83991474,0.9582533,1.0965308,2.8373388272237032,0.7781262995121982,3.398012753386193,1.2444874316328192,,
1998-12-13,223.14795151758184,429.9954325873261,34.55109926867222,6.727068,0.8358206,1.1149216,1.2121369,3.032324391696723,0.8475615195388615,3.602317961316215,1.3139210509453665,,
1998-12-14,224.09707951716177,427.5351244477199,34.216791450564386,5.529373,0.81641906,0.6879853,1.2173718,2.352944269299282,0.8466274153464647,2.8904657914129452,1.3129927122191984,,
1998-12-15,210.4665239749808,400.0585064528075,33.90719719195264,6.340977,0.8096834,0.41552436,0.8693918,2.458207951607121,0.6343906712806477,3.000760717909202,1.1007550402933803,,
1998-12-16,222.9784113720974,421.5462398245634,33.559298578880366,6.62233,0.8197084,1.0035712,1.1537493,2.9474253736514173,0.8061279776347371,3.5133610604211185,1.272488200667072,,
1998-12-17,240.17355965185607,451.88226125426473,33.182725820663975,5.6241117,0.8760766,1.3027415,1.2410744,2.8024454735361037,0.8655251700146973,3.3614516166692887,1.3318865931751351,,
1998-12-18,232.1174230625183,438.5147226667483,32.84307143074419,5.0429273,0.8396708,0.5286292,1.291737,2.0911060859921498,0.8932450923770104,2.616112637992786,1.3596127522138444,,
1998-12-19,241.2983724994935,443.8668445169459,32.4769040076737,5.711975,0.8505077,-0.16041923,0.91163194,1.9076939208994244,0.6621924343650228,2.4239339983717496,1.1285617961007257,,
1998-12-20,234.34154442479743,436.6063375987315,32.13000152175043,6.0387053,0.8787841,0.5131117,1.5263819,2.443032322542812,1.0396055655145584,2.9848597456509123,1.5059700675131027,,
1998-12-21,237.90450728102675,453.8697658228043,31.793129501824495,6.1586432,0.96409273,1.6185875,2.0456598,3.17993455269117,1.3824939063517758,3.7569833834261033,1.8488522548831554,,
1998-12-22,196.7479306414607,454.4927998409,31.814969057725868,4.487957,1.0156915,1.220167,0.6053638,2.2074070617408776,0.5221538353389465,2.7379724028273054,0.988520435937569,,
1998-12-23,336.357758166389,407.07329595370345,31.680394696848218,2.9613214,0.9503232,-1.0756041,1.5903841,0.75086144204232,0.9711930351012729,1.211808881459278,1.4375740176372291,,
1998-12-24,318.2554733579491,452.6699552806069,31.450945024876525,3.3405704,0.9558592,-1.4062804,0.91034126,0.5533271168751647,0.664404720780495,1.0048330907864436,1.1307878405739182,,
1998-12-25,265.55436796914,461.1994668559656,31.207412625180332,2.9328632,0.95296395,-1.4669548,0.69949454,0.14072971297661438,0.5641797248137286,0.5725149413752105,1.0305674526951674,,
1998-12-26,257.6410619445124,452.9228091061953,30.947219430468888,2.9260616,0.9489749,-1.4576911,0.6621434,0.13179967877147095,0.5445445504307503,0.563158082060856,1.010932380199116,,
1998-12-27,252.48922973298977,445.35338386005344,30.683525735634486,2.93379,0.94446605,-1.447693,0.68540454,0.13758889963205745,0.5550726570783359,0.5692240078891171,1.0214604207843847,,
1998-12-28,224.9512701222411,379.7691050677297,30.491201269261776,3.511719,0.98635983,-1.2963918,0.7497196,0.49218794052713666,0.5969167445828414,0.9407716708027989,1.0633005349238356,,
1998-12-29,221.8690290491104,378.8138655737607,30.28184666320442,3.1490655,0.96165353,-1.3133625,0.91837025,0.3348858238460649,0.679405202763961,0.7759510506547579,1.1457907379694428,,
1998-12-30,212.1510376975566,367.1645552342932,30.079009548295744,2.330861,0.84814125,-1.3536872,0.70061827,-0.0043695480937322876,0.5418919149699933,0.4204804316227122,1.0082813096518477,,
1998-12-31,196.9570687832384,383.5082178592854,29.83454721233486,1.7068253,0.83001536,-1.3640188,0.65604097,-0.32205391637672254,0.5169013083910474,0.08761183648548165,0.9832944364588934,,
1999-01-01,109.16100219916189,296.9976745877355,29.767938371465945,1.3123145,0.83890885,-1.5133206,1.8077799,-0.7538903860179696,1.3410034331522587,-0.3648649402454928,1.8074018211360134,,
1999-01-02,68.13637838816794,278.2160098809917,29.70351743894099,1.2041713,0.8689918,-2.0857263,1.8933326,-1.4385192180467243,1.5304434739881758,-1.082216690158636,1.9968506379243656,,
1999-01-03,31.496191604800973,385.7998604953554,29.683456983558383,1.1538972,0.87110853,-2.3708653,2.3066292,-2.1048273730215343,2.1335453612502335,-1.7803720972807577,2.599961580822601,,
1999-01-04,25.85263160480099,491.8503204953553,29.75661912945237,1.1633381,0.84032106,-2.0744576,1.9409827,-1.9127712200689821,1.844532873575286,-1.5791363167281893,2.310946430895859,,
1999-01-05,25.85263160480099,359.5549304953553,29.779382369975966,1.1572162,0.86015856,-1.0293773,1.3863385,-0.8827035272987268,1.2946310857562453,-0.49983490935377467,1.7610310840118257,,
1999-01-06,124.44559983917355,386.0318373985635,29.646726017150097,1.1596582,0.85218996,-0.8788892,1.4215231,-0.3819264872448918,1.0948709025943018,0.024877561393958747,1.5612647471995738,,
1999-01-07,139.17430482336567,409.6286129531842,29.522057325804134,1.161445,0.84640616,-1.0198249,1.3527987,-0.46666322663644394,1.0322963174095692,-0.06390930448245657,1.4986911831242997,,
1999-01-08,81.20823183465836,409.9153708235043,29.444055231546386,1.1585507,0.8557947,-0.3498162,1.3420346,-0.10040482950868854,1.1290296323874216,0.31985499203630785,1.5954201434949906,,
1999-01-09,25.85263160480099,613.4538004953553,29.599789226859535,1.255392,0.8778809,1.248349,5.0457473,1.2486337602820223,4.841834718227211,1.733373014961291,5.308210512898803,,
1999-01-10,25.852631604800965,603.4045204953553,29.979506615821144,1.165607,0.8330857,-0.3645419,4.108051,-0.3016766911643823,3.939422833816277,0.10896302340691205,4.405815718950265,,
1999-01-11,25.852631604800965,551.8525204953553,30.18919828284773,1.1579382,0.85779476,1.3380206,1.7907766,1.3299617776175652,1.7110689767861025,1.8185882335195531,2.1774439507701184,,
1999-01-12,25.852631604800965,484.1028204953554,30.35490646759959,1.16198,0.8446818,1.2387488,2.0475688,1.2348569305208998,1.9442371189851684,1.7189376998313235,2.4106130534289596,,
1999-01-13,25.852631604800965,446.7423804953553,30.51029890846863,1.1599531,0.8512327,1.2275267,1.9407941,1.2238301508446494,1.835216583188759,1.707383877779709,2.3015926296606093,,
1999-01-14,25.852631604800965,414.6437904953554,30.65796363848095,1.1538285,0.8713368,2.9397268,6.979535,2.83491287591523,6.570106773754755,3.3954708498978743,7.036467926064808,,
1999-01-15,94.87474509553796,277.054419861548,30.865002368546108,1.1632817,0.8405018,2.6627295,58.99664,2.2802380400318576,43.94781557209485,2.81428445292035,44.414181517244145,,
1999-01-16,25.85263160480099,296.69665049535524,31.154283614437304,1.1635927,0.8395062,1.5397452,16.19236,1.509596229886488,14.894678442330585,2.0068085985572743,15.36105163041027,,
1999-01-17,25.852631604800965,461.7625304953553,31.430328406440573,1.322318,0.8477266,0.6867595,3.8896072,0.7204558387796529,3.683660251609066,1.1799499942970106,4.150041560218619,,
1999-01-18,25.85263160480099,429.9280304953552,32.62478283655316,2.3504443,0.976156,3.0404072,10.970211,3.0012713480814703,10.348110578459945,3.569780688365672,10.814470361882531,,
1999-01-19,25.8526316048054,4048.8752304953578,36.36985993330579,1.8829422,0.74766415,0.78995895,0.6202984,0.7968935257261333,0.6163810835414804,1.2600411413903714,1.0827615744350505,,
1999-01-20,25.852631604802728,3635.9926304953538,37.667918911939914,1.5495523,0.8605285,0.69242036,0.37780043,0.6984717159987557,0.3751823595043288,1.1569151055961509,0.8415639045328951,,
1999-01-21,32.315789505999426,2456.599530495356,38.602384245533706,1.7513819,0.84332734,0.88780344,0.44216692,0.8990160381910489,0.43656322471868386,1.3670447608627647,0.9029426335499364,,
1999-01-22,32.31578950599977,3053.522230495354,39.61809432483497,2.050479,0.7918148,1.234581,0.662139,1.2431253132076419,0.6552573497860466,1.7276012829464396,1.1216332003172984,,
1999-01-23,32.315789505999085,5541.153830495357,41.53454694086778,2.9757457,0.9357941,1.569072,1.1142954,1.5772281071729726,1.1078478038791615,2.0776730483900456,1.5742203291319072,,
1999-01-24,32.315789506001046,7413.647230495358,47.501158658817296,3.0949106,0.955324,2.3409824,1.3300246,2.3442545168429945,1.3242587457583361,2.88136069849368,1.790624119794165,,
1999-01-25,35.547368395197616,6309.753430495363,51.70392986506096,1.9614477,0.76183426,1.2719632,1.2093993,1.2758258386912926,1.2026316518398334,1.7618647817670545,1.6690071712723524,,
1999-01-26,35.54736839520154,5348.404030495351,53.75905414070227,1.6405661,0.84820825,0.9515327,0.63415504,0.956082042622866,0.6299929302982185,1.4268383252360453,1.0963717396671977,,
1999-01-27,35.547368395197104,3970.6817304953584,55.00293894437761,1.9375465,0.81748515,1.3657591,0.55484474,1.3708326174442191,0.5499694249002111,1.8614125597799445,1.0163439893087038,,
1999-01-28,35.547368395202106,2687.506530495348,55.92783439493948,2.4248066,0.79647636,2.1301208,0.69819266,2.1339676506038416,0.6891567245019777,2.6610228388779875,1.1555239921674014,,
1999-01-29,38.77894740719949,2003.6839304953644,56.569488174642416,1.875142,0.8341884,1.5041009,0.53742826,1.5111456400657288,0.5274623044274928,2.008432065246689,0.9938354772636265,,
1999-01-30,38.77894740719534,1450.8355304953575,56.899072373435345,1.3905528,0.87800884,0.95657635,0.46213463,0.9678740010054657,0.4506839287875836,1.4391938989205402,0.9170626147495813,,
1999-01-31,38.77894740719864,920.1754904953584,56.977469898260814,1.2730993,0.864971,0.15132225,0.40854636,0.19668554108064593,0.39358261745736495,0.6311452667871853,0.8599697089882808,,
1999-02-01,53.80904740719591,796.2312304953609,57.18299233033345,1.5432736,0.852287,0.047545075,0.48877245,0.14222732455958165,0.46100016744314243,0.5740841336725145,0.9273878782465597,,
1999-02-02,199.9981474071954,2536.287130495356,58.04375335397479,2.1605906,0.8395544,0.97261053,0.93675077,1.059441326853188,0.8704483005089271,1.5351378299365388,1.3368260335976316,,
1999-02-03,119.27464740720006,2247.937330495368,59.11736189981117,2.9393945,0.80655366,1.5787698,0.80509454,1.6473264128480276,0.7656082755501809,2.151121813457298,1.231980119323646,,
1999-02-04,176.0367874072,1580.917830495358,59.82057079243677,2.8720922,0.81299245,1.8936186,0.9157105,1.9916560392287395,0.8279782060069133,2.5119092189470624,1.2943467838760183,,
1999-02-05,98.57670740720005,1466.7920804953585,60.428836134643134,2.3699598,0.81576693,1.6482366,0.71225417,1.6936860479454356,0.6693752259408305,2.199697280639877,1.1357466221035866,,
1999-02-06,39.9265474071999,1293.319570495359,60.93278648513264,2.0369809,0.79356235,1.7555183,0.64457965,1.7639472394609919,0.6257279635364617,2.273316716934009,1.092098685999431,,
1999-02-07,38.7789474072,1159.765290495358,61.38060842133291,2.013478,0.78964365,0.8206117,0.555655,0.8592069536340673,0.5382834247708058,1.3253329381445074,1.004663253990067,,
1999-02-08,38.7789474072,968.554830495358,61.758079142314195,2.2212737,0.78472024,0.8673577,0.62611,0.9194788629635386,0.6027643789103341,1.3884856387107123,1.0691435723571718,,
1999-02-09,38.7789474072,882.2786304953579,61.845617233707706,2.3183174,0.7700082,1.0646098,0.6703023,1.117394156565721,0.6428987146692278,1.595860606807493,1.1092758496397779,,
1999-02-10,38.7789474072,853.351800495358,61.80859449303448,2.774824,0.7612551,1.2683041,0.78997725,1.3337891878702177,0.7563628828873971,1.8225985808989351,1.2227378184350475,,
1999-02-11,38.7789474072,772.5505104953581,61.75975226437795,3.2360215,0.7538167,1.744568,0.87359536,1.8158546881727193,0.832620241957848,2.32770516425742,1.2989904703316701,,
1999-02-12,285.7257274072,978.507940495358,61.768331812105984,3.2319555,0.90944815,1.3922954,0.90298074,1.808071536237292,0.7284982031950823,2.3195500042648534,1.1948685054576984,,
1999-02-13,208.9116374072001,1456.399500495358,61.96280224802625,2.175404,0.7843045,1.6412469,0.7028768,1.7082564026104539,0.6225260665276591,2.2149640484516175,1.0888973225185654,,
1999-02-14,83.3143874072,935.206930495358,61.94330154497057,1.8326049,0.7977871,0.61230934,0.54342407,0.7121287260917606,0.503221678211702,1.1712248740874478,0.9696030763066741,,
1999-02-15,141.8550474072,752.0041004953582,61.8660394417059,2.1271029,0.7919481,0.29889643,0.56732464,0.589031973948694,0.4935606446840063,1.0422445179771394,0.9599433748590906,,
1999-02-16,126.10300740719998,825.751930495358,61.79671363938167,3.752944,0.7977417,1.04443,0.86856693,1.403257549135578,0.7608737111833305,1.8953872923670663,1.227247952013348,,
1999-02-17,87.0532674072,876.3335304953578,61.7440624870052,3.424775,0.7857807,2.2033021,0.8923282,2.313676496523744,0.8147956145187005,2.849321153328903,1.2811612607671723,,
1999-02-18,113.62476740719995,759.0044304953583,61.65404445897562,3.0878034,0.7917181,2.3812366,0.87563527,2.4732383905199975,0.7685642633791095,3.016509560423129,1.2349285009379367,,
1999-02-19,111.59969740720004,723.5988004953581,61.53508695341211,2.8520353,0.78859663,2.3631086,0.86247754,2.4284392913498043,0.7546259198176034,2.96956921745066,1.2209905499449696,,
1999-02-20,109.32923740720004,658.194940495358,61.36922930155811,2.5796218,0.7906172,2.1555994,0.86581355,2.2159988205244323,0.7509759372055611,2.746974818311256,1.217342460166263,,
1999-02-21,98.97561740720003,626.1702204953581,61.17375727143869,1.8726966,0.8191718,1.4444127,0.6896235,1.5028694547248196,0.6059019689376955,1.9997603065372087,1.0722752232291899,,
1999-02-22,111.78049740720002,588.5805104953581,60.94040331864423,1.5606151,0.834845,0.31569946,0.49297452,0.5143931088838182,0.4351935938171019,0.9640381703023588,0.9015771401273331,,
1999-02-23,46.720047407200006,580.0433304953581,60.711126565431826,1.481297,0.83716756,0.25427067,0.4197862,0.345735380137685,0.3934746635505637,0.7873191786497646,0.8598600774995944,,
1999-02-24,38.7789474072,595.387390495358,60.5149974506729,1.7007146,0.8179147,0.345142,0.50731844,0.4280345773160857,0.4789149695306503,0.8735519961275611,0.9452994680727373,,
1999-02-25,38.7789474072,501.7335904953581,60.30529856744378,1.8765655,0.81297183,0.45854127,0.5818929,0.5602770920809863,0.5432851398197971,1.0121152510498017,1.009668183659489,,
1999-02-26,38.7789474072,536.1626504953579,60.33754470960654,2.8374467,0.77130336,0.8316128,0.7193003,0.9669033074385023,0.6727989499215493,1.4381768095192258,1.1391776460361904,,
1999-02-27,38.7789474072,495.14020049535816,60.36084381569392,3.191503,0.75363183,1.3401538,0.83087736,1.4746186942007442,0.772471875615381,1.9701592562304762,1.2388454085447465,,
1999-02-28,101.4770074072,537.961290495358,60.31049435990522,2.9371834,0.88676,1.6086202,0.9116575,1.8194593040090226,0.7797835299149252,2.3314820684089357,1.246153724092055,,
1999-03-01,167.82034740720002,679.1877604953581,60.68067359146109,2.939634,0.81676596,1.4734354,1.6489966,1.7639379012636185,1.3321417243485978,2.273306932402722,1.7985124469007314,,
1999-03-02,106.91141740720002,604.4537104953581,61.001488141721225,3.1061692,0.77168363,2.76397,0.90682346,2.8153992043517166,0.7792157146495197,3.3750244915377743,1.2455770296024857,,
1999-03-03,199.9986674072,660.647200495358,61.31188057076925,3.352624,0.9142684,2.2302785,1.3799347,2.4910914491378198,1.0803593618957787,3.0352159342152554,1.5467234436501707,,
1999-03-04,267.67554740720004,6149.788030495358,63.73543900817674,2.8767102,0.8266033,1.7775697,1.3377736,1.8234153409635159,1.2824379005327355,2.335627190406818,1.7488080571963711,,
1999-03-05,108.92944740719996,2990.5806304953585,64.60543475923937,2.3545172,0.77039796,1.5808599,0.58332765,1.6080493786457135,0.5634779780428439,2.1099674712819376,1.0298502029662928,,
1999-03-06,47.30044740720006,2254.1266304953583,65.11787182002907,2.3274434,0.7693278,1.4885559,0.7360109,1.5057972764984422,0.7210573039278906,2.0028280681833524,1.1874305293944054,,
1999-03-07,77.10604740719998,1673.649970495358,65.38328965406845,2.0025487,0.79820895,0.6869987,0.4575828,0.7449376137894004,0.4388404724546234,1.2056019144654628,0.905221518435563,,
1999-03-08,93.0452974072,1316.3562804953583,65.51147802102322,1.9754194,0.8158895,0.4246198,0.44349852,0.5269998486819126,0.41770717052422296,0.9772474691688182,0.8840905785395728,,
1999-03-09,70.84604740719999,1073.2579604953582,65.56134716122772,2.2771716,0.80589134,0.51335716,0.4808395,0.6225773743009295,0.4538166738159516,1.0773932737969971,0.9201990392651804,,
1999-03-10,38.7789474072,938.9875604953584,65.57166039756598,2.731871,0.77057534,0.8950554,0.609372,0.967904882092786,0.5860013474115483,1.4392262560182727,1.0523800330505733,,
1999-03-11,38.7789474072,811.3047704953578,65.5420055670286,2.8162766,0.767317,1.1244884,0.6683842,1.2016640060997437,0.6388536350605917,1.684158267087172,1.1052299071530376,,
1999-03-12,38.7789474072,713.450430495358,65.56651702849248,2.19955,0.80149823,1.0084454,0.6197503,1.0698492322365118,0.5892513754119234,1.5460431976195408,1.0556290008000606,,
1999-03-13,38.7789474072,656.477990495358,65.60908594363943,2.717689,0.76410943,0.9979507,0.6432559,1.0938715333559565,0.6088708136640423,1.5712136826163665,1.0752481909432812,,
1999-03-14,38.7789474072,642.3731704953582,65.66093273760988,2.4591122,0.8414569,1.0488379,0.6446015,1.1291267962834317,0.6097881061365533,1.6081540265976877,1.076165120484595,,
1999-03-15,38.7789474072,653.4176704953579,65.68799961908331,2.4777331,0.7814547,1.2681583,0.72334635,1.3359223551279564,0.6842243400134397,1.8248337062597262,1.1505992541462515,,
1999-03-16,38.7789474072,670.0131604953579,65.65682442119798,3.2128816,0.76203555,1.7961906,0.76930183,1.8736996422980075,0.7284064618054407,2.3883149094568132,1.194776143202836,,
1999-03-17,96.85639740720006,914.961930495358,65.84551202492119,5.03958,0.98162717,3.106113,0.8282747,3.291194245184436,0.7548594498151481,3.8735609088983147,1.2212169232346668,,
1999-03-18,110.1848874072,1198.8701904953575,66.24924351334629,4.60157,0.84971964,4.1910114,0.85071397,4.22556869457304,0.7823842103101931,4.852595262968424,1.2487348930737434,,
1999-03-19,65.87314740720001,1052.931180495358,66.40947776727143,3.6850688,0.7542106,3.994596,0.86642265,3.9763716129231286,0.8166175428257493,4.591487412653255,1.2829699390203693,,
1999-03-20,78.19428740720002,948.701230495358,66.45208742337793,4.48688,0.86329305,4.191157,0.8317992,4.21367507155494,0.7712673241014447,4.8401331654263755,1.237618087029365,,
1999-03-21,95.7527474072,1002.764230495358,66.48685328566624,3.9424396,1.0942069,3.7577896,0.90579915,3.773884710783005,0.8323274769079081,4.379322328757683,1.2986813176612708,,
1999-03-22,431.8166474071999,3570.4020304953583,67.61863277069835,3.989402,0.9314767,3.4400015,1.4385073,3.4992786863195278,1.2872298742314279,4.091591075018586,1.7535857489610407,,
1999-03-23,127.30624740719998,2241.732530495358,68.35495708331663,3.9287288,0.813043,3.5512257,0.9020383,3.571511742268328,0.854682457080743,4.16727662412539,1.3210377884295594,,
1999-03-24,38.7789474072,1865.6365304953576,69.04278927852012,4.977239,0.91173726,4.535881,0.85589164,4.544868263145814,0.8386689324307813,5.187156259448003,1.3050175235487553,,
1999-03-25,38.7789474072,1789.3323304953578,69.84451022808925,4.0382357,0.8160505,4.3959193,0.8435984,4.388331931569139,0.8258849622227931,5.023138026314645,1.2922345641991146,,
1999-03-26,38.7789474072,1848.605930495358,70.4612761179811,4.513729,0.8708426,4.161528,0.8391307,4.1687645696027875,0.8220843175191858,4.793076094999781,1.2884353846077512,,
1999-03-27,38.7789474072,2147.713730495358,71.0812275686477,5.8501587,1.0463777,4.4887996,0.8336153,4.512944209760693,0.8190408336643114,5.153706345437992,1.2853896286621709,,
1999-03-28,184.9415474072001,2350.498280495358,71.7189770641291,5.214565,0.8901418,4.4251356,0.8923838,4.482718621932048,0.8298350738149947,5.12203607783214,1.2961840629198293,,
1999-03-29,371.3857474072,2365.8230304953586,72.3474184091403,6.067921,1.2913235,5.0864267,0.8357309,5.219596350698175,0.743283668647336,5.894134043142784,1.2096282233265432,,
1999-03-30,326.6227474072001,2193.0169604953576,72.94659820765203,5.901414,1.2288454,5.6610928,0.8308515,5.692245766715991,0.7404847970561137,6.38937448557505,1.2068268343073978,,
1999-03-31,292.61934740720005,1945.5516904953583,73.47670078568306,6.7651777,1.4555764,6.408628,0.83270895,6.455243437837604,0.7484382479675729,7.188840837199215,1.2147767604743258,,
1999-04-01,265.8390774072,1762.106430495358,74.35056548988203,5.7325816,1.1035249,6.5167613,0.95466495,6.413964850166545,0.8420388949341088,7.1455892741412725,1.3083775810949474,,
1999-04-02,213.9975874072001,1615.6507304953582,75.1417744679869,5.996747,1.283455,7.2546654,0.9935001,7.107537923485043,0.8900496347596222,7.872312769503449,1.3563856618608148,,
1999-04-03,154.7064474071999,1405.0282304953585,75.93768183621532,6.324229,1.312669,8.053185,0.97323525,7.881694277642945,0.8863177300812082,8.68347115106899,1.3526514389672588,,
1999-04-04,59.04289740719991,1319.7685804953585,76.77491994254129,5.5015936,0.953772,6.560995,0.8923286,6.515629846564126,0.8550936096092995,7.252113509842253,1.3214318715884101,,
1999-04-05,38.7789474072,1138.179470495358,77.37227589555698,6.1498427,1.0641704,6.1938763,0.84418565,6.19242543031041,0.8171236609953164,6.913461027310635,1.2834633124422987,,
1999-04-06,38.7789474072,912.292680495358,77.78828580996955,7.0432997,1.2942853,6.864834,0.8556695,6.872110589230419,0.8224752767936852,7.625632813439537,1.2888121448079732,,
1999-04-07,38.7789474072,756.045790495358,78.3101938549013,7.794975,1.4889911,8.896973,0.8881729,8.84320694574765,0.8479572423443272,9.690940837942469,1.3142890263668443,,
1999-04-08,38.7789474072,618.4507304953579,78.70600708984684,8.332953,1.6069671,10.610162,0.9204645,10.475798186717816,0.8713280545340574,11.401564359497035,1.337658992256476,,
1999-04-09,63.421117407199965,802.8701304953584,79.09007916811174,6.188812,1.0777643,10.159689,1.0162736,9.868981329193351,0.9451715022208224,10.76574373048256,1.4115023985276072,,
1999-04-10,70.86793740720009,799.1702904953577,79.45983416678749,6.185491,1.1278462,8.662417,0.8790434,8.460662300066575,0.8126512957974209,9.290111865861292,1.2789837189792297,,
1999-04-11,38.7789474072,660.4193004953579,79.75603576414724,5.063596,0.9858131,8.121679,0.9341524,7.952071815026273,0.8840348088616993,8.757212494165664,1.3503683409920408,,
1999-04-12,190.1636874072,835.790050495358,80.043266773194,6.088266,1.1744981,8.282967,0.8752305,7.876172071425672,0.7454973911455198,8.677685002271248,1.2118311141404834,,
1999-04-13,105.48014740720008,806.4403904953581,80.28547597601273,6.396679,1.1650202,8.549441,0.8686825,8.300435325306328,0.7799332659771744,9.122226589416018,1.2462660066026228,,
1999-04-14,82.64116740720004,697.7311904953581,80.40688515897477,6.9753013,1.2889879,9.089601,0.8904597,8.865696986237053,0.8077774746965506,9.714505825488907,1.2741092263519362,,
1999-04-15,72.4402674072,654.4540904953583,80.47323588255884,7.4671016,1.3987381,9.882832,0.9111705,9.642086649209595,0.8321242664268615,10.528004260396242,1.2984552554292423,,
1999-04-16,97.93290740720003,709.154390495358,80.74206788269439,6.2002754,1.0597003,9.47958,0.9656533,9.081665319244227,0.8581679068270822,9.94079670656301,1.3244993771178273,,
1999-04-17,160.1979474072,978.402130495358,81.13656217986045,6.054589,1.1260712,9.3918915,1.0167874,8.922342029817306,0.8879767011443421,9.773858308520902,1.3543083738410715,,
1999-04-18,55.29274740720006,1086.681130495358,81.37695500111873,5.997026,0.97342575,8.860372,1.0170351,8.72173247598517,0.9689387090046901,9.563660303765044,1.4352706778515245,,
1999-04-19,38.7789474072,991.571670495358,81.57793499410914,5.9854097,0.9455253,8.643961,1.0221859,8.543901986424254,0.9843577345728319,9.377330124686235,1.450690004429001,,
1999-04-20,38.7789474072,1038.914950495358,81.8513530091983,6.1793513,1.0400468,9.065865,1.0093671,8.961998386258772,0.9737662001690215,9.815410103241797,1.4400978197719778,,
1999-04-21,38.7789474072,937.049630495358,82.10928243924484,6.8170676,1.1849747,9.695037,0.9907661,9.580667805997253,0.9525582462008021,10.463649806428164,1.4188892704221951,,
1999-04-22,38.7789474072,877.6359904953581,82.40237666118233,6.3282657,1.0325004,8.953053,1.009539,8.841983145767406,0.9678061262544252,9.68965854450652,1.434137912054803,,
1999-04-23,38.7789474072,1372.234670495358,82.85133928392686,5.762741,1.0835947,9.765784,1.1387731,9.655768457404173,1.1078764895082358,10.5423400122536,1.5742074712527685,,
1999-04-24,38.7789474072,1512.0011804953583,83.3278114317641,6.204763,1.0520307,8.468061,0.8937819,8.411465200928331,0.8718288950790708,9.23856331355611,1.3381614126069479,,
1999-04-25,38.7789474072,1110.516380495358,83.64944269367756,7.005532,1.2725589,8.000755,0.8599485,7.967174976363422,0.8320412146215419,8.773037534987154,1.298374709558065,,
1999-04-26,38.7789474072,1029.7319304953576,83.96119765807083,7.4920254,1.3975964,9.011739,0.90867966,8.956584555242111,0.8771691297595837,9.809737509608796,1.3435007565048105,,
1999-04-27,38.7789474072,878.7942904953579,84.22080389886204,7.2177196,1.2998453,9.461883,0.92013645,9.367038630280923,0.882959751920442,10.239809886367398,1.3492909322450435,,
1999-04-28,38.7789474072,746.5457304953582,84.33617069517028,6.9470515,1.1924185,9.200246,0.9159248,9.088984226269837,0.8726855165590273,9.948465432326012,1.3390169782492514,,
1999-04-29,38.7789474072,668.1569904953581,84.41848986919663,8.034847,1.6312699,10.517479,0.93323666,10.38129426429088,0.8865714115488762,11.30254347262359,1.3529023151329815,,
1999-04-30,38.7789474072,600.2450504953581,84.53089389337912,8.424318,1.7541531,12.263877,0.951148,12.030874646583626,0.8997472022756573,13.030968158381484,1.3660801687690975,,
1999-05-01,103.4105262964,554.3251004953581,84.62035773601835,9.16297,1.9930686,14.522012,0.981368,13.679452302263467,0.8844458802930268,14.758342190622024,1.3507840179121609,,
1999-05-02,103.4105262964,522.355100495358,84.61396811201067,9.476376,2.0046945,15.728142,1.0013142,14.69500988057399,0.8991008101247482,15.822439949665876,1.3654436804917742,,
1999-05-03,103.4105262964,489.714700495358,84.57798137103033,7.748489,1.539206,14.315183,0.95542526,13.170289112903886,0.8332453239380829,14.224842741298346,1.2995815326846363,,
1999-05-04,103.4105262964,476.4609604953579,84.5301400471387,7.7822175,1.6049757,11.584048,0.89575034,10.90605438869946,0.7897026522559024,11.852385337176152,1.2560338745246282,,
1999-05-05,103.4105262964,449.3137304953579,84.47455686330827,9.416122,2.0034447,12.262383,0.91613597,11.729869559353737,0.8337418977500197,12.715576056916422,1.3000742556721914,,
1999-05-06,103.4105262964,436.13848049535807,84.39957030881241,10.83264,2.3108327,15.773955,1.0063152,14.826897625413523,0.9262009914601939,15.960631477873036,1.392544562996965,,
1999-05-07,103.4105262964,419.02247049535794,84.34395177601682,10.27622,2.0967546,16.837282,1.0321522,15.538583851847308,0.9260580481883148,16.706333873152698,1.3924057466522457,,
1999-05-08,346.2879362964,598.798950495358,84.34867559920349,10.842457,2.3587239,20.156528,1.1949034,16.743772781230202,1.1489606051371009,17.969126713627833,1.615316613277074,,
1999-05-09,251.99730629640004,670.5398104953579,84.44227308765177,10.81798,2.3501213,16.257048,1.0370276,14.771329171371606,0.9900760949363502,15.902407041679174,1.4564193686231008,,
1999-05-10,176.80278629639997,563.1993304953579,84.49405506510998,11.032236,2.4806752,15.33134,0.98604804,14.304189369913097,0.9562783860815348,15.412939554548474,1.4226192955050676,,
1999-05-11,160.8104262964,520.9709304953582,84.52252427144927,10.815189,2.4015985,16.273952,1.0139114,14.986404773937553,0.9597570128640145,16.127762522848606,1.4261014589856895,,
1999-05-12,152.1916862964,519.4344204953579,84.43736234952446,10.774204,2.3884735,17.146578,1.0375795,15.702586496471357,0.9679246058393792,16.87817528357478,1.4342733374458563,,
1999-05-13,158.25708656335573,495.6594561987517,84.31626449272588,10.244869,2.233188,17.628622,1.0427729,15.84164904972723,0.9575195754304486,17.023884551514726,1.4238692071677002,,
1999-05-14,196.2907004442593,466.14930360350496,84.16525911181887,10.04797,2.1889858,18.326628,1.0488992,15.873539828128255,0.9826002475526836,17.05729960011015,1.448950088831573,,
1999-05-15,184.0656266185441,449.3603368730323,84.00271118015712,9.826738,2.1174128,18.861404,1.0642292,16.236043973164893,0.9739493449502992,17.437130204121107,1.4403016498524972,,
1999-05-16,208.4033049763205,480.14086840657154,83.79857621159562,9.258514,1.9923724,19.330465,1.0640608,16.281963944077045,0.9561459250010579,17.485244992673294,1.4224985527053542,,
1999-05-17,227.8239532029237,504.16366207813473,83.55409100225816,9.067876,1.8724285,19.606169,1.0694143,16.326228629232457,0.9392344828928164,17.531625378467876,1.4055874240457644,,
1999-05-18,224.64915654187703,496.8934139602767,83.43109979472855,8.774515,1.5421743,20.922407,1.1129957,17.140213551797086,0.9044438005033563,18.384515997862835,1.3708029051368105,,
1999-05-19,280.9384962964,427.61043049535806,83.55934203470862,7.776366,1.3957452,23.287775,1.198235,17.137526693260238,0.9105988089271613,18.38170071667249,1.3769578919693466,,
1999-05-20,140.53007629639998,450.791280495358,83.79738911888455,7.693308,1.177814,19.820906,1.0588082,16.93872964731456,0.8543343288033766,18.173401851484318,1.3206918372392584,,
1999-05-21,122.8139362964,406.779310495358,83.93536384794385,7.9692082,1.1029187,19.931664,1.0452752,17.157541621133717,0.8426290386598314,18.402672289680716,1.308988282737853,,
1999-05-22,122.4564062964,357.691770495358,84.032452610441,8.2236805,1.0407082,21.574068,1.0841111,18.169201480549994,0.8501173612081733,19.462686032190863,1.316485341649238,,
1999-05-23,185.3536762964,322.6846004953579,84.13935112778177,7.3575583,0.91590697,23.58102,1.2965363,17.66202078226112,0.8887210112382541,18.931263830234265,1.3550844655388554,,
1999-05-24,345.0486462964,51.53193049535805,84.35423878817872,6.9894423,0.8912678,29.056734,14.378654,9.856880167021007,2.0229046626284033,10.75306417412413,2.489235562392515,,
1999-05-25,139.06074101432986,51.92085218061855,84.81360143391453,7.0319867,0.9161906,23.45827,5.7598424,11.497687131987572,1.7020711595106448,12.472296103198078,2.168403118804389,,
1999-05-26,125.3311965544888,122.47673026390504,85.16035102233074,7.1416683,1.0881919,20.974874,2.7090502,13.978599984270655,1.4476233116210873,15.071788109243961,1.9139627207861936,,
1999-05-27,103.41472290543533,235.90832723099487,85.49179331982072,7.91077,1.329086,19.030054,1.1218907,15.641254866638839,0.8788833644250135,16.813912211487956,1.3452317060691648,,
1999-05-28,103.418873874482,312.97614472412965,85.59940508570124,8.467714,1.3651946,21.130554,1.0913273,17.985519837772493,0.8875940390169256,19.27022503477288,1.3539603462868146,,
1999-05-29,128.86264695995453,365.0004662655645,85.59560644509787,8.586143,1.143057,23.597094,1.2334567,19.680318198692582,0.9591639317787964,21.046028963966577,1.4255471413471923,,
1999-05-30,153.5952203609919,376.6989742992601,85.54058702039009,8.390627,0.8966737,26.058863,1.4640974,20.941407893775963,1.0719710870873793,22.367394435655477,1.5383690046578893,,
1999-05-31,165.9611610105054,395.8803112800472,85.44322511871397,8.227068,0.76453894,27.893778,1.6826164,22.08447011687621,1.2069091774530443,23.56509112565718,1.673321997412064,,
1999-06-01,250.58039003587606,549.785702347045,85.20054267379389,7.956456,0.6871963,28.569038,1.6578637,22.115605470648152,1.158961253934779,23.597714642908535,1.6253745007105924,27.678976863380957,4832.321023136619
1999-06-02,267.45924736228994,557.0690682047928,84.90950330639572,7.7421393,0.6430487,28.838743,1.6625167,21.995458768849517,1.1424362194161537,23.47182533946488,1.6088478252822218,17.41348618101838,4814.907536955601
1999-06-03,279.40954873969696,565.2762763280547,84.62503238023088,6.9976044,0.6140424,27.445963,1.540701,20.681949042518905,1.0508762335163122,22.095534338224045,1.517270976470628,0.10059033733066013,4814.806946618271
1999-06-04,306.7018037616953,573.9630569152891,84.32456760533996,7.736465,0.6245072,25.313068,1.2969774,19.191811358570767,0.8728217125801945,20.534173166764035,1.339199713341421,1.715534393762254e-05,4814.806929462927
1999-06-05,324.084904597209,574.8381911177789,83.95830864045813,7.5769053,0.6118867,25.423838,1.2497278,18.989559339820456,0.8290570067152834,20.3222541928814,1.295432930794164,3.916850006614193e-06,4814.806925546077
1999-06-06,350.62458167807466,599.0718980712171,83.56418366878296,7.869722,0.6340089,26.576954,1.3567073,19.67030999310209,0.8872492553028453,21.0355424003602,1.3536323554188006,0.0004192613033488375,4814.806506284774
1999-06-07,375.6485359756091,621.1087479520762,83.12074620516529,8.056059,0.65495443,28.87941,1.572426,21.03170061528219,1.0104371597169086,22.462002840599474,1.4768362001191702,0.4622422278847919,4814.344264056889
1999-06-08,401.42564237331567,634.416801324857,82.65302900632294,8.116215,0.6596381,30.673752,1.8374184,21.931907096529834,1.1540230702645973,23.40523611444884,1.6204338148433939,11.663324407536505,4802.680939649353
1999-06-09,432.96772193208045,665.31872481951,82.14016077892458,7.5637994,0.6143727,30.855536,1.7278706,21.673441017990157,1.0743634401380966,23.13441624087706,1.540770729416778,4.865371369940231,4797.815568279412
1999-06-10,455.78860427395296,671.81969481951,81.62057623116931,7.182443,0.5923885,28.635246,1.454824,19.9638457501928,0.8992382037523332,21.343108163238057,1.3656245616340883,0.0024542847581535882,4797.8131139946545
1999-06-11,482.47915945395096,671.58966481951,81.07671193027218,7.8212886,0.62458116,27.8036,1.5350832,19.44963669789451,0.9306945879913648,20.80432167597562,1.3970753038670765,0.0001013015965361323,4797.813012693058
1999-06-12,391.6940261225558,612.9777505020959,80.59151495835404,7.9926763,0.6531599,27.47929,1.6918074,19.881992689160196,1.0631651667387574,21.257342805688786,1.52955060628008,0.001550527221822118,4797.811462165836
1999-06-13,391.98250225067875,612.2347843141791,80.0898294582047,7.6705604,0.6346281,27.254025,1.6260773,19.609886746534116,1.0218412418133997,20.97223112915281,1.4882236835573777,0.00028818302651981484,4797.811173982809
1999-06-14,381.220855986371,597.7072774956351,79.60724789809639,7.7781086,0.6348106,26.932257,1.5274256,19.47311798830524,0.9648141054410168,20.82892529180121,1.4311950723705678,0.00011974351403761451,4797.811054239295
1999-06-15,352.3929328692448,558.4307503169266,79.15453380473907,7.758021,0.61832976,26.658367,1.6923366,19.34592175124454,1.0648019990259194,20.695649509407588,1.5311816135593237,5.049589104607005e-05,4797.811003743404
1999-06-16,352.21347900518253,541.9447256410542,78.82866697498234,7.7928023,0.63674074,25.201479,1.5445533,18.34411241285939,0.9691632906660136,19.645957109161536,1.435532900246492,2.324609170031058e-08,4797.811003720159
1999-06-17,360.0333322100959,562.6643050557561,78.50420643483346,6.9918485,0.72298276,21.19218,1.0197524,15.651261592156644,0.6828463433590654,16.82439722427923,1.1491947483348732,3.5473726946054516e-12,4797.811003720155
1999-06-18,387.0976842841291,537.6029287170403,78.19913843634797,7.7450013,0.69319075,20.173904,1.0821452,14.970923538788202,0.6928355350481925,16.111541337579073,1.1591798950105228,3.6840604239952334e-12,4797.811003720151
1999-06-19,445.0324231938913,662.9116671406906,77.74596928467301,8.08222,0.7135221,23.683847,1.2633456,17.417078114869145,0.8084026395509504,18.674613740635575,1.2747640132891944,7.724851457787108e-12,4797.811003720144
1999-06-20,386.84066557751015,598.584462607337,77.31172560528958,7.667124,0.69028157,24.356012,1.2331895,17.80458538181965,0.7965921055151308,19.08064253031899,1.2629568023580666,1.8249881251358572e-10,4797.811003719961
1999-06-21,383.50697940605096,591.4207150607417,76.87193986330296,7.4450846,0.7141715,23.084583,1.1258045,16.932478932599118,0.7384717082096005,18.166852373972475,1.2048291678684777,3.56158259189501e-12,4797.811003719958
1999-06-22,335.07431485362576,512.2115011605232,76.4714327893653,8.361824,0.74455404,23.51398,1.1452756,17.52178971539496,0.7523668412924819,18.784330197727822,1.2187290960635073,1.560381417867738e-11,4797.811003719942
1999-06-23,352.57716731436295,530.597917866159,76.04278056300106,8.4628315,0.7476562,27.635416,1.5318967,19.981423455218714,0.967529483207586,21.36152602247783,1.4339160392994312,0.0028122814888143044,4797.808191438453
1999-06-24,548.3535635587721,657.20836481951,75.43914749487712,8.333177,0.72314936,31.238554,1.8201387,20.81997240856368,1.0453415373968309,22.240154749356485,1.5117379595586236,0.191966598830078,4797.616224839623
1999-06-25,343.1687324637728,515.3940665567768,74.9761428429371,7.846365,0.70832163,28.990677,1.5685487,20.539266309213538,0.9832402558642739,21.946031858003206,1.4496332858205998,0.05252876262301334,4797.563696077
1999-06-26,327.7891835934806,498.44638304352014,74.56645310798396,8.618443,0.750954,29.003057,1.6064227,20.915949443940395,1.0138727743708777,22.340719158943127,1.4802703770383299,0.29652487463995797,4797.26717120236
1999-06-27,377.9201498521853,497.2562294668588,74.04120693999347,8.485674,0.74190885,32.67175,2.2670126,22.2276770583069,1.327311563242754,23.715142869359813,1.7937263555176113,39.21951365609248,4758.047657546268
1999-06-28,359.66288926272705,527.1241838426283,73.56052164180218,8.481249,0.7064972,31.433447,2.058099,22.12449989085262,1.2564847329477116,23.60703418599472,1.7228981018555638,32.10504869098423,4725.942608855284
1999-06-29,312.3349443263303,520.4708867250406,73.20327565138145,7.989081,0.6580508,29.332937,3.4183614,21.328151573349157,2.150549349101951,22.772623141095135,2.6169521415473085,1.6573970295766778,4724.285211825707
1999-06-30,332.8971221241084,493.2157437615525,72.82836810155344,8.457443,0.70492804,29.139677,1.8672173,20.80539683142151,1.150410830960561,22.22488250945104,1.6168070747656922,0.1999319215715271,4724.085279904136
1999-07-01,334.5859129074788,483.2911401977794,72.45176382533161,8.468077,0.7503224,30.432512,1.8258741,21.447065508339552,1.121739489711876,22.89722075569112,1.5881438154303054,2.5995057181573236,4721.485774185979
1999-07-02,320.7623672402626,494.21886742383646,72.08773582995806,8.449071,0.7617655,30.375055,1.8483452,21.74537114922411,1.160274758059014,23.209784386503138,1.626683001265122,7.915396691906991,4713.570377494072
1999-07-03,375.0693452103159,498.4809816494944,71.72838779229572,8.714327,0.7750805,32.550507,2.297993,22.31615597686073,1.352891263134027,23.807850777770465,1.8193072857007357,51.93346079682307,4661.636916697249
1999-07-04,243.88302102033128,543.70298481951,71.63740477337822,8.740335,0.7824807,32.06614,2.2650142,24.843096346212235,1.582294669871837,26.455570258863446,2.048749606592897,6.426512814190317,4655.2104038830585
1999-07-05,412.96346058898877,543.875054324152,72.2835942626022,8.806875,0.7718628,37.069878,3.1540837,24.871803347585573,1.8234951877542394,26.485649356772452,2.289950608481666,6.369584691593578,4648.840819191465
1999-07-06,409.6949358883311,543.875054324152,72.21045081434448,8.758404,0.76268053,37.327576,3.1566243,25.053023031611065,1.8299785835831646,26.675530722225865,2.296437081453144,4.2463792757197805,4644.594439915745
1999-07-07,290.3588737644719,543.875054324152,72.26961667430375,8.67609,0.77636594,30.884104,1.9742516,23.154504700564488,1.3151636794738537,24.686269704715514,1.7815918033157967,43.47369858798785,4601.120741327757
1999-07-08,425.0747341627943,543.875054324152,72.02267455325993,8.593334,0.7690805,32.021084,1.8871672,21.74341561208911,1.1117081554003425,23.207735381377756,1.5781163725941707,8.780522476158113,4592.340218851599
1999-07-09,422.4374712063922,543.875054324152,71.72219361593103,8.076382,0.7709149,30.20278,1.7218548,20.52990540716958,1.0260486836166558,21.93622353684019,1.492441602002954,0.06448755698613305,4592.275731294613
1999-07-10,340.3159381501742,543.875054324152,71.7149595525372,8.599035,0.7950884,28.291033,1.5036519,20.71178727760376,0.9742232668924496,22.126798738949052,1.4406183710166973,0.15418259984525545,4592.121548694768
1999-07-11,397.0022025608579,543.875054324152,71.45981333166718,8.642305,0.7992003,29.694242,1.7928785,20.811399006589145,1.0898587865244498,22.231171568074277,1.5562551037468564,0.23881435501921783,4591.882734339749
1999-07-12,413.3647007021994,543.875054324152,71.12573067702763,8.680098,0.79631716,30.558071,1.9060591,21.110509077257827,1.1362500323200002,22.544578077664294,1.6026500603599405,0.8324082428000001,4591.050326096949
1999-07-13,425.0475945569899,543.875054324152,70.77711989868878,8.409638,0.8202323,29.245214,1.8458738,20.105050905727936,1.0968249225672693,21.491062442522093,1.5632128826893723,0.007147466199397251,4591.04317863075
1999-07-14,431.9431719806606,543.875054324152,70.40759965266655,8.653203,0.82454044,28.120558,1.8058795,19.503388373061124,1.0706433780210418,20.860642497474288,1.5370246695212944,0.00018856000395214582,4591.042990070746
1999-07-15,357.7688707857237,543.875054324152,70.01736771739327,8.804268,0.8203534,27.396826,1.9712013,20.01936972133416,1.2327877970850363,21.401285990400773,1.6991747822718697,0.0044519433977965525,4591.038538127348
1999-07-16,355.03754894487645,543.875054324152,69.5649791346267,8.85976,0.81098056,29.071375,2.2566788,21.08852752313481,1.402441226680448,22.521545880394385,1.868840978530697,0.7659208124778103,4590.27261731487
1999-07-17,372.1088578880354,542.4012401626486,69.0970191640331,8.839156,0.80599207,30.93344,2.4899578,21.943403530510654,1.5127843522880469,23.41728203867535,1.9791952523307792,21.243080424517093,4569.0295368903535
1999-07-18,382.06936449495424,517.4399150673224,68.6203294892182,8.86408,0.80522233,31.735573,2.486145,22.020835280303956,1.4704758434013585,23.498414761421575,1.9368877944737959,36.94953809148156,4532.079998798872
1999-07-19,352.1069461456294,518.3914050268457,68.07406600711266,8.677483,0.8405477,30.541845,2.2239096,21.697952653484815,1.3673081453489844,23.160099448759524,1.8337157590331956,8.496813250527833,4523.583185548344
1999-07-20,356.99329040568057,520.5242701959604,67.52584309573221,8.854416,0.862118,28.819756,1.9991266,20.69741975201448,1.2366174687004092,22.111744494749534,1.7030123987892418,0.1527656726314402,4523.430419875713
1999-07-21,365.9284868106573,509.5569862369547,67.03346167267568,8.838818,0.8734127,28.65199,2.125721,20.3706375778351,1.2899635009047268,21.76934324969336,1.7563545363746282,0.031513845604046464,4523.398906030108
1999-07-22,366.06754851334813,506.1892347100028,66.50126901076219,8.896583,0.86516404,28.767708,2.3433335,20.428220834345602,1.4075248390981812,21.82967878902655,1.8739165519888976,0.04218117691600256,4523.356724853193
1999-07-23,371.6799173065037,504.3274174019706,65.98585177289547,8.9502325,0.83620137,29.93865,2.685835,21.03350400021831,1.5864470620475812,22.46389242117098,2.052846124970709,0.6572674563486524,4522.699457396844
1999-07-24,374.9139435032329,499.7136443469452,65.46563771417922,8.844074,0.84067905,30.245726,2.6382773,21.071789628852716,1.549842012999866,22.504007971981235,2.0162415549154407,0.7666921806467945,4521.932765216197
1999-07-25,377.93928450645814,501.1757923419162,64.89431080845792,8.931364,0.83851826,29.701887,2.5556862,20.772457030948676,1.5009079186892347,22.190368299114677,1.9673037603153107,0.21527492910876708,4521.717490287088
1999-07-26,380.05010619062983,495.0802483102551,64.35557471129745,8.863892,0.89581126,27.936983,2.3086345,19.653953711446082,1.3627538946682047,21.018404344352184,1.8291368161539745,0.0005296919482770777,4521.71696059514
1999-07-27,381.0119523906391,494.57191101835167,63.819360011568946,9.0033455,0.88542324,27.224638,2.3160884,19.29560854669226,1.3637955629397773,20.642931505664798,1.8301746476310665,4.9957833291117094e-05,4521.716910637307
1999-07-28,383.47408989423343,490.5106126243144,63.33936570033602,8.992158,0.8647894,27.911213,2.6330562,19.61018960672632,1.52569884304424,20.972548465026925,1.9920812880777745,0.0004047817601571307,4521.7165058555465
1999-07-29,386.9132623575449,491.86855841215015,62.8628884065096,8.976007,0.8624781,27.882166,2.597036,19.55809357300525,1.5023853456520073,20.917962418975375,1.9687672263800682,0.00028961241870764567,4521.716216243128
1999-07-30,387.6974747910653,492.6415882181186,62.383913420660605,8.945787,0.8722463,27.050055,2.2684927,19.077014456374926,1.3263043403469092,20.41388936505681,1.7926811566572045,1.0603256776806181e-05,4521.716205639871
1999-07-31,389.43972518211075,493.75079949784674,61.90028235986069,9.021196,0.84944963,27.170305,2.2861307,19.167520145537523,1.331825082425837,20.508720916783158,1.7982028312983835,2.0417013605911978e-05,4521.716185222857
1999-08-01,386.9948506670545,489.455639964416,61.30659212929992,8.986346,0.8707634,27.501616,2.399483,19.32623774030542,1.3940652559374715,20.675024670032006,1.860444662836311,6.153141504214715e-05,4521.716123691443
1999-08-02,389.82300766665287,486.52001585479127,60.704494282458384,9.046374,0.929988,25.650782,2.1441455,18.26465562308785,1.2602020477634475,19.562702556448365,1.7265709129383335,1.6688128873621197e-08,4521.716123674754
1999-08-03,394.7789450944197,490.489875259659,60.09099913315092,9.132164,0.95950764,24.031815,2.0155466,17.387427920506465,1.195896711211177,18.643546368336477,1.6622578377535682,4.772776181455971e-10,4521.716123674277
1999-08-04,396.0010266514796,492.5508294550481,59.47461594939969,9.144154,0.96359813,23.65758,1.989489,17.1893789582489,1.1834971731052837,18.43603134267951,1.6498566742836465,4.753584298409038e-10,4521.716123673801
1999-08-05,391.8756953964133,495.7351015443081,58.86248250295765,9.235128,1.0500171,23.10459,1.9078566,16.981292273663975,1.1620221005814593,18.217998825880173,1.6283799423397134,4.77943793345658e-10,4521.716123673323
1999-08-06,393.39688558695644,497.27814841066254,58.2464466463487,9.247995,0.9964395,22.936752,2.0145311,16.890647799414374,1.2077869893280075,18.123021855614077,1.6741441237106898,4.788503550583647e-10,4521.716123672843
1999-08-07,394.91481116297354,495.058022002714,57.62952812240256,9.2174835,0.992617,22.597155,1.9275286,16.660085430802773,1.159156066177686,17.88143939392087,1.6255114436330678,4.801228224112987e-10,4521.716123672363
1999-08-08,384.4220766632013,480.20593545131385,57.036999707021494,9.298891,1.0912198,21.543766,1.5709519,16.099574771352476,0.9983126492758224,17.294138240958688,1.4646640090776684,4.856392876324544e-10,4521.7161236718775
1999-08-09,382.84064880520987,478.5889461891155,56.437741654340655,9.487371,1.1709981,19.991888,1.5959474,15.32342068166966,1.0281143903267949,16.48088663893906,1.494460780011155,4.942663307073492e-10,4521.716123671384
1999-08-10,392.1996949682188,485.520596938887,55.818966071254515,9.841581,1.3355153,19.186531,1.6780287,15.010842679182755,1.1035013630586035,16.15336847642773,1.5698459457449727,5.020749003664485e-10,4521.716123670882
1999-08-11,393.4623438600874,489.2344947491173,55.20123317333183,10.091944,1.4343771,19.978727,1.791015,15.571690996753563,1.1807590899460474,16.74102342641436,1.6471069944919776,5.021258970367014e-10,4521.71612367038
1999-08-12,396.2005292135419,490.68061256268527,54.580674417019125,9.823545,1.3993412,22.420618,1.852614,16.793069340646248,1.2005796333602219,18.020779480072108,1.6669360167574179,4.88631357290458e-10,4521.716123669891
1999-08-13,397.902521654708,490.85816227166913,53.95746458680871,9.9299965,1.4981271,24.399153,1.5986392,17.921240457988304,1.108788778759192,19.202873320363075,1.5751545096160517,1.2170903229482795e-09,4521.716123668674
1999-08-14,332.2529031814375,428.3287457714984,53.4267216677494,10.262205,1.6864564,24.719065,1.5438687,18.403722269252242,1.1395958183690242,19.708416112923867,1.605965991155076,5.407421795013792e-08,4521.7161236146
1999-08-15,309.7878361337917,399.2106501924268,52.93214910062032,10.731802,1.7740828,25.483057,1.8952129,19.03768447785521,1.3189505773595707,20.372679548006655,1.7853269913368541,8.108612086650383e-06,4521.7161155059885
1999-08-16,365.8463808822922,476.8192075193669,52.35950556337274,10.889551,1.9289844,25.877638,1.7607328,19.370504605105523,1.3015327499229556,20.721407339650845,1.7679126243879537,8.54412017139742e-05,4521.7160300647865
1999-08-17,378.721889950066,488.2976664711214,51.7776266957458,10.975344,2.051629,26.805384,1.6361213,19.890680762272975,1.2853748553469568,21.26644613899766,1.7517603919996554,0.002324024945998206,4521.713706039841
1999-08-18,390.13818570975894,501.1903093916048,51.1687904901463,11.014292,1.9366629,27.473673,1.7413877,20.269333370302874,1.295127162659163,21.663197047332204,1.761517015567901,0.01921091950827674,4521.694495120332
1999-08-19,379.4557025290769,465.69584587600207,50.61188751245975,11.462242,1.7945971,26.933363,1.8018453,19.987147177161713,1.2786599117576778,21.36752331876414,1.745046532467724,3.367704468802643,4518.326790651529
1999-08-20,360.32460411335364,472.15575654054936,50.05167490213114,12.237211,1.8367087,24.675167,1.6417837,19.29161483226283,1.2243673771574703,20.63874690533747,1.690746419915445,4.9818491732724495e-05,4518.326740833038
1999-08-21,302.51919982019024,439.8610863562286,49.58204269908593,12.427523,1.8875399,24.089115,1.8588492,19.337028250922483,1.3433686381537335,20.68633093017105,1.8097481588201902,6.919321721622417e-05,4518.32667163982
1999-08-22,318.8644699633067,458.081931929959,49.06965048245794,12.472851,1.9270031,22.950739,2.0600677,18.65053720758282,1.4493821979484331,19.967027961611986,1.9157547459312867,4.232801784907684e-07,4518.3266712165405
1999-08-23,335.5380521718773,463.3738152387503,48.55118679496327,11.971586,2.1446204,23.721012,2.2254102,18.78632577842893,1.5739598555698349,20.109306761974533,2.040333740002863,1.2398922508460451e-06,4518.326669976648
1999-08-24,348.7444920048239,470.9125673165448,48.00635847962001,11.991217,2.2208686,24.83258,2.027843,19.368887084579928,1.5000714182947446,20.719712507173345,1.9664512756353372,8.611392408356159e-05,4518.326583862724
1999-08-25,362.3759566037119,480.599774023028,47.43727631574748,12.508484,2.0503874,24.2158,1.8773546,19.18309260063065,1.3865362012853524,20.525037681997965,1.8529141115594554,2.353513540846428e-05,4518.326560327589
1999-08-26,250.93595940787753,326.5236662611909,47.007564164362705,12.0211525,2.2162354,24.203682,1.9356357,18.909745227932955,1.4578875265984828,20.238625239276566,1.924262644033495,3.2088376697284088e-06,4518.326557118751
1999-08-27,204.6031008618646,388.8890189594901,46.626440628828554,12.073423,2.1130342,25.150568,2.471481,20.642295276764884,1.7757458274592253,22.0539852580166,2.242140092009079,0.1250225677581781,4518.201534550993
1999-08-28,285.2274433346075,425.9665723762047,46.13061216989788,12.210911,2.1541133,27.056086,2.5198455,21.102363876991365,1.7390195007013518,22.53604356466807,2.205419426335591,0.9078573615768651,4517.293677189416
1999-08-29,323.63467020294746,442.9629189542373,45.61184084259026,12.24828,2.113632,26.195456,2.1348891,20.30737324790477,1.5224968794561902,21.703055101050655,1.9888871750426051,0.023878122099995045,4517.269799067316
1999-08-30,340.03630818481423,451.703754982639,45.07431008279732,12.340683,2.032587,24.082771,1.8360529,19.039782386428605,1.3635680598581965,20.37487772943852,1.829944495251752,8.393455017124513e-06,4517.269790673861
1999-08-31,355.5462647336111,465.374787488752,44.51028365312173,12.263077,2.0829928,22.601927,1.8672849,18.12410339196477,1.390834366505805,19.41543240913137,1.8572019325712867,0.0,4517.269790668364
1999-09-01,358.8628323380587,465.629391129034,43.95641321351064,12.194719,2.146058,22.980837,1.9199913,18.28614529317457,1.4311634019774069,19.585219359306468,1.8975324677700076,,
1999-09-02,353.30056591181045,484.5123066620793,43.401738648739624,12.20475,2.1398933,23.56629,1.8277128,18.775198016242875,1.3897808919942263,20.097647130794336,1.8561546661131514,,
1999-09-03,355.88351891537303,488.1167015220556,42.844450061441385,12.1526375,2.2069337,23.647493,1.5751039,18.800539936109327,1.3022274844629775,20.124200307803385,1.7686015100127679,,
1999-09-04,357.8097049081304,489.6106558291133,42.28356676685295,12.514366,2.0711305,24.141504,1.6360519,19.232131019417434,1.287734681694302,20.576419969573305,1.7541131020411935,,
1999-09-05,351.7820106769838,478.2075178091757,41.738657724775045,12.685011,2.0844002,23.58777,1.5127491,18.966754719673194,1.241027028153778,20.29835958984479,1.7074027210137495,,
1999-09-06,319.87809916990653,440.7422833578451,41.24900241129098,12.824978,2.0365186,23.788313,1.781803,19.177693931967426,1.3414566362530829,20.51938097542706,1.8078344905409898,,
1999-09-07,266.3445301627692,385.7614319910789,40.831611644627586,13.177063,2.043028,24.640522,1.968159,19.958415439882824,1.4324365858327353,21.33741830265785,1.8988228825525368,,
1999-09-08,219.83855005596405,332.7217624940246,40.45832142822239,12.772985,2.074992,24.685993,2.4799378,19.94635068307398,1.7062883970068672,21.32477689171485,2.172674557961162,,
1999-09-09,276.8266396302103,416.0302121890023,39.94975078245646,13.018438,2.0944633,25.34701,2.3343127,20.421205777564914,1.6324564542320223,21.822328436511516,2.098848084393431,,
1999-09-10,268.659774253542,403.7021941241087,39.5396071777349,13.020847,2.067453,25.282223,2.2333677,20.382870153142562,1.5750055579458235,21.782160500285553,2.041396737005024,,
1999-09-11,293.7406127889523,427.7554464466264,39.05739699072566,12.89089,2.0823123,24.21094,2.003992,19.602240341741723,1.459560990370094,20.96421925234927,1.925943349096372,,
1999-09-12,323.4841500862428,462.56966733358274,38.52379414026666,12.875624,2.119501,23.177816,1.858793,18.938162601588292,1.3990333885780284,20.268400866252698,1.8654087923790947,,
1999-09-13,333.0794623349545,464.67558113157895,37.99454646890731,12.949821,2.1056364,22.363848,1.7900152,18.433294324084407,1.3638223446895388,19.739401610889995,1.8301927983860036,,
1999-09-14,317.0106078835676,431.8933386855538,37.5162678471238,13.434998,2.0382311,22.148066,1.570289,18.459828913257613,1.2507917299722335,19.767204462721725,1.7171624365768572,,
1999-09-15,288.51053031606045,438.8594076275237,37.063440978263095,13.139133,2.1683116,21.448912,1.4803401,18.152846770424038,1.23993710141049,19.445549622826665,1.7063049313105005,,
1999-09-16,309.357449506,25.679930495358057,37.267501472985096,12.93096,2.7945707,25.778727,3.5036361,13.915714776928699,2.5943090833434757,15.005897203953387,3.0606482167147053,,
1999-09-17,54.9368420988,1295.3372999999997,40.18924344437247,13.5061,2.03954,18.398903,1.76388,18.199835794018487,1.694148779118766,19.494784561124987,2.16051704236412,,
1999-09-18,54.9368420988,28.91143049535805,41.21288154951116,13.278946,1.9919989,21.582438,1.8320732,16.14204390466255,1.4499866476489505,17.338637253667514,1.916338299282722,,
1999-09-19,54.9368420988,62.70753999999992,41.75073502377761,13.327227,1.99065,22.151028,2.1828263,18.03054393144526,1.4892488876627268,19.31740112621604,1.9556156014913475,,
1999-09-20,54.9368420988,181.9330604953581,42.12838893691552,13.103411,2.1066513,22.808638,2.518203,20.55772050460326,1.9949181835502332,21.965368100850046,2.461311433750496,,
1999-09-21,54.9368420988,726.6325004953578,42.739910275400604,13.694881,1.8858017,19.872828,1.4388206,19.438577066918143,1.3442367542160056,20.792733432444038,1.8106173520643634,,
1999-09-22,132.16614209879998,1772.7864304953582,43.80854398035145,13.376181,1.7663088,17.434565,1.1496059,17.152992777884926,1.0768416737196007,18.397906027274075,1.543200881158374,,
1999-09-23,54.9368420988,1237.512070495358,44.67417057203184,13.155788,1.8981599,15.329702,1.2247443,15.237297976219779,1.1754576542071717,16.390647562564414,1.6418035348679556,,
1999-09-24,54.9368420988,791.0673304953581,45.12416607212025,13.06702,2.086718,16.568916,1.4561677,16.34151424810853,1.3683347224718632,17.547641597674954,1.8346877723863717,,
1999-09-25,54.9368420988,621.3870104953579,45.447888998984084,13.257313,2.016527,18.037207,1.4897393,17.648942545151428,1.378496185330972,18.917560498096446,1.8448595268101649,,
1999-09-26,54.9368420988,568.3167304953581,45.69172449093744,13.226753,1.9973332,18.440712,1.5451044,17.98112627737004,1.4198679502697313,19.26562147720183,1.8862342179907718,,
1999-09-27,54.9368420988,555.1436504953579,45.87347604504437,13.131706,2.0645561,18.780273,1.5062491,18.2716283519716,1.3831645356094493,19.570008557937676,1.8495334658206637,,
1999-09-28,78.14539344807719,544.7815041710002,45.99405246987616,13.778727,1.9904813,18.678503,1.2405875,18.06383226110087,1.1133212384747029,19.35228052423873,1.5796882543809185,,
1999-09-29,73.29407311786439,565.5162996165775,46.08711171483612,13.879324,1.9646218,18.576616,1.0681196,18.037671238700113,0.9720650347114177,19.324869094394195,1.4384318131107465,,
1999-09-30,210.12734209879991,1151.871590495358,46.4766271771748,13.287643,2.0849016,17.564722,1.0401627,16.904860190009565,0.9366499081967613,18.13791354989709,1.4030071528696317,,
1999-10-01,38.7789474072,570.3991304953581,46.538868682420436,13.286915,1.8952341,16.912449,1.2909882,16.681655294706538,1.2148124249248298,17.904040223586343,1.681167964168882,,
1999-10-02,98.70877757180256,468.056428745627,46.56352411762176,13.401871,1.9534467,17.024166,1.3067827,16.393301077104123,1.1315477780836671,17.601903660072114,1.5979011984624667,,
1999-10-03,72.43769338227791,407.79336225910464,46.60679444194544,13.505606,1.89558,17.06373,1.1673286,16.527025394192908,1.0316639617917907,17.742019542404034,1.498018352971098,,
1999-10-04,110.77995740720002,362.387960495358,46.83052220639308,13.232208,1.925864,18.02402,0.9794217,16.902141368336185,0.8752005689472703,18.13506477784155,1.341557792503827,,
1999-10-05,38.7789474072,406.1551304953579,47.052228880931025,13.080786,1.6586639,15.194462,1.018453,15.010240974365171,0.9408605157862093,16.152738012176687,1.4072050951019106,,
1999-10-06,38.7789474072,326.4518804953579,47.23416020193267,13.082191,1.6170423,14.00548,0.9399491,13.907448246143643,0.857512528123553,14.997235561254527,1.323851625576847,,
1999-10-07,38.7789474072,268.522300495358,47.37249445386147,12.522072,1.4760519,12.318675,0.9274046,12.344342082105587,0.8315048648994953,13.359418265786571,1.29783857531476,,
1999-10-08,38.784580474884734,282.972722310166,47.39761209116987,12.373611,1.5190088,11.565359,0.9062518,11.66278573946822,0.8177741993298668,12.645285859754944,1.2841064357435634,,
1999-10-09,38.78226410354423,302.21015960953923,47.43827591150207,12.540659,1.7486178,12.955699,0.92276806,12.908495010523884,0.8416524061895515,13.950535775722951,1.3079877385979863,,
1999-10-10,54.8207574072,349.0037504953581,47.52530273017823,12.998053,1.7611552,15.191493,0.7192371,14.893724910466986,0.6659916584062787,16.03065287871441,1.13233559281835,,
1999-10-11,38.7789474072,382.9602004953579,47.667104650314535,12.795256,1.6197916,15.50769,1.0434204,15.258281842025916,0.959112791227343,16.41263438542633,1.4254587951305078,,
1999-10-12,38.7789474072,308.36908049535805,47.72949218344935,12.487083,1.5174747,14.648639,0.9739907,14.407177353819913,0.8816384903530504,15.520850012039226,1.3479798995677048,,
1999-10-13,38.782588333450704,323.14453703849216,47.75599105217981,12.340725,1.5732552,14.453672,0.9057246,14.227257846783816,0.8260563210882061,15.33233096759087,1.2923968650854865,,
1999-10-14,79.28721740719999,232.01994049535807,47.92217757719058,12.135546,1.3952436,15.114104,0.9114529,14.355491394380945,0.7666455360281278,15.466693640418688,1.2329866928993023,,
1999-10-15,38.786530029372976,316.0830611561153,48.01877894044465,11.87821,1.2905821,12.52522,0.8509355,12.45450304669999,0.7709443589377417,13.474844547922167,1.2372783574754138,,
1999-10-16,38.78785678908078,339.6744745518654,48.08670772088738,11.750391,1.3417118,12.13922,0.8842272,12.099369897846932,0.8054296826521128,13.102737248515872,1.2717628021028482,,
1999-10-17,38.78840826239168,352.6506101833284,48.12627179219032,11.578312,1.3967476,13.745281,0.8961379,13.530552268322413,0.8191158883084585,14.60232524404789,1.2854534311700496,,
1999-10-18,41.78234021771129,355.8437734233837,48.142520983532734,11.599243,1.1898813,13.82429,0.7964793,13.590483510313057,0.7236687392802654,14.665120994540985,1.1900065184785023,,
1999-10-19,70.04925238420617,366.0486622294733,48.11197061016507,11.339842,1.114097,11.064217,0.7054506,11.108489563890153,0.6185868287104648,12.064496221750932,1.084918258104875,,
1999-10-20,42.64747740720002,237.336560495358,48.202395778418946,11.33564,1.1320766,10.1802225,0.7160279,10.356216970248669,0.6309816393672291,11.276267569648603,1.0973125356074545,,
1999-10-21,38.7789474072,234.9705004953581,48.28299415568315,11.191629,1.0664202,10.119544,0.72564775,10.271414080142163,0.6409118057357619,11.187411391279184,1.1072426824704356,,
1999-10-22,38.7789474072,257.7459104953581,48.32601406359729,11.130634,1.0682818,10.146889,0.74783254,10.275541076538067,0.6648762759193966,11.191735643995381,1.1312071534129124,,
1999-10-23,38.7789474072,101.16910049535804,48.51390846744939,10.848608,1.0143396,10.120313,0.67518777,10.322119908314347,0.5632386151620731,11.240540784708797,1.0295695025708667,,
1999-10-24,38.7789474072,164.1864704953581,48.65421102861313,10.691027,0.976575,8.56141,0.69532526,8.968298455250071,0.5926151244053128,9.822011293995171,1.0589467357390214,,
1999-10-25,38.7789474072,201.360000495358,48.750561359166944,10.51683,0.9399916,7.9338436,0.8395417,8.350958417968009,0.7201475740416131,9.175164513202375,1.1864802114003854,,
1999-10-26,42.387325664440105,208.04219371156543,48.82048097489957,10.441704,0.9458649,7.7976418,1.12528,8.245171738397104,0.9484266455519251,9.064321591961654,1.4147595024766952,,
1999-10-27,38.78635027635198,281.8882960846034,48.84073894477364,10.181948,0.9121488,7.694706,0.9435006,7.995543683354019,0.8366877553082213,8.802762169198328,1.3030211810877796,,
1999-10-28,38.78890745892862,334.361765737238,48.81460731130515,10.034126,0.8935101,7.0798187,0.8944053,7.386918164585379,0.8067962383864467,8.165046431114803,1.2731313498314685,,
1999-10-29,41.24878117138939,325.35612776722843,48.73377620205553,10.098766,0.91556036,6.873209,1.1247287,7.236134604567873,1.003480774309739,8.007055932356275,1.4698163688523411,,
1999-10-30,59.33554880156077,334.9695668973261,48.626836904938905,10.140415,0.9419764,8.951077,1.127067,9.130050556276105,0.9679004315342729,9.991494592528353,1.434231846103384,,
1999-10-31,68.30906661571714,359.6600250430212,48.49738577031864,10.244358,0.9511052,10.888663,0.89757353,10.785824349401897,0.7694342522891384,11.726408712985997,1.2357653737279004,,
1999-11-01,93.96677755246708,374.8874290694943,48.504693418105234,10.322041,0.945548,12.018233,0.8052222,11.678285904595016,0.6711509839977143,12.661526879790138,1.1374832480295036,,
1999-11-02,56.96154188591692,233.5839794273992,48.656844756350445,10.278135,1.0341173,13.286944,0.9318614,12.697066410110486,0.7761174543338998,13.729001610942307,1.24245213621683,,
1999-11-03,148.3599074072,32.14293049535805,49.02505637389183,10.212994,0.96714365,12.715295,0.73030466,10.658589353189639,0.8054878540049943,11.593092318885867,1.2718188867457467,,
1999-11-04,82.94060740719999,151.09103999999996,49.326007453720635,9.7048645,0.8977278,8.569874,0.67173326,8.972113500259855,0.5378596220457152,9.826008685115344,1.0041912283939998,,
1999-11-05,85.06621740720004,154.00636049535805,49.57902309154574,9.748013,0.89107424,7.466992,1.0415539,8.278619062855395,0.7420928707479576,9.099367584195093,1.2084256568672866,,
1999-11-06,74.6857439886895,214.0078427071425,49.759639473452474,9.574858,0.8842264,7.170508,1.1012951,7.792519141197535,0.8478299198775584,8.590033747931443,1.314163860866932,,
1999-11-07,52.27206085894093,282.122918927957,49.852871523098464,8.648211,0.84957886,6.1195707,0.8508686,6.514843451985189,0.7300433390881035,7.251289528290598,1.1963816043029598,,
1999-11-08,47.57841293210604,313.2869647359186,49.944787546078864,8.163461,0.84556025,4.7465067,0.8238845,5.197016106320578,0.7238951277494624,5.870474540270641,1.1902398090902635,,
1999-11-09,53.48129831318832,382.893030362083,49.92476742750794,8.923443,0.8569818,4.385573,0.9954389,4.941726559823069,0.8797317978804293,5.60298302611421,1.3460779518066353,,
1999-11-10,48.4518438154369,400.2938371835446,49.906562809701924,9.036821,0.88276964,5.8359694,1.1944654,6.181570940735736,1.0697515778447284,6.9020877302385095,1.5360912780291498,,
1999-11-11,42.65033811232564,442.8472975166203,49.99897135805125,8.404792,0.8317726,8.623326,0.8421529,8.604128331628356,0.7716383186263248,9.440435083317631,1.2379704824882425,,
1999-11-12,74.7715629947146,460.83583298802085,50.02799448837113,7.4472427,0.8497009,5.5844088,0.7519256,5.844463063065189,0.6577402524163515,6.548867248360941,1.124081533318499,,
1999-11-13,85.55891572011967,474.6835372106004,50.022681081413324,8.276649,0.8695101,4.8425403,0.85145015,5.366989382574494,0.7335379834728478,6.048571958104917,1.1998817256920087,,
1999-11-14,85.60740383840917,463.5752875887086,50.00938633265745,8.3496685,0.8908262,5.361384,1.0170311,5.827202101664678,0.8696529671371384,6.530781272009131,1.3359943324747816,,
1999-11-15,87.55494560745353,462.69933809049166,49.986777739266856,7.080917,0.8394414,5.5081635,0.8071172,5.7584156447179495,0.6917096706782198,6.458707057555089,1.1580513758835016,,
1999-11-16,110.06816528458364,480.243765067852,49.94017549681628,6.212033,0.82529104,3.4793248,0.89414066,3.9888590788739426,0.7435195904301601,4.604571736790252,1.20987189907315,,
1999-11-17,118.84337275158248,484.5397906151319,49.878994778363364,6.4174676,0.7981196,1.7411615,1.0075144,2.662214663796964,0.8242026756441744,3.214518253579661,1.2905652824886686,,
1999-11-18,126.35413337555872,481.0128433996886,49.78196830512637,7.038447,0.8016039,1.1074898,0.8231608,2.341341795923749,0.6729051523794725,2.878308759471133,1.1392705522989464,,
1999-11-19,133.2171405534267,490.0389372903295,49.69510428184441,7.8858094,0.83533084,1.9211683,1.229959,3.1960735536822065,0.9834071025673792,3.7738937734960962,1.4497653232798433,,
1999-11-20,132.27409502391163,492.8631859085344,49.628567260745385,7.899648,0.8640726,4.0665836,1.338862,4.877629720088791,1.0712860565393834,5.535822576544719,1.5376325919014702,,
1999-11-21,120.31131188391952,465.5460483617565,49.569976144626665,8.104029,0.88801897,5.6001186,1.1404157,6.114320088094727,0.924387372014003,6.831622516726799,1.3907273771633548,,
1999-11-22,130.62610497334606,471.8233035565086,49.48639420934838,8.3871155,0.9471705,7.10211,1.1338394,7.380731267184551,0.911433706722214,8.158563821167066,1.3777688374779233,,
1999-11-23,139.11493581564207,501.2097636096808,49.33457283563265,8.6825905,0.9791194,9.033959,1.0190587,8.957622082695412,0.8255382325085753,9.810824627327754,1.291869857882433,,
1999-11-24,154.9304065003256,523.1441099523563,49.18513044621759,8.759216,1.0038345,9.99724,0.8844466,9.714369202899206,0.7198793738823501,10.603741673066668,1.1862103269631061,,
1999-11-25,117.49438517031592,522.1488344197841,49.06700697423629,8.155649,1.0080471,9.095142,0.7120841,8.922569326759447,0.610062704666198,9.774096469479902,1.0763943770534865,,
1999-11-26,207.05662740720004,1215.8490404953577,49.17992205552094,8.323183,1.1706254,9.1240635,0.699818,9.007521963472842,0.6217724830364045,9.863109551832135,1.0881040439078826,,
1999-11-27,38.7789474072,5958.164930495359,52.22715159279965,8.150645,1.053596,9.544579,1.0077442,9.535564750035636,1.0012508389090131,10.416390978568664,1.467581891741181,,
1999-11-28,38.7789474072,3743.825330495358,54.03137956268023,6.9205804,0.94580424,7.866723,0.83855885,7.857023283872233,0.8300186660660529,8.65762096812961,1.2963524382552127,,
1999-11-29,38.7789474072,2228.193530495358,55.14569522393204,5.7127285,0.8818958,5.5910707,0.63555294,5.593151737397994,0.624863265553435,6.285544100391645,1.0912058094318438,,
1999-11-30,38.7789474072,1663.1444904953582,55.906978905768334,4.7108035,0.891684,3.7169104,0.57443994,3.7395565807507416,0.561718669208368,4.3433534314547195,1.028072759509977,,
1999-12-01,38.7789474072,1232.4183304953578,56.47617563217974,4.38149,0.8767633,1.1519685,0.4760326,1.2504877698481287,0.46228522276896133,1.7353156398470426,0.9286609986473531,,
1999-12-02,38.7789474072,1005.138030495358,56.854655326198234,5.03611,0.85237104,0.30460513,0.3328691,0.48036888882562073,0.32206410873823543,0.9283877088313575,0.788448029198357,,
1999-12-03,38.7789474072,836.580270495358,57.13056239743723,6.660174,0.8325492,0.83251774,0.36160833,1.0906864659857334,0.3475513932520862,1.5678763799134547,0.8139288033896286,,
1999-12-04,38.7789474072,913.5311904953584,57.430760236676115,6.935616,0.8580012,2.4242706,0.79766643,2.6079767761434307,0.7659819449534205,3.157687980299232,1.23234501564912,,
1999-12-05,38.7789474072,787.6407304953582,57.68416364703221,7.497993,0.8620122,4.5457926,0.7051424,4.684321740563544,0.6732704024106684,5.333275136388436,1.139618116588629,,
1999-12-06,38.7789474072,777.277980495358,57.86988717595145,7.335003,0.9075407,6.4573784,0.7016871,6.499083020571172,0.6697329619634967,7.234775802129331,1.1360712921762908,,
1999-12-07,38.7789474072,745.4171604953578,58.11657228971557,6.3484273,0.7863951,6.3391585,0.79310274,6.339616880536575,0.7548856469104284,7.06768772570881,1.2212246507603468,,
1999-12-08,38.7789474072,703.8133304953581,58.173020531278475,6.4170246,0.77279794,5.134566,0.74203414,5.201537172576408,0.704441257500225,5.875211698039009,1.170785913433874,,
1999-12-09,76.79326414016776,632.9913244658871,58.13182570415491,6.885476,0.79807794,4.6456547,0.6891665,4.887986227621361,0.6206396827973119,5.546674089735395,1.086986156210275,,
1999-12-10,88.96759750894535,625.7391786118701,58.058935063688835,6.380001,0.8041516,4.402691,0.692216,4.6488289431982786,0.6142594129869714,5.296085904635169,1.080607348248078,,
1999-12-11,117.47775770033178,588.4115290853018,58.010194260359015,5.526329,0.74886537,3.2547894,0.80905765,3.632830773475638,0.6858291343970296,4.231526495415787,1.1521840091495825,,
1999-12-12,227.11453919170248,503.7775691470739,57.75980060873018,5.879431,0.7813841,1.5533398,1.1469951,2.8976123209096127,0.8270273876074886,3.461167114035658,1.2933880202763948,,
1999-12-13,316.9500286497674,445.0413588048384,57.53656632584757,5.736613,0.84933394,1.227335,1.7495157,3.102967375663538,1.0811535051866048,3.6763374384356835,1.5475124673861202,,
1999-12-14,38.7789474072,565.3133104953581,57.57747281676875,5.261321,0.83805835,2.2192392,1.080658,2.414521875717411,1.0127164380089313,2.954986596925344,1.4790811905599937,,
1999-12-15,94.01469740720006,874.9117004953578,57.71799504428221,5.752903,0.832234,2.7172256,0.8773799,3.011776609258802,0.7963526761777613,3.5807880651168413,1.2627123742197484,,
1999-12-16,75.0171074072,1124.389330495358,58.00325189755896,5.1598616,0.81076473,3.0959988,0.73453677,3.2250834616798154,0.6904596818346928,3.8042902559305816,1.1568176735411406,,
1999-12-17,38.7789474072,896.7822304953579,58.081270003280714,4.783007,0.7635073,2.6687393,0.755815,2.756375576923388,0.7251774220037086,3.3131797364805484,1.19153923155841,,
1999-12-18,38.7789474072,747.9734604953583,58.08668446218952,4.5597315,0.7573498,1.6177764,0.75639415,1.7627850656742925,0.7200798147075785,2.2720989952129975,1.1864505482681431,,
1999-12-19,38.7789474072,659.1386104953581,58.047002708505744,4.5701103,0.7577316,1.159143,0.646949,1.348669258170902,0.612450923682612,1.8381898676950166,1.07882570995787,,
1999-12-20,38.7789474072,661.6499804953582,58.06728007155949,4.225357,0.84874874,1.260278,0.59548926,1.4244383184313867,0.5644795437775364,1.9175804300323769,1.0308535738872189,,
1999-12-21,38.7789474072,819.2768704953578,58.182781813644894,4.2367,0.83487177,1.4312125,0.6937264,1.5580036581069348,0.6634479432724475,2.0575297363741427,1.1298206564025521,,
1999-12-22,38.7789474072,711.5484304953582,58.22580661150124,3.4453835,0.8155876,0.55564475,0.63392234,0.7049942641193437,0.6026354890933434,1.1637494092206877,1.0690169639202503,,
1999-12-23,38.7789474072,616.324250495358,58.3152462174714,3.3738658,0.82145286,-0.12520874,0.52992517,0.08191959100169298,0.5009218949782119,0.5108938966022328,0.9673102955287659,,
1999-12-24,38.7789474072,599.789660495358,58.34221091690728,2.9037342,0.7967923,-0.532827,0.5138056,-0.3241317825184987,0.4850229579472925,0.08543465544495865,0.9514161108137826,,
1999-12-25,38.7789474072,492.8614704953581,58.34554720711711,2.8882823,0.81819874,-0.39225566,0.3424704,-0.15296646604696218,0.3230505819247861,0.26478108894447083,0.7894417085349335,,
1999-12-26,38.7789474072,478.0222704953581,58.33696284151502,3.1067643,0.8409194,-0.33575976,0.28781414,-0.07744484898457496,0.2735934246561542,0.34391238114470696,0.7399836678910724,,
1999-12-27,38.7789474072,452.7348004953581,58.31508185698332,2.8793468,0.82411855,-0.51952446,0.35573784,-0.25136379415307575,0.3340599849654946,0.16168070490932446,0.8004522723107601,,
1999-12-28,38.7789474072,428.2802904953581,58.266574383562265,2.5853171,0.82233757,-0.55551183,0.34948596,-0.29473540080013455,0.32766147787083133,0.11623608372295674,0.7940542803603234,,
1999-12-29,38.7789474072,426.5505004953581,58.235540436635226,2.8494837,0.8414211,-0.3463081,0.29782403,-0.07998186894671322,0.28186587747160213,0.3412541003007474,0.7482561502761527,,
1999-12-30,72.77566171031353,413.3400099296416,58.18000353757784,3.3775272,0.8709423,-0.4608444,0.36157775,0.11379257033408806,0.3339524387313838,0.5442902953943871,0.8003404742285498,,
1999-12-31,54.62656151209774,414.2676670389414,58.1101591806216,3.3146653,0.8382626,-0.1600188,0.42919356,0.24478474294067917,0.3915658732317075,0.6815434460772318,0.8579524206218316,,
2000-01-01,109.78971358719934,358.86351745057283,57.98017853224005,2.8744638,0.635867,-0.18123448,1.9698831,0.5346130096935329,1.5157431375095518,0.9852245132525048,1.9821264620971675,,
2000-01-02,111.4177913855259,362.6459854581608,57.82980342419094,4.0432053,0.7882659,-0.6643771,2.7206213,0.44203190549325766,2.0894314681233057,0.8882183487441291,2.555815811744886,,
2000-01-03,38.7789474072,429.541310495358,57.80582062585884,4.5287533,0.9608488,-0.25215554,1.6022326,0.14372443223300774,1.4717129457086549,0.5756527979751238,1.9381006394423599,,
2000-01-04,38.7789474072,531.0761704953582,57.91165361927762,4.5110474,1.0737677,0.14789617,1.3707166,0.44481095704955664,1.2795267118287392,0.8911302294651067,1.7459110247188119,,
2000-01-05,38.7789474072,587.9517704953581,58.235342926671265,3.1957603,0.7534506,3.5225844,1.7320787,3.5023621998971093,1.6255749961370236,4.094821970004713,2.091930847548659,,
2000-01-06,38.7789474072,619.084150495358,58.32122812852194,2.6336768,0.72163975,3.172145,1.6808683,3.1404038983262135,1.5823582744288103,3.7155632989112837,2.0487169372964518,,
2000-01-07,38.7789474072,579.904380495358,58.36877650968076,2.7904563,0.66916305,3.2972102,1.5843639,3.265446981949203,1.485648509524716,3.846583014493054,1.9520061842001275,,
2000-01-08,38.7789474072,555.336940495358,58.40177754224282,2.6749787,0.6594608,2.4903147,1.451322,2.502368053938738,1.3572744294896568,3.0470315221785125,1.8236384130204342,,
2000-01-09,38.7789474072,518.3278304953581,58.4361076368433,3.0584908,0.6679613,2.6420991,1.5967252,2.671083223812756,1.486308204644244,3.223810700448552,1.9526707359633757,,
2000-01-10,80.9571974072,911.4671804953582,58.56149458177039,3.1057951,0.70910335,4.204165,2.967518,4.114565264539198,2.726056083321737,4.736286248425208,3.192407520551859,,
2000-01-11,38.7789474072,1594.7898304953585,59.166348674952964,3.311745,0.6623952,4.7632484,2.8928359,4.728791505370854,2.8242072847837454,5.379870403941249,3.2905547239947777,,
2000-01-12,38.7789474072,1176.989360495358,59.40500767931629,2.8710656,0.67969614,4.6560454,1.6193869,4.599110543818645,1.5678837488728203,5.243991135719035,2.0342319962503312,,
2000-01-13,38.7789474072,1041.0138404953575,59.47561526773113,2.0431876,0.78443104,3.7882037,1.9631307,3.7255343891182093,1.8928378469120695,4.328661026994616,2.3591920395356323,,
2000-01-14,38.7789474072,912.3423304953578,59.51555841148636,1.5555153,0.8259299,3.1824245,1.5477353,3.116092490754389,1.4850132094546191,3.6900898891619156,1.9513720665269656,,
2000-01-15,38.7789474072,805.9880104953579,59.55941684682784,1.5572691,0.8162725,3.102455,1.6196889,3.0315232923478526,1.5457914512999402,3.6014785721568896,2.0121509891940415,,
2000-01-16,38.7789474072,705.0183904953578,59.62815825558565,1.7043463,0.758344,3.1521697,1.6922815,3.07668534219681,1.6045391727666245,3.6487992136098826,2.070898346067409,,
2000-01-17,38.7789474072,633.4107804953583,59.763299492678335,1.4443817,0.84946847,2.980956,1.566434,2.892310366455651,1.4768789920206848,3.455611744282621,1.9432396684571838,,
2000-01-18,38.7789474072,571.5120904953583,59.80039765127714,1.4535412,0.8397475,2.8473034,1.6583054,2.758741329301894,1.55385027013536,3.315658563735827,2.0202120597890683,,
2000-01-19,38.7789474072,543.919630495358,59.77938155979472,1.4936218,0.81469584,2.924433,1.5276308,2.8292116330594284,1.426996409874374,3.3894971071222892,1.8933576096582254,,
2000-01-20,65.55054012397977,518.7340272688641,59.838028925489986,1.587672,0.78008777,2.8956726,1.4122634,2.748928749828959,1.2568730746086183,3.305376976506711,1.7232349468487045,,
2000-01-21,93.85717610461862,502.64480810077066,59.785324259165954,1.430264,0.8311541,2.8175845,1.5126194,2.599295238696626,1.281306354421111,3.1485914950388216,1.7476694996750486,,
2000-01-22,84.15210837062327,501.6878629457336,59.76030120099251,1.3789018,0.84282625,2.8425288,1.4879781,2.6322883067042326,1.2799781199265836,3.1831615189160307,1.746340982290138,,
2000-01-23,97.8039639114554,496.9816738706035,59.707455321454475,1.403238,0.8231264,2.8709133,1.635383,2.629575137797984,1.373154781429805,3.1803186698105677,1.8395176670097388,,
2000-01-24,142.25100347857585,460.5456543238016,59.64481081066364,1.5037531,0.7919235,2.5979576,1.2410017,2.3397416894703427,0.9663859109135733,2.8766321733989444,1.432751325056385,,
2000-01-25,121.56042774041904,455.3244003129861,59.57837063219675,1.257122,0.86290795,3.4815404,4.437834,3.0128138617225386,3.5074155303815244,3.5818748947026746,3.9737752200001775,,
2000-01-26,39.69716833419661,430.6823562237981,59.56114339979127,1.3084252,0.82665664,2.1885004,5.485812,2.11422741375361,5.023327504636742,2.6403390861849387,5.489694952658889,,
2000-01-27,109.79073752217454,412.4591052387267,59.407865805928274,1.2230138,0.84393233,2.199931,1.952587,1.9945570691873842,1.5522738087684271,2.5149489082210557,2.018642359697722,,
2000-01-28,121.95876969437168,421.8468032135075,59.209005633504,1.1998802,0.8510401,2.0693474,1.4484003,1.8743527955214994,1.1396645363290676,2.3889992811716954,1.6060342115721533,,
2000-01-29,122.51326093338358,430.3309084092788,59.0055661874507,1.2414236,0.84210664,2.0354626,1.376118,1.8594992742400966,1.0872970885335074,2.3734358123472643,1.5536669038538924,,
2000-01-30,124.05309790168974,435.5964345712787,58.797474087804915,1.2050359,0.87735385,3.2058501,6.37021,2.7623454212096528,4.961988504911683,3.3194349189168046,5.428350264259639,,
2000-01-31,98.9860025488584,434.0302952862592,58.66114715993026,1.1890396,0.8053097,1.8642476,21.226683,1.7388552631905245,17.285340399705202,2.247025429970443,17.75171136211471,,
2000-02-01,133.05657347325396,419.3710869201461,58.51062151249935,1.1698033,0.8198677,1.3639514,4.503325,1.3171893184495402,3.424362027944125,1.8052052944637642,3.8907371303154394,,
2000-02-02,152.21795712034833,400.8917710978208,58.35873239098252,1.1651818,0.83443713,0.75553864,1.3738484,0.8682740269448709,1.0218965839967176,1.3348333865653277,1.4882763173073978,,
2000-02-03,160.27468254043413,424.2485419567714,58.191663586917485,1.1645312,0.83650863,0.7231287,1.011495,0.8441600594836659,0.7691423174649652,1.3095668538889513,1.2355223060528653,,
2000-02-04,151.47976621247142,417.7076221638804,58.22261781813799,1.1678144,0.82610637,0.98289704,0.9174667,1.032109718353153,0.7082841457906,1.5064998639786318,1.1746621622953555,,
2000-02-05,168.53152725172765,413.278456988372,58.26888683042058,1.2110281,0.83429384,1.1089463,0.829395,1.1385161108227249,0.6367860917424591,1.617992118276193,1.1031630096729506,,
2000-02-06,158.75900461136405,415.9172027387128,58.31602059990312,1.2144697,0.83699876,1.166284,0.83032364,1.1795956607147025,0.6438905805646122,1.6610351302295905,1.1102670778402972,,
2000-02-07,146.31952908441087,396.5734153523359,58.36701459306356,1.1999787,0.84103525,1.071843,0.8440059,1.1063779261865738,0.6568802420399223,1.584317838273322,1.1232574904108996,,
2000-02-08,153.74284717998887,378.4348453971541,58.12420606618548,1.1590055,0.85431254,0.6935091,0.66955906,0.8279881416571561,0.5362932856422288,1.2926219736712699,1.0026734458030533,,
2000-02-09,172.91346394451318,396.23483163130845,57.879425658875505,1.2199724,0.83902615,0.4319502,0.8307687,0.6713599444565886,0.632053018110473,1.1285074840512228,1.0984348554621777,,
2000-02-10,171.04552773110697,392.1398913060949,57.676905594828696,1.6679537,0.86164576,0.4136243,0.8485626,0.7945777600025418,0.6462043039994874,1.2576146899812413,1.1125848195685504,,
2000-02-11,154.3153076531256,362.5282547550878,57.38308988553179,1.3274558,0.862055,0.76676506,0.8717838,0.9341719182927241,0.6634540734631775,1.4038809718589358,1.1298331125514576,,
2000-02-12,133.47273953632464,337.92745679297093,57.11692608168395,1.2016706,0.8523835,0.050150752,0.78512996,0.37619328696601567,0.6123904333343909,0.8192328693093436,1.0787755076000383,,
2000-02-13,139.19922948815145,378.4449113618825,56.85490078724501,1.1653537,0.84103185,-0.036127687,0.7629646,0.28696160186673497,0.6019017852245062,0.7257362146855735,1.0682878576493537,,
2000-02-14,247.5610274072,1027.351830495358,56.91672331112545,2.1067026,0.9231591,0.06261766,0.9383079,0.4595355794433482,0.777067127982318,0.9065586384757178,1.2434512781908593,,
2000-02-15,38.7789474072,860.4740304953581,57.493346056345615,1.8276832,0.7776128,-0.015551448,0.50717896,0.06393530572326774,0.48646476722685006,0.4920500239637027,0.9528533742708758,,
2000-02-16,38.7789474072,717.5001804953581,57.8994859384519,1.5190737,0.8876136,0.31317794,0.5653574,0.37501142159064144,0.5382956832392428,0.8179945148090311,1.0046807706659244,,
2000-02-17,38.7789474072,665.2084104953581,58.1231587359187,1.5373154,0.88788646,0.24517345,0.5643305,0.31635073151474924,0.535482782966438,0.7565300442690488,1.001868525634572,,
2000-02-18,56.69200740720009,617.5379204953579,58.202260895976906,1.3799459,0.89763623,0.12074244,0.7473808,0.22662141036824826,0.6886864361609655,0.662511968296085,1.1550731887199577,,
2000-02-19,97.25064740720006,518.041310495358,58.20923432040295,1.5575011,0.8248279,-0.30147362,1.3289701,-0.007651326687711618,1.1264875183369834,0.41704179523013957,1.5928769509960308,,
2000-02-20,85.7253874072,489.564950495358,58.1614222275876,1.5351222,0.87589526,-0.2551602,0.5343736,0.011614039561217137,0.4731052296354599,0.43722798013040715,0.9394944395290765,,
2000-02-21,81.19874740720002,482.540430495358,58.117188087332416,2.1031828,0.8094162,-0.44143665,0.66844547,-0.07491979210103272,0.5839222045312754,0.34655812711580736,1.0503124183433012,,
2000-02-22,97.6893474072,470.9189004953579,58.09339362058425,2.8772707,0.7753691,-0.05863464,0.84338355,0.4457665504531909,0.7110759120416787,0.8921314969669021,1.17746021436658,,
2000-02-23,68.66112740720001,546.3117504953582,58.11506310794259,3.106954,0.73001814,0.54794014,0.89405584,0.8336515704920187,0.7984065475346024,1.298556095044976,1.2647866475763179,,
2000-02-24,38.7789474072,638.9895304953579,58.23634970567877,4.024685,0.7995736,1.3065836,0.8899304,1.4621015068964138,0.8402588029337239,1.957043790160863,1.306632459612138,,
2000-02-25,38.7789474072,1666.7553304953578,59.022858001776214,3.8927417,0.951223,2.7664518,0.9113536,2.792060429497318,0.8908945803271018,3.350570203024946,1.3572560903763717,,
2000-02-26,38.7789474072,3961.006930495358,60.832313139890836,4.1490974,0.84300834,3.3356173,0.9077041,3.343504201917681,0.8989408400909917,3.9283711027507673,1.3652979069595619,,
2000-02-27,38.7789474072,3969.604830495357,65.10349032607236,4.567191,1.3150153,4.1169453,1.1942697,4.121301152134213,1.1827841680678965,4.743344088421784,1.6491355591140262,,
2000-02-28,38.7789474072,3851.257930495358,73.9073376271964,3.6877105,0.85854876,3.6445506,1.3531662,3.6449808143517113,1.3397041485430026,4.2442572667129,1.8060589333338462,,
2000-02-29,38.7789474072,5005.675130495357,77.89508356990873,3.2864492,0.81281054,2.7406156,1.0846424,2.744811670274776,1.0763224319817914,3.30106311462337,1.5426843389055667,,
2000-03-01,38.7789474072,4785.648830495358,80.25696493581856,3.6433356,0.8289212,3.0499234,1.2384781,3.054693291123997,1.2285411891251574,3.6257560176718546,1.6949005396764572,,
2000-03-02,38.7789474072,4329.355530495359,82.06344651071483,3.0465543,0.74287516,2.6719933,1.0567435,2.675318493004771,1.0473828323690815,3.2282484010304016,1.5137453276520563,,
2000-03-03,38.7789474072,3336.814930495357,83.46822806929433,2.9953136,0.71800655,2.647836,0.6504593,2.651827806310284,0.6430396907967397,3.2036349398108133,1.109402386210895,,
2000-03-04,38.7789474072,2333.429730495358,84.4577286023234,3.1787837,0.79218197,2.9371605,0.66652215,2.9411103518466124,0.655754266258507,3.5067442021608657,1.1221145410652251,,
2000-03-05,38.7789474072,1936.654630495358,85.25903937568688,3.3424354,0.7816995,3.4797587,0.87241805,3.47706299906709,0.8554295915321155,4.06831355385601,1.3217856345813548,,
2000-03-06,38.7789474072,1674.1440304953585,86.25756493349188,3.4771943,0.8197487,3.778151,0.85251087,3.7713376612092238,0.8334175025095037,4.3766535389209285,1.2997713617323499,,
2000-03-07,38.7789474072,1567.608230495358,87.13375701771231,3.898376,0.8591272,3.9669132,0.8589426,3.9652587019418903,0.838463877113838,4.5798433425147005,1.3048163513728301,,
2000-03-08,146.08314740720004,1804.5320304953584,87.67877896628731,4.49607,0.9833829,5.8519793,0.84904516,5.750434108621882,0.7889045573412284,6.4503440313171465,1.255246302332943,,
2000-03-09,165.5494474072001,2426.6765304953583,88.40475124561682,4.6047573,0.9388741,7.70562,0.9763565,7.507586894263826,0.9159672895499833,8.291482713586463,1.3823020331149405,,
2000-03-10,38.7789474072,2904.048330495358,89.73873695530105,3.937493,0.73985976,5.2050138,0.9824414,5.188311066909941,0.9695443624619964,5.8613534297328655,1.4358890927885688,,
2000-03-11,38.7789474072,3581.859830495358,91.15142531546111,3.351794,0.7718873,4.7035317,1.6669532,4.689053919299374,1.6491199896026334,5.338233497091695,2.1154676744128995,,
2000-03-12,38.7789474072,4848.608230495358,94.34802370180067,2.579896,0.7478146,4.060166,1.3029717,4.048420688440361,1.2926469184999843,4.666980187692768,1.758998812000807,,
2000-03-13,38.7789474072,4203.382330495359,96.36981332267392,2.9839642,0.663057,2.1171842,1.0118021,2.125107674586852,1.0025711687173815,2.651739386293699,1.4689385172768816,,
2000-03-14,387.7894737036,3274.844730495357,97.45043833926673,3.2427135,0.67494375,2.7916546,1.0181973,2.8394114388165623,0.9131937812239642,3.4001844287283225,1.3795548961010746,,
2000-03-15,387.7894737036,2342.565630495358,98.16109522628796,3.3249888,0.6734611,3.9193993,0.89407,3.8349757726128737,0.7730267495005388,4.443333334513671,1.239380149485798,,
2000-03-16,387.7894737036,2031.980630495358,98.61600655427051,3.2623937,0.64330673,4.476586,0.9757912,4.282000877467136,0.8258721872560234,4.911724711301091,1.2922224918650487,,
2000-03-17,969.4736841976,4192.762630495358,99.46256828465685,2.950369,0.517961,3.2692409,1.2226796,3.209356346920762,0.9978117973949352,3.787811438846498,1.4641699131327575,,
2000-03-18,969.4736841976,2654.341130495358,99.63974910154222,2.8765264,0.49784663,2.3643484,0.86713004,2.5013706005800174,0.6489623512284466,3.0459863939588687,1.1153263434415683,,
2000-03-19,999.1322254644184,2105.751130495358,99.6418702096848,2.9832919,0.52921695,2.7159953,0.85766953,2.802009686159085,0.6060936744643355,3.360995000145313,1.0724551012684085,,
2000-03-20,969.4736841976,1674.1702304953576,99.48649188341449,3.1416988,0.56085986,3.6888614,0.848436,3.4882066322884,0.5753200716842304,4.079989814652694,1.0416760302319426,,
2000-03-21,969.4736841976,1421.096860495358,99.11931173149046,2.996745,0.5154759,4.3220353,0.8542574,3.7845761781889298,0.5491655864405468,4.390524811758658,1.0155193497475412,,
2000-03-22,969.4736841976,1194.6193804953575,98.6052669725676,3.215171,0.5182513,5.425092,0.8259154,4.435088413864278,0.5116298246694717,5.0721293086344525,0.9779791217732282,,
2000-03-23,387.7894737036,955.827180495358,98.50822683764527,3.4244752,0.53797084,6.466312,0.8293179,5.588388705322056,0.6100529865470101,6.280553411664088,1.0763955550597262,,
2000-03-24,387.7894737036,805.2055304953583,98.31980263793713,3.7899778,0.558523,7.8964286,0.84761345,6.561604560295412,0.6002084100176166,7.300285657733197,1.066546484055854,,
2000-03-25,387.7894737036,742.9124204953579,98.07265122819766,3.915012,0.58076566,8.895789,0.9427693,7.187564367096602,0.650670048460102,7.9561642035629285,1.117005804154823,,
2000-03-26,54.9368420988,738.808730495358,98.3168984303754,4.200512,0.65916955,8.856248,0.9269287,8.534014379433238,0.863979373215152,9.366969923880141,1.3303116608692978,,
2000-03-27,54.9368420988,612.141630495358,98.39584301938316,4.3115616,0.7188752,8.1145315,0.92444044,7.801340240028288,0.850372035406317,8.599276465132887,1.3167059530309513,,
2000-03-28,435.83959266059486,3867.240930495358,99.6418702096848,3.9827235,0.8236718,7.764821,1.3594162,7.3817494695425445,1.2245721977663857,8.159630690117222,1.6909073253410487,,
2000-03-29,1474.264014582913,2778.768430495358,99.6418702096848,3.6605086,0.6487322,6.8555813,1.0251565,5.7480466729023565,0.7065396651848856,6.447842484331268,1.1728814220916677,,
2000-03-30,1379.233784845524,1993.3219304953584,99.6418702096848,3.29897,0.57536983,6.0465508,0.8870629,4.922905497740407,0.5746725697808918,5.583262381600579,1.041018835222662,,
2000-03-31,1141.0327869688665,1479.9948304953575,99.6418702096848,3.372534,0.55553454,5.83404,0.83382916,4.762453135870293,0.5293123951769535,5.415140945312034,0.9956596277541987,,
2000-04-01,1002.477732564312,1181.198330495358,99.6418702096848,4.235133,0.46369433,7.20413,0.83342534,5.841128840914762,0.49854925885355705,6.545373661789193,0.9648905560391752,,
2000-04-02,969.4736841976,1133.6676904953576,99.43185549562608,4.2084193,0.5194049,7.746673,0.8355509,6.115663431311436,0.5100764139198499,6.833030067157278,0.9764164129268635,,
2000-04-03,894.7363743726438,1576.536830495358,99.6418702096848,4.8924484,0.6376248,8.390427,0.93119985,7.123966765790652,0.6373341215109591,7.889526854312078,1.1036700922968816,,
2000-04-04,3394.302806512959,4102.461730495359,99.6418702096848,4.8908424,0.8114637,9.515295,1.0075216,7.42148611545022,0.662548472062936,8.201266611866355,1.1288834764193312,,
2000-04-05,3281.691815194265,4661.823338975649,99.6418702096848,4.526267,0.51897484,5.9435687,0.97291595,5.358041122061595,0.609904236845571,6.039196001327599,1.0762480276809248,,
2000-04-06,2089.5791418548893,3520.0707006417038,99.6418702096848,3.9517512,0.49706942,6.119777,0.9818595,5.312193489884733,0.6433400324395686,5.991157009054974,1.1096840738032272,,
2000-04-07,1488.6167727358006,2693.4328657295214,99.6418702096848,4.687618,0.5068029,7.507943,0.9798431,6.504037408554397,0.6563425652144231,7.239966992922426,1.122680874964102,,
2000-04-08,1253.1512592249371,2584.0683028654216,99.6418702096848,5.2820773,0.7564367,7.4560175,1.023667,6.7460565883593855,0.7322866117848763,7.493553862220914,1.198623956104033,,
2000-04-09,2079.621583230049,4748.534261860294,99.6418702096848,4.8684883,0.49335414,6.726268,0.9515339,6.160452030887533,0.6785745821620552,6.879959408690944,1.144914377558044,,
2000-04-10,1473.6254694784518,3480.7709496743955,99.6418702096848,4.44965,0.45075777,5.671602,0.9428413,5.308146896955643,0.6758366427140821,5.986917002816459,1.1421807063052667,,
2000-04-11,1261.4903409227045,3058.7217960259472,99.6418702096848,4.487991,0.49019197,5.3246055,0.96984386,5.080316246124663,0.701411864635225,5.748196825675877,1.1677572098867095,,
2000-04-12,1343.010311116922,2959.384896546292,99.6418702096848,4.30811,0.45413744,4.7147336,0.9014423,4.587804449862946,0.6360521611625125,5.232144649120203,1.1024004799106402,,
2000-04-13,1240.826123001627,2501.389860006126,99.6418702096848,4.766865,0.3895335,4.9930954,0.85850453,4.918082927783527,0.5882015783055189,5.578209309284891,1.054547872386416,,
2000-04-14,1246.9503390720802,2276.293041192092,99.6418702096848,5.460051,0.3597348,6.228284,0.8877273,5.956390040300171,0.587503236907998,6.666143952504524,1.0538439785653786,,
2000-04-15,999.8862142484928,2258.4434289304486,99.6418702096848,5.6960506,0.38013136,8.251133,1.0077299,7.46705281698097,0.7081607173751244,8.249011245968298,1.1744955826578647,,
2000-04-16,897.727211023027,2119.006411366354,99.6418702096848,6.0594807,0.39991704,10.505864,1.0532831,9.182698117821799,0.7493549183104612,10.046658527549246,1.2156862752912847,,
2000-04-17,842.0468372469758,2210.0412673691058,99.6418702096848,6.4251547,0.5845523,9.01465,1.0179534,8.30022908475387,0.7545445775010193,9.12201049127015,1.2208773185539965,,
2000-04-18,1681.153332158156,4802.763610431607,99.6418702096848,6.653179,0.58715624,7.279919,1.1360917,7.117417682239931,0.855184909455659,7.882664746954555,1.3215209026537211,,
2000-04-19,1204.5423145829131,3897.282202638247,99.6418702096848,5.8675265,0.5860029,7.5358734,1.1500086,7.141976208698126,0.8893193959560811,7.908397087028329,1.3556553053633866,,
2000-04-20,838.5606145829129,3423.556780773391,99.6418702096848,6.522226,0.76539844,9.32272,1.1999776,8.771729651645375,0.9755777364708306,9.61604717351501,1.44190962720286,,
2000-04-21,1064.5046145829128,4502.2147933207525,99.6418702096848,7.015406,0.72518957,8.972193,0.9510663,8.598003183766776,0.7815978389990161,9.434017174326037,1.2479300134512656,,
2000-04-22,1525.434354831655,6318.378088607438,99.6418702096848,7.450443,0.771794,8.091035,0.8891513,7.966455011626034,0.7317907869286373,8.772283158396394,1.1981242836322605,,
2000-04-23,1390.6099145829128,5657.805090351452,99.6418702096848,7.7735763,0.769422,7.4380517,0.8254443,7.504248679350247,0.6797560269040394,8.287984943411132,1.1460907804221492,,
2000-04-24,1237.218114582913,4715.48953884741,99.6418702096848,9.067196,1.3871168,8.156844,1.1197733,8.346052772433472,0.9327130963099873,9.170024394580397,1.3990457435676764,,
2000-04-25,946.4776692332324,3526.9055406509474,99.6418702096848,9.142387,1.5025333,8.294122,1.0876627,8.473597645750354,0.9145658333622734,9.303665476851489,1.3808982321973873,,
2000-04-26,792.5736409282931,2783.436157130608,99.6418702096848,8.418453,1.2314154,7.8306446,1.0549668,7.960924342701264,0.8653164752536362,8.766488142402666,1.3316499855516455,,
2000-04-27,626.5671859629265,2274.9141030584337,99.6418702096848,8.301758,1.1475114,7.845032,0.97196776,7.943660896058529,0.8013504159744734,8.74839956202255,1.2676839689310782,,
2000-04-28,612.4138582158921,2085.449228357781,99.6418702096848,8.54546,1.2841325,8.497189,1.0852348,8.508146106783947,0.8880889953955536,9.339865236224481,1.3544213301422936,,
2000-04-29,605.7853078239801,1742.5311989994598,99.6418702096848,9.877565,1.8775234,10.12461,1.092201,10.060880902850425,0.9441462732086867,10.966815447784565,1.4104771370774958,,
2000-04-30,483.2035606716731,1332.0478442892454,99.6418702096848,9.376106,1.799729,10.31391,1.0216537,10.06427475427878,0.889695280034358,10.970371513709894,1.35602614370853,,
2000-05-01,440.1193871805137,977.1853016733222,99.6418702096848,9.209421,1.7937052,10.154262,0.973428,9.860857781923054,0.8721763390968025,10.7572319054217,1.3385072377060225,,
2000-05-02,405.89600632224506,919.8519177222574,99.6418702096848,9.220617,1.7722368,10.761834,0.9811581,10.289969355623162,0.8705442624717208,11.206853545500138,1.336875142771311,,
2000-05-03,377.9668630910378,781.9518222360839,99.6418702096848,9.601282,1.9387677,11.925025,1.0135057,11.167818629478749,0.9305636963883537,12.126661013868398,1.3968951953680546,,
2000-05-04,184.04122640702928,458.1654070359249,99.6418702096848,9.831266,2.020627,12.8077755,1.0148476,11.954778415829846,0.9271000980054702,12.951234787919624,1.3934329008601465,,
2000-05-05,171.33245804762822,409.2329904953579,99.6418702096848,9.840183,1.9741502,15.335948,1.0229572,13.714075929636154,0.9270170555962728,14.794620709028175,1.3933553351477541,,
2000-05-06,174.98760359119206,362.23935691283657,99.6418702096848,10.011951,2.0668595,17.546034,1.0493057,15.092003954604307,0.9766368316464302,16.23840898337849,1.44298187278185,,
2000-05-07,142.4386461426958,357.387430495358,99.6418702096848,10.023834,2.0577283,19.93348,1.1109704,17.10946412659157,0.9873669206429566,18.352296855244145,1.453725778671163,,
2000-05-08,103.4105262964,354.205450495358,99.60594169967845,9.825907,1.9782912,21.319216,1.1420956,18.721996282592524,0.9906174140589259,20.041902536136526,1.4569906627238085,,
2000-05-09,103.4105262964,370.411470495358,99.49323416003527,9.28001,1.605829,23.58613,1.4385325,20.46385342208929,1.1779217692056712,21.867014492660477,1.644313903183996,,
2000-05-10,434.30140207921954,739.2493591636802,99.6418702096848,9.015411,1.5519425,22.256136,1.2409548,17.356079264328084,0.9700149207181443,18.610699353552793,1.4363757869978542,,
2000-05-11,644.2639071995277,1581.8475081170486,99.6418702096848,9.699209,2.0130715,18.035995,1.0537019,15.623227434623585,0.9487120768879088,16.79502312984607,1.415060304727072,,
2000-05-12,548.5652223497852,2029.9773021265576,99.6418702096848,10.058098,2.1511605,14.510854,1.0021157,13.56356396218601,0.9120509994254236,14.636914784033337,1.3783886719592207,,
2000-05-13,766.9899145829129,2795.188058271206,99.6418702096848,12.266727,2.8747764,15.077059,1.0972404,14.471952642344645,1.0603959832390781,15.588721337932192,1.5267377130164475,,
2000-05-14,1504.823814582913,3595.510524528138,99.6418702096848,13.50374,3.0907762,16.166681,1.1661775,15.380996129524656,1.2277801840003544,16.5412139963897,1.6941269187123231,,
2000-05-15,1010.8992096906056,2581.139031059614,99.6418702096848,12.976177,2.8958743,13.879824,1.0870101,13.62551249972056,1.1288495169345252,14.701824249901557,1.5951874361705185,,
2000-05-16,850.3575578666142,2077.8435884410737,99.6418702096848,13.689886,3.18547,13.260007,1.0647398,13.384844987328524,1.1943987387874242,14.449653653097917,1.6607357241925373,,
2000-05-17,464.91980008038416,1317.999663690608,99.6418702096848,13.417141,3.184649,12.841187,1.048738,12.991374250514104,1.13607495266942,14.037376360076195,1.6024105540306255,,
2000-05-18,640.9749866238017,1721.7933572352033,99.6418702096848,13.98547,3.3443782,13.069053,1.1082537,13.317659570435637,1.2146441082944015,14.379257002939408,1.680980844836709,,
2000-05-19,933.4558145829128,3068.640717269624,99.6418702096848,12.528648,2.8064878,12.060557,1.1334224,12.169735710452025,1.0880050994238752,13.176466306429992,1.5543383815969638,,
2000-05-20,953.4548145829128,3007.860566908347,99.6418702096848,12.007221,2.6164167,11.659581,1.174925,11.743255175375092,1.0920077655901335,12.729601459627158,1.5583401483735775,,
2000-05-21,746.2330145829128,2773.660861046269,99.6418702096848,12.232777,2.6383033,11.599216,1.2300447,11.733534011722032,1.1190782770437795,12.719415657581617,1.5854106417516125,,
2000-05-22,766.2357145829128,2815.125138137854,99.6418702096848,13.014851,2.9449067,11.559876,1.3011996,11.871169612944007,1.201297703361349,12.863629770058237,1.6676303340582859,,
2000-05-23,1128.7338145829128,3436.690310750299,99.6418702096848,13.984211,3.3112516,12.195382,1.2693036,12.637643681626912,1.2582354942888372,13.666738679163654,1.7245700025435275,,
2000-05-24,3068.084621253888,8336.875059311009,99.6418702096848,15.053087,3.8470397,12.871091,1.3807298,13.458076693296052,1.4455808798482794,14.526385584280629,1.9119181423928748,,
2000-05-25,2709.951890983945,7884.100301949627,99.6418702096848,15.213604,3.8315063,12.313858,1.2777613,13.055611221045739,1.3655845881829929,14.104683638216143,1.8319204034050003,,
2000-05-26,2000.876495553992,5818.506707515636,99.6418702096848,15.071077,3.7178085,11.548941,1.2327372,12.450208742073169,1.3215429868778148,13.47034499021353,1.7878769739238838,,
2000-05-27,1471.9172719786986,4323.540286640976,99.6418702096848,14.615833,3.5137997,11.244924,1.2211504,12.101059650944078,1.2752868864902136,13.10450776603493,1.7416200097821726,,
2000-05-28,1112.915642929277,3151.680707104288,99.6418702096848,13.74543,3.210505,11.222312,1.2032775,11.880760577364132,1.2217826886551217,12.873679149792572,1.688115338694701,,
2000-05-29,812.9604894739346,2512.3684180292416,99.6418702096848,13.799076,3.22213,11.689771,1.1033254,12.205443578829536,1.1469052916796305,13.213880888854705,1.6132386585939735,,
2000-05-30,502.3741841826886,1794.8567269956616,99.6418702096848,13.593578,3.220899,11.996745,1.0738541,12.345951533180457,1.0954830253341077,13.361104643121188,1.5618167398589273,,
2000-05-31,367.1052215711791,1243.9186935041978,99.6418702096848,13.111601,3.1296027,12.437987,1.20605,12.5914841494293,1.1729273030307432,13.618372879115464,1.6392616791982544,,
2000-06-01,281.9474304349174,899.8862090654051,100.0,13.211769,3.26727,14.30795,1.2125003,14.046436569735743,1.2082766519670438,15.142867051606514,1.674616363712223,1.3983652057540993e-12,4859.999999999998
2000-06-02,238.78941592924343,717.6345933005531,100.0,13.056183,3.2522006,17.337284,1.3511881,16.26842587084015,1.2989108250280372,17.471059845813265,1.7652633573135137,1.3507678366868603e-12,4859.999999999997
2000-06-03,261.74506039627244,567.8359997688962,100.0,12.709665,3.0365918,16.872461,1.3334917,15.559037775297885,1.3232754086941894,16.72776542422597,1.7896232343296359,1.353313017506384e-12,4859.999999999996
2000-06-04,149.87017338999735,519.9969355642063,100.0,12.214569,2.9183578,15.747885,1.268741,14.957371791433065,1.1816561300477348,16.09734186302469,1.6480004148140905,1.3472538456143487e-12,4859.999999999995
2000-06-05,132.9237902740994,528.471954503261,99.926192545209,11.349119,2.5375803,14.760322,1.2496454,14.074756340868399,1.1211993600008336,15.172540410993015,1.5875391996214971,0.0009294767155333877,4859.99907052328
2000-06-06,782.8771697546558,1333.2344555269651,99.99999902875996,11.231783,2.371084,14.547474,1.2302788,13.320800063635113,1.1706023720175758,14.38254760097858,1.6369391200776238,2.5005980222626718e-08,4859.999070498275
2000-06-07,1224.3810720061624,3467.524837057905,99.99999902873384,13.934509,3.2143168,14.407033,1.2678387,14.283725067344296,1.2575870372081388,15.391497128270604,1.723927848765019,1.418253856719143e-12,4859.999070498273
2000-06-08,686.9712720061624,1818.745337057905,99.99999902873384,14.216293,3.2911303,14.783746,1.2267406,14.628172099961795,1.2676702047600787,15.75240755161394,1.7340127273853048,1.4209459857952117e-12,4859.999070498271
2000-06-09,554.6329779708789,1044.8871499277625,99.99999902873384,14.401073,3.5792937,19.308846,1.4425772,17.607077478656688,1.5583407191471605,18.87369442453183,2.0247037007861564,2.985713963910352e-11,4859.999070498241
2000-06-10,475.10060352089465,676.2986790655646,99.9999990287338,13.786652,3.4040282,24.553242,1.786243,20.110635641232243,1.7531961128441533,21.496914109293044,2.219584136804329,0.005864408860610779,4859.993206089381
2000-06-11,411.69689173547545,551.3349437351319,99.99999290082484,13.217182,3.2216876,27.051746,1.9500389,21.137458934109198,1.7729137254217162,22.572816045549686,2.239314092829954,0.7111847677545602,4859.282021321626
2000-06-12,1313.3435515918125,4478.873071672479,99.99924976104664,14.900534,3.5409522,16.160666,1.3371061,15.87493966159849,1.3090568967680978,17.058766340835167,1.7754067472713844,1.4359715657787146e-12,4859.282021321625
2000-06-13,928.1049029047507,4090.3813526702247,99.99924976104663,14.565357,3.3849168,14.006864,1.2015486,14.110149851141406,1.1623142376688078,15.20962561007041,1.6286542383953715,1.4606406252642132e-12,4859.282021321623
2000-06-14,1094.222724503863,4259.200751918018,99.99924976104663,15.431955,3.705773,13.715648,1.3787788,14.066455517954953,1.3330607118576772,15.163842837119251,1.799400513901663,1.4874733780679808e-12,4859.282021321621
2000-06-15,803.873225902324,3051.7792856134784,99.99924976104663,15.438318,3.7674983,14.10794,1.3575397,14.385313181409764,1.3309987918925743,15.497940806926806,1.7973400939881348,1.4817192900185916e-12,4859.282021321619
2000-06-16,973.7378241976016,2254.0536179542664,99.89020510381627,15.782183,3.9148822,16.76107,1.3811635,16.465766215275504,1.5248156467207417,17.677832384138405,1.991169590637504,1.4479903839137714e-12,4859.282021321617
2000-06-17,609.7385643594137,1897.450838675912,99.99924976104663,15.158258,3.6823967,16.151585,1.303577,15.910011618214709,1.3323981483938079,17.095514617090156,1.7987482307400642,1.4427577078257792e-12,4859.2820213216155
2000-06-18,969.4736841976015,2264.966893474136,99.78515354386124,14.765543,3.4701521,15.8216095,1.1757572,15.505069845594491,1.3265562056226277,16.671218011962896,1.7929036967487133,1.4396709884380618e-12,4859.282021321614
2000-06-19,603.6749390523862,2313.6370392815124,99.99924976104663,14.604837,3.5250225,14.186212,1.2261121,14.27283719383758,1.2155722371645217,15.3800888516286,1.681912996847415,1.4589107088585384e-12,4859.282021321612
2000-06-20,969.4736841976015,1525.6862604953585,99.67310082880975,15.365528,3.7411106,17.19601,1.3501933,16.48479181569273,1.6716701396024285,17.697767343219816,2.138024221968526,1.4361448052079945e-12,4859.28202132161
2000-06-21,387.7894737036014,1335.3532704953586,99.87037239633472,14.166094,3.4393373,15.557218,1.4272228,15.244148261664344,1.3499632965473816,16.3978252682367,1.816309217385878,1.4264366650978484e-12,4859.282021321608
2000-06-22,760.7159104771818,2142.919679516752,99.9992497610466,14.900049,3.6149218,16.089956,1.3628135,15.77821563461148,1.3814884977263686,16.957419235992724,1.8478377161254962,1.4380133260212396e-12,4859.282021321606
2000-06-23,969.4736841976023,1456.2896804953582,99.69685806302012,15.405001,3.7490435,18.49014,1.3354555,17.25714254957678,1.6993445037015995,18.507033802034616,2.1657045559595782,2.271241214373139e-12,4859.282021321605
2000-06-24,387.78947370360135,951.998980495358,99.88180251487721,13.739002,3.3596838,17.391344,1.3730743,16.334207239236676,1.3775025821565374,17.539985338756786,1.8438555800462466,1.3900937244966254e-12,4859.282021321603
2000-06-25,387.7894737046173,865.071030495358,99.90964724613707,12.990686,3.1376204,20.226887,1.5187371,17.9871143969512,1.4292784030252017,19.2718958084296,1.8956447246540524,1.0173061261533736e-09,4859.282021320585
2000-06-26,387.7894742206453,847.493620495358,99.98355615544425,12.000036,2.8426852,21.797821,1.5876927,18.7220258410322,1.4081501576416724,20.041933507368576,1.8745234065975944,5.17045315301188e-07,4859.28202080354
2000-06-27,491.9694534970177,721.5023304953581,99.99924976050526,12.325909,2.8301218,23.171274,1.7021435,18.774312821639928,1.529959136523191,20.096719626915252,1.9963329018728961,7.873112973141795e-07,4859.282020016229
2000-06-28,969.4815160700907,708.4395893512151,99.44802864321095,13.758316,3.17831,28.912748,2.8660166,20.156709718070047,2.1992234366065055,21.545190369507342,2.6656119885915546,0.007831872490613442,4859.274188143738
2000-06-29,387.78947391035035,618.3256364388432,99.42585612884982,12.699457,2.9694767,22.308475,1.8725829,18.604847427347973,1.6230717474793461,19.919154366064614,2.089443850517629,2.0675036039208716e-07,4859.274187936988
2000-06-30,387.78947382505385,500.9747904953581,99.1706921381305,12.125128,2.7996783,23.501257,2.2790835,18.53757499186737,1.7727349369866823,19.848666538127354,2.239106389245012,1.214538393284046e-07,4859.274187815534
2000-07-01,387.7897098789148,451.2695504953579,99.0810077753714,11.283375,2.5988348,25.70447,2.7265851,19.039443181055116,1.8955448184960095,20.374522311207695,2.361921250426483,0.00023617531480665623,4859.273951640219
2000-07-02,387.78947929021774,445.2521904953581,98.78085219251567,10.2764435,2.3216972,26.659048,2.8782883,19.03277686582597,1.8801048622893708,20.36753736889825,2.3464812261874854,5.586617762836561e-06,4859.273946053601
2000-07-03,387.7894737144374,650.9256804953579,98.6117798492603,9.760933,2.207925,23.317217,1.9387621,18.256171795025587,1.468188231394145,19.55381323040524,1.9345570175132893,1.0837402295620587e-08,4859.273946042764
2000-07-04,387.7894737040167,564.4510604953581,98.4507801855375,9.487158,2.1364403,23.669643,2.122116,17.89398229386979,1.5294784436810982,19.17431230917707,1.9958439315322174,4.166971369799572e-10,4859.273946042347
2000-07-05,387.78947370377904,479.034510495358,98.12610496368698,9.054321,1.9038459,24.8888,2.487215,17.804957793317012,1.6170084484903398,19.0810327418129,2.0833731486095175,1.7908082310950972e-10,4859.273946042168
2000-07-06,387.7894737036012,450.4655104953581,97.81205469712215,8.464434,1.7889938,23.252188,2.1900902,16.41114834130815,1.4387811990083978,17.620603962497274,1.9051347477707157,1.1906378749380918e-12,4859.273946042167
2000-07-07,387.7894737036012,297.368910495358,97.46960508852283,8.601664,1.7014784,24.048643,2.8791447,15.3058820257465,1.5776153541693156,16.46250969521567,2.04396163950456,1.2161446923345372e-12,4859.273946042166
2000-07-08,316.6201547530076,273.21176597635474,97.09856301983173,8.525541,1.6096123,23.235811,2.7398071,15.33937874594725,1.5352970788071074,16.497607444139206,2.0016435637422627,1.212275757446764e-12,4859.273946042165
2000-07-09,241.33803225225748,400.4383298911776,96.80803178884183,8.302216,1.6151727,20.239302,2.08949,15.75039707015447,1.4382833227955687,16.928271039247676,1.9046323613778717,1.1956762119288926e-12,4859.273946042164
2000-07-10,239.17681926586408,394.7921628829153,96.63756423184758,8.538889,1.6444833,21.344082,2.4078054,16.513080038696526,1.6227006832892468,17.727407646584737,2.0890549722741203,1.1920260088701536e-12,4859.2739460421635
2000-07-11,248.47107732985788,393.09023161409857,96.31529744107942,8.519108,1.5458567,20.91265,2.2299101,16.112739115244157,1.4917016647610142,17.307931795488333,1.9580531148026912,1.1983114092066408e-12,4859.273946042163
2000-07-12,265.35340887343085,405.0797033529202,96.06728307787141,8.311178,1.3781247,21.094177,1.9697925,16.034742816789127,1.3091987369466807,17.22620754058416,1.775549655225545,1.1910664995256795e-12,4859.273946042162
2000-07-13,272.15407632282626,407.0004504522992,95.7783852721325,8.310305,1.2245317,21.126467,1.8926685,15.990712481090716,1.2358247138791076,17.180072705349538,1.7021753350404396,1.1918243796299278e-12,4859.273946042161
2000-07-14,264.5471281148037,394.0372949422149,95.59302637188787,8.060783,1.0915443,20.851057,1.8127991,15.7133252026278,1.1698885472177374,16.889427263177073,1.6362373475462375,1.1861417129793094e-12,4859.27394604216
2000-07-15,417.27590724118187,313.1154730449388,95.46045030581155,7.694364,1.0115591,23.6823,3.0939963,14.548319955785777,1.4468129518443367,15.66873874790721,1.9131550657153125,1.1894718611198306e-12,4859.273946042159
2000-07-16,159.74751966185792,98.1735554656148,95.67005190700726,7.733812,1.0017655,23.149881,5.7949657,13.601693547876712,2.2913650321934655,14.676866833580586,2.7577028560541326,1.2053058462441968e-12,4859.273946042158
2000-07-17,138.95789469160115,151.58276999999993,95.80912331485946,7.9824357,1.0272487,24.154924,4.30072,16.420051952068437,2.2969586505913724,17.629933135416433,2.7633122635376193,1.1703863628755046e-12,4859.273946042157
2000-07-18,138.95789469930025,282.27677049535805,95.86472786795723,8.084335,0.9408878,23.210588,2.1855512,18.22070404387936,1.497104194462608,19.516650241994665,1.9634726509701808,7.70027598361699e-09,4859.2739460344565
2000-07-19,138.95789469160138,267.200020495358,95.88190650243598,7.6407666,0.9052957,22.090805,1.3766596,17.14704588075837,0.9571634708537005,18.39167488879332,1.4235226304281083,1.3866416634159183e-12,4859.273946034455
2000-07-20,138.95789469160115,320.70942174934555,95.8808284863111,7.95336,0.8635974,19.336273,1.0256468,15.895207046136061,0.7617273999631156,17.08000243707305,1.228077384272258,1.1784459720712826e-12,4859.273946034454
2000-07-21,138.95789469160115,383.9997594085781,95.86916860314732,7.7805457,0.80701965,19.778494,1.0152929,16.590454457363872,0.7757412613751129,17.808480297973166,1.2420961201819274,1.1590854147787808e-12,4859.273946034453
2000-07-22,138.95789469160115,408.2535287013943,95.85020839943267,7.8365445,0.7885854,19.139935,0.98540306,16.26957179925721,0.7619567515256419,17.472260545691498,1.2283092918797118,1.1667946057294788e-12,4859.273946034452
2000-07-23,138.96100327660193,366.9092039090698,95.82441272242951,7.878451,0.7846747,19.863811,0.9679473,16.571469478973007,0.7343992254795139,17.78858790251212,1.2007539438380819,1.1634713718458766e-12,4859.273946034451
2000-07-24,387.7901310391614,292.4200106559276,95.53033470257316,7.7945266,0.73842746,26.141872,1.1017342,15.681987721660859,0.6336806822405312,16.856591957741728,1.100029282394896,1.1752720301436062e-12,4859.27394603445
2000-07-25,138.96351115521387,449.0139270316251,95.49045381929766,7.997823,0.74988407,19.902384,0.9871911,17.08884126414235,0.774428995936989,18.33068829046558,1.2407876891790628,1.290588239428147e-12,4859.273946034449
2000-07-26,138.96622146881012,510.7596116918529,95.44639063177469,7.4748287,0.77468026,18.900799,0.936952,16.456962017155345,0.7549592934909082,17.66860737544375,1.2213131734796048,1.1480507349818186e-12,4859.273946034448
2000-07-27,141.88377869302317,427.67472034569465,95.41357249691902,7.7289333,0.7968991,19.328169,0.9913604,16.4386616974344,0.770416460221338,17.64943236299666,1.2367702076134126,1.159224178031723e-12,4859.273946034447
2000-07-28,387.7894737036012,375.245190495358,95.14632290892727,7.8726068,0.7441385,26.148785,1.2754861,16.860465593571618,0.7324465756892685,18.091397043504745,1.1988034766198674,1.1685153421166365e-12,4859.273946034446
2000-07-29,144.31788824243355,268.82669049535804,95.11288425274468,7.7749686,0.7567604,25.476559,2.0575018,19.29311533971011,1.3646328765809692,20.6403191319115,1.8310119350918752,3.355083358494222e-05,4859.273912483613
2000-07-30,353.0331046916012,222.2541304953581,95.08323632807515,7.6986356,0.7135009,31.563292,7.17091,16.918409698119937,2.804767115292926,18.152110678178463,3.271124465327007,1.169946469890472e-12,4859.273912483612
2000-07-31,595.1863787036019,308.40954049535804,94.79822077159291,7.8535013,0.76427263,35.419678,10.306788,17.262211143125175,3.553684415112771,18.512344657028503,4.020044508801582,1.9677904309451166e-12,4859.27391248361
2000-08-01,356.48995502093186,296.662200495358,94.76563169802536,7.9000373,0.7961142,31.614668,3.252025,18.671240352818444,1.5396585377678402,19.98872064641971,2.006031288151724,3.293318612420327e-07,4859.273912154278
2000-08-02,324.5279156884325,313.746390495358,94.70500847655808,7.902351,0.7988511,30.097475,2.3363101,18.812456512293632,1.218134386839083,20.13668645559452,1.6845085308735026,9.968324433962378e-07,4859.273911157446
2000-08-03,351.60280469160114,176.2286904953581,94.65501834194836,7.8704457,0.7747459,34.13453,4.1494045,16.63931432422088,1.478377251833164,17.85967549944684,1.9447324739939789,1.162399815521266e-12,4859.273911157445
2000-08-04,592.0898537036546,279.62611049535803,94.33901949833735,7.880582,0.762515,38.432053,5.7710543,17.68077972803752,1.9223039038931298,18.95091938949453,2.388667520362119,5.4704329838065244e-11,4859.27391115739
2000-08-05,263.6286297035077,286.25732049535804,94.28199198826552,7.729713,0.7953907,27.981174,2.1083817,18.272133813635893,1.1619284046320757,19.57053817894169,1.6282973395600144,1.1907721397180875e-08,4859.273911145482
2000-08-06,245.57168469160118,283.365600495358,94.21729916912956,7.6397862,0.81067467,24.391935,1.3986853,16.61435264986747,0.838526858460354,17.83352074238655,1.3048818946486933,1.1528228506101884e-12,4859.273911145481
2000-08-07,364.71969469160115,245.916450495358,94.159990785731,7.8080564,0.90081614,29.675962,2.7391527,16.614737532324252,1.2273346796100655,17.833924020909112,1.6936897186604938,1.1599726682179273e-12,4859.27391114548
2000-08-08,255.57391987342888,236.209160495358,94.05999290784767,8.030043,0.86139256,30.933228,3.0755458,19.030709998758702,1.5435595667223456,20.3653717126504,2.0099359095375915,5.1818288773677145e-06,4859.2739059636515
2000-08-09,215.6009142271179,192.7810004953581,93.90906611884131,7.956513,0.79296744,32.368904,3.9687397,19.480640289215007,1.9196892008366122,20.83680713298076,2.3860702483253364,0.0001195355178969786,4859.2737864281335
2000-08-10,141.43752406156406,313.5317404953581,93.73120476576652,7.965261,0.80420876,27.53528,2.0008714,21.45149548988013,1.4013367902163882,22.901862475206205,1.8677411733672202,2.479629369964061,4856.79415705817
2000-08-11,156.38818062150892,146.71311691868152,93.54640226568432,7.716968,0.8616005,28.70405,2.158012,17.875552799701786,1.1352266859625588,19.15500194818591,1.6015920099966974,3.3787474252921413e-10,4856.794157057832
2000-08-12,138.95789929810329,382.8379004953581,93.6770153008031,7.764048,0.8444814,23.098488,1.2432463,19.014818464483824,0.9394753546394333,20.348720617359675,1.4058515355178534,4.606503304148257e-06,4856.794152451329
2000-08-13,387.7894737036012,253.247710495358,93.8094923622074,7.852778,0.83642334,29.75427,1.8619163,16.50516660712705,0.8927943187186581,17.719115980036957,1.3591485498111868,1.21837743379758e-12,4856.794152451328
2000-08-14,387.78947370360123,241.36735049535807,93.73199284818506,7.8905115,0.8971838,31.565855,3.0018535,16.97323098129883,1.2775084208395087,18.209552231296126,1.743866199308017,1.2489186774364219e-12,4856.794152451327
2000-08-15,387.78947370360123,265.694200495358,93.52593256453481,7.9561152,0.91266793,29.730785,1.9046701,16.809287556133384,0.944999773956717,18.037772870820334,1.4113562814184075,1.2231340684224215e-12,4856.794152451326
2000-08-16,387.7894737036013,77.38393049535806,93.43950949410201,7.851974,0.8609866,34.646355,3.31959,12.30935371514682,0.9056123940460394,13.322757574488923,1.371946015854681,1.2853331366729441e-12,4856.794152451325
2000-08-17,387.78947370360123,90.50498,93.30721140630884,7.789291,0.866735,33.187565,4.116451,12.595263998799451,1.049077002462824,13.62233339236474,1.5154113893549033,1.2786905350941631e-12,4856.794152451324
2000-08-18,387.7894737036013,77.38393049535806,93.11091479433166,7.7611003,0.93760604,31.439468,3.5440114,11.700115666048804,0.9790465538218712,12.68440002922011,1.4453788572158168,1.288335554469747e-12,4856.7941524513235
2000-08-19,387.7894737036013,77.556,92.90675879518426,7.8900566,0.9547095,30.050432,3.2388887,11.583377350877559,0.9614357480357771,12.562082021633646,1.4277678472701565,1.295785793975523e-12,4856.794152451323
2000-08-20,387.7894737036013,77.556,92.68111574838164,7.883221,0.94925183,27.867598,3.3095467,11.213882746105885,0.9643623856612384,12.174926837808005,1.4306939414445903,1.2995176221436996e-12,4856.794152451322
2000-08-21,138.95789469160127,77.556,92.41695389017463,7.891197,1.0248867,21.248758,1.8199912,12.675920194471088,0.9261039976675948,13.706844678480067,1.3924386173001744,1.2822628826357796e-12,4856.794152451321
2000-08-22,138.95966353121193,86.04062297925711,92.20563193452116,8.009275,1.0399407,22.43345,1.7623855,13.525112970615096,0.9309671187836347,14.596625966503472,1.3973046403988933,1.2759085686894556e-12,4856.79415245132
2000-08-23,161.70093469160125,152.339980495358,92.03732159007936,8.041342,1.0142556,23.768412,1.5142317,15.670479894060339,0.9012765718986642,16.844534095319446,1.3676250988265275,1.242202774499e-12,4856.794152451319
2000-08-24,138.95789469160314,232.176570495358,91.89210283532947,8.095867,1.1436204,22.88361,1.7025659,17.346873699665615,1.1479485397104077,18.601053794367104,1.6143093297771764,3.1615772834494807e-12,4856.794152451316
2000-08-25,138.95789469160133,179.558070495358,91.68089844703768,8.145309,1.0912116,23.98636,1.2997469,17.075438174340032,0.873783301318749,18.316644578786885,1.3401418877247513,1.3337585273350373e-12,4856.794152451315
2000-08-26,146.05627985991913,209.34025323829627,91.45802589993886,8.201908,0.9827238,24.947031,1.2886913,18.065336546936308,0.8598334110867045,19.353856709794957,1.326200440673606,1.927756908309355e-09,4856.794152449387
2000-08-27,160.50881586546365,223.65517392286435,91.20781905130045,8.252586,1.0174879,25.305058,1.2845387,18.18030865179493,0.8602288786439827,19.474324088253343,1.3265969614982047,5.30699084486896e-09,4856.79415244408
2000-08-28,178.01173429220833,232.09471543975093,90.96541316679937,8.422665,1.0481685,24.607265,1.1651872,17.582140984678883,0.8011474933055663,18.847566051383026,1.2675102615619243,2.1534411204928713e-11,4856.794152444058
2000-08-29,191.84741150690766,248.3468982830379,90.74596937711857,8.518211,1.0944606,24.468966,1.0857265,17.51723800869468,0.77635540748336,18.7795609350065,1.2427176236961157,1.194299284668199e-11,4856.794152444047
2000-08-30,207.65143166738665,264.5550057323886,90.4483584999303,8.541168,1.2165014,24.06397,1.0459166,17.237862582558584,0.7934384811578898,18.48683231849822,1.2597983760892721,1.855045882992618e-12,4856.794152444045
2000-08-31,226.21977544654754,284.5173535310733,90.15557644066674,8.743275,1.1374273,24.196253,1.027118,17.351696112290345,0.7623655793067868,18.606106701830704,1.228726409286261,0.0,4856.794152444041
2000-09-01,229.0845160966624,281.1313006851916,89.72098899867387,8.629041,1.1115965,24.238678,1.0425549,17.23002383524246,0.760985029114775,18.4786189058558,1.2273448602026868,,
2000-09-02,189.92733079314425,249.293735012731,89.39812084139422,8.632734,1.1380312,23.798128,1.0706779,17.24033071196088,0.7819614184677504,18.489418416049066,1.2483213335156076,,
2000-09-03,129.3748163607185,308.6795413293096,89.21320717310137,8.902991,1.1720799,22.29637,1.0760612,18.340774037746183,0.8335362377244121,19.642459171129584,1.2999058158834196,,
2000-09-04,208.3300479012,184.1136604953581,89.04662352834411,8.572876,1.347694,24.77704,1.1663413,16.175005857749728,0.9006933967328439,17.373174675437458,1.367045276290502,,
2000-09-05,170.33557345555326,201.98774637727345,88.83747704122975,8.792194,1.4476005,22.087112,1.1680588,16.004771162549428,0.9165961087150352,17.19480334372478,1.382946824503672,,
2000-09-06,208.99689288988023,283.9664339602467,88.55243006657787,8.832287,1.4742675,21.341116,1.1093243,16.037868677931204,0.8938700075949249,17.229482807203606,1.3602209470514466,,
2000-09-07,221.0846992383363,305.3967715052124,88.23340148947723,8.8262615,1.4524596,20.33306,1.149691,15.501024243995657,0.9037550853432691,16.666979044436832,1.3701025515277143,,
2000-09-08,233.803604226924,301.00183210500853,87.84362973250622,8.887255,1.3842188,21.096601,1.223927,15.758979453133463,0.9169106401264572,16.937263630795655,1.3832597340901474,,
2000-09-09,227.33935675198865,315.0725957624086,87.45615699231595,8.949652,1.3667015,22.280458,1.388663,16.6931608005704,0.989336981147839,17.916095653300893,1.455692606908619,,
2000-09-10,226.41336451851487,327.8258795645713,87.09020925764642,9.00573,1.2406192,24.15402,1.7769405,17.965762285862233,1.1668492403437696,19.249523139419125,1.633215369938651,,
2000-09-11,248.19856186299296,330.98143161991254,86.68460235393164,9.0879135,1.4687215,25.057793,2.0400689,18.214149784238924,1.3248770020529024,19.509782711148034,1.79124539780741,,
2000-09-12,240.3388457739956,296.9376871510078,86.33511897397017,9.425686,1.4715667,25.644598,2.021651,18.389424217044336,1.2968055821443516,19.693434662695868,1.7631756194691945,,
2000-09-13,472.7714279011999,70.92093049535806,86.51192772899559,9.189009,1.5261865,31.373373,13.665509,12.082806529939893,2.2223348232794624,13.085382208241917,2.6886679052504947,,
2000-09-14,242.2621379012,176.20582999999996,86.57391977140179,8.972233,1.5737787,25.60245,2.7129862,15.974778637145628,1.4612012759564739,17.163377278130994,1.9275517901422754,,
2000-09-15,270.68283790119995,165.43723049535808,86.59337453174999,9.061235,1.6091651,25.981874,2.4894187,15.479889059101884,1.37450322732356,16.644833669952153,1.8408505635112724,,
2000-09-16,131.17984790120002,209.798100495358,86.48117815665371,9.175989,1.6865659,20.40863,2.210761,16.08724778987521,1.5070739314782948,17.281222071904487,1.9734252069599996,,
2000-09-17,141.8773879410254,178.183189551892,86.34449501501996,9.181437,1.7184054,17.910772,2.6263244,14.041206851581912,1.6486483612809713,15.137387370801825,2.114988049512144,,
2000-09-18,176.53762636632842,262.5849059184319,86.23079687556111,9.253685,1.7005086,19.151323,2.1838598,15.172239014342281,1.47402032501597,16.322479004702107,1.940365826773692,,
2000-09-19,189.59491991466075,251.59260066743613,86.1135128972931,9.430023,1.7340534,20.874495,1.6399084,15.956373505216483,1.1957688245680282,17.144092443810433,1.6621192155481346,,
2000-09-20,247.67378450984484,113.20547987862298,85.8550354781897,9.386351,1.7496759,26.32964,6.152811,14.701350214544968,2.273153694021592,15.82908332992732,2.7394965976412577,,
2000-09-21,183.6384847277153,232.795789568018,85.55991258611989,9.477669,1.7866923,22.142614,1.9354935,16.557647989029448,1.3384548957784437,17.77410579259566,1.8048095121468137,,
2000-09-22,187.02509972928064,295.13326561001475,85.25827992806457,9.366035,1.79401,20.226295,1.3478581,16.01369364277966,1.079321124972901,17.204152288010043,1.5456719009349364,,
2000-09-23,214.6932696600067,327.341842979793,84.91548894262617,9.977009,2.0103393,17.563242,1.4427687,14.558430722144786,1.1803476110503202,15.679332774336252,1.6466897762739532,,
2000-09-24,202.1476866086013,339.4020936610282,84.59501467608123,10.337807,2.1537747,15.906991,1.5535357,13.828146613860879,1.2626602020319968,14.914143582027716,1.728998958892211,,
2000-09-25,206.82801541746244,342.7434859755761,84.25308417030664,9.937532,2.1608872,14.105561,1.2484814,12.536948020036293,1.125881073663919,13.561230109159903,1.5922152969148038,,
2000-09-26,222.3703926361769,327.198302951162,83.91534092699949,10.443876,2.1630182,12.195897,1.0338244,11.486981976169162,1.0699797087554106,12.461079277525291,1.5363116511567165,,
2000-09-27,182.55002533799976,275.9363820190865,83.65677742493763,9.895813,2.275261,13.284857,1.4842691,11.935481933473751,1.272264051585873,12.931015999668633,1.7385968139977197,,
2000-09-28,196.5386853251217,313.2016906626521,83.34524107137362,9.927439,2.1755855,13.744711,1.0026091,12.272899599534686,1.040740681759202,13.28456107676269,1.5070742127386578,,
2000-09-29,219.2344060764863,346.59105672267566,82.99929025250961,9.793728,2.1596982,12.765086,1.1103457,11.613805408463726,1.078334773356091,12.59396443635932,1.5446669243031244,,
2000-09-30,237.2778677386584,370.8619927878023,82.6182152781866,9.80867,2.1442118,12.223682,1.2410848,11.28141727600503,1.1281553007885257,12.245689287381088,1.594486944239042,,
2000-10-01,236.99554198608985,372.7400977668566,82.24010965114682,9.791956,2.1392953,13.469946,1.2304548,12.040363696725679,1.1212544170677174,13.040910752683631,1.5875874044310279,,
2000-10-02,233.5102827267884,381.0875539145642,81.86590327310523,9.805422,2.1427798,14.90168,1.0788425,12.965407826311397,1.053704987755257,14.01016882955838,1.5200405040072706,,
2000-10-03,245.6774495613862,394.6075075427218,81.50844293530936,9.901592,2.175364,15.827952,1.0782391,13.554006970735095,1.0669059282213398,14.62690100106001,1.5332435630864294,,
2000-10-04,240.49353670742005,405.1735317900843,81.14989556433837,10.599737,2.2842798,16.219221,0.92818743,14.12611518636981,1.0311055858599916,15.226354033747963,1.4974456597272439,,
2000-10-05,236.12095868295907,393.6553634135993,80.90910174368096,10.395367,2.3328416,15.923942,1.2010999,13.851122469926503,1.152679754528218,14.938217605474241,1.6190186093275183,,
2000-10-06,438.5630620988,634.6580904953581,80.97220975389622,11.052778,2.6036966,14.792423,0.9910321,13.264247848214449,1.2147067280849155,14.323292382974886,1.6810432704673999,,
2000-10-07,242.63456351412492,472.2137126647026,80.97047025243187,11.011047,2.2204225,13.837939,0.75754845,12.878432602168,0.9046664283760143,13.919036487010857,1.3710016651701173,,
2000-10-08,291.0103173509249,524.2473576481758,80.71103421486157,10.915312,2.1594586,10.456454,0.72384715,10.620245776777972,0.9004649315754651,11.552916050592684,1.3667959412170094,,
2000-10-09,266.8358119846522,491.9284488802525,80.4632490206157,10.623671,2.0216873,8.323254,0.74468476,9.132244849890837,0.8594034702287675,9.993793765877053,1.3257348823343476,,
2000-10-10,268.68845979978795,469.8072774426324,80.30202162478271,10.235682,1.9988164,7.477103,0.8328497,8.480762587634699,0.8997726647159646,9.311172878465776,1.366105050147704,,
2000-10-11,257.75511061916313,454.26327112995335,80.05188604785918,9.475788,2.1916769,8.443153,1.1949887,8.81697361857657,1.100332380676759,9.663453647406754,1.566664203184628,,
2000-10-12,267.61487090237324,467.5182932376444,79.75597584462047,9.196402,2.1591644,10.123492,1.2903403,9.785997953700074,1.1363177410948686,10.67879403330518,1.6026486644740552,,
2000-10-13,268.582156844863,481.275037481525,79.51359293626102,9.059532,2.1472747,11.22641,1.271197,10.450282533190316,1.1212441076864361,11.37482914495182,1.5875750351849711,,
2000-10-14,274.7716911111478,486.644132613548,79.1969180661581,9.140221,2.2760742,12.668254,1.1871109,11.395094563093277,1.118166247640681,12.364799960205788,1.5844980504373525,,
2000-10-15,252.52739279547623,463.3677834613928,78.94180518962894,9.222956,2.2731225,13.959795,1.0461305,12.28890557638399,1.0494830030027877,13.301332084591696,1.5158165736756124,,
2000-10-16,263.6713346488364,489.9730265214058,78.65901089460017,9.453659,2.1138792,14.445676,0.85102534,12.699160121765795,0.9236235276831845,13.731195394857744,1.3899582157574213,,
2000-10-17,253.6630718116232,516.5988582269734,78.40427901343557,9.500921,2.003077,13.073321,0.8046253,11.89685662830922,0.8522683638877683,12.890544536951237,1.3186010466256173,,
2000-10-18,604.1747620988,591.538230495358,78.5048372505966,10.123308,2.2887416,10.811714,1.7433636,10.463873571671853,1.4426588767184687,11.389069788614133,1.9089898095701208,,
2000-10-19,353.9300420988001,577.5771904953579,78.63036201817437,9.601845,2.1799316,10.954428,1.0638037,10.44050821624634,1.058829255443331,11.364587649069753,1.5251601792226532,,
2000-10-20,294.95445209880006,431.4597004953578,78.66434482144234,9.189768,2.133377,10.497539,1.4011664,9.966529090129299,1.2012435316906576,10.867953940940906,1.667574406244778,,
2000-10-21,240.6277020988,408.8828104953581,78.68819836535542,9.038868,2.2269208,10.545341,1.4024256,9.987229422043589,1.20834655963148,10.889643677960153,1.6746774309693861,,
2000-10-22,243.4767557177239,459.0944464467695,78.6291719121016,8.934622,1.9462478,11.746903,1.05405,10.77230440360479,0.9640106627809487,11.71224255999541,1.4303417739154576,,
2000-10-23,243.1999864722964,493.1084363714366,78.53040183111129,8.639439,1.9194474,9.59487,1.011414,9.279294244283237,0.927760073557172,10.1478716186582,1.3940913331213176,,
2000-10-24,250.4531634799938,515.8595449239756,78.37480961289604,9.060732,1.9392469,8.845068,1.0645368,8.915553183087958,0.9566831208906142,9.766744978124402,1.4230148028568883,,
2000-10-25,248.7962976827349,515.2315200151305,78.21222573790155,8.92919,2.1613193,10.437282,1.0175042,9.946189950390917,0.9829388793824312,10.8466426598489,1.4492697575740077,,
2000-10-26,247.05637942938256,507.7066990734542,78.02480267405643,9.18869,2.17572,12.221587,0.88895273,11.228829887785732,0.9299289379038179,12.190588401765902,1.3962605126406644,,
2000-10-27,239.49903839379937,504.3309223943437,77.80163641892649,9.13393,2.1252584,12.926387,0.8822834,11.705288244572024,0.9089035239240624,12.689819839315165,1.3752358367247766,,
2000-10-28,233.0575831817445,507.2538902968715,77.59306729677262,8.771083,1.8642489,12.860439,0.7962342,11.573068296950352,0.8013000345130796,12.551280230168457,1.2676321164673334,,
2000-10-29,240.19004567215907,497.9755816046737,77.34349261398981,8.62995,1.5583361,8.535733,0.7634991,8.566390067158036,0.7227767227953193,9.400893058807432,1.1891089525886671,,
2000-10-30,273.74281465149124,523.7640731292867,77.05277669126349,8.546759,1.5362012,6.104516,0.8923813,6.942811446932633,0.7883686443900547,7.699712930461125,1.2547052532107346,,
2000-10-31,275.7778731296684,511.5527056542199,76.77273457406636,8.437687,1.5575148,5.478013,1.0470237,6.514696472761115,0.8720148766951369,7.251135523962037,1.3383531425148412,,
2000-11-01,268.38757986059966,501.32200634050906,76.41173847544106,8.40032,1.5258089,5.560214,1.1229516,6.550521546108872,0.9044287280818449,7.288672913353929,1.3707668472053964,,
2000-11-02,275.8753066192062,509.5525266493831,76.0470798905416,8.38205,1.5414948,5.9206796,1.2099702,6.785216287058511,0.9535958648676094,7.534585260657124,1.4199330592728705,,
2000-11-03,293.9840907072037,531.9857311544408,75.67374234153448,8.485559,1.6130781,6.800749,1.3151492,7.4004166463934355,1.023294736064664,8.179190094211034,1.4896298055298716,,
2000-11-04,271.1334056871534,490.6200369558408,75.3001321203699,8.52034,1.6383612,8.101688,1.1521841,8.25070041770585,0.943794782244259,9.070114523242514,1.4101276273769638,,
2000-11-05,285.02086650405266,512.2923899393456,74.90968535859056,8.470594,1.5132915,7.291773,0.93983215,7.713174017955333,0.8107382055214472,8.506896199025999,1.2770723606755081,,
2000-11-06,251.2859233677065,459.2948243101854,74.54038193651563,8.355341,1.4359946,5.8896194,0.93428534,6.761583772295082,0.7890255316682611,7.509823192471713,1.2553628163353228,,
2000-11-07,257.5316086033847,471.7631417898491,74.17534156384895,8.378361,1.4433815,5.1965384,1.1418529,6.320116829716973,0.8974249328822576,7.04725563911762,1.3637640211024742,,
2000-11-08,255.485866953845,465.357158328363,73.80666568236065,8.420486,1.5171713,5.812111,1.3020601,6.736588304676243,0.9978557541678318,7.4836330269434255,1.4641931349974344,,
2000-11-09,296.9184567189799,513.5524534597063,73.35908521539702,8.609027,1.6802951,7.4660378,1.509575,7.884775267858725,1.1374992196858706,8.686699402085244,1.6038329207153303,,
2000-11-10,354.1757012867146,340.2730882600722,73.19093947074113,8.676498,1.6633503,8.839191,2.658232,8.756216397248096,1.5544070633610165,9.59979243858695,2.0207389780247773,,
2000-11-11,299.26122740719995,452.5536504953581,73.11037802073031,8.454561,1.5473578,8.747169,1.4402764,8.630695690330333,1.063488651129613,9.468272270949589,1.5298207695534924,,
2000-11-12,240.88798378155,423.9698568366636,72.96367814211752,8.379499,1.4803599,6.5148406,0.96560824,7.190434510582573,0.8165973639219964,7.959171530096435,1.2829331100188033,,
2000-11-13,256.54087009585066,440.1825135583035,72.75449748399951,8.365098,1.457681,5.719427,1.2124449,6.693590927919721,0.9353363328515385,7.438580522557121,1.4016738807724671,,
2000-11-14,211.92946298021508,419.7160074358118,72.67258553452145,8.2183895,1.4649893,5.091395,1.2758214,6.1405630176359125,0.9799482170019559,6.859119768593087,1.4462881025311103,,
2000-11-15,135.56394740719995,442.1569404953579,72.66454795680912,7.974016,1.3383523,5.0918803,0.91081804,5.768182188756075,0.76456747742155,6.468940409012976,1.2309091340415983,,
2000-11-16,171.39715698017102,478.60939284966,72.55516333518773,7.859698,1.2749435,3.8405328,0.9883291,4.900327425316411,0.8016219898331901,5.559605154493996,1.2679683895854643,,
2000-11-17,174.29403305877065,502.379966791343,72.43358958465075,7.7783647,1.262456,3.3073688,1.0690006,4.458983724880354,0.8576859815165254,5.097166733835062,1.324035123777855,,
2000-11-18,209.87397572469737,539.9764242079077,72.25007083705903,7.5476356,1.2120764,2.9461145,1.1033328,4.234024115024232,0.8639183198093021,4.861454823613774,1.3302689456807448,,
2000-11-19,224.39932453218847,569.123406180846,72.0615821496866,7.283722,1.1610281,2.1380396,1.1474967,3.5931808161633727,0.8860714729254263,4.189981405680594,1.3524266424298255,,
2000-11-20,246.9267495585072,599.4834197408175,71.81083853379,7.0612874,1.1420075,1.4909482,1.2174304,3.1160063613822993,0.9243901121938423,3.6899996431002586,1.39074896995541,,
2000-11-21,251.3316806846128,602.9206654448852,71.57846695553069,6.529754,1.0792084,0.7612103,1.2447637,2.4583877721604908,0.9341558228024266,3.0009491332703373,1.4005201902409494,,
2000-11-22,242.0961312215833,582.0241866286666,71.31511975483949,6.072513,1.002082,-0.34114873,1.1601229,1.5429483864484226,0.870599973032785,2.0417548741942255,1.336972833590635,,
2000-11-23,257.22123826022465,566.3729828858371,71.10839548888806,5.534741,0.93959934,-1.0993756,0.98498535,0.9725617938102592,0.7381931788935805,1.4441057521969847,1.2045718158403487,,
2000-11-24,290.3025748209093,562.6351336571255,70.89238124860525,5.302133,0.9067589,-1.3672153,0.7937391,0.9027382997216518,0.607773211038041,1.3709449337706159,1.0741525806544678,,
2000-11-25,303.1079823453506,582.0823200408671,70.6698198395971,5.6288543,0.9117491,-1.4669064,0.7432017,0.9628329216311472,0.5799235062132259,1.4339118731841969,1.0463022449124315,,
2000-11-26,255.2223196751448,482.66388814574856,70.66158059440974,5.853073,0.9317368,-1.4253739,1.5145173,1.0921174241292289,1.041772130968013,1.5693757329647238,1.50814952634184,,
2000-11-27,144.7754374072,492.1107504953581,70.77150873287026,6.0886683,0.9227485,-0.07592726,1.9297124,1.3253937978590746,1.5057365110517933,1.8138019199434645,1.972111530931192,,
2000-11-28,176.60588932151774,452.8044575754408,70.81118891310636,6.298165,0.91596377,1.0448645,1.7796435,2.5188850651020087,1.305836027618104,3.0643379900148093,1.7721998675417687,,
2000-11-29,174.65317648206184,463.20695147208073,70.82384045336566,6.08799,0.8984109,2.0840683,1.349304,3.1803864082956577,1.0102567203859403,3.7574568361838945,1.476615065334626,,
2000-11-30,166.56157239852377,476.4541450926407,70.84176610974866,5.5302076,0.8439691,2.0776134,1.0191562,2.9719453529767037,0.7861695122459038,3.539053010940797,1.2525295346808683,,
2000-12-01,172.9823307301998,505.36860904355103,70.82013753434964,5.2851167,0.81249726,1.4828249,1.034115,2.452425242951422,0.7977852934174009,2.9947016155469615,1.2641497130736292,,
2000-12-02,201.9550949812188,529.4175232336677,70.71368079839586,4.66259,0.78723603,-0.11397052,0.9365423,1.204988811944467,0.7119325957766037,1.6876419872859927,1.1783088339913248,,
2000-12-03,223.0903095460561,533.3172617497428,70.57585739317621,4.3473654,0.78335005,-0.92152965,0.7620974,0.6324466285280316,0.5848934377634197,1.0877342446397968,1.0512756961531116,,
2000-12-04,236.57985500295572,522.5857399843895,70.43825857092712,4.8020606,0.8002357,-1.0687867,0.6037795,0.7607537745110399,0.4846978570055367,1.2221740336047557,0.9510787336827531,,
2000-12-05,239.3521741981612,526.8372438210481,70.29200916453415,4.4428306,0.7795448,-1.1487681,0.7855184,0.598007935866984,0.5924882421657176,1.0516495001923327,1.0588708746226427,,
2000-12-06,242.04477778750189,542.414835819221,70.13394095968471,3.7402735,0.7240206,-1.3742076,0.8945248,0.20386398632824337,0.6576262151449157,0.6386668171793304,1.1240132252989676,,
2000-12-07,244.0852446888301,560.3160137666505,69.96351703737972,3.6115217,0.6997654,-1.1734313,0.6628111,0.27850133857299775,0.5081764929484754,0.7168715797263588,0.9745626604836144,,
2000-12-08,243.22888093827163,561.5515284184027,69.78184291717268,3.5991518,0.6944116,-1.4660174,0.73010033,0.06482934210958241,0.5509786417107728,0.4929867922331727,1.0173672384808419,,
2000-12-09,254.466570379878,581.2192799514291,69.59003222314894,3.4971108,0.6723857,-1.520531,0.78271884,0.0073422755285871095,0.5816094251325699,0.43275204037931225,1.047998684383979,,
2000-12-10,275.21404103090634,602.7160336846939,69.36358941190004,3.7212417,0.69676137,-1.3369359,0.6515914,0.24870463616543828,0.49780725930897285,0.6856506967986498,0.9641937624703631,,
2000-12-11,255.6100015534154,606.0073415452778,69.18717920799172,4.106298,0.75006753,-1.3419257,0.83626556,0.2743607495162517,0.6288605157801712,0.712533084666596,1.0952467298936457,,
2000-12-12,229.34806322549008,644.0501437649623,69.07609177960346,3.7238824,0.71760297,-1.1691567,0.62404835,0.11572007129739181,0.49726472204105393,0.5463099243149043,0.9636527354990614,,
2000-12-13,289.03030614791567,587.5483849219225,68.87849156534337,3.076984,0.66101724,-1.5185188,0.758186,-0.003264583953256491,0.5529592379614161,0.4216382092719718,1.0193486198592447,,
2000-12-14,196.2889294462776,532.5042489181012,68.72221179763021,3.335676,0.7329209,-0.9472381,0.500144,0.20629715014019356,0.41534569346372063,0.6412162779041374,0.8817326760481166,,
2000-12-15,94.75163534675752,395.5057796347815,68.69385256641603,3.1432877,0.6751897,-0.5768622,0.49267992,0.14212799932797163,0.418333642173187,0.5739800610343598,0.8847213541091807,,
2000-12-16,120.124995787602,441.5094843732031,68.60723382988122,3.6250951,0.76794505,-0.9791056,0.8128753,0.005662280795842904,0.6597856752458977,0.43099174764111753,1.126174953914402,,
2000-12-17,690.5009474072002,5502.245030495358,72.74556670889162,5.383077,1.045661,-0.5959345,1.4822788,0.07073472292773572,1.3221532327260397,0.4991744300678993,1.7885417616564716,,
2000-12-18,38.7789474072,4559.533430495359,77.31632000529326,3.735241,0.7115368,0.53056896,0.81338084,0.55759491727146,0.8065436654393574,1.0093048774529358,1.2729267385850105,,
2000-12-19,54.9368420988,4545.650130495359,79.2512790289048,3.5379388,0.679406,0.287161,0.7807405,0.32597940209750503,0.771460124686199,0.7666189323916965,1.2378457595319272,,
2000-12-20,54.9368420988,3366.802530495358,80.51542315934464,3.4540641,0.6028268,0.37455738,0.49179077,0.4239995916680378,0.4839917417092874,0.8693241519584449,0.9503762849516382,,
2000-12-21,54.9368420988,1616.4120304953578,81.2406652758803,3.4128828,0.5704139,0.3020872,0.33363453,0.40433830386896075,0.32321231312704507,0.848723121811322,0.7895970744468681,,
2000-12-22,54.9368420988,1323.827130495358,81.77266425857478,3.3288095,0.55022687,0.14739561,0.25574228,0.27415902785619195,0.24652901112244244,0.7123217214007364,0.712915227505626,,
2000-12-23,54.9368420988,944.6474804953582,82.07349255161411,3.1944094,0.54053444,0.036621213,0.20627527,0.21017226359780958,0.19718909563878917,0.6452766085386148,0.6635760343290825,,
2000-12-24,54.9368420988,862.1609304953581,82.15947418843608,3.3701005,0.5390641,0.09512818,0.20953235,0.2913086105814592,0.19961001268287507,0.7302909955573555,0.6659960362704724,,
2000-12-25,54.9368420988,787.055820495358,82.34994425518349,3.1335902,0.5369117,-0.04743135,0.19869493,0.16011829709085637,0.1890056826691018,0.592830233533554,0.6553931896510243,,
2000-12-26,54.9368420988,749.6391404953581,82.5636387353413,3.0908823,0.538847,-0.0501765,0.17080715,0.1642965319692672,0.16334207212717636,0.5972081737565715,0.6297295315616022,,
2000-12-27,54.9368420988,729.9725704953579,82.75206614796656,3.2588644,0.5374564,0.0361284,0.1621515,0.2616919330034351,0.15542327289110247,0.6992587420306495,0.6218096296404356,,
2000-12-28,54.9368420988,648.215530495358,82.91023630682649,3.136316,0.5365992,-0.24059093,0.19998372,0.023244638773317138,0.189065911793405,0.44941448222763103,0.6554549874078273,,
2000-12-29,54.9368420988,588.003920495358,83.050259439941,3.136041,0.5406906,-0.23065448,0.16690125,0.057016835627594534,0.15947870430939265,0.48480087464706323,0.625867390888981,,
2000-12-30,54.9368420988,567.5897904953579,83.1745088162696,3.2035737,0.5982222,0.038814902,0.10366169,0.318099105508449,0.10825822973392006,0.75836198456313,0.5746439528157852,,
2000-12-31,54.9368420988,551.3711304953581,83.28320272206415,3.1548638,0.5553068,-0.38456953,0.22679023,-0.06386569134377391,0.2122899775601767,0.35814057610271,0.6786800626515619,,
2001-01-01,54.9368420988,487.496600495358,83.3897678861186,2.826957,0.48774603,-1.1720961,0.43651235,-0.7670780562102535,0.39540087030069404,-0.37868293599317243,0.8617994222696852,,
2001-01-02,54.9368420988,457.9981204953579,83.48169253872551,2.7473454,0.5009885,-0.6686834,0.1966596,-0.30281667877913415,0.1836119181180054,0.10776854828102772,0.6500048168301983,,
2001-01-03,54.9368420988,458.127610495358,83.55511882907241,2.717114,0.5026646,-0.52573144,0.19986258,-0.17850082708914222,0.18640190526734418,0.2380262727293212,0.6527933320276657,,
2001-01-04,54.9368420988,440.221040495358,83.51760361300839,2.849404,0.48482934,-0.4235345,0.21032293,-0.06040808781977579,0.19457125357884403,0.36176344125592885,0.6609612984364848,,
2001-01-05,54.9368420988,421.353000495358,83.45807511325918,2.890403,0.5042731,-0.48214114,0.19329628,-0.0931407639514812,0.1806222709971843,0.32746625509618377,0.6470126972901771,,
2001-01-06,54.9368420988,415.1298704953581,83.39009948647896,3.0161161,0.46671814,-0.5242926,0.2305722,-0.11052392480383792,0.21080420305670153,0.3092522385764471,0.6771948324144753,,
2001-01-07,54.9368420988,415.66190049535794,83.30675250962489,3.075021,0.45486423,-0.55381453,0.2487827,-0.13019086108193031,0.22606501894896922,0.2886452899723204,0.6924558784664456,,
2001-01-08,54.9368420988,409.8090004953581,83.21426857228337,3.2575638,0.44480142,-0.7422067,0.28248894,-0.26940039414224937,0.2545851286221815,0.14278201709570104,0.7209776299350932,,
2001-01-09,54.9368420988,401.358990495358,83.11326118036283,2.9368684,0.4701233,-0.6020781,0.28118962,-0.17599804241855654,0.2537289972675784,0.2406486819518195,0.720120394575325,,
2001-01-10,54.9368420988,398.00785049535807,82.99943178327243,2.9011402,0.47216162,-0.67259514,0.32151031,-0.23914324911624824,0.28826074751716324,0.17448535022506895,0.7546528901018461,,
2001-01-11,83.09778350844145,384.955856635184,82.86967278740501,3.0068827,0.46339658,-0.815704,0.38222328,-0.1370457081113911,0.3249508732407272,0.2814628046869737,0.7913418130835546,,
2001-01-12,125.27215357648372,374.80227688355353,82.66540229960619,2.9527266,0.4619765,-0.90216744,0.43172154,0.06351056572766678,0.34364525505352406,0.4916049828482131,0.810033866978835,,
2001-01-13,135.1730937489744,372.24767791993,82.43848927075021,2.9899433,0.4580114,-0.9780723,0.4867679,0.07897734277603732,0.37736533384592785,0.5078110189689633,0.8437537681537328,,
2001-01-14,146.53821742119607,398.3758280541573,82.1935608320691,3.1713564,0.45233914,-1.1238643,0.6096252,0.03120593279328545,0.46198705031930826,0.45775629888743163,0.9283760341070715,,
2001-01-15,133.01620369855362,407.38181302891854,81.95345176146328,3.2903893,0.4387975,-1.2806422,0.80588907,-0.15550617463059904,0.6170499314697975,0.2621199909720956,1.0834410879002134,,
2001-01-16,134.84755216168986,409.49377710972936,81.695251527958,3.2408507,0.43291646,-1.3056341,0.8947869,-0.17935120592825157,0.6816145912342658,0.23713524868857708,1.1480060280034092,,
2001-01-17,111.38315023937018,393.0752343353291,81.44007782579722,3.1455603,0.43381783,-1.2516767,0.8979764,-0.28077775406044453,0.706231309408924,0.1308608582649754,1.1726239458824248,,
2001-01-18,123.1489941574634,410.22705012754807,81.16986652256175,3.1341012,0.43662894,-1.2703928,0.89686877,-0.25345734543487874,0.6971221573541309,0.15948708903269831,1.163514469516052,,
2001-01-19,64.21006209880001,380.69216049535805,80.92758630229926,3.2076876,0.46671826,-1.4529558,0.8861362,-0.7803132012663442,0.7612314846841866,-0.39255067574086416,1.2276302014286602,,
2001-01-20,68.0110820988,362.6153704953581,80.680918405892,3.035088,0.46742806,-1.2137176,0.8833181,-0.542681540118931,0.747465595271873,-0.1435610334938015,1.2138613840215655,,
2001-01-21,66.24194209879998,357.3288504953579,80.42357008740203,2.8029032,0.505962,-1.030044,0.655332,-0.43061201902622004,0.5584790155130757,-0.026134972383352162,1.0248734457938924,,
2001-01-22,69.85476209880001,327.548130495358,80.16126823085396,2.7655041,0.5010703,-0.788972,0.58282423,-0.1641726291344192,0.488384186864772,0.25303930956778553,0.9547754451088386,,
2001-01-23,70.83500209879999,315.15114049535805,79.89996525170616,2.8145359,0.49494177,-0.7356614,0.5886114,-0.08413999468622639,0.4890992492506445,0.33689723036472724,0.9554895705351547,,
2001-01-24,60.040282098800006,323.07874049535803,79.66563762411269,2.9570484,0.48988497,-0.7098383,0.6759063,-0.13518418678416824,0.5751290835449137,0.2834133003703455,1.0415200015690516,,
2001-01-25,89.27609632680624,315.497634090315,79.41527611175341,2.8112378,0.49303955,-0.67463434,0.6441939,0.09420275454239785,0.5137523139522434,0.5237641533722894,0.9801405736814808,,
2001-01-26,116.09834365862773,341.9988510477398,79.11399082313338,2.7404118,0.5044789,-0.94534934,0.5801977,-0.011244601805139852,0.45162971573825067,0.4132767738450948,0.9180191899932942,,
2001-01-27,119.0433011343614,335.912823608875,78.81496526271246,2.9827921,0.48389763,-1.1017162,0.76190454,-0.032968373728638076,0.5766186193098191,0.39051467988265276,1.043008345355128,,
2001-01-28,139.8917999792705,364.770848959499,78.4950593868574,2.90342,0.49057898,-0.9867228,0.81577766,0.09161946643822619,0.6051232540739264,0.5210573929272669,1.0715115434051532,,
2001-01-29,130.2295540514056,363.7456086033524,78.14907485726141,2.854278,0.49398553,-0.82426894,0.74720585,0.14552787617972884,0.5654181398295082,0.5775424403777335,1.031805813004121,,
2001-01-30,104.9493220988,365.2473104953581,77.8948691813184,3.029803,0.537514,-0.6061102,0.76953423,0.20543670931836938,0.6096926446772012,0.6403147109522997,1.0760796370102934,,
2001-01-31,72.64380209879998,471.43667049535816,77.90168848125903,3.2506456,0.5004535,0.0045455694,0.881898,0.4379539764797055,0.7670657477751713,0.8839455086634321,1.2334501365075847,,
2001-02-01,54.9368420988,729.973100495358,77.84900990496239,3.1604078,0.49994558,0.37153077,0.7601657,0.5667278093309059,0.7078261891793394,1.0188742905335937,1.174209162570927,,
2001-02-02,54.9368420988,630.130730495358,77.72227457840451,2.9773495,0.50823396,0.26809728,0.6871296,0.4853572545944852,0.6333401308342955,0.9336145014320985,1.0997239963566732,,
2001-02-03,54.9368420988,567.453630495358,77.55077569907756,2.6752028,0.5235066,-0.4023937,0.5195629,-0.13074198984815474,0.47595083902928137,0.2880678191350099,0.942341705002919,,
2001-02-04,80.39863209880001,580.8572904953578,77.36475510601451,2.7013316,0.52081674,-0.32792318,0.49553624,0.0403879901264032,0.4398684619906106,0.4673772271737796,0.906257339961251,,
2001-02-05,84.5527920988,604.6740204953581,77.17141699464946,2.9018269,0.5629374,-0.62363327,0.8791019,-0.19113776260481274,0.7743413550894064,0.22478533489320468,1.2407329306695707,,
2001-02-06,110.53465209879998,581.9756704953581,76.97250354260117,3.086349,0.52819806,-0.27951193,0.68301034,0.25772810349558445,0.580150566425393,0.6951054550219969,1.046536967840439,,
2001-02-07,58.0585120988,549.9142504953581,76.77085352547611,2.9720302,0.53630507,-0.507655,0.5788276,-0.17536161110787543,0.5260512987251225,0.24131553250361953,0.9924426885445372,,
2001-02-08,54.9368420988,538.5623104953579,76.6337084415544,2.9512749,0.5202849,-0.43685877,0.60480684,-0.12323850561261447,0.5509322995627278,0.2959299442676313,1.0173230776671218,,
2001-02-09,54.9368420988,626.2554104953581,76.61009353820894,3.2925644,0.53827775,-0.76748073,0.8386738,-0.44004591801550724,0.7722574378214113,-0.03601977949615687,1.2386519819032584,,
2001-02-10,54.9368420988,2438.829130495358,78.03524021792066,2.9628615,0.55083865,0.9122518,0.41865164,0.9574260275188721,0.40960867721969996,1.428246548015898,0.8759874725153778,,
2001-02-11,54.9368420988,1146.4242304953582,78.67473391957594,2.5318255,0.5556743,-0.16279376,0.4106927,-0.03957195463683135,0.39273509988570066,0.38359547038025993,0.8591249025770222,,
2001-02-12,54.9368420988,957.246930495358,78.93875855122077,2.599369,0.54217744,-0.11920965,0.3814074,0.028342736699550296,0.3619046743033956,0.4547562518077622,0.8282936911073112,,
2001-02-13,54.9368420988,1005.155640495358,79.17704362173711,3.079247,0.5350451,0.09094107,0.54397243,0.24580311752310696,0.5165270691717928,0.6826104954835603,0.9829136050697571,,
2001-02-14,54.9368420988,1140.551690495358,79.47885581869019,3.1066184,0.55703485,0.24282062,0.6721057,0.374422055736651,0.641730869271358,0.8173769792818663,1.1081159632617055,,
2001-02-15,54.9368420988,1851.595070495358,80.20294095190243,3.1071172,0.55931896,0.8579667,0.6151096,0.9227761389262475,0.5976025711523618,1.3919405131932647,1.0639817299380359,,
2001-02-16,54.9368420988,1074.268470495358,80.52210226066326,3.0962403,0.54939735,0.35387504,0.6612448,0.48729354740762665,0.6296422306966167,0.9356433424228221,1.0960260749019288,,
2001-02-17,54.9368420988,887.810180495358,80.6090427230291,2.8153648,0.52438873,0.098543525,0.478322,0.2568612705430943,0.45148397833588105,0.694197190417498,0.9178703895210749,,
2001-02-18,54.9368420988,811.016230495358,80.63116980265892,2.6527164,0.5214644,-0.11513412,0.4287596,0.060460807365072755,0.40291912432181015,0.48840945646096445,0.8693077713022452,,
2001-02-19,54.9368420988,791.9804504953581,80.64692680143064,2.7985811,0.5039909,-0.046830893,0.46071747,0.1377419718611613,0.4320707823576822,0.5693843964475209,0.8984585443175037,,
2001-02-20,54.9368420988,690.577400495358,80.70301597665491,3.183833,0.5025897,-0.080770135,0.7518698,0.15979801295131907,0.6974486550282288,0.5924946409069834,1.1638361656557459,,
2001-02-21,54.9368420988,739.0128804953581,80.77000335694328,2.8404953,0.508183,0.48485053,0.55752397,0.647847859252468,0.5201364139933252,1.1038716015463879,0.9865185055362982,,
2001-02-22,54.9368420988,680.8122404953579,80.7245217417384,2.561148,0.53974164,-0.16991723,0.44099462,0.03400568576413799,0.41005177191002296,0.4606898704798142,0.8764407234222743,,
2001-02-23,54.9368420988,666.1336304953581,80.673292062734,2.79416,0.50360566,-0.07813156,0.4968773,0.14070228513596628,0.46062205796756617,0.5724862025775368,0.9270097861618025,,
2001-02-24,54.9368420988,615.4482004953579,80.63596055342754,2.6922808,0.5404814,-0.23792613,0.44817463,0.002199031320175769,0.4138246067374174,0.4273629666790396,0.8802139254437569,,
2001-02-25,54.9368420988,697.4961904953581,80.63841497760474,2.9721575,0.5392175,-0.195912,0.47986883,0.03539593399105914,0.44657130234705994,0.46214656781965635,0.9129602378358799,,
2001-02-26,54.9368420988,638.102100495358,80.92007767127659,3.0833306,0.5440388,-0.23961079,0.6381862,0.023797073791905054,0.5891779555889824,0.4499933217517028,1.0555670248292035,,
2001-02-27,54.9368420988,746.5570104953579,80.96451723970043,2.9924164,0.5284394,0.34153378,0.6335868,0.523233388201976,0.5912693308619219,0.9733009847529415,1.0576527801759927,,
2001-02-28,54.9368420988,712.6542604953579,80.932352133356,2.8439713,0.5086178,0.14800489,0.597597,0.3409564204331316,0.556019598992572,0.7823118010073901,1.0224050663354682,,
2001-03-01,76.44407740720004,620.509660495358,80.8690559306392,2.843233,0.50183237,-0.09487593,0.56693643,0.22738510610235663,0.5077453426634057,0.6633121660757205,0.9741320865882681,,
2001-03-02,38.7789474072,598.6128304953579,80.78990074072128,2.9372158,0.49132136,-0.09432495,0.56127477,0.09011414339836568,0.5279736427189193,0.5194801205917905,0.9943619493032143,,
2001-03-03,38.7789474072,556.8115804953579,80.69960192486413,3.0314035,0.49995255,-0.14908397,0.7067541,0.05799782707563285,0.6615386445321865,0.4858287541329663,1.1279273198308495,,
2001-03-04,38.7789474072,550.121810495358,80.59744042757505,2.8890624,0.5618073,0.07116163,0.7432155,0.2567195924321057,0.6952599289607263,0.6940487405771065,1.161646341742868,,
2001-03-05,40.60865740719998,565.1951504953581,80.51069889515988,2.8056655,0.599445,-0.49477398,1.1320816,-0.2735366555249499,1.0569592402575092,0.13844805655800962,1.5233517906911946,,
2001-03-06,56.28489740719999,536.412310495358,80.44821930015075,2.8753152,0.5429515,-0.47965562,0.9521516,-0.16105417655096463,0.8632726426755192,0.2563068135248323,1.3296638642740628,,
2001-03-07,51.814627407200014,518.4003404953581,80.33233472625827,2.991034,0.59520257,-0.52141917,0.4042558,-0.20224751470937116,0.37147998789752634,0.2131445746148361,0.8378716944633574,,
2001-03-08,81.80763740720005,501.182380495358,80.14041234777929,2.9235601,0.64593405,-0.47314012,0.4766827,0.0034992986351953105,0.41969701454298325,0.42872538232697566,0.8860863182156219,,
2001-03-09,51.82148740719997,490.1587104953579,80.07113722114109,3.0093827,0.6378352,-0.45771015,0.49921006,-0.12620373710535784,0.4555785322020602,0.29282298484567154,0.9219693450229827,,
2001-03-10,48.20509740720001,477.013480495358,79.99268240019556,3.082562,0.65157557,-0.4529792,0.54719394,-0.1284836275123013,0.5005571026182895,0.29043412347069164,0.9669479421386962,,
2001-03-11,95.6384274072,477.8848304953582,79.90646214050457,3.2461078,0.6456149,-0.26031864,0.60156024,0.32439890894131956,0.5126780111767483,0.764962897065291,0.9790636637136578,,
2001-03-12,87.79440740719997,491.3189504953581,79.83340282893349,2.6629362,0.63540715,-0.48991,0.37424228,-0.0119340429160723,0.33179761144154735,0.4125543798057963,0.7981870936792959,,
2001-03-13,42.10287740720002,695.9632404953581,79.85558987687872,3.0085092,0.6218139,-0.1563437,0.34394756,0.024194885566729205,0.3262610806800066,0.45041014756951203,0.7926501453303432,,
2001-03-14,38.7789474072,750.5912304953579,80.0173092149164,3.2154086,0.61142564,-0.17924297,0.48415092,-0.012475820626595349,0.46134516570126133,0.4119867069726847,0.9277346542123731,,
2001-03-15,38.7789474072,686.7651504953581,80.07043397208257,3.228452,0.66057795,0.05803573,0.5637735,0.22748842871503752,0.5348075958338192,0.6634204271560968,1.0011943385905964,,
2001-03-16,38.7789474072,731.4871204953581,80.13675528437459,3.1638489,0.6802143,0.33929527,0.6578059,0.48149706093586786,0.6256267150108524,0.929569803712011,1.0920106230437276,,
2001-03-17,38.7789474072,824.261550495358,80.25065210607357,3.1450336,0.6482935,0.55897284,0.7438206,0.6751721501046462,0.710995533526872,1.1325019000978844,1.1773773297240302,,
2001-03-18,38.7789474072,825.810360495358,80.35391969979308,2.9546041,0.68093103,0.88532996,0.60809296,0.9781419756875118,0.581620938188979,1.4499526476930724,1.0479995168225185,,
2001-03-19,38.7789474072,812.713040495358,80.37675596947247,3.0559921,0.7705652,1.4768622,0.69494796,1.5487794826766759,0.6642260861351343,2.047864676889584,1.1305988895616108,,
2001-03-20,78.88764740720006,864.8103904953582,80.42119838250868,3.913347,0.8067954,2.411905,0.83918995,2.5374168335345164,0.7719902473281145,3.0837555136307095,1.238353926498737,,
2001-03-21,195.6716874072,1112.715590495358,80.6101840374017,3.363643,0.8772616,2.5350568,0.9180451,2.6589733818274546,0.7916960600171841,3.211122049411777,1.2580586944871364,,
2001-03-22,761.1966474072,1476.161330495358,81.0016572766614,3.6555502,0.7689365,2.3052192,0.89820707,2.7646304487091298,0.6477924564829007,3.321829162919781,1.1141541966244253,,
2001-03-23,665.6984474072,1568.8675304953586,81.36113297903252,3.3712337,0.7357402,3.7512937,0.85023254,3.6380701848826664,0.6359081813116185,4.2370163327780395,1.1022630172496555,,
2001-03-24,589.0865474072001,1479.6510304953583,81.64621879507268,3.0376024,0.63199323,3.5016074,0.87878704,3.369478963255683,0.6538027706462088,3.955587368890446,1.1201596368026434,,
2001-03-25,431.6936474072,1341.9197804953576,81.88856084449543,2.787307,0.5717077,2.7769725,0.8652473,2.7794879250624045,0.6692737949429505,3.3373967758550003,1.1356354103479713,,
2001-03-26,299.6932574072,1188.873490495358,82.21447319207064,2.6008306,0.52454495,1.8832834,0.80399984,2.0277472050720067,0.6507567551369389,2.5497254191461596,1.1171249985378422,,
2001-03-27,261.9487474072,1007.9275804953584,82.48220705835212,2.5730486,0.53457963,1.0764893,0.682446,1.3851979929772016,0.552782349792317,1.8764645511578237,1.0191567706959355,,
2001-03-28,194.9920674072,946.197480495358,82.93111883511382,2.8031456,0.6360811,1.7977271,0.8635019,1.969520338932254,0.7241600937585634,2.4887155078435113,1.1905288775031007,,
2001-03-29,149.76634740720004,872.884760495358,83.36148625893716,2.6759868,0.653337,2.372871,0.8998886,2.4172619686099073,0.7740371075136746,2.957857656891562,1.2404018359441658,,
2001-03-30,1685.2596474071995,3149.396790495358,84.54338764305311,2.967719,0.62364835,1.0667562,0.95555353,1.72939194742745,0.6593365528157495,2.2371098000626204,1.125707605906879,,
2001-03-31,1303.2048474072,3096.5109304953567,85.73440313375217,3.0491982,0.5899779,2.2356477,0.88178277,2.4766229987320645,0.6447317409197232,3.0200559413380286,1.1110959489129248,,
2001-04-01,846.0129474072,2338.066270495358,86.48338930792617,2.9073372,0.52353513,3.6375246,0.9019669,3.4435130976208583,0.6767635862717715,4.033160081805249,1.143119884585364,,
2001-04-02,488.3424074072001,2171.784860495358,86.94753664048565,2.7805955,0.47977322,3.9990768,0.9265093,3.775389766441466,0.7615324834410998,4.380899320931842,1.2278863132843025,,
2001-04-03,485.3147174072,1953.9933304953588,87.31626548398317,2.8332725,0.52428025,4.156572,0.88552463,3.8932936461741994,0.7169725323457575,4.50443860308155,1.1833255155531646,,
2001-04-04,708.3829474072,2120.199130495358,87.78081901970326,3.1622887,0.63120896,5.072575,0.8547408,4.594167787186041,0.6598952733444745,5.238812132215362,1.1262435519055443,,
2001-04-05,897.6937474072,3126.066730495359,88.50372607541182,3.5129986,0.6242127,5.700699,0.8504525,5.212626844822081,0.6752346927097558,5.8868314187098765,1.1415792864214849,,
2001-04-06,788.7439474072002,4122.547130495359,89.47699628633778,3.2801723,0.66371757,5.4389358,1.1458911,5.0922424849026475,0.9677512863290769,5.760693097899642,1.4340965630171176,,
2001-04-07,867.9276474071997,6176.426630495359,91.2944478231758,3.366809,0.61153126,5.246564,1.3866283,5.014961228215312,1.2181157137789185,5.679718061315412,1.6844614376418263,,
2001-04-08,196.47344740720007,7411.49253049536,94.18565216484183,3.5323255,0.65759254,3.989758,1.0321941,3.9779449568713896,1.0056813976161554,4.593135957064036,1.4720337827699892,,
2001-04-09,38.7789474072,6567.670530495358,98.65011024621303,4.1659985,0.65533113,5.89778,1.2303873,5.887614623067736,1.223171163454911,6.594081305425382,1.689512234763202,,
2001-04-10,5457.4521305105545,3874.353930495357,99.99665010704706,2.7211685,0.6729948,6.7892194,0.89198273,4.41013084123549,0.540418654217587,5.045978849347202,1.0067681137444549,,
2001-04-11,5059.563572006161,4226.513030495359,99.99665010704706,2.9172945,0.6840246,6.7228594,0.9275828,4.64937902447203,0.5631526612477435,5.296662277913448,1.0295005930714258,,
2001-04-12,4188.716472006161,6715.171623577634,99.99665010704706,2.4653177,0.7073734,7.3180623,0.9899329,5.453885878140193,0.6674694790967188,6.1396218091178465,1.1338127539670042,,
2001-04-13,4434.574372006161,6598.031067553263,99.99665010704706,2.5219188,0.730803,6.3421164,0.9677893,4.806581491803228,0.6490603913632077,5.4613784858133245,1.115407355019035,,
2001-04-14,3411.893472006161,5502.041967553263,99.99665010704706,2.5202851,0.6526838,6.1958013,0.9537003,4.788962542432411,0.6394794619050468,5.442917410889948,1.1058265326649526,,
2001-04-15,2324.840172006161,4155.696567553264,99.99665010704706,3.3708434,0.5535281,7.085741,0.977382,5.753051545562626,0.6574589289051359,6.453086572796397,1.1238006608413984,,
2001-04-16,1753.9593720061612,3012.636467553264,99.99665010704706,4.1694365,0.52919793,7.534561,0.95505,6.296299679118214,0.6342536831456084,7.022300110135097,1.100592875004775,,
2001-04-17,1402.023972006161,2407.068967553263,99.99665010704706,4.063491,0.5441183,7.119471,0.97202456,5.99464750645835,0.64607394495686,6.706229994768459,1.1124145055820835,,
2001-04-18,935.0636265730672,1954.4943002314224,99.99665010704706,3.7596405,0.53423446,6.432043,0.8660494,5.567251107684597,0.610772365385702,6.258405509114821,1.077115043534727,,
2001-04-19,641.6529017667634,1280.7668213616057,99.99665010704706,3.6984072,0.5199662,6.190388,0.84665257,5.358630788042351,0.5901578135384741,6.039813851326564,1.0565016011673347,,
2001-04-20,563.1168278990544,1093.89248346971,99.99665010704706,3.9113173,0.5571706,7.584692,0.88210183,6.336335056084547,0.6123396914796695,7.06424904126633,1.0786787094985242,,
2001-04-21,528.1093507941615,1035.3277524132354,99.99665010704706,4.021166,0.6022228,9.308882,0.9853623,7.522757961205935,0.6834928725527003,8.307378905668706,1.1498275710445036,,
2001-04-22,524.8904417349871,877.7773574592393,99.99665010704706,5.2906837,0.71301603,11.658625,1.0195966,9.275685997938991,0.6915959638220308,10.144090910472872,1.157927226833192,,
2001-04-23,523.189397007515,717.2606058208958,99.99665010704706,5.9178214,0.7391823,14.010045,1.0632321,10.596956576235156,0.6893214926150242,11.528513705874069,1.1556524890474007,,
2001-04-24,441.5161928203054,634.7563579060125,99.99665010704706,5.7039933,0.69453937,14.730027,1.142998,11.027303282311035,0.7318483452188049,11.979429513433754,1.198179685916294,,
2001-04-25,329.1227919826574,555.0305833915697,99.99665010704706,5.930151,0.70291156,13.405733,1.066747,10.62297558196456,0.718958260367327,11.555776331135817,1.1852892715977814,,
2001-04-26,222.12697471516344,458.7314201114717,99.99665010704706,6.4150515,0.7818464,13.05443,1.0503985,10.888362758139008,0.7522746306924644,11.833848107150725,1.218605837086799,,
2001-04-27,185.1062330493874,422.7226269919579,99.99665010704706,6.596695,0.8495862,13.80283,1.04692,11.60829678315535,0.7726983024018327,12.588192517591498,1.239030443908423,,
2001-04-28,109.26818259074828,307.26786929810584,99.99665010704706,6.7023244,0.86764336,13.803063,1.039149,11.940355849543453,0.799630071673415,12.936122872265818,1.2659628442601336,,
2001-04-29,62.81714474095594,238.75190046444763,99.99665010704706,6.75584,0.9248816,13.217746,0.9888961,11.87172407145248,0.8062632493377747,12.864210729788093,1.2725958811500542,,
2001-04-30,46.43161715184863,249.45577584518276,99.99665010704706,7.3348975,1.095099,14.112831,0.98004216,13.04921561424729,0.843932179672861,14.097982343275016,1.3102679733907547,,
2001-05-01,103.4105262964,272.4629004953581,99.97798325982802,8.25805,1.3664404,17.555359,1.0332588,14.997477588880542,0.838039881843583,16.139364580495347,1.3043843897580953,,
2001-05-02,103.4105262964,266.1621104953579,99.80976796335297,8.835075,1.5463276,20.407415,1.1148807,17.169346193472904,0.9120853585428342,18.415041080225805,1.3784446978126959,,
2001-05-03,103.4105262964,258.6546104953581,99.65444071817178,9.008102,1.5643754,22.576193,1.261636,18.70096922742782,1.0059675335746838,20.019870459612342,1.4723405754554109,,
2001-05-04,113.79544180251796,246.16579514674385,99.57057603350718,8.899284,1.4774183,24.53455,1.4898964,19.591734360790216,1.1208413850709982,20.95321112142118,1.5872236298419309,,
2001-05-05,120.36472124724206,247.262123768954,99.49675679803278,7.62768,1.2613653,22.86598,1.3299494,17.87680757949123,0.9852434740496545,19.15631670216004,1.4516088092250188,,
2001-05-06,140.92312336951693,263.2213613295345,99.38675479310388,7.7730594,1.1609998,20.301853,1.0966905,15.933126591157269,0.8210281816057909,17.11973440672479,1.2873784175225347,,
2001-05-07,142.74893521967135,275.27250364286294,99.2895029687685,7.7418404,1.0752367,18.980759,1.0428814,15.14281287802573,0.7787473565985905,16.29164639965784,1.2450926885685372,,
2001-05-08,148.1722005672924,269.9205427519531,99.13683054924695,7.639793,1.0053325,19.177483,1.0435725,15.088521728409248,0.7621383814143831,16.234760318674702,1.2284834027253568,,
2001-05-09,146.6767861519471,277.62387042145883,98.97409336499653,7.5676837,0.9679196,20.180185,1.0691044,15.820160947348375,0.7754307727142262,17.001369391295565,1.2417802639175763,,
2001-05-10,165.3149212175773,286.6971883963854,98.68833445970272,7.8360877,0.9523993,22.22506,1.2289557,16.962563903857212,0.8537741684110143,18.198375304016377,1.320131863245814,,
2001-05-11,182.13999810391363,310.8284667815624,98.35484343948306,7.7679,0.88463676,24.706188,1.4535532,18.447897859738863,0.9730389938704622,19.754703145629044,1.439409586657454,,
2001-05-12,180.3172002954958,319.08474432871583,98.07036763844454,7.04417,0.7706153,25.104061,1.462195,18.583243460316762,0.9747996395457704,19.896517803258778,1.4411715330275505,,
2001-05-13,188.17306452826563,322.1808941242388,97.77685324967308,7.020619,0.6832881,22.373602,1.189055,16.7127898214052,0.7917879858816224,17.936662874233146,1.2581437595941098,,
2001-05-14,211.3431062551969,350.1258177722915,97.38297681571272,6.461703,0.6412747,19.984673,1.0138713,14.89447733754097,0.6767508972348413,16.031441269230488,1.1430948357617043,,
2001-05-15,216.8317195459091,350.01253882092175,96.96865462207616,6.9978704,0.637756,17.929836,1.020156,13.74809338085243,0.6755118335083862,14.83026407812975,1.1418502538426172,,
2001-05-16,210.57486921724887,330.53991720050897,96.55767557516593,6.8725314,0.62053627,18.51194,1.0541438,13.982463072978582,0.6877144008544993,15.07583584038682,1.1540538271093008,,
2001-05-17,210.79318835788547,329.75565438982744,96.1351264422447,6.5181637,0.61093146,18.34404,1.043841,13.732404557210986,0.6798905124933932,14.813825382347805,1.1462288677342813,,
2001-05-18,215.25368312536705,343.8793986833995,95.74528402188434,6.62623,0.66042536,18.32686,1.0489961,13.822380318495476,0.6934471754541931,14.90810167745494,1.1597859078292219,,
2001-05-19,202.8282335504624,323.1985236844409,95.3361650389491,7.2239985,0.7083562,20.491123,1.1699393,15.375513735451866,0.7689696904546836,16.53546956262086,1.2353163921494523,,
2001-05-20,222.562524994864,343.1647428955912,94.9376749332111,6.6680374,0.68475187,21.364325,1.2437027,15.582664460765299,0.8010721403108937,16.752521384494944,1.2674201134399328,,
2001-05-21,208.55170401104223,322.57501970927603,94.55236802949118,6.518848,0.7427104,18.673378,1.0920324,13.90079201484572,0.7245213758297265,14.990261184853752,1.190860444418611,,
2001-05-22,237.6083662964,543.5087704953579,94.25522079823551,6.996748,1.0030358,16.378698,0.98308426,13.524798726151435,0.7490022919790641,14.596296702228639,1.2153398123678927,,
2001-05-23,185.01687629640003,652.9887104953581,94.07210236049296,7.2172213,1.1666757,15.051155,1.0104377,13.321560456080745,0.8284139069469697,14.383344337583841,1.2947506577974488,,
2001-05-24,157.5514262964,575.836210495358,93.92240872281342,7.9041247,1.4079859,16.565636,1.0736941,14.704909736634827,0.895655775617584,15.832812985005456,1.3619986979257401,,
2001-05-25,139.99413629639997,442.8357004953581,93.69330603833298,8.26786,1.500761,18.568588,1.0645645,16.094381538600185,0.8855494255768159,17.288696789433015,1.3519007498342541,,
2001-05-26,161.9637362964,481.88459049535805,93.56948432491671,7.9491363,1.3072408,19.168396,1.1197193,16.346126914724664,0.9002565519503499,17.552474733987726,1.3666096347377867,,
2001-05-27,211.5007762964,465.5170904953581,93.57139595063873,7.9713597,1.3026077,19.824966,1.1899173,16.121892786489312,0.9137972891050459,17.317522980928747,1.380148802010742,,
2001-05-28,210.0527062964,451.1955804953581,93.59574825570262,7.9640036,1.3101603,19.867983,1.1140102,16.086554438911755,0.8666101491408351,17.280495581135078,1.3329614198849795,,
2001-05-29,127.70254629640004,502.6556504953579,93.5602535463257,7.784345,1.2882183,18.039558,1.029464,15.961982751498573,0.8613931894838052,17.14996979289056,1.3277436179716946,,
2001-05-30,120.2838162964,479.30169049535806,93.52567773863082,7.5868535,1.1740335,17.020905,0.992064,15.128324335204208,0.8272795217661599,16.276465354016057,1.2936247705015584,,
2001-05-31,104.0398362964,450.2890604953581,93.50025996757213,7.614324,1.1140096,16.259438,0.95698667,14.636869812541768,0.8050005047921035,15.761520985123594,1.2713430723803791,,
2001-06-01,139.38648000000114,410.1513004953581,93.442270383936,6.7334228,1.0020728,16.314354,0.95269823,13.884216615407977,0.755114560000855,14.972893537983053,1.2214535569315688,1.1409870328810124e-12,4859.999999999999
2001-06-02,536.5190500000012,611.6987304953581,93.66954365201109,8.043642,1.3090105,18.04248,0.9941323,13.370398757561144,0.8090772190068936,14.434516942929623,1.2754141504657512,1.2056306473133702e-12,4859.999999999998
2001-06-03,509.61865000000125,723.7491304953579,93.9312065861784,8.826721,1.5432779,16.587763,1.0201578,13.38095653662207,0.8746368783725825,14.445579347739699,1.340973849233658,1.2390117354563356e-12,4859.999999999997
2001-06-04,504.63902000000127,917.179810495358,94.13602273721806,9.15292,1.724782,17.789743,1.0039022,14.724318960601819,0.8911372620444755,15.853149903530957,1.3574802865114388,1.2323138127916832e-12,4859.999999999996
2001-06-05,345.6729400000013,779.466130495358,94.29251424798142,9.217367,1.9484437,17.680815,0.9874014,15.080616348859003,0.9089866951735402,16.226477089005144,1.3753316715303672,1.2290881461542411e-12,4859.999999999995
2001-06-06,267.07955000000123,725.8190504953578,94.43929973461566,9.266359,1.9794031,18.426905,0.99334794,15.962811841093012,0.9004341566758126,17.15083851013351,1.3667845907106924,1.2155666422702152e-12,4859.9999999999945
2001-06-07,214.0899500000013,628.526850495358,94.5134068190172,8.796555,1.7372631,19.915876,1.0394584,17.09070716364682,0.8921936497919031,18.33264337358811,1.3585523579233583,1.3113889795157061e-12,4859.999999999994
2001-06-08,181.7413000013345,580.3039504953581,94.55859819960094,8.333189,1.3004676,21.058538,1.0815828,18.023651012298977,0.8800949168561334,19.31017874909683,1.3464615682927685,1.3345088270446827e-09,4859.999999998659
2001-06-09,161.65173010341235,529.433470495358,94.57904741403169,7.810944,0.9648811,21.800596,1.1029332,18.528276886779643,0.8745697511541174,19.838924015400416,1.3409411138715126,1.034123663456536e-07,4859.999999895247
2001-06-10,152.2143004705793,474.0196804953581,94.57312823954675,7.536503,0.7949249,22.307365,1.1109139,18.71711547385044,0.8628046312846337,20.036788441420782,1.3291778319056362,4.705792820197323e-07,4859.999999424668
2001-06-11,166.76828046675232,631.9784804953579,94.47930870002392,7.234694,0.6800202,21.74655,1.0658214,18.71665662465237,0.8551598812469043,20.03630766079954,1.3215330773526595,4.6675231068905917e-07,4859.9999989579155
2001-06-12,193.41839581860066,834.4434904953579,94.34526825626703,7.3866005,0.6807735,22.201815,1.0937699,19.413954731658645,0.8971425109084583,20.76693423372638,1.3635228464918292,7.581860066335832e-05,4859.999923139315
2001-06-13,148.9711987317031,578.2760304953581,94.1558689410792,7.482019,0.6864551,24.425259,1.186523,20.95456170507116,0.9538936551905836,22.38117695416653,1.4202917357547928,0.3202887317031092,4859.679634407612
2001-06-14,181.16506133917238,485.7043676580431,93.91131469586308,7.6404037,0.688235,27.210981,1.4687302,21.894341047739662,1.0859441923659041,23.36587453693961,1.552354430000172,13.632750934928382,4846.0468834726835
2001-06-15,211.6640238544016,443.1232195700948,93.64608011013887,7.607067,0.6663008,28.904507,1.6810135,22.01997769542099,1.1578255803382753,23.497516186912712,1.6242375197326395,36.40108706212355,4809.64579641056
2001-06-16,164.92520089522887,575.017550495358,93.52470266288847,7.2041006,0.6180182,25.352953,1.2269627,21.30777092929967,0.9633849259716805,22.751268371927832,1.4297874572523521,1.3890508952288576,4808.256745515331
2001-06-17,302.24140117665837,1555.0023904953578,93.97076260595146,7.1774287,0.55501395,21.711464,1.097001,19.346245541136486,0.9229091285831903,20.69598877534955,1.3892887465357593,5.117665829858527e-05,4808.256694338673
2001-06-18,146.56232121922957,895.084630495358,94.11448456629464,7.4600744,0.61969537,21.502676,1.0804827,19.52684698195334,0.9325413224994772,20.88522234768231,1.398922866252532,0.00017121922960442262,4808.256523119443
2001-06-19,139.67896164144113,715.6207404953581,94.24014614309957,7.5560403,0.6449833,23.081255,1.0936482,20.545832744834517,0.9210870771201894,21.952912146800628,1.3874801853998509,0.054631641441151374,4808.201891478002
2001-06-20,145.89062990737798,623.947030495358,94.32362302887383,7.779327,0.6657281,24.847689,1.1693592,21.613092374153517,0.95611606286147,23.071183138156545,1.422522556367865,4.332179907377999,4803.869711570624
2001-06-21,170.4231645289404,570.865750495358,94.38596443796257,7.3333683,0.6137205,24.713991,1.1353719,20.7181662042138,0.8856598315492665,22.133482556445784,1.3520550130178053,0.12255452894038232,4803.747157041683
2001-06-22,174.18953498763705,559.6373004953581,94.38551142141642,7.4845085,0.6204697,24.152327,1.10553,20.19586255394376,0.8558763260416692,21.58621457709854,1.32226532863939,0.009214987637056313,4803.737942054046
2001-06-23,186.79111729598796,509.1464204953579,94.46045010226045,7.2096305,0.57227296,23.82083,1.0970831,19.362348228928585,0.8171887716280254,20.712861116573826,1.2835685597733932,5.7295987974479143e-05,4803.737884758058
2001-06-24,122.80000771841864,358.90022049535804,94.57020329930931,7.4624333,0.60037017,23.05011,1.135534,19.07633803283289,0.8597842636547479,20.413180610781705,1.3261610730304998,7.718418646001356e-06,4803.737877039639
2001-06-25,122.82511212157972,388.4565504953581,94.63326968300404,7.6640515,0.64760566,24.409245,1.2163839,20.386549497282363,0.9371753229654687,21.786015704498027,1.4035665452472808,0.025112121579723107,4803.712764918059
2001-06-26,126.02164796439041,345.5784686587151,94.65738378471293,7.941531,0.6852195,26.436749,1.4128772,21.494430459359332,1.051393287771692,22.946849589460662,1.5177982287144864,3.221093497729422,4800.49167142033
2001-06-27,167.86269052859717,394.3249510418567,94.65845155312685,8.062748,0.696544,27.776789,1.5565579,21.89040545117209,1.1114208527109455,23.361750832309273,1.5778310373286728,45.05797370580662,4755.433697714523
2001-06-28,165.8641386640009,462.27049116671225,94.53102563454273,8.098495,0.6986281,27.986004,1.5404078,22.734542722035265,1.1485623685048165,24.2462349791808,1.6149843299143267,43.05687343611792,4712.376824278405
2001-06-29,228.37379675835692,413.84995308207823,94.22684180232012,7.7794185,0.6659816,29.639132,1.7085215,21.865850547291267,1.1261563165249246,23.336022287959686,1.592566170762679,42.809770093820354,4669.567054184585
2001-06-30,207.13112556060253,434.6977417645537,93.95522225668306,7.865168,0.6515891,28.490421,1.6238191,21.8342359350362,1.1197026379606285,23.302896605307975,1.5861120678468659,30.256222552859168,4639.310831631726
2001-07-01,148.45097223141892,393.1799697118216,93.77292364490222,7.3940344,0.57659394,27.027811,1.945532,21.646557859825116,1.421112182855258,23.106248159647205,1.8875191171316499,8.499348908739728,4630.811482722986
2001-07-02,145.1177310764194,346.167606175426,93.59192585451946,7.6411796,0.58981633,23.390455,1.3026571,18.738374306215768,0.9342616368688927,20.059063373303488,1.4006350469487059,7.264167539651041e-07,4630.811481996569
2001-07-03,148.94200373375708,327.038665455048,93.39120417906874,7.2707195,0.6450824,21.88212,0.9756881,17.30997797578637,0.7001106444201509,18.562394581008157,1.1664711299994992,7.042498087931275e-11,4630.8114819964985
2001-07-04,175.1768919100704,373.2840293089231,93.15042208650961,7.7782254,0.6737403,20.2965,0.91542906,16.29819742834041,0.659158829170396,17.502254381993055,1.125511571567616,7.116918628965989e-11,4630.811481996428
2001-07-05,170.99455513696307,381.1118473121224,92.91391327605803,7.7511706,0.6634438,22.000341,0.99393094,17.5871873425316,0.7162057956254584,18.852853607890992,1.1825686070063246,9.758903957546298e-11,4630.81148199633
2001-07-06,190.27247231143855,378.2876840920597,92.63607710808942,7.673161,0.67846435,22.88128,1.0406327,17.79178151338581,0.7286564440838971,19.067226680741847,1.1950210283829146,2.6895891280071534e-10,4630.811481996061
2001-07-07,218.85544027672654,400.1325130550434,92.31872772817282,7.5547485,0.6779567,22.77327,0.98026884,17.3924603471798,0.6774975992102337,18.648819327802308,1.1438587676375005,7.331730163598222e-11,4630.811481995987
2001-07-08,165.4601328071106,325.43105342863623,92.06618689780728,7.452339,0.660946,22.896498,1.0426583,17.690878646075703,0.7262330150606238,18.961501001293513,1.1925967189999394,1.4492617124547e-10,4630.811481995843
2001-07-09,122.80053661511626,300.56432293100585,91.88463427940313,7.9929366,0.68528223,22.881693,1.0798898,18.56308396334571,0.7920074201214421,19.875394751244304,1.2583791185393112,1.7946841107746374e-07,4630.811481816374
2001-07-10,183.67950185725385,354.4141878206899,91.59689513956522,7.8035946,0.6821602,26.18056,1.315999,19.907540607002936,0.8975129790712132,21.284111826673218,1.363898704421923,0.00220977126189342,4630.809272045112
2001-07-11,168.3054768095817,331.47384098215605,91.34160366670054,7.733805,0.681523,25.662735,1.3251761,19.624995982913187,0.9083820618687002,20.98806253538246,1.374764667851569,0.00039297355111828634,4630.808879071561
2001-07-12,166.0480729604797,322.6455285079511,91.00430921772016,7.7283154,0.7117091,23.861782,1.1424335,18.37996064010513,0.7920757988617538,19.683518759128585,1.2584457466562693,3.874473546033276e-08,4630.808879032817
2001-07-13,210.44391884163946,371.7437793539151,90.62531112448598,7.615396,0.7517123,22.771921,0.9926759,17.293278178389567,0.6896389137524737,18.544896590381185,1.155999262026036,7.104247780705042e-11,4630.808879032746
2001-07-14,229.00485641104098,392.8621977889212,90.22571295659543,7.8995132,0.7566119,21.913181,0.94666374,16.752595902847133,0.6597706551805522,17.978371550297723,1.1261267302800517,7.097191177630234e-11,4630.808879032675
2001-07-15,247.41178342313648,418.2850840490975,89.80233989078293,7.8637605,0.7389028,23.088902,0.98193043,17.430351083801877,0.6753441840553462,18.688521112111918,1.141705668777061,7.589379835939675e-11,4630.808879032599
2001-07-16,249.3465723820534,419.82704704028185,89.38181739424161,8.040364,0.7325305,24.497335,1.0544316,18.365161012316445,0.7156305169144808,19.6680117597216,1.182000324902177,3.419270419428022e-08,4630.808878998407
2001-07-17,225.4710317184787,384.5123466535563,88.97882166103676,7.879069,0.7309832,25.67229,1.1592705,19.095298291994187,0.7791162822627868,20.433047105518508,1.2454932862130825,1.0643128059665704e-05,4630.808868355279
2001-07-18,248.6635595618498,419.7786300737299,88.54220663210305,8.086367,0.7381621,26.687256,1.3246545,19.767639783848043,0.8760275279730587,21.137524222398564,1.3424116973727438,0.0009519051505054333,4630.807916450128
2001-07-19,272.93485208871056,441.65409996141176,88.09565996687732,8.132994,0.7457276,28.157051,1.4866492,20.508929567315423,0.9619630351676537,21.914245123543324,1.4283557039124317,0.05566858996340209,4630.752247860164
2001-07-20,276.02017612188297,432.258211921105,87.65625518722135,8.394608,0.7540745,28.870653,1.5769073,20.891019987659288,1.0062446183812488,22.314598159868865,1.472641913406987,0.32261812713566657,4630.429629733028
2001-07-21,287.7408754603518,430.10263330163616,87.1462948410719,8.42369,0.7563258,30.369066,1.8017762,21.57246678536398,1.1213117417203247,23.028615785094495,1.587717701872389,4.878466812810541,4625.551162920217
2001-07-22,292.06787089575266,431.05615973397937,86.6326341817598,8.468683,0.75986266,30.433537,1.804307,21.561990761092474,1.1184829580639477,23.01763904267331,1.5848887809872034,4.699804913872931,4620.8513580063445
2001-07-23,310.44856775510476,434.05736847769856,86.1374285223228,8.563496,0.766673,31.366755,1.9136811,21.85811434533093,1.1606015010835644,23.32791632199053,1.6270112513754846,17.83488672849689,4603.016471277848
2001-07-24,358.2859547726523,440.9027542399782,85.56770419564124,8.67561,0.7689469,32.956757,2.206096,22.07122500344986,1.2649556147167598,23.551212941085204,1.7313682534420727,56.170920791306415,4546.8455504865415
2001-07-25,363.9278951019939,434.267604290588,84.99473431331127,8.714767,0.75709987,33.41667,2.390745,22.15412762356077,1.345737886624109,23.638078023048983,1.8121516630119,63.60865125586103,4483.23689923068
2001-07-26,249.47995485879042,510.49355244300745,84.49050890942402,8.027473,0.7579151,28.44692,1.8052238,21.74373580598446,1.2378764655404533,23.208070879446776,1.7042846869931563,13.009312835178555,4470.227586395502
2001-07-27,309.49168307077014,454.5065187456204,84.02010789519822,8.556866,0.7818638,26.95646,1.3225145,19.50288096854983,0.8481305950876733,20.86011084076183,1.3145118811387058,0.0002105388626075093,4470.227375856639
2001-07-28,338.69191608125067,512.8868381045102,83.49141269207381,8.467201,0.8131489,26.024683,1.1374094,19.041679827695866,0.7575401608983465,20.37686586191228,1.2239166156660595,8.491958863051336e-06,4470.22736736468
2001-07-29,419.03924706395117,624.1408181937973,82.88909562347584,8.4889,0.8002199,26.139305,1.1242294,19.049242105862117,0.7454940079000333,20.38478959112452,1.211870539924616,8.945125559704134e-06,4470.227358419554
2001-07-30,423.34573470139406,624.4719924550803,82.31341449628518,8.3719425,0.80573624,26.720663,1.2542306,19.307300630841215,0.8153003449173799,20.65518243146868,1.281679552478394,5.590418700601017e-05,4470.227302515366
2001-07-31,424.1815349261324,616.6359377258377,81.7275721875162,8.595463,0.8009929,26.876226,1.2663941,19.425964896814293,0.8182199084724763,20.77951844372177,1.2846003718956116,0.00012595051265420668,4470.227176564854
2001-08-01,425.7103859255938,610.5357633977263,81.07498153356939,8.745064,0.7908775,28.911598,1.5783004,20.626787537796197,0.9850307829319647,22.037736302135762,1.4514248608770859,0.11540395784868551,4470.111772607005
2001-08-02,440.8826995473376,620.519188754919,80.40690724375466,8.6971855,0.7879846,30.613981,1.8989725,21.510232540992693,1.1574264068783218,22.963406956579384,1.6238315536452654,4.235708056866735,4465.876064550139
2001-08-03,446.4490490330212,636.0349991640433,79.72731409987625,8.560556,0.77874815,29.758673,1.6894019,21.015930610734735,1.043308920088446,22.445479083741713,1.509707763711602,0.6345584915285036,4465.24150605861
2001-08-04,418.02525472581027,619.426201253464,79.09164984171177,8.669752,0.7951843,27.581121,1.4079798,19.961073361291646,0.8996460977115149,21.340203263624364,1.366032424363453,0.0035622003170072873,4465.237943858293
2001-08-05,387.17971081713716,555.3439287087343,78.50681224445437,8.858032,0.81161404,29.16611,1.8518943,20.823745036485228,1.1409532424972784,22.2441076959966,1.6073497108630785,0.28426889457718624,4464.9536749637155
2001-08-06,392.97358168617785,528.3977075758049,77.92984412593104,8.872679,0.8143208,31.265024,2.35016,21.714476769678736,1.3918253960124787,23.17741336122265,1.858233228776941,9.682917101877619,4455.270757861837
2001-08-07,455.29813778021696,579.8431062887611,77.30769770943651,8.855875,0.80884475,32.344616,2.48102,22.01329152869924,1.4345774221084664,23.49051044427718,1.900989270483478,35.10229128625277,4420.168466575585
2001-08-08,443.5015770373792,598.0065462717638,76.62571039812346,8.890347,0.8080527,31.365835,2.1822338,21.795180440693358,1.2993690658471901,23.261974391840074,1.765777973083289,13.245530035793404,4406.922936539791
2001-08-09,507.95928355901844,609.34298281951,75.92673606151081,8.902229,0.80166835,32.59831,2.4484591,21.82535678169716,1.3841608783480626,23.293593058791195,1.850570189258152,14.521323555798364,4392.401612983993
2001-08-10,499.2428764491559,672.0038498195099,75.25906908793108,8.668065,0.8152328,29.579016,1.9095067,20.665741591532445,1.1493689186423648,22.07855222648283,1.6157634658440003,0.1474558024974659,4392.254157181495
2001-08-11,522.459905564618,674.42777481951,74.62460694941045,8.7908,0.84609866,26.356201,1.6950451,18.688633079696075,1.024053330643578,20.00694468618803,1.490426251443536,6.188077666866281e-07,4392.254156562688
2001-08-12,379.98624683077924,551.7339574877486,74.07710407152314,8.913668,0.9011575,24.144148,1.7020513,17.93265543178319,1.0728149223427352,19.21483389088522,1.5391807552161603,4.854734823456455e-09,4392.254156557833
2001-08-13,346.2800298571611,492.6479799924565,73.54638078980147,9.02338,0.98762697,24.187973,1.9489104,17.92856152810482,1.214904598144446,19.210544312605332,1.6812703944131784,4.83651562557161e-09,4392.254156552996
2001-08-14,317.3708221998693,439.59004208338416,73.07387373815334,9.143848,1.0198435,25.020407,2.3941612,18.363845465575274,1.454626628360428,19.666633334343175,1.9209964239327433,4.725917728524405e-08,4392.254156505737
2001-08-15,324.64407294238146,443.091643234309,72.56108441321112,9.139004,0.9749981,25.364866,2.383569,18.50361181849848,1.4361083767077627,19.813080041168732,1.902479502379016,1.4324251389086464e-07,4392.2541563624945
2001-08-16,367.13254670077083,497.4916103591865,71.96224398872448,9.201654,1.1925331,23.277939,1.8468865,17.300934729708796,1.1771476972514445,18.552919098680864,1.6435081084376053,3.9924411424454855e-09,4392.254156358502
2001-08-17,362.80155312968935,543.8969281817585,71.42160396668345,9.384878,1.0518727,21.076033,1.6247379,16.397995682889484,1.0616217126247334,17.606822651966308,1.5279751667386683,4.074677875768919e-09,4392.254156354427
2001-08-18,384.7438864500216,566.6640287492376,70.87086854401595,9.192457,1.0178261,23.51658,2.1199152,17.723987507594646,1.3280289512500796,18.99619235321608,1.7943929427749876,4.094318902831498e-09,4392.254156350333
2001-08-19,418.7132982716551,597.8169024734327,70.29904589018734,9.192942,1.0785836,22.497597,1.666918,17.017350305577526,1.0762810214185932,18.255780308460977,1.542639147180505,4.008593205643177e-09,4392.254156346325
2001-08-20,437.93774263965463,599.8749857376565,69.69324238159416,9.352972,1.1430163,21.966068,1.5724872,16.64357535289606,1.0289760611173202,17.864140190727095,1.4953313150953644,4.054417857040772e-09,4392.25415634227
2001-08-21,423.4780799214086,589.8501996132902,69.09352497223283,9.559618,1.3489363,21.588165,1.753415,16.5613381313188,1.1659831980127955,17.77797231107232,1.632337841589728,4.087319844799041e-09,4392.254156338183
2001-08-22,408.2269003868185,556.8607080171981,68.50906196058479,9.49453,1.1994705,22.408314,2.0721328,16.945852126243796,1.2988299204849074,18.180864760559395,1.7651874845550064,4.053611121430021e-09,4392.254156334129
2001-08-23,413.44104311268967,558.57232732197,67.91134678265402,9.518831,1.2972147,22.261986,1.8799367,16.841748506435334,1.2130638148864,18.07178534358451,1.6794205715681794,4.063580503159024e-09,4392.254156330066
2001-08-24,373.7534690535794,503.2432507400901,67.34865390843696,9.531469,1.2545142,22.435469,2.1474223,16.936115705921914,1.3432319997564057,18.170662972628413,1.8095894877891474,4.059166359073091e-09,4392.2541563260065
2001-08-25,353.47826837302154,467.0812942812329,66.81111767181388,9.469332,1.208011,22.688957,2.1906226,16.99424529651656,1.351180804338789,18.23157095894742,1.8175387479477332,4.04711581248146e-09,4392.254156321959
2001-08-26,357.25666769967523,471.1528847190196,66.24638846323218,9.430265,1.1639178,22.474022,2.0817595,16.84882244053067,1.2859930306698872,18.07919738754857,1.7523498418219567,4.051461576797068e-09,4392.2541563179075
2001-08-27,358.17557825104564,471.1889272289632,65.67912993159042,9.432352,1.156449,22.155918,1.8564848,16.661023416826655,1.166999128943408,17.88242221247035,1.633354513423258,4.064027690259638e-09,4392.254156313844
2001-08-28,356.29851177020123,463.3907696331853,65.16066209829691,9.494179,1.2317439,22.074974,1.7112299,16.606415742013887,1.1056792639457167,17.825204477468528,1.5720342411508528,4.075912381962198e-09,4392.2541563097675
2001-08-29,367.6800577626264,471.8416416126669,64.5777691219702,9.536499,1.2277946,21.936125,2.061191,16.505538402552304,1.2771813236770868,17.719505546012616,1.7435355574879585,4.088004749305205e-09,4392.254156305679
2001-08-30,368.6022863386714,470.2584996415005,63.97729425403392,9.538456,1.2332933,22.060371,2.0061483,16.558139400348168,1.2483868657967239,17.774620691695606,1.714741485787523,4.084824801321524e-09,4392.254156301595
2001-08-31,377.4973703446648,464.7670710933028,63.4012370541123,9.49379,1.1745722,21.305037,1.612652,16.011313557943197,1.033927701970465,17.20165844325431,1.500278461872253,0.0,4392.254156297481
2001-09-01,373.0639741363418,444.0925709456379,62.89758242658474,9.726461,1.387538,21.314783,2.1272967,16.024260285610378,1.318275854097439,17.215223980247806,1.784626701438898,,
2001-09-02,365.8039894408294,480.2317450735411,62.348787236315026,10.212608,1.5136449,17.941132,1.6419873,14.59951784711678,1.1388623034935417,15.722383723432598,1.605204678601911,,
2001-09-03,366.0556084016132,483.0149745030138,61.84781739352394,10.491779,1.6515257,18.211004,1.7854218,14.883052924341357,1.2403924949665017,16.019470808132336,1.7067363710864882,,
2001-09-04,372.0760155679516,471.9401151197525,61.28178011420798,10.771479,1.8265042,19.173388,1.5321581,15.469490571555573,1.1757179192127598,16.63393817024658,1.6420651916297277,,
2001-09-05,356.59778489383984,469.803347110239,60.74634045707181,10.935841,1.792983,19.236475,1.5446107,15.654694037295883,1.1703197637325589,16.8279937285629,1.6366681904583782,,
2001-09-06,371.9136966804611,501.2955569867487,60.15196287556193,11.048321,1.847871,18.096958,1.3807244,15.094831491086666,1.1170162561760368,16.241371666439257,1.5833613134189313,,
2001-09-07,376.3810617193366,499.8218538598001,59.5298344302651,11.055662,1.9265085,19.646917,1.3263828,15.956464262394636,1.121301149117172,17.144187538871464,1.5876515407038652,,
2001-09-08,380.7671848108389,500.72215330001166,58.89794658986327,11.09099,1.951306,22.03841,1.2466466,17.309574385918854,1.1008746246899757,18.561971700924573,1.5672351069472463,,
2001-09-09,377.7808423943841,495.07535711101616,58.27234646191861,11.088417,1.9774659,23.52686,1.2487218,18.143377804515453,1.1109203745555023,19.43562807271569,1.577288117435835,,
2001-09-10,372.7318106207023,485.5270505366056,57.67314094769298,11.476755,1.900069,24.695303,1.3947557,18.954641857269888,1.1417031428500524,20.285667774024354,1.608078713138001,,
2001-09-11,369.3182819327615,484.5668162027695,57.098998536025334,11.296619,1.8961707,24.040918,1.6698737,18.528815378326406,1.2532357725687104,19.839488245002375,1.719607140469093,,
2001-09-12,362.9261675799031,469.7571215667392,56.5111657075178,11.356594,1.8707752,23.124544,1.7301866,17.995466773585004,1.271841680611413,19.28064740011533,1.7382080775006883,,
2001-09-13,377.9546338671144,494.55201966563686,55.88308094090897,11.361547,2.0939684,22.968056,1.5145776,17.94031919124514,1.2489116750735505,19.222863951852204,1.7152775765222277,,
2001-09-14,346.7876877436501,471.1707900834927,55.508644053992114,12.041641,1.8804902,23.772299,1.8623878,18.798883013294876,1.3366096684851931,20.12246418974231,1.8029836775733208,,
2001-09-15,347.3152048564868,471.6828787305378,54.93412918977653,12.433445,1.8318017,20.512423,2.2281153,17.086344026003704,1.5000428847776177,18.328071692880293,1.966401558098626,,
2001-09-16,363.9087448942234,488.6952854305245,54.31062825904364,12.184105,1.8764479,16.88767,2.3685925,14.880093034048354,1.5762637073995522,16.016369445201207,2.0426075673752204,,
2001-09-17,344.72882667112424,525.892705549873,53.62325770089028,12.037943,1.9254781,17.589918,1.4286563,15.391573801095042,1.151512397109408,16.55229724450319,1.6178591956215453,,
2001-09-18,352.8762165703373,530.7272528118418,52.91484922763744,12.368837,1.9208684,19.358282,1.3006338,16.566974790592774,1.0948806449169866,17.783878383391635,1.5612353300848154,,
2001-09-19,354.36734124949123,529.332296355385,52.2116684722594,12.17429,1.9573754,20.414833,1.2071515,17.110339869336535,1.0672092820412498,18.353214455498744,1.5335681470778075,,
2001-09-20,318.53769002300913,496.3550832190017,51.57592146958986,12.4548435,2.2355092,20.235214,1.077185,17.193904510706364,1.0927511689672644,18.440773201074617,1.5591107067855252,,
2001-09-21,109.83083411376636,245.09515791370225,51.22521234864197,12.547838,1.9881359,19.38316,1.0354598,17.26798895240822,0.9432820825188554,18.518398625844824,1.4096422234714807,,
2001-09-22,277.70607041527205,462.3011958730535,50.60744460164601,12.978052,2.037741,21.846067,1.0731937,18.51812486563521,1.017000676639634,19.82828676234823,1.4833719417057611,,
2001-09-23,294.27589722974204,474.8809670338906,49.98301893118603,12.790985,2.0648239,21.74019,1.0953068,18.316265464792824,1.0399029791060581,19.61677917216742,1.5062723269755636,,
2001-09-24,316.02534532996646,497.4994621012771,49.33222444017248,12.988142,2.751472,22.736961,1.1455811,18.94989307392246,1.2779776978725037,20.280692015065824,1.7443532201525214,,
2001-09-25,263.367507130332,114.9794200440098,49.39072174180577,13.935829,2.1283128,27.89035,10.466264,18.176600362086834,3.5088033198740716,19.470438554973352,3.975171368520493,,
2001-09-26,182.19831252039188,375.8568452872947,48.974373917254646,13.494482,1.8484274,21.526503,1.8567513,18.904144275495828,1.388546171309949,20.232756580458844,1.8549212324122735,,
2001-09-27,238.17703952326391,453.3747489288688,48.43409331304007,13.865658,1.8552746,16.53329,0.99174887,15.61453256528594,0.9116049453345221,16.785912675476006,1.3779531184168934,,
2001-09-28,278.3644726754841,505.8311911539875,47.917109684903785,13.891476,1.8897263,13.534986,0.84479266,13.661528180919444,0.8642329383178495,14.739561357548299,1.3305710029994038,,
2001-09-29,284.98762955290863,520.8281686839023,47.42700356933945,13.998014,1.9197495,12.870757,0.88771975,13.269426873341914,0.8889172069187475,14.328718947799832,1.3552537679849328,,
2001-09-30,287.6622179977433,510.4798867671461,46.93537622620521,13.681215,1.9362789,13.488739,1.0287822,13.558110308774113,0.9591504136143867,14.631200464630734,1.425488064639911,,
2001-10-01,315.6745808184103,498.9780013027463,46.411061032640646,13.731016,1.9962022,13.91626,1.0684748,13.84447861727316,1.0132285104813032,14.931256199374943,1.4795673368978295,,
2001-10-02,316.1519434654068,509.9217716441423,45.98326547682312,13.976238,2.0698733,14.298281,0.9908407,14.175029788825041,1.000815286760042,15.27760658699435,1.4671555865306016,,
2001-10-03,319.502150082189,509.74915494062793,45.37906883976095,13.89953,2.1669397,15.620896,1.1464282,14.957671437688148,1.092561062865958,16.097655831346476,1.5589053492927212,,
2001-10-04,321.3236322459378,509.12717565281366,44.76794508254378,13.647266,2.2132301,16.933811,1.3332218,15.662159089187817,1.183820320574603,16.835815584417265,1.6501687946499435,,
2001-10-05,324.8372917765576,507.7765984552609,44.142293094226574,13.849863,2.1865387,17.42507,1.1706256,16.030233025695175,1.1123788097680978,17.221482196891866,1.5787296975128926,,
2001-10-06,323.69227747884,507.5500312604691,43.57880670803981,14.275553,1.9802233,17.742886,0.8999095,16.39267897481853,0.9468596826170451,17.601251823423823,1.413213098527349,,
2001-10-07,325.644340546592,511.71151174219005,43.01010778026508,13.827209,1.7391217,13.961893,0.77518374,13.909515165014406,0.8257366413905527,14.999401271781904,1.2920757478172462,,
2001-10-08,325.2234746450038,509.2367751590816,42.443025174637874,13.5366,1.6375713,10.199205,0.7752833,11.499925361576846,0.7944696123353779,12.474641312510714,1.2608015751775539,,
2001-10-09,309.79760252289384,485.2848402863584,41.9089122160837,13.45529,1.6604447,9.7899,1.052559,11.21809013400994,0.911761083192256,12.179335324471639,1.3780926442848802,,
2001-10-10,323.162748052882,504.3112921118971,41.328576787379134,13.832926,1.924162,10.938708,1.2105472,12.069019629344917,1.0530984540699075,13.070936340926663,1.5194315050831417,,
2001-10-11,319.67179270588935,501.7803142158848,40.76330899470212,14.0033,2.0607464,13.399558,1.074039,13.63450685206769,1.0361236037096055,14.711248501545223,1.5024615591293646,,
2001-10-12,319.3961044792986,497.8529294837254,40.20693558856194,14.203241,2.1132727,15.10566,1.0073024,14.752978293852005,1.0289133773414907,15.883179054943472,1.4952565534422089,,
2001-10-13,321.17570016229496,498.4925675344626,39.772274445089764,14.827044,2.1010113,15.927048,1.1239922,15.496026264091139,1.0700533351729071,16.66174217817762,1.536400770570027,,
2001-10-14,322.433312169787,496.61888518808223,39.338979746720476,14.004843,2.1465287,15.059194,1.2652966,14.644131129403787,1.1413306577168212,15.769129368110047,1.6076732629089294,,
2001-10-15,269.71062290104743,418.82424609532177,39.032308475169394,14.31048,1.9513011,15.181102,1.1068691,14.840064726635372,1.0186075768725211,15.974427921523807,1.4849512195032366,,
2001-10-16,287.3268497346814,436.6208333242808,38.67671917561514,14.155289,1.9454128,13.336885,1.0499831,13.661700672236263,0.9985849706039863,14.73974209336043,1.4649230359856984,,
2001-10-17,250.36432752364,383.41658934323135,38.401319834457,13.76473,1.7009426,10.97507,0.7163757,12.077077720259775,0.7995680971792625,13.079379581042046,1.265901166260138,,
2001-10-18,290.4683631316636,473.059119293535,37.910905324730386,13.564728,1.5720639,9.293236,0.8713725,10.918237261015255,0.8056934978000272,11.865150509143577,1.2720247312083748,,
2001-10-19,331.5172598188835,511.2411729878545,37.375141414936735,13.722103,1.6342016,9.42365,1.18303,11.11453938838358,0.9634778209596522,12.070835207174856,1.4298092572653847,,
2001-10-20,347.80631935323095,498.009121062216,36.9420951197268,14.131395,1.7219172,10.600456,1.1667001,12.05240766159759,0.98653407939434,13.053530377906185,1.4528670933950203,,
2001-10-21,348.828226589702,471.2081525413514,36.52704443224994,14.173349,1.8001204,12.019719,1.2813059,12.935833386910204,1.0622788173072624,13.979180833048973,1.5286142375635776,,
2001-10-22,340.79830015326866,461.1997670932067,36.02767285809021,14.354004,1.7501881,13.3375845,1.0808945,13.769498263866257,0.9692693742947247,14.852692041382706,1.43560788389243,,
2001-10-23,336.9333035850889,452.826846248294,35.53063785175688,14.13278,1.7357466,12.401179,1.2373435,13.139927609780482,1.0255230147302212,14.193030062111252,1.4918591178253555,,
2001-10-24,251.0874678468926,338.0578598690225,35.15998850686843,13.948555,1.7514144,13.240851,1.2991623,13.542467139755955,1.0549379964886494,14.614809605607004,1.5212755860089284,,
2001-10-25,286.32361344584666,393.1485661654363,34.700051385304306,14.046492,1.6387665,14.623163,1.1229955,14.380158871747865,0.9482000080213793,15.492540138882195,1.414541284944078,,
2001-10-26,292.64938436915344,406.13211851078967,34.241745525372245,12.950748,1.3602977,11.512947,0.69794464,12.11509765667211,0.6993550615991413,13.11921674045024,1.1656882169291976,,
2001-10-27,337.39430441751074,454.504229404004,33.70181843834138,12.321537,1.1983917,7.9209538,0.7673186,9.795855227327749,0.6742737352850665,10.689122450916855,1.140604655036196,,
2001-10-28,343.14013808378263,468.0946177318719,33.176311119394995,12.030081,1.0732377,6.7083282,0.9382325,8.959349780790365,0.7065188109628455,9.812634903485804,1.1728504340558223,,
2001-10-29,310.39271009729697,409.26241206868224,32.76978928894447,12.025946,1.0590585,6.6426735,1.235258,8.964519591887369,0.8379312161009917,9.81805181388113,1.3042628323892542,,
2001-10-30,287.2467901054496,414.4184024976572,32.35139415921512,11.889481,1.0392741,6.8104343,1.2202082,8.889687733667182,0.8368956760446739,9.739643248637929,1.3032273938108618,,
2001-10-31,304.94714534239245,420.3273300610949,31.902085610940407,11.804218,1.0589687,6.2784595,1.296408,8.60180665651031,0.8733474479927511,9.438002440065192,1.3396796158637767,,
2001-11-01,289.93193416950345,420.7799234918458,31.472164359305793,12.307619,1.1524799,7.61116,1.2379307,9.527060756272927,0.8707554626406742,10.407480522973547,1.3370865211279939,,
2001-11-02,285.3366050592798,421.1362830172749,31.039137617920986,12.703537,1.2592547,10.4278755,1.2270613,11.346990078814773,0.8909061186646291,12.314396246015725,1.3572378522273278,,
2001-11-03,300.4998530757709,406.7442413538717,30.60792473566537,12.628828,1.1947947,12.329703,1.1003755,12.456797971206093,0.8112939115570547,13.477249161974855,1.277627916244616,,
2001-11-04,306.35763457852227,397.5626742146813,30.207390972400283,11.988638,1.0865666,10.872796,1.0596342,11.358428693798446,0.762748745932768,12.326381587694668,1.2290804957185437,,
2001-11-05,299.7298888050932,409.0857852108504,29.80518618523249,11.157633,1.0033026,7.501965,0.9176309,9.047801203230932,0.6785803787465527,9.905314001562969,1.1449118896289288,,
2001-11-06,298.7620603647816,416.06987714717127,29.399211927945824,10.676548,0.91212314,6.128134,0.99735504,8.029131106939996,0.6944953604857945,8.83795495681885,1.1608287055763022,,
2001-11-07,282.012237239724,429.31644231820695,28.991330494716987,10.747656,0.9393173,5.796609,1.2158513,7.759493123671637,0.8229028288341899,8.5554291996616,1.2892368580910407,,
2001-11-08,287.040988917478,433.8545354030548,28.572323208429633,10.76631,0.9393652,6.382146,1.3266056,8.127800676963098,0.8816578159842583,8.941340595004005,1.3479909314979266,,
2001-11-09,297.70946805790174,435.6328797185033,28.146200530681416,10.3059845,0.8928996,6.1423244,1.2315515,7.832614149639071,0.816465074261815,8.632045160718555,1.2827989097672932,,
2001-11-10,244.7460578330117,360.07613233574045,27.7971119432853,9.947407,0.86847866,5.1883173,1.2079381,7.114120296146924,0.8004155087461632,7.879209757077852,1.26675151324704,,
2001-11-11,278.2319791505621,415.2804996055543,27.3610402508726,9.342678,0.84508806,3.820331,1.3025984,6.035855077885082,0.8505051639035043,6.749407147248353,1.316845531409411,,
2001-11-12,289.340373917756,444.97230532613247,26.916068568261576,8.81441,0.84795606,2.427449,1.4122918,4.944095915515287,0.9187181583970306,5.605465628909278,1.3850642983134174,,
2001-11-13,302.61131334086645,461.9722065854992,26.455975738542502,9.203188,0.85108346,1.6144027,1.4794972,4.617936240513919,0.9552917224999781,5.263716636363919,1.4216398513631519,,
2001-11-14,298.5385105827265,454.8451533389778,26.01710454469114,9.278309,0.90340096,2.797844,2.145049,5.365816192548998,1.3436118185478645,6.047342693606551,1.8099555671357892,,
2001-11-15,295.7323760984321,452.6903590788068,25.577886858811343,10.018581,0.9778582,4.5796337,1.998637,6.728783978486262,1.2691426354702575,7.4754556806393175,1.7354800464710431,,
2001-11-16,296.87484733460417,457.4369003882364,25.130645189741823,10.128519,0.99247277,6.741541,1.735196,8.074555572934017,1.122432735448642,8.885550557011616,1.5887659734657942,,
2001-11-17,274.35062906940016,423.7025303905085,24.720529500525508,9.179937,0.89633894,6.906881,1.1572634,7.800243308240243,0.7858206011906311,8.598127103755049,1.2521545217158998,,
2001-11-18,299.58294036994585,469.3964547031466,24.2247173922974,9.172695,0.9101012,5.165239,1.3197956,6.726484256355295,0.8801944685498245,7.473046039651698,1.3465318884545232,,
2001-11-19,289.7456471759559,454.4802126791374,23.775865443639443,9.452723,0.9719418,5.4019394,1.4870073,6.979010078297884,0.9837650717734064,7.737641732666804,1.450101550100631,,
2001-11-20,284.9320536834384,452.5228029795424,23.339953097353057,8.550848,0.9502186,5.612317,1.2735801,6.747683735623889,0.8634460405608192,7.495258781562536,1.3297833786158926,,
2001-11-21,285.5715233900897,459.0516188193787,22.89701839220682,7.5602765,0.8828649,3.9349546,1.202364,5.325307197588431,0.8149137518120194,6.004897507159941,1.281257721272091,,
2001-11-22,286.33798878254623,460.46415550509886,22.450079107669122,7.8722434,0.9094298,3.092462,1.2863803,4.9251201324855245,0.8664213255782773,5.585582868316163,1.3327675778772154,,
2001-11-23,284.06803365612075,457.4327391537258,22.00544671117372,8.122693,0.941693,3.568389,1.4890563,5.3131372443826255,0.9869022343235732,5.992145871791802,1.4532462705059768,,
2001-11-24,282.2583942173319,453.2867006780989,21.560914427033122,8.26705,1.0055559,4.6102066,1.7250866,6.013485196418879,1.1309648685221543,6.725968061915679,1.5973053406235511,,
2001-11-25,278.871946082508,443.8156545610471,21.169414043763638,8.994692,1.1868396,6.015195,2.0560472,7.164928351283445,1.3431477892488501,7.932446263571252,1.8094836209697978,,
2001-11-26,231.82813025652308,353.8395176769974,20.950329401029144,8.625698,1.0689815,7.931987,1.415904,8.206582459976717,0.9543708910816863,9.023887877943622,1.4207038312867641,,
2001-11-27,241.23552989184577,448.8894630466184,20.59686491257555,7.987494,1.0345421,6.5193863,1.2064078,7.03256831310228,0.864022421071195,7.793759868015183,1.3303587090739446,,
2001-11-28,263.23715208902246,497.0706164459917,20.194528487887805,8.464344,1.082218,5.9106293,1.1858822,6.794787801988279,0.8610947483126973,7.544614261281947,1.3274319063423525,,
2001-11-29,260.10454060814465,485.3080892642226,19.8335416000708,8.317488,1.1159091,6.8776536,1.2830429,7.380069813345222,0.9216343737604299,8.157870752095285,1.387969506583275,,
2001-11-30,243.5619869593806,438.4851478728258,19.540340841120297,8.927696,1.2411351,8.021208,1.3171797,8.344918751272091,0.9557850043294884,9.16883617108396,1.4221176538793927,,
2001-12-01,117.07158145921645,204.2870300231527,19.660772525091442,8.379543,1.0909106,9.253423,1.030195,8.935066721340952,0.7660470487390937,9.787191196802196,1.2323787042034309,,
2001-12-02,104.7056479223129,355.50416902261486,19.507880164273285,7.1640873,0.97412974,7.0691195,0.8054693,7.090726270740354,0.6605052266353587,7.854697577225324,1.1268413116836073,,
2001-12-03,139.79869830644003,381.6011537020571,19.286265023640023,7.0041475,0.9571118,5.158435,0.9327833,5.653310780395977,0.7293231151033874,6.34857854000153,1.195665350073852,,
2001-12-04,158.79942388744692,387.0265608019268,19.04592963667458,7.2500014,1.0025816,4.462948,1.1856009,5.273796936679239,0.8898341279315898,5.950925231858308,1.356178380957847,,
2001-12-05,168.73216882096744,396.62969819670457,18.78616363726818,8.153902,1.1238242,5.694066,1.292121,6.428203753936994,0.9665487983064032,7.160508748838691,1.4328874243456997,,
2001-12-06,177.48646461447206,402.7097470289772,18.510971249751147,8.092157,1.1060138,7.292385,1.1424326,7.537041561550599,0.8621184530219206,8.322345213283802,1.328453109317827,,
2001-12-07,179.71524378968664,406.1385608426178,18.226818227222598,7.164044,0.9900157,6.504398,0.9770355,6.706749457375161,0.7422911093564947,7.452367984740349,1.2086286059177662,,
2001-12-08,187.0382034656548,406.5964774462774,17.935605602357317,5.396127,0.9884263,4.0168266,0.8676304,4.451406874859949,0.6709214322486395,5.089227736283848,1.1372706235375132,,
2001-12-09,143.6283553040092,336.04761125753384,17.732078831766298,4.8072767,0.9145092,1.9745603,1.3521389,2.8227545320564853,0.9860550555484674,3.382731378763901,1.4524163091449778,,
2001-12-10,151.2442247066807,346.21185222676576,17.48958082480075,5.02479,0.8152706,0.95701665,1.0267094,2.193763420891446,0.7563244923085204,2.723676642583724,1.2226912163689645,,
2001-12-11,169.30571564362646,375.62079615423664,17.205522782204817,5.5361924,0.8157047,0.9650641,1.0127877,2.385288914579621,0.7426984112578274,2.924356400173046,1.2090634216760776,,
2001-12-12,189.97490136368737,396.0815237441301,16.903864133046035,5.368652,0.82562524,1.3833693,1.1942683,2.675230698753206,0.8503511392271647,3.2281564105137215,1.3167136352569362,,
2001-12-13,187.0875079549357,381.02765886109097,16.64624150124972,5.753057,0.8950725,2.2436967,1.7880479,3.3993734148593386,1.2349145859221908,3.986910673091686,1.7012712220332635,,
2001-12-14,218.0742046129298,294.979837465584,16.463252452433938,6.0339303,1.046228,3.8198652,2.6451793,4.760956107188762,1.5845255990243619,5.413572363776862,2.0508728407636663,,
2001-12-15,189.85894170342107,241.93088995343484,16.546150850095536,5.214897,0.8624961,4.9549317,1.2585113,5.069239104666427,0.8006547633174921,5.736590234721252,1.2670001723967061,,
2001-12-16,168.73161783357398,330.6514143450406,16.525779966775087,4.208911,0.7661769,2.690177,1.2539359,3.2033270404008887,0.8696789856736493,3.781493952085128,1.3360371490364047,,
2001-12-17,223.3778459574524,325.13894861853373,16.42314019808594,3.4898891,0.96912307,1.1942602,1.5799704,2.129131596419218,1.016304472311706,2.6559556378345635,1.4826717841205403,,
2001-12-18,472.358502096,337.4653804953579,16.80692800753868,4.1562786,0.9751116,0.61912596,6.998595,2.6822956987865094,2.9713602579049425,3.2355590933981224,3.4377226938664847,,
2001-12-19,126.86219209600002,511.2487704953581,17.087970096969133,4.0343924,0.77053446,2.0671287,1.1649055,2.4582383552962295,0.9458001453780825,3.00079257479072,1.4121645141246484,,
2001-12-20,78.28784209599998,460.9394904953581,17.301419237575793,3.576915,0.7993539,2.6240988,1.0024936,2.762433619973374,0.8647691390792444,3.3195273332799395,1.3311308976857494,,
2001-12-21,41.73126152588095,450.4923371679965,17.474320715527018,3.0296013,0.8143096,1.6472902,0.9397561,1.7644840953827206,0.8628488965736774,2.273879232733646,1.329219613910732,,
2001-12-22,67.39868878293704,453.8720065108883,17.662491698848296,2.7224977,0.73653305,0.35792565,0.82723665,0.663657506445796,0.7265457315127573,1.1204368958329816,1.1929276520665946,,
2001-12-23,82.7170310037745,456.068787756516,17.798720611355527,2.7479794,0.71110624,-0.093135476,0.56269115,0.3430463596376665,0.48865549382113077,0.7845016321618019,0.955040937810558,,
2001-12-24,49.08860747472774,433.9360891524224,17.92840564837616,2.7919025,0.7370861,0.21867871,0.54948914,0.48018909809358873,0.49929704823695714,0.9281993247169182,0.9656809706776767,,
2001-12-25,87.05255981924985,432.0528215400544,17.992121934253262,2.521882,0.71710837,0.17360294,0.6870334,0.5674029564894998,0.5843283593041656,1.0195817074184932,1.0507113253252403,,
2001-12-26,93.66476415344644,445.6775792480395,18.005321200770435,2.292057,0.707084,-0.12062013,0.658112,0.29837689472484336,0.5575124871255508,0.7376971195210729,1.0238984313493678,,
2001-12-27,113.67829657352182,444.6082088645008,17.936883120972485,1.9691014,0.737289,-0.65491974,0.69380796,-0.12061656020860159,0.5725668055328834,0.298677209699284,1.0389575529482704,,
2001-12-28,115.51552804701764,443.2708414306807,17.87647650492619,1.9824604,0.7405808,-0.7586347,0.57890546,-0.19197976917099333,0.48407814252201686,0.22390308329141612,0.9504697280246241,,
2001-12-29,126.8035924731221,439.2958698689226,17.858772036402748,1.7392402,0.77131826,-0.8911232,0.5705914,-0.30193427179440196,0.47529528910211616,0.10869313130327274,0.9416881773039752,,
2001-12-30,143.77038017341968,434.0366317872258,17.790882092330076,1.6733904,0.770847,-1.0367888,0.58120054,-0.3624399690044546,0.47685997341764264,0.04529546859495864,0.9432535843640744,,
2001-12-31,164.14995398806334,431.1123302074283,17.59335138597303,1.7137792,0.7551445,-0.95611656,0.50544274,-0.21986418714351555,0.4211467309763674,0.19468588545792173,0.8875386455347449,,
2002-01-01,170.16281408565456,426.2715956900034,17.389195072103682,1.1868618,0.824349,-2.1032825,1.549663,-1.1646038852858822,1.132239519395038,-0.7952091408245492,1.5986431078242973,,
2002-01-02,165.68776711759975,425.9754726173254,17.187108873541423,1.163943,0.8383858,-2.0578728,1.4353676,-1.1556442168883507,1.0597452047710614,-0.7858212309047101,1.5261486776955684,,
2002-01-03,175.0457784889285,428.2916304988343,16.96220700629446,1.1654121,0.83370477,-1.5518223,1.042123,-0.7634733658244858,0.7783126371889707,-0.37490595372898267,1.2447111443148313,,
2002-01-04,176.2018407580462,425.7585396851483,16.735660905905323,1.1645272,0.8365214,-1.1390523,1.0310225,-0.4647638094319672,0.7692405772518149,-0.06191910162843872,1.2356354199879107,,
2002-01-05,181.40435442028948,418.3096538799984,16.537229001560537,1.1677262,0.8263842,-0.85061204,1.3776515,-0.24009547522381114,0.9929130200753987,0.17348761096458665,1.459305173933707,,
2002-01-06,178.87123820707248,422.6687839730602,16.324747033031624,1.9292614,0.92461455,-0.5762199,4.2973213,0.16879876414703893,3.0319805947745797,0.60192559724233,3.498368002996825,,
2002-01-07,161.90171305372942,408.922682891572,16.145487522950585,1.1739392,0.8255017,-0.99270046,22.52286,-0.3781810376506088,16.136447408842354,0.028802030675669554,16.602841208503005,,
2002-01-08,173.33154682896284,421.5302925602039,15.950920918551978,1.1616842,0.84563494,-0.16956079,4.8264284,0.21833893780296557,3.428962524668639,0.653833621854398,3.8953493709097744,,
2002-01-09,181.84145582033756,409.9806484284445,15.741397913911939,1.1681759,0.8249687,0.10050976,4.538541,0.42855761672420806,3.154243885798634,0.8741000350314709,3.6206283785477638,,
2002-01-10,178.64215553228397,395.1817795947475,15.562941989358587,1.740926,0.8473513,1.4268998,3.5375056,1.5246620491048686,2.4504542938412777,2.0225945124343667,2.916827333815453,,
2002-01-11,165.27437294614074,397.0626133922626,15.357694202131608,1.7390546,0.82082444,2.546311,6.7109895,2.3090531917567194,4.744724564954929,2.8444768703979912,5.211090252454186,,
2002-01-12,154.80373507919003,384.0209139361907,15.333406351480583,1.6661537,0.8236411,3.669085,7.062838,3.0936450275445297,5.039251298029832,3.6665695139434393,5.505610335017456,,
2002-01-13,138.30254483663603,373.2040162766918,15.318866893437718,1.357751,0.83215284,3.8758907,13.886548,3.195029217998122,10.134363030133928,3.7727995221361956,10.60072125910839,,
2002-01-14,155.13650026593032,387.6204772084985,15.174668998481216,1.1857682,0.8410812,3.0639734,10.371896,2.5271250940927046,7.411191916534259,3.0729718642241304,7.877555684931652,,
2002-01-15,168.09307305009216,393.0624128089213,15.017748459473868,1.4856119,0.84147286,3.030559,9.000158,2.5677730433151793,6.3092150311532595,3.115562646471376,6.775578447848759,,
2002-01-16,164.1843223105706,398.2246012218703,14.873494631072202,1.5538198,0.8241622,3.7944188,5.4728966,3.1403195986839156,3.882652880164101,3.715474970034248,4.349011543703978,,
2002-01-17,160.47155824070333,389.56346877155295,14.735700082089926,1.4553094,0.8352055,4.855425,9.564724,3.8634483629841103,6.778617036200171,4.473166817375971,7.244970232215681,,
2002-01-18,167.06819767898824,400.122027598587,14.570289395287805,1.1764742,0.8366576,4.8881135,10.608992,3.7948349861910873,7.4881262557864465,4.401273955715338,7.954479944904046,,
2002-01-19,170.36193873931109,401.49713758456056,14.463716604553378,1.1611995,0.84719867,3.9083667,16.395664,3.0899609668124426,11.514015675725329,3.66270936770169,11.98037474229556,,
2002-01-20,170.2154968118217,410.7625879373949,14.353375523430548,1.2275738,0.8257568,2.4504764,8.462036,2.092189256492741,5.987710544064317,2.6172475803406723,6.454078193964568,,
2002-01-21,168.2690977102646,406.2933101167146,14.148230438094858,1.1645546,0.8364341,2.7327423,7.060392,2.273475347414418,4.998657524015926,2.807198526712905,5.465023529771262,,
2002-01-22,168.710698886372,413.58941614900834,13.954335234241583,1.5664827,0.8348699,3.1566634,3.3961494,2.695937926703543,2.4242755333343884,3.249853373175967,2.890637853468143,,
2002-01-23,166.56610399069385,413.64187438961306,13.789510516333078,1.9430662,0.83317924,3.7824998,3.8090904,3.2544352141622084,2.7260903185778727,3.8350449218476865,3.1924480795592483,,
2002-01-24,103.95427676719018,485.9933289064881,13.778792743949197,2.2889316,0.86373025,4.5905104,5.021657,4.1849506997718535,4.13959296291243,4.81003586686141,4.605943920113032,,
2002-01-25,25.8526316048,817.1204304953579,14.102967115980485,2.007381,0.7888316,5.3016763,2.079336,5.200645520524673,2.01571122514555,5.874277428067161,2.482055886088188,,
2002-01-26,25.8526316048,680.0291004953581,14.504354550089069,1.9017414,0.8005534,4.6546597,1.842556,4.553835231688377,1.7753152672331654,5.196551818434853,2.24166380129413,,
2002-01-27,25.8526316048,667.581950495358,14.85197215526943,2.873205,0.97338057,4.5394115,1.4317254,4.477292021956846,1.3788254347346485,5.116350104928028,1.8451744587994248,,
2002-01-28,25.8526316048,807.456350495358,15.03593698154185,3.7693164,1.1095256,5.073722,1.08126,5.033253926847471,1.0482802169394956,5.698885088411727,1.5146258343377648,,
2002-01-29,47.04083160479993,1093.675530495358,15.352282699952424,4.6618648,1.2368977,5.1198654,0.91966456,5.100978398204632,0.8832135810253329,5.769846557995236,1.3495588075941947,,
2002-01-30,25.8526316048,2770.607530495358,16.51858825871303,3.7633963,0.809656,5.029206,1.0341263,5.017503680810862,1.0245933403147272,5.682382034454091,1.4909390493575048,,
2002-01-31,25.8526316048,2468.78023049536,17.573694472673473,2.6288226,0.75765115,4.2634673,1.016573,4.24652699607749,1.0060685380704462,4.874555299642417,1.4724190799663714,,
2002-02-01,25.8526316048,3480.8359304953583,18.97759279892744,2.2915692,0.79823375,2.860259,0.94382656,2.856066460075166,0.9368868005982496,3.4176355030707453,1.4032477770888914,,
2002-02-02,25.8526316048,2404.375030495358,21.00711042459799,1.5408295,0.82713145,1.7426647,0.6323374,1.7405175832207316,0.6256724946865887,2.2487672032157375,1.0920434411775923,,
2002-02-03,25.8526316048,1258.0202304953575,22.287410690884887,1.4747657,0.8466389,1.2045105,0.5854613,1.2099524287228176,0.5739254641227112,1.6928428479790734,1.0403016517847536,,
2002-02-04,25.8526316048,884.3518304953577,22.961574936421055,1.181492,0.866499,0.866402,0.5227557,0.8753515043075247,0.5085037273285518,1.3422491431527703,0.9748833858412812,,
2002-02-05,25.8526316048,688.4216304953579,23.39707554559359,1.1626221,0.87308985,0.10188663,0.40809917,0.1402791700649687,0.3945957147377222,0.572042864052492,0.8609834477574313,,
2002-02-06,25.8526316048,622.336060495358,23.692498693951077,1.2729925,0.85102415,-0.06948137,0.5191709,-0.015937578129010137,0.49961836326340786,0.40835948929508054,0.9660078918668941,,
2002-02-07,25.8526316048,545.3008604953579,23.961807561008214,1.4072846,0.8443666,0.146245,0.67007244,0.20332456725635756,0.6408829830256999,0.6381016157197202,1.10726999929271,,
2002-02-08,25.8526316048,501.9247904953581,24.240882050597396,1.832415,0.8397415,0.29204762,0.8294844,0.36750092333899936,0.7899246758124484,0.8101250404143144,1.2563098469119711,,
2002-02-09,60.802228986053336,462.303117682224,24.425317029878954,2.1080225,0.82521313,0.85381114,0.8801501,0.9995921878725876,0.7837388995742124,1.4724281066967126,1.2501172543832575,,
2002-02-10,56.74198160480004,845.2436004953581,24.64434691837031,2.240479,0.9920663,1.5436033,0.9304187,1.5874422586189418,0.8741188073021908,2.0883754013598024,1.3404912329056407,,
2002-02-11,25.8526316048,4516.222530495358,26.22993822764733,1.8172269,0.7856352,0.991886,0.4309734,0.9965837036116686,0.4285437293415994,1.4692758271721107,0.8949221155112701,,
2002-02-12,25.8526316048,1860.901130495358,26.946622326893007,1.475226,0.8551079,0.6570338,0.35609668,0.6682448149800122,0.3514127643040136,1.1252434620342036,0.8177946352973379,,
2002-02-13,25.8526316048,1448.7681304953578,27.38851299715177,1.2901809,0.8660712,0.45157313,0.37461582,0.4662753665874841,0.36836121903109514,0.9136205644065336,0.8347452948593859,,
2002-02-14,25.8526316048,1182.485890495358,27.76965686656479,1.3844062,0.8720935,0.3201754,0.40468603,0.34294482889875744,0.39646699300256943,0.7843952486006385,0.8628524381264095,,
2002-02-15,25.8526316048,1010.0774304953576,28.10789371019019,2.2584515,0.81435734,0.5890752,0.57606894,0.6307360986193314,0.5620601218482761,1.0859419572486149,1.0284423987854483,,
2002-02-16,25.8526316048,872.3625004953581,28.420869644468628,2.934328,0.7638172,1.1213684,0.8882985,1.173549424547911,0.8630113607831712,1.654699904642051,1.3293879198512444,,
2002-02-17,25.8526316048,779.4578704953582,28.701249754269437,2.2002454,0.75623274,1.7465297,0.8998587,1.7610951912473003,0.8713091230730328,2.270328350564942,1.3376798727729609,,
2002-02-18,25.8526316048,509.5674704953579,28.93225983136489,2.2742963,0.80006534,0.8988784,0.83644634,0.965290119409187,0.7969955145703882,1.4364865166165166,1.2633742275600108,,
2002-02-19,53.35179292018029,498.50314988934383,29.062759580946373,2.6969633,0.73798513,1.3481456,0.86435556,1.4785455287532712,0.7840450137467717,1.9742737800514016,1.2504185078910721,,
2002-02-20,25.8526316048,561.8447704953579,29.213933827324755,3.5934386,0.7775928,2.0917602,0.873675,2.1578185417343665,0.835942426058298,2.686013721074359,1.3023094764044427,,
2002-02-21,25.8526316048,841.7981904953582,29.470245398154105,4.0668135,0.86908406,3.5586424,0.863748,3.5737839160197575,0.8384116581327796,4.1696574000151,1.3047669724857283,,
2002-02-22,25.8526316048,747.6021304953581,29.728998637176655,3.008731,0.74895614,3.830102,0.8805208,3.8026477381898856,0.8514575966157341,4.409460130553121,1.317811229313999,,
2002-02-23,25.8526316048,592.845560495358,29.915912378425297,2.6631207,0.78745264,3.0314963,0.8554804,3.0161035193795662,0.8203938049843835,3.5853217867505762,1.2867534678964792,,
2002-02-24,25.8526316048,561.2016504953581,30.04460677293489,3.2520928,0.7339375,3.142999,0.8464502,3.147803199103245,0.8098195606388271,3.7233162609722132,1.2761781645334394,,
2002-02-25,65.52938685774754,507.5921202794506,30.12223790280658,4.041714,0.7697424,3.6483064,0.8370156,3.6932877097191366,0.7465193242281368,4.294873066550027,1.2128737530135083,,
2002-02-26,63.44935531389133,505.6553875528698,30.191634942431104,4.812245,0.9709288,4.249609,0.8217308,4.312337138901486,0.7380971726969425,4.943510942332681,1.2044472755265094,,
2002-02-27,26.461512162506896,533.1733027561094,30.32211411379928,3.1545775,0.7276768,4.6354976,0.85994774,4.565474434293025,0.8200085438064241,5.208747335137379,1.2863570039440444,,
2002-02-28,107.01510958087934,474.81612379226,30.344090116925653,2.2312803,0.80374384,2.8754568,0.84307826,2.7569746574762415,0.7037152685784251,3.313807451035974,1.1700770730929837,,
2002-03-01,181.37160062148257,427.6880855384429,30.24351986248743,2.2560115,0.7525868,2.1170678,0.84539694,2.1584437853785334,0.63454130009893,2.6866688492274284,1.1009083447568677,,
2002-03-02,181.64743488064968,431.2926266617145,30.18301890756076,2.5784688,0.8724589,2.298263,0.84208465,2.3813032504229814,0.6464847944495185,2.9201802348940302,1.1128498401014542,,
2002-03-03,97.06401160479996,701.8502304953579,30.40889064914132,3.410897,0.8397641,2.7026386,0.8717728,2.7886884134285594,0.7726229615788243,3.3470370161147613,1.2389844998673576,,
2002-03-04,25.8526316048,594.768180495358,30.6361674658628,1.8052267,0.8283043,2.3707032,0.69124943,2.3471476832330804,0.6633526359434403,2.884392148347418,1.1297179842789977,,
2002-03-05,25.8526316048,515.4441704953581,30.729834241194997,1.2349794,0.8832794,1.1025944,0.51326656,1.1089171564250906,0.49056990768769115,1.5869784350373157,0.9569471299076754,,
2002-03-06,25.8526316048,448.142130495358,30.845905941426178,1.7401147,0.82691574,0.9008932,0.6681738,0.9466660456398216,0.633338193273845,1.416972275784187,1.0997171012987041,,
2002-03-07,56.55935065485387,423.0798205434695,30.903944786992493,3.186708,0.84718555,1.835726,0.83553046,1.995034658190004,0.7437441303449451,2.5154493243454445,1.2101126768401322,,
2002-03-08,96.12586873487884,403.4821918476442,30.93713380343076,5.899808,1.1278229,3.230502,0.78490424,3.744083199693074,0.6699996796663555,4.348096407309022,1.1363537369845842,,
2002-03-09,95.41308423486537,416.59624983155607,30.97123581789108,7.4823694,1.4643053,4.4731193,0.7992042,5.033893878171674,0.7052049761308027,5.699555627221662,1.1715505898114438,,
2002-03-10,33.54721870608757,320.41434571488384,31.210004716166694,4.510257,0.7663146,5.8085756,0.82001746,5.6855255840178645,0.7458437319436009,6.382333101115748,1.212185803197437,,
2002-03-11,76.93203163916715,343.94683959759084,31.34200116462936,2.5402737,0.83439094,3.582025,0.8383465,3.3916043482313767,0.7018773156482687,3.978770271636133,1.1682340114459853,,
2002-03-12,81.8249519077621,370.6612139294016,31.45940973717653,2.4798546,0.76989454,2.7331371,0.85815084,2.6873349962371993,0.716621868300352,3.2408392520409786,1.1829842614515234,,
2002-03-13,75.3822032637383,389.1305494482986,31.57844511544482,2.7085567,0.7833417,3.1136198,0.8566389,3.0478852196932023,0.7287940988347893,3.6186225436988964,1.1951535043695798,,
2002-03-14,55.17140805845817,411.1664752356619,31.75581270784965,5.448707,1.072876,4.7024727,0.77744406,4.7907580373692396,0.6971192714995564,5.444798724347165,1.1634663313285567,,
2002-03-15,54.23036221182238,383.833531355156,31.953937209038752,6.661856,1.0862005,6.1862926,0.85339874,6.245165298302723,0.7597460368274876,6.968721680710762,1.226085453386654,,
2002-03-16,57.405821604800025,440.68957049535794,32.21182671416999,5.2229505,1.0513705,6.033459,0.79469275,5.940047522466697,0.7134686755504461,6.649020318182713,1.1798094950499582,,
2002-03-17,40.474928968745104,417.1960877534923,32.40844772614882,4.0033174,0.80698377,5.2917833,0.82151574,5.177835612779682,0.7522565517333551,5.850377284703728,1.2186013411232302,,
2002-03-18,34.437129432127136,423.4113889965929,32.54742800930647,2.7895875,0.7546332,4.0295286,0.85836136,3.9362663026519176,0.7958262973068453,4.549465205644226,1.2621789758923287,,
2002-03-19,29.451387518488364,417.9173881784944,32.6964655704998,4.4634476,0.8443523,4.3874164,0.8038141,4.392421684307181,0.7529516464501168,5.027423255253445,1.2193012216596943,,
2002-03-20,25.8526316048,474.04298049535817,32.87380693287364,3.3550446,0.84840333,4.944465,0.87374747,4.862266591046253,0.8297216032470298,5.519725142450177,1.2960682307321063,,
2002-03-21,92.38348160479998,603.7657304953581,33.09765639987178,3.5810614,0.7664655,3.73917,0.96732086,3.7181880307246225,0.8450946510409558,4.320963537782085,1.3114488973617169,,
2002-03-22,66.25707160480002,720.646630495358,33.325750302866005,1.9675949,0.81092006,2.619204,0.47201914,2.564338733455081,0.43763448991326076,3.111964188339566,0.9039979362506734,,
2002-03-23,58.41553160480001,630.4789604953579,33.55323621698647,2.4569194,0.75107014,2.181443,0.50170916,2.2048022912315104,0.4635620125331183,2.735243133191553,0.9299286366859674,,
2002-03-24,59.91198160479999,646.0983604953581,33.749923837250414,4.0820208,0.7675653,3.1782734,0.74606174,3.254965365280073,0.6858509915597361,3.835600412376754,1.1522087483828154,,
2002-03-25,102.95371160479996,694.9836104953579,33.917933803760135,3.2290778,0.74133646,3.289235,0.848085,3.2814733309550363,0.7448282349249719,3.863375368198033,1.2111857842398466,,
2002-03-26,526.5737816047999,2043.557530495358,34.28872611490941,3.5243537,1.1602738,3.6787333,0.9207549,3.6471037380629743,0.7697361037644345,4.246481658920709,1.2360908728539863,,
2002-03-27,25.8526316048,7402.565930495359,37.54799694351767,4.012512,0.79164946,2.915959,1.265315,2.919775143066464,1.2609144947775353,3.484389243331789,1.727274944840557,,
2002-03-28,25.8526316048,5058.11563049536,39.41108454106996,5.1409626,0.9805587,2.718227,0.79046273,2.730546831806118,0.7864589270340862,3.2861164656378214,1.2528209542796764,,
2002-03-29,25.8526316048,4053.0301304953578,40.85375083313127,5.9612527,0.93273556,3.416634,0.9129876,3.432762295161939,0.9072201868279778,4.021895427738573,1.373576567211356,,
2002-03-30,25.8526316048,3379.521630495358,42.2902209704026,8.29675,1.3113028,4.9405956,0.850431,4.966074595577364,0.8440335027762531,5.628494814747964,1.310379513040393,,
2002-03-31,25.8526316048,2527.2210304953583,43.48260876185751,7.9264975,1.2186812,5.563875,0.8469786,5.587799303588042,0.8384928560384087,6.279935838541958,1.304835427601303,,
2002-04-01,25.8526316048,2189.191230495358,44.37264220013042,6.224419,0.96265966,4.9202447,0.8875958,4.935466216674338,0.8773082404406817,5.596423459962883,1.3436544314147114,,
2002-04-02,25.8526316048,1576.683430495358,45.037675880366926,6.134855,0.9280427,4.6537957,0.85807663,4.677688644579732,0.8443666102826788,5.326325001090702,1.3107143656684517,,
2002-04-03,25.8526316048,1461.872930495358,45.61839288978389,5.6671686,0.93093854,4.482855,0.8850405,4.5034350015280715,0.8698113571725739,5.143742629557453,1.3361602131253711,,
2002-04-04,25.8526316048,1246.5494904953575,46.17444699766868,4.3961463,0.81212175,4.5637403,0.8480719,4.560335084022689,0.8310045984171658,5.20336234149211,1.2973530911769204,,
2002-04-05,25.8526316048,913.410280495358,46.56014611966373,3.5590012,0.75472456,3.9394736,0.832203,3.929001360556361,0.8095636747204337,4.5418530241504635,1.2759164046568563,,
2002-04-06,25.8526316048,813.8597804953583,47.12751209975819,3.0215197,0.75062853,3.4772432,0.6892788,3.4632126047967393,0.6684572131891308,4.053801158084741,1.1348133614630527,,
2002-04-07,25.8526316048,675.1152304953581,47.51519478115432,4.289593,0.79066825,3.349214,0.61845076,3.383896516606997,0.5963548547229163,3.9706940320080126,1.0627116098050438,,
2002-04-08,25.8526316048,611.4775804953582,47.635318391538576,6.276407,0.8916947,3.9346166,0.8285932,4.029608829005677,0.7958046308233397,4.647269185682231,1.2621566550037735,,
2002-04-09,25.8526316048,654.581590495358,47.70749940719418,7.3401647,1.1754402,5.5346313,0.89247733,5.603231255874811,0.8597290076739652,6.296105385396544,1.3260714995068557,,
2002-04-10,25.8526316048,796.615970495358,47.98053843125868,7.795754,1.2460767,8.309299,0.82285583,8.293157207842842,0.7979528940778339,9.114600602816777,1.2642856498199726,,
2002-04-11,25.8526316048,574.7825304953581,48.083665635147824,8.214725,1.2683284,7.315418,0.7842219,7.354125867925342,0.7524502429485566,8.130686774769275,1.218785457244587,,
2002-04-12,25.8526316048,532.984860495358,48.16801018533449,8.156017,1.2030362,7.628302,0.79058814,7.6527149669107475,0.7560655404329598,8.443547412010409,1.2223998636090485,,
2002-04-13,25.8526316048,620.0511304953579,48.360718399874095,8.7667885,1.4353472,9.325208,0.9524872,9.30285669232926,0.9161664420587508,10.172560271176625,1.3824976794794397,,
2002-04-14,25.8526316048,906.6305804953575,48.76790291138769,9.215412,1.6257352,10.4501505,1.0123858,10.415917985377622,0.985349376098516,11.338822089223008,1.4516802910043065,,
2002-04-15,115.86463160480017,2306.721930495358,49.71229579356025,9.800219,1.7195315,14.021258,1.0856972,13.819379409662561,1.0370377761837222,14.904957335437906,1.503376495831159,,
2002-04-16,25.8526316048,1458.2468304953584,50.447383321567244,10.087254,1.772023,16.928205,1.0774834,16.80903786400714,1.059163862962339,18.037511244263985,1.5255203685116796,,
2002-04-17,25.8526316048,1216.8031704953578,50.983584082961286,10.254875,1.8538803,19.713854,1.1199389,19.51706604489551,1.0973172912207136,20.874973915267578,1.5636987297218767,,
2002-04-18,25.8526316048,888.7042904953582,51.504895601224746,10.192059,1.816476,20.931377,1.1288447,20.627799090998664,1.0981357878699558,22.038796204123486,1.5645298779787211,,
2002-04-19,25.8526316048,688.663930495358,51.87233999305138,10.041462,1.745884,21.313843,1.1278216,20.905985595122562,1.08884866896828,22.330279072211514,1.5552461485917113,,
2002-04-20,25.8526316048,603.5629304953577,52.350368532082,8.319654,1.1918453,18.024755,1.0802231,17.62612789973732,1.0370100972609808,18.893655390619507,1.5033732423943658,,
2002-04-21,25.8526316048,522.8949904953581,52.72589747883272,7.441278,1.1358365,14.625459,0.9777251,14.286997154172047,0.9331979322444506,15.394925609663652,1.3995387594172972,,
2002-04-22,25.8526316048,519.711160495358,52.87270961005507,7.0605717,1.0333846,11.74898,0.9092117,11.526809981800987,0.8675100629527474,12.502810925681093,1.333842068864871,,
2002-04-23,32.315789505999994,488.6920304953578,52.93729281285226,7.094633,1.0264231,9.839864,0.851089,9.66958937200834,0.8008343420325992,10.556821519331413,1.2671653166628738,,
2002-04-24,32.315789505999994,425.419230495358,52.91675699788561,8.287158,1.2898737,10.410308,0.85611063,10.260414908259559,0.800863975010666,11.17588649657938,1.2671948498180399,,
2002-04-25,32.315789505999994,582.4232504953579,52.88937796452816,6.639511,1.1157309,9.899118,0.89923805,9.727766391117301,0.853983153943745,10.617779201085591,1.3203141010230712,,
2002-04-26,32.315789505999994,567.8329604953581,53.29466177615828,6.3364234,0.99020237,7.4363165,0.84138495,7.377091316954305,0.7978630539548854,8.154749893758362,1.2641981960921473,,
2002-04-27,32.315789505999994,448.847840495358,53.47405241516249,8.203497,1.2911679,8.888388,0.8198786,8.842389221656369,0.7697145194561268,9.690084029434875,1.2360463046663928,,
2002-04-28,611.740089506,1231.2580304953576,53.912197242648396,9.043961,2.16821,10.634941,0.86876446,10.106852352024188,0.9245599451576044,11.014984175083296,1.3908908075093436,,
2002-04-29,518.5932895060001,2778.099030495358,54.89947052850736,6.777099,1.3244454,9.651152,1.1399894,9.199042631374294,0.9829938423436206,10.063784252978625,1.4493251820909592,,
2002-04-30,178.30898950599988,2207.380130495358,55.96470080893303,6.4042363,1.1229482,8.525699,1.076801,8.367138267718257,0.9998485749798,9.192117704462635,1.466181179884969,,
2002-05-01,38.7789474072,1952.783630495358,57.196803690354834,7.739795,1.2820854,8.307799,0.9802892,8.296739379351514,0.9615255277817677,9.118353989878523,1.427858276076145,,
2002-05-02,290.8347474072001,2516.913330495358,58.226781637374046,9.266558,1.8934411,10.024377,1.2009674,9.945879745372958,1.094287105643819,10.846317628091466,1.560617983894536,,
2002-05-03,90.50624740720002,2037.0503304953584,59.12213535416646,8.159903,1.3158778,9.464768,1.0658426,9.409259422794356,1.0220358104495921,10.284048688438414,1.4883669557838404,,
2002-05-04,38.7789474072,1561.322930495358,59.82319460895928,8.813545,1.4912754,9.484825,1.0091387,9.468556465027376,0.9853449901664648,10.346179926593374,1.4516760898010712,,
2002-05-05,38.7789474072,1307.066930495358,60.39583900732131,9.643791,1.6661038,11.172227,1.0421072,11.128186849770431,1.013218068826799,12.085134970564486,1.479549520877131,,
2002-05-06,38.7789474072,998.4712304953576,60.878407806364855,9.937969,1.7572476,13.445366,1.0586213,13.314237316935744,1.0211588717075448,14.375671177420609,1.4874955957116014,,
2002-05-07,38.7789474072,997.458920495358,61.29756459065916,9.979153,1.7398963,15.268767,1.0750018,15.070815037492865,1.0368187382222123,16.21620730845981,1.503163658942868,,
2002-05-08,38.7789474072,836.9592304953583,61.64010262355579,9.783464,1.6895498,15.612302,1.0430642,15.354192514266732,0.9996793782451731,16.513129259946023,1.4660259518616963,,
2002-05-09,66.23368740720001,1004.792490495358,61.73563266781365,8.695745,1.3891218,13.932135,1.0715618,13.608309338184462,1.0089587454646698,14.6837988360501,1.4752965957510544,,
2002-05-10,38.7789474072,1187.150350495358,61.99632996699874,9.631424,1.6846368,13.781439,0.9985018,13.650164365812818,0.968384213985929,14.727654390924837,1.4347222326157034,,
2002-05-11,38.7789474072,809.784630495358,62.254588658670315,9.251446,1.5425305,13.607205,0.963074,13.408149271097951,0.9217614738310721,14.474071801969814,1.388098546763987,,
2002-05-12,313.36318740720003,1118.102490495358,62.52932615364721,9.240265,1.7777994,14.011132,0.9975169,12.966738216843742,0.8709390628295055,14.011562808210458,1.3372745834233477,,
2002-05-13,966.5337420988,2905.650830495357,63.30118312640357,10.868546,2.53686,14.112092,1.117419,13.302472263718652,1.0507408129869362,14.363343794876561,1.517077493989064,,
2002-05-14,566.1504420988,6153.600830495358,65.29163188205041,8.839811,1.7325537,12.173093,1.4485093,11.892258220707339,1.3344774350255881,12.885726341184856,1.8008101083917811,,
2002-05-15,108.86414209880006,4914.748430495359,66.88605705799027,10.002579,1.7901673,7.753265,0.92016375,7.802008635155964,0.9010588430843374,8.599976807262872,1.3673927589421981,,
2002-05-16,54.9368420988,3091.696830495358,68.03509404166263,10.200998,1.8797835,8.0208235,0.96258515,8.058886988059056,0.946348697106609,8.86913306734001,1.4126819717907078,,
2002-05-17,54.9368420988,2412.2533304953577,69.06153384665161,10.345676,2.0276237,10.770477,1.1014502,10.761018267915434,1.0778702616987992,11.700416985599828,1.5442013643916663,,
2002-05-18,724.0484420987999,5550.236130495359,70.72836550117036,7.7359405,1.7767221,10.706768,1.574649,10.363936426038606,1.407944464180281,11.28435598903766,1.874275362604518,,
2002-05-19,103.4105262964,4853.404830495359,72.40074022340319,7.778519,1.3620535,8.609993,1.0685105,8.592646531694728,1.046604794357362,9.428404492595744,1.5129369781063935,,
2002-05-20,103.4105262964,3291.796530495358,73.62475256319092,7.0818896,1.1523226,8.242537,1.096937,8.207185797006849,1.0641056280712402,9.02452005242139,1.5304385669611376,,
2002-05-21,103.4105262964,2268.4144304953584,74.61036256837006,6.936839,1.0680554,8.064545,1.051363,8.015377210049007,1.0066016985486042,8.823543670671816,1.4729350765249083,,
2002-05-22,103.4105262964,1710.7376304953582,75.41189535306849,8.395369,1.4534887,9.52331,1.084448,9.459014525568081,1.025982792067061,10.336181915045412,1.4923138987840354,,
2002-05-23,103.4105262964,1331.129700495358,76.0302983154054,9.834188,1.8677188,10.753862,1.0986601,10.687566600438826,1.028313955926404,11.623454579499802,1.4946450072394593,,
2002-05-24,103.4105262964,1012.4328904953578,76.5100775308462,9.987162,1.8257765,12.323295,1.0792211,12.10679406277933,0.9937159510495144,13.1105162631538,1.4600490874015462,,
2002-05-25,103.4105262964,767.2807204953583,76.90686307857543,9.961409,1.8630003,13.18143,1.0364144,12.798993387182694,0.9397414320869915,13.835800349098626,1.4060764211970165,,
2002-05-26,103.4105262964,595.0827704953581,77.17693702755854,10.126188,1.9120255,14.467506,1.0003703,13.82478299995375,0.8980474911898648,14.910619198873766,1.3643862337626804,,
2002-05-27,103.4105262964,583.8844804953582,77.3925421050683,10.213072,1.9836557,16.5415,1.0974526,15.589323673274293,0.9789370825662553,16.75949888459849,1.4452850973818845,,
2002-05-28,103.4105262964,1617.938680495358,77.99056155039419,10.453049,2.1191058,16.677633,1.1918397,16.303689657582538,1.127449994367156,17.508009121018713,1.5938027756363415,,
2002-05-29,103.4105262964,1408.969080495358,78.211866109988,10.679493,2.1109698,17.888842,1.0930886,17.39589492585991,1.0285259680245267,18.65241806760281,1.4948871650544118,,
2002-05-30,103.4105262964,1315.728180495358,78.33254085345614,10.792711,2.2118921,18.725796,1.104043,18.14772368134811,1.036204997770608,19.440181667605312,1.5025727805767646,,
2002-05-31,103.4105262964,1263.614930495358,78.6446714485439,10.7689495,2.2044156,18.542948,1.1198114,17.954872947623613,1.0484480099084375,19.23811332803604,1.5148140417688767,,
2002-06-01,122.8000006451719,1235.5946304953582,79.24370315566863,10.937588,2.2458656,19.528135,1.086353,18.751542679299014,1.0087875750111794,20.072861149606283,1.4751611150954023,6.451719089974424e-07,4859.999999354828
2002-06-02,122.80000000005356,941.274380495358,79.19091709440494,10.353481,1.9278597,18.629595,1.0609336,17.674486064526086,0.9645074665026864,18.94432491038106,1.4308710285190034,5.35536685843748e-11,4859.999999354774
2002-06-03,122.80000000000123,806.4652004953581,79.05413364614556,10.134157,1.9155074,17.664146,1.030983,16.669077762108703,0.9298582588256757,17.89086152792448,1.3962137036649955,1.2379436043042835e-12,4859.9999993547735
2002-06-04,122.80000000000123,712.3136504953583,78.8748292721566,9.343782,1.6164287,16.02092,0.9601495,15.03907443163396,0.8527586792653135,16.182949610140682,1.319103420567577,1.2348416924473357e-12,4859.999999354773
2002-06-05,145.80846000000133,838.6986904953579,78.85516018995318,10.885174,2.4826932,16.906395,1.04791,16.014634056254952,0.9654701913931112,17.20513765003481,1.431820973702619,1.278237351957335e-12,4859.999999354772
2002-06-06,595.7719000000012,1694.3912304953578,79.2433148305897,12.224377,2.4815803,17.622948,1.1139709,16.218542536003124,1.0469133750749071,17.418792258088676,1.513265557582522,1.3233033730344126e-12,4859.999999354771
2002-06-07,829.6251000000012,2909.1448304953583,80.2686337159764,14.01251,2.7964792,17.970163,1.1640927,17.091968547367298,1.0979543499758955,18.3339650471386,1.5643130681751125,1.5051956220836162e-12,4859.999999354769
2002-06-08,229.08815000000146,1434.333080495358,80.86320032839846,12.837496,2.4695659,16.248758,1.0599775,15.778955596344591,0.975225537470716,16.958194565367247,1.441574760664977,1.3530597472903764e-12,4859.999999354768
2002-06-09,122.80000000000153,1136.6834304953582,81.3354673384139,12.149019,2.4565666,17.676195,1.0306655,17.13729388998513,0.9605175667954763,18.381456786196633,1.4268766479672714,1.5346904182872662e-12,4859.999999354766
2002-06-10,124.80586700758774,873.555230495358,81.70176778625587,11.668081,2.2730567,19.599962,1.0320373,18.608391868266345,0.9466745918209785,19.92286821914282,1.4130467292909765,2.005867007587743,4857.9941323471785
2002-06-11,122.80024373385636,681.9625304953579,81.96094281546415,11.135164,1.9163877,21.103296,1.0284785,19.582240534402416,0.9192911699967418,20.943263522585063,1.385673311899429,0.0002437338563686442,4857.993888613322
2002-06-12,122.80000565000073,935.012430495358,82.30615360566904,10.211693,1.6590968,20.195396,1.023252,19.036401862275333,0.9247436825465798,20.371335627786465,1.3911200834329,5.6500007256154974e-06,4857.993882963322
2002-06-13,122.80000000185976,759.0224404953581,82.5853376331611,9.713177,1.5018576,19.405806,0.9962662,18.056038594525493,0.8826649808606392,19.344114347042364,1.3490319259290013,1.8597616168350376e-09,4857.993882961462
2002-06-14,483.88330000000127,1303.174160495358,82.89112719971537,8.92399,1.7367854,19.414375,0.93420106,16.573883462490826,0.8277993219190903,17.7911172661903,1.2941540581131015,1.2364684326932852e-12,4857.993882961461
2002-06-15,804.0376000000012,1748.6918304953574,83.35505477119459,9.939705,1.9212779,19.677156,1.0252025,16.610134505679053,0.9270487584612606,17.82910098532493,1.3934037632934535,1.2777540977132788e-12,4857.99388296146
2002-06-16,900.1335000000013,2382.5598304953583,83.9960157607215,10.945461,2.0924873,17.704447,1.051281,15.851093865749322,0.9546749736347181,17.033780797457187,1.4210246673088796,1.3325053800452517e-12,4857.993882961459
2002-06-17,368.1316000000013,2248.023170495358,84.60014537511363,10.45586,1.6937003,15.741515,1.0411237,14.997745462905826,0.9258237307166425,16.139645257983357,1.392168240127787,1.329573213879678e-12,4857.993882961458
2002-06-18,321.4927700000013,1745.1959204953582,84.93456370825265,9.731394,1.4027065,17.163544,1.0555614,16.00740322135852,0.9176784969477911,17.1975612059477,1.3840292304776218,1.2807605665000296e-12,4857.9938829614575
2002-06-19,254.95100000040566,1319.9042704953577,85.11335932014269,9.380095,1.2382193,19.534721,1.0578309,17.89080379198771,0.9089588118770859,19.170981885770193,1.3753242714472673,4.055802133705091e-10,4857.993882961052
2002-06-20,188.37084982787025,1025.176500495358,85.20918861633655,9.18931,1.1339148,21.17452,1.0608548,19.314136329269722,0.9133059806626973,20.662344852915407,1.3796852601310778,3.982787030932081e-05,4857.993843133181
2002-06-21,146.95552424482295,818.8618904953579,85.20473255002057,8.981718,1.0804666,22.25155,1.0663282,20.23245764687333,0.9189051784855271,21.624558790376078,1.3852946038433673,0.010724244822997147,4857.983118888358
2002-06-22,132.9910311697449,716.7403204953579,85.17818297822932,8.419416,0.99782294,22.114122,1.0280014,19.97077077257405,0.8810604011827963,21.350364178017124,1.3474468371104624,0.00249116974485264,4857.9806277186135
2002-06-23,122.80410661453956,747.0160704953581,85.26487904014954,8.388477,0.90843374,21.976816,1.0347186,20.058369287999316,0.8978414004599431,21.442149603039173,1.3642288283679864,0.004106614539563052,4857.976521104074
2002-06-24,122.88282194074097,650.9603304953579,85.24282263173583,8.605816,0.8597198,22.916086,1.0766928,20.643679452943623,0.915949895054191,22.05543559308511,1.3823441762732127,0.0828219407409636,4857.893699163333
2002-06-25,212.2618909184929,586.9288649787286,85.00468955659323,8.382822,0.7974729,24.899675,1.114242,20.512864717970732,0.8452707424543053,21.918368360948318,1.3116634579944872,0.04410406218078984,4857.849595101152
2002-06-26,272.75252108947114,577.8016346285777,84.72775898902005,8.654745,0.7846826,26.355934,1.2078089,20.679583137320364,0.8582111222710138,22.093055350844455,1.3246058366313396,0.09739360175051226,4857.752201499401
2002-06-27,129.3512189913205,586.4581604953579,84.68233381764067,8.525089,0.7571826,24.655628,1.1551715,21.74073922031504,0.9562644855335458,23.204931067225672,1.4226726671334735,6.551218991320497,4851.20098250808
2002-06-28,123.2009158920068,512.101810495358,84.59791010680752,8.230181,0.7444238,24.074963,1.1490605,21.002267413972636,0.9374118909731727,22.43116283287969,1.4038105643359888,0.40091589200680144,4850.800066616073
2002-06-29,249.1039551281268,457.1541532577382,84.42522286308582,8.492333,0.74853563,27.00928,1.3789067,20.4781762582956,0.9307821861377604,21.882021911477285,1.3971744897850302,0.03765776005590066,4850.762408856018
2002-06-30,283.6847867913849,460.860857537357,84.18128610057093,8.469644,0.739217,29.04834,1.5613143,21.207500127806366,1.0066327358642357,22.646204968881733,1.473033989155304,0.9044007457215725,4849.858008110296
2002-07-01,319.46377151120356,455.4282820575298,83.76137699493617,8.549284,0.738578,30.932222,1.7794839,21.704436533394595,1.0892820563937717,23.16689323596496,1.555689756005432,5.587813666839864,4844.270194443457
2002-07-02,374.7399846639539,481.4002384297214,83.30738489692723,8.662695,0.7444776,32.944454,2.0838034,22.3161180303697,1.216174013612017,23.807811017566877,1.6825900356491645,40.91258004372627,4803.357614399731
2002-07-03,360.61934930281893,514.3093202141894,82.79785897580332,8.7106285,0.74810004,34.306293,2.3623757,23.756528265608367,1.4224962024820165,25.317067938253885,1.8889335119274746,26.279986494237825,4777.077627905493
2002-07-04,351.9758729256071,571.0234358123769,82.25654301146204,8.650237,0.7426485,34.19906,2.2886727,24.45628987980409,1.4439561950762367,26.050275765592747,1.9104047019988928,12.107266298126747,4764.970361607366
2002-07-05,384.0040816371533,612.1044157393526,81.73262685845522,8.428226,0.728423,31.096506,1.7496096,22.357787463744348,1.1111947246189924,23.851472107417003,1.5776113291640477,45.38203921894908,4719.588322388417
2002-07-06,371.66734969255407,608.313776234418,81.12447411723355,8.375814,0.72535574,29.288961,1.3968995,21.357447523756818,0.909704287679431,22.803319337789087,1.3761074563652198,1.8279210220121853,4717.760401366404
2002-07-07,385.1704861848254,582.2426852104354,80.60365450087569,8.46258,0.7324137,29.417284,1.391076,21.074278276717187,0.8865564971845928,22.50661556870661,1.352956070293708,0.6203479386475705,4717.140053427756
2002-07-08,396.94108320772773,584.4266337442007,80.06137829729056,8.535902,0.7400973,30.733759,1.5871998,21.755227014455063,0.9914838433167901,23.220111328401543,1.4578922176907714,7.608363159703537,4709.531690268052
2002-07-09,428.09198194524186,647.6976599529305,79.46500342952757,8.42178,0.714617,30.506086,1.532765,21.71801639219419,0.9656483346639639,23.18112216559475,1.4320562143980897,6.559647248277596,4702.972043019775
2002-07-10,426.84583485669094,649.426335527098,78.92402586241552,8.3151245,0.7010398,29.1685,1.5206164,20.898123667549374,0.9587438660544991,22.322041371374983,1.4251412486707438,0.3023177428414258,4702.669725276934
2002-07-11,420.3196415329983,612.9587309027444,78.35692365153459,8.299714,0.72215396,26.898531,1.2007129,19.33285626005144,0.7704823093560154,20.681959532397606,1.236861786020124,5.204789250991971e-05,4702.669673229041
2002-07-12,460.74003451192107,676.1804172456273,77.70762631498262,8.443337,0.7362174,25.996214,1.0662491,18.88286407462759,0.700827996339443,20.21045925873183,1.1672028437389845,2.013883134581193e-06,4702.669671215158
2002-07-13,498.55264855362844,686.98842481951,77.06110968026945,8.529195,0.74303603,26.870842,1.083353,19.157674574890155,0.7012381792430157,20.498404761514248,1.1676158262136855,1.5417972046211336e-05,4702.669655797185
2002-07-14,412.47032549739987,606.0827280727583,76.50040195142168,8.549843,0.7559475,27.497824,1.2121979,19.82470368086126,0.7835821777484869,21.197315578625837,1.2499669790998769,0.001248539601741203,4702.668407257584
2002-07-15,407.13995203908473,596.7987347582734,75.90330301841483,8.681982,0.76792675,28.859919,1.3603481,20.67690480192226,0.8665634689703494,22.090249000169752,1.3329581509684216,0.1148373445065246,4702.553569913077
2002-07-16,407.0140568734535,587.6121070384862,75.29603723658383,8.610228,0.77109116,29.642807,1.5219707,21.03599995946164,0.9529193535480797,22.46650767873413,1.4193184476471512,0.5404775681886098,4702.013092344889
2002-07-17,441.75978634460074,614.6656678367187,74.63506614010856,8.711556,0.7746015,31.289734,1.6631994,21.84833808561691,1.0204790440395797,23.31767279048065,1.4868886630727247,10.453002500163228,4691.560089844726
2002-07-18,462.7389433011184,631.0994388247105,73.97358536876632,8.711645,0.77445024,31.804829,1.6843231,22.03545547775724,1.0255258138957744,23.51373375433648,1.4919379641865806,20.120490683833918,4671.439599160892
2002-07-19,411.106802022233,601.0078527136777,73.37051350002255,8.663094,0.7741964,30.994436,1.6769544,21.923757524107476,1.0442727505489302,23.396697020322613,1.5106833850142345,14.844568019962358,4656.59503114093
2002-07-20,342.0495354209191,427.1731564086007,72.91563298632245,8.790466,0.7967493,31.979567,2.0586658,21.668091032755925,1.1968795897080653,23.12881054463664,1.6632868082723142,6.658378939313958,4649.936652201615
2002-07-21,403.0328856559325,491.7448859208216,72.40747609011089,8.779184,0.8058233,32.984028,2.2054458,22.08149067281072,1.265232216616933,23.561969274350076,1.7316449957905524,37.611361946663216,4612.325290254952
2002-07-22,469.38541013405074,577.9943682139807,71.73073252558515,8.844103,0.79908204,33.409348,2.0818188,22.40038241471207,1.2033675036150415,23.896102951437424,1.6697847056575725,58.39860472395846,4553.926685530993
2002-07-23,460.1337564261373,635.5462450525695,71.0172467593232,8.582949,0.77901304,31.734636,1.8221616,22.012022971874018,1.1064123070945502,23.489181254772056,1.5728241382063586,24.70709110198765,4529.219594429006
2002-07-24,297.70751372395347,434.941797467781,70.59499712721316,8.722221,0.8585798,28.326393,1.5013995,20.360359252805456,0.9571618939080785,21.758573655861994,1.4235528088604723,0.029748580697608416,4529.189845848308
2002-07-25,289.6044670363695,434.5255963703996,70.15281260850371,8.937284,0.93285465,27.361397,1.3834139,19.992961892739984,0.9101210054988126,21.37361595787044,1.376507691892692,0.004070167148458628,4529.18577568116
2002-07-26,314.76316700466833,455.90637926385614,69.64558508547374,8.958579,1.1010033,26.461565,1.4336203,19.31285216446223,0.959931469083139,20.660999309419815,1.4263107350388153,5.528235034358925e-05,4529.185720398809
2002-07-27,313.97025944836855,473.7964710792809,69.15865678108585,9.195154,0.98671067,27.858765,1.5968109,20.420244600841627,1.037787681990602,21.821321318826474,1.5041793008211348,0.04058837057608527,4529.145132028233
2002-07-28,318.23911970209906,471.2074963908168,68.67455213672838,9.014509,0.95089847,29.691595,2.0409539,21.356316322508377,1.2770963943565556,22.80213406898779,1.7434995484964029,2.3523957647465354,4526.792736263486
2002-07-29,392.57461312768487,473.3391520919565,68.13028806316161,9.033134,0.8662155,32.727448,2.7577026,21.98528570072888,1.5577714299935081,23.46116603346297,2.024182897678164,40.15482141857994,4486.637914844907
2002-07-30,401.8646741170217,464.6583194068201,67.54395472206733,8.923004,0.8739454,33.260437,2.8821132,21.97354145469575,1.5977472272094797,23.448860452615154,2.064158535518446,48.81381812095926,4437.824096723947
2002-07-31,372.54223086968597,466.8503317420152,66.93714645035013,8.98908,0.8701022,32.16306,2.5740747,21.87790048186385,1.4828083844771307,23.3486481682142,1.9492184007575526,26.7978246369621,4411.026272086985
2002-08-01,367.97843000689255,474.36224583535966,66.31103152259445,8.972189,0.87632984,31.721788,2.47806,21.783574413531593,1.4470712736331304,23.249813636253194,1.9134800258906366,15.41028448006048,4395.615987606924
2002-08-02,354.00061847759974,477.54569964330295,65.94528061973159,8.985205,0.87073785,31.151867,2.4350045,21.715216225906577,1.4466863940939283,23.17818816093048,1.9130942366695556,11.512778791580347,4384.103208815343
2002-08-03,325.20507537151957,442.2610338671042,65.64750992948909,9.037151,0.8752649,31.047628,2.6623983,21.72093792470856,1.578429099328995,23.18418333737655,2.0448370178417163,13.045231024170766,4371.057977791173
2002-08-04,361.77757278767655,466.1573255122176,65.05010074633152,9.026817,0.8791439,31.746052,2.713982,21.8185689418148,1.5756182364875748,23.286480783365526,2.0420274565048424,21.456998893699858,4349.6009788974725
2002-08-05,347.2513313480571,479.3117127437529,64.40723502605333,9.013718,0.8723704,30.291353,2.2612414,21.352304554294218,1.3615151021767797,22.797930551966537,1.8279182047417153,2.7507071826272522,4346.850271714845
2002-08-06,342.28048241968696,475.60522756841794,63.88118678765341,9.071953,0.93942094,27.35611,2.0228887,19.70429478305767,1.2402793295134915,21.071151547104463,1.7066628017621337,0.000854536556593559,4346.849417178289
2002-08-07,354.99219451810376,489.48826731642464,63.2873428725495,9.208488,1.0568033,25.055922,1.9236383,18.39417471207332,1.200244322287685,19.698412215148483,1.6666144045932718,6.59000368651329e-08,4346.849417112388
2002-08-08,361.69700007488683,492.0415258821527,62.6658364064801,9.32856,1.1273048,23.14466,1.9238371,17.291296998871566,1.2072657114036114,18.542820717254546,1.6736260434090715,8.278196911549578e-09,4346.84941710411
2002-08-09,370.2695082052966,499.1805446123485,62.02067225106821,9.326151,1.0904151,22.923634,2.0652337,17.13292344906779,1.2734099289596423,18.37687745314305,1.7397689750299046,8.29808061887165e-09,4346.849417095812
2002-08-10,380.8835067542155,506.099837694569,61.3855897461503,9.227442,0.98970056,23.57716,2.0198724,17.415182903405146,1.2283717275911177,18.672627944542054,1.6947330854987679,8.237956560517245e-09,4346.849417087574
2002-08-11,379.2259109887784,498.7951482360911,60.76157989001153,9.155342,0.93684703,24.653112,2.0300245,17.95947334424955,1.2221636145166632,19.242933607895026,1.6885296876502318,9.392733261511029e-09,4346.849417078181
2002-08-12,379.3012393538407,498.89398903269415,60.09627687379893,9.132107,0.9121647,24.716692,1.8707858,17.985554877112627,1.133448313510055,19.270261748873697,1.5998146210954411,9.719538634414104e-09,4346.849417068462
2002-08-13,385.20109874865835,505.89485938176574,59.413098643654905,9.126852,0.90497506,24.913969,1.7780333,18.089547089978876,1.0825822883111436,19.379224434035358,1.54894953843612,1.2191120964690871e-08,4346.849417056271
2002-08-14,386.4552820287936,507.4678347643495,58.74072428232435,9.124374,0.8991667,25.871367,1.887694,18.63141103053662,1.1399428758724908,19.94698761868254,1.6063152373068337,4.156565059185686e-07,4346.849416640614
2002-08-15,389.035986577464,505.7665011843785,58.0681420041251,9.1568165,0.94566506,26.072447,1.8477322,18.717987008657403,1.122403886538675,20.037701632612325,1.5887770957365681,8.188242208408387e-07,4346.84941582179
2002-08-16,375.15815728936445,484.38494422340375,57.427500514966404,9.240179,0.9836769,25.11214,1.606686,18.184627825092555,1.0020634457803907,19.478849703270235,1.4684315684974452,1.763334459748827e-08,4346.849415804157
2002-08-17,340.1501445203412,453.7403098746648,56.87936515756981,9.325336,1.0395218,25.336191,1.7694782,18.476183581715453,1.105060818470822,19.784340828426213,1.5714316813571418,1.2360143745469803e-07,4346.8494156805555
2002-08-18,375.21758042865235,477.5818518794742,56.25573087907403,9.320776,1.0197396,26.404367,1.9895265,18.8878710583557,1.2011134557954801,20.215705559166626,1.6674883534302163,3.044292439441722e-06,4346.849412636263
2002-08-19,376.4592722336138,481.5772563736808,55.60443983079507,9.233723,0.9617801,26.987745,2.0357707,19.198255905822034,1.2180178631535943,20.540925741344328,1.6843959308550491,2.957542912423585e-05,4346.849383060834
2002-08-20,373.2726575001289,480.027430752369,54.95781992094811,9.324465,1.0363066,25.792871,1.9124752,18.588833868945024,1.1674777035006598,19.902375414309613,1.6338496511577085,2.9742955915073457e-07,4346.849382763405
2002-08-21,377.4695186578207,479.4244935493375,54.29012577794059,9.419706,1.0832863,24.542454,1.8362637,17.880747523827463,1.1327897501520736,19.160444962367517,1.5991551203220185,8.824737295051664e-09,4346.84938275458
2002-08-22,383.7844616750869,492.7461995815315,53.627541322610504,9.638432,1.2443985,23.993763,1.6122584,17.70835461512935,1.0575047516643294,18.97981226192931,1.523868607244772,8.41996101036688e-09,4346.84938274616
2002-08-23,379.94421954494453,484.7818203940417,52.98287108585471,9.766125,1.3100455,23.4813,1.6714423,17.45511233667353,1.0997154412903034,18.71446586822873,1.566077133594594,8.381807553755077e-09,4346.849382737778
2002-08-24,362.5863456145159,478.646065146904,52.448967862931575,9.880068,1.4201571,23.403217,1.4945325,17.574495915758856,1.0477586964917955,18.839555574301983,1.5141213994713958,8.418803635285162e-09,4346.849382729359
2002-08-25,313.7463391711102,462.3621099911236,51.963134322414106,10.164644,1.4711062,22.976366,1.5852199,17.79715324348893,1.1160358224836002,19.072855161181554,1.5824004539764236,8.713453757397706e-09,4346.849382720645
2002-08-26,367.25140439899263,515.907488962044,51.33349804913389,10.515665,1.651163,25.167383,1.6732414,19.074635780006496,1.1945033938317517,20.411396996089067,1.6608801857587023,1.2331333891106887e-05,4346.849370389311
2002-08-27,386.24972100018573,527.595754447593,50.68974344479209,10.865421,1.8489865,24.825506,1.3480694,18.92507878743292,1.1029397866965227,20.254691690505478,1.5693150585353688,4.095398952513092e-06,4346.849366293912
2002-08-28,385.49056601094,517.5486078947085,50.054912962334456,11.8836,1.7764797,24.452291,1.5055583,19.086951816354148,1.1487481120812397,20.424301696873872,1.6151250303274338,1.6815224831498458e-05,4346.849349478687
2002-08-29,267.3423832051307,338.30022223408,49.663878648786856,12.514669,1.936804,23.65383,1.5144577,18.736788408176444,1.2027273805626582,20.057401674759006,1.6691007749991134,1.0209812674867042e-06,4346.849348457706
2002-08-30,233.19745061568287,329.26328723116285,49.29825370509531,12.34745,1.9985677,24.141983,2.6064868,19.251943978003712,1.736305796499165,20.5971799198528,2.202684423710319,4.573595790860842e-05,4346.849302721747
2002-08-31,302.0108265953286,416.0440145627655,48.803325055211616,12.441328,2.076376,25.20724,1.9227592,19.837950980715224,1.4155553973548913,21.211196054129193,1.8819403459454338,0.0,4346.847278599132
2002-09-01,337.9011168908086,455.9386338147764,48.28321602294168,13.428923,1.971572,23.760569,1.6699456,19.362861514808344,1.2744383292156904,20.713398935764058,1.740818122790964,,
2002-09-02,349.3836078220239,472.2519536539038,47.76292913751673,13.631493,2.05564,20.986229,1.3748164,17.85877872846688,1.178348708040606,19.13742613368527,1.6447138833101975,,
2002-09-03,359.5236962116662,481.4411995288141,47.22762970901907,12.685375,2.2847211,22.132631,1.4944733,18.093803468385605,1.2984727222431127,19.383684252780228,1.7648400112094627,,
2002-09-04,317.10164889103504,483.6448674802141,46.81860207071089,12.520727,2.4167616,23.540041,1.4339651,19.176309741458176,1.2907719164989828,20.517930625343087,1.7571497564376886,,
2002-09-05,355.2747058106716,492.33649285255694,46.32377204017603,13.102413,2.154902,23.75659,1.6585935,19.29091092847307,1.3205855176835035,20.638009357352736,1.7869645530524998,,
2002-09-06,358.9781476167728,490.03257356116114,45.81749766975732,12.879723,2.1775222,22.42285,1.6592721,18.387831028184532,1.3284858061479248,19.69176532485461,1.7948558283932088,,
2002-09-07,342.7363130535711,465.1675923661862,45.29678860522216,12.689079,2.26954,21.94885,1.5461012,18.02058655239036,1.3112778140166719,19.306967818479915,1.7776444377324712,,
2002-09-08,326.43533081688355,494.13025222213577,44.76623739910122,12.661491,2.2557719,23.088367,1.6328583,18.94037392083027,1.3312166309977411,20.270717878995427,1.7975920571213195,,
2002-09-09,331.91914421309474,496.1187906646407,44.227425420903884,12.569859,2.3547857,24.084349,1.5991592,19.46876339171995,1.344991632550895,20.824362560384582,1.811372552874988,,
2002-09-10,335.5122503581849,495.4389060862086,43.68338696588063,12.568855,2.3747015,24.69756,1.5084916,19.800365622442477,1.3146459163008828,21.17181424421013,1.7810304476661347,,
2002-09-11,338.366932351241,497.2832380091405,43.133035865736666,13.378223,2.0493832,23.271864,1.7496002,19.265784706302494,1.3314004193992746,20.611682187652097,1.7977791913857892,,
2002-09-12,339.2867303573886,495.0353968415492,42.63252139573844,13.1856785,2.0055418,20.425665,1.807346,17.481440794419704,1.3472706573787432,18.74205273625584,1.813632571173161,,
2002-09-13,337.6308914981084,492.41761499755705,42.14428456592439,12.897985,2.1235123,18.648684,1.8622898,16.30952709201521,1.402365977017661,17.514125564862994,1.8687187996398635,,
2002-09-14,339.39245391590424,491.2919776085738,41.59330904780257,13.080452,2.1364517,20.70173,1.7010496,17.58790747213533,1.3319448660285544,18.85360815722814,1.7983076835657847,,
2002-09-15,315.6020591495607,454.6442765632225,41.103489527139786,13.039391,2.3128192,21.212507,1.486844,17.863640352322662,1.2916179677013933,19.142520126542728,1.757983186054254,,
2002-09-16,214.93520001673977,244.47087899349697,40.76121875821354,13.624081,2.0433588,24.281414,2.6086974,19.29533268685559,1.6855394586284245,20.642642460670913,2.1519185404226464,,
2002-09-17,278.37185859477904,408.1099963962383,40.30583204827305,13.203796,2.1291518,22.630613,1.9862429,18.807991456939913,1.4627862696478295,20.13200798585792,1.9291603692678887,,
2002-09-18,316.0934601162853,467.644328639786,39.77728733398385,13.268263,2.1646547,22.046585,1.6977625,18.50615321370664,1.3373195289775908,19.815742906380517,1.8036906790410345,,
2002-09-19,329.4587372707245,484.4974714962128,39.25575623099377,13.31304,2.1672146,22.080534,1.7741898,18.531783400400485,1.3728672081019426,19.84259812838592,1.8392386045755216,,
2002-09-20,331.6001130923267,485.7930192097708,38.73386335183728,13.46673,2.167559,22.185617,1.7508208,18.64853851864046,1.3623400283855989,19.96493374217036,1.8287125568545277,,
2002-09-21,328.3347145028385,485.7190486533874,38.230105985586654,13.569328,2.1582754,22.548578,1.8398547,18.926950792984858,1.4010349317900483,20.25665317152367,1.867410222497781,,
2002-09-22,202.4602190574718,675.7175457067491,38.079147848361714,12.971621,2.4920197,20.28949,1.6823474,18.60238554241293,1.4162560279221879,19.91657481144521,1.8826281070534685,,
2002-09-23,183.0135466571004,743.0434672351845,37.96377579395587,13.642612,2.0852733,20.373621,1.941701,19.04339431070478,1.6115517051443802,20.378662291348352,2.0779281774216636,,
2002-09-24,334.9157201520108,581.8253749729724,37.61232430224082,14.002626,2.1082928,20.906958,1.6480851,18.384578002750807,1.2989756630628582,19.688356815925065,1.7653456545272161,,
2002-09-25,341.8869352671506,557.657844376032,37.1748368067126,14.112692,2.1019146,19.47285,1.5990233,17.435633367728983,1.2731226277368417,18.694055871154156,1.7394841566830292,,
2002-09-26,344.63178925862,550.3695957762834,36.70694845381301,14.782528,2.1061845,18.04753,1.1224734,16.790298496997387,1.0649829213954272,18.017876199568487,1.531339283626584,,
2002-09-27,381.4149420988,402.0851504953581,36.601349124231945,13.60832,2.4526446,17.789045,3.9381456,15.753830486887763,2.347357652920249,16.931868561564272,2.8137067136479894,,
2002-09-28,439.2430620988,508.79451049535805,36.71999789359424,14.465239,2.1908948,18.472485,2.8927712,16.61585457503168,1.8548960964196581,17.835094454439535,2.321251143777674,,
2002-09-29,245.64516261919573,516.4900574142341,36.57403585149446,14.172043,2.017642,15.2021055,1.3912996,14.87010418331961,1.1453827695545131,16.005903161552805,1.6117265751213203,,
2002-09-30,285.10508252201146,528.9052500304736,36.2697163506938,14.191736,2.0846741,14.934022,1.4741683,14.674038230393949,1.204403579161742,15.800465926295228,1.6707463398679807,,
2002-10-01,305.31998350500504,530.3053248456996,35.921683969289234,13.917044,2.1685164,17.376127,1.487449,16.112250570027456,1.2324203595599001,17.30741989948028,1.6987718062491235,,
2002-10-02,310.8989127320329,533.8816245910434,35.51474912497912,14.027889,2.2050269,18.887133,1.1239806,17.09881790393511,1.078472250660567,18.341141779537,1.5448310235598386,,
2002-10-03,305.3417802348495,547.1031543287047,35.146591117688615,14.932001,2.1149256,18.60046,1.2629104,17.286435254391513,1.1094456982615724,18.537726598007392,1.575805990364707,,
2002-10-04,307.2166561726613,543.1950051592346,34.77702757074784,14.969126,2.0997102,17.692577,1.3815614,16.70871303345125,1.1636645943877377,17.932391229750802,1.6300203373356053,,
2002-10-05,280.096272397312,488.2828538916982,34.494258239196604,14.525423,2.0179205,16.395798,1.4765611,15.713992409945357,1.1922760806418042,16.890126360723674,1.658624885244429,,
2002-10-06,290.65370053572485,506.98643756990646,34.12767461163243,14.377201,1.926311,15.56823,1.1443549,15.134228360622098,1.0108230594976,16.28265157166702,1.4771683421217738,,
2002-10-07,303.64561319259366,517.2889708822612,33.71943018218866,14.607246,1.945417,13.660008,1.0410953,14.010370882431829,0.9737221937176291,15.105077547733856,1.4400617439392205,,
2002-10-08,318.1381760541745,513.5116194997597,33.31749841584173,14.294086,1.8083591,13.188408,0.96222484,13.61137266236819,0.9118883038100347,14.687008576658359,1.3782261663493345,,
2002-10-09,296.53671844779063,488.04570333031165,32.93050352665377,14.317741,1.8389516,11.943257,1.0208827,12.84070505979249,0.9414622389096746,13.87950569707495,1.4077973571728664,,
2002-10-10,283.1158253045596,487.1113293995861,32.549784257762575,14.648518,1.9686785,12.404434,0.88972557,13.229301934677663,0.9166589136181134,14.28667617422767,1.3829953307326088,,
2002-10-11,377.876159506,422.615500495358,32.4181829387471,14.136959,2.205212,14.319846,1.0651749,14.233513378217996,1.1831670751525767,15.33888549204414,1.6495076486109292,,
2002-10-12,1191.585949506,1281.1136304953577,33.044520610314386,15.872305,2.6668804,13.828389,1.1028883,14.813345572396646,1.406466598428837,15.946431683047328,1.872810097000234,,
2002-10-13,307.88348950599993,1065.1452904953578,33.69853222127562,14.983877,2.0273745,12.004655,0.82660574,12.67270596264086,0.7860496055367924,13.703476817355657,1.252384215752076,,
2002-10-14,268.39600209879995,814.753630495358,34.003628179427345,13.895702,1.6426678,10.95437,0.84420604,11.683208797833798,0.7542745531300104,12.666685070497664,1.220606825990876,,
2002-10-15,191.63536209880004,686.0653104953582,34.29544455718002,13.475449,1.5261307,9.1419325,0.75051653,10.08810349649156,0.6746769209495733,10.995339188345964,1.1410077836281416,,
2002-10-16,2000.9955920988,3312.088030495358,35.27647849647717,15.699457,2.8638852,7.9278874,0.9515922,10.854789757807072,1.2309523438586567,11.798670432166483,1.697283521112805,,
2002-10-17,616.8328420988001,5866.14463049536,37.727125445178686,14.2762985,1.9157262,8.978468,1.0140173,9.48253816340987,0.935466935626319,10.360829902364506,1.401798025071304,,
2002-10-18,284.27904209880006,3386.889330495358,39.13653185051553,12.989244,1.4180132,7.7442055,0.9101628,8.150358096427746,0.8468329107835622,8.964976182010382,1.3131659753761928,,
2002-10-19,125.84504209879984,2207.5445904953576,40.1787293739297,12.53385,1.3433547,7.9854274,0.7096669,8.23073420382399,0.6752906944338684,9.049193992588188,1.1416235823171654,,
2002-10-20,54.9368420988,1800.376440495358,41.11544700183708,11.984627,1.2158264,8.253309,0.8093605,8.363795604580186,0.7862195721043953,9.188615273452887,1.252552183689751,,
2002-10-21,38.7789474072,1285.5671704953586,41.85898151029994,11.537245,1.1276981,7.794342,0.7793713,7.9039401492087284,0.7572703837031014,8.706780299251909,1.223604036105519,,
2002-10-22,38.7789474072,952.6658204953584,42.47450019849113,11.248253,1.0717947,7.6222677,0.6965426,7.764092958146033,0.6706099508737041,8.560248890500125,1.1369439677619626,,
2002-10-23,38.7789474072,748.0049404953579,43.00948711029777,10.500427,0.9565427,7.1527905,0.7054709,7.317788622141998,0.6723547122788888,8.092612732850148,1.1386900419809747,,
2002-10-24,38.7789474072,620.066690495358,43.078443261606466,9.913115,0.88351196,5.855706,0.7032905,6.094520916401549,0.6639352690246878,6.8108770123067695,1.130275364943681,,
2002-10-25,58.62909981707156,607.2361639996245,42.951947394068156,9.244375,0.90920615,4.7247453,0.6856258,5.122696406025151,0.6303609116541014,5.792602612350279,1.0967060140018703,,
2002-10-26,390.29391740720007,1521.3600304953584,43.27057528799789,10.501127,1.0816853,4.251849,0.6710414,5.527736591787796,0.5778996821926311,6.217002334431768,1.0442425666657138,,
2002-10-27,161.20949740720005,1017.0363704953584,43.57189702660356,10.204426,0.93402916,6.4410205,0.7485864,6.95593566662546,0.6586798151115512,7.713464442992368,1.1250163764471846,,
2002-10-28,108.66187740720004,818.8470104953581,43.54117758791568,9.463066,0.87619084,6.49412,0.73246795,6.8419456225396855,0.6547525778703736,7.594026064454766,1.1210895582112212,,
2002-10-29,78.46477740720002,734.6673504953578,43.464140218193336,9.004847,0.8215508,5.3899508,0.73088497,5.7387772051579375,0.6650984726416145,6.438129967714755,1.131440275871676,,
2002-10-30,68.66312740720001,684.512730495358,43.35736306790674,8.707508,0.85409826,4.81618,0.71893793,5.170932360036153,0.6580191616094004,5.843144080076648,1.1243639899901916,,
2002-10-31,60.36629740720001,629.4455004953579,43.221453681465476,8.66959,0.82055247,4.101841,0.7340489,4.501570430802799,0.6736494450663875,5.141788938725228,1.1399983129833888,,
2002-11-01,51.74807740720001,570.4498104953582,43.158535285421856,8.443464,0.85399765,4.0305705,0.7195306,4.397590024392331,0.6634999931001222,5.032838624327578,1.1298495345111434,,
2002-11-02,83.19777477639303,551.3339805728771,43.324955742672,7.9686646,0.8590605,3.282188,0.811796,3.896663779047972,0.7142927260641923,4.507969816786466,1.1806456853052918,,
2002-11-03,112.19095111567856,528.1348344351795,43.46127960088167,8.301027,0.858763,2.808432,0.89262813,3.7707851621801005,0.7514492562395177,4.376074632326836,1.217803119469693,,
2002-11-04,143.15440652551695,544.5173947750357,43.54215796428659,8.341623,0.8895807,3.0479245,0.9875649,4.149927402582025,0.8036095020883699,4.7733385757870606,1.2699606974400908,,
2002-11-05,140.90398679289717,526.711121806507,43.62252680550126,8.038605,0.8678935,2.7270653,0.9759859,3.848096094539828,0.7914861556146136,4.457080762979157,1.257839461494344,,
2002-11-06,234.6621574072,943.872770495358,43.88234465102567,8.258553,0.9664637,3.6982737,1.0365249,4.60628652961498,0.8521514442351005,5.2515101091065555,1.3184996463894705,,
2002-11-07,53.5171074072,850.2015604953583,44.15080160844076,7.317428,0.83381265,4.070321,0.8187377,4.26261076547068,0.7718341136018407,4.891407818232986,1.2381845477341464,,
2002-11-08,38.7789474072,727.085710495358,44.31607965470868,8.020609,0.85317343,3.8468275,0.75786,4.058163606072772,0.7207821109634388,4.67718878348351,1.1871339369425977,,
2002-11-09,38.7789474072,664.8699004953583,44.445893031572695,8.511079,0.88069314,5.227418,0.8866607,5.408384507925342,0.8392004939384381,6.0919456289453775,1.3055440124482287,,
2002-11-10,38.7789474072,624.7763904953581,44.5608477270929,8.793887,0.931678,7.8499155,0.95306975,7.905082307063224,0.8990215606040926,8.707977048347578,1.3653552101217779,,
2002-11-11,38.7789474072,558.459500495358,44.71465661195142,9.024866,0.9435598,9.950171,0.895341,9.890090998144473,0.839444778040989,10.787862369449751,1.305775668717632,,
2002-11-12,132.2541174072,720.554600495358,44.93509042664099,8.55307,1.025792,10.780469,0.88852334,10.435042509466284,0.7674001468149156,11.358860700189194,1.2337310685621259,,
2002-11-13,127.67054740719992,1550.527070495358,45.4496220938997,8.167427,0.9581203,8.636111,0.7924595,8.600455644599377,0.7357916045000764,9.436586854403119,1.2021237747068896,,
2002-11-14,38.7789474072,974.663610495358,45.87135782324497,7.900245,0.9121618,7.626704,0.70494264,7.637171144739229,0.6788661772089662,8.42726064827299,1.145200544258564,,
2002-11-15,38.7789474072,815.585770495358,46.25694192686884,8.006874,0.93985826,7.577133,0.66857207,7.596638782856399,0.6396502083209329,8.384790978045109,1.1059846910757334,,
2002-11-16,38.7789474072,924.1655804953576,46.6261698863272,6.575169,0.97630274,7.557684,0.6753563,7.518116876287836,0.6493502713616015,8.302515992756279,1.1156849836140939,,
2002-11-17,990.6700474072,3162.747230495358,47.445261286065566,6.2285466,1.251969,4.876339,0.7797813,5.198866539687221,0.6646486626979523,5.87241341802682,1.1309933336369995,,
2002-11-18,439.0854474071999,2896.8867304953583,48.37843552254958,5.7035394,1.0558133,4.7123322,0.70270467,4.842796353236327,0.6258376247317762,5.499324293828615,1.0921843693554059,,
2002-11-19,213.53154740720004,2169.215730495358,49.076858555986696,5.9300666,0.9935316,4.0114946,0.61635303,4.183428790393428,0.5681381638480413,4.808441215417083,1.0344891313681548,,
2002-11-20,172.91184740720007,2137.6785304953587,49.80536171890762,7.2612443,0.9659861,4.4962616,0.63353306,4.703177660789716,0.5905639817435355,5.353032305145681,1.0569115790547658,,
2002-11-21,108.97514740719988,2134.0354304953576,50.46953136981299,6.7528777,0.96113855,5.4659376,0.64294744,5.52846272611208,0.6134900078003221,6.2177631754945875,1.0798328884658062,,
2002-11-22,129.99744740719996,2548.9171304953584,51.36754609902587,6.816579,1.0742449,6.185111,0.64213854,6.215753756618374,0.6131978157020032,6.937904367872226,1.079537362859137,,
2002-11-23,38.7789474072,2547.689430495358,53.193351662870135,5.330417,0.94318646,5.1291857,0.6530109,5.132202742251012,0.6433757413801677,5.802563318951952,1.1097207895240193,,
2002-11-24,38.7789474072,1749.1447304953583,54.64802755064335,5.706191,0.87634474,4.55771,0.6525611,4.582620003680287,0.6386903770297765,5.226712404132155,1.1050387285540204,,
2002-11-25,38.7789474072,1495.5755304953582,55.91864878846881,5.837975,0.8831278,4.744113,0.62218535,4.771759004468218,0.6068709638230873,5.42489160261842,1.0732181395043874,,
2002-11-26,38.7789474072,1318.232230495358,57.0058413951553,5.359711,0.8785445,4.362243,0.6079523,4.3907475530211775,0.5911123948668459,5.025669106214702,1.0574619810310186,,
2002-11-27,38.7789474072,1226.5724004953586,57.95386276882192,4.204287,0.8954247,3.0189695,0.5882305,3.055295703814628,0.5708630661259704,3.6263872236298536,1.0372224118146045,,
2002-11-28,38.7789474072,967.805490495358,58.77544653538299,3.9378052,0.87305737,1.4343308,0.5335124,1.5307778717588216,0.5140602243592005,2.029002650505285,0.9804332042854509,,
2002-11-29,38.7789474072,834.3815604953581,59.50883496234115,4.611314,0.8706861,0.9402151,0.4899201,1.103256547580673,0.46975597592020896,1.5810472684399584,0.9361332564477031,,
2002-11-30,38.7789474072,806.5871304953582,60.19133571949785,5.4240856,0.91878754,1.5668062,0.6303436,1.7437487545615353,0.6029032490018492,2.252152813501425,1.069274164559952,,
2002-12-01,38.7789474072,686.8757704953582,60.89890774102238,4.11716,0.8365087,1.4192653,0.65189844,1.563440604842905,0.6186781614323803,2.06322655057882,1.085050821385246,,
2002-12-02,38.7789474072,584.483100495358,61.472821779462386,4.204234,0.82658225,0.77733254,0.5951531,0.9905520665889724,0.5604876013436444,1.4629558985178495,1.0268660504186455,,
2002-12-03,38.7789474072,500.466530495358,61.534557026483405,3.1303556,0.82042724,-0.2311157,0.6246839,0.01061895435409864,0.5827551421204337,0.436185333251917,1.0491443635098272,,
2002-12-04,42.014219780399415,471.6223855142144,61.50049706439758,3.1393046,0.84038776,-0.32943666,0.390577,-0.04570209389303514,0.3651574913405133,0.37717233142244233,0.8315473652273601,,
2002-12-05,38.7789474072,459.5499504953579,61.47858336584492,3.2443435,0.8872173,-0.5974835,0.38598663,-0.2985203025624545,0.36258387664654634,0.11227027659443733,0.8289767241930638,,
2002-12-06,38.7789474072,472.5661704953582,61.42542898780543,3.2870073,0.8701514,-0.6057662,0.43422505,-0.31054939717991187,0.4066842311569029,0.09966623237366834,0.8730772220114498,,
2002-12-07,38.7789474072,443.1298104953579,61.33329210566492,2.967739,0.8463842,-0.42172372,0.3425633,-0.14897541034413386,0.3222764078292276,0.2689629034671529,0.7886674875928544,,
2002-12-08,47.752254689152416,427.0203399167012,61.33504121205018,3.279028,0.85803616,-0.36120594,0.32580027,0.004925928638683666,0.30547548710783146,0.43022020036794,0.7718647742879867,,
2002-12-09,38.7789474072,434.6128004953581,61.31308248444248,2.3608751,0.80426663,-0.52767575,0.3681361,-0.29105362029808884,0.3443409603297477,0.12009384074746315,0.8107337190055278,,
2002-12-10,102.85121190844684,404.9853073851241,61.24026844262652,2.831705,0.8360897,-0.5685178,0.33934072,0.12012319051177137,0.319226449137047,0.5509234975764212,0.7856144122654677,,
2002-12-11,38.7789474072,615.1897904953582,61.28542422820431,3.0628169,0.96523523,-0.1678791,0.1499341,0.023694255965629536,0.15221440297178365,0.44988558958479646,0.6186034733983287,,
2002-12-12,38.7789474072,868.9413304953582,61.44921333565772,3.2366927,0.89406717,-0.004276514,0.33766112,0.13418174944509845,0.3254847106274082,0.5656540075699817,0.7918725132087011,,
2002-12-13,38.7789474072,835.8916704953581,61.57449081183846,3.1935794,0.91983676,-0.03150904,0.43304804,0.11147682498303409,0.4158531301062626,0.5418638653315322,0.8822411920874136,,
2002-12-14,48.40234740720006,1518.630330495358,61.82021388168623,3.5496352,0.9702134,0.7438611,0.7544237,0.8305255465846831,0.7317350395852139,1.295280657880648,1.1981151728061386,,
2002-12-15,59.5203474072,1768.1223704953582,62.243611078095725,3.5666933,0.9169572,1.7049059,0.78745806,1.7655381968858328,0.7623981809708622,2.2749837166853415,1.2287688882442862,,
2002-12-16,44.72758740719996,1531.8640504953582,62.432038777376874,2.9500418,0.8513375,1.0482774,0.49576956,1.1022300510917469,0.48230978483101,1.579971708927764,0.9486870759359296,,
2002-12-17,81.5968474071999,1267.7791604953582,62.525480223415265,2.6404936,0.80598265,0.30251384,0.39607373,0.4438916149039298,0.3753012132055136,0.8901669459075328,0.8416855362609441,,
2002-12-18,50.31342740720003,1114.028480495358,62.58540702990191,2.8417058,0.8097478,0.20364714,0.28860372,0.3176426667868001,0.2783407471290926,0.7578837296308438,0.744726475323904,,
2002-12-19,65.78504740719995,1105.415330495358,62.74057964314785,3.472262,0.8395667,0.37748945,0.33036,0.5513194400614647,0.31534995212036604,1.0027294538839484,0.7817330938652347,,
2002-12-20,38.7789474072,2853.582630495358,63.83948560753186,3.8370118,0.9372203,1.3581425,0.7200227,1.3913776009193455,0.7104802124842897,1.8829395232356692,1.1768545717284602,,
2002-12-21,38.7789474072,2280.534630495358,65.53308832657572,3.558779,0.83196133,2.025263,0.7808971,2.0509034735357137,0.7679664831726719,2.573988478086688,1.2343345127615564,,
2002-12-22,38.7789474072,1521.746430495358,66.5737407319434,3.8672023,0.8336419,2.0598187,0.81241626,2.1047321002060717,0.7924985721803682,2.630389929107934,1.2588661071151905,,
2002-12-23,38.7789474072,1227.271330495358,67.42564263555558,3.6612835,0.7487171,1.8709947,0.8229248,1.9258309891308045,0.7980482893668146,2.4429379564661238,1.26441748109306,,
2002-12-24,38.7789474072,938.669760495358,68.13658749456992,3.7160869,0.72402114,1.5956321,0.61072487,1.679758234543092,0.5871981780583264,2.1851037653667498,1.0535697084383968,,
2002-12-25,38.7789474072,667.731860495358,69.02496962058763,3.73773,0.8539998,0.6666808,0.43738985,0.835244484614869,0.416031512138426,1.300225145017794,0.8824115952774566,,
2002-12-26,38.7789474072,919.9849904953584,69.80605094200766,3.8323913,0.7623352,0.88962823,0.494147,1.0086536227415177,0.4751618214153741,1.481922647177412,0.9415400818299915,,
2002-12-27,38.7789474072,619.0889904953578,70.61163832403375,3.409233,0.66244566,0.35349107,0.488425,0.5336160632916673,0.4612898239719971,0.9841799162205209,0.9276731594807361,,
2002-12-28,38.7789474072,546.5818804953581,71.30700553887067,3.4130485,0.6426935,-0.0057178736,0.42603618,0.22076834706706056,0.4000841511935402,0.6563791485767966,0.8664709699477635,,
2002-12-29,38.7789474072,549.8367304953581,71.92477860532726,3.7632122,0.66603595,0.1753161,0.41043752,0.41169246064835735,0.3859000674958016,0.8564287821458465,0.8522847471936439,,
2002-12-30,38.7789474072,564.051190495358,72.47359367805346,3.3829653,0.6432256,0.25464404,0.35783303,0.45588315681949965,0.33736138500399176,0.9027316425356315,0.803745575542347,,
2002-12-31,38.7789474072,719.076230495358,73.05187646237837,3.8384023,0.69749403,0.58924985,0.41656432,0.7555068263286276,0.3968571064956605,1.2166762992350193,0.8632380393070067,,
2003-01-01,114.25764740720012,1602.8181304953578,74.03912664482245,2.7685332,0.6563764,2.5128827,1.2267303,2.5298942050857436,1.1459339080501987,3.075873329256904,1.6122976524281913,,
2003-01-02,782.8074474071999,2608.7943304953583,75.29226439257476,2.973612,0.500754,0.83394104,0.7846553,1.327793365053466,0.6145176191172944,1.8163161782472375,1.080892614884799,,
2003-01-03,274.30319740719995,1751.494230495358,76.24438756352457,2.8504822,0.58351237,0.21319866,0.34568998,0.5703001686008312,0.30914882908182495,1.022617396365122,0.7755317634802461,,
2003-01-04,187.4638974072,1705.020130495358,77.15107207198744,2.9688854,0.5162007,-0.6462873,0.42560396,-0.28817895105662117,0.38683923130917364,0.1231059093521078,0.853231955786755,,
2003-01-05,118.11309740720004,1464.014280495358,77.96217815829775,2.861742,0.5177613,-0.06760967,0.2650496,0.15107993081562773,0.24828961970377722,0.583359864246479,0.7146772296088333,,
2003-01-06,135.64090740719996,1193.181830495358,78.66087749434682,3.0073304,0.49269214,-0.36295116,0.35720488,-0.018926303266103,0.32466176729829116,0.40522791331288044,0.7910513305267445,,
2003-01-07,101.6256420988,1042.735160495358,79.27737345036287,2.838926,0.5095522,-0.44587934,0.37302062,-0.1541702402780688,0.34289326523576225,0.2635197784200136,0.8092844059792381,,
2003-01-08,134.07924209879997,981.462230495358,79.849078497288,2.9973416,0.48305193,-0.5356506,0.436017,-0.11101294928344092,0.38797991941373133,0.30873984039836566,0.8543705544891362,,
2003-01-09,119.27264209880006,965.561530495358,80.41183192456843,3.241004,0.45772648,-0.6496116,0.6346754,-0.2218558931873354,0.5671328994965276,0.19259898267351383,1.0335248375924557,,
2003-01-10,118.67389209879995,876.210330495358,80.44717746176792,3.0377464,0.46634793,-0.50485027,0.61714756,-0.08227472769558995,0.5463708703637091,0.3388516507414199,1.0127611698984598,,
2003-01-11,107.71060209880004,819.705470495358,80.42514391409759,2.8564825,0.48281053,-0.4750055,0.53997004,-0.08808469555112881,0.48054045706706217,0.3327639862827678,0.9469308243614649,,
2003-01-12,109.75424209880002,711.6626604953582,80.36527400279088,2.855389,0.4832586,-0.7327446,0.5146039,-0.25331337127807196,0.45049630194710016,0.15963794466204945,0.9168886124022118,,
2003-01-13,92.9270920988,639.198530495358,80.27416227771243,2.8129106,0.490322,-0.64287484,0.49107313,-0.20423961142918184,0.43323575436348766,0.21105726248146042,0.8996274844313625,,
2003-01-14,73.75912209879998,603.1703004953581,80.16251649225825,2.6875415,0.5132275,-0.586099,0.4553766,-0.22939884349035577,0.4095936337372747,0.18469550513029478,0.8759856610152696,,
2003-01-15,83.79246209879999,561.4457704953579,80.01443027397185,2.675994,0.52493477,-0.61157763,0.47250026,-0.1846442889358757,0.4167531846380558,0.2315891744066876,0.8831446837245229,,
2003-01-16,98.2425220988,589.1764104953581,79.88891654942289,2.6839602,0.51781094,-0.7324432,0.4609044,-0.24418769434922982,0.4019060473534378,0.16919979775352423,0.8682982496722764,,
2003-01-17,86.91434209879996,573.288630495358,79.85695559932319,2.510735,0.5488542,-0.47572863,0.37945303,-0.08256692847658043,0.33732823312705995,0.33854548376193644,0.803718536068726,,
2003-01-18,75.6479120988,542.756500495358,80.13531261072063,2.3112035,0.5867105,-0.50889266,0.32820076,-0.16391713418208526,0.2968593111105712,0.25330701630547525,0.7632505663518504,,
2003-01-19,71.11750209879999,534.7149504953582,80.40834511846082,2.3715558,0.5836214,-0.52297723,0.37312335,-0.18319358725102772,0.3363738369308087,0.2331092146730957,0.8027653189344692,,
2003-01-20,74.17802209879999,523.2024004953581,80.67236233884468,2.4601102,0.5674029,-0.6155163,0.40340072,-0.23360909592933285,0.360266089304711,0.18028401701676258,0.8266581663897941,,
2003-01-21,77.7688420988,518.445460495358,80.92676881732676,2.3637087,0.58393,-0.5790559,0.38952938,-0.19520835654125968,0.3471780579859256,0.22052018048122485,0.8135696815426312,,
2003-01-22,80.69224209880001,504.796910495358,81.1717686813888,2.20434,0.6212936,-0.5663756,0.37170306,-0.18451498858632456,0.33171688188470616,0.23172465487095617,0.7981083794484932,,
2003-01-23,77.40285209879998,494.264040495358,81.40680823197118,2.090311,0.6592142,-0.54213417,0.3587437,-0.18570497532839905,0.3227574601308704,0.2304777908303767,0.7891489717090233,,
2003-01-24,71.63180209879998,492.686570495358,81.24568348954683,2.195569,0.6213821,-0.6250502,0.35377023,-0.2670146384392708,0.3187765669616633,0.14528180376598404,0.785169039951081,,
2003-01-25,66.8968120988,467.442610495358,81.11137533716092,2.321148,0.59260935,-0.5260085,0.3762751,-0.16955773837038782,0.33742479608359677,0.2473968105184126,0.8038161176352734,,
2003-01-26,78.6951820988,452.532500495358,80.98225860706407,2.6265626,0.5583268,-0.769945,0.45071316,-0.26679205642995063,0.39275289762717963,0.1455150244344912,0.8591453679744541,,
2003-01-27,54.9368420988,470.1875104953581,80.87352207184955,2.1944351,0.61808157,-0.47819293,0.3155575,-0.1985910670054336,0.2898495303573806,0.21697578802008066,0.7562411937975577,,
2003-01-28,61.22236209880002,450.99559049535793,80.73368638991155,2.1020308,0.6385735,-0.34093273,0.29019237,-0.048939847525471016,0.2666636859636768,0.3737798242340831,0.73305359747118,,
2003-01-29,54.9368420988,454.1489604953581,80.61911121214376,2.5797095,0.5545252,-0.5610553,0.40207416,-0.2221267746721934,0.36364262367719363,0.19231515397964163,0.8300345649746909,,
2003-01-30,60.65135209879999,457.92064049535793,80.48502765902008,2.6547785,0.53597915,-0.5548507,0.4238712,-0.17945759460319305,0.37950903766498767,0.23702377499864488,0.8459004756863668,,
2003-01-31,75.02614209880001,464.7206004953581,80.35307758180673,2.887266,0.49528143,-0.5458752,0.51215684,-0.06866002277292835,0.44630761872779995,0.35311709201984415,0.9126977596301258,,
2003-02-01,61.5449220988,453.9680804953581,80.2407154940435,3.1715076,0.4575901,-0.8204967,0.79362696,-0.3439081327552118,0.7010110853983063,0.06471306326900206,1.1674044745360557,,
2003-02-02,69.37737209879997,443.1936804953581,80.12889414054985,3.1397183,0.4625937,-1.0470508,0.9021543,-0.48036444319242105,0.7825550543730949,-0.0782653923545436,1.248950085963621,,
2003-02-03,76.96122209880001,441.281960495358,80.00481136620611,3.0231228,0.46889952,-0.928265,0.8770027,-0.34146780880788663,0.7500037628814464,0.06727002635917928,1.216397122840066,,
2003-02-04,130.1567920988,1072.1664104953582,79.99449463487811,3.117302,0.5235387,-0.4276451,0.64094263,-0.043888928873088755,0.5743608431591547,0.3790721595323476,1.040750695983402,,
2003-02-05,54.9368420988,1040.456030495358,80.11521871703839,2.8474874,0.5015639,-0.49424064,0.47807056,-0.3266441626696175,0.4547902582154801,0.08280219211075829,0.9211834410729878,,
2003-02-06,54.9368420988,838.758870495358,79.9918124813896,2.7656903,0.5074289,-0.30106235,0.37952763,-0.11254436904560539,0.35756065197016607,0.3071352240064663,0.8239513049525646,,
2003-02-07,54.9368420988,785.824050495358,79.84810746831134,2.7444935,0.5289311,-0.16540837,0.36808467,0.024729893862217047,0.3457649871311235,0.45097072743268984,0.8121540456089108,,
2003-02-08,62.13224209879995,686.9017904953579,79.71882078719838,2.7162194,0.5237147,-0.4219805,0.4107778,-0.16166736485475408,0.37920049035105263,0.25566431691620106,0.8455917191544092,,
2003-02-09,76.68001209880002,663.551830495358,79.59493314932962,2.7501278,0.50596124,-0.27752388,0.42757654,0.03610808862027025,0.38685118733183504,0.46289276100576493,0.8532401146135085,,
2003-02-10,89.9287820988,629.725960495358,79.47009698119957,2.9446602,0.50164795,-0.5757052,0.49735177,-0.13579676678694053,0.4396936854877359,0.2827714411374407,0.9060846106914202,,
2003-02-11,84.18446209879998,619.4642004953581,79.36984944815867,2.6824083,0.5159666,-0.39508808,0.44619742,-0.026896685617274065,0.39763522069660073,0.39687657393071246,0.864024876313432,,
2003-02-12,88.87370209880002,607.370100495358,79.23140661697039,2.645976,0.51867175,-0.42993033,0.43092984,-0.037298915304415155,0.3817084030490353,0.3859771532227694,0.8480981793521648,,
2003-02-13,143.366417135523,580.0645734295177,78.95366572935025,2.5145574,0.5430665,-0.6311616,0.43929258,-0.007756631446613983,0.368310258535341,0.416931457263728,0.8346996924131934,,
2003-02-14,142.19223492267167,561.2589197981027,78.65834091314109,2.537733,0.53622395,-0.7166892,0.43411148,-0.058855947893008166,0.3629258314609097,0.3633897681654711,0.8293158582618152,,
2003-02-15,71.20056967387642,559.4104056021761,78.41425068299492,2.3375657,0.5696869,-0.41336024,0.36984906,-0.1027606786213842,0.334336068897829,0.3173865413890926,0.8007266075250363,,
2003-02-16,223.89050276132716,581.4230179656421,78.16320688065036,2.2860374,0.5806739,-0.671738,0.37641677,0.15057256330436086,0.3160996889414097,0.5828282463025226,0.7824873046268113,,
2003-02-17,228.8996630893609,579.1209328370784,77.9201167561632,2.4201074,0.67220503,-0.7794694,0.61322254,0.12692093712287483,0.47898581609845514,0.5580461532386011,0.9453737015691741,,
2003-02-18,83.7556020988,608.204590495358,77.82626845993487,2.7119713,0.5602983,-0.7298378,1.1973538,-0.313237524142221,1.0546077443829274,0.0968496221314632,1.521000767284959,,
2003-02-19,80.35546209880003,568.1322304953579,77.76262019761364,2.9386783,0.5467637,-0.37766302,0.33914962,0.03327174643775603,0.3047512838868732,0.45992085136247723,0.7711402438590997,,
2003-02-20,84.75221209879997,546.8066604953581,77.97710168132042,2.9687586,0.5724854,-0.6528336,0.44116107,-0.16683305031354298,0.3896087629136388,0.25025172935049445,0.8560000524296042,,
2003-02-21,91.14641209880004,546.801540495358,78.19219453388818,3.0005264,0.6028534,-0.5842451,0.54975957,-0.07207311249984392,0.47902032614157697,0.3495408682710456,0.9454105067917857,,
2003-02-22,93.0119474072,545.4019104953582,78.47843094412744,3.0472078,0.6102996,-0.31702602,0.86487556,0.17311675926222114,0.7442007611830163,0.60644997776369,1.2105881203105215,,
2003-02-23,62.98928740720009,1704.3580904953585,79.25684288205738,2.829789,0.58834434,0.21306884,0.33901042,0.30633026691114273,0.3275996707390737,0.7460306357106345,0.7939855257295068,,
2003-02-24,38.7789474072,1601.543900495358,80.2177503267794,2.6131392,0.5585381,0.043091655,0.26969767,0.10385026511857334,0.2636525923616168,0.5338727819756409,0.7300407416071466,,
2003-02-25,149.37498740720002,1100.2029704953584,80.8838153054617,2.4535155,0.5511117,-0.37975013,0.30007985,-0.0410605614660559,0.2722979249122124,0.38203571323314633,0.738687744888285,,
2003-02-26,147.52688740719995,977.5743304953584,81.45695269793708,2.403625,0.54531175,-0.3750373,0.32265246,-0.010690178858222306,0.2893201187209763,0.41385769631367497,0.7557095865570191,,
2003-02-27,86.18543740720008,931.467440495358,81.47538645674139,2.5683064,0.52333474,-0.16078496,0.35189703,0.0703429047728574,0.32512982199548457,0.49876388434458113,0.791518355425797,,
2003-02-28,64.8265074072001,867.2692504953579,81.47265657918206,2.8192272,0.5140254,-0.102579236,0.43490523,0.10063004388454998,0.406234041924985,0.5304986451744069,0.8726222280367952,,
2003-03-01,68.64277740719996,793.0308104953581,81.44235928260495,2.8612509,0.49180296,0.07830274,0.51308656,0.29999839488044006,0.4738354191230086,0.7393961218412861,0.940221345148428,,
2003-03-02,86.43398740720005,737.7867304953579,81.3870751312734,2.954718,0.5104383,-0.35572684,0.54371786,-0.008568666766620128,0.48963425978922254,0.41608060943122943,0.9560237030660574,,
2003-03-03,94.86073740719996,652.1130404953581,81.29538695695337,2.4441905,0.54955184,-0.32766616,0.40873265,0.024341330078563626,0.3635871064827104,0.4505635916284166,0.8299761694434407,,
2003-03-04,91.83046740720005,619.483180495358,81.17078765410666,2.367896,0.5448094,-0.22383296,0.35443527,0.11075880104052604,0.3165895269125509,0.5411115222990144,0.7829775971066166,,
2003-03-05,94.49845740720002,627.9018404953579,81.0384592185536,2.8419633,0.49183637,-0.20598578,0.56722146,0.19272181116873752,0.49720245590660295,0.6269920841348204,0.9635895923967184,,
2003-03-06,119.8038274072,601.4124604953581,80.91641218350671,2.5362504,0.56537855,-0.21467113,0.4066611,0.24229431170610477,0.3518741826924882,0.6789339807427581,0.8182607581916423,,
2003-03-07,123.51432740719996,578.6654204953581,80.91960830373472,2.5349267,0.57798725,-0.5627545,0.40256235,-0.017868381568302075,0.34698029557258364,0.40633640005151184,0.8133698465436388,,
2003-03-08,57.41734740719999,549.0648704953583,80.9704360083906,2.929028,0.63330615,-0.22447646,0.5788144,0.07407452730529007,0.5274353362513674,0.5026738656781506,0.9938238268325574,,
2003-03-09,64.97048740719997,544.937630495358,81.0203051130203,2.6707616,0.6485073,-0.007943511,0.5663274,0.27740565981618487,0.5106933529666171,0.7157235312703608,0.9770795328253639,,
2003-03-10,71.6003874072,497.8226804953581,81.03377628301826,2.2636223,0.62333554,-0.352013,0.4700343,-0.023117817784544383,0.4183393772826753,0.40083605872843314,0.8847289890878518,,
2003-03-11,49.32648740719997,504.6097604953581,81.05800589853935,2.3533072,0.6146066,-0.31571126,0.4154005,-0.07804256010652141,0.3823474524634265,0.3432861014743047,0.8487377026641617,,
2003-03-12,38.7789474072,480.9055304953581,81.09020984882326,2.7361388,0.5827674,-0.06513822,0.6005447,0.14389356615653343,0.5574307572381088,0.5758300159220386,1.023818449043545,,
2003-03-13,38.7789474072,447.7668004953581,81.1158525833129,2.509798,0.6148836,-0.06682336,0.49389836,0.13853998989067226,0.45716776334212555,0.5702205570109543,0.923555516198699,,
2003-03-14,52.16947740720001,458.640500495358,81.1098491080342,2.497724,0.6325873,-0.44958866,0.49381918,-0.14857698745433984,0.4480672660430164,0.2693803696091386,0.9144583411310041,,
2003-03-15,46.71256740719996,526.7229104953581,81.15078416244751,3.3570015,0.7427528,-0.13865316,0.78912055,0.1461060024392046,0.727359016211994,0.5781481990961864,1.1937466827968088,,
2003-03-16,182.6378874072,854.4771304953581,81.40585976218354,4.2777777,0.8619728,0.76415443,0.8467718,1.3829100342914629,0.7139764569334428,1.8740672358679022,1.1803509006771375,,
2003-03-17,735.6770474071999,3446.5975304953577,82.46673010594272,4.3261776,1.009659,3.04418,0.86615497,3.2696878907929294,0.7355584901305963,3.851026624282689,1.2019161316043956,,
2003-03-18,885.0147474071999,6045.91083049536,84.67408452170909,4.2178497,0.98846775,4.850386,0.9176164,4.769617124802661,0.8103355913849152,5.422647348426498,1.2766827801528622,,
2003-03-19,340.4781474072,6371.463930495359,87.28665261698151,3.5815496,0.778453,3.3365736,1.1210718,3.3490005538849115,1.0649353300760793,3.9341301615536923,1.531292354408888,,
2003-03-20,536.5224474071996,6826.460430495358,90.06829101351809,3.4448395,0.7200752,3.2156315,1.1819533,3.2323333074898257,1.0970827553708833,3.8118866195879524,1.5634406899969084,,
2003-03-21,38.7789474072,8886.35923049536,98.00891559512621,3.827651,0.72117805,3.5629113,1.0505096,3.564061543194071,1.0459498841828831,4.159470331002615,1.5123052713006335,,
2003-03-22,5522.77831794281,7017.798530495359,99.46379025976921,3.144865,0.7535625,4.894401,0.90566784,4.123918199275699,0.6058037316917012,4.746086221470705,1.0721551048082847,,
2003-03-23,4803.3272720061605,6890.99363049536,99.46379025976921,2.6630502,0.55411327,4.9417768,0.92367625,4.005812226814626,0.5899548449415214,4.622335187251063,1.0563070350086647,,
2003-03-24,3074.564972006161,7465.683115029758,99.46379025976921,2.3782558,0.58920264,4.9751883,0.95441145,4.217669327843385,0.6975177879779971,4.844318333511726,1.1638685239661344,,
2003-03-25,2644.5817381731345,7202.276815029759,99.42318298059786,2.923262,0.6115566,5.506083,1.0061604,4.812411871897647,0.7540403516885784,5.4674875381461,1.2203872799802062,,
2003-03-26,2536.49660583919,7044.56311502976,99.46379025976921,3.0566998,0.6348203,5.156564,0.8939276,4.600644610017351,0.6784150830437242,5.245598525038097,1.1447633207485841,,
2003-03-27,2201.9679720061613,6052.228215029757,99.46379025976921,2.9216914,0.5414347,4.819553,1.0218534,4.313261298214879,0.7630492102663083,4.944479273302173,1.2293993069654157,,
2003-03-28,1753.9755720061612,4768.811115029757,99.46379025976921,3.258795,0.5696165,5.9636583,1.0394309,5.236321322013081,0.7752108312120166,5.911658410915089,1.241555292450106,,
2003-03-29,1921.4745720061608,4764.106709880472,99.46379025976921,3.6504767,0.6318943,7.0697613,0.8938909,6.0870391909073165,0.6623652074941634,6.803037685908912,1.1287053378299754,,
2003-03-30,2317.698372006161,6538.598067553264,99.46379025976921,3.300661,0.5474773,5.2194657,0.80842257,4.717313344890466,0.6138135624126482,5.367843626626028,1.0801610723792825,,
2003-03-31,1803.9031720061607,4909.491067553264,99.46379025976921,2.8123906,0.46836033,3.5575638,0.87025726,3.357334169141735,0.6487411331131042,3.942862095132753,1.1150980930187333,,
2003-04-01,1488.2692720061611,3712.131767553263,99.46379025976921,2.60491,0.4402885,3.0751038,0.8516278,2.9405420071740185,0.620827260526634,3.506148692555711,1.0871875399952238,,
2003-04-02,1342.861972006161,3687.092467553264,99.46379025976921,2.606865,0.5051816,4.584878,1.0129879,4.0568019143368,0.754696362630675,4.675762007537269,1.2210481980402852,,
2003-04-03,1348.928972006161,3649.190767553264,99.46379025976921,3.0546281,0.5420963,6.2534294,1.1106077,5.390113616929005,0.8239620140210322,6.072801451815333,1.2903056310295777,,
2003-04-04,1414.464372006161,3677.040067553264,99.46379025976921,2.8829217,0.48147774,5.9556246,1.0455449,5.102000900442423,0.7668391683853777,5.770917932344744,1.2331843890937042,,
2003-04-05,1605.2518720061612,4732.975567553264,99.46379025976921,2.736628,0.4904768,5.2258267,0.8647909,4.595399560662851,0.6576086188613394,5.240102780253756,1.1239568896486094,,
2003-04-06,1686.4830720061611,4435.330067553264,99.46379025976921,2.5743935,0.49160564,4.197539,0.8791013,3.7503825805105366,0.651159355809822,4.354696876996203,1.117513367266369,,
2003-04-07,1323.4483720061612,3408.8450675532627,99.46379025976921,2.4459763,0.45820734,3.4269264,0.9151904,3.15259071624113,0.671584099532106,3.7283326050639802,1.137942665303178,,
2003-04-08,1231.0819129295198,2674.8189663069725,99.46379025976921,2.6374712,0.50527954,3.9944882,0.8672983,3.566776634348987,0.6149194363500546,4.162315194233661,1.081274803136468,,
2003-04-09,1156.7376883408974,2293.196737026122,99.46379025976921,2.727398,0.53584343,4.618758,0.85628587,3.984598982405727,0.5968622795151727,4.600108022273266,1.0632146180063418,,
2003-04-10,1055.2289439188185,2193.842280495358,99.46379025976921,3.4175236,0.53897583,5.9078593,0.8639259,5.09905147471486,0.6090391694265598,5.767827534149511,1.0753844070429532,,
2003-04-11,1067.8656463195107,2009.1118525320337,99.46379025976921,3.048822,0.575889,5.6420865,0.8970654,4.742093523298912,0.6188980411673974,5.393808212855595,1.0852453985683894,,
2003-04-12,1170.720304259905,2168.6538487048715,99.46379025976921,3.5455768,0.54905796,7.126474,0.9042377,5.871080305335567,0.6179728073841517,6.576756703825352,1.0843139587505317,,
2003-04-13,1083.3648241976,1807.4704304953584,99.34892779616457,3.5465941,0.53517604,8.107139,0.89311415,6.398036230706091,0.5933372540773952,7.12889932111987,1.0596760077691303,,
2003-04-14,410.1371075292579,1549.965360749302,99.46379025976921,3.7569537,0.5995349,9.018515,0.9643727,7.917571488383926,0.7728342502749254,8.721063169843278,1.2391678683462164,,
2003-04-15,404.8150690161233,1435.0095514384927,99.46379025976921,4.5028033,0.5798365,11.116184,1.0388579,9.661047576848206,0.8202613990846261,10.54787145556129,1.2865923780859658,,
2003-04-16,348.09067406379427,1169.6470515396743,99.46379025976921,4.8610277,0.62621033,12.8006935,1.0541122,10.97974410049227,0.8249513044602602,11.929597165296983,1.291282596700496,,
2003-04-17,335.2221385330497,973.8906142208532,99.46379025976921,4.7152777,0.6871487,10.236886,0.95619106,8.82297774481985,0.7327801659108669,9.669744750360383,1.1991119795409793,,
2003-04-18,266.151686503645,817.9279028674389,99.46379025976921,4.1253047,0.6632993,7.982266,0.88704264,7.035345859974768,0.6887924441006406,7.796670172133608,1.1551287223225866,,
2003-04-19,221.5760330250644,749.4591034139858,99.46379025976921,4.6888237,0.6455332,8.106307,0.9209066,7.326487257272552,0.7258722048761214,8.101727133005147,1.1922075068141016,,
2003-04-20,176.83535149137714,644.832568722002,99.46379025976921,5.56565,0.71129495,10.619528,0.9778449,9.531856945649963,0.782517381217801,10.412505953807852,1.248848436505487,,
2003-04-21,141.07877216776353,582.4740368288875,99.46379025976921,5.5439935,0.7345618,11.45431,0.99845064,10.301913180606808,0.8164331548169973,11.21936824449008,1.2827640376196103,,
2003-04-22,260.8635302524011,905.5376163426292,99.46379025976921,5.5164104,0.70047355,11.640855,1.0486381,10.271133780468139,0.829048089465906,11.187117694238898,1.2953789661497468,,
2003-04-23,238.0733686585316,902.1529439240388,99.46379025976921,5.318292,0.63840866,9.772771,1.0529768,8.84269871289853,0.8437168161109474,9.690408313300468,1.3100486008715857,,
2003-04-24,197.4390955404324,790.9898761062839,99.46379025976921,5.645267,0.70609856,9.421352,0.99802274,8.667077772058134,0.811025711724913,9.506393291818055,1.277357769234425,,
2003-04-25,152.270455055311,683.5165005784402,99.46379025976921,6.081919,0.7870521,10.312845,0.9944313,9.542020765097966,0.8258022045789354,10.42315556908219,1.2921332531730905,,
2003-04-26,932.618781758226,2086.5324382213053,99.46379025976921,6.3863564,0.9570826,11.674335,1.0549606,10.040872866910654,0.7867440089594213,10.945851096120922,1.2530748742434636,,
2003-04-27,1076.955265499888,3252.0418152704174,99.46379025976921,6.08792,0.8299314,14.059276,1.1322168,12.076185074705554,0.8752482998247434,13.07844427008169,1.3415813669004946,,
2003-04-28,538.6910145829129,2496.7283413473497,99.46379025976921,6.2249503,0.94676006,13.146076,1.1002795,11.917795068906726,0.9204793371413126,12.912483763434826,1.3868120628579517,,
2003-04-29,500.0088760817423,2138.5201914138133,99.46379025976921,6.239478,0.8990391,12.814115,1.0896397,11.568201979703431,0.8994329891322342,12.546181319591806,1.3657650629717577,,
2003-04-30,338.78353282086,1667.1087364503337,99.46379025976921,6.0203676,0.8340565,11.478873,1.0614665,10.556963412669246,0.8933669139145033,11.4866090057995,1.359697889110931,,
2003-05-01,416.6133576088021,1392.896965720768,99.46379025976921,7.811967,1.2615662,12.190602,1.0635337,11.182485368966878,0.8686695978225145,12.14202877336832,1.3350011146250527,,
2003-05-02,1339.5505298989383,2673.3496482376354,99.46379025976921,8.886803,1.5358661,12.631198,1.0832427,11.38127731667675,0.8852234778944191,12.350322296642444,1.3515552605338013,,
2003-05-03,1229.9080368566856,1885.117486310415,99.46379025976921,8.57476,1.4195076,12.204463,1.0029697,10.771344615939405,0.8261534828871864,11.71123689776049,1.292484593298139,,
2003-05-04,910.0323140375966,1512.4938651103523,99.46379025976921,8.470436,1.5283328,11.8798,0.9720611,10.599057778430968,0.8354337161583922,11.530715338352241,1.3017647137570678,,
2003-05-05,750.3946206674705,1345.2922314674388,99.46379025976921,8.329112,1.5005835,11.288874,0.9486188,10.229083086158385,0.8121088845418764,11.143057120484245,1.2784397546177182,,
2003-05-06,616.1019827728344,1156.3073799459466,99.46379025976921,9.232613,2.093838,11.926894,0.9831929,10.990342927643194,0.9701395272611527,11.940702580155442,1.4364708300763267,,
2003-05-07,488.43288435020486,850.153905587994,99.46379025976921,10.624825,2.4909513,13.137701,0.9954,12.22078512642258,1.1071557324933343,13.22995570998024,1.5734891362638386,,
2003-05-08,367.9223526161874,822.9633974580934,99.46379025976921,9.733299,2.2189965,13.110797,1.0291101,12.067324126971112,0.9877988139945755,13.069159799335175,1.4541318612156557,,
2003-05-09,379.6938012830751,677.2385709086117,99.46379025976921,10.703478,2.4993682,13.161588,1.0019697,12.278533037650059,1.1037992011656237,13.290463773963033,1.5701327460820778,,
2003-05-10,278.0903053081936,540.7342223195768,99.46379025976921,11.157715,2.5970707,14.714842,1.0466658,13.506765509117082,1.120585585846097,14.577401559063514,1.586923036044279,,
2003-05-11,290.7909460634637,643.2721604259767,99.46379025976921,11.285183,2.6396682,16.225756,1.1123905,14.68766494499813,1.1234770405094316,15.814743951276895,1.5898198724125452,,
2003-05-12,708.1802475316313,1085.4680836780062,99.46379025976921,10.7192955,2.3309956,14.78449,1.110413,13.179442457624997,1.139560453451608,14.234433584607984,1.605896694256649,,
2003-05-13,601.5129410320139,1109.284255020543,99.46379025976921,10.601252,2.2971132,12.911891,1.1014384,12.0994747058471,1.0781285530328637,13.10284706598018,1.5444616727217584,,
2003-05-14,546.8563458405062,1037.3792889834306,99.46379025976921,10.935919,2.3680346,12.104733,1.079652,11.701274726874004,1.0807274761872234,12.685614489190703,1.5470597816863583,,
2003-05-15,470.4186387082417,837.785460866577,99.46379025976921,12.1539135,2.807566,12.763546,1.1154994,12.544327530788847,1.2367603126651456,13.568962335300833,1.7030945564088067,,
2003-05-16,432.4974462001833,766.4407670050304,99.46379025976921,11.458185,2.507619,12.718466,1.0466344,12.263840087947292,1.1251379354436586,13.27506855148981,1.5914714440862117,,
2003-05-17,395.99793381684094,684.751068731922,99.46379025976921,11.633743,2.631121,13.056653,1.0897781,12.535283755354525,1.185826121522426,13.55948629831535,1.6521603401602833,,
2003-05-18,353.775982255024,590.3382180661923,99.46379025976921,11.980385,2.7859015,14.917276,1.1505413,13.816772127165281,1.2678078008208051,14.902225433749805,1.734146509418478,,
2003-05-19,311.4012042655603,549.4727083366868,99.46379025976921,12.145128,2.8814058,17.656973,1.2382075,15.663190715710073,1.308032337954799,16.836896519160845,1.7743808185785785,,
2003-05-20,268.90698254031685,498.6656065809046,99.46379025976921,11.987638,2.8319423,19.704248,1.2814208,17.000855514365526,1.295130549293206,18.238497122613666,1.7614885449527822,,
2003-05-21,284.4386200763148,463.5145922567893,99.46379025976921,11.59569,2.6330345,19.722715,1.168975,16.632094320126143,1.2358903413702766,17.852110403836722,1.702245509666502,,
2003-05-22,174.45785107952622,394.2639459024424,99.4425721684531,10.83494,2.4051893,16.716509,1.0506933,14.912312370283496,1.0367747758418386,16.050128755572096,1.5031188120925714,,
2003-05-23,215.36559306948004,382.51454971962175,99.42142722678315,11.09763,2.5462263,15.783655,1.032294,14.095676900654599,1.1302326427131308,15.19446090202364,1.5965725773878672,,
2003-05-24,173.75000515554478,438.5271004953581,99.46379025976921,10.833643,2.4152696,14.75376,1.0547991,13.641322181327624,1.0200523843299445,14.718389580246745,1.486390367229001,,
2003-05-25,246.29082918563412,540.2148296958951,99.46379025976921,11.509245,2.7900374,15.851296,1.0980116,14.491601864866352,1.1541704062873765,15.60930972612293,1.6205122342542857,,
2003-05-26,434.9257820693853,672.9311666687543,99.46379025976921,11.6651325,2.5589714,17.564793,1.0921229,15.24868648739054,1.2038702557428267,16.40258040563946,1.6702162032280936,,
2003-05-27,411.2529024059966,754.1005799518634,99.46379025976921,12.337612,2.933652,15.9381075,1.1021461,14.667493740764026,1.25716656696976,15.793608632432214,1.7235092935578311,,
2003-05-28,428.548953339137,720.3278459851717,99.46379025976921,12.909712,3.0361283,17.75409,1.1176023,15.947061033536356,1.33177182111283,17.13433486781709,1.7981221499019666,,
2003-05-29,415.73944052597847,778.9800586793087,99.46379025976921,13.1340275,3.1667886,18.1295,1.1395332,16.39117113589979,1.3290631221590796,17.599671914959053,1.7954165272405704,,
2003-05-30,348.6302220061611,761.3502175532633,99.46379025976921,13.048258,3.2137697,19.287466,1.1651851,17.327813004997346,1.287493592229104,18.58108206364942,1.7538542248002942,,
2003-05-31,609.7883720061611,792.1385675532633,99.46379025976921,13.55953,3.2060902,21.01298,1.1001449,17.77099409772889,1.5268075168207724,19.045445697674754,1.993171918801042,,
2003-06-01,1902.5936720061623,1699.1332675532635,100.0,13.210636,3.0626895,17.568604,1.0278026,15.266529734665347,1.6889459440744694,16.421276499139914,2.155291996557003,1.3762467363810543e-12,4859.999999999998
2003-06-02,1343.3327720061625,1826.904667553264,100.0,14.859793,3.4475327,16.014109,1.7431056,15.52498742562203,1.772862064432068,16.692087584230908,2.2392096786254547,1.4229793089653404e-12,4859.999999999996
2003-06-03,998.8454020061625,1443.8698375532636,100.0,14.552153,3.3386838,15.882738,1.1526537,15.33865128457979,1.5257825373743927,16.49684521260508,1.9921290179611273,1.417559852505046e-12,4859.9999999999945
2003-06-04,889.4711720061624,1347.5522675532636,100.0,13.900436,3.1250083,14.37227,1.7331955,14.184662273340466,1.622950442596653,15.287699471342611,2.0892907871756123,1.4188905913050368e-12,4859.999999999993
2003-06-05,785.4861720061625,1265.0920675532634,100.0,14.6013565,3.408995,14.325733,1.1823701,14.431312334914697,1.495765127059729,15.546138562729034,1.9621066551537079,1.436515761739905e-12,4859.999999999991
2003-06-06,606.9731138307194,876.9609061168762,99.99999999999999,14.698591,3.5481942,15.476602,1.1498448,15.158372239017442,1.602521002630158,16.30794944491794,2.0688664242536943,1.4255666005665541e-12,4859.999999999989
2003-06-07,587.3413011007492,634.8368748788753,99.99999999999999,14.059032,3.2388384,16.947021,1.1251286,15.559142633225216,1.6625894562363273,16.72787529400379,2.128937282524957,1.3978917613600872e-12,4859.999999999987
2003-06-08,501.12856613916705,754.4434356143842,99.99999999999999,14.145842,3.4609046,15.548049,1.0599775,14.988394751686371,1.5210954091622797,16.129847614731418,1.9874398663788682,1.4118800521474674e-12,4859.999999999985
2003-06-09,518.3043241352707,755.3669511844166,99.99999999999999,14.3524685,3.4766448,17.742464,1.1300713,16.36294848775433,1.5654917606867935,17.57010032070654,2.0318449635621105,1.3901715284594034e-12,4859.999999999984
2003-06-10,464.5867054633915,730.1835095145391,99.99999999999999,13.922293,3.4083853,18.351274,1.1459707,16.629063785402685,1.4990197792992386,17.848935019912847,1.9653749250040276,1.3719683503470044e-12,4859.999999999982
2003-06-11,511.62475986262905,798.4816063542719,99.99999999999999,14.193617,3.495094,21.525448,1.2038482,18.66220989745489,1.5496200648663356,19.979258566158848,2.015992726905132,3.31959130338434e-07,4859.999999668023
2003-06-12,515.3872651011196,1039.6641688369582,99.99999999965311,14.239157,3.4493122,19.18411,1.1121058,17.545215476687073,1.3637184708562937,18.808875630332743,1.8300809244456029,1.6854758739731287e-11,4859.999999668005
2003-06-13,909.758302006167,1346.7953375532634,99.9999999996531,15.103401,3.7145762,18.983145,1.1442893,17.418976789076858,1.6459552488765807,18.676603164980126,2.1123166384784615,5.8183817713172016e-12,4859.999999668
2003-06-14,2769.3687720061625,7107.039667553263,99.99999999965308,15.789099,3.9364567,13.720549,1.2798582,14.300575074863982,1.4375556264752154,15.40915250855086,1.90389651857924,1.4733980360651517e-12,4859.999999667998
2003-06-15,1380.5117720061626,4135.040167553263,99.99999999965308,16.110064,3.9440422,13.986781,1.234181,14.518226826107895,1.3530103552563326,15.637207269498942,1.819352316975937,1.477925613918822e-12,4859.999999667996
2003-06-16,983.9722841976014,2498.950863018071,99.94664020377132,15.510477,3.698142,14.094669,1.1932847,14.494653924325473,1.350767832035884,15.612507663591254,1.8171096752939242,1.4620190830595506e-12,4859.999999667994
2003-06-17,486.2364990903007,1837.8743283130016,99.99999999965308,14.261324,3.4116416,13.847299,1.1925596,13.933918508451626,1.1827167747117686,15.024971011616767,1.6490559874534567,1.434852969564702e-12,4859.999999667993
2003-06-18,969.4736841976015,1727.066830495358,99.7165255070145,14.655722,3.4147818,14.42945,1.2017024,14.51080033891007,1.4490075356164922,15.629425821599236,1.9153494599469911,1.4366438898222272e-12,4859.999999667991
2003-06-19,387.78947370360123,1153.119490495358,99.96546609998377,14.263073,3.4821339,14.03457,1.2155792,14.092075503638586,1.2631033036113513,15.19068737054102,1.729443221887212,1.4321576914798625e-12,4859.999999667989
2003-06-20,849.3428686214188,1364.835310495358,99.99999999965307,13.871176,3.0974982,15.637229,1.2858349,14.959783625101378,1.4282781673835976,16.099868974097905,1.894622465517379,1.4036794042339088e-12,4859.999999667987
2003-06-21,2396.4108824166165,2847.223581155957,99.99999999965307,14.498188,3.5254428,14.943402,1.1177441,14.73993343057713,1.7216953782766127,15.869510691795693,2.188038485241745,1.4275846597601816e-12,4859.999999667985
2003-06-22,2045.373705150946,3902.8326556838806,99.99999999965307,15.511538,3.8006299,13.151466,1.1512965,13.96300975693384,1.5095119881748125,15.055452722332971,1.9758513285446455,1.471834419014133e-12,4859.9999996679835
2003-06-23,1352.0431841976015,2518.0763514800888,99.96047482604105,16.312822,4.046846,14.510667,1.1049777,15.140257750299941,1.586086667406527,16.288969145561026,2.0524319846802044,1.4709098844257796e-12,4859.999999667982
2003-06-24,712.720010368207,2045.8203619092983,99.99999999965307,15.097544,3.7184014,15.9919,1.1100173,15.760826814449715,1.2651783510151287,16.939199289667936,1.7315274569107018,1.4250011225415392e-12,4859.99999966798
2003-06-25,1047.9497241976057,1494.358190495358,99.65408709473671,15.797567,3.8914669,18.548637,1.0872656,17.4146350709242,1.726703356438081,18.67205392754119,2.193064709770483,5.6923394083142815e-12,4859.999999667974
2003-06-26,392.1303737044644,1000.415430495358,99.77245316070004,13.832043,3.410733,19.589987,1.0805496,17.968593258716332,1.234925657993692,19.252489423098453,1.701291813019447,8.645486919379239e-10,4859.9999996671095
2003-06-27,387.7894739242393,811.401930495358,99.78121580641616,13.234251,3.1430354,21.183046,1.0749869,18.61259833441701,1.2498348795729795,19.927275739996404,1.716207057924437,2.2063940389254556e-07,4859.99999944647
2003-06-28,387.78947375650426,688.3800304953577,99.64873078478364,12.512674,2.92299,21.775972,1.0570296,18.438013563448322,1.2516206005837207,19.744346413763594,1.717991099201637,5.2904350950718046e-08,4859.999999393565
2003-06-29,387.7894762155251,634.2239704953577,99.46958589301175,11.873966,2.7391,22.838245,1.0389254,18.67799476895825,1.2230448251697383,19.995797900562184,1.6894176416931388,2.5119251551947277e-06,4859.99999688164
2003-06-30,387.7894742278191,603.2141104953578,99.2322284314588,11.093849,2.5035348,23.624317,1.0527287,18.72102149252641,1.1706133493762108,20.040881154437407,1.6369865884436425,5.242191675483596e-07,4859.999996357421
2003-07-01,387.78947395971613,549.4974304953583,98.91134822994466,10.145596,2.2575626,24.622906,1.1062309,18.63311917531693,1.1371148173606984,19.94877740694435,1.6034871954385408,2.5611617117435197e-07,4859.9999961013045
2003-07-02,388.06227598877445,521.8327804953578,98.59066695071257,9.599932,2.0259125,25.84532,1.1560893,18.91680397161905,1.0891096891995582,20.24602136678175,1.5554848776803722,2.2851746752818293e-06,4859.99999381613
2003-07-03,397.6429116339265,516.674400495358,98.25952961299384,9.189428,1.787377,27.36951,1.3141327,19.462867331043864,1.0750474879724183,20.818184688162855,1.5414283452279494,0.00010793032656982047,4859.999885885803
2003-07-04,400.3878256982659,496.151240495358,98.01149850523315,9.018442,1.6989055,29.707552,1.6447402,20.467946007354687,1.1849635827804326,21.871302689511758,1.6513557652157673,0.035731994665887834,4859.964153891137
2003-07-05,399.7841208221415,365.65253049535767,97.79358139691307,8.937373,1.6607294,33.283127,2.9192457,20.567449171961616,1.642285265550202,21.975561765252344,2.108678632015219,0.05776711854162022,4859.906386772595
2003-07-06,388.9520241591163,378.4512704953579,97.55371095704197,8.85413,1.6328623,34.04166,4.542434,21.275568416057396,2.388126660467409,22.71752668863136,2.8545287800617776,1.1625504555166344,4858.743836317079
2003-07-07,174.25325432271876,284.92037049535804,97.25467201213685,8.578133,1.6215924,29.786797,4.888294,21.73825346606693,3.095015297167583,23.202326502421627,3.5614234457162737,35.29535963111886,4823.44847668596
2003-07-08,173.0390100749492,280.3527304953576,97.07099774229317,8.838633,1.6118625,29.645632,2.664183,21.704546359708445,1.7584989476840822,23.167008311601187,2.224906648751627,34.08111538334931,4789.36736130261
2003-07-09,148.24041711209694,337.12850049535746,96.87739738695811,8.073153,1.5925591,27.68401,2.6936522,21.69450029911939,1.933153137644852,23.156482083656716,2.399560705596435,8.508552420497033,4780.858808882113
2003-07-10,138.96359505950568,312.38581049535804,96.64970023612096,8.263193,1.5538144,25.366667,1.690825,20.100768226082657,1.2642537927573463,21.486575065429378,1.7306417039490933,0.0057003679057603465,4780.853108514208
2003-07-11,138.9578946934416,1022.6504704953584,96.87899180076273,8.360636,1.5058936,19.364923,1.05853,18.048530878807256,0.9491546210206119,19.33624778817664,1.415521497915855,1.8417029732777102e-09,4780.853108512366
2003-07-12,138.9578946917829,449.2242704953581,97.02454012080673,8.161673,1.3838018,20.775572,1.0518984,17.795541171509996,0.8673581784124312,19.07116603767262,1.3337227957387894,1.8322842636693686e-10,4780.853108512183
2003-07-13,387.78947370379234,538.1653604953576,96.8906384757327,8.105677,1.2872118,24.788387,1.0834394,17.801675481722878,0.8289316045627232,19.077593546944588,1.2952962758116495,1.9234857518414573e-10,4780.853108511991
2003-07-14,387.78947370364995,370.08483049535823,96.70814302403838,8.245034,1.1994061,27.510513,1.3954333,17.652744075693793,0.9170457406284223,18.921543728803854,1.3834091148819347,5.0030068117040675e-11,4780.853108511941
2003-07-15,387.78947370704503,320.8015404953579,96.47426907852581,8.235461,1.0971401,30.066313,1.8264085,18.118977493026364,1.0218781718467755,19.410061509745717,1.4882456909610617,3.445118878091487e-09,4780.853108508496
2003-07-16,342.71021041494333,254.8959941320776,96.08704703464954,8.163488,0.9851855,32.507057,2.5641782,18.546710856745868,1.2310020143925908,19.858239066117655,1.6973735547257651,1.329342983653658e-07,4780.8531083755615
2003-07-17,215.04509676400673,358.3782706701827,95.80611524861288,7.984494,0.89456815,27.333399,1.768422,20.077177150354615,1.1550229667111127,21.461856416923595,1.621410608746659,0.004948915813122593,4780.848159459749
2003-07-18,138.9578951490689,715.9809404953579,95.60315172704328,7.59873,0.827539,20.856295,1.0345801,18.701469997582013,0.8768022769129413,20.02039516486811,1.3431753237124626,4.574694402275328e-07,4780.848159002279
2003-07-19,138.95789471374897,502.4868704953578,95.44687552666602,7.843272,0.79898477,21.233807,1.0486075,18.332979336476054,0.8394822613513845,19.634291909783595,1.3058517661946811,2.214908005957387e-08,4780.84815898013
2003-07-20,252.1081647708013,463.4732422018825,95.15507352018011,7.8090615,0.7667878,24.72924,1.1258237,18.768052485480524,0.7776162034965411,20.090160068087318,1.2439899068535205,7.700994146060207e-07,4780.848158210031
2003-07-21,152.54370743903658,517.4105976246587,95.07833487272866,7.849316,0.7291946,23.385298,1.1439844,19.84786809914807,0.8989729144052054,21.221587176923155,1.3653579733524182,0.0013181357790264983,4780.846840074252
2003-07-22,138.95789618865075,806.5665304953573,95.48325086250298,7.803454,0.63760376,20.756487,1.0779523,18.852859487594035,0.9242944184599579,20.17902055500362,1.3906689654233206,1.4970505156250525e-06,4780.846838577202
2003-07-23,138.9579165259282,535.8088304953579,95.55829575259182,7.6930757,0.59564,22.206667,1.1523206,19.2178142564949,0.9232029766062837,20.56141891432248,1.3895812477532596,2.18343283035406e-05,4780.846816742874
2003-07-24,138.95789487322287,471.037770495358,95.5928057310194,7.6648903,0.65730625,21.807095,1.0942135,18.585479982537954,0.8581149696391884,19.898861223596974,1.324486884790264,1.816234217879692e-07,4780.84681656125
2003-07-25,138.95792029137831,408.8950204953582,95.54140548976186,7.7560544,0.72734445,23.14326,1.1041979,19.240434407631515,0.84452448995547,20.585120231360307,1.3109029969422104,2.5599778328095442e-05,4780.846790961472
2003-07-26,387.789475730229,356.6581604953583,95.45258695192996,7.859012,0.7199857,30.889555,1.7951641,18.89273787009601,0.9382649373334405,20.22080498787176,1.4046398838244962,2.0266282625051637e-06,4780.846788934844
2003-07-27,387.79031764290215,334.8552504953582,95.33045056112115,7.777369,0.68934864,33.66757,2.4443746,19.77421715306217,1.19153723125714,21.144415967377515,1.6579214733077798,0.000843939301866983,4780.845944995542
2003-07-28,387.7896368749275,346.825920495358,95.12425010677431,7.7779737,0.69919324,32.637596,2.2331274,19.51467234110495,1.1170408328859585,20.872465800618293,1.5834222456453249,0.0001631713271112586,4780.845781824215
2003-07-29,324.4863923547001,319.3941102549636,94.7296519551875,7.829161,0.7250174,31.038225,1.9199332,19.34191596909902,1.0200571157543217,20.691452264568596,1.4864366879972801,5.1113724217229044e-05,4780.845730710491
2003-07-30,240.8093579995133,445.31048768569576,94.44781051197934,7.9248776,0.739744,26.649323,1.2911972,20.077552904968446,0.877319158383561,21.462250131323515,1.3437068047011944,0.004953550869135227,4780.840777159622
2003-07-31,250.2300994411634,451.0662560529357,94.09817952061914,7.971101,0.73852736,26.264286,1.2064357,19.737080353741504,0.8194899521736352,21.105504155995117,1.2858737846750423,0.0006687033172890351,4780.840108456305
2003-08-01,222.94103139974578,536.419214036694,93.89906659282549,7.7769647,0.66320837,24.428318,1.0664957,19.539637171060697,0.7781374914970474,20.898623864107922,1.2445191730493619,0.00019267298536615788,4780.839915783319
2003-08-02,345.0410081792033,317.6638895170326,94.08473212476373,7.6979823,0.659915,29.52291,1.4758784,18.159639040672474,0.786475828056482,19.45266654037476,1.2528437204405212,4.9958227524246974e-09,4780.839915778323
2003-08-03,139.12719899267992,261.7398019195095,94.24143608369424,8.094545,0.74182194,26.118658,1.2710238,19.863106202534148,0.8689141606780008,21.237553609562237,1.3352993894123937,0.0014575255881613693,4780.838458252735
2003-08-04,138.9578946916052,77.47846094796991,94.78247212028926,7.9666004,0.7128595,30.527676,5.238702,16.042865514502566,1.9303564797386996,17.234718475482246,2.3967074530719152,4.98576895450315e-12,4780.838458252731
2003-08-05,387.8818055770255,440.11378999999954,94.96202871185405,8.130095,0.7341596,31.68404,8.860543,20.649987504738604,4.722284506009613,22.062045148192897,5.188678863222118,0.09233187342538475,4780.746126379305
2003-08-06,387.7897030878285,832.8577659452787,95.18650765566294,8.012171,0.70175916,24.94488,1.0207539,19.56549665397715,0.731281279794738,20.925719341911563,1.1976632405239913,0.00022938422776116774,4780.745896995077
2003-08-07,387.78970597176516,878.5131463777187,95.31279195938714,7.992621,0.747988,24.677004,1.0206531,19.567616376179153,0.7442189209579585,20.927940379588915,1.2106009046054722,0.00023226816573945796,4780.745664726911
2003-08-08,387.7895315707398,942.0762569647673,95.34911092949636,8.008945,0.74111193,24.029799,1.0045636,19.358109717503446,0.7437227453351667,20.708420018791195,1.210102488654039,5.786713902205226e-05,4780.745606859772
2003-08-09,387.7896522229387,1058.5139880896315,95.23191848304675,7.961783,0.73091155,23.764502,1.0564425,19.527403223472096,0.7976341304252953,20.885805175644244,1.2640156801673084,0.00017851933792706318,4780.745428340434
2003-08-10,387.79038927987585,870.6578811342993,95.29330129315584,7.952973,0.7332883,25.057905,1.0860158,19.787026358223475,0.7846028056590723,21.157837408759452,1.2509871893369684,0.000915576275141616,4780.744512764159
2003-08-11,387.789482445527,603.6665352189256,95.49425606437724,8.237795,0.84849817,26.062424,1.0565963,19.090653435261252,0.723886672820605,20.428180240511388,1.1902636290662965,8.74192663120472e-06,4780.744504022232
2003-08-12,387.7894741348552,504.90318654569234,96.22841610640147,8.103577,0.86277544,26.825573,1.1273131,18.69265844658313,0.7396000938365839,20.01116245185226,1.2059730541268738,4.3125484228710615e-07,4780.744503590977
2003-08-13,539.2867704068886,728.6541512818244,96.55484761832483,8.293377,0.8614681,27.886581,1.1640908,19.553104840828578,0.7627437293372196,20.91273524245378,1.2291255561900245,0.0002102474070147263,4780.74429334357
2003-08-14,612.7405567935268,876.8051189156841,96.55800153953167,8.219904,0.8089544,29.510077,1.3415806,20.75213615769441,0.8569565330374885,22.169076157582285,1.3233521271742152,0.14763252186253314,4780.596660821707
2003-08-15,614.191561610574,855.6207906323268,96.24591526878747,8.112806,0.7782232,31.197147,1.5979364,21.550876907634922,0.9854112142490518,23.005993985011294,1.4518168917255263,3.247761833711205,4777.348898987995
2003-08-16,535.5040123475288,772.4196762428049,95.89214104035638,7.9686656,0.7705408,29.303751,1.4668386,20.56851366042468,0.9219290201858135,21.976677132625174,1.3883223993788212,0.0633458454309702,4777.285553142564
2003-08-17,470.4118461242729,683.4850285138272,95.68552465096981,7.9058967,0.7941396,26.856234,1.4364372,19.130705278519972,0.9103540479463359,20.470146424967496,1.3767314163518263,1.180281702541567e-05,4777.2855413397465
2003-08-18,420.29650725703937,613.6241001480269,95.45604364549712,7.8696723,0.8171725,25.812622,1.5900918,18.518677965709127,1.000465883873099,19.828866298715,1.4668371542564047,1.0540207734113973e-07,4777.285541234344
2003-08-19,387.7894738110041,509.2190641126801,95.26055027307989,7.99595,0.80201036,26.535418,1.7708441,18.520543697123227,1.0633951611815116,19.83082120571301,1.5297664495034404,1.0740371073134376e-07,4777.28554112694
2003-08-20,387.78947370686234,330.05787763479964,95.14128460317586,8.00729,0.78728914,29.985048,2.4872627,18.11240803119269,1.2201379281795433,19.403178050092972,1.6865053871641007,3.261635899528695e-09,4777.285541123679
2003-08-21,387.7894737036442,251.420860495358,94.97606188457439,8.047695,0.77547956,32.42635,3.3821442,17.636561232855634,1.4110389541307153,18.904587401396313,1.8774021889808628,4.3843653961497873e-11,4777.285541123635
2003-08-22,387.7894737036375,252.90163049535803,94.72862385781602,8.064795,0.76411295,32.26431,3.9882836,17.617130457157348,1.6408341946040523,18.884227901040433,2.107197262467932,3.7123330520436076e-11,4777.285541123598
2003-08-23,387.78947370360567,267.50112049535807,94.4637390580784,7.953468,0.79678464,28.810709,2.904959,16.467759716505032,1.2761609258176332,17.679921167912262,1.7425148842216933,5.281035039220017e-12,4777.285541123592
2003-08-24,387.7894737036057,256.2387304953562,94.23836565323664,7.9023647,0.82502717,26.64622,2.5314212,15.35995968734996,1.1230242467528246,16.519172084188536,1.5893708549619132,5.359178808366195e-12,4777.285541123587
2003-08-25,387.7894737036058,266.2338804953563,93.94166289526294,7.9094586,0.8607038,25.440992,2.9560115,15.04603598243655,1.3070536106159467,16.190243899274765,1.7733983911707465,5.384008713078956e-12,4777.285541123581
2003-08-26,387.7894737036057,276.78164049535803,93.57200782658838,8.057839,0.8694041,26.514292,4.811808,15.744612194092618,2.0672448356000253,16.922209665884676,2.533593836900541,5.359512324133842e-12,4777.285541123576
2003-08-27,387.78947370360567,288.51245049535794,93.19992144571022,8.0996,0.8343808,27.66139,5.036157,16.444718936056486,2.201065794628165,17.655779116919245,2.667419585866105,5.310880755561227e-12,4777.2855411235705
2003-08-28,387.7894737036057,310.792360495358,92.80881659675498,8.037025,0.8396858,25.9802,2.6242452,16.01977169812818,1.2571099365661138,17.21052085362743,1.7234607535708202,5.3334198734087525e-12,4777.285541123565
2003-08-29,387.7894737036057,317.446260495358,92.40141010255431,7.9888473,0.7825945,25.2055,1.9865798,15.738542365416967,0.9923716884147072,16.915849720147,1.4587206506381483,5.347150338603092e-12,4777.28554112356
2003-08-30,387.78947370360567,387.1412804953581,92.03934903762438,7.9066796,0.91051245,24.219007,2.1670508,16.056021312814536,1.174593206463419,17.248503075982683,1.6409442691246119,5.305133030573173e-12,4777.285541123554
2003-08-31,387.7894737036058,339.173670495358,91.66719775142995,8.087795,1.0164815,23.360117,2.4121768,15.213286349745731,1.2492429002688612,16.365488262424545,1.715588640522447,0.0,4777.285541123549
2003-09-01,443.0316237035997,348.1638204953585,91.41603979759363,9.053003,1.6492294,22.801401,4.2634325,15.102955631138482,2.091085204982205,16.249884112614563,2.557430308556328,,
2003-09-02,1311.3741737036012,3569.19073049536,93.09222710852616,11.205648,2.3229141,19.73139,1.6029676,17.44058196068813,1.3280666266313952,18.699240989940833,1.7944281970372673,,
2003-09-03,387.7894737036004,1443.9952217421396,93.99137182984545,10.940643,2.4365172,15.9454565,1.1202016,14.885935765611524,1.022666535154239,16.022491439360717,1.4890104270079223,,
2003-09-04,676.7775725794332,3543.4289653154924,96.43244895146239,12.919167,3.0630863,17.271927,1.2681348,16.57389219046319,1.1726147597012746,17.79112641132991,1.6389694959597836,,
2003-09-05,1229.2573671687062,2854.6270150297573,97.20245622486807,14.619316,3.3202305,21.151861,1.317851,19.18555205312651,1.359174799735963,20.527614687915907,1.8255527355265497,,
2003-09-06,1510.2509745184957,2440.237315029758,97.05290900978322,15.326082,3.5531282,20.43567,1.3985775,18.482301893750083,1.6097925296394378,19.790751574861694,2.076163451069645,,
2003-09-07,1533.6127574278607,2111.876415029758,96.51598887629777,15.850935,3.777549,23.012146,1.6388725,19.999512012056048,1.8511762154853983,21.38047915049935,2.3175629759166347,,
2003-09-08,1452.435194041707,1925.5250550297576,95.71435975566075,15.864439,3.7725446,23.374598,1.6521833,20.14542438862019,1.8756757781651654,21.53336563988675,2.3420642005919894,,
2003-09-09,1282.337099773434,1839.059715029758,94.79341330944827,15.609169,3.6499,21.579268,1.5785482,19.126622341897228,1.7644714947629299,20.465868337931006,2.2308488210683564,,
2003-09-10,816.1186221001353,1355.7161438614407,94.0885562524718,15.099085,3.4931872,19.2979,1.4847757,17.72009476963567,1.6068821118759946,18.992113555689322,2.0732460695233152,,
2003-09-11,515.2179800350586,1015.4148665543332,93.65558867970171,14.177862,3.36678,17.935072,1.3594903,16.670378039910684,1.4483424008216266,17.892223954560617,1.9146978554122167,,
2003-09-12,387.7894737036007,444.2572604953584,93.480492028846,13.332352,3.1089456,18.562798,1.3151808,16.125059659053157,1.6101690662112678,17.32084121917573,2.076520600888181,,
2003-09-13,387.7894737036007,450.85701049535845,93.34761109280451,13.454248,3.0763917,17.722681,1.3213888,15.74896116552885,1.5900331862962283,16.926766503289347,2.056382215620987,,
2003-09-14,389.3341537036003,493.4908904953581,93.13218982743969,13.285267,3.2775505,17.631065,1.39784,15.714527330526703,1.6431139504660461,16.89068684868027,2.1094627584957353,,
2003-09-15,939.6818737036,628.8498704953574,93.16631588948006,13.494545,3.0865972,23.153471,2.3077066,17.36696541243587,2.0676731419775924,18.622105822327693,2.534034098508867,,
2003-09-16,933.8344337036004,774.6645104953581,93.24776343211593,13.836153,3.1932266,22.198826,2.2413025,17.627941054335164,2.0196630154926605,18.89555520780917,2.4860261762085174,,
2003-09-17,645.0832937036004,901.3851732954208,93.20436682637151,13.547209,3.1785479,17.707582,1.1254168,15.972152609649234,1.4792720956435566,17.1606257354969,1.9456225922267874,,
2003-09-18,602.4490037036004,943.319391478992,93.08985571696981,13.713778,3.187094,16.250355,0.9724614,15.261747141913512,1.3766263806768084,16.416265314803017,1.8429724049808105,,
2003-09-19,617.8162871545869,891.8923407872376,92.91986644039272,13.685528,3.2178304,16.070621,1.0022067,15.09457240381404,1.4438113397004604,16.241100195680644,1.9101563954670457,,
2003-09-20,623.6224900689298,870.117794863173,92.618629604003,13.644333,3.2915409,16.602324,1.1331,15.367390317078485,1.5244819902238307,16.526957872617746,1.9908286430592823,,
2003-09-21,550.4975437036004,837.8113457277557,92.27638873442017,13.226265,3.105184,16.138063,1.0740633,14.98346597654085,1.3914652464289519,16.124683260982117,1.857809676173951,,
2003-09-22,539.3866737036003,751.2540533790649,91.95589763116287,13.408489,3.1539376,15.483321,1.0112985,14.616204038446176,1.4435715825419826,15.739867457668646,1.9099140434394397,,
2003-09-23,1707.5581737036002,5134.125641428923,93.143790531266,14.087362,3.2513068,13.594316,1.1855576,13.71737091242135,1.2041511276796033,14.798073180727169,1.6704894208096293,,
2003-09-24,1140.6641521978097,3282.474823826497,93.55184602741159,14.254755,3.2337751,14.442731,1.4904063,14.39425461723023,1.3852125351965787,15.507309612814721,1.8515538810328207,,
2003-09-25,1046.661210272109,2520.071431437243,93.3814199436344,14.733816,3.389718,14.820044,1.1565647,14.794740043311885,1.2873330564339653,15.926936873272135,1.7536764551737938,,
2003-09-26,923.8594385932278,2161.3171997432555,93.33570971446036,14.942894,3.497684,14.941317,1.0575957,14.9417889519368,1.2829438583119217,16.081014217067775,1.7492880568717883,,
2003-09-27,857.0120028711074,1800.9432133902935,93.18308449934548,15.060635,3.6718125,15.838635,1.2229551,15.587782440478698,1.4450897564005112,16.757883986143707,1.911437761563531,,
2003-09-28,706.1163916704027,1349.5642647016423,93.79856734191154,14.2390175,3.1939466,14.962993,1.0117536,14.714310684745877,1.2825091052076034,15.842663266300681,1.748852076943051,,
2003-09-29,935.949532822156,2027.2757150297573,93.99069778300064,14.023565,3.020728,14.15163,0.93059826,14.111180395570447,1.1470270990689218,15.210705411000419,1.6133671045078333,,
2003-09-30,1047.0525415309753,2144.4881750297577,93.81568839850803,13.892492,2.935751,13.0746975,0.9693369,13.34299240271313,1.1626927075662072,14.405800658003809,1.6290295373380306,,
2003-10-01,851.5513906141774,1934.5520650297583,93.72219505724702,13.635784,2.772265,11.99812,0.7908056,12.498659840489935,1.0096865898660738,13.521111885512823,1.4760207077912784,,
2003-10-02,784.9539549306182,1862.1532339035305,93.61917129771867,12.922918,2.5538929,10.471841,0.77863836,11.198665580616307,0.9346384899361743,12.158982343825304,1.400970026686137,,
2003-10-03,794.8373402645557,1684.945498066461,93.30099888077241,12.773678,2.5459273,9.226216,0.7992637,10.363273492149974,0.9802308655593193,11.283661369175277,1.446561763793322,,
2003-10-04,728.8424965766098,2195.875915399453,93.21519180007816,12.4954815,2.4236066,9.231937,0.6862298,10.045215571274996,0.7938678068075725,10.950401366909087,1.2601986717455356,,
2003-10-05,740.9997670932034,2167.0179833767024,93.0651918498836,12.638567,2.4191802,8.9680605,0.71254575,9.903352048823521,0.8135940812761594,10.801757253020623,1.2799249686766212,,
2003-10-06,630.593542220613,1549.3084126022568,93.04881495766057,12.718761,2.5644271,8.727166,0.69892037,9.881839299442024,0.8927810740686194,10.779216267756347,1.3591119668853884,,
2003-10-07,614.6020003724498,1342.009551125876,92.94728565245869,12.879608,2.7883933,9.251541,0.73493135,10.391173194033264,1.010572165061951,11.31289458143823,1.4769030717365894,,
2003-10-08,625.5206012300259,1268.7553101609392,92.75581120659011,13.553564,3.1803186,9.920545,0.6944487,11.120226516130444,1.1485866009800387,12.076794160187546,1.6149180438209216,,
2003-10-09,600.701236814928,1199.7461086801,92.42295112568715,14.234304,3.579599,11.453157,0.7961702,12.381059287067199,1.3068337803604262,13.397890427633861,1.7731675852661861,,
2003-10-10,538.5259445178353,1148.0290613090754,92.04038560917176,14.286634,3.5959616,12.797816,0.9765324,13.273203801838353,1.3267397973400965,14.332676400567616,1.7930763720511633,,
2003-10-11,492.1736473188576,1092.8754391584157,91.66377298523277,13.96545,3.4499612,13.217863,0.97567755,13.449996411759006,1.2649598356299911,14.517919092907173,1.7312970672943586,,
2003-10-12,415.6813937338766,973.279992103392,91.33932458373415,13.546011,3.325624,13.2186575,0.93986136,13.316626199668526,1.1934436848195509,14.37817424058203,1.6597804175744435,,
2003-10-13,387.7894737036004,871.5631719868991,91.05181028623461,12.990297,3.0700147,12.954483,0.8990393,12.965511240160755,1.131726722196144,14.010277186236234,1.5980622387855838,,
2003-10-14,387.7894737035994,789.4007580273611,90.78154761229905,11.982538,2.770438,13.105991,0.9798844,12.73590393818972,1.1245773531472967,13.76969544010428,1.5909121506926172,,
2003-10-15,1388.1984237036004,2374.024589981328,91.10897442583989,13.046295,2.5641356,12.777211,0.8517499,12.876498751704093,1.0881279209869201,13.917010205105314,1.5544631516657428,,
2003-10-16,602.4069737036012,1788.7720533755491,90.97884861370838,13.022734,2.5637786,11.651555,0.78183645,11.996994510981054,0.8713470657632543,12.995468668110558,1.337679958582259,,
2003-10-17,571.0530276045314,1560.5045209017117,90.75991029632756,12.723528,2.6224368,10.553574,0.7564179,11.134913283513015,0.894569415538608,12.092182904846801,1.360900875427365,,
2003-10-18,529.2604983242916,1451.9728257090153,90.51972432877513,12.373611,2.403169,9.3929615,0.71483433,10.189203044015768,0.828599866829371,11.101270948650315,1.2949307325069108,,
2003-10-19,520.498002626331,1597.7615971985474,90.36340291592605,12.111118,2.318243,8.288365,0.67551184,9.227690872862226,0.7642665330078158,10.093801782480567,1.2305978432858893,,
2003-10-20,438.9198379036149,1491.9561219671482,90.15853172503382,12.031109,2.5178776,7.6506763,0.68716985,8.646420570247884,0.78071367991207,9.484748746374386,1.247045771822082,,
2003-10-21,454.2497734092425,1377.108415428992,89.89862310160916,12.67523,2.9381135,8.031893,0.56425035,9.183625357488248,0.8432850495291411,10.04763008610214,1.309616405524117,,
2003-10-22,427.8145726408847,1305.177209782892,89.6317182124792,11.90624,2.2237275,8.798264,0.70656663,9.565513474756221,0.7645457644730926,10.4477711499563,1.2308767980479651,,
2003-10-23,387.7894737036004,1131.22457253379,89.47509599258674,11.626926,2.140922,6.828059,0.67869854,8.053163204178142,0.7444373465264166,8.863135706155365,1.2107706346750915,,
2003-10-24,387.7894737036004,995.7959603908204,89.30541035412166,11.477779,2.255546,5.691166,0.68138003,7.3130302011686075,0.8000932536966858,8.087626875620078,1.266428598623211,,
2003-10-25,387.7894737036004,897.9665448493834,89.10177186654323,11.20174,2.3767827,5.592499,0.68907994,7.284269824649305,0.8634076381675723,8.057491851415582,1.3297430756634379,,
2003-10-26,388.2108737036004,861.9604397750513,88.89196939313723,11.626415,2.8071084,6.705823,0.7665093,8.233795486044148,1.019375623084384,9.052401593634,1.4857085043834315,,
2003-10-27,1771.1225737035998,1536.069717758028,89.74569994917293,12.870924,2.931403,9.841276,3.1307614,11.463763518859725,2.1398551323760073,12.43675105732479,2.6061870385896815,,
2003-10-28,906.1318646908668,5260.535687753372,91.41295680112206,12.086817,2.4785779,10.601118,1.1568197,10.819427072630555,1.0518981034895925,11.761617531519821,1.5182292514442923,,
2003-10-29,1275.0670901405847,7092.139815029757,94.21736441017701,12.034437,2.4867845,9.889793,0.8832578,10.216612696569872,0.8391065089900628,11.129990688901296,1.3054373774950896,,
2003-10-30,1869.3784120732323,6065.476315029759,96.33203458774537,12.698305,2.4890864,9.192,1.0951974,10.018053368545708,1.022125447171954,10.921940903738685,1.4884563146290026,,
2003-10-31,2483.755483430792,5578.298015029757,96.04153227695681,14.053843,3.0075052,9.535683,1.2110012,10.927636272324257,1.2492402580002882,11.874998761064237,1.715571500118792,,
2003-11-01,2442.275646868194,3956.3782150297575,95.19212655609786,14.8401165,3.3115222,9.912931,1.0184574,11.793568266182797,1.4121450200568544,12.782319344188775,1.87847749812025,,
2003-11-02,2237.8641444236964,3230.064015029757,94.2114876089531,14.219982,2.9945793,9.738409,0.86042047,11.572586717980721,1.326810198291263,12.550775633370273,1.7931422794412617,,
2003-11-03,1998.41243331148,2939.209615029758,93.25954637456928,15.128456,3.4342806,10.720714,0.8709791,12.504666969725845,1.4835102921451768,13.527406134991866,1.9498444264842971,,
2003-11-04,1621.4073383490777,2690.453315029758,92.52453700534996,14.461884,3.1656525,11.112029,0.90713155,12.3716891285668,1.3181103540542853,13.388072407587428,1.784444134699715,,
2003-11-05,1268.3145169203472,2857.522315029758,92.17229545926625,13.82951,2.9144278,11.362078,0.7930228,12.120585618342943,1.05087341573456,13.12496700792928,1.5172065836507431,,
2003-11-06,722.0331610532373,2860.1738150297583,92.3757459811363,13.119049,2.6206944,11.368112,0.8207695,11.721032287199026,0.8417183650382131,12.706316393361421,1.3080507066591207,,
2003-11-07,479.30502375700377,2491.4886750297583,92.62506575827935,11.4907875,2.229561,10.217949,0.79702806,10.423307478889688,0.7590798167394737,11.346564775265232,1.2254107342391172,,
2003-11-08,587.191990167916,2296.4759650297574,92.66161822373533,9.719194,1.7554387,6.5578375,0.6147759,7.20157438449152,0.606195513805116,7.970843851898476,1.0725312227388384,,
2003-11-09,713.3123749885979,1796.2644657676774,92.48922559670275,9.071764,1.6296597,3.4931993,0.8203441,5.07882889782821,0.7478860419197086,5.7466383872151,1.2142313957333042,,
2003-11-10,800.2426584567759,1500.1387342828011,92.17933170787376,8.980192,1.6166246,2.5809126,1.0070624,4.807054972768563,0.8646209923593516,5.46187459755029,1.3309679531418275,,
2003-11-11,849.5523810405718,1386.7916577211786,91.83147139468736,8.690798,1.5539166,3.2166705,1.3267871,5.296206485690906,1.0126206529946393,5.974405880709521,1.4789647822824559,,
2003-11-12,851.0241134554517,1324.4068857082843,91.5701503485511,9.837687,1.888563,4.6644883,1.1218345,6.688232775069754,1.0061229794021052,7.432966268316855,1.4724605482934225,,
2003-11-13,827.727924497925,1483.167353224874,91.3792096086103,8.613203,1.5633166,6.7175775,1.2666895,7.396562027356193,0.9871617998914974,8.175151237560167,1.4534968813231792,,
2003-11-14,747.7046779727275,1269.3171552655176,91.21788145647011,7.9066443,1.3699276,3.6515875,1.2473142,5.228925849880953,0.9348891527319697,5.903909460495202,1.4012336552485338,,
2003-11-15,669.5073765552694,1222.0677567231205,91.0677981876054,8.223886,1.376756,2.2386215,1.5499468,4.3570561948479964,1.113627656101715,4.990367416288989,1.5799774634049564,,
2003-11-16,623.4730785483555,1193.2340895083407,90.84662335207005,8.114738,1.357082,2.095345,1.5374739,4.161131861206544,1.1120551685061395,4.785078569233305,1.5784062875172733,,
2003-11-17,586.5660940991445,1235.6029327647636,90.5679213046216,8.664919,1.4649594,3.6992016,1.141545,5.29769292429975,0.9064099902969112,5.975963366002732,1.3727541113973956,,
2003-11-18,552.7279130695692,1204.218802759624,90.31374080226492,8.907978,1.6124051,4.9946823,0.8529224,6.225788395844575,0.7739907187661526,6.948418628551742,1.2403302212546377,,
2003-11-19,1049.8840256708131,2397.378668631693,90.64185825076424,10.0585,1.6767613,5.1374407,1.1229616,6.636178181455565,0.9330998059840439,7.378423643067634,1.399437580312304,,
2003-11-20,656.2281810393984,6581.931511895922,94.22102065947368,8.915415,1.4256998,6.2818794,1.248096,6.520641791286027,1.1422774936694504,7.257365008389385,1.6086157350427355,,
2003-11-21,1660.9777722384345,5854.745515029758,94.97229640710523,9.886421,1.5294923,7.0555296,1.1145353,7.6811577420741095,0.9317010914686938,8.473349654599817,1.3980353350785655,,
2003-11-22,1888.453889747712,4555.5936150297575,94.85489596532001,9.925428,1.5379561,6.869812,1.0102626,7.765272610327584,0.8445220323283303,8.561484926023514,1.310856046048496,,
2003-11-23,1876.8717815658,3442.2190150297592,94.37836630014704,9.961536,1.5443101,6.464363,0.9075236,7.698360815145422,0.801159226343393,8.491374975758175,1.267493422278213,,
2003-11-24,1776.8127156324044,2970.800515029758,93.755048788847,10.067715,1.481042,6.234278,0.76510596,7.668956716814799,0.7324246052372634,8.460565462040229,1.198758882865127,,
2003-11-25,1644.4824503152472,2924.4633150297577,93.35203066397047,8.809235,1.2338595,5.1468077,0.805186,6.465010414020438,0.6803221634322874,7.199074641456851,1.1466606351356463,,
2003-11-26,1569.0358859926257,2631.199755029758,92.73242646100492,8.866317,1.2121956,4.3455315,0.81758064,6.034311576117094,0.6836416924718479,6.747789871372052,1.149982067176367,,
2003-11-27,1354.7600513226378,2424.069875029755,92.12395848494884,9.15663,1.2360971,4.7130766,0.80599284,6.306148565679114,0.680964115999022,7.032619739806873,1.1473032649226582,,
2003-11-28,765.4140097074561,2466.6802835754997,91.99214140974205,9.639637,1.2151225,6.2907405,0.7632084,7.083815217428809,0.6496733062144933,7.847456199189741,1.1160094151777857,,
2003-11-29,634.4314079318597,4543.092166355357,93.0462109458014,8.060974,1.0484753,6.0214825,0.709528,6.271392978457078,0.6357033216093129,6.996202954321655,1.1020426225425233,,
2003-11-30,864.5752529041595,2967.701269824596,93.16216701607348,8.158675,1.0763352,5.319369,0.6662434,5.959926480387874,0.5702231770676859,6.669849422339704,1.0365639019206156,,
2003-12-01,961.4293683429086,2779.857707455748,93.12831920471861,7.931216,1.0217094,4.516218,0.62358934,5.39379825278392,0.5325604155835435,6.076662200668816,0.9989040126974065,,
2003-12-02,1037.3908179687503,2657.421818179057,92.85558325033983,7.27877,0.95289314,2.1607614,0.9271355,3.597742244119441,0.7184941565451384,4.194760854300501,1.184849292049046,,
2003-12-03,1017.9153506581634,2347.304937011204,92.42909739927777,7.0705194,0.9401983,0.62450016,1.2229764,2.574298809606347,0.899206277774283,3.1224003220840455,1.3655696381823264,,
2003-12-04,986.0106797017668,2105.4768408019045,91.94365649920361,7.1231914,0.9388334,0.29118598,1.2403451,2.4702115170974706,0.8962449799396931,3.0133380127978544,1.3626092439503152,,
2003-12-05,936.4635326080246,2007.003127673136,91.41098219766295,7.226626,0.8934994,0.89064586,1.1384972,2.9064370874778116,0.826695332538451,3.470413674279861,1.2930558924302584,,
2003-12-06,808.8364365828904,1721.680733350291,90.99550187484641,6.789843,0.82981735,0.759432,1.6110178,2.686949544495153,1.1277188638330364,3.2404353770232635,1.5940812602577124,,
2003-12-07,551.1258817429257,1289.6295378490086,90.76499388420312,6.459179,0.8201166,0.5226811,1.0350529,2.300080522650854,0.7655999655942441,2.8350753383804004,1.2319657332206284,,
2003-12-08,472.2455598369779,1174.790703971877,90.60064565871654,6.426851,0.824015,0.33056343,1.059252,2.078518043110789,0.7916184810952939,2.602922929691768,1.257986256508309,,
2003-12-09,431.93553867773335,1098.973241941537,90.42053763150027,6.5277796,0.830584,0.8436209,0.96919346,2.44736775159084,0.734148481212972,2.989402393387513,1.2005129451927734,,
2003-12-10,419.97575928468177,1104.4990453748762,90.21949697077275,6.5682607,0.8352727,1.7230189,0.94498074,3.057828808295715,0.7222840507464708,3.629041401846152,1.1886433759924677,,
2003-12-11,2222.9108071181004,5952.401132081777,91.94974828244344,6.691302,0.696563,1.5012392,1.8802519,2.9124448229354556,1.3820408493894023,3.4767085589559645,1.848401359786878,,
2003-12-12,1279.9412573907523,7193.754091104239,93.31911103001796,6.078609,0.75042635,2.697496,1.1889141,3.208208904199238,1.01567494869788,3.7866091522852217,1.482033073496043,,
2003-12-13,1645.6671438810483,5415.076015029759,93.08274903493108,6.1387544,0.7142632,1.8846893,0.8524388,2.8761961599238903,0.6746215344457618,3.438727333762302,1.1409823441022344,,
2003-12-14,1477.9073167866477,4179.5621150297575,92.72267633810071,5.7798734,0.6329747,1.6609932,1.0298746,2.736973069132621,0.7785999454155091,3.2928498551415375,1.2449619184279306,,
2003-12-15,1335.2596889741233,3657.8029150297593,92.30934755716456,5.5175805,0.6885502,1.2996668,0.75856286,2.4276338327429627,0.5854180045186169,2.968725260675734,1.051782641725112,,
2003-12-16,1245.011241128246,3162.780115029756,91.84445607686695,5.6973825,0.6964386,1.0084479,0.70652425,2.332869975881558,0.5437889410876796,2.8694320153903936,1.0101544163464027,,
2003-12-17,1142.221268093428,3557.514915029758,91.87564354177051,5.832273,0.63050157,2.1461568,0.6595315,3.0420284235251174,0.5222273360265468,3.612485812694433,0.988586788904531,,
2003-12-18,1178.2339423993851,3475.3358121734946,92.15493510875777,5.5558662,0.66952133,2.0136504,0.6153469,2.910501466179073,0.48981589788045515,3.4746723163896593,0.956176424283631,,
2003-12-19,1018.0501643914904,2701.885080997177,92.20974253573235,5.4433026,0.64682114,1.2267827,0.673882,2.3807352477999464,0.5204848784762214,2.919585083687234,0.9868499291508381,,
2003-12-20,845.8246309344195,2252.2903346526514,92.29493818993477,5.315471,0.6262555,1.0116187,0.7491238,2.1866249682252326,0.5708114273798813,2.7161969962816452,1.0371782161212748,,
2003-12-21,901.4336182832212,1860.8161696747832,92.19010219591486,5.1796308,0.5902899,0.6054319,0.95677924,2.0981776576400972,0.6727144886695957,2.6235222065925465,1.1390820836588071,,
2003-12-22,921.9955437564404,1767.7417723714393,92.00455436754466,5.291576,0.63255566,1.062656,0.7554878,2.5122568092637723,0.5417994194971012,3.0573929262050643,1.0081633170126434,,
2003-12-23,927.7694151643482,2052.509014588006,91.86919765578062,5.5505357,0.65852875,2.5222092,0.48993433,3.4649360913625475,0.39481080499103166,4.05560702141695,0.8611669401592725,,
2003-12-24,954.3163294969836,3902.595336781685,94.58878338463033,5.8931713,0.577944,4.41254,0.6376702,4.703463651571997,0.5248098741177525,5.353331965309745,0.9911574696595769,,
2003-12-25,1693.6649982263589,5152.417015029759,98.09949704584224,5.738741,0.61373776,3.7770114,0.7595332,4.2623273209854435,0.5914518920791898,4.891110826070262,1.0578023281080544,,
2003-12-26,2615.41127221962,5139.390415029759,98.04938440194103,5.92884,0.60026497,3.067449,0.8604138,4.03249175339952,0.6050987799291412,4.650289904007315,1.0714507840566176,,
2003-12-27,2594.2160853565365,4095.833715029758,97.25808511944325,6.1348877,0.5864119,2.1776402,0.9328491,3.712151214267239,0.6147208470169664,4.314638182133864,1.081075137509206,,
2003-12-28,2366.204789960468,3291.6261150297573,96.29771007455892,6.004686,0.5367352,2.164938,0.94624126,3.770788349138914,0.5945124826189411,4.3760779716113865,1.060866345826,,
2003-12-29,2117.9433914416745,2883.009815029757,95.36206016585156,5.721707,0.4630017,2.6998372,0.9241268,3.979623002768786,0.5676915783087773,4.594894207819216,1.0340439516902091,,
2003-12-30,1887.477012368008,3113.0118150297576,94.64233724263099,5.6247683,0.41366094,2.9757686,0.959361,3.9756560161656256,0.617314921099258,4.5907376128168895,1.0836673223164444,,
2003-12-31,1709.189397812872,2832.5831150297577,93.96470809382852,5.5654182,0.41506636,2.5466406,1.0227973,3.6826866757790495,0.6567376062285104,4.283765339425425,1.1230921129113531,,
2004-01-01,1152.1000073389991,2613.2400150297576,93.68072972685272,5.4396467,0.5828145,3.234119,1.0148557,3.908955356735084,0.7265593615816537,4.520848889870366,1.1929122335227071,,
2004-01-02,594.4874976002222,2434.584771812405,93.42385944637452,5.347879,0.6013519,3.4804049,0.95514214,3.846916410295414,0.7767045657694451,4.455844693860409,1.2430578801024081,,
2004-01-03,531.1029380828139,2617.298232664403,93.37133720294209,5.533314,0.58906025,4.170602,1.0767612,4.40047742647686,0.9006212813526786,5.035864034361657,1.366970803894725,,
2004-01-04,624.9237722857686,3118.5436667408244,93.60741714553275,5.7328305,0.5974776,4.444121,1.1786767,4.659254393993908,0.9869645620325325,5.30700965634121,1.453312432204503,,
2004-01-05,1339.2681620104718,3785.462085339524,93.78987796728616,5.83952,0.65886784,3.9647894,0.97993857,4.454720931608909,0.74404434778718,5.092700193616872,1.2103935176236993,,
2004-01-06,1052.0794727917507,3614.613148661052,93.69324786670416,5.3021255,0.61069447,1.4911047,0.83773243,2.350277804049332,0.6633158486416654,2.8876718782389035,1.1296811691828426,,
2004-01-07,1111.1591477929087,2953.5670569574163,93.28296234406615,5.0936923,0.5725088,0.22598743,0.7000878,1.5566538853931873,0.532237631048885,2.0561154491386455,0.9986103573859724,,
2004-01-08,1051.0112485178906,2591.372620923176,92.77860616326885,5.130472,0.60542184,-0.34754694,0.74857545,1.2331375614766296,0.5604935356632088,1.717136150824106,1.026869487566013,,
2004-01-09,1017.5641581107116,2061.871154672951,92.1398038730702,4.766947,0.58452725,-1.0395566,0.5669911,0.8791359815034584,0.42594609449063964,1.3462145054220815,0.8923257130308202,,
2004-01-10,901.0873573931972,1600.103168562909,91.5402539986219,4.2824106,0.6154683,-1.374056,0.56082314,0.6637618058686772,0.4217664577233713,1.1205461804117467,0.8881483771501077,,
2004-01-11,742.1273627176063,1477.3048197845228,91.115282271187,4.040229,0.6600533,-1.3245891,0.6308367,0.4692833031578351,0.4743700304315968,0.9167722700628307,0.94075407308108,,
2004-01-12,630.0475096647845,1456.5509726334908,90.81942798720102,4.164771,0.6334561,-1.1473776,0.89749074,0.4566233902916083,0.6550414997528626,0.9035072566373454,1.1214256821163753,,
2004-01-13,479.665044526616,1304.4956561979145,90.59504029652003,3.9728327,0.64375114,-0.6185039,0.8287795,0.6158600377892685,0.6301960557858702,1.070354871562145,1.0965784941670114,,
2004-01-14,417.44536370360026,1206.2768470255332,90.38408682041363,3.2771668,0.7065071,-0.9754108,0.52163416,0.11789123548287041,0.42798215794832256,0.5485848627266954,0.8943701465861994,,
2004-01-15,387.7894737035998,1194.445670980694,90.03304759019825,2.8102696,0.7693894,-0.8137101,0.43399796,0.07448985612590525,0.3780205401069823,0.5031090457966606,0.8444090259200584,,
2004-01-16,387.7894737035997,1107.700451132297,89.69635744015348,2.6628058,0.7815277,-0.79767644,0.40786874,0.09964727857201035,0.36378148035097513,0.529468907039343,0.8301696777162064,,
2004-01-17,387.7894737036007,1019.8502152099496,89.37102658784832,2.6705542,0.68811184,-1.0430187,0.59346753,-0.01996963564736975,0.46990758391734155,0.40413471321024247,0.9362971592354101,,
2004-01-18,387.7894737036004,957.553726439434,89.0927072026938,3.0887897,0.59838873,-1.0821246,0.9034487,0.12012377081989982,0.6657645267578585,0.5509241056212945,1.1321524898796476,,
2004-01-19,387.7894737036004,895.6409154331641,88.79694856359767,3.0916872,0.5927401,-0.7338568,0.8992257,0.42203424823257435,0.6525810481525632,0.8672648718249567,1.1189656131740677,,
2004-01-20,387.7894737036004,807.6501897980351,88.53021727411193,2.95403,0.60336024,-1.219026,0.7795173,0.13467446547070983,0.5618428354702518,0.5661702737373518,1.028230632428883,,
2004-01-21,387.7894737036004,694.2390903682092,88.3548964929984,2.8396385,0.5958175,-1.390457,0.7406128,0.12557180685041908,0.5209578473548688,0.5566325391508931,0.9873457482338981,,
2004-01-22,387.7894737036004,631.2112904953581,88.11615717207752,2.9479232,0.5584554,-1.4125069,0.8867834,0.24689211383138399,0.5889896201969367,0.6837515420928253,1.0553761438071005,,
2004-01-23,387.7894737036004,635.850730495358,87.89175053785281,2.7999458,0.58547693,-1.3931421,0.81197226,0.19534119008889747,0.5509840217879686,0.6297366604134652,1.0173711285653737,,
2004-01-24,387.7894737036004,625.0964304953579,87.61346780293329,2.6670856,0.6000153,-1.3673874,0.7096288,0.17723491586974638,0.4945353729936707,0.6107649681798408,0.9609226853184205,,
2004-01-25,387.7894737036004,611.4002104953579,87.32245360198715,2.485052,0.6148268,-1.3101484,0.5553305,0.16278397373764134,0.41521689316705757,0.5956233204118956,0.8816043698117956,,
2004-01-26,387.7894737036004,595.764670495358,87.01828059011046,2.4418745,0.5906856,-1.4169978,0.7389293,0.10445383992782929,0.5045536914282975,0.5345052055975621,0.9709418337651997,,
2004-01-27,387.7894737036004,599.489070495358,86.70983309741345,2.3676813,0.597178,-1.5472552,0.8752751,-0.009521816506156083,0.5809388255213193,0.41508190239232307,1.0473282798314414,,
2004-01-28,387.7894737036004,617.6695104953579,86.3924180862526,2.6491787,0.52376425,-1.6633049,0.8739292,-4.884154707632823e-05,0.5736157147118393,0.4250076531727019,1.040005059412662,,
2004-01-29,387.7894737036004,590.0189204953581,86.06607997317153,2.5576627,0.5256422,-1.4854797,0.7731041,0.11799197728164962,0.5109581878738284,0.5486904196390876,0.9773461753601845,,
2004-01-30,387.7894737036004,603.5272904953581,85.73533402462895,2.4832008,0.5394636,-1.2866985,0.6106998,0.18803423689183343,0.4275172701918362,0.6220804598311515,0.893904459874648,,
2004-01-31,387.7894737036004,571.0508304953581,85.39355335027068,2.6647856,0.49799165,-1.5145813,0.7897442,0.17570485052443752,0.5116513032632982,0.6091617709412929,0.9780386329749418,,
2004-02-01,387.7894737036004,576.4035104953581,85.04124755405128,2.774434,0.46888468,-1.5118316,0.82561827,0.21206467329844153,0.5283621087801498,0.647259468954058,0.9947490260410199,,
2004-02-02,54.93684209879939,406.154570495358,84.7212612151324,2.8235905,0.47559208,-0.5985335,0.64230347,-0.19080375900194907,0.5686065812170861,0.22513530272655105,1.034998152861482,,
2004-02-03,54.93684209879939,405.753520495358,84.55282506500045,2.9253926,0.51573247,-0.4648484,0.80098057,-0.06056571583956162,0.7081401215957315,0.3615982791556217,1.1745301682872833,,
2004-02-04,54.93684209879939,397.8404104953581,84.3813183092555,2.986156,0.5034527,-0.71469295,0.6879577,-0.2656576850702855,0.6075643091687601,0.14670361486749384,1.0739567660514433,,
2004-02-05,54.93684209879939,391.7239904953579,84.2042992551127,2.8418627,0.4911732,-0.5252861,0.55719066,-0.1111451776020055,0.492379355487778,0.3086012920181736,0.9587699921092316,,
2004-02-06,65.53779209879937,381.3883804953581,84.05697299665664,3.0045962,0.50633794,-0.40300477,1.1767098,0.09668994810147231,1.0068970346326005,0.5263702262814418,1.4732852658682087,,
2004-02-07,84.2858920987994,386.4497604953579,83.91072368616177,3.0190587,0.47646415,-0.23953259,1.866852,0.34392284353717406,1.5349621026714366,0.7854200089955956,2.0013475368683147,,
2004-02-08,77.91838209879941,356.6208004953579,83.75790530772011,2.6563916,0.50194097,-0.5558487,0.41424644,0.02014668180610868,0.35167914141411605,0.4461684535072261,0.8180682527803858,,
2004-02-09,74.01648209879937,335.6348004953581,83.60027343003968,2.8899732,0.4806473,-0.879943,0.5038392,-0.198788223569256,0.4218407550841259,0.21676920804645358,0.8882324208492591,,
2004-02-10,79.28995209879938,334.6540504953581,83.43807157301605,3.116338,0.48478055,-0.82381666,0.7262837,-0.0690897538605597,0.5944631744552327,0.3526668212551862,1.0608533203613528,,
2004-02-11,85.14616209879938,326.218180495358,83.2690359087546,2.8979392,0.47620228,-0.68765247,0.69414943,0.05451047124811078,0.5592260459572743,0.4821747146178182,1.0256147613638325,,
2004-02-12,78.67369209879939,339.484250495358,83.09501686930847,2.891203,0.46332863,-0.68902147,0.62399554,-0.015425577735210451,0.5140402176457954,0.40889596155751806,0.9804297403186812,,
2004-02-13,85.38124209879757,312.605760495358,82.88004139636107,3.057841,0.47965947,-0.8731462,0.79311323,-0.029820713590119282,0.6314061364680343,0.39381278741605485,1.0977958259968335,,
2004-02-14,75.6859620987994,309.324540495358,82.66309524431472,2.968699,0.49865574,-0.48212564,0.83343947,0.1962428189017754,0.676737915441463,0.6306813840015347,1.1431250119931304,,
2004-02-15,71.23491209879938,317.76795049535804,82.44293961036291,2.5644147,0.51977074,-0.58337533,0.49919876,-0.006946288032066178,0.4187454522280672,0.4177805323234708,0.8851348767272718,,
2004-02-16,65.8831620987994,314.05537049535803,82.22378865366369,2.3728762,0.5457408,-0.64227283,0.39548168,-0.11943154622267174,0.34032536002704666,0.2999188633029736,0.8067160935748143,,
2004-02-17,64.32469209879937,318.052590495358,82.00441954962324,2.5800676,0.5242472,-0.5946282,0.44991097,-0.06057103540390646,0.3844766890701819,0.3615927053342852,0.8508667358236242,,
2004-02-18,59.262822098799376,322.55928049535805,81.7861515035365,2.8694792,0.51563126,-0.5739459,0.5724704,-0.039489950553189726,0.4901942583373616,0.38368139397878265,0.9565840600765778,,
2004-02-19,55.49886209879938,325.81019049535803,81.56862657266394,2.9319358,0.5112736,-0.5155095,0.67498875,-0.01373988875540869,0.5815262228208207,0.4106622207083148,1.0479157259701604,,
2004-02-20,61.50756441440171,320.8044653451753,81.35164638877612,2.9454684,0.49372208,-0.45372283,0.73355454,0.09314976979728788,0.6206419051576036,0.5226608395558114,1.0870301769521091,,
2004-02-21,62.67489209879941,345.23345049535806,81.13988452435063,3.187821,0.4765709,-0.55660427,0.8932721,0.018724599342644,0.7595591842870136,0.44467840036315354,1.2259483120684433,,
2004-02-22,67.2269020987994,351.112520495358,80.92981683126929,2.9754143,0.5105674,-0.08957994,0.8689745,0.4029628494850407,0.7339313930556174,0.8472819254096062,1.2003161696481355,,
2004-02-23,56.61560209879937,363.550250495358,80.71954201484972,2.8688798,0.51473284,-0.13829052,0.81435615,0.26691317592321273,0.7080303672310462,0.7047295425140665,1.174416665173142,,
2004-02-24,63.22114209879939,350.46611049535795,80.50814367110368,2.9039707,0.4925051,-0.35210073,0.76331556,0.145503569991033,0.6510284630639587,0.5775169724363045,1.1174161365156352,,
2004-02-25,72.82393209879939,357.205890495358,80.2982817350386,2.7860122,0.52029675,-0.5786594,0.6121708,-0.008864944301020035,0.5160791674112352,0.4157701708434593,0.9824686141175513,,
2004-02-26,78.02321209879938,377.5023904953581,80.12831407811738,2.8779802,0.54675734,-0.4562596,0.632137,0.11483475126380119,0.5321683872657706,0.5453822890100233,0.9985564108460516,,
2004-02-27,81.16847209879941,371.11475049535807,79.96151325167567,2.9664783,0.58411175,-0.35083187,0.728582,0.24450527670369773,0.606948837812891,0.6812506223094302,1.073335388356945,,
2004-02-28,69.64414740720147,366.953540495358,79.81130541763267,3.1058364,0.6455033,-0.18189919,0.8372369,0.3425459635898591,0.7111780962662201,0.7839773188934277,1.177563545846735,,
2004-02-29,72.76550740720148,388.37362049535807,79.66992327938527,3.5832834,0.7537507,0.12318528,0.86781967,0.6691719047495288,0.7404962518710053,1.126214863525605,1.20687811285113,,
2004-03-01,96.54835740720148,423.281010495358,79.53752474896653,3.9761014,0.80380267,0.6215309,0.8643394,1.2445781678072663,0.7194644674306458,1.729123579029591,1.1858403032255267,,
2004-03-02,130.1994474072015,625.8395104953581,79.55940625547541,4.132766,0.81959695,1.3910435,0.87497956,1.8632027031506972,0.7379214728018696,2.377316252500253,1.2042912531731678,,
2004-03-03,274.45114740719976,1093.5035304953578,79.94646975866961,4.004942,0.7924403,2.7800395,0.873642,3.025790283325319,0.7162327153324409,3.5954715449003896,1.1825922996759717,,
2004-03-04,119.80754740720324,2650.72373049536,80.59348048717086,3.957811,0.7901201,2.4995856,0.9107584,2.562644443530593,0.8720435923068084,3.110188917148328,1.3384070532727954,,
2004-03-05,206.74744740720308,5600.160430495357,82.27699100668573,4.3289256,0.797568,3.2116077,1.1862792,3.2513883544396505,1.144395595087536,3.831852432645559,1.6107533799735083,,
2004-03-06,38.778947407203134,5816.555530495357,86.27715116047435,3.9974492,0.81706923,3.4259257,1.6597589,3.429710840270342,1.648775460778016,4.018698123734034,2.115131864479761,,
2004-03-07,54.93684209879922,5333.88543049536,89.29677652357167,3.3663943,0.7473433,3.390142,1.2937913,3.3898998660342508,1.2806243002650577,3.9769843210164653,1.746981009166865,,
2004-03-08,54.93684209880064,4550.174230495359,91.18493130603235,3.4851415,0.7075247,3.3636055,1.2737479,3.365055367650894,1.2585810066944862,3.9509523405370532,1.7249379069784108,,
2004-03-09,54.93684209879865,3138.939830495355,92.44384168960997,3.5921648,0.62311,3.1105328,0.91435164,3.1188171571482433,0.8986881003355912,3.69294478529559,1.3650469356090913,,
2004-03-10,54.93684209880047,1965.0141304953595,93.29241072963525,3.44971,0.6304383,3.21601,0.72586447,3.22236605435708,0.7063312047286335,3.801442965826811,1.1726892178456108,,
2004-03-11,54.936842098800525,1607.8653304953605,93.96889258934794,3.5753627,0.72805667,3.3638382,0.76442397,3.3708266923932797,0.7395596820166414,3.9569995148738384,1.2059165377799608,,
2004-03-12,54.93684209880058,1393.7764704953588,94.54931387875804,3.6181853,0.63505197,3.0371308,0.7347841,3.0591650724644155,0.7073303385990768,3.6304415348743255,1.1736896530641228,,
2004-03-13,54.93684209880058,1137.5983104953584,94.91639938969375,3.319649,0.56613654,2.2665014,0.6133042,2.3150170622961315,0.5856319511297634,2.8507257935627157,1.051997585421797,,
2004-03-14,54.936842098800525,1000.643870495358,95.13266390353392,3.3076518,0.5608685,1.9120791,0.5434371,1.984710543227078,0.5159807053604473,2.504631751978512,0.9823493477665539,,
2004-03-15,54.936842098800525,938.3124304953584,95.34775579459459,3.5426934,0.6347309,2.5697432,0.8199712,2.623557253344011,0.7754135707325482,3.1740131510508034,1.241776507837103,,
2004-03-16,54.93684209880036,822.8222704953572,95.62209058152187,3.0378752,0.63068306,2.5524707,0.89261204,2.5828509894414835,0.8376761340166327,3.1313612668811373,1.304039420732287,,
2004-03-17,54.93684209880036,836.9750304953573,95.72894187121295,3.149089,0.52941614,1.2065011,0.56155735,1.3261538094106462,0.5279764924814697,1.8145982574492316,0.9943515047232296,,
2004-03-18,54.93684209879984,748.8236504953582,95.79688793576607,3.143023,0.48751608,0.9461856,0.47902662,1.0963389141850945,0.44752749739073816,1.573798995814818,0.9139048492235604,,
2004-03-19,54.9368420987999,665.341560495358,95.78463010991346,2.9940603,0.55341834,1.2613144,0.61849016,1.3934738276433591,0.5728740339996705,1.8851359424314982,1.0392483723378398,,
2004-03-20,54.93684209880024,714.7029604953588,95.81865228340038,2.9366326,0.5853207,1.3945817,0.6553591,1.504653178698642,0.6100120608514915,2.0016292864196243,1.0763852975807067,,
2004-03-21,55.879222098800085,1428.340390495358,96.15939333880054,2.9895306,0.53218985,1.6994185,0.5211852,1.747989831260275,0.5019632275300899,2.256596599168969,0.968334102505306,,
2004-03-22,54.936842098800014,909.8229304953576,96.36270175337168,2.8217034,0.52452886,1.0581013,0.5128059,1.1585270551565219,0.48452640105691513,1.638959517345154,0.9509031138341925,,
2004-03-23,70.40270209879975,803.9675504953583,96.46985924711107,2.9061098,0.51629096,1.1080605,0.5143009,1.2528361402910289,0.4747139862979692,1.7377762543696107,0.941089738377704,,
2004-03-24,54.93684209879967,912.581910495358,96.67003576292645,3.2968457,0.68615836,2.0383825,0.82902664,2.1098395338728766,0.7829235619305528,2.635741480645123,1.2492910501031076,,
2004-03-25,54.93684209879956,1222.4807304953583,96.97317091929598,3.3824215,0.6923309,3.5053344,0.8858489,3.500048364451811,0.8482746088930218,4.09239754113458,1.3146304778011983,,
2004-03-26,54.93684209880007,1299.6270304953578,97.35973756432435,3.699232,0.6624045,5.2030234,0.8636027,5.142034396076567,0.8290131002251042,5.812864892222541,1.295358092418839,,
2004-03-27,54.9368420988,2088.1230304953583,98.23058497548853,4.618313,0.6709678,7.848594,0.9051938,7.765786676453271,0.8821570636620151,8.562023562752762,1.3484910760020945,,
2004-03-28,54.9368420988,1551.159930495358,99.29101451831417,5.194897,0.7055401,6.9802356,0.8374879,6.9191677409014805,0.8092013760855903,7.674939136103649,1.275538070949259,,
2004-03-29,414.31654670504565,1182.640030495358,99.91356900848855,4.997713,0.6791074,7.0369353,0.8112577,6.507876788529593,0.626086053955521,7.243989882136172,1.0924243478667113,,
2004-03-30,969.4736841976,1082.178630495358,99.83274234381057,4.9262757,0.5819188,8.4447565,0.799907,6.782157782959959,0.5036189008626292,7.531380570517634,0.9699561069135265,,
2004-03-31,687.3043307541918,953.454230495358,99.91356900848855,4.9062624,0.561433,8.277291,0.8399192,6.865186667232673,0.541787839813982,7.618377951638542,1.0081247335191463,,
2004-04-01,969.4736841976,939.443730495358,99.73406191718932,5.5833554,0.6001194,8.55983,0.9884214,7.048180507548455,0.5740304230708599,7.8101182719882685,1.0403666562116984,,
2004-04-02,787.6584115712008,880.3516755139284,99.91356900848855,5.434094,0.5619784,8.83678,2.2932637,7.22998237610935,1.2391022300079018,8.000609648407776,1.7054378448138616,,
2004-04-03,969.4736841976,1365.3710926532858,99.8510441455202,5.165303,0.5526659,9.48641,1.0854043,7.692201173411104,0.6749320947108768,8.484920924204637,1.1412663076770735,,
2004-04-04,606.7779693483984,1526.7935962812303,99.91356900848855,4.9233694,0.596634,6.6953735,0.8894656,6.19142368717184,0.6587341879788013,6.912411404274329,1.125073843918038,,
2004-04-05,969.4736841976,1080.215591578091,99.67742889285552,4.647703,0.62494016,4.8449073,0.8124507,4.751632561494592,0.5202925738805191,5.403803184469457,0.9866398727391312,,
2004-04-06,419.3146813453382,1245.613167553263,99.91356900848855,4.6549816,0.63396937,4.277414,0.8360178,4.372504877668002,0.6455232384468336,5.00655449333911,1.1118729441888142,,
2004-04-07,969.4736841976,1004.8402435540484,99.53610720192553,5.397386,0.5963659,4.6398377,0.8288987,5.011826797019928,0.5135498390668918,5.676433815023406,0.9798955812107889,,
2004-04-08,54.9368420988,890.9262904953582,99.75116565247667,5.156106,0.6320699,5.8278103,0.82444155,5.7887969129487455,0.7774243003509925,6.490540446554147,1.2437658547779524,,
2004-04-09,155.45306540828182,646.3777385855598,99.91356900848855,5.512049,0.6806209,6.036545,0.81939226,5.934859445906873,0.6735856717912212,6.6435842692978815,1.1399265160662826,,
2004-04-10,969.4736841976,861.6898304953581,99.37476085074161,5.5215683,0.6109543,6.431573,0.79252595,5.949788780472006,0.49366804111650703,6.659227175021851,0.9600088141800137,,
2004-04-11,54.9368420988,444.9225104953578,99.59095224832043,5.111182,0.6353615,5.9961796,0.8319875,5.898914299157591,0.7438332035916804,6.605921067406321,1.2101742203675319,,
2004-04-12,54.9368420988,455.96815049535815,99.6807534344914,4.979966,0.68472856,5.9541607,0.97107846,5.849407024438025,0.8697817796232019,6.554047514187313,1.336123036403737,,
2004-04-13,499.1344271144981,1515.303696505051,99.91356900848855,5.4877653,0.78681433,5.9377456,1.045363,5.826250144135663,0.8101514557454543,6.529783814164333,1.2764928257497057,,
2004-04-14,1512.2212666672729,2972.89852050187,99.91356900848855,5.8125277,0.69403124,7.1060038,0.9203946,6.669890086222237,0.6534089665930755,7.413746861643772,1.1197466075214217,,
2004-04-15,724.2263161988847,2414.8841097041463,99.91356900848855,5.495461,0.581875,7.671515,0.8905744,7.169476079124649,0.6981378917326808,7.937211357257635,1.1644737081324057,,
2004-04-16,531.8963232437573,2012.6321248524616,99.91356900848855,5.7496505,0.6667507,7.9831543,0.9159074,7.516273107196713,0.7377354504617003,8.300584097805208,1.204070168187755,,
2004-04-17,428.1982282200149,1771.997850711066,99.91356900848855,6.2362275,0.7813551,9.997747,1.0302663,9.265687139987374,0.8435768269584453,10.133614141290554,1.309908099599484,,
2004-04-18,387.7751439591665,1866.59825197158,99.91356900848855,7.0307627,0.94890153,12.564285,1.1057273,11.612463131653827,0.9299666443169554,12.592558003306253,1.396298792960455,,
2004-04-19,411.9873754653795,1823.655525254464,99.91356900848855,8.001286,1.2322575,14.30753,1.1207591,13.145406852894725,0.9420042202580349,14.198771194316498,1.4083403423417755,,
2004-04-20,343.0550958258044,1514.4231457302194,99.91356900848855,8.20841,1.3453555,14.259851,1.1046672,13.142219123973085,0.9342936301287099,14.19543110284911,1.4006297411610302,,
2004-04-21,292.2637601418469,1311.2897643206763,99.91356900848855,7.9293704,1.3511584,13.338893,1.0629182,12.352953040052114,0.9034032721170573,13.368440798087855,1.3697370045539263,,
2004-04-22,245.69683720253315,1150.269775510947,99.91356900848855,8.528471,1.5255747,14.28119,1.0571122,13.268683722143347,0.9115011144218023,14.327940276514308,1.3778376728051316,,
2004-04-23,362.74907325887295,1336.917127403347,99.91356900848855,7.5509324,1.2841729,12.825914,1.062628,11.700108137952785,0.8796255641398102,12.684392141306835,1.3459578675200876,,
2004-04-24,294.6976784774083,1179.6336819658843,99.91356900848855,7.361173,1.3044826,12.156986,1.0126686,11.198372033495216,0.851172916228369,12.158674766155267,1.3175044526137714,,
2004-04-25,295.63482015419874,1072.9014596261422,99.91356900848855,6.0720363,0.94168115,10.412936,0.9429353,9.475203544496441,0.7667184370508249,10.353144713739155,1.2330495318132724,,
2004-04-26,979.8902731804438,2345.594680527699,99.91356900848855,6.983221,0.9804016,9.294264,0.96963614,8.61328997332912,0.7424317099814813,9.450034620174186,1.2087638580830875,,
2004-04-27,704.4106370178632,2017.2418821578872,99.91356900848855,7.2168665,1.0897394,10.345489,0.9840779,9.535747172676624,0.782013991008705,10.41658212038831,1.2483450437204682,,
2004-04-28,637.5406303262911,1786.6637468896856,99.91356900848855,7.2121334,1.1431462,9.884845,0.9393194,9.181949385075283,0.7547480266133746,10.045874007936861,1.2210793843909733,,
2004-04-29,559.4501315567813,1534.609052395103,99.91356900848855,9.00713,1.8948326,11.286677,1.0204102,10.677672005964737,0.9030301051490778,11.613087057232832,1.369361150012438,,
2004-04-30,384.3486591215766,1204.3846602136755,99.91356900848855,9.874672,2.2091527,13.232543,1.0493947,12.42020197630392,0.9583764935323092,13.438904003613509,1.4247104008685803,,
2004-05-01,395.4607998366584,994.8459275148606,99.91356900848855,10.11215,2.258794,14.97656,1.0289932,13.592920178211461,0.9772124997680579,14.6676741268356,1.443550288662111,,
2004-05-02,367.16403165362885,1240.1929099677334,99.91356900848855,10.208878,2.2829387,14.90055,1.091508,13.828844356698038,0.990560724746556,14.914874674587377,1.4568994845721466,,
2004-05-03,769.282214582913,3880.9261299916766,99.91356900848855,9.472034,2.074056,12.609416,1.1751232,12.090400159512333,1.0390102569729793,13.093338787350396,1.5053433560879765,,
2004-05-04,502.0527058939921,2207.343562982337,99.91356900848855,8.875748,1.8180717,10.463849,1.0386817,10.169572956161478,0.9108083616363941,11.080702609698688,1.37713922581704,,
2004-05-05,451.8964929326082,2078.864943043072,99.91356900848855,9.199461,1.8030826,9.6629,1.0945925,9.580147622143162,0.955045765175646,10.463104759564006,1.4213767897137508,,
2004-05-06,538.2585698739356,2111.7070644020137,99.91356900848855,10.22028,2.2960155,10.933196,1.0896416,10.788389152936624,0.9856298131172516,11.72909610536234,1.4519609365343764,,
2004-05-07,395.04870641800767,1678.7351128096077,99.91356900848855,10.775034,2.4380176,11.750113,1.116446,11.56436340716321,1.0161168818210753,12.542159276405666,1.4824489492787727,,
2004-05-08,333.61209682173103,1321.6804007364522,99.91356900848855,8.979719,1.8351499,10.9309845,1.053779,10.537721239457005,0.9191011952127032,11.466447122483792,1.3854321608435884,,
2004-05-09,359.92656980929246,1250.8287408185463,99.91356900848855,9.5311985,2.043717,10.653921,1.0785964,10.40304645947817,0.9539880805198135,11.325335348384675,1.4203189910565963,,
2004-05-10,388.6831250590668,1104.2737657194946,99.91356900848855,11.0246105,2.6273036,11.459947,1.1135607,11.346609266860673,1.0706367231849099,12.313997232551959,1.5369684562100874,,
2004-05-11,625.3112782889615,1141.1136385599389,99.91356900848855,11.8768215,2.752979,15.049921,1.1119608,13.926649451052393,1.2106787850078602,15.017354518121879,1.6770179660101299,,
2004-05-12,471.75258721565183,1158.5123352320595,99.91356900848855,11.88003,2.7818296,16.284842,1.142223,15.010213492591172,1.1431744130117563,16.152709216867834,1.6095189921735185,,
2004-05-13,622.8410190730303,903.2080591234192,99.91356900848855,12.617632,2.9599304,18.579086,1.1464047,16.14598085422257,1.3855679187084284,17.342762375958714,1.8519195974999074,,
2004-05-14,557.9808964443891,737.3121423780171,99.91356900848855,12.728323,2.9774067,18.900536,1.1045936,16.241695755931328,1.4284223226712636,17.443052122784128,1.894774667173475,,
2004-05-15,479.7981699705761,771.1346612742801,99.91356900848855,12.69215,2.987947,19.335697,1.121362,16.787549391093116,1.3383704900147992,18.01499569579934,1.804726831254645,,
2004-05-16,510.97046433543375,853.430452308231,99.91356900848855,12.717318,2.947457,18.810131,1.0973445,16.528362055513437,1.2998318372030075,17.743420091566538,1.766186238189324,,
2004-05-17,325.0781980006101,609.2139006035216,99.91356900848855,12.106211,2.836868,19.321012,1.105316,16.81068968913899,1.2221885758042763,18.039242020990656,1.6885450940059914,,
2004-05-18,298.2525751395692,541.831286997269,99.91356900848855,11.93609,2.8206468,21.158379,1.1257743,17.884215975254467,1.2369424281281387,19.164079193916425,1.7033078291195565,,
2004-05-19,275.12982015664693,583.978270972141,99.91356900848855,11.722837,2.7063973,20.777155,1.0997409,17.87750496680841,1.1445701988656434,19.15704742220708,1.6109355402339078,,
2004-05-20,184.0478825437959,452.26843824148216,99.91356900848855,11.155159,2.608018,20.24362,1.100274,17.614877053551083,1.0865563350168552,18.881866792444665,1.5529193835431336,,
2004-05-21,231.19760153488733,774.8344799191644,99.91356900848855,11.261269,2.650294,19.847185,1.0411195,17.874043976863515,1.0069460487838762,19.153421008773623,1.4733113594235177,,
2004-05-22,159.8935616987619,552.7011704953579,99.91356900848855,10.982962,2.5821986,20.689768,1.0570023,18.511733474965496,1.0039046674511058,19.82158988505238,1.4702758710995436,,
2004-05-23,161.06687751521923,589.2923204953579,99.91356900848855,10.742783,2.5435705,21.357838,1.0785687,19.079283910217,1.0077671107905883,20.416267291034796,1.4741439503706404,,
2004-05-24,209.87536129133508,535.0566096668332,99.91356900848855,10.470978,2.4507165,22.612082,1.1199423,19.191475842634535,1.0601004916030488,20.533821614312956,1.5264784888805345,,
2004-05-25,245.50550847549744,467.8281138053956,99.91356900848855,10.070181,2.3149815,23.530792,1.1913657,18.898101263930368,1.1159217802077268,20.226424733597554,1.5822967805714958,,
2004-05-26,211.247476138822,503.63710074957686,99.91356900848855,9.516224,1.8531784,22.61865,1.1789348,18.746900191657957,0.9948419294826715,20.067996766925532,1.4612154237114299,,
2004-05-27,1495.6131145829129,1537.7413135960142,99.91356900848855,13.289131,2.9300284,23.398481,1.0632521,18.4140072155018,1.5419454483900625,19.719192644446824,2.008315718761304,,
2004-05-28,708.6840782158658,1377.20769385517,99.91356900848855,13.0067425,2.8745172,19.218405,0.9804221,17.107985511872382,1.1716714583464176,18.350747567795775,1.6380303045436284,,
2004-05-29,516.7847225278202,870.686180381123,99.91356900848855,12.149796,2.6291912,15.445178,0.9510286,14.21776250403007,1.146807916946268,15.3223817799117,1.613148416309776,,
2004-05-30,487.6045247320331,582.6502370560305,99.91356900848855,11.943796,2.6480308,15.791944,0.98996174,14.03874034345164,1.3213393776712052,15.134802972014263,1.78767905482325,,
2004-05-31,372.1775714135381,549.2513380485959,99.91356900848855,11.851625,2.6288483,16.209091,0.96470773,14.44905196757471,1.2075424965146755,15.564726089190296,1.6738841124118276,,
2004-06-01,563.5031166018276,1017.182688267092,100.0,12.55097,2.8483565,16.078522,1.0089265,14.820974945220629,1.2052395333037316,15.954425713812592,1.6715830729264634,1.361745698288213e-12,4859.999999999999
2004-06-02,499.30118640399155,1001.2289459605096,100.0,13.091412,3.0546644,15.449792,0.9912773,14.66504119568907,1.2126986676802747,15.791038864086282,1.6790413814951932,1.383317602631397e-12,4859.999999999997
2004-06-03,446.3128360893703,966.6470395957414,100.0,12.979813,3.0007327,15.996349,0.9940734,15.043513321071213,1.1665803126470409,16.18760066331945,1.632925078971472,1.3724946941557014e-12,4859.999999999995
2004-06-04,404.20043300123393,685.4672374823042,100.0,12.512472,2.8816895,17.067736,1.0081255,15.378009953959088,1.2428954620463066,16.538085091839832,1.7092421787700527,1.34994978934881e-12,4859.9999999999945
2004-06-05,307.418189889373,609.6609642849977,100.0,12.0531845,2.6919184,16.22628,0.95758694,14.827398205925196,1.1043180355436346,15.961155984422017,1.5706616097795953,1.3439387665418605e-12,4859.999999999994
2004-06-06,295.1207463798189,608.252688127478,100.0,11.966152,2.6649876,14.068202,0.9812556,13.381488761135689,1.0929268686965605,14.44613701076575,1.5592638415473028,5.178611350782015e-12,4859.999999999988
2004-06-07,197.69662526206275,501.51641684316434,99.99999999999999,12.385235,3.0815046,14.512055,1.0194657,13.910714714331064,1.1374505898113454,15.000658155455444,1.6037897014480482,1.3716619940019068e-12,4859.999999999986
2004-06-08,183.7139955088627,480.1902780372123,99.93980021099185,12.123245,3.0103252,18.969753,1.0972531,17.07520401350702,1.1505409101892308,18.316399225866494,1.6168994947305622,1.4232325223403815e-12,4859.9999999999845
2004-06-09,201.7296103193937,470.5301624977743,99.83559358880579,11.314203,2.7536466,24.057951,1.3519031,20.233847012906057,1.2562360142501392,21.626014563355863,1.722625455688622,0.013752919594399789,4859.98624708039
2004-06-10,244.43740673389692,535.1080278651502,99.73482156240878,11.154539,2.5261571,23.260525,1.4556556,19.464523125189796,1.2750963712662893,20.819919623608914,1.7414772462293873,0.00011256764118422237,4859.986134512749
2004-06-11,243.19743501970427,518.745008491091,99.6283093531645,10.934378,2.5875726,21.256775,1.2095783,17.962063403502217,1.166308572555548,19.245647463126296,1.6326746689368594,7.950566716081529e-10,4859.986134511954
2004-06-12,231.15345191389713,511.842767327679,99.48610891841247,10.283005,2.349915,21.716309,1.2092298,18.159295005608367,1.1083382341764045,19.452306061610617,1.5747061233942987,4.6617119307476225e-09,4859.986134507292
2004-06-13,248.05170390247181,518.2255503101625,99.27891906770223,9.901846,2.227826,21.569965,1.1684133,17.792876991241982,1.069803711831835,19.06837451869484,1.5361683057525908,1.6403578237109064e-10,4859.986134507129
2004-06-14,240.0006880625543,504.5357836916877,99.07954360591334,9.552246,2.2086806,22.89346,1.251759,18.592930769248696,1.107444614862107,19.90666813244325,1.5738166022438955,1.8303243309511264e-07,4859.986134324096
2004-06-15,233.15788828519737,489.91908903828346,98.81808829984755,8.99402,1.8295119,25.326702,1.4781914,20.060190136005954,1.1623727621166509,21.44405748135627,1.628760210737365,0.004233567796580236,4859.9819007563
2004-06-16,246.1312836063291,486.2424434291789,98.51158443731444,8.36553,1.359468,26.870407,1.692397,20.651411278840463,1.2129628572697022,22.063536973829898,1.6793572316407932,0.08594580611901464,4859.8959549501815
2004-06-17,133.361045514423,354.870689411351,98.35270897507623,8.059698,1.0827066,26.582218,1.8129315,21.522771057726988,1.350506849513196,22.976544771552803,1.816912159799059,3.2581802473527643,4856.637774702829
2004-06-18,229.0086646560995,321.105630495358,98.24158083624107,7.8606343,0.9833881,29.736967,2.4982433,20.630005502512386,1.5146157251499253,22.041108074565322,1.9810098417942306,0.0772746560995126,4856.560500046729
2004-06-19,136.6434185116233,367.3471179719733,98.07536558374301,7.209579,0.8297947,25.263166,1.7599589,20.368423917251302,1.302372353174465,21.767023783700676,1.7687633626780974,0.021225077751056982,4856.539274968978
2004-06-20,210.76545934665802,416.35667560218974,97.77805545141848,7.305087,0.74159145,23.709719,1.3350216,18.19639119591646,0.9207184264758099,19.491175323008452,1.3870866578684,6.1149857010435786e-09,4856.539274962864
2004-06-21,253.15092450482308,461.9265841335848,97.45444373621446,7.3474593,0.69980645,24.07229,1.258649,18.151384777314618,0.8499704110940317,19.44401775144419,1.3163382275516509,4.107771027648941e-09,4856.539274958755
2004-06-22,223.8808205619136,423.7994035656964,97.13295098342974,7.2431264,0.662338,24.561731,1.3136318,18.57528410437218,0.8895227040783994,19.88817801730774,1.3558945204896884,1.506736057876462e-07,4856.539274808082
2004-06-23,203.31946918562133,394.368722155099,96.84114752199659,7.48632,0.6787707,25.358912,1.5127504,19.279076127727272,1.0245075160418162,20.62560889358653,1.4908864272640625,3.0293615014470364e-05,4856.539244514467
2004-06-24,254.29200428021474,436.5545532667856,96.43700799510327,7.519194,0.68510956,27.79729,1.7650992,20.333176245210755,1.1435408479471234,21.73009139342473,1.6099314447499231,0.017726548048496136,4856.521517966418
2004-06-25,265.32577476345386,463.1021898868706,96.01708626858564,7.441894,0.62152004,27.714159,1.6904761,20.33010092090575,1.0983142550694212,21.726869079130417,1.5647048159318584,0.017516331973331398,4856.504001634445
2004-06-26,270.3735418287273,287.5141526201775,95.7823362632543,7.1837196,0.5646656,29.33064,2.2054844,18.59740259163312,1.1691025373539248,19.91135369265149,1.6354745681177143,1.7991387597771674e-07,4856.504001454531
2004-06-27,240.83439135686245,399.0797389724539,95.45484613880477,7.1626143,0.59155476,25.39984,1.5690824,18.536182563309673,1.003558236745352,19.847207556244378,1.4699296755882734,1.0807457346571746e-07,4856.504001346457
2004-06-28,256.5032460925853,439.70267304868185,95.06690420577027,6.8407354,0.6011355,23.151217,1.1386265,17.141943639349183,0.7524549556855061,18.386328777685915,1.218814074226103,1.3929708756003067e-12,4856.504001346455
2004-06-29,219.0447734641609,446.54426080729655,94.72480052297219,7.3480153,0.66082263,21.729403,1.0618045,16.99650048617551,0.7448225366881127,18.233933938963087,1.2111804980494107,1.24074803162246e-12,4856.504001346454
2004-06-30,270.9363189991923,455.22160969496935,94.31694174781049,7.4434686,0.67952424,25.065342,1.2717559,18.49045607622714,0.8365952067050109,19.799295499387476,1.302966206226144,7.464649652195169e-08,4856.504001271807
2004-07-01,275.4696099487312,443.0207456608832,93.89616127735117,7.54926,0.68711776,27.37329,1.5887932,19.772745155230087,1.0144522621769532,21.14287361308083,1.4808364879642053,0.0007542557145204208,4856.503247016093
2004-07-02,291.07156023934124,461.2011123329672,93.4353353332727,7.640757,0.6917064,28.589714,1.7666042,20.484081861439527,1.1156425519833908,21.888209782264195,1.5820349256569857,0.03782416174118774,4856.465422854352
2004-07-03,302.6104194192053,473.7282690424166,92.95776294675917,7.6231484,0.6914932,28.870953,1.7555778,20.58873374266029,1.104656580009875,21.99786366567275,1.5710502012185734,0.06249284448102246,4856.402930009871
2004-07-04,309.2638662016911,480.5965438131049,92.47101411613112,7.718155,0.6867015,29.184822,1.747636,20.77971100096567,1.096828147370651,22.197968984102026,1.563224077457685,0.15062008663847035,4856.252309923232
2004-07-05,329.22378332917395,514.0145063229319,91.96792418641084,7.570065,0.64513874,29.13683,1.6734209,20.71656212536522,1.0507082121047837,22.131801808111508,1.5171033741195368,0.11406626411586948,4856.138243659117
2004-07-06,344.9515312048933,545.9072682310231,91.49623850578745,7.6441684,0.6498471,28.382425,1.5772169,20.352316061393157,0.9987178655825845,21.750146027394464,1.4651086863095568,0.019476756780105017,4856.118766902337
2004-07-07,401.33605387103074,613.0937088485417,91.04108231632806,7.4828076,0.6346038,29.238373,1.5276005,20.631278458184717,0.9567689100169804,22.04244187316741,1.4231630419730952,0.07668756417900892,4856.042079338157
2004-07-08,404.44789166697524,639.5472729673929,90.59472784271891,7.5516634,0.64741856,28.308401,1.3438082,20.267158112905104,0.8605719995012442,21.660917820066565,1.326961827146085,0.012512591393247983,4856.029566746764
2004-07-09,437.57414505067317,668.2847616266394,90.10155206713623,7.597959,0.66938114,28.497576,1.4629629,20.227866249773843,0.9229106638327808,21.619747940190145,1.3893000360650918,0.01014325972970755,4856.019423487035
2004-07-10,442.44518563539407,679.1078769269744,89.59763561078714,7.527612,0.6820516,28.428875,1.4771643,20.183466534854812,0.9340267390477195,21.573226070670817,1.4004155987891944,0.0079701266493552,4856.0114533603855
2004-07-11,440.2903688272985,675.7224978237691,89.09170087899948,7.734284,0.6951018,28.566282,1.5265636,20.34762412758264,0.9641256602989746,21.74522983518638,1.4305164260944312,0.019036126513552885,4855.992417233872
2004-07-12,439.24208086714117,660.918092338525,88.59467108271566,7.532212,0.63169587,26.419739,1.122948,18.878839853965488,0.7202109370330473,20.206242694078192,1.1865857440782595,1.6502243267091032e-06,4855.992415583648
2004-07-13,234.47382430556254,292.98120603532675,88.3369330334057,7.532378,0.668609,26.672262,1.4859911,18.163855713621672,0.8772942752884834,19.457084755876956,1.3436622064894397,4.5571291290704426e-09,4855.99241557909
2004-07-14,298.16582191865507,369.9814958497217,88.03070669516549,7.483296,0.6400691,28.466558,2.3012106,19.102617967449415,1.305898882456597,20.440716636439436,1.7722759616330634,8.721552968944622e-06,4855.992406857537
2004-07-15,249.90824918025058,375.4541662714344,87.95971315309974,7.4957037,0.6287493,28.120758,2.8502715,19.87854346737518,1.7295897926173978,21.253728722893023,2.1959751936288034,0.0014334041742515818,4855.990973453363
2004-07-16,307.6038477261701,414.3203628527985,87.72367105842773,7.392315,0.68038523,29.130241,2.740498,19.86795356684252,1.5992973955546792,21.242632661314662,2.065682678355412,0.0013359185494575933,4855.9896375348135
2004-07-17,295.68226903665516,479.8076105603248,87.4309817078137,7.7055626,0.73182964,26.591145,1.3102884,19.39036493079041,0.8573729154094233,20.742216921014343,1.3237530003760667,6.477199862038875e-05,4855.9895727628145
2004-07-18,255.85683687029723,462.3942718886324,87.18313558829558,7.6180773,0.7466475,26.162107,1.2769908,19.5563161931838,0.8640528554549105,20.916100086474128,1.3304347169850934,0.00019400929070713895,4855.989378753524
2004-07-19,245.91211604056681,400.830350495358,87.05377647186184,7.6229715,0.7163111,26.469238,1.3605314,19.303286492239852,0.8861107000157483,20.65097643076382,1.3524898653753792,3.60405668197771e-05,4855.989342712957
2004-07-20,150.83709149367164,555.7010159805434,86.8834713149625,7.7909503,0.7530953,22.960772,1.13517,19.722203543618722,0.9071858451871522,21.089916285202296,1.3735695140676256,0.000557757265278949,4855.988784955692
2004-07-21,266.55896579315447,503.56241372977786,86.54001165431802,8.021004,0.7547992,27.673975,1.4139881,20.871572362929175,0.9607728563687797,22.29422100515503,1.4271699118946395,0.226392937534477,4855.762392018157
2004-07-22,305.0347574802826,514.216361384174,86.12914802662365,8.01721,0.7457139,29.561787,1.6442734,21.540015840970597,1.0687514404789087,22.994613796487112,1.5351569759532455,3.0138078020987944,4852.748584216058
2004-07-23,205.04858108985718,397.0689354099342,86.13238858360258,7.8127193,0.7409726,28.080374,1.6773759,21.17830952119231,1.134568930060277,22.615619151054624,1.6009698134661527,0.8140761752808489,4851.934508040777
2004-07-24,140.09918819428918,336.44300049535804,86.18805190213014,8.128593,0.7644046,25.607498,1.5244355,20.468854790678794,1.0994766853461881,21.872254909572234,1.5658688785442934,0.03600819428920777,4851.8984998464875
2004-07-25,127.54767329362761,278.0774705588367,86.1969713104357,8.022484,0.8704782,25.087471,1.480125,19.721434304422086,1.0509739624443712,21.089110279001574,1.5173576228713341,0.0005632301490169355,4851.8979366163385
2004-07-26,203.6615757905262,327.87405626309885,86.11653010668259,8.001635,0.9254229,24.771612,1.3782834,18.34607857782872,0.9211635471946806,19.648017250095403,1.38753317528707,2.2785483500476835e-08,4851.897936593553
2004-07-27,376.8980000000015,2956.2742304953586,87.2472968435962,8.697659,1.3844494,16.84109,1.154178,15.92027192046872,1.0355703664941178,17.10626532671882,1.5019205169320098,1.3880645727815865e-12,4851.897936593551
2004-07-28,122.80000000001625,3388.7356304953582,89.38205471096312,8.619692,1.3934798,17.869848,1.147024,17.54636606982275,1.1079842346936923,18.8100812178872,1.574346698064443,1.625187570474274e-11,4851.897936593535
2004-07-29,122.80000067003937,1850.1778304953584,90.39924580036627,8.67745,1.1873575,19.426435,1.0987009,18.757408490131247,1.0329637377481662,20.079007326145025,1.4993373358062836,6.700393694012473e-07,4851.897935923495
2004-07-30,122.80000202866123,1227.4399604953578,90.93263596103027,8.475046,1.0450163,19.944895,1.0357552,18.901748776258835,0.9463410936260789,20.230246584546926,1.4127161306461475,2.0286612281409265e-06,4851.897933894834
2004-07-31,138.95789646971843,1082.5798604953584,91.27682294834312,8.331682,0.9461485,20.239729,1.0237536,18.885110853652254,0.9136566689948625,20.212813426113645,1.3800315389328495,1.7781184519125515e-06,4851.897932116715
2004-08-01,138.95789813302636,934.4595304953584,91.66920099313897,8.378035,0.8916478,20.54781,1.0083594,18.972386740233407,0.885379899254411,20.304260801735683,1.3517556491628513,3.4414263675623293e-06,4851.897928675289
2004-08-02,138.95818138361895,1094.259130495358,91.93324369366222,8.549984,0.86591077,21.017075,1.0523106,19.612290350128227,0.9388208231279174,20.97474961678241,1.4052032909818444,0.000286692018970913,4851.897641983271
2004-08-03,138.96217363675305,891.914770495358,92.06372886506455,8.599768,0.8497186,21.849789,1.0514059,20.06368633153066,0.9168593362072622,21.447720783075912,1.383246824608836,0.004278945153064798,4851.893363038118
2004-08-04,138.96609170429406,749.8326904953583,92.1461775435162,8.386499,0.7960379,22.368658,1.0769606,20.182509770358006,0.9170601071430767,21.5722235761016,1.383448955865752,0.008197012694072666,4851.885166025424
2004-08-05,138.9578947911881,800.8833304953581,92.25609465875306,8.271412,0.7986803,20.299437,1.0245067,18.521062794844532,0.8809808603716441,19.831365114530946,1.3473521536852984,9.958812070129514e-08,4851.885165925836
2004-08-06,138.95789469160474,665.2594404953581,92.22649050115754,8.353415,0.904014,19.28999,0.94982153,17.400297019235232,0.8010814811695305,18.65703056599367,1.2674427148790652,4.748218252567361e-12,4851.885165925832
2004-08-07,191.2773691032029,586.4222726133871,92.11938886018332,8.20768,1.0007318,18.86513,0.88523793,16.24390035500649,0.7114440089905884,17.445362094159037,1.1777963689495383,1.357198924099815e-12,4851.885165925831
2004-08-08,238.93511487586426,532.4721533357573,91.90961290118021,8.427891,1.0030379,19.748674,0.89070624,16.242183275715266,0.6888579521859112,17.443562944347235,1.1552103001057104,1.3677871133293874e-12,4851.885165925829
2004-08-09,250.99678427147015,577.8441656288417,91.67966374818481,8.546528,0.8938322,21.068869,0.94331014,17.276745110444406,0.7111740594700914,18.52757329830371,1.177534272122878,2.3061752566212656e-12,4851.885165925826
2004-08-10,262.563650037785,574.983472030979,91.30365137727128,8.220835,0.8274993,22.728504,0.99666107,18.180477516302645,0.7317430111591587,19.47450102390729,1.1981110955714769,5.396838308134933e-09,4851.885165920429
2004-08-11,244.67009921037638,553.4976899802047,91.16371598507791,8.217485,0.83406,21.915829,0.9749984,17.71674293115887,0.7228487688073866,18.988601510791018,1.189212697298326,7.753176340657495e-11,4851.885165920352
2004-08-12,242.70552216552647,83.39346144454936,91.24320909232094,8.545538,0.93689823,28.36012,2.4308922,13.612731444703,0.9341770594401363,14.688432304144008,1.4005149274178321,1.4234311281103025e-12,4851.88516592035
2004-08-13,594.5899446916034,315.9946999999998,92.06079637269139,8.790329,0.98195344,33.45672,18.946405,17.35015742006574,6.606047981975054,18.60449446537752,7.072408799216651,3.3407083136412544e-12,4851.8851659203465
2004-08-14,211.45669473461982,449.4035304953581,92.63549948378291,8.646772,1.0221187,23.012926,1.2084806,18.416160756943462,0.8844872744580787,19.721449117807882,1.3508575652777757,4.30197250663784e-08,4851.8851658773265
2004-08-15,184.43143469160304,1180.637790870168,93.07443080799558,8.648958,1.0060848,18.691814,0.9381449,17.334946693327584,0.8227013842092187,18.588556717896548,1.2890620756763256,3.110922571898001e-12,4851.885165877324
2004-08-16,138.95789469160164,1026.9474760318035,93.92619500048863,8.496515,1.0433915,18.330463,0.9289095,17.158408829599413,0.8275941949269663,18.40358094774667,1.2939534459927167,1.6399368579715666e-12,4851.885165877322
2004-08-17,407.37670378648096,1550.2376845343997,94.38151556087057,8.458424,0.95849895,20.566801,0.9877828,18.047065353077144,0.8072568739673424,19.334712215326277,1.2736237375625334,1.6859794583098211e-09,4851.885165875636
2004-08-18,598.0339477569311,1550.2376845343997,94.43413073864525,8.383081,0.879705,22.504984,0.95810145,18.5737412441461,0.7334756091116673,19.88656141363686,1.1998474105918135,1.5280872520858704e-07,4851.885165722827
2004-08-19,646.3049563006865,1607.8170845343998,94.33826139608708,8.337292,0.8303162,23.286514,0.9644392,19.000252730555424,0.7279440558799867,20.33345869113997,1.1943200885852956,4.1983116420561996e-06,4851.885161524516
2004-08-20,623.9770376312126,1677.3008350297578,94.1939072797331,8.300325,0.7814765,22.828465,0.9727993,18.889250858727635,0.7400156718766422,20.21715130927973,1.206390583359989,1.8263137904993524e-06,4851.885159698202
2004-08-21,487.4839668879966,2191.700281149786,94.66019324307936,8.009123,0.81874716,19.975716,1.1239868,17.798365525119966,0.9314648606093742,19.074125385730575,1.3978295027573677,1.6905162928671042e-10,4851.885159698033
2004-08-22,551.1630913282431,1570.7649109333531,95.09255890412088,8.10346,0.8583291,20.820496,1.133127,17.517291878731125,0.867924823609744,18.779617379846545,1.3342870402787033,1.2395689421389823e-11,4851.88515969802
2004-08-23,624.1293783024164,1322.1278142210358,95.11192826673658,8.119734,0.84345156,21.85943,1.143278,17.453358870329193,0.8224011369241977,18.712628592187055,1.2887628145054757,7.130837652892181e-12,4851.885159698013
2004-08-24,527.7305130210733,837.2003770266672,95.17392476466293,8.127451,0.82807076,22.4297,1.1340481,16.899945655353925,0.7657296348586679,18.132764117284406,1.2320868413679171,1.3568080431692908e-12,4851.885159698012
2004-08-25,497.18664611329865,776.8629932118226,95.17340834742173,8.073803,0.8200349,22.675484,1.1509792,16.977306443936794,0.7713353193304276,18.21382248711691,1.2376931297863776,1.3755206070853096e-12,4851.88515969801
2004-08-26,504.60554085161266,787.9165656628466,95.10641343744093,8.017319,0.81721294,22.763807,1.2304785,17.006722134641155,0.8151263856342544,18.244644147284433,1.2814844275310289,1.3871639345186248e-12,4851.8851596980085
2004-08-27,514.1472577333458,835.8076902659805,94.98026144120338,8.098499,0.8001584,22.465166,1.1962729,16.99344102008594,0.8009032977745042,18.230728240852695,1.2672612350537693,1.3840291880076387e-12,4851.885159698007
2004-08-28,514.1423113410422,1008.2808560347444,94.82013125945376,8.126825,0.7904379,21.843664,1.2141448,17.21130742717501,0.8472626589634814,18.45900791746157,1.3136223378979008,1.820495877731177e-12,4851.885159698005
2004-08-29,421.3635362385402,887.1243350687325,94.71931217683826,8.114084,0.8210637,21.160746,1.21532,16.959417129690426,0.8653416344085222,18.195078124801128,1.3316993045963403,1.3706683040301995e-12,4851.885159698003
2004-08-30,387.7894737036065,900.843499043703,94.55542495805642,8.189541,0.78521085,21.425797,1.2602758,17.44259825201199,0.9121573507177557,18.701353653097623,1.3785189380242981,6.5615930061915614e-12,4851.885159697997
2004-08-31,593.8218237036015,1793.2883908511062,94.43882936875674,8.014009,0.8068491,19.611225,1.28477,16.726280936388427,0.985817251397567,17.9507988183955,1.4521731270534288,0.0,4851.885159697996
2004-09-01,387.7894737036,1037.6817772908037,94.24281581857622,7.9411883,0.8943293,19.35145,1.2838806,16.247368176198982,0.9657580299019761,17.448995665350374,1.4321104141855312,,
2004-09-02,387.7894737036,852.0945945259423,94.0808330840931,8.020226,0.9419211,19.443102,1.3086243,15.870452371123488,0.9463572558776093,17.054064573214497,1.4127070768191936,,
2004-09-03,387.7894737036,761.0681418911461,93.89615362049194,8.060071,0.9299508,19.606941,1.3094823,15.709369697077845,0.9225212295482785,16.885282697983047,1.388870004548299,,
2004-09-04,388.6536937036,686.615930495358,93.71175395293339,8.092249,0.9014227,20.337797,1.2764094,15.911672357690652,0.8777642918077332,17.097254734236095,1.3441143851671813,,
2004-09-05,387.7894737036,648.7499004953581,93.5039285675144,8.133158,1.0213641,19.694513,1.2551727,15.369186071941934,0.8735894855711671,16.52883945842519,1.3399361492009136,,
2004-09-06,411.8639537036,616.7848704953581,93.28484699226475,8.190874,1.0528122,19.259607,1.3286245,14.827762240912827,0.9013045627195425,15.961537419037667,1.367648138918603,,
2004-09-07,427.5175337035999,618.8005304953581,93.05146724732943,8.350589,1.1644909,19.185009,1.3488042,14.758148028687025,0.9288175324907867,15.888595885431751,1.3951607360440792,,
2004-09-08,872.1294337036,1011.617540495358,92.94257454081767,10.250002,2.058755,19.843954,1.5539392,15.402185528522985,1.2668454431837846,16.563416176227815,1.7331923058300815,,
2004-09-09,1388.8507737036,2440.339730495357,93.27513876824861,13.340797,2.9763541,17.806376,1.5289229,16.18670639500061,1.4542337077274536,17.385434458372647,1.9205856684902953,,
2004-09-10,1021.5049137036,2425.6240145593747,93.53723333923907,14.567648,3.3953419,19.062483,1.471428,17.73050598237554,1.4437425731963816,19.00302238880921,1.9101066214888527,,
2004-09-11,811.8453337036,1950.015612724598,93.45133745219398,14.56727,3.421005,19.052591,1.3755995,17.73413719777076,1.3980506996112525,19.006827163887632,1.8644147795480297,,
2004-09-12,703.6922437036001,1714.721644586375,93.25311245166598,14.355141,3.408084,19.021872,1.3881476,17.663980620095447,1.3971777592011796,18.933317341617702,1.8635412304254726,,
2004-09-13,636.4629737035999,1557.5845548984114,92.99300198076563,13.864243,3.2905977,18.932558,1.394371,17.462309527446408,1.3751538083172592,18.722007060118184,1.841515561089729,,
2004-09-14,587.3097637036,1403.451819021268,92.63452792796201,13.490711,3.1527357,18.528852,1.3749429,17.04251197223566,1.34338092630527,18.282144616774513,1.8097392511286428,,
2004-09-15,543.4698937036001,1289.131531941799,92.36193701198255,13.662548,3.126053,17.056005,1.0979103,16.049653570954757,1.2066064818990552,17.241830977829043,1.6729575012985127,,
2004-09-16,517.1785037036,1140.1119291018513,92.1332600584022,13.206514,3.1896636,17.220669,1.3952453,15.968000978548822,1.3827750157088634,17.15627567062153,1.8491254844793135,,
2004-09-17,712.2817437036,1774.5785018838706,92.39238518506187,11.875376,2.7289443,17.9196,1.7186207,16.188424544523244,1.4542791477772608,17.38723472956926,1.9206311204777509,,
2004-09-18,3306.0504344123824,11492.123597022097,99.9915205430491,13.794003,3.2297947,15.383092,2.156715,15.028074498821555,1.8237040582045525,16.171423918141233,2.2900487375969414,,
2004-09-19,6125.30337200616,11157.776067553265,99.9915205430491,14.89032,3.667522,13.971318,1.386983,14.29702197685044,1.5783792121109526,15.405429584597929,2.044720087203285,,
2004-09-20,2385.881672006162,8283.260767553264,99.9915205430491,15.183451,3.4433875,13.417302,1.8652803,13.812256226641532,1.6401527469613264,14.897493688617855,2.106491436438834,,
2004-09-21,2402.624808757898,5768.213615029758,99.16326070892335,16.199947,3.9563792,14.513413,1.4070266,15.00933661925133,1.5297239286135607,16.15179043197979,1.9960685028639675,,
2004-09-22,2239.916760360232,3872.393915029758,98.0629671080241,16.43348,4.077376,15.060246,1.3576548,15.563481237694372,1.724076414104935,16.732421268935795,2.190424267430707,,
2004-09-23,1991.085469698972,3144.5814150297574,96.90759719006958,16.555048,4.1058726,15.691705,1.2502812,16.026420808711553,1.76635543479669,17.21748776896784,2.232706296748564,,
2004-09-24,1721.191074343475,2703.613485029758,95.84080073807719,16.560127,4.096606,16.052395,1.2457991,16.249896123424445,1.7659982924124997,17.45164443981186,2.232350694436697,,
2004-09-25,1408.8256686110744,2497.984585029757,95.00466375399658,16.370346,3.994442,15.893091,1.208869,16.065192958516548,1.6347069163737216,17.258113094997547,2.101058041427559,,
2004-09-26,387.7894737036,1622.3971409012934,95.16071991523584,14.812185,3.5050445,14.558699,1.0542711,14.60759931215572,1.086836145580429,15.730851454875292,1.5531785621984493,,
2004-09-27,387.7894737036,1302.5366917538008,95.14839964660507,14.227495,3.4164925,15.089558,1.1897568,14.891785908584804,1.2061834002901095,16.028621199170406,1.6725273241013612,,
2004-09-28,1251.4749737035995,2828.742634594448,95.89361283500646,14.390856,3.195807,16.650366,1.4143066,15.9573340993719,1.3864414848710414,17.145098951082854,1.8527918822718739,,
2004-09-29,843.2983579092413,3215.836517919386,96.64838209361886,14.6099415,3.3753455,14.920467,1.2177857,14.85595462099913,1.1927068294376058,15.991077298521265,1.6590505581276376,,
2004-09-30,1051.327036187065,2600.2812977697,96.59211790609855,15.019697,3.4207098,14.925207,1.0532304,14.952411574152487,1.2379111862122922,16.092144564313752,1.7042554435078885,,
2004-10-01,1085.4833172539995,2639.617945323563,96.34127493110633,15.121805,3.4629264,14.81178,1.1191927,14.902120392231735,1.2834347286613363,16.039449635808996,1.7497787090224044,,
2004-10-02,1197.948126628518,2484.4102760484006,95.82372339037907,15.479996,3.613375,14.710386,1.052742,14.960756310770536,1.373422298649435,16.10088815081709,1.8397666021761436,,
2004-10-03,1165.0471631589742,2471.5395340460977,95.33600378068483,14.819714,3.269278,13.943761,1.0535296,14.224388371577998,1.268725258151521,15.329324341279024,1.7350657886496845,,
2004-10-04,1025.10892482172,2060.1549176711515,94.9475384172412,14.817104,3.2860928,13.657639,1.0042483,14.042882337637067,1.281319624481366,15.139142939363055,1.747659320242501,,
2004-10-05,935.3290829143698,1905.132453488572,94.55008336927023,13.627483,2.7724376,11.935892,0.9137368,12.49291232320434,1.0995595232365598,13.515089656547882,1.56589362549585,,
2004-10-06,739.5255725977237,1559.2354480870392,94.28269355673987,13.364273,2.7637455,11.388976,0.87640506,12.024441294549444,1.069535652096094,13.02422731411138,1.5358686044988352,,
2004-10-07,577.9791624869778,1336.8999130464567,93.96034461367441,13.709585,3.122819,11.795772,0.8261267,12.373429159869067,1.1050432707999773,13.389895606437944,1.5713770559429392,,
2004-10-08,512.285200434073,1222.7695062841212,93.43212303924399,14.111183,3.4391487,12.864505,0.965308,13.2325939972386,1.2222510296045321,14.290125586125669,1.6885874584602443,,
2004-10-09,416.9014925066039,1109.2161031171804,92.94184201814154,13.835175,3.315175,13.294256,1.0202929,13.442023111237978,1.1705119291197872,14.509564695876604,1.6368491303859725,,
2004-10-10,387.7894737036,1020.5976656353264,92.62624217855392,12.83429,2.7052093,12.073722,0.77949667,12.283138832433153,0.9348221528751753,13.295289709992637,1.4011557092132312,,
2004-10-11,387.7894737036,1002.947359463174,92.54797385912086,12.22024,2.680721,11.031146,0.7966371,11.362709840987062,0.9427567020569864,12.33086735908453,1.4090884579530842,,
2004-10-12,409.9535567942149,1025.4127828486137,92.42280880709572,11.886549,2.5652053,10.083793,0.77686113,10.598676128204836,0.9191166890547463,11.530315446549906,1.3854476864412066,,
2004-10-13,444.82098282737246,1048.581757526415,92.24142920331178,12.204216,2.7876375,9.569034,0.65465003,10.353942063598117,0.9490593785527671,11.273883930236535,1.4153902741623718,,
2004-10-14,446.535968520106,1033.0339200960543,91.77460149675457,12.6949215,2.6221726,9.93493,0.671248,10.767898639629642,0.9197394207088757,11.7076262155626,1.3860705285306887,,
2004-10-15,440.4979137036,1073.141554744412,91.26061983013491,12.438498,2.905357,10.466487,0.6948335,11.04037957748442,0.9785562594810228,11.993130810817346,1.4448876139551725,,
2004-10-16,643.3805637036,1059.1808802345631,90.91893413492157,12.419956,2.5863369,11.2900305,0.78751755,11.71701786030481,1.0932693189621936,12.702110090584293,1.5596016532075796,,
2004-10-17,497.3785237036,870.673614182758,90.57295025562986,12.216747,2.3464916,9.747371,0.7573757,10.645154390480187,0.9798639867528569,11.579015210884027,1.4461950112086437,,
2004-10-18,469.6224937036,791.2702334256217,90.40749479931067,12.0486965,2.6377175,8.103477,0.77169096,9.572883089825089,1.095297844825891,10.45549300743369,1.5616288738193176,,
2004-10-19,917.0015737036,1164.6138773635062,90.43880751436039,12.227354,2.510765,7.2215657,1.1954242,9.426735641070175,1.2925401331108213,10.302360210208354,1.7588712645583455,,
2004-10-20,718.2500237035999,1299.307354945632,90.53857673933695,12.669523,2.4512768,9.155949,0.7532962,10.406780494603693,0.9984334440591041,11.329247857625036,1.464764355843825,,
2004-10-21,705.6512537035999,1372.0131967154034,90.28887585298726,12.877644,2.547083,8.87308,0.70806575,10.233177229275826,0.9833616965532795,11.147346949647572,1.4496925671836187,,
2004-10-22,600.7999737036,1614.4425213793152,89.95706815884066,12.608984,2.5976954,8.681742,0.72329783,9.746856284652049,0.879899688548562,10.637781526275763,1.346230627431015,,
2004-10-23,561.1885437036001,1382.9329113071458,89.61759511713161,12.320808,2.610132,8.121015,0.7365874,9.333323717573725,0.9177192994649811,10.204483516081458,1.384050509194843,,
2004-10-24,534.9684037036,1284.6591052074862,89.31058089875955,12.18152,2.520034,7.574612,0.7200783,8.929037911110413,0.8985321255367819,9.780874230051094,1.364863789142539,,
2004-10-25,498.4699537036,1198.2236554509495,89.32086681130143,12.507132,2.5656157,7.948817,0.66474783,9.287999617062942,0.8879887400342481,10.156993078498948,1.354319991343315,,
2004-10-26,481.5490837036,1154.8869593762356,89.31204011151308,12.490513,2.8213105,8.364492,0.65831757,9.578643966356687,0.9513740760905879,10.461529234170927,1.4177051015459277,,
2004-10-27,451.0328137036,1082.6348955997055,89.27922439396086,12.331335,2.4807234,8.622206,0.6976424,9.71301505985141,0.8802127645156186,10.602322806610093,1.3465437182144027,,
2004-10-28,440.3951137036,1036.650659671058,88.98598690577654,12.092997,2.6313715,8.355835,0.69703174,9.470104913458965,0.924591247384356,10.347802385566885,1.3909223458794697,,
2004-10-29,431.4402237036,995.7280128759636,88.60304401482749,12.061462,2.5507927,8.035508,0.73308855,9.252574620882525,0.9253248782595125,10.119874888595398,1.3916561637024987,,
2004-10-30,491.3981737036,887.2281786071453,88.26891794074804,12.652977,3.0924008,8.377814,0.77976215,9.901655134910284,1.2111137342595386,10.799979232422944,1.6774446220680055,,
2004-10-31,449.3995237036,918.5219259631162,87.97110829894477,12.78079,2.9091754,10.021762,0.7626328,10.928178022699658,1.0842872623388609,11.875566405255702,1.55061850496249,,
2004-11-01,412.0013237036,855.8234054992492,87.89225326059845,11.903921,2.5443957,9.5985365,0.76523745,10.34771064754445,0.9749395676259597,11.26735467379653,1.4412704615384837,,
2004-11-02,419.6218737036,814.2469857857795,87.78020156603475,11.700449,2.4064445,8.215264,0.8711636,9.400527818977121,1.0001391593113962,10.274899743806209,1.4664703117147062,,
2004-11-03,441.0597037036,838.8225594083427,87.68870125078146,11.211475,2.3697162,7.5900598,0.8666138,8.83803431255773,0.9947210070399735,9.685520970567831,1.461052798588652,,
2004-11-04,468.4052637036,841.8294014563826,87.59323382611642,10.49897,2.0849507,5.411073,0.9198085,7.229982229924686,0.9512225831048303,8.000609495235985,1.4175581979112721,,
2004-11-05,561.6314737036,842.8122663569072,87.29731866194732,10.693581,2.0891502,4.5028806,1.0457592,6.978516937695484,1.0448931501622876,7.737125021629326,1.5112296302571788,,
2004-11-06,451.6015437036,763.8649704953579,86.90671266613914,10.462513,2.1770022,5.3374944,0.96458185,7.241673783218111,1.010802239149344,8.01285986481126,1.477137815484802,,
2004-11-07,451.7255737036,750.835010495358,86.55345112819354,10.405502,2.2522712,5.6058598,1.1008672,7.4087803899671,1.090052066114018,8.187953596137492,1.5563871096728379,,
2004-11-08,442.2361337036,729.4119604953579,86.30869855058609,9.6652775,1.8762088,5.936818,1.190303,7.344117344713705,1.0250001126192179,8.120199878360548,1.4913353585513371,,
2004-11-09,424.7232837036,715.2618404953579,85.98150204655259,8.80558,1.6532947,3.1953902,1.1989626,5.285573887553232,0.9722752370105568,5.963265080726585,1.4386194249366113,,
2004-11-10,411.4926037036,702.9756604953579,85.81537238620783,8.5772,1.581633,1.5506834,1.4903845,4.145068240349679,1.1067118017985105,4.768247162210223,1.5730630303023365,,
2004-11-11,408.8651337036,686.3324104953579,85.65132863855519,9.008926,1.797916,2.0505629,1.518839,4.648297168118713,1.1646789077737085,5.295528712524583,1.6310268463581743,,
2004-11-12,422.1697537035999,681.449080495358,85.39101274991633,8.528532,1.6355398,3.527664,2.1805751,5.440657074829314,1.484695508965624,6.125760714229109,1.9510388544261041,,
2004-11-13,420.88763370359993,677.928310495358,85.07470211313982,8.207261,1.4774485,1.5061871,1.8155563,4.072949236344913,1.2549721420954798,4.692681116340511,1.7213238658126757,,
2004-11-14,407.4716237036,507.763950495358,84.8997895838422,8.158684,1.411047,0.13510692,2.4335222,3.7072800113292605,1.4890956973865173,4.309534152346824,1.9554500235518062,,
2004-11-15,72.62098209880001,500.149250495358,84.58192173899802,8.164249,1.3934996,1.380092,0.8024631,2.240248759088575,0.7226506398813901,2.7723838210444964,1.1890169441671312,,
2004-11-16,104.98453234455856,498.0323570485152,84.45441731850796,8.203594,1.396151,2.3771908,1.1226175,3.391560814969914,0.9585032102878976,3.9787246576335833,1.4248599064202574,,
2004-11-17,117.23852696532838,507.38184501432585,84.3424734872431,8.251573,1.4092731,2.7909744,1.1734697,3.815904914950014,0.9892349670847568,4.4233509550449925,1.455588504206811,,
2004-11-18,127.25617526714328,518.8743140625514,84.2019930853269,8.480825,1.4941244,3.688037,1.3278111,4.631982366430236,1.1061573886284901,5.278434119084756,1.572505429330419,,
2004-11-19,126.46445091454068,515.6057732136392,84.06290230336381,8.375353,1.5324745,5.2178493,1.0598556,5.83976247320532,0.9030415787578125,6.543941986373933,1.3693828826200867,,
2004-11-20,123.88115531185564,484.59946711654624,83.9170296429728,8.3984585,1.467894,6.1879797,0.92718047,6.638013200143197,0.7965976717852024,7.380346369375838,1.2629354388187388,,
2004-11-21,84.88261209879998,506.607630495358,83.81967932581144,8.394037,1.5104206,6.5756407,0.8214429,6.836592152214878,0.7361930869427794,7.588416716548355,1.2025300873273093,,
2004-11-22,97.34597087887327,492.0011787938993,83.69454785943346,8.378555,1.464215,6.854277,0.7530651,7.106051216225181,0.6735930105898533,7.87075500271862,1.1399290428024567,,
2004-11-23,119.6590427777816,505.2042555984952,83.53180351629264,8.242582,1.4386154,6.304015,0.7519111,6.675243701138321,0.6674314574141573,7.419356361052428,1.1337690772775473,,
2004-11-24,132.06186209879996,466.7900404953581,83.41449665682325,8.259314,1.4681623,6.692766,0.973858,7.03822917465533,0.8252602241847597,7.799691299399782,1.2915964922627874,,
2004-11-25,455.15174209880007,1428.911580495358,83.72120008908202,8.163612,1.4474885,6.607621,0.73333883,6.983517313032185,0.6569733366746254,7.742364397814193,1.1233097988585148,,
2004-11-26,78.94567209879999,1442.4868704953578,84.03444047850479,7.646855,1.2441658,6.218894,0.76367396,6.292989521820473,0.726920070164278,7.018831738633731,1.1932592764787529,,
2004-11-27,105.0571120988,1087.5330304953577,84.22242812420522,7.733579,1.2407718,4.8313794,0.669062,5.087038682512558,0.6198364949742181,5.755240571543615,1.0861818015586953,,
2004-11-28,1841.4852420988,5712.534230495358,85.9586391790154,8.903269,1.2437329,4.190639,0.62809974,5.339462933299302,0.563502753816353,6.01972983864883,1.0298466458800504,,
2004-11-29,1453.9226020194214,6496.536812388234,87.51746586770284,8.0786295,1.1400524,5.0068483,0.890574,5.568593490097097,0.7569880476809084,6.259812052817934,1.2233307188520803,,
2004-11-30,1464.2631156582006,5445.167026775552,88.04368160056381,8.270889,1.116079,5.42996,0.7900749,6.032016413610264,0.6660508197282798,6.745385007943015,1.132391205142059,,
2004-12-01,1556.9864083841549,8536.947505438244,89.81309295231094,8.496665,1.0240742,5.767863,0.78484774,6.188779753371036,0.6823218901472803,6.909641099475683,1.1486615579485853,,
2004-12-02,1628.8780500636171,7717.917211324841,90.62359548307643,7.818527,0.9638641,5.3363137,0.80194145,5.768892268075006,0.6831585615585222,6.469684427696067,1.1495002146504216,,
2004-12-03,1713.641158522681,6482.976597100557,90.58205599873314,7.3931274,0.8648571,4.5569763,0.74161,5.149921535660643,0.6138000784680868,5.821129010117898,1.080145025857489,,
2004-12-04,1659.4586405640189,4958.056527805516,90.23100054569463,7.280538,0.82281774,3.8041377,0.7278013,4.675906413617425,0.5830250850946331,5.324457585580649,1.0493728515610126,,
2004-12-05,1537.7694528424431,4006.806199266012,89.79344884158145,7.26909,0.78113574,3.5250573,0.7032107,4.5634522667642425,0.552430699936404,5.206628514913155,1.018779172906171,,
2004-12-06,1180.7654612530253,3109.6632214278206,89.53176578071744,6.9099274,0.7129748,2.7679286,0.68388206,3.9078447829005714,0.5330960097730251,4.51968523440287,0.999448889594749,,
2004-12-07,932.5168584576558,3072.1092699744245,89.57270309894994,7.2209735,0.6734699,3.7040176,0.5711117,4.522975643661714,0.46534425296332554,5.16421724758874,0.9316929837708201,,
2004-12-08,968.8121828503764,3363.5210506001345,89.70315437965817,7.0661006,0.71368074,4.3818836,0.6440294,4.982138026358153,0.5248619190071014,5.645326022609983,0.991207834862494,,
2004-12-09,785.2755310865975,2540.882641044549,89.70036623794918,7.092816,0.6595713,4.5958085,0.62963605,5.185329114210733,0.5055636863869628,5.85822894988793,0.9719084335137729,,
2004-12-10,1578.1944489189452,4314.268424692058,90.25766762329881,7.0434556,0.63685817,4.947054,0.6311536,5.508538908544913,0.4925852991499536,6.196887067553873,0.9589282845078086,,
2004-12-11,1184.3326115011894,6371.39828474545,91.8404108290706,6.925561,0.6741334,5.0168533,0.7419596,5.3160361263093385,0.6345205908007486,5.99518331036528,1.1008646110745293,,
2004-12-12,1588.2296207019149,5859.960129651527,92.22556394930217,6.9832025,0.6423698,4.849201,0.8814522,5.304249223114855,0.7068922158488098,5.982833033489613,1.1732363008672295,,
2004-12-13,1441.315856838985,5394.228874861238,92.14807941699894,6.724891,0.5891732,4.20029,0.73722196,4.732617555387697,0.5948903651743891,5.3838793260702,1.0612377808337252,,
2004-12-14,1336.0912846130548,4299.347478823134,91.70223103296371,6.3143005,0.59471405,2.036488,0.6943165,3.050703313042441,0.5481476760865549,3.6215753322770583,1.0145070588553708,,
2004-12-15,1208.5868816713464,3487.3266928940347,91.11134924993381,6.1250277,0.60619086,0.37738788,0.86200875,1.856657446757347,0.6588910760490607,2.37045815522514,1.1252609181982747,,
2004-12-16,1041.6579161917812,3044.291766488514,90.54986957294317,6.0136724,0.6145401,0.15089464,0.93100715,1.6455309655539676,0.7111318143939016,2.149240549920011,1.1775036755521695,,
2004-12-17,876.0449590282758,2763.9484571606386,90.11268830803463,5.807936,0.5985471,0.24347591,0.96071666,1.5826864065773179,0.7435859984135053,2.0833922358476555,1.209958470400222,,
2004-12-18,680.3160494833372,2255.4382473921078,89.69798281889149,5.557315,0.5908292,0.05337727,0.9745992,1.3288304276640375,0.7611659482819857,1.8174028089055732,1.2275409336306722,,
2004-12-19,387.7894737036,1898.944240309857,89.56383395954788,5.379539,0.58212227,0.27247953,0.9744174,1.138546228012405,0.8151729182542243,1.6180236749645893,1.2815498358756088,,
2004-12-20,387.7894737036,1578.5898746762923,89.31707833336925,5.014778,0.54005945,-0.3778032,0.7706728,0.6856672184674286,0.6277888036308563,1.1434985968528115,1.094170486614678,,
2004-12-21,459.4710237036,1415.6491904053912,88.86048692958485,4.873402,0.5479771,-1.0223037,1.0357056,0.4223535368800234,0.7933661461698538,0.8675994213783202,1.259750707652828,,
2004-12-22,420.9015337036,1563.122986085179,88.61432838680146,5.058837,0.6431014,-0.17889428,1.1959733,0.9322659290522047,0.9520789781619374,1.401883882848018,1.41845803725974,,
2004-12-23,742.1315737036,4041.293732300586,89.37690436432405,5.7864437,0.59693617,0.7820535,0.90464175,1.5584669748352769,0.7698804808544623,2.0580151980583308,1.2362531894516795,,
2004-12-24,439.1835160445153,4725.521222745075,90.8020918236118,5.2153707,0.644612,0.8942546,0.8954396,1.2617031097750786,0.8211270662551058,1.747067034684779,1.2875027285328056,,
2004-12-25,888.6394114151257,3493.70523117774,90.68491732326468,5.1945724,0.6047269,-0.1478455,0.96157205,0.9354748468425063,0.7763329027545298,1.4052461759395591,1.2427119281667505,,
2004-12-26,913.2967199073498,3159.123239580965,90.31206193630078,5.1548123,0.59414226,-0.03124535,1.0827705,1.1318000918540823,0.8504471331963097,1.6109550965584114,1.3168241200823907,,
2004-12-27,829.6874695849159,2776.4458119214664,89.86058424037394,4.9284363,0.5640369,-0.4877857,1.0020419,0.758361118847321,0.7823335779420313,1.2196670171791955,1.2487144802130126,,
2004-12-28,773.5419873347631,2344.8513745349837,89.41164214375836,4.7479734,0.5436317,-0.848596,1.123213,0.5396770625803198,0.8552890795440683,0.9905306105566813,1.3216723486746877,,
2004-12-29,696.4088588346954,2192.066220772814,89.13969171291896,4.835783,0.6043105,-0.30546498,1.1835046,0.9340854875752373,0.9099034186655948,1.4037904100486018,1.3762824586611548,,
2004-12-30,638.9389303799913,2021.0763409647025,88.8708311106975,5.0393696,0.6684274,0.45216882,0.80835986,1.554020070717104,0.6348298602101263,2.0533557471242903,1.1012026123240288,,
2004-12-31,461.16972993127285,1806.0670518739107,88.79353025638352,5.1610994,0.6790779,1.2391839,0.7108838,2.0369253388500037,0.5828885110985922,2.559342236344864,1.0492566696803947,,
2005-01-01,387.7894737036,1583.3953532734315,88.83386271160443,5.14249,0.8279839,0.69240505,0.6896662,1.5678663636026893,0.5774393940001954,2.0678638454786222,1.043812010690922,,
2005-01-02,387.7894737036,1339.5414643353013,88.7578111910974,4.909302,0.7865083,2.5810862,0.9460632,3.1037756254075624,0.7546188737825602,3.6771843197546086,1.2209778295026112,,
2005-01-03,551.1182737035999,1514.9862982202606,88.71719464849451,4.7857275,0.7237399,4.0200605,1.024665,4.2242965977111675,0.7757484442371482,4.851262364225,1.2420991355670497,,
2005-01-04,729.2183737035998,2733.081965206806,89.02104079759557,4.4780273,0.6303914,4.6150074,0.9746612,4.586157108959492,0.7807532278415209,5.230418570952717,1.2471015570008208,,
2005-01-05,640.1575993318793,2327.3904111908864,88.96775871465613,3.944032,0.6004032,3.0173361,0.9378942,3.217242373170981,0.7468879688355171,3.7960743901944447,1.2132460223450956,,
2005-01-06,636.4618144129129,2598.0932921903327,88.8928220958283,3.47678,0.5510453,2.0504344,0.9899355,2.3310956692075866,0.8025052019560489,2.86757290292257,1.2688706930039402,,
2005-01-07,536.3701369685516,2669.836052026201,88.86124502380727,3.2922873,0.4800235,1.4201097,0.8681696,1.7333086190969869,0.727378857190071,2.241213675249489,1.1937498727375218,,
2005-01-08,586.20682435859,2523.336208078367,88.7216899659696,3.211865,0.49825317,1.0452892,0.9556316,1.4537290807061156,0.7811451878145287,1.9482711906183758,1.2475189273655078,,
2005-01-09,494.6318314517767,2310.1695515206807,88.59442846236388,3.085345,0.4659601,0.5448452,0.7550788,0.9928669905555934,0.6273244602937235,1.465381467936903,1.093702885220931,,
2005-01-10,470.841189626609,2013.230836445147,88.43955205912816,3.2087262,0.44548163,0.5157242,0.86650586,1.0261668123083103,0.7073228840658975,1.5002729073396537,1.173700962308876,,
2005-01-11,440.3850575520126,1755.4419642125995,88.3092412471071,3.0854542,0.4847861,0.026473045,0.94310457,0.6399683661264259,0.760202851468515,1.0956154955836208,1.2265850283388071,,
2005-01-12,450.8255437036,1805.967943282737,88.34468729517107,3.2925322,0.46073264,0.36891854,0.9384806,0.9529505856978311,0.756624917471505,1.4235571953743438,1.2230037596389969,,
2005-01-13,387.7894737036,4885.563852081156,89.6159984090932,3.7458897,0.4621584,2.585682,1.0198963,2.671000748357411,0.9455066191727974,3.2237242829483694,1.4118691511938823,,
2005-01-14,1818.4182213712456,9355.808183412246,94.70921607836091,3.698148,0.56906086,3.078025,1.101223,3.1789397214318584,0.9266562148405479,3.755941002633257,1.393014571260616,,
2005-01-15,2128.0489895001765,8032.971815029758,96.25389799674863,3.3409371,0.47018808,1.1442142,0.8119284,1.6042795558620524,0.6493936454586098,2.106017463855712,1.1157659070577417,,
2005-01-16,2717.259529806571,6982.164415029759,95.99547003742744,3.415157,0.46442387,0.33762324,0.69779843,1.1997835282550815,0.5188889657283029,1.6821879088296268,0.9852652569872566,,
2005-01-17,2516.2252076365585,5805.142515029758,95.21744607125149,3.4544284,0.48566988,-0.09084141,0.6086068,0.981181559398875,0.44925661315795945,1.4531375131155417,0.9156351600426496,,
2005-01-18,2324.6650428702424,4178.641415029758,94.01767608517015,3.3834057,0.48288745,-0.47915614,0.5635653,0.9015511239417858,0.4011502104602198,1.3697010150466298,0.8675295925820782,,
2005-01-19,2014.4289991194505,3542.1158150297574,92.89539121132113,3.4087682,0.50148606,-0.76411426,0.4962722,0.748691929789696,0.3648767508571719,1.2095356739370853,0.8312577566242345,,
2005-01-20,1702.7182681845557,3379.9728750297577,92.06614359134046,3.3621562,0.48693532,-0.98926604,0.56081635,0.4684747233725954,0.40705619770391566,0.9159250429278482,0.8734402492713579,,
2005-01-21,1302.1718852322133,3061.751575029757,91.47260769121142,3.1284668,0.48866618,-0.8731011,0.44348288,0.32094578809952184,0.34362247400190227,0.7613447288511583,0.810008165201106,,
2005-01-22,469.158546327038,2488.006630161233,91.53736998810547,3.040921,0.5235985,-0.50873554,0.3316899,0.05442261866680807,0.29116808512028836,0.4820826629834382,0.7575568015374141,,
2005-01-23,387.7894737036,1934.157831715807,91.6265987834843,2.8904226,0.5263287,-0.4649061,0.3221271,0.09546886964350068,0.28235973077190335,0.525090784447227,0.7487479759954694,,
2005-01-24,387.7894737036,1695.406216053265,91.65761568757705,2.7678108,0.5170173,-0.55091727,0.32487693,0.06686810179201245,0.2813725615334132,0.4951229976592716,0.7477611348781801,,
2005-01-25,424.6707680195505,1508.2787482950853,91.63062703525141,2.902804,0.4655171,-0.90844524,0.6074294,-0.0711103348541813,0.48488544112501514,0.3505496633970801,0.9512756105616376,,
2005-01-26,581.3169960379147,1493.9454745400335,91.38811578761114,2.8957896,0.4659125,-1.023888,0.7523143,0.07408166204926715,0.5570813986599111,0.5026813414385009,1.0234698891591902,,
2005-01-27,668.4398669364925,1486.4216345766886,91.03058948910892,2.697135,0.49101815,-1.0095104,0.4802975,0.1402941421251915,0.36464388007168136,0.5720585517260142,0.8310316129206361,,
2005-01-28,684.0519579348083,1463.213719324328,90.72497284983223,2.5779872,0.49676272,-0.94256556,0.40195277,0.17897288278999593,0.31633365897662136,0.6125860039779356,0.7827209515552356,,
2005-01-29,681.6324734845075,1426.6537048921937,90.35350955318133,2.7064462,0.4555574,-1.1608881,0.5907976,0.08946428874234896,0.42605441331418237,0.5187992051046332,0.8924427273475044,,
2005-01-30,571.2098637820228,1297.1441521600716,90.022358389461,2.855229,0.43594557,-1.098426,0.8197181,0.11032067133617411,0.5845050763082058,0.5406524514924659,1.0508931515139843,,
2005-01-31,468.464823133701,1238.1177445199091,89.76532656376509,2.8493485,0.4403343,-0.6532837,0.69594115,0.3082050714271457,0.5191691286240185,0.7479950494738039,0.9855549625904926,,
2005-02-01,393.9445243338755,1148.093469549112,89.58034082129993,2.9318352,0.43488747,-0.6700393,0.71435916,0.25013175715922825,0.5433418365337573,0.6871460292975738,1.0097283235970933,,
2005-02-02,387.7894737036,1025.396032091061,89.40588505356499,2.9304776,0.43458346,-0.69675314,0.71889395,0.2985881630067927,0.5350818378859363,0.7379184857047149,1.00146777973848,,
2005-02-03,387.7894737036,932.7014642164684,89.2412171950291,3.0162377,0.42491338,-0.799533,0.8742643,0.3210469858288613,0.6300002447962617,0.7614507634860332,1.096385934862228,,
2005-02-04,387.7894737036,845.619295911446,89.08069653023021,3.1232648,0.40893096,-0.6627134,0.9069188,0.5276158068263278,0.6349328465747205,0.9778928680069887,1.1013162478377172,,
2005-02-05,387.7894737036,758.9473680129613,88.9475831382072,3.1685236,0.4356229,-0.20528519,0.88633364,0.9356282845771932,0.6048187540328224,1.4054069474734634,1.0711977778346269,,
2005-02-06,387.7894737036,681.4965314482934,88.82737468167338,3.36384,0.46807072,0.067987084,0.8847469,1.2632679553546544,0.5888797277065314,1.7487066745339015,1.0552553741452724,,
2005-02-07,387.7894737036,640.645390495358,88.71366741641573,3.4601321,0.49450216,0.49296558,0.88459885,1.6117879684311789,0.5817374841576058,2.1138847528794185,1.048109672725279,,
2005-02-08,400.3155037036,607.0217704953579,88.56500337599894,3.4375768,0.4477619,0.6652962,0.8989952,1.766999591373095,0.5702099737156643,2.2765149608335675,1.0365806670390858,,
2005-02-09,387.7894737036,769.551630495358,88.49449823821664,3.4133406,0.46911165,0.26264083,0.90766245,1.3183435886257662,0.6236655544137298,1.8064147348087385,1.090040645174785,,
2005-02-10,387.7894737036,2354.784930495358,88.76843161426609,3.2160203,0.4486063,2.001051,0.9227378,2.172842949397102,0.7948014004707652,2.7017562440650047,1.2611683142547827,,
2005-02-11,437.03377370359993,1393.901000495358,88.71592911050257,3.072062,0.43407735,0.3553307,0.75097954,1.003799101803742,0.5810377345111196,1.4768360967331604,1.0474160454843882,,
2005-02-12,438.58366370360005,1210.205830495358,88.63270504816784,3.1230426,0.41477558,-0.28853786,0.87081516,0.6189542457417643,0.6486279301219637,1.0735969720777492,1.1150103349020555,,
2005-02-13,419.8884737036,1062.635280495358,88.5233317871625,3.0513651,0.42947596,-0.27705693,0.84607315,0.6656369425501055,0.6185223497121286,1.1225109422167132,1.0849042488775185,,
2005-02-14,450.5678037036,1036.259300495358,88.396335063642,3.1148553,0.47215152,-0.5686699,0.9201781,0.5475848642991104,0.6570944222264334,0.9988163781661623,1.1234776048164967,,
2005-02-15,194.6587420988,2962.987130495358,89.0111449617445,3.379913,0.51240087,1.2137243,0.7751944,1.347262850767511,0.728091674346551,1.8367162388253067,1.1944664747196314,,
2005-02-16,438.54457370360007,3747.514530495358,89.59517175472183,3.4414608,0.51351464,0.75335896,0.8184342,1.0349728760259236,0.7346648243112435,1.509499870800946,1.2010428110863345,,
2005-02-17,387.7894737036,3152.22960923301,90.16224671906807,3.1723433,0.4550884,0.5085633,0.6249565,0.800365615056973,0.5587244620441,1.2636791847224815,1.0251049159525343,,
2005-02-18,387.7894737036,2412.192772834853,90.34748521528465,3.0066328,0.43968734,-0.22230935,0.40832236,0.22488983423449593,0.35700282402152855,0.6606976287422363,0.8233895961597044,,
2005-02-19,414.1138337036,2062.958819486208,90.3239344116058,2.9213026,0.43115994,-0.45393932,0.36697778,0.11032929534671738,0.31401184503417096,0.5406614877012335,0.7803999201412983,,
2005-02-20,390.2099737036,1787.1772873330517,90.23887426623412,3.057278,0.44462395,-0.4868101,0.47465974,0.14832657879140043,0.39766070879901544,0.5804749114073566,0.8640483500760439,,
2005-02-21,387.7894737036,1399.184300495358,90.27804866110621,3.0557983,0.4303599,-0.6078309,0.55327135,0.18720978938767396,0.44315900657730484,0.6212166065545259,0.9095462056182111,,
2005-02-22,387.7894737036,1126.355270495358,90.30946730222004,3.1516647,0.4282347,-0.84383357,0.7923512,0.1794584205536484,0.5995382137361058,0.6130947487869628,1.065925500798837,,
2005-02-23,54.9368420988,935.133700495358,90.35597761829538,2.9490006,0.4390887,0.32870257,0.5843752,0.47409715739591984,0.5524869837709632,0.9218162100781583,1.018870973343132,,
2005-02-24,103.5593420988,779.1772604953583,90.27343990929236,2.862224,0.45784694,-0.20571554,0.4921757,0.15420361626336526,0.43774338137723623,0.5866328511808339,0.9041309557011985,,
2005-02-25,81.67579209879999,710.8206904953579,90.39927173664084,2.8913665,0.44607183,-0.21387339,0.4812313,0.10615696259573477,0.4340762745125481,0.5362897317071599,0.9004643973574427,,
2005-02-26,113.42418209879996,641.9897904953582,90.57388995940086,3.0052304,0.42178172,-0.19464064,0.5430955,0.2858148109477236,0.46587513142305975,0.724534611080742,0.9322612167353376,,
2005-02-27,108.9836920988,617.569400495358,90.73502579294377,2.890459,0.4540386,-0.28365862,0.51218134,0.19246221031413335,0.4406486598507582,0.6267200752467674,0.9070357992860618,,
2005-02-28,91.6362720988,607.154290495358,90.80589579368427,2.9604053,0.50103223,-0.4107896,0.5095931,0.0312938350245908,0.4476157282149299,0.45784840254491466,0.9140047109892211,,
2005-03-01,87.06682209879999,599.778420495358,90.8249604961919,2.9876418,0.52644986,-0.6036385,0.6463668,-0.14839570769913316,0.5683625644254946,0.2695703139169703,1.0347536373861579,,
2005-03-02,82.5371420988,558.190430495358,90.84908462183509,2.9699707,0.49180973,-0.6996838,0.52967066,-0.2269668197088353,0.4657684515624517,0.18724377133511452,0.9321604500789545,,
2005-03-03,81.76845209880001,541.063110495358,90.87215221233554,2.8397403,0.49069634,-0.4997381,0.4374179,-0.06131462314046617,0.38541354035174213,0.3608135766457455,0.8518035957567862,,
2005-03-04,88.93340209879999,537.8367104953583,90.87925447754246,2.81736,0.4852274,-0.38905466,0.42709962,0.06590857760254983,0.3729087032015162,0.49411761149352196,0.8392972875706022,,
2005-03-05,74.4748920988,530.426920495358,90.8834751013231,2.937306,0.49511403,-0.29101288,0.4883022,0.10645442483619921,0.4325002814109687,0.5366014116258947,0.8988884008517886,,
2005-03-06,82.30490209880001,495.2578304953579,90.87882365434842,3.0145545,0.4584068,-0.20485818,0.5779064,0.25392045758371906,0.4998396307922681,0.6911158166513308,0.9662260751300165,,
2005-03-07,76.1361620988,485.590550495358,90.91717805106954,3.2013943,0.5091714,-0.056690335,0.87092495,0.3849088549525865,0.7560366405291701,0.8283650116529937,1.2224216177891798,,
2005-03-08,105.62250209879998,976.109600495358,91.21055571784528,2.8404355,0.5445772,0.39204347,0.50648373,0.6311094028040483,0.46011252567267424,1.0863331040972846,0.9264947985617791,,
2005-03-09,197.1698720988,641.4789804953577,91.30271280459027,2.7614985,0.48139572,-0.50163877,0.47389472,0.2655385134301075,0.37973820288527654,0.7032891758528395,0.8461245163072726,,
2005-03-10,118.40688209879998,649.4571304953579,91.38877008214654,2.8502717,0.45528382,-0.33087003,0.42714998,0.1596713501139354,0.3680403841520827,0.592361924018948,0.8344278962213563,,
2005-03-11,79.52705209880001,610.203930495358,91.47678479413885,2.9808645,0.46570587,-0.2888943,0.4106624,0.08811396786718281,0.3672590782381,0.5173843435074751,0.8336474077511604,,
2005-03-12,54.9368420988,567.174390495358,91.53393722454183,3.1281555,0.5137861,-0.10159409,0.66143197,0.18361574392122115,0.6047272565571239,0.6174507780004066,1.071114496402208,,
2005-03-13,54.9368420988,544.4092304953579,91.56035827408809,3.010755,0.4943808,0.29635477,0.72200847,0.5451602388575859,0.6573919307307764,0.9962758639167004,1.1237751398475961,,
2005-03-14,54.9368420988,515.692670495358,91.72991964307433,2.9839683,0.4953522,0.14686751,0.6723496,0.4200068311387122,0.609488321524666,0.8651405511243866,1.0758729090178276,,
2005-03-15,54.9368420988,524.3133604953581,91.77294664648507,3.0419111,0.5329362,0.4102924,0.7341518,0.6598785286032085,0.6664433138970396,1.116477295767308,1.1328252752963954,,
2005-03-16,54.9368420988,513.662030495358,91.79389836272081,3.0169635,0.5399736,0.72460896,0.7885834,0.946091490703836,0.7142999003860467,1.416370259086279,1.180678814434073,,
2005-03-17,54.9368420988,506.9871504953581,91.74086185037103,3.030604,0.546915,0.95438147,0.78596574,1.1573646179723545,0.711138302516275,1.6377415196371763,1.1775150271983907,,
2005-03-18,54.9368420988,483.8130004953581,91.696084078676,3.0749686,0.5981456,1.5164791,0.85420907,1.6753998090761828,0.7695255673235547,2.1805370220610545,1.2358971397497664,,
2005-03-19,54.9368420988,498.8040904953579,91.653937304924,3.227932,0.69900703,2.3624482,0.84230655,2.4483131785193213,0.7619036557937857,2.990393008491395,1.2282681114856953,,
2005-03-20,54.9368420988,549.6579104953579,91.61830405997559,3.5161726,0.72653556,2.9202933,0.8725343,2.9744382402290586,0.7959933002386415,3.541665049682306,1.2623533023178581,,
2005-03-21,54.9368420988,619.842860495358,91.60443074486469,3.5289276,0.6458669,3.130427,0.88272583,3.1628706114800624,0.8125623385949058,3.7391038441552698,1.2789208225945745,,
2005-03-22,54.9368420988,714.160450495358,91.62320796520427,3.3561418,0.7370701,3.3185878,0.82613295,3.321270274914801,0.7689266211487495,3.905074470040027,1.235283860436173,,
2005-03-23,54.9368420988,796.3011904953579,91.66639072538037,2.931901,0.7670156,3.1631207,0.8859377,3.1481983824474726,0.8302384366700021,3.723730332729428,1.2965970374167322,,
2005-03-24,54.9368420988,788.1197104953583,91.68535708554613,3.270785,0.63234454,2.7119522,0.7502411,2.7483679324800674,0.7025618871896298,3.3047893540056004,1.1689237641530932,,
2005-03-25,54.9368420988,762.6185004953579,91.8172299750016,3.20872,0.63914776,3.0199375,0.6915302,3.0326230318234257,0.6464900121405339,3.6026308754201235,1.1128495411287294,,
2005-03-26,54.9368420988,793.192870495358,91.94104135600803,3.117768,0.6796471,3.483512,0.72677815,3.459821192961973,0.6811259248165579,4.050247648357233,1.1474820988892636,,
2005-03-27,38.7789474072,886.7098504953581,92.11979380875958,3.2388012,0.7162992,3.4400501,0.84557515,3.4316175866473992,0.8107004500386685,4.020696006070029,1.2770568391683417,,
2005-03-28,38.7789474072,7449.920930495359,94.65211546455788,3.6149998,0.72528374,3.6135564,1.9662534,3.613563859367432,1.956075123015107,4.21133868867386,2.422430140770458,,
2005-03-29,940.3233118900338,9465.470430495358,99.9915205430491,3.9265285,0.64831614,5.380117,2.0145981,5.248762890747049,1.833484479598417,5.924694644105164,2.2998288715339346,,
2005-03-30,4381.928972006161,8063.1715024862115,99.9915205430491,3.7238135,0.63478285,4.711369,0.9201668,4.363650023014111,0.636695142640878,4.99727640690157,1.1030449065622145,,
2005-03-31,3714.2361720061617,10185.282267553262,99.9915205430491,3.3177135,0.5872337,4.270547,0.9769998,4.015930298344603,0.7329211410544142,4.632936868013275,1.1992732605090886,,
2005-04-01,3729.201272006161,9328.162167553262,99.9915205430491,2.5299976,0.6664506,4.2971916,0.9917225,3.7924785309698903,0.7336077240874366,4.398804869989706,1.199961430235743,,
2005-04-02,9010.81597200616,16149.796467553264,99.9915205430491,2.9142456,0.9928679,5.9924555,0.6843527,4.890050571170981,0.565144643287389,5.548837101850083,1.0314911043668098,,
2005-04-03,12963.28797200616,17478.47646755326,99.9915205430491,4.382608,0.6989624,2.4955723,1.0017378,3.2991455265758725,0.6476113813128879,3.8818922343601665,1.1139687927336812,,
2005-04-04,5160.080972006161,11110.44146755326,99.9915205430491,4.035204,0.6490077,3.005251,1.0551138,3.331893232053381,0.7493156061861496,3.916205168217069,1.2156727630245225,,
2005-04-05,2878.175672006161,8365.246767553264,99.9915205430491,3.8368561,0.7099687,4.05414,1.0333412,3.998518110809922,0.790008109133028,4.614692437435022,1.2563603501773115,,
2005-04-06,2053.921772006161,6525.418667553264,99.9915205430491,4.679012,0.6232615,6.3815565,1.1261714,5.973961821152534,0.8694612329829933,6.684555604415502,1.335801891283845,,
2005-04-07,1689.2829720061611,5525.292467553264,99.9915205430491,5.428733,0.70890474,8.148597,1.1785814,7.511744353271707,0.9177537332440315,8.29583888492336,1.384088464431016,,
2005-04-08,1531.3009720061611,4609.549467553264,99.9915205430491,5.081127,0.57871747,7.343004,1.0394557,6.77897574650427,0.7934870344846996,7.528046443596611,1.259824252662954,,
2005-04-09,1235.3359720061612,3430.264467553264,99.9915205430491,5.4354343,0.5370728,6.820358,1.0068223,6.453664211335223,0.7537758338829658,7.187186129068336,1.2201143529974836,,
2005-04-10,1046.8955290328686,2714.0511899166563,99.9915205430491,5.413182,0.595774,7.803377,1.0340761,7.138043385002311,0.7644367845614813,7.904276287803539,1.2307727073407226,,
2005-04-11,969.4736841976,2086.502326067527,99.909281109207,5.490469,0.53327185,7.337773,0.95640737,6.751736673134526,0.6745564217733228,7.4995054356319075,1.1408937442388318,,
2005-04-12,420.5838066849665,1891.7386086241925,99.9915205430491,5.3595405,0.6727992,6.374,0.9064396,6.189481995903522,0.7515983730154553,6.910376906800726,1.2179380376653537,,
2005-04-13,969.4736841976,1348.058446668595,99.70547562023673,6.7089033,0.71916556,7.654067,0.8855424,7.258684663472939,0.5965191874162536,8.030683806993483,1.062854708056734,,
2005-04-14,54.9368420988,1209.1834182591103,99.76846562283248,7.6053853,0.96697754,7.5797625,0.91282487,7.5808759906521,0.8741655064274858,8.368274778255854,1.3405000346868101,,
2005-04-15,138.35150198563628,768.0093702611263,99.9915205430491,7.0034757,0.9343187,7.725421,0.8790205,7.615219576541298,0.7583735161649863,8.40425987015288,1.2247079456450995,,
2005-04-16,164.96341119990706,749.9970382218279,99.9915205430491,7.203726,0.9424595,8.906101,0.90295106,8.599170303965375,0.7594073811584771,9.435240078880529,1.225739553589476,,
2005-04-17,130.6161970455509,646.1648089382284,99.9915205430491,7.4649043,1.0229812,9.976048,0.9194028,9.55379805656269,0.7839102344156493,10.43549577482027,1.250241275401478,,
2005-04-18,102.49714797098976,570.2103389564902,99.9915205430491,7.6506114,1.0948039,11.520483,0.9462661,10.93084961552786,0.8192502529366678,11.878365691088709,1.2855814980561857,,
2005-04-19,91.46303671773568,537.364023619949,99.9915205430491,7.9627256,1.1969599,13.365208,0.97291124,12.57941545085987,0.8494338663164952,13.605727338009196,1.3157682083508666,,
2005-04-20,128.69162955087336,601.303737613737,99.9915205430491,8.240093,1.2730789,15.866324,1.053398,14.521888331346672,0.8962487071022547,15.641043782171902,1.362590687279148,,
2005-04-21,141.44215768989687,590.5684647202208,99.9915205430491,7.577863,1.1158731,15.515708,1.03201,13.981924367437621,0.8600657615344525,15.075271386562472,1.3264051854050816,,
2005-04-22,121.53807477828713,558.1742072467838,99.9915205430491,6.8273354,0.950364,13.719411,0.97209084,12.487051831526628,0.8161599735440755,13.508949053401064,1.282494059868423,,
2005-04-23,296.35343430305306,845.8532639173669,99.9915205430491,6.36346,0.8442313,13.645854,0.9791585,11.756386481194092,0.7574710461334331,12.743360396977183,1.2238034535049467,,
2005-04-24,1245.2869500483648,2910.542862202144,99.9915205430491,5.967093,0.7987292,14.028186,1.0378534,11.61269382786716,0.7652526473836717,12.592799726009988,1.2315847964229314,,
2005-04-25,657.1199353983825,1853.5405048219209,99.9915205430491,5.771354,0.64897543,8.83423,0.99667925,8.032577999354059,0.7551672015597515,8.841566598907693,1.2215005384425885,,
2005-04-26,523.8139243141175,1453.1326050621317,99.9915205430491,6.3974147,0.7577296,10.282098,1.0343982,9.252807906020543,0.7863835526693378,10.120119323965568,1.2527148378828459,,
2005-04-27,637.8096443854075,1763.8292693776136,99.9915205430491,6.7829285,0.87143016,10.627612,1.0964801,9.606569235394094,0.837879977958636,10.490789235610565,1.3042109868014287,,
2005-04-28,629.1950673404228,1855.783959014932,99.9915205430491,6.793546,0.92908317,11.034304,1.0667195,9.96054664319276,0.8306345310634122,10.861685553490773,1.2969654066383163,,
2005-04-29,546.191471024392,1536.540224077559,99.9915205430491,6.8862557,1.038817,10.607774,1.0258617,9.631814459067728,0.8043700837363701,10.517241094679319,1.270701078328603,,
2005-04-30,478.7081291079388,1372.7617307475434,99.9915205430491,7.809773,1.1523858,10.258662,1.106697,9.625487890642717,0.8729758505884854,10.510612137909884,1.3393068486835242,,
2005-05-01,546.6135262599253,1319.1072220032988,99.9915205430491,7.960439,1.2421703,10.992469,1.0567147,10.10415346912911,0.8310436933599352,11.012156294811504,1.2973745557339487,,
2005-05-02,458.8828999169836,1145.9932027735908,99.9915205430491,8.047737,1.2849766,10.775493,1.0219384,9.995544375959026,0.8170106161133763,10.898356058249501,1.2833414862973611,,
2005-05-03,423.818759178412,1046.330579789812,99.9915205430491,7.584653,1.1808672,9.864137,0.9712667,9.207000738291292,0.7705443794372752,10.072122730202828,1.2368757109042734,,
2005-05-04,334.8728246468444,858.0280604133665,99.9915205430491,7.6759105,1.2164838,8.834995,0.9450012,8.509615345251843,0.7606810031255158,9.341404699268802,1.2270133351770403,,
2005-05-05,317.63265378872507,780.0123001802748,99.9915205430491,8.33687,1.4288516,9.661338,0.9691283,9.278068038442782,0.8032745417453083,10.146586804370147,1.2696058024791976,,
2005-05-06,280.7959354896998,686.0909603315538,99.9915205430491,8.68285,1.5322928,10.88253,0.98988783,10.243715788241518,0.8315076711368955,11.158389215707563,1.2978385432827317,,
2005-05-07,325.5475741888775,709.5354772137109,99.9915205430491,8.749342,1.5751044,12.234669,1.0069897,11.13848647587488,0.849644833706334,12.095926883589215,1.3159762977800384,,
2005-05-08,296.9467456955162,648.9185829005887,99.9915205430491,8.800219,1.5949558,12.677473,1.0114499,11.460240480184998,0.8557101295261862,12.433059629444315,1.32204203030283,,
2005-05-09,269.67150002715664,588.632410500304,99.9915205430491,9.421818,1.7872293,14.047154,1.0442001,12.593914546810407,0.9100263545312409,13.620919441183489,1.3763607375926439,,
2005-05-10,145.1748302184825,431.06537049535785,99.9915205430491,9.673948,1.8593031,16.056309,1.067182,14.448371475057973,0.9256012799957327,15.564013071457406,1.3919428925181156,,
2005-05-11,103.4105262964,432.74887049535806,99.87385908034791,9.531567,1.8564013,18.329746,1.1020494,16.632817327312782,0.9588529522710462,17.852867968295406,1.4252081259585554,,
2005-05-12,114.99595513260256,420.6450370900221,99.67136794901347,8.765808,1.6562296,18.145672,1.0964906,16.13192307367656,0.9316130167174547,17.328032681556724,1.3979645986174718,,
2005-05-13,155.1285390385893,408.9568411761064,99.42633279178072,8.494476,1.5710782,17.124113,1.0367295,14.750885570403227,0.8669534818483413,15.88098630646746,1.33329664684487,,
2005-05-14,160.06990859175824,412.1516460020049,99.24720991800602,8.564308,1.4522125,17.641766,1.0491759,15.10249078199542,0.8579546830004536,16.249397045271472,1.3242997839215487,,
2005-05-15,103.4105262964,658.6122204953581,99.20769215081123,8.270191,1.3637495,17.322344,1.0058123,16.093918727563057,0.8887993731552406,17.288211857610353,1.3551506942465255,,
2005-05-16,103.4105262964,483.0591504953581,99.19899307878252,7.9170322,1.3225275,17.126968,1.00193,15.503006598062672,0.8575775860869171,16.669056148251915,1.3239250644904845,,
2005-05-17,170.39011616224855,443.2517942400586,99.07489608415013,7.6460195,1.2420613,16.97301,0.97629327,14.383181356387052,0.7850220552328017,15.495707087955287,1.2513633469131693,,
2005-05-18,172.87214705825284,437.7757034106028,98.97412056388747,7.717486,1.2128118,16.360115,0.9536666,13.913418717777702,0.7650569917204196,15.003491401023657,1.231396115107472,,
2005-05-19,181.33971984566563,453.7060562924915,98.85992636294606,7.9538608,1.1844898,16.846924,0.97261494,14.307476081226175,0.7728279214347481,15.416383359427257,1.239168846620996,,
2005-05-20,181.62489084014635,455.3377408005621,98.67291498941995,7.9903207,1.110313,17.796804,0.9971054,15.00056262153196,0.7799367625710506,16.142597067161844,1.246281287726841,,
2005-05-21,190.21626726184297,464.6027581080818,98.46516288707659,7.3560605,0.99247086,18.110113,0.9838697,14.986203068501542,0.7552591463485016,16.127551176582248,1.2216035913458416,,
2005-05-22,198.86739455757163,489.7659141984991,98.24276391050432,6.927156,0.94627655,16.367466,0.9318355,13.641240229942758,0.7168643417049434,14.71830371186582,1.1832023242732579,,
2005-05-23,209.9178888953171,486.7791460497075,98.04558906326587,6.9088206,1.000652,14.618875,0.91743666,12.295801304061335,0.7083750611506875,13.308557404480153,1.1747086490146041,,
2005-05-24,211.10740111513556,485.87601033612185,97.8387060548133,7.07443,1.0905288,13.405585,0.9561076,11.487958958862585,0.7438715531029947,12.462102956651812,1.2102034970405169,,
2005-05-25,217.5255013149432,482.56792058712375,97.6237384527374,7.3291306,1.1997558,12.591029,1.0318078,10.956108630711107,0.8029875029612608,11.90483200085409,1.2693187720820394,,
2005-05-26,219.3146625805672,459.9185333502566,97.40530887206971,8.216719,1.465826,12.828366,1.1498519,11.339331372759002,0.9111509776147761,12.306371479990466,1.3774827003989847,,
2005-05-27,223.9776507375642,461.7309290411391,97.17233309800346,9.134796,1.7839439,16.271278,1.4398342,13.940240716796625,1.1311642084086275,15.031595399909268,1.5975034488045756,,
2005-05-28,218.28643786336727,452.15760929226656,96.93963120865773,9.264843,1.7772429,20.310682,1.6648015,16.714324142253286,1.2631051478508868,17.938270530372957,1.7294609331467254,,
2005-05-29,160.94005052495015,360.6562767443138,96.79762553418882,9.028698,1.7317572,21.662752,1.5824838,17.764478309442417,1.2177026838746796,19.03861847698129,1.684067028809094,,
2005-05-30,243.1371910114682,441.74097498047695,96.52028079269705,8.818115,1.639657,22.546453,1.4252343,17.67278431396627,1.088061606660425,18.94254182196163,1.554425153961004,,
2005-05-31,244.5359165709084,496.67804788403777,96.20098569601045,8.853655,1.6470239,22.149239,1.3071011,17.762856369621527,1.030731263786852,19.03691901398129,1.497095594528698,,
2005-06-01,264.4549036502305,527.5579576417454,95.87862584561012,8.894466,1.5848637,23.198502,1.3118676,18.42235156208308,1.021579184512704,19.727935822270965,1.4879495341452973,4.476659294294932e-08,4859.999999955234
2005-06-02,287.71350639185016,531.5552607815285,95.56410847494557,8.644745,1.483934,24.72756,1.456415,19.079543994510804,1.0791214730130467,20.41653980646879,1.545498315260239,7.645691730096873e-06,4859.999992309542
2005-06-03,273.5914766959757,508.0763812534119,95.27400895087898,8.194725,1.3605521,23.987394,1.4074559,18.459803976194877,1.031354045548869,19.767178333752636,1.497724751915433,5.998572986107277e-08,4859.999992249556
2005-06-04,230.9882240801875,454.6856981592978,95.0225999168276,8.248884,1.3616136,23.371218,1.3782068,18.276841447677423,1.0225714852085033,19.575470821798163,1.4889404640798427,1.272708996020872e-08,4859.999992236829
2005-06-05,268.19587942931054,466.0100328396604,94.71665053406817,8.221481,1.1871188,26.78876,1.7622143,20.006373876153056,1.1996190002849507,21.387668988244087,1.666005838329873,0.0030872526109856527,4859.9969049842175
2005-06-06,264.32126224586585,461.4862292237468,94.49384428430487,8.076853,0.9853887,29.547552,2.206689,21.728450749656865,1.4482311405726036,23.192055249676073,1.914639158850675,6.262236481749646,4853.734668502468
2005-06-07,213.9224860661484,333.8644073293362,94.34838811357582,7.700108,0.87231475,30.937634,2.6212955,21.86288332043833,1.6335387122272564,23.332913237806135,2.0999485265884092,31.677263450561934,4822.057405051905
2005-06-08,282.9357812245711,441.05474390626046,94.01558773450884,7.4632854,0.7825542,32.121147,2.5660477,22.48484512698739,1.5928690229141833,23.98460269263817,2.0592874158849614,45.77371158658681,4776.283693465319
2005-06-09,311.58048400375355,489.07925310061086,93.63680603636544,7.4627175,0.71649593,32.42047,2.5453978,22.708044546073044,1.579647335575004,24.21847028098707,2.04606891491756,46.109398176453034,4730.174295288865
2005-06-10,289.97002220640127,483.8244697510497,93.29157676769303,7.402743,0.6867517,32.73356,2.643382,23.241145237424366,1.672722573562535,24.777051363071436,2.139151993835343,36.215986570916634,4693.958308717949
2005-06-11,299.73156878114884,470.62258892787634,92.93520369470112,7.3532367,0.6567192,33.372517,2.8369348,23.24886178843532,1.7518666148184878,24.785136738843004,2.218296150972724,36.6616532653472,4657.296655452602
2005-06-12,262.2313646240858,479.3010507422669,92.60093848248931,7.2869406,0.6415027,32.885567,2.8308852,23.833012129529145,1.8437961496551714,25.397207469423066,2.310234655740607,23.661555255684362,4633.635100196918
2005-06-13,458.87449615980967,454.17723288354057,92.25648340363132,7.511131,0.65535027,37.84365,4.497806,22.59936684882174,2.2614462498846057,24.10459816130328,2.7278662706419845,55.435251121481485,4578.199849075437
2005-06-14,370.91825447161114,521.9586679618724,91.79891412054057,7.4182196,0.6403512,35.91367,3.5708025,24.076111333545587,2.1043041417326993,25.651925984398435,2.570746495663187,21.30629405063239,4556.893555024804
2005-06-15,392.3752644500273,506.6827165400476,91.37982490210459,7.2779813,0.63038886,33.516758,2.66248,22.065386465313857,1.5255092772332528,23.545095340784343,1.9919218361331736,57.06242996143848,4499.831125063366
2005-06-16,320.83708685241385,545.8937334238435,90.89180062593849,6.882511,0.5679449,29.338114,1.9437845,21.02574047594517,1.2421755178751985,22.455757826975862,1.708574483873045,0.6346899973529724,4499.196435066013
2005-06-17,331.52847613098476,514.9654616353655,90.55872198308231,6.9371834,0.5740422,27.803432,1.7380607,19.63118756961701,1.0809886983841566,20.994550058765846,1.5473713717455833,0.00045954096915231594,4499.195975525044
2005-06-18,352.22684765020534,525.921278304872,90.17645099203985,6.7828336,0.5893865,25.95467,1.7416117,18.264810701020156,1.0695027176941716,19.562865046575727,1.5358715843149027,1.6896246420807312e-08,4499.195975508147
2005-06-19,368.1570766586891,521.4026768439394,89.76382829765622,7.0627046,0.6217281,25.531656,2.056223,17.888015418391088,1.2323869460103398,19.16806023744723,1.6987523807802893,1.189707565848689e-09,4499.195975506957
2005-06-20,360.7793467820301,529.9818384415603,89.31603530245323,7.308816,0.64672583,25.980558,2.429556,18.418061115229506,1.469069180986321,19.72344030672395,1.935439489854836,6.112074617184714e-08,4499.195975445837
2005-06-21,359.7047157137923,533.4171213415885,88.84579485127169,7.5109673,0.67452437,27.156504,2.731853,19.244266174272962,1.6540612618704944,20.589135143348976,2.1204398088655316,3.500903614586778e-05,4499.195940436801
2005-06-22,358.299457688985,531.1518694925168,88.37121472174726,7.3611083,0.6578781,26.14661,2.4029799,18.579208921798752,1.4592490598306656,19.89229042759099,1.9256209142369318,2.292918955107001e-07,4499.195940207509
2005-06-23,349.0394995146915,515.9656590329304,87.90917612182443,7.514939,0.66571075,24.116848,2.160823,17.41778729022609,1.3166005331301371,18.67535681215039,1.7829619127931389,6.566654674394038e-10,4499.195940206852
2005-06-24,352.41466978540774,521.5960442882935,87.41765138822812,7.676143,0.6815544,24.482933,2.233493,17.706174809565823,1.3609490307737981,18.977528269111144,1.8273128674207362,7.515962946087389e-10,4499.195940206101
2005-06-25,355.50775654485284,526.3014253567308,86.90823210968617,7.8953776,0.69624203,26.203346,2.435103,18.82235614332869,1.4802311715203353,20.14705925515286,1.9466054141086961,1.5801017471177242e-06,4499.195938626
2005-06-26,353.2355627028916,530.8736108046917,86.39717498974797,8.050055,0.704985,27.704702,2.5582983,19.85191587426153,1.5617696678068358,21.22582842185041,2.0281547718295876,0.0018104245454199706,4499.194128201454
2005-06-27,370.74499315699865,553.945266688939,85.87075729161067,7.9422474,0.6850049,28.440742,2.5511045,20.22208295195615,1.5527478416347187,21.61368822050598,2.019137146984714,0.014630164515284387,4499.179498036939
2005-06-28,336.8556552787205,513.3915843856832,85.39563686710937,7.8893127,0.678707,28.330206,2.4212835,20.23181977374165,1.486527986345372,21.623890429089165,1.9529174043211524,0.015428986797194873,4499.164069050142
2005-06-29,235.73611300358263,496.4655307429873,85.03759220684624,7.8585324,0.6509484,25.626724,1.7007523,19.906162825135038,1.172075412945235,21.28266819154175,1.6384611228634007,0.002499034118388233,4499.161570016024
2005-06-30,340.2685429510099,414.5504281458152,85.0143033079818,7.8232784,0.6278126,29.938616,2.3972106,19.969134489482663,1.3466359373101302,21.348649686187322,1.8130223547917237,0.0036674016230055107,4499.157902614401
2005-07-01,333.9192085853158,436.108370998693,84.74254277458871,7.962403,0.6697608,31.85956,2.8192523,21.49665869780308,1.6228958601201964,22.94918433008517,2.0893008300687947,4.236517208778823,4494.9213854056225
2005-07-02,330.1680207492996,541.098374954012,84.5578962752066,7.9830756,0.67512846,28.347982,2.1428223,20.630663111329838,1.3551649744537868,22.041797114836324,1.8215590990079407,0.1153952320580509,4494.805990173564
2005-07-03,373.7793153417475,537.5507268723292,84.20753403447135,7.9912405,0.6827622,27.380219,1.9528432,19.427886652434974,1.1854407513699456,20.78153205269193,1.6518212352641253,0.0001250059638760363,4494.8058651676
2005-07-04,372.26742947571813,526.836867869868,83.82381712622394,8.25021,0.7096907,27.850023,2.097873,19.734866666593927,1.2638963449270375,21.103184662168996,1.730280153065428,0.0008998853930563659,4494.804965282207
2005-07-05,362.0490947737588,535.6174512523962,83.42562283951403,8.172444,0.69751084,28.383493,1.9390838,20.23192304780619,1.1907177763181438,21.623998639300968,1.657107195489076,0.015619885953102389,4494.789345396254
2005-07-06,358.67124765455014,499.292625362469,83.09229255059597,7.81945,0.64597464,28.623453,1.9894571,19.926352909701745,1.1888432890098983,21.303823293134393,1.655229225294479,0.002829868508740432,4494.786515527746
2005-07-07,172.85554822118888,727.0647835907498,83.08279417165625,7.752063,0.7008839,20.847956,1.2397791,18.33251331653265,1.0106504970529988,19.633803615679906,1.4770199975151876,3.0923196651970446e-08,4494.786515496823
2005-07-08,122.80000000071472,623.9463504953582,83.16904567215173,7.7028513,0.72383434,19.390509,1.1902714,17.468511547356655,1.0016330472987618,18.728505515379595,1.4679948522258628,7.147237552627613e-10,4494.786515496108
2005-07-09,122.80000000073855,603.2499504953578,83.22614324927213,8.120203,0.79051906,19.475042,1.2105148,17.55454876255385,1.0146232772426516,18.81865501535971,1.4809858102199105,7.38557449791608e-10,4494.78651549537
2005-07-10,243.3169386593735,471.2729422258061,83.14527859650214,8.511986,0.786626,25.594893,1.517243,19.778184655225918,1.0358517728578411,21.14857310258246,1.5022360587558201,0.0011906152968733815,4494.785324880073
2005-07-11,354.3532418915462,524.6203455747627,82.84033072987302,8.298325,0.7514946,30.186983,2.0357428,21.36269393865093,1.2522453752084204,22.808816513381167,1.7186486113761716,2.4655400376284784,4492.319784842444
2005-07-12,375.8044240246867,545.6864766495478,82.47905145445027,8.488962,0.74904037,30.82216,2.0477715,21.714187098318543,1.250528954433271,23.17710984456163,1.7169367833545206,9.40639202812652,4482.913392814317
2005-07-13,382.58577578661755,518.1013478809729,82.15810662142603,8.468468,0.7414616,31.743189,2.1696901,21.85676213810907,1.2871945433008134,23.326499483885755,1.7536042754311132,18.619642208696664,4464.2937506056205
2005-07-14,391.45338158244755,513.0668798731247,81.74824684363881,8.58223,0.7499353,32.1477,2.2605836,21.949164029106246,1.3226967308283213,23.423317869412532,1.7891077088259246,37.53824963327113,4426.755500972349
2005-07-15,363.4969587785142,477.36639411917946,81.31986104812538,8.443732,0.74939144,32.09939,2.3278089,21.873280713172186,1.3606474869545255,23.34380759037096,1.827057441090538,32.28947417349349,4394.466026798856
2005-07-16,372.9570524052244,485.5094730539862,80.84636468940526,8.594223,0.75932723,32.056374,2.2912412,21.86334421000152,1.3371529752620948,23.33339615631498,1.8035627958164882,28.344747935322065,4366.121278863534
2005-07-17,374.79464939688796,507.5024350307665,80.3350551740896,8.465574,0.74172926,31.665049,2.2276046,21.810047372402718,1.3195023746250567,23.277551912065075,1.7859114806085035,19.103306544827046,4347.017972318707
2005-07-18,356.2371756607481,475.2444113362025,79.89474840016885,8.656748,0.75601435,31.657652,2.2536387,21.803221885717313,1.3281975270094204,23.27040019044787,1.794606541715539,21.435483795963883,4325.582488522743
2005-07-19,398.3155201561739,474.4636602990993,79.42554011351993,8.673584,0.7674352,32.92196,2.6209078,21.85558120370005,1.467204461590104,23.325262104848807,1.9336141778608744,59.70963114412815,4265.872857378615
2005-07-20,382.0372624925803,443.220021400852,78.94642191960708,8.742633,0.78346175,32.97302,2.7510414,21.756019495399055,1.5213631373159011,23.220941687225697,1.9877715222415264,67.2485914442251,4198.62426593439
2005-07-21,385.40729288026677,477.0534190285711,78.37236941856432,8.656141,0.7878799,32.392685,2.4790316,21.785550134622774,1.4157071663574488,23.25188379005887,1.8821159449864469,47.27047588705944,4151.35379004733
2005-07-22,376.5611771675911,487.38952396311976,77.82643749316745,8.688412,0.7875779,31.900774,2.3463955,21.783443861468676,1.3674828119062847,23.24967684424794,1.8338915624213679,32.12327177466432,4119.230518272666
2005-07-23,389.716678730487,542.4497205371988,77.24621883927828,8.700363,0.78711843,30.732775,2.1271384,21.521545633875828,1.2808276277101929,22.97526077663046,1.747232922006976,6.371608339426005,4112.85890993324
2005-07-24,412.21302591438115,572.4874263001636,76.80211369823931,8.68405,0.7866311,30.198208,2.0467198,21.19200068650053,1.2346507841728698,22.62996470726367,1.7010518409433648,1.723009367017638,4111.1359005662225
2005-07-25,423.30968159683084,584.5593368702057,76.30524292214122,8.702467,0.7819647,30.26976,2.0907967,21.211396558598235,1.2563404107219425,22.65028763574617,1.7227417134598513,1.8551320369469317,4109.2807685292755
2005-07-26,437.33087583244645,581.7773142377745,75.69534711981612,8.827801,0.7838638,31.434801,2.4526618,21.733437340938927,1.4399888589171126,23.197280182975607,1.9063969434494485,15.28141135333147,4093.999357175944
2005-07-27,434.82776370399415,603.7553453971341,75.00505626584527,8.622063,0.7745078,31.08056,2.3034875,21.67777107941239,1.3777794934500558,23.1389532644337,1.844186839986095,11.91203484219628,4082.087322333748
2005-07-28,428.91064624093275,599.9351009322152,74.3102646085349,8.676019,0.79343563,28.045801,1.9885025,19.970824005001628,1.2057811786192028,21.350419954772775,1.6721676151470177,0.005004645859361263,4082.0823176878885
2005-07-29,437.8958113796841,597.223036182305,73.61011260158826,8.796778,0.80586565,27.244278,2.0019283,19.4402628888949,1.2042946576139744,20.794499830948592,1.6706752734442332,0.0001857344504227114,4082.082131953438
2005-07-30,451.235733852012,610.7948047309076,72.89146075927168,8.6738,0.82509416,26.332039,1.9984107,18.829403240940557,1.2016014193456344,20.154443179941275,1.6679757321583477,2.738138230067359e-06,4082.0821292152996
2005-07-31,461.38147137080915,613.47084481951,72.3139633910212,8.782312,0.81099296,25.554327,1.7809864,18.354922343408518,1.0744541306480906,19.657283717439014,1.5408238420612959,4.874407495205601e-07,4082.0821287278586
2005-08-01,483.5395285552399,636.68249481951,71.73283042988132,8.819883,0.8056888,26.685781,2.06315,18.97403525370517,1.2230840239254153,20.305988108516235,1.6894597905390176,7.364106197157913e-06,4082.0821213637523
2005-08-02,616.18597801204,609.88624081951,71.08581888249,8.760952,0.7950094,30.011442,2.5865502,19.331603037146003,1.347239739170551,20.68064640972122,1.8136192026206968,8.958792903459545e-05,4082.0820317758235
2005-08-03,517.3278656415804,604.4938068195099,70.4666243436047,8.858513,0.80468297,28.557886,2.4128745,19.473523639307075,1.3520955458448536,20.82935033153428,1.8184765171170245,0.00023204123286865358,4082.0817997345907
2005-08-04,533.0392508712002,598.81600481951,69.83475398382183,8.91938,0.8041829,28.798082,2.3873138,19.43634775147535,1.3185843839621743,20.790397563343614,1.7849649580364217,0.00018125424324572835,4082.0816184803475
2005-08-05,859.9469337862735,597.3039168195099,68.98724894016419,8.625388,0.7898546,33.737595,4.2415094,18.91848165898471,1.7999253587816793,20.2477792418686,2.2663005641566887,4.93725735196703e-06,4082.08161354309
2005-08-06,849.3221605911864,594.91245681951,68.1473934217152,8.6514,0.7952875,32.35484,3.4294279,18.415375205071765,1.488064831688781,19.720626019241994,1.9544351150488373,5.168675863014627e-07,4082.0816130262224
2005-08-07,763.7660947205828,592.96114781951,67.39406695989584,8.8071785,0.801356,31.133333,2.747988,18.564882114865078,1.2829450614448934,19.877278848259625,1.7493167772428548,7.19775343953622e-07,4082.081612306447
2005-08-08,516.3053446643064,606.36647681951,66.89714013711284,8.8889065,0.8029335,24.12679,1.343637,17.119041962919145,0.8142552237199897,18.362332479407986,1.280614158444896,4.4896310026035055e-07,4082.081611857484
2005-08-09,301.8221700908462,529.1516779784725,66.43678818378899,9.0425,0.8953483,22.252785,1.2276369,17.454610933459204,0.8466854584626247,18.71394049965472,1.313047146556515,4.487990129545631e-07,4082.081611408685
2005-08-10,384.0396651634896,508.9746999081938,65.82700171402507,9.09004,0.91639113,27.491112,1.6103629,19.577754890665485,0.9988584292822228,20.938563480410913,1.4652405226175642,0.00045933161678762314,4082.0811520770685
2005-08-11,400.1034831902466,519.7236561970342,65.20713942591347,9.075855,0.8982406,30.769728,2.10427,21.333396074397417,1.2515136344980338,22.77811831136607,1.717916494225079,3.0899006932873974,4078.991251383781
2005-08-12,393.06684083751463,506.31858998617554,64.60960304489312,9.06596,0.8821274,30.927076,1.8938969,21.372907826767538,1.1337499490387932,22.81951859043532,1.6001533166728494,3.635069364664382,4075.3561820191167
2005-08-13,413.21175092096513,545.4130670743209,63.98959031487341,9.190174,0.84486717,29.30897,1.395768,20.636835712399183,0.873649232433114,22.048264745136805,1.340043431256631,0.1623769542899473,4075.193805064827
2005-08-14,452.3951248761709,580.3522705245953,63.373361819806995,9.06937,0.8723482,31.548407,1.9378735,21.701461943016344,1.1540881259746216,23.163776470334756,1.6204957861596339,13.365835917398918,4061.827969147428
2005-08-15,373.22945526783167,501.92933292196574,62.82191951535696,9.196049,1.0064448,30.384542,1.874358,21.34827375717037,1.1575202022005218,22.793707096518762,1.6239232529644425,3.368397303855589,4058.4595718435726
2005-08-16,372.8573662527308,492.9475760373666,62.26272744296162,9.435759,1.1829879,28.755249,1.5015805,20.43534465670728,0.9952095192978982,21.837143105745547,1.4616013162581858,0.06292293324026384,4058.3966489103323
2005-08-17,405.6703602289118,552.8366433083053,61.65237906603524,9.392113,1.0977473,28.65851,1.433002,20.50436383711855,0.9481422674449518,21.90946116705021,1.4145348819178873,0.08764898196596148,4058.308999928366
2005-08-18,438.910935795768,596.2843340995908,61.023891431836994,9.344702,1.0996661,29.018927,1.6354413,20.67728065992392,1.0511000117782505,22.09064282289909,1.5174946983173099,0.19910599015520422,4058.109893938211
2005-08-19,450.40237025550914,597.69312381951,60.407039740172586,9.972918,1.3571653,25.863623,1.5308964,19.034844861832674,1.049907766820809,20.369704208044986,1.5162841518181962,1.212619668589593e-05,4058.109881812014
2005-08-20,437.28702338572657,584.9643634941441,59.7989181283602,9.689161,1.2799187,25.66392,1.6499414,18.830419852190943,1.091412922261094,20.155508381734318,1.557787245209029,3.0276034633143267e-06,4058.1098787844107
2005-08-21,441.98374826764626,588.1481192251209,59.18577954382438,9.465942,1.1488329,27.334995,2.15338,19.6681797656641,1.32458905245287,21.03331035533249,1.7909721292868652,0.0008317593644467179,4058.1090470250465
2005-08-22,469.9787643675153,591.83456481951,58.55694639725756,9.575254,1.2615912,25.897814,2.1184235,18.673138736978927,1.3061511005774655,19.990709766853765,1.7725238695451333,1.3342739595185842e-06,4058.1090456907727
2005-08-23,513.9986947965228,587.0273988195099,57.91041459953221,9.997913,1.3555946,24.347738,1.9677176,17.648722398249088,1.2252067563504112,18.91732982892471,1.6915700959321471,6.510007971345356e-07,4058.109045039772
2005-08-24,426.0186192852081,556.0647504175622,57.30723572672347,10.217566,1.4335068,22.193811,1.8692819,16.99862749286601,1.2275618619131334,18.236162609302585,1.6939198400230868,6.626999987324746e-07,4058.1090443770718
2005-08-25,413.64097356384923,527.3122002049878,56.669316443254736,10.028137,1.3967837,23.433544,2.2311473,17.540556349143085,1.392973059083892,18.803993812418582,1.8593354730804268,6.527556065689399e-07,4058.109043724316
2005-08-26,417.878346562447,524.2994821411822,56.00683122728576,10.0881195,1.3980561,23.090296,2.0036435,17.3235203888579,1.2758010679657017,18.57658427513208,1.7421616651249863,6.563994025556544e-07,4058.1090430679164
2005-08-27,419.212270576004,521.9010081841085,55.34323671809648,9.938356,1.3618634,23.806105,2.1899467,17.628814032790068,1.3575318199454764,18.89646991165009,1.8238949881651578,6.499342948462457e-07,4058.109042417982
2005-08-28,378.31457704681884,487.0540737338744,54.75960024160519,10.112156,1.4146384,22.451178,1.7577775,17.056908039365755,1.1667201012299733,18.297228766702936,1.6330785402705528,6.598820725988952e-07,4058.1090417581
2005-08-29,357.57442014662865,471.7782064480896,54.186318317319724,9.942106,1.3713502,23.427353,2.2306569,17.613204496310527,1.3999002602010844,18.88011429268536,1.866263294378054,6.502034049067439e-07,4058.1090411078967
2005-08-30,431.333207505987,409.23882890410687,53.65526141240016,9.914267,1.3821063,24.864695,2.244456,17.192995100949354,1.3027083157663293,18.439820324639882,1.7690678462199223,6.542935022742851e-07,4058.109040453603
2005-08-31,361.2506994935556,480.2822299212592,53.18920457652892,10.216074,1.5014701,23.700981,2.000449,17.91222116371172,1.3110775270124357,19.193422934650986,1.7774431773684936,0.0,4058.1090398000965
2005-09-01,319.2938198509181,491.4465473999686,52.75460934160316,10.631962,1.5927933,22.91984,1.9806675,18.080505745869896,1.3546158133692767,19.369750944584258,1.8209829810566507,,
2005-09-02,361.7336962487271,520.2265684472933,52.20760771621128,10.953987,1.7584395,23.210136,1.8473889,18.18330883115858,1.3067423205577144,19.477467665934974,1.7731104310991503,,
2005-09-03,382.0156631910386,526.995333139148,51.61575490592444,11.387835,1.8793805,22.311535,1.7742792,17.720804248055597,1.2968783021065713,18.992856944752493,1.7632422659270253,,
2005-09-04,389.5770935371866,530.8783063348681,51.01147967208139,11.504183,1.9279872,21.602764,1.8333982,17.328601625146025,1.335670300005587,18.58190837714544,1.8020309390847846,,
2005-09-05,395.101216817925,532.2456325883544,50.398083413496096,11.563927,1.9408102,21.058798,1.8540634,17.013455855406196,1.3476362056041395,18.25169971688397,1.8139943006205952,,
2005-09-06,399.0929975981881,533.6489109843058,49.77780825956336,11.605629,1.957352,20.719175,1.7827063,16.8197552455025,1.3197234693654671,18.048740879959286,1.7860800570615736,,
2005-09-07,402.5213704744848,534.1274953161189,49.15388246996679,11.593805,1.9698802,20.891764,1.7745057,16.896000617301254,1.319327014262644,18.12863051989826,1.7856841901568439,,
2005-09-08,403.8436935992677,535.1681030945574,48.52396935233447,11.620436,1.9826807,20.80544,1.6767448,16.855217450879266,1.280744539594152,18.08589805753158,1.747101400037954,,
2005-09-09,411.0511655130795,526.741324546161,47.898448171817215,11.932703,1.9067273,20.705257,1.6923974,16.860090443464426,1.2657419172039226,18.091003962504818,1.7320988152393808,,
2005-09-10,411.7127888897582,527.5523605054815,47.29420018306262,11.853664,1.912131,20.18012,1.7778878,16.530343350003324,1.3037096064584892,17.745496085160326,1.7700640219852115,,
2005-09-11,410.44456442260986,529.7914176393234,46.73993602329812,11.857573,1.9259517,19.694805,1.7844371,16.27359006954121,1.3106558466710867,17.476470875559304,1.7770084153300538,,
2005-09-12,414.41644431903393,527.1028930152737,46.17050883471408,11.744524,2.0023942,20.910913,1.8119057,16.876261836967547,1.3437937205461357,18.107948293338243,1.810150743526931,,
2005-09-13,415.7075758148304,527.2571745075575,45.46779779326501,11.724247,2.0504005,21.691547,1.6358509,17.29744645679409,1.2859709886871822,18.5492640982449,1.7523313712024757,,
2005-09-14,414.35344776077824,527.9540218954243,44.7634407265497,11.716055,2.1032264,22.039898,1.5226703,17.500275682964556,1.2582254625203635,18.76178786808929,1.7245875352510738,,
2005-09-15,401.4237963859615,516.6080579743392,44.12534967276391,12.202204,1.9730008,22.016565,1.4910816,17.72508212136047,1.2034762953292928,18.99733928577816,1.6698402963834895,,
2005-09-16,345.7115085929879,448.77618512926273,43.58109952136143,12.208168,1.9154825,21.402931,1.5507549,17.40194356250318,1.2091447910529958,18.6587558084014,1.6755060384877503,,
2005-09-17,346.71400677888295,516.1692431215237,42.965375882464116,12.549208,1.8797113,20.87027,1.5129681,17.526794539866323,1.178795848674344,18.789574235700783,1.6451581458694229,,
2005-09-18,366.61466985331634,539.359492709146,42.329705848219426,12.353224,1.9154999,20.522823,1.5828265,17.216884644293533,1.2201587484951604,18.464851706493594,1.686518472727205,,
2005-09-19,359.6879310489573,522.2350919863734,41.753906305063666,12.24234,1.949017,20.503164,1.6917546,17.134028109534054,1.2788377746790804,18.378034912603507,1.7451968296194456,,
2005-09-20,381.6188003250747,513.2690698778157,41.15369146272103,12.468391,1.9563924,21.230085,1.7256554,17.49372102264997,1.2944759005249253,18.754919917417652,1.760837917898777,,
2005-09-21,386.5848157870748,509.58867080123866,40.55653176227402,12.463932,1.9414296,21.417942,1.6994427,17.555426181626892,1.2787508572399153,18.819574372065134,1.7451133976855313,,
2005-09-22,383.03276734247686,516.1871310475034,39.95302600856957,12.388596,1.9724674,21.03131,1.6962644,17.34984868293945,1.2861028888026844,18.604170971671955,1.7524637034887642,,
2005-09-23,387.13989279979614,512.875822736297,39.347873542426726,13.546883,1.8771656,20.472174,1.2772895,17.493274108446556,1.0870965317558376,18.754451642243012,1.5534585453571004,,
2005-09-24,392.1668139766012,508.2556803766939,38.74030445698828,13.2275715,1.8739476,19.133806,1.6489519,16.561425734387402,1.2379322850809213,17.778064101268146,1.7042869293039677,,
2005-09-25,394.1191704429526,506.6139003472587,38.13175547589129,13.679743,1.933194,17.28162,1.4291912,15.705604994020447,1.16690646345085,16.8813380549885,1.6332552143607848,,
2005-09-26,389.0501768168564,492.38128179990207,37.55704429239785,13.620417,2.2571552,17.144392,1.4720895,15.588963933130803,1.2918167137275183,16.75912195010585,1.7581647262898825,,
2005-09-27,336.42828320247685,468.2564277671834,37.08072865445373,13.977221,2.0325081,18.302244,1.8821778,16.49400766603296,1.3862552357855165,17.7074236797035,1.8526093853641998,,
2005-09-28,358.14020859919293,526.1558056942306,36.50630608901508,13.99501,2.0412664,16.780975,1.3569658,15.652658513629138,1.1555694516787818,16.825860913822975,1.621917865504688,,
2005-09-29,366.2277251720574,520.3275176672403,35.94138294187248,14.40444,2.0177307,15.80045,1.2032439,15.223771413210379,1.0924482880454198,16.37647447608141,1.5587940895289687,,
2005-09-30,368.5548325580532,513.9587402556972,35.376492991658964,14.342382,1.926273,14.830879,1.2036145,14.626873454857307,1.0669983829932133,15.751046835712655,1.5333408989124833,,
2005-10-01,376.1663877996064,521.6819070463578,34.80756512701477,14.2093525,2.018379,14.903905,1.1664048,14.612912241528873,1.0836956154661386,15.736418324111142,1.5500380594141931,,
2005-10-02,378.3822007946599,523.7893067580144,34.23174628866721,14.105482,2.1226392,16.744469,1.0995305,15.63764416114991,1.0954847240736696,16.810128926619235,1.5618330428941096,,
2005-10-03,389.7979691479333,514.6246566590664,33.64856633017325,14.174,2.1470716,18.445719,1.197571,16.60464653284634,1.1491962184781488,17.82335070615051,1.6155511825452098,,
2005-10-04,397.1096469086498,507.4283655007871,33.06134042150094,14.239597,2.1487887,19.065666,1.3356678,16.946928808066843,1.2047215011882597,18.181992904093132,1.6710790736734489,,
2005-10-05,366.3135467336071,483.3999017312769,32.543868485672164,14.11025,2.1460378,19.475348,1.5605086,17.16244105497869,1.2822089291289187,18.4078058997156,1.7485682126965347,,
2005-10-06,350.1897220450099,499.9585091698178,32.12596755496419,14.068506,2.1441817,19.740467,1.5412524,17.404095232106222,1.2655504115725458,18.66101032045635,1.7319116769478138,,
2005-10-07,356.2700634822086,470.7514885166962,31.835595212773953,13.6147175,2.5480173,20.236124,1.4844903,17.383708732163733,1.385226070077123,18.639649415504373,1.8515871656833292,,
2005-10-08,671.605919506,25.679930495358057,31.972556605146124,14.771063,2.6488864,29.461678,23.847221,15.312094860188392,2.6982638729855006,16.469019481906372,3.164610195244787,,
2005-10-09,383.9741420988,29.0835,32.20611839188317,15.251425,2.132466,25.018606,12.818278,15.939134666193821,2.178109823667786,17.126029647210512,2.6444600996008316,,
2005-10-10,221.1113320988,203.17977000000005,32.32855646911134,14.536322,1.9850379,16.301998,2.3987973,15.381849022199624,1.5458496220482791,16.542107654419066,2.0121963618998033,,
2005-10-11,198.98389209880003,185.675940495358,32.39052366859657,14.477261,1.9994875,15.137552,1.9377292,14.795984476955244,1.394529415715534,15.928240786589763,1.8608728211202574,,
2005-10-12,841.9073020988,28.91143049535805,32.484251327851915,14.916809,2.6822014,18.443434,10.336772,15.033894028059837,2.6157618465755834,16.17752160098404,3.082106558704235,,
2005-10-13,1073.2154820988,29.0835,32.818028642279664,15.775375,2.5860631,19.213137,87.890816,15.866078644168125,3.4230087145245593,17.049481797061507,3.889358506674745,,
2005-10-14,689.1391120988,29.0835,33.20136548648799,15.264141,2.3110404,18.291243,63.703156,15.386719661436324,3.4016669202713143,16.54721109356183,3.868013689489389,,
2005-10-15,632.4333420987999,29.0835,33.750981923172795,15.21842,2.2106946,18.221155,27.687939,15.350434879747898,2.438995706975765,16.50919202334202,2.905342258073771,,
2005-10-16,392.1247474072,32.315,34.20930305650505,14.689098,1.9458553,17.460321,4.2631693,14.900087253509035,1.8267729749616906,16.037319320005288,2.293116944187866,,
2005-10-17,323.7162274072,32.315,34.54485054302434,14.37661,1.8543316,14.52141,2.221969,14.389752520231106,1.698043126762983,15.502592330968687,2.164384450563951,,
2005-10-18,258.4242474072,32.315,34.825495187328364,14.440363,1.8593218,13.07701,2.615855,14.288829398669217,1.6780425248546535,15.396845429184571,2.1443833607771974,,
2005-10-19,221.9905174072,83.09978000000001,35.05722497269823,14.388952,1.8657852,12.600184,2.3221853,13.90173187121644,1.497702654535256,14.991245963146254,1.9640417271967079,,
2005-10-20,196.3733974072,110.99123049535788,35.24628346235232,13.933985,1.6874489,11.626373,1.4372288,13.10069226668738,1.1965175122587677,14.15191940373761,1.6628534803850332,,
2005-10-21,166.4173874072,142.8277304953581,35.406977281159996,13.674749,1.625154,9.538512,1.3109637,11.764389824844777,1.0637033810998098,12.751746273096309,1.5300358035541342,,
2005-10-22,469.1644674072,32.14293049535805,35.59516260466989,13.441767,1.8712738,7.863628,4.2279015,13.084106490108208,1.7721477177147889,14.134540883733594,2.2384836293157426,,
2005-10-23,874.0392474071999,2152.8559000000005,36.95908969411499,13.911505,1.9395701,6.6021748,0.8132401,8.71279999348093,0.8051289993305876,9.554300879131265,1.2714609824344265,,
2005-10-24,66.40914740720007,956.3237304953584,38.00292253068653,12.54105,1.3864459,7.8514566,0.7060674,8.155966158245262,0.666329905866241,8.970852290012575,1.1326629578895837,,
2005-10-25,1198.5284474071998,2091.448130495358,39.44751973507416,12.852606,1.9208539,5.7073193,0.9240577,8.31032539185323,0.9136385654104822,9.13258936733636,1.3799712855913102,,
2005-10-26,412.2403474071999,3337.0023304953584,41.27869175659867,11.9978485,1.3366385,6.577842,0.8811983,7.173787993623753,0.7979588463894463,7.941729366530254,1.2642946482842463,,
2005-10-27,108.04814740719996,2207.920330495358,42.64599324520782,10.725208,1.0277956,5.838297,0.738069,6.066288647275205,0.7052674020124942,6.781295337223371,1.171607628138265,,
2005-10-28,38.7789474072,1605.324830495358,43.73646714761008,10.056381,0.93446684,5.5835466,0.6818245,5.6890459503603275,0.66610729788682,6.38602172893561,1.1324493513219844,,
2005-10-29,38.7789474072,1296.512570495358,44.65756232482948,9.779495,0.89432776,5.537064,0.6797702,5.660270890441442,0.6605394086423348,6.355871319515224,1.126881608140788,,
2005-10-30,38.7789474072,985.276930495358,45.473921807169035,9.982252,0.9065354,5.943844,0.66726184,6.096770284001503,0.6429111168785369,6.813233891988923,1.1092512024626913,,
2005-10-31,38.7789474072,718.164830495358,46.20738839504674,10.262735,0.9541691,7.1807494,0.68527627,7.338642478652691,0.652003963884053,8.11446333241671,1.1183392271702348,,
2005-11-01,38.7789474072,569.6425704953581,46.87094763103141,10.462318,1.0434132,9.347605,0.73362136,9.41865322943563,0.6900746087714063,10.29389148692602,1.1564057465978501,,
2005-11-02,38.7789474072,818.2306704953583,47.68394199179503,9.948139,0.91558576,9.549677,0.8042468,9.567706970976706,0.7689721716567054,10.450069487798032,1.2353032038614606,,
2005-11-03,38.7789474072,494.1711304953582,48.37096740854955,9.875362,0.8994831,9.136736,0.7337197,9.190480457349112,0.6834730938214455,10.054812836303368,1.149804442558544,,
2005-11-04,38.7789474072,429.6268304953581,48.96725311788504,10.063379,0.9423212,10.279142,0.75938535,10.261279522397754,0.7008718390040497,11.176792436317845,1.167202713957912,,
2005-11-05,38.7789474072,384.3523304953581,49.50196810560791,10.193705,0.9660685,12.335006,0.7829931,12.138760743072329,0.7167233084600872,13.144010841492173,1.183056518305173,,
2005-11-06,38.7789474072,440.8111804953581,49.99911522499224,10.074394,0.9812848,13.53996,0.77065724,13.25973939948003,0.712773134403569,14.318568445802322,1.179109660546481,,
2005-11-07,38.7789474072,642.3552204953578,50.62493137775896,9.796717,0.89333445,12.512678,0.79993135,12.358050568658904,0.756101440798022,13.373781971137019,1.222435186311238,,
2005-11-08,38.7789474072,521.9118304953581,51.12906178409793,9.759443,0.8868167,10.969604,0.73017365,10.885905459733936,0.6824346349112637,11.831273358281745,1.1487658391290225,,
2005-11-09,38.7789474072,558.4530004953581,51.58850274304824,9.353348,0.9240952,10.750467,0.6845309,10.659750746052607,0.642889765191811,11.594309222357664,1.1092207986584566,,
2005-11-10,38.7789474072,1405.270730495358,52.52810926327103,9.382381,0.8976081,9.027491,0.67759377,9.037020961500515,0.659837900904103,9.89401850112825,1.1261694249835819,,
2005-11-11,38.7789474072,874.863330495358,53.27033912144641,8.792135,0.859804,7.3603215,0.65978,7.421093916127199,0.6328292260321617,8.200855666756361,1.0991642315958925,,
2005-11-12,38.7789474072,723.068390495358,53.91640563225155,8.981756,0.84542644,6.381331,0.6440736,6.5136957449467525,0.6128023217461601,7.250086964778965,1.0791405916847092,,
2005-11-13,38.77894949977517,613.5534791620937,54.50231548462807,9.090849,0.85946643,6.5453124,0.66005313,6.696635913549033,0.6229140859686157,7.441771048090752,1.089251621986911,,
2005-11-14,38.779194148071895,574.2995721518157,55.03070624716069,8.91602,0.84990156,6.995083,0.6632649,7.116588302538834,0.6236326495200647,7.881795725738838,1.089968645559913,,
2005-11-15,38.7789474072,1118.027160495358,55.684654579184354,8.864269,0.9235447,7.7210207,0.62360114,7.759345163989671,0.6034911543659963,8.55527416801261,1.0698251840211008,,
2005-11-16,521.0110474072,2293.731330495358,56.76432801864723,9.954069,1.2420976,8.164728,0.6220244,8.4959365984458,0.5565920774148715,9.327072155123886,1.0229244346546154,,
2005-11-17,38.7789474072,3368.1067304953585,59.00619328965809,8.143133,0.9253347,9.012223,0.86010116,9.00233080771731,0.8503762613854728,9.857670276576568,1.3167078288344962,,
2005-11-18,38.7789474072,1985.2935304953576,60.556832970035146,6.961387,0.8639854,5.8689938,0.69900084,5.889922785463639,0.6858085569767687,6.596499790093751,1.1521496171339582,,
2005-11-19,38.7789474072,1483.729230495358,61.81763387722664,7.2361546,0.87269634,4.686901,0.61492234,4.751831690231822,0.599672099985058,5.404011830879639,1.0660193976226986,,
2005-11-20,38.7789474072,1220.653830495358,62.861217017933726,7.6574054,0.8449325,4.251375,0.6180408,4.356249604890888,0.5995755244906561,4.98952227408912,1.0659253371040016,,
2005-11-21,38.7789474072,961.302030495358,63.74742065081587,7.8660817,0.8562636,4.9685,0.59779686,5.080856202564828,0.5755752409901141,5.748762590188133,1.041920583133896,,
2005-11-22,38.7789474072,1480.427630495358,64.49525525687649,6.425485,0.86233056,5.447019,0.5923644,5.4719952182640155,0.5776633334466504,6.158596713795904,1.0440065120082458,,
2005-11-23,38.7789474072,1392.7163004953584,64.99925199745368,5.436929,0.79631746,3.6455073,0.69527715,3.694036630725637,0.6767861123331878,4.295657783420579,1.1431405356202722,,
2005-11-24,38.7789474072,1127.1941304953584,65.37921921854631,5.074316,0.864924,1.8749874,0.39365184,1.98139342089605,0.381645108842892,2.5011560825390764,0.848013782090902,,
2005-11-25,38.7789474072,942.604680495358,65.68110645856238,4.607338,0.8174682,-0.032227874,0.44136053,0.15110255277357873,0.4251492586103707,0.5833835674566907,0.8915368682577058,,
2005-11-26,38.7789474072,826.495070495358,66.02982359386903,4.840564,0.81684124,0.018295169,0.34135568,0.23441456776833153,0.3281058339462938,0.6706776119803164,0.7944924984293533,,
2005-11-27,38.7789474072,786.526350495358,66.34619634351486,5.996955,0.8731433,0.3168614,0.3377342,0.5837541987413509,0.32446916100684503,1.0367144831560573,0.7908519486822307,,
2005-11-28,38.7789474072,1158.7847304953582,66.81078660085107,7.0890975,0.84945583,1.2367532,0.49398774,1.4262611028766947,0.4787824624116875,1.9194903373432937,0.945156474411075,,
2005-11-29,38.7789474072,1774.8921304953583,67.74169768190691,7.7596407,0.9852754,2.9971404,0.7051742,3.098969647919949,0.6904180326691238,3.6721486329714996,1.1567770269280548,,
2005-11-30,491.2530474072004,7681.115630495358,71.30184943174908,7.182888,0.95377916,6.1992626,1.080555,6.2583897827810615,1.017218250768697,6.982578250341526,1.4835576089287674,,
2005-12-01,38.7789474072,5218.375830495358,73.86579031429763,6.325349,0.7506714,4.452167,0.8600787,4.465984397789284,0.853752357794475,5.1045020149784355,1.3201014548148873,,
2005-12-02,38.7789474072,4120.462030495359,75.77416139538329,5.307942,0.7440275,2.5346045,0.7718974,2.560461936455257,0.7647320016781912,3.107902093695318,1.231095481492879,,
2005-12-03,54.9368420988,2875.4678304953586,77.20687856352053,5.0401173,0.69223154,1.2485868,0.47974917,1.3196673020279674,0.47093406577289,1.8078017171866771,0.9373091432212123,,
2005-12-04,54.9368420988,2131.757130495358,78.36063888735268,5.1026597,0.68766874,1.0720621,0.37496147,1.1733238132894008,0.36594926426460167,1.6544635099365974,0.8323258256392254,,
2005-12-05,54.9368420988,1822.7286304953573,79.33322731985774,5.0306234,0.68668425,0.89732456,0.32482404,1.0182568532060354,0.3159597279920803,1.4919848792311325,0.7823378884707728,,
2005-12-06,54.9368420988,1583.719490495358,80.16681192791143,4.820623,0.6729077,0.72914594,0.30852157,0.8663149283395088,0.29903040161536576,1.332780649743473,0.7654101556407988,,
2005-12-07,54.9368420988,1362.244030495358,80.88156922144051,4.354826,0.60524523,0.38825738,0.26847595,0.542020927453782,0.25913285600195235,0.9929865041589938,0.7255160994745782,,
2005-12-08,54.9368420988,967.248030495358,81.19013129890207,4.2691607,0.6099855,0.21414745,0.21855043,0.43208221874397235,0.20938688524524848,0.8777931009795306,0.6757713389655722,,
2005-12-09,54.9368420988,924.1759804953582,81.47007689750578,4.390552,0.66517365,0.06544292,0.22587673,0.30811958735542366,0.21644510540241288,0.7479054795556662,0.6828309403274134,,
2005-12-10,54.9368420988,847.5692904953581,81.71516694148087,3.9615896,0.6459373,0.092511296,0.22439185,0.32802763769055526,0.21436955220164752,0.7687650666445515,0.6807551641247893,,
2005-12-11,54.9368420988,781.1082704953582,81.91411573757676,3.9670315,0.6243232,0.122140765,0.23848899,0.3747899952894572,0.2265629655952613,0.8177625050875581,0.6929480554878826,,
2005-12-12,54.9368420988,731.510030495358,82.07489602792549,3.7105987,0.5925897,-0.048963547,0.22287512,0.21365874230861542,0.21139879102565062,0.6489297290138658,0.6777856902386494,,
2005-12-13,68.8904820988,713.7304904953583,82.0586259217898,3.316997,0.53909355,-0.14782846,0.20728527,0.15716400557637325,0.1949040311027022,0.5897347369834189,0.6612915717159313,,
2005-12-14,88.19780209880001,625.9013304953578,82.04468938038949,3.144361,0.5437688,-0.12149668,0.18186218,0.2818667460454695,0.17297124789653714,0.7203978421719448,0.6393573775879584,,
2005-12-15,54.9368420988,654.4234004953578,82.0485553342701,3.1518583,0.61294144,0.13656104,0.08812647,0.3700825973086642,0.09414506736330576,0.8128301095747182,0.560530209693681,,
2005-12-16,152.02504209879996,1133.712530495358,81.93355639888618,3.595541,0.7287772,-0.572286,0.19236064,-0.07948398689912893,0.19024959507837594,0.3417757794082815,0.6566398620794003,,
2005-12-17,235.1363420988,849.4336304953581,81.87862684052743,3.3957412,0.6134913,-0.4402753,0.33061376,0.39137863363360553,0.29109879183895454,0.8351440236391334,0.7574836971454799,,
2005-12-18,214.64132209879995,788.3434304953582,81.78550974322857,3.3812747,0.58565545,-0.6358558,0.40673047,0.22382048534312945,0.3433790606267694,0.6595771686292489,0.8097658448579415,,
2005-12-19,184.48774209880003,712.075500495358,81.71364043174059,3.238053,0.5548673,-0.4888326,0.33593804,0.27805666908833626,0.29021458672713235,0.7164056565603572,0.75660075926351,,
2005-12-20,183.86220209880003,658.782630495358,81.7894040722975,3.1604474,0.54502356,-0.58806574,0.29694673,0.22984691318958939,0.2608408973309143,0.6658916391264564,0.7272276134278163,,
2005-12-21,166.3487020988,632.5298704953582,81.8603300341247,3.3136678,0.5520333,-0.41356313,0.2667465,0.3625498403065028,0.24045722512527454,0.8049373125372952,0.7068424514190176,,
2005-12-22,143.8920020988,619.513970495358,81.92505936372841,3.4303207,0.55667436,-0.38779294,0.26780236,0.3318713517423038,0.2413288994816802,0.7727924970888944,0.7077144684012974,,
2005-12-23,135.04348209880004,616.4474404953583,81.98495248983821,3.8214946,0.59056973,-0.35022724,0.354367,0.39943430067166824,0.3094537221849108,0.8435847240246953,0.7758385379674282,,
2005-12-24,142.72401209880002,620.450080495358,82.0440123053867,3.949432,0.60777944,-0.307541,0.4994573,0.4885712489866602,0.4216603821460705,0.9369821137697292,0.8880442122872376,,
2005-12-25,407.5945620988,919.9351304953582,82.23367962055981,4.0827622,0.71134055,-1.2663797,1.477902,0.37597991460386243,1.0471675473735247,0.8190092984776562,1.5135526240151291,,
2005-12-26,436.1242420987998,2699.163430495358,83.30320410322163,3.8900084,0.63457596,0.40559113,1.0684038,0.8902799439237322,0.9240128132121818,1.3578911111523146,1.3903923141422898,,
2005-12-27,161.22918209879995,2320.337230495358,83.87590365121889,3.7800148,0.59569645,0.9559427,0.61901826,1.1394247147058858,0.5800927204691515,1.6189441503190618,1.046469629074667,,
2005-12-28,170.2815420988,1960.5614304953583,84.19530824635032,3.9949956,0.6195196,1.0964952,0.6100336,1.3281223204250976,0.5634632458249328,1.8166608565611555,1.0298382382874642,,
2005-12-29,755.1368737036,2407.225730495358,84.68584216494172,4.3012786,0.70361614,0.93985116,1.6934941,1.7425224949607165,1.3000096812656425,2.250867942883446,1.7663806085616636,,
2005-12-30,449.0444361157506,5309.100957912685,86.1996124659524,3.8237813,0.5955596,2.5796635,1.0410426,2.676685057508002,0.9609806877938122,3.22968028264552,1.4273431714536309,,
2005-12-31,854.764241036806,4347.598214064164,87.00337711918768,3.6718545,0.519794,0.7107865,1.3902074,1.1972991475317645,1.1649268437536107,1.6795847832001658,1.631303160340468,,
2006-01-01,1066.462141438581,3670.393754373352,87.24554177200315,3.7601492,0.5864798,0.47990286,1.0284938,1.218421968283635,0.8078018614603516,1.7017172025792253,1.2741779629281806,,
2006-01-02,1106.7466449911706,3306.026238240824,87.16514233101194,3.8109505,0.600373,1.0262719,0.9560816,1.724683970793762,0.7319471316553765,2.232176798239255,1.1983182298985389,,
2006-01-03,938.5438649962282,3406.9735237138434,87.12859636963921,3.594597,0.5495073,1.140423,0.8947239,1.6704750151868573,0.7114506355246574,2.175376839858385,1.177822255486959,,
2006-01-04,850.254945353266,2835.034012030512,87.06326087811287,3.3927166,0.4803532,1.4079717,0.93998367,1.8658840477229737,0.7315577301436659,2.3801257561773665,1.197927485221028,,
2006-01-05,788.7231841643795,2443.594092983694,86.91965037215485,3.4272192,0.4501009,2.033772,0.9365509,2.3737893809070294,0.7164894271458562,2.912307228100094,1.1828545392705834,,
2006-01-06,682.3929743792914,2226.3406994146503,86.79819436962951,3.255947,0.44422066,1.6830957,0.92907035,2.0520888290011854,0.7187050404479366,2.575230489491474,1.1850730591084093,,
2006-01-07,442.2294076791891,1722.734157284399,86.8298245392046,3.1848736,0.4319685,0.79690397,0.9173952,1.2846860278588803,0.7353154436081006,1.7711484576898113,1.201690873540132,,
2006-01-08,387.7894737036,1529.03813235586,86.84886744069136,3.2817833,0.42109734,0.8485169,0.92169607,1.3407860439447998,0.7401487513976001,1.8299298627763263,1.2065236167233584,,
2006-01-09,387.7894737036,1452.1346377129694,86.83282503137868,3.4018989,0.42363438,1.706245,0.91930634,2.0636274785112483,0.731023008804657,2.587320647005218,1.1973909211682316,,
2006-01-10,405.4661637036,1404.6185864128704,86.81289694735054,3.4044302,0.43741837,2.4310951,0.89613295,2.6491260302152986,0.7022647810938194,3.2008040280540473,1.16862749956648,,
2006-01-11,533.9027037035999,1466.6121938486622,86.97402448379353,3.5661292,0.4753776,2.4602764,0.9293463,2.7554092948780284,0.6930316305797964,3.3121672694564905,1.1593934482648192,,
2006-01-12,820.3403737036001,2867.3782928627743,87.8540258404315,3.9269657,0.4845755,4.6822624,0.9339247,4.514245161468915,0.7341283336075549,5.155069478190786,1.200477120274231,,
2006-01-13,632.4844303762324,3321.8186194969635,88.6721410354471,3.9531236,0.50891805,5.089369,1.0011003,4.907628214805888,0.844906229831694,5.5672548967645685,1.3112525860898767,,
2006-01-14,2435.8501700443176,4988.351032297236,89.85799610541768,3.926567,0.63076884,3.8745222,1.1237605,3.8915979184937233,0.7829072976144863,4.502661825414503,1.2492602928857752,,
2006-01-15,1192.7076317072213,6409.238415029759,91.74644243801846,3.3018093,0.4961899,1.7418418,1.166274,1.9865929597115068,0.9863683183315837,2.5066041415361777,1.4527369432409754,,
2006-01-16,1706.4593779750842,5349.408415029759,92.21394253627454,3.2346292,0.46779656,0.25005567,0.6049523,0.9718738169295975,0.47239270295854824,1.4433848923731587,0.9387713470971808,,
2006-01-17,1836.480488514284,4529.071815029758,92.00281493281778,3.3551338,0.4722639,0.25948262,0.7689519,1.1525870480731732,0.5638173668447456,1.63273559822812,1.030194140471491,,
2006-01-18,3573.687323285525,7046.490615029756,94.58483859919255,3.5856361,0.44347885,1.1532431,0.9668579,1.97174274957658,0.6586390620805606,2.4910441421197054,1.1250078251300284,,
2006-01-19,2465.4472297234324,7297.922515029759,96.8058714542424,3.3277552,0.43986103,2.1276765,1.0410749,2.430720502238434,0.7860696147030574,2.971959462421837,1.2524342247850195,,
2006-01-20,2712.9159479352,6751.161815029757,96.59326959851717,3.438726,0.43813378,1.6495585,0.8572707,2.1624305752094295,0.6242942136247436,2.690846193984082,1.0906612220230365,,
2006-01-21,2795.9388479352,5963.477915029758,95.76665374070211,3.4524746,0.468342,2.1490514,0.9134802,2.56509413530719,0.6396191098465998,3.112755695817994,1.1059825496628974,,
2006-01-22,2421.940235288427,4642.609815029758,94.83160278638417,3.3554387,0.44352296,2.123755,0.9388575,2.5460132061213265,0.6354489985788017,3.0927627634419395,1.1018126033138922,,
2006-01-23,1880.4618971650748,3908.6585150297583,94.2253709941596,3.558124,0.49179295,1.5201254,0.9503011,2.182122132020923,0.6612054423580509,2.711478939898946,1.1275722719292542,,
2006-01-24,1650.786862258088,3402.760915029758,93.70055104614293,3.174825,0.42998412,1.3689711,0.91184753,1.9588695197145616,0.6298454164424488,2.477555615875217,1.096214299445719,,
2006-01-25,1536.15025311584,3153.704445029758,93.15504142115896,3.2079225,0.41461664,1.4275742,0.9241987,2.0107228199101277,0.6361450021531309,2.531887326568492,1.102513403138783,,
2006-01-26,1033.9928144101273,2832.010775029758,92.98633807486436,3.1189816,0.39424077,0.6999713,0.8369937,1.3469544860703278,0.6221338204558048,1.8363931353496898,1.0885086239202342,,
2006-01-27,684.2175791114623,2554.9818150297574,93.04209031404372,3.1834912,0.40026614,0.3121841,0.721261,0.9186916231669437,0.5751570035545535,1.3876607715428848,1.041536205278742,,
2006-01-28,728.5275450712388,2427.9905550297576,93.00141009140525,3.2737715,0.40402138,0.85874224,0.92984617,1.4161334200921658,0.7212897340720801,1.908878585941416,1.1876638467432603,,
2006-01-29,830.4146064710803,2533.505855029758,92.85989364995805,3.5840223,0.40694693,2.1925669,0.9324768,2.5360603969889683,0.7094350408992013,3.0823342440550308,1.1757987318228549,,
2006-01-30,919.5547913785696,3006.0517550297577,92.83308715113631,3.8701096,0.42792478,4.6934495,0.9907624,4.500586005429135,0.7652743279714722,5.140757461183792,1.231623202206741,,
2006-01-31,995.1056751520114,4766.088794083393,93.23885266509049,3.621403,0.4703685,3.9153805,1.1209239,3.8646030429146334,0.9308638870376298,4.474376687060098,1.3972170748008936,,
2006-02-01,1177.8039442891863,4149.195821857143,93.44170180586059,3.3848815,0.42940748,2.9024787,0.92369163,3.0091383433673777,0.7257000545330562,3.578023699134268,1.192059774005453,,
2006-02-02,1273.669082366848,3546.976770266961,93.31242666441788,3.4358177,0.42316726,3.0283813,0.93143404,3.1360306387360692,0.6943986998781749,3.710981012461971,1.1607573976304892,,
2006-02-03,2326.776451178647,5482.619404845405,93.75540672797847,3.7277284,0.47677785,3.6404228,0.9929219,3.666435138999589,0.7114118729422679,4.266737034741006,1.1777664992925816,,
2006-02-04,1993.778558144408,5432.313529544293,94.14144341957905,3.7892256,0.51379883,4.4145026,1.0733576,4.246626442312196,0.7972050729258667,4.874659499067202,1.2635556141545785,,
2006-02-05,2377.7705153999204,6113.455515029758,94.69850920495651,3.6298401,0.45572606,3.0826445,0.79337823,3.2358738940862333,0.5852929400560103,3.815596434120778,1.0516508468276766,,
2006-02-06,1883.9477650681208,4862.219715029759,94.73611527281237,3.6730702,0.42914006,1.9107528,0.76667726,2.402900940782778,0.5654199067134205,2.9428102210250144,1.0317847616570148,,
2006-02-07,1587.8406983893324,4042.3571150297576,94.55915756499293,3.6366768,0.40463,1.2741662,0.79078394,1.9404466209562798,0.579119701811033,2.458252165531819,1.045488756810022,,
2006-02-08,1362.6837913006912,3449.661415029758,94.329540721425,3.5999105,0.38761836,0.71333873,0.86581135,1.5307124637941951,0.6302752530410429,2.0289341162635353,1.096648233609272,,
2006-02-09,1237.9890389712575,2977.595815029758,93.97298108063538,3.662139,0.3850626,0.17973101,0.81939006,1.2024082893480046,0.589703852404285,1.6849381245304946,1.0560801169118448,,
2006-02-10,1123.9906329554435,2680.487211916087,93.69949846303453,3.719496,0.39143562,0.017976046,0.8702895,1.111548919276573,0.6239823263735602,1.5897359871568677,1.0903595214973583,,
2006-02-11,954.472397110368,2164.7158392838755,93.40813874367312,3.7301946,0.3936431,0.29327822,0.9266706,1.344975498754135,0.6542925716772007,1.8343195592046126,1.1206673949835193,,
2006-02-12,787.8510232932967,1786.620343977725,93.16049106105501,3.677405,0.39871433,-0.027867794,0.91044474,1.1060360796604902,0.6435003049175703,1.5839596526518356,1.1098775568097152,,
2006-02-13,609.7996488451159,1480.3086561597252,93.14431930128379,3.58354,0.40272117,-0.29153657,0.8835666,0.839036570095612,0.6367164949693879,1.3041984792219208,1.103096537881624,,
2006-02-14,566.0579695393724,1220.9586023164452,93.16169833207461,3.4387147,0.41156635,-0.1018101,0.9051514,1.0196917024560703,0.6320260630958123,1.4934883093705325,1.0984042086518149,,
2006-02-15,560.8239682989081,1158.5924777378928,93.13646116771433,3.5172188,0.4689604,1.2785167,0.885824,2.0087166213587584,0.6161812984082001,2.529785238584214,1.0825497179858847,,
2006-02-16,551.1367378287706,1217.4706944674983,92.98793581052553,3.7969604,0.4850177,3.1609488,0.8748716,3.359143871344547,0.6209186460135285,3.944758294914702,1.087275591938846,,
2006-02-17,525.0938867682387,1340.364650502032,92.79596256612955,3.6498861,0.5124728,3.5818443,0.8843055,3.6009969045354078,0.6515580084899038,4.198171076358851,1.117913119748399,,
2006-02-18,475.8133260925479,1205.6813786474077,92.59163863161183,3.4949741,0.47314227,1.4139574,0.82432014,2.0028236276681044,0.6060358263952803,2.523610579939338,1.0724043006116866,,
2006-02-19,433.76146905854375,1126.8619778742034,92.27981752023804,3.163463,0.47676775,-0.44086468,0.59747815,0.5609263159153517,0.4513071807748349,1.012795505564189,0.917690217522218,,
2006-02-20,387.7894737036,1043.0580664465283,92.04168311761069,3.0546954,0.47550055,-0.40847576,0.68943596,0.5301157214924923,0.5188436773438851,0.9805122700486653,0.9852270512063781,,
2006-02-21,387.7894737036,919.68282055514,91.97508051321294,3.1848583,0.44010752,-0.2293104,0.90427476,0.7833142681021146,0.6493273987363831,1.2458128416702945,1.1157080344103032,,
2006-02-22,387.7894737036,826.6054452925888,91.96226918437553,3.233197,0.44137087,0.35767305,0.899024,1.275906394640182,0.6279621587332728,1.761949188014934,1.094337677351658,,
2006-02-23,387.7894737036,745.3676731077294,91.947758733281,3.2815259,0.4265118,0.9510961,0.8966127,1.7486166751072167,0.6075668582956716,2.257253404009036,1.0739377272743602,,
2006-02-24,387.7894737036,725.6479733456363,91.90617522053552,3.1928673,0.4296065,1.0249841,0.8810487,1.7800173483934292,0.5933702259297646,2.2901549221404975,1.0597407950976225,,
2006-02-25,387.7894737036,708.8862688936146,91.79412595021425,3.2305973,0.41300863,0.44402468,0.8937091,1.4293692743833668,0.595863584615915,1.922747068823232,1.0622375657427923,,
2006-02-26,387.7894737036,693.3053813663346,91.66302755763594,3.0994592,0.42394042,-0.46344364,0.88090247,0.8145720694662166,0.5850313037270585,1.278564659090152,1.0514116064501229,,
2006-02-27,394.8267337036,716.2243860693825,91.5150195953843,3.0004554,0.42368895,-0.84806335,0.8539118,0.5195587627146724,0.5706827524519085,0.9694507247284236,1.0370662420733743,,
2006-02-28,396.3748537036,653.9355604953581,91.20497626412775,3.002565,0.4166468,-0.8191756,0.8862245,0.6231045233312801,0.5737403188184286,1.0779456187490297,1.0401226785464432,,
2006-03-01,67.13255209879999,453.4613704953581,91.10101470056014,3.0007467,0.46416107,0.22018373,0.87164456,0.5787478280711299,0.7615984195706814,1.0314688250812216,1.227981261818905,,
2006-03-02,87.3989620988,543.4843804953581,91.0498184897344,2.9648767,0.4822952,0.49474537,0.8328952,0.8369432023459821,0.7206148420094122,1.3020050556496783,1.1869949071262544,,
2006-03-03,66.07004209879999,462.4368304953581,90.93437677797867,2.9013028,0.48468643,0.1302172,0.6852925,0.47663793771470053,0.6026759027955801,0.9244784310109537,1.0690598643639162,,
2006-03-04,54.9368420988,400.512240495358,90.7821038017595,2.9588223,0.46922106,0.39964712,0.721157,0.7083380452336832,0.6366907596757693,1.1672530116421485,1.1030721985326906,,
2006-03-05,54.9368420988,452.346420495358,90.62609026534831,3.0565705,0.51100373,0.8853891,0.80042714,1.1205197567121667,0.715886080510981,1.599135599956609,1.182263183332058,,
2006-03-06,63.1991220988,479.802880495358,90.6179339240614,3.019658,0.54875135,1.3613006,0.84238195,1.554314126628825,0.747073585813739,2.053663857903412,1.2134463350493596,,
2006-03-07,58.27597209880001,466.096370495358,90.63471198598863,3.0246487,0.5831875,1.7757121,0.84888667,1.9145123411840081,0.7573243394602442,2.4310783158383327,1.22369363723874,,
2006-03-08,65.27457209880002,419.2774404953581,90.53764700817285,3.1160517,0.61192244,2.1214042,0.8508701,2.2553943071433653,0.7408487195379466,2.7882532745238398,1.2072148875891457,,
2006-03-09,78.44869209880001,403.47674049535806,90.44211454590551,3.494957,0.6145853,2.5623298,0.86983377,2.7141445089101013,0.7350803597948443,3.2689301677759106,1.201442525679227,,
2006-03-10,54.9368420988,710.072360495358,90.42602556307523,3.776695,0.7021451,4.4383736,0.8215591,4.3908571043782025,0.7642264772411667,5.025783893752109,1.2305760626883975,,
2006-03-11,54.9368420988,605.2625904953582,90.44887044798887,4.0110083,0.71867746,7.169057,0.8403305,6.906267786030932,0.7727221028856512,7.661422607486577,1.2390588449637738,,
2006-03-12,54.9368420988,580.4989604953578,90.40665620993349,4.2952843,0.738813,6.505744,0.88823074,6.314637852121374,0.8139485431101953,7.041514785121899,1.2802876551144082,,
2006-03-13,124.88404209879997,861.5196704953584,90.39110608604264,4.631072,0.801378,6.860389,0.96588695,6.5781456258485544,0.8496797082109925,7.317617329676976,1.316017715222056,,
2006-03-14,54.9368420988,4134.641530495358,91.56679675739493,4.4205666,0.704499,5.959344,1.5183371,5.939166326494083,1.4984560626785854,6.648097004054826,1.96479688638406,,
2006-03-15,54.9368420988,2103.6381904953582,92.36042441934276,4.0167484,0.7232732,4.99302,1.2946695,4.9681734438073235,1.2618537839768793,5.630693980748761,1.72819978188881,,
2006-03-16,54.9368420988,1730.5608704953574,92.94062637596149,3.686976,0.7084137,4.168001,1.0041525,4.153200816285384,0.973500472230824,4.776768447475835,1.439851645264585,,
2006-03-17,54.9368420988,1371.789280495358,93.36810633675994,3.4059396,0.72349936,3.8053522,0.7625391,3.789972616871582,0.7337061920102171,4.396179181763538,1.2000599162763754,,
2006-03-18,54.9368420988,1021.979560495358,93.6300669140683,3.3857515,0.7083627,3.2621634,0.69413215,3.2684680117639164,0.6597127371025266,3.8497484392060373,1.1260703881245184,,
2006-03-19,54.9368420988,874.9540704953579,93.79795919461597,3.5177135,0.6212293,2.5975108,0.63764906,2.6518752906572414,0.6010990163745388,3.2036846937472383,1.06746171138351,,
2006-03-20,74.06311210286971,752.6485802732277,93.87598427557737,3.1914995,0.6408722,2.0754137,0.6161435,2.1754011434276377,0.5638752925636114,2.7044367110254512,1.030242183121021,,
2006-03-21,117.70167528752222,718.8886020069277,93.81869549741162,3.6176822,0.7426757,2.2521095,0.6731826,2.4442348699635246,0.5878322053461598,2.986119770727632,1.0541966967970327,,
2006-03-22,216.7653184771251,634.6278177745721,93.74440072341747,3.714778,0.67731404,2.0329075,0.7923608,2.4611129418043443,0.6152846750222735,3.0038045567076406,1.0816490186082688,,
2006-03-23,265.03449052012337,595.638571469455,93.59191584727598,4.2053576,0.74593604,2.412291,0.83483183,2.964445506408278,0.6217426456584141,3.5311946973433437,1.0881027293764587,,
2006-03-24,250.382291190577,596.799114141577,93.44745558993516,4.2714243,0.72550166,3.0633771,0.84652835,3.420412378764213,0.6337162517490781,4.0089552275531135,1.1000727265727328,,
2006-03-25,238.54279953282025,620.8594520764244,93.34143003975171,4.415996,0.69531804,3.6404724,0.8435978,3.8557331764677465,0.6392711963143228,4.465082871317171,1.105624447507718,,
2006-03-26,183.81498764909497,625.333226313515,93.3222479201388,4.227033,0.69384354,4.1800923,0.8443817,4.1907559227918965,0.6713288847285326,4.816118559697649,1.137679802590359,,
2006-03-27,222.26299707894805,588.6321199117662,93.18819789552788,4.814909,0.6602037,4.7562113,0.8070676,4.772300077710934,0.6131645315610391,5.425458537312571,1.0795117039372721,,
2006-03-28,283.4908315525835,585.9119182107574,92.95781523703197,5.08055,0.661896,5.490952,0.80417,5.357130085355535,0.5833450886931146,6.038241420181213,1.049688884483297,,
2006-03-29,275.9232867141392,586.804278031281,92.70620660682619,6.1067286,0.75442606,7.11847,0.81393045,6.794888229907626,0.6039097268732202,7.544719489312544,1.0702468845217643,,
2006-03-30,275.7701655137683,586.1495195426857,92.45796436347061,6.3433743,0.8142733,9.360969,0.8933534,8.395492914585459,0.6610307043857123,9.221827606524577,1.1273632531391757,,
2006-03-31,252.8485554615686,612.7212255312236,92.25222018229461,6.409198,0.86364377,10.786986,0.94558084,9.508155303883242,0.7153254393092563,10.38767145458469,1.1816565106650392,,
2006-04-01,159.64683249775723,663.4491873382681,92.21787589319416,5.68366,0.7558453,9.566351,0.9501017,8.813268319726715,0.7797269916379941,9.659571247937807,1.2460588196451265,,
2006-04-02,163.07841054970288,643.4561732576656,92.19040693023626,6.0061913,0.78923535,8.578829,0.85121995,8.058650691203491,0.6976040043925991,8.86888547630249,1.1639372796318188,,
2006-04-03,226.2995872656473,643.143209950489,92.03107477176545,5.427444,0.71083176,8.300553,0.90082043,7.552737065215171,0.6915623036731593,8.338790908371143,1.1578969138712831,,
2006-04-04,38.7789474072,816.4588504953583,92.18156972374828,4.887869,0.6900488,5.6609654,0.9631795,5.625911015725009,0.9200383930521812,6.319869160240701,1.386380768203168,,
2006-04-05,38.7789474072,753.0212804953578,92.52653927877961,4.624593,0.69598323,4.899891,0.853583,4.886407989593334,0.8124934973508878,5.545020417324566,1.2788399801964145,,
2006-04-06,96.6030581739674,698.3545520548887,92.76941965375572,4.883004,0.7151319,4.905641,0.83197206,4.902890249454232,0.7360193826772659,5.562290472865028,1.2023657671546988,,
2006-04-07,38.7789474072,901.855270495358,92.98006978806193,4.8677473,0.7131811,5.2256474,0.8653265,5.210892520802249,0.8301730456070693,5.885014199930386,1.2965176490404633,,
2006-04-08,38.7789474072,1082.631580495358,93.34595782509857,4.9970417,0.71238947,5.1408253,0.8431833,5.135853162521893,0.8143982590180536,5.806388216833444,1.280743286375138,,
2006-04-09,38.7789474072,859.4308304953579,93.56206122087815,5.63261,0.7812797,5.3061504,0.80943084,5.320244863468808,0.7752189898552728,5.999593210774124,1.2415629870492504,,
2006-04-10,38.7789474072,739.286330495358,93.84905996204579,6.110448,0.8799708,6.337996,0.8090538,6.326654956717003,0.7699804421492088,7.054106266238782,1.2363195020326398,,
2006-04-11,38.7789474072,671.5595304953581,94.1678218017179,6.0096126,0.86267436,7.4544125,0.8274391,7.37553764067273,0.7836837547826954,8.153121957061506,1.2500189017826735,,
2006-04-12,62.499518450336936,608.0007569603486,94.43565055369635,6.405785,0.94839144,9.875177,0.8856725,9.551784006871664,0.8079668718162468,10.433385460438698,1.2742979140919397,,
2006-04-13,86.97776392600554,578.6554230759874,94.51831199906306,6.6614494,1.0331262,13.055994,0.98931295,12.220423930610774,0.8705708168642513,13.229577250243317,1.3369042197639331,,
2006-04-14,38.7789474072,774.8367104953579,94.69096728591173,5.91668,0.84148407,12.036663,1.0559751,11.744969423180262,1.006444126999069,12.731397642617553,1.47277651298121,,
2006-04-15,38.7789474072,870.893070495358,95.0646954345776,6.5357184,0.98252237,12.361016,0.93500525,12.112686200866175,0.8961257135313708,13.116690025299931,1.3624588633418726,,
2006-04-16,38.7789474072,651.1248304953581,95.18172979714123,6.406928,0.9544884,11.46062,0.8973232,11.176555891316333,0.8485830761836995,12.135815886954983,1.314914585751183,,
2006-04-17,156.1254525073462,594.922018632026,95.16210295196495,6.094107,0.915531,11.184966,0.886751,10.12669389333915,0.7277423665937721,11.035774074248197,1.1940732290375262,,
2006-04-18,151.16145172841453,584.6211458581178,95.11141245886105,6.8215,1.0651488,12.020577,0.936478,10.952462852886589,0.7755953023292456,11.901011967312028,1.241926567940722,,
2006-04-19,161.82000187650968,580.9783129309025,95.00440623370422,7.136557,1.1784052,14.000215,0.9952771,12.504953961201133,0.819691913998828,13.527706843678642,1.2860260491231585,,
2006-04-20,185.3823434380515,591.8959390293812,94.90873346156073,7.7082458,1.3710569,15.987687,1.0510732,14.013024656441186,0.8646116478751765,15.107858163069388,1.3309512099312402,,
2006-04-21,200.9346111905959,586.5123072319642,94.79327564057529,7.7386317,1.3819809,16.790852,1.0768957,14.480976175417313,0.8761988867562336,15.598176165040329,1.3425406615704587,,
2006-04-22,325.9175074072,744.620010495358,94.91892386152836,6.0505686,1.1034919,14.810208,0.9026453,12.14339851516952,0.7120725661118226,13.148870283242182,1.1784057867164712,,
2006-04-23,567.2767474072001,6148.45143049536,97.3670832838645,6.4147944,1.1111234,10.150409,1.1582073,9.834861856461693,1.0645193007422293,10.72999346358591,1.5308502072266519,,
2006-04-24,998.9129758849816,6287.37023049536,99.16207841149436,7.8449645,1.3268764,12.301695,1.3242136,11.690699432915057,1.1570594471849063,12.674533732330353,1.623391733533201,,
2006-04-25,1765.5754738599992,5663.59074312773,99.16207841149436,7.630015,1.3615371,13.2053,1.4092951,11.880308140093394,1.1220388676963882,12.873205087566873,1.5883715168211467,,
2006-04-26,1247.9813080804274,4843.314951453726,99.16207841149436,8.080334,1.5086263,10.832196,1.325277,10.268396208789767,1.0981502910396808,11.18424927599222,1.5644811672317813,,
2006-04-27,1283.0133516171068,3345.7134084976656,99.16207841149436,8.527252,1.7421037,11.490748,1.1411103,10.669311885301841,0.9557678542727553,11.604327351379892,1.4220988937739294,,
2006-04-28,1074.1957720061612,2586.610667553264,99.16207841149436,8.718942,1.8537161,10.606374,1.105525,10.052541833909427,0.9518571774208934,10.958077799853868,1.4181880418239023,,
2006-04-29,548.4096183202768,1969.6465673060457,99.16207841149436,9.253962,2.1271243,11.019544,1.0988227,10.63501600986579,0.9764084675953564,11.568392250332582,1.4427394859357663,,
2006-04-30,514.5768298709645,1596.2063754959397,99.16207841149436,10.192081,2.338414,11.818116,1.1858337,11.421713659400528,1.0626062268939018,12.392691358323697,1.5289380691394066,,
2006-05-01,492.227179020469,1234.504501913032,99.16207841149436,10.385038,2.350628,12.873296,1.1645615,12.163985855760123,1.068740448317747,13.170441628338711,1.5350737169817088,,
2006-05-02,362.31910740594464,987.3181609271396,99.16207841149436,10.220087,2.2988496,13.571325,1.1621773,12.67166308902458,1.0505593220843077,13.702384097945405,1.516893929246641,,
2006-05-03,320.8425234862521,884.5992625166658,99.16207841149436,9.985388,2.244844,14.162114,1.140585,13.050429253402017,1.0283838707379727,14.099253990232722,1.49471966853292,,
2006-05-04,211.4382581188478,647.7256953535281,99.16207841149436,10.23704,2.3228145,15.403043,1.1957347,14.131701369569981,1.0674336121392376,15.232207217409691,1.533773711666862,,
2006-05-05,144.82064876900697,555.0476404953581,99.16207841149436,9.818953,2.2025723,16.34352,1.1772836,14.993419499569221,1.0389760804457473,16.135112528386827,1.50532056569745,,
2006-05-06,150.80222280830648,538.720990495358,99.16207841149436,8.403622,1.8071803,15.098959,1.0918314,13.634654755513242,0.9401571826029701,14.711403474269892,1.4064951386185096,,
2006-05-07,141.1950055597107,508.64636049535807,99.16207841149436,8.867612,1.8207922,14.049933,1.1015333,12.923938755340311,0.9486272213951855,13.966717678749802,1.4149626033247875,,
2006-05-08,197.4775124974574,492.4363230323919,99.16207841149436,9.149513,1.7981592,15.19046,1.0882133,13.461329526081943,0.9317829194530525,14.529793891354434,1.3981201944500066,,
2006-05-09,217.08476835876212,481.635174909428,99.16207841149436,8.7472725,1.6811239,15.943007,1.0625134,13.707370035524832,0.899565014888205,14.787594296101284,1.36590326684321,,
2006-05-10,214.23037600094705,480.53676919696267,99.16207841149436,8.637274,1.6770432,14.918765,1.0415068,12.981876935135237,0.8867495347431492,14.027425105487167,1.3530851048859063,,
2006-05-11,263.79267200616107,605.3221012334858,99.16207841149436,9.111231,1.6345272,14.387714,1.0763758,12.786202441242764,0.8989651210200801,13.82239803966643,1.3653000709237724,,
2006-05-12,582.9321720061612,1136.973867553263,99.16207841149436,9.9661255,1.9810706,15.808173,1.1090107,13.828112948806059,0.9941454181942091,14.914108307898353,1.4604841749113624,,
2006-05-13,458.5138020061611,922.0441375532632,99.16207841149436,10.151615,2.1455343,16.560724,1.0892233,14.432117480061791,1.0183217709349532,15.54698219106191,1.48466330300624,,
2006-05-14,460.69467200616106,739.6040675532633,99.16207841149436,10.170317,2.2316635,17.870382,1.0851697,14.914968723160763,1.086640758903176,16.05291207303661,1.5529848097400456,,
2006-05-15,409.1056439783137,636.2245523794071,99.16207841149436,9.9540825,2.153426,17.13202,1.0283616,14.322827121534642,1.0497701959060395,15.432468126987564,1.5161111948778425,,
2006-05-16,458.0220179316185,736.7364109255302,99.16207841149436,10.599846,2.3316073,15.304371,0.9986858,13.500846436130885,1.085450850659084,14.571199574621915,1.5517882778995493,,
2006-05-17,424.186351266622,858.3137704573169,99.16207841149436,11.152241,2.48025,14.909259,1.0452039,13.66662676162426,1.0780839318247306,14.74490363298218,1.5444220172162462,,
2006-05-18,391.1272461452033,775.9157986144705,99.16207841149436,11.484068,2.6063938,15.948664,1.0774107,14.452382090947168,1.1296682636409565,15.568215381076499,1.5960098960608398,,
2006-05-19,446.3663033264396,851.100671208109,99.16207841149436,11.26296,2.4453163,15.953883,1.0283142,14.34006957701295,1.078298672528063,15.450534712897348,1.5446397546979806,,
2006-05-20,460.5303856848501,901.358103291308,99.16207841149436,11.128595,2.3953981,14.396867,1.0295151,13.291682106821828,1.0584920640892788,14.352037905364375,1.5248287057919567,,
2006-05-21,454.2812975670144,919.5932026692932,99.16207841149436,10.864567,2.3149462,13.172268,1.0210899,12.409210258371049,1.0261751267033652,13.427386919136755,1.4925090050990142,,
2006-05-22,639.0686072630542,952.0921526264704,99.16207841149436,11.336182,2.4281797,13.256932,1.0147886,12.485488257926876,1.1488306185585053,13.507310746328052,1.6151647006380636,,
2006-05-23,532.416815927594,784.7084755393952,99.16207841149436,10.713308,2.2542744,13.122947,1.0040458,12.148907279658232,1.0900354710950066,13.154642347842683,1.5563687045118724,,
2006-05-24,486.6885491807997,713.9528136699997,99.16207841149436,11.836332,2.678588,14.557551,1.092159,13.454485806974915,1.2651904062980175,14.522623065868173,1.7315276551101855,,
2006-05-25,447.5129951592149,667.352101497357,99.16207841149436,12.216387,2.760036,17.613184,1.2018666,15.446879838862646,1.3209878785670122,16.610246721821856,1.7873350127460625,,
2006-05-26,350.7218665009933,521.1832239238485,99.16207841149436,12.159271,2.8791454,19.884096,1.2742199,16.776802658108707,1.3861466005275656,18.003735305714144,1.8525028597916577,,
2006-05-27,305.3477581518191,493.0569622565967,99.16207841149436,12.103615,2.8343012,22.158224,1.3462081,18.31286556777193,1.3660684926463584,19.61321677169089,1.832437808623718,,
2006-05-28,232.00041751502863,385.9793614386689,99.16207841149436,11.590584,2.7374663,24.51259,1.5652444,19.66144312152458,1.4184151715302407,21.02625172263117,1.8847981747713733,,
2006-05-29,187.73070427273777,326.7241226318049,99.16207841149436,11.211748,2.6252809,27.614851,1.8606019,21.629163054311704,1.5211983205153972,23.08802194189142,1.987605025527049,,
2006-05-30,173.22159751941152,401.1749451451445,99.16207841149436,10.132051,2.3345308,28.69069,1.9560262,23.093933853608906,1.5368819634885544,24.62280377832654,2.0033091860851657,,
2006-05-31,339.0009943036325,699.0442380543926,99.16207841149436,9.647938,2.1975837,29.229853,1.7862866,22.834862925340776,1.4007490246653114,24.351350145276857,1.8671724398246008,,
2006-06-01,309.7651700531151,639.0766665953026,100.0,9.702309,2.0911236,28.031507,1.5610152,22.04763623400316,1.253590066841682,23.526496709093127,1.7200023832970366,15.634370700022547,4844.365629299978
2006-06-02,383.3511990804451,734.0089921012343,99.9836631445141,10.050787,2.1954036,26.40281,1.3938843,20.792651061435336,1.1856500976162645,22.21152753522876,1.6520461856545638,0.16831954813709984,4844.19730975184
2006-06-03,650.327869129458,1284.428881349486,99.98348726201863,11.521618,2.5558743,22.713503,1.0500997,18.9515856722421,1.1063679769435177,20.282465513799284,1.5727435163319383,12.419304351549858,4831.778005400291
2006-06-04,669.3170961261934,1195.6190752588006,99.97050993249769,11.981436,2.604162,19.671053,1.1221831,16.911284365426113,1.179452069685233,18.144644778938606,1.64580936428643,1.728358703319279e-11,4831.778005400273
2006-06-05,547.7675986401279,903.9545237903108,99.97050993249768,13.329525,3.1019375,19.388012,1.3339976,17.102007751265788,1.4352313069063254,18.344484090666136,1.9015901052985373,2.43435314007116e-12,4831.778005400271
2006-06-06,446.58965663826507,678.7577109125785,99.97050993249766,13.776552,3.357006,20.74043,1.5940073,17.976843110793713,1.642908060393172,19.26113358990442,2.1092742895803283,9.70463211893544e-10,4831.7780053993
2006-06-07,532.946779442438,707.8046009452951,99.97050993249667,13.940838,3.3008327,21.190722,1.3971981,18.07663902553622,1.6265051608992724,19.365699408236352,2.092872293359015,2.397995441974707e-09,4831.778005396902
2006-06-08,868.1294673799092,1541.342008813825,99.97050993249415,13.732014,3.1126657,18.12068,1.4494629,16.539449096852348,1.4551568618362682,17.755037055582292,1.9215113442463476,2.307929289048942e-12,4831.778005396899
2006-06-09,844.0876160304709,1595.1292390919666,99.97050993249415,14.810566,3.5411925,17.820436,1.4851593,16.778874947698675,1.563629745712775,18.005906643662748,2.0299860207739506,2.3590868157585334e-12,4831.778005396896
2006-06-10,1039.4697701161722,2436.147841841551,99.97050993249414,14.323488,3.248921,14.500409,1.259008,14.447496539734722,1.3125919179806895,15.56309631721652,1.7789335261647807,2.409882130117039e-12,4831.778005396894
2006-06-11,935.4421924889384,1770.0147892071525,99.97050993249414,14.490208,3.297219,14.648673,1.2342129,14.593881867531808,1.3970407946154861,15.716478363289097,1.8633831408194104,2.414031783569866e-12,4831.778005396891
2006-06-12,773.9963891033898,1400.7539953757569,99.97050993249414,15.063503,3.623161,15.892961,1.30743,15.59775566118493,1.5401085252442932,16.768333892707947,2.0064565929168294,2.4095249492628093e-12,4831.778005396888
2006-06-13,682.7314105403527,1184.7222895703153,99.97050993249414,15.020391,3.6598954,18.091866,1.3925273,16.96895050944573,1.6033684558108212,18.205067167520507,2.0697262007032653,2.3980641554162098e-12,4831.778005396885
2006-06-14,660.8990196324276,1305.099591623189,99.97050993249414,14.917683,3.6242642,18.628798,1.3997259,17.38125230187111,1.5322416131164092,18.63707557624065,1.9986026882987171,5.46228170097687e-12,4831.77800539688
2006-06-15,716.6381329294733,1196.9749786286673,99.97050993249412,14.9125805,3.6066797,20.312963,1.5984241,18.290548210812194,1.6804728863166771,19.589832721356547,2.146841993278081,1.5850433046634066e-08,4831.778005381029
2006-06-16,969.474991924765,647.4976338805842,99.54067072926107,15.379948,3.728994,26.520136,2.3619342,19.840904759883124,2.427588694351294,21.214291013844328,2.8939736757994274,0.0013077271649825455,4831.776697653864
2006-06-17,122.80705340104868,539.5439932243364,99.7636392385769,13.485678,3.3227947,19.645315,1.6750542,18.503251714283618,1.4971191131110457,19.812702725203355,1.9634902353266332,9.383692148240264e-08,4831.776697560027
2006-06-18,387.7913841707571,291.9510390109225,99.82883832557677,13.112059,3.198947,28.176027,2.8799908,19.58207014899807,2.2046930446797997,20.943084993340825,2.671075184737255,0.000254657921877645,4831.776442902105
2006-06-19,389.6411592344872,645.792030495358,99.8891882866433,12.331032,2.9175844,26.857025,2.2492301,21.390786529679257,1.7813843566419454,22.838251834230928,2.247787954685755,1.8516855308872089,4829.924757371218
2006-06-20,420.8526766108935,660.3261704953578,99.96857341418101,12.0172825,2.7746136,25.85404,2.0414352,20.468033462173132,1.649536150703115,21.871394324371575,2.1159283341741406,0.03839631073056398,4829.886361060488
2006-06-21,969.4870561237922,513.8449704953582,99.36879381748737,13.422752,3.0672941,33.126354,5.8729463,20.248329205367643,2.856228267000226,21.641188955112213,3.32261787618826,0.01337192619216143,4829.8729891342955
2006-06-22,388.5055188527545,493.856350495358,99.31869857327695,11.808434,2.7417843,28.465511,3.353131,21.131369997571117,2.2314839597035614,22.566436078659073,2.697884250363754,0.7160451491545058,4829.156943985141
2006-06-23,387.95146814228576,510.3348704953581,99.24295466309445,11.357653,2.6138854,27.847141,2.594298,20.725668928172233,1.8565241708985198,22.141343884962648,2.3229194433968963,0.1619944386857982,4828.994949546455
2006-06-24,387.8474702201595,520.321430495358,99.23108725913431,10.820164,2.4682162,27.810377,2.4903111,20.55444567668215,1.7739283817877796,21.961936747348744,2.240321592875776,0.057996516559494386,4828.936953029895
2006-06-25,625.6125064893663,697.863755099741,99.24327904745816,10.578293,2.388673,27.078886,1.4830208,19.278989833815224,1.3734832801569454,20.625518475120465,1.839862190474559,3.278576628627057e-05,4828.936920244129
2006-06-26,3094.5092244175967,8132.048303904311,99.96754119147766,14.246122,3.4521365,17.189114,1.1913534,16.377902026185787,1.2845874952415615,17.585768587158906,1.7509408051407016,2.4667587113419216e-12,4828.936920244127
2006-06-27,10264.939972006168,22792.226467553268,99.96754119147766,14.033709,3.659417,18.613737,1.4258145,17.191542676656017,1.5025513747987993,18.438298479430188,1.9689108934921946,2.862873111010111e-12,4828.936920244124
2006-06-28,16752.960972006164,16304.205467553264,99.96754119147766,12.719339,3.4822001,20.253782,1.2991011,16.43542028092961,1.8774532871329395,17.646036017863164,2.3438070110789644,2.376590868384323e-12,4828.936920244121
2006-06-29,5520.718372006163,15785.518067553265,99.96754119147766,13.55805,3.4747405,14.569013,1.157622,14.307059331326695,1.2434720872295242,15.41594669030717,1.7098130104164002,2.5002945235467748e-12,4828.9369202441185
2006-06-30,2799.834372006164,9247.860067553262,99.96754119147766,13.959757,3.4713628,13.932753,1.1293913,13.93902828342132,1.1842185598807098,15.03032501636312,1.650557794969755,2.5352055939589723e-12,4828.936920244116
2006-07-01,1848.1724720061634,6666.882967553263,99.96754119147766,14.660925,3.628722,15.249738,1.1335659,15.121937319739976,1.1866037786367052,16.269773061045555,1.6529489907558834,2.5352728617470467e-12,4828.936920244113
2006-07-02,1254.1764558903342,3971.3407569267433,99.96754119147766,15.306129,3.7782352,15.634704,1.1088824,15.555842542703887,1.237950760205697,16.724417470436336,1.704298565943369,2.553190402454613e-12,4828.93692024411
2006-07-03,969.4736841976026,2761.632614770692,99.95080968200901,15.458525,3.8059871,16.666344,1.1003649,16.35250949948026,1.281137712796617,17.559162384476863,1.7474908411107237,2.5304000535291974e-12,4828.936920244108
2006-07-04,768.5989113167082,2285.483772843401,99.96754119147764,15.337328,3.8139198,17.04344,1.0999231,16.614075014631066,1.2644260602280801,17.833229837134894,1.7307810943519546,2.5147940727639947e-12,4828.936920244105
2006-07-05,969.4736841976796,1608.3360307605053,99.67325443503327,15.712019,3.8957407,18.905008,1.0680957,17.70417524827294,1.60956136768256,18.975433135623618,2.0759251869663498,7.952630167379447e-11,4828.936920244026
2006-07-06,387.7894737036045,1100.058788728977,99.84553385395151,14.212961,3.4679744,18.446619,1.0427574,17.343167837967865,1.1880284121423415,18.597170805148057,1.654389171555611,4.536030672720096e-12,4828.936920244021
2006-07-07,387.78947370390006,999.4052849810744,99.81847410735712,13.744875,3.328401,19.441618,1.0128473,17.84909682876696,1.1824607672967096,19.127281472275612,1.6488258568466936,3.0011252170586756e-10,4828.936920243721
2006-07-08,387.7894739419708,866.8419096174472,99.69874795086174,13.34342,3.2397115,20.97579,0.9962563,18.616728402899497,1.2151120613400086,19.931603211634418,1.6814842798501233,2.3837086574712064e-07,4828.93692000535
2006-07-09,387.78947533118793,783.5826901689638,99.54166882621037,12.7390995,3.0406196,21.89109,0.98669064,18.861271305510595,1.2037138811941321,20.18783442906223,1.6700885122812519,1.6275880104838381e-06,4828.936918377762
2006-07-10,387.7894812397337,739.937637808827,99.38481851416452,11.868139,2.7434978,22.632437,0.9956111,18.930937278513646,1.1474950805264705,20.260830197433613,1.6138704114293512,7.536133746483892e-06,4828.936910841628
2006-07-11,387.7895389501744,701.2081310191071,99.28688255976274,11.0510235,2.5437613,23.981424,1.0243483,19.376938645686455,1.1205219608523247,20.72814890537788,1.586901903462997,6.524657441620762e-05,4828.9368455950535
2006-07-12,387.7894737037491,1830.555683841766,99.2683767786486,10.884968,2.4938388,19.237867,1.1531131,17.777694888534345,1.046648963485616,19.0524667633752,1.5130134241820778,1.491137223098305e-10,4828.936845594904
2006-07-13,387.78947370644977,1800.6061343807824,99.25784071625378,10.414206,2.3711262,19.755684,1.1170988,18.100349297294304,1.0106294929194866,19.390542949934964,1.4769968416599073,2.849801509714981e-09,4828.936845592055
2006-07-14,387.78948029844474,1252.24486002699,99.11823170143165,9.689554,2.1898534,21.954927,1.0907431,19.05475481174547,0.9806760389990873,20.390565785504858,1.4470526273831454,6.594844799423378e-06,4828.93683899721
2006-07-15,387.78947397887424,1119.127645543017,98.913277368794,9.369825,2.1250088,21.853516,1.0382458,18.640967557664755,0.9452954532323771,19.95700091514005,1.4116679078246914,2.7527426924204314e-07,4828.936838721936
2006-07-16,387.7895053623639,986.5395492013764,98.73019144855459,9.153616,1.8547906,23.255236,1.0885134,19.27623215894042,0.9404502418713028,20.622628992813286,1.4068291232842576,3.1658763766510615e-05,4828.936807063172
2006-07-17,387.7914827541297,912.8174673488816,98.50682679855946,9.066778,1.760539,24.539387,1.1154144,19.926050959506664,0.94254222847681,21.30350691075215,1.408928161372564,0.0020090505297177363,4828.934798012642
2006-07-18,387.79740116140624,813.9442204953581,98.23577459784488,8.976885,1.7139156,25.50315,1.1329808,20.17018840604872,0.9459127874503778,21.559313292696807,1.4123014943647396,0.007927457806345885,4828.926870554836
2006-07-19,387.81111202844943,765.444760495358,97.99762540612173,8.916834,1.6703739,26.159225,1.2089984,20.36104033043195,0.9795031512963311,21.75928728667089,1.445894074230898,0.02163832484950227,4828.905232229986
2006-07-20,387.8214960346404,725.247820495358,97.6958715294117,9.012912,1.669939,26.548407,1.2208811,20.43859679149278,0.9855764404045669,21.84055068145693,1.4519682757632006,0.03202233104068616,4828.873209898945
2006-07-21,388.7140064149301,784.297540495358,97.41625614706669,8.8675995,1.7165272,25.444073,1.1179585,19.95094067298366,0.9393083556492097,21.329586267452118,1.4056945682353506,0.002322711330183193,4828.870887187614
2006-07-22,445.4343759125005,890.8512704953586,97.2209561405624,8.854439,1.7182319,23.936451,1.0387126,18.909047798299408,0.8986432590976751,20.23789447489058,1.3650183695161955,2.2089001401462904e-06,4828.8708849787145
2006-07-23,387.789474902748,849.2893904953581,97.05996627972075,8.778962,1.7702237,23.419706,1.0656044,18.83024429177187,0.9182167224924584,20.155324430127337,1.3845910436900393,1.19914809143725e-06,4828.870883779567
2006-07-24,387.78973085814675,761.825230495358,96.80062189777767,8.852657,1.6716647,25.057947,1.1172024,19.591556065221717,0.9306354611022347,20.95302430393398,1.3970177039403358,0.0002571545468258942,4828.87062662502
2006-07-25,390.10787125344496,691.1630104953581,96.50265059026033,8.951838,1.656379,26.858126,1.1460785,20.397779746534347,0.9454158627008257,21.797782721275567,1.4118072170042337,0.026037549845044448,4828.8445890751755
2006-07-26,400.6809641486052,646.734720495358,96.24332863288801,8.997341,1.6588447,28.265907,1.2686672,20.894862755271674,1.0081290668924852,22.318624598637278,1.4745264092935388,0.2621604450052666,4828.58242863017
2006-07-27,406.3993030395913,712.470000495358,95.90832882783562,9.034218,1.6797795,27.917763,1.2372776,21.058820902352018,0.9964954754642191,22.490419384685175,1.4628948549400511,0.5154293359913574,4828.066999294179
2006-07-28,422.248706897882,361.6598204953581,95.76980944213166,8.943543,1.682961,32.63617,3.2134426,19.87424589061296,1.737725989946649,21.2492257366521,2.204111342970526,0.0014831942820243216,4828.065516099898
2006-07-29,388.6069618294907,489.9960904953577,95.71417103284597,8.883245,1.66137,30.920794,1.8392512,21.17356516082831,1.2617958883925606,22.61064802648301,1.7281967117728882,0.8174881258909141,4827.248027974007
2006-07-30,391.7122520133676,762.0485304953577,95.67986074729461,8.830526,1.6039474,28.187763,1.3319669,21.615805700046334,1.0346513659528045,23.074026151751998,1.501057895148402,3.922778309767625,4823.325249664239
2006-07-31,391.0256243393976,570.4147904953581,95.57404486365917,8.752531,1.5538981,30.323402,1.572174,21.550353853607106,1.126694290404186,23.00544593078892,1.5930999610389418,3.2361506357971397,4820.0890990284415
2006-08-01,404.4290497891098,554.2385904953579,95.37178420362986,8.90365,1.5041606,31.603468,1.7566043,22.02719218123788,1.1975002138907684,23.50507550049016,1.6639122515538602,16.639576085510384,4803.449522942931
2006-08-02,430.03358313380727,571.7858704953583,95.09419573204026,8.9388075,1.4430379,32.481174,1.9827168,22.37555275059644,1.290069114899289,23.87008651425303,1.7564859683934473,42.24410943020696,4761.205413512725
2006-08-03,431.60668443764797,552.618740495358,94.7019753265624,8.869459,1.3549532,32.83064,2.1491787,22.323081289535796,1.3450661920326297,23.815107096718403,1.8114823112728669,43.81721073404758,4717.388202778677
2006-08-04,393.9887669131158,524.2655204953571,94.39744464141856,8.627415,1.2966297,31.506525,1.911568,21.689949617074667,1.2250024855594048,23.151713894565983,1.6914099932498567,6.199293209515417,4711.188909569161
2006-08-05,388.3964759035666,454.1977204953578,94.10447289932226,8.56789,1.2081627,31.749117,1.9574207,21.06365667525136,1.1930918404914144,22.49548629099884,1.6594912805152224,0.6070021999662457,4710.5819073691955
2006-08-06,451.49110392444373,453.779139141419,93.533398279781,8.443982,1.1233875,33.226467,2.254965,20.866543010388764,1.261569626517735,22.28895126675517,1.7279666201768742,0.26439348644389077,4710.317513882752
2006-08-07,288.1410345830353,593.0918397226704,93.16628974929903,8.478582,1.0424405,27.177288,1.4105672,21.063280560761303,1.0086822768141592,22.495092199521846,1.4750817121277362,0.6054587439565488,4709.712055138795
2006-08-08,287.67245491644394,558.5285058152223,92.77999239210638,8.267111,0.9833525,26.750002,1.5080737,20.466602456780148,1.050029345399507,21.869894921812453,1.5164215119248288,0.04174214401631564,4709.670312994779
2006-08-09,315.66077086749004,563.6224400693882,92.31435418139007,8.23875,0.9157487,27.348917,1.5712255,20.488408550732466,1.0594559759683735,21.89274327251529,1.5258484009714612,0.04633070473749316,4709.623982290042
2006-08-10,308.38384280869946,553.7024616902546,91.88591022677748,8.252045,0.87492603,27.089708,1.5255791,20.351135779574932,1.028622507130495,21.748909332139917,1.4950133140367723,0.02329844396105302,4709.600683846081
2006-08-11,291.98461321014065,515.0477513364817,91.47108649461424,8.1492195,0.86149096,25.905214,1.4747583,19.481088709966617,0.9914576183190889,20.837276986711448,1.4578386706121642,0.00014151198153840154,4709.600542334099
2006-08-12,303.7276090105004,521.0561559454188,91.02437985971973,8.158473,0.8472749,24.652145,1.352284,18.578330786242912,0.909497215167504,19.891370320157336,1.3758690610712745,1.8342488106636395e-07,4709.600542150674
2006-08-13,305.69266125378874,537.7082623837027,90.56851746522133,8.173475,0.8408486,23.45103,1.2676523,17.913644587942677,0.8637431706133627,19.19491439369445,1.3301088336678681,5.847746208621517e-10,4709.6005421500895
2006-08-14,326.0200228680521,557.7541592865139,90.0868180918231,8.238049,0.81894284,23.727457,1.2792127,18.013489142622944,0.8619908046065826,19.2995311767869,1.3283573641610718,1.4423686015371843e-09,4709.600542148647
2006-08-15,333.75426967010605,561.9808475657153,89.62595528850883,8.1612,0.7907081,24.925873,1.312563,18.679292576634378,0.8746135330408876,19.997157739008898,1.3409863622784481,4.1747238950597077e-07,4709.600541731174
2006-08-16,372.8058186028176,609.8316197238526,89.12285538901426,8.13678,0.77615577,25.092798,1.4038923,18.65980261211491,0.9196818401033214,19.976736220808508,1.3860544786073494,3.520935154082778e-07,4709.600541379081
2006-08-17,407.4042707108308,639.5321925135975,88.58435450144894,8.267809,0.7916722,25.50894,1.4747928,18.799735719402072,0.9521110793920115,20.1233576522866,1.4184850969514515,1.0622655464561219e-06,4709.600540316816
2006-08-18,425.4809004836017,648.414074444821,88.02613358964018,8.152681,0.8123053,24.52726,1.3994653,18.03959524339689,0.9042078584779031,19.326885059938597,1.3705746543179438,1.7921957266779805e-09,4709.600540315023
2006-08-19,383.38599154195674,825.4748875548436,87.6507942523627,8.20406,0.7594821,21.468407,1.1591215,17.261665484787343,0.8273483828793939,18.511772918087363,1.2937084721065664,1.8754524774702336e-11,4709.600540315004
2006-08-20,204.29342192196387,1110.9181943150263,88.17882839671375,8.353518,0.8116415,19.371653,1.2299505,17.660192265494754,1.04652254712083,18.92934791661694,1.5128859856356909,7.166814320863028e-11,4709.600540314932
2006-08-21,322.04160822299025,1020.2245532872488,87.97390172293663,8.434309,0.85287136,21.72107,1.143178,18.533259207433073,0.8926714831494078,19.844144473949868,1.3590428938343546,1.2957980667896124e-07,4709.600540185352
2006-08-22,442.885861578949,1118.2073349673865,87.54039321111219,8.377635,0.84482396,22.846636,1.0960388,18.741745792113715,0.8208605961426508,20.06259600470251,1.2872340394884836,6.822360473809354e-07,4709.600539503116
2006-08-23,393.80278385102537,961.8659806992736,87.14200008407073,8.450232,0.84597176,22.589584,1.0488186,18.482300447992564,0.7836778738396578,19.79075006000191,1.2500487952560262,8.425462227329695e-08,4709.600539418861
2006-08-24,402.8633463038135,922.395504258222,86.6167355006749,8.307225,0.8884363,22.149355,1.016167,17.941507772227464,0.7570750220264253,19.22410934294252,1.2234409341165307,7.484206110179886e-10,4709.600539418113
2006-08-25,400.32001930823435,879.7367081173632,86.184378819361,8.317957,0.8473926,21.577967,0.9641536,17.431082218718114,0.7136569186854077,18.68928719277789,1.1800184095264465,2.3290641281522475e-11,4709.600539418089
2006-08-26,363.13898195761146,832.2135163142682,85.85513925265482,8.263924,0.90537393,20.671253,0.994909,16.90200101179162,0.745273424720119,18.134917712733937,1.211630647186796,1.794845625455086e-11,4709.600539418071
2006-08-27,280.6287634582552,929.6976810372804,85.72320043438893,8.592258,1.0104169,19.59519,1.0152051,17.04402783745974,0.8142489351589816,18.28373293517458,1.2806072719979396,1.8192784949672098e-11,4709.600539418053
2006-08-28,138.95789469162642,1049.749170495358,85.7214871915597,8.64966,1.1700681,18.62901,0.9945983,17.462439797554733,0.8889176672380794,18.72214355669238,1.355279421105577,2.5611711380058962e-11,4709.600539418027
2006-08-29,138.9578946916194,2561.9071304953586,86.55635796101042,9.269419,1.672852,17.294691,1.1946931,16.881795608856404,1.1364905168665724,18.113746560607137,1.602847582671731,1.8588198956179026e-11,4709.600539418009
2006-08-30,138.95789469410218,3321.918230495358,87.65162056420047,9.2540455,1.7744989,18.439175,1.1911665,18.070381847854943,1.1455577066017817,19.359143158851005,1.611924782091927,2.501582457650929e-09,4709.600539415507
2006-08-31,138.95789469161957,1673.954270495355,88.23908311523047,9.369251,1.7821474,17.596838,1.066181,16.966201745663724,0.9938910781121578,18.2021870222259,1.4602488014543191,0.0,4709.600539415488
2006-09-01,129.26315790119895,965.1056304953592,88.67644119582803,9.1592045,1.7750427,17.750925,0.9411079,16.736099946734047,0.8560203926282579,17.961087143871037,1.3223763426107182,,
2006-09-02,129.26315790120012,925.6425804953589,88.99527947580872,9.227451,1.7398452,16.34332,0.99683154,15.471375864025834,0.9002910534190577,16.63591357325237,1.36663833738877,,
2006-09-03,129.26315790119915,937.8241304953576,89.25601000841024,9.566872,1.9619967,16.75565,1.06315,15.88482658341609,0.9641174482818764,17.0691258237189,1.430467364000219,,
2006-09-04,129.26315790119926,847.3068804953585,89.4400556599595,9.555128,1.9301963,17.482552,1.0307934,16.433242510953676,0.9301301591640718,17.643754157926715,1.3964838673644406,,
2006-09-05,129.2631579012,678.4215104953573,89.56260319353544,9.570431,1.905296,17.313414,1.0405216,16.074214145512574,0.9256604484726147,17.2675654638946,1.392011634989407,,
2006-09-06,129.26315790119867,584.8850904953578,89.66374525442765,9.60582,1.9394237,17.368143,1.0849837,15.963137279383135,0.9554250751644924,17.151179503261446,1.4217755113769186,,
2006-09-07,129.26315790119892,574.4183804953586,89.71647781397849,9.358368,1.8251456,18.239243,1.1117554,16.60786552099235,0.9674807656305525,17.82672355092634,1.4338357536043567,,
2006-09-08,129.2631579011993,537.7035304953579,89.72255951450674,9.144131,1.668969,18.976248,1.1116252,17.07070958772001,0.952770239063173,18.31168998189029,1.4191287878266197,,
2006-09-09,129.26315790119995,559.5966104953578,89.70359694134936,9.001434,1.5920527,19.792099,1.2060742,17.767252353221437,1.0242911360143088,19.041525110570355,1.4906555052295967,,
2006-09-10,129.2631579011994,548.9657604953578,89.69393371018612,9.029816,1.609049,19.262749,1.2623305,17.312461427294835,1.0667733814051858,18.56499673300947,1.53313388743072,,
2006-09-11,143.79633041043732,559.4820728055497,89.62376077849929,9.215258,1.6732997,18.265646,1.29571,16.41515174472423,1.0860780413353313,17.624798714911694,1.5524316189459773,,
2006-09-12,188.1403715227106,568.8070473319893,89.49116535222342,9.290857,1.7450914,17.880838,1.356335,15.74578622100287,1.1076714416595854,16.92343980726803,1.5740204505232565,,
2006-09-13,210.67703187964244,582.033292577883,89.32949393022656,10.056219,1.9799205,16.278057,0.9953628,14.624491701680963,0.9005522602040092,15.748551242876097,1.3668947638293725,,
2006-09-14,244.68777790119952,608.4806804953579,89.43081120407321,10.531351,2.1924725,16.629719,1.2054142,14.880713616930677,1.0651180823300916,16.017019689823947,1.5314619456898146,,
2006-09-15,318.45628790120014,1240.496400495359,90.14942121503961,10.9562645,2.599554,14.984066,1.4738133,14.161283683929511,1.2873727396006072,15.263203465273524,1.753712975610798,,
2006-09-16,490.6819737036,919.2152804953586,90.32866031498538,11.890804,2.9406023,19.282951,1.3931439,16.71028636072587,1.368341993119739,17.934039756690996,1.8346977479381366,,
2006-09-17,387.7894737036012,883.0471980962432,90.40105714894744,11.575546,2.8717816,19.240305,1.3016254,16.901442053333696,1.259338017422797,18.13433203797243,1.72569523554934,,
2006-09-18,387.789473703601,835.1809342936135,90.41700150926073,11.44911,2.8210032,19.424538,1.2764678,16.895623743825002,1.2490113466500739,18.128235633158116,1.7153685196205184,,
2006-09-19,387.7894737036004,821.2785794051915,90.35290401306135,12.052523,2.7868702,18.090025,1.1536996,16.153591486789974,1.1887366502219563,17.350736770747194,1.6550883815630488,,
2006-09-20,387.7894737036004,834.9388502727722,90.23884377574063,11.798994,2.5944626,16.48925,0.9784932,15.001730906607733,1.0599535993493916,16.143821192270657,1.5262981310372017,,
2006-09-21,387.7894737036004,835.5239820391855,90.07823128599289,11.473623,2.6446044,14.910871,1.0371369,13.821265671146714,1.097538799527678,14.906933753773139,1.563877527174011,,
2006-09-22,387.7894737036004,758.7399175398223,89.93787012397684,11.806431,2.7932081,14.110615,0.96234,13.33127297170524,1.1393495572738703,14.393521078254613,1.60568634382478,,
2006-09-23,387.7894737036004,747.0101504953582,89.84130784310564,12.435331,3.1089668,14.374336,0.8418217,13.71172967064546,1.1982493053983563,14.79216230687801,1.66458757528853,,
2006-09-24,387.7894737036004,722.5487804953581,89.7165802992934,12.839558,3.25355,15.383695,0.93011135,14.495146006082434,1.2874612159710244,15.6130232651741,1.7538030616954419,,
2006-09-25,387.7894737036004,697.2521104953581,89.55427542880773,12.544014,2.9697943,15.336261,0.904041,14.33832307598731,1.209977580287598,15.448704735092798,1.676318654014841,,
2006-09-26,387.7894737036004,669.3713804953579,89.36238507976272,12.313511,3.046424,15.191369,1.0115618,14.135708418517487,1.2880342702043306,15.236405789599475,1.7543743881604883,,
2006-09-27,387.7894737036004,651.785090495358,89.14818614975553,12.716894,3.0510178,14.746479,0.8206881,13.989388892593388,1.2490237913473334,15.08309269050448,1.7153632482835994,,
2006-09-28,415.9047737036004,836.9694504953579,88.90307243033284,11.710457,3.01222,13.610516,0.67341053,12.979771112988711,1.0964736890505136,14.02521863224043,1.562809252285235,,
2006-09-29,567.7054737036005,2508.409730495357,89.3182274353436,11.831963,2.4887154,13.671484,0.9338299,13.331995286820893,0.8892813755428605,14.394277917563684,1.3556181647531043,,
2006-09-30,387.7894737036007,1798.9574304953585,89.47088642610144,11.772556,2.5737321,12.381722,0.84044623,12.273695216542233,0.8284660169228697,13.285394721543517,1.2947995498684628,,
2006-10-01,418.9058737036004,2105.725430495358,89.720263813379,12.126095,2.8836522,12.024513,0.84228045,12.041368425709289,0.8499876495052934,13.041963504278163,1.3163206390843976,,
2006-10-02,387.7894737036004,2028.3019514745013,89.94255955450835,12.033558,2.886898,12.468221,1.0115736,12.39845610498386,0.9673991385439357,13.41611875397889,1.4337329887581962,,
2006-10-03,387.7894737036004,1927.179186603919,89.947206121728,12.600964,3.1505027,12.669341,0.9328815,12.657886905182831,0.9389609634843044,13.687949459607548,1.4052955304344341,,
2006-10-04,387.7894737036004,1742.754523961597,89.87958983167121,12.8228245,3.4211261,13.892037,1.182393,13.697425351985055,1.1502981444347338,14.777174290682506,1.6166363555595042,,
2006-10-05,390.2484177695923,1803.0466345996265,89.80089935172681,12.239038,2.8502474,13.79823,1.0873562,13.520806440753514,1.0277257538128675,14.592113599235644,1.4940632586304772,,
2006-10-06,416.99608373730007,1526.7591654827602,89.60577131772742,11.916264,2.6205573,12.608127,0.85188085,12.45970045002799,0.873949867663875,13.48029036936281,1.3402838801380634,,
2006-10-07,387.7894737036004,1342.143973505585,89.47144058408722,11.766575,2.6700554,11.6241255,0.7897095,11.656057558610255,0.8565175905671384,12.638236094851104,1.3228498150781354,,
2006-10-08,387.7894737036004,1172.0907392992665,89.3392256315368,12.100674,2.999303,11.575899,0.7710754,11.706359171911252,0.9442748137763968,12.690941953320426,1.4106071285285062,,
2006-10-09,387.7894737036004,1019.57670438511,89.24749643263004,12.6078,3.2653391,12.801406,0.93067044,12.748059083316795,1.1243309624740165,13.782431559618145,1.590665796573145,,
2006-10-10,406.2630437036004,898.8585177843428,89.1609081608821,12.738398,3.159922,13.413524,0.9442843,13.203367944070655,1.1791859422231363,14.25950262752056,1.645522267276906,,
2006-10-11,425.5299237036004,821.4578104953579,89.04943657110773,12.868105,3.159198,13.290962,0.86855865,13.146663744525604,1.2204906698938753,14.200088161070864,1.6868267963382821,,
2006-10-12,459.0568137036012,770.1169104953586,89.0026321213999,12.3847065,2.6960223,13.245504,0.81627655,12.92402408302873,1.129316772908949,13.96680708481005,1.5956521551129164,,
2006-10-13,433.9867937036003,786.3153604953587,88.94942636363348,11.687231,2.4526203,10.782866,0.8477461,11.10449299949981,1.029178731924845,12.060308635244303,1.4955101567765405,,
2006-10-14,450.1262337035996,803.1415627309525,88.85616919311121,11.706743,2.4893138,8.6353655,0.77583086,9.738487823379995,1.023008169980665,10.629013081161059,1.489339112405081,,
2006-10-15,450.1858337036012,797.8892231003515,88.73438131070651,11.828831,2.3561327,7.689372,0.8114706,9.182491916424159,0.9956885790767278,10.046442470429662,1.4620199362769195,,
2006-10-16,451.65059370359984,782.4711800554925,88.59070656370506,11.874296,2.6424105,7.771807,0.7220029,9.27319192698952,1.069917484092839,10.141477631457573,1.5362487494953299,,
2006-10-17,539.6143937036012,821.7218821641986,88.45829640869634,11.943411,2.5939534,8.589569,1.1283997,9.918984410881771,1.2333410479416362,10.818136788548703,1.6996719317383844,,
2006-10-18,675.1605737036,850.8385741469795,88.41186587755337,13.1960335,3.177971,10.707844,0.74452865,11.808714371340304,1.466055683664014,12.79818938139844,1.9323881909772018,,
2006-10-19,577.1032537036003,950.5899896059055,88.32490436967335,13.204592,3.3046646,11.138258,0.88227373,11.918838733427217,1.3637530315624249,12.913577311551808,1.830085759434437,,
2006-10-20,997.034373703601,2972.426049898601,89.13902580151813,12.71496,2.7322621,11.608404,0.78901285,11.886344783609156,0.9055724147062638,12.879530262007455,1.3719050760562908,,
2006-10-21,450.98379741328097,4897.1140544595,90.10304870162,11.963745,2.471476,9.827626,0.9265713,10.007756628879457,0.8736591850979336,10.91115201511403,1.3399900537305063,,
2006-10-22,765.5575336825311,3298.4056608323467,90.2579308667799,12.521055,2.505745,9.69876,0.7686397,10.230415768871467,0.7822984291906564,11.144453500875464,1.2486292994448878,,
2006-10-23,857.6766306078707,2922.449064678736,90.39481400690543,12.271914,2.4105256,8.850826,0.73474205,9.62704029306486,0.7885386976312141,10.512238739861186,1.254869694862502,,
2006-10-24,950.6479132193992,2673.48612637682,90.32155878661662,11.874456,2.1889486,7.7151012,0.6777695,8.806143202265861,0.7613610837868768,9.65210557421832,1.2276929224129687,,
2006-10-25,929.1485971637524,2579.401507946048,90.19140170703707,11.834805,2.1658778,7.0796595,0.66063637,8.338936440062115,0.7515843496538099,9.162567925847656,1.2179170113202027,,
2006-10-26,894.5325041478459,2464.61440284384,90.02171176749508,11.313356,2.046953,6.238688,0.66967165,7.590059624214526,0.7338577002393988,8.377897358109884,1.2001922019525681,,
2006-10-27,903.656191241818,2180.626572393274,89.75950840361251,11.185404,2.1371367,5.718119,0.65258604,7.319965028378722,0.7777831799051131,8.094893163865315,1.2441185026524775,,
2006-10-28,2675.7660007351387,7584.126987806477,91.62998904234921,12.139818,2.5568242,6.6599874,0.644649,8.089119781268508,0.8195855142671031,8.90081088471924,1.285918718453532,,
2006-10-29,1092.3943918843634,8625.218708778073,93.9878410591954,11.271093,2.0403955,5.94249,0.8979632,6.541498958887907,0.8293674924375204,7.2792190773059735,1.2957056483683798,,
2006-10-30,1730.677240325159,6550.652733319077,94.35422207453603,11.779083,2.2289615,6.9036894,1.1269404,7.9225756298997645,1.0057979373786399,8.726306492217773,1.472131542900111,,
2006-10-31,1826.8957279625672,5050.880415029761,93.90708257221485,12.84309,2.638431,8.588151,1.3106024,9.718360782111482,1.190596674362699,10.60792403612076,1.6569276256339092,,
2006-11-01,1729.4033921445098,3874.0691150297584,93.18806885560439,12.497057,2.5869143,8.659852,1.1355548,9.844131101141924,1.1197352816611548,10.73970574647653,1.5860661852488858,,
2006-11-02,1550.598830939537,3375.124082199249,92.63899667411805,10.964773,2.0748053,7.277671,0.8121786,8.438356640706784,0.8580757044506927,9.266740072232185,1.3244081700653894,,
2006-11-03,1423.6658476219395,2772.9472474545883,92.05489676552352,10.071211,1.8049233,5.9330816,0.74595326,7.336907314528251,0.7860425529195058,8.112645233378483,1.252377821712912,,
2006-11-04,1299.803189648475,2414.944489433005,91.32899510814566,9.534292,1.7115405,4.640198,0.7384357,6.352658814509895,0.7675300111597346,7.081353019544434,1.2338689588242029,,
2006-11-05,845.5995120067199,1850.994038716892,91.04390906588125,9.134958,1.6601686,4.915181,0.6785241,6.23842153548347,0.6985312842916342,6.961655589081148,1.1648707307081483,,
2006-11-06,445.2967884330334,1534.9692795914375,91.0779353553754,9.323046,1.8269918,5.905156,0.6721468,6.673727230353757,0.6634951616094384,7.4177674081481575,1.1298327874363832,,
2006-11-07,404.51102934887047,1469.2322441815138,91.06785811344486,9.122402,1.852524,6.7767205,0.6878779,7.283115460205532,0.6714690801584425,8.056282312297395,1.1378045213895414,,
2006-11-08,649.5445811583414,1656.5592802228302,91.13839322253179,9.800644,1.8168243,7.2711005,1.0405865,7.983579796486758,0.9058773740085606,8.790226449435313,1.3722108288413286,,
2006-11-09,580.471741956715,2031.56998689786,91.68065999776925,10.123634,2.2933264,9.428999,1.2466654,9.583367160760107,1.0953994246266674,10.466478181121397,1.5617304472095397,,
2006-11-10,803.8089827405571,2009.7117184692725,91.5573615398514,9.732138,1.9570191,8.475249,0.88625497,8.834336102025304,0.8446093910767491,9.681645998213657,1.310941188025071,,
2006-11-11,849.9504633220131,2035.0689596299064,91.51685776958168,10.129932,2.1259382,8.85163,0.73650116,9.22822855621066,0.8137434010033111,10.094365165255075,1.2800747107372665,,
2006-11-12,938.1167018669294,2097.556059176681,91.35241698602812,9.992336,1.9508792,9.449129,0.7221967,9.616996907744234,0.7826130765407077,10.501715315053827,1.2489440794088678,,
2006-11-13,932.1292279705684,2091.155686934488,91.23293166109143,10.119963,1.9985893,9.926573,0.72184163,9.986198133165889,0.7930869021289494,10.888563096999384,1.2594177736154868,,
2006-11-14,894.806646402747,1916.3276402280871,91.06017714239071,9.959566,1.930826,9.807383,0.731746,9.855823825715317,0.7915533824188118,10.75195734331495,1.2578842824926713,,
2006-11-15,848.9483280790892,1976.7470165957875,90.88616889153084,10.367498,2.1715987,9.817328,0.72721523,9.982620813985418,0.8273305367489812,10.884814794190541,1.293661408760516,,
2006-11-16,3220.6234435730803,5135.775222754152,91.73906839877543,12.512335,2.9329424,9.398022,0.8017947,10.598303094741938,1.2331207907687836,11.529924583362632,1.6994517879479811,,
2006-11-17,2397.7538225679277,9692.357678286166,94.56387733235769,11.151159,2.2021427,9.714122,1.1710142,9.999120189460957,1.035391981366187,10.902102783413516,1.5017228510782488,,
2006-11-18,2390.927754439908,7653.501615029759,94.84539793587523,10.240036,1.7747806,8.1039505,1.0863873,8.612414042264637,0.9293584161374872,9.449116822599041,1.3956905657417629,,
2006-11-19,2084.1472749085674,6204.594115029759,94.58502468310364,9.834934,1.5893817,7.064385,0.8206631,7.761020589961613,0.7328655261790381,8.557029673618855,1.1991995513259688,,
2006-11-20,1790.4052926308475,4740.696215029759,94.08800104608723,9.2849045,1.3962734,5.951193,0.7280232,6.865080800919593,0.652508014875825,7.618267025277582,1.1188449089742265,,
2006-11-21,1654.2739804472812,3732.1813150297576,93.47451409891785,9.136557,1.3292401,5.0000987,0.7174822,6.270476780115859,0.6432675447282933,6.9952429648315935,1.1096068496873452,,
2006-11-22,1510.1471315207586,3311.4925042133173,92.59725451602097,9.225775,1.333003,4.994312,0.73474795,6.31961443004014,0.6549430341714211,7.046729226453602,1.1212821245711027,,
2006-11-23,1619.7700107219407,3974.134725315393,92.1047327051916,8.816717,1.0909063,5.2301846,0.6290647,6.268700262842922,0.5472777134734412,6.99338153610573,1.0136170262413742,,
2006-11-24,1090.235828670451,3367.99213074555,91.85726489859579,9.127455,1.2368091,5.92999,0.6866889,6.711912783578175,0.600494717491454,7.4577781002859185,1.0668321939536105,,
2006-11-25,628.7656242043672,2546.4532225573757,91.85341294387636,8.723034,1.2564397,5.9942746,0.6742658,6.534631083093485,0.5952388641569415,7.272022940525238,1.0615770481674534,,
2006-11-26,561.893731504465,2385.18119912334,91.82078580911501,8.800163,1.3707626,6.3566284,0.655872,6.822516441806275,0.5916731850726206,7.573668235297631,1.0580102383137646,,
2006-11-27,576.0735539286321,2183.546288099029,91.69868753284457,9.169813,1.4994662,6.919873,0.6612726,7.389550569700016,0.6097125590942862,8.167804656195493,1.076047662336261,,
2006-11-28,610.6386281919328,2019.514203081664,91.48488593968459,9.261036,1.5358481,7.488035,0.6784436,7.899670112681929,0.6312801100846213,8.702306169575518,1.0976137732850275,,
2006-11-29,636.0515937823535,1895.2665137835472,91.18692989972168,8.902487,1.4020749,7.911235,0.67039293,8.16030958785871,0.6132396163024209,8.975403320714275,1.079572658615601,,
2006-11-30,674.5158166885409,1825.588524025959,90.80389545546814,9.7657795,1.7591647,8.21142,0.6153168,8.630778566507505,0.6535560653912534,9.468359108324732,1.1198881836746533,,
2006-12-01,1085.0253233545798,2037.903591760676,90.61289094155302,9.470329,1.4379808,8.619206,0.9026774,8.914919164007706,0.7723942436251594,9.766080655099401,1.2387259264598196,,
2006-12-02,684.2675163943971,2532.50909091835,90.88492248506756,8.010468,1.2069901,8.678213,0.8075889,8.536171357714124,0.6856832591469103,9.369229998349592,1.1520155429088972,,
2006-12-03,748.5809299591688,2180.469986278446,90.71986320981019,7.9341025,1.1628455,5.737453,0.76043254,6.298853250017269,0.6393569227526127,7.024975732994181,1.105696103469013,,
2006-12-04,670.6375535483079,2121.917602473655,90.53496605316617,7.5108347,1.1040121,4.0264497,0.86393964,4.863231520102894,0.7079814627863074,5.520736191817281,1.1743280844773687,,
2006-12-05,619.097216773185,1993.674606638877,90.09659085756503,7.22159,1.0813736,2.7769008,0.95967424,3.830071479245105,0.7758140461384073,4.438194632687411,1.2421674813502648,,
2006-12-06,528.4626453836916,1823.3565314929613,89.69019004168126,7.265573,1.1064817,2.386226,0.9092148,3.482633644857232,0.747473352226637,4.07415045747262,1.2138293530162394,,
2006-12-07,458.0758980469716,1769.5194281014417,89.34397322314764,7.0399413,1.0780181,2.2946951,0.8892268,3.27049306603005,0.7403372248579323,3.85187028414379,1.206694860030426,,
2006-12-08,415.7766084008775,1609.380785602486,89.02468356590158,6.4780455,1.0115982,0.7027678,1.1039375,1.8884659336471723,0.9015411090716957,2.4037869790564264,1.3679106514534594,,
2006-12-09,387.7894737036001,1438.1866145867943,88.7727677438036,6.60162,1.0238473,-0.07174075,1.1277549,1.3455062507783273,0.9144759700915739,1.8348756793612766,1.3808507880759824,,
2006-12-10,387.7894737036004,1212.9817036967074,88.6471815949241,7.114898,1.0772419,0.83413154,0.98836094,2.3556576846558515,0.7930929768707661,2.8933088987482125,1.2594582496666582,,
2006-12-11,387.7894737036004,1088.590783676987,88.58011921466094,6.9410186,1.0432632,2.3695793,1.031158,3.5703241898527227,0.8081856124323348,4.166032310763764,1.2745409526663969,,
2006-12-12,387.7894737036004,1056.1657696446782,88.43948384987178,6.9074616,1.0340686,3.3431373,0.87602794,4.300374326408524,0.6983537733617795,4.930976348295384,1.1647039556354477,,
2006-12-13,387.7894737036004,1068.3973432472703,88.32840521637097,7.1868095,0.9908544,4.3569717,0.85410094,5.110571002846599,0.6799389310909049,5.7798976563484095,1.1462841027261665,,
2006-12-14,387.7894737036004,1032.5469052802655,88.20700649807472,7.208506,1.009879,4.6854935,0.78213906,5.374342785182162,0.6319202092961959,6.0562768282208825,1.0982639116326276,,
2006-12-15,387.7894737036004,983.6355274692098,88.04709631769686,7.182732,0.9980634,5.149025,0.8879388,5.724083914135235,0.6965909333061795,6.4227343876076715,1.1629328101659027,,
2006-12-16,387.7894737036004,949.8297259883004,87.88157873731592,6.734262,0.9741573,4.7726736,0.8577063,5.341358122416044,0.6713420008453551,6.0217156113269725,1.137685882564516,,
2006-12-17,387.7894737036004,921.149916248962,87.70527976086927,6.825629,0.98056686,4.087553,0.96411425,4.898741946097799,0.7380603037656043,5.557943894788423,1.204406712971349,,
2006-12-18,387.7894737036004,890.8487927308385,87.53434722822847,6.5735774,0.9292064,4.0947084,1.0206509,4.84650769282038,0.7649105470867107,5.503213022758206,1.2312572693484092,,
2006-12-19,387.7894737036004,825.8239325290652,87.34908528135902,6.188565,0.8904656,2.883531,1.087866,3.939598261463542,0.7930570168689776,4.552956420697314,1.259409671923298,,
2006-12-20,387.7894737036004,754.304429106379,87.1613639321601,6.0557756,0.87269634,1.494557,1.3358418,3.043284814600037,0.9306978861952765,3.613802254967976,1.3970573289139652,,
2006-12-21,387.7894737036004,713.9874304953581,87.00841082261556,6.1690893,0.8682429,1.3329089,1.4637164,3.035086381972726,0.9965479197385166,3.6052119652860193,1.4629074287830381,,
2006-12-22,387.7894737036004,735.397650495358,86.84845434443409,5.9864163,0.82162136,1.5312681,2.0517118,3.0694442138102556,1.372966223385715,3.64121198403901,1.8393254549871365,,
2006-12-23,541.1519637036004,1025.167490495358,86.87844469195424,6.906964,0.8467986,2.3913476,1.860221,3.9514601485295238,1.2521852518714987,4.565385265417218,1.7185378232571313,,
2006-12-24,395.3167237036003,985.057530495358,86.85140272780527,6.192597,0.821329,4.248143,1.0456407,4.805003098537568,0.7823810426968211,5.459724650745033,1.2487280159330876,,
2006-12-25,395.9683437036004,889.126440495358,86.76894574888522,6.246279,0.8036537,2.8440175,1.2099978,3.8923353195639887,0.873023121641237,4.503434471735247,1.339376111666044,,
2006-12-26,674.2386437036005,1301.414810495358,86.86502214884258,6.422464,0.7933104,2.349891,1.557395,3.7397531491510656,1.0610196061174626,4.343559395152643,1.5273736949862817,,
2006-12-27,479.7357337036003,1392.8868308959572,86.93678304628844,5.8535113,0.74941456,2.7768354,1.0889419,3.5650302408296626,0.8324150834966598,4.16048532907386,1.2987704633595731,,
2006-12-28,445.86347370360033,1322.2159012158045,86.87077275806129,5.827192,0.77146816,2.048777,1.0193702,3.001594685507298,0.7867441924654398,3.570119480215181,1.2531039732582472,,
2006-12-29,396.43736370360045,1333.3871813076917,86.81598999226465,5.774385,0.7797222,2.2759104,0.89872116,3.0776830489491225,0.7154301803049568,3.6498446073344657,1.1817893455775856,,
2006-12-30,387.7894737036004,1278.248646636322,86.74109704325772,5.646439,0.76741225,2.3348932,0.92813164,3.1056934899497364,0.73415978788409,3.6791938516660063,1.2005187282322596,,
2006-12-31,387.7894737036004,1198.146462981837,86.68406128327759,5.4883933,0.768447,1.5854005,1.052502,2.5397514583405427,0.8170459915881599,3.0862017255219483,1.2834096505350323,,
2007-01-01,632.5914737036003,1455.640656616635,86.75705998690482,6.261353,0.9096412,4.6140976,1.7721431,5.113103294345357,1.2656663143667657,5.782550982724603,1.7320114715180086,,
2007-01-02,467.7657437036004,1531.6459718575263,86.81966085942643,5.4587355,0.77522457,5.107695,2.2614193,5.18982158786553,1.741824328538113,5.862936148426673,2.2081690503583333,,
2007-01-03,387.7894737036004,1334.9593124706985,86.80551747637712,5.1186466,0.71942455,2.5285125,0.94301355,3.111549752095006,0.748471043288304,3.685330023123189,1.2148299367239632,,
2007-01-04,387.7894737036004,1231.2070048330356,86.79455523460476,5.109301,0.69022244,2.425665,0.92764825,3.068461769391654,0.7245669946624926,3.640182582135518,1.1909262341785076,,
2007-01-05,612.5100337036004,1216.9648152001205,86.81651447987798,5.0912743,0.60113114,3.0244684,1.0151784,3.716437111854435,0.7046485469296665,4.31912893097512,1.1710028060576367,,
2007-01-06,1186.3749737036003,2425.134919776588,87.94598375626609,5.351081,0.64185125,4.7338204,1.0698253,4.936589468224406,0.7486921259891468,5.5976003990973995,1.2150383103126334,,
2007-01-07,765.9029285257354,2118.978308947107,88.3704629351523,4.90518,0.6657045,4.5901337,0.97460634,4.673774854241532,0.737353915704449,5.322224144952959,1.2037016954280735,,
2007-01-08,1692.9596671956192,5454.74259891497,89.45611500466417,4.9062176,0.696707,4.4972863,1.0997791,4.594143197114043,0.8553610494708278,5.238786366821979,1.3217093281871048,,
2007-01-09,1225.646296006258,4702.309428575722,89.91068861140931,4.7694397,0.67180306,3.222139,0.92698854,3.542054144471452,0.7483309895494105,4.136411053849583,1.2146865417756174,,
2007-01-10,1115.4345743358297,3721.9334776129576,89.85521251019148,4.927534,0.6564962,1.6636266,0.84731716,2.416241463616937,0.6692811880908645,2.95678837524835,1.135645925503684,,
2007-01-11,1102.1994257425813,2978.7089403753675,89.4112794185507,5.1327887,0.66281635,0.6682875,0.87294126,1.8740902815998395,0.6618419425539979,2.388724219981939,1.1282116202705517,,
2007-01-12,982.3141297391156,2706.045568451904,89.0760810252872,5.339048,0.63833314,1.0551591,0.938934,2.1960794086612054,0.7095372947662612,2.72610332665207,1.1759039978542445,,
2007-01-13,887.6591693915675,2997.1054275622228,89.00048866704665,5.316869,0.58840203,1.9803777,1.001134,2.7427576978188504,0.7839918319134352,3.2989109693052048,1.2503537561478255,,
2007-01-14,736.0104735093084,2829.742472157896,89.15580748468768,5.249594,0.5992378,3.0697753,0.9877158,3.519713838994298,0.7935394436120848,4.113002958137136,1.2598951640108547,,
2007-01-15,1378.7823081908534,5071.59620882556,90.15606607388617,5.208589,0.6084961,3.571422,1.0212901,3.9213700693822338,0.813453009885136,4.533856983344477,1.2798057938269722,,
2007-01-16,822.0868380769986,5198.212564642377,91.6025850289298,4.6572156,0.6467308,2.6240425,1.3186172,2.90167734611542,1.1419766475040298,3.4654264335507095,1.608337246637956,,
2007-01-17,1155.459743548208,3509.146976795008,91.89659892960529,4.823704,0.63410455,0.79743963,0.7717998,1.7947769022813722,0.6014899520285383,2.305619932251273,1.067860380663022,,
2007-01-18,1243.4359199422556,2751.394076491588,91.74582647204156,5.279129,0.6449518,0.19491303,0.8749562,1.7774326370406182,0.6351742012026936,2.2874466704204157,1.1015447950065613,,
2007-01-19,1262.9024177884355,2619.6194149618445,91.39541776632106,5.688892,0.6188442,0.3802457,0.9304248,2.1070362646403877,0.6592607669436364,2.632804224725818,1.1256282807784654,,
2007-01-20,1212.9170748747383,2403.6616935100387,90.88066243829824,5.793029,0.6615311,-0.29267323,0.85275465,1.748330828058161,0.6086380152461556,2.256953894448155,1.0750088869592649,,
2007-01-21,1082.502816160526,2185.755241695106,90.25471936761434,5.590139,0.7117013,-0.8563601,0.7710434,1.2788303470050453,0.5669862771621315,1.7650128953078066,1.033361766234793,,
2007-01-22,890.1177953360341,1887.7697763505296,89.72906294347564,5.721889,0.7148306,-0.77118194,0.9156033,1.309391105488166,0.6630376790534622,1.7970343535796935,1.129412859903234,,
2007-01-23,609.6386716696911,1595.1469793247454,89.3633700874911,5.461072,0.705089,-0.19906342,0.9215455,1.3660036500939967,0.6946519960858755,1.8563527842973806,1.1610266087869876,,
2007-01-24,387.7894737036002,1322.040769076052,89.1324722200714,5.209362,0.6887791,0.42807615,0.9090287,1.5124717151576894,0.7200116246100797,2.009821522195084,1.1863847844020792,,
2007-01-25,387.7894737035999,1124.4527114868538,88.82267666406027,4.5935364,0.8203951,0.056349874,0.80771774,1.2198362406626013,0.6363717465571251,1.7031990723434578,1.1027478336399446,,
2007-01-26,387.7894737036004,1073.0503840212116,88.55926974002418,3.8379683,0.9023423,-0.85101306,0.59454983,0.3937076523075356,0.4980990056945145,0.8375843614443252,0.9644838851106314,,
2007-01-27,387.7894737036004,1040.1469166664642,88.41174355692485,4.0699654,0.83282226,-0.92611325,0.8149811,0.43068857326194354,0.6352786423531965,0.8763328440073996,1.1016631115040099,,
2007-01-28,387.7894737036004,1032.880794604029,88.14776365780611,4.5403295,0.7606302,-0.7958132,0.9157819,0.6607527572916909,0.6974293561228729,1.1173933095986985,1.163811308071575,,
2007-01-29,387.7894737036004,912.9802666690692,87.93135452394742,4.304804,0.8069045,-0.51763356,0.9003347,0.9200463067161454,0.676162514609096,1.3890802043349844,1.1425417020900452,,
2007-01-30,387.7894737036004,857.8457390594947,87.71568980465028,4.188168,0.83374864,-0.96046007,0.90369123,0.642403891133518,0.6743131966610825,1.0981674303606261,1.1406953471494052,,
2007-01-31,387.7894737036004,778.8590990599017,87.5629609770997,4.3062854,0.7839273,-1.1988443,0.89691573,0.6310395065021663,0.6530251163839174,1.0862598669911012,1.1194073900309573,,
2007-02-01,387.7894737036004,691.1102329924606,87.32407745615957,4.5372567,0.7822504,-0.9748579,0.902165,1.0063642609614947,0.6426672887190789,1.4795238617300956,1.1090455729734832,,
2007-02-02,387.7894737036004,679.0900704953578,87.05632834570764,4.663703,0.7759775,-0.92081845,0.8974149,1.1090439027025785,0.637062506260589,1.5871112393536069,1.1034397271754335,,
2007-02-03,387.7894737036004,700.2509504953582,86.86999788473959,4.3227406,0.796697,-0.4883169,0.8851043,1.2263964519687482,0.6364920567535001,1.7100728393250781,1.1028680771402537,,
2007-02-04,387.7894737036004,713.247440495358,86.65468458218454,3.7662926,0.8683986,-0.9474555,0.88881946,0.7127448459940505,0.6519675876744014,1.1718704424149666,1.1183489791456651,,
2007-02-05,387.7894737036004,669.182700495358,86.32498752535967,3.3435984,0.9435017,-1.2224859,0.6886376,0.4527515921378765,0.556694723898335,0.8994503997669451,1.0230789490273697,,
2007-02-06,387.7894737036004,497.9550104953579,86.10825677646584,3.3390822,0.92203116,-1.5223004,0.8330185,0.6060707816537627,0.6182811830945216,1.06009772244626,1.0846637278526043,,
2007-02-07,244.1469156707335,483.3970115719528,85.72308140860109,3.016251,0.90355253,-1.268303,0.7091826,0.16949423602435892,0.560324948416503,0.6026543102980342,1.026712348729932,,
2007-02-08,173.5058964736345,521.6556945134624,85.52992035591986,2.8239346,0.8905955,-0.8178152,0.60403997,0.09113183075159653,0.504847064892769,0.5205464499217156,0.9712353598126864,,
2007-02-09,178.8421847264799,520.4071164156974,85.31739280264684,2.767911,0.8105251,-0.91903913,0.6268657,0.02394673700041547,0.5105199853394018,0.4501501383499819,0.976909052852813,,
2007-02-10,179.32071883575918,529.4232433657585,85.18187977952604,2.7910032,0.7341908,-0.86751735,0.6337989,0.05813221268997025,0.5085784427432729,0.48596956292029475,0.9749671164966525,,
2007-02-11,192.97702297876452,537.2360061646239,85.01832353253734,2.7748299,0.6976599,-0.77582896,0.59198123,0.1625212796301685,0.4729533676901972,0.5953480704240605,0.9393408473242091,,
2007-02-12,208.82710668282743,547.6388136391414,84.72595794009975,3.018385,0.6308961,-0.981212,0.74839103,0.12290151280670174,0.5690978524318904,0.5538346141798296,1.035485783814273,,
2007-02-13,212.6566207904798,526.5096518720272,84.4027782181084,2.5219145,0.66869813,-1.1438411,0.5899755,-0.0892107703987077,0.4621834429303882,0.33158408890676894,0.9285738233622788,,
2007-02-14,222.96571958461936,556.3092942120494,84.0723306420545,2.5036764,0.7297259,-0.54272854,0.26051646,0.3289070943687762,0.27960763608432565,0.7696865583457191,0.7459932381666039,,
2007-02-15,118.60924700805008,475.28000425999824,83.89192042671993,2.384128,0.60290563,-1.0453051,0.47424644,-0.36039209259589305,0.39817451293836614,0.04744122649553406,0.8645680993543423,,
2007-02-16,74.2922692745833,508.34290029524885,83.78484517721648,2.4524288,0.5611516,-0.5728806,0.3207673,-0.18712103627289264,0.28886814409457906,0.22899404701329848,0.7552596723516629,,
2007-02-17,140.61881519056988,467.8582753297153,83.72655064195081,2.5189738,0.5349542,-0.6568428,0.3663404,0.0770871463440523,0.3076150532463047,0.5058304776088427,0.7740035092460928,,
2007-02-18,183.32251740419812,448.40140882339705,83.63699193013662,2.5785155,0.52184504,-0.7042147,0.42363095,0.24841404842195522,0.3366762608479942,0.6853462199543527,0.8030627672875261,,
2007-02-19,185.07781639507084,454.08473116953024,83.47588644298334,2.505312,0.5229899,-0.8002895,0.38610527,0.1568903257205347,0.3133305362218492,0.5894479761659992,0.7797180799511225,,
2007-02-20,177.96590214845128,448.085667675456,83.25323034759118,2.9568887,0.46765625,-0.85337174,0.5972304,0.22976016998615106,0.4476524128920907,0.6658007498944106,0.9140391299694092,,
2007-02-21,204.59407793130245,466.0851885088819,83.09852191985931,3.2020645,0.5056508,-1.0012826,0.8808192,0.2809695625186599,0.631257041697652,0.7194577763394222,1.0976431814765588,,
2007-02-22,199.01713594599005,454.146466060197,82.83067833310042,3.1280396,0.5167569,-1.0918218,0.899396,0.19395825830526492,0.6448702837663067,0.6282876292178908,1.1112574062299077,,
2007-02-23,187.57939606059875,432.4851720901254,82.55486650291559,2.7937794,0.5057697,-0.9487115,0.65906125,0.1834515158382927,0.4844791968936514,0.6172787003764997,0.9508664386036143,,
2007-02-24,209.39088856539388,457.0078973688945,82.29276261583324,2.6656837,0.49985364,-0.9431609,0.52284306,0.19078352938736307,0.3914494011398877,0.6249611591099812,0.8578365596217941,,
2007-02-25,224.55470415848683,459.621381247093,82.0144576626762,2.7541337,0.52009887,-0.9834775,0.4882165,0.24325083465974365,0.3697417783648217,0.6799362222238707,0.8361283430670419,,
2007-02-26,207.1998645301332,440.7220451353916,81.73634934244028,3.0264044,0.47372136,-1.0027455,0.7507291,0.2857420368274196,0.5326496743113813,0.7244583586062533,0.9990357604415324,,
2007-02-27,209.37668575298352,451.1224207721816,81.45677451088962,3.0726104,0.45574993,-1.105383,0.9066492,0.21903119014725825,0.635873068908663,0.6545589614944016,1.102259907316804,,
2007-02-28,208.48232881914703,452.22878436547086,81.17064025497851,2.9915829,0.4645876,-1.2053448,0.9007242,0.11896356850566434,0.6336973015283212,0.5497084496023917,1.1000852779095807,,
2007-03-01,169.09937793974655,384.5190420949293,80.9331806781764,2.9450083,0.47399014,-1.1241332,0.8308658,0.11876128564243116,0.5949665169344142,0.5494964983097654,1.061354495627638,,
2007-03-02,98.6060274072015,719.8823604953581,80.9052815504389,3.0373144,0.56658167,-0.6017095,0.9255979,-0.16330413230179186,0.8169445992303022,0.25394931758020456,1.2833358472673821,,
2007-03-03,38.77894740720148,1025.103370495358,81.1136667931197,3.1833725,0.53049076,-0.11755252,0.64050657,0.00276755364102485,0.6174626921717391,0.42795866242342895,1.0838520043045814,,
2007-03-04,79.51679740720147,825.970220495358,81.23021852132419,3.0018582,0.5002769,-0.112846375,0.52780384,0.16067641540551975,0.4834541553424211,0.5934150279958263,0.9498416559719112,,
2007-03-05,123.76334740720148,705.438810495358,81.22300910996461,2.79804,0.4999297,-0.40397823,0.42509368,0.07394199860879719,0.369263513874799,0.502535002562992,0.8356520059775043,,
2007-03-06,152.80167740720142,667.1471604953582,81.18162295342822,2.3648973,0.5444662,-0.55701554,0.34349406,-0.012502082240112195,0.2973301957546637,0.4119591901438126,0.763719684569873,,
2007-03-07,74.18565740720146,660.814530495358,81.13838953255808,2.3052056,0.5736159,-0.23150122,0.30562383,0.024535804037400036,0.2808096635753478,0.4507673607777094,0.7471987242923691,,
2007-03-08,52.10621740720148,662.5077204953581,81.07088632134284,2.363783,0.5666651,-0.32812965,0.2899315,-0.13184831152483115,0.2719482905609869,0.2869086190639598,0.7383391694956043,,
2007-03-09,38.77894740720148,630.4296804953581,81.00713629017565,2.5024347,0.55583215,-0.26707423,0.29583165,-0.10658818793852773,0.2805440414597832,0.31337609021027574,0.7469346248112239,,
2007-03-10,38.77894740720148,587.6821004953579,81.06471339676838,2.91153,0.53684664,-0.28426933,0.38657963,-0.08644420814545009,0.3641691435064313,0.33448288337871235,0.8305594916644848,,
2007-03-11,38.77894740720148,634.1278104953581,81.26401299644208,3.1501403,0.6187913,-0.1914314,0.619228,0.001140050833825133,0.5846311007068741,0.42625337054538515,1.0510204316585825,,
2007-03-12,38.77894740720148,696.651800495358,81.32671062487029,3.4813418,0.78237313,0.20722878,0.7834253,0.379871354887724,0.7432613755587706,0.8230867363048633,1.209646408876353,,
2007-03-13,93.5220474072014,1056.360890495358,81.46919516628532,3.9101713,0.79026103,0.93477196,0.89321303,1.176766532595025,0.8230797569877513,1.6580707794566831,1.289456283171854,,
2007-03-14,38.77894740720313,3602.5003304953566,82.6201852051314,4.003813,0.790226,2.1562917,0.90892243,2.1759674791629284,0.8992819560975542,2.705030115672967,1.365648841514044,,
2007-03-15,38.778947407200974,5152.343230495359,89.13663706780937,3.8164954,0.83115464,1.4470841,1.0145046,1.4647841493024363,1.0069451092871813,1.9598546537037391,1.4733187394290226,,
2007-03-16,38.77894740719967,6106.627630495357,93.44845423039972,2.5868392,0.75707465,0.9161105,0.6603175,0.9266532028726545,0.6561681198938699,1.3960028875432298,1.122547237939516,,
2007-03-17,54.9368420988003,5060.18993049536,95.99601936091945,2.9794848,0.55876005,0.30348575,0.58960474,0.3322261799914171,0.5833032121934627,0.7731642849153957,1.0496887771441084,,
2007-03-18,54.93684209879984,3218.8564304953584,97.82894070878501,3.0408628,0.54121923,0.6270815,0.50103575,0.6675866737156301,0.4927116851440036,1.1245538638671273,0.9590935632462975,,
2007-03-19,387.78947370359975,2032.2213304953573,98.65155134543063,3.1106129,0.52335805,0.3836832,0.5624802,0.8206542370246714,0.47973399509652526,1.2849375334670514,0.9461142331635898,,
2007-03-20,387.7894737035998,1555.1205304953578,99.24951577144377,3.1204274,0.5238305,0.24393463,0.59326965,0.8180598367617948,0.4862314942336116,1.2822191297401229,0.9526117598750692,,
2007-03-21,969.4736841976004,1448.1502204953588,99.01349047629148,3.1977644,0.49830702,-0.12505019,0.84974724,1.2074073924935922,0.5468146553923888,1.6901761677178622,1.0131908689712046,,
2007-03-22,387.7894737036,2802.2623304953563,99.55354853257246,3.6371036,0.55303085,1.8601317,0.8787983,2.0761442093331057,0.7748914790440338,2.600435634774056,1.2412592762725347,,
2007-03-23,2592.9482006541057,6351.181130495357,99.84284277890856,3.7791252,0.44168833,3.7358055,0.93164027,3.7483641115998863,0.6738313270594372,4.352581932171415,1.1401853532061985,,
2007-03-24,2229.379683376354,6289.286630495359,99.84284277890856,3.7813995,0.50269216,3.7020092,0.8731367,3.722786055931089,0.6579194497564621,4.3257813328758585,1.1242736624613632,,
2007-03-25,3253.252783376354,6572.976330495358,99.84284277890856,3.820041,0.5730207,3.6004715,0.927987,3.6731662097517392,0.6490938920871328,4.273789827666095,1.1154484688368624,,
2007-03-26,3031.632561511912,6855.853630495359,99.84284277890856,3.7657585,0.5882063,4.294721,0.98764575,4.13253427261985,0.7081709360726657,4.755114113668133,1.1745222502153596,,
2007-03-27,4089.658972006161,10466.963360913673,99.84284277890856,3.5681543,0.8066482,4.607597,1.0134274,4.3155672117808,0.7631335982441864,4.9468954016541735,1.2294836796511537,,
2007-03-28,3805.068272006162,9646.773667553263,99.84284277890856,2.6583636,0.6741501,3.9506493,0.9777222,3.5851056233347327,0.7266268941623523,4.181520246238411,1.192982123916892,,
2007-03-29,2828.452272006161,7440.842167553265,99.84284277890856,2.485466,0.59925,3.819117,0.96024257,3.451792088019872,0.7150735849526384,4.041834779645023,1.1814298201559201,,
2007-03-30,2118.606372006161,5603.326067553265,99.84284277890856,2.5518484,0.5865219,4.2644362,1.0087074,3.7945668793789435,0.7494364399114659,4.400993034314051,1.2157901309664223,,
2007-03-31,1696.904572006161,3959.531567553264,99.84284277890856,2.8559408,0.5491751,4.706186,0.98101753,4.151120911025579,0.706202904987448,4.774589129854411,1.1725540922004725,,
2007-04-01,1436.457072006161,3180.629367553264,99.84284277890856,2.984826,0.6060922,5.3786016,1.0343726,4.633855760006989,0.7370890892427179,5.280397054470603,1.2034371182032477,,
2007-04-02,1365.9250506913463,2763.6190892575064,99.84284277890856,4.311647,0.60198337,7.061164,1.0096282,6.151709015473205,0.704403153986647,6.870798507026314,1.1707429889485654,,
2007-04-03,1168.5115146193357,2217.0774919616483,99.84284277890856,4.742303,0.60928786,8.695771,1.0035915,7.3312602714396125,0.690033576505311,8.106728280933659,1.156368863245665,,
2007-04-04,1198.7258810102796,2483.863943583335,99.84284277890856,4.6148624,0.59333444,7.2587013,0.9820038,6.398100974012675,0.689934571286692,7.128967158935195,1.156273324703354,,
2007-04-05,1317.0580814217842,2250.035910182144,99.84284277890856,4.4692945,0.53339314,4.565221,0.88030946,4.529802509421717,0.5891684124185779,5.171370414195598,1.0555170996073002,,
2007-04-06,1078.2649969824092,1723.895477252623,99.84284277890856,3.901532,0.5492094,3.6219168,0.8560835,3.7295120519785874,0.567483745242008,4.33282880854276,1.0338379088171457,,
2007-04-07,969.4736841976,1429.6005479412163,99.80468438256898,3.5065756,0.53356946,2.4865859,0.8514531,2.8987670156582754,0.5512924338361808,3.46237699924618,1.0176530569773536,,
2007-04-08,447.6566165202254,1461.5854294846802,99.84284277890856,3.3372357,0.47001502,2.489388,0.88777053,2.6881813445299083,0.6884936373631558,3.241726052888982,1.154856023327188,,
2007-04-09,969.4736841976,983.954530495358,99.60433579789422,3.3685396,0.5711636,2.1425452,0.85040194,2.750998223418514,0.5136521836138096,3.3075453638597048,0.9800140384272615,,
2007-04-10,352.83643831275083,951.4403873461152,99.84284277890856,3.611593,0.50640076,3.3674567,0.8558035,3.433501085292997,0.6391432829746392,4.022669529512468,1.1054996577139906,,
2007-04-11,969.4736841976,908.0760304953576,99.46098160389707,4.0095654,0.49142683,3.9574199,0.8337058,3.9843452161456643,0.4764197586475421,4.59984212685343,0.9427720989173685,,
2007-04-12,197.72598916737329,1437.8705863545483,99.84284277890856,2.6794605,0.6496712,4.9169803,0.9128602,4.6464882572923445,0.8063392205785546,5.293633341944166,1.2726871704703344,,
2007-04-13,986.4093789224978,1690.8935204953575,99.84284277890856,3.7145412,0.5614428,3.9029593,0.86519104,3.8335396967538795,0.5842682517710405,4.441828619137596,1.0506216620685092,,
2007-04-14,969.4736841976,1109.8649773886873,99.63884719118045,4.874935,0.39903963,5.485814,0.81575483,5.200997065088778,0.47349910504283704,5.874645775259735,0.9398437640105124,,
2007-04-15,2089.9335186900053,5242.72891879184,99.84284277890856,5.1851554,0.59126306,5.5570045,1.0386777,5.451021144714776,0.76151725924286,6.136620151227295,1.2278605493826662,,
2007-04-16,3814.237672006161,10678.362767553264,99.84284277890856,5.063895,0.530184,4.5227613,1.7804054,4.665179763305273,1.3192293282198384,5.313218238050796,1.785577161453398,,
2007-04-17,3791.464472006161,8643.083967553262,99.84284277890856,5.1307573,0.45288438,3.4329624,0.9290224,3.950643387635661,0.6603506708086188,4.564529466144585,1.1267032479501757,,
2007-04-18,3526.706472006161,8581.430967553264,99.84284277890856,4.3524647,0.4756218,3.6032825,0.98190576,3.8214948573152236,0.7095633594511259,4.429208077546997,1.1759168563333255,,
2007-04-19,3533.123672006161,8840.768767553262,99.84284277890856,3.9891887,0.62751055,4.7500043,1.0360196,4.53276822845434,0.7615809902011348,5.174477884460177,1.2279296584576485,,
2007-04-20,3317.827772006161,7564.754667553264,99.84284277890856,4.1103096,0.62877667,5.51452,1.0112126,5.086411413384725,0.7285901027010531,5.754583321095684,1.1949354128913543,,
2007-04-21,2274.053151440949,6029.132742506229,99.84284277890856,5.281113,0.54324245,6.6595078,1.0423894,6.281996922178858,0.7713868819642458,7.007313730305568,1.237726136372819,,
2007-04-22,1814.698705609928,4069.5087545651263,99.84284277890856,6.128137,0.66420734,7.855047,1.0609813,7.322465468712322,0.7618289231570364,8.097513116699533,1.2281642379209134,,
2007-04-23,1468.688254390796,2574.528391976944,99.84284277890856,5.981564,0.7129862,9.05799,1.075413,7.940486074302788,0.732112452200533,8.74507299463947,1.1984460130393442,,
2007-04-24,1256.5268527696437,1989.4377470732195,99.84284277890856,5.7886643,0.52688396,9.269878,1.0378134,7.922285462423408,0.6679716138688382,8.726002455727933,1.1343052201172341,,
2007-04-25,1002.416070494903,2047.3959786832547,99.84284277890856,5.6043687,0.6065097,8.838845,1.1164929,7.775733416119747,0.7755796909832808,8.572445722574066,1.2419136766793755,,
2007-04-26,973.219314582913,2121.169799291162,99.84284277890856,7.1137586,0.8077672,9.548328,1.0675842,8.782629484759408,0.7746603781962743,9.62746798139268,1.240992252278174,,
2007-04-27,792.6029764064305,1749.0467920458275,99.84284277890856,8.252016,1.4181633,10.052899,1.0700355,9.491301348204384,0.8589493250196341,10.370011937436749,1.3252804081921483,,
2007-04-28,684.1519035641552,1542.262536951902,99.84284277890856,8.115126,1.1903331,9.883363,1.0460191,9.34000356190768,0.8116782698477853,10.211482634140673,1.2780094736483854,,
2007-04-29,595.379233586295,1302.4319392414168,99.84284277890856,8.431903,1.4306433,10.072469,1.003847,9.557792236793881,0.8222236323713744,10.439680863213091,1.2885546708129216,,
2007-04-30,489.32402677633934,1040.2994353672516,99.84284277890856,9.709551,2.3480463,10.844198,1.0028032,10.481226401836231,1.0145642290205508,11.407252024742686,1.4808951690140648,,
2007-05-01,628.8690151096652,1009.5244531636909,99.84284277890856,8.754276,1.752213,11.51413,0.97947854,10.454807626060756,0.9036437652065663,11.37957052179321,1.369974694463943,,
2007-05-02,589.6115010398277,1104.791224630496,99.84284277890856,8.744869,1.6961519,11.544663,0.9970414,10.570402213709299,0.8780565143872824,11.500690135591023,1.3443874965154883,,
2007-05-03,394.0110652085905,694.7103138590859,99.84284277890856,9.057131,2.0906312,11.871238,1.0158234,10.852805220253815,0.996296470999612,11.796591040501983,1.462627646571607,,
2007-05-04,310.0563679621482,536.7755410278414,99.84284277890856,9.367493,2.1653957,12.735444,1.0283138,11.50231295358307,1.0263711797429353,12.47714302325326,1.4927031463766545,,
2007-05-05,265.36772661109165,466.4480049315202,99.84284277890856,9.825888,2.2542267,13.937698,1.0449755,12.44669208153908,1.0544171729031362,13.466660245327015,1.5207511505542943,,
2007-05-06,228.0907401632313,410.2177045450216,99.84284277890856,8.788816,1.9103478,14.420441,1.0381379,12.408057244279341,0.9545225134525566,13.426178794912845,1.4208563888203873,,
2007-05-07,157.32392994772923,315.58785049535805,99.84284277890856,9.230738,2.000403,14.728034,1.0532669,12.899244171110489,0.9679318815751882,13.940842777808008,1.4342671844509696,,
2007-05-08,127.34472966312931,313.56139049535795,99.84284277890856,9.341,1.9620779,16.482662,1.0691289,14.419971185169306,0.9482927301442436,15.534255344793594,1.4146342022932528,,
2007-05-09,103.4105262964,331.149710495358,99.819992222525,9.355017,1.8990034,18.659082,1.0887479,16.445031862936606,0.9447499740415494,17.656107000634545,1.4111037675457787,,
2007-05-10,103.4105262964,542.4342304953581,99.82464243912088,8.789078,1.5054677,20.309835,1.197113,18.465169820444963,1.0339271645472812,19.772800647015654,1.500297922154834,,
2007-05-11,292.48615668843104,618.1764533102387,99.84284277890856,8.520034,1.4526935,21.688295,1.1488637,17.45891978410554,0.9087866824756734,18.71845529863288,1.375148406761373,,
2007-05-12,250.66269014687592,458.1827201819654,99.84284277890856,8.476391,1.4807338,21.852844,1.1244147,17.12264814061989,0.8957743780313504,18.366111020075724,1.3621333416607286,,
2007-05-13,168.05180523115126,384.6849304953579,99.84284277890856,8.112537,1.2961837,19.99632,1.0862063,16.38322408325494,0.8525142246652093,17.591345020363423,1.3188675727164942,,
2007-05-14,123.17163813829303,378.4622010096881,99.83890847183645,7.8607073,1.1827784,18.451998,1.0235493,15.851402470385642,0.8250316121707397,17.03410415234021,1.29138130787038,,
2007-05-15,160.55991307949242,369.2207811228139,99.82829374226318,8.200674,1.1707666,19.99394,1.0382328,16.419771207191936,0.8058925353075874,17.62963897189451,1.2722461462286296,,
2007-05-16,141.8022200900534,384.54931986670334,99.81740796237104,7.475193,0.95872474,21.451973,1.149326,17.686545724250667,0.8785170779941032,18.956960980616593,1.3448807443901547,,
2007-05-17,110.75388843969628,347.9633518699512,99.82054265917802,7.5280685,0.9641187,20.336027,1.1224654,17.24364017233701,0.8827008508625706,18.49288605731835,1.349060792895099,,
2007-05-18,162.47110830754627,347.06932564844567,99.73305167374812,7.1487,0.92852414,20.142742,1.0606493,15.999486290712833,0.7807648464900243,17.189265873079822,1.247115526680306,,
2007-05-19,181.0215947308458,383.2427280156154,99.64160277970738,6.5047994,0.9341396,18.29973,1.0011405,14.515799399186104,0.7430752466245611,15.634663819868033,1.2094171961161964,,
2007-05-20,274.60168076961384,368.16789633991215,99.52822115046067,7.61883,1.1694658,18.368074,0.9801616,13.775821402907736,0.7515371518962553,14.859317404855798,1.217875687963224,,
2007-05-21,266.2702560607718,356.9840571843937,99.37623610914062,8.124123,1.2750297,20.32591,1.0730497,15.112993252738246,0.8212659355311349,16.260401498214904,1.2876110964531438,,
2007-05-22,224.5849847699278,357.0385854500449,99.1934308909919,7.782581,1.2564322,20.787678,1.1747688,15.765959867705979,0.8691545485374697,16.944577685323384,1.335503687607301,,
2007-05-23,233.21059735983687,386.5976043122117,98.97034623430002,8.437046,1.3214281,22.14375,1.2934245,16.986430522616384,0.9476650577461879,18.223382665568284,1.4140229398839588,,
2007-05-24,245.37522429987428,414.49272425989005,98.70805957729691,8.433043,1.2249488,25.555548,1.583706,19.188457813521456,1.094122628478699,20.530659333724888,1.560500594425066,,
2007-05-25,256.9351963897785,408.55860696631385,98.43763762725735,8.197612,1.0653977,28.56603,1.9318614,20.702150131408796,1.255308600591086,22.116700970108905,1.7217035879534635,,
2007-05-26,263.40906621610304,402.1769713095542,98.1137039109651,7.82808,0.91303015,29.368513,2.0267217,20.843777003950812,1.2768311777719683,22.265097123031186,1.7432278917452295,,
2007-05-27,255.5030883781579,394.4180935260988,97.7852181849999,7.5754395,0.80852395,29.683397,2.0901368,20.992110313806755,1.3076614049082744,22.42052025804619,1.7740599518393587,,
2007-05-28,243.1567856575272,411.5292490806127,97.49458680806211,7.5165205,0.7544107,29.025177,2.0445178,21.03665196662967,1.3153538398678661,22.467190849616014,1.7817529421120495,,
2007-05-29,270.3464156463011,391.8870301299773,97.16966872375524,7.19918,0.6807103,28.778372,1.8934484,19.96900532283005,1.154423185788303,21.34851434581025,1.620809601813911,,
2007-05-30,280.075095265856,422.72041409720543,96.81555958846123,7.3055625,0.67055523,28.833048,1.8829743,20.254005406120992,1.163677832428745,21.64713645885845,1.6300675074305322,,
2007-05-31,285.4110189693889,431.6498432010037,96.45374683344622,7.423262,0.6546368,30.339262,2.1418235,21.2180294548055,1.3153815716558737,22.657237561718723,1.781782958607088,,
2007-06-01,255.76294967431667,433.8719163676989,96.29452228115632,7.4076676,0.63740605,30.619738,2.2724922,22.01114229363256,1.4491107592173986,23.488258483121104,1.9155225783455458,26.523396817241778,4833.4766031827585
2007-06-02,295.1882649099679,428.8839518558389,95.97331446205501,7.3711686,0.6212951,32.18214,2.5437713,22.067254668825655,1.5278729815062815,23.54705283803787,1.9942855659443286,35.252462049610706,4798.224141133148
2007-06-03,281.9846162166089,543.7029848195101,95.73783512295276,6.992626,0.5742946,29.762804,2.0303013,21.986449085901548,1.3512330410012747,23.46238502447006,1.8176445244822719,19.53603863233168,4778.688102500816
2007-06-04,124.8501074609743,287.5023454451269,95.8416699601017,6.965128,0.579407,27.621101,2.0508254,21.366984337464025,1.4406076119921478,22.813311978591532,1.9070109033685023,2.04346311249182,4776.644639388324
2007-06-05,123.02397624170005,360.0399485041061,95.80820921591902,6.923108,0.5904302,25.590677,1.7926928,20.836526791318217,1.3445744387158773,22.257500375018363,1.8109710637429324,0.21477311310421074,4776.42986627522
2007-06-06,201.6063385291144,457.62249943747446,95.56027890429267,6.993171,0.58051455,24.257776,1.4361786,18.977889203137796,1.0126480818583214,20.310026263557674,1.4790238875379296,3.7859548477235165e-06,4776.429862489265
2007-06-07,239.36894344427517,503.0513512829447,95.24357145618164,7.005878,0.5924945,24.361471,1.3453623,18.765732431241783,0.9313953334163041,20.087729123186676,1.3977690138104215,7.491903577936505e-07,4776.429861740075
2007-06-08,243.29897010016558,485.94178572477074,94.92479705979775,7.3847117,0.63501006,24.554811,1.4375477,18.826295142366316,0.9810822302939897,20.15118652487969,1.44745651212749,1.2079877641819365e-06,4776.429860532086
2007-06-09,259.7750078322054,489.8214718597545,94.55914535705105,7.258249,0.5642847,28.419754,2.0078173,21.08616811403131,1.3264956002668864,22.51907369960097,1.7928953225049056,0.6060122844305778,4775.823848247655
2007-06-10,272.19172376476075,486.2916355489823,94.16878904664401,7.0273156,0.5828499,28.803984,1.7796283,20.989140096182886,1.1599985855088326,22.41740807417308,1.6263970954900628,0.4056526602277084,4775.418195587427
2007-06-11,270.1645850318879,465.9153335716627,93.76529435118373,7.12314,0.59241086,27.978518,1.639719,20.323935043946403,1.0604214695821799,21.72040849432941,1.526811958418497,0.01849039827520786,4775.399705189152
2007-06-12,279.9099041980633,470.695869232174,93.33144883417133,7.307194,0.60082763,28.47144,1.7436502,20.57903826890975,1.1161419957673029,21.98770478141925,1.5825355008718112,0.06591133543408524,4775.333793853718
2007-06-13,275.5503532785851,464.124158203624,92.90830627141847,7.085256,0.5953099,28.654741,1.856279,20.619478247612435,1.185685435614378,22.030077652866776,1.6520794257020974,0.07927993685743433,4775.254513916861
2007-06-14,286.3158718289172,462.0594605400052,92.50430073537112,7.13264,0.6025059,27.328308,1.6617455,19.60178358812234,1.0515649166367163,20.963740667468215,1.5179472704060955,0.00028299799351537446,4775.254230918867
2007-06-15,296.84802522710686,464.7704426507704,92.10669523451209,7.1655536,0.60782385,26.487339,1.4931855,18.956489786733158,0.941495444803021,20.28760402819914,1.4078710337796232,3.222141961941611e-06,4775.254227696724
2007-06-16,293.392813791725,456.4755817523004,91.73971968735934,7.244026,0.6121143,26.761,1.5640132,19.124806709485515,0.9817393560521916,20.463965924496442,1.4481166636423528,1.1130443093001177e-05,4775.254216566281
2007-06-17,295.85298640058176,431.4045731855895,91.39947910859497,7.449662,0.63171834,28.797644,1.9289474,20.113149450024643,1.1727429998479857,21.499548069552695,1.6391310525546805,0.006015054795726938,4775.248201511485
2007-06-18,309.51768554927554,456.715145117769,91.02232060386703,7.616342,0.64928967,30.610632,2.2208421,21.322150559390973,1.3494721170714026,22.76633529918319,1.8158748325683458,1.5279104366666285,4773.720291074818
2007-06-19,284.6482032942837,543.7029848195102,90.8525756070121,7.786242,0.6682426,29.667099,1.9996598,22.148130331691945,1.332448073830991,23.63179408112955,1.798861767655053,40.334461982709044,4733.385829092109
2007-06-20,170.27209697848787,543.8750543241515,90.94779806130713,7.6811748,0.6481007,26.005518,1.5454948,21.636496340601823,1.1871069586092324,23.095705734198624,1.6535137602319292,5.491871347427031,4727.893957744682
2007-06-21,313.1538362737062,543.8750543241513,90.73922484233603,7.214903,0.6170717,27.20182,1.4587963,19.898706140470136,0.9528221682926372,21.274855102839265,1.4192077947260875,0.0018706688175927175,4727.892087075864
2007-06-22,262.5003763143378,543.875054324152,90.45045758156152,7.474647,0.6231364,24.354395,1.2437105,18.85951002538682,0.8630222443443379,20.185988965769177,1.3293968578107918,1.6492595870972697e-06,4727.892085426604
2007-06-23,322.8023208514289,543.875054324152,90.0096644949932,7.461616,0.63011986,24.530373,1.2567616,18.17295012770135,0.8228484644925607,19.466613851861943,1.289216479482081,5.742352254479762e-09,4727.892085420862
2007-06-24,302.63863280487243,543.875054324152,89.56423979693808,7.3558936,0.6419036,24.452166,1.2648083,18.340046614534202,0.8444070188843322,19.64169697957464,1.3107765901983743,2.438335054167889e-08,4727.892085396478
2007-06-25,302.9597417901631,532.0920628382545,89.024090086934,7.779589,0.6694452,25.897055,1.4128103,19.323974249976935,0.9324255006861615,20.672652992603172,1.3988048837372304,4.7778432494554204e-05,4727.892037618046
2007-06-26,314.67671755047104,516.3714574607537,88.55150878115923,8.000684,0.69748735,29.697474,1.9259347,21.48197557709951,1.2254757956782323,22.933799406403708,1.691880574595754,2.92691013380883,4724.965127484237
2007-06-27,323.78007478203574,479.0454667414423,88.09832144946135,7.896165,0.6808507,31.480354,2.2645977,21.96883503434061,1.3789005018002702,23.44392908145513,1.845311746284854,22.35638891912304,4702.608738565114
2007-06-28,200.1781717710935,279.4735488438881,87.77666335467136,7.638847,0.65137655,31.760769,2.8253493,21.693709727942124,1.6685106434820027,23.15565372587961,2.1349182009629697,13.894032433117829,4688.7147061319965
2007-06-29,248.90665514064105,349.25655144629053,87.3675979722661,7.517917,0.65836215,29.593107,2.2780955,20.40721671614329,1.3580574569172223,21.80767074577315,1.8244489222721205,0.031217264521650457,4688.683488867475
2007-06-30,286.9391577388747,398.7964264074791,86.94797071858456,7.885139,0.67905617,27.730299,1.6846764,19.42629140268442,1.0201124352865831,20.779860555456388,1.4864929021874467,9.981013477097988e-05,4688.68338905734
2007-07-01,313.02406186984564,440.6774993092473,86.48627444787672,7.736232,0.6701611,26.056082,1.3795308,18.447561178043184,0.8532609151236089,19.754350371699203,1.319631504701149,6.30575300936321e-08,4688.683388994283
2007-07-02,324.003251448137,451.5200343895965,85.9831146876668,7.755491,0.6731001,24.971287,1.2771384,17.77875757420675,0.7949668341406552,19.053580241790137,1.2613313041536989,1.8638273755483354e-10,4688.683388994096
2007-07-03,355.10752168763,489.3806064463211,85.47810001681727,7.9014726,0.68236506,25.408571,1.3326424,18.046830781549605,0.8238483620786322,19.334466432081562,1.2902152235452498,1.963120570245333e-09,4688.683388992134
2007-07-04,400.58371647891414,558.31102481951,84.95437584736922,7.3618855,0.627813,24.587969,1.0715923,17.391674840162096,0.6768113893172989,18.64799627623428,1.1431725512048851,2.8634785765796966e-11,4688.683388992105
2007-07-05,392.4401598102513,425.7702757753524,84.6370022822552,7.722371,0.6142594,27.562145,1.4926593,18.046348572237175,0.8307299640254467,19.333961174812348,1.2970968211165474,1.99900792833314e-09,4688.683388990106
2007-07-06,397.5276647254301,333.8558104807346,84.30602869830443,7.6784544,0.6101387,33.111588,9.245338,19.287958250996855,4.233244349659937,20.634915551986378,4.69962335404043,3.9066198063355025e-05,4688.683349923908
2007-07-07,326.32662401370095,451.7851004055507,83.90646657281974,7.928398,0.68039584,30.734732,2.2454782,21.170149111961997,1.3346240611644313,22.607068702158067,1.8010248413409151,0.9435794757062804,4687.739770448202
2007-07-08,376.72486464802654,525.2757394166862,83.44283234531437,8.158806,0.7243618,31.639956,1.893695,21.832941098852007,1.1435293535779234,23.301539880380354,1.6099387661084,11.177082568174317,4676.562687880028
2007-07-09,460.97520373200837,595.43183481951,82.91008144378111,8.2931,0.726818,33.268593,2.0070293,22.37025316715031,1.1748573732217342,23.864533628833893,1.6412741524138352,52.1184972957459,4624.444190584281
2007-07-10,512.6174420806003,578.2503922593714,82.32885069245111,8.335117,0.72668034,35.339382,2.3754687,22.64961653050874,1.3046766930286253,24.157249606004974,1.7710974327563171,58.34871034281735,4566.095480241464
2007-07-11,479.3037858997789,568.6895841071089,81.74258928172698,8.031794,0.7021333,34.117958,2.2598429,22.187350729085665,1.2676433988865425,23.672889079450464,1.7340576333961413,52.611981331542204,4513.483498909923
2007-07-12,389.4592852151676,494.6216709877873,81.19356314052067,8.238823,0.71121085,32.015156,1.9365774,21.54109961687865,1.1278576007219763,22.995749373178867,1.5942631503599964,4.711172607830632,4508.772326302092
2007-07-13,449.5637606286914,584.908273686656,80.61666735347312,8.146967,0.71664184,31.287304,1.6934844,21.230911316049877,1.0069009457782774,22.67073513189614,1.4733024964252934,1.4251826313299796,4507.347143670761
2007-07-14,532.2004760302344,588.70216481951,79.99876078029969,8.194054,0.7160894,32.22459,1.7532628,20.814979351222494,0.9815840245237082,22.234923040942306,1.4479803855597089,0.25784013079440465,4507.089303539967
2007-07-15,651.4374943338984,593.33621481951,79.33084975456127,8.148388,0.70755684,34.583385,2.247193,20.74894435934976,1.1333494414628944,22.16573180218738,1.599744996769385,0.19155974786608185,4506.8977437921
2007-07-16,448.5459127377141,606.56759481951,78.73618959841613,8.294573,0.7311252,30.180635,1.8831244,20.876514270295328,1.126312142534571,22.29939911880022,1.5927092588796459,0.33867499670098516,4506.559068795399
2007-07-17,455.0166500047673,599.1258348195099,78.13231506351218,8.502886,0.74938476,29.972582,1.8793815,20.705268087875687,1.1160574599778048,22.119967954236714,1.582452485105143,0.15949608417784528,4506.3995727112215
2007-07-18,371.24303304991093,544.0126409352777,77.60786490902359,8.144273,0.7372308,28.62455,1.6837664,20.31740641924252,1.0445221499781392,21.713567823681668,1.5109125625983106,0.024065190251466074,4506.37550752097
2007-07-19,330.0882054170581,507.0236677166661,77.13789019491287,8.322376,0.731443,27.183794,1.3320618,19.74639916046167,0.8568095244464766,21.11526836982176,1.3231934595686403,0.0009523221919068899,4506.374555198779
2007-07-20,325.7239779214944,576.2767900555025,76.82519207091515,8.474945,0.7568148,26.847544,1.5044092,20.212964092040067,0.9992475193571834,21.60413351025717,1.4656367193276512,0.014074200207109776,4506.360480998572
2007-07-21,458.460452151562,578.0384692907478,76.3254646826001,8.546274,0.7732895,30.237825,1.8462187,20.64329695839619,1.0849326209647523,22.0550348166058,1.5513268975773018,0.1202745585396667,4506.240206440032
2007-07-22,484.0396583903068,662.079877254655,75.74013386802494,8.56324,0.77365017,30.047411,1.833772,20.974019903698785,1.1085610109336959,22.401565188174033,1.574959332974327,0.5136320615750972,4505.726574378457
2007-07-23,330.42904623429064,347.2957802657037,75.38711343191873,7.963948,0.915516,27.420721,1.4078666,17.93444758926716,0.8483723799301982,19.21671170737074,1.314738228833816,1.451303279772018e-09,4505.726574377006
2007-07-24,344.749240165115,309.07613152698906,75.17655711477038,8.779655,0.92498606,29.887213,1.4668283,18.7576135440074,0.8477495142285557,20.079222180895513,1.3141231143140053,9.814617629661817e-07,4505.726573395544
2007-07-25,151.14269248078276,251.62901049535805,74.93374758028159,9.029272,0.9924474,28.960829,1.7785941,21.481382923927878,1.1719156852309538,22.933178426436353,1.6383204564430842,5.432722480782759,4500.293850914761
2007-07-26,334.2450353254302,432.5610949961583,74.52050218093775,8.972813,0.95485026,31.865526,1.983216,21.88676423388766,1.1936613824454931,23.357935577285527,1.660071518028042,51.014100464145734,4449.279750450615
2007-07-27,316.5281855666478,537.4946194130362,74.14951008275119,8.87392,0.8807463,29.484459,1.5044698,21.845533696249404,1.0015547211139846,23.314734360887705,1.4679643025147864,19.971409723250837,4429.308340727364
2007-07-28,213.1000635772012,353.55474049535803,74.02709215588361,8.939787,0.8774063,28.759092,1.7221094,21.305709398877728,1.1240043251148109,22.749108307398707,1.5904068300047587,2.281463577201213,4427.026877150163
2007-07-29,196.07384947318747,321.199020495358,73.87495818407794,8.985483,0.93986064,28.776022,2.0187755,21.274358234889586,1.3031933460570384,22.716258664940526,1.7695954502032125,64.64758947318745,4362.379287676976
2007-07-30,254.9641334118081,327.2381953684371,73.57665666220107,9.070512,0.9527253,31.00606,2.1527479,21.399815104836097,1.2799079181239659,22.847711944417625,1.7463116326613795,71.86590678430986,4290.513380892666
2007-07-31,284.62494995088514,357.6911774268595,73.18824913753912,9.045492,0.93953025,32.104263,2.2208407,21.8863950317142,1.3049302425898297,23.35754872851023,1.7713403732012905,75.85394402959328,4214.659436863072
2007-08-01,320.47313435109726,382.6882862854089,72.76767712835071,9.034864,0.9078398,32.301666,2.0123072,21.697579216206858,1.170729870410022,23.159708162456212,1.637137479146729,83.62074233303868,4131.038694530033
2007-08-02,351.58486507653765,400.408420466289,72.32874747162083,9.021143,0.8748472,33.32031,2.0831866,21.9595438122779,1.1822299866820798,23.43419377073828,1.6486411052415242,84.41110340720034,4046.627591122833
2007-08-03,376.4773010201369,433.8971167635493,71.83256758810029,9.005169,0.8468218,32.62112,1.9979415,21.649809536629565,1.1398000977599356,23.109655255487606,1.6062070749320283,90.98353704591678,3955.6440540769163
2007-08-04,368.8727467958266,436.4092220935866,71.36170841497764,8.971835,0.8619732,32.12494,1.9490216,21.51927618337043,1.127626859960322,22.97288285414863,1.5940321246503129,90.78958203639138,3864.854472040525
2007-08-05,328.8229055191835,455.2183065328716,70.83491331432306,8.992348,0.8966202,30.830233,1.6256219,21.67153451381099,1.015995400491542,23.132418612315185,1.4824026645668944,33.224496969867644,3831.629975070657
2007-08-06,318.90305027084923,461.7063607530076,70.34699251340119,8.981369,0.9185144,29.928131,1.3268424,21.370731938380956,0.8698825970269837,22.817238702021758,1.336285936644469,4.2779236511806165,3827.3520514194765
2007-08-07,323.9440788279407,450.2622316478985,69.86889923909392,9.078545,0.85439664,29.743086,1.3480042,21.096610513130653,0.8616351425509768,22.530015209681707,1.3280349958966375,1.364169483300352,3825.987881936176
2007-08-08,254.5953219360832,368.633300495358,69.62301627438804,9.066416,0.8642349,30.162312,1.687184,21.54442049267892,1.0585610747665306,22.999228975490546,1.5249666678128742,29.8076119360832,3796.180270000093
2007-08-09,258.80037365427154,376.9721404953581,69.31605286043975,9.118128,0.9386257,29.352999,1.8321006,21.116102617422808,1.1515519889706998,22.550438969928603,1.6179520873794706,101.47943365427156,3694.7008363458217
2007-08-10,203.47028805427647,755.7378304953579,69.25915697942222,9.110725,0.92215496,24.004414,1.0671806,20.845116920285637,0.8632610608968072,22.26650108278654,1.3296577913148522,0.4797680542764592,3694.221068291545
2007-08-11,123.07316125611428,535.8906904953581,69.19379307289985,9.287304,1.0104585,23.34075,1.0648421,20.716020025117075,0.8862896089428908,22.13123379732458,1.3526847643838802,0.2731612561142837,3693.947907035431
2007-08-12,126.2745485998793,425.380330495358,69.01039383375249,9.301235,1.0517858,24.84935,1.0954255,21.290365455743125,0.8783218380051111,22.733030976232918,1.34472414662192,3.474548599879302,3690.4733584355517
2007-08-13,135.0342471305614,342.73672771829666,68.86252089661386,9.366083,1.1941987,26.010729,1.2061065,21.30638864390145,0.928722815599035,22.74982001801268,1.395125329183815,4.0430278004430145,3686.430330635109
2007-08-14,188.27135177672346,392.7241094508163,68.55460683116993,9.469252,1.2476809,25.464111,1.197419,20.280983305100513,0.9047589005936558,21.67540380918986,1.3711488888992638,0.032892712115749276,3686.397437922993
2007-08-15,213.62144402184674,409.89806267511096,68.21611327708722,9.465139,1.2270437,24.952978,1.0424389,19.646753642421046,0.8039629947868493,21.01086013663996,1.270345837736206,0.0009272071166518807,3686.3965107158765
2007-08-16,229.0972559878368,438.3481751942931,67.91504913509218,9.415363,1.1799991,25.268272,1.0162137,19.82684183218711,0.7806892076190531,21.199555926276158,1.2470740327216756,0.002634828703416461,3686.393875887173
2007-08-17,239.00057076609858,454.390410420817,67.69985791161646,9.518696,1.3268834,25.362055,1.0531051,19.90110718483492,0.8279100627553897,21.277370908917128,1.2942957160638882,0.004119726957793221,3686.3897561602153
2007-08-18,252.33915100920458,452.77542201785934,67.41201481774438,9.79747,1.4878178,23.771904,1.0250076,18.770877320599865,0.846587017567477,20.09311992066915,1.3129607488917234,8.989274248019064e-05,3686.389666267473
2007-08-19,291.0827563285743,481.7740287751259,67.03832634559505,10.198179,1.6313645,22.914232,0.90820235,18.124957150500574,0.835485767426332,19.416326974406758,1.3018533413148214,9.025013302189059e-05,3686.38957601734
2007-08-20,275.2023685470969,465.4037429464422,66.6945809854051,10.684568,1.7172943,20.854298,0.85703474,17.075320488126465,0.8350250611345974,18.3165212675746,1.3013836466034323,9.330180213962022e-05,3686.3894827155377
2007-08-21,190.89444647049993,364.0101604953581,66.51178073498077,11.200708,1.7449538,19.017706,0.84490204,16.32855647175796,0.8170260489940779,17.534064483908768,1.283379006693045,0.00010647049992238286,3686.389376245038
2007-08-22,170.16202205724704,392.0034504953581,66.33489220574644,11.609093,1.7930421,17.92048,0.92759717,16.010084947578058,0.8443590344839113,17.20037110951351,1.3107097860978636,1.4780220572470224,3684.911354187791
2007-08-23,174.26709661223953,389.8325992111,66.10155503556273,11.386673,2.089865,20.669722,1.0941207,17.80191305040816,0.9942513424647921,19.077842470600938,1.4606160158028896,0.2985250079728281,3684.612829179818
2007-08-24,233.95879441247217,427.9172651884563,65.83011819447407,11.54224,2.3140316,24.076065,1.2368389,19.64563050510722,1.1438914607760746,21.009683317201784,1.6102742914798964,18.447000575436963,3666.165828604381
2007-08-25,232.7807649806197,441.9248656965453,65.54261037583332,11.501785,2.272379,26.575174,1.6007477,21.374691520862793,1.3091764825963754,22.821387539011074,1.7755798732011763,14.553931189067708,3651.6118974153137
2007-08-26,191.293835557155,377.4795536004314,65.26225220372022,11.322866,2.0407083,25.96787,1.7819511,21.04236067184169,1.3673661897885303,22.473172411422937,1.8337653633687028,1.197672119361547,3650.4142252959523
2007-08-27,214.078053445126,380.4046281208748,64.97361003842556,11.293291,2.081331,26.008146,1.8426809,20.70920713377181,1.3971658390433668,22.124095273061712,1.8635609118966632,0.2746004880214604,3650.139624807931
2007-08-28,240.69447693057535,421.0654539850364,64.61339153079012,11.316263,2.0867178,25.768608,1.7511591,20.512019665541267,1.348167670173699,21.917482917901392,1.814560375663327,0.11205013468857014,3650.0275746732423
2007-08-29,259.4791836119544,436.8573454992807,64.22369386760798,11.346628,2.1583104,26.284609,1.8312477,20.71819825883224,1.4023974100098513,22.13351614316541,1.8687925918671688,0.3083591847277289,3649.7192154885147
2007-08-30,287.3562108708105,457.4844043979956,63.79717803362372,11.3600025,2.1807492,27.384699,2.0191264,21.20244198072203,1.4986036453498992,22.640905059657175,1.9650048344775004,2.2863187823358473,3647.432896706179
2007-08-31,286.0877576619979,449.2131298219247,63.35813502522299,11.2709675,2.0343342,26.535837,1.8935194,20.596646272249487,1.4016659222718268,22.00615438712868,1.8680596383134402,0.0,3647.271025901357
2007-09-01,295.4877351065325,472.17205261774376,62.99055007854911,11.256767,1.9508501,24.296492,1.6152683,19.277238724436767,1.2453766992147468,20.623683668699588,1.711755591177043,,
2007-09-02,307.7099916435282,484.49771055124927,62.500209847060454,11.226234,1.9569303,23.123255,1.5144236,18.50220398433158,1.1981647658237995,19.811604917341093,1.664535877985906,,
2007-09-03,320.4787754708405,495.70710276639306,61.99039077439853,11.253775,2.0139756,23.136274,1.5537889,18.47056147349496,1.2312204335882366,19.778450002651,1.6975912427164002,,
2007-09-04,328.36612841070297,502.4615346866518,61.46705944430336,11.462013,1.9121958,22.755566,1.6101401,18.292040604515645,1.2326339759995775,19.591396446377534,1.6990030969204089,,
2007-09-05,331.4319535415735,507.06898283344736,60.93877736547137,11.282303,1.9693776,22.919806,1.7640351,18.31988192851598,1.3205876661080558,19.62056849049428,1.7869570479156813,,
2007-09-06,337.2656227696514,514.6468636116822,60.39840225257211,11.303465,2.0333111,23.233253,1.7568582,18.510341627774835,1.3320679510308613,19.820131512323794,1.7984391413106198,,
2007-09-07,341.45341155241897,519.8741968263507,59.82218656214101,11.312334,2.130416,24.243265,1.8185773,19.11709655744327,1.3849530078607555,20.45588725354241,1.8513302360178219,,
2007-09-08,351.5595354244097,553.5282014653222,59.225623010167425,11.464344,2.1982896,24.442806,1.5718732,19.401635137106265,1.2857794174649966,20.754025804666824,1.7521596220863043,,
2007-09-09,356.28585596573413,557.6402258592407,58.72212050949233,11.542948,2.0585828,24.302473,1.647678,19.328286989841736,1.2863739656474569,20.677171866691147,1.752753394141913,,
2007-09-10,347.0448366689989,571.3359413827104,58.23015988679653,11.654356,1.9906664,23.505213,1.7055417,19.026919297883932,1.300646074129526,20.36139982923168,1.7670223782908059,,
2007-09-11,448.1607806245169,492.6903371115987,58.35520425942127,12.385353,2.4772778,25.555029,1.8141654,19.28184489303441,1.5149134552608168,20.6285099964108,1.9812923955129877,,
2007-09-12,689.2732804885393,245.7094518838572,58.379958619173756,13.451271,2.3877428,28.687983,14.509781,17.455413488923284,4.199796250796154,18.71478141452658,4.666157945629429,,
2007-09-13,483.8632932815845,474.8793604284671,58.085195285104795,13.282272,2.2641509,19.849556,2.4583108,16.535144669178813,1.669840404026274,17.750526890979913,2.1361948548077363,,
2007-09-14,439.5838489711924,513.6292904398481,57.743366162187414,13.300947,2.31064,18.410706,3.0550027,16.054288977252494,1.9609395961488056,17.24668794070247,2.42729064703611,,
2007-09-15,422.6005125028764,545.7610705392369,57.676432773657204,13.111246,2.21239,18.250092,1.9773026,16.007459506790166,1.4744723063931229,17.19762018163058,1.9408230403024278,,
2007-09-16,486.0904592633494,511.0356697393068,57.44006790842965,13.436291,2.123665,15.370716,2.6401331,14.42770028043284,1.7037123579092577,15.542353864390135,2.1700538681693007,,
2007-09-17,408.4518136409649,578.3976293708945,57.16397962263387,13.302908,2.1219792,14.533433,1.7424449,14.0241251036782,1.3469717303363542,15.119489173739352,1.813311341982035,,
2007-09-18,393.47988817386494,584.3725359279608,56.83950828352048,13.173643,2.217572,15.996711,1.6314564,14.860731234979951,1.3216760944993327,15.996082218322332,1.78801984911585,,
2007-09-19,393.8272438806932,574.9764826061248,56.47023208134069,13.139236,2.2603784,17.595024,1.63223,15.783707198181256,1.3351844976615537,16.963173277529165,1.8015337516622796,,
2007-09-20,389.9407513236699,572.8524948370971,56.0696221690568,13.020073,2.359663,19.466509,1.6147977,16.85563879612571,1.3551576068466826,18.086339541640506,1.8215144705397899,,
2007-09-21,386.8466633446485,571.1341974843472,55.644487849547566,12.954275,2.4320166,21.282633,1.4200953,17.91952035048384,1.2966449324909974,19.201070997599793,1.7630106479880323,,
2007-09-22,381.74642538729375,572.532607477847,55.19909171380303,13.012583,2.4155242,22.117903,1.3471603,18.475442601585858,1.2597598142674937,19.783564431979336,1.7261306700665522,,
2007-09-23,376.718188241856,574.9580378666647,54.74180623910148,13.224649,2.269882,20.428997,1.3931786,17.57717758184758,1.2311767108653702,18.84236541486293,1.6975394367345333,,
2007-09-24,377.10026877549234,573.6831553464665,54.26401980289229,13.156851,2.2851357,19.466146,1.5650085,16.96374999621114,1.3088653232763532,18.199618087530368,1.7752230274041119,,
2007-09-25,376.1599774105095,574.715203430334,53.773096164098924,13.017752,2.3629925,20.087355,1.6179413,17.29066615065871,1.3528115299794126,18.54215971665356,1.8191718568057171,,
2007-09-26,371.0280830346134,580.7882293185577,53.27829753463593,13.286215,2.366391,20.88264,1.4899791,17.92147349585566,1.2951805423679281,19.20311749664389,1.7615462753059767,,
2007-09-27,357.6240970370242,586.9707852342901,52.802346874523856,13.0166645,2.5053506,21.023108,1.4827774,17.99186417710534,1.3223751609359151,19.2768726118388,1.7887415253536354,,
2007-09-28,426.6842583512516,584.9679656702003,52.84590373950617,13.781239,2.2929873,21.571932,1.7983208,18.286053444614247,1.42006386204499,19.58512312069893,1.8864329269790108,,
2007-09-29,534.1242152246668,491.2129689291584,52.472436342286244,14.013075,2.331343,19.774767,2.2115011,16.773355005415272,1.611641368896359,18.000122867007175,2.077997601889843,,
2007-09-30,476.57980559271954,493.9715796345557,52.08450808436096,14.173254,2.243276,17.649197,1.8187664,15.942368857213378,1.4388429454400187,17.129418421505274,1.9051932429312266,,
2007-10-01,454.1392363641593,510.7585161754036,51.7552517675408,13.773972,2.2877688,17.281479,1.5700321,15.630633811910162,1.360187950868585,16.802783506649508,1.8265362254183264,,
2007-10-02,439.79867135892925,527.0980107065519,51.3946616561155,13.811684,2.2889466,17.676529,1.2809424,15.91858121105004,1.2536326492117085,17.10449380716933,1.7199827884210643,,
2007-10-03,421.1387425605084,540.8139960091876,50.920700470647596,13.4872875,2.3781302,18.59223,1.2665657,16.357308205062242,1.2613501385743215,17.56419045178211,1.7277033011480447,,
2007-10-04,404.9110606022681,558.8618128895655,50.41354122273537,13.473606,2.3814392,19.908821,1.3397329,17.20518646231931,1.266712289876479,18.45259439140924,1.733071919137948,,
2007-10-05,387.4631159457807,578.8757301848884,49.942963911101295,13.447187,2.3645132,20.456814,1.417928,17.646234797453403,1.2729175810101188,18.91472332931443,1.7392808991549527,,
2007-10-06,369.2292768398496,598.8914387047059,49.48461870936393,13.294958,2.4070966,20.578222,1.3724765,17.800475330923742,1.2504580099460803,19.076336033039762,1.7168226706419076,,
2007-10-07,309.1801370013294,702.3749920656371,49.18010053027714,13.771658,2.2358067,18.92959,1.1825956,17.353076831523747,1.0682985249996897,18.60755341472371,1.534659366411586,,
2007-10-08,345.83567442588026,639.1626492225747,48.84310788066229,13.888496,2.2636056,18.61218,1.0490783,16.95368189799458,1.0464478693441,18.18906876863513,1.5128054946400749,,
2007-10-09,319.4620311519051,644.2318364325133,48.516954900051594,13.08112,2.5543237,18.724052,1.0790532,16.853434732106727,1.1123551788773953,18.08403013089563,1.5787120255755804,,
2007-10-10,436.91356007765273,299.1243942358965,48.504699931007416,14.02343,2.3380833,22.125212,2.9453213,17.31597826765781,1.8327533196130805,18.568681666320074,2.2991138546047276,,
2007-10-11,482.72120740720027,881.8876904953523,48.66919181617543,13.983206,2.4140666,17.869776,1.0298204,16.494927817665918,1.08267048374872,17.70838781143913,1.5490246400435408,,
2007-10-12,673.9780974072005,1490.7887304953551,48.891534381736456,14.425236,2.1347086,14.140048,0.95031095,14.228838318582282,0.9327448236283828,15.33398698053873,1.3990853750648333,,
2007-10-13,220.83398740719872,903.2292104953596,49.04883657077881,13.5760975,1.7351183,11.105106,0.77811277,11.590558440554691,0.7121314344690142,12.569606342850019,1.178463545812226,,
2007-10-14,72.57584740720222,760.1438004953544,49.159303406113416,13.486748,1.6990172,9.707206,0.66047794,10.036612508417114,0.6208319096341948,10.941387107054698,1.0871627752787147,,
2007-10-15,184.52898945310403,698.3395378931152,49.15114284586393,13.6904125,1.7990432,10.174916,0.6781681,10.909692682090299,0.6550884844303205,11.85619752855419,1.1214197100080048,,
2007-10-16,218.74319230599457,694.3640147900408,49.07916423483659,13.690622,1.9257982,11.059619,0.7647516,11.689899900251255,0.7423176273364969,12.673695984738286,1.208649912242116,,
2007-10-17,242.10466309984145,687.7650533936536,48.95050128259474,13.903652,2.0664659,12.438453,0.71007466,12.819938016799487,0.7518720709818353,13.857746060415467,1.218207124694636,,
2007-10-18,256.4303114517194,683.3017602998771,48.76749605272095,14.049047,2.1213686,13.965413,0.71285176,13.988234906150801,0.7770191745030341,15.081883547454645,1.2433586263233172,,
2007-10-19,197.4257563298267,727.9848950671251,48.70943851672168,13.267387,2.2943943,15.209729,0.7516308,14.795352831859404,0.7675963571226393,15.927578951017512,1.2339397591441983,,
2007-10-20,100.8360174072031,459.4109304953596,49.26813401468848,14.02574,1.9415175,15.510539,1.2087938,15.24329751576053,1.0510214736064554,16.396933859586813,1.5173673894523103,,
2007-10-21,87.57280485594163,468.8529316100898,49.45422869391812,13.653633,1.9591786,14.61281,1.0349395,14.461850507671151,0.9249638187393326,15.578136355753726,1.3913054982069848,,
2007-10-22,210.2299863213244,572.4755765135449,49.3852825574631,13.737276,2.0888958,15.10518,0.8203149,14.737769113022251,0.8214460662922334,15.86724292726004,1.2877891618056698,,
2007-10-23,79.32145075038937,810.6438989212909,49.427305836174945,13.903366,2.0399191,15.058205,0.80714226,14.955275396211793,0.757350563727311,16.09514526727801,1.223694836879942,,
2007-10-24,90.32504740719683,1388.324230495358,49.97573746891884,13.927708,1.9036431,14.583353,0.9170424,14.543302166403398,0.8688408324862441,15.663481125344807,1.3351829209152406,,
2007-10-25,38.778947407202445,1061.4871304953508,50.30560669335592,13.5480995,1.7728689,12.9555235,0.9099426,12.97640887040085,0.8800926040764978,14.02169568595012,1.3464281562920783,,
2007-10-26,38.77894740720085,911.7898904953612,50.53814013531694,13.214201,1.7580839,12.210593,0.78528833,12.251535920828946,0.756658934253274,13.262176287242898,1.222992412709309,,
2007-10-27,1178.6028474072,4048.729130495357,52.281875492167764,15.565067,2.7119489,11.82285,0.7269699,12.66660526449109,0.8312171410071632,13.69708452668852,1.2975517333806645,,
2007-10-28,38.77894740720165,3733.9303304953582,54.161545468317925,13.577507,1.694949,10.871772,0.9144401,10.899583540177776,0.9052084288976389,11.845605204214621,1.3715396453186617,,
2007-10-29,38.77894740720165,1999.7665304953616,55.227536029630066,12.712786,1.4956694,9.339657,0.8345775,9.403823358998713,0.819195699718162,10.278352799375593,1.2855268494431744,,
2007-10-30,38.77894740719835,1278.5636304953553,55.94850330967536,12.574404,1.5102304,8.564032,0.732813,8.682085942895515,0.7126290713029404,9.522118801918596,1.1789611041254142,,
2007-10-31,38.77894740719858,903.012830495358,56.55278081524017,12.757332,1.5909716,8.698893,0.7241728,8.866001721015143,0.6974378740336374,9.714825125547707,1.1637696252544285,,
2007-11-01,38.77894740720273,843.4606904953574,57.05191336865162,12.521082,1.437525,8.843834,0.6765949,9.005467793222252,0.6499339051948309,9.860957199265396,1.116265468665396,,
2007-11-02,38.77894740719835,681.5635804953603,57.43620127399832,11.958424,1.2826213,8.027415,0.6998668,8.239037329982237,0.6657803534600973,9.057893979793983,1.1321132235098024,,
2007-11-03,73.1298646198093,585.5080813815796,57.69830184562926,11.787987,1.2412987,7.2648916,0.6667279,7.767099759579951,0.6085133209836466,8.563399406764347,1.0748473297999328,,
2007-11-04,125.22324482942994,564.5065181155385,57.87910133693552,11.65048,1.1984106,6.8062387,0.71169406,7.685730427435421,0.6217925777321244,8.478140898690455,1.0881268086366378,,
2007-11-05,206.03540491244567,590.8662051116246,57.94636618214146,11.680706,1.189262,6.228306,0.8034934,7.637999899797063,0.6704218754838714,8.428129014989631,1.1367562401872768,,
2007-11-06,38.77894740719778,903.0200104953587,58.502801188006124,11.083855,1.0740243,6.4734454,0.6745072,6.663280854059492,0.6482443181725537,7.406821730776177,1.1145819851515686,,
2007-11-07,206.78977785726264,571.5691690583333,58.76488842001668,10.973331,1.0700718,5.284753,0.7086113,6.796060592463555,0.5929475864034003,7.545947886791126,1.059284739603833,,
2007-11-08,236.66133288931945,581.6218783184414,58.72188859293267,10.889685,1.0436355,4.4500813,0.80059075,6.3125234542524495,0.6441423467424962,7.039299326262547,1.1104814679343968,,
2007-11-09,245.781196100232,591.2865663816558,58.690929321886266,10.729107,1.0658027,3.7982311,0.8698485,5.833286128951807,0.6895450048010233,6.537156095003378,1.155886340338526,,
2007-11-10,212.0617444984258,571.2961280227128,58.76756184726845,10.1172085,1.0339618,3.1855292,0.9331587,5.061994696111589,0.7358575082365345,5.728999568201265,1.2022029591347412,,
2007-11-11,208.79418556905364,546.7490850143824,58.81780674947078,9.990358,0.9485293,1.7832549,1.1185043,4.051285768817872,0.8507924905924189,4.669982209118537,1.3171443642260128,,
2007-11-12,227.1882360469266,589.2695138858189,58.761445908380196,10.044062,0.9764857,1.4882703,1.1438491,3.86901215373411,0.8691265721527379,4.478996538304954,1.3354797284190756,,
2007-11-13,58.1624758111946,583.9024946668309,59.1059052427367,9.899221,0.9224662,3.3635411,0.90265036,3.9555861131138554,0.8251246006350799,4.569708437004776,1.2914771429556393,,
2007-11-14,123.11231179787352,524.0473600747846,59.30085456924099,9.873915,0.91565144,5.4280825,1.1073047,6.273834620129952,0.9134194583773831,6.998761298120158,1.3797587485865321,,
2007-11-15,811.9855474071986,1327.7299304953603,60.7096546517221,10.66861,1.2081238,4.451773,1.6138146,6.8109566198507485,1.1013576403131233,7.561555893367904,1.5676947371327736,,
2007-11-16,38.7789474072,2288.0923304953576,62.43965137741468,8.949535,0.9268617,7.5825477,0.75587124,7.60532947678246,0.7434346078693272,8.393897057433184,1.2097690656570932,,
2007-11-17,38.7789474072,1464.4841304953584,63.39629170693015,8.553572,0.8567269,5.5299115,0.7159092,5.6079114110867625,0.6977913077130671,6.301009236029317,1.164133775419513,,
2007-11-18,38.77894740719642,1170.0825304953594,64.16382540433304,8.025524,0.8773821,4.065572,0.5529756,4.1926027036470765,0.5359762599741907,4.818053610364802,1.0023271653294885,,
2007-11-19,38.77894740719712,1080.2720604953593,65.1043492031089,7.496116,0.9092334,3.648252,0.72958934,3.7815936726003208,0.7050109873570023,4.387399752598099,1.1713647722553888,,
2007-11-20,38.7789474072,1658.9919304953585,66.31493104699496,8.091511,0.9364203,4.7600064,0.69079536,4.836101637937715,0.6753556299428076,5.492309594023469,1.141702414943937,,
2007-11-21,38.77894740719952,1558.8589304953575,67.44134043933538,8.753499,0.90963143,5.694485,0.6596369,5.768735641026355,0.6440043502414357,6.469520314409894,1.1103460041115134,,
2007-11-22,43.93314740720154,1465.919230495357,67.9498404316119,8.505011,0.89372265,6.8958626,0.5950451,6.942684996185595,0.5783156592438401,7.699580435800629,1.0446522685229926,,
2007-11-23,38.77894740719892,1117.5318904953592,68.38613035706247,6.899373,0.82370466,5.168521,0.6123898,5.2265681422483885,0.5924965514108519,5.901439062497221,1.058841067100317,,
2007-11-24,38.778947407201365,805.0524304953602,68.8150957001043,6.6532617,0.8389036,2.9696393,0.5894296,3.1389231197453795,0.5636618835092354,3.7140117441760743,1.030020558186321,,
2007-11-25,38.77894740720165,715.4109304953568,69.2210074577261,7.5512123,0.81925714,1.9182556,0.6148928,2.2078910289820075,0.584795360790232,2.738479502048202,1.051161957013326,,
2007-11-26,487.9056474071999,1984.227330495359,70.15899943745335,8.313246,0.9728603,2.0219831,0.68430185,3.263640691913162,0.5818401756208943,3.8446903899677842,1.0481978644437986,,
2007-11-27,615.293547407199,5754.039430495358,71.98310670771005,8.395678,0.98636633,4.5570836,0.90417737,4.92790141492382,0.822370430293956,5.588497086547671,1.288716666095216,,
2007-11-28,135.58754740719996,3623.7839304953577,72.94693801497179,7.323822,0.79859245,3.5972996,0.71590334,3.7317023720542966,0.6906839773644907,4.335123818430853,1.157038124951692,,
2007-11-29,38.7789474072,2491.536930495358,73.74306548022626,7.3362193,0.80446476,3.9552112,0.53314656,4.007027593198237,0.5251204490820319,4.623608643993288,0.9914726306611327,,
2007-11-30,38.7789474072,1775.454530495358,74.37587815875773,6.57256,0.8143225,3.102436,0.43675938,3.176609400434254,0.4277779950077766,3.7534993002577712,0.8941363699109626,,
2007-12-01,54.9368420988,1326.393680495358,74.92096961034704,5.245973,0.78543365,1.9465201,0.4984385,2.0777425069053215,0.47963342790577324,2.602110325506717,0.9460012104452422,,
2007-12-02,54.9368420988,1227.653730495358,75.3514128656698,5.2087073,0.77686465,0.55113685,0.4124042,0.7506332608139623,0.3961398301055219,1.2115697939482033,0.8625208150845862,,
2007-12-03,54.9368420988,1740.854730495358,76.10754807752743,6.1862254,0.82203746,0.738253,0.37318364,0.9049173280435399,0.36264021197675816,1.3732281121976546,0.8290195586440047,,
2007-12-04,54.9368420988,1369.775030495358,77.11044904921746,5.272798,0.7382122,0.60865676,0.39406398,0.7885058962707349,0.37993671898797826,1.2512526119186818,0.8463172992845116,,
2007-12-05,54.9368420988,1065.5229304953582,77.90545221526486,5.207787,0.73474926,0.075553775,0.34219638,0.32719037547604596,0.32740627759934354,0.7678877861582263,0.7937918988920268,,
2007-12-06,54.9368420988,827.8612704953581,78.24396703477615,4.65798,0.7078717,-0.20855892,0.37655252,0.09428753711878236,0.3558565744443225,0.5238529882660103,0.8222448332021626,,
2007-12-07,54.9368420988,729.2293004953581,78.29375404886612,4.7693553,0.7057403,-0.13637197,0.29485977,0.20731178460766883,0.27862451596956467,0.6422794084308036,0.7450114870593554,,
2007-12-08,54.9368420988,700.2907704953582,78.32596912983178,5.431044,0.74122715,-0.110541224,0.34070724,0.2925653264003523,0.32049156256504324,0.7316077780965237,0.7868775720378669,,
2007-12-09,54.9368420988,697.7545104953581,78.36731532462544,4.980457,0.7168095,0.19048727,0.4270454,0.5400937818039644,0.39931867577541297,0.9909672475347326,0.8657019403438004,,
2007-12-10,54.9368420988,783.9181304953581,78.71228768980038,5.4745035,0.74077874,0.4608847,0.6085964,0.7892279615695641,0.5708046123152335,1.2520091894705383,1.0371851849121754,,
2007-12-11,54.9368420988,797.6161804953579,78.98768490151197,5.3384886,0.74647343,1.0432689,0.48084006,1.3200444367323618,0.4524200008212829,1.808196877640771,0.9187950744770863,,
2007-12-12,351.8794420988001,2213.3785304953576,80.07978841954919,5.4251657,0.76049954,1.0514075,0.7622409,1.6513609934761875,0.6659052839101806,2.15534923324796,1.1322770886314033,,
2007-12-13,54.9368420988,1825.7090304953583,80.67696770114179,4.491542,0.70622754,1.0384046,0.3914251,1.139276555726424,0.38055050991104206,1.618788909846838,0.8469274200370445,,
2007-12-14,54.9368420988,1606.368770495358,81.19395702636054,4.806521,0.73014355,0.70378506,0.41270015,0.8394562781020526,0.39978254788270057,1.3046382478363692,0.8661625863436457,,
2007-12-15,54.9368420988,1311.856930495358,81.69830743799987,4.0394325,0.6969707,0.20495248,0.31881544,0.3590753820313783,0.30728063851891163,0.8012967870334612,0.7736659035623333,,
2007-12-16,137.61064209880004,1429.543330495358,82.22370095978145,4.3220305,0.72923255,-0.39880836,0.3045274,0.01572504519252363,0.28507179895590534,0.44153547777812036,0.7514609613689018,,
2007-12-17,113.9717820988,1205.914880495358,82.73321978625658,4.186181,0.7387258,-0.5466417,0.27765763,-0.13796400697280747,0.261578955488215,0.2805006142790293,0.727969906095783,,
2007-12-18,54.9368420988,976.9016304953584,83.04810179745346,3.892455,0.7022289,0.00785172,0.2774076,0.21467463665500391,0.26528576224663436,0.6499941796373506,0.7316726499593067,,
2007-12-19,54.9368420988,830.125080495358,83.29542465579985,4.158123,0.73909426,-0.48546517,0.5762573,-0.1972321488716727,0.542431813528822,0.2183996577954061,1.0088234609452538,,
2007-12-20,54.9368420988,774.8647404953579,83.5056247621733,4.024824,0.7447633,0.3783095,1.2837042,0.6197262365512544,1.1997304492823437,1.0744058614090144,1.666112845680833,,
2007-12-21,54.9368420988,731.9929304953579,83.67468113839891,4.1533985,0.7299312,0.40373087,1.5556161,0.6655012412920286,1.447913061048019,1.1223687549023718,1.914294961679562,,
2007-12-22,54.9368420988,704.3185304953579,83.81095644814526,4.3733425,0.7495884,0.7698909,0.75778764,1.0306230101626384,0.7050462678013987,1.5049420962186684,1.1714242997471205,,
2007-12-23,387.7894737036,3925.266730495357,84.65815299074184,5.1741586,0.8420697,2.8111994,0.59059376,3.02365450268551,0.5427992323291458,3.593233681246799,1.0091588339866007,,
2007-12-24,459.3359971239525,6423.138946656592,88.35921487211365,4.907137,0.7992155,3.2561421,0.7481936,3.3663294395915893,0.7002935565747689,3.9522873087613166,1.1666504470270924,,
2007-12-25,1401.653557696661,5233.9265898975245,88.91138714229274,5.6777244,0.8607814,3.1437871,0.7739246,3.679038327050635,0.6369497740223066,4.279942612099049,1.1033043075433115,,
2007-12-26,1509.5843634691462,3668.730998426642,88.75987709598847,5.619727,0.83066076,2.6347318,0.73067313,3.504918695874766,0.5715050046227629,4.097500657751157,1.0378608367100486,,
2007-12-27,1434.3446200314406,2954.1699536328706,88.39837753883268,4.8999524,0.72143334,2.77922,0.79881084,3.4723614678008454,0.5871533450481906,4.06338730546662,1.0535094237914668,,
2007-12-28,1306.7629551463626,2577.556618703134,88.31559012066275,4.9089212,0.7823727,2.3791041,0.7426457,3.2301853145469726,0.558689435723076,3.809635959924977,1.0250473872546908,,
2007-12-29,1261.0140879427613,3290.0210226112595,88.40436857840922,4.974758,0.7530349,2.6280458,0.72600585,3.2782797030154742,0.5647966556913233,3.8600290957598307,1.0311542299638072,,
2007-12-30,1266.6578731855527,2688.6757286160755,88.34297296589159,4.825215,0.6808238,2.281817,0.702005,3.096315887504764,0.5246433198109054,3.6693680318798947,0.9910023353615207,,
2007-12-31,1134.0466883821666,2419.971655461364,88.03836344781855,4.646821,0.6142101,1.8546932,0.81676626,2.745629301542427,0.5896684237967236,3.3019198258706823,1.0560303238309503,,
2008-01-01,544.7697115157979,1834.020751756144,88.23589886824134,3.9896054,0.67023265,2.5646667,1.1091651,2.8909936965238594,0.8688195879431112,3.4542321420289013,1.335180275253693,,
2008-01-02,523.2917018197721,1520.652311714061,88.17127462910065,3.496254,0.61175984,0.77101135,0.92624784,1.4687295073903928,0.7066841516946779,1.963988586421768,1.1730577428241729,,
2008-01-03,526.3351761909081,1222.388397077866,88.06358964113164,3.0656896,0.57369196,-1.1395043,0.6928725,0.12618541252151805,0.5141895939472657,0.5572754730755645,0.9805774878180951,,
2008-01-04,546.3131775088259,1261.28669533597,87.68489535146816,3.1100361,0.5652912,-1.162712,0.7218281,0.12864604501937912,0.5318569483248228,0.5598537153955719,0.9982448140962523,,
2008-01-05,454.0855616192121,1283.11972038929,87.40437223828283,3.359654,0.567315,-0.7628287,0.91805273,0.31474103731602737,0.6941095642373117,0.7548434121900924,1.1604953249412358,,
2008-01-06,387.7894737036,1286.479577107553,87.25094378331654,3.553482,0.5074558,0.8342722,0.91521066,1.4640879191679674,0.7129867040960226,1.9591251461487864,1.179360341124149,,
2008-01-07,411.4188737036,2491.0460270498565,87.57834521340772,3.8542807,0.49492,3.4562998,0.9416836,3.5127128206904965,0.8112407913679627,4.105667315090196,1.2775965645862093,,
2008-01-08,697.2752561426657,3940.54998350174,88.42480281085273,4.237547,0.5091172,6.0119944,1.0400517,5.745214517861517,0.8869936221153366,6.444874961960713,1.353335393165117,,
2008-01-09,1372.4306338805436,5538.06315135546,89.67348952005058,4.1787696,0.5524422,4.8433423,1.2009568,4.711357531231626,0.9686790871621636,5.361603145433226,1.4350266339019981,,
2008-01-10,1213.6004136323108,5075.611207708855,90.71049809861984,3.965785,0.5204517,3.454099,0.9871032,3.552836664717421,0.8029319439885525,4.147708941705108,1.2692874152507005,,
2008-01-11,1922.544964042004,7093.879125758983,92.52719330738864,4.1585946,0.5937564,3.5424666,0.9294309,3.6738417521539377,0.7421300567845486,4.274497658685892,1.208484628559135,,
2008-01-12,1864.3331590122173,5791.732715029758,93.58436363455827,3.8268452,0.5100826,3.241829,0.8484986,3.38428657393147,0.6537877530688646,3.9711027327392507,1.1201445051492531,,
2008-01-13,2191.745248372363,4309.860415029758,93.48953053490709,3.9294066,0.5191447,3.0512123,0.9416866,3.3472589113119255,0.6483044320889965,3.9323052744192246,1.1146614698964774,,
2008-01-14,2186.791031039556,3463.666515029757,92.70767968988662,4.14499,0.5137932,2.8262777,0.9629026,3.336634294845835,0.6228418867642622,3.9211728376044896,1.089199006846987,,
2008-01-15,1928.250218758635,2920.9100150297577,91.8628377483573,4.306309,0.5079166,2.1248226,0.9254098,2.9922825114021037,0.5928861145212386,3.560362216019833,1.0592459711000093,,
2008-01-16,1581.5234477812055,2609.4791150297583,91.082441066161,4.2079334,0.48723128,1.5165911,0.9023228,2.5322003385486846,0.5911413019131564,3.078289688016251,1.0575050262943297,,
2008-01-17,1197.4273862917655,2145.617432336692,90.44343128207281,4.3534927,0.4821443,0.54398096,0.909273,1.9084896546266035,0.6086017118660075,2.4247677654510085,1.0749710661349383,,
2008-01-18,880.9299668009663,1762.3867886555258,90.05379562232211,4.3052073,0.4855235,0.6079358,0.8955248,1.8401139666711366,0.6186128813042358,2.353123953341867,1.0849828798187722,,
2008-01-19,526.0242571503112,1418.5810381443594,89.88545712479436,4.2234526,0.4754158,0.75285745,0.89705735,1.6916686414218547,0.6669160840036131,2.197583448980628,1.1332874995936504,,
2008-01-20,387.7894737036,1143.3852242927114,89.72912166721044,4.0250463,0.49285206,-0.08636236,0.83030826,0.9549042042805417,0.6324616536764276,1.4256041902471968,1.0988404753806322,,
2008-01-21,387.7894737036,1050.7891222658368,89.47452150139294,3.7339196,0.5242194,-0.8236722,0.7357827,0.40489199817892174,0.5557090780822502,0.8493032808165899,1.0220938332546035,,
2008-01-22,399.8311737036,1077.5055899287556,89.19598040117583,3.842216,0.53010255,-0.74910796,0.91635174,0.4935027312576994,0.6835725650121451,0.9421493040358953,1.1499563408881257,,
2008-01-23,422.5216037036,1097.5908059588685,88.89887559029816,3.3936965,0.5398711,-0.89610803,0.89971846,0.29626109766617675,0.6667438019370332,0.7354801945954924,1.1331297699113543,,
2008-01-24,428.3691433733181,1083.0665204932764,88.55573164705925,3.3763373,0.545962,-0.70737827,0.9109277,0.45002311985812593,0.6708432295814541,0.8965915158390383,1.1372274848578257,,
2008-01-25,409.96603137519446,1062.2245462045591,88.20051084070447,3.2241507,0.5126424,-0.9722198,0.87416536,0.19635806116191992,0.6466872264879997,0.6308021344477782,1.1130743217327248,,
2008-01-26,404.1319437036,988.749604416046,87.8534679251875,3.2635145,0.5049529,-0.8573619,0.897169,0.33827299553787477,0.6534979978676819,0.7795001175749691,1.1198834952031176,,
2008-01-27,419.5796637036,924.8475277705538,87.56751017291862,3.3166757,0.48137578,-0.90473306,0.9073566,0.4127181652696952,0.6420062498167529,0.8575035119418885,1.1083909181354652,,
2008-01-28,419.6436937036,845.6512570221013,87.32937211209867,3.2516136,0.483139,-0.41469562,0.8898877,0.801260824870161,0.6159575405210478,1.2646171825046184,1.0823379848958288,,
2008-01-29,418.1562937036,772.6370701076776,87.12837824014646,3.3314416,0.48652318,-0.6371337,0.90842223,0.7564621938785989,0.6136836786887142,1.2176773300881187,1.0800646012767796,,
2008-01-30,387.7894737036,928.1353023655944,87.15277856202329,3.236068,0.48514858,-0.13631535,0.9028737,0.8574912840441735,0.652657612670597,1.3235352654129398,1.119037460048235,,
2008-01-31,387.7894737036,790.228465863022,87.0711994824214,3.075901,0.47683418,-0.37983406,0.88148797,0.757752771760867,0.6117921415895005,1.2190295931815394,1.078173050368894,,
2008-02-01,412.8742537036,1523.6985853504475,86.94259477757417,3.1149483,0.48507753,0.5785352,0.94693285,1.1192944382205117,0.7521915794081443,1.5978517154295946,1.2185686948313397,,
2008-02-02,387.7894737036,2025.6219208261325,87.32865678476257,3.2156394,0.45475772,0.3672768,0.7547954,0.8249546716519109,0.6377142115781486,1.2894435141691725,1.1040944039553104,,
2008-02-03,387.7894737036,1319.4365198021333,87.18228908548011,3.1653428,0.43987575,0.03749442,0.9039264,0.7479725207659744,0.7057121037115951,1.2087818796212064,1.1720931171832676,,
2008-02-04,387.7894737036,1127.3073913319329,87.13780376772695,3.2075026,0.4138262,0.24526393,0.91400146,1.0034497644271339,0.6882614782728983,1.4764700622241005,1.1546397928854697,,
2008-02-05,387.7894737036,2924.69812402872,88.09022957335924,3.4441986,0.4387085,1.4695332,0.94395995,1.7007052275438492,0.8350324865679996,2.2070519530292296,1.3014038151735168,,
2008-02-06,556.331485955434,5713.1351875987175,91.61334178485298,3.7181804,0.49050215,1.827225,0.8281318,1.9950220264752143,0.7559003202284297,2.515436088877867,1.2222688668408908,,
2008-02-07,1482.1365809215688,6745.121285577413,95.48153362784764,3.489404,0.4362317,3.2006526,1.0576559,3.2526710198042963,0.8706735760181115,3.833196405030063,1.3370313508394456,,
2008-02-08,2516.785204731675,5793.705615029757,95.9751495811125,3.3930135,0.41529357,1.8593922,0.73885655,2.3238407178983613,0.5302300260242783,2.8599711897405746,0.9965955816698542,,
2008-02-09,2635.1574386013563,4397.451715029759,95.48725264632128,3.4738853,0.4320676,1.9273167,0.87563,2.5068244622898277,0.5709609432064143,3.051700931615314,1.0373248879602295,,
2008-02-10,2414.793713734256,3328.7434150297577,94.77450077408712,3.4660609,0.43693328,0.9110658,0.845309,1.9852794714810322,0.5232194710214708,2.5052278730582214,0.9895881081390668,,
2008-02-11,2205.738971556704,2861.6126150297578,93.65586608281171,3.2985163,0.4033456,-0.7934221,0.84402025,0.987734738445239,0.5079393133021902,1.4600039117194,0.974317791774008,,
2008-02-12,1871.775492983656,2608.291145029757,92.55873241407872,3.3800092,0.42501086,-0.87078846,0.8237128,0.9051982592842479,0.5113839886930353,1.3735224709913532,0.9777633324019537,,
2008-02-13,1648.3423161343612,3291.403315029758,92.35896287998446,3.55749,0.44308946,-0.078207016,0.9282554,1.1349877251035931,0.6359329518223373,1.61429508778087,1.1023099059735024,,
2008-02-14,1044.2874768978013,2465.5444087884875,93.17515305251146,3.0461218,0.4039691,-1.0916654,0.8991743,0.1394589286646707,0.6429751316738632,0.5711834179171148,1.109362874048709,,
2008-02-15,502.62693353649286,2089.7973796159527,93.93629018779848,3.1950507,0.3818285,0.24404812,0.9298038,0.81619727606901,0.7531777153890215,1.280267545013068,1.2195580008313147,,
2008-02-16,603.5457492028997,1748.2815572375396,94.34317468393564,3.0768242,0.3908898,-0.08894098,0.7813655,0.7234843662138348,0.5894434511194541,1.1831232749900433,1.0558247272032881,,
2008-02-17,747.3235052317176,1955.842096967244,94.51962571504794,3.1474988,0.40802827,-0.26276302,0.9301118,0.6800459750614045,0.6823596682504994,1.1376086772272387,1.148741411856636,,
2008-02-18,858.8350502712868,6176.701773917033,97.84706575865802,3.5813565,0.38902482,2.1971612,1.1348748,2.366131312325658,0.9974705980198914,2.9042831300183307,1.463835777959525,,
2008-02-19,2113.9642771405515,5110.987915029758,98.73278059132848,3.2297645,0.40057254,1.6915646,0.78667045,2.1416297723495297,0.568705214524071,2.6690511838514666,1.0350724123045463,,
2008-02-20,2245.4020150897168,3025.7308150297577,98.17895337807502,3.2233052,0.37855512,0.9166299,0.87850213,1.89922958442265,0.5294328892015691,2.4150650955452724,0.9958023304072356,,
2008-02-21,2087.1026090841583,2819.4055150297577,97.36927225260168,3.1201763,0.37666816,0.14011586,0.89290905,1.407757079796534,0.5375237741093618,1.9001018852127398,1.0038979701321524,,
2008-02-22,1719.949227760679,2638.628915029757,96.67281566351646,3.4022205,0.4046371,0.011498094,0.8069202,1.3495193867966617,0.5139336020984488,1.8390806295630682,0.9803083798531176,,
2008-02-23,1391.2812063351505,2529.0851150297576,96.16390026714346,2.987201,0.38306934,-0.7833291,0.90017575,0.5547773747354471,0.5964166409686551,1.0063526660149889,1.062799744908182,,
2008-02-24,1162.323701840687,2247.465443619777,95.73773925373224,2.979438,0.38762408,-0.035743833,0.8842904,0.9920667554408962,0.5976443833543099,1.4645429843191902,1.064022816628361,,
2008-02-25,987.497156634473,1877.283321802772,95.41795912350413,3.0299351,0.40552306,0.20101559,0.8811608,1.1761513875978322,0.5941013871377268,1.6574262326313927,1.0604779196086764,,
2008-02-26,410.9729722071164,1235.7038857834496,95.65260614523773,3.130691,0.4202254,0.8438231,0.97984236,1.4145731436269124,0.7427380695618305,1.9072437335946617,1.2091121977529897,,
2008-02-27,387.7894737036,1108.829683071467,95.94266971713174,3.0881648,0.4007351,0.9174921,0.8886202,1.4799358007380676,0.666507360030673,1.9757305022846643,1.1328808404475825,,
2008-02-28,446.1213185529975,1086.5552282771955,96.032592552506,2.997613,0.3979436,-0.62233555,0.64666307,0.43133503642064447,0.4728434814321547,0.8770102058952627,0.9392279434250301,,
2008-02-29,650.3737962650431,1304.999803424144,95.94367967449251,2.9905124,0.41696653,-1.0164615,0.7554893,0.31629190295804865,0.5229329146758693,0.7564684039084333,0.9893186580030947,,
2008-03-01,681.0222587274369,1052.4686828148183,95.77254808962182,3.0850775,0.38683474,-1.0719787,0.89801455,0.5611696274494576,0.5660030058798513,1.0130504465579064,1.032386039969353,,
2008-03-02,605.6668674255002,1042.7622866653037,95.59875384153476,3.0999756,0.42122215,0.4404286,0.86605483,1.4176010207787155,0.5692893083077781,1.9104163329240407,1.0356634063833605,,
2008-03-03,568.8810315677648,1089.3443106427926,95.4531462348873,3.302901,0.45366892,1.0958779,0.87280756,1.8530328820430078,0.5941248055603007,2.3666603487074105,1.0604946819413281,,
2008-03-04,513.4377123542084,2173.9154832242866,96.06953940066781,3.2828774,0.44684407,1.8934984,0.95976675,2.1589490466727894,0.7810762714232572,2.6871982602844007,1.2474433114848642,,
2008-03-05,5216.790152543906,12776.133308791075,98.73278059132848,3.7204196,0.4968965,3.643298,1.4775376,3.665658251775112,1.0589922244838754,4.265923014962855,1.525346856562328,,
2008-03-06,4748.068472006161,10514.047967553264,98.73278059132848,3.6344523,0.45658377,2.0098193,0.9024239,2.5152451782846206,0.6376993948859857,3.0605241290498806,1.104063266429838,,
2008-03-07,3005.3508811187926,10178.041097772992,98.73278059132848,3.736153,0.53064555,3.0704498,0.9642825,3.222206772675476,0.7542240830719517,3.801276071025304,1.2205820974441757,,
2008-03-08,5888.91567200616,14669.74776755326,98.73278059132848,3.8626118,0.60134614,2.7322598,0.7988626,3.056042847773501,0.5954899062260437,3.6271700785159764,1.0618492458843203,,
2008-03-09,6399.062972006161,10852.590467553262,98.73278059132848,3.5946708,0.40888613,1.6088982,0.9063301,2.3454701106926263,0.5899775657962063,2.882634393574025,1.0563429290326336,,
2008-03-10,3184.347972006161,8093.253467553265,98.73278059132848,3.6995103,0.4801179,1.3281959,0.91910845,1.9977611967041453,0.6733761057964783,2.518306182080356,1.1397446269824958,,
2008-03-11,2281.305272006161,6471.882167553264,98.73278059132848,3.6627443,0.50488657,1.7731992,0.902514,2.2656631389853152,0.6801459478410753,2.7990129214255894,1.1465120236731188,,
2008-03-12,1811.7679720061608,4852.402815029758,98.73278059132848,3.662838,0.44596115,1.841063,0.7816915,2.3363434752637047,0.5819452557146373,2.873071536169443,1.0483107000738685,,
2008-03-13,1295.2614135504075,3249.243519323737,98.73278059132848,3.5589495,0.46327856,1.8747123,0.9076093,2.3547486529971846,0.6622227920750665,2.892356418483631,1.1285880729360958,,
2008-03-14,1162.6950854878626,3039.0302447810705,98.73278059132848,3.7948995,0.48252845,3.166767,0.966005,3.3405827809804003,0.7113378411953075,3.9253100478790626,1.1776949306865465,,
2008-03-15,1336.1965628893986,4064.1769528858977,98.73278059132848,4.0495634,0.53899956,4.760001,0.95373154,4.584219913006541,0.7300375820665475,5.228388783655188,1.1963859234728706,,
2008-03-16,1234.3134864543874,3178.125485878364,98.73278059132848,4.2400484,0.53967863,4.1303196,0.95856565,4.161014581669716,0.7067337693567004,4.784955684135516,1.1730848891661645,,
2008-03-17,996.9468614404856,2653.701086647715,98.73278059132848,4.0471506,0.53727955,3.5610385,0.85965353,3.693789708965028,0.6418870829788411,4.295399059643873,1.1082415080786583,,
2008-03-18,977.7066541976,2459.3372163423323,98.64904778578224,4.2720604,0.5120351,3.780437,0.9020313,3.9202849227995515,0.6616687417828278,4.532719970464531,1.1280215334094794,,
2008-03-19,2117.509653133377,5227.195992138665,98.73278059132848,4.533171,0.53894305,3.3402658,1.0750287,3.684185422670629,0.7807116308466395,4.285335721295212,1.2470661265087377,,
2008-03-20,4342.915972006162,9133.680467553264,98.73278059132848,3.7224176,0.46157476,3.8512025,1.1292288,3.809700764590516,0.7796486340222034,4.416850267506137,1.2460022158474011,,
2008-03-21,2349.0071123766897,6381.231486841789,98.73278059132848,3.802648,0.4924161,2.2395792,0.8886132,2.660147303592517,0.6628934756388254,3.2123520806243584,1.1292561001020505,,
2008-03-22,1716.3421413296724,4484.997538695336,98.73278059132848,3.80653,0.46366477,2.1744244,0.893573,2.626141578395908,0.6588771357269215,3.176720998006108,1.125240050699629,,
2008-03-23,1378.7806798178174,3062.688862886144,98.73278059132848,3.6470044,0.47295967,2.4463081,0.8687546,2.819044400019376,0.6167938672814413,3.3788439150978697,1.0831551518192888,,
2008-03-24,1141.6807358054846,2353.72928928968,98.73278059132848,3.809061,0.45177415,2.3825984,0.88834286,2.848513676578604,0.6161208593789823,3.4097217223409464,1.0824818985863474,,
2008-03-25,979.1228403140914,1965.4422201565567,98.73278059132848,3.9949992,0.5175874,2.9422188,0.8561941,3.2922879093380013,0.5968466101743648,3.8747068464599166,1.0632040750619403,,
2008-03-26,969.4736841976,1935.4550997258907,98.68804145997679,4.3075633,0.50854754,4.3907523,0.8621039,4.3629893090554805,0.5989400080731998,4.996584113074254,1.065289776339243,,
2008-03-27,969.4736841976,1719.356299912144,98.5712777557125,4.61734,0.5277308,4.652333,0.86474574,4.639715957954911,0.5847786319507806,5.28653734984835,1.0511266242087332,,
2008-03-28,1275.6329841976,2401.5657561538237,98.6530132582983,5.1535907,0.5319684,4.130118,0.8958666,4.485164148907988,0.6135004804916083,5.124598492637915,1.0798494538525625,,
2008-03-29,1117.1266241976,2017.629398243052,98.61781333185606,4.6539116,0.5647686,2.8898993,0.8420982,3.5185367403571277,0.5781636907872644,4.111769598208819,1.0445194200627845,,
2008-03-30,1081.1705241976,1755.7210898856222,98.44511443667756,4.795287,0.60985804,3.3952212,0.83403474,3.928801710783851,0.5660894724067135,4.541643831801296,1.0324422037551768,,
2008-03-31,817.5236348760432,3411.197137377638,98.73278059132848,4.953551,0.5491882,3.1933408,1.0200411,3.5336359610511603,0.829661705106636,4.127590510037923,1.2960173206359327,,
2008-04-01,2361.584191530731,5372.214748170604,98.73278059132848,4.485317,0.41627973,6.007421,1.0035981,5.542633107410862,0.7086346411291135,6.232610852580426,1.1749774476107033,,
2008-04-02,2585.1366625748733,5331.988291512157,98.73278059132848,5.1728992,0.568317,4.646601,0.89731866,4.818450499228874,0.632171735613382,5.473814791221744,1.0985186273186702,,
2008-04-03,1924.412963454044,3536.414317901604,98.73278059132848,5.085217,0.53199524,4.6847796,0.86879253,4.825895046018321,0.5930404666370004,5.481615161899817,1.0593873132952776,,
2008-04-04,2143.637818082699,5363.585878131028,98.73278059132848,5.7147136,0.533906,5.022882,0.92641985,5.22042989554839,0.6792173167096679,5.895007428587509,1.1455618667243501,,
2008-04-05,2534.6985958981536,6142.429796239573,98.73278059132848,4.829513,0.5498612,5.4851623,1.0163988,5.293638865387863,0.737206599680688,5.971715536932964,1.2035507431169583,,
2008-04-06,1877.984264358091,4446.453783122016,98.73278059132848,5.054126,0.5930063,6.199647,1.0090004,5.859494875509636,0.7309150265658129,6.5646175300565535,1.1972562342143869,,
2008-04-07,1582.003097908074,3393.8044916371578,98.73278059132848,5.144044,0.5695239,6.451735,1.0261228,6.035969070188904,0.7229228650206493,6.749526587994634,1.1892632319950245,,
2008-04-08,1354.5475175838203,2822.8607261362145,98.73278059132848,5.230903,0.5702208,7.1653986,1.0362673,6.538127846229444,0.7242511838751787,7.275686836986009,1.1905893535822591,,
2008-04-09,1180.2024726529344,2438.0193261486943,98.73278059132848,5.5204234,0.646402,8.637075,1.0334624,7.620476493739724,0.7275845769567442,8.409768050023517,1.1939189914359345,,
2008-04-10,1043.2294113965545,2123.569419761715,98.73278059132848,5.8204594,0.68409985,9.510601,1.0209345,8.294968306729356,0.7207494401104827,9.116498266039134,1.1870821920852965,,
2008-04-11,971.7302367414712,1961.9185515999304,98.73278059132848,5.778743,0.6274224,9.037651,1.0462072,7.958183158747402,0.7298789236631793,8.763615939226078,1.196212440711987,,
2008-04-12,1082.8249840168226,2261.032358143119,98.73278059132848,5.948992,0.732095,9.921967,1.0402664,8.635417543778917,0.7422781981180687,9.473219812852168,1.2086103085506748,,
2008-04-13,969.4736841976,1734.0303613775611,98.67730136958718,5.7788863,0.6900703,7.8502874,0.9125642,7.107485192404475,0.6354799693426858,7.8722575180574825,1.1018159966251286,,
2008-04-14,260.5994993765178,1589.6568900647198,98.73278059132848,4.9224405,0.6755832,6.1119423,0.8862233,5.944406826685601,0.7673256928672844,6.653587982241744,1.2336664915728326,,
2008-04-15,390.7541314622694,1099.6572937263868,98.73278059132848,5.4636073,0.688245,6.5499883,0.85491973,6.265162321263274,0.656079738068328,6.989674493012424,1.122419066398432,,
2008-04-16,311.22597346260244,915.486857764467,98.73278059132848,5.898275,0.73145384,8.085343,0.90119654,7.530468174219935,0.6976892339223547,8.315457640508733,1.164023909608049,,
2008-04-17,260.0000393414686,798.7513719151262,98.73278059132848,6.0729356,0.7562693,9.774822,0.9509782,8.865741344712813,0.7410922946262717,9.714552304148176,1.2074240462183894,,
2008-04-18,218.66620348582924,727.4082383418956,98.73278059132848,6.1651616,0.7751008,11.812743,0.9902068,10.507417551053416,0.7821338698536637,11.434695021362488,1.2484648212788259,,
2008-04-19,181.3501873892158,617.1958497238201,98.73278059132848,6.275901,0.79001546,13.974154,1.0155948,12.225877386528825,0.8051955171347733,13.235291362712545,1.2715289331983062,,
2008-04-20,147.5909111162936,574.450966364755,98.73278059132848,6.34203,0.8226639,15.076328,1.036611,13.290970566607367,0.84168878338,14.351292355959941,1.3080254224958165,,
2008-04-21,132.54263224235277,553.8025364365922,98.73278059132848,6.415633,0.86492896,15.099906,1.0268378,13.422854209998846,0.8452098850217451,14.489479586683851,1.3115470135040916,,
2008-04-22,131.0892754375262,537.3178763108111,98.73278059132848,6.750374,0.95579284,15.578778,1.0161105,13.847334884647914,0.8380619540541738,14.934248986566548,1.3044007926665888,,
2008-04-23,118.72896447120388,504.38483621701454,98.73278059132848,7.3205047,1.1135585,16.473131,1.0138695,14.72917707856786,0.847670049746145,15.85824022292913,1.314013099850818,,
2008-04-24,180.37709865465752,521.7299799790328,98.73278059132848,8.081724,1.3277556,17.75328,1.0335289,15.268578022165503,0.8403519527409059,16.423422687780857,1.3066980172997342,,
2008-04-25,102.6251917266585,366.4786893362909,98.68202419104034,8.339619,1.4579754,18.037466,1.0427873,15.91588171471674,0.874873097648424,17.101665284139063,1.3412232189363473,,
2008-04-26,118.89933093061916,363.2167445827737,98.62318526313881,8.402864,1.478331,18.542292,1.0472116,16.041708960934933,0.8691159642929257,17.233506642607562,1.3354669297825985,,
2008-04-27,71.29020000431733,444.6321481672337,98.59797298999953,8.293278,1.4482749,17.831936,1.0280085,16.513883177287447,0.9082791414334868,17.728249172454912,1.3746334362978898,,
2008-04-28,117.08361974608442,544.2509317137402,98.73278059132848,6.5397344,1.0873904,15.941674,0.9791746,14.277141281559546,0.828497071266411,15.384598660030889,1.294837851439417,,
2008-04-29,327.53228205730125,908.7773328425964,98.73278059132848,5.5889754,0.8417754,13.142078,0.89983815,11.141054527803444,0.6980290075798536,12.098617679621519,1.1643604746702976,,
2008-04-30,188.64885620913967,657.3821314119662,98.73278059132848,5.402171,0.7832358,10.009343,0.83461916,8.982031212843241,0.6716197589506765,9.83640043045821,1.1379513524165832,,
2008-05-01,113.22409710371498,461.6433404953579,98.73278059132848,5.836778,0.79216355,9.328089,0.8685145,8.640451117088212,0.7146927808133836,9.478493973759237,1.181024882755243,,
2008-05-02,143.5852962964,492.1084604953581,98.72004641558047,6.4492297,0.8688674,11.169589,0.9048478,10.103392961416949,0.7274412664782401,11.011359437430366,1.1937721288600347,,
2008-05-03,129.69982629639998,479.605540495358,98.71534133080831,6.376266,0.83907866,12.416588,0.98758966,11.130814333365986,0.7976215394571652,12.087888038894304,1.2639529945631882,,
2008-05-04,269.090372516958,587.3435801980288,98.73278059132848,6.782245,0.9427177,14.4485655,0.994424,12.039818159070522,0.7435239646508325,13.040339140193385,1.2098569508115171,,
2008-05-05,154.85678987942484,490.60449049535794,98.73278059132848,7.348915,1.0874676,14.543313,0.9843663,12.8172584947918,0.792384819196377,13.8549384664153,1.2587198646163231,,
2008-05-06,153.50412273235546,448.679200495358,98.73278059132848,7.9215465,1.2547293,16.048794,1.0004908,13.977055961336482,0.8111731882655742,15.070170287291512,1.2775125906049407,,
2008-05-07,124.71807335506804,427.633900495358,98.73278059132848,8.371662,1.3820359,18.301386,1.0456744,16.05930823268385,0.8676275300290552,17.251947099385976,1.3339786150393649,,
2008-05-08,206.33700583033408,479.207440495358,98.73278059132848,8.1609745,1.3658999,19.807512,1.0551587,16.30210611038896,0.8444104388471437,17.506349885682365,1.310763208905029,,
2008-05-09,363.6474044804758,648.9101186963042,98.73278059132848,7.253141,1.2486767,18.681261,0.94639665,14.576994262446592,0.7542936314501062,15.698783588408197,1.2206358912624906,,
2008-05-10,291.6071528662351,553.2895172614258,98.73278059132848,7.6053386,1.4066418,16.228817,0.93527234,13.252514585306402,0.7815505861957425,14.310998310207987,1.247887086363127,,
2008-05-11,178.2644715326769,468.5754504953581,98.73278059132848,8.21577,1.5064211,16.363375,0.970376,14.11795286792734,0.816389504793177,15.217801584385432,1.2827295412306434,,
2008-05-12,164.08215942680198,448.7708404953579,98.73278059132848,7.8710093,1.3768885,16.366905,0.9776997,14.092257067456803,0.8052699461006763,15.190877612489103,1.2716098652029284,,
2008-05-13,164.14362264017075,416.851100495358,98.73278059132848,8.440027,1.4435368,17.184845,0.9943496,14.714244111539553,0.8217663104946693,15.842593511122663,1.28810928187974,,
2008-05-14,233.4769498789121,452.13079999053593,98.73278059132848,8.598757,1.4306881,20.053251,1.0500208,16.15253626837029,0.8466715268589199,17.349631116494134,1.313023250910024,,
2008-05-15,198.438451345506,396.3599704953581,98.73278059132848,8.153101,1.3361835,20.549524,1.0511984,16.413791999541488,0.8303093526066055,17.62337397855727,1.296662920416939,,
2008-05-16,245.53448205753915,472.3126404953578,98.73278059132848,7.057512,1.1543537,19.074217,0.9570739,14.96398869741677,0.7432608135094526,16.104275034495654,1.209605134965475,,
2008-05-17,378.04172364194727,638.8564655556103,98.73278059132848,7.342489,1.3524904,18.012001,0.91719633,14.045506798028084,0.7647472814411909,15.141892839989493,1.231086989003618,,
2008-05-18,301.02498797675,800.8295081234513,98.73278059132848,7.5136743,1.3380313,16.630304,0.9147998,14.139654737041363,0.7587410859267294,15.240540728658978,1.225081222050068,,
2008-05-19,337.8032751465566,753.2604821590603,98.73278059132848,7.2379327,1.2107126,14.064692,0.8638203,11.95106483146147,0.7043949958210012,12.947343706912692,1.1707277908594105,,
2008-05-20,285.61169074556943,646.3108782716845,98.73278059132848,7.8225317,1.3567581,12.589,0.90763533,11.12819276344266,0.7544068304344339,12.085141166890033,1.2207382824916344,,
2008-05-21,288.6532925030603,642.9162280146548,98.73278059132848,8.168266,1.3527113,12.818332,0.95049554,11.377476618671109,0.7784543726278499,12.34633993826417,1.2447861497608779,,
2008-05-22,301.7791998483304,691.4371702592399,98.73278059132848,7.8474483,1.2524054,12.551203,0.95509493,11.122012429027118,0.7660901862081805,12.078665433615843,1.2324216311089111,,
2008-05-23,168.0006141186522,631.123430495358,98.73278059132848,8.611433,1.5444547,12.446035,0.9840323,11.639883255129567,0.8422588286624646,12.62128871495313,1.3085910247716463,,
2008-05-24,143.4615262964,570.1686904953581,98.67062833514066,8.703922,1.5389965,14.21004,0.9969992,13.103141802647617,0.8545443320590529,14.154486019143425,1.3208803085601475,,
2008-05-25,136.6548362964,524.5702304953581,98.58370642556416,8.70738,1.5519102,16.334023,1.0294092,14.757830696544257,0.877385806860079,15.888263385897305,1.3437290087273788,,
2008-05-26,127.4892662964,493.058140495358,98.48190580476161,8.664024,1.439376,19.248707,1.0801083,17.07412130389679,0.907723027519357,18.315264766437952,1.3740816034396643,,
2008-05-27,127.6489762964,474.4368804953579,98.37139024488964,7.9640813,1.2435422,20.276537,1.076323,17.666157803375054,0.8881631990824563,18.935598586815747,1.354526689112423,,
2008-05-28,126.0389462964,454.9290504953579,98.31455089112268,7.898212,1.0786239,18.70914,1.0515832,16.36374811451547,0.8560496066643465,17.570938166893473,1.3224028152561926,,
2008-05-29,115.4118662964,403.8626904953579,98.3657766703345,7.6574264,0.9501386,18.186808,1.0016578,15.846589865139276,0.8071477604512018,17.029061521014135,1.2734974245764485,,
2008-05-30,105.5717762964,364.210070495358,98.26295832258602,7.472926,0.84638387,18.8643,1.008361,16.304372102962642,0.8045628317459368,17.508724184955163,1.2709156178476275,,
2008-05-31,122.25349629639996,380.099500495358,98.10445752265196,7.375612,0.7567359,20.76196,1.1064756,17.504234388779366,0.8572175433861914,18.76593578650989,1.3235796495736314,,
2008-06-01,139.6160300000035,356.261150495358,99.22122242206908,7.155827,0.727527,21.371557,1.1359434,17.3690665166752,0.8414281292613839,18.6243073521674,1.307789103227457,3.529420635263236e-12,4859.999999999996
2008-06-02,128.38537793550134,317.5636330122142,99.0303844097825,7.2995057,0.72919726,21.671448,1.1296273,17.533873355040516,0.831357956761926,18.796991394042582,1.297720314010422,1.3728103876225118e-11,4859.999999999983
2008-06-03,160.66514895937783,321.0773410969734,98.83551982938299,7.2437057,0.6782342,24.083876,1.3306829,18.467538167958182,0.9152797898661251,19.775282193444212,1.3816505701006232,6.206419821484102e-08,4859.999999937919
2008-06-04,153.91876029481168,297.11574049535807,98.67085831929458,6.9744163,0.63935006,24.712217,1.5064094,18.659065416757223,1.0160389777179173,19.9759637900327,1.4824116090160977,2.948117065138814e-07,4859.999999643107
2008-06-05,142.75807786855592,292.025500495358,98.46916313802346,7.241931,0.6765909,24.593004,1.524116,18.895903435528567,1.0475113623177874,20.224121856511047,1.5138863406014487,1.868555903447181e-06,4859.999997774551
2008-06-06,141.5386840428739,318.2911204953581,98.31846690870555,7.2260466,0.66621095,26.752449,1.7594616,20.742091979822582,1.2350309814772074,22.15855190234249,1.7014264534595323,0.12773404287388665,4859.872263731677
2008-06-07,155.67855303281118,299.2974200851449,98.12038440282446,7.537204,0.6737033,29.106886,2.193999,21.726415071088347,1.4615745570534613,23.1899222726306,1.9279825482926936,9.916083542333364,4849.956180189343
2008-06-08,227.72113714339187,463.5361504953579,97.9113311882013,7.4050016,0.61956733,29.311003,2.029627,22.094500904995094,1.376225549015623,23.57560135115961,1.8426385063599893,39.37810714339188,4810.578073045951
2008-06-09,210.79795800827654,385.015130495358,97.65934399197872,7.5171695,0.650263,31.12287,2.3988867,22.77120106275752,1.5671424105306202,24.28464546327931,2.033564901825842,39.07053400827656,4771.507539037674
2008-06-10,168.9266696926925,342.9263266880695,97.39789287591094,7.6332397,0.6533081,33.111145,2.9092588,24.702680638117215,1.9610063173384624,26.30844315990857,2.4274589001899125,6.469779279425918,4765.037759758248
2008-06-11,196.8299263582603,365.714640495358,97.16909174355062,7.441627,0.6346109,31.981966,2.5369973,23.39549411685123,1.664201576997133,24.938777591319653,2.1306333281017475,27.355626358260317,4737.682133399988
2008-06-12,178.745120555488,326.1671538462498,96.90122469060127,7.2807784,0.6299989,29.646128,2.0272288,21.728520507881075,1.3284207867385005,23.192128342104944,1.7948288059432174,15.277624802982883,4722.404508597005
2008-06-13,215.28330005095694,362.23815472076205,96.5785771573762,7.463921,0.645122,29.73535,1.994277,21.433205028274198,1.2737751770219838,22.882697792058323,1.7401793231914238,2.6478546957737334,4719.7566539012305
2008-06-14,243.01546378627063,355.4397437662643,96.28834108021351,7.416088,0.602267,30.84637,2.2398756,21.33200618140085,1.3526195861913695,22.776661986235382,1.8190224280844194,1.7683517117847734,4717.988302189446
2008-06-15,216.98420586900386,384.5692004953579,96.06222941562264,7.361973,0.5895218,29.8896,2.2222955,21.763739594940045,1.4365248368444037,23.229030781134906,1.9029333245983826,12.194631869003883,4705.793670320441
2008-06-16,197.65587055829977,400.22788154391793,95.96354319726129,7.1957755,0.56538063,28.668657,1.9148853,21.569884122517305,1.2953940834534363,23.02590967979214,1.7618000097627171,4.733019509739751,4701.060650810701
2008-06-17,222.42356258790298,400.4958557161899,95.89520578976382,7.079124,0.560405,26.833149,1.643818,19.779651372278124,1.0756422749422703,21.15010992369604,1.5420265770544102,0.0009473670710581885,4701.0597034436305
2008-06-18,222.78041966591044,378.9792126614114,95.788806795735,6.656424,0.56015235,24.425446,1.3288939,17.84708792573646,0.8622273671388717,19.125176550547344,1.3285924389162727,3.2774168892752314e-10,4701.059703443303
2008-06-19,207.17316000002032,337.256050495358,95.6365885473759,7.1040835,0.60845244,23.36897,1.2056706,17.179648107157245,0.7819391548179468,18.425835390168928,1.2482985772924564,2.0315913147451962e-11,4701.059703443283
2008-06-20,219.65559312435076,357.3736555654665,95.42014622124177,7.049376,0.60529256,23.64896,1.2391305,17.330057735596043,0.8012788023406018,18.583434084697505,1.2676394534380715,2.1759823077536048e-11,4701.059703443261
2008-06-21,183.91057791587482,310.0599290300511,95.21790824144163,7.359343,0.6354959,24.58014,1.4492091,18.168649972228607,0.9399195802339555,19.46210816365695,1.4062875555935395,5.802276043928918e-09,4701.059703437459
2008-06-22,204.71287265739994,356.2484388149471,95.00370625661134,7.356653,0.6205543,26.819895,1.7479377,19.71713028087375,1.1329231795516999,21.084600537840195,1.5993067926923223,0.000645988311541984,4701.059057449147
2008-06-23,220.09487583696708,569.057070495358,94.8584236507287,7.1779656,0.5996655,24.196203,1.2790029,19.44980818467628,0.9373299040750647,20.80450135923936,1.4037106217819684,0.00011583696708117808,4701.05894161218
2008-06-24,192.011767855439,427.02012024490847,94.62539685446019,7.2721343,0.62386155,23.965963,1.2886728,18.787859147001924,0.9097694701243487,20.110913420323758,1.3761433697693928,9.80592324469187e-07,4701.058940631588
2008-06-25,262.78873655872957,487.4370693860753,94.2743369004912,7.414577,0.6586522,26.07693,1.4489489,19.539889328112622,0.9692699552196793,20.898888073404976,1.4356516394905698,0.00020912888499300303,4701.058731502702
2008-06-26,279.7528765990686,498.0301399420102,93.97657461110954,7.2395716,0.63675064,27.02402,1.5087396,19.90795212506275,0.9928527772971131,21.28454301388959,1.4592385072576606,0.002035907944767838,4701.056695594758
2008-06-27,267.33389347024166,468.56280442491953,93.61427815700206,7.5580053,0.65799445,27.619947,1.610907,20.33191759497939,1.053186974863563,21.728772584014788,1.5195775569556,0.021194412602940013,4701.035501182155
2008-06-28,274.0428329213575,458.7397423396103,93.27795333832557,7.574721,0.66341203,29.645725,1.9744776,21.391707247021763,1.2607241363441561,22.83921655871509,1.7271277462635004,2.208424516811896,4698.827076665343
2008-06-29,280.332614111196,460.79814411363833,92.9646813266475,7.687325,0.6469282,29.932493,2.028964,21.51826119182064,1.2850223180915,22.971819349472334,1.7514275695420216,3.5923977196799193,4695.234678945663
2008-06-30,297.63833872060735,484.77010883946673,92.65144011211093,7.4671984,0.6166828,29.768919,2.001217,21.285054717370585,1.2619254362945005,22.727466402720022,1.728327677041325,1.4642456724286426,4693.770433273235
2008-07-01,334.1798056589503,531.7120860489496,92.38730762449295,7.514437,0.6115977,28.883173,1.6701236,20.63618506586224,1.0523731756594321,22.04758299991952,1.5187673666522499,0.09533858117640626,4693.675094692058
2008-07-02,389.2401914561621,605.0576801770912,91.87195161031578,7.5873485,0.6321671,29.305101,1.6142305,20.803200152575567,1.0129980623242085,22.22258083686523,1.479394279270347,0.20198201704667695,4693.473112675012
2008-07-03,414.39746871921625,618.1050465411222,91.27631841141189,7.3500376,0.6068114,29.66679,1.5795808,20.709905563320383,0.9764714631283812,22.12482708515525,1.4428665444457862,0.1331607134937234,4693.339951961519
2008-07-04,431.4687698257211,642.4243767365869,90.68455694267878,7.486825,0.6345767,29.300337,1.4851844,20.53610442511361,0.9243259406278528,21.942718846651662,1.3907189328873433,0.058722777880451604,4693.281229183638
2008-07-05,456.15830381224373,676.393753828529,90.13062097899109,7.4315677,0.6513104,29.49182,1.5236893,20.606605730745976,0.9470494362630251,22.016589873696596,1.413443271772072,0.08221261534860211,4693.199016568289
2008-07-06,359.40683579307614,530.0488736728662,89.66564969377664,7.602414,0.68217885,29.680601,1.7042365,20.75935721627346,1.0523408100741583,22.176642358077466,1.5187364921025919,0.16659237715329012,4693.032424191136
2008-07-07,333.6855442919353,486.0861608202217,89.16171064911933,7.7701335,0.69111335,30.821222,1.9976474,21.438347697515145,1.2174584945219808,22.888086263309653,1.6838627072840535,2.6066172490732216,4690.425806942063
2008-07-08,405.1893547699421,531.4390561508947,88.63494671948669,7.9067087,0.69849545,33.015232,2.400028,22.153180215427184,1.394888598574396,23.637085332045167,1.8613023619166407,41.999934177516856,4648.4258727645465
2008-07-09,557.6074910078366,686.99186481951,87.98325689091493,7.6673207,0.66768265,34.044697,2.3019118,22.227060533000877,1.3053431317637714,23.71449687625165,1.7717579154972936,37.83046637057573,4610.595406393971
2008-07-10,548.9710053546798,686.13165881951,87.33025247109389,7.7504992,0.680343,32.245853,2.0382857,21.358305693559224,1.1720037809629416,22.80421852517454,1.6384069606847786,2.033853068778382,4608.561553325192
2008-07-11,507.5340108106849,672.88694281951,86.72377283473472,7.6539726,0.6855735,29.636168,1.9080538,20.18469895482683,1.1269017700221708,21.574517396104678,1.5932906439586378,0.010653054659088406,4608.550900270533
2008-07-12,434.33073520933243,617.8204776411941,86.16048977840741,7.9760814,0.70821744,28.480818,1.9720471,20.01640969706923,1.1943160152381198,21.398184487094316,1.6607029668939035,0.004219211611666521,4608.546681058921
2008-07-13,446.9518133464326,688.0853309793624,85.62723193954041,7.811121,0.6911316,25.87411,1.3357491,18.761315288608603,0.8542718420038445,20.083100856234875,1.3206454786960693,8.775316422701547e-07,4608.54668018139
2008-07-14,475.2723598689894,628.0156493984125,85.28214280281048,7.805692,0.6599921,29.725172,1.4358474,20.28273921800319,0.8653538224805594,21.677243648726996,1.331743831207044,0.0181576874898264,4608.5285224939
2008-07-15,464.71910060607553,630.4940072778808,84.77686251108824,7.989332,0.710966,30.719873,1.8508464,21.074885982244226,1.1073819456744336,22.507252320480504,1.5737815264018078,0.6957545368386686,4607.832767957061
2008-07-16,429.2751525842115,620.13649391178,84.2485007233819,8.14747,0.74825597,30.39465,1.5782685,21.294158573244975,0.9815995352224973,22.73700539178523,1.4480018923341933,1.6468906143676236,4606.185877342694
2008-07-17,463.1215726243283,642.1272161542335,83.68960300030876,8.054619,0.70643085,32.037445,1.7578609,21.988156334701564,1.063314382665593,23.46417387392678,1.5297258893302654,20.438796922638918,4585.747080420055
2008-07-18,511.6110981947469,666.0188943034708,83.10256369738316,8.276339,0.73700136,33.32539,1.9518805,22.443047599902712,1.149399619767044,23.94080738663654,1.6158174223714288,59.35989501173346,4526.387185408321
2008-07-19,485.04583841600106,644.4942128606667,82.50134472604363,8.343054,0.7473119,34.21239,2.1643271,23.103608807355624,1.2759391902299788,24.632941161790175,1.7423665565006634,53.735327708573806,4472.651857699747
2008-07-20,395.8565020699838,582.2003049945383,82.02248472757154,8.208729,0.73267215,31.37448,1.7271707,21.99842578044857,1.070030727464454,23.474934164076146,1.5364423736539086,40.84709951366762,4431.804758186079
2008-07-21,383.9365433836387,577.9735538020986,81.67728489222011,8.113059,0.70911187,31.025686,1.6831863,21.880346257231718,1.050217690904528,23.351210843284186,1.516627740095017,22.118290656965296,4409.6864675291135
2008-07-22,248.57871408046174,743.8112442147266,81.4499229231722,8.3024645,0.77870876,25.918013,1.1906106,21.505583546824703,0.9134492612702412,22.958535756381956,1.379854347453798,4.542574953931119,4405.143892575183
2008-07-23,193.4086174361916,543.70298481951,82.45139622116842,8.260876,0.71717983,24.222124,1.094923,20.03409751633154,0.8292625261781987,21.41671772365458,1.2956496783498954,0.005859998374719056,4405.138032576808
2008-07-24,122.80000000322998,64.63,86.4561613329843,8.300163,0.7567125,29.956484,4.911122,15.767740490073429,1.7645443238144578,16.946443415353247,2.2308934743992603,3.229981277166694e-09,4405.138032573578
2008-07-25,346.4728827964752,152.14736712442163,87.51537590623889,8.511151,0.77966803,36.128998,7.7559414,16.93837148706434,2.427840714650769,18.173026572398445,2.894198220290566,3.187657406428613e-09,4405.13803257039
2008-07-26,474.29772307082345,227.7977365495539,87.72366159304575,8.289915,0.7552116,40.131203,8.843799,18.62095076902815,2.9144086722204205,19.93602739243058,3.3807809318068105,3.8185737144703794e-07,4405.138032188533
2008-07-27,448.42893997404417,257.3949225131884,87.92693946620429,8.172174,0.73565316,38.712154,5.666905,19.30928129671442,2.118760247535617,20.657257766400058,2.585139475926527,6.412779627649734e-05,4405.137968060736
2008-07-28,437.73721543992616,314.15794785604555,87.92854461118739,8.282423,0.74165636,36.940807,2.741034,20.25651149253491,1.2239517680251992,21.649762327636324,1.690341472095989,0.01983401505702758,4405.118134045679
2008-07-29,436.6971360882377,403.03107871807856,87.68534085246817,8.501656,0.75459146,35.233498,2.164613,21.331715285963693,1.1105582602120405,22.776357186990705,1.5769610983728322,2.419663653715487,4402.698470391963
2008-07-30,433.9455635911819,471.1380918087907,87.47292467850393,8.441519,0.75750095,34.262875,2.1370277,21.882734119000585,1.1702083521446462,23.35371283668311,1.6366184334725213,27.824177278986628,4374.874293112976
2008-07-31,406.2882159494112,496.7938184365199,87.18273145407753,8.390371,0.75965965,32.319912,1.7780488,21.55423397566023,1.0361097653297044,23.00951150941265,1.502515486725177,5.8381721690641974,4369.0361209439125
2008-08-01,398.42129818465,520.7024564402213,86.88746074392711,8.437778,0.76896507,31.04827,1.6490617,21.247085207810674,0.9919122276406845,22.687682080395422,1.4583139840854993,1.7783978868051247,4367.257723057107
2008-08-02,366.0322235633182,517.4135823661152,86.5930665457061,8.27186,0.77025384,29.41826,1.5491365,20.656813153648905,0.9617834173150528,22.069197039788797,1.4281778568078116,0.14605481292778416,4367.111668244179
2008-08-03,306.4512255087736,489.3969322026949,86.354078699714,8.406651,0.80382156,26.989758,1.3451159,19.83410120178815,0.8831766682964144,21.207162268929217,1.3495615740773137,0.0018680692366797634,4367.109800174942
2008-08-04,350.31386775849523,491.898069028492,86.03777126672168,8.61023,0.8099054,28.342686,1.5183353,20.135069043456316,0.9486223399954655,21.52251534462202,1.4150106436686127,0.01047454253877594,4367.099325632404
2008-08-05,370.29387554171194,497.2200938473245,85.70791553900688,8.550825,0.8093318,29.496656,1.7774066,20.556036068472537,1.0757101186717353,21.96360315443023,1.5421033487527334,0.0910675565906672,4367.008258075813
2008-08-06,222.72970493491758,362.6713622811543,85.49460065114002,8.712025,0.7890594,27.577799,1.7223741,20.39986811151863,1.1084847763727206,21.79997090296738,1.574876155242622,0.04229535624931749,4366.965962719563
2008-08-07,264.86287697121935,378.423616309346,85.19066042593548,8.605905,0.80353093,28.715895,2.0101476,20.43592940421606,1.2279111515108991,21.837755802186386,1.694302955374479,0.050797292760131,4366.9151654268035
2008-08-08,339.22376491622805,472.45095463751176,84.74519977974494,8.494837,0.8389321,28.329275,1.7868718,20.03985489776479,1.0975902751295314,21.422750288239715,1.5639774926462828,0.0061260633814966955,4366.909039363422
2008-08-09,373.5451636279799,490.0510363778984,84.35568946348252,8.634657,0.84922796,27.964462,1.6304771,19.60343045621835,0.9954720455557866,20.965466250229678,1.4618544171988512,0.00044588176358745246,4366.9085934816585
2008-08-10,354.5433951981701,457.30655081425306,84.014032557255,8.486956,0.8440026,26.716509,1.500188,18.75547157730643,0.921926044643204,20.07697783550819,1.3882996235537723,1.0844422396229169e-06,4366.908592397216
2008-08-11,367.3729865373129,435.8344207217711,83.71363653652558,8.326597,0.79551524,26.141722,1.3867582,17.993396102150605,0.8358321498197421,19.278477757664604,1.3021985280434645,7.434754025497275e-09,4366.908592389781
2008-08-12,422.84788568753316,340.85558963415923,83.42733254069854,8.442871,0.8074721,30.740408,2.3433838,18.394691814726023,1.1374459900528022,19.69895403354036,1.603816077256207,6.407826625395588e-08,4366.908592325703
2008-08-13,381.4536668268623,426.3116227511734,83.02021369824789,8.581318,0.87302256,29.382427,2.2305694,19.559450759106703,1.2473228408865997,20.919384473933167,1.713704736276364,0.0003361371296018929,4366.9082561885725
2008-08-14,333.8321290651297,410.8807124391677,82.66302523361998,8.734758,0.8983087,27.741652,1.7463176,19.221439103866803,1.0442606484956,20.56521701700784,1.5106389573962007,3.452984279387924e-05,4366.908221658729
2008-08-15,275.10549166722103,326.2661753116912,82.3448826450122,8.647608,0.9155224,27.406395,1.702195,18.824937522491496,1.0140348523413616,20.149764015415645,1.4804091206465841,1.8687662188445624e-06,4366.908219789963
2008-08-16,305.323769261951,372.1037153910139,82.07351629565107,8.736271,0.9443397,27.315075,1.709698,18.9414104339163,1.031067439170596,20.271803933863822,1.4974428757593448,4.56334487963475e-06,4366.908215226618
2008-08-17,347.7937339613098,410.1963637142762,81.73890241903058,8.857008,0.93744886,27.670849,1.6468369,19.03836672689811,0.9895796446796984,20.37339440622166,1.455956065621095,9.29748056896123e-06,4366.908205929138
2008-08-18,365.19026913405077,453.51531819438367,81.28392715593444,8.8792515,0.92389554,27.17437,1.4993892,19.013683857404978,0.9271944452432405,20.347531779940923,1.3935706145709095,7.684097776331443e-06,4366.90819824504
2008-08-19,392.41862885393925,466.9877857340331,80.86526309475043,8.77393,0.9578445,26.58946,1.633819,18.45460584876063,0.9896783540672945,19.76173175359594,1.4560490108258732,1.0099753870014226e-07,4366.908198144042
2008-08-20,420.59348546907086,454.8022116563146,80.40290308223899,8.860357,0.9740599,24.188452,1.444927,16.823900278844977,0.8846277525483839,18.05308403172645,1.350984372050637,5.9687384323362526e-09,4366.908198138073
2008-08-21,398.5843794936851,473.3489020620873,79.81194343095875,8.951014,0.9520602,22.012384,1.3104289,16.04167713057951,0.8339631884505376,17.23347329086996,1.3003141537243643,6.060691022862161e-09,4366.908198132012
2008-08-22,394.65321153205605,477.9827290860288,79.29423930378132,8.983526,0.91706294,22.708633,1.3655475,16.50139695663419,0.855264566550409,17.71516615313644,1.321618770090463,6.024646726808427e-09,4366.908198125988
2008-08-23,395.75792960264386,490.8948236941821,78.86665228116622,8.9532795,0.9533109,23.132154,1.3877945,16.80340605543481,0.8783073293307277,18.031610254493273,1.3446637917659356,5.989723741920266e-09,4366.908198119998
2008-08-24,391.73196790612843,494.4814377866305,78.43995261116709,9.062773,0.9184536,23.266047,1.3795084,16.98778854448906,0.8702298473416251,18.22480559624431,1.3365877401566104,5.993835370932875e-09,4366.908198114004
2008-08-25,373.69582840959987,515.6373800394747,77.94530102404451,8.961163,0.8603407,23.65803,1.387734,17.48243886388515,0.8820947679462724,18.743098510030002,1.348456690152619,5.9363767725579154e-09,4366.908198108068
2008-08-26,384.6826440940862,514.8384867055934,77.4256519071915,8.975363,0.92168957,21.35649,1.3787986,16.06166699357725,0.8821138486553138,17.254418600987062,1.3484649497114214,6.0640953344552716e-09,4366.908198102004
2008-08-27,390.80061725036995,516.7296487379543,76.86589815113689,9.112816,1.0004053,19.653751,1.2020338,15.114614486541912,0.8087066656143249,16.262100221452474,1.2750518358097283,6.1763641665830345e-09,4366.908198095827
2008-08-28,395.71570603905064,514.480200746045,76.29840831296059,9.173862,1.0644463,20.496084,1.1554037,15.573648347857201,0.8004241173494019,16.74307433220988,1.2667720341184994,6.148968132986929e-09,4366.908198089678
2008-08-29,391.98237730686503,520.2205938468711,75.73594877089049,9.405392,1.296714,21.202879,1.1660796,16.133385376329525,0.8675908041639898,17.329564877277868,1.3339423961322097,6.145059465082661e-09,4366.908198083533
2008-08-30,387.2710357295127,517.0484958724668,75.22050196909929,9.598856,1.302703,21.538734,1.2307194,16.425531704531807,0.8979849374753547,17.635674801315954,1.3643385899688505,6.156484045953749e-09,4366.908198077376
2008-08-31,391.1325673858004,514.4571151120763,74.73440076933338,9.4589615,1.228176,22.892342,1.4063942,17.090340377147793,0.959022827546697,18.332259055948224,1.4253815327509791,0.0,4366.908198071313
2008-09-01,394.41822222706384,518.1824272708002,74.26652857782459,9.412128,1.2067926,23.123367,1.4977218,17.197486740566802,0.9976188379683012,18.444526649277144,1.4639784048057136,,
2008-09-02,394.5793957041197,526.0717060611073,73.70049675316528,9.382992,1.1441526,23.7168,1.4569223,17.57351183398182,0.9661908312011203,18.83852445677992,1.432553525783079,,
2008-09-03,394.5183155814039,528.6068689534324,73.13224071252958,9.33761,1.0977806,24.79425,1.4750198,18.188507545087628,0.966190350029469,19.482914860618916,1.432558508571708,,
2008-09-04,393.1369210466392,532.7956449035768,72.57045159034807,9.322655,1.0812119,25.30358,1.4675463,18.518321174240555,0.9611633049164435,19.82849245383386,1.4275345718697259,,
2008-09-05,393.849043561716,534.8720310646323,72.20618171886815,9.321476,1.0649121,25.57794,1.4284582,18.683951065427742,0.938484240279202,20.002038887642335,1.4048571151701843,,
2008-09-06,246.92895137916287,360.2904284706045,72.01167722318058,9.397152,1.1343409,25.58673,1.4294406,19.003152454644944,0.9654764097234136,20.336497012128756,1.431852471907459,,
2008-09-07,116.3368420988,57.99493049535805,71.99420867013151,9.713425,1.3818955,27.299572,6.112109,15.563806260524927,2.2326633156473754,16.732761826746614,2.6990111709994786,,
2008-09-08,174.95113729134306,345.1056200516832,71.70031581693188,9.887768,1.4719526,24.334002,1.856008,19.474176169490324,1.3274479874916014,20.830034050429727,1.7938289657497055,,
2008-09-09,116.3368420988,269.506210495358,71.53962818966157,10.100599,1.7598416,24.1993,1.6989983,19.94835366066912,1.299952102830621,21.326875604792203,1.7663382863130335,,
2008-09-10,116.3368420988,114.52030049535804,71.38936046637946,10.4819355,1.6962523,25.830854,5.125404,18.09600707215376,2.6823826365095793,19.385993181275857,3.148749945592947,,
2008-09-11,245.0860328686568,317.20813895004414,71.02968100900601,10.963568,1.7398744,24.257357,1.5287762,18.463019535067684,1.148429941640354,19.770547585347725,1.6148006787098599,,
2008-09-12,256.8233930212037,355.77588279284294,70.68257896393473,11.1959,1.8553408,23.23921,1.3604696,18.190226393411606,1.108733077560597,19.48471586401719,1.5751012519801173,,
2008-09-13,204.42030811378487,316.8886136247153,70.39814105635648,11.203562,1.8684204,22.980223,1.2908936,18.3622532922109,1.073565216010844,19.664965060534556,1.5399349965597808,,
2008-09-14,231.28912302029767,325.7601280123221,70.09829140251608,11.0355,1.9654529,24.726503,1.3296311,19.041942705124438,1.1271932084045417,20.377141303983333,1.5935696658567358,,
2008-09-15,302.6516927243238,370.0362884042096,69.67076979018721,11.265915,1.8837951,27.118212,1.866262,19.986042592719016,1.3312591450339073,21.366365938960914,1.7976457532707837,,
2008-09-16,316.32623052291154,405.6324527967258,69.1962172406148,11.239754,1.8662843,24.980518,1.6646119,18.960001687530664,1.242324059611608,20.291283785849934,1.7086996841158562,,
2008-09-17,294.12413851391165,454.688896039508,68.7595186652196,11.169428,1.8753439,22.975441,1.469537,18.33819072528816,1.1570798856684827,19.63975238516668,1.6234494395215702,,
2008-09-18,306.3414905389479,469.60239439280855,68.29987097989903,11.260712,1.8028164,22.70726,1.6501192,18.18817984079472,1.2263351516400927,19.48257149318101,1.6927033071556576,,
2008-09-19,318.94675404160506,486.46715684396617,67.79923999335992,11.318869,1.7701228,20.8579,1.7061061,17.080410255394206,1.2462981072259438,18.32185430831924,1.712656733240451,,
2008-09-20,322.1352325380473,497.217534594186,67.37970741512697,11.3181305,1.8190793,18.850065,1.5865431,15.88882357123774,1.1993487895064932,17.073313853895403,1.6656987316210716,,
2008-09-21,323.8021601336192,498.8875851417614,66.95871885688766,11.223358,1.878111,19.93299,1.7688522,16.50496860969674,1.302690601264674,17.718908519006295,1.7690448309096298,,
2008-09-22,330.0748053879112,503.7712753523119,66.4135890943681,11.281563,1.8412027,19.844473,1.6414936,16.45487743882762,1.2307296649852435,17.666423161397734,1.6970835298506104,,
2008-09-23,335.048938124474,508.5011964992826,65.88000140427698,11.331133,1.8194497,18.910257,1.4865525,15.899911546281269,1.1511988092675973,17.084931796243666,1.6175488247031626,,
2008-09-24,336.794833925164,510.4479636117163,65.34275514772898,11.329342,1.8440039,18.2172,1.4994882,15.479147366449178,1.1633930386807372,16.644056526925997,1.6297403703157798,,
2008-09-25,335.3251628525292,510.20949939139786,64.83424064550655,11.353668,1.82459,18.163485,1.4521337,15.462823226126815,1.1363974938615198,16.62695214849751,1.602744725454762,,
2008-09-26,185.95968868259857,335.34038815290165,64.51989927932692,12.016977,1.7594025,17.09507,0.95890284,15.283597843863774,0.8799986953314995,16.439160405613613,1.3463448485907965,,
2008-09-27,157.8495240494786,310.74308605714657,64.36208491778007,11.456352,2.0766995,17.899488,1.3908525,15.729061594252707,1.157614782892573,16.905915800529485,1.6239636841638667,,
2008-09-28,75.00431726435673,202.18352511459616,64.28783209269102,11.681353,1.9160026,19.69274,2.0001528,17.524936608082385,1.548312567143454,18.787627501128593,2.0146748485861865,,
2008-09-29,54.9368420988,50.99694049535805,64.21079900306516,11.594238,1.8492006,21.299177,3.0783052,16.26623411572853,1.765137524277567,17.468763332299446,2.2314900411348657,,
2008-09-30,185.9261469760283,321.31972145633733,63.90348624611269,11.608768,1.8866109,20.474792,1.3781213,17.22503573107567,1.1136875723636377,18.47339238736082,1.5800473628620142,,
2008-10-01,110.61631497643464,297.48380169685146,63.69318087654331,11.913652,1.7297904,19.78056,1.1654001,17.648219360766266,0.9703145501578317,18.916802747969758,1.436677885404071,,
2008-10-02,171.15021010967246,344.5797873465612,63.40197151087573,12.224016,1.6327369,17.921228,0.88839054,16.030550974552398,0.8036884966628084,17.22181534261761,1.2700393865595512,,
2008-10-03,216.4563688472939,403.84626682421134,63.05237873439912,12.374624,1.6303412,14.547872,0.7375062,13.789510750618415,0.7444503794697561,14.873661056592354,1.2107889729983063,,
2008-10-04,241.01705657581115,424.37600259789673,62.77272285728518,11.977348,1.6760546,13.052996,0.9367502,12.663377311641822,0.8517652103951712,13.693702288727263,1.3180997933455914,,
2008-10-05,239.5008501594515,415.6870701989951,62.5057412388628,12.323463,1.7073982,12.522163,0.9699929,12.449529562323717,0.8765143965888796,13.469633347993714,1.3428483818193886,,
2008-10-06,254.65366779641988,429.89615345398255,62.077500238231956,12.318499,1.6320409,12.613681,0.9175471,12.503872561576102,0.837033011219739,13.526573756848114,1.3033671433858456,,
2008-10-07,265.1130701636379,448.4732033190073,61.63092955128705,12.085003,1.6347069,11.513805,1.0467783,11.726017887193429,0.895349981347633,12.711540287993135,1.3616823321540146,,
2008-10-08,264.8513658294927,468.169056346817,61.17818326950092,12.035263,1.7079098,11.076738,1.0660269,11.423067831252956,0.9188952586263776,12.394110254961666,1.3852271029003944,,
2008-10-09,271.94059349082306,475.5512104650875,60.70639224393584,11.942547,1.8185099,13.240626,1.0955169,12.76837967608956,0.9609619453966318,13.803723407262977,1.4272968409826727,,
2008-10-10,283.35847311487817,489.20507985159713,60.23075452511629,12.0541,1.7738212,14.575554,0.8820961,13.650742838272537,0.8574784858192925,14.72826051239072,1.3238165067897545,,
2008-10-11,292.5936359052536,495.4653128172733,59.870633700518326,12.118446,1.7552128,14.5479555,0.975778,13.645917764947251,0.8950175963635483,14.723204817054174,1.3613555978219123,,
2008-10-12,306.80603242294166,497.76708411485134,59.497529102774706,12.059774,1.8037434,14.219298,1.0953252,13.395812012422141,0.9655561270541966,14.461144864502108,1.4318931535726274,,
2008-10-13,314.3776881154224,504.1164078461593,58.99030501762436,12.197559,1.8275237,14.766238,1.017753,13.779627161617702,0.9410887691704034,14.863305065822765,1.4074273211906854,,
2008-10-14,309.8351685967788,502.8932928042148,58.49157898831856,12.195461,1.830687,15.360677,1.0967447,14.154006736936402,0.9734592557188525,15.255578705089142,1.4397994580629063,,
2008-10-15,300.4393882869581,502.4970900932846,58.031891921372534,12.33131,1.7760292,15.474957,1.056516,14.298680804946484,0.9374430670548897,15.407167699006544,1.4037839500876415,,
2008-10-16,298.6876712882772,516.0304146009346,57.51156304375928,12.963118,1.7984847,14.591543,0.9905445,13.994538346260276,0.9101482550530036,15.088488270454121,1.37648773483697,,
2008-10-17,303.69768286358374,523.1176310404267,57.03281709608525,12.903618,1.6858373,12.554855,0.910879,12.682959368274108,0.8459113386348338,13.71422030072866,1.312245978932585,,
2008-10-18,310.17026678120817,526.3232107191207,56.653110045569576,12.850985,1.6348325,10.1919775,0.8552079,11.177932508597243,0.8105675307168557,12.13725830183619,1.2768990419604815,,
2008-10-19,313.5806801762832,534.1108416803493,56.25083884644594,12.740459,1.5966339,9.036214,0.89069724,10.406499898200291,0.8147392455283169,11.328953849672722,1.2810701572187067,,
2008-10-20,317.82574729839394,541.0655499365729,55.72093143347874,12.866816,1.6153965,8.480898,0.98982036,10.103871105641865,0.8637887904658306,11.011860435314778,1.3301196528426558,,
2008-10-21,316.75041599403187,545.3768803496188,55.19689894764479,13.040304,1.6360493,8.3856125,0.96062416,10.095772388004693,0.8547486310676189,11.003374626658632,1.3210794935639094,,
2008-10-22,325.3348430273689,553.5352727913512,54.781518946240496,12.918087,1.5615908,7.655912,0.8457691,9.603832182626293,0.7860722076067068,10.48792136107661,1.2524032180383262,,
2008-10-23,329.02592317962524,554.7925716549424,54.537399399559746,12.651377,1.4806657,6.7208505,0.9412881,8.928653187256478,0.8080635044605203,9.780471117712054,1.274395168587227,,
2008-10-24,320.1812414767503,570.1838971162322,54.26762484843803,12.518616,1.4588461,6.6054516,1.0376508,8.731864841693518,0.8466303558039321,9.57427696191849,1.312962308589118,,
2008-10-25,283.9487274072,324.6001504953581,54.446484150008814,11.861933,1.8993461,6.201728,1.0579561,8.84277780247084,1.050648226018531,9.69049118308398,1.516980010664286,,
2008-10-26,38.7789474072,284.9072804953577,55.472765732661856,12.336977,1.4549203,8.348821,1.0407543,8.82661829032039,0.9325032755672338,9.673559301491267,1.398835083834482,,
2008-10-27,38.78430601456586,113.75912215990624,56.00443564487878,12.024279,1.3765,7.8905683,1.7362169,8.941567899178793,1.3412473022943172,9.79400310871752,1.8075789490259255,,
2008-10-28,47.2513474072,374.0521,56.649897739548535,11.011103,1.2814549,6.064389,1.0257217,6.619188571369549,0.9219528879811141,7.360621987695584,1.3882907300308256,,
2008-10-29,38.7789474072,278.4573304953577,57.36430539325696,10.399641,1.0918621,3.9327064,2.35101,4.723224141517465,2.0679344138875755,5.37403693912675,2.534281887399068,,
2008-10-30,38.7789474072,205.03080049535816,57.95240545030915,10.399887,0.98793024,3.1488907,1.0520073,4.302191652052108,0.8985277070838342,4.932880535892514,1.364877877278242,,
2008-10-31,38.7789474072,252.2552804953579,58.489149624393754,10.614431,1.0046983,3.6369967,1.2226075,4.566707222745479,1.068123247861114,5.210039046663784,1.5344717001780757,,
2008-11-01,38.7789474072,827.3192604953581,59.29461743484201,10.421843,0.98448503,4.646324,0.8618728,4.904918994781236,0.8244622435704161,5.564416185283744,1.2908086159615295,,
2008-11-02,38.7789474072,681.056980495358,60.31048752324217,9.937677,0.92912775,4.959218,0.90700424,5.227417216353268,0.8596007129428683,5.902328719441898,1.325945223887684,,
2008-11-03,38.7789474072,432.0537904953577,61.17985091362772,9.949715,0.94512963,4.566953,0.9300961,5.010290714795581,0.8570336022224454,5.6748243133195695,1.32337935332936,,
2008-11-04,38.78301563865329,394.551541822481,62.25381732571497,10.162409,0.9629854,5.7544775,1.0834233,6.148983008675035,0.9902158056649857,6.86794220642158,1.4565556529811436,,
2008-11-05,38.78678684310347,384.0189813744341,63.220020392761015,10.240412,0.9840294,8.611416,1.029628,8.76085449730406,0.9395202423576441,9.604652223971037,1.4058521498375312,,
2008-11-06,38.78849330774836,351.0190733256017,64.08857502045007,10.301292,0.99312085,10.856477,0.93359303,10.80123217886717,0.8464824874761769,11.742552984030679,1.312813620912945,,
2008-11-07,38.79263494818641,381.42048677161233,64.8745786119422,10.403666,1.0068774,12.121959,0.8697257,11.96333179544292,0.7948890303356038,12.960196989839938,1.2612218512532405,,
2008-11-08,168.89633641239732,283.72415781798804,65.43788683095345,10.438494,1.0318288,13.30145,0.73564035,12.233131407832175,0.6007433052893456,13.242892101437562,1.067076738915749,,
2008-11-09,217.13953041044653,253.85730548300256,65.8943507824641,10.226942,1.0184057,11.439756,0.5984799,10.880623265031197,0.569637231199228,11.825738692728494,1.0359684307616117,,
2008-11-10,258.1219214815595,369.0120694555257,66.2069540118524,9.6810875,1.0135849,7.948241,0.6290717,8.661462989854662,0.5577210574130956,9.50051014221843,1.0240531242246198,,
2008-11-11,256.40277829386656,406.14311920986654,66.45399005543892,9.167219,0.9913533,5.5738845,0.6556261,6.964491534058224,0.5556185263529622,7.722429251641649,1.0219550568384883,,
2008-11-12,244.2131204823185,428.5049011097759,66.65566081983164,9.189875,0.93344253,4.9521575,0.9277702,6.490552628957005,0.6812265813312316,7.225837686955692,1.1475649468428946,,
2008-11-13,161.87634791602102,387.7270477054199,66.91388966423095,8.944826,0.9571644,4.9579797,0.9658018,6.132237603426218,0.7373620763857954,6.850396428043173,1.203701999778446,,
2008-11-14,38.78634359177378,246.44507667993184,67.33606555599103,9.605846,0.9462439,6.9172277,1.0826535,7.282831531040306,0.9442403253665265,8.055984812288633,1.4105757675165824,,
2008-11-15,38.7789474072,491.569900495358,67.7717150383306,9.470226,1.0089331,9.359759,0.980563,9.36783664125232,0.9118536757744705,10.240646039535362,1.3781848554188185,,
2008-11-16,38.7789474072,921.939670495358,68.63662802119262,8.7298355,0.90334547,9.432893,0.76430047,9.404514228242126,0.7343556566602177,10.279076689807223,1.2006868058253333,,
2008-11-17,38.7789474072,485.3316704953581,69.28784723184984,7.878268,0.86383855,6.6242228,0.67719036,6.7170095523656865,0.6303339029195113,7.463118477199041,1.0966713595715436,,
2008-11-18,38.7789474072,445.7726304953581,69.87176752923642,7.3498263,0.78950125,4.2639346,0.711146,4.510900339582431,0.6572765598262102,5.151564785251829,1.123625367916749,,
2008-11-19,38.7789474072,362.41363049535806,70.39587361554672,7.10996,0.7615812,2.1039045,0.98130614,2.587785736927062,0.8895051910630498,3.136531878427936,1.3558684352950454,,
2008-11-20,38.7789474072,351.9886504953582,70.88123871962087,7.1555157,0.78419,0.7728937,0.8650962,1.4062915878894722,0.7831221671776428,1.8985663478020538,1.2494963777915529,,
2008-11-21,48.88385794945786,337.9193328600707,71.3173112107982,6.6927633,0.7622622,-0.23399341,0.8900656,0.6414042085914663,0.7835245393964263,1.0971199664103082,1.2499067007126385,,
2008-11-22,91.76971927051748,342.6251018135582,71.65553692943523,6.3803997,0.7803851,-0.69316614,0.82820344,0.8011867421083181,0.6737210255702952,1.2645395588399986,1.1401014707339956,,
2008-11-23,129.8401521171402,365.89236290037456,71.89253402440809,6.820722,0.7933527,-0.83974946,0.6807621,1.1666486772562055,0.5437307980018791,1.6474693252188264,1.0101074276465036,,
2008-11-24,158.01847394043517,334.36630112267534,72.09501615404835,6.628446,0.82009685,-1.2544621,0.8563258,1.2753584382014131,0.6382962641785391,1.7613750411314872,1.104671788334959,,
2008-11-25,38.7789474072,482.5419304953581,72.52456009584533,6.692555,0.83388376,-0.40201366,1.8156773,0.12572254805444644,1.6817607331275055,0.5567904852691898,2.148148632284828,,
2008-11-26,38.7789474072,445.2544704953581,72.9565654516533,6.651537,0.7977381,0.23674321,1.9920331,0.7506724973587534,1.833553086081579,1.211610905865712,2.2999340706405382,,
2008-11-27,38.7789474072,455.962770495358,73.32574637599912,6.4082103,0.75003463,1.1271999,0.76117516,1.5411371341378752,0.7039716343820334,2.03985705021469,1.1703445126939171,,
2008-11-28,43.38450264716472,433.89155117297247,73.65391914439935,6.2813797,0.7586291,1.4709724,0.7589119,1.908239542795776,0.6933644004704328,2.424505699129632,1.1597337570862114,,
2008-11-29,71.42471717350162,431.5956004340681,73.93425971371249,6.36502,0.7542636,1.4806767,0.8270423,2.17421290721402,0.7176457039179978,2.7031916811826053,1.1840126052628284,,
2008-11-30,38.7789474072,487.923040495358,74.23019101423385,5.7380595,0.8129774,1.4184244,0.65060097,1.736461717785264,0.6056648054125264,2.244517481276737,1.0720357907483546,,
2008-12-01,49.67477740720005,2126.7672004953583,74.79757093721943,6.369227,0.8490267,2.7074168,0.7659593,2.7909933654814565,0.7487280042194009,3.3494521369967023,1.2150895232034917,,
2008-12-02,38.7789474072,1747.811780495358,75.14880609037925,5.2291656,0.8387243,2.5966632,0.7292288,2.6538031664982014,0.7136327256608337,3.2057047154632823,1.1799954042214158,,
2008-12-03,54.9368420988,1266.692770495358,75.26610048168972,5.393509,0.79310054,1.7711082,0.61364996,1.921682302809034,0.5890653105599266,2.4385909771197474,1.0554345411410797,,
2008-12-04,54.9368420988,1379.405430495358,75.38886628365847,5.6979213,0.8232716,2.5595062,0.6184482,2.6797108305740984,0.5955962514530923,3.232850677321088,1.0619587093851477,,
2008-12-05,54.9368420988,1307.7957604953576,75.55952153181323,5.0914955,0.75121653,2.1626449,0.67285323,2.280717774444479,0.6464377672098661,2.814787116998004,1.1128037080618611,,
2008-12-06,54.9368420988,974.4010304953584,75.57568354067857,5.0921235,0.7481527,0.99614084,0.55181813,1.2147477297457134,0.5238909175197358,1.6978673479989472,0.9902670563700912,,
2008-12-07,54.9368420988,901.869370495358,75.53736098319071,4.418662,0.70742935,0.023023963,0.46392003,0.27540785586532046,0.43916561113955516,0.7136302391197962,0.9055518134720637,,
2008-12-08,54.9368420988,797.0050004953579,75.54049707440821,4.034301,0.6995806,-0.50170696,0.46106234,-0.2092058389394401,0.4336837453541795,0.20585366627241133,0.9000755340315832,,
2008-12-09,54.9368420988,740.3610304953581,75.59172109934867,5.2780232,0.7721397,-0.082600355,0.2551424,0.28769578458514783,0.2434329552705447,0.7265054888282483,0.7098190194455682,,
2008-12-10,955.8857420988,3178.296530495358,76.55591489891727,5.947697,0.85282207,-1.6512035,0.82400155,0.10577775489115888,0.6634597534466571,0.535892399170562,1.1298478806312453,,
2008-12-11,792.6456420987998,4732.877730495359,77.8775669948306,5.318888,0.78634495,0.51203406,0.83434683,1.2015853862017374,0.7235060385970057,1.6840758894267895,1.189882311490693,,
2008-12-12,169.89874209880026,6755.579830495357,82.32424602312237,4.259433,0.73858106,1.66147,1.1031733,1.7252043659853038,1.0762622584294947,2.232722066542071,1.5426333516805408,,
2008-12-13,54.9368420988,4809.51733049536,84.81800352563792,4.11765,0.7046093,0.52485514,0.8372231,0.5654304612235429,0.8278061449244636,1.0175149336214613,1.2941891324805317,,
2008-12-14,387.7894737036,3497.545530495358,86.20450592720796,4.4532843,0.7325783,0.5933423,0.75596666,0.978597336122011,0.684431517327455,1.450429772799769,1.1508100912040224,,
2008-12-15,1693.465955098747,4896.314015029758,86.09878421028782,5.636269,0.84365237,2.2336764,0.6290657,3.108087241389835,0.5152405223299448,3.681702016242312,0.9815994434978522,,
2008-12-16,1664.129868601558,4907.677415029758,86.19636425564266,5.229997,0.8000086,2.4360857,0.71540207,3.143567114435741,0.571364738498158,3.7188777059379334,1.037723376147048,,
2008-12-17,1683.8079850217275,3955.363315029758,85.92275744998378,5.0760026,0.7764869,2.159162,0.70610034,3.030105513578734,0.5468480257830441,3.5999930284090413,1.0132075751606369,,
2008-12-18,1477.1770004191146,3431.762015029758,85.74646734714892,4.9879,0.76753974,1.6248825,0.733966,2.636867294330048,0.5626904259973219,3.187959366497874,1.0290532491979199,,
2008-12-19,1248.285527188406,3028.8653329283534,85.22259377304364,4.772253,0.7001317,1.176402,1.1359758,2.2258503059198707,0.8299869352850029,2.7572971710329783,1.2963533693283704,,
2008-12-20,499.28192705802087,2037.5895467988744,85.51222086719558,4.386222,0.6696492,0.3736949,0.76912284,1.1634007324398516,0.6316539705280648,1.6440661397427947,1.098030633409494,,
2008-12-21,402.7552137036,1569.5629812408215,85.78656489886485,4.273795,0.6701118,-0.06567109,1.0789748,0.820465160330579,0.8694793739976475,1.2847394195533077,1.3358596140740397,,
2008-12-22,387.7894737036,1329.895200495358,85.76030178750983,3.979872,0.5988716,-0.13423824,0.8048089,0.7945752145457351,0.6376124013221725,1.2576120228603005,1.103992916918362,,
2008-12-23,423.8689337036,1395.8459047390463,85.74388306192738,3.8290877,0.5896717,-0.49784076,0.90857893,0.5100372466675553,0.7103480875140984,0.9594741127619288,1.1767316816500146,,
2008-12-24,815.2977237035999,2047.309842804899,85.98445625083203,4.439087,0.68549675,-1.2567576,2.398706,0.36547280503982454,1.726605484524627,0.8079999849932147,2.192990678230038,,
2008-12-25,825.7182737036001,5705.282133169276,87.7756839323095,4.4118557,0.7285735,1.1962651,1.2860075,1.6028141368970819,1.1271869319899184,2.1044820028735,1.593559207850139,,
2008-12-26,820.4748281639411,3675.300687559787,87.91611254925724,4.2551403,0.6366424,0.14498234,1.1258173,0.8950823239473394,0.9276614753137352,1.3629230285249354,1.3940409256047313,,
2008-12-27,837.3584257720385,4826.729814546844,88.39313900173765,4.569991,0.730823,1.5352455,0.89265674,1.9838914042492015,0.7683240056575215,2.5037734609575795,1.2346926556786395,,
2008-12-28,1073.7639259069178,6693.032960797035,89.83882080250021,4.9729147,0.7446811,3.0062122,0.9104367,3.278109927546041,0.7912943093664772,3.859851205603307,1.2576518849660514,,
2008-12-29,1332.337587100061,6277.314637198299,90.32094472356474,4.944829,0.6774091,3.1078286,0.92126507,3.429460219744851,0.7691645111719573,4.018435524404128,1.2355209167893473,,
2008-12-30,1421.395884597816,4878.739315029759,90.19067777475087,4.804798,0.6014,2.3945243,0.7710956,2.9383147685766007,0.6123475884995371,3.503814999566771,1.0787078862407073,,
2008-12-31,1388.0218532196145,3681.7171150297577,89.7054858848483,4.429556,0.5331078,0.47027075,0.8502646,1.5542662666634879,0.6344904304045882,2.0536137103953327,1.1008631801086657,,
2009-01-01,1222.4667362117373,3354.314962278293,89.00592661459876,3.6279998,0.54176676,-0.5733329,0.48896992,0.5488507152975871,0.3864785595701131,1.000142732515271,0.8528617283137301,,
2009-01-02,786.3008312929368,2479.2389183687,88.60509618961443,3.6485963,0.5747729,-0.74694645,0.7164571,0.31144486133851584,0.5612738190772449,0.7513896902682697,1.0276596167223586,,
2009-01-03,657.5037427445055,2108.7380724469176,88.29414279475078,3.5957463,0.57400316,-0.6734959,0.7948216,0.3412536853801993,0.6210725247756811,0.7826232742027781,1.0874579887965647,,
2009-01-04,507.26386948839263,1795.091912341073,88.06951941075829,3.4788458,0.5639166,-0.48371613,0.73746157,0.3893307425644068,0.588251678812736,0.8329982503771924,1.0546366068896544,,
2009-01-05,387.7894737036,1400.1263396412578,87.84672251145437,3.4904144,0.56467134,-0.32635844,0.91929716,0.5014793787115289,0.7302501340400671,0.9505072079712125,1.196633822201249,,
2009-01-06,387.7894737036,1170.1614516249747,87.81974448748686,3.181517,0.5331775,-0.6834136,0.9136086,0.2786060025619382,0.6989180470554338,0.7169812462961946,1.1653042134134401,,
2009-01-07,387.7894737036,1382.0351060989808,87.82149796259733,3.056382,0.51116955,-0.016086936,0.9234592,0.6571272923040066,0.7297646277802143,1.1135945597776349,1.1961466189268966,,
2009-01-08,387.7894737036,1341.7554389884913,87.90040538644364,3.0661151,0.45722508,0.28239143,0.91640407,0.9065433346183008,0.7182861911462192,1.3749318363284637,1.18466552069216,,
2009-01-09,387.7894737036,1281.588710697901,87.58858222141924,2.970146,0.45057353,-0.51145947,0.79704857,0.29730270430426553,0.6207847348877747,0.7365715864703277,1.087170691169086,,
2009-01-10,387.7894737036,1197.3434256206071,87.48530276614689,2.923962,0.49792436,-1.0940586,0.7950642,-0.11108354458842096,0.6127877515899721,0.30866587087912556,1.0791783874907936,,
2009-01-11,387.7894737036,1090.8516110742266,87.38212324294187,2.8769786,0.49162248,-1.146197,0.7066424,-0.09107603752688118,0.5370252131234972,0.3296296683859655,1.003415615319941,,
2009-01-12,387.7894737036,1007.1962626510206,87.16933267459505,2.8760428,0.46841982,-1.0970691,0.706814,0.0074088201455878135,0.5266789780865816,0.4328217656015342,0.9930682365689456,,
2009-01-13,387.7894737036,904.1824015293012,86.95228500207361,3.0073442,0.44031614,-1.1275281,0.89997834,0.1135670255573231,0.6435635845200226,0.5440539703482791,1.1099516225963584,,
2009-01-14,387.7894737036,812.4045174757553,86.74878318634356,2.8888612,0.45474407,-1.2229878,0.8328813,0.10557390494287294,0.5826045775261981,0.5356788058915741,1.048992707043735,,
2009-01-15,387.7894737036,736.613750495358,86.53855071124785,2.8106377,0.48232394,-1.2819883,0.7535869,0.12949583704898662,0.5209579697052097,0.5607441245793259,0.9873458257739759,,
2009-01-16,432.6553337036,636.3375504953578,86.26568000136774,2.7067075,0.50202376,-1.5059081,0.7190133,0.1990710493572092,0.47378590521504405,0.6336447942049162,0.9401729696966342,,
2009-01-17,444.0463337036,637.5374304953581,86.08174656265344,2.6264997,0.515403,-1.4793473,0.65701765,0.20631618328951004,0.44131451367863034,0.6412362207729296,0.9077014960473924,,
2009-01-18,422.8424837036,603.885050495358,85.90386564277223,2.710916,0.52625597,-1.6671611,0.8711052,0.1358849339088686,0.5563077178681292,0.5674385984290753,1.022695501014598,,
2009-01-19,408.14578370359993,655.907230495358,85.6114343552016,2.877212,0.47283763,-1.4391629,0.8824933,0.21649733945692953,0.5734278791596565,0.6519040014026104,1.0398147462415688,,
2009-01-20,419.9127037036,624.547050495358,85.29911880283069,2.8617125,0.46191192,-1.5279311,0.8809432,0.23687323067992455,0.5585461818148567,0.6732537905745649,1.0249328185252535,,
2009-01-21,422.5500137036,630.8333104953581,84.97504070164732,2.7968047,0.46539652,-1.5823127,0.8786093,0.17430909070786668,0.5583048754353999,0.6076992985766563,1.0246922210100913,,
2009-01-22,420.9663537036,607.1985804953581,84.64534675320826,2.8458378,0.45147356,-1.5327424,0.88148606,0.2600000916184782,0.5524197432824199,0.6974860364107621,1.0188061190937714,,
2009-01-23,416.9522137036,441.2979704953581,84.44946351516597,3.0028644,0.4305119,-1.6398355,0.8752828,0.6156653205882016,0.49628010316637433,1.0701508475444743,0.9626625436623815,,
2009-01-24,81.2342020988,436.9354704953581,84.18688639815979,2.7686372,0.47469434,-0.61669505,0.6645512,-0.085971662127069,0.5652884577900147,0.3349780154814543,1.0316788004363713,,
2009-01-25,83.2043720988,425.568710495358,84.14291586439559,2.5619645,0.5181267,-0.6716472,0.47539037,-0.14282473451978323,0.4065731294117098,0.275407560570874,0.8729641370151208,,
2009-01-26,79.0154720988,424.8501604953581,83.98026817658763,2.563034,0.52583134,-0.7046615,0.4880749,-0.19222624875517147,0.41971573877577895,0.2236448228256626,0.8861073271831247,,
2009-01-27,79.1288420988,422.666220495358,83.81739243766084,2.696405,0.5138447,-0.81990945,0.57870084,-0.26541638108945015,0.49413351993375243,0.1469564523537567,0.9605259739524314,,
2009-01-28,98.7047220988,409.415510495358,83.64840195581834,2.7464645,0.5748614,-0.52279747,1.149283,0.11227189849309697,0.932738264457485,0.5426969406375532,1.3991263173450992,,
2009-01-29,74.1711020988,486.298490495358,83.52779992994779,2.8111322,0.5101093,-0.5063282,0.67671305,-0.06730405932052805,0.591026513386422,0.35453786589013997,1.0574166385012755,,
2009-01-30,77.2380820988,462.67552049535794,83.32807392460091,2.9176283,0.48304027,-0.59046257,0.49841115,-0.08860780928042326,0.4326641334909825,0.3322158695053879,0.8990545068881743,,
2009-01-31,77.74975209880002,459.1675504953581,83.10829019306264,2.7916608,0.48661384,-0.7289487,0.48780358,-0.2191373980450134,0.42307534077201303,0.19544741259092804,0.8894672467424838,,
2009-02-01,86.12924209879999,459.442190495358,82.87711091960826,3.0927458,0.47572187,-0.7684535,0.60569304,-0.15888680070817698,0.51557171233432,0.2585777825241016,0.9819629084701715,,
2009-02-02,84.84321209880001,441.674180495358,82.68835525668749,3.2389717,0.4731332,-0.8178934,0.88334924,-0.1641686074745927,0.7449178225305463,0.25304352344920433,1.2113090807273466,,
2009-02-03,82.8687220988,405.2934804953581,82.51498706346027,2.9721684,0.46877274,-0.4875244,0.8137625,0.09978106406115754,0.6802913074421875,0.5296090870175486,1.1466795032754067,,
2009-02-04,78.9372120988,388.9166004953581,82.40914842704356,2.6908507,0.49845248,-0.7531167,0.54592514,-0.1720437877253927,0.4615423769626722,0.2447919365023731,0.9279337277516542,,
2009-02-05,87.26831769552048,372.8620670647605,82.33343978388959,2.5537152,0.5249253,-0.75586975,0.47843432,-0.12817393948535424,0.4002732461955161,0.29075861352671123,0.8666640820888599,,
2009-02-06,63.5221820988,395.770350495358,82.26587493397959,2.6321402,0.5171203,-0.5170287,0.43053338,-0.08148475411595096,0.3778197138975981,0.339679382357776,0.8442100042221399,,
2009-02-07,72.5842420988,478.053270495358,82.20143253606366,2.9027326,0.48100284,-0.44279945,0.4671165,-0.001796241930983426,0.4104685363445633,0.4231767330236334,0.8768579012563784,,
2009-02-08,77.3524820988,916.5865904953582,82.19494258864206,3.2190444,0.491866,-0.06307161,0.55758864,0.19235634516984762,0.515617641229282,0.6266091501104667,0.9820047818656547,,
2009-02-09,54.9368420988,900.947680495358,82.13939420287625,3.0579133,0.5220101,0.2653998,0.6920062,0.425891869980507,0.6529246328558681,0.8713068747058204,1.1193091551329168,,
2009-02-10,54.9368420988,1090.178380495358,82.03448826205256,3.1949751,0.5272708,0.53169453,0.74426913,0.6594652773399858,0.7090142477097863,1.1160442925063319,1.1753962135768066,,
2009-02-11,54.9368420988,1612.0962804953583,82.17321777121691,3.5167248,0.58628833,1.0612783,0.8917238,1.1421972366642694,0.8625536129478316,1.621849189349664,1.3289304931048673,,
2009-02-12,274.7313420988,5356.36043049536,83.82720236960672,3.6642704,0.6150968,0.6228483,0.9670245,0.7712340591380161,0.9203344180368207,1.2331552400118408,1.3867151826856339,,
2009-02-13,763.0354420988002,4011.818230495358,84.84422361491623,3.2374084,0.5005131,0.5336993,0.7571756,0.9657598207009643,0.6411850084069536,1.4369786680244474,1.1075637164828924,,
2009-02-14,362.13324209880005,2849.6798304953577,85.46691936388301,3.0595176,0.4548155,0.52881753,0.5807045,0.8141550079451386,0.5177755132605387,1.27812766345402,0.9841558204186922,,
2009-02-15,154.6638320988,2430.033290495358,85.89996615778186,2.9759433,0.46405575,0.5344627,0.4997208,0.6805566941537573,0.470638272215571,1.1381438069464,0.9370200103123638,,
2009-02-16,130.7471420988,1952.4203904953583,86.16770406208956,2.9448915,0.4514222,0.37595618,0.4680455,0.5371918633670465,0.43958330280257696,0.9879266273162421,0.9059665991452204,,
2009-02-17,141.58894209879992,1528.236380495358,86.27955816081906,3.0126295,0.46025193,0.33851385,0.5095394,0.5652592489720706,0.46796433564827017,1.0173355380096283,0.9343473250737818,,
2009-02-18,166.01499209880004,1258.728460495358,86.31664224909922,3.1386602,0.4720754,0.024240375,0.6335486,0.3871410641760578,0.5624222615840169,0.8307039128469214,1.028807214013159,,
2009-02-19,175.96974209879994,1077.0960704953584,86.32408359965731,3.025866,0.46602583,0.041603684,0.5543856,0.4606877184143863,0.4810054051652143,0.9077658457511815,0.9473895426550765,,
2009-02-20,149.56177209880002,997.525030495358,86.2591753890869,2.9353623,0.4557349,-0.07195866,0.47211275,0.32014789705340657,0.41483451717061726,0.760508701340493,0.8812202173052147,,
2009-02-21,119.3974220988,968.706870495358,86.16634413776413,3.02529,0.46319202,-0.13543606,0.49977192,0.21138965281366207,0.44782565602260155,0.6465521847975482,0.9142125809268539,,
2009-02-22,87.01661209880001,906.575030495358,86.11357824541966,3.0395365,0.46431708,0.13881576,0.53565764,0.39285462173915875,0.49043460409335954,0.8366905589307191,0.9568194929914242,,
2009-02-23,67.05524209880001,809.4012304953578,85.94236588646889,2.8545592,0.46060133,0.057989597,0.4779393,0.27194734249748614,0.4427780227413796,0.7100043250421526,0.9091642640128071,,
2009-02-24,69.74744209879997,761.461070495358,85.81698247715251,2.7783132,0.4784125,-0.17067015,0.44086257,0.0767816484857191,0.40585962909502893,0.5055103779971734,0.8722480886011084,,
2009-02-25,80.42326209880001,708.095410495358,85.6912448239186,2.829148,0.46717614,-0.0697279,0.43473193,0.22593670557183584,0.393289460348757,0.6617945369509504,0.8596762206493962,,
2009-02-26,54.9368420988,709.0059204953579,85.60889702409406,3.1298602,0.45403174,-0.030352235,0.5886801,0.19690574571135094,0.5473215194370848,0.6313759964465061,1.0137086084708236,,
2009-02-27,54.9368420988,1976.192190495358,85.91120052172144,3.288689,0.51060516,0.98846436,0.8937579,1.0506795424222752,0.8696936795459611,1.5259572621604902,1.3360715033972683,,
2009-02-28,54.9368420988,2210.164230495358,87.41551470404549,3.019967,0.5400957,0.8877834,0.61731434,0.9394965255514283,0.6024846656560447,1.4094600771433468,1.0688636488673589,,
2009-03-01,54.9368420988,1786.564130495358,88.00724560404988,3.0081024,0.50148374,0.63573563,0.51968074,0.7065096036682701,0.5043992127825422,1.1653371768201235,0.970780671306935,,
2009-03-02,54.9368420988,1475.881280495358,88.3382250946289,2.9197054,0.51066947,0.2024014,0.34877947,0.2999179485101422,0.3367617703461449,0.7393118304094801,0.8031476972743581,,
2009-03-03,83.97504209880007,1210.688760495358,88.47286498228212,2.6498408,0.5018869,-0.23128498,0.31311765,-0.04440815090704016,0.2946121369966137,0.378528120460045,0.7610019958520107,,
2009-03-04,92.87307209880002,1062.3129004953578,88.62270121941572,2.7958975,0.49981537,-0.10139549,0.38130254,0.13153713555626262,0.3529420619328347,0.5628829901774198,0.819329894698058,,
2009-03-05,112.82069209880004,1017.308080495358,88.80999823462466,3.0555558,0.5206337,0.06543505,0.49944103,0.36393864084277633,0.4525762152122094,0.8063924929918255,0.9189614260209029,,
2009-03-06,70.26414209880004,1090.2296704953585,89.06338823268372,3.3087466,0.5609982,0.634508,0.76485604,0.7964244981806787,0.7193488497791594,1.2595496959315344,1.1857293456699272,,
2009-03-07,192.7698420988001,1846.801790495358,89.7511785341824,3.6838923,0.66781986,1.9429654,0.88205564,2.107508859527217,0.8011784824494461,2.633299408032753,1.2675459919573182,,
2009-03-08,546.9739420988,2203.172630495358,91.30502802841609,3.8201602,0.7500324,1.9213519,0.9145272,2.299004009768928,0.7476702203612006,2.8339473718625934,1.2140359976071733,,
2009-03-09,597.6001420987992,359.00443049535846,96.59133717838493,3.7753882,0.6448582,2.115213,5.220336,3.152340522241871,2.00013072594944,3.728070452646802,2.466489293712186,,
2009-03-10,886.9427536492384,2545.447730495357,99.48475255806825,3.515549,0.5210404,2.0870707,0.91842425,2.4561949131276433,0.6942800113104644,2.998651463071633,1.1606443979485386,,
2009-03-11,2856.392972006161,4258.010415029758,99.48475255806825,3.554621,0.4701369,3.356306,0.9328151,3.4359283958066866,0.5893409061693201,4.025212857171366,1.055697262369497,,
2009-03-12,2168.5690187272085,4023.281615029758,99.31856483944644,3.2344499,0.43602067,2.9625297,0.87848717,3.0577641481489533,0.5908885734717392,3.6289736511654045,1.0572478992394645,,
2009-03-13,2063.3437991562027,3614.508715029758,98.77595404827609,3.1852388,0.4255032,2.775336,0.8714581,2.9242955891143585,0.575914914945287,3.4891257512484013,1.0422753278320185,,
2009-03-14,1846.1579016644023,3248.7688150297577,98.21869518760917,3.3374481,0.42023867,3.3259335,0.8644163,3.3301058201368003,0.5718403613470985,3.9143323241208376,1.0381975320492653,,
2009-03-15,1565.5780762571558,2933.1415202831454,97.7623983179634,3.6895857,0.40686646,4.514215,0.8543157,4.227239657419526,0.5747239367231116,4.854346092127071,1.0410746082371434,,
2009-03-16,1194.201479902354,2383.812027937697,97.53050903953567,3.8840199,0.43630123,5.5439973,0.86977863,4.989961506048897,0.5974971390506694,5.653523437886718,1.0638430090324043,,
2009-03-17,387.7894737036,1486.7301942577817,97.70637859484492,3.6085005,0.59546953,5.9448643,0.85169655,5.461531235318844,0.6866432199116917,6.1476325882352905,1.1529864540768604,,
2009-03-18,387.7894737036,1102.483640495358,97.80423827554597,3.7520847,0.61686796,6.1760464,0.84310967,5.545298356571722,0.6440448194950016,6.235403491540477,1.110387612049305,,
2009-03-19,391.7654337036001,1309.620570495358,97.95676021771041,3.7476172,0.6653926,6.1377687,0.84369934,5.587406430827765,0.6672557731227919,6.279524187806707,1.1335983467190394,,
2009-03-20,387.7894737036,1254.024570495358,98.06352378392961,3.4373074,0.58426315,4.9263783,0.8393059,4.57466605732786,0.6557506959175498,5.218378286333288,1.1220990977864724,,
2009-03-21,387.7894737036,1187.6231461146835,98.04987585589596,3.425906,0.6529602,4.30156,0.83141005,4.086016776181366,0.6470380265564257,4.706373239911996,1.1133896601026243,,
2009-03-22,387.7894737036,1196.4136835899628,97.97912855482156,3.4615455,0.5920022,3.7555184,0.85814583,3.6835582068185646,0.664088336157538,4.28467852666945,1.1304428364314338,,
2009-03-23,387.7894737036,1161.846156822789,97.77818639099264,3.1889446,0.5973279,3.2802005,0.8346084,3.2573640945931244,0.6433572602523866,3.838113792751323,1.109714998264797,,
2009-03-24,387.7894737036,1079.8786404045154,97.55488707772015,3.4681642,0.6979465,3.219656,0.8334468,3.285317204440652,0.6403606163430237,3.8674029656966367,1.1067181356342086,,
2009-03-25,54.9368420988,677.823430495358,97.7100823335387,3.8327813,0.7030111,3.8600621,0.8247923,3.858016813026575,0.7647739658180062,4.467475657897291,1.231127200672074,,
2009-03-26,54.9368420988,672.6917504953581,97.88532899648852,3.666769,0.70654035,4.2158136,0.86554533,4.174360102242159,0.8019717205422111,4.798939074971942,1.268322749608707,,
2009-03-27,70.4033420988,671.7455104953578,98.05392771755392,4.7745924,0.675717,5.5137463,0.79622316,5.443627036823779,0.7235352215904749,6.128872630254602,1.1898785511855228,,
2009-03-28,54.9368420988,629.6321404953579,98.24247637646124,5.108007,0.69853723,7.5900736,0.81298417,7.39088708119823,0.7498403467863467,8.169205048374685,1.2161754458665448,,
2009-03-29,112.3481620988,691.945300495358,98.50165127694316,5.205444,0.71686894,7.9876366,0.9208121,7.599004491204169,0.7984916940263329,8.387269759165132,1.2648261699762582,,
2009-03-30,127.79042209879997,1078.4245904953575,98.96364557338624,4.726738,0.6473436,6.85777,0.8517606,6.632001363785663,0.7646042377993549,7.374047187790848,1.2309420287460189,,
2009-03-31,54.9368420988,897.2524804953579,99.28257534206243,5.17752,0.6771178,6.1788607,0.8231971,6.121088009558306,0.7766856423704892,6.838713921701355,1.2430256165950113,,
2009-04-01,114.9285303884539,918.326506640986,99.48475255806825,4.651326,0.64151865,5.9227843,0.8501978,5.781360564459426,0.7589922947917923,6.482748666026924,1.2253338860268195,,
2009-04-02,969.4736841976,1270.919870495358,98.99186390260537,5.322894,0.53085476,8.997449,0.8681501,7.407378196195947,0.5434198754026811,8.186484382297238,1.009754923299162,,
2009-04-03,420.73169329182485,1191.2828229018878,99.48475255806825,5.8542333,0.7469184,8.627228,1.019001,7.903483258917026,0.7778681628683626,8.706301571166065,1.2442018164251594,,
2009-04-04,1504.8647441976,2370.68249718843,99.422725012743,5.6921697,0.62967664,7.8663254,1.0147868,7.022106465373145,0.667164845613182,7.782797979726633,1.1335011705353029,,
2009-04-05,646.2497826795075,2363.5731799730943,99.48475255806825,5.131772,0.5958425,7.8246713,0.96011215,7.246469307114283,0.7647403301274039,8.017884598356991,1.2310758907284347,,
2009-04-06,1163.9165441976002,2022.7294238636223,99.29896407511882,5.5714054,0.6461132,8.76025,1.0068077,7.595530471600214,0.6812535686592512,8.38362969329945,1.1475880546042712,,
2009-04-07,354.53041235260827,2455.8201864490734,99.48475255806825,5.1135664,0.6662033,6.225621,1.0189941,6.0853336537160665,0.8944035589859622,6.801250629870007,1.3607436971764069,,
2009-04-08,999.7432541976,1934.7675650044257,99.26616005305124,5.094473,0.613742,5.17122,0.90476733,5.145073309038717,0.6321107403469313,5.816049054836278,1.0984557152691425,,
2009-04-09,191.13838793799653,1869.567551637303,99.48475255806825,4.893544,0.5819711,4.871424,0.8623339,4.873475912980894,0.7842091425382466,5.531470231656145,1.250555702781468,,
2009-04-10,969.4736841976,1489.4372304953583,99.12436709635365,5.6305475,0.58574903,6.6017165,0.8960581,6.218814161980128,0.5898589587274249,6.9411110501488,1.0561984922491257,,
2009-04-11,202.0062775265107,1284.2175412465715,99.48475255806825,5.382653,0.635691,7.3342643,0.91333133,7.0690029652779565,0.7939077903984317,7.831935972019229,1.2602439508021277,,
2009-04-12,969.4736841976,1315.8354304953584,99.09013009875693,5.1848516,0.61058784,6.426306,0.81267697,5.899656182835596,0.5348320361450762,6.606698410588132,1.0011730493456925,,
2009-04-13,54.9368420988,827.8539004953582,99.38685343513885,5.4021897,0.6742167,5.7361126,0.83053464,5.7153322819969254,0.7799790585395591,6.413564457369108,1.246320979371985,,
2009-04-14,139.61529383492532,855.3029761101192,99.48475255806825,5.435155,0.70037854,6.384143,0.8561543,6.250972908853539,0.7425446450302037,6.9748068751935834,1.2088840359184294,,
2009-04-15,265.45227353564445,1030.0645565235277,99.48475255806825,6.1081877,0.7359746,8.61933,0.90663123,8.104795564515163,0.7364665600626318,8.9172359168201,1.2027997281073879,,
2009-04-16,250.03829975640835,945.9100954697188,99.48475255806825,6.2550592,0.78028405,9.799663,0.9385152,9.05858831129781,0.760013421620323,9.916616696521558,1.2263449194302396,,
2009-04-17,91.52244788838094,655.2329806745721,99.48475255806825,6.3275695,0.837957,9.758788,0.9290714,9.338257482990759,0.8216479665731288,10.209653098620194,1.2879791719186824,,
2009-04-18,189.9833538136929,779.3519834303455,99.48475255806825,5.859147,0.7838171,10.308588,0.9430671,9.43652685060939,0.7736381496076837,10.312619406093967,1.2399692734277283,,
2009-04-19,173.28669565388887,722.6133064605837,99.48475255806825,6.135958,0.7978743,10.733771,0.9688584,9.84445349565934,0.7965527788222527,10.740043550349828,1.262883682311002,,
2009-04-20,42.3121608896021,581.7190804953582,99.48475255806825,5.6476016,0.7248248,10.213613,1.0150476,9.904016213819682,0.9474981421812413,10.802453162833267,1.4138290294229083,,
2009-04-21,314.0426137108268,749.3048529870512,99.48475255806825,5.939097,0.742001,11.44415,1.0669255,9.818320878920535,0.7831118273596265,10.712661883860788,1.2494427392573535,,
2009-04-22,206.20286109229832,1040.3327268520757,99.48475255806825,5.767136,0.6891002,11.510662,1.0424304,10.56056366074534,0.8774269066029596,11.490381333426798,1.3437578836361503,,
2009-04-23,183.6823604514857,912.8921810752588,99.48475255806825,5.4557085,0.6852273,9.744327,1.0259907,9.025959108384258,0.861809166354355,9.882427929246091,1.3281407041138595,,
2009-04-24,90.79268824089,703.5991266037263,99.48475255806825,6.4303293,0.83192873,10.0877905,1.0151253,9.669771666209003,0.9041181592911561,10.557012526571727,1.3704491338290554,,
2009-04-25,141.90661106313743,731.7487164854559,99.48475255806825,7.3314824,1.0823803,13.956729,1.0755303,12.880599422666346,0.9178288834090587,13.92130687412212,1.3841641270602283,,
2009-04-26,122.36105469853328,670.0284585301902,99.48475255806825,8.288574,1.3561724,17.861063,1.1417093,16.382876071176266,0.9878593482058603,17.590980374497008,1.4542126937613669,,
2009-04-27,38.7789474072,542.499980495358,99.45511291588235,8.795059,1.5174314,19.993322,1.1640867,19.24625097932103,1.0911330347054042,20.591214815293625,1.557511602430817,,
2009-04-28,38.7789474072,517.910810495358,99.47865029080248,8.63656,1.4778613,20.652184,1.1585301,19.81517654747725,1.0827323576719423,21.18733308083295,1.5491170532565848,,
2009-04-29,109.10487675082048,492.8981826613955,99.45103272568818,8.240662,1.3397448,19.91495,1.1319779,17.7991433406766,0.9581004714022349,19.074940378211988,1.4244651203876084,,
2009-04-30,93.96665082147726,474.9025784549529,99.43085240773067,6.803338,1.0985574,16.893288,1.0358124,15.226615033749093,0.8835501789573097,16.379454011961442,1.3498959970685145,,
2009-05-01,103.4105262964,495.3773104953579,99.42964395035308,7.049377,1.0748734,14.943654,0.9666524,13.580314160910122,0.8209735087136766,14.654465584998771,1.2873112475200688,,
2009-05-02,103.4105262964,537.6770404953578,99.41400897463076,7.4608254,1.14255,15.503068,0.97845656,14.205815339901068,0.8410674118362824,15.30986358217667,1.307407855187492,,
2009-05-03,103.4105262964,483.3540304953579,99.37354054582912,7.3093953,1.1532626,15.52126,0.9738609,14.074013207591285,0.8275758618305677,15.17176175848553,1.293915698083958,,
2009-05-04,103.4105262964,469.8926904953579,99.3162719556992,6.990544,1.0989182,14.682047,0.95274925,13.294679167731127,0.8056603762560909,14.3551782155402,1.2719970288611797,,
2009-05-05,103.4105262964,490.5596104953579,99.25114760887686,6.746632,1.0278686,13.442678,0.93915904,12.276893112319692,0.7960266117076444,13.28874546580768,1.262360152563215,,
2009-05-06,103.4105262964,553.505080495358,99.21244004268188,6.924298,1.0342742,13.318447,0.9787578,12.31189111429112,0.8406015876072338,13.325416252638655,1.3069352157946468,,
2009-05-07,116.2433562964,666.4749604953579,99.26051023016677,7.560208,1.2759863,13.954862,0.96131253,13.005176417284186,0.8401947812047459,14.05183822323754,1.3065304281187011,,
2009-05-08,103.4105262964,588.4524604953581,99.24823567024626,8.465728,1.5094882,16.40708,1.0470985,15.22011147579956,0.9187262227858501,16.372639606173223,1.3850720028820604,,
2009-05-09,226.61780629639995,505.21187049535786,99.37364936386672,8.709055,1.5270057,19.354605,1.1264521,16.058112090137136,0.9101131227484749,17.25069378531434,1.3764641996242906,,
2009-05-10,201.40767153848589,607.562710495358,99.48475255806825,7.8328958,1.3564552,18.065536,1.0725837,15.517937240064741,0.873471776226467,16.684700423903834,1.3398193468060948,,
2009-05-11,236.22493147866868,587.576689700956,99.48475255806825,8.150471,1.4843665,16.874367,0.99209785,14.372791516735486,0.8257654227948331,15.484820649484266,1.2921066637892487,,
2009-05-12,211.19713393084652,554.3531995003076,99.48475255806825,8.235388,1.4840875,16.37011,0.96791536,14.125933250993082,0.8117117133277142,15.226163402482143,1.2780517863598388,,
2009-05-13,187.71897870558715,516.17342289024,99.48475255806825,8.554995,1.5632569,16.665895,0.98540574,14.502823342037905,0.8342495195177665,15.621067551544582,1.3005914037578503,,
2009-05-14,432.60002296603534,443.9854263313293,99.48475255806825,8.576921,1.5288867,20.645164,1.0433799,14.689416291199922,0.9211776309128203,15.816579005840456,1.3875204719817706,,
2009-05-15,608.4735944665222,396.0937546946821,99.48475255806825,9.561785,2.1385605,25.511528,1.6904536,15.850654976658573,1.4567692010446727,17.033320930968166,1.9231188918384412,,
2009-05-16,796.9756261720797,646.0463569619908,99.48475255806825,10.477137,2.3332138,27.278736,1.3668847,17.999275759251127,1.426551549254264,19.28463844227593,1.8929179804914988,,
2009-05-17,1987.362958129236,1917.609753676338,99.48475255806825,10.229477,2.3994243,20.245,0.97464883,15.147786928914773,1.3115886925405966,16.296858193176437,1.7779340531410925,,
2009-05-18,999.9495804746264,1360.881941260337,99.48475255806825,8.846261,1.8190045,15.288018,0.87458575,12.5595590576804,0.920741453918631,13.584921877111432,1.3870757401569394,,
2009-05-19,743.3128555732414,1158.537013275244,99.48475255806825,10.525919,2.4307604,13.339757,0.9079482,12.240005614636805,1.099302081607619,13.250094871829154,1.565635531932857,,
2009-05-20,535.7829220761887,1013.4847752471892,99.48475255806825,11.776361,2.7813175,14.904898,0.98054767,13.822956665032233,1.1561276371974016,14.908705571386013,1.6224663720180366,,
2009-05-21,410.1756703160458,857.6655009444358,99.48475255806825,12.012482,2.8432274,16.720041,1.0121862,15.197037879697923,1.146719292228216,16.34846317105107,1.6130649378434803,,
2009-05-22,333.1666502602734,704.8520763694817,99.48475255806825,11.830458,2.7846715,18.48274,1.0168331,16.347597083676003,1.1294180536797955,17.55401517198942,1.595771146949747,,
2009-05-23,266.3091045245686,681.3716893982837,99.48475255806825,11.469168,2.6706936,18.612432,0.98073155,16.60509366217345,1.0297855965377112,17.82381920673102,1.4961405639247984,,
2009-05-24,276.65510629329043,762.0306941315743,99.48475255806825,11.495302,2.7108028,18.087969,0.94970703,16.332004813481095,1.0033858735389993,17.537677644578704,1.4697388557597457,,
2009-05-25,204.74822973364084,591.9940887223613,99.48475255806825,10.718311,2.4420178,18.460964,0.994354,16.471243766831318,0.9693728444469941,17.683571743934515,1.435726828181477,,
2009-05-26,166.18177433964271,543.807290495358,99.48475255806825,9.0424,2.0324202,16.992662,0.97329956,15.131804674887242,0.8843378780231451,16.280112042038994,1.350683146730675,,
2009-05-27,578.042229561623,1441.151418135942,99.48475255806825,9.7852955,2.1114058,15.168663,0.9222672,13.627545966602923,0.893664387393735,14.703954909549838,1.360002314802155,,
2009-05-28,418.3266655095593,878.74805125926,99.48475255806825,11.170198,2.5699544,14.535476,0.91995054,13.450121734565142,1.037032214385638,14.518050405715048,1.503369446528379,,
2009-05-29,1313.1565328464912,2221.6847054845043,99.48475255806825,13.708439,3.1992435,14.20139,1.0589747,14.01826398192181,1.3621637582065704,15.113347910398248,1.82850334365099,,
2009-05-30,899.0458082438905,2057.3185136945763,99.48475255806825,14.176004,3.2907827,13.83028,1.0395356,13.93541680754946,1.2348308344542978,15.026540924289797,1.7011700537456311,,
2009-05-31,886.8113885594814,1667.030345965078,99.48475255806825,14.036018,3.2240143,13.636762,1.0079234,13.775401969190764,1.298539715469881,14.858877923640916,1.764878249779644,,
2009-06-01,659.2976033644227,1362.9020654557853,100.0,13.23938,2.978292,13.250578,0.9755034,13.246927029264494,1.172654539865581,14.30514368808738,1.638991019984847,1.4125261716634752e-12,4859.999999999998
2009-06-02,527.0972781669461,1137.5221391916734,100.0,13.671936,3.3204038,13.806403,0.9745143,13.763824505287301,1.2445511792752955,14.846747096538449,1.710889665161031,1.418671465951041e-12,4859.999999999996
2009-06-03,461.5709491473087,1005.3982097484449,100.0,13.30765,3.0370235,14.670912,0.98083496,14.241971471460479,1.1683365511662345,15.347747853231068,1.6346771645300187,1.3982373514375753e-12,4859.9999999999945
2009-06-04,256.3447067482921,700.6402026300378,100.0,12.838472,3.0771415,14.157851,0.9436293,13.804433122603536,1.0755012160568136,14.889296666948786,1.5418398724667726,1.3895436160454926e-12,4859.999999999993
2009-06-05,299.56943128928054,707.104668248098,100.0,12.77561,2.977642,14.814561,0.92852396,14.207803084624626,1.1002481779681794,15.311946334303247,1.5665886306272798,1.380507185694657e-12,4859.999999999991
2009-06-06,189.7591484759886,527.190270495358,99.99999999999999,12.530081,3.1225388,15.56751,0.9172999,14.763575791975173,1.0667728853037681,15.894283077251192,1.533116117712723,1.3620243684796345e-12,4859.99999999999
2009-06-07,123.26691113391031,482.8369304953581,99.99999999999999,12.175133,2.9182131,16.554493,0.9476561,15.66383665131541,0.960285479041982,16.837573328280097,1.4266339637665766,1.3325052736653461e-12,4859.999999999989
2009-06-08,132.35166039860647,459.89122474622087,99.85472869410275,11.989616,2.9326541,16.759115,0.9780485,15.693250006377891,1.0031577439928465,16.868392541170042,1.4695064159579174,3.320886448881085e-12,4859.999999999985
2009-06-09,175.16411905140515,572.5847304953579,99.995194410504,11.540178,2.8325648,18.022112,1.105198,16.50368469834592,1.0754127672954472,17.717563241081738,1.541766987554727,6.006319051405141,4853.993680948581
2009-06-10,258.11162596577094,551.213980052087,99.99372380454398,11.128288,2.6941724,19.259632,1.0297998,16.666368824936576,1.109145020064092,17.88802311281556,1.5755004445942875,7.286405979533488e-12,4853.9936809485735
2009-06-11,230.75791235705233,450.9181125291546,99.99372380454396,10.834131,2.6015308,20.939754,1.1085931,17.518844203185903,1.1459988975734028,18.781243900103906,1.612361127389796,1.2953119984211745e-11,4853.993680948561
2009-06-12,534.3719316921846,739.2591241761561,99.99372380454396,11.7321415,2.7292347,21.721706,1.0860873,17.53042739679294,1.3071517793827756,18.793380730770192,1.7735141073901866,0.11288306112859899,4853.880797887432
2009-06-13,338.6339088575269,838.0775137869083,99.99360584941215,11.137781,2.6377249,18.65385,1.0390128,16.490876766495035,1.060102540454686,17.704143133870105,1.5264566671883533,1.916303567452236e-11,4853.880797887413
2009-06-14,648.7175961655381,751.4628556111148,99.99360584941213,12.101957,2.7754345,22.527851,1.134247,17.697430322491908,1.4226972298459972,18.968365825446625,1.88906099059409,6.866664369043798e-11,4853.880797887345
2009-06-15,530.1136720061628,930.4707675532632,99.99360584941206,12.115507,2.8184717,20.044209,0.99565417,17.166515940030404,1.2036411911397737,18.41207555034349,1.670000507572004,1.7771925329441451e-12,4853.880797887343
2009-06-16,969.4736842060761,896.4193675532634,99.5085249589299,13.497652,3.038723,23.329218,1.2221195,18.22096995204842,1.6844849305198712,19.516928859665246,2.15085338949325,8.47599568488141e-09,4853.880797878867
2009-06-17,122.80000000000145,819.0695275532632,99.82775297564639,10.93294,2.5452788,16.03804,0.98568547,15.372442284531992,0.9191682171639023,16.532251306846245,1.3855149003761718,1.4476013884342026e-12,4853.880797878865
2009-06-18,655.9943219275114,1342.6263675532634,99.99360584940321,11.897554,2.620494,17.289099,1.0117218,15.519467066433378,1.0962256754401272,16.686303370743442,1.5625732554787164,1.0662529491564938e-07,4853.88079777224
2009-06-19,969.4736841976016,1173.3673370579054,99.84836612913352,13.769121,3.1483753,17.715656,1.0457684,15.93014727848982,1.5351984564765018,17.116612693096105,2.0015486725650837,1.5476840191901427e-12,4853.880797772238
2009-06-20,1325.5177598147177,4094.110267553264,99.99360584929178,14.938,3.5670931,13.65236,1.2387373,13.966798209851168,1.2793748571195775,15.05942225034957,1.745714214181216,1.6305998075115492e-12,4853.880797772236
2009-06-21,2981.782872006163,5677.620567553265,99.99360584929178,15.633299,3.8371549,14.583381,1.2709563,14.94490999529337,1.5621185283579258,16.084284435628035,2.028462744161608,1.6324578682475842e-12,4853.8807977722345
2009-06-22,2141.2208720061626,3562.081567553263,99.99360584929178,15.784996,3.8250506,14.084813,1.2406056,14.723121743875552,1.6317597280173515,15.851895463937655,2.0981027461703974,1.6419918882244517e-12,4853.880797772233
2009-06-23,1403.4700720061628,2546.993367553263,99.99360584929178,15.794842,3.79456,14.180606,1.2264961,14.754090943621694,1.562892163976348,15.88434488556875,2.029235345982931,1.641617142957994e-12,4853.880797772231
2009-06-24,1056.6861720061627,2058.1664675532634,99.99360584929178,15.678867,3.7759583,14.25874,1.193818,14.74050590399406,1.5043622237332828,15.87011052748505,1.9707053337283453,1.6383523477452605e-12,4853.880797772229
2009-06-25,969.4736841976016,2090.2193675532635,99.99012307793186,15.488819,3.7713144,14.501255,1.2017651,14.814167924872732,1.4498015077747184,15.9472933411607,1.916145010767743,1.630823946923189e-12,4853.880797772227
2009-06-26,916.4741210028828,2435.688856219448,99.99360584929178,15.407043,3.7111514,14.686781,1.3148928,14.883699149603027,1.3936469911638973,16.020147920752503,1.8599908708099642,1.6267225184755093e-12,4853.880797772225
2009-06-27,969.4736841976016,1665.793393818382,99.98628044836339,15.398787,3.6691363,15.015124,1.1788268,15.156267673288921,1.54183799794096,16.305744288141696,2.0081834074217215,1.62040937562074e-12,4853.880797772224
2009-06-28,627.1284736512162,1433.3054083674,99.99360584929177,14.693001,3.5457966,14.389974,1.1569644,14.482205163910669,1.3462777951717964,15.59946389498258,1.8126195761271633,1.6118659190952521e-12,4853.880797772222
2009-06-29,969.4736841976016,1142.611230495358,99.67372274062232,15.304739,3.6725137,16.344948,1.1089039,15.867478814202325,1.7892931655259823,17.0509488904371,2.2556429668908358,1.6009774594836403e-12,4853.88079777222
2009-06-30,387.7894737036016,1275.3285504724713,99.91653069988689,14.1318,3.3905067,14.687722,1.2598199,14.558097673306586,1.2483105753873631,15.678983806902057,1.7146527389175765,1.590705058592659e-12,4853.880797772218
2009-07-01,405.2388122000275,1040.518714549607,99.99360584929177,13.692469,3.2494452,15.544727,1.1992192,15.025548213870104,1.254781750945902,16.168776885404778,1.721126416139382,1.5650922898816215e-12,4853.880797772216
2009-07-02,1120.6061441976035,1012.2970879705208,99.5388341982386,14.948305,3.525817,19.960789,1.3154944,17.327279699509617,1.954815235662695,18.58052326798239,2.4211758638332395,3.3015900799086476e-12,4853.880797772213
2009-07-03,387.7894737036016,1107.331666306547,99.73505622322395,13.946545,3.2815804,14.600861,1.1695737,14.431150710323761,1.2144070388276702,15.545969213035137,1.6807485661233348,1.5867257846249595e-12,4853.880797772211
2009-07-04,395.9987037036015,880.7119318503685,99.68784099964955,13.5276985,3.2362676,16.75998,1.1875925,15.757419275632763,1.2956676416704087,16.93562888214362,1.7620167255601413,1.5429433159095914e-12,4853.880797772209
2009-07-05,387.7894737036016,784.3390120768055,99.54814404879644,12.745615,3.0115626,19.214643,1.29418,17.074416381012327,1.3201104104838246,18.31557394723094,1.7864689887535368,1.60566486582251e-12,4853.880797772207
2009-07-06,387.78947404846815,711.8562104953581,99.37562436366476,11.893244,2.7789872,21.789312,1.381957,18.299468969466968,1.3269305087169014,19.599179861780932,1.7932996991584407,3.448681611805717e-07,4853.880797427339
2009-07-07,436.5942910462348,722.4132304953579,99.24250068771806,11.414289,2.5946558,22.578554,1.2322415,18.373012660426287,1.2430702944767686,19.676238689771576,1.7094401766050011,0.7361173426347755,4853.144680084703
2009-07-08,387.78947370360146,875.1416804953582,99.23606510146817,10.76524,2.4163043,19.780416,1.1424091,17.01226032704604,1.084963354440584,18.250447046354907,1.5513214400221995,1.485518399210738e-12,4853.144680084702
2009-07-09,387.78947370371577,702.3907704953581,99.12689155240128,10.292309,2.3151977,21.87472,1.2676857,17.75472476839309,1.1598754587456546,19.02839875001062,1.6262397183783546,1.1580952289398489e-10,4853.144680084586
2009-07-10,387.7894765494874,653.0580904953581,98.90095879108101,9.81271,2.225189,24.366644,1.4465978,18.94427211555343,1.22927389645464,20.27480239410104,1.6956493619427784,2.845887415027882e-06,4853.144677238699
2009-07-11,387.78947373270546,743.742280495358,98.68643967235002,9.423803,2.03629,23.036161,1.1418066,18.371043398844893,1.0248189244594013,19.674175304218178,1.4911887879859198,2.910547960297356e-08,4853.144677209593
2009-07-12,387.7894737038017,919.332630495358,98.75702383631497,9.034668,1.975391,21.520426,1.1299216,17.81622292114989,0.9874231943704588,19.092836304248276,1.4537879936681015,2.0171207901908317e-10,4853.144677209391
2009-07-13,387.7894738519226,688.1315304953581,98.6060638789608,8.725044,1.813686,24.11815,1.1965376,18.570081074745605,1.0064629927393776,19.882726300650685,1.4728347588088546,1.4832259567247254e-07,4853.144677061069
2009-07-14,387.7894737158867,647.8987804953581,98.39831270284033,8.425976,1.671004,24.168818,1.18476,18.274275141396576,0.9699333593373334,19.57278185484957,1.43630231425035,1.2286721610506205e-08,4853.144677048783
2009-07-15,387.7894747252772,610.6855504953579,98.17201513735012,8.610405,1.6228696,25.293552,1.2456697,18.814122452622335,0.9887981158263626,20.138432022176204,1.4551722764378998,1.0216772093816622e-06,4853.144676027106
2009-07-16,387.7895547957294,661.215170495358,97.95454745297693,8.649059,1.5806768,25.735708,1.1129855,19.419221927294547,0.9130230265643929,20.77245318330867,1.3794034181930532,8.109212936696403e-05,4853.144594934976
2009-07-17,387.78955249096157,631.258410495358,97.8588607480979,8.610598,1.5031346,26.052683,1.1847816,19.415253937487932,0.9305013720134176,20.768295537153193,1.3968817214179654,7.878736160037508e-05,4853.144516147615
2009-07-18,387.7894737036526,245.1657704953581,98.04721026862468,8.373491,1.4479795,32.385273,3.4879413,17.6740966832085,1.6162299719939206,18.943916917967528,2.082593530642805,5.2652397175754833e-11,4853.144516147562
2009-07-19,387.8079375674605,420.2397104953578,97.96217501180385,8.206411,1.3400828,31.532341,2.3148606,20.337480542049118,1.3649098754444209,21.734601420938464,1.8313005225683627,0.01846386386054097,4853.126052283702
2009-07-20,387.794232353588,409.9032004953579,97.81320264611485,8.249002,1.2538122,31.281645,1.923369,20.08450979602753,1.1611807984736782,21.46953953799428,1.627568524100971,0.004758649987967953,4853.121293633714
2009-07-21,387.78955226458385,387.8624704953581,97.64519095077875,8.080395,1.1939374,30.750444,1.9731891,19.416485172313884,1.153194035256599,20.76958562079506,1.6195743977610177,7.856098387530628e-05,4853.121215072731
2009-07-22,387.78949363303974,383.3097104953581,97.44303507222163,8.185013,1.132376,30.377047,1.8428754,19.216566206697355,1.0786636282592572,20.560111212010856,1.5450418864109825,1.992943974848724e-05,4853.121195143291
2009-07-23,387.7895069661581,377.7432104953581,97.22247769925731,8.0085335,1.0505002,30.872574,2.0342815,19.290528118972322,1.1361231160763814,20.637608250866418,1.6025021474272096,3.3262558109882116e-05,4853.121161880733
2009-07-24,387.78986383307705,388.1399504953581,96.98304344753855,8.014677,0.97879577,31.300966,2.191101,19.663074849001582,1.2002534959333715,21.027961441103788,1.6666365169951598,0.00039012947704833645,4853.120771751256
2009-07-25,387.7894741796608,268.28449049535806,96.8091693974892,7.96562,0.92377454,34.257446,3.1152465,18.71698282767397,1.3859865552063784,20.036649455210505,1.8523597545220682,4.760607668125237e-07,4853.120771275196
2009-07-26,387.7900400409186,351.9090104953581,96.57117071398083,7.868976,0.8753343,32.786285,2.8704052,19.72329125698805,1.4406274663778011,21.091055987552515,1.907011147212794,0.0005663373186416821,4853.120204937877
2009-07-27,387.7894737073428,262.104250495358,96.32919624796887,7.9026904,0.8726733,33.28281,3.6570132,18.138575186961464,1.5641090922185001,19.430595906459548,2.0304767910020263,3.74279958497425e-09,4853.120204934135
2009-07-28,387.7895339131601,308.136990495358,96.04561323486645,7.9465327,0.8613837,33.762806,4.3127074,19.37726349236413,1.9689486177445306,20.728489278616312,2.4353285637970483,6.0209560112987166e-05,4853.120144724575
2009-07-29,387.789971697356,917.633670495358,95.96673680572798,7.839857,0.87938476,24.715673,1.2124236,19.70253278383699,0.8913972101681396,21.069305330344125,1.3577806630904707,0.0004979937560315326,4853.119646730819
2009-07-30,387.789703835152,760.6432304953581,97.26203544763895,7.8723593,0.8404522,25.547602,1.1806483,19.579227909837098,0.8318850146576564,20.940106904863665,1.29826712393926,0.00023013155200307442,4853.119416599267
2009-07-31,1234.1334737077975,2784.5852035651096,99.1935482670444,10.240055,2.0767076,21.672937,1.1545159,18.161942000989487,1.0230705409038794,19.455079574322653,1.4894384544854826,4.197586346997097e-09,4853.11941659507
2009-08-01,1795.53188002086,1222.0475131874705,99.9928102576751,13.481592,2.9671695,31.3696,5.593906,20.725807818630212,2.872133228876205,22.141489413909746,3.3385285030603327,0.1234330524773724,4852.9959835425925
2009-08-02,1480.014172517228,2611.550507867913,99.99268127851892,15.175179,3.5923622,20.720047,1.7677636,18.714339019738745,1.7209468904533207,20.03387928229338,2.1873200637566574,5.11066882643035e-07,4852.995983031526
2009-08-03,1190.7019663436126,2643.0247150297578,99.96111795621263,15.66791,3.7575562,21.684202,1.2753434,19.81562574341738,1.4611827428066804,21.187803746803517,1.9275674433758005,0.001095401398093394,4852.994887630128
2009-08-04,1229.979916875153,2287.9559150297578,99.32532523824821,15.718645,3.7842255,23.224884,1.28296,20.60046915317336,1.5642146867629332,22.010159988692852,2.0306084486480236,0.07473012378487909,4852.920157506343
2009-08-05,1109.5925503102249,2063.718068803208,98.4686962107088,15.487173,3.6748874,22.661148,1.2850306,20.152667130908537,1.532827571036534,21.540954560498406,1.9992160765949971,0.007765365404228649,4852.912392140938
2009-08-06,900.9161592280796,1769.7596710979583,97.77810476704525,14.999405,3.4806223,20.983664,1.2686285,18.96495531323143,1.4440702174819855,20.296474177926076,1.9104458921228606,3.58138961692367e-06,4852.912388559548
2009-08-07,549.7583870976143,1267.3334957746324,97.40546701283613,13.847654,3.2329738,19.223772,1.2134637,17.597235808862017,1.2934522934870363,18.863382356563037,1.7598151908255044,2.8028300822272452e-11,4852.91238855952
2009-08-08,387.7894737036015,810.6616061667435,97.23477374805016,12.673094,2.9050817,18.810575,1.2042766,16.824636439243562,1.24386567496091,18.053855378075646,1.7102223001140084,1.5212670493482666e-12,4852.912388559518
2009-08-09,388.28706298498315,1691.4558451864646,97.31282249165358,11.4389,2.557182,17.124907,1.2297622,16.06333168218189,1.1082719411503361,17.256162856016548,1.5746230535345485,0.49758928138315417,4852.414799278135
2009-08-10,1813.7269841211867,1405.3120804953587,97.72589006914657,14.42288,3.3161585,25.183443,1.4189359,19.12053954503166,1.9684563846660246,20.459494804168266,2.434833648285738,1.0417586835610052e-05,4852.4147888605485
2009-08-11,1509.3895875949038,1384.9953578393147,97.7619467362957,15.132692,3.5115929,23.536337,3.137217,19.153929638363238,2.3679277891844928,20.494480829822766,2.8343053974240835,1.3891303856897891e-05,4852.414774969245
2009-08-12,782.0448137036017,1851.347737552407,97.59146081325267,14.491377,3.3511734,18.245314,1.1813012,17.130498164789355,1.2962037273057787,18.374336248566525,1.7625627539066073,1.8149634960290948e-12,4852.414774969243
2009-08-13,803.7926501407655,2233.580476121159,97.37381784846735,14.302811,3.303471,18.808664,1.2262686,17.616261578377507,1.255949586338177,18.88331749282503,1.7223126467450787,3.3420221482850305e-11,4852.414774969209
2009-08-14,745.9490225508605,1884.2414064753125,97.03160268004363,13.278559,3.0406232,20.146914,1.1938767,18.198977557310968,1.2145602336649541,19.493885303636585,1.6809284889727834,7.059222865861587e-09,4852.41477496215
2009-08-15,599.1607462249065,1623.9376839058473,96.66477357820227,12.0191555,2.6886272,20.423319,1.1740518,18.1582618045848,1.1227681740888993,19.451223477109945,1.5891360537990875,4.8414939614087095e-09,4852.4147749573085
2009-08-16,476.55115370681887,1433.7568371115117,96.3102134533727,10.56262,2.358904,20.626272,1.1707159,18.115763418379988,1.0575147928297588,19.406693813318007,1.5238822825197254,3.2188822549614544e-09,4852.41477495409
2009-08-17,444.796804060227,1224.4346672472293,96.01609721175807,9.873852,2.183402,21.873968,1.1570964,18.67632088863565,1.0290310708972212,19.99404401448204,1.4954038710250555,3.5662696342967073e-07,4852.414774597463
2009-08-18,469.05082591067463,1607.2749615980322,95.88159364251464,9.690401,2.1510086,21.60272,1.1776451,18.911676694588078,1.0330310230082504,20.240649023435417,1.4994061598776887,2.2070746448650823e-06,4852.414772390389
2009-08-19,387.7894737036513,2024.930650495358,95.86939228041376,9.466089,2.0542285,19.241034,1.1947609,17.66993524488568,1.055689697864602,18.93955657711804,1.5220532205355204,5.130784201348095e-11,4852.414772390338
2009-08-20,387.7894737036497,1393.172550495358,95.70510878427294,9.678583,2.1395802,19.89018,1.1437018,17.66669129145364,1.0086996931470442,18.93615757380085,1.4750631877859033,4.9751187880066686e-11,4852.414772390288
2009-08-21,387.7894737533701,1243.9746304953578,95.74704696288431,9.6653,2.1206923,21.169743,1.2352897,18.435706714244933,1.0681014410698868,19.74192930505385,1.5344719177262067,4.9770122649577054e-08,4852.414772340518
2009-08-22,390.4840237793997,1209.4270066148863,95.92766650128848,9.689234,2.0712755,21.326601,1.2264194,18.48631434807196,1.0559632130962364,19.79495581078427,1.5223341729433908,7.579981353744685e-08,4852.414772264718
2009-08-23,428.79744371565914,1104.516184362166,95.80158208637528,10.034143,2.2037718,21.465513,1.1555036,18.26868379362188,1.035685801957872,19.56692325976431,1.502054704697697,1.205913324847099e-08,4852.414772252659
2009-08-24,390.2965323534105,1189.3323985253735,95.43317808524728,10.11828,2.2594793,20.342329,1.1576124,17.81615933892782,1.0350539657052944,19.092769683013337,1.5014187644427504,2.0367512844416558e-10,4852.414772252455
2009-08-25,387.7894737036176,1138.2369487476583,95.15810180627916,9.974936,2.2236776,20.136816,1.1705319,17.55450799242445,1.0399891282956342,18.81861229655749,1.50635166092589,1.7648874108215265e-11,4852.414772252438
2009-08-26,387.7894737036986,1063.0376511006275,94.88104072713524,9.831673,2.1995196,20.623549,1.1832728,17.739003698441422,1.0475298096636816,19.011926266655053,1.513893932033331,9.859819104547236e-11,4852.414772252339
2009-08-27,387.7894737036034,925.2434773179432,94.64301708997466,9.634102,2.1198528,20.582476,1.1896622,17.3489969377273,1.0462940473398514,18.603278515950212,1.5126548549763263,3.4317830797158164e-12,4852.414772252336
2009-08-28,387.7894737036014,856.2865062930831,94.37017087980539,9.661562,2.150066,20.032999,1.180997,16.80013047708,1.053526468850807,18.028178114690107,1.5198829062266115,1.4057296041479451e-12,4852.414772252334
2009-08-29,387.78947370360146,1191.491414239149,94.47217816835189,9.991291,2.228901,19.268728,1.2698871,16.990670869168348,1.1033746356322274,18.22782568619053,1.5697325511159854,1.4583961886394562e-12,4852.414772252332
2009-08-30,387.7894737036016,1190.5639584160278,94.60671884764528,9.996187,2.241572,19.43558,1.2575618,17.116392217926606,1.0968734748095608,18.359556085662504,1.5632323883055355,1.5926660565775228e-12,4852.41477225233
2009-08-31,387.7894737036014,919.0508943390846,94.4042210004068,10.043396,2.1781938,19.241606,1.2131014,16.512145443490155,1.070326939452843,17.726428380922258,1.5366812215967625,0.0,4852.4147722523285
2009-09-01,387.7894737036,828.4012288530057,94.20447308949619,10.138489,2.2329488,18.311174,1.2945458,15.705266084166524,1.1333359239071181,16.880982946402064,1.5996846726491865,,
2009-09-02,387.7894737036,807.6934173247344,93.96242785042863,10.351303,2.328227,17.896812,1.2989722,15.44920811345367,1.1578314401875092,16.61268627997952,1.6241785885742044,,
2009-09-03,387.7894737036,761.452840811135,93.70400671157383,10.254839,2.317713,18.639723,1.2806777,15.810406790338778,1.153969522074302,16.991149018923828,1.620318949658946,,
2009-09-04,387.7894737036,719.1178356833677,93.39753831870406,10.043573,2.2544484,19.364246,1.2775007,16.098879121960614,1.1456952593312564,17.293409341903853,1.6120466143700312,,
2009-09-05,387.7894737036,641.4096687147631,93.17029112805317,9.899174,2.2125063,19.627993,1.2765812,15.962294318619891,1.1523512304826213,17.150296251855238,1.6187016610549458,,
2009-09-06,387.7894737036,597.2680804953579,92.91115290104017,9.900236,2.1970847,19.40565,1.2717584,15.66363521819563,1.158751213906438,16.837362267345757,1.6250996973521543,,
2009-09-07,387.7894737036,568.0735004953581,92.63470104839223,9.987068,2.2189515,19.270132,1.2927803,15.504033202464692,1.183506110458955,16.670131820835078,1.6498535951922224,,
2009-09-08,387.7894737036,562.8913004953581,92.27057038876856,10.023256,2.231303,19.622519,1.3270444,15.706910953718916,1.2024044243550145,16.882706435096356,1.6687531836198626,,
2009-09-09,387.7894737036,536.409290495358,91.90582998869102,10.020205,2.2180784,19.80128,1.3655385,15.697185999683967,1.2224372862316062,16.872516661501628,1.6887859833276084,,
2009-09-10,387.7894737036,493.3121404953581,91.52621125792344,9.950745,2.159766,19.273403,1.4839429,15.170324941527644,1.2624712442607902,16.32047344574986,1.7288167349442665,,
2009-09-11,387.7894737036,490.43369049535806,91.14835943878543,10.702156,2.167626,17.899864,1.2711594,14.721633923034478,1.1916478194463744,15.850336530346238,1.657990829755191,,
2009-09-12,413.5508037036,546.511580495358,90.87124761879252,11.725824,2.7233062,16.892876,1.2609837,14.667147156873456,1.375266000093447,15.793245483016413,1.8416087248760495,,
2009-09-13,387.7894737036,520.792750495358,90.56806450114031,11.696255,2.80058,18.923382,1.7177821,15.838791627189313,1.548624510647957,17.02089055394711,2.0149741236669962,,
2009-09-14,387.7894737036,484.913040495358,90.18141419095565,11.602898,2.6891003,19.389917,1.4873179,15.92971847021024,1.4528566183086065,17.11616338924657,1.9192068315441846,,
2009-09-15,387.7900558442592,338.7940687924185,89.91727590590055,11.414299,2.7015727,20.884016,1.9166142,15.829870247490653,1.6963711181500531,17.011542762795063,2.162720672787604,,
2009-09-16,355.67455064526126,326.0071583840672,89.47555985655488,11.188704,2.541313,19.794785,1.5258371,15.30447190421145,1.5134879321132297,16.461032174691503,1.9798342090740033,,
2009-09-17,204.2448420905428,391.48308097105127,89.2892368940144,10.962311,2.448499,16.861027,1.1406847,14.838656709092453,1.125435916808983,15.972952605555403,1.5917795518278341,,
2009-09-18,208.2852661761572,383.0036940515274,89.08073508907086,11.030928,2.6242678,15.899029,1.5688425,14.184209449874622,1.3737617530220183,15.287225004463,1.8401020954921563,,
2009-09-19,204.00500204427428,427.332070265855,88.88646612354214,10.46854,2.4215477,15.919303,1.1605301,14.157988874609359,1.1087489289947303,15.25975117533061,1.575089149754281,,
2009-09-20,214.42660856296976,439.4837838073458,88.67134822075691,10.348009,2.466944,15.365825,1.1679475,13.720410905873464,1.127190132991791,14.801258475474597,1.59352843866057,,
2009-09-21,225.71913433543537,453.8232025920993,88.37466406109307,10.597872,2.5531511,16.308907,1.1783632,14.411909480127555,1.1569392086929697,15.525808317808409,1.6232806411636922,,
2009-09-22,243.27737237830192,474.0504023853195,88.11154880216972,11.08869,2.724036,18.108208,1.1873277,15.7275807008637,1.2120894368236481,16.904364125498663,1.6784383285835187,,
2009-09-23,234.19214883930283,465.9997481620211,87.80204132370774,11.159664,2.7636971,19.584293,1.3696071,16.76652008554232,1.2981994951653388,17.992961261328304,1.7645556761179217,,
2009-09-24,216.33383873126888,525.6165335523402,87.51073752136179,10.965315,2.6051335,18.35747,1.2846283,16.20210545202954,1.1854084613842146,17.401569537688516,1.651760529259681,,
2009-09-25,249.6029705113907,488.631314592802,87.17529357004446,10.647593,2.375106,17.909582,0.97003835,15.4542448407616,1.028162969106795,16.617963745635578,1.494510148249923,,
2009-09-26,255.39601114019763,510.3536022434014,86.86299478182426,10.356804,2.3800697,15.604585,0.9923861,13.854322910945932,1.0332411836684345,14.941571016634239,1.4995800521581495,,
2009-09-27,191.4271279012,386.506790495358,86.82916956649433,10.842297,2.550982,14.633139,1.112651,13.377510661683822,1.1258985994606614,14.441968771758535,1.5922355574475255,,
2009-09-28,443.6627139916527,249.11943671203653,86.7711555899071,11.922575,2.8221152,20.04668,4.427451,14.843944394683417,2.4085391331920945,15.978493024442566,2.874882796808361,,
2009-09-29,269.54552491001107,446.6225013958548,86.64727320559618,11.830492,2.5318544,16.96236,1.448024,15.030869306368995,1.3128270065126073,16.17435230793587,1.7791717016216322,,
2009-09-30,256.53009795311675,418.8661114823635,86.48667722068971,11.681334,2.3838658,13.63354,0.7873943,12.892049830770338,1.0287321178104503,13.93330457259222,1.4950673977864661,,
2009-10-01,318.2649169384792,502.1842167044044,86.19938277155079,11.778015,2.3816133,11.5955,0.8290412,11.666300441629488,1.0540514763210937,12.648968552665112,1.5203837189731728,,
2009-10-02,321.0601911209057,509.2039963036379,85.91567375534808,11.769945,2.5852647,11.301997,1.0475484,11.482950986827117,1.1883546449262472,12.456855620671945,1.654686581000735,,
2009-10-03,285.0586218639334,475.5302602994004,85.75890681260742,12.120171,3.1176279,12.991057,1.3237334,12.664660576850029,1.4318564158280331,13.6950468896258,1.8981910025231503,,
2009-10-04,319.5001333428633,450.2132606583108,85.55821140608806,12.514828,2.9380202,14.923605,1.2695917,13.92374624585666,1.4278422195053913,15.014312549641902,1.8941813878480713,,
2009-10-05,312.99356812174364,454.9410029362784,85.26637459196039,12.184029,2.7997,14.955783,1.3356652,13.826075633995853,1.3886044313544321,14.911973616404431,1.8549431794163525,,
2009-10-06,312.2265274278877,481.05817492914025,84.95448885901479,11.778645,2.6698582,13.805446,1.1356715,13.007723150695309,1.2563892860171657,14.054506681800142,1.7227249413601853,,
2009-10-07,299.705208029595,530.8419269183289,84.67009760057164,11.851324,2.6740456,12.463479,0.9566831,12.242581248174055,1.1423606311376036,13.25279361184512,1.6086940877334939,,
2009-10-08,336.3509330621716,506.744351083064,84.39112797991423,11.623125,2.7166662,13.0116625,1.1914487,12.457708664243095,1.2990270766572642,13.478203383025976,1.7653610837869507,,
2009-10-09,312.1151230345683,506.99597178452086,84.1153253720825,11.927233,2.5955687,12.648742,0.90638876,12.373817031885595,1.13705691860995,13.390302017410988,1.6033907047559328,,
2009-10-10,218.7793043994431,438.4292542019896,84.00922362856655,11.410898,2.5315578,12.434242,1.0040905,12.093579464576901,1.076514502846366,13.09667005232914,1.5428476091587953,,
2009-10-11,256.5294404757412,442.9404662908327,83.83885666508417,11.197805,2.4279394,11.333009,0.9219429,11.28342315520894,1.0647705501823972,12.24779104075419,1.5311021963165352,,
2009-10-12,279.97169911327063,473.774822685602,83.54436376587498,11.041609,2.2050705,9.740866,0.8173122,10.22401388272212,0.966831800396467,11.137745626451933,1.4331626698123177,,
2009-10-13,272.04335438651896,494.8099240890748,83.28009798614684,10.989426,2.2330916,8.854975,0.83318996,9.612177202899515,0.9573933389577765,10.496665244792869,1.423724344571974,,
2009-10-14,293.2088970370648,503.7359796125856,82.99963452538373,10.439247,2.1667833,8.495577,0.8567621,9.210684557430927,0.9637379117062295,10.075982623304832,1.4300692393647727,,
2009-10-15,264.94956723448985,464.7433396301468,82.75588222463294,10.096352,2.004535,7.306066,0.8008474,8.319211363339038,0.8887722421568962,9.141900057884015,1.3551049440641711,,
2009-10-16,143.11305794560857,352.2681209185391,82.65561008114236,9.612112,1.8151584,6.776191,0.71402675,7.595474075009354,0.7299266054128243,8.38357060114433,1.1962610915202165,,
2009-10-17,152.32465244574695,347.41684511207063,82.5752752968019,9.630533,1.9120163,6.450778,0.8124781,7.4199893092029034,0.8115928202898804,8.199698263396993,1.2779278292549483,,
2009-10-18,174.48402232990765,366.26683561113975,82.4616582966626,9.518314,1.9042492,6.4090104,0.9393737,7.412289188503332,0.8845200982857891,8.191630103249528,1.350855131000058,,
2009-10-19,221.3247604280884,431.7063373913178,82.26509160934893,9.058657,1.9891528,6.1669583,1.0970265,7.147010352543585,0.9901732444478731,7.913671845741241,1.4565091367644754,,
2009-10-20,251.97876069292823,482.2350394616369,81.93270952821578,9.332228,2.056664,6.2703757,1.4726727,7.321189084002172,1.197411867070399,8.096175725163341,1.6637471859086652,,
2009-10-21,248.93478477782327,474.79893455779353,81.63074407857629,9.724279,2.1610048,8.573952,1.3862869,8.969617373371834,1.1745679610467739,9.82339325189466,1.6408995706550642,,
2009-10-22,233.46004974940723,449.5746038683451,81.33866315563108,9.269911,2.2728043,10.152652,1.2550006,9.850932465955905,1.1339441046630863,10.746832193279316,1.6002750061878606,,
2009-10-23,255.87857677678105,494.0412884266759,80.99249871415029,9.2665,2.0476449,11.188655,0.97337157,10.532800638577308,0.9483376632789569,11.461291333702277,1.4146686265317403,,
2009-10-24,1148.6637420988,4689.301330495359,82.05689111109629,11.360855,2.7406435,11.366059,1.2269472,11.365035337462103,1.1234160270745077,12.333304006341766,1.5897477862984863,,
2009-10-25,54.9368420988,5155.192830495359,83.67627017548001,9.223822,2.1198719,9.575392,1.1279668,9.571684730640682,1.116297046459638,10.454237370776655,1.5826280761938156,,
2009-10-26,54.9368420988,2566.376570495358,84.55109071336913,8.634962,1.9866327,9.5006075,1.0123973,9.482465506868696,0.9920537794948785,10.360753773089026,1.4583848689922365,,
2009-10-27,54.9368420988,1966.086300495358,85.15178330417137,8.536107,1.9026806,9.536383,0.8602011,9.509192495015684,0.838415296069798,10.388758219907803,1.3047463667089925,,
2009-10-28,1755.4119420988002,7310.817030495359,87.19760712273717,11.244925,2.3882058,10.679074,0.83162767,10.788634756614423,0.8145758712766785,11.729353448056385,1.2809069948836447,,
2009-10-29,1144.480577209872,7614.817169625428,88.2117357638869,11.958393,2.5060172,9.640584,1.0069526,9.943426477661294,0.9346186772921327,10.84374710256926,1.4009495560144407,,
2009-10-30,1350.3143019697488,5973.1342251743545,88.06537099799435,12.359629,2.5673583,10.284936,1.2331467,10.667472573141213,1.1116070281167263,11.602400126385358,1.5779380664488931,,
2009-10-31,1372.372948223863,4642.508823798994,87.6043892558697,12.655661,2.562329,10.529219,0.9974217,11.014393865238729,0.96667209235886,11.965903070354026,1.4330034196473502,,
2009-11-01,1115.563067166164,3434.6978873137277,87.36862467734956,11.5633545,2.1755428,9.219572,0.8178431,9.794184630557194,0.8158334825328434,10.687372005331317,1.2821644028910293,,
2009-11-02,829.7060431800534,2648.003028909543,87.12414399743308,11.151529,2.0828838,8.468478,0.7067238,9.108596071627394,0.7324670267193514,9.969014656851922,1.1987984656655488,,
2009-11-03,643.2575751629039,2228.825300896552,86.92161872466436,10.960863,2.0987127,8.45871,0.67116207,9.019114550516361,0.7015844878733551,9.875256224909059,1.1679160341675119,,
2009-11-04,505.7581206661797,1868.844008888008,86.75008844383001,10.174942,1.9652083,7.717106,0.69551754,8.240591706422643,0.6890729560883082,9.05952265011487,1.1554058228082602,,
2009-11-05,387.7894737036,1513.9296182264106,86.96584777074979,9.773624,1.8953081,7.3197813,0.6595697,7.820157271043511,0.6519743313880993,8.618992885907836,1.1183081994688497,,
2009-11-06,387.7894737036,1292.206047964666,87.1120487317284,9.297876,1.793609,6.125726,0.67447084,6.85794628876601,0.6637358264858066,7.610791507831168,1.1300727471146912,,
2009-11-07,387.7894737036,1194.5467276720042,87.28230895493323,9.122688,1.8440579,5.2790785,0.6617204,6.221047342031367,0.6736404454902847,6.943450968572744,1.13997996906896,,
2009-11-08,387.7894737036,1138.5090125754552,87.39505914060877,9.39657,2.0802338,5.9139333,0.6389789,6.798773269940973,0.711702971996723,7.54879022097914,1.1780401149108957,,
2009-11-09,387.7894737036,1085.5578410749024,87.45537073758113,9.4749775,2.1475596,7.2317743,0.7068134,7.822192193817006,0.7685770617248824,8.621125071033868,1.234910924472094,,
2009-11-10,387.7894737036,1030.5483560098817,87.47812743382207,9.713049,2.1275764,8.3744545,0.73416173,8.74044123376023,0.7892592590823622,9.583263276209061,1.255591198364163,,
2009-11-11,415.9617166541861,988.026827995738,87.43600069960263,9.189625,1.9124179,8.185151,0.7305875,8.48274797190346,0.7650913344447073,9.313253157315888,1.2314237161728006,,
2009-11-12,427.8937037202474,950.2246105428084,87.35395991411245,9.03021,1.8744352,6.613412,0.7660844,7.363806468011496,0.7859627306657033,8.140830074448072,1.2522979144711828,,
2009-11-13,387.7894737036,872.9789631240512,87.29092621327919,9.026432,1.9492728,6.11105,0.81534725,7.007768656214173,0.8235306190322629,7.767774872301211,1.2898669947551826,,
2009-11-14,387.7894737036,791.5985525281421,87.21374715194435,9.379213,1.9578158,7.0116644,0.9616681,7.790127914005527,0.9116078866802972,8.587528228253658,1.3779418340187268,,
2009-11-15,387.7894737036,767.0165322633388,87.12562283460115,9.676191,2.291407,8.420858,0.79815125,8.842405292562825,0.934405306694019,9.690100868475723,1.4007370918809345,,
2009-11-16,387.7894737036,764.9813272383038,86.6710414300056,8.929853,1.8751154,9.194045,0.7812602,9.105171604647987,0.8165019543897207,9.965426512056853,1.2828333972756005,,
2009-11-17,387.7894737036,746.1793863750655,86.36787267180847,8.727578,1.784837,6.599851,0.85458267,7.327481470206745,0.8299242300140939,8.102768865919048,1.296259528784279,,
2009-11-18,387.7894737036,625.8431254886409,86.13461416881633,8.722166,1.7529446,5.042853,1.0263395,6.450462424571432,0.9226631853791935,7.183831307841996,1.3890017178993108,,
2009-11-19,387.7894737036,606.4588304953579,85.86140326184379,8.583553,1.5965362,4.988372,1.0917073,6.39061062819712,0.911694851666238,7.121118800194123,1.3780336369386923,,
2009-11-20,722.7447737036,1104.3449304953583,86.06838850678231,9.057533,1.7573284,6.0389047,1.1123972,7.232988371388509,0.9671123857716378,8.003759319985798,1.4334479906714583,,
2009-11-21,411.8987137036,884.404130495358,86.06827050070369,8.685278,1.7304515,6.692588,0.8469871,7.325762798484379,0.7976551046443078,8.100968047563336,1.2639904088912954,,
2009-11-22,432.3307037036,817.607360495358,85.97718736907116,8.686226,1.6803793,5.256305,0.96996903,6.442652014306835,0.8604451099005578,7.175647586665303,1.3267836751713618,,
2009-11-23,415.9735337036,799.979910495358,85.8606036952958,8.56621,1.6007512,4.455759,1.0243654,5.861930254699404,0.8683690178599414,6.567169312046665,1.3347102136646631,,
2009-11-24,400.5415237036,788.802160495358,85.73020215005124,8.809578,1.6722158,4.892362,1.058265,6.211583479697307,0.8998712264957853,6.933534765969711,1.366210792250555,,
2009-11-25,398.0077237036,783.455820495358,85.66767414417707,8.861046,1.6985642,6.086556,1.0098792,7.021217384161111,0.8808430408338783,7.7818664034718354,1.3471793688992966,,
2009-11-26,406.1086537036,782.6882704953581,85.59553572990605,8.729744,1.6628262,6.559154,0.9380564,7.300656079786056,0.839111351376188,8.074661313534259,1.3054467360146171,,
2009-11-27,398.7389737036,782.1381104953579,85.55714653296266,8.388241,1.5080327,5.737996,0.89522296,6.632886747490889,0.7815809566282274,7.374974889810651,1.2479187440505275,,
2009-11-28,387.7894737036,805.1842304953581,85.56015351794898,8.318422,1.4768391,4.5628057,0.8563276,5.783610943449786,0.7513377379209302,6.485106605440487,1.21767931801047,,
2009-11-29,387.7894737036,763.9550304953578,85.577555835339,8.272274,1.4408392,3.7936897,0.9994879,5.301617778015161,0.8215034012236814,5.9800758143092985,1.2878475007181422,,
2009-11-30,387.7894737036,805.5967404953582,85.55895527916711,8.066218,1.3839024,3.7397237,1.0813037,5.1456131424215625,0.8573408904054407,5.816614690409495,1.3236858622606382,,
2009-12-01,387.7894737036,815.2844704953579,85.58542440144785,7.8451,1.3043311,3.3122458,1.0523176,4.773330683191301,0.8278298656810361,5.426538402211952,1.2941770317628916,,
2009-12-02,387.7894737036,790.9199004953581,85.55134513654617,7.912725,1.3049843,2.7427323,1.1219876,4.443633956004674,0.8666742282089058,5.081083298477684,1.3330234698622518,,
2009-12-03,742.7920737036,514.4195304953575,85.96099537371178,8.500355,1.3023609,4.223283,7.9209337,6.7502839446261484,3.331136680492313,7.497983271666733,3.7974740085435608,,
2009-12-04,396.0318737036,1024.93520477984,86.3512548942439,7.8081965,1.2763867,5.853459,1.1145504,6.398255753244941,0.879109530300438,7.129129336085677,1.3454482830595142,,
2009-12-05,387.7894737036,1247.3467205855563,86.63412703458097,7.4818635,1.1932136,4.1244087,0.75947154,4.920663875110582,0.6447724888561895,5.580913617071651,1.1111187676066647,,
2009-12-06,387.7894737036,1349.927998651402,86.92035605057112,6.9645133,1.1147262,1.9667614,1.0583936,3.0820609489244677,0.8590106704602901,3.65443175596353,1.3253698005191281,,
2009-12-07,447.2036820173393,1362.0248420359735,87.08439438058747,6.7538095,1.0691606,0.40751314,1.10201,1.9761856666687225,0.870691481181902,2.4956994154615,1.3370602028758944,,
2009-12-08,494.5994100041691,1358.1521781026306,87.16411262719353,6.896402,1.0625254,0.036661386,1.0862418,1.8678964121269537,0.8452769341643549,2.382234304720933,1.311646670263874,,
2009-12-09,547.5268791443589,1624.2959519761205,87.25318691440545,7.085322,0.95383126,0.19420946,1.8013898,1.9314917235587492,1.3685424941852133,2.4488692546494715,1.834911632927072,,
2009-12-10,541.7925266064301,1858.7003177684664,87.41762510186598,6.2943044,0.93741864,0.40018618,0.9315585,1.7304918279517714,0.7516951653264926,2.2382622511162507,1.2180662078728273,,
2009-12-11,534.3340557252847,1392.8451026037185,87.39235058387318,5.985434,0.87197065,-0.9920367,1.4310219,0.9425526353711025,1.0621348584267276,1.4126622585656126,1.5285138095815598,,
2009-12-12,478.3707187842122,1161.6837463501088,87.35298790176445,6.0563717,0.8659372,-1.2807852,1.3181058,0.8593150746569918,0.9672023229781416,1.3254462269827343,1.4335821510531797,,
2009-12-13,590.2076442329754,1302.22201569848,87.44185386599976,6.176919,0.81899923,-1.237439,3.1604931,1.0749379428318602,2.189752581138601,1.5513751311864599,2.6561301539140594,,
2009-12-14,406.2161124106629,2119.479312099581,88.0634867391403,6.2754984,0.876722,0.5261191,0.8014334,1.4508111704929147,0.6871590904139684,1.945213814271361,1.1535328588660563,,
2009-12-15,713.5248577485661,2200.562981523032,88.40219542697477,6.46988,0.8669329,0.8345567,1.2371644,2.2143858435906374,0.9580522493228696,2.7452847465937116,1.4244187868525184,,
2009-12-16,655.473607250452,2335.867861895865,88.45072406427263,5.92201,0.8011775,0.7782788,1.2861754,1.9053918720738623,1.0195719614660335,2.421521919481486,1.485941344807102,,
2009-12-17,663.7829856684964,2143.099154984116,88.1426126346137,5.611865,0.7664645,-0.356362,1.1072656,1.0550287885557095,0.8646272853409941,1.5305143873919484,1.3310050641278472,,
2009-12-18,595.3798982732229,1917.3747900012163,87.83202362349817,5.5132976,0.7537345,-0.9507369,1.1200185,0.5808715111451503,0.8730984897806254,1.033694012946733,1.3394813088757624,,
2009-12-19,464.8710763366506,1760.2726184813437,87.60289605031363,5.5491223,0.7541378,-0.5109881,0.98192066,0.7550739695569213,0.7925973769309469,1.2162227533892724,1.2589783143745883,,
2009-12-20,397.0583922941983,1593.2485889598745,87.40411973396746,5.33867,0.73461974,-0.22894645,0.75035655,0.8817710287499357,0.6182835051325721,1.3489754989194822,1.0846630958504275,,
2009-12-21,387.7894737036,1416.1254362509217,87.23247810372516,5.206204,0.730815,-0.44667184,0.69160765,0.7685327716956284,0.565205160589373,1.230324840263596,1.0315859541014303,,
2009-12-22,387.7894737036,1214.8116552715717,87.04092368101448,5.0967474,0.73055124,-0.7353748,0.7124227,0.6758532010890151,0.5682309364290106,1.1332155029912498,1.0346127252756538,,
2009-12-23,387.7894737036,1009.8536096616232,86.86098343957582,4.8611097,0.71377736,-1.0799214,0.7477316,0.5684746744568846,0.5754209544256754,1.0207046498412344,1.041803908747984,,
2009-12-24,387.7894737036,904.440030495358,86.70071454474638,4.864753,0.73450863,-1.3387531,0.8782205,0.5228777206975126,0.6529989284339072,0.9729283175575534,1.1193823816486614,,
2009-12-25,387.7894737036,872.682710495358,86.50243012585263,4.899932,0.7611048,-1.3556825,1.1973362,0.5688831159689846,0.8614070360591889,1.0211326134614251,1.3277899859233366,,
2009-12-26,387.7894737036,1415.145810495358,86.38518826221426,5.032575,0.7763347,-0.8712357,1.6518267,0.3986022552821502,1.3072472796201102,0.8427129097097632,1.7736321046458545,,
2009-12-27,387.7894737036,2171.265030495358,86.93753105517168,5.176038,0.8273389,0.50420713,1.0764838,1.21215874201067,0.9219219777016929,1.6951546155001807,1.3882981429022605,,
2009-12-28,387.7894737036,1682.9701590411798,87.26162875926843,5.130763,0.774537,0.0850718,1.1001244,1.0299743026749373,0.9057937441926583,1.5042623827305508,1.3721717828766546,,
2009-12-29,387.7894737036,1605.3782333382976,87.25213262702222,4.6999054,0.7252627,-0.5113677,0.7442621,0.5025343806829954,0.6158425775777652,0.9516126354305712,1.0822262541431187,,
2009-12-30,397.3571737035999,1501.52746553766,87.18303154942562,4.4647484,0.7055086,-0.94537103,0.6010666,0.1867407961252974,0.49768943269159494,0.620725197017381,0.9640766370562717,,
2009-12-31,387.7894737036,1535.0692222412129,87.09499209797899,4.389882,0.70512676,-1.038653,0.8890376,0.05613817960323387,0.7238484446430816,0.4838802218682735,1.1902371413277217,,
2010-01-01,387.7894737036,1357.5641824223444,87.00535947464158,4.584218,0.764275,-0.63809097,0.93100244,0.5222219855989937,0.7437920650348729,0.9722412405628436,1.210175525441597,,
2010-01-02,387.7894737036,1320.206116681365,86.8695132093652,3.912973,0.6960251,0.41515148,0.96433336,1.2093094635264365,0.7619550988092281,1.6921691512441719,1.2283312930180552,,
2010-01-03,408.1176737036,1296.048597181953,86.68030048087009,3.5334935,0.6528126,-0.2908795,1.0898942,0.624990190680013,0.843498449459167,1.0799214145512006,1.3098807887243997,,
2010-01-04,387.7894737036,1070.2645192640398,86.67524892299782,3.3670988,0.6044014,-0.122552276,0.8707779,0.8055683315212185,0.6590861514840377,1.2691305732491216,1.1254665499982792,,
2010-01-05,387.7894737036,930.9252072927312,86.72626643649332,3.3738708,0.56712997,-0.4806913,0.8648966,0.6528053055214028,0.6329270364628445,1.1090659968007954,1.0993090743578326,,
2010-01-06,387.7894737036,927.5979386010156,86.78151178477185,3.3931653,0.52792174,-0.4959277,0.8872251,0.6506161553255626,0.6447293626176211,1.1067722127088295,1.1111114241994664,,
2010-01-07,387.7894737036,878.2450038146662,86.81287086345792,3.4105475,0.51405996,-0.49437296,0.88233864,0.7017137750106347,0.6320048862442653,1.1603121239463734,1.0983863963727314,,
2010-01-08,387.7894737036,908.6478354863495,86.809132972447,3.3381507,0.53687364,-0.6441895,0.89694184,0.5470055046733556,0.6488364474196429,0.9982093271307382,1.1152196363476128,,
2010-01-09,387.7894737036,933.338281468032,86.75580211382898,3.0415106,0.54450315,-1.0368205,0.58487034,0.1602884312468932,0.4430282290631305,0.5930084995206749,0.9094157341085697,,
2010-01-10,420.9242337035999,872.9698545864476,86.63643178812633,2.9413524,0.5460581,-1.1284553,0.5645448,0.19551758586990017,0.4202775462630875,0.629921487309821,0.8866646510398434,,
2010-01-11,391.1798337036,913.252850412616,86.53752321790958,2.8984466,0.533724,-1.1046788,0.55105734,0.09579860084913833,0.4176867261974944,0.5254362756773644,0.8840749676436854,,
2010-01-12,387.7894737036,925.3415170320654,86.45074301759877,3.0109527,0.50205463,-1.2300628,0.733772,0.022379755554263036,0.5379136079566694,0.44850826054716153,1.0043026935511374,,
2010-01-13,387.7894737036,867.3456810348439,86.35623858531304,3.0756986,0.4902058,-1.2741145,0.78876674,0.06981387370922537,0.565718374457201,0.4982095674045097,1.03210691396351,,
2010-01-14,387.7894737036,807.3890430469285,86.24814512481416,3.1329618,0.47739547,-1.4211155,0.8783749,0.056507450062038486,0.6132601416915995,0.48426714219272105,1.0796488341293085,,
2010-01-15,387.7894737036,771.7199509432243,86.13092476776355,3.4613905,0.4655804,-1.4366964,0.8870868,0.2014330459992029,0.6105948928703465,0.6361196862123155,1.0769819305756205,,
2010-01-16,387.7894737036,754.1782596793901,86.00540864268785,3.322154,0.4809823,-0.7018751,0.8792536,0.6646049727910269,0.6032103249097601,1.1214296478307628,1.0695922352253582,,
2010-01-17,399.4380637036,804.4120696311779,85.87330387602387,3.3624215,0.5356132,-0.5484501,0.9109036,0.7491790077659238,0.6340794054073272,1.210046032575584,1.1004604059582972,,
2010-01-18,518.0413537036,1732.8127728993702,85.86298527445916,3.6456337,0.4956297,0.45775616,0.9180038,1.1914564821942661,0.7158690558756023,1.6734628584316875,1.182245432055406,,
2010-01-19,482.5386737035999,1377.6875917803902,85.92447555481712,3.3880367,0.4720374,0.5403266,0.9167429,1.2790164503918722,0.6898948018028145,1.7652078938003612,1.1562702889952838,,
2010-01-20,475.6956037036,1287.0287290696117,85.92517361991905,3.2061267,0.45181116,0.3642665,0.90640634,1.1311818891884817,0.672938036044293,1.6103073459186155,1.1393150292802576,,
2010-01-21,450.0902837036,1189.202293419451,85.88998221793635,3.1336036,0.44853246,-0.026486516,0.8922074,0.8411596043252318,0.6588514352054111,1.3064229872304869,1.1252314556034824,,
2010-01-22,459.2849237036,1088.9283268139202,85.8107212966224,3.1098905,0.44487908,-0.3571447,0.89274615,0.6713679834155597,0.6416283051128495,1.1285159072449529,1.1080101423777524,,
2010-01-23,471.1507337036,1040.3653075094408,85.70714846308279,3.1081853,0.44595543,-0.51776993,0.8895301,0.6124671389089917,0.6278389455842607,1.0667998037134354,1.09422142082262,,
2010-01-24,453.2249037036,1030.2722935399802,85.61518026904156,3.6275566,0.4891564,-0.55184543,0.91987085,0.7250083906249376,0.65608670086159,1.18472014255838,1.1224679605817038,,
2010-01-25,952.8301737035996,8655.293594983475,89.52561892975478,3.9812691,0.56110954,1.6588608,0.88625467,1.8891722323134867,0.8003023195309896,2.4045270363846294,1.2666718552696303,,
2010-01-26,1120.534707377275,7863.002615029757,94.07831157826983,3.4675434,0.49360144,2.9916477,1.2615715,3.051007142599629,1.1059282763734568,3.6218936838484903,1.5722876566883273,,
2010-01-27,2356.96435465659,6820.837215029758,93.87274478307559,3.4270768,0.48141268,1.5825709,0.76961434,2.056261111710971,0.5851777591759552,2.579602193052552,1.0515457393827532,,
2010-01-28,2300.6610840416915,5160.57531502976,92.92890485072765,3.48321,0.5278183,0.3782214,0.6165852,1.3356400124200185,0.45646259637105224,1.8245378685354892,0.922837513338,,
2010-01-29,2047.3994470678952,3539.8853150297577,91.86381511435813,3.289052,0.50893867,-0.31750476,0.6383708,1.0040785559602645,0.4453735550806171,1.4771289078430985,0.911751863142708,,
2010-01-30,1767.0095822516469,2953.2130650297577,90.71687565615385,3.1174989,0.4830872,-1.0349816,0.6490902,0.5194943881805245,0.4445500393065238,0.9693832733115968,0.9109335296342589,,
2010-01-31,1467.5634506365573,2659.134015029758,89.5831806431955,2.9903898,0.4596159,-1.2920731,0.6826698,0.23088467355639805,0.46927965969610586,0.6669790008913923,0.9356663640643701,,
2010-02-01,1170.1522087644375,2373.7080872812035,88.64027538039481,2.982338,0.448536,-1.0458218,0.8490876,0.28424193567443207,0.5876937021493441,0.7228865577459922,1.0540798051397573,,
2010-02-02,387.7894737036,1202.7808552783167,88.5851005133807,3.0134203,0.46598092,-0.91368973,0.9099648,0.04376051141453817,0.6974260310585306,0.4709109434511002,1.1638148701873046,,
2010-02-03,387.7894737036,942.2043904953578,88.54952392277733,3.0829062,0.44393697,-0.6718844,0.9136933,0.4229088251611407,0.6601009573116996,0.8681812505411168,1.1264855126409452,,
2010-02-04,387.7894737036,919.601250495358,88.3988471530288,2.98773,0.43816978,-0.45955074,0.88974994,0.5629585763340765,0.6391908632834418,1.0149249010839942,1.1055738778329403,,
2010-02-05,387.7894737036,874.321410495358,88.2474258264507,3.005663,0.42415458,-0.49568832,0.89375323,0.5801182288251112,0.6327106250338872,1.0329047263067628,1.099093452340964,,
2010-02-06,387.7894737036,803.0768804953581,88.06652675465052,2.9146953,0.43049234,-0.784407,0.8494752,0.4201554590020975,0.5897580343910294,0.8652962828915828,1.0561426202366573,,
2010-02-07,387.7894737036,754.682880495358,87.85692713121972,2.9143398,0.43022266,-1.0720073,0.8869706,0.2810787785730863,0.603830160162208,0.7195722125479138,1.0702162987130948,,
2010-02-08,387.7894737036,741.9030404953579,87.62711666286224,3.013119,0.41706172,-0.8332697,0.8903317,0.48707987536582226,0.6019793273352894,0.9354194575878207,1.0683631738927526,,
2010-02-09,387.7894737036,695.885420495358,87.40872920851795,3.2034898,0.4583783,-0.92133725,0.89406836,0.5547184508110005,0.5971010201558313,1.006290925728375,1.0634841247394546,,
2010-02-10,387.7894737036,531.076970495358,87.32076168145792,3.0862455,0.45300302,-0.54902494,0.9144216,0.985169320891693,0.5620239151987363,1.4573158759762357,1.0284024204467577,,
2010-02-11,61.28537209879998,525.9345604953579,87.0665535485672,3.0178428,0.45725223,-0.06997967,0.8903927,0.25228178250233213,0.798893194380945,0.6893988185025841,1.2652796571961966,,
2010-02-12,57.13236209879999,512.1013804953581,86.96842080651427,2.9190612,0.4655377,0.10383725,0.82166225,0.38639322305458634,0.7406696422572518,0.8299203274762106,1.2070546030046678,,
2010-02-13,64.52480209879998,497.031440495358,86.98025646897808,2.9014058,0.45520082,-0.039064527,0.7576851,0.29880593455888027,0.6726610006700944,0.7381466659925775,1.139046940078425,,
2010-02-14,61.950402098799984,490.2564904953581,86.97997742259027,3.0924327,0.44076747,-0.10834968,0.88859916,0.2507363075228872,0.7904581201049607,0.6877794751020636,1.2568446003496159,,
2010-02-15,54.9368420988,487.432830495358,86.82366216896658,3.104535,0.46178213,0.25400555,0.88274133,0.5427368351506481,0.7947057985630015,0.993736629796562,1.2610890341999281,,
2010-02-16,58.2382320988,480.10289049535794,86.70200760500848,3.105099,0.4423919,0.459041,0.90181404,0.7452939556702883,0.8056776493308592,1.2059752882701633,1.272058691494196,,
2010-02-17,57.84796209879998,468.350670495358,86.57219618728378,3.0941496,0.43434578,0.07266283,0.89392793,0.4048317884241998,0.7970849622482478,0.849240193241409,1.2634697180890713,,
2010-02-18,63.3868720988,464.899810495358,86.43075560084519,3.1369877,0.42573923,0.31029093,0.89123935,0.6494542534047321,0.78596511334531,1.1055547758479465,1.2523471875012937,,
2010-02-19,57.274252098800005,450.13666049535794,86.27237981967167,3.1421561,0.42738748,0.8076753,0.88833475,1.0711809535733012,0.7895387101680863,1.547438570683967,1.2559163217845652,,
2010-02-20,54.9368420988,443.69038049535794,86.23113016751209,3.114584,0.46311712,1.4161646,0.87711495,1.6032899888979686,0.7821438772013112,2.1049805989734107,1.2485161484303906,,
2010-02-21,54.9368420988,429.43295049535794,86.18164513963342,2.9952235,0.49799237,1.9430004,0.86494124,2.0623427532728664,0.7689175663697289,2.5859745162920547,1.2352854905609787,,
2010-02-22,54.9368420988,426.1244104953581,86.0080031446036,3.0272355,0.50771165,1.917449,0.865488,2.0441858027591704,0.7688392367110116,2.5669497256102347,1.235207328263969,,
2010-02-23,54.9368420988,421.8174404953579,85.942794756321,3.1163847,0.5588295,2.2509344,1.289096,2.3506610197880313,1.1423686176472105,2.8880734103799552,1.6087339347863354,,
2010-02-24,54.9368420988,440.3510504953581,86.0917649547613,3.23717,0.49496007,2.2078202,2.8021464,2.321994636999825,2.491939951793002,2.8580368724856,2.958305523885586,,
2010-02-25,56.5582420988,473.2695004953581,86.07549188728945,3.0147,0.5842867,1.6247128,0.90128696,1.7730916680251387,0.8074885109404988,2.2828982179248567,1.2738591461372217,,
2010-02-26,138.7901720988,457.264980495358,86.0375937112695,3.187175,0.4914113,0.263322,3.49767,0.9441349453610348,2.6856835873569205,1.4143201975642075,3.1520625219186096,,
2010-02-27,98.07253209880004,440.3770704953579,86.0233917858002,3.199044,0.47139502,1.5156832,0.56321746,1.822288391728961,0.4685672554351735,2.3344463768511345,0.9349374227833889,,
2010-02-28,54.9368420988,448.5520004953579,85.99481951679064,3.1329494,0.4664682,2.299284,0.83414316,2.3902471546294453,0.7448688229749956,2.9295516271483564,1.2112337895872436,,
2010-03-01,54.9368420988,440.935820495358,85.94876434367956,3.1063542,0.5141793,2.6922483,0.87409884,2.7381263928137645,0.7793436603780516,3.2940583037522,1.2457056236621864,,
2010-03-02,63.6031120988,432.51227049535794,85.89734853308435,3.152671,0.55714095,3.2175803,0.86150336,3.209258809938336,0.7544454374646352,3.7877092399297254,1.2208035539725621,,
2010-03-03,76.3604520988,444.546950495358,85.85139203635124,3.1923966,0.5113365,3.286794,0.8775728,3.2729561308230335,0.7526700671256326,3.8544510750143126,1.2190276830267706,,
2010-03-04,78.8860820988,442.5438304953581,85.86017549534736,3.0953264,0.53664637,3.3197389,0.84300447,3.2857879582913974,0.7200597157699954,3.8678962199722564,1.1864172313853822,,
2010-03-05,72.2609720988,428.0373104953581,85.85364766444867,2.9922247,0.5630836,3.2268553,0.83771884,3.1929662267718824,0.7213219058368183,3.7706379269813244,1.187680151135778,,
2010-03-06,76.58436209880001,429.8234204953581,85.84687696018904,3.203149,0.6516312,3.2466292,0.82574016,3.240053706970737,0.7077572429563017,3.8199760277731856,1.1741151168631656,,
2010-03-07,94.87198209880002,461.152750495358,85.8523898707516,3.5270627,0.7644689,3.892149,0.8116274,3.829855946613815,0.6856643897481397,4.437968798333107,1.1520178265087577,,
2010-03-08,119.38590209879996,585.3555504953579,85.89756249263088,3.6976917,0.7852304,4.6384473,0.8053691,4.479079680838532,0.6820341636321967,5.118223207793452,1.1483831761765668,,
2010-03-09,162.4424120988,725.4595604953579,86.00560788762603,3.797912,0.79395413,5.039741,0.80632263,4.8125473513647,0.6746282161999545,5.467629493068565,1.140975143670293,,
2010-03-10,168.2930720988,934.7590304953582,86.20522109085098,3.8956912,0.7957649,5.140384,0.8177253,4.950480914179275,0.7035200149217806,5.612155808683379,1.1698661171161215,,
2010-03-11,279.3019020988,2103.9155304953583,86.99636616372395,4.0700846,0.77418137,5.7736855,0.8785953,5.574031424319181,0.7809166859724685,6.265509901707186,1.2472593288977383,,
2010-03-12,221.86884209880003,5107.070830495359,88.90843526498556,3.951723,0.75347775,4.424306,1.4735255,4.404630068691663,1.4125241389177368,5.0402151586792305,1.8788736343392678,,
2010-03-13,295.7072420987999,6087.086030495359,91.53736643521269,3.8979309,0.6797443,4.0981765,1.4728205,4.088899337318106,1.4049394474802317,4.709393577617531,1.8712910611619518,,
2010-03-14,375.13734209879993,4514.086330495358,94.91092916238858,3.7081394,0.65327364,4.897445,1.2887919,4.806192880442383,1.1909615037973178,5.4609713001578335,1.6573084698116514,,
2010-03-15,54.9368420988,4123.79473049536,98.03075504795197,3.4317172,0.62789154,4.3212194,1.3892677,4.309525358202698,1.3710281384416567,4.940564768128082,1.8373782599293258,,
2010-03-16,1102.2846232205964,3014.229130495359,99.99207395219679,4.104732,0.5684506,5.9314623,0.8470342,5.442316183392493,0.6386278427229294,6.127499122510229,1.1049711793192665,,
2010-03-17,2653.0521215885947,3908.881015029758,99.99207395219679,3.7336328,0.5457283,6.3008103,0.8607002,5.262875987303143,0.5581718929786302,5.9394822984334334,1.0245162065150657,,
2010-03-18,2410.938038838275,2801.3414150297576,99.99207395219679,3.8763087,0.5750129,6.004819,0.8316452,5.0202772505808415,0.5201168194111024,5.685288171378101,0.9864625122949833,,
2010-03-19,2517.465172803292,1726.6319150297572,99.99207395219679,4.2173376,0.5687012,6.5975394,0.808632,5.18567842044183,0.4711912207384677,5.8585949517628295,0.9375359658967705,,
2010-03-20,2512.0284344079223,2472.5547151177616,99.99207395219679,4.3585315,0.5998218,7.500963,0.8360549,5.9173046307528105,0.5131929627504713,6.625190393987589,0.9795338910864895,,
2010-03-21,2483.486665127808,3270.9761523515235,99.99207395219679,4.329313,0.65765417,8.916885,0.9462201,6.937000254509357,0.6081492397274304,7.693623982904584,1.0744858696366486,,
2010-03-22,2569.017924966851,4256.789810510423,99.99207395219679,4.708143,0.85139,7.9202566,0.98332393,6.711318834550088,0.6919051994912203,7.457155762524603,1.1582426782638713,,
2010-03-23,7439.254972006161,10022.127537057902,99.99207395219679,5.816908,0.6576525,6.7565536,1.002332,6.356226559992528,0.6399002547245911,7.0850912910654085,1.1062391870528812,,
2010-03-24,4429.90097200616,6109.190967553264,99.99207395219679,4.799674,0.48134458,5.208696,0.93205374,5.036771559481042,0.576923600263928,5.702570851860756,1.0432691972332289,,
2010-03-25,2658.1709720061613,5164.000067553264,99.99207395219679,4.325123,0.49204415,6.004487,1.012201,5.433796732242965,0.6888320470962994,6.11857247071804,1.1551754292430525,,
2010-03-26,2403.782372006161,5034.744667553264,99.99207395219679,3.342068,0.44665512,4.6124587,0.90086097,4.20192811675295,0.6265959311234305,4.8278247463398065,1.0929467733859566,,
2010-03-27,1715.930772006161,3164.208667553264,99.99207395219679,3.631059,0.43047595,4.2528667,0.86148626,4.034229721418053,0.578719345729355,4.652110940956188,1.045071337772519,,
2010-03-28,1399.0407720061612,2746.037967553264,99.99207395219679,3.5565364,0.51475656,3.6759853,0.9249147,3.6356691222863327,0.636894414604587,4.234500507597223,1.103249268326237,,
2010-03-29,1564.6830720061612,3966.462067553264,99.99207395219679,4.400853,0.47245,5.7145133,1.0291041,5.342897345463399,0.7499894252903813,6.02332840397442,1.2163332986110031,,
2010-03-30,2603.642972006161,6386.526467553264,99.99207395219679,5.601109,0.732841,4.9938054,1.0506989,5.169686609729373,0.7759941321582359,5.841838787163588,1.2423389675810725,,
2010-03-31,3695.776472006161,7157.024467553264,99.99207395219679,4.1984797,0.57373375,5.639446,1.0078021,5.148744003678844,0.6927314651329964,5.819895196132561,1.1590764192070655,,
2010-04-01,2529.228672006161,5536.932767553265,99.99207395219679,5.204705,0.6025198,6.441863,1.0400902,6.053939379350508,0.7385328489980607,6.768355816505734,1.204873132365046,,
2010-04-02,1956.686272006161,4109.174767553263,99.99207395219679,6.0053563,0.62559515,7.8874345,1.0738494,7.2803258634380015,0.7549256645288845,8.053359382340135,1.22126111479271,,
2010-04-03,1615.1965720061612,3075.917367553263,99.99207395219679,6.1679516,0.66278183,8.688093,1.0653028,7.82038369717559,0.7348405176643352,8.619230134435028,1.2011743851513876,,
2010-04-04,1356.1686720061612,2442.5970675532635,99.99207395219679,6.0314994,0.5125077,8.688313,1.023511,7.739823731465632,0.6830755623097422,8.534819677744602,1.1494096447290307,,
2010-04-05,1142.5782683175098,1809.320474995008,99.99207395219679,6.3181396,0.61198705,9.409794,1.0180234,8.213121025763499,0.6674314611077279,9.030738964824042,1.1337643870819467,,
2010-04-06,1010.8520036695794,1511.7018396762596,99.99207395219679,6.374059,0.7767887,10.047432,1.001481,8.575417300871402,0.6760835924747041,9.410351763434242,1.1424158063486112,,
2010-04-07,969.4736841976,1029.8984411902527,99.90449963316235,6.571752,1.0443141,12.08119,1.0396107,9.409723840111894,0.7370165132694321,10.284535303316199,1.2033476582301328,,
2010-04-08,173.32389126694267,1243.6077685430314,99.99207395219679,7.8587584,1.838502,11.910408,1.1159307,11.414796488763873,1.00491396622502,12.385443570575774,1.4712457981415137,,
2010-04-09,969.4736841976,1413.603653083827,99.96962121988126,5.9049096,0.8375727,10.679471,0.9151529,8.737103656090389,0.640931322049064,9.57976617373554,1.1072632665758253,,
2010-04-10,236.40800975693577,1334.7638006291895,99.99207395219679,7.13975,1.2854722,9.578837,0.98132646,9.211837559372276,0.8558137463969108,10.077190734797638,1.3221450728666315,,
2010-04-11,969.4736841976,884.2564804953581,99.62805676849455,7.2989426,1.3877631,10.946354,0.92922294,9.03881128119679,0.8504289891161706,9.895894391986106,1.3167605109947471,,
2010-04-12,54.9368420988,475.347160495358,99.91526761881099,7.8064823,1.4179745,8.91846,0.9253652,8.803260232698614,0.8424056986268786,9.649084808560696,1.308737541566121,,
2010-04-13,146.80656573939137,552.0941818781926,99.99207395219679,6.605079,1.0888612,9.013376,0.91777474,8.507504948592482,0.7602152249073142,9.339193432863153,1.2265475608309881,,
2010-04-14,969.4736841976,851.9520104953581,99.46050837506895,7.7926044,1.2064849,12.692752,0.994628,10.084594986422445,0.7929761529818499,10.991662983488789,1.2593070157662372,,
2010-04-15,38.7789474072,439.085680495358,99.70449990439981,7.890095,1.2704544,9.324968,0.96917933,9.20852768643329,0.8964780009021663,10.073722661246403,1.3628093307886713,,
2010-04-16,38.7789474072,643.0910604953581,99.76429405429417,7.0453997,1.0052131,9.554196,1.0113803,9.4115174103576,0.9555732019008518,10.286414600088637,1.421904345421236,,
2010-04-17,122.48409657149574,1231.9349342312362,99.99207395219679,5.65915,0.72966135,9.78198,1.0330935,9.409139968778865,0.9419817401398067,10.283923524929314,1.4083128855701759,,
2010-04-18,254.1895119579036,1066.9038796562534,99.99207395219679,5.176347,0.6678129,7.9847584,0.978104,7.444396296652887,0.8002911469480852,8.225271821415975,1.266626081083715,,
2010-04-19,55.511429267654194,709.8821804953582,99.99207395219679,5.3622704,0.6892434,7.4618406,0.958996,7.309565845348245,0.8908468572592155,8.08399693543381,1.3571822132861442,,
2010-04-20,38.7789474072,674.6470804953581,99.9916329074676,6.3606553,0.8220374,9.309882,0.96880054,9.149574145122553,0.9172294706138728,10.011951342183613,1.383560863457359,,
2010-04-21,38.7789474072,648.547850495358,99.95946549059269,6.6526504,0.93634385,11.107899,0.9734201,10.856533797818555,0.920017754882659,11.800497831328812,1.3863489336188268,,
2010-04-22,38.7789474072,633.175730495358,99.91276813177005,6.811849,0.9924618,11.797641,0.9602778,11.509907475857432,0.906670430135625,12.48510053773176,1.3730024088729498,,
2010-04-23,38.7789474072,610.916210495358,99.84970224751919,6.902371,1.0257835,11.851817,0.9480219,11.55639502176348,0.8935365905865783,12.533810029422392,1.3598686448502257,,
2010-04-24,38.7789474072,571.7971804953581,99.86009020543564,7.2590337,1.1589139,13.356039,1.0642978,12.968805679157644,0.9994161542044958,14.013729088155698,1.4657516815496727,,
2010-04-25,192.43015740720008,851.702490495358,99.97232378812203,6.0998883,0.7589423,13.14932,1.0475613,11.850133015670218,0.8658710923802039,12.841587695344773,1.3322036810199052,,
2010-04-26,462.7266827737077,1653.1943253132447,99.99207395219679,6.3014455,0.8556601,12.140418,1.0933013,10.863504407453183,0.8744646920253845,11.807801612276139,1.3407958767196537,,
2010-04-27,794.3478145829129,2787.8909762283183,99.99207395219679,5.8013797,0.7263235,11.569372,1.0977117,10.29034179928585,0.8693478828825728,11.207243790696769,1.33567876325775,,
2010-04-28,427.3355145829128,2304.8447700934694,99.99207395219679,5.8157887,0.77080613,8.941424,1.0353358,8.452549197392772,0.8816822780523678,9.281610984612934,1.3480147166021845,,
2010-04-29,287.0528747557887,2023.302464455231,99.99207395219679,7.151269,0.9601942,9.834804,1.0483202,9.501384598134495,0.9257892917955204,10.380577132245653,1.3921203678593719,,
2010-04-30,239.98397122918584,1615.5299967078035,99.99207395219679,7.961549,1.2403281,11.9203,1.1131859,11.408292217522567,0.9823974524715775,12.378628417402872,1.448729274725543,,
2010-05-01,288.8053647480084,1298.8300123484055,99.99207395219679,8.794552,1.5182582,15.820128,1.1732339,14.542111939497751,0.9987577775529672,15.662234009661658,1.4650998599513148,,
2010-05-02,259.1329316172802,1076.2119628402947,99.99207395219679,9.18235,1.6283418,18.652487,1.1963067,16.81474115119483,1.014615868039216,18.043487129083534,1.4809724172868566,,
2010-05-03,258.6409919163965,1032.7219337487295,99.99207395219679,8.574507,1.528346,17.784473,1.1516126,15.939852619722883,0.9705001965759681,17.12678191646406,1.436850477293647,,
2010-05-04,227.91129529449688,908.7209087498352,99.99207395219679,8.400676,1.5571247,16.783316,1.1018654,15.102474391387133,0.9346200758496419,16.249379871248138,1.4009651766771953,,
2010-05-05,202.0390890914328,779.1506318358682,99.99207395219679,9.004509,1.7135266,17.769941,1.097876,15.965030484185698,0.9405028599110019,17.153163196781975,1.4068533087934894,,
2010-05-06,142.6392734430824,692.583600495358,99.99207395219679,8.4215555,1.5666717,17.56905,1.0873928,16.006841730294447,0.9405463532065623,17.196972877530126,1.40689708295104,,
2010-05-07,103.4105262964,616.2355704953579,99.9695541900586,8.243748,1.3733963,16.51275,1.044844,15.324524986452918,0.9162109960155687,16.482043725716082,1.3825573922819443,,
2010-05-08,269.291810664791,1116.0112575682065,99.99207395219679,7.3177323,1.1967785,15.981833,1.0280114,14.297601658482392,0.8602301443125264,15.406036973030348,1.3265710221793006,,
2010-05-09,236.99874444326,746.1726142739734,99.99207395219679,6.279649,0.9254475,12.419072,0.9262619,10.939131124139049,0.7375293175233945,11.88704302750259,1.203860570431642,,
2010-05-10,156.51257066188964,602.660080495358,99.99207395219679,6.564778,0.87543863,9.853889,0.9076375,9.175799556334553,0.7427777077408627,10.039430238404462,1.209109072087156,,
2010-05-11,142.24533595240325,556.185780495358,99.99207395219679,6.6463184,0.9437584,8.781983,0.93930405,8.347025124547946,0.7723023237243282,9.171043221802123,1.2386349690177574,,
2010-05-12,342.67139632044405,1252.0138290198192,99.99207395219679,6.064976,0.69392294,8.218151,0.9534359,7.755469536347325,0.7632654532398303,8.551213298617132,1.229599493335633,,
2010-05-13,372.11587701636086,1083.9354304519115,99.99207395219679,6.878274,0.81761575,10.0309305,1.034614,9.225221576745062,0.798043926528637,10.091214462449868,1.2643752393098047,,
2010-05-14,441.2408450218828,1221.5321455527164,99.99207395219679,7.909084,1.0829891,14.39089,1.1347281,12.670849144317636,0.8817592851560021,13.701531249463798,1.3480938899364254,,
2010-05-15,316.17023576621534,895.656505681182,99.99207395219679,7.997115,1.2391967,16.149343,1.1355557,14.022395905609399,0.8994049555355429,15.117677325913828,1.3657445594470186,,
2010-05-16,248.83426341267847,726.5901477275862,99.99207395219679,8.01598,1.3095269,16.275959,1.1174539,14.168808703174374,0.8969215343437099,15.271088154715299,1.363261805231418,,
2010-05-17,199.166422683392,573.5271305567621,99.99207395219679,8.474025,1.394532,17.265608,1.1208681,14.99952428666007,0.9062874914241343,16.141509103432448,1.3726320107757821,,
2010-05-18,192.71533808845828,561.0792853299218,99.99207395219679,7.426715,1.1804464,16.479351,1.0404086,14.164951628563665,0.8311447206702927,15.267046725122949,1.297484973672855,,
2010-05-19,298.5183757614175,761.3175127358835,99.99207395219679,7.7351317,1.3442681,14.351573,0.9954373,12.487954937224595,0.8091170767535488,13.509895324464281,1.2754511655309213,,
2010-05-20,324.28443967608416,717.1370705891597,99.99207395219679,9.163006,1.7989777,16.939625,1.0838175,14.518091817875721,0.9331715403319041,15.637065808334773,1.399513501371238,,
2010-05-21,184.35229950940808,452.69055750568725,99.99207395219679,9.167259,1.7671647,21.21035,1.2511336,17.72522896277685,1.0256571970989126,18.99749314571229,1.4920211994315586,,
2010-05-22,154.9007853662577,413.50028425747945,99.99207395219679,8.90564,1.6417598,22.979599,1.3325909,19.144160480123954,1.0676977100265819,20.484244739213842,1.5340752173065506,,
2010-05-23,135.77093920006064,373.7020648562959,99.99207395219679,8.734013,1.5331774,22.89657,1.3163081,19.122349134543917,1.048413006783208,20.461390885873435,1.5147902890470613,,
2010-05-24,141.53964752469668,363.89411896333513,99.97245461494786,8.669077,1.3902842,23.969706,1.3939567,19.684978815606144,1.076470021135433,21.050912342437083,1.5428532817126794,,
2010-05-25,160.8011867874444,339.7678361277497,99.92324828106626,8.415255,1.1930869,26.852236,1.6926789,20.929599110197888,1.211167524556617,22.355021232588676,1.6775652959686669,,
2010-05-26,184.26745477676707,359.1442066199856,99.83120297235087,8.128124,1.0093551,29.438673,2.0017126,22.212400815521985,1.3665021320724504,23.699136474389004,1.8329167128383963,,
2010-05-27,173.5692601229672,330.8695097708116,99.75164573971716,7.7157273,0.85772747,30.547232,2.1791952,22.69127857709189,1.4595197962470474,24.200902956000213,1.9259411342621655,,
2010-05-28,110.5897581383012,304.1924413344402,99.65348998324546,7.38512,0.75171155,27.700626,1.8893188,22.28408017498628,1.400006557227158,23.774241862212058,1.8664221327484793,,
2010-05-29,176.815760979414,331.31392290638263,99.47043834900549,7.33333,0.70118093,27.888807,1.8832839,20.736042070713502,1.2519565172301717,22.152212828258577,1.7183519156909026,,
2010-05-30,177.89308726944694,327.3608230826529,99.2784658734485,7.4192715,0.676067,28.442493,1.9795996,21.04050053199077,1.304510184573776,22.471223363245713,1.7709093349055458,,
2010-05-31,208.2351483228991,353.17003669485183,99.03875800442363,7.4757166,0.6536895,30.474478,2.2371397,21.94382900880041,1.4280787530820356,23.41772785337293,1.8944896588813236,,
2010-06-01,199.85036552851284,476.828848593295,98.94649741908212,6.9389954,0.5740022,27.84461,1.7382159,21.670348196486017,1.236527368184391,23.1311755930773,1.7029346165791341,5.179371687202118,4854.820628312797
2010-06-02,225.3914245882637,436.1296005743288,98.82432339031234,7.2857947,0.6141748,28.1108,1.8052849,21.01536762968444,1.208449725802402,22.44488919412167,1.6748485624059017,0.41535236970645373,4854.405275943091
2010-06-03,261.04417541867,437.24633875145616,98.6482918235431,7.0860963,0.5913051,29.441572,1.9506392,21.08435315992683,1.2412667664173387,22.517171996894408,1.7076664658807488,0.5477869455323603,4853.857488997558
2010-06-04,248.7105661909269,414.74421411510366,98.420455355422,7.4093766,0.61772054,29.832827,2.0874405,21.426904900810026,1.3253048281366924,22.876096540037274,1.7917088927667348,2.0840353940146272,4851.773453603543
2010-06-05,244.20830881308243,409.3054295778084,98.11354129036658,7.461962,0.5861678,30.050402,2.1547751,21.609439736383624,1.3672282125307516,23.067355916787168,1.8336346580061802,4.19953113109978,4847.573922472443
2010-06-06,150.1379057109214,696.5402104953581,97.98880653776257,6.80785,0.53216636,24.021145,1.3726388,20.968782924841623,1.1331706322878636,22.396077899629212,1.5995688892949658,0.3406857109214189,4847.233236761522
2010-06-07,343.7610129190393,423.462316229124,97.83327463267221,6.709221,0.53201044,28.036545,1.6600745,18.48065384492095,0.946763181683033,19.789024754932104,1.4131340873394524,6.923677476953707e-08,4847.233236692285
2010-06-08,315.3818024107021,527.9881280714023,97.51998990582179,6.9763,0.55456114,25.679663,1.368223,18.685459920481666,0.8813166543393081,20.003619860810076,1.3476895440224652,3.6467378171999855e-07,4847.233236327611
2010-06-09,232.34923235090164,517.1556843543524,97.32040195721552,6.3797107,0.72136176,20.237427,0.93162394,15.941484700089665,0.680604077088173,17.12849200469339,1.1469543686846626,1.387561181674254e-12,4847.233236327609
2010-06-10,199.11718000000144,583.8757104953579,97.21451232803207,7.1966834,0.7470538,17.599676,0.8967321,14.954167341277897,0.6951538384274791,16.09398425110597,1.1614981054436773,1.4526274906160574e-12,4847.233236327607
2010-06-11,206.77347047353365,480.4005709715069,96.93648393872151,7.3539147,0.7753703,21.127111,1.0062747,16.98270039954137,0.7411627328036389,18.21947425536107,1.207520585624808,1.459900072591531e-12,4847.2332363276055
2010-06-12,218.52739012916265,463.0901371262757,96.69067318665269,7.659597,0.9409539,23.51963,1.2142247,18.434884820144646,0.8783712279935726,19.741068127225077,1.3447416968267913,4.785368974714116e-08,4847.2332362797515
2010-06-13,122.80000018987111,156.38689049535807,96.70318932551375,7.7279954,0.9304395,27.139196,4.7279134,18.601204226322732,2.67978127938186,19.915337032484025,3.146153347044015,1.898711130621578e-07,4847.233236089881
2010-06-14,122.80000791400863,320.17807049535804,96.52537143060582,7.8013754,1.0647194,23.415148,1.7327043,19.086781510464284,1.2866840181089725,20.424123250944636,1.753060934607244,7.914008627350088e-06,4847.233228175872
2010-06-15,122.80000089316535,273.9177904953581,96.31501140706116,8.214946,1.025238,23.538324,1.3510976,18.79512669250133,0.9853808738784882,20.118528329655174,1.4517548456588893,8.931653431302047e-07,4847.233227282706
2010-06-16,124.34894614512228,257.60719033228713,96.08796725644976,7.615117,0.91367286,24.003576,1.3826278,18.668179261750183,0.9787945221807389,19.985513245662204,1.445167242607473,3.253263278509299e-07,4847.23322695738
2010-06-17,148.55875794535535,309.3512584066728,95.94728673550115,7.4985156,0.8634574,21.546747,1.0782975,16.989109760211175,0.7804728523054396,18.22618996156159,1.2468307555102816,1.4706185715664977e-12,4847.233226957378
2010-06-18,169.37059432411186,268.9203987024757,95.78276573421509,7.7445335,0.7990102,23.568342,1.1911125,17.453482625713633,0.7933740138185309,18.712758262655836,1.2597356924388081,7.233558104328038e-12,4847.233226957371
2010-06-19,177.98466132549854,283.2868459671213,95.57449877828739,7.7015457,0.7294629,27.200119,1.6013417,19.676465571859307,1.0229393582590633,21.041992194740217,1.4893225256805334,0.00042409673382753097,4847.232802860637
2010-06-20,206.5797506928202,319.5192187241888,95.32109288661198,7.351926,0.67243886,29.313663,1.8352579,20.690095392459742,1.145467064169757,22.10407005584515,1.611861905628642,0.10191827257420118,4847.130884588063
2010-06-21,207.51520304882277,318.8458012276426,95.05351774126282,7.5489187,0.668284,29.354973,1.8787374,20.75804466522274,1.1681538600946728,22.175267071573252,1.6345495261428504,0.13923582411508956,4846.9916487639475
2010-06-22,193.57361743685954,310.8155401388883,94.79059496654568,7.308375,0.61840314,28.503218,1.7795472,20.36909678443082,1.1219836504210527,21.767728811631294,1.5883746678168338,0.021565377593352412,4846.970083386354
2010-06-23,122.92051041978486,215.4925638301185,94.6085123913411,7.656882,0.6526013,28.167301,1.9036953,20.717378555107032,1.2351817651687909,22.132657260404155,1.7015769370845906,0.11716708502437831,4846.85291630133
2010-06-24,212.1515881757113,315.1335056884317,94.34415645947915,7.430841,0.6366155,31.190908,2.3199294,21.63111600457378,1.4099735418262258,23.090068236500198,1.876380272560659,5.088812503824657,4841.764103797505
2010-06-25,231.61992717940498,349.035972681026,94.03440811710212,7.521492,0.6444242,30.802433,2.1466215,21.51581444586304,1.3157035218424977,22.969255657421744,1.7821087413827017,3.05867313167739,4838.705430665828
2010-06-26,249.0329773122328,369.7897754626847,93.70275230665231,7.5697656,0.6458004,30.065819,1.8629624,21.012727112565855,1.1431833508411895,22.442122469310974,1.60958215452564,0.41958270310710316,4838.285847962721
2010-06-27,261.1519911709926,389.1736742141953,93.35329324513212,7.5246463,0.6391598,30.28379,1.855537,21.14437603153957,1.139685138327934,22.580063756592313,1.6060855929742042,0.713930416987558,4837.571917545733
2010-06-28,272.8988614141234,401.3862866177722,93.00423798345476,7.633237,0.64074117,30.425879,1.9328936,21.201167035505964,1.17946770587967,22.639569176417968,1.6458688788389872,0.892498591448226,4836.679418954285
2010-06-29,281.0014311448526,404.0640050740715,92.65267791435029,7.343066,0.6527038,30.307333,1.9510392,20.88780678618724,1.1814916184905777,22.311231378350232,1.647888873915527,0.24587850929822805,4836.433540444987
2010-06-30,307.12487635646994,406.4031000540206,92.14036661366731,7.572078,0.6551101,28.129826,1.5453416,19.281124733649854,0.924243464802776,20.6277554158694,1.3906223975033831,3.08216042011166e-05,4836.433509623383
2010-07-01,299.1039712490162,420.57835385082274,91.66466045279357,7.455176,0.6571416,26.148853,1.2730087,18.37965714395413,0.7924869374930548,19.68320075689902,1.2588568824180346,2.974670804189832e-08,4836.433509593636
2010-07-02,300.56343791070765,419.1278028878043,91.21630345052978,7.646701,0.6690489,25.84202,1.262485,18.24313960480274,0.786538850910139,19.540158146038056,1.2529075157503824,9.287803270683138e-09,4836.433509584348
2010-07-03,313.0048445530563,421.5593684995761,90.78311990718882,7.877656,0.6916007,28.602636,1.6333288,19.771523768907908,0.9825858988235535,21.14159384866755,1.448970111118183,0.0007656598790499191,4836.432743924469
2010-07-04,315.6443039232442,423.0124605100325,90.35218992234778,8.008518,0.70681083,31.731647,2.163094,21.594231865359536,1.275046246704577,23.051421161513634,1.741452492365537,3.8737354480034485,4832.559008476465
2010-07-05,362.0727372442019,430.57480113812176,89.88974839758286,8.184776,0.72023976,33.99434,2.5967858,22.204812679973557,1.4484607894752495,23.691185651900106,1.9148752652779923,39.49328188020408,4793.065726596261
2010-07-06,377.0282134929706,458.2121603545862,89.30467576580516,8.279856,0.7248004,35.959488,2.962347,23.464878458492066,1.6577476935059285,25.011478267312416,2.1241805012597412,32.17789409960145,4760.887832496659
2010-07-07,372.47626935263884,484.7782012959331,88.73658570977655,8.3144245,0.72417897,37.10009,3.0848467,24.592745162660815,1.7726339590959033,26.193253144520977,2.2390847147629667,9.56435477391545,4751.3234777227435
2010-07-08,445.86012287166784,589.97522481951,88.13370674584216,8.324341,0.7165533,36.97441,2.7651148,24.642408782917766,1.6048289121820922,26.245290516059615,2.071280491573659,9.34033871411343,4741.98313900863
2010-07-09,459.19522563508303,650.2954123311515,87.58484797713983,8.182335,0.6908632,34.327652,2.1695797,23.506646045687695,1.303386046438799,25.055242202400642,1.769819492921509,36.13100153016432,4705.852137478466
2010-07-10,181.87844540046126,543.70298481951,87.30825441819364,8.0948,0.72683764,26.718285,1.4823465,22.050014047619264,1.1256158178859765,23.52898817407193,1.5920281667982115,49.85102893333463,4656.0011085451315
2010-07-11,257.0467115635404,278.30659097698924,86.98365446064288,8.4709835,0.7461827,32.953392,2.4984787,21.198308848650665,1.3473565442163553,22.636574378001207,1.8137576809361797,1.143565134701427,4654.8575434104305
2010-07-12,390.21043216509486,450.9372835483742,86.52934927691928,8.482653,0.7361212,35.843277,3.1101422,23.15061808044506,1.7019508008867539,24.682197317440124,2.168378866773011,43.21931596037669,4611.638227450054
2010-07-13,469.4697572813099,583.65331481951,85.93329725734084,7.9802794,0.6837022,33.654922,2.3766854,22.209471563752267,1.3519900191893324,23.69606721439784,1.81840455942848,48.985435333469276,4562.652792116584
2010-07-14,270.82014008101606,392.0385503283245,85.46241401487204,8.134562,0.7202242,30.044218,1.901772,21.092723069043302,1.162630627199613,22.525941959055544,1.6290304317226105,0.805432129256067,4561.847359987329
2010-07-15,237.77525789915666,306.1478754943128,85.07993952999259,8.714479,0.7667787,31.793982,2.6178536,21.70480860018004,1.5111082595309564,23.167283086270903,1.97751596407488,15.232311928916834,4546.615048058412
2010-07-16,322.0056248155656,362.7354457753058,84.63229314534243,8.443846,0.75246656,34.126156,3.470166,22.048819372302606,1.872036460281197,23.52773639735893,2.3384487928854445,63.31880961005814,4483.2962384483535
2010-07-17,351.07392188903196,400.488560293706,84.14599645197175,8.702871,0.7619543,34.691483,3.4780743,22.551542243283258,1.8872448159236708,24.054487703100293,2.3536641550894553,59.907669189144634,4423.388569259208
2010-07-18,373.5587454886464,462.9277308671252,83.66201678790394,8.650496,0.7617226,33.619526,2.8380864,22.46883796818014,1.6070665024379374,23.967830446357667,2.073484669080704,66.3835086925913,4357.005060566617
2010-07-19,367.6556939512801,421.335286298151,83.14627294683287,8.5816,0.7338504,33.320797,2.620353,21.792773469888502,1.4404932434173074,23.25945237605856,1.906902118499782,22.73665367628754,4334.26840689033
2010-07-20,323.39924064974315,457.84365404119865,82.66746923530083,8.397318,0.7302223,30.626093,2.1531298,21.424384949872636,1.2975327267527257,22.873456144059098,1.763936758781009,3.7624073818484316,4330.505999508481
2010-07-21,322.277422188121,563.3738117727465,82.24573157088219,8.989147,0.65488535,27.85153,1.4457059,20.987744534416013,0.9500059454701627,22.41594580932424,1.4164044380939242,0.6479557396990925,4329.858043768782
2010-07-22,337.47748208304347,544.1074298289093,81.80185366536509,8.67594,0.694321,29.397818,1.5026708,21.465323379490936,0.9647715681609479,22.916351290672132,1.4311761307274804,4.312638430789458,4325.545405337993
2010-07-23,477.3220971693188,596.299437276429,81.40659114934552,8.594898,0.6434861,30.025356,1.4610054,20.49757498382761,0.860411110685439,21.9023478297785,1.3268036445048177,0.07058282717449028,4325.474822510818
2010-07-24,470.9321371589755,665.3344771750268,81.1928994779796,8.771404,0.68568873,28.601679,1.2098378,20.38290917616682,0.7632905653307828,21.782201388476974,1.2296817448483197,0.04013133824064153,4325.434691172577
2010-07-25,510.76700776169065,663.4052595294396,80.8230392497691,8.249477,0.698808,31.614557,3.2402735,21.45070629756035,1.855814306671148,22.90103556219126,2.3222186795888704,3.8794615107372485,4321.55522966184
2010-07-26,464.9249975026483,648.1634309849301,80.33872995899601,8.566437,0.76209015,29.292252,1.5124086,20.635302905655134,0.9364527650174727,22.046658675470027,1.4028469453940375,0.13642204135310154,4321.418807620486
2010-07-27,470.20599761449586,647.44267481951,79.80777549326643,8.692973,0.7840286,30.512135,1.6473869,21.332594672125566,1.0097112258593843,22.777278604805083,1.476114075303207,2.511824108931265,4318.906983511555
2010-07-28,508.83540809652044,622.00158481951,79.24785250238607,8.71015,0.779164,32.489914,1.942443,21.789887248311377,1.1244672794235528,23.256428202956105,1.5908761159590432,14.142947995186365,4304.7640355163685
2010-07-29,519.9857087542488,608.63787981951,78.66117711627435,8.464251,0.7731704,32.893513,2.2628434,21.638327801584357,1.2712233414913354,23.097624732755584,1.737630167251876,7.981868183999487,4296.782167332369
2010-07-30,484.43800419417425,606.10852481951,78.08170320467339,8.416373,0.8017985,28.904896,1.9196151,19.803570255255856,1.124773837665025,21.175172047517496,1.5911584045410847,0.001614976763946845,4296.780552355604
2010-07-31,494.4758640751905,600.74714481951,77.54783468266034,8.693142,0.80200964,27.23857,1.8148421,18.86560217859589,1.059279124472676,20.192372303076656,1.5256537989029504,2.6705155824035973e-06,4296.780549685089
2010-08-01,403.0345688535119,552.6577451763347,77.05886549281728,8.458767,0.82786626,24.402763,1.473757,17.678861089358154,0.9209833922430889,18.94890904644483,1.3873469921072488,1.7620301395248706e-08,4296.780549667468
2010-08-02,295.67817855036463,386.49916590718726,76.74806609082881,8.848335,0.89775,23.064367,1.3880643,16.902669767323577,0.8774305844270047,18.135618432494297,1.343787812086824,1.8001279123507876e-08,4296.780549649467
2010-08-03,327.5706722593127,434.0928756319459,76.29465590888526,8.956902,0.8969226,25.057184,1.7117568,18.132892736496423,1.049069725258896,19.42464185428676,1.5154373719012073,2.3987174769544826e-08,4296.78054962548
2010-08-04,333.9230878317056,444.23175645889626,75.78964070675949,8.97744,0.84971195,27.431479,2.0769577,19.512451067500894,1.2404902545600136,20.870138357729008,1.7068716434377516,0.00026098552371485906,4296.780288639956
2010-08-05,285.26487240247224,633.835791601031,75.4165321795323,8.844252,0.90081656,24.500685,1.7403681,19.641336282621168,1.232338608242648,21.005183845559962,1.6987213921399809,0.0005999942207925154,4296.779688645735
2010-08-06,390.2311943601065,544.1552015420273,74.94994802612716,8.849878,0.9591696,25.246485,1.9166096,18.398710276160315,1.1858746697804592,19.703164563694788,1.652244795055766,8.050171945127626e-08,4296.779688565233
2010-08-07,382.01911873748537,550.8084694137347,74.41884531550889,8.997869,0.92018044,24.528648,1.997104,18.16835746891124,1.2379824496681484,19.461801679680885,1.70435042233281,2.6296009598458184e-08,4296.779688538937
2010-08-08,369.698582848651,537.6881582024413,73.88644533393862,8.969223,0.8805826,24.851244,2.0869782,18.38039711942507,1.2876680709234885,19.68397610066799,1.7540380228450712,7.12350671892716e-08,4296.779688467702
2010-08-09,370.9639544078067,528.7055535577757,73.18276196702267,8.96092,0.85652065,25.495668,2.1020386,18.677836443383985,1.2847920011580074,19.995632007566677,1.7511648161304803,6.296763833667811e-07,4296.779687838025
2010-08-10,367.897194997172,538.9712122875941,72.47143812463224,8.903173,0.9280266,24.522688,1.8670828,18.186183615604882,1.1717740324524792,19.48047985525085,1.638142169533576,2.7561596604252816e-08,4296.779687810464
2010-08-11,382.4994746809055,531.645895865134,71.79657192892232,9.055265,0.90313196,24.702238,2.0247533,18.155184392959853,1.2366994645275544,19.44799897572893,1.7030673159260665,2.534808223355865e-08,4296.779687785115
2010-08-12,374.62859225404765,518.3579791333939,71.18454193833499,9.000801,1.0575604,22.653671,1.6144029,16.925975351877906,1.0368434784950713,18.16003794432417,1.5032008874511518,1.8085529753193743e-08,4296.77968776703
2010-08-13,369.53977188497856,503.157947923269,70.59418214549972,9.553789,1.3349432,21.508703,1.6395403,16.44645071692134,1.1014079032523907,17.65759367098964,1.5677617070336953,1.856398293529501e-08,4296.779687748466
2010-08-14,379.37941570365444,520.0136005496548,69.96943086278642,9.786602,1.4333377,20.835726,1.7808149,16.175015681058603,1.1940269898024234,17.37318496826692,1.6603788694281927,1.8782937150628134e-08,4296.779687729683
2010-08-15,356.06690596812047,492.0673634551732,69.41306748431522,9.79512,1.5121149,20.019709,1.575886,15.727183634069359,1.1130713650416544,16.903948080268858,1.5794202542516866,1.8915852222566114e-08,4296.779687710768
2010-08-16,338.40953865880397,351.0121224340563,68.99730774696255,9.711102,1.375829,23.194963,3.6024184,16.576274559435248,1.9545166702537193,17.793622649395108,2.4208714241206484,1.862248397903186e-08,4296.779687692145
2010-08-17,363.02526180756246,325.9052386043907,68.57519268737,9.460829,1.2244649,25.80048,4.4254165,17.190458823362853,2.190660318324098,18.437162821654578,2.657019828243166,1.8286878478810292e-08,4296.779687673858
2010-08-18,364.29003842453784,465.0273725199209,68.02721232671928,9.39241,1.2225575,23.976187,2.2612777,17.570045482431322,1.3770131107756731,18.834892425474436,1.843375775786413,1.8159424138334387e-08,4296.779687655699
2010-08-19,374.5561684919912,496.0952314693802,67.44787162734931,9.342169,1.115707,23.777027,2.1112497,17.567118978475552,1.295204317890384,18.831826044633335,1.7615669579460072,1.8128934295542886e-08,4296.77968763757
2010-08-20,385.58911867236185,522.9478775903181,66.85140824948044,9.283382,1.1113865,22.77761,1.9533213,17.050570886023987,1.2192516806596694,18.290588719093904,1.6856100693925964,1.822086337660421e-08,4296.779687619349
2010-08-21,388.55714003073103,528.4980385318879,66.30397348981927,9.218155,1.0432159,21.048857,1.5114368,16.036177264785533,0.9767723497669676,17.227710550291377,1.443123277762806,1.8476152031240367e-08,4296.779687600872
2010-08-22,477.96068001860095,546.0194004953578,66.1558981287564,9.370815,1.3664577,21.678131,1.5681645,15.93347536895781,1.0516824664853321,17.12009985491196,1.518032704723954,1.860085509693809e-08,4296.779687582271
2010-08-23,208.11440001841663,2089.950810495358,66.44602510322277,9.352671,1.6491389,17.328535,1.5299305,16.606235195338062,1.3993712252375567,17.825015301278768,1.8657262011017965,1.841664880083445e-08,4296.779687563855
2010-08-24,318.0202295569089,1456.920780495358,66.44245474960427,11.228157,1.897454,19.99063,1.438185,18.42063707264916,1.2284810183012032,19.726139386102794,1.6948513516416903,2.955690887684846e-05,4296.779658006946
2010-08-25,217.95682945230723,1115.160700495358,66.40181638714651,11.411072,1.8852253,19.360575,1.3261222,18.060878019876796,1.151333171394858,19.34918508038271,1.617700160441339,1.1368794523072325,4295.642778554639
2010-08-26,197.34782035718737,983.603890495358,66.36772773693603,11.402487,1.8487154,19.333029,1.2159077,18.007762771001584,1.0587921199800623,19.293531104176658,1.5251586278095528,0.908320357187361,4294.734458197452
2010-08-27,166.46637698572658,768.3679504953581,66.27728665913307,11.3196945,1.858703,19.568874,1.1701392,18.099939125672705,1.0171298631034187,19.390113173511956,1.483497208096866,0.008506985726622725,4294.725951211725
2010-08-28,285.8633594160601,665.0037940640644,66.11088795896755,11.237965,1.8359789,22.386812,1.1524718,19.035085303585685,0.9768790268516,20.369956142091883,1.4432554143024747,2.544782803472978e-05,4294.725925763897
2010-08-29,302.8374630616603,653.3714424524029,65.92007809506713,11.047165,1.7542384,24.147041,1.1958641,19.99822685810976,0.9881107434670344,21.379132570587508,1.4544974893680411,0.005413624349100339,4294.720512139548
2010-08-30,320.324069662462,637.0272124416174,65.56352769469409,10.867033,1.6697315,25.118568,1.2543272,20.350089066367545,1.0043626684858493,21.747812589619226,1.4707534631368067,0.03598581739320812,4294.684526322155
2010-08-31,331.7893455935394,627.1004104925607,65.16700140820949,10.615398,1.5459955,25.636147,1.2751172,20.438756372512305,0.9907372981462017,21.840717889903683,1.457129135389339,0.0,4294.628597822447
2010-09-01,343.83546218113474,612.2094502547423,64.73497862587726,10.4260025,1.4666334,26.506268,1.3927257,20.723102664994613,1.036146553128017,22.13865496317747,1.502541794482924,,
2010-09-02,355.44093300715,599.9766211278373,64.2738317856079,10.269291,1.4026711,27.171824,1.518298,20.883628435948918,1.0869110696764854,22.306853317253495,1.5533082736234187,,
2010-09-03,362.6128893776311,591.5767618503348,63.791787300163726,10.314415,1.4397553,26.934404,1.5669537,20.618445728844833,1.1149565678719873,22.02899578323157,1.5813505455537924,,
2010-09-04,365.9772822077968,586.8124857039177,63.296675272084656,10.77981,1.6264855,24.430822,1.5422502,19.187314734811615,1.13689834221815,20.529461619760134,1.6032762963005736,,
2010-09-05,369.13989837581664,586.3173204871433,62.78822699500976,11.274406,1.7651646,22.22268,1.6238879,17.992825415844482,1.2075163342509534,19.277879794503843,1.6738827073312277,,
2010-09-06,374.0719453454675,581.985083727978,62.26722825895563,11.414738,1.8674477,20.94249,1.8244572,17.214610859392778,1.3294098063438107,18.462469242447128,1.7957695121040964,,
2010-09-07,378.011873559782,578.378604915495,61.73598449278449,11.113855,1.8510697,21.865423,1.7499919,17.615882460954076,1.2865872341604587,18.882920254884706,1.7529502913139314,,
2010-09-08,380.1152278960295,577.6004823171745,61.20163337986827,11.419909,1.8984257,21.687317,1.6172357,17.612205427512848,1.2325005263041175,18.8790674718143,1.698863551911339,,
2010-09-09,380.6655693284023,578.1067001585643,60.669375812367655,12.591112,1.9072192,19.203175,1.2652901,16.577958365402424,1.0749216168429636,17.795386935531713,1.5412763831590517,,
2010-09-10,376.6680462540643,584.6092985909148,60.143232459995446,12.613607,1.9405768,17.305779,1.2578548,15.467192658032081,1.0786067380936495,16.63153042431169,1.5449539964348997,,
2010-09-11,378.85956268791614,582.5762699391674,59.60870126560219,12.036646,2.0642967,18.134336,1.5901897,15.73150488466467,1.2610145630930067,16.90847587187117,1.7273634800624518,,
2010-09-12,376.63828361705765,576.2815096326411,59.08313663594667,13.276445,2.0663147,16.871244,0.94551635,15.450412424928011,0.9969780589738432,16.613948153425603,1.4633252147119453,,
2010-09-13,379.13142485484025,553.8730871053513,58.743584052645645,12.702625,2.194241,16.702616,1.1273315,15.077197999522536,1.1148539973784637,16.222895354255435,1.581198954318893,,
2010-09-14,385.8241410805228,547.2587447839323,58.28577454140006,12.837719,2.1233225,17.907038,1.2520086,15.81090502217472,1.1445796902948775,16.99167106453841,1.6109291211264596,,
2010-09-15,384.6550643643053,562.9983574002867,57.75585103451903,12.922979,2.0590496,16.93651,1.1131651,15.307407202788593,1.0657734285321605,16.464107770506818,1.53211972292773,,
2010-09-16,385.40920540875067,566.4364743118258,57.18994147772371,12.939272,2.1311798,15.711,0.9790294,14.588707504085072,1.0411948343789144,15.711056682957283,1.5075371540778055,,
2010-09-17,349.7932828956868,596.5565623856411,56.63168947842118,13.104298,2.0653458,15.836035,1.0296755,14.826320126578949,1.0020425927416927,15.960026376568251,1.4683861611648776,,
2010-09-18,350.98123690682206,600.607146098933,56.1661054737861,12.791206,2.1689043,17.16225,1.3285927,15.550046636452503,1.1589375087065903,16.71834453967845,1.6252852783810279,,
2010-09-19,353.8595944282704,601.5453082881645,55.68592109517425,13.2267685,2.1308277,17.136053,1.0049431,15.688145652382659,1.0115358793490057,16.8630442165022,1.4778845187496636,,
2010-09-20,359.1157903328541,597.8771588035255,55.08420801543548,13.005819,2.061819,17.04677,1.0808,15.530385641140894,1.0269132614681784,16.6977438159987,1.4932609090943563,,
2010-09-21,369.64944302489056,589.7877514359753,54.5376418676202,12.963356,2.1164653,16.41737,1.1066731,15.086616465670238,1.061943450563658,16.23276399088958,1.5282884610337684,,
2010-09-22,372.77740665241566,587.4820887565471,53.98416434799803,12.732115,2.294187,17.81325,1.2336376,15.840728346396967,1.1673975007857968,17.022919841712543,1.633747126490747,,
2010-09-23,380.898201248064,572.2749465810676,53.43765554686997,13.176777,2.220964,19.096361,1.2756943,16.730831867568597,1.172312469504384,17.955567268529503,1.6386683795955521,,
2010-09-24,369.71390182466087,569.5415512763885,52.82579095990596,12.691366,2.359415,20.89385,1.8833314,17.66515210321393,1.4719732371000713,18.934544817624737,1.9383367184425122,,
2010-09-25,388.971798498992,567.3210244398191,52.32178350538285,13.332912,2.1965208,20.5048,1.2949419,17.587637513696773,1.178301209501316,18.853325295699026,1.644664024730611,,
2010-09-26,392.1019263096978,568.7446156995937,51.81529389333372,13.467014,2.1373277,18.807604,1.1294278,16.62821790067144,1.098938948266456,17.84804870478296,1.5652940876673842,,
2010-09-27,382.3964371458199,565.3498416998377,51.21356031506813,13.861782,2.3199914,17.52606,1.060653,16.047598099495147,1.1298392502637544,17.239677261859942,1.596190255708466,,
2010-09-28,277.218577451499,464.8781375447354,50.8753650937374,13.527781,2.227681,17.547022,1.3957326,16.045589044145274,1.2070575144691755,17.237572180531956,1.6734085062789328,,
2010-09-29,253.51145897882137,502.0165117467484,50.48794622413485,13.247635,2.231681,17.928701,1.1352762,16.35800640694545,1.0629062109478302,17.564922025328652,1.5292593785084525,,
2010-09-30,2329.2913120988,458.77303049535766,51.14378453124807,13.257528,2.3831391,29.205927,9.974905,15.88182037785239,2.580334962902545,17.065975931805454,3.046684858779848,,
2010-10-01,38.7789474072,6638.666430495359,63.401663867297145,11.389099,1.8226603,14.710168,1.2397695,14.69088093545667,1.2326150070868438,15.81811365508604,1.6989578558238425,,
2010-10-02,38.7789474072,2744.2089304953597,69.16106514691988,11.337175,1.77464,13.541699,1.1759577,13.510980942296241,1.1598352121424296,14.581818475538899,1.626172678715022,,
2010-10-03,38.7789474072,3256.6214304953573,71.27131177659487,11.548178,1.837451,12.522291,1.0702976,12.510828207665709,1.057923731219078,13.533861859044116,1.5242578824360762,,
2010-10-04,38.7789474072,2962.620030495358,72.72683050658334,10.946934,1.868934,12.69645,1.0010709,12.67384597179962,0.9884317519619712,13.704671315055279,1.4547663655159861,,
2010-10-05,974.7032474072,6179.046330495357,74.66857612169547,13.3380165,2.112301,12.876723,1.1610454,12.939574804649942,1.0433325492110737,13.983101077767273,1.5096679815563874,,
2010-10-06,630.2026474072001,4342.850330495358,75.6953935001725,13.5415745,2.137797,12.758921,1.1715966,12.858101294489835,1.058386650324572,13.897733412324774,1.524721823040306,,
2010-10-07,173.80084740719997,3864.052430495358,76.61091958917534,12.205858,1.9800981,12.194866,1.0576478,12.195339309952612,1.0157057905121185,13.203293670465179,1.4820391332992482,,
2010-10-08,38.7789474072,2468.529160495358,77.24360359955278,11.986185,2.0038757,11.982278,1.1113805,11.982338300424237,1.0946302936574823,12.980111940788875,1.5609631550124705,,
2010-10-09,38.7789474072,1967.8333704953584,77.62612937507598,11.719839,1.8680763,12.102969,1.0834606,12.095564958629028,1.0631351938827385,13.098750446209886,1.5294683046958693,,
2010-10-10,38.7789474072,1609.640390495358,77.85086668664934,11.818665,1.908359,11.865208,1.0213642,11.864112748507761,0.9983466185011601,12.856235611624623,1.4646792350333036,,
2010-10-11,60.22318740720005,1317.882230495358,77.96954351755396,11.9932575,2.0678587,11.96347,0.9070284,11.964772153245281,0.8720857220361428,12.961706191821635,1.3384185460037479,,
2010-10-12,205.5783474072,1118.723270495358,77.99911380718375,12.110418,1.9305859,12.237872,0.8668404,12.218086795326162,0.7912304149891362,13.227128407881196,1.2575638122577253,,
2010-10-13,144.96280740720005,944.250620495358,77.9857355006772,11.952099,1.8880497,11.382663,0.8251083,11.458448702418858,0.7581480482651435,12.43118221082584,1.2244799462820208,,
2010-10-14,143.57783740720004,828.7854004953579,77.91615878572583,11.614302,1.8373945,10.646133,0.7337462,10.78909183531227,0.6817151101291292,11.729832373553544,1.1480462340895816,,
2010-10-15,81.06664740719998,1537.9106304953582,78.18911925299406,11.65382,1.7661738,9.854175,0.7238679,9.944287812592096,0.693285603257486,10.844649606365428,1.1596164818134356,,
2010-10-16,38.7789474072,1155.532530495358,79.45720511211184,11.451784,1.6612346,9.567444,0.83667284,9.628627830402758,0.8113014124554653,10.513902156057108,1.277632408806304,,
2010-10-17,38.7789474072,1147.2720304953582,80.07929118021602,11.437431,1.7359016,9.516406,0.8316813,9.579215617657631,0.8064883839008078,10.462128208449965,1.2728194090071336,,
2010-10-18,38.7789474072,1097.7534904953582,80.52906746775595,11.244871,1.587297,9.350443,0.7818574,9.41508154614488,0.757119654868894,10.290149089383158,1.2234507955380391,,
2010-10-19,54.9368420988,950.959440495358,80.82945840034125,11.260126,1.5097425,8.745912,0.6953491,8.883224965637986,0.6625236831139635,9.732871582388805,1.128855409944639,,
2010-10-20,54.9368420988,865.388030495358,81.01672650116059,11.023476,1.5350646,8.470278,0.7188757,8.622685519543538,0.682146435349954,9.459879241380584,1.1484785673885853,,
2010-10-21,54.9368420988,835.3014304953581,81.12237610668211,10.868935,1.4569061,8.425874,0.7073011,8.576635696954314,0.6697155173737195,9.41162839468504,1.1360477291061357,,
2010-10-22,54.9368420988,826.1408404953579,81.2012200068745,10.657555,1.3214968,7.7841287,0.6885251,7.963292151046113,0.6508312715446651,8.768969123892452,1.1171647760183179,,
2010-10-23,78.45028699958942,740.8067446292054,81.18704038052479,10.78767,1.3512068,7.749214,0.6263509,8.04017016436695,0.5809644088417343,8.849521643455683,1.0472977276941906,,
2010-10-24,138.4446340471065,688.9105444450911,81.03414959738559,10.750185,1.395394,9.259051,0.6666045,9.508568656456363,0.602172064631843,10.388104563997832,1.068503135701896,,
2010-10-25,136.32067144429186,696.4528678123347,81.34304588587955,10.345409,1.453405,10.824065,0.7016515,10.745711755746427,0.6331916192793038,11.684378874471836,1.0995227107562078,,
2010-10-26,54.9368420988,1164.515030495358,81.902378727998,10.064373,1.5678831,12.316771,0.97620326,12.215299055920509,0.9348969869036876,13.224207424061364,1.4012303774636692,,
2010-10-27,54.9368420988,2550.5090304953583,82.98178865590761,10.13591,1.3963414,11.347518,1.067032,11.321970741544456,1.044948037608842,12.288181069948212,1.5112797362089423,,
2010-10-28,54.9368420988,1803.3358604953585,83.31880137532674,10.177357,1.3815924,11.720168,1.1098725,11.674557377562136,1.0778350514585762,12.657620141910417,1.5441673088218,,
2010-10-29,54.9368420988,1520.2356504953582,83.52840943434883,10.034363,1.1866257,9.965875,0.7516391,9.968263312614123,0.7266039906939228,10.869771053332363,1.1929348649597864,,
2010-10-30,54.9368420988,1240.1507004953578,83.70006833976586,10.139917,1.1745838,8.588439,0.70390105,8.654251776677883,0.6758810171844065,9.492954257702099,1.1422130959956451,,
2010-10-31,54.9368420988,1040.164630495358,83.79315524936263,9.791885,1.0957996,7.583314,0.66061974,7.69410909945573,0.6298824738765082,8.486920042592278,1.0962166815626606,,
2010-11-01,54.9368420988,873.6342904953583,84.30550329543945,9.509321,1.0357572,6.3303013,0.6921813,6.5183809156142125,0.6541066065027105,7.2549960705888745,1.1204448571676748,,
2010-11-02,54.9368420988,745.1720804953579,84.7599665148851,9.460981,1.030277,5.4433746,0.65242386,5.719230358673075,0.6117313048099001,6.417648848785468,1.078073206045564,,
2010-11-03,387.7894737036,683.5829104953581,84.30324254506203,9.450115,1.1439202,3.4495971,0.93743736,5.621519585243164,0.727455461051721,6.315267834393178,1.193797858749634,,
2010-11-04,179.27984209879995,987.946290495358,84.31818640345713,9.180237,1.1766272,5.5706053,0.6343426,6.125025843290995,0.5665107185741673,6.842839970425655,1.0328506748295572,,
2010-11-05,54.9368420988,1561.135300495358,84.73954238306436,8.967554,1.0434476,6.872899,0.70918226,6.944104869863942,0.6859919449775392,7.701068174587205,1.1523285491097046,,
2010-11-06,387.7894737036,1142.4456304953585,84.57322037771358,8.913213,1.1183946,5.5037265,0.6909215,6.367752468882917,0.5885641439996683,7.09716809900141,1.0549030268826,,
2010-11-07,387.7894737036,945.774380495358,84.30069325219563,8.724991,1.1731142,4.6509013,0.6805276,5.835613267138698,0.591023109889122,6.539594462440679,1.0573644340392754,,
2010-11-08,54.9368420988,880.8199304953579,84.36395774799931,8.081863,1.1220869,5.786737,0.66138124,5.921480311336994,0.6260282217799539,6.629565657829846,1.0923691300888434,,
2010-11-09,54.9368420988,910.9470204953576,84.49436844025023,8.237526,1.1539357,6.0474515,0.6710611,6.172016962599147,0.6362870078391971,6.892077104605631,1.1026267510331698,,
2010-11-10,387.7894737036,671.1264304953582,84.38877140877612,8.23402,1.2631943,5.4358397,0.99307793,6.460571617278768,0.7811153792677246,7.194423685404197,1.2474538695014732,,
2010-11-11,97.0375287480985,593.8550601859432,84.52212740233395,7.894345,1.1870531,6.6165624,0.7350589,6.79602998889073,0.6534456052906323,7.545915820472133,1.1197827586071596,,
2010-11-12,387.7894737036,580.557130495358,84.35997048100828,8.095819,1.2591101,4.872349,1.5151646,6.163237808118321,1.0389546026078973,6.88287833655066,1.5052943854154042,,
2010-11-13,184.6514080740136,542.7943462904574,84.32004740900499,7.905927,1.2259401,5.699291,1.0764581,6.259413318349727,0.8613893600832853,6.983650707411593,1.3277287137317797,,
2010-11-14,235.21523890780128,512.0997278075675,84.25771506680536,8.009142,1.2495531,5.3866153,1.2792387,6.212048004135937,0.9607864519467054,6.93402149308861,1.427126015628912,,
2010-11-15,266.3677070128473,500.4424227569893,84.15625768137703,8.213993,1.3138076,5.6566224,1.2083647,6.544979165888605,0.9111494002194915,7.282865626304813,1.377487541941946,,
2010-11-16,208.10363363346,544.8164024190078,84.09612520160007,8.15111,1.263473,6.808153,1.1180346,7.179340161738278,0.881168835805623,7.947546909301516,1.3475046190547069,,
2010-11-17,277.0129420988,2045.509130495358,84.69171705059631,7.9916835,1.3011774,8.386784,0.7685746,8.339659033396055,0.6944677624087964,9.163325056672894,1.1608004226094855,,
2010-11-18,387.7894737036,1496.369730495358,84.97891765040923,7.924661,1.2688276,7.2040577,0.6972681,7.352369172797809,0.6122466770636764,8.12884611561961,1.0785818969041807,,
2010-11-19,387.7894737036,1280.5719804953578,85.19273976861659,7.6125207,1.1797569,5.359983,0.7085924,5.883556811396184,0.6091072912353597,6.589829544226864,1.0754483821623588,,
2010-11-20,387.7894737036,1076.9559304953575,85.3476720122158,7.722813,1.2126632,4.3063545,0.6946022,5.21085757233548,0.6032375620177438,5.884977581046372,1.069582165647075,,
2010-11-21,387.7894737036,920.2134004953582,85.4299260530982,7.559606,1.1685419,3.771402,0.85436743,4.8945077554898235,0.6937628827180825,5.553507324343244,1.1601093171844146,,
2010-11-22,387.7894737036,830.6530604953581,85.4556724659764,8.041609,1.2421823,4.6548824,0.96309346,5.732764073685609,0.7664110277786366,6.431829429112912,1.232752861111299,,
2010-11-23,387.7894737036,821.442100495358,85.21978236261786,7.8020453,1.2252427,6.224971,1.0051994,6.730724152289222,0.7878207041386305,7.4774885881179065,1.2541581076322827,,
2010-11-24,387.7894737036,711.1712804953579,85.08257383980147,7.4056892,1.1449395,5.000514,0.9697331,5.849226438899664,0.7463503746175129,6.553858297277519,1.2126916322786339,,
2010-11-25,387.7894737036,655.2256404953578,84.93213545632902,7.2636557,1.0671625,2.801581,1.2715012,4.460565131493437,0.8918767291763163,5.098823726278483,1.3582258612131155,,
2010-11-26,489.9222937036,1503.189580495358,85.05459536845859,7.121194,1.0764371,2.3694577,1.0265995,3.53747117380126,0.8182173944758516,4.131609032847458,1.2845729811550497,,
2010-11-27,389.6447737036,1193.6207304953575,85.14371038245234,6.8184175,1.0384606,2.1675932,1.0247672,3.312170306538876,0.8137437730304722,3.8955395542824185,1.280101083049041,,
2010-11-28,387.7894737036,978.175290495358,85.08774105593203,6.6065955,1.0227382,1.057784,1.2629827,2.6330593775842766,0.9498921276876918,3.183969444348367,1.4162549834547875,,
2010-11-29,387.7894737036,882.2832704953582,84.93349783418586,6.5975966,1.0224793,0.69886947,1.2628248,2.499919303137956,0.9311436738485791,3.0444657294600885,1.3975076786965686,,
2010-11-30,402.0137737035999,900.1535304953579,84.97789036562445,7.4146657,0.9392041,2.3321865,1.8667458,3.90128334371045,1.3226069012671047,4.512810180848619,1.7889598276778131,,
2010-12-01,2120.1643737036,3499.649230495358,86.28585786646308,7.9539075,0.94281495,2.5122914,2.7430933,4.565227936948477,1.7448564161712954,5.208489056062371,2.211204877872873,,
2010-12-02,435.1157991282692,5256.822064556218,88.46112032506068,6.611358,0.7945748,3.7106156,1.4837621,3.932360660003094,1.371682577083214,4.54537288662756,1.838035283267529,,
2010-12-03,1036.4145818052586,4924.009015029758,89.08306430646182,6.7651143,0.7768102,2.8361998,0.9835868,3.5193700521097644,0.8237084176196685,4.112642739414698,1.2900641406108444,,
2010-12-04,1189.729816732945,3891.6080150297576,89.25762214896258,6.680779,0.74702877,2.2617302,0.84096944,3.296393559639416,0.6673943229057591,3.8790087328112755,1.1337517557763517,,
2010-12-05,1225.2756227550028,3401.685315029758,89.17913348569314,6.6383414,0.71977854,1.8261961,0.83629346,3.100510786169469,0.6437002677104595,3.6737634323612287,1.1100592496082073,,
2010-12-06,1211.4663861810393,3027.989741623213,88.97803960463266,6.497181,0.69744086,1.4652122,0.90077907,2.903146896802395,0.6735346954054775,3.466966223737114,1.1398952824207953,,
2010-12-07,1177.5688254469444,2653.949212401096,88.32952809281696,6.4091034,0.69497204,0.80043876,1.0390699,2.5241912163792692,0.7507495804369573,3.069897757184952,1.217113374292512,,
2010-12-08,994.17815598951,2061.0415493226506,87.71427055888716,6.172837,0.6920633,-0.4800409,1.5428725,1.6848265354815046,1.064901295377136,2.1904143137648986,1.5312727768901455,,
2010-12-09,647.1313248117733,1170.262751867621,87.25947965865954,5.7651978,0.6829904,-1.1149086,1.4659908,1.3349356164271167,0.9748097626416894,1.823799804821984,1.4411846866797116,,
2010-12-10,387.7894737036,948.234160495358,87.01405861748835,5.454122,0.6794508,-0.68271077,1.209702,1.0985445296796104,0.880937145339072,1.5761100321904522,1.3473144744309897,,
2010-12-11,388.25139370360006,981.328070495358,86.79437832344948,5.6744285,0.7199553,0.011169791,1.2276683,1.6166027943376922,0.903012708351638,2.1189297110056042,1.3693848501212638,,
2010-12-12,621.0903737036001,1860.7805704953576,86.74274835924774,6.1519427,0.6453536,0.527431,1.6302392,1.9349699863686274,1.2328939208741667,2.452513766531815,1.699263027077714,,
2010-12-13,387.7894737036,3190.889630495358,87.46444693905893,5.441234,0.6836461,0.48381782,1.0877482,1.0210087178936242,0.9727036894241698,1.4948682736440093,1.4390818212850471,,
2010-12-14,387.7894737036,2154.0340983422693,87.65725388122935,5.193435,0.63990456,0.07344937,0.7899278,0.8545722756773189,0.6764949853016935,1.3204767384242804,1.1428748635813908,,
2010-12-15,387.7894737036,2091.2334069106705,87.66370016218995,5.02766,0.64385635,-0.019987822,0.8297842,0.7696074120909308,0.7071911983976095,1.2314508447963195,1.1735719804261395,,
2010-12-16,438.0195125362992,2050.11070708654,87.56149309013836,4.9108515,0.6585746,-0.088026404,0.76118135,0.7919942779183069,0.6378061066958567,1.2549077262845716,1.1041866498002832,,
2010-12-17,472.2495919093072,1818.5180497904284,87.33818296301993,4.8852997,0.655149,-0.30153263,0.8599998,0.7677506117152371,0.6959393349270901,1.2295052957098223,1.162320136798081,,
2010-12-18,444.7427852087635,1617.1364448651743,87.09267700578404,4.775896,0.6579472,-0.25689828,0.7866108,0.8286643167880986,0.6330531817642633,1.2933304676620825,1.0994333347453444,,
2010-12-19,407.6478765295803,1407.5859210300328,86.78875208892988,4.6797028,0.6423899,-0.2871461,0.7280132,0.8282614056722043,0.5826642585486163,1.2929082987721312,1.0490444158078136,,
2010-12-20,387.7894737036,1274.572320907309,86.5109650424219,4.652254,0.647804,-0.15355289,0.7186943,0.9675275940610403,0.5713856260997467,1.438830934908304,1.0377643156847478,,
2010-12-21,387.7894737036,988.3721474509862,86.39021601304876,4.697616,0.6817138,0.04226947,0.65622336,1.354102608093758,0.5089516174429299,1.8438829131712073,0.9753263492755564,,
2010-12-22,387.7894737036,826.119590495358,86.31677797511375,4.7354136,0.6851011,-0.12515771,0.8040214,1.4275766946651147,0.5893192761947872,1.9208688099220745,1.0556932751254584,,
2010-12-23,387.7894737036,791.0071304953581,86.18616932964508,4.7228746,0.6825588,-0.30716312,0.92744076,1.3475716237229671,0.6616086901780204,1.8370397700725458,1.1279834874557682,,
2010-12-24,387.7894737036,749.093410495358,86.03200556315313,4.700357,0.69989353,-0.47848308,0.9176099,1.2880134350650656,0.6500397671184771,1.7746349035862796,1.1164151634621575,,
2010-12-25,387.7894737036,723.2490504953581,85.85872867543473,4.6622257,0.6689418,-0.9302958,1.033107,1.0216805832335951,0.7118954455170939,1.495572251850574,1.178273570392272,,
2010-12-26,387.7894737036,691.5368404953579,85.66388808675488,4.381715,0.6270024,-1.2199315,0.82980496,0.792675310038888,0.5774227590705628,1.2556213094125248,1.0438032949156473,,
2010-12-27,387.7894737036,640.0972604953579,85.43271467172555,4.156593,0.6207486,-1.4271601,0.78161705,0.6794149885536455,0.5401460847771383,1.1369475317213282,1.006527835190406,,
2010-12-28,387.7894737036,648.626030495358,85.03074855408266,4.2814484,0.6603597,-1.4283708,0.94043756,0.70803852426953,0.6383199282518102,1.16693917459977,1.1047013703302406,,
2010-12-29,387.7894737036,626.5816804953579,84.59014089271797,4.132446,0.6421123,-1.4300398,0.7802205,0.6964731455039653,0.5408608662615046,1.1548210102634808,1.00724243281026,,
2010-12-30,387.7894737036,477.0219004953579,84.245003367772,4.150141,0.676658,-1.6359099,0.7593512,0.9586090910390339,0.5172037740354497,1.4294861579282232,0.9835825569445953,,
2010-12-31,222.7955954016656,484.8167402602568,83.77713612139928,4.9328413,0.8341649,-0.5830244,1.1130309,1.1536759506128438,0.8065479162802318,1.6338765465869596,1.272924678749233,,
2011-01-01,114.51664638262731,535.3618846830195,83.56671000170654,4.78312,0.9304554,2.1300735,1.639004,2.597573219561217,1.3601097106865943,3.146787169275168,1.8264728707397127,,
2011-01-02,54.9368420988,683.5396804953581,83.79116509312149,4.2414684,0.8104958,-0.1581757,1.0257446,0.1691231954291665,0.9513498345278906,0.6022655352307303,1.4177372390606764,,
2011-01-03,110.34960257138178,501.8077833323703,83.84974817777304,3.55399,0.6426711,-0.18807423,0.3472985,0.48648315845362694,0.30736218008307875,0.9347942196469974,0.7737460332096162,,
2011-01-04,221.08844197702484,495.6681433576999,83.6423146068283,3.5535533,0.56338173,-0.57566154,0.4177526,0.6980228651302706,0.3371332634907683,1.156444801190472,0.8035148133520691,,
2011-01-05,220.468306753848,496.7064303562179,83.52351363671838,3.3663034,0.5338186,-0.46543205,0.41738224,0.7124904194189859,0.33240527911012635,1.1716038551193277,0.7987866733165963,,
2011-01-06,243.68945987599028,504.5549359725933,83.47120769770858,3.2920666,0.5254216,-0.656227,0.45323375,0.6296597203975468,0.3502685370358057,1.0848141318272437,0.8166508256459905,,
2011-01-07,279.2983962706457,504.5269193227925,83.41512490352946,3.167648,0.5265308,-1.0290507,0.38531342,0.46634784198104084,0.3109856176478847,0.9136965038761576,0.7773696926766198,,
2011-01-08,248.2890024944158,513.5740070214526,83.33905654454855,3.071239,0.51978767,-0.9821166,0.3155661,0.33886055079268884,0.27193188931366674,0.780115755962506,0.7383173800813153,,
2011-01-09,225.68846132072065,497.1878241182488,83.2643624337497,3.0030215,0.5114316,-0.9469503,0.308678,0.28626631364882577,0.2656491206997336,0.725007694067572,0.7320352009379257,,
2011-01-10,236.06720217637516,513.3078093523178,83.16323818037706,2.910055,0.50341326,-0.9127389,0.3237805,0.2915129342784362,0.2726481926319658,0.7305050852286025,0.7390342139245835,,
2011-01-11,245.2998692040573,514.744975242295,83.03939182843807,2.8424425,0.5368704,-0.96949375,0.27136737,0.2607855882654223,0.25258676173641476,0.6983090771123442,0.7189731286971492,,
2011-01-12,217.9598728492535,535.9386482842085,82.91232380848398,2.8892126,0.5106069,-0.9365386,0.32036158,0.1695257254111332,0.27140094908000745,0.6026873047698551,0.7377883490353563,,
2011-01-13,195.5882856869109,504.8486213232318,82.76757153831615,2.7621255,0.50930285,-0.7497293,0.29761714,0.23091244482963483,0.25737250541483486,0.6670080995365584,0.7237592094692487,,
2011-01-14,194.13584305453395,498.4408500060229,82.61225435601743,2.715501,0.5139544,-0.7272934,0.3185913,0.2377546986115824,0.27079085512449386,0.6741773896602086,0.7371774818796534,,
2011-01-15,179.29125790121606,499.69682312517045,82.4472938620622,2.837903,0.49450487,-0.7975887,0.37910178,0.1623867388507725,0.30804222220431515,0.595207099055314,0.7744297033693369,,
2011-01-16,189.1137033378588,493.86193448589466,82.27515884196318,2.7996511,0.49292183,-0.8484558,0.3949904,0.16169300044998913,0.316555252567598,0.5944802023303992,0.7829427416273602,,
2011-01-17,209.3666385996009,504.2714585683814,82.08344375674443,2.6620045,0.5108573,-0.8444301,0.39502937,0.18428519424368045,0.3168270246214952,0.6181522257598779,0.7832142568650078,,
2011-01-18,214.01593218077025,436.5590913173969,81.9433327965884,2.842849,0.57130855,-0.9988085,0.73634505,0.2649595257845301,0.5286491895109469,0.7026825145769737,0.9950355094534962,,
2011-01-19,383.90622633183074,198.9103178584448,81.91406549939686,3.0301585,0.48013,-0.92518413,3.5781734,1.680233793558724,1.2614886484935988,2.185602054477712,1.7278601742872208,,
2011-01-20,138.49205389497587,404.8944777007965,81.88086103031945,2.9304547,0.517861,-0.58233535,0.6407755,0.3129638224250701,0.49536899807965823,0.7529812525024526,0.961754778699796,,
2011-01-21,54.9368420988,461.328810495358,81.831973961862,2.6807547,0.55718565,-0.3362733,0.28418675,-0.015225440045045767,0.26077568919416527,0.40910566514513613,0.7271652095488987,,
2011-01-22,198.97513952149592,470.7462166274258,81.66327393905777,2.466568,0.5618673,-0.5833467,0.24833451,0.3227871487882358,0.2415268882331804,0.7632741002864163,0.7079125588141982,,
2011-01-23,211.3662710454052,468.0342330292119,81.50425832350214,2.3089314,0.5926242,-0.55505407,0.24352804,0.33595192093525245,0.24927323403208787,0.777068103540538,0.7156587573167279,,
2011-01-24,197.30683665983744,458.8970574906584,81.34577653073393,2.1944227,0.61118084,-0.5186864,0.22412798,0.29708896616725644,0.2415321336421614,0.7363476323809968,0.707918092322782,,
2011-01-25,131.45953949489336,485.2346208984564,81.20201703108133,2.6508172,0.54025424,-0.5525695,0.30037853,0.1302904287886152,0.2629126620255841,0.5615766950879327,0.7293005090226938,,
2011-01-26,183.87783290032556,497.4756847908533,81.03703198124089,2.8665748,0.50040245,-0.7152103,0.371817,0.2514110634961392,0.3032082076455948,0.6884864821042992,0.7695946802802185,,
2011-01-27,84.68865768193334,494.44068062261744,80.91113790555018,2.9563825,0.48170394,-0.65858114,0.3907277,-0.12994893255541073,0.340946068333633,0.2888987818554163,0.8073369250171636,,
2011-01-28,148.04858842660514,478.83820887514406,80.74724633059908,2.9902034,0.4656296,-0.8481976,0.47608185,0.05829757474066443,0.3799109111991378,0.48614282871175024,0.8462995830510678,,
2011-01-29,167.6278133052427,476.6648761047315,80.5673937851501,3.0190291,0.45366508,-1.0573419,0.5933547,0.003221348842162674,0.45457071792872505,0.42843414748395986,0.920960024814859,,
2011-01-30,178.40040616583127,471.1334917322879,80.3694799544396,2.9330626,0.45732215,-1.0429817,0.59223616,0.049075067775655,0.4475604407340531,0.4764795174393763,0.9139492186806253,,
2011-01-31,195.4586090006166,501.3435392290493,80.1474226233464,2.766859,0.47981462,-1.0105804,0.51367235,0.04902174527851586,0.3933276591408899,0.47642364630914774,0.8597164377011606,,
2011-02-01,193.680735587736,495.6659218153605,79.92339356499794,2.8711698,0.51523936,-1.0512651,0.4642293,0.050793000194611096,0.36383726028401003,0.4782795611555003,0.8302260184603182,,
2011-02-02,125.84565569904584,477.4546114689446,79.74655133352309,2.917553,0.53714883,-0.9006747,0.35756695,-0.10421000775934919,0.3043554396054615,0.31586793927261675,0.7707459951660287,,
2011-02-03,124.13157659115292,506.70162403008266,79.57535889990945,2.6755695,0.52316576,-0.597726,0.33306682,0.04637348824592039,0.28665127061540924,0.473648811643008,0.7530400796590524,,
2011-02-04,155.599635456788,559.0468298501162,79.37753721742612,2.6434517,0.5128504,-0.6021913,0.32754055,0.10448098409386647,0.27949947587181484,0.5345336471619482,0.7458876178980297,,
2011-02-05,90.00478839844112,596.2718583889313,79.24178646873581,2.827299,0.5454742,-0.44263136,0.26952812,-0.01378185765322521,0.2448630050657032,0.41061824584064616,0.7112525087010846,,
2011-02-06,90.4644145747966,559.3755696118582,79.29730226088776,3.0977964,0.52790993,-0.74793637,0.46277186,-0.21257077713089698,0.4050715714019573,0.2023278955378686,0.8714633998071082,,
2011-02-07,121.1521063045932,521.3609795743048,79.24661477324196,3.055718,0.5304301,-0.7369238,0.44362104,-0.021784235108845473,0.3736085738402271,0.4022333820974061,0.8399981701879338,,
2011-02-08,54.9368420988,544.7998704953579,79.15197302406254,2.7498586,0.567579,-0.30803216,0.26079682,-0.027924469424151544,0.24254525349374897,0.3957996655711694,0.7089349210293835,,
2011-02-09,54.9368420988,530.9253304953581,78.98199410636657,2.471908,0.5595132,-0.32326233,0.23591833,-0.06115659716959424,0.2201395890133577,0.36097915571784034,0.6865296425797256,,
2011-02-10,93.91573399326036,524.2133005630251,78.78399438110017,2.3348951,0.5719925,-0.4202503,0.26373196,-0.0016459423167173703,0.23995251248849916,0.42333421644568786,0.7063418756617637,,
2011-02-11,156.3457094974939,527.5210974843561,78.55291733829337,2.4474225,0.54856825,-0.52963436,0.29778478,0.15098073167862264,0.2617118250054416,0.5832559237298203,0.7280994360406323,,
2011-02-12,153.21022777491368,515.4281539673192,78.39775604424418,2.7706769,0.5113016,-0.66762173,0.42164248,0.12022192700955509,0.34549892673026955,0.5510269533412852,0.8118868887303428,,
2011-02-13,150.04567748029655,526.9449086046394,78.23878603367253,2.918755,0.49675983,-0.70125115,0.46337453,0.10107357213195395,0.37710434901069617,0.5309633725559113,0.8434925300441274,,
2011-02-14,54.9368420988,598.7353804953581,78.11700901698174,3.07182,0.5243019,-0.54227054,0.47856477,-0.23853004914435827,0.44055373023554806,0.175127859059496,0.9069458655609632,,
2011-02-15,54.9368420988,707.9077304953581,78.0012778222998,2.650373,0.5414098,-0.23163164,0.44471928,-0.024081844236461546,0.4145302279826777,0.39982595510747393,0.8809198509630881,,
2011-02-16,54.9368420988,625.616100495358,77.89069434770653,2.8424463,0.535016,-0.26729345,0.44723585,-0.016263338447803404,0.41339546510368413,0.4080181587466049,0.8797849974806716,,
2011-02-17,54.9368420988,584.154880495358,77.83020746395516,3.5559354,0.6217323,-0.4921459,0.8869627,-0.14416955053777558,0.812478380391392,0.2739984669442452,1.2788694037685961,,
2011-02-18,54.9368420988,981.9024304953576,78.0385207120354,3.7089136,0.7933287,0.6530179,0.87416196,0.8149342557548579,0.8289110467050137,1.2789441566453186,1.295291345576701,,
2011-02-19,54.9368420988,1616.8690304953584,79.04079184315778,3.1303072,0.6982982,1.3440702,0.6039003,1.4027673342026505,0.5845062657410939,1.8948736468360607,1.0508805114541682,,
2011-02-20,54.9368420988,1462.172930495358,79.53142671513699,2.5788784,0.6064055,0.02903676,0.38047057,0.12137038721392512,0.3673500492790184,0.5522303060176093,0.8337379981554616,,
2011-02-21,54.9368420988,1343.644930495358,79.89099189014651,2.4728928,0.6533158,-0.42369974,0.39160213,-0.3099204440319071,0.37709406990654953,0.10032524733217896,0.8434870532639951,,
2011-02-22,54.9368420988,1103.574130495358,80.19018851761163,2.6261163,0.5882015,-0.44383729,0.35413066,-0.29825941999641503,0.3384888773176391,0.11254362845535104,0.8048817217579778,,
2011-02-23,54.9368420988,985.7792704953577,80.37698859335262,2.7041264,0.5670956,-0.08007288,0.3332715,0.06689814530283833,0.31709512835397197,0.49515447714721633,0.7834837013535751,,
2011-02-24,54.9368420988,876.0934304953581,80.54139576314606,2.8999605,0.53767735,-0.029718995,0.39840302,0.14315115267875558,0.3762347203299395,0.5750521176178365,0.8426224205997568,,
2011-02-25,54.9368420988,1017.411890495358,81.1579985112206,2.9084742,0.63451016,-0.03573537,0.45267323,0.1150976314392679,0.43071099119131323,0.5456577339592663,0.8970990117658699,,
2011-02-26,286.82844209880005,841.5108604953579,81.74443487476019,2.9513617,0.5274915,-0.5720333,0.550438,0.32362804544853097,0.4318591647105064,0.7641551889326121,0.898244825877079,,
2011-02-27,149.04228209879992,867.672330495358,82.31712033965813,3.1887577,0.5155129,-0.49798024,0.57209694,0.04246623889300961,0.4940459526612049,0.4695548091272918,0.9604348066947845,,
2011-02-28,152.4224420988,1880.7806304953583,82.6409845742288,3.1609087,0.57250124,0.32003462,0.9590632,0.5330054622023755,0.8882029501706863,0.9835401304863964,1.3545862923688614,,
2011-03-01,54.9368420988,2229.7750304953584,83.40395257055494,3.0675764,0.583092,0.24036908,0.51749045,0.3083504512099164,0.5052417572203672,0.748147377913235,0.971627589556728,,
2011-03-02,68.46469209879994,1783.4089804953578,83.78873227012036,2.9336238,0.5525532,0.054145575,0.40115264,0.1606013184969887,0.38686155156304264,0.5933363417117734,0.8532490530472556,,
2011-03-03,54.9368420988,1400.9895004953578,84.02137908567325,2.714174,0.546427,-0.14385104,0.39361736,-0.0360084486546194,0.37932567877071927,0.3873292997671858,0.8457154400951787,,
2011-03-04,54.9368420988,1280.422190495358,84.20900758356676,2.969702,0.5479371,0.16381466,0.4916407,0.2792492294716179,0.47195317582018154,0.7176552172533959,0.9383393349442324,,
2011-03-05,54.9368420988,1651.987580495358,84.4979858202273,3.4263327,0.63320535,0.86215323,0.79502565,0.9446805668438356,0.7697078262376229,1.4148918978887723,1.23608675507823,,
2011-03-06,54.9368420988,10138.834130495365,90.14775621989722,3.4339087,0.7650345,1.550463,0.7789388,1.5606133325839229,0.7747518358160872,2.060264144370405,1.241124523417485,,
2011-03-07,54.9368420988,4477.352930495357,96.94141879331075,2.6011155,0.61541665,-0.626624,0.76951563,-0.5874998761507901,0.760224779763715,-0.19052153278416611,1.2266211158056788,,
2011-03-08,965.8378593821014,4933.842230495357,99.40922528508092,3.15261,0.49223793,-0.2843238,0.68792266,0.2783373507994886,0.5809191223356303,0.7166997538978401,1.0473052917151284,,
2011-03-09,2712.9159479352,5558.743715029758,99.04548863311744,3.3167489,0.44442436,0.9370601,0.85200804,1.717543817040938,0.5908310507234588,2.224695369544441,1.0572022174929114,,
2011-03-10,3159.5494479352005,7635.194215029758,98.8015847920213,3.5973778,0.55344325,1.2596719,1.0080985,1.9439028318641811,0.7312038545067406,2.4618735715066515,1.1975728772090561,,
2011-03-11,8877.901020148085,14260.775615029755,99.40922528508092,3.612496,0.55789983,2.0139024,0.96508247,2.627254470585588,0.6321424129033704,3.177887082638223,1.098505318347756,,
2011-03-12,5554.189972006161,8029.214215029759,99.40922528508092,3.4849942,0.49439633,2.071599,0.94793314,2.649529630787323,0.5956797415104831,3.201226919353775,1.0620424565380548,,
2011-03-13,3255.184172006161,8472.168199818974,99.40922528508092,3.262055,0.4285731,2.121525,0.9752903,2.4381041598242366,0.7145490155675197,2.97969603360047,1.1809135608087775,,
2011-03-14,2335.710372006161,6821.531067553264,99.40922528508092,3.0675416,0.43018004,1.6491475,0.8836335,2.010933077343716,0.6673301917330857,2.5321076335886765,1.1336985907704868,,
2011-03-15,1874.3739720061608,5574.108467553264,99.40922528508092,3.2052107,0.49494907,2.0715744,0.8912491,2.3568484328077473,0.678500508935542,2.8945565605914,1.1448657711682735,,
2011-03-16,1789.5461720061612,5770.859815029759,99.40922528508092,3.1422067,0.44728214,3.2457557,0.88753456,3.2212456496694037,0.6856781600640712,3.800269009624976,1.1520361820112075,,
2011-03-17,1993.0136605810435,6062.54521502976,99.40922528508092,3.320748,0.54898965,3.8644261,0.9710857,3.7299155715832164,0.743345211306895,4.3332516150051275,1.2096993719361853,,
2011-03-18,2585.7079871938804,7433.588442384812,99.40922528508092,3.0317192,0.6225515,4.8349113,1.0423485,4.369556483628565,0.7898594206693083,5.003465176143169,1.2562091457732656,,
2011-03-19,2514.208427989259,7158.3373805443125,99.40922528508092,2.203587,0.48689067,3.4574165,0.9991751,3.131505579199516,0.7502091884744468,3.7062396705477125,1.216567922345337,,
2011-03-20,2129.172691925497,5154.011944976798,99.40922528508092,2.0909157,0.54339826,3.247096,0.9252015,2.909097257812133,0.6737235894552115,3.473200991662826,1.1400841274262896,,
2011-03-21,1859.0021043088484,4480.276040139637,99.40922528508092,2.4222991,0.5717413,3.9680524,1.0031407,3.5147581064830735,0.728524016508651,4.107810358552198,1.1948797742903574,,
2011-03-22,1759.322344574962,4099.425524177114,99.40922528508092,2.2663746,0.53769916,4.701215,0.92657065,3.9700570635749295,0.668134812230871,4.5848710494314195,1.1344872527656997,,
2011-03-23,1460.7730322300615,2991.312528585084,99.40922528508092,2.5454926,0.5448593,3.2683046,0.9326021,3.031142885224471,0.6516098098036562,3.601079982873367,1.117969350778691,,
2011-03-24,1244.8811582165288,2402.9744304953574,99.40922528508092,2.2745357,0.4475751,2.064976,0.87479496,2.136491114976114,0.596158041482773,2.663666916221223,1.0625252861246803,,
2011-03-25,1151.7889020513016,2108.411230495358,99.40922528508092,2.344818,0.44864613,2.2954931,0.8535956,2.312919042418043,0.5743348604348267,2.848527495506177,1.0407005134399019,,
2011-03-26,969.4736841976,1883.5908304953584,99.40152630425814,2.3830462,0.44828957,1.9219414,0.8612685,2.0786251755966147,0.588659571923567,2.603035182744202,1.0550273463521889,,
2011-03-27,969.4736841976,1672.8596304953578,99.27057471330679,2.5563667,0.47966692,1.7257906,0.8522918,2.0305294771897047,0.5675605222979025,2.552640674360362,1.0339287399764525,,
2011-03-28,969.4736841976,1257.973330495358,99.0493863804526,2.682788,0.5024658,1.57262,0.8470905,2.0558093173600263,0.5260190714406877,2.5791288044760146,0.9923870558104692,,
2011-03-29,387.7894737036,1124.9606904953582,99.12743874576311,2.7508273,0.52222365,2.030209,0.863457,2.2149376321884193,0.6559186791941316,2.7458629088002726,1.1222852117395066,,
2011-03-30,387.7894737036,950.6291804953582,99.25333374411906,2.9417863,0.57065976,2.8271632,0.8516664,2.8603737696473206,0.6270967427604108,3.4221486873166476,1.0934576835132708,,
2011-03-31,387.7894737036,1052.0580704953582,99.35388961246704,2.7516224,0.5435628,3.6015182,0.88317496,3.372618494852344,0.6617097306415669,3.9588769593654756,1.1280665725904826,,
2011-04-01,160.60987589143605,1131.676330495358,99.40922528508092,2.7694058,0.5017901,4.11804,0.8964792,3.950427076727735,0.7875347719166145,4.564302816314683,1.253887350582698,,
2011-04-02,1019.6462441976,1193.1304304953578,99.11032035339056,2.799783,0.4761617,4.46676,0.84167415,3.6986180197201244,0.5040889808043052,4.3004581471483085,0.9704433704705757,,
2011-04-03,135.02198209880004,1093.5927004953578,99.39863895448549,3.1893601,0.60211444,5.6244783,0.8255876,5.356864343303399,0.7378305707356644,6.037962976567378,1.204174367971309,,
2011-04-04,565.0776382442107,2356.2120302231965,99.40922528508092,3.2998192,0.5995282,6.609109,0.95271087,5.9689787711730995,0.7771255799653904,6.679334381680755,1.2434662618688246,,
2011-04-05,2230.842287571411,6788.480814922575,99.40922528508092,3.3531296,0.5785552,6.0500345,1.1563915,5.382981195065802,0.8820545630720726,6.065328124568032,1.3483982186352639,,
2011-04-06,2163.9600133323347,5990.557216580794,99.40922528508092,2.9680233,0.5663371,5.5321016,0.86428094,4.8516734926392635,0.6524715780290392,5.508625730150029,1.118818269191471,,
2011-04-07,1900.7281741687405,4928.875963521801,99.40922528508092,3.383802,0.5618885,5.9243727,0.9801477,5.217313482062827,0.7244445808938332,5.8917420611902624,1.190789148352064,,
2011-04-08,1502.368482775882,3453.739764936257,99.40922528508092,3.656937,0.5380075,6.412669,0.9858913,5.577311045076071,0.7061252390391716,6.2689462771254325,1.1724678649456732,,
2011-04-09,1415.369504238778,2741.307930495358,99.40922528508092,3.9644656,0.4975877,7.3296833,0.99399596,6.183809811783061,0.677077181499827,6.904433611668699,1.1434168716205257,,
2011-04-10,1311.1956231790305,2345.4222737275973,99.40922528508092,4.1527224,0.52449733,8.887076,1.034298,7.189424492020606,0.6895617590034785,7.9581132360997815,1.1558975084767673,,
2011-04-11,1323.6954159629065,2958.557987701936,99.40922528508092,4.6154947,0.6744249,9.8736,1.0777794,8.248257179076424,0.7732575611750205,9.067554506158395,1.2395904115145737,,
2011-04-12,1423.8399195964278,2705.2227327894047,99.40922528508092,4.469635,0.6476372,9.131793,1.0299072,7.524123861293845,0.7107578696901938,8.308810091111724,1.177092564136833,,
2011-04-13,1469.915446126367,3758.4108067667657,99.40922528508092,4.994548,0.64989316,8.593245,1.1351432,7.581490575881313,0.8362097015978844,8.368918738558168,1.3025442280776807,,
2011-04-14,1308.3221871543706,2742.1027364555,99.40922528508092,5.0559216,0.62902844,8.459893,1.0390824,7.360381015685063,0.7322051802446566,8.13724089720976,1.198540374826876,,
2011-04-15,599.7714102824029,2325.1371551535835,99.40922528508092,4.874591,0.64501977,8.932502,1.0429338,8.100400925358088,0.8395576424227428,8.912631228933641,1.3058908205713111,,
2011-04-16,662.5422737302339,2585.1753283341936,99.40922528508092,5.3256764,0.79846555,6.8513107,1.0037768,6.54007763202522,0.8154385544070465,7.277729815877813,1.2817767161446447,,
2011-04-17,2985.666144585237,5899.870277961584,99.40922528508092,5.0354776,0.64120454,8.002836,1.0454301,7.005761694465297,0.7268188193092989,7.765671984641195,1.1931552021619152,,
2011-04-18,1432.7078246430651,4318.615531573248,99.40922528508092,4.4924192,0.5096577,7.697986,1.0305413,6.899449776767954,0.7841699171997667,7.654278720687028,1.2505066843090107,,
2011-04-19,1200.6656761041918,4248.104009680375,99.40922528508092,5.3235464,0.6244502,8.070344,0.97792625,7.465072370201171,0.774752274576194,8.246936140602244,1.2410871458540709,,
2011-04-20,1306.8260326754703,4190.581509487174,99.40922528508092,5.6158137,0.6710078,8.9479065,1.1773726,8.155812123973288,0.9115558658824707,8.97069089342894,1.3778889182505683,,
2011-04-21,904.6505497483892,3244.1179015812727,99.40922528508092,5.0104623,0.5602894,7.141041,1.0298935,6.676462204732899,0.8145368280230455,7.4206331049535805,1.280874443096549,,
2011-04-22,757.6505321707104,2692.241543855137,99.40922528508092,4.82075,0.5723275,6.3973875,0.99203813,6.051133175785196,0.7843081049921083,6.765415486002527,1.2506484013907033,,
2011-04-23,1721.3209463367184,4165.356237187657,99.40922528508092,5.98198,0.71215296,6.8430314,1.0489899,6.591251660555069,0.7709129705543701,7.331349788041724,1.2372509246797823,,
2011-04-24,1273.099300987926,3600.248517937431,99.40922528508092,6.3176236,0.7931795,9.478197,1.2362721,8.652538014779374,0.9365222075005002,9.491158583843044,1.4028542891722464,,
2011-04-25,1387.5961680960877,3302.5443042690363,99.40922528508092,8.1637,1.1179819,10.109869,1.2147722,9.53408741991353,0.917099657265508,10.414843037116722,1.383430711074163,,
2011-04-26,3456.3081654998887,6585.352615270418,99.40922528508092,9.915045,1.954404,10.877492,1.1034003,10.54622065305676,0.9879986317797544,11.475352778999824,1.4543296015835947,,
2011-04-27,3410.738535500709,7027.513784849775,99.40922528508092,9.965115,2.2054777,11.025676,1.1074873,10.679133385559993,1.0369525319595352,11.614618285777263,1.5032835777684335,,
2011-04-28,5832.57047200616,11528.422967553262,99.40922528508092,8.643535,2.3640628,9.803571,1.0578686,9.413846953557833,1.0603105016706802,10.288855487490695,1.5266416433258305,,
2011-04-29,3645.677572006161,10268.607867553264,99.40922528508092,8.169035,1.4185804,9.351674,1.1678836,9.041811173774933,0.9386139907711001,9.899037669174865,1.4049455089700225,,
2011-04-30,2503.5459720061613,7567.756467553264,99.40922528508092,8.823303,2.1105132,9.059438,1.0745995,9.000738923811854,0.9629412586784344,9.856002306062013,1.4292728281506575,,
2011-05-01,1835.064672006161,5444.836367553265,99.40922528508092,10.037117,2.5785878,9.275803,1.0975292,9.46770922444436,1.0470530268699016,10.345292190806635,1.5133841271291475,,
2011-05-02,1464.413472006161,4002.155567553264,99.40922528508092,9.930576,2.0657718,9.4997425,1.1658015,9.615156552933215,1.017203699572421,10.49978699757378,1.4835347034859916,,
2011-05-03,1125.5562666544556,3769.687185755035,99.40922528508092,11.596468,2.7267237,10.229552,1.1848239,10.543845225043178,1.1070412640126002,11.472863813647187,1.5733722326418578,,
2011-05-04,2444.239073107479,7722.516897576335,99.40922528508092,8.716568,1.255614,10.227498,1.0170474,9.864248036178997,0.8294175082789408,10.760784202242073,1.295748405918093,,
2011-05-05,1827.523514582913,5886.339837004699,99.40922528508092,9.13101,1.4906517,9.19435,1.1714184,9.179344054921557,0.9611263490530405,10.043144151907663,1.4274577096081376,,
2011-05-06,1277.3090145829128,4345.031750868442,99.40922528508092,9.429407,1.8788161,9.126588,1.1428294,9.195383726352102,0.9809313352440652,10.059950464803713,1.4472626788227707,,
2011-05-07,1000.158014582913,3290.619440128867,99.40922528508092,9.511818,1.9311304,9.520782,1.1312212,9.518692883164112,0.9773675934432976,10.398712694134273,1.4436986575759894,,
2011-05-08,775.6404145829129,2689.573316784393,99.40922528508092,9.646778,2.2445087,10.005737,1.1719117,9.92538922727073,1.0391207683611585,10.824847733267283,1.505451650762129,,
2011-05-09,597.1946315356146,2212.562419983447,99.40922528508092,9.788763,2.313515,10.34008,1.1449906,10.222901560362809,1.0269995916324985,11.13658013888613,1.4933304609074611,,
2011-05-10,474.1985752364898,1773.5088870974769,99.40922528508092,10.825983,2.5731032,11.170512,1.1821375,11.097826925315255,1.0792084802935757,12.053323945500562,1.545539897608893,,
2011-05-11,408.2682238250373,1393.4514767433584,99.40922528508092,11.389645,2.7220578,12.085483,1.1792278,11.927806276306663,1.1010153682728336,12.92297347232688,1.5673481147159325,,
2011-05-12,306.8545013161307,1094.3289631200691,99.40922528508092,12.083372,2.9480588,13.075724,1.1765629,12.858401975210063,1.123029447085788,13.898048464555604,1.5893646207457357,,
2011-05-13,190.9855492172884,810.6972136712376,99.40922528508092,12.100538,2.9429793,13.600455,1.1643606,13.314474044916002,1.0967666527546993,14.37591922018911,1.5631033776256347,,
2011-05-14,249.38567573491173,877.0399838987331,99.40922528508092,11.947111,2.8104563,13.477096,1.1521901,13.138363785562657,1.0917645743856024,14.191391492441479,1.55810067206752,,
2011-05-15,262.62864816116746,1020.9250193131217,99.40922528508092,12.260162,2.992656,13.273866,1.2238126,13.066451279780003,1.1499866165914008,14.116041814703017,1.616322468368063,,
2011-05-16,470.2422281980362,2201.0362693567045,99.40922528508092,12.9289875,3.0733645,13.382903,1.2469281,13.302997435357764,1.1611656948377713,14.363894067924814,1.6275023777560553,,
2011-05-17,867.1352057117211,1854.1095886492944,99.40922528508092,13.481041,3.1620173,14.15873,1.2408676,13.942781453440645,1.3153094699314736,15.034257575079799,1.781648721453851,,
2011-05-18,1103.642072006161,1979.652967553263,99.40922528508092,14.552511,3.5711427,13.4026165,1.2125589,13.814212591678658,1.4966865014301007,14.899543561216255,1.9630251991879262,,
2011-05-19,2423.5039720061613,4449.733967553264,99.40922528508092,15.128908,3.817299,13.339462,1.1227549,13.970420968000719,1.529707036578491,15.06321816395489,1.996046409617243,,
2011-05-20,4169.427372006162,5879.110067553263,99.40922528508092,14.499937,3.7095397,12.272176,1.0679018,13.196538052296388,1.6611724090293496,14.2523462902663,2.127508709966274,,
2011-05-21,2813.105372006162,6916.510067553264,99.40922528508092,15.17524,3.8121066,12.600439,1.1193521,13.344886284292587,1.3594044586474272,14.407785060648854,1.8257412954185737,,
2011-05-22,1744.2354720061612,4893.625967553264,99.40922528508092,14.646299,3.5543127,12.169809,1.121545,12.82055834841077,1.2473796252665508,13.858396041757272,1.7137146809003867,,
2011-05-23,1042.9184981472097,3565.5210283538013,99.40922528508092,14.762732,3.606587,12.036376,1.0965123,12.653367200497913,1.1772399303956915,13.683213728488528,1.6435744842002493,,
2011-05-24,1205.7610182365452,2908.8994193608837,99.40922528508092,15.055574,3.6720076,12.559067,1.1113672,13.290643933032216,1.3323613006293824,14.35095011041644,1.7986979385578905,,
2011-05-25,737.8184775906522,2229.9165428869605,99.40922528508092,14.776737,3.6134224,13.895103,1.1067973,14.114289356644353,1.2241882136985054,15.213962969786206,1.690528233361054,,
2011-05-26,619.237251630476,1753.1090234552316,99.40922528508092,14.298794,3.546247,15.011725,1.110377,14.825633778959803,1.2369814696082648,15.959307223879073,1.7033250343315012,,
2011-05-27,817.0352802587586,2072.6126226992674,99.40922528508092,14.921471,3.6835601,16.07468,1.1186539,15.748615343683007,1.3147336911050032,16.926404152341405,1.7810827182005362,,
2011-05-28,504.2763632129706,1467.3868400891602,99.40922528508092,14.531576,3.543047,16.797823,1.0956379,16.218203324363664,1.2190398566386373,17.418436833292386,1.6853920367774695,,
2011-05-29,384.6750732916344,1076.8657863903666,99.40922528508092,13.77449,3.419952,18.483253,1.069172,17.243915018307515,1.1961622099736442,18.493174039986734,1.6625221542477744,,
2011-05-30,718.6868457607702,1037.3308239575003,99.40922528508092,13.729345,3.3714948,21.500076,1.2012438,18.319742617333368,1.551626384300924,19.620422520713348,2.0179957648009292,,
2011-05-31,488.271475021354,714.74566211145,99.40922528508092,12.936016,3.1130793,21.183626,1.0691586,17.836148719452307,1.4142013136152263,19.113714487596617,1.8805662886954457,,
2011-06-01,399.17659907759236,519.0142369947336,100.0,12.384529,2.9268637,23.062647,1.1624076,18.420415031930315,1.4320652238317113,19.725906732596595,1.8984355550624803,4.1816873616126875e-08,4859.999999958183
2011-06-02,314.32663415700364,428.1672560099845,99.9999999999563,11.586798,2.603682,20.907297,1.1679562,16.961566064822264,1.2917258255221238,18.1973297716865,1.7580835125401635,7.472010058751401,4852.527989899432
2011-06-03,208.69236461523965,409.4989804953578,99.99219225694821,11.264004,2.6118927,18.498585,1.0444891,16.05629592119757,1.1207874186644864,17.248790809707724,1.5871384831923812,1.0469016770726119e-05,4852.527979430415
2011-06-04,185.20459000000147,394.9667004953579,99.93403545269801,10.974468,2.535105,18.820238,1.0211128,16.31568020426074,1.0668384278674345,17.5205727748405,1.5331912941211374,1.4660788139499964e-12,4852.527979430413
2011-06-05,184.2883500000015,385.849560495358,99.85064722822486,10.796267,2.5282235,19.900356,1.0195917,16.95759868094851,1.0695629867538603,18.193172760425405,1.535920642703915,1.4776768061565793e-12,4852.5279794304115
2011-06-06,172.17916000009438,358.995830495358,99.74674812487434,9.917101,2.284275,21.481848,1.0877,17.733161482592582,1.0433902642761408,19.005804812859253,1.5097543357085454,9.436361747986505e-11,4852.527979430317
2011-06-07,165.18338005460558,346.3026104953579,99.6155659373741,9.268215,1.9115013,22.825195,1.1528213,18.446995629447912,0.9951330809169766,19.75375779181431,1.4615036651036606,5.460556592615e-08,4852.527979375712
2011-06-08,163.27414386973555,319.1468804953581,99.46613275496408,9.042574,1.716649,25.412693,1.4177245,19.87226869459136,1.103272773186933,21.24715403741937,1.56965810414017,0.0014238697355750337,4852.526555505976
2011-06-09,164.47361715229448,279.92933049535804,99.33993526868626,8.569499,1.6078249,28.621061,2.1399922,21.199974223791788,1.4734802448351916,22.638319352381277,1.9398814026694875,0.9185871522944785,4851.607968353682
2011-06-10,128.36605706954603,328.55277049535795,99.24414083263217,8.448479,1.5371507,26.78772,1.817081,21.635522184305504,1.3761087936389678,23.094685016561325,1.8425155824242787,5.566057069546031,4846.0419112841355
2011-06-11,138.29805129649873,460.17095049535794,99.06562747591256,8.121529,1.3487611,24.251965,1.3814191,20.524440084307827,1.1069761823756923,21.930496990227915,1.5733690356686258,0.047491296498729824,4845.994419987636
2011-06-12,433.7971600045377,630.940830495358,99.07408830059398,7.767569,1.2068506,25.30426,1.3157618,18.159435046709795,0.921783961978421,19.452452796197985,1.3881518524850933,4.537700318564489e-09,4845.994419983099
2011-06-13,311.05627000000146,490.7636804953582,99.11828389002395,7.4071226,1.0022048,22.663523,1.0695707,16.74498838055746,0.7613925260727534,17.970400414447614,1.2277485434327402,1.4620449131261203e-12,4845.994419983097
2011-06-14,245.16150000000147,468.5689904953579,99.11623064776444,7.248571,0.83142453,20.793058,1.0122763,16.14062038040295,0.7233320764534873,17.337145689814378,1.1896837182719242,1.4640735010813767e-12,4845.994419983095
2011-06-15,249.5651000000015,444.0226504953581,99.01420471222404,7.482032,0.7633089,21.348406,1.0522314,16.359040014551937,0.7274597122189249,17.566005035845517,1.193812887163101,1.472002443265215e-12,4845.994419983093
2011-06-16,172.87445000027463,353.88200049535794,98.95823988180454,7.5717835,0.7046981,22.872301,1.1705774,17.850875060766054,0.8197114460436694,19.12914469768568,1.2860765513293613,2.746014127867754e-10,4845.994419982819
2011-06-17,282.2335200000149,369.6447604953578,98.94548265066189,7.3228846,0.6235306,25.337772,1.4625564,17.538148803021507,0.872168115685511,18.801471193822177,1.3385305092327007,1.4865372189974355e-11,4845.994419982804
2011-06-18,203.40201000007843,366.943550495358,98.94947950787373,7.235709,0.62240124,23.527939,1.2107395,17.717650329607167,0.8099622081437523,18.98955227978336,1.276326144526541,7.843544654310082e-11,4845.994419982726
2011-06-19,166.14885000300583,346.922650495358,98.89709486213131,7.385481,0.6436057,23.25183,1.1807994,18.11380157090473,0.8251738036508148,19.404638196239674,1.2915412753861997,3.0058623214274186e-09,4845.99441997972
2011-06-20,151.91859016258147,298.8063304953579,98.78826193674315,7.391772,0.65036726,24.272512,1.2995901,18.582793048814338,0.8890078940730974,19.896045863626192,1.3553797831916066,1.625814688022769e-07,4845.994419817139
2011-06-21,145.92958458313848,259.87673049535795,98.66702264898981,7.428082,0.63258725,25.96033,1.5497031,19.296058404199574,1.0181612296340992,20.643402864823198,1.4845403190499578,3.458313847450143e-05,4845.994385234
2011-06-22,374.7414542855652,431.790310495358,98.59001082474653,7.4835734,0.58558464,29.695715,2.9926813,19.375216022725326,1.6251203934467715,20.7263439469277,2.0915003178077676,5.9593965229325175e-05,4845.994325640035
2011-06-23,225.30504607124712,582.073160495358,98.73693600814971,7.246488,0.6230787,23.34802,1.2053324,18.854765121319822,0.8861999446901175,20.181017271507418,1.3525745107039928,1.3796470791269591e-06,4845.994324260388
2011-06-24,220.44089469165505,325.72328049535804,99.12463094989101,7.532462,0.6024186,24.547434,1.575341,17.679909833083503,0.9704607242679579,18.9500079165353,1.436824333207933,5.5049934603766316e-11,4845.994324260332
2011-06-25,387.78947370360146,535.7070304953579,99.25314383021328,7.334788,0.6467773,23.637169,1.0885565,16.791564451174068,0.6873851754696901,18.019202662027364,1.1537415473701826,1.459040076293327e-12,4845.99432426033
2011-06-26,387.78947370360146,502.5867945868161,99.28508585470954,7.394706,0.7094562,23.016188,0.99700683,16.21249527571103,0.6420228312049825,17.412455959426147,1.1083749715031048,1.4705280296821778e-12,4845.9943242603285
2011-06-27,387.78947370360237,577.0136439131687,99.23980744821922,7.7041755,0.73809636,23.703857,1.0337244,17.273003158061456,0.6857286557954219,18.52365249338808,1.1520888377963487,2.3884645814617143e-12,4845.994324260326
2011-06-28,395.10424384039356,755.9524774543182,99.22023908880128,7.7988076,0.7040439,24.184977,1.0655586,18.560366795003695,0.7403545701598421,19.872547711543714,1.206726242321846,1.3679358707726352e-07,4845.994324123532
2011-06-29,387.789473705073,652.4025734298032,99.80685293366912,7.482245,0.6542308,24.30564,1.0974526,18.03378279686822,0.730251135975738,19.320794798334713,1.1966178791400537,1.4730356414598414e-09,4845.994324122059
2011-06-30,387.78947370499844,893.132773238739,99.79418247289357,7.4734564,0.6727981,22.611073,1.0546649,18.02827431276881,0.7630602459132773,19.315023027525164,1.2294269391922055,1.39843956746141e-09,4845.99432412066
2011-07-01,387.789473707482,753.970613988352,99.72713716102676,7.4765983,0.6719239,23.62814,1.0589365,18.1424006424499,0.735574752616586,19.434604205643666,1.2019424865226478,3.881986467569038e-09,4845.994324116778
2011-07-02,387.78947420611655,689.7161359968218,99.67439381837693,7.633651,0.67869157,24.958036,1.0827321,18.723067123423725,0.7348445001931887,20.043024559498974,1.201217759402458,5.025165876643782e-07,4845.994323614262
2011-07-03,1179.5280301159282,1464.7453860275682,99.98536501945064,8.535643,1.2323632,26.87615,1.0544245,18.695020842791003,0.802083905191432,20.01363776252342,1.2684568886663266,4.03914226423731e-07,4845.994323210348
2011-07-04,1827.2042720061884,1539.6420675532631,99.98536501902858,10.158228,2.0942478,26.431969,1.6528075,17.60012854698432,1.3649287631071545,18.866413357679257,1.8312916852123788,2.7338568555954933e-11,4845.9943232103205
2011-07-05,969.4736841976016,1348.7782770579056,99.97561376282015,9.719618,1.9354469,21.159834,1.0753407,16.375630723361066,1.0230037794661604,17.583388723823223,1.4893570730929104,1.5908129481914032e-12,4845.994323210319
2011-07-06,553.9256196735928,1118.6299757712934,99.98536501902855,9.096966,1.5285884,19.937323,1.0147289,16.347157130232887,0.8466829435489404,17.553554190275626,1.3130360336817017,1.559150340293982e-12,4845.994323210317
2011-07-07,969.4736841976019,846.8081991863294,99.6514957779999,9.147751,1.5476253,26.306835,1.5438031,17.147859992668277,1.0956577360185862,18.392527912469617,1.562016902143089,1.8029259478971039e-12,4845.994323210315
2011-07-08,387.7894737036015,969.155767657454,99.72178641951811,8.637558,1.2414359,19.237738,0.9437049,16.20840532079985,0.7616823697669505,17.408170518651026,1.2280344815411552,1.5381071181273482e-12,4845.994323210313
2011-07-09,387.7894737036016,965.686042243156,99.60789437033075,8.278809,1.110022,20.58369,0.9794931,17.05817157941661,0.7678185150213973,18.298552699649022,1.2341769640981128,1.595843231067063e-12,4845.994323210311
2011-07-10,387.78947370360356,816.2261286475695,99.41023364224252,7.848412,0.9824666,21.868486,0.9567782,17.352899355837284,0.721689968816644,18.607367456306104,1.188050808758911,3.5704173774313303e-12,4845.994323210308
2011-07-11,387.78947370363073,628.7908471458477,99.28242782238364,8.218523,0.9484897,23.41165,0.96348196,17.61600869291609,0.6971828445382936,18.883052520303004,1.1635459027750186,3.074446121693959e-11,4845.994323210277
2011-07-12,387.78947376684243,531.2420636475911,99.11859506222778,7.9777575,0.87902117,26.123028,1.0769323,18.4665497014831,0.724636458827459,19.774246481650525,1.1910072296174716,6.324244429401334e-08,4845.994323147034
2011-07-13,387.7894739002627,463.6577504953579,98.92052225505891,7.6307707,0.8063366,27.785355,1.4439551,18.606000597551652,0.8678424916791856,19.920362653862114,1.3342146059181177,1.9666273505081076e-07,4845.9943229503715
2011-07-14,387.7894737061024,447.5807604953581,98.60713597726527,7.7585416,0.77284944,27.04759,1.2682986,18.093368850124346,0.7684306831509279,19.383228861251748,1.2347979681502403,2.502401478470056e-09,4845.9943229478695
2011-07-15,387.7894737072361,413.817200495358,98.26901520419653,7.8355813,0.7565092,27.786741,1.2597405,18.135062862026846,0.746226873068576,19.426915704399338,1.2125945396192381,3.6360902146218116e-09,4845.994322944233
2011-07-16,387.7894743058609,418.1231904953582,97.98887156562773,7.926857,0.7447766,28.780088,1.3613218,18.745919702649214,0.7919989417912654,20.066969413893805,1.258372426338545,6.022609338360586e-07,4845.994322341972
2011-07-17,387.78986353579677,372.328690495358,97.69119993240983,7.913345,0.736559,31.899323,1.978502,19.662390586164374,1.0394300266348862,21.027244472842,1.5058130402232346,0.0003898321967718668,4845.993932509776
2011-07-18,387.8077852417021,355.550400495358,97.31088522612355,7.8408995,0.6989772,33.96297,3.9799907,20.33516276968446,1.9382525060644897,21.732172866977685,2.404643126088934,0.01831153810211722,4845.975620971673
2011-07-19,387.878943497045,360.7906404953581,97.00773921723209,7.894302,0.69544923,34.38375,4.384869,20.65980684058018,2.1436058780766376,22.07233381472198,2.6100003536738057,0.08946979344498708,4845.886151178229
2011-07-20,388.0392982327422,347.13117049535805,96.68697791372749,7.901394,0.70122594,35.41062,4.588325,20.890640378660155,2.19789343297705,22.314200406857204,2.664290723323719,0.24982452914225126,4845.636326649086
2011-07-21,389.1730109582741,335.68681049535803,96.2406495569842,8.074205,0.72488916,36.669907,5.2817693,21.317041394602782,2.476786787217506,22.760981933782933,2.94318943723428,1.383537254674164,4844.252789394412
2011-07-22,396.25790277720057,322.3767302967626,95.88840443572776,8.180435,0.73074096,37.819695,7.6775365,21.476492835237135,3.467603134609034,22.928054608222123,3.9340078422579117,2.5179611505119888,4841.7348282439
2011-07-23,422.25901049212246,248.8273357147671,95.5656242363333,8.122105,0.71723276,39.814285,15.032242,19.873023009615704,5.591938604561516,21.24794440612338,6.058323943934339,0.0014213440236409696,4841.733406899876
2011-07-24,426.69262659590373,281.05073636085524,95.0656856544303,7.81066,0.6778634,38.700005,14.665117,20.077073851037692,5.83796118212322,21.461748180252435,6.3043488229815985,0.004579518397748901,4841.728827381478
2011-07-25,199.8476433254099,307.00037960463084,94.85609200286729,7.745364,0.633272,30.727173,3.7947881,21.66556050869857,2.3120450242714745,23.126159070179504,2.778452209399446,6.180911147509506,4835.547916233969
2011-07-26,139.39941368080517,208.39459447273865,94.71524097827867,7.762019,0.65267074,29.87239,2.1102264,21.010326526278128,1.291203339293424,22.439607143204686,1.757602113056935,0.4329130354664417,4835.115003198503
2011-07-27,181.2235667440197,232.79497200767528,94.47623902788686,7.8501654,0.70395195,30.520208,2.2500465,20.597111529400458,1.3021422921399988,22.006641881981068,1.7685360137600208,0.06758434522871518,4835.0474188532735
2011-07-28,213.1035143125594,289.72003959440843,94.28098158754233,7.693597,0.7469831,30.005651,2.1703925,20.549496890319684,1.2900001243867214,21.95675142591473,1.756393276393121,0.05366064377923076,4834.993758209494
2011-07-29,263.09172065714927,307.0734028748338,93.99009048251074,8.114635,0.7396548,30.820852,2.0732188,20.343505623114265,1.1675693437794676,21.740914480282814,1.6339600613776617,0.019518372556769192,4834.974239836938
2011-07-30,275.984585867654,258.6807712921098,93.72191857916357,7.951411,0.69754535,32.98764,3.1169658,20.064391533335915,1.5504326796187395,21.448459691116845,2.0168201760460245,0.00430122547255137,4834.969938611465
2011-07-31,266.84838187514146,379.5746060229426,93.35143688064312,7.9525967,0.7285338,31.127401,2.136909,21.560663709691855,1.2903144115707197,23.01624856275204,1.756720217119456,3.557195751186842,4831.412742860279
2011-08-01,272.4772455403683,394.7769309112594,92.98243662828682,8.024923,0.7397951,29.943913,1.7424208,20.993161790731595,1.0742459103349735,22.42162199197374,1.5406444703489708,0.3915137330586638,4831.02122912722
2011-08-02,261.9024232256377,380.5952141049107,92.62569026340314,8.154871,0.7503139,29.331438,1.7478838,20.699197397859805,1.0796201320005432,22.113607105989686,1.5460150836094013,0.10900235533028338,4830.912226771889
2011-08-03,262.58034665499844,394.1390796117738,92.27078491775023,7.7831645,0.69726807,27.860895,1.4478941,19.83308713908753,0.9126008196733203,21.206099737497908,1.3789857141806354,0.0011328673569210718,4830.911093904532
2011-08-04,303.43198999394554,293.4461629985582,92.01163228994507,7.896576,0.73169076,27.796345,1.2886745,17.679997851041303,0.7346793136323108,18.950100141450605,1.2010429233340492,5.621241968664741e-11,4830.911093904476
2011-08-05,279.8532021425583,367.3778320470679,91.59867936954585,8.250555,0.7876289,28.303762,1.4374504,19.63304980478161,0.884139489968136,20.996501302405584,1.3505221836034949,0.0003289251506871639,4830.910764979325
2011-08-06,423.36118069160744,232.63605049535803,91.30631416021447,8.196014,0.84490067,34.27482,10.773954,17.44433082931233,3.8594761994013393,18.703169041670403,4.325837801234158,7.473266222572784e-12,4830.910764979318
2011-08-07,565.5300464003666,414.97730049535807,91.07811697878829,8.226486,0.80429894,33.3922,3.8787444,18.877298974914044,1.7058775599369078,20.20462816627532,2.1722523515353,1.7087665015822705e-06,4830.910763270551
2011-08-08,425.69952534966643,350.592860495358,90.88585665381378,8.2831135,0.80956334,31.469313,1.7427104,18.75457506501795,0.9036239254168583,20.076038472996892,1.3699974954663152,6.580664057949416e-07,4830.910762612484
2011-08-09,344.6677455323428,503.2357904953581,90.79914364209897,8.203686,0.8022265,26.608213,1.050241,19.126882367472717,0.7034732018803197,20.46614079184015,1.1698505308663592,1.08407427735919e-05,4830.910751771741
2011-08-10,355.163933836951,491.890730495358,90.80450120693196,8.008175,0.79023904,27.292917,1.1037345,19.206963361756305,0.7215259702086081,20.550049383907307,1.1879041284308047,1.914535102772456e-05,4830.91073262639
2011-08-11,288.9901210267681,384.173900495358,90.69044732476287,8.127026,0.8134808,27.76548,1.3865694,19.334668020730003,0.8649493767258959,20.683857889043413,1.3313288724963561,4.633516819809272e-05,4830.910686291222
2011-08-12,311.3331141438798,363.1134702888802,90.48739266139792,8.151039,0.8136788,29.457043,1.63912,19.621920692308816,0.9590892115848147,20.984840256399558,1.4254717841178137,0.0003067057535255315,4830.910379585469
2011-08-13,326.1241991848182,371.3779441434482,90.3561453250014,8.121969,0.79384655,30.154882,1.7158892,19.853170465840734,0.9861273590985166,21.227142978618495,1.4525124770960534,0.0012829529611986905,4830.9090966325075
2011-08-14,307.04799475257965,248.21902049535808,90.31141679246392,7.8889036,0.806652,31.536577,2.321405,18.46003825849814,1.1295349428361083,19.76742381394914,1.5959056514392578,6.097962173611018e-08,4830.909096571528
2011-08-15,184.005954691602,77.38393049535806,90.40446078392456,7.9822936,0.93342674,30.272985,3.5422575,14.5814064512725,1.2375337186485267,15.70340666477767,1.703876001000769,2.033519417960281e-12,4830.909096571526
2011-08-16,138.957894691602,77.556,90.83962606847477,8.217636,0.9617005,29.725786,3.7320485,15.921927288354802,1.4724388886845747,17.107999815531265,1.938789050119456,2.012854511734663e-12,4830.909096571524
2011-08-17,138.957894691602,77.556,91.089198624108,8.311367,0.9091342,30.67021,3.8834271,16.320379197959358,1.5084715573141176,17.525496364375204,1.9748244569173767,2.007293532035338e-12,4830.909096571522
2011-08-18,138.957894691602,77.556,91.1987698081273,8.3836,0.8895166,31.094831,3.624046,16.51883909304478,1.418130978047044,17.733441964044495,1.8844853092084946,2.006284848961839e-12,4830.90909657152
2011-08-19,138.95789469160198,77.556,91.26040108069367,8.1826,0.8725097,30.49085,3.832912,16.17348980975151,1.4827660018866715,17.371586165527276,1.9491178709339663,2.0024032993698292e-12,4830.909096571519
2011-08-20,138.95874743046124,193.89,91.29523693418045,8.382919,0.8681265,27.954264,2.4503033,19.783556959348378,1.4726377951211347,21.154202184477672,1.93902214042048,0.0008527388612564225,4830.908243832658
2011-08-21,138.9588887383431,193.89,91.31588843137783,8.436462,0.8714598,27.95938,2.3010468,19.80888534027959,1.3888958435728385,21.18074117543666,1.8552804693716944,0.0009940467431020705,4830.907249785914
2011-08-22,138.95789470004263,193.89,91.37039324037544,8.514761,0.9191881,25.18538,1.751945,18.22570268469828,1.0903034790040447,19.52188780075773,1.5566719818782822,8.442633859421726e-09,4830.907249777471
2011-08-23,138.95789469162267,598.9329553801638,91.40312165342621,8.654835,0.9827419,19.64779,1.0454415,17.57762288262018,0.8685130771162596,18.842831999490276,1.3348758067871171,2.2672327775399733e-11,4830.907249777449
2011-08-24,138.9578946916053,378.1094906549673,91.4001634854665,8.802143,0.9935651,20.551891,0.98527384,17.394236592792332,0.7683751704816331,18.650680471883327,1.2347363536995033,5.328759441656241e-12,4830.907249777443
2011-08-25,138.95789469164833,542.3272934679572,91.45632772092601,8.641506,1.0034131,19.971392,1.0637252,17.660498881201555,0.8711451172704419,18.929669187506413,1.3375085584320754,4.834456993948662e-11,4830.907249777395
2011-08-26,138.95789469161122,592.8086106516978,91.9854785436162,8.844603,1.0212315,19.521065,1.0997393,17.49367119007116,0.9117675145617964,18.754867703011918,1.3781295315149793,1.1238682189299876e-11,4830.907249777384
2011-08-27,138.95789469383513,675.0475409326374,92.23060497759167,8.963118,0.84124774,19.951765,1.2673538,18.075906190355397,1.060771202780762,19.36493154603896,1.5271383285659605,2.2351353735374818e-09,4830.907249775149
2011-08-28,2481.1424737046395,10506.079224005374,97.26665356515734,10.669725,2.0284557,19.68411,1.6377883,17.961958315703086,1.3804089976596678,19.245537352489592,1.8467750930975875,1.0397160813405081e-09,4830.907249774109
2011-08-29,4917.725027813806,6714.597037057905,99.96960005201056,11.755924,2.5880048,23.595213,1.4281867,18.58998989635872,1.3699358834916164,19.903586695882005,1.8363078423559003,0.00034372723351533744,4830.9069060468755
2011-08-30,2347.910981773249,6527.992467553265,99.96959969283895,15.380793,3.7222848,20.438255,1.4066519,19.10042279950233,1.4282246965039258,20.438416546968288,1.8946017531136603,9.767088314398585e-06,4830.906896279787
2011-08-31,2307.1672860971166,4124.814667553264,99.0637045989033,16.426424,4.126397,21.156248,1.5097612,19.45964890548312,1.768689603137441,20.814812432861945,2.235070425983117,0.0,4830.906777318188
2011-09-01,2074.62733676104,2715.8180675532635,98.12073167965929,16.656412,4.2056117,23.503534,1.7406181,20.538209450634184,2.0714935769184013,21.94492448519645,2.5378865942733024,,
2011-09-02,1823.866523626116,2489.705915029758,97.17810111370326,16.580902,4.142598,22.914095,1.7037501,20.236291654891776,2.008738779769019,21.628576050871906,2.4751282495073577,,
2011-09-03,1508.535248575476,2191.8147150297577,96.37145965438317,16.624905,4.15833,22.826382,1.6863512,20.298202776935923,1.9676345872158936,21.69344631291718,2.434024775932353,,
2011-09-04,1269.2174857821622,2433.986115029758,95.80571564834763,16.393087,4.0775356,20.907654,1.5690056,19.360353886535002,1.7368153514475153,20.71077145143115,2.2031951184981597,,
2011-09-05,440.7804693600807,3251.7545900583605,97.76957615267999,14.660717,3.4647408,17.061575,1.469552,16.774982861307848,1.3586130316523213,18.00182852884687,1.8249692770481347,,
2011-09-06,969.4736841976,6261.03840261867,99.77060121831066,14.079212,3.082681,16.830847,1.8618801,16.461905098961047,1.664376837096174,17.673786719662683,2.1307307529661137,,
2011-09-07,7750.498160611287,19868.85086755327,99.96959955832622,14.037823,3.5754135,16.708355,2.3926258,15.958954408732069,1.9922931617910484,17.14679670569169,2.4586435700246136,,
2011-09-08,12672.43797200616,19443.250467553265,99.96959955832622,14.812393,3.8736265,15.677226,1.5012333,15.33597412597904,1.7782852037648083,16.494040094974626,2.2446316683539638,,
2011-09-09,5629.9689720061615,9695.03996755326,99.96959955832622,16.181389,4.213222,15.6710615,1.5354851,15.858541150987325,1.827386032114812,17.041584037472294,2.2937357746984754,,
2011-09-10,2825.469972006161,7557.675467553265,99.96959955832622,16.57658,4.2349486,16.308954,1.7273645,16.38178079137149,1.7055502538731504,17.58983274406159,2.171903591574731,,
2011-09-11,1984.9186720061607,6147.522367553264,99.96959955832622,16.423096,4.1349273,16.924425,1.6758271,16.802063570244822,1.6196690480489284,18.030203603100258,2.086025500212137,,
2011-09-12,1915.7736846213595,5167.273215029759,99.68666276353498,16.504154,4.1382813,17.15397,1.5305866,16.97821282870823,1.5810196760506,18.2147721939821,2.0473774936231535,,
2011-09-13,1551.2122393390057,3526.6249150297576,99.3289566325707,16.568247,4.1514196,17.963453,1.4340309,17.537236134232362,1.6125335204872813,18.800514902584712,2.078895906284128,,
2011-09-14,1194.5897948283985,2984.7634550297576,99.08708801938128,16.347294,4.0466824,18.199293,1.3913623,17.669933852745384,1.5248792443637655,18.9395551184382,1.9912427670226513,,
2011-09-15,1116.003433951347,2859.6484750297573,98.8585119253947,14.485498,3.137059,16.591679,1.0569927,16.00045373865234,1.163397375556357,17.190279561723784,1.6297480622608804,,
2011-09-16,1068.2575298527236,2321.2811437222176,98.6167881972374,14.3639965,3.1025655,15.471368,1.0707102,15.122365250154921,1.222208433078517,16.270221445071527,1.688553647649526,,
2011-09-17,1016.9167005965628,1908.395791588232,98.22588289045532,13.746899,2.81821,13.515914,0.86893666,13.596210405916294,1.1318681344363737,14.671121616177643,1.5982059364334433,,
2011-09-18,969.4736841976,1635.2268072068132,97.78046344197942,14.59988,3.2510633,13.4641285,0.918558,13.886857100514892,1.3404368007749412,14.975660229252032,1.8067758090998636,,
2011-09-19,969.4736841976,1416.368091191512,97.18283826121822,14.917065,3.4316893,13.83851,1.0608997,14.276774495761085,1.5300799626824644,15.384214343125056,1.9964207411085177,,
2011-09-20,707.7753394643576,1301.716455064529,96.62858328793777,15.101551,3.6024919,13.426268,0.9230098,14.016329401220363,1.4026731354116313,15.111320863352304,1.8690127122164242,,
2011-09-21,619.8830765177999,1225.7590759078707,96.17116411329195,14.929878,3.5877311,13.908016,0.9852749,14.251221943887343,1.3711951150956299,15.357440466618778,1.8375357721969814,,
2011-09-22,542.6318304821067,1233.2265811620118,95.67284585422719,14.692423,3.6425643,14.661597,1.2059494,14.671016336062928,1.3928955765679978,15.797299595745015,1.8592383215142092,,
2011-09-23,1010.3715426242776,1783.1937863525943,95.34900321322883,14.159203,3.2287636,15.843089,1.4563826,15.234064137907792,1.4926240217085633,16.387259157835437,1.9589698834211609,,
2011-09-24,1810.8548431779443,3701.888246598257,95.51967528366241,15.494364,3.6693795,15.762626,1.4607238,15.674505611383365,1.554026213965608,16.848752228169285,2.0203747664926546,,
2011-09-25,997.3058341208482,2577.5262336658798,95.22156826220169,15.652241,3.73442,15.8347,1.3564799,15.783797294730832,1.4289806105615885,16.963267680385833,1.8953298651466945,,
2011-09-26,862.8296632659304,2181.985001433888,94.84753925919435,15.536747,3.7259562,16.025007,1.2718902,15.886645643025172,1.3948434432729766,17.07103182815915,1.861193371002182,,
2011-09-27,1601.3481314277042,2472.09723965986,94.57519303661495,14.879267,3.348556,17.86477,1.7780699,16.69111295181951,1.7021354069171417,17.91394992437993,2.168491017267857,,
2011-09-28,2432.3373100437675,5561.2225522459685,95.55804506527723,15.499062,3.783805,15.312339,1.2866395,15.369156158552792,1.4583887094296428,16.5288081152783,1.9247353728795495,,
2011-09-29,2975.8984026431435,5215.711490080067,96.62537481382795,16.063353,4.0267982,14.997552,1.2416122,15.384742536654171,1.662825920697904,16.545139468973556,2.1291726779920266,,
2011-09-30,2416.433220293289,6126.174815029759,97.42781530673587,16.012772,3.8661382,14.103522,1.3203989,14.643588452544018,1.446581471704471,15.76856075315143,1.9129240740841595,,
2011-10-01,2091.568137687748,5055.165215029759,97.36771461114377,14.101406,2.9591837,12.870609,0.9797684,13.230815166751642,1.1091927413204625,14.288261733622061,1.5755291638303954,,
2011-10-02,2235.471010892298,5491.896415029759,97.38029795609035,15.0557995,3.4168692,12.404122,1.0664166,13.171233197901804,1.2455966941214496,14.225831950331973,1.711932906170115,,
2011-10-03,1930.449789844536,4279.837915029758,97.00583206051014,14.4703865,3.070769,12.229053,0.99051476,12.925764657561635,1.1735035629852273,13.968630852855771,1.6398389507877118,,
2011-10-04,1759.3958673641775,3599.478215029758,96.44278241070496,14.486898,2.9872012,11.919006,0.88749033,12.762082455509812,1.1476959715159198,13.797125201065489,1.614030847997062,,
2011-10-05,1592.8508160043723,3367.5039150297584,95.73006278014175,14.499359,3.0957787,11.505391,1.0054724,12.466803085643981,1.2058963497641713,13.487732486682102,1.6722303813335997,,
2011-10-06,1220.6311569432548,2949.131125029758,94.81833341508388,13.877024,2.8748713,11.191935,0.97832775,11.977951439008162,1.0895056215576682,12.975515402392848,1.5558384735426978,,
2011-10-07,775.856739345581,2219.186470177914,94.23464441098895,13.896957,2.9783175,11.988524,0.9414416,12.482898130556489,1.0401177124150196,13.504596819723268,1.5064517874690535,,
2011-10-08,500.588540724068,1754.883493708326,93.87467899024902,13.978933,3.2842004,12.933839,1.0389037,13.165791321522198,1.0884381142767023,14.220129970863544,1.554774307305396,,
2011-10-09,420.9450780505514,1489.7052820339509,93.57680867632926,14.012735,3.418801,13.997172,1.22308,14.00060112163033,1.215202041033041,15.094840825762303,1.6815415477559141,,
2011-10-10,387.7894737036,1222.269602102249,93.31454984398357,13.900665,3.4180155,14.94899,1.3242906,14.696496499950804,1.299391159893473,15.823997624367147,1.7657340380531261,,
2011-10-11,387.7894737036,1164.2835509668244,93.09183472370457,13.820114,3.38476,15.224861,1.2251114,14.873881458654553,1.2489116363540913,16.00986097773679,1.7152554624821457,,
2011-10-12,389.4604337036,1158.2003433482273,92.80730134892947,13.241205,2.9335375,14.393866,0.8786315,14.103804859992454,0.9885828891123598,15.202977350033805,1.454922860852084,,
2011-10-13,402.8696387196015,1313.0373396173484,92.47315789790657,13.142035,3.1825912,13.896365,0.91157645,13.719259463441766,1.0222154025850625,14.800051998030671,1.48855370350336,,
2011-10-14,689.4008055770968,1753.0958446853945,92.4378422493898,13.437738,3.1619184,14.133056,0.8940921,13.936800644023391,1.09922891379807,15.027990903416773,1.5655681391409688,,
2011-10-15,631.0649542710684,2357.197948788511,92.55703959558815,12.972702,2.7343168,13.159368,0.8661164,13.119947309135881,0.894542968355719,14.172094771395079,1.3608790024989705,,
2011-10-16,655.5632741527537,2041.1578897728689,92.28163348241318,13.115423,2.8992317,12.050877,0.8020195,12.30966408650362,0.9301851403826901,13.323082780535628,1.3965187629711793,,
2011-10-17,601.2904456819384,2617.1806579325144,92.1774658428113,12.80493,2.8211625,11.609958,0.87839,11.833208190766419,0.8876928919094764,12.82385392166519,1.354025447079797,,
2011-10-18,623.4158964757602,2075.6874239547774,91.8527158094854,12.839596,2.7832017,10.923999,0.75091845,11.366447103688223,0.8641319638892423,12.334783250167614,1.3304637251365337,,
2011-10-19,579.8216417930931,1920.7619331655949,91.53806192729189,13.153635,2.9268274,11.045912,0.6993307,11.5346391242033,0.8655232795608736,12.511014274327652,1.331855298170939,,
2011-10-20,1228.0600017989962,2532.384629170134,91.41134281839317,13.675505,2.9659605,11.185223,0.8032347,11.998481718638784,1.1094078756122225,12.997026959210563,1.5757407716377012,,
2011-10-21,911.035630855678,2425.0546100255942,91.1324077504735,13.1783085,2.5676289,10.600199,0.7480693,11.304241401923441,0.8873296785746225,12.26960432849803,1.3536613528327712,,
2011-10-22,775.0955517888584,2078.5995338463754,90.85529616494382,13.261305,2.723341,10.029545,0.7330103,10.907327054658218,0.9122543404459623,11.853718832217348,1.3785855638704319,,
2011-10-23,650.969781200911,1836.944412223824,90.59803623875058,12.926035,2.692788,9.735887,0.7270337,10.570597907974449,0.8857677354044641,11.5008951833731,1.3520987176351358,,
2011-10-24,591.643927882996,1670.6360994817835,90.34104783777767,12.901751,2.6928668,9.669916,0.6851168,10.51512328135113,0.8671501480886744,11.442769059227711,1.3334811030265334,,
2011-10-25,527.4750137035999,1573.777900405154,90.10320071237062,12.417786,2.6675653,9.588535,0.7493332,10.298758647290107,0.8737219255135372,11.216062935264073,1.3400528076392102,,
2011-10-26,478.4678737036,1487.1276209976447,89.86406465995086,12.460028,2.5355,9.524846,0.67638206,10.239331896330667,0.8017502166260035,11.153795788748956,1.2680810881259839,,
2011-10-27,439.9311737035999,1911.8267073991624,89.66855393804852,11.596609,2.2634673,9.67306,0.7145184,10.032888715561803,0.7188013801805644,10.937485329630052,1.1851322461571654,,
2011-10-28,469.0433137035999,2044.3083206450324,89.53329928481274,11.310776,2.2387674,7.116928,0.7169148,7.8995866728972395,0.7173494564561752,8.702218741654345,1.1836831198677902,,
2011-10-29,395.4080737036,1876.6022911680143,89.43520188962587,10.824858,2.1396003,5.4755096,0.5601041,6.406480491194861,0.5938674051055859,7.1377471883947425,1.0602061229609343,,
2011-10-30,454.4759737036,1966.6716519070028,89.35058907996421,10.789949,2.1285114,4.7683816,0.64712125,5.898695943217502,0.6602602137088112,6.605692274798709,1.1266012315370686,,
2011-10-31,461.8005214784349,2039.728996819037,89.25783965621643,10.6515255,2.098499,4.424287,0.6471731,5.573880335949497,0.6546334034413598,6.2653515918299005,1.120976047150961,,
2011-11-01,491.4874991324079,2005.0322383259888,89.03057771661886,10.849993,2.2680967,4.8533134,0.61566025,6.033874076508993,0.6662318783611568,6.7473314607782005,1.1325722551065904,,
2011-11-02,430.2488015073749,1840.751752793375,88.79821227573646,10.701998,2.2852528,5.8070297,0.62761635,6.734398114919861,0.6680067226860734,7.4813381536034775,1.134344111975822,,
2011-11-03,387.7894737036,1687.9796874303895,88.57082719828539,10.713659,2.3553765,6.75021,0.6277891,7.490650516285899,0.6739730032058954,8.273736834635303,1.140307797399712,,
2011-11-04,387.7894737036,1489.1134339254052,88.39970594132093,10.00116,2.0376894,6.7600455,0.7053147,7.429696548335853,0.7002776089321989,8.20986947537796,1.1666125880542173,,
2011-11-05,387.7894737036,1283.7000759342036,88.21549353535731,9.668657,1.9478598,5.6239243,0.67607677,6.562311755368197,0.6883428285155713,7.301026654313036,1.1546808996817322,,
2011-11-06,387.7894737036,1112.4746495377144,88.06795180910899,9.52297,1.9132347,5.3860016,0.65161765,6.455328551535422,0.691400019952896,7.188930019040843,1.1577385321035991,,
2011-11-07,387.7894737036,1004.1804915196336,87.92983545156723,9.522785,1.9507332,5.797912,0.71773905,6.835626009728488,0.7506290887443103,7.587404395753709,1.2169660927496215,,
2011-11-08,387.7894737036,898.3438528763829,87.78953693489339,10.067137,2.20049,7.436975,0.7931688,8.230010237792456,0.8643740795621425,9.048435423455102,1.3307069690041233,,
2011-11-09,387.7894737036,869.6338400154932,87.61881758143188,9.750832,2.1011355,8.593693,0.7865535,8.950554506888242,0.8460532607323423,9.8034192455563,1.3123848954722568,,
2011-11-10,387.7894737036,906.631006928722,87.44624186517801,9.381872,1.8472434,8.614153,0.81948525,8.844150390329018,0.7973154066349375,9.691929375949822,1.2636471892880463,,
2011-11-11,387.7894737036,931.728680495358,87.38370107022622,8.743063,1.7137736,7.39576,0.71659446,7.7917151177597725,0.7139341398677234,8.589191294921772,1.1802680829911663,,
2011-11-12,387.7894737036,846.470800495358,87.26523661187167,8.791832,1.7506319,5.947443,0.73428506,6.8411152115710205,0.7457374496682387,7.5931559626804175,1.212074433116042,,
2011-11-13,387.7894737036,786.183570495358,87.11441712028224,9.081524,1.8327131,5.9183254,0.8636548,6.963200412063413,0.8372601125043451,7.721076418428965,1.3035966476399383,,
2011-11-14,407.5574837036,741.875980495358,86.95224478526592,9.439295,1.8907583,7.611603,1.0290245,8.25965209505193,0.9436949715726699,9.079494060165958,1.4100277976865603,,
2011-11-15,387.7894737036,978.200800495358,86.86501714744314,9.296165,1.8431213,9.035714,0.79405457,9.109653386809345,0.7727376039104488,9.970122508085318,1.2390690416429666,,
2011-11-16,409.8331137036,922.393990495358,86.76714426220525,9.183632,1.7175235,9.426538,0.85744977,9.351813102800477,0.7947409811336688,10.223856630719249,1.2610721745765823,,
2011-11-17,494.3947737035999,965.188760495358,86.74131078095556,8.453296,1.6131818,8.01903,0.7339538,8.166125607677026,0.7308477472679188,8.981497326398838,1.1971807766126075,,
2011-11-18,409.6726837036,915.949580495358,86.64218260179649,8.386585,1.4975599,5.695325,0.7310615,6.527036822738904,0.6850920334444653,7.264065700485388,1.1514302485672965,,
2011-11-19,387.7894737036,886.0745304953582,86.52135771069557,8.5369,1.5449188,4.4393864,0.79658514,5.686750671710161,0.7267738349648595,6.3836167438119835,1.1931159000161888,,
2011-11-20,387.7894737036,852.5723704953579,86.3952714370018,8.8404255,1.7413592,4.99438,0.89911276,6.196816177441166,0.8236108100463977,6.9180616371452235,1.2899504418168883,,
2011-11-21,387.7894737036,805.485160495358,86.25606662933461,8.575699,1.588448,6.123741,0.9263635,6.920576480008292,0.8108599468198535,7.676415208124233,1.2771966365389966,,
2011-11-22,409.8679437036,841.8465804953579,86.11236184084713,8.341408,1.4249667,4.9592085,0.94309515,6.066693494293081,0.7874193829323363,6.781719534544801,1.2537596071845165,,
2011-11-23,2183.4371737036,4084.373730495358,87.09285329257487,8.899378,1.3295417,3.9140353,1.1446215,5.650715368576997,0.8779842886803224,6.3458590763695755,1.3443265368924149,,
2011-11-24,858.4463737036001,3637.865083351695,87.66184225901092,8.950003,1.4142315,5.516391,0.8870033,6.171944065968979,0.7667676279817337,6.892000723765726,1.2331073715042695,,
2011-11-25,632.0326412934619,3100.3248174581263,87.88101433141371,8.795097,1.476964,5.957546,0.74314386,6.438053513261298,0.6660434780213976,7.170829292988979,1.1323820626073116,,
2011-11-26,582.0505861554806,2745.543117196464,87.86013943948834,8.769259,1.5352982,6.528095,0.7129133,6.920111142653989,0.6466166388772951,7.67592762923507,1.1129533302955368,,
2011-11-27,578.208682960976,2496.9226307311133,87.68483623324168,8.857584,1.5661801,7.079207,0.69587743,7.413590405723743,0.6371687512068955,8.192993514205087,1.103503779903106,,
2011-11-28,547.5135725565204,2252.225074176569,87.45173142150595,9.327402,1.7259793,7.707136,0.6460143,8.023993445717387,0.6196729988716224,8.832571732952017,1.0860063562210482,,
2011-11-29,1255.5169427387088,2555.4020542648104,87.31239632274074,9.788816,1.6294265,8.211701,0.6405411,8.731285954922873,0.6874997421381801,9.573670406339035,1.1538316958378445,,
2011-11-30,1528.4552432452665,5215.0417061043145,88.03904055432633,8.794319,1.3232522,7.8037586,0.78951824,8.02827528514738,0.6802562370941441,8.837058229670028,1.1465895842246234,,
2011-12-01,733.4495489526104,3310.557062588523,88.22435649421212,8.416777,1.2582349,6.2796955,0.6890443,6.667291613776585,0.6084868140036515,7.411024191097651,1.0748244651680665,,
2011-12-02,575.2645015329106,2832.341432841346,88.24566734120927,8.164764,1.217468,5.923417,0.63402665,6.301796390374457,0.5656526386314351,7.02805954539982,1.031991806514394,,
2011-12-03,504.7935426562059,2493.695902586084,88.19043854453753,7.9373307,1.1738691,5.403473,0.6440393,5.830046043342701,0.570909690033985,6.533761144377835,1.037251041436464,,
2011-12-04,485.4913076194752,2271.437886891684,88.10278816475878,8.039614,1.2127396,5.4258494,0.6390976,5.886129608697216,0.5682139524263111,6.592525312444218,1.0345550309121647,,
2011-12-05,485.491642116832,1973.5625394745853,87.98668999847534,8.182806,1.2600298,5.94786,0.6127064,6.389105725055391,0.551083830096842,7.119541967826473,1.0174226217772602,,
2011-12-06,526.6884741974859,2154.624729010327,87.95512727867289,8.75005,1.3255568,6.743868,0.5680631,7.137940743433146,0.5255185466522865,7.90416874031823,0.9918544697807548,,
2011-12-07,1619.0687933141226,3126.790987187243,88.6434256982113,8.598282,1.0368482,7.161928,0.6594041,7.651945904463295,0.5602360347249093,8.442741591006877,1.0265703600652316,,
2011-12-08,811.0368997954181,4823.280227735468,90.54763121876002,7.995532,1.0107082,5.895613,0.758723,6.197887919826496,0.66560284522372,6.919184605153004,1.1319424721947018,,
2011-12-09,1080.2214586324988,4395.901948734522,91.2279643570815,8.073498,0.9737633,5.4724426,0.64245385,5.985527408647486,0.5503335553500506,6.69667398745773,1.016674158979097,,
2011-12-10,1263.3304795140796,3762.718408489387,91.45617438058422,7.60787,0.9139027,4.061415,0.66349477,4.952839986069843,0.5472667826142413,5.614627636146232,1.0136128708831755,,
2011-12-11,1333.280185713938,3155.725669375588,91.34009735476626,7.3661036,0.8810371,2.5466871,0.7889691,3.978102625318801,0.6132677546497824,4.593301161524272,1.0796201386973494,,
2011-12-12,1313.5244694328987,2824.22838369206,90.67942355064312,7.4090953,0.86244494,2.4310415,0.79348236,4.01131843603485,0.6068598774564511,4.628104574449979,1.0732120290820846,,
2011-12-13,1148.7496528674078,2567.829530761404,89.9337769002662,7.1882772,0.83105385,2.5274563,0.7844499,3.968059643941313,0.5997751784366746,4.5827781599671535,1.0661276330067015,,
2011-12-14,949.1836291573336,2297.350601385415,89.35190134878965,7.2663255,0.7989186,3.4236584,0.6492499,4.547132342685344,0.5153975794482886,5.189528554250154,0.9817461561511991,,
2011-12-15,695.9820015824306,2374.019389262824,89.09494721764175,7.2920017,0.7513454,4.814827,0.5959888,5.3764127196960585,0.49134485838644687,6.058445698528826,0.9576885495073066,,
2011-12-16,387.7894737036,1965.636680799931,89.26500807540488,6.7328544,0.7965416,5.575658,0.67400223,5.766336710453841,0.5780407740157796,6.467006723156348,1.044382439808095,,
2011-12-17,387.7894737036,1644.6123616395078,89.20304288301126,6.0959964,0.7485183,4.359565,0.69187224,4.69088208471535,0.5777900891170604,5.340149042565284,1.04413776258867,,
2011-12-18,387.7894737036,1390.159597058548,89.04486811763435,5.868666,0.7455973,2.609435,0.9137415,3.3203078112274036,0.7327192906997064,3.9040660038783894,1.1990765374635741,,
2011-12-19,387.7894737036,1382.3541678560546,88.86930286164977,6.3181643,0.79136807,3.157391,0.7588622,3.849829005121327,0.6174547486526965,4.458896500762793,1.083808042117841,,
2011-12-20,387.7894737036,1376.4379421204064,88.72080457220409,6.060717,0.7736073,3.6932034,0.7521849,4.213599440520311,0.6109888205118122,4.840053919486823,1.077339583950012,,
2011-12-21,387.7894737036,2300.9763245850227,88.67388653759524,6.199857,0.7437348,4.791319,0.587478,4.994466502085593,0.5140641839375769,5.658243757334409,0.9804100275356331,,
2011-12-22,413.7346378353426,2558.0281280973227,89.10528139313084,6.5067887,0.7927807,5.760388,0.67305696,5.86430328465328,0.5897724805936263,6.5696557647205385,1.0561136648642409,,
2011-12-23,596.8961174072988,4110.090789777071,89.57831566395177,6.0324926,0.74516374,5.0201902,0.5939112,5.148560974484725,0.5271356566089208,5.819703418768617,0.9934806117221606,,
2011-12-24,672.9109536175721,2995.603383978653,89.71864101501272,5.817047,0.740766,3.623063,0.63677186,4.025502808591752,0.5374301311423705,4.642966911528249,1.0037821838997443,,
2011-12-25,719.7514409106259,2575.860613165425,89.6117259404801,5.881853,0.7422547,2.9439235,0.6489977,3.58555818338793,0.5325314202040884,4.181994437115152,0.9988866465800418,,
2011-12-26,712.1425548835208,2313.0391128157576,89.4443085524962,5.8665805,0.74700516,3.1607728,0.59887403,3.797733158562368,0.49050142872631974,4.404310650819059,0.9568550969067916,,
2011-12-27,724.1393362229541,2761.1740961777177,89.29867383813878,5.6439643,0.6772691,3.791278,0.6620034,4.1762082883114555,0.5430090659251035,4.800875598017644,1.0093600824409013,,
2011-12-28,670.8492818971557,3690.5741547421194,90.19004137490552,5.279303,0.7119773,3.2634864,0.6808475,3.5735478131310128,0.5864393847123262,4.169410012215351,1.0527947008310503,,
2011-12-29,920.9889996817564,2628.750097379939,90.07635852736229,5.2403865,0.70165604,1.826251,0.77129114,2.712057313895072,0.59948713199396,3.2667432119738824,1.0658493155421895,,
2011-12-30,830.9270215467197,2421.914255833364,89.93776447619844,5.324901,0.7181642,2.6266296,0.563151,3.315893689793187,0.45767237947884376,3.8994409025285366,0.924029660545298,,
2011-12-31,728.3609056748304,2232.2744972993105,89.8379317791327,5.377754,0.7106419,3.7764487,0.53515005,4.170393996638584,0.43974232807105107,4.794783403077971,0.9060933840838405,,
2012-01-01,681.8793137963767,2030.7385785385404,89.6949343922848,5.1960044,0.69622606,3.8894057,1.0476562,4.217849553727194,0.8035928089235879,4.84450717357671,1.2699435436965985,,
2012-01-02,657.3965606393464,1990.0744909604164,89.52313764614429,5.1382427,0.7034842,3.0250704,0.92699313,3.5497946544166843,0.71837239222799,4.144521533710589,1.1847278863185975,,
2012-01-03,633.3107703804518,1670.5145109654122,89.2132905136495,4.462144,0.66001785,0.7884555,0.9106355,1.7983352098156662,0.6847795462420245,2.3093483147222407,1.1511499410332817,,
2012-01-04,568.5000575297332,1422.0644655596734,88.77048927687808,4.140856,0.6487585,-0.7120515,0.7698334,0.673926209193929,0.5803431138790979,1.1311964074706709,1.0467249235249443,,
2012-01-05,387.7894737036,1153.1051276556325,88.58192289714324,4.063834,0.5963178,-0.7439202,0.91818756,0.46602403304076956,0.703309533551123,0.9133572179754269,1.169693612152197,,
2012-01-06,387.7894737036,1105.01206507698,88.44692503640634,4.1458645,0.5743929,0.60857093,0.908207,1.527464148383923,0.6886390245647446,2.0255305424804626,1.1550120370213277,,
2012-01-07,387.7894737036,1024.5865686266388,88.33007641760172,4.302477,0.57265604,2.0107539,0.8943674,2.639981522151835,0.667585070234688,3.191222443764087,1.1339478668137593,,
2012-01-08,387.7894737036,973.6859839741054,88.20030722731427,4.267432,0.5901674,2.457838,0.8799468,2.973265318491878,0.6513750870641697,3.5404360662955203,1.1177350987200296,,
2012-01-09,387.7894737036,912.7257066947208,88.01037537590037,4.1657805,0.5842674,1.8950548,0.8770405,2.572143057231156,0.6397036361462005,3.120141532114391,1.106067015143121,,
2012-01-10,387.7894737036,824.5628245802853,87.93788344666793,4.3484726,0.5779459,1.7919954,0.8833606,2.6097238379653263,0.628602169730242,3.1595185457041826,1.0949652254323514,,
2012-01-11,387.7894737036,788.6817352260459,87.75235900642735,4.0105705,0.60882455,1.2937043,0.87960154,2.1892401136539124,0.6228800580943762,2.718937136722389,1.0892468231333825,,
2012-01-12,496.6732037035999,1612.3419151529702,87.81870063574117,4.0642557,0.6150945,2.3342123,0.9209843,2.741637643990913,0.7188387110638954,3.2977373807330044,1.1852006447399877,,
2012-01-13,431.12761370359993,1974.2100631881085,87.87431599716157,3.8623998,0.63156736,2.8655326,0.9206861,3.0442089915534347,0.7640961613728874,3.614770604420605,1.2304555966197475,,
2012-01-14,387.7894737036,1495.1870919936375,87.73771541291839,3.5593681,0.61570215,1.0490403,0.8005459,1.566029599466998,0.6482008246534281,2.0659392902959093,1.1145734592959493,,
2012-01-15,396.1294337036,1204.855682327594,87.37047373149656,3.193164,0.59695846,-0.64259326,0.59793156,0.30648263967108386,0.4736076867381964,0.7461902913676407,0.9399935400197794,,
2012-01-16,435.1009037036,1071.4832063901983,87.09154142544894,3.1792455,0.5733572,-1.0636519,0.69246036,0.16169519329626036,0.5195701652549872,0.5944824999872264,0.985957654289794,,
2012-01-17,387.7894737036,992.604130495358,86.99411479578242,3.5417957,0.53398186,-0.9814578,0.90002406,0.28924504262599465,0.6643410716617003,0.728128796107574,1.1307271184301286,,
2012-01-18,387.7894737036,1629.211880495358,87.12366985496068,3.4320693,0.5415734,0.94529575,0.9060133,1.4234038120363282,0.7391930087490433,1.9164964777679176,1.2055670491387656,,
2012-01-19,387.7894737036,1013.7673417020512,86.9769438711697,3.147553,0.5295737,-0.43702352,0.8388443,0.554774324808249,0.6241904526749967,1.0063494703116964,1.0905735566478623,,
2012-01-20,400.9299237036,976.6297004953578,86.86347484275487,3.1592052,0.5014927,-0.83385646,0.89721864,0.3282986108413085,0.6526195790939713,0.7690489913856353,1.1190051879849083,,
2012-01-21,409.7689637036,972.097460495358,86.70893546342211,2.9877007,0.5541968,-1.2602686,0.74862254,-0.0006055979350001145,0.5516768527071574,0.4244242857326118,1.018066203847224,,
2012-01-22,478.3845737036,969.0298304953582,86.5380602901455,2.9246871,0.49997157,-1.3659223,0.67116016,0.052165936872328046,0.4787569071239562,0.4797181195132629,0.9451456495026971,,
2012-01-23,503.9918437035999,1029.185330495358,86.4393767247202,3.214704,0.48717755,-1.4806892,0.884517,0.06279838060454394,0.6149733804263445,0.490858757710688,1.0813620005368403,,
2012-01-24,413.4067137035999,1457.0564304953582,86.639730004442,3.4636512,0.4819274,0.59329736,0.8899519,1.2276982820790516,0.701391134847621,1.7114368924645704,1.1677671420048377,,
2012-01-25,387.7894737036,1044.266503062993,86.64643461559436,3.2880843,0.47551844,0.49475992,0.88826203,1.2511701398009496,0.6604029034128659,1.7360306247510433,1.1267786723753919,,
2012-01-26,387.7894737036,957.727180495358,86.80543884286588,3.3071907,0.50139534,-0.004658222,0.92798823,0.949845112792754,0.6761563034897036,1.4203032914799318,1.142535178194628,,
2012-01-27,1018.6723737036,3687.60544706884,88.07583905266853,3.655647,0.515993,0.5629786,0.9232584,1.2323857437171983,0.7319901362128884,1.7163483987457344,1.1983660957509483,,
2012-01-28,675.9561207104209,3266.42938139698,88.6105605537366,3.4032173,0.47355932,1.5670283,0.9381647,1.8818587880985556,0.7815375001012531,2.396864034535983,1.2479071046544425,,
2012-01-29,757.7506977198173,2958.3297288200097,88.62942608859879,3.3757906,0.46572214,1.9031625,0.9139133,2.203447956235785,0.7337277478637595,2.7338240656125947,1.200094384266555,,
2012-01-30,786.2701512272317,2752.7727462944235,88.46639835960785,3.248211,0.43868613,1.7588718,0.9154093,2.08975868144541,0.7186720007107323,2.614700832114584,1.1850396729100015,,
2012-01-31,755.185165344857,2571.797964544585,88.24613147002515,3.5731642,0.4753283,2.5830154,0.9076435,2.807767309580403,0.7098667252261638,3.3670278182847193,1.176228103908045,,
2012-02-01,667.5667488655652,2479.6242227171992,88.09735480836693,3.672747,0.47336543,3.5509944,0.9199332,3.576819940856249,0.7317232715583113,4.172838536460644,1.198078563210998,,
2012-02-02,591.7917712531896,2208.3680404863094,87.96027067516074,3.3258243,0.4607755,3.0442958,0.8992112,3.103794618177119,0.7158248347139007,3.6772042203136266,1.182183790281702,,
2012-02-03,498.3923317595408,1771.5737725674676,87.76078808464696,3.2366107,0.44883448,2.336604,0.8927915,2.534208987230768,0.7037050467707304,3.080394343239116,1.170068753739574,,
2012-02-04,387.7894737036,1293.7562634947644,87.82341906500187,3.231979,0.43846267,1.8474605,0.897098,2.1667510539137838,0.6975812605813083,2.695373176801687,1.1639482297055945,,
2012-02-05,387.7894737036,985.9765332205671,87.8861483426109,3.1909232,0.44635403,1.4281135,0.88053674,1.9257229974429768,0.6444147763777868,2.442824803144769,1.1107839691151888,,
2012-02-06,387.7894737036,894.511430495358,87.84577787226017,3.3916554,0.4814218,1.8839357,0.87649584,2.3398956353932348,0.6285232822266033,2.876793477410713,1.0948886950008632,,
2012-02-07,387.7894737036,849.0612804953581,87.77254507815569,3.2482264,0.47239658,2.3487616,0.8682559,2.6307705219652138,0.6141585190160486,3.1815711892547744,1.0805213943661338,,
2012-02-08,387.7894737036,794.866270495358,87.65013141855842,3.2088122,0.4551263,2.0278778,0.8677407,2.4151028669906363,0.6020016732234414,2.95559535759541,1.0683664206594192,,
2012-02-09,387.7894737036,762.6310304953579,87.43628074321482,3.3054674,0.4785595,2.136372,0.86254346,2.5304565487878765,0.5941126668183884,3.0764625510657235,1.0604764063196563,,
2012-02-10,387.7894737036,564.258050495358,87.3522784841947,3.2745166,0.47810906,2.2433274,0.85495865,2.663352964355317,0.5428498295371427,3.215710961013617,1.0092124266827476,,
2012-02-11,54.9368420988,532.4538004953582,87.19931356516035,3.0868545,0.4565807,2.1443543,0.882077,2.232503483374162,0.8007185034855803,2.7642683476268353,1.2670848775416195,,
2012-02-12,54.9368420988,500.3689904953581,87.14732796890593,2.9518595,0.45857415,0.71847844,0.76525295,0.9394285806959788,0.6910366646398699,1.4093888847560645,1.1574156485640001,,
2012-02-13,54.9368420988,527.7451304953581,87.13010897699888,3.0395794,0.4782074,0.24775374,0.80387723,0.5109746595704625,0.7294801564771771,0.9604563307972092,1.1958637403188297,,
2012-02-14,54.9368420988,488.20408049535786,87.0994118905571,3.108313,0.46305007,1.0762068,0.8836912,1.2817473862650106,0.7956884911269441,1.7680693590729983,1.262063950733478,,
2012-02-15,54.9368420988,475.29904049535793,87.06015402621557,3.1920795,0.4354918,1.3138599,0.8929678,1.5084590929445163,0.8017196329714051,2.0056171103565843,1.2680928322403215,,
2012-02-16,54.9368420988,474.3029604953581,87.01971089346858,3.1776407,0.48772597,1.3773757,0.9010484,1.5642491790302415,0.8091021257512202,2.0640737718483386,1.2754747777985376,,
2012-02-17,56.899642098800015,538.7385904953582,86.97178775629345,3.2044606,0.50243944,1.6804112,0.8922543,1.8259993647638202,0.8084457679152216,2.3383347217117336,1.2748159000852695,,
2012-02-18,54.9368420988,504.9759604953581,86.91434518805958,3.1751406,0.47297022,2.0159657,0.8909607,2.1297002123843014,0.8048814179642441,2.6565514316990613,1.2712487245813753,,
2012-02-19,54.9368420988,474.683100495358,86.84020771029834,3.0449653,0.4933993,1.9675972,0.86618555,2.0793513401769452,0.7780223293258012,2.603796055509203,1.244390097082361,,
2012-02-20,54.9368420988,447.583480495358,86.74998932596405,3.011128,0.51113576,2.4266067,0.8526616,2.490508058841846,0.7614993579768082,3.034604659857354,1.2278634448167127,,
2012-02-21,74.2504463886334,411.7719937827465,86.54788296758296,3.0994916,0.53937536,2.6547728,0.84827435,2.7227131856951075,0.723390568500852,3.277908398020684,1.1897526619210765,,
2012-02-22,63.94332209879998,437.2027904953581,86.35106953698501,3.4716017,0.6293501,3.3159385,0.8376398,3.3358001961126362,0.7351606521973806,3.920298871803068,1.2015177787446907,,
2012-02-23,91.1542920988,451.869900495358,86.22930314912945,3.2637157,0.68275917,4.157205,0.85089266,4.007220276724184,0.7172741362418756,4.62381053713312,1.1836263164754417,,
2012-02-24,93.58092209879996,497.3478204953581,86.19191726530714,3.3925438,0.5761976,3.9716125,1.9415282,3.879909722954967,1.636608755174654,4.490414974083091,2.1029618336884917,,
2012-02-25,54.9368420988,569.482950495358,86.21402377479649,3.0672503,0.51713467,2.8162618,0.8599994,2.838343891371581,0.7856546412450415,3.3990658561646994,1.2520157650032149,,
2012-02-26,69.64894209880002,493.569320495358,86.1925948337462,2.9370062,0.5148654,1.5699259,0.6110141,1.7389823875796415,0.5392267248257775,2.247158630470807,1.005597686017819,,
2012-02-27,76.0626620988,480.374720495358,86.07311847060632,3.1648982,0.5149455,1.6038592,0.7485778,1.817246682204221,0.6500725652650099,2.329163690845334,1.1164427804313388,,
2012-02-28,85.10093209879999,502.397760495358,85.95424534785874,3.1020365,0.5536089,2.2683208,0.8363651,2.3890869931390095,0.7196967563653515,2.928336013904491,1.1860617332250953,,
2012-02-29,92.6005520988,495.6847804953579,85.826524232474,3.0825758,0.5938754,2.5507946,0.83868074,2.63450097600401,0.7128222365375785,3.185479946244706,1.1791850799737222,,
2012-03-01,112.78795209879996,560.874890495358,85.71765018503609,3.345097,0.5722415,2.3174512,0.8920652,2.48950476586758,0.7488652095794279,3.0335534129085038,1.215229305166118,,
2012-03-02,107.23143209879996,569.504060495358,85.61726845735905,3.19623,0.6289718,2.6477108,0.8973502,2.7346258400528205,0.7617096465858931,3.290390436535324,1.2280716394018925,,
2012-03-03,337.80903209879995,838.1665604953581,85.61896299353961,3.7945778,0.6776703,4.2507567,0.8902579,4.119715454634693,0.6637133662916599,4.741682600002223,1.1300647682053087,,
2012-03-04,54.9368420988,1070.382080495358,85.79080873281245,3.244211,0.6254159,3.5047827,0.87902594,3.4920618496924267,0.836670132475993,4.084029298270232,1.3030260618228777,,
2012-03-05,74.78395209879999,852.8162504953582,85.69867147313023,2.945975,0.5609879,2.4559765,0.6860163,2.4954806067957502,0.6323285969579098,3.03981487860565,1.0986926404637465,,
2012-03-06,118.83808209880004,738.196790495358,85.51777133909238,3.0220358,0.5421921,1.9640083,0.66506237,2.1107164334152966,0.5777559860772353,2.63666029298814,1.0441234662241377,,
2012-03-07,110.9429020988,804.397570495358,85.4211473937267,3.753613,0.7383092,3.043463,0.81581295,3.1295359936905274,0.7224963174428914,3.7041759455840855,1.1888550670421316,,
2012-03-08,309.3472420988,1161.3480004953578,85.50868360073628,3.9445715,0.80674684,3.9977455,0.92480016,3.986560847229671,0.7497330787966793,4.602163657529496,1.2160854035395503,,
2012-03-09,525.7346420987998,3789.483230495358,86.57709005056294,4.0285745,0.71938974,4.799971,1.1899279,4.705989769046492,1.0486249586173961,5.35597882256442,1.5149725385343602,,
2012-03-10,54.9368420988,2324.560130495359,87.2964717537324,3.1945465,0.6346889,3.403473,0.962202,3.3986492931587295,0.9401012872065135,3.9861519408490738,1.4064579288778079,,
2012-03-11,54.9368420988,1910.939830495358,87.81970996949431,4.0160303,0.7426895,4.049913,0.8494919,4.048966072563574,0.8260134439469484,4.6675516393127685,1.2923653336652094,,
2012-03-12,54.9368420988,1595.2872004953576,88.26389283520392,4.33533,0.712285,5.144781,0.83491534,5.117834051971269,0.8074688236161406,5.787507854393748,1.2738139537283844,,
2012-03-13,54.9368420988,1384.5729304953584,88.66852133309746,5.0807805,0.7301038,7.5726585,0.90216833,7.47755955955659,0.8681855885467379,8.26002017492353,1.334520422098878,,
2012-03-14,54.9368420988,1100.800930495358,89.03230385397947,5.456814,0.79249513,8.334308,0.9038325,8.197528870519156,0.8616935329571461,9.014401557858136,1.3280264929476346,,
2012-03-15,54.9368420988,922.2575304953576,89.31777028290752,5.660605,0.82807285,7.7892423,0.8651025,7.669572511748556,0.8177934721312433,8.46121068986683,1.2841277480381135,,
2012-03-16,54.9368420988,827.1422304953583,89.56212532207589,5.228773,0.7727915,6.7422686,0.88316625,6.648006423154584,0.8295591137593423,7.390817234287045,1.2958968411345566,,
2012-03-17,54.9368420988,659.6448804953579,89.76186541871549,5.898828,0.8557081,8.500164,0.8764111,8.30017405086702,0.8117031612954584,9.121952826951633,1.278035902462527,,
2012-03-18,88.91956376277675,586.2793388342476,89.84759556586297,6.1320696,0.91449374,9.818732,0.9054817,9.333221347100123,0.7954056300706585,10.204376252649155,1.261736839891785,,
2012-03-19,148.32946527327397,561.6059808627448,90.03721244129277,6.263654,0.9433788,11.958001,0.9927658,10.768259962339325,0.8097001268358512,11.708004808262686,1.2760312349285072,,
2012-03-20,261.9867046316328,359.7370647511823,90.49399879027969,6.3008657,0.95007193,15.191273,1.0944943,11.444965179340086,0.7492213269905378,12.41705422143502,1.2155532043573527,,
2012-03-21,283.0728490924782,473.7881711608585,90.67926786904972,6.4218574,0.9821058,15.88893,1.1070622,12.348159631415497,0.7843376540543108,13.363418280903854,1.250671374222085,,
2012-03-22,268.54845907669795,483.753010730255,90.83033173851078,6.840442,1.076453,17.135046,1.1460952,13.460189441942044,0.8311363161389398,14.528599315089828,1.297473586770094,,
2012-03-23,253.17561344073027,471.0201621914479,90.91703665878399,6.6320205,1.0615306,17.732553,1.2530098,13.851856647678424,0.8954802492149658,14.938986874413043,1.361819107153797,,
2012-03-24,269.21059750295234,477.9199817893799,90.91410208963589,5.9973083,0.93960816,16.402328,1.2325953,12.653128829649875,0.8580759186184819,13.682963964328783,1.3244104717303862,,
2012-03-25,272.62398631059693,491.8680913487353,90.86487242872249,5.5702844,0.7896903,13.814877,1.1471298,10.874789073518691,0.7899544518945409,11.819625646804877,1.2562856463521461,,
2012-03-26,263.4360861603876,505.3578216173759,90.82480329592539,5.1066737,0.7794613,11.83217,1.038993,9.527600938851975,0.7333388904551263,10.40804652443335,1.1996699485807647,,
2012-03-27,256.1402766976338,532.8101063646961,90.71789527487388,4.897289,0.7641183,9.302724,0.89647865,7.872457310224072,0.6542830210755959,8.673792688182488,1.1206167535811795,,
2012-03-28,240.75906068620168,542.2379397209788,90.62315907613177,5.7773237,0.824043,8.811107,0.9453127,7.878266919792651,0.7019689493684667,8.679879977229287,1.1683026670071097,,
2012-03-29,253.40344004990257,545.0516108055377,90.50427166322204,5.1760592,0.728392,9.925147,0.98962367,8.41794237800115,0.714006819877359,9.245350077551887,1.1803393248256067,,
2012-03-30,258.67958138667234,547.6522402665098,90.35042955919408,5.398015,0.9105107,7.326755,0.9103883,6.70799531448554,0.6838498141555862,7.453673389561854,1.1501873058643586,,
2012-03-31,125.21402652056288,466.7946151648392,90.369959854479,5.095238,0.7206362,7.458294,1.0469099,6.958490873066833,0.8394347426442179,7.716141779567103,1.3057712947577105,,
2012-04-01,76.97111651243566,478.2929404385028,90.42040783245764,4.985423,0.77093774,7.02955,1.1603445,6.7461916723565505,1.005193683395627,7.493695402771381,1.4715310271946311,,
2012-04-02,67.87717740720001,516.3322504953579,90.4791786743562,5.472248,0.7199912,8.141521,0.9621599,7.831388248419252,0.8544746910443297,8.63076066561096,1.3208085297477186,,
2012-04-03,137.14785614993377,461.884125092088,90.44446176979949,5.9378366,0.82027894,9.324045,0.94596255,8.548775653953312,0.7531749234836417,9.382436736863383,1.2195071846082115,,
2012-04-04,168.8747122033186,511.9556996656279,90.30338020460614,6.110569,0.87056375,10.7763195,0.9695174,9.619016216854215,0.7603435244491399,10.503831140236603,1.2266745261746919,,
2012-04-05,186.1296530440835,528.7163429245134,90.1348835460008,5.610469,0.8208466,10.645819,0.95381415,9.334728034774765,0.7371281668437631,10.20595495484429,1.2034593753228673,,
2012-04-06,200.1260374728976,537.833312432559,89.93702186700229,5.744955,0.8437463,9.829038,0.9410137,8.72148171727554,0.7229849932335843,9.563397559646269,1.189316962479406,,
2012-04-07,215.06416537556868,541.0138959116692,89.74651489143469,6.341843,0.95750177,10.377396,0.9650293,9.229494672242083,0.74230066328451,10.0956917973048,1.208631971738503,,
2012-04-08,221.2164995633451,550.103785265144,89.53578493377341,6.502192,1.0241777,11.447508,0.9953772,10.029179466809465,0.7682708592067237,10.933598791466785,1.2346017255298762,,
2012-04-09,227.90938884422428,553.6905194049507,89.39468652501516,6.4657106,1.027788,12.177962,1.0150019,10.512307315557527,0.7789914980799005,11.439818499895072,1.2453224517262125,,
2012-04-10,242.5037055527158,557.2987647500906,89.24448809421085,5.747716,0.829867,11.434017,0.9906833,9.709905077844732,0.7347322554587461,10.599064178094439,1.2010632105848595,,
2012-04-11,231.82274854463537,551.893202874108,89.11737133400723,5.5825853,0.747111,9.743958,0.9853958,8.513026581461169,0.7282572118449163,9.344978980908206,1.1945895376482862,,
2012-04-12,226.0127064759239,549.1778704912933,88.90435194024829,5.753625,0.7666323,9.34419,1.0212913,8.297333198470447,0.7572648089172755,9.118976191521472,1.2235975559784502,,
2012-04-13,242.12521275483084,542.4175041830848,88.62721379300481,6.5589323,0.9532824,10.861354,1.0649378,9.533542506559753,0.7928799971791679,10.414272078767327,1.2592110513486308,,
2012-04-14,255.00139530829108,537.406411946891,88.31848023222948,6.769131,1.0932559,13.404056,1.1194153,11.268898713705997,0.8367379129418078,12.232572380596727,1.3030695397479986,,
2012-04-15,246.0471797789745,531.5456186635915,88.02755640099004,6.3554316,0.98676956,14.851895,1.1272802,12.163430425927494,0.8314392098619616,13.169859650858724,1.297772477222959,,
2012-04-16,253.80630755787783,507.5546040199365,87.7506533277645,7.4975934,1.3342607,17.741268,1.2047582,14.326449737576821,0.9180806991865967,15.436263891693265,1.3844217156099938,,
2012-04-17,267.6370929174103,515.0774115058995,87.41503551836824,7.149181,1.2465043,19.779213,1.3441765,15.46056925007209,0.9818887698932994,16.6245904400922,1.4482359876970903,,
2012-04-18,274.4552310924868,520.29500288676,87.19009271126643,6.944624,1.1846092,17.842766,1.136272,14.079253807670987,0.8489438989259744,15.177252841334946,1.315283758938964,,
2012-04-19,271.779249487818,513.7369036288901,87.01997232223628,7.6481514,1.4033854,16.940071,1.1314645,13.725177364319899,0.8850708206761332,14.806252754341449,1.3514091460259186,,
2012-04-20,271.61906359376223,508.277340062045,86.8929561630815,8.240192,1.6267079,18.386158,1.2174305,14.852563455489216,0.9749361023067915,15.987524046892096,1.4412798126061084,,
2012-04-21,256.8820328411333,523.2246522718863,86.79059418728738,8.015575,1.5650258,19.11693,1.1985085,15.461354955058333,0.9548612683029579,16.625413699090984,1.4212084909129017,,
2012-04-22,66.2526841596067,423.04197287107024,86.98281678691806,6.8968263,1.4639918,15.121362,0.9170436,14.007722859242774,0.8172767425831341,15.10230295808818,1.283616281003927,,
2012-04-23,347.5832474072,2257.020530495359,87.91186869561943,5.9567866,1.04415,11.404901,0.9626885,10.677852105303455,0.8457753284055984,11.6132757647043,1.3121063733853542,,
2012-04-24,38.7789474072,1514.7654304953585,88.56028729492974,5.444265,0.8810084,8.381885,0.9774419,8.308556898557862,0.953297076009788,9.130736346106765,1.419629799838209,,
2012-04-25,38.7789474072,1142.0305304953577,89.10375342994614,5.989671,0.90835166,8.224035,0.9091768,8.150656545380262,0.8798244424428121,8.965288895802631,1.3461575063656261,,
2012-04-26,38.7789474072,793.7254304953583,89.51496338866988,5.77809,0.8956861,7.742137,0.9106105,7.6506495401808206,0.8691952022383118,8.441383264943099,1.3355295312282895,,
2012-04-27,38.7789474072,702.246460495358,89.91632846713141,5.5155854,0.85192907,7.828211,0.88560474,7.7071877481872715,0.8404430490728992,8.500623806026063,1.3067772206769475,,
2012-04-28,112.1979175975534,541.83381687875,90.1557295746079,6.4058704,1.019182,8.642612,0.87370753,8.258903558181993,0.7446413271154849,9.078709745792384,1.2109741548162118,,
2012-04-29,200.38784340355312,502.3046447670381,90.27431803948,6.592948,1.1392355,10.452819,0.8905421,9.352093844133744,0.7146927192197451,10.22415079052858,1.1810239124183726,,
2012-04-30,214.5049894205077,492.21099935513473,90.33379472614487,7.0014677,1.2574254,11.68143,0.9147116,10.260950845693738,0.7426490719146243,11.176448049990903,1.2089799468126994,,
2012-05-01,103.4105262964,506.2971604953579,90.46660688253317,6.8213024,1.2137834,11.99111,0.99470747,11.11427572047101,0.8512661593612001,12.070558936837369,1.3175975953648458,,
2012-05-02,103.4105262964,498.1612704953579,90.58320993672201,6.364674,1.0122699,12.16126,1.0749512,11.16482337098862,0.9070147150398857,12.12352259226122,1.3733462104100405,,
2012-05-03,103.4105262964,566.3961704953581,90.67499861118151,7.67416,1.5708004,14.165445,1.1007771,13.163264795793115,0.961902703023347,14.217482685841107,1.4282388872330611,,
2012-05-04,387.6564262964,921.777230495358,90.94452343488739,8.611914,1.7133743,17.562548,1.1744982,14.91272211021605,0.9699874021116414,16.0505580796728,1.4363314406117458,,
2012-05-05,151.74342629640006,723.0674504953581,91.16305144096069,8.353153,1.5775832,16.055063,1.0747038,14.719101102829748,0.929481568366283,15.847682649993736,1.3958245653271495,,
2012-05-06,145.24712629640004,657.6412804953582,91.32764512096313,8.744067,1.7927027,16.033928,1.0214812,14.71515022370767,0.8973439621112577,15.843542932355028,1.3636869382656587,,
2012-05-07,141.38077629639997,655.495430495358,91.47015232201426,8.083111,1.494852,15.094441,1.0141401,13.850499939289124,0.8753568485667275,14.93756532000041,1.3416957007044112,,
2012-05-08,688.7595262964,865.9770704953581,91.87080153112144,8.23427,1.3581161,17.57896,0.96243024,13.439195204804502,0.8058266219286162,14.506601625182322,1.2721638124308852,,
2012-05-09,444.8201262964001,1317.1427304953584,92.62967134513778,8.690348,1.8688835,15.233679,1.0121025,13.581768066253684,0.8916478717857348,14.655988982047829,1.3579856163596769,,
2012-05-10,373.2206762963999,1050.467590495358,93.13787524821787,7.7286625,1.1934115,13.621698,1.0176767,12.076835721650237,0.8134595109513058,13.079126015726203,1.2797925794884968,,
2012-05-11,238.9567662964,969.8221904953576,93.4675282672227,8.516515,1.7001141,13.169967,1.050425,12.250051756615385,0.9073142639254799,13.26062118505329,1.373647738752033,,
2012-05-12,173.5012262964001,798.7543304953579,93.61688788047367,9.0781555,2.022326,14.439591,1.0747116,13.482830919074368,0.9538346046240743,14.552322977433061,1.4201719622361388,,
2012-05-13,121.1842062964,715.4091804953579,93.80369566317667,9.070409,1.9492754,16.785353,1.0919524,15.667809386362888,0.9755356539080049,16.841735946482732,1.4418841638645696,,
2012-05-14,192.31210629639995,744.632730495358,94.00117282549564,7.8618135,1.4858618,16.682243,1.0565742,14.87181079335925,0.8933765141340956,16.007691341718587,1.3597203289886552,,
2012-05-15,2123.4547262964006,2582.738230495358,95.4473177008454,10.218485,2.255684,16.94361,1.1115798,13.909203883611088,1.1865923970810606,14.99907511219157,1.6529315021560327,,
2012-05-16,755.4691262963998,5164.469930495358,97.46677147143168,10.86145,2.5429933,15.648953,1.1131146,15.037999362594272,1.0238566279478811,16.181823156475836,1.4902013631933344,,
2012-05-17,371.4440262964,3860.613430495359,98.77139392304105,9.787622,2.232476,14.092053,1.0690743,13.714257227110846,0.9947318575068028,14.794810671902423,1.4610701378050839,,
2012-05-18,138.00692629640014,2605.480430495358,99.39536115009051,9.8489685,2.2414188,12.409108,1.0261583,12.28032426068151,0.9810398080727635,13.2923406113324,1.4473733574282683,,
2012-05-19,114.8482562964001,1941.713000495358,99.79884490972621,9.948515,2.2403874,15.562657,1.0752167,15.249136684234083,1.0228521251279243,16.403052120353202,1.4891980752578635,,
2012-05-20,201.4293333161802,1566.6277028108784,99.96959955832622,9.519686,2.104929,19.205616,1.1322426,18.102127572814148,1.0315123710628762,19.392406220945926,1.4978797360503098,,
2012-05-21,422.4371644930044,1584.8935607940878,99.96959955832622,9.004894,1.9997352,17.986362,1.0390679,16.09623747095146,0.9220410249573473,17.290641429006495,1.3883923619139318,,
2012-05-22,485.8093671968501,1655.1257066569483,99.96959955832622,9.804697,2.176898,16.10789,1.0084963,14.677603025402883,0.922966030519345,15.804201106319947,1.3893088098304176,,
2012-05-23,655.3465522174025,1632.9693477645044,99.96959955832622,11.203249,2.5126965,17.800907,1.0671892,15.911416035392952,1.0477621004709212,17.09698616060876,1.5141121921303626,,
2012-05-24,464.35639559223,1201.3694553406872,99.96959955832622,11.097212,2.4914494,19.287552,1.0730077,17.004320951755698,1.0398501458147011,18.242128196065085,1.506208168782028,,
2012-05-25,314.06242348626785,898.2125914404116,99.96959955832622,10.45879,2.349911,20.365496,1.0700651,17.798978998920184,0.9996129346293351,19.07476818148139,1.4659775821700065,,
2012-05-26,241.52634287089376,724.6773123152803,99.96959955832622,9.640945,2.1535683,21.673033,1.0791743,18.665316909654845,0.9720846938114214,19.98251408292117,1.438457386235645,,
2012-05-27,189.26700071061765,606.3719590877943,99.96959955832622,8.911457,1.713705,22.542587,1.1001059,19.300007086103292,0.9322656057759412,20.64754028022402,1.3986447366722419,,
2012-05-28,151.34107160546887,529.1990904953581,99.96959955832622,8.50931,1.2974321,23.528645,1.1214968,20.188588604789537,0.9185839433127774,21.5785929580395,1.3849728620615553,,
2012-05-29,290.5642019284369,705.9549510523676,99.96959955832622,8.286242,1.0653335,24.961258,1.1531892,20.09917092014017,0.8740061204686771,21.48490141372296,1.3403940134162968,,
2012-05-30,329.541086469195,748.8480518396404,99.96959955832622,7.862918,0.90793,24.573204,1.1352733,19.466767361678574,0.8357473181208263,20.822271126930318,1.3021282170894768,,
2012-05-31,169.42046820566782,493.993610495358,99.96959955832622,7.352328,0.7423028,22.612377,1.1022115,18.715316812506963,0.8423403197461029,20.0349038102135,1.3087135026689842,,
2012-06-01,126.59887000000519,504.82810049535794,99.98090483235909,6.909906,0.6147687,20.057867,1.015633,17.421747434023523,0.8213040164632313,18.679506237284265,1.2876654292215595,5.190626352588735e-12,4859.9999999999945
2012-06-02,323.8649033536531,538.8040704953578,100.0,6.843387,0.56612813,20.8661,1.0058749,15.601665414606464,0.6632244558469282,16.772430518978204,1.1295725480558052,1.1200450903164765e-12,4859.999999999994
2012-06-03,154.33997483712196,522.7138004953581,100.0,6.8134313,0.5800337,18.67864,0.95744807,15.973868394662361,0.7509226066733983,17.162423529168535,1.2172731147568445,1.112609634167912e-12,4859.999999999993
2012-06-04,245.8466786921962,1098.469670495358,100.0,6.54436,0.56883043,16.482533,0.9447222,14.665053554667022,0.7789304133983518,15.791051813781133,1.24527312727762,1.1214699959958687e-12,4859.999999999992
2012-06-05,192.66858966383967,706.7648304953581,99.99999999999999,6.822473,0.614119,16.213295,0.92298764,14.201677027421118,0.7371073869319884,15.305527472506292,1.2034478109194724,1.1404999733836677e-12,4859.999999999991
2012-06-06,152.61270000000115,592.6986704953582,99.98503150495323,6.8247504,0.6526672,16.589245,0.9074127,14.589831018421066,0.7338785792297297,15.712233897437995,1.2002209046810806,1.1349495631623316e-12,4859.99999999999
2012-06-07,159.50404000000117,626.5481304953579,99.92638631052446,6.989319,0.6704563,16.989523,0.91338694,14.960302721280224,0.7406467448132207,16.100412881299658,1.2069910458249276,1.136553321222222e-12,4859.999999999989
2012-06-08,148.37912000000114,566.759300495358,99.85782133352822,7.2630863,0.67985374,18.324594,0.9555536,16.02951874396426,0.7703175732521026,17.220733774935866,1.2366684561629029,1.1309791145431613e-12,4859.999999999988
2012-06-09,151.1014300000011,548.675500495358,99.77962986096327,6.9284453,0.671704,18.412903,0.94525814,15.93308694454237,0.7552089139510505,17.119692865137225,1.2215591496038685,1.1182611570154248e-12,4859.999999999987
2012-06-10,133.96035000000165,554.4342504953579,99.70155886476468,7.4956546,0.7114238,19.568508,1.0116442,17.21915257810124,0.8264579258796971,18.467228039784768,1.292817668541857,1.6384000409625045e-12,4859.999999999985
2012-06-11,133.89260032080364,481.932510495358,99.59423724229626,7.5089126,0.6964932,21.769438,1.0956258,18.66891660136326,0.8706847511334151,19.98628582758832,1.3370574787750913,3.2080362114385925e-07,4859.999999679182
2012-06-12,159.2863904356027,496.2430104953579,99.59774141839303,7.091751,0.6924202,22.436975,1.1655827,18.708255762631378,0.8982569721850224,20.027505266290856,1.3646300856657132,4.356027226247202e-07,4859.99999924358
2012-06-13,238.082870000002,567.6296704953579,99.65283132407227,7.4398212,0.80753034,21.390627,1.0383667,17.26825362360872,0.769470233451373,18.518675947423976,1.2358303765699843,1.97826366708558e-12,4859.999999243578
2012-06-14,162.1588900437451,503.8217904953579,99.5684018521779,7.5866094,0.8310314,21.913433,1.0692304,18.425010814696346,0.8338097658668049,19.730722178068948,1.30018014077586,4.374507407491587e-08,4859.999999199833
2012-06-15,152.35080284130544,426.7418304953581,99.4440637119385,7.593248,0.7768082,23.005537,1.1095195,18.950789157996834,0.8427752472664093,20.281630928895844,1.3091507786034349,2.8413054381745212e-06,4859.999996358528
2012-06-16,143.58927864675167,379.9296704953579,99.3033213368704,7.5965457,0.7252198,24.2941,1.2580223,19.714342467605633,0.9343928695083327,21.081679476627528,1.4007764520318273,0.0005286467516668353,4859.999467711777
2012-06-17,139.3789144237861,343.2131407417381,99.15015527475501,7.5330243,0.68670714,24.952593,1.3564693,19.921593009053957,0.9848791632767656,21.298835885506545,1.4512650461524867,0.001838005063553573,4859.997629706713
2012-06-18,150.0638908105525,350.5532902437138,99.02927523138963,7.163911,0.6459066,23.978024,1.2495825,18.937862579195876,0.8961753415704413,20.2680865038155,1.362550742343315,2.5527695246477934e-06,4859.9976271539435
2012-06-19,160.6963904274814,353.94782034442966,98.90632220935551,7.4462433,0.66021657,24.229246,1.2261655,18.988794731301446,0.8681303653312346,20.321453038688862,1.3345062816480189,3.755746578610064e-06,4859.997623398197
2012-06-20,177.11226394131933,361.7071795266851,98.67729846758901,7.773325,0.6776605,27.365442,1.5486879,20.92542921751163,1.0632229462523497,22.35065203328608,1.5296206660913216,0.2867180060536436,4859.710905392143
2012-06-21,228.37891204824405,380.0012487606566,98.39125492725479,7.814462,0.6762883,30.434908,2.021659,21.94345286870554,1.2880184659108112,23.417333735067295,1.7544293666210595,25.599961902674156,4834.110943489469
2012-06-22,244.65589382566782,383.7673532089192,98.02968068154256,7.481808,0.64056444,31.161627,2.0804896,21.94266933778434,1.2947631591783937,23.416512754046433,1.7611740492882708,29.949947855578447,4804.160995633891
2012-06-23,188.59212875544978,332.623567504354,97.74133084365467,7.550066,0.643614,29.223763,1.8675107,21.381541731731414,1.2143265722074712,22.828565166542937,1.680730051064371,1.9601513689688037,4802.200844264922
2012-06-24,231.78757292909685,391.2198424113943,97.39481810066171,7.550654,0.64741534,28.610764,1.6551089,20.77542873169619,1.0668778450556864,22.193482036999672,1.5332737229138842,0.15856499622796028,4802.042279268694
2012-06-25,212.51838386860447,368.8093350239394,97.12165380020323,7.2178707,0.6004276,26.648233,1.435168,19.544995179757834,0.9365921434611064,20.904237967305345,1.4029738827952607,0.00019209822530835265,4802.042087170469
2012-06-26,226.46140520725623,384.8825073586795,96.82256389310741,7.091912,0.59950536,23.998955,1.1648641,17.73604345168652,0.7662481163972448,19.008824530224363,1.2326122129521493,9.851038443824064e-11,4802.042087170371
2012-06-27,259.3557600938295,429.0775477297715,96.43912235315902,7.4950995,0.6451536,23.489187,1.0765572,17.46368161168656,0.7136461753244366,18.72344472529478,1.1800079396313818,9.931766524688905e-12,4802.042087170361
2012-06-28,276.87357167771205,442.3323342401442,96.04467484661363,7.603173,0.66950965,26.011604,1.2629782,18.9248880505569,0.8184126897762424,20.254491837058787,1.2847879596927805,2.48513257304183e-06,4802.0420846852285
2012-06-29,276.4514490952368,439.46246075356777,95.56228701616256,7.8011165,0.6818153,28.604807,1.5765407,20.571424271539087,1.0029314664880051,21.97972686100142,1.4693248804895362,0.06197341381830608,4801.98011127141
2012-06-30,292.4555720962685,449.8783369856574,95.04223464589215,7.823446,0.6812189,30.66509,1.8771737,21.66622063818337,1.168855918222634,23.126850751597136,1.6352631120723113,5.360132317764847,4796.619978953646
2012-07-01,305.84064272123663,453.9867146470696,94.56165321892861,7.8004336,0.67700976,31.291437,1.9064741,21.835995010758182,1.1712351501663618,23.304739758836366,1.6376446036340178,10.447844221642644,4786.1721347320035
2012-07-02,304.9146903035687,456.54184356777216,94.17050323123576,7.66223,0.6641513,30.59329,1.7646586,21.410865800448775,1.0909388524460752,22.859290825505674,1.5573427096948793,2.103411335286479,4784.068723396717
2012-07-03,313.1679434017856,465.9505388575787,93.76781428766925,7.8976007,0.68179685,30.352251,1.7181078,21.32656773723319,1.0634298821586954,22.7709636030269,1.529832654291206,1.5372415609141907,4782.531481835803
2012-07-04,329.4236678315846,465.7580187512364,93.36434316153317,7.94372,0.6823263,31.762909,1.9590172,21.895221133934726,1.1817506944907183,23.366796688246374,1.6481609439830764,13.287796983449173,4769.243684852354
2012-07-05,370.91726348959605,468.72173491162073,92.93555414176224,8.021767,0.68938226,33.63712,2.410887,22.321331771241756,1.3798837993917275,23.813273957430336,1.8462998942044828,48.57528096135055,4720.668403891003
2012-07-06,372.5105250360972,474.1129453703156,92.45043623218596,8.117241,0.70409226,35.076805,2.6362927,23.214717930448877,1.5084898939414628,24.74936092115975,1.9749189178643205,39.60396401717192,4681.064439873831
2012-07-07,384.9802212601815,478.8636827124489,91.98249774608655,7.869966,0.6750226,34.60751,2.5443914,22.6916699605633,1.4421838034760148,24.201313046263678,1.9086051471209988,51.773308057635184,4629.291131816196
2012-07-08,368.600241755081,473.93503331834825,91.51746413690715,7.785665,0.6647649,33.053837,2.25641,21.999279814576838,1.302147310498137,23.475829018116375,1.7685589682962695,38.479986156070055,4590.8111456601255
2012-07-09,347.3019301267788,476.3851269478382,90.98631926793398,7.94427,0.68058217,31.637894,1.9497327,21.64764177534752,1.1635818705009169,23.1073838826264,1.6299888190748395,6.610356037447052,4584.200789622679
2012-07-10,353.03610574246113,487.67292825620143,90.44587965229103,7.947606,0.6852561,31.010683,1.8305283,21.325883025789235,1.1001408674236555,22.770246164716493,1.5665436307755656,1.9314098199669685,4582.269379802712
2012-07-11,358.96291156046755,486.1303416591491,89.91747634960194,8.221069,0.71012306,31.566137,1.9709679,21.65005581632764,1.1732146503963334,23.109913306513384,1.6396216308178087,6.6785772837380994,4575.590802518974
2012-07-12,363.8104003594023,431.13738775195566,89.44161301523556,8.284939,0.7233497,33.46979,2.5301578,21.943862987290007,1.4115897459713318,23.41776345591818,1.8780006522303445,44.55977736169696,4531.031025157276
2012-07-13,448.72422443716306,528.6410432915026,88.81169720150682,8.255463,0.7156088,34.76053,2.6383262,22.59162350878641,1.4643606435907055,24.09648471608354,1.9307805538133689,62.281049591131875,4468.749975566145
2012-07-14,426.9123199516987,549.2102669593131,88.23463628789979,7.831993,0.6872151,32.86569,2.2057464,21.91707075580779,1.2769275181847588,23.389690647355774,1.743338062358053,24.5339694657973,4444.216006100348
2012-07-15,432.925790520186,641.5187118518484,87.66052466226793,8.062559,0.6712264,29.688168,1.4307894,20.974563834906792,0.8960714891777384,22.402135117434444,1.3624698179747803,0.5446708722771757,4443.67133522807
2012-07-16,394.7266043427614,579.8905539581076,87.16020620294634,8.261147,0.689254,30.608595,1.7093226,21.55772571219178,1.0546501233032926,23.013170139014502,1.5210558903932403,5.319904548123821,4438.351430679946
2012-07-17,454.6116293327211,549.983599762686,86.62066904469154,8.408108,0.72857046,33.91976,2.5039637,22.3749183112444,1.409930638598234,23.869421750868682,1.8763474831956335,69.91388119430357,4368.437549485642
2012-07-18,442.060868514555,553.7425708799112,85.99655318665472,8.381763,0.7327646,35.36161,2.8494585,23.38461364275289,1.6175615863301385,24.927377067752452,2.0839931722359046,46.37451508641531,4322.063034399227
2012-07-19,407.7399855645045,476.343838009569,85.4567283243677,8.319723,0.73253167,33.42755,2.480837,21.847805989181797,1.3787076708007964,23.31711526165482,1.8451172826930022,60.804936068556955,4261.25809833067
2012-07-20,329.90809488438737,389.2943719149018,84.98094879980513,7.6427307,0.7190069,29.54826,1.7899197,19.499891325977625,1.0234586629893176,20.856978303494255,1.4898399169393597,0.0002419052765641,4261.257856425394
2012-07-21,298.84343223974014,374.3966495275221,84.57675311245806,8.450628,0.7563909,27.808437,1.2476789,19.21573132941883,0.7708153220058268,20.559236430452305,1.2371935714654319,3.580461670137647e-05,4261.257820620777
2012-07-22,383.7077185054505,503.663152364413,84.01130190208482,8.434856,0.7862463,31.651237,1.902006,21.612250514126984,1.1318291095063062,23.0703010400985,1.5982355919411706,8.372229437764705,4252.885591183012
2012-07-23,456.6279544997376,406.7968102037042,83.57513677683231,8.6572895,0.7393068,33.80863,4.5420566,20.507176461754238,2.1753846054620185,21.912408225529006,2.641777253365193,0.07822058453928589,4252.807370598473
2012-07-24,467.2728161024985,448.6590010145951,83.18143373598814,8.292583,0.70803744,35.23851,3.301052,21.49174557957347,1.6568376427046037,22.94403638159884,2.1232425487048654,5.121614976125122,4247.685755622349
2012-07-25,249.58750494054283,283.8179964477282,82.84595702719545,8.60449,0.79325396,32.148884,2.5420897,21.132149977221808,1.4026154353220035,22.567253338670838,1.8690157358110882,1.3150119700311331,4246.370743652317
2012-07-26,342.4806146146032,425.5023226706231,82.49432922607885,8.816675,0.7697167,31.490452,1.7715024,21.379121758774865,1.0397948610896068,22.82602952715133,1.5061983087635726,3.4050468971042633,4242.965696755213
2012-07-27,420.6995259232357,393.6098067076632,82.1327092522687,8.340752,0.723999,34.969734,4.0306125,21.21230825664028,1.983843597208956,22.651242909838142,2.450244911519084,1.746743146197387,4241.218953609015
2012-07-28,375.1354367423611,200.51201470270337,81.91827219593404,8.498676,0.69180584,34.979282,17.404137,17.722515756195584,6.07902458515488,18.994650257131074,6.545388563869443,4.146846322147212e-08,4241.218953567547
2012-07-29,399.48017602195813,218.36579249811152,81.7431470513758,8.379999,0.7094606,34.867073,9.695079,17.741346774016932,3.4571074816074927,19.01438133323367,3.9234716244169685,4.132359177086734e-08,4241.218953526223
2012-07-30,317.39574004198084,134.61187049535806,81.563256914913,8.675667,0.7869714,37.16793,12.652809,17.16091536361564,3.808423552172255,18.40620728552071,4.274782823439806,4.198083919630538e-08,4241.218953484243
2012-07-31,256.90681170592273,146.8175454953581,81.36081285673605,8.745527,0.83398634,37.093094,11.177997,19.054343357986557,4.099462974765198,20.39013466566275,4.565839558941534,1.1705922766663743e-05,4241.21894177832
2012-08-01,442.93443978089493,400.85975519182574,81.03352063560335,8.669302,0.8290231,36.251293,2.966865,21.772627779022535,1.475116412457845,23.238343790033802,1.941525018682932,54.36629619833423,4186.852645579986
2012-08-02,412.05439805602435,413.5404790502351,80.62602895577767,8.871916,0.8182801,34.594997,1.9750217,21.756607544204222,1.0702733388080838,23.221557842753608,1.536681731563865,47.10025049167353,4139.752395088312
2012-08-03,448.1893480604281,414.4800420888689,80.14466262077558,8.86986,0.80974126,35.62836,2.2910128,21.726308259934527,1.1783975573499879,23.18981035626874,1.644805547170635,78.23918811519759,4061.513206973115
2012-08-04,496.32324165437007,482.923334491696,79.62588571301582,8.865067,0.8006098,36.089,2.3149714,22.290768889038674,1.211617500148373,23.78125027393193,1.6780331687942738,87.19158235142434,3974.3216246216907
2012-08-05,436.5174180311976,464.4415337573171,79.10919139095724,8.831949,0.765755,33.89862,2.6411092,21.753740259938084,1.4111295193835134,23.21855351210087,1.8775378739637454,43.85772482155275,3930.463899800138
2012-08-06,313.3098994016648,333.9885829992321,78.63831201330675,8.806961,0.8040612,32.19062,1.9271293,20.872299490379415,1.0677978536627213,22.294982886811834,1.534194918135463,0.5132404541240553,3929.9506593460137
2012-08-07,315.16770132853907,336.68093494479,78.18147723386951,8.91161,0.8477,32.99539,1.9984094,21.350924324194192,1.1105790716277226,22.79648435158581,1.576982156452805,3.966708421041898,3925.983950924972
2012-08-08,355.6784813187906,370.5045258615753,77.67757284344097,8.946217,0.84245676,33.84381,2.0105085,21.64917346365911,1.1056593700515398,23.10898878040347,1.572066338831689,28.08627250017207,3897.8976784248
2012-08-09,353.55344100645186,367.9345408276095,77.21853593471113,9.01663,0.81793475,33.752403,2.1970694,21.631040310898836,1.189966177046905,23.089988924926338,1.6563729067842772,33.12451142287499,3864.773167001925
2012-08-10,268.5797541936037,366.6679645518441,76.82136803120261,8.924252,0.82568175,30.816675,2.5015764,21.56066121920346,1.4855223264929631,23.01624595322681,1.9519281320090944,28.731132488686924,3836.042034513238
2012-08-11,169.9195310993294,264.942084495358,76.55503896826824,9.0735855,0.94416344,29.354895,1.8553773,21.430096464360123,1.1890796718275973,22.87944064941525,1.6554837777587788,10.60936509932942,3825.4326694139086
2012-08-12,191.7866517569027,254.4094508842996,76.24741869382096,9.163601,0.9809236,30.60232,2.0558066,21.387402618263447,1.2456908761787757,22.834706183416767,1.7120944305847738,6.4341999448866005,3818.998469469022
2012-08-13,302.2027785711154,372.26193574879983,75.77410778680989,9.080128,0.9662211,31.759634,1.9632155,21.59778318196674,1.166855924357672,23.055142218915094,1.6332622166553101,17.605457382993066,3801.393012086029
2012-08-14,335.0870074794811,434.324474433427,75.27921053073435,9.022549,0.87337464,29.919756,1.4255912,20.818796552964173,0.8900946924269043,22.238922691878784,1.3564911001911222,0.4202628240266508,3800.9727492620023
2012-08-15,407.48339446155944,319.1779301058726,74.95902306949377,8.933847,0.87600213,32.38287,1.8545092,19.233570483319323,0.9512273174834383,20.577928234929143,1.4176057528444455,7.320227394035896e-05,3800.972676059728
2012-08-16,323.08319503586046,342.5999060132848,74.6062738089916,9.0978565,0.91635305,29.9427,1.558947,19.825845876954514,0.9173463935443734,21.19851236778795,1.383731207582973,0.0024697656081102306,3800.97020629412
2012-08-17,350.93344314490207,443.49168972241375,74.17293885405608,9.060759,1.0436283,29.541742,1.4841912,20.49436725643015,0.948179275508966,21.898986783976504,1.4145717712379389,0.09457800331469159,3800.8756282908053
2012-08-18,336.11906393121683,479.5153021651386,73.75437938665232,9.225767,1.0715582,27.354048,1.2249973,19.883469079028085,0.8447829218505456,21.25888976194557,1.3111683778882037,0.0034894974141760795,3800.872138793391
2012-08-19,341.6715771764158,470.05762048202575,73.30695616940822,9.218269,1.0956669,26.672415,1.1510864,19.325647637300385,0.8105630900335021,20.674406362120497,1.2769424907145466,0.0001195263117916662,3800.8720192670794
2012-08-20,367.0720982727006,497.1797736053511,72.82503329816541,9.229555,1.1444352,25.361511,1.0432184,18.509815367580394,0.7722880057356255,19.81958009869099,1.238659190961237,2.0790885127922334e-05,3800.871998476194
2012-08-21,366.86480701586567,515.1321067893826,72.3582147772092,9.297056,1.0895041,25.78119,1.1149707,18.924648869186704,0.7933675299927606,20.254241223636697,1.25974279749881,2.5966211636045804e-05,3800.8719725099827
2012-08-22,375.93210116127256,518.6049959703395,71.86460756777421,9.2302475,1.0556556,27.116869,1.2998747,19.59995858927706,0.8744878370885667,20.961828439916573,1.3408701710546056,0.0006245366288761992,3800.8713479733537
2012-08-23,398.2626882123167,538.0935358608532,71.33957077383042,9.179192,0.9854329,28.315462,1.4511852,20.17618525930367,0.9333523207479472,21.565596775038124,1.3997410966592538,0.018018081775257048,3800.8533298915786
2012-08-24,414.8504895831203,552.8893624085058,70.71251428084778,9.127262,0.9482871,29.145044,1.5992986,20.563826209498906,1.0000602835919514,21.971765637568396,1.466453606747248,0.12943171645428883,3800.7238981751243
2012-08-25,368.05236513787776,480.8864880055005,70.20601514948424,9.154055,0.980492,28.744349,1.6979178,20.251093716002746,1.0515462369730082,21.64408559990567,1.5179358782100674,0.026978443557375102,3800.696919731567
2012-08-26,355.4661426152672,455.33417945816586,69.7014968524463,9.205944,1.002675,28.519415,1.7920748,20.052120559012497,1.0982194824316056,21.435602206166998,1.5646068392873818,0.009125176868916384,3800.687794554698
2012-08-27,357.2365019103506,452.5103231618969,69.18369469639127,9.23628,1.0372407,27.673101,1.7179254,19.53931783911807,1.0635084024471497,20.89828926919002,1.5298900805567612,0.00042944952317648774,3800.6873651051746
2012-08-28,148.28870107671295,1451.711880495358,69.02345377760278,9.373636,1.0794368,18.411715,1.3539732,17.574061800468556,1.2325531468106852,18.839100709784756,1.698915846085635,2.1076712947457503e-05,3800.6873440284617
2012-08-29,294.13351501483146,653.6778537012042,68.63654778379632,9.444149,1.1666306,23.994059,1.4438391,19.478797247304765,1.0595460582925689,20.834875999967334,1.525927086037474,0.00029688362502891644,3800.6870471448365
2012-08-30,352.03806748374376,580.0699594884597,68.16612422596909,9.453299,1.1805347,25.510431,1.5666964,19.44598188162067,1.0720983010562082,20.800492171977254,1.5384789779125878,0.0002426658951241073,3800.686804478941
2012-08-31,367.63650081853183,563.8465623084743,67.59592266919458,9.385092,1.1047595,25.80303,1.6211325,19.323219911898427,1.0738153515913609,20.67186259974309,1.5401947266961464,0.0,3800.6866879138665
2012-09-01,375.86384898201,553.9871284834054,67.06071839484002,9.351786,1.0778409,25.676754,1.6318668,19.077884304983474,1.0653922956166149,20.41480078945542,1.531769120845173,,
2012-09-02,382.3355869358618,547.5649430902879,66.5107695303088,9.378908,1.1028781,25.496908,1.7167243,18.8698714211199,1.1079267240117467,20.196845600799637,1.5743014411893719,,
2012-09-03,380.1875557733164,525.5860751227877,65.97120564402667,9.640871,1.3128862,24.068594,1.6791127,18.012731311462453,1.119368603352086,19.298737123887452,1.5857351560591075,,
2012-09-04,328.3668694664229,458.68592167317934,65.51152523554215,9.585995,1.109629,23.376076,1.6275414,17.62270597506307,1.0554620180596663,18.890069909643096,1.5218251337948556,,
2012-09-05,346.2315020988,220.52879049535807,65.32445527851793,9.438955,1.0940015,29.220514,4.0901947,17.136042303548784,1.726140979371413,18.380145378206965,2.1925000504887633,,
2012-09-06,266.1864345200495,308.88033232018694,65.02042354548139,9.51232,1.185999,28.242582,3.091927,19.57273362145769,1.7491211237919986,20.93330221169934,2.215503162787915,,
2012-09-07,271.2340408933613,358.0665821481989,64.65170723146244,9.598026,1.2534744,27.619041,2.2757428,19.85182719606865,1.403063690992563,21.225735505143046,1.8694487940276043,,
2012-09-08,239.7247219652617,389.9137302806845,64.36727897194952,9.704498,1.4105343,26.667818,2.1207907,20.20930667615054,1.4188923594072025,21.600301282390376,1.8852815171384907,,
2012-09-09,164.01212209879998,366.06157049535807,64.17083793397927,10.247286,1.552437,24.566738,2.338168,20.1361018048949,1.6846390273312952,21.52359746852705,2.1510273428425046,,
2012-09-10,255.8663587261944,424.2931775992028,63.797456117237374,10.694517,1.632629,23.107718,1.8286932,18.43804780959844,1.2955891618700988,19.744382296762623,1.7619596608140902,,
2012-09-11,311.4345033985336,476.38070814809566,63.34755041821356,10.767021,1.7301565,21.285559,1.8927422,17.12743194516005,1.3333072057956625,18.371123474120285,1.799666207791454,,
2012-09-12,318.1911010006363,474.2463675916362,62.911525071787466,10.751936,1.8204186,20.931446,1.9727278,16.844020051282897,1.3885756553529653,18.074165460510898,1.8549324295197227,,
2012-09-13,324.5779784899793,467.5393272583798,62.44350932440854,10.77355,1.8571664,22.296888,1.8514667,17.57508536906888,1.3316690956616284,18.84017320146528,1.7980318036718466,,
2012-09-14,332.7595478265892,467.0325598664575,61.95257541823953,10.788286,1.8916254,22.570166,1.739017,17.668225702120697,1.2847645337862796,18.937765324052673,1.7511280416829818,,
2012-09-15,332.4562160865385,481.4840763496704,61.46400320976107,11.025499,1.7450976,21.296158,1.6832644,17.10107830707076,1.2245605337003116,18.343510222215734,1.6909193246632972,,
2012-09-16,341.902211670708,478.95364730580457,60.93278556267763,11.319056,1.7220131,19.239328,1.5294015,15.940382817983052,1.1448953989929773,17.127337456388673,1.6112456832444169,,
2012-09-17,326.43148770086214,515.4899606895714,60.42255600198466,11.035582,1.7790587,18.93077,1.7360065,15.869632107455113,1.2671198126099845,17.053205103746706,1.733469628150265,,
2012-09-18,531.4299620987999,38.60593049535805,60.51823459966062,11.747398,2.271032,23.60355,56.932236,12.55036143513855,4.398810474864019,13.575284639652581,4.8651447354100155,,
2012-09-19,132.8978920988,112.04209999999976,61.17769417540123,12.123266,1.9202718,18.979864,3.8997195,15.259657386895293,2.0658173999201828,16.414075676638397,2.532163411919781,,
2012-09-20,142.2799020988,287.431710495358,61.43008653839473,12.2704525,1.9037879,14.878501,2.3764505,14.014961611811406,1.710016956594994,15.109887698285155,2.1763565272939713,,
2012-09-21,152.9260420988,272.70038049535816,61.57799621181562,12.093702,2.0394185,16.819763,2.0862184,15.121706519840012,1.5243220499732264,16.26953122969932,1.9906672607701217,,
2012-09-22,148.2218320988,295.26263049535805,61.69289705836327,12.099125,2.057396,19.45847,1.615916,16.998821727340975,1.2768187442457788,18.236366127521496,1.7431767238854476,,
2012-09-23,126.9183720988,329.7239704953581,61.83213361415258,12.095379,1.832455,18.297411,1.502198,16.57362903971058,1.1983013174174542,17.790850682870857,1.6646560517313773,,
2012-09-24,111.90182312888466,275.4265779453289,61.93118298551068,11.930754,1.7848283,16.47068,1.2759968,15.15906442436998,1.0436391828030283,16.308674714364212,1.5099846084213935,,
2012-09-25,113.77652318360148,355.6148287760732,62.00595434570953,11.717516,1.8461311,15.529629,1.3333453,14.60560461156188,1.104832371687777,15.72876141441161,1.5711747780532708,,
2012-09-26,115.96414201914072,358.6254180951461,62.070135195133744,12.012709,1.8230755,15.939889,1.0716333,14.980297485693665,0.9242217509725636,16.12136332710338,1.3905661630719681,,
2012-09-27,113.81275351797062,381.7424795418305,62.126101677172294,11.626581,1.8909786,17.469273,1.3150923,16.12739837978585,1.1022254421619204,17.323291722764928,1.568576992924139,,
2012-09-28,83.95124209880002,2184.2659304953577,62.739879478734686,12.041904,1.8420942,13.880614,0.9303814,13.812559962068072,0.898536562695924,14.897811941559516,1.3648752534587052,,
2012-09-29,139.58680209879998,1376.4446304953578,63.20817922962733,12.525612,1.7944456,13.518184,0.9921915,13.426793830165371,0.9158628582151664,14.49360750722742,1.3822000016218416,,
2012-09-30,127.58385209880002,899.4901104953582,63.50101445830892,12.457993,1.734079,12.8993435,0.83658075,12.844518565905219,0.7636698651883457,13.88350147574405,1.2300049953587,,
2012-10-01,111.43640740719997,683.6957704953579,63.74495269123105,12.082874,1.7968297,12.458642,0.85832083,12.405978807846749,0.7798082478727405,13.424001016323553,1.2461421177864325,,
2012-10-02,82.5373274072,673.7424904953582,64.00011281813943,12.192234,1.8733782,13.142877,0.8228981,13.039127329508966,0.7610666314976889,14.087411873011277,1.2274023913905818,,
2012-10-03,136.1270374072,589.2303404953582,64.0723030322196,12.1872635,1.9525983,15.285346,1.1305563,14.703932219197412,0.988793538610087,15.83178874557601,1.455136455784559,,
2012-10-04,199.6919174072,481.5428104953581,64.17086311190019,12.385458,1.9953737,17.433073,0.9206426,15.953453924837824,0.8749987713233776,17.14103331746976,1.3413491427951374,,
2012-10-05,213.3566174072,365.7914104953579,64.30420207636662,12.108673,2.029444,19.946882,1.8031813,17.05930651481785,1.3623684876860533,18.299741881082863,1.8287269457789712,,
2012-10-06,177.5698774072,418.3918004953579,64.38257800538253,12.649065,1.772744,18.190016,0.90782386,16.53906072921763,0.8277601362623518,17.754630125302207,1.2941146158178647,,
2012-10-07,157.0338774072,437.44667049535815,64.43576694030685,12.537281,1.6490794,14.297124,0.6829322,13.832255965226315,0.6650530479148917,14.918449346341305,1.131391822247685,,
2012-10-08,147.4124974072,430.2658804953581,64.47279798010563,12.195208,1.6509522,11.172805,0.7687883,11.433702505747092,0.7108914522071978,12.405253230543806,1.1772233124845781,,
2012-10-09,135.3850374072,392.644760495358,64.48964002283594,12.338518,1.6653975,10.535983,0.87867516,10.998146920132356,0.7805408269869989,11.948879576808972,1.2468721376707075,,
2012-10-10,131.2547174072,357.529510495358,64.5038431143107,12.423552,1.7002424,10.86998,0.93785065,11.287165198989596,0.8240525582100788,12.251711941436026,1.2903842093629154,,
2012-10-11,120.5024374072,327.71711049535804,64.45291791223,11.997314,1.6322818,11.358872,0.9239395,11.530515578824613,0.8055626322943328,12.506693637575497,1.2718946442077574,,
2012-10-12,111.52167025331951,367.3940349027053,64.37014984696653,11.923334,1.4906203,9.570065,0.7476043,10.118053576903778,0.6703767008520884,11.026720780222659,1.1367075632004244,,
2012-10-13,125.37547995243712,401.114750004462,64.23569275503128,11.824961,1.5079488,8.427985,0.8419943,9.236922207896576,0.7351556044744936,10.103474343773819,1.2014869054566506,,
2012-10-14,122.16161709486931,451.9728845851002,64.12067980646539,12.054146,1.6115961,8.355512,0.9724818,9.142489502761084,0.8388507120575738,10.004528078134904,1.3051821127343706,,
2012-10-15,92.6219611947481,400.0864770432879,64.03983569340862,12.094847,1.6347228,10.471909,0.9518632,10.776997143535949,0.8317762197173263,11.71715959685395,1.2981073344047263,,
2012-10-16,99.4511274072,352.7418204953581,63.95718542923117,11.831511,1.52771,11.388264,0.8246715,11.485747306027767,0.7257586244947964,12.459785594371647,1.1920905649562579,,
2012-10-17,95.22708974695033,354.894563602668,63.84702242670549,11.658888,1.5522517,9.928137,0.9314387,10.29429202640658,0.8044641176178073,11.211382825170693,1.2707949988044434,,
2012-10-18,119.52888641063709,382.9129712002598,63.66467473183926,11.304594,1.674762,9.889736,0.95864385,10.226325140801281,0.83216237671288,11.140167354766637,1.2984932464260024,,
2012-10-19,1698.9252474072,6713.191030495358,65.58184417161335,14.449854,2.5955071,11.806981,1.0045016,12.34074015458975,0.9578048640920345,13.355644178448049,1.4241385653209118,,
2012-10-20,38.7789474072,4379.973730495358,67.63589059230193,12.979973,1.8734138,10.774976,0.98507035,10.794326817873294,0.976563797439884,11.73531757038609,1.442894925465902,,
2012-10-21,38.7789474072,2347.528990495358,68.8958819450699,12.343561,1.738758,10.516007,1.0176277,10.545706277263749,1.0014893533025566,11.474813817802213,1.467820322851505,,
2012-10-22,38.7789474072,1705.7532904953578,69.58970484096064,12.191746,1.7444437,10.6282835,1.0137879,10.66303747043762,0.9920107139755768,11.597753040933176,1.45834174950485,,
2012-10-23,101.16347740720003,1948.4970004953584,70.09940729749287,12.441177,1.7872696,10.708407,0.7757647,10.793930364114416,0.7427329286366942,11.734902167492749,1.2090640563537234,,
2012-10-24,140.25460740720007,1976.341090495358,70.63877494229335,13.004797,1.8623055,10.702004,0.80607486,10.854597233107219,0.7627103418051553,11.79846870544409,1.2290415188959167,,
2012-10-25,140.9419974072,1526.2000304953583,70.9483332746268,12.667006,1.8965968,11.488306,0.9854694,11.587954580668022,0.9162946083933159,12.566878027361616,1.3826267153390543,,
2012-10-26,119.4683374072,1269.818700495358,71.58885047901445,12.374619,1.9030342,12.515023,1.1368104,12.502949472979259,1.051861097058429,13.525606547771762,1.5181952267004375,,
2012-10-27,102.89717740720003,1095.9414304953575,72.15481709824012,12.516724,1.7981449,12.319178,0.9163036,12.336133142854862,0.8517559365000641,13.350816967300517,1.318089626000806,,
2012-10-28,95.6209974072001,962.5608304953578,72.66915416678657,12.376158,1.711692,12.05672,0.8604711,12.085585309042992,0.7978524056321731,13.088293803487364,1.2641854938691401,,
2012-10-29,139.32435740719995,468.8122704953579,73.17353491349395,12.198042,1.6702805,12.581062,0.8321445,12.493312181818208,0.7469619993881406,13.515508627036644,1.213296102736096,,
2012-10-30,38.7789474072,503.1019304953574,74.7000020683275,11.577929,1.5420606,11.88483,0.7964312,11.86286746719571,0.7476252124263482,12.854930810122637,1.2139578264648305,,
2012-10-31,38.7789474072,946.4974304953583,75.59744863799912,11.157402,1.318731,9.878118,0.6823089,9.928468210735893,0.6575060970893807,10.828073881617103,1.1238369788360594,,
2012-11-01,54.9368420988,1202.3484304953586,76.26444150370875,10.978785,1.239963,8.5105505,0.6325099,8.61839951930279,0.607294158819926,9.455388384979287,1.0736262981735385,,
2012-11-02,54.9368420988,1415.1572304953577,76.86203280202025,10.448853,1.1389046,7.6910815,0.6280998,7.794138351093773,0.6061240313566881,8.591730350525728,1.0724579680505375,,
2012-11-03,54.9368420988,1313.546630495358,77.29507592896287,10.140947,1.0775411,6.9024997,0.6265502,7.032504963826486,0.6029514596862328,7.793693490860554,1.0692877479121623,,
2012-11-04,54.9368420988,1213.6324304953575,77.69230758232372,9.958405,1.0254176,6.356893,0.65081954,6.51286063305193,0.6242166157997313,7.249211937390257,1.090554889176352,,
2012-11-05,54.9368420988,1034.7839304953582,78.04084525450304,9.52025,0.9742075,5.6451845,0.6920173,5.8405408719701395,0.6589629703930291,6.544757589938889,1.1253042704514529,,
2012-11-06,54.9368420988,871.8990304953578,78.3485763577492,9.36458,0.94986796,4.234597,0.6857942,4.538669449685298,0.6475968096079735,5.180661163893659,1.113945440222885,,
2012-11-07,54.9368420988,797.740170495358,78.59357722331282,9.212397,0.94834244,3.5224488,0.66726315,3.8890445249764554,0.6272552404127673,4.499986388415448,1.0936082538558174,,
2012-11-08,54.9368420988,721.1837804953581,78.72759343267423,9.161634,0.9477816,3.2618966,0.68543434,3.6795030446549006,0.6404401161468769,4.280429541616241,1.1067946462484575,,
2012-11-09,54.9368420988,658.402470495358,78.76768863768557,9.222679,0.9483992,3.3845882,0.6870824,3.8342007500746043,0.6383599788575067,4.442521268547354,1.1047133844077741,,
2012-11-10,54.9368420988,601.2262104953579,78.75254436708101,9.335924,0.97387165,3.9412265,0.79792994,4.392894177921228,0.7356562875070798,5.027918332447104,1.2020058596254986,,
2012-11-11,54.9368420988,541.386460495358,78.68694146532859,9.592333,0.99439985,5.067511,0.85105234,5.484364519047283,0.7780603143886323,6.171557224874273,1.2444034273836722,,
2012-11-12,60.86098284356581,522.1734443279371,78.58505629328413,9.371849,1.0382878,7.6823306,0.854855,7.858693698968035,0.7732530733977497,8.659371223356963,1.2395868412788325,,
2012-11-13,189.7627720988,1159.5468004953575,78.75009292729493,8.894245,1.0553147,8.92446,0.70248646,8.920211028830208,0.6216671793931621,9.771625452971083,1.0879988549939006,,
2012-11-14,54.9368420988,940.819860495358,78.90195411458389,8.751884,0.91927814,7.209026,0.770588,7.294146832759208,0.7298382635875749,8.067840946750275,1.196173669186232,,
2012-11-15,54.9368420988,816.3423104953581,78.92001241262363,8.791183,0.9161135,5.6199336,0.6988714,5.819890705799838,0.6573482621203997,6.5231204164147085,1.1236896633259574,,
2012-11-16,54.9368420988,755.104730495358,78.9784607651381,8.803032,0.9151053,4.822895,0.67910975,5.0928270612319775,0.636087576338978,5.761305614979239,1.1024328496704963,,
2012-11-17,54.9368420988,714.4873004953581,79.01771100220162,8.774969,0.9091015,4.481866,0.6848523,4.788393220071787,0.6392578610794604,5.442320876866617,1.1056049353061492,,
2012-11-18,54.9368420988,652.7742004953581,79.05759452388762,8.734495,0.9056272,4.3360305,0.6956332,4.677466104627536,0.6454736168593342,5.326091824489506,1.111821373628499,,
2012-11-19,54.9368420988,622.8298604953579,79.0890087616251,8.65597,0.9002454,4.177565,0.7320373,4.540565229173817,0.676647578508826,5.182647555161331,1.1429961970397475,,
2012-11-20,54.9368420988,602.2667804953578,79.10815381029316,8.864826,0.917389,4.1996703,0.8014533,4.589639151771083,0.738450976996863,5.234067043507934,1.2047992841533524,,
2012-11-21,57.09896753271037,587.4301107758105,79.11317138270036,8.789326,0.90935963,4.6265607,0.7920183,4.9953409231866885,0.7263346761492258,5.659159972775078,1.1926805146288917,,
2012-11-22,121.70263979364132,568.3568611693055,79.0546231156658,8.898528,0.9294884,4.4351773,0.90682155,5.222358099199147,0.7646678890419767,5.897027793781538,1.2310124282694574,,
2012-11-23,123.76963993996036,564.9302997395872,78.99594424591237,8.772711,0.9288356,4.727976,0.87695366,5.4548749782819685,0.7384656350049398,6.1406581848653286,1.2048089046053314,,
2012-11-24,127.31669965765109,574.0240917979208,78.93655151582803,8.070341,0.88411254,4.289982,0.82665026,4.976242888610213,0.6953611839275587,5.639149117429212,1.1617071343958532,,
2012-11-25,150.39440703813733,576.1059000008527,78.82804758313333,8.016697,0.86744004,3.2145176,0.8856674,4.208627171608853,0.7249164487212255,4.834843993118248,1.1912672457214661,,
2012-11-26,164.7709347472516,578.9826825381006,78.6881022934399,8.196333,0.86942714,2.7069447,0.92986375,3.923061988608874,0.7490499824392307,4.535629770526614,1.215402754401882,,
2012-11-27,180.3087406046477,530.5781993741227,78.55484195683354,7.5562377,0.837248,2.4549499,1.0164849,3.7488360344472307,0.7878249645808163,4.353076411317675,1.2541789872925533,,
2012-11-28,172.59928693318375,468.5929805784686,78.42864021834852,7.4440284,0.821943,1.7622216,1.2043821,3.2916782640421016,0.9075634746662262,3.8740680622028414,1.373920944309626,,
2012-11-29,170.92546667780326,487.7148713642396,78.23456207026001,7.323006,0.82880694,1.4458697,1.0867063,2.971060650597098,0.8329415382750299,3.53812602281165,1.2993015679357676,,
2012-11-30,159.96596017963185,485.9584217712912,78.02883623452213,6.9199977,0.84640133,1.3120611,1.0589594,2.700890772249184,0.8238172950266903,3.2550429478082337,1.2901795731615315,,
2012-12-01,159.7793593586569,489.1198103491687,77.86089780025479,6.8925433,0.9084305,1.5539736,1.22639,2.8684971302828273,0.9510921838673515,3.4306603168222125,1.4174530572783608,,
2012-12-02,153.0102850150237,488.0321836200276,77.70001868390929,6.954864,0.9806657,2.511062,1.2660098,3.5717520512904164,0.991842728048698,4.167528419097279,1.4581980575997229,,
2012-12-03,123.84430798105384,431.7205824330291,77.56847037984885,7.590778,0.9477523,4.0278044,1.2034874,4.822048206493705,0.9587772792793401,5.477584456595688,1.4251241492069593,,
2012-12-04,139.04042988967495,425.815947637038,77.40078979472759,8.036913,0.9623906,5.5586996,1.2859205,6.1687163443566675,0.997914593422324,6.8886187280937605,1.4642543514990933,,
2012-12-05,87.7381720988,522.2025504953581,77.28420564122001,7.283594,0.8952574,7.442179,0.75804025,7.419367208710492,0.6616519026023306,8.19904642862759,1.127986913483602,,
2012-12-06,170.01525710524282,502.1436789288024,77.1428057453461,6.7433634,0.8436648,3.9918418,1.0054647,4.687809108272717,0.7808675727699615,5.336929188353137,1.2472152653029882,,
2012-12-07,180.4018605877989,540.549993069393,76.97102817678683,6.237016,0.9330908,2.3351154,1.0157222,3.311477661168154,0.7965487469477057,3.8948138028306656,1.262906062353864,,
2012-12-08,150.6161920988,570.933280495358,76.99904342188087,6.756782,0.9652873,2.765373,1.1630586,3.598539471564193,0.9420820027474203,4.195596186491927,1.408437132311306,,
2012-12-09,71.3438120988,596.8962304953579,77.03737979845991,6.4876184,0.9574899,4.274296,0.79921025,4.510598429354123,0.7211655435472168,5.151248444746637,1.187514353572145,,
2012-12-10,177.05201209880005,692.275710495358,77.1104261409975,7.052909,1.0028019,4.8887944,1.0956726,5.329549746403905,0.8961065557363238,6.009342835306367,1.3624505019762432,,
2012-12-11,159.13252209879994,1380.3693804953582,77.42257375767412,6.4034166,0.9433406,6.6831493,0.73529196,6.654234420124153,0.6664594737571871,7.3973429082224165,1.1327971764742335,,
2012-12-12,54.9368420988,1080.6442304953582,77.6780721229983,6.0271745,0.91523814,5.029602,0.69528955,5.077862346724587,0.6631328486508021,5.745625638272713,1.1294782080298296,,
2012-12-13,54.9368420988,940.381120495358,77.86950403880792,5.9352183,0.8931423,3.5598135,0.6568745,3.6909246068872625,0.6225729318532222,4.2923970154806526,1.0889273779917812,,
2012-12-14,54.9368420988,850.528520495358,78.00037423879151,5.9640727,0.89225227,2.711533,0.6594031,2.908872762230007,0.6217566603147078,3.4729657659592736,1.088117200135395,,
2012-12-15,54.9368420988,787.367830495358,78.19143180497151,5.8908305,0.86871314,2.3554764,0.726513,2.5860594431363584,0.681487781834408,3.134723073695077,1.1478510409250462,,
2012-12-16,54.9368420988,747.7625404953579,78.35574143324719,6.011419,0.84900355,2.6176152,0.79250413,2.849887548458955,0.7405481574850629,3.411161260600832,1.2069091852792313,,
2012-12-17,54.9368420988,763.6186304953579,78.4418305097456,6.0151715,0.87361765,3.9100504,0.7410193,4.05133428958171,0.6937683020427382,4.670033049009027,1.160120175339957,,
2012-12-18,463.43844209879984,2018.447230495358,79.01615024468131,6.3271375,0.87022233,4.509505,0.7043811,4.848908364139194,0.5954539945093803,5.5057284379597755,1.0618007023147062,,
2012-12-19,194.1848420988001,1820.673730495358,79.52948532564695,5.778362,0.8434503,4.9388847,0.7317885,5.019790523231255,0.6662390201064652,5.684778180124998,1.132584715825397,,
2012-12-20,118.37019209880002,1549.1547804953582,79.89839503756906,5.355166,0.8319875,4.1341133,0.58491576,4.220790416291123,0.5465951815525698,4.8475885993183585,1.012945896502817,,
2012-12-21,1886.7392420988,3337.757730495359,81.49985574925338,6.2180624,0.81678593,2.7286785,0.8584941,3.988810806280508,0.6227507669849608,4.604521156931863,1.0891030759660543,,
2012-12-22,683.9813420987999,4327.344230495358,83.36926521229915,5.404678,0.79277897,4.118225,0.7831964,4.293809317756182,0.6849014970912585,4.924097554670819,1.1512517230321884,,
2012-12-23,233.7389420987999,3356.993430495358,84.68733635634209,5.140981,0.7629748,3.449891,0.71333677,3.5599727037186426,0.6687488688882605,4.155186058977259,1.135104286640254,,
2012-12-24,974.2043637867608,3609.617649920469,84.7936083568867,5.709946,0.80004084,2.6693704,0.6360506,3.3155870739721225,0.5289444775219265,3.899119631519339,0.995301760971951,,
2012-12-25,991.492558477248,3040.509830531484,84.69455881261928,5.499429,0.7759879,2.0819273,0.74634844,2.9223106628293722,0.5942855175040993,3.4870459522721236,1.0606459467120493,,
2012-12-26,885.8918707542059,2498.6662006309425,84.53913028839817,5.021743,0.7205701,1.4449298,1.2096982,2.3811435114653703,0.9127639879287648,2.920012860960286,1.3791290349931882,,
2012-12-27,773.213032490873,2275.650929827484,84.18717728003125,4.788701,0.73345983,1.7294326,0.95402664,2.5052842717689354,0.735972967122328,3.0500871252524013,1.2023369252753786,,
2012-12-28,626.5437964446272,1884.2988581813547,83.79953257589153,4.646627,0.74977916,1.4040896,0.8349038,2.2132170061973104,0.6539035131913674,2.7440600427684543,1.1202700612802055,,
2012-12-29,54.9368420988,1060.101130495358,83.93144801213407,4.345845,0.73991466,2.3942533,0.8908795,2.4904063020408898,0.8477708976784972,3.0344980394291503,1.314134985405473,,
2012-12-30,387.7894737036,967.1983904953582,84.12727238449754,4.376195,0.70873445,1.3417605,1.3436433,2.2101976178520903,0.980314343139884,2.7408963379815954,1.44668091851288,,
2012-12-31,387.7894737036,863.9753704953582,84.10754712766091,4.404937,0.73719865,0.756937,1.2402365,1.8870661521963001,0.8859599171721535,2.402320292837116,1.3523294727213089,,
2013-01-01,387.7894737036,855.252390495358,84.05801645792808,4.152215,0.723827,0.46982038,0.52538633,1.6186102273136471,0.4262161662163742,2.1210330924157437,0.8925882884824407,,
2013-01-02,387.7894737036,787.9479104953581,83.9668208891729,3.6590521,0.68188936,-1.0403832,0.42747414,0.5096156038651388,0.3642172348630444,0.9590323168748707,0.8306008336295874,,
2013-01-03,407.6361837036,740.4299504953578,83.85160449404556,3.5430605,0.6401867,-1.2015349,0.49724913,0.483096973947288,0.3930816229384615,0.931246187096348,0.8594655133501797,,
2013-01-04,54.9368420988,740.036910495358,83.72519109016272,3.3884473,0.5584704,-0.6428405,0.5680012,-0.3642574444944829,0.5301559344548917,0.04339112398923611,0.9965495671759413,,
2013-01-05,54.9368420988,687.338640495358,83.62421616424672,3.3555791,0.5454159,-0.39547646,0.60207146,-0.11785561221708069,0.5589708136547807,0.30157012156697105,1.0253615287626774,,
2013-01-06,54.9368420988,676.294660495358,83.59252735536138,3.4941914,0.5202489,-0.21210563,0.7339622,0.06634552151313787,0.679944506359188,0.4945754398294181,1.1463330857079375,,
2013-01-07,54.9368420988,664.959980495358,83.54995648739184,3.4143186,0.5220262,0.06313002,0.8809343,0.3188662737252934,0.814682929622347,0.7591658207983061,1.2810686441110657,,
2013-01-08,62.46305209879999,633.100850495358,83.49809858541659,3.4777482,0.5396357,0.76521266,0.90400964,1.0088038559007717,0.8242535443648584,1.4820800609681322,1.290631803215264,,
2013-01-09,74.29240209880003,604.9500104953581,83.42448001400504,3.592394,0.5196909,1.25688,0.90382355,1.5123278012535053,0.8069718941523144,2.0096707296982252,1.2733450553598469,,
2013-01-10,54.9368420988,615.347480495358,83.35053700331345,3.3339672,0.5232592,1.9578482,0.8865679,2.0706356019626404,0.8150334597188444,2.594663734801515,1.2814013075961648,,
2013-01-11,82.06834209879996,631.472380495358,83.26466933904841,3.3395524,0.5321193,1.3551453,0.88888806,1.5833831819040483,0.7890292138043281,2.0841223146531966,1.2554016789938598,,
2013-01-12,147.54304209880002,904.792900495358,83.25942333064053,3.8506474,0.5813407,1.8512028,0.89730793,2.1315355106757474,0.7757941933444834,2.6584744509751848,1.242161483207091,,
2013-01-13,54.9368420988,1542.3658704953575,83.5671074816166,3.8592243,0.7248082,4.5136642,0.8889226,4.491155761394906,0.8587113422932445,5.130876483720405,1.3250602771101385,,
2013-01-14,54.9368420988,1601.1362304953584,84.42192929194483,3.5800138,0.6824403,4.3896217,0.88606954,4.362764643202092,0.856975067422183,4.996348708961055,1.3233248371656923,,
2013-01-15,387.7894737036,1489.4179775565442,85.06428426490972,3.6495895,0.5649815,2.9844084,0.8852839,3.1218200705109784,0.712034428865762,3.696091227652118,1.1783932401241195,,
2013-01-16,387.7894737036,1676.0848757048102,85.469939326521,3.4663355,0.5640917,1.7907085,0.9164725,2.1055486918990236,0.7517817899594297,2.6312455510924297,1.218149317415758,,
2013-01-17,495.221401377788,1703.0323921709323,85.62709314329081,3.4774814,0.51880693,1.031913,0.905229,1.5828493241767951,0.7109719302506411,2.083562940351482,1.1773444006480138,,
2013-01-18,548.300810881962,1602.3082360220967,85.63279789619628,3.3357801,0.5018841,0.46604347,0.8371165,1.1976868856931542,0.63668283139867,1.6799910539202534,1.1030591440321278,,
2013-01-19,561.5999897052126,1566.923304172872,85.55139283109217,3.441224,0.49610507,0.5240735,0.90067697,1.2937487587759953,0.6758348626319391,1.7806443561653684,1.1422102011103892,,
2013-01-20,540.0587233390825,1444.67760076086,85.40588369548283,3.488093,0.4918674,0.8257723,0.9048911,1.5502057804211005,0.6721253119883497,2.049359146790637,1.1384981014462965,,
2013-01-21,458.20754933330966,1294.2404857296433,85.24927733930096,3.299491,0.4926334,0.19441581,0.9012119,1.0062908723128206,0.6779239879766373,1.4794469653548814,1.144302272995358,,
2013-01-22,390.6476037036,1051.3536120534895,85.16470476574214,3.0595915,0.5122524,-0.9245933,0.6065293,0.15474852668400088,0.4634795233861208,0.5872038064568927,0.929867091504292,,
2013-01-23,428.8630837035999,804.9774432181524,85.12359162199125,2.934564,0.5153187,-1.2800392,0.6399744,0.18488899880161544,0.4543277475683979,0.6187848901116796,0.9207149729561829,,
2013-01-24,448.7770837036,690.755540495358,85.0379555948895,2.8325176,0.51686645,-1.4545485,0.68661785,0.23380776728161434,0.46332023862839117,0.6700418085045778,0.9297069099668354,,
2013-01-25,449.9742937036,689.853230495358,84.9366392047692,2.7791233,0.5088888,-1.4324051,0.6704644,0.23019689022644957,0.452789840928077,0.6662583438693419,0.9191765530694447,,
2013-01-26,431.2346337036,685.803010495358,84.8366268208985,2.7741904,0.50105834,-1.4158944,0.70624614,0.20169629794577837,0.47478891092213693,0.6363955207020555,0.9411759456435014,,
2013-01-27,419.2628437036,698.038480495358,84.73763206609588,2.7960515,0.4821806,-1.4136084,0.7077467,0.1660495858969992,0.477755307643688,0.599045017669534,0.9441427471346469,,
2013-01-28,396.2518737036,703.4359904953579,84.65236837818217,3.0017667,0.49852645,-1.5200311,0.8822253,0.10931383110379818,0.5922323650891588,0.5395974877386935,1.0586204518128932,,
2013-01-29,435.0011737036,826.8499504953578,84.63743999410279,3.3535526,0.49578178,-1.6867062,0.8725816,0.05083514310440644,0.5967720027202519,0.4783237183523255,1.0631607604116144,,
2013-01-30,534.4484737036,1600.583200495358,85.15197872574328,4.091465,0.5496832,-0.7164701,0.9184355,0.4870687370128367,0.7021441116499305,0.9354077868596371,1.1685279583300088,,
2013-01-31,1300.0631737035997,4963.689730495358,86.70354518164986,3.8541172,0.61604416,0.64825237,0.93247586,1.313640484862513,0.749918058520793,1.8014868387623577,1.2162931965976915,,
2013-02-01,737.3450264935259,2691.6063915115105,87.39096351551883,3.2402124,0.51244897,0.32349455,0.78216445,0.950691374237151,0.6237820003636911,1.4211900013285712,1.0901608662008617,,
2013-02-02,823.5135159750114,2314.0596682594764,87.61146503697249,3.012288,0.45886588,-0.3735124,0.6495301,0.5151529265339804,0.49395671608589026,0.9648343046388921,0.9603402540558392,,
2013-02-03,826.7729321788031,2114.11880578319,87.63755400230934,3.046393,0.44070628,-0.61575377,0.72594124,0.4137855755614417,0.5363630200785637,0.8586219407968209,1.002747676556742,,
2013-02-04,805.8468264646363,1836.0797782886148,87.44341134601545,3.0211143,0.42986724,-0.7622222,0.7866282,0.3917802616229847,0.5621930643909018,0.8355648480735083,1.028577965232309,,
2013-02-05,730.2408700627717,1614.7225773218315,87.02795470248601,3.0822234,0.42602292,-0.7465502,0.9135019,0.4457613370760349,0.6428679420320806,0.892126034408139,1.109252244414619,,
2013-02-06,584.5055054697167,1466.1266401835765,86.47141319915818,3.076632,0.42094642,-0.38601172,0.9063352,0.6009689707616944,0.6590111616683851,1.054752062433219,1.1253937619097658,,
2013-02-07,387.9992337036,1232.8506092052212,86.2177659388744,3.0572343,0.4198576,-0.21986187,0.8426998,0.5646098128421423,0.6488060779700886,1.016655061052676,1.1151890744870108,,
2013-02-08,407.2992337035999,929.744260495358,86.21842362510164,3.1814208,0.43917903,-0.88528144,0.90651494,0.3535449042037443,0.644406858581764,0.795501971270659,1.1107921853335567,,
2013-02-09,420.5699237035999,911.843870495358,86.0635293453732,2.9849446,0.43876484,-0.76040137,0.8828988,0.4217988367398802,0.6198852197795371,0.8670182084676257,1.0862697874100742,,
2013-02-10,80.9475820988,769.997070495358,85.99795679026596,2.9405298,0.45520237,-0.07508135,0.6688721,0.21178388089611877,0.6067915239207128,0.6469652556347449,1.0731784443609842,,
2013-02-11,54.9368420988,703.8643904953581,86.14683059009096,3.2365034,0.44698718,0.051960707,0.9017202,0.28252005418107007,0.8370619283592825,0.721082376203205,1.3034480507058108,,
2013-02-12,54.9368420988,673.3206404953579,86.27479279197021,3.1678214,0.43576208,0.68733424,0.8999427,0.8744523057223782,0.8327036808956494,1.3413069659490104,1.2990833489083362,,
2013-02-13,54.9368420988,655.980160495358,86.32724327275005,3.1209679,0.4775855,0.8111086,0.8856175,0.9896053389237494,0.8180134395712481,1.4619639205064552,1.284391898523667,,
2013-02-14,54.9368420988,638.979060495358,86.315295363493,3.1266627,0.51873636,1.2100902,0.8794458,1.3618238853059246,0.8108613495068329,1.8519732410402496,1.277236004029671,,
2013-02-15,54.9368420988,630.061230495358,86.28488061052396,3.178045,0.53691304,1.6119599,0.88039887,1.7375599516707463,0.810934954708104,2.2456682069878204,1.2773059295238014,,
2013-02-16,54.9368420988,631.5118904953579,86.24928692037722,3.0054035,0.49178484,1.7532017,0.8829104,1.8534160713131231,0.8132035802158215,2.3670618531147705,1.2795734529771488,,
2013-02-17,65.84529209880002,592.408940495358,86.17178662168597,2.7751637,0.4825303,0.7216471,0.6268686,0.927060724070782,0.5662238499514063,1.3964298868615863,1.0326029637158347,,
2013-02-18,89.51657209880001,545.858800495358,86.06555580820098,2.8168662,0.48018065,0.25764596,0.55261993,0.6182086004556236,0.4795583740443185,1.072815687495792,0.9459407869206232,,
2013-02-19,78.92212209879999,531.2702704953581,85.96175237296823,3.222712,0.46378684,0.31917167,0.8478058,0.6947148082557204,0.7405842064523711,1.152978630505345,1.206965791938311,,
2013-02-20,73.74652209879999,527.165950495358,85.74512034398093,2.9508448,0.45628977,0.7709966,0.733115,1.0385167675401035,0.6455772787264794,1.5132131482153166,1.1119552287164718,,
2013-02-21,70.1101820988,490.537140495358,85.51349710524477,2.8703384,0.45703414,-0.020029187,0.5905597,0.34141764845509,0.5198601689572452,0.782795074152169,0.9862456311458423,,
2013-02-22,68.01499209880002,458.1661304953579,85.286882057771,2.9044151,0.46019027,-0.09890735,0.5471314,0.2893067940150495,0.48010767859702835,0.7281934990019391,0.9464937246717096,,
2013-02-23,68.76525209879999,479.5743904953581,85.0488210543318,3.1310256,0.4350934,0.084873796,0.7935846,0.46688045205316553,0.6962054950058898,0.9142545708890935,1.1625895641590018,,
2013-02-24,63.65629209880002,502.90682049535786,84.80784257997472,3.0788183,0.44857726,0.54423964,0.8822609,0.8290126465932683,0.7847544601348937,1.2936954464412334,1.2511346094175533,,
2013-02-25,60.261482098800016,483.4986604953579,84.56383515554445,3.0721436,0.45921698,0.9118053,0.8798154,1.1512218393451712,0.7839646628479912,1.6313051371896519,1.2503414504656447,,
2013-02-26,67.29127209880001,485.0041704953578,84.29831335330243,3.0681973,0.52234405,1.1884447,0.86273116,1.4174724031015533,0.7602849963842694,1.9102815677615677,1.2266590957388832,,
2013-02-27,125.27590209880002,767.0440104953578,84.08830223583456,3.294622,0.5227903,1.5661131,0.8966169,1.8087844925438772,0.7742245390881562,2.320297037445774,1.2405948345794908,,
2013-02-28,160.4681820988,873.6875604953581,83.97965577851922,3.281495,0.5170984,1.6251272,0.8965674,1.8821429769429259,0.761686529473255,2.3971618066356633,1.228056131351278,,
2013-03-01,81.78163209879999,742.8344104953582,83.82982703549744,3.087733,0.48207682,1.8367505,0.89322585,1.9608172089110885,0.8060589441624187,2.4795963979574958,1.272427809004796,,
2013-03-02,83.54830209880002,664.877650495358,83.62698770555322,3.0143435,0.45256197,1.3019886,0.84764373,1.4931422406790604,0.7547123652709243,1.98956816491088,1.2210857153991281,,
2013-03-03,90.14558209879998,624.7374704953579,83.40138106024712,3.00173,0.4375273,0.8467869,0.7888251,1.1185217053697774,0.6915597897689405,1.5970420485900503,1.1579369131403978,,
2013-03-04,92.2437420988,600.234900495358,83.20143959489205,2.9797919,0.43170044,0.58907425,0.73061347,0.9075371300351539,0.6358954381244768,1.3759731317691226,1.1022747572075722,,
2013-03-05,93.89204209880002,590.4416304953581,82.99695951989113,3.0342512,0.46819642,0.42422068,0.77288103,0.7823224470290208,0.6699270136056273,1.2447736149402777,1.1363076598624822,,
2013-03-06,90.42062209880002,582.7885404953579,82.80029412266764,3.129735,0.4775595,1.1972375,0.8831037,1.4567966835907522,0.7671776840926027,1.9514854144348222,1.2335513932703053,,
2013-03-07,88.72835209879999,566.982650495358,82.60092244165862,3.0892947,0.47015932,1.605237,0.8827136,1.8060541209346364,0.7659149794077558,2.31743616340692,1.2322853008338635,,
2013-03-08,74.11151740719998,556.894230495358,82.45224164920086,2.9497762,0.493018,1.6256957,0.86875165,1.7812087303290327,0.7689003977603985,2.2914032480600874,1.2352709555752484,,
2013-03-09,92.3946974072,562.120920495358,82.3189979071994,3.10843,0.60026914,2.1563618,0.84914744,2.2907605106000273,0.7341839723228396,2.8253098616124115,1.2005498232756477,,
2013-03-10,103.87918740720004,611.7188104953582,82.20967391100955,3.3185112,0.6899381,2.983054,0.8511537,3.0317503058614084,0.7344574704342559,3.601716436140386,1.200817006489844,,
2013-03-11,72.60911740719996,793.6276304953581,82.43104698709001,3.6558883,0.76551956,3.9140167,0.84335965,3.8923800571182907,0.7753279342094771,4.503481347591717,1.2416809239160043,,
2013-03-12,501.7477474072001,6511.960230495357,85.25275464079843,3.9736192,0.77530944,4.5435205,1.3325566,4.502750766671647,1.238470557575585,5.143025690613831,1.7048194179183815,,
2013-03-13,38.7789474072,4287.44993049536,89.40412211289409,3.1561518,0.5962978,3.0187047,1.2593229,3.0199366852884784,1.2480461503930473,3.589338164886912,1.7144057822018124,,
2013-03-14,54.9368420988,3410.0569304953583,91.16629261705722,3.0015893,0.5101513,2.268988,0.76225495,2.2806031552404193,0.750213156613785,2.8146670193877967,1.2165790984924783,,
2013-03-15,54.9368420988,2328.2480304953583,92.26097628736453,3.0450287,0.4650842,1.9651878,0.55545044,1.9900801283461713,0.5427521839611358,2.5102579849112896,1.0091207764686425,,
2013-03-16,54.9368420988,1794.978930495358,93.05775577794354,3.0822368,0.42224672,1.7870638,0.53926593,1.8255265129132745,0.5234016190740847,2.337839269159095,0.989771755725656,,
2013-03-17,54.9368420988,1461.442270495358,93.58036536256643,2.9289627,0.46070176,1.2141669,0.4954711,1.2762921535018212,0.47781228589660285,1.762353384831509,0.9441878006164424,,
2013-03-18,54.9368420988,1210.130670495358,94.05302182646925,2.866977,0.5124665,0.8803909,0.4671316,0.9666604020788908,0.44739978011745685,1.4379222941137553,0.9137784787728536,,
2013-03-19,54.9368420988,1281.5384004953582,94.33951252717807,3.0981576,0.46778104,1.0009478,0.5364297,1.087155254324703,0.5147386253371767,1.5641763884058704,0.9811160719175311,,
2013-03-20,54.9368420988,1129.063030495358,94.66159969579198,3.0181675,0.44312617,1.1107067,0.5769279,1.1992116570210516,0.5505428852213524,1.6815887041054542,1.0169191823098256,,
2013-03-21,54.9368420988,930.979730495358,94.72996873705021,2.9924698,0.48760092,1.2742773,0.6437383,1.370017750483272,0.6084751014849028,1.8605587449637475,1.074849674040692,,
2013-03-22,54.9368420988,848.8512304953581,94.7562215818612,2.986987,0.43210563,1.5725006,0.66641194,1.6584802817118856,0.6264548976948794,2.162808799125255,1.092826633551201,,
2013-03-23,54.9368420988,782.156730495358,94.71695039323436,2.9971037,0.45587128,1.7093998,0.76224166,1.7939093492368547,0.7128453189044914,2.3047109131368098,1.1792157557925074,,
2013-03-24,54.9368420988,758.0957304953582,94.63459592352078,2.9441414,0.5667235,2.71844,0.84469813,2.7336907590300434,0.7885519910389092,3.289410661836073,1.2549139917459444,,
2013-03-25,54.9368420988,795.3191304953581,94.54605378400576,2.9496367,0.63166887,3.4508538,0.8508044,3.4184691227817954,0.7968779773213843,4.006919090577425,1.2632344670210727,,
2013-03-26,54.9368420988,787.837130495358,94.44897009799125,3.0019865,0.6295607,3.6476,0.85990024,3.6055151484828922,0.8048938714265019,4.202905276922181,1.2712489490466703,,
2013-03-27,54.9368420988,807.030340495358,94.33932601490254,2.949387,0.5986074,3.6747286,0.85726917,3.6284995231750727,0.8035379820564976,4.226988226156493,1.2698928889194459,,
2013-03-28,54.9368420988,806.9618904953579,94.24239982105104,2.9111729,0.5985245,3.8372178,0.84782726,3.7781923297485256,0.7947035167942534,4.383835837184896,1.2610573263285565,,
2013-03-29,54.9368420988,776.7858904953581,94.1062928957471,2.9041395,0.6062023,3.9591002,0.84875125,3.8894181172217146,0.7937002869891255,4.5003778370929695,1.2600532977729624,,
2013-03-30,69.47987209879999,764.1533704953581,93.9530456095349,3.5187826,0.737417,4.9510927,0.80410725,4.831715615361858,0.7396461814376958,5.487713934561355,1.2059929929198137,,
2013-03-31,54.9368420988,808.336870495358,93.88698929863078,3.463929,0.7295415,5.4543667,0.8154019,5.327699599619429,0.7649217349951652,6.007404257830004,1.2312656913587046,,
2013-04-01,102.91294209879996,1049.424530495358,94.02041091992622,3.1018648,0.72015095,5.180626,0.85099834,4.994975942417404,0.7776614901796822,5.658777547172646,1.2440073307956427,,
2013-04-02,38.7789474072,959.166330495358,94.20199228736838,2.8307495,0.6444517,4.32791,0.8078619,4.269732101379559,0.7768731115504716,4.898869529655241,1.2432234980632735,,
2013-04-03,38.7789474072,899.0983604953581,94.30522514730382,2.7415285,0.65017986,3.9212914,0.7032515,3.872511024989586,0.6747095358158821,4.482662643646149,1.141062667103503,,
2013-04-04,38.7789474072,820.2624804953582,94.38996757017325,3.5159168,0.7418778,4.3190928,0.70334625,4.282835690075277,0.6724302114534056,4.912599425098237,1.138780510495652,,
2013-04-05,38.7789474072,792.3293104953577,94.49314519318696,3.8954673,0.7629933,5.0851307,0.7994735,5.0296218039950285,0.7630016141652745,5.695079362502728,1.2293472526722737,,
2013-04-06,38.7789474072,728.8190604953581,94.59088576533726,3.8545117,0.7673615,5.6549864,0.7933639,5.564026646360129,0.7542801703615788,6.255026929561314,1.220622865280133,,
2013-04-07,38.7789474072,706.3340404953581,94.67112885001438,4.333514,0.77355987,6.0009484,0.8121869,5.914167840392351,0.7709690230162488,6.621903675770481,1.2373099664098546,,
2013-04-08,38.7789474072,698.007050495358,94.77827244668273,5.3616223,0.87155867,8.134438,0.80702937,7.988497143894307,0.7659282276126818,8.795378829239832,1.2322616704843037,,
2013-04-09,38.7789474072,597.7594804953583,94.93334957688216,5.958673,0.9253339,11.747132,0.94177485,11.394490027176522,0.8861952328043726,12.364166529538714,1.3525270347145488,,
2013-04-10,274.99609962577034,356.16979001604744,95.3352720059299,5.9243574,0.89783627,15.58612,1.1387496,11.376533908266245,0.7523038492547044,12.345352169524448,1.2186356250245147,,
2013-04-11,38.7789474072,546.2723304953581,96.44966773514834,5.2237825,0.7055256,10.835136,0.9809008,10.463199106555319,0.9170768856560045,11.388363086370573,1.3834078182370222,,
2013-04-12,38.7789474072,1692.2161304953586,97.54687672337155,5.119917,0.70115674,7.3144097,1.4777671,7.265247188904192,1.4447465629072285,8.03755999870748,1.911082062149947,,
2013-04-13,38.7789474072,1528.290830495358,98.59714638604208,5.009307,0.66236484,7.177401,1.0627054,7.123749077561947,1.0365371479295615,7.8892987613301715,1.502873119459664,,
2013-04-14,477.5697181113266,1390.1928719683694,98.89308953805002,5.0305777,0.66467136,7.404358,0.84544796,6.79740412966282,0.6518203372000884,7.547355640475863,1.1181574853048815,,
2013-04-15,767.84021714697,2003.3624571620248,98.89308953805002,5.1656013,0.61551154,8.043217,0.90268725,7.2458918131844765,0.6744894328524199,8.017279502191403,1.140824995346853,,
2013-04-16,656.1363848689828,1953.665615817322,98.89308953805002,5.618752,0.62674505,8.738942,1.0336609,7.954487892538933,0.7896665375660675,8.75974405192448,1.256000063728923,,
2013-04-17,735.9710945392534,1941.9218389036057,98.89308953805002,5.8141537,0.6116364,11.968137,1.0830365,10.27682432558809,0.8031709663923464,11.193080227963426,1.2695018441257875,,
2013-04-18,426.84671458291285,1343.083964767016,98.89308953805002,5.532722,0.648321,11.7537985,1.0756589,10.253487714858222,0.8310866749477144,11.168628207012885,1.2974175486123065,,
2013-04-19,468.3582251983232,1765.4065555946677,98.89308953805002,6.429567,0.7700441,11.372239,1.1171483,10.335898481156562,0.8975546811964265,11.254977926233174,1.3638855720138827,,
2013-04-20,1608.5998145829128,3553.4813691333543,98.89308953805002,5.5907307,0.60178655,11.887261,1.1529546,9.925146151893639,0.8155261620324654,10.82459303971808,1.281857044485552,,
2013-04-21,1010.941150697838,2148.944530596796,98.89308953805002,5.7445097,0.57793695,9.446049,0.96277475,8.261816611274304,0.6803611119189102,9.081762032864733,1.14669393344781,,
2013-04-22,863.0451484445882,1899.4058059395013,98.89308953805002,5.9201527,0.6132888,8.996263,0.95806944,8.03522405331655,0.686048572803378,8.84433912520451,1.152381903394705,,
2013-04-23,769.0340986533145,1737.884830653727,98.89308953805002,6.1979747,0.6723537,8.896018,0.9429351,8.06835371539548,0.6854437215537998,8.879052271882728,1.1517769740506958,,
2013-04-24,647.5116091729872,1505.1174009289127,98.89308953805002,6.9201765,0.7900661,9.822893,0.99989384,8.94975489567524,0.7384137608526392,9.80258141566065,1.204745396655808,,
2013-04-25,481.0185617988896,1291.9845475609147,98.89308953805002,7.3097067,0.9077749,11.041668,1.0244162,10.029180918985642,0.786067580472888,10.933600313052018,1.2523984467959017,,
2013-04-26,346.3735408572832,974.683440363562,98.89308953805002,7.1519346,0.9616168,11.106668,1.0014088,10.069760007515072,0.7806804502255926,10.97611894330048,1.247011313613039,,
2013-04-27,262.5298886782855,818.360187975946,98.89308953805002,7.5189843,1.0498244,11.805344,1.0137296,10.764259565050624,0.8087592431778885,11.70381320565826,1.275090348280222,,
2013-04-28,234.4201227420191,708.3336985223737,98.89308953805002,7.8557734,1.1555566,13.439095,1.0345036,12.050775783286483,0.8286790383544821,13.051820501390104,1.2950120487362562,,
2013-04-29,229.48099421663028,838.4251902588989,98.89308953805002,6.673194,0.9959817,12.292293,1.0261074,11.084811669517691,0.8335537824276896,12.0396866049663,1.2998851851750088,,
2013-04-30,196.9991359071538,882.1667475421506,98.89308953805002,7.0722327,1.1371198,11.139131,1.0347418,10.396728169952553,0.8709504407144392,11.318715066217724,1.3372813491759319,,
2013-05-01,207.76949213466247,620.521012354759,98.89308953805002,8.208252,1.4162713,13.345329,1.0518367,12.056737972264722,0.8643735354111313,13.058067662620779,1.330706559029613,,
2013-05-02,170.40638858268505,533.4420504953579,98.89308953805002,8.401838,1.5052497,15.452563,1.0715923,13.74553587115688,0.8901695989982497,14.827584328213163,1.3565080087021004,,
2013-05-03,140.2867193170051,536.695150495358,98.89308953805002,8.254658,1.4394784,16.076424,1.0618497,14.455568011717554,0.8930969652053511,15.571553577969185,1.3594386134443617,,
2013-05-04,103.4105262964,507.42706049535815,98.89282634256527,8.301123,1.4088743,16.342806,1.0474341,14.98140520586171,0.9022089967822946,16.122523992508906,1.3685534150493814,,
2013-05-05,126.78122089443836,499.32372612284297,98.84622810965189,8.30014,1.3563545,17.343893,1.0487715,15.512605803748004,0.8803432755048594,16.67911416315576,1.3466908131409783,,
2013-05-06,156.68901293865437,469.9171733943941,98.77092492841206,8.105473,1.2559603,18.301634,1.0553608,15.751983863249427,0.8514939436368226,16.92993367562839,1.317842992452219,,
2013-05-07,158.68440104527656,472.1822353853272,98.67699036606578,8.025162,1.1982375,18.750412,1.0427196,16.052647019606358,0.8366165912399824,17.244967503093598,1.3029676309708238,,
2013-05-08,121.05557629640002,712.468900495358,98.84171448751879,7.0143967,0.91690546,17.081718,1.0482442,15.619607284983477,0.905845754938156,16.791229949428025,1.3721939599685669,,
2013-05-09,290.37023832363315,825.4030104953581,98.89308953805002,6.947331,0.9594987,17.813791,1.0389686,14.985889927541402,0.8081307142436898,16.127223068554635,1.2744751574956297,,
2013-05-10,163.71246668284783,670.5708704953581,98.89308953805002,7.7852006,1.161227,18.193712,1.0204637,16.151236927939287,0.8512813626862533,17.3482696720321,1.3176330777625984,,
2013-05-11,457.44293861005104,684.4668931891526,98.89308953805002,7.7033644,1.1935822,20.942951,1.0659789,15.639243907028163,0.7980487897616673,16.81180513488201,1.2643971186924572,,
2013-05-12,473.2221407964204,637.921345127807,98.89308953805002,7.0220523,1.0820304,18.850603,1.0378321,13.81297096127476,0.75324251561797,14.898242585123352,1.2195812081200854,,
2013-05-13,331.7845661485404,496.3497157586019,98.89308953805002,6.7085195,1.0693369,14.529066,0.9262465,11.39583428224496,0.7012417848340944,12.36557503540432,1.1675735887160632,,
2013-05-14,264.45107169797217,462.531660495358,98.89308953805002,7.792722,1.2547328,12.319896,0.973249,10.673067235363462,0.7692553110975924,11.608262194337435,1.2355863529975606,,
2013-05-15,188.7434762964,459.98381049535806,98.8818806383014,8.191374,1.4134717,12.964115,1.0036381,11.575513482130017,0.8219151314551122,12.553842286841261,1.28824721749701,,
2013-05-16,159.0553862964,450.8304804953579,98.85420067605746,8.75407,1.5476699,16.105658,1.0844392,14.188397937881385,0.8975031185350975,15.291613687878856,1.3638434805201822,,
2013-05-17,154.873899884697,445.6107847825152,98.80764549521571,8.354056,1.4203161,17.84869,1.0974835,15.399883289486167,0.8930178383299683,16.561003898034848,1.3593646870512703,,
2013-05-18,180.49340864525504,497.60850950773545,98.66937755373641,8.1160755,1.3834833,17.543186,1.0417631,15.03393014036496,0.8485425726355673,16.177559439333905,1.3148872849674804,,
2013-05-19,165.76538276132788,479.899238693476,98.58630275215172,7.9933267,1.3925096,16.240898,1.0112643,14.123449234129186,0.8323272664064335,15.22356065810334,1.2986673280401009,,
2013-05-20,162.80458704125084,447.96765779559473,98.53476663297161,8.95145,1.6374238,17.837029,1.0473703,15.468530434848676,0.8835236023637667,16.632932142287157,1.3498708688987462,,
2013-05-21,160.59349329350988,430.760989985145,98.50935187823056,8.926734,1.5447991,22.470709,1.2136393,18.792586333419337,0.9785425398304772,20.115866550092843,1.444916486389212,,
2013-05-22,148.50263413101584,555.4618507000538,98.51817528681646,8.643714,1.3534883,23.988934,1.3148767,20.751830580308752,1.0760717636000732,22.16875597464216,1.5424673540187546,,
2013-05-23,103.4105262964,577.9110304953581,98.60314938969708,8.251877,1.1773496,22.982304,1.236609,20.746529378034314,1.06403018093585,22.163201393020255,1.5304257068703129,,
2013-05-24,113.98257629639998,809.837150495358,98.86459273662167,6.83406,1.0663878,18.966228,1.185609,17.469339256621325,1.0476214421736643,18.729372786317732,1.5139832540645457,,
2013-05-25,814.9154413918534,1058.5531862550347,98.89308953805002,7.3844056,1.3228145,18.686686,0.97874117,13.770455678372425,0.7980598283833997,14.853695217029511,1.2643983419859957,,
2013-05-26,1303.1794232643313,1658.5485798708323,98.89308953805002,8.929012,1.7284533,14.304337,0.9961076,11.93915920962061,0.9431664923232783,12.934869037045173,1.409499262409354,,
2013-05-27,900.426266897405,862.5172143482098,98.89308953805002,9.817909,2.0715857,16.789236,1.1083791,13.22861948751491,1.1889334841958388,14.285961108423367,1.655269898877922,,
2013-05-28,838.4957445847009,671.949835730058,98.89308953805002,10.165905,2.2002797,19.140106,1.7917163,14.158245472574821,1.458513005611623,15.260020037801684,1.9248532275584394,,
2013-05-29,1167.3684699116602,1936.9496436421323,98.89308953805002,13.276142,3.102296,17.46102,1.1779525,15.887310333039045,1.3788331739354036,17.071728288083555,1.8451831060543595,,
2013-05-30,4609.459613026734,4661.384363502829,98.89308953805002,14.386602,3.6570842,17.186563,1.1541814,15.794424049556858,1.908662355804802,16.9744023577668,2.375011679381796,,
2013-05-31,1931.837814582913,2447.899262825394,98.89308953805002,15.335009,3.7879548,16.358091,1.0427858,15.906824559943301,1.7695477407557945,17.09217522832779,2.235897801975913,,
2013-06-01,1088.5212415240153,1302.919437150798,100.0,15.307312,3.7452314,17.628328,1.0467607,16.571862411548345,1.7975967471933,17.788999615921384,2.2639514684545516,1.4137267814792716e-12,4859.999999999998
2013-06-02,858.7772331933865,899.6462612482128,100.0,15.149092,3.7033725,19.477007,1.0417618,17.363343710204326,1.885547317104173,18.61831101510965,2.351908243594697,3.9125121385271086e-12,4859.9999999999945
2013-06-03,935.5283234780895,1272.71268457848,100.0,14.892603,3.5172467,17.629957,1.0793535,16.470268356416977,1.6147328848966274,17.682549712236643,2.081086861538092,1.403945380507387e-12,4859.999999999993
2013-06-04,597.8662647655801,414.3067109538878,100.0,13.906286,3.2159815,16.275612,1.0201194,14.87610813344122,1.9449543626899788,16.01219407996675,2.411298200946375,1.4064038415087577e-12,4859.999999999991
2013-06-05,504.8257736837752,393.7353816885029,99.99999999999999,13.557863,3.2186036,16.127684,1.0048667,14.683918164079355,1.861099316895704,15.810818087037934,2.3274421292014633,1.3986429759311353e-12,4859.999999999989
2013-06-06,526.3053636272,667.8925358461657,99.99999999999999,13.639395,3.219052,16.632105,0.98508984,15.313161518268322,1.5219189021284216,16.470137122596334,1.9882652307314976,1.389348906208343e-12,4859.999999999987
2013-06-07,586.4411120061624,1276.8659275532632,99.99999999999999,13.695467,3.163794,14.704734,1.0802587,14.387085944488707,1.240767619906129,15.499798302021034,1.707108930666616,1.408586521163379e-12,4859.999999999985
2013-06-08,505.63697027761333,1127.0150862330993,99.99999999999999,13.891691,3.3884075,14.297567,0.9974143,14.171866370293444,1.255104862975729,15.274291967870548,1.7214451480538437,1.4188333358446947e-12,4859.999999999984
2013-06-09,309.9944869254245,687.0418102876474,99.99999999999999,13.11323,3.1914132,15.847285,0.986907,14.997223803280622,1.2029407820153486,16.13909866481127,1.6692852885120175,1.37791187948827e-12,4859.999999999982
2013-06-10,445.7496913814145,1444.922865780245,99.99999999999999,12.633064,2.9003046,15.531522,1.0594229,14.848174200410924,1.0597610404851998,15.982925000424979,1.5261047270005654,1.3641080729680787e-12,4859.999999999981
2013-06-11,1030.5423720061624,2712.790267553264,99.99999999999999,14.179493,3.3111181,14.849643,1.1041719,14.665149994274474,1.2129458191617486,15.791152862872158,1.6792885335431575,1.419071834513084e-12,4859.999999999979
2013-06-12,1097.5789720061625,2068.159467553264,99.99999999999999,15.30283,3.6842136,15.168609,1.0601476,15.215143852908286,1.453020736707326,16.367434547888713,1.9193664877990688,1.442089771478292e-12,4859.999999999977
2013-06-13,2164.4173720061626,5051.024067553263,99.99999999999997,14.652399,3.4636228,13.65257,1.172909,13.952488758087199,1.3242526225925382,15.044428855705696,1.7905919166932713,1.446701557635916e-12,4859.999999999975
2013-06-14,2679.5103720061625,6631.702067553264,99.99999999999997,15.578445,3.853258,14.885609,1.2012622,15.08498800210672,1.400563187932617,16.23105769233435,1.8669081891401302,1.4524346179360564e-12,4859.999999999974
2013-06-15,1790.0055720061625,4017.081467553263,99.99999999999997,16.042536,3.926922,13.943519,1.1410911,14.59053018787085,1.4450886748371055,15.712966484797489,1.9114310038689741,1.4747465451929889e-12,4859.999999999972
2013-06-16,1318.0486720061624,2897.7727675532637,99.99999999999997,15.723736,3.791687,13.729163,1.1588457,14.352753105145634,1.4282010350071592,15.463824470318302,1.8945421785945595,1.47062660600334e-12,4859.99999999997
2013-06-17,1086.9122720061625,2443.652567553263,99.99999999999997,15.882221,3.8944778,14.297545,1.1446664,14.78540039120433,1.43706841183978,15.917150817719843,1.9034117606151468,1.466668639170186e-12,4859.999999999968
2013-06-18,969.4736841976015,1585.719829876411,99.99891043563,15.5811825,3.7504363,15.475081,1.1119963,15.5153375581557,1.5814715651997329,16.68197648608611,2.0478191197115905,1.4437384179027012e-12,4859.999999999966
2013-06-19,582.8896754470419,1165.6555466956083,99.99999999999997,14.5621605,3.4610975,15.265762,1.0952691,15.031211777413498,1.3654063247717354,16.17471114792562,1.8317510218072648,1.42394017684829e-12,4859.9999999999645
2013-06-20,969.4736841976014,911.3372804953584,99.61094102233989,15.277472,3.669559,17.98647,1.1008676,16.590102459142404,1.9652690747096875,17.808111475439958,2.4316239309087173,1.4126673414916375e-12,4859.999999999963
2013-06-21,387.78947370360135,646.3265004953581,99.72837083118698,14.06423,3.426913,17.703789,1.0961789,16.338968346730926,1.456300860235187,17.544974010914228,1.9226538920163314,1.3818195184604979e-12,4859.999999999961
2013-06-22,387.78947370362357,600.1726504953581,99.77065445510316,13.33412,3.233193,20.328352,1.1551518,17.583014325674473,1.4501682126946196,18.848481135092836,1.9165309884121775,2.3563167537415593e-11,4859.999999999937
2013-06-23,387.78950733127203,610.890350495358,99.71193760525884,12.583878,3.0050256,23.535666,1.2212319,19.283063019200114,1.3854975626041341,20.629786344843268,1.8518765156308794,3.362767202819793e-05,4859.999966372266
2013-06-24,400.6083376295029,597.6013704953581,99.53137863044283,11.557573,2.6787264,26.28615,1.4335783,20.375177000266458,1.3756109621493757,21.774099640999697,1.8420020508842894,12.818863925902905,4847.181102446362
2013-06-25,388.1051580414887,563.132270495358,99.40282220746077,10.796152,2.4606612,27.924044,1.6550032,20.935858735592017,1.402800417117604,22.361580046679187,1.8691982659857884,0.3156843378887568,4846.865418108474
2013-06-26,388.5307267810616,583.092850495358,99.22185420877865,10.287443,2.35458,28.386646,1.7070731,21.149176222837273,1.3914051802853362,22.585093380625413,1.8578056955034925,0.7412530774616211,4846.124165031012
2013-06-27,407.2697934141711,633.839930495358,99.08462226094102,8.988022,2.067949,27.353489,1.4162456,20.169135718606018,1.1823059271869925,21.558210290392775,1.6486946219938752,0.007699710571117038,4846.116465320441
2013-06-28,1098.083668924584,2887.1028904953578,99.80556211587182,11.756418,2.6136355,22.61752,1.2010849,19.624836947842127,1.1295018059800443,20.98789589897864,1.5958844102328271,0.06129522098404346,4846.055170099457
2013-06-29,904.1757941531272,2349.5024904953584,99.98542859989493,13.243076,3.0263932,19.85187,1.1493556,18.015329406050075,1.1815815371716727,19.30145939851522,1.6479481133568,1.3300705775357467e-09,4846.055170098128
2013-06-30,1288.3145183839501,1927.228460495358,99.8693750296728,14.884869,3.4846873,23.490181,1.2533599,20.042443244935328,1.5854109064637243,21.425462349557183,2.0517981533700147,0.004134186350360016,4846.051035911777
2013-07-01,1226.054705565707,2731.355930495358,99.98542427994961,15.395205,3.6909068,20.080534,1.2348038,18.628961038316568,1.426145099034465,19.944420525209253,1.8925174366028596,2.608145862172443e-07,4846.051035650962
2013-07-02,1927.2150992263078,4086.166630495358,99.8579718113475,16.045486,3.928192,20.632273,1.3717369,19.16226397084248,1.566446961640728,20.503213514905028,2.0328246560979575,1.5028707923104849e-05,4846.051020622254
2013-07-03,1119.7652737363208,3212.209225582296,99.85249359554345,15.680614,3.789442,19.316593,1.3222495,18.3767347560586,1.3859225480998012,19.680138688851766,1.852292465399191,3.2720723697406476e-08,4846.051020589533
2013-07-04,873.5051337047739,2614.713531815129,99.55927963919319,14.715778,3.535128,19.093979,1.2961584,17.99760821045987,1.314396623220893,19.28289119035268,1.7807630394187761,1.1739816323079031e-09,4846.051020588359
2013-07-05,701.6030737090925,2087.44161603994,99.30738576283218,13.6336155,3.2100782,19.694853,1.3046283,18.170107542362064,1.267090764928943,19.463635400660333,1.7334587537190238,5.492654787992224e-09,4846.051020582867
2013-07-06,611.0773744192784,1619.6060225314795,99.08312200958854,12.561628,2.8857138,21.094337,1.3628296,18.756871961146782,1.2664973878204855,20.078445152909136,1.7328709805742615,7.156784339289103e-07,4846.051019867188
2013-07-07,554.761300298216,1312.1643404953584,98.8782635456143,11.457132,2.577995,22.66611,1.4534655,19.335335551027658,1.2768862154299527,20.684557325007457,1.7432657182409583,4.12655659461613,4841.924463272572
2013-07-08,520.003211244887,1280.937070495358,98.69222451440707,10.966745,2.428405,22.527315,1.4551544,19.189318060340934,1.2501443159653007,20.53156069740173,1.7165222908411022,1.7541287005955064e-05,4841.924445731285
2013-07-09,495.74323165168613,1118.665420495358,98.40049244926144,10.26565,2.282884,23.393858,1.5911747,19.36252404888407,1.3065502242620513,20.71304534012217,1.7729300142673345,5.794808623930533e-05,4841.924387783199
2013-07-10,487.7736562824351,1040.441080495358,98.16626486652508,9.729036,2.126478,24.744652,1.7243571,19.95198654943876,1.3560591390051304,21.330682133226624,1.8224453633594888,0.0023325788351502264,4841.9220552043635
2013-07-11,433.39315025112194,979.798860495358,97.94332668976467,9.180016,1.8144393,25.003643,1.8727871,20.150904196221166,1.4126559198049253,21.539107363559268,1.8790444051230368,0.007056547521915526,4841.914998656842
2013-07-12,450.0905695736989,870.4314104953581,97.66960441744801,8.798291,1.7604637,25.11178,1.7580464,19.551442929773287,1.3049650990443848,20.910993897731007,1.771346907955886,0.00019587009888402568,4841.914802786743
2013-07-13,479.07272745744274,843.554690495358,97.37360121964552,8.892204,1.8351688,24.713684,1.7308984,18.982939825521257,1.2886228510640747,20.315318288426376,1.754998707965615,3.7538427366883705e-06,4841.9147990329
2013-07-14,460.54607935655434,775.3631204953582,97.06645768090856,9.1174755,1.7404518,27.213743,2.3180656,20.47039576869173,1.5923319174071753,21.87386954106662,2.0587241288573255,0.03701565295434679,4841.877783379946
2013-07-15,448.3210626353413,721.5877604953579,96.73780961033567,9.0175495,1.6959729,29.098215,2.635949,21.403098050424003,1.750913877357069,22.851151803582443,2.217317634276669,1.847568931741307,4840.030214448205
2013-07-16,437.0155834828901,553.152380495358,96.48801443231349,9.080591,1.6748141,30.798615,3.027825,21.213256290113737,1.8459416513483762,22.652236256070942,2.3123429776929383,0.9323497792901158,4839.097864668915
2013-07-17,178.90696816985064,505.7497804953581,96.10529566162727,9.12425,1.6468546,25.992617,2.3872347,21.58476079264651,1.815178151082362,23.04149740390017,2.281584272437593,3.817203478250665,4835.2806611906635
2013-07-18,179.38235111414372,465.1971104953581,95.86179990409221,9.210226,1.6265154,26.634214,2.2665298,21.785229627792837,1.6972422724872462,23.25154796409806,2.1636510468378862,8.510636422543726,4826.77002476812
2013-07-19,218.7574713625264,433.3179023168162,95.60077071256792,9.236427,1.6011261,28.316687,2.4479315,21.915663909646234,1.7130919684798012,23.38821655875676,2.179502493662839,15.501004572965275,4811.269020195155
2013-07-20,216.43262133424184,429.5480720311489,95.34967112820773,9.06121,1.5571958,28.010414,2.349998,21.661577335799805,1.6474390944361728,23.121985515231977,2.113846226948583,5.432284775332381,4805.836735419823
2013-07-21,232.16789172682704,446.2514112006046,95.08119125734133,9.147314,1.5142326,27.327263,2.253931,21.105741220713565,1.5705454465810376,22.53958233387532,2.0369454146677963,0.6501615907645455,4805.186573829058
2013-07-22,231.78205110183347,449.6713822577686,94.81448719657463,8.670387,1.5395111,25.911821,1.8055224,20.047510227755712,1.3014043403520092,21.430771516835765,1.7677916448138271,0.004133946027323383,4805.18243988303
2013-07-23,138.95789978192062,843.4896904953581,94.73404466805853,8.636279,1.4379548,20.728283,1.4552366,19.017983598574563,1.2658529531163851,20.352037034040485,1.7322291662249087,5.090320625519014e-06,4805.1824347927095
2013-07-24,138.95792056091622,560.6682004953581,94.55105653600215,8.358095,1.3370938,21.943523,1.4793916,19.245220983653688,1.2149390012879628,20.590135589354247,1.6813175582549826,2.5869316228001744e-05,4805.182408923393
2013-07-25,218.5757002522739,476.3160062715076,94.22630180907598,8.21767,1.1557045,23.200384,1.4820963,18.48762514783249,1.078989470684689,19.796329262292605,1.545360443085988,7.854060208940585e-08,4805.182408844853
2013-07-26,220.04801948348998,436.2915449312419,93.89084645423944,8.3339405,1.0419333,23.061907,1.4114684,18.12412766345005,1.0011712022547314,19.415457840710676,1.467538768542602,3.4733383425241073e-09,4805.18240884138
2013-07-27,231.1615305979628,439.1785190612776,93.5319550082768,8.3770485,0.9343993,24.47163,1.5947458,18.92153933308849,1.0933682690143087,20.250983062342403,1.5597435051881625,2.4500144420601113e-06,4805.1824063913655
2013-07-28,158.74140094502627,389.6027704953582,93.2744933267299,7.9206963,0.81931955,24.205034,1.5597616,19.49084422386138,1.1333203594089485,20.847498780822825,1.5997015162788866,0.00013625342626982507,4805.182270137939
2013-07-29,138.95789494089277,435.7121904953582,93.07426517720418,8.0112295,0.80259883,22.014738,1.5746493,18.628624690725356,1.2095625946697648,19.94406810135293,1.6759349289622545,2.4929277272012023e-07,4805.182269888646
2013-07-30,139.8470917487253,376.9957884615956,92.93427167219377,7.846,0.85871553,22.405432,1.3267375,18.4659479349531,0.9952517626787838,19.773615952737426,1.461622527719654,6.578457124260343e-08,4805.182269822862
2013-07-31,208.96900156229103,401.5251722502119,92.63775593756081,8.29911,0.84087783,22.596966,1.2051027,17.702883764414985,0.843245726294174,18.974079923251967,1.3096095343658214,7.365731045628411e-11,4805.182269822788
2013-08-01,160.29629471032757,398.4106404953581,92.4895235503902,7.8271184,0.79413444,22.537075,1.2407506,18.316702254923488,0.9136374076405107,19.617236839373234,1.3800067596082086,1.872758574752484e-08,4805.1822698040605
2013-08-02,218.30342469160317,514.8248604953579,92.29555358008679,8.107969,0.787649,20.673697,1.1366373,16.93200308676201,0.8319261807125798,18.16635378433095,1.2982836366600585,3.1934451422398886e-12,4805.182269804057
2013-08-03,179.249004723461,504.831420495358,92.0858301703642,8.081072,0.816475,22.03599,1.1194254,18.37939463928724,0.8533564054778419,19.682925705406383,1.319726347920943,3.186105032521223e-08,4805.1822697721955
2013-08-04,180.65751819825545,390.7387502209618,91.85360323984312,8.135954,0.83971137,21.916222,1.0890377,17.559334632902907,0.7906265320411232,18.82366963395177,1.256989105765129,2.050662084223759e-11,4805.182269772175
2013-08-05,231.8210402879409,423.6934525254838,91.52018390901378,8.243822,0.8273449,22.19722,1.0021902,17.262636071130927,0.7107823913706975,18.512789895140386,1.177142488534217,4.0255652026809015e-12,4805.182269772171
2013-08-06,244.01983992357694,424.8539467095638,91.20851839976845,8.0542145,0.85072726,22.146679,0.9254215,17.005438548254705,0.6647129802282848,18.24329920985643,1.131071012005234,3.213463185196649e-12,4805.182269772167
2013-08-07,252.15890461360658,434.4249115846278,90.88680834265513,8.2042465,0.86526644,21.705313,0.8874829,16.746829895792008,0.6452238555554343,17.97232994781547,1.1115798868860673,3.1908740125486643e-12,4805.182269772164
2013-08-08,158.79705469160342,296.859094495358,90.65812268842637,8.356182,0.7564945,21.847618,0.99392086,17.145826401281163,0.699150039185832,18.390397122365684,1.1655091889500997,3.445313461677117e-12,4805.18226977216
2013-08-09,564.2811946917241,1735.2398804953582,91.02862670193971,8.727234,1.7290955,20.6909,0.90511245,17.75512763965269,0.8040717680512057,19.028820877139285,1.27043603120515,1.2400652940137331e-10,4805.182269772036
2013-08-10,175.5121946939214,725.4652304953581,91.2290245589251,9.0106735,1.484786,20.268599,0.89962673,18.07553236518053,0.7799886834734205,19.364539853298588,1.2463558058541164,2.321399742344606e-09,4805.182269769715
2013-08-11,247.07157469254113,566.6014204953582,91.10921100682121,8.832254,1.3233752,21.964836,0.9407681,17.977131401069645,0.7685303127531375,19.261435659470074,1.2348965445332643,9.411247432051253e-10,4805.182269768774
2013-08-12,219.65210475563092,531.8164704953581,90.78184245167635,8.833586,1.1526798,22.438398,0.90134746,18.461750733265493,0.721399494473841,19.76921813915657,1.187770219427105,6.403093241447267e-08,4805.182269704743
2013-08-13,138.9578946939684,1438.2783004953578,91.17139670436947,8.322443,1.0651324,19.022087,1.039796,18.079425483719316,0.9528200196198064,19.36861904959557,1.4191871774637659,2.368401952050461e-09,4805.1822697023745
2013-08-14,138.95789469200673,724.777890495358,91.65559400832866,8.462362,1.0072738,19.689543,1.0008022,17.883312914316324,0.8552850830065273,19.163132969752397,1.321650475971809,4.0673038138543337e-10,4805.182269701968
2013-08-15,138.95789469167238,757.257170495358,91.62162638021049,8.555906,1.027815,19.376917,0.93259615,17.699122226062528,0.8039504118116885,18.97013859622444,1.2703141872380428,7.23871000666106e-11,4805.182269701895
2013-08-16,138.95789469160374,685.274720495358,91.43830508438104,8.682922,1.0131725,18.941963,0.8943681,17.212385053204777,0.7629526363039493,18.460137050331877,1.229312323987972,3.740380402628128e-12,4805.1822697018915
2013-08-17,138.95789469163506,620.1234104953581,91.16295738311803,8.782894,0.96232593,19.59975,0.89902025,17.61961007788693,0.7552769609341967,18.886826039164728,1.221640050083672,3.507488074802388e-11,4805.182269701856
2013-08-18,138.95789469169836,605.8671204953582,90.82025767558541,8.703854,1.0282815,19.804834,0.8893531,17.73378561777064,0.7484356184531057,19.00645877956532,1.2147996953253721,9.837431972006893e-11,4805.182269701758
2013-08-19,138.95789469167912,573.5601704953581,90.43860529302661,8.956068,1.0427767,19.830204,0.88424337,17.70949000294217,0.7402768930055795,18.98100191739846,1.2066407584500036,7.913314215995726e-11,4805.182269701679
2013-08-20,154.23353898532616,525.0283786253881,90.06753432809234,9.017077,0.98063815,21.453938,0.96113205,18.630018074749877,0.7755483295849178,19.945528084370775,1.2419206774493101,2.55163465281341e-07,4805.182269446515
2013-08-21,196.95540455512145,498.4504940089887,89.62918602826475,8.990692,0.9209206,23.575712,1.0437348,19.44488942358802,0.792288189565705,20.799347498185025,1.2586688547618143,0.00010141318914873254,4805.182168033326
2013-08-22,185.30433351792445,496.9646873159857,89.19228878881981,8.988262,0.8684243,23.931181,1.1033347,19.872682736536817,0.8375652355682477,21.24758786915449,1.3039505711428976,0.001501587939199219,4805.180666445387
2013-08-23,194.52180836073038,485.557932266101,88.7776915449782,8.890045,0.9271156,23.24967,1.0963702,19.14241608653278,0.8264755837987972,20.482416969571922,1.2928530730627672,1.244655069435014e-05,4805.1806539988365
2013-08-24,227.4120896681976,508.5705238509388,88.46041132544819,9.015018,0.9661879,22.747263,0.99024653,18.50412139361992,0.7465604333977197,19.81361397223908,1.2129315639592588,9.132904846067259e-08,4805.180653907508
2013-08-25,248.75090456581987,515.4482745974291,88.04457736089358,9.000223,0.9984166,22.840137,0.9354119,18.335171629128006,0.7097122759855315,19.63658898653033,1.1760818014421592,2.1969080448308594e-08,4805.180653885539
2013-08-26,247.04000063139222,514.0028527579407,87.70930085694467,9.0952015,0.8863197,21.960241,0.8719578,17.784156577651526,0.6554344329910314,19.059237299144,1.1217989503571686,1.589293079823918e-10,4805.18065388538
2013-08-27,255.0918000619741,518.4979182311207,87.77890300325312,9.078682,0.8889978,21.31601,0.870101,17.28074141306512,0.6527172125087146,18.531760610529016,1.1190774579145297,4.33902938733144e-12,4805.180653885375
2013-08-28,171.81228675454878,553.2892845153241,87.79141590604358,9.115862,0.9061956,21.63856,1.0142639,18.671315343829452,0.803169205556755,19.988799221744703,1.2695419566746673,3.591651418556355e-07,4805.18065352621
2013-08-29,316.7506652412461,376.190152203488,87.91858963754592,9.05604,0.8506313,26.212288,1.2226621,18.369983250566985,0.7692734782319657,19.67306448447652,1.2356433317461226,3.0308662239621295e-08,4805.180653495901
2013-08-30,182.68433562398033,505.76360907862073,87.90015455443711,9.102566,0.9144516,24.797556,1.2710497,20.63278374029773,0.9647822058492079,22.044019102619874,1.4311763559140727,0.08472903077114137,4805.09592446513
2013-08-31,138.95797311527303,765.0023204953582,87.9687642564244,9.162918,1.0852249,21.264647,1.0920633,19.40435281259872,0.9391254482646976,20.75687337575791,1.40550568176103,0.0,4805.095846041458
2013-09-01,129.2631579012,585.9268804953581,88.10430702919227,9.409302,1.2151152,21.69628,1.1084139,19.47553613997485,0.9342597748526079,20.831459022854585,1.4006407676720058,,
2013-09-02,129.2631579012,456.61655049535807,88.62149110095999,9.495745,1.1947817,23.131227,1.2214919,20.12281887384571,0.9878151764824596,21.509679658779138,1.4542033398306535,,
2013-09-03,129.2631579012,688.744430495358,90.76228353218436,9.41337,1.2484407,21.276072,1.2107486,19.40150428524254,1.0383373838102514,20.75388869853131,1.5047175870414846,,
2013-09-04,454.37052949786926,200.0185032597809,91.00397087292109,9.229385,1.0957149,32.707874,2.3945458,16.405746803083193,1.0557041310005588,17.6149442492094,1.5220576408687063,,
2013-09-05,450.7036025100431,294.9097127693735,90.88442037351969,8.897211,1.1463779,30.194185,2.127253,17.32072552957664,1.0900069111015598,18.573655831130928,1.5563674852159992,,
2013-09-06,353.30339732457696,382.2645433844263,90.65051036020552,9.028255,1.2476783,23.655184,1.0737334,16.62966896850333,0.8188418651603646,17.84956912869699,1.2851970153757146,,
2013-09-07,440.48800053409,398.0490183222529,90.40119970770726,9.176186,1.3444731,22.5558,1.0385945,15.527416441192464,0.8613162744349379,16.694632698442437,1.3276639036678328,,
2013-09-08,424.9340193034096,431.1995743174485,90.17446449387282,9.108871,1.4621046,21.866463,1.1137997,15.534349862224685,0.9172442726814464,16.701897513299283,1.383591944880475,,
2013-09-09,412.88932867322194,462.7545579357802,89.84369752493598,9.139166,1.4883381,20.48987,1.204552,15.137711841411,0.9474896731646509,16.28630155092995,1.4138349758025093,,
2013-09-10,420.7890452301523,453.2767950491015,89.45245546865401,9.17148,1.2290455,23.112532,1.4706187,16.401090174665597,0.9652495994700805,17.61006504987133,1.4316030758346168,,
2013-09-11,569.2659258982081,285.51147464498786,88.9194240973099,8.920952,0.92854744,30.995085,2.3105838,16.294120854628922,0.9889660320629406,17.49798296199323,1.4553187456299863,,
2013-09-12,489.3729705161177,287.6275366239629,89.02770085512188,8.565323,0.932348,30.314138,3.3975809,16.616229123486143,1.3880359764216321,17.835486905029793,1.8543910265655317,,
2013-09-13,408.83222449165135,266.8041579661616,89.04347255510282,8.739136,1.1864821,24.90166,3.2745383,15.121605710382488,1.4790329863333607,16.269425601894326,1.9453781965527246,,
2013-09-14,471.8843473962313,319.32095922654355,88.83417542576296,9.101444,1.459286,21.700144,1.6567279,14.186128077935445,1.0975234170496366,15.289235336386628,1.56386376845653,,
2013-09-15,493.2230993143188,354.0426818146652,88.54026896824735,9.334074,1.6156731,19.488686,2.2503598,13.577330386107077,1.3299875549554194,14.651339195959665,1.7963252819329394,,
2013-09-16,470.5507803709556,406.081120744069,88.21821390811414,9.810789,1.8947011,18.139893,2.0695786,13.669069496575457,1.3976463274314654,14.747463122313972,1.8639844227556779,,
2013-09-17,472.6008670725794,477.98512683601047,87.85744165299943,9.922779,2.0253766,16.961721,1.7330801,13.462185057376917,1.3316812747909783,14.53069031412082,1.7980185530650514,,
2013-09-18,441.1781364876045,512.5047882940328,87.52031256225844,9.944111,1.9868542,17.73233,1.6336544,14.12946394491659,1.271037656156662,15.229862851506121,1.7373777454022956,,
2013-09-19,446.6235663908936,551.7631046248033,87.09616914214318,9.949234,1.9632308,19.476074,1.5862899,15.214287203224002,1.2409111505302275,16.366536953277834,1.7072568966231016,,
2013-09-20,442.4623433967684,583.2843934966778,86.74092030073153,9.872074,1.8767575,20.211578,1.4862396,15.75156781107017,1.1703145028090656,16.92949773757717,1.6366635489410983,,
2013-09-21,454.1707974927376,601.878124823599,86.3428123472229,9.816942,1.7124729,19.696213,1.3059176,15.447473821756212,1.0470723109232893,16.610869095067304,1.5134194487263652,,
2013-09-22,265.85383812210785,610.7423498824711,86.1882848947272,9.480125,1.8171206,16.101864,1.3113766,14.093624945872909,1.0669986236545088,15.192310870817641,1.5333385489838998,,
2013-09-23,286.3062218467277,521.5786917390246,85.8480890657809,9.514328,1.9069453,14.279562,1.3809075,12.590811386118935,1.1187182342954431,13.617667960018588,1.5850526085558359,,
2013-09-24,345.9852340847356,564.833875029286,85.3893435164981,9.702532,1.9995514,13.845441,1.4020121,12.271708667786738,1.154490827559012,13.283313222548188,1.6208243555967776,,
2013-09-25,364.8538517016153,589.0394661317388,84.89300941408678,9.826185,2.0527186,14.787134,1.3603082,12.889624987368869,1.1498075756868509,13.930763829965073,1.6161428479578686,,
2013-09-26,349.8914495761408,559.716345585764,84.42187388579299,9.98782,2.1072657,15.984967,1.3001115,13.678093143497124,1.1388857802287644,14.756918068712702,1.605223912304278,,
2013-09-27,365.8835181013857,580.5638091081654,84.00911501563012,10.167545,2.1840065,17.067305,1.2413623,14.39995257644121,1.1369646803017806,15.513279914998487,1.6033060540596158,,
2013-09-28,375.77055577526346,603.3862903189581,83.56533388287336,10.389641,2.2883363,17.580677,1.2012004,14.820976490715259,1.148540101418729,15.954427333176582,1.6148836410497833,,
2013-09-29,391.4977780578921,626.3041582711967,83.10972455806464,10.407438,2.3590605,17.5742,1.230147,14.817503051007975,1.1816951118599113,15.95078787492465,1.648038632793182,,
2013-09-30,408.0002257137386,651.8812036248822,82.61449174135696,10.844181,2.4475982,16.500048,1.1621919,14.322827859985077,1.1826626585735063,15.432468900733404,1.6490036575488651,,
2013-10-01,418.5173662350832,671.627334670757,82.09834025942834,10.770527,2.5672443,16.450235,1.273627,14.269738931433462,1.2597992442003596,15.376842502872446,1.7261399891467275,,
2013-10-02,426.76692309965136,699.9571308454052,81.56665030652854,10.591177,2.5160747,17.809122,1.3384665,15.075196054468613,1.2647586393484258,16.220797723071243,1.7311035849239105,,
2013-10-03,457.45727712972354,699.56606881951,81.20989527526193,10.602877,2.4714048,18.17475,1.2433547,15.181025621660815,1.2328553247106537,16.331685581814952,1.699200877358792,,
2013-10-04,421.8772426480841,691.98113481951,80.76058477408175,10.692913,2.5785484,17.45232,1.2231162,14.892174156523836,1.237414674284024,16.029028004033766,1.7037586002175422,,
2013-10-05,748.3844772286217,543.70298481951,80.21869252937621,12.377472,2.9345918,20.17172,2.2788765,15.657246971842973,1.9515769601412498,16.830668684654572,2.4179254030527164,,
2013-10-06,387.6755620677547,652.6925919408899,79.91132522823158,11.75893,2.9377527,16.168968,1.1214877,14.52564227646556,1.3013098321034966,15.644977153035255,1.767651831219578,,
2013-10-07,174.3796626736759,561.0490745493153,79.95533486887658,10.796654,2.5412745,15.934874,1.3814055,14.716535221365257,1.2139615866504794,15.844994128166269,1.6803045700966441,,
2013-10-08,404.5946358550042,272.70831885262487,80.01060734874632,11.0913105,2.472332,16.071299,2.7011876,13.096445976607253,1.834132144172159,14.147470155506868,2.300468097796851,,
2013-10-09,354.0107705464149,452.1364676378148,79.86658475790831,10.878712,2.4938931,13.2847185,1.3452375,12.228146853271951,1.329904264048173,13.237669302208207,1.7962376855998925,,
2013-10-10,345.85287712204143,479.6345775845499,79.6459638162884,11.371643,2.4779594,13.000118,1.3850697,12.317839165486635,1.3135768623101567,13.331648600348922,1.7799105054792483,,
2013-10-11,314.6024152718134,473.7708099523306,79.38921982938663,11.835102,2.7217805,13.420448,1.3584452,12.787811711185327,1.3587201032929415,13.824084227211232,1.8250550581190177,,
2013-10-12,342.01351140053583,526.0988518880183,79.07430383968823,11.566376,2.8398833,14.468461,1.4219619,13.325115512222613,1.4122353133731018,14.387069313256939,1.8785720772784327,,
2013-10-13,331.2630494263546,502.43766599691975,78.75786622642697,11.516624,2.7673805,15.341149,1.1297675,13.821510746727139,1.2933215474008892,14.907190543128559,1.7596602760867905,,
2013-10-14,346.5476235006178,539.1812191444187,78.40551023598297,11.941065,2.637966,15.440251,0.9733498,14.071170077608961,1.190107984366199,15.168782736608804,1.6564478077426759,,
2013-10-15,366.872056852281,585.4378857264571,78.03378668146969,11.524828,2.743674,14.593821,1.2672555,13.411508403670354,1.3130651396018034,14.477591489596556,1.7794022252023949,,
2013-10-16,399.6243082077533,638.7420451625505,77.63401990235177,12.016008,2.7003105,14.595887,0.9774503,13.602998421725058,1.2006419798190613,14.678234075938395,1.6669798088878753,,
2013-10-17,400.5440979119855,661.4195316885287,77.20985304334299,11.790512,2.8521905,13.892612,1.0151039,13.099756775705696,1.2477980253498913,14.150939199484817,1.7141339902795754,,
2013-10-18,367.9501581151823,677.0146084647728,76.78628119268588,11.494789,2.5449622,14.11996,0.90053976,13.195591844994668,1.069320993292567,14.251354857490005,1.5356572908925723,,
2013-10-19,343.86849386237435,578.2267393504161,76.40542338742034,11.316147,2.4907074,12.574428,0.96073186,12.105188536756947,1.107108578622417,13.108833998475763,1.5734417113140866,,
2013-10-20,325.0419501803378,561.2463555550414,76.03497396239504,11.094688,2.3652961,11.714036,0.89407045,11.486893260768737,1.0358773806388455,12.460986321831985,1.5022093229007087,,
2013-10-21,311.058693565076,535.6094407539913,75.66242083813182,10.950064,2.4982195,11.398189,0.9476558,11.233551307744712,1.0962647890038832,12.195535489459555,1.5625963697807617,,
2013-10-22,307.0359645929099,545.9107550706107,75.25538789204667,11.382967,2.2016206,11.812975,0.7726821,11.658184603603164,0.9341603811197032,12.640464805323735,1.400492609388019,,
2013-10-23,316.21395267697216,559.3650183139275,74.89663881924459,11.235544,2.090538,9.15946,0.69743705,9.909234551592604,0.8766637339653897,10.807920919313739,1.3429946199769638,,
2013-10-24,322.88081312862994,574.6302680873719,74.43890285917465,10.684656,2.1255012,7.7524557,0.76406175,8.807318742582869,0.9077438357717748,9.653337301344095,1.3740756726418937,,
2013-10-25,321.10708037492657,582.2433075303991,73.96476102154753,10.3536625,2.0059843,6.9453487,0.8145966,8.15687606314015,0.8854988109768834,8.971805685251084,1.351831860964258,,
2013-10-26,321.0584903111543,582.3552501642273,73.49978513721794,9.917875,1.9974623,6.3447723,0.8479281,7.614594777683239,0.8959172809166328,8.403605208045175,1.3622517121817481,,
2013-10-27,320.2143062108174,579.6143020047224,73.03999462475099,9.728193,1.9806023,6.1582203,0.90976894,7.428636028500731,0.9166173751871607,8.208758266319926,1.3829523575643003,,
2013-10-28,318.5382792099793,581.6675455102644,72.62107980443659,9.490969,1.9302791,6.1036377,1.0070801,7.302246459067693,0.9433834809968307,8.076327707509119,1.4097188605214948,,
2013-10-29,317.2502463101795,584.7717745954125,72.19683479886864,9.1701565,1.8578007,5.708785,1.004301,6.926184311954164,0.9224119533875393,7.6822910752677025,1.3887486226501373,,
2013-10-30,319.8044552401501,588.2550909118279,71.7638648982072,9.170826,1.9133132,5.5439653,1.1083076,6.821289265471147,0.9846587766781311,7.572382404128575,1.4509958345382639,,
2013-10-31,304.1377069992108,597.2663203384052,71.33103144900367,9.0023575,1.975742,6.6900563,1.4410092,7.470236965573963,1.1644924632200302,8.25234758597957,1.6308273188732358,,
2013-11-01,223.151289216907,484.4678352278412,71.31675800766813,8.982485,2.0511963,9.016285,1.2420118,9.00562590129225,1.0684075731598512,9.861122864360675,1.5347391364301952,,
2013-11-02,335.3372048843688,456.9639656831612,71.10342667633529,9.469751,1.8893834,10.642037,1.1798896,10.145873639233702,1.0500309340571818,11.055870546433828,1.5163617970178946,,
2013-11-03,322.92757775196003,532.0776366762727,70.83655460520761,9.03606,1.6241575,7.6644797,0.7969095,8.182513065660132,0.7888195498710517,8.998668048855812,1.255152542883267,,
2013-11-04,327.7510401886051,554.0946553974351,70.56898143453868,8.696619,1.522842,4.5964394,1.0068827,6.1203319873044455,0.8488813202155138,6.837921764168093,1.3152212978919477,,
2013-11-05,324.4641187491892,564.9030526826507,70.28395883009195,8.657272,1.6144007,4.005276,1.2185051,5.702444566328005,0.9725792477042096,6.400060752945665,1.438921233450628,,
2013-11-06,327.2714547269956,566.1101958288257,69.98861344807753,8.673433,1.780226,5.404542,1.4085163,6.602031107039856,1.105403981801379,7.342644455220789,1.5717418925766593,,
2013-11-07,338.2339238392982,580.4859194186378,69.84274515534486,8.558201,1.7686613,6.253649,1.9132525,7.1020880015571,1.373086703168455,7.866602359936977,1.8394227490192392,,
2013-11-08,436.75749138245953,462.8475055894898,69.72425459862777,8.719412,1.5345057,5.196531,2.445941,6.906886682605313,1.4624276725841265,7.662071085201622,1.9287644123927112,,
2013-11-09,400.31266552190425,514.3387882263715,69.52007689611636,8.663651,1.541629,4.229949,1.5307411,6.170433808593363,1.0937093841251981,6.8904182812501125,1.5600491344562055,,
2013-11-10,398.2616404048989,529.4270633527497,69.32182856243698,8.7031,1.5841316,4.5477147,1.878706,6.33164356130843,1.2696640599304052,7.059333309076988,1.7360030982256927,,
2013-11-11,402.3015492718208,528.4282790491536,69.11229058003381,8.594749,1.5460144,4.6235275,1.5404135,6.340060814867069,1.1006608761072967,7.068152878582788,1.5669998780415206,,
2013-11-12,402.674835745342,539.2086161712689,68.89154169294507,8.323341,1.4591898,3.1311135,1.6393313,5.350899309006945,1.1269069452025864,6.031712834022004,1.5932507749053562,,
2013-11-13,391.995334397487,551.2888933920538,68.64337484045133,8.13015,1.3646789,1.3331132,1.9808131,4.157719579551823,1.2891033295465213,4.781503192179789,1.75545447179173,,
2013-11-14,377.5249984402857,564.8683235049364,68.37883677014786,8.242359,1.3485883,0.74227685,1.7112983,3.746827599118479,1.1593217492151504,4.350971979645702,1.6256757865476188,,
2013-11-15,379.3003643057695,561.673057667333,68.09957621376141,8.302705,1.3726258,1.8230314,2.5101414,4.434946298262315,1.5972158417129034,5.071980400392514,2.063565139739527,,
2013-11-16,375.8673263206605,562.3085584874636,67.80750552281584,8.339113,1.4346217,3.8881226,2.1697152,5.6713510472893285,1.4218006611228216,6.367481069984818,1.8881428042658632,,
2013-11-17,369.2686318910586,562.0625965958156,67.5140255090673,8.385899,1.5379697,5.478997,2.1145446,6.631570509781108,1.4143478783454464,7.373595740437676,1.8806856710074946,,
2013-11-18,326.61136030073465,478.2782077560662,67.40932480282201,8.116528,1.5218365,6.2019672,1.3808657,6.978865306710066,1.0269495413258556,7.737490041491965,1.4932860201719862,,
2013-11-19,364.8627617363039,478.9671779365194,67.18338925367439,7.830527,1.2572094,4.60837,1.3481131,6.001594986796604,0.9386382008362483,6.713509540918108,1.404978728765986,,
2013-11-20,357.74097292889417,525.9577151590984,66.89192978896156,7.537145,1.1774683,2.221202,1.4515646,4.373214491851356,0.9867118216332248,5.007298024654734,1.453061522716684,,
2013-11-21,356.80147046218406,541.4771884001448,66.58349183412933,7.351886,1.1487287,1.1124904,1.6198956,3.5908142902665943,1.0778099543488462,4.1875017679355135,1.5441651415025004,,
2013-11-22,349.8895957713779,542.4503925939657,66.25926531735472,7.444648,1.2316322,2.534316,2.4646099,4.459674116068829,1.574136362747935,5.097890123362362,2.0404855005452123,,
2013-11-23,364.52473261663033,526.3032582230396,65.95727047685244,6.729228,1.1045481,2.1427562,1.7671481,4.019529767275691,1.1376704940931686,4.636708379255101,1.6040225884559351,,
2013-11-24,368.5451581424298,534.7453508637672,65.68702248922428,5.855354,0.9874834,-0.190292,2.0227969,2.276349104595581,1.2634505270894945,2.8102096396638796,1.7298165070843459,,
2013-11-25,360.22212998636894,547.1265195421552,65.35920719946391,5.694964,0.96402603,-1.3939677,1.4434334,1.420374975283208,0.9508119789181849,1.9133228729715588,1.417186049412933,,
2013-11-26,347.7920456636224,558.5906385071403,65.30569411975846,5.6359463,0.89649373,-1.5591675,2.3576746,1.2017009272860406,1.4931665118565247,1.6841969529799652,1.959542783572697,,
2013-11-27,38.7789474072,3345.8572304953573,67.44971041291988,5.142695,0.9138679,2.591434,0.8169577,2.6206646810654597,0.807665421449417,3.170982323705101,1.2740283833346695,,
2013-11-28,258.5258369194009,32.14553490674884,68.58265197787652,4.863537,0.84067816,5.2534795,59.60521,4.906660844008554,6.634049414120305,5.566241288949914,7.100395776138048,,
2013-11-29,570.8444930506062,32.32078279210337,68.8614665655492,5.065571,0.8516827,2.7919493,242.08891,4.943738173638228,12.99742118962559,5.605090788193376,13.463767331656864,,
2013-11-30,568.9136602925233,146.60274914259702,69.00591722865865,5.116107,0.8615509,-0.68976843,19.816072,3.926536368336814,4.117514988454072,4.539270213728977,4.583867735827564,,
2013-12-01,538.7248028120389,230.86169140774027,69.16016695415816,6.007359,0.9033988,0.20684028,15.358556,4.267310859151983,4.650481073155921,4.896332560325789,5.116831475852767,,
2013-12-02,532.8284627552807,261.7682368218102,69.22218611747051,6.0722313,0.8885237,3.2457588,11.780771,5.141091346389198,3.9264707961852547,5.81187676798377,4.392815793740917,,
2013-12-03,504.7206960344443,300.5456988277827,69.28715283295223,6.2269745,0.8862233,3.1185775,4.740073,5.066842440742146,1.8542667995339557,5.734079018453976,2.320612222441482,,
2013-12-04,455.9694100188011,337.0337054099414,69.4965026711599,6.1818495,0.8751769,2.7744975,3.6246731,4.733693176164722,1.620626491228791,5.38500635784354,2.086973900270033,,
2013-12-05,383.261545938973,379.4789484612096,69.76713966575588,5.936081,0.9289,3.4841068,3.7848904,4.716173794786445,1.940044905028826,5.3666496099223915,2.406392422028288,,
2013-12-06,38.7789474072,758.4867704953579,70.21801430145933,4.870578,0.8848955,5.5970764,0.8111157,5.561739575968009,0.7728625194910169,6.252630545022409,1.2392052263111983,,
2013-12-07,38.7789474072,870.0824604953582,70.5334750923655,4.390716,0.80862826,3.7593002,0.87129754,3.7862412392117504,0.8348346067519921,4.392269457006643,1.3011883580094572,,
2013-12-08,38.7789474072,592.5916804953581,70.78697104934564,4.04438,0.77652186,1.2550316,0.8189361,1.4263540989184051,0.7701151238266656,1.9195877782779067,1.2364891349021918,,
2013-12-09,137.3287221936302,503.5492661007997,70.96736438585476,4.4262533,0.7832568,0.60626674,0.9111619,1.4248217281953497,0.7353268080421247,1.9179821654724365,1.2017008343421198,,
2013-12-10,252.55228366506583,416.174619981904,71.08697762777905,4.009325,0.72407395,-0.25326657,1.363578,1.356549388012013,0.8915782876890621,1.8464466408056561,1.3579529950157676,,
2013-12-11,280.4540635749676,429.5160864817756,71.15326398945476,3.8058147,0.663011,-1.068983,1.3007735,0.8566709922583141,0.8293772698740254,1.3226757664837434,1.2957571259346916,,
2013-12-12,288.7303335522396,460.0439101370721,71.08504803253491,3.5483122,0.625675,-1.4449576,1.0939412,0.480467128359077,0.7141034756160907,0.928490643878698,1.1804873949940085,,
2013-12-13,275.24918171994284,484.30358756769306,70.96877302464797,3.6116667,0.62524563,-1.4934202,0.8554379,0.3565776171688172,0.5906304343817985,0.7986796375486518,1.0570157272906335,,
2013-12-14,275.49825142355473,487.58458031009496,70.8820095645431,3.421522,0.66814977,-1.6734778,0.79023737,0.16598636525141172,0.5595971241614375,0.5989787752931964,1.0259845643715595,,
2013-12-15,241.60781383671053,482.7967663009734,70.84776227124482,3.210751,0.62719834,-1.5243894,1.0076302,0.05490340403266364,0.7033854147835535,0.4825864282462991,1.1697741256703176,,
2013-12-16,233.77078036171804,482.5260295068321,70.82481907192053,3.2240453,0.60501885,-1.4428214,0.9511674,0.08025821976824439,0.6704783687040561,0.5091531175029389,1.1368667883147783,,
2013-12-17,239.48802037248456,494.433386847582,70.66188202460017,3.1040301,0.63368887,-1.2854532,0.6533977,0.1468918211414568,0.48633493702490227,0.5789715772462194,0.95272259465314,,
2013-12-18,219.686337825386,494.7267578496892,70.47481459159741,3.3760233,0.62913597,-1.456834,0.8576076,0.0292988084934234,0.6246047038906929,0.4557580205652145,1.090993709668889,,
2013-12-19,243.07782066428115,494.7878392604581,70.31703900378939,3.7308671,0.66949403,-1.3316811,0.921696,0.3360929215373811,0.656231711065642,0.7772158434894619,1.1226172327737445,,
2013-12-20,262.5946215472162,513.7091082237523,70.27243801017032,4.422977,0.7833815,-1.2636293,1.7260572,0.6599376692030192,1.1725321093499739,1.1165392630856275,1.6389140701099758,,
2013-12-21,325.16234106416044,335.156579474792,71.32866374783174,4.829302,0.92015743,-0.0012780428,5.9272766,2.3774553428684797,3.0424252451666915,2.9161484105118376,3.5087903248517645,,
2013-12-22,38.7789474072,173.14359999999982,75.60090170457046,5.7252107,0.9882803,2.4658399,1.9162837,3.0622604444406987,1.5760394970322815,3.6336848550500753,2.0423987865317756,,
2013-12-23,38.7789474072,1179.291700000001,78.05161629932044,4.9114704,0.90732974,3.7259388,0.90559614,3.7636818197786117,0.877240956478075,4.368631774440118,1.3435948712605774,,
2013-12-24,54.9368420988,679.1020304953586,79.60131647955461,3.845676,0.6403435,2.2845578,0.79469556,2.4013948196712245,0.7367793460293315,2.9412321124727456,1.2031442142547248,,
2013-12-25,54.9368420988,662.5741304953578,80.57495250095911,3.596544,0.5588943,0.62777686,0.60079724,0.8550830617420437,0.5564445491507646,1.3210119383168644,1.022824422022326,,
2013-12-26,54.9368420988,670.7857304953582,81.2655474565329,3.8557358,0.57052124,-0.020132065,0.45046735,0.2732692262002815,0.4186010632703169,0.7113893902673082,0.8849872896658257,,
2013-12-27,54.9368420988,536.3081304953578,81.75339706205445,4.098006,0.5908059,0.008377194,0.5543219,0.3883741327369185,0.5058036638408934,0.8319959178699572,0.9721886025559494,,
2013-12-28,54.9368420988,525.653230495358,82.15377245391852,4.3254695,0.6420467,0.6339066,0.5156467,0.9832112451777177,0.4707912078055245,1.4552642109364793,0.9371697334957636,,
2013-12-29,197.4377420988,1155.6842304953582,82.59190190452914,4.6002173,0.7655207,1.4800742,1.1518129,1.935342824474443,0.990069850855042,2.4529044250246055,1.4564389535715994,,
2013-12-30,216.4057420988,1034.421930495358,83.11912423252326,3.9015965,0.5872622,0.9202516,0.64341885,1.436054206411543,0.541714333177588,1.9297515177510578,1.008088247942524,,
2013-12-31,54.9368420988,1017.372530495358,83.45688512331127,3.7999525,0.5435145,0.4147898,0.42672813,0.5882193620938618,0.4058223168077356,1.041393066053421,0.8722050558339887,,
2014-01-01,87.64112209879993,1046.453080495358,83.71207649476803,2.94096,0.49477056,1.3547082,2.0251145,1.4772913820276894,1.8690078450354335,1.9729596893994232,2.3353813515649353,,
2014-01-02,54.9368420988,849.2512904953577,83.89670466665262,2.8351426,0.56372166,0.68087673,1.1412576,0.8117660460034214,1.0724639505073512,1.2756245172977465,1.5388442830738842,,
2014-01-03,54.9368420988,669.519200495358,84.05239281041096,2.4297135,0.61403453,1.0496806,1.0279287,1.1543310385462158,0.9511194333180121,1.6345629454842407,1.4174961890751248,,
2014-01-04,54.9368420988,658.5617904953581,84.2021926184446,2.4363813,0.5746264,1.3242307,1.1762578,1.4098622936219998,1.0865913294008998,1.9023077210627495,1.5529655044674993,,
2014-01-05,54.9368420988,529.0263104953581,84.37648336464589,2.752931,0.58288604,0.57070816,3.60147,0.7760026811102949,3.2631193088411665,1.2381517858136757,3.72950002255764,,
2014-01-06,357.41444209879995,45.068930495358046,84.86919439690868,2.7145374,0.5344831,-1.2658976,39.197147,2.2688197172676134,4.414771976761031,2.8023203733595583,4.881138024269681,,
2014-01-07,426.82624844528766,1008.5771956420572,85.04938168225546,2.4229612,0.57828254,0.3567425,1.6022635,0.9711456464112885,1.1388767421801693,1.442621917793201,1.6052553939314256,,
2014-01-08,438.9745137036,1214.0549554200757,85.27142303152722,2.5434616,0.5331632,1.0264857,1.6668288,1.4293301325954728,1.2323501974234135,1.922706056191676,1.6987241789390055,,
2014-01-09,443.2972337036,1236.6645788489798,85.51178828261143,2.7788563,0.5037369,1.4417785,1.2958117,1.7945977877902812,0.963098243722937,2.3054322566997802,1.4294686740613696,,
2014-01-10,387.7894737036,1836.9210569279696,86.15199661837721,3.1416578,0.47624496,2.2267451,1.5984854,2.3862236359636326,1.3224613469149364,2.925335798044028,1.788826349072782,,
2014-01-11,1622.7683802813203,6506.121694082976,88.02195721579086,3.862002,0.5056755,1.3569164,1.9343204,1.8570060401741737,1.5514601408238404,2.370823410215684,2.017829979681593,,
2014-01-12,1320.9302613043935,7266.520857899358,89.78996809426711,3.3297033,0.46735784,2.0659447,1.0672544,2.26033728393985,0.9059451140885171,2.793432508714476,1.3723112377343039,,
2014-01-13,1464.676915202807,4986.973567028054,89.72283837302977,3.468493,0.4742835,2.4270828,0.9105202,2.663507470944153,0.7119992868962075,3.215872852489245,1.1783618827254534,,
2014-01-14,1538.1654945851317,5251.160748310182,89.93197216706126,3.3932905,0.49698007,2.652855,0.83970445,2.82060536337582,0.6591516696094912,3.3804794871668657,1.125512941127476,,
2014-01-15,1349.6343731136155,4872.660444375292,90.06216746129328,3.4457586,0.48024368,2.469594,0.9350679,2.681327021308045,0.7396208684245432,3.2345441164474455,1.2059833126186241,,
2014-01-16,1354.8772619574795,3557.7739623550765,89.68882564029626,3.065502,0.43644834,1.6615798,0.9103021,2.048772427929505,0.6701455575530274,2.5717555757851174,1.136513606793176,,
2014-01-17,1219.9335775752031,2913.135411395583,89.21466042709062,3.0950875,0.4254443,1.3610427,0.9232708,1.8728705033120046,0.6627598604287983,2.3874461404615492,1.129129549639425,,
2014-01-18,1002.7576353747164,2551.013529824912,88.78315471461698,3.0508146,0.43456656,0.7394212,0.89814997,1.3916205883821287,0.6562785906514004,1.8831941246685624,1.122652947471961,,
2014-01-19,629.1213174605163,1895.8735885249885,88.57457030612892,3.1045246,0.42059296,0.46677315,0.9300094,1.1239886064349722,0.7061101643505361,1.6027702488384952,1.1724872315046027,,
2014-01-20,387.7894737036,1445.8078952845285,88.39543461216792,3.0774243,0.42182866,0.34692168,0.8221058,0.9243986062549537,0.6543478927777833,1.393640528914156,1.1207270345125462,,
2014-01-21,387.7894737036,1221.3275760172378,88.11552532715326,2.8990815,0.47307506,-0.61538947,0.45520583,0.23158113440207428,0.3638277293493787,0.6677087501847595,0.8302144258470202,,
2014-01-22,387.7894737036,1039.9409795720007,87.89639980835052,2.689323,0.50029606,-0.8534683,0.4133559,0.1087981780034659,0.3303275857195117,0.5390571881828373,0.7967156783426144,,
2014-01-23,387.7894737036,888.9474414154361,87.69908101899615,2.7061775,0.49861783,-0.9970385,0.55433977,0.12775719656231022,0.4146170111455182,0.5589223830206316,0.8810048870664288,,
2014-01-24,387.7894737036,733.5022894237202,87.56920162486045,2.7362757,0.48145947,-1.2890188,0.6761237,0.10309600278282567,0.4725963317156806,0.5330824684785613,0.9389844895952205,,
2014-01-25,387.7894737036,676.2937928873426,87.52179149575299,2.7579255,0.48732513,-1.3835403,0.7815054,0.12575593259511594,0.5274934924855269,0.556825465476784,0.993881391261548,,
2014-01-26,387.7894737036,662.1279661336928,87.40138833590404,2.842508,0.4591189,-1.3763481,0.87098545,0.18189631961773692,0.5748653565104055,0.6156491710927737,1.041252615881805,,
2014-01-27,387.7894737036,617.1155751038316,87.26078403281903,2.8371408,0.45610136,-1.1822642,0.792626,0.3688106457475219,0.5175988516278078,0.8114973630769022,0.9839840081313527,,
2014-01-28,387.7894737036,545.452630495358,87.12285829503055,2.6524215,0.4920793,-1.3691956,0.6482148,0.30190429183943995,0.43051850741330716,0.7413931141599434,0.8969044120523343,,
2014-01-29,387.7894737036,536.976630495358,86.96070082527397,2.5936239,0.4989274,-1.3251842,0.6076354,0.3181205239493419,0.4101978357056325,0.7583844267322822,0.8765835585475779,,
2014-01-30,387.7894737036,529.2512604953579,86.69879650188642,2.6810503,0.47413304,-1.3532265,0.68870604,0.3527501229101623,0.4451779864965018,0.7946692021480677,0.9115633221192374,,
2014-01-31,387.7894737036,526.506350495358,86.43897341154138,3.0050685,0.43009284,-1.4889089,0.88403773,0.4171669096918881,0.5407784314919029,0.8621648911401901,1.0071630504703286,,
2014-02-01,387.7894737036,504.6328804953581,86.28387117284171,3.114775,0.4168726,-1.0849413,0.8946616,0.7399858321432145,0.5373525793454541,1.200413454583408,1.0037336783914181,,
2014-02-02,387.7894737036,490.378570495358,86.10602344495791,3.1766574,0.40923578,-0.818535,0.90068066,0.9456986199674183,0.5344306691065644,1.415958610471622,1.0008095872733453,,
2014-02-03,387.7894737036,511.38639049535806,85.79755046007025,2.9321914,0.4605527,-1.0338405,0.88058794,0.6765984192153078,0.5387642158967986,1.1339963399965787,1.005145996700985,,
2014-02-04,387.7894737036,394.5410904953581,85.61494876534958,2.9062686,0.5204778,-1.4649533,0.8817308,0.701795533547451,0.5140932829471673,1.1603977902617717,0.9804747921956749,,
2014-02-05,67.09306653357153,398.9036462164146,85.38825335664811,2.8117645,0.5378509,-0.34747994,0.553345,0.10738034204532229,0.47996401076749345,0.5375715845125242,0.9463521196130231,,
2014-02-06,54.9368420988,415.430540495358,85.26847637254434,2.6364226,0.52468127,-0.5922884,0.399761,-0.21518912557098524,0.3583492506807732,0.19958439899272049,0.824741110008103,,
2014-02-07,54.9368420988,397.8354304953581,85.13547670137626,2.5246875,0.5283634,-0.5503837,0.35120636,-0.17727183357546136,0.315181746581028,0.23931400793185184,0.7815731588777547,,
2014-02-08,71.50625235545432,378.3288218702426,85.12379395425772,2.4734051,0.5339224,-0.55896294,0.3649418,-0.07693455246083505,0.3184487384017973,0.3444470680979202,0.7848389756899647,,
2014-02-09,91.01965050274636,392.4310047302828,85.0940328068864,2.4574022,0.5705079,-0.6729282,0.3653186,-0.08357833972576728,0.3153929873177983,0.33748573051237485,0.7817833020527685,,
2014-02-10,92.00952759599798,390.42651085319056,84.92645885237829,2.407949,0.56822836,-0.4762591,0.33058423,0.07381302585219365,0.2886516244674859,0.5023998653494942,0.7550401180509012,,
2014-02-11,120.93744432116787,422.4400388835709,84.72988800691958,2.3000488,0.58587563,-0.4633497,0.29328156,0.15168932162495422,0.262660110819353,0.583998381853393,0.7290477137821199,,
2014-02-12,118.74239839560748,417.9914886666062,84.51507928172248,2.3216767,0.57056016,-0.62173736,0.2985987,0.02943830949967584,0.26458927271804017,0.4559041892427055,0.7309782768875546,,
2014-02-13,102.51661281131662,388.2281103811722,84.3225507750468,2.6624248,0.59490466,-0.6062666,0.8671437,0.07656328731457962,0.6971633394444158,0.5052815799084837,1.1635518014567579,,
2014-02-14,54.9368420988,380.333650495358,84.29860582764451,3.0320275,0.5149892,-0.7981256,1.6938208,-0.3147100932367494,1.481465017108887,0.0953066692679419,1.94785805757019,,
2014-02-15,82.51409632734882,367.6404393375737,84.2428747170283,2.7621503,0.5429432,-0.50775564,0.44313496,0.09162371166191727,0.37534223509869147,0.5210618410581389,0.8417305243812658,,
2014-02-16,115.94810805459691,410.71105140629845,84.13402745628056,2.5766265,0.54413223,-0.44012725,0.28559154,0.22403454533466763,0.25289008619387127,0.6598014599566551,0.7192768680041884,,
2014-02-17,137.1441873284522,430.7223943655457,84.01275439849898,2.610644,0.52578825,-0.6689652,0.2700457,0.12308588766970448,0.24099532571487484,0.5540278015310299,0.7073832549908411,,
2014-02-18,144.0979731773416,429.2258616383803,83.86791403872755,2.7888637,0.49793264,-0.54023945,0.32206172,0.2964901257424653,0.2716597086811982,0.7357201694309343,0.7380456740843582,,
2014-02-19,121.44282018055914,391.6619593693208,83.78925396679516,2.938094,0.49381676,-0.6917156,0.34350765,0.16739606839878768,0.2870750800096525,0.6004558574321879,0.753462504184855,,
2014-02-20,67.58965717525967,347.6150723049777,83.77225718221139,3.0875363,0.51855534,-0.7272898,0.3183147,-0.10628822228727029,0.2795470496432658,0.313690393194282,0.7459376294890196,,
2014-02-21,54.9368420988,284.208110495358,83.82520233283269,3.202572,0.5258118,-0.78498065,0.41078833,-0.13905166543707154,0.35462676041642743,0.27936096945814787,0.821017723775298,,
2014-02-22,54.9368420988,97.649280495358,83.97143436171135,3.309984,0.6128138,-1.2360424,0.6420748,0.4007010368910105,0.4663924986736747,0.8449120059052009,0.9327773003854866,,
2014-02-23,54.9368420988,333.169480495358,84.20510577055609,3.164846,0.60742176,-0.85640895,0.6158092,-0.2871962599765946,0.5355873732486156,0.12413556970659823,1.0019800860378834,,
2014-02-24,54.9368420988,433.685490495358,84.11009662788695,2.8206587,0.54584813,-0.5546683,0.42123866,-0.17517315619989368,0.3788813479788925,0.24151299491200195,0.8452727355810117,,
2014-02-25,82.5822720988,434.3762004953579,83.9883352504035,2.75347,0.53015065,-0.4413787,0.3649085,0.0689869647944958,0.3180966910744893,0.4973431350703028,0.7844852400786048,,
2014-02-26,75.4046220988,417.599080495358,83.86225546612671,2.547691,0.5373822,-0.45088565,0.294297,0.007744872511026851,0.2624848766670219,0.43317388012130364,0.7288741312657623,,
2014-02-27,58.0174320988,408.770270495358,83.73139946693115,2.432356,0.55858964,-0.29309165,0.25859708,0.04565651764484204,0.23685951684534717,0.47289757229803947,0.7032483341432249,,
2014-02-28,62.32633206349267,362.339377746155,83.6664013187344,2.340043,0.5621387,-0.49932563,0.27394405,-0.08260388598974823,0.24787165947221668,0.33850675980597217,0.7142619628447958,,
2014-03-01,61.55768701153282,367.2146642856256,83.67475642754911,2.6451204,0.5184439,-0.5042652,0.34378457,-0.05211641908041013,0.3036908179211233,0.3704514234173846,0.770080766350034,,
2014-03-02,82.5089045113097,317.2762722969419,83.63812558724206,2.6888943,0.50408393,-0.42189133,0.37806076,0.2201222476336053,0.3175600823650836,0.6557021677990026,0.7839469084287704,,
2014-03-03,109.9227270914386,355.07036211651086,83.47939812240246,2.410425,0.53746104,-0.6487278,0.305293,0.07444514479613712,0.265497525046854,0.5030621974181676,0.7318860113732217,,
2014-03-04,143.23285212702166,377.9040112700175,83.28027042847378,2.4564505,0.52968657,-0.6860894,0.33598948,0.17762794634808587,0.28382499865774224,0.6111767841715374,0.7502123065167234,,
2014-03-05,133.24226980728844,363.3080671192381,83.08695727162377,2.5098836,0.521471,-0.5933479,0.34152263,0.23936045019849414,0.28639164680717505,0.6758598906839874,0.7527782554293712,,
2014-03-06,143.72582401790203,385.8534229429394,82.80317407745265,2.6609216,0.52434504,-0.79559743,0.37806895,0.1424888778041432,0.3100489647657618,0.574358188268091,0.7764366725868184,,
2014-03-07,153.06270068001538,412.82616792510703,82.5076714493982,3.046732,0.5589599,-0.66566074,0.5434374,0.33847431707699777,0.42429770499409775,0.7797110615954789,0.8906832000790843,,
2014-03-08,150.74276335469983,399.4352942677109,82.40948321981313,3.210245,0.59897166,-0.56262887,0.7989464,0.47109723193920144,0.6028129707482187,0.9186728984393409,1.0691969933943035,,
2014-03-09,103.34760849152588,357.7312466729676,82.353251784341,3.0883412,0.621426,-0.25897586,0.87012964,0.4913019105697177,0.6893156466810422,0.9398432916421571,1.155699446771041,,
2014-03-10,38.7789474072,367.24714049535805,82.26441817086726,3.4585822,0.7137648,0.15374315,0.89297575,0.4693834039090918,0.8105607145687297,0.9168771552878201,1.2769447561142373,,
2014-03-11,38.7789474072,549.1250004953581,82.24100657514141,3.8710988,0.7972168,0.6525569,0.86903745,0.864856313460794,0.813416092070715,1.331252318059581,1.279795861521829,,
2014-03-12,307.19769740719994,1596.826450495358,82.43624170280673,3.4601588,0.7597741,1.2151413,0.70337445,1.5773553030547283,0.6024932264432759,2.077806323800152,1.0688657504543646,,
2014-03-13,38.7789474072,1914.969460495358,83.14861512723274,2.5545619,0.62169576,0.36645782,0.4619245,0.409888371637235,0.452924122869161,0.8545384638469623,0.9193088225844201,,
2014-03-14,91.69229740720004,1212.535880495358,83.26637125803288,3.23202,0.6643236,0.25814557,0.48531562,0.4672204659196363,0.45360687006479267,0.9146108362561023,0.9199909354671252,,
2014-03-15,39.11789740719996,1144.5181604953586,83.35241281203048,3.3679874,0.67545456,0.7006502,0.54415625,0.7888028372569607,0.5266458045623162,1.2515637456690072,0.9930263816924096,,
2014-03-16,38.7789474072,1100.5750604953582,83.41000535871356,2.8493066,0.6118292,0.33459055,0.5192639,0.42018119591917114,0.5020223889623515,0.8653232499453153,0.9684069745226893,,
2014-03-17,47.48370740720002,934.791470495358,83.40151207999207,3.0128696,0.662489,0.23776698,0.55338055,0.37191692563830103,0.527602688229981,0.814752112528174,0.9939878101239621,,
2014-03-18,38.7789474072,837.4392004953581,83.3938716319265,3.314393,0.75024474,0.36136198,0.639484,0.4920548182448008,0.6120834989615787,0.940632185730423,1.0784672907672626,,
2014-03-19,38.7789474072,770.9594704953581,83.39971717664638,3.3953292,0.7447688,0.26002145,0.80445665,0.41017356289373275,0.7667606832486705,0.854837286270643,1.233145379799319,,
2014-03-20,113.19624740720008,1225.8279704953577,83.53116042122176,3.7886658,0.7432599,0.9438626,0.9110122,1.1843519505115512,0.8363620258631509,1.6660187544201654,1.3027384745590433,,
2014-03-21,38.7789474072,1260.520110495358,83.70050211786294,3.4059532,0.75648475,1.0470684,0.8224002,1.1174717565039314,0.7981742236625611,1.5959419157574875,1.2645513578347942,,
2014-03-22,156.20540740720003,1188.8810004953582,83.75879921132537,3.9074366,0.79273593,0.99027014,0.88181025,1.3290418140711555,0.7848234046272567,1.8176242988603633,1.2511983878524071,,
2014-03-23,65.28184740719996,1191.528130495358,83.86102091461551,3.1234977,0.7087136,0.9701042,0.6758526,1.0819568514226725,0.6418037345093213,1.5587295196149742,1.1081812347641797,,
2014-03-24,53.334507407200014,915.814860495358,83.85755044952276,2.7912319,0.63502204,0.3491403,0.5233084,0.4835341745299274,0.49574281912548335,0.9317042843723422,0.9621267047224613,,
2014-03-25,63.465097407200005,803.224450495358,84.0326389490546,2.8286347,0.5869783,0.30268502,0.5032028,0.48765280602664873,0.4683313572871464,0.9360197723757693,0.9347151975377742,,
2014-03-26,38.7789474072,723.9113804953579,84.0436297193777,2.6880212,0.5692671,0.29948425,0.4949667,0.4209292806208281,0.47069091524654527,0.8661070905385118,0.9370754925148006,,
2014-03-27,63.308667407200005,693.5878804953581,84.00130741481921,2.7845645,0.6518557,0.36090076,0.56008595,0.5636218868521508,0.5161269229716589,1.0156199155774188,0.9825099302770006,,
2014-03-28,38.7789474072,1006.993330495358,84.32497585418305,3.2731588,0.69176686,0.9996986,0.9158427,1.0840022042538198,0.8822547691500684,1.5608726333197613,1.3486322482825808,,
2014-03-29,75.45084740719983,2349.283930495358,85.47849806856988,3.1278372,0.7994554,1.80004,0.93553,1.8413572768439586,0.9067602686829612,2.3544266894909063,1.373130255435128,,
2014-03-30,1040.5645474072,7350.809230495358,89.035336622436,3.4055068,0.61916745,2.0519886,0.98405755,2.219830380635557,0.8654429284704106,2.7509895138981593,1.331809416835108,,
2014-03-31,651.1137474071996,5769.107430495359,91.43469113359141,3.656294,0.6793468,2.7159662,0.95080954,2.811330604584147,0.8571555402607562,3.3707614266091275,1.3235168891796238,,
2014-04-01,313.3689474072001,4591.274530495359,93.20161513273007,3.5324101,0.75257146,3.506275,0.9494098,3.507944776992858,0.8900495732797075,4.100671375202553,1.356405382502747,,
2014-04-02,197.4070474071999,3907.862130495359,94.72211917366602,3.6485882,0.7169146,3.6991425,0.97713715,3.6967114899400926,0.9307889102035168,4.298460491761937,1.3971433138580611,,
2014-04-03,81.02844740720013,3406.3013304953597,96.07776647479007,3.9017632,0.7137715,4.1081495,0.8647758,4.103354122055454,0.8448454125789174,4.724539251654114,1.3111969267922576,,
2014-04-04,244.08764740720005,3376.835430495359,97.39489846583645,3.4654098,0.68308425,3.7929344,1.1690743,3.770855869658331,1.0912385693709201,4.376148719380825,1.5575924320882277,,
2014-04-05,277.0368420988001,3478.415630495357,99.193490572289,3.1724396,0.711676,3.072753,0.9272572,3.080106758097541,0.8604572326703028,3.6523841614951436,1.3268163784450346,,
2014-04-06,698.2212747474165,2201.777630495358,99.94262888823559,3.7854998,0.62039196,4.450286,0.8423723,4.290227989604355,0.6567687425305676,4.9203450512754925,1.1231189923135383,,
2014-04-07,1078.8358380967984,1811.713330495358,99.94262888823559,3.3066158,0.61855876,4.693692,0.84966564,4.17599552779818,0.5804338273687025,4.800652668279119,1.0467848453291195,,
2014-04-08,1507.665547728122,2656.2730304953584,99.94262888823559,3.287106,0.56649935,5.581596,0.8806016,4.750814355787474,0.5980323575097846,5.402945871326436,1.0643796613857566,,
2014-04-09,1281.3909118626011,2708.176051488824,99.94262888823559,3.3338892,0.563856,5.6263375,0.8380927,4.890036465540983,0.5970394371748536,5.548822322019189,1.063385898338533,,
2014-04-10,1097.9759837600818,2467.503713145485,99.94262888823559,3.9679427,0.4816033,6.2649035,0.84433174,5.5575631474179366,0.6028503843477006,6.248254497464051,1.0691931129169283,,
2014-04-11,1070.8738135583897,2638.3557154185933,99.94262888823559,3.8659294,0.4803021,7.0127916,0.93198717,6.104276166490821,0.6772650630338279,6.821098530003654,1.1436051141736792,,
2014-04-12,1227.26090834117,2591.155255248584,99.94262888823559,4.2698727,0.41620684,9.112256,0.98268336,7.5558861897691925,0.6801284535028804,8.342090550314104,1.1464630544859453,,
2014-04-13,1046.196471919636,2131.435594201401,99.94262888823559,4.766777,0.4242542,10.472922,1.0288857,8.594243817730078,0.7041311354781673,9.430078123443534,1.1704633164515816,,
2014-04-14,974.4311681513652,2171.012991189799,99.94262888823559,5.1935916,0.47785708,11.357106,1.0340018,9.447703135310196,0.7288687138392697,10.324329878999253,1.1951998290868588,,
2014-04-15,3978.924982795638,8656.865454900893,99.94262888823559,5.4542212,0.7144344,8.900704,1.0892439,7.8154301450012875,0.779421815364844,8.614039819399666,1.245755695853686,,
2014-04-16,3104.763949908446,8673.830113680127,99.94262888823559,4.492857,0.44420555,7.438304,0.9782097,6.6619024929553206,0.7298137590625584,7.405377488722919,1.196151431480759,,
2014-04-17,1859.1791658761483,6050.291952248871,99.94262888823559,5.0150023,0.34848163,6.1606717,0.9435395,5.891373706113681,0.7263869854045429,6.59802005979114,1.1927280385552221,,
2014-04-18,1353.129166420695,4441.319624278226,99.94262888823559,5.337237,0.37985426,6.241234,0.9589507,6.030130979486471,0.7403481706668654,6.743409456513139,1.206688564882614,,
2014-04-19,1043.2618902648974,3183.9146010052777,99.94262888823559,5.8728843,0.4649041,6.76363,0.95887494,6.543794999447691,0.7312830263054577,7.281624860755893,1.1976211728608732,,
2014-04-20,815.9158098250343,2457.0625152074317,99.94262888823559,6.120212,0.5453063,8.06661,0.9983427,7.581395662273425,0.7616958796816832,8.36881928840427,1.228030406436273,,
2014-04-21,581.0394028353389,1952.165962111985,99.94262888823559,6.2115965,0.58334804,10.167913,1.0780914,9.260456004237144,0.8415158264537042,10.128132975133205,1.3078471041784003,,
2014-04-22,596.6496017509202,1846.094736852752,99.94262888823559,5.910692,0.5991293,10.350686,1.0862312,9.266200674856721,0.8338566432574468,10.134152221371226,1.3001879154011156,,
2014-04-23,518.3631258928189,1625.251543853468,99.94262888823559,5.7286296,0.6083372,8.998349,1.0201124,8.207674402483773,0.7872970714762392,9.025032011569897,1.253630009301358,,
2014-04-24,374.0642921102385,1209.327536274418,99.94262888823559,5.4277163,0.63525176,7.5677795,0.9432012,7.062205845526177,0.7358431532951836,7.824813973178106,1.2021793373881042,,
2014-04-25,330.67307792536417,1039.6696641978888,99.94262888823559,5.870075,0.6701378,7.845029,0.9674189,7.3684590508907535,0.7515768254463395,8.145705034884898,1.2179119946359238,,
2014-04-26,361.7886763994777,1304.2799433940727,99.94262888823559,5.968177,0.6482104,9.762326,1.0149128,8.938422427246937,0.8068957179012834,9.790707293979581,1.273227368852021,,
2014-04-27,338.25880877327245,1131.2115002572414,99.94262888823559,5.736883,0.67070484,9.017622,0.9463547,8.262425511378654,0.7446923011607981,9.082400036312649,1.2110251214008598,,
2014-04-28,263.11650161126863,903.157762857908,99.94262888823559,6.2601523,0.73525226,9.482184,0.95823073,8.755280085608858,0.7603635408895587,9.598811374451977,1.2266954570065414,,
2014-04-29,281.912024298208,933.9866353940592,99.94262888823559,5.8272815,0.69380367,10.215462,0.979507,9.198040773164017,0.7694073192863943,10.062734509370578,1.2357386600812912,,
2014-04-30,769.0646108196736,1965.3021572636767,99.94262888823559,6.2664,0.73785186,9.387638,0.99104345,8.509762492496318,0.7419193229030027,9.341558879648565,1.2082516546847315,,
2014-05-01,1402.5543886199548,2999.552784167057,99.94262888823559,6.5894985,0.8866187,10.522153,1.0414797,9.269170761866564,0.7638107808209678,10.137264268387403,1.2301420500939582,,
2014-05-02,943.2944314158956,2255.1591542249985,99.94262888823559,6.1983113,0.7960003,10.820753,1.0495332,9.457493177339172,0.7763475019560523,10.33458785157163,1.2426786098118512,,
2014-05-03,804.8254005879907,1862.5871572580056,99.94262888823559,6.8459454,0.9962061,10.7394285,1.0343603,9.564666807297474,0.7823166646610012,10.446884014687212,1.2486476987661972,,
2014-05-04,758.3853729389735,1725.763210317065,99.94262888823559,8.079405,1.447464,11.401108,1.0307901,10.387025557685968,0.8414700441645774,11.308548702251517,1.3078009495280711,,
2014-05-05,561.3470117590176,1359.896399829532,99.94262888823559,8.352921,1.6887933,11.6789255,1.0229496,10.707136647450502,0.8762097392705477,11.643960007861777,1.3425408036699125,,
2014-05-06,432.811468225989,1134.0127006202515,99.94262888823559,7.952272,1.5727704,11.353581,1.0000378,10.414021148812369,0.8441716915925267,11.336834590353948,1.310502605842565,,
2014-05-07,422.97941369124766,1095.6387592015285,99.94262888823559,8.729412,1.8789506,11.749065,1.0146396,10.908003956751116,0.8998664163627577,11.854428087916414,1.3661976404026956,,
2014-05-08,351.31028325691943,949.0602027658572,99.94262888823559,9.477179,1.9715219,11.823844,1.0484885,11.189864879218042,0.9323448217940958,12.149760998983895,1.3986763476571626,,
2014-05-09,360.467812965096,973.598004574466,99.94262888823559,9.901882,2.2718391,13.638931,1.0326004,12.629171561427873,0.9719652723580348,13.657861620579595,1.4382997561868496,,
2014-05-10,375.0979617304171,1017.796756078112,99.94262888823559,10.202341,2.333769,14.689438,1.0693333,13.481090359982366,1.0027515846849737,14.550499225566265,1.469088935589594,,
2014-05-11,356.97102351521266,977.6500033845688,99.94262888823559,10.535469,2.387765,15.665082,1.057549,14.293064649827627,1.0040018517421714,15.401283110870873,1.470342707904421,,
2014-05-12,219.02273913341185,675.3874204135293,99.94262888823559,10.44492,2.3761115,16.90089,1.0371177,15.319955266545522,0.9756456163483967,16.47725558881792,1.441991985386812,,
2014-05-13,165.73198758183906,548.1514304953581,99.94262888823559,10.080328,2.2833717,17.547047,1.0424343,15.813606585347733,0.9600454617245893,16.994501753196257,1.4263949101669908,,
2014-05-14,172.99879429085345,673.2297916786963,99.94262888823559,10.258804,2.3689537,18.054438,1.0302846,16.460736849186425,0.9520418044766179,17.6725626315423,1.41839571186385,,
2014-05-15,137.21244935188986,541.1723504953579,99.94262888823559,10.154785,2.2982469,19.356853,1.0395702,17.495611407174238,0.9507000020508592,18.75690065586022,1.4170620353847605,,
2014-05-16,4685.080420689671,7414.21373034751,99.94262888823559,11.9107895,2.8250449,17.465725,1.1082232,15.314746630544592,1.2875624722274042,16.471797997820975,1.7539088102601021,,
2014-05-17,4397.052864274003,10724.35075269382,99.94262888823559,12.039364,3.0742347,14.820889,1.2115949,14.012068052109115,1.23995562188079,15.106855836320232,1.70629517966996,,
2014-05-18,1776.8130145829132,6436.421230222659,99.94262888823559,10.928118,2.6643474,12.705793,1.2655897,12.321219277702152,1.1471231380963758,13.335190270374005,1.6134567897971706,,
2014-05-19,974.9970145829128,4440.080306141995,99.94262888823559,12.20109,2.9274337,11.642463,1.2116661,11.743044818232484,1.1246657198155572,12.729381048132204,1.5909981022067172,,
2014-05-20,772.5822491453835,3037.0621804206035,99.94262888823559,13.010082,3.1721635,12.388498,1.2408834,12.514553303320396,1.180012030282395,13.537765001537496,1.64634619172485,,
2014-05-21,630.531199672693,2328.580335111644,99.94262888823559,13.392437,3.2231228,12.585807,1.2326735,12.757684608058804,1.1885299613165943,13.792517151539611,1.6548648244821722,,
2014-05-22,733.4893912942184,2463.2206153137145,99.94262888823559,14.121,3.4075575,12.80435,1.229168,13.106457094367716,1.228161637876982,14.157959770474987,1.6944976257238067,,
2014-05-23,677.9987866265699,2238.5272196564224,99.94262888823559,13.9955635,3.2773995,12.521974,1.2111717,12.864536014684111,1.2019390163584736,13.904475690148347,1.6682742093034368,,
2014-05-24,483.9922988177669,1689.5727509751769,99.94262888823559,13.660509,3.202166,12.165969,1.1374599,12.49876130629168,1.1358649410944333,13.521218201033047,1.602199059296541,,
2014-05-25,463.51219079470206,1471.0904597229949,99.94262888823559,13.731998,3.3750255,12.620095,1.182367,12.886496564750862,1.2092240779460746,13.927485879439903,1.6755593402863893,,
2014-05-26,328.07978570118337,1027.7680938493058,99.94262888823559,13.29422,3.2884965,14.08629,1.1624566,13.894630006344528,1.1872874908987707,14.983804653409974,1.653626532811587,,
2014-05-27,256.1902714776848,823.8400511101838,99.94262888823559,13.089939,3.22442,15.698724,1.1589793,15.079902968937658,1.1690022548639956,16.225729611962127,1.6353472271676848,,
2014-05-28,151.16138644812406,610.9621604953579,99.94262888823559,12.394609,2.9747274,15.324451,1.1441163,14.74333965717768,1.0905749496971817,15.873079724384146,1.556918074695969,,
2014-05-29,103.4105262964,566.9030104953581,99.93598381509251,11.872747,2.8278346,14.7648,1.1003543,14.318637686138507,1.027782189474661,15.428078450900362,1.4941231682829899,,
2014-05-30,103.4105262964,531.381490495358,99.92244412575982,11.714027,2.8379679,15.839584,1.1063235,15.167512232875326,1.0350826244638693,16.31752629923873,1.5014280988814672,,
2014-05-31,103.4105262964,494.10656049535794,99.88805109425063,11.049528,2.6035204,16.906479,1.1036983,15.892833625556982,1.017849916025218,17.07751557510342,1.4841998846406843,,
2014-06-01,125.04561000000128,497.413060495358,99.88544970427571,10.406149,2.4323034,18.324215,1.103369,16.73355608031243,1.0080540377454035,17.958421689330237,1.47440996846107,1.2486339471513975e-12,4859.999999999999
2014-06-02,128.06108000502837,468.637660495358,99.8015390193284,9.591545,2.22421,20.51336,1.1553385,18.169363353025844,1.02528556792019,19.462855641617725,1.4916535498527792,5.028376888734003e-09,4859.9999999949705
2014-06-03,196.90473064435966,638.2968804953579,99.7634756915178,8.746128,1.9580652,21.841927,1.2068108,18.754498772447086,1.0313734691591194,20.075958533901932,1.4977470384545444,6.443596547062777e-07,4859.999999350611
2014-06-04,122.80000007715024,644.432990495358,99.80959501734804,8.42325,1.4975654,20.410265,1.197789,18.49167513653867,1.0342350234436672,19.80057282661475,1.5006060346460228,7.715024102392279e-08,4859.99999927346
2014-06-05,136.3820000000231,581.006980495358,99.68186419490365,7.5749354,1.1502584,19.94023,1.1292922,17.589477495550867,0.9403821276600446,18.855253222396083,1.4067449586214091,2.310487720721891e-11,4859.999999273437
2014-06-06,127.71420000000114,509.9079204953581,99.59773070345707,7.3449197,0.9328352,19.130846,1.0771539,16.770152901966767,0.8814336446763761,17.996767713959677,1.3477898532824768,1.1254619019889106e-12,4859.9999992734365
2014-06-07,122.80000000118704,462.6396604953581,99.48727925041524,7.509267,0.8198838,20.799915,1.1052763,18.012110282597302,0.890206763970144,19.29808641196543,1.35657331106628,1.187050932956092e-09,4859.99999927225
2014-06-08,125.46942403604149,434.6857104953581,99.35829636088764,7.4881577,0.729841,23.669052,1.3693725,20.0446856361602,1.0751472065772665,21.427811919417373,1.5415344789511116,0.0037340360415109306,4859.996265236208
2014-06-09,148.52748000893652,468.3268004953581,99.27680837678503,7.1279173,0.6280217,21.76409,1.1833594,18.239961023357488,0.9110645373342195,19.53682763926516,1.3774331726237183,8.936520933669894e-09,4859.996265227272
2014-06-10,155.69957000002344,536.886820495358,99.1309180920944,7.196479,0.6378054,20.606512,1.0674219,17.59181753393044,0.8397871528366028,18.857705106611178,1.3061500038111737,2.3436174874693473e-11,4859.996265227248
2014-06-11,144.60919000000106,588.3408004953582,99.0396541361663,6.915681,0.6079619,18.690397,1.0112962,16.367275330824135,0.8205841164319108,17.57463397208451,1.286937350248542,1.1104210481724186e-12,4859.996265227247
2014-06-12,152.0988300000011,566.391650495358,98.9005349099344,6.906718,0.62121457,17.897923,1.0436153,15.571170211675035,0.8331344143332774,16.740477749589292,1.2994823156277733,1.123391904349643e-12,4859.996265227246
2014-06-13,2109.840750000001,1793.4334304953577,99.4266805520033,10.878241,2.325829,23.808466,1.1177969,16.819278128225324,1.3580449701513442,18.048240958107208,1.8244015541876404,1.2685554732164841e-12,4859.996265227245
2014-06-14,1228.2487846697388,2977.892630495358,99.99999609741614,11.947708,2.5953863,16.692966,1.11115,15.307288424454725,1.0923632741034894,16.463983314974612,1.5587095677933598,5.409001707197176e-10,4859.996265226704
2014-06-15,646.7079419184066,1839.7474419910625,99.99999609741556,12.108952,2.7483103,17.586376,1.1376934,16.161740129164833,1.1043400081141206,17.35927489037283,1.570691795793087,1.3203732686067758e-12,4859.996265226703
2014-06-16,1149.418084421643,1488.700500495358,99.48242400260796,13.692293,3.1512306,22.408817,1.2487206,18.61106137578579,1.5432478861823238,19.92566531999644,2.009620049594168,2.2404312231359456e-07,4859.99626500266
2014-06-17,246.43544484064716,899.0112604953582,99.62622753199607,11.739052,2.6951966,21.085863,1.1274614,19.074957159869907,1.0579558944947418,20.411733736811367,1.5243326897157163,0.14742484064716585,4859.8488401620125
2014-06-18,138.96168893794973,794.999180495358,99.83570177419301,10.267618,2.2932382,21.749588,1.1243193,20.041214597277637,1.0160395041603618,21.424174976741376,1.4824267371149455,0.0037942463497478212,4859.845045915663
2014-06-19,486.0092573131955,982.380890495358,99.90077551982597,9.484106,2.0674496,23.676767,1.0668893,18.97926595228166,0.9887944889895318,20.311468816604435,1.4551703086288343,3.6095955179834568e-06,4859.845042306068
2014-06-20,450.9033637061054,851.8688141942287,99.75417564148168,8.943165,1.7740753,22.934664,1.0403887,18.09205656498565,0.9164252546373906,19.381853853369243,1.3827925276599524,2.505395708431803e-09,4859.845042303562
2014-06-21,428.1087137036013,738.7404304953578,99.56939820305749,8.337538,1.4741976,22.187437,0.9783087,17.10600677981374,0.8222940969946767,18.348674259108684,1.2886529273631622,1.3203284742919463e-12,4859.845042303561
2014-06-22,423.1196437036017,688.978090495358,99.3423365470328,8.247641,1.2131249,22.732046,1.034129,17.22116672042029,0.789619265494972,18.469338451221663,1.25597902452977,1.6912473658465405e-12,4859.845042303559
2014-06-23,418.10903370366134,543.942210495358,99.17639733493603,8.005447,1.0313512,25.1388,1.0875077,17.692616931304038,0.7609065411089166,18.96332237061373,1.227270260115905,6.134071648872102e-11,4859.845042303498
2014-06-24,412.7635037094596,512.2502404953581,98.98896238805962,7.747672,0.91223925,26.604536,1.1652956,18.190147305785647,0.7629736001689021,19.484632996273056,1.2293417738578032,5.859586361936354e-09,4859.845042297638
2014-06-25,387.795070231553,338.3606905293176,98.91511989145737,7.904538,1.4142525,28.855627,1.3193314,17.66694078557777,0.9738339558601542,18.93641899289126,1.4401974526545462,4.7659892580561995e-11,4859.845042297591
2014-06-26,524.5064705300049,2273.925870829643,99.9998380797258,8.386107,1.6620903,23.431894,1.1629854,20.611882381981733,0.9950317100680637,22.022118730824094,1.4614256089184767,0.07011435958515026,4859.774927938006
2014-06-27,969.4736843563071,962.7867855684616,99.8147102026642,9.6844845,2.0902088,27.52775,1.0994794,18.575242500403643,1.1831913207366271,19.888134424811724,1.649563136745255,1.58707042610901e-07,4859.774927779299
2014-06-28,387.78951439698307,452.41,99.99165745775925,9.026724,1.7170688,28.142738,1.1223605,19.319845867806205,0.9966395327093739,20.66832728787685,1.4630188722795578,4.069338308727331e-05,4859.774887085916
2014-06-29,388.86840111969155,430.7364598287213,99.99976477229458,8.640118,1.3595113,29.590658,1.280492,19.650498494367383,0.9321640421416437,21.014783979708195,1.3985469259314391,0.0003609048278672119,4859.774526181088
2014-06-30,969.4737066140428,480.04360824609984,99.41453722079103,9.119362,1.458356,39.640823,8.7042,19.227300810540243,3.0431605242726456,20.571358893223028,3.50953889425607,2.24164427526723e-05,4859.7745037646455
2014-07-01,387.8153165563926,516.5277338029435,99.42604314183092,8.597221,1.17025,29.268267,1.2458518,20.403767774831945,0.8707482981192812,21.80405695685674,1.3371397228762434,0.025842852792630367,4859.748660911853
2014-07-02,388.0199633890914,563.2022152630273,99.35025977149586,8.3047,0.9999192,29.53445,1.6061033,20.87446840659634,1.034730863633232,22.297255469809855,1.5011279547968224,0.23048968549139215,4859.518171226362
2014-07-03,387.82384788969773,643.3383104953581,99.30725907813567,8.18891,0.9191239,27.86064,1.8068879,20.462030170794158,1.1791217967407546,21.86510409618591,1.6455139091375937,0.034374186097756304,4859.483797040264
2014-07-04,387.7894737392955,618.987270495358,99.32675364690363,7.792093,0.80362594,25.046257,1.187275,18.40031162888989,0.792879969033984,19.704842455610887,1.2592501094860495,3.5695507087941187e-08,4859.483797004568
2014-07-05,387.78947370360595,513.1625123474905,99.23141320015681,7.623968,0.7732368,24.85257,1.0352329,17.437002053073744,0.677089529990878,18.69548997497978,1.1434510704012129,5.959836990457091e-12,4859.483797004562
2014-07-06,387.7894737036723,468.9704111543135,99.07447914373334,7.779877,0.75613356,25.922285,1.046131,17.71060881765072,0.667108148940029,18.982174207625597,1.1334720241058933,7.232223066457865e-11,4859.483797004489
2014-07-07,387.7894737490597,397.58996921896585,98.8894545288945,7.6592903,0.7162112,28.934296,1.3754086,18.429534931439054,0.7809437855363629,19.735462532127038,1.2473142034661804,4.5459717112804345e-08,4859.48379695903
2014-07-08,387.7894834735957,347.193110495358,98.767580475351,7.7981787,0.6787779,31.761456,6.3829093,19.118017673102866,3.036371037328488,20.456852395381862,3.5027482749716836,9.769995707567147e-06,4859.483787189034
2014-07-09,387.78947370801006,273.61881049535805,98.65470036075841,7.6430697,0.65097266,33.062134,8.015795,18.158713763087427,3.3379565361851116,19.451697037684053,3.804324420054155,4.4100645564988315e-09,4859.483787184624
2014-07-10,387.78947759338826,387.413797623728,98.52229555252674,7.5729527,0.67591184,30.424757,1.7699687,18.993317640748753,0.9469758980530267,20.326192127746957,1.413351860294869,3.889788266202502e-06,4859.483783294836
2014-07-11,387.78947370577714,364.0468304953581,98.33305059320818,7.6666064,0.69279146,29.171537,1.3311654,18.079514019308622,0.7369876319470169,19.3687118168834,1.2033547905976678,2.1771438837836835e-09,4859.483783292659
2014-07-12,387.78947370379274,319.44614049535807,98.11222042296392,7.8116918,0.7000571,29.958101,1.423713,17.81484333068223,0.7489179521906928,19.091390774072156,1.215282739334589,1.9276192538835919e-10,4859.483783292466
2014-07-13,387.7894737036011,193.71793049535805,97.89576099100934,7.627484,0.7188134,33.795345,14.836131,16.344800135546095,4.965561297115738,17.55108453929979,5.431914370445172,1.1520563071445253e-12,4859.483783292465
2014-07-14,404.44076370360114,193.89,97.7268356545431,7.645736,0.6653122,33.073196,7.9987264,15.885543621729079,2.6307235722166418,17.069877134012177,3.097073492668984,1.160856783873901e-12,4859.483783292464
2014-07-15,387.7894741029468,366.4205912304429,97.56924923058781,7.7396245,0.697549,30.289152,5.548666,18.69494269539372,2.719482657835089,20.01355587994768,3.185855640542941,3.993468718458989e-07,4859.483782893117
2014-07-16,387.7894737036012,508.5155614477545,97.4830115290418,7.8055415,0.7282728,23.846811,0.97606605,16.906500439150218,0.6371343808675725,18.139632197339754,1.1034916382838793,1.1676034350906405e-12,4859.483782893116
2014-07-17,387.7894737036035,664.3063729083981,97.30084398938621,7.5173235,0.7181116,23.118006,0.91101754,17.367787859427906,0.633203138872215,18.622967579474555,1.0995641022274891,3.5164276671679487e-12,4859.483782893112
2014-07-18,387.7894737036011,747.113826486383,97.07908860743437,7.7321486,0.7170352,21.517038,0.87670416,16.806826365015926,0.6269916001410029,18.03519404318062,1.0933480887559577,1.1540467180510413e-12,4859.483782893111
2014-07-19,387.7894737036011,760.1278806515586,96.83827683699752,7.3873935,0.71068805,21.637072,0.851116,16.823244931626352,0.6125981896756767,18.052397361150962,1.0789548041479364,1.1403192041863975e-12,4859.48378289311
2014-07-20,387.7894737036011,709.2157333085958,96.5852406287995,7.5595384,0.74108225,20.958021,0.8415238,16.22168029696519,0.603834138160229,17.42207999329883,1.070186342585696,1.1512875565617672e-12,4859.4837828931095
2014-07-21,387.7894737036011,594.7016086610419,96.32052078017725,7.7415376,0.7453807,22.62604,0.9104465,16.751122902755434,0.624706594901406,17.976828145836837,1.0910626588159742,1.1527002545253838e-12,4859.483782893109
2014-07-22,387.78947370360476,423.006350507789,96.04658776872463,7.8000016,0.73425364,26.218523,1.0602865,17.409266109684268,0.655228914620798,18.666428348306866,1.1215902231322346,4.800049486605459e-12,4859.483782893104
2014-07-23,387.789473711021,279.28070629290227,95.78331401004986,7.7620482,0.6942936,32.73401,2.470888,18.21700034317379,1.1104305256495077,19.512769517055837,1.57679894782052,7.42102437584187e-09,4859.483782885683
2014-07-24,138.98119950104885,399.8581186330086,95.80072945223132,7.760444,0.7332199,24.709312,1.5133162,20.337741984235205,1.1388039013781417,21.73487535916735,1.6051945515592627,0.0182561333424305,4859.46552675234
2014-07-25,387.7894737036011,252.38915049535805,95.531391486594,7.6917973,0.72696894,30.378141,1.785079,16.63584335641987,0.8301825240380406,17.85603863124985,1.2965377202963801,1.1506576177200752e-12,4859.465526752339
2014-07-26,138.96292559932658,437.0338108119962,95.50442354040028,7.6666536,0.75921965,22.199383,1.0366058,18.693268195203387,0.8075646090264096,20.011801344372245,1.2739375753001738,3.905047276865606e-07,4859.465526361835
2014-07-27,387.791393466483,272.5317021444575,95.24275800729501,7.7933135,0.72946364,29.255695,1.4527829,16.65137025418095,0.736914244014497,17.872307661647866,1.2032695562510385,1.1549002512116592e-12,4859.465526361834
2014-07-28,138.96211744571056,479.72883040321966,95.29686328187475,7.5959363,0.8103661,21.690094,1.0922377,18.524452079017237,0.8662517124169918,19.83491639490142,1.3326230383301103,1.0008343576957912e-07,4859.465526261751
2014-07-29,387.7894737036011,354.316490495358,95.12237344560701,7.738031,0.7964065,26.022959,1.113931,16.468120379581226,0.6753148128436689,17.680299069450633,1.1416687738692481,1.154957501601387e-12,4859.46552626175
2014-07-30,138.9653149252204,575.4274671218167,95.1468075028064,7.864733,0.8098877,19.371767,0.9692578,17.133392553841954,0.7964521247185662,18.37736897952186,1.2628111745554331,1.3600043269405505e-12,4859.465526261749
2014-07-31,387.79143005230884,373.2783213704679,94.8769957470291,7.7314844,0.7436905,25.683176,1.037814,16.536166643582877,0.6345751097429871,17.751597712267046,1.1009295680319238,1.1536301068460586e-12,4859.465526261748
2014-08-01,138.96673794703418,601.1145600486964,94.78386249310222,7.907041,0.7679387,20.029657,0.99744713,17.753366305176083,0.8228868728301191,19.026975356895516,1.2892511205907145,1.0857095730126861e-10,4859.46552626164
2014-08-02,203.65378298896715,438.9941383318428,94.56957846838516,7.744249,0.78464884,22.715065,1.0116647,17.970844661478367,0.734443150881473,19.254848435216477,1.200809326138316,8.116812653280798e-10,4859.4655262608285
2014-08-03,269.54514660182474,415.2095199308375,94.27297342490071,7.7921805,0.7983827,24.251741,1.0572027,17.772640258412082,0.7139400182467075,19.047170539211482,1.1803044346468285,1.289292141061349e-10,4859.465526260699
2014-08-04,293.76963366636073,442.00048054664006,93.9402931082794,7.8942533,0.797387,25.154522,1.1177497,18.263044955553507,0.7431212712825155,19.561014904511673,1.2094901214422205,1.093973594824837e-08,4859.46552624976
2014-08-05,299.46538009945243,450.9092493340335,93.55411672095488,7.9076104,0.76789355,26.877068,1.3338243,19.306588137734533,0.858100312763382,20.654435883627034,1.3244795128324791,3.665119255909692e-05,4859.465489598568
2014-08-06,224.56890412944406,361.2222101721936,93.31726829168132,7.8301783,0.7959664,25.948498,1.4112809,19.002658106833714,0.9221986239979828,20.335979036181993,1.3885746811557844,4.1532971436295225e-06,4859.46548544527
2014-08-07,253.04989422196684,393.76649647256704,92.96752295518331,7.877923,0.8113875,24.64513,1.1794146,18.08540153021848,0.7850400601268613,19.374880730689302,1.2514072724416494,2.266757275122787e-09,4859.465485443004
2014-08-08,277.4841367762721,404.8191727214346,92.57320960845622,8.000691,0.7965806,24.374794,1.0837839,17.715653327839124,0.7200192757230484,18.987459828157213,1.1863831947387053,7.465444378407408e-11,4859.465485442929
2014-08-09,273.1392408164743,400.7987132696075,92.18860883234916,8.060051,0.78212893,24.95527,1.0975392,18.10783402262662,0.7256195304281062,19.39838541955291,1.1919869475762928,2.77158595330495e-09,4859.465485440158
2014-08-10,273.4788819714659,398.7978166645231,91.86054493857647,8.128629,0.7825118,25.92279,1.2039212,18.684212299630683,0.7819018038412736,20.002312607947193,1.2482746812930987,3.596869274343661e-07,4859.465485080471
2014-08-11,283.12192629737393,405.17529837593145,91.48302253455421,8.223522,0.78009444,26.514517,1.2802473,18.99075899456329,0.8191031746410916,20.323511187020124,1.2854791108998864,3.799096865667946e-06,4859.465481281374
2014-08-12,305.6646475019557,459.78717455153327,91.24605016205241,7.8564496,0.76664925,24.314312,1.0748904,17.742263215732507,0.7145620205528557,19.01534157773055,1.1809261713586212,9.732338685266712e-11,4859.465481281277
2014-08-13,277.66849854936066,467.8706267511828,90.98953416521232,7.8411746,0.8399649,22.3239,0.97259456,16.929955704760502,0.6858628715264754,18.164208544468398,1.1522203115081837,1.1738381884689035e-12,4859.465481281276
2014-08-14,291.11310713080906,438.4952006014613,90.5884172418927,8.0520115,0.89959586,21.935583,0.9404982,16.396049599280733,0.6695766942553314,17.604783552213416,1.135930134381776,1.1692492075742417e-12,4859.465481281275
2014-08-15,310.9468611833731,458.74440204524063,90.10787120361289,7.970526,1.1003612,20.04348,0.93352056,15.16613852569465,0.7121646581377366,16.316086933550597,1.178510124614482,1.1870147001014024e-12,4859.465481281274
2014-08-16,320.6084027040055,457.71319791978567,89.62064299307859,8.232969,1.0698092,19.381666,1.0320404,14.789263888215396,0.7500326523713562,15.921198976681335,1.216376021803226,1.2046237460972275e-12,4859.465481281273
2014-08-17,327.03980261784494,457.065919068332,89.1258919471172,8.105968,1.0029296,20.093,1.1156573,15.09337287438422,0.7732485529161834,16.239843332844465,1.2395936018487128,1.1941547419367028e-12,4859.465481281272
2014-08-18,336.24747487281314,454.8124751618349,88.56477734640676,8.04961,0.95711076,20.276312,1.1990222,15.079237259849563,0.8004598432632603,16.225032084255233,1.2668048117851833,1.1918953501929124e-12,4859.465481281271
2014-08-19,341.730518559038,457.3305710303188,88.06198712613596,8.068264,0.8856229,21.520983,1.3961502,15.767724813539024,0.88428348378895,16.946426989534086,1.3506326342723591,1.1811021374793416e-12,4859.4654812812705
2014-08-20,332.3063710187857,475.99654785423365,87.60601985374616,8.092688,0.8732003,22.359835,1.4111289,16.494380328348008,0.905216864091645,17.707814154003323,1.371571016390254,1.1692347179750345e-12,4859.46548128127
2014-08-21,303.7512686562744,444.9832670525633,87.2748236291072,8.136624,0.84443635,22.351372,1.4295644,16.584644895689717,0.9160760165870744,17.802393059109978,1.3824308323717869,1.1700977368364601e-12,4859.465481281269
2014-08-22,140.50812669160118,233.63465449535803,87.08395299217942,8.37195,0.99464756,21.793404,1.5007997,16.753019632506284,1.0088778156365228,17.978815532786133,1.475233893953988,1.1793259875956408e-12,4859.465481281268
2014-08-23,214.03029091319115,339.0831350820262,86.8060031900812,8.619425,1.2945656,22.967129,1.7390373,17.415205581043107,1.177932419879609,18.67265170609359,1.64429377797666,5.059827566587355e-12,4859.465481281262
2014-08-24,268.68736035711055,403.5305054951709,86.46720867840786,8.691761,1.254969,22.649725,1.5211626,17.070687748665357,1.0418539067330814,18.31166709900348,1.5082124553227347,1.2906436878986818e-12,4859.465481281261
2014-08-25,295.48578466638844,427.58996690712064,86.04395564835265,8.592802,1.0654795,24.262407,1.445214,17.859004071385968,0.9591487222863097,19.13766224722559,1.4255138995522723,2.857878162650017e-10,4859.465481280976
2014-08-26,314.8238803934397,434.3485673017865,85.60194029283173,8.5634985,0.9547427,25.167215,1.4599427,18.18985441545042,0.9367059706446711,19.484326106781,1.4030741416278842,5.693904949368353e-09,4859.4654812752815
2014-08-27,321.3851678537359,435.4815885080103,85.15572058825451,8.574991,0.9457029,25.399168,1.397763,18.255188132109545,0.8989188524085321,19.552782551764295,1.3652876293668321,9.987143265260273e-09,4859.465481265294
2014-08-28,324.75832033839873,435.1975463214342,84.66004053262553,8.575308,1.0139321,23.167397,1.0924413,16.93163678076049,0.7609969874482078,18.165969970154713,1.227354440538829,1.2032488701448399e-12,4859.465481265293
2014-08-29,328.6723529584543,431.7596812967215,84.15256353026417,8.756712,1.0462356,21.518795,0.9549065,16.002794007522294,0.7060058789299799,17.192731687445914,1.1723565813969636,1.2055862064737614e-12,4859.4654812652925
2014-08-30,357.0188954769675,483.38717289924114,83.5693744338616,8.868876,1.0128738,20.88487,0.93051285,15.780270392341055,0.6867323279591698,16.959572204117936,1.1530815596751758,1.2142888537341348e-12,4859.465481265292
2014-08-31,360.9613227139062,514.6056107322268,83.03427577149951,8.915491,1.1323543,21.206518,0.972021,16.13941796774302,0.7377693912873645,17.335885805939547,1.204121024816858,0.0,4859.465481265291
2014-09-01,352.057436099628,495.4454021342673,82.53339119112624,9.125364,1.0525862,22.049034,1.132812,16.680469135942847,0.7935639073590486,17.90279737048843,1.259919437692277,,
2014-09-02,368.09630052614654,522.1593145046864,81.97045241217393,8.924015,0.8957961,24.480146,1.4237118,18.048112384920785,0.9135033586810617,19.335809291712945,1.3798702317781064,,
2014-09-03,374.29570274901545,546.3702220976247,81.42605608344448,8.87282,0.94671524,24.882906,1.7616318,18.374023366500232,1.1140408692086756,19.67729770414093,1.5804107608857951,,
2014-09-04,383.9234624186675,535.3464448216293,80.90206183860346,9.042678,0.9949622,24.957373,1.4901923,18.310766834537112,0.9621835070706065,19.61101772618161,1.4285528033677601,,
2014-09-05,384.5836431597882,540.7625500181366,80.37559102078221,9.114351,0.9811907,24.384398,1.2811375,18.038005145415994,0.8525384754237267,19.325218960709694,1.3189052568495485,,
2014-09-06,371.890247511331,526.9924117243802,79.92712180055084,9.057989,1.0994467,26.405832,1.7150979,19.228595502227808,1.103618519205633,20.572715466747578,1.5699969026858902,,
2014-09-07,344.82869168357945,494.1951395305086,79.52481045239416,9.32947,1.2379655,24.77791,2.0823944,18.428787185221434,1.3278946254646857,19.734679046196256,1.794265036282415,,
2014-09-08,366.2396745646138,504.1828751650088,79.00596551101836,9.460205,1.3069419,23.08618,1.7468822,17.352903952589777,1.151636637344378,18.607372272767655,1.617997477324709,,
2014-09-09,376.51156000279576,515.8991061204043,78.47595234207435,9.567209,1.3674388,20.99942,1.3823847,16.176125541677496,0.9856410371448426,17.374347876429525,1.4519929244666634,,
2014-09-10,378.4042336930898,514.6371281828943,77.94953656921766,9.529039,1.2714312,21.272238,1.3073465,16.296347321364006,0.9261941907087097,17.500315846227455,1.392546920019325,,
2014-09-11,387.5827547920624,538.3608159130299,77.39465952170417,9.783909,1.5337611,23.224348,1.9517632,17.59843022080232,1.30380998756398,18.864633857311198,1.770172895127485,,
2014-09-12,441.5758588185736,614.4683405548212,76.80545742227768,10.060585,1.5827116,19.831564,1.6270003,15.745912597095472,1.1550698555511318,16.92357222370586,1.6214188652290196,,
2014-09-13,430.4777247264617,605.0531410447524,76.24330650756714,10.63036,1.8297735,16.293264,2.1020484,13.93915363470975,1.444677232088105,15.030456359014645,1.911016467725743,,
2014-09-14,405.8151335050376,569.5823273609049,75.71562192073885,10.791296,1.875399,15.506953,1.6817583,13.544999116289274,1.2542934793179525,14.617462601963489,1.7206310787743808,,
2014-09-15,412.8366262945728,580.8373640316563,75.22328794361674,10.56208,1.8588233,16.427383,1.4255146,13.990556110657868,1.136106375746925,15.08431569760251,1.6024458378593829,,
2014-09-16,418.03658876337056,589.9452352064702,74.72874994568667,10.723658,1.9093404,16.31759,1.5522133,13.997639442980235,1.2051345599463013,15.091737588996725,1.671474053504209,,
2014-09-17,404.44813819829096,620.20396281951,74.1733627696005,10.70422,1.9782804,14.694354,1.5196701,13.119378158076186,1.2065786525767486,14.171498416860276,1.672914684762552,,
2014-09-18,426.1377613514132,610.38644281951,73.62847157328697,10.925322,1.9746358,14.302503,1.4998516,12.914069667544961,1.1996416429320207,13.956376882293624,1.6659769931844193,,
2014-09-19,428.0115249110202,617.09792281951,73.04975366862769,10.83082,2.0021489,14.775176,1.3313223,13.15981431282393,1.1359018776425123,14.213867281580882,1.6022380498199167,,
2014-09-20,469.5716626796541,616.36309981951,72.45318262003612,11.213007,2.0540059,15.826608,1.243317,13.83162951490091,1.1343983993801081,14.917792953831759,1.6007371710480454,,
2014-09-21,501.7141132213519,616.48243981951,71.8441145014286,10.613941,1.9747578,18.744036,1.6099182,15.096212665452486,1.2541356508674126,16.242818856218452,1.7204807159816926,,
2014-09-22,521.6684735368809,635.57758681951,71.24155254704557,10.921507,1.9606596,17.632513,1.2132328,14.60729614409637,1.1068670665732439,15.730533796419035,1.5732094816327227,,
2014-09-23,523.5938650604545,626.5610268195101,70.62009112691221,11.130745,2.0682726,15.444881,1.7190632,13.48092386874154,1.3279771702564258,14.550324776613248,1.7943145205196345,,
2014-09-24,567.1270121110566,618.17924181951,70.06331236084434,11.405397,2.1182895,17.137203,1.6102655,14.394737387688174,1.316251299295395,15.507815458050286,1.7825926474959073,,
2014-09-25,561.585234947618,622.0482458195099,69.51140792953095,12.000759,2.2149591,17.098454,1.179046,14.679807925661366,1.2199816989019858,15.806511393273713,1.686324489727812,,
2014-09-26,462.9178423271373,624.03209481951,68.90568813632781,11.595512,2.2296455,16.320414,1.3557135,14.308139616538654,1.2278022658326642,15.417078609459491,1.6941431942026552,,
2014-09-27,410.7380003323784,620.40416881951,68.30468124640052,11.587097,2.1609154,17.021269,1.2367538,14.856658692194523,1.1378137562021038,15.991815021913052,1.6041574887120507,,
2014-09-28,451.6333895483842,617.55240781951,67.68811120367508,11.647074,2.0833602,19.100283,1.499775,15.951982329363194,1.23484943759692,17.13949138476184,1.70119979923932,,
2014-09-29,485.8691273560942,611.96559781951,67.0593011128074,12.288639,2.1213539,18.73924,1.1714703,15.884395479202754,1.1436176047248972,17.068674114197822,1.6099675175973054,,
2014-09-30,509.8502915191218,611.2863038195101,66.42193118436103,12.666975,2.1658611,18.776962,1.5110006,15.998372411665105,1.2840818039161883,17.18809875442122,1.7504324766075707,,
2014-10-01,509.2879468604992,618.08020281951,65.78398226750359,13.50951,2.2490935,18.94959,1.3756282,16.492037219136897,1.2653502822681446,17.70535905218144,1.7317044174678982,,
2014-10-02,490.8870969464774,618.26555281951,65.16013619153553,13.718328,2.2925718,17.866947,1.4260364,16.030857804869818,1.2889420642852802,17.222136838375356,1.755292956258828,,
2014-10-03,337.71621508392644,534.6419102263318,64.62476653779582,12.253681,2.1920574,15.188319,1.1829091,14.052232068236304,1.1161192736799903,15.14893955512448,1.5824590115195933,,
2014-10-04,297.0833020988095,495.3853268479506,64.19330826158749,12.2684,1.9925103,16.806171,0.92756575,15.105036494739258,0.9455994787183636,16.25206443438238,1.411944594171605,,
2014-10-05,282.9827131776054,469.0228931828116,63.76264879578771,12.484037,1.8986961,12.774745,1.0365311,12.665350560966006,0.9635498634456355,13.695769852623927,1.4298844521549745,,
2014-10-06,316.84762356570434,517.9625077388374,63.22192727820377,12.938648,2.062449,12.364606,1.1127146,12.582480529456385,1.043743430756162,13.608938916885178,1.51007778144352,,
2014-10-07,324.0626089166,524.4419585538222,62.690387146410984,12.815367,2.1510649,14.362954,1.0828527,13.771896380111661,1.0596565942403182,14.85520477938709,1.525995113871384,,
2014-10-08,294.6915062031244,537.3071584030672,62.31668878245017,13.033064,2.011479,15.244289,0.9544535,14.461079756504732,0.9420904562681464,15.577328765316233,1.408432131902167,,
2014-10-09,318.515027310562,536.3235057088355,61.887374202037684,13.061129,1.9306583,14.666421,1.0443527,14.068284905654375,0.9730413122461489,15.165759663297255,1.4393811225647497,,
2014-10-10,349.2407681715573,566.6091577047819,61.406789361886695,13.2472515,1.9485565,13.030379,0.98753893,13.113079109932647,0.9619695762723557,14.164898295747694,1.4283055868189514,,
2014-10-11,335.72073104120915,550.9987968920179,60.97271060809402,13.299326,1.8211731,11.856967,0.90210944,12.40305825916017,0.8886277591781089,13.420940875393153,1.3549616214361784,,
2014-10-12,330.8260883456225,539.4868565700165,60.54069629741866,13.103746,1.8680882,11.284263,1.0248356,11.975890533849991,0.9527945311751039,12.973355993012968,1.4191273787658167,,
2014-10-13,341.78956997919096,545.1364007500218,60.09259555902432,14.064699,2.0666542,12.04947,0.90103525,12.826067265976887,0.9700412972936397,13.864168266751756,1.4363763700067342,,
2014-10-14,351.4544872854716,541.5375634641431,59.659396651517206,13.320351,2.284613,15.219068,1.385288,14.471790390766856,1.2305339693491044,15.588551331283615,1.6968756983175213,,
2014-10-15,1390.9140174072,205.2790764953581,59.56754935540414,14.706306,2.6644354,24.21438,11.314846,15.929096242638787,2.74009125857735,17.115511421324182,3.2064414676734154,,
2014-10-16,2853.4188774072,507.0120904953577,59.87444478202969,14.658806,2.7835321,23.434612,27.566622,15.982874100566436,4.78384073446771,17.171859677030362,5.250191302967985,,
2014-10-17,496.0124974072,876.0860104953581,60.177053532916794,13.628298,2.4493039,16.022882,0.6089511,15.15724205124454,0.9670308509821963,16.30676523803285,1.433376266084225,,
2014-10-18,266.9540574072,660.341986495358,60.336307414420396,12.555876,2.1707118,13.412866,0.6115234,13.166151634148415,0.7616799313274791,14.220507505201628,1.2280161256144588,,
2014-10-19,359.7857214466728,572.6308119520975,60.31676027811894,11.728647,2.0358503,10.54617,0.75369936,11.00244521947057,0.9117884439340639,11.953383320162551,1.3781197589813696,,
2014-10-20,451.2807297195415,495.20877336203694,59.84224367630326,11.694681,2.1458552,8.2092905,1.0989771,9.871104646822314,1.1736322253577822,10.767968535435989,1.6399631210752035,,
2014-10-21,336.013003514723,581.6679495178573,59.57728155864608,11.148359,2.2922626,8.831531,1.0187502,9.679847817689868,1.0589755970637604,10.567570283649776,1.5253065665548093,,
2014-10-22,278.29874478836825,504.23269041193765,59.34370751649756,11.295246,2.1698031,10.150865,0.86360085,10.557851371405008,0.9513827581772487,11.487539405927496,1.4177137338253152,,
2014-10-23,146.4409774012837,522.6709818678544,59.350034416277275,10.666164,2.047956,9.48602,0.7530828,9.744304944469146,0.7395603585337419,10.635108240753437,1.2058912984875654,,
2014-10-24,348.98689819557546,468.8279271276352,59.24414272820354,10.610331,2.088486,9.582172,1.1212062,10.020919315140103,1.098820754859596,10.924943832783544,1.5651516220110284,,
2014-10-25,270.3433780918589,571.768777404098,59.04860965787465,9.993216,2.0748641,8.97579,0.9040671,9.302414280280667,0.90580002805252,10.172096713344418,1.3721312658831284,,
2014-10-26,277.0364741981633,614.9428566215095,58.818232078090304,10.275806,1.9154633,8.840003,0.86870974,9.285943745132093,0.8441607658216855,10.15483894291745,1.3104920190724643,,
2014-10-27,311.43619386331045,596.7313419094053,58.55476638072492,10.105503,1.7339196,8.325396,0.8339165,8.935844517876768,0.8085805069140595,9.78800616935366,1.274912161331073,,
2014-10-28,307.08196646696376,608.8567633622007,58.29417840336204,10.795809,1.789179,8.692122,0.80563366,9.397414325382274,0.804123172501185,10.271637435860473,1.2704543274462545,,
2014-10-29,274.36925262683,643.6470861585833,57.98519513349469,11.164949,1.494323,10.830974,0.7357286,10.930789592019641,0.6823140160339016,11.878302798661977,1.1486452610972542,,
2014-10-30,272.9387403095701,642.5870792528419,57.6718157948585,10.8430195,1.3105551,8.83894,0.6967522,9.43640072083851,0.6259441166744488,10.312487247751191,1.092275240592053,,
2014-10-31,284.81501099561353,631.9259104355215,57.3202010857893,11.095461,1.2239832,7.025556,0.7283201,8.290002731544867,0.6298041847764656,9.111295353334796,1.0961369470892892,,
2014-11-01,288.41756675047,623.566175250879,56.93085804273558,11.069132,1.1903485,6.2857313,0.83151346,7.798495940383753,0.681878884644477,8.596296217688096,1.148212809793181,,
2014-11-02,287.360070849349,610.3071804615788,56.54419322509878,11.02206,1.1113784,5.8854284,0.82971865,7.529760360573382,0.6669293507207447,8.314715995789413,1.1332640284972528,,
2014-11-03,300.3212862943859,616.6358812702973,56.117640611278084,11.5702915,1.1545724,5.5766892,0.9038365,7.539710427610706,0.7158418570321257,8.325141642018519,1.1821765054696753,,
2014-11-04,303.47503639937565,614.6370911837837,55.67920416391255,12.129383,1.2754694,7.4884815,0.93956566,9.022496517399182,0.757221242321701,9.878799838248202,1.2235527843921008,,
2014-11-05,313.09752634278505,615.7210993871788,55.21723969564525,12.054729,1.2004977,9.09426,0.85693806,10.09221134640122,0.6974734580725662,10.999643379439323,1.1638043206451314,,
2014-11-06,314.1415886587968,611.0676646505548,54.789041256773984,11.555904,1.1717981,8.094424,0.86252147,9.269720394658213,0.6948497475814018,10.13784017174767,1.161181016324262,,
2014-11-07,310.7382590982912,613.1331452526246,54.41607218057406,11.0749,1.0797058,6.571353,0.7506869,8.086092195470062,0.6165070047451208,8.897638590668913,1.082840215944255,,
2014-11-08,312.2478412384728,615.9707255457618,54.033313874632015,11.024801,1.0368067,5.4787416,0.8094975,7.344406912691783,0.6404799330393292,8.120503286698138,1.1068151780545392,,
2014-11-09,317.6446266782167,612.0299546225601,53.63242599917566,10.95116,1.0302609,4.971607,0.96385443,7.014658604209901,0.725632699410995,7.774994136259025,1.1919690506925504,,
2014-11-10,322.0225816280245,609.6822421352514,53.21970742464216,11.145388,1.0544875,5.1554694,1.0563731,7.225748419677886,0.7814560983472687,7.996173323331943,1.2477917271235954,,
2014-11-11,324.22333046948506,606.2106921621412,52.91095328256578,11.480236,1.126246,6.250031,1.0386024,8.072572369770178,0.7822573593792178,8.883472563515788,1.2485906020218551,,
2014-11-12,327.96529780712126,602.812353005756,52.59463291068101,10.8427925,1.0340172,7.2103777,1.1006372,8.490281659974002,0.8005366593954943,9.321146929923577,1.2668690271108387,,
2014-11-13,329.7554765398662,603.461473061485,52.269667418420966,9.688938,0.9708756,4.988183,0.9954289,6.649211301338205,0.7294034376720189,7.392079701529173,1.1957411602733639,,
2014-11-14,328.2184348659124,601.9060046112343,51.94599854364989,8.927187,0.90694976,2.487858,1.1859789,4.760141599276625,0.8315315980043743,5.412718925170781,1.2978788447296765,,
2014-11-15,327.8229245201521,599.0172689322968,51.61709342281365,8.418951,0.879635,0.98870254,1.4139508,3.6167778068936993,0.9653485895229521,4.214706251905553,1.431703583394256,,
2014-11-16,327.15982498188964,595.162718542898,51.286555836570514,8.177592,0.949523,0.5351547,2.0450497,3.2460268976041533,1.3619470426227251,3.8262347165005486,1.8283048695985917,,
2014-11-17,295.29166854676794,555.5325513620776,51.180031532279415,7.6652865,0.9492875,0.29781246,2.822001,2.85480797619682,1.8718054076004405,3.4163168679649263,2.338166394536738,,
2014-11-18,303.05951199837943,491.6618953528538,51.26856757235964,6.3296475,0.89128554,-0.7995359,3.3850331,1.9191109730845712,2.121584736024453,2.435896746624106,2.587953990697513,,
2014-11-19,331.756966161813,567.5998933435756,51.10091941217121,6.682083,0.8971879,-1.3871173,1.5074364,1.5894691846668425,1.0072916380491739,2.0904992075440925,1.4736640438921123,,
2014-11-20,359.33391074432654,615.208979407395,50.92583597222633,7.081029,0.9359619,-1.4957861,1.3760896,1.6666611750608933,0.9347376842494644,2.17138071121136,1.4011093410435385,,
2014-11-21,362.1898861017857,604.189304722426,50.57398680103928,6.025114,0.94793046,-1.6523045,1.4506654,1.225120181525027,0.9740710481634955,1.7087355675168592,1.4404470815219235,,
2014-11-22,343.9397427897442,577.0399385707083,50.20450276880924,6.938888,0.95263934,-1.5738913,1.2649692,1.6052050661423154,0.8687515191319564,2.1069872103636733,1.3351237717255202,,
2014-11-23,388.1013945283579,558.5316356318536,49.916601050101704,7.9720106,0.9076217,-0.8306302,5.7877035,2.7782837881932614,3.435070011252019,3.336135085359648,3.901431636757016,,
2014-11-24,133.30281635696664,609.4229967354624,50.21094244749008,8.09065,0.8237017,3.144853,2.0676172,4.032513930938527,1.7029547844739057,4.650313141556877,2.169306788447157,,
2014-11-25,296.89248135479414,419.30844328649226,50.36889546667498,7.728648,0.85271794,4.7081876,1.9892154,5.960283204652086,1.2170733402733707,6.670223196804344,1.6834140634320127,,
2014-11-26,332.8802793227318,462.608220628433,50.540370911295604,6.2293477,0.9363304,2.4490643,1.4082079,4.030962435805434,0.9078354329455555,4.648687490259943,1.3741874477094287,,
2014-11-27,350.39731637156666,488.4589407292728,50.768146873296224,5.4829206,0.9583768,0.5238693,1.5203444,2.595306756908697,0.9715889094995699,3.1444123774553723,1.437952089036032,,
2014-11-28,355.1148225988949,519.318101375686,50.747321180037666,4.6129403,0.9128523,-1.113315,1.1607118,1.2121671387372468,0.7826980515623867,1.695163413561585,1.2490742166774815,,
2014-11-29,338.7134401150128,537.4540906979428,50.61247191512833,4.791499,0.92515564,-1.5472916,1.000237,0.9031913520497272,0.7101905527898406,1.3714196404512915,1.1765699176343452,,
2014-11-30,310.7673847459104,561.0579927635391,50.45786882573705,6.6234674,1.0301533,-1.0303401,1.2247347,1.697905520434921,0.8695124857617436,2.2041184294908147,1.3358838413067444,,
2014-12-01,421.42147811143,441.51823933456586,50.52346689977911,5.9856067,0.9869978,-0.40184963,2.3745186,2.7175006816892955,1.3070324056812415,3.272446754141448,1.7733945431729152,,
2014-12-02,367.23858113948734,432.1892653380495,50.565403497014096,5.02614,0.95550317,-0.0861789,1.7433509,2.2623017367219096,1.039693925068469,2.795490855624372,1.5060600310742809,,
2014-12-03,277.32743698208753,464.5705829280847,50.720699141748625,5.5651336,0.9631635,0.32762206,1.3154688,2.2854459156346167,0.8989819378468961,2.8197412471746888,1.3653478363597986,,
2014-12-04,201.44506437516,531.1484157021758,50.88900748363759,4.7436247,0.91988915,0.059761643,0.8118082,1.3477079847832791,0.6406322804053376,1.837182648725414,1.107007076316152,,
2014-12-05,321.4318058274169,463.590014149396,50.88559650025122,4.6824856,0.94959307,-0.7848524,1.3894156,1.453781332355749,0.907974056889765,1.9483259397182484,1.3743477959232944,,
2014-12-06,472.4927474072,1514.290570495358,51.24636202905849,4.9776173,1.0034153,-0.31556928,2.1139553,0.9432455226462525,1.628794076132075,1.413388263483998,2.095173020020483,,
2014-12-07,187.32684740720003,1982.834730495358,51.809427720987145,4.113348,0.92731345,0.49625766,0.5063197,0.8084824012019567,0.4694884622188886,1.27218392549935,0.935868829720065,,
2014-12-08,38.7789474072,1238.798730495358,52.116431110090765,3.790993,0.91343206,0.2366314,0.3765892,0.3445186892353848,0.3662094862284927,0.7860443340813843,0.8325949137687636,,
2014-12-09,88.80244740720002,1499.580830495359,52.52057309464363,4.3294444,1.0319682,0.35831463,0.8701469,0.5803303445027619,0.8235226815922917,1.033126980388724,1.2899055065869145,,
2014-12-10,147.66904740720008,1761.217430495358,52.975313389411184,3.6177564,0.99466306,1.0812097,0.8148279,1.2774337097152015,0.7557212981548084,1.763549503529674,1.2220968013388809,,
2014-12-11,38.7789474072,1263.782170495358,53.32461148479224,3.2426004,0.9492676,0.96784693,0.6526344,1.0355693159889006,0.6338349519897096,1.5101248185553253,1.1002129325728323,,
2014-12-12,38.7789474072,951.6134304953578,53.5834328717978,3.3802557,0.9467495,0.932621,0.65758145,1.0284584695518515,0.6329202934509197,1.5026740979657978,1.0992983478821008,,
2014-12-13,38.7789474072,812.637750495358,53.8970195402636,3.8369246,0.9339476,1.3469857,0.6674691,1.4603933959388233,0.6384868624735889,1.955254037338385,1.1048605360528443,,
2014-12-14,38.7789474072,755.6358804953582,54.17628148499334,4.1610594,0.89012897,1.862407,0.76924735,1.9746144931543457,0.7329859702384212,2.494053145223924,1.1993547065546009,,
2014-12-15,38.7789474072,723.2851904953579,54.31954814768304,4.290328,0.82773226,2.0341995,0.7507094,2.1490064669091287,0.7137521678469486,2.6767804591950455,1.1801192984092383,,
2014-12-16,38.7789474072,769.508760495358,54.45512277196802,4.3296843,0.854357,2.522859,0.82516336,2.6095445393547227,0.7866433920205987,3.1593306772328935,1.2530064492613195,,
2014-12-17,65.93014740720002,1471.377730495358,54.82486511970954,4.2494154,0.92049676,3.3494596,0.77827305,3.388055830509414,0.7459408020951516,3.975052146897062,1.2122975251776797,,
2014-12-18,38.7789474072,1461.4331304953582,55.28126341351908,3.6162198,0.8822459,3.1959157,0.7868821,3.206780128959507,0.7668811510000594,3.785112086473055,1.2332392870821018,,
2014-12-19,38.7789474072,936.023690495358,55.54734801871836,3.3809288,0.8610841,1.9053786,0.7331337,1.9640779315282586,0.7048015847756187,2.483012971969544,1.171170419223659,,
2014-12-20,38.7789474072,755.842630495358,55.92991630890045,3.3962092,0.8575854,1.0393853,0.7116274,1.1544025211955689,0.6781913126375007,1.6346378447598817,1.1445680676622474,,
2014-12-21,142.44903977736269,644.8448458467287,56.14139581454618,3.6007743,0.8573835,0.58284426,0.96211094,1.1288935063784136,0.8031556341212464,1.6079095862326713,1.2695326508661926,,
2014-12-22,213.08741137054852,584.6155724337492,56.20600663504717,3.9450793,0.900473,0.8290142,1.657376,1.6613969972397662,1.2382357356247797,2.165864923685075,1.7046074432844374,,
2014-12-23,38.7789474072,1023.734080495358,56.48145201513143,4.298704,0.96614873,3.3164606,0.8556782,3.35230993033574,0.8252019213605808,3.9375977148863326,1.291558920099093,,
2014-12-24,1244.9661474071995,2402.9428704953584,57.52715804366348,5.6880527,1.2566297,2.4072952,1.2731215,3.5269590987902584,0.941924687365489,4.120594516584661,1.4082803531611117,,
2014-12-25,1007.0586474071998,3854.293230495357,59.41422436966894,5.096739,1.052504,4.7210712,0.9360703,4.79889306866651,0.7735219579310063,5.453322582332232,1.2398689682804378,,
2014-12-26,214.3196474072,2386.3656304953583,60.825566413369145,4.531891,0.99124545,4.59317,0.7868869,4.588120205756611,0.7266465003452043,5.232475497066227,1.1929948170981133,,
2014-12-27,38.7789474072,1775.8354304953582,61.901421226290054,4.546059,0.94132257,4.65143,0.64491284,4.64917831471328,0.631451333120058,5.296451974914322,1.097799266197923,,
2014-12-28,38.7789474072,1791.3070304953576,63.00791964920263,4.0731926,0.9090682,4.5174084,0.6610323,4.507995578148728,0.6473119373847661,5.148521186151026,1.1136607640909242,,
2014-12-29,38.7789474072,1478.170130495358,63.89494848520042,3.3557577,0.82497305,3.1613443,0.62072027,3.1663142311155092,0.6052198742631332,3.742712057037866,1.071578330897559,,
2014-12-30,38.7789474072,1147.612330495358,64.34307269332552,3.1056232,0.7644043,1.2222935,0.59263545,1.283852904609821,0.5738085414954438,1.7702755139973363,1.040183979839379,,
2014-12-31,38.7789474072,732.5493604953579,64.64289502057287,2.9740016,0.7480426,-0.058007598,0.51966816,0.09442830492799115,0.4949723765078068,0.5240004842953087,0.9613606336528164,,
2015-01-01,38.7789474072,743.6699304953579,65.04150044453037,2.4585826,0.62022465,-0.1464777,0.9131244,-0.017368308582651315,0.8684132286777702,0.4068603748164627,1.334802773855275,,
2015-01-02,40.71737945307028,704.2933953367932,65.39828332716513,2.5869772,0.6139185,0.87134707,1.2449833,0.9651121093166664,1.1774189199019234,1.4362999982500706,1.643797634753828,,
2015-01-03,79.96990870517999,681.5907239938487,65.6384661000489,2.5326707,0.68406284,1.1592565,3.5960858,1.303475854234214,3.2192697814867044,1.7908363735360777,3.685645021911851,,
2015-01-04,38.7789474072,2417.865730495358,66.62419580218867,3.373846,0.6178893,1.9564474,1.2856858,1.9788214692549289,1.265428407314908,2.4984612004012865,1.7317971044850413,,
2015-01-05,38.7789474072,2149.0871304953585,67.57435869741056,2.6617804,0.6763015,2.1605365,0.8193575,2.169420850265429,0.8049240243980412,2.6981705802926985,1.2712909692640206,,
2015-01-06,38.7789474072,1202.6508204953582,67.81431671953774,2.1659713,0.71030927,2.1568542,1.0167977,2.1571389473386553,0.9852854893414466,2.68530164438961,1.4516525458707659,,
2015-01-07,38.7789474072,923.5768704953582,68.01681350864504,1.9086559,0.7355929,1.6852254,0.7556361,1.6942286904370565,0.7257926264593733,2.2002658595876667,1.1921640173973689,,
2015-01-08,38.7789474072,712.163970495358,68.05924990067818,1.7897868,0.7517473,1.5089843,0.6812347,1.5234850632138395,0.6472208135263222,2.0213612706410715,1.1135938650615875,,
2015-01-09,38.7789474072,709.1155304953581,68.12245738989003,1.9694805,0.7075845,1.4837501,0.659522,1.5089356284845092,0.6264006162933395,2.006116422666434,1.092773810873048,,
2015-01-10,155.75324241471105,543.3801157831032,68.23084188014359,1.8872365,0.7107462,0.878386,0.69097257,1.1031381765682575,0.5598935925875009,1.5809232396977804,1.0262708743346753,,
2015-01-11,258.9593547417684,474.86877930238217,68.27840151943214,2.187708,0.6624651,-0.28575885,0.85776246,0.5870985980777669,0.6022889169031871,1.0402187333484967,1.0686716681383168,,
2015-01-12,75.49805232142702,483.2769666597608,68.3872781414903,2.1746736,0.691135,-0.064483285,0.60674435,0.23805704825741958,0.5330088465594759,0.6744941905855862,0.9993954699001242,,
2015-01-13,38.7789474072,472.268830495358,68.47542710260696,1.8130615,0.73655146,0.22828054,0.47829837,0.34853571229238933,0.44552408669725246,0.7902533571090071,0.9119094693711562,,
2015-01-14,112.6770214501397,423.595966806743,68.48474751674645,1.874538,0.71307474,0.06341803,0.55319226,0.44395481307436474,0.4619327366224455,0.8902331647344823,0.9283170589790497,,
2015-01-15,95.36866861774833,417.512948686546,68.46318192899939,2.2511592,0.65202755,-0.15403092,0.6748324,0.2932063591659185,0.5625696442730502,0.732279450037023,1.0289556465468253,,
2015-01-16,112.95376241599512,423.0235797055102,68.40017137718498,2.1592531,0.6579653,-0.059058547,0.5738168,0.4084363065070902,0.47364037950060023,0.8530169949672328,0.9400250953300695,,
2015-01-17,153.9335660733435,475.5426779579629,68.39345854215159,2.123207,0.6523902,-0.40048134,0.53586817,0.21666722147242398,0.4351274929305671,0.6520820031977329,0.9015143580898167,,
2015-01-18,40.20577078184411,355.21664094841884,68.51323397719474,2.9293969,0.5887362,-0.8450924,0.8715124,-0.46130979132619826,0.7851839611104002,-0.05829999326418428,1.251578762071291,,
2015-01-19,38.7789474072,358.382920495358,68.65193637820089,2.8645823,0.5934228,-0.24153388,0.88898754,0.06174779770318272,0.804276490369914,0.4897579605378797,1.2706651225558783,,
2015-01-20,38.7789474072,384.00266049535793,68.6221775266377,2.427455,0.636564,-0.19116473,0.659527,0.04902384994512026,0.6018717745449672,0.4764258515716214,1.0682605530810148,,
2015-01-21,38.7789474072,368.646350495358,68.55832444201587,2.3067393,0.63674587,-0.515905,0.56516653,-0.24724429518390473,0.5149525434439642,0.16599710184741912,0.9813447819719137,,
2015-01-22,62.31905670170936,342.4799144884448,68.47529429746508,2.417958,0.61693245,-0.5061091,0.6344542,-0.05594713969430244,0.5451173901932428,0.36643760745281156,1.0115073831621049,,
2015-01-23,88.11440330928087,349.58199534016524,68.35754796109033,2.5545573,0.6144705,-1.0327181,0.6853762,-0.31054938313785196,0.5612034118408724,0.0996662470868907,1.027596402695252,,
2015-01-24,74.9240540791601,348.49117470210564,68.37528668008807,2.9375858,0.57690924,-0.9908453,0.8991396,-0.2957026631842793,0.7470432395691335,0.11522258950327091,1.2134360535717565,,
2015-01-25,77.73809722714327,332.93918305475046,68.38055822349475,2.5497532,0.60962045,-0.8706149,0.7358558,-0.22316512764789823,0.6076222639155466,0.1912271712811302,1.0740142174861946,,
2015-01-26,99.65275511045375,353.9802129841222,68.10254809622782,2.3077202,0.6463819,-0.99425423,0.6437912,-0.26888621153421044,0.5220472087535568,0.1433207758747589,0.9884397039615851,,
2015-01-27,110.9883673364226,359.48899575400065,67.91524883295912,2.2132788,0.64582306,-0.9917511,0.56457686,-0.2356657501946352,0.45750278691500834,0.1781290617078997,0.9238948883375826,,
2015-01-28,118.27052730647335,362.5828427007574,67.72377677738078,2.1043243,0.65148646,-0.77993214,0.44136968,-0.0705214221427287,0.3693772109092692,0.35116672412304273,0.8357673734872774,,
2015-01-29,118.75996701263024,359.2826462305661,67.53193178116875,2.0201488,0.6931794,-0.7848562,0.38053405,-0.08800975469435046,0.3338411827631071,0.3328425090563277,0.8002315491832548,,
2015-01-30,105.49326388520784,332.8426400397192,67.35721015758328,2.0549924,0.68158054,-0.6715754,0.39189333,-0.01537879646577015,0.33979334993547144,0.4089449788117238,0.8061828720664956,,
2015-01-31,144.8392547225042,385.5121105662504,67.27695814815824,2.0275025,0.6685741,-0.8302082,0.39923453,-0.049765785353717146,0.3428649204287442,0.3729144094009741,0.8092548415350432,,
2015-02-01,118.06286973642209,341.2609650484958,67.22096607688086,2.2286673,0.7062404,-0.7264129,0.8203084,0.03314978778239451,0.6359195621993619,0.45979306350028426,1.1023085235774417,,
2015-02-02,114.8597136622052,343.3155296398776,67.02851911493794,1.9947042,0.7118597,-0.5760025,0.9059032,0.0684466545068731,0.7018687303593631,0.49677699979789003,1.1682572855698596,,
2015-02-03,117.94147135248843,340.50496080159604,66.8366640929775,1.9306219,0.7015622,-0.5489043,0.29179552,0.0889869418788282,0.28203896503691855,0.5182990426927647,0.7484272845421867,,
2015-02-04,116.4374669021458,340.2375168837664,66.6488045412028,2.276989,0.65238124,-0.72932804,0.33267853,0.03718633579301714,0.2984969708796198,0.46402254470756554,0.7648858857362577,,
2015-02-05,132.53472953796123,358.38512370237675,66.43676363368613,1.8854259,0.7155531,-0.43776095,0.23575851,0.1894350015504975,0.25872813685735263,0.6235481762522253,0.7251153106422217,,
2015-02-06,169.01275440864555,403.9440594376954,66.17679716519943,1.8604172,0.7210304,-0.5491544,0.27388987,0.16162925907965317,0.2872704451125174,0.5944134143404501,0.7536579348976837,,
2015-02-07,139.24077106436806,357.82310679539285,66.08834887048228,2.3191385,0.6399203,-0.73585427,0.36367238,0.1199302121866404,0.31728836240583796,0.5507212955470124,0.7836763277396213,,
2015-02-08,134.29355588075353,359.7168354542973,65.99621714169007,2.5260072,0.6370988,-0.8093742,0.31458616,0.09732782131081519,0.2871712312322953,0.5270385876497308,0.7535594551614806,,
2015-02-09,131.18745864716684,353.5111086460434,65.76995133318792,2.3110068,0.669513,-0.8743955,0.31423518,-0.01224144734442371,0.2921684921479766,0.41223228249657917,0.7585579779451874,,
2015-02-10,134.21084732575727,353.71224015848225,65.52981972233023,2.390846,0.64342344,-0.6217226,0.2830659,0.206931350004284,0.2709833441151563,0.6418807903538275,0.7373703195146819,,
2015-02-11,142.10043161402643,363.801558363424,65.18648148773471,2.502906,0.6332865,-0.58256423,0.29389554,0.28409901767322077,0.2762392839246107,0.7227368087528638,0.742625388521473,,
2015-02-12,150.46332728089695,372.83930763297616,64.94132871441504,2.306253,0.677431,-0.36745536,0.23732597,0.4013063877950946,0.2579338856570947,0.8455462905132117,0.7243186806454123,,
2015-02-13,188.9290116175653,417.2423954156315,64.59945594096716,1.9530107,0.6963483,-0.46791685,0.22557569,0.2866278899284482,0.26685708056221813,0.7253865524573737,0.7332431567371054,,
2015-02-14,178.9481079126329,404.63653479461647,64.33769457795083,1.8815966,0.71767765,-0.54089916,0.2486352,0.20192543773125943,0.2795512617380646,0.6366356125860074,0.7459382938622388,,
2015-02-15,182.53557034192733,414.3332548070362,64.06816668903542,1.738727,0.7730758,-0.4355198,0.21394393,0.2294125136751027,0.2792003726849009,0.6654364768000978,0.7455870936916973,,
2015-02-16,201.07165142013352,435.4081805182564,63.716034081342734,1.7220175,0.77870643,-0.4270376,0.21250287,0.2518748227604204,0.28574459971815375,0.6889724074761313,0.7521310671227106,,
2015-02-17,198.71347759109136,410.8486293246173,63.45939100207065,1.7475407,0.7694906,-0.41107047,0.22068503,0.2926234302160184,0.29163300782408247,0.7316686590759606,0.7580190166443582,,
2015-02-18,206.14678535367165,427.475469463728,63.182427614493704,1.7831231,0.7564857,-0.4485606,0.22196963,0.27750990404830683,0.28809873868993,0.7158327580204371,0.7544849173761343,,
2015-02-19,208.56475925343267,419.7756990431018,62.82508844084715,1.6708463,0.80245763,-0.4054705,0.23355627,0.28372040087417066,0.3086961684207226,0.7223400953650558,0.7750822772734853,,
2015-02-20,216.4508282916937,445.0233651827442,62.43044035483414,1.6533313,0.80996764,-0.43974054,0.20950967,0.2451646825371843,0.3001912016778271,0.6819415454876914,0.7665777447802679,,
2015-02-21,224.86360625269631,450.08898329908857,62.27520110106819,1.713486,0.7824534,-0.600829,0.22807592,0.17019582863333999,0.30180259574403057,0.6033894366354502,0.7681899880795995,,
2015-02-22,218.75000078670556,438.78490449729526,62.172995639490935,2.182804,0.6791525,-0.65492976,0.29037488,0.28913310580446494,0.2976531987460945,0.728011509088612,0.7640392467720902,,
2015-02-23,185.7122548687102,429.0081034786018,61.86841079111478,1.7016139,0.80547947,-0.33930123,0.19073036,0.2772766120062885,0.2773688136775098,0.7155883154162792,0.7437549949878075,,
2015-02-24,228.3115660996686,473.60379045213386,61.45478811242756,1.7167308,0.7934502,-0.43216002,0.20470522,0.26680835491560456,0.29272046375578864,0.7046197114206073,0.7591067628781845,,
2015-02-25,225.2717040883309,472.4587984982059,61.13926249065743,1.9870152,0.70678693,-0.6090938,0.28286415,0.22909503347984803,0.29792607376060054,0.6651038221367617,0.764312798355922,,
2015-02-26,222.00220237488367,464.4299599587654,60.74294370831662,1.8894385,0.73601353,-0.50968826,0.2801416,0.2662244328758144,0.30428140138858084,0.7040078799033528,0.7706677070862549,,
2015-02-27,240.0830714605348,470.9349710016959,60.30871005069687,1.8586307,0.74171007,-0.61521256,0.2606905,0.22010784337648898,0.30419871006663063,0.6556870750676346,0.7705855362932814,,
2015-02-28,251.1914444922971,478.81097152469806,60.01513614885452,1.9159387,0.72985417,-0.6348864,0.27442563,0.2428441991150281,0.30898271737655647,0.6795101508901319,0.7753692866686246,,
2015-03-01,212.2829537458041,444.3564673527296,59.89191640246706,1.8366095,0.7423321,-0.6521994,0.26063818,0.15240003387253837,0.29782939652343254,0.5847430637169634,0.7642169913901746,,
2015-03-02,168.59379401254623,399.5634399295676,59.58583289338048,2.023075,0.69965476,-0.61597645,0.27352187,0.16713020839141274,0.2830283479372216,0.6001772902252573,0.7494157751363223,,
2015-03-03,217.9217569610213,415.82301218422486,59.189327285920626,1.9139299,0.756806,-0.6531352,0.22256593,0.22958506963987368,0.2984118830912043,0.6656172803501318,0.7647986021476239,,
2015-03-04,186.79829030055623,386.23037522709393,58.830783449577694,2.7190404,0.66744787,-1.0374767,0.3801323,0.1870885420730708,0.33613414389734103,0.621089564032748,0.8025213443145605,,
2015-03-05,148.28157802530984,324.4261332627022,58.50803065759099,2.0842721,0.72657245,-0.47201598,0.21400987,0.32985466690570575,0.2711430297481501,0.7706794216107993,0.737528621228358,,
2015-03-06,132.05363236308983,329.86956188506315,58.249448561688745,1.9967697,0.715527,-0.5269631,0.21928112,0.1945163109514821,0.25761132797502245,0.6288723548729896,0.7239984441085302,,
2015-03-07,120.2129264898972,309.5018200353198,58.03274913730585,2.215557,0.68237966,-0.5417782,0.28939924,0.22958779593357312,0.2826453531989434,0.6656201369513507,0.7490320722245483,,
2015-03-08,136.73136828200177,311.62488691965007,57.99496380681909,2.7529812,0.67226815,-0.7892846,0.4171393,0.2909698766301132,0.355091101998136,0.7299360712810393,0.8214771293905245,,
2015-03-09,93.98399925154764,298.05716080095664,57.785316106752546,3.3907444,0.7744707,-0.97380006,0.5901701,0.0725118801977253,0.4855847513938327,0.5010365293804862,0.9519732599165016,,
2015-03-10,121.35283724402106,330.3285240353783,57.559447378346896,3.4456055,0.836961,-1.0578817,0.76382416,0.15206627171329323,0.6021691174211603,0.5843933488674152,1.0685567160898568,,
2015-03-11,64.45867839520001,421.29169049535807,57.47741699458297,4.3842087,0.82699656,-0.2527783,0.86835104,0.3625461033419133,0.7610751140327288,0.8049333969585725,1.2274603403681419,,
2015-03-12,35.5473683952,508.3959504953581,57.44990706691176,3.4172878,0.76611996,0.23778474,0.8370789,0.44556920078474216,0.7839751177345097,0.8919247146589075,1.2503594222412504,,
2015-03-13,49.53081839519995,507.16462049535806,57.50144401643943,3.7045515,0.79521877,-0.042262316,0.84172326,0.2911026440488483,0.7700898357318325,0.7300751845285471,1.2364758616329103,,
2015-03-14,80.38509839519998,547.9361404953581,57.548380127710054,3.5218835,0.79553735,0.08749902,0.9186978,0.526881484949891,0.8076019337926923,0.977123448055012,1.2739853431056374,,
2015-03-15,175.45813839520002,617.1768104953583,57.63726674565033,2.7761364,0.8404462,0.18853652,0.9151796,0.7613291544175421,0.7364801580368724,1.2227769147039511,1.20286102856034,,
2015-03-16,139.39047839520003,620.287880495358,57.713891375776726,3.732558,0.82415277,-0.24819922,0.87974614,0.4822147054160622,0.7340696915153446,0.9303217491452138,1.2004535916438495,,
2015-03-17,241.2582883952,682.2219004953582,57.84104771675984,2.904993,0.7966149,0.13385487,0.90382093,0.8578119849393429,0.6993805925890078,1.323871294714637,1.1657604365721421,,
2015-03-18,261.71298839519994,682.4153504953579,58.01128475454001,2.1219413,0.84424543,-0.39751804,0.68841237,0.30087773316402344,0.5498706469790521,0.7403174894889573,1.0162565631367517,,
2015-03-19,184.70906839519995,704.0790304953582,58.13180572184344,2.9806252,0.78651345,-0.27375185,0.6991817,0.40257689659051454,0.5774918572299824,0.8468775252860357,1.0438766381084117,,
2015-03-20,147.92778839520005,657.5151104953579,58.246484135525456,2.2559857,0.8242942,-0.35095537,0.6859431,0.12783590726877536,0.5800665001638059,0.5590048558298066,1.0464543751859072,,
2015-03-21,134.89504839519995,609.937970495358,58.33583497756788,2.2190523,0.79311115,-0.15983164,0.7064354,0.2710027298136349,0.5960602856438023,0.7090145631010102,1.0624465375467245,,
2015-03-22,109.57802839520002,603.5376004953579,58.41999188231923,2.0651517,0.832067,-0.3416108,0.5123146,0.028214631390291428,0.4520499145113613,0.4546220235026268,0.9184389327927069,,
2015-03-23,103.83180839520004,580.082160495358,58.521281210889676,2.4116774,0.8125334,-0.342327,0.51656896,0.07578590138493914,0.45517809580090757,0.5044670375887672,0.9215665667362183,,
2015-03-24,85.9243983952,573.389240495358,58.609062404781156,3.2761343,0.79093516,-0.17190933,0.59551704,0.27745354024904156,0.5280649264264975,0.715773700224237,0.994451105746682,,
2015-03-25,62.314548395200056,581.8653704953579,58.70373545687054,3.3585286,0.8417817,-0.1314863,0.7097469,0.20611923353292788,0.6462405394955879,0.6410298574912219,1.1126275240956893,,
2015-03-26,41.269378395200015,850.3292804953578,58.967469184406205,4.059596,0.9254985,0.1905607,0.8852075,0.36964652690972777,0.8453200968164661,0.8123731965013448,1.3117052440057013,,
2015-03-27,35.5473683952,1549.3916304953586,59.72413170806623,3.4544218,0.7746572,0.94029814,0.69803274,0.996685470112853,0.6825982505220695,1.4693824577641803,1.1489766356307507,,
2015-03-28,35.5473683952,972.3759904953577,60.16604799089747,1.9632084,0.8268008,0.3611697,0.48410615,0.41767028274044204,0.46794215153478486,0.8626923236997703,0.9343267649318088,,
2015-03-29,35.5473683952,957.240530495358,60.45983292576632,3.6383176,0.83697397,0.09294903,0.5072059,0.21989308816827863,0.4899624419150098,0.6554620552945758,0.9563492705713421,,
2015-03-30,35.5473683952,966.121860495358,60.80704200134706,3.860322,0.75727934,0.6446941,0.76645887,0.7588107130179899,0.739747006690012,1.2201381004143614,1.2061279041512738,,
2015-03-31,35.5473683952,939.585480495358,61.0876379107836,3.2803118,0.8141996,0.49596846,0.6865603,0.5974685585210218,0.6621979921501341,1.0510843424530028,1.1285806304764703,,
2015-04-01,35.5473683952,957.028150495358,61.33823455167261,4.1028233,0.81944287,0.5427898,0.7358777,0.6702862317924796,0.7101301854012538,1.1273824515920725,1.176512034347189,,
2015-04-02,323.5424683952,2116.825030495358,61.89074749350204,6.727904,1.3163313,1.8066813,0.8590834,2.459134030026136,0.765349464360611,3.0017310597110054,1.231713825266536,,
2015-04-03,35.5473683952,5286.59653049536,64.72672159961614,6.043642,1.1448509,1.6554401,0.91070694,1.6847495272210258,0.9046565126906021,2.1903336247728085,1.3710279949458828,,
2015-04-04,35.5473683952,5977.758030495359,68.87982820311794,4.573199,0.8716432,1.6323807,0.8213148,1.649765229883276,0.8164759216891686,2.153677197610152,1.2828477418541697,,
2015-04-05,38.7789474072,5323.313530495357,71.75877244610561,3.9568663,0.8156007,1.6486323,0.870626,1.6653255629164412,0.8643496847459461,2.169981261371965,1.3307213544424907,,
2015-04-06,247.4442474072001,4390.765430495356,73.94328652353333,6.3613644,1.2140388,3.4060187,0.88451207,3.5636837224515796,0.8398253346167261,4.159074451720148,1.3061807245643686,,
2015-04-07,210.2042474072003,4305.746230495357,76.62640289981164,4.825478,0.9853777,3.355128,1.2818141,3.4235685304050625,1.223009759121746,4.01226223245363,1.6893662097935982,,
2015-04-08,38.7789474072,3608.5459304953583,79.74053368699504,3.6459038,0.89022017,3.3436189,1.0771686,3.3468328122742217,1.0657579789501161,3.9318588093040656,1.5321150200547515,,
2015-04-09,38.7789474072,1211.1043304953582,83.97822715103035,3.6111302,0.94173664,3.592772,0.8812818,3.593341590461764,0.8544388076027951,4.190149864440869,1.320793975908392,,
2015-04-10,38.7789474072,475.4679304953579,88.61452124441259,4.279089,0.8403501,4.4614234,1.0592555,4.447673703470723,0.9814258835046172,5.085316132063425,1.4477750989738767,,
2015-04-11,38.7789474072,1127.3065304953582,92.20523052546115,3.985943,0.8636659,5.2758465,0.8326968,5.232949886564823,0.805517117506971,5.9081258323770784,1.2718615975552643,,
2015-04-12,38.7789474072,1734.744230495358,94.47485342638483,5.5700316,1.1997198,5.8983746,0.81231344,5.891195179872811,0.7949847166296282,6.597833000606218,1.2613257706422825,,
2015-04-13,38.7789474072,1640.6427304953577,96.13600353130056,5.596656,1.1423686,7.0349007,0.8336701,7.001690649625195,0.8148471388230311,7.761406357773906,1.281183536152113,,
2015-04-14,38.7789474072,1394.7794304953577,97.54768738752246,5.5071526,1.0431577,6.8943253,0.8283039,6.856801080166603,0.8063914427429086,7.609591562175409,1.272728367635802,,
2015-04-15,38.7789474072,1131.7045304953583,98.63665330667062,5.7925477,1.1181682,6.348005,0.80795425,6.329602129959857,0.7820640570655413,7.057194304288236,1.248403104191665,,
2015-04-16,38.7789474072,954.142830495358,99.42425976918345,6.274911,1.2483344,7.617494,0.82431734,7.565058996432824,0.7936222730558096,8.351701785780586,1.2599568472617804,,
2015-04-17,145.2779498752448,943.134530495358,99.99944146422705,5.195583,0.84107935,7.6993337,0.85599697,7.365140712473609,0.7501888130158211,8.142228091234587,1.216523992627295,,
2015-04-18,550.3628662524086,636.3581304953582,99.99944146422705,6.139295,1.011663,11.178999,0.9281838,8.841747089851987,0.6839985454955028,9.68941120592526,1.150330331639005,,
2015-04-19,376.7916062524085,408.2555755249982,99.99944146422705,6.2566495,1.028124,12.947131,0.997801,9.735964502450507,0.7160689026936975,10.626369154116682,1.18239984620183,,
2015-04-20,295.03616625240846,701.0288304953581,99.99944146422705,6.3220634,1.0982915,9.5153675,0.9058425,8.569505349165484,0.7157341588924852,9.404157240645777,1.1820663831815303,,
2015-04-21,1997.374666252408,3029.9555304953583,99.99944146422705,5.4823275,0.8866077,10.069892,0.9443238,8.247237620013546,0.6693301804266417,9.0664862156575,1.1356630329410224,,
2015-04-22,1108.6622004728365,2116.779330495358,99.99944146422705,5.1949873,0.74620306,9.093436,0.8918434,7.75344512883529,0.6390278829109685,8.54909213134611,1.1053619284672287,,
2015-04-23,883.4831004728366,2087.9011304953583,99.99944146422705,5.1428185,0.6724622,6.579765,0.88115287,6.15251688210784,0.6506424505649198,6.871644986924531,1.116982281867226,,
2015-04-24,559.0873346932641,1728.186830495358,99.99944146422705,4.636922,0.67863476,5.2634506,0.84402573,5.11030576190003,0.6589384653593996,5.7796197377912755,1.1252836385121916,,
2015-04-25,408.23647469326426,1387.058530495358,99.99944146422705,5.629874,0.6888755,5.5987444,0.8377683,5.605823081352922,0.6659513224244387,6.298821091272797,1.1322938008932382,,
2015-04-26,319.90343469326416,1114.732280495358,99.99944146422705,5.643925,0.71129185,6.780538,0.8715877,6.527089513774631,0.6955609946711904,7.264120909972507,1.1618992095779286,,
2015-04-27,244.86913469326424,855.1317004953578,99.99944146422705,5.5576797,0.69029033,7.413268,0.89674604,7.000199007739363,0.7138580200161055,7.759843420504854,1.1801944226541488,,
2015-04-28,176.7731189136921,701.836580495358,99.99944146422705,6.105666,0.75951993,8.788346,0.9158719,8.248600674363434,0.7473907026979173,9.067914419345945,1.2137235523050265,,
2015-04-29,94.92319891369208,575.851200495358,99.99944146422705,6.733607,0.9187084,10.062193,0.91175795,9.59115520151391,0.7934560241226942,10.474638463601147,1.2597870420248998,,
2015-04-30,38.7789474072,505.7901904953581,99.98430997154837,7.208852,1.0709621,11.164428,0.9014219,10.882749893458195,0.8406976112326138,11.827966966724787,1.3070288126654286,,
2015-05-01,103.4105262964,446.7952804953581,99.84900207459673,6.713929,1.0152823,11.609769,0.8857752,10.689601626659655,0.7441758532008717,11.625586873017598,1.2105069058543227,,
2015-05-02,103.4105262964,432.960810495358,99.66565250575378,7.56107,1.2003162,12.143665,0.88670295,11.260156885377645,0.7522309323692276,12.223412722756725,1.2185625476588189,,
2015-05-03,103.4105262964,416.3804304953581,99.43556165768362,8.256634,1.4318559,14.541088,0.9233746,13.290818697127106,0.7926299196567318,14.351133227637664,1.2589665582204899,,
2015-05-04,103.4105262964,409.3938404953579,99.16832169780572,8.877556,1.6170154,17.237879,0.9874141,15.551962195586224,0.8530762576082406,16.720351655990754,1.319424039197402,,
2015-05-05,103.4105262964,389.12270049535806,98.86495323218072,8.746544,1.5803354,18.515154,1.0347983,16.464171237630694,0.8823020593110101,17.676161172014332,1.348655991639923,,
2015-05-06,103.4105262964,392.0886304953579,98.54736542261107,8.208954,1.4415898,17.567675,0.9932059,15.614512400345838,0.8415420847328099,16.7858915467207,1.307890257688291,,
2015-05-07,140.0618097723355,381.3194288366138,98.43649306699214,8.68659,1.4899179,19.06304,1.0081888,16.27555108567293,0.8389791524596226,17.47852562155872,1.3053317349387905,,
2015-05-08,136.56312588981552,357.8457689325727,98.3381843686881,8.662628,1.3985559,21.636087,1.1113148,18.052624080903428,0.8923077056059104,19.340536631341095,1.3586746196611061,,
2015-05-09,162.7157134622262,344.0669445621976,98.21511346741192,8.544941,1.2648805,23.30308,1.276833,18.564596504187048,0.9572898825764858,19.876979586367494,1.423661595613621,,
2015-05-10,172.5643516167604,332.47722147697664,98.07785511274825,8.338953,1.1259476,25.577618,1.558201,19.687451087514003,1.0955599947626178,21.0535027804911,1.5619432824081119,,
2015-05-11,202.25679890177463,324.2391357729829,97.88232869455268,8.127503,0.9945085,28.01327,1.941484,20.374024530188358,1.2552050557156273,21.772892086791384,1.7215961309253704,,
2015-05-12,198.79349793850548,336.12613360276805,97.67141954453778,7.4849315,0.85635346,27.727936,1.8656881,20.20497832099332,1.2147667553945118,21.595766046652383,1.681155863157761,,
2015-05-13,235.22896990215224,357.6568876654365,97.45732467123057,6.6232696,0.73630375,24.218866,1.360905,17.237768629424032,0.8713894786785729,18.486733874724997,1.3377493728443282,,
2015-05-14,260.1669760122667,370.6228389898321,97.10551903534473,7.123532,0.6997682,21.406565,1.0990146,15.515579493718452,0.707295524537607,16.682229985341746,1.1736430805444615,,
2015-05-15,252.7687443327912,380.51094265402185,96.73028250847858,6.991354,0.63670546,21.67541,1.2151691,15.81438092255558,0.7731073053007306,16.995313101075702,1.239456758792383,,
2015-05-16,105.6589569902037,491.3742969066069,96.61457143076045,7.1840863,0.66894543,18.721804,1.138034,16.67993552383645,0.9440843314852003,17.902238253547406,1.4104398578102797,,
2015-05-17,122.74398629639995,388.0986004953581,96.48354350120619,7.279075,0.6821541,21.89336,1.2215352,18.381876085518957,0.9423910107578384,19.685525756285575,1.408760976665191,,
2015-05-18,107.4771462964,319.15167049535813,96.32584195791232,6.9510355,0.6508722,23.277311,1.4292569,19.164364739401833,1.0816956499247505,20.5054146930204,1.5480733661267039,,
2015-05-19,172.99731629640002,366.9778704953581,96.14469945142994,6.875868,0.6668681,24.232714,1.4908382,18.671925304138853,1.0354843088976118,19.989438336071846,1.5018570659861896,,
2015-05-20,129.68107629639997,317.10896049535813,95.93769022395617,6.972957,0.63951164,21.418282,1.1667643,17.22551747339782,0.8486582623539882,18.473897155319214,1.3150180567711893,,
2015-05-21,158.7664047824584,354.7590153493827,95.5865128092056,6.3702,0.6672576,19.062483,1.0030375,15.138415961876742,0.7229856776068896,16.28703932594704,1.1893309842918258,,
2015-05-22,217.32358773512888,407.4683442459026,95.2679961448747,6.7416053,0.6989876,18.338894,0.98702055,14.304967971365365,0.6880877248532834,15.413755370488644,1.1544286380097886,,
2015-05-23,231.20590680572752,402.3699794356456,94.97745685063428,7.1660533,0.7068607,18.895388,1.0122024,14.615093142551652,0.6926504607692122,15.738703464747774,1.1589929159453012,,
2015-05-24,239.2762564585861,406.7431299657536,94.67067298060205,7.4004498,0.71781033,21.350931,1.0792557,16.18387420480325,0.7296750275172422,17.38246689916521,1.1960269686094855,,
2015-05-25,248.3191149988121,416.6304970811152,94.34315358940482,7.341087,0.68086344,24.955507,1.354441,18.3775693280274,0.8859093969662953,19.681013150507834,1.3522793221539713,,
2015-05-26,254.95825228981232,423.9562195752941,93.96631292117006,7.484072,0.65438634,27.06083,1.6248468,19.70901100966952,1.0439905239204346,21.076093193226747,1.5103740479159997,,
2015-05-27,226.1275896545181,360.2717847877637,93.7060014779954,7.3031273,0.60363966,28.94355,2.013112,20.59856056023822,1.258529190357277,22.008160171539608,1.7249229293526875,,
2015-05-28,188.4442665166555,298.403478458629,93.49500977953782,7.026385,0.58805376,28.754871,2.0848331,20.344421180607206,1.2979702070153933,21.741873798294243,1.7643609353263257,,
2015-05-29,236.90929224572253,365.328017729121,93.0533380118709,7.36388,0.61653894,28.98724,1.9624343,20.481000265709095,1.214903260151117,21.884980896791756,1.6812955972793837,,
2015-05-30,248.9170066503368,383.1576383657782,92.71102084049011,7.3681836,0.5983153,30.114435,2.1277277,21.15674499077908,1.3111534650080692,22.5930239098023,1.777554075787299,,
2015-05-31,199.9894697972968,332.4420232435663,92.54081523313579,6.9911385,0.51919603,27.771402,1.9467071,19.966015160694965,1.2310392070645408,21.345381264146464,1.697425589389939,,
2015-06-01,290.4517900000038,421.7959904953579,92.5347419376275,6.544486,0.5015991,24.845364,1.5477053,17.38233909842292,0.9391048903808491,18.63821431795261,1.4054659745984353,3.810316785445236e-12,4859.999999999996
2015-06-02,212.89608000000112,414.201360495358,92.55209886286264,6.432424,0.5237648,20.348618,1.0718776,15.624147558755928,0.7299695565877238,16.79598723276665,1.1963177902265176,1.1017882054490887e-12,4859.999999999995
2015-06-03,206.42872000000114,339.08610049535804,92.53435755704731,7.069843,0.5858618,21.289583,1.1586801,15.908679338276245,0.7535718080563409,17.094118658724806,1.2199218815698647,1.1247453172399242e-12,4859.9999999999945
2015-06-04,185.26355000000112,282.357130495358,92.35696072377473,6.8359604,0.5789031,23.519217,1.4802756,16.909587432742573,0.9227716510574144,18.142866738673465,1.38912893246556,1.1157723440064336e-12,4859.999999999994
2015-06-05,170.51139000018392,239.46605049535808,92.23793104792345,6.764878,0.54731554,25.676569,2.7292485,17.81111485667784,1.610312220314696,19.087484091755506,2.07667697462283,1.8390760232763387e-10,4859.99999999981
2015-06-06,161.11429049051603,282.765550495358,92.09283666778097,7.0063767,0.5691829,25.40109,2.2616415,18.724393458253232,1.455474474443749,20.04441428859948,1.9218477467150281,4.905160445080749e-07,4859.999999509294
2015-06-07,140.36350990230548,223.2358600825307,91.91414189022586,7.1273494,0.608649,25.925007,1.845691,18.668379377478832,1.157285460799683,19.985722926238623,1.6236581831845083,3.151327997672048e-07,4859.999999194161
2015-06-08,211.7368764520048,187.70039854631884,91.84045554019548,7.187791,0.5944166,29.013971,2.7496424,17.444176609179745,1.3299551029256964,18.703007450342653,1.7963167034653638,6.270527779917987e-12,4859.999999194155
2015-06-09,426.4213946479699,532.3056704953581,91.96735318351263,6.957962,0.51746714,28.679337,1.7865993,19.018131446091704,1.0183091027652766,20.35219194816355,1.4846853173795902,4.647970023832211e-06,4859.999994546185
2015-06-10,156.29142785576647,441.9511704953581,92.12034107898972,7.375708,0.6054412,23.471983,1.1731011,19.266816378311127,0.8809434377000218,20.612763170056148,1.3473222204866977,2.785576646865258e-05,4859.999966690419
2015-06-11,154.07918696398355,297.4362568777228,92.06950289418553,7.4200554,0.64301294,27.507372,1.7159721,20.65259552917794,1.1514985048823556,22.064777827285347,1.6178928935271824,0.08487743472874802,4859.91508925569
2015-06-12,195.6615313833635,350.07783049535806,91.9439512183348,7.6483417,0.6565608,29.80712,2.144476,21.862630325990892,1.3956210844899553,23.332648151088932,1.8620308954515778,20.648011383363514,4839.267077872327
2015-06-13,162.99782266829453,444.07634575716736,92.06379937327527,7.493483,0.62712735,27.275902,1.710769,21.964374229162154,1.2627092881129227,23.439255065037646,1.7291204721273181,40.195652256931055,4799.071425615396
2015-06-14,138.39338308469695,889.0268504953581,92.03933481922297,7.6708703,0.642306,21.95341,1.1040478,20.02955290757846,0.9592424150768415,21.411955898138068,1.4256295156949608,0.0037030846968896104,4799.067722530699
2015-06-15,122.90841481316693,366.47272222395696,93.21926655203224,7.2829595,0.55267364,25.165604,1.4089245,20.67436504663224,1.0641634053054674,22.08758785325859,1.5305580566233217,0.1026462014661303,4798.965076329233
2015-06-16,122.80001660487332,962.3550304953576,93.94377719924807,7.3487325,0.55729693,20.692488,1.1075226,19.182460767012884,0.984214031382395,20.524375648893084,1.4505919351024272,1.6604873319165234e-05,4798.96505972436
2015-06-17,122.80000205767574,956.065980495358,94.43301167275446,7.5167875,0.58470565,20.359083,1.0682062,18.897331709453763,0.9489562031463368,20.22561839704756,1.41533119577828,2.057675745844109e-06,4798.9650576666845
2015-06-18,122.80000002348397,674.0837804953582,94.75398150394274,7.2479477,0.5880411,20.363623,1.0311489,18.34249370493558,0.8769430385951347,19.644261032532246,1.3433126329384109,2.3483976872818443e-08,4798.9650576432
2015-06-19,122.80000007721021,660.833830495358,95.0727050626087,7.356053,0.6177834,20.551497,1.0377516,18.483693386995355,0.8804682915238026,19.79220957672751,1.3468392262746738,7.721021944804096e-08,4798.96505756599
2015-06-20,122.80695224939154,615.8449441581608,95.21697076976248,7.5796623,0.62744147,20.146864,1.0721881,18.057463319750482,0.899994132449891,19.34560716926293,1.3663610904626151,1.930987494809237e-09,4798.965057564059
2015-06-21,685.7524000000104,684.8671304953579,95.76611882577814,7.3637056,0.5249976,27.58489,1.5012386,17.467767669419054,0.7947932802212008,18.727726082619395,1.2611550788904893,1.0608175629666168e-11,4798.965057564048
2015-06-22,311.8633000595804,754.381580495358,96.39513758972319,7.655523,0.59237725,22.91434,1.0444391,18.451326041916754,0.7589944769585887,19.758295183196385,1.2253651024324455,5.958038570926714e-08,4798.965057504468
2015-06-23,167.9631116131196,656.0907904953582,96.86496234653035,7.38314,0.6149456,22.633133,1.0572808,19.52479712767658,0.8510606712306802,20.883074517378198,1.3174421929163547,0.00017161311964588734,4798.964885891348
2015-06-24,122.80067460150865,548.9046804953579,97.29791290154644,7.4890323,0.6377508,22.481194,1.1082736,19.740337742825652,0.9131340179575792,21.10891723714266,1.3795178863187862,0.0006746015086443125,4798.964211289839
2015-06-25,122.80187582639394,487.6445261248507,97.59859300955002,7.549442,0.6433707,22.670374,1.0952088,19.62853630326837,0.8844098611073229,20.99177207094864,1.3507925056115702,0.00033488580909475554,4798.96387640403
2015-06-26,122.80354369293569,521.5321712246357,97.87023826598953,7.5345197,0.64320683,22.378695,1.080519,19.549552467463055,0.8831332072454281,20.909013077784568,1.3495149957521198,0.00020164119485426157,4798.963674762836
2015-06-27,238.29652469161795,684.2574004953578,98.07868029105482,6.8029923,0.5513037,21.281338,0.97771925,17.541567848696598,0.7390229833392611,18.805053658193113,1.2053854059293028,1.7936008189928088e-11,4798.963674762817
2015-06-28,1411.1325567652225,2012.4742153110287,98.32040722513827,7.8632956,1.0130796,21.051844,1.0276763,15.615825191730039,0.7343636596210622,16.78726708504551,1.2007118408384039,3.5911893967188575e-12,4798.963674762814
2015-06-29,908.7987672119181,2189.714060820424,98.67930610811447,8.093428,1.0745808,18.731,1.0761372,15.610983658072527,0.8232272360293432,16.782194142629123,1.2895753867869704,3.62081674668202e-12,4798.96367476281
2015-06-30,976.2579737036039,3918.981652794741,99.26764349767923,9.739351,1.8886826,16.880205,1.253373,15.456104176101492,1.0717788951073481,16.6199119508489,1.5381260856117132,3.836683517517267e-12,4798.9636747628065
2015-07-01,3540.508195836941,8912.269510171824,99.93622118575006,11.740202,2.725489,20.235947,1.3983294,17.820481249190934,1.2656985666891456,19.097298165813317,1.73206340351501,0.05520061615289905,4798.908474146653
2015-07-02,2100.9436033517522,7333.617179575071,99.93616350485543,12.281107,2.6726294,18.534342,1.4870851,17.14183461560998,1.3001503991887597,18.386214542984657,1.7665095168528788,4.2989978460921715e-12,4798.908474146649
2015-07-03,1284.9550689540135,4659.48633778848,99.93616350485543,13.211264,3.0680218,17.58092,1.446788,16.63637111725873,1.313728716983607,17.856591617252747,1.780083917179531,4.1654330575947036e-12,4798.908474146644
2015-07-04,1392.7178541976043,3494.146628334362,99.89262909987235,13.673336,3.110273,17.680489,1.5093415,16.538481696098525,1.396554358524528,17.754023416379333,1.862908833824372,4.217567802812413e-12,4798.9084741466395
2015-07-05,783.2171826979702,2589.5945377961857,99.72379205311401,13.130896,3.0199678,16.542336,1.3916384,15.750148289199293,1.2780624651113095,16.928010367413258,1.7444115020895066,4.213452618554395e-12,4798.908474146635
2015-07-06,562.5704631827814,1912.7615015211936,99.51946370308599,11.729794,2.6601129,15.275161,1.2813911,14.469402645002672,1.1601436645381562,15.586049459434003,1.626485381605252,0.009953701006655285,4798.8985204456285
2015-07-07,410.915243703604,1720.5941823391963,99.3503838571568,10.433182,2.3325124,14.9303875,1.2921357,14.063410148550307,1.1358356826474636,15.160651909467138,1.6021754709252427,4.001790488288815e-12,4798.898520445625
2015-07-08,387.78947370360385,1335.488562817772,99.26325280288853,9.559591,2.0061848,15.512898,1.2703673,14.173224986602362,1.0830706264374435,15.275715521394835,1.5494109178242268,3.887072468442927e-12,4798.898520445621
2015-07-09,387.78947370360373,1132.9284232600276,99.30128759672512,9.116816,1.8461689,17.266655,1.400846,15.18841156855685,1.1448958223629049,16.339424551725024,1.611241417857397,3.779426491466194e-12,4798.898520445618
2015-07-10,387.78947370360373,1107.9084264573248,99.42820899727059,8.776377,1.6781564,17.743671,1.3583053,15.418721646853694,1.0961847300325316,16.580742664488838,1.5625316928749702,3.7240931291376264e-12,4798.898520445614
2015-07-11,387.7894737036037,953.0720889741784,99.25264425951443,8.753176,1.6093934,19.01844,1.474022,16.04963150972691,1.1464575533409893,17.24180786214992,1.6128085725906458,3.686451543316659e-12,4798.89852044561
2015-07-12,387.7894737036036,899.1318008272185,99.02802979089071,8.778227,1.5868827,20.023693,1.5500596,16.635083759437713,1.1838477577861353,17.8552427281285,1.650202948377737,3.657079590003479e-12,4798.898520445607
2015-07-13,387.7894737036037,778.0241957973716,98.73894139354354,8.692516,1.5510186,21.150194,1.647101,17.006344717714544,1.2142724564867629,18.244248691118866,1.6806304954077778,3.682334064123037e-12,4798.898520445603
2015-07-14,387.7894737036037,685.414560495358,98.55297758523594,8.774595,1.4111052,20.27132,1.5347562,16.117115898244307,1.1048786764397713,17.312517773754607,1.5712301565276157,3.685601120262216e-12,4798.898520445599
2015-07-15,406.58161370360364,788.7154504953579,98.38873414864902,8.066687,1.219412,19.38666,1.4918685,15.536158333435397,1.0682250152957293,16.703792423251915,1.5345726987108221,3.6258025289387433e-12,4798.898520445596
2015-07-16,387.7894737036036,689.7235004953579,98.15484561326112,8.11981,1.1457757,19.228813,1.6135416,15.23075973176788,1.112112761259663,16.383796812377586,1.5784586036229475,3.6484798461700986e-12,4798.898520445592
2015-07-17,387.7894737036036,608.6934604953581,97.8508864731411,8.211117,1.0675721,19.875519,1.5875645,15.336221475680597,1.0549971339549276,16.494299267146395,1.5213436000217977,3.6550103851955815e-12,4798.8985204455885
2015-07-18,389.07559370360366,588.513260495358,97.62751763141279,8.136477,1.0048237,20.88641,1.5684167,15.811998923346103,1.025395139173712,16.992817250446468,1.4917445771351585,3.6203434333282098e-12,4798.898520445585
2015-07-19,387.7894737036036,725.1406004953582,97.43524040376816,8.353193,0.961726,20.340502,1.508933,16.163642732803137,1.0387004257288541,17.36126843196132,1.5050522265729276,3.6291725129476834e-12,4798.898520445581
2015-07-20,387.7894737036036,862.856240495358,97.12677130401578,8.117876,0.9191793,19.484228,1.4590476,15.959847375084832,1.0462087244825835,17.14773235278366,1.5125591386874437,3.6098678909273003e-12,4798.898520445578
2015-07-21,387.78947370360356,636.648230495358,96.78198452101172,7.718357,0.8584041,20.983675,1.547871,15.962236771708634,1.0153409888141323,17.150235954398337,1.48169141900145,3.5576560305831716e-12,4798.898520445574
2015-07-22,387.7894737036036,589.419500495358,96.39799559499714,7.846205,0.81453764,19.905676,1.6367245,15.120071271903111,1.0387872623681842,16.267817822500852,1.5051324637982744,3.6179414670933346e-12,4798.89852044557
2015-07-23,387.7894737036036,519.886590495358,95.99508424286053,7.812695,0.7833188,20.440351,1.7827129,15.04539568005008,1.0745225025136684,16.189572992622985,1.540867279455824,3.617194786024842e-12,4798.898520445567
2015-07-24,387.78947370360356,477.9563104953579,95.5600060432835,7.822746,0.7654739,21.292078,1.9562575,15.258822820929769,1.1331212320222621,16.41320122127254,1.5994672391093612,3.6078200744896897e-12,4798.898520445563
2015-07-25,403.0698242687241,422.5772672498963,95.08724750308663,7.972823,0.7474304,22.487303,2.0327187,15.401528704528076,1.1025047686396838,16.562727958291187,1.5688516273125908,3.620478638137032e-12,4798.898520445559
2015-07-26,160.9512146916036,690.0714604953582,95.00674499345524,7.963186,0.74084526,17.13235,1.4292723,15.398215851998101,1.1673974438204835,16.5592567627347,1.6337442824601456,3.619521376651572e-12,4798.898520445556
2015-07-27,138.95789469160357,489.063240495358,94.9340114052102,7.907615,0.73461354,18.370127,1.4279613,16.055159129598355,1.1238229646665596,17.247599683355993,1.5901740214674605,3.5775422829184564e-12,4798.898520445552
2015-07-28,228.51008028041258,485.1982775249479,94.61991026136477,7.9815817,0.74673676,20.535633,1.4888331,16.516165945279727,1.0400035321725827,17.730641048953974,1.5063578437524527,3.561574854972757e-12,4798.8985204455485
2015-07-29,273.5417372005433,493.2720203450108,94.20416360769669,8.139904,0.7485949,21.804361,1.4822595,16.929906031707077,0.9901891536750567,18.16415649721282,1.4565465932694672,3.5832959503334422e-12,4798.898520445545
2015-07-30,184.56870469160353,756.831140495358,94.00336409867863,7.8270926,0.74061906,18.965778,1.304399,16.781953058387487,1.0586667126637124,18.00913187752049,1.5250230111984209,3.531438643742911e-12,4798.898520445541
2015-07-31,143.72578078151193,535.6463610742263,93.7581314269467,8.135523,0.76033604,19.25961,1.334494,16.90623335969284,1.0643972909202475,18.13935235239728,1.530754546261349,3.578458084341095e-12,4798.8985204455375
2015-08-01,288.7555848933245,540.8086009181042,93.39966930830167,7.9526267,0.7503269,22.60628,1.5401062,17.505620353236772,1.0374377617670587,18.767387995330676,1.5037998796721173,1.3695592071294894e-11,4798.898520445524
2015-08-02,301.001543554728,553.5007682377093,93.18148472950864,8.246347,0.7555966,22.073412,1.4475646,17.202778235619782,0.974699115630784,18.450071059705582,1.4410587253607183,4.0283815604328994e-12,4798.89852044552
2015-08-03,292.07497107279704,533.616481740853,92.8399717671904,8.243206,0.75204295,23.097418,1.5089535,17.8429811176486,1.0108191062612544,19.120873451071304,1.4771841417204565,2.7194230695847803e-10,4798.898520445248
2015-08-04,267.9583031242905,480.8406544440609,92.5133522265297,8.124689,0.7550478,23.718039,1.7145216,18.137946041158422,1.1336486086074413,19.42993668963775,1.6000163016162132,3.925713049671858e-09,4798.898520441323
2015-08-05,290.53122340252236,485.9663560943763,92.13464867831955,8.052399,0.7756274,23.897026,1.7982638,17.96866376092266,1.1622469225189178,19.25256329506924,1.6286130781781172,8.484754269750167e-10,4798.898520440474
2015-08-06,301.18447800548404,492.7324785390382,91.72157497713124,8.220942,0.782551,23.351475,1.7665763,17.611476753659865,1.1358800139872103,18.87830396984199,1.60224303334478,3.234998659098773e-11,4798.898520440442
2015-08-07,307.74702901996386,492.9150237547186,91.29589280628055,8.274347,0.7835805,23.980742,1.8499373,17.943742328047183,1.178036094747024,19.226450702891974,1.6444020268475987,6.7780741203944e-10,4798.898520439764
2015-08-08,331.6974413405722,518.4569276865404,90.89981914570619,8.239773,0.7830272,24.252722,1.7625996,18.005086766597152,1.1174735729927727,19.29072719590916,1.5838400566633863,1.1857376516803373e-09,4798.898520438578
2015-08-09,397.5673781304568,607.9158783583116,90.45271814835726,8.341272,0.77035826,24.374998,1.5487767,18.0352741217236,0.9846875783588814,19.32235740342034,1.451054335034754,1.5642523574707112e-09,4798.898520437014
2015-08-10,407.53610759328194,604.7363296112745,89.94765603296536,8.364195,0.71270615,23.537844,1.3616896,17.429004268699988,0.8626003606007161,18.687109923852017,1.328961834051696,8.389524498751647e-12,4798.898520437006
2015-08-11,409.4882023562044,705.8561699534733,89.80944476502518,7.956402,0.66184837,22.709255,1.3440312,17.292883767918568,0.8846105813473868,18.5444833284379,1.35097092638196,4.716002946572103e-12,4798.898520437001
2015-08-12,210.65613494770724,484.1987904953579,89.69000058122514,8.29394,0.7927553,23.127218,1.6328062,18.630277898395104,1.162901512157865,19.94580032669808,1.629273862553249,2.5610724870201916e-07,4798.898520180894
2015-08-13,307.2313854470812,492.18795741007546,89.40079038298407,8.457563,0.82659465,24.692757,1.6197082,18.45327675963979,1.0466016855976952,19.76033913855839,1.5129723296771598,5.959307911517198e-08,4798.898520121301
2015-08-14,318.3675960381147,478.21439915462776,89.01594675218308,8.554144,0.8135353,25.71175,1.4898533,18.854419776116686,0.9516741713911413,20.180655419984074,1.418048733952312,1.4730774613720832e-06,4798.898518648223
2015-08-15,300.50659586070276,444.7276827761405,88.70975779888921,8.545029,0.8190436,26.895708,1.5578566,19.49602136064314,0.9865921583547035,20.852923367045598,1.4529733707665535,0.00014176756151419438,4798.898376880662
2015-08-16,332.3289128988403,445.4217751971794,88.40894791931255,8.655701,0.81344754,27.797264,1.5361968,19.61817141758423,0.9459596793912974,20.98091177915939,1.412342211158144,0.00031364384749083695,4798.898063236815
2015-08-17,311.54967038393266,448.20159696360105,88.02944176268143,8.746272,0.8162622,28.030167,1.5041121,20.12245887277817,0.9483581316457167,21.509302450891173,1.414746290872715,0.006267911800860538,4798.891795325014
2015-08-18,384.0454262993178,577.5256685409495,87.54092493339145,8.732639,0.79265636,28.264868,1.3616704,20.4638190098811,0.8769643604113032,21.86697843566637,1.343356493982262,0.03727198014133074,4798.854523344872
2015-08-19,439.2067811348496,644.8736016267794,87.02216252257064,8.66873,0.7866988,28.004286,1.2127869,20.17063485757023,0.7887046605439934,21.559781083074927,1.2550933725935978,0.008101100162679778,4798.846422244709
2015-08-20,400.306653834412,601.7895792843216,86.53738731219191,8.745243,0.71107525,27.878763,1.262765,20.235509821866597,0.8097833780192777,21.627756848900688,1.2761728387061566,0.011552174711588765,4798.834870069998
2015-08-21,209.9729664098956,418.403405262746,86.53309736628337,8.833307,0.8111409,24.227488,1.2219477,19.083497674739846,0.8575906548790775,20.4206824590978,1.323967537680419,8.33697830061937e-06,4798.834861733019
2015-08-22,138.95790322046267,349.366230495358,86.42138659437734,9.034083,0.96332693,23.085327,1.0257586,19.08689406110499,0.7833943521577685,20.424241181121232,1.249771269811192,8.528862690195796e-06,4798.834853204156
2015-08-23,274.60444169926626,410.7217269460534,86.12375591513003,9.014704,0.95831156,24.82246,1.0075179,18.488424899215048,0.7155680354502418,19.797167239057437,1.1819390155121003,8.072022935842172e-08,4798.834853123436
2015-08-24,431.8332734915254,659.9070663558336,85.59087244340753,8.861147,0.88765466,26.383432,0.966965,19.452566491275245,0.6818363823736231,20.807391503464956,1.1482171295392494,0.00010632868592712043,4798.83474679475
2015-08-25,554.0718321938857,555.2303047780258,85.22845432268767,8.677492,0.8588987,30.31702,1.2039444,19.508555635318643,0.7397090977761185,20.866056737204314,1.2060904447864313,0.00015321072248647912,4798.834593584027
2015-08-26,543.8140614580464,624.5921025999903,84.81118605282322,8.656614,0.8782941,27.388903,0.9668252,18.67028911425397,0.6589561587632777,19.9877239419035,1.1253288998367856,3.4534526301839785e-07,4798.834593238682
2015-08-27,498.52248121706606,618.8682669639539,84.36258513224853,8.621593,0.9688501,24.752018,0.967608,17.555449310157172,0.6885067993900646,18.8195986060601,1.1548693400325565,1.9921610227522593e-11,4798.834593238662
2015-08-28,401.1500598034189,515.4797945979113,83.92508570550832,8.908279,1.0314592,22.638083,1.0224006,16.62942884508595,0.7309896129810338,17.84931752820108,1.197344761406642,3.677130655480666e-12,4798.834593238658
2015-08-29,399.3449222141215,523.8996894671257,83.5312155097089,9.008483,1.0365286,22.60643,1.0845138,16.724704813759992,0.76141072608366,17.949147362493132,1.2277665898190742,3.6860096168705684e-12,4798.834593238655
2015-08-30,413.7189989081826,548.303736097291,83.11267602501576,9.106445,1.1127337,23.136026,1.1573703,17.10258868481605,0.8149359932367795,18.34509279085428,1.2812947962730066,3.833981907680072e-12,4798.834593238651
2015-08-31,412.95661125123945,553.7824955374722,82.62136232753748,9.1642475,1.0254395,24.433716,1.4257039,17.911141277096544,0.9267471466143471,19.192291433147012,1.3931127873382212,0.0,4798.83459323814
2015-09-01,419.8936432694928,563.979691849172,82.14917831896143,9.065592,0.9740681,25.076561,1.6113683,18.24346169829663,1.0129111968512001,19.540495634499933,1.479279864686538,,
2015-09-02,430.36770823026296,573.4142495320245,81.65321884896325,9.053503,0.9366744,25.129797,1.6435802,18.23714691116873,1.0211831031649554,19.533879022133338,1.4875517123017616,,
2015-09-03,453.33347000171767,619.3237339913634,81.12991518761741,9.042685,0.91435784,24.896835,1.6382855,18.19644944740146,1.02179311471358,19.491236358715312,1.4881613466447183,,
2015-09-04,456.8034126699232,630.2179319190706,80.59854110357686,9.034569,0.9320742,23.830023,1.5742247,17.612468828808407,0.9931811042634684,18.879343462791393,1.4595441321299658,,
2015-09-05,466.705004793711,626.5865028820301,80.11077973912342,9.051355,0.9591538,23.63973,1.688852,17.412235207040535,1.0509526765735915,18.66953935836741,1.5173140098674636,,
2015-09-06,463.1728679182152,616.5297550832777,79.62088074234882,9.104513,0.9601607,23.380774,1.7097578,17.25651643812211,1.0596327285553573,18.506377764592667,1.5259927756975216,,
2015-09-07,461.2737868975846,617.0903678095605,79.0711234108949,9.128948,0.93490994,23.748596,1.7150024,17.494994050342875,1.0597563513755413,18.75625379148265,1.5261183794968018,,
2015-09-08,455.8815125595602,629.2868654491643,78.52248334449263,9.127699,0.9253816,24.079594,1.742194,17.79827129685384,1.082508941418639,19.074026653675435,1.548873582738367,,
2015-09-09,378.0518291969812,501.1967864654895,78.04223939710249,9.160265,0.9478696,23.720087,1.6713896,17.459778791557905,1.0362507405803918,18.7193553637051,1.5026124720837868,,
2015-09-10,253.23269265434936,420.4349184793279,77.6879643889997,9.39204,1.2505634,21.969778,1.5418439,17.24178704570329,1.0709492652610761,18.490944357566136,1.5373091921820412,,
2015-09-11,134.0787360988,278.756250495358,77.51680784880091,9.777842,1.4543661,20.640892,1.8712647,17.1128381495102,1.3489252452301401,18.35583214492477,1.815284130264633,,
2015-09-12,205.477164403524,313.2846056918155,77.28994776614452,9.766962,1.4057294,21.419027,1.6757537,16.80374248947316,1.155063275478435,18.03196276892861,1.6214197404881843,,
2015-09-13,145.2617120988,406.4525004953579,77.2547739969945,9.897915,1.5364387,19.97257,1.8845448,17.319998348303333,1.4460944965817595,18.572893893078497,1.9124550647017335,,
2015-09-14,187.4579639060276,305.7123895711268,77.08511021282501,10.223639,1.6211122,20.536825,1.784225,16.616701116798787,1.2660944007247703,17.835981458009353,1.7324494543795748,,
2015-09-15,291.26989678853994,430.8618518243175,76.67805038384319,10.280611,1.6724716,21.09992,1.9288269,16.73598101916018,1.3339789154977264,17.960962531965674,1.8003348645792854,,
2015-09-16,314.63128763272533,453.4489222047623,76.21704264703041,10.249899,1.6616743,22.318134,1.9030681,17.374582327368365,1.313617694604183,18.630086799756842,1.779978714364043,,
2015-09-17,275.63297437935825,452.8475369688483,75.8254013037993,10.250668,1.6657164,22.033646,1.8690928,17.57535575315799,1.3218190472606401,18.840456508989586,1.7881817575785517,,
2015-09-18,278.8224137707554,444.4540928944062,75.41167890563368,10.299273,1.6813124,22.095303,1.8962568,17.547944082476704,1.3333800667564362,18.811734654151845,1.7997425435446757,,
2015-09-19,281.202307611046,444.2858408505565,75.0498929868926,10.411154,1.7113754,21.91907,1.7325826,17.458552050337868,1.2513159691534488,18.718069988448146,1.7176776903495725,,
2015-09-20,278.67840574803694,461.65420303246526,74.68671115720039,10.515629,1.7094588,20.757536,1.490094,16.902243983100604,1.1302463666955853,18.13517229724094,1.5966035910489682,,
2015-09-21,288.86822667788937,465.8804461449318,74.30740706457149,10.695757,1.7293702,18.293139,1.3739365,15.385359760132735,1.0757991298811505,16.545786193624522,1.5421458908972405,,
2015-09-22,296.4791891460888,468.1033550492662,73.86048074206205,11.125507,1.7024428,16.702494,1.3901904,14.53992745095224,1.0771283912589358,15.659945110030971,1.543470462593119,,
2015-09-23,296.1596042837452,463.4283274640683,73.43533197122744,10.801214,1.7955981,17.18686,1.636348,14.697127539026422,1.2193537258032772,15.824658824953481,1.6856966072715027,,
2015-09-24,301.0060006936953,468.2764983969737,72.97172739830651,10.802216,1.8239044,18.670725,1.4171581,15.591922846907131,1.119587585242212,16.762222289846147,1.5859356163423972,,
2015-09-25,323.2219552969006,498.3470132074784,72.46290277833496,10.950323,1.7926224,18.672354,1.1763425,15.63434970845683,1.0032599318162494,16.80667701034895,1.4696082298250592,,
2015-09-26,329.7735174121014,505.9188816385423,72.01547017715836,11.200331,1.7655329,17.6105,1.037208,15.080976100368787,0.9379048611998595,16.226854035407346,1.4042498396008705,,
2015-09-27,331.3041968114673,503.4455734409441,71.5709630343231,11.015123,1.8292074,17.21224,1.2883767,14.752663835508722,1.0634132903758076,15.882849566566302,1.5297564648076603,,
2015-09-28,327.1726560780632,494.050417243215,71.13609017682735,11.157171,1.8476472,17.866072,1.0366752,15.19326713498246,0.9647793022065122,16.344512197627854,1.4311249259024477,,
2015-09-29,296.84301988084627,511.7105016261825,70.68776514082651,11.399355,2.1292078,17.725628,0.7697112,15.40307296444413,0.9210524635402392,16.564346028552443,1.387399331555773,,
2015-09-30,54.9368420988,702.0734404953581,71.35157607502013,11.780308,1.8561664,16.845427,1.2889923,16.477846834895015,1.2030143754777998,17.6904904160802,1.6693684072572827,,
2015-10-01,209.6983604261435,226.19860648018096,71.75376421669203,12.352205,1.8912326,18.324785,1.8216367,15.45153692070637,1.312005911899794,16.615126396258272,1.7783530745035863,,
2015-10-02,393.4416632734184,243.6996405936299,71.58531248904542,12.6924095,1.9741678,15.473359,1.3781939,13.75609258240218,1.3281614310422,14.838645614169677,1.7944998846736886,,
2015-10-03,38.7789474072,337.637590495358,71.6210678480674,12.294979,1.6893647,11.24282,0.70645446,11.351214679532289,0.6571404545014818,12.318822768206463,1.123472194038388,,
2015-10-04,68.92356774238512,340.5350163184004,71.6335287550368,12.296118,1.7315968,10.982798,0.89146584,11.20386689447716,0.7966447346847487,12.164432262708905,1.2629762779106393,,
2015-10-05,205.34740938376703,423.9405235600593,71.4712680981043,12.125916,1.9298131,12.864795,1.1548222,12.623685816755993,1.0009097054284979,13.652113676064479,1.4672441734852113,,
2015-10-06,270.9109844010476,502.8105499622226,71.15758056237395,12.438822,2.0488183,14.313941,0.89387316,13.65738645571936,0.923071332608333,14.735221672041432,1.3894093804884697,,
2015-10-07,282.77362791985286,505.3123676759312,70.8458789994217,12.432861,2.0400298,15.11094,0.9366639,14.150016907260124,0.9468348050616687,15.251398175192888,1.4131749889728427,,
2015-10-08,268.8620337758424,477.2523404855442,70.51082200468093,12.360159,2.0476437,15.371312,1.0333718,14.286244212194823,0.9906387770676979,15.394136679633721,1.4569796006460598,,
2015-10-09,257.7968766655198,498.4950551577904,70.17071912618151,12.486092,1.9887729,15.166635,0.8404103,14.25291914084461,0.8754509428464403,15.359218783789023,1.341791607983009,,
2015-10-10,295.5586738605292,420.5760186660495,69.98989327336457,12.388227,1.8728346,15.050626,1.1113402,13.9518172523964,1.0116460629306887,15.043725254338305,1.4779853540825816,,
2015-10-11,279.2727603203042,428.6521203657179,69.75319767383492,12.304993,1.9523586,13.180965,1.1856288,12.835398635470584,1.0528949051387049,13.873945643809561,1.519230006860972,,
2015-10-12,277.4583582330473,441.2502561585032,69.40895545304174,12.226679,2.0552208,14.291894,1.1348776,13.494615086132674,1.0559289976233883,14.564670387394594,1.522266400738237,,
2015-10-13,302.6381909886062,485.68981416610393,68.99228464995926,12.730156,2.022203,15.214354,0.8087626,14.260673027634752,0.9224735135064699,15.3673432798624,1.388814215394983,,
2015-10-14,314.8360573194608,502.7258542976327,68.57584727863396,13.025446,1.8798176,14.604229,0.9232234,13.996253211398093,0.9199535504957689,15.090285100283552,1.3862930378951817,,
2015-10-15,316.4538462603035,504.9408743551564,68.26901129980276,12.625296,1.9669393,12.233592,1.0732198,12.384501345914659,1.0047452289807268,13.40149700512814,1.4710790428235607,,
2015-10-16,314.1478306884695,517.0497035801249,67.97550236085246,12.707504,1.8391467,11.996862,0.91618747,12.26544670080884,0.8988704687234449,13.276751954954207,1.3652039813203745,,
2015-10-17,321.49335782866035,526.3990485545531,67.7820550517666,12.4848,1.6611474,9.85523,0.78141314,10.852278170198355,0.7950238949779169,11.796038799255502,1.2613550701039253,,
2015-10-18,338.3084427930829,561.7373752370816,67.56658142503001,12.296179,1.6226753,7.012645,0.75974596,8.998614971819991,0.7725637139215498,9.853776836425306,1.238895286097716,,
2015-10-19,354.7902441185819,585.5042797388717,67.32450960464085,12.511303,1.6480067,6.4153357,0.8996462,8.715455106162416,0.8369470056426452,9.557082897122877,1.3032789844991661,,
2015-10-20,346.08073211925,575.4834308641639,66.96756268222408,12.79994,1.8767743,8.818382,1.1020273,10.313601489028882,0.9850506844562013,11.231615214100245,1.4513815698662564,,
2015-10-21,334.301105475099,531.8522341243928,66.63315654027633,12.870432,1.9684538,11.807784,1.0867629,12.217924323063558,1.0111988373734182,13.226958169999824,1.477532234250779,,
2015-10-22,324.9898286228803,521.8347036052508,66.29066670947378,12.779631,1.9150912,13.025225,1.1142104,12.930971913167816,1.005781932354893,13.974086997479816,1.4721173369270832,,
2015-10-23,327.36142276156386,526.1694044646297,65.93201372874324,12.618645,1.7000259,12.367996,0.83202505,12.464129415086438,0.8295868885313918,13.484931023811393,1.295920912905959,,
2015-10-24,283.9113109992635,466.8989479330454,65.64087270548848,12.276512,1.7389472,9.195934,0.85979384,10.360823674456306,0.8475055908954912,11.281094458570134,1.3138364884308587,,
2015-10-25,226.2468301514185,445.00281432938175,65.44820820344917,12.583555,1.6369942,8.376055,0.8978504,9.794206191145504,0.811620528093526,10.687394596442047,1.277951448443857,,
2015-10-26,265.3640013394273,416.8149694345117,65.25313567284468,12.345364,1.5779325,8.329161,1.0415186,9.891442326743975,0.8841552574851944,10.789278286937025,1.3504861478187837,,
2015-10-27,250.79036448918703,469.8601414888169,64.99646403137942,12.272541,1.5718681,7.8473773,1.0049636,9.387358774704774,0.8535554295315946,10.26110126423377,1.319886592761434,,
2015-10-28,305.15582740720004,460.7853504953581,64.95713669060976,11.824015,2.1279874,7.2412233,1.2088369,9.06703649169046,1.1169747247835147,9.925468671058319,1.583306212448357,,
2015-10-29,1283.8718474072,4538.134330495359,66.69184752071189,13.460712,2.157615,9.969247,1.2411236,10.73918667761842,1.07810273969148,11.677541919914175,1.5444338264685504,,
2015-10-30,38.7789474072,611.1758304953582,67.46798512576045,11.406773,1.5669024,8.299908,0.87592834,8.485275891141253,0.8289554442385895,9.315901902451987,1.2952878212574863,,
2015-10-31,38.7789474072,404.0361704953581,67.87250871724584,11.085037,1.3917351,7.507409,0.8626579,7.820715140899295,0.7964920131151082,8.619577420035743,1.2628258797332088,,
2015-11-01,243.21422739847168,253.16780533021424,68.06075132207056,11.659962,1.5375023,7.7076616,1.7458104,9.64418540478579,1.1663374703066895,10.530203329314741,1.6326684581818318,,
2015-11-02,264.5167324273686,328.5009665159784,68.21413565385012,11.656271,1.4988896,8.578245,1.509145,9.951204744307026,1.0704571707415993,10.851897143771984,1.5367880479923803,,
2015-11-03,215.62019451360072,408.2263213397208,68.31228153769618,11.863899,1.5310354,8.545821,1.2856241,9.692649158695174,0.9938633573325201,10.58098348499594,1.4601943205792351,,
2015-11-04,249.89064282378283,456.1811769082138,68.3141722921156,12.165791,1.5755593,9.8180685,1.2490336,10.648966660487535,0.9808938216406728,11.583009694366133,1.4472248484264005,,
2015-11-05,244.07889720155447,494.88860918121065,68.27564281491357,12.667381,1.6070503,11.395614,1.0205326,11.815674951251408,0.8653680604878626,12.805482653235742,1.331700581331153,,
2015-11-06,235.20735865691165,495.6434620772436,68.23299441590606,12.700724,1.576264,12.291791,1.0709968,12.42339644746877,0.8859343528610477,13.442251159580286,1.3522682686341114,,
2015-11-07,228.6853474964322,477.2143395412255,68.17786783244937,11.830975,1.3101646,11.289519,0.82649773,11.464930758092429,0.7016745705307578,12.437974086602809,1.1680064785489384,,
2015-11-08,245.5077734028331,498.42228893596575,68.05032520617826,11.266661,1.1689565,8.035151,0.81930906,9.10159602444854,0.670924261759899,9.961680031346381,1.1372557087736237,,
2015-11-09,239.9244768697048,502.7352003680771,67.91762149940465,11.133379,1.144348,6.708128,0.9546626,8.137754580263206,0.7445204498713023,8.951770260856142,1.21085354284332,,
2015-11-10,143.4004426723062,573.9249730381687,67.88634030198507,10.580107,1.4464656,7.014552,0.799013,7.727341736718411,0.7016388940143775,8.521741086316027,1.1679730103995065,,
2015-11-11,38.7789474072,4051.759830495358,69.4958093546689,11.217585,1.2209419,9.556017,0.8976238,9.571768843561554,0.8891894961211028,10.454325504007619,1.3555205258032332,,
2015-11-12,38.7789474072,2981.1247304953586,70.40653747835246,11.208204,1.1985787,9.369048,0.83025974,9.392664944574225,0.8197427737232331,10.266661050884746,1.286073932566906,,
2015-11-13,100.72364740720002,2664.432780495358,71.11605712304625,10.674517,1.1093282,8.651963,0.7588986,8.725636809117242,0.7323705900832537,9.567751250674535,1.1987025527271014,,
2015-11-14,38.7789474072,1951.951440495358,71.64681599542413,10.077152,0.99922925,7.3350782,0.7276096,7.388493179290891,0.7137013781292272,8.166696726139321,1.1800364846652678,,
2015-11-15,38.7789474072,1342.4540304953582,71.99985454972779,10.281054,1.004845,6.801438,0.6427691,6.899130160071986,0.6253596547551116,7.6539438274055485,1.0916964230390767,,
2015-11-16,38.7789474072,1070.1497304953582,72.24335023126345,10.051355,0.9792388,7.1341963,0.6321008,7.2362085756550565,0.6109568461854774,8.00713343900857,1.0772924404847073,,
2015-11-17,38.7789474072,850.4981104953581,72.39603334752906,9.743044,0.9426297,6.550746,0.6728776,6.689953371514844,0.644846709838938,7.4347691033904555,1.1111842719927183,,
2015-11-18,38.7789474072,763.0789904953581,72.4802117079009,9.958788,0.9737492,6.1542773,0.6226356,6.338268664337077,0.5943925082624448,7.0662750693836225,1.0607315179316559,,
2015-11-19,310.4756074072,1295.6898204953582,72.73979266263933,10.09915,1.1611743,7.0244403,0.67883146,7.618788950751352,0.5918275776826624,8.40799984824888,1.0581619969739116,,
2015-11-20,316.21534740720006,1478.8033304953578,73.34427930052509,9.701448,1.0274944,7.8955603,0.7517766,8.213690412184743,0.6452497484189889,9.031335565969872,1.1115826731562815,,
2015-11-21,92.3492874072,1079.065290495358,73.76962567905329,9.3889675,0.94494444,6.5587115,0.67973584,6.781836738545158,0.6305643216769314,7.531044181277241,1.0969015289508661,,
2015-11-22,46.36194740719997,960.450230495358,74.34410971729673,8.983614,0.9048849,5.643792,0.66841066,5.797585130636109,0.6389915515811232,6.499748711005947,1.1053330625901383,,
2015-11-23,38.7789474072,844.687630495358,74.76545262488654,7.8518434,0.8800091,3.8426933,0.67839533,4.018671257146867,0.6497669567202612,4.635808835276788,1.1161190570663586,,
2015-11-24,38.7789474072,751.430990495358,75.08231250383595,7.937248,0.89096284,2.950673,0.6713592,3.1953854579905774,0.6399082371208387,3.773172789182545,1.1062664632768575,,
2015-11-25,38.7789474072,687.499610495358,75.35574659137549,8.256107,0.8871031,2.4490418,0.69022655,2.7591045385836486,0.6550872022605858,3.3160391331796806,1.1214489888595005,,
2015-11-26,54.9368420988,636.7960004953579,75.57099393925898,8.7706375,0.90403914,2.7913828,0.7718645,3.2662501839830833,0.7141818072609702,3.8474246068385454,1.1805394756466219,,
2015-11-27,73.43022015291355,608.7056053503313,75.7208726413235,8.9614105,0.9070556,4.069222,0.8817054,4.595853868057875,0.7928276595372076,5.24057880198929,1.2591759274577532,,
2015-11-28,76.7847403343978,617.1248337949562,75.82491042280937,8.244746,0.8906879,5.0420547,0.7631482,5.396449301392858,0.6858207446393264,6.079439960339104,1.1521643274488231,,
2015-11-29,82.2637030848923,598.8051627271008,75.88701618721487,8.0445595,0.8250831,3.848588,0.7861579,4.355403335577402,0.698348429930565,4.988635555995277,1.1646982481160397,,
2015-11-30,128.8978487084786,559.6104129318035,75.88515385045409,7.622562,0.840365,1.9343818,0.86911434,2.9992843534289375,0.7237122544700394,3.5676987221609497,1.1900720540559455,,
2015-12-01,219.6134220988,697.486530495358,76.01454004438742,7.9457045,0.93235093,2.3867898,1.4754173,3.717955794867781,1.1441023024437174,4.320720201845146,1.610456550462981,,
2015-12-02,369.1933620988,826.1168304953582,76.22935373786727,7.734034,0.995094,3.6210475,1.5369387,4.891418441068872,1.1057993856152835,5.550270351253263,1.5721458385249696,,
2015-12-03,344.9935420988,952.0026104953578,76.55624257824572,7.4477882,1.0183384,4.6028113,1.0011207,5.359558884804125,0.7831630960613256,6.04078630794101,1.2495068786441754,,
2015-12-04,238.34076209880004,836.7407304953581,76.78615427114275,7.3171306,0.9870297,4.324849,0.7739275,4.988224550030736,0.640866008247313,5.651703461308376,1.1072118884077962,,
2015-12-05,178.82921209879996,797.767590495358,76.97139616764403,7.0839567,0.9567015,3.511248,0.770996,4.165463509011836,0.6537258391905684,4.789617254996693,1.1200769287268846,,
2015-12-06,155.73844209879996,773.6456204953581,77.15433961050854,7.0350595,0.9385264,2.7611802,0.8160967,3.477361264596506,0.6973088031158757,4.0686260754581625,1.1636648439015351,,
2015-12-07,132.2099420988,764.786560495358,77.3421203598627,7.0705976,0.91478217,2.611874,0.83213687,3.2690534571155534,0.7221848082660391,3.8503618668442376,1.1885424547054422,,
2015-12-08,107.88899209880002,737.4952304953579,77.50828032229883,6.873479,0.88357264,2.4341702,0.8623717,3.0007203689498843,0.7607186658612903,3.569203374315024,1.2270784537653951,,
2015-12-09,96.14398209879998,715.0774604953583,77.66245451479409,7.259409,0.8990249,2.6125402,0.8307962,3.1632757633782025,0.7400429021884957,3.7395283609291985,1.2064013829678597,,
2015-12-10,85.02570209879995,710.544110495358,77.81250992220808,7.8333373,0.90989834,3.5546083,0.8491531,4.0118930839958,0.7646098136815316,4.628706688619126,1.2309619612972678,,
2015-12-11,77.82264209880002,686.0634304953578,77.95185610510212,7.990717,0.8882558,4.6526914,0.7888722,4.992760359605924,0.714259733311958,5.656456067076369,1.1806055868993712,,
2015-12-12,75.8374420988,651.1961604953581,78.07584353614979,8.136167,0.88741696,5.388616,0.8025117,5.675215219215225,0.7247369647499644,6.371529936119761,1.1910790882722457,,
2015-12-13,79.71806209879996,618.3838304953582,78.1878279779065,8.568965,0.9355808,6.8391895,0.82509536,7.036717063022106,0.7386427475082058,7.798106913999384,1.2049790209048754,,
2015-12-14,101.2098720988,646.1235604953581,78.23634739001382,8.4443035,0.95084584,8.738995,0.70758235,8.699085174023024,0.6251618201330443,9.539930538185036,1.0914938253045359,,
2015-12-15,54.9368420988,961.001520495358,78.55030193602927,8.320757,0.8580586,8.816185,0.7360905,8.789394735966907,0.6978306730785062,9.634556588482042,1.1641625368944362,,
2015-12-16,54.9368420988,719.8404304953581,78.83511428457011,8.304947,0.8472083,7.2232027,0.68439454,7.299905536094613,0.6386977761993833,8.07387489641997,1.1050331632521435,,
2015-12-17,65.96015209880004,743.2997804953579,78.99140564309369,8.097872,0.8477124,6.7965035,0.62748337,6.902573847549234,0.5804661358500839,7.657552111372552,1.0468028914832521,,
2015-12-18,54.9368420988,793.4320604953583,79.2659247249157,7.439363,0.7377413,5.856003,0.7107988,5.958534629282317,0.6664848113658082,6.668391045509106,1.132825542830827,,
2015-12-19,54.9368420988,679.1988704953578,79.54290091734924,6.559482,0.7307969,3.777009,0.68908525,3.9852270305248596,0.6398608628812695,4.600766088945619,1.1062131969707427,,
2015-12-20,54.9368420988,604.260530495358,79.78769631214617,6.7284775,0.74495083,2.444369,0.75754017,2.801402337383891,0.6971772815579621,3.3603586221747825,1.163538713440464,,
2015-12-21,54.9368420988,607.8106904953581,80.01396536577718,6.7139697,0.83573407,2.7080483,0.7227206,3.040109435705898,0.6664229418443989,3.610475103817187,1.1327824102429815,,
2015-12-22,125.64710209879996,1065.3319704953583,80.44913338183696,6.953723,0.90819323,4.534362,0.74962425,4.789602019380521,0.6773504390068079,5.4435874526502355,1.1436975058731795,,
2015-12-23,360.3606020988,1818.3049304953577,80.91593808271047,7.647727,0.9573022,6.005425,0.5669305,6.277068760936228,0.498949293512194,7.002150019801617,0.965288569527002,,
2015-12-24,857.1587420988,2633.958490495358,81.7751463933763,7.9752107,1.0494962,6.915213,0.5962579,7.175469671626172,0.518433483173435,7.94349142299266,0.9847692794169729,,
2015-12-25,337.49814209879986,1953.159760495358,82.32433050083593,7.408479,1.0588665,7.60015,0.6511566,7.5719099373558025,0.5767194686005725,8.358880178260913,1.0430540228701777,,
2015-12-26,180.97734209880008,1694.011180495358,82.85314106001684,6.920283,0.9983501,7.5121264,0.6626547,7.455000612044951,0.6063994738365,8.23638298683474,1.0727343756726557,,
2015-12-27,134.30384209879998,1992.464330495358,83.47878823677758,6.719145,0.98634833,7.3687787,0.64219815,7.327754804750183,0.60485945325266,8.103055264919313,1.0711947511521354,,
2015-12-28,54.9368420988,1741.0593904953578,84.13443357458912,5.838595,0.9068409,5.518682,0.58203137,5.528467661102494,0.5649093544282926,6.217768346360674,1.0312522350679014,,
2015-12-29,54.9368420988,1833.430970495358,84.71044792968607,6.076901,0.88787395,4.736945,0.6198653,4.7759274628701265,0.6023860919015913,5.429259299082777,1.0687332421291156,,
2015-12-30,54.9368420988,2186.8515304953585,85.59702860424416,6.235684,0.9224566,4.6573873,0.66431624,4.6960646962643064,0.6484307891428772,5.345579365230409,1.1147784304916448,,
2015-12-31,730.3322014473213,3289.668363087256,85.93755508930536,6.106619,0.8810374,3.188877,0.6437378,3.7189568258414156,0.5505673340502494,4.321769078677467,1.0169215747487166,,
2016-01-01,705.9758213187399,2575.739781095891,86.18373423252984,5.709971,0.8266001,6.035577,1.3274267,5.965531179967846,1.0569313424156752,6.675722007400892,1.5232720406654996,,
2016-01-02,698.2069197891406,2224.723512038383,86.3178239168159,5.417745,0.76017654,4.4370413,1.2086709,4.671304196822312,0.9377028272181362,5.319635398554621,1.40405062231453,,
2016-01-03,662.57491273019,1963.591639073346,86.38565388016039,5.280015,0.75820196,1.9656537,0.9056586,2.8018583038150062,0.7036639264802821,3.360836382242662,1.1700253545501196,,
2016-01-04,595.5866558275303,1518.47991426606,86.31199968730922,4.3503246,0.83272016,-0.24582505,0.5644332,1.0490279377552998,0.4684017466425411,1.5242267164361614,0.9347795876125178,,
2016-01-05,485.8114110557054,1178.851874896677,85.9464318053766,3.9328089,0.84922236,-0.98786867,0.51067644,0.4481702731989455,0.4384142226519049,0.8946501094431885,0.9047984984055353,,
2016-01-06,387.7894737036,1032.6520725141656,85.72160667274228,4.0978804,0.82261056,-0.9391643,0.55237263,0.43598057942147694,0.46010305894714193,0.8818777899715406,0.9264874695164792,,
2016-01-07,387.7894737036,952.279394879751,85.73099003509243,4.430979,0.80951536,-1.0091921,0.6785366,0.5650859399340495,0.5360743376062361,1.0171539453920173,1.00245732892412,,
2016-01-08,387.7894737036,856.3778768853025,85.78034304964471,4.533723,0.804087,-1.1904484,0.857562,0.5936953192232526,0.6412742868978832,1.0471307552149736,1.1076569662932605,,
2016-01-09,387.7894737036,880.0384341179804,85.84908654845293,4.330037,0.8033843,-0.45740497,0.9268909,1.0069259812785296,0.6887131956130946,1.48011243035814,1.155091474017588,,
2016-01-10,1952.1261737036,5035.119130495359,86.57491074279133,4.8322406,0.9299077,-0.14337301,0.76705354,1.2467349777053838,0.6107621328585348,1.7313834770681527,1.077137946781245,,
2016-01-11,1298.1926737036,4579.371356208751,87.42791590802086,4.506134,0.8992586,0.35237622,0.8244293,1.2698273861549902,0.6723431921152073,1.755579623704201,1.1387187721915688,,
2016-01-12,875.9991934226929,2827.391691496144,87.32386732798464,4.403734,0.9021317,0.016859412,0.7425009,1.0545297260887598,0.6057035431223455,1.5299914714450382,1.072081327079106,,
2016-01-13,741.700190682722,2364.0649080289004,87.01009368524711,4.162478,0.8786902,-0.42378938,0.6760218,0.6714754759405008,0.5557204111287657,1.1286285375451415,1.02210224723301,,
2016-01-14,581.5928592157821,2048.3112294725006,86.81778071590797,4.385294,0.83654016,-0.38847172,0.706557,0.6672276258430548,0.580568128117692,1.1241776547335867,1.0469500100984812,,
2016-01-15,421.1728190608947,1925.9397889898355,86.71526115016313,4.311513,0.73760396,0.2661122,0.9316636,0.9920308658317076,0.7758563054680874,1.464505379309365,1.2422347391165018,,
2016-01-16,536.6185337036,2212.677565825737,86.69430051131476,4.725526,0.73952854,1.4409201,0.92549145,2.0820225105451833,0.7587076320570184,2.6065948986901035,1.2250753752758254,,
2016-01-17,427.36180370360006,1940.7982230277075,86.6752684326824,4.160515,0.7950747,0.6265296,0.75311166,1.2642779937194273,0.6336618743166449,1.7497649892798672,1.100037510533528,,
2016-01-18,387.7894737036,1484.788580646667,86.6443632133854,3.91179,0.8030794,-0.30281305,0.63589567,0.5699829592866689,0.5309286288124505,1.0222850255300686,0.9973115666726978,,
2016-01-19,394.6446737035999,1199.0274408738094,86.68733664813085,3.8918347,0.7730673,-0.8962029,0.6888073,0.28946980330264355,0.5524643406191182,0.7283642995762607,1.0188503848624895,,
2016-01-20,463.4210037036,1071.07492796095,86.64277973124331,4.1776905,0.7435563,-0.9304453,0.894463,0.6122224640549221,0.6634887161526293,1.0665434342377205,1.1298711940494117,,
2016-01-21,465.3184937036,944.0599842762236,86.47001858898253,4.023366,0.8027787,-0.9713048,0.8528541,0.6777289704814878,0.6297664875908405,1.135180927748686,1.0961482561952345,,
2016-01-22,429.4558537036,758.241608569662,86.27461450338963,3.7803147,0.81781775,-1.4458734,0.83644176,0.44384780583962347,0.6104070308455832,0.8901210429197064,1.076791354385444,,
2016-01-23,420.3647537036,689.165190495358,86.10045746574583,3.7746904,0.826483,-1.5084785,0.8828976,0.4931420829394491,0.6314962419974851,0.9417714179608472,1.0978800218410356,,
2016-01-24,408.1017537036,689.6375404953578,85.90614287342176,3.7921367,0.81627095,-1.485212,0.88425326,0.47672493707405617,0.6330003564498882,0.9245695886422941,1.0993843170594702,,
2016-01-25,393.0926937036,708.848980495358,85.72784963303741,4.1315575,0.7806808,-1.2747544,0.8845033,0.653824707276673,0.633475632798722,1.110134122475317,1.0998576596655358,,
2016-01-26,387.7894737036,771.051010495358,85.55936767921139,4.811463,0.7064329,-0.98986137,0.90596616,0.9514692175289546,0.6474941485114315,1.4220050228707988,1.1138730061985067,,
2016-01-27,387.7894737036,762.622460495358,85.41077438343562,4.5997543,0.7721206,-0.07737589,0.8882569,1.49922620772786,0.6437935772984806,1.9959429247876113,1.1101668674721434,,
2016-01-28,387.7894737036,722.043760495358,85.2332494000675,4.4314322,0.73149204,-0.35630834,0.8793764,1.3165875010800216,0.6266090606505619,1.8045747122811924,1.0929841690758773,,
2016-01-29,387.7894737036,720.6429704953581,85.04208528080575,4.646247,0.748715,-0.35461795,0.8910531,1.3949543941965528,0.6357817868477842,1.8866872750048709,1.1021561104230564,,
2016-01-30,387.7894737036,548.773740495358,84.92413177919762,4.699584,0.7181614,-0.77744544,0.89222866,1.490350622315161,0.6014467291253828,1.9866431167318561,1.0678201067777957,,
2016-01-31,54.9368420988,552.7327104953579,84.72103582602372,4.36992,0.68993,0.20331943,0.89143264,0.580004199813345,0.8132374747855435,1.0327852470980228,1.279620303335769,,
2016-02-01,54.9368420988,583.707500495358,84.71329395776921,3.9817677,0.69933826,1.4078187,0.8856388,1.6292324091331043,0.811687578730071,2.1321629782160585,1.278059597871209,,
2016-02-02,54.9368420988,563.7350604953579,84.64571537906258,3.8084297,0.6838983,1.3314446,0.88019574,1.551396001746234,0.804331938476192,2.050606256626544,1.2707047162794178,,
2016-02-03,289.56730209880004,1189.300230495358,84.83166804953024,4.2933197,0.7252654,1.643944,0.9478297,2.1627008103217387,0.7753571272932294,2.691129345411007,1.2417241332344058,,
2016-02-04,54.9368420988,1347.5308504953582,85.22535876099406,3.8902552,0.6896585,3.9169083,0.8856283,3.915864222659133,0.8513655672214657,4.528087975968807,1.3177183901686484,,
2016-02-05,54.9368420988,960.068830495358,85.51628798861236,3.599845,0.64817065,2.6391413,0.8926959,2.6911390824035304,0.8451075209902235,3.244825160522442,1.311469881843756,,
2016-02-06,54.9368420988,803.9816504953583,85.78387090487266,3.5384543,0.60161036,1.546806,0.72795427,1.6741927671580568,0.6824795880879928,2.1792722876653086,1.1488511721624928,,
2016-02-07,54.9368420988,760.657520495358,86.03330814905017,3.571973,0.6210609,1.3304479,0.7753746,1.4814326665837811,0.7243558845600687,1.977298913201023,1.1907293501995624,,
2016-02-08,54.9368420988,730.7296204953577,86.17474476154798,3.3968468,0.61167014,1.6936191,0.8334876,1.8127154054961838,0.7763858872731125,2.3244158346000474,1.2427561454411542,,
2016-02-09,54.9368420988,720.418290495358,86.3027277588316,3.3995743,0.59723496,1.3405612,0.81088537,1.486450015010522,0.7546184826883063,1.9825560737316144,1.220991898814028,,
2016-02-10,54.9368420988,695.682940495358,86.45905606935881,3.256594,0.5819502,0.8146457,0.57408094,0.9933685813076167,0.5337667760651682,1.465907033012271,1.0001451957609122,,
2016-02-11,54.9368420988,537.8323904953578,86.54829231333527,2.881695,0.62229687,0.039853692,0.42115924,0.3032307035196515,0.3864546640847126,0.7427829237843575,0.8528405538423007,,
2016-02-12,56.5829720988,435.3619904953581,86.56640473768692,2.660562,0.6017248,-0.4605273,0.39637083,-0.10154301513379485,0.3575431063675131,0.31866240502901433,0.8239336307699022,,
2016-02-13,90.9778820988,331.5044204953581,86.44006062316032,2.258102,0.68074894,-0.4608847,0.3112261,0.12462538569586502,0.2848268103213678,0.5556408823003302,0.7512147220106404,,
2016-02-14,87.80234406942331,326.58444754011134,86.34506815924755,2.0545185,0.7164785,-0.5725471,0.30688804,-0.01591130438151305,0.28555969692055966,0.4083870188378957,0.7519492252197046,,
2016-02-15,68.96744260761547,390.0411530007144,86.55166106581251,2.101564,0.70546174,-0.5560404,0.35859403,-0.15672724233122814,0.32262402179496064,0.2608405604093875,0.7890151925653028,,
2016-02-16,1510.3887420988,4777.526330495358,88.1963917135736,3.2522645,0.56163573,-0.29263127,0.41898042,0.5588704770434546,0.3457455007340562,1.010641404621749,0.8121285599416705,,
2016-02-17,1279.4280420987998,4093.52653049536,89.90559352120931,2.776012,0.4761645,-0.8284613,0.47339618,0.029849360586028748,0.37807241679968706,0.45633488716587817,0.8444614162292183,,
2016-02-18,921.2517711400112,2351.1230238649605,90.07037721421203,2.6361923,0.47332767,-0.9962748,0.5013034,0.026351552788308884,0.38403390098201,0.45266989611208513,0.850422940752237,,
2016-02-19,749.7008501288329,2018.5304595886444,89.91421731434916,2.812338,0.45899904,-0.85892165,0.5952543,0.13534012364662507,0.4514953372714464,0.5668677480986372,0.9178831266343159,,
2016-02-20,486.3738737036,1479.811180495358,90.25642206420645,3.7705946,0.511383,0.16556573,0.9066743,1.0573392941281716,0.6940170839116113,1.532935327232706,1.1603948387670961,,
2016-02-21,629.5650430412275,1912.1717946983777,90.18992562458594,3.597667,0.5202055,2.2749147,0.8895076,2.6025484118695688,0.6814766992364033,3.152000158769015,1.147839816541545,,
2016-02-22,401.27737370360006,1020.044730495358,90.47333022051339,3.2321882,0.5036602,2.28327,0.8763105,2.5511749962145873,0.6447796967426086,3.0981712694569614,1.111143256822639,,
2016-02-23,387.7894737036,898.5419304953581,90.65290415813361,3.2384894,0.45697007,1.69066,0.8833678,2.157283097445601,0.6322506667013034,2.685452684378915,1.0986177219190532,,
2016-02-24,1370.7550707913826,2372.106410721603,91.05751920642494,3.755297,0.45483005,1.7443764,0.9696001,2.4808395574453272,0.636678047160262,3.0244740371442003,1.1030422183388122,,
2016-02-25,998.1184737036006,8507.697291665234,95.65187500402426,3.3191605,0.4543087,3.6401834,1.9030912,3.6064757710832347,1.7039329168566189,4.203911813999095,2.1702879873279612,,
2016-02-26,1692.5235957804814,7072.396378053184,96.85266615722912,3.0482829,0.41187197,2.0042698,1.0495726,2.2058708434355094,0.8506243815220079,2.7363627585382404,1.3169909960112935,,
2016-02-27,1722.558923123751,5689.332715029758,96.79846085370471,3.1450949,0.42264494,1.8631804,0.8785595,2.161103428745911,0.6814938977078063,2.6894556144562305,1.1478609181744086,,
2016-02-28,1593.3247950438706,4181.742840002299,96.51582569446437,3.6515107,0.37613076,3.761558,0.93253696,3.731196306516891,0.6831801261616788,4.334593564690659,1.1495342774423474,,
2016-02-29,1490.9567090339915,3390.798994745128,96.1372557243671,3.3758323,0.43468925,4.052084,0.9599104,3.8455472238283575,0.6798293024610379,4.454410064960557,1.14618262660714,,
2016-03-01,1314.5208345955948,2615.252617183792,95.72727660367339,3.4453466,0.43800125,3.9114618,0.8702491,3.7555449059362753,0.5973931698129702,4.360105943930766,1.0637471437198274,,
2016-03-02,1143.691935265556,2255.529116023117,95.3592139922065,3.0571997,0.41124603,2.8014498,0.8742453,2.8874986499545905,0.596372787557438,3.4505700441808402,1.0627335037424446,,
2016-03-03,953.5578724709252,1766.0819723692423,94.82655665351595,3.0388272,0.40588844,1.6747817,0.8672931,2.153042185122704,0.5809053085075989,2.681009070943817,1.0472724023218034,,
2016-03-04,387.7894737036,1050.487534626156,94.76102800824295,3.082285,0.39573354,1.1446176,0.894627,1.6670530864342614,0.6620710552742953,2.1717913546086933,1.1284427082827586,,
2016-03-05,387.7894737036,867.9311304354042,94.77371699441598,3.0778952,0.39245212,0.73494816,0.88936293,1.4584930164634204,0.6265450397870442,1.95326282622018,1.0929187321734555,,
2016-03-06,387.7894737036,829.1115304953579,94.82749864255841,3.1885765,0.45642236,1.4544594,0.86656785,2.0070699768181117,0.608070420501464,2.528059890063297,1.0744388553425273,,
2016-03-07,387.7894737036,804.795900495358,94.86005102345338,3.7168775,0.54632324,3.1993227,0.86615187,3.3676144574910136,0.610907192606614,3.9536337461237197,1.0772640731447503,,
2016-03-08,387.7894737036,784.2062504953582,94.88876495320518,3.7680516,0.5887558,5.0092044,0.86552286,4.598532260664753,0.6110252583701685,5.24338521260715,1.0773735093945904,,
2016-03-09,387.7894737036,761.686250495358,94.89455922638392,3.863288,0.5574847,8.026418,0.933937,6.621935773513934,0.6468092542683512,7.36350049671163,1.1131470853452,,
2016-03-10,387.7894737036,876.384660495358,94.90728887991709,4.721208,0.7749646,8.405862,1.1260326,7.2755824861266225,0.8160130800550267,8.048389287807696,1.2823485456983623,,
2016-03-11,426.7288137036,1028.2316328053932,95.18839754097874,4.1997085,0.7016577,8.777058,1.3069316,7.434556006020221,0.9462669196150725,8.214961198528417,1.412601883838099,,
2016-03-12,387.7894737036,736.4173522544393,95.33465148262535,4.3651743,0.66217816,8.229872,0.8575662,6.8967638572548235,0.6064156231764655,7.651464423402527,1.0727524001611881,,
2016-03-13,387.7894737036,646.5822304953579,95.47644276333006,4.573854,0.6650843,9.430708,0.93120885,7.609856844707058,0.6332509587808033,8.398640818068545,1.0995854035963564,,
2016-03-14,387.7894737036,698.6271204953581,95.61936371424376,4.9043465,0.67959,9.096543,1.3218021,7.6001653873834565,0.8839295169204164,8.388486142213464,1.3502639895334068,,
2016-03-15,54.9368420988,677.444570495358,95.68999507814578,4.8030586,0.6392244,7.6885905,0.92292076,7.472143184031614,0.855036837652106,8.254344915163413,1.3213716875460553,,
2016-03-16,54.9368420988,649.8777104953581,95.79481740610451,5.2270036,0.6835819,8.8380575,1.0053393,8.556593550524124,0.9285080197601044,9.390628302166135,1.3948402669349755,,
2016-03-17,54.9368420988,714.0742704953578,95.90925256844136,5.140037,0.666599,9.228433,0.97443223,8.93636464800423,0.9060727128028311,9.788551159923237,1.3724043665198615,,
2016-03-18,54.9368420988,605.322610495358,96.0580573385974,4.4740906,0.6648034,6.664203,0.88232976,6.48197500028252,0.8108046265831862,7.216850076951723,1.2771430276731044,,
2016-03-19,54.9368420988,545.719480495358,96.28603969102473,3.9238222,0.6874716,5.158187,0.8383193,5.045290238178163,0.7642364503816936,5.711496694279953,1.2305819979366337,,
2016-03-20,54.9368420988,513.6230204953579,96.402626978187,3.54405,0.7071278,4.4668856,0.83390415,4.3777169912604625,0.7564207204736259,5.012015728144571,1.2227703920122026,,
2016-03-21,54.9368420988,509.3114104953579,96.50645527266678,4.1179457,0.6892894,4.3076935,0.8209637,4.289219085736293,0.7440650240536291,4.919287925251303,1.210415280555842,,
2016-03-22,54.9368420988,479.33168049535794,96.59500740759654,4.405135,0.69645846,4.7056513,0.8182198,4.674750329149205,0.7375702016296322,5.323246244226725,1.2039179752856404,,
2016-03-23,54.9368420988,472.4178104953578,96.6715281533545,5.567982,0.71774364,5.446471,0.81353575,5.459129545128858,0.732611716480203,6.14511610546399,1.1989549634251566,,
2016-03-24,54.9368420988,464.877790495358,96.73505740123744,5.9644923,0.78229064,8.2348175,0.83708143,7.994877171697761,0.7531656811889271,8.802063800563257,1.2194991085827422,,
2016-03-25,54.9368420988,469.0810104953579,96.79447942099839,5.3778224,0.7202976,7.9813566,0.8436629,7.7084080032453155,0.7589811926014146,8.501902385104648,1.2253153608489336,,
2016-03-26,67.85884078566929,457.6668515667754,96.83232674882497,5.7646375,0.7605381,7.7638936,0.8323621,7.505738378638052,0.7315048353282884,8.289545845232611,1.1978395844031666,,
2016-03-27,106.6822479993572,453.2142658027152,96.83673914295518,5.849108,0.8157602,7.95449,0.8704582,7.55333233604819,0.7215424239494171,8.339414631115151,1.187877032404773,,
2016-03-28,86.45381209880001,564.6585404953579,96.91220124395691,5.2738357,0.7157797,7.3688726,0.9241036,7.09069648292029,0.8070182438407197,7.854666365649286,1.2733543289919291,,
2016-03-29,54.9368420988,524.917820495358,97.01091070832642,4.93198,0.6882914,6.9500284,0.8484669,6.758833612913602,0.7708442723114943,7.506941584872748,1.2371815675239812,,
2016-03-30,58.97429475542931,474.4254122185654,97.05226095246702,5.940884,0.7957713,6.9048576,0.82969755,6.798277789482843,0.7431899777824944,7.548271058248827,1.2095271225748618,,
2016-03-31,67.82528514146625,455.58568073129055,97.07304195181489,6.3154063,0.86014074,9.289251,0.86689156,8.903890877343862,0.7627446959049073,9.754525254031337,1.2290763939180458,,
2016-04-01,54.9368420988,540.5675204953579,97.10649221972942,5.9579453,0.82708985,11.656376,0.98272187,11.13068069560242,0.8953204080065992,12.087748013702457,1.3616518629570147,,
2016-04-02,54.9368420988,515.000290495358,97.19548599841791,5.014349,0.7283358,10.528646,0.9571201,9.997117511071844,0.8677070648812953,10.900004383843218,1.3340379348558618,,
2016-04-03,54.9368420988,520.742220495358,97.52693517282476,3.5970504,0.7524977,6.119381,0.84276134,5.878675872974778,0.7657116722411195,6.584715313633569,1.2320527867914302,,
2016-04-04,60.073977117108114,499.3043882677742,97.59580670549862,3.0068882,0.7678766,3.9214258,0.51689804,3.8232098025582277,0.4686979552838734,4.4310049913103695,0.9350514398280021,,
2016-04-05,54.9368420988,502.9821304953581,97.66255202174304,3.8977985,0.6901424,2.7550545,0.51590365,2.867577534223142,0.47004231791631224,3.429696767214356,0.9364031989468935,,
2016-04-06,70.07884794542588,498.7946169179021,97.72357645273297,4.570438,0.7190675,3.3555582,0.5265694,3.5052177537232847,0.47012264736447235,4.097814009542557,0.9364784771916921,,
2016-04-07,991.0593420988,1110.8747304953583,98.5774872912744,5.883598,0.862415,3.8229961,0.83899885,4.794567323860262,0.6016312359352513,5.4487900817110635,1.0679782725856675,,
2016-04-08,1416.6530590943516,1826.9065304953583,99.93608630432406,5.6339054,0.6831609,3.4111314,0.8685559,4.381947406966273,0.5730196678088034,5.016448343260167,1.039369311609005,,
2016-04-09,1858.1854031655168,2171.5200224845157,99.93608630432406,5.0217915,0.56022346,3.0865326,0.85952425,3.9789228285614358,0.5303486188417649,4.59416056767818,0.996700997134907,,
2016-04-10,1432.2517612171723,2270.88493482863,99.93608630432406,4.917394,0.45836923,3.7259398,0.83827907,4.186755220904129,0.543771000509656,4.811926637935362,1.0101219454778911,,
2016-04-11,1282.4887504460933,1972.7160998160807,99.93608630432406,5.6160955,0.47083387,4.8208194,0.8828838,5.1341430493846145,0.5662884321874865,5.804596366133932,1.0326334692806545,,
2016-04-12,1418.6585375892737,2206.284734147544,99.93608630432406,5.3062615,0.46230364,5.246472,0.83778214,5.269871174447077,0.5410548735886689,5.946811831610996,1.0073991483508637,,
2016-04-13,1132.3056180476483,1776.6299507953297,99.93608630432406,5.5501547,0.3769667,6.213281,0.82232887,5.955158618684923,0.5232329444933841,6.664853673145472,0.9895736920055895,,
2016-04-14,974.1459182498764,1444.894770495358,99.93608630432406,5.862825,0.42131394,7.5923724,0.8601721,6.895884902387615,0.5410700769997815,7.650543457497223,1.0074068572180015,,
2016-04-15,368.4988545829128,943.3425028229672,99.93608630432406,6.208774,0.59062093,8.618124,0.922347,7.941332809155385,0.6836929289997197,8.745960200523603,1.1500264877351944,,
2016-04-16,437.6459256867698,1263.9518047596066,99.93608630432406,6.1463947,0.6352593,10.557238,0.9974722,9.422781820719326,0.7587262719072478,10.298217410760191,1.225057406465929,,
2016-04-17,439.7491035715668,1027.0189275400576,99.93608630432406,6.3264875,0.67063373,11.92048,1.0325266,10.243354954604802,0.7504042316737144,11.15801113545646,1.2167351037655607,,
2016-04-18,447.5203361764562,841.3449436683629,99.93608630432406,6.641415,0.7366818,13.655105,1.0557861,11.219808458402392,0.7351323934710801,12.181135778896252,1.2014639567378687,,
2016-04-19,412.4398421019859,765.5902089329115,99.93608630432406,6.571125,0.7489333,14.264339,1.0497893,11.570869839508394,0.7309005098244877,12.548976693975824,1.1972325881093935,,
2016-04-20,355.1767506908899,674.8224255272455,99.93608630432406,6.689914,0.78653693,14.235045,1.0514903,11.63324220121546,0.7403708216264917,12.614330241363234,1.206703006160741,,
2016-04-21,327.7662571299292,657.2467952738748,99.93608630432406,7.124045,0.8975661,14.963099,1.0697999,12.35462825066066,0.7737844455306703,13.370196078037068,1.2401181822615657,,
2016-04-22,337.9104235130741,678.336404468391,99.93608630432406,7.5996366,1.0632024,15.851643,1.0427574,13.1077827669812,0.7806660102595231,14.159348805707811,1.2470020026466386,,
2016-04-23,307.70486150687964,637.7550055523625,99.93608630432406,7.205531,1.009466,16.127642,1.0666392,13.223894105787517,0.7909552686074539,14.281009869602315,1.2572916664617084,,
2016-04-24,272.78720547641814,585.2521044711392,99.93608630432406,7.6721125,1.0683825,15.318392,1.0511849,12.887492483413848,0.7933772215669637,13.928529399610602,1.2597124870674565,,
2016-04-25,239.9109308121878,558.1713745053469,99.93608630432406,7.42868,1.0677067,15.05367,0.9968235,12.761527336081375,0.76750355797646,13.796543548825953,1.2338384327756218,,
2016-04-26,295.8504269250482,748.3299544700742,99.93608630432406,6.380409,0.8872753,14.2161875,0.9553016,11.99605528644486,0.7293297685776056,12.994484551852114,1.1956626593729112,,
2016-04-27,406.2981765130427,611.1755886125725,99.93608630432406,6.740722,0.8413588,14.161191,0.975215,11.198045352236162,0.6752991260649636,12.158332470648734,1.1416306620447718,,
2016-04-28,205.797576411171,495.7054824268975,99.85582074926566,7.0548897,0.895823,13.556142,0.9877666,11.648891522391944,0.7458248548107232,12.630727546597427,1.2121570667013595,,
2016-04-29,182.5117298641511,484.1902899169144,99.73668608811874,6.258541,0.7566753,12.528061,0.93861717,10.811760570138693,0.712445729333633,11.753584596415475,1.1787768711249749,,
2016-04-30,133.59056536096102,469.95785043571954,99.82015296920032,6.1382456,0.7544019,11.738584,0.9413887,10.4989940013195,0.7517983705668732,11.425868854745756,1.218129318229817,,
2016-05-01,153.2054450730068,536.819100495358,99.93608630432406,5.8654895,0.66441417,11.163133,1.017692,9.986902362175229,0.8053608057443896,10.889300985748084,1.2716916771293005,,
2016-05-02,596.5973565405711,916.8902060821378,99.93608630432406,6.4152513,0.80314434,10.515916,0.9510185,8.899486551944154,0.6573926737503535,9.749910416932956,1.1237243778641348,,
2016-05-03,499.5393662382148,1203.768653131346,99.93608630432406,6.351861,0.7472424,10.01601,1.1731807,8.941403231267188,0.8575882132662438,9.79383057024263,1.323919860218446,,
2016-05-04,541.9559986644699,1012.9705520985494,99.93608630432406,6.858475,0.7817596,10.281402,1.2464211,9.088370678116375,0.8564892328855728,9.947822558668124,1.3228206952944306,,
2016-05-05,463.6868154234233,989.2544934006168,99.93608630432406,7.7084894,1.0881206,11.537563,1.2372428,10.315565522215152,0.9111615686652592,11.233673121359107,1.3774924545287877,,
2016-05-06,780.6833465134964,1455.4870168470682,99.93608630432406,8.543919,1.0408807,11.055333,1.1732743,10.178557588456226,0.8457160206753238,11.090116676704696,1.312046885486395,,
2016-05-07,871.7686779230888,1874.3160152653352,99.93608630432406,9.096226,1.3567816,12.256623,1.2323074,11.253327345417336,0.944971908053112,12.216256754131928,1.4113035144061952,,
2016-05-08,723.0748653968363,1494.1097913553676,99.93608630432406,8.705904,1.3237062,12.44723,1.0870405,11.227097849974705,0.8502703959060902,12.188773578468183,1.3166019684335626,,
2016-05-09,531.1059393511415,1208.892187702231,99.93608630432406,9.181963,1.7809632,12.575421,1.0596457,11.539623727953028,0.9151563684922037,12.5162371250976,1.381488395223233,,
2016-05-10,411.5580037435346,1075.2382113053009,99.93608630432406,9.778965,2.1987162,13.015733,1.0737344,12.119767556213397,0.9866098305432855,13.124109845226346,1.452942996581135,,
2016-05-11,355.7534606083756,979.1887573392696,99.93608630432406,10.844633,2.469668,14.490433,1.1045227,13.518850733644932,1.043812684908806,14.59006441601252,1.5101501821051708,,
2016-05-12,315.2008325840097,877.9782648207787,99.93608630432406,11.141949,2.5386178,16.996119,1.1306574,15.44962882456006,1.0686043866426649,16.613127099638668,1.5349515375972935,,
2016-05-13,527.199981015957,1286.4658707994606,99.93608630432406,10.892641,2.392185,16.122173,1.0583837,14.602042522361833,1.0232932445232485,15.725029069524194,1.4896356325913416,,
2016-05-14,460.3966069183468,1418.8351561131044,99.93608630432406,10.846029,2.4571989,14.643773,1.035029,13.713356515821078,0.9864425920108256,14.793866909691932,1.4527808685992716,,
2016-05-15,394.85924336495793,1145.2102418374077,99.93608630432406,9.262316,1.9776788,11.784369,0.94421476,11.137738759745174,0.8660775526055428,12.09514342918445,1.3324090158023087,,
2016-05-16,258.3555772712159,926.5776727847124,99.93608630432406,9.661097,2.1527395,10.482872,0.9430813,10.303697134026978,0.8741579404858852,11.221237464785593,1.3404888236763601,,
2016-05-17,225.617979866502,808.5743336296383,99.93608630432406,9.639511,2.1154265,10.71891,0.9538989,10.483429984799718,0.8770376435976418,11.409560931439257,1.3433685845227243,,
2016-05-18,130.2156489266568,677.100060495358,99.93608630432406,9.678452,2.1551142,11.292668,0.9515437,11.032303919783123,0.8704820382235159,11.984669164283183,1.3368133841663816,,
2016-05-19,146.25241113408003,602.5273721608994,99.93608630432406,9.555983,2.054101,12.635458,0.95405304,12.033971797626823,0.8662227812721464,13.034213342657463,1.332555754566026,,
2016-05-20,201.5407429936012,556.7020603629921,99.93235231134484,9.929031,2.177991,15.163089,0.98568773,13.771877674686744,0.9267505071788684,14.855185179906803,1.3930890267316483,,
2016-05-21,218.8146049835192,539.4198249478826,99.89556583322035,9.596741,1.9427047,16.297564,0.98228323,14.363810820489157,0.895906484294762,15.475410706656337,1.362247681577092,,
2016-05-22,156.27000450934912,499.7060914278324,99.87972738246413,9.569836,1.9559712,15.172382,0.94805217,13.837714823055359,0.8594744526482678,14.924169118914405,1.3258132502214852,,
2016-05-23,192.9081237056522,485.0315908710661,99.89766237094311,9.801445,2.0314796,17.781166,0.998544,15.510531998022097,0.9189832523532032,16.676941236605106,1.3853307771838388,,
2016-05-24,206.95913166366483,493.7972815577379,99.90419149394599,9.574558,1.9195677,20.081177,1.0573089,16.978186046054493,0.9362113395507933,18.214744131209066,1.4025691569130458,,
2016-05-25,223.7829893500599,496.5850572383341,99.75789543236968,9.479383,1.8352561,22.457642,1.1375991,18.425933899785022,0.9695440020286804,19.73168938346945,1.435914385713642,,
2016-05-26,225.65332818722493,488.1751908847851,99.58911608842048,9.14707,1.6382922,24.775656,1.332197,19.835194123133306,1.0479765807723609,21.208307428178706,1.514361498704852,,
2016-05-27,227.0377725284194,488.8924343606443,99.39378182681604,8.729717,1.4584122,26.761078,1.5534843,21.042922796968433,1.1572734518930687,22.47376140420921,1.6236726324995727,,
2016-05-28,163.12288522179563,496.02231636231454,99.28449653278592,8.42886,1.2611451,27.338293,1.668813,22.65865447548749,1.294022996947588,24.166719533859037,1.7604438662960766,,
2016-05-29,148.77178967953623,437.1082579508976,99.15763316783767,8.091377,1.0747736,28.99465,1.9329833,23.686707942789354,1.4677398547098721,25.243910442672956,1.9341760776086576,,
2016-05-30,103.4105262964,585.9817304953581,99.04312093537737,7.6863847,0.9195327,25.894619,1.5239881,23.16333926391691,1.3027089559527916,24.695526529996737,1.769137211596354,,
2016-05-31,103.4105262964,497.68784049535793,98.7810521635723,7.526309,0.81413317,25.424046,1.4810139,22.344991520451885,1.2341991898895215,23.8380645617759,1.7006156153455627,,
2016-06-01,165.42851215550476,498.877924918346,98.62400028036305,7.444921,0.73474115,26.468466,1.5614277,21.73113897118435,1.186783214542912,23.194871959003347,1.6531912685344636,6.627342363361993,4853.372657636638
2016-06-02,200.7920348341384,510.02985776687126,98.35381525779925,7.418985,0.6793652,27.201723,1.614834,21.613521186465473,1.1744625007188154,23.07163244623119,1.6408689998649495,4.1325259632250635,4849.240131673413
2016-06-03,214.76652623988934,496.23623677009226,98.25185626178062,7.2479215,0.623928,26.789768,1.5560696,20.88692963436237,1.102272145009534,22.310312301666528,1.5686693896261619,0.24329256431973023,4848.996839109093
2016-06-04,209.14079229079488,484.0735314357816,98.17731775633852,7.3423533,0.59180105,26.46984,1.5209593,20.699130979103007,1.076992914047336,22.113537512643354,1.5433878648520696,0.10622314084848096,4848.890615968245
2016-06-05,189.30590000000834,1106.338930495358,98.4355841605865,6.9408145,0.56668824,19.276564,1.0629041,17.474194630985956,0.9113727477191971,18.734460230979728,1.3777346004756597,8.331454472555816e-12,4848.8906159682365
2016-06-06,122.80000001083963,801.5518304953581,98.79716370925455,7.316156,0.5863237,19.93673,1.0336968,18.260088159586747,0.8997483284060269,19.557916783805002,1.3661171510092132,1.0839633903271169e-08,4848.890615957397
2016-06-07,125.29772007242003,684.367260495358,98.83080452750676,6.908147,0.59383553,20.604761,1.0562524,18.485175145061735,0.8975117600046433,19.793762157764327,1.3638827089427112,7.242003580830009e-08,4848.890615884977
2016-06-08,122.80000000000135,662.2323804953579,98.86153027027838,6.7572484,0.5845238,18.464912,0.99723697,16.633521536281485,0.8461969849999113,17.853605836045595,1.3125521639391056,1.3519682997475921e-12,4848.890615884976
2016-06-09,122.80000000000138,569.930190495358,98.79364222881067,6.8462625,0.6113253,17.44937,0.94660234,15.569760956040342,0.7863021525046665,16.73900113635256,1.2526500450022664,1.3778470671136768e-12,4848.890615884974
2016-06-10,164.72239448795534,500.791853744224,98.59460104715643,7.1678624,0.6359561,18.858067,0.96793294,15.964607217149208,0.7451730157318078,17.152719699028005,1.2115234617812722,1.3867943194607142e-12,4848.890615884972
2016-06-11,222.7098674591399,550.9975065972232,98.28321631161742,7.0491433,0.62832284,21.487713,0.99589103,17.33160421017438,0.7319238175182534,18.585054475474326,1.1982844813824869,3.010591490210337e-12,4848.8906158849695
2016-06-12,266.2649010183696,541.5011322606649,97.98622794937444,7.1452317,0.6087585,22.482359,1.0447565,17.42676301748027,0.7285519587640559,18.684761548485326,1.1949134134638684,5.704315538509811e-12,4848.890615884964
2016-06-13,268.5551376991046,547.9895287982974,97.65264384659353,7.078756,0.5909079,21.37938,1.0001191,16.676016372078795,0.6987581655732579,17.898131779732687,1.165113662470183,1.368227258663197e-12,4848.890615884962
2016-06-14,283.3408085656978,544.2944176436354,97.28756248322448,7.206318,0.6156534,21.870773,1.0181986,16.850398973514004,0.7020059618474235,18.080849273419396,1.1683627851468175,1.3794557057794243e-12,4848.89061588496
2016-06-15,286.5997679703673,545.8733789174347,96.90270809105854,7.3704176,0.6388554,23.826103,1.0901893,18.16082055618172,0.7479341293817676,19.45390452828654,1.2143020326402911,4.508915742338471e-09,4848.890615880451
2016-06-16,271.6932784922494,529.631611839691,96.59068601602876,7.147288,0.6138204,24.398495,1.1045413,18.549385313868893,0.7591266536814022,19.861041353148984,1.2254982198158975,1.2226375603396597e-07,4848.890615758188
2016-06-17,268.183387204133,514.6738645949816,96.26972299068612,7.383712,0.64391154,25.072206,1.1932129,19.01265936067048,0.8148777012763679,20.346458315764583,1.281253860175518,4.514008408351939e-06,4848.890611244179
2016-06-18,284.3690822975615,516.0518041015648,95.92994661697199,7.4637637,0.6587803,27.006012,1.3769478,20.063150656990715,0.9180874112168852,21.44715950512407,1.3844748935224716,0.004171463488400167,4848.886439780691
2016-06-19,320.79970348118377,555.6255893422343,95.55221317987962,7.5941744,0.66719383,28.857801,1.5481066,21.0746334832224,1.0113776424730534,22.506987752868557,1.4777772200350225,0.5279808031061196,4848.358458977585
2016-06-20,384.3330367536651,631.9271207165305,95.06281795933934,7.6617875,0.65254873,29.95466,1.6036384,21.523859031925536,1.0272521682243154,22.977684747198985,1.493657492707282,2.8038640504516765,4845.554594927133
2016-06-21,406.7403985173296,662.1244648717902,94.57146851497376,7.487828,0.6397568,29.491575,1.5166621,21.11838109969891,0.9705483759533997,22.552826355868902,1.4369485030365838,0.6236119435372701,4844.930982983596
2016-06-22,464.8628802606429,710.4358898195101,94.03174836133836,7.3138266,0.62889874,28.353672,1.2985796,20.031836411966605,0.8234260365051767,21.414348546230197,1.2898131630241845,0.003485716338524104,4844.927497267257
2016-06-23,410.6956699656184,648.8050238365079,93.56963708136152,7.3820496,0.6410267,27.194477,1.2188598,19.51455932203766,0.7866661611200293,20.87234737962592,1.2530475726641552,0.0001487133623507411,4844.927348553895
2016-06-24,417.9121312056875,649.3761549626598,93.12725059540035,7.6014767,0.6653634,27.980364,1.3369156,20.000716470407703,0.854131583075613,21.38174117784298,1.3205183571264316,0.00294454844882033,4844.924404005446
2016-06-25,415.6090403740994,640.2453605129183,92.6844017666746,7.646008,0.6740673,29.873793,1.5869641,21.124415619184372,0.9982066490034318,22.559149304757796,1.4646068520589623,0.6418284910527997,4844.282575514394
2016-06-26,429.202116003922,643.8532333013544,92.23060079374663,7.7509875,0.6786987,31.187937,1.7340991,21.813594426115028,1.0753220556458516,23.281268502819838,1.5417312090851274,7.413590014223708,4836.86898550017
2016-06-27,403.868907053608,669.2578248615789,91.64711853020063,7.515148,0.6257731,29.413273,1.4539886,21.171961348037858,0.9368670436901977,22.60896755692353,1.4032678467849393,0.782565971791662,4836.086419528378
2016-06-28,353.8406442706761,982.794752219257,91.3210293897443,7.469273,0.6369452,22.81942,1.0442111,18.755854106724314,0.7860795499203458,20.077378648524633,1.2524531326121076,6.558425668839664e-07,4836.086418872535
2016-06-29,159.60780013454334,780.2472804953583,91.14453024802623,7.580986,0.60489017,20.803177,1.0366417,18.557761773737028,0.8667064683592451,19.86981817916532,1.3330781153569826,1.345433343108406e-07,4836.086418737992
2016-06-30,310.5346705922279,659.8704683977732,90.8139811594043,7.6250024,0.65749043,24.691322,1.1212796,19.230011551787545,0.7909615357292176,20.574199198635746,1.2573399339736273,2.1996766194928515e-05,4836.086396741226
2016-07-01,485.3881424266066,852.2036121117509,90.30572162047315,7.3154397,0.6409718,26.335375,1.04861,19.433380295313242,0.7074201416116477,20.787288272920698,1.1738006840488402,8.803208288360687e-05,4836.086308709143
2016-07-02,329.19398679825866,634.070215154779,89.98339580123572,7.6497636,0.6689113,24.270487,1.0434093,18.59038147922818,0.7238697725440345,19.903996995074067,1.190241735204908,1.7395932658062544e-07,4836.086308535184
2016-07-03,339.04207962664015,588.6487956626706,89.63190211798751,7.7232623,0.6838446,24.832405,1.0549698,18.57954704960338,0.7145441652277648,19.892644716748844,1.1809160229081686,1.5919679217267919e-07,4836.086308375987
2016-07-04,388.6902244294263,645.7752503786553,89.22583762966755,7.904182,0.6914968,26.30002,1.0912462,19.38796498142058,0.7290887491175125,20.73970226226845,1.1954688086228875,6.550179804860167e-05,4836.086242874188
2016-07-05,562.225603110353,753.19308481951,88.56294169209711,7.664144,0.66356456,29.719698,1.3222814,20.29289170835924,0.8085000139544961,21.687881393417513,1.274890140821302,0.014626962291406566,4836.071615911897
2016-07-06,446.014544658115,712.1413893477555,88.03756315758967,8.002943,0.6982079,28.75572,1.2361783,20.763669882883008,0.8062733177200376,22.181161155408834,1.2726690522688813,0.14396522161737588,4835.92765069028
2016-07-07,369.548308202948,610.8186852670274,87.59542327440154,7.821557,0.68093556,29.031515,1.3572639,21.036443707973422,0.8837412207167852,22.466972636907894,1.3501403203592726,0.4578301254217274,4835.469820564858
2016-07-08,469.2383801314461,556.54422481951,87.16450415520586,8.025402,0.6880644,31.359838,1.7212058,20.685634134259402,0.9854664946664362,22.099395564752882,1.4518612821709884,0.10203896173740051,4835.367781603121
2016-07-09,385.9489646629201,524.1567077179188,87.05668064647124,8.04199,1.1886506,28.405935,1.5645723,19.7701870106089,1.0324918952858468,21.140193197891332,1.4988760928152975,0.0007737594591452951,4835.367007843663
2016-07-10,337.44876233752854,269.4154462001553,87.09249654606326,8.295294,1.0487844,29.903112,1.7799356,17.888016543281584,0.9820945448254749,19.168061416103644,1.4484599796054276,3.9970061269859403e-10,4835.367007843263
2016-07-11,222.27056441205266,429.22760171668295,87.09557653834207,8.300961,0.9580291,24.563974,1.0718462,19.015548531997865,0.7781395337386353,20.34948557960528,1.244515722050211,4.801849379849913e-06,4835.367003041414
2016-07-12,202.95376670855455,664.0744070325915,86.88231608779124,8.500814,0.89430135,23.00379,1.0043428,19.608936553228066,0.7972216937748673,20.971235519854805,1.263604125198874,0.0002838789725704892,4835.366719162442
2016-07-13,338.81662631346904,508.11988188376006,86.47317777428567,8.400873,0.8336744,28.143463,1.2734996,20.245447572798923,0.8336555404048875,21.638169590357077,1.3000451161954003,0.011544782141935467,4835.3551743803
2016-07-14,298.9001584332149,449.6961600243701,86.08763459617103,8.227819,0.797742,29.624578,1.5064467,21.081262796602996,0.9593716971072836,22.51393392476757,1.4257713578005184,0.5550198544142841,4834.800154525886
2016-07-15,291.1084267167976,421.0871689731879,85.64934481587692,8.385242,0.7913779,30.88532,1.7934405,21.688461814812545,1.1086170163422924,23.15015498044153,1.5750245043360755,5.55506008236586,4829.2450944435195
2016-07-16,308.38782414438526,463.107710834249,85.18778591360832,8.594978,0.7751005,30.001371,1.6930085,21.44465177024023,1.0624463068380239,22.894691649161604,1.5288506012730387,2.267685397903517,4826.977409045616
2016-07-17,347.2436622621998,427.98544679035575,84.76892118614506,8.461451,0.725897,31.53085,1.8497295,21.19751385349604,1.0717052932458293,22.635741384795747,1.53810641988742,0.8897587725174233,4826.087650273098
2016-07-18,340.92572332984247,488.6474536191104,84.35292727820368,8.273473,0.75114214,30.96545,1.6421369,21.63983675661945,1.0153393471701175,23.099205810683248,1.4817461928208975,4.486912397118422,4821.60073787598
2016-07-19,298.0053870943418,499.7573027577955,84.05700069836237,8.386131,0.77583605,27.853615,1.2779657,20.581508658172602,0.8514226365979316,21.990293246844267,1.317816171275375,0.06378022318807412,4821.536957652792
2016-07-20,317.47605678674876,480.3430238879207,83.68916358132734,8.552134,0.78166234,27.416655,1.1528211,19.909897862404435,0.7605891982382024,21.286581750825036,1.2269749499975795,0.0018069187690144075,4821.535150734023
2016-07-21,344.83927443958333,510.4538186656717,83.24919472837043,8.647621,0.77954566,29.004713,1.2747552,20.7970882590238,0.8231614554871051,22.21617681569415,1.2895575977315916,0.17181094655133722,4821.363339787472
2016-07-22,366.0979709772964,511.3658398824903,82.81439165945982,8.690472,0.77716815,31.525997,1.6224022,21.99849363074363,0.9995537478821228,23.475005257383376,1.4659653949938194,16.184223454690063,4805.179116332782
2016-07-23,403.1359432574035,511.1167311282663,82.3508845620133,8.685751,0.7784959,33.786015,2.0823486,22.718156923967964,1.2137018866130438,24.229065995977933,1.6801236116673604,47.71526761978393,4757.463848712998
2016-07-24,414.23216479722817,511.3527432830281,81.84121216085565,8.73263,0.78058016,33.911144,1.9893788,22.64286355254952,1.1532440179157837,24.1501738587832,1.619664660854268,50.8281398785365,4706.635708834461
2016-07-25,345.80774703187114,481.2656241316104,81.44952176584063,8.745647,0.71504986,31.466019,2.4155514,21.966401512961106,1.437028784331077,23.441379246072263,1.9034399958242905,20.475370998983117,4686.1603378354785
2016-07-26,294.4273450679271,384.1220037815074,81.10621125614632,8.727156,0.74017924,30.388443,1.5766474,20.98945775563432,0.9485554718868459,22.417740916660428,1.414953985819315,0.46414793306686314,4685.696189902412
2016-07-27,347.37064997697314,473.5215998111029,80.62491495179587,8.785185,0.78767127,31.317198,1.6211394,21.7824994490915,0.9927606126913241,23.248687292187448,1.4591693506023153,9.63739669351494,4676.0587932088965
2016-07-28,368.8562805323232,497.0227977342343,80.11419850583714,8.725994,0.7932454,31.672277,1.551557,21.897378232595734,0.9525596207378468,23.36905688884971,1.4189698992982287,15.129252663704426,4660.929540545192
2016-07-29,356.0595607241416,466.1874661852754,79.65483084664493,8.748941,0.809142,32.106915,1.760105,21.99215658406355,1.0576478496275419,23.468365321534097,1.5240594106268615,27.96983916673276,4632.95970137846
2016-07-30,305.4765304641398,377.1325816724847,79.31401248241686,8.712755,0.7239139,30.848703,4.3023515,20.94257624855335,2.3989676069173957,22.368618633797404,2.865365538957413,0.40446208344376383,4632.555239295016
2016-07-31,593.6051010584382,538.2654104953581,79.27058035728776,8.413187,0.7205812,30.220072,1.2555636,18.783535631501834,0.7066308759222832,20.106383255561962,1.173004732682132,1.0584381804825588e-06,4632.555238236578
2016-08-01,228.54397000087752,386.089510495358,79.2662829281524,8.849968,0.834735,23.317617,0.9707117,17.937998262763543,0.6842164167467136,19.22043209092288,1.1505822974206532,8.775341077263195e-10,4632.5552382357
2016-08-02,122.8000000409213,493.472070495358,79.33465902396068,9.035313,0.9292523,20.70849,0.94482684,18.382462156377468,0.77888792989698,19.686139839327737,1.2452579013471745,4.092131070772455e-08,4632.555238194779
2016-08-03,190.17825941207195,442.91275583561287,79.2332730136677,9.037989,0.93121976,24.147844,1.0640897,19.608898130489322,0.7952635016982507,20.971195260640492,1.261645932704973,0.0003628142512985834,4632.554875380528
2016-08-04,277.0317650714361,512.7965796615608,78.96671933696967,8.959293,0.8923606,27.248613,1.1962215,20.833646569955427,0.837345364412928,22.254482488919976,1.3037419541218696,0.2539137017666723,4632.300961678761
2016-08-05,317.6417806568778,545.8700062185912,78.58423044711374,8.900263,0.8668236,28.410591,1.2669119,21.233740138237287,0.8620210335020667,22.673699162114264,1.3284226201216467,1.3008363089511232,4631.00012536981
2016-08-06,304.16627371174087,533.6689251528987,78.30292396875946,8.80781,0.8874623,28.832037,1.3960456,21.562475413764744,0.9457945918213443,23.018146860086613,1.412200421090453,4.501846766813311,4626.498278602997
2016-08-07,284.7943104029395,482.0355941352432,78.00911017761808,8.954588,0.8999361,28.301615,1.3735859,21.116288354086965,0.9258781699755468,22.550633584170395,1.392278270721568,0.83289781264608,4625.66538079035
2016-08-08,315.5657780866745,503.3549393870046,77.64131977956275,8.942321,0.89572364,28.592405,1.3579005,21.020372922189207,0.9031966499797348,22.45013372249843,1.3695955490055662,0.5622695577651428,4625.103111232585
2016-08-09,330.91714913537015,509.9675996159149,77.25393111292068,8.986105,0.8568639,28.109865,1.1628206,20.58400599889419,0.7816837807820672,21.992909951915617,1.248077345362173,0.08190009357831138,4625.021211139007
2016-08-10,270.4306205316671,566.0797937145874,76.95287625439195,9.066774,0.80488914,25.841581,1.097525,20.41855088061165,0.7869752266889811,21.819546644559196,1.2533668255555854,0.03662434118833702,4624.984586797819
2016-08-11,280.95794770915086,490.0464006884284,76.55069931860267,9.182314,0.78560007,27.1824,1.2451835,20.623075948159155,0.8416170839325525,22.033847311201505,1.308011117256868,0.09892728618860362,4624.88565951163
2016-08-12,176.91032734056904,845.3888904953579,76.44011918377329,9.11941,0.83787864,23.99894,1.1182294,21.424015784655722,0.9360169172992059,22.873069334006743,1.4024209445520395,2.6467373405690284,4622.238922171061
2016-08-13,128.96975731786364,687.0414004953578,76.72049942089639,9.156498,0.91254145,23.983723,1.1134213,21.640294466451955,0.9484758980690553,23.099685397481146,1.4148827497536365,6.169757317863655,4616.069164853197
2016-08-14,211.6632901231621,679.0567904953579,76.75628784035763,9.27722,0.7851073,24.93733,1.2010721,21.215992219956156,0.9344725858697118,22.65510295400752,1.4008739469502094,1.2428301231620527,4614.826334730035
2016-08-15,213.23334698461719,458.45362049535805,76.69033423706811,9.08774,0.89205927,26.159586,1.1607056,20.739967827349084,0.8413229683113587,22.156326222641813,1.3077184144751277,0.17214698461717381,4614.654187745418
2016-08-16,219.47216917076236,485.108428776853,76.59120442284798,9.160505,0.90433997,24.986721,1.077696,20.056960115480432,0.793673617415521,21.440673076890903,1.2600610292964227,0.005434068317656197,4614.648753677101
2016-08-17,228.46954786701335,499.3052499083138,76.50567060170252,9.101805,0.9331119,25.484245,1.0735389,20.341323615252737,0.7926386615393924,21.738628179904328,1.2590293536102526,0.025120380264778194,4614.6236332968365
2016-08-18,245.5367934914921,509.7040099582541,76.22379192516162,9.128176,0.9705721,26.119118,1.0793177,20.5951823266089,0.7938282825431042,22.00462046989072,1.2602219810337014,0.08768918034028135,4614.5359441164965
2016-08-19,292.8171483180687,553.1228833646094,75.8457089385482,9.123787,0.96199405,27.448608,1.1725852,21.105579618673215,0.8358905421769884,22.53941300780985,1.3022905082321456,0.8051349342681235,4613.730809182229
2016-08-20,326.8529934574909,541.9896269815094,75.54396407304371,9.098999,0.94190085,28.579815,1.2657888,21.251257542707975,0.8654676587164688,22.6920538386384,1.3318694682989087,1.4251266418988036,4612.30568254033
2016-08-21,386.2748320534779,587.479140495358,75.40834161401864,8.96365,0.85379803,28.190971,1.1006733,20.563756861588853,0.7454361585369325,21.971692975065295,1.2118294808633747,0.07561205347788387,4612.230070486852
2016-08-22,413.64832044615537,569.395470495358,75.21696103199804,9.022435,0.92401934,25.681137,1.0193337,18.671435051473743,0.7069404260034071,19.988924651005192,1.1733131782930577,4.4615534816604893e-07,4612.230070040697
2016-08-23,356.3478612159332,545.345507197404,74.89963819951039,9.170464,1.011325,25.669298,0.9687625,19.148983581939437,0.709245229533043,20.489298368809155,1.1756227866438456,1.6414169286742877e-05,4612.2300536265275
2016-08-24,365.0173670104135,542.7037382241067,74.5216698706037,9.176271,1.0007913,26.016466,0.9638498,19.24460252022147,0.7028784071368803,20.58948756548408,1.1692569576445795,3.22353394913821e-05,4612.230021391188
2016-08-25,365.6787877479177,547.7495036979387,74.11848239532154,9.216017,1.0739703,25.819708,0.9663046,19.172642423921626,0.7215453428660726,20.51408802256439,1.1879231447981482,1.9350573649550512e-05,4612.230002040614
2016-08-26,356.04794849949616,562.3463400587933,73.72428431009602,9.276194,1.0775865,26.169119,1.0478252,19.619980391598205,0.7656214221665464,20.982807215947563,1.2320039736005,0.00039562472293734537,4612.229606415891
2016-08-27,368.8128538237476,551.2139005950582,73.36418625268875,9.238424,1.027228,27.191275,1.1209029,19.994481792054383,0.7877608815874917,21.37520850317655,1.2541475851567374,0.003806938134639458,4612.2257994777565
2016-08-28,375.7427074413854,549.457859694695,72.98778386857519,9.19771,0.9913486,27.981098,1.2340336,20.35278344576501,0.8361740313034667,21.750635751141616,1.30256485750379,0.026569508428816613,4612.1992299693275
2016-08-29,378.30922226286447,551.4911710945588,72.65419239115249,9.196774,1.0291789,28.088799,1.3604864,20.402173163925312,0.909122454563175,21.802386128999675,1.3755138605543629,0.034168602619784244,4612.165061366708
2016-08-30,381.4972794422516,548.7044812271097,72.28809383605508,9.252743,1.0514529,27.08187,1.2284098,19.769731599925525,0.8432173405711246,21.13971602013403,1.3096015330707982,0.00100640479342559,4612.164054961914
2016-08-31,392.3225649586901,542.5238968091318,72.00173306453463,9.509813,1.286572,24.931854,1.0932442,18.459759732360553,0.8330952486247913,19.76713197521427,1.299465954568987,0.0,4612.164054882321
2016-09-01,343.763364232862,582.4807034518574,71.64642959554844,9.668301,1.3771359,23.5573,1.162166,18.402580001606818,0.891830265963492,19.707219248789638,1.3582004279189914,,
2016-09-02,377.6712969709917,536.305203742591,71.15579201236852,9.689568,1.3868208,23.73049,1.3225477,17.92853171489826,0.9647001208841546,19.21051307442941,1.4310659168863893,,
2016-09-03,379.26079548181934,540.3690359444406,70.64200031104802,9.652189,1.3596102,23.424158,1.4691457,17.744516484321103,1.029377080872719,19.017702544855265,1.4957412513431625,,
2016-09-04,384.655512389703,541.3147330968701,70.1144501537974,9.621992,1.3235646,22.938251,1.5364414,17.406569887347164,1.0531139261510476,18.663603255758623,1.5194752121664132,,
2016-09-05,386.0006218641727,541.5022718985284,69.58244585106556,9.566839,1.2609929,23.066732,1.6225456,17.44845649513957,1.0829396912971305,18.7074919002213,1.5493013277341814,,
2016-09-06,384.7118886919242,536.6307903859808,69.10821028107402,9.590946,1.2792767,22.725391,1.5822086,17.24102891252708,1.065170537501966,18.490149988215656,1.531530458241767,,
2016-09-07,386.1661114863679,537.0399320608295,68.77121974876937,9.549486,1.2269008,23.040724,1.6562178,17.397499500797835,1.091600628810257,18.6540993357378,1.557961839207407,,
2016-09-08,350.1424154084209,609.0820435535902,68.45460967075205,9.594904,1.2669828,21.684643,1.4480487,17.27156687235899,1.0292325189033533,18.522147558138734,1.4955926891433302,,
2016-09-09,381.340241360956,587.4184391007791,68.12301819584154,9.835325,1.4198202,21.659689,1.4709673,17.005169922835723,1.052577015017925,18.243017745060673,1.5189350446772636,,
2016-09-10,392.98839506704303,552.1656848891331,67.79509793141011,9.957243,1.4601887,21.742496,1.5292184,16.842271261194885,1.0801585692008049,18.072333084234618,1.5465153299059113,,
2016-09-11,345.39128574712834,590.9887947265597,67.50932648549477,10.1535015,1.5339608,20.965376,1.5823944,16.977329513284296,1.1478579363921113,18.213846659100366,1.6142157470291818,,
2016-09-12,355.02875733638865,601.5558618061251,67.02809505205143,10.366293,1.5969381,19.806038,1.531503,16.302551800430432,1.1308580620090987,17.506816878184306,1.5972108352221193,,
2016-09-13,394.2578207783776,543.6471454070866,66.49928201947183,10.597666,1.6788757,20.414688,1.7486969,16.28800367282276,1.2351002134699,17.491573399807276,1.7014528838109242,,
2016-09-14,388.1603020971996,532.5475820152566,65.96373525124002,10.808807,1.7358991,20.967108,1.7119868,16.684480220686837,1.2313176931599756,17.907000171371976,1.6976732536323014,,
2016-09-15,399.8841922834077,541.8489944635963,65.38261419298905,10.922213,1.7613242,20.134792,1.578707,16.222893443046605,1.1766285210445084,17.423351123616005,1.6429807339470477,,
2016-09-16,401.5501777945644,545.9775789271633,64.73789888161257,11.386171,1.7633222,18.783323,1.3863411,15.648504641830826,1.0938660373872817,16.821508501152003,1.5602144249031724,,
2016-09-17,374.37964796001904,573.9531774704806,64.13001607224389,11.070513,1.8630642,17.843458,1.2387277,15.169657535181907,1.0502438775213974,16.31977413966221,1.5165893643444477,,
2016-09-18,355.7783864756197,612.9667543073487,63.588899198677126,10.980173,2.0414517,18.172966,1.4389149,15.531362818226217,1.179427666046312,16.698767698808386,1.6457753197280074,,
2016-09-19,210.48625666586645,753.5795013504769,64.14454575867403,11.142075,1.7962263,18.150812,1.7874097,16.620581538167585,1.4511579537339505,17.84004735025502,1.9175130362627841,,
2016-09-20,477.6730512231811,517.6978244188562,63.53806688049701,11.303131,1.958929,22.317297,1.73788,17.03165888398163,1.3041279654663007,18.27077278800137,1.7704862043388558,,
2016-09-21,397.25540451717205,621.8777693908416,63.02577437317427,11.287565,1.8963593,20.111217,1.4041141,16.671781279285277,1.1315947803765067,17.89369426398058,1.597950245492684,,
2016-09-22,349.0257396030035,625.6125573842743,62.570688719083456,11.214682,1.898404,19.562311,1.4990458,16.572958521741757,1.1781561159152256,17.790148116435176,1.6445108452746295,,
2016-09-23,349.2809877411243,622.2444604873393,62.07037421178302,11.570423,1.8513175,19.187067,1.243932,16.448745651308492,1.0381502267479368,17.65999829539566,1.5045040471568352,,
2016-09-24,346.31426463158704,617.0252930478501,61.55573088356145,11.979992,1.7398411,18.161041,1.1373465,15.938994482834886,0.9601469148402424,17.125882763566214,1.4264971898391376,,
2016-09-25,348.0275910136813,621.2866441948938,61.02068973846945,11.786472,1.751339,15.886859,1.1864775,14.41463494340804,0.9867772379196599,15.52866404891717,1.4531186837963137,,
2016-09-26,348.36413048913954,623.1714753908986,60.47631072108405,11.584644,1.8502008,13.8940325,1.026621,13.065953719615933,0.9347539182262184,14.11552047286393,1.4010897683220742,,
2016-09-27,344.88971503172155,612.2755936235906,59.94632985086385,11.7464905,1.8487282,15.672669,1.1541984,14.257972575329383,0.994409464766898,15.364513755167868,1.4607501538479783,,
2016-09-28,348.04531565040435,611.596135898832,59.39948838932515,11.841312,1.8432608,16.735128,1.0739987,14.960226193443766,0.9567796852495211,16.100332695694217,1.42312398583693,,
2016-09-29,347.41714184687095,604.1490693444647,58.90777354686113,12.708601,1.8158717,15.958575,0.7803108,14.772008563176756,0.8276329944044186,15.903118906090226,1.2939762717114227,,
2016-09-30,284.9751945858597,566.4559948095034,58.51923597120475,13.001516,1.9440851,15.122867,0.79755104,14.412847760270234,0.8396078732469099,15.526791444534556,1.3059493103318591,,
2016-10-01,314.80856124691843,566.8808325720886,58.13541070733951,13.518608,2.0790656,14.7483015,0.887433,14.309237571774725,0.9362763758561911,15.418229043202674,1.4026173094954437,,
2016-10-02,331.76818656651375,596.3941343544344,57.752871396244586,13.611019,2.1146789,15.342689,0.8621766,14.723709732930308,0.9371611428289733,15.85251155685929,1.4035041640827688,,
2016-10-03,336.7500089471523,597.1155984376826,57.32496694796757,13.501966,2.1449158,15.9272995,0.86853606,15.052729421375716,0.9521738202471207,16.19725726171485,1.4185186385949797,,
2016-10-04,341.50849958552146,600.9031061126975,56.86637129031,13.570295,2.1012442,15.8654995,0.8243198,15.033769788260496,0.9252330556553348,16.177391422946982,1.3915777670847027,,
2016-10-05,344.8245348514797,603.1175051167465,56.39306583908399,13.385269,2.0967703,15.517037,0.92124933,14.741582821485222,0.9619257566859716,15.87123891795103,1.4282688723818509,,
2016-10-06,348.7566427563921,603.7890021791177,55.90534191387061,13.329489,2.1247551,15.288698,0.9592874,14.571370568984767,0.9873849662486158,15.692891101622532,1.4537271973643926,,
2016-10-07,352.1780141660313,604.2143886266792,55.36980977718265,13.371946,2.1509366,15.474991,0.94155866,14.700574363549691,0.9905476437328323,15.828270395906582,1.456890543280986,,
2016-10-08,353.7707749415609,603.1004712215399,54.81032780952684,14.221582,2.0886977,15.5042095,0.7804179,15.030001533848914,0.9155777319118282,16.17344305885566,1.3819224221399669,,
2016-10-09,352.7947235611399,603.273862866943,54.24899174222189,13.839754,1.9420885,13.913016,0.9574015,13.885982147108193,0.9372993700510778,14.97474345606337,1.403638374599522,,
2016-10-10,354.8532176547491,601.529697578801,53.67849761766901,13.467974,1.8252758,12.109555,0.89362967,12.6135784295408,0.88009753239067,13.641523190290775,1.3464319714776978,,
2016-10-11,358.4025589117426,598.7016889019767,53.101927686403,13.485964,1.8996768,11.513389,0.9967654,12.252050066405145,0.9459408710580831,13.262715007220121,1.4122743507720343,,
2016-10-12,360.03721309217315,598.0677710618305,52.52187502034291,13.667564,2.0232763,12.571059,0.91558284,12.983104535502989,0.9511616349871665,14.028711380956155,1.41749720915934,,
2016-10-13,360.7544146242101,597.706392080548,51.92945469870476,13.917841,1.8844224,13.208947,0.7915215,13.475767230451693,0.864126907816236,14.544921668640233,1.3304642382290677,,
2016-10-14,360.50415377597614,597.8394184032009,51.30526169413416,13.631622,1.8197476,11.732595,0.9767946,12.446960411471698,0.9164632687704561,13.466941400513171,1.382797247137971,,
2016-10-15,361.0976676452224,598.0537671677594,50.70386140479266,13.646141,1.8590462,11.205239,1.0049707,12.124180663459054,0.9394135568108771,13.128733883912894,1.4057467329906341,,
2016-10-16,363.59663249450034,596.399223521673,50.10098972807495,14.271532,2.097905,12.173405,0.81619215,12.968066503567142,0.9425838233735687,14.012954582498715,1.4089193483043931,,
2016-10-17,362.5093508759047,596.9328873865866,49.500896636487354,14.47048,2.1473854,14.066794,0.9139,14.219320298535886,0.9907567735424154,15.32401403166984,1.4570972802214155,,
2016-10-18,363.005630289881,596.8276590296207,48.86412079328844,13.849993,2.2160425,14.983461,1.1308498,14.554787465197098,1.094008157716338,15.675515382160317,1.5603503044223679,,
2016-10-19,362.6645054232506,594.388654431917,48.227375957104954,14.221218,2.1160016,15.481213,0.8788104,15.003751902366709,0.9699647416185112,16.14593878471848,1.4363092846096328,,
2016-10-20,350.1233215433298,612.5249989913291,47.5898025009427,14.48056,2.1548598,15.056316,0.8347794,14.846909031038921,0.9467754172234352,15.981599360281761,1.4131190968873486,,
2016-10-21,341.87113070430064,619.8084543661198,46.99927336695629,14.349363,2.1218312,14.139651,1.1619728,14.214202624577673,1.0629272977179098,15.318651750390318,1.529267780374439,,
2016-10-22,303.81202471201414,663.117796715976,46.570295498826006,13.673433,1.8539426,11.925385,0.70829463,12.474626938555357,0.7584669406264276,13.495930293018137,1.2248009932968544,,
2016-10-23,292.45704829103704,682.7242815308014,46.188171478921255,13.723745,1.8370814,9.014102,0.69892985,10.426524835799407,0.7368654773254982,11.349935910837251,1.2031963959740115,,
2016-10-24,315.10203658712004,645.5070093062649,45.75046225901849,13.9359455,1.7899575,8.911052,0.736494,10.559333394410173,0.767903061210441,11.489092264566265,1.234234037614311,,
2016-10-25,328.08164470124694,632.2921044222674,45.213043298321196,13.589048,1.6712991,8.122529,0.71292496,9.989994339753213,0.7391175749800244,10.892540749284901,1.2054484459254486,,
2016-10-26,334.2651957716534,626.6586746999021,44.6415370814873,13.271004,1.5480961,6.7186937,0.7182263,8.997968136572009,0.7137130924187084,9.853099084663567,1.1800446654193673,,
2016-10-27,290.8977430456041,691.1678814011384,44.22552955627396,12.634377,1.5091721,5.4270463,0.5981857,7.561930205104794,0.6140652465013968,8.348423448922315,1.0803998298300652,,
2016-10-28,120.0836574072,821.7253304953581,44.05344435334705,12.34824,1.2734138,5.9808464,0.75791526,6.7927094353146815,0.6809196785681536,7.542436555785893,1.147256844487532,,
2016-10-29,264.89022807603453,691.8396816796843,43.74672883468323,12.883411,1.3770481,6.4878426,0.8062746,8.25858650066627,0.6966340318417408,9.078377534011215,1.1629668602147967,,
2016-10-30,272.7925940774608,682.4314169253244,43.39546301884617,12.976927,1.4218191,7.8770394,0.8719646,9.333463778470144,0.7435968940305335,10.204630271409952,1.2099281036355487,,
2016-10-31,279.0437013043467,660.3220338136255,43.13693196137374,12.283051,1.1896645,8.091593,0.81994754,9.336688112330894,0.676091833655965,10.208008717407411,1.142423040393094,,
2016-11-01,276.9634051396191,678.6380662870347,42.79534287344409,12.152464,1.1447376,6.3781843,0.882299,8.051752418339944,0.7090009597715361,8.861657489576633,1.1753342512446867,,
2016-11-02,278.385516808984,682.5003545424684,42.42543772647153,12.683733,1.2906061,6.821043,1.0247178,8.519567289245266,0.8182660447094405,9.351832312166092,1.2845983585698186,,
2016-11-03,279.54337704969527,690.0772214781733,42.11494680902741,12.973764,1.3330958,9.387161,0.9867049,10.42118545188522,0.8005298867333551,11.344341322623738,1.2668608034817344,,
2016-11-04,280.72404147985844,692.7148119808921,41.79400618935816,12.236549,1.1362273,9.145777,0.8048651,10.03710564986448,0.6598603348612172,10.94190381897753,1.126191200462949,,
2016-11-05,297.5146318862312,675.2328658155145,41.435683987307584,12.207922,1.1376052,7.422152,0.79958314,8.885878842183853,0.6550716482840008,9.735652305161741,1.1214033713866467,,
2016-11-06,305.1743117094471,669.3743377822312,41.06474515377439,11.668236,1.0377485,6.3329825,0.8595529,8.003686445736976,0.6739148560864204,8.81129412778855,1.1402482621856522,,
2016-11-07,311.69633656767064,663.5623676581256,40.587287722292146,11.621338,1.0244344,5.217697,0.93419826,7.264324723404676,0.7149954244291005,8.036593442510377,1.1813309266766334,,
2016-11-08,317.6860770758914,659.8696058425799,40.19313255148135,11.660826,1.0522314,5.21467,1.1452842,7.309542017302919,0.8453403547826336,8.083971968489369,1.3116757108859591,,
2016-11-09,317.4041291864603,656.2223340756085,39.80018075760757,11.116028,1.0375285,5.0420094,1.0356206,7.0221512443353005,0.7756394360511503,7.78284489897011,1.2419757608149815,,
2016-11-10,316.96561853236034,651.7500683315747,39.35832741041582,11.099197,0.97860736,4.5809326,0.905282,6.713721269996733,0.688112036505781,7.459673026173283,1.1544495059353106,,
2016-11-11,297.95913193614683,615.8545714790307,38.985161426959856,10.68907,0.95265365,4.5112143,1.0145457,6.52557282044043,0.7509924508678334,7.262531723881488,1.2173306719960024,,
2016-11-12,316.28706734421,604.9244760918499,38.56199607496488,10.2367935,0.90152705,3.6849155,1.0741198,5.934425207589082,0.7702618517567501,6.6431292758728695,1.2366026981069034,,
2016-11-13,320.18570321614834,599.7270073169799,38.13076349857132,10.205391,0.89302146,3.2240076,1.2134299,5.653954603993876,0.8499553098637613,6.349253136166609,1.316297541550671,,
2016-11-14,320.82348402540543,599.1426190250043,37.69504627863205,10.061085,0.88229716,3.4921331,1.393913,5.782950089018964,0.9585337256583718,6.48441416442689,1.4248753090203348,,
2016-11-15,297.6829497336542,603.040264357251,37.31533132743628,9.574169,0.9345465,3.6073074,1.528931,5.5793150065747374,1.0692113459066455,6.271046021133535,1.5355539614201472,,
2016-11-16,206.9114634272016,641.7028402280608,37.118900829320125,9.99239,0.8983924,4.3362436,1.0561812,5.715340648465224,0.828154784443574,6.413573223725992,1.2944967052339207,,
2016-11-17,266.90295443316853,639.0971851396266,36.811364515496294,9.67103,0.87733734,4.885895,1.137056,6.295570872465758,0.8426990798919731,7.021536469015954,1.30903827493273,,
2016-11-18,277.13963569165634,634.8354329916631,36.4731669358069,9.972567,0.9072334,4.973103,1.284246,6.492387461914302,0.935523843395457,7.227760218656285,1.4018622013075324,,
2016-11-19,281.5840684550392,635.4941977714388,36.11660911631704,9.722614,0.9514299,5.194196,1.3711162,6.584623223869159,0.994018587950722,7.324404534740405,1.4603565687987392,,
2016-11-20,248.587208774418,640.060062617607,35.833461969849054,7.8867645,0.92113215,3.9224548,1.2471566,5.031417538166329,0.934508024367263,5.696960926629006,1.400853652436147,,
2016-11-21,253.99062906804164,641.1992170498513,35.55086295180659,7.2962575,0.9241458,1.7936541,1.3021779,3.3548980014641554,0.9688684948073526,3.940309486967808,1.435225473538779,,
2016-11-22,270.8693493059006,654.4770792791841,35.24320309539311,7.510177,0.93090534,0.98655856,1.2267642,2.8961658830705055,0.9094469877561123,3.4596515414122417,1.3758076323621629,,
2016-11-23,273.55472983004137,655.5554367659684,34.98143516478469,7.6355634,0.8805695,0.50061524,1.0252101,2.6013336247941012,0.7684194748231207,3.150727309023882,1.2347826025633757,,
2016-11-24,261.6593534120445,669.8742827763831,34.70836599745308,7.4174447,0.93869245,0.8023227,1.5627438,2.6604504905730857,1.1543009819754668,3.2126697589062054,1.620663603854526,,
2016-11-25,239.80207787100744,690.3727303304258,34.514686229643495,7.89286,0.92618746,1.8930238,1.3803287,3.439801021938745,1.0519329985552242,4.029270581594627,1.518289325191227,,
2016-11-26,203.8835414122999,710.7022849609209,34.4249126914603,7.2595806,0.9281337,2.7056503,1.0843265,3.7208327286453513,0.8676347107449973,4.323734643222978,1.3339889377275918,,
2016-11-27,139.98706990409923,768.9907322507207,34.39739761049905,7.0230184,0.8859504,2.5809584,0.8751999,3.2650575395403165,0.752881233504673,3.846174958068265,1.2192389112300175,,
2016-11-28,178.7615854113226,740.2160131826269,34.476913709620696,7.4303856,0.86530674,2.2083526,0.9199507,3.2241541520490493,0.7598768624227322,3.803316528476151,1.226234861450287,,
2016-11-29,74.72074481340702,705.1329345024061,34.81226005079592,7.736464,0.97576886,4.25456,0.90518963,4.5881744516601115,0.8237824246991016,5.232532335738485,1.2901307411092495,,
2016-11-30,54.9368420988,817.9819304953576,35.708868492631645,7.729625,1.0658096,5.760858,1.0237758,5.884761741988044,0.9616869328268972,6.591092066382166,1.428028017926332,,
2016-12-01,586.7809420987998,1821.7730304953573,37.167112245870406,7.433303,1.1469647,4.415604,0.80898577,5.150787192980636,0.6726801768810037,5.822036042898685,1.1390251193572145,,
2016-12-02,54.9368420988,949.291530495358,38.16080515742574,6.54198,0.96101916,5.132371,0.702119,5.209484342944948,0.6657881377689432,5.883538715985122,1.132132749098337,,
2016-12-03,54.9368420988,762.8811304953581,38.81647886627505,6.0894647,0.95650977,4.7209225,0.6914319,4.812854157775021,0.6481775715288287,5.467950963776534,1.1145244971393558,,
2016-12-04,54.9368420988,661.1709304953581,39.27536347539516,6.0009356,0.9284111,3.8570776,0.66234624,4.021545560678473,0.6156674370440777,4.63882052069189,1.0820195173612155,,
2016-12-05,116.96045746766391,616.0864671992337,39.55338415158974,5.7761197,0.9218983,2.716936,0.8116545,3.205040625648014,0.6978304888198289,3.7832894408494675,1.1641886386429046,,
2016-12-06,132.3644395967794,618.4420908871414,39.810705090371705,5.4833436,1.0104951,1.7805736,0.82956153,2.4333583858044316,0.706153446821109,2.9747234278051353,1.1725180337309404,,
2016-12-07,54.9368420988,816.3623904953581,40.135618158648754,5.8543267,0.9446015,2.3590846,0.8570599,2.5794653401325514,0.8052265214588097,3.1278137951085014,1.271589837337912,,
2016-12-08,54.9368420988,808.6135504953581,40.33176011556579,5.0687847,0.9688349,2.3142307,0.78327096,2.4894682824361984,0.7360264797534086,3.0335151856938145,1.2023905756581859,,
2016-12-09,92.65302675885567,667.4707328147354,40.39636285521818,3.8466468,1.030891,0.8226981,0.8334936,1.1912933528776621,0.7426059079622517,1.6732919320913795,1.208982285806472,,
2016-12-10,195.8264519116692,601.2226732825773,40.36697104098526,3.5852385,0.99300325,-0.80026376,0.86408716,0.27720726445595356,0.6959539856133623,0.715515653290091,1.1623401677037006,,
2016-12-11,228.49547914602456,588.9784172352016,40.272682679858335,3.7990875,1.044687,-1.3548888,0.7520498,0.08572024800568621,0.6155150123536037,0.5148762120191209,1.0819033693127893,,
2016-12-12,204.4646690073793,585.8701556816238,40.295066389854874,4.405902,1.0460422,-1.1867932,0.89935124,0.2600727532832824,0.719514177123408,0.6975621710547625,1.1859005521160115,,
2016-12-13,220.2123085145514,573.4185754451687,40.29242115136502,4.0987825,1.060679,-0.8453249,0.88935333,0.5265387077860828,0.7067735408843396,0.9767642873144988,1.1731569539551647,,
2016-12-14,232.9638782604378,582.971498325973,40.24932311371715,3.254608,0.98653793,-0.671898,0.6901282,0.44918838516526666,0.5678666137875945,0.8957168836812581,1.0342508782887867,,
2016-12-15,250.7228044567134,598.133221757185,40.127296946221065,2.2467892,0.95760685,-1.2097021,0.65044034,-0.18877375714903388,0.538572599378586,0.22726233172882138,1.0049641471049753,,
2016-12-16,228.7873779734784,606.7605343700427,39.96392297975247,2.247562,0.96075785,-1.1332804,0.37769687,-0.20754766449668974,0.38004571113399305,0.20759109578533938,0.8464374802391167,,
2016-12-17,230.9795564647709,589.8598249393184,39.840379321580194,3.3381104,1.0413182,-1.7753078,0.7896836,-0.33642082592472106,0.6386585815590399,0.07255823777191223,1.1050518811921224,,
2016-12-18,1074.6315420988003,28.91143049535805,41.42997339320769,3.396184,1.0178169,1.3256973,382.39352,3.341939835022115,10.067137283350913,3.926731964465114,10.53349436233229,,
2016-12-19,407.802273860866,31.744353909642957,42.65721326911607,2.1889482,0.8605722,-1.3439187,14.669523,1.933802128842151,1.3266105224157116,2.4512900894076943,1.7929796395427422,,
2016-12-20,282.9368732550248,331.38399931446395,43.39981811648988,2.3389332,0.866464,-1.5451969,1.6092248,0.24371128503868322,0.955402063954796,0.6804186805569528,1.4217886234599684,,
2016-12-21,189.0856022245373,467.4293958049642,44.105497800111245,2.6308668,0.8713892,-0.9102448,0.65530086,0.10964538451729108,0.5297829750377538,0.5399448882719927,0.9961710579684868,,
2016-12-22,237.0727966636997,536.9100761648302,44.60198146940763,3.2734523,0.95434093,-1.1242517,0.9890594,0.22277548367133612,0.7457838476460009,0.6584822194497033,1.2121706436960957,,
2016-12-23,237.8840778600955,564.9488409697187,44.89984019615324,3.5507286,1.0109557,-0.5565108,1.0988505,0.6604881810221922,0.829249217025515,1.1171160874879265,1.2956311718342675,,
2016-12-24,219.42172396532223,578.9912370115626,45.125106486474046,3.7950313,1.0434643,0.71480244,1.5953839,1.561318170593718,1.1919471836210351,2.0610026712277003,1.6583198643288082,,
2016-12-25,156.9691636251223,591.2570151748376,45.38537999849028,3.084641,0.97945875,1.0355535,0.6685138,1.4654282231907847,0.5668227653674218,1.960529512122294,1.0331963891393394,,
2016-12-26,195.20132046190213,599.733272326672,45.576024501852004,3.378201,1.0056237,0.8859819,0.6293644,1.4979624020044777,0.5351934190500923,1.9946187134707551,1.001566721674464,,
2016-12-27,235.8737474072,694.1107304953578,46.06181139111509,4.2477636,1.0696354,1.4051874,0.990867,2.126155440362853,0.7877415114513557,2.6528372316921844,1.254108850439779,,
2016-12-28,56.20108740720001,869.1369904953581,46.52229609622243,2.7887292,0.96619225,1.6792867,0.57486874,1.746669521321152,0.5431331266018771,2.2552131829280095,1.0095040142089415,,
2016-12-29,38.7789474072,805.258530495358,46.809853491889726,2.790621,0.9662332,1.2964737,0.560403,1.365121711686944,0.5364953555459793,1.8554286922492265,1.0028699770698932,,
2016-12-30,38.7789474072,772.5850904953581,47.093813036452396,2.663393,0.924937,0.8827268,0.59806675,0.9678332992101956,0.5711955489616388,1.4391512517185883,1.0375742353493216,,
2016-12-31,99.86389091583813,687.9495458380129,47.27270182769822,2.8923106,0.98450893,0.69579554,0.62760544,0.9742276272464991,0.5620789590573662,1.44585120677711,1.028457578592349,,
2017-01-01,131.87110131576785,673.4334237950388,47.40890486540819,2.302316,0.69437605,1.4000124,0.8857933,1.5477673692582334,0.7494182562877564,2.0468041879094767,1.2157910696278353,,
2017-01-02,167.4827928954388,657.9426967743337,47.449116716131165,2.156818,0.75172675,0.9214012,2.681485,1.172073181716268,2.1428342517775474,1.6531531024493389,2.609210825939136,,
2017-01-03,187.8228974072,938.279080495358,47.724123579253366,2.5251298,0.7603031,2.026729,1.5466509,2.109857511931233,1.2949088073154573,2.635760317993214,1.7612762953234624,,
2017-01-04,486.79684740720006,1641.3927304953577,48.587693568957725,2.1551294,0.7696964,4.3971395,2.0125284,3.884307671899576,1.5621405006470845,4.4950231299536165,2.0284935478206902,,
2017-01-05,71.35074740720017,1652.1102904953575,49.1788864741211,1.5473644,0.82381934,3.814323,1.8948342,3.720471572364992,1.816708766601987,4.323356224906968,2.283062996224903,,
2017-01-06,38.7789474072,1362.241650495358,49.59736823342208,1.2113246,0.8608591,3.448421,1.8476344,3.3865002524532586,1.7966516518783961,3.9734222175272995,2.2630083869264173,,
2017-01-07,43.79121740719994,829.7933004953582,49.867580643755936,1.1685362,0.85155284,3.412509,1.6823806,3.3000226535091652,1.5986158565862743,3.8828112849625622,2.0649732611722516,,
2017-01-08,70.98119740720006,651.171230495358,50.07161061084921,1.1593115,0.85331684,3.1129777,1.6131374,2.920949631666932,1.4569963722631991,3.485619868472571,1.923356812664943,,
2017-01-09,58.61097851152168,644.2538257568948,50.42781935325701,1.1608,0.8484896,3.0245738,1.5182712,2.869156136827619,1.3934620116530316,3.4313508216271438,1.8598228796042515,,
2017-01-10,45.137307407200005,706.092330495358,50.821561068626444,1.1636999,0.8391631,2.8077984,1.4138255,2.709013438150861,1.3298326101359923,3.2635538493740666,1.7961948194533492,,
2017-01-11,38.7789474072,720.8001804953581,51.06401320326614,2.6806598,0.91943526,2.829258,1.359616,2.8216715513187465,1.291056899880447,3.3815966352488824,1.7574181625070502,,
2017-01-12,263.67904740719985,1057.6837304953583,52.20011684071228,3.5960696,0.9406504,4.3022785,2.9088323,4.161353933223774,2.33592642331374,4.785311255533843,2.8022775408132565,,
2017-01-13,38.7789474072,1332.0267304953577,54.07792092787891,1.9823649,0.771403,4.443164,1.9919803,4.373549924495235,1.9357518784381544,5.007649489832371,2.402101577319744,,
2017-01-14,38.7789474072,1285.681130495358,55.20751295816403,1.3205931,0.8526861,3.6906238,1.616605,3.62123148850774,1.5694709574697758,4.2193728042765954,2.035825918263631,,
2017-01-15,38.7789474072,1239.362030495358,56.0983764429386,1.3912029,0.8465409,3.1469014,1.2710683,3.0936332721164144,1.232771536649452,3.666557196646044,1.6991305737314466,,
2017-01-16,38.7789474072,1133.3621804953582,56.7016737353948,1.521762,0.85081166,2.9009588,1.1073056,2.8553296304054196,1.0710416704224741,3.4168634554615114,1.5374026530287228,,
2017-01-17,38.7789474072,1254.1017304953582,57.43452022983493,1.8892962,0.8395093,3.1399407,1.2739257,3.1024286305416635,1.235971761799881,3.6757729431385915,1.7023307283187488,,
2017-01-18,38.7789474072,1601.6349304953585,58.42009877679111,2.493661,0.7200527,2.6545634,0.9293191,2.6507597346989207,0.907509863501613,3.202515818027447,1.3738725680303059,,
2017-01-19,38.83474740720009,1470.6155804953578,59.260313687383636,2.9556465,0.818808,2.918873,0.88170457,2.919819169301188,0.859278563654375,3.484435373870037,1.3256390133552112,,
2017-01-20,38.7789474072,1431.0606804953577,60.19346523121685,3.1297297,0.77486056,3.5507436,0.88148344,3.5396359236668613,0.8584706135602256,4.133877250356808,1.3248261839626827,,
2017-01-21,91.4402874072,1481.719830495358,61.09667660488347,3.8906078,0.87431645,3.9943485,0.8887336,3.988318574823706,0.8386170170904186,4.604005398494034,1.304969329519277,,
2017-01-22,121.94728740719997,1421.3564304953582,61.99818766507046,4.361432,0.9323214,4.280994,0.9026256,4.287349921720166,0.8345606945120053,4.917329421584622,1.30091096346582,,
2017-01-23,167.84138740719993,1442.4324304953582,62.6946560610173,3.794864,0.97892165,3.9996881,1.1759684,3.9783389971512726,1.058325475868339,4.593548831122338,1.5246778582574771,,
2017-01-24,700.5162474072,1865.0300704953584,63.52520886888083,3.6792767,0.73794913,2.8153048,0.89280325,3.051210217349024,0.6795839753869475,3.62210646487673,1.1459433540616994,,
2017-01-25,327.6589474072,1722.042630495358,64.2446608407987,3.3324456,0.7220994,3.4208784,0.89118457,3.4067418185433165,0.7575685920207306,3.99463126128413,1.2239251715870707,,
2017-01-26,332.72894740719994,1730.0561704953584,64.9570001690384,3.5877898,0.78507495,4.1316833,0.8935408,4.043952865535652,0.7600356784673494,4.662298818125703,1.226387602967978,,
2017-01-27,209.68081740720004,1743.409180495358,65.88188458786745,3.1010795,0.71056354,3.7291389,0.9023185,3.6617113358790925,0.809051390192137,4.261787449978863,1.2754060513826215,,
2017-01-28,144.9746474072,1477.574480495358,66.67128419559884,2.7270827,0.65300065,2.8849196,0.9059317,2.8708169265286627,0.8270473935288915,3.433090991398772,1.2934082477228728,,
2017-01-29,99.5052174072,1255.0335904953577,67.37225757553506,2.3755827,0.64895695,1.9160185,0.7292779,1.949778343075969,0.6773843675212438,2.4680299120699325,1.143753335351005,,
2017-01-30,38.7789474072,927.875230495358,67.8986453763203,2.0563862,0.68002546,0.71052456,0.5253116,0.7645160486782878,0.5049752736656093,1.2261161316165075,0.9713561101117614,,
2017-01-31,38.7789474072,630.205370495358,68.36734437799112,1.9438472,0.7225966,-0.18258083,0.52811956,-0.059318387853352375,0.49926628998462763,0.3629052251557944,0.9656563221650152,,
2017-02-01,38.7789474072,558.929420495358,68.75891799826172,2.1425514,0.6909803,-0.2113676,0.6189125,-0.05864680356518308,0.580491535454924,0.36360890887724207,1.046881559822971,,
2017-02-02,38.7789474072,549.957530495358,69.03729635286095,1.8812363,0.72573984,-0.14587152,0.541363,-0.01234979841391431,0.5079587831452023,0.4121187526163465,0.9743482701970452,,
2017-02-03,38.7789474072,528.0390104953581,69.36571049071,1.6735526,0.7569016,-0.29040754,0.4972671,-0.15604286787143265,0.46613178216751106,0.2615576456289442,0.9325229449005137,,
2017-02-04,38.7789474072,496.212570495358,69.6764019821,1.834019,0.75491506,-0.32772815,0.5219585,-0.17103356139920198,0.4872068937935413,0.2458504481936698,0.9535982327008548,,
2017-02-05,42.018777407199984,496.3614604953579,69.98176477687427,2.1188693,0.7228277,-0.24714327,0.6464048,-0.062483898388014575,0.5986192581504532,0.35958841403833175,1.0650093271612282,,
2017-02-06,38.7789474072,520.8339404953581,70.21975834405539,2.4298458,0.72107947,-0.28733802,0.75330615,-0.09904798605166906,0.7028833747118116,0.3212766879724355,1.1692738699724163,,
2017-02-07,38.7789474072,566.5172004953581,70.47541374312605,2.4819152,0.735537,-0.16691601,0.8507394,0.0027842042680752935,0.7976290891154294,0.4279761088935351,1.2640184010557554,,
2017-02-08,280.432518957006,304.92474923940904,71.21837649448356,2.7299163,0.7909472,-0.7439126,1.4749461,0.9203267597555903,0.8566891307506959,1.389374062071034,1.3230683152832041,,
2017-02-09,38.7789474072,458.963430495358,72.10557014966935,1.5521246,0.8154674,-0.026520133,0.6189399,0.09647156821038783,0.5742438358146327,0.5261414085780578,1.0406320695517475,,
2017-02-10,38.7789474072,448.164730495358,72.60193827115297,1.549996,0.8103343,-0.6092621,0.4845121,-0.43730432158104704,0.45057208696442375,-0.03314714412380804,0.9169665979639317,,
2017-02-11,139.87898766799714,426.8815623174414,73.19651766962546,2.433088,0.74124634,-0.87117565,0.79306906,-0.05566888137411742,0.6247227743606307,0.36672916556952295,1.0911127640936065,,
2017-02-12,91.83931784397171,442.89157081932274,73.82866631556297,2.1085835,0.8143593,0.05807984,0.77735746,0.4102511026822455,0.6588639324993522,0.8549185321959902,1.1252486281896004,,
2017-02-13,58.29042583930279,430.2997813806067,74.25364362757044,2.0764184,0.7294091,-0.30190992,0.97015554,-0.01816749747536911,0.8588328223730013,0.40602298742656356,1.3252223768095732,,
2017-02-14,165.5724455001021,407.69705100888285,74.54539611243052,2.4925003,0.7281329,-0.5595261,0.67729044,0.3219641667603813,0.5255821293322113,0.7624117825308536,0.99196780912789,,
2017-02-15,155.92360298921585,397.2095963929072,74.89575989762463,2.3959262,0.72291857,-0.7490746,0.7297194,0.1374747358540336,0.5622478857865291,0.569104387472753,1.0286356507949603,,
2017-02-16,94.271871912109,444.13842963063576,75.19064971398865,1.9826286,0.71880984,-0.7234217,0.64423954,-0.24961124689810543,0.5461377409914657,0.16351701793229928,1.0125300075661416,,
2017-02-17,100.57039296002615,482.4198683380629,75.43176763955981,2.3467672,0.71807384,-0.72408354,0.63149524,-0.19433770462706898,0.5370389283881012,0.22143244658073918,1.0034305416815992,,
2017-02-18,51.96142847839517,487.5012424375015,75.86052622213847,3.824757,0.744008,-0.23471177,0.8699298,0.15629916459927265,0.789397142156582,0.588828559563924,1.2557846926169471,,
2017-02-19,38.7789474072,588.0157504953581,76.52578658222097,3.5442348,0.75404847,0.8435002,0.87085813,1.010591022123536,0.8183102054949276,1.4839526476272222,1.284688445739526,,
2017-02-20,38.7789474072,1012.5089804953576,77.42719663927319,2.9453506,0.7427008,1.6255444,0.8457597,1.6742282332930474,0.8150226474436647,2.179309448960317,1.2813942311758828,,
2017-02-21,38.7789474072,1075.0523404953578,78.18056420938706,2.9517527,0.73772705,1.5118341,0.75523406,1.5619660856584225,0.7293923305606114,2.061681554417711,1.195765004931992,,
2017-02-22,90.72898740720008,1196.8698504953577,78.72704182624145,4.050073,0.7961992,2.288491,0.8671177,2.412618618382775,0.807967552298703,2.9529923703960717,1.2743323216088684,,
2017-02-23,305.4392474072,1413.6224304953578,79.41166509392768,4.2344427,0.8974911,4.294381,0.8470574,4.283731407900618,0.7145742655765394,4.91353795517377,1.1809245586467592,,
2017-02-24,196.6576474072,1453.8562304953575,81.287247970021,4.310916,0.9210457,6.383923,0.9148714,6.136925614861377,0.8133030125152659,6.855308510399767,1.2796429145773638,,
2017-02-25,1153.6343474072005,32.14293049535805,85.05261685674928,5.0076256,0.94091624,13.415463,18.801472,5.235537307639171,1.0477225585080894,5.9108369233341245,1.5140670241192598,,
2017-02-26,38.7789474072,2017.8801,89.31061103083391,3.195174,0.7545919,3.31253,1.077115,3.31031725561285,1.056901503071402,3.893597933856466,1.5232588275047485,,
2017-02-27,54.9368420988,2347.5698304953576,91.68707647483323,3.3401246,0.7124405,3.0799809,0.6243447,3.0859294191277704,0.6102856138601752,3.6584851258188467,1.076644712821079,,
2017-02-28,387.7894737036,1876.4771304953576,92.75650264085131,3.6038225,0.6945743,4.4518614,0.87250745,4.306622052078661,0.7327971715325197,4.937522693895772,1.1991473122951133,,
2017-03-01,387.7894737036,1642.513030495358,93.63256381209403,3.4428475,0.73488563,5.1445932,0.9167029,4.81955837982258,0.7547782437833523,5.47497562472073,1.221125128780832,,
2017-03-02,387.7894737036,1567.0736304953575,94.36694097473324,2.9110637,0.56687766,4.1621103,0.8701848,3.9139381043008297,0.7065707170776975,4.526069795737084,1.1729235536783627,,
2017-03-03,387.7894737036,1149.397030495358,94.74813600177534,2.7248015,0.4787166,1.8100233,0.7038526,2.040796456274179,0.5399684670135378,2.563398379949162,1.0063365898495533,,
2017-03-04,387.7894737036,960.338190495358,94.90006969130445,2.5015056,0.4689419,-0.037382722,0.48290384,0.6929295455913772,0.3694985212754141,1.1511080383882615,0.8358801259921402,,
2017-03-05,387.7894737036,486.7308904953581,94.83095949368615,2.5596483,0.48732355,-0.75238645,0.7139478,0.7162725489751055,0.45231922078176046,1.1755667575396667,0.9187005743361736,,
2017-03-06,387.7894737036,549.2733604953577,94.7414145729749,2.8012166,0.49452367,-0.76216996,0.8862486,0.712484407598879,0.5583455420121177,1.17159755595477,1.0247269362832185,,
2017-03-07,387.7894737036,895.0848704953581,94.72375260942142,3.1545506,0.49285626,0.5953628,0.9295531,1.3689584841009652,0.6654573947893848,1.8594488492692873,1.1318319779371881,,
2017-03-08,387.7894737036,1238.540630495358,94.94021649748757,3.2116387,0.6148921,4.176457,0.86354184,3.9464013225445442,0.6737808146933569,4.560084644842887,1.1401334217421095,,
2017-03-09,387.7894737036,914.260130495358,94.9544693092737,3.1128354,0.6400706,5.000673,0.8419901,4.4384181432987795,0.621193973833193,5.075618187753812,1.0875432493210324,,
2017-03-10,387.7894737036,796.1119304953578,94.81814469159274,2.534851,0.5733033,3.0962481,0.86127585,2.9123613196559703,0.6088462197618127,3.4766210645051614,1.075206730846942,,
2017-03-11,387.7894737036,568.3436704953581,94.54554379386994,2.4034295,0.5046502,0.2848934,0.7655965,1.1441314713127377,0.49899390677194716,1.6238758738024788,0.9653707670872629,,
2017-03-12,65.99859958658813,404.46466712000927,94.52484642187028,2.2491517,0.52238965,-0.049889207,0.52219325,0.27263008723598514,0.4548796667546354,0.7107197026453057,0.9212659003424938,,
2017-03-13,179.0201960491624,253.66321219242144,94.29679077770493,2.2774043,0.6169161,0.33591998,0.8680111,1.1391976132685635,0.5693027876866312,1.618706194209343,1.0356796986227939,,
2017-03-14,301.79843805181514,239.65769366914972,93.90925641671338,1.9494929,0.6582773,-1.2829226,1.0405841,0.5187708248740779,0.5888624326295118,0.9686251261524796,1.0552459308959696,,
2017-03-15,54.9368420988,256.1238104953581,93.89122837246447,2.1497426,0.6191333,-1.0351518,1.4976094,-0.47266332895134694,1.2379531763888163,-0.07019619117768822,1.7043481147182542,,
2017-03-16,54.9368420988,300.491330495358,93.94100518512741,2.6837754,0.58997506,-0.7164935,0.47461253,-0.1909300944341915,0.411485437799144,0.22500292889250348,0.8778770109322125,,
2017-03-17,54.9368420988,386.4010804953581,93.88077293289189,2.7478762,0.6414781,-0.4815997,0.56779087,-0.07960113805276178,0.5034856113489808,0.34165302882996623,0.9698758797155438,,
2017-03-18,54.9368420988,546.518230495358,93.8780092736218,2.5748043,0.63079655,-0.25725877,0.55058676,0.0014215663268054189,0.5036030243899995,0.4265483415166173,0.9699923520863188,,
2017-03-19,54.9368420988,565.5404504953581,93.8342356798285,2.8975024,0.6691699,0.041523933,0.6220752,0.29439126821270645,0.5700840239583083,0.7335209936858385,1.0364700129263282,,
2017-03-20,54.9368420988,594.7860004953579,93.7668304203797,3.0429618,0.7173816,0.7741741,0.7748081,0.9660097905128501,0.7118837219432115,1.4372405855388621,1.178262427404245,,
2017-03-21,60.81742209880001,707.9480704953578,93.67359977292952,3.34411,0.73162484,1.4366664,0.859078,1.5875651887272777,0.7932303412814463,2.088504207107101,1.2596027656863162,,
2017-03-22,54.9368420988,788.482860495358,93.72063619897507,2.64594,0.69508183,1.5350378,0.7012433,1.607397299586002,0.6571287349482307,2.109284225072193,1.1235009662144348,,
2017-03-23,86.49109209880002,645.865830495358,93.7057140068491,2.7682424,0.70863265,1.2614868,0.6246356,1.4394340680822566,0.5571872257837217,1.9332929252561526,1.0235611070159056,,
2017-03-24,94.0421820988,674.9158004953579,93.67608017253475,2.7802804,0.7282959,1.4920478,0.8904069,1.649596318880403,0.7865709923887905,2.1535002132387353,1.2529428141886805,,
2017-03-25,141.32419209879998,817.0638304953579,93.76513615781118,3.0138135,0.7245054,2.479988,0.88406885,2.55870615517752,0.7612379821340127,3.1060623920743433,1.2276014771160395,,
2017-03-26,111.3585420988,2052.368130495358,94.30922270604337,2.770752,0.6769972,3.1723127,0.90048397,3.1516459748687673,0.8548499325854269,3.7273427082834556,1.3212085058775052,,
2017-03-27,149.77304209879998,3835.7179304953575,95.71279062498996,3.3658805,0.6994779,3.5737448,0.89278865,3.565933323167796,0.8596400186392769,4.161431575660724,1.32599539173973,,
2017-03-28,54.9368420988,5602.886530495358,98.2349176599786,3.0203528,0.69964325,3.1820633,1.4527191,3.1804931499809013,1.438629406162204,3.7575686797568144,1.9049877502645851,,
2017-03-29,2228.768460300104,5617.11223049536,99.74102827051445,2.8336177,0.5092197,3.4624267,0.85968846,3.2838017678341274,0.6322481383401165,3.8658150964005813,1.0986056694660413,,
2017-03-30,3071.496680574536,4927.175376282876,99.74102827051445,2.7205648,0.5073425,3.869874,0.87443984,3.42853833387158,0.5728029164216483,4.017469575537424,1.0391593290861916,,
2017-03-31,3567.584428945862,9098.188061082095,99.74102827051445,3.1119933,0.52272063,3.421948,1.0021887,3.334642633033884,0.7348030802452314,3.919085981166083,1.2011602157654182,,
2017-04-01,3779.207271163591,10432.540494926972,99.74102827051445,3.1325529,0.4577023,2.230579,0.8928594,2.470433040806329,0.6666342240363814,3.0135701245827553,1.1329984861107563,,
2017-04-02,2541.947471163591,7853.006294926975,99.74102827051445,2.4306293,0.6026585,3.1170843,0.9603172,2.9492208360687164,0.7403014213936597,3.515242339804483,1.2066616297140298,,
2017-04-03,2086.2968907089494,6341.750532699617,99.74102827051445,2.900381,0.6572293,5.086162,0.84284335,4.545089184651889,0.6547392697751898,5.187387740246887,1.121087859486331,,
2017-04-04,3592.5667101320105,9161.140314546878,99.74102827051445,3.0721102,0.65123045,5.0619016,0.9028189,4.501401135588848,0.6739519246367256,5.141611551778757,1.1403007936402234,,
2017-04-05,2849.635172006161,7909.368267553265,99.74102827051445,2.4914198,0.64300954,5.119482,1.0273712,4.423412124743604,0.7742248609514502,5.059894932807207,1.2405742339554595,,
2017-04-06,4405.848272006162,10164.227167553265,99.74102827051445,3.0320306,0.7122339,5.641747,0.76059,4.85259428500508,0.5726398808994777,5.50959053324336,1.0389865665217388,,
2017-04-07,4755.787772006161,12265.698667553264,99.74102827051445,2.8678005,0.43658632,3.0734162,0.9695745,3.015967377737388,0.7092447467797606,3.5851791380032787,1.1756044107968548,,
2017-04-08,2898.481572006161,8481.110367553263,99.74102827051445,2.0294602,0.58181703,3.5340724,0.9777703,3.1508345133378395,0.7436394532424698,3.7264924616651918,1.20999803299534,,
2017-04-09,2104.065723888393,6209.9039519116,99.74102827051445,3.2955773,0.56767184,5.4961963,1.0361031,4.939272543708794,0.7871122193036482,5.600411716418307,1.2534583877470324,,
2017-04-10,1639.2968327000758,4228.23342172675,99.74102827051445,3.9647613,0.68981826,7.626905,1.0854717,6.603758884254291,0.8056002482251184,7.344454814279963,1.2719381520644062,,
2017-04-11,1333.7944686860044,3023.8919416611675,99.74102827051445,4.2530813,0.88763255,8.976669,1.1130393,7.530880206966358,0.8187524990169687,8.31588936701197,1.2850871734858211,,
2017-04-12,1252.8358396751964,2442.482169653667,99.74102827051445,4.2809663,0.6267972,8.409248,1.0555267,7.009623280344384,0.7293141337481891,7.76971814112513,1.1956505028866848,,
2017-04-13,1060.538398360285,1984.583786940946,99.74102827051445,4.1502485,0.57553315,8.068915,0.98545,6.704143643404837,0.6727953436138733,7.449637621769773,1.1391328503302909,,
2017-04-14,969.4736841976,1407.8846944017853,99.66003937761523,4.4496384,0.65062875,9.431318,0.99402845,7.399816585439138,0.6456992463762559,8.178561352394325,1.1120343177032062,,
2017-04-15,396.996884156909,1331.576033807768,99.74102827051445,5.3315573,0.95326686,10.585019,1.0561033,9.378470079795488,0.8424946203940699,10.251787720092302,1.3088257910436067,,
2017-04-16,413.5673809982584,1327.9405251051355,99.74102827051445,6.445997,1.3093116,12.243115,1.0917112,10.866435493016448,0.8886280671247677,11.810872793709914,1.3549592543409688,,
2017-04-17,425.0980881144567,1346.6031507863236,99.74102827051445,5.4435606,0.8139069,12.644217,1.0764508,10.916507031571157,0.841153071339815,11.863337580646546,1.3074843031557541,,
2017-04-18,308.3273667626479,989.7945440933062,99.74102827051445,6.0513973,0.8882053,12.484003,1.0612881,10.956143184442432,0.8362606808168241,11.904868206135657,1.3025919499709357,,
2017-04-19,279.35992386754185,973.0132015969784,99.74102827051445,5.84252,0.8268578,11.482368,1.0354282,10.224318818734282,0.8253341669325878,11.138065137363105,1.291665036387309,,
2017-04-20,374.66660322868165,1399.67828891604,99.74102827051445,7.0298624,1.3392702,10.4606905,1.0843803,9.736244696348177,0.9009395135491981,10.626662740324866,1.3672704569366334,,
2017-04-21,2168.569414582913,5010.857134890959,99.74102827051445,7.3144736,1.2356471,11.703448,1.15926,10.377744054764216,0.891037153200381,11.298823575217336,1.3573680557011012,,
2017-04-22,1183.7552711987155,3594.829531771784,99.74102827051445,6.837,0.9480849,9.551142,1.1182652,8.87879211047549,0.8734167233348579,9.7282268519025,1.3397484564105466,,
2017-04-23,869.5418145829128,2611.239473511636,99.74102827051445,8.712553,1.8194731,9.824485,1.0974478,9.546710637165654,0.9404275647947238,10.42806960100319,1.4067586103401342,,
2017-04-24,758.5106171175141,2168.3956319453896,99.74102827051445,9.634386,2.3078651,11.037318,1.1365575,10.673746986439792,1.032811550297387,11.608974435191602,1.499142592633282,,
2017-04-25,658.7366787248266,1925.0975303289936,99.74102827051445,8.77577,1.80888,10.46385,1.1522212,10.033481811449786,0.9744950213608726,10.938106773474084,1.4408258872835207,,
2017-04-26,539.3881690319971,1678.060822203643,99.74102827051445,10.333433,2.4758108,10.6697645,1.1455644,10.587952868856814,1.0555648574079421,11.519079652060677,1.5218958488998764,,
2017-04-27,431.0107486348887,1336.8413375571115,99.74102827051445,11.901991,2.9247715,12.051194,1.0909711,12.014817716533392,1.0904481891018936,13.014143761962718,1.5567811205148887,,
2017-04-28,357.9105206425486,1111.5170654722033,99.74102827051445,12.219395,2.9853318,13.75909,1.0778109,13.384064591041458,1.092441070037896,14.44883595653598,1.5587780525226926,,
2017-04-29,298.2887569189592,925.2596831205595,99.74102827051445,11.564817,2.7350433,14.050053,1.0737423,13.44417738815645,1.0506631993600781,14.511821939867753,1.5170004088322684,,
2017-04-30,347.1997596577885,827.2984665896032,99.74102827051445,10.680738,2.4410453,13.20608,1.0038621,12.459550461984227,1.0103065586933913,13.480133212403265,1.476640570764963,,
2017-05-01,736.3594509787681,1223.2341280536712,99.74102827051445,8.93901,2.0140429,13.21745,1.0244647,11.609734076051147,0.9908263158373822,12.589698508174575,1.457158459803796,,
2017-05-02,2649.080595646527,4226.814147902127,99.74102827051445,7.7433724,1.6536331,12.897149,1.1485572,10.911550088991637,0.9509999358054985,11.858143713156185,1.4173311630782965,,
2017-05-03,1425.928951869342,2254.558668178599,99.74102827051445,7.570582,1.2131974,10.484097,1.0008383,9.35531543371477,0.7725275051178346,10.227526361079125,1.2388586955196597,,
2017-05-04,1138.2283926725963,1756.3527636292738,99.74102827051445,9.007321,1.5588183,9.997366,0.98080546,9.608053368529545,0.8543459970459742,10.492344305236635,1.320677005030828,,
2017-05-05,1524.1886349350411,3262.430505476336,99.74102827051445,9.468573,1.606576,9.861517,1.0957018,9.736392877791094,0.905219642583998,10.626818004334222,1.3715505859076385,,
2017-05-06,1568.2415727783575,3717.836865790645,99.74102827051445,10.253759,1.8969829,10.171068,1.0644224,10.195600511184045,0.9365806121635151,11.107974192880588,1.40291147842412,,
2017-05-07,1348.2957156100783,3312.303556294843,99.74102827051445,8.49543,1.0053233,8.777314,1.1264054,8.695766035716039,0.8517337481092968,9.536452756412883,1.3180657586537379,,
2017-05-08,890.369463595287,2936.581726824356,99.74102827051445,8.522591,1.1637472,8.088316,1.0247111,8.189353287929254,0.831614359981352,9.00583521036727,1.2979473379190392,,
2017-05-09,741.7798855119618,2406.013499713706,99.74102827051445,8.717867,1.4288113,8.504763,1.018708,8.554980826326345,0.8483283449673816,9.388938495264526,1.31466059501416,,
2017-05-10,677.7933834789361,2075.57272353955,99.74102827051445,9.247416,1.8849554,9.235747,1.0172337,9.238619687771925,0.8962860963349653,10.105252957384664,1.3626173956183762,,
2017-05-11,578.2579654808751,1705.3725989747688,99.74102827051445,9.9758625,2.2769947,10.152396,1.0441573,10.107694568105067,0.969774695223455,11.01586664621387,1.4361055575699488,,
2017-05-12,572.2486622885967,1518.536075886307,99.74102827051445,11.599756,2.74091,11.366647,1.0603126,11.430448927799459,1.075101644353324,12.401844142692076,1.541433499720893,,
2017-05-13,927.053515394515,2231.5022577871364,99.74102827051445,9.966673,2.0321324,10.01032,1.0246483,9.99750912993914,0.9379693132970116,10.90041472075369,1.4043001832198851,,
2017-05-14,844.5049660820268,2884.6282256649315,99.74102827051445,10.809689,2.4071605,10.940328,1.0867182,10.910742927747723,1.0019007197266527,11.857297972363954,1.4682319462623314,,
2017-05-15,726.5584241601782,2294.47641736439,99.74102827051445,10.740919,2.4243364,11.221773,1.0529498,11.106127824761861,0.9896944909703459,12.06202159956551,1.4560259176780654,,
2017-05-16,584.3716177023232,1788.5541889996894,99.74102827051445,12.217436,2.8836367,12.116312,1.0619811,12.141215411719948,1.0700579862819908,13.146582834910285,1.536391201818807,,
2017-05-17,511.9891664953978,1431.807125799142,99.74102827051445,13.347317,3.3147848,14.420003,1.0714995,14.137461133292712,1.1769689489944635,15.2382422781496,1.64330907501718,,
2017-05-18,487.8768432710453,1252.2971042515803,99.74102827051445,13.582514,3.3679595,16.912962,1.0837351,15.979234309954915,1.2246789092559291,17.168045916869612,1.6910294533266716,,
2017-05-19,468.6260150587931,1108.6856125808124,99.74102827051445,13.530838,3.2831976,17.696024,1.0785255,16.45852942862075,1.2353981493297952,17.670249703819273,1.7017520406931197,,
2017-05-20,359.9473947916748,858.27281466943,99.74102827051445,12.867136,2.9752247,16.526598,1.0098832,15.44533713891019,1.130937861524169,16.608630286085127,1.597284986292739,,
2017-05-21,268.6471950353605,630.0624874570793,99.74102827051445,12.842274,3.0812824,16.028389,0.9617273,15.075978042076867,1.1414813970847386,16.22161708701408,1.6078263470989833,,
2017-05-22,304.3544564419663,718.2412204413313,99.74102827051445,11.992508,2.6461217,14.659844,0.90043235,13.865966859233954,1.010065869410117,14.953771505847582,1.4764047878075868,,
2017-05-23,272.6741968378885,641.5582556399519,99.74102827051445,12.610163,3.1167614,15.223222,0.9417412,14.44386443473904,1.1405589896128117,15.559290610017776,1.6069005797967826,,
2017-05-24,211.88095591755268,524.4830153157137,99.74102827051445,12.631891,3.1331213,16.977924,0.9665591,15.727399222298311,1.1343258990891782,16.904173972878205,1.600674789683628,,
2017-05-25,146.72191223239207,616.0966104953579,99.74102827051445,11.838036,2.7384896,15.740939,0.96285385,14.990247519633842,0.9392499448635717,16.131788938653408,1.4055944124141462,,
2017-05-26,257.5105278698948,456.03319982686094,99.74102827051445,12.37269,3.0340068,16.588041,0.94661295,15.066764828707887,1.2509636903507768,16.211963513539857,1.7173085881129055,,
2017-05-27,261.5190774493234,560.764084017424,99.74102827051445,12.693516,3.0352554,16.861763,0.944892,15.536092940105199,1.1606427442898755,16.70372390434407,1.6269904272993363,,
2017-05-28,151.95907641778797,428.4483204953579,99.74102827051445,12.4701805,3.140544,16.952847,1.0148281,15.77921953466878,1.1123292376280536,16.958471119041103,1.578678462532851,,
2017-05-29,337.27896733746866,690.844197364532,99.74102827051445,12.572615,2.9361298,16.969975,0.9981848,15.527407090618983,1.1737297695716302,16.694622900943504,1.6400773987466173,,
2017-05-30,425.3393529678011,1000.4117617467084,99.74102827051445,12.979309,3.1303136,15.055015,0.96014357,14.435776626024055,1.1515066947942307,15.550816231693004,1.6178482449505445,,
2017-05-31,529.2389542047207,1169.225422541267,99.74102827051445,13.458868,3.3859677,16.73767,1.0158548,15.716000837750894,1.265780286950499,16.892230784512847,1.7321291044221685,,
2017-06-01,429.3238989743978,813.3141238288788,100.0,13.125294,3.101287,18.698689,1.0092432,16.7731144206729,1.2587272863309455,17.999870783136515,1.7250835174917165,1.3468444241386056e-12,4859.999999999999
2017-06-02,340.025001513425,629.5070422282085,100.0,12.55533,2.9317625,18.656725,0.9828521,16.516902177564262,1.2101393107847085,17.731412470625024,1.6764936277568776,1.328802054643597e-12,4859.999999999998
2017-06-03,266.26784731944423,533.8878162446493,100.0,12.243839,2.9209414,18.361761,0.987419,16.32589988548411,1.1742452159436123,17.53128092189211,1.6405981547603894,1.3217234980741472e-12,4859.999999999997
2017-06-04,301.0741568372386,582.7158287426341,100.0,12.339294,2.877864,17.736057,0.91929984,15.897582247161111,1.1526222351732611,17.082491164587875,1.6189722351943021,1.333717606895038e-12,4859.999999999996
2017-06-05,1088.5593377452342,2726.619420953779,100.0,14.270849,3.4299161,15.997011,1.0335515,15.504496984083353,1.226106774148371,16.670617769629754,1.692454261741556,1.4056049967517502e-12,4859.9999999999945
2017-06-06,3007.382105395864,7298.874694064252,100.0,13.092321,3.032969,14.024646,1.2252713,13.752592061689759,1.239449060725871,14.834977780533132,1.7057874997771822,1.3992401059275715e-12,4859.999999999993
2017-06-07,1504.6296352145391,4439.658803050804,100.0,15.1474495,3.5579734,14.001395,1.2210685,14.291486669257825,1.2817202149850466,15.399629708223891,1.7480610636039375,1.4554070676761805e-12,4859.999999999991
2017-06-08,835.4310822041858,2758.402434439262,99.99999999999999,14.917419,3.5189512,13.850917,1.1952955,14.098838585357349,1.2291657457584373,15.197773704447503,1.6955056948420577,1.4521164280523242e-12,4859.999999999989
2017-06-09,652.6320129015168,2020.864998414424,99.99999999999999,14.528778,3.4582202,14.218093,1.1727978,14.2939348135018,1.2241527378632198,15.402194865394165,1.690493598186407,1.436802484663006e-12,4859.999999999987
2017-06-10,570.4507624518798,1545.9082526429856,99.99999999999999,14.077545,3.3919694,15.567357,1.1639822,15.165787987985162,1.2485267772346822,16.315719641336848,1.714872241685455,1.4062873427961129e-12,4859.999999999985
2017-06-11,399.0018584763583,1060.54129614957,99.99999999999999,13.076746,3.14823,17.771208,1.1703993,16.48786172557875,1.2099432690123566,17.700983984304422,1.676297373756981,1.3469930040440258e-12,4859.9999999999845
2017-06-12,345.99647239821275,844.8489227124832,99.99999999999999,11.983421,2.7992349,20.313555,1.1879401,17.893260075645397,1.1712228178091566,19.17355557139033,1.6375882992332755,4.4381932396698714e-10,4859.999999999541
2017-06-13,250.9648230553381,682.521622289684,99.99999999999952,10.808901,2.4619784,21.908337,1.1971233,18.924289086248685,1.0973700357322693,20.253864244304097,1.5637452996125212,2.4406376971918735e-06,4859.999997558903
2017-06-14,235.18709974175093,712.4495993455478,99.97957889236086,9.758305,2.108625,21.993687,1.1988171,18.957075674765854,1.0422065755817915,20.288217919677038,1.5085821704844666,3.0793856074302623e-06,4859.999994479517
2017-06-15,263.3609243594153,656.6740595737965,99.86378553119464,8.9586315,1.9010636,21.830627,1.1326786,18.146005873100087,0.9745367640506003,19.438381753995067,1.440904531072571,4.0381204937098265e-09,4859.999994475479
2017-06-16,260.5849996204356,678.0252884677584,99.81826839044565,8.645193,1.8655547,20.60052,1.0730987,17.281379510042893,0.9322823339338955,18.532429206361105,1.3986425845711377,2.172680748089473e-12,4859.999994475477
2017-06-17,387.7978800316964,708.3387423758156,99.74819695811573,9.118185,1.8540492,22.597189,1.0856845,17.828504979969896,0.9604550310250622,19.10570540349576,1.4268199386196143,2.2473469010839875e-10,4859.999994475253
2017-06-18,387.78947544539534,503.3211604953581,99.63387016459521,8.966108,1.7247797,26.52265,1.327487,18.88247387419633,1.06092834252642,20.21005040805379,1.5273031860122748,1.7417953729523428e-06,4859.9999927334575
2017-06-19,392.7809253003571,674.495670495358,99.73040126280473,8.71026,1.7007226,26.406544,1.5876745,19.893927815420184,1.1825892664812119,21.269848390185814,1.6489748394501662,0.0015915967571194683,4859.9984011367005
2017-06-20,393.06236679152585,915.987490495358,99.99999832929646,8.352751,1.5890669,23.762312,1.3203361,19.13535403465263,1.0398209212011973,20.475017375752316,1.5061983375642491,1.1111830819004354e-05,4859.99839002487
2017-06-21,969.473684206088,693.6437204953581,99.38990066379276,9.024341,1.76291,31.096684,2.2245452,18.230150145449738,1.3845105743103667,19.526547834930227,1.8508791184626228,8.487938033256505e-09,4859.998390016382
2017-06-22,387.78955281765207,618.697370495358,99.29013196534441,8.544399,1.5533913,26.232347,1.8491243,19.41735429345517,1.28461654308888,20.770496282955957,1.750996914841461,7.911405205761083e-05,4859.99831090233
2017-06-23,387.78947865019865,587.7724904953579,99.15683164698919,8.541496,1.3879339,25.938417,1.5853744,19.023077149518134,1.1030664699866313,20.357374039307725,1.5694427349860989,4.946598687100274e-06,4859.998305955731
2017-06-24,387.7899981106228,474.73990049535786,99.04689431143464,8.192545,1.2557429,29.120775,2.2731476,19.71152645813208,1.3726333511755782,21.078728871527186,1.8390169027813021,0.0005244070227844637,4859.997781548708
2017-06-25,387.79056427603416,446.1650004953581,98.87580619824156,7.785743,1.0728467,30.303577,2.5077667,19.83275140507921,1.4313997927008666,21.205747956551637,1.8977846834760035,0.0010905724341924634,4859.996690976274
2017-06-26,387.78947590541014,403.3819004953579,98.65719933249942,7.666199,0.9178066,29.733622,2.4959664,18.9173630489519,1.3497515924108463,20.2466071661,1.816126786521173,2.2018101846121e-06,4859.996688774464
2017-06-27,345.7265680337846,427.52462999970834,98.24076654839705,7.305055,0.7662867,27.130777,2.0096512,18.266544211359374,1.1627435279013676,19.56468141278345,1.6291124106860833,1.122013813943776e-08,4859.996688763244
2017-06-28,282.8095076840891,572.8425246293211,97.95820733566687,7.6054964,0.7408806,23.07494,1.4317633,17.961990205539834,0.9893223959324245,19.245570766551527,1.4556884916566235,7.484128847976777e-10,4859.996688762495
2017-06-29,314.2425289502154,582.8383999451279,97.60921831287929,7.7282233,0.7352076,25.229454,1.5038158,19.098868913797627,1.01041005296944,20.436788390838593,1.476787093608273,8.444319044516708e-06,4859.996680318176
2017-06-30,320.98009661106386,616.833074408975,97.23818419072168,7.465656,0.6890498,27.146893,1.6227349,20.410705141943524,1.093075255628242,21.81132590640205,1.5594667620596876,0.02626365731834104,4859.970416660858
2017-07-01,398.27589440469353,536.7136200305026,97.08655266036304,7.4857264,0.6281117,28.894983,1.754638,19.77531850102618,1.0421486356053733,21.145569956009435,1.5085328898258914,0.0007700601997991227,4859.969646600658
2017-07-02,297.19612212874375,547.6853261205961,96.9558856920307,7.4729977,0.648273,27.475374,1.5789477,20.43932347380905,1.0486307691905714,21.841312096703874,1.5150226131308835,0.030290631485351903,4859.9393559691725
2017-07-03,299.4135383431548,557.5909464533086,96.74778666303425,7.533988,0.6852998,29.006563,1.7534146,21.504642451877654,1.1656737029833857,22.95754968031341,1.6320787769060672,2.636989072371593,4857.302366896801
2017-07-04,348.7463105826002,583.1844187864667,96.47702047128402,7.602381,0.6911831,30.124567,1.7939373,21.69633416289884,1.1520237845017984,23.158403599856072,1.618431376744501,5.101601530956085,4852.200765365845
2017-07-05,393.56021224687544,623.2024692440393,96.09059308932372,7.7305818,0.6933152,30.71222,1.7718815,21.816674301176914,1.1187013897900542,23.284495585381656,1.5851105844464688,7.541555357870429,4844.659210007974
2017-07-06,427.934893481376,675.3965019062996,95.64135222634279,7.550481,0.6541978,30.009233,1.5856879,21.298447254438205,1.0032831877728885,22.741499057279377,1.4696855997350502,1.2470765654741356,4843.4121334425
2017-07-07,296.12345559533475,569.2976308344994,95.32275171882259,7.4924135,0.65537786,27.964529,1.4881902,20.959530331989907,1.0043284376282093,22.38638306446759,1.4707265798119695,0.3321852027524384,4843.079948239748
2017-07-08,139.93872356891612,330.33171049535804,95.15714203116684,7.303996,0.67432374,27.112423,1.7920524,21.218014599559435,1.2746828500184155,22.657221996442676,1.7410842367809667,0.9808288773161231,4842.099119362431
2017-07-09,139.14613945555485,291.336290495358,94.98133271408548,7.6989465,0.7081027,27.09034,1.9385308,20.82240091894459,1.3317495536622368,22.242699334232157,1.7981460055645377,0.18824476395486894,4841.910874598477
2017-07-10,322.2532529899447,499.1276869633842,94.5754674624051,7.810936,0.69643146,29.867258,1.9011197,21.213877893139813,1.1871231429492286,22.65288756959682,1.6535244771850408,0.9262052397517542,4840.984669358725
2017-07-11,371.17360071859326,579.5704956984252,94.11784360982118,7.8428674,0.6820287,29.941534,1.7056258,21.314142392880505,1.0732963489805039,22.757944369688072,1.5396989618563106,1.3417247092135764,4839.642944649511
2017-07-12,421.2729464800848,647.0063040330982,93.68925967153405,7.646614,0.66350317,29.519888,1.51835,20.894223315139396,0.956092143098182,22.317954595452495,1.4224894776147678,0.2529260066011994,4839.39001864291
2017-07-13,698.7396455851418,694.4885622003566,93.46724421396854,7.7843013,0.6514744,33.008736,1.835654,20.358035479039998,0.971610352938678,21.756138813653973,1.4380012406606277,0.02075355236948901,4839.3692650905405
2017-07-14,547.6815354911074,1707.6984945151862,93.5303094099339,7.8305287,0.6150262,21.352407,1.0547101,18.068844064264347,0.8124365895633316,19.357531874461426,1.278803651059304,2.0439578767593654e-09,4839.369265088497
2017-07-15,122.80000000017039,855.1710504953581,93.57843825578323,7.757774,0.67571396,19.24006,1.0572875,17.79827494328608,0.9284131551022801,19.07403047439467,1.39477779645406,1.7038432626256852e-10,4839.369265088327
2017-07-16,165.9085290516204,613.4000109070803,93.53559300450657,7.7734547,0.71686864,23.143301,1.1404368,19.87118416817264,0.9105281585628497,21.246017674345104,1.376913477411855,0.0014094409504882945,4839.367855647376
2017-07-17,228.232684345904,599.1853547296704,93.4074507503955,7.7632923,0.7107318,25.80839,1.2578694,20.830880335618108,0.9317601287841103,22.251584038037233,1.3981566845816091,0.19405278872880777,4839.173802858647
2017-07-18,383.55101485108565,641.9405785248798,93.20424964285628,7.9569335,0.70591766,29.293718,1.5429963,21.31340379251932,1.0013253153308381,22.7571704667544,1.4677279187454988,1.338161825236082,4837.835641033411
2017-07-19,354.3666580951004,618.5291543288555,92.93945768632345,8.080599,0.720813,29.983551,1.696055,22.005640264173334,1.1097888423952325,23.482493475461474,1.576200586675637,15.01529437577658,4822.820346657634
2017-07-20,338.33348054153936,619.5491224665814,92.62941348773668,8.036297,0.7135203,29.540867,1.6037219,21.94524292536864,1.067449159708905,23.41920935031989,1.5338600846394208,12.702944905052473,4810.117401752582
2017-07-21,307.55940787381377,528.5959727011855,92.38958289962633,8.025904,0.7016103,30.17193,1.8055472,22.026053374958106,1.1702313300761062,23.50388226316303,1.6366433522235286,20.56082411514782,4789.556577637434
2017-07-22,268.4956912488614,521.950234753365,92.13822563533839,7.982595,0.7132757,29.04286,1.6834807,21.88918861567009,1.137738838731018,23.36047583622982,1.6041490069603013,12.80235905144323,4776.754218585991
2017-07-23,257.21954739339253,524.8744432664596,91.87441490239797,7.8462634,0.6602161,26.73915,1.2291405,20.525548729888694,0.8529933106848602,21.931658625277834,1.3193861771792794,0.05152319927416937,4776.702695386717
2017-07-24,221.43135000691152,1174.851780495358,92.02501262960475,7.7380605,0.62147206,20.168785,1.0549188,18.197442697515047,0.8930779961391325,19.492277082789073,1.3594462372536917,6.911512571946001e-09,4776.702695379806
2017-07-25,152.39624469168547,1080.2097004953578,92.11656531791253,7.862958,0.7192117,19.10136,1.1053194,17.71187301271467,0.9727333898053442,18.98349882689217,1.4390972759575889,8.54576757273287e-11,4776.70269537972
2017-07-26,138.95789475748026,821.1463704953582,92.11453786801518,8.2406025,0.800997,20.19002,1.0999974,18.460555521329315,0.9479083679434102,19.76796580017547,1.414279081484852,6.588026244850843e-08,4776.70269531384
2017-07-27,138.95789509602497,691.329430495358,92.05893098296836,7.927459,0.8589561,20.846457,1.0716466,18.68431737324477,0.9038004600649479,20.002422703720857,1.3701733385468173,4.044249818387607e-07,4776.702694909415
2017-07-28,138.95789555981375,638.1991004953582,91.98672799028306,8.241154,0.87824607,21.07582,1.1096623,18.780945686338377,0.9246829948200367,20.103669519872977,1.39105682590031,8.682137516627653e-07,4776.7026940412015
2017-07-29,237.0341108782439,573.1317567352653,91.82714772249369,8.189784,0.826844,23.434795,1.148475,18.974489348113263,0.8477109441549533,20.30646390708479,1.3140867153706537,3.7727868505375615e-06,4776.702690268415
2017-07-30,273.90530950012953,579.2206673539308,91.59544157522963,8.251726,0.78596246,24.2489,1.1440715,19.112834183083436,0.8167157579341232,20.451421152258376,1.283092942207666,1.0388682306432715e-05,4776.702679879732
2017-07-31,287.9474622932868,583.7284261384732,91.32202378178144,8.280205,0.77015936,25.135109,1.1597236,19.56729762161616,0.8172327116246793,20.927606389647416,1.283614691825517,0.00023175384283996757,4776.7024481258895
2017-08-01,299.1112795311626,570.4994007641683,90.9962246244919,8.280464,0.7644909,25.844744,1.2094564,19.803334335717103,0.8358891908239935,21.174924851831243,1.3022737550854084,0.0010103634991484966,4776.70143776239
2017-08-02,229.4986792193584,543.70298481951,90.7711590018167,8.101135,0.74545246,24.400934,1.1530278,19.562891949026163,0.8404393941519752,20.922990140967656,1.3068213267264102,0.0002257406482142767,4776.701212021741
2017-08-03,247.54008541521054,438.1406376404301,90.60591578156388,8.2300625,0.74069804,25.41277,1.2211287,19.209577986649563,0.8248320518679703,20.552788978932817,1.2912102372881402,2.0766326218949224e-05,4776.701191255415
2017-08-04,160.58159019830657,355.7848330529316,90.47954357481825,8.281225,0.7497528,25.895584,1.4557029,20.417803918892293,1.029746993408287,21.818763980623014,1.4961385834714747,0.03055315592022044,4776.670638099495
2017-08-05,173.20249500165133,444.7127404953581,90.36713862634753,8.27856,0.7654861,23.329924,1.2863588,19.111005502007632,0.9503300823874082,20.449505066478185,1.4167072478400269,1.0310051342331517e-05,4776.670627789444
2017-08-06,209.1345792322852,451.9830735015883,90.13133592372394,8.276447,0.8338183,22.394215,1.0476867,17.928272268910607,0.7632893347326473,19.21024122781042,1.2296551284157604,6.145130187103426e-10,4776.670627788829
2017-08-07,220.57814115174273,479.7419376415446,89.87005409776204,7.9474497,0.91452765,20.614077,0.96945035,16.62449940884193,0.7238826906054044,17.84415248175503,1.1902378023043958,5.326511746143259e-12,4776.670627788823
2017-08-08,178.95540819762206,442.9123452468668,89.68246927753235,8.411535,0.97642064,19.567335,0.9962116,16.357021187140663,0.7631428114023717,17.563889715385002,1.2294959719262344,5.437759976361845e-12,4776.670627788818
2017-08-09,230.2431492411991,462.8368979458581,89.39211073312207,8.498823,0.8977858,22.34726,1.0629864,17.74676985002657,0.7699684929613335,19.02006361373871,1.2363326831031092,1.1660453915039977e-10,4776.6706277887015
2017-08-10,258.0816315987506,465.3100718039642,89.03635976471361,8.483324,0.84541446,24.43776,1.1482006,18.745757837034823,0.7977750078859885,20.066799811656356,1.2641484908350913,6.514066080505244e-07,4776.670627137295
2017-08-11,278.18181790214123,399.2464059689785,88.76861967387086,8.205114,0.781704,25.534855,1.2131611,18.418501372861286,0.7837373106902248,19.723901607165583,1.250107623740714,4.6147149855745e-08,4776.670627091148
2017-08-12,359.39014469435716,396.1874904953579,88.63977085531418,8.219721,0.7628757,27.050144,1.3907356,18.093462235870145,0.8145238027068606,19.38332671051697,1.280891088558546,2.7571131620647055e-09,4776.6706270883915
2017-08-13,183.7263847208504,593.873530495358,88.54968528643354,8.518667,0.8455777,21.409369,1.0581717,18.36363522864405,0.832482706641283,19.666413048805296,1.2988525002296853,2.9250446996732538e-08,4776.670627059141
2017-08-14,138.95789473852284,411.6920204953579,88.38437277025388,8.494063,0.8754717,21.770432,1.0586236,18.420106537777016,0.8217330107196466,19.725583493477306,1.2881033390193544,4.692283964272301e-08,4776.670627012219
2017-08-15,179.79254274454263,394.838432434448,88.15616252502029,8.530363,0.8835034,23.177685,1.1468971,18.59477970784081,0.8351295655612926,19.908605443979788,1.301501570877214,1.9704593784601821e-07,4776.670626815173
2017-08-16,175.4960818116607,363.2354580330256,87.9566252054537,8.71353,0.91124755,24.227945,1.2722683,19.17400106653775,0.907726432928107,20.515511603653273,1.3741042489388247,1.622721761019564e-05,4776.670610587956
2017-08-17,202.78431974594324,375.07125936804846,87.75974321714104,8.762503,0.9170881,24.405252,1.1786282,18.915810995789744,0.8299553937209667,20.24498093010212,1.2963305722040994,2.4442339537073357e-06,4776.670608143721
2017-08-18,154.48822405397266,419.2506959511811,87.66653287504305,8.674541,0.8725278,23.012264,1.1193258,19.151606987981786,0.8510033094603726,20.492047164692664,1.3173808936865838,1.390654959834899e-05,4776.670594237172
2017-08-19,138.9584944184726,456.6062504953581,87.70412822875365,8.820429,0.85936415,23.03014,1.2464106,19.714698446845397,0.9764047035484116,21.0820524704581,1.4427882899809492,0.0005997268726330111,4776.669994510299
2017-08-20,197.5727646639283,451.5637256324457,87.64081404057944,8.832289,0.8817536,24.99637,1.316363,20.07663104273893,0.9542282152456666,21.46128420723066,1.4206158510580769,0.005050161752711993,4776.664944348547
2017-08-21,235.13986562734624,479.1848055999489,87.31270052290517,8.820542,0.9461365,24.63571,1.1099046,19.429706815363996,0.8070637919140223,20.78343921318704,1.2734442952009482,9.427146352017526e-05,4776.664850077083
2017-08-22,248.32493352087621,502.2510806462501,87.01357520829956,8.850225,0.9000903,25.885386,1.2195061,20.249374089096325,0.868675413858453,21.64228378071137,1.335065035158817,0.012851630543635997,4776.651998446539
2017-08-23,257.40815758600866,553.4190496452015,86.8397243318605,8.838068,0.9356524,24.361952,1.1177005,19.433683145181224,0.8186590483502297,20.78760559797713,1.2850395940157457,9.758440716888992e-05,4776.651900862133
2017-08-24,284.67325302709605,554.9320181935911,86.5413889359152,8.866003,1.0087781,23.00586,0.9589522,18.211655432753837,0.7202123489627503,19.507169138188473,1.1865807216093975,7.814737244642841e-09,4776.651900854318
2017-08-25,277.17976156762626,545.3891535277152,86.24933717773786,8.95389,1.0652049,21.657904,0.8901733,17.37705199039568,0.6907891256037273,18.632674504234743,1.1571501658786896,8.376470395079887e-12,4776.65190085431
2017-08-26,298.0250757701044,540.2697228504384,85.90245053980475,9.009228,1.070967,21.42219,0.87310976,17.00921478449204,0.6794152479962197,18.247255937277494,1.145773309550486,5.556501408061401e-12,4776.651900854305
2017-08-27,302.62663529730816,529.8395720428775,85.54139295235672,9.00433,1.0965643,21.522272,0.8688641,16.97162156752892,0.6817071417095741,18.20786589304952,1.1480649075513665,5.538080889854088e-12,4776.651900854299
2017-08-28,302.3842408251414,513.687203735703,85.14541124318032,9.076555,1.0981253,21.319944,0.87245274,16.78332206541059,0.6834906779841415,18.01056631839958,1.1498469869623167,5.532590796607556e-12,4776.651900854294
2017-08-29,298.11739885616885,497.51958264842585,84.77921632501581,8.998064,1.2392951,20.069836,0.84613204,15.921351073362075,0.7039628483817415,17.10739605943158,1.1703130059883387,5.58678545280001e-12,4776.651900854288
2017-08-30,294.3937896230976,491.9708165724005,84.40811126141473,9.25893,1.2113094,20.265705,0.8904926,16.145064187751743,0.7183481095132381,17.341801895964046,1.1846997819798222,5.617634505569879e-12,4776.651900854283
2017-08-31,300.65955267999857,495.9874422210703,83.9852518915584,9.079077,1.3166062,20.443752,0.9219727,16.15465274959616,0.7592085426695121,17.35184875828777,1.225560281343635,0.0,4776.651900854277
2017-09-01,311.8292376126251,496.447103836056,83.54756070683446,9.190474,1.3590711,19.377213,0.9620592,15.447216206045564,0.7899868477317683,16.610599166206303,1.2563339839630223,,
2017-09-02,307.2671193561137,485.4090991657713,83.13920058001794,8.88216,1.326059,18.536306,0.9334769,14.794044885673983,0.7687536439444788,15.92620848947542,1.2350970389619766,,
2017-09-03,247.00340518438537,406.2727762610407,82.89821336481408,9.068995,1.5199003,17.514322,0.99337465,14.321148340050966,0.8437428798989068,15.430709105487594,1.310083870788436,,
2017-09-04,240.92140822454172,443.4770345288696,82.64588284334383,9.247215,1.6079222,19.772781,1.1346741,16.06757976870407,0.9278826521300374,17.260613986553135,1.3942337934365834,,
2017-09-05,265.6680410677302,463.5720940441713,82.27600609037927,8.884529,1.4986739,21.690556,1.217833,17.02521723010904,0.9473262682107892,18.26402324509336,1.4136844561324953,,
2017-09-06,207.57229656682435,235.50598435961152,82.28452919436725,9.08848,1.6007969,22.261755,1.5953214,16.09036934176058,1.1319999259039772,17.284492823299487,1.5983512227215741,,
2017-09-07,173.04536209879998,311.233160495358,82.38167756950399,9.2765465,1.8004684,21.026106,1.7448688,16.827681489728423,1.2928269352496324,18.0570459715647,1.759183583783445,,
2017-09-08,126.88421025809896,352.4445341642346,82.29366332534008,9.351833,1.8479925,19.115044,1.3965945,16.530601871336284,1.1374640268518441,17.745766962929288,1.6038184442761445,,
2017-09-09,213.97997706485603,429.5773740211763,82.01585809358869,9.403976,1.8458802,19.013685,1.2882088,15.81849949488061,1.0564505381537785,16.99962852707923,1.5228000185130905,,
2017-09-10,258.96202076664923,475.9351186164687,81.68168602608088,9.410042,1.8372133,19.512693,1.2231485,15.952735239283959,1.0230352157611124,17.140280281203125,1.489385582432182,,
2017-09-11,277.3106694756542,472.4424007818085,81.32825081832465,9.321781,1.776191,20.588007,1.212004,16.42097552370069,1.0074046597232544,17.630900850615635,1.4737582793324906,,
2017-09-12,283.5689784577537,471.2166482978778,80.97432918825764,9.230852,1.6868416,21.624989,1.2026764,16.96857687899628,0.9825374124840656,18.204675678812766,1.4488951544467428,,
2017-09-13,289.21228104193466,474.08440048914736,80.60640892367795,9.371691,1.6849848,22.18003,1.2583314,17.326964723558728,1.009171064188638,18.58019323725774,1.475531689760266,,
2017-09-14,293.2500678522771,470.4731907818584,80.20255182291524,9.4390335,1.7009944,22.114693,1.3338139,17.247565921201666,1.0496287662926025,18.496999443559236,1.5159887403511347,,
2017-09-15,288.9612168223276,453.98470229699046,79.82427767113657,9.5172,1.7689943,23.174902,1.649406,17.862878649880773,1.2203373874057721,19.141722017327865,1.6867025990067095,,
2017-09-16,291.0979312205133,459.6712420109458,79.41626515547728,9.552801,1.7277379,24.267199,1.9965962,18.561942135116702,1.3939696989215629,19.87419834752909,1.860341386304973,,
2017-09-17,268.91240494201764,509.5786515172743,78.99794608014189,9.660641,1.5997276,23.97326,2.0459867,19.029284867063225,1.4487705770381274,20.36387846453145,1.9151469053193069,,
2017-09-18,264.5982363568132,514.6588555021638,78.58284922922604,9.816828,1.5491115,23.949907,2.0129418,19.150993110504,1.4297203087292278,20.491403945969875,1.8960978866097236,,
2017-09-19,267.1826289852244,510.0289824248357,78.20839327515556,9.8807125,1.5104555,23.8483,2.0617442,19.046652398093965,1.4491953994937428,20.382076104177525,1.9155719050542908,,
2017-09-20,271.425122295665,511.88840185146114,77.77210818104108,9.923729,1.5023395,23.618628,2.0371363,18.873223040067366,1.4294141920064978,20.200357415675857,1.8957889427580354,,
2017-09-21,277.9697505412262,513.8600808485726,77.32881397999235,9.978931,1.5151625,23.442417,1.905971,18.71609638995335,1.3464009321822306,20.035720648796975,1.8127741227753935,,
2017-09-22,284.6859907386359,519.7815994084461,76.85393201150362,10.031086,1.5295057,22.785616,1.7313907,18.272027007622047,1.2427469566451812,19.57042626796548,1.7091158905764334,,
2017-09-23,291.14285720978216,525.9662361038953,76.4008441792615,9.97117,1.491915,22.279932,1.825008,17.89421651691228,1.2894179946250335,19.17455772728034,1.7557834845606253,,
2017-09-24,294.2708781493402,526.509201733227,75.94577566312303,9.882841,1.4553864,22.744547,1.8984075,18.133292856255945,1.3248604016123455,19.42506109840305,1.7912280519248804,,
2017-09-25,298.7581312174188,526.8416500314967,75.43037964505925,9.83637,1.4348559,23.112494,1.8449167,18.308289587905033,1.2867145677104417,19.608422075628564,1.753083840784481,,
2017-09-26,300.0435723904905,526.5529191377008,74.92637787240814,9.883398,1.4552661,23.148493,1.8288351,18.333439204965522,1.27915862289524,19.634773758414877,1.7455281320620575,,
2017-09-27,302.9257902222546,524.5671112172754,74.46035500736292,9.92766,1.4696441,22.97153,1.8452957,18.196474958041012,1.2875645991680074,19.49126308867623,1.7539328313349987,,
2017-09-28,310.1503280209405,530.080691461531,73.9521337996301,10.274786,1.5697902,21.579037,1.4136382,17.40635445423788,1.0635412077411381,18.66337752568314,1.529902491959385,,
2017-09-29,313.7195584385429,536.5530474003979,73.51738877788956,10.782654,1.6441449,18.148296,1.7071022,15.430643086198906,1.2363063940627836,16.59323390788335,1.7026534293339595,,
2017-09-30,314.2539041243219,537.4765895617938,72.99841654798136,11.522543,1.6161382,14.692588,1.2965274,13.522970240873383,1.0123977333993894,14.59438082160466,1.478735246654265,,
2017-10-01,311.0122966022912,531.214810386326,72.48647236980797,11.238424,1.7139806,13.661792,1.1594857,12.766905985587472,0.9671731828875733,13.802179279392448,1.4335080739985753,,
2017-10-02,307.3395107724912,539.2162217387252,71.97163380393967,11.073261,1.7488118,14.424024,1.1098529,13.207539435740905,0.9501794006208808,14.263873502233118,1.4165157404307358,,
2017-10-03,313.1726805718612,542.8654488951797,71.4515591282686,11.09585,1.7899129,15.621623,0.96939456,13.965915859344623,0.8981704779818763,15.058497726504976,1.3645098311544395,,
2017-10-04,319.1599994464149,549.39222413668,70.92873373383429,11.068888,1.8124772,16.44868,1.0004084,14.471810935248811,0.9186997663724578,15.58857285772158,1.3850414954433035,,
2017-10-05,320.52316878264713,552.5502425853576,70.36932094345062,11.119257,1.8164399,16.73574,1.0267557,14.673814223629233,0.9311006772228256,15.800231212772887,1.3974434367604478,,
2017-10-06,318.58623076033484,549.0207261671485,69.8636779839667,11.547031,1.7867016,16.599813,1.0404454,14.744426320748238,0.9294731519900579,15.874218326758802,1.3958162827447822,,
2017-10-07,314.2053190046336,543.7325217298005,69.36851361298922,11.320433,1.9137993,16.496328,1.2888169,14.600743523042103,1.0763056992775148,15.723667982477387,1.542648080676643,,
2017-10-08,310.7423647836091,532.7686629545914,68.91553438669354,11.065483,1.9768684,18.123861,1.6958506,15.523614170421308,1.2952409986662219,16.69064869212583,1.7615886043599387,,
2017-10-09,256.519787897267,342.3985513027848,68.96933656444575,11.629881,1.8791459,21.128454,3.019614,17.060166681357007,1.9047005869662674,18.30064316064226,2.371059051893538,,
2017-10-10,169.52919834011337,400.83731918999695,69.02771863724205,11.42589,1.8283591,19.028841,2.4493756,16.769027097491477,1.8050977921788678,17.995588099878837,2.27145399221357,,
2017-10-11,237.7995123157705,485.2316778814294,68.9438835585486,12.193714,1.8395467,18.7099,0.85556304,16.56677548805288,0.8340968072145941,17.783669554871615,1.3004514909112213,,
2017-10-12,275.18966371549504,538.3230661807506,68.77826045323937,12.761402,1.7933949,17.226654,0.8063763,15.716178395956364,0.8079376439986762,16.892416829393586,1.2742864626082757,,
2017-10-13,302.5397430966066,550.1234863855996,68.42702978493092,12.842167,1.8496724,13.4507885,1.0830998,13.234838970232623,0.9586667034244799,14.29247786115475,1.4250031402940484,,
2017-10-14,295.34260169883635,520.407100201355,68.06648979758127,12.337112,1.9646686,13.667938,1.1506739,13.186112060818978,1.0221654992296814,14.241421972035738,1.4885017634545556,,
2017-10-15,298.12504063466247,519.0846221846614,67.71847098071817,12.166216,2.0204756,14.883298,0.9157277,13.892083271705827,0.9389504656388292,14.98113619356112,1.4052894965392113,,
2017-10-16,293.9025522875217,529.662130792115,67.35862724352192,12.338854,1.6919699,15.308317,0.8224845,14.24861553022943,0.8027388377934366,15.354709475297595,1.2690794825613856,,
2017-10-17,299.0040324010253,530.3285956919353,66.97814817215266,12.345835,1.7079841,11.450869,0.9844542,11.773535858908167,0.8806225211236509,12.761329456323775,1.3469549609039584,,
2017-10-18,313.27120991846266,542.3986010100566,66.56647024696412,12.290148,1.8181663,11.114954,1.2583379,11.545206850141483,1.0389087118123448,12.522087101441715,1.5052407476731917,,
2017-10-19,316.59639020355934,544.4725026503031,66.15410231859671,12.338385,1.8665302,12.248821,1.1631933,12.28175177060145,1.005963412393565,13.293836351346812,1.4722969652893858,,
2017-10-20,317.1005686333245,543.7195922725726,65.73823513555391,12.451464,1.8296665,13.017305,1.0774318,12.808866114720896,0.9578104197481638,13.846144959264922,1.424145439247665,,
2017-10-21,320.3547147421337,548.7188138813061,65.31533881436194,12.40395,1.863454,12.7623415,1.1922542,12.63023243510162,1.0190649845384439,13.658973200388532,1.4853994714213554,,
2017-10-22,323.371183355673,543.1497188459784,64.90237741613478,12.540707,1.8887694,13.09492,1.1014348,12.888096892394023,0.9866472508622273,13.929162697273961,1.4529825182811407,,
2017-10-23,330.44559708358446,550.6902878705606,64.38347894191484,12.459215,1.968945,13.921807,0.9237513,13.373302641579466,0.9373019584112802,14.437559622677588,1.403638900694884,,
2017-10-24,200.33512915561852,319.94596769855434,64.2600166723616,12.461594,1.9024848,14.899133,1.0083197,13.960554115010673,0.9597483382080422,15.05287970912007,1.426087667767162,,
2017-10-25,171.51813237892358,378.7076316156522,64.05734679123336,12.54571,1.7641279,14.215932,0.9258926,13.695284868422885,0.8417393256003,14.77493149932294,1.3080775279516055,,
2017-10-26,219.1778626429616,471.0874271435581,63.71975296194133,12.70871,1.6399596,11.577689,0.6975188,11.936818725135778,0.7055304286764719,12.932416685402512,1.171863193876324,,
2017-10-27,258.9336219246905,494.27462586139,63.3448788693302,12.633398,1.6748269,9.768681,0.9595986,10.753496758444072,0.85325328603389,11.692535973686729,1.319584383181827,,
2017-10-28,285.89594007466184,518.3605683444381,62.93325572757582,12.68638,1.791688,10.190972,1.0437407,11.078036374533339,0.9263872154982441,12.032587474041883,1.392718610738647,,
2017-10-29,225.246945594832,213.62690024019116,62.92106666130978,11.911404,2.2052996,11.387864,1.0265365,11.656564752256878,1.2372351627856797,12.638767530620282,1.7035673881921392,,
2017-10-30,204.2454474072,2061.1387304953573,65.75265517302128,12.717703,1.7129703,10.6679125,0.83621675,10.852720145343913,0.7763407630356636,11.796501899302202,1.242671938535647,,
2017-10-31,38.7789474072,238.51853049535816,67.17006354071714,12.216654,1.4842339,8.747062,0.6912512,9.232270359425556,0.6297707703439985,10.098600152847432,1.0961020759983648,,
2017-11-01,38.7789474072,178.412490495358,67.9752753568912,12.003794,1.4297172,7.570241,0.82524323,8.361839898718905,0.7243686538149586,9.186566091536683,1.1907012693146446,,
2017-11-02,38.7789474072,245.353730495358,68.40634560718016,12.583441,1.6297612,8.954281,1.0419452,9.449595235955734,0.9268257429402046,10.326312415587825,1.393156856750652,,
2017-11-03,38.7789474072,297.4941804953579,68.78603560619959,12.062584,1.4350201,10.968317,0.9254504,11.094507662966683,0.8352847665990389,12.049846033758058,1.301616180180695,,
2017-11-04,119.92844244884544,338.31702273258486,69.05588846952698,11.72979,1.3417072,9.0031805,0.82492566,9.716767484997462,0.7030083637166201,10.606254584851103,1.1693393157079515,,
2017-11-05,123.87506639025594,413.6995181401064,69.24759130021305,12.081984,1.4352123,8.552489,0.9446602,9.365802170729975,0.7986705763839097,10.238514328276539,1.2650017577639527,,
2017-11-06,64.71959649975129,468.39317532711937,69.5147044900954,11.53384,1.2985935,9.609864,0.8160517,9.843433853558285,0.7341106068359621,10.738975172841814,1.2004415106381687,,
2017-11-07,109.7796326443405,512.7108649434999,69.79187134095099,10.734549,1.1363086,7.513951,0.7090529,8.081921000347029,0.6174323213030637,8.893268026677516,1.0837655421809829,,
2017-11-08,132.68727095009888,462.3940195851322,69.98050295819365,10.603853,1.0563724,5.4812236,0.7620684,6.623433493296541,0.6372747232632312,7.365069802380146,1.1036125483615296,,
2017-11-09,154.80471649439494,522.0565005601525,70.0743697422893,10.216684,1.0322018,4.0585017,0.8240944,5.466937734702466,0.6780405264479937,6.1532974998082555,1.1443837318684384,,
2017-11-10,140.0383587989876,508.4409318883034,70.10808524717011,8.688629,0.94618416,1.8274255,1.1850666,3.309094540414058,0.9513541098602664,3.8923167770508145,1.4177114438071956,,
2017-11-11,168.94573743326544,540.9240607862105,70.13090901558809,9.011438,0.96358204,0.34502637,0.8716492,2.4075924517808938,0.7026762923204543,2.9477259702117116,1.169041105908366,,
2017-11-12,174.89877983703116,555.9760903996312,70.13463425119213,9.380817,0.9937118,0.077089906,0.7238623,2.303477287873108,0.5997941755826014,2.838634457369017,1.066159912864592,,
2017-11-13,169.5967833973649,554.3255205057892,70.04232149508334,9.2142105,1.0502208,0.8445746,1.0734928,2.805369708351583,0.8580329218423225,3.364515619912951,1.3243943205587383,,
2017-11-14,171.992620550673,554.5137015914011,69.89738128688214,8.913055,1.0560778,1.5739897,1.2070383,3.3114352448471944,0.954606370471307,3.8947693591545574,1.420963686207409,,
2017-11-15,177.76558913841507,543.362787599764,69.75590543244154,8.992409,1.0512081,1.9486035,1.1377939,3.6849742167360784,0.8956231979611783,4.286162217020633,1.3619776878240641,,
2017-11-16,146.91820192973898,516.5180605187227,69.5576903048658,8.492547,1.1076511,2.6795883,1.190169,3.966870142793422,0.958522335869556,4.5815318047305,1.4248747987999764,,
2017-11-17,153.98042040784856,515.703141800165,69.47955785590824,8.012207,1.0174601,2.1308706,1.1602652,3.4831669641082956,0.9236049516438973,4.0747092675608245,1.3899609483895325,,
2017-11-18,170.46591670489067,541.551500690869,69.34234758375011,7.5655246,1.0903592,2.138996,1.5021577,3.4381750427752333,1.1719650329631315,4.027566886185231,1.6383213720099996,,
2017-11-19,98.07161238212498,412.1007854702832,69.57488081806216,7.4009824,1.0317038,2.8971553,1.4324731,3.7629363168609955,1.1739789571069938,4.367850639031413,1.6403328773033108,,
2017-11-20,137.3138790958277,412.525266879071,69.90777710395352,7.2848234,1.0023744,2.0627646,1.2823739,3.3668935925921826,0.9941530105264808,3.952878426346878,1.4605098966260108,,
2017-11-21,136.7568521395682,488.73787677063336,69.99264973327313,8.031366,1.0120518,2.2944741,1.2038795,3.548776176178114,0.9663404347335841,4.143454375693708,1.4326959364696235,,
2017-11-22,162.77711272864906,516.2566192440052,69.92413167056648,7.5215955,0.9658918,2.847976,1.2222003,3.968330163524409,0.9576294368170801,4.5830616094615975,1.4239818894859895,,
2017-11-23,185.1096635183152,531.9916691155895,69.86993924826852,7.3234844,0.91348076,1.7081438,1.3016156,3.1576653413332942,0.9939960182154929,3.733649779888812,1.4603545436053673,,
2017-11-24,200.6046965546069,546.4296565522578,69.78216881968619,7.893699,0.941646,1.3746302,1.0581878,3.1252268812948696,0.8142845187300515,3.6996608723458793,1.2806433027556712,,
2017-11-25,200.11081664326264,557.1697339235147,69.68745044736953,8.108965,0.9427125,1.9989581,1.3745456,3.6135228205153083,1.0415519310433208,4.211295688304889,1.5079069491037234,,
2017-11-26,209.96048768540857,570.7598604659295,69.58915149309327,7.660525,0.87957627,2.6905591,1.297023,4.027140709462644,0.9772720928075619,4.644683098461885,1.4436241341632177,,
2017-11-27,214.35619473551407,577.9353652561148,69.53196278379673,7.353371,0.8571401,1.4640117,1.1329354,3.0573906095184253,0.8583377243938365,3.628582258665215,1.3246970531756563,,
2017-11-28,210.5379623172288,585.9117200832615,69.41004132162692,7.683471,0.8693485,1.231875,0.95938146,2.9373259716440914,0.7422450615003622,3.502778941520921,1.2086053673555806,,
2017-11-29,215.26581710864627,594.3608424005183,69.36945799285766,7.763264,0.85878885,1.4175348,1.0017886,3.104755225215562,0.770062024397586,3.678210741084836,1.2364209722655184,,
2017-11-30,217.1706391898573,595.1815610502581,69.1757213874347,7.080051,0.85071623,1.5654494,1.0230073,3.039698520688013,0.7832653914552399,3.6100445484660897,1.249624863177813,,
2017-12-01,208.5290456400784,553.9856791936638,69.048470285343,7.1980343,0.8178344,1.4316573,1.1077876,3.008619761911837,0.8353334325689812,3.5774803312578345,1.3016931562547072,,
2017-12-02,228.45372149750835,555.7769364686101,68.86653754556906,7.135536,0.8127731,1.2665253,1.109446,2.9762230134375978,0.8211301198289064,3.543535128949271,1.2874901073388676,,
2017-12-03,238.30849827832787,573.415288063901,68.68488300077561,7.079942,0.8061053,1.2667258,1.0895668,2.9733886917017642,0.8052499640750952,3.540565336323109,1.2716099747235665,,
2017-12-04,235.62881186487573,563.4506902460685,68.45173978503827,7.0706005,0.7964208,1.3752165,1.0865949,3.054644585422633,0.801368493231445,3.625704984004458,1.2677278441759143,,
2017-12-05,220.6204857984216,574.8738443995253,68.28360425889274,6.9176254,0.84649265,2.004593,1.4235475,3.367161530818931,1.0551914751489067,3.953159171104964,1.5215483591812533,,
2017-12-06,179.6786949616311,523.5216582206252,68.32930950189076,6.4121614,0.75367546,2.4155102,1.2384524,3.436717097754929,0.9419050322131514,4.026039256376691,1.4082613823908754,,
2017-12-07,239.28610223890644,559.4218613687099,68.21560464796622,5.7845807,0.80837387,1.1572475,1.2960979,2.5435571421833068,0.9395473671141915,3.0901893080433167,1.405910993107586,,
2017-12-08,253.7860052866475,604.0216839720691,68.04124526620554,5.632888,0.7743996,0.35286796,1.1895345,1.9149840037110226,0.868374640660606,2.431572522221841,1.3347439340168439,,
2017-12-09,245.80820384880133,598.553783560034,67.88410062960185,4.9341116,0.7503197,-0.73769677,0.93368983,0.913463572941233,0.6969884565165015,1.3821828383875807,1.1633677132284572,,
2017-12-10,235.61388111699705,582.7562758693452,67.73685775565144,5.446713,0.76297957,-0.9548451,0.8617026,0.8882034842610692,0.6517471848709047,1.3557154038157986,1.1181267077045873,,
2017-12-11,242.92246716517764,587.5178420757761,67.55907676271242,5.489207,0.7758053,-0.8411137,0.980561,1.010647422846307,0.7299014946496528,1.4840117441117455,1.1962797343071347,,
2017-12-12,238.84739169117017,587.5825215067453,67.39134334991267,4.77063,0.7533517,-0.8721713,0.7046321,0.7586607075884331,0.5462523480811136,1.2199809252380398,1.0126332471470947,,
2017-12-13,236.6396482862641,548.8636785144222,67.13405367696436,4.007511,0.73692197,-1.2121938,0.7135705,0.360287274396813,0.5457920732094441,0.8025666037113168,1.0121773247353958,,
2017-12-14,243.7271606803137,542.4796945399696,66.72793781496752,3.7694895,0.74347275,-1.3448387,0.66059244,0.2406227703018172,0.5107642085832388,0.677182545373224,0.977150802952744,,
2017-12-15,246.50250408666977,549.2546629471824,66.34431207307875,3.6322496,0.73822016,-1.2890197,0.5781146,0.23544687387874536,0.459913366023537,0.6717592587940462,0.9263000188449902,,
2017-12-16,214.14750970041712,560.814162132627,66.1099857952053,4.0323133,0.7805072,-1.1840855,0.5402324,0.2573778262677061,0.4464957430227532,0.6947384357399888,0.9128821483857001,,
2017-12-17,231.94948404545937,564.7003553528561,65.87197610057306,4.2579193,0.79583585,-1.4641069,0.7120367,0.20189609404396447,0.5553700024149788,0.6366048663707662,1.0217570348717464,,
2017-12-18,251.8252640467275,585.9507000150915,65.60290752586114,4.9913373,0.83113664,-1.3203098,1.1284173,0.5768945721061695,0.8278265593680448,1.0295269898161747,1.294209421825284,,
2017-12-19,236.77049654779185,599.1764438359028,65.38890849849382,5.3723516,0.8648539,-0.7152058,1.4317856,1.0090112962603097,1.055081766157416,1.4822974162677567,1.5214600228480166,,
2017-12-20,240.48399235183967,559.0416262363897,65.26536102951638,4.426983,0.78901273,-0.18754148,1.1416701,1.20043060283145,0.8328050566159522,1.682865911358832,1.2991813412792323,,
2017-12-21,248.5554126405572,576.3024108704376,65.05406175780996,4.338253,0.7577775,0.23505867,1.0310283,1.471479218274799,0.7556720524549948,1.9668697240870325,1.222045616405424,,
2017-12-22,256.04413745883573,596.37408593336,64.79371456482406,4.39753,0.78780824,0.380525,1.1135479,1.5871282472767478,0.8142130095802044,2.0880463813488457,1.2805854382453725,,
2017-12-23,160.9002500498708,350.0211131380288,64.87120459704076,4.348075,0.8428086,1.4652749,1.6562918,2.373131346921817,1.1653185721071222,2.911617742339765,1.6316836900563394,,
2017-12-24,38.7789474072,457.333500495358,65.14624893924098,3.825244,0.7998003,2.058447,0.6589421,2.196549708990631,0.6106441000574558,2.726596105729601,1.077010798887377,,
2017-12-25,38.7789474072,415.30043049535806,65.3232105404917,3.05745,0.7042289,0.7864218,0.57059145,0.9803704344140659,0.5253163326263954,1.4522876191291507,0.9916948879823587,,
2017-12-26,163.7158441760497,476.0604192432308,65.03089073521969,2.647645,0.69801724,-0.77846324,0.7565646,0.09826231572776074,0.5906203765251637,0.5280177477053969,1.0570085897511627,,
2017-12-27,184.02971486745292,506.11808861558063,64.68298625482379,2.4935646,0.7211111,-1.0236167,0.521979,-0.0857510950473372,0.4283732187925817,0.3352091249136264,0.8947635588663687,,
2017-12-28,186.01102227738227,519.6665217281543,64.32285316374933,2.2835374,0.7523935,-1.056949,0.48666435,-0.1764232087411558,0.40959921340485184,0.24020319413235836,0.8759906157154176,,
2017-12-29,193.34600521789469,530.8798055657627,64.02379518011284,2.2262802,0.7812194,-1.085987,0.45921952,-0.20171356050360462,0.3959953403407046,0.21370405000640713,0.8623870406079062,,
2017-12-30,199.8243078460531,532.5254039196675,63.7173412227016,2.1680114,0.8057306,-1.3402141,0.49114898,-0.3829819079064544,0.4193798553040141,0.023771695232548518,0.8857737125770124,,
2017-12-31,217.925010135545,545.3390465840895,63.40033088931107,2.8400526,0.804417,-1.2027568,0.38456345,-0.0484651846917197,0.35811422184930997,0.37427717432873403,0.8245041278407805,,
2018-01-01,214.0082088497096,601.8676740629569,63.04927786528467,1.7430284,0.7543627,-1.8339478,1.147034,-0.8956895433418698,0.8689895777572846,-0.5134416125733048,1.335389739401525,,
2018-01-02,216.7901448535289,596.8265596087825,62.81460740434718,1.7623005,0.75193554,-1.3763202,0.6523681,-0.540027133511095,0.5187924424879578,-0.14077975532374604,0.9851881988958039,,
2018-01-03,224.24691973353256,600.9782147308013,62.56345794765065,1.8141024,0.7361294,-1.3462144,0.68432117,-0.48742899403878237,0.537010817514147,-0.08566760458240202,1.0034059347165603,,
2018-01-04,225.68583387061005,599.5033549712949,62.31297849058911,1.751577,0.7635809,-1.0051447,0.7425795,-0.251192710210778,0.5784970847500874,0.16185996607924286,1.0448893700675699,,
2018-01-05,233.30745010455064,603.8265651071417,62.04771810116804,1.6838055,0.7911295,-0.20963788,0.9046909,0.3180607090892763,0.6887980837342134,0.7583217529263724,1.1551838072461793,,
2018-01-06,229.8207250310537,613.3848249994658,61.79645823812548,1.6529956,0.80614316,0.32262313,1.00784,0.685224117059009,0.7653635357290892,1.1430343167117358,1.2317452234902275,,
2018-01-07,248.218947807802,588.5626871760523,61.58190388422169,1.6774855,0.7955941,0.38434863,1.1647103,0.7679386275782933,0.8525325200322722,1.2297022980884325,1.318913319893876,,
2018-01-08,260.1924865875648,587.5407649390976,61.37913414503519,2.1925125,0.6593508,0.10830903,1.241159,0.7480079988989643,0.883697808387421,1.2088190534876773,1.3500788214791215,,
2018-01-09,275.1778579490441,598.5148461290328,61.14915091729265,2.4043279,0.64857924,0.065779924,1.2587425,0.8023279248724501,0.8861557300340612,1.2657352862393179,1.3525361630458193,,
2018-01-10,275.848040672858,588.1976640797282,60.93296611570064,2.6508312,0.64630234,0.9402345,1.3203375,1.4863453611258433,0.9221965009283165,1.9824464177489896,1.3885699180865225,,
2018-01-11,218.78283969831892,602.8912828192249,60.79830422448224,4.2659683,0.755909,1.8734454,2.0145743,2.510489867761121,1.4918041719640223,3.0555415309385734,1.958168084840724,,
2018-01-12,38.7789474072,703.0358604953578,61.71791306155057,3.3923416,0.93434817,3.8956394,5.0783176,3.8693291343836496,4.813092506183222,4.479328669545997,5.279445660186033,,
2018-01-13,38.7789474072,4779.56493049536,64.84024040497552,1.9665852,0.81223154,1.1464512,0.5564291,1.1530518285340083,0.5519895384667332,1.6332225936062104,1.0183663073308098,,
2018-01-14,38.7789474072,2917.823930495358,66.44495458225629,1.712649,0.78614306,0.39608538,0.28917894,0.4133534939172392,0.28557226649195266,0.8581692071270227,0.7519569277629552,,
2018-01-15,38.7789474072,1661.5638304953577,67.49251735104332,1.7949398,0.75153244,0.28927386,0.29639137,0.323612898082005,0.29013841464425427,0.7641393175737449,0.7565240759804055,,
2018-01-16,38.7789474072,1355.415330495358,68.21712295488214,2.2187545,0.70322603,-0.13632941,0.37696603,-0.07082370942460521,0.367002483474381,0.3508499885424099,0.8333926495728476,,
2018-01-17,38.7789474072,978.548030495358,68.801217129622,1.8415241,0.7543867,-0.030078292,0.3215474,0.04126432777130646,0.3106244010757537,0.4682954507624989,0.7770132689522229,,
2018-01-18,38.7789474072,582.3721304953579,69.23197119357899,1.8035016,0.74299693,-0.4400097,0.34714815,-0.29994554754841124,0.32876419809434765,0.11077690977010807,0.7951570626118118,,
2018-01-19,68.73273213188688,487.79316577757214,69.5954440389219,2.2537,0.6640933,-0.5585884,0.45846826,-0.21126175398721941,0.4101305508888793,0.20369948551314218,0.8765223638376638,,
2018-01-20,38.7789474072,526.7210304953581,69.98500958108212,3.180227,0.6317997,-0.5803746,0.6756898,-0.32249276135769817,0.630844169815537,0.08715201621453189,1.0972373031204414,,
2018-01-21,38.7789474072,619.4589304953581,70.3146022340025,3.416321,0.6811225,-0.36537302,0.8817314,-0.142581043418048,0.8307553957732471,0.2756628992742558,1.2971464005185456,,
2018-01-22,38.7789474072,719.957280495358,70.63916384187121,3.4043584,0.6839711,0.109371066,0.9229923,0.2777776022855988,0.8765156057821444,0.716113251318391,1.3429017814573274,,
2018-01-23,1232.2964474071998,5646.487130495359,72.87345799706813,4.2632084,0.71396846,0.9162001,0.78261137,1.5157983262535077,0.6550198471813389,2.0133071339298314,1.121392974259484,,
2018-01-24,38.7789474072,5404.270630495358,74.7492275552455,2.9019928,0.5891583,0.59179556,0.78033036,0.6082545387193191,0.7747822606257374,1.0623858556347499,1.2411647816440852,,
2018-01-25,38.7789474072,2845.892930495359,75.64837663275408,2.5671248,0.57199895,0.34677112,0.41945282,0.3766195696103777,0.4138855010318899,0.8196795268069317,0.8802705705509245,,
2018-01-26,54.9368420988,1786.841230495358,76.20161505750235,2.787981,0.54999286,0.3959992,0.42053244,0.46734759863189235,0.40831842802215845,0.9147440454774227,0.8747024920220916,,
2018-01-27,54.9368420988,1539.012260495358,76.90154580857629,3.5088036,0.60589284,0.90808135,0.75448745,0.9977175070528473,0.7287826233661479,1.4704638225420645,1.1951609977157662,,
2018-01-28,54.9368420988,1616.515630495358,77.58801556696476,3.2258155,0.61113846,1.6056985,0.72136235,1.658948030390645,0.6979419097961916,2.16329890459194,1.1643136411300075,,
2018-01-29,54.9368420988,1269.063380495358,78.12699143820588,3.0829568,0.5398456,1.377764,0.69385123,1.448517681519917,0.6654383368588059,1.942810704365354,1.1318121280341131,,
2018-01-30,54.9368420988,997.362190495358,78.54916228332371,2.8502054,0.5499317,0.78699726,0.5077506,0.8947101212098886,0.4820983345695548,1.3625330357689458,0.9484777887843321,,
2018-01-31,54.9368420988,717.0377304953578,78.83433810787992,2.7055068,0.5269311,-0.13778234,0.44384557,0.06455765349503341,0.41396161786316643,0.49270211783156936,0.8803502177552904,,
2018-02-01,54.9368420988,611.202660495358,78.83008369041295,2.8710074,0.5149082,-0.28415167,0.5178094,-0.023944198057197046,0.4769993789562129,0.39997018030358733,0.9433890003409297,,
2018-02-02,54.9368420988,523.038950495358,78.76276038057401,2.5173388,0.56254977,-0.2401923,0.41686282,0.021912191301258186,0.38101048233992646,0.4480183483211515,0.8473995733300602,,
2018-02-03,54.9368420988,424.5755304953578,78.69911515826796,2.5911956,0.54477483,-0.5000411,0.45842427,-0.14588387754171817,0.4106739523542591,0.27220220096964787,0.8770649958423717,,
2018-02-04,54.9368420988,370.3757604953579,78.72682953159472,2.7376084,0.5869102,-0.34060872,0.78864706,0.056998898757321746,0.6909504430175967,0.48478208045570553,1.1573391298034605,,
2018-02-05,54.9368420988,369.915420495358,78.7855755016458,2.5420399,0.5673315,-0.69016945,0.49338195,-0.27221858235899515,0.43580258257775434,0.1398291291156893,0.9021951173563467,,
2018-02-06,54.9368420988,381.559160495358,78.83897468646843,2.6563587,0.5429548,-0.58474433,0.4510835,-0.17682314915734762,0.40018831978289965,0.23978413793140047,0.8665797267996467,,
2018-02-07,56.50567209880005,429.2129904953581,78.86780107028464,2.6082296,0.6216359,-0.47513926,0.6819699,-0.1164381328786127,0.6069571131405734,0.30305535157240704,1.0733478116650892,,
2018-02-08,89.35550209879999,382.927890495358,78.83081268815396,2.5542545,0.5630576,-0.58719313,0.5468921,0.007165335680400991,0.45603788416419244,0.4325666434112214,0.9224271454604903,,
2018-02-09,54.9368420988,439.2217704953581,78.8041821079185,2.6202426,0.5504221,-0.4591781,0.29230145,-0.11683123291595947,0.26691453467841203,0.30264346269702036,0.7333052378016554,,
2018-02-10,54.9368420988,484.7505104953579,78.86519781605563,3.2724528,0.51317924,-0.73358786,0.45486823,-0.32579763974500303,0.4118914646580137,0.08368917593747549,0.8782846374095232,,
2018-02-11,100.34199209880003,643.0003804953581,79.15890335305805,3.3494587,0.5422944,-0.78285825,0.58809906,-0.22504676520638622,0.5139529061799948,0.1892555978794027,0.9803448819944109,,
2018-02-12,54.9368420988,2402.1654304953577,80.22750076239952,2.896473,0.53195786,0.2743528,0.34883112,0.33297916431495833,0.34123915716477504,0.773953259315654,0.8076247136933061,,
2018-02-13,54.9368420988,1155.515790495358,80.61785594705945,2.9073122,0.5267066,-0.2954899,0.41951105,-0.1501295466708228,0.4011842105821943,0.2677536033692659,0.8675753038910594,,
2018-02-14,54.9368420988,953.258330495358,81.00616029741641,3.2363222,0.5715973,-0.21587884,0.68809724,-0.027767428070203954,0.6513477409405861,0.3959642129650167,1.1177374066549959,,
2018-02-15,253.44154209880008,1773.5533304953578,81.51815141601419,3.8495264,0.68458974,0.93809307,0.89483017,1.302118730592173,0.7876118052981776,1.7894143840230423,1.2539870593972196,,
2018-02-16,748.2708420987998,5523.022130495358,83.15889861973989,3.6719859,0.5836069,0.44184077,0.74943936,0.8272514642240713,0.6636817643351104,1.2918500855750894,1.1300619323186971,,
2018-02-17,83.05074209880006,3920.067330495358,84.22178665567529,2.8539507,0.5610804,0.3610804,0.53874916,0.41279877542284393,0.5277003980577122,0.8575879749848057,0.9940850654821893,,
2018-02-18,54.9368420988,2800.1686304953582,85.02833679633423,2.9818013,0.5357919,0.43051887,0.46255568,0.47960966101309066,0.4537724897003916,0.9275921925246788,0.9201564185245164,,
2018-02-19,102.4821420988,2541.2501904953588,85.70257025383793,3.2079134,0.5416257,0.6514803,0.938947,0.750578374474822,0.9027936908631375,1.2115122842296717,1.369174676429872,,
2018-02-20,751.0695420988001,5697.811630495359,87.48585371515885,4.3455596,0.6451815,3.5677125,1.0922567,3.658304574189946,0.9679678202361546,4.258217856726407,1.4343225065688758,,
2018-02-21,724.8161420987998,5209.942930495359,88.99496434471384,4.2631407,0.76399046,4.975849,1.1648456,4.888805583427493,1.0268303364913136,5.547532607948233,1.4931768050084038,,
2018-02-22,601.5833420987998,4303.479630495359,90.19749137970243,3.9948964,0.71025103,2.977796,0.95469034,3.1025387409105702,0.8421193748616658,3.675888316406738,1.3084783404977043,,
2018-02-23,426.4079420988,3643.653330495358,91.30198106210827,3.5221484,0.57398283,2.7065017,0.9511358,2.7919545412328945,0.8536089929730056,3.3504592536634443,1.319970503908849,,
2018-02-24,775.0784737035999,4521.855830495359,92.77265206445227,3.5001185,0.5286764,3.2689047,0.90696555,3.302737245556376,0.7781080909740358,3.885655625230261,1.2444654744127348,,
2018-02-25,1762.9644737036,5494.014330495359,94.90800890698368,3.4448013,0.47215566,3.5339231,0.7724693,3.512272458902744,0.5959529849530574,4.105205905514291,1.0623087614955058,,
2018-02-26,2276.789261860091,6451.274227948072,95.14646523942473,3.4070086,0.47647995,2.207407,0.8986497,2.5203332451765603,0.6757584966659844,3.0658553881465687,1.1421223240133267,,
2018-02-27,1846.479919211676,5207.907222233976,94.99644585885473,3.4423454,0.48936132,2.6780448,0.9166622,2.8780998331980805,0.6887423231052275,3.4407219961116167,1.1551031170081132,,
2018-02-28,1482.5476382266552,3903.6324560225153,94.91942468203078,3.485816,0.4798325,4.050834,1.0113262,3.8953127612859277,0.7447627192766179,4.50655422499362,1.2111156881237632,,
2018-03-01,1186.813723237355,3028.8436415419005,94.96534406423433,3.3494005,0.58523107,3.5745597,0.92872214,3.51117171187519,0.6873030590266828,4.104052546541535,1.153658843879417,,
2018-03-02,1482.8480982449971,2725.549342090833,95.20380203054694,2.8353677,0.5200628,2.895387,0.9384102,2.8742388752083383,0.6347818185971917,3.4366764975279898,1.1011426444552268,,
2018-03-03,985.413129882134,2332.549760146312,95.41283561688343,2.7157774,0.4667059,1.980693,0.8752598,2.199008213316923,0.6307320541469357,2.7291721181587127,1.097098730721869,,
2018-03-04,745.5960177399686,1952.502215190579,95.65362616470598,2.81703,0.46664402,2.6619081,0.8662068,2.704774713056831,0.6399647329938183,3.259112527709899,1.1063269782134197,,
2018-03-05,455.9713863442302,1564.0669891430728,95.8118474468434,2.8245115,0.45065296,2.6714482,0.8830332,2.705998308950993,0.6912371441302733,3.2603946073051486,1.157599378983838,,
2018-03-06,423.8840868963572,1449.8557732473898,95.87350751850157,2.9188237,0.49782944,2.5987058,0.87315065,2.6711239884285676,0.6849455552688481,3.2238534134736523,1.1513080862410328,,
2018-03-07,422.1275432333984,1504.811786970378,95.92671127770994,2.719903,0.49367663,2.2734566,0.91026646,2.371257955700842,0.7190373237491422,2.9096548094222947,1.1854024582831149,,
2018-03-08,413.02629485416,1396.1160014631366,95.93094465626831,2.735919,0.45858276,1.7310609,0.89178383,1.9604694799197835,0.6961080395109763,2.4792320487090587,1.1624769075953745,,
2018-03-09,387.7894737036,1271.4371341003157,95.74877411239295,2.792131,0.44180864,1.6214974,0.88678867,1.895094361174665,0.6873315971869975,2.4107322227615873,1.1537010772472382,,
2018-03-10,387.7894737036,1129.8133342877104,95.51874786759846,2.7336435,0.4208652,2.0033734,0.88535744,2.189977596461124,0.6678398566091112,2.719709868686826,1.134206614965351,,
2018-03-11,387.7894737036,998.8670784067716,95.23543258448163,2.664999,0.4455896,1.6869781,0.87483805,1.9604893846832296,0.6423850276841302,2.479252904852156,1.1087538955829443,,
2018-03-12,387.7894737036,668.568900495358,95.19204522712647,2.658911,0.48963064,0.8120009,0.88484764,1.4900021253356457,0.5881580839314409,1.9862779627879974,1.0545314650205164,,
2018-03-13,387.7894737036,672.2531204953582,95.29917664277437,2.714696,0.42498672,0.88108426,0.9049773,1.551864199220251,0.5945998306627501,2.051096832339366,1.0609726038818015,,
2018-03-14,54.9368420988,651.371080495358,95.2924526024903,2.6367989,0.51291853,1.8460867,0.9792196,1.907588566242526,0.9039364303312674,2.4238236081223885,1.3703057930556204,,
2018-03-15,54.9368420988,624.9850104953582,95.43592755187504,2.786375,0.54322445,1.5702219,0.726777,1.6684855661404734,0.6694946698809915,2.1732923019481754,1.1358663090541194,,
2018-03-16,54.9368420988,591.064660495358,95.5368508588451,2.657692,0.495072,1.5033629,0.6508041,1.6015285997531423,0.5969453750635575,2.103135021448469,1.0633176634363242,,
2018-03-17,54.9368420988,555.471920495358,95.61196450554931,2.760699,0.5727302,1.5762622,0.62927,1.682861651214179,0.5749509181534392,2.1883555147462155,1.0413224186077963,,
2018-03-18,54.9368420988,535.7445604953581,95.66875798977199,2.7166119,0.60497427,1.9765804,0.65659326,2.0454076585511487,0.5981783716387633,2.5682299819323644,1.064546451917433,,
2018-03-19,54.9368420988,524.1209204953582,95.71579049910542,2.714929,0.6364305,2.1533272,0.6420732,2.206607979689397,0.5842861067367563,2.7371351273852897,1.050652714560434,,
2018-03-20,54.9368420988,486.5596104953578,95.7555430451528,2.69313,0.65621454,2.2961261,0.63907415,2.336403657894856,0.5780840786949629,2.8731345953246397,1.0444495225189443,,
2018-03-21,54.9368420988,480.828430495358,95.79297081865163,2.7705593,0.6670498,2.952935,0.83153045,2.9342343593008002,0.7493941128973475,3.4995395606757684,1.215754444129489,,
2018-03-22,54.9368420988,472.981860495358,95.78623379429341,3.059119,0.7213779,3.968265,0.8105171,3.8736565233770666,0.7300420069067247,4.48386289294086,1.1963951300195845,,
2018-03-23,54.9368420988,465.2039404953578,95.79242647072107,2.90699,0.70933336,4.0881567,0.82988924,3.9634028491529714,0.7460085118214237,4.5778987863063865,1.212360999130905,,
2018-03-24,54.9368420988,468.981190495358,95.80250708624739,2.971119,0.7160216,3.9556284,0.8223373,3.8523949924721377,0.7399279633156,4.461585133537584,1.2062812384042974,,
2018-03-25,54.9368420988,475.6388604953579,95.81537239158165,2.9212785,0.72111547,3.872294,0.82934004,3.7738239540143925,0.747208432701321,4.379258668023217,1.2135622738951644,,
2018-03-26,54.9368420988,502.4934904953579,95.82796465327328,3.561618,0.75554633,4.5745153,0.7932592,4.474690533765582,0.7189469920784931,5.113624274493963,1.1852960329148543,,
2018-03-27,54.9368420988,549.0244204953578,95.86537591134018,2.9372685,0.7750218,4.9150033,0.820057,4.735106820620421,0.7487898143396762,5.386487569671921,1.21513721468504,,
2018-03-28,176.0123720988,566.912060495358,95.9562884197537,3.3661427,0.7079107,5.0229836,0.8268224,4.630447692973374,0.6528441827840606,5.276826093482675,1.1191922331074682,,
2018-03-29,318.1644720988,1185.880400495358,96.29949049392108,3.2534251,0.71145904,5.6751933,0.8722831,5.162894367596574,0.7040354419016079,5.834721899074959,1.1703803157512227,,
2018-03-30,54.9368420988,6156.379430495358,98.55765036079093,2.9829035,0.63275695,3.22971,1.4976833,3.227527186930618,1.4844474088523807,3.8068507828949154,1.9508053813118598,,
2018-03-31,570.9808656213542,4882.12573049536,99.91290689744439,3.5818963,0.6403599,3.8060355,0.96268916,3.7825664739973672,0.8644926046170631,4.388419050576569,1.330846382471885,,
2018-04-01,2059.371095646527,5792.921836249241,99.91290689744439,3.2653804,0.56619877,4.6591277,1.1326551,4.2935984343258,0.8486925831170751,4.923876591733333,1.3150428104615166,,
2018-04-02,1716.3342283755785,4626.422594723845,99.91290689744439,3.2507446,0.4855475,4.3161073,0.824435,4.0278227771476915,0.6155310831216246,4.645397766650746,1.0818831197301915,,
2018-04-03,1739.40112332591,4460.470638001909,99.91290689744439,3.070218,0.4688276,4.439856,0.7860272,4.055598134075005,0.5805989549308763,4.674500690693878,1.0469507986790814,,
2018-04-04,2268.912038949015,6725.955093159054,99.91290689744439,3.2687252,0.46965843,3.8325992,0.8353225,3.690364652807611,0.6357519845303046,4.2918102975101,1.1021064347817613,,
2018-04-05,2093.73800729739,5469.960001251559,99.91290689744439,2.4679275,0.45163378,2.7335148,0.8530387,2.6599964768434488,0.6294459312610043,3.2121940448722603,1.0958085570098164,,
2018-04-06,1731.01992228533,4624.82963263992,99.91290689744439,2.427607,0.43385744,2.706704,0.762837,2.630691687778171,0.5675151900210614,3.1814885870630722,1.033878066045743,,
2018-04-07,1740.1003808101725,4501.418071636236,99.91290689744439,2.259181,0.4585012,2.3136182,0.8774894,2.2984414077368647,0.6456309699692456,2.8333578793765564,1.1119967522430891,,
2018-04-08,1349.828979818034,2890.954817401695,99.91290689744439,2.2569027,0.4466621,2.3459313,0.87817454,2.317593751671347,0.615304378028652,2.8534256398820945,1.081669989345095,,
2018-04-09,1115.3696113441072,2083.579603832659,99.91290689744439,2.370752,0.46933833,2.6072328,0.8709335,2.5247796711501644,0.5903991984745857,3.070514338082364,1.0567629872231477,,
2018-04-10,1042.357656111761,1941.640583636164,99.91290689744439,2.3162088,0.45065433,2.9052458,0.87120014,2.6994858855279396,0.5883280399711845,3.253570912304079,1.05469033001627,,
2018-04-11,969.4736841976,1594.130840495358,99.83042581541575,2.3886786,0.45131606,3.4525967,0.86346304,3.050256676553603,0.5634021060755684,3.6211073480908045,1.0297614924519327,,
2018-04-12,484.4602900013107,1632.1666165446484,99.91290689744439,3.0433564,0.4710258,5.2984676,0.88440007,4.782310617109951,0.6904447368359712,5.435947546275544,1.15679184812468,,
2018-04-13,969.4736841976,1752.5170415240043,99.90745418271436,3.2951293,0.43725383,7.5900764,0.95700645,6.060373132319914,0.6355319755427398,6.775097080874393,1.1018722290662875,,
2018-04-14,570.8583049544268,2139.3819205759664,99.91290689744439,3.9757643,0.5208123,10.036952,1.00882,8.760283135648832,0.8038524262931984,9.60405355318179,1.270184334656729,,
2018-04-15,1031.7098961261524,1994.281084126331,99.91290689744439,3.7358701,0.6041812,7.3023634,0.85366786,6.08636955168783,0.5991363481722368,6.802336040223781,1.0654764815915896,,
2018-04-16,2045.6728720061617,4376.029567553264,99.91290689744439,4.136779,0.5806014,6.012365,0.90650105,5.414885379327665,0.6448238808610514,6.098757219778615,1.111167364416597,,
2018-04-17,2040.580335366447,6101.559602664321,99.91290689744439,4.4520817,0.5371241,4.790364,1.3267384,4.705583641951511,1.0033032819541186,5.355553283982575,1.469650864382619,,
2018-04-18,1416.2733911615746,4342.786980684648,99.91290689744439,3.5318258,0.5152385,4.3566427,0.9419879,4.1538029866659,0.7215458178926446,4.777399399542122,1.1878969868221747,,
2018-04-19,1160.757124594877,3650.5598597630615,99.91290689744439,3.6003096,0.45518482,4.024491,0.81912154,3.9221547414765356,0.6311312022464312,4.534679160082619,1.0974839806321979,,
2018-04-20,916.1432528831294,2892.633677173272,99.91290689744439,3.222448,0.50332445,3.5217342,0.8816416,3.449745520281933,0.680433293638034,4.039690392965052,1.1467895444349012,,
2018-04-21,758.3665714479719,2376.843668242943,99.91290689744439,4.2128963,0.5267034,5.117771,0.8624134,4.898893705561968,0.6661042069867117,5.558102907836216,1.1324506152874614,,
2018-04-22,623.6402482131623,1989.6287180155684,99.91290689744439,4.9344025,0.5616858,6.576052,0.8902593,6.184282778990735,0.6909315664769573,6.904929185092141,1.1572712544724024,,
2018-04-23,540.0536241400495,1638.800070460166,99.91290689744439,5.452905,0.5603872,9.458597,1.0015963,8.465740944217401,0.7660370983161459,9.29543325184205,1.2323695119161953,,
2018-04-24,520.397277203846,1464.438864896376,99.91290689744439,5.968742,0.61178225,10.430526,1.0336436,9.260706197908911,0.7793217899933228,10.12839512720724,1.2456530674741662,,
2018-04-25,1564.9430684014917,2468.1649374764006,99.91290689744439,6.3206925,0.74974865,9.029514,0.9692858,7.97842620604302,0.6606790002844912,8.784826534985031,1.1270124676827336,,
2018-04-26,1388.2612677508082,4214.969856225012,99.91290689744439,5.780454,0.64471364,10.063392,1.103431,9.002247472626898,0.8452740580530874,9.857582958353701,1.3116056256079534,,
2018-04-27,1073.26265801845,3491.20819930489,99.91290689744439,5.9276896,0.68067265,8.540831,1.1109229,7.926392091844741,0.8646490383554714,8.730305367997795,1.3309826343249398,,
2018-04-28,1025.4143919883636,3345.8021966609617,99.91290689744439,5.894749,0.7278014,9.448695,1.096113,8.614998814403789,0.8561784184257787,9.451825138010843,1.3225105635983747,,
2018-04-29,922.3928511163472,2656.2553724140084,99.91290689744439,5.8491497,0.65225923,8.131487,1.0661374,7.543216860213974,0.809002841013066,8.328815670114082,1.2753374791384648,,
2018-04-30,973.0035542975032,2853.536866690225,99.91290689744439,5.7491255,0.6393464,6.926232,0.91912246,6.6269200635193295,0.7044264556237556,7.36872301874134,1.170764266814412,,
2018-05-01,1028.012788242274,2661.615125695315,99.91290689744439,6.023783,0.66245973,8.707259,1.0987715,7.959582805447671,0.8138362012132794,8.765082484254169,1.28016971481406,,
2018-05-02,865.6904116445403,2261.850894591939,99.91290689744439,6.3551373,0.7809333,11.064769,1.1347736,9.761162416927885,0.8486630209946557,10.652771442771318,1.3149939540075308,,
2018-05-03,751.8697049755483,2151.760308478339,99.91290689744439,6.3098607,0.7961345,12.243836,1.1463364,10.707285073820543,0.8741586660218472,11.644115528504937,1.340489730522137,,
2018-05-04,831.8263852709937,2466.1911955464498,99.91290689744439,6.2783804,0.7712913,12.162367,1.1412321,10.678307101175603,0.8752823146529541,11.613752507823811,1.341613359926932,,
2018-05-05,709.5240621456906,2043.5061075096028,99.91290689744439,7.3006306,1.0234498,12.362803,1.1361042,11.058156124903004,0.8835904504152743,12.011757016436452,1.349921823931738,,
2018-05-06,724.7273360015421,2137.4650317872924,99.91290689744439,6.73451,0.8464883,11.19309,1.1928666,10.06414634686742,0.9162468097145295,10.97023696886321,1.3825776733958257,,
2018-05-07,824.463116670298,2331.44017080994,99.91290689744439,7.36774,0.9920802,11.017447,1.1718899,10.063980652234218,0.9037021203527383,10.97006335459294,1.3700329840432555,,
2018-05-08,614.9137957622838,1738.3955197410803,99.91290689744439,8.901081,1.81096,11.56225,1.1459949,10.866893367937875,0.9698264400409263,11.811352553487417,1.4361576276519743,,
2018-05-09,536.7106294979769,1459.8637432051305,99.91290689744439,9.94511,2.3489342,12.612061,1.1195664,11.89514233229974,1.0338402995887837,12.888748303452532,1.5001729788300322,,
2018-05-10,647.9455935615351,1618.171334572423,99.91290689744439,9.70019,2.1057606,12.8369055,1.1154048,11.940031530304998,0.9984481149663255,12.935783051676395,1.4647808868751457,,
2018-05-11,527.4416579331381,1382.0565281860486,99.91290689744439,9.462973,1.9684764,12.981477,1.0976171,12.009595442364896,0.9626886520368146,13.008671880940419,1.4290215721039754,,
2018-05-12,431.8097529990215,1272.6581968677774,99.91290689744439,7.893605,1.0230225,11.410927,1.0742688,10.519848892946849,0.8429452172960277,11.44772053890401,1.3092761744216772,,
2018-05-13,480.58111709568936,1344.148780426042,99.91290689744439,8.625488,1.3436781,11.182813,1.078606,10.509287352461246,0.8697798162137941,11.436654192886017,1.3361107684850744,,
2018-05-14,381.89396205847066,1099.9293729202914,99.91290689744439,10.709398,2.578956,13.260295,1.0878043,12.602880495529512,1.0458203046123011,13.630313931602805,1.5121547131643087,,
2018-05-15,640.6960905318309,978.9653500066393,99.91290689744439,10.8588295,2.6371062,15.32773,1.2700377,13.559948886190517,1.2951765318171806,14.633126919762779,1.7615141900899376,,
2018-05-16,629.9024175662319,1018.5432027885064,99.91290689744439,9.731689,1.6883333,15.232138,1.1812171,13.130311818734313,0.9741121291245202,14.182954669123012,1.44044819897863,,
2018-05-17,637.266316857007,984.6663461252474,99.91290689744439,10.851467,2.6484344,15.413989,1.1400797,13.621348956212662,1.2497474034292189,14.697461703246343,1.716085305946843,,
2018-05-18,498.2182531754124,848.2525411627375,99.91290689744439,10.59569,2.5708342,15.765325,1.1302185,13.852467336478574,1.1882146642035947,14.939626752050305,1.6545535247543566,,
2018-05-19,1207.8501338492947,1278.1919443383174,99.91290689744439,9.52486,1.3564897,15.295167,1.0592794,12.491648217595289,0.8549675241913041,13.513765131011846,1.321301623010111,,
2018-05-20,976.6413493044698,1816.1668918344576,99.91290689744439,9.193268,1.201866,13.59239,1.6506577,12.054022830213901,1.152772915826715,13.055222746061178,1.6191059334122446,,
2018-05-21,753.1881046979432,1222.9059998717362,99.91290689744439,10.783909,2.520834,14.382682,1.1508266,13.011009813987826,1.1959849809285636,14.057950436363145,1.662320647160598,,
2018-05-22,947.673696055878,996.3878193323472,99.91290689744439,9.323,1.2927017,14.856305,1.0918678,12.158979076568551,0.8427707634978101,13.165195542216601,1.3091040204292803,,
2018-05-23,921.0296676153648,1145.943138868814,99.91290689744439,10.552832,2.0868564,14.522814,1.1896126,12.753815517958508,1.1400321099334743,13.788463132158343,1.6063669614027225,,
2018-05-24,656.2413074311008,874.7257284212238,99.91290689744439,10.919157,2.6820426,14.818886,1.0821897,13.147286709304895,1.3053713330361325,14.200740901437108,1.7717074616425261,,
2018-05-25,481.9020848574679,728.4672121012449,99.91290689744439,11.418167,2.7923958,16.256939,1.080953,14.330407722654128,1.2881382297816573,15.440411054927571,1.754479265289413,,
2018-05-26,360.8273620008735,650.6437586060505,99.91290689744439,11.532906,2.8090503,18.501879,1.0840319,16.015800639017673,1.2208330208164568,17.206359991465828,1.6871838110014088,,
2018-05-27,349.63292741740446,603.4006777951025,99.91290689744439,10.365805,2.5224552,18.848528,1.0697286,15.73652919046009,1.1467658732865824,16.91374032230888,1.6131148225586678,,
2018-05-28,343.60200997776656,736.4715768960764,99.91290689744439,11.135349,2.7057457,17.684862,1.0039998,15.601276526095218,1.0998219567792669,16.772023042925472,1.5661700465468231,,
2018-05-29,204.50977149531064,517.176540495358,99.91290689744439,10.944864,2.61469,20.362679,1.0593252,17.69388045140225,1.060795349776919,18.96464628265351,1.5271590797384251,,
2018-05-30,134.5867662964,452.7925704953579,99.91065329222324,10.4018955,2.4264019,21.59337,1.1079578,19.029057523477686,1.0191006205941935,20.363640254699657,1.4854769465570463,,
2018-05-31,136.7416462964,429.275770495358,99.81786703951565,9.762026,2.2908084,20.624693,1.0709171,18.000429181984313,0.9828264506228144,19.285846994672983,1.4491928922644417,,
2018-06-01,209.71075297332823,433.6850004953579,99.93327757009487,9.6833515,2.2759013,23.43637,1.293326,18.953661685914874,1.1446751936770931,20.28464075382912,1.6110507540538657,2.9733282378051898e-06,4859.999997026672
2018-06-02,198.17407018803684,452.076520495358,99.99657279812418,8.934822,2.0281131,22.836609,1.2701877,18.599821233855412,1.0779024193727909,19.913887937704292,1.5442744736098177,1.8803680424179737e-07,4859.999996838635
2018-06-03,196.24454634333694,433.9865604953581,99.9999999966966,7.819735,1.4308527,20.69212,1.328976,16.68385145896384,1.0178486714481685,17.906341356987934,1.4842042271947928,1.1444665509150783e-12,4859.999996838634
2018-06-04,185.17352000000116,432.5906004953581,99.98476914911392,8.058457,1.5509349,18.273308,1.0574529,15.211427469516568,0.8743215656380385,16.363540534074694,1.3406672950493828,1.1786253614719827e-12,4859.999996838633
2018-06-05,177.2948900000012,405.154190495358,99.93238433718405,8.0137825,1.3929777,17.998547,1.0117131,14.95922915284221,0.8216184498419368,16.09928799996012,1.2879627449020041,1.180840191785584e-12,4859.999996838632
2018-06-06,166.38212000000118,390.337100495358,99.88601754584626,8.000643,1.3250282,17.43549,1.0019569,14.615774136099112,0.8064346998728712,15.739417007458941,1.2727771585560654,1.1856950385270165e-12,4859.999996838631
2018-06-07,161.6527800000012,355.946380495358,99.84770840790405,8.149538,1.2696102,18.593592,1.0381659,15.331781324374118,0.8166550823831749,16.489646891785362,1.2830015219343744,1.1805050152225181e-12,4859.99999683863
2018-06-08,154.40751000000114,312.4513804953581,99.71784776461669,7.829106,1.0977863,21.279123,1.217676,16.830704851495987,0.8921671472007598,18.060213839689908,1.3585238189592457,1.1486996259299981e-12,4859.999996838629
2018-06-09,153.02505000000943,281.7330304953581,99.57438070515502,7.6880774,0.9256298,22.814175,1.4177562,17.49012920123701,0.9747951712189548,18.75115641921918,1.4411571582792044,9.39827787941887e-12,4859.99999683862
2018-06-10,153.25970000000117,262.3213204953581,99.420212003914,7.119614,0.82453495,22.791796,1.4827144,17.01214330935427,0.9840704501874182,18.250324435617475,1.4504285348456443,1.164916765434004e-12,4859.999996838619
2018-06-11,152.57809000000108,254.32151049535813,99.25618725312191,7.500936,0.7999369,22.557436,1.3770591,16.911591159633517,0.9114646350554466,18.144966236860398,1.3778219320422114,1.1448248738608048e-12,4859.999996838618
2018-06-12,157.67409000266363,242.94280049535809,99.07646536941307,7.476769,0.731306,24.998072,1.5862081,18.102068220812246,1.0040502197650123,19.39234403212122,1.4704175842101248,2.6636302325328604e-09,4859.999996835954
2018-06-13,158.02346987820138,237.81129857679664,98.93360746211592,7.0483522,0.6593956,25.99628,1.7995301,18.431969407196497,1.1127158660623193,19.738013367503846,1.5790863071517562,4.587308436215278e-08,4859.999996790081
2018-06-14,152.6052500370909,268.01967049535807,98.79815569875956,7.2618814,0.66508734,24.75186,1.6127325,18.406390380101215,1.055573087132931,19.711211750350937,1.5219432852228194,3.709093713593321e-08,4859.99999675299
2018-06-15,174.85257931640166,280.3768313378607,98.58346121583041,7.11529,0.63956773,25.07393,1.4833968,18.176057817090303,0.9460772785976372,19.469870078180584,1.412445322240571,5.067317658936335e-09,4859.9999967479225
2018-06-16,194.17292649460302,308.87206172472185,98.31436419762952,7.3081813,0.6560321,25.734415,1.5247915,18.621978157253487,0.9698703170405677,19.93710388630114,1.436242586624741,2.1808552255581746e-07,4859.999996529837
2018-06-17,204.01188383994977,317.52057116296976,98.02809229771682,7.5307784,0.6739671,27.908022,1.8766993,19.93689798653276,1.172598485396101,21.314872388591386,1.6389845400948555,0.002007928992482177,4859.997988600844
2018-06-18,216.87678365929588,314.2888346572777,97.74198728032434,7.640777,0.6473177,30.621683,2.3974578,21.238498650409984,1.4429792404826673,22.678685114902656,1.9093808876342475,1.032436340358676,4858.965552260485
2018-06-19,150.12137726049815,356.092920495358,97.52365398165756,7.4146976,0.6003057,26.914637,1.9440373,21.13179383788897,1.3790585416757792,22.566880177095292,1.8454588376768974,0.6731972604981546,4858.292354999987
2018-06-20,206.95586562203337,341.1238551456508,97.1799130553492,6.8774104,0.59440416,26.357304,1.5655385,19.001661715052897,0.999904850851112,20.33493502028005,1.4662808978790252,4.075278592008435e-06,4858.292350924708
2018-06-21,206.8411394986378,315.3695484840228,96.88784810540729,7.3643513,0.64793414,26.134064,1.5413524,18.69961475178459,0.9655724250478002,20.01845124466341,1.4319454536256822,4.056543492252792e-07,4858.292350519054
2018-06-22,219.60304405929233,325.49853485563915,96.54106483179015,7.364198,0.63754565,26.594965,1.5725667,18.847537554064953,0.9735255424543168,20.173444251243968,1.4399000362366032,1.283968828947524e-06,4858.292349235085
2018-06-23,265.17235365549016,365.2306178586605,96.21254055701743,7.071614,0.5560239,25.479975,1.3674085,17.736692080262117,0.8260260623383188,19.009504161028648,1.2923901645487121,9.163126269310548e-11,4858.292349234993
2018-06-24,264.1045017118463,403.7273419078506,95.97311524054207,7.0787654,0.53444165,23.78263,1.0856327,17.17682719285608,0.68949470210609,18.42287964580698,1.1558541017850785,1.4720450482374853e-12,4858.292349234991
2018-06-25,163.1911815047603,563.636074665414,95.8093683211613,7.3329873,0.6027364,19.8206,1.000841,17.016814142017893,0.7878368534094674,18.255218518115978,1.2541949749375074,1.2127601192791095e-12,4858.29234923499
2018-06-26,268.5011857851675,506.03995328116673,95.4909761627745,7.3616867,0.6536686,24.415367,1.1001009,18.503565694884383,0.7536159475358527,19.813031713003546,1.219987072764482,8.311225507580398e-08,4858.292349151878
2018-06-27,290.89210434305454,445.8422743302434,95.1760082768142,7.1093593,0.73780847,24.98963,1.1175326,17.92978612064905,0.7363614277667709,19.21182743648712,1.2027272349829052,5.6214193179714e-10,4858.292349151316
2018-06-28,284.68324000000126,681.702450495358,95.27641142823161,7.4642825,0.78984725,21.032187,0.8961549,17.035278330169618,0.6736214772369054,18.274565231344685,1.1399797447586224,1.2319343865920575e-12,4858.292349151315
2018-06-29,128.48789760515785,670.885510495358,95.2952041098752,7.8484797,0.8186998,22.452545,1.088839,20.105149514542646,0.9232501128814848,21.49116576450107,1.3896380741304575,0.005277605157806483,4858.287071546157
2018-06-30,238.43953860337172,502.1634820655138,95.18339638052173,7.9077144,0.7620018,28.874464,1.5535148,22.124151144919228,1.0815472759902043,23.606668771197842,1.5479606401076145,34.42996110634548,4823.857110439812
2018-07-01,278.3869717655878,527.2744541627188,94.86517848620977,7.9500957,0.7256832,32.795288,2.2413707,24.210319684079803,1.488168529086879,25.792549035319894,1.9546130362448417,15.205657423288406,4808.651453016523
2018-07-02,213.75382075937293,581.0273249757424,94.59641635355297,8.023836,0.7216763,32.74498,2.2292995,26.096308142179343,1.641253635722322,27.768681294787566,2.107730578729738,0.08778001754552987,4808.563672998977
2018-07-03,144.31924419957156,1136.513900495358,94.5013867396464,7.986251,0.7128641,26.10662,1.2863263,24.064888732348408,1.1442108737622902,25.640166981226574,1.610653048571025,21.519244199571556,4787.044428799406
2018-07-04,153.48797260469087,646.6739661543862,94.24312767865052,7.9769287,0.7054566,28.001905,1.4228203,24.160691643282654,1.1578283603141173,25.74054894381761,1.6242720688451735,16.543718801554867,4770.500709997851
2018-07-05,317.959842507215,638.9134071202739,93.88203394003587,8.002387,0.6871405,29.946226,1.5672921,22.65449796432915,1.0711154631688506,24.16236435567565,1.5375362728937079,49.481954806522765,4721.018755191329
2018-07-06,219.70914468198188,710.3393421703302,93.6113541818207,7.535808,0.64234006,26.421232,1.3489748,21.959851507581476,1.0414153575187972,23.43451617282556,1.5078264802468961,17.491841180432825,4703.526914010896
2018-07-07,272.6495627162563,649.1151917047002,93.30305726357156,7.823987,0.6661043,25.9496,1.2009133,20.588210024806497,0.8683423752362062,21.997314915895785,1.3347359901705889,0.07532655679891544,4703.451587454097
2018-07-08,305.0586553261483,611.8515566905255,92.92770342696816,7.959685,0.68789315,27.000374,1.2252874,20.665482043817736,0.8490576290460615,22.07828027327458,1.3154521731153377,0.10819843811465418,4703.343389015982
2018-07-09,324.4104307927207,593.4835936160465,92.51182131488159,8.055862,0.70057225,28.855713,1.4126165,21.50444109892373,0.9463231997418418,22.95733870337658,1.4127282710413662,3.2297832929224755,4700.11360572306
2018-07-10,352.7461056700935,575.149152961445,92.07089898772665,8.007277,0.6986992,30.559774,1.5953639,21.986278930888176,1.023926187978269,23.462206736628694,1.4903376691488197,20.170827461621773,4679.9427782614375
2018-07-11,335.9316861278802,547.4003670449467,91.6325707996237,7.8551097,0.6830246,30.201982,1.5545356,21.70345396110868,0.9977503238922819,23.16586370008253,1.4641580104793388,6.981608277555145,4672.961169983882
2018-07-12,339.3175060725061,540.5386297214515,91.17323729740892,8.079842,0.70028085,29.644032,1.4709959,21.32777748792993,0.9431949583697175,22.772231175671617,1.4095977460171354,1.7523079144349303,4671.208862069448
2018-07-13,348.406356860236,535.555033964762,90.7446779608942,8.215253,0.7135929,30.438047,1.571403,21.679109560887678,0.9927230116364877,23.140355720748136,1.4591303758758998,6.454589115262211,4664.754272954186
2018-07-14,357.96216467551284,535.0129289446875,90.34748061227236,8.2732725,0.71670896,31.091177,1.6971754,21.944285279817855,1.0566466553647493,23.418205932585327,1.5230575673374367,19.019646812307524,4645.734626141878
2018-07-15,339.3930843552113,513.2724908497954,90.03141048018875,8.064485,0.6810363,31.497362,1.9127294,22.170192358811356,1.1828712112010544,23.654910597729998,1.6492852089519903,54.43913852252339,4591.295487619354
2018-07-16,325.65979593618135,441.0821515872194,89.6128886166146,8.450964,0.73123443,34.011986,2.4423165,23.155403363092365,1.4389046782494004,24.6872113202403,1.9053328154942883,42.613295966033505,4548.682191653321
2018-07-17,337.40176054451604,627.5435754429091,89.35175832350073,7.8404965,0.7105171,30.12794,1.7385793,22.33493570453585,1.1576421106484902,23.82752811223317,1.6240583954970398,62.763976050222084,4485.918215603098
2018-07-18,322.82891542570036,549.0190985795922,89.0947072102582,8.119806,0.7181744,28.871067,1.4727455,21.18726563170224,0.964788336039187,22.625003333031994,1.4311893328277265,1.2610591653413596,4484.657156437757
2018-07-19,374.7108608467105,564.0308052314058,88.67545748026168,8.221834,0.7236181,29.537058,1.4817002,21.02881103075316,0.9359450113309046,22.458975143807507,1.4023440156554732,0.6620529265824581,4483.995103511174
2018-07-20,365.8923335969828,545.5519815749326,88.25552058866958,8.347261,0.7333288,29.928068,1.5591354,21.26461872729234,0.9785641620096192,22.706053642172975,1.4449661418900748,1.697989772871518,4482.297113738303
2018-07-21,369.86142396884804,543.1327368067034,87.79219210598507,8.14629,0.7138424,29.486506,1.4928254,20.841409078007718,0.9339671217923416,22.262616018322362,1.4003638067090836,0.2998160343309371,4481.9972977039715
2018-07-22,243.56973999685906,380.6378016917509,87.5318875370443,8.458845,0.6878525,27.348637,1.3490133,19.977720234488935,0.8653000793394994,21.357645800455995,1.331686593643635,0.003888289923248886,4481.993409414048
2018-07-23,213.28886000093658,64.45793049535806,87.54693319801234,8.234497,0.6132193,32.495087,33.668816,13.864759783317243,7.827848584158851,14.952506735828235,8.294187497375404,9.365761117047962e-10,4481.993409413111
2018-07-24,274.02554000093744,64.63,87.72169237461134,8.003199,0.6608525,34.38805,173.2709,13.038559774330933,33.071842616708814,14.086817190635823,33.53817837470221,9.37462250100444e-10,4481.993409412174
2018-07-25,354.57603217323185,1154.61855,88.37778184379128,8.396648,0.66709095,22.55437,1.0053633,19.22810061754184,0.7849650240152116,20.5721969282653,1.2513434023361951,3.217323182238713e-05,4481.993377238942
2018-07-26,122.80018467938856,728.8609304953583,90.52096464403466,8.498587,0.7265421,21.327536,0.99708396,19.477742002142687,0.8597218831736888,20.833770317693684,1.3261028996158957,0.00018467938856790486,4481.993192559554
2018-07-27,122.83007167333962,604.7975304953582,91.54632313056939,8.475416,0.7857952,22.760845,1.0454961,20.349336518589016,0.8790728058652981,21.74702407262934,1.3454635917059115,0.030071673339623062,4481.963120886214
2018-07-28,138.9600724208614,955.8427304953584,92.27012222750648,8.350372,0.81758535,21.550743,1.0737369,19.875259193161185,0.9431769352400912,21.250287471598327,1.4095622995767871,0.0021777292614115432,4481.960943156952
2018-07-29,138.961460779676,774.3979904953584,92.75967107231509,8.589167,0.8216744,22.000511,1.0712981,19.960065839770333,0.9168698531825183,21.339147586018374,1.3832561684873195,0.0035660880760068946,4481.957377068877
2018-07-30,442.7673747047783,2086.986945029758,92.79342488079895,8.260916,0.74865276,20.739174,1.0581982,18.55518094118576,0.882767182120415,19.867113991640238,1.3491388041951988,1.9767268545479893e-07,4481.957376871204
2018-07-31,138.95792283340967,640.0991004953579,93.0434794170111,8.371063,0.77925384,21.55852,0.9969077,19.206314766635867,0.8308017173759051,20.549369788157225,1.2971798688524654,2.814180967612747e-05,4481.957348729395
2018-08-01,138.96627413797594,348.3453704953579,93.24496877282269,8.575275,0.70914674,24.71528,1.1507837,20.112648111385795,0.847108084149101,21.49902276864065,1.3134961311221893,0.00837944637595492,4481.948969283018
2018-08-02,504.0787565511875,1451.3174920138665,93.0786542287022,8.257013,0.6571639,23.943487,1.136763,19.899693876363504,0.8605581911166781,21.27589004913193,1.3269438286051234,0.0024699329367531943,4481.9464993500815
2018-08-03,339.0082718234439,1333.1545610828996,93.9500347236337,8.752304,0.928671,21.572632,1.0885675,18.973484747993204,0.8880625384625038,20.305411290513046,1.3544382994972275,5.156635659245946e-06,4481.946494193446
2018-08-04,293.1865147638118,3518.3309100254987,95.7207308632825,8.80843,0.8970418,20.341125,1.1295296,19.454016627982163,1.0449255430305706,20.80891095174942,1.51130630568715,0.00015355817903802747,4481.946340635267
2018-08-05,693.1406368864431,3521.916145271756,96.23709259956217,8.67185,0.80621856,20.322222,1.1385516,18.40638850045763,0.9605173318735902,19.711209780866817,1.4268875299456496,5.8110758728058665e-08,4481.946340577157
2018-08-06,782.1534631779796,2562.187815029757,96.3190178580638,8.472446,0.75147015,22.402115,1.1558421,19.14433179688689,0.9027929998946552,20.484424244332427,1.3691705089441617,1.791470844635912e-05,4481.946322662448
2018-08-07,814.6923588339523,2933.857665029758,96.28792948336063,8.243452,0.71988136,20.649334,1.1409731,17.95309751329063,0.9066014289237606,19.236253034010957,1.3729674448621039,1.9366957354375056e-09,4481.946322660512
2018-08-08,786.7592174750348,3497.0070750297577,96.49542469565993,8.417006,0.81116444,18.762098,1.2411034,16.86211205276869,1.0240562083685754,18.0931221978233,1.4904131220072747,9.041384087385078e-10,4481.946322659608
2018-08-09,830.701204031386,5119.364615029758,97.1775335688663,8.275766,0.78483695,20.012434,1.3033714,18.373853151242702,1.126745473838062,19.677119353175943,1.5931153639069504,4.421180740662796e-08,4481.946322615397
2018-08-10,1054.698980201956,3235.414815029758,97.02615425447661,8.700701,0.87124044,20.742792,1.3194399,17.78231553303033,1.017854746287929,19.05730825888321,1.4842192475030525,1.1136596417514072e-09,4481.946322614283
2018-08-11,1745.4871904466136,3015.1928603670385,97.02145521866446,11.600187,2.3062172,20.575788,1.2582582,17.284914768235232,1.1619242452921432,18.53613343781036,1.6282845249215747,9.698573965184574,4472.247748649099
2018-08-12,1100.7700015816797,2238.2997883305206,97.15346302439188,12.766598,2.7403355,20.987343,1.2189021,18.277261838443465,1.2180813905224646,19.575911305805786,1.6844503733191734,2.0644588883957335e-08,4472.247748628454
2018-08-13,1218.1023854197824,1390.9947459456994,97.15707209462855,14.498501,3.2368402,22.293053,1.6042006,18.65403054309782,1.7364059993172856,19.970688266623235,2.20277858141781,4.5662115531437647e-07,4472.247748171833
2018-08-14,1753.7040254793576,4168.784129004112,98.06426605420022,15.782627,3.7664096,19.48997,1.2479146,18.392190637714204,1.419649081734382,19.69633330881722,1.8860191452503379,5.4748187424284546e-08,4472.247748117085
2018-08-15,1859.1927808325686,5616.851100879597,98.65659207470935,16.361095,4.0122046,21.91462,1.3295413,20.53353181114086,1.4118690559555984,21.940023270525057,1.8782620175521243,0.08024010658864489,4472.167508010497
2018-08-16,1355.7778583887698,3379.3493640517304,98.60557819049276,16.174332,3.9467554,21.236137,1.3121154,19.786823823010245,1.4676182938747473,21.15762519305536,1.9340026753118171,0.0013753639919686026,4472.166132646505
2018-08-17,1071.661772322566,5031.591881838384,98.81108886993553,15.126505,3.5241616,18.618093,1.4657634,18.005010333432413,1.3576185584168656,19.29064710950042,1.8239850413975636,3.035231149658188e-09,4472.16613264347
2018-08-18,3173.6282678728435,11796.553737265323,99.59473995051565,15.914276,3.988548,18.279427,2.3273313,17.778022628610408,2.01948595735513,19.052810168306575,2.4858504209247565,1.5111914060500572e-09,4472.166132641958
2018-08-19,2436.613553523983,9053.85080511702,99.59473995051407,16.304209,4.0518317,18.317608,2.0575953,17.890655979225965,1.834875091402206,19.170827008063707,2.3012405496574946,1.9423793976626575e-09,4472.166132640015
2018-08-20,1617.519577414192,6110.121338133588,99.59473995051204,16.333494,4.0050926,17.773455,1.703238,17.47204776950123,1.586335516052866,18.732210756854712,2.0526973507368016,1.307240228190164e-09,4472.166132638708
2018-08-21,1321.749467811179,4073.763515029757,99.48284098657591,16.23628,3.9850602,18.05585,1.4914117,17.610105754649293,1.490311026210585,18.87686744176524,1.9566740338110877,1.3356095897218712e-09,4472.166132637372
2018-08-22,1181.880064120955,3148.6607773324413,99.32557341762343,16.129177,3.9265356,18.606922,1.4900994,17.930702344083553,1.5238700155746285,19.21278745226984,1.9902358309825812,2.2249858201632993e-09,4472.166132635148
2018-08-23,1072.652533013067,2711.1734399699167,99.0846525306329,15.913021,3.8452663,18.709873,1.4653246,17.917011550004492,1.5134740131305242,19.198442285033437,1.9798397062311093,2.1057721075382087e-09,4472.166132633042
2018-08-24,1028.4940736685214,2155.4770404614123,98.61335168863467,15.807417,3.832206,18.589159,1.3930726,17.690593931441896,1.5562023295493799,18.96120267827346,2.022566031021083,1.3769582411932622e-09,4472.166132631665
2018-08-25,969.473684198887,1734.092866443924,98.16977745945053,15.67713,3.7896805,18.332952,1.348265,17.38059929425159,1.610773156629432,18.63639135708911,2.0771342263834938,1.286986100224213e-09,4472.166132630378
2018-08-26,969.4736841988839,1432.2437628952748,97.64005936413446,15.469887,3.7198913,18.184452,1.3348894,17.088694684021352,1.6995279548108562,18.33053470431586,2.165886646883428,1.2838778212446693e-09,4472.166132629094
2018-08-27,969.4736841988869,1193.7223382497418,97.04624903595874,15.173471,3.613227,17.723227,1.3267297,16.580509733094996,1.7771461309608405,17.798060249878574,2.2435009161465524,1.2868225430571856e-09,4472.166132627807
2018-08-28,394.916942153656,1003.9427064575106,96.76374855496562,12.525082,2.9147072,14.706332,1.2002035,14.09053575645232,1.1912424433660056,15.189074028702615,1.6575823546351909,1.2540280373829031e-09,4472.166132626553
2018-08-29,387.789473704794,910.2224443092456,96.47720396115386,10.927288,2.4285214,15.977349,1.1560321,14.468610757583459,1.0879213441657893,15.585219722503084,1.554263057287294,1.1939862685801758e-09,4472.166132625359
2018-08-30,387.7894737047661,882.9164677957335,96.276286905223,10.212658,2.230885,16.554546,1.1400585,14.619151631610995,1.0445056562583908,15.742955935710901,1.5108481323434688,1.1661662905777337e-09,4472.166132624193
2018-08-31,387.7894737047574,845.9637387137743,96.02520905251494,10.239777,2.2370872,17.52429,1.1876414,15.234644459073595,1.0759111561510415,16.387867216369237,1.5422570212630626,0.0,4472.166132623035
2018-09-01,387.7894737036,842.5596427148159,95.75457128826356,10.950584,2.4306448,16.92976,1.1427264,15.045204355474223,1.095130409302667,16.189372523386414,1.5614751851654431,,
2018-09-02,387.7894737036,836.4909277955115,95.38016136940676,11.067377,2.5006554,16.546274,1.1360568,14.810839542725729,1.109006582929274,15.943805873724575,1.575350068031012,,
2018-09-03,387.7894737036,787.2365091878365,94.98613719107513,10.552721,2.3685694,17.16656,1.1332738,14.983818692381455,1.0897343072031729,16.125052835434204,1.5560787389131867,,
2018-09-04,387.7894737036,696.8779962043438,94.617349966674,10.181189,2.2606714,17.90716,1.1200278,15.144976558248619,1.0821553711404372,16.293913496399213,1.548500715561012,,
2018-09-05,387.7894737036,579.1231509495251,94.26280109290647,10.008999,2.2121663,18.996256,1.1302589,15.391831260996394,1.1159811805123958,16.552567010107744,1.582327980579021,,
2018-09-06,678.8825137035999,266.07169856065946,93.98505021359222,10.265781,2.2448761,27.854502,2.9032116,15.218254898925371,1.8081243676312493,16.370694291270837,2.2744701368841582,,
2018-09-07,617.4754037036,318.44381049535804,93.69019402957817,10.6111355,2.2381175,24.715445,1.9345851,15.410085926743312,1.6166745437627552,16.57169418647691,2.083021454240367,,
2018-09-08,501.3724837036,376.74723049535805,93.40918715628625,10.811462,2.2564957,20.294712,1.366292,14.880142320756406,1.4154587600033088,16.016421087645423,1.8818026202477227,,
2018-09-09,477.3611737036,358.21454049535805,93.13151915603468,10.916145,2.3523264,17.73953,3.2762003,13.841356967829196,1.9438815895598156,14.927985345758382,2.4102204026579774,,
2018-09-10,1436.9868737036,193.71793049535805,93.12531829279548,11.724806,2.3549297,25.519026,216.20776,13.363476263640072,25.767879536692096,14.427263577462485,26.234216442385023,,
2018-09-11,865.7733437036,811.9410699999997,93.3390330056289,13.375484,3.0463476,17.156384,2.493189,15.205275754867271,1.9817178274651444,16.357094788493743,2.448063521023725,,
2018-09-12,812.0683137036,575.5116563786318,93.19417193973237,14.521696,3.4700058,20.774706,3.0608516,17.115189873198258,2.394947850154417,18.35829627296615,2.8613067540202284,,
2018-09-13,766.4234037036,555.905040188584,93.01077170553212,14.561203,3.5179634,20.386179,1.7810808,17.010014804729717,2.1721499738438617,18.2480941957478,2.63850804170874,,
2018-09-14,711.5905937036,613.8700021185616,92.82654465291114,14.121086,3.3982265,18.944897,1.2584214,16.35517185555464,1.9152152639729683,17.561951992070792,2.381568411291302,,
2018-09-15,657.2549437036,658.4768769419372,92.5889527086839,13.345497,3.1503088,18.757689,1.2510608,16.054106004851548,1.6936707575513932,17.24649622284622,2.160021807195319,,
2018-09-16,606.6149137036,654.2590314546183,92.34058461844197,12.448181,2.8974626,18.626213,1.2959573,15.65392047046011,1.5477117592994076,16.82718318787668,2.0140601811222716,,
2018-09-17,591.4670337036,619.427018274578,92.13900823154206,11.861519,2.7122314,19.841814,1.594828,15.943800411261037,1.5558517537076246,17.13091839894289,2.0222020607449687,,
2018-09-18,784.3865337036,1548.5577913314276,92.73667677564673,12.183016,2.7232888,16.484581,1.1584702,15.03830139014241,1.1956951390229547,16.182139619908348,1.6620398759698614,,
2018-09-19,396.3747435682831,1528.9756746085209,93.11090400543996,11.3694725,2.6355968,15.051105,1.1973997,14.293161501690056,1.0948054114368502,15.401384591921254,1.561146268062182,,
2018-09-20,563.6874419664597,1386.995552143043,93.01422705785882,11.903557,2.687572,15.40187,1.2139294,14.390964832357561,1.1611029648106854,15.503862587470705,1.6274442945429701,,
2018-09-21,593.2653987320707,1350.0023660803806,92.77883757237979,12.294609,2.8209753,15.980157,1.2355357,14.854986172303935,1.2159134159240677,15.990062561288916,1.6822571393607393,,
2018-09-22,522.2272086394195,1988.155240488355,92.99223936928136,12.102564,2.6470644,14.676713,0.9971233,14.141220592552894,0.962727957222823,15.242181426711351,1.429068100559634,,
2018-09-23,627.8129144672879,1603.452232214794,92.77171011322545,12.518698,2.7824466,14.5619,1.0018427,13.987002594460355,1.0636090489184389,15.080592335477842,1.5299484952771807,,
2018-09-24,616.2227254916481,1504.0366822293477,92.58253596797694,12.337557,2.822022,14.154384,1.0951048,13.626349225972257,1.129671376565361,14.702700968807878,1.5960092991635528,,
2018-09-25,2662.834811699866,2992.88829690569,93.49380196620713,13.957598,3.0692945,14.801518,3.5128574,14.404182609684847,2.3545490128628916,15.517712129371525,2.8208904073730876,,
2018-09-26,1707.4548881005005,4334.337584629649,94.51392817718482,14.246038,3.1026258,13.54243,1.8203005,13.74127485290375,1.5729331682014855,14.823119647853096,2.039271560210877,,
2018-09-27,1626.2866766432387,3412.722366033679,94.9668269184209,13.992847,3.0102282,12.707583,1.4261883,13.122388744542642,1.3699688711954368,14.174652899068652,1.836304913739578,,
2018-09-28,2310.4548967091,6023.029815029758,95.95006628654743,13.933575,2.914999,12.953253,1.4022089,13.22504659482462,1.2962382055157584,14.282217443675805,1.7625746074718531,,
2018-09-29,1781.478168623034,5082.545015029758,96.10562752310238,14.223545,3.005125,12.663724,1.325536,13.068557556117794,1.2536642010877808,14.11824876384981,1.720000059982785,,
2018-09-30,1527.2405254846697,3997.407615029758,95.86446257693886,14.097046,2.859102,12.052263,0.94902533,12.617525486906182,1.047002348744498,13.64565890350588,1.5133367991306341,,
2018-10-01,1506.2019829115964,3439.2967150297577,95.42392170869908,15.594124,3.5510478,13.087499,1.0973787,13.850916884193433,1.3236591540484453,14.93800219344589,1.7899980079687192,,
2018-10-02,2475.50826153902,5005.329515029758,95.5306179578811,15.925135,3.8683677,12.762132,1.0375769,13.808811249072305,1.456226200998962,14.893884052896885,1.922564875906238,,
2018-10-03,1830.5580289001607,5624.899615029758,95.93554287230741,15.6743145,3.6431332,12.760688,1.3998913,13.476078210552627,1.3840681057565851,14.54524751252696,1.8504054373656666,,
2018-10-04,1603.878487929638,4377.407615029758,95.91729802808226,15.812599,3.7215815,13.071482,1.1893201,13.806510807021839,1.3241934379375302,14.891473657580075,1.7905321031228456,,
2018-10-05,1347.9786290710813,3764.869215029758,95.79552207537833,15.749699,3.667834,13.636777,1.3276644,14.19383893796059,1.3750881323008095,15.29731474916272,1.8414285196664906,,
2018-10-06,1138.2655108036083,3335.153815029758,95.63794734491829,15.871824,3.7194536,13.81177,1.1834527,14.335952960175185,1.2939087692109403,15.446221335846689,1.7602498314865023,,
2018-10-07,1076.992148434511,3057.459275029757,95.4134996499164,16.051453,3.8939579,15.087021,1.3189368,15.338247779297701,1.407207124308831,16.496422421149823,1.8735536024838624,,
2018-10-08,1063.345759926645,2698.7251021888515,95.0701459688237,15.889107,3.7786815,14.820024,1.222045,15.12219889277584,1.3817380879912005,16.270047136378388,1.8480833016090386,,
2018-10-09,1044.444627954358,2273.5774611669026,94.65268530495918,15.903635,3.8713071,16.009298,1.273219,15.976037706471603,1.498715561445439,17.164696526666837,1.9650660840737273,,
2018-10-10,930.4653979252362,1864.8425572864423,94.29514440874647,15.678032,3.8230338,16.77506,1.2926356,16.409896137901548,1.537230290048274,17.61929190804828,2.003583829791039,,
2018-10-11,1203.2276117456518,3389.181511881523,94.53799525541366,14.959688,3.4172096,15.085355,1.1743736,15.052429701631985,1.2460899895489912,16.196943216391908,1.7124348062034516,,
2018-10-12,897.7253470805789,3973.6608784843775,94.92651534415513,13.823883,2.8753505,13.07477,0.9923706,13.212820576026358,0.967498954573587,14.26940706297154,1.4338353130933066,,
2018-10-13,1065.495736721835,3303.771619276672,94.89620984288484,13.176357,2.4871473,11.793576,0.78457713,12.130783184153936,0.8484161875460464,13.135651982527403,1.3147493789408675,,
2018-10-14,1041.3918679388237,3064.2978145641905,94.76573252216104,13.721188,2.6832292,10.880058,0.75784296,11.600699442846926,0.8849453519870731,12.58023205038654,1.3512774805306138,,
2018-10-15,1075.197087574747,2906.143647625296,94.5341433313893,13.625225,2.641454,10.842914,0.7284959,11.59430200542464,0.8897380416581532,12.573528837324014,1.3560701593371935,,
2018-10-16,1049.52577365597,3312.41957166401,94.3931865008372,13.503096,2.6690416,9.865349,0.85852504,10.740625494976866,0.9151301313237431,11.679049507824002,1.381461219132969,,
2018-10-17,1082.810329733348,2827.411045041236,93.94504256367729,12.891802,2.38158,8.596711,0.7127168,9.786098690726334,0.8369776552052731,10.678899585216945,1.3033085785468206,,
2018-10-18,1023.9092521835596,2556.1206245887747,93.50441633392663,12.893471,2.3617444,6.9182715,0.6941913,8.627213080692306,0.8378130222822586,9.46462320447557,1.3041451466164533,,
2018-10-19,884.9816160259463,2172.900933973409,92.87126121916462,13.620935,2.7687209,8.310331,0.74582976,9.847272975823877,0.9607040147794608,10.742997792028318,1.4270349174076382,,
2018-10-20,673.4960155002265,2054.0190488202475,92.41899819481613,12.831369,2.5178578,9.001927,0.6778192,9.947518466617083,0.8044252869618692,10.848034674609371,1.27075616490141,,
2018-10-21,568.7309085448909,2014.0612680811728,92.0808136730333,12.369499,2.2903805,8.390765,0.67325526,9.266882530301721,0.7280043666795321,10.13486666717569,1.1943356381632748,,
2018-10-22,508.8530559935057,1769.0789626229066,91.68332547998105,12.513222,2.4465797,7.9498024,0.65887946,8.969196243186213,0.748681628882011,9.822951993125725,1.2150132390410107,,
2018-10-23,446.58332241730153,1632.347005299254,91.31002258290107,12.444162,2.651854,8.420991,0.6079009,9.285224457469635,0.7431938627239754,10.154085275763489,1.2095251166552423,,
2018-10-24,387.7894737036,1571.4484776561972,90.96426198057333,12.086983,2.3591676,8.682941,0.6675972,9.356698996184022,0.7104628676247992,10.228976053104935,1.1767940568291368,,
2018-10-25,387.7894737036,1477.5810974952774,90.62345701975246,11.871759,2.3250315,7.512476,0.670055,8.41872176105319,0.7178643763458299,9.246166712449627,1.1841968797836355,,
2018-10-26,387.7894737036,1367.7755132030477,90.34278978652522,11.769772,2.3612823,6.7164307,0.6002174,7.832670978304591,0.7005250336191193,8.632104705600026,1.1668588689763948,,
2018-10-27,785.3202737035999,1427.631561638476,90.36808161137476,11.96373,2.3831623,6.0272746,0.6614355,8.13397145900725,0.9472744641692038,8.947806319336106,1.413607565695143,,
2018-10-28,781.4686216013245,2393.881562780973,90.56188129093478,12.501055,2.4460032,7.5698385,0.6926379,8.783434043750745,0.796893741184226,9.628310995553555,1.2632256140425004,,
2018-10-29,988.8222908761828,2296.262147367304,90.50632551341845,12.796631,2.381835,7.4741793,0.68923086,9.076256436587823,0.8637745717685545,9.93512929780497,1.3301060484547023,,
2018-10-30,801.8378128025756,2403.6659644825586,90.3511168569365,12.720682,2.5147538,6.7891445,0.7232828,8.272883575053944,0.8305762970216879,9.093357959682518,1.2969090951917128,,
2018-10-31,722.5046012595802,2302.9185507294446,90.12078348867495,12.884142,2.7151015,7.641721,0.68716556,8.89366908198719,0.833074142197171,9.743814891798074,1.2994058544030171,,
2018-11-01,677.3326056131623,2337.9607668761723,89.96060480229723,13.675592,3.1096914,9.073124,0.6923822,10.106987503314745,0.8810012913458435,11.01512578614355,1.3473321536966862,,
2018-11-02,642.9690130101118,3213.7620751712066,90.3905756045686,13.603392,3.3053832,10.626015,0.9246999,11.122383542903986,0.9473067411742184,12.079054285467436,1.4136381865034444,,
2018-11-03,798.9065355452386,4144.753803523528,91.65724696666247,12.399511,2.350969,8.66391,0.7517346,9.26759143310224,0.7359068981323905,10.135609453106811,1.2022381689305934,,
2018-11-04,1141.792922783328,4133.665115029758,92.22746274700245,13.037834,2.487521,8.050062,0.8154666,9.12958981781751,0.8355500651972912,9.991011832346395,1.3018814802843726,,
2018-11-05,1271.211024245007,4355.626015029759,92.40546900945323,12.874983,2.4128342,7.9699316,0.6891071,9.078077290064156,0.762680826744592,9.937037181853196,1.2290123012740466,,
2018-11-06,1712.4544907327222,5369.328815029759,92.66933444596157,13.494532,2.534582,7.8866305,0.7576702,9.24268380608716,0.8400211087124207,10.109511326662872,1.3063524039420735,,
2018-11-07,1420.8458806941685,4765.645415029759,92.66150179163324,13.028297,2.405465,7.506822,0.85834426,8.774934368950051,0.861632508828721,9.619405065352073,1.3279643946512552,,
2018-11-08,1450.1940711287136,3661.982015029758,92.38311417341421,12.046341,2.1367698,6.353033,0.78810567,7.968079415645127,0.8283235766938449,8.773985203374853,1.2946570694113293,,
2018-11-09,1599.2512570704746,3599.306215029758,92.07423711395876,11.130501,1.9898924,5.6562386,0.64242214,7.340305878798925,0.7566879882701986,8.116206237403885,1.2230232462801598,,
2018-11-10,1577.8869928459785,5997.037815029759,92.4835523569196,10.417818,1.7868601,5.142155,0.6752525,6.241096754434298,0.6514075864983068,6.964458674353048,1.1177470210643274,,
2018-11-11,1191.481104489294,4079.0218291477127,92.42056289058573,10.033161,1.7566286,4.580091,0.633339,5.8128443332687745,0.6308397806170899,6.515737251363479,1.0971812164482768,,
2018-11-12,1096.3013415823884,3386.653542298277,92.17149561799161,9.968306,1.719203,4.7631927,0.6183416,6.036096896630611,0.628464913381229,6.749660524103302,1.0948052797595837,,
2018-11-13,1296.5813340237353,4034.859224399062,92.18612550289428,8.716583,1.5008245,4.493981,0.5865477,5.520897972078603,0.5746905576530835,6.209836852077128,1.0410334780151183,,
2018-11-14,971.7892878759246,3572.27838288418,92.16824568684224,8.217199,1.3861215,3.413476,0.59072804,4.440794951491767,0.5509415887271362,5.078108599253712,1.0172908487929828,,
2018-11-15,967.971271057153,3040.845778868593,91.88420086403346,8.511608,1.1421727,2.789349,0.896757,4.171049039939235,0.7340073086397226,4.795469755209239,1.2003583602008132,,
2018-11-16,929.4712053113705,3076.397158697166,91.6370607177423,8.034054,1.2176919,3.2758923,0.6404148,4.379916090786575,0.5671997521570579,5.014319937110787,1.033549409273824,,
2018-11-17,903.0175947253084,2817.887945702589,91.3186354327302,8.523005,1.3376639,3.320341,0.5967703,4.5829629527141496,0.5564518549046523,5.227071744957524,1.0228002042598199,,
2018-11-18,759.9917828643653,2512.873700213965,91.0436959725246,8.190727,1.2534053,3.743352,0.58322126,4.776076531629885,0.5340685011611757,5.429415492819686,1.0004156504788124,,
2018-11-19,706.7073089283573,2326.046344597044,90.78582599339374,8.418201,1.1439162,3.9480672,0.6942651,4.989720059915865,0.5954779830942719,5.653270451453869,1.0618238544907006,,
2018-11-20,820.2597831878023,2203.6156304686824,90.5756855436325,7.8256946,1.1018701,3.8132715,0.5994873,4.901685825816222,0.5293326535711558,5.561028481894238,0.9956790452262105,,
2018-11-21,706.4232659456694,2011.1987165206383,90.48238765472617,7.059264,1.0381604,2.2678437,0.8985502,3.5133336816252596,0.7176509294259432,4.106317851055334,1.1840066979578134,,
2018-11-22,574.4446737449701,1816.1878492670603,90.31635336540505,6.4603615,0.9845323,0.24498308,1.231961,1.738475274166881,0.9653693692186534,2.246627278770397,1.4317403352674065,,
2018-11-23,588.4356002688866,1473.9346166186797,90.06160715168457,6.426247,0.98477995,-0.8155254,1.2892915,1.2506975828353846,0.9633187435800225,1.7355354811778796,1.4296945173318885,,
2018-11-24,648.924185545978,1623.236224856336,90.04783285670142,7.592486,0.91736215,0.36848915,1.3086684,2.431647271605035,0.9709321135178275,2.9729305281961587,1.437296715457803,,
2018-11-25,1416.3321351400891,2183.91899744502,90.41896946784672,7.649328,0.9781002,2.1595726,0.6487224,4.319232310376141,0.5503751568532715,4.95073567943386,1.0167252139668976,,
2018-11-26,1778.7370404470782,2828.1702023619823,90.84361380594399,7.6138268,0.8964723,2.4661703,1.2502595,4.453691808595594,0.8419683005881495,5.091621882041402,1.308317477084982,,
2018-11-27,1972.4288451822763,5097.757390032576,91.65676668227397,7.1966553,0.850932,3.0709848,1.0075049,4.221957544240833,0.764237837454612,4.848811511994437,1.2305885445406233,,
2018-11-28,1598.2478759990045,4810.799609740844,91.82306318781093,7.3778358,0.8098662,3.1527364,0.8121039,4.20636507105715,0.6421708259551347,4.8324737718927775,1.1085216382335594,,
2018-11-29,1331.8793461820203,4016.9947261985367,91.69121638351929,7.4086313,0.77013,3.2540536,0.75022197,4.2885509838329625,0.5951556001309414,4.918587890360786,1.0615058610833155,,
2018-11-30,1211.5489221057474,3454.126957339471,91.40030602362533,7.2491665,0.71055865,3.224217,0.65477955,4.269386687395819,0.5186796870904481,4.898507606063816,0.9850300759116528,,
2018-12-01,1113.4373646333884,3108.9160592873677,91.13670955949354,7.7261243,0.718037,3.8788161,0.70046294,4.893353810265084,0.5494094099245447,5.5522982244813255,1.0157558512787075,,
2018-12-02,1712.33630291205,4775.036569136974,91.3958181257225,7.7225547,0.7603689,4.723604,0.8360735,5.5151745160545795,0.647292900931805,6.203839834419813,1.1136358513715479,,
2018-12-03,1369.83721132579,6028.950909350594,92.03110304631772,7.31221,0.6854243,4.3653235,0.84149504,4.910920305270326,0.6973417157489479,5.57070433789976,1.1636880524146063,,
2018-12-04,1313.468812248679,5205.992899650036,92.3521536015539,6.727099,0.62093586,2.6908436,0.70875525,3.504023529739423,0.5796240683023862,4.096562705734517,1.0459799071553113,,
2018-12-05,1155.6185922592742,3957.0339379016514,92.27209887248677,6.576525,0.613344,1.7637335,0.59954375,2.851574219474513,0.4842951398012911,3.412928548725337,0.9506561535866913,,
2018-12-06,1110.994234083079,3225.067123091416,91.96563796088182,6.490632,0.5935854,2.014921,0.5757712,3.1616965197403593,0.4544511632650089,3.7378736348438406,0.9208096565978746,,
2018-12-07,1045.2244064966872,2910.707985483454,91.58095754966588,6.1392674,0.60458016,1.1174918,0.7347524,2.444330094455726,0.5637244108448802,2.9862195466250516,1.0300889014605998,,
2018-12-08,979.8133932611512,2500.026292751086,91.08847466477584,5.9991364,0.59038734,0.72385037,0.8469748,2.209204989015129,0.6307915945137869,2.7398562648793594,1.0971581788587712,,
2018-12-09,881.1919039032252,2222.773301425242,90.6288063972385,5.918158,0.60325915,0.5847548,0.8166699,2.0988670763501127,0.6093839594375781,2.624244577160241,1.0757515481077513,,
2018-12-10,720.0816236249983,1937.264005853244,90.26262844082264,5.8238473,0.615288,1.0136074,0.6805993,2.3170755228506295,0.5234360879640061,2.8528826414952233,0.989801703900735,,
2018-12-11,533.105583969341,1629.2392592963135,89.99129906344801,5.5406337,0.5942527,0.8725687,0.7684071,2.0234358049050365,0.5972129248006769,2.5452079487889923,1.0635812080783449,,
2018-12-12,415.024182589913,1494.238510875577,89.82113902333862,5.518185,0.62979484,1.2482705,0.6633327,2.1764391884131227,0.5368888855066017,2.705524371012863,1.003255766641425,,
2018-12-13,387.7894737036,1362.4309639375829,89.53373192505218,5.613032,0.6266604,2.1229794,0.69535047,2.8962566299039434,0.5588087354211944,3.4597466256341156,1.0251693792782604,,
2018-12-14,387.7894737036,1312.8762846027312,89.22111573698193,5.630502,0.69307315,3.3279002,0.52645487,3.8529444569073146,0.436056971744304,4.462160860494512,0.9024102428989631,,
2018-12-15,387.7894737036,1366.4273376194203,89.03172917088884,5.5362244,0.65983284,3.91848,0.7199298,4.276100632662803,0.5794408437350521,4.905542454964088,1.045791187711388,,
2018-12-16,672.2270237036,1364.2710121516552,88.89571793346123,5.858254,0.6423973,3.6688333,1.120392,4.391538475675972,0.7799411110541652,5.0264978322687615,1.2462906920425751,,
2018-12-17,533.5512737035999,1536.41343442573,88.7693612875825,5.573385,0.684984,3.3866925,0.7800737,3.9503313261652324,0.6053247540504563,4.564202489202599,1.0716773333913923,,
2018-12-18,448.8374237036,1401.0266505873988,88.56372032107157,5.241382,0.6271003,1.792017,1.0768014,2.6289455897994833,0.8296066825891395,3.1796590315697406,1.295969573557271,,
2018-12-19,452.5450037036,1264.5745956183391,88.33941364718967,5.102355,0.67007846,1.1056068,1.2169937,2.1589454399346515,0.9134891353885951,2.6871944811565087,1.3798561754830114,,
2018-12-20,448.3371137036,1177.66586165976,88.37515849390078,5.215053,0.64875233,1.9244103,1.5544802,2.8317378757095235,1.139985960502085,3.39214409553553,1.6063471392455273,,
2018-12-21,1316.8165737036002,3329.169717493648,89.59380969379897,6.283112,0.7183123,3.962863,0.90436643,4.620493502206816,0.6792692932358644,5.2663961264241745,1.145617406031451,,
2018-12-22,830.2845372880768,4382.129799905812,91.01680638629438,5.856302,0.6569042,4.086114,0.77123153,4.368086833057544,0.6567713680451274,5.001925281298602,1.1231211028039296,,
2018-12-23,1149.37663917197,4150.736715029759,91.49689680722874,5.9257293,0.64275175,3.9057698,0.708052,4.343815966352898,0.5717551388494788,4.976494350131282,1.038105033412575,,
2018-12-24,1299.241756298627,3474.1776150297587,91.56542869407046,5.8351893,0.60052615,3.032267,0.6667145,3.7951737947175617,0.5120360197873969,4.4016289581312185,0.9783897064568625,,
2018-12-25,1335.2550908016267,3067.6604150297576,91.37933797432599,5.711284,0.5656028,1.7679588,0.8788915,2.9638357441678562,0.6359235261591155,3.5305557905521976,1.102283614862504,,
2018-12-26,1312.4866289959148,2822.010915029758,91.02605400672962,5.633207,0.54906434,1.5783368,0.9150848,2.865545888247887,0.6484573537622955,3.427568015506318,1.1148182516300795,,
2018-12-27,1246.5546251281287,2610.3338750297585,90.61591313617373,5.642636,0.5449548,1.8288587,0.9891307,3.061479657908173,0.6922238942905693,3.6328667495902804,1.158583190086421,,
2018-12-28,1182.7941916214866,3029.945015029757,90.4172574207972,5.7630134,0.5908453,3.237145,0.60340536,3.9463230719000704,0.4646140735702814,4.560002654085094,0.9309666811709061,,
2018-12-29,908.5983848310286,2622.33865183799,90.52062432484647,5.699719,0.5479933,3.2839267,0.6154374,3.9055704682679866,0.47832774781153864,4.517302215305204,0.94468064377628,,
2018-12-30,742.3178733499111,1917.475442378432,90.5892319932438,5.4873796,0.5185786,2.6929727,0.7421578,3.47285964159743,0.5542596510894305,4.063909290267759,1.0206157260493727,,
2018-12-31,813.2226511325264,1784.6827892107406,90.65112675904696,5.5047364,0.48983344,1.4410456,1.9381369,2.7131032539550253,1.3402417374902467,3.267839144393334,1.806603912186105,,
2019-01-01,1294.9862605667736,2882.6846655195336,91.22381705313202,5.002103,0.64669585,2.7342644,0.96101546,3.4372445084689294,0.6927591947331172,4.026591875519958,1.1591155408839804,,
2019-01-02,936.3530693773793,2394.244212882956,91.34818570791654,4.90155,0.6205757,2.697446,0.8926048,3.3171005114317307,0.6649565933569919,3.9007054061160895,1.131313865042899,,
2019-01-03,990.478338269854,2399.9700252854004,91.30150880481969,4.610529,0.5727231,2.6936584,0.89535266,3.2536488301654938,0.6554990514463142,3.834220951384048,1.1218568185963673,,
2019-01-04,1010.6418354976508,2317.0481370014327,90.99605246839758,4.3551373,0.49185854,2.3667796,0.9123513,2.970657203271819,0.6525910228717864,3.5377032920833384,1.1189510558279618,,
2019-01-05,1283.3623600267092,2412.5310362878017,90.82254207867389,4.0736423,0.46674362,2.810835,0.9052571,3.2493322307123034,0.6127385656337586,3.8296980332325523,1.079096366657359,,
2019-01-06,930.542589582957,2452.176104017441,90.66407686046809,4.0973034,0.46097705,2.2423873,0.9142655,2.7526509564945663,0.6747851407769689,3.309277091927207,1.141146981676595,,
2019-01-07,882.0370229683706,2028.5817158850853,90.2879954990464,4.050701,0.4514659,0.66393435,0.91025573,1.69026378926611,0.6489952596947335,2.196111449694086,1.1153666888160065,,
2019-01-08,772.9588348776949,1881.3567071815685,89.99505043431643,3.979848,0.42735043,0.91631377,0.9402962,1.8084404729411823,0.6779933653161038,2.3199365748820426,1.1443636640746817,,
2019-01-09,735.284139830178,2461.6278386981344,90.12875885473365,3.8673637,0.4500195,1.6661692,0.92595,2.1724400409622446,0.7204567540604581,2.7013340779842347,1.186823671503284,,
2019-01-10,589.8663704087179,2127.071022994377,90.08320395929043,3.8724809,0.43029177,0.5580236,0.83477914,1.2776157497617027,0.6601857299438042,1.7637402444681252,1.1265612312884452,,
2019-01-11,583.7917598923493,1771.452474316221,89.75093664239797,3.6789448,0.43698364,-0.5982102,0.61226887,0.46196343133241347,0.47307321396355384,0.909102533385884,0.9394573373723514,,
2019-01-12,534.7006269528846,1795.4873850826957,89.30624665024173,3.6072598,0.4407247,-0.603866,0.688276,0.3624472765250046,0.539895955300487,0.8048298465576381,1.0062811827378981,,
2019-01-13,436.8310266641064,1569.8894589272854,88.93162162753224,3.3531969,0.45767865,-0.6942092,0.5881583,0.18684649691137545,0.47078827105404936,0.6208359499397136,0.9371754742188432,,
2019-01-14,417.1838837036,1485.1010853378748,88.70468930744667,3.200991,0.4635758,-0.70004857,0.5886361,0.15547562095204667,0.4706556619914853,0.5879656533455038,0.9370432218295672,,
2019-01-15,442.9722437036,1377.301751240116,88.48746510055224,3.1915,0.44700256,-0.63304555,0.8681635,0.29767559395563,0.6658378269928056,0.7369622989723679,1.1322237790883827,,
2019-01-16,414.9878737036,1181.428953289782,88.29222154269846,3.1736147,0.45565993,-0.51571834,0.886523,0.4433222210162847,0.666678481457424,0.8895703369384339,1.1330628108092462,,
2019-01-17,396.79030370359993,1009.4487219333936,88.15532330472443,3.064856,0.46546713,-0.9717256,0.8958351,0.16725322768369238,0.6563376390332167,0.6003061894191876,1.1227250648330829,,
2019-01-18,406.2035037035999,889.8768493973569,88.06528517342089,3.1781292,0.43596974,-0.74357164,0.9091024,0.4855254735798872,0.6389616534253517,0.9337907607099747,1.1053455170956004,,
2019-01-19,414.6043837036,845.1514601385022,87.96846398307781,3.092135,0.46721345,0.3418969,0.9303008,1.2470411398803416,0.642787836481565,1.7317042727485104,1.1091636472999213,,
2019-01-20,489.0368837036,921.601437202852,87.84177599005037,2.9869998,0.52167696,0.96802175,1.2489228,1.6679564499404305,0.8357517813293253,2.1727378958024635,1.3021234256125491,,
2019-01-21,544.6155937036,973.779108714098,87.71883008138792,2.748498,0.51084274,-1.111983,0.51952106,0.27268870961118646,0.3802387933611315,0.7107811269696511,0.8466250262892818,,
2019-01-22,529.2678437036,1207.6419597932193,87.61857284400982,2.7541492,0.47150925,-1.126227,0.49686688,0.056193822081946856,0.37414913125815813,0.48393852386726466,0.8405378273028513,,
2019-01-23,418.2667737036,1091.57577347617,87.63409677395005,2.9842153,0.47636148,0.034653187,0.9687072,0.8517607814368287,0.7126738430693776,1.317530864369707,1.1790537511221477,,
2019-01-24,1882.4525737036,6314.703369112212,90.66539342839367,3.0965102,0.45611563,0.0013053417,0.6140072,0.7121099597294988,0.4844613109133037,1.1712052107572195,0.9508427092100338,,
2019-01-25,1173.1074981001698,5195.147315029758,94.52884533425156,2.8229876,0.39682528,-0.022132754,0.7589761,0.501971897186447,0.6234640146024383,0.9510232671456413,1.0898476973500504,,
2019-01-26,2241.7951323100942,4999.3418150297575,94.71534192745537,2.921144,0.39889556,-0.11366129,0.6164415,0.8258889214368265,0.4431514751822878,1.290422417900234,0.9095316576363228,,
2019-01-27,2306.025469245874,3516.560815029758,94.17345220591272,3.1433752,0.42929578,-0.22248101,0.72006303,1.110560642411093,0.4669378050230814,1.588700474035473,0.9333150103210827,,
2019-01-28,2175.177395287962,2882.2090150297577,93.17145679621684,2.9663134,0.41568008,-0.687189,0.8433201,0.8841791249682007,0.5127850037671315,1.351498693905315,0.9791645690658825,,
2019-01-29,1918.0116839211064,2678.294275029758,92.13737257673691,3.131501,0.46311647,-0.80592406,0.6684276,0.8371404497768171,0.43480506640831323,1.3022117308334504,0.9011851294327142,,
2019-01-30,1648.9701096477197,2292.838415029757,91.160198839269,2.8325715,0.4530938,-1.6749047,0.6500441,0.21070021422870913,0.4229598382111799,0.6458297934049624,0.889346770922611,,
2019-01-31,1379.660547581094,2023.7906150297576,90.22772732520691,2.6396086,0.45136917,-1.6842047,0.61336315,0.0685440173273169,0.4080465349510705,0.4968790162283329,0.8744350890431651,,
2019-02-01,710.2746366928974,1546.2033648645531,89.76466439587224,2.6498284,0.4684551,-1.0957791,0.47101474,0.0832308829797212,0.3548418073661704,0.5122678638543835,0.8212301928750871,,
2019-02-02,387.7894737036,1134.6094615071,89.73307552969985,2.756744,0.4649732,-0.7785295,0.4832379,0.12198465198032324,0.3791215773435157,0.5528739305400822,0.8455095192012807,,
2019-02-03,387.7894737036,1024.8473183388012,89.87488313728734,3.4904327,0.4560725,-0.86680305,0.91680646,0.3293219433421228,0.676810286504077,0.7701212356819014,1.1431958839446235,,
2019-02-04,387.7894737036,1202.6822710803465,90.01276786367514,3.7628422,0.5100583,1.7422523,0.9053166,2.2349133912905614,0.6957862337080477,2.7667934409037804,1.162152586048019,,
2019-02-05,387.7894737036,2586.293529481217,90.55606208615582,3.62247,0.54638255,3.594963,0.8916641,3.598549677890955,0.7786663324782082,4.19560688064622,1.245021461966053,,
2019-02-06,427.917306334572,2808.6733365344094,91.43866464351362,3.3089178,0.5064771,2.8169951,0.92880344,2.882033396916841,0.8087809756516275,3.4448435707299194,1.2751417370159748,,
2019-02-07,843.7277008402278,4837.710188356835,92.48609628513441,3.80403,0.48357552,3.495871,1.0420783,3.541634513511906,0.8902247002074576,4.1359713659646085,1.356580255587288,,
2019-02-08,1562.2056438430238,9415.88858618933,94.74839110021101,3.4172273,0.466749,3.175365,1.4056559,3.209782479116265,1.207456262210193,3.7882579387042856,1.6738143745836094,,
2019-02-09,1796.067229475862,6621.333915029758,95.39370808286039,3.0142407,0.39867708,1.3670166,0.87000066,1.718493848664745,0.6896306256143356,2.225690809432345,1.1560017832626752,,
2019-02-10,1942.6554080069905,4295.559115029758,95.12170502524732,3.0161018,0.39335713,1.0758463,0.8715344,1.6800653373932455,0.6125022358845228,2.185425546683362,1.0788737633027623,,
2019-02-11,1814.7163033309068,3209.4842150297573,94.66730583876917,3.0923223,0.37375823,1.1645802,0.8215642,1.8608711179057844,0.5419042061221058,2.374873225450759,1.008274008494637,,
2019-02-12,1637.4411996062931,2886.0624150297576,94.13696684427077,3.281006,0.4200389,0.730909,0.90360326,1.6540063107398717,0.596225586823091,2.1581209876342835,1.0625973659493837,,
2019-02-13,1383.9767129800082,2603.70696098329,93.753063154502,3.028341,0.38529712,0.32874465,0.9085522,1.265674172005313,0.6081123022420148,1.7512279001152216,1.0744879243311218,,
2019-02-14,1124.163525893039,2158.591455660204,93.42905755387369,3.201659,0.3963673,1.8811579,0.8832801,2.3333570701290323,0.5964547872551913,2.8699423910778488,1.0628202581799986,,
2019-02-15,858.1936972310838,1893.9708654612457,93.17464944777403,3.3370314,0.3916171,3.4820917,0.9055474,3.436858237886547,0.6350271670230102,4.026187142524138,1.1013835161230767,,
2019-02-16,445.164661073498,1412.739701354516,93.41258989565299,3.127036,0.40849513,2.3747642,0.8817044,2.555012912195771,0.6775498185720567,3.102192624702786,1.1439133454697168,,
2019-02-17,387.8217560513416,1183.443002541198,93.47156702589577,3.1586986,0.42347896,1.154301,0.88584584,1.6490292326783724,0.6753378603255714,2.1529060222547347,1.1417096876145247,,
2019-02-18,406.95592082567583,1079.4817962459706,93.46012684707445,3.07722,0.38978133,0.6846933,0.8997257,1.3397176277155396,0.6620563802242355,1.8288103799035056,1.1284312562692183,,
2019-02-19,431.7721378536184,988.011940320809,93.30152551081,3.004626,0.4075714,-0.06797445,0.85432285,0.8664375515466273,0.6072968530469353,1.3329091339207253,1.073676605775669,,
2019-02-20,426.7323464428795,1056.4682120754558,93.03002227213653,3.0583582,0.43533048,-0.34605515,0.9207938,0.6334302510167886,0.6677238228387414,1.0887648809211712,1.134106070564412,,
2019-02-21,387.7894737036,1066.871588260528,92.89040217505423,3.4350863,0.45947456,1.197322,0.8867683,1.7938743208932335,0.6618040309771515,2.3046742105581015,1.1281744681984303,,
2019-02-22,387.7894737036,1005.3867260333236,92.73949930286264,3.1471205,0.4729948,2.2553563,0.8694805,2.5035781489780056,0.6411251404333733,3.048299455624154,1.1074891134323916,,
2019-02-23,387.7894737036,933.1313312188096,92.47271921147741,3.1797953,0.46481717,1.8478867,0.8746261,2.238901893632046,0.6327472411624739,2.770972580023175,1.0991135575760005,,
2019-02-24,411.3235237036,1286.7369904545808,92.36829370431317,3.2614799,0.44264737,2.5097406,0.88713247,2.6918354223024075,0.680738530674656,3.2455547830881666,1.1471008856178813,,
2019-02-25,387.7894737036,1067.15591016437,92.62181662694098,3.0878067,0.40760696,1.654579,0.8883916,2.036580048691461,0.6606013746573085,2.558980442497058,1.1269695364283427,,
2019-02-26,387.7894737036,843.5206238530153,92.54592094284652,3.0767202,0.39186922,0.18659389,0.8894183,1.0968118584128805,0.6216777788446213,1.5742945451600132,1.0880551258007038,,
2019-02-27,387.7894737036,752.224308955969,92.52966414407,3.1036072,0.39617345,-0.74216974,0.89279336,0.5660177847801099,0.6043166652783153,1.018130329236367,1.070699646421731,,
2019-02-28,387.7894737036,698.9376095867383,92.47958103266846,3.0597494,0.42049703,-0.947368,0.87232524,0.48253831213641085,0.5807622711039102,0.9306608231606008,1.0471461676682976,,
2019-03-01,398.4483437036,714.039780495358,92.40728912086412,3.0936482,0.4047516,-0.3418914,0.884148,0.8885802122334724,0.5857053345906146,1.3561101380975025,1.052084853450009,,
2019-03-02,398.1993837036,701.141420495358,92.31916746093938,3.1221411,0.38781142,0.11101043,0.8882869,1.2016916665412962,0.5836898941911807,1.6841872496032781,1.0500661660017316,,
2019-03-03,63.9328120988,526.104080495358,92.4080403202381,3.0503895,0.46862832,0.92490005,0.8783975,1.1552051779210877,0.7848639790482042,1.6354788657331354,1.2512407258498395,,
2019-03-04,69.32896209879998,498.00027049535817,92.54006224293441,2.7432897,0.46411574,0.43877363,0.5728192,0.7203908986775013,0.5060078941546308,1.179881950279963,0.9723892034617407,,
2019-03-05,54.9368420988,404.8664504953581,92.62767760980236,2.679579,0.46978864,-0.08683097,0.45446938,0.24369695304096564,0.4040871877231613,0.6804036635387358,0.8704737473900936,,
2019-03-06,54.9368420988,381.798100495358,92.69918063176638,2.6174128,0.47830465,-0.16136181,0.40780947,0.18817995101114066,0.3615524084391823,0.6222331385872628,0.8279395964681108,,
2019-03-07,54.9368420988,381.8374504953581,92.76312411015579,2.6809664,0.4760494,-0.16582775,0.3901625,0.19223791839201274,0.3463041199054021,0.626485062937473,0.8126912618853741,,
2019-03-08,54.9368420988,449.332440495358,92.8333412998969,2.8730526,0.48448718,-0.24497712,0.41414478,0.09471183919672092,0.37278197559132364,0.5242975705328703,0.8391702294878419,,
2019-03-09,54.9368420988,431.026470495358,92.91208718549566,2.9494572,0.5289431,-0.3608197,0.5920293,0.013398176223867327,0.5284955732272459,0.43909739242676593,0.9948847625123596,,
2019-03-10,54.9368420988,405.209520495358,93.01023654423955,3.255918,0.5046076,-0.079345345,0.8980011,0.3188515155260456,0.7930802955231153,0.7591503572075826,1.259466010177136,,
2019-03-11,54.9368420988,497.7785504953581,93.17533426318334,3.2481134,0.6123149,1.0223672,0.8610062,1.2435940524648268,0.7778116840868935,1.7280924263378128,1.2441875298634377,,
2019-03-12,54.9368420988,432.5828704953581,93.32862640257713,2.9824147,0.57261664,1.0879173,0.879818,1.3014014220271581,0.7833366303655958,1.7886627905606163,1.2497118916928345,,
2019-03-13,54.9368420988,457.834310495358,93.42592107266624,3.1279676,0.5764716,1.0269392,0.8462802,1.25203736210271,0.7581320713294581,1.736939297314377,1.2245078315033955,,
2019-03-14,132.43476209880004,907.5681304953578,93.61770666340628,3.676106,0.7035257,2.5669065,0.8378857,2.7081527661241,0.736656503938495,3.2626520401664867,1.203018720544131,,
2019-03-15,289.40544209879994,3193.914230495358,94.79895835598637,3.8373568,0.7010094,4.923153,0.874405,4.832941477310951,0.8038692826604702,5.488998388521214,1.270216086739126,,
2019-03-16,54.9368420988,2355.835290495358,96.07072143832616,3.6609342,0.747537,3.7541952,0.96185064,3.752069975119839,0.9400862749023814,4.356464923299761,1.4064402740818154,,
2019-03-17,387.7894737036,1610.2496704953585,96.49938989227105,3.4812677,0.5584872,2.3698492,0.74909216,2.585558887614001,0.6133583617846939,3.1341985933298147,1.079721625184376,,
2019-03-18,387.7894737036,1290.9004304953578,96.7049851544821,3.2422104,0.49541488,1.6501415,0.74357057,2.0179208771014885,0.5831408413438043,2.5394294262882724,1.0495091756608224,,
2019-03-19,387.7894737036,998.716180495358,96.74534715785329,3.2000256,0.4711449,1.3440213,0.8777619,1.8631240766252402,0.645848065364886,2.3772338678956504,1.1122178464780164,,
2019-03-20,387.7894737036,902.462970495358,96.88985259161834,3.591045,0.5891331,2.4909902,0.8495412,2.8216151112527283,0.6200294316602388,3.3815374975406396,1.0863906947574864,,
2019-03-21,473.7316137036,1359.2803704953576,97.1131074801804,3.4777153,0.602619,3.075347,0.91559017,3.17933676733684,0.696594673401267,3.7563570259752637,1.1629530266727546,,
2019-03-22,665.1167737035998,1770.7342904953584,97.51937523652782,3.431602,0.49974644,2.4408755,0.9004211,2.7113965007834144,0.6686307958345363,3.2660508142543643,1.1349929849762388,,
2019-03-23,490.7972737036,1512.1642904953578,97.81335601886062,3.2981195,0.5316223,2.5540464,0.8492033,2.7363709468561783,0.6542184349043315,3.292218953478533,1.1205804129962593,,
2019-03-24,474.3131737036,1242.189830495358,98.02594265422145,3.688005,0.6460366,3.518651,0.84336853,3.565447789603552,0.6358962294267251,4.160922835251823,1.102251606162834,,
2019-03-25,445.1258737036,1286.408430495358,98.25962623197526,3.5166318,0.66900015,4.075715,0.83809865,3.931991427728815,0.6459630146768999,4.544986006312728,1.1123157234712604,,
2019-03-26,400.9113037035999,1147.774900495358,98.45327992420467,3.470824,0.67894185,3.9770417,0.832745,3.8459961907640383,0.6417093998297476,4.454880490981046,1.1080627207578084,,
2019-03-27,387.7894737036,1039.7402904953578,98.61216716887127,3.7348018,0.70436645,4.2390385,0.8281431,4.102062210447989,0.6327990835138779,4.723185591087991,1.0991506066075856,,
2019-03-28,387.7894737036,1226.163290495358,98.79254522963834,3.9731665,0.69682145,5.293026,0.82279277,4.9758992031559615,0.647131512595232,5.638789004985077,1.1134774650826784,,
2019-03-29,54.9368420988,2029.564830495358,99.34434755094694,3.9807763,0.7217391,5.9421363,0.98764753,5.89044483317436,0.9618062878052395,6.597046789900514,1.4281473454411782,,
2019-03-30,708.7774339485159,2748.646933298269,99.59473995049429,4.4717474,0.6798201,7.244875,1.0437651,6.676379443037523,0.8414133516117319,7.420546387532072,1.3077509670105145,,
2019-03-31,1636.9997841536303,4001.943199927191,99.59473995049429,4.042594,0.648955,5.8299065,1.0636244,5.31104500368911,0.7780056538995894,5.989953629145104,1.2443497015698632,,
2019-04-01,1604.697773851963,2857.145739257322,99.59473995049429,3.2638628,0.5702833,3.837829,0.8598738,3.6314026920521596,0.5875799910125484,4.230030156581918,1.0539348763500336,,
2019-04-02,1381.7746171783297,2161.027018557322,99.59473995049429,3.4511104,0.56555843,4.0912237,0.84713155,3.8415646967731525,0.5618420472006177,4.450237186725701,1.0281953999022009,,
2019-04-03,1199.8833405259536,1861.828636070756,99.59473995049429,4.140004,0.46501338,5.354622,0.83735156,4.878613827174241,0.5408228122526185,5.536853720584852,1.0071693417228356,,
2019-04-04,994.0835687710468,1421.6812435964182,99.59473995049429,4.1646867,0.497279,5.756043,0.8208977,5.101202254522793,0.5246507482267567,5.77008111388019,0.9909959735124698,,
2019-04-05,969.4736841976,1232.471530495358,99.50618598201541,4.1888084,0.5484241,5.170412,0.8492529,4.738231065672241,0.5331551909707217,5.38976114295752,0.9995025721057429,,
2019-04-06,539.2968920804569,1611.6082686357618,99.59473995049429,4.3297787,0.51452255,5.400326,0.8578425,5.131907280229227,0.6555739884863396,5.802253734855513,1.1219190383133217,,
2019-04-07,969.4736841976,1293.7080927289596,99.50846889816167,4.8213243,0.39392743,8.10334,0.94933754,6.697431007149616,0.5683028769763079,7.442604144447551,1.0346404098883846,,
2019-04-08,453.82965487375424,1891.967549070907,99.59473995049429,5.2270856,0.5055938,9.660673,1.0283947,8.802929128146854,0.8351839874223753,9.648737878343185,1.3015158308575852,,
2019-04-09,969.4736841976,1555.5382697895395,99.57438549498234,5.279707,0.5235678,9.948517,0.9744918,8.15593589635218,0.6330997191594828,8.970820581704448,1.0994327712505547,,
2019-04-10,785.8684572522452,1580.7701083479585,99.59473995049429,5.100168,0.5511012,8.576878,0.87888926,7.4223978752214075,0.614906357183365,8.202221950637911,1.0812413587337042,,
2019-04-11,969.4736841976,1301.6041106828698,99.53971510970341,5.02692,0.5225674,6.979639,0.80836177,6.146065719784855,0.5141972161435809,6.864885481094702,0.9805370766902821,,
2019-04-12,788.4452993692721,1398.5379675532631,99.59473995049429,5.5739083,0.4822071,8.318858,0.9723491,7.329256253744888,0.6456450308220819,8.10462847804352,1.1119803239402015,,
2019-04-13,1003.632512006161,2069.3422275532635,99.59473995049429,5.7052774,0.4572098,10.461868,1.0336498,8.90836732333888,0.7118971112277629,9.759215658842951,1.1782288030630954,,
2019-04-14,1004.6640241976,2565.147027553264,99.5712327277237,6.6499696,0.9199954,9.763792,1.0828415,8.887458428670595,0.8200415548969859,9.737307390483004,1.2863732757845339,,
2019-04-15,3158.682421053036,8668.738684489337,99.59473995049429,5.4183373,0.67753685,9.189196,1.2511607,8.182133850006242,0.9347019383928393,8.99827070798995,1.401034932242338,,
2019-04-16,2289.625983670942,5803.230905526175,99.59473995049429,4.87333,0.5817029,7.2198925,1.0259283,6.556004546830534,0.7538568062887849,7.294417982767387,1.2201949030901225,,
2019-04-17,1526.313820351543,4214.777364014865,99.59473995049429,5.4020686,0.59206676,8.365557,1.0668364,7.577690316401756,0.7988703304596078,8.364936839666026,1.2652048679499572,,
2019-04-18,1292.5029943129584,3066.2677987501424,99.59473995049429,6.3314056,0.81174064,9.378392,1.1076447,8.474871602122294,0.8155272327477183,9.305000323983204,1.2818596291953648,,
2019-04-19,1322.9620803684163,3423.804419889499,99.59473995049429,9.257729,1.7102919,9.954082,1.2189895,9.760002353472103,1.0001460349397822,10.651555932247827,1.4664769684198913,,
2019-04-20,4168.728672006161,10586.936767553265,99.59473995049429,8.571745,1.844715,9.946278,1.2553484,9.557948545833286,1.0406035563859637,10.439844643290265,1.5069345947283135,,
2019-04-21,2081.8593294323,7530.712780462105,99.59473995049429,8.246067,1.5005726,9.886883,1.2653481,9.531520293519177,1.0432161123153152,10.412153210856003,1.50954716782673,,
2019-04-22,1408.9824932276606,5812.403779019587,99.59473995049429,8.342258,1.4025793,9.884842,1.222393,9.583864652891531,1.0212382467672318,10.466999451676113,1.4875692690490339,,
2019-04-23,1121.0353443293775,4191.401793470614,99.59473995049429,9.257116,1.801718,9.804703,1.2045939,9.689150567100327,1.0236264860790625,10.577317672682197,1.489957451013734,,
2019-04-24,979.0964347155802,3265.775834103741,99.59473995049429,8.062616,1.3741745,9.035813,1.1085607,8.811341631086467,0.9098596697688102,9.65755247016661,1.376191500641666,,
2019-04-25,842.9258951153308,2521.4356120155708,99.59473995049429,8.742608,1.7340118,9.208404,1.0608578,9.091700580768274,0.9060207397201002,9.95131161928408,1.3723521982338984,,
2019-04-26,1689.248112114046,3448.0044261903927,99.59473995049429,9.040161,1.5063014,8.4660425,0.92125714,8.6548260712891,0.7922477275424822,9.493556001632605,1.2585798053958943,,
2019-04-27,2027.0614515171053,5667.451891992601,99.59473995049429,7.1034636,0.91586256,7.6890473,1.0050387,7.534779735079076,0.7785965775649369,8.319975279238607,1.2449312405270678,,
2019-04-28,1143.8520732274685,4034.004531167883,99.59473995049429,7.4527783,0.8217633,6.575171,0.7845131,6.76904522757,0.6375946028754957,7.517641279803064,1.1039318589753455,,
2019-04-29,1109.9819214544675,3326.589673375528,99.59473995049429,8.764263,1.4533718,7.157919,1.0396554,7.55980876978165,0.8601792195403721,8.346200616242488,1.3265138090609339,,
2019-04-30,1017.8518881016024,3155.145913614112,99.59473995049429,9.414961,1.9332094,9.052294,1.1133773,9.140753295892962,0.9648779423410059,10.00270888651341,1.4312093449462413,,
2019-05-01,829.8796423058739,2547.816462041325,99.59473995049429,9.429146,1.9309592,9.514877,1.129852,9.493813603233543,0.9754057483052261,10.372644269668587,1.4417368296957302,,
2019-05-02,735.0388572615743,2229.190507462308,99.59473995049429,10.775084,2.556484,10.140681,1.1497439,10.297993763878289,1.0721353086152177,11.215261493039794,1.5384661905784665,,
2019-05-03,725.7212783804557,2335.165203082669,99.59473995049429,11.106661,2.6715481,10.396536,1.173737,10.564903045401875,1.0968316688403346,11.494928125836472,1.563162648107082,,
2019-05-04,961.931379189174,2948.9577666498963,99.59473995049429,11.466478,2.570596,10.538154,1.1844271,10.766486547911876,1.094256582122356,11.70614663068772,1.5605876888871149,,
2019-05-05,1028.8140059654006,2917.934753525824,99.59473995049429,9.479088,1.4568676,10.545548,1.1776445,10.267550096932366,0.9498831166338307,11.183362722880325,1.4162139926756814,,
2019-05-06,813.7149737042243,2785.588406994824,99.59473995049429,10.3915,2.036233,10.696387,1.1601121,10.627459795048917,1.008974899523464,11.56047487427709,1.4753059133824993,,
2019-05-07,666.04415919451,2267.1289652679784,99.59473995049429,10.493345,2.3498302,11.052881,1.1440935,10.925825777128766,1.0328110155158479,11.87310173038727,1.4991422559486909,,
2019-05-08,591.9927615949148,1942.9693946779512,99.59473995049429,10.550568,2.5141394,11.398662,1.118083,11.200605204644033,1.0388113523005986,12.161014675251282,1.505142891461884,,
2019-05-09,534.3431242384131,1590.8718939654764,99.59473995049429,10.039833,2.1590462,11.05544,1.080668,10.800085761949049,0.9742147001965652,11.741351772302702,1.4405458327312737,,
2019-05-10,544.5707510340578,1559.583756970206,99.59473995049429,10.50267,2.2943165,11.088766,1.1627896,10.93708016707922,1.0465988441759133,11.884894041706147,1.5129300951479352,,
2019-05-11,527.9155161203851,1396.1090248395951,99.59473995049429,10.357546,2.320208,11.560044,1.0939692,11.230101728679914,1.017552107615393,12.191921032307256,1.4838836839767748,,
2019-05-12,1047.2729110280543,2468.048521966612,99.59473995049429,7.561378,0.9107312,9.524206,1.004726,8.939446901370543,0.75578220792936,9.791780734464306,1.2221138575046928,,
2019-05-13,1899.9394162439585,5154.486184729484,99.59473995049429,7.496504,0.9731498,7.136964,1.0324318,7.233797269032119,0.7986046612029418,8.004606880171695,1.2649402634388367,,
2019-05-14,2403.644121010586,6950.187013282558,99.59473995049429,8.524939,1.1623358,7.2206635,1.1858134,7.555821727849882,0.93034549398265,8.342023007335403,1.3966800951542315,,
2019-05-15,1620.0284145829132,5895.012256198611,99.59473995049429,10.781864,1.9759085,8.88936,1.1399766,9.297330253334309,0.9904951341450453,10.166769687288902,1.4568263767023542,,
2019-05-16,1197.3336145829128,4198.005529007153,99.59473995049429,11.51516,2.6488125,10.278712,1.1163045,10.55310465403218,1.04878920950812,11.482565811690089,1.5151201827523593,,
2019-05-17,1100.534261352561,3295.856703606422,99.59473995049429,10.701319,2.2537043,9.879034,1.1266469,10.084873898386446,1.0157052970930494,10.991955226491255,1.4820361598685095,,
2019-05-18,923.269921397901,2502.805024013968,99.59473995049429,11.713152,2.8146477,11.035561,1.1363829,11.218160141861109,1.1244850511556743,12.179408678458785,1.5908166123368122,,
2019-05-19,743.8163809000669,1984.86168622314,99.59473995049429,12.612144,3.153641,12.366301,1.183696,12.433315711105806,1.2167103164191078,13.452644530111865,1.6830442584639391,,
2019-05-20,1664.6369552310136,2962.7402932030427,99.59473995049429,11.921972,2.9127998,11.99594,1.1327832,11.969331235521624,1.2743628386229906,12.966483182646344,1.7406956722601288,,
2019-05-21,1004.9727145829128,1983.7671289523576,99.59473995049429,10.915316,2.3032825,11.929986,1.1018273,11.588800051618351,1.065212773267193,12.567763908933273,1.5315448816399369,,
2019-05-22,718.5350145829129,1389.494556265133,99.59473995049429,11.67079,2.8543384,12.239278,1.1188031,12.045505121295916,1.2208222651788145,13.046297919773245,1.687155263893004,,
2019-05-23,563.4054021362174,1346.2993038779648,99.59473995049429,11.447306,2.812304,13.239369,1.1559194,12.710670702100998,1.1629476143984931,13.74325614158602,1.6292823366001736,,
2019-05-24,490.903317971398,1111.6183279274942,99.59473995049429,10.478502,2.4466748,13.475297,1.0912548,12.55728350111636,1.0652433559980612,13.582537556722233,1.5315776358709026,,
2019-05-25,412.6338522068022,917.5415095137512,99.59473995049429,11.463894,2.810579,14.512988,1.0940053,13.567128227410004,1.1530956454547683,14.640649408951207,1.6194333320637964,,
2019-05-26,422.6071797315468,1376.0076922302624,99.59473995049429,11.503902,2.8398914,15.875047,1.1515322,14.847991415757182,1.1051454830103293,15.982733479289607,1.571489168535722,,
2019-05-27,316.0999851155908,755.9493485818044,99.59473995049429,11.460783,2.8016624,17.299425,1.1089231,15.57786751640998,1.1374821557892447,16.747495162596973,1.6038300989208945,,
2019-05-28,367.5484949274662,994.9599866552315,99.59473995049429,10.451218,2.298075,16.761631,1.0741682,15.059342208327031,0.9997971478125282,16.204186117277754,1.4661420035483792,,
2019-05-29,517.0606210679836,1044.067613895547,99.59473995049429,10.763086,2.6083796,15.973535,1.0269842,14.247784222451592,1.1036773239580593,15.353838433849662,1.5700179647939412,,
2019-05-30,557.0948599601386,950.7221594198924,99.59473995049429,10.88611,2.4497387,17.726456,1.0497625,15.199145541376776,1.121311277685577,16.35067157175349,1.587656935559758,,
2019-05-31,416.6427940328258,949.3248964626442,99.59473995049429,11.010483,2.674591,17.43077,1.0268775,15.472476556205141,1.0838982941318303,16.63706687475532,1.5502455848482724,,
2019-06-01,445.18432868489106,702.1397855820647,100.0,11.143623,2.7358637,20.65674,1.0800312,16.965463695830625,1.2505174291654515,18.201413696133677,1.7168751467227803,9.43026509298412e-12,4859.999999999991
2019-06-02,540.548053255248,838.2104941428606,99.99999999999999,9.822487,1.8782884,20.331388,1.0419831,16.211329663847373,0.9713674784748408,17.411234635299852,1.437719610641874,1.2333230350795802e-12,4859.99999999999
2019-06-03,387.2126902807096,892.820898350132,99.99999999999999,9.391548,1.9352405,16.527826,0.97388905,14.369088064715223,0.896737798137465,15.480940185117053,1.363079021094751,1.2480659349043824e-12,4859.999999999989
2019-06-04,284.3988265795396,558.6085975656649,99.99999999999999,10.103781,2.372903,16.27418,0.94307005,14.192520266772863,1.0155599773862163,15.29593304999987,1.481900358597592,1.279877612503116e-12,4859.999999999988
2019-06-05,281.7785885225615,517.0898304953582,99.99999999999999,11.273363,2.7548378,18.827024,0.9596136,16.162680768555344,1.1532548043071176,17.360260489110793,1.6196065984943413,2.545233778445789e-05,4859.999974547651
2019-06-06,320.4235500285566,946.920270366622,99.99999997340403,10.881851,2.5819483,18.924242,1.0112542,16.89087792628841,0.998519266199996,18.123262981766043,1.4648764023666558,1.276842730390116e-12,4859.99997454765
2019-06-07,334.5143901961794,713.8816938026333,99.99999997340403,10.793684,2.553961,20.488777,1.0362444,17.395339266219302,1.077933999358781,18.65183584933081,1.5442951917603076,4.574278386259074e-12,4859.999974547645
2019-06-08,264.44125469655006,606.0560702333257,99.99999997340403,10.157841,2.366095,21.801422,1.0809156,18.26431386635909,1.0406613302543295,19.562344464916205,1.5070301922429972,1.1562021972846835e-08,4859.999974536083
2019-06-09,199.70941223513307,465.106580495358,99.99999997339194,9.339905,2.039496,22.494606,1.117816,18.542959727845055,0.9934374739771833,19.854308646077975,1.4598089781358294,1.193744757224291e-07,4859.999974416708
2019-06-10,354.4287412904036,641.6197239302587,99.99999997326721,8.451029,1.8673513,22.702055,1.0266025,17.631043437245108,0.9374637999653217,18.898805874017246,1.4038269873521558,3.457142800923862e-11,4859.9999744166735
2019-06-11,744.5438594151299,1353.8357306121766,99.99999997326717,8.801314,1.917563,20.663454,0.988737,16.454547661296807,0.9326636555042798,17.666077621628236,1.3990175179776112,1.1878265082785708e-12,4859.999974416673
2019-06-12,283.3538313009354,449.94084898617575,99.99999997326717,8.680801,1.7422342,20.493155,0.9668272,15.928720053203444,0.8973023322378216,17.115117251319766,1.363652538831415,1.1923752973171244e-12,4859.999974416672
2019-06-13,329.55001194057263,612.8762522638815,99.99999997326717,7.7705197,1.3323113,19.759474,0.9807603,15.567145863633902,0.7898390020975914,16.736261051468336,1.2561868782772043,1.16047272940333e-12,4859.999974416671
2019-06-14,330.91386217341955,523.2721457293395,99.99999997326717,8.148979,1.4162991,17.851856,0.92932683,14.092936643517453,0.7906665760198177,15.191589669962438,1.257006498215509,1.1999777747278542e-12,4859.99997441667
2019-06-15,269.12152581742083,413.1949458117769,99.99999997326717,8.445885,1.4165457,19.509525,0.96767795,15.145767480397243,0.8096704846691546,16.29474222192291,1.2760158336423284,1.1960681602842268e-12,4859.999974416669
2019-06-16,969.4736841976013,2165.012030495358,99.80168866530039,9.299673,1.7183871,17.573515,1.1083772,15.014475696013514,0.9319680586273961,16.157175139044153,1.3983126616742252,1.233795878888321e-12,4859.999974416668
2019-06-17,773.4941864512447,1540.967699430007,99.99999997326717,9.7579155,2.1164277,17.136292,1.1126059,14.670434977280085,1.024223062272974,15.796690449999627,1.490565804188434,1.2579104849774125e-12,4859.999974416667
2019-06-18,1280.3554241976015,1839.9366804953584,99.85214396700106,10.884199,2.4134657,18.076231,1.1263272,15.125110820965157,1.1924114529200454,16.273098244781227,1.6587566832268064,1.2948112220022301e-12,4859.999974416666
2019-06-19,695.7175264750545,1363.6403804953584,99.99999997326717,11.174023,2.5166528,17.132963,1.0879773,15.119840869358917,1.1143882036653554,16.267576407502638,1.5807334037759309,2.871101316363549e-10,4859.999974416379
2019-06-20,1184.66215251097,1396.2576081615457,99.75221551603033,11.843016,2.7185755,20.050295,1.1671174,16.28309017729696,1.3984957719820343,17.486425055991283,1.8648484076336724,1.8313369812585806e-05,4859.999956103009
2019-06-21,951.2546128150137,2406.957105527703,99.99999995413063,11.200207,2.4892125,16.721598,1.1757153,15.157596048775577,1.0987605668425218,16.30713615543579,1.5651059839870607,5.40640637514643e-09,4859.999956097603
2019-06-22,971.5531970319475,1387.0353304953585,99.90651629991277,11.56045,2.579911,17.578655,1.1073114,15.099627271605675,1.2463620982494361,16.24639666887352,1.712707182833101,2.079512834347456,4857.920443263256
2019-06-23,544.4917038038197,896.632630495358,99.9978270044548,10.677349,2.3866415,18.11948,1.0750992,15.307662641110621,1.1227408242643897,16.464375417907466,1.5890871201776524,1.3340811894277906e-12,4857.920443263255
2019-06-24,974.122840779138,759.7510504953578,99.61575207463322,11.509468,2.5413635,22.580511,1.2830112,16.360591682639043,1.5344807186444651,17.56763086836308,2.0008339046752432,4.649156581537921,4853.271286681717
2019-06-25,387.7894737036014,572.3691704953582,99.7871348190981,10.0676155,2.2502275,19.103163,1.0440623,15.45388028871636,1.1015097647191436,16.617581769248737,1.5678569416351853,1.4245552891288921e-12,4853.2712866817155
2019-06-26,387.78947370360135,569.1840498968419,99.91725655940367,9.440989,1.902232,21.238665,1.0951039,16.45795284388193,1.0091709928411847,17.669645560300893,1.4755248800199354,1.3754066966388713e-12,4853.271286681714
2019-06-27,458.96370089196836,550.0319380572001,99.99296895160053,9.015709,1.6983392,24.434498,1.2064523,17.420924981009115,1.0145583970715693,18.678644473827184,1.480919802955098,5.576699870824087e-12,4853.271286681708
2019-06-28,969.4736841976026,544.0781382685133,99.37700252700492,9.373444,1.7321674,31.400522,4.2910843,17.291541784113942,1.900096817162816,18.543077202394752,2.3664571511780434,2.4998017563605194e-12,4853.2712866817055
2019-06-29,421.01272370387034,535.5636274138154,99.31212243832053,8.582798,1.5954823,25.132664,1.304059,17.848661737119556,1.0129964308260797,19.12682558473475,1.4793615165264558,2.703601601757295e-10,4853.271286681435
2019-06-30,457.13255370360724,488.4368604953581,99.24129133461453,8.200579,1.4358695,26.117598,1.4219234,17.455671255854217,1.0106215895274766,18.71505150183568,1.4769832865254815,7.229398889382151e-12,4853.271286681428
2019-07-01,387.7894737049721,510.07927049535806,99.1363262143194,8.3900585,1.3705714,25.351282,1.291938,18.02573034326685,0.9429141333956987,19.312357464977133,1.409280803647895,1.3721550219643758e-09,4853.271286680056
2019-07-02,387.78947981239764,487.431300495358,98.99230979697785,8.045778,1.2355528,27.808695,1.6177218,19.0522172663564,1.054230457268659,20.387906954120353,1.520607019705655,6.108797648635801e-06,4853.271280571258
2019-07-03,387.7907750256501,485.50880049535806,98.80609189083687,8.198914,1.1725295,29.17343,1.8115222,19.85964529591552,1.1337393929734423,21.233927283437755,1.6001245831221504,0.0013013220500767337,4853.269979249208
2019-07-04,388.0531786443615,424.3584104953581,98.517307519989,8.318312,1.1169956,32.413197,2.4520695,20.90413294521674,1.3875066427616716,22.32833787197316,1.8539040995191598,0.2637049407614861,4853.006274308446
2019-07-05,391.24540983697483,398.70391049535806,98.21210609767745,8.274415,1.0272506,34.620144,4.1226587,21.57165429043245,2.142089585490436,23.02776445568261,2.60849553499488,3.455936133374873,4849.550338175071
2019-07-06,402.75715324441563,416.453440495358,97.90788059906842,8.100494,0.9544251,35.385216,4.7920456,21.97094012387687,2.480861619845528,23.446134787075334,2.9472728928743765,14.967679540815638,4834.5826586342555
2019-07-07,392.8745930900124,411.04084049535805,97.58619584829685,7.884798,0.88638043,34.851948,3.7469506,21.673064115669277,1.9641719350176168,23.134021323913615,2.43057921931345,5.085119386412431,4829.497539247843
2019-07-08,387.78947826341414,257.506040495358,97.34093431661073,7.769153,0.8189251,35.937256,5.100041,19.009672220320358,2.0938347694346584,20.343328400316754,2.5602108979340708,4.559814150563657e-06,4829.497534688028
2019-07-09,144.25114823471367,243.90384049535805,96.97093843247771,7.863075,0.78739536,29.699163,2.926754,21.584155377641387,1.8622106398615537,23.04086305212731,2.3286167532743343,5.293253543113679,4824.204281144915
2019-07-10,142.32416458908588,222.8791304953581,96.73528639509425,7.944163,0.7553216,30.05401,2.6599033,21.437533969807266,1.6497791141739544,22.887233642198925,2.1161833163970205,2.685669897485882,4821.518611247428
2019-07-11,209.21603685548928,412.193540495358,96.50805801937338,7.737825,0.7112953,28.91495,2.18096,21.785039899415853,1.466362190999712,23.251349167353208,1.932770962817775,9.527142163889279,4811.991469083539
2019-07-12,175.26731489284188,299.85337049535804,96.24336262975461,7.7155576,0.70622104,28.114714,2.0821803,20.58966703423281,1.339659598788902,21.99884156539214,1.8060532311795232,0.06696420124193002,4811.924504882298
2019-07-13,161.39189184932627,236.84658049535804,96.01506592051719,7.98484,0.723928,28.808638,2.2417016,20.369492885076376,1.3651182425859019,21.768143844533704,1.831509264627842,0.022757157726278086,4811.901747724572
2019-07-14,157.73671781743096,224.08327049535805,95.8187795544733,7.952255,0.7188243,28.969656,2.2120934,20.286988799984822,1.331767975895311,21.68169634620088,1.798158034058079,0.014833125830966395,4811.886914598741
2019-07-15,152.1273039161387,223.66818212020368,95.57469546629228,8.094507,0.72821265,28.42741,2.1066437,20.196364742890886,1.2880326286342783,21.586740768960695,1.7544216370231105,0.009172595997401512,4811.877742002744
2019-07-16,176.57478530810738,257.40438148032496,95.2748083212954,8.282808,0.73020226,29.3716,2.2112625,20.79112112514802,1.3447868813113077,22.209924473216738,1.811182950664648,0.1717824989439635,4811.7059595038
2019-07-17,304.6763805543828,462.915390495358,95.06184609225474,7.888269,0.58575886,28.683027,1.6504842,20.42906736539514,1.0221596284212555,21.830565781366534,1.4885513512990065,0.030715862782756637,4811.675243641017
2019-07-18,225.79576734173122,516.0492004953579,94.98344728478814,7.8918414,0.5815201,23.764183,1.1472101,18.93310955350317,0.8174258577961391,20.263106299742084,1.2838012106093981,2.6501312029376076e-06,4811.675240990886
2019-07-19,152.10682180355172,355.204730495358,94.73781096759181,8.227655,0.69274706,26.75736,1.3724866,21.20161363775337,0.9831656484292247,22.640037124726163,1.44956682705194,0.9587171119517334,4810.716523878934
2019-07-20,181.21714347653435,444.6839804953579,94.47221585556932,8.302616,0.7253425,28.57696,1.870485,22.706929228966732,1.3454148531389218,24.217301655535596,1.8118364164177543,42.259248784934364,4768.457275094
2019-07-21,158.24137531848572,310.9148204953581,94.14277706802908,8.323856,0.7400054,31.816126,2.7697153,23.89243420643544,1.8524123263866503,25.459469718481273,2.3188517667845474,17.37746062688575,4751.0798144671135
2019-07-22,240.73349385812443,445.8158904953579,94.03306110177726,7.8496604,0.6154556,29.216785,2.7018945,21.72456013663886,1.7677173661881884,23.187978678655202,2.234125332793435,7.755029166524414,4743.324785300589
2019-07-23,138.95828213102737,485.532620495358,94.07337582934841,7.8266993,0.6436355,23.021978,1.1787719,19.640808413560134,0.927600911364549,21.004630746162242,1.3939836895096305,0.00038743942737905516,4743.324397861162
2019-07-24,138.95870187995743,375.5734104953579,93.90547944790633,8.289814,0.7452538,24.002085,1.1504493,19.758701874806743,0.8635327333773309,21.1281591118578,1.3299168041317737,0.0008071883574356036,4743.323590672804
2019-07-25,138.98286339152259,307.85481049535804,93.67827199315344,8.405451,0.7719899,25.77199,1.360653,20.370360867002955,0.9677036041010044,21.769053313029325,1.4340946363247777,0.02496869992259934,4743.298621972882
2019-07-26,139.70522205916646,268.383970495358,93.4325936619927,8.474508,0.7789696,27.692713,1.6901345,21.11355416849804,1.1430756857411013,22.54776871385667,1.609475752084994,0.7473273675664596,4742.551294605315
2019-07-27,145.14802562303197,253.55485049535807,93.17690889507251,8.556524,0.7834775,28.977243,1.9824349,21.543068142845282,1.2925901339377925,22.997811987957636,1.758995709305579,4.90395093143199,4737.647343673883
2019-07-28,160.97778851379894,242.69330549535803,92.87463781148874,8.569014,0.7744748,30.31613,2.2433784,21.643716161424763,1.3836633568543653,23.103270637777175,1.8500702536533364,17.833329822198934,4719.814013851685
2019-07-29,200.5639857108316,240.57987049535805,92.54871205694646,8.62982,0.7659187,32.188198,2.743324,21.47749189674563,1.5360753093646171,22.929101421455602,2.002480029997458,43.75496101923159,4676.059052832453
2019-07-30,191.56932005005325,261.974730495358,92.18259426016934,8.687595,0.7637058,33.192432,3.41861,22.842004560218072,2.000821567286109,24.35883312588883,2.4672450863741595,36.52305035845326,4639.536002473999
2019-07-31,244.21214031437705,280.041780495358,91.91085842585306,8.363857,0.7355405,33.262726,3.975386,21.66413640370752,2.1510046118671395,23.124666897837944,2.6174117781813706,33.19666562277706,4606.3393368512225
2019-08-01,186.60151032288968,250.63786049535813,91.62816909272891,8.655175,0.76884127,30.914465,2.2247052,21.414823880479815,1.316798885929661,22.86343808823218,1.783202794328038,3.157709631289705,4603.181627219933
2019-08-02,161.58928852961228,232.6047004953581,91.36976273402243,8.6933155,0.804953,29.773897,1.9555773,21.132476226298103,1.2001910259165798,22.567595181337754,1.6665913305170894,0.9652638380123155,4602.216363381921
2019-08-03,156.7354228292589,193.08980449535804,91.1237203293035,8.658164,0.8352813,30.285238,2.1740518,20.595460739805347,1.2569939445570955,22.00491219028625,1.7233876463853566,0.08913213765894513,4602.127231244262
2019-08-04,161.10293932952703,181.28695621856463,90.9010543076192,8.713156,0.86020625,29.410076,2.0462184,19.671661678659355,1.1565570642110607,21.036958691866595,1.6229401791027251,0.0005534656919991138,4602.1266777785695
2019-08-05,172.69354352920988,195.5550832810183,90.65404084479243,8.8154545,0.85434556,28.193737,1.7537873,19.106115143863402,1.0138558534021258,20.44438096593151,1.4802329685415931,1.2165633935411941e-05,4602.1266656129355
2019-08-06,221.35517473643398,504.2828404953579,90.42639647233925,9.089355,0.72891843,24.955893,1.1493946,20.115820767828964,0.8291443022416598,21.50234706721662,1.2955323855039775,0.007620044833958272,4602.119045568102
2019-08-07,359.5914579375455,598.634920495358,90.2545896691447,8.581745,0.68441683,25.714916,1.0547088,19.285389650798894,0.7071985534785317,20.632224181479277,1.1735775309095406,4.3245945481171935e-05,4602.119002322156
2019-08-08,312.4793718631889,442.8031704953579,90.09673407187384,8.680728,0.7307365,26.655012,1.0728444,19.21859898363073,0.697866629612596,20.562241148732948,1.1642449089314126,2.717158890703508e-05,4602.118975150567
2019-08-09,282.8681543487029,430.7516804953579,89.88386185439144,8.577671,0.7722662,27.062065,1.1710337,19.73512971644009,0.7702909932573565,21.103460284898613,1.2366748042904823,0.0008196571029108028,4602.118155493465
2019-08-10,202.66381108092156,343.21208049535795,89.6613576034979,8.710087,0.85428137,25.417461,1.11474,19.214622514994783,0.7692998324542731,20.55807461848908,1.235678070370961,2.6389321548941235e-05,4602.118129104143
2019-08-11,180.64624586875016,299.465385495358,89.42070051866453,8.861473,0.896711,24.786068,1.0756135,18.794298353304136,0.7509649861529516,20.117660398675888,1.2173389497084703,1.1771501412970502e-06,4602.118127926993
2019-08-12,175.2562917371679,269.9597804953581,89.15404702272951,8.94688,0.89081275,25.577696,1.1017716,19.03108795001914,0.7545046160568458,20.365767728689125,1.2208809627269805,7.045567922069268e-06,4602.118120881425
2019-08-13,192.93867993292582,265.43311607709376,88.86857283894787,8.727201,0.97533596,27.474503,1.4492935,19.5833549004885,0.9342863514877466,20.944431151560796,1.4006685054595616,0.00031494180136470827,4602.117805939623
2019-08-14,179.33236843730015,289.310402743445,88.59327584778158,9.033087,1.0484087,25.437435,1.248991,19.160093798944587,0.8691757730706027,20.500939616208775,1.3355534450700242,1.7961606267266075e-05,4602.117787978017
2019-08-15,198.5818674125162,284.3965010141628,88.29641967628274,9.111136,0.8996199,26.606228,1.2488818,19.41292863925095,0.8231746403193977,20.76585909760912,1.2895549649883837,0.0001035092515824496,4602.117684468765
2019-08-16,208.09342303125217,320.3045343963961,88.03136188196669,8.807622,0.9757876,26.288008,1.3033594,19.403890828099524,0.8785707621701117,20.756389309978864,1.34495099075731,9.705468937727535e-05,4602.117587414075
2019-08-17,189.8509113994534,233.8284804953581,87.78268568823735,9.131262,0.96047765,27.45582,1.4443047,19.24457792070418,0.9058819815104926,20.589461790193955,1.37226053176128,3.270785339403127e-05,4602.117554706222
2019-08-18,197.42133883433053,264.89301049535806,87.6035499256612,9.047184,0.90151805,29.362467,1.8908014,20.687264886724495,1.1497423467379717,22.101104261611358,1.6161371539621603,0.1374441427305175,4601.9801105634915
2019-08-19,168.93486408206329,436.223030495358,87.35946466676873,9.02048,0.9367146,26.407835,1.4274272,21.554010154090246,1.0616562117109116,23.009276989936716,1.5280619301778273,5.058879390463307,4596.921231173028
2019-08-20,156.53333046788643,277.65643049535805,87.04691745676516,9.093313,0.94039154,27.354744,1.5489318,20.771165002191246,1.0469276615026655,22.189014515799222,1.5133234873789776,0.20249577628643875,4596.718735396742
2019-08-21,168.002979700876,297.94241049535805,86.77635121384296,9.040009,0.9712929,27.324759,1.6020454,20.731941978289253,1.0826157442860216,22.147916765431916,1.5490110929441194,0.16930500927603367,4596.549430387466
2019-08-22,142.26384406703718,278.88268049535804,86.52501232804184,9.102976,1.0648355,26.177603,1.500848,20.409771572982706,1.0569499004523297,21.81034771603615,1.523341395889548,0.03622937543717808,4596.513201012029
2019-08-23,146.1507047996041,251.39478049535805,86.29689572431222,9.221346,1.1581455,23.885529,1.155976,18.494496064330143,0.8459581098799555,19.803528585111795,1.3123291481193888,1.0800412129512161e-07,4596.513200904024
2019-08-24,149.3325246917378,239.5007504953581,86.01552011582201,9.304775,1.2185694,22.439257,1.0023859,17.394921736820102,0.7747404502090952,18.651398363453577,1.2411016391330492,1.3779823210223192e-10,4596.513200903886
2019-08-25,163.8013214053484,258.4585780128664,85.70947936924985,9.322512,1.2579551,21.768589,0.9362627,16.940557945718446,0.7526859926073423,18.175317536302185,1.2190435153186654,1.345674392508395e-10,4596.513200903752
2019-08-26,190.93908889874945,284.0690648056864,85.40611997985981,9.351898,1.2164434,21.731586,0.91778576,16.755321566229156,0.7350825827157959,17.981227491072193,1.2014386785186182,1.3507388898508456e-10,4596.513200903616
2019-08-27,226.59551924325325,331.7079513344481,85.06448644878256,9.334381,1.3163993,21.448446,0.87105006,16.531778131713043,0.7438303523810355,17.746999444531212,1.2101847784401953,1.3547049960728213e-10,4596.5132009034805
2019-08-28,247.70131381502685,358.87766759320255,84.67208017784186,9.54081,1.4702027,21.523552,0.88063556,16.63030455820012,0.7949249964960328,17.850235097408632,1.2612801514490217,1.3617692887984834e-10,4596.513200903344
2019-08-29,253.5909135758475,367.96010499620274,84.26678821861665,9.596819,1.4004153,21.719833,0.9499719,16.773680575898947,0.8017084710089182,18.000463998647064,1.2680647064826205,1.3612007905563021e-10,4596.513200903208
2019-08-30,269.5927101664216,382.1416954611967,83.83539397728275,9.462116,1.289173,22.810587,0.9798003,17.288935228497852,0.7838565953127207,18.54034606233028,1.2502169079307892,1.358305110188239e-10,4596.513200903072
2019-08-31,275.7243291985148,387.60969570986754,83.40914272525785,9.395411,1.2772082,22.47601,1.0056556,17.038870306507476,0.7919377398968114,18.278328891872935,1.2582960358650683,0.0,4596.513200902938
2019-09-01,279.9810208515568,396.15165275207937,82.97882292183021,9.485542,1.4082948,21.440771,0.9962465,16.490208445358256,0.8251034356564538,17.70344286926753,1.2914575575150808,,
2019-09-02,209.5429437543895,393.697709557957,82.68648024258924,9.686708,1.3048238,19.679756,1.0153612,16.20855006525906,0.8028416520709637,17.4083221814006,1.2691937648543101,,
2019-09-03,192.1751890197931,382.90747047968046,82.38876820803544,9.581501,1.3217299,19.851524,1.00511,16.419593925038306,0.8018450506411245,17.62945321625995,1.2681986602833557,,
2019-09-04,236.02006082922452,397.95370770730113,82.02219169412476,9.5672245,1.4055359,22.188189,1.0199453,17.489570328083662,0.8268627669749901,18.75057083383951,1.29322474931989,,
2019-09-05,244.86904792134845,393.0173074180453,81.6381568054715,9.630215,1.4590791,21.359652,1.0140264,16.857006202402108,0.8390772043440009,18.08777230526267,1.3054340785835885,,
2019-09-06,251.7930471048673,385.9749792835655,81.24114662617978,9.732288,1.5123754,20.624777,0.97224563,16.32438429722236,0.8382910649475328,17.529692893692232,1.304643992995595,,
2019-09-07,244.90117964699945,364.0715064413912,80.84604892851236,9.918419,1.576996,19.714779,0.99201906,15.775127452815688,0.8682981237062307,16.954183449663518,1.3346473220999437,,
2019-09-08,253.69018454757307,372.3350258714832,80.43935628648354,9.984081,1.5949076,19.976213,1.0555477,15.92700614481259,0.9010324512282321,17.113321423966536,1.3673826464226813,,
2019-09-09,263.7977212682717,376.96611726796766,80.04251117224655,10.184904,1.6609113,19.926699,1.1082826,15.91607408582473,0.9448173887055392,17.101866849928427,1.4111675112703013,,
2019-09-10,265.5746070205847,370.976577829877,79.62693191556663,10.155592,1.6524937,20.793436,1.2227571,16.35523637403246,0.9915323370894626,17.56201959431131,1.457885484868438,,
2019-09-11,260.4217802327417,362.623088742546,79.20961716040192,9.815979,1.4672704,22.879827,1.3900671,17.419368949301575,1.0152240852587768,18.67701406912305,1.4815854781377142,,
2019-09-12,263.48281147168024,382.5292088365904,78.82401011188627,10.038591,1.6104137,22.200407,1.6547118,17.240082332118128,1.1796039872426,18.489158164498875,1.6459639002657234,,
2019-09-13,275.53980380212266,392.3747385307268,78.41130501281604,10.625904,1.715291,20.638662,1.350273,16.508023955289502,1.062991106368039,17.722109899674216,1.5293453583558283,,
2019-09-14,290.5153787009431,391.3991345893809,77.98032422577722,10.665831,1.7759367,19.261904,1.2418411,15.59972705587516,1.0394714057465722,16.770399513325494,1.505819485788755,,
2019-09-15,264.4579758949044,355.218191581998,77.57590274590734,10.438639,1.7307371,20.621447,1.9437512,16.27574975457459,1.3368063682682665,17.478733786154766,1.8031589521477929,,
2019-09-16,272.1747622251236,373.0030450187687,77.13088002121131,10.723045,1.7220799,20.163858,1.2182953,16.181156246615632,1.011864897172474,17.3796190318671,1.4782168193961278,,
2019-09-17,252.0822178801769,407.7331839010704,76.71359550174995,10.605452,1.7690402,18.958143,1.4956967,15.767000634647815,1.1450137551507058,16.945668197367358,1.611362900950553,,
2019-09-18,259.3566331712911,413.7046500433568,76.29501559262319,10.602198,1.7569447,18.255728,1.273518,15.306525587515873,1.0349407829124526,16.46318401703771,1.5012870720704556,,
2019-09-19,269.97132281521533,424.3510877118777,75.79919963628429,10.630383,1.767327,17.644915,1.2637246,14.91747492709129,1.0338054354373507,16.055538064947985,1.500149500043282,,
2019-09-20,293.10483243040034,452.0371542066246,75.30806186409879,10.683065,1.8128926,17.64392,1.2869724,14.905838201714511,1.0573900373559517,16.04334514387635,1.5237340380905766,,
2019-09-21,296.52843323988463,452.4911879818607,74.8296388117796,10.703642,1.8607845,19.101011,1.4721816,15.77658730062279,1.154832088954895,16.95571307320556,1.6211812968042247,,
2019-09-22,266.0792453735015,403.051901401238,74.38489591616423,10.696529,1.8704253,21.006441,1.7646118,16.90671635288248,1.2973002135954383,18.139858431010357,1.7636574726894532,,
2019-09-23,227.72447206576652,350.1568150903942,73.97433533242376,10.658319,1.8510749,21.754202,1.47622,17.381670676494142,1.154212656400706,18.63751394774052,1.6205737350610867,,
2019-09-24,288.4579183670529,488.6015710907941,73.4674478814147,10.855839,1.7487913,19.963032,1.2024078,16.582284260254795,0.9965205686591656,17.799919593370696,1.4628753669734673,,
2019-09-25,291.8849371994625,465.7615843333069,73.00678940243226,10.804808,1.8022561,18.822126,1.4002535,15.733437262133075,1.1059231451582707,16.91050061037706,1.572272074548084,,
2019-09-26,303.4851260030985,478.2403551721032,72.52633866940103,11.086262,1.8040389,17.445896,1.0634753,14.976929109078068,0.9559352393526688,16.117833953599778,1.4222796327058889,,
2019-09-27,267.5511726593812,438.2809828492872,72.09867739498382,11.021162,1.8073502,16.960608,1.3570188,14.70921448163767,1.0859899927723267,15.8373234821044,1.5523329377009618,,
2019-09-28,259.6193972321146,418.1525399506043,71.66775170857474,10.96192,1.888677,18.489037,1.2929986,15.605787176383508,1.0769121926055922,16.776749286878655,1.5432603107002356,,
2019-09-29,269.55033331496145,426.7726553770675,71.22547477680084,10.9951935,1.8323276,19.55454,1.295678,16.241171816180117,1.064767174412838,17.442503140503806,1.5311195152424553,,
2019-09-30,291.18929703111473,453.98687495922553,70.74128055124238,11.873541,1.8104634,19.097666,0.8911014,16.274725477021352,0.891761546450354,17.4776605516358,1.3581141231105345,,
2019-10-01,287.5704049612102,458.0714641409811,70.27826107232062,11.414213,1.9857465,18.143297,1.882854,15.548103047457536,1.3872482917426687,16.71630805377335,1.8535960493323262,,
2019-10-02,285.3836863440086,472.7373623837412,69.83165199430017,11.620468,1.9242377,17.901318,1.1228955,15.536982805365314,1.0074531611018476,16.704656302121766,1.4738008496315227,,
2019-10-03,293.27792795105864,541.1607268112135,69.4425131854693,12.38813,1.9276772,18.601534,0.9301117,16.417725466248612,0.9071311933643451,17.627495451527114,1.3734847895307811,,
2019-10-04,257.4946366082986,560.4165916152375,69.10281447432634,12.245619,1.7606738,13.560751,0.8058796,13.146721344051278,0.782392232433949,14.200148513656972,1.2487283590782352,,
2019-10-05,355.0786846631257,647.0098280132006,68.61797843534468,12.251934,1.868221,12.161169,0.9015944,12.19333059892257,0.8815273685094782,13.201188949914336,1.3478607065140749,,
2019-10-06,373.1083660580885,644.8733585939381,68.10794815978942,13.004858,2.0979424,13.091061,0.77153325,13.059465848006674,0.9111186583518407,14.108722503169428,1.377454486556955,,
2019-10-07,253.07732917180027,853.1264695504567,67.89341274522765,12.712215,2.120861,13.532766,0.67990494,13.345040685133764,0.7144080568183534,14.407946841322447,1.1807448941603083,,
2019-10-08,222.88984441224812,779.05548440639,67.78847814266217,12.601263,1.9676324,13.216304,0.84557796,13.079483642060143,0.7898507939094865,14.129697079351248,1.256186689811568,,
2019-10-09,376.5992941499375,863.4230055477118,67.3779848951162,13.044987,2.0627306,12.8203125,0.75599843,12.888546881360842,0.818258203271013,13.929634194175184,1.2845934721184826,,
2019-10-10,421.9845505363125,806.26558481951,66.88900999481608,13.055725,2.1393063,13.046305,0.87159437,13.049541226812195,0.9314305077036904,14.098323519007472,1.3977663025152693,,
2019-10-11,329.16026718861474,662.9183630453322,66.45086583865255,12.907394,2.054995,13.299076,0.86509305,13.169120611474224,0.8938919763050384,14.22361838949467,1.3602281809659535,,
2019-10-12,340.2760768899353,662.8333253559393,65.98943108573425,13.324377,1.9715708,12.828639,0.7903457,12.996803929976892,0.8485459770815638,14.043065559656872,1.314881596336917,,
2019-10-13,337.4824529032577,652.8944853618757,65.52445562525293,13.01503,1.9872205,12.331604,0.9328058,12.564489323948322,0.9147185605675985,13.590087793253689,1.3810528606177708,,
2019-10-14,339.6771316346884,639.6462823707161,65.051838623162,12.969545,1.9934725,12.38719,0.9380689,12.589179159715044,0.9238412308512429,13.61595771877208,1.3901756004868266,,
2019-10-15,338.8695646864096,628.7875256544373,64.57546633845087,13.015692,1.933191,12.509793,0.8443255,12.68695686349888,0.8713986429776408,13.718408862560423,1.3377332950362224,,
2019-10-16,378.9480655687578,997.279689716136,64.55442691856683,12.386084,2.3560724,11.248054,0.60871106,11.561413229144495,0.7845047764125272,12.539068089962337,1.2508368389768543,,
2019-10-17,38.7789474072,3907.041430495358,66.83171093020187,12.807777,1.768104,10.918733,0.9311251,10.93729789963846,0.9221378811539251,11.885122181137438,1.3884691323312712,,
2019-10-18,38.7789474072,968.8782304953576,68.00569334104377,12.288979,1.6054342,9.828513,0.86300474,9.923202352894158,0.8320895955072688,10.822556333770967,1.2984204783795414,,
2019-10-19,176.72971072678763,618.3058351162014,68.39981152689133,12.361195,1.7404166,9.582678,0.7864398,10.200318734697202,0.7237100014345457,11.112917931349234,1.1900408681551626,,
2019-10-20,525.4115952962944,595.0828825961262,68.31278223159322,13.308216,1.9923326,9.218692,1.1219732,11.136312584046951,1.1080778016195443,12.09364908716299,1.574409263145432,,
2019-10-21,282.19490567121863,581.909082635432,68.38364943897238,13.066351,2.0392873,10.150849,0.84924054,11.10297976714468,0.877837918201393,12.058723075555324,1.3441693413378335,,
2019-10-22,185.1979000015807,672.5752104861309,68.48288480783559,12.924471,2.007406,11.602451,0.67040056,11.887882572461622,0.681292795583522,12.881141551910401,1.147625460054504,,
2019-10-23,63.76770740720007,1679.7917204953576,69.00864106516711,12.498762,1.7321941,10.460905,0.8299193,10.535436215442578,0.8020722543305645,11.464052882132439,1.268403218853665,,
2019-10-24,38.7789474072,745.603260495358,69.3641596092644,12.428831,1.8030852,10.012281,0.7662329,10.131752833828541,0.7337859923225807,11.041074814799858,1.2001168548618366,,
2019-10-25,178.83717692915013,649.0228804446949,69.55763570759586,12.962091,1.8143255,10.330233,0.68726057,10.898775815757597,0.6662700602298413,11.844758873328226,1.132601275924286,,
2019-10-26,266.35838794279914,748.5270240613937,69.617196876344,12.970871,2.0092437,10.71734,0.70840317,11.308783350180107,0.7423363637353693,12.274363366355491,1.2086680441952484,,
2019-10-27,608.0719952689648,1711.7548525874947,70.1521861257759,13.756794,2.3635294,10.890477,0.61339974,11.641794880951302,0.7672515938958289,12.623291709954577,1.2335837933462024,,
2019-10-28,38.7789474072,1440.746920495358,70.87400755852362,12.9699745,2.0223715,11.142247,1.0488099,11.190152642606826,1.0226947948816338,12.150062516478993,1.489026321099277,,
2019-10-29,38.7789474072,1007.527930495358,71.47055356222124,12.918062,1.9621722,11.887748,1.2190835,11.925933989430774,1.1761514852984836,12.921011696538416,1.6424842278566243,,
2019-10-30,38.7789474072,809.905370495358,71.86007103496964,12.788765,1.9925581,12.543969,1.1509254,12.555154613102202,1.1021033023377926,13.580306915138237,1.568437576260809,,
2019-10-31,566.8837474072001,3157.3912304953587,72.84050177361375,12.818434,2.1988914,13.261206,0.8917378,13.193809951367028,0.8267803047474737,14.249487795438062,1.2931165960661868,,
2019-11-01,38.7789474072,9202.143130495351,78.05235550882689,11.579157,1.5212479,8.359608,1.2187093,8.373118331861345,1.2136119112206023,9.198383595229936,1.6799445042067211,,
2019-11-02,54.9368420988,4641.761230495358,80.55398929138421,11.269621,1.4016452,7.885907,1.0206966,7.925486158987301,1.0088908515768025,8.729356134646547,1.47522444981217,,
2019-11-03,54.9368420988,2773.957930495357,82.29843049295931,10.7158165,1.2948906,7.1801615,0.68922305,7.24882352872304,0.6763060863438157,8.020351343711143,1.1426416392301175,,
2019-11-04,54.9368420988,1743.0034304953583,83.60471579066817,10.492876,1.2638803,6.9965487,0.6746095,7.103380447474773,0.6551357044996493,7.8679565803515095,1.1214717459009056,,
2019-11-05,54.9368420988,1451.212160495358,84.55842965794092,10.083487,1.2466956,6.910244,0.64579284,7.02598813131405,0.623896909721849,7.786865176030702,1.0902332209311456,,
2019-11-06,54.9368420988,1108.4202304953585,85.30431038469273,9.425629,1.2294536,6.4886084,0.6834398,6.627302338573736,0.6537490453242795,7.369123565236605,1.1200868549909178,,
2019-11-07,387.7894737036,1132.062880495358,85.47314319844558,8.699837,1.3905927,4.862984,0.59960526,5.841954951610289,0.5703994451930384,6.546239257752047,1.0367407383429628,,
2019-11-08,387.7894737036,1047.297780495358,85.55511752654851,7.4223638,1.2773645,2.3611023,0.85050833,3.728757093104705,0.7102045507793036,4.332037765215404,1.1765587198664298,,
2019-11-09,387.7894737036,761.616730495358,85.45013876075633,7.939367,1.3032614,1.0851287,1.011277,3.397628280936068,0.8014701160979967,3.9850821277323245,1.2678267656102271,,
2019-11-10,387.7894737036,710.3344304953581,85.24895486073285,8.39682,1.4075335,1.8414104,1.359793,4.156375819117778,1.0103243935237436,4.780095204590412,1.4766755449222122,,
2019-11-11,387.7894737036,676.3293004953581,84.98343470395177,8.221197,1.4052019,2.829022,1.4664893,4.79405518891286,1.0634766272714358,5.448253468463822,1.5298236670371033,,
2019-11-12,387.7894737036,678.6516504953581,84.56382741124467,7.2093554,1.2365927,1.0428827,1.90655,3.2851941769240645,1.293918413914665,3.867274057885305,1.7602759341665304,,
2019-11-13,54.9368420988,583.6322804953581,84.4306621787307,6.83964,1.0825701,0.17539442,0.75183314,0.7487272033803112,0.6934349633124617,1.2095726334847552,1.1598159687017722,,
2019-11-14,54.9368420988,559.9672404953579,84.23916185739749,7.141619,1.071922,-0.17283118,0.61319923,0.4806574185023528,0.566567261015077,0.9286900292403479,1.0329511782967957,,
2019-11-15,54.9368420988,571.7023704953579,84.03223991641954,7.3522453,1.0855561,0.20051587,0.4650482,0.8275009390773509,0.43482062411374767,1.2921114844735686,0.9012007894480966,,
2019-11-16,54.9368420988,539.5823404953579,83.8131024999975,6.911096,1.0052305,0.43715012,0.42287007,1.0353783330689068,0.39487540695855067,1.5099247073045983,0.8612533895243268,,
2019-11-17,107.54517221597916,509.1882811627155,83.48825149933599,6.8316007,1.0065184,0.16832554,0.5013117,1.3302587361974032,0.4495704474430839,1.8188993857044053,0.9159454184443252,,
2019-11-18,106.79366919495064,536.4624462378691,83.16678174530044,7.092956,1.1135787,0.593459,0.7662221,1.672508430533952,0.6652201103675422,2.177507445508188,1.1315917106991402,,
2019-11-19,54.9368420988,509.4220904953579,83.25189753681988,7.1512856,1.0677888,1.842572,0.7977104,2.3593423269261975,0.7275218038841734,2.8971696543237617,1.1938870439987532,,
2019-11-20,136.3099930065245,356.96750820055524,83.36441476127217,7.177397,1.0840206,1.8977942,1.2100731,3.356734867025894,0.9255053357936062,3.942234148424387,1.3918623003297896,,
2019-11-21,125.681910490561,404.5946121629311,83.35025506922162,7.3371053,1.1423616,2.4363618,1.347125,3.5978969089155806,1.0629030747758157,4.194922911545201,1.5292582091272826,,
2019-11-22,61.43988420771471,537.1674311884306,83.42363500888568,6.9788823,1.1144701,3.2694263,0.87383413,3.6501576520107313,0.7924446845206152,4.249681539515887,1.2587994310322466,,
2019-11-23,180.6987058856384,516.6929526507142,83.54673293787064,6.7336345,1.0769144,1.9699619,0.86974615,3.204260373432953,0.7022096207465565,3.7824718952456853,1.1685677767342812,,
2019-11-24,54.9368420988,1013.277830495358,83.91193009532161,6.5606546,1.0260751,2.8829818,0.9148351,3.0721195399925114,0.8693893213432088,3.6440151816676325,1.3357485313977406,,
2019-11-25,54.9368420988,841.114010495358,84.41402303841532,6.6405864,1.0460904,2.6303616,0.8370244,2.87622828101513,0.7883197387171588,3.4387609901319025,1.2546805481077834,,
2019-11-26,54.9368420988,892.079890495358,84.88308286180863,6.8394427,1.1024325,3.2748647,0.776713,3.481647357689493,0.7344452298849673,4.073117029149717,1.2008012381540858,,
2019-11-27,387.7894737036,1114.451680495358,85.1744313264848,7.277743,1.0750589,3.1256065,1.0574095,4.197441612106664,0.832091260118971,4.823123802107777,1.298442132723343,,
2019-11-28,387.7894737036,1958.240282333688,85.49569343857831,6.5274587,1.0001234,4.1978087,0.84679693,4.582890694742457,0.725899946033479,5.226996033301786,1.1922482958456508,,
2019-11-29,398.72141989869897,1674.9332996122291,85.58137630341189,6.178583,0.9447532,2.38608,0.86357635,3.1153008627459156,0.7207946112864225,3.689260424040682,1.187153474693825,,
2019-11-30,412.1174771891118,1512.1199874293527,85.56585251644674,6.085422,0.92799455,0.51473844,0.7623167,1.7078219933771646,0.6311596459959707,2.2145088759419305,1.0975309061625331,,
2019-12-01,391.04358486198737,1387.300997673815,85.54730276565763,5.623654,0.86928684,-0.53690326,0.7782965,0.8177534093919506,0.6365340750453022,1.2818980561894697,1.102914343944109,,
2019-12-02,387.7894737036,1296.3359694665214,85.70619607159892,5.3932514,0.8549811,-0.47012222,1.3346486,0.8799877669158325,1.0460234192161855,1.3471070032654844,1.5124030287618635,,
2019-12-03,387.7894737036,1108.576222465571,85.93153078577251,5.440092,0.8455666,-0.45209062,0.84718186,1.074893348945145,0.6647854616131632,1.5513284058643964,1.1311630348495534,,
2019-12-04,387.7894737036,1000.7289964069888,85.94224512089959,5.8482537,0.8525975,-0.48505962,1.496786,1.283726538438765,1.104726542234706,1.770143107955265,1.5711019818546084,,
2019-12-05,387.7894737036,940.7089598725538,85.9296521775172,5.7688103,0.8269579,-0.11395466,1.7848547,1.603227879510447,1.2867001069534443,2.104915520969476,1.753072378786977,,
2019-12-06,387.7894737036,826.6790046371909,85.86128898350502,5.5748816,0.79857194,-0.61320007,1.7349845,1.3627037596409437,1.2082043348622158,1.8528951703607828,1.6745789805795819,,
2019-12-07,387.7894737036,710.1374052757815,85.79740000716605,5.1167865,0.7666912,-1.4231912,1.3896787,0.8867390497869766,0.9387479826438191,1.3541809743797633,1.4051275209280816,,
2019-12-08,387.7894737036,682.070500495358,85.69229810214682,5.209618,0.7880658,-1.6152443,1.1282268,0.858546550811376,0.7739253023112563,1.3246409703243656,1.2403051385197186,,
2019-12-09,387.7894737036,1045.792720495358,85.85654417312969,6.095092,0.81760454,-0.811061,2.3498094,1.0570797681641226,1.7283855440420524,1.5326633968147205,2.1947633015853074,,
2019-12-10,387.7894737036,5851.51413049536,88.17443339474902,5.7497945,0.82346755,2.4903963,1.309545,2.6929766133297335,1.229219272171212,3.2467505191456327,1.6955816174295768,,
2019-12-11,778.2681935231938,4878.507588253246,90.0007485184807,5.424502,0.78060716,0.58199537,1.3631816,1.2482351047342293,1.180528231116912,1.7329553050410493,1.6469040298299973,,
2019-12-12,1276.170126109739,3546.3381682900804,90.13100752087058,5.739069,0.8042683,-0.78426445,1.9654337,0.9419914236703457,1.460911413296217,1.4120742228639658,1.9272903703369721,,
2019-12-13,1313.508294308482,3035.773215029758,89.84408679307056,5.599315,0.7315523,0.9849789,1.4364095,2.378535281443835,1.0266592217419908,2.9172799664595095,1.4930242918737484,,
2019-12-14,1244.4021948314137,4728.120015029758,89.84486827163755,5.656482,0.71649206,2.9933615,0.90865195,3.548234805611926,0.7346575622585135,4.14288712946504,1.2010130680589535,,
2019-12-15,1253.3504091647778,4339.236015029758,90.12143423946907,5.4577184,0.7168981,2.4663503,0.750486,3.136743600493132,0.6040533104437159,3.7117280513538833,1.0704120025073756,,
2019-12-16,1343.3403785266175,2993.0452150297583,89.80013332022295,5.338811,0.6610014,1.8080994,0.88124603,2.9018552977823484,0.6417931555578611,3.4656128906990196,1.1081537532241825,,
2019-12-17,1233.032742902666,2918.031915029758,89.39564989289059,5.244852,0.657173,1.3093555,0.9423917,2.4783558692263457,0.6906255388892681,3.021871637118415,1.156989731750367,,
2019-12-18,805.5468479021204,2368.42273597932,89.16444857706648,4.9755154,0.6287103,0.0918591,1.2405529,1.3313208567532018,0.9393548228941042,1.8200122719920937,1.4057297832277929,,
2019-12-19,492.6464347737577,1599.237936427058,89.26147417182192,4.5656576,0.5880109,-0.29674125,0.90787494,0.848371502458465,0.7077467490169634,1.3139795894418482,1.1741266929734278,,
2019-12-20,501.3677380701544,1439.4971369432817,89.03551835705152,4.423648,0.58335644,-0.5761062,0.9399171,0.7154393578385617,0.7132175719922264,1.1746937427149176,1.179598934500754,,
2019-12-21,478.8111247892999,1328.8383311492616,88.8579163427386,4.3765316,0.58465475,-0.52143013,1.0095582,0.7759445083872837,0.7581314297763965,1.2380908326333582,1.22451214411404,,
2019-12-22,430.1428204488027,1232.3690633368924,88.73040513914427,4.55367,0.6673169,-0.023056746,0.87883776,1.1610828324324691,0.6739466591470032,1.641637452038404,1.1403233457552968,,
2019-12-23,387.7894737036,1233.305972471138,88.56167273314333,4.846958,0.77213496,0.5821682,0.80982655,1.6023676488271679,0.6431957750154619,2.1040141742000875,1.10956805522128,,
2019-12-24,387.7894737036,1203.3460457593424,88.37241914005278,4.6880484,0.7346514,0.7074524,0.8967056,1.6775980691095913,0.7013997209179086,2.182840351409684,1.1677712721345836,,
2019-12-25,387.7894737036,1135.3028146969632,88.13400609050733,4.5932827,0.7123946,0.92055845,0.9719555,1.855658586485795,0.7468489378654186,2.3694115528470414,1.2132187894467619,,
2019-12-26,387.7894737036,1029.1922750093124,87.92370258201936,4.6221685,0.7090295,1.4324508,1.059827,2.305390014387385,0.7938609747252201,2.8406386056723485,1.2602266949260175,,
2019-12-27,387.7894737036,1166.8143326453503,87.81015333858166,4.7666926,0.7475265,2.414875,0.90733856,3.001526181558046,0.7060738306106195,3.570047702011324,1.1724336119605754,,
2019-12-28,387.7894737036,1210.110033601682,87.82720511839864,4.715046,0.71934915,2.3407319,0.9217732,2.9169470713060277,0.7195692254680834,3.4814259994084837,1.1859296988011394,,
2019-12-29,400.5005337036,1301.345602031954,87.73033418314921,4.3980966,0.68975073,1.8165498,1.2412558,2.42407289234923,0.9629271909908063,2.9649941195036464,1.4292918595030897,,
2019-12-30,684.7569737036001,2471.9915799736013,88.14203457638304,4.549103,0.6906809,1.9596871,1.1366199,2.521379122902699,0.9025874474224507,3.0669512552528624,1.3689512656886462,,
2019-12-31,409.83145323943376,2491.4670049694096,88.44475232202504,4.3381786,0.61254656,1.3933455,0.9947955,1.8093265507973155,0.8586435927274982,2.3208650042307934,1.3250138830710394,,
2020-01-01,518.4768037746321,2372.0610041393097,88.50647081736425,4.454041,0.6717561,0.62338233,0.90636945,1.3104889508380773,0.7534902427579734,1.798184672184534,1.2198654125552122,,
2020-01-02,567.946873559531,2203.108640250781,88.4366389186703,4.964142,0.8658846,1.5936166,0.98065704,2.2844289192033314,0.799607522850132,2.818675641790416,1.265973430467776,,
2020-01-03,577.6043312056366,2162.060076622664,88.30408080811421,4.8103104,0.75913924,2.6543238,1.0005559,3.108871155850034,0.805665718967678,3.682523399134031,1.2720246338557875,,
2020-01-04,655.9832101150002,2376.953927950134,88.22629819951615,4.4325395,0.6208457,3.3598754,0.9887177,3.591878135275103,0.7864203807947014,4.1886164610988565,1.2527755600135397,,
2020-01-05,546.3363506662147,2150.012495210344,88.14340805896002,4.0120444,0.54653,2.356286,0.92434853,2.6917771307585414,0.7453287532184565,3.2454937054077635,1.2116911086564202,,
2020-01-06,523.862858667538,1874.5225566788768,88.00062271773464,3.9152832,0.5201621,1.8669933,0.92614996,2.3143872060367032,0.7327195792461539,2.8500658323271426,1.1990852191555876,,
2020-01-07,428.53594160608594,1579.150058393126,87.94986757469377,3.6138976,0.503658,0.93923813,0.91215396,1.5101380116707328,0.7254664203386262,2.0073762756588174,1.1918396030877907,,
2020-01-08,387.7894737036,1406.2108860000071,87.87055053983296,3.5191412,0.50648046,0.2741357,0.75081474,0.9755731214068315,0.5986158529062656,1.4472610109589648,1.0649944583800608,,
2020-01-09,387.7894737036,1192.844158359711,87.76208825468956,3.2919514,0.49461383,-0.6237353,0.68078786,0.336931391138707,0.5279009645117178,0.7780943890715664,0.9942864768453026,,
2020-01-10,387.7894737036,1132.2297510982148,87.64563999150003,3.7283986,0.4811048,-0.37272227,0.930496,0.6735615302506395,0.7038904746018758,1.1308142981204847,1.170272288184403,,
2020-01-11,387.7894737036,1430.958776338112,87.67747749842106,4.160866,0.48176235,1.2528611,0.95406437,1.8728994511668084,0.7576365723897815,2.3874764719248596,1.2240062613276104,,
2020-01-12,457.4769137036,1355.511937958921,88.14227036030302,4.0685883,0.5556511,5.1784515,0.9092254,4.898396408086874,0.6941064023004279,5.557581841241738,1.1604528135668355,,
2020-01-13,467.0786794703287,1240.3943692751427,88.18332926548781,3.883847,0.51572734,4.179217,0.873766,4.0984185346853685,0.6502363018642691,4.7193677600792,1.1165878500142299,,
2020-01-14,497.82615319552696,1266.027946098682,88.11520937977464,3.8593059,0.48881087,3.2413657,0.87570024,3.415771698588537,0.643507193380227,4.004092738728412,1.109863703736423,,
2020-01-15,486.1391832862509,1250.446706208325,88.01628135184153,3.8022757,0.50194925,2.683257,0.87635976,2.996514725033173,0.6464873741951753,3.564796714995369,1.112847196318312,,
2020-01-16,469.9332057002238,1423.3947993919462,87.91738458153176,3.6803896,0.5360929,1.9731846,0.89112175,2.396921171695644,0.6830271826065057,2.936544639416333,1.1493920902982668,,
2020-01-17,457.7203469158502,1155.907683508475,87.70549025253132,3.285655,0.5177247,-0.22719598,0.7377556,0.7692563317794254,0.5485097317995868,1.2310829840460322,1.0148905175795897,,
2020-01-18,415.70252436806817,1229.3101678786302,87.4867252024643,3.137048,0.53220534,-1.0339578,0.7411449,0.02007515849708581,0.5699492200127627,0.4460935116285222,1.0363383322045738,,
2020-01-19,387.7894737036,1120.0130477952778,87.37343915592002,3.1109633,0.5119226,-0.84437835,0.6076623,0.17289005866860266,0.47018838057391676,0.6062124416566337,0.9365757422784321,,
2020-01-20,387.7894737036,870.037446097896,87.27857429831357,2.9808311,0.50535685,-1.1145664,0.5989759,0.14804930221234286,0.4426373834662716,0.5801843819556427,0.9090250279030978,,
2020-01-21,387.7894737036,779.8495320522509,87.15929392635448,2.9179354,0.49310568,-1.2224029,0.6564364,0.15266213954388014,0.46801266132167996,0.5850176971434319,0.934400253202811,,
2020-01-22,387.7894737036,736.6732720871206,87.10776443456388,2.9734766,0.471055,-1.3100315,0.7947357,0.16720672080935242,0.54541280889477,0.6002574596752299,1.0118002352236082,,
2020-01-23,387.7894737036,711.3834964135353,87.03762356513982,3.0983567,0.46485418,-1.2888068,0.8889752,0.25898948228305424,0.5982614516102157,0.6964271234037,1.0646478388096887,,
2020-01-24,387.7894737036,676.7307004953582,86.99733925762871,3.591311,0.49018806,-1.1412967,0.89337224,0.5827245587259154,0.5953407694957883,1.0356356298675322,1.061723568392608,,
2020-01-25,677.3167737036001,887.9636218162664,87.0993713118318,3.449547,0.50486803,-0.3179835,0.9267166,1.3122749755245333,0.5692993696209634,1.800056062745783,1.0356745214403844,,
2020-01-26,458.3524237036,1861.2252572373293,87.41218426542467,3.4922771,0.4578593,1.7608714,0.9250539,2.1030000752468854,0.7477552561235672,2.6285751192763294,1.21412280692311,,
2020-01-27,407.6312337036,1630.2635210469998,87.38315858596646,3.3712506,0.43853205,1.9544426,0.921454,2.2378405707082036,0.742340319510519,2.7698605294915235,1.2087066454821382,,
2020-01-28,387.7894737036,1586.1182888298777,87.30558719214534,3.2364872,0.42892212,1.6210809,0.91282266,1.9384399541798376,0.738315989415512,2.4561495869429097,1.2046850631721306,,
2020-01-29,387.7894737036,1482.9945906618282,87.18990177437384,3.0478926,0.4358511,0.5380198,0.7001663,1.0582841234949492,0.5623359037374281,1.5339253162134778,1.0287136488084756,,
2020-01-30,434.4390437036,1271.0868049029884,87.04436835859268,3.0220919,0.42994487,-0.23218858,0.6876121,0.596756043021759,0.5240323162983999,1.0503377711484876,0.9904149623787166,,
2020-01-31,402.1422737036,1217.3247470798517,86.95837602924695,3.2093024,0.41448405,-0.14979732,0.90768445,0.6843264944554456,0.6900097265300857,1.1420937908160913,1.1563914239696682,,
2020-02-01,387.7894737036,1185.8590482108607,86.90148185579784,3.2645576,0.40810853,0.67023396,0.907808,1.309545337861706,0.6914523852992775,1.7971959577334717,1.1578275645962353,,
2020-02-02,387.7894737036,1061.1050751533053,86.95001159104388,3.3250473,0.42008695,0.6271454,0.90436673,1.3492255205165664,0.6717930104473587,1.8387727174793158,1.1381677911472694,,
2020-02-03,409.8067537036,918.5348087470982,87.00738472342178,3.5163171,0.48187354,1.4816096,0.8867369,2.1093373585192357,0.6309339646970035,2.635215303026179,1.0973014574660163,,
2020-02-04,468.5267737036,858.1744804953581,87.05069955019904,3.7165308,0.48613778,2.4034882,0.8890564,2.8671913706063843,0.6001637110182608,3.4292921462967514,1.0665245952487976,,
2020-02-05,458.6855737036,898.117630495358,87.13666693703115,3.2824867,0.47865254,2.1049547,0.8648701,2.503035236943946,0.5949183659254736,3.047730594250718,1.061282343649384,,
2020-02-06,417.0997037036,1075.801680495358,87.19660901493934,3.3954008,0.46295235,1.8844086,0.884676,2.306562656947453,0.6504964722095091,2.841867296538309,1.1168621819403426,,
2020-02-07,622.1562737035999,4759.683930495359,88.38926893876705,3.1824498,0.5066418,1.6793711,1.0150809,1.853131357988005,0.8996431831628663,2.3667635314659554,1.3660130586136496,,
2020-02-08,457.3759554154038,3274.902682794728,89.5443817388438,3.0882006,0.45376378,0.9781712,0.83312166,1.236746962524779,0.7331377672961761,1.7209180689042367,1.199513682551889,,
2020-02-09,746.8164730350755,2586.047418235112,89.6691519739903,3.1511154,0.43764403,0.43298137,0.815038,1.0420513331490089,0.6399653867513886,1.5169166539780197,1.1063433000673877,,
2020-02-10,740.118940669353,2629.83986876314,89.65951779234717,3.3466504,0.41880232,1.499259,0.9411099,1.9049877943779976,0.7401581912231217,2.4210985282530295,1.2065275783571965,,
2020-02-11,695.4623819049875,2765.3702856332466,89.97871695322164,3.3076892,0.41768876,2.7595046,0.94230807,2.8696635349685864,0.7576130195444664,3.431882471664796,1.2239738832922926,,
2020-02-12,742.6402254318275,2560.021520434469,90.3639546194435,3.4212534,0.44278324,2.5730064,0.9049124,2.7637441751152703,0.7084639077525365,3.32090052847771,1.1748256553427827,,
2020-02-13,802.0436688533035,2441.4029048225966,90.44627545185855,3.1586757,0.42325655,2.0510929,0.91645217,2.324977374000594,0.6977254579665778,2.8611621741190296,1.1640910034874545,,
2020-02-14,782.1790266653422,2298.80250680359,90.12681148601845,2.9220572,0.42545304,0.07575667,0.5876186,0.7983564370112282,0.45154646637930035,1.2615739748341817,0.9179269416880735,,
2020-02-15,535.1651898480479,1551.3988820694813,90.04788816093871,2.8520422,0.43034863,-0.63842046,0.460259,0.2568188150440773,0.35957109128129305,0.6941527056907548,0.8259575029450286,,
2020-02-16,424.6456737035999,1466.9957086947288,90.15918822689758,3.1159928,0.41485265,-0.26517677,0.8573096,0.4938460724009476,0.671346866978864,0.9425090557121376,1.137730639077813,,
2020-02-17,387.7894737036,1289.0464438326935,90.18710448817792,3.1992948,0.4477281,0.8119302,0.8852584,1.364038386574555,0.6883631528790731,1.8542935878996267,1.1547377852416534,,
2020-02-18,387.7894737036,1148.1900248501934,90.28996502646713,3.3087533,0.42339942,0.83953667,0.91315037,1.4629409511855638,0.6909260786569265,1.9579233570175376,1.1572997270307124,,
2020-02-19,387.7894737036,1076.7386476740874,90.4665833610592,3.0634198,0.4376466,1.1991196,0.8834687,1.6927639046445233,0.659793172315949,2.1987310620413703,1.1261645773582105,,
2020-02-20,387.7894737036,933.5027998031668,90.399449074779,2.9771335,0.41524333,0.2248863,0.84492844,1.0326504243632095,0.6092615853894107,1.5070664138876582,1.0756395962790146,,
2020-02-21,387.7894737036,817.4333091498519,90.36693274978558,2.9627762,0.4266771,-0.37439525,0.80794966,0.6993646983275097,0.564921271364258,1.1578507694277118,1.0313028067788532,,
2020-02-22,393.3796537036,794.249340495358,90.3850360914401,3.1433225,0.4495479,0.007477045,0.8739657,1.0461665621498366,0.6031505521911045,1.5212285768578802,1.0695284228262534,,
2020-02-23,387.7894737036,648.8756655827044,90.40430912872584,3.3759577,0.5091662,0.7549387,0.87158567,1.7353937811531974,0.5778407976265968,2.2433985009242163,1.0442117931936568,,
2020-02-24,54.9368420988,677.6907604953578,90.54355224804505,3.432136,0.64257133,2.2395847,0.86304116,2.3290093884372665,0.7997778884738833,2.8653869050630227,1.2661433980917376,,
2020-02-25,54.9368420988,777.1509704953579,90.82333224501896,3.4463308,0.6174866,3.4889507,0.878356,3.4861368375219186,0.8213767515373003,4.077821090771614,1.2877327257694076,,
2020-02-26,73.13752209879992,1229.2950004953582,91.2007753912003,3.1016443,0.6194554,3.7356162,0.90478843,3.7000157938936082,0.8546886161943966,4.301922730149233,1.3210429956077916,,
2020-02-27,527.3298420988,4683.188430495358,92.4195990371105,3.3070893,0.484226,2.347556,1.2141513,2.4446655516952767,1.0923730474551514,2.98657103757395,1.5587375351288715,,
2020-02-28,405.3680845090045,2969.0164716602653,92.75017765571391,3.1493318,0.43295193,1.431493,0.6830954,1.6378586782082174,0.603280683644986,2.1412015534655366,1.0696526191333486,,
2020-02-29,466.0245986555209,2486.613021138892,92.99775192173198,3.1388173,0.4022382,0.6610534,0.53081644,1.0521271205480764,0.45152148927680846,1.5274740295724063,0.91789929812672,,
2020-03-01,497.0649196834189,2126.84995340514,93.09758551791946,3.1367838,0.45233694,0.6611265,0.6029186,1.1301060453117477,0.49615938045845,1.6091800803821619,0.9625363847460127,,
2020-03-02,487.5488063148994,2247.9209150640254,93.21554687102285,3.794715,0.5256221,2.8560627,0.88250077,3.0233607178519484,0.7312366372925321,3.5929258545024463,1.1975962413319918,,
2020-03-03,466.5877155508177,3062.8882111565167,93.63937376596844,3.6849766,0.5996518,3.9547129,0.91121805,3.9190544181665397,0.7947208949792289,4.53143065191633,1.2610736953217252,,
2020-03-04,510.0456040967903,4163.448978048503,94.37760453913143,3.672572,0.5624499,3.7342553,0.9280173,3.727523444431602,0.8290130514115926,4.330745152352743,1.295367229507046,,
2020-03-05,626.1185482308432,3062.684461523971,94.73792084611458,3.70148,0.5614982,3.322313,0.8731214,3.3866709098765875,0.7311603427479705,3.9736010317921004,1.197517076483161,,
2020-03-06,523.8301457208098,2463.094901771927,94.95354103199443,3.5241725,0.518097,2.8051133,0.89333105,2.931217886224661,0.7422459726473799,3.4963789104978873,1.208606328650213,,
2020-03-07,503.41347397374864,2119.950467968245,95.18758547125955,3.429716,0.5344588,2.6476126,0.86722857,2.797695239635661,0.7082756238387394,3.3564743378262674,1.1746370867277847,,
2020-03-08,499.3824002843329,1839.3614321156035,95.2773366663791,3.9958296,0.6135529,4.0049,0.86345273,4.002963214005902,0.6916050027549868,4.619350001368945,1.157957212726078,,
2020-03-09,476.0956911282466,1622.1406326102056,95.58015988284698,4.109386,0.5635199,5.6322885,0.85080034,5.286737621350391,0.6700642651130889,5.964484437021224,1.1364084466149094,,
2020-03-10,508.5906370424751,1733.8100429525844,95.8895537960797,4.638629,0.6694698,5.844816,0.9254322,5.5712453218070115,0.7314714462693346,6.26259063301875,1.1978141036620473,,
2020-03-11,501.0660101088246,1715.0979738087349,96.13636058338031,4.3887196,0.64007866,5.8338194,0.85017467,5.50708796892669,0.6736812936527226,6.195366777981689,1.1400242866524692,,
2020-03-12,433.4447731054591,1403.3354383495057,96.1630677985149,4.508711,0.60694236,5.6750774,0.89285535,5.399837377928629,0.6970325261980047,6.082989975351724,1.1633760907380255,,
2020-03-13,387.7894737036,1720.9040636929649,96.53824478983248,4.6037264,0.62939304,5.973237,0.89103544,5.721383553488197,0.7363278272515383,6.419904958952426,1.2026697176699184,,
2020-03-14,396.2355084596783,1324.6769007644111,96.87032395530254,4.620407,0.67224246,6.036569,0.8412769,5.710501578586687,0.6658160538513389,6.408502862848794,1.1321579989932244,,
2020-03-15,420.8596505072486,1195.012399400703,97.03317950684487,4.524511,0.71034634,5.4161816,0.8345287,5.183942742682269,0.6443071356540901,5.856776314539479,1.1106518905951417,,
2020-03-16,418.94016935333406,1112.1154215809545,96.92195902821764,4.503305,0.7182911,4.819088,0.8298256,4.732680803844457,0.6339965626362648,5.3839455975869885,1.1003439779064084,,
2020-03-17,387.7894737036,1090.988104021308,96.977881379487,4.867164,0.7018814,4.3719373,0.85668707,4.501803839258737,0.6582876888307098,5.142033503307493,1.1246365552498048,,
2020-03-18,387.7894737036,1003.5704213727274,96.94428283544838,4.654609,0.6747965,3.9437008,0.90869904,4.141839891782608,0.6818831460614071,4.764864509617203,1.1482343966058837,,
2020-03-19,571.6860737036,1680.653255300518,97.28201846798444,4.9891434,0.5873621,5.667798,0.87930286,5.495542725744594,0.6728435055143468,6.183269711640927,1.1391865594070418,,
2020-03-20,496.1950237036,1818.983224066847,97.60214141904882,4.972787,0.60901296,6.163802,0.95766693,5.9085406621581384,0.7636547457765321,6.616007537652219,1.2299957162105781,,
2020-03-21,428.4486737035999,1591.3907406896742,97.9685277340472,4.673556,0.64863133,5.53058,0.842964,5.348787928971722,0.678256118662574,6.029500537238489,1.1445999598671395,,
2020-03-22,387.7894737036,1377.168379574031,98.19396516721976,4.390481,0.6720161,4.88392,0.835153,4.775503707665606,0.6681747696359956,5.428815289828015,1.1345219224501806,,
2020-03-23,412.1207737036,1398.3394340924722,98.34806272623607,3.9161563,0.69390726,4.124037,0.9039229,4.076716295021889,0.7158056259334946,4.696628227545201,1.1821573236365186,,
2020-03-24,453.5638137035999,1516.979767740182,98.50070642409108,4.976509,0.61520004,3.7228389,0.8488241,4.011398568187185,0.6686150939394211,4.628188536645277,1.1349672450058692,,
2020-03-25,424.6772237036,1453.8632981759831,98.70316221189564,4.9766126,0.669886,4.392793,0.85404766,4.524775850490577,0.6781018009797392,5.166103498150322,1.1444505202800297,,
2020-03-26,387.7894737036,1335.276892690678,98.80988710705222,5.547568,0.61879194,5.2811055,0.840007,5.341074935187685,0.6656871104832964,6.021418888717125,1.132030993747921,,
2020-03-27,387.7894737036,1137.9274633056789,98.94111104750768,5.7498755,0.6321362,6.303026,0.83006567,6.162432622820954,0.6395981155653304,6.882034666148467,1.105937902010429,,
2020-03-28,492.70307370360007,1162.6373438926112,99.18893930120264,5.4996243,0.6205622,6.4989367,0.88804257,6.201496751205693,0.6504961132656927,6.922965926335954,1.1168357240851567,,
2020-03-29,427.2055737036,1676.7912616474805,99.6646769286553,5.526429,0.5897328,7.3307996,0.980683,6.964431588775647,0.7906800406967206,7.722366441179477,1.2570165713981016,,
2020-03-30,969.4736841976,1711.923742431159,99.6692525159053,5.716497,0.58056134,7.037424,0.9377539,6.559835763146535,0.6344340447172776,7.298432318126935,1.1007721259414986,,
2020-03-31,1077.6791785153391,2416.425545088926,99.72467419112114,5.449118,0.5688674,6.530201,0.9727339,6.196764917123653,0.6952198955095787,6.918007926759759,1.161559527509658,,
2020-04-01,1036.404855247623,2221.033567409867,99.72467419112114,5.060687,0.5140339,6.4923697,0.901759,6.036857500382017,0.6362301852416862,6.750457482114031,1.1025705480739354,,
2020-04-02,969.4736841976,1850.7019213603096,99.70839118300216,5.2017245,0.4655414,7.2575502,0.9004838,6.550832217642102,0.612217400219836,7.288998433924471,1.0785555180776727,,
2020-04-03,395.3055358130708,2251.2312926407008,99.72467419112114,4.9851837,0.55829906,7.113755,1.0139326,6.795816668713745,0.8665064781898681,7.5456923043198865,1.332843632315653,,
2020-04-04,969.4736841976,1567.5821562963924,99.6721227149667,5.053434,0.47104466,7.5689445,0.91981256,6.6077037710253475,0.5961517442054438,7.348588253153755,1.062489632221167,,
2020-04-05,244.03698190312667,1698.5751689396734,99.72467419112114,5.014184,0.5863969,7.8797226,1.0014564,7.519744721885108,0.878743434173149,8.304221643808589,1.3450781415963189,,
2020-04-06,969.4736841976,1149.777430495358,99.45859583954443,5.466064,0.51819086,9.319247,0.91507924,7.556568083195496,0.5501569605452322,8.34280503591525,1.0164915595344148,,
2020-04-07,166.63011496988537,780.0851979295429,99.72467419112114,5.886702,0.6647152,9.455228,0.9752428,8.827136328731482,0.8120636841725347,9.674102100367584,1.278395491677896,,
2020-04-08,969.4736841976,1155.6415904953583,99.4500135978832,5.3485355,0.5523694,10.440709,0.91690934,8.117668883536718,0.5586750518889445,8.930724536485647,1.0250081904634942,,
2020-04-09,328.8258388412497,1631.4577859835254,99.72467419112114,5.1676564,0.61779493,8.317844,0.95865065,7.789419224039035,0.8045449042351,8.586785665329304,1.270878853456461,,
2020-04-10,969.4736841976,1777.12765913995,99.7106706276251,5.1837444,0.5913483,5.9797125,0.8555284,5.698757958461568,0.5915964966004964,6.396197937825251,1.057938500950891,,
2020-04-11,493.1197737480355,1662.7015543648172,99.72467419112114,4.7971973,0.59034264,5.4065948,0.84940696,5.267201979992817,0.6688867754411627,5.9440150587860066,1.1352310649920683,,
2020-04-12,969.4736841976,1429.3795552244492,99.48264097640427,5.5459614,0.5466917,6.8794928,0.9261719,6.3405587563963834,0.5944520810770393,7.068674620015075,1.0607910808627814,,
2020-04-13,1538.132630211423,4495.183312242585,99.72467419112114,6.231693,0.7251415,7.2118044,1.0214792,6.961934890991328,0.7831944851353728,7.719750409775602,1.2495310248306801,,
2020-04-14,1705.186204974995,5274.199027238452,99.72467419112114,5.4676094,0.57609886,7.261471,1.0398943,6.823198999575362,0.7983354702230544,7.5743834169948725,1.2646725208958536,,
2020-04-15,1151.701658235605,3633.59598475689,99.72467419112114,5.118408,0.50746214,6.017005,0.9256013,5.800735162860367,0.7133650321802705,6.503049304002679,1.1797065276481442,,
2020-04-16,917.066667349151,2984.108048996404,99.72467419112114,4.887151,0.5358672,5.148811,0.8967852,5.087301248457674,0.6974441085830297,5.755515687243371,1.1637894136582938,,
2020-04-17,722.2528532254235,2428.0992291411867,99.72467419112114,4.6830387,0.5279749,4.585551,0.87246346,4.607900964097573,0.6832491500298913,5.253201708038748,1.1495973420181926,,
2020-04-18,741.6805610862284,2643.084981122625,99.72467419112114,4.814056,0.54482144,4.5728436,0.8929983,4.625698770768864,0.7074671871042612,5.271850189030167,1.1738152672176154,,
2020-04-19,662.3315023585349,2556.9704631898744,99.72467419112114,5.9237227,0.4960283,6.004614,0.8869021,5.987971527848177,0.7117867470268696,6.6992349272014104,1.1781273391218767,,
2020-04-20,531.2886684952812,2117.852426234489,99.72467419112114,6.2037215,0.603892,6.591668,0.8834689,6.513864936079488,0.7165966928000354,7.250264242669493,1.1829349620421388,,
2020-04-21,547.3555249519989,2036.402156999743,99.72467419112114,5.448815,0.6131451,6.1421347,0.8943195,5.9952585006244705,0.7167308227962831,6.70687019236714,1.1830713805438977,,
2020-04-22,477.4701180955853,1731.6230910825818,99.72467419112114,5.1356173,0.60181844,5.298222,0.85357445,5.263076903626265,0.6816108838477591,5.939692817870002,1.147955196269737,,
2020-04-23,412.726766805829,1450.0211097051088,99.72467419112114,5.00033,0.6008266,4.887333,0.86859953,4.912369535428138,0.6891256619417482,5.572222836305169,1.1554719899863974,,
2020-04-24,414.7055982981625,1472.1465675026911,99.72467419112114,5.439168,0.5521922,5.604913,0.9282546,5.56848457974387,0.73433480009238,6.259697936922114,1.2006774718296032,,
2020-04-25,370.6981229288848,1254.0022860108224,99.72467419112114,6.006742,0.5782642,8.154285,0.9590386,7.6642933596619605,0.7518871925509673,8.455679212356374,1.218221483225832,,
2020-04-26,1024.3118755315206,2312.3889430667627,99.72467419112114,6.220425,0.74902433,7.944728,0.9526244,7.415395512446645,0.6990815862022529,8.194884898858895,1.1654166093276397,,
2020-04-27,1422.2726251237375,5117.287009019531,99.72467419112114,6.0177393,0.63078725,7.1779957,1.2326055,6.92565439458532,0.9742366837799736,7.6817358296600595,1.4405733549740933,,
2020-04-28,1211.5778145829129,3929.791061680274,99.72467419112114,6.3202953,0.63667905,7.6946745,0.994568,7.370798236986475,0.7748596208983012,8.148156026079887,1.2411947827487828,,
2020-04-29,1449.3360341527273,3112.5033792823,99.72467419112114,6.6212077,0.7686889,8.571905,1.0622808,7.952151609242238,0.7648243116520284,8.757296102272388,1.231157843585179,,
2020-04-30,1506.1733720061611,3664.0787675532633,99.72467419112114,7.8942127,1.0219916,8.361988,1.1387491,8.225717969095152,0.8601802419666854,9.043937998986452,1.3265131406621438,,
2020-05-01,3227.1583918180795,9132.900487365185,99.72467419112114,7.97767,1.2484138,8.242316,1.2570837,8.173218295920773,0.984396387452476,8.988929020895492,1.4507294010343335,,
2020-05-02,2170.412829268928,5889.361966611395,99.72467419112114,9.47179,2.0505736,8.730593,1.114212,8.930189464610796,0.9837629473303785,9.782080823872407,1.4500946093778442,,
2020-05-03,1579.6181057126223,4477.968699824266,99.72467419112114,10.289961,2.6024542,9.489338,1.1199498,9.698113879716901,1.0704994109661081,10.586709401002292,1.5368303716042864,,
2020-05-04,1117.782740282758,2953.777693404329,99.72467419112114,8.331608,1.4968555,8.857741,1.1084871,8.713299686259061,0.9030828297470842,9.554824455516076,1.369414812050961,,
2020-05-05,862.2629979668371,2271.467740615591,99.72467419112114,8.955767,1.8510274,8.8504505,1.0470585,8.879428828579355,0.9140127346271942,9.728894002955217,1.3803444668044913,,
2020-05-06,716.4403733285085,1910.052808755324,99.72467419112114,7.908784,1.2880276,8.435005,1.054577,8.29146544095135,0.8435636476957669,9.11282797525089,1.3098964069603931,,
2020-05-07,511.620285900422,1416.7884677043794,99.72467419112114,8.8953085,1.8994222,8.943578,1.0286882,8.930771592095592,0.9083687291252716,9.782690775061074,1.3747003903855746,,
2020-05-08,422.3880339167782,1194.9461447565843,99.72467419112114,7.8926644,1.3967364,8.298238,0.97186226,8.192316995975274,0.805390601274089,9.008940573526958,1.2717235726969527,,
2020-05-09,467.2271273332849,1320.5757223427372,99.72467419112114,7.315575,1.1527351,6.674137,0.8683761,6.841771504020322,0.7086556708270517,7.5938436236653715,1.1749926518192928,,
2020-05-10,368.91776103492896,1063.545174348689,99.72467419112114,8.88836,1.6926994,7.8537498,0.91365814,8.120204188987076,0.8063541290621149,8.933381020870025,1.272687261855065,,
2020-05-11,382.9236826951675,997.0702764047816,99.72467419112114,8.318003,1.4292245,9.063759,0.94311345,8.856824834773628,0.7884207355041967,9.705209615513462,1.2547524998590764,,
2020-05-12,295.15109055483674,815.9659775011635,99.72467419112114,7.8858647,1.3730005,8.443395,0.8992384,8.295295445758708,0.754391179498184,9.116841041195821,1.2207239307929056,,
2020-05-13,272.5618289281715,720.9257172393208,99.72467419112114,8.341827,1.4990311,8.910972,0.8962852,8.754827764327809,0.7695065390314536,9.598337433759877,1.2358384558508302,,
2020-05-14,276.3820200059513,700.9805572090489,99.72467419112114,8.828993,1.5881023,10.326211,0.97171926,9.90282237722519,0.8290939445539616,10.801202264930485,1.295424832081424,,
2020-05-15,409.65132891883513,1300.2083184795663,99.72467419112114,9.817579,1.6899654,12.380927,1.0998874,11.766795486774315,0.9292221913921354,12.754266917442736,1.3955546183944032,,
2020-05-16,763.5553162235,2673.9884879807755,99.72467419112114,9.914757,1.7516521,15.371198,1.1682973,14.159200206445469,0.9885785999981953,15.261020404687756,1.4549188263631783,,
2020-05-17,435.2040477066581,1457.16579146679,99.72467419112114,9.888508,1.9282186,15.576948,1.1300321,14.268730183126134,0.9766299819706155,15.375785539844262,1.4429707221213584,,
2020-05-18,432.6929078359199,1414.0995133297083,99.72467419112114,9.403351,1.910566,14.210659,1.0802382,13.084334195573714,0.9405024997607946,14.134779472741979,1.4068384121356519,,
2020-05-19,401.437082294085,1205.3945289412875,99.72467419112114,9.92992,2.1437292,14.592538,1.1052425,13.427669311517981,0.9870527762985106,14.494524833596001,1.4533899230241527,,
2020-05-20,348.5706267197031,973.3695526538376,99.72467419112114,9.861193,2.0960858,15.505509,1.1146723,14.01720980676651,0.9895013392163362,15.112243349274042,1.4558409199523936,,
2020-05-21,308.0652338690502,832.3010099844554,99.72467419112114,9.889954,2.0682971,17.057524,1.1326123,15.121234245519894,0.9977620882769674,16.26903638228109,1.464107296368331,,
2020-05-22,251.19718492423715,701.7699853965709,99.72467419112114,9.801516,1.9267358,18.867182,1.1225623,16.47751936406708,0.9702100493544998,17.69014729326609,1.4365640787500766,,
2020-05-23,490.10891458291286,2271.831126990653,99.72467419112114,9.715181,1.911015,16.25427,1.1532111,15.0939028905172,1.0073662299770523,16.24039868193683,1.4737112819290294,,
2020-05-24,229.96451458291284,1489.224150495358,99.72467419112114,9.633497,1.9332422,15.878817,1.1444565,15.043421475681903,1.0245424123935094,16.18750442803449,1.4908871781999766,,
2020-05-25,129.76212982834227,1252.406700495358,99.72467419112114,9.195631,1.6594427,16.695944,1.1428398,15.991792108942331,1.047200204364826,17.181203935721935,1.5135508327849916,,
2020-05-26,221.63249457857972,1185.7422885056403,99.72467419112114,9.071514,1.6397169,19.871784,1.1340524,18.170964479136266,0.9897409127082913,19.46453329608305,1.4561089093955837,,
2020-05-27,166.22165200652364,914.247430495358,99.72467419112114,8.85446,1.5064498,21.26755,1.1233903,19.357893497276937,0.9784096720606273,20.70819346397697,1.4447894130933054,,
2020-05-28,191.9798691834688,865.6743472266807,99.72467419112114,8.591419,1.3932569,20.077253,1.0579151,17.992404722972115,0.90206351010387,19.27743899395024,1.3684298793927867,,
2020-05-29,257.97538637956285,776.6992651147956,99.72467419112114,8.562359,1.3307052,21.463844,1.1269011,18.24711748838022,0.9086694604761377,19.544326158852822,1.3750381623143817,,
2020-05-30,192.588734027686,684.1251610423656,99.72467419112114,8.122152,1.2657101,20.79368,1.1188922,18.01011131758237,0.9163059593519188,19.295991903255903,1.382672488390755,,
2020-05-31,103.4105262964,513.520950495358,99.68856967527519,7.5883965,1.1104078,18.475786,1.0543594,16.650833621864134,0.8971468088017789,17.87174538014069,1.3635021170253443,,
2020-06-01,134.3730017211687,512.8938154014819,99.99636512650252,7.7402596,1.0561787,17.509022,0.99689656,15.481020549455435,0.8198060555517027,16.646019241676797,1.2861533986859595,1.1605677958164148e-12,4859.999999999999
2020-06-02,143.3979702809349,474.0625536323587,100.0,7.4450006,1.011719,16.794197,0.9317313,14.622955779675324,0.7529464417797405,15.746941909048877,1.2192889374805687,1.1615853936152132e-12,4859.999999999998
2020-06-03,485.0438336805712,314.2762904953581,100.0,8.312777,1.167262,23.860413,1.1845502,14.425788399426606,0.847720233551236,15.540350602007242,1.3140617343777143,1.2019524615793584e-12,4859.999999999997
2020-06-04,472.8091500000012,320.63486049535794,99.97513750173417,8.614397,1.2028128,27.762413,1.6430241,16.35221011452404,0.9770189890198652,17.558848689943137,1.443372115197432,1.1820146014985449e-12,4859.999999999996
2020-06-05,320.531600046101,346.22838049535784,99.87956163394985,8.290161,1.0830024,27.815079,1.6742464,18.428862911738573,1.0133553951655738,19.73475839218206,1.4797258067035368,4.610096150701135e-08,4859.999999953895
2020-06-06,281.8797049654042,330.52605049535805,99.7784603502572,7.7805057,0.9413311,28.61413,1.8140088,19.02477551714752,1.0706414859873838,20.359153583104217,1.537017768295698,4.965404164068987e-06,4859.9999949884905
2020-06-07,250.76135002451875,315.5735604953581,99.65976716422111,7.5014772,0.8240526,26.982058,1.654113,18.356460716890346,0.9912995127511027,19.658895619914606,1.4576692386671,2.451862940564186e-08,4859.999994963971
2020-06-08,248.5177438868984,355.2951851672151,99.64115289460797,7.499233,0.76269066,26.167809,1.5305552,18.48418317933795,0.9537473184357569,19.79272277946981,1.4201182578759015,7.152789281410843e-08,4859.999994892443
2020-06-09,272.2344253656763,379.0651413644888,99.5384073664669,7.4979935,0.72419614,28.450003,1.812128,19.692345708008425,1.0972629304195878,21.05863134711373,1.563646271675595,0.00046095769063401743,4859.999533934752
2020-06-10,297.3608232481775,388.9684523338453,99.41365015588703,7.5107765,0.7117849,29.141521,1.894728,19.76972813261904,1.1172192809745844,21.13971238710215,1.5836034734359643,0.0007437348422100404,4859.99879019991
2020-06-11,338.3743300000011,137.14583049535784,99.58134985988123,6.9976764,0.60566163,35.47093,15.5908575,15.209710460916778,4.51720080591995,16.361741458333135,4.983546525320055,1.1330742951491233e-12,4859.998790199909
2020-06-12,182.23982257063,300.9143304953582,99.69068283553923,7.009202,0.63198507,27.80359,2.0185869,19.96020229064457,1.2796003988780909,21.339290558777964,1.7459867157195919,0.0022925706299457022,4859.9964976292795
2020-06-13,192.09416000000323,256.4305604953578,99.50268174159011,7.064702,0.62009025,25.069967,1.355458,17.358672567461074,0.8191852448449568,18.613416607710775,1.2855461326121387,3.241147935111251e-12,4859.996497629276
2020-06-14,213.90202435203574,372.369658294069,99.22644409992424,6.944838,0.6037733,22.468172,1.0498303,16.804462446558674,0.7022439240383057,18.032717137501763,1.1686003945579189,1.1095826360905332e-12,4859.996497629275
2020-06-15,241.82576279382536,394.3250270561756,98.98588718937718,6.968033,0.6057683,21.986212,1.0295135,16.277215362923528,0.6784314143596196,17.48026944557285,1.1447840085711802,1.1141196472214404e-12,4859.996497629274
2020-06-16,250.5360756584335,399.5521598422039,98.85029073526401,7.0739293,0.61502606,23.485521,1.1365325,17.1606939590615,0.7376447598069082,18.40597529858572,1.2040040292897258,1.3807355134247791e-12,4859.996497629272
2020-06-17,267.794180806223,419.7458135386142,98.68965606947955,7.4421816,0.6517315,26.24169,1.4590302,18.91935365615728,0.9262085376811074,20.248692917525247,1.3925837518383393,2.2323434500868108e-06,4859.996495396928
2020-06-18,282.55669230070043,420.5307901347299,98.5191600206102,7.4528623,0.6453212,28.98307,1.8322084,20.330513557613337,1.126149517708934,21.727301438462096,1.5925400833931005,0.017446000334433533,4859.979049396594
2020-06-19,282.05318378475295,433.0125221838612,98.32723781496745,7.469519,0.6434209,30.013868,2.0076911,21.12139116047343,1.2419773121026842,22.555980287259064,1.7083774770762052,0.6330471413040357,4859.34600225529
2020-06-20,287.152259127257,419.9091532086123,98.13267827362704,7.5176263,0.6506177,31.280563,2.2225742,21.62994327567591,1.3461281481627985,23.088839455169783,1.812534863450412,4.352397597415774,4854.993604657874
2020-06-21,304.1213354832114,407.9183302748048,97.92580423270982,7.5672536,0.6548122,32.641712,2.4725966,21.932087146194668,1.4438647546456258,23.405424769872184,1.9102755016580328,15.222517525164283,4839.77108713271
2020-06-22,337.76579831110644,414.7246353555311,97.55171307214026,7.6944084,0.66288346,33.95447,2.7248812,22.16727695555432,1.5309725368629779,23.651855848163084,1.9973864944193611,39.96188393208095,4799.809203200629
2020-06-23,347.9406260064689,422.8879974924447,97.11640993136687,7.675097,0.6466958,34.47069,2.8170729,22.37555703332549,1.572813939841625,23.870091001681885,2.0392307933958413,47.79288268301655,4752.016320517612
2020-06-24,197.48187213733306,287.6924314976736,96.92720963594832,7.572181,0.6526828,31.440775,2.443486,21.72547356627322,1.473060854289932,23.188935767103683,1.9394688330252572,16.203204293247484,4735.813116224364
2020-06-25,262.44777936886436,415.8577812236417,96.52429289769306,7.5119534,0.65007275,30.090235,1.940447,21.35431961684086,1.2159542039846531,22.800041927614764,1.6823573324527419,1.8453838587471139,4733.967732365617
2020-06-26,305.1765888588957,462.3893272662371,96.10420925884381,7.5916734,0.65269643,29.97737,1.8166333,21.077038820963327,1.1247055041509435,22.509508057531267,1.5911051118699224,0.616596569652484,4733.351135795964
2020-06-27,289.2758522130924,457.2363845711669,95.77854908297545,7.163848,0.5516675,27.719934,1.4702508,19.75438593116347,0.9255497386985874,21.123636880861696,1.3919337618518504,0.0007804164900240223,4733.350355379474
2020-06-28,278.7104089301333,436.55080431400455,95.50707464909587,7.4821258,0.56246686,26.481503,1.3897504,19.07815956957425,0.8760755197804868,20.41508921075269,1.3424523478314196,8.42896749611693e-06,4733.350346950507
2020-06-29,289.0446627602993,480.7438235382278,95.28345426306387,7.5709786,0.5862428,29.21137,1.8136709,21.08571014863317,1.1538549514117749,22.518593845022274,1.6202546679027465,0.6411381952020998,4732.709208755305
2020-06-30,284.4869076248422,492.39438177602347,95.02326097922436,7.406701,0.5611476,28.501757,1.6900241,20.776937947335988,1.0906845656833644,22.195063387988057,1.5570804619463674,0.17320902013219322,4732.5359997351725
2020-07-01,265.89470490256434,474.8867958331981,94.70977118692231,7.5074935,0.5919116,26.863153,1.3238294,19.915669633330356,0.874846895612148,21.292629392671405,1.341232712060318,0.0020610320269154074,4732.533938703145
2020-07-02,310.112403261576,497.4811235573564,94.27667614861674,7.674459,0.6552267,30.333055,1.7117175,21.632252943126836,1.084028417160068,23.09125951682966,1.5504351628714026,5.1230539901250935,4727.41088471302
2020-07-03,367.812538677684,508.76905799452425,93.89099616386069,7.6646886,0.66277605,32.654343,2.097232,22.168715144565116,1.2486006151577345,23.653362777692394,1.71501459254116,44.47658576404596,4682.934298948974
2020-07-04,364.078939635186,487.24203546616513,93.51972125729182,7.686088,0.6719062,33.03697,2.1596572,22.19532115292351,1.2690117781122727,23.681240462302227,1.7354261227157302,52.24886374983092,4630.685435199143
2020-07-05,385.8468017651019,486.6954362787225,93.08741096314965,7.912312,0.6924387,33.614147,2.179105,22.2485416466877,1.2534592182169315,23.73700471374319,1.7198742998057668,57.266067158884084,4573.4193680402595
2020-07-06,370.49873944524717,462.56383963320417,92.59922018953856,7.9741616,0.6974904,34.570423,2.3876595,22.74192235369424,1.3615721009462853,24.253967332007065,1.8279941689027432,53.95709156142312,4519.462276478836
2020-07-07,395.3756670446322,388.7795179628996,92.13353411847244,8.017912,0.68633926,35.965042,2.8650756,21.87393431142429,1.462032821504407,23.3444924283853,1.9284427844310397,42.45009657055103,4477.012179908285
2020-07-08,364.99927350910673,301.90674044856144,91.76616104397485,7.6954665,0.6355146,36.003445,7.9169593,20.510419801268828,3.6008263565297405,21.915806585585592,4.067219042993765,0.0653041700065683,4476.946875738279
2020-07-09,331.79320372613597,343.9707497492329,91.58260043658444,7.973263,0.664332,34.83408,2.6109874,21.64569278193429,1.3684610843678966,23.10534173399032,1.8348680072343284,8.99674920104257,4467.950126537236
2020-07-10,460.3929400011266,181.3515504953581,91.37179179319477,7.87842,0.6531449,37.97471,27.329561,16.383375816177146,7.737303577037712,17.591504005600637,8.203656926177198,1.1265681913146069e-09,4467.95012653611
2020-07-11,710.5036000011889,94.58311049535853,91.3802954473074,7.8679395,0.6022086,43.218246,122.07092,12.020960442829349,14.350967385515448,13.020580089577761,14.817300330313962,1.1893137342050365e-09,4467.95012653492
2020-07-12,379.883370363458,230.76382049535823,91.36701417091626,7.9702377,0.6455893,36.172897,10.20125,18.628034208280315,3.8759206089452873,19.94344939586548,4.342292937487003,3.6345754294431275e-07,4467.950126171462
2020-07-13,282.61856185963563,191.2515804953583,91.32584299101995,7.852846,0.68264705,35.06414,5.8692117,18.835186143409565,2.4035174389237843,20.16050248538044,2.8698918094055603,1.8596352740946153e-06,4467.950124311827
2020-07-14,259.79277948984816,222.4241265939125,91.16440660445507,8.059544,0.7132992,33.68764,3.2021441,19.88058749751921,1.5261731158016247,21.255870450690765,1.9925585396444552,0.002247920687608932,4467.947876391139
2020-07-15,264.022566180781,286.60534158003827,90.87050527553913,8.099612,0.7205015,32.934128,2.259594,21.026136151812782,1.225823231206062,22.456172414797393,1.692222202142137,0.685883779738443,4467.261992611401
2020-07-16,278.52496483812087,323.86747990006324,90.53006641716131,7.8367305,0.70570177,31.393805,1.9577351,20.501846517926673,1.101963062059872,21.906823528605987,1.5683556466201745,0.06355177925894659,4467.198440832142
2020-07-17,288.39454902402275,339.9349516755772,90.17890569580483,8.020746,0.7182936,30.610514,1.7409997,20.242122913196372,0.9979370255867852,21.634686023390305,1.4643265628569817,0.016930116974390848,4467.181510715168
2020-07-18,301.59929426093737,357.8594426003863,89.83864147898636,8.381665,0.7424665,32.502792,2.031127,21.471146992095157,1.15332388360621,22.92245325205181,1.619728521799042,4.155180963680734,4463.0263297514875
2020-07-19,336.56504227607854,360.7646686808077,89.45836726008864,8.488178,0.74165606,34.193565,2.99505,21.786902400897496,1.590303884219983,23.253300690039033,2.056712680901307,26.53574548457109,4436.490584266917
2020-07-20,343.9206518477836,300.6889417749798,89.02382117975117,8.20545,0.6889415,37.159416,6.3682456,21.71151252615202,2.993229766470534,23.174307436988116,3.459637559911449,16.457018757319332,4420.033565509598
2020-07-21,382.4130445558115,363.6980421852021,88.5304589208183,8.405829,0.7315476,35.83242,2.915853,21.775148822540284,1.469980133103177,23.240985330813942,1.9363887729478366,65.71187666321174,4354.321688846386
2020-07-22,357.2895345896488,359.1900703397135,88.03302518736336,8.421558,0.74123377,34.88356,2.4015994,21.687655869394128,1.2594478502078152,23.1493105135871,1.7258553275329307,49.246680802734026,4305.075008043652
2020-07-23,331.39223830826074,349.8389000637993,87.60599070837588,8.323832,0.73918736,34.330254,2.4603443,21.679148967537515,1.313655905352467,23.14039701090113,1.7800632701131205,34.42611271966346,4270.648895323989
2020-07-24,334.05439615582424,366.1176372122063,87.1493426175321,8.416237,0.7500112,33.79608,2.333148,21.68727359260187,1.2713901996145671,23.148909965270917,1.7377976718795696,16.64417657934764,4254.004718744641
2020-07-25,376.3936559560218,397.23069267366645,86.67003329205009,8.589317,0.76129717,34.20137,2.2959752,21.74026524530931,1.235725274738041,23.204434437834873,1.7021334500353282,40.51469706381536,4213.4900216808255
2020-07-26,416.22955605660763,399.0418541388461,86.11567666964098,8.650391,0.76578635,35.297737,2.561391,21.693171741692314,1.3132428600863062,23.15509002572607,1.7796504104423931,71.367948459575,4142.1220732212505
2020-07-27,421.45708172344337,442.3227769131245,85.49650445810805,8.727304,0.768677,35.729652,2.627386,22.55461636836284,1.39672454577556,24.057708760850307,1.863143928674845,72.93680418419424,4069.185269037056
2020-07-28,418.28471861995746,490.733292883957,84.92422370286494,8.53298,0.7741977,33.059948,2.1278315,21.77386146581352,1.2026827461027665,23.23963644283625,1.6690913687788722,88.1355530535284,3981.0497159835277
2020-07-29,392.88716425018157,529.8889718012011,84.26128279779526,8.7914,0.7635341,31.24817,1.5761031,21.686830142597163,0.9616649253935345,23.148445319871843,1.428072391788897,15.272494648256425,3965.7772213352714
2020-07-30,458.7539392636296,658.8340280176274,83.74011204194939,8.557848,0.7244887,30.525986,1.4083226,21.508378136039095,0.881883065921703,22.96146391740797,1.3482881885199984,6.334332482588634,3959.4428888526827
2020-07-31,457.96920567819376,631.052242304471,83.18189610156494,8.596172,0.74581265,31.137169,1.539935,21.657941174837458,0.9458558268736648,23.118175558205223,1.41226291137019,11.863329244837852,3947.5795596078447
2020-08-01,472.1857578456588,613.08277530009,82.66768984497953,8.71855,0.7596694,31.719597,1.6158801,21.712150280960184,0.970828366690252,23.174975674296057,1.4372361685907509,15.270465023740378,3932.309094584104
2020-08-02,463.1721818097343,558.7415277941914,82.16301448872825,8.58091,0.7574815,32.555252,1.7844929,21.68912086706936,1.0343301334036286,23.15084553314336,1.5007376301221393,14.761047171204925,3917.548047412899
2020-08-03,438.4502543864635,539.6766473138089,81.59200946556602,8.809059,0.76767206,31.576849,1.6565889,21.371073812752496,0.9766455178444462,22.81759691681962,1.443048861863521,3.8830851065298115,3913.664962306369
2020-08-04,938.9559656524818,979.7764271895898,82.07403092354677,9.498127,2.0869393,29.885065,1.2312112,19.908459056349407,1.1992745459760459,21.28507417475889,1.6656602816155188,0.004094724476958667,3913.660867581892
2020-08-05,122.80025664121744,274.0183304953579,83.08906868007492,10.3403,1.5539815,23.545462,1.0095475,19.458966361621574,0.8469088527711117,20.814097265736976,1.3132896683208801,0.0002566412174464699,3913.660610940675
2020-08-06,122.81161527605283,390.4999004953579,83.12639456475758,9.911566,1.3497505,23.302568,1.0339547,20.098723176599353,0.850287845218892,21.484432269571425,1.3166757330529928,0.011615276052835879,3913.648995664622
2020-08-07,122.80000490953208,3197.7999904953595,83.6234294920753,9.399565,1.3696206,15.885047,1.0804427,15.645205590178833,1.0417186167692385,16.81805176610829,1.5080669834034788,4.909532140167194e-06,3913.64899075509
2020-08-08,122.80227916442163,1444.5924104953565,83.85000207067618,9.56786,1.2849619,20.692015,1.1000859,19.82045911075942,1.018882225540671,21.192868132582465,1.4852669797575788,0.0022791644217531764,3913.646711590668
2020-08-09,123.00300224086926,905.7025604953564,83.8118213773015,9.339197,1.2028269,22.205257,1.0805126,20.666854109767826,0.9621253865408683,22.07971791928691,1.4285199471698364,0.2030022408700599,3913.443709349798
2020-08-10,123.60256467470813,682.4573304953599,83.61127281747666,9.214737,1.1221443,23.108223,1.0668324,20.977772712010488,0.9194866496861676,22.4054973678947,1.385885018348978,0.8025646747085405,3912.6411446750894
2020-08-11,122.8842399350776,939.4993004953582,83.41297008553174,9.318544,0.9533953,21.94477,1.0933421,20.484314980929096,0.9731454900136707,21.888454044068485,1.439537866452323,0.08423993507760219,3912.5569047400118
2020-08-12,123.02600585440287,1800.8049304953588,83.49870065392919,9.088688,0.9530006,21.486082,1.0989885,20.69328793894137,1.030513546385151,22.107415195135427,1.496908426468573,0.22600585440355586,3912.3308988856083
2020-08-13,122.80353689665802,858.2274604953578,83.38645141899038,9.089457,1.0206087,21.442291,1.0209886,19.89598763013375,0.9022739669744864,21.272006657001562,1.3686595629874274,0.00353689665802283,3912.3273619889505
2020-08-14,122.80365293825587,699.2282304953579,83.24547060238454,9.146528,1.0280708,21.79019,0.98926246,19.90134838556409,0.8553771916284838,21.27762363821665,1.3217628476371222,0.003652938255869308,3912.3237090506946
2020-08-15,207.8434740214608,640.2270278671847,83.07739176534874,9.092739,0.98510414,23.341904,1.000275,19.849746062970617,0.7927848802398668,21.22355490099692,1.2591699600975303,0.002704363106100073,3912.3210046875884
2020-08-16,236.72337321639452,604.8512481972648,82.85239969271018,8.998068,1.0151592,23.423725,0.96579057,19.365986024022362,0.7505672724726539,20.716672785837908,1.2169470991077225,0.00012921570547935803,3912.320875471883
2020-08-17,256.88733756957373,576.5986524101797,82.58231805254454,9.04228,1.030283,22.97563,0.90341395,18.681255182818703,0.7010175344864683,19.99921415106,1.167390382954642,5.493471713265399e-06,3912.3208699784113
2020-08-18,126.32189857995536,410.1278152366486,82.42546726573511,9.20661,1.1025096,21.648678,0.952325,18.718849317924594,0.7729761010931295,20.03860515731483,1.2393493187779785,5.791908092919966e-06,3912.320864186503
2020-08-19,231.79505648883713,453.48047586904926,82.12557312308068,9.172768,1.1251596,23.491037,0.9725818,18.647869935992002,0.7477121505978465,19.964233203556738,1.21408467254018,5.332748349971359e-06,3912.3208588537545
2020-08-20,268.6347136346817,519.1070484951151,81.77095501255494,9.186867,1.0729814,23.351982,0.95318687,18.521412137658388,0.726937354156025,19.831731154737135,1.1933086508291884,4.945550030064587e-06,3912.3208539082043
2020-08-21,252.80034702211904,486.8473605743833,81.43413091082799,9.15177,1.0210981,23.95014,0.9614469,18.892281880877878,0.7226916545380918,20.220327203927724,1.189066596450472,8.810099608872967e-06,3912.3208450981047
2020-08-22,260.4858285864321,474.4566415518824,81.08906224368685,9.12258,0.97594637,25.157862,1.0230017,19.474472977454734,0.7455222199327147,20.830345044800247,1.2119032013685809,0.00026037719985309897,3912.3205847209047
2020-08-23,276.50034346754904,470.6785367514636,80.72245185213815,9.097587,0.9420975,26.492111,1.0977846,20.055109108466894,0.774448755025819,21.43873359806947,1.24083614585785,0.008871673468021582,3912.3117130474366
2020-08-24,280.38682222861314,478.32248422843736,80.32783128060159,9.079561,0.8904843,27.295246,1.1693206,20.563500569326955,0.8073073000690709,21.97142443290937,1.2737006193323257,0.12447112963547823,3912.187241917801
2020-08-25,270.44762641166955,493.1326327934321,79.93865798466537,9.006153,0.9611193,26.936804,1.2149498,20.58606089797924,0.8552965231996057,21.99506306815261,1.3216901123900127,0.1397174619578997,3912.0475244558434
2020-08-26,308.0470225286013,500.9138924524677,79.5307096605694,9.117325,0.99274886,25.365843,1.0313938,19.178513500004865,0.7421434054443248,20.520239716015137,1.2085212682293105,3.854771033968296e-05,3912.0474859081332
2020-08-27,279.2388621896835,665.568885912206,79.17921695109345,9.379009,0.7748667,23.210894,0.94549054,19.12286655337725,0.7043218170975436,20.461933035558292,1.1706991046930342,2.7152487661398168e-05,3912.0474587556455
2020-08-28,434.5290535068639,567.0239934692546,78.93217923934097,9.094624,0.79555357,26.480238,1.0777551,18.937397778196207,0.7010234110929651,20.267599486916886,1.1673988071747021,1.050811596231828e-05,3912.0474482475297
2020-08-29,291.0032617833625,670.9379103403926,78.68843955072654,9.104225,0.97024494,23.430468,1.0432751,19.09654012440942,0.7846339788022918,20.434348293278195,1.2510109955109008,2.3616522896290116e-05,3912.047424631007
2020-08-30,302.3769821226777,478.6310228204047,78.56831793094598,9.28038,1.125205,24.301466,1.0214157,18.485865449805075,0.7626322816751934,19.79448545671471,1.2290032372234898,4.9306026921028085e-06,3912.047419700404
2020-08-31,294.175471735922,581.5724349717827,78.27755356402103,9.419867,1.2673622,23.072481,0.9814076,18.48638473688153,0.7784635080967653,19.795029563938325,1.2448344686180164,0.0,3912.0474147491786
2020-09-01,283.85066746600484,578.0064676813727,77.99584255411612,9.712126,1.4447235,21.548094,0.9562189,17.649944920648313,0.7985327641034793,18.918610783715636,1.2648961142228963,,
2020-09-02,165.26017209879996,584.4992304953581,77.90972509909685,9.845135,1.3812407,19.992432,0.9887018,17.755788756065968,0.828723753528323,19.029513592657203,1.2950880224610721,,
2020-09-03,116.3368420988,577.8315704953579,77.84051571691758,9.794912,1.5018486,18.78984,0.98475105,17.28236565137999,0.8574871241866111,18.53346248188316,1.3238473829096318,,
2020-09-04,116.3368420988,543.147520495358,77.71181952134104,9.923292,1.5542481,20.585361,1.061896,18.704511008190632,0.9165418191738155,20.023581525388646,1.3829148958496975,,
2020-09-05,122.0956720988,465.639760495358,77.59043811089626,10.054359,1.6231613,20.551401,1.049521,18.37075438704395,0.8972640669153105,19.673872478641083,1.3636339277121865,,
2020-09-06,231.9231266764428,566.2406771720996,77.32329021494057,10.149342,1.6594692,21.595102,1.0177423,18.26929800512418,0.868226718330749,19.567566828476842,1.3345956268000696,,
2020-09-07,252.84980653634108,544.4470833200252,77.04871103593516,10.167685,1.6621094,21.86029,1.0155354,18.152169756257067,0.8710644962231044,19.44484024969677,1.3374323198979599,,
2020-09-08,293.91313679419096,570.503015568227,76.69116284541322,10.063715,1.6026596,23.13692,1.0660677,18.691854790850652,0.8899345598328587,20.010320384122927,1.3563075122375097,,
2020-09-09,336.2247000523958,621.7967653320567,76.25644181489261,9.911482,1.5280937,23.785707,1.1184025,18.91644565144292,0.9025135475231904,20.245645920126055,1.3688887323961623,,
2020-09-10,306.1198865931247,583.3218219612347,75.87315561599982,9.980953,1.5646663,23.469948,1.1697973,18.827429416039895,0.9373216518891132,20.152375012957545,1.4036959450269293,,
2020-09-11,311.6833007221604,517.2278197448105,75.57352222221951,10.106564,1.6106142,23.706451,1.4404291,18.592684898446393,1.0837997647268744,19.906410509857064,1.5501717497240866,,
2020-09-12,307.8647568361658,519.3677385137343,75.23290750130366,10.398336,1.6744452,22.463926,1.4770851,17.973568498125395,1.1172956672489296,19.257702461944262,1.5836618669898959,,
2020-09-13,346.5107836055568,572.8845692929037,74.83719233040684,10.622274,1.741849,21.286299,1.4597471,17.267136132282392,1.1217461573277177,18.5175050438322,1.5881062913016757,,
2020-09-14,369.4276381384871,602.875641362052,74.4121566400853,10.584478,1.7240549,21.305925,1.6350188,17.23230047998487,1.2070098064864416,18.481004366434576,1.6733696561094764,,
2020-09-15,385.1917798869573,607.8092046393429,73.90945612229885,10.68564,1.7446479,18.202394,1.3937476,15.286594848534852,1.0889401074323706,16.44230065686322,1.5552862784215373,,
2020-09-16,397.845067458297,626.2961460186409,73.41950249631888,10.746048,1.7809536,17.159666,1.5195323,14.668187066900874,1.1585075294300067,15.794335097188386,1.6248502596302519,,
2020-09-17,396.24988980170446,689.3478349167326,72.86019043870324,10.789349,1.8054694,17.375395,1.5336407,14.971447181046566,1.1758738632802066,16.1120900081474,1.6422182261523393,,
2020-09-18,448.0720837590801,680.01768481951,72.32814687952683,11.008068,1.7646803,17.344616,1.4698191,14.827768182872044,1.1297403198914988,15.961543645002223,1.5960838961226034,,
2020-09-19,473.7091729500774,671.35377481951,71.7807441035147,11.174656,1.775968,15.196551,1.3546927,13.532705023984564,1.0819668419009305,14.604580894071864,1.548304393180704,,
2020-09-20,383.2967817530414,636.8521635487007,71.2706948264294,11.134779,1.7271423,14.125052,1.2361282,13.001528083361077,1.0082695061490485,14.048015511424111,1.4746051410008372,,
2020-09-21,400.30214952884165,652.02938481951,70.74397567317254,11.106665,1.7633749,14.314245,1.3349457,13.09409610405987,1.0649429501435081,14.145007967084359,1.5312788957519772,,
2020-09-22,341.9999944081616,565.1494248626633,70.26621388109649,11.013594,1.776049,15.099126,1.4005884,13.558859224773572,1.0998621296765643,14.631985176254926,1.5661997836536699,,
2020-09-23,308.26091417362903,520.2006532233714,69.81775288674864,10.928427,1.8013855,16.640902,1.5455214,14.51535612031884,1.1794248212543936,15.634199353786187,1.6457667685137747,,
2020-09-24,314.26577046398296,516.8762632077477,69.2761490022192,11.020475,1.8016391,17.571918,1.4143109,15.094731400319937,1.1125009577280238,16.24126679167602,1.5788460144005803,,
2020-09-25,317.32744222662285,514.2612090230145,68.73313381905247,10.963905,1.8478446,18.901445,1.62367,15.872544887056558,1.226945742057246,17.05625710425626,1.6932955767811952,,
2020-09-26,313.82951629862936,500.96068026015496,68.25312457187793,11.369289,1.7910622,18.494171,1.084817,15.749908630622524,0.9595661755588619,16.92775925397575,1.4259152109918398,,
2020-09-27,316.3793317753413,507.6278346231808,67.75713023774148,11.028109,1.957606,18.91543,1.4250277,15.887075949468128,1.155692740519645,17.07148270177915,1.6220426710906255,,
2020-09-28,299.7925702003452,500.388640845552,67.30150181370314,11.07691,1.8941876,20.822598,1.5486398,17.171318694452076,1.2006212821223972,18.41710786000912,1.6669806373140066,,
2020-09-29,290.58864385711973,493.13319552874896,66.87157924686623,11.324732,2.1099434,21.177273,1.540726,17.524144384108215,1.245743286632168,18.78679741155654,1.7121055613592848,,
2020-09-30,54.93684209879923,635.6159304953566,67.43871535980132,11.63685,1.8210382,18.152311,1.7671896,17.63397461771889,1.6330398164375204,18.901877154897935,2.0994030290336276,,
2020-10-01,198.26349505123707,365.71628265143727,67.41171628225574,11.707373,1.8870043,19.609196,1.5887825,16.831360198305777,1.2253489312776082,18.060900509837015,1.691705608071675,,
2020-10-02,253.56508269117552,543.5290465871992,67.1316117853937,12.0501995,1.797914,17.305723,1.0875764,15.633878864811098,0.9365315872978178,16.806183661986452,1.4028798823332402,,
2020-10-03,270.2050352830505,536.6220288845366,66.81934040879423,11.94574,1.7458838,14.355157,0.96293354,13.548247121186089,0.8672030467964233,14.62086585039162,1.3335406590096226,,
2020-10-04,286.24415216037085,529.7886792056181,66.45811115476452,12.432396,1.7190306,12.2450695,0.85500246,12.310778986829874,0.8195880687251766,13.32425096928638,1.2859216941159044,,
2020-10-05,284.9255857781412,515.0701057491043,66.09520901360372,12.708582,1.8057557,11.702883,0.99611014,12.06107147281709,0.908260203595261,13.06260828968622,1.3745932368601004,,
2020-10-06,290.6052741293264,502.85954492191263,65.71266396623936,12.393644,1.8667264,12.776179,1.1192559,12.636076463120197,0.9851778511442563,13.665096552969587,1.4515123548743278,,
2020-10-07,293.42313981678524,508.4989018329027,65.31107901923971,12.5400505,1.906967,13.175485,0.9196139,12.942979408697083,0.9093431583235004,13.986668410249811,1.3756786016834377,,
2020-10-08,285.0950341977681,516.6236583763962,64.92738701390279,12.371508,1.7738863,13.327456,0.9054758,12.987516459427445,0.8592820727196314,14.033334179762791,1.325617661387522,,
2020-10-09,296.21191719405977,509.2638932622974,64.46680198220885,12.263233,1.8414091,12.238997,1.047576,12.247910092904728,0.9472321141068712,13.258377157138176,1.4135655837004866,,
2020-10-10,302.2492803929657,515.6993045056014,64.03729048236956,12.168953,1.9662335,13.451039,1.0425466,12.97728131699911,0.9797675563276246,14.022609832513467,1.4461031114012484,,
2020-10-11,300.24874269966165,511.558774018681,63.61217305322694,12.336948,1.9117712,14.660096,0.8273633,13.800875006103329,0.8785039998064064,14.885568484642683,1.3448426411996888,,
2020-10-12,272.92601468580904,469.3305773358756,63.23045558486699,13.204023,1.8406441,14.135022,0.73132825,13.792696079003564,0.8196900231920573,14.876998632785812,1.2860286301218884,,
2020-10-13,224.54266894693356,402.2816501823847,62.890401900440686,13.063658,1.754853,12.234498,1.0114793,12.531521822466095,0.9036380959503988,13.555544557894377,1.3699723041725624,,
2020-10-14,217.96190722568497,396.8822870338163,62.49982648586167,12.578493,1.8204362,11.375648,1.1577241,11.802055597062592,0.987392027399913,12.791212340472136,1.453724521821517,,
2020-10-15,250.3179077257031,447.4686510160757,62.039806177496374,12.451666,2.023709,12.12345,1.0715687,12.24119150111864,0.9996113926830968,13.25133743963107,1.4659448458945583,,
2020-10-16,247.5773266386408,470.9987798206149,61.63084763120143,12.80526,1.7463956,13.54721,0.72826064,13.291579188464198,0.7680519859255862,14.35193006786106,1.2343886272540605,,
2020-10-17,238.70979236358323,448.1724489077295,61.30682678934338,12.748512,1.6706241,10.716147,0.862266,11.42244809716074,0.8084587285585898,12.393460899698296,1.2747905719040018,,
2020-10-18,266.1229382441473,460.4420782855251,60.9294652168453,12.683548,1.706504,9.578065,1.0676489,10.71552716414326,0.9211239622312817,11.652751562570904,1.3874550323754744,,
2020-10-19,270.90629931294313,469.7078001020744,60.54628280143706,13.574968,1.9315362,10.790293,0.9563175,11.80888820230434,0.9311484654384015,12.798371520888345,1.3974809730888105,,
2020-10-20,269.63638410267043,489.70830595913606,60.16518909065611,13.926163,1.9983704,12.511811,0.97473896,13.014034580559823,0.9479964304080761,14.061119776437636,1.4143321066723553,,
2020-10-21,273.2867879013272,473.5983972190216,59.74536329116689,13.319216,2.0747077,13.539584,1.2154708,13.458950925483173,1.0818105836852863,14.52730160177788,1.5481478495753915,,
2020-10-22,277.9445862947316,464.9490704975715,59.36703744584402,13.221636,2.1166818,15.08595,0.99184597,14.388439559977497,1.0062284841366191,15.501216615703086,1.4725698015157396,,
2020-10-23,270.3041357472096,445.32113506640496,59.08997263676488,13.512608,2.091977,16.251844,0.9384316,15.21718691904907,0.9825471138202333,16.369575265607157,1.4488928768374127,,
2020-10-24,269.7141544000366,437.6522121314629,58.806510935952716,13.452164,1.8123506,16.044586,0.75413805,15.056112497327984,0.8338099762444853,16.20080203713317,1.3001548137136467,,
2020-10-25,271.20711685736103,438.459301917414,58.51403845967818,13.121471,1.7065005,11.44054,0.71786594,12.082927304071422,0.7886859672838937,13.085508754964088,1.2550190495270788,,
2020-10-26,258.2944613301623,412.67717197056754,58.25736356377741,13.312517,1.7280931,9.206936,0.8632702,10.787403451472937,0.8511467945566139,11.728063290738142,1.317477917212527,,
2020-10-27,248.65354022594784,412.0110965389024,58.01428856998773,13.117548,1.7134488,9.163832,0.91844445,10.65188706429504,0.8625239225399506,11.586069683492736,1.3288549511217826,,
2020-10-28,250.5972250293674,449.0229095633457,57.84865845546728,13.029118,1.6317306,9.359251,0.7969524,10.673762042198227,0.7766783353791712,11.608990210563825,1.2430093777247275,,
2020-10-29,332.23878740720005,819.418160495358,57.97116535398645,12.055752,1.6548325,8.595908,0.6649615,9.594030267388966,0.6721309018495278,10.47765094779711,1.1384619180413313,,
2020-10-30,38.77894740719971,1794.1726904953537,58.570691717854416,10.883408,1.1739563,7.557292,0.72408134,7.627661141918331,0.7091973075880226,8.417296099825572,1.175531701616515,,
2020-10-31,38.77894740720336,577.6089304953596,58.91340832917123,10.756432,1.0312266,5.5130005,0.71359545,5.842881632626685,0.6718407243323111,6.547210230953326,1.138182012956167,,
2020-11-01,45.001706807993386,426.33320970881175,59.19826472999695,10.643021,1.0619062,5.64345,0.5964626,6.120794477126498,0.5489580157375107,6.838406359422697,1.015297991302191,,
2020-11-02,38.77894740719841,273.9208904953594,59.57311743418451,10.299107,0.9955935,5.5571265,0.76033145,6.145195250210261,0.6773873529152442,6.863973406049993,1.1437272174116007,,
2020-11-03,160.49885638315837,280.9360391761314,59.77745161073198,10.430395,0.99844664,4.6240377,1.0706236,6.7351389020723325,0.7720342184197236,7.482114347849583,1.2383716048473858,,
2020-11-04,202.02568632067616,324.6488230083092,59.89443242864457,10.688108,1.0213139,4.890991,1.5030766,7.114692124859104,1.005936934290901,7.879808917247777,1.472272936830766,,
2020-11-05,214.03212641398304,360.0020625709128,59.94688248675756,10.739988,1.0603064,6.556263,1.6817752,8.11619032566743,1.1263743075766675,8.929175308604405,1.5927074495263662,,
2020-11-06,223.4824152092588,383.63375566443807,59.94980222197596,10.742538,1.0607767,8.344705,1.5534788,9.227358920532538,1.0564473562654415,10.09345396396424,1.522778666879605,,
2020-11-07,229.11926854500345,401.1719371647095,59.912690253890354,10.723164,1.0537927,9.056957,1.5152729,9.66264550286967,1.0377410404422671,10.549545756984344,1.5040720186195597,,
2020-11-08,231.5319984826045,413.9735188172368,59.83807870641367,10.703894,1.0543311,9.033105,1.5488793,9.632388793312325,1.0628745316257717,10.517842880137545,1.5292055259022819,,
2020-11-09,219.08044275969803,397.2685487892646,59.77064851140403,10.697634,1.0524573,9.12493,1.5399041,9.683945734268061,1.0607057833403624,10.57186406663238,1.5270367508121019,,
2020-11-10,221.73689922304257,407.36045578021367,59.68188631428373,10.760637,1.068991,9.353804,1.3421417,9.84966795278187,0.9472413081375683,10.745507240698084,1.4135722100418846,,
2020-11-11,89.43581369170647,514.1535708219144,59.744708695399694,10.552227,1.1185687,10.240561,1.0676844,10.28674117482796,0.9244610064203577,11.20347106869791,1.39079188607144,,
2020-11-12,38.7789474072,433.6815704953582,59.95780807720349,9.887356,0.9358279,9.563859,0.78672624,9.590411185793364,0.7262262809350877,10.473858886472451,1.1925572992814546,,
2020-11-13,71.91620549647476,356.2176501106034,60.06196830969772,9.806932,0.9408716,6.6630955,0.7012123,7.191184582328175,0.6044527538958779,7.959957452707484,1.0707884974859576,,
2020-11-14,111.71209918992317,401.1907990545675,60.09627124682622,9.478935,0.90416044,5.31263,0.79043394,6.220066430632616,0.6488795425157133,6.942423172962211,1.1152190704611025,,
2020-11-15,97.8323431245684,439.34712348130887,60.13564333124112,9.426294,0.9389508,4.7027736,0.8394187,5.563031887018403,0.7075182309814078,6.2539846241234684,1.1738609310758295,,
2020-11-16,38.7789474072,254.583150495358,60.47018812344898,8.89868,0.87569433,5.516937,0.86015785,5.963962598326421,0.7553774058344512,6.674078452918934,1.2217181115260396,,
2020-11-17,69.52175285396413,364.4242915906238,60.590159316201145,7.8464384,0.8842837,4.081114,0.8012938,4.6843500219564485,0.6876710186834861,5.333304769535246,1.1540187326858575,,
2020-11-18,111.45999039915694,417.1018331210454,60.58892889447903,7.000975,0.82601756,1.9237812,1.1967738,2.9944297856619744,0.9603342200775455,3.5626121226492358,1.4266940591721966,,
2020-11-19,113.36432655568422,417.8503695214495,60.5764141087048,8.235537,0.8534009,0.9499942,0.7567259,2.504771606867885,0.6224741459997355,3.049549956721538,1.0888381086134322,,
2020-11-20,112.15360879608704,432.551400274888,60.655674625433406,8.895437,0.8623041,1.8115659,1.3891963,3.2701200008194373,1.117359816028568,3.85147938769137,1.5837174541205798,,
2020-11-21,129.28202671756517,430.8987324858776,60.72724689823522,8.235146,0.831647,3.4919953,1.2375499,4.586649274860753,0.9710966278936397,5.230934260701673,1.4374449539421328,,
2020-11-22,139.43387199690403,435.74547524617657,60.769634249308915,7.9172287,0.89179134,2.7658386,1.1943822,4.014628705413012,0.9303097517863042,4.631573063388827,1.3966618803180342,,
2020-11-23,89.22872740719998,737.179090495358,61.161711448735836,8.15662,0.8491016,3.085215,1.0878868,3.6327837359246047,0.9747466864101468,4.231477209630604,1.4411015615113045,,
2020-11-24,38.778947407198906,436.79319049535707,61.48649693882726,7.8242335,0.7854269,3.051803,0.9763126,3.4409550692386475,0.89898665785139,4.030479788410551,1.36534297568055,,
2020-11-25,137.69781788923478,577.5519524178538,61.59558053171795,8.158178,0.8572679,2.9495769,1.1022537,3.952321751808596,0.9052229352905371,4.566288050387786,1.3715755006050567,,
2020-11-26,41.27159740719783,539.7768604953566,62.00933570091569,8.6224785,0.9013177,5.1251917,1.0409443,5.373602317156363,0.9691234482625073,6.055500968354614,1.4354671546122233,,
2020-11-27,38.77894740720101,420.923980495357,62.40182881157145,8.332378,0.846835,6.6791134,0.82005054,6.818577099450124,0.7542643870820803,7.569540605842824,1.2206014551566886,,
2020-11-28,59.68975165241984,504.6825888401647,62.65871560141743,7.701281,0.7717945,5.7046933,0.71245784,5.915858568783512,0.6423139724206566,6.623675215199273,1.1086549076968322,,
2020-11-29,82.89822629559477,470.59903863407874,62.86524633688315,7.893636,0.78053486,4.3897543,0.8192592,4.914536648684268,0.7062989897488109,5.574493530167036,1.1726453049064745,,
2020-11-30,510.4997474071973,439.36573049535616,63.37898631123853,8.453791,1.0961118,3.5791416,2.626935,6.198993759592028,1.3503758739908474,6.920343300279205,1.8167154960110012,,
2020-12-01,213.6961474071986,663.067130495353,64.35744856980347,7.626624,0.8731176,6.260481,0.8761311,6.593455073080631,0.6959247858117554,7.333658516154019,1.1622627310652176,,
2020-12-02,38.77894740719886,784.2547304953567,65.14191779718419,6.405181,0.758983,4.8205824,0.7743572,4.895244053312477,0.738737803233102,5.554278814684912,1.2050842333053118,,
2020-12-03,38.7789474072,679.9650904953578,65.8414253881967,7.234827,0.7604189,3.2789984,0.7182812,3.4924302279043276,0.6807646634114833,4.084415283701423,1.1471205899690262,,
2020-12-04,38.77894740719862,658.0779904953563,66.4929565667522,7.596741,0.80959845,3.6198838,0.833404,3.841189378762038,0.788314904202481,4.449843929796615,1.2546682595961012,,
2020-12-05,38.77894740720107,542.5265304953602,67.0968499361153,6.6215653,0.7244456,4.1412883,0.7365475,4.306747814893616,0.6891091083888676,4.937654467743383,1.1554592483163275,,
2020-12-06,38.77894740720129,495.479130495361,67.63689330907745,6.1920137,0.6921982,3.218281,0.85206723,3.434128444347588,0.7918158387392793,4.023326874185349,1.2581722086863776,,
2020-12-07,38.77894740719907,485.5277104953605,68.10425436999286,5.944052,0.6982856,1.7778922,0.9117721,2.086031174310542,0.8459133949114558,2.6107951628805153,1.3122811013214144,,
2020-12-08,38.77894740720156,442.70486049535725,68.51603085301882,5.568732,0.7101193,0.7823248,0.823761,1.1678244111664362,0.759571181975567,1.6487012551909208,1.2259477995916679,,
2020-12-09,38.77894740719992,439.28171049535575,68.88395215442733,5.779421,0.7828169,0.7465106,0.81391376,1.1547662673480887,0.7505822493363719,1.635018976735088,1.2169590006344964,,
2020-12-10,38.77894740720168,460.56145049536025,69.24110507523156,6.0319667,0.7338604,0.9679675,0.7866043,1.3612394316262326,0.7277513252313307,1.8513608524725234,1.1941259856036643,,
2020-12-11,38.7789474072,458.310380495358,69.4384377601172,6.542804,0.74866223,1.5911801,0.69243467,1.9774662995367107,0.6410824119538117,2.4970412582029535,1.1074511217316327,,
2020-12-12,38.7789474072,478.2626704953579,69.53717552977606,6.5596786,0.74808574,2.3621264,1.0530039,2.6769494720372915,0.9756415949444622,3.229957335285454,1.4420040763555804,,
2020-12-13,38.7789474072,478.1692004953579,69.639727991966,6.4735346,0.74372363,2.8549285,1.0253909,3.1263788040231515,0.9501104262073382,3.700867853042922,1.4164692010279323,,
2020-12-14,38.7789474072,458.4506304953579,69.83733985139246,5.1607203,0.7317873,3.0894127,0.9434291,3.2509540261445298,0.8717213441219331,3.8313973449426086,1.3380791324163581,,
2020-12-15,38.7789474072,442.8037204953581,69.99560797638615,4.466237,0.68101734,1.4114652,0.9793262,1.6574475231655985,0.9021352380502751,2.161726678250764,1.3685069838928798,,
2020-12-16,38.78832500932965,307.24454794684584,70.0578464973168,4.948763,0.7103238,-0.099161744,0.31004235,0.466682014599873,0.2865720614209953,0.9140466488038581,0.7529561327631824,,
2020-12-17,60.1263674072,165.537290495358,70.04586337707555,4.7687335,0.6937675,-1.0395237,1.187046,0.5080422940170761,0.8901706316096752,0.9573838081941612,1.3565542476566441,,
2020-12-18,38.7789474072,391.910470495358,70.00837702120045,3.7435672,0.62058544,-0.44784343,0.3944716,-0.07045200645059632,0.36327672503991226,0.3512394576479734,0.8296668868095153,,
2020-12-19,38.7789474072,425.97073049535805,70.02118931467885,3.6137311,0.63500684,-0.56363,0.31009376,-0.21506886627684485,0.28911606122693256,0.19971040627003495,0.7555079191338521,,
2020-12-20,38.7789474072,413.8441804953581,70.05084893976733,4.4724603,0.7371282,-0.2420578,0.27159306,0.1618633363546287,0.25622897205373124,0.5946586797090164,0.7226164591750205,,
2020-12-21,38.7789474072,432.4571004953581,70.08068242567643,4.853357,0.77542514,-0.09230554,0.4152546,0.31468280833100754,0.38638804679815303,0.7547824000586345,0.8527738081545582,,
2020-12-22,38.7789474072,449.157700495358,70.121674384842,4.41214,0.74015594,0.4174534,0.5880398,0.7349326091790283,0.5444919977611657,1.1951187048351122,1.0108731509881386,,
2020-12-23,38.7789474072,448.5921204953579,70.25626934941423,4.5627556,0.7394544,1.1657594,0.581153,1.436050282880617,0.538138108929449,1.9297474066887657,1.0045120237333192,,
2020-12-24,476.9965474072,2090.862730495358,71.15290114105372,6.601584,0.97988415,2.0256848,1.0154877,2.875687831075554,0.8466517243445704,3.43819470853265,1.3130125382083497,,
2020-12-25,38.77894740720057,8901.053930495356,83.14322111711463,4.9905095,0.840954,5.3718195,0.9671934,5.370165460771873,0.9630048752309658,6.051899841983251,1.4293486002164102,,
2020-12-26,54.936842098799886,3847.68313049536,88.89205972293381,4.072117,0.52371943,1.9347969,0.7064756,1.9648837961101464,0.6965696432933199,2.4838573541237357,1.162938470231488,,
2020-12-27,2712.9159479352,5806.901315029758,88.45032070219571,3.9995322,0.54095215,0.20469737,1.2263986,1.4130646010232095,0.8534472615800356,1.9056630878111966,1.319821404779227,,
2020-12-28,2712.9159479352,4363.849715029758,87.13802360307272,4.221171,0.60012716,1.7128187,1.0252209,2.6744089516799225,0.6727566526073238,3.227295386739337,1.1391191556274807,,
2020-12-29,2712.9159479352006,3274.5619150297584,85.67256014146815,4.272051,0.5388905,0.36282253,1.7199656,2.1340871802132293,0.9718258896517356,2.661148081594112,1.438193156226434,,
2020-12-30,2353.398615675293,2934.2498150297583,84.35883579306717,4.3596125,0.5789723,0.31796682,1.9604357,2.1168011008577254,1.1179974635026764,2.643035786734922,1.5843648879850636,,
2020-12-31,387.7894737035985,1238.5262304953562,84.89010047079995,4.768117,0.62521005,1.119886,1.0616261,1.9897943500042579,0.822114649689596,2.509958547341517,1.2884832448519594,,
2021-01-01,1998.468356339076,2603.5090150297583,83.76016011652965,5.498442,1.0020107,1.4779468,1.0451733,3.2238990337292153,0.7341465461131874,3.803049216372707,1.2005045471507385,,
2021-01-02,54.93684209879983,2469.0264304953566,84.7677218137203,4.473093,0.8286332,2.7408454,1.0136786,2.778549719617022,0.9917787594631658,3.336413727396423,1.458140382737459,,
2021-01-03,387.78947370360027,1995.69449718565,85.33536987343777,4.0772214,0.6762157,2.0500283,1.0080057,2.3798497716813056,0.8511451691091155,2.918657284836971,1.3175102276144746,,
2021-01-04,387.78947370360015,1777.254433248084,85.6698789758464,3.8374104,0.54815465,2.3519263,0.9324816,2.6179971923322025,0.7717321620111088,3.168187338128748,1.238095146757246,,
2021-01-05,387.7894737035997,1681.173028258819,85.88409259793893,3.5463033,0.4750705,2.4166265,0.92219186,2.628363871850003,0.7546156247756789,3.1790495094907785,1.2209785207230412,,
2021-01-06,387.7894737035991,1613.2778304281903,85.96423359318462,3.3417888,0.4527549,2.1651468,0.90160227,2.3931698222882853,0.7321558732269016,2.9326139883306492,1.1985208140305792,,
2021-01-07,486.7271183772671,1574.9324962737232,85.83916797388554,3.2497122,0.44348577,1.4517913,0.8977134,1.8762536337445541,0.6937231313197403,2.3909909729641217,1.1600927886550303,,
2021-01-08,387.7894737035997,1288.912480807844,85.77006420875283,3.0811458,0.44892246,0.42948472,0.8163213,1.0427638088298103,0.6360530451843319,1.5176631835608871,1.1024309511095463,,
2021-01-09,515.4831784692635,1351.2290028739333,85.44923874161317,3.0825915,0.44326523,-0.36207998,0.81535465,0.5891487316934182,0.602758197034903,1.042366856342945,1.0691409259382954,,
2021-01-10,387.7894737036006,1078.5890600012156,85.26467578448961,3.0737658,0.44536668,-0.63643706,0.8872861,0.3447404227909212,0.6631822520855228,0.786276665742917,1.1295676771487575,,
2021-01-11,387.78947370359936,875.4209856520933,85.17074817859829,3.1578667,0.43070382,-0.6562289,0.908914,0.514649729778164,0.6436167188732882,0.9643070567982399,1.1100002623665979,,
2021-01-12,387.7894737035993,823.5751089972565,85.09715777207019,3.2218456,0.43177143,-0.3317715,0.8942633,0.8058342553911321,0.6235001291792921,1.2694092073710017,1.089880524863029,,
2021-01-13,387.7894737035997,800.5218704953594,84.99807117933297,3.2596831,0.42645907,0.17747891,0.88706124,1.1833149298205419,0.6135721252747814,1.6649321676850037,1.0799485845603907,,
2021-01-14,387.7894737036006,793.9102104953574,84.87199329503645,3.3192718,0.4251993,0.41902578,0.89287865,1.370777644619014,0.6158840392442267,1.86135495944161,1.0822586042023312,,
2021-01-15,387.78947370359936,779.8399304953588,84.71431610382368,3.411417,0.459157,-0.14625013,0.885501,1.0353112993880011,0.6107548864492975,1.5098544696428884,1.0771328697109812,,
2021-01-16,399.8395837035997,919.1294104953574,84.59990948855045,3.4240139,0.4403373,0.9704371,0.8854133,1.7142279855726268,0.6312786755938078,2.221221052666547,1.0976498742061553,,
2021-01-17,387.7894737036,903.431300495358,84.47698661709136,3.3818495,0.42974427,1.5491699,0.8873848,2.0995745097963656,0.6341511117735495,2.6249858235069845,1.1005186939601312,,
2021-01-18,387.7894737036,826.6879004953579,84.32775808227414,3.3179696,0.4283038,1.5258015,0.8808438,2.098050894160008,0.6149844875151677,2.6233893842514284,1.0813520836663202,,
2021-01-19,394.9830237036,797.250360495358,84.15345973071086,3.2805955,0.42265528,1.2111605,0.87713176,1.8967575928500022,0.6030232221798896,2.4124749512255326,1.069392686610048,,
2021-01-20,396.2610337036005,605.0092504953598,84.06544179476465,3.086217,0.43455693,0.26547837,0.8746726,1.381809090518012,0.5557909936174718,1.8729136707454686,1.0221654483537255,,
2021-01-21,443.3616437035991,552.7516304953571,83.90563953677587,3.113153,0.42337504,-0.91082156,0.87964106,0.8802156789129975,0.5232315228552019,1.3473458086770356,0.989611129994364,,
2021-01-22,116.12539209880002,514.177200495358,83.58370030219962,3.1178849,0.42988348,-0.20861065,0.8964512,0.4042546620334921,0.7355675291597911,0.8486354821820333,1.2019522914082899,,
2021-01-23,114.2951420988,497.8922304953581,83.42337622304335,2.9571805,0.44645742,-0.13326049,0.88671327,0.44372363064348846,0.7259653376670682,0.8899909325736678,1.1923496625800403,,
2021-01-24,143.40684209880004,551.3750104953581,83.24897551487153,2.8267655,0.46653685,-0.70875275,0.7284315,0.02099790500218421,0.5860447383501723,0.4470603622623131,1.0524338398918418,,
2021-01-25,144.9674620988,488.47010049535794,83.08929236611293,2.8599715,0.46271613,-0.784243,0.69590306,0.04976585584000178,0.5469884639085605,0.47720332281185796,1.0133772339050182,,
2021-01-26,161.92161209879995,435.5522204953579,82.94177891680374,3.0414772,0.48437864,-1.1103133,0.90274173,0.014865036408155069,0.6710542804993375,0.4406343635136519,1.1374434528435242,,
2021-01-27,155.2776520988,451.3738404953579,82.79119446578633,3.002196,0.45796788,-1.1349856,0.90063834,-0.07603844549941043,0.6802875285137611,0.34538600590891255,1.1466777553598486,,
2021-01-28,153.34554209879997,418.3849004953579,82.62459562887527,2.7948391,0.47546914,-0.9467045,0.7279675,0.05682617235374225,0.5477688304139151,0.4846010983204706,1.0141575191861663,,
2021-01-29,154.5826920988,395.281390495358,82.44069995075297,2.713963,0.49630767,-0.9829246,0.653032,0.056377417124280474,0.4897417743299191,0.4841308941250336,0.956130468263102,,
2021-01-30,131.37491137130246,428.3154926650611,82.26068296596814,2.7347846,0.49069813,-0.9575223,0.59204894,-0.0908351097393119,0.4674898407368806,0.32988211169821013,0.9338802401218755,,
2021-01-31,121.79166468787297,452.7605330824322,82.0884710398583,2.7002137,0.53362626,-0.88317263,0.5675959,-0.12357831653780667,0.46136063106712316,0.29557389154180047,0.9277514131494673,,
2021-02-01,129.78976209879818,482.1083004953581,81.96269103019151,2.881431,0.5519679,-0.93572176,0.7179738,-0.1260650628563706,0.5776729238893376,0.2929682872497262,1.0440637350864566,,
2021-02-02,143.76109209880002,459.89855049535794,81.84249602117029,2.9821315,0.5188741,-0.48156083,0.6798314,0.34331490446048574,0.5324668600894358,0.7847830125091774,0.9988523010784426,,
2021-02-03,137.06679209879997,428.9980304953579,81.7200579830742,3.0576615,0.47698408,-0.8157295,0.86036706,0.12217242003264588,0.662188078079295,0.5530706732634528,1.128576017791681,,
2021-02-04,141.9669020988,422.888160495358,81.58798888418572,3.0911388,0.49264848,-1.1495491,0.89755964,-0.08372291169306527,0.6832853407360588,0.33733424849923455,1.1496756571568691,,
2021-02-05,151.8331420988,424.2573004953581,81.51405617824271,3.2074804,0.48813364,-0.9137832,0.8938136,0.17240807017460336,0.6706964800795118,0.6057074157602165,1.1370838472632077,,
2021-02-06,153.3624120988,411.4516904953581,81.45729598704582,2.9132035,0.48271728,-0.6383971,0.8593963,0.3259591898357597,0.6396203283022716,0.766597754052932,1.106005963374227,,
2021-02-07,164.9582020988,475.8305604953543,81.3692520987961,2.7276845,0.5203696,-0.81632364,0.5135881,0.09601010512270663,0.40421766404232384,0.525657889132218,0.8706059030656037,,
2021-02-08,171.8183120988,464.2566804953579,81.18920238492204,2.6240866,0.52970946,-0.8910221,0.43785018,0.058488665724478583,0.3501473371434369,0.4863430531913788,0.8165360067981069,,
2021-02-09,175.20930209879998,439.9777004953579,81.02092169791217,2.7309618,0.5392505,-0.9777106,0.48735616,0.07854367399639614,0.3808901257506673,0.5073566223040779,0.8472785650349144,,
2021-02-10,167.00111209879998,425.7562504953579,80.85017740487484,2.8164234,0.5102905,-1.1160432,0.5856785,-0.008125634805835103,0.44456018626180643,0.41654481680531097,0.910949624410631,,
2021-02-11,157.65331209880003,415.0449204953581,80.66620318370819,2.6142616,0.5193834,-0.7226175,0.43912956,0.19596407339803676,0.3488873413495635,0.6303893154155613,0.8152744410624972,,
2021-02-12,178.9869220988,503.4299904953543,80.4143902791466,2.584599,0.5263222,-0.6723982,0.4057061,0.18185950049674712,0.329597806404139,0.6156105921436604,0.7959850661937048,,
2021-02-13,177.10749209879998,567.035490495358,80.24970209706053,2.7184415,0.5029412,-0.7387432,0.43768522,0.08407355939351283,0.35434555446898347,0.5131508173202091,0.8207339303127207,,
2021-02-14,160.4112220988,529.485140495358,80.13244079021715,2.9343805,0.47408664,-0.8945807,0.6146207,-0.004289966183126321,0.4844208227591884,0.42056381727660797,0.950810216520263,,
2021-02-15,181.72749021259807,472.129365205231,79.96519816271095,2.9798613,0.5605219,-0.48524606,0.7001252,0.4778168033611119,0.528997605623346,0.9257136424055128,0.9953815542010322,,
2021-02-16,289.9636620988,547.9464304953578,79.94622792381438,2.9300869,0.49136388,-0.6484977,1.0101635,0.589892301941153,0.6821241121068231,1.0431459667067537,1.1485068329118258,,
2021-02-17,218.0095120988,630.1284804953542,80.03531893897986,2.7725835,0.5017903,-0.6075016,0.34209862,0.26133188016329945,0.28501898201933595,0.6988814798955345,0.7514053428251191,,
2021-02-18,179.09010209880006,661.6375404953583,80.08814652245397,2.786147,0.5294725,-0.6389607,0.33232543,0.09064882517315312,0.2848175646740833,0.5200403583276946,0.7512058651298946,,
2021-02-19,176.54985209880005,655.134850495358,80.11132382902608,2.8898158,0.4980984,-0.6417097,0.37514955,0.10796179650990705,0.31385986835749713,0.5381808305129134,0.7802479705499322,,
2021-02-20,171.2285920988,647.2200804953541,80.07326823215237,2.8047624,0.49585247,-0.51942694,0.3253162,0.1760305421184301,0.2773849462156771,0.6095030294801573,0.7437722722261009,,
2021-02-21,169.9945520988,621.0373204953544,80.00591385274213,2.8318574,0.4969062,-0.6491219,0.37611622,0.09894850884980412,0.31400367035586635,0.5287367385130401,0.7803918757232218,,
2021-02-22,209.2904820988,571.3702904953545,79.89074031438713,3.0198243,0.50080574,-0.787285,0.42337853,0.23337823648629544,0.3377099445529344,0.6695917476055203,0.8040966207442969,,
2021-02-23,180.12119209880004,593.4823304953543,79.84905109948319,3.0954373,0.48716882,-0.8141483,0.471285,0.09613609264248882,0.37892929645789597,0.5257898984247791,0.8453175340379359,,
2021-02-24,162.16321209879996,612.5518804953542,79.80269689478087,3.385642,0.59459436,-0.96057904,0.6516003,-0.05082888683005226,0.5300274598827136,0.3718004953081007,0.9964173933451994,,
2021-02-25,157.2682620988,626.5806904953581,79.80906767464441,2.9321933,0.5874078,-0.5921093,0.5624761,0.11499240089418132,0.4648126937307566,0.5455474737538373,0.9312007155084909,,
2021-02-26,136.72871209880003,581.944650495358,79.80754664166831,2.8721454,0.5836172,-0.71751034,0.5491435,-0.03457281621710257,0.45832116319557065,0.3888335505277519,0.9247109078586329,,
2021-02-27,147.41429209880027,620.1811804953572,79.93557551246381,3.2578645,0.547791,-0.73255026,0.79273236,0.033796314814844894,0.6490728588362342,0.46047049231484366,1.1154618127618008,,
2021-02-28,135.53814209879965,670.6883904953587,80.10552832386121,3.1656818,0.5596739,-0.8637892,0.8119428,-0.18637783277147082,0.6819655048567579,0.2297727731015742,1.1483570243598082,,
2021-03-01,214.20367740720067,1050.6262004953614,80.435770356654,2.9129884,0.533417,-0.3716544,0.48974282,0.18461217258719553,0.4167125353572398,0.6184948325504935,0.8830997638881177,,
2021-03-02,121.28819740720036,1117.4385804953577,80.7475818154461,2.7201114,0.53278285,-0.2956437,0.43156025,-0.00036025489590928557,0.39278424103571474,0.424681355330308,0.8591735893381884,,
2021-03-03,129.03434740720073,979.0850004953584,81.08962628819567,3.1240854,0.5672431,-0.13072693,0.57936805,0.2482778998681986,0.5161477206365219,0.685203563965127,0.9825342286119888,,
2021-03-04,55.14951740720175,900.1320604953587,81.42662012112496,2.935927,0.5390361,0.2677387,0.51864123,0.4217763112039563,0.4896892650583479,0.8669946062880844,0.9560738329385358,,
2021-03-05,110.38804740719982,779.0402104953577,81.65771295686687,2.879428,0.5493536,-0.20714486,0.5605143,0.17593352881899055,0.495659900545077,0.609401379276628,0.9620472276579652,,
2021-03-06,93.79297740720028,712.228360495359,81.8880965173401,2.8397894,0.51335984,-0.054302573,0.55348533,0.28246953121494667,0.4927135415917711,0.7210294384120051,0.9590996645062924,,
2021-03-07,72.15814740719878,626.7960304953589,81.99522335047938,2.7859583,0.54131335,-0.2551756,0.4928574,0.058782883130403765,0.44549510798532954,0.48665133318357534,0.9118837742570218,,
2021-03-08,104.45976740719914,579.3045104953593,82.02919957115678,2.9230607,0.5837585,-0.21156967,0.54744357,0.2673128442212633,0.4723058766431871,0.7051483135905661,0.9386921700850741,,
2021-03-09,119.91017740719906,684.0770204953592,82.11772476908014,3.5062404,0.7172912,0.08261609,0.8547216,0.593230433285737,0.7350711119791943,1.0466436493187778,1.2014537964356526,,
2021-03-10,177.96524740719724,1020.7936804953572,82.3273421019279,3.9508114,0.8175963,1.1027181,0.8574303,1.525540095035863,0.7401582524595023,2.023514525959413,1.2065312838099946,,
2021-03-11,244.76674740719992,2081.614330495357,83.10310237941184,4.0750046,0.81192017,2.7238889,0.8876855,2.8660445162563524,0.7988694383984665,3.4280904762291136,1.2652303321334493,,
2021-03-12,530.7977474071998,6069.230530495362,85.26929444544604,4.0652227,0.79426837,3.6623504,0.9815712,3.6947508413123296,0.9048872067592811,4.296406130831909,1.3712416248035066,,
2021-03-13,165.69994740719807,5187.452530495359,86.9105427069522,3.1980984,0.7505285,2.638696,0.9407528,2.6560115388599037,0.9119289793207397,3.208018640474931,1.3782916390449953,,
2021-03-14,54.93684209879983,3660.843830495357,88.1029666071446,2.9866443,0.7050097,1.7826569,0.5228971,1.800457545186213,0.5152716690660658,2.311572090468659,0.9816420436785867,,
2021-03-15,54.93684209879983,2090.6404304953567,88.86461088351251,2.8709357,0.6884427,1.7028662,0.51518136,1.7327742542467428,0.5022996881337939,2.240653769586038,0.9686707088024231,,
2021-03-16,54.93684209879983,1611.9139304953571,89.43003729154188,2.8159633,0.62254405,1.5496409,0.53767914,1.5913769350199292,0.520362737656877,2.0924981418427384,0.9867351249054398,,
2021-03-17,54.93684209879801,1418.4300304953574,89.89384447282102,3.1726928,0.727837,2.0726666,0.7636654,2.113682880021527,0.7356916312414835,2.6397685256018577,1.2020590842450796,,
2021-03-18,493.9092420987997,4000.680430495358,90.78817892682738,3.1296976,0.69246197,1.3533636,0.9344553,1.548564487528794,0.8352417489342336,2.0476394057085576,1.3016145544664792,,
2021-03-19,54.93684209879983,3712.971930495358,92.0918978113458,2.9231005,0.67901564,1.4212909,0.69358504,1.4431875502430436,0.683544133635342,1.9372258110335883,1.1499179776432666,,
2021-03-20,54.93684209879983,2326.2476304953607,92.7999072914755,3.5881593,0.7331566,2.4586382,0.7270868,2.4846976270894143,0.7105133576175472,3.0285165093291235,1.1768774951292156,,
2021-03-21,54.93684209879983,2034.7253304953583,93.44252878832411,4.2194405,0.74690425,3.536012,0.84483725,3.553979147118407,0.8228609663426689,4.1489060308594805,1.2892164290339068,,
2021-03-22,54.93684209879983,1902.442530495357,94.0505176832918,4.361495,0.7570421,4.3283834,0.8366507,4.329312772595168,0.8134463863341739,4.96129795328862,1.2797963767107916,,
2021-03-23,54.93684209880029,1795.9845304953576,94.64127930553228,4.5240374,0.7699866,4.9506454,0.832136,4.937983374046719,0.807760873375684,5.599060928853191,1.2741070494481452,,
2021-03-24,321.3686420987999,2230.2837304953573,95.37539401032234,4.28733,0.8308343,5.990522,1.0344293,5.77601289861505,0.9101827991052276,6.477145400035267,1.376524416848959,,
2021-03-25,375.4813420987998,2665.205330495357,96.65750865366562,4.876874,0.8577975,9.534917,1.0363743,8.959715158244716,0.9145519246533763,9.813017744733493,1.3808835472644245,,
2021-03-26,54.93684209879983,1618.1154304953586,98.35183032327646,4.7666283,0.7449156,8.180321,0.96316355,8.06822771820094,0.9318579009033574,8.878920252452989,1.3981911536948801,,
2021-03-27,936.8085169348668,2249.691565483673,98.89252442470938,4.8650465,0.6369338,8.76129,0.9364172,7.615821646954708,0.6871244283390047,8.404890717473977,1.1534588560994719,,
2021-03-28,1112.761950150587,3282.291320723349,99.00945393390718,5.167935,0.7021633,7.0661,1.0329324,6.585512990333723,0.7916294013561928,7.32533682900046,1.257967378614188,,
2021-03-29,1264.0750639934924,3361.6271172324696,99.00945393390718,4.8722267,0.5904275,6.0023203,0.8894964,5.693497314943707,0.6662538670302118,6.390685853529847,1.13259589795466,,
2021-03-30,969.4736841976,2594.2342310799645,98.80241101237935,5.086917,0.5270511,7.144014,0.92480457,6.584399734230384,0.6883188836016704,7.3241703630608574,1.1546568653515639,,
2021-03-31,825.2449234732251,1645.8292948260253,99.00945393390718,5.0150237,0.5900515,6.629339,0.8980593,6.090219158742864,0.6297650109976589,6.806369645336822,1.0961051266974216,,
2021-04-01,1261.571200663803,2778.3690775403043,99.00945393390718,4.8369737,0.5582405,4.811013,0.8736004,4.819120012441282,0.625576648313888,5.474516304877089,1.0919235359653527,,
2021-04-02,1099.1179754291893,2036.3471810189617,99.00945393390718,3.9135125,0.6064585,3.0965133,0.8604215,3.382907301733957,0.5978785838207755,3.969657536045503,1.0642353465163201,,
2021-04-03,969.4736841976,1624.2883247333025,98.96840455754652,4.8756237,0.46080774,3.8527427,0.8469415,4.235066199815361,0.5576445549970701,4.86254671649573,1.023995173862528,,
2021-04-04,348.123661405738,1782.6190832967393,99.00945393390718,5.0113363,0.5500547,5.0315146,0.86217827,5.0282178834493205,0.7268912121190372,5.693608339353998,1.1932368587892144,,
2021-04-05,969.4736841976,1184.688950495358,98.82919416426742,5.473244,0.49440375,6.411852,0.8251476,5.98943463215642,0.5054069503658741,6.700767962894216,0.9717475355596169,,
2021-04-06,219.3206678435681,864.3105425992638,99.00945393390718,6.123629,0.65804595,7.6278863,0.88007396,7.323433367971789,0.7144752658636383,8.098527278235006,1.180810577539095,,
2021-04-07,969.4736841976,1002.7895104953582,98.68299459590978,5.6957097,0.585004,9.9733305,0.9271253,7.870649273269957,0.5521801209187268,8.67189823324243,1.018513858059,,
2021-04-08,54.9368420988,540.9460804953579,98.99813173762392,6.231534,0.7467022,9.117939,0.93758446,8.851829715804095,0.8539242263539943,9.699975746932147,1.320255997898443,,
2021-04-09,228.8004614615352,705.9620957977024,99.00945393390718,5.674159,0.70467037,10.859262,1.0005041,9.59011230076041,0.7750480867490143,10.47354571575661,1.2413791052739875,,
2021-04-10,969.4736841976,887.4340904953581,98.52258965702877,6.3902245,0.73938924,14.3027935,1.2041367,10.171717329257852,0.6929513919806095,11.082949476498897,1.1592822563033311,,
2021-04-11,219.8403020988,483.723070495358,98.92867052336427,6.0218883,0.8567985,10.168408,1.0566884,8.872757887795713,0.7742666331557632,9.721904214005587,1.240598374768595,,
2021-04-12,418.48928864704544,1055.4265685934884,99.00945393390718,5.630954,0.68013394,9.229122,1.8403275,8.207493338552773,1.3318769030884454,9.02484229340193,1.7982098413081102,,
2021-04-13,1172.9611541976,1460.737230495358,98.58303117358918,6.381719,0.78441846,11.965968,1.1160566,9.47893043117495,0.7107825864648036,10.357049732861173,1.1771136785176382,,
2021-04-14,173.72894740720005,771.0979304953582,98.86039230706393,6.541877,0.9810145,10.235097,1.0685533,9.55601035780111,0.890534466292744,10.437813816495515,1.3568655058670887,,
2021-04-15,207.8659786764518,744.1560378270142,99.00945393390718,5.624444,0.72543395,9.98734,1.0963681,9.034738432700852,0.871499863939717,9.8916268752544,1.3378313908305046,,
2021-04-16,345.7518595260286,1264.9056404613543,99.00945393390718,5.4808974,0.6747642,9.0582285,1.1266793,8.290300569969302,0.8965983297609826,9.11160742741781,1.3629310914529307,,
2021-04-17,315.94282729683266,1441.3766835174652,99.00945393390718,5.225219,0.68680835,8.108235,1.0611362,7.589907072380589,0.8790734372377311,8.377737514819756,1.345407939391078,,
2021-04-18,252.38982007013053,1153.830600443432,99.00945393390718,5.4773674,0.6922197,8.134349,1.0186428,7.6574712298680785,0.8449991826694625,8.448531008078628,1.3113334924758875,,
2021-04-19,274.252881322607,1108.982410951237,99.00945393390718,5.7581124,0.7162856,9.012316,1.0108966,8.367107634206407,0.8228156665417103,9.192085606773635,1.2891482715080413,,
2021-04-20,217.8498691843779,936.709792855307,99.00945393390718,5.853449,0.7489614,9.435654,1.004082,8.759739849578565,0.8267921715724671,9.603484299894497,1.293124080776567,,
2021-04-21,248.98711301391552,956.2199023840312,99.00945393390718,5.3437004,0.70734084,9.20293,1.0089276,8.40564124268177,0.8137194376333962,9.23246099001357,1.2800519665132262,,
2021-04-22,240.20296268155343,899.30972804137,99.00945393390718,4.822178,0.6803954,6.710029,0.90113276,6.312080542260871,0.7254969730035884,7.03883524459179,1.1918360961207213,,
2021-04-23,234.064164819717,835.5723512468907,99.00945393390718,6.195215,0.71899354,7.717352,0.91685355,7.384268994796082,0.7332996743056575,8.162270640065312,1.1996347940139698,,
2021-04-24,183.07156519243784,697.0495392119494,99.00945393390718,6.531127,0.8441297,10.140343,0.9820904,9.389599694570618,0.7973808144812468,10.263449292409,1.263711975854777,,
2021-04-25,167.61201650151634,652.5891711506553,99.00945393390718,5.697093,0.7341871,10.272712,0.9918433,9.337662285553222,0.8032911105680636,10.209029452779722,1.2696223164410525,,
2021-04-26,152.007849305388,600.952957734776,99.00945393390718,6.326163,0.80810994,10.201276,0.99056786,9.418967385247505,0.8072487929325751,10.294220658311813,1.2735799305096807,,
2021-04-27,237.4660013294705,709.7815239602494,99.00945393390718,6.5252843,0.9022426,11.867369,0.99468696,10.528158629771507,0.7788924280788065,11.456427452743473,1.2452233891135165,,
2021-04-28,195.56405793588965,634.2165358120632,99.00945393390718,7.6498885,1.1806264,15.020795,1.1044731,13.283607510849086,0.8888450997942735,14.343577371305761,1.355181712175112,,
2021-04-29,774.1038324174036,2339.5280234572406,99.00945393390718,7.6672506,1.223582,15.118875,1.1378878,13.26626932914576,0.9074943691132291,14.325410483784628,1.373830918784699,,
2021-04-30,2000.482167320075,3937.1730662015257,99.00945393390718,7.167127,1.1096008,13.632812,1.2002317,11.454428689651344,0.8792860176732064,12.426970055189766,1.3456179095116636,,
2021-05-01,1249.3875477230808,2522.843487415186,99.00945393390718,8.457634,1.4723823,11.86213,1.0652303,10.73453879805539,0.8633398531014924,11.672671887596012,1.3296709365605224,,
2021-05-02,977.6714533338156,2038.7112134235151,99.00945393390718,10.306814,2.4608512,11.977489,1.10995,11.435989367748942,1.0949767439384477,12.407649396732097,1.5613086076740628,,
2021-05-03,957.7615829889256,1758.5187702098262,99.00945393390718,10.28171,2.2008803,11.453097,1.069799,11.040065562644422,1.0401451127617751,11.992801787141403,1.5064764669027997,,
2021-05-04,1102.9345932695735,2207.303140174699,99.00945393390718,11.412203,2.4789984,10.515424,1.0988752,10.814220637011616,1.1041492027004989,11.756162246075606,1.570480346462246,,
2021-05-05,2014.6402720061617,5923.251167553263,99.00945393390718,9.318743,1.441862,11.362565,1.3197838,10.843842061997105,1.0506143208107976,11.787199473919625,1.516945488841468,,
2021-05-06,1568.4609720061612,4552.179767553264,99.00945393390718,9.343704,1.4069895,10.092652,1.1269963,9.90072864643839,0.9124517781793958,10.799008460969135,1.3787826662120173,,
2021-05-07,1268.7110720061612,3133.875367553263,99.00945393390718,10.045246,1.8311511,9.970598,1.1232601,9.992109807911461,0.9579991296754569,10.894757329589746,1.4243300003264934,,
2021-05-08,1082.1192350743297,2844.9892446693884,99.00945393390718,8.620968,1.2374929,8.92969,1.0720646,8.844621523994297,0.8482160769919921,9.692423028193812,1.3145478589616322,,
2021-05-09,980.179413161876,2656.4986757333754,99.00945393390718,9.4800415,1.4972475,7.651022,1.0759832,8.143990337313426,0.8835220681446522,8.958304065777494,1.349855147052883,,
2021-05-10,1312.215644638428,5122.961387423255,99.00945393390718,8.990992,1.489072,8.67501,1.0816462,8.739442507573479,0.9130522897734561,9.582216814324559,1.3793842306234065,,
2021-05-11,925.7928880906644,2794.602806801928,99.00945393390718,8.993971,1.6379001,8.661489,1.0390214,8.744224298012428,0.8804840331540282,9.587227158000758,1.3468159665061974,,
2021-05-12,794.469056097237,2260.3279806037544,99.00945393390718,9.412361,2.1199293,9.29195,1.0382893,9.32326580855552,0.9456174104364488,10.193944873393427,1.4119486291903356,,
2021-05-13,697.1617670855801,1868.3912851913256,99.00945393390718,10.538641,2.4498186,10.541828,1.067431,10.54096207335417,1.023461572944996,11.469842857163004,1.4897925401572865,,
2021-05-14,570.9908009592086,1417.5988432262216,99.00945393390718,11.456062,2.704237,11.857096,1.088219,11.741945574764518,1.0975938956172322,12.728229264584044,1.5639262759592945,,
2021-05-15,509.08038009626085,1147.6775064111876,99.00945393390718,12.11751,2.8970537,13.308754,1.0897112,12.942714356387464,1.1671637978539036,13.986390689345829,1.633499240355864,,
2021-05-16,500.38659471793767,1013.76358018068,99.00945393390718,12.178881,2.8924534,14.503627,1.0817449,13.735359699194031,1.1992720227382518,14.816921770015993,1.665610390218583,,
2021-05-17,331.9117987376359,726.960222926739,99.00945393390718,12.313009,2.965306,15.495831,1.0975176,14.498150067961973,1.1965441678925108,15.616170910942609,1.6628860286796807,,
2021-05-18,292.17735235132534,577.2047192719987,99.00945393390718,12.298723,2.9697309,17.65762,1.1256415,15.856629818765573,1.2468466842539998,17.039581350103905,1.713196414279078,,
2021-05-19,207.1075356757792,454.7883866697309,99.00945393390718,12.045898,2.9019275,19.957348,1.1774564,17.481851737858783,1.2161493742090035,18.742483321386565,1.6825112914667968,,
2021-05-20,163.0648139563321,447.1686588725146,98.9892820408587,11.498968,2.7207313,21.618729,1.2144195,18.91455566315307,1.1491296881091413,20.24366559685655,1.6155048539546917,,
2021-05-21,199.25348230211205,419.2599148232847,98.9294073245915,10.863222,2.523042,23.7129,1.2941465,19.573389024650705,1.1959029702349653,20.933988940924593,1.6622850163219214,,
2021-05-22,194.476257574977,422.7092177099248,98.83714740368637,10.1424465,2.3208437,24.426794,1.2925115,19.92577035407723,1.1482379242082064,21.30321289334239,1.6146238539547821,,
2021-05-23,199.16616361903985,427.33479952162594,98.71886293630571,9.128263,1.9774477,24.54976,1.3102816,19.647229706538997,1.0926818265873806,21.0113589549954,1.5590646747276864,,
2021-05-24,217.07630178474903,436.38508088870367,98.58014979373024,8.427553,1.6258315,23.401451,1.1887684,18.42720401224634,0.9601681944496165,19.73302020296476,1.4265385902113181,,
2021-05-25,223.86218498642813,436.86113974846216,98.44538871670507,8.319244,1.3660742,23.124758,1.1255171,18.108445414104942,0.876369680527679,19.39902603345396,1.3427371032665996,,
2021-05-26,231.19368621573005,469.8919398460666,98.29096478460487,8.155276,1.0919629,24.769455,1.3273741,19.2906759531845,0.9597640019976675,20.637763151048595,1.4261430349002209,,
2021-05-27,210.20016137723985,457.7206836772921,98.31784377474226,7.431311,0.8087819,23.841228,1.2973149,18.67689306772866,0.924757538225735,19.994643541779798,1.3911303439576717,,
2021-05-28,185.23203214947932,460.115305541722,98.49956336567674,6.774512,0.8911653,20.00243,0.9512243,16.205661901667643,0.7248305904769069,17.405295973462206,1.1911826831288426,,
2021-05-29,470.771368209624,1281.8706951448432,99.00945393390718,6.5201263,0.9718738,12.942193,0.82953393,11.217183010776779,0.6604936354062795,12.178384843848779,1.1268251953524995,,
2021-05-30,564.9371104385815,1045.342643769115,99.00945393390718,7.060434,0.9424713,10.040751,0.8495344,8.995161705144898,0.6430169065237366,9.850158515407546,1.1093484831071736,,
2021-05-31,521.4741108593801,1076.3048601538055,99.00945393390718,8.003017,1.3991218,11.544552,1.0070975,10.388685770108632,0.8177734604941285,11.310288267152831,1.2841043663800842,,
2021-06-01,398.45401811249917,570.7588656986123,100.0,9.113697,1.8809884,15.795172,1.0926996,13.048344410166466,1.006006971906584,14.097069498617191,1.4723427626988264,1.255262615678332e-12,4859.999999999999
2021-06-02,347.445096724207,447.3709175056707,100.0,9.8820305,2.0676234,18.543278,1.1462369,14.757108569451065,1.1104826001331813,15.887506743597527,1.5768257981642324,1.2617030491586556e-12,4859.999999999998
2021-06-03,355.8027270780741,534.182434676693,100.0,10.357988,2.3105137,19.176945,1.085089,15.65125816721335,1.1302266211395537,16.824393635635357,1.596575026093666,1.2648207713850532e-12,4859.999999999997
2021-06-04,529.2734662016087,1782.5020503961537,100.0,10.947712,2.424563,17.239157,1.0858395,15.798750956374835,1.0045408419151591,16.978936075939885,1.4708901936206504,1.2847416146593507e-12,4859.999999999996
2021-06-05,412.93301979592815,1167.840509494867,100.0,10.693171,2.3936431,20.418636,1.1206893,17.878129489899308,1.037521639847549,19.157701795366897,1.503886986762141,3.638663284215766e-10,4859.999999999633
2021-06-06,194.2751269424185,630.8853004953579,99.99999999999962,9.859413,2.1768467,22.819273,1.1519694,19.76801370842399,1.0190158980325659,21.137916019291044,1.485400071561144,0.0007619797765457626,4859.999238019856
2021-06-07,123.52466359382358,578.0869704953582,99.97072699835337,9.231258,1.8493229,23.65282,1.1590642,21.113782560906447,1.0089773700747142,22.548008022641476,1.4753774392919636,0.6298735938235696,4859.369364426033
2021-06-08,223.936294143035,505.8465004953581,99.96423169026686,8.85601,1.5731173,25.403675,1.2853286,20.325968775565084,1.0132895273400488,21.722539431367498,1.4796800399284091,0.017464143035009486,4859.351900282998
2021-06-09,338.54900161812526,451.6541702471319,99.99932277981505,8.696323,1.4452885,28.08798,1.6652548,19.779957335647907,1.135496609089032,21.150430511069015,1.6018809145838242,0.0008046636702350946,4859.351095619328
2021-06-10,260.65733601325803,466.7669620477771,99.99932193899616,8.331036,1.1931807,27.300215,1.5315491,20.503004779180888,1.0717269000841676,21.908037150788832,1.5381194984068802,0.04214923770511362,4859.308946381622
2021-06-11,177.51844522878986,341.1562670192648,99.99927789590556,7.8000283,0.9854428,25.630106,1.4096708,19.527692286664408,0.9866418768760891,20.886108055069037,1.4530234297305364,0.00016224067890030963,4859.308784140943
2021-06-12,123.31037548737535,392.1879416161144,99.95394505111183,7.638498,0.87585497,22.870201,1.1838982,19.22668378279981,0.9247482637465354,20.570712373665806,1.3911266272982765,2.109756059142773e-05,4859.308763043383
2021-06-13,153.23142840956484,392.7220189553639,99.85932700814443,7.6282296,0.79076755,23.016397,1.1687397,18.697437768391115,0.869514712860667,20.016170208905372,1.335887720061923,4.0429219201614465e-07,4859.308762639091
2021-06-14,156.01051852500726,423.00708854661946,99.77633743751765,7.291317,0.7186372,23.681376,1.2407503,19.265237726839896,0.9268929221669874,20.611109064440942,1.3932716884278866,2.7450730438263087e-05,4859.3087351883605
2021-06-15,233.75274204451173,390.8973733016074,99.64412817403347,6.9086266,0.6580318,24.131313,1.2781379,17.686344919439232,0.8368882975283354,18.956750578021587,1.3032519621850034,5.663729132850632e-11,4859.308735188304
2021-06-16,228.72513093425061,414.3963637213277,99.68067533461242,7.086137,0.6399567,22.441755,1.1156081,16.98055414402982,0.7540146420598588,18.217225416172678,1.220372478019917,1.1618819466212338e-12,4859.308735188303
2021-06-17,206.68555101801394,414.8805106431604,99.6187100246217,7.212926,0.6393253,22.000011,1.0943367,17.08295256671377,0.7607515063362595,18.324518133429425,1.2271101526142059,1.2470638251137875e-12,4859.308735188302
2021-06-18,245.3364840663385,403.3819089900411,99.37224258167959,7.3690724,0.6369505,23.831783,1.1805135,17.605809677798778,0.7725730940671022,18.87236602712667,1.2389360648403152,2.6766230745166517e-11,4859.308735188276
2021-06-19,235.54245784069354,388.16164137307135,99.1559860997771,7.3441095,0.6258271,26.317934,1.4857826,19.15245081553191,0.9544019845874521,20.492931324315204,1.4207795775371004,1.2372923937951207e-05,4859.308722815352
2021-06-20,198.86353598186122,346.4099922835991,98.9376979523488,7.512404,0.65457815,27.344868,1.6973791,20.11188524449959,1.104447057368243,21.498223439325013,1.5708350956172836,0.005429614411963471,4859.30329320094
2021-06-21,235.93035752728616,355.3801220030822,98.6445740054309,7.681667,0.64460963,29.317896,1.9965786,20.685132849824367,1.2272063454011244,22.098870320635406,1.6936011268445785,0.09906866942166281,4859.204224531519
2021-06-22,203.9012346916169,228.1926304953581,98.53867756975127,6.7934737,0.5763795,27.176647,4.184905,17.558009729353,2.226759186019964,18.822281404541133,2.693121748461161,1.6920036571160215e-11,4859.2042245315015
2021-06-23,188.76835152943264,280.81898178558606,98.36781862577678,7.1932125,0.62459564,23.561983,1.3452327,16.981937985087036,0.8427372522435489,18.218675400102004,1.3090950990745414,1.1688233710585732e-12,4859.204224531501
2021-06-24,232.56983177596848,363.1398786709413,98.09522798069611,7.245185,0.6388888,24.24609,1.2381146,17.608800740350908,0.794892210522891,18.87550005224436,1.2612552069341787,2.7215593926910945e-11,4859.204224531473
2021-06-25,251.6703074039458,374.0495830346927,97.80556846540681,7.542316,0.6596704,25.236681,1.3181142,18.1198442767354,0.8314283375245843,19.41096972275309,1.2977958645761538,3.112829248398966e-09,4859.20422452836
2021-06-26,257.9878611608196,385.31537496544513,97.51088492660855,7.6752577,0.6663054,27.750542,1.6352648,19.699626828212573,1.0152601564250108,21.066260479974375,1.4816435774814156,0.00048266314999035,4859.20374186521
2021-06-27,264.8633758288853,382.69294551977487,97.20394337056233,7.7545495,0.6792715,30.684513,2.1735158,21.305703305902966,1.3142088557470117,22.74910192320058,1.7806113605589673,1.3124012253366266,4857.891340639873
2021-06-28,306.4635137634416,408.6989747793703,96.8279486570518,7.783868,0.68143404,32.85941,2.5762897,22.113965213515577,1.5009694455046034,23.595995987091964,1.967382669767415,36.40337667493647,4821.487963964937
2021-06-29,343.63601041193846,443.8436711145271,96.35377800493627,7.8021607,0.6744466,34.486877,2.8023522,22.842348952107436,1.6066635416627921,24.35919397853326,2.073087065764085,42.5893314313718,4778.898632533565
2021-06-30,374.2741294845904,532.4543616015083,95.883216175846,7.746259,0.6480459,33.133278,2.3534224,22.654171511950086,1.407640508880603,24.162022299988788,1.8740613139234568,48.44334704747916,4730.455285486087
2021-07-01,187.78662486824646,644.1902448906301,95.77183355278582,7.070852,0.8885108,24.329842,1.1786935,20.434291673574844,0.9344235332044477,21.836039793618824,1.4008153177346283,0.03429471227151307,4730.420990773815
2021-07-02,122.80000362688328,637.075110495358,95.78622665271571,8.263075,1.0230007,21.024084,1.0095899,18.961834717675266,0.8624285903065912,20.29320442856955,1.3288042333600303,3.6268832858187486e-06,4730.420987146932
2021-07-03,122.80000000071779,713.8589104953579,95.80925229891209,8.359007,1.0129828,19.584969,1.0472274,17.937286246591665,0.9058068639848845,19.219686042811894,1.3721727382867692,7.177968709033124e-10,4730.420987146214
2021-07-04,122.80000000001255,732.4581504953578,95.76549384033036,8.13975,0.9805353,18.661173,0.92529505,17.150481872079418,0.8048482519231263,18.395275108754166,1.2712074391476187,1.2550759457581115e-11,4730.420987146202
2021-07-05,217.1316126020239,575.1304796293012,95.60553764681364,8.139822,0.8621814,22.492668,1.0142605,18.55904989649735,0.7732743342802811,19.87116786979036,1.2396459937201965,1.5594038780840182e-07,4730.420986990262
2021-07-06,238.23333370952236,577.5925227738445,95.34911102291142,8.009039,0.78558356,25.269388,1.1633304,20.22910844333618,0.8549714395730845,21.621049506358535,1.3213608261760257,0.01209687734524213,4730.408890112916
2021-07-07,221.8386892806057,554.7761065739727,95.2542760360586,8.084013,0.766521,25.96536,1.3268367,20.857584240865933,0.9727895588357536,22.27956429867317,1.4391864423635388,0.2500289431848257,4730.158861169732
2021-07-08,264.77112603703864,561.443660495358,95.48200204897545,7.9600415,0.6620129,24.901398,1.2149588,19.472322813118602,0.8524313249992094,20.828092109958817,1.3188122834167089,0.00013134543867088168,4730.158729824293
2021-07-09,181.659665790912,360.6401304953581,95.84051310014489,7.8187733,0.6700018,24.338598,1.1642997,18.80478484103144,0.8061546786891491,20.128648104670294,1.272528746426738,1.0993119798167906e-06,4730.158728724981
2021-07-10,138.95795376107884,642.026990495358,96.14220716097584,7.7643657,0.69463354,21.860342,1.0523112,19.352293638089797,0.8738614163568779,20.702325950662846,1.3402410981983286,5.906947884696885e-05,4730.158669655502
2021-07-11,228.81819469161218,1855.2538004953576,96.50958549254263,7.534341,0.6384281,17.797152,1.0330722,16.67035852582861,0.9223147562970554,17.892203507772123,1.3886702107412878,1.2137394627459081e-11,4730.1586696554905
2021-07-12,216.610182747499,6380.834049607963,99.86432462868912,7.9435077,0.68314093,15.981336,1.1355528,15.717434146609845,1.0984988057265743,16.893732600635737,1.5648476323850222,1.249691399300446e-11,4730.158669655478
2021-07-13,2229.0019735763262,4079.6082906956913,99.8643246286891,11.892237,2.4836822,22.444351,1.3102382,18.716004852015534,1.2198390499641767,20.035624735658637,1.6862122396566597,1.570165430921997e-06,4730.1586680853125
2021-07-14,1335.9053647661258,3843.117636253019,99.86432462704839,12.0676,2.5439878,21.077642,1.1921864,18.753543147018167,1.1014753179521766,20.074957232844152,1.5678488778033124,7.726335007985193e-07,4730.1586673126785
2021-07-15,1075.3014133343038,2587.837025507384,99.59557743469291,11.661873,2.5049367,20.860434,1.151571,18.16022841225968,1.0965956520034015,19.45328408190917,1.5629635498117254,2.4059577193266386,4727.752709593352
2021-07-16,993.769290270192,1825.664768933828,99.39345525967397,11.516214,2.453595,21.66471,1.1071773,18.08765703609836,1.1233448971314088,19.37724404204018,1.589712130015433,10.772782187744339,4716.979927405608
2021-07-17,904.7532303838855,2094.290028165932,99.27179219985614,11.185202,2.4205234,20.836084,1.1861706,17.924600080667982,1.104242887564541,19.206393521522546,1.570608648431153,1.032667958861044e-08,4716.979927395281
2021-07-18,1141.0078995612516,3602.1327542261783,99.85055373813509,12.804743,2.769714,21.12092,1.229559,19.12038408845355,1.1471136577242467,20.459331917297124,1.6134909197424705,1.2336706440890342e-05,4716.979915058575
2021-07-19,1025.7644654624867,2522.802595559397,99.85055372524407,13.990377,3.154893,20.06083,1.1391314,18.306077575977646,1.2196474140582796,19.606104337092432,1.6860166664015959,2.042816836411414e-08,4716.979915038147
2021-07-20,969.4736841990295,1959.8901808858045,99.69428228258373,13.551638,3.0756707,20.205938,1.1098852,18.003695906225804,1.2599666559918354,19.28926985716648,1.726333127109043,1.429470816975531e-09,4716.979915036717
2021-07-21,1264.1620441727414,5027.155307138007,99.85055372522123,14.231487,3.153513,19.669336,1.2665238,18.57666812556748,1.1940401946749521,19.88962818998514,1.6604120244825236,1.9533928048259912e-07,4716.979914841378
2021-07-22,1105.5553603678418,2216.510106379106,99.85055372501711,14.253193,3.1935818,20.006147,1.2066625,18.091612668114756,1.3333102756531945,19.381388739745308,1.7996775446249162,3.1318273286459167e-09,4716.979914838246
2021-07-23,969.4736841977914,1627.3490792460634,99.7421975810856,13.90033,3.1167257,20.087816,1.1711,17.77783745912442,1.3756786723470333,19.052616148352126,1.8420431342933388,1.9129870726666815e-10,4716.979914838055
2021-07-24,609.7834633295456,1229.5275265266932,99.34795191886326,12.063507,2.6992292,19.277336,1.1206917,16.88574835732905,1.1670562441385064,18.117888236944978,1.6334133405543567,1.772791488990136e-11,4716.979914838038
2021-07-25,531.8328889675148,1058.9975466817853,99.00961705634323,11.147577,2.4394784,20.055418,1.095542,17.07742453195562,1.0940649734618495,18.318725877506477,1.560423575688148,1.7163813037518455e-10,4716.979914837866
2021-07-26,387.78947370361664,788.4075651540609,98.82095231665654,9.878777,2.1669152,20.532969,1.0854067,17.020305794882947,1.0196743261484473,18.258877060052363,1.4860324752545913,1.66428716648522e-11,4716.97991483785
2021-07-27,387.7894737050074,789.7101174155816,98.61463296762489,9.37195,1.9118438,22.248455,1.1437904,18.007797050579175,0.9924133163426888,19.29356702220088,1.4587798244817072,1.407419594153919e-09,4716.979914836443
2021-07-28,387.7894737071616,739.6205239087012,98.70454599463075,8.893152,1.7488427,22.945057,1.098591,18.111694845298107,0.9387651579827433,19.402430776350535,1.4051326104425403,3.5616436834256986e-09,4716.979914832881
2021-07-29,387.7894737036492,749.9836112441094,98.54089578577218,8.728529,1.631326,22.20722,0.96188116,17.613250860410496,0.8432990786859407,18.88016287283082,1.309662113260637,4.920026547202276e-11,4716.979914832832
2021-07-30,387.78947370361595,743.5838920771446,98.31347622159939,8.486907,1.5529356,21.596731,0.96499246,17.103208558363317,0.8279953086913427,18.345742292238175,1.2943541166832992,1.5972803019171727e-11,4716.979914832816
2021-07-31,387.7894737036158,713.5067239732455,98.022816346173,8.334946,1.4333837,21.48476,0.9405846,16.85443494959891,0.7912628530120683,18.08507815536487,1.2576197074219628,1.5781463480369092e-11,4716.9799148328
2021-08-01,387.7894737036158,825.735555774028,97.78995681374046,8.323696,1.3179287,20.812948,0.90251803,16.821930013490036,0.7446500928563563,18.051019594422556,1.2110066972376925,1.578027082528756e-11,4716.979914832785
2021-08-02,387.7894737036158,645.8291730116596,97.61226111383277,8.250975,1.2030535,21.677477,0.94983083,16.64016815293183,0.7456124886869111,17.860570138251507,1.2119677172216272,1.5778149191807003e-11,4716.979914832769
2021-08-03,387.7894737036156,579.1995594572036,97.53723475887502,8.067354,1.0815551,22.785753,0.9575817,16.883266226179863,0.7190976970544786,18.1152874684116,1.1854547742462365,1.5629595482440643e-11,4716.979914832754
2021-08-04,387.7894737036156,591.4707580820872,97.2950876174146,8.049431,0.98932844,22.933592,0.94708234,17.03942727677988,0.6933349331245089,18.278912483420452,1.159693233504995,1.5654175309817663e-11,4716.979914832738
2021-08-05,387.789473703616,480.86594226928406,97.0257985186726,7.9976172,0.93013996,24.632488,0.9842099,17.206266352001787,0.68503026226688,18.453725896127118,1.151389900288774,1.6028589128383415e-11,4716.979914832722
2021-08-06,404.1112883317881,427.66097695625865,96.71702057155329,8.080626,0.8937822,27.574697,1.197951,18.10362606843373,0.7536164673770435,19.393976339533772,1.21998384605812,3.2383354874399804e-09,4716.979914829483
2021-08-07,427.4437967906155,391.9442258703667,96.36320036834417,8.023024,0.85343814,31.007254,1.7889411,19.017248565565453,0.9646047104524368,20.35126686896612,1.430980916075204,5.5320268374722204e-06,4716.979909297456
2021-08-08,430.89452678505046,384.5135555247312,95.99124834713618,7.9917903,0.8298657,32.58674,2.110677,19.589775672508416,1.0876372451832268,20.95115881453495,1.5540194687227902,0.0002864328675897573,4716.979622864589
2021-08-09,440.85812876545396,385.3129896490763,95.58112910701536,8.093975,0.81165576,33.275314,2.0950973,19.838148760558482,1.0688076018229873,21.21140328717288,1.5351925526133046,0.00133959228526026,4716.978283272304
2021-08-10,434.0683487290552,369.5579369795328,95.16697049843438,8.121635,0.79304606,33.5688,2.19169,19.823843913567696,1.095126828200001,21.19641471739461,1.561511620002309,0.001229395246203871,4716.977053877058
2021-08-11,413.29942131151887,341.99208049535804,94.77401356482159,8.118603,0.78516036,34.34445,2.4640546,19.99353142944206,1.1955773568335233,21.374212716480013,1.6619640496630468,0.0033276079188898646,4716.97372626914
2021-08-12,402.38138691263777,410.445030495358,94.42324357517819,8.116839,0.76761293,33.852486,2.339358,21.112317757999193,1.2408981886963248,22.546473207162432,1.7072982394862333,0.7306432090377114,4716.2430830601015
2021-08-13,452.59911943949805,593.3951804953581,94.21105927014027,8.216593,0.75841856,31.26774,1.5510036,21.293566352567534,0.9390931917194073,22.736384864983815,1.405495541258497,1.455795735898054,4714.787287324203
2021-08-14,421.0680228990084,582.366050495358,93.87241471219443,7.846971,0.7585321,29.18566,1.4474456,20.231369771661534,0.8983392178332973,21.623418918447875,1.3647286306015163,0.012339195408399268,4714.774948128795
2021-08-15,402.7718948536991,468.4678404953579,93.48535263541831,7.9185605,0.78153145,28.173796,1.2696351,18.809852425615787,0.7723975120252563,20.1339579024751,1.2387716301537899,1.1500990539615034e-06,4714.774946978696
2021-08-16,419.10744581265044,426.5583647515499,93.18740967558476,7.903671,0.78830403,28.514738,1.358723,18.30000353692112,0.7888796157512431,19.599739979732067,1.2552488111981353,1.7993706692892745e-08,4714.774946960702
2021-08-17,419.8312337036318,387.170150495358,92.91342399401556,7.9720654,0.77955675,27.911278,1.3223633,17.53818018748751,0.7529709122941668,18.80150407835837,1.2193333061078888,3.184118295775046e-11,4714.774946960671
2021-08-18,341.5133989978995,359.24347866256664,92.50373026585488,8.121885,0.7493515,26.446198,1.197199,17.51585612224047,0.7141784219238381,18.778112999103524,1.1805406264350906,2.8964356035816468e-11,4714.7749469606415
2021-08-19,472.4521746924057,1000.4366104953584,92.4085949713235,8.068296,0.79965097,22.613346,1.0926367,17.947793333439787,0.7852315435580723,19.230695332494676,1.251597511949999,8.05813547318848e-10,4714.774946959836
2021-08-20,164.90263469419762,942.191790495358,92.25914567683618,8.217085,0.9098363,19.803877,1.2243915,18.078014580272022,1.0507930399968954,19.36714070978643,1.517160184986626,2.597595413144721e-09,4714.774946957238
2021-08-21,138.95789470442799,819.432060495358,92.76892155119911,8.233881,0.9874457,19.958809,1.2017812,18.258800162383576,1.0374600621868226,19.556567224738316,1.5038288727893578,1.2828001471705412e-08,4714.77494694441
2021-08-22,553.0400842474542,1256.836320495358,92.89782790574101,9.366901,1.9169776,22.81821,1.1879455,18.70792265287236,1.0117613904776825,20.027156235024034,1.4781345006837998,5.438541303298735e-07,4714.774946400556
2021-08-23,524.3111737040458,3939.075330495359,94.38166430678756,9.852125,2.1164,18.950676,1.3633693,17.881874989437637,1.2286312960909171,19.16162631697981,1.6949966762782767,4.459257923172972e-10,4714.77494640011
2021-08-24,448.64516381791054,1993.5920939456644,94.79034663605519,9.76178,2.121739,20.896414,1.26024,18.850953360159167,1.1000938838390355,20.177023321193136,1.5664684117511045,1.6129997680210304e-06,4714.77494478711
2021-08-25,612.6038998538157,1715.3627606399364,94.56400493121906,9.55374,1.8799384,23.619284,1.284105,19.91793892200599,1.0677146788616385,21.29500714558856,1.53410052075395,0.0022110256431645972,4714.772733761467
2021-08-26,621.5316242483722,1489.5145417845974,94.22006493365875,9.263638,1.6947654,25.21088,1.3973432,20.515712622870378,1.105010288674355,21.92135238596709,1.5714030380918462,0.05389414599354311,4714.718839615473
2021-08-27,555.1976097742058,1342.4019159789625,93.85873599818055,9.096451,1.6266207,24.43334,1.3871355,19.946089656075937,1.0906066613822911,21.32450338851858,1.556992819401071,0.002585559344987545,4714.7162540561285
2021-08-28,491.59796586502785,1299.3022169080357,93.5388783481358,9.19351,1.6845452,21.56381,1.3219509,18.168191475019576,1.0647293917470337,19.46162775184862,1.5310973628823865,5.852374166616665e-09,4714.716254050276
2021-08-29,387.78947370361965,1015.7505921489568,93.30430413218738,9.032363,1.6929276,20.552954,1.3577256,17.369885459439356,1.0882451688331112,18.625165437596266,1.5546061495960743,1.9652943130085574e-11,4714.716254050256
2021-08-30,387.7894737036264,1069.7545527849422,93.11248843909769,8.926691,1.6538079,20.593054,1.3762722,17.48913888038297,1.101780119851899,18.750118764413557,1.5681420985568133,2.645586757568163e-11,4714.7162540502295
2021-08-31,387.789473703655,878.0641304953579,93.07100863363442,8.784649,1.4741509,21.533014,1.4198674,17.627600675001244,1.083496166702334,18.895198559506618,1.5498593244926429,0.0,4714.716254050175
2021-09-01,860.2091737036,1076.3723304953585,93.07523005296827,9.939486,2.1444216,22.706575,1.5176237,17.035568115501533,1.2723300261660695,18.274868867424885,1.738688295982185,,
2021-09-02,514.8791137035998,1665.6261304953582,93.70374536989884,10.236855,2.1896698,18.325289,1.4221795,16.415380115773495,1.2031281065111086,17.625038001316465,1.6694816857679378,,
2021-09-03,506.3500137035999,1369.276397005381,93.8960937066831,10.931593,2.3491518,18.403788,1.3743142,16.386570403360988,1.18692914350923,17.594851283131717,1.6532825155658126,,
2021-09-04,491.2207337036,1338.4846083452408,93.96625566938172,11.115007,2.46514,18.007631,1.3625209,16.157169540544444,1.1964368644994177,17.354485843240163,1.6627886205690148,,
2021-09-05,563.0669598980614,1299.6857603739118,93.90697653887817,12.136501,2.613401,17.70857,1.1817731,16.024263157815682,1.1419005658347483,17.215226989734706,1.6082514131956267,,
2021-09-06,494.6726290513455,1373.6005887203614,93.86842569724938,11.993734,2.7395754,16.897873,1.2252649,15.599378093248161,1.156583840609223,16.770033871477793,1.622931918461493,,
2021-09-07,525.1090173812473,1256.9214231728365,93.39569573969911,11.862627,2.7129679,17.132359,1.3063642,15.57953236006911,1.2198760121225678,16.749239580092027,1.6862239656622307,,
2021-09-08,470.8045368065545,929.367968005401,93.05809787383575,10.371799,2.3871052,17.823776,1.6696815,15.31806751114444,1.3683895539389799,16.475277605161633,1.834735911736471,,
2021-09-09,387.7894737036,535.2377798442981,93.21528035801882,10.30942,2.246461,19.143194,1.4469687,15.431879308554793,1.2628445305673317,16.594529217442034,1.7291915733584813,,
2021-09-10,387.7894737036,763.5278365015777,93.25947388054375,10.407486,2.3256197,17.291908,1.3480825,14.973080537279575,1.1886378493663219,16.113801433225,1.6549822213167875,,
2021-09-11,392.8926037036,699.7706115877861,93.19352575540987,10.738806,2.4522023,16.890894,1.3583461,14.678766810757807,1.2386443088651993,15.805420516636635,1.7049870942532697,,
2021-09-12,396.4534037036,641.8819157611996,93.05240997806072,10.97632,2.5391269,17.94171,1.3203497,15.282210004938399,1.2673218229501626,16.437706232731696,1.7336679680026739,,
2021-09-13,387.7894737036,625.063848458424,92.96644492593155,10.651762,2.4820352,18.843946,1.3315221,15.707418367249165,1.2562990377912355,16.883238101258843,1.722647800302802,,
2021-09-14,387.7894737036,646.873639212482,92.7695503960861,10.533539,2.434289,19.503893,1.3158551,16.14182379193828,1.228497877531939,17.33840662030744,1.694849527647861,,
2021-09-15,474.3398037036,1358.4864485382757,92.62008467708334,10.101273,2.2188478,17.613428,1.4594445,15.66926435428893,1.2247080046032142,16.84326045690208,1.6910565238052098,,
2021-09-16,551.9493037036,2567.4686333101104,92.81729041834707,10.321657,2.293559,16.184933,1.5241085,15.147485688039078,1.3184436291275723,16.296542554016625,1.784788987993326,,
2021-09-17,404.9448737036,1424.351637926918,92.7156469674294,10.780899,2.472197,17.270044,1.408478,15.833565276658918,1.2256509343059416,17.015414401726744,1.6920005131127123,,
2021-09-18,401.5041737036,1313.2408466247432,92.56979562119028,11.158958,2.5709136,17.338303,1.3817121,15.89142132762233,1.2174287245709943,17.07603577415519,1.6837786838510356,,
2021-09-19,398.6059137036,1172.2671143576454,92.3783395379398,11.113079,2.5546582,17.061954,1.360212,15.55243916329739,1.204393190904717,16.720851421128078,1.6707409754612568,,
2021-09-20,395.8434937036,1043.8309559435595,92.09868316414706,11.161591,2.5959742,17.010128,1.3618374,15.402052323377026,1.2183679320982432,16.563276604331218,1.6847147939386893,,
2021-09-21,406.4390637036,920.3552000642562,91.84947744608743,11.344465,2.6574144,17.128555,1.3247606,15.356705505240795,1.2276549143379234,16.515762363298418,1.6940015030231526,,
2021-09-22,418.8522737036,819.7890017916236,91.76278162975254,11.540556,2.7774942,17.782541,1.3103558,15.67178508122741,1.2783843592107171,16.845901665971542,1.7447328944361207,,
2021-09-23,1749.9389037036,2319.565724729862,92.15264564792895,12.112104,2.535786,21.020405,1.74953,17.18972200319236,1.4776480370009915,18.43639078399863,1.9440075409559034,,
2021-09-24,387.7894737036,3942.63204804526,94.63499247542558,10.482338,2.3457937,15.12423,1.3883771,14.708548674719282,1.2813838559448152,15.83662585189126,1.7477267973733974,,
2021-09-25,1054.5242922120578,2655.7032608929785,94.78477368479294,12.907225,2.8130047,16.928936,1.396184,15.785881500946553,1.279821415067842,16.965451504534162,1.7461706831740211,,
2021-09-26,1130.1720613520567,2375.8840574450933,94.31121397030063,13.547558,2.9428446,16.610786,1.2920426,15.623359177253398,1.2909217099549237,16.795161169323247,1.757269938624414,,
2021-09-27,1041.615431213835,1998.6714487220847,93.68005841478242,14.27635,3.2269065,16.240711,1.1272806,15.567712574327777,1.3309505348704787,16.736854848996174,1.7972984145856614,,
2021-09-28,922.0258351220943,2004.329432160912,93.02784334629843,13.610624,2.9296772,14.857397,1.0617074,14.464568254569013,1.1751024191511201,15.580984001663152,1.6414441121419676,,
2021-09-29,792.5149131656192,1768.9620399244568,92.39957107053182,13.699936,2.9540765,14.500146,0.9832502,14.252562830396576,1.1386200912579718,15.358845442919561,1.6049607547073494,,
2021-09-30,647.3332233535182,1492.2057033295089,91.89435740102795,13.258888,2.7954602,13.143098,0.87434006,13.178131103890832,1.042695666121453,14.233059552647964,1.5090319023277547,,
2021-10-01,470.6467350784735,1166.701258915921,91.55777648695647,12.824493,2.8284225,12.334287,0.8266367,12.475193932687612,1.0039634511425013,13.49652438753174,1.4702975053448368,,
2021-10-02,387.7894737036,739.4195525054001,91.44718964433082,12.727079,3.0253482,12.353486,0.79982257,12.482011966762293,1.1655615572603746,13.50366830032891,1.6318956299125178,,
2021-10-03,387.7894737036,622.7392604953579,91.28253114626078,13.124491,3.0162756,13.119282,0.8567812,13.121280705913385,1.2722286671230127,14.173491899980558,1.7385647058535887,,
2021-10-04,681.7497337036,908.106970495358,91.56556426883398,13.595335,3.2994275,14.289991,0.9972123,13.99211434658142,1.5251869793680866,15.085948411876645,1.9915264483931887,,
2021-10-05,387.7894737036,1378.0874793261398,92.1160850829552,13.581106,3.1983018,12.731888,0.8482369,12.918377563243514,0.9651390518168169,13.960890680680762,1.431474415882739,,
2021-10-06,561.0111449312149,1231.2909982066967,92.06324093262448,13.868536,3.5176098,13.835398,1.0728745,13.845770380857438,1.3249763937428056,14.932609704842877,1.791315225673838,,
2021-10-07,605.5132642277265,1250.2959088846137,91.86364781392834,14.095587,3.5810986,14.549945,1.0398747,14.401696953869783,1.3623772740545423,15.515107667705289,1.8287186563677384,,
2021-10-08,616.2946696178512,1247.4858036694504,91.53580305686559,14.109678,3.6045926,14.752545,1.0474851,14.539969055259224,1.3828420667469927,15.659988702881613,1.8491841382918457,,
2021-10-09,594.3829197104646,1204.423046104945,91.1657110192923,14.064505,3.436878,14.106547,0.91164696,14.092655094665629,1.2893061893294542,15.191294664037924,1.7556461102434673,,
2021-10-10,521.4416281929657,1116.379869890041,90.80057892993419,13.925039,3.2359352,13.122806,0.77642345,13.378216850601719,1.1582231965927254,14.442708714092722,1.6245601572168917,,
2021-10-11,461.84838231031927,1037.2293142326412,90.46265342970995,13.747887,3.486466,12.570528,0.77938604,12.933258513732365,1.201908461096779,13.976482889734998,1.668243873042651,,
2021-10-12,413.7646637036,780.697199516779,90.32205204662986,13.575798,3.5179288,13.35837,0.93405956,13.433687517925726,1.3629903332627347,14.500830689697827,1.82932750282724,,
2021-10-13,416.4880437036,638.4131420661702,90.20753300803862,13.481295,3.4542515,14.218492,1.0646954,13.927437085713107,1.5083347965811988,15.018179799026981,1.974673981019656,,
2021-10-14,407.2440437036,569.4446625948825,90.11996572959615,13.437353,3.4630187,14.582389,1.0146468,14.10495017764835,1.5604375449950134,15.20417740995858,2.0267775219636706,,
2021-10-15,403.2183737036,580.0431352309748,89.98769586441328,13.297787,3.5011995,15.255667,1.042828,14.45277432781264,1.5620230079292512,15.568626365523347,2.028364642296091,,
2021-10-16,448.5343337036,1227.6047806235606,89.96580014570561,12.730709,3.1479797,15.032693,0.8631208,14.41668271292359,1.053208768781938,15.530809694815613,1.519550224736692,,
2021-10-17,387.7894737036,1432.613742875028,90.27702599824408,12.194422,2.596249,13.432839,0.82586247,13.169026786158188,0.8534009092918219,14.223520079649253,1.3197371136247469,,
2021-10-18,464.0757286917186,1368.0611385668528,90.07539061255046,12.135067,2.4644623,11.536721,0.75179607,11.688280727063418,0.8395310311822498,12.671999420606937,1.3058633131684745,,
2021-10-19,469.8954410341413,1267.6783826192432,89.8313552975544,12.37274,2.9283218,10.538153,0.68838996,11.034283622438348,0.9377400768751094,11.986743489958053,1.4040714249024704,,
2021-10-20,437.14477554916647,1165.7104591010125,89.53180162883314,12.725733,3.1522863,10.802916,0.6705551,11.327323197937249,0.9884050156528565,12.293789355460124,1.4547367216724025,,
2021-10-21,387.7894737036,1062.2300789855976,89.24037998239334,12.8689995,3.1422453,11.30082,0.6798169,11.720210115828248,0.9768352848848832,12.70545492500957,1.4431676249937524,,
2021-10-22,387.7894737036,1006.3834202031674,89.06075417372983,12.324287,2.6127477,11.350257,0.7482364,11.621183699859138,0.905466232335199,12.601695384862007,1.371798395981205,,
2021-10-23,387.7894737036,931.3289631593104,88.86870055304807,12.13537,2.4578946,9.560595,0.71751547,10.317517427866177,0.882452824424755,11.235718321427996,1.348783710743328,,
2021-10-24,387.7894737036,874.4484364387632,88.76913237229208,11.893717,2.651541,8.513275,0.6949851,9.551827137257694,0.9462623382872063,10.433430652309747,1.4125933805352284,,
2021-10-25,387.7894737036,1017.5487588779348,88.99187758296347,12.070168,3.1778429,9.898845,0.69439125,10.498000221205753,1.010808193586901,11.42482757533964,1.4771391408113441,,
2021-10-26,2940.2812737036,3591.068289357347,91.05587831264221,14.107765,3.291522,11.966127,1.5519304,12.930249352943997,1.7098985834596296,13.973329901347247,2.1762339857029978,,
2021-10-27,942.3229933553528,4487.501315029758,94.28077066232959,13.525454,2.814669,10.207306,0.9551072,10.783156369861658,0.9282693121724633,11.723613213143764,1.3946004315612617,,
2021-10-28,1879.807298136477,4937.510415029758,94.88149278758526,14.276155,2.9087093,10.39674,1.219094,11.466450056700706,1.1928391032696073,12.4395660024911,1.6591710136388986,,
2021-10-29,2098.656737319657,3640.500215029758,94.45217683636946,14.303326,2.9767864,9.286046,0.87752676,11.120731466315434,1.2225985828386225,12.077323245265292,1.6889300262615383,,
2021-10-30,2388.999248628795,4088.062515029758,93.94790747730715,15.128212,3.2066815,9.347036,0.9067777,11.479364985469944,1.313946462463373,12.453098220708032,1.7802783929250916,,
2021-10-31,2043.4744024783904,3092.408715029758,93.21151517796315,14.82905,2.9919178,9.358444,0.8413274,11.535098698636,1.2937328140070938,12.511495814847258,1.760064833364713,,
2021-11-01,1789.825045183968,2787.380715029757,92.45416922897903,13.988312,2.6915119,8.40852,0.8737547,10.590386156901888,1.1793203381674917,11.521629242956525,1.645651330985457,,
2021-11-02,1571.672031902804,2580.9986150297577,91.7603276578136,13.038118,2.2851903,6.7834964,0.7569453,9.15069938628335,0.984558523055588,10.01313036602545,1.4508899146602066,,
2021-11-03,1088.0381268294918,2377.863015029758,91.45475112247628,12.851372,2.1919014,6.093111,0.6905478,8.214708002744699,0.8354224830104362,9.032401793880135,1.3017554055380542,,
2021-11-04,542.5822672171498,2257.5737550297576,91.60873533007326,12.418873,2.2300582,6.122133,0.66232526,7.342243182024138,0.686925126588991,8.118236137100924,1.1532603784579145,,
2021-11-05,505.1522028558548,2142.1710150297577,91.73084943089876,12.112795,2.2764258,5.9300776,0.653299,7.1098402861106695,0.6842106418059947,7.874725177192348,1.1505466609964812,,
2021-11-06,601.3654606120672,1922.3515631329751,91.68558772875232,12.178497,2.323068,5.849204,0.66080064,7.3573835920422646,0.7481805814630182,8.134100206963014,1.2145157854863757,,
2021-11-07,663.822823285557,1465.4393262079484,91.53195604020512,12.458023,2.4702313,6.2319927,0.68620807,8.173031801974942,0.9034014822184945,8.98873361317655,1.3697344962140807,,
2021-11-08,732.9869973702444,1150.1271199335854,91.26936304122457,12.88871,2.6898623,7.2645426,0.9344016,9.453704441045279,1.192440729198331,10.330618026634035,1.658771839901742,,
2021-11-09,768.8124292458185,954.3103154518968,90.93100380847743,13.095959,2.7598968,8.274026,1.4237659,10.425446572021189,1.462221875188079,11.348806109736294,1.9285527934502413,,
2021-11-10,775.1012124068595,893.3022632239033,90.55517627433123,12.617567,2.5267332,7.985535,1.768087,10.137468779360335,1.5080264381726602,11.047063962989089,1.9743573008550428,,
2021-11-11,717.8910244014276,908.38548778274,90.20628744406696,12.087076,2.5755463,6.0349407,2.1270003,8.70654895968513,1.6444231028647116,9.547751067288115,2.1107550960000134,,
2021-11-12,1282.4136290019756,4864.418642535529,91.0278370254873,12.61124,2.6829107,7.4426413,1.9390644,8.520966104716216,1.6334159205761516,9.35329798623494,2.0997482318887166,,
2021-11-13,748.7344153374837,5125.800793152928,91.98695680988318,11.801516,2.2318265,7.0405493,1.2463199,7.647354615750826,1.1240589558952978,8.437930854388487,1.59039329417013,,
2021-11-14,1017.1730890928892,4621.968657234597,92.50457759908448,12.275366,2.2318327,6.8499284,0.8215009,7.82855406703817,0.7844902991771336,8.627791020048027,1.2508241452804056,,
2021-11-15,1179.7090485887488,3947.360282552251,92.37971009431878,11.822807,2.0467396,6.6139355,0.6446415,7.812466804446862,0.6841886295146273,8.61093484129641,1.1505225177948861,,
2021-11-16,1181.4669194320093,3330.250888802642,92.02678516284332,11.3090515,1.9373392,5.7507243,0.6180385,7.206262979844363,0.6822693064317654,7.975756546082022,1.1486049997665784,,
2021-11-17,1131.2257004170056,2860.0731451858405,91.57081627286374,11.438345,2.0199966,5.524533,0.65291995,7.200642893988754,0.739372418062479,7.969867839333818,1.2057081300982546,,
2021-11-18,1057.9317710965786,2722.5561555566983,91.14519316288605,11.890568,2.296359,6.657315,0.6012234,8.121788338616385,0.7748682257505666,8.93504088743647,1.2412013549346985,,
2021-11-19,989.2523393916672,2814.6040976004183,90.84500714923912,9.930149,1.7415147,6.0188484,0.6585012,7.036043308441717,0.665233843881917,7.797400956253168,1.1315701196492665,,
2021-11-20,794.8553423145939,2239.999314993943,90.5301013284314,9.953022,1.8104014,5.113539,0.6595391,6.381042667825226,0.6795602183425229,7.1110935240228885,1.1458990444000192,,
2021-11-21,577.6257173584693,1996.771039047538,90.2899007906852,9.753841,1.8974838,5.8007736,0.59826356,6.687736209507953,0.6297472205886366,7.432445968618625,1.0960847914250424,,
2021-11-22,441.1818709996286,2114.742121719777,90.24147673732092,8.758051,1.6318142,5.7411475,0.66612566,6.261899735600389,0.6189494460239928,6.986255966907444,1.0852887887177611,,
2021-11-23,445.01252298842473,1833.937211374946,90.06411246635786,8.15838,1.4748214,4.120786,0.71449226,4.90921060455184,0.6430642987127546,5.568912919331249,1.109410645551967,,
2021-11-24,444.7659436739664,1644.9944082256256,89.76679751002955,8.346224,1.4759132,3.252388,0.76095104,4.33651455983133,0.6763644831514415,4.968843961336592,1.1427144259202915,,
2021-11-25,425.80900100225097,1565.3085294855584,89.54858457946146,8.49995,1.5281757,4.281049,0.6548966,5.183278935764676,0.6098092122679395,5.856080779920336,1.076153970951297,,
2021-11-26,424.3321105938745,1793.9543879906416,89.36338976950674,8.071716,1.4169211,4.9085865,0.633911,5.513656022057794,0.5798915461439754,6.202248761600693,1.0462345045699442,,
2021-11-27,414.73427470912856,1618.2537659389227,89.19683672975268,7.8490214,1.3556354,3.8805933,0.6818429,4.690161842013153,0.6091420026449015,5.339394374723949,1.0754896805831475,,
2021-11-28,412.2460393410921,1496.922818866465,89.02664100441346,7.676031,1.2947364,3.2233372,0.7336293,4.1848055281051835,0.6395584925813766,4.809883756485317,1.1059094507662202,,
2021-11-29,398.548510244498,1398.1632573156503,88.80434860329096,7.250756,1.2308109,1.8639095,0.91709864,3.058825444499788,0.7641074397692704,3.6300856738539493,1.230466756974234,,
2021-11-30,398.0189737036,1257.5785041511776,88.61801488169586,7.4484806,1.2318534,1.8221667,0.9483037,3.1747778830055715,0.7788258902412031,3.751580242556727,1.2451842796755672,,
2021-12-01,387.7894737036,1211.8232398465666,88.3244714477931,7.74116,1.2677698,2.701991,0.84349835,3.923622175910441,0.7090801279099848,4.536216732866292,1.1754328959071,,
2021-12-02,410.2404237036,1457.8184751441363,88.28118782176756,7.917148,1.2690889,4.35367,0.64974874,5.136237908981468,0.5786046908042605,5.806791352858597,1.044949715971352,,
2021-12-03,387.7894737036,1685.6714241129484,88.31036773845766,7.4496,1.1619264,4.277787,0.6560519,4.87099622425782,0.5759249377975759,5.528872022288499,1.0422715129034374,,
2021-12-04,387.7894737036,1405.769594538499,88.17618857279042,7.4709697,1.1753248,3.8235683,0.698442,4.612181258125249,0.6035368036815822,5.257686585489493,1.069884968731367,,
2021-12-05,387.7894737036,1341.788930132127,88.03689381375267,7.5068693,1.1849774,3.907497,0.6919916,4.714513668332581,0.5989868254633302,5.364910135098891,1.0653343527110581,,
2021-12-06,387.7894737036,1356.2530741365897,87.94507242070749,7.5046277,1.1671722,4.5122485,0.69334483,5.1776067965224515,0.5983857693430151,5.850137531811571,1.0647305600244155,,
2021-12-07,387.7894737036,1372.2571301970552,87.99653874881459,6.971395,1.0974615,3.9499245,0.7483832,4.615642337218582,0.6316107755182782,5.261313092332381,1.0979589188006895,,
2021-12-08,387.7894737036,1333.842545070026,87.93644264708328,6.6287546,1.0483985,1.7431186,0.97463006,2.84358505100592,0.7911638081159569,3.404557525313552,1.257524888284764,,
2021-12-09,387.7894737036,1324.9900278025489,87.82109337214115,6.5203347,1.022677,0.48988605,1.0902828,1.8552366442217143,0.874637520247118,2.3689694431850747,1.341007375813159,,
2021-12-10,387.7894737036,1271.210487362203,87.72008149017167,6.9721837,1.0226699,1.5437742,1.0138507,2.812659175355665,0.8128110887835495,3.372153498522032,1.279172426609025,,
2021-12-11,387.7894737036,2197.085038777699,87.98108924432199,7.392404,0.9925076,4.356355,0.5109047,4.8118309958455665,0.45907553026294506,5.466878898204356,0.9254224620761358,,
2021-12-12,401.6394422030976,2060.252323865332,88.15193198859684,6.839113,0.9841191,5.18578,0.64394236,5.455509135650461,0.5622962415796047,6.1413226527882765,1.028639507801815,,
2021-12-13,467.3963131946935,1885.3334457294416,88.13101888332754,6.8895707,0.99334687,4.7965927,0.6024711,5.212386407953881,0.5215580039641943,5.886579489781269,0.9879025990234745,,
2021-12-14,474.23136886023934,1746.0527717936611,88.06819865853387,6.576464,0.9665167,4.4878035,0.6370045,4.933921328847341,0.541815712750113,5.59480473177869,1.0081619128734656,,
2021-12-15,450.0183422525898,1678.427882328726,88.00108221082607,6.4762783,0.9385017,4.2394657,0.6441732,4.7123960054458855,0.5453554782702706,5.36269125516508,1.0117030185952955,,
2021-12-16,439.88278345889256,1657.7522720918184,87.96724205656076,7.3513446,0.9392028,5.2309628,0.5583732,5.6756156302783385,0.4832382663493526,6.371949485462954,0.9495803878394788,,
2021-12-17,446.3998121525794,1511.8806505287323,87.86497575387762,6.7742286,0.94407195,6.395583,0.62183225,6.481897267431692,0.5261109979671227,7.216768628736341,0.9924493993798457,,
2021-12-18,432.2470503967607,1554.6088186912878,87.74754474446601,6.24113,0.8571082,4.6913037,0.63372636,5.028473521892223,0.5297585227112079,5.6938761964406135,0.9961041678947926,,
2021-12-19,387.7894737036,1760.7054425635831,87.82454667825893,5.6013427,0.80514026,2.2731214,0.8593309,2.873843837016876,0.7190651017227118,3.436262577861346,1.1854259308512345,,
2021-12-20,387.7894737036,1383.1573757098097,87.82364196581746,5.693108,0.7988948,0.5778631,1.0725439,1.69796343284488,0.8557570674069681,2.2041791099160064,1.3221284223946306,,
2021-12-21,387.7894737036,1281.3087179818515,87.78377170673765,6.0137243,0.8197521,0.47228122,1.0046384,1.7597508929368677,0.7943949827904359,2.268919799390525,1.2607657453315901,,
2021-12-22,387.7894737036,1248.486767578741,87.73786070528644,5.8373976,0.8004818,0.64450324,1.105745,1.8751938197973097,0.8647547410350321,2.389880503532992,1.331124408354319,,
2021-12-23,387.7894737036,1190.1887942688782,87.5741923423331,5.4564652,0.76831865,-0.015225649,1.0738499,1.3294469456664182,0.8316674528245745,1.8180487943610064,1.2980424319800146,,
2021-12-24,387.7894737036,1114.610371340044,87.37721200399017,5.5985336,0.7773004,0.0553689,1.5985899,1.4861337798471947,1.202823229175015,1.982224723608476,1.6691966484206577,,
2021-12-25,528.1174737035999,1446.0798365315432,87.39438646078771,5.9907913,0.7896096,1.8376342,1.2162416,2.9486451630752795,0.9155835623326972,3.5146391516097997,1.3819437753697128,,
2021-12-26,389.9594137036,2000.8820711382537,87.5121314914768,5.631401,0.78546923,3.3936,0.65806925,3.7585976670175283,0.5654394823549247,4.363304616556361,1.0317934340709678,,
2021-12-27,402.3901437036,1496.2118900862397,87.56729724289437,5.552571,0.76807857,3.0749092,0.7093921,3.6000253711552026,0.5822619749089223,4.197153107004093,1.0486170934035333,,
2021-12-28,395.9912537036,1507.4602098815983,87.59572433882897,5.683126,0.795956,3.5805626,0.61182404,4.017976796873473,0.5120546110662235,4.63508118217622,0.9784067162529337,,
2021-12-29,390.3434737035999,1696.5604809600625,87.64823579002548,5.6884727,0.7989326,4.3135715,0.58265644,4.5707388930126704,0.49668702742733195,5.214263416988172,0.9630354541800086,,
2021-12-30,389.2121137036,1781.463415684077,87.7030936896574,5.6993947,0.7941103,4.876509,0.5783777,5.024056349756412,0.4955680394918678,5.689247898576059,0.9619137103727693,,
2021-12-31,407.928999477322,1732.405272962092,87.72906159871492,5.9359055,0.8233926,5.120772,0.5755579,5.27612921699246,0.4915836569631915,5.953368987197999,0.9579278970845577,,
2022-01-01,441.9593940102273,1768.804123102269,87.58700085823146,6.249881,0.77971727,5.8150873,1.1817828,5.902007994487968,0.9582919053554527,6.609162630798222,1.4246329072265391,,
2022-01-02,406.187615090144,1956.651639911276,87.55549221550528,5.7049985,0.71438384,5.099259,1.1264113,5.203389521495099,0.9408233392809852,5.877152582904075,1.4071679848116925,,
2022-01-03,387.7894737036,1564.5140193389889,87.48734402622638,4.4837885,0.76234365,1.3727407,0.94216806,1.9906936262840855,0.770058638640278,2.5109008059534985,1.236427225448756,,
2022-01-04,390.0870437036,1374.7682407573516,87.36225292353859,4.2211094,0.72381413,-0.15312326,0.77078974,0.8137160602895214,0.6213705237168342,1.2776677356009318,1.0877508355430319,,
2022-01-05,387.7894737036,1271.7550125580046,87.27243853817191,4.60846,0.67540216,0.03933394,0.9171717,1.1070118387280572,0.7203554597613216,1.5849820496673668,1.1867327016030775,,
2022-01-06,387.7894737036,1143.978784374834,87.10785604007542,4.4570904,0.7295409,0.353819,0.90197575,1.3926220004755834,0.6984881953700153,1.8842434008369282,1.164862542202986,,
2022-01-07,387.7894737036,992.2342576010136,86.98266651787272,4.2348056,0.789846,-0.30281246,0.90634704,0.9722674361710919,0.6884213878529722,1.4437973252688765,1.1548000278767838,,
2022-01-08,436.2250837036,781.8323160793148,86.89094695757719,3.895037,0.79237777,-1.527362,0.88179886,0.4145714742775425,0.6331533033441584,0.8594454027850909,1.099537951105378,,
2022-01-09,491.09215370359993,738.6793704953581,86.76154414482748,4.1382027,0.7890303,-1.6255981,0.8728219,0.6760955858124548,0.6116718201427587,1.1334694728759194,1.0780536063734958,,
2022-01-10,420.4079737036,727.429570495358,86.60950575375038,3.6871107,0.8251468,-1.5087296,0.88199276,0.3943033720020505,0.6354251678448399,0.838208554503872,1.1018100406396676,,
2022-01-11,481.6705837036,601.608760495358,86.41617647180611,3.379909,0.8618294,-1.7287773,0.8415598,0.5427549231564142,0.6043827363998926,0.9937555823471729,1.0707659718388514,,
2022-01-12,478.2800037036,419.3984904953581,86.25186257885761,3.8685956,0.80109084,-1.8824102,0.86139286,1.181705857484805,0.5866315093657952,1.6632461871919573,1.0530079850851601,,
2022-01-13,462.1889837036,496.7937604953581,85.96420938736641,4.6325397,0.7172215,-1.7456318,0.8691975,1.3283761913456513,0.5676628532059012,1.8169268616438974,1.0340378431179078,,
2022-01-14,426.0961337036,607.0558004953579,85.63115958918675,3.8464003,0.85738873,-0.98886526,0.8863298,1.0053118575546842,0.6294892895560819,1.4784211570379007,1.095867584771478,,
2022-01-15,451.8123737036,537.504290495358,85.24971559557302,3.1157851,0.93771607,-1.6087855,0.71103793,0.5488850813788427,0.5767435501146789,1.000178741177736,1.04312671848241,,
2022-01-16,475.5805137036,551.0040304953579,85.01383397668133,2.2702708,0.8482698,-1.7767528,0.6972839,0.09809089297306893,0.5426752119772097,0.5278381315290103,1.0090634271665162,,
2022-01-17,472.5449837036,377.95623049535806,84.83206078808358,2.9825253,0.6396498,-0.6353539,1.4297975,1.3747674889240484,0.7280295125408749,1.8655355046658244,1.194404037617968,,
2022-01-18,172.02737209880002,456.4923904953579,84.7112290596965,2.7547274,0.6488922,-0.65268266,0.6065308,0.27993366487686816,0.47497627130586,0.7183723663313917,0.94136242273303,,
2022-01-19,198.9366920988,465.7547304953579,84.73859415045287,3.3769336,0.5637607,-1.1871334,0.90180653,0.1788543966757971,0.6540421621587077,0.6124618546325026,1.1204294560834076,,
2022-01-20,180.7733720988,430.4579104953581,84.90586888389839,2.8790803,0.60662574,-1.0050715,0.630452,0.14367731058380842,0.47887274362273285,0.5756034240721701,0.9452604378936702,,
2022-01-21,512.2441337036,483.3781504953579,84.67806267522813,2.6093364,0.6214735,-1.5083588,0.57001394,0.6101807449383165,0.42287654267726477,1.0644041279266088,0.8892590427602517,,
2022-01-22,170.8184620988,468.4798004953579,84.78730111818254,2.3983214,0.6267986,-0.8766905,0.38195524,-0.0016177461464159208,0.32617783538176054,0.42336376029654593,0.7925671982288762,,
2022-01-23,189.1489620988,464.3268104953581,84.90004326019648,2.5892513,0.5638045,-1.031062,0.55666906,0.016839888400320094,0.4278839882104538,0.4427036066803486,0.8942731377507471,,
2022-01-24,506.4128337036,505.735910495358,84.68661937127546,2.7297564,0.5280817,-1.8188697,0.8650098,0.4569643790086219,0.5065779346839154,0.9038645434494206,0.972962113281896,,
2022-01-25,168.45984209879995,507.2696283892655,84.81722386438659,2.7462797,0.5305492,-0.99096596,0.5912277,-0.05926793169145421,0.46312330413331004,0.3629580929497555,0.9295133357267381,,
2022-01-26,173.1793820988,477.51569193509465,84.9085248778739,2.5497332,0.56788534,-0.76239026,0.39230677,0.11911555198145218,0.3251576718699634,0.5498676973687927,0.7915456465141792,,
2022-01-27,511.7264537036,436.54671536307694,84.64073353009735,2.5130963,0.5296289,-1.5244294,0.57190126,0.6543823333415422,0.3885914807815317,1.1107184011599376,0.8549735016162932,,
2022-01-28,179.6268820988,336.083930495358,84.66794025327515,2.7758207,0.50044453,-1.3030695,0.67997265,0.11764599835845609,0.47618234346646277,0.5483279041060352,0.9425703349075505,,
2022-01-29,184.0921282998792,304.4502277706394,84.59638649509836,2.4691372,0.56138766,-0.97335947,0.48329964,0.32383928993579614,0.3680504120039342,0.7643765301842653,0.8344360708055993,,
2022-01-30,193.64559111448625,264.0785463533857,84.44728629253554,2.426984,0.5579366,-1.0318176,0.47029528,0.43146923854447716,0.35963363628484346,0.8771508224218676,0.8260180967918309,,
2022-01-31,190.1198878605377,312.9331440186706,84.28914694875729,2.5482693,0.5302499,-0.95592463,0.45817944,0.36842272383866714,0.34841816229045713,0.8110908998268489,0.8148033231169272,,
2022-02-01,198.8049114445228,308.877049962851,84.30711575648579,2.6522055,0.5041147,-1.0110012,0.48723155,0.42348637961733243,0.35615103021574984,0.8687864101260434,0.8225355791448862,,
2022-02-02,184.96823865527836,326.9453204557277,84.31999280506206,3.3793933,0.48536932,-1.4877914,0.8841029,0.2708543052507961,0.5912610532724364,0.7088590443514318,1.0576473068459507,,
2022-02-03,219.8281920988,534.5842904953578,84.39329477865556,3.1739547,0.5905337,-0.7787746,0.8644095,0.3730108638741226,0.6362406122313747,0.815898337272227,1.1026257219395366,,
2022-02-04,405.5790420988,2022.8574304953584,85.27939373028815,2.8865025,0.5483545,-0.49310958,0.43653697,0.07132759573307529,0.3749852705725648,0.49979564016669975,0.8413737926944147,,
2022-02-05,64.87249209880001,1021.501950495358,85.73508716365258,2.5876002,0.53811806,-0.4148177,0.3110698,-0.23552929332548833,0.2942541694956998,0.1782720407489373,0.7606462693033571,,
2022-02-06,174.1678820988,880.527330495358,85.97417349952808,2.6819859,0.5002452,-0.49827182,0.36025926,0.026902405318873595,0.31190589188530465,0.45324707751061566,0.7782949253015461,,
2022-02-07,58.88301209880005,668.7148304953579,86.20877114633416,3.0683408,0.45430356,-0.35675776,0.5406484,-0.07957150842703008,0.49825315228498146,0.3416840746505241,0.9646434203061737,,
2022-02-08,54.9368420988,529.7766304953582,86.34090001991673,2.9290848,0.4621233,-0.33830082,0.5698666,-0.03131311940723814,0.5181470815907382,0.39224904970241176,0.9845367884317643,,
2022-02-09,84.04647209879998,510.092620495358,86.40065231147084,3.057817,0.48433688,-0.45570695,0.62850684,0.04131351672438665,0.5439310128405005,0.4683469907793923,1.0103198801504085,,
2022-02-10,70.88741209880003,530.1353104953579,86.45389511635062,3.1491716,0.45667672,-0.24430585,0.7601219,0.15593664540224333,0.6726296246857661,0.5884487131884866,1.1390171792740529,,
2022-02-11,105.4272020988,546.9570304953579,86.49476706450955,3.2397034,0.52617866,-0.37830985,0.8774728,0.20637169049349652,0.7405685266281834,0.6412943810315247,1.2069555083680854,,
2022-02-12,88.85002209880001,490.8195504953581,86.65562165282041,3.1546469,0.5095188,0.104020715,0.8913358,0.5716115879601187,0.7587444883876078,1.0239914970869206,1.2251274084752306,,
2022-02-13,54.9368420988,513.9599404953582,86.83347971812861,2.9343472,0.50874007,0.2801882,0.5956366,0.5364932402467217,0.540355484394915,0.9871946123988895,1.0067387883884982,,
2022-02-14,127.3215420988,538.0645004953581,86.89746951681938,2.662015,0.5077937,-0.7593068,0.43495268,-0.10463726834454516,0.3648992063412812,0.31542025709196564,0.831289766894242,,
2022-02-15,124.62699209880002,623.9774604953581,86.96251336314674,2.7345397,0.48858133,-0.46945465,0.39690137,0.06394344224005992,0.3406780487691713,0.4920585493781843,0.8070666557196908,,
2022-02-16,103.91879209880004,654.691950495358,87.01987670393497,3.1570415,0.48597798,-0.42217648,0.5616599,0.06812505836068923,0.4892707041208997,0.49644003245524004,0.9556592630256324,,
2022-02-17,372.1113220988,1221.259830495358,87.28872079472868,3.6602209,0.5490852,-0.400617,0.92970306,0.5477394069708749,0.7240288212408602,0.9989783074493594,1.1904120021403681,,
2022-02-18,522.6072420987999,5632.7172304953565,89.92004179816726,3.0291426,0.4795081,-0.2082237,0.5985958,0.06663932107907752,0.5492838662913878,0.49488328201030607,1.015672442264603,,
2022-02-19,546.4645238437616,3417.459898011693,90.9841481877407,2.9858642,0.4458872,-0.56992376,0.41107717,-0.07972471676954468,0.3596975857793837,0.3415235434729538,0.8260878555864231,,
2022-02-20,781.2519222194875,2615.30784401709,91.24860557279274,3.012569,0.4237351,-0.6802615,0.4409424,0.16913645133221802,0.35323247662784657,0.6022794247206347,0.8196198810098878,,
2022-02-21,795.0678174322909,2347.6969566189955,91.36513426986855,3.644429,0.49440527,0.21719277,0.83263147,1.0842271800773484,0.6344406289692884,1.5611083622186133,1.1008181057787687,,
2022-02-22,784.0032015545864,3587.3602353404563,91.53888914955456,3.9217472,0.4851726,1.0599306,0.94302684,1.573196834257032,0.7787717480215913,2.0734490944089403,1.2451443126362824,,
2022-02-23,788.4417556665481,5610.7129062022295,93.31641486993159,3.6395533,0.5247922,1.9589376,1.1011332,2.166006802428445,0.9676250738603284,2.6945933526394454,1.4339920497484862,,
2022-02-24,1232.4471144761649,3369.973415029758,93.46233562521505,3.2498574,0.5179307,0.71120864,0.71186185,1.3910140501502397,0.5393741827156221,1.8825585959825364,1.0057485455860533,,
2022-02-25,1201.412618865163,2919.434915029758,93.37920489753671,3.0839252,0.43756595,-0.32742512,0.8280206,0.66713712434504,0.6003262743888272,1.1240828275733306,1.066708157347252,,
2022-02-26,784.7645598555695,2197.755444030863,93.42958004296169,3.048317,0.41805026,0.29206312,0.85990965,1.0172922278573273,0.6431257496832191,1.490974148088163,1.109503920195512,,
2022-02-27,618.8814475015212,1838.1373507299097,93.4304402670633,3.0436387,0.43203694,0.4337852,0.7914478,1.09116312363244,0.6020128541952411,1.5683758201663014,1.0683902594146732,,
2022-02-28,548.7829834209085,1595.7383147291516,93.3483907634038,2.979678,0.4233152,0.31997955,0.7496532,1.0005963397942883,0.5682379499645065,1.473480253647749,1.0346162943085135,,
2022-03-01,442.060024405786,1305.877894175869,93.2411096977613,3.1463706,0.4007219,0.506711,0.9072703,1.1742907833862608,0.685352626933962,1.6554766978986655,1.1517291784231172,,
2022-03-02,387.7894737036,1203.2417911211755,93.19755140990755,3.2556198,0.45764607,1.5481334,0.8752152,1.96430699824646,0.6712279451764097,2.48325298729385,1.137596777489696,,
2022-03-03,448.1501637036,775.602420495358,93.2765212006374,2.9172955,0.44095048,0.804593,0.872477,1.5782853168693298,0.5760632279697672,2.0787807890959984,1.0424357429028368,,
2022-03-04,414.6557437036,791.1710604953581,93.32153552947652,2.9777095,0.4477796,0.18393803,0.856041,1.1446509557288955,0.5823929828379864,1.6244201877979603,1.048769837825068,,
2022-03-05,418.3925237036,787.0048104953581,93.34666043755975,3.146372,0.45496693,0.5802783,0.8700554,1.470967539441671,0.5896017597241692,1.9663335887547675,1.0559753287315492,,
2022-03-06,284.9631520988001,1276.0853204953578,93.6894903675158,3.6580646,0.51777375,2.8052063,0.87729007,2.9608921696685937,0.7233460367971505,3.5274715232539764,1.1897061495728356,,
2022-03-07,754.6330737035998,4727.658430495359,94.80778651389822,3.7949514,0.5649403,4.2967567,1.1643661,4.227683642418948,1.0070988377914873,4.854811298091779,1.4734495063169903,,
2022-03-08,387.7894737036,4418.507082165244,96.39033650436772,3.2926905,0.5037635,3.2217822,1.0925349,3.227503347483646,1.0052072876230391,3.806825804003869,1.4715652602702465,,
2022-03-09,743.9136906502998,2928.1069444389955,96.7760709076411,3.2525997,0.44418523,1.9727259,1.0235776,2.232015173057839,0.8211568245563106,2.7637566977465973,1.2875232030134018,,
2022-03-10,821.1609662704795,2817.52829910748,97.03564989597709,3.4771273,0.4915543,2.4644842,0.8767888,2.693012381074751,0.6879226251126443,3.2467879964665958,1.1542849700674858,,
2022-03-11,847.1624082628581,2730.9470334886964,97.1562815717167,3.60895,0.49357373,3.2461545,0.8811097,3.332050909021438,0.6825737670280336,3.916370381605207,1.148930922643584,,
2022-03-12,839.8138817866524,2591.338860946096,97.01692476168142,3.1878014,0.47956458,1.6028495,0.76755494,1.9907845853552388,0.5914515492418866,2.510996112557325,1.057820135205446,,
2022-03-13,764.0962430090624,2274.3657021411304,96.7579041800688,3.0587063,0.4305917,0.720714,0.712972,1.3086598393764644,0.5445520567293337,1.796268135447561,1.0109272449418751,,
2022-03-14,612.2242949841244,2159.1040683599367,96.59808174510124,3.505333,0.50125235,1.7929614,0.88228005,2.1712476357170396,0.6962346003956223,2.7000846798443425,1.1626015286677582,,
2022-03-15,387.7894737036,2321.8930804710417,97.25364959253709,3.6817138,0.56092656,3.6598663,0.8811899,3.662992981654152,0.7593358178143778,4.263130354040883,1.225690469549626,,
2022-03-16,387.7894737036,2261.255390614114,98.1438856409201,3.7930517,0.5951249,5.0627675,0.8517219,4.876895826750936,0.7322407291433385,5.535053605614004,1.1985872688999812,,
2022-03-17,466.67585772263,2325.22783516102,98.94113069241808,4.025509,0.63054615,5.4348383,0.9306088,5.199264261773887,0.7821880816675713,5.872830149869684,1.2485327503714334,,
2022-03-18,969.4736841976,2337.4675489593637,99.19409285313756,4.4458456,0.4766499,6.66494,0.90653825,6.014382960223804,0.6558340001917721,6.7269087357616275,1.1221744680844454,,
2022-03-19,969.4736841976,3301.119461831135,99.49988280358923,5.069667,0.6570445,7.1612415,0.96683055,6.686430063577902,0.762087977268994,7.4310773933779535,1.2284255532230282,,
2022-03-20,1045.0464548466375,3245.246481044012,99.84818835323948,5.217467,0.63055557,6.581675,1.0657676,6.249375839794809,0.8206649085907392,6.973133471693154,1.2870043065345227,,
2022-03-21,1158.4008110186246,2602.5146275390416,99.84818835323948,4.885952,0.55558956,5.8725195,0.8704602,5.56864651121507,0.6261864331378316,6.259867608164102,1.0925291040334362,,
2022-03-22,969.4736841976,2286.1834947657617,99.78274369125764,4.998025,0.592162,5.78215,0.84472054,5.548652108576395,0.6188334043996916,6.238917541426745,1.0851761794404733,,
2022-03-23,969.4736841976,2022.180023728581,99.66454594330565,5.261609,0.588201,4.9071574,0.86556876,5.022020833355583,0.6153400743412422,5.687115091449336,1.0816857570714637,,
2022-03-24,969.4736841976,1859.9675642111445,99.71743576342091,5.1472597,0.52486557,5.0634103,0.83940583,5.092140271120413,0.5803604133575484,5.760585998648017,1.0467056906325207,,
2022-03-25,1159.4003512841057,1773.227160921288,99.84818835323948,5.4330735,0.5382239,5.5949435,0.83692193,5.530948987017458,0.5489649858612651,6.2203682711723856,1.0153078534942195,,
2022-03-26,1156.0059886315712,1943.5928645937515,99.84818835323948,5.5574336,0.5593917,5.464891,0.84766805,5.499405053935171,0.5710048835777877,6.187316645916306,1.037347917082479,,
2022-03-27,1274.709772006161,2233.567667553264,99.84818835323948,5.6259475,0.55470204,3.3928933,0.86228234,4.2042590086593075,0.584805788232925,4.8302670469115325,1.0511566147409155,,
2022-03-28,1065.5379720061612,1777.805167553263,99.84818835323948,5.240185,0.53273743,1.5323721,0.854083,2.92186856391603,0.5701150065152455,3.486582722541963,1.0364754393590034,,
2022-03-29,969.4736841976,1546.7588175532635,99.81863447425155,5.0726323,0.5800646,0.97740257,0.8568826,2.555244625651076,0.5721884158519547,3.102435413269182,1.0385519407467747,,
2022-03-30,969.4736841976,1377.1225675532633,99.69177510937024,5.285727,0.6007944,1.2840348,0.86221075,2.9372955034563324,0.5635973982693365,3.502747017057937,1.029957704374594,,
2022-03-31,931.7458976232944,2927.1334675532635,99.84818835323948,4.7277827,0.32828966,2.987732,0.9255027,3.4078759791370605,0.7064962948646716,3.995819630877321,1.1728528657330386,,
2022-04-01,2865.0996580932742,5582.150424404869,99.84818835323948,4.402856,0.5510584,4.8146753,0.9516207,4.674996290385179,0.6560422521151342,5.323503961569003,1.1223900242413942,,
2022-04-02,2006.246253348544,3018.521358097511,99.84818835323948,3.9725235,0.45620155,4.4974027,0.8585704,4.287833381558118,0.5469866066599247,4.917835989150205,1.0133368723927458,,
2022-04-03,1768.7560382819097,2983.3483702065982,99.84818835323948,4.5056925,0.5250479,4.7875233,0.9477336,4.682624499635847,0.6262550340664689,5.331496773146124,1.0926027587836726,,
2022-04-04,1751.710382333392,2787.814082103633,99.84818835323948,3.9521844,0.48697868,4.730786,0.8470673,4.430339361448124,0.553101630229821,5.0671532677466296,1.0194509581853852,,
2022-04-05,1422.5446947739013,2212.208097715476,99.84818835323948,3.898467,0.44166788,5.952555,0.8824974,5.148640218002445,0.5642414244246425,5.819786449855603,1.0305863790879628,,
2022-04-06,1228.977037655637,2308.1381686382533,99.84818835323948,4.3489904,0.4547039,7.236562,0.93166673,6.2332699234761995,0.6281499569183351,6.956257747629835,1.094489426178149,,
2022-04-07,5847.3962085723015,9505.64727838993,99.84818835323948,5.2188277,0.73360944,7.222172,1.051054,6.459173459046338,0.7081938348291223,7.192958699987621,1.174532330904349,,
2022-04-08,8773.31507248861,15345.630148786431,99.84818835323948,3.3399737,1.0153327,8.262139,1.0570775,6.471691623158555,0.7672976852729148,7.206075189553198,1.2336361291271003,,
2022-04-09,3747.9837057784807,9538.10509024081,99.84818835323948,3.2900805,0.6997506,6.151582,1.0524511,5.344356997051455,0.7809171806490528,6.0248578219188165,1.2472610460078082,,
2022-04-10,2522.494599708479,7244.058599532688,99.84818835323948,3.4608107,0.542498,5.341748,1.0632371,4.855941752783786,0.8009758932705978,5.513097998539142,1.2673225587601777,,
2022-04-11,1756.097571382934,5083.471861186024,99.84818835323948,4.3950844,0.57926756,6.370476,1.0596235,5.863283020567824,0.8014800182267636,6.568586735499396,1.2678212074555804,,
2022-04-12,1474.9492078491965,4164.547811275904,99.84818835323948,4.7639804,0.5936024,8.118544,1.1218626,7.2411940365746155,0.8428729360968017,8.012357187918138,1.309208514007787,,
2022-04-13,1187.007032656417,2860.522212759124,99.84818835323948,5.4552326,0.67452496,9.536892,1.1413727,8.33987567858547,0.8305470453788157,9.1635520567618,1.2968797051401793,,
2022-04-14,1033.413085432702,2409.6643172519807,99.84818835323948,5.2812715,0.62001896,9.821976,1.1370147,8.459118403168265,0.8172188939309454,9.28849417596879,1.2835513200314357,,
2022-04-15,613.9665568351918,2159.508709533901,99.84818835323948,5.5695014,0.70138824,10.630332,1.1310223,9.510011660106082,0.8942297766880567,10.389616538289346,1.360560846762165,,
2022-04-16,546.0849341348151,2056.3125819351767,99.84818835323948,4.899951,0.60767406,9.025613,1.1216495,8.159887373842482,0.8954095413719071,8.974960926311336,1.361742584628041,,
2022-04-17,571.4035808972314,2104.7719531467787,99.84818835323948,5.223043,0.56436867,6.3875313,0.95464826,6.138895574461626,0.7604248927504034,6.857372627334938,1.226764785856643,,
2022-04-18,471.1665755478276,1649.425352856949,99.84818835323948,5.572332,0.77443975,4.2012434,0.8917921,4.5058805478354635,0.7146717769882961,5.146305064618656,1.1810206172550286,,
2022-04-19,1174.03790307365,2471.889981464026,99.84818835323948,5.3564615,0.6130873,3.7292194,0.8834551,4.25321331410646,0.6306674497254522,4.881561200817137,1.0970179467861338,,
2022-04-20,1512.9338572066367,3243.7846341082063,99.84818835323948,5.162662,0.5763813,5.4349923,0.88720137,5.348374257694284,0.6321806325945998,6.029067093888054,1.0985244760532473,,
2022-04-21,1793.2299414427944,5826.936839007062,99.84818835323948,5.9994483,0.7554909,6.126604,1.041119,6.096680909236381,0.8157257779562929,6.813140245415541,1.2820658639509739,,
2022-04-22,1622.9650642009617,7052.6528186158885,99.84818835323948,7.319373,0.8863181,6.9965878,1.0066698,7.056971854808595,0.8349779530072319,7.819329815595726,1.3013141553775935,,
2022-04-23,1332.347964200961,5858.846918615888,99.84818835323948,7.9404116,1.0128399,6.944025,1.0944505,7.128630461134914,0.9112082784800145,7.8944134583517505,1.377544233335839,,
2022-04-24,1193.0937026085833,4476.053577427806,99.84818835323948,9.517263,1.6170732,8.35075,1.1001124,8.596247179926118,0.9328799677185445,9.432177239504394,1.3992121452148252,,
2022-04-25,962.8238036042897,3171.783791399144,99.84818835323948,10.286783,2.1698346,9.437708,1.0939674,9.635431604603944,0.9795914276913525,10.521031127407573,1.4459224203014647,,
2022-04-26,835.9910808925742,2753.149680015607,99.84818835323948,9.027798,1.4627055,8.560001,0.92069596,8.668961590233536,0.784127999429822,9.50836715006273,1.2504600538264898,,
2022-04-27,810.4502260441313,2588.129739467599,99.84818835323948,7.9487576,1.1110924,6.979663,0.98543376,7.210760315246379,0.7958414558338728,7.980468838742882,1.2621771342297214,,
2022-04-28,637.0110188809388,2014.1673700321128,99.84818835323948,8.432057,1.3928744,6.697151,0.9598119,7.1140052021205715,0.8023270591149186,7.87908916195047,1.2686630640105405,,
2022-04-29,515.1869383973674,1534.940670611831,99.84818835323948,8.827847,1.5917959,7.979127,0.96237475,8.192405971377532,0.824122961767351,9.009033801649299,1.2904559329947842,,
2022-04-30,438.181473244535,1260.1619607167836,99.84818835323948,9.150375,1.757736,9.148494,0.9761568,9.148979229260732,0.8545653955469227,10.011327991377215,1.3208967890459844,,
2022-05-01,409.1598567962958,935.57497438778,99.84818835323948,9.907091,1.9804636,10.692237,1.0007311,10.453342124121457,0.9207973993585985,11.378034973870781,1.3871283280437905,,
2022-05-02,400.0994204225759,899.499252437983,99.84818835323948,9.345501,1.8160204,11.630459,0.9873366,10.927002953548048,0.8829352501227772,11.874335171815417,1.3492664916512034,,
2022-05-03,355.69378640484456,822.6403206063782,99.84818835323948,9.568308,1.9160157,11.928022,1.0092447,11.21571525272658,0.9115723835360577,12.17684693198106,1.3779039416293477,,
2022-05-04,349.12271146862497,824.3083701564625,99.84818835323948,9.153067,1.8476316,11.519858,1.0527263,10.815683434717087,0.9214489519985926,11.757694960511076,1.387780096935258,,
2022-05-05,371.03006480220495,745.6978883316697,99.84818835323948,10.299635,2.3623192,12.497727,1.0633078,11.767416680719473,1.058378807433277,12.754917802335026,1.5247112356109973,,
2022-05-06,260.87716184095143,640.27000100496,99.84818835323948,9.391808,1.9518831,12.098965,1.0321674,11.315257546361844,0.9258023447995415,12.281147006983781,1.3921340341402955,,
2022-05-07,213.89227880949664,636.4922128439155,99.84818835323948,8.809929,1.8094704,10.746407,1.0086579,10.259335560974025,0.8815316050013983,11.174755560183161,1.3478624796271022,,
2022-05-08,181.85051844955305,528.154191323913,99.84818835323948,9.354866,1.9656749,11.554435,0.99812424,10.991068489055642,0.8970768617233723,11.941462820923197,1.3634081652671712,,
2022-05-09,154.64685671529935,453.53156049535806,99.84818835323948,9.602331,2.0584428,13.542779,1.01542,12.540806767550851,0.9205157341725846,13.565273291615188,1.3868499681313764,,
2022-05-10,125.65927141489726,424.4009304953579,99.84818835323948,9.557901,2.0107996,15.763954,1.0380995,14.346203763626864,0.9233263627163482,15.45696209266274,1.3896674745668802,,
2022-05-11,116.67150783043633,409.90428049535785,99.84818835323948,9.569939,1.9862322,17.7748,1.0627434,15.956877807150063,0.9370467958662742,17.14462084965257,1.4033971902170634,,
2022-05-12,141.09371258208785,404.4934904953579,99.84818835323948,9.553623,1.9174511,19.849398,1.0961599,17.186818635723924,0.9520194255491271,18.433348645489865,1.418378906008912,,
2022-05-13,211.74369450150908,461.6591080583398,99.84818835323948,9.591269,1.8471967,21.915642,1.1279651,18.040385677264727,0.9671296298458745,19.327713273843354,1.4334964328522644,,
2022-05-14,177.41241165355262,424.4109780553773,99.84818835323948,9.330553,1.7112163,22.853567,1.2041018,18.867097704376032,0.9876818300220778,20.19393930987689,1.4540565194244788,,
2022-05-15,188.8872459874831,447.8998804024648,99.84818835323948,8.91519,1.621809,23.1216,1.2584018,18.907617089403512,1.007412224039016,20.236395383000094,1.4737873200656284,,
2022-05-16,238.73568547106265,634.3238238047353,99.84818835323948,8.220291,1.3278159,21.632015,1.1182249,17.964616717523455,0.8898913477688428,19.24832281682968,1.3562574670755894,,
2022-05-17,253.4505059655071,579.8588689491928,99.84818835323948,7.774326,1.2935752,20.236662,1.0632803,16.446250479361556,0.8379879809265341,17.657383862758977,1.304341783257334,,
2022-05-18,135.57202787546532,401.4883304953579,99.84818835323948,8.056009,1.24936,18.410288,1.0279007,15.796521042411849,0.8306264905045034,16.976599579712044,1.296975827711023,,
2022-05-19,239.95346741658852,874.3240279924607,99.84818835323948,7.8437157,1.2233192,17.651821,0.9827832,15.539700120201006,0.8149015896859544,16.70750349531793,1.2812492950778993,,
2022-05-20,343.1364561059113,854.4898853635974,99.84818835323948,8.57131,1.409717,19.10958,0.98207253,16.090219735491544,0.808771718431318,17.284336066362194,1.2751230142260979,,
2022-05-21,196.4708368518781,611.8008313971532,99.84818835323948,8.71707,1.4401808,21.62027,1.0728309,18.483821188817668,0.884296055092889,19.79234348704006,1.350666991067309,,
2022-05-22,192.0496604877601,644.3837511228646,99.84818835323948,8.190651,1.2726356,22.873789,1.1408769,19.502460514791633,0.9262251318082094,20.85967029075124,1.3926064133440437,,
2022-05-23,252.68196031418927,679.0686465216592,99.84818835323948,8.078222,1.189492,21.789259,1.097642,18.070955366482373,0.8625613887851121,19.35974408970835,1.328928469495097,,
2022-05-24,158.87584919529297,538.1227904953579,99.84818835323948,7.764253,1.1298304,19.317934,1.0094848,16.684355203706918,0.8208278112158052,17.906869179007764,1.2871833707484814,,
2022-05-25,149.75254456640846,496.58751049535806,99.84818835323948,7.9362764,1.1653833,18.423311,0.9685771,15.993537411507816,0.7916355351359311,17.183032657784032,1.2579861752933859,,
2022-05-26,129.8563153604589,475.57459049535817,99.84818835323948,8.198757,1.1459104,19.026737,0.9998946,16.704289552490987,0.822989117151698,17.92775632152155,1.2893448267402,,
2022-05-27,120.32909335648225,474.819310495358,99.84818835323948,8.063435,1.0547268,19.748163,1.0215148,17.38570573845354,0.8424189249803996,18.641741871868412,1.3087800371957248,,
2022-05-28,105.48251629639996,454.270700495358,99.81471956767808,7.5374856,0.9435932,20.00872,1.0553727,17.658582536479518,0.8747565888464385,18.92766124805736,1.3411200134675367,,
2022-05-29,103.4105262964,403.544980495358,99.74439064369996,7.6084943,0.88355803,20.686695,1.0856676,18.01895875636061,0.8828030010101025,19.305262219364288,1.3491696100053685,,
2022-05-30,103.4105262964,367.1919504953579,99.6479019302093,7.3892574,0.7979032,22.945322,1.2131132,19.52702122595205,0.9626445560429212,20.885404919948535,1.4290261016719936,,
2022-05-31,103.4105262964,342.4888404953581,99.53419506568468,7.556893,0.76097685,25.33608,1.5046353,21.212829225929582,1.1690859010326022,22.65178877967863,1.6354872219558405,,
2022-06-01,208.5053007544037,373.9507504953579,99.57931159711198,7.3232656,0.629864,26.458557,1.5711769,19.608581552900766,1.0336257582438453,20.97086355172537,1.5000081858124876,0.00027075440369388166,4859.999729245596
2022-06-02,199.9867976006427,377.76182049535805,99.54502282577833,7.154703,0.6039592,25.401068,1.5289555,19.085116628706956,1.0213352874330681,20.42237879353042,1.4877121868456908,7.600642643637321e-06,4859.999721644954
2022-06-03,150.85948470868996,324.631780495358,99.38270647277832,6.801819,0.61948353,24.699188,1.4375775,19.020875883470147,1.0009620139137254,20.355067560267294,1.467338256483985,4.7086900044250946e-06,4859.999716936264
2022-06-04,142.54077014684583,277.39299049535805,99.18726986197058,7.105141,0.6404756,24.46641,1.4126612,18.573364594799575,0.9581424637927093,19.88616676173908,1.4245142616282171,1.4684582153900952e-07,4859.999716789418
2022-06-05,138.19272026023893,263.35476049535805,98.98405387373609,7.169416,0.6326731,24.665361,1.4445286,18.644125033531576,0.9720919913214113,19.960309307560014,1.4384644767160646,2.6023894061376576e-07,4859.999716529179
2022-06-06,145.24349246922318,262.4335504953581,98.75256388367616,6.953194,0.6110497,25.564787,1.6007055,18.934016842091726,1.0531664495229245,20.264056953623765,1.5195418114890331,2.469223188562399e-06,4859.999714059955
2022-06-07,169.9631900068896,289.761300495358,98.5192071430468,6.956009,0.65020645,24.813723,1.3917824,18.211607540959275,0.9095712496733943,19.50711895732984,1.375939621876438,6.889599568087155e-09,4859.999714053066
2022-06-08,241.88124000000113,175.71463049535808,98.46135144078981,7.4155293,0.7150398,26.516832,3.682168,15.4529133667938,1.6037718933016787,16.616568631763535,2.0701190643114304,1.1472208508227193e-12,4859.999714053065
2022-06-09,436.120140000048,579.0592304953583,98.60913538697439,7.258334,0.63677424,25.50821,1.2936821,17.668079394075313,0.7869917055963215,18.937612022982847,1.253355212228755,4.80437899608902e-11,4859.999714053017
2022-06-10,141.15182000000516,357.891910495358,98.5939298635488,7.2237144,0.6884395,21.443192,1.0447176,17.421289317580833,0.7741151460239599,18.679026224441607,1.240476554952845,5.205465168598838e-12,4859.999714053011
2022-06-11,169.2647700000011,288.399190495358,98.47859265372598,7.176305,0.6831246,22.080122,1.0574056,16.568018345250064,0.712619770661836,17.78497181639433,1.1789744635336683,1.1182905634416579e-12,4859.99971405301
2022-06-12,171.16171000000108,266.3919404953581,98.33321804360774,7.1928544,0.65461373,22.583986,1.1345118,16.563301851823713,0.736654185637854,17.780029890704725,1.2030088437002548,1.1190849149441958e-12,4859.9997140530095
2022-06-13,183.44598000001912,262.919210495358,98.18069238843785,7.4168086,0.6698281,24.653946,1.3697354,17.569873027016452,0.8524763554537231,18.834711727280247,1.318839018993616,1.9114524302614676e-11,4859.99971405299
2022-06-14,162.04469093512358,217.908780495358,97.99793038600724,7.3478465,0.6585214,27.32696,1.716841,18.80615521892134,1.0239037033533112,20.130083981938927,1.4902777847147393,9.351235778070305e-07,4859.999713117867
2022-06-15,151.95799872177486,205.0331204953581,97.7978106001032,7.9114385,0.8070529,27.398445,1.5020062,19.10354261116076,0.9285431771870643,20.441685474959446,1.394920265870688,8.721774849904749e-06,4859.999704396092
2022-06-16,508.16978011878643,433.7982304953581,97.66066749098283,7.6236887,0.74142504,31.339489,1.7481475,18.54536765361518,0.8989500072459781,19.856831662468828,1.365321534623939,1.1878644223173729e-07,4859.999704277306
2022-06-17,310.8690043891522,416.57530049535785,97.49595446732555,7.394616,0.7636852,27.677244,1.2742485,19.009583516189355,0.7993617788066241,20.343235456431508,1.2657379064034622,4.389152201982573e-06,4859.999699888153
2022-06-18,260.85465000000113,329.796310495358,97.29071227865813,7.1219234,0.73284125,23.196413,1.025167,16.097287435885445,0.6575765480421099,17.291741578675197,1.1239278921847842,1.1237088028112343e-12,4859.9996998881525
2022-06-19,234.08840000000117,279.0684504953579,97.07004979103203,7.393413,0.7122457,20.579582,0.9209606,14.56440530521749,0.5969996566432402,15.685592922056742,1.0633418522667815,1.160153094581313e-12,4859.999699888152
2022-06-20,213.69572625428444,255.9687584912185,96.83157722377815,7.419897,0.69129694,21.605331,0.97450554,15.15100755294172,0.6172605776448978,16.300232752022723,1.0836059567983407,1.1521758297279803e-12,4859.999699888151
2022-06-21,199.41387549607265,271.707281967478,96.57551920999897,7.2081575,0.65733254,22.219099,0.9893594,15.865340626139394,0.6348103504682814,17.04870850429379,1.101160137762394,1.1313395115590552e-12,4859.99969988815
2022-06-22,195.13119230735842,272.20361692686214,96.31190760984009,7.306541,0.66077644,21.633667,1.0792621,15.651512167465281,0.6865075409944807,16.824659776231073,1.1528559475576268,1.1390882306460303e-12,4859.999699888149
2022-06-23,1851.8551500000012,464.00678049535856,96.24531808683034,9.125587,1.8868648,31.815687,11.956333,13.671782545127305,2.8311288438161823,14.750305845312507,3.2974669501802456,1.2477046891250146e-12,4859.999699888148
2022-06-24,640.8296800000013,701.0631004953581,96.02929493789686,9.20804,2.0046875,23.61049,0.8815634,16.73250626940393,1.062376672543627,17.95732170104891,1.528732595310369,1.201723871337394e-12,4859.999699888147
2022-06-25,481.0598000049095,606.4215904953581,95.8251452031508,9.093704,1.7516588,25.364698,1.0424743,18.16703849827189,0.9686873556505512,19.460419666753648,1.4350553161643491,4.909525690760775e-09,4859.999699883238
2022-06-26,398.82262793321013,563.634070495358,95.59989662754464,8.822973,1.450431,26.348936,1.1112561,19.086530858786876,0.8858572550496016,20.42386061897386,1.3522341689753878,7.933210147755588e-06,4859.999691950027
2022-06-27,389.09627623669985,511.9992304953579,95.39208505805574,7.9064636,1.1664006,28.411715,1.5345366,19.557473554004748,1.0069312966277855,20.917312765186075,1.473313170658472,0.0001962366998647403,4859.999495713328
2022-06-28,291.8547200013227,494.2333004953579,95.18721457378273,7.8352265,0.96761423,24.040964,1.0271604,18.024181166344817,0.738999883958332,19.310734242693822,1.205366540191784,1.3226699597579607e-09,4859.999495712005
2022-06-29,278.23055000148645,445.0675004953581,94.93599583730963,7.7868924,0.86058426,24.445553,1.0330603,18.037477696333585,0.7167069281132153,19.32466630136414,1.1830737047583562,1.4864376689490377e-09,4859.999495710519
2022-06-30,309.1081324375674,432.6651876631792,94.7151076391718,7.86152,0.8024418,26.747068,1.2177058,18.877175410860605,0.7850471875390596,20.20449869628251,1.2514219778988793,1.6259907941956132e-06,4859.999494084528
2022-07-01,308.7874551400523,451.9898822542603,94.43407249857997,8.021923,0.7659529,28.84584,1.4840848,20.39374265818984,0.9349217250595425,21.79355267390829,1.4013130318867757,0.02434976808532108,4859.975144316443
2022-07-02,307.37667065021014,536.6438004953582,94.3425409455846,7.6232233,0.6958175,28.995123,1.5722213,21.211871708213174,1.0312653759963588,22.65078549588849,1.4976666847652418,0.8961506502101141,4859.078993666233
2022-07-03,256.1282729391648,446.8716432565474,94.14016095475418,7.606955,0.6979086,27.378633,1.3762497,20.17509657508978,0.9110358116685412,21.56445605544029,1.3774245750509098,0.007660641963713904,4859.07133302427
2022-07-04,321.07931534032025,490.1646880824366,93.72841152394894,7.76272,0.6979955,27.374096,1.2062465,19.612180770408543,0.7794305482191823,20.974634799526708,1.2458130148826192,0.0002763609767688253,4859.071056663293
2022-07-05,320.408921315348,471.5449248851867,93.34677714839546,7.5094304,0.67240435,27.208271,1.1575302,19.238508263415003,0.7409626860154458,20.583102024034442,1.207341172897242,2.2589627910270647e-05,4859.071034073665
2022-07-06,296.90825332546586,462.32420763167534,92.9801649680066,7.5996056,0.6787297,26.155014,1.1263381,18.898667393036273,0.7354361915485343,20.22701792173951,1.2018111976007175,1.8934692082845322e-06,4859.071032180196
2022-07-07,292.4757292568231,461.2162908778955,92.58931663407789,7.737386,0.6781484,26.655659,1.1701508,19.314284000529927,0.7628910396782558,20.66249958235706,1.2292703207006372,3.8369298135018116e-05,4859.0709938108985
2022-07-08,293.56892877434376,449.7474005797959,92.16999404641648,7.5317173,0.679449,28.401714,1.4651581,20.159217250602868,0.9262256083749809,21.54781775352366,1.3926141891668626,0.006955793575272483,4859.064038017324
2022-07-09,301.2775378806951,450.8100992745502,91.71215733263779,7.8078103,0.6952418,28.635038,1.5441759,20.291893662913537,0.9665895109899398,21.686835644811154,1.4329796262376815,0.014183016296525838,4859.049855001027
2022-07-10,309.4685486947154,451.4201922510073,91.28285343719575,7.8999405,0.69672424,28.645609,1.4259351,20.207933918177474,0.8921771048206578,21.598862911278736,1.3585662467020305,0.00908982998011579,4859.040765171047
2022-07-11,312.64481767630343,454.747974208374,90.81481222093113,8.056225,0.7106769,28.976458,1.3928863,20.45330956762573,0.8747175567163977,21.855966677995923,1.3411095659416459,0.032416726520368894,4859.008348444526
2022-07-12,300.92259597928484,476.3809638154888,90.33414874410802,8.132717,0.7113229,28.870173,1.4966269,20.84194617291496,0.9576746581394755,22.2631787845302,1.4240713496462787,0.1999702549120796,4858.808378189614
2022-07-13,308.61212403625643,532.6008497152255,89.89092686987364,7.91322,0.6373442,29.25606,1.7169156,21.426105397420585,1.1119010204322415,22.87525882311878,1.5783050747179563,1.9918986641891574,4856.816479525425
2022-07-14,372.4784350162735,610.9850772870795,89.43386887303863,7.4607053,0.63187253,28.786085,1.4844642,20.709279011711516,0.9527809399655367,22.124170586521235,1.4191760136898797,0.10824936155586182,4856.708230163869
2022-07-15,407.0713766506218,629.7353444718192,88.87746258860179,8.015051,0.69400984,27.73778,1.1314306,19.994235742101946,0.7392573658629987,21.37495069287747,1.2056440666516193,0.002789304175802436,4856.705440859693
2022-07-16,410.6982918798771,621.9624386613646,88.30226245553946,7.8744497,0.69491416,29.118158,1.2959318,20.66934782456707,0.8280137266763131,22.08233082512922,1.2944083174078505,0.09039980920067611,4856.615041050492
2022-07-17,405.5885509048352,607.4682537581967,87.710765608229,8.138047,0.7133257,29.30627,1.2718424,20.83133710419696,0.8143645215862741,22.252062638592772,1.2807610829827252,0.18867550486828374,4856.426365545624
2022-07-18,298.36086469536133,439.2658043515772,87.27816261591674,7.7211385,0.7097413,29.700136,1.678606,20.809903447337177,1.0400371578209375,22.22960452620238,1.5064334567461424,0.17058666781835174,4856.255778877806
2022-07-19,213.1635005084969,334.8196775518392,86.94059708727391,8.33507,0.75602734,29.264126,1.7670803,21.122797670770083,1.1190289178173654,22.557454023939982,1.5854291004994447,0.6523467486779148,4855.603432129128
2022-07-20,357.0075814159477,472.6018978508918,86.48096473208706,8.437452,0.7559787,33.584812,2.5061643,22.76309623324825,1.464277448748401,24.27615325062447,1.930699822758387,43.8783586467177,4811.72507348241
2022-07-21,436.2024391351498,611.9608920463266,85.87993122249561,8.177584,0.72948545,35.165977,2.5586884,23.934518747770912,1.5244022942905466,25.503565757033773,1.9908423988385742,23.329975763170115,4788.39509771924
2022-07-22,491.2149286351237,648.692402776043,85.25556095793709,8.312935,0.73085827,33.314816,1.9777541,22.540872167491386,1.1687248903137044,24.043307634159397,1.635144077767351,46.918462568885666,4741.476635150354
2022-07-23,504.0461269651496,662.9288443145093,84.59438385012568,8.484146,0.7398617,33.04792,1.9098951,22.438202359962037,1.1310465379168557,23.935730560789324,1.597464272214143,46.5001383894266,4694.976496760927
2022-07-24,549.9666639816618,671.44557481951,83.9467380939388,8.547573,0.7395947,33.51575,1.9295738,22.273301356814034,1.111789342804372,23.762947853376726,1.5782047683636695,37.57684906716938,4657.399647693758
2022-07-25,478.9791412550974,703.8273144438508,83.3392142377011,8.040245,0.68023854,30.906637,1.6006328,21.64685946909379,0.9914884421198141,23.106564184807922,1.457895380374488,5.383005280117454,4652.0166424136405
2022-07-26,481.7862882197505,695.1449198195099,82.74918144773402,8.114365,0.690589,29.248789,1.336111,20.597241721900645,0.8382700922908256,22.006778297237723,1.304663815471893,0.0822381271975443,4651.934404286443
2022-07-27,437.33649815467584,643.6699750840882,82.1887196522903,8.258434,0.74573,28.530794,1.3540492,20.329323491329067,0.8608474572372291,21.726054491077477,1.3272380090158,0.021949189177073433,4651.9124550972665
2022-07-28,447.0823304999605,649.2860036798634,81.61649520483543,8.202995,0.7530205,28.678478,1.4502336,20.32888773762854,0.912094403376073,21.725597909839617,1.3784849500633873,0.021979318923204583,4651.890475778343
2022-07-29,448.8329988730953,617.8404569048312,81.03739418805213,8.44659,0.76416653,30.388962,1.9637891,21.15608898511494,1.1820437864514342,22.59233654930986,1.6484443889455342,0.918105776022251,4650.9723700023205
2022-07-30,314.72537198136416,445.1091816909559,80.54551760606815,8.617914,0.8038915,29.671541,2.171871,20.951076263344262,1.315127083657042,22.377524920239473,1.781525121012601,0.40668148036699725,4650.565688521953
2022-07-31,321.16435491152953,456.8323026445082,80.02388443035609,8.694494,0.81856054,28.9197,2.0789168,20.570544754943874,1.2666258418598106,21.978805306519433,1.7330192453420228,0.07388536446711601,4650.491803157486
2022-08-01,303.73021377720676,424.59342812199367,79.55870462111953,8.77841,0.82906,28.802114,2.1186705,20.451700320146692,1.2826065279372163,21.854280513988325,1.7489985181333048,0.04162654332175207,4650.450176614165
2022-08-02,303.52908043274863,424.1822838848317,79.08756673694772,8.695272,0.8702334,28.799456,2.304081,20.41398231102307,1.391231608052541,21.814759712961155,1.857623153085641,0.034326912098623284,4650.415849702066
2022-08-03,316.33924059066493,437.6824813428488,78.58385078684438,8.922701,0.84874153,29.167927,2.494205,20.674326136633063,1.4909410513661758,22.08754708349446,1.957335702214055,0.12125547992338191,4650.294594222143
2022-08-04,328.6991478616203,456.3870017430587,78.06395268046083,8.969145,0.80939245,30.176716,2.4327962,21.29754949542416,1.45426900862583,22.740558388453294,1.9206714091042838,1.641545568286644,4648.653048653857
2022-08-05,323.97607364359624,459.598258131287,77.57957640468794,8.895258,0.8035719,30.084545,2.3640811,21.323637857984238,1.4258781911370768,22.767893685565138,1.892280925701171,1.8148232186116635,4646.8382254352455
2022-08-06,321.12500026445053,442.3644872720781,77.09874626212296,8.88257,0.83117616,29.817724,2.2153106,21.012362227424397,1.3303041864018383,22.44174014390705,1.7967029855379308,0.5314746820312778,4646.306750753214
2022-08-07,332.40847705524413,459.4238020330706,76.58477478131606,8.905098,0.8255111,29.42105,2.0525599,20.808523133167416,1.2402994605983721,22.22815823773367,1.7066957426385934,0.2227551851857623,4646.0839955680285
2022-08-08,334.4448008437679,448.58064282259335,76.08652927888609,8.964186,0.8257083,29.71483,2.1381168,20.851842248173245,1.2746484221290473,22.27354785835779,1.7410452351180008,0.2699283292402224,4645.814067238788
2022-08-09,320.4187381730836,430.198025059459,75.60917345127176,8.8847275,0.89142126,29.71731,2.3643553,20.82442330696417,1.4074883568408374,22.244818385485885,1.8738848335152558,0.2386441958619898,4645.575423042926
2022-08-10,314.6020012781013,424.1358763550228,75.12753255783512,8.997146,0.9405737,28.346498,2.3217463,20.106302189527515,1.39187954303473,21.492373533409992,1.8582675174569254,0.006830353754308831,4645.568592689171
2022-08-11,323.11409959607727,436.3546015092337,74.6203320968682,9.029991,0.93542004,28.179688,2.5240047,20.032496069076103,1.503789817645048,21.415039732694606,1.970176951647396,0.004521483028852978,4645.564071206142
2022-08-12,328.22043815300754,439.90314797743,74.10660050873702,9.024637,0.96227896,25.935558,2.3299305,18.709494659303772,1.3962646645773704,20.028803377989234,1.8626377902379185,5.698749887062849e-07,4645.564070636267
2022-08-13,332.8159157422921,446.03528431187794,73.58128104312685,9.069578,0.98296857,23.555635,2.0684056,17.365505143296918,1.2568102308458775,18.62057575731558,1.7231711752629268,5.959362801976156e-11,4645.564070636207
2022-08-14,332.4803087336002,443.4057871925144,73.06049177260915,9.094711,0.95385826,22.711042,1.9794743,16.87621433872606,1.2028163163948524,18.10789852484318,1.6691733390082233,5.712690636169885e-11,4645.56407063615
2022-08-15,335.56682350749816,446.7148869772994,72.53074179508393,9.074417,0.9646837,22.93936,1.8823805,16.99186700660683,1.151817538041026,18.229078994909784,1.6181754629348997,5.7021293215121725e-11,4645.564070636093
2022-08-16,335.14716050954564,446.9323157315856,72.00101655734115,9.106102,0.96093494,22.804583,1.8064371,16.93432641612334,1.1114201455532107,18.16878816089385,1.5777776196241418,5.710930010243919e-11,4645.5640706360355
2022-08-17,336.523050790949,446.8048050414536,71.46951983364283,9.103737,1.1099504,22.561228,1.675745,16.779796859917234,1.0681742142257244,18.006872620133954,1.5345304963162245,5.721570095130394e-11,4645.564070635978
2022-08-18,337.98282335584145,446.9866093528365,70.93910690512843,9.345856,1.1256891,21.521828,1.8338647,16.27924216885599,1.1512608020962238,17.482393125900597,1.617613410600116,5.813898110874607e-11,4645.56407063592
2022-08-19,339.7579536380148,451.5716260807287,70.4007080984704,9.248674,1.0242165,22.624199,1.9286208,16.881407342883225,1.1851683284012984,18.11333973684766,1.6515253912006294,5.741917570842259e-11,4645.564070635863
2022-08-20,336.5652427877793,453.7409803951935,69.86742462458416,9.17668,1.0080731,23.610603,1.8201008,17.46367332091131,1.129728384221884,18.723436038248813,1.5960901484591261,6.483967220087477e-11,4645.564070635798
2022-08-21,325.5236938283016,456.1424104472607,69.35684122185073,9.227819,1.037467,22.884645,1.5579057,17.197280451001223,1.006560695949091,18.444310499775494,1.4729202611149816,5.759315023929037e-11,4645.564070635741
2022-08-22,302.99674453170934,374.2448147118016,68.89768757319655,9.361635,1.1438041,23.067581,1.4525713,16.935563800475453,0.9519403061362135,18.170084687988208,1.4182977898620521,5.75971725500747e-11,4645.5640706356835
2022-08-23,280.95769465591735,360.0427707098687,68.45285070328883,9.455221,1.1837349,23.730316,1.7346367,17.473381893018935,1.1038616041663278,18.73360864691609,1.5702234500804488,6.625997686065466e-11,4645.564070635617
2022-08-24,311.18626945187685,420.7028236672308,67.94468057273257,9.518936,1.2576784,25.292948,2.2296686,18.586117630611675,1.388734726871711,19.899529349068928,1.8551066482019016,2.1385533434731355e-07,4645.564070421762
2022-08-25,325.8183688618845,434.6973861949243,67.4224412445098,9.442551,1.1476542,26.05105,2.4392815,18.935675929750158,1.478403999574219,20.265795340000963,1.9447793782798621,3.3000387920279037e-06,4645.564067121723
2022-08-26,327.53317947333267,453.8763475630618,66.88924747032459,9.477953,1.2091403,25.875431,2.1921093,19.00231529651564,1.3704329798495118,20.335619840702556,1.8368090335219796,5.40056495404525e-06,4645.564061721158
2022-08-27,333.3359188014883,455.82205523795926,66.34896446342154,9.463699,1.1736459,25.267954,2.170164,18.592325064947275,1.3479685305079714,19.906033477546718,1.8143405120154652,2.2523827201784982e-07,4645.56406149592
2022-08-28,337.5577975374762,459.65713537920914,65.79814882032352,9.423094,1.132382,25.035673,1.9700919,18.424974219253702,1.2329616242063803,19.730683833489238,1.699331998767537,5.668246869109662e-08,4645.564061439238
2022-08-29,339.85337636091424,459.9848374393469,65.2491133551783,9.405321,1.0987588,24.800407,1.739989,18.25899445361652,1.10421468035108,19.556770802428044,1.5705834927637627,1.382341856042019e-08,4645.564061425414
2022-08-30,286.31009657461686,596.0905344920973,64.8833843025657,9.389975,1.0640154,23.716484,1.5753399,19.068001093776797,1.1187929497735711,20.40444519453713,1.5851696737238448,8.861991441792491e-06,4645.564052563423
2022-08-31,238.0492267230679,584.538826880995,64.63092586861615,9.662205,1.3313599,21.808064,1.5595521,18.293166501046198,1.1732953631915577,19.592576156913562,1.6396644946453915,0.0,4645.564052544558
2022-09-01,367.26639786493166,560.4926348259717,64.04584650011259,9.973434,1.4606674,23.622875,1.5303469,18.219553051151216,1.0904653866498122,19.51544423574859,1.5568338324849909,,
2022-09-02,362.4488145750466,576.0097901437298,63.45844799354047,10.193291,1.5745199,21.716108,1.3294604,17.26579845986187,1.0176686948616234,18.516103435242584,1.4840288178910206,,
2022-09-03,347.04428203708375,532.6419958195655,62.92544074215771,10.472996,1.7009201,22.234768,1.3082604,17.59464122771669,1.0381544329172956,18.860663763308096,1.5045173080498786,,
2022-09-04,337.82851532264345,502.8626874771821,62.38492852338161,10.375788,1.7246324,22.635117,1.274576,17.708752594978698,1.0303118379715923,18.980229263855033,1.4966756970094222,,
2022-09-05,459.2142920988,589.447230495358,62.09171835057082,11.312019,2.2285578,26.004387,1.604053,19.570523333807042,1.328650213901789,20.93098627985448,1.7950322289874412,,
2022-09-06,454.1530420988,57.99493049535805,62.47438030882178,11.557619,2.021033,34.405666,52.245018,14.144900473474035,6.18164744432779,15.246037193361479,6.647987604627854,,
2022-09-07,771.2357420988001,958.4568700000002,62.89985147340615,13.219103,2.121324,24.251945,1.1763749,19.3326190682389,1.1487193982230934,20.681711003627225,1.6150988723861177,,
2022-09-08,373.6720620988,496.0111604953579,62.91721276104315,12.462179,2.1391425,22.267977,1.2111716,18.054773026571752,1.1497560144217898,19.34278828926656,1.6161229479937622,,
2022-09-09,261.6832320988,402.999070495358,62.68402477580784,12.0471,1.9652073,22.192406,1.1634914,18.198232306184174,1.0470121996130186,19.493104432053443,1.5133804480289696,,
2022-09-10,221.8001419378146,559.2777212013408,62.470073110473535,11.855276,1.8894082,22.236906,1.1433297,19.288868341493853,0.9788110998121199,20.635869141698144,1.445190113742997,,
2022-09-11,281.2902679624341,544.4663093056874,62.115678927249185,12.671471,2.0593271,22.22892,1.1227149,18.973217806112586,1.0198521352999017,20.30513158972303,1.486227893629535,,
2022-09-12,282.3782561643992,442.73619888798,61.79955211513371,11.898529,1.9491735,22.041225,1.1367389,18.091398069121702,1.0285395970461553,19.381163883653954,1.494906864059606,,
2022-09-13,116.34492895588782,405.7420943458432,62.03924979279959,12.312532,2.003938,20.438198,1.257155,18.627427179231102,1.074224972927809,19.942813352902736,1.5405972955580165,,
2022-09-14,243.7651748213057,412.6715710226986,62.03390292555879,12.570145,2.0943732,22.905296,1.3128811,19.06737885660723,1.1340521611286911,20.40379321655787,1.600428878706322,,
2022-09-15,253.57304031294467,546.1867294177459,61.79111530226762,12.590866,2.108495,21.955944,1.4262046,18.986638297084646,1.181362761725345,20.3191935342879,1.6477386561542002,,
2022-09-16,269.19607818496,583.3659289161668,61.43663837172547,12.731424,2.181304,20.497496,1.4073232,18.045362053075433,1.183919639186629,19.33292750340692,1.6502864873269865,,
2022-09-17,239.5744821545856,603.3715498056729,61.09606952669453,12.641541,2.2999318,19.6186,1.3465859,17.63564399013064,1.1646145540854922,18.903626317604502,1.630977781043232,,
2022-09-18,254.5622552972315,595.5027218495845,60.68970058090852,12.66045,2.3615882,21.07732,1.357023,18.55678637830577,1.1848495431215673,19.86879616316667,1.651221180699071,,
2022-09-19,256.6865135215018,600.6635291645478,60.30545378596496,12.83086,2.341219,21.143547,1.3841696,18.65476824280592,1.1965604475756433,19.971461225855677,1.662933036882698,,
2022-09-20,257.16378993748066,602.3713061396535,59.95890482721773,13.06135,2.245623,20.29284,1.4199528,18.1292541387534,1.2006933514438876,19.420829344009547,1.667060964718426,,
2022-09-21,296.82533019519605,579.8724259738616,59.5922234930383,12.711102,2.644921,20.993528,1.6386209,18.18933038274519,1.4059162034765849,19.48377702710378,1.8722843696190876,,
2022-09-22,126.69621943288595,543.70298481951,59.66124817498235,12.973959,2.103557,20.097109,1.5992781,18.75093158791203,1.3565929731345252,20.072220850139914,1.8229665071813776,,
2022-09-23,306.2168813990617,522.7190560509373,59.611398154415795,13.101315,1.9820323,19.156113,1.399459,16.919412202324505,1.1466780784663404,18.15316109865712,1.6130354363042534,,
2022-09-24,287.8037577147376,625.8823287354224,59.43392520434176,13.030872,2.087022,15.856832,1.1459918,14.966677163232964,1.023921237477656,16.1070919997878,1.4902655738550896,,
2022-09-25,248.4656114698416,664.0280680119546,59.286539982090446,13.45846,2.1410491,14.799461,0.9034029,14.43431608449886,0.8786761750867828,15.549285881275516,1.3450177180226544,,
2022-09-26,260.10381763906906,650.1576407767154,59.22448263272134,13.331171,2.1336439,15.16132,0.942031,14.638361566625257,0.9079849517166009,15.763084039952966,1.37432752702523,,
2022-09-27,269.8229424768039,623.3002816048091,59.10835015466205,13.611563,2.0700998,14.77843,0.83487153,14.4259057778051,0.8547540074330056,15.54047359067099,1.3210955088385294,,
2022-09-28,285.1980896421198,616.8325011406267,58.95211976114317,13.838829,2.0691073,14.379121,0.7486953,14.208294929189158,0.8307193176550625,15.312461687356679,1.2970597726179907,,
2022-09-29,300.7278471957804,601.6285679329047,58.752135281915244,13.341261,2.0150976,14.219818,0.9095765,13.92702181819634,0.9048642662057889,15.017744683142435,1.3712034488324838,,
2022-09-30,304.28183872120707,600.3222387779048,58.508565598384685,13.266752,2.069515,13.71295,0.8637018,13.562862214975972,0.9017320913291742,14.636179495705463,1.3680697610934938,,
2022-10-01,304.4577544690786,602.2162786405024,58.30269298872419,14.061855,2.094966,13.863633,0.7200296,13.930195417031394,0.8506504076291534,15.021069969153398,1.3169896041068847,,
2022-10-02,304.88166486049374,602.7452680933553,58.07571347392763,13.754723,1.9720782,13.514737,0.8534238,13.595350832662604,0.8717997850523792,14.67022095826073,1.338137583625086,,
2022-10-03,310.03283495504945,600.6940376258519,57.82415997269011,13.276112,2.0131717,12.142358,0.83266306,12.528314261765296,0.8782395173724227,13.552183686756578,1.3445737167265717,,
2022-10-04,239.6496574072,266.605720495358,57.84127713023053,12.406553,2.2498167,12.879353,1.0036839,12.655540249774633,1.1889610418135903,13.685490642092478,1.655295601935551,,
2022-10-05,258.3408274072,280.3837304953581,57.93882636291298,13.830505,2.0326827,13.517467,1.0646142,13.667581679323801,1.1212322779997979,14.745904192483536,1.587570367273406,,
2022-10-06,156.7384574072,315.950030495358,58.02740150401492,13.132442,2.109338,14.363458,1.3292236,13.955266176729827,1.130743987021367,15.047339025465313,1.5970832933242933,,
2022-10-07,171.243397686122,334.58428339277367,58.04993147223044,13.645887,1.984877,14.998912,0.8870564,14.540857626408114,0.8920820916710721,15.66091974469399,1.3584241677158118,,
2022-10-08,250.16111447207243,437.9562729161879,57.93602642686642,13.282793,1.7834696,13.706214,0.7798135,13.552281718480446,0.8165256563391011,14.625093287645067,1.2828632844152716,,
2022-10-09,298.8866859989734,524.360194129425,57.73768768365494,13.4465275,1.8726647,11.259244,0.9055872,12.053355594596693,0.8916003484929799,13.0545236188623,1.3579333645972254,,
2022-10-10,309.234984811154,543.1341501725349,57.50871344413127,13.781496,1.9088326,11.448189,1.003461,12.294700237186339,0.9425614307665569,13.30740371037234,1.408895015881858,,
2022-10-11,307.72535124085204,533.7987957057326,57.28211337977005,13.521122,2.044955,12.196811,1.142328,12.681079828602218,1.0412711263800545,13.712250925485339,1.5076057611544234,,
2022-10-12,285.4388233350975,501.6410479276365,57.08067676821299,13.5993805,2.1246016,13.443404,0.9772486,13.499969854969859,0.9907585281959099,14.570281095877833,1.457095952039874,,
2022-10-13,144.59933599732068,201.70746806123145,57.16940796679424,13.527277,1.9878818,14.778712,1.0125854,14.25617933829608,1.018234184068368,15.362634807534247,1.484574864649273,,
2022-10-14,38.7789474072,32.315,57.57104446245719,13.098196,1.8407221,14.146798,1.2487144,13.5748269980171,1.1533678445708746,14.648716154476391,1.6197055616318223,,
2022-10-15,38.7789474072,32.315,57.91996154777185,12.995359,1.8665732,13.255109,1.1539671,13.113425762177334,1.145311471089479,14.165261516784707,1.6116474828257539,,
2022-10-16,38.78249979112129,214.04077117551887,58.16846729362114,13.108667,1.7768811,12.22898,0.8832189,12.363922044841068,0.7958655515952467,13.379934083810054,1.2621993122069968,,
2022-10-17,38.78167706140504,171.953205341814,58.3938610110651,12.749634,1.6407052,10.871371,0.82676715,11.21702913872611,0.7391044732127968,12.178223617240073,1.2054360329646496,,
2022-10-18,38.78158292226833,167.13742315241433,58.64030364828287,12.545324,1.537782,8.740822,0.83205694,9.457339616398567,0.734832299938622,10.334426950942985,1.201163407909518,,
2022-10-19,38.78246632882216,212.32897361929017,58.858688302027,12.277689,1.453239,7.1696033,0.8029878,7.958512682539369,0.7151065068758319,8.763961213128882,1.1814400231126565,,
2022-10-20,38.783758273264205,278.4196905150278,59.05255051304877,12.142307,1.4415503,7.1990013,0.9170673,7.803408308819378,0.8240106197790847,8.601443380542852,1.2903445319388345,,
2022-10-21,38.78426545448927,304.3650560196869,59.22604590307935,12.011795,1.4795598,7.481075,1.1375954,7.99315700065393,1.0227827851185247,8.80026141122364,1.4891162166808527,,
2022-10-22,38.78442179490504,312.3628071778325,59.38506477800573,11.955744,1.5125366,8.257886,1.2848071,8.666316548403453,1.1550446986869929,9.505595684274793,1.6213767574555114,,
2022-10-23,38.78513635409688,348.916801077486,59.53043319363241,11.915865,1.4823685,9.079496,1.1116385,9.363242557620962,1.011362953462335,10.235832374410515,1.4776941370328196,,
2022-10-24,38.78386207191973,297.1567951007969,59.668630255804345,12.26425,1.496003,10.8069315,0.9683964,10.975176782346812,0.8738344966870367,11.924811544956768,1.3401657844098627,,
2022-10-25,48.83765881778775,213.7323299686236,59.810440992684455,11.757984,1.5965395,13.612545,1.1538624,13.267599231284452,0.9850705401492947,14.326803950699505,1.4514070946186286,,
2022-10-26,91.07683853892112,196.06769594876883,59.95629850288532,12.226124,1.4997244,15.470361,1.1730753,14.441349895415376,0.9315971374088725,15.556655884309961,1.3979387151400346,,
2022-10-27,102.03826814544152,245.9219585001157,60.09747885540628,11.72678,1.310448,13.975439,0.76189923,13.316026684539418,0.6615359327665542,14.377546070679092,1.1278726633247196,,
2022-10-28,71.15307061693424,334.1062210703469,60.2234159583306,11.411484,1.2299253,10.904746,0.6941126,10.99371611683433,0.6116330802052149,11.944236996259242,1.0779643864129282,,
2022-10-29,66.85886137186199,355.2311065501848,60.3355446630153,11.180824,1.1989541,9.658743,0.84478945,9.899839910964772,0.7359028002345589,10.798077246977869,1.2022336884831235,,
2022-10-30,66.17827451119165,376.2972474353086,60.43908486414388,11.033541,1.1799908,8.987585,1.0363545,9.29358575807988,0.8988495856177828,10.162846217961228,1.3651808316753138,,
2022-10-31,145.39224350458122,340.77397582748404,60.42239264118546,11.285484,1.1988751,7.9837584,1.193326,8.971168334846878,0.910053686655576,9.825018344026512,1.3763852942374324,,
2022-11-01,128.82908706918838,304.4697940877289,60.36097283411789,11.505634,1.2010946,9.064478,1.0904613,9.790286276955916,0.8453743524588084,10.683287323753753,1.3117052742459818,,
2022-11-02,131.16871955366528,301.1528844672936,60.29545035711348,11.174715,1.1708182,9.909675,1.1177423,10.293494762639892,0.8558204995510323,11.210547454921267,1.322151380572456,,
2022-11-03,156.42515674701195,328.7152647756074,60.207387414792436,11.120588,1.1561266,10.061552,1.160628,10.403020012099246,0.8702816918892696,11.325307636911443,1.3366126024172702,,
2022-11-04,174.3215393453087,350.42447152879845,60.18728109573376,11.111052,1.1751271,10.069875,1.1524725,10.415755509680503,0.8629655723514856,11.338651847742963,1.3292964872009456,,
2022-11-05,150.0508417789236,339.8230506372954,60.189174481551156,11.065966,1.2212547,12.684956,0.9606587,12.189050818656668,0.7642170279335054,13.196704610781422,1.230550355763779,,
2022-11-06,122.78168715251655,304.396204322833,60.218695803237296,11.074627,1.192256,14.441819,0.990714,13.474003309286939,0.7847350476142788,14.543073438073467,1.2510723712439118,,
2022-11-07,81.46950202770638,313.23636118975446,60.27819614875659,10.935617,1.1033939,14.2905,0.79741925,13.598033192650053,0.6725616347677995,14.673031525886392,1.1388994440292723,,
2022-11-08,188.82047806982092,371.7946840088511,59.942208486790335,10.887497,1.0370787,11.594615,0.7099257,11.35645095435232,0.5862395143221528,12.324309319063582,1.052571261292254,,
2022-11-09,217.8272086096064,414.1414673789076,59.56393899148146,10.986013,1.0320041,8.311541,0.8075711,9.233378929786062,0.6376531555309565,10.099761709081712,1.103984460069654,,
2022-11-10,202.50127458330297,397.3577292024441,59.339041395575606,10.951216,1.0496452,7.537935,1.1237507,8.690195130199859,0.8244263101120286,9.53061558065622,1.2907583297028549,,
2022-11-11,201.5910176948465,287.062768718946,59.428017983152756,10.700016,1.3786902,8.30971,1.3571931,9.29581531104065,0.979373926068976,10.165182335932176,1.4457051700404677,,
2022-11-12,631.4370474072001,1188.3574304953577,60.1397299210827,12.326321,1.3962293,10.992982,0.78160286,11.455627273034231,0.7037165424330066,12.428225926761202,1.1700484361116514,,
2022-11-13,88.23561740720004,757.0790704953579,60.78047595514639,10.882246,1.0699775,8.997596,0.6988282,9.19431930203808,0.635770054781075,10.058835164646034,1.1021013994772515,,
2022-11-14,49.12717740720006,603.4757304953578,61.27572426268845,9.9483185,0.9287113,6.4554524,0.6983527,6.718391279083969,0.6495548629927936,7.464566245731261,1.1158923142794488,,
2022-11-15,50.07449312419398,511.45169621235215,61.70545010071691,9.069508,0.92326313,4.3825397,0.55264276,4.800503405732914,0.5100494188038055,5.455009888005748,0.9763964193676837,,
2022-11-16,187.2422174072,1038.356760495358,62.1783567614559,9.616081,0.95988786,3.5377293,0.71838075,4.466356099982842,0.6260473583896893,5.104891483266245,1.0923964530095926,,
2022-11-17,38.7789474072,1042.145910495358,62.55336586773418,8.941231,0.89419234,4.4331493,0.7181842,4.5948799628365515,0.693161528572033,5.239558347427516,1.159509802638306,,
2022-11-18,38.7789474072,737.9770304953581,63.15864227797344,8.146469,0.8534517,3.183971,0.7098466,3.431719850268214,0.6757526813469352,4.020803157542347,1.1421090696951888,,
2022-11-19,38.7789474072,614.4725804953582,63.69278624307161,7.5729613,0.8381106,1.8158872,0.6756342,2.157644200517144,0.6374710459200924,2.685831046942909,1.1038380978524007,,
2022-11-20,64.7857383985547,535.004423809703,64.14130315384237,6.8298326,0.8011124,0.11299658,0.6998069,0.8385089420441745,0.6301870810749551,1.3036456323532308,1.0965671295833337,,
2022-11-21,177.22433423534358,479.22532871386943,64.12776744941698,7.6294036,0.8355962,-0.5596577,0.7843632,1.6511758500019889,0.6154410055958021,2.155155240548576,1.0818128121086916,,
2022-11-22,139.37697534235664,541.6286896591289,64.03533823161406,8.256146,0.85440505,0.21333945,0.5276661,1.8594081492533694,0.45464561303238393,2.3733403318976665,0.9210154292129089,,
2022-11-23,137.30786215319893,529.2593541480725,63.99071019695947,8.085611,0.82455844,0.8419702,0.6224346,2.3341061138104187,0.52259082899829,2.8707272364867276,0.9889562932590187,,
2022-11-24,132.414064510844,524.6642236521963,63.9447035156417,7.985965,0.82254803,1.6612127,0.6652768,2.935773335023683,0.5564718174491785,3.50115209417748,1.0228321360475587,,
2022-11-25,132.1734109637672,531.6831237639933,64.18692002665777,8.016898,0.8455704,2.1270447,1.1821376,3.299710733532595,0.9616262604373061,3.8824844562773566,1.4279836674537494,,
2022-11-26,123.87754618919234,550.4677478297679,64.43659969835787,8.214985,0.8239571,2.3683298,1.1359704,3.4423630478300424,0.9395641649729193,4.031955063565681,1.4059204720594816,,
2022-11-27,326.5940474072,824.2436304953578,64.84940818801196,7.624236,0.9277297,2.2984567,1.397662,3.8098495400279653,1.0350657120791633,4.4170061539009335,1.501419292831865,,
2022-11-28,87.2966474072001,3151.8918304953586,65.93840043772258,7.552723,0.82656866,5.2665634,1.0396727,5.3281757800107,1.0118986092465514,6.007903198016237,1.478242563004156,,
2022-11-29,38.7789474072,1502.164360495358,66.50789852254569,7.2014446,0.7610959,3.5008445,0.7848843,3.593972744747294,0.7653717970986256,4.190811185743755,1.2317269606983503,,
2022-11-30,38.7789474072,1438.702230495358,67.07246998024321,7.3447833,0.8236241,3.7036614,0.6250012,3.7992287325349485,0.6089808017191037,4.405877708115165,1.0753344590989296,,
2022-12-01,38.7789474072,936.9309304953584,68.11896503505918,6.1443887,0.73896074,3.1590652,0.7531852,3.2777149629297933,0.7238464405127355,3.8594373630285217,1.190204019199772,,
2022-12-02,38.7789474072,808.3707304953582,68.89512818574268,6.4502635,0.7599216,2.3085237,0.6556521,2.4981150764111195,0.6266054378849183,3.04257526686315,1.0929694584437049,,
2022-12-03,38.7789474072,1045.3370304953576,69.83653102593912,7.0944076,0.81505865,3.0730877,0.6562627,3.216930744827721,0.6334593780870589,3.795747867081625,1.0998174340543314,,
2022-12-04,38.7789474072,850.0823304953583,70.61494091759299,5.850439,0.7012484,2.7457771,0.76444423,2.881226299913896,0.7317331436343534,3.4439978972491563,1.1980939116735847,,
2022-12-05,38.7789474072,669.6070604953582,71.21076422116495,6.183882,0.72269833,1.8109889,0.6775756,2.0503727964354566,0.6417040037911045,2.573432436435067,1.1080720382730993,,
2022-12-06,38.7789474072,967.207260495358,71.8929073062744,7.021963,0.862496,3.3986726,0.78467846,3.5383438725725984,0.7551627722192349,4.132523443636895,1.2215183523359716,,
2022-12-07,138.6802474072,1741.1480304953584,72.93062743594473,7.049465,0.8805949,5.0464525,0.7334564,5.1942204296557355,0.682446318865695,5.867545239817763,1.148791015929129,,
2022-12-08,38.7789474072,1406.412360495358,73.78857415337137,6.1790824,0.7366232,4.867817,0.72824913,4.903002228451611,0.7089835481540789,5.5624078040757015,1.1753299319642705,,
2022-12-09,38.7789474072,1225.854900495358,74.50512314006083,5.4765215,0.7097685,3.522668,0.6985358,3.5825811841581454,0.6774654743318367,4.178875147498546,1.1438207229368698,,
2022-12-10,38.7789474072,984.0658904953582,75.12047245651718,5.470162,0.7270936,2.1616666,0.6381809,2.2871010669394765,0.6146041704578463,2.821475509054069,1.080970054155404,,
2022-12-11,54.9368420988,938.506360495358,75.58145968269594,4.9736648,0.7342837,1.6368785,0.688116,1.8214008667263126,0.6513305436596252,2.333516431187212,1.1177007194234667,,
2022-12-12,54.9368420988,838.1812004953581,75.9436216482822,4.3474326,0.68780535,0.37583697,0.63340306,0.6201349362394935,0.5959452869520104,1.0748340955452813,1.062327678913471,,
2022-12-13,54.9368420988,559.8755304953579,76.14208303109356,4.6374784,0.6950352,-0.17069018,0.5255375,0.25894592982975767,0.48259072813330767,0.6963814892920126,0.9489771158235809,,
2022-12-14,54.9368420988,564.3033904953581,76.26724708030797,4.6508093,0.69567233,-0.14040482,0.4061542,0.28465504983742906,0.37523200820395214,0.7233194173538204,0.8416181065509463,,
2022-12-15,54.9368420988,546.405880495358,76.46725812322323,5.128883,0.7615619,-0.26740658,0.5290275,0.2255820096523156,0.4857059984787777,0.6614228877789444,0.952092762790014,,
2022-12-16,54.9368420988,662.341160495358,76.73546086436811,5.0588484,0.82766265,1.4174331,1.6477872,1.6963317750522275,1.5229019398167272,2.202469464458408,1.9892733105086355,,
2022-12-17,54.9368420988,793.6155304953579,77.00260640922735,4.573358,0.74024236,1.5737926,1.4855515,1.767989965872082,1.390200436041956,2.27755267184818,1.8565711199129686,,
2022-12-18,54.9368420988,743.0973104953579,77.2129060654814,4.4211016,0.6963406,1.487418,0.754127,1.6893734574244397,0.7038470395916164,2.195178563033831,1.1702184772895439,,
2022-12-19,54.9368420988,674.4207404953581,77.47961740594798,4.4585643,0.6759476,1.47911,0.81122684,1.7035291532460268,0.751849299592275,2.2100108527268643,1.218220601034351,,
2022-12-20,54.9368420988,619.580990495358,77.59295497195868,4.016939,0.6021332,0.37130404,0.59005535,0.6682267727334932,0.5442118131626645,1.1252245574299753,1.0105936843508672,,
2022-12-21,54.9368420988,570.634790495358,77.7122580677353,4.2357736,0.64130807,0.01598084,0.45777598,0.38655724452535895,0.42135549379911713,0.8300921886126067,0.8877404527220594,,
2022-12-22,54.9368420988,633.574510495358,77.82383315444538,4.6462626,0.7571544,0.2091316,0.7884169,0.5631736441061953,0.7280195505375548,1.0151502483604478,1.194402562738197,,
2022-12-23,1117.9463420988,6989.59463049536,80.2649612535285,4.1019473,0.63537604,-0.5539874,1.2816111,0.08801802506373486,1.1083582566465047,0.5172838149659864,1.5747465872595088,,
2022-12-24,54.9368420988,4488.812130495359,82.10027449541367,3.283177,0.52877647,0.18787742,0.38952032,0.22530157448910343,0.3848638771941546,0.6611290487735504,0.8512506446764128,,
2022-12-25,54.9368420988,2500.629830495358,83.00664008839604,3.2098243,0.5482289,0.0111454725,0.25422847,0.0799072531733414,0.24904235154015467,0.5087853759045189,0.7154307751777633,,
2022-12-26,54.9368420988,1785.6017304953584,83.66008812651944,3.313639,0.5534961,0.074349284,0.18962611,0.17103638771369534,0.18470643799979877,0.6042701715665391,0.6510938207780508,,
2022-12-27,54.9368420988,1434.220380495358,84.14825272681632,3.4277558,0.5514137,0.22132397,0.20931728,0.33961318348005476,0.20261904886610882,0.7809043619195819,0.6690045312212849,,
2022-12-28,54.9368420988,1241.8814304953582,84.49811000213933,3.9203568,0.6228181,0.2198081,0.26001012,0.37657367251022134,0.2503893485915203,0.8196314359822793,0.7167744186216043,,
2022-12-29,54.9368420988,989.5158704953582,84.7439585209315,4.1759377,0.6879267,0.50080705,0.28377372,0.6941140940577739,0.27127165687551524,1.1523492042221755,0.7376532488319203,,
2022-12-30,54.9368420988,1186.2217304953583,85.05916330823355,4.419643,0.75872934,1.0689067,0.49995446,1.217218792659965,0.4790039253797381,1.7004565192735939,0.9453800390872458,,
2022-12-31,387.7894737036,1479.959730495358,85.54730469273068,4.6339865,0.7378014,1.0913953,1.2110434,1.8269220520111706,0.9717516416670939,2.3393015102554586,1.4381217650929727,,
2023-01-01,758.5579481758609,2841.7926701809247,85.82523937273966,4.1312933,0.6065776,2.8176298,1.2205259,3.094405601184905,0.9718131554667203,3.6673664404039337,1.4381721863489543,,
2023-01-02,605.4695060405929,2433.157082631857,86.02889068712129,4.065771,0.52515376,4.6096106,1.1191972,4.50124640145999,0.9022770235764483,5.141449421887471,1.3686258935730218,,
2023-01-03,948.2828122180658,2866.2379913802256,86.2782341182181,4.395788,0.6046809,3.9878116,1.2116207,4.0892337999135595,0.9227408042557959,4.709744026381744,1.3890924156332625,,
2023-01-04,862.7456557373741,3705.903999348053,86.83236162462865,4.7097387,0.6474772,6.4567566,1.198371,6.126849029747583,0.9797297418853353,6.844750298962617,1.4460696898271628,,
2023-01-05,731.9598607067591,3007.714277025086,87.07184023731068,4.555324,0.64873403,6.5465317,1.080323,6.156796105751986,0.8781022150636758,6.876128742831072,1.344442026993673,,
2023-01-06,663.8983510195162,2652.3780433291936,87.22246699460045,4.3612924,0.61238587,5.187007,1.0150551,5.021703915194178,0.8210515432752193,5.6867830256831455,1.2873972278507382,,
2023-01-07,630.2312127344546,2347.725286601272,87.29062418611264,4.2073016,0.56214356,3.7758493,0.9683466,3.867158496843233,0.7726275108084907,4.477054282951102,1.238980680313904,,
2023-01-08,582.1314355331054,2022.1395283757588,87.26654406579827,3.9184575,0.5255345,2.4625921,0.90891063,2.7880210135531334,0.7154522609974067,3.346337716806682,1.181813804876684,,
2023-01-09,537.5496013830659,1741.7919799469269,87.20276434983688,3.9001882,0.50873566,2.1052165,0.8996103,2.528534505211139,0.6978413523309662,3.0744486403761955,1.1642051085019647,,
2023-01-10,492.2683607811652,1548.5688511696912,87.0941167914933,3.8719692,0.5034665,1.8529855,0.8948945,2.339982602930485,0.689811747892151,2.87688460169896,1.156177159893297,,
2023-01-11,428.4722050341312,1371.9394944413152,86.91721327628476,3.7966626,0.50583655,1.5895972,0.8913222,2.114847174860311,0.6897860466380001,2.6409884697539927,1.1561534889909226,,
2023-01-12,387.7894737036,1277.5358423816529,86.9204713197256,3.9032857,0.51039004,1.772123,0.9527447,2.268387869944963,0.7404876345190069,2.8018678852110814,1.2068536859018701,,
2023-01-13,509.4714737036,2328.7827926465243,87.5452040353341,3.8967714,0.5214389,3.2750845,0.9412428,3.3866783590429472,0.777939434013426,3.973608837003148,1.2442961676913127,,
2023-01-14,422.722222464612,1869.9999027511951,87.80274102306709,3.643489,0.5014553,1.4663589,0.85786086,1.8677687417895665,0.7057742419464811,2.382100532177838,1.1721439792498731,,
2023-01-15,483.822131356584,1576.7101424920993,87.79531495435774,3.390117,0.48704416,0.19453609,0.70270824,0.9448726668132029,0.5497358046981372,1.4150931795800146,1.0161147315245724,,
2023-01-16,485.0837284467448,1429.2512661937694,87.68806482451966,3.400358,0.48877382,-0.029326081,0.81611514,0.8397401624049365,0.6217754571972421,1.304935700838521,1.0881554926475139,,
2023-01-17,464.47807697031175,1415.8513452273123,87.6030249436998,3.4778652,0.48628122,-0.006582141,0.9165567,0.8541443839028366,0.7005248851958095,1.3200283948856528,1.1669047680061984,,
2023-01-18,456.0794171768207,1447.5509171190745,87.56645565442523,3.7100542,0.45900574,1.0438058,0.9173558,1.682596341557144,0.7061870796370825,2.1880775241944903,1.1725585826493443,,
2023-01-19,738.5231663744032,2170.707647874925,87.66963295375609,3.5588038,0.47662988,1.6548318,0.9612813,2.1381648340787596,0.727388930956425,2.6654206333756525,1.1937561603317155,,
2023-01-20,577.615866852454,2919.2847287652025,88.05156206384254,3.52029,0.4568281,2.5641296,0.92690086,2.7220675561764556,0.7774665178032351,3.2772319096180147,1.2438286166805377,,
2023-01-21,517.0522108336166,2417.968535499195,88.21284173094955,3.3563015,0.4382179,2.2113714,0.91132814,2.413069707166841,0.7547412571413087,2.9534650196820467,1.2211060224790442,,
2023-01-22,525.9416944882423,2214.60375202269,88.20636300546924,3.3881164,0.45590112,1.8778353,0.93590754,2.1676753107027755,0.7613402819186128,2.6963416099057786,1.2277072426439934,,
2023-01-23,525.3476755147449,2327.506249842808,88.23676249974002,3.3298504,0.43602902,1.8574842,0.9284746,2.1286176857589445,0.7617413956487579,2.6554171640014443,1.2281087121501306,,
2023-01-24,548.1601906989338,2093.841006682325,88.14274179713632,3.254257,0.42290133,1.5492765,0.91946894,1.903024392555859,0.7339618927848471,2.4190412825353462,1.2003312983516872,,
2023-01-25,534.0784108648077,1855.6590928486808,88.0134873895974,3.3504708,0.4417971,1.2482799,0.9314217,1.7180950230424223,0.7299682717096703,2.2252729213085924,1.19633943318695,,
2023-01-26,503.7361071228431,2097.427754322455,88.0803764698401,3.238742,0.42345983,1.7708493,0.9244621,2.0551184770136635,0.7499298885455241,2.578404944322615,1.2162978792813894,,
2023-01-27,507.91968199783577,1762.3381267359646,88.0727647526216,3.2274756,0.4070676,1.3778019,0.9206332,1.791625249598511,0.7204414849813197,2.302317641343557,1.186811943603408,,
2023-01-28,453.6232555536986,1519.3312193799811,87.9488325791244,3.3151557,0.43223584,1.7710458,0.91003996,2.1260687845611317,0.7078142632540544,2.6527464340393587,1.174181603034009,,
2023-01-29,397.6874239115464,1357.777685066106,87.86489165586421,3.334011,0.41907164,2.4884334,0.90577555,2.679992636257708,0.7069822688909451,3.2331459523530692,1.1733447244273756,,
2023-01-30,387.7894737036,1338.2533455057603,87.82361016754508,3.327458,0.4256783,2.4347966,0.89940596,2.6353505004636517,0.7038642756371021,3.1863700750695645,1.1702271118078098,,
2023-01-31,387.7894737036,1269.764274922194,87.8482342301288,3.0681205,0.42122912,1.4761466,0.8901874,1.8485934582042647,0.6890094435525999,2.3620087355845865,1.1553793618817587,,
2023-02-01,387.7894737036,1008.1565118559244,87.66194110773058,2.9916363,0.42214948,-0.109511256,0.77757883,0.7519779288446367,0.5736840376210586,1.2129787325142263,1.0400650082037874,,
2023-02-02,387.7894737036,967.146368710438,87.52174363294415,2.9838643,0.4217727,-0.59171474,0.7506884,0.43163402218327673,0.5492664517339739,0.8773234821553171,1.0156509104165028,,
2023-02-03,387.7894737036,819.1593524218838,87.46753015225896,2.7437406,0.4918897,-0.7523011,0.48054942,0.3709678638731528,0.36242443828279697,0.813757688854857,0.8288095707498684,,
2023-02-04,452.3769137036,627.779630495358,87.31354030318037,2.6636724,0.49724174,-1.2135504,0.51399815,0.4102568938442567,0.3641541809873557,0.8549246001557494,0.8305388766133441,,
2023-02-05,387.7894737036,754.651060495358,87.30527005701023,3.2895322,0.4608424,-1.3050946,0.8948188,0.2545033392682752,0.6114307793658791,0.6917265580879273,1.077817217131864,,
2023-02-06,387.7894737036,728.9543504953581,87.22219236129787,3.072071,0.44860062,-0.25070155,0.8916941,0.9031317841653408,0.6025381940372119,1.371357225425654,1.0689175595091214,,
2023-02-07,387.7894737036,726.3894104953581,87.1640093848162,3.0967388,0.44707185,-0.58954585,0.88269615,0.6934639193201128,0.5961399490887499,1.1516679533545653,1.062521548048839,,
2023-02-08,387.7894737036,727.7561804953579,87.03328617008663,3.3099318,0.46867794,-0.15788257,0.88262403,1.0476099045295297,0.5984092908225158,1.5227409060695036,1.0647871464927128,,
2023-02-09,387.7894737036,642.052280495358,86.99558031899754,3.4223645,0.45581278,-0.17705345,0.90656495,1.1783163196308912,0.5906822757604792,1.6596946410151818,1.0570587861075125,,
2023-02-10,54.9368420988,1022.2239904953582,87.15155980957655,3.1839364,0.46954265,1.91442,0.8970602,1.979167274887042,0.8516455197938804,2.4988235343605374,1.3180142137471813,,
2023-02-11,54.9368420988,774.940050495358,87.27700570973892,2.9910617,0.45915145,1.4799211,0.88709694,1.579956773410772,0.8289296616854909,2.080532135546533,1.2953021603056818,,
2023-02-12,54.9368420988,680.0340404953581,87.27082880818745,3.1074777,0.49369028,1.077733,0.8832839,1.2294502882671652,0.8180938122510631,1.7132726385595423,1.2844698016069949,,
2023-02-13,54.9368420988,709.4116704953581,87.39596946428996,3.3095288,0.5798906,1.7784634,0.87324595,1.88850727719458,0.8115531892434047,2.403830298684074,1.2779227312362942,,
2023-02-14,54.9368420988,698.752750495358,87.48964593139094,3.3203826,0.62823594,2.8367724,0.8613495,2.8720230475307087,0.7998771465077581,3.4343547608617975,1.26623799071275,,
2023-02-15,54.9368420988,713.5274704953581,87.57711191775599,3.6537669,0.7277868,3.6605775,0.8569714,3.6600906471313475,0.7974064485842164,4.260089297849023,1.2637611217338882,,
2023-02-16,54.9368420988,728.9338904953579,87.69835980479375,3.521378,0.7499319,4.930987,0.83799297,4.832195773110447,0.7810334167600708,5.488217042208989,1.2473802253421225,,
2023-02-17,54.9368420988,808.009530495358,87.74807332232317,3.4426777,0.65828407,4.5520053,0.8767228,4.481383344310312,0.8219779448201429,5.120636978504503,1.2883269425241513,,
2023-02-18,54.9368420988,707.7426004953579,87.8557171315013,2.9851055,0.54874086,2.8058686,0.757947,2.8187793035916084,0.7044608360854218,3.3785661479670415,1.170822122834693,,
2023-02-19,54.9368420988,682.6777904953582,87.9276530031418,3.2766082,0.5682513,2.5897007,0.8557346,2.640860923765758,0.7931302978913917,3.192143877769072,1.2594930869550334,,
2023-02-20,54.9368420988,668.835370495358,88.04856586744067,3.421624,0.5989601,2.9216092,0.85719067,2.9595620338769737,0.7934304776386425,3.5260778115183586,1.259790601295313,,
2023-02-21,54.9368420988,695.6331004953582,88.1112183970219,3.1581233,0.50943685,2.9272246,0.86892134,2.9441249144348953,0.8061847219892437,3.509902850536102,1.2725449720750583,,
2023-02-22,54.9368420988,688.586680495358,88.15923053850082,3.0925012,0.4947332,1.7608336,0.831434,1.8592267549138988,0.7708688996863922,2.373150267528835,1.237238717579149,,
2023-02-23,54.9368420988,976.686960495358,88.43867167719006,3.213851,0.4924806,1.960295,0.8619639,2.0270503126501005,0.8164832411486428,2.548995217648694,1.2828514909937647,,
2023-02-24,54.9368420988,1239.126260495358,89.1098276567973,2.8858159,0.47773814,1.4617382,0.49987093,1.5221945757421025,0.4790794017688463,2.020009102279496,0.945452465981905,,
2023-02-25,54.9368420988,730.5506304953578,89.39196639502518,2.9724488,0.45273423,0.55184937,0.42820138,0.721145623916058,0.3995098423962069,1.1806727488050233,0.8658911435966967,,
2023-02-26,54.9368420988,716.3552704953579,89.65961986679542,3.3347466,0.5206929,0.62130487,0.74057364,0.8145752498440244,0.6888239444437374,1.2785679914791475,1.155204247132982,,
2023-02-27,54.9368420988,729.9843704953579,89.87746790491883,3.3899608,0.6892291,1.7939633,0.8537933,1.9056675945569852,0.7955000618262192,2.421810820556792,1.2618694425792363,,
2023-02-28,54.9368420988,734.547730495358,90.07803872256159,3.1178033,0.741561,2.528613,0.94432694,2.569612310210448,0.8801293032788249,3.117489824037019,1.3464927041049517,,
2023-03-01,54.9368420988,673.4700304953578,90.37259032246907,2.8522744,0.5576542,1.5756108,0.6414908,1.6718974238408872,0.5945985903582075,2.176867234783817,1.060970196588001,,
2023-03-02,54.9368420988,838.148180495358,90.6907773544279,3.257052,0.6160623,1.6570113,0.7251363,1.7554354738709026,0.6815849043838333,2.2643981180447286,1.147955708161404,,
2023-03-03,54.9368420988,889.2750304953582,91.06124407610012,2.601337,0.6767871,2.1178522,0.87854224,2.145982682416647,0.8283626899337917,2.6736121481401134,1.2947298480419953,,
2023-03-04,54.9368420988,1086.124830495358,91.52803341868868,3.2064686,0.54086906,1.9483297,0.8678938,2.0089032559929874,0.8265190671385259,2.5299807937159806,1.2928874849864183,,
2023-03-05,54.9368420988,1013.8302404953582,92.19793570699318,3.1371949,0.56180286,2.8296528,0.88155305,2.845461086560079,0.8367378721534701,3.406523228954293,1.3030989367274102,,
2023-03-06,54.9368420988,1061.9887504953583,92.82194466196428,3.07476,0.6396938,3.875371,0.8490791,3.8359923121602715,0.8079293674841065,4.444398461176568,1.2742827601711988,,
2023-03-07,54.9368420988,1026.195230495358,93.43790435883717,2.9147184,0.56720674,3.688343,0.86859953,3.649031943754472,0.8249660045657681,4.248502026253019,1.2913207593986429,,
2023-03-08,54.9368420988,874.910290495358,93.80041667966836,2.888909,0.5489977,3.3684149,0.85855186,3.3400849176582166,0.8084781528586931,3.924788388391939,1.2748352462062202,,
2023-03-09,54.9368420988,790.510560495358,94.00950060707764,2.8365998,0.5592017,3.3017554,0.85289145,3.2715297989579084,0.7982983188878431,3.852956569361706,1.2646559459479512,,
2023-03-10,54.9368420988,780.5735904953581,94.09012688249162,2.7106442,0.585394,3.2162714,0.94744027,3.183025185792733,0.8859802616742171,3.76022173822512,1.3523385857051013,,
2023-03-11,54.9368420988,800.178370495358,94.1937525846047,2.7140112,0.5218032,2.0687551,0.6766858,2.110209598080519,0.6340989206777231,2.63612923265689,1.10046640546323,,
2023-03-12,54.9368420988,690.229520495358,94.28955686166513,2.7900333,0.5822258,1.7051061,0.5134383,1.7850915992585987,0.477518578383283,2.2954717048515634,0.9438890992084656,,
2023-03-13,54.9368420988,742.122810495358,94.41708502689652,2.836316,0.5498774,1.7658107,0.79878676,1.8395946473446654,0.744695919044061,2.3525798123267947,1.2110659224721552,,
2023-03-14,54.9368420988,804.6754104953579,94.57821441942245,2.7283683,0.54752904,1.6013405,0.6975337,1.6733675949194076,0.6538920864933323,2.178407675014362,1.120263678531931,,
2023-03-15,54.9368420988,737.9836204953579,94.71629445869583,2.7986803,0.5845229,1.2109548,0.6207774,1.320959042155375,0.579184986123078,1.8091551980765819,1.0455600505821576,,
2023-03-16,54.9368420988,724.9222104953578,94.87597581300862,2.9345422,0.6881433,1.9939224,0.71884614,2.0601839198028147,0.6699634033503461,2.583712497961738,1.1363313474208985,,
2023-03-17,205.8572820988,1259.462090495358,95.06348211102834,3.0309665,0.67081904,2.5934677,0.8940468,2.6549302967383293,0.7742026616165247,3.2068857186759865,1.2405653305625453,,
2023-03-18,89.93664209880005,2275.262770495359,95.65919955513877,2.88525,0.6637368,2.8342702,0.8434899,2.8362087463611636,0.8118086295688501,3.396828658521412,1.2781697710934763,,
2023-03-19,54.9368420988,1753.704780495358,96.02009357027367,2.7009091,0.5690244,2.1873782,0.63884693,2.202976487551133,0.6196832677827077,2.733330062336451,1.0860499084504247,,
2023-03-20,54.9368420988,1442.844920495358,96.25207971707,3.2158976,0.70116085,2.667122,0.7191101,2.6872503219652737,0.6932111915859861,3.2407505306282993,1.1595735854562514,,
2023-03-21,68.57280209880007,1710.0994704953582,96.53645440096145,3.7275586,0.711452,4.019976,0.83413196,4.008702623724385,0.8024427283828653,4.6253637352527806,1.2687948982664263,,
2023-03-22,100.52984209879985,2341.643630495358,97.07937631578291,3.6864064,0.68962693,4.7947288,0.85541236,4.749105676630529,0.8206912289444429,5.401155523146616,1.2870385433007603,,
2023-03-23,386.32944209880014,4866.218830495358,98.34861547198366,3.440338,0.6813099,4.299229,1.3793676,4.236056955150098,1.278896061052601,4.86358482654874,1.745246673258316,,
2023-03-24,903.3869687267008,5938.010330495359,99.7759289995241,3.4856715,0.6063222,4.2931604,1.0542442,4.18653383372539,0.9185302157190248,4.811694669206252,1.3848811621877841,,
2023-03-25,1959.715150592271,6028.076574784829,99.7759289995241,3.4465125,0.5597694,4.0793877,0.8258018,3.924118828485403,0.6381530826906274,4.536737123736615,1.1045058471722657,,
2023-03-26,1971.2064301330472,5918.9085044834,99.7759289995241,3.5936863,0.5464016,3.8711505,0.9129996,3.8018309559637764,0.6983740773286896,4.408604308928635,1.1647277159220326,,
2023-03-27,1874.5674874253305,5156.451956230411,99.7759289995241,3.4900112,0.5741889,4.7280445,0.8416922,4.3979676296926,0.6359848920788053,5.03323427787042,1.1023344310216598,,
2023-03-28,1846.7574341177449,5209.6361662058325,99.7759289995241,3.2485747,0.5362478,3.8467712,0.90730935,3.6902148024823864,0.6843977922229478,4.291653284851568,1.1507522435751252,,
2023-03-29,1597.8621720061612,4009.282267553264,99.7759289995241,3.3613174,0.4938921,3.879508,0.88397974,3.7318397709152045,0.6475531290551629,4.335267784487638,1.113907275639623,,
2023-03-30,1356.4249158913356,3117.23480102996,99.7759289995241,3.3073971,0.5084467,3.8000202,0.8546468,3.6506556535990455,0.6151463450125111,4.250203343877789,1.0815010878433737,,
2023-03-31,1268.8853702424883,2356.454420953828,99.7759289995241,3.117588,0.5133988,3.739348,0.888913,3.5217291526003374,0.605086581110588,4.115114596844538,1.0714422863151296,,
2023-04-01,1830.119392563364,4905.220761518263,99.7759289995241,4.2042522,0.37193888,5.9034367,0.9624476,5.441736095794421,0.7081806768679576,6.126891308707899,1.174524016563179,,
2023-04-02,1932.693584244693,3961.686396988352,99.7759289995241,4.458948,0.44766325,5.0477996,0.8581578,4.854722550015459,0.5951628611296943,5.511820522046126,1.061509533950444,,
2023-04-03,1574.2466281694742,2535.980136054038,99.7759289995241,4.5367403,0.39384875,6.008501,0.876898,5.444806023171354,0.5616749657818918,6.130107968119429,1.0280182890816334,,
2023-04-04,1356.411695893141,2045.1006796851984,99.7759289995241,4.708431,0.30353856,8.195921,0.93826324,6.80522411783511,0.5769542932972781,7.555549397351496,1.0432914117841463,,
2023-04-05,1185.10079006101,1728.4823116796838,99.7759289995241,4.5777707,0.3806368,8.537594,0.892687,6.926934609313411,0.5517537317722583,7.683077234275959,1.0180903983006102,,
2023-04-06,1187.1760351906978,1726.7267337335918,99.7759289995241,4.6535683,0.4353656,8.949499,0.90591663,7.199260164454053,0.5653747584736947,7.968419020053982,1.0317104751160715,,
2023-04-07,1092.4239800932785,1366.044181702708,99.7759289995241,4.69332,0.5307751,6.8850207,0.8025786,5.911135166171642,0.5044783507502931,6.6187260500887,0.9708193087123955,,
2023-04-08,969.4736841976,1058.2694324959407,99.71341270601606,4.4432907,0.5218819,6.763236,0.80518603,5.65405908307534,0.4887171933370283,6.349362608991022,0.9550594244911306,,
2023-04-09,238.2831216957156,1270.2516995527776,99.7759289995241,4.7773046,0.6208066,6.902087,0.8607997,6.566463655077442,0.7314337466875035,7.305377000635824,1.1977718010034122,,
2023-04-10,969.4736841976,859.782730495358,99.4998880476785,5.324242,0.5296366,10.079202,0.94008034,7.559156860199265,0.5234755471454966,8.345517547610507,0.9898101385698391,,
2023-04-11,269.2710777172948,749.3320591057612,99.7759289995241,5.5873795,0.6550984,9.82948,0.9744893,8.708066943430131,0.7375005969940482,9.54934160546716,1.2038325876892286,,
2023-04-12,969.4736841976,844.317940495358,99.3663429994345,5.9437385,0.60275584,13.625674,1.1290463,9.519670841397936,0.616457192844735,10.39973739542869,1.0827882563135158,,
2023-04-13,67.1592655003448,625.7889835006929,99.58878322389234,6.058996,0.7423574,11.346028,1.0012057,10.833618931044699,0.9070287168023762,11.776487712253719,1.3733598763437924,,
2023-04-14,219.28973545258916,490.1047760165652,99.57774804764152,6.127299,0.7498472,15.066578,1.0836488,12.30324648891232,0.7837305036150615,13.316358443716924,1.25006411010093,,
2023-04-15,87.03696919337912,472.9554578214835,99.7759289995241,6.1856456,0.81174123,15.488889,1.0729134,14.04292974310562,0.9148964642366975,15.139192610650959,1.3812361602109287,,
2023-04-16,297.2512180060263,756.0432140339685,99.7759289995241,6.832187,0.920504,16.89453,1.0848286,14.054826241485598,0.820867435811571,15.151657720987354,1.287207185343971,,
2023-04-17,295.19095091783674,761.3957535139539,99.7759289995241,5.8193073,0.7675445,14.970136,1.0544232,12.413562040457174,0.7895159293977448,13.431946701530773,1.2558498192348853,,
2023-04-18,135.7703706643407,495.2186563609481,99.7759289995241,5.481426,0.6744245,10.886857,0.9984613,9.723766430915886,0.796945220977263,10.613588056459728,1.2632761698269226,,
2023-04-19,78.50775015992872,439.6476364997597,99.7759289995241,5.611436,0.72279006,9.967127,0.98898953,9.307179065858994,0.8462596888888946,10.177089239385785,1.3125909223164434,,
2023-04-20,51.24391881149626,399.2699304953579,99.7759289995241,5.930413,0.7912758,10.40767,0.9943635,9.898402198415676,0.8858433117861002,10.7965708166835,1.3521742003859099,,
2023-04-21,111.5792060076783,502.5812565295829,99.7759289995241,7.3268743,1.100514,14.254588,1.0554316,12.995977616812299,0.8865237412881273,14.042199751547622,1.352859357818093,,
2023-04-22,133.8475959949776,606.3673115161981,99.7759289995241,7.2731476,1.0604143,15.71606,1.1164733,14.189390231668277,0.9344737344076675,15.292653409916776,1.400814101018974,,
2023-04-23,1123.5813288671627,2502.083649151295,99.7759289995241,6.4080567,0.8752354,15.530699,1.1274028,12.70362282507201,0.823947275813354,13.735871400127008,1.290281977100966,,
2023-04-24,893.749118850116,1388.4777645710803,99.7759289995241,6.7730756,0.8967281,13.106582,1.0345798,10.626300019273526,0.7207610488475082,11.55925966518413,1.187092062024495,,
2023-04-25,661.0780874345855,1097.0815589425708,99.7759289995241,6.809317,0.9496068,11.141664,0.95449895,9.512676499933528,0.6944290623135746,10.392408748351246,1.1607601305547015,,
2023-04-26,543.5736465295436,975.4346713053396,99.7759289995241,7.1158156,0.92372113,9.826065,0.96057487,8.856208516214435,0.6998215149524364,9.70456383903392,1.1661532801928518,,
2023-04-27,487.94858279139726,1040.7336171155548,99.7759289995241,7.9492044,1.1685046,10.745467,1.0177612,9.85291251260267,0.7869056680278766,10.748906879387345,1.2532365689620169,,
2023-04-28,382.5928344605168,858.6656762587935,99.7759289995241,8.059645,1.213893,11.455079,1.0185034,10.408505095665344,0.7977553290212089,11.33105488872218,1.2640862413876863,,
2023-04-29,401.2593099870805,1331.284795379232,99.7759289995241,7.437849,0.98549825,10.463614,1.0211444,9.76284353367358,0.8171683869325438,10.654532911150847,1.2834993192710538,,
2023-04-30,2087.5670145829126,3813.878874058151,99.7759289995241,7.5818987,1.0055096,8.905417,1.0301899,8.43723826315303,0.7548285891118942,9.265568240054344,1.221161056869104,,
2023-05-01,5707.407039064758,10494.298601812658,99.7759289995241,8.469199,1.9029983,9.323409,1.0663066,9.022494861743066,0.9625145227977094,9.878798103457385,1.4288460648701737,,
2023-05-02,2852.3339837506346,8295.963309259563,99.7759289995241,8.080914,1.5639981,8.443693,1.0723184,8.350874625240897,0.8926739424755986,9.175076715469338,1.359006580003222,,
2023-05-03,1969.3933837506347,6684.644909259565,99.7759289995241,9.279591,1.1792226,7.409305,1.1929349,7.834924648811892,0.9597405643212586,8.63446609385379,1.4260743938041949,,
2023-05-04,1557.4618410547228,5658.487984434131,99.7759289995241,9.396614,1.3499501,8.979105,1.1541308,9.069218490767037,0.9507736589241692,9.927754962231965,1.417105143982003,,
2023-05-05,1280.485592918404,3973.9101597310087,99.7759289995241,9.347309,1.4782655,9.04038,1.1333704,9.11517764267935,0.9297963626486571,9.975910804502186,1.3961277940607393,,
2023-05-06,1047.396862612906,3034.930254854072,99.7759289995241,9.825796,2.247161,10.159446,1.1113985,10.073841750220483,1.0075204894278136,10.98039577935447,1.473851352624231,,
2023-05-07,893.2223013358089,2522.9635613181204,99.7759289995241,10.868225,2.6910074,10.152583,1.1451553,10.339700392185923,1.1001525053858223,11.258961555613556,1.5664833971820529,,
2023-05-08,819.993196358874,2393.318560540138,99.7759289995241,10.402405,2.5275517,11.304881,1.1320821,11.074581488920053,1.0615980398023692,12.028967456706217,1.5279294312350278,,
2023-05-09,665.4830621180088,1680.4930368170449,99.7759289995241,9.708002,2.3083618,11.642138,1.0941393,11.093481309801113,1.0213067088959655,12.048770624419587,1.487638121325682,,
2023-05-10,563.162426247474,1330.805409386588,99.7759289995241,10.635586,2.5334358,12.461212,1.0983477,11.918370744288751,1.0784623223635423,12.913086954132265,1.5447950492689104,,
2023-05-11,504.5465366155205,1130.0741481989269,99.7759289995241,11.811499,2.8720686,13.994794,1.1135203,13.32089194817178,1.1740967582234962,14.382643877282009,1.6404335066207,,
2023-05-12,427.0779312511018,952.9728594030972,99.7759289995241,12.559675,3.0957203,16.133823,1.1279123,15.02774829940553,1.2346763492581274,16.171082127508182,1.7010210268167119,,
2023-05-13,370.67160268974624,835.8175532097534,99.7759289995241,12.122747,2.8892236,17.196728,1.135417,15.637840619496345,1.186023354819161,16.81033477500307,1.6523716748810546,,
2023-05-14,322.8890613484744,733.7163297923705,99.7759289995241,11.211176,2.5942051,16.717896,1.1165408,15.035091753274575,1.108883814969795,16.178776573369824,1.5752285338407477,,
2023-05-15,289.506966144626,666.1573347288193,99.7759289995241,11.531702,2.736333,16.771519,1.1278259,15.18417948717503,1.1424511908232153,16.334990191319797,1.6087967617594983,,
2023-05-16,263.3218332391796,615.1987518307909,99.7759289995241,11.549906,2.7419212,17.920712,1.1456884,16.011169185292058,1.1485183283802967,17.20150717008396,1.6148690873081009,,
2023-05-17,199.18644658073583,500.22974546176977,99.7759289995241,9.176598,2.0315242,16.592333,1.0855967,14.480408682373968,0.9682828962552883,15.59758154776939,1.4346246682343862,,
2023-05-18,168.46833047382893,453.781510495358,99.7759289995241,9.448082,2.141679,15.139129,1.0533737,13.598330961056492,0.9624543977618084,14.673343526604787,1.4287922082103472,,
2023-05-19,142.85652933813947,437.7247704953581,99.7759289995241,9.438927,2.1330185,15.3077135,1.0078205,13.863653020257953,0.9234811896663301,14.951347073277992,1.3898200981339843,,
2023-05-20,155.43537205477006,435.405450495358,99.7759289995241,8.7027,1.7497594,16.24474,1.0008504,14.260618380559466,0.8694107973199753,15.367286020843716,1.335751498949231,,
2023-05-21,137.8048874463694,451.7139004953579,99.7759289995241,8.766167,1.6784635,17.020346,1.0240976,15.090863148138615,0.8773289943743748,16.23721365026339,1.3436740290136127,,
2023-05-22,103.4105262964,415.6377204953581,99.7687879525419,8.458626,1.4223146,18.408535,1.0437802,16.42620416180203,0.8825557073839595,17.636379399745014,1.3489093647329298,,
2023-05-23,105.65838453542868,398.6812386970506,99.7260084384857,7.974982,1.1953194,19.211771,1.0482906,16.85768074687772,0.865685714793366,18.0884790906584,1.3320425942363427,,
2023-05-24,129.05124421219045,388.5514502263887,99.65947293653954,7.478702,1.0282823,19.592665,1.0380517,16.572352094373205,0.8203311251912284,17.789512703911377,1.2866858500701273,,
2023-05-25,178.76537340582712,423.34532819565385,99.53468560938205,7.4870906,0.88121027,19.300438,1.028271,15.793080488282214,0.7688623891252304,16.97299457885596,1.2352117039723138,,
2023-05-26,200.330677238454,431.3734706546939,99.38712872137437,7.3842964,0.78334826,19.464321,1.0175846,15.633414625676124,0.7379513514807287,16.80569723380775,1.2042996435847195,,
2023-05-27,221.38750537174823,439.8047593202892,99.20982576834862,7.320222,0.7255259,21.172346,1.0660777,16.534228902256565,0.7495787954189221,17.749567353529173,1.2159332394741302,,
2023-05-28,231.69242285205613,440.0452318253398,99.01850559866287,7.2697997,0.6872903,23.776016,1.2129937,18.082773832744927,0.8292208528878577,19.372127438258847,1.29558804124652,,
2023-05-29,241.2219704768629,437.8733649288323,98.81122596344824,7.270644,0.65654564,25.66595,1.406902,19.13173993441947,0.9366528169454292,20.471230533882196,1.403030196022513,,
2023-05-30,233.2499204336524,414.19712550288057,98.60252974014983,7.136918,0.6233187,26.2802,1.4639368,19.383621494265913,0.963082793163213,20.73515117127526,1.429462806604906,,
2023-05-31,225.85430560690992,394.9596379406335,98.39351550443969,7.192774,0.62409544,26.809143,1.5438132,19.672638641922067,1.0080703446264776,21.037982350633683,1.474453470198942,,
2023-06-01,312.5493374273634,513.9882092288166,98.2103267015152,7.318332,0.632772,29.150755,1.7534958,20.894978421719937,1.1163682407143094,22.318745793546384,1.5827655845416113,0.24758639047355785,4859.752413609526
2023-06-02,346.6194103012531,530.7443527936027,97.73988757690482,7.315908,0.6006798,31.035837,1.9907675,21.664823434496924,1.227435583390443,23.125386766350584,1.693842758780695,4.637190010525866,4855.115223599
2023-06-03,336.97393190363147,541.3174803577675,97.29358683553487,7.017565,0.5664582,29.183289,1.7256453,20.678968711445222,1.0855454098606687,22.092411557512794,1.5519401167961784,0.09454848242361036,4855.020675116577
2023-06-04,334.786012528802,543.366999971242,96.84493829463233,6.8202925,0.5495103,25.891024,1.3292856,18.62052071530683,0.8487704662983208,19.935576783611452,1.315142721700104,2.1305497216852663e-07,4855.020674903522
2023-06-05,362.74626664011015,571.7045397337722,96.40891755608946,6.9760747,0.56307465,23.986454,1.2117519,17.383161949742547,0.7729112146107355,18.639076498752537,1.2392723056701425,3.948473532990776e-12,4855.020674903519
2023-06-06,393.760165464785,611.918817499993,95.89113527331395,6.7519917,0.5488202,23.251951,1.2656342,16.79161259999444,0.7995101846388837,18.019253112196765,1.265866556907172,1.2070602495193237e-12,4855.020674903518
2023-06-07,404.44700509265544,621.8174937614774,95.38225107665221,7.035386,0.5511249,21.208216,1.2260519,15.622756503785062,0.773969767652904,16.79452969012326,1.2403179925241195,1.2372997249720944e-12,4855.020674903517
2023-06-08,423.1218458054293,648.2567262539524,94.85485085812735,6.647005,0.5291805,19.030275,1.0867614,14.139723762319951,0.689976732154549,15.240613053109932,1.1563168685958094,1.243517429541261e-12,4855.020674903516
2023-06-09,412.04235439815614,635.0522299708009,94.31704594597579,6.835685,0.53557724,17.774418,1.1082053,13.469915296142908,0.7043838691655712,14.538790031875324,1.1707211770883381,1.262745283059402e-12,4855.020674903515
2023-06-10,435.4865943332355,673.000637514153,93.75605492225593,6.937456,0.5624652,20.146536,1.2710632,14.957141727915479,0.8027200453400334,16.097100803257394,1.2690643288316252,1.2443254415695014e-12,4855.020674903514
2023-06-11,457.35031993189295,698.808277920927,93.17069629696319,7.2383275,0.6067081,23.548052,1.4830421,17.096291967776562,0.927957115231874,18.338495112264553,1.394315867952372,1.3589983631773588e-12,4855.020674903513
2023-06-12,467.7733197980522,689.1563754208253,92.58528866386933,6.841797,0.6059561,23.646967,1.2271675,16.852249657215616,0.7709606224265728,18.0827884134757,1.2373174599892731,1.214803404697097e-12,4855.020674903512
2023-06-13,365.09623136820284,728.0904866604419,92.21607112880328,7.09985,0.5854255,22.183271,1.104972,17.1457968792483,0.7614685075491957,18.39036618928057,1.2278276570759936,1.4477174236499348e-12,4855.020674903511
2023-06-14,253.28407978855645,525.8843493723969,91.90307478349631,6.818091,0.54892546,20.624428,0.9958969,16.13640543598404,0.6954428860374288,17.332729285460314,1.1617944988070146,1.217907144135477e-12,4855.02067490351
2023-06-15,337.040193906641,650.7478444022277,91.51977077402915,7.125395,0.6128049,19.710058,0.95395,15.416082961423518,0.6623265264204574,16.577977858914995,1.1286734732535249,1.2453904667496534e-12,4855.020674903509
2023-06-16,344.8039682047827,619.4185430291784,91.11567119925989,6.9792542,0.6115751,20.522749,0.9703319,15.679623359438764,0.6605948762003458,16.854114587087587,1.126943461297461,1.2337417560868038e-12,4855.020674903508
2023-06-17,323.8030075124923,591.6495491414311,90.72543731008153,7.250897,0.6379777,20.275017,0.9635135,15.66827976889706,0.6623370799964913,16.842228811694113,1.1286855929417843,1.2467624022739134e-12,4855.020674903507
2023-06-18,322.4926910603187,580.5349576305157,90.308281378792,7.0497293,0.6344577,21.760948,0.9989226,16.50722139060813,0.6809832239563316,17.721268975144504,1.14733747007417,1.221728027975079e-12,4855.020674903506
2023-06-19,364.42657102518825,607.7162740784993,89.84243270879757,7.3520484,0.6533125,23.627237,1.058341,17.526167583306467,0.7054755619450359,18.78891731276051,1.1718378538240657,1.2812633744033369e-11,4855.020674903493
2023-06-20,379.3891774775203,601.9954291791448,89.3401215031334,7.4072475,0.65635675,25.996344,1.2423594,18.81006636727768,0.8032127125221542,20.13418206981711,1.2695868327787225,9.59257641113012e-07,4855.020673944236
2023-06-21,393.5435334441179,623.9355657684994,88.8059003372015,7.4234176,0.6520295,26.3416,1.2387741,19.024370481036847,0.8004066165041418,20.358729187652,1.266782894684247,4.824575546303309e-06,4855.02066911966
2023-06-22,428.0511573885658,660.9973037876146,88.23389471052464,7.1048045,0.6341444,25.676008,1.1003994,18.37658535674783,0.7128805346116844,19.67998214876464,1.179250450499052,2.8423714094737206e-08,4855.020669091236
2023-06-23,354.297522146961,543.8573590657014,87.73983126571878,7.188506,0.595012,23.946894,0.9732142,17.33616839967228,0.6343305898936371,18.589836817628328,1.10069129145302,2.9541779665509877e-12,4855.020669091234
2023-06-24,286.1478876184298,403.66900323603215,87.38753187092722,7.309655,0.6184392,24.456615,1.1505375,17.34376199066292,0.7204937958917136,18.597793356310927,1.1868545602185345,3.0827759967568692e-12,4855.020669091231
2023-06-25,277.2035989643093,449.0993665892361,87.0497959113477,7.4766793,0.6583457,27.155546,1.6252809,19.64483374912458,1.0359051400859869,21.008848479006748,1.5022879621036749,0.000341260969706601,4855.0203278302615
2023-06-26,221.87110000399338,924.249330495358,86.95320867671161,7.30314,0.6219106,20.750101,1.0714325,18.146978474278306,0.8723671953117204,19.439400842184934,1.3387349712700818,3.9933595586394335e-09,4855.020327826268
2023-06-27,122.80000000055206,959.896310495358,87.03167204084946,7.4683733,0.6415038,19.265593,0.9986683,17.927545596333335,0.8883833891977974,19.209479822767964,1.354749176385779,5.520576562890444e-10,4855.020327825716
2023-06-28,122.80000000002612,796.0503004953581,86.9263129511906,7.4275894,0.6801526,19.17179,1.0004176,17.60223237766924,0.8714700934772291,18.86861774427933,1.3378330336008313,2.6121107486229167e-11,4855.0203278256895
2023-06-29,122.80000016716222,696.0506304953581,86.78157636483532,7.8422785,0.715579,20.482376,1.0327028,18.58678741433256,0.884367192767746,19.900231146162128,1.3507391205889623,1.6716222260242363e-07,4855.020327658527
2023-06-30,122.80277439158243,626.637560495358,86.5903229795609,8.053148,0.7271941,22.32982,1.084706,19.99045498409335,0.9147607624626455,21.37098922755994,1.3811474205333967,0.0027743915824371217,4855.017553266945
2023-07-01,137.34744101361102,549.182250495358,86.57756582931043,7.9320664,0.70995104,23.534506,1.1237438,20.413074750677012,0.9100787502364249,21.813808774332898,1.3764702845781756,0.026981013611048786,4854.990572253333
2023-07-02,161.8179890674314,979.935530495358,86.64923595936513,7.747885,0.6489169,20.98293,1.0665421,19.10715817318731,0.9199922335201925,20.445473848491687,1.3863693593882958,9.06743142331225e-06,4854.990563185902
2023-07-03,122.80002040250369,1411.103830495358,87.5187972183262,8.032015,0.6487091,20.193083,1.0944897,19.219501973168914,1.0082064039533072,20.56318729808434,1.474584692676374,2.040250369685201e-05,4854.990542783398
2023-07-04,122.80007049533529,1817.8303404953583,87.76763112623495,7.9673157,0.6503674,20.172617,1.0935004,19.400284499175832,1.0251317878437807,20.75261061086024,1.4915119781178396,7.049533528832126e-05,4854.990472288063
2023-07-05,122.91758205875495,1085.853080495358,87.832034403415,8.18882,0.70855093,22.139723,1.0925589,20.721082125822644,0.9840997856845256,22.13653784913995,1.4504950025240189,0.11758205875495005,4854.872890229308
2023-07-06,127.90499810941515,862.288270495358,87.71283821875467,8.372526,0.73847914,23.67562,1.1193382,21.69889181592609,0.9794076931384771,23.161083499955126,1.4458153192659373,5.1049981094151535,4849.767892119893
2023-07-07,122.93332690902142,904.800060495358,87.85536460068435,8.19133,0.6615193,22.45336,1.1071728,20.747393081269845,0.9779438113128692,22.164106378318024,1.4443393477512916,0.1333269090214224,4849.634565210872
2023-07-08,123.2119218777059,789.918640495358,88.10901846262732,8.30726,0.67352194,22.990927,1.0769293,21.009607828948777,0.9360377609064291,22.438854094599737,1.4024365257133689,0.4119218777059005,4849.222643333166
2023-07-09,122.80027945144971,801.0628104953579,88.18852965136715,8.008037,0.60783535,21.38801,1.0388955,19.609538201794475,0.9044210246880579,20.971865925166057,1.3708034626464003,0.00027945144971579364,4849.222363881717
2023-07-10,146.47910000858803,248.35463049535795,88.58950974531488,8.059723,0.64805955,24.225996,1.1346596,18.228481231527425,0.7531198898408312,19.524799152627324,1.21948841850082,8.58806588913253e-09,4849.222363873128
2023-07-11,122.837341518336,338.2692504953579,88.98545557560915,8.471701,0.73936266,24.83134,1.1370909,20.473184269106603,0.8571115372597576,21.876791322269312,1.3235037817450772,0.03734151833600554,4849.185022354793
2023-07-12,133.23685548741702,429.7133404953578,89.05542656485164,8.415518,0.73630816,25.950205,1.2242389,21.800163548724615,0.9506007960838833,23.26719567540132,1.4170097699080975,10.436855487417015,4838.748166867375
2023-07-13,167.11929796978995,389.073090495358,89.12944873870104,8.415336,0.7059212,27.804213,1.6385868,21.978430762216558,1.1656999179118632,23.453983452322195,1.6321112925521857,44.31929796978995,4794.428868897586
2023-07-14,122.80000000000389,64.45793049535806,89.45984213680524,8.252628,0.7121733,32.777233,10.341636,16.694488531069517,3.590303517919995,17.91748684477925,4.056659153674511,3.894540214376506e-12,4794.428868897582
2023-07-15,122.80000000000508,64.63,90.38156056925975,8.692825,0.74119365,33.60121,11.268374,17.281786540640304,3.915812212101367,18.532855691629706,4.382172466075886,5.0867951754072654e-12,4794.428868897577
2023-07-16,122.80000000000433,64.63,91.05940645638255,8.336537,0.70655954,34.012707,16.132149,17.190247162285107,5.581949447598215,18.43694104390084,6.048308955803939,4.337883965482924e-12,4794.428868897572
2023-07-17,122.80000000000396,64.63,91.64410855838013,8.711784,0.7338116,32.580566,7.060028,16.942267121522068,2.481473473337044,18.177108404866694,2.947831009397151,3.970927034150508e-12,4794.4288688975685
2023-07-18,122.80000003300826,92.95760000000008,92.10718352041715,8.266098,0.7349739,31.726877,4.9308295,18.374004892506772,2.1652055930492407,19.677278347153734,2.6315754845518122,3.3008268398814207e-08,4794.42886886456
2023-07-19,123.73873629224168,214.1208304953581,92.4677852079971,8.6050415,0.77638423,28.439371,1.7956748,21.175184678313162,1.173006706553149,22.612344951367593,1.6394075504206853,0.9387362922416876,4793.4901325723185
2023-07-20,123.04354061533049,277.3137804953581,92.73290111702545,8.564672,0.7452207,26.318317,1.3613664,20.86201321341406,0.9703872485922619,22.28420496096941,1.4367841865545314,0.24354061533048774,4793.246591956988
2023-07-21,138.95827780222785,329.883890495358,92.96523582209775,8.290045,0.74019766,24.429377,1.1507345,19.645903813452517,0.8388680701259864,21.009969688751728,1.3052509038095488,0.000383110627860265,4793.24620884636
2023-07-22,138.9581479163888,381.2091804953579,93.15252905279833,8.537037,0.78590083,23.606852,1.0527799,19.581082516005498,0.79959359510208,20.94205015486726,1.2659757244643683,0.00025322478883026004,4793.245955621571
2023-07-23,146.98958379900847,393.8418604953581,93.19863935630751,8.625704,0.7780808,24.162691,1.0556576,19.939979361127687,0.7973020300073108,21.3181010423588,1.2636881193318494,0.0022691074085333033,4793.243686514163
2023-07-24,169.50880425883878,481.7772504953581,93.14927186833249,8.441137,0.7283388,24.131105,1.0450405,20.04751156490793,0.7959526610932639,21.430772917899287,1.2623399655702745,0.0041795672388252195,4793.239506946924
2023-07-25,138.9579214079993,574.4259604953581,93.18585125347309,8.514435,0.7443564,21.842863,0.9848139,19.24665824170611,0.8061312032027459,20.59164154342856,1.272509775182384,2.6716399291074627e-05,4793.239480230524
2023-07-26,166.0828390936768,475.2724304953581,93.19321048663404,8.776287,0.7747342,24.2023,1.0503433,20.207639688483276,0.8037902212941561,21.59855461841093,1.270179359778622,0.010144402076790768,4793.229335828448
2023-07-27,216.6384535585944,275.67458049535804,93.3252896880313,8.616207,0.69173497,28.897966,1.4187757,19.97313876900079,0.8507720143415509,21.352845356578474,1.317158476969428,0.0027588669943625246,4793.226576961453
2023-07-28,167.80824507879348,510.170680495358,93.40542328274604,8.786079,0.72545755,25.677086,1.1062587,21.49635097987645,0.8515913887206495,22.948861904293526,1.317996354663232,2.9657003871934644,4790.26087657426
2023-07-29,245.00526670174378,297.219130495358,93.48941980016589,8.397034,0.6945443,30.384874,1.8750654,20.4496209854833,1.074657988444684,21.85210179423587,1.5410499540572724,0.03552201014373932,4790.225354564116
2023-07-30,268.03160717810124,361.7883604953579,93.61343649075212,8.423981,0.7034097,28.065569,1.4952981,19.70672556242907,0.9096144546513283,21.073698509420613,1.3759979535675555,0.000562486501187401,4790.224792077614
2023-07-31,207.4240159738291,385.3154304953581,93.60683253293637,8.472305,0.7684013,24.996107,1.054581,19.21374631935913,0.7363893022269924,20.55715654369717,1.202767531023352,2.128222911811675e-05,4790.224770795386
2023-08-01,203.9569047006125,325.7701304953581,93.56218036130332,8.388874,0.81924146,24.38892,1.0152164,18.228539870842365,0.6994913505184949,19.524860594701067,1.165859879722769,9.012520302234172e-09,4790.2247707863735
2023-08-02,203.7045846922153,323.44739049535804,93.47643344656188,8.65831,0.8271281,23.7668,0.9976626,17.92850504473242,0.6905616634196011,19.210485129520816,1.1569274591834346,6.153120457629527e-10,4790.224770785758
2023-08-03,206.45290451610208,348.80765741328884,93.35338928229423,8.530203,0.84193444,23.661543,0.95989627,18.03551916242512,0.6794098993427634,19.322614156229765,1.1457766582389732,1.6208280415303625e-09,4790.224770784137
2023-08-04,204.2561252185083,362.78973502956336,93.24981067285813,8.632921,0.8001715,23.38052,0.9675634,18.06827342039504,0.6828491689983361,19.356933955765818,1.14921622530201,2.184385022283629e-09,4790.224770781952
2023-08-05,180.093304741409,286.3735504953581,93.20931145410614,8.644356,0.8039661,24.580988,1.0859993,18.42818046012407,0.7354296320289155,19.734043321713227,1.2018000370763302,4.980902391987782e-08,4790.224770732143
2023-08-06,181.20848885483656,402.4748283823242,93.06194164772477,8.925735,0.7640118,24.841581,1.1076667,19.900397839862634,0.799766455372239,21.27662765967994,1.2661521007403063,0.0018082998676469026,4790.222962432275
2023-08-07,660.7175946916045,80.15477049535797,93.15108265079164,8.555948,0.656447,38.112015,50.97733,11.753610688143292,5.546206321907037,12.74045193050713,6.012538724064503,4.519114724470473e-12,4790.222962432271
2023-08-08,468.24335469160445,77.41731929608393,93.53713500936608,8.114727,0.61243135,34.09286,32.972176,11.800456270124704,4.707458357916753,12.789536571173642,5.173790849249566,4.448142264516049e-12,4790.222962432266
2023-08-09,382.64624469160765,256.28521533260835,93.76640997047308,8.474735,0.71283907,30.706423,2.1312065,17.392206360369446,0.9555290645850733,18.648553201290632,1.4218902308977146,7.681287176247772e-12,4790.222962432259
2023-08-10,340.76939469200863,479.0417682576136,93.90501277396847,8.261093,0.7963348,24.727003,0.93646413,17.882648662040058,0.6395330255585021,19.16243696848796,1.1058984126207034,4.0862605693620246e-10,4790.222962431851
2023-08-11,583.4418737036606,524.1328615606183,93.74780505781884,8.47724,0.7647051,27.917648,0.9886839,17.676941191792377,0.617391699576258,18.946897384338246,1.083755282828907,6.064505628327601e-11,4790.22296243179
2023-08-12,548.0389737235663,562.9327366501732,93.55869601734965,8.302368,0.7276248,28.075668,0.9625319,18.321559358467105,0.6055601612186742,19.62232609586306,1.0719295587729474,1.9966343753935895e-08,4790.222962411824
2023-08-13,297.93738469224417,560.2285100034651,93.60879647482633,8.361965,0.7547158,23.02316,0.8922265,17.933098107777592,0.6386858691041154,19.215297725278944,1.1050517059367735,6.441703154725118e-10,4790.22296241118
2023-08-14,517.4752337259001,517.4977195034704,93.37975911535179,9.040195,1.1001192,27.626217,1.1084057,18.333408076306174,0.78083709639886,19.63474114191202,1.2472066052730093,2.2300078274767618e-08,4790.22296238888
2023-08-15,863.2558137056898,539.6924304953578,93.51988371285653,9.204561,1.2259774,32.232075,1.5533485,18.06288853292213,0.962355614142028,19.35129168907902,1.4287226214668545,2.0898175993583248e-09,4790.22296238679
2023-08-16,557.7427237192114,638.680260495358,93.56860230749508,9.24741,1.2717283,26.187778,1.0467476,18.29059873159975,0.8146802053457249,19.589885656865054,1.2810493127796438,1.561131477723726e-08,4790.222962371178
2023-08-17,594.2289637037131,506.2929004953581,93.46629433800082,9.326332,1.3728254,27.622042,1.0146241,17.743237004757408,0.8759827216338968,19.01636191054211,1.3423468809373809,1.1314663939624491e-10,4790.2229623710655
2023-08-18,1808.0711692427744,3983.9330902479446,94.52540131315827,11.740028,2.3128242,20.214186,1.2602928,17.568835526486833,1.1281537099772236,18.83362463777183,1.5945163646691438,0.13299553917445872,4790.089966831891
2023-08-19,616.1983737036046,2245.058803888094,95.04305149303275,11.031237,2.2938163,18.738817,1.2634879,17.078917976475637,1.1076430471107874,18.320290703569462,1.574001661234559,4.7163612316439355e-12,4790.089966831886
2023-08-20,644.435313954897,1677.497962832594,95.18909934288598,11.356371,2.3871782,19.852407,1.3138254,17.494395697301925,1.1575457374408686,18.75562683921171,1.623907760510363,0.020144922170759205,4790.069821909716
2023-08-21,635.6673864604841,1458.3519414713169,95.10225455322475,10.915295,2.296589,20.59327,1.3641633,17.655391553842826,1.1784029852850346,18.92431774735846,1.6447663823731409,5.226005697993966e-11,4790.069821909664
2023-08-22,613.7167987960455,1289.8776386592886,94.81357732039419,10.222416,2.1538503,20.686293,1.4091626,17.312750049197778,1.18064759369354,18.56529915005277,1.6470081020957479,6.006562060197223e-12,4790.069821909658
2023-08-23,544.2726355714725,982.0770670630478,94.59737599160184,9.766882,2.0734282,20.836336,1.4120132,16.889140419426834,1.1713387229547276,18.121442428015854,1.637695845653474,4.4391791537935294e-12,4790.069821909653
2023-08-24,522.9240379743687,835.9689826574318,94.38791272668404,10.211468,2.1177595,19.459799,1.2343383,15.900891265183311,1.1138874296013612,17.085958342360225,1.580237451522233,4.554746941190567e-12,4790.069821909648
2023-08-25,658.2079520654726,851.2037935260803,94.29573837050769,10.959221,2.402772,20.967035,1.1847953,16.602935805847423,1.2426771609040868,17.821558212248874,1.709032112270763,4.6093962271735224e-12,4790.069821909644
2023-08-26,514.7410437036046,733.1250604953581,94.22786571716884,10.67458,2.3437026,21.583862,1.2289943,17.083815756350152,1.2066413871363653,18.325422580579758,1.6730000402960274,4.676098375568797e-12,4790.069821909639
2023-08-27,513.0857437036045,644.217180495358,94.04657901688789,10.2793045,2.2367816,22.086283,1.2585931,16.85170492237536,1.2141859920055555,18.082217642172164,1.680542825369552,4.5081437168687366e-12,4790.069821909635
2023-08-28,516.5526037036045,610.149190495358,93.83310723750982,10.264866,2.2347226,21.539425,1.1640959,16.370441543332692,1.202949281121702,17.57795151872782,1.6693025375935284,4.529452115416167e-12,4790.06982190963
2023-08-29,518.0283337036045,612.3876104953581,93.64304053276955,9.880894,2.0686657,21.303799,1.1428155,16.069098601524587,1.1322470423083515,17.2622054143906,1.5985981939606062,4.4960871265628726e-12,4790.069821909626
2023-08-30,671.1582937036659,614.298980495358,93.52778063548905,9.942009,2.1084497,26.140743,1.5221587,17.68311881328447,1.319475784909438,18.95337027502052,1.7858394216276998,6.582580081473612e-11,4790.06982190956
2023-08-31,567.7379537036044,718.3533807942283,93.39403611960871,9.764009,2.094028,21.697393,1.2396029,16.429466639485018,1.1549501431856806,17.639797812709027,1.6213038240986957,0.0,4790.069821909556
2023-09-01,566.3648037036,795.6161967278761,93.19710975419862,9.965153,2.1533077,21.07669,1.1853547,16.456079961583995,1.1319293300250137,17.667683160631245,1.5982832036139116,,
2023-09-02,566.8932337036,794.3517900864101,92.97249284012656,10.016287,2.1849144,22.701334,1.192479,17.41862054784769,1.1455012678692946,18.676229896637953,1.6118626544944257,,
2023-09-03,557.5471037036,785.1665777438584,92.7313777997485,9.849731,2.1645145,24.657202,1.2070402,18.5085624069249,1.142812764261224,19.818267250799195,1.6091839374548087,,
2023-09-04,546.7887637036,753.2445761720874,92.47890081759273,9.763046,2.1022918,25.76212,1.2171489,19.032973898734863,1.1310055662105216,20.367743819306668,1.5973819321187053,,
2023-09-05,536.7867737035999,718.9034787031671,92.21674749650151,9.556284,2.0361404,26.520401,1.3243313,19.268522090044602,1.1543371180592727,20.614550408979802,1.6207159187050315,,
2023-09-06,520.7360837036,684.3689269266486,91.94483411969952,9.36824,1.97905,27.038153,1.4284433,19.402833889084004,1.1787081085575914,20.75528185289137,1.6450883259144755,,
2023-09-07,532.1244537036,590.959080495358,91.68031655354201,9.239658,1.7508912,27.454428,1.2901385,18.82414875794234,1.0719437703196404,20.148937550617294,1.538318030766027,,
2023-09-08,522.2956937036,554.9467204953579,91.45078018704722,9.293375,1.7876745,27.533726,1.2337264,18.6899812768949,1.0747948892095769,20.00835732260438,1.5411678232337827,,
2023-09-09,481.4908137036,466.7278104953581,91.25270765289653,9.403746,1.8717009,27.79806,1.263341,18.457710203366528,1.135772733982284,19.764984485740296,1.6021434203633493,,
2023-09-10,490.7642637036,570.9824904953581,91.04767105447806,9.8420105,2.0357149,25.87037,1.0768638,18.461686597466112,1.1048834423929406,19.769150937885215,1.5712541667337978,,
2023-09-11,502.4567537036,463.42185049535806,90.84692934490597,10.244856,2.227842,26.26274,1.3013147,17.930125114362127,1.3164220343921462,19.21218263294089,1.7827878446390613,,
2023-09-12,460.7615337036,540.848510495358,90.65703537258804,9.946232,2.154723,25.354498,1.3024359,18.26637379767702,1.2153709181687766,19.56450285390961,1.6817397993643306,,
2023-09-13,636.1248637036,853.353130495358,90.53090507453628,10.541681,2.217472,24.263624,1.5733021,18.40326969660064,1.3074244909119523,19.707941908846557,1.773794659406702,,
2023-09-14,491.6147837036,724.9723304953578,90.3846870403428,10.320137,2.2290301,21.519169,1.644782,16.993714370100662,1.331162431523434,18.23101465606372,1.797520370953889,,
2023-09-15,489.5654437035999,624.8317804953579,90.17101721767278,10.571913,2.3146942,20.464458,1.768992,16.118567772519448,1.4204925965453161,17.314039042657114,1.8868440866049676,,
2023-09-16,486.6391137036,574.419450495358,89.92915609857836,10.637854,2.3350165,21.034418,1.8507192,16.266184667709275,1.466527792756455,17.468711520833903,1.9328803092657432,,
2023-09-17,490.1436037036,561.3684404953581,89.67592749543556,11.011028,2.4548407,19.04717,1.4601114,15.301266069838613,1.384560451343495,16.45767311239424,1.8509067092738292,,
2023-09-18,547.4218137035999,761.849490495358,89.51722404538597,12.321369,2.650191,17.627182,1.4644556,15.40875892189393,1.397852471387998,16.57030375533187,1.8641993738265477,,
2023-09-19,130.94367790119998,683.5236004953581,89.68939467663463,10.816359,2.5200765,15.20864,1.1900551,14.50248343215844,1.0777799285711793,15.620711395134803,1.544121811104577,,
2023-09-20,457.6158137036,677.9498571072181,89.47588537253893,11.521393,2.6074078,17.5301,1.5788256,15.1086816848033,1.4115697961075462,16.255883852071026,1.877914932382181,,
2023-09-21,461.3803437036,645.3543099272871,89.23486243868894,11.536755,2.6497176,17.860704,1.4846399,15.22434878869076,1.4034470509055852,16.37707944813609,1.8697928557645047,,
2023-09-22,142.0017679012,616.9766686763489,89.31189443832268,10.664293,2.5317478,15.26519,1.1190103,14.404381104042615,1.0255886456565089,15.517920111081075,1.4919300411410124,,
2023-09-23,474.9013237036,573.2881220866852,89.04931899165918,11.794462,2.545764,16.076694,1.1844172,14.136551140865683,1.3228686282341624,15.237288791195212,1.7892087500683616,,
2023-09-24,720.2325837035999,727.8252904953582,88.84804652726778,12.333973,2.8164618,14.795564,1.571781,13.571221832990712,1.6082568579257583,14.644938674885383,2.074594560718302,,
2023-09-25,508.4853079012,897.8923804953582,89.15529992681849,12.539532,2.634467,12.747563,1.3656445,12.672348118953169,1.2913016333177803,13.703101869962921,1.7576362424853575,,
2023-09-26,571.8097737036001,794.9731004953579,89.14270738598914,12.89772,2.7482822,14.05493,1.2235513,13.57079750163027,1.3522024418108787,14.644494061936415,1.8185401429249954,,
2023-09-27,585.5332137036,714.2560969567604,89.01101547593638,13.054035,3.140782,15.07054,1.3110697,14.162138747397114,1.5877376768846536,15.26409939785199,2.0540779168546948,,
2023-09-28,572.1599437036,702.5855995633151,88.84363402612423,13.234699,3.2010915,15.492716,1.0352722,14.479222084033763,1.5459417271435252,15.596338234084707,2.01228349319571,,
2023-09-29,570.7290837035999,675.133843859481,88.66242849376471,13.84165,3.2415373,15.657151,0.8609886,14.825471170694698,1.5565196958599792,15.959136843494743,2.022863259706709,,
2023-09-30,548.4023937036,669.6706874804106,88.46935269607937,13.9920635,3.5006266,15.477806,0.97435427,14.808893204359041,1.6646039325548665,15.941766507037185,2.130947407200186,,
2023-10-01,530.2787837036,654.3150114567372,88.26160247072788,13.885111,3.6960847,16.561342,1.1981326,15.363337717355598,1.7819836985049655,16.522711572481224,2.248330326993765,,
2023-10-02,518.3347037036,622.4131756165104,88.0368764554061,13.706642,3.5764732,18.031286,1.1459036,16.066248080886236,1.7412073748106585,17.259218648609753,2.2075585070484265,,
2023-10-03,173.28398209879998,552.5911510509625,88.14735155922277,12.214193,3.2178328,15.861331,1.0149983,14.990670861450761,1.089563106633536,16.132232514762055,1.55590757654589,,
2023-10-04,496.3031737036,513.538570495358,87.89823856999196,12.470158,3.177935,22.061922,2.0663216,17.347893201677188,1.8824285043292612,18.602122025089837,2.3487893028317233,,
2023-10-05,484.8753337035999,491.87682049535806,87.63987018636159,12.223881,3.0769265,21.902117,1.5523189,17.097686200450752,1.7158524746581332,18.339955984494626,2.18221123851574,,
2023-10-06,204.5443120988,567.9281604953579,87.72880094180195,11.686829,3.003248,18.287874,0.8681247,16.53997202330231,1.0196888097308932,17.75558497612903,1.4860432959848409,,
2023-10-07,387.7894737036,193.71793049535805,87.83029212665751,11.8762245,2.4922671,22.582027,2.5291822,15.442655435967398,1.8633803483412448,16.605820406908613,2.3297274567578863,,
2023-10-08,387.7894737036,870.3507525916918,88.42039609658741,11.667072,2.5399888,15.267428,0.83864784,14.157710920894251,0.9744189591818107,15.259459936378057,1.4407591786553684,,
2023-10-09,387.7894737036,1187.8053273075209,88.6512185183746,11.600658,2.5421407,12.599856,0.7961116,12.35393118652506,0.8669936373831423,13.369465696618581,1.3333273723268804,,
2023-10-10,387.7894737036,1209.0082984858402,88.77945460085918,12.016926,2.635233,11.139372,0.6897605,11.352489767273493,0.8260242557990137,12.320158800783027,1.2923559971430922,,
2023-10-11,387.7894737036,1131.6395833219217,88.83169549143443,11.884775,2.7477562,11.161157,0.72551256,11.345838945935542,0.8853099321793139,12.313190092919818,1.3516416641176803,,
2023-10-12,387.7894737036,1023.1130302874028,88.8265939779315,12.19557,2.6975036,11.18806,0.6628765,11.46497606672172,0.8836017245017578,12.4380215608297,1.349933632590015,,
2023-10-13,415.0687215147548,933.8059999007512,88.74642906859582,12.029432,2.7631638,11.253341,0.73033136,11.49215558878093,0.9892329797891122,12.466500171134793,1.4555649303378688,,
2023-10-14,412.0893345826252,973.105925274934,88.65673505176662,11.868446,2.5764773,10.7007885,0.7393113,11.048161436070412,0.9258791172121811,12.001284615642797,1.3922104799778112,,
2023-10-15,442.6506937036,571.2833454972138,88.56473753532532,12.428463,2.7190015,11.453584,0.7592793,11.879184364105296,1.2617646692002247,12.872027598927978,1.7280973160537405,,
2023-10-16,413.2850537036,447.7208412799466,88.45640999497274,12.575521,2.8981175,12.347014,1.1832794,12.45669839758107,1.521107119781742,13.47714482907093,1.987441124202343,,
2023-10-17,387.7894737036,519.1053540284123,88.40099707078639,12.622887,2.861947,12.1501465,0.8919094,12.352290831671,1.3259930645154745,13.36774693840977,1.7923267952558062,,
2023-10-18,387.7894737036,609.2030070147669,88.28636009289025,12.469528,2.7622812,11.234329,0.86945707,11.71477132279274,1.1985904625645418,12.69975617625855,1.664922792690512,,
2023-10-19,404.6724537036,633.3122256973508,88.13520936876577,12.537178,2.8985837,10.435483,0.8996623,11.25485740123827,1.2563151151135812,12.217859941390868,1.7226467234641176,,
2023-10-20,415.9977437036,638.2069905095082,87.96461087042793,13.175911,3.260913,11.002444,0.8755988,11.860111859310864,1.3916877826672822,12.85204349360047,1.858020391193997,,
2023-10-21,427.1660137036,672.5638634014325,87.78424426506241,12.810545,2.758482,11.880599,0.82515174,12.24181618157194,1.184362001160389,13.251991977674674,1.6506954558928515,,
2023-10-22,412.3759637036,737.329969892415,87.61934932042583,12.388514,2.5074046,10.130229,0.7320581,10.940229404344315,1.0145214843630237,11.888193801747386,1.4808527383100913,,
2023-10-23,404.9861137036,711.8673554579118,87.455380946219,12.044525,2.6706085,8.952665,0.773191,10.073815351056869,1.0865858992171535,10.980368118401078,1.5529167624147453,,
2023-10-24,406.0917037036,656.6803733626591,87.26845086377682,12.239616,2.728422,8.604242,1.002434,9.993340967166604,1.2126653827789926,10.896047334048777,1.678996253261058,,
2023-10-25,418.0676537036,586.8559641600652,87.06107628746899,12.84337,3.146101,9.089462,1.0365903,10.651160649844908,1.442049274711208,11.58530854891501,1.9083803028453699,,
2023-10-26,418.9088337035999,561.9602168970673,86.84301268554272,13.39958,3.4348543,10.658971,1.0922635,11.829428183806254,1.5948536273795955,12.819893243293636,2.0611861751195897,,
2023-10-27,423.23066370359993,582.7522939571212,86.6166147440616,13.566057,3.5345302,11.626781,1.0814625,12.442661049814605,1.6136032712143242,13.462436544065502,2.079937238113806,,
2023-10-28,424.5677937036,539.4780766086582,86.38508256847372,13.178394,3.1029232,13.01517,1.2388219,13.087054381300213,1.53231824271441,14.137629674047714,1.998654164338961,,
2023-10-29,576.2671037036,641.7999541185427,86.17676042042834,12.354202,2.6893098,12.184537,1.4572409,12.264805545958193,1.4860435479558438,13.276080155093378,1.9523770589743368,,
2023-10-30,679.4914037036,972.550687640658,86.25203058912535,12.151768,2.3731494,9.267305,0.86360705,10.453696075607207,1.1005525295536245,11.378405843027627,1.566883458376787,,
2023-10-31,387.7894737036,1182.3474964467875,86.49982758976127,11.7198715,2.311271,8.098776,0.7039434,8.9931072537676,0.7789997178690606,9.848005868277202,1.2453312970809856,,
2023-11-01,412.3720437036,1153.661828397363,86.58453792481642,10.990692,2.0609922,6.1691995,0.67471945,7.438807246116491,0.7359271962218294,8.21941563336915,1.2022621474327955,,
2023-11-02,394.3226137036,1012.8079845517092,86.64467080532032,10.730135,2.0834115,5.075403,0.6764658,6.660038361375645,0.7602217076351909,7.403424258025949,1.226559387412945,,
2023-11-03,387.7894737036,851.2177215149331,86.67683963249875,10.741505,2.3329244,5.2532277,0.68340605,6.970970788791779,0.8680932399790733,7.729218192603243,1.3344297471578963,,
2023-11-04,387.7894737036,790.2345797216182,86.6821534478688,10.88715,2.2760918,6.868701,0.9349836,8.191519604600515,0.9771221475826628,9.008105069570233,1.4434551207573645,,
2023-11-05,387.7894737036,722.0686800078904,86.66339027473512,10.459541,2.1111493,7.3306274,0.91963744,8.423884144973893,0.9497881780495873,9.251575840675013,1.4161206715002501,,
2023-11-06,387.7894737036,654.9537499066812,86.61642777877823,10.3797455,2.1408174,6.1690493,0.94456166,7.734980006314656,0.9929008478274458,8.529744439088855,1.4592349434062577,,
2023-11-07,390.4693737036,613.126400495358,86.56423732110368,10.5269375,2.2325616,6.2969217,1.2042985,7.942695501670116,1.1383420545348086,8.747388025082406,1.6046756098870016,,
2023-11-08,387.7894737036,595.399110495358,86.48814382321545,10.037653,2.0218139,6.3776646,1.1354246,7.821238056919439,1.0529471412560012,8.620125329654151,1.5192810065034188,,
2023-11-09,390.3459237036,575.261730495358,86.39134605595919,10.421888,2.126883,5.335065,1.3278309,7.391408160466392,1.1683364178370468,8.169751033450646,1.6346715152952047,,
2023-11-10,387.7894737036,572.087120495358,86.2355820297408,10.084806,2.0381982,5.594891,1.2034277,7.408813745540015,1.0920057790742186,8.187988545992772,1.558340822529881,,
2023-11-11,393.0721537035999,568.6666904953581,86.03490214329554,9.893906,1.9170505,4.252297,1.264523,6.558078063989283,1.0830303937139711,7.29659060695836,1.5493684820826332,,
2023-11-12,401.7681337036,549.732090495358,85.83156191591993,9.371998,1.7880061,2.3032393,1.556036,5.288001548414125,1.1739693795122241,5.965808775478086,1.640313554038462,,
2023-11-13,411.0682537036,540.8056804953579,85.6160439114006,9.225393,1.7492069,1.0542731,2.0431721,4.582984207867503,1.3849695141964213,5.227094016034551,1.8513178634171592,,
2023-11-14,402.8874737036,522.579310495358,85.40361976231156,9.0490055,1.7064164,0.6831633,2.2591703,4.325101706213648,1.4762087840898503,4.956885612328873,1.9425588023314109,,
2023-11-15,387.7894737036,521.3424804953579,85.24107693643718,9.073568,1.8566532,1.3826361,2.4385688,4.66319679083455,1.6070817339584385,5.311140486274424,2.0734295795492637,,
2023-11-16,397.5464437036,520.0846204953581,85.05642009035837,9.060797,1.9696736,3.515442,2.711121,5.917862848849249,1.757622319160474,6.625775293000864,2.223963244818048,,
2023-11-17,406.9515637036,508.856020495358,84.85830238743524,9.01445,1.9484067,4.8213844,2.3753045,6.684630213978741,1.5784480496574183,7.42919151712043,2.044785632666665,,
2023-11-18,79.5707820988,559.289600495358,85.03582767469477,8.210749,1.5363933,6.1344495,0.91588384,6.393054890848627,0.8243281578957858,7.123679890245078,1.2906669327659495,,
2023-11-19,391.9362337035999,554.804380495358,84.86277193624394,8.487646,1.5622393,2.5033736,1.4935422,4.980771531144064,1.0882643170142188,5.643894213595791,1.5546102408893567,,
2023-11-20,69.85884354821579,547.4799061252945,85.01389282282487,7.8829603,1.3359418,2.061858,0.8760349,2.720581339347127,0.7914737291502018,3.275674656704622,1.2578358405913208,,
2023-11-21,422.9757737036,524.6622004953581,84.80306972805221,7.8463197,1.4039031,-0.19277775,1.191024,3.3954527182562977,0.9096644949320464,3.9828025805932503,1.3760211611556419,,
2023-11-22,244.7036420988,941.0186604953578,85.22018783662834,8.432074,1.4708608,2.0778077,1.2350907,3.3891703778013142,1.0261245312263,3.976219965739625,1.4924812457374417,,
2023-11-23,387.7894737036,840.2544374667291,85.27114883798943,8.566515,1.5034854,3.2346241,1.2149967,4.918318937715741,0.9573450398145538,5.578456599685105,1.4236913324932723,,
2023-11-24,387.7894737036,803.5540393403242,85.2407907117531,8.057764,1.3749728,2.1539342,1.2443081,4.075666327647105,0.9511570816854424,4.695528075319036,1.4175087866375933,,
2023-11-25,387.7894737036,684.2615787382082,85.18651415689604,7.9742646,1.3208221,0.8821782,1.502473,3.4475751053420454,1.0714146085645961,4.03741623961023,1.5377708759039217,,
2023-11-26,442.1832537036,728.8672304953582,85.1402965013164,7.6978383,1.2530161,-0.37565362,1.4207568,2.672859636808136,1.0029037627217283,3.225672019912747,1.4692662789235977,,
2023-11-27,889.2421737036001,2817.217930495358,85.92731926366567,7.609831,1.228289,-0.19491458,1.8140857,1.6775752360514828,1.4099944741600745,2.182816427009449,1.876366025597022,,
2023-11-28,399.6499737036,1693.6953486238451,86.14550088159494,6.921336,1.1555429,0.074207306,1.0435477,1.3814234841926638,0.8726648117433988,1.872509633755898,1.3390392703301317,,
2023-11-29,387.7894737036,1396.6152606841952,86.21943286587378,6.762505,1.1028215,-0.5542122,0.99496615,1.0358675958703376,0.8147846499350228,1.5104373551954762,1.2811626274216916,,
2023-11-30,387.7894737036,1204.6823846113248,86.27676399703132,7.148786,1.1439232,-0.257102,1.1454542,1.5463367270125101,0.9101940144088522,2.045305165854814,1.3765668417640011,,
2023-12-01,387.7894737036,1123.97333739412,86.27772287131566,7.3286767,1.1305224,1.2470031,1.3650038,2.8070421241697856,1.0554803302933993,3.3662679714903962,1.5218417150342904,,
2023-12-02,387.7894737036,1151.525239429228,86.23097737118462,7.6116576,1.1177789,2.7582796,1.0182505,3.980959308079228,0.8121127388530173,4.596294383955565,1.278465102861846,,
2023-12-03,511.6679037036001,2046.0401358312945,86.33106910682146,7.6851315,0.9928722,4.515336,0.7378227,5.1494516590731205,0.622746308318591,5.820636675035685,1.0890912583752197,,
2023-12-04,387.7894737036,2670.567597247153,86.73874354870162,7.059673,1.010921,4.9630604,0.8410788,5.228903843681447,0.7455347317697418,5.903886402474583,1.2118792344092288,,
2023-12-05,387.7894737036,1975.165910314043,86.8135605611147,6.627731,0.97556376,3.7688937,0.773893,4.238063366461427,0.6664056196676108,4.865687137462176,1.1327562183898996,,
2023-12-06,387.7894737036,1692.3236544784304,86.8089776362237,6.3760934,0.9204397,2.6951776,0.741751,3.3814000465924328,0.6273906783737546,3.9680782392605076,1.0937474526719257,,
2023-12-07,387.7894737036,1491.0584142292116,86.79152048486148,6.3968062,0.90567917,2.2774696,0.8232983,3.1276903390638973,0.679586049941544,3.702242074975357,1.1459448142834965,,
2023-12-08,387.7894737036,1362.282877546682,87.08392467564174,6.68681,0.9468529,2.5417604,0.73287475,3.46024052396432,0.6078386795299926,4.0506870219480815,1.074194850412096,,
2023-12-09,405.11160277423335,1271.5439319236348,87.38418201026235,6.8948436,0.95402944,3.2804928,0.7158546,4.153788109838855,0.5898014641066774,4.777383811653599,1.056152633137599,,
2023-12-10,604.2070245012712,2053.6047229150304,87.69226300034063,7.109981,0.82695335,4.2331657,0.869726,4.887159397838625,0.697809142363996,5.545807740315421,1.1641556207182695,,
2023-12-11,591.2420893591751,4317.514492845252,89.04155619014938,6.1967893,0.8037188,4.4300923,0.8849529,4.6428846308460825,0.7843602121274874,5.289857474472154,1.250708184556316,,
2023-12-12,877.3558785612694,2603.382147376363,89.02630514535507,6.350905,0.81003183,2.2543488,0.8482362,3.2869279451160582,0.6664750722106388,3.869090694270286,1.1328325789256901,,
2023-12-13,862.9572527590356,2447.9841563411696,88.7869300793403,6.220931,0.7839583,1.6726035,0.9362838,2.8580706332097656,0.7217785046106909,3.4197354688302557,1.188139464470053,,
2023-12-14,798.1318217259557,2264.115236454001,88.50002433125812,6.127685,0.76404065,1.6594366,0.95756745,2.8240229923599256,0.7354634410195902,3.384060467133831,1.2018246840411504,,
2023-12-15,722.070234872291,2099.167852838357,88.1880894683817,6.440033,0.778715,2.308754,0.7392688,3.3661172592574027,0.5850539466920589,3.952064986932458,1.0514108387815804,,
2023-12-16,596.8025008548386,1905.6562370586348,87.95836179202652,6.3360457,0.76987284,3.3972778,0.7170648,4.098134158471416,0.5760955575943669,4.719069791654312,1.04244710770052,,
2023-12-17,492.9389234582998,1918.983510151808,87.88623896143574,7.0347795,0.5746444,3.9598923,0.87763274,4.588325261637168,0.7080734385185578,5.232690353916927,1.1744217539758077,,
2023-12-18,1981.141708421776,10348.299651784597,93.94376414685553,7.0648646,0.64757264,5.619104,1.0013134,5.851414261687594,0.8468356853724558,6.556150690516014,1.3131769323676492,,
2023-12-19,1902.932211599858,6603.659115029757,97.58317439030702,6.5302405,0.6329568,4.0597095,0.7871334,4.612369576215561,0.6272414343928686,5.257883904540789,1.0935895982579331,,
2023-12-20,2712.9159479352,6195.212115029757,97.3119037538551,6.641683,0.6399025,3.2568035,0.85635734,4.287647900322342,0.6266323040396098,4.9176416425453935,1.0929825710081458,,
2023-12-21,2712.9159479352,5049.966015029759,96.38420578630112,6.8517447,0.62143534,1.7063776,0.8281358,3.5045433492652798,0.5808522702432493,4.097107370856795,1.0472081051672821,,
2023-12-22,2644.253824008117,3796.014215029758,95.1166836891034,7.0111985,0.60706925,0.93989515,1.0020634,3.4326589711377666,0.641073922706039,4.021787165179241,1.1074303038788162,,
2023-12-23,2340.323019684729,3189.678515029758,93.88247904678904,6.841245,0.57186687,1.6873087,1.0837078,3.8684791750422556,0.6702939700371717,4.478438085053526,1.136647130109715,,
2023-12-24,2034.2632626679083,3041.0726150297573,92.82177195621642,6.4064093,0.5309958,2.6008554,0.94535774,4.126172828215031,0.6051093445965006,4.748448613966274,1.0714607022727674,,
2023-12-25,1754.095859456388,2875.5695750297577,91.93304955029534,6.167346,0.51474863,2.9766917,0.89851713,4.185572480420691,0.5911814820319714,4.8106873664998115,1.0575324350172677,,
2023-12-26,682.9435326878504,2595.0847581384696,91.74151775480654,5.8866944,0.48617196,4.178053,0.70758027,4.534030818957455,0.5692470845448573,5.175800822473391,1.0355957447444466,,
2023-12-27,445.3778537035999,2235.915761988132,91.94589480996892,5.8258142,0.5004705,5.4295692,0.5879423,5.495387753715949,0.49727959969501695,6.183107332479059,0.9636226544061162,,
2023-12-28,873.0327737036,3158.950312003462,92.28649139213985,6.270404,0.560544,6.1846256,0.634404,6.203198920697749,0.5116430562508201,6.924749453711155,0.9779826594573032,,
2023-12-29,730.2113350222725,2865.195194028031,92.40220702463013,6.0768456,0.52596444,5.7952914,0.649558,5.852473854419761,0.52854269017408,6.557260928158742,0.9948839320055853,,
2023-12-30,860.5508332515064,2900.281995911681,92.36689629135341,5.8645453,0.4730543,5.1542277,0.6645014,5.31676205523273,0.5237580493730948,5.995943936209746,0.9901020656645926,,
2023-12-31,933.9879759948204,2704.1982295857697,92.12604101410568,5.7605104,0.481016,4.1078095,0.70846593,4.532087654254835,0.5408748906682129,5.1737647811403615,1.0072235632684068,,
